Tank ID,Tank Name,Tank Owner,District,Taluk,GPName,VillageName,Command Area (Ha),Tank Spread Area (Ha),Storage Capacity (MCFT),Designed Water Utilization (MCFT),Embankment Type,Embankment Height (m),Embankment Top Width (m),Embankment Length (m),Waste Weir Type,Kodi Length Details,Waste Weir Flow (cumecs)
KA07020032,Mangalore Tank,Minor Irrigation Department,Bagalkot,Badami,Mangalur,Mangalura,328,33.1,45.5,45.5,Zonal,16.38,2.44,124,Clear Overfall,30.47,103.85
KA02040004,Kulageri,Minor Irrigation Department,Bagalkot,Badami,Kulageri Cross,Kulageri,,,,, ,,,, ,,
KA02040042, ,Minor Irrigation Department,Bagalkot,Badami,Nandikeshwar,Govanaki,41,20.25,20,20,Zonal,8,2.5,210,Flush,59,66.4
KA02040050, ,Minor Irrigation Department,Bagalkot,Badami,Mamatageri,Kallapura .S.K,125,28.92,15.4,15.4,Zonal,11.3,2.4,760,Flush,36.95,41.62
KA02040031,Nandikeshwar,Minor Irrigation Department,Bagalkot,Badami,Nandikeshwar,Nandhikeshwara,58,15.4,8.04,8.04,Zonal,7.8,1.83,694,Flush,20,22.08
KA02040041,Kenduru,Minor Irrigation Department,Bagalkot,Badami,Kenduru,Kendhura,182,12.55,25,25,Zonal,6,1.5,520,Clear Overfall,57.27,92.17
KA02040048, ,Minor Irrigation Department,Bagalkot,Badami,Halakurki,Halakurki,,,,, ,,,, ,,
KA02040064,Bellikindi Tank,Minor Irrigation Department,Bagalkot,Badami,Kainakatti,Bellakandi,248,42.57,55.32,55.32,Zonal,11.91,2.44,457,Flush,95,107.51
KA02040022,Malagi,Minor Irrigation Department,Bagalkot,Badami,Hoolageri,Malagi,123,25.11,17.47,17.47,Zonal,9.48,2.44,680,Flush,39.62,45.09
KA02050002,Kalasakoppa Tank,Minor Irrigation Department,Bagalkot,Badami,Neeraboodihal,Karadigudda Sammatha Anavala,,,,, ,,,, ,,
KA02050008,Shirur,Minor Irrigation Department,Bagalkot,Bagalkot,Shirur,Shirura,67,93.91,9.45,9.45,Zonal,4,5,800,Clear Overfall,32,46.38
KA02050001,Muchakhandi Reservoir,Minor Irrigation Department,Bagalkot,Bagalkot,Neeralakeri,Muchakhandi,,,,, ,,,, ,,
KA02050020,Bairmatti,Minor Irrigation Department,Bagalkot,Bagalkot,Hallur,Byramatti,43,10,3.98,3.98,Zonal,,,,-,,
KA02050077,M.I. Tank at Achanur,Minor Irrigation Department,Bagalkot,Bagalkot,Bilkerur,Achanura,105,29,14.44,14.44,Zonal,8.63,2,745,Flush,36,39.38
KA02050045,Masstihal,Minor Irrigation Department,Bagalkot,Bagalkot,Rampur,Masthihala,,,,, ,,,, ,,
KA02020033, ,Minor Irrigation Department,Bagalkot,Bilgi,Janamatti,Janamatti,101,33.56,15.15,15.15,Zonal,10.75,2.55,278,Flush,31,37.24
KA02020027,Arakeri Site 1,Minor Irrigation Department,Bagalkot,Bilgi,Arakeri,Arakeri,132,25,1.27,1.27,Zonal,12.27,2.5,260,Flush,36.1,39.53
KA02070013, ,Minor Irrigation Department,Bagalkot,Guledagudda,Hanapur-Sp,Hanapura,,,,, ,,,, ,,
KA02070023,Tarvathi,Minor Irrigation Department,Bagalkot,Guledagudda,Parvati,Khanapura Sammatha Paravathi,,,,, ,,,, ,,
KA02070020,Ganjikere,Minor Irrigation Department,Bagalkot,Guledagudda,Parvati,Khanapura Sammatha Paravathi,,,,, ,,,, ,,
KA02070019,Kotekal,Minor Irrigation Department,Bagalkot,Guledagudda,Kotikall,Kotikalla,,,,, ,,,, ,,
KA02070009, ,Minor Irrigation Department,Bagalkot,Guledagudda,Kelavadi,Kelawadi (Kadapatti),,,,, ,,,, ,,
KA02060006,Hiremagi,Minor Irrigation Department,Bagalkot,Hungund,Hiremagi,Hiremagi,178,32.77,26.32,26.32,Zonal,9.43,1.85,570,Flush Escape,54,59.86
KA02060001,Basarikatti,Minor Irrigation Department,Bagalkot,Hungund,Muganur,Basarikatti,202,48.95,30.6,30.6,Zonal,8.39,2.43,731,Flush Escape,163.06,128.67
KA02060022,Bisanal,Minor Irrigation Department,Bagalkot,Hungund,Dhannur,Iddalage,97,26.7,17.72,17.72,Zonal,9.09,1.8,617,Flush Escape,40.22,45.3
KA02080017,Arasibiddi,Minor Irrigation Department,Bagalkot,Ilkal,Gudur-S.C,Gadura Sammatha Chikkanala,,,,, ,,,, ,,
KA07020031,Balakundi Tank,Minor Irrigation Department,Bagalkot,Ilkal,Balakundi,Balakundha,,,,, ,,,, ,,
KA02080024,Chikkakodagali,Minor Irrigation Department,Bagalkot,Ilkal,Chikka Kodagali,Chikkakodagal,,,,, ,,,, ,,
KA02080002,Kandgal,Minor Irrigation Department,Bagalkot,Ilkal,Kandagall,Kandhagalla,,,,, ,,,, ,,
KA02080023, ,Minor Irrigation Department,Bagalkot,Ilkal,Kandagall,Kandhagalla,,,,, ,,,, ,,
KA02080022, ,Minor Irrigation Department,Bagalkot,Ilkal,Kelur,Kelura,,,,, ,,,, ,,
KA02080025,Hiresangagutti,Minor Irrigation Department,Bagalkot,Ilkal,Hiresinganagutti,Hiresinganagutthi,,,,, ,,,, ,,
KA02010007,Todalabagi Kere,Minor Irrigation Department,Bagalkot,Jamkhandi,Todalabagi,Thodhalabagi,312,55.05,51.56,51.56,Zonal,14.76,3.66,647,Submerge,70,112.55
KA02010006, ,Minor Irrigation Department,Bagalkot,Jamkhandi,Kannolli,Gadhyala,193,12,28,28,Zonal,9.1,2.5,157,Drowned Channel,60.95,59.46
KA02010009,Tungal Kere,Minor Irrigation Department,Bagalkot,Jamkhandi,Tungal,Thungala,81,6.99,4,4,Zonal,9.1,3.66,157,Drowned Channel,12.19,18.4
KA02010044,Kuragod MI Tank,Minor Irrigation Department,Bagalkot,Jamkhandi,Kannolli,Kurugoda,96,9.4,6.54,6.54,Zonal,6.23,2,215,Submerge,20.5,23.04
KA02010005,Gaddyal (Hale)Kere,Minor Irrigation Department,Bagalkot,Jamkhandi,Gote,Ghote,56,21,3.96,3.96,Zonal,6.1,0.08,427,Drowned Channel,60.95,59.46
KA02010004,Kuragod Mere,Minor Irrigation Department,Bagalkot,Jamkhandi,Kannolli,Kennolli,,,,, ,,,, ,,
KA02010012, ,Minor Irrigation Department,Bagalkot,Jamkhandi,Gote,Ghote,60,18,4.27,4.27,Zonal,8.16,0,247,Flush Escape,247,805.66
KA02030004,Varchugal Kere,Minor Irrigation Department,Bagalkot,Mudhol,Lakshanatti,Varchagal+Puravara,226,34.5,34.55,34.55,Zonal,,,, ,110,204.24
KA02030002,Basavapattana,Minor Irrigation Department,Bagalkot,Mudhol,Lakshanatti,Laksanatti,369,45.8,35.87,35.87,Zonal,14.16,2.4,899,Ogee Weir,42.66,241.96
KA02030006,Bhantanur,Minor Irrigation Department,Bagalkot,Mudhol,Bhantanur,Bantanura,109,8.09,14.61,14.61,Zonal,9.5,1.85,181.35,Flush Escape,50.21,55.72
KA02030008,Metagu Kere,Minor Irrigation Department,Bagalkot,Mudhol,Metagudd,Metagudda,186,20.23,28,28,Zonal,,3.66,210.81,Flush Escape,39.41,70.76
KA12050013, ,Minor Irrigation Department,Ballari,Ballari,Belagallu,Belagallu,,,,, ,,,, ,,
KA12060001,Joga,Minor Irrigation Department,Ballari,Sandur,Thaluru,Joga,80,,19.36,19.36,Homogen eous,0,2.5,190,FOF escape,53.65,12.14
KA12060012,Sovinahalli,Minor Irrigation Department,Ballari,Sandur,Sovenahalli,Sovinahalli,63,106.18,68.89,68.89,Homogen eous,5.4,5.5,1000,Clear over fall,50.55,26.81
KA12060013,Chornur,Minor Irrigation Department,Ballari,Sandur,Choranuru,Choranuru,71,116.59,66.89,66.89,Homogen eous,6.3,5.5,1063,Flush type,90,34.88
KA12060010,Vaddinakatta,Minor Irrigation Department,Ballari,Sandur,Choranuru,Choranuru,46,49.23,17.67,17.67,Homogen eous,4.5,4,926,Bread Crested,56,32.45
KA12060009,Oblapura,Minor Irrigation Department,Ballari,Sandur,Bommagatta,Obalapura (K),40,30,12,12,Homogen eous,6.7,2.5,810,Flush type,34,22.93
KA12060014,Jiginahalli,Minor Irrigation Department,Ballari,Sandur,Yerrayyanahalli,Jiganihalli,41,41.34,15.23,15.23,Homogen eous,4.5,1.8,1263,Flush type,67,41.25
KA12060011,Chikkakereyaginahalli,Minor Irrigation Department,Ballari,Sandur,H.K.Halli,Chikkakereyaganahalli,92,210,120,120,Homogen eous,6,2.5,848,Bread Crested,90,17.35
KA12060007,Lakkalahalli,Minor Irrigation Department,Ballari,Sandur,Metriki,Hanumanahalli,100,9.31,13.86,13.86,Homogen eous,8.87,2.5,750,Flush type,36,40.6
KA12060041,Ankamanhal Tank,Minor Irrigation Department,Ballari,Sandur,Kalingere,Ankammanahalli,400,40.86,60.87,60.87,Homogen eous,16.83,2.5,278,Oogee weir,53,102.22
KA12060111,Hulikunta Tank,Minor Irrigation Department,Ballari,Sandur,Nidugurthi,Hulikunte,45,71.26,60.97,60.97,Homogen eous,8.53,2.5,860,Flush type,50,21.37
KA12060091,Rajapuram,Minor Irrigation Department,Ballari,Sandur,Rajapura,Rajapura,150,12.5,18,18,Homogen eous,14.36,2.5,591,Oogee weir,21,61.02
KA12060006,Metriki,Minor Irrigation Department,Ballari,Sandur,Metriki,Petrike,210,16.82,13.43,13.43,Homogen eous,9.43,2.5,100,Flush type,100,112.98
KA12060005,Ragavapura,Minor Irrigation Department,Ballari,Sandur,Yashwanthnagara,Yashwanthanagara,,,,, ,,,, ,,
KA12060004,Ubbalagundi,Minor Irrigation Department,Ballari,Sandur,Rajapura,Ubbalagundi,177,9.17,21.84,21.84,Homogen eous,1.81,2.5,530,FOF escape,51,31.67
KA12060003,S.Hulikunta,Minor Irrigation Department,Ballari,Sandur,Devagiri,North Eastern Block(F),797,51.35,91.04,91.04,Homogen eous,20.54,2.5,550,FOF escape,60,116.4
KA12060015,Avinamadagu,Minor Irrigation Department,Ballari,Sandur,Vittalapura,Havinamadugu,94,221.69,112.69,112.69,Homogen eous,7.6,5,1260,Bread Crested,90,343.33
KA12060002,Anthapura,Minor Irrigation Department,Ballari,Sandur,Anthapura,Marutla,91,,3.76,3.76,Homogen eous,9,2.5,525,Clear over fall,25,13.49
KA12060008,Kodalu,Minor Irrigation Department,Ballari,Sandur,Devagiri,Kodalu,80,15.44,8.79,8.79,Homogen eous,8.5,2.5,330,Flush escape,22,20.78
KA01020009, ,Minor Irrigation Department,Belagavi,Athni,Nandagaon,Nandhagaov,98,10.3,9.1,9.1,Zonal,7.8,2.4,246,Flushescape,,836
KA01020035,Chikkatti,Minor Irrigation Department,Belagavi,Athni,Athani (Grameen),Athani,102,9.46,3.5,3.5,Zonal,7,1.34,265,Flushescape,,2130
KA01020040,Yallammavadi Tank,Minor Irrigation Department,Belagavi,Athni,Suttatti,Kokatanura,260,71,45.43,45.43,Zonal,10.3,2.5,775,Flushescape,,7403
KA02010038,Khajibilagi Tank,Minor Irrigation Department,Belagavi,Athni,Artal,Halahalli,111,13.86,17.18,17.18,Zonal,11.24,2.5,224,Flush,30,37.6
KA01020055, ,Minor Irrigation Department,Belagavi,Athni,Athani (Grameen),Athani,,,,, ,,,, ,,
KA01020059, ,Minor Irrigation Department,Belagavi,Athni,Artal,Halahalli,40,6.34,4.07,4.07,Zonal,10,2.5,160,Flushescape,,793
KA01020016,Artal (Bannad Nalla),Minor Irrigation Department,Belagavi,Athni,Artal,Aratala,157,7.2,7.2,7.2,Zonal,7.48,1.8,255,Flushescape,,1200
KA01020034,Gajnkodi,Minor Irrigation Department,Belagavi,Athni,Athani (Grameen),Athani,77.5,13.6,5.5,5.5,Zonal,7.8,2.4,246,Flushescape,,953
KA01020025,M.I.  Artal (Vajrad Nala),Minor Irrigation Department,Belagavi,Athni,Artal,Aratala,59,9.1,14.24,14.24,Zonal,11.6,13.04,342,Flushescape,,600
KA01020018,Jokarahatti,Minor Irrigation Department,Belagavi,Athni,Telsang,Thelasanga,58,8.1,6.44,6.44,Zonal,6.45,1.8,295,Flushescape,,403
KA01020006, ,Minor Irrigation Department,Belagavi,Athni,Athani (Grameen),Athani,,,,, ,,,, ,,
KA01020032,M.I.  Bharmakodi,Minor Irrigation Department,Belagavi,Athni,Athani (Grameen),Athani,91,10.12,10.5,10.5,Zonal,7.9,1.8,303,Flushescape,,533
KA01020030,Yankachi,Minor Irrigation Department,Belagavi,Athni,Chamkeri,Chamakeri,81,3.46,7.37,7.37,Zonal,9.48,1.9,272,Flushescape,,2000
KA01020015,Yelihadalagi,Minor Irrigation Department,Belagavi,Athni,Yalihadalagi,Yalihadagali,102,33.6,25.01,25.01,Zonal,8.7,1.8,531,Flushescape,,3500
KA01020039,Aigali Tank,Minor Irrigation Department,Belagavi,Athni,Telsang,Thelasanga,356,43.6,44.33,44.33,Zonal,15.2,2.4,526,Flushescape,,3883
KA01020033,Parthanahali Site II,Minor Irrigation Department,Belagavi,Athni,Partanahalli,Parthanahalli,59,11.6,6.98,6.98,Zonal,9.15,1.8,415,Flushescape,,689
KA01020031,Parthanahali Site I,Minor Irrigation Department,Belagavi,Athni,Partanahalli,Parthanahalli,48,8.4,3.62,3.62,Zonal,9.15,1.8,324,Flushescape,,822
KA01020020,Padatarwadi,Minor Irrigation Department,Belagavi,Athni,Aigali,Aigali,106,6.4,3.24,3.24,Zonal,6.04,3.3,322,Flushescape,,836
KA01020026,Adahalli,Minor Irrigation Department,Belagavi,Athni,Adahalli,Adahalli,157,0.9,3.43,3.43,Zonal,6.61,1.8,110,Flushescape,,606
KA01020037,Madhabhavi,Minor Irrigation Department,Belagavi,Athni,Madbhavi,Madhabamvi,43,12.4,5.91,5.91,Zonal,7.45,1.8,415,Flushescape,,693
KA01020023,Gundewadi Site II,Minor Irrigation Department,Belagavi,Athni,Gundewadi,Gundewadi,74,10.3,4.3,4.3,Zonal,7.95,1.8,609,Flushescape,,794
KA01020029,M.I.  Madhabhavi,Minor Irrigation Department,Belagavi,Athni,Madbhavi,Madhabamvi,130,36.9,21.16,21.16,Zonal,9.78,2.5,555,Flushescape,,2312
KA01020017,Adalatti,Minor Irrigation Department,Belagavi,Athni,Adahalli,Adahalli,102,28,24,24,Zonal,10.56,1.8,550,Flushescape,,1982
KA01020014,Kakamari (Old),Minor Irrigation Department,Belagavi,Athni,Kakamari,Kakamari,74,8.75,9,9,Zonal,9.31,1.85,325,Flushescape,,3997
KA01020013,Kohalli (Jognalla),Minor Irrigation Department,Belagavi,Athni,Kohalli,Kohalli,125,9.9,8.71,8.71,Zonal,8.96,1,192,Flushescape,,836
KA01020027,Gundewadi Site I,Minor Irrigation Department,Belagavi,Athni,Gundewadi,Gundewadi,52,12,6.57,6.57,Zonal,6.7,1.8,607.5,Flushescape,,1010
KA01020028,M.I. Chamakeri,Minor Irrigation Department,Belagavi,Athni,Balligeri,Baligeri,124,28,16.43,16.43,Zonal,9.23,2,734,Flushescape,,1498
KA01020038,Kohalli Tank,Minor Irrigation Department,Belagavi,Athni,Kannala,Ramathirtha,613,96,75.73,75.73,Zonal,14.4,2.3,659,Flushescape,,9580
KA01020005, ,Minor Irrigation Department,Belagavi,Athni,Kakamari,Kakamari,50,6.5,4.51,4.51,Zonal,8.47,2.5,135,Flushescape,,30.3
KA01020024,Araliahatti,Minor Irrigation Department,Belagavi,Athni,Aralihatti,Aralikatte,72,5.5,3.8,3.8,Zonal,5.79,1.6,367,Flushescape,,450
KA01020004, ,Minor Irrigation Department,Belagavi,Athni,Malabad,Malabadha,,,,, ,,,, ,,
KA01020019,Anantpur,Minor Irrigation Department,Belagavi,Athni,Anantapur,Ananthapura,163,28.4,10.7,10.7,Zonal,1.3,1,520,Flushescape,,1982
KA01020036,Badachi Site I,Minor Irrigation Department,Belagavi,Athni,Athani (Grameen),Athani,89.8,23,11.04,11.04,Zonal,226,1.4,246,Flushescape,,955
KA01090002,Kadasagatti Tank,Minor Irrigation Department,Belagavi,Bailhongal,Turakarshigihalli,Kadasaghatti,165,35.5,10.42,32.72, ,13.72,3.66,712,Clear overfall,,
KA01090014,Nanagundikoppa,Minor Irrigation Department,Belagavi,Bailhongal,Dodavad,Nanagundhikoppa,64.8,10.12,5,5, ,8.24,1.8,245,Flus escape,,
KA01090058,Dodwada,Minor Irrigation Department,Belagavi,Bailhongal,Dodavad,Doddawada,,,,, ,,,, ,,
KA01090001,Siddasamudra,Minor Irrigation Department,Belagavi,Bailhongal,Belavadi,Siddasamudra,490,104.5,66.3,66.33, ,13.72,2.4,470,Flus escape,,
KA01090008,M.I.  Holihosur,Minor Irrigation Department,Belagavi,Bailhongal,Holihosur,Hooli Hosura,42.36,3.24,7,7, ,2.44,3.05,765,Sloping apron,,
KA01090026, ,Minor Irrigation Department,Belagavi,Bailhongal,Holihosur,Hooli Hosura,,,,, ,,,, ,,
KA01090007,M.I Gaddikaravinkoppa,Minor Irrigation Department,Belagavi,Bailhongal,Chikkabagevadi,Geddhikeravinakoppa,53.02,4.01,2.74,2.74, ,6.24,1.83,81.2,Flus escape,,
KA01090017,Benachinmardi,Minor Irrigation Department,Belagavi,Bailhongal,Chikkabagevadi,Benajinamardi,53.05,6.07,5.16,5.16, ,9.61,1.83,457.5,Flus escape,,
KA01090020,Sampagaon,Minor Irrigation Department,Belagavi,Bailhongal,Chivatgundi,Sanikoppa,64.8,8.5,1.82,3.92, ,9.15,3.66,510,Flus escape,,
KA01090006,M.I Naganur,Minor Irrigation Department,Belagavi,Bailhongal,Naganur,Naganura,70,13.36,12.4,12.4, ,11.36,2.4,622,Flus escape,,
KA01090003,Harinala Dam,Minor Irrigation Department,Belagavi,Bailhongal,Tigadi,Thigadi,,,,, ,,,, ,,
KA01090010,M.I Deshnur,Minor Irrigation Department,Belagavi,Bailhongal,Sutagatti,Hogarthi,315,20.8,30.4,30, ,10.68,2.5,706,Clear overfall,,
KA01090018,Percolation Nelaganti,Minor Irrigation Department,Belagavi,Bailhongal,Deshanur,Mohare,,,,, ,,,, ,,
KA01090012,Gajaminal (P),Minor Irrigation Department,Belagavi,Bailhongal,Hanabarahatti,Gajiminahala,52.63,15,6.63,6.63,Zonal,4.9,1.8,580,Flushescape,,889
KA01090019,T Mastamardi,Minor Irrigation Department,Belagavi,Bailhongal,Hanabarahatti,Gajiminahala,54,6.4,3.24,3.24,Zonal,6.04,3.3,322,Flushescape,,836
KA01090013,Vannur (P),Minor Irrigation Department,Belagavi,Bailhongal,Vannur,Vannura,89,9.9,8.71,8.71,Zonal,8.96,1,192,Flushescape,,836
KA01060160,Marihal,Minor Irrigation Department,Belagavi,Belagavi,Marihal,Marihala,164.4,14.17,23.61,15.38, ,13.4,2.5,435, ,,
KA01060176,Muchandi,Minor Irrigation Department,Belagavi,Belagavi,Mucchandi,Mucchandi,80.16,2.04,2.79,5, ,3,1.8,3000, ,21.35,
KA01060153,Basurti,Minor Irrigation Department,Belagavi,Belagavi,Uchagaon,Uchagaov,68.39,5.5,6.16,34.4, ,9.68,4.45,359, ,,
KA01060175,Gojage,Minor Irrigation Department,Belagavi,Belagavi,Ambewadi,Gojige,128.74,6.88,7.29,13.8, ,4.3,1.8,365.5, ,9.15,
KA01060157,Mutyanatti,Minor Irrigation Department,Belagavi,Belagavi,Kakti,Kakathi,113.36,5.39,4.4,4.4, ,9.76,1.8,368, ,25.62,
KA01060158,Kakati,Minor Irrigation Department,Belagavi,Belagavi,Kakti,Kakathi,57.48,,,, ,,,, ,,
KA01060152,T Awad,Minor Irrigation Department,Belagavi,Belagavi,Bekkinkeri,Atthiwada,125,6.8,15.83,13.53,Zonal,14.68,2.5,325,Flush escape,60,37.08
KA01060159,Kadoli,Minor Irrigation Department,Belagavi,Belagavi,Kadoli,kadoli,59.19,3,7,7.3, ,4,1.8,457, ,16.27,
KA01060052,Angol,Minor Irrigation Department,Belagavi,Belagavi,ULB-Belagavi-CC,Anagola,78.61,6.07,9.7,656, ,3,3,648, ,,
KA01060173,Halaga,Minor Irrigation Department,Belagavi,Belagavi,Halaga,Halage,64.38,4.04,7.95,7.95, ,3.5,1.8,805, ,,
KA01090009,Karadiguddi,Minor Irrigation Department,Belagavi,Belagavi,Kardiguddi,Karadigudda,83,3.05,8.97,12.9, ,0,0,0, ,,
KA01060161,Savagaon,Minor Irrigation Department,Belagavi,Belagavi,Benkanhalli,Savagaov,41,,2.75,2.5, ,0,0,0, ,,
KA01060174,Kudach,Minor Irrigation Department,Belagavi,Belagavi,ULB-Belagavi-CC,Kudachi,47.52,4.6,6.6,5.85, ,2.2,2,500, ,8.6,
KA01060165,Nilaji,Minor Irrigation Department,Belagavi,Belagavi,Nilaji,Nilaji,41.44,5.31,5.1,5.1, ,3,1.8,390, ,6,
KA01060163,Majangaon,Minor Irrigation Department,Belagavi,Belagavi,ULB-Belagavi-CC,Majagaov,117.4,4,2,14.5, ,2.5,1.8,750, ,15,
KA01060155,Khadarwadi,Minor Irrigation Department,Belagavi,Belagavi,Peeranwadi,Peeranawadi,135.57,8.5,10.8,22, ,10.02,2.5,482, ,11,
KA01060164,Dhamane,Minor Irrigation Department,Belagavi,Belagavi,Dhamne S,Thamani (A),209,4.71,9.21,10.42, ,4.3,2.8,365.5, ,13.72,
KA01060172,Machhesy,Minor Irrigation Department,Belagavi,Belagavi,Macche,Majje,159,,21.37,12.9, ,1.2,12.9,3, ,190,
KA01060180,Kanvikervinkoppa Tank,Minor Irrigation Department,Belagavi,Belagavi,Kk Koppa,Kanavi Kavinakoppa,273,20.71,15.1,11.75, ,16.76,2.5,454, ,,
KA01060181,Yallur Tank,Minor Irrigation Department,Belagavi,Belagavi,Yallur,Elluru,282,8.29,13.43,13.34, ,15.5,2.45,393, ,68.62,
KA01060171,Sinbhavi,Minor Irrigation Department,Belagavi,Belagavi,Hirebagewadi,Siddanabavi,265,15.38,18.77,14.67, ,13.46,2.44,668, ,76.25,
KA01060162,Yallur,Minor Irrigation Department,Belagavi,Belagavi,Yallur,Elluru,95.14,2,11.75,, ,3.66,2,641, ,30,
KA01060170,M.I.  Bhendigeri,Minor Irrigation Department,Belagavi,Belagavi,Bendigeri,Bendigeri,85.59,8.01,10,10.2, ,4.27,2.44,586.74, ,30.48,
KA01060168,Deshnur,Minor Irrigation Department,Belagavi,Belagavi,Desur,Desura,65.4,,9.24,10.5, ,1.8,10.5,3.5, ,480,
KA01060035, ,Minor Irrigation Department,Belagavi,Belagavi,Badas (Kh),Badasa (Ka),,,,, ,,,, ,,
KA01060167,Hanumantana Keri,Minor Irrigation Department,Belagavi,Belagavi,Badas (Kh),Badasa (Ka),65.27,4.58,8.06,8.06, ,3.66,2.74,384, ,0.64,
KA01060055,Deshnur,Minor Irrigation Department,Belagavi,Belagavi,Desur,Desura,68.43,,10.5,12.5, ,3.5,1.8,250, ,,
KA01060169,Mutnal,Minor Irrigation Department,Belagavi,Belagavi,Mutnal,Muthanala,263.11,5.01,2,, ,3.94,2.43,259.14, ,,
KA01010002,M.I.  Bhainkanawad,Minor Irrigation Department,Belagavi,Chikodi,ULB-Sadalga-TMC,Sadhalaga,90,19.5,12.33,12.33,Zonal,8.39,2.4,460,Flushescape,,2760
KA01010001,Percolation Banantikodi,Minor Irrigation Department,Belagavi,Chikodi,Kerur,Kerura,62.72,4.8,2.5,2.5,Zonal,10.2,2.5,230,Flushescape,,255
KA01010008,M.I.  Nej,Minor Irrigation Department,Belagavi,Chikodi,Nej,Neja,107,14,9.5,9.5,Zonal,7,1.37,359.4,Flushescape,,786
KA01050050,Alur K.M (Shidlagondal),Minor Irrigation Department,Belagavi,Chikodi,Hattarawat,Manganura,,,,, ,,,, ,,
KA01010024, ,Minor Irrigation Department,Belagavi,Chikodi,Pattanakudi,Pattanakudi,100,10.87,6.75,6.75,Zonal,14.11,2.5,170,Flushescape,,611
KA01010004,Vadral Site I,Minor Irrigation Department,Belagavi,Chikodi,Wadral,Vadrala,202,17.3,17.36,17.36,Zonal,13.44,2.44,356.85,Flushescape,,
KA01010009,Percolation Meerapuhatti,Minor Irrigation Department,Belagavi,Chikodi,ULB-Kabbur-TP,Kabbura,46,11.65,6.23,6.23,Zonal,2.47,1.83,420,Submerged,,926
KA01010005,Percolation Jainapur Site  I,Minor Irrigation Department,Belagavi,Chikodi,Jainapur,Jainapura,71,13,9.73,9.73,Zonal,9.56,2.44,246,Flushescape,,774
KA01010011,M.I.  Nainglaz,Minor Irrigation Department,Belagavi,Chikodi,Naingalaj,Nayinglaja,186,15,19.95,19.95,Zonal,14.44,2.14,347.7,Flushescape,,1410
KA01010026, ,Minor Irrigation Department,Belagavi,Chikodi,Karagaon,Chanaviranahatti,45,10.05,5.7,5.7,Zonal,9.1,1.83,261,Flushescape,,410
KA01010006,Percolation Jainapur Site  II,Minor Irrigation Department,Belagavi,Chikodi,Jainapur,Jainapura,53,3.6,3.04,3.04,Zonal,8.4,1.18,166,Flushescape,,444
KA01010010,Percolation Laxmikodi Meerapurhatti,Minor Irrigation Department,Belagavi,Chikodi,ULB-Kabbur-TP,Kabbura,,,,, ,,,, ,,
KA01010014,Percolation Chinchani,Minor Irrigation Department,Belagavi,Chikodi,Chinchani,Chinchani,61,1.62,2,2,Zonal,9,1.83,190,Flushescape,,222
KA01010007,Percolation Umarani Madikodi,Minor Irrigation Department,Belagavi,Chikodi,ULB-Chikkodi-TMC,Chikkodi,40,5,2,2,---,9.83,2.5,75,F.F ,,200
KA01010013,Percolation Chinchani,Minor Irrigation Department,Belagavi,Chikodi,Chinchani,Chinchani,76,6.5,7.66,7.66,Zonal,11.11,2.4,279,Flushescape,,1530
KA01010003,Percolation Jodakurali,Minor Irrigation Department,Belagavi,Chikodi,Jodakurali,Jodakurali,45,2.63,2.5,2.5,Zonal,9.97,2.5,128,Flushescape,,23.58
KA01010021, ,Minor Irrigation Department,Belagavi,Chikodi,Kerur,Kerura,,,,, ,,,, ,,
KA01010060,M.I. Tank at Jodatti,Minor Irrigation Department,Belagavi,Chikodi,Kerur,Kerura,,,,, ,,,, ,,
KA01010012,Percolation Muguli,Minor Irrigation Department,Belagavi,Chikodi,Mugali,Mugali,89,9.6,11.75,11.75,Zonal,12.33,1.83,242,Flushescape,,650
KA01040024,M.I.  Koujalagi,Minor Irrigation Department,Belagavi,Gokak,Koujalagi,Koujalagi,131,27.04,18.54,16.85, ,9.86,2.5,375,clear overfall,,86.42
KA01040022,M.I.  Hosur K,Minor Irrigation Department,Belagavi,Gokak,Tavag,Kythanala,125,14.6,18.37,16.7, ,10.85,2.5,930,Flush escape,,66.62
KA01040025,M.I.  Hulikatti,Minor Irrigation Department,Belagavi,Gokak,Kolavi,Hulikatte,58,22.4,12.52,11.38, ,6.3,1.83,230,Board crest,,29.44
KA01040029,Hanamapur Tank,Minor Irrigation Department,Belagavi,Gokak,Makkalageri,Makkalageri,263,52.76,37.79,34.35, ,10.45,1.8,375.75,Clear overfall,,102.47
KA01040026,M.I.  Midkanatti,Minor Irrigation Department,Belagavi,Gokak,Midakanatti,Khanagaov,53,11.75,7.22,6.57, ,9.4,1.83,445,Flush escape,,25.2
KA01040013,Shiltibavikere,Minor Irrigation Department,Belagavi,Gokak,Shiltibhavi,Shilthibhavi,133,28.47,18.23,16.57, ,10.52,2.44,701.5,Sloping apron,,53.82
KA01050007,M.I. Gutaguddi,Minor Irrigation Department,Belagavi,Hukeri,Shahabandar,Gutagundhi,134,18.63,18.42,16.42, ,10,1.83,265,Flus escape,,
KA01050004,Dhondgatti,Minor Irrigation Department,Belagavi,Hukeri,Kot,Dhondagatti,47,4.04,3.19,8.14, ,3,530,,Flush escape,,
KA01050026,Karguppi,Minor Irrigation Department,Belagavi,Hukeri,Karaguppi,Karaguppi,46.42,1.58,0.32,0.1, ,7.1,2.5,313,FOC,,
KA01050025,Shattihalli,Minor Irrigation Department,Belagavi,Hukeri,Salamawadi,Shettyhalli,97,3.94,0.1,0.1, ,10.2,2.5,340,Sloping apron,,
KA01050027,Basapur,Minor Irrigation Department,Belagavi,Hukeri,Bassapur,Bassapura,59,3.24,4,5, ,,,, -,,
KA01050029,Bellad Bagewadi Site II,Minor Irrigation Department,Belagavi,Hukeri,Gudas,Gudasa,61,3.1,3.93,, ,,,,Flush escape,,
KA01050024,M.I  Basavanna Yelimunoli,Minor Irrigation Department,Belagavi,Hukeri,Yelimunnoli,Elimunavalli,57,2.67,2.47,0.21, ,10.26,2.5,186, ,,
KA01050037, ,Minor Irrigation Department,Belagavi,Hukeri,Kamatanur,Kamathanura,600,80.93,80.97,93,Zonal,14.7,2.5,800,Ogee,90,138.78
KA01050009,Yelimnuoli,Minor Irrigation Department,Belagavi,Hukeri,Yelimunnoli,Elimunavalli,108,3.64,14.67,8, ,,,, --,,
KA01050016,M.I.  Ankle Site II,Minor Irrigation Department,Belagavi,Hukeri,Ankali,Ankale,67,4.2,9.1,9.1, ,13.12,,200,Flus escape,,
KA01050021,Sarapur,Minor Irrigation Department,Belagavi,Hukeri,Sarapur,Sarapura,67,10.13,9.87,8.29, ,9.83,360,,Sloping apron,,
KA01050020,Hargapur,Minor Irrigation Department,Belagavi,Hukeri,Haragapur,Haragapura,48,3.24,6.8,5, ,,,, -,,
KA01050030,Shailapur,Minor Irrigation Department,Belagavi,Hukeri,Belavi,Sheelapura,61,3.1,3.96,3.96, ,,,, ,,
KA01050043, ,Minor Irrigation Department,Belagavi,Hukeri,B. Alur,Bugate Aluru,77,,3.48,, ,10.05,2.5,285,Flush escape,,
KA01050017,M.I. Bellad Bagewadi,Minor Irrigation Department,Belagavi,Hukeri,Sarapur,Shirahatti Kurdha,135,23.53,18.34,20.34, ,11.3,2.44,514,Flus escape,,
KA01050015,Ammangi,Minor Irrigation Department,Belagavi,Hukeri,Ammanagi,Ammanagi,290,6.07,19.77,18, ,,,, -,,
KA01050023,M.I. Belhavi,Minor Irrigation Department,Belagavi,Hukeri,Belavi,Belavi,50.5,3.8,3.49,0.15, ,7.9,2.5,365,Flus escape,,
KA01050003,Bhairapur Tank,Minor Irrigation Department,Belagavi,Hukeri,Mattiwade,Byrapura,660,31,41.62,42.79, ,15.3,2.5,600.5,Clear overfall,,
KA01050028,Shirahatti,Minor Irrigation Department,Belagavi,Hukeri,Sarapur,Shirahatti Budaruka,88,7.86,8.08,9.76, ,9,,295.8,Flus escape,,
KA01050012,M.I.  Naganur,Minor Irrigation Department,Belagavi,Hukeri,Mattiwade,Naganoora.K.S,119,4.44,3.57,3.26, ,3.8,2.5,385,FOF,,
KA01050013,T Seti,Minor Irrigation Department,Belagavi,Hukeri,Kesti,Kesthi,97,5.7,0.1,8.2, ,13.8,270,,Flush escape,,
KA01050014,Boragal,Minor Irrigation Department,Belagavi,Hukeri,Borgal,Booragala,48,4.04,3.26,4, ,,,, -,,
KA01050006,Tihal,Minor Irrigation Department,Belagavi,Hukeri,Daddi,Atthihala,40,3.24,2.72,6.3, ,2.5,180,,Flush escape,,
KA01050005,M.I.  Ullagaddi Khanapur,Minor Irrigation Department,Belagavi,Hukeri,U-Khanapur,V.Khanapura,180,6.07,14.95,15.5, ,,,, --,,
KA01050008,M.I Rashing,Minor Irrigation Department,Belagavi,Hukeri,B. Alur,Rashinga,90,7.45,4.94,14, ,11,2.5,408,Flus escape,,
KA01050010,Hitni,Minor Irrigation Department,Belagavi,Hukeri,Hitni,Hitni,160,10.25,14.5,13.06, ,14.09,,668,Flush escape,,
KA01050018,Karajagi,Minor Irrigation Department,Belagavi,Hukeri,Bad,Kharajagi,95,3.64,12.9,9, ,,,, -,,
KA01050019,Kanagal,Minor Irrigation Department,Belagavi,Hukeri,Kanagala,Kanagale,102,,25.4,, ,15.23,2.5,393,Flush escape,,
KA01050022,Near Kanagala Site II,Minor Irrigation Department,Belagavi,Hukeri,Kanagala,Kanagale,84,4.04,11.41,8, ,,,, -,,
KA01130003,M.I.  Mangasuli Site I,Minor Irrigation Department,Belagavi,Kagwad,Mangasuli,Mangasooli,50,8.6,6.3,6.3,Zonal,9.53,1.8,257,Flushescape,,2760
KA01130002,M.I.  Mangasuli Site II,Minor Irrigation Department,Belagavi,Kagwad,Mangasuli,Mangasooli,48,6.44,6.3,6.3,Zonal,6.9,1.8,300,Flushescape,,2024
KA01130001,Lokur,Minor Irrigation Department,Belagavi,Kagwad,Mangasuli,Lokura,43,3.13,5.35,5.35,Zonal,8.1,1.8,330,Flushescape,,650
KA01070044,Deminkoppa,Minor Irrigation Department,Belagavi,Khanapur,Kodachawad,Dheminakoppa,53.03,15.44,8.2,8.2, ,2.4,1.8,390,Submercible,,
KA01070039,Sannahosur,Minor Irrigation Department,Belagavi,Khanapur,Topinakatti,Thopinakatte,,,,, ,,,, ,,
KA01070159,Chikkahattiholi,Minor Irrigation Department,Belagavi,Khanapur,Hirehattiholi,Hattiholi Chikka,,,,, ,,,, ,,
KA01070040,Topinkatti,Minor Irrigation Department,Belagavi,Khanapur,Topinakatti,Thopinakatte,,,,, ,,,, ,,
KA01070156,Tarishwad,Minor Irrigation Department,Belagavi,Khanapur,Parishwad,Parishawada,,,,, ,,,, ,,
KA01070185, ,Minor Irrigation Department,Belagavi,Khanapur,Itagi,Itagi,,,,, ,,,, ,,
KA01070004,Itagi Tank,Minor Irrigation Department,Belagavi,Khanapur,Itagi,Itagi,246,20.4,30.45,30.26, ,11.46,3.05,757,Flus escape,,
KA01070050,Kodachwad,Minor Irrigation Department,Belagavi,Khanapur,Kodachawad,Kodachawada,77.77,1.57,12,12, ,2.9,1.8,15,Submercible,,
KA01070038,Bacholi,Minor Irrigation Department,Belagavi,Khanapur,Nagurda,Harasanawadi,88.23,4.5,13.6,13.6, ,4.5,1.8,420,COF,,
KA01070028,Awaroli,Minor Irrigation Department,Belagavi,Khanapur,Kodachawad,Avrolli,,,,, ,,,, ,,
KA01070049,Bogur,Minor Irrigation Department,Belagavi,Khanapur,Itagi,Bogura,,,,, ,,,, ,,
KA01070041,Waddebail,Minor Irrigation Department,Belagavi,Khanapur,Chapagaon,Chapagon,,,,, ,,,, ,,
KA01070030,Tolagi,Minor Irrigation Department,Belagavi,Khanapur,Kadatan Bagewadi,Tholagi,120.6,3.62,14.9,14.9, ,4.87,1.82,553.2, -,,
KA01070005,Kadatana Bagewadi Tank,Minor Irrigation Department,Belagavi,Khanapur,Kadatan Bagewadi,Kadathanabagewadi,315,34.4,32,32, ,13.55,3.66,594.5,COF,,
KA01070158,Khairawad,Minor Irrigation Department,Belagavi,Khanapur,Bekawad,Khyrawada,,,,, ,,,, ,,
KA01070034,Gundigawad,Minor Irrigation Department,Belagavi,Khanapur,Gandigawad,Gandhigawada,132.64,12.24,16.38,16.38, ,4.2,3.66,966.39,Submercible,,
KA01070045,Chamapagaon,Minor Irrigation Department,Belagavi,Khanapur,Chapagaon,Allehola,211,15,13.55,12, ,11.46,2.44,757,Flus escape,,
KA01070025,K.Nandagad,Minor Irrigation Department,Belagavi,Khanapur,Kasaba Nandagad,Kasabanandhagad,,,,, ,,,, ,,
KA01070003,Bidi Tank,Minor Irrigation Department,Belagavi,Khanapur,Beedi,Balikodala,124.81,32,37.25,64.72, ,11.67,2.5,580, -,,
KA01070001,Hebbal Tank,Minor Irrigation Department,Belagavi,Khanapur,Hebbal,Hebbala,110,13.32,19.62,37.11, ,12.64,2.5,530,Clear overfall,,
KA01070048,Handur,Minor Irrigation Department,Belagavi,Khanapur,Kerawad,Handura,,,,, ,,,, ,,
KA01070017,Ramapura Tank,Minor Irrigation Department,Belagavi,Khanapur,Kerawad,Kerwad (Gundyanati),204,28.35,36.97,51.24, ,14,2.45,345,Sloping apron,,
KA01070157,Surapur,Minor Irrigation Department,Belagavi,Khanapur,Kerawad,Kerwad (Gundyanati),,,,, ,,,, ,,
KA01070002,Ghastolli Tank,Minor Irrigation Department,Belagavi,Khanapur,Mangenkoppa,Munganakoppa,433,26.61,66.85,66.85, ,14.5,66.85,486,Clear overfall,,
KA01070101, ,Minor Irrigation Department,Belagavi,Khanapur,Nanjankodal,Gundapi,,,,, ,,,, ,,
KA01070204, ,Minor Irrigation Department,Belagavi,Khanapur,Halashi,Halasi,41,5.51,6.4,6.4, ,2.9,1.8,600,COF,,
KA01070043,Kerawad,Minor Irrigation Department,Belagavi,Khanapur,Kerawad,Kerwad (Gundyanati),130.8,15,8.95,8.95, ,4,2.4,420,Submercible,,
KA01070155,Ghodageri,Minor Irrigation Department,Belagavi,Khanapur,Godholli,Godhageri,,,,, ,,,, ,,
KA01070033,Godholi,Minor Irrigation Department,Belagavi,Khanapur,Godholli,Godholi,117.04,14.98,18,18, ,3,3,880,Submercible,,
KA01070154,Lingamath,Minor Irrigation Department,Belagavi,Khanapur,Linganamath,Linganamata,,,,, ,,,, ,,
KA01070047,Halga,Minor Irrigation Department,Belagavi,Khanapur,Halaga,Halage,,,,, ,,,, ,,
KA01070046,Halajunjwad,Minor Irrigation Department,Belagavi,Khanapur,Nanjankodal,Junjawada. K.N,,,,, ,,,, ,,
KA01070031,Adibidi,Minor Irrigation Department,Belagavi,Khanapur,Beedi,Beedi,78.15,1.89,12,30.45, ,4.5,2.45,420,COF,,
KA01070042,Nandagad,Minor Irrigation Department,Belagavi,Khanapur,Nandagad,Nandhagada,353,27,29.04,29.04, ,15,4,530,Clear overfall,,
KA01070178,Nandagad,Minor Irrigation Department,Belagavi,Khanapur,Nandagad,Nandhagada,,,,, ,,,, ,,
KA01070026,Junjawad,Minor Irrigation Department,Belagavi,Khanapur,Kasaba Nandagad,Junjawada,227,16.3,17.3,12.22, ,5,2.4,524,Submercible,,
KA01070032,Handur,Minor Irrigation Department,Belagavi,Khanapur,Kerawad,Handura,,,,, ,,,, ,,
KA01110005,M.I Marigeri,Minor Irrigation Department,Belagavi,Kittur,Nicchanaki,Marigeri,52.53,1.52,0.75,1.01, ,3.35,1.95,207,Flus escape,,
KA01110006,M.I Machikulavalli,Minor Irrigation Department,Belagavi,Kittur,Kulvalli,Kulavalli,41,3.06,6.02,6.02, ,7.62,,,Main wall,,
KA01110016,Tarasanatti,Minor Irrigation Department,Belagavi,Kittur,ULB-Chennamana Kittur-TP,Parasanahatti,190.19,10.19,26,26, ,4.27,3.46,244,Flus escape,,
KA01110019,Bailur,Minor Irrigation Department,Belagavi,Kittur,Bailur,Bylura,48.6,4.86,5.5,5.5, ,2.75,2.44,521,Flus escape,,
KA01110011,Kittur,Minor Irrigation Department,Belagavi,Kittur,ULB-Chennamana Kittur-TP,Kitthuru,53.9,3.24,7,1, ,3.35,2.44,244,Openduct,,
KA01110015,Kittur,Minor Irrigation Department,Belagavi,Kittur,ULB-Chennamana Kittur-TP,Kitthuru,53.9,8.81,13,13, ,3.66,1.85,241,Flus escape,,
KA01110017,Nichinkai,Minor Irrigation Department,Belagavi,Kittur,Nicchanaki,Nichhanaki,50.6,6.8,5.24,5.24, ,0,0,0,-,,
KA01110010,M.I Basarkhod,Minor Irrigation Department,Belagavi,Kittur,Degoan,Basarakoda,126.1,12.15,16.1,1.29, ,3.66,2.34,213.5,Flus escape,,
KA01110004,Ugarkhod,Minor Irrigation Department,Belagavi,Kittur,Ugarakod,Ugarakoda,53.58,4.74,6.5,6.5, ,3.35,3.6,468,Flus escape,,
KA01110014,Bachankeri,Minor Irrigation Department,Belagavi,Kittur,Ugarakod,Bachinakeri,129.62,12.15,17,6.48, ,3.68,1.83,480.1,Flus escape,,
KA01110018,Dematti,Minor Irrigation Department,Belagavi,Kittur,Ugarakod,Dhematti,107,7.8,4.86,4.96, ,5.03,1.8,298,Flus escape,,
KA01110012,Ambadagatti,Minor Irrigation Department,Belagavi,Kittur,Ambadagatti,Ambadagatti,85.1,8.51,10.75,10.75, ,3.35,3.05,275,Flus escape,,
KA01110142, ,Minor Irrigation Department,Belagavi,Kittur,Ambadagatti,Honnidhibba,49.06,4.45,4.25,, ,5.05,1.83,282.95,Sloping apron,,
KA01110013,Hollikatti,Minor Irrigation Department,Belagavi,Kittur,Ambadagatti,Hoolikatti (Kasaba Kadhrolli),108.54,3.64,6.33,6.33, ,4.08,1,375,Masonry wall ,,
KA01110020,Deversigihalli,Minor Irrigation Department,Belagavi,Kittur,Devarashigihalli,Devara Sheegehalli,45.82,4.45,5.5,5.5, ,1.05,3.66,305,Sloping apron,,
KA01110008,M.I. Deversigihalli,Minor Irrigation Department,Belagavi,Kittur,Devarashigihalli,Devara Sheegehalli,51.96,5.05,6.5,6.5, ,3.05,1.83,544,Sloping apron,,
KA01110003,Kadatnal Tank,Minor Irrigation Department,Belagavi,Kittur,Holinagalapur,Kadathanala,490,53.96,39.6,39.6, ,11.48,2.45,591.7,Flus escape,,
KA01090016,Tattihal,Minor Irrigation Department,Belagavi,Kittur,Khodanapur,Koodhanapura,178,10.44,21.93,21.93, ,0.15,2.4,473,Flus escape,,
KA01110022,Veerapur,Minor Irrigation Department,Belagavi,Kittur,Dastikoppa,Veerapura,42.19,6.76,5.16,5.16, ,3.85,2.5,735,Flus escape,,
KA01110163,Veerapur,Minor Irrigation Department,Belagavi,Kittur,Dastikoppa,Veerapura,44.29,5.23,4.96,4.96, ,4,2.5,360,Flus escape,,
KA01110021,Amarapur,Minor Irrigation Department,Belagavi,Kittur,Dastikoppa,Amarapura,43.47,7.76,5.35,5.35, ,3.66,2.7,685,Flus escape,,
KA01090015,M.K.Hubli,Minor Irrigation Department,Belagavi,Kittur,ULB-M.K.Hubballi-TP,M.K.Hubli,168.23,8.1,21,21, ,3.05,3.66,780,Flus escape,,
KA01120030,Percolation  Appachwadi Site  I,Minor Irrigation Department,Belagavi,Nipani,Kurli,Bhatanaganura,53,3.4,3.4,3.4, ,8.57,1.8,256,Flushescape,,325
KA01050031,Percolation Yarnal,Minor Irrigation Department,Belagavi,Nipani,Yaranal,Yaranala,40,3.9,2.55,2.55, ,9.8,2.5,130,Flushescape,,347
KA01120031,M.I.  Tangeri B,Minor Irrigation Department,Belagavi,Nipani,Shiraguppi,Pangeri.B,184,14.3,22.24,22.24,Zonal,15.81,2.5,398,Flushescape,,852
KA01120032,Percolation Shiraguppi,Minor Irrigation Department,Belagavi,Nipani,Shiraguppi,Shiraguppi,40,4.1,2.56,2.56, ,9.38,2.5,240,Flushescape,,633
KA01100008, ,Minor Irrigation Department,Belagavi,Ramdurg,Hosakoti,Gutthigoli,,,,, ,,,, ,,
KA01100040, ,Minor Irrigation Department,Belagavi,Ramdurg,Hosakoti,Gutthigoli,,,,, ,,,, ,,
KA01100048, ,Minor Irrigation Department,Belagavi,Ramdurg,Udapudi,Panchagaov,,,,, ,,,, ,,
KA01100001, ,Minor Irrigation Department,Belagavi,Ramdurg,Hirekoppa Ks.,Hirekoppa,48.6,0,4.37,4.37, ,6.27,1.83,385,Apron type,25,23.53
KA01100050, ,Minor Irrigation Department,Belagavi,Ramdurg,Bannur,Bannura,,,,, ,,,, ,,
KA01100005, ,Minor Irrigation Department,Belagavi,Ramdurg,Nandihal,Nandhihala,,,,, ,,,, ,,
KA01100053, ,Minor Irrigation Department,Belagavi,Ramdurg,Godachi,Godaji,48.5,12.1,9.02,8.2, ,9,1.85,350,Flush escape,35,30.58
KA01100046, ,Minor Irrigation Department,Belagavi,Ramdurg,Batakurki,Batakurki,,,,, ,,,, ,,
KA01100006, ,Minor Irrigation Department,Belagavi,Ramdurg,Godachi,Sidhnala,,,,, ,,,, ,,
KA01100064, ,Minor Irrigation Department,Belagavi,Ramdurg,Batakurki,Naganura,120,13,4.51,4.1,Zonal,10.1,1.85,450,Flsuh escape,30,30.58
KA01100002, ,Minor Irrigation Department,Belagavi,Ramdurg,K.Chandaragi,Kesarakoppa,40,6.55,3.23,3.23, ,,2.5,370,Sloping,18,23.45
KA01100057, ,Minor Irrigation Department,Belagavi,Ramdurg,Mudenur,Mudhenura,148.39,21.46,19.36,17.6,Zonal,8.26,1.83,710.6,Submercible,40,46.38
KA01100058, ,Minor Irrigation Department,Belagavi,Ramdurg,Hanamapur,Umathara,120,14.2,8.36,7.6,Zonal,7.5,1.8,380,Flsuh escape,30,30.58
KA01100062, ,Minor Irrigation Department,Belagavi,Ramdurg,Ghatakanur,Kolaji,,,,, ,,,, ,,
KA01030014,Devapurhatti,Minor Irrigation Department,Belagavi,Raybag,Katakbhavi,Devarapuratti,54,7.7,3.3,3.3,Zonal,4.55,2.5,393,Flushescape,,365
KA01030006,Bendwad,Minor Irrigation Department,Belagavi,Raybag,Bhendwad,Bendawada,53,14.2,5.8,5.8,Zonal,8.12,3.26,305,Flushescape,,2886
KA01030002,Kempanjali,Minor Irrigation Department,Belagavi,Raybag,Raibag (Rural),Raibagha,146,17.5,9.03,9.03,Zonal,87.6,1.8,424,Flushescape,,1223
KA01030032, ,Minor Irrigation Department,Belagavi,Raybag,Nandikurali,Nandhikurali,74,10.72,10.1,10.1,Zonal,11.44,2.44,366,Flushescape,,962
KA01030008,Kekhali,Minor Irrigation Department,Belagavi,Raybag,Mekhali,Mekhali,53,17,8.68,8.68,Zonal,9,1.8,526,Flushescape,,1510
KA01030009,Byakud,Minor Irrigation Department,Belagavi,Raybag,Byakud,Adagalbyakooda,40,7.4,5.16,5.16,Zonal,8.54,1.8,365.99,Submerged,,814
KA01030007,Savasuddi Stite II,Minor Irrigation Department,Belagavi,Raybag,Savasuddi,Samvasuddhi,40,10.44,3.73,3.73,Zonal,5.86,1.8,267,Flushescape,,650
KA01030005,Tank Budhihal,Minor Irrigation Department,Belagavi,Raybag,Hubbarwadi,Boodhihala,40,3.44,2.51,2.51,Zonal,7.39,2.5,188,Flushescape,,462
KA01030011,Mavinhonda,Minor Irrigation Department,Belagavi,Raybag,Bhendwad,Mavinahonda,40,3.44,2.63,2.63,Zonal,6.37,2.5,320,Flushescape,,461.21
KA01030004,Savasuddi Stite I,Minor Irrigation Department,Belagavi,Raybag,Savasuddi,Samvasuddhi,68,18.63,10.5,10.5,Zonal,7.73,1.8,340,Flushescape,,1171
KA01030013,Kppalguddi,Minor Irrigation Department,Belagavi,Raybag,Kappalguddi,Kappalaguddhi,40,5.41,3.22,3.22,Zonal,6.4,1.8,260,Flushescape,,550
KA01030010,M.I  Biranal,Minor Irrigation Department,Belagavi,Raybag,Byakud,Biranala,180,80.37,22.2,22.2,Zonal,10.6,1.8,427,Flushescape,,2893
KA01030003,M.I  Miragasli,Minor Irrigation Department,Belagavi,Raybag,Byakud,Adagalbyakooda,68,14.58,8.36,8.36,Zonal,9.39,1.8,291,Flushescape,,1185
KA01080088,M.I.  Malagali,Minor Irrigation Department,Belagavi,Saundatti,Tadasalur,Thadasaloora,119,24.44,26.73,24.3, ,12.3,2.4,558,Flush escape,,141.58
KA01080100,Murakumbi Tank,Minor Irrigation Department,Belagavi,Saundatti,Harugoppa,Harugoppa,371,45.32,48.5,44.09, ,12,1.8,726,Flush escape,,229.08
KA01080101,Hirekop Tank,Minor Irrigation Department,Belagavi,Saundatti,Murgod,Muragodu,346,0,49.5,45, ,12.39,3.6,765,Submerged,,30.58
KA01080091,M.I.  Rudrapur,Minor Irrigation Department,Belagavi,Saundatti,Murgod,Muragodu,77,0.81,13.15,11.95, ,15.15,1.8,225,Flush escape,,19.59
KA01080092,M.I.  Inchal,Minor Irrigation Department,Belagavi,Saundatti,Inchal,Inchala,88,9.06,15.26,13.87, ,10.32,2.5,445,Flush escape,,21.03
KA01080087,M.I.  Hirebudnur,Minor Irrigation Department,Belagavi,Saundatti,Hirebudanur,Hire Boodanura,185,26.24,31.35,28.5, ,12.55,2,330,Flush escape,,5.57
KA01080086,M.I.  Chikbudnur,Minor Irrigation Department,Belagavi,Saundatti,Hirebudanur,Chikka Boodhanura,480,45.24,66,60, ,14.08,2.5,215,Labyrinth weir,,349.28
KA01080096,M.I.  Bolkadabi,Minor Irrigation Department,Belagavi,Yaragatti,Kadabi,Kadabi,134.35,10.11,14.52,13.2, ,15.15,2.44,555,Flush escape,,84.6
KA01080025,M.I.  Madmageri,Minor Irrigation Department,Belagavi,Yaragatti,Madamageri,Yaraganavi,58,0,9.9,9, ,0,0,0, ,,0
KA01080085,M.I.  Yaraganavi,Minor Irrigation Department,Belagavi,Yaragatti,Madamageri,Yaraganavi,54.5,12,9.19,8.35, ,9.42,1.8,281,Flush escape,,29.98
KA01080097,Yarazarvi Tank,Minor Irrigation Department,Belagavi,Yaragatti,Yarazarvi,Boodhigoppa,431,51.5,45.23,41.12, ,12.16,2.3,699,Flush escape,,231
KA01080095,M.I.  Tallur,Minor Irrigation Department,Belagavi,Yaragatti,Tallur,Thallura,231,54,38.94,35.4, ,9.82,2.4,915,Ogee weir,,64.67
KA01080089,M.I.  Mugalihal (New),Minor Irrigation Department,Belagavi,Yaragatti,Mugalihal,Mugelihala,40,21.75,14.3,13, ,9.37,2.5,530,Clear overfall,,0
KA01080024,Itnal,Minor Irrigation Department,Belagavi,Yaragatti,Sattigeri,Satthigeri,40,6,6.22,6.22, ,10,2.5,225,Earthen bund,,25.1
KA01080090,M.I.  Kodliwad,Minor Irrigation Department,Belagavi,Yaragatti,Akkisagar,Kodliwada,230,31.04,23.88,21.71, ,14,2.4,480,Flush escape,,56.63
KA01080028,M.I.  Mugalihal (Old),Minor Irrigation Department,Belagavi,Yaragatti,Mugalihal,Mugelihala,105,0,14.52,13.2, ,9.37,2.5,530,Flush escape,,84.37
KA01080026,M.I.  Korakoppa,Minor Irrigation Department,Belagavi,Yaragatti,Sattigeri,Satthigeri,70,19.72,6.18,5.62, ,7.27,2.5,390,Ogee weir,,42.55
KA21030095,Boodigere Ammanikere,Minor Irrigation Department,Bengaluru Rural,Devanahalli,Boodigere,Bhudagere Amanikere,161.8,136.98,131.86,131.86,Homogeneous,4.2,5,1172,Sloping Apron,,32.87
KA21030094,Bidalapura Ammanikere,Minor Irrigation Department,Bengaluru Rural,Devanahalli,Nalluru,Bidhlupura Amanikere,80.53,80.93,18.21,18.21,Homogeneous,1.3,2.5,728,Sloping Apron,,39.27
KA21030100,Bettakote Ammanikere,Minor Irrigation Department,Bengaluru Rural,Devanahalli,Bettakote,Bettakote Amanikere,212.46,181.76,130.58,130.58,Homogeneous,6,3,1445,Sloping Apron,,35.53
KA21030093,Konaginabele Kere,Minor Irrigation Department,Bengaluru Rural,Devanahalli,I.Basapura,Konaginabele,93,22.68,20.89,20.89,Homogeneous,3.5,2.5,992,Sloping Apron,46,14.61
KA21030107,Aradeshanahalli Kere,Minor Irrigation Department,Bengaluru Rural,Devanahalli,Jalige,J.I. Aradeshanahalli,119.1,77.7,43.41,43.41,Homogeneous,3.8,5,995,Clear over fall,46,13.22
KA21030091,Chikkasanne Bandeammanikere,Minor Irrigation Department,Bengaluru Rural,Devanahalli,Vishwanathapura,Bommawara,146.72,43.1,72.47,72.47,Homogeneous,4.5,2.5,932,Sloping Apron,20,14.07
KA21030088,Vijayapura Ammanikere,Minor Irrigation Department,Bengaluru Rural,Devanahalli,Harohalli,Chikkanahalli,145.3,114.52,56.21,56.21,Homogeneous,4.5,8,1085,Clear over fall,,107.76
KA21030087,Karahalli Ammanikere,Minor Irrigation Department,Bengaluru Rural,Devanahalli,Karahalli,Karahalli Amanikere,200,28.32,12.09,12.09,Homogeneous,2.8,4,905,Sloping Apron,,54.22
KA21030092,Thatamachanahalli Ammanikere,Minor Irrigation Department,Bengaluru Rural,Devanahalli,Venkatagirikote,Thatamachanahallikere,324,169,130.44,130.44,Homogeneous,6,2,1680,Clear over fall,,87.12
KA21030090,Channarayapatna Ammanikere,Minor Irrigation Department,Bengaluru Rural,Devanahalli,Channarayapatna,Hyedalu,77.3,88.62,52.32,52.32,Homogeneous,4.5,2.5,730,Clear over fall,50,43.66
KA21030089,Bannimangala Ammanikere,Minor Irrigation Department,Bengaluru Rural,Devanahalli,Alooru Duddanahalli,Binnamangala Amanikere,84.61,56,41.8,41.8,Homogeneous,3,4.5,1022,Sloping Apron,65,123.47
KA21030085,Devanahalli Hireammanikere,Minor Irrigation Department,Bengaluru Rural,Devanahalli,ULB-Devanahalli-TMC,Hire Amanikere,45.02,87,30.47,30.47,Homogeneous,5,10,725,Sloping Apron,,22.14
KA21030036,Devasthanadha Ammanikere,Minor Irrigation Department,Bengaluru Rural,Devanahalli,Bidaluru,Devasthana Amanikere,93.2,16,16,16,Homogeneous,3,3,1230,Sloping Apron,22,22.37
KA21030108,Alur Dunahalli Kere,Minor Irrigation Department,Bengaluru Rural,Devanahalli,Alooru Duddanahalli,Alurududdanahalli,87.04,22.66,43,43,Homogeneous,2,3.5,782,Sloping Apron,25,32.05
KA28050291,Amani Bhadranakere,Minor Irrigation Department,Bengaluru Rural,Devanahalli,Godlumuddenahalli,Yaluvahalli,1053,190.28,320.17,224.12,Zonal,5.5,8.5,1500,Over Fall,14.36,133.56
KA21020013,Honnavara Kere,Minor Irrigation Department,Bengaluru Rural,Dod Ballapur,Honnavara,Honnavara,86.32,35,9.03,9.03,Homogeneous,0,2.4,247,Clear Over fall,50,25.99
KA21020040,Madhure Kere,Minor Irrigation Department,Bengaluru Rural,Dod Ballapur,Honnavara,Isthuru,291,11,11.54,11.54,Homogeneous,9.75,3.5,637,Sloping Apron,35.5,25.88
KA21020041,Doddatumakuru Kere,Minor Irrigation Department,Bengaluru Rural,Dod Ballapur,Doddathumakuru,Dodda Tumakuru,111.7,15.5,4.24,4.24,Homogeneous,2.1,4.2,575,Sloping Apron,40,20.3
KA21020017,Simpadipura Kere,Minor Irrigation Department,Bengaluru Rural,Dod Ballapur,Honnavara,Shimpadipura,48.56,198.7,89.43,89.43,Homogeneous,4.2,6,1350,Sloping Apron,25,52.38
KA21020021,Kadanuru Kere,Minor Irrigation Department,Bengaluru Rural,Dod Ballapur,Kadanuru,Kadanuru,40.16,29.3,7.07,7.07,Homogeneous,4,5,1050,Sloping Apron,45,28.14
KA21020020,Haadripura Kere,Minor Irrigation Department,Bengaluru Rural,Dod Ballapur,Hadripura,Hadhripura,70.28,47.35,10.96,10.96,Homogeneous,2.4,3.7,990,Sloping Apron,25,62.57
KA21020016,Ujjani Gowrammana Kere,Minor Irrigation Department,Bengaluru Rural,Dod Ballapur,Hosahalli,Ujjini,57.51,13.6,8.84,8.84,Homogeneous,10.7,3,170,Clear Over fall,50,88.22
KA28010207,Ujjanihole Kere,Minor Irrigation Department,Bengaluru Rural,Dod Ballapur,Hosahalli,Hosahalli,324,16.19,46.97,324,Homogeneous,4,1.8,1200,Clear Over Fall,14.3,211.14
KA21020031,Arudi Kere,Minor Irrigation Department,Bengaluru Rural,Dod Ballapur,Aroodi,J.I.Arodi,64.35,41.99,17.67,17.67,Homogeneous,3.5,3.5,515,Sloping Apron,,32.79
KA21020037,Heggadihalli Amani Kere,Minor Irrigation Department,Bengaluru Rural,Dod Ballapur,Heggadihalli,Heggadihalli,52.3,6.15,6.36,6.36,Homogeneous,2.4,3,360,Sloping Apron,30,24.21
KA21020026,Sriramanahalli Kere,Minor Irrigation Department,Bengaluru Rural,Dod Ballapur,Sasalu,Thodalabande,112.5,39.02,20.15,20.15,Homogeneous,2.3,3.5,1150,Sloping Apron,30,9
KA21020015,Machhenahalli Kere,Minor Irrigation Department,Bengaluru Rural,Dod Ballapur,Sasalu,Sriramanahalli,184.76,9.04,9.54,9.54,Homogeneous,16.46,2.4,363,Sloping Apron,50,49.41
KA21020025,Kottigemachenahalli Kere,Minor Irrigation Department,Bengaluru Rural,Dod Ballapur,Hosahalli,Kottigemachanahalli,61.9,41.23,14.65,14.65,Homogeneous,3.6,4,750,Sloping Apron,25,32.22
KA21020022,Mallasandra Kere,Minor Irrigation Department,Bengaluru Rural,Dod Ballapur,Hosahalli,Mallasandra,93.48,74,98.63,98.63,Homogeneous,7,2.5,540,Ogee Weir,40,155.72
KA21020024,Gundamgere Kere,Minor Irrigation Department,Bengaluru Rural,Dod Ballapur,Hosahalli,Sonnenahalli,,,,, ,,,, ,,
KA21020044,Kanchiganala Kere,Minor Irrigation Department,Bengaluru Rural,Dod Ballapur,Rajaghatta,Kanchiganala,43.89,10.01,10.25,10.25,Homogeneous,2.9,2.5,1175,Sloping Apron,50,30.66
KA21020052,Beedigere Kere,Minor Irrigation Department,Bengaluru Rural,Dod Ballapur,Melekote,Gantiganahalli,74.06,35.2,7.42,7.42,Homogeneous,2.4,4,540,Sloping Apron,45,32.22
KA21020050,Tirumagondanahalli Kere,Minor Irrigation Department,Bengaluru Rural,Dod Ballapur,Hadonahalli,Thirumagondanahalli,81,47.5,21.21,21.21,Homogeneous,4,4.5,1200,Sloping Apron,45,33.58
KA21020036,Melekote Kere,Minor Irrigation Department,Bengaluru Rural,Dod Ballapur,Melekote,Melekote,68.8,26.68,12.37,12.37,Homogeneous,2.4,1.8,540,Sloping Apron,20,37.51
KA21020051,Machagondanahalli Kere,Minor Irrigation Department,Bengaluru Rural,Dod Ballapur,Heggadihalli,Machagondanahalli,62.7,6.02,6.72,6.72,Homogeneous,3,4,750,Sloping Apron,40,14.55
KA21020035,Lakshmidevipura Kere,Minor Irrigation Department,Bengaluru Rural,Dod Ballapur,Hadonahalli,Lakshmidevipura,40.5,31.5,8.13,8.13,Homogeneous,5.5,2.4,930,Sloping Apron,50,64.29
KA21020049,Linganahalli Kere,Minor Irrigation Department,Bengaluru Rural,Dod Ballapur,Konaghatta,Linganahalli,113.31,124.3,39.6,39.6,Homogeneous,3.3,2.5,930,Sloping Apron,40,29.39
KA21020030,Hanabe  Kere,Minor Irrigation Department,Bengaluru Rural,Dod Ballapur,Hanabe,Hanabe,122.95,51.25,60.1,60.1,Homogeneous,3,2.4,1050,Sloping Apron,30,157.98
KA21020048,Gulyanandigunda Kere,Minor Irrigation Department,Bengaluru Rural,Dod Ballapur,Heggadihalli,Gulyanandhigundhi,,,,, ,,,, ,,
KA21020039,Dandudasakodigehalli Kere,Minor Irrigation Department,Bengaluru Rural,Dod Ballapur,Heggadihalli,Dandadasakodagenahalli,48.56,10.64,6.72,6.72,Homogeneous,1.8,2.4,480,Sloping Apron,30,21.69
KA21020029,Tippuru Timmamana Kere,Minor Irrigation Department,Bengaluru Rural,Dod Ballapur,Tippuru,Gundasandra,101.86,61.85,21.91,21.91,Homogeneous,2.5,4,1200,Sloping Apron,40,50.59
KA21020027,Koluru Kere,Minor Irrigation Department,Bengaluru Rural,Dod Ballapur,Kodigehalli,Koluru,53.31,30.88,19.44,19.44,Homogeneous,2.7,3,950,Clear Over fall,40,33.95
KA21020028,Talagavara Kere,Minor Irrigation Department,Bengaluru Rural,Dod Ballapur,Kodigehalli,Amanipalana  Kere,74.06,30.71,18.03,18.03,Homogeneous,1.8,4.5,840,Sloping Apron,20,86.35
KA21020046,Shivapura Amani Kere,Minor Irrigation Department,Bengaluru Rural,Dod Ballapur,Konaghatta,Shivapuradha Amanikere,104.01,30.27,24.74,24.74,Homogeneous,4,5,1050,Sloping Apron,40,28.6
KA21020047,Konaghatta Amani Kere,Minor Irrigation Department,Bengaluru Rural,Dod Ballapur,Konaghatta,Konagatta,68.44,58.25,12.73,12.73,Homogeneous,2.7,2.5,810,Sloping Apron,80,58.38
KA21020038,Talanajogihalli Kere,Minor Irrigation Department,Bengaluru Rural,Dod Ballapur,Kodigehalli,Amanipalana  Kere,52.15,73.65,30.4,30.4,Homogeneous,1.8,2.4,660,Sloping Apron,35,44.56
KA21020023,Maadagondanahalli Kere,Minor Irrigation Department,Bengaluru Rural,Dod Ballapur,Kodigehalli,Madhagondanahalli,52.06,28.73,9.9,9.9,Homogeneous,3,2.5,990,Sloping Apron,40,33.35
KA21020045,Rajaghatta Amani Kere,Minor Irrigation Department,Bengaluru Rural,Dod Ballapur,Rajaghatta,Rajaghattadha Amanikere,46.86,18.56,7.42,7.42,Homogeneous,5,4.5,810,Sloping Apron,60,82.42
KA21020019,Chikkahejjaji Kere,Minor Irrigation Department,Bengaluru Rural,Dod Ballapur,Doddabelavangala,Kasaba Doddabelavangala,189.4,29,16.97,16.97,Homogeneous,2.4,6.5,840,Clear Over fall,,22.71
KA21020018,Hejjaji Kere,Minor Irrigation Department,Bengaluru Rural,Dod Ballapur,Doddabelavangala,Dodda Hejjaji,50.59,71.05,31.81,31.81,Homogeneous,3,7,1050,Sloping Apron,35,70.02
KA21020043,Aralumallige Kere,Minor Irrigation Department,Bengaluru Rural,Dod Ballapur,Aralumallige,Aralu Mallige,165.66,42.49,15.91,15.91,Homogeneous,2.4,2,840,Sloping Apron,60,74.63
KA21020033,Nagara Kere,Minor Irrigation Department,Bengaluru Rural,Dod Ballapur,ULB-Doddaballapur-CMC,Khas Bhag,,,,, ,,,, ,,
KA21020014,Sonnenahalli Kere,Minor Irrigation Department,Bengaluru Rural,Dod Ballapur,Doddabelavangala,Rampura,77.38,116.95,28.88,28.88,Homogeneous,2.7,7,990,Sloping Apron,20,41.28
KA21020042,Kesturu Kere,Minor Irrigation Department,Bengaluru Rural,Dod Ballapur,Kesturu,Kesthuru,50.59,96.72,51.26,51.26,Homogeneous,2.4,4.7,1410,Sloping Apron,60,37.51
KA21040126,Bellikere Kere,Minor Irrigation Department,Bengaluru Rural,Hoskote,Mutsandra,Bellikere,51,40,11,10.5,Homogeneous,4.5,1.5,870,Clear over fall,18,41.34
KA21040129,Medimallasandra Kere,Minor Irrigation Department,Bengaluru Rural,Hoskote,Anugondanahalli,Medimallasandra,47,32,16.87,9.68,Homogeneous,4,1.8,870,Clear over fall,48,29.73
KA21040130,Samethanahalli Kere,Minor Irrigation Department,Bengaluru Rural,Hoskote,Samethanahalli,Samethanahalli,40,10,6.11,8.24,Homogeneous,4,3.5,960,Sloping appron,18,44.17
KA21040128,Mallasandra Kere,Minor Irrigation Department,Bengaluru Rural,Hoskote,Samethanahalli,Mallasandra,69,10.5,2.2,14.21,Homogeneous,4.5,5,900,Clear over fall,56,84.58
KA21040132,Kodihalli,Minor Irrigation Department,Bengaluru Rural,Hoskote,Vagata,Kodihalli,79,75,27.22,16.27,Homogeneous,3.5,1.8,810,Clear over fall,28,57.96
KA21040131,Makanahalli,Minor Irrigation Department,Bengaluru Rural,Hoskote,Vagata,Makanahalli,43,38,7.91,8.85,Homogeneous,3,1.5,600,Sloping appron,25,46.15
KA21040118,Kondrahalli,Minor Irrigation Department,Bengaluru Rural,Hoskote,Nandagudi,N.Hosahalli,42,7,9.13,8.65,Homogeneous,3,1.6,1110,Clear over fall,40,45.31
KA21040136,Nelavagilu,Minor Irrigation Department,Bengaluru Rural,Hoskote,Nelavagilu,Nelavagilu,43,44,16.3,8.85,Homogeneous,3.8,1.6,930,Clear over fall,20,59.46
KA21040138,Isturu,Minor Irrigation Department,Bengaluru Rural,Hoskote,Ittasandra,Isthuru Amanikere,43.5,30.5,11.98,8.96,Homogeneous,3.6,1.8,900,Clear over fall,35,58.33
KA21040137,Teniyuru,Minor Irrigation Department,Bengaluru Rural,Hoskote,Doddaralagere,Theneyuru,78.5,66.8,25.18,16.16,Homogeneous,4,4.5,990,Clear over fall,35,45.87
KA21040139,Arehalli,Minor Irrigation Department,Bengaluru Rural,Hoskote,Nelavagilu,Arehalli,43,32,18.83,8.85,Homogeneous,3.6,1.8,840,Clear over fall,18,45.31
KA21040134,Hulluru Amanikere,Minor Irrigation Department,Bengaluru Rural,Hoskote,Doddahulluru,Hulluru Amanikere,212,300,120,43.65,Homogeneous,6,1.8,960,Clear over fall,46,79.28
KA21040133,Kurubarahalli,Minor Irrigation Department,Bengaluru Rural,Hoskote,Kumbalahalli,Kurubarahalli,50,10.5,4.25,10.3,Homogeneous,8,1.8,500,Clear over fall,18,9.32
KA21040113,Nalluru,Minor Irrigation Department,Bengaluru Rural,Hoskote,Chokkahalli,Doddanallarahalli,43,38,31.13,8.85,Homogeneous,3.5,1.5,900,Clear over fall,45,97.01
KA21040135,Tavarakere,Minor Irrigation Department,Bengaluru Rural,Hoskote,Thavarekere,Tavarekere,62,90,28.1,12.77,Homogeneous,3.5,2.5,900,Clear over fall,20,46.44
KA21040127,Hasigala,Minor Irrigation Department,Bengaluru Rural,Hoskote,Lakkondahalli,Kammasandra,82,38,14,16.89,Homogeneous,4,4.5,1320,Sloping appron,65,56.35
KA21040120,Sulibele,Minor Irrigation Department,Bengaluru Rural,Hoskote,Sulibele,Kasaba Sulibele,196,69,11.3,40.36,Homogeneous,3.5,1.8,1110,Clear over fall,30,49.84
KA21040117,Vagata Agrahara,Minor Irrigation Department,Bengaluru Rural,Hoskote,Vagata,Vagata,48,28,18.66,9.88,Homogeneous,3.5,1.8,660,Clear over fall,20,60.48
KA21040121,Tivatta,Minor Irrigation Department,Bengaluru Rural,Hoskote,Orohalli,Thavatahalli,,,,, ,,,, ,,
KA21040116,Kolathuru,Minor Irrigation Department,Bengaluru Rural,Hoskote,Jadigenahalli,Kolatthuru,63,40,10.5,12.97,Homogeneous,4.5,1.8,870,Clear over fall,35,67.39
KA21040119,Hosakote Kere Vadapi To Motada Ane,Minor Irrigation Department,Bengaluru Rural,Hoskote,Kumbalahalli,Amanichikkakere,48,150,9.1,9.88,Homogeneous,5,1.8,1110,Clear over fall,60,0
KA21040123,Nidagatta,Minor Irrigation Department,Bengaluru Rural,Hoskote,Mugabala,Nidaghatta,46,55,30.8,9.47,Homogeneous,3.5,1.8,850,Ogee type,18,27.38
KA21040125,Turu,Minor Irrigation Department,Bengaluru Rural,Hoskote,Mugabala,J.I.Chennapura,54,28,7.5,11.12,Homogeneous,3,1.5,750,Natural,19,13.03
KA21010113,Srinivaspura,Minor Irrigation Department,Bengaluru Rural,Nelamangala,Shreenivasapura,Srinivasapura,44,12.58,5.93,5.93,Homogeneous,2,3,575,Sloping Apron,40,34.6
KA21010103,Arishinakunte,Minor Irrigation Department,Bengaluru Rural,Nelamangala,Arishinakunte,Arasinakunte,44.8,25.5,6.03,6.03,Homogeneous,2.7,1.2,695,Sloping Apron,30,53.48
KA21010102,Nelamangla,Minor Irrigation Department,Bengaluru Rural,Nelamangala,ULB-Nelmangala-TMC,Kasaba Nelamangala,59.2,22.5,8.01,8.01,Homogeneous,2,2.5,840,Sloping Apron,30,30.21
KA21010108,Beguru Kere,Minor Irrigation Department,Bengaluru Rural,Nelamangala,T.Beguru,Begur,114,53.42,15.47,15.47,Homogeneous,3.6,1.2,870,Sloping Apron,72,151.22
KA21010107,Gollahallikere,Minor Irrigation Department,Bengaluru Rural,Nelamangala,Gollahalli,Gollarahalli,54,10.93,7.26,7.26,Homogeneous,1.8,1.2,400,Sloping Apron,40,22.71
KA21010104,Kambalu,Minor Irrigation Department,Bengaluru Rural,Nelamangala,Shivagange,Kambalu,51.2,16.59,6.92,6.92,Homogeneous,2.1,3.5,750,Clear Over Fall,50,28.77
KA21010244,Devarahosahalli,Minor Irrigation Department,Bengaluru Rural,Nelamangala,Agalakuppe,Hale Nijagallu,160,34.64,21.6,21.6,Homogeneous,4,3.5,1020,Sloping Apron,30,64.27
KA21010098,Maralukunte,Minor Irrigation Department,Bengaluru Rural,Nelamangala,Maralukunte,Maralakunte,73.25,24.89,9.13,9.13,Homogeneous,3,2.9,400,Clear Over Fall,40,31.99
KA21010096,Madaga,Minor Irrigation Department,Bengaluru Rural,Nelamangala,Maralukunte,Madhaga,80.9,14.38,10.89,10.89,Homogeneous,3.6,3.7,405,Clear Over Fall,60,159
KA21020230,Mudalakalenahalli Kere,Minor Irrigation Department,Bengaluru Rural,Nelamangala,Maralukunte,Baraguru,,,,, ,,,, ,,
KA21010111,Belekonanakere,Minor Irrigation Department,Bengaluru Rural,Nelamangala,Doddabele,Doddabele,57.4,14.97,7.78,7.78,Homogeneous,1.5,3,660,Clear Over fall,30,20.41
KA21010094,Thyamagondluherekere,Minor Irrigation Department,Bengaluru Rural,Nelamangala,Thayamagondlu,Thyamagondlu Amanikere,200.3,90.24,27.12,27.12,Homogeneous,3.5,4,1680,Sloping Apron,30,210.14
KA21010097,Niduvanda,Minor Irrigation Department,Bengaluru Rural,Nelamangala,Sompura,Nidavandha,,,,, ,,,, ,,
KA21010101,Halenejagallukere,Minor Irrigation Department,Bengaluru Rural,Nelamangala,Agalakuppe,Hale Nijagallu,97.53,13.76,13.34,13.34,Homogeneous,3,2.9,240,Clear Over Fall,20,30.97
KA21010095,Manneamanikere,Minor Irrigation Department,Bengaluru Rural,Nelamangala,Manne,Manne,83.4,14.93,11.29,11.29,Homogeneous,5.5,4.5,930,Sloping Apron,25,108.15
KA21010100,Obalapura,Minor Irrigation Department,Bengaluru Rural,Nelamangala,Kodigehalli,Obalapura,53,54.22,7.14,7.14,Homogeneous,2.5,2.9,690,Sloping Apron,,28.11
KA21010106,Kuluvanahalli,Minor Irrigation Department,Bengaluru Rural,Nelamangala,Kuluvanahalli,Dhodderi,52.4,24.05,7.07,7.07,Homogeneous,4.2,3.5,700,Clear Over Fall,72,474.04
KA21010110,Baradikere,Minor Irrigation Department,Bengaluru Rural,Nelamangala,Boodihal,Baradi,130.5,22.26,17.71,17.71,Homogeneous,2.7,3,515,Sloping Apron,40,58.1
KA18060086, ,Minor Irrigation Department,Bengaluru Rural,Nelamangala,Shivagange,Kuthagatta,,,,, ,,,, ,,
KA21010112,Bidaloorugangammanagudikere,Minor Irrigation Department,Bengaluru Rural,Nelamangala,Kalalughatta,Kodihalli,57.52,42.49,7.8,7.8,Homogeneous,2.4,3,900,Sloping Apron,50,444.22
KA21010109,Billinakotekere,Minor Irrigation Department,Bengaluru Rural,Nelamangala,Kuluvanahalli,Hosahalli,53.3,30.35,7.18,7.18,Homogeneous,3.6,2.9,660,Clear Over Fall,25,42.98
KA21010105,Sondilavadi,Minor Irrigation Department,Bengaluru Rural,Nelamangala,Thayamagondlu,Thyamagondlu Amanikere,199.4,49.08,27.02,27.02,Homogeneous,3.5,3.8,690,Sloping Apron,30,184.12
KA20030021,Bommasandra Lake,Minor Irrigation Department,Bengaluru Urban,Anekal,ULB-Bommasandra-Hebbagodi-Chandapura-TMC,Hellalige,48.8,22.66,9.8,10.05,Homogeneous,6,2.5,720,"Ö""Ö",32.3,100
KA20030013,Hulimangala Kere,Minor Irrigation Department,Bengaluru Urban,Anekal,Hulimangala,Hulimangala,76.4,27.11,14.3,15.73,Homogeneous,6,2.5,1020,"Ö""Ö",18.5,66
KA20030135, ,Minor Irrigation Department,Bengaluru Urban,Anekal,Bannerughatta,Kannaiakana Agrahara,,,,, ,,,, ,,
KA20030003,Muttanallur Kere,Minor Irrigation Department,Bengaluru Urban,Anekal,ULB-Bommasandra-Hebbagodi-Chandapura-TMC,Ramasagara,260,167.94,125.37,53.54,Homogeneous,6,2.5,1710,"Ö""Ö",94,282
KA20030026,Bhujangadasana Kere,Minor Irrigation Department,Bengaluru Urban,Anekal,Mantapa,Hullahalli,48.8,25.49,10.75,10.05,Homogeneous,5,2.5,450,"Ö""Ö",34,40
KA20030017,Mugaluru Kere,Minor Irrigation Department,Bengaluru Urban,Anekal,Muguluru,Mugaluru,52.8,16.18,20.69,10.87,Homogeneous,5,2.5,720,"Ö""Ö",29,35
KA20030006,Rajana Kere,Minor Irrigation Department,Bengaluru Urban,Anekal,Vanakanahalli,Telagarahalli,48.8,24.68,14.85,10.05,Homogeneous,6,2.5,690,Clear over fall,27,66.6
KA20030019,Bidaragere Kere,Minor Irrigation Department,Bengaluru Urban,Anekal,Karpur,Bidaragere,40.8,24.68,10.65,8.4,Homogeneous,5.5,4,72,"Ö""Ö",30.5,66.09
KA20030027,Anekal Kere,Minor Irrigation Department,Bengaluru Urban,Anekal,ULB-Anekal-TMC,Anekal,113.2,69.39,40.17,23.31,Homogeneous,6,8,1590,Sloping apron,30,519
KA20030009,Karpuru Kere,Minor Irrigation Department,Bengaluru Urban,Anekal,Karpur,Karpoora,60.8,33.58,25.25,12.52,Homogeneous,5.5,2.5,690,"..""..",26.5,66.6
KA20030042,Mysurammanadoddi Kere,Minor Irrigation Department,Bengaluru Urban,Anekal,Indlawadi,J.I.Begganadoddi,,,,, ,,,, ,,
KA20030024,Bommandahalli Kere,Minor Irrigation Department,Bengaluru Urban,Anekal,Indlawadi,Kadachikkanahalli,177,16.18,19.67,36.45,Homogeneous,12,2.5,343,Sloping apron,43,133
KA20030025,Marasuru Kere,Minor Irrigation Department,Bengaluru Urban,Anekal,Marasuru,Marasuru,112.8,19.63,13.69,23.23,Homogeneous,6,2.5,1110,Sloping apron,92,188
KA20030029,Mayasandra Kere,Minor Irrigation Department,Bengaluru Urban,Anekal,Mayasandra,Mayasandra,76.4,52.61,16.43,15.73,Homogeneous,6,2.5,1140,"Ö""Ö",94.2,66
KA20030005,Haragadde Kere,Minor Irrigation Department,Bengaluru Urban,Anekal,Haragadde,Haragaddhe,61.6,32.78,18.56,12.68,Homogeneous,6,6,930,"Ö""Ö",12,66
KA20030016,Hennagara Kere,Minor Irrigation Department,Bengaluru Urban,Anekal,Hennagara,Rajapura,280,56.25,100.48,57.66,Homogeneous,6,6,930,"Ö""Ö",42,282
KA20030008,Jigani Kere,Minor Irrigation Department,Bengaluru Urban,Anekal,ULB-Jigani-TMC,Jigani,141.6,121.4,76.68,29.16,Homogeneous,0.06,6,1440,"Ö""Ö",81.54,80
KA20030007,Bidare Amaani Kere,Minor Irrigation Department,Bengaluru Urban,Anekal,Mantapa,Nallasandra,51.6,40.06,30.12,10.63,Homogeneous,5,2.5,570,"Ö""Ö",32,50
KA20030018,Bidaraguppe Kere,Minor Irrigation Department,Bengaluru Urban,Anekal,Bidaraguppe,Arenuru,98.83,72.84,36.51,20.35,Homogeneous,6,8,720,"Ö""Ö",103.9,70
KA20030010,Arehalli Kere,Minor Irrigation Department,Bengaluru Urban,Anekal,Mayasandra,Manchanahalli,91.2,82.55,54.47,18.78,Homogeneous,5.5,2.5,630,"Ö""Ö",55,66
KA20030090,Singena Agrahara Kere,Minor Irrigation Department,Bengaluru Urban,Anekal,Muththanalluru,Singena Agrahara,67.2,53.82,20.3,13.84,Homogeneous,5.5,2.5,720,"Ö""Ö",52.4,66
KA20030004,Sarjapura Chikka Kere,Minor Irrigation Department,Bengaluru Urban,Anekal,Sarjapura,Sarjapura,60.6,36.01,18.56,12.48,Homogeneous,5,2.5,900,Sloping apron,25,66
KA20030022,Huskur Kere,Minor Irrigation Department,Bengaluru Urban,Anekal,Huskuru,Huskuru,52.8,39.66,20.69,10.87,Homogeneous,5.5,2.5,750,"Ö""Ö",60,40
KA20030023,Sarjapura Kere,Minor Irrigation Department,Bengaluru Urban,Anekal,Sarjapura,Sarjapura,177.2,82.55,51.73,36.49,Homogeneous,6,2.5,1020,"Ö""Ö",50.7,66
KA20030015,Gattahalli Kere,Minor Irrigation Department,Bengaluru Urban,Anekal,Shantipura,Gettehalli,40.4,59.54,19.47,8.32,Homogeneous,5.5,2.5,480,"Ö""Ö",11,40
KA20030014,Tandithana Agrahara Kere,Minor Irrigation Department,Bengaluru Urban,Anekal,Muguluru,Pandithana Agrahara,43.2,16.18,10.04,8.9,Homogeneous,5.5,2.5,600,"Ö""Ö",97,40
KA20040083,Kodathi Lake,Minor Irrigation Department,Bengaluru Urban,Bengaluru East,Kodathi,Sulakunte,49.77,88.2,2.69,2.69,Homogeneous,8,2.5,650,Flush escape,30,21.04
KA20040008, ,Minor Irrigation Department,Bengaluru Urban,Bengaluru East,Halanayakanahalli,Halanayakanahalli,46.13,78.97,2.4,2.4,Homogeneous,7,2.5,900,Flush escape,35,24.44
KA20040059,Yellamallappa Lake,Minor Irrigation Department,Bengaluru Urban,Bengaluru East,Bidarahalli,Hirandahalli,176.98,46,110,36.44,Homogeneous,7,2.5,800,Flush escape,30,62.3
KA20040044,Rampura Lake/Maragondanahalli Lake,Minor Irrigation Department,Bengaluru Urban,Bengaluru East,Bidarahalli,Hoovinane,145.8,42,27,30.02,Homogeneous,7,2.5,1100,Flush escape,55,56.63
KA20040056,Bidrahalli Lake,Minor Irrigation Department,Bengaluru Urban,Bengaluru East,Bidarahalli,Byyappanahalli,49,29,11,10.09,Homogeneous,6,2.5,950,Flush escape,20,28.32
KA20040045,Gubbi Lake,Minor Irrigation Department,Bengaluru Urban,Bengaluru East,Doddagubbi,Doddagubbi,66.75,22,13,13.74,Homogeneous,6,2.5,850,Flush escape,30,45.31
KA21040198,Hosakote Kere Kodi Halla,Minor Irrigation Department,Bengaluru Urban,Bengaluru East,Manduru,Jyothipura,939.27,1300,800,193.41,Homogeneous,7,7.2,2160,Clear over fall,93,89.36
KA20010012,Allur,Minor Irrigation Department,Bengaluru Urban,Bengaluru North,Huskoor,Vaderahalli,62.48,38.55,20.59,12.87,Homogeneous,7,2.5,615,Sloping apron,75,52.5
KA20050031,Mahadevkodege,Minor Irrigation Department,Bengaluru Urban,Bengaluru North,Bandikodage Halli,Mahadevakodagehalli,52.61,69.1,17.32,10.83,Homogeneous,6,2.5,990,Flush escape,18.5,11.35
KA20050030,Baglur,Minor Irrigation Department,Bengaluru Urban,Bengaluru North,Sathanooru,Hosahalli,83,89.15,27.34,17.09,Homogeneous,6,2.5,750,Sloping apron,26.7,18.69
KA20050028,Singanayakanahalli,Minor Irrigation Department,Bengaluru Urban,Bengaluru North,Singanaayakana Halli,Shinganayakanahalli Amanikere,74.12,105.85,24.43,15.26,Homogeneous,7,7.5,570,Sloping apron,36,25.2
KA20050029,Jala,Minor Irrigation Department,Bengaluru Urban,Bengaluru North,Dodda Jaala,Doddajala Amanikere,107.6,62.5,36.96,22.16,Homogeneous,5.5,2.5,720,Sloping apron,40,28
KA20050027,Bandikodegehalli,Minor Irrigation Department,Bengaluru Urban,Bengaluru North,Bandikodage Halli,Bandikodigehalli Amanikere,121.5,78,39.99,25.02,Homogeneous,6,2.5,600,Sloping apron,25,15.3
KA20050026,Addevishwanathapura,Minor Irrigation Department,Bengaluru Urban,Bengaluru North,Rajaanu Kunte,Adde Viswanathapura,46,33.35,15.08,9.47,Homogeneous,7,2.5,900,Sloping apron,22,15.4
KA20010072,Sundekoppa,Minor Irrigation Department,Bengaluru Urban,Bengaluru North,Sondekoppa,Kondekoppa,76.5,60.2,25.21,15.75,Homogeneous,8,2.5,1000,Sloping apron,83,58.1
KA20020219,Agara Hosa Kere Lake,Minor Irrigation Department,Bengaluru Urban,Bengaluru South,Agara,Badamanavarthekaval,78.97,23.5,20,16.26,Homogeneous,6,2.2,540,Ogee weir,40,28.32
KA29020158,Matti Taltalk Kere,Minor Irrigation Department,Bengaluru Urban,Bengaluru South,Nelaguli,K.G.Nelaguli,,,,, ,,,, ,,
KA20020206,Chikkalingashasthri Kere Lake,Minor Irrigation Department,Bengaluru Urban,Bengaluru South,Tharalu,K.G.Thattiguppe,74.92,17.6,17,15.43,Homogeneous,6.9,8.8,570,Flush escape,26,62.3
KA20020174,Obichudanahally Tank,Minor Irrigation Department,Bengaluru Urban,Bengaluru South,Tharalu,K.G.Gulakamale,268.51,35,70,55.29,Homogeneous,10.97,2.55,595,Ogee weir,34,24.44
KA20020220,Udayapalya Lake,Minor Irrigation Department,Bengaluru Urban,Bengaluru South,Kaggalipura,K.G.Kaggalipura,42.52,14.8,9.88,8.76,Homogeneous,5.9,2,130,"......."".....",22,45.31
KA20020175,Vaderahalli Lake,Minor Irrigation Department,Bengaluru Urban,Bengaluru South,Agara,Badamanavarthekaval,525.28,42.96,116,108.16,Homogeneous,28.2,2.55,561,Flush escape,66,11.6
KA05030033,Koudgaon MI,Minor Irrigation Department,Bidar,Aurad,Koutha (B),Kowdagaov,120,15,16.69,16.69,Zonal,10.37,2.5,482,F.O.F,25,38.72
KA05030029,Ladha MI,Minor Irrigation Department,Bidar,Aurad,Ladha,Ladha,170,17,16.59,16.59,Zonal,9.84,2.5,522.5,Ogee chute,13,29
KA05030002, ,Minor Irrigation Department,Bidar,Aurad,Shembelli,Shembelli,,,,, ,,,, ,,
KA05030032,Chikli(J) MI,Minor Irrigation Department,Bidar,Aurad,Chikli (J),Chikali (Janawada),404,31.78,39.9,39.9,Zonal,13.1,2.43,697.92,FOF,28,36.93
KA05030018,Nandinagur MI,Minor Irrigation Department,Bidar,Aurad,Jojana,Nandhinagura,40,7.7,7.01,0,Zonal,12.01,2.5,430,F.O.F,15,21.25
KA05030028,Santhpur MI,Minor Irrigation Department,Bidar,Aurad,Santhpur,Santhapura,99,12,9.99,6,Zonal,10.2,1.82,445,F.O.F,15,24.13
KA05030037,Bavalgaon Tank,Minor Irrigation Department,Bidar,Aurad,Hokrana,Badalagaov,363,34,67.2,67.2,Zonal,15.6,2.42,410,Submersible,29,46.32
KA05030036,Ekamba Tank,Minor Irrigation Department,Bidar,Aurad,Ekamba,Ekamba,419,38.37,49.45,49.45,Zonal,16.9,2.43,548.64,Flush,29,42.55
KA05030019,Huliyal MI,Minor Irrigation Department,Bidar,Aurad,Ekamba,Hulleyala,124,26,25.36,21.8,Zonal,10.7,1.82,633,F.O.F,45,42.78
KA05030016,Bhandarkunta MI,Minor Irrigation Department,Bidar,Aurad,Bhandarkumtha,Bhandarakumata,420,31,58.03,48.03,Zonal,13.53,2.5,397,Ogee chute,22,78
KA05030015,Bonthi MI,Minor Irrigation Department,Bidar,Aurad,Bonthi,Bonthi,188,12.5,15.54,22.08,Zonal,12.7,2.5,309.5,Ogee chute,11,33.4
KA05030027,Lingi Percolation,Minor Irrigation Department,Bidar,Aurad,Bonthi,Lingi,,,,, ,,,, ,,
KA05030020,Bonthi Thanda,Minor Irrigation Department,Bidar,Aurad,Bonthi,Bonthi,,,,, ,,,, ,,
KA05030017,Naganpalli Mi,Minor Irrigation Department,Bidar,Aurad,Chintaki,Naganapalli,61,8.42,6.86,6.86,Zonal,8.32,2.5,325,F.O.F,20,26.66
KA05030034,Mungnal Storage,Minor Irrigation Department,Bidar,Aurad,Belkoni (Ch),Manganala,,,,, ,,,, ,,
KA05030035,Tegampur Tank,Minor Irrigation Department,Bidar,Aurad,Badalgaon,Mamadhapura,805,86.38,128.11,128.42,Zonal,15.23,2.43,757.42,F.O.F,79,123.05
KA05030023,Khandikeri MI,Minor Irrigation Department,Bidar,Aurad,ULB-Aurad-TP,Aurad,260,20.29,18.36,18.36,Zonal,10.56,2.5,601,F.O.F,23,43
KA05030048, ,Minor Irrigation Department,Bidar,Aurad,Sundal,Itagyala,60,9.8,4.95,8.94,Zonal,7.34,2.5,485,FOF,15,22.37
KA05030022,Jamalpur MI,Minor Irrigation Department,Bidar,Aurad,Ekamba,Jamalapura,180,12.45,16.24,16.24,Zonal,14.58,2.5,337,Ogee type,19,34
KA05030038,Medipally Tank,Minor Irrigation Department,Bidar,Aurad,Gudapalli,Medapalli,408,34.62,56.16,50.6,Zonal,15.36,2.43,435,Submersible,28,43.75
KA05030026,Maskal Mi,Minor Irrigation Department,Bidar,Aurad,Santhpur,Maskala,204,21.58,38,128.42,Zonal,11.58,2.43,762,F.O.F,18.25,25.58
KA05030025,Bardapur Mi,Minor Irrigation Department,Bidar,Aurad,Eklar,Baradhapura,185,16.16,24.4,22.61,Zonal,12.1,2.5,309.5,Ogee chute,22,37.56
KA05030030,Korekal MI,Minor Irrigation Department,Bidar,Aurad,Korekal,Gowdagaov,476,50.73,65.49,58.95,Zonal,13.52,2.43,618.13,F.O.F,39.6,62.48
KA05030031,Chintaki MI,Minor Irrigation Department,Bidar,Aurad,Chintaki,Chinthaki,240,16.99,11.18,11.18,Zonal,7.6,1.82,487.68,FOF,14,23.74
KA05030024,Kollur MI,Minor Irrigation Department,Bidar,Aurad,Eklar,Kollura,176,24.4,23.52,23.52,Zonal,11,2.43,450,Ogee,24,40.97
KA04120018,"Okali   
( New)",Minor Irrigation Department,Bidar,Basavakalyan,Kalkhora,Kalakora,215,0,175,0,Zonal,10,2.5,210,FOF,,175
KA05010021,Kalkhora MI,Minor Irrigation Department,Bidar,Basavakalyan,Kalkhora,Kalakora,122,16,17.38,34.78,Zonal,12,2.43,295,Submerssible,26,22.65
KA05010020,Attur MI,Minor Irrigation Department,Bidar,Basavakalyan,Kohinoor,Kohinura,76,9.76,6.83,6.83,Zonal,10.21,2.5,364,FOF,15,25.6
KA05010013,Karigonda Thanda,Minor Irrigation Department,Bidar,Basavakalyan,Kalkhora,Kalakora,,,,, ,,,, ,,
KA05010050,Betgarwadi P. T.,Minor Irrigation Department,Bidar,Basavakalyan,Betgera,Betagera,,,,, ,,,, ,,
KA05010047,Chikkanagaon Tank,Minor Irrigation Department,Bidar,Basavakalyan,Chikkanagaon,Chekanagaov,225,21.65,34.78,34.78,Zonal,15.95,2.5,385.87,Flush,16,28.02
KA05010011,Mannalli T,Minor Irrigation Department,Bidar,Basavakalyan,Ghotala,Mannalli,,,,, ,,,, ,,
KA05010023,Narayanpur MI,Minor Irrigation Department,Bidar,Basavakalyan,Narayanpur,Narayanapura,77,84.8,24,24,Homogeneous,7.5,3.64,1000,Submersible,64,33.91
KA05010024,Tartapur MI,Minor Irrigation Department,Bidar,Basavakalyan,Partapur,Parathapura,77,33.2,32,32,Homogeneous,9,2.1,1250,Submersible,27,28.7
KA05010018,Bet Balkunda MI,Minor Irrigation Department,Bidar,Basavakalyan,Betbalkunda,Gowra,1060,146,141.58,141.58,Zonal,12.08,2.5,1165,Flush,77,113.25
KA05010022,Saidapur MI,Minor Irrigation Department,Bidar,Basavakalyan,Harkud,Syedhapura,260,39.5,45.96,45.96,Zonal,10.61,2.5,430,Ogee weir,64,132.18
KA05010026,Mudbi MI,Minor Irrigation Department,Bidar,Basavakalyan,Mudbi,Mudabi,52,,4.92,, ,,,, ,,
KA05010009,Ujlamb MI,Minor Irrigation Department,Bidar,Basavakalyan,Ujlambh,Ujalamba,115,10.31,9.85,19.47,Zonal,10.4,2.5,420,FOF,22,35.07
KA05010049,Handral PT,Minor Irrigation Department,Bidar,Basavakalyan,Algud,Handriyala .R,,,,, ,,,, ,,
KA05010019,Algood MI,Minor Irrigation Department,Bidar,Basavakalyan,Algud,Alagoda,170,19.29,11.59,11.59,Zonal,10.3,2.5,377,F.O.F,60,25.37
KA05010015,Honnalli Mi,Minor Irrigation Department,Bidar,Basavakalyan,Ujlambh,Ujalamba,100,8.55,9.79,9.79,Zonal,12.6,2.5,253,Ogee,12,24.11
KA05010017,Sirgapur MI,Minor Irrigation Department,Bidar,Basavakalyan,Kohinoor,Sarajavalaga,100,13.55,8.69,8.69,Zonal,8.6,2.5,344,F.O.F,27.7,34.8
KA05010008,Eklur Thanda,Minor Irrigation Department,Bidar,Basavakalyan,Eklura,Yakalura,,,,, ,,,, ,,
KA05010010,Harkud Tanda,Minor Irrigation Department,Bidar,Basavakalyan,Harkud,Harakoda,,,,, ,,,, ,,
KA05010012,Hirnagaon P,Minor Irrigation Department,Bidar,Basavakalyan,Kherda (B),Hiranagaov,,,,, ,,,, ,,
KA05010027,Kohinoor,Minor Irrigation Department,Bidar,Basavakalyan,Bhosga,Bhosaga,,,,, ,,,, ,,
KA05010014,Hatiyal Percolation,Minor Irrigation Department,Bidar,Basavakalyan,Harkud,Hatthyala,,,,, ,,,, ,,
KA05020032,Dhannura Mi,Minor Irrigation Department,Bidar,Bhalki,Dhanura,Dhannura,134,17,13.09,13.09,Zonal,10.9,1.82,780,Flush,30,20.78
KA05020036,Khanapur,Minor Irrigation Department,Bidar,Bhalki,Malchapur,Khanapura,,,,, ,,,, ,,
KA05020042,Vilspur,Minor Irrigation Department,Bidar,Bhalki,Malchapur,Khanapura,152,31.4,37.05,37,Zonal,12,2.5,394.5,F.O.F,30,39.23
KA05020034,Kosam MI,Minor Irrigation Department,Bidar,Bhalki,Kosam,Kosama,49,4,10.09,10,Zonal,11.28,1.82,365,FOF,15,19.81
KA05020040,Bajolga T,Minor Irrigation Department,Bidar,Bhalki,Dadgi,Dhadagi,,,,, ,,,, ,,
KA05020028,Halhipparga MI,Minor Irrigation Department,Bidar,Bhalki,Halbarga,Pygampura,360,77,74,74,Zonal,17.5,2.5,910,Submerssible,60,75.02
KA05020008,Kalasdal PT,Minor Irrigation Department,Bidar,Bhalki,Beeri (B),Kotagyalawadi,75,12.6,12.57,12.57,Zonal,7.5,2.5,588,FOF,22,35
KA05020030,Jaigaon MI,Minor Irrigation Department,Bidar,Bhalki,Telgaon,Jaigaov,87,9.9,10.15,10.15,Zonal,8.77,2.5,375,FOF,15,23.49
KA05020045, ,Minor Irrigation Department,Bidar,Bhalki,Dongapur,Donigapura,,,,, ,,,, ,,
KA05020035,Methi Melkunda,Minor Irrigation Department,Bidar,Bhalki,Methimelkunda,Methi Melakundhawadi,,,,, ,,,, ,,
KA05020038,Targa Percolation,Minor Irrigation Department,Bidar,Bhalki,Attarga,Attarga,,,,, ,,,, ,,
KA05020041,Madakatti T,Minor Irrigation Department,Bidar,Bhalki,Dadgi,Dhadagi,,,,, ,,,, ,,
KA05020033,Tegampur Percolation,Minor Irrigation Department,Bidar,Bhalki,Halbarga,Pygampura,,,,, ,,,, ,,
KA05020037,Keroor Percolation,Minor Irrigation Department,Bidar,Bhalki,Beeri (K),Kerura,,,,, ,,,, ,,
KA05020046, ,Minor Irrigation Department,Bidar,Bhalki,Ambesanghvi,Hupala,234,0,20.7,20.7,Zonal,7.56,2.5,309,FOF,24,37.91
KA05020029,Bhalki,Minor Irrigation Department,Bidar,Bhalki,ULB-Bhalki-TMC,Bhalki,255,39,38.88,35,Zonal,10.9,2.5,695,Submerssible,24,39.07
KA05020031,Ambesangavi MI,Minor Irrigation Department,Bidar,Bhalki,Ambesanghvi,Ganeshapura,206,25,27.65,27.65,Zonal,9.6,2.5,715,FOF,22,30.71
KA05040044, ,Minor Irrigation Department,Bidar,Bidar,Sindol,Sindhola,,,,, ,,,, ,,
KA05040017,Hokarana (B),Minor Irrigation Department,Bidar,Bidar,Hokrana (B),Hokarana.B,70,9.96,5.3,11.05,Zonal,7.03,2.5,416,F.O.F,14,31.12
KA05040057, ,Minor Irrigation Department,Bidar,Bidar,Rekulgi,Rekulagi,,,,, ,,,, ,,
KA05040001, ,Minor Irrigation Department,Bidar,Bidar,Sindol,Sindhola,58,12,10.73,10.73,Homogeneous,5,2.13,420,F.O.F,17,25.2
KA05040005,Mannalli,Minor Irrigation Department,Bidar,Bidar,Manhalli,Mannalli,66,24,21.49,15,Homogeneous,6,2.5,1050,F.O.F,22,28.56
KA05040015,Yakatpur,Minor Irrigation Department,Bidar,Bidar,Nagoor,Yakathapura,,,,, ,,,, ,,
KA05040012,Chimkod,Minor Irrigation Department,Bidar,Bidar,Chimkode,Chimakoda,190,30,35.31,0,Homogeneous,10.22,2.5,750,F.O.F,70,31.92
KA05040024,Janwada,Minor Irrigation Department,Bidar,Bidar,Markhal,Marakala,301,43.6,78.7,78.7,Zonal,13.5,2.5,720,Flush escape,58,110.82
KA05040020,Kanhalli,Minor Irrigation Department,Bidar,Bidar,Srimandal,Byranalli.D,473,54.63,57.09,52.5,Zonal,12.65,2.43,1188.66,F.O.F,35,45.08
KA05040016, ,Minor Irrigation Department,Bidar,Bidar,Astoor,Ghumma,,,,, ,,,, ,,
KA05040059, ,Minor Irrigation Department,Bidar,Bidar,Gadgi,Gadhagi,,,,, ,,,, ,,
KA05040025,Markhal,Minor Irrigation Department,Bidar,Bidar,Markhal,Marakala,308,17,56.4,86.1,Zonal,11.36,2.44,701.5,F.O.F,30,37.86
KA05080007,Gadgi Percolation Tank,Minor Irrigation Department,Bidar,Bidar,Gadgi,Bavapura (A),,,,, ,,,, ,,
KA05040021,Aliamber,Minor Irrigation Department,Bidar,Bidar,Kaplapur(A),Honnikeri,403,20.2,49.76,49.76,Zonal,14.91,2.44,450,F.O.F,30,43.4
KA05040022,Janwada,Minor Irrigation Department,Bidar,Bidar,Aliyember,Mamadhapura,571,69,83.3,83.3,Zonal,13.2,2.5,967.5,Flush escape,53,110.82
KA05040019,Ashtoor,Minor Irrigation Department,Bidar,Bidar,Malkapur,Mirjapura.T,175,16.2,13.65,13.65,Zonal,10.68,2.5,395,F.O.F,30,29.38
KA05040006,Andur Wadi,Minor Irrigation Department,Bidar,Bidar,Andur,Anadhura,93,26.8,20.78,20.78,Zonal,7.86,2.5,984,F.O.F,28,23.02
KA05040029,Andura,Minor Irrigation Department,Bidar,Bidar,Andur,Anadhura,46,12,8.46,12,Homogeneous,5,2.5,665,F.O.F,40,31.92
KA05040002,Nizampur,Minor Irrigation Department,Bidar,Bidar,Kolar (K),Nijamapura,67,11.4,11.62,10.4,Zonal,8.5,2,624,F.O.F,33,22.82
KA05040028,Almaspur,Minor Irrigation Department,Bidar,Bidar,Astoor,Imamabadh,550,29,30.86,67.91,Zonal,12.89,2.5,570,Ogee,45,120.96
KA05040027,Solpur,Minor Irrigation Department,Bidar,Bidar,Gadgi,Solapura,51,8,18.66,18.66,Zonal,7,2.5,450,F.O.F,12,9.24
KA05040023,Kangankot,Minor Irrigation Department,Bidar,Bidar,Mandaknalli,Kanganakote,112,13.39,8.47,8.47,Zonal,9.05,2.5,900,F.O.F,15,23.96
KA05040060, ,Minor Irrigation Department,Bidar,Bidar,Malkapur,Shahapura,41,6.8,5.42,3.78,Homogeneous,5.98,2,305,F.O.F,15,12.96
KA05040003,Zamitanpur,Minor Irrigation Department,Bidar,Bidar,Yadlapur,Jamasthanapura,110,9.44,7.77,11.35,Zonal,9.3,2.5,330.6,F.O.F,10,15.68
KA05040007,Sikandrapur,Minor Irrigation Department,Bidar,Bidar,Andur,Sikindrapura,142,19.2,15.24,12.35,Zonal,9.3,2.5,600,F.O.F,14,21.9
KA05040008,Bellura,Minor Irrigation Department,Bidar,Bidar,Kolar (K),Belura,96,20.4,16.53,16.5,Homogeneous,6.93,2,510,F.O.F,30,28.14
KA05040026,Malkapur.,Minor Irrigation Department,Bidar,Bidar,Malkapur,Malakapura,49,12,13.5,13.5,Homogeneous,5,2.28,810,F.O.F,24,18.2
KA05040032,Chatnalli,Minor Irrigation Department,Bidar,Bidar,Chatnalli,Chatanalli,139,1.18,5.29,40.11,Zonal,6.1,2.5,374.5,F.O.F,30,14.84
KA05040004,Chatnalli Wadi,Minor Irrigation Department,Bidar,Bidar,Chatnalli,Chatanalli,343,76.2,40.4,5.29,Zonal,8.06,1.82,1040,F.O.F,18,30.41
KA05040031,Khashampur,Minor Irrigation Department,Bidar,Bidar,Aurad (S),Avaradha (Sirsi),47,5.65,34.49,34.49,Homogeneous,7.5,2.5,180,F.O.F,16,8.49
KA05040010,Aurad,Minor Irrigation Department,Bidar,Bidar,Sirsi (A),Sirsi (Avaradha),54,20,37.78,37.78,Homogeneous,7,2.5,606,F.O.F,15,16.8
KA05040030,Bowagi,Minor Irrigation Department,Bidar,Bidar,Mandaknalli,Shamasheeranagara,132,30,47.76,30,Zonal,10,2.5,540,F.O.F,30,70
KA05040013, ,Minor Irrigation Department,Bidar,Bidar,Yadlapur,Ayasapura,,,,, ,,,, ,,
KA05060019, ,Minor Irrigation Department,Bidar,Chitgoppa,Muthangi,Maddaragi,,,,, ,,,, ,,
KA05060016,Changliar Tank,Minor Irrigation Department,Bidar,Chitgoppa,Changlera,Allipura,396,35.84,58.37,58.4,Zonal,14.79,2.5,505,Ogee weir,32,46.35
KA05060006,Meenkera,Minor Irrigation Department,Bidar,Chitgoppa,Bemalkheda,Bimalakheda,148,0,27,27,Zonal,9.6,0,0,F.O.F.,15,13.23
KA05060001,Banhalli,Minor Irrigation Department,Bidar,Chitgoppa,Belkera,Bannahalli,287,22.66,21.23,19.17,Zonal,8.79,1.82,1550,F.O.F.,16,25.93
KA05060005,Fatimapur,Minor Irrigation Department,Bidar,Chitgoppa,ULB-Chittaguppa-TMC,Bataguppa,,,,, ,,,, ,,
KA05060002,Belkhera,Minor Irrigation Department,Bidar,Chitgoppa,ULB-Chittaguppa-TMC,Bataguppa,238,37.16,21.5,21.5,Zonal,10.43,2.44,872.8,F.O.F.,20,24.89
KA05060003,Mangalgi,Minor Irrigation Department,Bidar,Chitgoppa,Mangalgi,Mangalagi,277,6.72,48.76,48.76,Zonal,8.53,1.82,548,F.O.F.,18,42
KA05050020,Hallikhed (K),Minor Irrigation Department,Bidar,Homnabad,Hallikhed (K),Halli Kheda (K),258,40,52.32,52.32,Zonal,9.75,2.42,494,F.O.F.,20,69.34
KA05050021,Makta,Minor Irrigation Department,Bidar,Homnabad,Sindhankera,Sindhanakera,,,,, ,,,, ,,
KA05050017,Buggibasava,Minor Irrigation Department,Bidar,Homnabad,ULB-Humnabad-TMC,Humanabadh,,,,, ,,,, ,,
KA05050023,Dhumansoor,Minor Irrigation Department,Bidar,Homnabad,Dhumannsur,Dhummanasuru,263,57.4,54.16,54.29,Zonal,10.05,2.42,602,F.O.F.,14,41.16
KA05050018,Jalsangi,Minor Irrigation Department,Bidar,Homnabad,Jalasangi,Jalasangi,,,,, ,,,, ,,
KA05050024,Chinkera,Minor Irrigation Department,Bidar,Homnabad,Shedol,Chinakera,71,9,9.22,9.22,Zonal,7.92,1.82,336.8,F.O.F.,15,13.16
KA05050022,Jalsangi,Minor Irrigation Department,Bidar,Homnabad,Jalasangi,Jalasangi,192,29.94,16.97,16.97,Zonal,5.86,1.82,469.39,F.O.F.,30,28.98
KA05050019,Sonkera,Minor Irrigation Department,Bidar,Homnabad,Chandanhalli,Sonakera,,,,, ,,,, ,,
KA05080002,Gutti Percolation,Minor Irrigation Department,Bidar,Hulsur,Belura,Gutthi,,,,, ,,,, ,,
KA05080001,Mirkal MI,Minor Irrigation Department,Bidar,Hulsur,Mirkhal,Mirakala,57,5.99,7.09,8.12,Zonal,9.79,2.5,302,F.O.F,15,23.01
KA05070008, ,Minor Irrigation Department,Bidar,Kamalnagar,Mudhol (B),Bheemara,,,,, ,,,, ,,
KA05070019,Mudhole(B) MI,Minor Irrigation Department,Bidar,Kamalnagar,Mudhol (B),Mudhola.B,324,32,37.78,37.78,Zonal,13.25,2.42,770,Submersible,24.4,36.79
KA05070018,Kamalnagar MI,Minor Irrigation Department,Bidar,Kamalnagar,Kamalanagar,Kamalanagara,174,21,38.08,33.36,Zonal,11.1,2.42,852,F.O.F,40,43.35
KA05070011,Randiyal Mi,Minor Irrigation Department,Bidar,Kamalnagar,Dongaon (M),Randiyala,240,28,31.98,29.2,Zonal,11.1,2.42,672,Submersible,17.1,28.41
KA05070001,Bhopalgod Belkone,Minor Irrigation Department,Bidar,Kamalnagar,Belkoni (Bh),Belakuni Bhopalagada,1000,16.16,83.71,76.15,Zonal,14.26,2.5,615,Ogee chute,33.2,65.75
KA05070012,Hakiyal Mi,Minor Irrigation Department,Bidar,Kamalnagar,Murki,Hareyala,127,17.4,25.3,22.5,Zonal,10.51,2.43,410,FOF,18.4,43.24
KA05070017,Gangeshpur (U) MI,Minor Irrigation Department,Bidar,Kamalnagar,Murki,Murki,,,,, ,,,, ,,
KA05070016,Ganganbeed,Minor Irrigation Department,Bidar,Kamalnagar,Dabka (Ch),Ganganabeeda,40,0,3.55,0,Homogeneous,4.5,2.4,320,FOF,8,12.05
KA05070015,Dapka Mi,Minor Irrigation Department,Bidar,Kamalnagar,Dabka (Ch),Chavara Dhabaka,,,,, ,,,, ,,
KA05070013,Aknapur Storage,Minor Irrigation Department,Bidar,Kamalnagar,Dabka (Ch),Akanapura,,,,, ,,,, ,,
KA05070014,Chikali(U) MI,Minor Irrigation Department,Bidar,Kamalnagar,Chikli (U),Chikali (Udaneera),240,12.95,12.18,12.18,Zonal,10.36,2.43,323.08,F.O.F,25,25.28
KA27020002,Bellathasanahalla Tank,Minor Irrigation Department,Chamrajnagar,Chamrajnagar,Honganooru,Melumala,,,,, ,,,, ,,
KA27020074,Doddarayapete Kere,Minor Irrigation Department,Chamrajnagar,Chamrajnagar,Koodlooru;,Kudluru,,,,, ,,,, ,,
KA27020089,Mariyala Shivgangakere,Minor Irrigation Department,Chamrajnagar,Chamrajnagar,ULB-Chamarajanagara-CMC,Chamarajanagara,,,,, ,,,, ,,
KA27020086,Kathanayakankere,Minor Irrigation Department,Chamrajnagar,Chamrajnagar,Jyothigowdanapura,Jyothigowdanapura,94.3,32,16.98,29.13,Homogeneous,5.4,1.8,1366,Brad Crested Weir,32,14.88
KA27020076,Malagere,Minor Irrigation Department,Chamrajnagar,Chamrajnagar,Badanaguppe,Bedarapura,,,,, ,,,, ,,
KA27020071,Honganuru Hirikere,Minor Irrigation Department,Chamrajnagar,Chamrajnagar,Honganooru,Honganuru,732,128.17,216.51,226.1,Homogeneous,7.2,4,1890,Brad Crested Weir,30,13.95
KA27020039,Anemaduvina Kere,Minor Irrigation Department,Chamrajnagar,Chamrajnagar,Nanjedevanapura,Nanjedevanapura,51.72,62.02,18.29,15.98,Homogeneous,5,2.4,180,Brad Crested Weir,42,19.53
KA27020073,Hondarabalu,Minor Irrigation Department,Chamrajnagar,Chamrajnagar,Jyothigowdanapura,Hondarabalu,122,72,20,37.68,Homogeneous,5,9,1260,Brad Crested Weir,45,20.92
KA27020075,Kodi Mole,Minor Irrigation Department,Chamrajnagar,Chamrajnagar,Chandakavadi,Kodimolehalli,53.44,36,14.11,16.51,Homogeneous,5,7.2,1290,Brad Crested Weir,24,11.16
KA27020084,Narasmanagala,Minor Irrigation Department,Chamrajnagar,Chamrajnagar,Honnahalli,Narasamangala,47.6,32.3,23.52,14.7,Homogeneous,7,3,498,Brad Crested Weir,45,20.93
KA27020085,Mooruthoobina,Minor Irrigation Department,Chamrajnagar,Chamrajnagar,Honnahalli,Bokkepura,52.63,20,8.83,16.26,Homogeneous,6,1.8,437,Brad Crested Weir,26,12.09
KA27020047,Channspurada Hosa Kere,Minor Irrigation Department,Chamrajnagar,Chamrajnagar,Honnahalli,Yalachagere,,,,, ,,,, ,,
KA27020078,Kodi Ugne,Minor Irrigation Department,Chamrajnagar,Chamrajnagar,Bisalavadi,Kodi Uganiya,44,4.65,3.55,13.59,Homogeneous,10.6,1.8,600,Brad Crested Weir,25,11.63
KA27020028,New Tank Amachawadi,Minor Irrigation Department,Chamrajnagar,Chamrajnagar,Amachavadi,Amachawadi,610,56.7,55,188.41,Homogeneous,14.35,2.5,540,Ogee weir,82,6.29
KA27020072,Margada,Minor Irrigation Department,Chamrajnagar,Chamrajnagar,Haradanahalli,Haradhanahalli,153.3,87,32.1,47.35,Homogeneous,10,2.4,1860,Brad Crested Weir,35,4.16
KA27020040,Kerehalli Kere,Minor Irrigation Department,Chamrajnagar,Chamrajnagar,Mukkadahalli,Kerehalli,207,108.7,51.74,63.94,Homogeneous,5.65,1.8,1196.3,Clear overfall weir,102,46.25
KA27020087,Kempanapura,Minor Irrigation Department,Chamrajnagar,Chamrajnagar,Kemapanapura,Kempapura,110.52,85.02,42,34.14,Homogeneous,6,1.8,750,Brad Crested Weir,22,10.23
KA27020008,Yedeyur Kere,Minor Irrigation Department,Chamrajnagar,Chamrajnagar,Kuderu,Yalakkuru,,,,, ,,,, ,,
KA27020167,Ummathuru,Minor Irrigation Department,Chamrajnagar,Chamrajnagar,Ummathooru,Ummatthuru,,,,, ,,,, ,,
KA27020003,Suvarnanagara Kere,Minor Irrigation Department,Chamrajnagar,Chamrajnagar,Yeraganahalli,Yanagumba,,,,, ,,,, ,,
KA27020082,Mukananpalya,Minor Irrigation Department,Chamrajnagar,Chamrajnagar,Punajanooru,Punajuru State Forest,116,11.84,10.56,35.83,Homogeneous,10.76,2.4,427,Clear overfall weir,15,9.75
KA27010220,Kamarahalli Tank,Minor Irrigation Department,Chamrajnagar,Gundlupet,Begur,Beguru,405,100,94.19,125.09,Homogeneous,11.88,2.5,1360,Clear overfall weir,95,44.18
KA27010069,Kurubarundi Kere,Minor Irrigation Department,Chamrajnagar,Gundlupet,Kotekere,Yadavanahalli,,,,, ,,,, ,,
KA27010003,Kurubanahundi,Minor Irrigation Department,Chamrajnagar,Gundlupet,Kotekere,Yadavanahalli,,,,, ,,,, ,,
KA27010068,Hasapura Kere,Minor Irrigation Department,Chamrajnagar,Gundlupet,Kotekere,Yadavanahalli,,,,, ,,,, ,,
KA27010179, ,Minor Irrigation Department,Chamrajnagar,Gundlupet,Shivapura,Kallagowlanahalli,88.5,17,12,27.34,Homogeneous,12.2,1.8,792.5,Brad Crested Weir,17,7.91
KA27010176, ,Minor Irrigation Department,Chamrajnagar,Gundlupet,Bommalapura,Ankahalli,,,,, ,,,, ,,
KA26060073,Hanchipura South,Minor Irrigation Department,Chamrajnagar,Gundlupet,Kotekere,Kotekere,,,,, ,,,, ,,
KA27010001,Hanchipura North,Minor Irrigation Department,Chamrajnagar,Gundlupet,Kotekere,Kotekere,,,,, ,,,, ,,
KA27010015,Mantipura,Minor Irrigation Department,Chamrajnagar,Gundlupet,Baragi,Baragi,,,,, ,,,, ,,
KA27010008,Mudaguru,Minor Irrigation Department,Chamrajnagar,Gundlupet,Balachavadi,Narayanapura,,,,, ,,,, ,,
KA27010014,Devalapura,Minor Irrigation Department,Chamrajnagar,Gundlupet,Nenekatte,Devalapura,40.48,32.38,38.54,12.5,Homogeneous,10.65,2,525,Ogee weir,,
KA27010004,Manchahalli,Minor Irrigation Department,Chamrajnagar,Gundlupet,Alathur,Manchahalli,,,,, ,,,, ,,
KA27010016,Raghavapura,Minor Irrigation Department,Chamrajnagar,Gundlupet,Raghavapura,Raghavapura,54.65,51.41,36.5,16.88,Homogeneous,6.2,2.5,1320,Brad Crested Weir,90,41.85
KA27010261,Manchahalli,Minor Irrigation Department,Chamrajnagar,Gundlupet,Alathur,Manchahalli,76,8.9,4.4,23.47,Homogeneous,8.6,2.5,1350,Brad Crested Weir,25,11.63
KA27010009,Honnegowdanahalli Vadagatte,Minor Irrigation Department,Chamrajnagar,Gundlupet,Kannegala,Honnegowdanahalli,44.5,23.42,5.63,13.74,Homogeneous,5.8,2.5,480.8,Brad Crested Weir,55,25.58
KA27010006,Utturu,Minor Irrigation Department,Chamrajnagar,Gundlupet,Kodasoge,Byalakuppe,133,19.83,8.06,41.08,Homogeneous,9.75,1.8,500,Brad Crested Weir,25,11.63
KA27010013,Beerambadi Kempusagara,Minor Irrigation Department,Chamrajnagar,Gundlupet,Berambadi,Berambadi,64.5,49.79,44.95,19.92,Homogeneous,9.85,2.5,525,Brad Crested Weir,50,23.25
KA27010017,Kutanuru,Minor Irrigation Department,Chamrajnagar,Gundlupet,Koothanooru,Koothanuru,82.1,52.1,28.5,25.36,Homogeneous,6.35,2.5,1050,Brad Crested Weir,60,27.9
KA27010019,Vijayapura Amanikere,Minor Irrigation Department,Chamrajnagar,Gundlupet,Annur,Vijayapuradha Amanikere,180,129,40.72,55.6,Homogeneous,4.5,1.8,1341,Brad Crested Weir,,93.25
KA27010071,Bargi Kere,Minor Irrigation Department,Chamrajnagar,Gundlupet,Baragi,Baragi,151.88,34,21.43,46.91,Homogeneous,12,1.8,1000,Brad Crested Weir,75,34.88
KA27010018,Kallipura,Minor Irrigation Department,Chamrajnagar,Gundlupet,Kannegala,Kallipura,166.8,6.14,0,51.52,Homogeneous,10.2,2.5,1200,Brad Crested Weir,28,13.02
KA27010219,Kalkatte Tank,Minor Irrigation Department,Chamrajnagar,Gundlupet,Hundipura,Hullepura,,,,, ,,,, ,,
KA27010164, ,Minor Irrigation Department,Chamrajnagar,Gundlupet,Kannegala,Kunagahalli,,,,, ,,,, ,,
KA27010010,Vadayanapura Basavanakatte,Minor Irrigation Department,Chamrajnagar,Gundlupet,Kodasoge,Kodasoge,,,,, ,,,, ,,
KA27010020,Somanapura,Minor Irrigation Department,Chamrajnagar,Gundlupet,Kodasoge,Hullana,76.5,15.83,9.03,23.63,Homogeneous,6.97,1.8,823,Brad Crested Weir,44,20.46
KA27010007,Hullanahuli,Minor Irrigation Department,Chamrajnagar,Gundlupet,Kodasoge,Hullana,89,15.03,6.68,27.49,Homogeneous,5.5,2.5,458,Brad Crested Weir,35,16.28
KA27040016,Kote Kere,Minor Irrigation Department,Chamrajnagar,Kollegal,Thimmaraajipura,Jakkahalli,108,37.5,4.5,33.36,Homogeneous,2.4,8.5,1120,Sloping apron,18.3,8.51
KA27040006,Mudigunda Kere,Minor Irrigation Department,Chamrajnagar,Kollegal,ULB-Kollegal-CMC,Mudigundam,,,,, ,,,, ,,
KA27040007,Kongala Kere,Minor Irrigation Department,Chamrajnagar,Kollegal,ULB-Kollegal-CMC,Kollegala,,,,, ,,,, ,,
KA27040010,Rranganatha Kere,Minor Irrigation Department,Chamrajnagar,Kollegal,Madhuvinahalli,Madhuvanahalli,,,,, ,,,, ,,
KA27040009,Chikkaranganatha Kere,Minor Irrigation Department,Chamrajnagar,Kollegal,ULB-Kollegal-CMC,Kollegala,,,,, ,,,, ,,
KA27040019, ,Minor Irrigation Department,Chamrajnagar,Kollegal,Chikkalluru,Ikkadahalli,,,,, ,,,, ,,
KA27040018, ,Minor Irrigation Department,Chamrajnagar,Kollegal,Chikkalluru,Ikkadahalli,,,,, ,,,, ,,
KA27040012,Kottanuru Kere,Minor Irrigation Department,Chamrajnagar,Kollegal,Chikkalluru,Chikkyluru,40,34.9,29.8,12.36,Homogeneous,2.4,11.5,750,Clear overfall weir,15.5,7.21
KA27040001, ,Minor Irrigation Department,Chamrajnagar,Kollegal,Chikkalluru,Ikkadahalli,,,,, ,,,, ,,
KA27040017,Balagunase Kere,Minor Irrigation Department,Chamrajnagar,Kollegal,Thellanuru,Thellanuru,,,,, ,,,, ,,
KA27050053,Kowlihalla Tank,Minor Irrigation Department,Chamrajnagar,Kollegal(Hanur),,Reserved Forest,,,,, ,,,, ,,
KA27050040, ,Minor Irrigation Department,Chamrajnagar,Kollegal(Hanur),Dinnalli,Dhinnahalli,,,,, ,,,, ,,
KA27050071,Martalli Kere,Minor Irrigation Department,Chamrajnagar,Kollegal(Hanur),Maartalli,Martahalli,121,23.71,11.71,37.37,Homogeneous,2.4,10,274,Sloping apron weir,20,9.3
KA27050056,Gopinatham Tank,Minor Irrigation Department,Chamrajnagar,Kollegal(Hanur),,Reserved Forest,350,45,70.63,108.11,Homogeneous,2.4,18.17,347,Sloping apron weir,107,49.76
KA27050001, ,Minor Irrigation Department,Chamrajnagar,Kollegal(Hanur),Kurattihosooru,Kurahatti,,,,, ,,,, ,,
KA27050012, ,Minor Irrigation Department,Chamrajnagar,Kollegal(Hanur),,Reserved Forest,,,,, ,,,, ,,
KA27050003,Minnatha Halla Kere,Minor Irrigation Department,Chamrajnagar,Kollegal(Hanur),Hoogyam,Hoogyam,1215,88,129,375.28,Homogeneous,4,10.4,380,Ogee weir,18,8.37
KA27050083, ,Minor Irrigation Department,Chamrajnagar,Kollegal(Hanur),,Reserved Forest,,,,, ,,,, ,,
KA27050005,Ramana Gudde Kere,Minor Irrigation Department,Chamrajnagar,Kollegal(Hanur),Mangala,Mangala,,,,, ,,,, ,,
KA27050055,Alagapura Tank,Minor Irrigation Department,Chamrajnagar,Kollegal(Hanur),Bandalli,Reserved Forest,,,,, ,,,, ,,
KA27050085, ,Minor Irrigation Department,Chamrajnagar,Kollegal(Hanur),Bandalli,Bandahalli,,,,, ,,,, ,,
KA27030039,Hosahalli Tank,Minor Irrigation Department,Chamrajnagar,Yelandur,Gumballi,Gumballi,635,68.8,114.3,196.14,Homogeneous,2.43,16.75,868,Ogee weir,14,6.51
KA27030002,Thammegowdana Kere,Minor Irrigation Department,Chamrajnagar,Yelandur,Gumballi,Komaranapura,57,20.23,14.7,17.61,Homogeneous,2,9,1350,Ogee weir,18,8.37
KA27030006,Gowda Hallikatte,Minor Irrigation Department,Chamrajnagar,Yelandur,Gowdahalli,Gowdahalli,62,60.72,23.5,19.15,Homogeneous,2.43,13.63,732,Brad Crested Weir,27.5,12.79
KA27030005,Ganiganur Kere,Minor Irrigation Department,Chamrajnagar,Yelandur,Yeriyooru,Ganaganuru,70,30.35,9.13,21.62,Homogeneous,1.4,8.5,1680,Ogee weir,25.2,11.72
KA27030025,Gowdahally Tank,Minor Irrigation Department,Chamrajnagar,Yelandur,Gowdahalli,Alakere Agrahara,451,60.7,78.9,139.3,Homogeneous,2.4,14,731,Water Cushion Weir,48,22.32
KA27030004,Alkere Kere,Minor Irrigation Department,Chamrajnagar,Yelandur,Gowdahalli,Alakere Agrahara,58,29.14,7.31,17.91,Homogeneous,1.8,8.5,1260,Brad Crested Weir,37,17.21
KA28040446,Mittemari Tuvadammanakere,Minor Irrigation Department,Chikkaballapura,Bagepalli,Mittemari,Mittemari,274,51.82,31.39,70,Zonal,5.5,5,630,Sloping Apron,10.25,42.73
KA28040425,Machanahalli Hosakere,Minor Irrigation Department,Chikkaballapura,Bagepalli,Palyakere,Machanapalli,298,19.83,5.41,80,Zonal,3,2,480,Sloping Apron,12.65,75.4
KA28040424,Talyakere Kere,Minor Irrigation Department,Chikkaballapura,Bagepalli,Palyakere,Palyacheravu,414,63.56,28.74,75,Zonal,4,2,1080,Sloping Apron,12.63,69.12
KA28040444,Tatapalya Ammanakere,Minor Irrigation Department,Chikkaballapura,Bagepalli,Pathapalya,Pathapalya,351,50.6,61.61,80,Zonal,5,2.5,540,Clear Over Fall,14,39.27
KA28040426,Venkatapura Kere,Minor Irrigation Department,Chikkaballapura,Bagepalli,Nallagutlapalli,Gundlapalli,202,21.86,8.15,75,Zonal,4,2,810,Sloping Apron,10.12,50.27
KA28040441,Yellampalli Uramundinakere,Minor Irrigation Department,Chikkaballapura,Bagepalli,Yellampalli,Yallampalli,132,70.85,28.75,72,Zonal,4,1.8,840,Sloping Apron,10.36,45.87
KA28040435,Gadidam Kere,Minor Irrigation Department,Chikkaballapura,Bagepalli,ULB-Bagepalli-TMC,Bagepalli,170,54.25,29.53,84,Zonal,5,2,560,Clear Over Fall,10.25,8.07
KA28040438,Chinnaganapalli Yerragudi Kere,Minor Irrigation Department,Chikkaballapura,Bagepalli,Somanathapur,Chinnaganapalli,336,25.5,12.67,75,Zonal,3.5,2,510,Sloping Apron,10.36,105.57
KA28040431,Tuligal Gudibanda Kere,Minor Irrigation Department,Chikkaballapura,Bagepalli,Puligallu,Pulagallu,306,19.43,7.32,50,Zonal,3.5,2,570,Clear Over Fall,14,144.53
KA28040538,Krishinapuradasavanthankute,Minor Irrigation Department,Chikkaballapura,Bagepalli,Gantumvaripalli,Puttaparthi,148,27.53,15.68,70,Zonal,4,2,630,Clear Over Fall,12.65,49.48
KA28040436,Mulapalli  Kere,Minor Irrigation Department,Chikkaballapura,Bagepalli,Devaragudipalli,Mallasandra,247,70.04,29.08,70,Zonal,4,2.5,1170,Sloping Apron,10.12,71.63
KA28040437,Agutimadike Kere,Minor Irrigation Department,Chikkaballapura,Bagepalli,Thollapalli,Thollapalli,258,35.62,20.45,75,Zonal,4.5,2,450,Sloping Apron,10.25,50.27
KA28040447,Naremaddepalli Kere,Minor Irrigation Department,Chikkaballapura,Bagepalli,Naremuddepalli,Naramuddepalli,478,99.19,59.14,75,Zonal,4.5,2.5,1200,Sloping Apron,14.36,48.01
KA28040430,Vandaman New,Minor Irrigation Department,Chikkaballapura,Bagepalli,Racheravu,Arigevaragutta,165,13.77,23,64.52,Zonal,4.5,2,810,Sloping Apron,12.5,87.34
KA28040433,Nallappareddipalli Kere,Minor Irrigation Department,Chikkaballapura,Bagepalli,Nallapareddypalli,Nallappareddipalli,259,49.39,44.69,72,Zonal,6,2,480,Clear Over Fall,12.56,92.06
KA28040434,Guluru Kere,Minor Irrigation Department,Chikkaballapura,Bagepalli,Gulur,Guluru,176,33.6,21.69,78,Zonal,4.5,2,960,Sloping Apron,14,73.83
KA28040429,G.Maddepalli Kere,Minor Irrigation Department,Chikkaballapura,Bagepalli,Thimamapalli,G. Muddgepalli,115,54.65,26.39,80,Zonal,4,2,650,Sloping Apron,12.65,69.12
KA28040445,Rascheravu Kere,Minor Irrigation Department,Chikkaballapura,Bagepalli,Racheravu,Rascheravu,244,54.65,24.22,72,Zonal,4,2,840,Clear Over Fall,12.56,194.8
KA28040422,Billie Kere,Minor Irrigation Department,Chikkaballapura,Bagepalli,Billur,Billuru,676,48.58,92.87,75,Zonal,5,2.5,960,Sloping Apron,12.56,81.69
KA28040420,Boyinavaripalli Kere,Minor Irrigation Department,Chikkaballapura,Bagepalli,Thimamapalli,Guttapalya,123,36.03,24.3,80,Zonal,4,2,440,Sloping Apron,10.12,43.98
KA28040428,Marganakunta Kere,Minor Irrigation Department,Chikkaballapura,Bagepalli,Marganukunte,Marganakunte,153,36.43,30.31,75,Zonal,4.2,2,345,Sloping Apron,13.64,42.73
KA28040427,Tesalparthi New,Minor Irrigation Department,Chikkaballapura,Bagepalli,Kothakote,Pesalaparthi,111.15,13.59,14.63,90,Homogeneous,5.2,2.5,780,Clear Over Fall,12.63,9.94
KA28040539,Taragodu Mangasandra Kere,Minor Irrigation Department,Chikkaballapura,Bagepalli,Paragodu,Mangasandra,150,37.24,21.43,70,Zonal,4.2,2,480,Clear Over Fall,12.63,84.83
KA28040443,Achepalli Kere,Minor Irrigation Department,Chikkaballapura,Bagepalli,Yellampalli,Achepalli,300,25.5,12.2,70,Zonal,4,2.5,675,Sloping Apron,14.36,71.63
KA28040423,Somanathapura Kere,Minor Irrigation Department,Chikkaballapura,Bagepalli,Somanathapur,Somanathapura,226,20.24,14.26,80,Zonal,5,2.5,240,Clear Over Fall,12.5,84.83
KA28040442,Taragodu Kere,Minor Irrigation Department,Chikkaballapura,Bagepalli,Paragodu,Paragodu,136,23.07,9.93,71,Zonal,4.5,1.8,780,Sloping Apron,12.56,43.98
KA28040449,Tatapalya Kere,Minor Irrigation Department,Chikkaballapura,Bagepalli,Pathapalya,Pathapalya,462,61.53,51.22,75,Zonal,4,2,630,Clear Over Fall,13.64,76.97
KA28040440,Karkuru Kere,Minor Irrigation Department,Chikkaballapura,Bagepalli,Devaragudipalli,Karakuru,197,89.47,29.76,75,Zonal,4,2,840,Clear Over Fall,14.36,103.68
KA28040439,Yallampalli Sanjeevammana Kere,Minor Irrigation Department,Chikkaballapura,Bagepalli,Yellampalli,Yallampalli,195,40.08,21.6,69,Zonal,3.5,2,810,Clear Over Fall,12.5,83.65
KA28040448,Tatapalya Kadhirammana Kere,Minor Irrigation Department,Chikkaballapura,Bagepalli,Pathapalya,Pathapalya,298,23.48,17.77,70,Zonal,4,2,570,Sloping Apron,12.56,56.55
KA28040432,Tuligalreddi Kere,Minor Irrigation Department,Chikkaballapura,Bagepalli,Puligallu,Pulagallu,189,30.36,13.28,70,Zonal,4,2,400,Clear Over Fall,13.64,117.82
KA28020141,Teresandra Hoskere,Minor Irrigation Department,Chikkaballapura,Chik Ballapur,Perasandra,Boinahalli,190,9.2,121.45,42,Zonal,3.8,2.5,222,Over Fall,10.45,125.68
KA28020051, ,Minor Irrigation Department,Chikkaballapura,Chik Ballapur,Mandikal,Parenahalli,,,,, ,,,, ,,
KA28020136,Toornasagara,Minor Irrigation Department,Chikkaballapura,Chik Ballapur,Doddapailagurki,Poornasagar A.kere,75,52.63,50.18,210,Zonal,8.4,2.5,440,Over Fall,14.36,47.13
KA28020129,Chikkapailagurki,Minor Irrigation Department,Chikkaballapura,Chik Ballapur,Doddapailagurki,Samasenahalli,210,40.5,10.17,98.3,Zonal,3.3,2.5,510,Flush Escape,12.5,64.88
KA28020142,Reddihalli,Minor Irrigation Department,Chikkaballapura,Chik Ballapur,Doddapailagurki,Reddihalli Amanikere,102,58.29,33.98,95.1,Zonal,4.5,2.5,780,Ogee Weir & Over Fall,10.36,43.36
KA28020177,Yerramavarapalli Thimmanayakana Kere,Minor Irrigation Department,Chikkaballapura,Chik Ballapur,Gollahalli,Yaramarenahalli,101.21,30.4,27.63,190,Zonal,9,2.5,730,Flush Escape,9.6,109.87
KA28050292,Ramasamudra,Minor Irrigation Department,Chikkaballapura,Chik Ballapur,Doddapailagurki,Koduru,874,190.28,280.18,196.13,Zonal,12.1,3.5,450,Over Fall,12.56,241.98
KA28020138,Teresandra Byrasagara,Minor Irrigation Department,Chikkaballapura,Chik Ballapur,Perasandra,Peresandra,95,41.7,33.45,250,Zonal,6.3,2,450,Over Fall,14.3,74.77
KA28020176,Amani Marali,Minor Irrigation Department,Chikkaballapura,Chik Ballapur,Doddamarali,Amani Doddamaralikere,95,32.79,14.64,87.04,Zonal,4.9,2.5,690,Over Fall,10.25,81.69
KA28020133,Kanithahalli,Minor Irrigation Department,Chikkaballapura,Chik Ballapur,Kondenahalli,Kanathahalli,58,30.49,9.7,58,Zonal,5.5,2.5,540,Over Fall,12.56,98.77
KA28020134,Bommanahalli,Minor Irrigation Department,Chikkaballapura,Chik Ballapur,Agalagurki,Srirampura,43,4.85,5.23,37.65,Zonal,3.5,2.5,660,"Over 
Fall -1",10.25,42.41
KA28020139,Hosahudya,Minor Irrigation Department,Chikkaballapura,Chik Ballapur,Hosahudya,S.I.Hosahudya,67,64.77,12.55,67.2,Zonal,3.1,2.5,780,Over Fall,12.65,91.11
KA28020140,Jatavara,Minor Irrigation Department,Chikkaballapura,Chik Ballapur,Hosahudya,S.I.Jathavara,2.9,63.52,8.63,42.1,Zonal,3,2.5,570,Flush Escape,12.63,21.99
KA28020126,Amanigopala Krishna,Minor Irrigation Department,Chikkaballapura,Chik Ballapur,Patrenahalli,Gopalakrishna Amanikere,270,287.85,233.19,291,Zonal,6.1,2.5,1260,Flush Escape & Over Fall,11.3,57.97
KA28020127,Kandavara Amanikere,Minor Irrigation Department,Chikkaballapura,Chik Ballapur,ULB-Chikkaballapur-CMC,Kandavara Amanikere,210,133.19,81.55,210,Zonal,6,2.5,1320,Ogee Weir,12.5,67.92
KA28020152, ,Minor Irrigation Department,Chikkaballapura,Chik Ballapur,Thippanahalli,Thippenahalli,,,,, ,,,, ,,
KA28020128,Srinivasa Sagara,Minor Irrigation Department,Chikkaballapura,Chik Ballapur,Poshottahalli,Balakuntahalli,486,125.5,157.6,486,Zonal,11.3,2.5,720,Ogee Weir,14,187.24
KA28020137,Rangadama,Minor Irrigation Department,Chikkaballapura,Chik Ballapur,Thippanahalli,Dinnehosahalli,2.16,36.03,39.46,127.5,Zonal,7.8,2.5,1140,Ogee Weir & Flush Escape,14.36,53.07
KA28020130,Manchanabele Amanikere,Minor Irrigation Department,Chikkaballapura,Chik Ballapur,Manchnabele,Manchabele Amanikere,153,92.71,53.32,153,Zonal,4.9,2.5,1110,Sloping Apron,9.6,121.91
KA28020144,Kathriguppe,Minor Irrigation Department,Chikkaballapura,Chik Ballapur,Angarekanahalli,Kattariguppe,62,30.76,16.2,66,Zonal,5,2.5,985,Over Fall,13.64,72.26
KA28020135,Mustoor,Minor Irrigation Department,Chikkaballapura,Chik Ballapur,Thippanahalli,Mushturu,42,19.43,6.01,42,Zonal,4.8,2.5,1110,Flush Escape,10.36,43.98
KA28020081, ,Minor Irrigation Department,Chikkaballapura,Chik Ballapur,Angarekanahalli,Angarekhanahalli,,,,, ,,,, ,,
KA28020131,Marsanahalli Mavu Amanikere,Minor Irrigation Department,Chikkaballapura,Chik Ballapur,Harobande,Mavuamanikere,73,63.15,48.88,88,Zonal,5,2.5,1200,Over Fall,14.3,62.84
KA28020132,Dibburu Hosakere,Minor Irrigation Department,Chikkaballapura,Chik Ballapur,Dibburu,Dibburu,54.2,34.81,16.2,54.25,Zonal,4.7,2.5,810,Over Fall,10.12,50.27
KA28020079, ,Minor Irrigation Department,Chikkaballapura,Chik Ballapur,Dibburu,Chalakayalaparthi,,,,, ,,,, ,,
KA28020012, ,Minor Irrigation Department,Chikkaballapura,Chik Ballapur,Dibburu,Chalakayalaparthi,,,,, ,,,, ,,
KA28020074, ,Minor Irrigation Department,Chikkaballapura,Chik Ballapur,Dibburu,Gangarekaluve,,,,, ,,,, ,,
KA28020143,Kasanakunte,Minor Irrigation Department,Chikkaballapura,Chik Ballapur,Dibburu,Gangarekaluve,42,22.26,16.99,291,Zonal,3.8,1.5,410,Over Fall,9.66,23.56
KA28060539,Kencharlakere Kere,Minor Irrigation Department,Chikkaballapura,Chintamani,Mindigal,Bodanamari,42.5,92.8,74,2.13,Zonal,9.3,2.1,900,Sloping Apron,10.12,874
KA28060534,Kotegallu Amanikere,Minor Irrigation Department,Chikkaballapura,Chintamani,Kotagal,Kotekallu,67.6,53.1,39.2,0.65,Zonal,8.56,1.4,390,Clear Over Fall,12.63,1149.12
KA28060546,Bhaktharahalli Nagalakunte,Minor Irrigation Department,Chikkaballapura,Chintamani,Kattariguppe,Bhaktharahalli,42,28.2,35.07,0.95,Zonal,9.6,1.5,210,Sloping Apron,12.65,1098.56
KA28060532,Hebbari Kere,Minor Irrigation Department,Chikkaballapura,Chintamani,Ulavadi,Hebbari,49.87,69.2,36.8,0.46,Zonal,4.4,1.3,1200,Sloping Apron,12.65,4322.33
KA28060533,Ulavadi Amanikere,Minor Irrigation Department,Chikkaballapura,Chintamani,Ulavadi,Voolavadi,52.61,76.4,22.14,0.57,Zonal,3.8,1.3,1200,Sloping Apron,12.5,1975.32
KA28060538,Ganjuru Doddakere,Minor Irrigation Department,Chikkaballapura,Chintamani,Doddaganjur,Doddaganjuru,79.04,81,37.32,0.83,Zonal,3.3,1.3,1080,Sloping Apron,10.12,2454.76
KA28060536,Kodadavadi Kere,Minor Irrigation Department,Chikkaballapura,Chintamani,Doddaganjur,Kodihalli,63.25,55.2,14.35,0.66,Zonal,4,1.3,1050,Sloping Apron,13.64,319.69
KA28060540,Kaivara Kere,Minor Irrigation Department,Chikkaballapura,Chintamani,Kaiwara,Kaiwara,74.1,69.25,13.84,0.51,Zonal,4.6,1.32,1150,Sloping Apron,12.65,1856
KA28060471,Kendanahalli Akunte,Minor Irrigation Department,Chikkaballapura,Chintamani,Peramachanahalli,Kendhanahalli,,,,, ,,,, ,,
KA28060535,Anuru Kere,Minor Irrigation Department,Chikkaballapura,Chintamani,Anoor,Anuru,48.56,62.2,26.88,0.52,Zonal,4,1.3,960,Sloping Apron,12.56,1283.63
KA28060543,Akkimangala Kere,Minor Irrigation Department,Chikkaballapura,Chintamani,Santhekallahalli,Akkimangala,75.92,44.11,14.1,0.68,Zonal,4.3,1.5,720,Clear Over Fall,12.56,1074
KA28060674,Kurburu Amanikere,Minor Irrigation Department,Chikkaballapura,Chintamani,Kurubur,Kuruburu,193.6,120.8,97.61,2.24,Zonal,6,1.2,1140,Sloping Apron,12.5,2726
KA28060541,Talagavara Amanikere,Minor Irrigation Department,Chikkaballapura,Chintamani,Talagavara,Talagavara,173.2,93.48,73.44,1.38,Zonal,6.3,1.37,1650,Clear Over Fall,12.63,847
KA28060537,Anuru Naukanakere,Minor Irrigation Department,Chikkaballapura,Chintamani,Anoor,Anuru,48.98,25.6,9.14,0.4,Zonal,3.95,1.5,930,Sloping Apron,12.63,1040.7
KA28060542,Munganahalli Kere,Minor Irrigation Department,Chikkaballapura,Chintamani,M.Gollahalli,Munganahalli,49.34,7,13.2,0.34,Zonal,10,4,630,Sloping Apron,10.12,5400
KA28060544,Burubugunte Amanithimmasani Kere,Minor Irrigation Department,Chikkaballapura,Chintamani,Burudagunte,Burudagunte,120.02,50.62,50,1.41,Zonal,12,2.1,1230,Clear Over Fall,13.64,2065.45
KA28060531,Tapatimmanahalli Rajana Voddu,Minor Irrigation Department,Chikkaballapura,Chintamani,Korlaparthi,Papathimmanahalli,67.88,46,41.2,0.65,Zonal,1.5,1.3,199,Sloping Apron,13.64,3016.46
KA28060545,Basavapura Gabbinayanavoddu,Minor Irrigation Department,Chikkaballapura,Chintamani,Mittahalli,Appasanahalli,100.43,39.2,14,0.14,Zonal,3.1,2,468,Clear Over Fall,12.56,5135.25
KA28060618, ,Minor Irrigation Department,Chikkaballapura,Chintamani,Korlaparthi,Manira Muddenahalli,,,,, ,,,, ,,
KA28060675,Korlaparthi Kere,Minor Irrigation Department,Chikkaballapura,Chintamani,Korlaparthi,Korlaparthi,98.44,58.72,90,2.54,Zonal,9,2,700,S.A.-1         O.F.-1,10.12,4021.43
KA28010111,Balareddihalli Tuttanarayanappana Kere,Minor Irrigation Department,Chikkaballapura,Gauribidanur,Jarabandahally,Balareddyhalli,93.92,17.4,18.82,42.26,Zonal,4.1,2.25,300,Clear Over Fall,12.5,9.84
KA28010043,Kenkere Kere,Minor Irrigation Department,Chikkaballapura,Gauribidanur,Gedare,Kenkere,80.76,17.46,24.15,76.92,Zonal,6.2,1.8,1670,Clear Over Fall,10.12,18.69
KA28010039,Alkapura Kere,Minor Irrigation Department,Chikkaballapura,Gauribidanur,Alakapura,Alakapura,33,17.93,4.76,42,Zonal,3.1,2.2,1200,Clear Over Fall,9.6,111.78
KA28010089,Namagondlu Kere,Minor Irrigation Department,Chikkaballapura,Gauribidanur,Namagondlu,Namagondlu,80,60.39,105,40,Zonal,5.1,2.9,330,Sloping Apron,14.3,19.32
KA28010085,Tothenahalli Kere,Minor Irrigation Department,Chikkaballapura,Gauribidanur,Alakapura,Pothenahalli,43,32.38,14.64,43,Zonal,2.6,1.6,810,Clear Over Fall,12.5,109.13
KA28010092,Gedare Kere,Minor Irrigation Department,Chikkaballapura,Gauribidanur,G.Bommasandra,Mallasandra,141,74.99,36.41,189,Zonal,6.1,1.5,380,Clear Over Fall,14,149.04
KA28010077,Hanumenahalli Kere,Minor Irrigation Department,Chikkaballapura,Gauribidanur,Alakapura,Hanumenahalli,54,45.34,10.79,54,Zonal,4,1.8,850,Clear Over Fall,14.36,124.2
KA28010109,Tidachalahallikere,Minor Irrigation Department,Chikkaballapura,Gauribidanur,Jarabandahally,Pidachalahalli,,,,, ,,,, ,,
KA28010045,Sonaganahalli Toornambhudhi,Minor Irrigation Department,Chikkaballapura,Gauribidanur,Sonaganahally,Sonaganahalli,240.51,55,29.09,240,Zonal,5.4,2.5,930,Clear Over Fall,14.36,149.04
KA28010047,G. Bommasandra Uramundhina Kere,Minor Irrigation Department,Chikkaballapura,Gauribidanur,G.Bommasandra,G.Bommasandra,100,45.81,13.53,100,Zonal,4.1,1.2,1850,Clear Over Fall,14,74.52
KA28010100,Bisalahalli Kere,Minor Irrigation Department,Chikkaballapura,Gauribidanur,Pura,Bisalahalli,18.21,10.52,6.27,9.11,Homogeneous,4.1,2,420,Clear Over Fall,12.63,9.94
KA28010044,Hunasekunte,Minor Irrigation Department,Chikkaballapura,Gauribidanur,Sonaganahally,Hunasekunte,41,7.48,7.76,41,Zonal,3,2,240,Clear Over Fall,12.5,65.58
KA28010156,Kurubarahalli Melinakere,Minor Irrigation Department,Chikkaballapura,Gauribidanur,Hirebidanur,Chigatagere,41.1,29.95,38,8.22,Zonal,4.8,1.8,1410,Sloping Apron,10.36,6.8
KA28010078,Namagondlu Chikkakere,Minor Irrigation Department,Chikkaballapura,Gauribidanur,Namagondlu,Namagondlu,53,17.81,30,27.56,Zonal,3.6,1.4,880,Clear Over Fall,9.6,12.95
KA28010074,Kadaburu Tavarae Kere,Minor Irrigation Department,Chikkaballapura,Gauribidanur,Hirebidanur,Kurubarahalli,87,37.65,59,43.5,Zonal,4.5,2.5,810,Sloping Apron,14.3,9.25
KA28010106,Kachamachanahallikere,Minor Irrigation Department,Chikkaballapura,Gauribidanur,Gedare,Kachamachanahalli,74.99,45.34,15,74,Zonal,4.3,1.4,600,Clear Over Fall,12.56,94.4
KA28010040,Hosakote Kere,Minor Irrigation Department,Chikkaballapura,Gauribidanur,Sonaganahally,Bhaktarahalli,42,14.17,3.32,42,Zonal,4,2,450,Sloping Apron,10.36,69.55
KA28010090,Venkatapura Ayyammana Kere,Minor Irrigation Department,Chikkaballapura,Gauribidanur,B.Bommasandra,Chinchenahalli,38,11.33,122,19,Zonal,5.1,2.9,510,Sloping Apron,12.63,16.04
KA28010082,Kadaburu Tavarekere,Minor Irrigation Department,Chikkaballapura,Gauribidanur,Namagondlu,Budagenahalli,80,34,34,48,Zonal,3.9,2,860,Clear Over Fall 2,10.45,18.9
KA28010076,Gangasandra Hosakere,Minor Irrigation Department,Chikkaballapura,Gauribidanur,Gangasandra,Gangasandra,93,48.17,75,55.8,Zonal,5.1,2,860,Clear Over Fall 2,14.36,13.22
KA28010042,Mudugere Kere,Minor Irrigation Department,Chikkaballapura,Gauribidanur,Mudugere,Mudigere,112.54,93.11,23.6,116,Zonal,6,1.85,2340,Clear Over Fall,13.64,144.1
KA28010048,Hosur Kannikere,Minor Irrigation Department,Chikkaballapura,Gauribidanur,Sonaganahally,Hosuru,125.1,17.93,4.76,125,Zonal,4.1,2.5,350,Clear Over Fall,12.65,201.69
KA28010041,Gundapura Kere,Minor Irrigation Department,Chikkaballapura,Gauribidanur,Kadalaveni,Gundapura,49.14,170,16,29.48,Zonal,3.9,2,9750,Sloping Apron,10.12,17.02
KA28010073,Gangasandra Muduganakunte Kere,Minor Irrigation Department,Chikkaballapura,Gauribidanur,Gangasandra,Gangasandra,80,27.93,36,36,Zonal,4.5,2,720,Clear Over Fall,12.5,16.22
KA28010030,Kdhalveni Kere,Minor Irrigation Department,Chikkaballapura,Gauribidanur,Kadalaveni,Kadalaveni,60.62,78.54,69,27.28,Zonal,4.27,2,1170,Sloping Apron,13.64,16.8
KA28010050,Gotakanapura Kere,Minor Irrigation Department,Chikkaballapura,Gauribidanur,Gangasandra,Gotakanapura,53.03,57.89,68,10.61,Zonal,4.5,1.2,990,Clear Over Fall 2,14,24.04
KA28010038,Vychakurahallikere,Minor Irrigation Department,Chikkaballapura,Gauribidanur,Kadalaveni,Vyjakuranahalli,,,,, ,,,, ,,
KA28010031,Rampura Ramswamy Kere,Minor Irrigation Department,Chikkaballapura,Gauribidanur,Ramapura,Ramapura,40,23.88,6.22,40,Zonal,4,1.8,730,Clear Over Fall,11.3,47.21
KA28010049,Saganahalli Lingappana Kunte Kere,Minor Irrigation Department,Chikkaballapura,Gauribidanur,Gangasandra,Saganahalli,84.9,26.72,38,44.15,Zonal,4.5,2,1460,Clear Over Fall,10.25,13.38
KA28010069,B. Bommasandra Ramapada Kere,Minor Irrigation Department,Chikkaballapura,Gauribidanur,B.Bommasandra,Chinchenahalli,31.69,15.37,14,14.26,Zonal,4.5,2.4,830,Sloping Apron,12.5,10.9
KA28010034,Kurudi Uramundhina Kere,Minor Irrigation Department,Chikkaballapura,Gauribidanur,Kurudi,Kurudi,27.4,44.12,12.07,44,Zonal,5,2,750,Clear Over Fall,14.3,298.1
KA28010032,Anudi Kere,Minor Irrigation Department,Chikkaballapura,Gauribidanur,Kurudi,Asudi,61,55.06,16.46,61,Zonal,3.1,1.8,1080,Clear Over Fall,9.6,67.1
KA28010083,Kalludi Kere,Minor Irrigation Department,Chikkaballapura,Gauribidanur,Chikkakurugodu,Kalludi,63,50.6,75,31.5,Zonal,3.9,2.5,1350,Clear Over Fall 2,12.56,30.12
KA28010035,Idaguru Kere,Minor Irrigation Department,Chikkaballapura,Gauribidanur,Idagur,Idaguru,173,110,115,86.5,Zonal,3.9,1.2,1730,Clear Over Fall,12.63,15.35
KA28010051,D. Talya Mahamalleshwara Kere,Minor Irrigation Department,Chikkaballapura,Gauribidanur,D.Palya,Darinaikanapalya,87.88,31.37,52,45.7,Zonal,5.7,1.8,900,Sloping Apron,10.25,20
KA28010036,Kudrebalya Kere,Minor Irrigation Department,Chikkaballapura,Gauribidanur,Ramapura,Hosaupparahalli,70,61.94,16.28,70,Zonal,2.6,2.3,1020,Clear Over Fall,9.66,89.42
KA28010053,Hudugur Chikkakere,Minor Irrigation Department,Chikkaballapura,Gauribidanur,D.Palya,Darinaikanapalya,398,34,34,179.1,Zonal,3.9,3.1,1050,Clear Over Fall,9.66,42
KA28010059,Bichapura  Kere,Minor Irrigation Department,Chikkaballapura,Gauribidanur,Bychapura,Bychapura,73,34.42,24,36.5,Zonal,3.9,1.8,1840,Sloping Apron,12.63,7.61
KA28010025,Kurugudu Kere,Minor Irrigation Department,Chikkaballapura,Gauribidanur,Doddakurugodu,Doddakurugodu,109,66,90,65.4,Zonal,1.5,1.5,1130,Sloping Apron,10.12,14.22
KA28010057,Nakkalahalli Kere,Minor Irrigation Department,Chikkaballapura,Gauribidanur,Nakkalahalli,Nakkalahalli,84,61.53,41.55,63,Zonal,5.5,2,720,Clear Over Fall,14,54.98
KA28010028,Halaganahalli Gollachikkana Kunte,Minor Irrigation Department,Chikkaballapura,Gauribidanur,Halaganahally,Halaganahalli,40.07,34.8,28,20.84,Zonal,3.6,1.8,620,Sloping Apron,9.6,23.68
KA28010058,Virupasandra Uramundina Kere,Minor Irrigation Department,Chikkaballapura,Gauribidanur,Bychapura,Virupasandra,51,24.69,6,10.2,Zonal,4.6,2.2,1160,Sloping Apron,10.36,42
KA28010027,Halaganahalli Uramundina Kere,Minor Irrigation Department,Chikkaballapura,Gauribidanur,Halaganahally,Halaganahalli,112,40.48,45,67.2,Zonal,3.9,1.85,1320,Sloping Apron,10.45,31.5
KA28010037,Maralur Kere,Minor Irrigation Department,Chikkaballapura,Gauribidanur,Kadalaveni,Maraluru,143.67,82.78,85,74.71,Zonal,,2.5,1200,Clear Over Fall,12.65,19.61
KA28010096,Nayakaralu Kere,Minor Irrigation Department,Chikkaballapura,Gauribidanur,B.Bommasandra,Yerranagenahalli,83,26.72,22,49.8,Zonal,4.5,2.2,300,Clear Over Fall 2,14.36,22.2
KA28010029,Idguru Nallur Kunte Kere,Minor Irrigation Department,Chikkaballapura,Gauribidanur,Idagur,Idaguru,75,28.34,27,15,Zonal,3,1.4,900,Sloping Apron,11.3,15.46
KA28010054,Hudugur Kere,Minor Irrigation Department,Chikkaballapura,Gauribidanur,Hudugur,Huduguru,62,80,210,12.4,Zonal,4.4,,,Clear Over Fall,11.3,11.1
KA28010052,Lakkasandra Kere,Minor Irrigation Department,Chikkaballapura,Gauribidanur,Hudugur,Lakkasandra,56,18.22,29,28,Zonal,4.5,1.8,660,Clear Over Fall,12.56,8.61
KA28010084,Chikkakurugodu Kere,Minor Irrigation Department,Chikkaballapura,Gauribidanur,Chikkakurugodu,Chikkakurugodu,53.64,21.86,26,24.14,Zonal,4.35,1.4,720,Sloping Apron,13.64,13
KA28010093,Kundhihalli Chikkakere,Minor Irrigation Department,Chikkaballapura,Gauribidanur,Ramapura,Kundhihalli,40,29.95,6.4,40,Zonal,3.2,1.3,690,Clear Over Fall,10.45,129.17
KA28010208,Guyyalahalli Kere,Minor Irrigation Department,Chikkaballapura,Gauribidanur,Shyampura,Marimakanahalli,64,122.15,11.76,33.28,Zonal,6,2.2,270,Sloping Apron,10.25,8.07
KA28010081,Nagarabhavi Kere,Minor Irrigation Department,Chikkaballapura,Gauribidanur,Halehally,Halehalli,10,27.3,24.83,4.5,Homogeneous,4.3,2.3,630,Clear Over Fall,9.66,7.61
KA28010079,Chikkahosahalli Kere,Minor Irrigation Department,Chikkaballapura,Gauribidanur,Kallinayakanahalli,Chikkahosahalli,125,9,21.08,123,Zonal,7,2.5,420,Sloping Apron,12.63,55.64
KA28010080,Gowdagere Melina Kere,Minor Irrigation Department,Chikkaballapura,Gauribidanur,Gowdagere,Gowdagere,55,32,9.82,24.75,Zonal,4.8,3,585,Clear Over Fall,13.64,10.74
KA28010087,Gowdagere Kelagina Kere,Minor Irrigation Department,Chikkaballapura,Gauribidanur,Gowdagere,Gowdagere,41.7,20.64,7.84,25.02,Zonal,5.3,2.2,500,Clear Over Fall,10.12,7.97
KA28010205,Basavanahalli Hosa Kere,Minor Irrigation Department,Chikkaballapura,Gauribidanur,Bevinahally,Basavanahalli,51,14.17,5.4,51,Zonal,3.6,2,570,Sloping Apron,10.12,27.82
KA28010209,Kamareddihalli Hosa Kere,Minor Irrigation Department,Chikkaballapura,Gauribidanur,Shyampura,Guyalahalli,56,16.2,10.45,33.6,Homogeneous,7,2.2,248,Clear Over Fall,14.36,11.31
KA28010088,Upparahalli Hosakere,Minor Irrigation Department,Chikkaballapura,Gauribidanur,Halehally,Vupparahalli,44.53,7.35,7.65,22.27,Zonal,5,2.2,344,Sloping Apron,14.3,11.26
KA28010091,Sadenahalli Hosa Kere,Minor Irrigation Department,Chikkaballapura,Gauribidanur,Shyampura,Shampura,51.4,12.15,4.97,10.28,Homogeneous,4.6,2.1,405,Sloping Apron,10.36,8.16
KA28010046,Amallekere,Minor Irrigation Department,Chikkaballapura,Gauribidanur,Bevinahally,Doddamallekere,66,53.04,18.84,68,Zonal,5.1,1.8,1250,Clear Over Fall,13.64,99.36
KA28010206,Dyavasandra Hosakere,Minor Irrigation Department,Chikkaballapura,Gauribidanur,Taridhalu,Dyavasandra,72,42.43,28.36,72,Zonal,3.5,2,1050,Clear Over Fall,12.56,62.1
KA28010071,Dandiganahalli Dasegowdana Kere,Minor Irrigation Department,Chikkaballapura,Gauribidanur,Minakanagurki,Dandiganahalli,40.07,17.14,17.77,8.01,Zonal,4.4,2,225,Clear Over Fall,14,11.02
KA28010070,Dandiganahalli Hosakere,Minor Irrigation Department,Chikkaballapura,Gauribidanur,Minakanagurki,Dandiganahalli,13,39.82,112.95,2.6,Homogeneous,4.5,2.2,337,Ogee Weir / Still Way,11.3,8.9
KA28010086,Veerammanahalli Kere,Minor Irrigation Department,Chikkaballapura,Gauribidanur,Taridhalu,Veerammanahalli,19,14.2,6.4,49,Zonal,3.5,2.3,540,Sloping Apron,10.25,49.68
KA28010072,Varavani Ittammana Kere,Minor Irrigation Department,Chikkaballapura,Gauribidanur,Gowdagere,Varavani,48.57,20.64,6.01,24.29,Zonal,4.2,2.3,1005,Clear Over Fall,12.56,9.89
KA28010094,Kamaganahalli Sanna Kere,Minor Irrigation Department,Chikkaballapura,Gauribidanur,Bevinahally,Kamaganahalli,,,,, ,,,, ,,
KA28010103,Muthukadahalli Kere,Minor Irrigation Department,Chikkaballapura,Gauribidanur,Thondebhavi,Thondebhavi,51,8.09,3.55,51,Zonal,4.2,2.46,330,Clear Over Fall,10.45,26.1
KA28010011,Dandiganahally Tank,Minor Irrigation Department,Chikkaballapura,Gauribidanur,Minakanagurki,Rayanakallu,188.66,93.11,62.99,98.1,Zonal,5.1,2.1,880,Clear Over Fall,12.65,9.96
KA28010101,Bhoomenahalli Kere,Minor Irrigation Department,Chikkaballapura,Gauribidanur,Thondebhavi,Bommenahalli,40,34.58,8.64,70,Homogeneous,3.6,1.8,540,Clear Over Fall,10.36,89.42
KA28010108,Nagaragere Chikkakere,Minor Irrigation Department,Chikkaballapura,Gauribidanur,Nagaragere,Nagarakere,40.89,21.86,6.01,33.52,Zonal,4.5,1.8,810,Clear Over Fall,9.66,29.84
KA28010063,Zeelakunte Kere,Minor Irrigation Department,Chikkaballapura,Gauribidanur,Mudulodu,Jeelakunte,56.68,47.36,19.6,45.34,Zonal,5.5,2,780,Clear Over Fall,10.36,54.98
KA28010066,Nagaragere Kere,Minor Irrigation Department,Chikkaballapura,Gauribidanur,Nagaragere,Nagarakere,242.9,138.05,123.36,189.46,Zonal,8.5,2,1050,Clear Over Fall,10.45,157.1
KA28010062,Hunasenahalli Kere,Minor Irrigation Department,Chikkaballapura,Gauribidanur,Melya,Hunasenahalli,40,7.4,7.76,30,Zonal,4.5,2.5,690,Sloping Apron,14.36,32.67
KA28010064,Mallenahalli Kere,Minor Irrigation Department,Chikkaballapura,Gauribidanur,Nagaragere,Mallenahalli,43,19.02,7.31,34.4,Zonal,5.5,2,690,Clear Over Fall,12.65,62.84
KA28010104,M.Gollahalli,Minor Irrigation Department,Chikkaballapura,Gauribidanur,Nakkalahalli,Katanakallu,48,13.76,5.99,18.77,Zonal,4.5,1.2,810,Clear Over Fall,12.56,12.56
KA28010061,Melya Kere,Minor Irrigation Department,Chikkaballapura,Gauribidanur,Melya,Melya,125.5,111.33,54.62,100.4,Zonal,6.5,2,1440,Sloping Apron,10.25,94.26
KA28010068,Muduludu Kere,Minor Irrigation Department,Chikkaballapura,Gauribidanur,Vatadahosahally,Vatadhahosahalli,132,20.15,16.35,105.6,Homogeneous,4.5,2.5,820,Clear Over Fall,12.5,128.82
KA28010067,Cholashettyhalli Kere,Minor Irrigation Department,Chikkaballapura,Gauribidanur,G.Kothur,Jolashettyhalli,51.82,9.71,8.36,41.45,Zonal,5.5,2.5,390,Sloping Apron,11.3,30.16
KA28010001,Gundlakotthur Kere,Minor Irrigation Department,Chikkaballapura,Gauribidanur,G.Kothur,G.Kotthanuru,54,22.67,9.14,43.2,Zonal,5,2.5,780,Sloping Apron,12.63,37.7
KA28010055,Vatadahosahalli Kere,Minor Irrigation Department,Chikkaballapura,Gauribidanur,Vatadahosahally,Thokalahalli,981.78,117,345,687.24,Zonal,17,4,510,Clear Over Fall,10.12,14.13
KA28010026,Kadamalakuntae Malleshwara Kere,Minor Irrigation Department,Chikkaballapura,Gauribidanur,Doddakurugodu,Kudumalakunte,104.85,26.79,35,54.52,Zonal,4.5,1.85,820,Clear Over Fall,12.65,32.81
KA28010060,Velapi Kere,Minor Irrigation Department,Chikkaballapura,Gauribidanur,Melya,Belapi,51.41,36.84,12.02,38.55,Zonal,4.5,2,1550,Sloping Apron,12.56,35.19
KA28010056,Manivala Kere,Minor Irrigation Department,Chikkaballapura,Gauribidanur,Mudulodu,Manivala,177,94.33,55.14,132.75,Zonal,8.5,2,1440,Sloping Apron,13.64,69.12
KA28010065,Badamaraluru  Uramundina Kere,Minor Irrigation Department,Chikkaballapura,Gauribidanur,Bychapura,Budhimaraluru,44.92,28.34,20,8.98,Zonal,3.45,2.5,1050,Sloping Apron,11.3,7.61
KA28010033,Chandanaduru Kere,Minor Irrigation Department,Chikkaballapura,Gauribidanur,Halaganahally,Chandanaduru,93.22,155.8,24,41.95,Zonal,5.1,1.5,2190,Sloping Apron 2,9.66,25.62
KA28030019,Beechaganahalli,Minor Irrigation Department,Chikkaballapura,Gudibanda,Beechaganahally,Beechaganahalli,73.56,39.65,30.05,58.84,Zonal,10,3,900,Sloping Apron,12.56,50.27
KA28030015,Chandooru Kannappanakunte,Minor Irrigation Department,Chikkaballapura,Gudibanda,Hampasandra,Chanduru,96.66,58.7,53.31,77.24,Zonal,7.5,2,900,Sloping Apron,14,56.65
KA28030025,Kambhalahalli,Minor Irrigation Department,Chikkaballapura,Gudibanda,Tirumani,Kambalahalli,44.12,22.67,14.37,35.29,Zonal,5.5,3,1050,Sloping Apron,10.25,17.46
KA28030011,Yellodukere,Minor Irrigation Department,Chikkaballapura,Gudibanda,Yellodu,Ellodu,44.12,18.62,19.07,34.41,Zonal,6,3,540,Clear Over Fall,13.64,37.7
KA28030014,Hampasandra Hosakere,Minor Irrigation Department,Chikkaballapura,Gudibanda,Hampasandra,J.I.Benneparthi,229,75,44.86,89.54,Zonal,4.5,8,990,Over Fall,12.65,54.99
KA28030013,Hampasandrakere,Minor Irrigation Department,Chikkaballapura,Gudibanda,Hampasandra,Hampasandra,71.65,35.22,14.37,51.58,Zonal,6.5,3,720,Sloping Apron,12.63,25.13
KA28030012,Nilugumbakere,Minor Irrigation Department,Chikkaballapura,Gudibanda,Yellodu,Nuligumba,59.24,21.86,12.8,44.43,Zonal,7,5.5,510,Sloping Apron,10.12,25.13
KA28030009,Kadehalli Kere,Minor Irrigation Department,Chikkaballapura,Gudibanda,Hampasandra,Kadehalli,56.68,23.88,20.9,42.51,Zonal,6.5,5.5,850,Sloping Apron,12.56,31.42
KA28030104,Bairasagara Kere,Minor Irrigation Department,Chikkaballapura,Gudibanda,Dapparti,Amani Byrasagrakere,504.04,192.3,215.36,352,Zonal,20,7,1200,Clear Over Fall,12.5,377.04
KA28030017,Somenahalli,Minor Irrigation Department,Chikkaballapura,Gudibanda,Somenahally,Somenahalli,59.51,19.43,7.84,44.63,Zonal,5.5,2,660,Sloping Apron,12.56,75.4
KA28030018,Doddanancherlu Kere,Minor Irrigation Department,Chikkaballapura,Gudibanda,Tirumani,Doddananjharlu,63.56,23.48,12.28,50.84,Zonal,8,2,540,Clear Over Fall,12.5,73.05
KA28030021,Tirumani,Minor Irrigation Department,Chikkaballapura,Gudibanda,Tirumani,Thirumani,81.37,48.58,13.32,66.72,Zonal,6.5,3,1100,Sloping Apron,14.36,82.44
KA28030016,Ganganahalli,Minor Irrigation Department,Chikkaballapura,Gudibanda,Somenahally,Jambige Maradahalli,65.99,21.05,23.52,51.47,Zonal,9,3.5,420,Clear Over Fall,12.63,47.13
KA28030020,Someshwara,Minor Irrigation Department,Chikkaballapura,Gudibanda,Somenahally,Someshwara,86.63,27.93,10.71,69.3,Zonal,7.5,2,600,Sloping Apron,10.12,75.4
KA28050060,Sadalammanakere,Minor Irrigation Department,Chikkaballapura,Sidlaghatta,Sadali,Sadhali,107,40.48,20.91,14.63,Zonal,4.5,2.5,720,Over Fall,12.65,69.14
KA28050043,Sadali Hosakere,Minor Irrigation Department,Chikkaballapura,Sidlaghatta,S.Devaganahalli,Neralemaradhahalli,111,42.91,21.69,15.18,Zonal,5.1,5.5,690,Sloping Apron,12.63,56.07
KA28050058,Thimmasandra Arsikere,Minor Irrigation Department,Chikkaballapura,Sidlaghatta,Thimmasandra,Thimmasandra,106,30.76,26.92,41.45,Zonal,8,2.5,710,Sloping Apron,10.12,75.43
KA28050088,Kondarajanahalli Mavinakere,Minor Irrigation Department,Chikkaballapura,Sidlaghatta,Thimmasandra,Kondrajanahalli,,,,, ,,,, ,,
KA28050056,Animadgu Somanakere,Minor Irrigation Department,Chikkaballapura,Sidlaghatta,Doddathekalahalli,Anemadagu,164,31.98,30.05,21.04,Zonal,6,2,690,Over Fall,14.36,57.35
KA28050064,Thimmanayakanahalli Nagalakere,Minor Irrigation Department,Chikkaballapura,Sidlaghatta,Thimmanayakanahalli,Thimmanayakanahalli,,14.98,5.22,,Zonal,5.6,1.9,1600,Over Fall & Sloping Apron,12.56,129.36
KA28050059,Basettihalli Vodayanahosakere,Minor Irrigation Department,Chikkaballapura,Sidlaghatta,Bashetnahalli,Valasenahalli,104,10.52,2.61,1.83,Zonal,4,2.5,540,Over Fall,10.25,57.83
KA28060676,Venkatesa Sagara,Minor Irrigation Department,Chikkaballapura,Sidlaghatta,Talakayalabetta,Talakayalabetta,76.8,66.42,135,3.82,Zonal,7.5,4,390,Sloping Apron,12.5,5194.83
KA28050276,Nimmanavoddu Bandaragatta Kere,Minor Irrigation Department,Chikkaballapura,Sidlaghatta,Ganjigunta,Doddabandharaghatta,106,19.66,10.65,7.45,Zonal,6,2.5,390,Over Fall,12.63,152.42
KA28050145,Golhalli Kere,Minor Irrigation Department,Chikkaballapura,Sidlaghatta,Doddathekalahalli,Doddathekalahalli,,,,, ,,,, ,,
KA28050049,Bachegowdarakere,Minor Irrigation Department,Chikkaballapura,Sidlaghatta,Doddathekalahalli,Bandammanakere,107,18.21,3.92,2.74,Zonal,5,2.5,660,Sloping Apron,10.12,90.51
KA28050003,Vadayanakere,Minor Irrigation Department,Chikkaballapura,Sidlaghatta,Bashetnahalli,Bashettyhalli,,23.43,,0,Zonal,4,2,600,Over Fall,12.56,54.99
KA28050275,Timmanayakanahalli Agraharada Kere,Minor Irrigation Department,Chikkaballapura,Sidlaghatta,Thimmanayakanahalli,Thimmanayakanahalli,97,53.44,52.54,37.93,Zonal,6,2,1800,Over Fall & Sloping Apron,12.5,133.82
KA28050002,Vadayanahosakere,Minor Irrigation Department,Chikkaballapura,Sidlaghatta,Bashetnahalli,Bashettyhalli,167,15.38,31.88,1.83,Zonal,5,2.5,410,Sloping Apron,14,56.57
KA28050051,Kanapanahalli Hosakere,Minor Irrigation Department,Chikkaballapura,Sidlaghatta,Palicherlu,Palacharlu,46,11.23,7.74,0,Zonal,4,2.5,780,Sloping Apron,13.64,27.66
KA28050050,Amanibandammanakere,Minor Irrigation Department,Chikkaballapura,Sidlaghatta,Abludu,Sadhahalli,115,51.04,39.98,27.98,Zonal,6,2.5,540,Sloping Apron,12.65,72.28
KA28050144,Tharabhalli  Urumundinkere,Minor Irrigation Department,Chikkaballapura,Sidlaghatta,Palicherlu,Tarabahali,,,,, ,,,, ,,
KA28050290,Abbuludu,Minor Irrigation Department,Chikkaballapura,Sidlaghatta,Abludu,Abbalodu,50,42.91,19.08,13.35,Zonal,4,2.5,1050,Sloping Apron,14.36,82.97
KA28050055,Sidlagata Gowdana Kere,Minor Irrigation Department,Chikkaballapura,Sidlaghatta,Handiganala,Hanumanthapura,222,168.42,101.67,71.17,Zonal,6,8,1410,Over Fall,12.63,63.17
KA28050048,Sidlagata Amani Kere,Minor Irrigation Department,Chikkaballapura,Sidlaghatta,ULB-Shidlaghatta-CMC,Gowdanakere,452,397,190.97,133.55,Zonal,6,15,1035,Over Fall,12.56,23.57
KA28050054,Kothanuru,Minor Irrigation Department,Chikkaballapura,Sidlaghatta,Kothanur,Kotthanuru,10,81.38,74.49,52.14,Zonal,4,2.5,690,Sloping Apron,12.5,38.59
KA28050044,Devaramalluru,Minor Irrigation Department,Chikkaballapura,Sidlaghatta,Devaramaulur,Gummanahalli,122,165.99,27.96,19.57,Zonal,5.5,3.5,680,Sloping Apron,10.25,57.83
KA28050068,Bhaktharahalli Arsikere,Minor Irrigation Department,Chikkaballapura,Sidlaghatta,Kundalagurki,Dasenahalli Amanikere,155,60.3,27.18,19.02,Zonal,4,2.5,730,Sloping Apron,12.56,41.48
KA28050046,Malamachanahalli,Minor Irrigation Department,Chikkaballapura,Sidlaghatta,Malamachanahalli,Malamachanahalli,256,29.55,27.71,19.39,Zonal,4.5,5.5,1050,Sloping Apron,13.64,46.51
KA28050052,Amaniballadakere,Minor Irrigation Department,Chikkaballapura,Sidlaghatta,Hospate,Hireballa,226,89.06,30.84,21.59,Zonal,5,2.5,715,Sloping Apron,10.25,56.57
KA28050047,Cheemangala Kere,Minor Irrigation Department,Chikkaballapura,Sidlaghatta,Chimangala,Yannuru,110,32.79,7.32,5.12,Zonal,5,6,495,Over Fall,12.56,62.85
KA28050101,Mallur,Minor Irrigation Department,Chikkaballapura,Sidlaghatta,Mallur,Malluru,167,27.12,7.32,5.12,Zonal,5,2.5,510,Sloping Apron,14,41.48
KA28050063,Mallur,Minor Irrigation Department,Chikkaballapura,Sidlaghatta,Mallur,Muthur,,,,, ,,,, ,,
KA28050045,Sorakayalahalli,Minor Irrigation Department,Chikkaballapura,Sidlaghatta,Thammanahalli,Hujaguru,223,121.45,52.27,36.59,Zonal,4.5,8,990,Over Fall,10.12,54.99
KA28050053,Belluti,Minor Irrigation Department,Chikkaballapura,Sidlaghatta,Melur,Chowdasandra,430,173.27,33.45,23.42,Zonal,6,3.5,1080,Sloping Apron,12.65,55.31
KA17080023,Kallahalli Kukkasamudra Kere,Minor Irrigation Department,Chikkamagaluru,Ajjampur,Chikkaballekere,Chikkaballakere,586,76.5,9.85,5.35,Homogeneous,7,2.5,1500,clear over fall,50,1300
KA17080025,Mudigere Kere,Minor Irrigation Department,Chikkamagaluru,Ajjampur,Asandhi,Aasandhi,123,6.56,35.36,1,Homogeneous,9.75,3.5,1050,Broad Crested,16,
KA17080027,Javur Javurdoddakere,Minor Irrigation Department,Chikkamagaluru,Ajjampur,Javur,Javuru,80,4.2,20.5,0.58,Homogeneous,4,1.8,540,Broad Crested,15,
KA17080026,Shivanidoddaker,Minor Irrigation Department,Chikkamagaluru,Ajjampur,Shivani,Shivani Kasaba,100.22,68,6.99,0.57,Homogeneous,8,2.5,1160,Broad Crested,22,
KA17080130,Bukkambudi Doddakere,Minor Irrigation Department,Chikkamagaluru,Ajjampur,Bukkambudhi,Bukkambudhi,230.4,164,314,1.76,Homogeneous,13,8,840,Broad Crested,8,
KA17050140,Sakrepatna Ayyana Kere,Minor Irrigation Department,Chikkamagaluru,Chikkamagaluru,Mallenhalli,Kamenahalli Kaval,1574,118.54,420.5,252.3,Homogeneous,11,10,450,Slopped Apron,46,3840
KA17060286,Lakkammanahalli Akkammanakatte,Minor Irrigation Department,Chikkamagaluru,Chikkamagaluru,Lakkammanahalli,Lakkammanahalli,52,8.09,8.66,21.42,Homogeneous,7.4,1.8,480,Slopped Apron,30,1500
KA17060282,Ballehalli,Minor Irrigation Department,Chikkamagaluru,Chikkamagaluru,Kelagur,Balehalli,68.39,2.8,1.22,28.17,Homogeneous,3.6,1.5,240,Slopped Apron,15,185
KA17060289,Aldur Uramundinakere,Minor Irrigation Department,Chikkamagaluru,Chikkamagaluru,Aldur,Aldhuru,49.77,2.02,1.01,20.5,Homogeneous,5,4.57,245,Slopped Apron,12,225
KA17060290,"Amagaravalli, Uramundinakere",Minor Irrigation Department,Chikkamagaluru,Chikkamagaluru,Doddamagaravalli,Haliyuru,61.91,4.24,1.26,25.5,Homogeneous,6,1.8,675,Slopped Apron,10,300
KA17060301,Magadi Kere,Minor Irrigation Department,Chikkamagaluru,Chikkamagaluru,Mugulavalli,Magadi,106.6,11.73,14.2,43.9,Homogeneous,5,5.5,1400,Slopped Apron,40,645
KA17060300,Amble Kere,Minor Irrigation Department,Chikkamagaluru,Chikkamagaluru,Ambale,Ambale,125.04,41.27,27.56,51.5,Homogeneous,5.5,2.8,1080,Slopped Apron,46,500
KA17060302,Kalasapura Uramundinakere,Minor Irrigation Department,Chikkamagaluru,Chikkamagaluru,Kalasapura,Kalasapura,53.4,27.5,13.23,21.99,Homogeneous,5,3.5,800,Slopped Apron,28,600
KA17060007, ,Minor Irrigation Department,Chikkamagaluru,Chikkamagaluru,Mugthihalli,Kadrimidri,,,,, ,,,, ,,
KA17060295,Belavadi Kere,Minor Irrigation Department,Chikkamagaluru,Chikkamagaluru,Belavadi,Belawadi,340.98,153,79.5,140.23,Homogeneous,13.5,9.1,1984,Slopped Apron,25,3250
KA17060314,Kalasapura Thimmappanayakanakere,Minor Irrigation Department,Chikkamagaluru,Chikkamagaluru,Kalasapura,Kalasapura,56.5,14.97,4.6,23.27,Homogeneous,7,3,1050,Slopped Apron,25,945
KA17060307,Vastare Hirekere,Minor Irrigation Department,Chikkamagaluru,Chikkamagaluru,Vastare,Vasthare,64.34,10.92,5.48,26.5,Homogeneous,4.8,2,600,Slopped Apron,40,250
KA17060297,Marle Kere,Minor Irrigation Department,Chikkamagaluru,Chikkamagaluru,Marle,Marle,44.2,28.41,14.29,18.2,Homogeneous,5,1.8,1210,Slopped Apron,45,430
KA17060303,Eshwarahalli Uramundinakere,Minor Irrigation Department,Chikkamagaluru,Chikkamagaluru,Eswarahalli,Eshwarahalli,59.4,52,20.65,24.46,Homogeneous,9,2.1,720,Slopped Apron,30,1155
KA17060288,Mukthihalli Kere,Minor Irrigation Department,Chikkamagaluru,Chikkamagaluru,Mugthihalli,Matthavara,54.22,6.82,3.44,22.33,Homogeneous,3.8,3,630,Slopped Apron,25,315
KA17060296,Aradavalli Kere,Minor Irrigation Department,Chikkamagaluru,Chikkamagaluru,Hariharadalli,Aradhavalli,69.9,20.63,10.12,28.29,Homogeneous,4.5,1.4,1050,Slopped Apron,30,475
KA17060283,Matthavara Hunasekatte,Minor Irrigation Department,Chikkamagaluru,Chikkamagaluru,Mugthihalli,Moogthihalli,81.09,1.61,0.26,33.4,Homogeneous,2.8,1.4,210,Slopped Apron,15,
KA17060308,Karthikere Kere,Minor Irrigation Department,Chikkamagaluru,Chikkamagaluru,Karthikere,Karthikere,44.6,11.33,5.75,18.37,Homogeneous,4.5,1.5,975,Slopped Apron,25,510
KA17060293,Lakshmipura Kodlikere,Minor Irrigation Department,Chikkamagaluru,Chikkamagaluru,Beekanahalli,Hiremagaluru,121.3,6.7,1.82,49.96,Homogeneous,3.6,2.85,510,Slopped Apron,36,290
KA17060284,Hariharadahalli Balsekatte,Minor Irrigation Department,Chikkamagaluru,Chikkamagaluru,Hariharadalli,Aradhavalli,51.8,1.61,0.81,21.33,Homogeneous,5,1.2,420,Slopped Apron,15,210
KA17060310,Hiremagaluru Kere,Minor Irrigation Department,Chikkamagaluru,Chikkamagaluru,Beekanahalli,Hiremagaluru,98.74,26.7,11.22,40.66,Homogeneous,4.5,3.5,750,Slopped Apron,40,550
KA17060312,Kote Thavarekere,Minor Irrigation Department,Chikkamagaluru,Chikkamagaluru,Tegur,Chikkamagalur,65.86,14.56,7.54,27.12,Homogeneous,4.1,1.8,600,Slopped Apron,25,139
KA17060285,Sindigere Uramundinakere,Minor Irrigation Department,Chikkamagaluru,Chikkamagaluru,Sindhigere,Shindhigere,73.8,16.9,9,30.39,Homogeneous,6,2.5,750,Slopped Apron,20,300
KA17060309,Kuravangi Kere,Minor Irrigation Department,Chikkamagaluru,Chikkamagaluru,Karthikere,Kuruvangi,43.7,14.16,5.72,18,Homogeneous,4.2,1.5,720,Slopped Apron,25,560
KA17060292,Kuruvangi Nallikere,Minor Irrigation Department,Chikkamagaluru,Chikkamagaluru,Karthikere,Kuruvangi,50.98,11.73,5.86,21,Homogeneous,3,1.2,250,Slopped Apron,15,545
KA17060306,Indavara Tavarakere,Minor Irrigation Department,Chikkamagaluru,Chikkamagaluru,Indavara,Indhavara,70,2.84,11.42,28.83,Homogeneous,3.3,1.8,570,Slopped Apron,15,125
KA17060305,Indavara Huligundarayanakere,Minor Irrigation Department,Chikkamagaluru,Chikkamagaluru,Indavara,Indhavara,185.33,8.5,6.24,76.33,Homogeneous,3.7,3.5,270,clear over fall,12.5,470
KA17060313,"Dantaramakki, Basavanahalli Kere",Minor Irrigation Department,Chikkamagaluru,Chikkamagaluru,ULB-Chickamagaluru-CMC,Dhantaramakki,310,47.75,49.92,127.66,Homogeneous,9.4,5.5,930,Slopped Apron,30,650
KA17060311,Hunasavalli Hanumanakere,Minor Irrigation Department,Chikkamagaluru,Chikkamagaluru,Beekanahalli,Hiremagaluru,53.4,11.73,1.42,21.99,Homogeneous,3.1,4.9,300,clear over fall,25,425
KA17060298,Dasarahalli Kere,Minor Irrigation Department,Chikkamagaluru,Chikkamagaluru,Lakya,Dasarahalli,,,,, ,,,, ,,
KA17050124,Chikkapattanagere Uramundinakere,Minor Irrigation Department,Chikkamagaluru,Kadur,Pattanagere,Chikkapatnagere,195.5,60.96,92.68,55.61,Homogeneous,5,4,2160,Slopped Apron,20,700
KA17050126,Tangali Uramundinakere,Minor Irrigation Department,Chikkamagaluru,Kadur,Tangli,Thangali,101.2,90.65,82.74,49.52,Homogeneous,4,6,900,Slopped Apron,40,1275
KA17050131,Anegere Urumundinakere,Minor Irrigation Department,Chikkamagaluru,Kadur,Aanegere,Anagere,80.9,93.5,63.18,37.91,Homogeneous,4,3,1600,Slopped Apron,30,850
KA17050121,K Bidre Uramundinakere,Minor Irrigation Department,Chikkamagaluru,Kadur,K.Bidare,K.Bidare,40.4,53.1,34.52,20.71,Homogeneous,3,3,810,Slopped Apron,20,11092
KA17050108,Hale Madaga Kere,Minor Irrigation Department,Chikkamagaluru,Kadur,Emmedoddi,Emmedoddikaval,210,100,100,60,Homogeneous,14,2.5,900,Slopped Apron,65,1300
KA17050100, ,Minor Irrigation Department,Chikkamagaluru,Kadur,Chikkangala,Chikkangala,136.78,46.53,39.64,23.74,Homogeneous,4.3,2.4,1200,Slopped Apron,30,5025
KA17050125,Macheri Uramundinakere,Minor Irrigation Department,Chikkamagaluru,Kadur,Malleswara,Maccheri,102.7,148.41,46.02,27.61,Homogeneous,4.5,2.5,1210,Slopped Apron,30,1500
KA17050127,Kadur Kere,Minor Irrigation Department,Chikkamagaluru,Kadur,ULB-Kadur-TMC,Kasaba Kadur,42.4,76.5,9.88,5.93,Homogeneous,8,3.5,1080,Slopped Apron,20,500
KA17050130,S Bidre Uramundinakere,Minor Irrigation Department,Chikkamagaluru,Kadur,S.Bidare,S.Bidare,56.69,27.11,13.61,8.17,Homogeneous,3.05,2.5,510,Slopped Apron,20,1570
KA17050136,Hiriyangala Barkinakere,Minor Irrigation Department,Chikkamagaluru,Kadur,Emmedoddi,Emmedoddikaval,250,25.8,8.58,5.15,Homogeneous,7,3.5,800,Slopped Apron,20,598
KA17050133,Chowdlapura Uramundinakere,Minor Irrigation Department,Chikkamagaluru,Kadur,Malleswara,Chowdalapura,72,16,5.4,3.24,Homogeneous,6,2.5,450,Slopped Apron,50,659
KA17050138,Biluvala Uramundinakere,Minor Irrigation Department,Chikkamagaluru,Kadur,Biluvala,Biluvala Kaval,63,,2.08,1.25,Homogeneous,8,2.5,470,Slopped Apron,20,1250
KA17050134,Devanakere,Minor Irrigation Department,Chikkamagaluru,Kadur,Balliganur,Hireangala,432,63.5,20,12,Homogeneous,6,5.4,2000,Slopped Apron,75,600
KA17050119,Garje Uramundinakere,Minor Irrigation Department,Chikkamagaluru,Kadur,Garje,Garje,100.2,102.38,19.36,11.62,Homogeneous,6.8,2,1950,Slopped Apron,45,1039
KA17050137,Brahmasamudra Halekere,Minor Irrigation Department,Chikkamagaluru,Kadur,Bisleahalli,Brahmasamudra,182.8,18.6,78.44,47.06,Homogeneous,5,3,600,Slopped Apron,25,600
KA17050128,Bukkasagara Uramundinakere,Minor Irrigation Department,Chikkamagaluru,Kadur,Emmedoddi,Emmedoddikaval,76,45.3,75.8,45.48,Homogeneous,10,2,540,Slopped Apron,20,600
KA17050114,Hosa Madaga Kere,Minor Irrigation Department,Chikkamagaluru,Kadur,Emmedoddi,Yemmedoddi,2036,131,347.1,208.16,Homogeneous,24,4.5,330,clear over fall,36,1200
KA17050118,Singatigere Uramundinakere,Minor Irrigation Department,Chikkamagaluru,Kadur,Singatagere,Shingatagere,62.3,83.7,47.32,28.39,Homogeneous,3,3,1200,Slopped Apron,40,10900
KA17050122,Garagadahalli Nayakanakere,Minor Irrigation Department,Chikkamagaluru,Kadur,Ganganahalli,Garagadhahalli,100.7,11,2.86,1.72,Homogeneous,2,1.8,660,Slopped Apron,25,2485
KA17050107,Yellambalase Uramundina Kere,Minor Irrigation Department,Chikkamagaluru,Kadur,Yallambalase,Yalambalase,242.4,67.56,67.2,40.32,Homogeneous,10,2.5,1930,Slopped Apron,25,600
KA17050135,Hiriyangala Tumbehonda Kere,Minor Irrigation Department,Chikkamagaluru,Kadur,Balliganur,Hireangala,89.77,25.8,0.78,0.47,Homogeneous,2.1,1,500,Slopped Apron,25,652
KA17050120,Devanur Kere,Minor Irrigation Department,Chikkamagaluru,Kadur,Devanur,Devanuru,142,101.87,129.2,77.52,Homogeneous,4,7,600,Slopped Apron,50,1500
KA17050129,Hire Nalluru Uramundinakere,Minor Irrigation Department,Chikkamagaluru,Kadur,Hirenallur,Hirenalluru,114,20.6,11.43,6.86,Homogeneous,6,4,1000,Slopped Apron,45,5025
KA17050117,Yagati Uramundinakere,Minor Irrigation Department,Chikkamagaluru,Kadur,Yagati,Kasaba Yagati,123.7,85.8,52.26,31.36,Homogeneous,6,3.6,1830,Slopped Apron,30,1109
KA17050139,Hori Thimmapura Hosakere,Minor Irrigation Department,Chikkamagaluru,Kadur,Jodithimmapura,J.I.Thimmapura,48,16.18,6.32,3.79,Homogeneous,3.9,2,515,Slopped Apron,25,659
KA17050132,Tura Kodihalli Kere,Minor Irrigation Department,Chikkamagaluru,Kadur,Pura,P.Kodihalli,238.8,80,100,0.07,Homogeneous,4,2,1200,Slopped Apron,30,944
KA17020250,Halmathuru Kere,Minor Irrigation Department,Chikkamagaluru,Koppa,Bhandigadi,Halmatthuru,93.39,2,3,0.06,Homogeneous,2,2.5,120,Broad Crested,3,
KA17020254,Koduru Nagannakaradekere,Minor Irrigation Department,Chikkamagaluru,Koppa,Shanuvalli,Koduru,43.03,0.5,0.5,0.01,Homogeneous,1.5,1.5,20,Broad Crested,4,
KA17020253,Heggarabommanakere,Minor Irrigation Department,Chikkamagaluru,Koppa,Niluvagilu,Heggaru,53.12,0.4,1.5,0.04,Homogeneous,2,2,120,Broad Crested,4,
KA17020053, ,Minor Irrigation Department,Chikkamagaluru,Koppa,Bhandigadi,Bandigadi,79.22,0.2,0.8,0.02,Homogeneous,3,1.8,70,Broad Crested,4,
KA17070022,"Uduse, Devirammanakere",Minor Irrigation Department,Chikkamagaluru,Mudigere,Kirugunda,Uduse,40,3.4,0.52,16.48,Homogeneous,4,1.5,150,Slopped Apron,10,175
KA17070017,"Angadi, Angadi Kere",Minor Irrigation Department,Chikkamagaluru,Mudigere,Hanthur,Angadi,52,6.8,0.26,24.42,Homogeneous,5,6,360,Slopped Apron,15,275
KA17070021,Jogannanakere,Minor Irrigation Department,Chikkamagaluru,Mudigere,Daradahalli,Jogannanakere,65,2.8,0.26,26.77,Homogeneous,4,1.5,250,Slopped Apron,10,300
KA17070019,"Lokkavalli (Halemudigere), Udukinarsikere",Minor Irrigation Department,Chikkamagaluru,Mudigere,Halemudigere,Kasaba Mudigere,55,1.2,0.26,22.65,Homogeneous,4,1.5,300,Slopped Apron,10,300
KA17070020,"Lokkavalli, Uramundinakere",Minor Irrigation Department,Chikkamagaluru,Mudigere,Halemudigere,Lokavalli,54.9,,0.26,22.61,Homogeneous,4.5,1.8,150,Slopped Apron,15,300
KA17070018,Makonahalli,Minor Irrigation Department,Chikkamagaluru,Mudigere,Makonahalli,Makodanahalli,76.8,1.2,0.26,31.63,Homogeneous,5,1.5,120,Slopped Apron,12,50
KA17070023,Bankal Horatti,Minor Irrigation Department,Chikkamagaluru,Mudigere,Banakal,Kasaba Banakal,52,1.2,0.26,24.42,Homogeneous,4.5,1.8,250,Slopped Apron,12,225
KA17030024,B.Kanaburu Kanagallalekere,Minor Irrigation Department,Chikkamagaluru,N R Pura,B.Kanabur,B.Kanabur,44.71,0.9,3.88,0.11,Homogeneous,2,3.5,172,sloped apron,5,6
KA17030023,B.Kanaburu Hottikere,Minor Irrigation Department,Chikkamagaluru,N R Pura,B.Kanabur,B.Kanabur,41,0.1,0.26,0.1,Homogeneous,4,2,180,sloped apron,5,
KA17030027,Nagalapura Heggerekere,Minor Irrigation Department,Chikkamagaluru,N R Pura,Nagalapura,Nagalapura,42.71,2.5,0.13,0.01,Homogeneous,2,3.5,550,sloped apron,12,13
KA17030031,B.Kanaburu Hosakere,Minor Irrigation Department,Chikkamagaluru,N R Pura,B.Kanabur,B.Kanabur,47,1,5.07,0.14,Homogeneous,2.5,3.5,180,sloped apron,6,7
KA17030038,Madaburu Hirekoppadakere,Minor Irrigation Department,Chikkamagaluru,N R Pura,Muttinakoppa,Madaburu,100,2,0.26,0,Homogeneous,3.6,2.2,145,sloped apron,10,
KA17030026, ,Minor Irrigation Department,Chikkamagaluru,N R Pura,Kadahinabylu,Haramballi,,,,, ,,,, ,,
KA17030032,Madaburu Agalikere,Minor Irrigation Department,Chikkamagaluru,N R Pura,Muttinakoppa,Madaburu,40,1,0.26,0,Homogeneous,3.2,2.6,226,sloped apron,12,
KA17030039,Aramballi Hekadavelekere,Minor Irrigation Department,Chikkamagaluru,N R Pura,Muttinakoppa,Madaburu,80,1.5,10.16,0.46,Homogeneous,3,3.5,410,sloped apron,8,7
KA17030028,Madaburu Hekadabailuhosakere,Minor Irrigation Department,Chikkamagaluru,N R Pura,Muttinakoppa,Madaburu,60,2,0.26,0,Homogeneous,2.9,2.3,90,sloped apron,11,
KA17030037,Hallekusburu Kere,Minor Irrigation Department,Chikkamagaluru,N R Pura,Muttinakoppa,Kusaburu,72,4,0.78,0.02,Homogeneous,2.75,2.2,265,sloped apron,9,
KA17030036,Kusburu Kere,Minor Irrigation Department,Chikkamagaluru,N R Pura,Muttinakoppa,Kusaburu,40,0.1,0.26,0,Homogeneous,3.3,2,121,sloped apron,10,
KA17030035,Kusburu Hoskere,Minor Irrigation Department,Chikkamagaluru,N R Pura,Muttinakoppa,Kusaburu,40,2,5.08,0.14,Homogeneous,3,2,148,sloped apron,6,
KA17030030,Kusburu Thubinakere,Minor Irrigation Department,Chikkamagaluru,N R Pura,Muttinakoppa,Kusaburu,79.82,2,0.26,0,Homogeneous,2.8,2,150,sloped apron,6,
KA17030025,Muthinakoppa Burjithubinakere,Minor Irrigation Department,Chikkamagaluru,N R Pura,Muttinakoppa,Mutthinakoppa,44.29,3,0.26,0,Homogeneous,3.1,2.4,168,sloped apron,9,
KA17030034,K.Kanaburu Krishnadevarayanakere,Minor Irrigation Department,Chikkamagaluru,N R Pura,Muttinakoppa,Kanaguru,40,0.9,5.08,0.14,Homogeneous,2.5,3.5,150,sloped apron,4,5
KA17030040,K.Kanaburu Uramundhenakere,Minor Irrigation Department,Chikkamagaluru,N R Pura,Muttinakoppa,Kanaguru,40.12,1,5.1,0.15,Homogeneous,3.5,3.5,180,sloped apron,6,6
KA17030029,Byrapura Chowdikere,Minor Irrigation Department,Chikkamagaluru,N R Pura,Muttinakoppa,Byrapura,67.6,0.15,0.26,0.03,Homogeneous,3.5,2,153,sloped apron,6,
KA17030033,Byrapura Mallarakattekere,Minor Irrigation Department,Chikkamagaluru,N R Pura,Muttinakoppa,Byrapura,45,0.1,0.78,0.02,Homogeneous,3.5,2,163,sloped apron,11,
KA17040093,Amrutapuradokere,Minor Irrigation Department,Chikkamagaluru,Tarikere,Amrutapura,Amruthapura,67,18.6,7.78,0.22,Homogeneous,5,3.6,1320,Broad Crested,15,
KA17040088, ,Minor Irrigation Department,Chikkamagaluru,Tarikere,Haadikere,Mallenahalli,44,4,0.52,0.02,Homogeneous,3,1.8,330,Broad Crested,11,
KA17040084, ,Minor Irrigation Department,Chikkamagaluru,Tarikere,Haadikere,Hadhikere,66.4,19.6,10.66,0.3,Homogeneous,3,5.4,870,Broad Crested,12,
KA17040082, ,Minor Irrigation Department,Chikkamagaluru,Tarikere,Haadikere,Mallenahalli,44,6.8,1.04,0.03,Homogeneous,3,3.6,840,Broad Crested,11,
KA17040085,Ittige Ramenahallikere,Minor Irrigation Department,Chikkamagaluru,Tarikere,Belenahalli,Ittige,88,14.4,7.8,0.22,Homogeneous,3,4.5,420,Masonry,10,
KA17040140, ,Minor Irrigation Department,Chikkamagaluru,Tarikere,Hunasagatta,Muddenahallli,85,17,8,0.23,Homogeneous,7,2.5,320,Broad Crested,10,9
KA17040083, ,Minor Irrigation Department,Chikkamagaluru,Tarikere,Neralekere,Kuntanamaduvu,42.1,6.9,1.04,0.03,Homogeneous,2.5,4,300,Natural,8,
KA17040101,Hanne Gopalrayanakere,Minor Irrigation Department,Chikkamagaluru,Tarikere,Attimogge,Amruthamahal Kaval,137.5,3.2,1.04,0.03,Homogeneous,10.25,3.5,330,Broad Crested,6,
KA17040098,Hirekatur Kere,Minor Irrigation Department,Chikkamagaluru,Tarikere,Belenahalli,Hirekathuru,198.4,39.2,10.14,0.28,Homogeneous,3.5,4,990,Masonry,22,
KA17040094,Hunasa Ghttathimmanakatte,Minor Irrigation Department,Chikkamagaluru,Tarikere,Hunasagatta,Hunasaghatta,42.28,8.9,1.3,0.03,Homogeneous,4.5,2.5,600,Broad Crested,18,16
KA17040081,"Amrut
Spurs Turachikere",Minor Irrigation Department,Chikkamagaluru,Tarikere,Amrutapura,Amruthapura,46.23,13.35,3.4,0.19,Homogeneous,3,,880,Ogee weir,35,
KA17040097,Koranahalli Erammanakere,Minor Irrigation Department,Chikkamagaluru,Tarikere,Koranahalli,SaviMaradi Kaval,153.5,48.5,3.6,1.23,Homogeneous,8,1.8,540,Broad Crested,32,
KA17040095,Dalavayi Kere,Minor Irrigation Department,Chikkamagaluru,Tarikere,ULB-Tarikere-TMC,Machenahalli,100,31.2,27.16,0.77,Homogeneous,5.1,4.5,840,Broad Crested,10,
KA17040092,Chikkaturkere,Minor Irrigation Department,Chikkamagaluru,Tarikere,Siddarahalli,Chikkatthuru,98,38.4,4.58,0.13,Homogeneous,4.5,4.5,1140,Broad Crested,10,
KA17040096,Tarikere Kere,Minor Irrigation Department,Chikkamagaluru,Tarikere,ULB-Tarikere-TMC,Kasaba Tarikere,110.9,42.2,9.5,0.27,Homogeneous,4.5,4.5,900,Broad Crested,10,
KA17040099,Galihalli Ramanaikanakere,Minor Irrigation Department,Chikkamagaluru,Tarikere,ULB-Tarikere-TMC,Galihalli,73.6,26.8,27.16,0.77,Homogeneous,4.5,4.5,780,Broad Crested,8,
KA17040232,Bettadahally Basavanahally Kere,Minor Irrigation Department,Chikkamagaluru,Tarikere,Bettadahalli,Bettadhahalli,80,7.2,7.2,0.2,Homogeneous,13.25,2.5,298,Clear Overflow,14,
KA17040102,Nandi Kere,Minor Irrigation Department,Chikkamagaluru,Tarikere,Sunnadahalli,Nandhi,75,7,7,0.2,Homogeneous,11,2.5,810,Slopping Apporn,25,
KA17040080,Mundrekere,Minor Irrigation Department,Chikkamagaluru,Tarikere,Kudlur,Mundre,,,,, ,,,, ,,
KA17040100,Sunnadahalli Kere,Minor Irrigation Department,Chikkamagaluru,Tarikere,Sunnadahalli,Sunnadhahalli,120,53.2,24.4,0.69,Homogeneous,4.5,4.5,1590,Broad Crested,11,
KA17040104,Rajigerekere,Minor Irrigation Department,Chikkamagaluru,Tarikere,Kudlur,Kudluru,70,0.8,2.34,0.66,Homogeneous,9.5,2,300,Broad Crested,7,
KA17040091,Biggerahallakere,Minor Irrigation Department,Chikkamagaluru,Tarikere,Kudlur,Shivapura,203,13.5,26.37,0.74,Homogeneous,6,2.5,360,Ogee weir,16,
KA17040087, ,Minor Irrigation Department,Chikkamagaluru,Tarikere,Baragenahalli,Baragenahalli,92,2.4,9.46,0.33,Homogeneous,2.3,1.8,420,Broad Crested,8,
KA17040103,Lingadahalli Mustikere,Minor Irrigation Department,Chikkamagaluru,Tarikere,Udeva,Yaradhahankalu,96,2,9.88,0.57,Homogeneous,3.5,2,485,Broad Crested,14,
KA17040090,Lingadahalli Mustikere,Minor Irrigation Department,Chikkamagaluru,Tarikere,Lingadahalli,Lingadhahalli,42,15,3.5,0.85,Homogeneous,3.5,2.5,750,Broad Crested,20,18
KA13020030,Belagere Kere,Minor Irrigation Department,Chitradurga,Challakere,Belagere,Balagere Kavalu,,,,, ,,,, ,,
KA13020034,Challuru Eshwaragere,Minor Irrigation Department,Chitradurga,Challakere,Doddachellur,DoddaChalluru,45.77,64.12,38.15,9.42,∫…∆™…∆√f√§Ai¿ƒ∏Ô,5.9,2.5,810,∏…∆Ë√¶AUÔ K•¡Ê£Ô,35,38.79
KA13020012,Sanikere,Minor Irrigation Department,Chitradurga,Challakere,Sanikere,Sanikere  Kavalu,,,,, ,,,, ,,
KA13020001,Kadehude,Minor Irrigation Department,Chitradurga,Challakere,P.Mahadevapura,Kadehude,67.18,68.31,25.87,13.83,∫…∆™…∆√f√§Ai¿ƒ∏Ô,4.65,2.6,840,∏…∆Ë√¶AUÔ K•¡Ê£Ô,30,37.09
KA13020153,Thimmannanaikanakote,Minor Irrigation Department,Chitradurga,Challakere,Thimmannanayakanakote,Thimmannanaikanakote,61.91,107.98,41.03,12.75,∫…∆™…∆√f√§Ai¿ƒ∏Ô,5.6,3,810,∏…∆Ë√¶AUÔ K•¡Ê£Ô,30,35.96
KA13020040,Kyadhigunte,Minor Irrigation Department,Chitradurga,Challakere,Siddeswaranadurga,Kyadhigunte,57.87,39.21,22.16,11.92,∫…∆™…∆√f√§Ai¿ƒ∏Ô,4.5,2.4,840,∏…∆Ë√¶AUÔ K•¡Ê£Ô,30,31.43
KA13020033,Mahadevapura Kere,Minor Irrigation Department,Chitradurga,Challakere,P.Mahadevapura,Kadehude,57.08,117.06,52.53,11.75,∫…∆™…∆√f√§Ai¿ƒ∏Ô,5.6,2.5,900,∏…∆Ë√¶AUÔ K•¡Ê£Ô,40,36.25
KA13020035,Mahadevapura Chikkakere,Minor Irrigation Department,Chitradurga,Challakere,P.Mahadevapura,Mahadevapura,48.15,98.28,55.14,9.91,∫…∆™…∆√f√§Ai¿ƒ∏Ô,5.72,2.6,840,∏…∆Ë√¶AUÔ K•¡Ê£Ô,25,35.96
KA13020029,Shiddeshwarana Durga,Minor Irrigation Department,Chitradurga,Challakere,Siddeswaranadurga,Shiddeshwarana Durga,140.04,202.95,87.55,28.84,∫…∆™…∆√f√§Ai¿ƒ∏Ô,5.35,2.5,810,∏…∆Ë√¶AUÔ K•¡Ê£Ô,75,38.79
KA13020026,Chikkamadure,Minor Irrigation Department,Chitradurga,Challakere,Somaguddu,Chikkamadure,,,,, ,,,, ,,
KA13020036,Devara Marikunte,Minor Irrigation Department,Chitradurga,Challakere,Devaramarikunte,Devara Marikunte,,,,, ,,,, ,,
KA13020151,Tillahalli,Minor Irrigation Department,Chitradurga,Challakere,Siddeswaranadurga,Pillahalli,42.91,61.18,19.07,8.84,∫…∆™…∆√f√§Ai¿ƒ∏Ô,5.2,2.5,810,∏…∆Ë√¶AUÔ K•¡Ê£Ô,30,34.26
KA13020031,Tarashurampura Old,Minor Irrigation Department,Chitradurga,Challakere,P.Mahadevapura,Parashurampura Kavalu,263,270,71.69,54.16,∫…∆™…∆√f√§Ai¿ƒ∏Ô,7,3,1080,∏…∆Ë√¶AUÔ K•¡Ê£Ô,60,72.44
KA13020002,Chowluru,Minor Irrigation Department,Chitradurga,Challakere,Chowluru,Choluru Kavalu,62.75,57.47,22.47,12.92,∫…∆™…∆√f√§Ai¿ƒ∏Ô,4.45,2,810,∏…∆Ë√¶AUÔ K•¡Ê£Ô,20,32.99
KA13020028,Dodderi,Minor Irrigation Department,Chitradurga,Challakere,Dodderi,Dodderi,,,,, ,,,, ,,
KA13020027,Korlakunte,Minor Irrigation Department,Chitradurga,Challakere,Pagadalabande,Korlakunte,50.99,84.18,28.75,10.5,∫…∆™…∆√f√§Ai¿ƒ∏Ô,1.05,2,810,∏…∆Ë√¶AUÔ K•¡Ê£Ô,30,40.07
KA13020021,Nagaramgere,Minor Irrigation Department,Chitradurga,Challakere,Nagarengere,Nagaramgere,,,,, ,,,, ,,
KA13020024,Channamma Nagathihalli,Minor Irrigation Department,Chitradurga,Challakere,Chennammanagathihalli,Channamma Nagathihalli,,,,, ,,,, ,,
KA13020023,Bommanakunte,Minor Irrigation Department,Chitradurga,Challakere,Pagadalabande,Bommanakunte,49.54,59.8,40.5,10.2,∫…∆™…∆√f√§Ai¿ƒ∏Ô,4.9,2,1200,∏…∆Ë√¶AUÔ K•¡Ê£Ô,30,33.98
KA13020038,Gorlakatte Duggammanakere,Minor Irrigation Department,Chitradurga,Challakere,Nannivala,Gorlakatte,,,,, ,,,, ,,
KA13020163,Ranikere Tank,Minor Irrigation Department,Chitradurga,Challakere,Dodderi,Bharamasagara,,,,, ,,,, ,,
KA13020039,Bommasamudhra,Minor Irrigation Department,Chitradurga,Challakere,Dodderi,Bommasamudhra,47.64,78.45,27.7,9.81,∫…∆™…∆√f√§Ai¿ƒ∏Ô,6.15,2.75,730,∏…∆Ë√¶AUÔ K•¡Ê£Ô,35,47.57
KA13020007,Thalaku,Minor Irrigation Department,Chitradurga,Challakere,Thalaku,Kasaba Thalaku,55.44,63.43,33.87,11.42,∫…∆™…∆√f√§Ai¿ƒ∏Ô,6.75,2.5,760,∏…∆Ë√¶AUÔ K•¡Ê£Ô,40,36.81
KA13020011,Mailanahalli,Minor Irrigation Department,Chitradurga,Challakere,Mylanahalli,Mailanahalli,47.87,57.86,31.36,9.86,∫…∆™…∆√f√§Ai¿ƒ∏Ô,5.15,2.1,670,∏…∆Ë√¶AUÔ K•¡Ê£Ô,70,36.25
KA13020013,Thippaiahnakote,Minor Irrigation Department,Chitradurga,Challakere,Thimmappayyanahalli,Thippaiahnakote,108.96,92.45,134.08,22.44,∫…∆™…∆√f√§Ai¿ƒ∏Ô,7,1.75,810,∏…∆Ë√¶AUÔ K•¡Ê£Ô,88,28.26
KA13020019,Obalapura,Minor Irrigation Department,Chitradurga,Challakere,Obalapura,Obalapura,,,,, ,,,, ,,
KA13020008,Mannekote,Minor Irrigation Department,Chitradurga,Challakere,Mannekote,Mannekote,152.16,197.74,98.6,31.33,∫…∆™…∆√f√§Ai¿ƒ∏Ô,7.45,2.5,1320,∏…∆Ë√¶AUÔ K•¡Ê£Ô,25,45.73
KA13020020,Naikanahatti Chikkakere,Minor Irrigation Department,Chitradurga,Challakere,ULB-Nayakanahatti-TP,Kasaba Naikanahatti,102.38,327,179.4,21.08,∫…∆™…∆√f√§Ai¿ƒ∏Ô,6.1,3.75,1190,®¡ÊqÔ P…Ê∏…÷qÔ ™…√gÔ,30,45.56
KA13020037,Ghataparthi,Minor Irrigation Department,Chitradurga,Challakere,Ghataparthi,Putaparthi,65.65,68.59,40.51,13.52,∫…∆™…∆√f√§Ai¿ƒ∏Ô,5.25,1.5,810,∏…∆Ë√¶AUÔ K•¡Ê£Ô,28,47.29
KA13020113,Banjigere,Minor Irrigation Department,Chitradurga,Challakere,Bedareddihalli,Banchagere,40.46,95.1,43.38,8.33,∫…∆™…∆√f√§Ai¿ƒ∏Ô,5.15,1.5,810,∏…∆Ë√¶AUÔ K•¡Ê£Ô,25,37.24
KA13020015,Ramasagara Kere,Minor Irrigation Department,Chitradurga,Challakere,Thimmappayyanahalli,Obaiahnahatti,237,118.57,123.25,48.8,∫…∆™…∆√f√§Ai¿ƒ∏Ô,4.6,2.5,945,∏…∆Ë√¶AUÔ K•¡Ê£Ô,65,124.34
KA13020005,Rekhalagere,Minor Irrigation Department,Chitradurga,Challakere,Mallurahalli,Rekhalagere Amani Kavalu,70.41,50.92,37.37,14.5,∫…∆™…∆√f√§Ai¿ƒ∏Ô,4.75,2.5,960,∏…∆Ë√¶AUÔ K•¡Ê£Ô,35,51.54
KA13020099,Hirehalli,Minor Irrigation Department,Chitradurga,Challakere,Hirehalli,Hirehalli,56.61,37.67,72.47,11.66,∫…∆™…∆√f√§Ai¿ƒ∏Ô,5,1.5,1020,∏…∆Ë√¶AUÔ K•¡Ê£Ô,25,37.94
KA13020010,Bukkambudi,Minor Irrigation Department,Chitradurga,Challakere,Devareddihalli,Bukkambudi,52.2,99.61,39.2,10.75,∫…∆™…∆√f√§Ai¿ƒ∏Ô,6,2,1110,∏…∆Ë√¶AUÔ K•¡Ê£Ô,20,31.15
KA13020016,Gowra Samudhra,Minor Irrigation Department,Chitradurga,Challakere,Gowrasamudra,Gowra Samudhra,123.96,24.63,112.36,25.53,∫…∆™…∆√f√§Ai¿ƒ∏Ô,6.5,2,800,∏…∆Ë√¶AUÔ K•¡Ê£Ô,58,31.15
KA13020025,Karekalkere,Minor Irrigation Department,Chitradurga,Challakere,ULB-Challakere-CMC,Kasaba Chellakere,,,,, ,,,, ,,
KA13020164,Parashuramapura New Tank,Minor Irrigation Department,Chitradurga,Challakere,Siddeswaranadurga,Gowripura,402.6,269.44,150.8,82.9,∫…∆™…∆√f√§Ai¿ƒ∏Ô,12.2,3,1650,®¡ÊqÔ P…Ê∏…÷qÔ ™…√gÔ,60,604.28
KA13020006,Doddaullarthi,Minor Irrigation Department,Chitradurga,Challakere,Doddaullarthi,Doddavullarthi,86.25,71.4,37.89,17.76,∫…∆™…∆√f√§Ai¿ƒ∏Ô,6.75,2.75,860,∏…∆Ë√¶AUÔ K•¡Ê£Ô,60,31.43
KA13020022,Jajuru,Minor Irrigation Department,Chitradurga,Challakere,Jajuru,Jajuru Kavalu,170.37,140.97,4.96,35.08,∫…∆™…∆√f√§Ai¿ƒ∏Ô,5.8,2.8,840,MV√ ´√Ai¿ƒgÔ,60,47.29
KA13020042,Varavu,Minor Irrigation Department,Chitradurga,Challakere,N.Devarahally,Varavu,41.97,18.24,22.64,8.64,∫…∆™…∆√f√§Ai¿ƒ∏Ô,5,2,850,∏…∆Ë√¶AUÔ K•¡Ê£Ô,25,33.98
KA13020003,Thippareddyhalli,Minor Irrigation Department,Chitradurga,Challakere,Obalapura,Thippareddyhalli,72.87,38.07,19.6,15.01,∫…∆™…∆√f√§Ai¿ƒ∏Ô,4.75,2.5,810,∏…∆Ë√¶AUÔ K•¡Ê£Ô,48,47.52
KA13020009,Naikanahatti Kere,Minor Irrigation Department,Chitradurga,Challakere,ULB-Nayakanahatti-TP,Kasaba Naikanahatti,608,284.62,62.55,125.2,∫…∆™…∆√f√§Ai¿ƒ∏Ô,6,3,1200,∏…∆Ë√¶AUÔ K•¡Ê£Ô,40,149.51
KA13020112,Bheemanakere,Minor Irrigation Department,Chitradurga,Challakere,Neralagunte,Bheemanakere Kavalu,52,14.68,53.05,10.71,∫…∆™…∆√f√§Ai¿ƒ∏Ô,6.25,2.75,650,∏…∆Ë√¶AUÔ K•¡Ê£Ô,38,25.48
KA13020004,Yadalagatta,Minor Irrigation Department,Chitradurga,Challakere,Kaluvehalli,Yadalagatta,66.08,168.69,97.03,13.61,∫…∆™…∆√f√§Ai¿ƒ∏Ô,5.65,1.8,750,∏…∆Ë√¶AUÔ K•¡Ê£Ô,40,39.08
KA14030114,Sangenahalli Tank,Minor Irrigation Department,Chitradurga,Chitradurga,Chikkagondanahalli,Chikkagondanahalli,647,336,398.55,389.55,Vented weir,11,3,1.34,J∏Ô.J.,,4500
KA13030114,Ghatta,Minor Irrigation Department,Chitradurga,Chitradurga,Turuvanoor,Thuruvanuru,,,,, ,,,, ,,
KA13030111,Bahadurgatta,Minor Irrigation Department,Chitradurga,Chitradurga,Kogunde,Bahadurgatta,44,17.8,4.45,9.06,∫…∆™…∆√f√§Ai¿ƒ∏Ô,7.6,2.5,793,∏…∆Ë√¶AUÔ K•¡Ê£Ô,20,39.95
KA13030107,Issamudra,Minor Irrigation Department,Chitradurga,Chitradurga,Isamudra,Issamudra,76.07,93.86,38,15.66,∫…∆™…∆√f√§Ai¿ƒ∏Ô,10,3,1200,∏…∆Ë√¶AUÔ K•¡Ê£Ô,18,33.98
KA13030120,Dyamavvanahalli,Minor Irrigation Department,Chitradurga,Chitradurga,Dyamavvanahalli,Dyamavvanahalli,,,,, ,,,, ,,
KA13030094,Sultanipura,Minor Irrigation Department,Chitradurga,Chitradurga,Madanayakanahalli,Sultanipura,41.27,40.46,16,8.5,∫…∆™…∆√f√§Ai¿ƒ∏Ô,10,2.5,700,∏…∆Ë√¶AUÔ K•¡Ê£Ô,20,10.31
KA13030097,Mupura,Minor Irrigation Department,Chitradurga,Chitradurga,Muddapura,Muddapura,48.54,132.3,56.57,10,∫…∆™…∆√f√§Ai¿ƒ∏Ô,10,2.5,1127,∏…∆Ë√¶AUÔ K•¡Ê£Ô,61,19.17
KA13030093,Bharamasagara Doddakere,Minor Irrigation Department,Chitradurga,Chitradurga,Bharamasagara,Kodirangavvanahalli,317.2,197.44,130,65.32,∫…∆™…∆√f√§Ai¿ƒ∏Ô,12,2.5,1220,∏…∆Ë√¶AUÔ K•¡Ê£Ô,40,219.76
KA13030108,Baramasagar Chikkakere,Minor Irrigation Department,Chitradurga,Chitradurga,Bharamasagara,Bharamasagara,44,44.5,17,9.06,∫…∆™…∆√f√§Ai¿ƒ∏Ô,10,3.2,915,∏…∆Ë√¶AUÔ K•¡Ê£Ô,40,33.98
KA13030106,Bevinahalli,Minor Irrigation Department,Chitradurga,Chitradurga,Bharamasagara,Bevinahalli,45.33,27.9,11,9.33,∫…∆™…∆√f√§Ai¿ƒ∏Ô,5.4,2,630,∏…∆Ë√¶AUÔ K•¡Ê£Ô,16,56.12
KA13030091,Kolahalu,Minor Irrigation Department,Chitradurga,Chitradurga,Kolahal,Jattalahalli,95,13.43,14.24,19.56,∫…∆™…∆√f√§Ai¿ƒ∏Ô,9,2.5,260,∏…∆Ë√¶AUÔ K•¡Ê£Ô,20,89.54
KA13030098,Lakshmisagara,Minor Irrigation Department,Chitradurga,Chitradurga,Lakshmisagara,Lakshmisagara,58.6,46.52,28.33,12.07,∫…∆™…∆√f√§Ai¿ƒ∏Ô,10,2.5,1000,∏…∆Ë√¶AUÔ K•¡Ê£Ô,50,14.24
KA13030099,Katralu,Minor Irrigation Department,Chitradurga,Chitradurga,Iyyanhalli,Ballekatte(Katralu),253.28,207.15,196,52.15,∫…∆™…∆√f√§Ai¿ƒ∏Ô,10,2.5,1127,∏…∆Ë√¶AUÔ K•¡Ê£Ô,150,287.84
KA13030105,Shirigere,Minor Irrigation Department,Chitradurga,Chitradurga,Sirigere,Shirigere,61.5,86.17,45.9,12.66,∫…∆™…∆√f√§Ai¿ƒ∏Ô,10,2.5,660,∏…∆Ë√¶AUÔ K•¡Ê£Ô,22,78.01
KA13030109,Sadarahalli,Minor Irrigation Department,Chitradurga,Chitradurga,Lakshmisagara,Kyasapura,46.12,70.41,35.36,9.5,∫…∆™…∆√f√§Ai¿ƒ∏Ô,7.5,3,1100,∏…∆Ë√¶AUÔ K•¡Ê£Ô,30,32.82
KA13030121,Gonuru,Minor Irrigation Department,Chitradurga,Chitradurga,Gonuru,Gonuru,,,,, ,,,, ,,
KA13030122,Kallahalli,Minor Irrigation Department,Chitradurga,Chitradurga,Dyamavvanahalli,Dyamavvanahalli,,,,, ,,,, ,,
KA13030110,Chikkapura,Minor Irrigation Department,Chitradurga,Chitradurga,Lakshmisagara,Chikkapura,43.29,67.17,14.65,8.91,∫…∆™…∆√f√§Ai¿ƒ∏Ô,8.5,2.5,930,∏…∆Ë√¶AUÔ K•¡Ê£Ô,16,46.72
KA13030095,Kodagahalli,Minor Irrigation Department,Chitradurga,Chitradurga,Hireguntanoor,Kodagahalli,52.5,65.15,21.5,10.81,∫…∆™…∆√f√§Ai¿ƒ∏Ô,9.2,1.8,980,∏…∆Ë√¶AUÔ K•¡Ê£Ô,30,25.48
KA13030117,Mallapura,Minor Irrigation Department,Chitradurga,Chitradurga,Gonuru,Mallapura,,,,, ,,,, ,,
KA13030115,Jampannanaikanakote,Minor Irrigation Department,Chitradurga,Chitradurga,J.N Kote,Jampannanaikanakote,,,,, ,,,, ,,
KA13030104,Hulluru,Minor Irrigation Department,Chitradurga,Chitradurga,Hulluru,Hulluru,115.34,116.54,65.5,23.75,∫…∆™…∆√f√§Ai¿ƒ∏Ô,8,4,1120,∏…∆Ë√¶AUÔ K•¡Ê£Ô,40,33.98
KA13030113,Sipura,Minor Irrigation Department,Chitradurga,Chitradurga,Siddapura,Siddapura,47.74,59.84,25.3,9.83,∫…∆™…∆√f√§Ai¿ƒ∏Ô,8.2,2.5,1036,∏…∆Ë√¶AUÔ K•¡Ê£Ô,25,42.5
KA13030101,Annehalu,Minor Irrigation Department,Chitradurga,Chitradurga,Godabanahal,Godabanalu,133.44,86.98,74.67,27.48,∫…∆™…∆√f√§Ai¿ƒ∏Ô,10,5.5,1260,∏…∆Ë√¶AUÔ K•¡Ê£Ô,100,107.15
KA13060017,Suguru,Minor Irrigation Department,Chitradurga,Hiriyur,Hariyabbe,Sooguru,57.38,68.68,10.5,11.82,∫…∆™…∆√f√§Ai¿ƒ∏Ô,2.74,1.8,1050,∏…∆Ë√¶AUÔ K•¡Ê£Ô,50,44.74
KA13060018,Khadenahalli,Minor Irrigation Department,Chitradurga,Hiriyur,Khandenahalli,Bandenahalli,65.44,84.03,14.8,13.48,∫…∆™…∆√f√§Ai¿ƒ∏Ô,3.1,1.8,960,∏…∆Ë√¶AUÔ K•¡Ê£Ô,50,56.83
KA13060008,Chikkasivvanahalli,Minor Irrigation Department,Chitradurga,Hiriyur,Burujinaroppa,Chikkasiddavvanahalli,85.22,56.96,18.8,17.55,∫…∆™…∆√f√§Ai¿ƒ∏Ô,5.63,1.8,660,∏…∆Ë√¶AUÔ K•¡Ê£Ô,30,55.22
KA13060013,Hosakere,Minor Irrigation Department,Chitradurga,Hiriyur,Khandenahalli,Hosakere,58.22,69.08,13.1,11.99,∫…∆™…∆√f√§Ai¿ƒ∏Ô,2.55,1.8,840,∏…∆Ë√¶AUÔ K•¡Ê£Ô,50,44.49
KA13060021,Imangala Kere,Minor Irrigation Department,Chitradurga,Hiriyur,Imangala,Bharampura,,,,, ,,,, ,,
KA13060019,Kandhikere,Minor Irrigation Department,Chitradurga,Hiriyur,Yaraballi,Kandhikere,,,,, ,,,, ,,
KA13060012,Bettur,Minor Irrigation Department,Chitradurga,Hiriyur,Kanajanahalli,Kanajanahalli,111.14,36.76,15.5,22.89,∫…∆™…∆√f√§Ai¿ƒ∏Ô,3.05,1.8,1060,∏…∆Ë√¶AUÔ K•¡Ê£Ô,45,64.08
KA13060022,M.D.Kote Lake,Minor Irrigation Department,Chitradurga,Hiriyur,M.D.Kote,M.D.Kote,,,,, ,,,, ,,
KA13060001,Dharmapura,Minor Irrigation Department,Chitradurga,Hiriyur,P.D.Kote,Parashuramdevara Kote,368,620,300,75.78,∫…∆™…∆√f√§Ai¿ƒ∏Ô,5.7,2.5,1650,∏…∆Ë√¶AUÔ K•¡Ê£Ô,40,146.68
KA13060153,Bharamapura,Minor Irrigation Department,Chitradurga,Hiriyur,Imangala,Bharampura,,,,, ,,,, ,,
KA13060020,Harthikote,Minor Irrigation Department,Chitradurga,Hiriyur,Harthikote,Harthikote,,,,, ,,,, ,,
KA13040109, ,Minor Irrigation Department,Chitradurga,Hiriyur,Imangala,Kumbaraghatta,,,,, ,,,, ,,
KA13060014,Goolya,Minor Irrigation Department,Chitradurga,Hiriyur,Abbinahole,Goolya,,,,, ,,,, ,,
KA13060027,Halagaladdhi,Minor Irrigation Department,Chitradurga,Hiriyur,P.D.Kote,Halagaladdhi,40,118.75,14.85,8.24,∫…∆™…∆√f√§Ai¿ƒ∏Ô,3.43,1.8,960,∏…∆Ë√¶AUÔ K•¡Ê£Ô,40,53.57
KA13060159, ,Minor Irrigation Department,Chitradurga,Hiriyur,Rangenahalli,Bhagavathikere,,,,, ,,,, ,,
KA13060054,Eshwaragere,Minor Irrigation Department,Chitradurga,Hiriyur,Eshwaragere,Eshwaragere,42.04,41.07,9.06,8.66,∫…∆™…∆√f√§Ai¿ƒ∏Ô,2.4,1.8,1650,∏…∆Ë√¶AUÔ K•¡Ê£Ô,60,46.44
KA13060009,Hemadala,Minor Irrigation Department,Chitradurga,Hiriyur,Gannayakanahalli,Hemadala,,,,, ,,,, ,,
KA13060016,Ambalagere,Minor Irrigation Department,Chitradurga,Hiriyur,Byadarahalli,Ambalagere,,,,, ,,,, ,,
KA13060024,Gownahalli,Minor Irrigation Department,Chitradurga,Hiriyur,Suragondanahalli,Goguddu,,,,, ,,,, ,,
KA13060015,Metikurke,Minor Irrigation Department,Chitradurga,Hiriyur,Metikurke,Metikurki,56.36,76.35,11.3,11.61,∫…∆™…∆√f√§Ai¿ƒ∏Ô,3.05,1.8,700,∏…∆Ë√¶AUÔ K•¡Ê£Ô,35,51.56
KA13060010,Mangasahalli,Minor Irrigation Department,Chitradurga,Hiriyur,Hariyabbe,Mangasahalli,59.02,37.16,10.35,12.15,∫…∆™…∆√f√§Ai¿ƒ∏Ô,3,1.8,750,∏…∆Ë√¶AUÔ K•¡Ê£Ô,50,93.44
KA13060005,Tillali,Minor Irrigation Department,Chitradurga,Hiriyur,Dindavara,Pillali,136.65,34.3,18.5,28.14,∫…∆™…∆√f√§Ai¿ƒ∏Ô,3.04,1.83,750,∏…∆Ë√¶AUÔ K•¡Ê£Ô,50,29.73
KA13060092,Arisinagundhi,Minor Irrigation Department,Chitradurga,Hiriyur,Yalladakere,Arisinagundhi,40.02,44,8.8,8.24,∫…∆™…∆√f√§Ai¿ƒ∏Ô,9.5,2.5,610,NV√ ´√Ai¿ƒgÔ,45,41.63
KA13060029,Ulavinahal,Minor Irrigation Department,Chitradurga,Hiriyur,Yalladakere,Ulavinahalu,67.06,55.4,9.28,13.81,∫…∆™…∆√f√§Ai¿ƒ∏Ô,4.25,1.8,510,∏…∆Ë√¶AUÔ K•¡Ê£Ô,45,65.13
KA13060119,Veeravva Nagathihalli,Minor Irrigation Department,Chitradurga,Hiriyur,Dindavara,Veeravva Nagathihalli,64,24.62,11.5,13.18,∫…∆™…∆√f√§Ai¿ƒ∏Ô,3.25,1.8,750,∏…∆Ë√¶AUÔ K•¡Ê£Ô,50,58.33
KA13060028,Javagondanahalli,Minor Irrigation Department,Chitradurga,Hiriyur,Javanagondanahalli,Javanagondanahalli,44.53,95.34,10.08,9.17,∫…∆™…∆√f√§Ai¿ƒ∏Ô,3.5,1.8,600,∏…∆Ë√¶AUÔ K•¡Ê£Ô,50,29.82
KA13060113,Gowdanahalli,Minor Irrigation Department,Chitradurga,Hiriyur,Gowdanahalli,Gowdanahalli,78.87,103.5,17.5,16.24,∫…∆™…∆√f√§Ai¿ƒ∏Ô,3.65,1.8,100,∏…∆Ë√¶AUÔ K•¡Ê£Ô,45,86.48
KA13060025,Bagganadu,Minor Irrigation Department,Chitradurga,Hiriyur,Gowdanahalli,Bagganadu Kavalu,42.92,95.34,9.6,8.84,∫…∆™…∆√f√§Ai¿ƒ∏Ô,2.4,1.8,860,∏…∆Ë√¶AUÔ K•¡Ê£Ô,40,53.52
KA13060004,Udavalli,Minor Irrigation Department,Chitradurga,Hiriyur,Uduvalli,Udavalli,323,202,178.7,66.51,∫…∆™…∆√f√§Ai¿ƒ∏Ô,9.8,1.8,660,∏…∆Ë√¶AUÔ K•¡Ê£Ô,90,38.28
KA13060106,Gandhinagara,Minor Irrigation Department,Chitradurga,Hiriyur,Gowdanahalli,Ganjilagunte,67.82,42.3,9.3,13.97,∫…∆™…∆√f√§Ai¿ƒ∏Ô,3.5,1.8,660,∏…∆Ë√¶AUÔ K•¡Ê£Ô,40,29.02
KA13060003,Yalladakere,Minor Irrigation Department,Chitradurga,Hiriyur,Yalladakere,Yalladakere,70.18,38.5,10,14.45,∫…∆™…∆√f√§Ai¿ƒ∏Ô,4.87,1.8,210,∏…∆Ë√¶AUÔ K•¡Ê£Ô,30,25.48
KA13060007,Bharamagiri,Minor Irrigation Department,Chitradurga,Hiriyur,Vanivilasapura,Bharamagiri,,,,, ,,,, ,,
KA13060067,Ikkanuru,Minor Irrigation Department,Chitradurga,Hiriyur,Ikkanuru,Ikkanuru,85.05,160.38,16.5,17.51,∫…∆™…∆√f√§Ai¿ƒ∏Ô,3.35,1.8,1200,∏…∆Ë√¶AUÔ K•¡Ê£Ô,40,50.97
KA13060006,Koonikere,Minor Irrigation Department,Chitradurga,Hiriyur,Kunikere,Koonikere,,,,, ,,,, ,,
KA13060002,Beerenahalli,Minor Irrigation Department,Chitradurga,Hiriyur,Metikurke,Beerenahalli,,,,, ,,,, ,,
KA13060068,Kodihalli,Minor Irrigation Department,Chitradurga,Hiriyur,Ikkanuru,Kodihalli,84.03,139.38,14.4,17.3,∫…∆™…∆√f√§Ai¿ƒ∏Ô,3,1.8,1000,∏…∆Ë√¶AUÔ K•¡Ê£Ô,45,52.64
KA13060011,Thavandhi Kere,Minor Irrigation Department,Chitradurga,Hiriyur,Suragondanahalli,Thavandhi,,,,, ,,,, ,,
KA13040001,Kereyagalahalli,Minor Irrigation Department,Chitradurga,Holalkere,Upparigenahalli,Kereyagalahalli,48,46.57,39.3,0,Vented weir,8,2.5,540,J∏Ô.J.,,3161
KA13040108,Hanumali,Minor Irrigation Department,Chitradurga,Holalkere,Ramagiri,T.Vaderahalli,,,,, ,,,, ,,
KA13040115,Goolihosahally Kere,Minor Irrigation Department,Chitradurga,Holalkere,Upparigenahalli,Gulihosahalli,52.4,9.31,6.21,0.18,Vented weir,14,2.5,170,J∏Ô.J.,,1099
KA13040017,Hanumali,Minor Irrigation Department,Chitradurga,Holalkere,R.Nulenuru,Hanumali,40,29.55,13.56,0.38,Vented weir,5.85,6.1,810,J∏Ô.J.,,802
KA13040013,Gunderi,Minor Irrigation Department,Chitradurga,Holalkere,Gunderi,Gunderi,67.2,121.05,88.59,2.51,Vented weir,6.85,7,1245,J∏Ô.J.,,1309
KA13040016,Devarahosahalli,Minor Irrigation Department,Chitradurga,Holalkere,Talikatte,Talikatte,96,10.8,5.5,0.44,Vented weir,6,1.8,220,J∏Ô.J.,,1480
KA13040018,Talikatte,Minor Irrigation Department,Chitradurga,Holalkere,Ramagiri,Ambalihalli,300,48,48.7,1.06,Vented weir,10,2.5,900,J∏Ô.J.,,5804
KA13040005,Gangasamudra,Minor Irrigation Department,Chitradurga,Holalkere,Gangasamudra,Gangasamudra,48,70,30.24,0.86,Vented weir,9,4,1200,J∏Ô.J.,,5071
KA13040015,Adanuru,Minor Irrigation Department,Chitradurga,Holalkere,Adanur,Adanuru,62,63.97,26.39,0.75,Vented weir,5.3,2,810,J∏Ô.J.,,1690
KA13040014,Talya,Minor Irrigation Department,Chitradurga,Holalkere,Talya,Talya,76.88,104,57.98,0,Vented weir,0,0,0,J∏Ô.J.,,0
KA13040006,Kudineerakatte,Minor Irrigation Department,Chitradurga,Holalkere,Shivaganga,Kudineerakatte,146,26.16,26.16,0.74,Vented weir,8.6,2.5,1200,J∏Ô.J.,,1797
KA13040012,Emmiganuru,Minor Irrigation Department,Chitradurga,Holalkere,Madderu,T. Emmiganuru,40.8,104,18.05,0.51,Vented weir,5,2.5,900,J∏Ô.J.,,1659
KA13040002,Holalkere Hirekere,Minor Irrigation Department,Chitradurga,Holalkere,ULB-Holalkere-TP,Holalkere,94.4,97.16,53.06,1.5,Vented weir,7.91,6.7,1440,J∏Ô.J.,,1202
KA13040020,Shivaganga,Minor Irrigation Department,Chitradurga,Holalkere,Shivaganga,Shivaganga,628,689.31,256.65,7.25,Vented weir,9,4,1000,J∏Ô.J.,,3320
KA13040009,Keshavapura,Minor Irrigation Department,Chitradurga,Holalkere,Chitrahalli,Keshavapura,66.4,69.63,52.53,1.49,Vented weir,8.65,2.5,900,J∏Ô.J.,,1638
KA13040008,Gunjiganuru,Minor Irrigation Department,Chitradurga,Holalkere,B.Durga,Davanahalli,47.2,,28,0,Vented weir,5,2,1050,J∏Ô.J.,,0
KA13040007,Baramanaikanadurga,Minor Irrigation Department,Chitradurga,Holalkere,B.Durga,Biramannanayakadurga,61.6,9.71,9.8,0.28,Vented weir,9,2,270,J∏Ô.J.,,1559
KA13040011,Chikka Emmiganuru,Minor Irrigation Department,Chitradurga,Holalkere,Chikkaemmiganuru,Chikka Emmiganuru,63.52,80.93,35.01,0.99,Vented weir,8,2,1140,J∏Ô.J.,,1205
KA13040022,Apparasanahally Kere,Minor Irrigation Department,Chitradurga,Holalkere,Adanur,Arenahalli,44.4,36.03,12.53,0.35,Vented weir,7.91,2,900,J∏Ô.J.,,2863
KA13040045,Agasanahalli,Minor Irrigation Department,Chitradurga,Holalkere,Adanur,Arasinaghatta,60,16.19,13.07,0.37,Vented weir,5.9,3.5,800,J∏Ô.J.,,2814
KA13040003,Kagalagere,Minor Irrigation Department,Chitradurga,Holalkere,Muthugaduru,Kagalagere,142.4,27.51,28,0.79,Vented weir,9,2,270,J∏Ô.J.,,1852
KA13040004,Mutthugaduru,Minor Irrigation Department,Chitradurga,Holalkere,Muthugaduru,Mutthugaduru,128.4,32.37,32.5,0.28,Vented weir,9,2,870,J∏Ô.J.,,3771
KA13040024,Andanuru,Minor Irrigation Department,Chitradurga,Holalkere,Andanuru,Andanuru,64.33,86.6,35.01,0.99,Vented weir,6,5.4,1140,J∏Ô.J.,,2897
KA13050113,Janakall Shankara Devarakere,Minor Irrigation Department,Chitradurga,Hosdurga,Jankal,Janakallu,42.09,140.95,4.96,0,Vented weir,12,1.5,1320,J∏Ô.J.,,0
KA13050193,Baguru Mudalakere,Minor Irrigation Department,Chitradurga,Hosdurga,Anivala,Kunduru,,,,, ,,,, ,,
KA13050194,Baguru Nayakanakere,Minor Irrigation Department,Chitradurga,Hosdurga,Baguru,Baguru,,,,, ,,,, ,,
KA13050112,Devapura,Minor Irrigation Department,Chitradurga,Hosdurga,Devapura,Devapura Kavalu,73.67,38,101,0,Vented weir,10,2,1800,J∏Ô.J.,,1121
KA13050188,Guda Nerlakere,Minor Irrigation Department,Chitradurga,Hosdurga,Guddadanerlkere,G.Nerlakere,91.08,85.34,24.86,0.7,Vented weir,9,1.5,1000,J∏Ô.J.,,3248
KA13050196,Neeragundha,Minor Irrigation Department,Chitradurga,Hosdurga,Sanehalli,Neeragunda Kaval,,,,, ,,,, ,,
KA13050184,Kaggalakatte,Minor Irrigation Department,Chitradurga,Hosdurga,Kanchipura,Kaggalakatte,75.3,96.28,36.64,1.04,Vented weir,12,7,800,J∏Ô.J.,,4442
KA13050190,Kappanayakanahalli Appanakere,Minor Irrigation Department,Chitradurga,Hosdurga,Mattodu,Kappanayakanahalli,139,164,53.66,1.52,Vented weir,8,1.5,600,J∏Ô.J.,,2000
KA13050063,Mathode Hosakere (Gangammakere),Minor Irrigation Department,Chitradurga,Hosdurga,Mattodu,Matthodu,161.08,206.12,11.25,0.32,Vented weir,8,1.5,400,J∏Ô.J.,,1350
KA13050189,Kappanayakanahalli Bhadranakere,Minor Irrigation Department,Chitradurga,Hosdurga,Mattodu,Kappanayakanahalli,136.12,52,18.06,0.51,Vented weir,11,1.5,1000,J∏Ô.J.,,0
KA13050013,Heggere,Minor Irrigation Department,Chitradurga,Hosdurga,Heggere,Heggere,68.82,210,28.2,0.8,Vented weir,8,2,950,J∏Ô.J.,,2200
KA13050185,Sujikallu Amanikere,Minor Irrigation Department,Chitradurga,Hosdurga,Kurubarahalli,Sujikallu A.kere,69.26,,39.5,1.12,Vented weir,10,2,1010,J∏Ô.J.,,3100
KA13050186,Shrirampura Hirekere,Minor Irrigation Department,Chitradurga,Hosdurga,Srirampura,Srirampura,108.09,350,42,1.19,Vented weir,8,2.3,600,J∏Ô.J.,,11165
KA13050199,Belaguru,Minor Irrigation Department,Chitradurga,Hosdurga,Belagur,Belaguru,51.82,251,27,0.76,Vented weir,8,1.5,1830,J∏Ô.J.,,2000
KA13050012,Ballalasamudra Tank,Minor Irrigation Department,Chitradurga,Hosdurga,Kabbala,Ballalasamudra Kaval,215.78,200,167.8,4.75,Vented weir,12,2.5,775,π.M.J•sÔ.,,11000
KA13050187,Ganjigere,Minor Irrigation Department,Chitradurga,Hosdurga,Doddathekalavatti,Doddathekalavatti,48.98,118.03,131.15,3.71,Vented weir,8,3,1000,J∏Ô.J.,,4600
KA13010061,Mutthugaranahalli,Minor Irrigation Department,Chitradurga,Molakalmuru,B.G.Kere,Mutthugaranahalli,83.77,80,10.35,0.29,Vented weir,5.5,2,640,J∏Ô.J.,,2050
KA13010067,Duppikatte,Minor Irrigation Department,Chitradurga,Molakalmuru,B.G.Kere,Duppi,56.65,48,7,0.2,Vented weir,6,2.5,480,J∏Ô.J.,,2000
KA13010055,Konasagara,Minor Irrigation Department,Chitradurga,Molakalmuru,Konasagara,Konasagara,170.5,47.5,18.35,0.52,Vented weir,7.5,2.5,1050,J∏Ô.J.,,1450
KA13010058,Thuppadakkanahalli,Minor Irrigation Department,Chitradurga,Molakalmuru,Rayapura,Yarenahalli,337.6,48.56,49.1,1.39,Vented weir,4.87,2,580,J∏Ô.J.,,3633
KA13010077,Ranganayanadurga Tank,Minor Irrigation Department,Chitradurga,Molakalmuru,Hirehalli,Rangaiahanadurga,1700,795.28,463.38,13.12,Vented weir,19.88,4.58,900,M.J∏Ô. q¿ß∆ËˆÂ,,56000
KA13010059,Hirekerehalli,Minor Irrigation Department,Chitradurga,Molakalmuru,Hirehalli,Hirekerehalli,401.5,160.25,58.48,1.66,Vented weir,8,1.8,780,J∏Ô.J.,,5800
KA13010056,Bhatrahalli,Minor Irrigation Department,Chitradurga,Molakalmuru,Chikkerahalli,Bhatrahalli,91,65,11.25,0.32,Vented weir,5,2.5,1350,J∏Ô.J.,,1200
KA13010057,Nagasamudra,Minor Irrigation Department,Chitradurga,Molakalmuru,Nagasamudra,Nagasamudra,173.61,90,21.45,0.61,Vented weir,6.5,2,2000,J∏Ô.J.,,1800
KA13010060,Amakundhi,Minor Irrigation Department,Chitradurga,Molakalmuru,Chikkerahalli,Amakundhi,88,68,10.7,0.3,Vented weir,6,1.9,1350,J∏Ô.J.,,1195
KA13010062,Sipura,Minor Irrigation Department,Chitradurga,Molakalmuru,Siddapura,Shiddapura,342,85,251.4,7.12,Vented weir,3.65,2.5,2520,J∏Ô.J.,,5792
KA13010065,Gowrasamudra,Minor Irrigation Department,Chitradurga,Molakalmuru,Siddapura,Gowrasamudra,45,70,8.65,0.24,Vented weir,1.8,2.5,735,J∏Ô.J.,,1800
KA13010066,Chikkanahalli,Minor Irrigation Department,Chitradurga,Molakalmuru,Siddapura,Chikkanahalli,51.8,60,6.4,0.18,Vented weir,7,2.5,765,J∏Ô.J.,,1190
KA13010063,Devasamudra,Minor Irrigation Department,Chitradurga,Molakalmuru,Devasamudra,Devasamudra,137.6,90,17,0.48,Vented weir,8,2.5,1500,J∏Ô.J.,,1250
KA13010047,Hosahalli,Minor Irrigation Department,Chitradurga,Molakalmuru,J.B.Halli,Hosahalli,51,55,6.3,0.18,Vented weir,7,2.5,600,J∏Ô.J.,,1250
KA13010001,Pakurthi Tank,Minor Irrigation Department,Chitradurga,Molakalmuru,J.B.Halli,Jillagundhi,1708,160.26,334.5,6.64,Vented weir,16.17,2.5,840,M.J∏Ô. q¿ß∆ËˆÂ,,13360
KA24020031,Karenjeshwara Kere,Minor Irrigation Department,Dakshina Kannada,Bantval,Kavalamuduru,Kavala Mooduru,41.95,1.05,1,1.6,Homogeneous,8,4,80,Clear over flow,2,0.6
KA24010001,Kahuru Kere,Minor Irrigation Department,Dakshina Kannada,Mangaluru,ULB-Manglore-CC,Kavuru,89.48,3.34,5.93,1,Homogeneous,1,15,50,Clear over flow,2,4.1
KA14060173,Mullakere,Minor Irrigation Department,Davangere,Channagiri,Tavarekere,Tavarekere,,,,, ,,,, ,,
KA14060183,Medhugondanahallikere,Minor Irrigation Department,Davangere,Channagiri,Maravanji,Jammapura,98,25.6,11.85,10.45,Vented weir,11.2,2,395,J∏Ô.J.,,582
KA14060178,Bedagondanahalli Hosakere,Minor Irrigation Department,Davangere,Channagiri,Maravanji,Madhugondanahalli,164,46,19.85,19.85,Vented weir,8.5,3,800,J∏Ô.J.,,
KA14060177,Mallehalu Kere,Minor Irrigation Department,Davangere,Channagiri,Malahal,Mallehalu,172,45,20.8,20.8,Vented weir,7.45,3.9,1150,J∏Ô.J.,,
KA14060195,Maravanji Kere,Minor Irrigation Department,Davangere,Channagiri,Maravanji,Maravanji,216,26.2,30.5,15.75,Vented weir,6.8,2.5,520,J∏Ô.J.,,
KA14060199,Maravanji Hoskere,Minor Irrigation Department,Davangere,Channagiri,Maravanji,Maravanji,90,26.2,10.8,10,Vented weir,6.6,2.5,520,J∏Ô.J.,,
KA14060192,Lingadahalli  N.Ganadhakatte Kere,Minor Irrigation Department,Davangere,Channagiri,Guddada Komaranahalli,N.Ganadhakatte,126,38.6,15.6,14,Vented weir,6.8,2.6,800,J∏Ô.J.,,1254
KA14060186,Kulanuru Kere,Minor Irrigation Department,Davangere,Channagiri,Kakanur,Kulanuru,43,38,5.2,4.8,Vented weir,3.3,2,945,J∏Ô.J.,,
KA14060181,Santhebennuru Ooramunidanakere,Minor Irrigation Department,Davangere,Channagiri,Santhebennur,Santhebennuru,60,67.2,7.2,6,Vented weir,2.43,4.5,1450,J∏Ô.J.,,130.6
KA14060190,Kanchugaranahalli Kere,Minor Irrigation Department,Davangere,Channagiri,Nilogal,Kanchugaranahalli,45,56.8,5.45,5.45,Vented weir,5,2.5,780,J∏Ô.J.,,111.2
KA14060185,Daginakatte Nagattikere,Minor Irrigation Department,Davangere,Channagiri,Daginakatte,Daginakatte,60,21,7.25,7.25,Vented weir,6.2,3.45,811,J∏Ô.J.,,1000
KA14060184,Yalodahalli Hosakere,Minor Irrigation Department,Davangere,Channagiri,Daginakatte,Yalodahalli,63,19,7.6,7.6,Vented weir,8.2,3.5,560,J∏Ô.J.,,
KA14060149,Chiradoni Hosakere,Minor Irrigation Department,Davangere,Channagiri,Hiremalali,Chiradoni,72,21,8.7,8.7,Vented weir,7.4,3.5,645,J∏Ô.J.,,
KA14060193,Nelluru Aapinavaddu,Minor Irrigation Department,Davangere,Channagiri,Nallur,Nelluru,57,16,6.9,6.5,Vented weir,6.8,4,1300,J∏Ô.J.,,5444.1
KA14060191,Chiradoni Hosakere,Minor Irrigation Department,Davangere,Channagiri,Hiremalali,Garagadhakatte,,,,, ,,,, ,,
KA14060180,Nelluru Ooramundinakere,Minor Irrigation Department,Davangere,Channagiri,Nallur,Nelluru,55,19,6.16,6.16,Vented weir,6,3,685,J∏Ô.J.,,2635
KA14060069,Hatti Gowdanakere,Minor Irrigation Department,Davangere,Channagiri,Bulasagara,Hatti,49,24,5.95,5,Vented weir,4.5,3,805,J∏Ô.J.,,484
KA14060194,Nithigere Sankannanakere,Minor Irrigation Department,Davangere,Channagiri,Nuggihalli,Niregere,100,32,20.5,20,Vented weir,4.53,2.25,605,J∏Ô.J.,,
KA14060176,Benkikere Kere,Minor Irrigation Department,Davangere,Channagiri,Hebbalagere,Benkikere,55,33.38,6.65,6,Vented weir,4,5.5,810,J∏Ô.J.,,514
KA14060027,Guruhagedahalli Hosakere,Minor Irrigation Department,Davangere,Channagiri,Channeshapura,Channeshapura,42,23,5.1,5.1,Vented weir,7.8,3,665,J∏Ô.J.,,
KA14060172,Jodi Thimmalapura Kere,Minor Irrigation Department,Davangere,Channagiri,Hodigere,Thimmalapura,80,127.88,9.7,9.7,Vented weir,8.59,2.5,896,J∏Ô.J.,,
KA14060171,Hoodigere Kere,Minor Irrigation Department,Davangere,Channagiri,Hodigere,Hoodigere,49,43.3,6.65,6,Vented weir,4.6,2.6,1200,J∏Ô.J.,,1380
KA14060196,Hiremalali Balasokere,Minor Irrigation Department,Davangere,Channagiri,Hiremalali,Hiremalali,53,19,6.4,6.4,Vented weir,3.5,4,1200,J∏Ô.J.,,
KA14060148,Malanayakanakatte Kumbarakere,Minor Irrigation Department,Davangere,Channagiri,Hiremalali,Malanayakanakatte,,,,, ,,,, ,,
KA14060026,Kanchaganala Hosakere,Minor Irrigation Department,Davangere,Channagiri,Goppenahalli,Pennasamudra,,,,, ,,,, ,,
KA14060201,Hosahalli Hosakere,Minor Irrigation Department,Davangere,Channagiri,Haronahalli,Hosahalli,42.9,0,14.63,0,Vented weir,,,,J∏Ô.J.,,
KA14060016,Mavinahole Tank,Minor Irrigation Department,Davangere,Channagiri,Rajagondanahalli,Mavinahole,320,64,38.7,20,Vented weir,7.5,3,585,J∏Ô.J.,,
KA14060198,K.Ganadhakatte Hosakere,Minor Irrigation Department,Davangere,Channagiri,Joladal,K.Ganadhakatte,129,38,15.6,15.6,Vented weir,8.5,3.5,800,J∏Ô.J.,,
KA14060175,Vanala Ddakere,Minor Irrigation Department,Davangere,Channagiri,Vadnal,Vaddanala,74,66,8.95,8,Vented weir,3.6,4.8,1100,J∏Ô.J.,,550
KA14060174,Hebalagere Kere,Minor Irrigation Department,Davangere,Channagiri,Hebbalagere,Hebalagere,54,35.61,6.5,6,Vented weir,4.9,2.8,1350,J∏Ô.J.,,207
KA14040039,Nalakundakere,Minor Irrigation Department,Davangere,Davangere,Anaberu,Nalakunda,40.8,41.3,21.5,8.4,∫…∆™…∆√f√§Ai¿ƒ∏Ô,6.2,2.5,720,∏…∆Ë√¶AUÔ K•¡Ê£Ô,40,12.6
KA14040040,Hucchavvanahallikere,Minor Irrigation Department,Davangere,Davangere,Huchhavvanahalli,Ramapura,176.4,69.23,81.8,36.32,∫…∆™…∆√f√§Ai¿ƒ∏Ô,9,2.5,600,∏…∆Ë√¶AUÔ K•¡Ê£Ô,50,30.24
KA14040038,Mayakondakere,Minor Irrigation Department,Davangere,Davangere,Huchhavvanahalli,Thimmalapura,,,,, ,,,, ,,
KA14040048,Kodaganurukere,Minor Irrigation Department,Davangere,Davangere,Nerlige,Ganganakatte,220.4,175,110.4,45.38,∫…∆™…∆√f√§Ai¿ƒ∏Ô,10,4.6,1200,∏…∆Ë√¶AUÔ K•¡Ê£Ô,60,121.11
KA14040053,Naraganahallikere,Minor Irrigation Department,Davangere,Davangere,Naraganahalli,Naraganahalli,72.8,43.31,36,14.99,∫…∆™…∆√f√§Ai¿ƒ∏Ô,6.5,2.5,750,∏…∆Ë√¶AUÔ K•¡Ê£Ô,50,17.44
KA14040052,Honnurukere,Minor Irrigation Department,Davangere,Davangere,Honnur,Honnuru,74.4,175.85,82.98,15.32,∫…∆™…∆√f√§Ai¿ƒ∏Ô,6,3.4,900,∏…∆Ë√¶AUÔ K•¡Ê£Ô,40,26.67
KA14030002,Tuppadahalli,Minor Irrigation Department,Davangere,Davangere,Hemmanabethur,Hemmanabeturu,560,389,1396,1396,Vented weir,10,1.8,1.64,J∏Ô.J.,,9000
KA14040046,Kandanakovikere,Minor Irrigation Department,Davangere,Davangere,Kandanakovi,Machenahalli,58.3,66,32.25,12,∫…∆™…∆√f√§Ai¿ƒ∏Ô,4.8,3,750,∏…∆Ë√¶AUÔ K•¡Ê£Ô,40,62.78
KA14040049,Agasanakattae Kere,Minor Irrigation Department,Davangere,Davangere,Iguru,Agasanakatte,138,43,69,28.42,∫…∆™…∆√f√§Ai¿ƒ∏Ô,7,3,720,∏…∆Ë√¶AUÔ K•¡Ê£Ô,50,45.87
KA14040009,Boragondanahallikere,Minor Irrigation Department,Davangere,Davangere,Sriramanagara,Hebbalu Giriyapura,,,,, ,,,, ,,
KA14040041,Anaji Kere,Minor Irrigation Department,Davangere,Davangere,Anaji,Anaji,295,264.37,256.5,60.75,∫…∆™…∆√f√§Ai¿ƒ∏Ô,7.6,5.6,850,∏…∆Ë√¶AUÔ K•¡Ê£Ô,45,46.72
KA14040012,Anji Chikkakere,Minor Irrigation Department,Davangere,Davangere,Anaji,Anaji,40,65,26,8.24,∫…∆™…∆√f√§Ai¿ƒ∏Ô,4.5,1.8,670,∏…∆Ë√¶AUÔ K•¡Ê£Ô,30,15.57
KA14040021,Alur Kere,Minor Irrigation Department,Davangere,Davangere,Aalur,Alur,136,22.17,57.9,28,∫…∆™…∆√f√§Ai¿ƒ∏Ô,4.2,3,800,∏…∆Ë√¶AUÔ K•¡Ê£Ô,40,25.48
KA14050003,Chilapura Hosa Kere,Minor Irrigation Department,Davangere,Honnali,Hunasaghatta,Hattihalu,112,41.6,0.59,0.59,Vented weir,3.2,2.4,250,FE,,1400.75
KA14050004,Byranahalli Hosa Kere,Minor Irrigation Department,Davangere,Honnali,Kyasinakere,Byranahalli,118,15,0.28,0.28,Vented weir,12.6,2.5,580,SA,,1087.55
KA14050016,Soratur Hosa Kere,Minor Irrigation Department,Davangere,Honnali,Sorathur,Soraturu,41.5,21.25,0.65,0.65,Vented weir,12,3.5,900,SA,,487.28
KA14050014,Kathige Hosa Kere,Minor Irrigation Department,Davangere,Honnali,Kattige,Katthige,204,41.76,1.26,1.26,Vented weir,8,2.5,495,FE,,4590.3
KA14050017,Gopagondanahalli Hosa Kere,Minor Irrigation Department,Davangere,Honnali,H. Gopagondanahalli,H.Gopagondanahalli,68,12,0.47,0.47,Vented weir,3.5,2.4,195,SA,,548.36
KA14050001,Tharaganahalli Hosa Kere,Minor Irrigation Department,Davangere,Honnali,Thimmalapura,Taraganahalli,78,14.04,0.51,0.51,Vented weir,3.1,2.5,475,FE,,566.37
KA14050002,Hire Gonigere Kere,Minor Irrigation Department,Davangere,Honnali,Hiregonigere,Hiregonikere,98.8,26.6,0.5,0.5,Vented weir,11,2.4,42,FE,,1444.89
KA14050015,Konanathale Kere,Minor Irrigation Department,Davangere,Honnali,Hiregonigere,Konanatale,147.2,12,0.6,0.6,Vented weir,7.2,2.5,225,SA,,913.47
KA14030003,Nibaguru,Minor Irrigation Department,Davangere,Jagalur,Bidarakere,Rastemakunte,45.74,60.72,22.45,22.45,Vented weir,10,1.8,0.75,J∏Ô.J.,,2018
KA14030017,Jammapura,Minor Irrigation Department,Davangere,Jagalur,Toranaghatte,Jammapura,85.2,127.88,83.29,83.29,Vented weir,8,2.5,1.2,J∏Ô.J.,,5882
KA14030008,Medaginakere,Minor Irrigation Department,Davangere,Jagalur,Guttidurga,Medaginakere,48,0,44,0,Vented weir,3.8,2.5,0.53,J∏Ô.J.,,1355
KA14030004,Jagalur,Minor Irrigation Department,Davangere,Jagalur,ULB-Jagalur-TP,Jagaluru,112.55,69.23,35.22,119.3,Vented weir,9,2.5,1.25,J∏Ô.J.,,2609
KA14030015,Hiremallanahole,Minor Irrigation Department,Davangere,Jagalur,Hiremallanahole,Hiremallanahole,48.1,61.94,44.91,44.91,Vented weir,4.5,1.8,1,J∏Ô.J.,,1801
KA14030014,Barmasamudra,Minor Irrigation Department,Davangere,Jagalur,Hanumanthapura,Udagutta,102.83,15.99,123,123,Vented weir,7,2.5,0.8,J∏Ô.J.,,5893
KA14030006,Gurusipura,Minor Irrigation Department,Davangere,Jagalur,Gurusiddapura,Gurusiddapura,128.75,169.97,293,293,Vented weir,8,1.8,1.4,J∏Ô.J.,,3956
KA14030007,Rangaiahnadurga,Minor Irrigation Department,Davangere,Jagalur,Basavanakote,Rangaiahnadurga,55,0,44,0,Vented weir,2.5,3.5,0.43,J∏Ô.J.,,
KA14030011,Gadimakunte,Minor Irrigation Department,Davangere,Jagalur,Hosakere,Gadimakunte,135.2,93.92,291,291,Vented weir,3.5,2.5,0.53,J∏Ô.J.,,5860
KA14030013,Magadi,Minor Irrigation Department,Davangere,Jagalur,Gurusiddapura,Gurusiddapura,226.72,14.53,133,133,Vented weir,6.2,2.5,0.7,J∏Ô.J.,,7094
KA14030012,Marikunte,Minor Irrigation Department,Davangere,Jagalur,Pallaghatte,Marikunte,55.6,0,44,0,Vented weir,4,3.5,0.81,J∏Ô.J.,,
KA14030001,Chikkamallanahole,Minor Irrigation Department,Davangere,Jagalur,Hiremallanahole,Chikkamallanahole,,,,, ,,,, ,,
KA14030010,Mallemajikere,Minor Irrigation Department,Davangere,Jagalur,Gurusiddapura,Mallemajikere,64.7,24.29,46,46,Vented weir,3,2.5,0.59,J∏Ô.J.,,2400
KA14030016,Anaburu,Minor Irrigation Department,Davangere,Jagalur,Anabur,Anaburu,112.5,202.42,119.3,35.22,Vented weir,4.5,7.5,0.86,J∏Ô.J.,,3650
KA14030009,Hosakere,Minor Irrigation Department,Davangere,Jagalur,Hosakere,Hosakere,78.4,72.84,85,85,Vented weir,4,2.5,1,J∏Ô.J.,,3280
KA14030005,Lakamapura,Minor Irrigation Department,Davangere,Jagalur,Hosakere,Lakkamapura,75.7,27.93,45.7,45.7,Vented weir,4.2,1.8,0.75,J∏Ô.J.,,1197
KA14070052,Chatnalli Adoni Kere,Minor Irrigation Department,Davangere,Nyamati,Chatnihalii,Chatnahalli,78.4,15,0.29,0.6,Vented weir,6,2.5,192,FE,,642.64
KA14070002,Sowalanga Hosa Kere,Minor Irrigation Department,Davangere,Nyamati,Savalanga,Savalanga,800,3.4,8.99,8.99,Vented weir,12,2.75,900,COF,,16878.1
KA14070003,Chinnikatte Thavarekere,Minor Irrigation Department,Davangere,Nyamati,Chinnikatte,Chinnikatte,78.4,20.1,0.68,0.68,Vented weir,6,2.5,510,SA,,822.02
KA09070036, ,Minor Irrigation Department,Dharwad,Alnavar,Benachi,Benachi (Kivudibyla),49.19,1.89,6.08,6.09,MAz… v…g¿£¡z¿,3.2,2,252,-,,82
KA09070027,Dori Kere,Minor Irrigation Department,Dharwad,Alnavar,Benachi,Dori (Dhopenahatti),390.8,60.35,48.28,48.28,MAz… v…g¿£¡z¿,14.03,2,612,Flush 65.58 M,65.58,2610
KA09070032,Chavatageri,Minor Irrigation Department,Dharwad,Alnavar,ULB-Alnavara-TP,Alnavara,62.33,4.55,7.7,7.7,MAz… v…g¿£¡z¿,4,2,240,COF,,160
KA09070028,Hoskeri B,Minor Irrigation Department,Dharwad,Alnavar,Aravatagi,Amboli,,,,, ,,,, ,,
KA09070011,Bagawan,Minor Irrigation Department,Dharwad,Alnavar,ULB-Alnavara-TP,Alnavara,113.13,7.5,13.98,13.98,MAz… v…g¿£¡z¿,6,6.5,480,COF,,360
KA09070031,Kashinattikeri,Minor Irrigation Department,Dharwad,Alnavar,Kadabagatti,Hindasageri,86,4.83,10.63,10.63,MAz… v…g¿£¡z¿,5.5,2,320,COF,,445
KA09070015,Kulkarni  Hindsageri,Minor Irrigation Department,Dharwad,Alnavar,Kadabagatti,Hindasageri,45,1.23,5.56,5.56,MAz… v…g¿£¡z¿,4.75,2,260,-,,294
KA09070029,Aladakeri  B,Minor Irrigation Department,Dharwad,Alnavar,Aravatagi,Aravatagi,48.28,1.64,5.97,5.17,MAz… v…g¿£¡z¿,24,2,270,COF,,213
KA09070038,Kulkarnikeri,Minor Irrigation Department,Dharwad,Alnavar,Kadabagatti,Hindasageri,,,,, ,,,, ,,
KA09070030,Kogilgeri,Minor Irrigation Department,Dharwad,Alnavar,Aravatagi,Khogilageri,68,4.89,8.4,8.4,MAz… v…g¿£¡z¿,6.5,2,360,COF,,340
KA09070039,Hulikere  Tank,Minor Irrigation Department,Dharwad,Alnavar,Kadabagatti,Hulikeri,1208,129.55,149.25,149.25,MAz… v…g¿£¡z¿,21.75,2.43,637,COF  78.00 M,,6262
KA09070034,Madakikoppakeri B,Minor Irrigation Department,Dharwad,Alnavar,Aravatagi,Kumbarakoppa,89,6.5,11,11,MAz… v…g¿£¡z¿,10.8,2.4,319,COF,,918
KA09070035,Kambaragnavi,Minor Irrigation Department,Dharwad,Alnavar,Honnapura,Kambaraganavi,111,9.3,13.71,13.17,MAz… v…g¿£¡z¿,11,2.4,480,Flush Escape,,904
KA09070037,Benchi B,Minor Irrigation Department,Dharwad,Alnavar,Benachi,Benachi (Kivudibyla),291,15.46,35.95,35.95,MAz… v…g¿£¡z¿,12,4,220,submerged,,2240
KA09010243,Nuggikere,Minor Irrigation Department,Dharwad,Dharwad,Yarikoppa,Nuggikeri,77.09,16.59,9.52,9.52,MAz… v…g¿£¡z¿,4.6,3,450,J∏Ô.q¿ß∆Ë.q¿ß∆Ë,15,330
KA09010250,Varvinagalavi New,Minor Irrigation Department,Dharwad,Dharwad,Mandihal,Varavanagalavi,344.25,9.75,42.53,42.53,MAz… v…g¿£¡z¿,16.27,2.44,370,COF  38.90 M,38.9,1382
KA09010139,Betageri,Minor Irrigation Department,Dharwad,Dharwad,Hebballi,Hebballi,,,,, ,,,, ,,
KA09010222,Changlavva,Minor Irrigation Department,Dharwad,Dharwad,Hebballi,Hebballi,,,,, ,,,, ,,
KA09010140,Heggeri,Minor Irrigation Department,Dharwad,Dharwad,Hebballi,Hebballi,,,,, ,,,, ,,
KA09010252,Ramapur New,Minor Irrigation Department,Dharwad,Dharwad,Ramapura,Ramapura,94.52,7,11.68,17.7,MAz… v…g¿£¡z¿,11.8,3.5,488,Fulsh ww 24.40M,24.4,945
KA09010249,Veerapur,Minor Irrigation Department,Dharwad,Dharwad,Ramapura,Veerapura,130,34.77,16.06,41.58,MAz… v…g¿£¡z¿,13.45,2.5,782,Labrynth,,1398
KA09010236,Hirekeri,Minor Irrigation Department,Dharwad,Dharwad,Narendra,Narendra,62.62,35.3,7.74,1.05,MAz… v…g¿£¡z¿,4.75,1.3,330,πNJ•sÔ,20,342
KA09010257,Hosawal,Minor Irrigation Department,Dharwad,Dharwad,Kotur,Kotura,248.48,4.8,30.7,30.7,MAz… v…g¿£¡z¿,12.81,3.6,320,Submerged,78,1863
KA09010255,Madikoppa,Minor Irrigation Department,Dharwad,Dharwad,Tegur,Guledhakoppa Madhikoppa,309.38,5.2,38.22,38.22,MAz… v…g¿£¡z¿,12.66,5.5,310,Submerged,,918
KA09010223,Chandanmatti Benachi,Minor Irrigation Department,Dharwad,Dharwad,Kanakura,Chandanamatti,,,,, ,,,, ,,
KA09010226,Timmapur,Minor Irrigation Department,Dharwad,Dharwad,Marewada,Thimmapura .M. Aminabhavi,,,,, ,,,, ,,
KA09010050, ,Minor Irrigation Department,Dharwad,Dharwad,Tegur,Bhudanagudda,95.23,5.2,11.77,8.08,MAz… v…g¿£¡z¿,12,3.5,305,COF 41.70 M,41.7,1000
KA09010254,Singanahalli New,Minor Irrigation Department,Dharwad,Dharwad,Kotur,Shinganahalli,66.06,5.29,8.16,7.09,MAz… v…g¿£¡z¿,5,2.4,215,πNJ•sÔ,,961
KA09010256,Kubasadavarkeri,Minor Irrigation Department,Dharwad,Dharwad,Tegur,Guledhakoppa,46.17,1.1,5.7,5.7,MAz… v…g¿£¡z¿,2.5,1.6,60,πNJ•sÔ,,
KA09010253,Oramundinakere,Minor Irrigation Department,Dharwad,Dharwad,Tegur,Guledhakoppa,72.88,1.4,9,0.9,MAz… v…g¿£¡z¿,3,5.5,247,-,,
KA09010237,Bokyapur New,Minor Irrigation Department,Dharwad,Dharwad,Garag,Bokyapura,166,30,20.51,20.4,MAz… v…g¿£¡z¿,2,2.4,526,-,,889
KA09010233,Madanabhavi New,Minor Irrigation Department,Dharwad,Dharwad,Madhanabhavi,Madhana Bhavi,85,,10.5,9,MAz… v…g¿£¡z¿,1.2,1.8,3,•¿ËµÔ,,1117
KA09010235,Tadakod,Minor Irrigation Department,Dharwad,Dharwad,Tadakoda,Thadakoda,110,9.75,13.59,13.59,MAz… v…g¿£¡z¿,4,4,950,πNJ•sÔ,,
KA09010251,Daddikamalapur,Minor Irrigation Department,Dharwad,Dharwad,Mandihal,Dhaddikamalapura,50,2,,, ,5.77,2.5,117,Flush,15,1325
KA09010246,Mandihal New,Minor Irrigation Department,Dharwad,Dharwad,Mandihal,Dhaddikamalapura,172.12,6.07,21.27,18.47,MAz… v…g¿£¡z¿,8,2,160,Fulsh  20.00 M,15,803
KA09010247,Honnammankeri,Minor Irrigation Department,Dharwad,Dharwad,Mugad,Mugadha,256.07,12.16,31.64,31.64,MAz… v…g¿£¡z¿,5,6,700,COF 38.90 M,38.9,1275
KA09010258,Kyarakoppa,Minor Irrigation Department,Dharwad,Dharwad,Kyarikoppa,Kyarakoppa,112,4.94,13.84,0.19,MAz… v…g¿£¡z¿,10,3.6,210,SWW 2.00 M,15,168
KA09010245,Baad,Minor Irrigation Department,Dharwad,Dharwad,Nigadi,Bada,260,4.64,32.12,32.12,MAz… v…g¿£¡z¿,7,3.6,309,SWW 20.00M,20,432
KA09010170,Irrigation,Minor Irrigation Department,Dharwad,Dharwad,Kyarikoppa,Kyarakoppa,,,,, ,,,, ,,
KA09010244,Honnapur,Minor Irrigation Department,Dharwad,Dharwad,Kelkeri,Kalakeri,60,0.84,7.41,7.41,MAz… v…g¿£¡z¿,,3,480,COF,,1800
KA09010242,Navalooru Lake,Minor Irrigation Department,Dharwad,Dharwad,ULB-Hubli Dharwad-CC,Navalura,60.29,2.75,7.45,32,MAz… v…g¿£¡z¿,4.6,4,540,J∏Ô.q¿ß∆Ë.q¿ß∆Ë,15,391
KA09010239,Hirekeri,Minor Irrigation Department,Dharwad,Dharwad,Nigadi,Nigadhi,95.06,10.32,11.75,11.74,MAz… v…g¿£¡z¿,6,2.4,510,COF     30.75 M,30.75,4426
KA09010232,Mavinkoppa,Minor Irrigation Department,Dharwad,Dharwad,Halligeri,Mavinakoppa+Dabbinakolla+Kadlikoppa,266,24,34,66.68, ,,,, ,,
KA09010260,Godshettykeri,Minor Irrigation Department,Dharwad,Dharwad,Halligeri,Halligeri,44.66,1.6,5.52,5.52,MAz… v…g¿£¡z¿,4,1.8,282,SWW 9.20M,9.2,143
KA09010240,Amblikoppa B,Minor Irrigation Department,Dharwad,Dharwad,Halligeri,Amblikoppa,60,4.4,7.41,7.41,MAz… v…g¿£¡z¿,6,4.25,294,COF 8.00M,8,173
KA09010259,Oramundinakere,Minor Irrigation Department,Dharwad,Dharwad,Yarikoppa,Naikanaholikatte,61.92,3.24,7.65,8.51,MAz… v…g¿£¡z¿,3.3,3.7,230,SWW  10.70 M,10,449
KA09010241,Holtikote Dodda Kere,Minor Irrigation Department,Dharwad,Dharwad,Halligeri,Holthikoti,105.21,2.88,13,13,MAz… v…g¿£¡z¿,5,1.8,350,COF 16.00,16,784
KA09010234,Murakatti B,Minor Irrigation Department,Dharwad,Dharwad,Devarahubballi,Murakatti,185.6,13.02,22.93,22.93,MAz… v…g¿£¡z¿,8,4.2,460,SWW 30.70 M,30.7,1384
KA09010238,Hirekeri,Minor Irrigation Department,Dharwad,Dharwad,Devarahubballi,Devarahubballi,86.9,7.58,10.74,10.74,MAz… v…g¿£¡z¿,5,4.25,442,COF 33.80 M,33.8,1210
KA09030115,Budnal Sarkarikere,Minor Irrigation Department,Dharwad,Hubballi,Anchatageri,Budnala,151.87,15.25,18.76,18.76,MAz… v…g¿£¡z¿,7,4.2,250,•¿ËµÔ,,483
KA09040062,Chalamatti,Minor Irrigation Department,Dharwad,Hubballi,Anchatageri,Budnala,,,,, ,,,, ,,
KA09030114,Rayanal New,Minor Irrigation Department,Dharwad,Hubballi,Rayanal,Rayanala,60.75,7.89,7.51,7.51,MAz… v…g¿£¡z¿,9,4.2,265,•¿ËµÔ,,1012
KA09030113,Aralikatti Keri,Minor Irrigation Department,Dharwad,Hubballi,Chabbi,Chebbi+Minirayanakoppa,42.12,13.56,5.2,5.2,MAz… v…g¿£¡z¿,7,1.8,1320,•¿ËµÔ,,909
KA09030108,Gayanakeri,Minor Irrigation Department,Dharwad,Hubballi,Channapura,Channapura,46.57,0.81,5.75,5.75,MAz… v…g¿£¡z¿,4.5,1.8,250,•¿ËµÔ,,277
KA09030111,Revadihal New,Minor Irrigation Department,Dharwad,Hubballi,Devaragudihal,Revadihala,48.6,,6,6,MAz… v…g¿£¡z¿,9,3,230,•¿ËµÔ,,846
KA09040029,Hirekeri,Minor Irrigation Department,Dharwad,Kalghatgi,Kuruvinakoppa,B. Gudihala,50.53,5.79,6.24,6.24,MAz… v…g¿£¡z¿,6,4,304,COF,,
KA09040074,Shivpur,Minor Irrigation Department,Dharwad,Kalghatgi,Sangameshwara,Kudalagi,330,23.49,25.33,30.85, ,,,, ,,
KA09040026,B.K.Shigiatti New,Minor Irrigation Department,Dharwad,Kalghatgi,Muttagi,Bu.Sheegigatti,465.75,149.08,57.54,57.54,MAz… v…g¿£¡z¿,12.5,3.6,533,COF,,16000
KA09040035,Gangammanakeri,Minor Irrigation Department,Dharwad,Kalghatgi,Kuruvinakoppa,Kurunakoppa,121.4,9.68,15,15,MAz… v…g¿£¡z¿,4.2,3.7,340,Flush,,
KA09040293,Hulaginkoppa Shedambi,Minor Irrigation Department,Dharwad,Kalghatgi,Tambur,Hulaganakoppa,62.61,4.4,7.74,7.74,MAz… v…g¿£¡z¿,4.9,3,460,Flush,,293
KA09040518, ,Minor Irrigation Department,Dharwad,Kalghatgi,Bammigatti,Nelliharavi,44,1.66,5.44,5.44,MAz… v…g¿£¡z¿,3.9,2,240,COF,,
KA09040619, ,Minor Irrigation Department,Dharwad,Kalghatgi,Bammigatti,Bammigatti,,,,, ,,,, ,,
KA09040041,Benchi Tarasikoppa,Minor Irrigation Department,Dharwad,Kalghatgi,Begur,Thumarikoppa,,,,, ,,,, ,,
KA09040042,Hirekeri,Minor Irrigation Department,Dharwad,Kalghatgi,Ugginakeri,Kamadhenu,59.49,19.02,7.35,7.35,MAz… v…g¿£¡z¿,6,4,690,COF,,
KA09040057,Hirekeri,Minor Irrigation Department,Dharwad,Kalghatgi,Hirehonnalli,Hirehonnalli,61.7,8.18,7.62,7.62,MAz… v…g¿£¡z¿,5.2,1.5,336,Masonry,,
KA09040023,Naikanakeri,Minor Irrigation Department,Dharwad,Kalghatgi,Hirehonnalli,Dhulikoppa,45.2,2.92,5.58,5.58,MAz… v…g¿£¡z¿,3.2,2,288,Flush,,175
KA09040395,Ugginkere Hirekere,Minor Irrigation Department,Dharwad,Kalghatgi,Ugginakeri,Ugginakeri,98.2,9.46,12.13,12.13,MAz… v…g¿£¡z¿,4,2.5,300,Flush,,
KA09040034,Kadanakoppa Doddakere,Minor Irrigation Department,Dharwad,Kalghatgi,Ugginakeri,Kadanakoppa,54.78,11.34,6.77,6.77,MAz… v…g¿£¡z¿,6,2,570,Flush,,1022
KA09040025,Tumbikeri (Kudiokeri),Minor Irrigation Department,Dharwad,Kalghatgi,Muttagi,Mutthagi,63.92,3.76,7.9,7.9,MAz… v…g¿£¡z¿,8,3,280,Flush Escape 10 m,,174
KA09040027,Hirekeri,Minor Irrigation Department,Dharwad,Kalghatgi,Galagi,Galagi,111.32,6.07,13.75,13.75,MAz… v…g¿£¡z¿,,1.65,,Flush,,
KA09040420,Chalamatti Kere,Minor Irrigation Department,Dharwad,Kalghatgi,Galagi,Galagi,,,,, ,,,, ,,
KA09040059,Urumundinakeri,Minor Irrigation Department,Dharwad,Kalghatgi,Dummawada,Dummawada,75.4,23.2,9.32,9.32,MAz… v…g¿£¡z¿,2.5,4,525,COF ,,
KA09040028,Hosakeri,Minor Irrigation Department,Dharwad,Kalghatgi,Galagi,Hulakoppa,75.35,1.81,9.31,9.31,MAz… v…g¿£¡z¿,5,1.2,437,COF,,
KA09040396,Koravarakere,Minor Irrigation Department,Dharwad,Kalghatgi,Bammigatti,Nelliharavi,94.1,3.15,11.63,11.63,MAz… v…g¿£¡z¿,4.5,2,600,COF,,
KA09040021,Hiremandkeri,Minor Irrigation Department,Dharwad,Kalghatgi,Bammigatti,Bammigatti,115.68,9.53,14.29,14.29,MAz… v…g¿£¡z¿,6,2,420,COF,,
KA09040038,Siddanabhavi Kere,Minor Irrigation Department,Dharwad,Kalghatgi,Tambur,Thambura,79.89,21.66,9.87,9.87,MAz… v…g¿£¡z¿,6,3,250,COF,,432
KA09040067,Koravarkeri,Minor Irrigation Department,Dharwad,Kalghatgi,Bammigatti,Nelliharavi,,,,, ,,,, ,,
KA09040046,Hosakeri,Minor Irrigation Department,Dharwad,Kalghatgi,Bammigatti,Nelliharavi,46,3.14,5.68,5.68,MAz… v…g¿£¡z¿,3,2,270,COF,,
KA09040064,Uttarkumarkere,Minor Irrigation Department,Dharwad,Kalghatgi,Tambur,Thambura,63.19,6.87,7.81,7.81,MAz… v…g¿£¡z¿,6,2,240,Flush,,77000
KA09040030,Hirekeri,Minor Irrigation Department,Dharwad,Kalghatgi,Tavarageri,Thavarageri,56.15,6.07,6.94,6.94,MAz… v…g¿£¡z¿,5,2,260,Flush,,
KA09040022,Hirekeri,Minor Irrigation Department,Dharwad,Kalghatgi,Mukkal,Mukkal,,,,, ,,,, ,,
KA09040055,Hirekeri,Minor Irrigation Department,Dharwad,Kalghatgi,Mukkal,Mukkal,145.59,6.65,17.99,17.99,MAz… v…g¿£¡z¿,12,4,1160,COF,,5775
KA09040037,Salakinkeri,Minor Irrigation Department,Dharwad,Kalghatgi,Devikoppa,Devikoppa,,,,, ,,,, ,,
KA09040052,Kadabagattikeri,Minor Irrigation Department,Dharwad,Kalghatgi,Beeravalli,Beeravalli,52.06,3.4,6.43,6.43,MAz… v…g¿£¡z¿,4.8,4,360,Flush,15,4.85
KA09040058,Kallikeri,Minor Irrigation Department,Dharwad,Kalghatgi,Mukkal,Mukkal,67.8,1.5,8.38,8.38,MAz… v…g¿£¡z¿,5,1.5,400,COF,,1505
KA09040393,Somanakoppa Kere,Minor Irrigation Department,Dharwad,Kalghatgi,Tavarageri,Yalavadhala,270.36,57.1,40.44,40.44,MAz… v…g¿£¡z¿,12.96,2.5,600,Labrynth weir ,,4623
KA09040045,Kempageri,Minor Irrigation Department,Dharwad,Kalghatgi,Mukkal,Hunasikatti,74.99,5.27,9.27,9.27,MAz… v…g¿£¡z¿,12,2,175,Flush,,9
KA09040039,Hirekeri,Minor Irrigation Department,Dharwad,Kalghatgi,Devikoppa,Devikoppa,,,,, ,,,, ,,
KA09040073,Vadakattikeri,Minor Irrigation Department,Dharwad,Kalghatgi,Jinnur,Dyavanakonda,,,,, ,,,, ,,
KA09040033,Topinkeri,Minor Irrigation Department,Dharwad,Kalghatgi,Belawantara,Somanakoppa,46,2.62,5.68,5.68,MAz… v…g¿£¡z¿,4.6,1.12,300,Flush,,302
KA09040050,Sigoudarkeri,Minor Irrigation Department,Dharwad,Kalghatgi,Jinnur,Dyavanakonda,,,,, ,,,, ,,
KA09040184,Dyavanakonda Upadyayan,Minor Irrigation Department,Dharwad,Kalghatgi,Jinnur,Dyavanakonda,40.77,4.2,5.04,5.04,MAz… v…g¿£¡z¿,4.2,2.5,395,COF ,24,356
KA09040401,Vadakatti,Minor Irrigation Department,Dharwad,Kalghatgi,Jinnur,Dyavanakonda,41.19,3.7,5.09,5.09,MAz… v…g¿£¡z¿,6,2,168,Natural,15,340
KA09040049,Tumbikeri,Minor Irrigation Department,Dharwad,Kalghatgi,Tabakadahonnalli,Thabakadha Honnalli,76.39,4.69,9.44,9.44,MAz… v…g¿£¡z¿,5,2.4,450,COF,18,27.75
KA09040048,Chikkeri,Minor Irrigation Department,Dharwad,Kalghatgi,Guddadahulikatti,Parasapura,41.83,11.66,5.17,5.17,MAz… v…g¿£¡z¿,7,4.2,700,COF,,20
KA09040063,G. Hulikatti,Minor Irrigation Department,Dharwad,Kalghatgi,Guddadahulikatti,Guddadha Hoolikatte,74.48,3.12,9.2,9.2,MAz… v…g¿£¡z¿,5,1.5,385,COF,,1053
KA09040044,Kallakeri,Minor Irrigation Department,Dharwad,Kalghatgi,Jinnur,Malkanakoppa,58.45,5.12,7.22,7.22,MAz… v…g¿£¡z¿,5,1.5,272,COF,,19.2
KA09040065, ,Minor Irrigation Department,Dharwad,Kalghatgi,Jinnur,Jinnura,63.23,4.96,7.81,7.81,MAz… v…g¿£¡z¿,6,2.1,440,COF,16,7.5
KA09040053,Hirekeri,Minor Irrigation Department,Dharwad,Kalghatgi,Guddadahulikatti,Parasapura,69.21,8.8,8.55,8.55,MAz… v…g¿£¡z¿,10,2,400,COF,15,883
KA09040069,Kamashettikeri,Minor Irrigation Department,Dharwad,Kalghatgi,Tabakadahonnalli,Thabakadha Honnalli,47.76,2,5.9,5.9,MAz… v…g¿£¡z¿,6,2,270, ,,12.5
KA09040072,Bendigeri  Kamaladkeri,Minor Irrigation Department,Dharwad,Kalghatgi,Devikoppa,Devikoppa,,,,, ,,,, ,,
KA09040040,Sangameshwar New,Minor Irrigation Department,Dharwad,Kalghatgi,Sulikatti,Hatakinala,607,97.16,74.99,74.99,MAz… v…g¿£¡z¿,11.3,2.5,450,Sloping A,,3105
KA09040032,Jigallkeri,Minor Irrigation Department,Dharwad,Kalghatgi,Sulikatti,Hatakinala,68.2,10.62,8.43,8.43,MAz… v…g¿£¡z¿,4.5,3,545,COF,,
KA09040060,Kallappankattikeri,Minor Irrigation Department,Dharwad,Kalghatgi,Sulikatti,Hatakinala,68.22,1.78,8.43,8.43,MAz… v…g¿£¡z¿,3,2,180,COF,,
KA09040483, ,Minor Irrigation Department,Dharwad,Kalghatgi,Madakihonnalli,Hindasageri,,,,, ,,,, ,,
KA09040019,Mangeshkeri,Minor Irrigation Department,Dharwad,Kalghatgi,ULB-Kalaghatagi-TP,Kalaghatagi,76,4.1,9.39,9.39,MAz… v…g¿£¡z¿,7,4,225,Flush,,543
KA09040061,Hirekeri,Minor Irrigation Department,Dharwad,Kalghatgi,Madakihonnalli,Madkihonnalli,56.4,20.11,6.97,6.97,MAz… v…g¿£¡z¿,4.5,2.7,1600,COF,,
KA09040281,Ganjigatti Barakeri,Minor Irrigation Department,Dharwad,Kalghatgi,Ganjigatti,Ganjigatti,,,,, ,,,, ,,
KA09040054,Hirekeri,Minor Irrigation Department,Dharwad,Kalghatgi,Ganjigatti,Ganjigatti,352.09,56.86,43.5,43.5,MAz… v…g¿£¡z¿,15,5.5,810,COF,,523
KA09040024,Agasarakeri,Minor Irrigation Department,Dharwad,Kalghatgi,Madakihonnalli,Madkihonnalli,,,,, ,,,, ,,
KA09040036,Lakkavvanakeri,Minor Irrigation Department,Dharwad,Kalghatgi,Ganjigatti,Ganjigatti,63.64,4,7.86,7.86,MAz… v…g¿£¡z¿,8,1.8,455,COF,,22.5
KA09040394,Agasara Kere,Minor Irrigation Department,Dharwad,Kalghatgi,Madakihonnalli,Madkihonnalli,56.52,1.21,6.98,6.98,MAz… v…g¿£¡z¿,2.5,1.8,180,Flush (11.00m),,118
KA09040056,Hosakeri,Minor Irrigation Department,Dharwad,Kalghatgi,Surashettikoppa,Naganura,,,,, ,,,, ,,
KA09040043,Lakkavvanakeri,Minor Irrigation Department,Dharwad,Kalghatgi,Bhogenagarakoppa,Bagadageri,,,,, ,,,, ,,
KA09040047,Chikkeri,Minor Irrigation Department,Dharwad,Kalghatgi,Ganjigatti,Ganjigatti,45.52,5.41,5.62,5.62,MAz… v…g¿£¡z¿,7,2,420,COF,,8
KA09040020,Jondageri (Goudarakere),Minor Irrigation Department,Dharwad,Kalghatgi,ULB-Kalaghatagi-TP,Hulaginakatti,99.82,5.72,12.33,12.33,MAz… v…g¿£¡z¿,5.5,5,690,COF,,
KA09040070,Kallawankeri,Minor Irrigation Department,Dharwad,Kalghatgi,Surashettikoppa,Surashettykoppa,61.73,2,7.63,7.63,MAz… v…g¿£¡z¿,3.2,2,300,COF,,1225
KA09040313,Hulikattikeri,Minor Irrigation Department,Dharwad,Kalghatgi,ULB-Kalaghatagi-TP,Hulaginakatti,44.67,2.58,5.52,5.52,MAz… v…g¿£¡z¿,3,2,540,Flush,,
KA09040031,Tanchastalkeri,Minor Irrigation Department,Dharwad,Kalghatgi,Sangameshwara,Kudalagi,92.31,2.89,11.4,11.4,MAz… v…g¿£¡z¿,3.5,6,225,Flush,,
KA09040519, ,Minor Irrigation Department,Dharwad,Kalghatgi,Ugginakeri,Harugeri,40.2,5.61,4.97,4.97,MAz… v…g¿£¡z¿,4.5,3.5,350,COF,,621
KA09050072,Rattigeri,Minor Irrigation Department,Dharwad,Kundgol,Goudageri,Rattigeri,,,,, ,,,, ,,
KA08030058,Harthi,Minor Irrigation Department,Gadag,Gadag,Harti,Harthi,60,12.14,5.68,,-,9.2,2.5,300,Ogee,,634.25
KA08030053,Singatarayanakere,Minor Irrigation Department,Gadag,Gadag,Advisomapur,Papanasi,40,6,,,-,,,,-,,
KA08030057,Harlapur,Minor Irrigation Department,Gadag,Gadag,Harlapur,Harlapura,43,13,,,-,,,,Cof,,
KA08030056,Dundur Terculation,Minor Irrigation Department,Gadag,Gadag,Chikkandigol,Dundhura,46,2,12.3,12.3,-,,,,Ogee,,
KA08030054,Chickhandigol MI,Minor Irrigation Department,Gadag,Gadag,Binkadakatti,Hirehandhigola,818,99.83,99.95,99.95,-,8.84,2.4,1475,Ogee,,22800
KA08060002,Nidagundhi Inghu Kere,Minor Irrigation Department,Gadag,Gajendragarh,Nidagundi,Nidagundhi,,34.83,,,-,4.2,2.5,180.8,Flash,,
KA08060013,Nagarasikoppa,Minor Irrigation Department,Gadag,Gajendragarh,Kuntogi,Nagarashikoppa,255.4,28.02,18.37,1.83,-,4.57,1.8,515.45,Flash,,1360
KA08060014,Terculation Gajendragada,Minor Irrigation Department,Gadag,Gajendragarh,ULB-Gajendragada-TMC,Unachageri,706,15.4,,15.08,-,,,,-,,
KA08060008, ,Minor Irrigation Department,Gadag,Gajendragarh,Kuntogi,Kuntoji,194.15,22,20,0.75,-,8,1.8,515,Flash,,1264
KA08060032,Vadegol Tank,Minor Irrigation Department,Gadag,Gajendragarh,Kuntogi,Vadhegola,,,,, ,,,, ,,
KA08060010,Terculation Mykalajeri,Minor Irrigation Department,Gadag,Gajendragarh,Kuntogi,Myakalajari,20,,6.07,,-,5,3.5,320,Flash,,
KA08060012,Jigeri,Minor Irrigation Department,Gadag,Gajendragarh,Kuntogi,Jigeri,182,34.89,27,5.58,-,10.2,2,530,Flash,,1095
KA08060015,Nagendragada,Minor Irrigation Department,Gadag,Gajendragarh,Lakkalakatti,Nagendragada,121.23,34.83,12.23,,-,10.8,2,455.4,Flash,,3155
KA08070025,Balehosur MI,Minor Irrigation Department,Gadag,Lakshmeshwar,Balehosur,Balehosura,131.93,31.97,17.4,,-,8.28,1.8,843,Flash,,1464
KA08070027,Lakshmeshwar MI,Minor Irrigation Department,Gadag,Lakshmeshwar,ULB-Lakshmeshwara -TMC,Desayibana,45,12.95,11.05,,-,6,2.5,420,Cof,,
KA08070026,Kundralli MI,Minor Irrigation Department,Gadag,Lakshmeshwar,Battur,Kundralli,45.76,17,11.7,,-,6,3.5,740,Flash,,1080
KA08040012,Shettikere MI,Minor Irrigation Department,Gadag,Lakshmeshwar,Battur,Shettygeri,215.7,94.95,27.87,,-,9,3.6,838.7,Flash,,1900
KA08040001,Mundawada Tank,Minor Irrigation Department,Gadag,Mundargi,Bagewadi,Jyalawadagi,700,141.7,95,,-,18.84,2.4,994,0.0 Ogee,,710
KA08050023,Muradi,Minor Irrigation Department,Gadag,Mundargi,Muradi,Guddadha Boodhihala,472,96.4,78.84,,-,14.6,2.5,1525,0.0 Ogee,,200
KA08050028,Kelur,Minor Irrigation Department,Gadag,Mundargi,Harogeri,Kelura,208,39.67,99,,-,11.45,3,366.6,0.0 Flash,,701
KA08050026,Chickvatti,Minor Irrigation Department,Gadag,Mundargi,Muradi,Chikkavaddatti,119.88,12.14,14,,-,4.37,2.4,909,0.0 Flash,,142
KA08050025,Shirol,Minor Irrigation Department,Gadag,Mundargi,Harogeri,Basapura,465.76,72.46,69.14,,-,7.61,2.4,960,0.0 Cof,,550
KA08050024,Hirevatti,Minor Irrigation Department,Gadag,Mundargi,Hirewaddatti,Hirevaddatti,40.9,8.09,5,,-,8,2.4,912,0.0 Cof,,952
KA08050027,Tamargundi,Minor Irrigation Department,Gadag,Mundargi,Mevundi,Mevundi,243,41.7,36,,-,12.59,24,549,0.0 Cof,,430
KA08050022,Dambal,Minor Irrigation Department,Gadag,Mundargi,Dambal,Dambala,1175.5,180.16,205,,-,10.67,3,1608.8,88 BCW,,425
KA08050021,Tetalur,Minor Irrigation Department,Gadag,Mundargi,Alur,Pera Alura,,,,, ,,,, ,,
KA08030055,Janthli Sirur,Minor Irrigation Department,Gadag,Mundargi,Jantli Shirura,Shirura,506,74.5,82,,-,11.9,2.4,1138.7,70 Flash,,170
KA08040011,Vadavi MI,Minor Irrigation Department,Gadag,Shirhatti,Vadavi,Vadavi,140,18,13.19,,6.5,2.4,600,, ,1050,
KA08040002,Majjur Tank,Minor Irrigation Department,Gadag,Shirhatti,Chabbi,Varavi,720.52,102.4,204.71,,-,18.61,2,413.5,Flash,,97.64
KA08040013,Kadakol MI,Minor Irrigation Department,Gadag,Shirhatti,Kadkol,Kadakola,126.7,10.18,17.37,,-,11.39,2.5,263.65,Flash,,15.75
KA08040010,Jelegeri MI,Minor Irrigation Department,Gadag,Shirhatti,Kadkol,Jalligeri,94,17.97,20.97,,13.2,2.5,515,, ,12.61,
KA23050544,Hosakatte,Minor Irrigation Department,Hassan,Alur,Palya,Honnavalli,49.6,2.6,1,0.6,Homogeneous,3.55,1.8,180,W.W,16,354
KA23050543,Hosakatte,Minor Irrigation Department,Hassan,Alur,Kanattur,Muraduru,45.2,6,8,4.8,Homogeneous,2.5,1.5,216,W.W,14,416
KA23050546,Oorabagilakere,Minor Irrigation Department,Hassan,Alur,Karagodu,Karagodu,43.76,2.4,2,1.2,Homogeneous,2.2,2,270,W.W,12,280
KA23050545,Gangara Doddakere,Minor Irrigation Department,Hassan,Alur,Hanchur,Gangara,40.3,4.8,8,4.8,Homogeneous,9.5,3,4,Sloping Apron,15,423
KA23060001,Kollangi Kere,Minor Irrigation Department,Hassan,Arkalgud,Holalagodu,Kolangi,50,18.2,21.5,12.9,Homogeneous,350,2,350,Sloping Apron,11.5,1358
KA23060005, ,Minor Irrigation Department,Hassan,Arkalgud,Aladahalli,Budhanuru,44,19.7,18.5,11.1,Homogeneous,350,2,350,Sloping Apron,10.7,1416
KA23060003,Nadekere,Minor Irrigation Department,Hassan,Arkalgud,Tarigalale,Karagalale,50.4,10,20.4,12.24,Homogeneous,2.53,2,337,Body Wall,11.5,2162
KA23060008,Kere,Minor Irrigation Department,Hassan,Arkalgud,Tarigalale,S I Taragalale,,,,, ,,,, ,,
KA23060002,Chaithrabalakere,Minor Irrigation Department,Hassan,Arkalgud,Doddabemmathi,S.I.Hennuru,44.4,24,24.18,14.51,Homogeneous,2.63,2.5,450,Sloping Apron,,4305
KA23060007, ,Minor Irrigation Department,Hassan,Arkalgud,Doddabemmathi,Chikkabommatthi,45,17,19.2,11.52,Homogeneous,300,2,300,Sloping Apron,45,1730
KA23060004,Thimmanayakana  Kere,Minor Irrigation Department,Hassan,Arkalgud,Vijapura Forest,Masarangala,79.2,26,35.87,21.52,Homogeneous,2.9,2,651,Sloping Apron,12,5223
KA23030310,Chikkayaraganalu Kere,Minor Irrigation Department,Hassan,Arsikere,Chagachagere,Yaraganalu,126.6,65.95,39,23.4,Homogeneous,4.14,1.8,1260,Sloping Apron,37,3170.1
KA23030189,Neergunda Herekere,Minor Irrigation Department,Hassan,Arsikere,Rangapura,Neeragundha,58.6,48.56,26.17,15.7,Homogeneous,3.12,1,1418,Sloping Apron,18,1486.95
KA23030319,Gandasi Kere,Minor Irrigation Department,Hassan,Arsikere,Gandasi,Kasaba Gandasi,93.06,70.81,41.62,24.97,Homogeneous,4.09,2,1290,Sloping Apron,30,2926
KA23030312,Kenkere Uramundinakere,Minor Irrigation Department,Hassan,Arsikere,Kenkere,Kenkere,40.4,36.42,6.8,4.08,Homogeneous,3.11,1.7,720,Sloping Apron,26,2220.15
KA23030322,Hegghatta Uramundinakere,Minor Irrigation Department,Hassan,Arsikere,Heggtta,Hegghatta,43.29,23.06,15.18,9.11,Homogeneous,4.4,1.8,1050,Sloping Apron,45,4005.02
KA23030323,Chikka Ganasi Uramundinakere,Minor Irrigation Department,Hassan,Arsikere,Heggtta,Chikkagandasi,48.55,57.45,28.27,16.96,Homogeneous,3.53,1.8,1650,Sloping Apron,35,3068.97
KA23030324,Appenahalli Bilenahalli Hosakere,Minor Irrigation Department,Hassan,Arsikere,Rangapura,Appenahalli,43,33.15,13.6,8.16,Homogeneous,5,2.5,95,Sloping Apron,18,2825.36
KA23030311,Mudhudi Herekere,Minor Irrigation Department,Hassan,Arsikere,Mududi,Mudhudi,44.5,48.14,31.41,18.85,Homogeneous,5.04,1.8,990,Sloping Apron,30,2619.71
KA23030314,Haranahalli Kere,Minor Irrigation Department,Hassan,Arsikere,Haranahalli,Haranahalli,162.66,157.82,127.74,76.64,Homogeneous,6.9,2.5,1660,Sloping Apron,75,6340.5
KA23030315,Udiganalu Halenayakanakere,Minor Irrigation Department,Hassan,Arsikere,Undiganaalu,Chikkalinganahalli,51,11.4,7.1,4.26,Homogeneous,10,1.8,540,Sloping Apron,13,997.98
KA23030316,Yalavare Kere,Minor Irrigation Department,Hassan,Arsikere,Gijihalli,Yalavare,63.55,87.88,37.96,22.78,Homogeneous,4.53,2,1470,Body Wall,50,4125.58
KA23030307,Kellangere Uramundinakere,Minor Irrigation Department,Hassan,Arsikere,Talalur,Kellamgere,111.66,99.54,64.4,38.64,Homogeneous,6.5,4,1410,Sloping Apron,53.35,4549.48
KA23030306,Arashikere Kere,Minor Irrigation Department,Hassan,Arsikere,ULB-Arsikere-CMC,Arasikere,171.57,179.2,183.5,110.1,Homogeneous,10.01,8,1710,Sloping Apron,85,21385.92
KA23030120, ,Minor Irrigation Department,Hassan,Arsikere,Hiriyur,Byrambudhi,,,,, ,,,, ,,
KA23030305,Bommenahalli Uramundinakere,Minor Irrigation Department,Hassan,Arsikere,Aggunda,Bammenahalli,44.55,59.88,34.03,20.42,Homogeneous,4.67,2,1110,Sloping Apron,80,6832.1
KA23030304,Dummenahalli Uramundinakere,Minor Irrigation Department,Hassan,Arsikere,Dummenahalli,Dummenahalli,40.5,40.06,18.58,11.15,Homogeneous,3.79,1.8,690,Body Wall,22,1882.83
KA23030317,Chikkur Kere,Minor Irrigation Department,Hassan,Arsikere,Hiriyur,Hiriyuru,90.22,77.69,70.09,42.05,Homogeneous,6.67,4,1410,Sloping Apron,49,3952.92
KA23030308,Nerlage Uramundinakere,Minor Irrigation Department,Hassan,Arsikere,Nerlige,Nerlage,109.89,148.91,143.75,86.25,Homogeneous,6.07,4.5,990,Sloping Apron,65,9551
KA23030298,Timmappanayakana Kere,Minor Irrigation Department,Hassan,Arsikere,Jajur,Venkatapura,42.13,182.1,34.23,20.54,Homogeneous,6.35,2.75,1325,Sloping Apron,45,1362
KA23030303,Bendekere Uramundinakere,Minor Irrigation Department,Hassan,Arsikere,Bendekere,Bendekere,53.41,57.45,34.03,20.42,Homogeneous,4.55,2,1350,Body Wall,85,7197.46
KA23030318,Arakere Kere,Minor Irrigation Department,Hassan,Arsikere,Arakere,Arakere,68.68,108.04,64.14,38.48,Homogeneous,4.85,3,1920,Body Wall,35,2994.98
KA23030124, ,Minor Irrigation Department,Hassan,Arsikere,Kamasamudra,Ramanahalli,45.31,14.16,11.96,7.18,Homogeneous,5.18,2.7,396,Sloping Apron,13,1071
KA23030320,Turalehalli Kere,Minor Irrigation Department,Hassan,Arsikere,Puralehalli,Puralehalli,77.56,140.01,26.05,15.63,Homogeneous,6.1,2.4,1515,Sloping Apron,70,18692
KA23030302,Kondevagilu Kere,Minor Irrigation Department,Hassan,Arsikere,Puralehalli,Kondevagilu,68.7,60.7,43.19,25.91,Homogeneous,4.85,2,1350,Sloping Apron,33,2820.96
KA23030301,Kuruvanka Uramundinakere,Minor Irrigation Department,Hassan,Arsikere,Kuruvanka,Kuruvanka,59.88,67.19,35.34,21.2,Homogeneous,4.44,2,1140,Body Wall,15,1165.16
KA23030066,Vishnusamudra Tank,Minor Irrigation Department,Hassan,Arsikere,Shanegere,Basavanahalli,952,554,853.78,512.27,Homogeneous,14,4,1750,slopped apron,76,6300
KA23030300,Kallugundi Uramundinakere,Minor Irrigation Department,Hassan,Arsikere,Kalgundi,Kallugundi,55.03,39.65,20.42,12.25,Homogeneous,4.24,8,830,Sloping Apron,18,1527.23
KA23030325,Sathanakere Uramundinakere,Minor Irrigation Department,Hassan,Arsikere,Kanakatte,Sathanagere,40.87,31.56,8.9,5.34,Homogeneous,3.02,1.5,1080,Sloping Apron,40,3544.07
KA23030326,Kitthanakere Uramundinakere,Minor Irrigation Department,Hassan,Arsikere,K.Shankaranahalli,Kitthanakere,71.61,96.71,45.02,27.01,Homogeneous,4.78,1.6,1260,Sloping Apron,45,3592.92
KA23030299,Kanakatte Uramundinakere,Minor Irrigation Department,Hassan,Arsikere,Kanakatte,Keremundina Kaval,156.75,96.71,45.02,27.01,Homogeneous,4.78,8,1900,Sloping Apron,33,2937
KA23030328,Uniganalu Uramundinakere,Minor Irrigation Department,Hassan,Arsikere,Undiganaalu,Vandiganalu,53.3,67.45,34.03,20.42,Homogeneous,4.5,2,1350,Sloping Apron,50,7297.46
KA23030309,Thalalur Kere,Minor Irrigation Department,Hassan,Arsikere,Talalur,Thalaluru,152.95,121.4,78.53,47.12,Homogeneous,5.14,2,2220,Sloping Apron,45,6820.53
KA23020012,Doddakodihalli Doddakere,Minor Irrigation Department,Hassan,Belur,Kodihalli,Kodihalli,89.2,46.2,40.19,24.11,Homogeneous,2.8,3,1000,Sloping apron,,1900
KA23020468,Doddakodihalli Gollarahatti New Tank,Minor Irrigation Department,Hassan,Belur,Gangur,Aidhalla Kaval,,,,, ,,,, ,,
KA23020018,Rajanasiriyooru Kere,Minor Irrigation Department,Hassan,Belur,Rajanashiriyur,Kallashettyhalli,128,54,70.95,42.51,Homogeneous,4.5,1.9,1100,Clear Over Fall Æ Sloping apron(L),,2700
KA23020009, ,Minor Irrigation Department,Hassan,Belur,Narayanapura,Halmudi,90.2,9.6,0.25,0.15,Homogeneous,2.2,4.5,300,Flush escaope,15,750
KA23020020,Korathanakere,Minor Irrigation Department,Hassan,Belur,Narayanapura,Kodanahalli,46,14,1.16,0.7,Homogeneous,2,2,1500,Clear Over Fall,50,2100
KA23020336,Yalahanka Dyawanahalli Kere,Minor Irrigation Department,Hassan,Belur,Yalahanka,J.I.Yelahanka,61.6,6.7,6.68,4.01,Homogeneous,2,3,330,Clear Over Fall,12,650
KA23020338,Ibbedu Kere,Minor Irrigation Department,Hassan,Belur,Ibbidu,Yibeedu,47.5,16,17.69,10.61,Homogeneous,0.8,3.5,650,Flush escaope,22,1200
KA23020026,Sugalooru Doddakere,Minor Irrigation Department,Hassan,Belur,Dabbe,Somanahalli,49.6,4.8,2.83,1.7,Homogeneous,1.4,2,420,Clear Over Fall,15,900
KA23020028,Hirekere,Minor Irrigation Department,Hassan,Belur,Kallere,Aggadalu,44,3.8,2.82,1.69,Homogeneous,1.4,3,330,Sloping Apron,15,660
KA23020015,Gonnisomanahalli Doddakere,Minor Irrigation Department,Hassan,Belur,Gonisomanahalli,Gonisomanahalli,62.2,48,22.37,13.42,Homogeneous,2.5,3.5,1980,Sloping apron,15,1100
KA23020014,Gattadhahalli Doddakere,Minor Irrigation Department,Hassan,Belur,Ghattadahalli,J.I.Ghattadhahalli,82.9,38.57,29.56,17.74,Homogeneous,2.4,,1900,Sloping Apron ,,1300
KA23020294, ,Minor Irrigation Department,Hassan,Belur,Gangur,Ganguru,153,,2.99,1.79,Homogeneous,,,,Clear Over Fall,29,1500
KA23020416, ,Minor Irrigation Department,Hassan,Belur,Gangur,Aidhalla Kaval,92,,6.96,4.18,Homogeneous,9.5,2.5,125,Sloping Apron,22,945.37
KA23020008,Dwara Samudhra Kere,Minor Irrigation Department,Hassan,Belur,Halebeedu,Kasaba Halebeedu,284,100,153.8,92.28,Homogeneous,7.5,5.5,1000,L-Sloping apron R- Flesh esccope,,4500
KA23020427, ,Minor Irrigation Department,Hassan,Belur,Hanike,Honnenahalli Kavalu,,,,, ,,,, ,,
KA23020004,Dyavappana Kere,Minor Irrigation Department,Hassan,Belur,Gangur,Chattahalli,76.3,51.32,46.78,28.07,Homogeneous,3,3.5,750,Sloping apron,35,1400
KA23020022,Mathigatta Doddakere,Minor Irrigation Department,Hassan,Belur,Ghattadahalli,Mathighatta,82.8,47.94,42.93,25.76,Homogeneous,2.4,4,800,Sloping apron,38,1660
KA23020021,Hirekere,Minor Irrigation Department,Hassan,Belur,Hanike,Hanike,60,20,2.53,1.52,Homogeneous,2.5,3,720,Sloping Apron,32,1400
KA23020019,"Narayanapura
 Doddakere",Minor Irrigation Department,Hassan,Belur,Narayanapura,Narayanapura,64.77,20.8,5.2,3.12,Homogeneous,2.5,3,1910,Sloping apron,13,600
KA23020023,Devikere,Minor Irrigation Department,Hassan,Belur,Narayanapura,Karagada,113,32.8,0.52,0.31,Homogeneous,2.6,2.7,1260,Clear Over Fall,,1900
KA23020032,Vishnusamudra,Minor Irrigation Department,Hassan,Belur,ULB-Belur-TMC,Kasaba Belur,79.2,43.7,14.9,8.94,Homogeneous,2.7,5,350,Sloping Apron,45,1950
KA23020010,Dindiganahally  Kere,Minor Irrigation Department,Hassan,Belur,Dabbe,Kotiganahalli,41.6,4.4,0.26,0.16,Homogeneous,1.4,2.3,950,Clear Over Fall,15,825
KA23020016,Adagooru Doddakere,Minor Irrigation Department,Hassan,Belur,Adagur,Adaguru,56.2,50.7,49.23,29.54,Homogeneous,2.5,5,990,Sloping apron,,1400
KA23020029,Balooru Doddakere,Minor Irrigation Department,Hassan,Belur,Chikkamedur,Balluru,40,6.5,14.9,8.94,Homogeneous,1.4,3.5,400,Clear Over Fall,,820
KA23020275, ,Minor Irrigation Department,Hassan,Belur,Sanyasihalli,Mallapura,59.6,8.9,4.88,2.93,Homogeneous,2.5,4,420,Sloping Apron,21,720
KA23020007,Hosakere,Minor Irrigation Department,Hassan,Belur,Hagare,Bettadha Alur,76.2,2.1,6.23,3.74,Homogeneous,2.1,2,270,Flush escaope,7,350
KA23020024,Ranagatta Doddakere,Minor Irrigation Department,Hassan,Belur,Kogilamane,Ranaghatta,46.15,19,4.88,2.93,Homogeneous,2,5,500,Sloping Apron,21,900
KA23020011,Angadigowdana Kere,Minor Irrigation Department,Hassan,Belur,Malasavara,Doddashalavara,60.8,2,0.26,0.16,Homogeneous,1,2,90,No waste weir sluice it self acts as waste weir,0,
KA23020337,Hullugundi Kere,Minor Irrigation Department,Hassan,Belur,Hulugundi,J.I.Hulugundi,40,20,14.9,8.94,Homogeneous,2.5,2.5,800,Sloping Apron,25,1000
KA23020031,Hosakere,Minor Irrigation Department,Hassan,Belur,Tholalu,Bellotte,45.6,3.3,2.63,1.58,Homogeneous,1.8,1.5,330,Sloping apron,15,660
KA23020025,Chikolle Doddakere,Minor Irrigation Department,Hassan,Belur,Kogilamane,Chikkole,48,8.4,4.88,2.93,Homogeneous,2,2,390,Sloping Apron,19,850
KA23020002,Deveerammakere,Minor Irrigation Department,Hassan,Belur,Thumbudevanhalli,Thummadevanahalli,48.8,0.94,0.52,0.3,Homogeneous,1,3,105,Flush escaope,6,230
KA23020030,Hirevate Doddakere,Minor Irrigation Department,Hassan,Belur,Kesagoodu,Hirivata,44.8,2.8,0.48,0.29,Homogeneous,2,2,1500,Clear Over Fall,12,660
KA23020005, ,Minor Irrigation Department,Hassan,Belur,Narvepete,Sulagalale,41.6,0.8,0.26,0.16,Homogeneous,1.5,2.5,275,Clear Over Fall,12,655
KA23020001,Sannakere,Minor Irrigation Department,Hassan,Belur,Narvepete,Norway,61.2,0.4,0.35,0.21,Homogeneous,1.5,2,195,Flush escaope,8,305
KA23020013,Kondakere,Minor Irrigation Department,Hassan,Belur,Kesagoodu,Intitholalu,47.2,2.63,7.71,4.63,Homogeneous,2,2,330,Sloping Apron,6,500
KA23020027,Goravanakere,Minor Irrigation Department,Hassan,Belur,Hulugundi,Bommanahalli,46.8,6.7,6.68,4.01,Homogeneous,1,1.5,120,Flush escaope,24,915
KA23080295, ,Minor Irrigation Department,Hassan,Channarayapatna,Kabbali,Duggenahalli,,,,, ,,,, ,,
KA23080016,Kunduru Uramundinakere,Minor Irrigation Department,Hassan,Channarayapatna,Kundoor,Kunduru,45.65,37.76,12.02,7.21,Homogeneous,5.1,,1400,Sloping Apron,47,4010.66
KA23080284,Dhidaga Uramundinakere,Minor Irrigation Department,Hassan,Channarayapatna,Didaga,Narihalli,106.26,184.61,117.34,70.4,Homogeneous,6.5,2,1500,Sloping Apron,108,9215
KA23080001,Baguru Amanikere,Minor Irrigation Department,Hassan,Channarayapatna,Bagur,Kasaba Baguru,159.82,170.74,40.51,24.31,Homogeneous,5.86,,1360,Sloping Apron,85,10136.83
KA23080249, ,Minor Irrigation Department,Hassan,Channarayapatna,Santeshivara,Agrahara Belaguli,,,,, ,,,, ,,
KA23080015,Gollara Hosahalli Rangasamudra,Minor Irrigation Department,Hassan,Channarayapatna,Kalkere,Gollara Hosahalli,46.94,56.68,23.57,14.14,Homogeneous,4.15,,990,Sloping Apron,98,8362.06
KA23080008,Thotikere,Minor Irrigation Department,Hassan,Channarayapatna,Jinnenahalli,Thota,64.64,46,46,27.6,Homogeneous,6.1,,900,Sloping Apron,58,4949.32
KA23080004,Yaliyuru Uramundinakere,Minor Irrigation Department,Hassan,Channarayapatna,Baladere,Yaliyuru,93.01,64.55,64.55,38.73,Homogeneous,4.56,,1400,Sloping Apron,63,5375.99
KA23080009,Nuggehalli Hirekere,Minor Irrigation Department,Hassan,Channarayapatna,Nuggehalli,Nuggehalli,50.1,33.45,33.45,20.07,Homogeneous,6.12,1.8,1290,Sloping Apron,35,2986.66
KA23080012,Jamburu Amanikere,Minor Irrigation Department,Hassan,Channarayapatna,Jambur,Jamburu,63.4,57.89,40.51,24.31,Homogeneous,4.68,1.8,1380,Sloping Apron,53,4522.66
KA23080005,Halebelagola Kere,Minor Irrigation Department,Hassan,Channarayapatna,Gowdagere,Halebelagola,52.46,38.17,23.78,14.27,Homogeneous,5.85,2.5,1000,Sloping Apron,68,5802.6
KA23080020,B. Samudravalli Uramundinakere,Minor Irrigation Department,Hassan,Channarayapatna,Noranakki Gate,Samudravalli .D,53,13.14,24,14.4,Homogeneous,3.96,,240,Natural Halla,11,1078
KA23080006,Mathighatta,Minor Irrigation Department,Hassan,Channarayapatna,Mathighatta,Mathighatta,46.5,25.09,25.09,15.05,Homogeneous,4.85,9,650,Sloping Apron,33,2815.99
KA23080011,Hiresave Uramundinakere,Minor Irrigation Department,Hassan,Channarayapatna,Hirisave,Kasaba Hirisave,107.06,83.8,58.02,34.81,Homogeneous,,,1300,Sloping Apron,50,5962.84
KA23080014,Baraguru Kere,Minor Irrigation Department,Hassan,Channarayapatna,Baragur,Baraguru,48.02,61.94,27.18,16.31,Homogeneous,5.82,,900,Sloping Apron,68,10673
KA23080007,Devigere,Minor Irrigation Department,Hassan,Channarayapatna,Kalkere,Devigere,77.14,17,4.07,2.44,Homogeneous,3.5,,690,Sloping Apron,52,2882.12
KA23080010,Tavarakere Kere,Minor Irrigation Department,Hassan,Channarayapatna,Jambur,Atthihalli,102.47,44.59,44.59,26.75,Homogeneous,5.62,,1200,Sloping Apron,50,4266.66
KA23080230, ,Minor Irrigation Department,Hassan,Channarayapatna,Akkanahalli,Bananakere,,,,, ,,,, ,,
KA23080021,Hulikere Boranakatte,Minor Irrigation Department,Hassan,Channarayapatna,Jambur,Hullekere,51.81,31.12,22.6,13.56,Homogeneous,3.65,3,540,Sloping Apron,12,362.03
KA23080013,Santheshivara Uramundinakere,Minor Irrigation Department,Hassan,Channarayapatna,Santeshivara,Santheshivara,72.31,37.37,37.37,22.42,Homogeneous,5.96,,1620,Sloping Apron,55,4693.32
KA23080003,Navile Uramundinakere,Minor Irrigation Department,Hassan,Channarayapatna,Navile,Navile,118.78,39.2,39.2,23.52,Homogeneous,5.69,,1290,Sloping Apron,58,4949.32
KA23080019,Kembalu Mutthaiahnakatte,Minor Irrigation Department,Hassan,Channarayapatna,Kembalu,Kembalu,42.83,44.53,25.32,15.19,Homogeneous,5.52,,1400,Sloping Apron,74,6314.66
KA23080002,Anathi Uramundinakere,Minor Irrigation Department,Hassan,Channarayapatna,Anathi,Anathi,234.82,185.42,191.57,114.94,Homogeneous,5.95,,1710,Sloping Apron,97,8277.32
KA23080075, ,Minor Irrigation Department,Hassan,Channarayapatna,Juttanahalli,Chelya,,,,, ,,,, ,,
KA23080017,Shravanabelagola Hosahalli Kere,Minor Irrigation Department,Hassan,Channarayapatna,Sharavanabelagula,Shravanabelagola,56.56,51.82,51.82,31.09,Homogeneous,6.35,,900,Sloping Apron,93,6037.11
KA23080022,Chalya Herekee,Minor Irrigation Department,Hassan,Channarayapatna,Juttanahalli,Chelya,56.6,19.43,25.64,15.38,Homogeneous,4.51,2.5,1000,Sloping Apron,18,997.66
KA23040030,Kudarugundi Doddakere,Minor Irrigation Department,Hassan,Hassan,Kudurugundi,Kuduragundi,172.4,92.8,45.25,27.15,Homogeneous,4,3,1140,Sloping Apron,74.5,1236
KA23040029,Uramundina Kere,Minor Irrigation Department,Hassan,Hassan,Yalugunda,Kelavatthi,79.8,55.2,32.25,19.35,Homogeneous,4.2,3,1440,Sloping Apron,26.5,1056
KA23040008,Honnavara Doddakere,Minor Irrigation Department,Hassan,Hassan,Honnavara,Honnavara,106.48,60.8,26.75,16.05,Homogeneous,4,3.5,1260,Sloping Apron,74.4,944
KA23040001,Hirekere,Minor Irrigation Department,Hassan,Hassan,Nitturau,Nitturu,53.5,28.4,10.66,6.4,Homogeneous,3.6,2,1200,Sloping Apron,34,1600
KA23040031,Uramundina Kere,Minor Irrigation Department,Hassan,Hassan,Yalugunda,Yalagundha,49,38,16.38,9.83,Homogeneous,3.9,3,1170,Sloping Apron,34,654
KA23040876,Idalla Kaval Hosakere,Minor Irrigation Department,Hassan,Hassan,Yalugunda,Ayddhahalli Kaval,,,,, ,,,, ,,
KA23040010,Kithankere Doddakere,Minor Irrigation Department,Hassan,Hassan,Basavagatta,Kitthanakere,72,46.4,34.2,20.52,Homogeneous,5,2.8,1050,Sloping Apron,25,1000
KA23040022,Uramundinakere,Minor Irrigation Department,Hassan,Hassan,Kudurugundi,Mutthatthi,50.4,42.4,6.08,3.65,Homogeneous,3.75,2,810,Sloping Apron,37,942
KA23040005,Salagame Doddakere,Minor Irrigation Department,Hassan,Hassan,Salagame,Salagame,76.2,85.6,36.14,21.68,Homogeneous,5.1,4.5,1500,Sloping Apron,53.75,1169
KA23040025,Amanikere,Minor Irrigation Department,Hassan,Hassan,Honnavara,Hirekadluru,89.8,82.4,40.3,24.18,Homogeneous,4,3.5,900,Body wall,71,5600
KA23040028,Nami Kere,Minor Irrigation Department,Hassan,Hassan,A.Hosahalli,Bommenahalli,105.3,48.62,48.62,29.17,Homogeneous,4,2.5,1410,Sloping Apron,40.5,853
KA23040002,Uramundina  Kere,Minor Irrigation Department,Hassan,Hassan,A.Hosahalli,Attavara,49.6,34.4,10.14,6.08,Homogeneous,4.9,1.8,720,Sloping Apron,53.5,923.45
KA23040011,Anugavalli Doddakere,Minor Irrigation Department,Hassan,Hassan,Honnavara,Anuganahalli,58,78.4,34,20.4,Homogeneous,4.2,2.8,1140,Sloping Apron,,2354
KA23040014,Sige Doddakere,Minor Irrigation Department,Hassan,Hassan,Seege,Seege,69.6,34.4,24.96,14.98,Homogeneous,5.1,3.5,990,Sloping Apron,20.2,895
KA23040017,Mosale Doddakere,Minor Irrigation Department,Hassan,Hassan,Mosalehosahalli,Mosale,62,43.2,27.5,16.5,Homogeneous,4,3.2,1320,Sloping Apron,43,1498
KA23040006,Kowshika Doddakere,Minor Irrigation Department,Hassan,Hassan,Kowshika,Koushika,102.83,118.8,109,65.4,Homogeneous,6,4,1350,Sloping Apron,40,1168
KA23040018,Holalu Kere,Minor Irrigation Department,Hassan,Hassan,Jagaravalli,Junjanahalli,75,108.8,80,48,Homogeneous,6,3.5,1110,Sloping Apron,112,2053
KA23040021,Kithaane Doddakere,Minor Irrigation Department,Hassan,Hassan,Channangihalli,Kitthane,41.2,24,12.25,7.35,Homogeneous,3,1.8,870,Sloping Apron,23,864
KA23040027,Ambuga Doddakere,Minor Irrigation Department,Hassan,Hassan,Ambuga,Ambuga,123.08,70.04,59.25,35.55,Homogeneous,6,3.2,2200,Sloping Apron,47,2518
KA23040024,Hunasina Kere,Minor Irrigation Department,Hassan,Hassan,ULB-Hassan-CMC,Hassan,85.6,85.2,50.7,30.42,Homogeneous,3.6,3,950,Body wall,42,1883
KA23040007,Sathamangalakere,Minor Irrigation Department,Hassan,Hassan,Satyamangala,Sathyamagala,44,13,13,7.8,Homogeneous,7.1,3,995,Sloping Apron,28,632
KA23040015,Bikkanakere,Minor Irrigation Department,Hassan,Hassan,Melagodu,Melagodu,50.4,30,15.6,9.36,Homogeneous,3.6,3,930,Sloping Apron,137,4620
KA23040020,Shanthigrama Kere,Minor Irrigation Department,Hassan,Hassan,Shanthigrama,Shanthigrama,189,73.68,61,36.6,Homogeneous,5,4,1530,Sloping Apron,54.5,850
KA23040449,Bylahalli Kere,Minor Irrigation Department,Hassan,Hassan,Bylahalli,Byalahalli,95,51.8,26,0.99,Homogeneous,4.2,4.2,1200,Sloping Apron,25,2160
KA23040102,Handinakere Kere,Minor Irrigation Department,Hassan,Hassan,Manacanahalli,Handanakere,69.2,28.4,39,29,Homogeneous,9,2.5,750,Sloping Apron,,1918
KA23040019,Hirekere,Minor Irrigation Department,Hassan,Hassan,Melagodu,Melagodu,60,34.4,16.65,9.99,Homogeneous,4.2,2.5,950,Sloping Apron,56.2,943
KA23040016,Tejuru Kere,Minor Irrigation Department,Hassan,Hassan,Tejur,Thejuru,45.2,37.2,12.8,7.68,Homogeneous,7.5,5,920,Sloping Apron,35.6,1766
KA23040026,Mugaluru Doddakere,Minor Irrigation Department,Hassan,Hassan,Huvinahallikaval,Mugaluru,77.2,88.37,28.6,17.16,Homogeneous,8,3.5,960,Sloping Apron,42.8,1199
KA23040013,Heragu Uramundinakere,Minor Irrigation Department,Hassan,Hassan,Heragu,Heragu,128.4,67.6,67.06,40.24,Homogeneous,5.6,3.5,1350,Sloping Apron,48,1258
KA23040107,Chikkakadalur Kere,Minor Irrigation Department,Hassan,Hassan,Dudda,Chikka Kadluru,40.2,28.4,9.1,5.46,Homogeneous,3.3,2,990,COF,36.35,856
KA23040023,Shanka Doddakere,Minor Irrigation Department,Hassan,Hassan,Salagame,Shanka,79.5,53.6,32.11,19.27,Homogeneous,5.4,3.5,930,Sloping Apron,52,1369
KA23040012,Thanginakere,Minor Irrigation Department,Hassan,Hassan,Heragu,Heragu,99.19,116.8,55.38,33.23,Homogeneous,10,3.5,1550,Sloping Apron,107.5,4250
KA23040103,Duddakere,Minor Irrigation Department,Hassan,Hassan,Dudda,Dhuddhadavalageri_kaval,179.76,123.2,107,64.2,Homogeneous,4.3,3.5,930,Sloping Apron,128.8,2361
KA23040104,Jodikrishnapura Kere,Minor Irrigation Department,Hassan,Hassan,Koravangala,J.I.Krishnapura,,,,, ,,,, ,,
KA23080312, ,Minor Irrigation Department,Hassan,Hole Narsipur,Kodihalli,Ontiguddadha Kaval,43.7,19.79,19.79,11.87,Homogeneous,4.13,,240,Sloping Apron,14,1425
KA23070283,Bankuppe New,Minor Irrigation Department,Hassan,Hole Narsipur,Malali,Chandapura,50,32,32,19.2,Homogeneous,4.5,9,3540,Sloping Apron,,
KA23070282,Bankuppe Hoskere,Minor Irrigation Department,Hassan,Hole Narsipur,Doddakunche,Banakuppe,58.7,8.04,8.04,4.82,Homogeneous,10,1.8,450,W.W,15,120
KA23010463,Hirekere,Minor Irrigation Department,Hassan,Sakleshpur,Malali,Malali,177.34,0.4,36.48,36.52,Homogeneous,2.8,5,636,COF,18,225
KA23010460,Settahallikere,Minor Irrigation Department,Hassan,Sakleshpur,Hebbasale,Nadalli,50,0.6,10.29,10.3,Homogeneous,2,2,90,Natural,6,50
KA23010444,Urabagilakere,Minor Irrigation Department,Hassan,Sakleshpur,Malali,Hale Beluru,76,0.8,15.65,15.65,Homogeneous,3,2.2,510,BCW,15,130
KA23010469,"Siddapura UrabagilakereSiddapura Urabagilakere
Siddapura Urabagilakere",Minor Irrigation Department,Hassan,Sakleshpur,Malali,Siddhapura,74.09,1.2,15.24,15.26,Homogeneous,2,3,128,Natural,8,75
KA23010461,Handithotada Kere,Minor Irrigation Department,Hassan,Sakleshpur,Kynahalli,Hullahalli,40.13,0.3,8.26,8.26,Homogeneous,2.5,1.9,80,COF,8,69
KA23010162, ,Minor Irrigation Department,Hassan,Sakleshpur,Biradahalli,Doddanagara,50.2,0.5,10.53,10.34,Homogeneous,2.6,2.3,208,COF,8,70
KA23010456, ,Minor Irrigation Department,Hassan,Sakleshpur,Biradahalli,Doddanagara,50.1,0.8,10.31,10.32,Homogeneous,2.3,2.1,95,COF,8,70
KA23010458,Kallubagilakere,Minor Irrigation Department,Hassan,Sakleshpur,Hebbasale,Hebbasale,125.35,0.3,2.81,25.81,Homogeneous,1.8,3.4,120,COF,3,30
KA23010446,Chandrapurad Kere,Minor Irrigation Department,Hassan,Sakleshpur,Malali,Mattasagara,124,0.4,25.53,25.53,Homogeneous,2.15,2.1,120,Sluice,2,25
KA23010447,Turadammana Kere,Minor Irrigation Department,Hassan,Sakleshpur,Malali,Mattasagara,45.27,1.6,8.91,9.32,Homogeneous,1.8,3,75,COF,12,115
KA23010448,Savathimmana Kere,Minor Irrigation Department,Hassan,Sakleshpur,Malali,Mattasagara,55.28,1.2,11.38,11.38,Homogeneous,1.5,2.6,195,COF,10,95
KA23010453,Subbannanakere,Minor Irrigation Department,Hassan,Sakleshpur,Halasulige,Halasulige,65.77,0.4,7.25,13.54,Homogeneous,2.5,3.7,55,Natural,3,35
KA23010299, ,Minor Irrigation Department,Hassan,Sakleshpur,Belagodu,Eshwarahalli,88,0.8,7.49,18.12,Homogeneous,1,2,60,COF,6,50
KA23010465,Urabagilakere,Minor Irrigation Department,Hassan,Sakleshpur,Biradahalli,Bykere,50.15,0.4,10.32,10.33,Homogeneous,2,2,162,COF,3,28
KA23010466,Kirageddekere,Minor Irrigation Department,Hassan,Sakleshpur,Biradahalli,Bykere,81,1.2,6.38,16.68,Homogeneous,1.4,2.3,132,Natural,10,85
KA23010454,Sakalesetty Kere,Minor Irrigation Department,Hassan,Sakleshpur,Biradahalli,Bykere,50,1.8,10.32,10.3,Homogeneous,2.2,2.5,145,COF,10,87
KA23010451,Koralakere,Minor Irrigation Department,Hassan,Sakleshpur,Biradahalli,Biradahalli,55,0.4,11.32,11.33,Homogeneous,1.9,1.5,95,COF,12,102
KA23010459,Devarakere,Minor Irrigation Department,Hassan,Sakleshpur,Biradahalli,Bykere,134,0.8,27.59,27.59,Homogeneous,1.3,3,75,Natural,12,103
KA23010452,Nagappanakere,Minor Irrigation Department,Hassan,Sakleshpur,Biradahalli,Kelagalale,50,0.5,10.29,10.3,Homogeneous,1,3,180,COF,14,120
KA23010449,Urabagilakere,Minor Irrigation Department,Hassan,Sakleshpur,Udevara,Udhevara,40.4,0.4,8.33,8.32,Homogeneous,5,2,50,Culvert,8,70
KA23010462,Mallayanakere,Minor Irrigation Department,Hassan,Sakleshpur,Byakaravalli,Kamenahalli,66.05,1.2,13.6,13.6,Homogeneous,2.7,2.2,98,COF,6,50
KA23010467,Tavarekere,Minor Irrigation Department,Hassan,Sakleshpur,Kurubhattur,Belluru,41.7,9,0.26,8.59,Homogeneous,2.5,2.5,150,COF,8,72
KA23010468,Urabagilakere,Minor Irrigation Department,Hassan,Sakleshpur,Yasalur,Kumarihalli,43.2,0.8,2.5,8.9,Homogeneous,4.5,2,137,COF,8,70
KA23010450,Bydarakere,Minor Irrigation Department,Hassan,Sakleshpur,Kurubhattur,Nidigere,40.48,1,0.6,8.34,Homogeneous,2.5,1.2,90,COF,6,52
KA23010455, ,Minor Irrigation Department,Hassan,Sakleshpur,Kurubhattur,Belluru,49.79,8,0.78,10.25,Homogeneous,3,2.1,240,COF,8,70
KA11050293, ,Minor Irrigation Department,Haveri,Byadgi,Hireanaji,Chikkanaji,79.18,32,13,13,   ∏¿z¿g¿,3,3,750,COF,,761
KA11050292,Anur,Minor Irrigation Department,Haveri,Byadgi,Bisalhalli,Anura+Kanavimallapura,42,22.15,1.42,1.42,Homogeneous,1.2,8,1880,Vent,,1066
KA11050296,Javalikere,Minor Irrigation Department,Haveri,Byadgi,Tadas,Thadasa+Gungarakoppa,53.19,11.45,8.7,8.7,   ∏¿z¿g¿,2.6,6,525,Flush,,1443
KA11050303,Jigalikere,Minor Irrigation Department,Haveri,Byadgi,Sudambi,Atthikatti,42.6,6.58,1.29,1.29,   ∏¿z¿g¿,1.8,2.5,1450,COF,,1411
KA11050005,Sidenur Kere,Minor Irrigation Department,Haveri,Byadgi,Shidenur,Shidenura+Bidarakatte,,,,, ,,,, ,,
KA11050298,Hirekeri,Minor Irrigation Department,Haveri,Byadgi,Sudambi,Soodambi,53.19,9.09,2.27,2.27,   ∏¿z¿g¿,2.1,6,830,COF,,608
KA11050305,Hirekeri,Minor Irrigation Department,Haveri,Byadgi,Tadas,Thadasa+Gungarakoppa,54.36,12.05,6.94,6.94,   ∏¿z¿g¿,2.2,4,600,COF,,1260
KA11050294,Kallapankatti,Minor Irrigation Department,Haveri,Byadgi,Mattura,Matthura+Konapura,44.55,9.2,9.25,9.25,   ∏¿z¿g¿,2.2,5,800,SWW,,565
KA11050290,Hirekere,Minor Irrigation Department,Haveri,Byadgi,Chikkabasur,Chikkalli,94.08,11.6,13,13,   ∏¿z¿g¿,1.8,2.5,1310,COF,,304
KA11050301, ,Minor Irrigation Department,Haveri,Byadgi,Shidenur,Shidenura+Bidarakatte,58.17,12.2,4.42,4.42,   ∏¿z¿g¿,2.8,2.5,740,COF,,1267
KA11050300,Waddinakere,Minor Irrigation Department,Haveri,Byadgi,Hirehalli,Hirehalli,91,11,12.25,12.25,   ∏¿z¿g¿,2,2,880,COF,,442
KA11050308,Hirekere,Minor Irrigation Department,Haveri,Byadgi,Chikkabasur,Chikkabasuru,112,21.6,16.76,16.76,   ∏¿z¿g¿,3.1,5.5,1440,COF,,7520
KA11050309,Kerrudi Kere,Minor Irrigation Department,Haveri,Byadgi,Keravadi,Keravadi,70.88,23.1,9.23,9.23,Homogeneous,2.7,2.5,570,COF,,650
KA11050304,Kuttalakatti,Minor Irrigation Department,Haveri,Byadgi,Sudambi,Soodambi,56,2.62,1.42,1.42,   ∏¿z¿g¿,1.6,2.6,642,COF,,546
KA11050295,Hosakatti,Minor Irrigation Department,Haveri,Byadgi,Sudambi,Soodambi,50.36,7.74,1.72,1.72,   ∏¿z¿g¿,2,3,1080,SWW,,121
KA11050291,Angarkatti,Minor Irrigation Department,Haveri,Byadgi,Shidenur,Hirenandhihalli,,,,, ,,,, ,,
KA11050297,Tammanakatti,Minor Irrigation Department,Haveri,Byadgi,Chikkabasur,Chikkabasuru,90,8,12.61,12.61,   ∏¿z¿g¿,1.8,3.5,360,COF,,1612
KA11050306,Hirekere,Minor Irrigation Department,Haveri,Byadgi,Hirehalli,Hirehalli,49.47,8,7.25,7.25,   ∏¿z¿g¿,2.1,2.5,180,COF,,167
KA11050307,Kummur Kere,Minor Irrigation Department,Haveri,Byadgi,Kummur,Kummuru,132.43,29.5,7.5,7.5,   ∏¿z¿g¿,10.67,3.6,763,SWW,,440
KA11050310,Kaginelli Kere,Minor Irrigation Department,Haveri,Byadgi,Kaginele,Kaginelli,139.6,92,74,74,   ∏¿z¿g¿,13,2.4,923,COF,,3861
KA11050302,Goudankatti,Minor Irrigation Department,Haveri,Byadgi,Kummur,Kasambi,74.92,1.5,2.25,2.25,   ∏¿z¿g¿,2.5,2.5,1940,Flush,,1612
KA11050312,Budapanalli,Minor Irrigation Department,Haveri,Byadgi,Budapanahalli,Budapanahalli,139.72,26.3,20.86,20.86,   ∏¿z¿g¿,2,3.7,850,Cof,,735
KA11050311,Kengonda,Minor Irrigation Department,Haveri,Byadgi,Kalledevaru,Kengonda,99.63,14.37,14.37,14.37,   ∏¿z¿g¿,2.35,,235,COF,,365
KA11030622, ,Minor Irrigation Department,Haveri,Hangal,ULB-Hanagal-TMC,Halekote,,,,, ,,,, ,,
KA11030378,Hirekanagi,Minor Irrigation Department,Haveri,Hangal,Hirekanagi,Hirekanagi,59.94,5.69,14.8,29.6,Homogeneous,2,2.5,535.5,COF,,67.72
KA11030380,Bidarkoppa,Minor Irrigation Department,Haveri,Hangal,Hirekanagi,Gotagodi,,,,, ,,,, ,,
KA11030457,Hangal,Minor Irrigation Department,Haveri,Hangal,ULB-Hanagal-TMC,Halekote,,,,, ,,,, ,,
KA11030601, ,Minor Irrigation Department,Haveri,Hangal,Hirekanagi,Chikkeri,,,,, ,,,, ,,
KA11030379,Balur,Minor Irrigation Department,Haveri,Hangal,Dolleshwar,Balura,49.02,26.65,12,,Homogeneous,4.7,4,520,W.Wr ,,2.78
KA11030461,Uppunasi,Minor Irrigation Department,Haveri,Hangal,Uppanasi,Uppanashi,93.67,22.44,15.93,33.2,Homogeneous,9,4.8,450,COF,,56.69
KA11030428,Basapur,Minor Irrigation Department,Haveri,Hangal,Havanagi,Bassapura .M. Adura,77,3.26,9.1,,Homogeneous,2.5,3,430,-,,
KA11030426,Hirehullal,Minor Irrigation Department,Haveri,Hangal,Hirehullal,Hirehullala,60.92,22.29,15,31,Homogeneous,3,2.5,907,COF,,4.54
KA11030802,Mantagi,Minor Irrigation Department,Haveri,Hangal,Mantagi,Manthagi,153.9,31,21,40,Homogeneous,2,3.1,880,COF,,38.32
KA11030579, ,Minor Irrigation Department,Haveri,Hangal,Dolleshwar,Dolleshwara,,,,, ,,,, ,,
KA11030427,Herur,Minor Irrigation Department,Haveri,Hangal,Herur,Herura,52.24,8.1,12.5,25,Homogeneous,3,3.5,280,COF,,3.12
KA11030404,Gadiyankanahalli,Minor Irrigation Department,Haveri,Hangal,Heerur,Gadiyankanahalli,42.6,3.98,10.5,21,Homogeneous,2.7,3,465,COF,,2.41
KA11030464,Somasagar,Minor Irrigation Department,Haveri,Hangal,Somasagar,Somasagara,48.44,4.18,0.9,1.8,Homogeneous,3.6,1.8,225,COF,,2.83
KA11030403,Laxmipur,Minor Irrigation Department,Haveri,Hangal,Mantagi,Lakshmipura,69.73,4.5,2.1,34.4,Homogeneous,3,2.4,675,COF,,2.55
KA11030405,Hirur,Minor Irrigation Department,Haveri,Hangal,Heerur,Hirura,114.34,14.88,28.2,56.4,Homogeneous,2.4,4.5,720,COF,,22.7
KA11030559, ,Minor Irrigation Department,Haveri,Hangal,Akkialur,Akki Alura,,,,, ,,,, ,,
KA11030429,Kusanoor,Minor Irrigation Department,Haveri,Hangal,Kusanur,Koosanura,90.1,18.48,22,44,Homogeneous,3,3,875,COF,,10.15
KA11030447,Gudmattihalli,Minor Irrigation Department,Haveri,Hangal,Uppanasi,Guddadha Matthihalli,60.13,12.37,12.8,25.6,Homogeneous,9,5.6,690,COF,,1.93
KA11030441,Kusanoor,Minor Irrigation Department,Haveri,Hangal,Kusanur,Vasana,,,,, ,,,, ,,
KA11030365,Hirur,Minor Irrigation Department,Haveri,Hangal,Heerur,Hirura,55.62,10.83,18.8,37.6,Homogeneous,2.7,3,399,COF,,33.33
KA11030364,Uppunasi,Minor Irrigation Department,Haveri,Hangal,Uppanasi,Uppanashi,49,4.14,6.1,12.2,Homogeneous,1.5,1.8,796,COF,,2.78
KA11030460,Kalkeri,Minor Irrigation Department,Haveri,Hangal,Herur,Kalakeri,88.23,20.8,21.7,43.4,Homogeneous,3,4,802,COF,,8.53
KA11030372,Savikeri,Minor Irrigation Department,Haveri,Hangal,Heerur,Balthehalli,77.3,9.82,25.7,51.4,Homogeneous,3,2.5,840,COF,,23.61
KA11030406,Balur,Minor Irrigation Department,Haveri,Hangal,Dolleshwar,Balura,40.46,6.16,10,20,Homogeneous,1.2,3,260,W.Wr ,,3.12
KA11030373,Sagarawalli,Minor Irrigation Department,Haveri,Hangal,Mantagi,Sagaravalli,113.28,13.93,19.9,39.8,Homogeneous,3,2.4,885,COF,,15.02
KA11030444,Somasagar,Minor Irrigation Department,Haveri,Hangal,Somasagar,Somasagara,48.44,3.57,5.2,10.4,Homogeneous,3.6,1.8,306,COF,,2.83
KA11030445,Somasagar,Minor Irrigation Department,Haveri,Hangal,Somasagar,Somasagara,41.59,15.22,12.3,24.6,Homogeneous,6.3,4.5,285,COF,,3.12
KA11030396,Balihalli,Minor Irrigation Department,Haveri,Hangal,Heerur,Balthehalli,,,,, ,,,, ,,
KA11030449,Karekyatanahalli,Minor Irrigation Department,Haveri,Hangal,Kelavarakoppa,Karekyathanahalli,52.45,9.2,13.1,26.2,Homogeneous,2.5,2,895,COF,,4.48
KA11030407,Chikkausihosur,Minor Irrigation Department,Haveri,Hangal,Chikkanshihosur,Kyasanura,52.88,16,13.1,26.2,Homogeneous,3,3,810,COF,,21.88
KA11030435,Kelavarkoppa,Minor Irrigation Department,Haveri,Hangal,Kelavarakoppa,Kelavarakoppa,113.31,5.2,10.8,5.66,Homogeneous,15,1.8,143,COF,,4.54
KA11030370,Mudur,Minor Irrigation Department,Haveri,Hangal,Shiragod,Madura,67.22,11.16,17.5,35,Homogeneous,3,3.6,1050,COF,,29.42
KA11030368,Mudur,Minor Irrigation Department,Haveri,Hangal,Shiragod,Madura,56.38,5.2,10,28,Homogeneous,2.1,4.5,489,WWR,,56.79
KA11030369,Mudur,Minor Irrigation Department,Haveri,Hangal,Shiragod,Madura,51.59,8.02,13.2,26.4,Homogeneous,2.4,2,690,COF,,425.17
KA11030437,Kelavarkoppa,Minor Irrigation Department,Haveri,Hangal,Kelavarakoppa,Kelavarakoppa,113.31,5.35,2.88,5.66,Homogeneous,9,2.3,135,COF,,4.25
KA11030431,Kanneshwar,Minor Irrigation Department,Haveri,Hangal,Kusanur,Kanneshwara,,,,, ,,,, ,,
KA11030434,Hirebasur,Minor Irrigation Department,Haveri,Hangal,Somasagar,Hirebasuru,57.08,14.48,8.2,16.4,Homogeneous,6.1,3.6,765,COF,,3.4
KA11030432,Kanneshwar,Minor Irrigation Department,Haveri,Hangal,Kusanur,Kanneshwara,,,,, ,,,, ,,
KA11030446, ,Minor Irrigation Department,Haveri,Hangal,Somasagar,Dommanala,57.09,6.69,10.1,20.2,Homogeneous,5.4,1.8,615,COF,,3.83
KA11030450,Syadaguppi,Minor Irrigation Department,Haveri,Hangal,Shadaguppi,Shyadhaguppe,51.44,13.1,1,2.6,Homogeneous,2,2,900,COF,,4.25
KA11030452,Kondoji,Minor Irrigation Department,Haveri,Hangal,Shadaguppi,Kondoji,78.98,7.77,2.3,4.6,Homogeneous,1.5,9.7,5.4,COF,,11.56
KA11030394,Shirgod,Minor Irrigation Department,Haveri,Hangal,Shiragod,Shiragoda,58.75,14,4.67,9.24,Homogeneous,3.6,3.3,975,COF,,42.52
KA11030042, ,Minor Irrigation Department,Haveri,Hangal,Sammasagi,Haralakoppa,46.58,1.21,11.5,31.2,Homogeneous,3,2.4,510,COF,,22.56
KA11030413,Byagawadi,Minor Irrigation Department,Haveri,Hangal,Somasagar,Byagawadhi,60.84,7.7,11.2,22.4,Homogeneous,690,1.8,420,COF,,2.44
KA11030735, ,Minor Irrigation Department,Haveri,Hangal,Kelavarakoppa,Malapura,73.57,20,8,,Homogeneous,3,2,1035,COF,,52.81
KA11030456,Makaravalli,Minor Irrigation Department,Haveri,Hangal,Gondi,Makaravalli,83.03,12.97,6.2,12.4,Homogeneous,4.4,5.9,544,COF,,5.92
KA11030659, ,Minor Irrigation Department,Haveri,Hangal,Shadaguppi,Arishinaguppe,102.93,8.37,10,28,Homogeneous,5000,3,580,COF,,2.86
KA11030409,Chikkausihosur,Minor Irrigation Department,Haveri,Hangal,Chikkanshihosur,Chikkamshi Hosura,61.22,12.13,16,32,Homogeneous,2.1,4.8,570,COF,,9.92
KA11030436,Kelavarkoppa,Minor Irrigation Department,Haveri,Hangal,Kelavarakoppa,Kelavarakoppa,71.33,6.74,17.6,35.2,Homogeneous,7.5,4.8,750,COF,,4.11
KA11030430,Byatnal,Minor Irrigation Department,Haveri,Hangal,Kelavarakoppa,Byathanala,66,20,18.1,36.2,Homogeneous,2.8,2,1012,COF,,4.62
KA11030408,Konankoppa,Minor Irrigation Department,Haveri,Hangal,Chikkanshihosur,Konanakoppa,86.38,5.63,21.7,43.4,Homogeneous,3,3,465,COF,,18.42
KA11030634, ,Minor Irrigation Department,Haveri,Hangal,Gondi,Hirekounshi,61.23,14,15.6,55.6,Homogeneous,2.4,3,1200,COF,,35.03
KA11030462,Makaravalli,Minor Irrigation Department,Haveri,Hangal,Gondi,Makaravalli,71.31,9.72,20.5,41,Homogeneous,3.5,2,676,COF,,7.09
KA11030410,Hirekaunshi,Minor Irrigation Department,Haveri,Hangal,Gondi,Hirekounshi,112.47,11.56,27.8,77.2,Homogeneous,2.4,2.4,105.3,COF,,
KA11030415,Honkan,Minor Irrigation Department,Haveri,Hangal,Honkana,Honkana,70.53,4.89,17.7,41,Homogeneous,6,2,6,COF,,3.12
KA11030448,Malapura,Minor Irrigation Department,Haveri,Hangal,Kelavarakoppa,Malapura,47.74,1.64,12.4,25.8,Homogeneous,3,4,728,COF,,28.4
KA11030363,Honkan,Minor Irrigation Department,Haveri,Hangal,Honkana,Honkana,147.14,9.75,2,35.4,Homogeneous,4,5,465,COF,,2.41
KA11030565, ,Minor Irrigation Department,Haveri,Hangal,Chikkanshihosur,Chikkamshi Hosura,118.96,21.71,29,58.8,Homogeneous,3,3.6,720,COF,,35.97
KA11030442,Lakmapur,Minor Irrigation Department,Haveri,Hangal,Tilavalli,Thilavalli,66.82,5,16.3,32.6,Homogeneous,3.6,3,775,COF,,5.73
KA11030366,Hirekaunshi,Minor Irrigation Department,Haveri,Hangal,Gondi,Hirekounshi,156.58,7.99,38.1,23,Homogeneous,3,3,72.9,COF,,4.71
KA11030357,Tilvalli Doddakere,Minor Irrigation Department,Haveri,Hangal,Tilavalli,Thilavalli,450.27,70.56,97.3,194.6,Homogeneous,4,6,1774,COF,,5.67
KA11030740, ,Minor Irrigation Department,Haveri,Hangal,Tilavalli,Thilavalli,87.83,3.87,20.07,,Homogeneous,2,3,336,COF,,4.25
KA11030653, ,Minor Irrigation Department,Haveri,Hangal,Tilavalli,Koppagondanakoppa,46.98,11.59,10.7,21.4,Homogeneous,2,2.5,562,COF,,5.67
KA11030361,Kirwadi,Minor Irrigation Department,Haveri,Hangal,Kiravadi,Kirawadi,131.75,27.28,27.3,,Homogeneous,4,4,1584,COF,,10.91
KA11030362,Hallibail,Minor Irrigation Department,Haveri,Hangal,Kiravadi,Hallibyla,68.69,4.1,16.9,38.8,Homogeneous,3.5,4,495,COF,,9.18
KA11030443,Hullagaddi,Minor Irrigation Department,Haveri,Hangal,Kiravadi,Hulagaddi,77.92,4.75,18.8,37.6,Homogeneous,3,4,630,COF,,5.67
KA11030377,Kuntanhosalli,Minor Irrigation Department,Haveri,Hangal,Suraleshwar,Kuntanahosalli,77.5,5.17,19.1,38.2,Homogeneous,2.7,1.8,650,COF,,2.15
KA11030459,Nagarwalli,Minor Irrigation Department,Haveri,Hangal,ULB-Hanagal-TMC,Halekote,106.93,10.71,26.4,52.8,Homogeneous,3.35,1.95,825,COF,,2.86
KA11030384,Malligar,Minor Irrigation Department,Haveri,Hangal,Sanvasagi,Malligara,40.55,12.75,10.9,20,Homogeneous,1.5,3,908.6,COF,,5.67
KA11030387,Gajipur,Minor Irrigation Department,Haveri,Hangal,Kopparashikoppa,Gajipura,41.83,9.42,10.8,20.6,Homogeneous,3.6,1.85,705,COF,,3.97
KA11030382,Kopparsikoppa,Minor Irrigation Department,Haveri,Hangal,Kopparashikoppa,Kopparasikoppa,42.94,9.81,10.6,21.2,Homogeneous,3.6,1.8,500,COF,,11.56
KA11030386,Gajipur,Minor Irrigation Department,Haveri,Hangal,Kopparashikoppa,Gajipura,42.13,9.94,10.4,20.8,Homogeneous,3.6,1.85,711,COF,,4.25
KA11030458,Hangal,Minor Irrigation Department,Haveri,Hangal,ULB-Hanagal-TMC,Halekote,,,,, ,,,, ,,
KA11030381,Hirekanagi,Minor Irrigation Department,Haveri,Hangal,Hirekanagi,Hirekanagi,47.81,3.28,11.8,23.6,Homogeneous,2.9,2.7,390,W.Wr ,,2.89
KA11030383,Hangal,Minor Irrigation Department,Haveri,Hangal,ULB-Hanagal-TMC,Halekote,,,,, ,,,, ,,
KA11030385,Satenahalli,Minor Irrigation Department,Haveri,Hangal,Sanvasagi,Sathenahalli,69.66,5.05,17.2,34.4,Homogeneous,2.7,2.4,900,COF,,4.14
KA11030392,Ramathirth Hosakoppa,Minor Irrigation Department,Haveri,Hangal,Baichavalli,Ramathirtha,46.88,10.2,31.8,63.6,Homogeneous,4.2,4.8,1200,COF,,3.97
KA11030417,Karagudari,Minor Irrigation Department,Haveri,Hangal,Karagudari,Karagudhari,161.12,37.3,35.7,77.4,Homogeneous,4.56,3.6,1170,COF,,8.53
KA11030393,Baichawalli,Minor Irrigation Department,Haveri,Hangal,Baichavalli,Bychahalli,73.32,4,18.1,36.2,Homogeneous,2.5,2.1,11.58,SWW,,1.13
KA11030421,Karagudari,Minor Irrigation Department,Haveri,Hangal,Karagudari,Karagudhari,67.28,6.47,16.6,33.2,Homogeneous,2.7,1.8,870,COF,,1.42
KA11030424,Negavanagi,Minor Irrigation Department,Haveri,Hangal,Karagudari,Negavanagi,58.36,15.55,14.4,28.8,Homogeneous,3.6,1.8,870,COF,,3.57
KA11030616, ,Minor Irrigation Department,Haveri,Hangal,Karagudari,Maharaja Peta,72.98,2.4,18,36,Homogeneous,2.7,1.5,375,COF,,0.85
KA11030463,Belagalpeth,Minor Irrigation Department,Haveri,Hangal,Belagalpete,Belagalapeta,78.97,69.6,19.5,39,Homogeneous,6,5.4,2100,COF,,2.27
KA11030388,Algod,Minor Irrigation Department,Haveri,Hangal,Karagudari,Maharaja Peta,,,,, ,,,, ,,
KA11030603, ,Minor Irrigation Department,Haveri,Hangal,Baichavalli,Cheeranahalli,68.5,17.54,16.9,33.8,Homogeneous,2.1,4.5,810,COF,,4.08
KA11030390,Gudgudi,Minor Irrigation Department,Haveri,Hangal,Kopparashikoppa,Gudagudi,53.9,18.76,13.3,26.6,Homogeneous,4.5,4.8,750,SWW,,7.94
KA11030423,Gundur,Minor Irrigation Department,Haveri,Hangal,Karagudari,Gundura,60.22,2.3,5.7,11.4,Homogeneous,2.5,2.1,585,COF,,1.56
KA11030376,Nitaginakoppa,Minor Irrigation Department,Haveri,Hangal,Karagudari,Nitaginakoppa,73.77,15.1,11.2,36.4,Homogeneous,3,8.1,1050,COF,,2.83
KA11030422,Yallur,Minor Irrigation Department,Haveri,Hangal,Yalavatti,Yallura,86.8,5.03,2.6,43.2,Homogeneous,3.6,1.95,720,COF,,1.98
KA11030391,Hasanabadi,Minor Irrigation Department,Haveri,Hangal,Hullatti,Hasanabadhi,70.98,28.8,17.4,34.8,Homogeneous,3,3,1180,COF,,9.92
KA11030419,Yallur,Minor Irrigation Department,Haveri,Hangal,Yalavatti,Yallura,44.19,5.55,10.9,21.8,Homogeneous,3.6,2,600.9,COF,,2.86
KA11030412,Basapur,Minor Irrigation Department,Haveri,Hangal,Hullatti,Bassapura .M. Nidasangi,80.74,14.25,19.9,39.8,Homogeneous,5.4,3.6,825,COF,,1.7
KA11030693, ,Minor Irrigation Department,Haveri,Hangal,Aladakatti,Belavatthi,160.82,65.46,39.7,39.6,Homogeneous,6,2,2000,COF,,70
KA11030438,Belavatti,Minor Irrigation Department,Haveri,Hangal,Aladakatti,Belavatthi,49.49,6.21,12.2,24.4,Homogeneous,3,3,300,SWW,,0.85
KA10050256,Aalalli Kere,Minor Irrigation Department,Haveri,Hangal,Hullatti,Bylavala,,,,, ,,,, ,,
KA11030597, ,Minor Irrigation Department,Haveri,Hangal,Hullatti,Hullatthi,121.5,11.94,33.2,66.4,Homogeneous,6,3.6,900,COF,,0.85
KA11030400,Yalavatti,Minor Irrigation Department,Haveri,Hangal,Yalavatti,Yalavatthi,179.91,23.18,43.9,87.8,Homogeneous,4.2,3.6,1050,COF,,1.7
KA11030590, ,Minor Irrigation Department,Haveri,Hangal,Hirekanagi,Hirekanagi,128.52,16.65,31.5,63.4,Homogeneous,4,3,896,COF,,32.85
KA11030006, ,Minor Irrigation Department,Haveri,Hangal,ULB-Hanagal-TMC,Halekote,,,,, ,,,, ,,
KA11030397,Nellikoppa,Minor Irrigation Department,Haveri,Hangal,Bommanahalli,Nellikoppa,41.81,15,10.3,20.6,Homogeneous,3.2,2.1,870,COF,,2.83
KA11030439,Badamagatti,Minor Irrigation Department,Haveri,Hangal,Yalavatti,Badamigatta,42.56,2.2,10.9,21,Homogeneous,4.3,3.6,420,SWW,,4.25
KA11030440,Walgeri,Minor Irrigation Department,Haveri,Hangal,Masanakatti,Valageri,75.07,9.94,18.5,37,Homogeneous,3,2.4,450,COF,,6.12
KA11030803,balagatti 88,Minor Irrigation Department,Haveri,Hangal,Hullatti,Bylavala,41.73,3.57,10.3,20,Homogeneous,3.6,1.8,750,SWW,,2.44
KA11030401,"Bommanahalli, Needasangi",Minor Irrigation Department,Haveri,Hangal,Bommanahalli,Bammanahalli,63.64,21.24,20.1,40,Homogeneous,4.5,3.6,1500,COF,,8.5
KA11030359,Neeralagi,Minor Irrigation Department,Haveri,Hangal,Masanakatti,Neeralagi .M. Adura,93.82,8.57,9.3,16,Homogeneous,5,1,2000,COF,,2.55
KA11030389,Savikeri,Minor Irrigation Department,Haveri,Hangal,Hullatti,Bylavala,51.4,2.42,12.6,25.2,Homogeneous,2.4,1.8,360,SWW,,7.09
KA10050340,Chigalli  Reservoir,Minor Irrigation Department,Haveri,Hangal,Hullatti,Yaliwala,1440,165.27,289.96,, ,,,, ,,
KA11030425,Waganayakankoppa,Minor Irrigation Department,Haveri,Hangal,Bommanahalli,Bammanahalli,64.83,7.03,16.03,32,Homogeneous,3.6,1.8,740,COF,,6.97
KA11030399,Bommanahalli,Minor Irrigation Department,Haveri,Hangal,Bommanahalli,Bammanahalli,,,,, ,,,, ,,
KA11030451,Kavalkoppa,Minor Irrigation Department,Haveri,Hangal,Bommanahalli,Bammanahalli,53,12.87,6.8,13.6,Homogeneous,3.6,2.1,1230,COF,,6.75
KA11030418,Yalliwal,Minor Irrigation Department,Haveri,Hangal,Hullatti,Yaliwala,114.61,6.67,28.3,56.6,Homogeneous,4.8,2.1,240,COF,,1.7
KA11030375,Nellikoppa,Minor Irrigation Department,Haveri,Hangal,Bommanahalli,Nellikoppa,43.77,4.25,10.8,21.6,Homogeneous,3.9,1.8,960,COF,,4.25
KA11030075, ,Minor Irrigation Department,Haveri,Hangal,Hullatti,Bylavala,,,,, ,,,, ,,
KA11040037,Kerikoppa,Minor Irrigation Department,Haveri,Haveri,Halagi,Kerikoppa,98,20.33,26.86,26.86,   ∏¿z¿g¿,8,4.25,8,SWW,,750
KA11040039,Negalur,Minor Irrigation Department,Haveri,Haveri,Negalur,Negalura,111.2,32.01,32.15,32.15,   ∏¿z¿g¿,4.3,3,4.3,COF,,7030
KA11040043,Devihosur,Minor Irrigation Department,Haveri,Haveri,Devihosur,Devi Hosuru,73.09,20.51,20.51,20.51,   ∏¿z¿g¿,7.63,2,7.63,SWW,,852
KA11040040,Negalur,Minor Irrigation Department,Haveri,Haveri,Negalur,Negalura,87,100.84,14.31,14.31,   ∏¿z¿g¿,7.6,4,7.6,SWW,,4000
KA11040002,Guttal,Minor Irrigation Department,Haveri,Haveri,ULB-Guttal-TP,Gutthala,154.36,88.02,36.16,36.16,   ∏¿z¿g¿,6,2.7,6,COF,,24450
KA11040041,Agadi,Minor Irrigation Department,Haveri,Haveri,Agadi,Agadi,197.68,53.26,23,23,   ∏¿z¿g¿,5.5,1.2,5.5,SWW,,1280
KA11040038,"Kanavalli 
(Sn 190)",Minor Irrigation Department,Haveri,Haveri,Kanvalli,Kanavalli,70,44.81,44.81,44.81,   ∏¿z¿g¿,2.7,3.05,2.7,SWW,,130
KA11040044,"Hommarditank 
(Sn 202)",Minor Irrigation Department,Haveri,Haveri,Hombaradi,Hombaradi,99,104,61.97,61.97,   ∏¿z¿g¿,10.7,2.5,10.7,SWW,,6970
KA11040047,"Hirelingadhalli 
( Sn 97)
Benakanahalli Sy*",Minor Irrigation Department,Haveri,Haveri,Kabbur,Benakanahalli,70,10.86,10.86,10.86,   ∏¿z¿g¿,8.3,3,8.3,SWW,,6520
KA11040045,"Didgur 
 (Sarakari Kere)",Minor Irrigation Department,Haveri,Haveri,Sangur,Dhidagura,76,18.86,18.86,18.86,   ∏¿z¿g¿,5,2.15,5,COF,,3000
KA11040042,Kerimattihalli  Kabbur,Minor Irrigation Department,Haveri,Haveri,Kabbur,Kabbura,41.75,26.86,20.33,20.33,   ∏¿z¿g¿,5.5,3,5.5,SWW,,3156
KA11040046,Kabbur Sumbikatti,Minor Irrigation Department,Haveri,Haveri,Kabbur,Kabbura,84.03,6.03,6.03,6.03,   ∏¿z¿g¿,5,2.5,5,SWW,,650
KA11040048,Kulenur,Minor Irrigation Department,Haveri,Haveri,Kulenur,Kulenura,42,13.72,13.72,13.72,   ∏¿z¿g¿,6,4.3,6,SWW,,650
KA11040001,"Heggeritank
(Sn119 &56)",Minor Irrigation Department,Haveri,Haveri,Kanakapur,Bujuruka Kodihalli,212,82.47,206.7,206.7,Homogeneous,8.9,3.6,8.9,COF,,6830
KA11060111,Hirekeri,Minor Irrigation Department,Haveri,Hirekerur,Madlur,Madalura,93,12.15,5.22,11,Homogeneous,3.7,4.5,885,SWW,583,16.52
KA11060050, ,Minor Irrigation Department,Haveri,Hirekerur,Kachavi,Kachevi,156.28,29.76,13.72,13.3,Homogeneous,3.5,2,921,COF,1505,42.66
KA11050299,Koppakeri,Minor Irrigation Department,Haveri,Hirekerur,Madlur,Madalura,157.5,41.31,15.93,19.3,Homogeneous,3,5.5,686,SWW,1430,40.53
KA11060134, ,Minor Irrigation Department,Haveri,Hirekerur,Chinnamulagund,Channamulagundha,204.62,40.42,20.3,20.3,Homogeneous,6.3,4.8,1395,SWW,678,19.22
KA11060128, ,Minor Irrigation Department,Haveri,Hirekerur,Aralikatti,Vadenapura,44.8,21.24,3.5,5.55,Homogeneous,2.4,3.6,229,SWW,5655,160.29
KA11060109,Hirekeri,Minor Irrigation Department,Haveri,Hirekerur,ULB-Hirekerur-TP,Hirekerura,214.65,225.6,66.21,34.9,Homogeneous,8,6,3157,SWW,211,5.98
KA11060104,Durgikere,Minor Irrigation Department,Haveri,Hirekerur,Hansabhavi,Hamsabhavi,48.19,16.4,9.13,6,Homogeneous,3,4.5,990,SWW,1268,35.94
KA11060121, ,Minor Irrigation Department,Haveri,Hirekerur,Kachavi,Yammiganura,81.8,17.21,7.4,10.1,Homogeneous,3.1,4,1000,SWW,1637,46.4
KA11060132,Kousanakatti,Minor Irrigation Department,Haveri,Hirekerur,Hansabhavi,Hamsabhavi,56.65,7.2,6.41,5.5,Homogeneous,5,1.8,585,SWW,1297,36.76
KA11060506, ,Minor Irrigation Department,Haveri,Hirekerur,Madlur,Nittura,,,,, ,,,, ,,
KA11060133,Hirekeri,Minor Irrigation Department,Haveri,Hirekerur,Bhogavi,Yogikoppa,98,16.2,4.85,12.1,Homogeneous,4.5,3.6,820,SWW,471,13.35
KA11060122,Hirekeri,Minor Irrigation Department,Haveri,Hirekerur,Satenahalli,Sathenahalli,84.6,33.97,14.75,9.2,Homogeneous,3.8,4,1760,SWW,1238,35.09
KA11060127, ,Minor Irrigation Department,Haveri,Hirekerur,Nidanegilu,Nidanegila,81,9.6,11,10,Homogeneous,6,4,500,Flush,450,12.76
KA11060119, ,Minor Irrigation Department,Haveri,Hirekerur,Channalli,Varaha,93,8.4,13,11,Homogeneous,4.5,2,820,SWW,471,13.35
KA11060042, ,Minor Irrigation Department,Haveri,Hirekerur,Buradikatti,Holabikonda,75.83,5.5,4.37,11.82,Homogeneous,1.8,2.4,660,SWW,591,16.75
KA11060124, ,Minor Irrigation Department,Haveri,Hirekerur,Buradikatti,Kalvihalli,44.55,10.8,4,5.4,Homogeneous,1.8,1.8,755,SWW,1353,38.35
KA11060116,Hirekeri,Minor Irrigation Department,Haveri,Hirekerur,Buradikatti,Holabikonda,80.59,11.6,1.73,10.1,Homogeneous,1.8,1.8,1450,SWW,173,4.9
KA11060224, ,Minor Irrigation Department,Haveri,Hirekerur,Buradikatti,Burudikatte,,,,, ,,,, ,,
KA11060014, ,Minor Irrigation Department,Haveri,Hirekerur,ULB-Hirekerur-TP,Hirekerura,,,,, ,,,, ,,
KA11060110,Thavaragi Kere,Minor Irrigation Department,Haveri,Hirekerur,Tavaragi,Thavaragi,45.19,9.65,4.15,5.5,Homogeneous,2.9,3.5,934,SWW,1043,29.56
KA11060278, ,Minor Irrigation Department,Haveri,Hirekerur,Buradikatti,Balambeeda,,,,, ,,,, ,,
KA11060117,Hosakatti,Minor Irrigation Department,Haveri,Hirekerur,Yattinahalli Mk,Aladhakatte,40.61,4.88,3.15,2.71,Homogeneous,2.3,2,970,Flush,466,13.21
KA11060091, ,Minor Irrigation Department,Haveri,Hirekerur,Abalur,Kalakondamahal Koda,56.2,5.16,0.42,7,Homogeneous,1.91,2,457,SWW,364,10.32
KA11060125,Vaddinakatti,Minor Irrigation Department,Haveri,Hirekerur,Yattinahalli Mk,Aladhakatte,61.66,5.91,4.2,2.86,Homogeneous,1.8,2,1100,Flush,338,9.58
KA11060108,Hirekeri,Minor Irrigation Department,Haveri,Hirekerur,Betakerur,Dhammalli,90,13.7,7.9,11.6,Homogeneous,1.8,2.4,1022,SWW,690,19.56
KA11060120, ,Minor Irrigation Department,Haveri,Hirekerur,Yattinahalli Mk,Godachikonda,44.35,16.5,6.88,5.47,Homogeneous,2.1,3.5,1480,SWW,263,7.45
KA11060105,Nulageri Kere,Minor Irrigation Department,Haveri,Hirekerur,Abalur,Nulageri,121.92,30.71,8.76,15.25,Homogeneous,3.1,4,1530,SWW,1948,55.22
KA11060141,Balagatti,Minor Irrigation Department,Haveri,Hirekerur,Chikkerur,Sheethikonda,55.93,11.6,6.68,6.9,Homogeneous,2.5,2,750,SWW,1505,42.66
KA11060106,Settrkeri,Minor Irrigation Department,Haveri,Hirekerur,Chikkerur,Yellapura,125.63,46.4,20.2,15.52,Homogeneous,5,2,1200,SWW,1596,45.24
KA11060107,Daakre,Minor Irrigation Department,Haveri,Hirekerur,Koda,Koda,148.95,6.9,10.06,12,Homogeneous,2.7,7.2,1096,SWW,2635,74.69
KA11060140, ,Minor Irrigation Department,Haveri,Hirekerur,Abalur,Abalura,128.14,37.96,16.3,16,Homogeneous,2.9,4,1552,SWW,940,26.64
KA11060115,Chikkerur Doddakerur Kere,Minor Irrigation Department,Haveri,Hirekerur,Chikkerur,Chikkerura,142.23,110.56,12,20.95,Homogeneous,7,4,1800,COF,3300,93.54
KA11060113,Betakerur Dodda Kere,Minor Irrigation Department,Haveri,Hirekerur,Betakerur,Betakerura,145.8,36.08,10.36,25.83,Homogeneous,6,3,305,SWW,1387,39.31
KA11060114,Chikkeri,Minor Irrigation Department,Haveri,Hirekerur,Betakerur,Betakerura,58.7,29.98,13.02,3.45,Homogeneous,3,2,679,SWW,411,11.65
KA11060138,Vaddinakeri,Minor Irrigation Department,Haveri,Hirekerur,Koda,Shankaranahalli Mahalakoda,40.06,5.8,1.06,5.4,Homogeneous,3.3,2,742,SWW,942,26.7
KA11060131,Chikkeri,Minor Irrigation Department,Haveri,Hirekerur,Aladageri,Aladhageri,62.42,11.48,4.95,2.55,Homogeneous,3,3.66,565,Flush,1697,48.1
KA11060123,Hirekounti,Minor Irrigation Department,Haveri,Hirekerur,Chikkonati,Hirekonathi,51.88,14.62,4.02,6.4,Homogeneous,4.5,3,640,SWW,1926,54.59
KA11060136,Sunkapur,Minor Irrigation Department,Haveri,Hirekerur,Aralikatti,Vadenapura,42.3,7.83,2.6,2.6,Homogeneous,2.4,4,240,SWW,1320,37.41
KA11060112,Chikkonathi Kere,Minor Irrigation Department,Haveri,Hirekerur,Chikkonati,Chikkonathi,42.93,42.42,9.1,6.16,Homogeneous,4.85,4,930,SWW,690,19.56
KA11060135,Melinakeri,Minor Irrigation Department,Haveri,Hirekerur,Chinnamulagund,Channamulagundha,43.95,23.7,6.8,4.15,Homogeneous,4.2,4.5,1320,Flush,1319,37.39
KA11070067,Nukapur,Minor Irrigation Department,Haveri,Ranibennur,Y.T. Honnathi,Nookapura,85,6.07,5.8,5.8,   ∏¿z¿g¿,3.97,2,446.82,S W W,2,922
KA11070072,Benakanakonda,Minor Irrigation Department,Haveri,Ranibennur,Benakanakonda,Benakanakonda,52.56,28.86,28.26,28.26,   ∏¿z¿g¿,4.75,3,1372.1,C O F,3,1050
KA11070068,Sunkalbidari,Minor Irrigation Department,Haveri,Ranibennur,Sunakalbidiri,Guddadha Hosalli,263.25,41.72,28.21,28.21,   ∏¿z¿g¿,13.74,4,1058.35,S W W,4,5988
KA11070075,Karur,Minor Irrigation Department,Haveri,Ranibennur,Karur,Karura,51,10.12,17.15,17.15,   ∏¿z¿g¿,2.44,5,1525,Flush,5,1330
KA11070070,Chalageri,Minor Irrigation Department,Haveri,Ranibennur,Chalageri,Chalageri,72,8.1,9,9,Homogeneous,7.63,3,570,S W W,3,977
KA11070076,Kamdod,Minor Irrigation Department,Haveri,Ranibennur,Kamadod,Kamadhoda,43.74,6.08,5.46,5.46,   ∏¿z¿g¿,4.83,1.8,640.5,S W W,1.8,8000
KA11070071,Ranebennur,Minor Irrigation Department,Haveri,Ranibennur,ULB-Ranebennur-CMC,Ranibennuru,262,105.12,38.05,38.05,   ∏¿z¿g¿,4.58,6.1,2120,C O F,6.1,3257
KA11070087,Medleri Tank,Minor Irrigation Department,Haveri,Ranibennur,Medleri,Madleri,219,68.45,61.6,61.6,   ∏¿z¿g¿,10.67,2,701.5,Flush,2,7000
KA11070074,Hnumapur,Minor Irrigation Department,Haveri,Ranibennur,Hanumapura,Hanumapura,129.6,10,4,4,   ∏¿z¿g¿,3.05,2.75,794,Flush,2.75,920
KA11070069,Honnatti,Minor Irrigation Department,Haveri,Ranibennur,Honnatti,Honnatthi,102.87,12.15,12,12,   ∏¿z¿g¿,15.7,4,1595,Ogee,4,25000
KA11070084,Asundinala Tank,Minor Irrigation Department,Haveri,Ranibennur,Gudagur,Bevinahalli,900,227,161.38,161.38,   ∏¿z¿g¿,3.66,2,28.98,S W W,2,1300
KA11070077,Kudarihal,Minor Irrigation Department,Haveri,Ranibennur,Haranagiri,Kudurihala,85.05,24.56,18.56,18.56,   ∏¿z¿g¿,6.57,2.5,230,S W W,2.5,7500
KA11070073,Aremallapur,Minor Irrigation Department,Haveri,Ranibennur,Aremallapur,Aremallapura,90,16.2,12.36,12.36,   ∏¿z¿g¿,10.68,3,360,Flush,3,814
KA11070078,Gangapur,Minor Irrigation Department,Haveri,Ranibennur,Guddadanveri,Guddadhaanveri,85,16.05,8.74,8.74,   ∏¿z¿g¿,8.24,2,540,C O F,2,766
KA11080036,Mavintop,Minor Irrigation Department,Haveri,Rattihalli,Neshwi,Kodihalli,60,24.5,8,48,Homogeneous,10,2.5,1200,Flush,400,11.34
KA11060129,Hirekere,Minor Irrigation Department,Haveri,Rattihalli,Hullatti,Hirematthura,138.83,52.79,12,15.2,Homogeneous,3.5,4,2257,SWW,1128,31.97
KA11080040,Hireyadachi Kere,Minor Irrigation Department,Haveri,Rattihalli,Chikka Yadachi,Hireyadachi,41.22,24,5.59,5,Homogeneous,5,5.5,705,SWW,3857,109.33
KA11080035,Makarikere,Minor Irrigation Department,Haveri,Rattihalli,Makari,Mekari,55.68,34.26,5.05,6.85,Homogeneous,4,1.2,1380,SWW,327,9.27
KA11080034,Guddadamadapur Kere,Minor Irrigation Department,Haveri,Rattihalli,Anaji,Guddadhamadhapura,366.12,37.3,45.5,41,Homogeneous,17,3.5,3,Flush,323,9.16
KA11080022,Bullapura Tank,Minor Irrigation Department,Haveri,Rattihalli,Kadur,Bullapura,162,8.1,22.66,22.66,Homogeneous,18,2.4,114.6,Flush,734,20.8
KA11080038,Annasabnkere,Minor Irrigation Department,Haveri,Rattihalli,Shiragambi,Shiragambi,50.4,38.7,6.3,6.27,Homogeneous,3,1.7,512,SWW,308,8.73
KA11080039,Hosalli,Minor Irrigation Department,Haveri,Rattihalli,Ingalagondi,Hosalli,49.7,12.7,3.69,6.21,Homogeneous,2.1,4,630,SWW,2080,58.96
KA11010269, ,Minor Irrigation Department,Haveri,Savanur,Tevaramellihalli,Thevara Mellahalli,251.5,50,27,27,Homogeneous,11.1,2.4,1150,FET,,172.48
KA11020023,Motitalab,Minor Irrigation Department,Haveri,Savanur,ULB- Savanur-TMC,Savanura,181,86,35,28,Homogeneous,3,4,1504,COF,,131.72
KA11020016, ,Minor Irrigation Department,Haveri,Savanur,Hattimattur,Hatthimatthura,72,48,18,18,Homogeneous,8,7.5,2013,COF,,85.6
KA11020022, ,Minor Irrigation Department,Haveri,Savanur,Huralikuppi,Huralikuppe,60,36.44,2.52,24.08,Homogeneous,7.38,1.83,905,COF,,129.28
KA11020017, ,Minor Irrigation Department,Haveri,Savanur,Dambaramattur,Ichala Yallapura,106,19.4,14.13,14.03,Homogeneous,7.75,1.8,376.7,FET,,26.76
KA11020044, ,Minor Irrigation Department,Haveri,Savanur,Mantrodi,Manthrodi,,,,, ,,,, ,,
KA11020020, ,Minor Irrigation Department,Haveri,Savanur,Hesarur,Hesarura,171.26,26.7,2.43,21.17,Homogeneous,6.9,1.8,550,COF,,48.75
KA11020018, ,Minor Irrigation Department,Haveri,Savanur,Hesarur,Shiddhapura,90.3,107.9,20,20,Homogeneous,10.5,4,1007,COF,,75.68
KA11020021, ,Minor Irrigation Department,Haveri,Savanur,Shirabadagi,Shirabadagi,52,52,18,23,Homogeneous,10,4,670,COF,,35.43
KA11020019, ,Minor Irrigation Department,Haveri,Savanur,Hesarur,Basavanakoppa,145,36,20.69,20.69,Homogeneous,10.2,2.4,640,FET,,40.19
KA11020043,Hire Kere,Minor Irrigation Department,Haveri,Savanur,Yalavigi,Yalavagi,77,49.44,18,120,Homogeneous,5.2,2,300,COF,,15.99
KA11020014, ,Minor Irrigation Department,Haveri,Savanur,Karadagi,Madhapura,51.02,21.04,8,6,Homogeneous,3.7,3,1370,COF,,26.93
KA11010301,Shyadambi,Minor Irrigation Department,Haveri,Shiggaon,Madli,Shyadambi,77.3,5.66,4.5,10,Homogeneous,3.8,1.3,1650,CCW/SWS,,30.61
KA11010300,Kunnur,Minor Irrigation Department,Haveri,Shiggaon,Kunnur,Kunnura,59.49,8.4,3.16,7.35,Homogeneous,3,2,810,SWW,,9.07
KA11010303,Adavisomapur,Minor Irrigation Department,Haveri,Shiggaon,Kunnur,Adavi Somapura,76.08,35.65,9,24,Homogeneous,4,6,1071,COF,,38.27
KA11010322, ,Minor Irrigation Department,Haveri,Shiggaon,N M Tadas,Neeralagi .M. Thadasa,41,2.9,1.44,5.04,Homogeneous,2.3,1.8,345,Natural,,14.97
KA11010293,Neeralgi,Minor Irrigation Department,Haveri,Shiggaon,N M Tadas,Neeralagi .M. Thadasa,125.2,9.9,3.56,15,Homogeneous,2.5,4,620,CCF,,10.57
KA09040051,Bendalagatti,Minor Irrigation Department,Haveri,Shiggaon,Tadas,Mutthali,222.75,3.61,27.52,27.52,MAz… v…g¿£¡z¿,11,3.05,400,Flush,,4900
KA11010304,Tadas,Minor Irrigation Department,Haveri,Shiggaon,Tadas,Thadasa,47.1,5.6,1.43,5.86,Homogeneous,3,6,665,SWW,,11.34
KA09040402, ,Minor Irrigation Department,Haveri,Shiggaon,Tadas,Thadasa,,,,, ,,,, ,,
KA11010267,Jigallkeri,Minor Irrigation Department,Haveri,Shiggaon,Tadas,Thadasa,47.34,9.7,2.2,6.45,Homogeneous,3,2,720,SWW,,22.62
KA11010344, ,Minor Irrigation Department,Haveri,Shiggaon,Hosur,Artala,50.4,5.4,1,6.5,Homogeneous,4,1.4,450,COF,,3.17
KA11010268,Basapur,Minor Irrigation Department,Haveri,Shiggaon,Dhundasi,B.Bassapura,42.08,2,0.87,10.2,Homogeneous,3,1.6,350,COF,,5.1
KA11010295,Gotagodi,Minor Irrigation Department,Haveri,Shiggaon,Vanahalli,Gotagodi,49.9,7.8,3.5,8,Homogeneous,3,1.5,336,FWG,,4.99
KA11010294,Gotagodi,Minor Irrigation Department,Haveri,Shiggaon,Vanahalli,Gotagodi,88.62,3.75,1.47,11,Homogeneous,1.9,2,408,FWG,,24.63
KA11010297,Madli,Minor Irrigation Department,Haveri,Shiggaon,Madli,Madli,54.8,3.6,1.43,6.82,Homogeneous,2.6,3,450,COF,,12.07
KA11010302,Madli,Minor Irrigation Department,Haveri,Shiggaon,Madli,Madli,119.4,7.6,3.19,14.75,Homogeneous,3.3,1.6,950,SWW,,25.51
KA11010299,Mamadapur,Minor Irrigation Department,Haveri,Shiggaon,Kunnur,Mamadhapura,87.4,3.6,0.25,11.4,Homogeneous,4,1.5,200,FWG,,6.52
KA11010277,Kamanahalli,Minor Irrigation Department,Haveri,Shiggaon,Vanahalli,Kamanahalli,49.3,3.7,1.1,6,Homogeneous,2.1,1.7,304,FWG,,4.37
KA11010291,Yattinahalli,Minor Irrigation Department,Haveri,Shiggaon,Hosur,Yatthinahalli,45.72,14.25,4.78,5.5,Homogeneous,3.3,2,950,SWW,,5.67
KA11010270,Kallyan,Minor Irrigation Department,Haveri,Shiggaon,Bada,Bada,50,19.8,33.18,4.2,Homogeneous,4.2,4,850,Flash Escape,,77.38
KA11010279,Chandapur,Minor Irrigation Department,Haveri,Shiggaon,Chandapur,Chandapura + Burjagatti,87,14,7.81,11.2,Homogeneous,5.1,4,690,COF,,3.4
KA11010274, ,Minor Irrigation Department,Haveri,Shiggaon,Guddadachannapur,Guddadha Channapura,45,8.9,4.06,9.68,Homogeneous,5.23,2.5,461,Flash Escape,,23.04
KA11010273,Jakkinakatti,Minor Irrigation Department,Haveri,Shiggaon,Konanakeri,Jakkanakatte,42.9,5.7,3.15,5.3,Homogeneous,1.5,2,244,FWG,,4.33
KA11010308,Badamagatti,Minor Irrigation Department,Haveri,Shiggaon,Hotanahalli,Lakkikoppa,,,,, ,,,, ,,
KA11010272,Shiggaon,Minor Irrigation Department,Haveri,Shiggaon,ULB-Shiggaon-TMC,Shiggaov,184.17,20.23,14.03,22.85,Homogeneous,1.9,1.6,1042,FWG,,75.4
KA10050168,Nyasrgi In Mundgod Taluk,Minor Irrigation Department,Haveri,Shiggaon,Hosur,Hosura,393,45.34,76.86,121.5, ,,,, ,,
KA11010290,Hosur,Minor Irrigation Department,Haveri,Shiggaon,Hosur,Hosura,48,2.8,2.1,15.1,Homogeneous,16,2,362,COP,,9.61
KA11010271,Hoolikatti,Minor Irrigation Department,Haveri,Shiggaon,Guddadachannapur,Hoolikatte,85,5,7.12,7.5,Homogeneous,2.25,2,990,COF,,3.12
KA11010306,Andalgi,Minor Irrigation Department,Haveri,Shiggaon,Andalagi,Andhalagi,86,2.1,0.62,3.61,Homogeneous,2.8,2,360,FWG,,1.42
KA11010280,Shadagaravalli,Minor Irrigation Department,Haveri,Shiggaon,Andalagi,Shidagaravalli,46.13,5.7,0.5,6.9,Homogeneous,2,5.5,620,FWG,,16.81
KA11010287,Andalgi,Minor Irrigation Department,Haveri,Shiggaon,Andalagi,Andhalagi,51,10.1,6,3.6,Homogeneous,3,2,1275,COF,,1.42
KA11010286,Andalgi,Minor Irrigation Department,Haveri,Shiggaon,Andalagi,Andhalagi,121.4,3.1,0.67,15.04,Homogeneous,1.95,2,675,FWG,,3.4
KA11010282,Andalgi,Minor Irrigation Department,Haveri,Shiggaon,Andalagi,Andhalagi,170,3,1.51,20.5,Homogeneous,2.25,2,735,FWG,,1.98
KA11010284,Andalgi,Minor Irrigation Department,Haveri,Shiggaon,Andalagi,Andhalagi,58,7.5,0.89,9.5,Homogeneous,1.35,2,285,FWG,,1.42
KA11010275,Halebankapur,Minor Irrigation Department,Haveri,Shiggaon,Halebankapur,Hale Bankapura,100,10.41,2.82,21,Homogeneous,2.7,2,680,COF,,13.61
KA11010281,Andalgi,Minor Irrigation Department,Haveri,Shiggaon,Andalagi,Andhalagi,161.87,8.95,0.75,10,Homogeneous,1.95,2,570,COF,,6.8
KA11010289,Hungund,Minor Irrigation Department,Haveri,Shiggaon,Hunagund,Hunagundha,80,23.1,31.8,10.5,Homogeneous,3,4,705,COF,,7.94
KA11010288,Torur,Minor Irrigation Department,Haveri,Shiggaon,Hunagund,Thorura,70,0.9,2.9,12.1,Homogeneous,1.2,2,150,Natural,,0.06
KA11010278,Mugalikatti,Minor Irrigation Department,Haveri,Shiggaon,Chandapur,Manchinakoppa,58,9.3,4,6.5,Homogeneous,1.65,4,510,FWG,,2.27
KA04020011,Afzalpur,Minor Irrigation Department,Kalaburagi,Afzalpur,ULB-Afzalpura-TMC,Afzalpura,375,8.38,54.01,52.39,Zonal,7.81,2.5,1050,FOF,,73
KA04020012,Bidnoor,Minor Irrigation Department,Kalaburagi,Afzalpur,Gobbur (B),Gobbara (B),298,66.8,43.14,36.89,Zonal,6.96,1.83,6275,FOF,,79.9
KA04020017, ,Minor Irrigation Department,Kalaburagi,Afzalpur,Nandaraga,Nandharaga,,,,, ,,,, ,,
KA04020009,Karajgi T,Minor Irrigation Department,Kalaburagi,Afzalpur,Karjagi,Karajagi,,,,, ,,,, ,,
KA04020002,Bhairamadgi,Minor Irrigation Department,Kalaburagi,Afzalpur,Bhairamadagi,Byramadagi,433,82.6,59.44,59.44,Zonal,9,1.8,1040,FOF,,3574
KA04020005,Badadal,Minor Irrigation Department,Kalaburagi,Afzalpur,Badadal,Badadhala,,,,, ,,,, ,,
KA04020010,Chincholi T,Minor Irrigation Department,Kalaburagi,Afzalpur,Revoor (B),Bamani,,,,, ,,,, ,,
KA04020007,Mashal T,Minor Irrigation Department,Kalaburagi,Afzalpur,Mashal,Mashala,,,,, ,,,, ,,
KA04020004,Arjunagi Tanda,Minor Irrigation Department,Kalaburagi,Afzalpur,Badadal,Arjunagi,70,8.23,6.15,6.15,Zonal,8.44,2.5,382,FOF,56,937.5
KA04010030,Vaijapur,Minor Irrigation Department,Kalaburagi,Aland,Suntnoor,Vyjapura,375,48,62.14,62.14,Zonal,14.45,2.5,450,Ogee,,4025
KA04010031,Nimbal,Minor Irrigation Department,Kalaburagi,Aland,Nimbal,Nimbala,100,13,12.48,12.48,Zonal,11.88,2.44,459,FOF,,955
KA04010029,Hadalgi,Minor Irrigation Department,Kalaburagi,Aland,Hadalgi,Hadalagi,77,10.4,18.96,18.96,Zonal,8.58,2.5,450,Ogee,,1065
KA04010039, ,Minor Irrigation Department,Kalaburagi,Aland,Dhangapur,Dangapura,130,12,46.2,46.2,Zonal,11.6,2.44,392,FOF,,2254
KA04010038, ,Minor Irrigation Department,Kalaburagi,Aland,Kavalga,Jalaki (K),,,,, ,,,, ,,
KA04010008,Zalki T,Minor Irrigation Department,Kalaburagi,Aland,Hadalgi,Jalaki (B),,,,, ,,,, ,,
KA04010005,Khajuri  T,Minor Irrigation Department,Kalaburagi,Aland,Khajuri,Khajuri,,,,, ,,,, ,,
KA04010011,Bableshwar,Minor Irrigation Department,Kalaburagi,Aland,Rudrawadi,Babaleshwara,,,,, ,,,, ,,
KA04010019,Tadola,Minor Irrigation Department,Kalaburagi,Aland,Tadol,Thadola,,,,, ,,,, ,,
KA04010003,Tadkal,Minor Irrigation Department,Kalaburagi,Aland,Tadakal,Thadakal,,,,, ,,,, ,,
KA04010021,Tadkal,Minor Irrigation Department,Kalaburagi,Aland,Tadakal,Thadakal,,,,, ,,,, ,,
KA04010032,Karhari,Minor Irrigation Department,Kalaburagi,Aland,Kamalanagar,Karahari,45,8.5,3.67,3.67, ,,,, ,,
KA04010017,Matki,Minor Irrigation Department,Kalaburagi,Aland,Nirgudi,Mataki,193,24.9,24.29,24.29,Zonal,12.74,2.42,490,FOF,,1579
KA04010018,Salegaon,Minor Irrigation Department,Kalaburagi,Aland,Kinni Sultan,Saligaov,450,40,57.3,57.3,Zonal,17.34,2.43,1530,FOF,,3290
KA04010012, ,Minor Irrigation Department,Kalaburagi,Aland,Belamagi,Belamagi,290,22.29,26.55,26.55,Zonal,,,510,FOF,,
KA04010002,Sarsamba,Minor Irrigation Department,Kalaburagi,Aland,Sarasamba,Sarasamba,85,10,9.17,9.17,Zonal,7.87,1.83,525,FOF,,798
KA04010004,Munnalli T,Minor Irrigation Department,Kalaburagi,Aland,Munnalli,Munnalli,,,,, ,,,, ,,
KA04010023,Honnalli,Minor Irrigation Department,Kalaburagi,Aland,ULB-Aland-TMC,Alandha,300,30,31.53,31.53,Zonal,11.23,1.82,1380,FOF,,2600
KA04010024,Aland,Minor Irrigation Department,Kalaburagi,Aland,ULB-Aland-TMC,Alandha,195,20,29.38,29.38,Zonal,13.15,1.82,1361,FOF,,3016
KA04010035,Wagdhari T,Minor Irrigation Department,Kalaburagi,Aland,Kamalanagar,Vagadhari,,,,, ,,,, ,,
KA04010014,Shukurwadi,Minor Irrigation Department,Kalaburagi,Aland,Tadakal,Thadakal,,,,, ,,,, ,,
KA04010022,Madan Hipparga,Minor Irrigation Department,Kalaburagi,Aland,Dargashirur,Kerura,,,,, ,,,, ,,
KA04010006,Lingadalli,Minor Irrigation Department,Kalaburagi,Aland,Dargashirur,Ningadhahalli,,,,, ,,,, ,,
KA04010042, ,Minor Irrigation Department,Kalaburagi,Aland,Dargashirur,Ningadhahalli,,,,, ,,,, ,,
KA04010028,Narona,Minor Irrigation Department,Kalaburagi,Aland,Narona,Narona,448,41.6,61.44,61.44,Zonal,18.42,2.5,410,FOF,,2940
KA04010015,Yelnavadgi T,Minor Irrigation Department,Kalaburagi,Aland,Kodalhangarga,Elenavadhagi,,,,, ,,,, ,,
KA04010020,Halli Salgar,Minor Irrigation Department,Kalaburagi,Aland,Hallisalagar,Hallisalagara,121,13,14.95,14.95,Zonal,9.21,1.83,200,FOF,,1086
KA04010027,Kadaganchi T,Minor Irrigation Department,Kalaburagi,Aland,Kadaganchi,Kadaganchi,,,,, ,,,, ,,
KA04010025,Dhangapur (Old),Minor Irrigation Department,Kalaburagi,Aland,Kadaganchi,Kadaganchi,77,5.48,6.35,6.35,Zonal,12.51,2.5,215,FOF,,660
KA04010016,Madgunki,Minor Irrigation Department,Kalaburagi,Aland,Hadalgi,Jalaki (B),100,11.07,9.53,9.53,Zonal,10.98,2.5,389,Flush & escape,,1180
KA04010033,Gola-B,Minor Irrigation Department,Kalaburagi,Aland,Gola (B),Gola .B,,,,, ,,,, ,,
KA04010010,Madan Hipparga T,Minor Irrigation Department,Kalaburagi,Aland,Madan Hipparga,Madhana Hipparga,104,12,15.4,15.4,Zonal,8.28,1.83,290,FOF,,1004
KA04010026, ,Minor Irrigation Department,Kalaburagi,Aland,Dannuru,Dhannura,130,13.17,12.36,12.36,Zonal,10.26,2.5,499,FOF,,1423
KA04040003,Chikkalingadahalli,Minor Irrigation Department,Kalaburagi,Chincholi,Shadipur,Chikkalingadhalli,1006,65,150.1,150.1,Zonal,14.47,2.5,701,FOF,,3243
KA04040026,Hudadalli,Minor Irrigation Department,Kalaburagi,Chincholi,Garampalli,Hudahalli,369,35.68,55.19,55.19,Zonal,13.95,2.5,610,Subweir,,1879.81
KA04040021,Chindanur,Minor Irrigation Department,Kalaburagi,Chincholi,Shadipur,Chindhanura,,,,, ,,,, ,,
KA04040016,Dhotikola,Minor Irrigation Department,Kalaburagi,Chincholi,Kanakpur (Karakmukli),Dhotikola,348,33.6,57.42,57.42,Zonal,15.01,2.5,540,FOF,,2320.19
KA04040019,Antavaram,Minor Irrigation Department,Kalaburagi,Chincholi,Venkatapur,Anthawaram,90,15.44,17.06,17.06,Zonal,6.8,2.5,236,FOF,,
KA04040025,Chandanakera,Minor Irrigation Department,Kalaburagi,Chincholi,Chandankera,Chendhanakera,87,19.68,13.63,13.63,Zonal,9.5,2.5,175,FOF,,650
KA04040023,Tumukunta,Minor Irrigation Department,Kalaburagi,Chincholi,Salebeernalli,Thumakunta,283,29.87,43.62,43.62,Zonal,13.8,2.5,600,Flush ,,1953.97
KA04040002,Biranahalli Tank,Minor Irrigation Department,Kalaburagi,Chincholi,Salebeernalli,Salebeeranahalli,,,,, ,,,, ,,
KA04040014,Khanapur,Minor Irrigation Department,Kalaburagi,Chincholi,Ainapur,Khanapura,68,8.39,11.21,11.21,Zonal,13.29,2.5,270,FOF,,795
KA04040018,Ainapur Old,Minor Irrigation Department,Kalaburagi,Chincholi,Ainapur,Iynapura,113,18.62,14.71,14.71,Zonal,12.5,2.5,378,FOF,,1140
KA04040020,Ainapur New,Minor Irrigation Department,Kalaburagi,Chincholi,Ainapur,Iynapura,42,0,6.05,6.05,Zonal,7.7,2.5,321,FOF,,
KA04040017,Tangarga,Minor Irrigation Department,Kalaburagi,Chincholi,Chandankera,Chendhanakera,220,13,21.72,21.72,Zonal,10.95,2.5,398,curve crest,,1185.17
KA04040013,Dharmasagar,Minor Irrigation Department,Kalaburagi,Chincholi,Venkatapur,Dharmasagara,100,6.88,2.54,2.54,Zonal,11.55,2.5,272,FOF,,
KA04040011, ,Minor Irrigation Department,Kalaburagi,Chincholi,Venkatapur,Linganagara,30,10,0,0,Zonal,0,0,0,FOF,,
KA04040027,Hasaragundagi,Minor Irrigation Department,Kalaburagi,Chincholi,Hasargundagi,Hasiragundagi,334,53.4,62.54,62.54,Zonal,13.24,2.5,871,FOF,,1900.65
KA04040022,Kollur,Minor Irrigation Department,Kalaburagi,Chincholi,Nagaidlai,Kollura,113,11.9,25.68,25.68,Zonal,11.28,2.5,484.65,FOF,,686
KA04040015,Nagaidlayi,Minor Irrigation Department,Kalaburagi,Chincholi,Nagaidlai,Nagayidhalayi,311,28.81,46.82,46.82,Zonal,16.08,2.5,750,FOF,,1776.34
KA04060018,Bannahatti,Minor Irrigation Department,Kalaburagi,Chitapur,Sannati,Bannahatti,202,0,38.66,24.3,Zonal,7.43,2.5,,FOF,,
KA04060017,Khan Near Tarkas T,Minor Irrigation Department,Kalaburagi,Chitapur,Kollur,Kolluru,49,16.82,16.82,16.82,Zonal,3.05,1.83,1210,FOF,,
KA04060004, ,Minor Irrigation Department,Kalaburagi,Chitapur,Allur (B),Allura .B,400,,,,Zonal,,,, ,,
KA04060014,Ambada,Minor Irrigation Department,Kalaburagi,Chitapur,Alloli,Alahalli,49,16,16.82,13,Zonal,7.27,1.83,848.33,FOF,,
KA04060016,Kardal,Minor Irrigation Department,Kalaburagi,Chitapur,Alloli,Alahalli,800,0,59.17,143.9,Zonal,12.63,2.5,1270,FOF,,
KA04060011,Tetsirur MI,Minor Irrigation Department,Kalaburagi,Chitapur,Pethsiroor,Petasirura,40,0,3.39,3.39,Zonal,,,93,FOF,,
KA04060013,Basaveshwar,Minor Irrigation Department,Kalaburagi,Chitapur,Mugalanagaon,Mugalanagaov,390,103,103.71,23.62,Zonal,11,2.44,1098,FOF,,
KA04060012,Gundgurti,Minor Irrigation Department,Kalaburagi,Chitapur,Gundagurthi,Gundagurthi,,,,, ,,,, ,,
KA04060015,Mupta,Minor Irrigation Department,Kalaburagi,Chitapur,Gundagurthi,Gundagurthi,117,14.81,10.12,10.12,Zonal,9.47,2.5,570,FOF,,
KA04030003,Waccha,Minor Irrigation Department,Kalaburagi,Chitapur,Madbul,Hadhanura,210,65,73.39,73.39,Zonal,8,2.5,13,FOF,,
KA04070001,Andola,Minor Irrigation Department,Kalaburagi,Jevargi,Andhola,Andhola,,,,, ,,,, ,,
KA04070003,Sonna,Minor Irrigation Department,Kalaburagi,Jevargi,Sonna,Sonna Jagira,,,,, ,,,, ,,
KA04070004,"Hegginal 
",Minor Irrigation Department,Kalaburagi,Jevargi,Haranoor,Heggianala,247,19.42,33.87,33.87,Zonal,14.63,,,Flush submerc ible,,
KA04070002,Janiwar,Minor Irrigation Department,Kalaburagi,Jevargi,Kallahangarga,Janiwara,,,,, ,,,, ,,
KA04030009,Hagargundagi,Minor Irrigation Department,Kalaburagi,Kalaburagi,Kavalga (B),Hagaragundagi,282,66.77,61.73,61.78,Zonal,11.12,2.42,585,FOF,,5454
KA04030008,Tala,Minor Irrigation Department,Kalaburagi,Kalaburagi,Sannur,Pala,101,3.86,27.6,0.38,Zonal,11.4,2.43,870,FOF,,1582
KA04030002,Mallayan Thanda T,Minor Irrigation Department,Kalaburagi,Kalaburagi,Sannur,Pala,,,,, ,,,, ,,
KA04020001,Gobbur Tank,Minor Irrigation Department,Kalaburagi,Kalaburagi,Sharan Sirasagi,Kallura,1000,166,84.4,84.4, ,,,, ,,
KA04030005,Mailkunda T,Minor Irrigation Department,Kalaburagi,Kalaburagi,Melakunda (B),Melakunda .B,,,,, ,,,, ,,
KA04030004,Melagunda B,Minor Irrigation Department,Kalaburagi,Kalaburagi,Melakunda (B),Melakunda .B,43,6.67,5.23,5.22,Zonal,,2.5,570,FOF,,1086
KA04030012,Hunsi Hadgil,Minor Irrigation Department,Kalaburagi,Kalaburagi,Melakunda (B),Hunasihadagali,66,8.57,6.79,13.26,Zonal,8.97,2.5,370,Ogee,,1130
KA04030013,Sindagi,Minor Irrigation Department,Kalaburagi,Kalaburagi,Savalgi (B),Sindhagi,,,,, ,,,, ,,
KA04030001,Yelwanti,Minor Irrigation Department,Kalaburagi,Kalaburagi,Pattan,Hathagundha,217,24.82,29.09,26.1,Zonal,13.1,2.43,720,Submercible,,1270
KA04030011,Khajikotnoor,Minor Irrigation Department,Kalaburagi,Kalaburagi,Srinivas Saradgi,Srinivasa Saradhagi,1800,0,183.36,5.17,Zonal,12.3,2.5,790,Ogee,,30100
KA04030010,Syed Chincholi,Minor Irrigation Department,Kalaburagi,Kalaburagi,Tajsultanpur,S.Chincholi,225,31.09,31.43,26.72,Zonal,12.33,2.43,120,Submercible,,1735
KA04030007,Kumsi,Minor Irrigation Department,Kalaburagi,Kalaburagi,Kumasi,Kumasi,360,45,44.99,42.71,Zonal,12.26,2.43,540,FOF,,2911
KA04110009,Kodli Allapur,Minor Irrigation Department,Kalaburagi,Kalgi,Kodli,Allapura,1050,97.94,204.82,204.82,Zonal,16.63,5,510,Ogee,,7000
KA04040024,Hulasgud,Minor Irrigation Department,Kalaburagi,Kalgi,Ratkal,Holsaguda,393,49.03,7.99,7.99,Zonal,11.17,2.5,892.5,FOF,,2152
KA04110006,Mukaramba,Minor Irrigation Department,Kalaburagi,Kalgi,Ratkal,Mukarambha,193,22.26,20.29,20.29,Zonal,8.96,2.5,506,FOF,,1035
KA04110010, ,Minor Irrigation Department,Kalaburagi,Kalgi,Bedsur,Bedasura,,,,, ,,,, ,,
KA04110005,Mavinsoor,Minor Irrigation Department,Kalaburagi,Kalgi,Arankal,Aranakal,465,48.3,39.55,39.55,Zonal,10.57,2.5,580,Ogee,,
KA04120021,Aranakal,Minor Irrigation Department,Kalaburagi,Kamalapur,Chengta,Dutharaga,245,3,23.62,23.62,Zonal,11.88,2.44,416.33,FOF,,
KA04120003, ,Minor Irrigation Department,Kalaburagi,Kamalapur,Holakunda,Holakundha,45,7.4,5.53,5.53,Zonal,6.9,1.83,,Ogee,,2911
KA04120027,Bhuyar,Minor Irrigation Department,Kalaburagi,Kamalapur,Kalmood,Boyyara,600,66.31,49.18,2.54,Zonal,9.38,2.5,540,FOF,,
KA04120028,Kamalapur (South),Minor Irrigation Department,Kalaburagi,Kamalapur,Kamalapur,Kamalapura,74,3.81,27.6,0.38,Zonal,9,1.83,219,FOF,,583
KA04120022,Navnihal T,Minor Irrigation Department,Kalaburagi,Kamalapur,Okali,Navanihala,,,,, ,,,, ,,
KA04120012,Kalmood T,Minor Irrigation Department,Kalaburagi,Kamalapur,Kalmood,Kalamuda,,,,, ,,,, ,,
KA04120024,Warnal,Minor Irrigation Department,Kalaburagi,Kamalapur,Okali,Varanihala,100,0,10.03,10.03,Zonal,,2.5,,FOF,,
KA04120013, ,Minor Irrigation Department,Kalaburagi,Kamalapur,Maragutti,Patavada,,,,, ,,,, ,,
KA04120020,Neelkud,Minor Irrigation Department,Kalaburagi,Kamalapur,Kinnisadak,Neelakuda,99,9.4,7.99,6.79,Zonal,9.9,1.83,336,FOF,,734
KA04120011,Kalmandargi  T,Minor Irrigation Department,Kalaburagi,Kamalapur,Dongargoan,Kalamandharagi,,,,, ,,,, ,,
KA04120006,Kalmandargi,Minor Irrigation Department,Kalaburagi,Kamalapur,Dongargoan,Kalamandharagi,,,,, ,,,, ,,
KA04120004, ,Minor Irrigation Department,Kalaburagi,Kamalapur,Maragutti,Maragatthi,,,,, ,,,, ,,
KA04120017,Bachnal,Minor Irrigation Department,Kalaburagi,Kamalapur,Okali,Rajahala,134,17.5,21.49,21.49,Zonal,12,2.5,195,Ogee,,1785
KA04120015, ,Minor Irrigation Department,Kalaburagi,Kamalapur,Kalmood,Bheemanala,,,,, ,,,, ,,
KA04120016,Bhimanal,Minor Irrigation Department,Kalaburagi,Kamalapur,Kalmood,Bheemanala,97,12.14,12.63,11.05,Zonal,4.15,1.83,205,FOF,,851
KA04120007,Bhagawan Tanda,Minor Irrigation Department,Kalaburagi,Kamalapur,Okali,Varanihala,,,,, ,,,, ,,
KA04120019,Malsapur,Minor Irrigation Department,Kalaburagi,Kamalapur,Maragutti,Malasapura,269,18.8,37.47,35.59,Zonal,13.65,2.43,570,FOF,,1142
KA04120025,Kalmood,Minor Irrigation Department,Kalaburagi,Kamalapur,Kalmood,Kalamuda,200,13.75,10.7,1.25,Zonal,15.79,2.5,286,FOF,,2922
KA04120026,Naunihal,Minor Irrigation Department,Kalaburagi,Kamalapur,Kamalapur,Kamalapura,357,25.54,25.68,25.68,Zonal,11.96,2.5,492,Ogee,,1621
KA04120009,Kamalapur Rajnal,Minor Irrigation Department,Kalaburagi,Kamalapur,Kamalapur,Kamalapura,,,,, ,,,, ,,
KA04120029,Kamalapur (North),Minor Irrigation Department,Kalaburagi,Kamalapur,Kamalapur,Kamalapura,148,18.37,12.79,12.79,Zonal,9.88,2.43,366.3,Ogee,,1470
KA04120002,Dinshi Tank,Minor Irrigation Department,Kalaburagi,Kamalapur,Kalmood,Kuranura Dinasi,,,,, ,,,, ,,
KA04120023,Okali,Minor Irrigation Department,Kalaburagi,Kamalapur,Okali,Okali,99,18.27,16.22,38.6,Zonal,10,1.83,451,Ogee,,997
KA04050010,Thoor Talab,Minor Irrigation Department,Kalaburagi,Sedam,Itkal,Itkal,58,7.68,20,20,homogeneous,7.5,1,600,FOF,,1000
KA04050028,Tipdamalli,Minor Irrigation Department,Kalaburagi,Sedam,Itkal,Itkal,165,12,24.81,24.81,homogeneous,15.2,2.5,348,Ogee,,1290
KA04050014,Oora Cheru,Minor Irrigation Department,Kalaburagi,Sedam,Itkal,Itkal,59,3.2,24.16,24.16,homogeneous,7.8,1.3,450,FOF,,484
KA04050015,Itkal,Minor Irrigation Department,Kalaburagi,Sedam,Itkal,Buragapalli,,,,, ,,,, ,,
KA04050011,Kanagada,Minor Irrigation Department,Kalaburagi,Sedam,Kanagadda,Khanadadda,163,4.8,25.7,25.7,homogeneous,6.05,1.2,293,FOF,,332.15
KA04050016,Nartalapada,Minor Irrigation Department,Kalaburagi,Sedam,Motakpalli,Niratlapahada,113,16.19,19.84,19.84,homogeneous,10.98,2.5,351,FOF,,1331.37
KA04050023,Nallakunta,Minor Irrigation Department,Kalaburagi,Sedam,Lingampalli,Lingampalli,40,1.02,9.25,9.25,homogeneous,2.5,1.2,850,FOF,,40
KA04050002,Amalsanicheru,Minor Irrigation Department,Kalaburagi,Sedam,Adaki,Adaki,65,10.6,30.47,30.47,homogeneous,11.12,2.5,144,FOF,,1500
KA04050034,Fareed Sagar,Minor Irrigation Department,Kalaburagi,Sedam,Lingampalli,Yeeranapalli,40,1.28,10.83,10.83,homogeneous,3.5,2.5,800,FOF,,50
KA04050005,Narasappa,Minor Irrigation Department,Kalaburagi,Sedam,Lingampalli,Indhiranagara,,,,, ,,,, ,,
KA04050007,Rama,Minor Irrigation Department,Kalaburagi,Sedam,Mudol,Mudhola,44,5.12,18,18,homogeneous,6,1.8,950,FOF,,1010
KA04050001,Oora Mundinkere,Minor Irrigation Department,Kalaburagi,Sedam,Mudol,Mudhola,58,5.12,23.85,23.85,homogeneous,6.6,1.2,930,FOF,,1300
KA04050020,G. Devi Keri,Minor Irrigation Department,Kalaburagi,Sedam,Lingampalli,Bannura,44,3.2,11.5,11.5,homogeneous,5,2.5,850,FOF,,28.5
KA04050022,Tatel Cheru,Minor Irrigation Department,Kalaburagi,Sedam,Lingampalli,Bannura,40,1.28,4.5,4.5,homogeneous,4,2.5,780,Escab,,12
KA04050057, ,Minor Irrigation Department,Kalaburagi,Sedam,Ribbanpalli,Khanderamanapalli,,,,, ,,,, ,,
KA04050021,Tikori Kunta,Minor Irrigation Department,Kalaburagi,Sedam,Ribbanpalli,Mallabad,40,0.64,9.25,9.25,homogeneous,4.5,2.5,300,FOF,,16.75
KA04050027,Yallamma Cheru,Minor Irrigation Department,Kalaburagi,Sedam,Ribbanpalli,Nadepalli,40,4.48,10.5,10.5,homogeneous,6,2.5,600,FOF,,10
KA04050030,Ora Talab,Minor Irrigation Department,Kalaburagi,Sedam,Kudla,Kodla,44,4.48,10.5,10.5,homogeneous,4,2.5,240,FOF,,0
KA04050008,Ora Cheru,Minor Irrigation Department,Kalaburagi,Sedam,Madana,Kadacharana,40,3.56,13.25,13.25,homogeneous,6,2.5,930,FOF,,40
KA04050031,Daya  Cheru,Minor Irrigation Department,Kalaburagi,Sedam,Mudol,Mudhola,,,,, ,,,, ,,
KA04050003,Kadalapur (Big),Minor Irrigation Department,Kalaburagi,Sedam,Lingampalli,Kadalapura,352,48,43.49,43.49,homogeneous,13.78,2.5,620,FOF,,3800
KA04050018,Thoor Talab (Small),Minor Irrigation Department,Kalaburagi,Sedam,Lingampalli,Kadalapura,48,2.56,16.5,16.5,homogeneous,4,2.5,850,FOF,,1525
KA04050004, ,Minor Irrigation Department,Kalaburagi,Sedam,Handarki,Hoolagola,220,0,28,28,homogeneous,10.35,,,FOF,,0
KA04050025,Ora Cheru,Minor Irrigation Department,Kalaburagi,Sedam,Jakanpalli,Konapura,40,5.76,11.66,11.66,homogeneous,7.5,3,750,FOF,,0
KA04050026,Madanacheru,Minor Irrigation Department,Kalaburagi,Sedam,Madana,Madhana,45,2.56,21.65,21.65,homogeneous,6,,620,FOF,,40
KA04050012,Turana Talab,Minor Irrigation Department,Kalaburagi,Sedam,Madana,Madhana,45,2.56,6.33,6.33,homogeneous,5.6,2.5,650,FOF,,0.8
KA04050017, ,Minor Irrigation Department,Kalaburagi,Sedam,Medak,Gajalapura,,,,, ,,,, ,,
KA04050019,Tarameshwara,Minor Irrigation Department,Kalaburagi,Sedam,Ribbanpalli,Nadepalli,40,3.84,12.5,12.5,homogeneous,7.2,2.5,750,FOF,,10
KA04050013,Allipur,Minor Irrigation Department,Kalaburagi,Sedam,Itkal,Itkal,51,17.02,7.66,7.66,homogeneous,4.75,,930,FOF,,450
KA04050024,Wanikeri,Minor Irrigation Department,Kalaburagi,Sedam,Dugnoor,Nachawara,45,0.44,2.83,2.83,homogeneous,3.5,,250,FOF,,0
KA04050009,Tabalankeri,Minor Irrigation Department,Kalaburagi,Sedam,Dugnoor,Dhuganura,40,6.4,15.02,15.02,homogeneous,5,1.5,690,FOF,,374
KA04050029,Devi Kere,Minor Irrigation Department,Kalaburagi,Sedam,Handarki,Handaraki,,,,, ,,,, ,,
KA04050032,Orakeri,Minor Irrigation Department,Kalaburagi,Sedam,Kolkunda,Kolakundha,40,5.76,9.25,9.25,homogeneous,7.2,3,600,FOF,,0
KA04050066, ,Minor Irrigation Department,Kalaburagi,Sedam,Chandapur,Chandhapura,,,,, ,,,, ,,
KA04170001,Kunnikera,Minor Irrigation Department,Kalaburagi,Shahabad,ULB-Shahabad-CMC,Shahabadh,130,36.15,10.27,46.26,Zonal,7.62,1.83,600,Flush  scape,,
KA04130002, ,Minor Irrigation Department,Kalaburagi,Yedrami,Sumbad,Sumbada,,,,, ,,,, ,,
KA04130005,"Saidapur 
",Minor Irrigation Department,Kalaburagi,Yedrami,Yadrami,Yadrami,105,32.63,12.05,12.05,Zonal,9.14,,,Flush submerc ible,,
KA04130006,Bennur T,Minor Irrigation Department,Kalaburagi,Yedrami,Karkihalli,Bennura,,,,, ,,,, ,,
KA04130007,"Haldgadla 
",Minor Irrigation Department,Kalaburagi,Yedrami,Ijeri,Ijeri,538,47.75,73.84,73.84,Zonal,13.1,,,Flush submerc ible,,
KA25030045,Nalkerikere,Minor Irrigation Department,Kodagu,Ponnampete,Nalkeri,Nalkeri,90,1,24,0.7,Homogeneous,3,1.5,100,Clear over flow,6,1
KA25030044,Varamadu,Minor Irrigation Department,Kodagu,Ponnampete,Nittooru,Hathugattu Forest I,40,2,8.24,8.24,Homogeneous,4,1.5,100,Clear over flow,10,1.5
KA25030049,Taladala Kere,Minor Irrigation Department,Kodagu,Ponnampete,Nittooru,Hathugattu Forest I,50.6,4,20.5,10.42,Homogeneous,8,2,145,Sloping apron,45,10.86
KA25030048,Taisarekere,Minor Irrigation Department,Kodagu,Ponnampete,Ponnampet,Hoodhuru,40,0.5,20,8.24,Homogeneous,4,2,180,Clear over flow,5,1.5
KA25030047,Kundapaisarikere,Minor Irrigation Department,Kodagu,Ponnampete,Ponnampet,Halligattu,63.6,0.3,30,13.12,Homogeneous,4,1.5,165,Clear over flow,5,1.5
KA25030050,Igguthappa Kere,Minor Irrigation Department,Kodagu,Ponnampete,Aruvthoklu,Mugatagri,45,2,22,9.27,Homogeneous,5,1.5,200,Clear over flow,6,1.81
KA25030046,Bettathuru Kere,Minor Irrigation Department,Kodagu,Ponnampete,Thithimathi,Arekeri Forest - Iii,83,1.7,40,17.09,Homogeneous,5.75,2.5,193,Sloping apron,15,3.62
KA26020307, ,Minor Irrigation Department,Kodagu,Ponnampete,Thithimathi,Arekeri Forest - Iii,,,,, ,,,, ,,
KA25020127,Sangayyanapura Kere,Minor Irrigation Department,Kodagu,Somvarpet,Ganaguru,Sangaiahanapura,112,1,25.5,23.06,Homogeneous,4.7,2.5,220,Clear over flow,11,2.66
KA25020123,Honnammanakere,Minor Irrigation Department,Kodagu,Somvarpet,Doddamalthe,Doddemolthe,48.6,1.28,10.2,10.01,Homogeneous,8,10.1,500,Sloping apron,9,2.17
KA25020117,Kanagalu Oorabagilukere,Minor Irrigation Department,Kodagu,Somvarpet,Aluru Siddapura,Doddakanagalu,120,1.5,26,24.71,Homogeneous,3.2,1.8,600,Sloping apron,12,3.5
KA25020124,Ithalagadde,Minor Irrigation Department,Kodagu,Somvarpet,Aluru Siddapura,Hithlagadde,120,1.2,26,24.71,Homogeneous,2.1,1.6,150,Sloping apron,10,3.29
KA25020118,Kanagalu Agasanakere,Minor Irrigation Department,Kodagu,Somvarpet,Aluru Siddapura,Doddakanagalu,48,1.5,10.2,9.88,Homogeneous,4,4,385,Sloping apron,13,3.14
KA25020121,Alur Sipura Kere,Minor Irrigation Department,Kodagu,Somvarpet,Aluru Siddapura,Siddapura,118,2,25.5,24.3,Homogeneous,3,7,200,Sloping apron,8,1.93
KA25020116,Sidigadale Matadakere,Minor Irrigation Department,Kodagu,Somvarpet,Nidtha,Sidigalale,50,2,11,10.3,Homogeneous,3.5,24,210,Sloping apron,14,3.38
KA25020109,Niluvagilu Valagada Kere,Minor Irrigation Department,Kodagu,Somvarpet,Bessur,Niluvagilu,40.5,0.9,9,8.34,Homogeneous,6,1.5,340,Sloping apron,11.5,2.78
KA25020113,Byadagotta Basavanakere,Minor Irrigation Department,Kodagu,Somvarpet,Byadagotta,Ramenahalli,44.86,0.42,10,9.24,Homogeneous,1.5,1.2,335,Clear over flow,9,2.71
KA25020125,Marikal Basavanahalli Tyrarikere,Minor Irrigation Department,Kodagu,Somvarpet,Ganaguru,Marikallubasavanahalli,89.7,1.5,20,18.47,Homogeneous,4,1.8,200,Natural,10,2.41
KA25020120,Ganagur Kere,Minor Irrigation Department,Kodagu,Somvarpet,Ganaguru,Ganaguru,120,0.9,26,24.71,Homogeneous,2.1,1.6,180,Sloping apron,9.5,3.1
KA25020119,Ganagur Oorabagilakere,Minor Irrigation Department,Kodagu,Somvarpet,Ganaguru,Ganaguru,125,6,26.2,25.74,Homogeneous,3.2,1.5,210,Sloping apron,9,2.17
KA25020178,Chinnalli Devarakere,Minor Irrigation Department,Kodagu,Somvarpet,Dundalli,Shettyganahalli,45,1.69,10,9.27,Homogeneous,6,6,120,Clear over flow,10.5,3.17
KA25020110,Malambi Kere,Minor Irrigation Department,Kodagu,Somvarpet,Aluru Siddapura,Malambi,50,1.3,11,10.3,Homogeneous,10,3.6,75,Sloping apron,14,3.38
KA25020122,Malambi Gramada Kere,Minor Irrigation Department,Kodagu,Somvarpet,Aluru Siddapura,Malambi,40,1.5,9,8.24,Homogeneous,3.5,4,190,Sloping apron,13,3.14
KA25020115,Mullur Kere,Minor Irrigation Department,Kodagu,Somvarpet,Aluru Siddapura,Karugodu,44.24,3,10,9.11,Homogeneous,8,2,210,Clear over flow,7,2.1
KA25020112,Mullur Jodukere,Minor Irrigation Department,Kodagu,Somvarpet,Nidtha,Mulluru,44,2,9,9.06,Homogeneous,4.6,2.6,385,Clear over flow,12,3.63
KA25020114,Kamanakere,Minor Irrigation Department,Kodagu,Somvarpet,Handli,Doddabhandara,40.5,0.73,9,8.34,Homogeneous,4.5,1.8,300,weir/road,11,2.66
KA25020108,Byadagotta Devarakere,Minor Irrigation Department,Kodagu,Somvarpet,Byadagotta,Bembaluru,41,0.42,10,8.44,Homogeneous,1.5,1.2,335,weir/road,15,3.69
KA25030051,Sipura Kere,Minor Irrigation Department,Kodagu,Virarajendrapet,Siddapura,Siddapura,89.1,2,23.46,0.6,Homogeneous,4,1.5,100,Clear over flow,6,1.2
KA25030052,Mayengeri Kere,Minor Irrigation Department,Kodagu,Virarajendrapet,Karmadu,Chambe Belluru,55.8,1,2,0.5,Homogeneous,4,1.5,100,Clear over flow,6,1
KA25030053,Kungikere,Minor Irrigation Department,Kodagu,Virarajendrapet,Karmadu,Chambe Belluru,49.4,0.2,25,10.17,Homogeneous,6,2,160,Clear over flow,6,1.81
KA19100273,Budikote Ramachndrarayarakere,Minor Irrigation Department,Kolar,Bangarapet,Boodikote,Boodhikote,43.6,40.47,26.65,8.98,Homogeneous,8,1.8,660,Clear Over Fall,60,4296
KA19100275,Thamatamakanahalli Ellojikere,Minor Irrigation Department,Kolar,Bangarapet,Balamande,Tamatamakanahalli,,,,, ,,,, ,,
KA19100277,Musthrahally Tank,Minor Irrigation Department,Kolar,Bangarapet,Dhonimadagu,Boggalahalli,449,375,86.63,92.46,Zonal,22.7,3.5,197,Clear Over Fall,30,4120
KA19100272,Koppa Kere,Minor Irrigation Department,Kolar,Bangarapet,Hulibele,Hunasanahalli,68.8,92.27,27.99,14.17,Homogeneous,4.2,1.5,960,Clear Over Fall,76,6584
KA19100088, ,Minor Irrigation Department,Kolar,Bangarapet,Kamasamudra,Bodagurki,,,,, ,,,, ,,
KA19100274,Bodagurki Hosakere,Minor Irrigation Department,Kolar,Bangarapet,Kethaganahalli,Doddamarihalli,47.2,41,39.98,9.72,Homogeneous,6.6,2.4,300,Sloping Apron,20,300
KA19100271,Kamasamudrakere,Minor Irrigation Department,Kolar,Bangarapet,Kamasamudra,Vattakallu,264,175.3,152.99,54.36,Zonal,10.67,3,600,Sloping Apron,120,7714
KA19120219,Thimmasandra Balanakere,Minor Irrigation Department,Kolar,K.G.F,T.Gollahalli,Thimmasandra,57.2,61.5,22.99,11.78,Homogeneous,8,2.5,1020,Sloping Apron,48,1263
KA19120225,Hangala Kere,Minor Irrigation Department,Kolar,K.G.F,T.Gollahalli,Vaddhalli,42.3,40.06,21.99,8.71,Homogeneous,5,2.5,915,Sloping Apron,43,1158
KA19120222,Kyasamballi Ragavainakere,Minor Irrigation Department,Kolar,K.G.F,Kyasamballi,Kyasamballi,41.6,14.57,16.49,8.57,Homogeneous,7.5,2.2,330,Sloping Apron,29,1043
KA19120223,Ramasagara Kere,Minor Irrigation Department,Kolar,K.G.F,Ramasagara,Ramasagara,510.31,485.63,452.16,105.08,Homogeneous,18,5.5,810,Clear Over Fall,295,37086
KA19120224,Sanganahalli Kere,Minor Irrigation Department,Kolar,K.G.F,Jakkarasanakuppa,Sanganahalli,41.2,31.97,25.99,8.48,Homogeneous,4.5,1.8,1330,Clear Over Fall,30,789
KA19080441,Harati Kere,Minor Irrigation Department,Kolar,Kolar,Harati,Harati,53.6,59.5,24.04,11.04,Homogeneous,5,1.3,1400,Sloping Apron -1,23,28.9
KA19080440,Agraharasomarasanapallikere,Minor Irrigation Department,Kolar,Kolar,Shapuru,Agrahara Somarasanahalli,42.8,41.28,21.95,8.81,Homogeneous,5.5,1.1,950,Over  Fall -1,36,55.77
KA19080439,Halesomarasanahallikere,Minor Irrigation Department,Kolar,Kolar,Shapuru,Halesomarasanahalli,42.8,43.7,22.47,8.81,Homogeneous,9,1.5,325,Sloping Apron -2,56,70.63
KA19080443,Nandamballi Tumbalakere,Minor Irrigation Department,Kolar,Kolar,Shapuru,Siresandra,50.2,72.84,31.36,10.34,Homogeneous,4,3,1000,Sloping Apron -1,50,65.35
KA19080459,Ekamballikere,Minor Irrigation Department,Kolar,Kolar,Doddahasala,Ekamballi,160,12,5.22,32.95,Homogeneous,4.4,1.8,915,Sloping Apron -1,30,56.55
KA19080458,Shillangere Kere,Minor Irrigation Department,Kolar,Kolar,Harati,Shillangere,45.5,35.61,9.67,9.37,Homogeneous,6.5,1.8,830,Over Fall -1,70,108.39
KA19080457,Kalahastipura Kere,Minor Irrigation Department,Kolar,Kolar,Honnenahalli,Nadampalli,74,98.34,21.69,15.24,Homogeneous,3.5,1.5,1100,Sloping Apron -2,77,96.77
KA19080456,Kolar Ammanikere,Minor Irrigation Department,Kolar,Kolar,Honnenahalli,Kolara Amanikere,318,282.38,172.24,65.48,Homogeneous,8.1,2.3,2115,S.A.-1 O.F.-1,,178
KA19080435,Huthur Yelchikere,Minor Irrigation Department,Kolar,Kolar,Huttur,Hutthuru,43,4.8,2.35,8.85,Homogeneous,6,2.2,425,Sloping Apron -1,23,28.52
KA19080421,Naraspura Dkere,Minor Irrigation Department,Kolar,Kolar,Narasapura,Narasapura,152,108.36,62.46,31.3,Homogeneous,8,2.5,1000,Sloping Apron -2,,98.78
KA19080462,Kurki Vengalainakere,Minor Irrigation Department,Kolar,Kolar,Narasapura,Kurki,42.8,25.9,11.5,8.81,Homogeneous,4.5,1.8,700,Sloping Apron -1,30,38.96
KA19080438,Huthur Kere,Minor Irrigation Department,Kolar,Kolar,Huttur,Hutthuru,43,22.66,7.31,8.85,Homogeneous,6,2.5,760,Sloping Apron -1,15,18.22
KA19080420,Belluru Subbayanakere,Minor Irrigation Department,Kolar,Kolar,Bellur,Belluru,41.6,12.16,12.54,8.57,Homogeneous,6,2.6,885,Sloping Apron -1,30,48.13
KA19080035, ,Minor Irrigation Department,Kolar,Kolar,Huttur,Nernahalli,53.4,36.83,10.19,11,Homogeneous,8,1.5,670,S.A.-Right         O.F.-Left,30,57.18
KA19080453,Kodikannur Kodagikere,Minor Irrigation Department,Kolar,Kolar,Arahalli,Kodikannuru,57.6,79.32,26.92,11.86,Homogeneous,6,7.1,1260,Over  Fall -1,35,53.41
KA19080465,Seesandra Kere,Minor Irrigation Department,Kolar,Kolar,Vadaguru,Seesandra,64,111.29,59.59,13.18,Homogeneous,5.8,1.5,1008,Sloping Apron -2,151,190.4
KA19080461,Dodda Vallabi Doddakere,Minor Irrigation Department,Kolar,Kolar,Chowdadenahalli,Doddavallabhi,69.2,79.32,25.61,14.25,Homogeneous,4.5,1.6,830,Sloping Apron -1,45,113.11
KA19080455,Tarehosahalli Kere,Minor Irrigation Department,Kolar,Kolar,Marjenahalli,Parehosahalli,53.2,8.48,30.84,10.95,Homogeneous,4,1.6,890,Sloping Apron -1,95,120.15
KA19080452,Arahallikere,Minor Irrigation Department,Kolar,Kolar,Arahalli,Arehalli,55.2,43.9,20.9,11.37,Homogeneous,5.5,2.2,850,Over                   Fall -1,32,94.26
KA19080424,Kembodi Kere,Minor Irrigation Department,Kolar,Kolar,Vadaguru,Kembodi,46,65.96,25.61,9.47,Homogeneous,4.6,1.6,1070,Sloping Apron -2,124,156.22
KA19080464,Sipura Kere,Minor Irrigation Department,Kolar,Kolar,Arahalli,Hogari,61.2,50.4,22.21,12.6,Homogeneous,6,1.2,720,Sloping Apron -1,40,86.72
KA19080454,Yalawara Kodagikere,Minor Irrigation Department,Kolar,Kolar,Marjenahalli,Yalawara,125.6,20.23,8.62,25.86,Homogeneous,3.8,1.5,1150,Sloping Apron -1,30,27.64
KA19080434,Gangalasanahallikere,Minor Irrigation Department,Kolar,Kolar,Ithrasanahally,Gangarasanahalli,81.2,26,38.42,16.72,Homogeneous,7,2,915,Sloping Apron -1,30,40.84
KA19080426,Singehallidokere,Minor Irrigation Department,Kolar,Kolar,Vemgal,Singahalli,93,101.17,47.56,19.15,Homogeneous,5.6,2.5,965,S.A.-1   O.F.-1,,175.1
KA19080467,Chillapalli Amanikere,Minor Irrigation Department,Kolar,Kolar,Ithrasanahally,Chillapalli,244,227.44,122.84,50.24,Homogeneous,7.6,2.5,1015,Sloping Apron -2,101,296.23
KA19080446,Maliyappanahallikere,Minor Irrigation Department,Kolar,Kolar,Kurugal,Mariyappanahalli,90.3,66.77,35.5,18.59,Homogeneous,7,1.8,900,Over                Fall -1,35,76.5
KA19080466,Honnikere,Minor Irrigation Department,Kolar,Kolar,Ithrasanahally,Nayakarahalli,54,10.4,9.93,11.12,Homogeneous,6.7,2,1000,Over Fall -1,30,73.05
KA19080445,Perjenahalli Doddakere,Minor Irrigation Department,Kolar,Kolar,Vemgal,Perjenahalli,80.6,68.39,18.03,16.6,Homogeneous,5.5,2.5,1170,Sloping Apron -2,,114.24
KA19080451,Somambudi Agraharakere,Minor Irrigation Department,Kolar,Kolar,Settihalli,Shettihalli,377,330.23,203.34,77.63,Homogeneous,9,3.5,1540,Over  Fall -1,120,271.78
KA19080450,Kamandahallikere,Minor Irrigation Department,Kolar,Kolar,Channasandra,Kamandahalli,68,78.51,38.15,14,Homogeneous,5.9,1.9,1063,Over  Fall -2,,111.06
KA19080419,Madivala Buttakere,Minor Irrigation Department,Kolar,Kolar,Kurugal,Madiwala,46.8,32.37,9.67,9.64,Homogeneous,4,1.5,700,Sloping Apron -1,26,42.22
KA19080460,Mudavadi Doddakere,Minor Irrigation Department,Kolar,Kolar,Jannagatta,Turandahalli,255,415.22,245.68,52.51,Homogeneous,7.2,13.6,1330,Sloping Apron -2,85,253.5
KA19080442,Jannaghattakere,Minor Irrigation Department,Kolar,Kolar,Jannagatta,Obenahalli,119.1,125.5,44.69,24.52,Homogeneous,4.9,2.1,1100,Sloping Apron -2,30,308.92
KA19080427,Kyalanur Amanikere,Minor Irrigation Department,Kolar,Kolar,Kyalanur,Mylasandra Amanikere,92.8,174.83,60.11,19.11,Homogeneous,5,1.1,1085,Sloping Apron -1,50,145.16
KA19080510,Jannapallikere,Minor Irrigation Department,Kolar,Kolar,Mudavadi,Thotlaganahalli,67.2,127,55.67,13.84,Homogeneous,7,2.5,1100,Over                  Fall -1,35,146.1
KA19080437,Holuru Kere,Minor Irrigation Department,Kolar,Kolar,Holur,Holuru,63,40.4,104.02,12.97,Homogeneous,6,1.8,1270,Sloping Apron -2,31,172.3
KA19080468,Hongikere,Minor Irrigation Department,Kolar,Kolar,Mudavadi,Vanarashi,45,10.83,3.65,9.27,Homogeneous,2.7,1.5,570,Sloping Apron -1,20,35.19
KA19080449,Rajakallahalli Mudikere,Minor Irrigation Department,Kolar,Kolar,Madderi,Madderi Mallandahalli,,,,, ,,,, ,,
KA19080448,Byrandahallikere,Minor Irrigation Department,Kolar,Kolar,Seethi,Sheele,222,207.2,99.32,45.71,Homogeneous,6.4,1.8,1470,Over  Fall -1,50,158.67
KA19080447,Aralikere,Minor Irrigation Department,Kolar,Kolar,Ammanallur,Ammanalluru,48.8,24.28,7.31,10.05,Homogeneous,3.8,1.8,885,Sloping Apron -1,30,59.69
KA19080418,Kayalanooru Amanikere,Minor Irrigation Department,Kolar,Kolar,Kyalanur,Kyalanuru Amanikere,,,,, ,,,, ,,
KA19080470,Beechagondahalli Hongekere,Minor Irrigation Department,Kolar,Kolar,Channasandra,Beechagondahalli,48.5,8,30.58,9.99,Homogeneous,4.9,1.5,600,Sloping Apron -1,30,56.55
KA19080509,Jaderikere,Minor Irrigation Department,Kolar,Kolar,Holur,Kondasandra,55.4,216.51,99.32,11.41,Homogeneous,4.3,2.5,900,Sloping Apron -1,30,54.42
KA19070502, ,Minor Irrigation Department,Kolar,Kolar,Madanahalli,Velagalaburre,,,,, ,,,, ,,
KA19090082,Masthi Gajapura Sagara Kere,Minor Irrigation Department,Kolar,Malur,Baliganahalli,Mirappanahalli,57.63,31.57,77.92,11.87,Homogeneous,5,3.2,517,Sloping Apron,,3789
KA19090083,Masti Krishna Raja Sagara Kere,Minor Irrigation Department,Kolar,Malur,Masti,Masthi,50.11,21.96,35.88,10.32,Homogeneous,4.5,3,580,Sloping Apron,55,10552
KA19090403,Amanikere,Minor Irrigation Department,Kolar,Malur,Shivarapatna,Shivarapatna Amanikere,112.8,123.84,107.68,23.23,Homogeneous,2.85,1.5,1050,Sloping Apron,,5818
KA19090138, ,Minor Irrigation Department,Kolar,Malur,Hungenahalli,Hongenahalli,,,,, ,,,, ,,
KA19090084,Araleri Kere,Minor Irrigation Department,Kolar,Malur,Araleri,Araleri,61.6,28.2,30.58,12.68,Homogeneous,6,1.2,950,Clear Over Fall,,1048
KA19090078,Maluru Kere,Minor Irrigation Department,Kolar,Malur,ULB-Malur-TMC,Kasaba Maluru,56.78,60.7,31.1,11.69,Homogeneous,3.2,3,1080,Sloping Apron,58.5,4668
KA19090087,Doddashivara Amanikere,Minor Irrigation Department,Kolar,Malur,Doddashivara,Doddashivara,51.29,42.09,27.44,10.56,Homogeneous,4.5,3,690,Sloping Apron,90,1445
KA19090080,Madivala Kere,Minor Irrigation Department,Kolar,Malur,Madivala,Madiwala,46.5,43.3,36.59,9.58,Homogeneous,2.6,1.1,690,Sloping Apron,40,4586
KA19090086,Lakkur Kere,Minor Irrigation Department,Kolar,Malur,Lakkur,Lakkuru,60.8,86.6,35.06,12.52,Homogeneous,4.5,7.5,1005,Sloping Apron,40,5881
KA19090085,Huledanahalli Lake,Minor Irrigation Department,Kolar,Malur,Huladenahalli,Huladhenahalli,65.63,72.04,53.84,13.51,Homogeneous,4.5,1.6,950,Sloping Apron,,4302
KA19090079,Baraguru Kere,Minor Irrigation Department,Kolar,Malur,Hulimangala Hosakote,Baraguru,76.85,106.43,40.3,15.82,Homogeneous,4.5,3.2,990,Sloping Apron,58,4767
KA19090067,Budikote Dam,Minor Irrigation Department,Kolar,Malur,Nutave,Pemmanadoddi,,,,, ,,,, ,,
KA19110162, ,Minor Irrigation Department,Kolar,Mulbagal,Mothakapalli,Maddheri,49.1,43.56,24.83,10.11,Homogeneous,4.8,7.5,1530,Sloping Apron,38.05,1480.9
KA19110186,Tayaluru Amani Kere,Minor Irrigation Department,Kolar,Mulbagal,Mothakapalli,Thayaluru Amanikere,194.4,151.36,97.75,40.03,Homogeneous,6,2.5,540,Clear Over Fall,32,1752
KA19110187,Karavareddy Halli Dodda Kere,Minor Irrigation Department,Kolar,Mulbagal,Thimmaravutanahalli,Kurubarahosahalli,92,55.06,16.98,18.94,Homogeneous,8,2.1,630,Clear Over Fall,60,3329
KA19110185,Padakaashti Dodda Kere,Minor Irrigation Department,Kolar,Mulbagal,Emmenatha,Padhakashti,59.48,31.37,22.47,12.25,Homogeneous,4.2,2.5,690,Broad Crested.,33,1831
KA19110161, ,Minor Irrigation Department,Kolar,Mulbagal,Urukunte Mittur,Vurakunte Mitturu,,,,, ,,,, ,,
KA19110182,Kannasandra Dodda Kere,Minor Irrigation Department,Kolar,Mulbagal,Emmenatha,Kannasandra,42.6,29.73,13.85,8.77,Homogeneous,2.9,2.2,600,Sloping Apron,44,4520.7
KA19110188,Devarayasamudra Lake,Minor Irrigation Department,Kolar,Mulbagal,Devarayasamudra,Devarayasamudhra,76.8,50.72,28.48,15.81,Homogeneous,3.9,3.5,810,Sloping Apron,31.3,1256.3
KA19110160, ,Minor Irrigation Department,Kolar,Mulbagal,Aavani,Avani,60.4,68.85,28.48,12.44,Homogeneous,2.95,4.5,990,Sloping Apron,36.5,3918.8
KA19110163, ,Minor Irrigation Department,Kolar,Mulbagal,Emmenatha,Melagani,,,,, ,,,, ,,
KA19110144, ,Minor Irrigation Department,Kolar,Mulbagal,Gummakallu,Shettykallu,,,,, ,,,, ,,
KA19110192,Mudiyanuru Dodda Kere,Minor Irrigation Department,Kolar,Mulbagal,Mudiyanur,Mudiyanuru,96,104.45,39.46,19.77,Homogeneous,5.8,12,1350,Sloping Apron,42.1,2684.3
KA19110238, ,Minor Irrigation Department,Kolar,Mulbagal,Mushtur,Nagavara,,,,, ,,,, ,,
KA19110191,Byrakuru Dodda Kere,Minor Irrigation Department,Kolar,Mulbagal,Byrakur,Byrakuru,64.4,71.28,26.65,13.26,Homogeneous,4.6,2.5,1050,Clear Over Fall,20,1109
KA19110178, ,Minor Irrigation Department,Kolar,Mulbagal,Mudiyanur,Gujjanahalli,64.6,99.15,56.45,13.3,Homogeneous,4.2,2.5,1350,Sloping Apron,13.5,1816.5
KA19110171, ,Minor Irrigation Department,Kolar,Mulbagal,H.Gollahalli,Sangasandra,42.4,13.43,19.6,8.73,Homogeneous,5.5,2.5,990,Sloping Apron,51.95,1053.75
KA19110181, ,Minor Irrigation Department,Kolar,Mulbagal,Nangali,Nangali,,,,, ,,,, ,,
KA19110180, ,Minor Irrigation Department,Kolar,Mulbagal,Mushtur,Mushturu,,,,, ,,,, ,,
KA19110189,Uthanuru Dodda Kere,Minor Irrigation Department,Kolar,Mulbagal,Uthanur,Utthanuru,125.6,105.26,64.81,25.86,Homogeneous,5.8,2.5,1380,Sloping Apron,34.5,4698
KA19110165, ,Minor Irrigation Department,Kolar,Mulbagal,Kappalamadagu,Annehalli,40,14.57,11.5,8.24,Homogeneous,6,2.5,1200,Sloping Apron,45,938.94
KA19110159, ,Minor Irrigation Department,Kolar,Mulbagal,Kappalamadagu,Kappalamadagu,40.05,14.57,12.28,8.25,Homogeneous,6,2.5,1200,Sloping Apron,78.5,938.94
KA19110158, ,Minor Irrigation Department,Kolar,Mulbagal,Mudigere,Mallekoppa,,,,, ,,,, ,,
KA19110183,Kothamangala Dodda Kere,Minor Irrigation Department,Kolar,Mulbagal,Hanumanahalli,Kotthamangala,59.2,47.07,20.12,12.19,Homogeneous,2.9,4.5,600,Sloping Apron,31.3,1256.3
KA19110166, ,Minor Irrigation Department,Kolar,Mulbagal,Sonnavadi,Sonnawadi,,,,, ,,,, ,,
KA19110184,Nalluru Dodda Kere,Minor Irrigation Department,Kolar,Mulbagal,Hanumanahalli,Nalluru,71.6,41.68,17.25,14.74,Homogeneous,4.5,2.5,1050,Clear Over Fall,65.35,3626
KA19110614, ,Minor Irrigation Department,Kolar,Mulbagal,Gummakallu,G.Marandahalli,51.8,54.23,11.5,10.67,Homogeneous,8,2.5,750,Broad Crested.,69,2965.24
KA19110012, ,Minor Irrigation Department,Kolar,Mulbagal,H.Gollahalli,Kondathimmanahalli,,,,, ,,,, ,,
KA19110175, ,Minor Irrigation Department,Kolar,Mulbagal,Byrakur,Kadenahalli,47.2,7.96,2.09,9.72,Homogeneous,3.15,2.5,1050,Clear Over Fall,105,5826
KA19110179, ,Minor Irrigation Department,Kolar,Mulbagal,Agara,Koladevi,40.05,57.47,16.72,8.25,Homogeneous,4,2,1050,Sloping Apron,30.7,1797.8
KA19110167, ,Minor Irrigation Department,Kolar,Mulbagal,Agara,Agara,,,,, ,,,, ,,
KA19110173, ,Minor Irrigation Department,Kolar,Mulbagal,Rajendrahalli,Hosahalli,,,,, ,,,, ,,
KA19110276, ,Minor Irrigation Department,Kolar,Mulbagal,Hebbani,Manigatta Gollahalli,43.6,32.78,9.67,8.98,Homogeneous,4.3,2,1020,Sloping Apron,30,1331.7
KA19110174, ,Minor Irrigation Department,Kolar,Mulbagal,Hebbani,H.Kodihalli,48.4,43.31,21.69,9.97,Homogeneous,4,2.5,810,Sloping Apron,25,1109.45
KA19110168, ,Minor Irrigation Department,Kolar,Mulbagal,Hebbani,Hebbani,118.8,58.51,25.35,24.46,Homogeneous,4.5,2.2,930,Clear Over Fall,25,1109.45
KA19110169, ,Minor Irrigation Department,Kolar,Mulbagal,Rajendrahalli,Rajendrahalli,,,,, ,,,, ,,
KA19110177, ,Minor Irrigation Department,Kolar,Mulbagal,Gudipalli,Gudipalli,,,,, ,,,, ,,
KA19070131,Aachampalli Kere,Minor Irrigation Department,Kolar,Srinivaspur,Kolathur,Achhampalli,,,,, ,,,, ,,
KA19070134,Gummareddypura Kere,Minor Irrigation Department,Kolar,Srinivaspur,Mastenahalli,Bisanahalli,,,,, ,,,, ,,
KA19070123, ,Minor Irrigation Department,Kolar,Srinivaspur,Dalasanur,Gummareddipura,,,,, ,,,, ,,
KA19070141,Yadaruru A Mani Kere,Minor Irrigation Department,Kolar,Srinivaspur,Lakshmisagara,Yadharuru,191.2,376.8,53.01,39.37,Homogeneous,1.2,1.9,1480,Sloping Apron,35,2431.79
KA19070122,Lakshmisagara Kere,Minor Irrigation Department,Kolar,Srinivaspur,Lakshmisagara,Lakshmisagara,88.4,115.74,14.61,18.2,Homogeneous,0.5,7,920,Sloping Apron,50,1692.22
KA19070138,Kolturu  Kere,Minor Irrigation Department,Kolar,Srinivaspur,Kolathur,Kolaturu,84.5,161.47,15.71,17.4,Homogeneous,0.8,3.6,1185,Ogee Weir.,30,2256.3
KA19070116,Yelduru  Kere,Minor Irrigation Department,Kolar,Srinivaspur,Yaldur,Yaldhuru,65.2,57.87,7.03,13.43,Homogeneous,0.7,1.2,1257,Sloping Apron,25,1002.8
KA19070001, ,Minor Irrigation Department,Kolar,Srinivaspur,Mastenahalli,Ternahalli,,,,, ,,,, ,,
KA19070136,Nambihalli Chikkakere,Minor Irrigation Department,Kolar,Srinivaspur,Nambihalli,Nambipalli,80,328,14.75,16.47,Homogeneous,0.7,4,1320,Sloping Apron,30,1403.92
KA19070114,Neelturu Kere,Minor Irrigation Department,Kolar,Srinivaspur,Yaldur,Neelaturu,91.6,121.8,8.26,18.86,Homogeneous,0.7,3.2,701,Ogee Weir.,30,1328.71
KA19070137,Nambihalli Chikkakere,Minor Irrigation Department,Kolar,Srinivaspur,Chaldiganahalli,Mugilahalli,51,133.14,8.53,10.5,Homogeneous,0.5,6,836,Sloping Apron,30,1784.98
KA19070125,Muthakapalli Kere,Minor Irrigation Department,Kolar,Srinivaspur,Muthakapalli,Mutthakapalli,70.8,134.76,15.02,14.58,Homogeneous,0.7,2.2,926,Sloping Apron,30,689.43
KA19070142,Halekere,Minor Irrigation Department,Kolar,Srinivaspur,Nambihalli,Hosakote,,,,, ,,,, ,,
KA19070449, ,Minor Irrigation Department,Kolar,Srinivaspur,Yaldur,Hogalagere,,,,, ,,,, ,,
KA19070117,Srinivaspura Amanikere,Minor Irrigation Department,Kolar,Srinivaspur,ULB-Srinivapura-TMC,Srinivasapura,163.6,346.82,45.29,33.69,Homogeneous,1.6,2.6,994,Sloping Apron,30,1153.22
KA19070386, ,Minor Irrigation Department,Kolar,Srinivaspur,Somayajalapalli,Nernepalli,,,,, ,,,, ,,
KA19070375, ,Minor Irrigation Department,Kolar,Srinivaspur,Hodali,Chokkanapalli,,,,, ,,,, ,,
KA19070121,Tharn Halli Cholansyakanakere,Minor Irrigation Department,Kolar,Srinivaspur,J.Thimmasandra,Kalluru,,,,, ,,,, ,,
KA19070124,Hodeli Kere,Minor Irrigation Department,Kolar,Srinivaspur,Hodali,Devalapalli,70,70,6.01,14.41,Homogeneous,0.6,4.3,1073.5,Sloping Apron,30,1366.32
KA19070193, ,Minor Irrigation Department,Kolar,Srinivaspur,Somayajalapalli,J.I. Raghunathapura,40.4,12.95,2.19,8.32,Homogeneous,0.4,1.1,920,Sloping Apron,20,350.98
KA19070135,R Thimmasandra Kere,Minor Irrigation Department,Kolar,Srinivaspur,Hodali,Thimmasandra,,,,, ,,,, ,,
KA19070118,Eemarakuntekere,Minor Irrigation Department,Kolar,Srinivaspur,Hodali,Dasarathimmanahalli,45.2,57.14,6.01,9.31,Homogeneous,0.4,2.2,630,Sloping Apron,25,376.05
KA19070383,Korna Halli Davara Kere,Minor Irrigation Department,Kolar,Srinivaspur,Somayajalapalli,Kornapalli,78,84.98,7.42,16.06,Homogeneous,0.4,3.1,1029,Sloping Apron,30,822.3
KA19070115,Ronuru Kere,Minor Irrigation Department,Kolar,Srinivaspur,Ronur,Ronuru,118.8,121.8,29.51,24.46,Homogeneous,0.7,4.5,982,Sloping Apron,30,706.97
KA19070139,Thadigol Kere,Minor Irrigation Department,Kolar,Srinivaspur,Thadigol,Thadigola,50.4,59.89,6.96,10.38,Homogeneous,0.8,2.3,400,Sloping Apron,25,701.96
KA19070120,Eeldoni Kere,Minor Irrigation Department,Kolar,Srinivaspur,Pulagurukota,Yiladhoni,53.2,30.38,11.47,10.95,Homogeneous,1.4,2.2,976,Sloping Apron,25,1511.72
KA19070274, ,Minor Irrigation Department,Kolar,Srinivaspur,Lakshmipur,Pathakote,63.6,71.69,9.49,13.1,Homogeneous,2.6,2.5,729,Sloping Apron,40,1178.29
KA19070130,Kumar Oblanayakana Kere,Minor Irrigation Department,Kolar,Srinivaspur,Lakshmipur,Lakshmipura,,,,, ,,,, ,,
KA19070128,Burrakaylakote Narappnayakana Kere,Minor Irrigation Department,Kolar,Srinivaspur,Nelavanki,Gundhedu,,,,, ,,,, ,,
KA19070119,Murumpalli Kichammana Kunte,Minor Irrigation Department,Kolar,Srinivaspur,Kodipalli,Kodihalli,,,,, ,,,, ,,
KA19070181, ,Minor Irrigation Department,Kolar,Srinivaspur,Addagal,Addagallu,71.6,46.14,13.18,14.74,Homogeneous,5,7.2,525,Sloping Apron,50,1729.83
KA19070281, ,Minor Irrigation Department,Kolar,Srinivaspur,Gownipalli,Kotekalluru,102,29.61,5.38,21,Homogeneous,1.3,2.7,398,Sloping Apron,40,3108.68
KA19070419, ,Minor Irrigation Department,Kolar,Srinivaspur,Yarramvaripalli,Yaramareddivarapalli,,,,, ,,,, ,,
KA19070458, ,Minor Irrigation Department,Kolar,Srinivaspur,Koorigepalli,Pedduru,,,,, ,,,, ,,
KA19070140,Kuriga Tallido Kere,Minor Irrigation Department,Kolar,Srinivaspur,Koorigepalli,Koorigepalli,100.4,50.58,65.34,20.67,Homogeneous,6.3,3.2,541,Sloping Apron,40,2281.37
KA07030003, ,Minor Irrigation Department,Koppal,Gangawati,Chikkabenakal,Chikkabenakalla,200,24.3,4.53,4.53,g…h∆√£¿ØÔ,7.44,2.5,340,FOF,,2287
KA07070004,Ramdurga,Minor Irrigation Department,Koppal,Kanakgeri,Musalapur,Ramdurg,45,26.53,11.1,11.1,g…h∆√£¿ØÔ,6.9,1.8,980,FOF,,1214
KA07070010,Vithalapur,Minor Irrigation Department,Koppal,Kanakgeri,Chikkamadinal,Hiremadhinala,140,27.25,14.22,14.22,g…h∆√£¿ØÔ,7.35,2.5,830,FOF,,2800
KA07070003,Rampur,Minor Irrigation Department,Koppal,Kanakgeri,Musalapur,Rampura,111,20.74,16.44,16.44,g…h∆√£¿ØÔ,9.65,1.83,745,FOF,,2497
KA07070008,Laxmidevi,Minor Irrigation Department,Koppal,Kanakgeri,ULB-Kanakagiri-TP,Kanakagiri,576,98.34,87.22,79.81,g…h∆√£¿ØÔ,11.1,2.64,792,FOF,,9030
KA07070002,Ingaldal,Minor Irrigation Department,Koppal,Kanakgeri,Musalapur,Ingaladhala,212,61.9,40.78,37.32,g…h∆√£¿ØÔ,7.42,2.5,1170,FOF,,4860
KA07070009,Katapur,Minor Irrigation Department,Koppal,Kanakgeri,Hirekhed,Gowrihanchinala,971,67.17,55.09,51.13,g…h∆√£¿ØÔ,9.46,1.83,244,FOF,,7967
KA07070005,Basarihal,Minor Irrigation Department,Koppal,Kanakgeri,Basarihal,Basarihal,162,23.83,20.45,20.45,g…h∆√£¿ØÔ,8.7,1.8,860,FOF,,4960
KA07070001,Devalapur,Minor Irrigation Department,Koppal,Kanakgeri,Gouripura,Chikka Vadda,328,86.71,89.31,72.14,g…h∆√£¿ØÔ,11.43,2.44,900,FOF,,4169
KA07070018,Akalakumpi,Minor Irrigation Department,Koppal,Kanakgeri,Karadona,Akalakumpi,,,,, ,,,, ,,
KA07070006,Layadhunsi,Minor Irrigation Department,Koppal,Kanakgeri,Hulihyder,Layadhahunasi,162,31.48,15,15,g…h∆√£¿ØÔ,10.34,1.58,789,FOF,,1329
KA07070007,Karadona,Minor Irrigation Department,Koppal,Kanakgeri,Karadona,Karadona,329,98.07,61.16,54.7,g…h∆√£¿ØÔ,8.16,1.83,1473,FOF,,3248
KA07040014, ,Minor Irrigation Department,Koppal,Koppal,Hatti,Gattareddyhala,66,10.91,8.99,8.14,g…h∆√£¿ØÔ,6.02,2.5,510,FOF,,1280
KA07040045,Hirekasanakandi,Minor Irrigation Department,Koppal,Koppal,Hirebaganal,Chikkakasanakandi,49,13.75,6.34,6.34,g…h∆√£¿ØÔ,9.19,2.5,188,FOF,,774
KA07040039,Ginigera,Minor Irrigation Department,Koppal,Koppal,Ginigera,Ginagera,84,36.42,8.34,8.34,g…h∆√£¿ØÔ,5.4,1.8,1140,FOF,,5315
KA07040036,Kerihalli,Minor Irrigation Department,Koppal,Koppal,Guladalli,Kerihalli,103,33.89,48.76,25.44,g…h∆√£¿ØÔ,4.3,1.8,1140,FOF,,2450
KA07040035,Kaltavaragera,Minor Irrigation Department,Koppal,Koppal,Kaltavargera,Tavarageri,101,14.57,5.43,5.27,g…h∆√£¿ØÔ,6.9,1.8,780,FOF,,3190
KA07040040,Kamanur,Minor Irrigation Department,Koppal,Koppal,Lebageri,Kamanura,50,12,6.76,6.76,g…h∆√£¿ØÔ,6.85,2.5,579,Ogee,,1378
KA07040037,Abbigera,Minor Irrigation Department,Koppal,Koppal,Kaltavargera,Abbigeri,235,49.86,36.02,32.2,g…h∆√£¿ØÔ,9.07,1.83,765,FOF,,2562
KA07040004,Indaragi,Minor Irrigation Department,Koppal,Koppal,Indargi,Indragi,170,32.4,26.76,25.27,g…h∆√£¿ØÔ,9.37,2.5,824,Ogee,,1849
KA07040044,Budshetnal,Minor Irrigation Department,Koppal,Koppal,Kalakera,Budashettynala,852,141.23,135.96,116.99,g…h∆√£¿ØÔ,8.91,1.83,1676,FOF,,9000
KA07040038,Hosur,Minor Irrigation Department,Koppal,Koppal,Hasagal,Hosura,73,21,9.93,9.93,g…h∆√£¿ØÔ,7.1,2.5,605,FOF,,1126
KA07060003,Benakal,Minor Irrigation Department,Koppal,Kuknur,Benakal,Banakalla,123,43.63,17.01,15.3,g…h∆√£¿ØÔ,7.32,1.83,850,FOF,,2486
KA07060004,Watparvi,Minor Irrigation Department,Koppal,Kuknur,Nelzeri,Vataparivi,148,31.92,17.64,15.88,g…h∆√£¿ØÔ,8.23,1.83,1052,FOF,,1470
KA07020020,Tura,Minor Irrigation Department,Koppal,Kushtagi,Sanganal,Pura,1335,189,144.29,144.29,g…h∆√£¿ØÔ,11.75,2.5,2040,Flank,,31804
KA07020027,Upper Hirenala Tank,Minor Irrigation Department,Koppal,Kushtagi,Hiremannapur,Neeralooti,1850,137,230.88,230.88,g…h∆√£¿ØÔ,18.21,4,1928,Ogee,,23206
KA07020023,Menedal,Minor Irrigation Department,Koppal,Kushtagi,Menedal,Manedhal,62,13.41,8.92,8.92,g…h∆√£¿ØÔ,8.55,1.8,450,FOF,,976
KA07020018,Nidasheshi,Minor Irrigation Department,Koppal,Kushtagi,Talavagera,Nidashesi,860,154,82.99,82.99,g…h∆√£¿ØÔ,9.12,2.5,1530,Ogee,,14903
KA07020026,Hirenandihal,Minor Irrigation Department,Koppal,Kushtagi,Hirenandihal,Hirenandhihala,83,13,11.38,11.15,g…h∆√£¿ØÔ,7.5,1.8,702,FOF,,900
KA07020038,Tavargera,Minor Irrigation Department,Koppal,Kushtagi,ULB-Tavaragera-TP,Thavaregera,48,21.04,12.02,4.55,g…h∆√£¿ØÔ,6.9,1.8,480,FOF,,2715
KA07020019,Beelagi,Minor Irrigation Department,Koppal,Kushtagi,Kabbaragi,Bilagi,45,15,3.83,3.83,g…h∆√£¿ØÔ,5,1.8,540,FOF,,2430
KA07020036,Kabbaragi,Minor Irrigation Department,Koppal,Kushtagi,Kabbaragi,Kabbaragi,47,10,9.07,9.07,g…h∆√£¿ØÔ,10.3,1.8,218,FOF,,2182
KA02070003,Rangasamudra MI Reservoir,Minor Irrigation Department,Koppal,Kushtagi,Nilogal,Achanura,,,,, ,,,, ,,
KA07020039,Jahagirgududur,Minor Irrigation Department,Koppal,Kushtagi,Jagirgudadur,Jageera Gudadhura,97,10,5,5,g…h∆√£¿ØÔ,8.7,1.8,698,FOF,,5124
KA07020014,Hanumasagar,Minor Irrigation Department,Koppal,Kushtagi,Hanumasagar,Hanumasagara,294,68.7,68.51,58.26,g…h∆√£¿ØÔ,9.78,2.44,1230,FOF,,4233
KA07020017,Miyapur,Minor Irrigation Department,Koppal,Kushtagi,Adavibhavi,Miyapura,109,45,15.42,15.42,g…h∆√£¿ØÔ,7.5,1.8,890,FOF,,2975
KA07020016,Menasagera,Minor Irrigation Department,Koppal,Kushtagi,Kyadiguppa,Menasageri,65,21.11,8.21,8.21,g…h∆√£¿ØÔ,8.26,1.83,270,FOF,,1032
KA07020029,Hanumagera,Minor Irrigation Department,Koppal,Kushtagi,Adavibhavi,Miyapura,61,17,6.63,6.63,g…h∆√£¿ØÔ,4.5,1.8,630,FOF,,889
KA07020037,Mulgundi,Minor Irrigation Department,Koppal,Kushtagi,Jumlapur,Muddhalagundhi,61,16.38,9.18,4.5,g…h∆√£¿ØÔ,7.5,2,900,FOF,,1432
KA07020021,Vithalapur,Minor Irrigation Department,Koppal,Kushtagi,ULB-Tavaragera-TP,Vitalapura,47,24.6,18.68,18.68,g…h∆√£¿ØÔ,9.83,2.44,780,FOF,,1648
KA07020030,Kalalbandi,Minor Irrigation Department,Koppal,Kushtagi,Chalagera,Chaligeri,73,20,4.55,4.55,g…h∆√£¿ØÔ,6,1.8,550,FOF,,3217
KA07020022,Narinal,Minor Irrigation Department,Koppal,Kushtagi,Killarahatti,Narinala,85,24.2,21.93,21.73,g…h∆√£¿ØÔ,10.58,2.5,339,Ogee,,2610
KA07020025,Jumalapur,Minor Irrigation Department,Koppal,Kushtagi,Jumlapur,Jumalapura,87,21.04,12.02,12.02,g…h∆√£¿ØÔ,12.02,2.5,510,FOF,,1230
KA07020013,Badamnal,Minor Irrigation Department,Koppal,Kushtagi,Tumarikoppa,Badhaminala,100,18.2,13.52,13.52,g…h∆√£¿ØÔ,7.5,1.8,900,FOF,,1036
KA07020015,Hosalli,Minor Irrigation Department,Koppal,Kushtagi,Chalagera,Chaligeri,97,60,24.31,24.31,g…h∆√£¿ØÔ,7.5,1.8,810,FOF,,4505
KA07010002,Malaksamudra,Minor Irrigation Department,Koppal,Yelbarga,Chikkamyageri,Malakasamudra,680,107.24,103.72,93.23,g…h∆√£¿ØÔ,9.9,2.44,1596,FOF,,6350
KA07010006,Murdi,Minor Irrigation Department,Koppal,Yelbarga,Muradi,Muradi,203,41.8,32.13,28.32,g…h∆√£¿ØÔ,9.15,1.83,1200,FOF,,2144
KA07010003,Nilogal,Minor Irrigation Department,Koppal,Yelbarga,Muradi,Tharalakatti,144,34,17.8,17.8,g…h∆√£¿ØÔ,7.23,2,870,FOF,,1709
KA07010001,Tallur,Minor Irrigation Department,Koppal,Yelbarga,Vajrabandi,Vajrabandi,191,36.36,23,23,g…h∆√£¿ØÔ,10.5,1.83,671,FOF,,2100
KA07010004,Kalbhavi,Minor Irrigation Department,Koppal,Yelbarga,Hirevankalakunta,Chikkavankalakunti,73,39.95,24.27,16.58,g…h∆√£¿ØÔ,4.5,1.83,562,FOF,,3195
KA07010005,Ballutagi,Minor Irrigation Department,Koppal,Yelbarga,Bandi,Basapura,109,31.72,13.46,13.46,g…h∆√£¿ØÔ,10.3,1.83,800,FOF,,1300
KA22010151,Vasanthapura  Dasana Kere,Minor Irrigation Department,Mandya,Krishnarajpet,Haralahally,Madhigara Hosahalli,81,52,6.27,25.02,Homogeneous,7,1.5,510,Sloping apron weir,16,10.38
KA22010157,Aghalayado,Minor Irrigation Department,Mandya,Krishnarajpet,Aghalaya,Agale,260,72.04,39.19,80.31,Homogeneous,15.86,7,1026,Escape weir,78,53.58
KA22010152,Marogonahalli,Minor Irrigation Department,Mandya,Krishnarajpet,Dabbegatta,Maragonahalli,45,34.4,50.09,13.9,Homogeneous,5.5,1.8,780,Sloping apron weir,35,16.42
KA22010158,Rajagatta,Minor Irrigation Department,Mandya,Krishnarajpet,Tendekere,Chattangere,50,9.2,10.5,15.44,Homogeneous,5.4,1.75,400,Sloping apron weir,29,12.41
KA22010153,Kottagalli,Minor Irrigation Department,Mandya,Krishnarajpet,Sarangi,Kotagenahalli,59,4.87,6.08,18.22,Homogeneous,11.76,2.5,325,Ogee weir,8,8.72
KA22010154,Rayasamudra Tore Halla,Minor Irrigation Department,Mandya,Krishnarajpet,Haralahally,Chamalapura,564,38,58.27,174.21,Homogeneous,15.86,2.4,645,Flush escape,40.6,40.6
KA22010170,Rayasamudra Jenugallu Kere,Minor Irrigation Department,Mandya,Krishnarajpet,Sindagatta,Sindhaghatta,,,,, ,,,, ,,
KA22010156,Sarangi,Minor Irrigation Department,Mandya,Krishnarajpet,Sarangi,Sarangi,41,8.44,14.7,12.66,Homogeneous,6.8,3,1170,Escape weir,27,4.95
KA22060120,Chakanakere,Minor Irrigation Department,Mandya,Maddur,Mallanakuppe,Dundanahalli,,,,, ,,,, ,,
KA22060119,Machahalli,Minor Irrigation Department,Mandya,Maddur,Atagur,Machahalli,53.5,40.48,18.84,16.52,Homogeneous,3.8,1.5,1080,Ogee weir,,67.44
KA22060020,Dundanahalli Kere,Minor Irrigation Department,Mandya,Maddur,Mallanakuppe,Dundanahalli,40.5,16,28.09,12.51,Homogeneous,3.8,1.7,480,Brad Crested Weir,45,36.42
KA22060118,Kesthuru,Minor Irrigation Department,Mandya,Maddur,Kesthur,Kesthuru,174.5,9,18.62,53.9,Homogeneous,4.2,1.5,1680,Brad Crested Weir,,49.26
KA22060102,Honnalagere Banojipantanakere,Minor Irrigation Department,Mandya,Maddur,K.Honnalagere,K.Honnalagere,,,,, ,,,, ,,
KA22060116,Madanayakanahalli,Minor Irrigation Department,Mandya,Maddur,Nidaghatta,Madanayakanahalli,40.5,26.4,7.05,12.51,Homogeneous,4,2,840,Brad Crested Weir,30,19.47
KA22060123,Koolagere Kere,Minor Irrigation Department,Mandya,Maddur,Koolagere,Kolagere,48,44.8,13.28,14.83,Homogeneous,2,1.5,1560,Brad Crested Weir,60,28.27
KA22060115,Maradevanahalli,Minor Irrigation Department,Mandya,Maddur,Kadaloor,Maradevanahalli,40.5,8.9,5.5,12.51,Homogeneous,5.4,1.8,510,Brad Crested Weir,20,12.03
KA22060022, ,Minor Irrigation Department,Mandya,Maddur,Atagur,Athaguru,124,75.7,37.17,38.3,Homogeneous,3.9,1.8,1200,Brad Crested Weir,60,51.61
KA22070008,Kaggala,Minor Irrigation Department,Mandya,Malavalli,Kyathanahalli,Kaggala,47,92,19.66,14.52,Homogeneous,8,1.8,275,Clear fall broad crested Weir,30,9
KA22070067,Handikere,Minor Irrigation Department,Mandya,Malavalli,B.G.Pura,Dhyavapatna,,,,, ,,,, ,,
KA22070012,Kadabahalli,Minor Irrigation Department,Mandya,Malavalli,Saraguru,Kadhabahalli,57,38,4.49,17.61,Homogeneous,6,1.8,450,Brad Crested Weir,30,13.21
KA22070010,Byadarahalli,Minor Irrigation Department,Mandya,Malavalli,Byadarahalli,Byadarahalli,98,25.6,15.6,30.27,Homogeneous,8,1.8,810,Brad Crested Weir,30.3,12.47
KA22070014,Nandipura,Minor Irrigation Department,Mandya,Malavalli,H.Basavapura,Nandhipura,62,38,53.33,19.15,Homogeneous,8,1.44,1010,Sloping apron weir,39.3,33.98
KA22070011,Nitturu,Minor Irrigation Department,Mandya,Malavalli,Nitturu,Nittur,119,113.54,40.25,36.76,Homogeneous,8,4,1100,Brad Crested Weir,,26.53
KA22020196,Raghuramapura Kere,Minor Irrigation Department,Mandya,Nagamangala,Chinya,Karadya,60.14,17.29,18.8,18.58,Homogeneous,6,1.8,660,Clear fall broad crested Weir,41.7,16.03
KA22020200,Katagahalli,Minor Irrigation Department,Mandya,Nagamangala,Honnavara,Katagonahalli,41.68,6.95,6.27,12.87,Homogeneous,8.31,1.8,396,Flush escape,26.5,18.95
KA22020208,Tadavalapattana Gudikalhalla,Minor Irrigation Department,Mandya,Nagamangala,Mayigonahalli,Padavalapatna,58,15.96,7.16,17.91, ,13.35,2.5,600,Chute Spill way,9.9,17.48
KA22020206,Begamangala,Minor Irrigation Department,Mandya,Nagamangala,Anchechittanhalli,Byranahalli,40.4,16.35,34.87,12.48,Homogeneous,5.5,1.8,690,Sloping apron weir,63,38.18
KA22020209,Bidarakere Hirekere,Minor Irrigation Department,Mandya,Nagamangala,Lalanakere,Bidarakere,58.09,26.33,20.28,17.94,Homogeneous,2.79,1.83,990,Sloping apron weir,46.3,51.32
KA22020214,Kelagere,Minor Irrigation Department,Mandya,Nagamangala,Anchechittanhalli,Kelagere Kaval,48.56,48.11,18.7,15,Homogeneous,6.5,1.8,390,Sloping apron weir,79.1,49.95
KA22020189,Anechannapura Kere,Minor Irrigation Department,Mandya,Nagamangala,Bindiganvele,Kurudikere,79.06,23.93,10.22,24.42,Homogeneous,5.1,1.8,202,Clear fall broad crested Weir,100,46.5
KA22020215,Jataka,Minor Irrigation Department,Mandya,Nagamangala,Nalligere,Doddajatka,,,,, ,,,, ,,
KA22020217,Haralahalli,Minor Irrigation Department,Mandya,Nagamangala,Gondenahalli,Haralahalli,48.56,5,2.79,15,Homogeneous,8.01,0.04,550,Flush escape,14.5,18.42
KA22020201,Kalinganahalli,Minor Irrigation Department,Mandya,Nagamangala,Kalinganahalli,Kalinganahalli,45.3,6.38,3.18,13.99,Homogeneous,4.87,1.75,816,Fush type wear,15.2,5.1
KA22020035, ,Minor Irrigation Department,Mandya,Nagamangala,Devalapura,H.N.Kaval,40,5.87,7.11,12.36, ,8.65,2.5,330,Ogee weir,10,9.18
KA22020202,Tadavalapattana Uramundinakere,Minor Irrigation Department,Mandya,Nagamangala,Mayigonahalli,Padavalapatna,68.08,3.8,2.2,21.03,Homogeneous,6,1.8,285,Clear fall broad crested Weir,16.15,22.51
KA22020187,Manchapattana Huchhakere,Minor Irrigation Department,Mandya,Nagamangala,Bogadhi,Bogadhi,102.77,20.52,33.76,31.74,Homogeneous,6,1.2,720,Sloping apron weir,80.5,66.57
KA22020213,Honnavara Hirekere,Minor Irrigation Department,Mandya,Nagamangala,Honnavara,Honnavara,103.2,54.4,38.4,31.88,Homogeneous,7.5,1.83,1000,Clear fall broad crested Weir,67,50.25
KA22020210,Honnavara Hulikere,Minor Irrigation Department,Mandya,Nagamangala,Honnavara,Honnavara,58.09,8.23,4.9,17.94,Homogeneous,6,1.23,720,Sloping apron weir,24.5,20.98
KA22020212,Ramachandra Agrahara,Minor Irrigation Department,Mandya,Nagamangala,Doddabala,Ramachandra Agrahara,56.55,42.65,19.92,17.47,Homogeneous,457,1.83,920,Clear fall broad crested Weir,,78.31
KA22020211,Bindiganavile Kudagi,Minor Irrigation Department,Mandya,Nagamangala,Bindiganvele,Bindiganavile,235,93.24,75.2,72.59,Homogeneous,7.7,1.83,1500,Sloping apron weir,,69
KA22020216,S.M.Muthsandra,Minor Irrigation Department,Mandya,Nagamangala,Haradanahalli,Mutthasandra Kaval,76.88,23.06,6.41,23.75,Homogeneous,4.57,1.2,725,Over fall Weir,35.4,41.69
KA22020207,Anchechittanahalli,Minor Irrigation Department,Mandya,Nagamangala,Anchechittanhalli,Anche Chittanahalli,48.58,48.11,18.7,15.01,Homogeneous,6.5,1.8,390,Sloping apron weir,50.6,40.95
KA22020195,Jodi Alpalli Kere,Minor Irrigation Department,Mandya,Nagamangala,Honakere,Kommanahalli,78,12.51,98.61,24.09,Homogeneous,4.2,1.8,750,Clear fall broad crested Weir,50.3,44.94
KA22030072,Mosarahalla Baby,Minor Irrigation Department,Mandya,Pandavapura,Honaganahalli,Baby,95,19.87,10.59,29.34,Homogeneous,12.35,2.5,372,Ogee weir,41,30.75
KA22030073,Byadarahalli,Minor Irrigation Department,Mandya,Pandavapura,Dodabyadarahalli,Doddabyadarahalli,49,12,6.25,15.13,Homogeneous,6.5,1.8,280,Sloping apron weir,20,12.41
KA22030074,Huligere,Minor Irrigation Department,Mandya,Pandavapura,Narayanapura,Hulagere,69,6,28.4,21.31,Homogeneous,5.8,3,540,Sloping apron weir,20,28.7
KA26050003,Holehundikere,Minor Irrigation Department,Mysuru,H D Kote,Madapura,Holehundi,200,13.85,1.56,61.78,Homogeneous,8,3.5,200,Flush escape,10.65,14.31
KA26050002,Hanumantharayanakatte,Minor Irrigation Department,Mysuru,H D Kote,Madapura,Holehundi,46,8,4,14.21,Homogeneous,8,3,200,Flush escape,5.3,3.98
KA26050005,Chottanahallikere,Minor Irrigation Department,Mysuru,H D Kote,Madapura,Chootnahalli,120,21.68,25.48,37.07,Homogeneous,2.25,6.4,420,Sloping apron weir,24,11.16
KA26050004,Tarvathanakatte,Minor Irrigation Department,Mysuru,H D Kote,Madapura,Iruvidhi,,,,, ,,,, ,,
KA26050006,Chikkakereyuru,Minor Irrigation Department,Mysuru,H D Kote,Chikkereyooru,Chikka Keruru,115,8.52,2.91,35.52,Homogeneous,2.4,6,295,Sloping apron weir,24,7.28
KA26050012,Volgerekere,Minor Irrigation Department,Mysuru,H D Kote,Chikkereyooru,Chikka Keruru,,,,, ,,,, ,,
KA26050001,Karigalakere,Minor Irrigation Department,Mysuru,H D Kote,Chikkereyooru,Kodichamanahalli,800,26.13,67.23,247.1,Homogeneous,4,5,810,Sloping apron weir,50,23.23
KA26050073,Padukote Kere,Minor Irrigation Department,Mysuru,H D Kote,Padukote Kaval,Paduvakote Kaval,300,2.6,19.62,92.66,Homogeneous,2.25,4,450,Sloping apron weir,28,19.81
KA26050009,Mushkere,Minor Irrigation Department,Mysuru,H D Kote,Padukote Kaval,Paduvakote Kaval,,,,, ,,,, ,,
KA26050010,Rajegowdanahundi,Minor Irrigation Department,Mysuru,H D Kote,Bheemanahalli,Rajegowdanahundi,140,18.2,18.2,43.24,Homogeneous,2.5,4,450,Sloping apron weir,20,11.66
KA26050007,Bheemanahallikere,Minor Irrigation Department,Mysuru,H D Kote,Bheemanahalli,Bheemanahalli,162,27.86,27.32,50.04,Homogeneous,4,4.03,435,Ogee weir,118,54.82
KA26020013,Kachavanahalli Tank,Minor Irrigation Department,Mysuru,Hunsur,Kademanuganahalli,Kallabuchanahalli,222,8,35.45,68.57,Homogeneous,4,15,106.7,Sloping apron weir,95,44.17
KA26020137,Kademanaganahalli Kere,Minor Irrigation Department,Mysuru,Hunsur,Kademanuganahalli,Kademanuganahalli,,,,, ,,,, ,,
KA26020239,Mudaganurukere,Minor Irrigation Department,Mysuru,Hunsur,Doddahejjuru,Chikkahejjuru,120,4.5,30.09,37.07,Homogeneous,1.8,10.8,422,Sloping apron,21,3
KA26050189, ,Minor Irrigation Department,Mysuru,Hunsur,Gurupur,Varanchi,,,,, ,,,, ,,
KA26020235,Halebeedukere,Minor Irrigation Department,Mysuru,Hunsur,Halebeedu,Halebeedu,40.5,10,18,12.51,Homogeneous,3,8,650,Sloping apron weir,45.5,7.8
KA26020237,Hemmigekere,Minor Irrigation Department,Mysuru,Hunsur,Karnakuppe,Hemmige,117.4,30,5.86,36.26,Homogeneous,6,6,325,Flush escape,29,8
KA26020236,Bilikere,Minor Irrigation Department,Mysuru,Hunsur,Bilikere,Bilikere Kavalu,,,,, ,,,, ,,
KA26020167,Bilikere Tattaladammanakere,Minor Irrigation Department,Mysuru,Hunsur,Bilikere,Bilikere,40.5,36.8,21,12.51,Homogeneous,6,10.1,850,Flush escape,52,12
KA26040131,Bogadi Mariyappana,Minor Irrigation Department,Mysuru,Mysuru,Bogadi,Bogadhi,64,5,1.55,19.77,Homogeneous,2,3.5,450,Sloping apron weir,28,31.18
KA26040132,Lingambudi,Minor Irrigation Department,Mysuru,Mysuru,ULB-Mysuru-CC,Dattagalli,76.47,52.4,8.4,23.62,Homogeneous,6,8,700,Sloping apron weir,24,17.87
KA26040090,Valagere,Minor Irrigation Department,Mysuru,Mysuru,Gungralchathra,Rattanahalli,,,,, ,,,, ,,
KA26040130,Nodehalla,Minor Irrigation Department,Mysuru,Mysuru,Ananduru,Kalluru Naganahalli Kaval,46,9,5.04,14.21,Homogeneous,2,4.8,1220,Flush escape,30,36.36
KA26040129,Jayapura Harohalli Kere,Minor Irrigation Department,Mysuru,Mysuru,Harohalli(J),Harohalli,54,19.87,17.11,16.68,Homogeneous,3,8,967,Vertical drop weir,80,32.48
KA26040136,Muganahundi,Minor Irrigation Department,Mysuru,Mysuru,Beerihundi,Ballahalli,,,,, ,,,, ,,
KA26040133,Mavinahalli,Minor Irrigation Department,Mysuru,Mysuru,Jayapura,Mavinahalli,40,6,5.4,12.36,Homogeneous,3,9.6,185,Ogee weir,165,17.48
KA26060077,Kg Halla Hosakere,Minor Irrigation Department,Mysuru,Nanjangud,Hediyala,Hediyala,,,,, ,,,, ,,
KA26060074,Channapattnakere,Minor Irrigation Department,Mysuru,Nanjangud,Hadya,Hadya,48.56,12,4.94,15,Homogeneous,2,7.5,320,Flush escape,35,58.77
KA26060079,Halepurakere,Minor Irrigation Department,Mysuru,Nanjangud,Nerale,Halepura,300.03,128.09,61.6,92.67,Homogeneous,4,6,1260,Clear overfall weir,78,51
KA26060078,Siyyana Hundi Hosakere,Minor Irrigation Department,Mysuru,Nanjangud,Kasuvinahalli,Kasuvinahalli,,,,, ,,,, ,,
KA26060076,Thagaduru Kommagere,Minor Irrigation Department,Mysuru,Nanjangud,Thagaduru,Thagaduru,41.68,64.75,23,12.87,Homogeneous,2.5,9,600,Clear overfall weir,40,35.55
KA26010005,Kamplapura Kere,Minor Irrigation Department,Mysuru,Piriyapatna,Kamplapura,Kamplapura,48.5,25,25,14.98,Homogeneous,3,8,1100,Flush escape,35.55,16.27
KA26010004,Chikkakere Kere,Minor Irrigation Department,Mysuru,Piriyapatna,ULB-Periyapatna-TMC,Piriyapatna,,,,, ,,,, ,,
KA26010060,Dodda Kere,Minor Irrigation Department,Mysuru,Piriyapatna,Muthuru,Mutthuru,,,,, ,,,, ,,
KA26010011,Mellahalli Arisinakere,Minor Irrigation Department,Mysuru,Piriyapatna,Kirnalli,Mallahalli,60.7,15,15,18.75,Homogeneous,3,6,450,Flush escape,45,23.92
KA26010002,R Hosahalli Mogekere,Minor Irrigation Department,Mysuru,Piriyapatna,Makodu,R.Hosahalli,40,2.5,2,12.36,Homogeneous,2.5,4,350,Flush escape,7.5,4.99
KA26010008,Ingalakere,Minor Irrigation Department,Mysuru,Piriyapatna,Bylukuppe,Handhiguddada Kaval,244,55.6,40.08,75.37,Homogeneous,2.5,15,700,Labryanth weir,84.18,39.14
KA26010007,Maakodu Kere,Minor Irrigation Department,Mysuru,Piriyapatna,Makodu,Makodu,40.15,8,12,12.4,Homogeneous,3,8,1100,Flush escape,51.3,23.85
KA26010247,Hitnehebbagilu Kere,Minor Irrigation Department,Mysuru,Piriyapatna,Hitnehebbagilu,Hitnahebbagilu,40,15,15,12.36,Homogeneous,5,4,550,Flush escape,60.7,28.22
KA26010009,Kirunalli Kere,Minor Irrigation Department,Mysuru,Piriyapatna,Kirnalli,Kiranelli,54,10,5,16.68,Homogeneous,5,5,1200,Flush escape,65,42.25
KA26010261, ,Minor Irrigation Department,Mysuru,Piriyapatna,Halaganahalli,Rajana Bilugali,,,,, ,,,, ,,
KA26010325,Alalur Tank,Minor Irrigation Department,Mysuru,Piriyapatna,Panchavalli,Alaluru,462,46.5,145.18,142.7,Homogeneous,3,16,823,Flush escape,50.18,23.33
KA26080041,B Matkere,Minor Irrigation Department,Mysuru,Sargur,B.Matakere,Mattakere,,,,, ,,,, ,,
KA26080042,Lanke Hosakere,Minor Irrigation Department,Mysuru,Sargur,Manuganahalli,Lanke,,,,, ,,,, ,,
KA26080018, ,Minor Irrigation Department,Mysuru,Sargur,Manuganahalli,Hoonaganahalli,,,,, ,,,, ,,
KA26070051,Kempanapura Kere,Minor Irrigation Department,Mysuru,T Narsipur,Chidaravalli,Ramegowdanapura,40,5,7.66,12.36,Homogeneous,2,5,460,Free fall weir,8,23.75
KA26070001,Ramegowdanapura North,Minor Irrigation Department,Mysuru,T Narsipur,Chidaravalli,Ramegowdanapura,50,4,5,15.44,Homogeneous,2,4,460,Free fall weir,7,23.17
KA06020009,Oorkeri,Minor Irrigation Department,Raichur,Devadurga,Galag,Galaga,128,37.23,30.6,15.96,g…h∆√£¿ØÔ,6,1.83,330,FOF,,3278
KA06020011,Desikeri,Minor Irrigation Department,Raichur,Devadurga,Malledevaragudda,Nagole,165,20,57.06,57.06,g…h∆√£¿ØÔ,7.5,1.83,1110,FOF,,2972
KA06020020,Bangarappa Kere,Minor Irrigation Department,Raichur,Devadurga,Ramadurga,Durga,206,49.2,81.22,81.22,g…h∆√£¿ØÔ,12.2,2.44,845,FOF,,3430
KA06020008,Huligu,Minor Irrigation Department,Raichur,Devadurga,Mundargi,Huligudda,63,46.41,30.2,30.2,g…h∆√£¿ØÔ,7.5,4.2,1050,FOF,,3714
KA06020018,Banditimmappankunta,Minor Irrigation Department,Raichur,Devadurga,Ramadurga,Jinnapur,135,26.8,22.55,22.55,g…h∆√£¿ØÔ,8,1.83,960,FOF,,2750
KA06020014, ,Minor Irrigation Department,Raichur,Devadurga,Hemnal,Khanapura,157,25.12,24.26,24.26,g…h∆√£¿ØÔ,11.6,2.5,1316,FOF,,2913
KA06020007,Honnatagi,Minor Irrigation Department,Raichur,Devadurga,Hemnal,Honnatagi,40,16.24,7.35,7.35,g…h∆√£¿ØÔ,9.25,4.54,945,FOF,,1523
KA06020010,Bankaladoddi,Minor Irrigation Department,Raichur,Devadurga,Chinchodi,Bunkaladoddi,137,18.18,21.06,17.07,g…h∆√£¿ØÔ,11.13,2.44,640,FOF,,1228
KA06020006,Alamkhan,Minor Irrigation Department,Raichur,Devadurga,Masarkal,Chikkahonnakuni,243,124.16,132.78,79.45,g…h∆√£¿ØÔ,8.5,1.83,750,FOF,,10258
KA06020002,Chandanakeri,Minor Irrigation Department,Raichur,Devadurga,ULB-Devadurga-TMC,Devadurga (Rural),74,43.6,26.58,26.58,g…h∆√£¿ØÔ,15,1.83,450,FOF,,1031
KA06020001,Rangamma Keri,Minor Irrigation Department,Raichur,Devadurga,Jerabandi,Suguralu,48,62.5,11.02,11.02,g…h∆√£¿ØÔ,8,1.83,1500,FOF,,1375
KA06010027,Ulimeshwar,Minor Irrigation Department,Raichur,Lingsugur,Nagalapur,Ulimeshwara,607,82.55,92.87,74.86,g…h∆√£¿ØÔ,11.27,2.44,900,FOF,,4600
KA06010028,Upparnandihal,Minor Irrigation Department,Raichur,Lingsugur,Upparnandihal,Uppara Nandhihala,205,76.08,93.58,93.58,g…h∆√£¿ØÔ,9.88,1.83,960,FOF,,4605
KA06010016,Bhommanal,Minor Irrigation Department,Raichur,Lingsugur,Bayyapur,Bommanala,358,74.8,52.97,52.97,g…h∆√£¿ØÔ,8.75,1.8,1230,FOF,,3598
KA06010029,Bhogapur,Minor Irrigation Department,Raichur,Lingsugur,Bayyapur,Bommanala,482,105.1,73.45,73.45,g…h∆√£¿ØÔ,7.85,1.8,885,FOF,,6775
KA06010023,Julugu,Minor Irrigation Department,Raichur,Lingsugur,Khairawadgi,Hosagudda (Hanumanagudda),120,40.52,20.81,20.81,g…h∆√£¿ØÔ,6.74,2.5,840,Ogee,,2513
KA06010022,Bhupur Rampur,Minor Irrigation Department,Raichur,Lingsugur,Mavinabhavi,Rampura,142,29.14,18.73,18.73,g…h∆√£¿ØÔ,7.55,1.8,823,FOF,,2434
KA06010024,Devanahalla,Minor Irrigation Department,Raichur,Lingsugur,Kalapur,Idhanala,162,27.49,22.13,19.92,g…h∆√£¿ØÔ,6.4,1.83,31,FOF,,2124
KA06010030,Yergunta,Minor Irrigation Department,Raichur,Lingsugur,Eachnal,Ichanala,202,48.17,30.72,24.72,g…h∆√£¿ØÔ,7.3,1.83,935,FOF,,3029
KA06010025,Aidanal,Minor Irrigation Department,Raichur,Lingsugur,Honnalli,Honnalli,68,14.54,15.93,14.34,g…h∆√£¿ØÔ,6.4,1.37,39,FOF,,1718
KA06010031,Hirenaganoor,Minor Irrigation Department,Raichur,Lingsugur,Roudalabanda,Hirenagarura,47,11.57,5.78,5.21,g…h∆√£¿ØÔ,5.2,1.83,43,FOF,,1420
KA06010021,Machanur,Minor Irrigation Department,Raichur,Lingsugur,Goudoor,Machanura,225,40,34.25,31.43,g…h∆√£¿ØÔ,11.5,2.44,795,FOF,,2207
KA06040096, ,Minor Irrigation Department,Raichur,Manvi,Madlapur,Madalapura,59,4.25,8.93,7.23,g…h∆√£¿ØÔ,5.24,2.5,600,FOF,,907
KA06060003,Mediknal,Minor Irrigation Department,Raichur,Maski,Medakinal,Medhakinala,302,59.89,55.2,41.31,g…h∆√£¿ØÔ,8.4,1.83,1448,FOF,,2677
KA06060037,Mattur,Minor Irrigation Department,Raichur,Maski,Mattur,Therabhavi,344,60.7,52.61,46.96,g…h∆√£¿ØÔ,10.97,2.44,1170,FOF,,4600
KA06060004,Huvinabhavi,Minor Irrigation Department,Raichur,Maski,Ankushadoddi,Ankushadhoddi,418,75,71.33,52.61,g…h∆√£¿ØÔ,10.55,1.83,496,FOF,,4300
KA06060002,Eklaspur,Minor Irrigation Department,Raichur,Maski,Vatagal,Eklalasapura,90,30.15,25.34,25.34,g…h∆√£¿ØÔ,7.05,1.83,820,FOF,,2072
KA06030169,Oorkeri,Minor Irrigation Department,Raichur,Raichur,Kamalapur,Goswara,41,20,8.71,8.71,g…h∆√£¿ØÔ,2.75,1.83,480,FOF,,1390
KA06030171,Venugopal,Minor Irrigation Department,Raichur,Raichur,L.K. Doddi,Thuntapura,58,88.49,15.11,15.11,g…h∆√£¿ØÔ,4.2,4,990,FOF,,1506
KA06030159,Bukeri,Minor Irrigation Department,Raichur,Raichur,Udamagal,Jalibedhachi,58,41.61,28.86,18.82,g…h∆√£¿ØÔ,8.5,1.83,1020,FOF,,2076
KA06030153,Mallakeri,Minor Irrigation Department,Raichur,Raichur,Mittimalkapur,Maliyabadh,51,24.72,14.28,14.28,g…h∆√£¿ØÔ,5,3.3,600,FOF,,1686
KA06030174,Ayazpur,Minor Irrigation Department,Raichur,Raichur,Bijangera,Ayajpura,52,18.98,9.21,9.21,g…h∆√£¿ØÔ,4.5,2,690,FOF,,1248
KA06030176,Rajalabandakunta,Minor Irrigation Department,Raichur,Raichur,Bijangera,Rajalabanda,91,6.14,11.8,11.8,g…h∆√£¿ØÔ,2.9,2,345,FOF,,1229
KA06030148,Ralakunta,Minor Irrigation Department,Raichur,Raichur,Yapaldinni,Yapaladhinni,48,38.48,16.8,16.8,g…h∆√£¿ØÔ,6.05,1.83,830,FOF,,2602
KA06030166,Sarjapur,Minor Irrigation Department,Raichur,Raichur,Atkoor,Athakuru,52,6.72,16.81,16.81,g…h∆√£¿ØÔ,5.2,1.83,515,FOF,,2181
KA06030196, ,Minor Irrigation Department,Raichur,Raichur,Atkoor,Koorathipli,,,,, ,,,, ,,
KA06030218,Dongarampr kunta,Minor Irrigation Department,Raichur,Raichur,Atkoor,Dongarampura,58,14.56,4.1,4.1,g…h∆√£¿ØÔ,2.1,1.83,360,FOF,,1315
KA06030156,Devankeri,Minor Irrigation Department,Raichur,Raichur,Sagamkunta,Korathakundha,49,11.28,13.72,13.72,g…h∆√£¿ØÔ,5.85,1.83,890,FOF,,2380
KA06030137,Hirekeri,Minor Irrigation Department,Raichur,Raichur,Chandrabanda,Chandrabanda,68,32,13.52,13.52,g…h∆√£¿ØÔ,4.5,1.83,1920,FOF,,2392
KA06030170,Oorkeri,Minor Irrigation Department,Raichur,Raichur,Manslapur,Manasalapura,58,60.6,21.72,21.72,g…h∆√£¿ØÔ,4.88,1.83,1080,FOF,,2853
KA06030172,Rajasab,Minor Irrigation Department,Raichur,Raichur,Manslapur,Manasalapura,79,64.83,14.43,14.43,g…h∆√£¿ØÔ,10.98,7.5,1590,FOF,,4069
KA06030162,Oorkeri,Minor Irrigation Department,Raichur,Raichur,Chikkasugur,Eganura,92,2.4,15.31,15.31,g…h∆√£¿ØÔ,6.2,1.83,750,FOF,,1165
KA06030147,Sangambhavi Kunta,Minor Irrigation Department,Raichur,Raichur,Chandrabanda,Palavaladhoddi,65,5.2,5.06,5.06,g…h∆√£¿ØÔ,2.5,1.83,360,FOF,,1350
KA06030165,Hirekeri,Minor Irrigation Department,Raichur,Raichur,Chandrabanda,Ganamuru,44,12.12,13.92,12.12,g…h∆√£¿ØÔ,4.65,1.83,675,FOF,,1694
KA06030175,Oorkeri,Minor Irrigation Department,Raichur,Raichur,Mittimalkapur,Devanpalli,129,45.6,24.82,24.82,g…h∆√£¿ØÔ,4.6,1.83,480,FOF,,4410
KA06030167,Samudrakeri,Minor Irrigation Department,Raichur,Raichur,Mittimalkapur,Maliyabadh,79,72.72,99.2,39.2,g…h∆√£¿ØÔ,4.5,1.83,630,FOF,,2922
KA06030164,Hosakeri,Minor Irrigation Department,Raichur,Raichur,Bayidoddi,Vadvatti,46,4.78,11.97,11.97,g…h∆√£¿ØÔ,4.57,1.8,375,FOF,,1402
KA06030157,Yalkunta,Minor Irrigation Department,Raichur,Raichur,Bayidoddi,Kurubadoddi,41,14.4,21,11.49,g…h∆√£¿ØÔ,4.75,1.83,760,FOF,,2806
KA06030163,Hirekeri,Minor Irrigation Department,Raichur,Raichur,Singanodi,Mandalagera,41,21.24,20.15,20.15,g…h∆√£¿ØÔ,7.05,1.83,540,FOF,,2500
KA06030173,Oorkeri,Minor Irrigation Department,Raichur,Raichur,Chandrabanda,Katlatakuru,130,95.74,38.15,38.15,g…h∆√£¿ØÔ,4.5,2,1650,FOF,,3818
KA06050008,Umalooti New,Minor Irrigation Department,Raichur,Sindhnur,Umaluti,Umalooti,348,62.1,52.61,42.73,g…h∆√£¿ØÔ,8.86,1.83,1050,FOF,,3858
KA06070007,Kowatal,Minor Irrigation Department,Raichur,Sirvar,ULB-Kavitala-TP,Kavithala,40,39.74,11.6,11.6,g…h∆√£¿ØÔ,9.15,1.83,865,FOF,,1898
KA06070035,New Tank,Minor Irrigation Department,Raichur,Sirvar,Mallat,Kurakundha,89,20.23,12.4,10.99,g…h∆√£¿ØÔ,8.75,1.83,962,FOF,,1552
KA06070008,Narabanda,Minor Irrigation Department,Raichur,Sirvar,Navalkal,Narabandi,506,73.65,76.63,76.63,g…h∆√£¿ØÔ,9.15,1.83,1310,Ogee,,5378
KA29030057,Sankalagere,Minor Irrigation Department,Ramanagara,Channapatna,Mattikere,Sankalagere,66.3,4.43,48,13.65,Homogeneous,5,1.5,930,Natural slopoing,40,250
KA29030043,Kudluru,Minor Irrigation Department,Ramanagara,Channapatna,Kudluru,Kudluru,105.22,96.89,161,21.67,Homogeneous,4,3.6,1740,Sloping Apron,52,1165
KA29030045,Harisandra,Minor Irrigation Department,Ramanagara,Channapatna,Thagachagere,Thagachagere,,,,, ,,,, ,,
KA29030053,Amalur,Minor Irrigation Department,Ramanagara,Channapatna,Malur,Maluru,,,,, ,,,, ,,
KA29030054,Thittamaranahalli Ramammanakere,Minor Irrigation Department,Ramanagara,Channapatna,Tittamaranahally,Mangalavarapete,,,,, ,,,, ,,
KA29030052,Tatlu,Minor Irrigation Department,Ramanagara,Channapatna,Tittamaranahally,Patlu,70,4.8,17.25,14.41,Homogeneous,5,2,1320,Sloping Apron,22,583
KA29030051,Honnanayakanahalli,Minor Irrigation Department,Ramanagara,Channapatna,M B Hally,Honnanayakanahalli,58.8,59.2,37,12.11,Homogeneous,7,1.8,458,Sloping Apron,60,656
KA29030032,Neraluru,Minor Irrigation Department,Ramanagara,Channapatna,Iggaluru,Neraluru,160,66.47,220,32.95,Homogeneous,7.8,2.5,930,Sloping Apron,53,278.56
KA29030034,Harokoppa,Minor Irrigation Department,Ramanagara,Channapatna,Harokoppa,Harokoppa,61.5,3.97,9.2,12.66,Homogeneous,3,1.8,2260,Natural slopoing,75,1818
KA29030031,Shanabhoganahalli,Minor Irrigation Department,Ramanagara,Channapatna,Kodambally,Shanubhoganahalli,74,2.4,11.1,15.24,Homogeneous,4,3.75,180,"Sloping
Apron",20,16.89
KA29030035,Kodamballi,Minor Irrigation Department,Ramanagara,Channapatna,Kodambally,Kodamballi,109.3,40,16.39,22.51,Homogeneous,3,5,1500,Clear over fall,30,1096
KA29030033,Sogala,Minor Irrigation Department,Ramanagara,Channapatna,Sogala,S.I.Sogala,78.4,134,81.8,16.14,Homogeneous,5,1.9,1170,Sloping Apron,45.4,747
KA29030036,Singarajapura,Minor Irrigation Department,Ramanagara,Channapatna,Singraji Pura,Haniyuru,64,109,9.6,13.18,Homogeneous,9.5,2.1,1130,Clear  over fall,56.5,1570
KA29030041,Bhyrashettihalli,Minor Irrigation Department,Ramanagara,Channapatna,Singraji Pura,Byrashettyhalli,194,7.2,1.3,39.95,Homogeneous,6,2.5,220,Sloping Apron,60,2.97
KA29030038,Sulleri,Minor Irrigation Department,Ramanagara,Channapatna,Sulleri,Suleri,84.4,167.58,43.6,17.38,Homogeneous,4.65,1.8,1100,Natural slopoing,48,1993
KA29030056,Mungadahalli Mullikere,Minor Irrigation Department,Ramanagara,Channapatna,Virupakshipura,Mangadahalli,58.3,16.4,8.74,12,Homogeneous,4,2,870,Clear over fall,10,356
KA29030040,Virupakshipura,Minor Irrigation Department,Ramanagara,Channapatna,B V Hally,Banduru Valagerehalli,79.69,106.03,218,16.41,Homogeneous,7,2.5,1410,Clear over fall,90.3,228.14
KA29030039,Akkuru,Minor Irrigation Department,Ramanagara,Channapatna,Akkur,Hosahalli,74,49.6,14.4,15.24,Homogeneous,3.5,1.8,1500,Natural sloping,30,627
KA29030046,Santhemogenahalli,Minor Irrigation Department,Ramanagara,Channapatna,Kudluru,Santemagenahalli,99,98,14.85,20.39,Homogeneous,6,1.8,2200,Sloping Apron,62.5,747
KA29030042,Machanayakanahalli,Minor Irrigation Department,Ramanagara,Channapatna,Mudgere,Marchanahalli,46.6,40,18.8,9.6,Homogeneous,4,1.8,1100,Sloping Apron,22.3,623
KA29030037,Malurupatna,Minor Irrigation Department,Ramanagara,Channapatna,Malurpatna,Malurupattana,77.1,87,23,15.88,Homogeneous,3.5,1.8,1150,Sloping Apron,37,723
KA29030044,Honganuru,Minor Irrigation Department,Ramanagara,Channapatna,Honganur,Honganuru,165,128,90.4,33.98,Homogeneous,7,2,2078,Sloping Apron,85,1654
KA29030055,Haruru,Minor Irrigation Department,Ramanagara,Channapatna,Mailanayakanahally,Mylanayakanahalli,,,,, ,,,, ,,
KA29030050,Mogenahalli,Minor Irrigation Department,Ramanagara,Channapatna,Nagavara,H.Mugenahalli,55,39.2,11.75,11.33,Homogeneous,5,2.5,1238,Sloping Apron,26.27,1021.31
KA29030047,Mandya Bommanayakanahalli,Minor Irrigation Department,Ramanagara,Channapatna,M B Hally,Mandya Bommanayakanahalli,86.9,50,31.33,17.89,Homogeneous,7,1.8,930,Sloping Apron,61.5,800
KA29030048,Nagavara,Minor Irrigation Department,Ramanagara,Channapatna,Bevooru,Kelagere,98,33,3.36,20.18,Homogeneous,7,3,620,Sloping Apron,30,621
KA29030059,Dhashavara,Minor Irrigation Department,Ramanagara,Channapatna,Makali,Makali State Forest,97,325,16.8,19.97,Homogeneous,11.1,2.4,230,Clear     over fall,21.6,1014
KA29030049,Bevuru,Minor Irrigation Department,Ramanagara,Channapatna,Bevooru,Bevuru,92.3,40.6,63.19,19.01,Homogeneous,2.5,1.5,1246,Sloping Apron,51.5,822
KA29030058,Kelageri,Minor Irrigation Department,Ramanagara,Channapatna,Nagavara,Nagavara,84.8,30,12.27,17.46,Homogeneous,4,50,1400,Free Over fall,57.4,598
KA29040119,Thattekere,Minor Irrigation Department,Ramanagara,Harohalli,Banavasi,Thattekere,192,56.65,23.76,39.54,Homogeneous,10.1,2.5,510,Flush escape,12,16.89
KA29040379,Muninagara,Minor Irrigation Department,Ramanagara,Harohalli,Kaggalahalli,Gulattekaval,,,,, ,,,, ,,
KA29040199,Suvarnamukhi Reservoir,Minor Irrigation Department,Ramanagara,Harohalli,Kaggalahalli,Mudenahalli,,,,, ,,,, ,,
KA29040120,Ravuthanahalli Kere,Minor Irrigation Department,Ramanagara,Harohalli,Yalachavadi,Kallanakuppe,,,,, ,,,, ,,
KA29040003,Maralawadi Agrahara Kere,Minor Irrigation Department,Ramanagara,Harohalli,Doddamaralawadi,Maralavadi,1250,91.75,145.15,257.4,Homogeneous,21.5,2.5,305,Ogee weir,73,600
KA29040305,Maralvadi Tank,Minor Irrigation Department,Ramanagara,Harohalli,Chakanahalli,Mavatthur,,,,, ,,,, ,,
KA29040132,Keralalusandra,Minor Irrigation Department,Ramanagara,Harohalli,Chakanahalli,Bilikallu State Forest,65.9,18,8.16,13.57,Homogeneous,9,1.8,22.86,Brad  casted,31,812
KA29040123,Erandyappanahalli,Minor Irrigation Department,Ramanagara,Harohalli,Chakanahalli,Bilikallu State Forest,,,,, ,,,, ,,
KA29040186, ,Minor Irrigation Department,Ramanagara,Harohalli,Cheeluru,Cheelur,,,,, ,,,, ,,
KA29040165,Bannikuppe,Minor Irrigation Department,Ramanagara,Harohalli,Cheeluru,Devarakaggalahalli,167,15.2,25.37,34.39,Homogeneous,8,2.5,330,Clear over fall,51.75,78.37
KA29040172, ,Minor Irrigation Department,Ramanagara,Harohalli,Harohalli,Chalakanakerekaval,,,,, ,,,, ,,
KA29040129,Gorchi,Minor Irrigation Department,Ramanagara,Kanakapura,Uyyamballi,Cheelandavadi State Forest,,,,, ,,,, ,,
KA29040121,Neralehatti,Minor Irrigation Department,Ramanagara,Kanakapura,Hunasanahalli,Ganganahalli,,,,, ,,,, ,,
KA29040128,Harihara,Minor Irrigation Department,Ramanagara,Kanakapura,Honniganahalli,Harihara,179.2,24.28,33.56,36.9,Homogeneous,10.5,2.4,21.06,Flush escape,22,811
KA29040126,Buhalli,Minor Irrigation Department,Ramanagara,Kanakapura,Kadahalli,Boohalli,72.28,5,11.7,14.88,Homogeneous,6.5,2.4,320,Brad  casted,20,610
KA29040282,Chikkagondanahally Tank,Minor Irrigation Department,Ramanagara,Kanakapura,Hunasanahalli,Hunasanahalli,,,,, ,,,, ,,
KA29040253,Doddaladahalli Tank,Minor Irrigation Department,Ramanagara,Kanakapura,Dodda Alahalli,Nayakanahalli,,,,, ,,,, ,,
KA22070013,Bheema Jalashaya,Minor Irrigation Department,Ramanagara,Kanakapura,Honniganahalli,Honnaganahalli,453,97.68,114.72,139.92,Homogeneous,6.8,2.4,1080,Ogee weir,65,55.92
KA29040122,Thattiguppe,Minor Irrigation Department,Ramanagara,Kanakapura,Herindyapanahalli,Bommasandra,378,39.44,68,77.84,Homogeneous,13.89,2.5,630,Ogee weir,28,3755
KA29040127,Horalagallu,Minor Irrigation Department,Ramanagara,Kanakapura,T.Bekuppe,Horalagallu,147.5,15.43,14.4,30.37,Homogeneous,10,2.5,360,Clear over fall,21.5,148.13
KA29040124,Anajavadi,Minor Irrigation Department,Ramanagara,Kanakapura,Chikkamudhuvadi,Ananchavadi,45.53,8,5.5,9.38,Homogeneous,5,1.8,40.5,Clear over fall,28,1250
KA29040002,Hulibele,Minor Irrigation Department,Ramanagara,Kanakapura,T.Bekuppe,Alugondanahalli (Thigalara Hosahalli,,,,, ,,,, ,,
KA29040133,Hanchiguli,Minor Irrigation Department,Ramanagara,Kanakapura,Arakere,Hanchaguli,,,,, ,,,, ,,
KA29040158,Kadashivanahalli,Minor Irrigation Department,Ramanagara,Kanakapura,Kolagondanahalli,Gattegunda,,,,, ,,,, ,,
KA29040130,Hosadoddi,Minor Irrigation Department,Ramanagara,Kanakapura,Shivanahalli,K.G.Hanumanahalli,,,,, ,,,, ,,
KA29040131,Doddathandyakere,Minor Irrigation Department,Ramanagara,Kanakapura,Shivanahalli,K.G.Hanumanahalli,,,,, ,,,, ,,
KA29040001,Rayasandra,Minor Irrigation Department,Ramanagara,Kanakapura,Thungani,Rayasandra,105.25,14.57,11.5,21.67,Homogeneous,13,2.2,19.8,Broad crested,38,872
KA29040125,Murukanikere,Minor Irrigation Department,Ramanagara,Kanakapura,Somandayapanahalli,S.I.Somadevappanahalli,293,23.29,31.14,60.33,Homogeneous,13.13,2.5,210,Clear over fall,40,47.17
KA29010316,Kempasagara Kere,Minor Irrigation Department,Ramanagara,Magadi,Sathanoor,J.I.Kempasagara,157.97,173.6,60,60,Homogeneous,7.5,3,980,Sloped Apron,18.4,20.44
KA29010302,Magadi Gowrammana Kere,Minor Irrigation Department,Ramanagara,Magadi,ULB-Magadi-TMC,Magadi,40.47,8,33,33,Homogeneous,3.75,3,660,Clear Over Fall,15.2,14.35
KA29010301,Kalya Dakere,Minor Irrigation Department,Ramanagara,Magadi,Kkalya,Kalya,63,24,7.42,7.42,Homogeneous,5.5,2,660,Clear Over Fall,19,19.93
KA29010145, ,Minor Irrigation Department,Ramanagara,Magadi,Kalari Kaval,Kalarikavalu,,,,, ,,,, ,,
KA29010306,Bilgomba,Minor Irrigation Department,Ramanagara,Magadi,Belagumba,Singripalya,70.82,31.3,12.37,12.37,Homogeneous,7.5,2,300,Clear Over Fall,46,51.7
KA29010080, ,Minor Irrigation Department,Ramanagara,Magadi,Kalari Kaval,Kalari,43.32,3.6,3.89,3.89,Homogeneous,4.5,2,300,Sloped Apron,28,19.48
KA29010299,Muthurayanagudi Talya,Minor Irrigation Department,Ramanagara,Magadi,Belagumba,J.I.Shidaganahalli,89.03,10.11,7.78,7.78,Homogeneous,12.12,3,180,Clear Over Fall,28,17.16
KA29010305,Huramundhena Kere,Minor Irrigation Department,Ramanagara,Magadi,Chikkamudigere,Doddamudigere,,,,, ,,,, ,,
KA29010304,Byala Huramundhena Kere,Minor Irrigation Department,Ramanagara,Magadi,Thaggikuppe,Byalakere,41.74,7.25,5.66,5.66,Homogeneous,5.5,2,160,Sloped Apron,20,11.04
KA29010300,Tippasandra Kere,Minor Irrigation Department,Ramanagara,Magadi,Thippasandra,Thippsandra,109.4,112,57.5,57.5,Homogeneous,3.16,2,1920,Clear Over Fall,78,0.62
KA29010312,Baganikere,Minor Irrigation Department,Ramanagara,Magadi,Thippasandra,Bhaginigere,70.52,32.08,6.24,6.24,Homogeneous,2.5,2,1030,Sloped Apron,,
KA29010314,Gudemaranahalli Kere,Minor Irrigation Department,Ramanagara,Magadi,Llakkenahalli,Koodluru,63.94,23.2,28.92,28.92,Homogeneous,5.5,5,540,Sloped Apron,35,19.54
KA29010297,Narsandra Kare,Minor Irrigation Department,Ramanagara,Magadi,Narasandra,Narasandra,61.51,61.2,42.5,42.5,Homogeneous,3.5,2,1140,Clear Over Fall,36,40.49
KA29010313,Muttasagara Kere,Minor Irrigation Department,Ramanagara,Magadi,Biskoor,Mutthusagara,43.3,6,5.19,5.19,Homogeneous,3.5,2,436,Flush,8,9.68
KA29010311,Sankighatta Kere,Minor Irrigation Department,Ramanagara,Magadi,Sankigatta,Sankighattakavalu,167.14,68,68,68,Homogeneous,3,2,1350,Ogee Weir,87,
KA29010298,Soluru Kere,Minor Irrigation Department,Ramanagara,Magadi,Solur,Soluru,44.92,29.04,16.9,16.9,Homogeneous,6,5,820,Sloped Apron,36,23.92
KA29010310,Biskur Kere,Minor Irrigation Department,Ramanagara,Magadi,Biskoor,Biskuru,130.31,32.2,48.84,48.84,Homogeneous,3.8,2.5,1200,Ogee Weir,,178.74
KA29010296,Ullenahalli Basavanakatte Kere,Minor Irrigation Department,Ramanagara,Magadi,Hullenahalli,Hullenahalli,86.75,5.6,4,4,Homogeneous,2.1,2,432,Flush,15,12.68
KA29010294,Kenchanapura Kere,Minor Irrigation Department,Ramanagara,Magadi,Madigondanahalli,Kenchanapura,114.53,48,10,10,Homogeneous,9,2.5,255,Ogee Weir,25,43.2
KA29010295,Kachipalya,Minor Irrigation Department,Ramanagara,Magadi,Kudur,Kuduru,,,,, ,,,, ,,
KA29010291,Hebbalalu Kere,Minor Irrigation Department,Ramanagara,Magadi,Sankigatta,J.I.Hebbalalu,67.65,13,30,30,Homogeneous,1.6,2.5,880,Flush,64,31.57
KA29010292,Kodihalli Kere,Minor Irrigation Department,Ramanagara,Magadi,Biskoor,Kodihalli,51.93,10.4,22.71,22.71,Homogeneous,3,2,900,Clear Over Fall,28,47.42
KA21010001,Honnarayanahalli,Minor Irrigation Department,Ramanagara,Magadi,Bittasandra,Rangenahalli,40.9,12.55,5.55,5.55,Homogeneous,2.8,3.2,800,Clear Over fall,25,151.05
KA29010293,Banavadi Kere,Minor Irrigation Department,Ramanagara,Magadi,Banavadi,Banavadi,72.54,25.6,32.98,32.98,Homogeneous,6.8,3,660,Sloped Apron,60,13.84
KA29010285,Mayasandra Kere,Minor Irrigation Department,Ramanagara,Magadi,Hullenahalli,Mayasandra,156.62,90.54,65,65,Homogeneous,3.1,2.5,1500,Sloped Apron,,78.26
KA29010308,Tavarekere,Minor Irrigation Department,Ramanagara,Magadi,Hullenahalli,Tavarekere,89.26,60,19,19,Homogeneous,2.4,1.8,725,Ogee Weir,23.5,19.54
KA29010307,Thammenahalli Kere,Minor Irrigation Department,Ramanagara,Magadi,Adarangi,Hanchibasavanapalya,152.16,90.51,65.97,65.97,Homogeneous,8,3.5,1350,Sloped Apron,86.6,70.75
KA29010321,Chikka Halli Kere,Minor Irrigation Department,Ramanagara,Magadi,Chikkahalli,Chikkanahalli,100.39,16,11.5,11.5,Homogeneous,2,2,375,Flush,18,30.35
KA29010289,Hulikalu Here Kere,Minor Irrigation Department,Ramanagara,Magadi,Hhulikallu,Hulikallu,207,74.8,92.07,92.07,Homogeneous,2.6,2.5,1070,Sloped Apron,43,21.86
KA29010290,Shrigiripura  Kere,Minor Irrigation Department,Ramanagara,Magadi,Srigiripura,Srigiripura,54.63,10.8,5.19,5.19,Homogeneous,4,2,370,Sloped Apron,29,23.58
KA29010309,Kannuru Kere,Minor Irrigation Department,Ramanagara,Magadi,Kannuru,Kannuru,41.28,11.6,5.72,5.72,Homogeneous,4,2,750,Sloped Apron,38.4,31.54
KA29020008,Varahalli,Minor Irrigation Department,Ramanagara,Ramanagaram,Kailancha,Nagohalli,,,,, ,,,, ,,
KA29020012,Avverahalli,Minor Irrigation Department,Ramanagara,Ramanagaram,Hulikere Gunnur,Hulikere Gunnur,,,,, ,,,, ,,
KA29020011,Jakkanahalli,Minor Irrigation Department,Ramanagara,Ramanagaram,Bannikuppe (K),Jakkanahalli,46.14,11.1,9.88,9.5,Homogeneous,7,1.8,520,Flush escape,48,1252
KA29020010,Annahalli,Minor Irrigation Department,Ramanagara,Ramanagaram,Gopahalli,Annehalli,206.4,15.76,29.47,42.5,Homogeneous,14.3,2.5,418,Flush escape,20,962
KA29020013,Achalu,Minor Irrigation Department,Ramanagara,Ramanagaram,Hunasanahalli,Acchalu State Forest,50.58,2.67,4.32,10.42,Homogeneous,12.3,2.5,387.5,Flush escape,6,224
KA29020014,Ticchanakere,Minor Irrigation Department,Ramanagara,Ramanagaram,Gopahalli,Handhigondhi State Forest,,,,, ,,,, ,,
KA29020033,Vrishabhavathi Reservoir,Minor Irrigation Department,Ramanagara,Ramanagaram,Byramangala,Bannigere,,,,, ,,,, ,,
KA29020009,Heggadagere,Minor Irrigation Department,Ramanagara,Ramanagaram,ULB-Bidadi-TMC,Bananduru,117.37,19.15,39.08,24.17,Homogeneous,7.2,2.5,308,Clear     over fall,31,1732.25
KA29020003,Talaguppe,Minor Irrigation Department,Ramanagara,Ramanagaram,Manchanayakana Hally,Talakuppe,40.7,3.4,1.71,8.38,Homogeneous,5.38,2.5,300,Clear over fall,12,462
KA29020134,Nelligudda Tank,Minor Irrigation Department,Ramanagara,Ramanagaram,Bannikuppe (B),Avaragere,405,156,216.41,83.4,Homogeneous,17,3.65,840,Horse shoe type clear over fall,90,213.35
KA29020007,Thammanayakanahalli,Minor Irrigation Department,Ramanagara,Ramanagaram,Gopahalli,Handhigondhi State Forest,174,33.19,28.66,35.83,Homogeneous,8.41,1.8,324,Sloping apron,43,2114
KA29020006,Rangarayanadoddi,Minor Irrigation Department,Ramanagara,Ramanagaram,ULB-Ramanagara-CMC,Ijuru,,,,, ,,,, ,,
KA29020004,Kethohalli,Minor Irrigation Department,Ramanagara,Ramanagaram,Mayaganahalli,Kethohalli,54.62,9.12,12.65,11.25,Homogeneous,8.51,1.8,450,Sloping apron,60,1238
KA29020002,Vajarahalli,Minor Irrigation Department,Ramanagara,Ramanagaram,Bannikuppe (B),Vajarahalli,42.1,5.2,5.22,8.67,Homogeneous,8.5,1.8,198,Clear over fall,10,388
KA29020001,Hejjala,Minor Irrigation Department,Ramanagara,Ramanagaram,Manchanayakana Hally,Hejjala,60.7,5.8,5.4,12.5,Homogeneous,8.22,1.8,200,Sloping apron,15,488
KA29020005,Bolappanahalli,Minor Irrigation Department,Ramanagara,Ramanagaram,ULB-Ramanagara-CMC,Bolappanahalli Amanikere,48.56,8.29,11.5,10,Homogeneous,7.8,1.82,360,Sloping apron,23.7,2685
KA15070088,Karki Kere,Minor Irrigation Department,Shivamogga,Bhadravati,Singanamane,Singanamane,96,6.61,21.12,0.59,∫…∆√™…∆√f√§Ai¿ƒ∏Ô,20,4,645,Sloping apron,16,237.21
KA15070089,Dyammanana Kere Danavadi,Minor Irrigation Department,Shivamogga,Bhadravati,Arakere,Nagoli,,,,, ,,,, ,,
KA15070090,Adrihalli Doddakere,Minor Irrigation Department,Shivamogga,Bhadravati,Nimbegondi,Arasanaghatta,202,17.37,24.24,0.68,∫…∆√™…∆√f√§Ai¿ƒ∏Ô,20,2.5,950,Sloping apron,18,179.86
KA15070087, ,Minor Irrigation Department,Shivamogga,Bhadravati,Sydarakallahalli,Sydara Kallahalli,176,14.06,21.12,0.59,∫…∆√™…∆√f√§Ai¿ƒ∏Ô,20,2.5,870,Sloping apron,25,218.16
KA15040004,Muttina Kere,Minor Irrigation Department,Shivamogga,Hosanagara,Humcha,Humacha,45.75,18,24.07,0.61,∫…∆√™…∆√f√§Ai¿ƒ∏Ô,6.5,2.5,500,Sloping apron,,408
KA15040001,Tatte Kere,Minor Irrigation Department,Shivamogga,Hosanagara,Balur,Baluru,57.46,16,22.93,0.6,∫…∆√™…∆√f√§Ai¿ƒ∏Ô,3,5.5,300,Sloping apron,,380
KA15040003,Aane Kere,Minor Irrigation Department,Shivamogga,Hosanagara,Balur,Savaturu,,,,, ,,,, ,,
KA15040007,Thammadikoppa,Minor Irrigation Department,Shivamogga,Hosanagara,Belluru,Kalasi,46.14,10,24.18,0.62,∫…∆√™…∆√f√§Ai¿ƒ∏Ô,6.5,2.5,300,Sloping apron,,615
KA15040133,Huligadde Hallada Katte Kere,Minor Irrigation Department,Shivamogga,Hosanagara,Amrutha,Huligadde,64.75,5,24.07,0.62,∫…∆√™…∆√f√§Ai¿ƒ∏Ô,3.5,2.5,175,Sloping apron,,385
KA15040011,"Malavalli, Heggarekere",Minor Irrigation Department,Shivamogga,Hosanagara,Heddaripura,Malavalli,40.96,8.4,21.16,0.59,∫…∆√™…∆√f√§Ai¿ƒ∏Ô,5.5,2.5,700,Sloping apron,,390
KA15040006,"Gavaturu, Tavarekere",Minor Irrigation Department,Shivamogga,Hosanagara,Ripponpete,J.I.Gavaturu,115.74,8,59.35,1.64,∫…∆√™…∆√f√§Ai¿ƒ∏Ô,2.5,8,200,Sloping apron,,425
KA15040012,Harohittalu Oorumundinakere,Minor Irrigation Department,Shivamogga,Hosanagara,Arasalu,Harohitthilu,47.34,8.6,24.1,0.63,∫…∆√™…∆√f√§Ai¿ƒ∏Ô,4.5,6,450,Sloping apron,,395
KA15040008,"Kenchanala, Veerannakere",Minor Irrigation Department,Shivamogga,Hosanagara,Kenchanala,Kenchanalu,58,7,30.52,0.82,∫…∆√™…∆√f√§Ai¿ƒ∏Ô,4,6,200,Sloping apron,,418
KA15010144,Balekere,Minor Irrigation Department,Shivamogga,Sagar,Achapura,Kerehittalu,66,2,12.54,0.77,∫…∆√™…∆√f√§Ai¿ƒ∏Ô,4,2.5,230,Flush Escape,10,8.26
KA15010141,Chittemallappana Kere,Minor Irrigation Department,Shivamogga,Sagar,Achapura,Achapura,44.4,36,8.42,0.52,∫…∆√™…∆√f√§Ai¿ƒ∏Ô,5,7.5,450,Flush Escape,8,10.85
KA15010139,Yadehalli Gourikere,Minor Irrigation Department,Shivamogga,Sagar,Yedehalli,Yadehalli,46.4,32,8.81,0.54,∫…∆√™…∆√f√§Ai¿ƒ∏Ô,5,7.5,450,Flush Escape,8,10.71
KA15010138,Ganiganakere,Minor Irrigation Department,Shivamogga,Sagar,Anandapura,Malanduru,71.68,57,13.76,0.84,∫…∆√™…∆√f√§Ai¿ƒ∏Ô,5,7.5,450,Flush Escape,8,8.81
KA15010142,Gilalagundi Amana Kere,Minor Irrigation Department,Shivamogga,Sagar,Achapura,Gilalugundi,151,31.69,28.69,1.76,∫…∆√™…∆√f√§Ai¿ƒ∏Ô,7,2.5,750,Sloping apron,14,8.56
KA15010123, ,Minor Irrigation Department,Shivamogga,Sagar,Achapura,Byra,,,,, ,,,, ,,
KA15010119, ,Minor Irrigation Department,Shivamogga,Sagar,Kalmane,Aralikoppa,68.4,18,12.99,0.8,∫…∆√™…∆√f√§Ai¿ƒ∏Ô,4,2.5,250,Flush Escape,12,8.1
KA15010143,Alemane Kere,Minor Irrigation Department,Shivamogga,Sagar,Gowthampura,Sarkari Gowja,90,41,17.1,1.05,∫…∆√™…∆√f√§Ai¿ƒ∏Ô,4,2.5,1010,Sloping apron,9,7.34
KA15010118, ,Minor Irrigation Department,Shivamogga,Sagar,Shiravanthe,Brahmanawadashivaranthe,,,,, ,,,, ,,
KA15010151,Bhairadevara Kere,Minor Irrigation Department,Shivamogga,Sagar,Thyagarthi,Kudageri,59.2,5,11.24,0.59,∫…∆√™…∆√f√§Ai¿ƒ∏Ô,4,2.5,280,Sloping apron,10,9.43
KA15010140,Melina Kere,Minor Irrigation Department,Shivamogga,Sagar,Hirebilagunji,Sampalli,50.62,6,9.61,0.59,∫…∆√™…∆√f√§Ai¿ƒ∏Ô,5,2.5,350,Sloping apron,6,10.78
KA15010130,Kattina Kere,Minor Irrigation Department,Shivamogga,Sagar,Nadakalsi,Nada Kalasi,40,,10.5,0.47,∫…∆√™…∆√f√§Ai¿ƒ∏Ô,4,2.5,,Flush Escape,9,8.43
KA15010127, ,Minor Irrigation Department,Shivamogga,Sagar,Thyagarthi,Thyagarthi Agrahara,96,10.5,18.24,1.12,∫…∆√™…∆√f√§Ai¿ƒ∏Ô,5,2.5,335,Flush Escape,9,8.41
KA15010120, ,Minor Irrigation Department,Shivamogga,Sagar,Padavagodu,Bilisiri,40,1,7.69,0.47,∫…∆√™…∆√f√§Ai¿ƒ∏Ô,4,2.5,210,Sloping apron,8,10.32
KA15010129,Bommanaykana Kere,Minor Irrigation Department,Shivamogga,Sagar,Marthuru,Martthuru,74.92,27.5,14.4,0.87,∫…∆√™…∆√f√§Ai¿ƒ∏Ô,5,5,450,Flush Escape,9,7.97
KA15010125, ,Minor Irrigation Department,Shivamogga,Sagar,Marthuru,Shiruru,99.63,24,18.92,1.16,∫…∆√™…∆√f√§Ai¿ƒ∏Ô,3,2.5,280,Sloping apron,8,11.6
KA15010122, ,Minor Irrigation Department,Shivamogga,Sagar,Baruru,Lyavigere,47.38,28,9,0.55,∫…∆√™…∆√f√§Ai¿ƒ∏Ô,5,2.5,400,Sloping apron,10,10.71
KA15010128,Talaguppa Gouri Kere,Minor Irrigation Department,Shivamogga,Sagar,Talaguppa,Thalaguppa,76,40,14.61,0.89,∫…∆√™…∆√f√§Ai¿ƒ∏Ô,4,7.5,400,Sloping apron,7,7.79
KA15010137,Kanle Heggeri Kere,Minor Irrigation Department,Shivamogga,Sagar,Kanle,Kanale,43.2,51,8.3,0.5,∫…∆√™…∆√f√§Ai¿ƒ∏Ô,4,5,300,Flush Escape,12,8.11
KA15010134,Keladi Hirekere,Minor Irrigation Department,Shivamogga,Sagar,Keladi,Keladhi,92.6,84.32,17.8,1.08,∫…∆√™…∆√f√§Ai¿ƒ∏Ô,10,5,450,Flush Escape,8,8.89
KA15010136,Totadamelina Kere,Minor Irrigation Department,Shivamogga,Sagar,Keladi,Adharanthe,45.6,22,8.76,0.53,∫…∆√™…∆√f√§Ai¿ƒ∏Ô,5,5,400,Sloping apron,12,9.55
KA15010145,Oorabagila Kere,Minor Irrigation Department,Shivamogga,Sagar,Baruru,Baruru,48.4,20,9.3,0.53,∫…∆√™…∆√f√§Ai¿ƒ∏Ô,5,2.5,485,Sloping apron,14,7.31
KA15010121, ,Minor Irrigation Department,Shivamogga,Sagar,Masuru,Chikkanalluru,,,,, ,,,, ,,
KA15010133,Bale Totadamelina Kere,Minor Irrigation Department,Shivamogga,Sagar,Masuru,Masuru,43.6,8,8.38,0.51,∫…∆√™…∆√f√§Ai¿ƒ∏Ô,4,5,240,Sloping apron,9,10.51
KA15010131,Oorabagilakere,Minor Irrigation Department,Shivamogga,Sagar,Hirenelluru,Shuntikoppa,41.2,2,7.92,0.48,∫…∆√™…∆√f√§Ai¿ƒ∏Ô,5,5,375,Flush Escape,20,8.02
KA15010135,Totadamelina Kere,Minor Irrigation Department,Shivamogga,Sagar,Malve,Beluru,61,9.12,11.76,0.71,∫…∆√™…∆√f√§Ai¿ƒ∏Ô,4,2.5,450,Sloping apron,8,10.24
KA15010132,Totadamelina Kere,Minor Irrigation Department,Shivamogga,Sagar,Masuru,Chikkanalluru,43,5,8.3,0.5,∫…∆√™…∆√f√§Ai¿ƒ∏Ô,4,2.5,250,Sloping apron,6,10.63
KA15010124, ,Minor Irrigation Department,Shivamogga,Sagar,Achapura,Thangalawadi,48.4,2,9.19,0.56,∫…∆√™…∆√f√§Ai¿ƒ∏Ô,6,2.5,210,Sloping apron,10,10.28
KA15030451,Maravalli Hosakere,Minor Irrigation Department,Shivamogga,Shikarpur,Maravalli,Maravalli,130,15,0,1.09,∫…∆√™…∆√f√§Ai¿ƒ∏Ô,7.5,3,300,Sloping apron,15.2,366.62
KA15030469,Tonasinakatte,Minor Irrigation Department,Shivamogga,Shikarpur,Udugani,Udagani,65.09,,1.08,0.66,∫…∆√™…∆√f√§Ai¿ƒ∏Ô,2.5,3,290,Flush Escape,10,274.36
KA15030417, ,Minor Irrigation Department,Shivamogga,Shikarpur,Guddada Thumminakatte,Thirthahalu,100,19.65,0,0.51,∫…∆√™…∆√f√§Ai¿ƒ∏Ô,12.5,3,300,Sloping apron,14.25,343.71
KA15030416, ,Minor Irrigation Department,Shivamogga,Shikarpur,Hirejamburu,Hirejamburu,80.97,27.22,10.36,0.66,∫…∆√™…∆√f√§Ai¿ƒ∏Ô,3,3,1500,Clear Overflow,,927.77
KA15030478,Hirekere,Minor Irrigation Department,Shivamogga,Shikarpur,Thadagani,Thadagani,61.94,,9.36,0.86,∫…∆√™…∆√f√§Ai¿ƒ∏Ô,4,4.5,258,Flush Escape,20,391.17
KA15030444,Doddakere,Minor Irrigation Department,Shivamogga,Shikarpur,Hirejamburu,Hirejamburu,142,14,11.88,1.08,∫…∆√™…∆√f√§Ai¿ƒ∏Ô,4.5,8.5,950,Flush Escape,27,369.65
KA15030470,Hirekere,Minor Irrigation Department,Shivamogga,Shikarpur,Hirejamburu,Kuskuru,51.04,28.23,5.76,0.75,∫…∆√™…∆√f√§Ai¿ƒ∏Ô,3,8.5,920,Flush Escape,10,232.74
KA15030449,Korlakatte,Minor Irrigation Department,Shivamogga,Shikarpur,ULB-Shirlakoppa-TP,Shiralakoppa,55.5,222,8.64,0.53,∫…∆√™…∆√f√§Ai¿ƒ∏Ô,4,6,950,Sloping apron,,313.56
KA15030428,Doddakere,Minor Irrigation Department,Shivamogga,Shikarpur,Thadagani,Neralage,74.49,,2.9,0.51,∫…∆√™…∆√f√§Ai¿ƒ∏Ô,3,4,1100,Flush Escape,15,342.27
KA15030457,Murugannana Kere,Minor Irrigation Department,Shivamogga,Shikarpur,Hosuru,Hulaginakatte,,,,, ,,,, ,,
KA15030436,Doddakere,Minor Irrigation Department,Shivamogga,Shikarpur,Muddanahalli,Muddanahalli,82.09,53,11.16,0.94,∫…∆√™…∆√f√§Ai¿ƒ∏Ô,3.5,6.5,450,Clear Overflow,,547.64
KA15030453,Amallannana Kere,Minor Irrigation Department,Shivamogga,Shikarpur,Maravalli,Guledahalli,145.07,9.82,21.6,1.78,∫…∆√™…∆√f√§Ai¿ƒ∏Ô,5.5,2.5,1300,Clear Overflow,17.5,527.62
KA15030452,Hosakere,Minor Irrigation Department,Shivamogga,Shikarpur,Kaginalli,Chowdanayakanakoppa,153.08,14,24,1.85,∫…∆√™…∆√f√§Ai¿ƒ∏Ô,7.5,4,600,Sloping apron,45.5,711.93
KA15030485,Taavarekere,Minor Irrigation Department,Shivamogga,Shikarpur,Kappanahalli,Hirekalavatthi,46.09,8,1.44,0.54,∫…∆√™…∆√f√§Ai¿ƒ∏Ô,4.5,4,300,Flush Escape,10,137.3
KA15030448,Ddoddakere,Minor Irrigation Department,Shivamogga,Shikarpur,Tharlaghatta,Dhoopadahalli,66.08,165,16.56,1.87,∫…∆√™…∆√f√§Ai¿ƒ∏Ô,3,3.5,650,Sloping apron,35,547.64
KA15030131, ,Minor Irrigation Department,Shivamogga,Shikarpur,Hosuru,Hulaginakatte,44.53,2,1.2,0.56,∫…∆√™…∆√f√§Ai¿ƒ∏Ô,5,3,400,Clear Overflow,,670.53
KA15030414,Bendegere,Minor Irrigation Department,Shivamogga,Shikarpur,Tharlaghatta,Bhadrapura,71.02,25,4.4,0.76,∫…∆√™…∆√f√§Ai¿ƒ∏Ô,2.5,2.5,350,Sloping apron,16,250.35
KA15030486,Doddakere,Minor Irrigation Department,Shivamogga,Shikarpur,Hothana Katte,Hothanakatte,57,28.19,5.76,0.67,∫…∆√™…∆√f√§Ai¿ƒ∏Ô,2.5,2.5,190,Sloping apron,13,313.56
KA15030454,Hosakere,Minor Irrigation Department,Shivamogga,Shikarpur,Gogga,Nalanikoppa,51.02,13,15.4,0.47,∫…∆√™…∆√f√§Ai¿ƒ∏Ô,3.5,2.5,400,Sloping apron,22,56
KA15030483,Hirekere,Minor Irrigation Department,Shivamogga,Shikarpur,Beguru,J I Beguru,,,,, ,,,, ,,
KA15030484,Aladakatte,Minor Irrigation Department,Shivamogga,Shikarpur,Amatekoppa,Amatikoppa,51,4,3.24,0.59,∫…∆√™…∆√f√§Ai¿ƒ∏Ô,4,2.5,1500,Sloping apron,13,112.74
KA15030759, Kenchikere,Minor Irrigation Department,Shivamogga,Shikarpur,Amatekoppa,Amatikoppa,62.3,34,7.36,0.72,∫…∆√™…∆√f√§Ai¿ƒ∏Ô,3,4.5,2000,Sloping apron,12.8,431.83
KA15030450,Honnalli Kere,Minor Irrigation Department,Shivamogga,Shikarpur,Gogga,Gogga,81.03,31.33,5.76,1.69,∫…∆√™…∆√f√§Ai¿ƒ∏Ô,5.5,3.5,1300,Clear Overflow,32.3,344.87
KA15030517,Shiriyalada Kere,Minor Irrigation Department,Shivamogga,Shikarpur,Hosuru,Kenchagondana Koppa,93.58,16.28,3.6,0.7,∫…∆√™…∆√f√§Ai¿ƒ∏Ô,4.5,2.5,600,Sloping apron,11.5,224.92
KA15030504,Bharmanakatte,Minor Irrigation Department,Shivamogga,Shikarpur,Amatekoppa,Honakanakoppa,44.08,26,3.6,0.51,∫…∆√™…∆√f√§Ai¿ƒ∏Ô,3,4,300,Flush Escape,10,88.63
KA15030488,Doddakere,Minor Irrigation Department,Shivamogga,Shikarpur,Jakkanahalli,Samda,57.04,48.16,11.12,0.66,∫…∆√™…∆√f√§Ai¿ƒ∏Ô,4.5,4.5,1200,Sloping apron,30,735.62
KA15030420, ,Minor Irrigation Department,Shivamogga,Shikarpur,Mudubasiddapura,Madaba Siddapura,93,14,7.32,1.16,∫…∆√™…∆√f√§Ai¿ƒ∏Ô,4.5,3,400,Flush Escape,20,390
KA15030422,Uramundinakere,Minor Irrigation Department,Shivamogga,Shikarpur,Tharlaghatta,Tarlaghatta,58.02,48.5,4.4,0.82,∫…∆√™…∆√f√§Ai¿ƒ∏Ô,5,5,460,Clear Overflow,,637.57
KA15030421,Bidarakatte,Minor Irrigation Department,Shivamogga,Shikarpur,Tharlaghatta,Doddajogihalli,77.07,301,40.32,0.67,∫…∆√™…∆√f√§Ai¿ƒ∏Ô,2.75,2.75,380,Sloping apron,,385.92
KA15030423,Galagihallada Kere,Minor Irrigation Department,Shivamogga,Shikarpur,Harogoppa,Harogoppa,40.48,15.8,5.04,0.72,∫…∆√™…∆√f√§Ai¿ƒ∏Ô,5,4.5,1200,Clear Overflow,32,813.63
KA15030459,Doddakere,Minor Irrigation Department,Shivamogga,Shikarpur,Arishinagere,Madravalli,100.4,58,12.96,0.9,∫…∆√™…∆√f√§Ai¿ƒ∏Ô,3,2.5,550,Clear Overflow,7,136.91
KA15030463,Kanasogi Hosakere,Minor Irrigation Department,Shivamogga,Shikarpur,Saluru,Saluru,,,,, ,,,, ,,
KA15030458,Annapura Bendegere,Minor Irrigation Department,Shivamogga,Shikarpur,Saluru,Saluru,43.07,14.72,11.16,1.16,∫…∆√™…∆√f√§Ai¿ƒ∏Ô,3,2.5,210,Flush Escape,18,136.9
KA15030462,Benakanahalla,Minor Irrigation Department,Shivamogga,Shikarpur,Kalmane,Kalmane,60.72,,11.92,0.59,∫…∆√™…∆√f√§Ai¿ƒ∏Ô,6.5,4.5,750,Sloping apron,33,795.96
KA15030057,Anjanapur Tank,Minor Irrigation Department,Shivamogga,Shikarpur,Harogoppa,Anjanapura,,,,, ,,,, ,,
KA15030461,Basalikere,Minor Irrigation Department,Shivamogga,Shikarpur,Kalmane,Kalmane,167.06,46,8.28,0.89,∫…∆√™…∆√f√§Ai¿ƒ∏Ô,5.5,3.5,950,Sloping apron,60,2024.21
KA15030460,Baladakatte,Minor Irrigation Department,Shivamogga,Shikarpur,Hithala,Hunasekoppa,78.05,233,6.48,1.94,∫…∆√™…∆√f√§Ai¿ƒ∏Ô,3.35,3,400,Clear Overflow,25,1054.28
KA15030419, ,Minor Irrigation Department,Shivamogga,Shikarpur,Inam Agraharamuchadi,Inam Agrahara Muchhadi,,,,, ,,,, ,,
KA15030455,Madhavanakere,Minor Irrigation Department,Shivamogga,Shikarpur,Inam Agraharamuchadi,Inam Agrahara Muchhadi,,,,, ,,,, ,,
KA15030443,Anekere,Minor Irrigation Department,Shivamogga,Shikarpur,Chikkajamburu,Chikkajamburu,93,159,2.9,0.47,∫…∆√™…∆√f√§Ai¿ƒ∏Ô,4,6.5,1050,Sloping apron,23.5,367.7
KA15030471,Churchikatte,Minor Irrigation Department,Shivamogga,Shikarpur,ULB-Shirlakoppa-TP,Shiralakoppa,,,,, ,,,, ,,
KA15030441,Bhogasamudra Kere,Minor Irrigation Department,Shivamogga,Shikarpur,Chikkajamburu,Bhogasamudra,46.3,49.74,4.72,0.61,∫…∆√™…∆√f√§Ai¿ƒ∏Ô,3,3,1050,Clear Overflow,16,385.92
KA15030472,Doddakere,Minor Irrigation Department,Shivamogga,Shikarpur,Manchikoppa,Manjikoppa,45,4,5.76,0.69,∫…∆√™…∆√f√§Ai¿ƒ∏Ô,3.5,5.5,1000,Flush Escape,10,205.36
KA15030477,Basavannadevarakere,Minor Irrigation Department,Shivamogga,Shikarpur,Belligavi,Belagavi,116,16,5.4,1.51,∫…∆√™…∆√f√§Ai¿ƒ∏Ô,15,3,500,Sloping apron,18,421.5
KA15030440,Uttaranihally Jalikatte,Minor Irrigation Department,Shivamogga,Shikarpur,Chikkajamburu,Uttaranihalli,44.12,100,10.36,0.64,∫…∆√™…∆√f√§Ai¿ƒ∏Ô,3.5,3,1000,Sloping apron,8,88.99
KA15030429,Hirekere,Minor Irrigation Department,Shivamogga,Shikarpur,Manchikoppa,Hakkali,65,6,6.72,0.52,∫…∆√™…∆√f√§Ai¿ƒ∏Ô,4.5,3.5,900,Flush Escape,6,126.63
KA15030474,Jiddigere,Minor Irrigation Department,Shivamogga,Shikarpur,Belligavi,Belagavi,,,,, ,,,, ,,
KA15030456,Arasanakatte,Minor Irrigation Department,Shivamogga,Shikarpur,Belligavi,Maluru,91,19.37,5.04,1.26,∫…∆√™…∆√f√§Ai¿ƒ∏Ô,3,2.5,950,Sloping apron,30,723.6
KA15030431,Jigalikatte,Minor Irrigation Department,Shivamogga,Shikarpur,Manchikoppa,Muttiage,,,,, ,,,, ,,
KA15030445,Vaddinakere,Minor Irrigation Department,Shivamogga,Shikarpur,Thalagunda,Thalagundha,,,,, ,,,, ,,
KA15030475,Belligavi Bharamanakatte(Javagatte),Minor Irrigation Department,Shivamogga,Shikarpur,Belligavi,Belagavi,64.04,14.13,12.06,1.06,∫…∆√™…∆√f√§Ai¿ƒ∏Ô,4,3,1100,Sloping apron,12,187.76
KA15030501,Jalikatte,Minor Irrigation Department,Shivamogga,Shikarpur,Thalagunda,Malagondanakoppa,53,26.32,4.72,0.79,∫…∆√™…∆√f√§Ai¿ƒ∏Ô,3,3,950,Clear Overflow,6,117.35
KA15030447,Basavannadevarakere,Minor Irrigation Department,Shivamogga,Shikarpur,Manchikoppa,Basavanandhihalli,109,6,2.9,0.48,∫…∆√™…∆√f√§Ai¿ƒ∏Ô,3.5,3,1050,Clear Overflow,10,211.05
KA15030424, ,Minor Irrigation Department,Shivamogga,Shikarpur,Sunnadakoppa,Thadasanahalli,52,34.72,6.08,0.78,∫…∆√™…∆√f√§Ai¿ƒ∏Ô,4,4.5,570,Flush Escape,13.5,393.51
KA15030430,Huluginakatte Kere,Minor Irrigation Department,Shivamogga,Shikarpur,Koratigere,Hulaginakoppa,45.07,22,5.4,0.59,∫…∆√™…∆√f√§Ai¿ƒ∏Ô,3,3,230,Flush Escape,,95.83
KA15030411, ,Minor Irrigation Department,Shivamogga,Shikarpur,Sunnadakoppa,Kadenandihalli,,,,, ,,,, ,,
KA15030480,Inakina Kere,Minor Irrigation Department,Shivamogga,Shikarpur,Thogarsi,Devikoppa,79.04,269,1.44,0.55,∫…∆√™…∆√f√§Ai¿ƒ∏Ô,4,7.5,1200,Flush Escape,15,295.47
KA15030487,Hirekere,Minor Irrigation Department,Shivamogga,Shikarpur,Thalagunda,Thalagundha,,,,, ,,,, ,,
KA15030466,Uramundina Kere,Minor Irrigation Department,Shivamogga,Shikarpur,Haragi,Kodihalli,67.02,40,3.96,0.65,∫…∆√™…∆√f√§Ai¿ƒ∏Ô,3,6,420,Sloping apron,30,406.81
KA15030433,Dodda Huluginavaddu,Minor Irrigation Department,Shivamogga,Shikarpur,Sunnadakoppa,Kadenandihalli,54,105,5.04,0.6,∫…∆√™…∆√f√§Ai¿ƒ∏Ô,5,6.5,750,Flush Escape,8,168.83
KA15030468,Huluginakatte,Minor Irrigation Department,Shivamogga,Shikarpur,Thalagunda,Thalagundha,96,31.04,5.4,0.74,∫…∆√™…∆√f√§Ai¿ƒ∏Ô,3,3,350,Flush Escape,10,136.9
KA15030426,Boranakatte (Vadagadde),Minor Irrigation Department,Shivamogga,Shikarpur,Thalagunda,Thalagundha,,,,, ,,,, ,,
KA15030425, ,Minor Irrigation Department,Shivamogga,Shikarpur,Thalagunda,Bisalahalli,,,,, ,,,, ,,
KA15030465,Ganigere,Minor Irrigation Department,Shivamogga,Shikarpur,Haragi,Haragi,56.07,95,7.56,0.8,∫…∆√™…∆√f√§Ai¿ƒ∏Ô,2.5,5.5,660,Sloping apron,15,234.7
KA15030481,Boranakatte (Vadagadde),Minor Irrigation Department,Shivamogga,Shikarpur,Belligavi,Vadagatte,48,97,5.04,0.78,∫…∆√™…∆√f√§Ai¿ƒ∏Ô,3.5,2.5,400,Sloping apron,10,101.7
KA15030418, ,Minor Irrigation Department,Shivamogga,Shikarpur,Biliki,Kanahalli,,,,, ,,,, ,,
KA15030467,Uramundina Kere,Minor Irrigation Department,Shivamogga,Shikarpur,Koratigere,Koratikere,62,106,1.8,0.48,∫…∆√™…∆√f√§Ai¿ƒ∏Ô,3,4.5,420,Clear Overflow,12,361.8
KA15030415, ,Minor Irrigation Department,Shivamogga,Shikarpur,Sunnadakoppa,Sunnadakoppa,,,,, ,,,, ,,
KA15030509,Heggere,Minor Irrigation Department,Shivamogga,Shikarpur,Biliki,Bilaki,,,,, ,,,, ,,
KA15030439,Apinakatte,Minor Irrigation Department,Shivamogga,Shikarpur,Koratigere,Mayathammana Muchhadi,41.05,225,15.48,0.92,∫…∆√™…∆√f√§Ai¿ƒ∏Ô,4.5,5,330,Sloping apron,15.5,370.83
KA15030473,Tavarekere,Minor Irrigation Department,Shivamogga,Shikarpur,Biliki,Bilaki,,,,, ,,,, ,,
KA15030476,Antaragange Tank,Minor Irrigation Department,Shivamogga,Shikarpur,Thogarsi,Kali,,,,, ,,,, ,,
KA15030438,Hosakere,Minor Irrigation Department,Shivamogga,Shikarpur,Koratigere,Ragikoppa,45.12,30,5.76,1,∫…∆√™…∆√f√§Ai¿ƒ∏Ô,4.5,5.5,270,Flush Escape,10,137.3
KA15030432,Garagada Katte,Minor Irrigation Department,Shivamogga,Shikarpur,Sunnadakoppa,Sadhapura,67.01,15,6.08,0.94,∫…∆√™…∆√f√§Ai¿ƒ∏Ô,5,6,690,Flush Escape,6,44.75
KA15030464,Uramundina Kere,Minor Irrigation Department,Shivamogga,Shikarpur,Belligavi,Maluru,109,,5.04,1.65,∫…∆√™…∆√f√§Ai¿ƒ∏Ô,3.5,4.5,1000,Clear Overflow,,782.34
KA15030446,Koppadakere,Minor Irrigation Department,Shivamogga,Shikarpur,Thalagunda,Thalagundha,41.5,20.07,2.4,0.61,∫…∆√™…∆√f√§Ai¿ƒ∏Ô,,,, ,6.8,132.99
KA15030435,Uramundinakere,Minor Irrigation Department,Shivamogga,Shikarpur,Inam Agraharamuchadi,Shirahalli,,,,, ,,,, ,,
KA15030442,Bidarakatte,Minor Irrigation Department,Shivamogga,Shikarpur,Chikkajamburu,Adaganti,42.09,33,0.36,0.73,∫…∆√™…∆√f√§Ai¿ƒ∏Ô,4,5.5,1050,Clear Overflow,7,78.23
KA15030412, ,Minor Irrigation Department,Shivamogga,Shikarpur,Narasapura,Narasapura,43.03,59,7.56,1.06,∫…∆√™…∆√f√§Ai¿ƒ∏Ô,5.5,5.5,700,Flush Escape,25,410.72
KA15030434,Bandalike Nagarakere,Minor Irrigation Department,Shivamogga,Shikarpur,Narasapura,Bandalike,56,140,6.08,0.62,∫…∆√™…∆√f√§Ai¿ƒ∏Ô,5.5,5,330,Flush Escape,48,657.16
KA15030761, ,Minor Irrigation Department,Shivamogga,Shikarpur,Chikkamagadi,Yalagere,44.5,23,0.36,1.26,∫…∆√™…∆√f√§Ai¿ƒ∏Ô,3.5,2.5,720,Sloping apron,15,337.68
KA15030437,Churchikatte,Minor Irrigation Department,Shivamogga,Shikarpur,Malavalli,Mallenahalli,,,,, ,,,, ,,
KA14070004,Savalanga Kere,Minor Irrigation Department,Shivamogga,Shivamogga,Mallapura,Mallapura,87.2,38.09,0.84,0.84,Vented weir,4.2,5,1050,COF,,1767.27
KA15060645,Chordi Heggere Kere,Minor Irrigation Department,Shivamogga,Shivamogga,Choradi,Choradi,92.4,49.2,38.02,0.93,∫…∆√™…∆√f√§Ai¿ƒ∏Ô,6,2.5,600,Sloping apron,20,10.75
KA15060621,Balekoppa Kere,Minor Irrigation Department,Shivamogga,Shivamogga,Balekoppa,Balekoppa,87.6,5.64,36.05,0.96,∫…∆√™…∆√f√§Ai¿ƒ∏Ô,10,3,1050,Sloping apron,10,960
KA15060679, ,Minor Irrigation Department,Shivamogga,Shivamogga,Konagavalli,Tyajavalli,85.4,4.23,35.14,0.96,∫…∆√™…∆√f√§Ai¿ƒ∏Ô,12,6,800,Sloping apron,16,696
KA15060689,Harnahalli Bramha Samudra Kere,Minor Irrigation Department,Shivamogga,Shivamogga,Haranahalli,Harnahalli,67.2,8.16,35.88,0.96,∫…∆√™…∆√f√§Ai¿ƒ∏Ô,9,3,1600,Sloping apron,18,649
KA15060661, ,Minor Irrigation Department,Shivamogga,Shivamogga,Agasavalli,Ramenakoppa,56.87,1.62,26.67,0.76,∫…∆√™…∆√f√§Ai¿ƒ∏Ô,3,1.8,320,Sloping apron,10,208
KA15060703,Kallur Sarkari Kere,Minor Irrigation Department,Shivamogga,Shivamogga,Agasavalli,S.I.Kalluru,40.4,2.1,16.63,0.54,∫…∆√™…∆√f√§Ai¿ƒ∏Ô,4,2.1,300,Sloping apron,8,180
KA15060653,Thyajvalli Ajji Kere,Minor Irrigation Department,Shivamogga,Shivamogga,Konagavalli,Tyajavalli,45.3,0.22,17.19,0.55,∫…∆√™…∆√f√§Ai¿ƒ∏Ô,1.62,2,700,Sloping apron,10,173
KA15060677, ,Minor Irrigation Department,Shivamogga,Shivamogga,Haramaghatta,Haramaghatta,132,19.65,25.4,0.65,∫…∆√™…∆√f√§Ai¿ƒ∏Ô,6.2,2.5,600,Sloping apron,15,173
KA15060819,Boodikere Tank,Minor Irrigation Department,Shivamogga,Shivamogga,Kommanalu,Boodigere,222,32.88,91.36,2.98,∫…∆√™…∆√f√§Ai¿ƒ∏Ô,12,3.5,540,Sloping apron,75,3030
KA15060618,Rechikoppa Kere,Minor Irrigation Department,Shivamogga,Shivamogga,Mandagatta,Rechikoppa,,,,, ,,,, ,,
KA15060640,Tharebailu Jettina Kere,Minor Irrigation Department,Shivamogga,Shivamogga,Kumsi,Kumsi,41.2,2.14,33.41,0.95,∫…∆√™…∆√f√§Ai¿ƒ∏Ô,9.5,2.5,600,Sloping apron,,640
KA15060872, ,Minor Irrigation Department,Shivamogga,Shivamogga,Konagavalli,Mudavala,67.6,6.19,27.81,0.85,∫…∆√™…∆√f√§Ai¿ƒ∏Ô,12,5,600,Sloping apron,16,914
KA15060674, ,Minor Irrigation Department,Shivamogga,Shivamogga,Haranahalli,Harnahalli,,,,, ,,,, ,,
KA15060665, ,Minor Irrigation Department,Shivamogga,Shivamogga,Balekoppa,Chamenahalli,46,3.14,20.14,0.61,∫…∆√™…∆√f√§Ai¿ƒ∏Ô,8,2.5,500,Sloping apron,12,496
KA15060655,Harnahalli Hirekere,Minor Irrigation Department,Shivamogga,Shivamogga,Haranahalli,Harnahalli,105.6,6.24,43.46,1.12,∫…∆√™…∆√f√§Ai¿ƒ∏Ô,14,4,800,Sloping apron,20,840
KA15060664, ,Minor Irrigation Department,Shivamogga,Shivamogga,Kumsi,Kumsi,71.6,3.14,33.41,0.95,∫…∆√™…∆√f√§Ai¿ƒ∏Ô,12,8,900,Sloping apron,12,980
KA15060656,Yadavala Harivana Kere,Minor Irrigation Department,Shivamogga,Shivamogga,Konagavalli,Yedavala,53.2,5.2,21.35,0.59,∫…∆√™…∆√f√§Ai¿ƒ∏Ô,1.8,1.8,700,Sloping apron,15,215
KA15060368, ,Minor Irrigation Department,Shivamogga,Shivamogga,Haranahalli,Harnahalli,,,,, ,,,, ,,
KA15060639,Eerannakere,Minor Irrigation Department,Shivamogga,Shivamogga,Kumsi,Kumsi,43.2,1.6,17.77,0.25,∫…∆√™…∆√f√§Ai¿ƒ∏Ô,15.75,3.5,900,Sloping apron,15,1648
KA15060682, ,Minor Irrigation Department,Shivamogga,Shivamogga,Kunchenahalli,Kunchenahalli,42.1,19.02,16.63,0.56,∫…∆√™…∆√f√§Ai¿ƒ∏Ô,8,3.5,650,Sloping apron,15,163
KA15060623,Kumsi Hirekere,Minor Irrigation Department,Shivamogga,Shivamogga,Kumsi,Kumsi,57.2,6.24,27.65,0.85,∫…∆√™…∆√f√§Ai¿ƒ∏Ô,9.5,14,600,Sloping apron,8,698
KA15060642,Somashettikoppa  Kere,Minor Irrigation Department,Shivamogga,Shivamogga,Kumsi,Somashettyhalli,55.6,4.14,22.88,0.65,∫…∆√™…∆√f√§Ai¿ƒ∏Ô,14.5,8,800,Sloping apron,14,745
KA15060643,Balekoppa Balasokere,Minor Irrigation Department,Shivamogga,Shivamogga,Balekoppa,Balekoppa,40.8,2.14,16.79,0.22,∫…∆√™…∆√f√§Ai¿ƒ∏Ô,9.5,2.5,500,Sloping apron,10,410
KA15060657,Khalli  Saginakatte Kere,Minor Irrigation Department,Shivamogga,Shivamogga,Ramanagara,Ramanagara,,,,, ,,,, ,,
KA15060644,Chordi Jandlikere,Minor Irrigation Department,Shivamogga,Shivamogga,Choradi,Choradi,92.4,11.2,79.17,0.94,∫…∆√™…∆√f√§Ai¿ƒ∏Ô,3,10,700,Sloping apron,20,12.17
KA15060625,Veerannana Benavalli Sarkari Doddakere,Minor Irrigation Department,Shivamogga,Shivamogga,Ayanuru,Binahalli,42,1.5,23.2,0.56,∫…∆√™…∆√f√§Ai¿ƒ∏Ô,6,6,400,Sloping apron,10,205
KA15060691,Konagavalli Giriyanna Shetty Kere,Minor Irrigation Department,Shivamogga,Shivamogga,Konagavalli,Konagavalli,,,,, ,,,, ,,
KA15060615,Ragihosalli Balsokere,Minor Irrigation Department,Shivamogga,Shivamogga,Mandagatta,Ragihosahalli,,,,, ,,,, ,,
KA15060671, ,Minor Irrigation Department,Shivamogga,Shivamogga,Sirigere,Manjarikoppa,,,,, ,,,, ,,
KA15060702,Aadinakottige Kere,Minor Irrigation Department,Shivamogga,Shivamogga,Tammadihalli,Adinakottige,,,,, ,,,, ,,
KA15060130, ,Minor Irrigation Department,Shivamogga,Shivamogga,Tammadihalli,Belgunni,,,,, ,,,, ,,
KA15060668, ,Minor Irrigation Department,Shivamogga,Shivamogga,Tammadihalli,Doddamuttali,,,,, ,,,, ,,
KA15060676, ,Minor Irrigation Department,Shivamogga,Shivamogga,Koteganguru,Koteganguru,45.34,13.84,18.44,0.61,∫…∆√™…∆√f√§Ai¿ƒ∏Ô,5.5,4,500,Sloping apron,15,163
KA15060649,Basavanaganguru Kere,Minor Irrigation Department,Shivamogga,Shivamogga,Abbalagere,Basavanaganguru,62.87,18.69,25.19,0.83,∫…∆√™…∆√f√§Ai¿ƒ∏Ô,3.5,2.5,1100,Sloping apron,20,303
KA15060172, ,Minor Irrigation Department,Shivamogga,Shivamogga,Tammadihalli,Chikkamutthali,,,,, ,,,, ,,
KA15060652,Abbalagere Kere,Minor Irrigation Department,Shivamogga,Shivamogga,Abbalagere,Abblagere,58.4,1.05,24.03,0.65,∫…∆√™…∆√f√§Ai¿ƒ∏Ô,6,3,450,Sloping apron,25,314
KA15060876,Mudinakoppa Chikkakere,Minor Irrigation Department,Shivamogga,Shivamogga,Muddinakoppa,Muddenakoppa,41.45,5.18,17,0.22,∫…∆√™…∆√f√§Ai¿ƒ∏Ô,10,3,600,Sloping apron,30,816
KA15060637,Adgadi Ooramundina Kere,Minor Irrigation Department,Shivamogga,Shivamogga,Mandagatta,Adagadi,,,,, ,,,, ,,
KA15060681, ,Minor Irrigation Department,Shivamogga,Shivamogga,Koteganguru,Devakathikoppa,51.24,10.93,21.73,0.69,∫…∆√™…∆√f√§Ai¿ƒ∏Ô,5,3.5,400,Sloping apron,22,230
KA15060701,Yalavalli Sarkari Karabu Kere,Minor Irrigation Department,Shivamogga,Shivamogga,Ayanuru,Yelavalli,50.2,4.74,20.66,0.62,∫…∆√™…∆√f√§Ai¿ƒ∏Ô,6,3,500,Sloping apron,12,820
KA15060666, ,Minor Irrigation Department,Shivamogga,Shivamogga,Kohalli,Kohalli,,,,, ,,,, ,,
KA15060373, ,Minor Irrigation Department,Shivamogga,Shivamogga,Abbalagere,Kallaganguru,70,3.06,8.88,0.25,∫…∆√™…∆√f√§Ai¿ƒ∏Ô,7.82,2.5,350,Sloping apron,15,19.69
KA15060785, ,Minor Irrigation Department,Shivamogga,Shivamogga,Ayanuru,Somanakoppa,81.74,44.51,31.28,1.09,∫…∆√™…∆√f√§Ai¿ƒ∏Ô,8,2,1100,Sloping apron,12,322
KA15060631,Mandghatta Dyavnkere,Minor Irrigation Department,Shivamogga,Shivamogga,Mandagatta,Dyavanakere,,,,, ,,,, ,,
KA15060635,Gopashettykoppa Kere,Minor Irrigation Department,Shivamogga,Shivamogga,ULB-Shivamogga-CC,Gopashettykoppa,55.6,3.2,22.88,0.75,∫…∆√™…∆√f√§Ai¿ƒ∏Ô,6,3,600,Sloping apron,12,244
KA15060808,Seegehalla Hosakere,Minor Irrigation Department,Shivamogga,Shivamogga,Tammadihalli,Kudi,,,,, ,,,, ,,
KA15060611,Anupinakatte Balasokere,Minor Irrigation Department,Shivamogga,Shivamogga,Purudalu,Anupanakatte,49.3,34,20.25,0.66,∫…∆√™…∆√f√§Ai¿ƒ∏Ô,5,2.5,500,Sloping apron,10,219
KA15060638,Sirigere Balasokere,Minor Irrigation Department,Shivamogga,Shivamogga,Sirigere,Sirigere,,,,, ,,,, ,,
KA15060647,Bomanakatte Balasokere,Minor Irrigation Department,Shivamogga,Shivamogga,ULB-Shivamogga-CC,Bommanakatte,41.8,27,17.35,0.5,∫…∆√™…∆√f√§Ai¿ƒ∏Ô,3,1.8,450,Sloping apron,15,173
KA15060016, ,Minor Irrigation Department,Shivamogga,Shivamogga,Koralahalli,Lakkenakoppa,,,,, ,,,, ,,
KA15060634,Kadekal Kere,Minor Irrigation Department,Shivamogga,Shivamogga,Kadekal,Kadekal,72.8,2.3,29.96,0.98,∫…∆√™…∆√f√§Ai¿ƒ∏Ô,6,2.1,465,Sloping apron,10,321
KA15020074,Thotada Kere,Minor Irrigation Department,Shivamogga,Soraba,Chitturu,Indihalli,,,,, ,,,, ,,
KA15020075,Manchikere,Minor Irrigation Department,Shivamogga,Soraba,Chitturu,Indihalli,,,,, ,,,, ,,
KA15020142, ,Minor Irrigation Department,Shivamogga,Soraba,Nisarani,Kyasanuru,42.3,0.81,0.26,0.69,∫…∆√™…∆√f√§Ai¿ƒ∏Ô,2.5,1.8,200,Flush Escape,9,9.08
KA15020128, ,Minor Irrigation Department,Shivamogga,Soraba,Induvalli,Brahmana Induvalli,,,,, ,,,, ,,
KA15020076,Hosakere,Minor Irrigation Department,Shivamogga,Soraba,Chitturu,Malalikoppa,,,,, ,,,, ,,
KA15020045,Thotada Kere,Minor Irrigation Department,Shivamogga,Soraba,Shigga,Brahmana sagaddhe,73.27,8.5,4.18,0.96,∫…∆√™…∆√f√§Ai¿ƒ∏Ô,4,2.2,550,Flush Escape,12,11.41
KA15020069,Nerala Kere,Minor Irrigation Department,Shivamogga,Soraba,Induvalli,Hesari,,,,, ,,,, ,,
KA15020070,Dodda Kere,Minor Irrigation Department,Shivamogga,Soraba,Chitturu,Chitturu,42.91,9.35,27.49,1.49,∫…∆√™…∆√f√§Ai¿ƒ∏Ô,4,5,800,Clear Overflow,22,15.15
KA15020067,Thotadakere,Minor Irrigation Department,Shivamogga,Soraba,Shigga,Shigga,60.72,3.64,2.09,0.66,∫…∆√™…∆√f√§Ai¿ƒ∏Ô,4,5,650,Sloping apron,8,8.91
KA15020033,Doddakere,Minor Irrigation Department,Shivamogga,Soraba,Mutuguppe,Muttigoppa,44.93,4.45,1.82,0.54,∫…∆√™…∆√f√§Ai¿ƒ∏Ô,3.2,4,400,Flush Escape,8,7.81
KA15020129, ,Minor Irrigation Department,Shivamogga,Soraba,Chitturu,Kavadi,43.73,1.62,1.04,1.6,∫…∆√™…∆√f√§Ai¿ƒ∏Ô,3.6,2.3,400,Flush Escape,12,15.92
KA15020127, ,Minor Irrigation Department,Shivamogga,Soraba,Shigga,Kundagasavi,40.89,4.45,1.56,0.74,∫…∆√™…∆√f√§Ai¿ƒ∏Ô,3.2,2.2,500,Clear Overflow,10,9.59
KA15020035,Hirekere,Minor Irrigation Department,Shivamogga,Soraba,Duguru,Doguru,61.13,2.43,0.78,0.6,∫…∆√™…∆√f√§Ai¿ƒ∏Ô,3.2,2.2,500,Clear Overflow,8,8.23
KA15020066,Kuntekere,Minor Irrigation Department,Shivamogga,Soraba,Mavali,Chennapura,,,,, ,,,, ,,
KA15020071,Doddakere,Minor Irrigation Department,Shivamogga,Soraba,Induvalli,Hirekasavi,,,,, ,,,, ,,
KA15020063,Vadinaakere,Minor Irrigation Department,Shivamogga,Soraba,Mavali,Manemane,70.85,13.77,4.44,0.52,∫…∆√™…∆√f√§Ai¿ƒ∏Ô,3.5,2.2,1000,--,10,7.66
KA15020140, ,Minor Irrigation Department,Shivamogga,Soraba,Biluvani,Bedhavatti,49.39,2.02,3.35,0.85,∫…∆√™…∆√f√§Ai¿ƒ∏Ô,4,2.4,600,OGU,11,10.59
KA15020037,Thotadakere,Minor Irrigation Department,Shivamogga,Soraba,Andige,Andige,101.61,12.55,5.34,1.18,∫…∆√™…∆√f√§Ai¿ƒ∏Ô,3.8,4,600,Clear Overflow,18,13.01
KA15020065,Hosakere,Minor Irrigation Department,Shivamogga,Soraba,Mavali,Yalavalli,66.39,3.24,2.8,0.52,∫…∆√™…∆√f√§Ai¿ƒ∏Ô,3.8,5,700,Clear Overflow,10,7.66
KA15020061,Bendhe Kere,Minor Irrigation Department,Shivamogga,Soraba,Mavali,Mavale,43.72,10.53,4.44,0.93,∫…∆√™…∆√f√§Ai¿ƒ∏Ô,3.6,5,600,Clear Overflow,18.4,11.21
KA15020032,Dooddakere,Minor Irrigation Department,Shivamogga,Soraba,Chandragutti,Andavalli,56.68,16.6,10.18,0.81,∫…∆√™…∆√f√§Ai¿ƒ∏Ô,3.3,5,600,-,20,10.28
KA15020041,Bandigekere,Minor Irrigation Department,Shivamogga,Soraba,Mutuguppe,Abasi,40.48,,1.3,0.61,∫…∆√™…∆√f√§Ai¿ƒ∏Ô,4,5,500,Flush Escape,7,8.23
KA15020062,Erekatte,Minor Irrigation Department,Shivamogga,Soraba,Tatturu,Thatthuru,60.72,6.48,1.04,0.71,∫…∆√™…∆√f√§Ai¿ƒ∏Ô,3.2,2.3,600,Sloping apron,25,9.35
KA15020188, ,Minor Irrigation Department,Shivamogga,Soraba,Tatturu,Negavadi,51.01,5.26,1.3,0.59,∫…∆√™…∆√f√§Ai¿ƒ∏Ô,4,2.3,600,-,10,8.34
KA15020125, ,Minor Irrigation Department,Shivamogga,Soraba,Gendla,Gendla,58.29,2.02,0.52,0.47,∫…∆√™…∆√f√§Ai¿ƒ∏Ô,3,5,400,-,8,7.77
KA15020029,Doddakere,Minor Irrigation Department,Shivamogga,Soraba,Hanchi,Gangavalli,,,,, ,,,, ,,
KA15020087,Tavarekatte,Minor Irrigation Department,Shivamogga,Soraba,Tatturu,Thatthuru,,,,, ,,,, ,,
KA15020053,Doddakere,Minor Irrigation Department,Shivamogga,Soraba,Gendla,Bettadakurli,71.65,10.12,4.23,0.83,∫…∆√™…∆√f√§Ai¿ƒ∏Ô,3.3,2.3,600,Flush Escape,10,10.44
KA15020055,Oorabagilakere,Minor Irrigation Department,Shivamogga,Soraba,Gendla,Gendla,47.77,15.38,2.6,0.51,∫…∆√™…∆√f√§Ai¿ƒ∏Ô,4,5.1,800,Clear Overflow,8,7.57
KA15020094, ,Minor Irrigation Department,Shivamogga,Soraba,Tavanandi,Thekkuru,,,,, ,,,, ,,
KA15020064,Doddakere,Minor Irrigation Department,Shivamogga,Soraba,Tatturu,Balekoppa,49.39,10.12,2.35,0.58,∫…∆√™…∆√f√§Ai¿ƒ∏Ô,3.4,2.4,500,Ogee,30,8.11
KA15020097, ,Minor Irrigation Department,Shivamogga,Soraba,Dyavanahalli,Kolaga,53.44,28.34,0.78,0.66,∫…∆√™…∆√f√§Ai¿ƒ∏Ô,3.1,2.2,350,Sloping apron,11,8.87
KA15020145, ,Minor Irrigation Department,Shivamogga,Soraba,Bennuru,Bennuru,70.85,1.62,1.56,0.49,∫…∆√™…∆√f√§Ai¿ƒ∏Ô,3.3,2.3,600,Clear Overflow,15,7.31
KA15020092, ,Minor Irrigation Department,Shivamogga,Soraba,Chandragutti,Thoruvagondanakoppa,,,,, ,,,, ,,
KA15020047,Doddakere,Minor Irrigation Department,Shivamogga,Soraba,Kuppagadde,Kuppagadde,125.3,15.38,4.7,1.46,∫…∆√™…∆√f√§Ai¿ƒ∏Ô,4,4,1000,Flush Escape,15,15.07
KA15020884,Kattinakere,Minor Irrigation Department,Shivamogga,Soraba,Tatturu,Kanukoppa,66.39,8.91,3.39,0.77,∫…∆√™…∆√f√§Ai¿ƒ∏Ô,3.3,5,700,Clear Overflow,8,9.91
KA15020098, ,Minor Irrigation Department,Shivamogga,Soraba,Tavanandi,Thekkuru,,,,, ,,,, ,,
KA15020001,Kattinakere,Minor Irrigation Department,Shivamogga,Soraba,Tatturu,Thatthuru,,,,, ,,,, ,,
KA15020038,Ooramundinakere,Minor Irrigation Department,Shivamogga,Soraba,Udri,Kummaru,66.72,9.72,3.13,0.68,∫…∆√™…∆√f√§Ai¿ƒ∏Ô,3.1,5,500,Clear Overflow,9,9.1
KA15020093, ,Minor Irrigation Department,Shivamogga,Soraba,Udri,Udri,,,,, ,,,, ,,
KA15020099, ,Minor Irrigation Department,Shivamogga,Soraba,Gudavi,Gudavi,69.23,33.6,9.14,0.68,∫…∆√™…∆√f√§Ai¿ƒ∏Ô,3.4,4,500,Flush Escape,45,9.08
KA15020044,Ooramundina Doddakere,Minor Irrigation Department,Shivamogga,Soraba,Udri,Udri,51,,5.4,0.75,∫…∆√™…∆√f√§Ai¿ƒ∏Ô,3.5,2.2,700,--,3,8.41
KA15020039,Urrabagillakere,Minor Irrigation Department,Shivamogga,Soraba,Hechhe,Gunjanuru,51.48,8.1,2.55,0.62,∫…∆√™…∆√f√§Ai¿ƒ∏Ô,2.6,5,450,Flush Escape,4,8.41
KA15020040,Uramudinaa Doodakere,Minor Irrigation Department,Shivamogga,Soraba,Andige,Uruganahalli,162.75,45.34,23,1.89,∫…∆√™…∆√f√§Ai¿ƒ∏Ô,4,5,1500,Flush Escape,25,17.82
KA15020146, ,Minor Irrigation Department,Shivamogga,Soraba,Hechhe,Hejje,,,,, ,,,, ,,
KA15020004,Hosakere,Minor Irrigation Department,Shivamogga,Soraba,Biluvani,Sutthakote,,,,, ,,,, ,,
KA15020073,Voddinakere,Minor Irrigation Department,Shivamogga,Soraba,Biluvani,Chatradahalli,,,,, ,,,, ,,
KA15020072,Thotada Kere,Minor Irrigation Department,Shivamogga,Soraba,Biluvani,Chatradahalli,51.01,9.31,2.35,0.54,∫…∆√™…∆√f√§Ai¿ƒ∏Ô,3.5,5,600,Flush Escape,7,7.8
KA15020046,Thothadakere,Minor Irrigation Department,Shivamogga,Soraba,Hechhe,Hejje,174.49,4.86,6,2.03,∫…∆√™…∆√f√§Ai¿ƒ∏Ô,3.8,5,1000,Clear Overflow,45,18.76
KA15020096, ,Minor Irrigation Department,Shivamogga,Soraba,Kodakani,Kodakani,46.55,11.34,7.31,1.13,∫…∆√™…∆√f√§Ai¿ƒ∏Ô,3.6,2.4,700,Clear Overflow,15,21.59
KA15020068,Doddakere,Minor Irrigation Department,Shivamogga,Soraba,Biluvani,Bilavani,65.18,6.07,1.3,0.94,∫…∆√™…∆√f√§Ai¿ƒ∏Ô,4,2.3,500,Flush Escape,8,9.35
KA15020027,Doddakere,Minor Irrigation Department,Shivamogga,Soraba,Tatturu,Negavadi,65.18,9.72,5.22,0.76,∫…∆√™…∆√f√§Ai¿ƒ∏Ô,3.6,3.1,600,-,10,9.79
KA15020123, ,Minor Irrigation Department,Shivamogga,Soraba,Gendla,Thalaguppa,97.16,7.29,1.56,0.52,∫…∆√™…∆√f√§Ai¿ƒ∏Ô,3,3,500,Flush Escape,11,7.57
KA15020141, ,Minor Irrigation Department,Shivamogga,Soraba,Dyavanahalli,Puttanahalli,55.46,32.79,11.48,0.75,∫…∆√™…∆√f√§Ai¿ƒ∏Ô,4,5,630,Flush Escape,15,9.69
KA15020089,Aravattigekere,Minor Irrigation Department,Shivamogga,Soraba,Talluru,Chikkayedagodu,,,,, ,,,, ,,
KA15020021,Hosakattekere,Minor Irrigation Department,Shivamogga,Soraba,Ennekoppa,Vrutthikoppa,,,,, ,,,, ,,
KA15020058,Alahalli Kere,Minor Irrigation Department,Shivamogga,Soraba,Samanavalli,Thudaneeru,48.98,9.72,2.87,0.57,∫…∆√™…∆√f√§Ai¿ƒ∏Ô,3.5,2.4,500,Sloping apron,30,8.01
KA15020086,Mavinakattekere,Minor Irrigation Department,Shivamogga,Soraba,Talluru,Chikkayedagodu,,,,, ,,,, ,,
KA15020130, ,Minor Irrigation Department,Shivamogga,Soraba,Ennekoppa,Thyavaratheppa,,,,, ,,,, ,,
KA15020131, ,Minor Irrigation Department,Shivamogga,Soraba,Hanchi,Hanche,,,,, ,,,, ,,
KA15020081,Tavarekatte,Minor Irrigation Department,Shivamogga,Soraba,Bharangi,Gummanahalu,94.24,7.66,1.69,1.8,Homogeneous,3.5,2.6,495,COF,308,8.73
KA15020107, ,Minor Irrigation Department,Shivamogga,Soraba,Katuvalli,Kerehalli,82.18,16.19,9.92,0.71,∫…∆√™…∆√f√§Ai¿ƒ∏Ô,3.5,6,450,Clear Overflow,10,9.39
KA15020077,Savagattikere,Minor Irrigation Department,Shivamogga,Soraba,Ennekoppa,Ennikoppa,,,,, ,,,, ,,
KA15020023,Hunesehalli Doddakere,Minor Irrigation Department,Shivamogga,Soraba,Talluru,Hunasavalli,,,,, ,,,, ,,
KA15020083,Tavarekatte,Minor Irrigation Department,Shivamogga,Soraba,Hanchi,Hanche,,,,, ,,,, ,,
KA15020084,Hirekere,Minor Irrigation Department,Shivamogga,Soraba,Hanchi,Kunitheppa,,,,, ,,,, ,,
KA15020078,Mathagattekere,Minor Irrigation Department,Shivamogga,Soraba,Ennekoppa,Ennikoppa,,,,, ,,,, ,,
KA15020054,Badani Katte Kere,Minor Irrigation Department,Shivamogga,Soraba,Samanavalli,Badanakatte,117.4,7.29,1.56,1.37,∫…∆√™…∆√f√§Ai¿ƒ∏Ô,3.5,2.4,0.6,Clear Overflow,18,14.35
KA15020085,Voddinakere,Minor Irrigation Department,Shivamogga,Soraba,Ennekoppa,Belavanthanakoppa,,,,, ,,,, ,,
KA15020088,Thotadakere,Minor Irrigation Department,Shivamogga,Soraba,Talluru,Kamanavalli,,,,, ,,,, ,,
KA15020028,Balagatte Kere,Minor Irrigation Department,Shivamogga,Soraba,Bharangi,Barangi,,,,, ,,,, ,,
KA15020082,Labbalagere,Minor Irrigation Department,Shivamogga,Soraba,Talluru,Thalluru,,,,, ,,,, ,,
KA15020136, ,Minor Irrigation Department,Shivamogga,Soraba,Bharangi,Barangi,,,,, ,,,, ,,
KA15020135, ,Minor Irrigation Department,Shivamogga,Soraba,Bharangi,Barangi,,,,, ,,,, ,,
KA15020117, ,Minor Irrigation Department,Shivamogga,Soraba,Katuvalli,Thumarikoppa,,,,, ,,,, ,,
KA15020105, ,Minor Irrigation Department,Shivamogga,Soraba,Jade,Chagaturu,108.07,8.5,2.35,1.26,∫…∆√™…∆√f√§Ai¿ƒ∏Ô,3.4,2.3,600,-,11.5,13.69
KA15020049,Oramundinakere,Minor Irrigation Department,Shivamogga,Soraba,Samanavalli,Hosahalli,126.31,24.7,1.3,1.47,∫…∆√™…∆√f√§Ai¿ƒ∏Ô,3.5,5,400,Flush Escape,10,15.15
KA15020134, ,Minor Irrigation Department,Shivamogga,Soraba,Huruli,Hirechavati,,,,, ,,,, ,,
KA15020059,Hosakere,Minor Irrigation Department,Shivamogga,Soraba,Anavatti,Anavatti,,,,, ,,,, ,,
KA15020106, ,Minor Irrigation Department,Shivamogga,Soraba,Jade,Hanaji,,,,, ,,,, ,,
KA15020113, ,Minor Irrigation Department,Shivamogga,Soraba,Jade,Kaligeri,52.65,7.29,2.09,0.78,∫…∆√™…∆√f√§Ai¿ƒ∏Ô,3.4,2.3,800,Flush Escape,10,10.47
KA15020104, ,Minor Irrigation Department,Shivamogga,Soraba,Katuvalli,Bennuru,126.72,4.05,1.04,1.48,∫…∆√™…∆√f√§Ai¿ƒ∏Ô,3.6,5,300,Clear Overflow,18,15.15
KA15020050,Doddakere,Minor Irrigation Department,Shivamogga,Soraba,Kubturu,Kubaturu,555.5,65.06,40.86,6.47,∫…∆√™…∆√f√§Ai¿ƒ∏Ô,5,5,1800,Sloping apron,85,40.48
KA15020138, ,Minor Irrigation Department,Shivamogga,Soraba,Kubturu,Lakkavalli,,,,, ,,,, ,,
KA15020115, ,Minor Irrigation Department,Shivamogga,Soraba,Jade,Bankasana,51.42,1.62,0.26,0.5,∫…∆√™…∆√f√§Ai¿ƒ∏Ô,3.3,2.3,500,-,6,7.43
KA15020079,Basti Katte Kere,Minor Irrigation Department,Shivamogga,Soraba,Huruli,Hirechavati,,,,, ,,,, ,,
KA15020122, ,Minor Irrigation Department,Shivamogga,Soraba,Jade,Jade,,,,, ,,,, ,,
KA15020080,Doddakere,Minor Irrigation Department,Shivamogga,Soraba,Huruli,Hurali,,,,, ,,,, ,,
KA15020121, ,Minor Irrigation Department,Shivamogga,Soraba,Thelagunda,Mangapura,,,,, ,,,, ,,
KA15020119, ,Minor Irrigation Department,Shivamogga,Soraba,Kubturu,Vitalapura,48.98,4.05,1.04,0.57,∫…∆√™…∆√f√§Ai¿ƒ∏Ô,3.2,3,450,Flush Escape,10,8.1
KA15020103, ,Minor Irrigation Department,Shivamogga,Soraba,Thelagunda,Shanuvalli,44.93,4.86,1.82,0.67,∫…∆√™…∆√f√§Ai¿ƒ∏Ô,3.8,2.4,600,-,6,9.02
KA15020116, ,Minor Irrigation Department,Shivamogga,Soraba,Thelagunda,Thalagundli,,,,, ,,,, ,,
KA15020051,Agasanakatte,Minor Irrigation Department,Shivamogga,Soraba,Kubturu,Neerlagi,42.1,4.86,2.09,0.49,∫…∆√™…∆√f√§Ai¿ƒ∏Ô,3,2.3,600,Sloping apron,6,7.34
KA15020052,Kuntikere,Minor Irrigation Department,Shivamogga,Soraba,Kubturu,Neerlagi,,,,, ,,,, ,,
KA15020368, ,Minor Irrigation Department,Shivamogga,Soraba,Kubturu,Neerlagi,,,,, ,,,, ,,
KA15020102,Doddakere,Minor Irrigation Department,Shivamogga,Soraba,Kubturu,Mallapura,74.49,11.34,2.09,0.87,∫…∆√™…∆√f√§Ai¿ƒ∏Ô,3.2,3,800,Sloping apron,10,10.71
KA15020056,Bukere,Minor Irrigation Department,Shivamogga,Soraba,Agasanahalli,Mooguru,291.01,31.98,5.22,3.39,∫…∆√™…∆√f√§Ai¿ƒ∏Ô,4,2.3,1000,-,12,26.28
KA15020031,Doddakere,Minor Irrigation Department,Shivamogga,Soraba,Huruli,Kodihalli,112.55,27.13,21.56,1.31,∫…∆√™…∆√f√§Ai¿ƒ∏Ô,4,3,1100,Sloping apron,30,14.01
KA15020057,Aaladakatte,Minor Irrigation Department,Shivamogga,Soraba,Kubturu,Neerlagi,,,,, ,,,, ,,
KA15020108, ,Minor Irrigation Department,Shivamogga,Soraba,Thelagunda,Kamaruru,58.29,5.67,1.56,1.15,∫…∆√™…∆√f√§Ai¿ƒ∏Ô,3,2.2,300,Flush Escape,9.6,12.84
KA15020885,Doddakere,Minor Irrigation Department,Shivamogga,Soraba,Mudidoddikoppa,Moodidoddikoppa,246,32.39,7.73,2.87,∫…∆√™…∆√f√§Ai¿ƒ∏Ô,4,5,1000,Sloping apron,75,23.57
KA15020461, ,Minor Irrigation Department,Shivamogga,Soraba,Agasanahalli,Dwarahalli,41.49,2.43,0.52,0.48,∫…∆√™…∆√f√§Ai¿ƒ∏Ô,2.5,2.1,400,Sloping apron,6,7.27
KA15020090,Bendekatte Kere,Minor Irrigation Department,Shivamogga,Soraba,Agasanahalli,Thoravandha,,,,, ,,,, ,,
KA15020013,Mathigatte Kere(Manigatte Kere),Minor Irrigation Department,Shivamogga,Soraba,Agasanahalli,Bommarasikoppa,,,,, ,,,, ,,
KA15020060,Doddakere,Minor Irrigation Department,Shivamogga,Soraba,Agasanahalli,Dwarahalli,70.04,7.69,1.56,0.82,∫…∆√™…∆√f√§Ai¿ƒ∏Ô,3.3,2.3,800,Clear Overflow,9,10.28
KA15020112, ,Minor Irrigation Department,Shivamogga,Soraba,Talagadde,Thelagadde,,,,, ,,,, ,,
KA15020030,Hittalakatte Kere,Minor Irrigation Department,Shivamogga,Soraba,Agasanahalli,Thoravandha,,,,, ,,,, ,,
KA15020111, ,Minor Irrigation Department,Shivamogga,Soraba,Talagadde,Kodikoppa,,,,, ,,,, ,,
KA15020118, ,Minor Irrigation Department,Shivamogga,Soraba,Shakunavalli,Sabara,,,,, ,,,, ,,
KA15020114, ,Minor Irrigation Department,Shivamogga,Soraba,Shakunavalli,Shakunahalli,99.17,11.34,3.13,0.89,∫…∆√™…∆√f√§Ai¿ƒ∏Ô,3.6,2.4,1000,-,20,8.23
KA15020110, ,Minor Irrigation Department,Shivamogga,Soraba,Talagadde,Arathalagadde,67.2,8.9,2.35,0.82,∫…∆√™…∆√f√§Ai¿ƒ∏Ô,3.4,2.3,300,-,20,10.28
KA15020144, ,Minor Irrigation Department,Shivamogga,Soraba,Shakunavalli,Sabara,,,,, ,,,, ,,
KA15020120, ,Minor Irrigation Department,Shivamogga,Soraba,Shakunavalli,Bilagale,,,,, ,,,, ,,
KA15020883, ,Minor Irrigation Department,Shivamogga,Soraba,Shakunavalli,Shankarikoppa,57.43,18.22,6,2.24,∫…∆√™…∆√f√§Ai¿ƒ∏Ô,3.5,2.4,600,Flush Escape,20,26.03
KA15020109, ,Minor Irrigation Department,Shivamogga,Soraba,Talagadde,Binkavalli,98.38,3.64,0.78,0.58,∫…∆√™…∆√f√§Ai¿ƒ∏Ô,3.4,2.3,400,-,15,8.23
KA15050056,Yogimalali,Minor Irrigation Department,Shivamogga,Tirthahalli,Demlapura,Yogimalali,42.5,0.5,17.65,0.49,∫…∆√™…∆√f√§Ai¿ƒ∏Ô,8.4,2.5,150,Sloping apron,,280
KA15050036, ,Minor Irrigation Department,Shivamogga,Tirthahalli,Hedduru,Mundavalli,52,0.6,21.18,0.59,∫…∆√™…∆√f√§Ai¿ƒ∏Ô,8.6,3,400,Sloping apron,,390
KA15050055,Hottukere,Minor Irrigation Department,Shivamogga,Tirthahalli,Kudumallige,Chikkakanchigudde,42.4,1,17.3,0.48,∫…∆√™…∆√f√§Ai¿ƒ∏Ô,5,2.5,50,Sloping apron,,210
KA15050058,Bekshe Kenchi Gudde Bekshe Kere,Minor Irrigation Department,Shivamogga,Tirthahalli,Kudumallige,Chikkakanchigudde,43.2,2.05,18.01,0.5,∫…∆√™…∆√f√§Ai¿ƒ∏Ô,8.4,3,300,Sloping apron,,410
KA15050413, ,Minor Irrigation Department,Shivamogga,Tirthahalli,Hodala (Aralapura),Aralapura,47.6,0.9,19.42,0.54,∫…∆√™…∆√f√§Ai¿ƒ∏Ô,3.5,2.5,100,Sloping apron,,250
KA15050050,Ramaiahanakere,Minor Irrigation Department,Shivamogga,Tirthahalli,Mandagadde,Shindhuvadi,52.4,2,24.54,0.69,∫…∆√™…∆√f√§Ai¿ƒ∏Ô,6.8,2.5,350,Sloping apron,,350
KA15050049,Saravinakere,Minor Irrigation Department,Shivamogga,Tirthahalli,Mandagadde,Shindhuvadi,,,,, ,,,, ,,
KA15050053,Yadavatti,Minor Irrigation Department,Shivamogga,Tirthahalli,Kannangi,Yadavatthi,60.4,1,24.72,0.69,∫…∆√™…∆√f√§Ai¿ƒ∏Ô,5,2.4,30,Sloping apron,,240
KA15050054,Konanduru Doddakere,Minor Irrigation Department,Shivamogga,Tirthahalli,Konanduru,Konanduru,43.2,0.4,17.72,0.5,∫…∆√™…∆√f√§Ai¿ƒ∏Ô,12,2.5,600,Sloping apron,,450
KA18010019,Tankajanahalli Kere,Minor Irrigation Department,Tumakuru,Chiknayakanhalli,J.C.Pura,Pankajanahalli,52.47,42.9,6.3,4.06,Homo gene ous,4.1,2,1110,clear fall,30,42.42
KA18010385,Gopalanahalli Tank,Minor Irrigation Department,Tumakuru,Chiknayakanhalli,Shettikere,Gopalanahalli,43.2,12,4.3,6.18,Homo gene ous,6.3,3.5,280,Flush escape,17,21.94
KA18010002,Madihalli Kere,Minor Irrigation Department,Tumakuru,Chiknayakanhalli,Shettikere,Madhihalli,58,32.4,6,5.9,Homo gene ous,4.2,2,570,clear fall,16,17.83
KA18010015,Settikere Hire Kere,Minor Irrigation Department,Tumakuru,Chiknayakanhalli,Shettikere,Shettykere,134.98,100.4,70.8,13.83,Homo gene ous,4.8,2.5,1690,clear fall,30,68.19
KA18010291,Bavanahalli Hosakere,Minor Irrigation Department,Tumakuru,Chiknayakanhalli,Honnebagi,Bagayithu,182.6,7.6,17,9.11,Homo gene ous,9.85,3,500,Clear fall,20,42.25
KA18010021,Bavanahalli Durgadhakere,Minor Irrigation Department,Tumakuru,Chiknayakanhalli,Honnebagi,Gollarahalli,183.46,66.67,55,9.14,Homo gene ous,12.8,3,600,Clear fall,22,31.95
KA18010284,Navile Kere,Minor Irrigation Department,Tumakuru,Chiknayakanhalli,Honnebagi,Marasandra,147.29,76.88,76.5,13.38,Homo gene ous,12,3,750,Broad crested,26,25.35
KA18010231,Daggenahalli Kere,Minor Irrigation Department,Tumakuru,Chiknayakanhalli,Malligere,Daggenahalli,52,15,5.8,4.1,Homo gene ous,3.5,2,490,Flush escape,18,60.59
KA18010001,Singadahalli Dalavai Kere,Minor Irrigation Department,Tumakuru,Chiknayakanhalli,Theerthapura,Shingadhahalli,305.1,119.78,112,16.5,Homo gene ous,10.4,2,800,clear fall,90,30.85
KA18010017,Nagathihalli Kere,Minor Irrigation Department,Tumakuru,Chiknayakanhalli,Muddenahalli,Bylakere,71.41,64.34,18.33,5.97,Homo gene ous,10.4,3,630,Flush escape,18,24.72
KA18010010,Muddhenahalli Huramundhina Kere,Minor Irrigation Department,Tumakuru,Chiknayakanhalli,Muddenahalli,Muddhenahalli,42.57,23.87,6.32,2.69,Homo gene ous,4.6,1.8,690,Broad crested,24,48.71
KA18010011,Bangarkere Kere,Minor Irrigation Department,Tumakuru,Chiknayakanhalli,Baragur,Bangaragere,45.9,17,8.36,3.5,Homo gene ous,5.3,1.8,500,Flush escape,22,27.56
KA18010245, ,Minor Irrigation Department,Tumakuru,Chiknayakanhalli,Malligere,Malligere,42.06,14.98,4.96,6.5,Homo gene ous,5.6,2,810,Flush escape,28,30.34
KA18010007,Muddhenahalli Melena Kere,Minor Irrigation Department,Tumakuru,Chiknayakanhalli,Muddenahalli,Muddhenahalli,82.57,34.39,13.27,5.01,Homo gene ous,3.8,1.8,660,Broad crested,21,33.4
KA18010025,Sheedyaakkanavara Kere,Minor Irrigation Department,Tumakuru,Chiknayakanhalli,Ramanahalli,Harogondanahalli,50.52,110.47,61.98,7.1,Homo gene ous,10.45,3,120,Flush escape,22,35.84
KA18010280,Yallenahalli Kere,Minor Irrigation Department,Tumakuru,Chiknayakanhalli,Mathighatta,YelIenahalli,46.77,20.17,7.45,8.05,Homo gene ous,5.5,1.8,950,sloping apron,18,87.98
KA18010018,Hosakere Kere,Minor Irrigation Department,Tumakuru,Chiknayakanhalli,Baragur,Hosakere,45.34,39.7,12.8,5.3,Homo gene ous,4,1.8,880,clear fall,26,40.77
KA18010267,Sadarahalli Rangana Kere,Minor Irrigation Department,Tumakuru,Chiknayakanhalli,Kandikere,Sadarahalli,50,8.09,5.82,8.5,Homo gene ous,5.4,2,350,sloping apron,22,25.74
KA18010134,Asrihala Kere,Minor Irrigation Department,Tumakuru,Chiknayakanhalli,Ramanahalli,Ashrihalu,40,10.2,4.1,4.5,Homo gene ous,4.5,1.8,650,Flush escape,18,15.88
KA18010130,Soralamavu Kere,Minor Irrigation Department,Tumakuru,Chiknayakanhalli,Chowlakatte,Soralamavu,49.78,46.2,21.17,4.37,Homo gene ous,4.5,2,990,Flush escape,19,61.64
KA18010014,Belugoli,Minor Irrigation Department,Tumakuru,Chiknayakanhalli,Belaguli,Belaguli,78.86,93.5,16.99,8.75,Homo gene ous,5,3,1200,Flush escape,24,73.72
KA18010201,Handanakere Hire Kere,Minor Irrigation Department,Tumakuru,Chiknayakanhalli,Handanakere,Handanakere,45.8,39.3,8.1,5.25,Homo gene ous,3.5,2,620,Flush escape,20,54.01
KA18010266,Kandhikere Hirekere,Minor Irrigation Department,Tumakuru,Chiknayakanhalli,Kandikere,Sadarahalli,121.72,107.24,113.4,14.7,Homo gene ous,8.4,2.4,1020,Flush escape,25,15.14
KA18010274,Gopalpura Kere,Minor Irrigation Department,Tumakuru,Chiknayakanhalli,Chowlakatte,Gopalapura,68.1,55.8,18.02,6.5,Homo gene ous,4.6,2,750,sloping apron,36,59.54
KA18010020,Sidnakatte Kere,Minor Irrigation Department,Tumakuru,Chiknayakanhalli,Barakanalu,Belavadi,151.65,53.82,21.12,48.2,Homo gene ous,11.45,2.4,870,Flush escape,20,101.22
KA18010265,Kandikere Nonavina Kere,Minor Irrigation Department,Tumakuru,Chiknayakanhalli,Kandikere,Kandhikere,127.57,66.36,97.42,17.5,Homo gene ous,10.4,1.8,1235,Flush escape,80,39.27
KA18010013,Chikabidere Kere,Minor Irrigation Department,Tumakuru,Chiknayakanhalli,Doddabidare,Byrapura,56.4,59.94,13.38,5.15,Homo gene ous,6.5,1.8,630,Broad crested,,32.07
KA18010324,Yannegere Kere,Minor Irrigation Department,Tumakuru,Chiknayakanhalli,Doddennegere,Dodda Ennigere,46.53,45.3,16.99,7.5,Homo gene ous,4.6,2,960,clear fall,28,19.11
KA18010012,Belavadi Kere,Minor Irrigation Department,Tumakuru,Chiknayakanhalli,Barakanalu,Belavadi,42,37.85,4,5.6,Homo gene ous,5,1.8,900,Broad crested,24,21.83
KA18010022,Jodi Thimmalapura Kere,Minor Irrigation Department,Tumakuru,Chiknayakanhalli,Thimmalapura,J.I.Thimmalapura,280,198.45,105.4,21.43,Homo gene ous,14,1.8,3800,Broad crested,,637.94
KA18010308,Bannikere Kere,Minor Irrigation Department,Tumakuru,Chiknayakanhalli,Doddennegere,Bannikere,49.78,46.2,1.24,7.2,Homo gene ous,4.3,2,960,clear fall,21,63.91
KA18010024,Huliyar Ammanikere,Minor Irrigation Department,Tumakuru,Chiknayakanhalli,ULB-Huliyaru-TP,Huliyaru Amanikere,141.6,162.8,99.79,19.56,Homo gene ous,8,3.5,1200,Flush escape,26,28.92
KA18010358,Boranakanivae Reservoir,Minor Irrigation Department,Tumakuru,Chiknayakanhalli,Ganadalu,Marahole,675.02,1346.62,2423.5,105.13,Masonary,22.86,4.5,3960,ogee,39.6,942.93
KA18010319,Bellara Hoskere,Minor Irrigation Department,Tumakuru,Chiknayakanhalli,Hoysalakatte,Bellara,45.61,12.96,8.9,2.26,Homo gene ous,10,1.8,1555,sloping apron,23,82.73
KA18010328,Somanahalli Ganadalu Kere,Minor Irrigation Department,Tumakuru,Chiknayakanhalli,Ganadalu,Somanahalli,96.8,66.82,69.63,7.38,Homo gene ous,6.3,1.8,930,sloping apron,,71.9
KA18010349,Devaramardi kere,Minor Irrigation Department,Tumakuru,Chiknayakanhalli,Dasodi,Dasudi,325.6,74.52,49.99,16.23,Homo gene ous,10.6,1.2,407,ogee,50,177.77
KA18070027,Gandikere,Minor Irrigation Department,Tumakuru,Gubbi,Manchaladore,Kalinganahalli,199.2,22.83,20.52,30,Homo gene ous,17,3,203,Ogee Weir,30,1860
KA18070099,Devarahalli,Minor Irrigation Department,Tumakuru,Gubbi,Ankasandra,Doddahedagihalli,,,,, ,,,, ,,
KA18010026,Gantenahalli Tank,Minor Irrigation Department,Tumakuru,Gubbi,Hagalavadi,Siddapura,748.65,89.12,143,164.14,Homo gene ous,12.2,2.35,1020,ogee,76,58.41
KA18070031,Guddenahalli,Minor Irrigation Department,Tumakuru,Gubbi,Hagalavadi,Annenahalli,48.12,19.35,10.6,10.94,Homo gene ous,4.6,2.5,450,Flush Escape,25,1315
KA18070208,Mucchveeranahalli New,Minor Irrigation Department,Tumakuru,Gubbi,Manchaladore,Manchiladore,105,11.88,,17.23,Homo gene ous,10.66,2.5,224,Sloping apron,25,1717
KA18070012,Matadahalla,Minor Irrigation Department,Tumakuru,Gubbi,Manchaladore,Mata,195.2,,82.94,57.4,Homo gene ous,10.8,1.8,300,Sloping apron,,980
KA18070011,Hagalawadi,Minor Irrigation Department,Tumakuru,Gubbi,Hagalavadi,Hagalawadi,91.66,122.4,107.64,14,Homo gene ous,6.1,3,1500,Sloping apron,30,1620
KA18070016,Huvinakatte,Minor Irrigation Department,Tumakuru,Gubbi,Ankasandra,Huvinakatte,52,,7.97,7.8,Homo gene ous,10.16,1.8,180,Clear overfall,20,960
KA18070018,Hosakere Kere,Minor Irrigation Department,Tumakuru,Gubbi,Hosakere,Hosakere,51.81,62.4,38.22,13.06,Homo gene ous,4.5,1.8,840,Sloping apron,25,1176
KA18070028,Chelur Alasinakere,Minor Irrigation Department,Tumakuru,Gubbi,Chelur,Cheluru .A. Kere,109.2,128.8,103.48,54.42,Homo gene ous,5.4,1.8,1080,Sloping apron,,603
KA18070017,Chelur Uramundinakere,Minor Irrigation Department,Tumakuru,Gubbi,Chelur,Cheluru .A. Kere,152.8,70.04,34.32,74.75,Homo gene ous,5.2,1.8,1140,Sloping apron,30,754
KA18070021,Kodiyalakere,Minor Irrigation Department,Tumakuru,Gubbi,Chelur,Muginahunase,69.1,32,13.78,14.34,Homo gene ous,5,1.8,1140,Sloping apron,25,603
KA18070013,Alillughatta Uramundinakere,Minor Irrigation Department,Tumakuru,Gubbi,Alilaghatta,Alalagatta,56.4,58,24.96,11.66,Homo gene ous,4.2,1.8,900,Sloping apron,30,769
KA18070015,Haradagere,Minor Irrigation Department,Tumakuru,Gubbi,Alilaghatta,Haradhagere,240,38.13,24,35.32,Homo gene ous,5.2,1.8,450,Sloping apron,30,1235
KA18070014,Alillughatta Amanikere,Minor Irrigation Department,Tumakuru,Gubbi,Alilaghatta,Alalagatta,87.98,41.6,10.34,20.4,Homo gene ous,4.5,1.8,840,Sloping apron,25,630
KA18070157,Handanahalli,Minor Irrigation Department,Tumakuru,Gubbi,Doddaguni,Handanahalli,50.1,12.8,5.72,8.3,Homo gene ous,5,1.5,600,Sloping apron,30,1673
KA18070033,Guni,Minor Irrigation Department,Tumakuru,Gubbi,Doddaguni,Doddaguni,39.63,51.2,18.2,5.34,Homo gene ous,5,12.5,960,Sloping apron,25,1226
KA18070293,Trabhuvinahalli,Minor Irrigation Department,Tumakuru,Gubbi,Adagur,Prabhuvanahalli,58.4,56.4,18.46,28.96,Homo gene ous,4,1.8,1200,Sloping Apron,30,1508
KA18070152,Harenahalli,Minor Irrigation Department,Tumakuru,Gubbi,Kondli,Harenahalli,94.3,13.12,8.58,4.49,Homo gene ous,9.5,1.8,450,Flush Escape,25,1673
KA18070035,Adikekere,Minor Irrigation Department,Tumakuru,Gubbi,Edagur,Adakekere,44,15.1,6.08,6.6,Homo gene ous,5.36,1.8,570,Sloping Apron,30,433
KA18070038,Idugur,Minor Irrigation Department,Tumakuru,Gubbi,Edagur,Idaguru,56.75,63.2,22.36,21.72,Homo gene ous,4.6,1.2,960,Sloping Apron,30,2337
KA18070039,Mavinahalli Amanikere,Minor Irrigation Department,Tumakuru,Gubbi,Mavinahalli,Mavinahalli Amanikere,135.02,105.6,68.64,54.3,Homo gene ous,5.7,2.5,750,Sloping Apron,30,3323
KA18070131,V.Kodihalli,Minor Irrigation Department,Tumakuru,Gubbi,Hindisigere,Harivesandra,54,12.8,7.86,9.6,Homo gene ous,4.8,1.8,840,Sloping Apron,29,500
KA18070292,Chengavi,Minor Irrigation Department,Tumakuru,Gubbi,Changavi,Doodachengavi,131.33,98.8,53.3,65.12,Homo gene ous,5.1,4.8,660,Sloping Apron,25,3318
KA18070036,Kallur,Minor Irrigation Department,Tumakuru,Gubbi,Peddanahalli,Pendarnahalli,160,180,70.2,77.2,Homo gene ous,4.5,7,1440,Sloping Apron,34,1750
KA18070037,C.S Tura (Chittanahalli),Minor Irrigation Department,Tumakuru,Gubbi,Edagur,Ankalakoppa,474,353.2,295.39,224.1,Homo gene ous,7.2,1.8,1500,Sloping Apron,60,4637
KA18070294,S.Kodigihalli,Minor Irrigation Department,Tumakuru,Gubbi,S.Kodagihally,Kodigehalli,74.47,36.8,15.86,36.4,Homo gene ous,5.5,1.2,630,Sloping Apron,25,1508
KA18070295,Galaga Chikkakere,Minor Irrigation Department,Tumakuru,Gubbi,S.Kodagihally,Galaga,,18.4,5.58,,Homo gene ous,5,1.2,570,Sloping Apron,27,970
KA18070040,Galaga Kere,Minor Irrigation Department,Tumakuru,Gubbi,S.Kodagihally,Galaga,72.49,31.2,5.58,35.23,Homo gene ous,5,1.2,660,Sloping Apron,30,890
KA18070190, ,Minor Irrigation Department,Tumakuru,Gubbi,Koppa,Honnashettyhalli,,,,, ,,,, ,,
KA18070045,Hosahalli Ajjammmanakere,Minor Irrigation Department,Tumakuru,Gubbi,G.Hosahalli,G. Hosahalli,42.8,45.6,18.72,13.8,Homo gene ous,4.5,2,990,Sloping Apron,30,908
KA18070025,Ajammanakere,Minor Irrigation Department,Tumakuru,Gubbi,G.Hosahalli,G. Hosahalli,,,,, ,,,, ,,
KA18070180,Teramasandra,Minor Irrigation Department,Tumakuru,Gubbi,Doddaguni,Peramasandra,44.22,19.2,11.7,7.41,Homo gene ous,5,1.5,600,Sloping apron,30,1508
KA18050023,Yalachigere,Minor Irrigation Department,Tumakuru,Koratagere,Kolala,Yalachagere,52.6,9.6,7.28,20.13,Homo gene ous,6,1.8,375,Clear Overfall,22.5,1100
KA18050064, ,Minor Irrigation Department,Tumakuru,Koratagere,Kolala,Kolala,52,23.5,11.75,21.68,Homo gene ous,6,1.8,480,Clear Overfall,28.8,3823
KA18050025,Thimmanayakanahalli,Minor Irrigation Department,Tumakuru,Koratagere,Kolala,Hanumanthapura,48,16,19.12,19.1,Homo gene ous,7,1.8,365,Sloping Apron,21.9,1385
KA18050160,Sunkadahalli,Minor Irrigation Department,Tumakuru,Koratagere,Chinnahalli,Gedamenahalli,46,5.32,5.7,7.77,Homo gene ous,7,1.8,420,Sloping Apron,25.2,883
KA18050161,Chinnahalli,Minor Irrigation Department,Tumakuru,Koratagere,Chinnahalli,Chinnahalli,44,9.6,5.7,3.63,Homo gene ous,8,1.8,435,Sloping Apron,26.1,2771
KA18050169,Yerakasandra Tank,Minor Irrigation Department,Tumakuru,Koratagere,Yelerampura,Siddapura,259,96,170.36,266.66,Homo gene ous,15,3.6,660,Horse Shoe Type,110,5285
KA18050030,Vajjanahakurike,Minor Irrigation Department,Tumakuru,Koratagere,Vajjanakurike,Byadara Agrahara,97,1.56,0.73,3.53,Homo gene ous,12,1.8,210,Clear Overfall,12.6,1163
KA18050027,Margondanahalli,Minor Irrigation Department,Tumakuru,Koratagere,Vajjanakurike,Maragondanahalli,44,5.1,7,7.06,Homo gene ous,5,1.8,240,Sloping Apron,14.4,842
KA18050159,D.Nagenahalli,Minor Irrigation Department,Tumakuru,Koratagere,Yelerampura,D.Nagenahalli,64.7,9.6,4.7,4.94,Homo gene ous,13.4,2.1,480,Clear Overfall,28.8,840
KA18050163,Mudlapalya,Minor Irrigation Department,Tumakuru,Koratagere,Yelerampura,Hanumanthapura,60,7.4,8.6,2.47,Homo gene ous,12,1.8,350,Flesh Escape,21,1236
KA18050024,Tathaganahalli,Minor Irrigation Department,Tumakuru,Koratagere,Pathaganahalli,Pathagondanahalli,48,9.6,18.8,21.89,Homo gene ous,9,1.8,440,Sloping Apron,26.4,3325
KA18050022,Katenahalli,Minor Irrigation Department,Tumakuru,Koratagere,Kolala,Srinivasapura,195.13,39.77,39.38,33.9,Homo gene ous,13.92,2.4,330,Clear Overfall,19.8,5043
KA18050002,Mavathur Tank,Minor Irrigation Department,Tumakuru,Koratagere,Mavathur,Uruligere,720,352,723,220.39,Homo gene ous,9,3.6,1380,Flow Type,244,7218
KA18050165,Tuttasandra,Minor Irrigation Department,Tumakuru,Koratagere,Pathaganahalli,Puttasandra,131,22.7,15.27,20.13,Homo gene ous,6.2,1.8,720,Clear Overfall,43.2,4959
KA18050166,Veerapuratank,Minor Irrigation Department,Tumakuru,Koratagere,Theetha,Veerapura,94,16.3,11.75,18.72,Homo gene ous,7,1.8,630,Clear Overfall,37.8,4028
KA18050028,A.Venkatapura,Minor Irrigation Department,Tumakuru,Koratagere,Neelagondanahalli,A.Venkatapura,48,29.6,9.16,8.83,Homo gene ous,6.5,1.8,600,Sloping Apron,36,4599
KA18050164,Hosahalli,Minor Irrigation Department,Tumakuru,Koratagere,Neelagondanahalli,Doddapalanahalli,58,9.6,26.79,21.89,Homo gene ous,5.5,1.8,330,Flesh Escape,19.8,2494
KA18050168,Hosakote,Minor Irrigation Department,Tumakuru,Koratagere,Neelagondanahalli,Hosakote,48,12,3.57,8.83,Homo gene ous,7,1.8,300,Sloping Apron,18,858
KA18050026,Chikkavalle Dharmasagara,Minor Irrigation Department,Tumakuru,Koratagere,Theetha,T.Venkatapura,170.4,119,79.66,70.99,Homo gene ous,14,1.8,960,Clear Overfall,57.6,8989
KA18050018,Jampenahally Kere,Minor Irrigation Department,Tumakuru,Koratagere,Agrahara,J.I.Jampenahalli,192.6,30.35,16.97,23.36,Homo gene ous,9.56,1.8,720,Ogee weir ,43.2,11270
KA18050019,Bukkapatna Tank,Minor Irrigation Department,Tumakuru,Koratagere,Agrahara,Darati,,,,, ,,,, ,,
KA18050105, ,Minor Irrigation Department,Tumakuru,Koratagere,Agrahara,Chennapatna,40.8,6.2,5.6,5.29,Homo gene ous,9.2,1.8,480,Sloping Apron,28.8,833
KA18050167,Goravanahalli,Minor Irrigation Department,Tumakuru,Koratagere,Theetha,Goravanahalli,64,18,4.7,10.73,Homo gene ous,6,1.8,390,Clear Overfall,23.4,1270
KA18050009,Navilukurike,Minor Irrigation Department,Tumakuru,Koratagere,Agrahara,Navalakurike,48,5,4.85,21.89,Homo gene ous,12,1,350,Ogee weir ,21,997
KA18050012,Hulikunte Doddakere (Gundinapalya Kere),Minor Irrigation Department,Tumakuru,Koratagere,Hulikunte,Hulikunte,52,34.18,16.3,19.42,Homo gene ous,8,1.8,960,Sloping Apron,57.6,3397
KA18050007,Gatlahally,Minor Irrigation Department,Tumakuru,Koratagere,Bukkapatna,Gattalahalli,60.8,44.4,34.3,25.43,Homo gene ous,9,1.8,930,Clear Overfall,55.8,2494
KA18050081, ,Minor Irrigation Department,Tumakuru,Koratagere,Bukkapatna,Bukkapatna,65,9.6,18.3,4.69,Homo gene ous,13.4,2.2,480,Clear Overfall,28.8,3878
KA18050008,Bukkapatna Hosakere,Minor Irrigation Department,Tumakuru,Koratagere,Bukkapatna,Gollahalli,43.7,6.3,4.6,3.88,Homo gene ous,8.5,1.8,338,Sloping Apron,20.3,1330
KA18050003,Manuvinakurike Kere,Minor Irrigation Department,Tumakuru,Koratagere,Kuramkote,Manavinakurike,74.08,71.6,43.71,23.66,Homo gene ous,12,1.8,1290,Sloping Apron,77.4,1939
KA18050011,Kurihally Kere,Minor Irrigation Department,Tumakuru,Koratagere,Thovinakere,Kurihalli,40.8,66,27.3,21.19,Homo gene ous,7,1.8,848,Sloping Apron,50.9,3870
KA18050029,Thogarighatta,Minor Irrigation Department,Tumakuru,Koratagere,B.D.Pura,Thogarighatta,46.8,42,9.4,14.13,Homo gene ous,7,1.8,510,Clear Overfall,30.6,3879
KA18050017,Thovinakere Chikkakere,Minor Irrigation Department,Tumakuru,Koratagere,Thovinakere,Thovinakere,49,21.6,4.7,8.12,Homo gene ous,5,1.8,630,Sloping Apron,37.8,1108
KA18050054, ,Minor Irrigation Department,Tumakuru,Koratagere,Thovinakere,Soorenahalli,,,,, ,,,, ,,
KA18050052,Dasalakunte Kere,Minor Irrigation Department,Tumakuru,Koratagere,Kuramkote,Dasalakunte,80.8,51.2,41.83,29.31,Homo gene ous,8,1.8,960,Sloping Apron,57.6,2078
KA18050021,Malleshwara Kere,Minor Irrigation Department,Tumakuru,Koratagere,Hanchihalli,Malleshapura,48,26.8,11.04,16.95,Homo gene ous,9,1.8,840,Sloping Apron,50.4,4156
KA18050031,Chikkanahalli,Minor Irrigation Department,Tumakuru,Koratagere,Bychapura,Chikkanahalli,102.4,24.8,24.4,17.09,Homo gene ous,6,1.8,960,Clear Overfall,57.6,3380
KA18050045, ,Minor Irrigation Department,Tumakuru,Koratagere,Thovinakere,Devarahalli,40,5,4.7,16.67,Homo gene ous,8,1.8,270,Sloping Apron,16.2,850
KA18050042,Bendone,Minor Irrigation Department,Tumakuru,Koratagere,Boodagavi,Boodigadhi,44,6.2,7.2,6.9,Homo gene ous,5.5,1.8,332,Sloping Apron,19.9,1330
KA18050020,Tumbodi Amanikere Tank,Minor Irrigation Department,Tumakuru,Koratagere,Thumbadi,Biradenahalli,243,86.63,126,109.49,Homo gene ous,13.4,1.8,480,Clear Overfall,183,8118
KA18050033,Akkirampura,Minor Irrigation Department,Tumakuru,Koratagere,Akkirampura,Akkirampura,90.8,93,63.05,54.75,Homo gene ous,8,1.8,220,Clear Overfall,13.2,3102
KA18050005,Mallekavu,Minor Irrigation Department,Tumakuru,Koratagere,Boodagavi,Gowjagallu,52.4,51.3,25.14,21.89,Homo gene ous,8,1.8,960,Sloping Apron,57.6,3906
KA18050047, ,Minor Irrigation Department,Tumakuru,Koratagere,Boodagavi,Negalala,49.77,5.32,7.7,7.48,Homo gene ous,7.82,1.8,395,Sloping Apron,23.7,962
KA18050032,Bychapura,Minor Irrigation Department,Tumakuru,Koratagere,Bychapura,Bychapura,63,15.2,4.93,6.71,Homo gene ous,6,1.8,690,Clear Overfall,41.4,1441
KA18050006,Ettuganahally Hosakere,Minor Irrigation Department,Tumakuru,Koratagere,Thumbadi,Pemmodevarahalli,48,12,6,6.35,Homo gene ous,11,1.8,330,Clear Overfall,19.8,2105
KA18050040, ,Minor Irrigation Department,Tumakuru,Koratagere,Thumbadi,Byrenahalli,45.2,41.6,7.68,5.65,Homo gene ous,12,1.8,210,Natural weir,12.6,659
KA18100246,Halevoaru,Minor Irrigation Department,Tumakuru,Kunigal,D.Hosahalli,Hasige Hobli,74,99,25.28,50.15,Homo gene ous,4,3,1080,sloping  Apron,64.8,1500
KA18100242,Deepambudikere Tank,Minor Irrigation Department,Tumakuru,Kunigal,D.Hosahalli,Hasige Hobli,557,207,342.22,264.02,Homo gene ous,15,1.8,600,sloping  Apron,27.43,1328
KA18100027,Bellibettadathore New,Minor Irrigation Department,Tumakuru,Kunigal,D.Hosahalli,Madhagonahalli,54,12.53,16.78,12.19,Homo gene ous,9.44,2.5,392,Ogee weir,23.5,944
KA18100249,Nlathahalli,Minor Irrigation Department,Tumakuru,Kunigal,Bagenahalli,Neelatthanahalli Amanikere,139,56.5,57,58,Homo gene ous,6,1.8,480,sloping  Apron,28.8,6800
KA18100240,Shettigere,Minor Irrigation Department,Tumakuru,Kunigal,Bagenahalli,Shettykere,56.56,12.8,4.48,6.96,Homo gene ous,8.35,1.8,420,Clear Overfall,25.2,1228
KA18100020,Mulinganadoddi New,Minor Irrigation Department,Tumakuru,Kunigal,Nidasale,Nidasale,66.5,,,,Homo gene ous,,,,-,,
KA18100245,Nidasale Tank,Minor Irrigation Department,Tumakuru,Kunigal,Nidasale,Shivanehalli,405,124.83,187,200.02,Homo gene ous,11,1.5,870,sloping  Apron,60,4156
KA18100143, ,Minor Irrigation Department,Tumakuru,Kunigal,Nidasale,Nidasale,,,,, ,,,, ,,
KA18100244,Bhandihalli,Minor Irrigation Department,Tumakuru,Kunigal,Kodavathi,S.I. Bandihalli,71.22,40.8,14.52,7.21,Homo gene ous,5,1.5,540,Clear Overfall,32.4,934
KA18100241,Kachihalli,Minor Irrigation Department,Tumakuru,Kunigal,Ujjani,Kachihalli,97,21.26,22.67,20.13,Homo gene ous,14.7,2.5,170,sloping  Apron,10.2,1429
KA18100018,Ujjani New,Minor Irrigation Department,Tumakuru,Kunigal,Ujjani,Ujjani,66.8,9.07,8.21,9.89,Homo gene ous,9.71,2.5,277,Clear Overfall,16.6,1678
KA18100017,Yalagalavadi,Minor Irrigation Department,Tumakuru,Kunigal,Jodihosahalli,Yalagalawadi,45,18.59,17,17.63,Homo gene ous,5,1.8,450,Clear Overfall,27,532
KA18100019,Mallapura,Minor Irrigation Department,Tumakuru,Kunigal,Kodigehalli,J.I. Mallapura,40,,4.53,,Homo gene ous,,,,-,,
KA18100021,Kithanamangala,Minor Irrigation Department,Tumakuru,Kunigal,Kithnamangala,Kithnamangaladha Amanikere,137,10.3,59.4,57.01,Homo gene ous,7.2,1.8,1050,sloping  Apron,63,2750
KA18100023,Haluvagilu,Minor Irrigation Department,Tumakuru,Kunigal,Hutharidurga,Tharemaradha Palya,43,20.2,11.7,17.59,Homo gene ous,8.5,1.8,510,sloping  Apron,30.6,1052
KA18100247,Arakere Amanikere,Minor Irrigation Department,Tumakuru,Kunigal,Hosahalli,Arakere,49,23.83,28.3,23.98,Homo gene ous,7.2,2,690,sloping  Apron,41.4,1860
KA18100022,Hosuru,Minor Irrigation Department,Tumakuru,Kunigal,Yaliyur,Hosuru,45,25,29,14.52,Homo gene ous,11,2.5,750,sloping  Apron,45,1200
KA18100028,Channapura,Minor Irrigation Department,Tumakuru,Kunigal,Kithnamangala,J.I. Chennapura,49,16.56,8,7.52,Homo gene ous,7.2,1.8,300,sloping  Apron,18,377
KA18100016,Byala,Minor Irrigation Department,Tumakuru,Kunigal,Koppa,Bylakere,63.94,9,5,5.97,Homo gene ous,7.5,2.5,635,Clear Overfall,38.1,1150
KA18100026,Sipura,Minor Irrigation Department,Tumakuru,Kunigal,Nademavinapura,Siddapura,50,5.4,2.1,3.25,Homo gene ous,7.25,1.8,410,Clear Overfall,24.6,1050
KA18100248,Yaliyuru,Minor Irrigation Department,Tumakuru,Kunigal,Yaliyur,Yaliyuru,149,54.5,32.4,58.63,Homo gene ous,6.9,1.35,1200,sloping  Apron,72,1754
KA18100015,Hulivana,Minor Irrigation Department,Tumakuru,Kunigal,Nagasandra,Hulipura,68.68,16,5.44,9.47,Homo gene ous,6.98,1.8,630,sloping  Apron,37.8,1230
KA18100239,Amadhure,Minor Irrigation Department,Tumakuru,Kunigal,Yadiyur,Doddamadhure,67.17,148.52,55.9,31.19,Homo gene ous,3.2,1.8,1700,sloping  Apron,102,1624
KA18100025,Boregoudanapalya,Minor Irrigation Department,Tumakuru,Kunigal,Madikehalli,Rangaswamybetta Kavalu,37.97,5.93,2.99,4.66,Homo gene ous,7.25,1.8,480,Clear Overfall,28.8,463
KA18040127,Gidadagala Kere,Minor Irrigation Department,Tumakuru,Madhugiri,Rangapura,Gidadagalahalli,99.14,18.7,,21.19,Homo gene ous,9,1.8,360,∏…∆Ë√¶AUÔ K•¡Ê£Ô,21.6,1819
KA18040129,Kunagaltimmanhalli,Minor Irrigation Department,Tumakuru,Madhugiri,Kavanadala,Kunigalthimmanapalya,,,,, ,,,, ,,
KA18040282,Kunigal Thimmanahalli,Minor Irrigation Department,Tumakuru,Madhugiri,Kavanadala,Ranganapalya,,,,, ,,,, ,,
KA18040247,Bijwara,Minor Irrigation Department,Tumakuru,Madhugiri,Maruvekere,Gopagondanahalli,294,124.27,,197.44,Homo gene ous,8,1.2,1560,∏…∆Ë√¶AUÔ K•¡Ê£Ô,124,1121
KA18040270,Chikkamaluru,Minor Irrigation Department,Tumakuru,Madhugiri,Chikkamalur,Chikkamaluru,102.16,88.62,,33.91,Homo gene ous,4.5,1.8,1440,QËAi¿ƒgÔ N™¿gÔ •s¡ØÔ,86.4,707
KA18040248,Thingaluru,Minor Irrigation Department,Tumakuru,Madhugiri,Kalidevapura,Thingaluru,115.34,44.52,,8.48,Homo gene ous,4.5,1.8,1650,QËAi¿ƒgÔ N™¿gÔ •s¡ØÔ,99,338
KA18040116,Tuttenhalli,Minor Irrigation Department,Tumakuru,Madhugiri,Bijavara,K.G.Veerannanahalli,,,,, ,,,, ,,
KA18040126,Girigondanahalli,Minor Irrigation Department,Tumakuru,Madhugiri,Dodderi,Girigowdanahalli,42,8,,5.3,Homo gene ous,8,2.5,360,∏…∆Ë√¶AUÔ K•¡Ê£Ô,21.6,1837
KA18040257,Sipura,Minor Irrigation Department,Tumakuru,Madhugiri,Siddapura,Siddapura,,,,, ,,,, ,,
KA18040272,Dodderi Kere,Minor Irrigation Department,Tumakuru,Madhugiri,Dabbeghatta,Thonachagondanahalli,78.47,20.3,,33.2,Homo gene ous,5.5,1.2,1260,QËAi¿ƒgÔ N™¿gÔ •s¡ØÔ,75.6,1799
KA18040252,Kalidevapura,Minor Irrigation Department,Tumakuru,Madhugiri,Kalidevapura,Kalidevapura,62.4,57.48,,22.25,Homo gene ous,5.5,1.8,840,QËAi¿ƒgÔ N™¿gÔ •s¡ØÔ,50.4,4065
KA18040120,Belladhamadagu,Minor Irrigation Department,Tumakuru,Madhugiri,Dabbeghatta,Belladhamadu,40,4.85,,4.94,Homo gene ous,4.5,2.5,900,∏…∆Ë√¶AUÔ K•¡Ê£Ô,54,450
KA18040243,Kodalapura Chikkakere,Minor Irrigation Department,Tumakuru,Madhugiri,Kodlapura,Kodalapura,59.78,39,,40.29,Homo gene ous,4.8,1.8,111,∏…∆Ë√¶AUÔ K•¡Ê£Ô,6.7,720
KA18040256,Amaluru,Minor Irrigation Department,Tumakuru,Madhugiri,Doddamalur,Doddamaluru,138.97,159,,82.3,Homo gene ous,4.5,1.8,1740,QËAi¿ƒgÔ N™¿gÔ •s¡ØÔ,104.4,920
KA18040123,Midatarhalli,Minor Irrigation Department,Tumakuru,Madhugiri,Siddapura,Midatharahalli,148,15.46,66.35,18.37,Homo gene ous,6.8,1.8,360,∏…∆Ë√¶AUÔ K•¡Ê£Ô,21.6,740
KA18040124,Kalidevapura New,Minor Irrigation Department,Tumakuru,Madhugiri,Kalidevapura,Kalidevapura,62.4,16,,5.3,Homo gene ous,4.7,2.5,660,∏…∆Ë√¶AUÔ K•¡Ê£Ô,39.6,1032
KA18040249,Agrahara,Minor Irrigation Department,Tumakuru,Madhugiri,Byalya,Agrahara,51.3,65,,22.25,Homo gene ous,4.8,1.8,810,∏…∆Ë√¶AUÔ K•¡Ê£Ô,48.6,192
KA18040250,Thimmalapur New,Minor Irrigation Department,Tumakuru,Madhugiri,Dodderi,Sajjenahalli,44.53,6.17,,6.85,Homo gene ous,8,1.8,330,∏…∆Ë√¶AUÔ K•¡Ê£Ô,19.8,1230
KA18040041, ,Minor Irrigation Department,Tumakuru,Madhugiri,D.V.Halli,Hosahalli,,,,, ,,,, ,,
KA18040266,Kondavadi,Minor Irrigation Department,Tumakuru,Madhugiri,Kondavadi,Kondavadi,88.48,77.72,,32.6,Homo gene ous,5.5,1.2,930,∏…∆Ë√¶AUÔ K•¡Ê£Ô,55.8,480
KA18040264,Byala,Minor Irrigation Department,Tumakuru,Madhugiri,Byalya,Byala,63.3,47,,24.8,Homo gene ous,4.5,1.8,1380,∏…∆Ë√¶AUÔ K•¡Ê£Ô,82.8,280
KA18040265,Rangapura,Minor Irrigation Department,Tumakuru,Madhugiri,Rangapura,Rangapura,107.66,76,,4.59,Homo gene ous,6.3,1.2,120,∏…∆Ë√¶AUÔ K•¡Ê£Ô,7.2,1580
KA18040117,Shettyhalli,Minor Irrigation Department,Tumakuru,Madhugiri,Bijavara,Shettyhalli,60,3,,8.83,Homo gene ous,5.4,1.8,300,∏…∆Ë√¶AUÔ K•¡Ê£Ô,18,168
KA18040254,Hunasavaadi,Minor Irrigation Department,Tumakuru,Madhugiri,Kondavadi,Hunasavadi,54.92,41,,18.37,Homo gene ous,5,1.2,1140,QËAi¿ƒgÔ N™¿gÔ •s¡ØÔ,68.4,360
KA18040245,Cholenahally,Minor Irrigation Department,Tumakuru,Madhugiri,Chinakavajra,Jinakavajra,,,,, ,,,, ,,
KA18040253,Bettagere,Minor Irrigation Department,Tumakuru,Madhugiri,Kondavadi,Battegere,40.38,66,,15.54,Homo gene ous,5,1.2,720,∏…∆Ë√¶AUÔ K•¡Ê£Ô,43.2,480
KA18040167,Kthally Kere,Minor Irrigation Department,Tumakuru,Madhugiri,Kavanadala,Bisadikariyanapalya,274.7,72,,58.63,Homo gene ous,7,1.2,330,QËAi¿ƒgÔ N™¿gÔ •s¡ØÔ,67.56,928
KA18040119,Nitrahalli,Minor Irrigation Department,Tumakuru,Madhugiri,Kodagadala,Nitrahalli,69.3,21,,26.14,Homo gene ous,4.5,1.2,990,∏…∆Ë√¶AUÔ K•¡Ê£Ô,59.4,360
KA18040122,Yakarlahalli,Minor Irrigation Department,Tumakuru,Madhugiri,Kadagathur,Yakarlahalli,109.63,93,,26.84,Homo gene ous,4.5,1.8,960,∏…∆Ë√¶AUÔ K•¡Ê£Ô,57.6,552
KA18040125,Kodigenahalli,Minor Irrigation Department,Tumakuru,Madhugiri,Kodigenahalli,Kodigenahalli,90,45.1,,47.33,Homo gene ous,4.5,1.8,1650,QËAi¿ƒgÔ N™¿gÔ •s¡ØÔ,99,236
KA18040242,Gundagal  Kere,Minor Irrigation Department,Tumakuru,Madhugiri,Kalidevapura,Gundagal,156,104.84,,48.39,Homo gene ous,4.18,1.8,1500,QËAi¿ƒgÔ N™¿gÔ •s¡ØÔ,90,531
KA18040244,Kodalapura Kere,Minor Irrigation Department,Tumakuru,Madhugiri,Kodlapura,Badakanahalli,98,45.7,,24.8,Homo gene ous,4.5,1.8,870,∏…∆Ë√¶AUÔ K•¡Ê£Ô,52.2,360
KA18040241,Kadagatthuru,Minor Irrigation Department,Tumakuru,Madhugiri,Kadagathur,Kadagatthuru,483.49,315,,74.88,Homo gene ous,4.5,1.8,3780,QËAi¿ƒgÔ N™¿gÔ •s¡ØÔ,60.6,526
KA18040269,Mydanahalli,Minor Irrigation Department,Tumakuru,Madhugiri,Singanahalli,Mydanahalli,90.24,38.2,,37.09,Homo gene ous,4.8,1.8,1200,QËAi¿ƒgÔ N™¿gÔ •s¡ØÔ,72,394
KA18040255,Muneralekere,Minor Irrigation Department,Tumakuru,Madhugiri,Brahmasamudra,K.G.Muddeneralekere,129,28.45,,55.1,Homo gene ous,6.5,1.2,420,∏…∆Ë√¶AUÔ K•¡Ê£Ô,25.2,275
KA18040259,Hosakere,Minor Irrigation Department,Tumakuru,Madhugiri,Hosakere,Hosakere,61.65,77,,61.46,Homo gene ous,7.5,1,930,QËAi¿ƒgÔ N™¿gÔ •s¡ØÔ,55.8,887
KA18040261,Singanahalli,Minor Irrigation Department,Tumakuru,Madhugiri,Singanahalli,Mydanahalli,,,,, ,,,, ,,
KA18040273,Rantavalalu,Minor Irrigation Department,Tumakuru,Madhugiri,Rantavalalu,Rantavalalu,79.6,76,,4.5,Homo gene ous,6.3,1.2,1290,∏…∆Ë√¶AUÔ K•¡Ê£Ô,77.4,1580
KA18040240,Theriyuru,Minor Irrigation Department,Tumakuru,Madhugiri,Muddenahalli,Theriyuru,44.8,33.59,,28.96,Homo gene ous,4.5,1.8,1440,QËAi¿ƒgÔ N™¿gÔ •s¡ØÔ,86.4,329
KA18040268,Adavinagenahalli,Minor Irrigation Department,Tumakuru,Madhugiri,Singanahalli,J.I.Adavinagenahalli,72.9,31,,30.02,Homo gene ous,4.5,1.5,880,QËAi¿ƒgÔ N™¿gÔ •s¡ØÔ,52.8,236
KA18040115, ,Minor Irrigation Department,Tumakuru,Madhugiri,Doddayalkur,Doddayalakuru,,,,, ,,,, ,,
KA18040246,Thippapura,Minor Irrigation Department,Tumakuru,Madhugiri,Doddayalkur,Thippapura,72.5,74.88,,6.71,Homo gene ous,6,1.8,990,∏…∆Ë√¶AUÔ K•¡Ê£Ô,59.4,1826
KA18040263,Tolenahally,Minor Irrigation Department,Tumakuru,Madhugiri,Muddenahalli,Polenahalli,,,,, ,,,, ,,
KA18040267,Suddekunte,Minor Irrigation Department,Tumakuru,Madhugiri,Muddenahalli,Suddekunte,71.9,69.29,,32.84,Homo gene ous,4.5,1.8,900,QËAi¿ƒgÔ N™¿gÔ •s¡ØÔ,54,325
KA18040262,Garani,Minor Irrigation Department,Tumakuru,Madhugiri,Garani,J.I.Garani,89.89,65.57,,7.14,Homo gene ous,7,1.2,780,∏…∆Ë√¶AUÔ K•¡Ê£Ô,46.8,2563
KA18040274,Itakadhibbanahalli,Minor Irrigation Department,Tumakuru,Madhugiri,Doddayalkur,Byadarahalli,129.26,57,,16.25,Homo gene ous,7,1.2,1440,QËAi¿ƒgÔ N™¿gÔ •s¡ØÔ,86.4,1351
KA18040118,Janakalote,Minor Irrigation Department,Tumakuru,Madhugiri,Chikkadalavatta,Janakalote,39.98,40,,5.76,Homo gene ous,6,1.2,720,QËAi¿ƒgÔ N™¿gÔ •s¡ØÔ,43.2,1316
KA18040121,Itakadhibbanahalli Chikka Kere,Minor Irrigation Department,Tumakuru,Madhugiri,I.D.Halli,Itakadhibbanahalli,74.76,6.48,,31.79,Homo gene ous,6,1.2,690,∏…∆Ë√¶AUÔ K•¡Ê£Ô,41.4,400
KA18040009,Hanumanthapura,Minor Irrigation Department,Tumakuru,Madhugiri,Midigeshi,Hanumanthapura,204.44,21,,62.16,Homo gene ous,7.5,1.8,1260,QËAi¿ƒgÔ N™¿gÔ •s¡ØÔ,,2260
KA18040239,Dalavata,Minor Irrigation Department,Tumakuru,Madhugiri,Chikkadalavatta,Doddadalavata,,,,, ,,,, ,,
KA18040238,Reddyhally Kere,Minor Irrigation Department,Tumakuru,Madhugiri,Reddihalli,R.Gollahalli,68.8,103,,783.04,Homo gene ous,6,1.5,720,QËAi¿ƒgÔ N™¿gÔ •s¡ØÔ,43.2,2079
KA18040251,Medigesi Kere,Minor Irrigation Department,Tumakuru,Madhugiri,Midigeshi,Midigeshi,181.48,7,,73.82,Homo gene ous,7,1.8,1200,QËAi¿ƒgÔ N™¿gÔ •s¡ØÔ,72,486
KA18040271,Taadi Kere,Minor Irrigation Department,Tumakuru,Madhugiri,I.D.Halli,Thadi,62.62,36,,21.19,Homo gene ous,5.5,1.2,1050,QËAi¿ƒgÔ N™¿gÔ •s¡ØÔ,63,1140
KA18040258,Bedathuru Kere,Minor Irrigation Department,Tumakuru,Madhugiri,Bedathur,Bedatthur,116.1,175,,49.09,Homo gene ous,6.5,1,990,QËAi¿ƒgÔ N™¿gÔ •s¡ØÔ,59.4,412
KA18040260,Bidarekere,Minor Irrigation Department,Tumakuru,Madhugiri,Bedathur,Bidarakere,76.1,151,,19.43,Homo gene ous,6,1.8,720,QËAi¿ƒgÔ N™¿gÔ •s¡ØÔ,43.2,411
KA18040219, ,Minor Irrigation Department,Tumakuru,Madhugiri,Singanahalli,J.I.Adavinagenahalli,44.57,8,,2.16,Homo gene ous,4.5,1.2,810,∏…∆Ë√¶AUÔ K•¡Ê£Ô,48.6,237
KA18030022,Domathamari Murarayana Kere,Minor Irrigation Department,Tumakuru,Pavagada,Dommathamari,Dommatthamuri,90.4,53.2,17.51,34.97,Homo gene ous,10,2.2,1335,Sloping Apron,80.1,220
KA18030008,Domathamari Nagarakalu Kere,Minor Irrigation Department,Tumakuru,Pavagada,Dommathamari,Dommatthamuri,47.2,37.6,12.39,17.06,Homo gene ous,8.4,2,1314,Sloping Apron,78.8,489
KA18030013,Venkatapura Annenahallikere,Minor Irrigation Department,Tumakuru,Pavagada,Venkatapura,S.I.Venkatapura,40.4,22.4,6.01,17.09,Homo gene ous,6,2,1050,Sloping Apron,63,266
KA18030024,Venkatapura Kere,Minor Irrigation Department,Tumakuru,Pavagada,Venkatapura,S.I.Venkatapura,42.8,50,18.29,21.55,Homo gene ous,11,2.2,1245,Sloping Apron,74.7,1342
KA18030015,Virupasandra Bhaskararayanakere,Minor Irrigation Department,Tumakuru,Pavagada,Virupasamudra,Virupasandra,150.4,116,60.63,68.52,Homo gene ous,8.2,6.6,1278,Sloping Apron,76.7,1580
KA18030014,Kanakapura Cholakuntekere,Minor Irrigation Department,Tumakuru,Pavagada,Virupasamudra,Kanakapura,42,56,18.29,21.02,Homo gene ous,6,2.2,675,Sloping Apron,40.5,173
KA18030029,Gummaghatta Durgammanakere,Minor Irrigation Department,Tumakuru,Pavagada,Dommathamari,Gummaghatta,106.8,136.8,92.04,42.38,Homo gene ous,9,2,1300,Sloping Apron,78,293
KA18030007,Kannamede Vadasalammanakere,Minor Irrigation Department,Tumakuru,Pavagada,Kannamedi,Kannamede,67.2,49.2,35,29.66,Homo gene ous,6,1.9,575,Sloping Apron,34.5,1234
KA18030017,Kotthuru Kariyannakere,Minor Irrigation Department,Tumakuru,Pavagada,C.K.Pura,Kotthuru,64.4,23.2,15.16,23.31,Homo gene ous,4.5,1.8,620,Sloping Apron,37.2,1128
KA18030027,Channakeshavapura Hanimanthadevarakere,Minor Irrigation Department,Tumakuru,Pavagada,C.K.Pura,Channakeshavapura,81.5,73.6,48.09,26.98,Homo gene ous,6.6,2,960,Sloping Apron,57.6,1214
KA18030018,Hariharapura Mutturayanakere,Minor Irrigation Department,Tumakuru,Pavagada,C.K.Pura,Hariharapura,53.2,51.6,13.59,17.37,Homo gene ous,4,1.7,650,Sloping Apron,39,694
KA18030003,Madya Eraganakere,Minor Irrigation Department,Tumakuru,Pavagada,Mangalavada,Madya,45.6,23.6,12.8,10.94,Homo gene ous,3.75,1.8,930,Sloping Apron,55.8,1357
KA18030099,Kanimenahalli Hosakere,Minor Irrigation Department,Tumakuru,Pavagada,Rajavanthi,Kanimenahalli,25.09,8,3.47,3.89,Homo gene ous,6.61,2.5,405,Clear Overfall,24.3,1569
KA18030004,Thummakunte Anjaneyaswami Kere,Minor Irrigation Department,Tumakuru,Pavagada,Arasikere,Thummakunte,60.4,44.4,17.25,29.31,Homo gene ous,3.5,1.6,1320,Sloping Apron,79.2,1527
KA18030016,Byadanuru Shankaralinganakere,Minor Irrigation Department,Tumakuru,Pavagada,Byadanur,Byadanuru,176.3,101.6,88.6,53.76,Homo gene ous,5.2,1.9,960,Sloping Apron,57.6,3035
KA18030021,Mangalawada Akkagal Kere,Minor Irrigation Department,Tumakuru,Pavagada,Mangalavada,Mangalawada,59.6,44.8,19.6,16.95,Homo gene ous,3.65,1.6,990,Sloping Apron,59.4,1304
KA18030025,Arasikere Hampayyanakere,Minor Irrigation Department,Tumakuru,Pavagada,Arasikere,Arasikere,95.2,72.8,42.6,26.13,Homo gene ous,3.6,1,1320,Sloping Apron,79.2,799
KA18030012,Kodamadagu Kannilammanakere,Minor Irrigation Department,Tumakuru,Pavagada,Kodamadagu,Kodamadagu,62,71.2,38.68,19.89,Homo gene ous,6,2.2,695,Sloping Apron,41.7,493
KA18030023,Arasikere Gujjarappanakere,Minor Irrigation Department,Tumakuru,Pavagada,Arasikere,Arasikere,68.8,92.8,48.61,17.58,Homo gene ous,3,1.7,1020,Sloping Apron,61.2,2076
KA18030011,Aralikunte Krishnabudikere,Minor Irrigation Department,Tumakuru,Pavagada,Kodamadagu,Aralikunte,52.8,84,31.36,20.13,Homo gene ous,7.5,2,765,Sloping Apron,45.9,1231
KA18030049,Gundlahalli Mohiddinkere,Minor Irrigation Department,Tumakuru,Pavagada,Naliganahalli,Gundlahalli,54.8,101.6,77.62,37.09,Homo gene ous,4.88,2.44,840,Sloping Apron,50.4,376
KA18030005,Gollanakunte Karekalkere,Minor Irrigation Department,Tumakuru,Pavagada,Nyayadagunte,Gollanakunte,50.4,36,18.82,13.13,Homo gene ous,2.88,2,900,Sloping Apron,54,445
KA18030054,Kadapala Akkammanakere,Minor Irrigation Department,Tumakuru,Pavagada,Kotagudda,Kadapalakere,46.8,20.8,9.15,12,Homo gene ous,3.05,2.66,480,Sloping Apron,28.8,760
KA18030026,Talavalli Pallavarayanakere,Minor Irrigation Department,Tumakuru,Pavagada,Palavalli,Palavalli,282.8,520,387.33,120.09,Homo gene ous,7.62,6.1,1350,Sloping Apron,81,3142
KA18030019,Nagalamadike Cholarayanakere,Minor Irrigation Department,Tumakuru,Pavagada,Nagalamadike,Nagalamadike,84.2,84,52.27,24.51,Homo gene ous,7,1.6,1140,Sloping Apron,68.4,1775
KA18030006,Rangasamudrakere,Minor Irrigation Department,Tumakuru,Pavagada,Rangasamudra,S.I.Rangasamudra,69.2,52,28.23,24.01,Homo gene ous,7.62,1.83,900,Sloping Apron,54,3109
KA18030062,Bugaduru Hosakere,Minor Irrigation Department,Tumakuru,Pavagada,Ryapte,Bugaduru,98.4,73.6,53.58,47.4,Homo gene ous,6,1.6,810,Clear Overfall,48.6,2904
KA18030010,Ryapete Margadakere,Minor Irrigation Department,Tumakuru,Pavagada,Ryapte,Ryapete,44.4,41.2,12.55,22.25,Homo gene ous,4.8,1.5,600,Clear Overfall,36,362
KA18030056,Honnasamudra Nagarabhavikere,Minor Irrigation Department,Tumakuru,Pavagada,Ponnasamudra,Honnasamudra,,,,, ,,,, ,,
KA18030002,Kyathaganakere,Minor Irrigation Department,Tumakuru,Pavagada,B.K.Halli,Kyathaganakere,114.6,130,116.1,56.87,Homo gene ous,9.7,1.6,1120,Sloping Apron,,3980
KA18030045,Kamanadurga Akkammanakere,Minor Irrigation Department,Tumakuru,Pavagada,Kamanadurga,Kamanadurga,263.8,176,131.72,73.18,Homo gene ous,8.5,2.4,540,Sloping Apron,32.4,1244
KA18030051,Dalavayihalli Hosakere,Minor Irrigation Department,Tumakuru,Pavagada,B.K.Halli,Dalavayihalli,56.4,,,,Homo gene ous,,,, ,,
KA18030020,Thirumani Hanumanthadevarakere,Minor Irrigation Department,Tumakuru,Pavagada,Thirumani,Thirumani,78.8,80.4,21.95,26.84,Homo gene ous,5,1.6,1080,Sloping Apron,64.8,1963
KA18030001,Rayacharlu Oora Mundinakere,Minor Irrigation Department,Tumakuru,Pavagada,Thirumani,Rayacharlu,93.2,87.6,29.08,21.68,Homo gene ous,5.3,2,1290,Sloping Apron,77.4,2498
KA18030035,Valluru Oora Mundinakere,Minor Irrigation Department,Tumakuru,Pavagada,Nallur,Valluru,125.2,128,41.82,45.38,Homo gene ous,5.2,1.8,1020,Sloping Apron,61.2,1218
KA18030088,Kyathaganacharlu Oora Mundinakere,Minor Irrigation Department,Tumakuru,Pavagada,Nallur,Kyathaganacharlu,80.8,64.8,28.23,31.08,Homo gene ous,6,1.8,1080,Sloping Apron,64.8,2295
KA18030127,Nagalapura Nagojikere,Minor Irrigation Department,Tumakuru,Pavagada,Chikkahalli,Nagalapura,62.2,108,35.28,30.72,Homo gene ous,,3.66,990,Sloping Apron,59.4,2406
KA18030117,Jalodu Gopal Swamikere,Minor Irrigation Department,Tumakuru,Pavagada,Siddapura,Jalodu,125.2,135.2,105,56.15,Homo gene ous,7.62,2.75,900,Sloping Apron,54,2228
KA18020271,Yanjalagere Kere,Minor Irrigation Department,Tumakuru,Sira,Changavara,Yanjalagere,,,,, ,,,, ,,
KA18020150,Kotti Kere,Minor Irrigation Department,Tumakuru,Sira,Hulikunte,Kotta,40.4,18.57,18.57,5.66,Homo gene ous,3.9,2,700,Sloping apron,52.5,24.53
KA18020167,Bevinahalli Kere,Minor Irrigation Department,Tumakuru,Sira,Bevinahalli,Bevinahalli,164.59,29.08,7.83,9.39,Homo gene ous,4.5,2,600,Sloping apron,45,38.39
KA18020054, ,Minor Irrigation Department,Tumakuru,Sira,Handikunte,Badamaranahalli,57.08,7.6,2.6,2.48,Homo gene ous,3.3,2,600,Natural slope,45,7.46
KA18020132,Changavara Kere,Minor Irrigation Department,Tumakuru,Sira,Changavara,Changavara,69.88,109.88,41.28,33.79,Homo gene ous,4.2,2,1350,clear fall,101.3,30.48
KA18020190,Harogere Kere,Minor Irrigation Department,Tumakuru,Sira,Baragur,Harogere,57.72,34,13,12.27,Homo gene ous,3.5,2,750,Sloping apron,56.3,11.43
KA18020233,Baraguru Kere,Minor Irrigation Department,Tumakuru,Sira,Baragur,Baraguru,194.8,150.2,73.04,38.21,Homo gene ous,4.15,2,1200,clear fall,90,40.49
KA18020275,Hosuru Kere,Minor Irrigation Department,Tumakuru,Sira,Hosur,Kaluvarahalli,228.46,233.91,120.72,218.4,Homo gene ous,4.9,2.2,1800,Sloping apron,135,81.03
KA18020240,Handikunte Kere,Minor Irrigation Department,Tumakuru,Sira,Handikunte,Handhikunte,54.13,58,28.34,13.57,Homo gene ous,3.9,2,870,Sloping apron,65.3,55.29
KA18020234,Agrahara Kere,Minor Irrigation Department,Tumakuru,Sira,Handikunte,Agrahara,46.01,45.2,22.1,38.4,Homo gene ous,4.2,2,600,Sloping apron,45,18.06
KA18020260,Hemdore Kere,Minor Irrigation Department,Tumakuru,Sira,Hendore,Hendore,,,,, ,,,, ,,
KA18020232,Kamagondanahalli Kere,Minor Irrigation Department,Tumakuru,Sira,Hendore,Kamagondanahalli,61.23,28.68,12.2,,Homo gene ous,5.1,2,1020,Sloping apron,76.5,53.3
KA18020250,Naduru Kere,Minor Irrigation Department,Tumakuru,Sira,Nadur,Naduru,73.28,98.98,41.28,32.52,Homo gene ous,5.1,2,960,clear fall,72,80.21
KA18020268,Tadakaluru Kere,Minor Irrigation Department,Tumakuru,Sira,Tadakalur,Thadakaluru,88.96,28.1,23.66,35.14,Homo gene ous,3,2,990,Sloping apron,74.3,36.52
KA18020239,Banagere,Minor Irrigation Department,Tumakuru,Sira,Doddabanagere,Chikkabanagere,52.79,159.6,73.58,26.41,Homo gene ous,4.1,2,1350,clear fall,101.3,183.67
KA18020309,Banagere,Minor Irrigation Department,Tumakuru,Sira,Doddabanagere,Doddabanagere,160.92,400,178.1,51.13,Homo gene ous,3.7,2,1410,clear fall,105.8,151.29
KA18020269,Nejanthi Kere,Minor Irrigation Department,Tumakuru,Sira,Dwaranakunte,Nejanthi,42.25,68.4,28.86,18.75,Homo gene ous,3.9,2,900,Sloping apron,67.5,53.25
KA18020261,Nidagatte Kere,Minor Irrigation Department,Tumakuru,Sira,Hulikunte,Nidaghatta,48.16,70,23.66,9.55,Homo gene ous,3.3,2,840,clear fall,63,50.27
KA18020251,Hulikunta Kere,Minor Irrigation Department,Tumakuru,Sira,Hulikunte,Dodda Hulikunte,79.86,175.2,80.86,44.49,Homo gene ous,4.2,2,1140,clear fall,85.5,48.06
KA18020178,Honnagondanahally Kere,Minor Irrigation Department,Tumakuru,Sira,Honnagondanahalli,Honnagondanahalli,41.7,16.76,16.76,20.1,Homo gene ous,4.8,2,780,Sloping apron,58.5,36.23
KA18020257,Melukunte Kere,Minor Irrigation Department,Tumakuru,Sira,Melukunte,Melkote,82.35,48,14.39,17.26,Homo gene ous,3.9,2,1620,Sloping apron,121.5,47.97
KA18020110,Melekote Kere,Minor Irrigation Department,Tumakuru,Sira,Thavarekere,Melekote,59.64,22.49,11.23,,Homo gene ous,4.2,2,360,Sloping apron,27,5.73
KA18020274,Kaggaladu Kere,Minor Irrigation Department,Tumakuru,Sira,Bandakunte,Bhoothakatanahalli,68.67,64.6,31.35,37.62,Homo gene ous,2,2,1560,Sloping apron,117,25.6
KA18020245,Madaluru Kere,Minor Irrigation Department,Tumakuru,Sira,Madalur,Madaluru,206.78,355.38,286.12,343.64,Homo gene ous,6,3,1500,clear fall,,159.63
KA18020273,Devarahalli Kere,Minor Irrigation Department,Tumakuru,Sira,Lakshmisagara,Devarahalli,49.18,16.61,4.7,5.66,Homo gene ous,3.9,2.5,700,Sloping apron,52.5,24.53
KA18020258,Kotta Kere,Minor Irrigation Department,Tumakuru,Sira,Kotta,Kotta,86.42,108,55.49,66.58,Homo gene ous,4.8,2,1140,Sloping apron,85.5,55.43
KA18020248,Madaluru Chikkakere,Minor Irrigation Department,Tumakuru,Sira,Madalur,Madaluru,76.71,71.2,36.12,43.34,Homo gene ous,4.5,2,1290,Sloping apron,77.4,44.77
KA18020036,Bidarekere Kere,Minor Irrigation Department,Tumakuru,Sira,Bandakunte,Bidarakere,40,19.6,3.14,3.76,Homo gene ous,3,2,870,Sloping apron,65.3,9.58
KA18020004,Lakshmisagar Tank,Minor Irrigation Department,Tumakuru,Sira,Lakshmisagara,Devarapura,269.03,215.44,215.44,258.52,Homo gene ous,7.97,2.5,930,clear fall,,156.08
KA18020263,Ganadahunisehalekere,Minor Irrigation Department,Tumakuru,Sira,Neralegudda,Ganadhahunase,99.2,16,12.07,14.06,Homo gene ous,9,1.88,450,Sloping apron,33.8,143.89
KA18020130,Ganadahunisehosakere,Minor Irrigation Department,Tumakuru,Sira,Neralegudda,Ajjenahalli,87.6,18.18,12.1,14.75,Homo gene ous,10.7,1.8,480,Sloping apron,36,40.63
KA18020272,Sira Chikka Kere,Minor Irrigation Department,Tumakuru,Sira,ULB-Sira-CMC,Kasaba Sira,78,10.54,20.68,24.81,Homo gene ous,4.5,2,1140,Flush escape ,85.5,23.73
KA18020236,Girinathanahalli Kere,Minor Irrigation Department,Tumakuru,Sira,Magodu,Magodu,59.41,14.8,6.8,8.16,Homo gene ous,4.2,2,600,Sloping apron,45,31.98
KA18020157,Bhuvanahalli Kere,Minor Irrigation Department,Tumakuru,Sira,Bhuvanahalli,Bhuvanahalli,83,87.2,20.5,34.23,Homo gene ous,3,2,480,Sloping apron,36,15.99
KA18020235,Channanakunte Kere,Minor Irrigation Department,Tumakuru,Sira,Honnagondanahalli,Chennanakunte,45.66,37.2,20.68,24.82,Homo gene ous,4.8,2,1780,Sloping apron,133.5,92.74
KA18020238,Halkuru Kere,Minor Irrigation Department,Tumakuru,Sira,Magodu,Halkuru Kaval,41.48,76,28.79,34.55,Homo gene ous,4.05,2,1800,Sloping apron,135,19.19
KA18020237,Magodu Kere,Minor Irrigation Department,Tumakuru,Sira,Magodu,Magodu,131.62,17,103.43,124.08,Homo gene ous,6.6,2,1500,Sloping apron,112.5,85.28
KA18020174,Guligenahalli Kere,Minor Irrigation Department,Tumakuru,Sira,Magodu,Guligenahalli,61.89,8,2.09,2.51,Homo gene ous,4.2,2,780,Flush type,58.5,14.94
KA18020277,Gummanahalli Veerapura Kere,Minor Irrigation Department,Tumakuru,Sira,Yaliyur,Gummanahalli,67.88,,15.45,18.53,Homo gene ous,3.9,2,750,clear fall,56.3,20.05
KA18020265,Bukkapatana Kere,Minor Irrigation Department,Tumakuru,Sira,Ramalingapura,Boodiguddadha Kavalu,247,163.62,137.5,151.2,Homo gene ous,12,2,500,clear fall,44,80.46
KA18020252,Kallambella,Minor Irrigation Department,Tumakuru,Sira,Kallambella,Kasaba Kallambella,602.59,248.42,248.42,298.1,Homo gene ous,7.65,4,2040,sloping apron,,130.28
KA18020168,Narshimajji Katte,Minor Irrigation Department,Tumakuru,Sira,Kallambella,Kasaba Kallambella,72,17.82,17.82,17,Homo gene ous,4.8,4,400,clear fall,30,45.36
KA18020149, ,Minor Irrigation Department,Tumakuru,Sira,Huyildore,Kilradhahalli,84,12.56,11.73,35,Homo gene ous,8,2.5,500,clear fall,37.5,60.96
KA18020246,Bhupasandrakere,Minor Irrigation Department,Tumakuru,Sira,Bhupasandra,Bhoopasamudra,56.44,13.07,83.23,43.97,Homo gene ous,4.5,2,780,clear fall,58.5,33.43
KA18020196, ,Minor Irrigation Department,Tumakuru,Sira,Bhupasandra,Bhoopasamudra,,,,, ,,,, ,,
KA18020211,Borasandra Kere,Minor Irrigation Department,Tumakuru,Sira,Magodu,S.I.Borasandra,56.44,24,13.08,15.69,Homo gene ous,5.4,2,450,Sloping apron,33.8,47.97
KA18020266,Chikkasandra Kere,Minor Irrigation Department,Tumakuru,Sira,Huyildore,Chikkasamudra Kaval,405.35,245.54,246.84,294.64,Homo gene ous,9.6,3,960,clear fall,,151.01
KA18020262,Yaradakattehosakere,Minor Irrigation Department,Tumakuru,Sira,Neralegudda,Yaradakatte,60,14.54,8.36,9.36,Homo gene ous,10.2,1.8,430,Sloping apron,32.3,50.98
KA18020090,Chikkanahalli Kere,Minor Irrigation Department,Tumakuru,Sira,Talagunda,Doddachikkanahalli,96.6,32.8,23.03,27.64,Homo gene ous,4.35,1.8,750,clear fall,56.3,28.07
KA18020180,Gula Kere,Minor Irrigation Department,Tumakuru,Sira,Rathnasandra,Doddagula,141.87,94.8,63.82,64.71,Homo gene ous,4.65,2,900,Sloping apron,67.5,42.64
KA18020276,Yaliyuru Gangeravaddu,Minor Irrigation Department,Tumakuru,Sira,Yaliyur,Yaliyuru,51.58,56.4,26.82,31.1,Homo gene ous,3.2,2,600,Sloping apron,45,16.02
KA18020244,Tarurulakshmi Sagarakere,Minor Irrigation Department,Tumakuru,Sira,Tharur,Tharuru,109.05,38.24,17.54,21.05,Homo gene ous,5.1,1.8,1410,clear fall,105.8,32.35
KA18020264,Agrahara Kere,Minor Irrigation Department,Tumakuru,Sira,Dodda Agrahara,Doddaagrahara,193.34,209.27,221,248,Homo gene ous,10,1.8,800,clear fall,60,186.9
KA18020279,Ramalingapura Tank,Minor Irrigation Department,Tumakuru,Sira,Ramalingapura,Thuppada Kona,382,221.39,238,262,Homo geneous,11.5,3,830,clear fall,,29.49
KA18020145,Jankalu Kere,Minor Irrigation Department,Tumakuru,Sira,Ramalingapura,B.Basavanahalli,42,9.9,5.96,6.9,Homo gene ous,7.32,1.8,330,Sloping apron,24.8,29.26
KA18020171,Maragondanahalli Kere,Minor Irrigation Department,Tumakuru,Sira,Ramalingapura,Margondanahalli,73,40.24,5.46,33.52,Homo gene ous,5,2.5,450,clear fall,33.8,36.86
KA18020241,Brahmasandrauramundinakere,Minor Irrigation Department,Tumakuru,Sira,Chinnenahalli,Brahma Sandra,48,88.67,28.48,42.4,Homo gene ous,4.2,2,660,clear fall,49.5,9.36
KA18020243,Yaladabagi Kere,Minor Irrigation Department,Tumakuru,Sira,Yaladabagi,Yaladabagi,68.12,27.6,12.56,15.67,Homo gene ous,5.1,1.8,780,Sloping apron,58.5,10.63
KA18020249,Sebiagraharakere,Minor Irrigation Department,Tumakuru,Sira,Seebiagrahara,Sheebi Agrahara,49.09,34.8,14.92,17.96,Homo gene ous,4.8,2,270,clear fall,20.3,45.87
KA18020210, ,Minor Irrigation Department,Tumakuru,Sira,Chinnenahalli,Haladodderi,48.5,46,4.46,15.34,Homo gene ous,5.6,1.8,114,clear fall,8.6,26.74
KA23080298,Genjalaghatta,Minor Irrigation Department,Tumakuru,Tiptur,Masavanaghatta,Ganjalagatta,41.03,40.1,10.95,10.94,zonal,6.5,2.5,900,Flush Escape,60,2805
KA18080103,Jabghatta,Minor Irrigation Department,Tumakuru,Tiptur,Masavanaghatta,Jabagatta,60.3,70.4,32.45,28.58,zonal,9.5,1.9,1260,Sloping Apron,55,4003
KA18080254,Masanaghatta,Minor Irrigation Department,Tumakuru,Tiptur,Masavanaghatta,Masavanagatta,55.6,5.75,19.8,18.35,zonal,9.2,1.8,1050,Broad crested,76,4412
KA18080264,Besugegowdanakere,Minor Irrigation Department,Tumakuru,Tiptur,Thadasur,Ramachandrapura (Besage),56.8,80.8,33.23,19.05,zonal,3,1.85,754,Ogee weir,36,2100
KA18080273,Hindisigere Uramundinakere,Minor Irrigation Department,Tumakuru,Tiptur,Huchagondanahalli,Hindaskere,46,24,7.85,13.41,zonal,4.4,3.5,720,Sloping Apron,62,1511
KA18080272,Tiptur Uramundinakere,Minor Irrigation Department,Tumakuru,Tiptur,ULB-Tiptur-CMC,Kasaba Tiptur,42.8,28,33.5,10.23,zonal,3.3,1.8,1140,Sloping Apron,22,1064
KA18080263,Belagarahalli,Minor Irrigation Department,Tumakuru,Tiptur,Nagaraghatta,Belagarahalli,54,11.6,9.14,7.77,zonal,2,2.7,520,Sloping Apron,27,150
KA18080033,Eranakalkaval Kere,Minor Irrigation Department,Tumakuru,Tiptur,Aralaguppe,Veeranakallu Kavalu,44,4.85,26.07,26.11,zonal,7.2,2.5,285,Sloping Apron,48,1962
KA18080270,Karadi,Minor Irrigation Department,Tumakuru,Tiptur,Karadi,Karadi,126.02,60.7,39.25,41.63,zonal,5.6,1.8,810,Clear overfall,22,1324
KA18080081,Bennayakanahalli Uramundinakere,Minor Irrigation Department,Tumakuru,Tiptur,Huchagondanahalli,Bennaikanahalli,41.5,19.53,7.76,5.29,zonal,4,1.8,900,Sloping Apron,35,945
KA18080082,Ramashettihalli,Minor Irrigation Department,Tumakuru,Tiptur,Huchagondanahalli,Doddamarappanahalli,40,15.94,7.75,21.53,zonal,0.9,1.8,450,Sloping Apron,33,1342
KA18080250, ,Minor Irrigation Department,Tumakuru,Tiptur,Dasarighatta,Hogavanagatta,48.16,33.8,7.59,8.47,zonal,4.6,1.54,420,Flush Escape,45,1213
KA23030065,Shivara Kere,Minor Irrigation Department,Tumakuru,Tiptur,Thadasur,Lakkihallikavalu,180,86,29.06,27.88,zonal,5.65,1.85,1290,Ogee weir,80,7685
KA18080138,Kerekodidokere,Minor Irrigation Department,Tumakuru,Tiptur,Rangapura,Keregodi,54,40.1,14.65,13.06,zonal,4.2,1.6,1110,Sloping Apron,70,1683
KA18080013,Melapura,Minor Irrigation Department,Tumakuru,Tiptur,Gurugadahalli,Shivara,75.35,54.65,29.8,29.64,zonal,3.65,1.85,5570,Broad crested,52,4157
KA18080235,Tadasuru,Minor Irrigation Department,Tumakuru,Tiptur,Thadasur,Thadasuru,52.4,30,7.59,10.94,zonal,2.6,1.38,1015,Sloping Apron,68,2734
KA18080269,Karadalu,Minor Irrigation Department,Tumakuru,Tiptur,Kuppalu,Karadalu,64.51,54.22,23.55,21.17,zonal,4,1.8,690,Sloping Apron,35,2093
KA18080048, ,Minor Irrigation Department,Tumakuru,Tiptur,Gurugadahalli,Gurugadhahalli,98.4,108,57.83,27.88,zonal,3,2,1200,Sloping Apron,60,1486
KA18080271,Halkurike,Minor Irrigation Department,Tumakuru,Tiptur,Halkurike,Halkurike Amanikere,132.8,125,82.7,30,zonal,8,3,1200,Sloping Apron,57.5,4540
KA18010016,Temmeladevarahalli Kere,Minor Irrigation Department,Tumakuru,Tiptur,Biligere,Chowdalapura Kavalu,88.7,26.1,28.8,29.57,Homo gene ous,11.9,2,265,Flush escape,23,22.12
KA18080267,Honnavalli Badagikere,Minor Irrigation Department,Tumakuru,Tiptur,Honnavalli,Kasaba Honnavalli,78.46,48.56,21,15.53,zonal,6.5,3.6,1590,Sloping Apron,63,3372
KA18080095,Gopalanahalli Kere,Minor Irrigation Department,Tumakuru,Tiptur,Karadi,Kagehalladha Kavalu,50,2.51,6,7.8,zonal,4.5,2.5,105,Sloping Apron,36,2200
KA18080265,Honnavalli Hirekere,Minor Irrigation Department,Tumakuru,Tiptur,Honnavalli,Kasaba Honnavalli,118.22,51.91,40,35.99,zonal,8.5,3.6,1000,Sloping Apron,54,2253
KA18080305,Biligere,Minor Irrigation Department,Tumakuru,Tiptur,Biligere,Biligere,60.12,34.07,14,16.94,zonal,3,1.8,1530,Sloping Apron,20,668
KA18080304,Kibbanahalli Uramundinakere,Minor Irrigation Department,Tumakuru,Tiptur,Biligere,Kibbanahalli A.Kere,70.5,93.07,37.42,22.23,zonal,4,1.8,1560,Sloping Apron,35,1580
KA18060082,Amanihosakere,Minor Irrigation Department,Tumakuru,Tumakuru,Mallasandra,Amani Hosakere,143.6,83.2,39.5,68.41,Homo gene ous,3,1,1150,sloping  Apron,69,2012
KA18060257,Gulur,Minor Irrigation Department,Tumakuru,Tumakuru,Gulur,Guluru Amanikere,272.8,112,100.8,32.18,Homo gene ous,5.2,1.8,1980,sloping  Apron,,1427
KA18060273,Devarayapattana Kere,Minor Irrigation Department,Tumakuru,Tumakuru,ULB-Tumakuru-CC,Devarayapattana,79.92,13.56,21.7,32.71,Homo gene ous,4,1.5,720,sloping  Apron,43.2,541
KA18060077,Halugondanahalli,Minor Irrigation Department,Tumakuru,Tumakuru,Seethakallu,S.I.Halugondanahalli,75,8,8.36,8.37,Homo gene ous,9.1,2.5,300,sloping  Apron,18,734
KA18060304, ,Minor Irrigation Department,Tumakuru,Tumakuru,Urdigere,Sathagatta,,,,, ,,,, ,,
KA18060270,Varahalli New,Minor Irrigation Department,Tumakuru,Tumakuru,Swandenahalli,J.I. Vaddarahalli,,,,, ,,,, ,,
KA18060066, ,Minor Irrigation Department,Tumakuru,Tumakuru,Swandenahalli,Swandhenahalli,45,5.4,3.92,6.71,Homo gene ous,10.31,1.8,345,clear  overfall ,20.7,371
KA18060250,Durgadahalli New,Minor Irrigation Department,Tumakuru,Tumakuru,Urdigere,Devarayadurga Forest (Poojari Linganahalli),105,15.6,9.74,66.4,Homo gene ous,10.4,1.8,415,Flesh Escape,24.9,1292
KA18060249,Arakere,Minor Irrigation Department,Tumakuru,Tumakuru,Arakere,J.I. Amalapura,86.8,36,10.99,40.09,Homo gene ous,4,1.5,630,sloping  Apron,37.8,945
KA18060074,Timnaikanahalli New,Minor Irrigation Department,Tumakuru,Tumakuru,Aregujjanahalli,Thimmanaikanahalli,52,4.85,7.2,6.46,Homo gene ous,10.4,2.5,396,sloping  Apron,23.8,714
KA18060262,Beladhara,Minor Irrigation Department,Tumakuru,Tumakuru,Beladhara,Beladhara,63.6,12.4,9.68,29.49,Homo gene ous,6.5,1.5,630,sloping  Apron,37.8,630
KA18060083,Brahmasandrakere,Minor Irrigation Department,Tumakuru,Tumakuru,Thimmarajanahalli,Katenahalli,120.4,131.2,68.06,51.21,Homo gene ous,6,2.5,1300,sloping  Apron,78,1350
KA18060264,Kora Amanikere,Minor Irrigation Department,Tumakuru,Tumakuru,Kora,Kora Amanikere,153.6,70.4,44.76,57.25,Homo gene ous,5,1.8,1020,sloping  Apron,61.2,2250
KA18060255,Hirelotlakere,Minor Irrigation Department,Tumakuru,Tumakuru,Chikkathotlakere,Chikkathotlukere,76.8,51.2,13.35,30.41,Homo gene ous,4.5,1.5,500,sloping  Apron,30,805
KA18060269,Hire Kodathakallu,Minor Irrigation Department,Tumakuru,Tumakuru,Obalapura,Hire Kodathakallu,54.8,6.4,5.02,8.16,Homo gene ous,9.5,1.8,310,sloping  Apron,18.6,794
KA18060080,Hiregundagal,Minor Irrigation Department,Tumakuru,Tumakuru,Chikkathotlakere,Chikkathotlukere,102.8,71.6,35.07,47.68,Homo gene ous,7.5,1.5,900,sloping  Apron,54,1087
KA18060085,Chenmuddenhalli,Minor Irrigation Department,Tumakuru,Tumakuru,Beladhara,J.I. Ahobala Agrahara,41.6,6,3.53,6.25,Homo gene ous,10.5,1.8,270,sloping  Apron,16.2,624
KA18060208, ,Minor Irrigation Department,Tumakuru,Tumakuru,Obalapura,Chikkagundakallu,42.4,14,5.23,18.3,Homo gene ous,4.5,1.8,390,sloping  Apron,23.4,390
KA18060236,Urukerekere,Minor Irrigation Department,Tumakuru,Tumakuru,Urukere,Urukere,116.8,48,16.47,54.39,Homo gene ous,6,1.8,920,sloping  Apron,,517
KA18060266,Kuchangi,Minor Irrigation Department,Tumakuru,Tumakuru,Arakere,Kucchangi,62,48.8,13.87,26.84,Homo gene ous,4,1.5,900,sloping  Apron,54,1565
KA18060263,Bellavi Amanikere,Minor Irrigation Department,Tumakuru,Tumakuru,Bellavi,Bellavi Amanikere,106.8,55.6,27.43,48.85,Homo gene ous,4,1.8,900,sloping  Apron,54,881
KA18060207,Hiregundagalkere,Minor Irrigation Department,Tumakuru,Tumakuru,Chikkathotlakere,Heeregundakallu,,,,, ,,,, ,,
KA18060076,Bidarakatte,Minor Irrigation Department,Tumakuru,Tumakuru,Galigenahalli,Bidarakatte,54.2,4,9.16,26.7,Homo gene ous,4.2,1.5,420,sloping  Apron,25.2,736
KA18060252,Holkallu,Minor Irrigation Department,Tumakuru,Tumakuru,Holakal,Holakallu,59.6,58.8,27.48,26.98,Homo gene ous,4,1.8,540,sloping  Apron,32.4,1025
KA18060179, ,Minor Irrigation Department,Tumakuru,Tumakuru,Haralur,Palasamudra,52.6,10,9.93,26.14,Homo gene ous,4,1,450,Flesh Escape,27,1579
KA18060078,Gudipalsandra,Minor Irrigation Department,Tumakuru,Tumakuru,Haralur,Palasamudra,57.6,8,6.83,8.65,Homo gene ous,12,1.8,330,clear  overfall ,19.8,681
KA18060251,Hullenahalli,Minor Irrigation Department,Tumakuru,Tumakuru,Holakal,Hullenahalli,50,26,5.75,20.94,Homo gene ous,6,1.8,600,sloping  Apron,36,1500
KA18060268,Sirivara Kodigikere,Minor Irrigation Department,Tumakuru,Tumakuru,Sirivara,Shiravara,44,26,25.39,20.49,Homo gene ous,4.3,1.5,600,sloping  Apron,36,492
KA18060248,Sasalu,Minor Irrigation Department,Tumakuru,Tumakuru,Maskal,Sasalu,117.2,63.2,43.97,51.32,Homo gene ous,5.8,1.8,780,sloping  Apron,46.8,1353
KA18060245,Nagavalli Amanikere,Minor Irrigation Department,Tumakuru,Tumakuru,Nagavalli,Nagavalli Amanikere,263.2,278,328.39,125.74,Homo gene ous,6.1,1.8,900,sloping  Apron,,2147
KA18060070,Mullakunte,Minor Irrigation Department,Tumakuru,Tumakuru,Honasigere,J.I. Mulukunte,69.2,71.2,7.25,31.93,Homo gene ous,4.5,1.8,870,sloping  Apron,52.2,1870
KA18060069,Honsgere,Minor Irrigation Department,Tumakuru,Tumakuru,Honasigere,Honsigere,64.48,50.4,24.86,32.21,Homo gene ous,4.2,1.2,990,sloping  Apron,59.4,1722
KA18060243,Honnudike Kere,Minor Irrigation Department,Tumakuru,Tumakuru,Honnudike,Honnudike,133.6,71.2,41.88,45.67,Homo gene ous,6,5,1900,sloping  Apron,114,1870
KA18060242,Virnaikanahalli,Minor Irrigation Department,Tumakuru,Tumakuru,Honnudike,J.I. Veeranaiakanahalli,65.6,18.45,6.01,8.19,Homo gene ous,4.71,1.8,762,sloping  Apron,45.7,5356
KA18060258,Dodda Sarangi Kere,Minor Irrigation Department,Tumakuru,Tumakuru,Hethenahalli,Doddasarangi,43.6,46,11.25,19.43,Homo gene ous,4.8,1.8,510,sloping  Apron,30.6,1050
KA18060075,Kesarmadavu Jogikatte,Minor Irrigation Department,Tumakuru,Tumakuru,ULB-Tumakuru-CC,Shettyhalli,57.6,15.6,5.2,28.19,Homo gene ous,3.5,1.8,1050,sloping  Apron,63,1238
KA18060259,Kambathanahalli,Minor Irrigation Department,Tumakuru,Tumakuru,Hethenahalli,Kambatthanahalli,40.4,15.2,4.97,19.5,Homo gene ous,3,1.8,660,Flesh Escape,39.6,330
KA18060253,Maralur Amanikere,Minor Irrigation Department,Tumakuru,Tumakuru,ULB-Tumakuru-CC,Maraluru Amanikere,140,100.4,30.89,68.56,Homo gene ous,5,5,2160,sloping  Apron,129.6,1058
KA18060254,Kolihalli,Minor Irrigation Department,Tumakuru,Tumakuru,Hirehalli,S.I. Sangapura,88.4,20,11.07,44.86,Homo gene ous,4.8,1.8,690,Flesh Escape,41.4,398
KA18060276,Kesaramadu Jogikatte Kere,Minor Irrigation Department,Tumakuru,Tumakuru,Kesaramadu,S.I. Kesarumadu,105.6,22,16.6,15.89,Homo gene ous,3.75,1.8,1080,sloping  Apron,64.8,1012
KA18060072,Lingapura,Minor Irrigation Department,Tumakuru,Tumakuru,Kanakoppe,Lingapura,85.6,8.9,13.61,38.32,Homo gene ous,3.6,2,690,sloping  Apron,41.4,3075
KA18060247,Kembalu,Minor Irrigation Department,Tumakuru,Tumakuru,Gangonahalli,Kambalalu Amanikere,204.6,20.8,32.72,96.42,Homo gene ous,4,3,1320,sloping  Apron,,2534
KA18060246,Hebbur Amanikere,Minor Irrigation Department,Tumakuru,Tumakuru,Hebbur,Hobburu Amanikere,322,214.4,139,164.59,Homo gene ous,4.5,1.8,1470,sloping  Apron,,1903
KA18060244,Nidvalalu,Minor Irrigation Department,Tumakuru,Tumakuru,Nidavalalu,Niduvalalu,62,39.63,14.13,21.47,Homo gene ous,3.6,1.88,450,sloping  Apron,27,119
KA18060084,Devalapura,Minor Irrigation Department,Tumakuru,Tumakuru,Devalapura,Devalapura,63.6,27.2,15.96,27.55,Homo gene ous,6,1.5,750,sloping  Apron,45,912
KA18060267,Kestur Amanikere,Minor Irrigation Department,Tumakuru,Tumakuru,Kesthur,Kesthuru Amanikere,214.8,173.6,101.04,99.96,Homo gene ous,6.5,1.8,1100,sloping  Apron,,1616
KA18060260,Maukere,Minor Irrigation Department,Tumakuru,Tumakuru,Devalapura,Mavukere,78,58,25.13,33.66,Homo gene ous,5,1.5,1020,sloping  Apron,61.2,750
KA18090013,Thuilahalli,Minor Irrigation Department,Tumakuru,Turuvekere,Settigondanahalli,Tuyalahalli A.Kere,80.33,107.2,41,33.4,Homo gene ous,5.21,1.8,1020,Sloping Apron,30,1767
KA18090216, ,Minor Irrigation Department,Tumakuru,Turuvekere,Kanathur,Habakanahalli,,,,, ,,,, ,,
KA23080299,Gottigere Lake,Minor Irrigation Department,Tumakuru,Turuvekere,Dabbeghatta,Gottikere,65.74,165.6,95.92,17.6,Homo gene ous,4.5,3,960,Clear overfall    * Sloping Apron,30,1500
KA16050048,Chantharu Madaga,Minor Irrigation Department,Udupi,Brahmavar,Chantharu,Chantharu,122.72,0.42,20.2,25.68,Homogeneous,1.2,1.5,550,Sloping apron,30,37
KA16060002,Yelluru Daalanthra,Minor Irrigation Department,Udupi,Kap,Yellur,Elluru,40.3,3.89,6.46,8.41,Homogeneous,3.1,7,540,Sloping apron,12,18.4
KA16030049,Anekere  Kere,Minor Irrigation Department,Udupi,Karkal,ULB-Karkala-TMC,Karkala,49.75,24.16,4.8,3.31,Homogeneous,3,6.75,375,Sloping aprone,23,20.4
KA16010126, ,Minor Irrigation Department,Udupi,Kundapura,Bijadi,Bijadi,,,,, ,,,, ,,
KA16010046, ,Minor Irrigation Department,Udupi,Kundapura,Hardalli - Mandalli,Hardhalli Mandalli,,,,, ,,,, ,,
KA16010120,Herikere,Minor Irrigation Department,Udupi,Kundapura,Kandavara,Kandhavara,70.2,12.34,10.62,11.02,Homogeneous,3.4,8,755,Natural Laterite,35.23,35.85
KA10030118,Jataga Kere,Minor Irrigation Department,Uttara Kannada,Haliyal,Janaga,Jathage,130,25.1,21.5,, ,,,, ,,
KA10030119,Basavalli Dodda Kere,Minor Irrigation Department,Uttara Kannada,Haliyal,Janaga,Basavalli,76,2.6,12.75,12.75, ,,,, ,,
KA10030159,Sambrani,Minor Irrigation Department,Uttara Kannada,Haliyal,Sambrani,Sambrani,47.67,5,7.5,7, ,,,, ,,
KA10030120,Janaga Kere,Minor Irrigation Department,Uttara Kannada,Haliyal,Janaga,Janaga,70.55,5.1,11.75,11.75, ,,,, ,,
KA10030105,Adakinkal,Minor Irrigation Department,Uttara Kannada,Haliyal,Belavatagi,Belavatagi,105.6,7.08,9.73,9.73, ,,,, ,,
KA10030111,Belavatagi,Minor Irrigation Department,Uttara Kannada,Haliyal,Belavatagi,Belavatagi,62.43,6,11,11, ,,,, ,,
KA10030121,K K Halli Kere,Minor Irrigation Department,Uttara Kannada,Haliyal,Murkawada,Kurdha Anchanalli,121.45,3,7.75,7.75, ,,,, ,,
KA10030153,Durgadahalla Tank,Minor Irrigation Department,Uttara Kannada,Haliyal,Belavatagi,Belavatagi,740,85,182.98,352.12, ,,,, ,,
KA10030114,Murkawada Kere,Minor Irrigation Department,Uttara Kannada,Haliyal,Murkawada,Murkawada,44.91,6,9.4,7.6, ,,,, ,,
KA10030132, ,Minor Irrigation Department,Uttara Kannada,Haliyal,Nagashettikoppa,Golihalli,50.44,4.8,8,8, ,,,, ,,
KA10030161,Mundawad,Minor Irrigation Department,Uttara Kannada,Haliyal,Nagashettikoppa,Mundawada,82.94,0.47,11.4,11.4, ,,,, ,,
KA10030122,Guttebail Kere,Minor Irrigation Department,Uttara Kannada,Haliyal,Chibbalageri,Gutthibyla,74,7.28,13.38,13.39, ,,,, ,,
KA10030130,Gadiyal In Haliyal Taluk,Minor Irrigation Department,Uttara Kannada,Haliyal,Tatwanagi,Gadiyala,204.2,22.26,22.7,39, ,,,, ,,
KA10030110,Dakere,Minor Irrigation Department,Uttara Kannada,Haliyal,ULB-Haliyala-TMC,Hullathi,79.68,8,13.2,13.2, ,,,, ,,
KA10030112,Yellapanala,Minor Irrigation Department,Uttara Kannada,Haliyal,Yadoga,Javalli,46.13,6,8,8, ,,,, ,,
KA10030167, ,Minor Irrigation Department,Uttara Kannada,Haliyal,ULB-Haliyala-TMC,Haliyala,186.06,18,30,30, ,,,, ,,
KA10030154,Baloga Kere,Minor Irrigation Department,Uttara Kannada,Haliyal,Yadoga,Baloga,41.3,4.16,6.8,6.8, ,,,, ,,
KA10030107,Harvalli,Minor Irrigation Department,Uttara Kannada,Haliyal,Yadoga,Haravalli,147,15.78,25.26,24.5, ,,,, ,,
KA10030127, ,Minor Irrigation Department,Uttara Kannada,Haliyal,Yadoga,Yadoga,77.67,5.7,7,7, ,,,, ,,
KA10030157,Bidrolli Kere,Minor Irrigation Department,Uttara Kannada,Haliyal,Modalagera,Bidrolli,44.45,4.5,7.6,7.3, ,,,, ,,
KA10030129, ,Minor Irrigation Department,Uttara Kannada,Haliyal,Havagi,Havagi,42.44,4.25,7,7, ,,,, ,,
KA10030150, ,Minor Irrigation Department,Uttara Kannada,Haliyal,Havagi,Havagi,67.62,18,30,10.25, ,,,, ,,
KA10030190,Ambadaga Tank,Minor Irrigation Department,Uttara Kannada,Haliyal,Mangalawada,Ambadage,385,25.4,25.5,39.04, ,,,, ,,
KA10030106,Pala Kere,Minor Irrigation Department,Uttara Kannada,Haliyal,Mangalawada,Pala,61.26,8.4,8,10, ,,,, ,,
KA10030117,Mangalawada Kere,Minor Irrigation Department,Uttara Kannada,Haliyal,Mangalawada,Mangalawada,41.23,8.25,13.5,13.5, ,,,, ,,
KA10030113,Bhiredevar Kere,Minor Irrigation Department,Uttara Kannada,Haliyal,Teragaon,Theragaov,171,7.5,7.62,7.5, ,,,, ,,
KA10030133, ,Minor Irrigation Department,Uttara Kannada,Haliyal,Arlawada,Hunasawada,49.27,4.9,9,8, ,,,, ,,
KA10030123,Kumbarkere,Minor Irrigation Department,Uttara Kannada,Haliyal,Teragaon,Theragaov,205,25.4,20,31.75, ,,,, ,,
KA10030109,Hunsawada Kere,Minor Irrigation Department,Uttara Kannada,Haliyal,Arlawada,Hunasawada,56.9,5.7,9.2,9.2, ,,,, ,,
KA10030160,Muttalmuri Kere,Minor Irrigation Department,Uttara Kannada,Haliyal,Madnalli,Mutthalamuri,68.82,4.5,7.5,6.1, ,,,, ,,
KA10030135, ,Minor Irrigation Department,Uttara Kannada,Haliyal,Madnalli,Dhusagi,50,5,8.2,8.2, ,,,, ,,
KA10030108,Madnalli Kere,Minor Irrigation Department,Uttara Kannada,Haliyal,Madnalli,Madanahalli,49.34,6.1,10,8.4, ,,,, ,,
KA10030124,Mudkani,Minor Irrigation Department,Uttara Kannada,Haliyal,Arlawada,Mundaki,84.17,4.2,7,8, ,,,, ,,
KA10030116,Kawlwad,Minor Irrigation Department,Uttara Kannada,Haliyal,Kavalavada,Kavalawada,260,27.7,7.5,12, ,,,, ,,
KA10020017,Birampali Kere,Minor Irrigation Department,Uttara Kannada,Joida,Pradhani,Birampali,60,0.08,0.2,, ,,,, ,,
KA10020018,Sangave Kere,Minor Irrigation Department,Uttara Kannada,Joida,Nagoda,Sanghale,75,0.03,1.45,, ,,,, ,,
KA10020016,Pradhani Kere,Minor Irrigation Department,Uttara Kannada,Joida,Pradhani,Pradhani,50,0.5,,, ,,,, ,,
KA10010035,New Mi Hotegali,Minor Irrigation Department,Uttara Kannada,Karwar,Hanakona,Hotegali,116,11.63,15.58,0.01, ,,,, ,,
KA10010036,Gopishitta,Minor Irrigation Department,Uttara Kannada,Karwar,Hanakona,Gopashitta,80,3.75,12.98,0.02, ,,,, ,,
KA10010037,Arthalava,Minor Irrigation Department,Uttara Kannada,Karwar,Mudageri,Mudageri,396.9,0.6,64.32,0.05, ,,,, ,,
KA10050193,Kavalkoppa Tumbargi Kere,Minor Irrigation Department,Uttara Kannada,Mundgod,Chigalli,Kavalakoppa,53.22,4.5,1.9,2.85, ,,,, ,,
KA10050192,Salgaav Kere,Minor Irrigation Department,Uttara Kannada,Mundgod,Salgaon,Salagaov,75.32,17.75,8.75,13.12, ,,,, ,,
KA10050166,Kalkeri Basavadevana Kere,Minor Irrigation Department,Uttara Kannada,Mundgod,Naganuru,Kalakeri,41.03,4.62,1.72,2.58, ,,,, ,,
KA10050182,Ajjihalli Kere,Minor Irrigation Department,Uttara Kannada,Mundgod,Salgaon,Ajjihalli,40.19,5.44,2.25,3.5, ,,,, ,,
KA10050186,K Vaddinkere,Minor Irrigation Department,Uttara Kannada,Mundgod,ULB-Mundagod-TP,Kalaginakoppa,41.99,1.82,3.3,4.95, ,,,, ,,
KA10050191,Sannavalli,Minor Irrigation Department,Uttara Kannada,Mundgod,Salgaon,Sanavalli,740,59.08,70,1.6, ,,,, ,,
KA10050172,Mundgod  Kere,Minor Irrigation Department,Uttara Kannada,Mundgod,ULB-Mundagod-TP,Mundagoda,73.82,35.27,,4.8, ,,,, ,,
KA10050297,Bachanki Tank,Minor Irrigation Department,Uttara Kannada,Mundgod,Bachanaki,Hirebachanaki,,,,, ,,,, ,,
KA10050260,Arishinageri Kere,Minor Irrigation Department,Uttara Kannada,Mundgod,Bachanaki,Vadaghatta,197.24,32.59,18.7,18.79, ,,,, ,,
KA10050180,Hungunda Kere,Minor Irrigation Department,Uttara Kannada,Mundgod,Hunagund,Hunagundha,41.04,7.02,3.11,, ,,,, ,,
KA10050258,Hungunda Ningavvana Kere,Minor Irrigation Department,Uttara Kannada,Mundgod,Hunagund,Hunagundha,42.13,3.9,0.88,0.8, ,,,, ,,
KA10050170, ,Minor Irrigation Department,Uttara Kannada,Mundgod,Bachanaki,Vadaghatta,46.98,3.31,0.06,0.36, ,,,, ,,
KA10050181,Agadi  Kere,Minor Irrigation Department,Uttara Kannada,Mundgod,Hunagund,Agadi,74.25,18.15,1.49,2.5, ,,,, ,,
KA09040005,Attiveri Tank,Minor Irrigation Department,Uttara Kannada,Mundgod,Hunagund,Hunagundha,122,6,15,, ,,,, ,,
KA10050178,Malagi Kere,Minor Irrigation Department,Uttara Kannada,Mundgod,Malagi,Malagi,115.8,18.84,12.87,19.3, ,,,, ,,
KA10050185,Tala Kere,Minor Irrigation Department,Uttara Kannada,Mundgod,Pala,Pala,70.65,14.47,5.4,8.1, ,,,, ,,
KA10050164,Ramapura Kere,Minor Irrigation Department,Uttara Kannada,Mundgod,Kodambi,Kodambi,361,4.58,15,2.2, ,,,, ,,
KA10050189,Attanagi Kere,Minor Irrigation Department,Uttara Kannada,Mundgod,Naganuru,Attanagi,462,40,13.23,5.7, ,,,, ,,
KA10050190,Margadi Kere,Minor Irrigation Department,Uttara Kannada,Mundgod,Katur,Maragadi,55.1,5.67,2.1,3.15, ,,,, ,,
KA10050177, ,Minor Irrigation Department,Uttara Kannada,Mundgod,Katur,Singanalli,97,6,12,, ,,,, ,,
KA10050184,Katoor Kere,Minor Irrigation Department,Uttara Kannada,Mundgod,Katur,Kathura,,,,, ,,,, ,,
KA10050303, ,Minor Irrigation Department,Uttara Kannada,Mundgod,Katur,Kathura,79.06,2.36,4.36,6.84, ,,,, ,,
KA10050183,Naganoor Kere,Minor Irrigation Department,Uttara Kannada,Mundgod,Naganuru,Naganura,65.31,8.17,4.46,6.69, ,,,, ,,
KA10050175, ,Minor Irrigation Department,Uttara Kannada,Mundgod,Katur,Alalli,46.64,9.72,8.4,12.9, ,,,, ,,
KA10050188,Mudsaali Kere,Minor Irrigation Department,Uttara Kannada,Mundgod,Katur,Mudasali,42.16,9.1,2.43,3.64, ,,,, ,,
KA10050298,Tattihalli Kere,Minor Irrigation Department,Uttara Kannada,Mundgod,Naganuru,Thattehalli(Veerapura),40.39,39.28,3.12,2.6, ,,,, ,,
KA10050187,Hirehalli Kere,Minor Irrigation Department,Uttara Kannada,Mundgod,Chigalli,Hirehalli,42.9,0.57,0.6,0.54, ,,,, ,,
KA10090266,Husuru Kere,Minor Irrigation Department,Uttara Kannada,Siddapur,Halageri,Husura,57.8,38.94,20.64,, ,,,, ,,
KA10090267,Avaraguppa,Minor Irrigation Department,Uttara Kannada,Siddapur,Kolsirsi,Avaraguppa,60,0.2,,, ,,,, ,,
KA10090265, ,Minor Irrigation Department,Uttara Kannada,Siddapur,Kangod,Kanagoda,40,0.5,,, ,,,, ,,
KA10060168,Saath Kere,Minor Irrigation Department,Uttara Kannada,Sirsi,Bhasi,Narura,63.9,17.84,5.5,36.2, ,,,, ,,
KA10060186,Naroor Kere,Minor Irrigation Department,Uttara Kannada,Sirsi,Bhasi,Narura,58.81,6.19,1.74,24.11, ,,,, ,,
KA10060171,Tigani Kere,Minor Irrigation Department,Uttara Kannada,Sirsi,Bhasi,Thigani,41.17,1.43,3.86,, ,,,, ,,
KA10060173,Kantraji Kere,Minor Irrigation Department,Uttara Kannada,Sirsi,Guddapur,Kanthraji,82.24,8.2,2.6,33.67, ,,,, ,,
KA10060170,Banavasi Kere,Minor Irrigation Department,Uttara Kannada,Sirsi,Banavasi,Banavasi,87.92,6.7,2.6,36.05, ,,,, ,,
KA10060164,Gudnapura Kere,Minor Irrigation Department,Uttara Kannada,Sirsi,Guddapur,Gudnapura,83.63,6.64,2.02,34.29, ,,,, ,,
KA10060172,Madhuralli Kere,Minor Irrigation Department,Uttara Kannada,Sirsi,Guddapur,Madrahalli,46.34,4.57,2.09,19, ,,,, ,,
KA10060178, ,Minor Irrigation Department,Uttara Kannada,Sirsi,Guddapur,Madrahalli,74.33,2.5,1.32,30.45, ,,,, ,,
KA10060151, ,Minor Irrigation Department,Uttara Kannada,Sirsi,Andagi,Andagi,55.36,4.28,1.58,22.7, ,,,, ,,
KA10060182,Hebbatti Kere,Minor Irrigation Department,Uttara Kannada,Sirsi,Andagi,Hebbatthi,40.43,4.18,0.88,16.58, ,,,, ,,
KA10060181,Kiravatti Kere,Minor Irrigation Department,Uttara Kannada,Sirsi,Andagi,Kiravatthi,51.98,1.51,5.37,, ,,,, ,,
KA10060166,Val Kere,Minor Irrigation Department,Uttara Kannada,Sirsi,Badanagod,Vaddhala,43.69,8,2.65,, ,,,, ,,
KA10060175, ,Minor Irrigation Department,Uttara Kannada,Sirsi,Badanagod,Kupagaddhe,156.87,7.31,3.35,64.32, ,,,, ,,
KA10060167,Danaganahalli Kere,Minor Irrigation Department,Uttara Kannada,Sirsi,Badanagod,Danaganahalli,42.48,0.94,3.06,, ,,,, ,,
KA10060183,Kaalangi Kere,Minor Irrigation Department,Uttara Kannada,Sirsi,Badanagod,Kalangi,50.28,3.41,7,, ,,,, ,,
KA10060165,Malalagaav Kere,Minor Irrigation Department,Uttara Kannada,Sirsi,Bisalakoppa,Malalagaov,103.71,1.8,0.21,14.73, ,,,, ,,
KA10060185,Badanagod Kere,Minor Irrigation Department,Uttara Kannada,Sirsi,Badanagod,Bidhanagoda,64.56,2,1.3,26.47, ,,,, ,,
KA09040008,Tattihalla Reservoir,Minor Irrigation Department,Uttara Kannada,Yellapur,Kiravatti,Kanchanahalli,,,,, ,,,, ,,
KA12020050,Kottur,Minor Irrigation Department,Vijayanagara,H B Halli,Hanasi,Hanisi,175,292.4,135,135,Homogen eous,6,2.5,2940,FOF escape,80,34.74
KA12020049,Benakal,Minor Irrigation Department,Vijayanagara,H B Halli,Bennekallu,Benakale,500,149.39,89.68,89.68,Homogen eous,6.74,2.5,1260,FOF escape,80,672.5
KA12020051,Hosakere,Minor Irrigation Department,Vijayanagara,H B Halli,Dasamapura,Hosakeri,75,71,44.48,44.48,Homogen eous,6,2.5,1204,Flush type,30,51.13
KA12020052,Dashmapura,Minor Irrigation Department,Vijayanagara,H B Halli,Dasamapura,Dhasamapura,85,,14.33,14.33,Homogen eous,7.98,6.8,1100,FOF escape,40,61.64
KA12020043,Chimtrampalli,Minor Irrigation Department,Vijayanagara,H B Halli,Vallabhapura,Chinthapalli,97,62.8,42.3,42.3,Homogen eous,5.8,2.5,1080,Flush type,60,23.89
KA12020045,Mutuganahalli,Minor Irrigation Department,Vijayanagara,H B Halli,Byasigadere,Byasalageri,150,25,20.14,20.14,Homogen eous,5.07,2.5,720,Flush type,40,68.38
KA12020047,Bannikal,Minor Irrigation Department,Vijayanagara,H B Halli,Bannikallu,Bannikallu,728,164.65,116.07,116.07,Homogen eous,8.55,1.8,1485,Flush type,110,22.03
KA12020044,Magimavinahalli Big,Minor Irrigation Department,Vijayanagara,H B Halli,Halagapura,Halagapura,65,74.28,42.23,42.23,Homogen eous,6.5,1.5,1726,Flush type,80,100.02
KA12020048,G.Kodihalli,Minor Irrigation Department,Vijayanagara,H B Halli,Gaddhikeri,Gattikeri Kodihalli,140,65.84,43.56,43.56,Homogen eous,6,1.8,840,Flush type,60,76.45
KA12020046,Magimavinahalli Small,Minor Irrigation Department,Vijayanagara,H B Halli,Halagapura,Halagapura,52,38.4,22.2,22.2,Homogen eous,3.5,1.8,1109,Flush type,50,20.5
KA12010016,Dasanahalli Tank,Minor Irrigation Department,Vijayanagara,H Hadagali,Dasanahalli,Pothalakatte,289,120,39.12,39.12, ,,,, ,,
KA12010017,Talakal Tank,Minor Irrigation Department,Vijayanagara,H Hadagali,Mahajanadhahalli,Mahajandhahalli,279,65,38.12,38.12,Homogen eous,4.02,2.44,1200,FOF escape,42,68.46
KA12010015,Aralihalli Tank,Minor Irrigation Department,Vijayanagara,H Hadagali,Birabbi,Birabbi,769,245,106.36,106.36,Homogen eous,9.86,2.4,1920,FOF escape,30,192.49
KA12010003,Nagathi Basapura,Minor Irrigation Department,Vijayanagara,H Hadagali,Nagathibasapura,Nagathi Basapura,100,249,10.8,10.8,Homogen eous,10.25,1.8,553,Flange escape,18,34.43
KA12010004,Devagondanahalli,Minor Irrigation Department,Vijayanagara,H Hadagali,K.Ayyenahalli,Devagondanahalli,77,210,64.7,64.7,Homogen eous,7.2,2.7,1006,Natural Ground,25,30.55
KA12010005,Sovinahalli,Minor Irrigation Department,Vijayanagara,H Hadagali,Kombali,Koyilaragatta,70,30.1,8.6,8.6,Homogen eous,7.7,1.83,510,FOF escape,20,19
KA12110022,Bevinahalli,Minor Irrigation Department,Vijayanagara,Harpanahalli,Huchhangidurga,Ucchangidurga,,,,, ,,,, ,,
KA12110021,Satturu,Minor Irrigation Department,Vijayanagara,Harpanahalli,Hiremegalagere,Satturu,40.65,2.59,22.01,0,Vented weir,8.25,1.25,854,FE,,937
KA12110077,Kanchigeri,Minor Irrigation Department,Vijayanagara,Harpanahalli,Kanchikeri,Kanchigeri,108,10.69,35.32,0,Vented weir,5.49,1.22,1910,FE,,912
KA12110023,Bendigere,Minor Irrigation Department,Vijayanagara,Harpanahalli,Yadihalli,Yadihalli,,,,, ,,,, ,,
KA12110025,Arasikeri,Minor Irrigation Department,Vijayanagara,Harpanahalli,Arasikere,Arasikeri,112.25,9.03,32.3,0,Vented weir,9.2,,1200,FE,,
KA12110014,Thelagi,Minor Irrigation Department,Vijayanagara,Harpanahalli,Telagi,Thelagi,109.31,27.77,0.96,14.01,Vented weir,7.91,2.5,795,Ogee,,7486
KA12110011,Kanivihalli,Minor Irrigation Department,Vijayanagara,Harpanahalli,Nandibevur,Nandibevuru,202,12.76,24.95,24.95,Vented weir,9.02,1.83,540,FE,,1382
KA12110008,Kanalli,Minor Irrigation Department,Vijayanagara,Harpanahalli,Madlageri,Mudlageri,,,,, ,,,, ,,
KA12110017,Neelagunda,Minor Irrigation Department,Vijayanagara,Harpanahalli,Nilagunda,Neelagunda,132.16,6.4,83.58,0,Vented weir,6.91,2.75,1176,FE,,1773
KA12110040,Kallahalli,Minor Irrigation Department,Vijayanagara,Harpanahalli,K. Kallahalli,Kallahalli,84,27,13.39,29.61,Vented weir,9.74,2.5,822,Ogee,,1469
KA12110016,Arasanalu,Minor Irrigation Department,Vijayanagara,Harpanahalli,Kunchur,Arasanalu,194,25,16,0,Vented weir,8.51,1.83,859,SA,,1411
KA12010021,Halavagalu,Minor Irrigation Department,Vijayanagara,Harpanahalli,Halavagalu,Halavagalu,,,,, ,,,, ,,
KA12110013,Narayanapura,Minor Irrigation Department,Vijayanagara,Harpanahalli,Togarikatte,Narayanapura,73,2.93,35.52,0,Vented weir,6.28,1.52,732,FE,,1193
KA12110082,Bagale,Minor Irrigation Department,Vijayanagara,Harpanahalli,Bagali,Bagale,119,6.64,39.8,0,Vented weir,4,,1891,SM,,2004
KA12110026,Yadihalli,Minor Irrigation Department,Vijayanagara,Harpanahalli,Yadihalli,Yadihalli,55,5.44,30.44,0,Vented weir,3.8,,1626,FE,,2222
KA12110010,Balenahalli,Minor Irrigation Department,Vijayanagara,Harpanahalli,Thaudur,Kyarakatte,,,,, ,,,, ,,
KA12110024,Aligelivada,Minor Irrigation Department,Vijayanagara,Harpanahalli,Kadathi,Kadathi,97,6.55,54.7,0,Vented weir,4.93,1.53,1042,FE,,1684
KA12110018,Gundagatti,Minor Irrigation Department,Vijayanagara,Harpanahalli,Gundagatti,Gundagatti,41,2.41,25.4,0,Vented weir,4,1.02,1644,FE,,1293
KA12110012,Hikkimgera,Minor Irrigation Department,Vijayanagara,Harpanahalli,Kadabageri,Hikkimgera,49.48,3.65,35,0,Vented weir,4.75,3.6,350,FE,,1531
KA12110015,Kanchuru,Minor Irrigation Department,Vijayanagara,Harpanahalli,Kunchur,Kanchuru,105.93,4.09,49.34,0,Vented weir,4.5,1.22,2074,FE,,2590
KA12060017,Bylakundi,Minor Irrigation Department,Vijayanagara,Hospet,Nagalapura,Byalakundhi,47,58.52,18.23,18.23,Homogen eous,6.5,1.21,1333,Oogee Masonry,25,29.5
KA12060016,Nagalapura,Minor Irrigation Department,Vijayanagara,Hospet,Nagalapura,Nagalapura,48,29.72,13.73,13.73,Homogen eous,7,1.82,780,Submerged,15.45,18
KA12030006,Dananayakana Kere,Minor Irrigation Department,Vijayanagara,Hospet,Dananayakanakere,Danayakanakeri,205,163.62,288.26,288.26,Homogen eous,9.84,1.83,2625,Masonry flush escape,126.4,111.85
KA12030004,Kakubalu,Minor Irrigation Department,Vijayanagara,Hospet,Byluvaddigere,Kakabalu,,,,, ,,,, ,,
KA12030002,Shettykere,Minor Irrigation Department,Vijayanagara,Hospet,Byluvaddigere,Gundlavaddhageri,161,,22.07,, ,,,, ,,
KA12030007,Hosachinnapura,Minor Irrigation Department,Vijayanagara,Hospet,Seetharamathanda,Kamalapura,50,16.3,17.24,17.24,Homogen eous,8.38,2.5,615.5,-,19,34.77
KA12030001,Nallapura,Minor Irrigation Department,Vijayanagara,Hospet,Seetharamathanda,Kamalapura,,,,, ,,,, ,,
KA12030005,Nallapura,Minor Irrigation Department,Vijayanagara,Hospet,Bukkasagara,Venkatapura,,,,, ,,,, ,,
KA12090032,Ujjani,Minor Irrigation Department,Vijayanagara,Kotturu,Ujjini,Ujjani,74,158.95,56,56,Homogen eous,7,3.6,1036,FOF escape,90,61.7
KA12090031,Mangapura,Minor Irrigation Department,Vijayanagara,Kotturu,Nimbalagere,Mangapura,79,183.11,70.17,70.17,Homogen eous,7,3,1128,FOF escape,35.6,55.92
KA12090027,Kotturu Tank,Minor Irrigation Department,Vijayanagara,Kotturu,Rampura,Rampura,304,266.01,173.6,173.6,Homogen eous,15,2.5,1650,FOF escape,113,182.66
KA12090029,Devalapura,Minor Irrigation Department,Vijayanagara,Kotturu,Kandagallu,Gajapura,118,120.77,56.94,56.94,Homogen eous,7,2,922,FOF escape,99,46.66
KA12090033,Thimmalapura,Minor Irrigation Department,Vijayanagara,Kotturu,Kandagallu,Thimmalapura,62,114.64,52.69,52.69,Homogen eous,5,6,1527,FOF escape,32.9,78.62
KA12070116,Hulikere,Minor Irrigation Department,Vijayanagara,Kudligi,Herekumbalakunte,Hulakeri,84,89.56,32.13,32.13,Homogen eous,7.05,5.8,846,FOF escape,138,81.95
KA12070115,Lokikere,Minor Irrigation Department,Vijayanagara,Kudligi,Jummobanahalli,Lokikeri,79,21.79,21.7,21.7,Homogen eous,7.5,1.8,573,FOF escape,40,35.28
KA12070114,Jummobanahalli,Minor Irrigation Department,Vijayanagara,Kudligi,Jummobanahalli,Jummobanahalli,55,20.16,11.29,11.29,Homogen eous,6.71,1.8,250,FOF escape,53,47.34
KA12070113,Hosahalli,Minor Irrigation Department,Vijayanagara,Kudligi,Hosahalli,Hosahalli,60,35.4,20.7,20.7,Homogen eous,7.8,1.8,540,FOF escape,36.5,55.14
KA12070125,Imadapura,Minor Irrigation Department,Vijayanagara,Kudligi,Harakabavi,Bellikatte,405,55.45,26.56,26.54,Homogen eous,7.8,1.8,404.85,FOF escape,40,114.92
KA12070051, ,Minor Irrigation Department,Vijayanagara,Kudligi,Hurulihal,Huralihalu,378,78,67,67,Homogen eous,12,2.5,1700,FOF escape,60,7.5
KA12070120,Kudligi Big,Minor Irrigation Department,Vijayanagara,Kudligi,ULB-Kudalagi-TP,Kudligi,109,92.53,60.6,4.6,Homogen eous,6,2.5,990,FOF escape,68,45.22
KA12070130,Sasalwada,Minor Irrigation Department,Vijayanagara,Kudligi,Herehegdal,Hirehegdehal,48,74.97,31.15,31.15,Homogen eous,4.4,2.5,1878,FOF escape,61,44.42
KA12070129,Chowdapura,Minor Irrigation Department,Vijayanagara,Kudligi,Sivapura,Shivapura,,,,, ,,,, ,,
KA12070131,Jangamasovenahalli,Minor Irrigation Department,Vijayanagara,Kudligi,Sivapura,Shivapura,50,35.47,18.37,18.37,Homogen eous,4.8,1.8,774,FOF escape,16,21.35
KA12070117,Rayapura,Minor Irrigation Department,Vijayanagara,Kudligi,Appayyanahalli,Halasagara,88,70,45,45,Homogen eous,12.2,3,594.04,FOF escape,91,21.61
KA12070123,Chowdapura,Minor Irrigation Department,Vijayanagara,Kudligi,Chowdapura,Chowdapura,63,78.78,42.12,42.12,Homogen eous,8,3.6,704,FOF escape,38.4,41.68
KA12070119,Gudekote,Minor Irrigation Department,Vijayanagara,Kudligi,Gudekote,Gudekote,75,55.94,64.68,64.98,Homogen eous,14,2.5,967,FOF escape,90,78.29
KA12070118,Sorvodaya,Minor Irrigation Department,Vijayanagara,Kudligi,Gudekote,Gudekote,96,14.95,10.64,10.64,Homogen eous,10,2.4,335,FOF escape,19,31.14
KA12070127,Mahadevapura,Minor Irrigation Department,Vijayanagara,Kudligi,Appayyanahalli,Appenahalli,73,13.84,10.08,10.08,Homogen eous,10.4,2.5,570,Flush type,0,34.23
KA12070009,Appenahalli  Tank,Minor Irrigation Department,Vijayanagara,Kudligi,Appayyanahalli,Appenahalli,405,39,63,63,Homogen eous,13.75,2.4,270,FOF escape,22,199.46
KA12070126,Gundumunugu,Minor Irrigation Department,Vijayanagara,Kudligi,Gundumunugu,Gundumadugu,101,119.38,51.7,51.7,Homogen eous,8.5,3.6,660,FOF escape,66,7.81
KA12070128,Sunkadakallu,Minor Irrigation Department,Vijayanagara,Kudligi,Suladahalli,Palaiahanakote,92,195,45,45,Homogen eous,9,2.5,195,FOF escape,20,54.22
KA12070089, ,Minor Irrigation Department,Vijayanagara,Kudligi,Belligatti,Hulikunta,45,,6.22,5.6,Homogen eous,9.16,2.5,400,FOF escape,14,21.03
KA12070008,Gandabommanahalli Tank,Minor Irrigation Department,Vijayanagara,Kudligi,Gudekote,Shidegallu,2274,178,281.59,281.39,Homogen eous,18.65,2.4,1104,-,62,418.51
KA12070122,Basapura 2,Minor Irrigation Department,Vijayanagara,Kudligi,Chowdapura,Chowdapura,43,6.32,3.91,3.91,Homogen eous,7.7,2.5,390,FOF escape,11,17.15
KA12070121,Basapura 1,Minor Irrigation Department,Vijayanagara,Kudligi,Chowdapura,Chowdapura,230,38,60,60,Homogen eous,8.22,1.8,510,FOF escape,32,51.64
KA03040001,Mukherthihal Tank,Minor Irrigation Department,Vijayapura,Basavana Bagevadi,Hebbal,Hangaragi,356,57.02,51.35,51.35,Zonal,10.41,2.5,852,Flush Escape,100,112.76
KA03040028,Mannur,Minor Irrigation Department,Vijayapura,Basavana Bagevadi,Mannur,Manura,100,26.1,14.67,14.67,Zonal,8.53,2,570,Flush Escape,34,38.28
KA03040027,Nagawad,Minor Irrigation Department,Vijayapura,Basavana Bagevadi,Muttagi,Nagawada,100,24.9,15.2,15.2,Zonal,9.3,1.83,525.4,Flush Escape,36.6,34.82
KA03040026,Agasabal,Minor Irrigation Department,Vijayapura,Basavana Bagevadi,Hunashyal P.B.,Sankanala,51,26.3,14.58,14.58,Zonal,9.4,1.83,730,Flush Escape,30,36.38
KA03040005,Muttagi,Minor Irrigation Department,Vijayapura,Basavana Bagevadi,Muttagi,Mutthagi,40,7.67,5.47,5.47,Zonal,6.2,2.5,480,Flush Escape,,
KA03040029,Huvin Hippargi,Minor Irrigation Department,Vijayapura,Basavana Bagevadi,Hunashyal P.B.,Sankanala,170,,22.95,,Zonal,7.58,4,936,Ogee Weir,71,136.02
KA03040036, ,Minor Irrigation Department,Vijayapura,Basavana Bagevadi,Narasalagi,Ivanagi,40,22,3.5,5.01,Zonal,6.6,0,350,Clear Overfall,350,793.95
KA03040006,Aralichandi,Minor Irrigation Department,Vijayapura,Basavana Bagevadi,Ingaleswar,Ingaleshwara,,,,, ,,,, ,,
KA03040007,Manguli,Minor Irrigation Department,Vijayapura,Basavana Bagevadi,ULB-Managuli-TP,Managoli,61,12.69,8.38,8.38,Zonal,8.21,1.83,655.75,Flush Escape,20.72,25.2
KA03070007,Uppaladinni,Minor Irrigation Department,Vijayapura,Bobleshwar,Mamadapur,Uppaladhinni,56,18.48,7.6,7.6,Zonal,7.88,2.5,235,Flush Weir,20,23.02
KA03070010,Mamadapur(Big),Minor Irrigation Department,Vijayapura,Bobleshwar,Mamadapur,Mamadhapura,257,77,90.41,90.41,Zonal,7.6,5.7,795,Clear Overfall,25,501
KA03070006,Mamadapur(Small),Minor Irrigation Department,Vijayapura,Bobleshwar,Mamadapur,Mamadhapura,60,18.96,7.41,7.41,Zonal,6.6,3,375,Flush,42,150
KA03070027,Kuppakaddi Tank,Minor Irrigation Department,Vijayapura,Bobleshwar,Karjol,Dudihala,304,73.71,65,65,Zonal,11.7,2.5,965,Submerge,104,119.29
KA03070026,Katral Tank,Minor Irrigation Department,Vijayapura,Bobleshwar,Arjunagi,Yakkundi,582,121.5,79.45,79.45,Zonal,12.22,2.5,1240,Flush Escape,190,326.77
KA03070025,Eakkundi Tank,Minor Irrigation Department,Vijayapura,Bobleshwar,Nidoni,Thiganibidari,410,89.67,60.74,60.74,Zonal,11.17,2,800,Flush Escape,130,227.18
KA03070005,Kumathe (Old),Minor Irrigation Department,Vijayapura,Bobleshwar,Kumathe,Kumati,,,,, ,,,, ,,
KA03070009,Nidoni (New),Minor Irrigation Department,Vijayapura,Bobleshwar,Nidoni,Nidoni,63,11.65,8.76,8.76,Zonal,7.91,1.82,370,Flush Escape,20,22.82
KA03070004,Nidoni (Old),Minor Irrigation Department,Vijayapura,Bobleshwar,Nidoni,Nidoni,63,17.4,6.48,6.48,Zonal,6.84,1.83,3905,Drowned Channel,15,15.85
KA03080002,Jigajinagi Tank,Minor Irrigation Department,Vijayapura,Chadchan,Jigajivanagi,Jeegajeevanagi,967,166,135.31,135.31,Zonal,11.93,2.5,1420,Clear Overfall,84,212.57
KA03080023, ,Minor Irrigation Department,Vijayapura,Chadchan,Hadalasang,Sathalgaov.P.B,,,,, ,,,, ,,
KA03020035,Nandaragi,Minor Irrigation Department,Vijayapura,Chadchan,Nandaragi,Nandaragi,334,40.5,41.23,41.23,Zonal,10.85,1.5,361,Flush Escape,118.86,254
KA03080027, ,Minor Irrigation Department,Vijayapura,Chadchan,Jigajivanagi,Jeegajeevanagi,,,,, ,,,, ,,
KA03080026, ,Minor Irrigation Department,Vijayapura,Chadchan,Baradol,Baradola,250,42.57,34.13,34.13,Zonal,9.25,2.5,856,Ogee Weir,64,183.2
KA03080024, ,Minor Irrigation Department,Vijayapura,Chadchan,ULB-Chadachana-TP,Chadachana,120,33.5,33.5,33.5,Zonal,7.4,1.85,700,Flush Escape,48,53.82
KA03030002,Turadall,Minor Irrigation Department,Vijayapura,Devar Hippargi,Korawar,Keravara,236,62.34,28.24,28.24,Zonal,5.85,2.5,1060,Clear Overfall,,6532.2
KA03120020,M.I. Halayarnal (Devoor),Minor Irrigation Department,Vijayapura,Devar Hippargi,Manur,Devura,101,63,17.25,17.25,Zonal,29,2.5,1580,Flush,73.14,61.3
KA03120012,Bommanjogi MI,Minor Irrigation Department,Vijayapura,Devar Hippargi,Kokatanur,Bommanajogi,247,58.3,16.47,16.47,Zonal,6.2,2.5,930,Clear Overfall,,3765
KA03120014,Ingalagi Mi,Minor Irrigation Department,Vijayapura,Devar Hippargi,ULB-Devarahipparagi-TP,Devara Hipparagi,65,8.4,15.28,15.28,Zonal,2.14,2.5,1170,Clear Overfall,,
KA03120001,Kadlewadi Tank,Minor Irrigation Department,Vijayapura,Devar Hippargi,Chikkarugi,Kadlemada.P.A,,,,, ,,,, ,,
KA03020037,Rajanal,Minor Irrigation Department,Vijayapura,Indi,Atherga,Atharga,65,61,36,36,Zonal,14.96,3,1100,Flush Escape,25,46
KA03020040,Kotnal,Minor Irrigation Department,Vijayapura,Indi,Basanal,Kotnala,291,58,31.25,31.25,Zonal,8.55,1.65,695,Flush Escape,100,112.95
KA03020004,Tadavalga Tank,Minor Irrigation Department,Vijayapura,Indi,Tadavalaga,Thadavalaga,284,78.5,85,85,Zonal,10.8,1.85,1070,Flush Escape,182.87,311.48
KA03020047,Deginal Site 2 Tank,Minor Irrigation Department,Vijayapura,Indi,Koluragi,Dheganala,102,21.45,16.68,16.68,Zonal,9.3,1.83,560,Flush Escape,35.2,39.52
KA03020032,Nimbal,Minor Irrigation Department,Vijayapura,Indi,Nimbal Kd,Nimbala.K.D,122,28.92,15.18,15.18,Zonal,16.9,2.5,600,Clear Overfall,29,46.66
KA03020034,Koluragi  Small,Minor Irrigation Department,Vijayapura,Indi,Koluragi,Koluragi,135,11.65,5.83,5.83,Zonal,10.8,1.82,535,Flush Escape,48.76,57.76
KA03020003,Gundawan Tank at Site I,Minor Irrigation Department,Vijayapura,Indi,Babalad,Halagunaki,505,100,62.34,62.34,Zonal,12.5,2.5,973,Flush Escape,164,283.73
KA03020038,Gundavan Site 1 Tank,Minor Irrigation Department,Vijayapura,Indi,Kapanimbaragi,Kudagi,105,35,12.7,12.7,Zonal,8.23,1.85,449.57,Flush Escape,49.69,111
KA03020011, ,Minor Irrigation Department,Vijayapura,Indi,ULB-Indi-TMC,Indi,,,,, ,,,, ,,
KA03020001,Gundawan Tank at Site II,Minor Irrigation Department,Vijayapura,Indi,Kapanimbaragi,Gundhavana,445,70.42,60.78,60.78,Zonal,11.21,2.5,990,Flush Escape,209,46.43
KA03020044,Chadachan,Minor Irrigation Department,Vijayapura,Indi,Koluragi,Savalasanga,,,,, ,,,, ,,
KA03020036,Horti,Minor Irrigation Department,Vijayapura,Indi,Horti,Horthi,131,19.5,1.85,1.85,Zonal,11,1.85,300,Flush Escape,35,44.45
KA03020005,Hanjagi Tank,Minor Irrigation Department,Vijayapura,Indi,Hanjagi,Hanjagi,304,70,50,50,Zonal,12.81,1.45,785,Flush Escape,138,169.16
KA03020033,Hadalsang,Minor Irrigation Department,Vijayapura,Indi,Hadalasang,Hadalasanga,45,9.4,8.11,8.11,Zonal,10.15,2.5,254,Clear Overfall,,1001
KA03020012, ,Minor Irrigation Department,Vijayapura,Indi,ULB-Indi-TMC,Indi,,,,, ,,,, ,,
KA03020017, ,Minor Irrigation Department,Vijayapura,Indi,Lalasangi,Lalasangi,,,,, ,,,, ,,
KA03110040,Sulkod Tank,Minor Irrigation Department,Vijayapura,Kolhar,Arashanagi,Thadalagi,,,,, ,,,, ,,
KA03110004,Asangi Kere,Minor Irrigation Department,Vijayapura,Kolhar,Masuti,Kurubaradhinni,180,64,49.88,49.88,Zonal,10.98,2.74,812,Flush Escape,89,398.15
KA03110028,Garasangi B K,Minor Irrigation Department,Vijayapura,Kolhar,Ronihal,Garasangi .K.H,196,43.74,30,30,Zonal,10.4,2.5,685,Flush Escape,130,223.89
KA03110041,Ronihal Tank,Minor Irrigation Department,Vijayapura,Kolhar,Mulawad,Mulawada,237,48.6,47.18,47.18,Zonal,12.58,2.5,689,Ogee Weir,31,90.38
KA03110002,Kudagi,Minor Irrigation Department,Vijayapura,Kolhar,Kudagi,Kudagi,132,28.9,25.05,25.05,Zonal,8.58,2.74,666,Flush Escape,111.28,79.39
KA03110001,Malghan Kere,Minor Irrigation Department,Vijayapura,Kolhar,Talewad,Kalakurake,,,,, ,,,, ,,
KA03050004,M.I.  Arasanal,Minor Irrigation Department,Vijayapura,Muddebihal,Hiremurnal,Arasanala,58,16,9.15,9.15,Zonal,5.98,2.5,740,Ogee Weir,18,33.44
KA03050006,Mudnal,Minor Irrigation Department,Vijayapura,Muddebihal,Hadalageri,Mudhanala,108,93.2,15.55,15.55,Zonal,22.12,0.01,1974,Flush,50,56.23
KA03050005,M.I. Advi Hulagabal,Minor Irrigation Department,Vijayapura,Muddebihal,Adavi Somanal,A.Hulagabal,405,104.82,50,50,Zonal,8.81,2.5,800,Clear Overfall,150,278.18
KA03050009,M.I. Gelamari,Minor Irrigation Department,Vijayapura,Muddebihal,Bidarkundi,Bidarakundhi,172,29.97,18.61,18.61,Zonal,10.98,2.4,617.6,Ogee Weir,,
KA03050008,Madinal,Minor Irrigation Department,Vijayapura,Muddebihal,Bidarkundi,Madhinala,211,19.43,15.55,15.55,Zonal,9.62,1.83,1130,Flush Escape,54,38.28
KA03050037,Hokarani Tank,Minor Irrigation Department,Vijayapura,Muddebihal,Kuntoji,Hokkarani,235,48.27,40.51,40.51,Zonal,11.72,3.9,758,Clear Overfall,,
KA03050015,M.I. Alakoppar,Minor Irrigation Department,Vijayapura,Muddebihal,Rudagi,Alakoppara,84,12.36,10.46,10.46,Zonal,10.54,2.45,254,Stopping,30,37.43
KA03050003,M.I. Agasabal,Minor Irrigation Department,Vijayapura,Muddebihal,Davalagi,Hallura,112,26.3,17.09,17.09,Zonal,7.99,2,655,Flush,32,322.2
KA03050014,Madikeshirur,Minor Irrigation Department,Vijayapura,Muddebihal,Davalagi,Hallura,943,153.82,130,130,Zonal,10.6,2.5,1005,Clear Overfall,186,461
KA03050031,Malakapur Tank,Minor Irrigation Department,Vijayapura,Muddebihal,Kuntoji,Jakkerala,,,,, ,,,, ,,
KA03050010,M.I. Basarkod,Minor Irrigation Department,Vijayapura,Muddebihal,Basarakod,Basarakoda,166,63,20.32,20.32,Zonal,10.79,2.45,220,Flush Escape,40,48.67
KA03050011,M.I. Ingalageri,Minor Irrigation Department,Vijayapura,Muddebihal,Ingalageri,Gudanala,248,49.49,26.59,26.59,Zonal,8.85,1.89,870,Flush Escape,61,68.32
KA03050036,Areshankar,Minor Irrigation Department,Vijayapura,Muddebihal,Rudagi,Gudadhinni,,,,, ,,,, ,,
KA03050007,M.I. Gundakarajagi (Rudagi),Minor Irrigation Department,Vijayapura,Muddebihal,Rudagi,Rudangi,126,47.38,15.9,15.9,Zonal,1.2,6.01,0.82,Flush,,
KA03050012,Tarnal,Minor Irrigation Department,Vijayapura,Muddebihal,Madikeswar,Tharanala,65,20.85,16.98,16.98,Zonal,9.75,2,624,Drowned Channel,110,160.1
KA03060008,Kirashyal Tank,Minor Irrigation Department,Vijayapura,Nidgundi,Hebbal,Hebbala,375,70.48,57.14,57.14,Zonal,10.92,2.5,730,Flush Escape,76,85.82
KA03060015,Akalwad,Minor Irrigation Department,Vijayapura,Nidgundi,Chimmalagi,Shikalawadi,57,14.96,8.84,8.84,Zonal,8.45,1.8,605, ,24.5,21.57
KA03030003,Yankanchi MI,Minor Irrigation Department,Vijayapura,Sindgi,Gubbewad,Gubbewada,,,,, ,,,, ,,
KA03050016,M.I. Hagargond,Minor Irrigation Department,Vijayapura,Talikota,Ingalageri,Hagaragonda,149,87.8,20.33,20.33,Zonal,10.88,2,775,Flush,58,55
KA03090003,M.I. Hirur Tamadaddi,Minor Irrigation Department,Vijayapura,Talikota,Hirur,Thamadhaddi,114,32.4,14.14,14.14,Zonal,5.98,2.5,745,Open,50,89.79
KA03090001,M.I. Aski,Minor Irrigation Department,Vijayapura,Talikota,Aski,Aski,124,17,16.99,16.99,Zonal,27,2.5,1360,Clear Overfall,56.38,62.77
KA03090002,M.I. Budihal,Minor Irrigation Department,Vijayapura,Talikota,Bekinal,Thurakanaghori Devura,91,73.7,11.34,11.34,Zonal,31.2,2.5,1315,Flush,45,50.82
KA03090005,M.I. Hunashyal,Minor Irrigation Department,Vijayapura,Talikota,Kalakeri,Kalakeri,101,63,23.45,23.45,Zonal,34.22,2.5,1950,Flush,39.62,63.42
KA03090004,Kudargond,Minor Irrigation Department,Vijayapura,Talikota,Kalakeri,Kalakeri,198,65,27.14,27.14,Zonal,39,2.5,1600,Flush,,
KA03010028,Hanchinal Tank,Minor Irrigation Department,Vijayapura,Tikota,Baratagi,Hanchanala .P.H,358,62.97,56.05,56.05,Zonal,11.05,2.5,655,Flush Escape,83.81,117.51
KA03100023,Lohagaon,Minor Irrigation Department,Vijayapura,Tikota,Lohgaon,Logaoav,205,40.8,29.3,29.3,Zonal,12.12,2.5,450,Clear Overfall,38.4,49.69
KA03100002,Bharatagi Tank,Minor Irrigation Department,Vijayapura,Tikota,Baratagi,Baratagi,648,107.24,80.19,80.19,Zonal,11.59,2.11,1075,Flush Escape,88.38,428.28
KA03100020,M.I. Arakeri,Minor Irrigation Department,Vijayapura,Tikota,Arakeri,Arakeri,145,25.6,25.26,25.26,Zonal,8.25,1.82,413,Flush Escape,40,44.17
KA03100010,Takkalaki,Minor Irrigation Department,Vijayapura,Tikota,Takkalaki,Takkalagi,,,,, ,,,, ,,
KA03100012,M.I. Kanamadi,Minor Irrigation Department,Vijayapura,Tikota,Kanamadi,Kanamadi,182,22.68,14.2,14.2,Zonal,10.88,2.5,518,Flush Weir,33.52,39.13
KA03100041, ,Minor Irrigation Department,Vijayapura,Tikota,Arakeri,Arakeri,,,,, ,,,, ,,
KA03100011,Yatnal,Minor Irrigation Department,Vijayapura,Tikota,Jalageri,Jalageri,161,22.78,20.08,20.08,Zonal,9.89,2.5,407,Submerge,,
KA03010007,M.I. Begam Talab,Minor Irrigation Department,Vijayapura,Vijayapura,ULB-Vijayapura-CC,Mahalabagayatha,,,,, ,,,, ,,
KA03010006,Kumatagi (Old),Minor Irrigation Department,Vijayapura,Vijayapura,Kumatagi,Kamatagi,60,22,5.55,5.55,Zonal,4.57,3,762,Submerge,40,27.8
KA03010005,M.I. Kaggod,Minor Irrigation Department,Vijayapura,Vijayapura,Kumatagi,Kaggoda,221,31.85,30.41,30.41,Zonal,12.45,2,756,Flush Escape,36,63.03
KA03010011,Kumatagi (New),Minor Irrigation Department,Vijayapura,Vijayapura,Kumatagi,Kamatagi,106,23.06,14.61,14.61,Zonal,7.82,3,307,Flush Escape,54.86,60.45
KA03010033,Kavalagi Aheri,Minor Irrigation Department,Vijayapura,Vijayapura,Honnutagi,Honnutagi,319,53.28,45.91,45.91,Zonal,13.58,2.5,518,Clear Overfall,65,82
KA03010010,M.I. Aheri,Minor Irrigation Department,Vijayapura,Vijayapura,Aheri,Aheri,138,20.45,3.05,3.05,Zonal,8.7,3.05,520,Flush Escape,36,44.54
KA03010030,Bommanahalli Pickup,Minor Irrigation Department,Vijayapura,Vijayapura,Tidagundi,Thidagundhi,519,80.9,70.98,70.98,Zonal,12.7,2.5,780,Flush Escape,134,331.3
KA03010004,Manal,Minor Irrigation Department,Vijayapura,Vijayapura,Tidagundi,Domanala,190,36.42,23.49,23.49,Zonal,8.55,1.85,535,Flush Escape,45,50.14
KA03010003,M.I. Ankalagi,Minor Irrigation Department,Vijayapura,Vijayapura,Aheri,Ankalagi,116,34.19,23.4,23.4,Zonal,8.74,2.5,565,Flush Escape,42,51.53
KA03010002,M.I. Hunshyal,Minor Irrigation Department,Vijayapura,Vijayapura,Aheri,Aheri,,,,, ,,,, ,,
KA03010008,M.I. Dyaberi,Minor Irrigation Department,Vijayapura,Vijayapura,Aliyabad,Dhyaberi,126,29.95,26.58,26.58,Zonal,13.32,3.68,442.25,Clear Overfall,85.31,193.4
KA03010031,Aheri Jumbagi,Minor Irrigation Department,Vijayapura,Vijayapura,Jumbagi A,Jambagi,330,67,52.95,52.95,Zonal,10.59,2.5,1062,Ogee Weir,58,306
KA03010032,Nagathan Tank,Minor Irrigation Department,Vijayapura,Vijayapura,Nagathan,Nagatana,,,,, ,,,, ,,
KA03010029,Makhanapur Kere,Minor Irrigation Department,Vijayapura,Vijayapura,Makanapur,Makanapura,435,97.06,89.35,89.35,Zonal,13.76,3,951,Flush Escape,,260.51
KA30010144, ,Minor Irrigation Department,Yadgir,Gurmatkal,Ajalapur,Baddepalli,220,23.31,65.99,65.99,homogeneous,6.7,2.83,1215,Sloping apompy,,47.5
KA30040013,Thoor,Minor Irrigation Department,Yadgir,Gurmatkal,Ajalapur,Baddepalli,105,121,59,59,homogeneous,7.5,1.83,1266,FOF,,1053
KA30040008, ,Minor Irrigation Department,Yadgir,Gurmatkal,Ajalapur,Ajalapura,202,60,78.1,78.1,homogeneous,7.3,1.83,1333,FOF,,8024
KA30040012,Yellamma,Minor Irrigation Department,Yadgir,Gurmatkal,Madvar,Vankasambara,80,9.29,18.3,18.3,homogeneous,4.5,1.83,960,FOF,,2715
KA30040001,Basavankunta Kere,Minor Irrigation Department,Yadgir,Gurmatkal,Jaigram,Idlura,46,16.16,4.04,4.04,homogeneous,5,1.83,1333,FOF,,632
KA30040011,Thoor Talab,Minor Irrigation Department,Yadgir,Gurmatkal,Jaigram,Jaigrama,61,40,20,20,homogeneous,6,1.83,270,FOF,,1627
KA30040020,Danda Kere,Minor Irrigation Department,Yadgir,Gurmatkal,Gajarkot,Gajarakota,72,40,21.52,21.52,homogeneous,9,1.83,1020, ,,2400
KA30040015,Jangam Kere,Minor Irrigation Department,Yadgir,Gurmatkal,Yampada,Yampada,129,16.16,16.12,16.12,homogeneous,8.85,1.83,566,Flush scape,,976
KA30040023,Gaon,Minor Irrigation Department,Yadgir,Gurmatkal,Chandriki,Chandraki,101,23.53,28,28,homogeneous,8.5,1.83,840,FOF,,1640
KA30040010,Machalancheru,Minor Irrigation Department,Yadgir,Gurmatkal,Chapetla,Yadhalapura,73,14.14,8.78,8.78,homogeneous,8.5,1.83,1524,FOF,,850
KA30040002,Santankere,Minor Irrigation Department,Yadgir,Gurmatkal,Gajarkot,Gajarakota,,,,, ,,,, ,,
KA30040009,Tatel Talab,Minor Irrigation Department,Yadgir,Gurmatkal,Gajarkot,Gajarakota,40,12.98,12.6,12.6,homogeneous,8.4,1.83,660,FOF,,2300
KA30040019,Gaon,Minor Irrigation Department,Yadgir,Gurmatkal,Kakalwar,Kakalawara,43,19.12,10.4,10.4,homogeneous,9,1.83,540,FOF,,1040
KA30010151, ,Minor Irrigation Department,Yadgir,Gurmatkal,Paspul,Pasapoola,287,35.3,23.19,23.19,homogeneous,8.5,1.83,1533,S.M.,,1600
KA30040004,Tarameshwar,Minor Irrigation Department,Yadgir,Gurmatkal,Minaspur,Najarapura,57,8,16.1,16.1,homogeneous,9,1.83,600,FOF,,667
KA30040016,Govindraj Kere,Minor Irrigation Department,Yadgir,Gurmatkal,Kandkur,Chinthanapalli,65,19.59,32,32,homogeneous,6,1.83,1300,FOF,,1300
KA30040017, ,Minor Irrigation Department,Yadgir,Gurmatkal,Chinnakar,Dharmapura,426,39.6,46.08,46.08,homogeneous,11.6,2.4,933,Ogee,,2750
KA30040018,Channappa,Minor Irrigation Department,Yadgir,Gurmatkal,Minaspur,Najarapura,111,13.74,25.7,25.7,homogeneous,9,1.83,450,FOF,,1352
KA30040022,Thoor,Minor Irrigation Department,Yadgir,Gurmatkal,Chandriki,Keshawara,262,39.3,65.27,65.27,homogeneous,9.5,5.5,1400,FOF,,3705
KA30040021,Kottakunta,Minor Irrigation Department,Yadgir,Gurmatkal,Madvar,Madhwara,41,20,9,9,homogeneous,5,1.83,1250,FOF,,740
KA30040003,Gaon,Minor Irrigation Department,Yadgir,Gurmatkal,Jaigram,Goraganura,101,60,16,16,homogeneous,4.5,1.83,2166,FOF,,1320
KA30040007,Narsappa,Minor Irrigation Department,Yadgir,Gurmatkal,Anapur,Nasalavaye,45,24,14.42,14.42,homogeneous,7.25,1.83,2566,FOF,,1822
KA30040006,Thoor Talab,Minor Irrigation Department,Yadgir,Gurmatkal,Anapur,Nasalavaye,163,6.46,24.16,24.16,homogeneous,7,1.83,1366,FOF,,1737
KA30040073, ,Minor Irrigation Department,Yadgir,Gurmatkal,Anapur,Narasapura,43,20,13.22,13.22,homogeneous,5,1.83,1250,FOF,,751
KA30040005, ,Minor Irrigation Department,Yadgir,Gurmatkal,Minaspur,Minasapura,,,,, ,,,, ,,
KA30060010, ,Minor Irrigation Department,Yadgir,Hunasagi,Marnal,Yannevagera,,,,, ,,,, ,,
KA30060018,New tank Budihal,Minor Irrigation Department,Yadgir,Hunasagi,Hagaratagi,Boodhihala,73,12.35,,, ,,,, ,,
KA30020001,Shankarnarayankere,Minor Irrigation Department,Yadgir,Shahpur,Sagar (B),Sagara,67,103.19,49.27,49.27,homogeneous,5,2.5,750,FOF,,2745
KA30020034, ,Minor Irrigation Department,Yadgir,Shahpur,Sagar (B),Sagara,42,72.84,18.52,18.52,homogeneous,6.5,2.5,990,FOF,,1621
KA30020055,Chandapur P T,Minor Irrigation Department,Yadgir,Shahpur,Chamanal,Chandhapura,,,,, ,,,, ,,
KA30020004,Gaon,Minor Irrigation Department,Yadgir,Shahpur,Khanapur,Khanapura,40,32.57,23,23,homogeneous,4.5,1.8,660,Flush scape,,1466
KA30020002,Abdulla,Minor Irrigation Department,Yadgir,Shahpur,Ibrahimpur,Ibrahimpura,44,25.09,24.3,24.3,homogeneous,5.5,1.8,660,FOF,,2043
KA30020003,Gaon,Minor Irrigation Department,Yadgir,Shahpur,Ibrahimpur,Ibrahimpura,43,93.48,24,24,homogeneous,5.5,3.6,1140,FOF,,1001
KA30030037,Arsikere,Minor Irrigation Department,Yadgir,Shorapur,Wagangera,Vaganagera,40,24.27,19.38,19.38,homogeneous,6.7,1.83,1006,Mcpe washed,,1538
KA30030016, ,Minor Irrigation Department,Yadgir,Shorapur,Peth Ammapur,Mavinamatti,74,19.16,15,15,homogeneous,3.35,1.83,647,FOF,,1031
KA30030034,Muskhan,Minor Irrigation Department,Yadgir,Shorapur,Malgatti,Malagatthi,53,64.54,26.44,26.44,homogeneous,7.31,1.83,731,FOF,,4162
KA30030035,Goudagera,Minor Irrigation Department,Yadgir,Shorapur,Malgatti,Gowdagera,56,16.19,6.9,6.9,homogeneous,5.7,1.8,450,FOF,,1086
KA30050036,Hosakere,Minor Irrigation Department,Yadgir,Wadagera,Vadigera,Vadagera,70,22.25,8.25,8.25,Zonal,4.75,1.8,900,FOF,,775
KA30050037,Dodda Kere Kurihal,Minor Irrigation Department,Yadgir,Wadagera,Konkal,Kurihal,41,32.52,7.89,7.89,homogeneous,4.5,1.8,780,FOF,,650
KA30050035,Kenchankere,Minor Irrigation Department,Yadgir,Wadagera,Naikal,Naykallu,64,77.7,36.75,36.75,homogeneous,4.5,1.8,1000,FOF,,1948
KA30010135,Somadevi,Minor Irrigation Department,Yadgir,Yadgir,Kadechur,Kadechoora,111,14,16.75,16.75,homogeneous,6,1.83,1660,FOF,,1664
KA30010137,Kumbarkunta Kere,Minor Irrigation Department,Yadgir,Yadgir,Kadechur,Duppalli,57,24.24,3.04,3.04,homogeneous,3.9,1.83,633,FOF,,462
KA30010142,Thoor,Minor Irrigation Department,Yadgir,Yadgir,Saidapur,Balacheda,42,9.45,5.31,5.31,homogeneous,3.5,1.83,750,FOF,,700
KA30010129,Abdulla,Minor Irrigation Department,Yadgir,Yadgir,Saidapur,Ramapura,109,36,36.11,36.11,homogeneous,,1.83,,FOF,,2340
KA30010006,Gaon,Minor Irrigation Department,Yadgir,Yadgir,Killankera,Kudlura,108,40,24.16,24.16,homogeneous,7,1.83,1900,FOF,,5229
KA30010136,Gaon,Minor Irrigation Department,Yadgir,Yadgir,Killankera,Neelahalli,50,26,6.8,6.8,homogeneous,8,1.83,1540,FOF,,1544
KA30010156,Gaon,Minor Irrigation Department,Yadgir,Yadgir,Bandalli,Yaddalli,88,73,30,30,homogeneous,4.9,1.83,1524,FOF,,4317.75
KA30010148,Wadak Kere,Minor Irrigation Department,Yadgir,Yadgir,Honagera,Sutharahosalli,40,20,5.31,5.31,homogeneous,6.7,1.83,1410,FOF,,799
KA30010131, ,Minor Irrigation Department,Yadgir,Yadgir,Yaragol,Yaragola,202,129.28,24.96,24.96,homogeneous,6.5,1.83,690,FOF,,3089
KA30010140,Bada Talab,Minor Irrigation Department,Yadgir,Yadgir,Motnalli,Motahalli,80,14,48,48,homogeneous,5,1.83,792,FOF,,1350
KA30010158,Chintakunta,Minor Irrigation Department,Yadgir,Yadgir,Motnalli,Benthakunta,97,16.13,23.47,23.47,homogeneous,11.65,1.83,462,FOF,,1970
KA30010149,Savalabanda,Minor Irrigation Department,Yadgir,Yadgir,Bandalli,Chamanahalli,57,20,11.68,11.68,homogeneous,4.25,1.83,457,FOF,,2070
KA30010157,Gaon,Minor Irrigation Department,Yadgir,Yadgir,Bandalli,Bandhalli,91,101,17,17,homogeneous,8,1.83,1833,FOF,,1700
KA30010154,Bhusa Nayak,Minor Irrigation Department,Yadgir,Yadgir,Ramasamudra,Ashinala,91,69,25.86,25.86,homogeneous,9,1.83,1600,FOF,,1500
KA30010132,Thoor,Minor Irrigation Department,Yadgir,Yadgir,Mundargi,Belagera,80,46,4.75,5.7,homogeneous,3.8,1.83,750,FOF,,925
KA30010141, ,Minor Irrigation Department,Yadgir,Yadgir,Mundargi,Belagera,320,44.6,43.69,43.69,homogeneous,7.8,1.83,360,FOF,,2383
KA30010130,Arkera (B),Minor Irrigation Department,Yadgir,Yadgir,Arakera (B),Arakera .B,95,18.26,11.7,11.7,homogeneous,6.6,2.5,10045,FOF,,684.22
KA30010133,Shivareddykunta,Minor Irrigation Department,Yadgir,Yadgir,Balichakra,Naglapura,57,15.35,7.92,7.92,homogeneous,6.2,1.83,1400,FOF,,482.7
KA30010159,Thoor Talab,Minor Irrigation Department,Yadgir,Yadgir,Haligera,Halagera,80,28.3,5.7,4.75,homogeneous,4.9,1.83,1266,FOF,,412
KA30010139,Bolankunta,Minor Irrigation Department,Yadgir,Yadgir,Haligera,Risabadha Hosalli,50,12,1.9,1.9,homogeneous,,1.83,168,FOF,,
KA30010147,Gaon,Minor Irrigation Department,Yadgir,Yadgir,Ramasamudra,Ramasamudra,52,20,16.5,16.5,homogeneous,8,1.83,1166,FOF,,1426
KA30010138, ,Minor Irrigation Department,Yadgir,Yadgir,ULB-Yadgir-CMC,Yadhagiri .K,169,101,48.77,48.77,homogeneous,9,1.83,3120,FOF,,227
KA30010143,Thoor,Minor Irrigation Department,Yadgir,Yadgir,Thangunda,Tanagundhi,82,48.48,37,37,homogeneous,8.1,1.83,1160,S.M .FOF,,1200
KA30010152,Gaon,Minor Irrigation Department,Yadgir,Yadgir,Killankera,Killanakera,80,13,6.1,6.1,homogeneous,5.1,1.83,733,FOF,,1340
KA30010146,Malhar,Minor Irrigation Department,Yadgir,Yadgir,Malhar,Mallara,40,55,17,17,homogeneous,4.9,1.83,1100,FOF,,687
KA30010153,Rayankere,Minor Irrigation Department,Yadgir,Yadgir,Killankera,Killanakera,56,17,5.1,5.1,homogeneous,4.1,1.83,666,FOF,,1275
KA30010155, ,Minor Irrigation Department,Yadgir,Yadgir,Malhar,Lingeri,40,21.6,21.1,21.1,homogeneous,4.9,2.5,1080,FOF,,103
KA30010134,Machireddy,Minor Irrigation Department,Yadgir,Yadgir,Balichakra,Balichakra,67,90,21,21,homogeneous,7.2,1.83,1560,FOF,,2323
KA30010145,Gaon,Minor Irrigation Department,Yadgir,Yadgir,Kaulur,Jinatera,81,22,7.1,7.1,homogeneous,8.9,1.83,1260,FOF,,1060
