id,rank,title,pageUrl,fileUrl,thumbUrl,width,height,author,license,licenseUrl,attributionRequired,credit,dateTaken,uploaded,lat,lon,fromCategory,mentionsWater,source
agara-kere,1,"File:Aagara Lake, Bangalore (2025) 04.jpg","https://commons.wikimedia.org/wiki/File:Aagara_Lake,_Bangalore_(2025)_04.jpg",https://upload.wikimedia.org/wikipedia/commons/c/c1/Aagara_Lake%2C_Bangalore_%282025%29_04.jpg,https://thumb.wikimedia.org/wikipedia/commons/thumb/c/c1/Aagara_Lake%2C_Bangalore_%282025%29_04.jpg/960px-Aagara_Lake%2C_Bangalore_%282025%29_04.jpg,4080,3072,Gpkp,CC BY-SA 4.0,https://creativecommons.org/licenses/by-sa/4.0,True,Gpkp / CC BY-SA 4.0 / Wikimedia Commons,2025-08-04,2025-08-04,12.850898,77.488392,False,True,commons
agara-kere,2,"File:Aagara Lake, Bangalore (2025) 05.jpg","https://commons.wikimedia.org/wiki/File:Aagara_Lake,_Bangalore_(2025)_05.jpg",https://upload.wikimedia.org/wikipedia/commons/9/97/Aagara_Lake%2C_Bangalore_%282025%29_05.jpg,https://thumb.wikimedia.org/wikipedia/commons/thumb/9/97/Aagara_Lake%2C_Bangalore_%282025%29_05.jpg/960px-Aagara_Lake%2C_Bangalore_%282025%29_05.jpg,4080,3072,Gpkp,CC BY-SA 4.0,https://creativecommons.org/licenses/by-sa/4.0,True,Gpkp / CC BY-SA 4.0 / Wikimedia Commons,2025-08-04,2025-08-04,12.846668,77.491886,False,True,commons
agara-kere,3,"File:Aagara Lake, Bangalore (2025) 06.jpg","https://commons.wikimedia.org/wiki/File:Aagara_Lake,_Bangalore_(2025)_06.jpg",https://upload.wikimedia.org/wikipedia/commons/1/1f/Aagara_Lake%2C_Bangalore_%282025%29_06.jpg,https://thumb.wikimedia.org/wikipedia/commons/thumb/1/1f/Aagara_Lake%2C_Bangalore_%282025%29_06.jpg/960px-Aagara_Lake%2C_Bangalore_%282025%29_06.jpg,4080,3072,Gpkp,CC BY-SA 4.0,https://creativecommons.org/licenses/by-sa/4.0,True,Gpkp / CC BY-SA 4.0 / Wikimedia Commons,2025-08-04,2025-08-04,12.846668,77.491886,False,True,commons
agara-kere,4,"File:Aagara Lake, Bangalore (2025) 11.jpg","https://commons.wikimedia.org/wiki/File:Aagara_Lake,_Bangalore_(2025)_11.jpg",https://upload.wikimedia.org/wikipedia/commons/f/fa/Aagara_Lake%2C_Bangalore_%282025%29_11.jpg,https://thumb.wikimedia.org/wikipedia/commons/thumb/f/fa/Aagara_Lake%2C_Bangalore_%282025%29_11.jpg/960px-Aagara_Lake%2C_Bangalore_%282025%29_11.jpg,4080,3072,Gpkp,CC BY-SA 4.0,https://creativecommons.org/licenses/by-sa/4.0,True,Gpkp / CC BY-SA 4.0 / Wikimedia Commons,2025-08-04,2025-08-04,12.849948,77.488415,False,True,commons
agara-kere,5,"File:Aagara Lake, Bangalore (2025) 18.jpg","https://commons.wikimedia.org/wiki/File:Aagara_Lake,_Bangalore_(2025)_18.jpg",https://upload.wikimedia.org/wikipedia/commons/0/0c/Aagara_Lake%2C_Bangalore_%282025%29_18.jpg,https://thumb.wikimedia.org/wikipedia/commons/thumb/0/0c/Aagara_Lake%2C_Bangalore_%282025%29_18.jpg/960px-Aagara_Lake%2C_Bangalore_%282025%29_18.jpg,4080,3072,Gpkp,CC BY-SA 4.0,https://creativecommons.org/licenses/by-sa/4.0,True,Gpkp / CC BY-SA 4.0 / Wikimedia Commons,2025-08-04,2025-08-04,12.848722,77.489284,False,True,commons
agara-kere,6,"File:Aagara Lake, Bangalore (2025) 19.jpg","https://commons.wikimedia.org/wiki/File:Aagara_Lake,_Bangalore_(2025)_19.jpg",https://upload.wikimedia.org/wikipedia/commons/e/ea/Aagara_Lake%2C_Bangalore_%282025%29_19.jpg,https://thumb.wikimedia.org/wikipedia/commons/thumb/e/ea/Aagara_Lake%2C_Bangalore_%282025%29_19.jpg/960px-Aagara_Lake%2C_Bangalore_%282025%29_19.jpg,4080,3072,Gpkp,CC BY-SA 4.0,https://creativecommons.org/licenses/by-sa/4.0,True,Gpkp / CC BY-SA 4.0 / Wikimedia Commons,2025-08-04,2025-08-04,12.846668,77.491886,False,True,commons
agara-kere,7,"File:Aagara Lake, Bangalore (2025) 20.jpg","https://commons.wikimedia.org/wiki/File:Aagara_Lake,_Bangalore_(2025)_20.jpg",https://upload.wikimedia.org/wikipedia/commons/2/2b/Aagara_Lake%2C_Bangalore_%282025%29_20.jpg,https://thumb.wikimedia.org/wikipedia/commons/thumb/2/2b/Aagara_Lake%2C_Bangalore_%282025%29_20.jpg/960px-Aagara_Lake%2C_Bangalore_%282025%29_20.jpg,4080,3072,Gpkp,CC BY-SA 4.0,https://creativecommons.org/licenses/by-sa/4.0,True,Gpkp / CC BY-SA 4.0 / Wikimedia Commons,2025-08-04,2025-08-04,12.850659,77.486867,False,True,commons
agara-kere,8,"File:Aagara Lake, Bangalore (2025) 03.jpg","https://commons.wikimedia.org/wiki/File:Aagara_Lake,_Bangalore_(2025)_03.jpg",https://upload.wikimedia.org/wikipedia/commons/2/28/Aagara_Lake%2C_Bangalore_%282025%29_03.jpg,https://thumb.wikimedia.org/wikipedia/commons/thumb/2/28/Aagara_Lake%2C_Bangalore_%282025%29_03.jpg/960px-Aagara_Lake%2C_Bangalore_%282025%29_03.jpg,3264,2448,Gpkp,CC BY-SA 4.0,https://creativecommons.org/licenses/by-sa/4.0,True,Gpkp / CC BY-SA 4.0 / Wikimedia Commons,2025-08-04,2025-08-04,12.846668,77.491886,False,True,commons
agara-kunte-8,1,"File:Aagara Lake, Bangalore (2025) 05.jpg","https://commons.wikimedia.org/wiki/File:Aagara_Lake,_Bangalore_(2025)_05.jpg",https://upload.wikimedia.org/wikipedia/commons/9/97/Aagara_Lake%2C_Bangalore_%282025%29_05.jpg,https://thumb.wikimedia.org/wikipedia/commons/thumb/9/97/Aagara_Lake%2C_Bangalore_%282025%29_05.jpg/960px-Aagara_Lake%2C_Bangalore_%282025%29_05.jpg,4080,3072,Gpkp,CC BY-SA 4.0,https://creativecommons.org/licenses/by-sa/4.0,True,Gpkp / CC BY-SA 4.0 / Wikimedia Commons,2025-08-04,2025-08-04,12.846668,77.491886,False,True,commons
agara-kunte-8,2,"File:Aagara Lake, Bangalore (2025) 06.jpg","https://commons.wikimedia.org/wiki/File:Aagara_Lake,_Bangalore_(2025)_06.jpg",https://upload.wikimedia.org/wikipedia/commons/1/1f/Aagara_Lake%2C_Bangalore_%282025%29_06.jpg,https://thumb.wikimedia.org/wikipedia/commons/thumb/1/1f/Aagara_Lake%2C_Bangalore_%282025%29_06.jpg/960px-Aagara_Lake%2C_Bangalore_%282025%29_06.jpg,4080,3072,Gpkp,CC BY-SA 4.0,https://creativecommons.org/licenses/by-sa/4.0,True,Gpkp / CC BY-SA 4.0 / Wikimedia Commons,2025-08-04,2025-08-04,12.846668,77.491886,False,True,commons
agara-kunte-8,3,"File:Aagara Lake, Bangalore (2025) 19.jpg","https://commons.wikimedia.org/wiki/File:Aagara_Lake,_Bangalore_(2025)_19.jpg",https://upload.wikimedia.org/wikipedia/commons/e/ea/Aagara_Lake%2C_Bangalore_%282025%29_19.jpg,https://thumb.wikimedia.org/wikipedia/commons/thumb/e/ea/Aagara_Lake%2C_Bangalore_%282025%29_19.jpg/960px-Aagara_Lake%2C_Bangalore_%282025%29_19.jpg,4080,3072,Gpkp,CC BY-SA 4.0,https://creativecommons.org/licenses/by-sa/4.0,True,Gpkp / CC BY-SA 4.0 / Wikimedia Commons,2025-08-04,2025-08-04,12.846668,77.491886,False,True,commons
agara-kunte-8,4,"File:Aagara Lake, Bangalore (2025) 03.jpg","https://commons.wikimedia.org/wiki/File:Aagara_Lake,_Bangalore_(2025)_03.jpg",https://upload.wikimedia.org/wikipedia/commons/2/28/Aagara_Lake%2C_Bangalore_%282025%29_03.jpg,https://thumb.wikimedia.org/wikipedia/commons/thumb/2/28/Aagara_Lake%2C_Bangalore_%282025%29_03.jpg/960px-Aagara_Lake%2C_Bangalore_%282025%29_03.jpg,3264,2448,Gpkp,CC BY-SA 4.0,https://creativecommons.org/licenses/by-sa/4.0,True,Gpkp / CC BY-SA 4.0 / Wikimedia Commons,2025-08-04,2025-08-04,12.846668,77.491886,False,True,commons
agara-lake,1,File:Agara Lake view.jpg,https://commons.wikimedia.org/wiki/File:Agara_Lake_view.jpg,https://upload.wikimedia.org/wikipedia/commons/9/96/Agara_Lake_view.jpg,https://thumb.wikimedia.org/wikipedia/commons/thumb/9/96/Agara_Lake_view.jpg/960px-Agara_Lake_view.jpg,5712,4284,Goyaldevender,CC BY-SA 4.0,https://creativecommons.org/licenses/by-sa/4.0,True,Goyaldevender / CC BY-SA 4.0 / Wikimedia Commons,2024-11-25,2024-12-08,12.923833,77.643744,True,True,commons
agara-lake,2,File:Gazebo in Agara Lake park.jpg,https://commons.wikimedia.org/wiki/File:Gazebo_in_Agara_Lake_park.jpg,https://upload.wikimedia.org/wikipedia/commons/0/09/Gazebo_in_Agara_Lake_park.jpg,https://thumb.wikimedia.org/wikipedia/commons/thumb/0/09/Gazebo_in_Agara_Lake_park.jpg/960px-Gazebo_in_Agara_Lake_park.jpg,5712,4284,Goyaldevender,CC BY-SA 4.0,https://creativecommons.org/licenses/by-sa/4.0,True,Goyaldevender / CC BY-SA 4.0 / Wikimedia Commons,2024-11-25,2024-12-08,12.923944,77.645814,True,True,commons
agara-lake,3,File:Services in Agara Lake.jpg,https://commons.wikimedia.org/wiki/File:Services_in_Agara_Lake.jpg,https://upload.wikimedia.org/wikipedia/commons/d/dc/Services_in_Agara_Lake.jpg,https://thumb.wikimedia.org/wikipedia/commons/thumb/d/dc/Services_in_Agara_Lake.jpg/960px-Services_in_Agara_Lake.jpg,4284,5712,Goyaldevender,CC BY-SA 4.0,https://creativecommons.org/licenses/by-sa/4.0,True,Goyaldevender / CC BY-SA 4.0 / Wikimedia Commons,2024-11-25,2024-12-08,12.923522,77.640389,True,True,commons
agara-lake,4,File:Brown Snail.jpg,https://commons.wikimedia.org/wiki/File:Brown_Snail.jpg,https://upload.wikimedia.org/wikipedia/commons/6/62/Brown_Snail.jpg,https://thumb.wikimedia.org/wikipedia/commons/thumb/6/62/Brown_Snail.jpg/960px-Brown_Snail.jpg,5184,3456,Ashwin06k,CC BY-SA 4.0,https://creativecommons.org/licenses/by-sa/4.0,True,Ashwin06k / CC BY-SA 4.0 / Wikimedia Commons,2015-05-16,2016-06-03,12.920046,77.642694,True,True,commons
agara-lake,5,File:Caterpillars1.jpg,https://commons.wikimedia.org/wiki/File:Caterpillars1.jpg,https://upload.wikimedia.org/wikipedia/commons/4/49/Caterpillars1.jpg,https://thumb.wikimedia.org/wikipedia/commons/thumb/4/49/Caterpillars1.jpg/960px-Caterpillars1.jpg,5184,3456,Ashwin06k,CC BY-SA 4.0,https://creativecommons.org/licenses/by-sa/4.0,True,Ashwin06k / CC BY-SA 4.0 / Wikimedia Commons,2015-05-16,2016-06-03,12.920046,77.642694,True,True,commons
agara-lake,6,File:Ladybug in Bangalore.jpg,https://commons.wikimedia.org/wiki/File:Ladybug_in_Bangalore.jpg,https://upload.wikimedia.org/wikipedia/commons/5/5c/Ladybug_in_Bangalore.jpg,https://thumb.wikimedia.org/wikipedia/commons/thumb/5/5c/Ladybug_in_Bangalore.jpg/960px-Ladybug_in_Bangalore.jpg,5184,3456,Ashwin06k,CC BY-SA 4.0,https://creativecommons.org/licenses/by-sa/4.0,True,Ashwin06k / CC BY-SA 4.0 / Wikimedia Commons,2015-05-16,2016-06-03,12.920046,77.642694,True,True,commons
agara-lake,7,File:Agara Lake (25279546271).jpg,https://commons.wikimedia.org/wiki/File:Agara_Lake_(25279546271).jpg,https://upload.wikimedia.org/wikipedia/commons/1/1c/Agara_Lake_%2825279546271%29.jpg,https://thumb.wikimedia.org/wikipedia/commons/thumb/1/1c/Agara_Lake_%2825279546271%29.jpg/960px-Agara_Lake_%2825279546271%29.jpg,7158,2484,"Ashwin Kumar from Bangalore, India",CC BY-SA 2.0,https://creativecommons.org/licenses/by-sa/2.0,True,"Ashwin Kumar from Bangalore, India / CC BY-SA 2.0 / Wikimedia Commons",2016-02-28,2022-11-02,12.92108,77.643525,True,True,commons
agara-lake,8,File:Birds of Agara.jpg,https://commons.wikimedia.org/wiki/File:Birds_of_Agara.jpg,https://upload.wikimedia.org/wikipedia/commons/0/03/Birds_of_Agara.jpg,https://thumb.wikimedia.org/wikipedia/commons/thumb/0/03/Birds_of_Agara.jpg/960px-Birds_of_Agara.jpg,3024,4032,Goyaldevender,CC BY-SA 4.0,https://creativecommons.org/licenses/by-sa/4.0,True,Goyaldevender / CC BY-SA 4.0 / Wikimedia Commons,2024-11-25,2024-12-08,12.923239,77.645089,True,True,commons
agara-lake,9,File:Agara lake trail.jpg,https://commons.wikimedia.org/wiki/File:Agara_lake_trail.jpg,https://upload.wikimedia.org/wikipedia/commons/6/6b/Agara_lake_trail.jpg,https://thumb.wikimedia.org/wikipedia/commons/thumb/6/6b/Agara_lake_trail.jpg/960px-Agara_lake_trail.jpg,3024,4032,prashanthns,CC BY-SA 3.0,https://creativecommons.org/licenses/by-sa/3.0,True,prashanthns / CC BY-SA 3.0 / Wikimedia Commons,2016,2016-08-21,12.923892,77.644714,True,True,commons
agara-lake,10,File:Sunset AgaraLake Bangalore.jpg,https://commons.wikimedia.org/wiki/File:Sunset_AgaraLake_Bangalore.jpg,https://upload.wikimedia.org/wikipedia/commons/2/2c/Sunset_AgaraLake_Bangalore.jpg,https://thumb.wikimedia.org/wikipedia/commons/thumb/2/2c/Sunset_AgaraLake_Bangalore.jpg/960px-Sunset_AgaraLake_Bangalore.jpg,4000,3000,SukantaBhowmik,CC BY-SA 4.0,https://creativecommons.org/licenses/by-sa/4.0,True,SukantaBhowmik / CC BY-SA 4.0 / Wikimedia Commons,2022-12-29,2025-07-31,12.923139,77.645128,True,True,commons
agara-lake,11,File:Agara Lake - panoramio.jpg,https://commons.wikimedia.org/wiki/File:Agara_Lake_-_panoramio.jpg,https://upload.wikimedia.org/wikipedia/commons/f/f7/Agara_Lake_-_panoramio.jpg,https://thumb.wikimedia.org/wikipedia/commons/thumb/f/f7/Agara_Lake_-_panoramio.jpg/960px-Agara_Lake_-_panoramio.jpg,3000,4000,vivekmangala,CC BY-SA 3.0,https://creativecommons.org/licenses/by-sa/3.0,True,vivekmangala / CC BY-SA 3.0 / Wikimedia Commons,2008,2016-02-19,12.922159,77.644801,True,True,commons
agara-lake,12,File:Agara Lake - panoramio - vivekmangala.jpg,https://commons.wikimedia.org/wiki/File:Agara_Lake_-_panoramio_-_vivekmangala.jpg,https://upload.wikimedia.org/wikipedia/commons/9/96/Agara_Lake_-_panoramio_-_vivekmangala.jpg,https://thumb.wikimedia.org/wikipedia/commons/thumb/9/96/Agara_Lake_-_panoramio_-_vivekmangala.jpg/960px-Agara_Lake_-_panoramio_-_vivekmangala.jpg,1792,6384,vivekmangala,CC BY-SA 3.0,https://creativecommons.org/licenses/by-sa/3.0,True,vivekmangala / CC BY-SA 3.0 / Wikimedia Commons,2008,2016-02-19,12.922174,77.644801,True,True,commons
agrahara-lake,1,File:Oriental Darter in Agrahara Lake.jpg,https://commons.wikimedia.org/wiki/File:Oriental_Darter_in_Agrahara_Lake.jpg,https://upload.wikimedia.org/wikipedia/commons/3/3b/Oriental_Darter_in_Agrahara_Lake.jpg,https://thumb.wikimedia.org/wikipedia/commons/thumb/3/3b/Oriental_Darter_in_Agrahara_Lake.jpg/960px-Oriental_Darter_in_Agrahara_Lake.jpg,2312,3082,Manu.mohan,CC BY-SA 4.0,https://creativecommons.org/licenses/by-sa/4.0,True,Manu.mohan / CC BY-SA 4.0 / Wikimedia Commons,2024-07-27,2024-07-27,13.088389,77.624359,False,True,commons
allasandra-lake,1,File:Portraying Black Winged Stilts.jpg,https://commons.wikimedia.org/wiki/File:Portraying_Black_Winged_Stilts.jpg,https://upload.wikimedia.org/wikipedia/commons/2/22/Portraying_Black_Winged_Stilts.jpg,https://thumb.wikimedia.org/wikipedia/commons/thumb/2/22/Portraying_Black_Winged_Stilts.jpg/960px-Portraying_Black_Winged_Stilts.jpg,4608,3456,Omkar MK,CC BY-SA 4.0,https://creativecommons.org/licenses/by-sa/4.0,True,Omkar MK / CC BY-SA 4.0 / Wikimedia Commons,2016-02-07,2016-06-25,13.091972,77.584025,False,True,commons
allasandra-lake,2,File:Allalasandra Lake.jpg,https://commons.wikimedia.org/wiki/File:Allalasandra_Lake.jpg,https://upload.wikimedia.org/wikipedia/commons/a/a1/Allalasandra_Lake.jpg,https://thumb.wikimedia.org/wikipedia/commons/thumb/a/a1/Allalasandra_Lake.jpg/960px-Allalasandra_Lake.jpg,4032,3024,Mythic Society Inscriptions 3D Scanning Project,CC BY-SA 4.0,https://creativecommons.org/licenses/by-sa/4.0,True,Mythic Society Inscriptions 3D Scanning Project / CC BY-SA 4.0 / Wikimedia Commons,2022-01-02,2023-12-09,13.090378,77.585794,False,True,commons
amruthahalli-lake,1,File:Amruthahalli lake leaves.jpg,https://commons.wikimedia.org/wiki/File:Amruthahalli_lake_leaves.jpg,https://upload.wikimedia.org/wikipedia/commons/2/20/Amruthahalli_lake_leaves.jpg,https://thumb.wikimedia.org/wikipedia/commons/thumb/2/20/Amruthahalli_lake_leaves.jpg/960px-Amruthahalli_lake_leaves.jpg,3024,4032,Revathi Telugu,CC BY-SA 4.0,https://creativecommons.org/licenses/by-sa/4.0,True,Revathi Telugu / CC BY-SA 4.0 / Wikimedia Commons,2021-08-13,2021-08-14,13.062847,77.599244,False,True,commons
amruthahalli-lake,2,File:Amruthahalli lake bird feeder.jpg,https://commons.wikimedia.org/wiki/File:Amruthahalli_lake_bird_feeder.jpg,https://upload.wikimedia.org/wikipedia/commons/4/47/Amruthahalli_lake_bird_feeder.jpg,https://thumb.wikimedia.org/wikipedia/commons/thumb/4/47/Amruthahalli_lake_bird_feeder.jpg/960px-Amruthahalli_lake_bird_feeder.jpg,3024,4032,Revathi Telugu,CC BY-SA 4.0,https://creativecommons.org/licenses/by-sa/4.0,True,Revathi Telugu / CC BY-SA 4.0 / Wikimedia Commons,2021-08-12,2021-08-14,13.063031,77.596931,False,True,commons
amruthahalli-lake,3,File:Amruthahalli lake flower.jpg,https://commons.wikimedia.org/wiki/File:Amruthahalli_lake_flower.jpg,https://upload.wikimedia.org/wikipedia/commons/1/15/Amruthahalli_lake_flower.jpg,https://thumb.wikimedia.org/wikipedia/commons/thumb/1/15/Amruthahalli_lake_flower.jpg/960px-Amruthahalli_lake_flower.jpg,4000,3000,Revathi Telugu,CC BY-SA 4.0,https://creativecommons.org/licenses/by-sa/4.0,True,Revathi Telugu / CC BY-SA 4.0 / Wikimedia Commons,2021-08-14,2021-08-14,13.061983,77.599679,False,True,commons
amruthahalli-lake,4,File:Amruthahalli lake temple.jpg,https://commons.wikimedia.org/wiki/File:Amruthahalli_lake_temple.jpg,https://upload.wikimedia.org/wikipedia/commons/6/6c/Amruthahalli_lake_temple.jpg,https://thumb.wikimedia.org/wikipedia/commons/thumb/6/6c/Amruthahalli_lake_temple.jpg/960px-Amruthahalli_lake_temple.jpg,4000,3000,Revathi Telugu,CC BY-SA 4.0,https://creativecommons.org/licenses/by-sa/4.0,True,Revathi Telugu / CC BY-SA 4.0 / Wikimedia Commons,2021-08-14,2021-08-14,13.062882,77.599477,False,True,commons
amruthahalli-lake,5,File:Amruthahalli lake greenary.jpg,https://commons.wikimedia.org/wiki/File:Amruthahalli_lake_greenary.jpg,https://upload.wikimedia.org/wikipedia/commons/e/e9/Amruthahalli_lake_greenary.jpg,https://thumb.wikimedia.org/wikipedia/commons/thumb/e/e9/Amruthahalli_lake_greenary.jpg/960px-Amruthahalli_lake_greenary.jpg,4000,3000,Revathi Telugu,CC BY-SA 4.0,https://creativecommons.org/licenses/by-sa/4.0,True,Revathi Telugu / CC BY-SA 4.0 / Wikimedia Commons,2020-12-28,2021-08-14,13.062882,77.599477,False,True,commons
amruthahalli-lake,6,File:Amruthahalli lake.jpg,https://commons.wikimedia.org/wiki/File:Amruthahalli_lake.jpg,https://upload.wikimedia.org/wikipedia/commons/f/ff/Amruthahalli_lake.jpg,https://thumb.wikimedia.org/wikipedia/commons/thumb/f/ff/Amruthahalli_lake.jpg/960px-Amruthahalli_lake.jpg,4000,3000,Revathi Telugu,CC BY-SA 4.0,https://creativecommons.org/licenses/by-sa/4.0,True,Revathi Telugu / CC BY-SA 4.0 / Wikimedia Commons,2020-11-28,2021-08-14,13.060365,77.599449,False,True,commons
amruthahalli-lake,7,File:Amruthahalli lake big tree.jpg,https://commons.wikimedia.org/wiki/File:Amruthahalli_lake_big_tree.jpg,https://upload.wikimedia.org/wikipedia/commons/7/72/Amruthahalli_lake_big_tree.jpg,https://thumb.wikimedia.org/wikipedia/commons/thumb/7/72/Amruthahalli_lake_big_tree.jpg/960px-Amruthahalli_lake_big_tree.jpg,2268,4032,Revathi Telugu,CC BY-SA 4.0,https://creativecommons.org/licenses/by-sa/4.0,True,Revathi Telugu / CC BY-SA 4.0 / Wikimedia Commons,2020-12-17,2021-08-14,13.062911,77.599419,False,True,commons
amruthahalli-lake,8,File:Amruthahalli lake trees.jpg,https://commons.wikimedia.org/wiki/File:Amruthahalli_lake_trees.jpg,https://upload.wikimedia.org/wikipedia/commons/6/61/Amruthahalli_lake_trees.jpg,https://thumb.wikimedia.org/wikipedia/commons/thumb/6/61/Amruthahalli_lake_trees.jpg/960px-Amruthahalli_lake_trees.jpg,2268,4032,Revathi Telugu,CC BY-SA 4.0,https://creativecommons.org/licenses/by-sa/4.0,True,Revathi Telugu / CC BY-SA 4.0 / Wikimedia Commons,2020-11-28,2021-08-14,13.062906,77.599403,False,True,commons
atturu-kere,1,File:Attur Lake Bengaluru urban lake Karnataka India aerial view.jpg,https://commons.wikimedia.org/wiki/File:Attur_Lake_Bengaluru_urban_lake_Karnataka_India_aerial_view.jpg,https://upload.wikimedia.org/wikipedia/commons/4/45/Attur_Lake_Bengaluru_urban_lake_Karnataka_India_aerial_view.jpg,https://thumb.wikimedia.org/wikipedia/commons/thumb/4/45/Attur_Lake_Bengaluru_urban_lake_Karnataka_India_aerial_view.jpg/960px-Attur_Lake_Bengaluru_urban_lake_Karnataka_India_aerial_view.jpg,8064,4536,"Vraj Acharya, WELL Labs",CC BY-SA 4.0,https://creativecommons.org/licenses/by-sa/4.0,True,"Vraj Acharya, WELL Labs / CC BY-SA 4.0 / Wikimedia Commons",2025-11-28,2026-04-16,13.11142,77.563035,False,True,commons
bannerughatta-kavalu-kunte,1,File:Bannerghatta zoo lake-1-bannerghatta zoo-bangalore-India.jpg,https://commons.wikimedia.org/wiki/File:Bannerghatta_zoo_lake-1-bannerghatta_zoo-bangalore-India.jpg,https://upload.wikimedia.org/wikipedia/commons/4/44/Bannerghatta_zoo_lake-1-bannerghatta_zoo-bangalore-India.jpg,https://thumb.wikimedia.org/wikipedia/commons/thumb/4/44/Bannerghatta_zoo_lake-1-bannerghatta_zoo-bangalore-India.jpg/960px-Bannerghatta_zoo_lake-1-bannerghatta_zoo-bangalore-India.jpg,4608,3456,Yercaud-elango,CC BY 4.0,https://creativecommons.org/licenses/by/4.0,True,Yercaud-elango / CC BY 4.0 / Wikimedia Commons,2024-02-23,2024-03-07,12.800173,77.572565,False,True,commons
begur-lake,1,File:Begur-Lake-Bangalore.jpg,https://commons.wikimedia.org/wiki/File:Begur-Lake-Bangalore.jpg,https://upload.wikimedia.org/wikipedia/commons/a/ad/Begur-Lake-Bangalore.jpg,https://thumb.wikimedia.org/wikipedia/commons/thumb/a/ad/Begur-Lake-Bangalore.jpg/960px-Begur-Lake-Bangalore.jpg,14382,3933,Rajeshodayanchal,CC BY-SA 4.0,https://creativecommons.org/licenses/by-sa/4.0,True,Rajeshodayanchal / CC BY-SA 4.0 / Wikimedia Commons,2018-06-17,2018-06-17,12.877228,77.627023,False,True,commons
bellandur-lake,1,File:Bellandur Lake on a foggy wintery morning.jpg,https://commons.wikimedia.org/wiki/File:Bellandur_Lake_on_a_foggy_wintery_morning.jpg,https://upload.wikimedia.org/wikipedia/commons/f/fd/Bellandur_Lake_on_a_foggy_wintery_morning.jpg,https://thumb.wikimedia.org/wikipedia/commons/thumb/f/fd/Bellandur_Lake_on_a_foggy_wintery_morning.jpg/960px-Bellandur_Lake_on_a_foggy_wintery_morning.jpg,4928,3264,Ashwin Kumar,CC BY-SA 2.0,https://creativecommons.org/licenses/by-sa/2.0,True,Ashwin Kumar / CC BY-SA 2.0 / Wikimedia Commons,2017-12-14,2022-11-19,,,True,True,commons
bellandur-lake,2,File:Bellandur lake (21559868065).jpg,https://commons.wikimedia.org/wiki/File:Bellandur_lake_(21559868065).jpg,https://upload.wikimedia.org/wikipedia/commons/f/fb/Bellandur_lake_%2821559868065%29.jpg,https://thumb.wikimedia.org/wikipedia/commons/thumb/f/fb/Bellandur_lake_%2821559868065%29.jpg/960px-Bellandur_lake_%2821559868065%29.jpg,5198,2578,"Ashwin Kumar from Bangalore, India",CC BY-SA 2.0,https://creativecommons.org/licenses/by-sa/2.0,True,"Ashwin Kumar from Bangalore, India / CC BY-SA 2.0 / Wikimedia Commons",2015-08-28,2022-11-05,12.925927,77.665522,True,True,commons
bellandur-lake,3,File:Dying Lake Bellandur.jpg,https://commons.wikimedia.org/wiki/File:Dying_Lake_Bellandur.jpg,https://upload.wikimedia.org/wikipedia/commons/b/bd/Dying_Lake_Bellandur.jpg,https://thumb.wikimedia.org/wikipedia/commons/thumb/b/bd/Dying_Lake_Bellandur.jpg/960px-Dying_Lake_Bellandur.jpg,4288,2848,Wyrnilla,CC BY-SA 3.0,https://creativecommons.org/licenses/by-sa/3.0,True,Wyrnilla / CC BY-SA 3.0 / Wikimedia Commons,2010-12-24,2011-07-24,,,True,True,commons
bellandur-lake,4,File:Eutrophication of Lake Bellandur.jpg,https://commons.wikimedia.org/wiki/File:Eutrophication_of_Lake_Bellandur.jpg,https://upload.wikimedia.org/wikipedia/commons/0/0f/Eutrophication_of_Lake_Bellandur.jpg,https://thumb.wikimedia.org/wikipedia/commons/thumb/0/0f/Eutrophication_of_Lake_Bellandur.jpg/960px-Eutrophication_of_Lake_Bellandur.jpg,4288,2848,Wyrnilla,CC BY-SA 3.0,https://creativecommons.org/licenses/by-sa/3.0,True,Wyrnilla / CC BY-SA 3.0 / Wikimedia Commons,2010-12-15,2011-07-24,,,True,True,commons
bellandur-lake,5,File:Bellandur Lake.jpg,https://commons.wikimedia.org/wiki/File:Bellandur_Lake.jpg,https://upload.wikimedia.org/wikipedia/commons/c/cd/Bellandur_Lake.jpg,https://thumb.wikimedia.org/wikipedia/commons/thumb/c/cd/Bellandur_Lake.jpg/960px-Bellandur_Lake.jpg,3765,2321,Ashwin Kumar,CC BY-SA 2.0,https://creativecommons.org/licenses/by-sa/2.0,True,Ashwin Kumar / CC BY-SA 2.0 / Wikimedia Commons,2018-04-07,2022-11-19,,,True,True,commons
bellandur-lake,6,File:Humming Bird Suites and Bellandur lake seen from Top of Utopia 8-15-2010 1-42-47 PM.JPG,https://commons.wikimedia.org/wiki/File:Humming_Bird_Suites_and_Bellandur_lake_seen_from_Top_of_Utopia_8-15-2010_1-42-47_PM.JPG,https://upload.wikimedia.org/wikipedia/commons/f/f4/Humming_Bird_Suites_and_Bellandur_lake_seen_from_Top_of_Utopia_8-15-2010_1-42-47_PM.JPG,https://thumb.wikimedia.org/wikipedia/commons/thumb/f/f4/Humming_Bird_Suites_and_Bellandur_lake_seen_from_Top_of_Utopia_8-15-2010_1-42-47_PM.JPG/960px-Humming_Bird_Suites_and_Bellandur_lake_seen_from_Top_of_Utopia_8-15-2010_1-42-47_PM.JPG,3639,1932,Amol.Gaitonde,CC BY-SA 3.0,https://creativecommons.org/licenses/by-sa/3.0,True,Amol.Gaitonde / CC BY-SA 3.0 / Wikimedia Commons,2010-08-15,2010-08-16,12.940228,77.694519,True,True,commons
bellandur-lake,7,File:360° view of Bellandur lake from Kempapura bridge.jpg,https://commons.wikimedia.org/wiki/File:360%C2%B0_view_of_Bellandur_lake_from_Kempapura_bridge.jpg,https://upload.wikimedia.org/wikipedia/commons/e/e4/360%C2%B0_view_of_Bellandur_lake_from_Kempapura_bridge.jpg,https://thumb.wikimedia.org/wikipedia/commons/thumb/e/e4/360%C2%B0_view_of_Bellandur_lake_from_Kempapura_bridge.jpg/960px-360%C2%B0_view_of_Bellandur_lake_from_Kempapura_bridge.jpg,3584,1792,Subhashish Panigrahi,CC BY-SA 4.0,https://creativecommons.org/licenses/by-sa/4.0,True,Subhashish Panigrahi / CC BY-SA 4.0 / Wikimedia Commons,2016-06-04,2016-06-07,,,True,True,commons
bellandur-lake,8,File:Bellandur lake.jpg,https://commons.wikimedia.org/wiki/File:Bellandur_lake.jpg,https://upload.wikimedia.org/wikipedia/commons/e/ea/Bellandur_lake.jpg,https://thumb.wikimedia.org/wikipedia/commons/thumb/e/ea/Bellandur_lake.jpg/960px-Bellandur_lake.jpg,2592,1944,Avoid_simple2 ( talk ) ( Uploads ),CC BY 3.0,https://creativecommons.org/licenses/by/3.0,True,Avoid_simple2 ( talk ) ( Uploads ) / CC BY 3.0 / Wikimedia Commons,2010-09-27,2014-11-15,,,True,True,commons
bellandur-lake,9,File:Bellandur Lake road 2010.jpg,https://commons.wikimedia.org/wiki/File:Bellandur_Lake_road_2010.jpg,https://upload.wikimedia.org/wikipedia/commons/9/9e/Bellandur_Lake_road_2010.jpg,https://thumb.wikimedia.org/wikipedia/commons/thumb/9/9e/Bellandur_Lake_road_2010.jpg/960px-Bellandur_Lake_road_2010.jpg,2592,1944,Sandip Bhattacharya,CC BY 2.0,https://creativecommons.org/licenses/by/2.0,True,Sandip Bhattacharya / CC BY 2.0 / Wikimedia Commons,2010-02-28,2022-11-20,12.937915,77.677326,True,True,commons
bellandur-lake,10,File:Bellandur Lake road.jpg,https://commons.wikimedia.org/wiki/File:Bellandur_Lake_road.jpg,https://upload.wikimedia.org/wikipedia/commons/6/6b/Bellandur_Lake_road.jpg,https://thumb.wikimedia.org/wikipedia/commons/thumb/6/6b/Bellandur_Lake_road.jpg/960px-Bellandur_Lake_road.jpg,2592,1944,Sandip Bhattacharya,CC BY 2.0,https://creativecommons.org/licenses/by/2.0,True,Sandip Bhattacharya / CC BY 2.0 / Wikimedia Commons,2010-02-28,2022-11-20,12.93792,77.677237,True,True,commons
bellandur-lake,11,File:Drain near Bellandur Lake east.jpg,https://commons.wikimedia.org/wiki/File:Drain_near_Bellandur_Lake_east.jpg,https://upload.wikimedia.org/wikipedia/commons/4/4b/Drain_near_Bellandur_Lake_east.jpg,https://thumb.wikimedia.org/wikipedia/commons/thumb/4/4b/Drain_near_Bellandur_Lake_east.jpg/960px-Drain_near_Bellandur_Lake_east.jpg,2592,1944,Sandip Bhattacharya,CC BY 2.0,https://creativecommons.org/licenses/by/2.0,True,Sandip Bhattacharya / CC BY 2.0 / Wikimedia Commons,2010-02-28,2022-11-20,12.943982,77.680391,True,True,commons
bellandur-lake,12,File:Rajakaluve storm water drain Bellandur Lake east.jpg,https://commons.wikimedia.org/wiki/File:Rajakaluve_storm_water_drain_Bellandur_Lake_east.jpg,https://upload.wikimedia.org/wikipedia/commons/4/4e/Rajakaluve_storm_water_drain_Bellandur_Lake_east.jpg,https://thumb.wikimedia.org/wikipedia/commons/thumb/4/4e/Rajakaluve_storm_water_drain_Bellandur_Lake_east.jpg/960px-Rajakaluve_storm_water_drain_Bellandur_Lake_east.jpg,1944,2592,Sandip Bhattacharya,CC BY 2.0,https://creativecommons.org/licenses/by/2.0,True,Sandip Bhattacharya / CC BY 2.0 / Wikimedia Commons,2010-02-28,2022-11-20,12.943982,77.680391,True,True,commons
byrasandra-2,1,"File:Bagmane Tech Park, Bangalore (2024) 100.jpg","https://commons.wikimedia.org/wiki/File:Bagmane_Tech_Park,_Bangalore_(2024)_100.jpg",https://upload.wikimedia.org/wikipedia/commons/4/42/Bagmane_Tech_Park%2C_Bangalore_%282024%29_100.jpg,https://thumb.wikimedia.org/wikipedia/commons/thumb/4/42/Bagmane_Tech_Park%2C_Bangalore_%282024%29_100.jpg/960px-Bagmane_Tech_Park%2C_Bangalore_%282024%29_100.jpg,4080,3072,Gpkp,CC BY-SA 4.0,https://creativecommons.org/licenses/by-sa/4.0,True,Gpkp / CC BY-SA 4.0 / Wikimedia Commons,2024-08-12,2024-08-13,12.978241,77.661222,True,True,commons
byrasandra-2,2,"File:Bagmane Tech Park, Bangalore (2024) 101.jpg","https://commons.wikimedia.org/wiki/File:Bagmane_Tech_Park,_Bangalore_(2024)_101.jpg",https://upload.wikimedia.org/wikipedia/commons/4/44/Bagmane_Tech_Park%2C_Bangalore_%282024%29_101.jpg,https://thumb.wikimedia.org/wikipedia/commons/thumb/4/44/Bagmane_Tech_Park%2C_Bangalore_%282024%29_101.jpg/960px-Bagmane_Tech_Park%2C_Bangalore_%282024%29_101.jpg,4080,3072,Gpkp,CC BY-SA 4.0,https://creativecommons.org/licenses/by-sa/4.0,True,Gpkp / CC BY-SA 4.0 / Wikimedia Commons,2024-08-12,2024-08-13,12.978241,77.661222,True,True,commons
byrasandra-2,3,"File:Bagmane Tech Park, Bangalore (2024) 102.jpg","https://commons.wikimedia.org/wiki/File:Bagmane_Tech_Park,_Bangalore_(2024)_102.jpg",https://upload.wikimedia.org/wikipedia/commons/5/54/Bagmane_Tech_Park%2C_Bangalore_%282024%29_102.jpg,https://thumb.wikimedia.org/wikipedia/commons/thumb/5/54/Bagmane_Tech_Park%2C_Bangalore_%282024%29_102.jpg/960px-Bagmane_Tech_Park%2C_Bangalore_%282024%29_102.jpg,4080,3072,Gpkp,CC BY-SA 4.0,https://creativecommons.org/licenses/by-sa/4.0,True,Gpkp / CC BY-SA 4.0 / Wikimedia Commons,2024-08-12,2024-08-13,12.978241,77.661222,True,True,commons
byrasandra-2,4,"File:Bagmane Tech Park, Bangalore (2024) 107.jpg","https://commons.wikimedia.org/wiki/File:Bagmane_Tech_Park,_Bangalore_(2024)_107.jpg",https://upload.wikimedia.org/wikipedia/commons/5/5a/Bagmane_Tech_Park%2C_Bangalore_%282024%29_107.jpg,https://thumb.wikimedia.org/wikipedia/commons/thumb/5/5a/Bagmane_Tech_Park%2C_Bangalore_%282024%29_107.jpg/960px-Bagmane_Tech_Park%2C_Bangalore_%282024%29_107.jpg,4080,3072,Gpkp,CC BY-SA 4.0,https://creativecommons.org/licenses/by-sa/4.0,True,Gpkp / CC BY-SA 4.0 / Wikimedia Commons,2024-08-12,2024-08-13,12.977531,77.663383,True,True,commons
byrasandra-2,5,"File:Bagmane Tech Park, Bangalore (2024) 108.jpg","https://commons.wikimedia.org/wiki/File:Bagmane_Tech_Park,_Bangalore_(2024)_108.jpg",https://upload.wikimedia.org/wikipedia/commons/c/c1/Bagmane_Tech_Park%2C_Bangalore_%282024%29_108.jpg,https://thumb.wikimedia.org/wikipedia/commons/thumb/c/c1/Bagmane_Tech_Park%2C_Bangalore_%282024%29_108.jpg/960px-Bagmane_Tech_Park%2C_Bangalore_%282024%29_108.jpg,4080,3072,Gpkp,CC BY-SA 4.0,https://creativecommons.org/licenses/by-sa/4.0,True,Gpkp / CC BY-SA 4.0 / Wikimedia Commons,2024-08-12,2024-08-13,12.977531,77.663383,True,True,commons
byrasandra-2,6,"File:Bagmane Tech Park, Bangalore (2024) 111.jpg","https://commons.wikimedia.org/wiki/File:Bagmane_Tech_Park,_Bangalore_(2024)_111.jpg",https://upload.wikimedia.org/wikipedia/commons/f/fc/Bagmane_Tech_Park%2C_Bangalore_%282024%29_111.jpg,https://thumb.wikimedia.org/wikipedia/commons/thumb/f/fc/Bagmane_Tech_Park%2C_Bangalore_%282024%29_111.jpg/960px-Bagmane_Tech_Park%2C_Bangalore_%282024%29_111.jpg,4080,3072,Gpkp,CC BY-SA 4.0,https://creativecommons.org/licenses/by-sa/4.0,True,Gpkp / CC BY-SA 4.0 / Wikimedia Commons,2024-08-12,2024-08-13,12.978594,77.661216,True,True,commons
byrasandra-2,7,"File:Bagmane Tech Park, Bangalore (2024) 112.jpg","https://commons.wikimedia.org/wiki/File:Bagmane_Tech_Park,_Bangalore_(2024)_112.jpg",https://upload.wikimedia.org/wikipedia/commons/e/e2/Bagmane_Tech_Park%2C_Bangalore_%282024%29_112.jpg,https://thumb.wikimedia.org/wikipedia/commons/thumb/e/e2/Bagmane_Tech_Park%2C_Bangalore_%282024%29_112.jpg/960px-Bagmane_Tech_Park%2C_Bangalore_%282024%29_112.jpg,4080,3072,Gpkp,CC BY-SA 4.0,https://creativecommons.org/licenses/by-sa/4.0,True,Gpkp / CC BY-SA 4.0 / Wikimedia Commons,2024-08-12,2024-08-13,12.978594,77.661216,True,True,commons
byrasandra-2,8,"File:Bagmane Tech Park, Bangalore (2024) 113.jpg","https://commons.wikimedia.org/wiki/File:Bagmane_Tech_Park,_Bangalore_(2024)_113.jpg",https://upload.wikimedia.org/wikipedia/commons/c/c3/Bagmane_Tech_Park%2C_Bangalore_%282024%29_113.jpg,https://thumb.wikimedia.org/wikipedia/commons/thumb/c/c3/Bagmane_Tech_Park%2C_Bangalore_%282024%29_113.jpg/960px-Bagmane_Tech_Park%2C_Bangalore_%282024%29_113.jpg,4080,3072,Gpkp,CC BY-SA 4.0,https://creativecommons.org/licenses/by-sa/4.0,True,Gpkp / CC BY-SA 4.0 / Wikimedia Commons,2024-08-12,2024-08-13,12.978594,77.661216,True,True,commons
byrasandra-2,9,"File:Bagmane Tech Park, Bangalore (2024) 114.jpg","https://commons.wikimedia.org/wiki/File:Bagmane_Tech_Park,_Bangalore_(2024)_114.jpg",https://upload.wikimedia.org/wikipedia/commons/9/9e/Bagmane_Tech_Park%2C_Bangalore_%282024%29_114.jpg,https://thumb.wikimedia.org/wikipedia/commons/thumb/9/9e/Bagmane_Tech_Park%2C_Bangalore_%282024%29_114.jpg/960px-Bagmane_Tech_Park%2C_Bangalore_%282024%29_114.jpg,4080,3072,Gpkp,CC BY-SA 4.0,https://creativecommons.org/licenses/by-sa/4.0,True,Gpkp / CC BY-SA 4.0 / Wikimedia Commons,2024-08-12,2024-08-13,12.977529,77.663394,True,True,commons
byrasandra-2,10,"File:Bagmane Tech Park, Bangalore (2024) 115.jpg","https://commons.wikimedia.org/wiki/File:Bagmane_Tech_Park,_Bangalore_(2024)_115.jpg",https://upload.wikimedia.org/wikipedia/commons/d/dc/Bagmane_Tech_Park%2C_Bangalore_%282024%29_115.jpg,https://thumb.wikimedia.org/wikipedia/commons/thumb/d/dc/Bagmane_Tech_Park%2C_Bangalore_%282024%29_115.jpg/960px-Bagmane_Tech_Park%2C_Bangalore_%282024%29_115.jpg,4080,3072,Gpkp,CC BY-SA 4.0,https://creativecommons.org/licenses/by-sa/4.0,True,Gpkp / CC BY-SA 4.0 / Wikimedia Commons,2024-08-12,2024-08-13,12.977291,77.661249,True,True,commons
byrasandra-2,11,"File:Bagmane Tech Park, Bangalore (2024) 116.jpg","https://commons.wikimedia.org/wiki/File:Bagmane_Tech_Park,_Bangalore_(2024)_116.jpg",https://upload.wikimedia.org/wikipedia/commons/2/28/Bagmane_Tech_Park%2C_Bangalore_%282024%29_116.jpg,https://thumb.wikimedia.org/wikipedia/commons/thumb/2/28/Bagmane_Tech_Park%2C_Bangalore_%282024%29_116.jpg/960px-Bagmane_Tech_Park%2C_Bangalore_%282024%29_116.jpg,4080,3072,Gpkp,CC BY-SA 4.0,https://creativecommons.org/licenses/by-sa/4.0,True,Gpkp / CC BY-SA 4.0 / Wikimedia Commons,2024-08-12,2024-08-13,12.977291,77.661249,True,True,commons
byrasandra-2,12,"File:Bagmane Tech Park, Bangalore (2024) 117.jpg","https://commons.wikimedia.org/wiki/File:Bagmane_Tech_Park,_Bangalore_(2024)_117.jpg",https://upload.wikimedia.org/wikipedia/commons/e/e2/Bagmane_Tech_Park%2C_Bangalore_%282024%29_117.jpg,https://thumb.wikimedia.org/wikipedia/commons/thumb/e/e2/Bagmane_Tech_Park%2C_Bangalore_%282024%29_117.jpg/960px-Bagmane_Tech_Park%2C_Bangalore_%282024%29_117.jpg,4080,3072,Gpkp,CC BY-SA 4.0,https://creativecommons.org/licenses/by-sa/4.0,True,Gpkp / CC BY-SA 4.0 / Wikimedia Commons,2024-08-12,2024-08-13,12.977535,77.66337,True,True,commons
chellakere-kere,1,File:Chellikere lake bengaluru 2023.jpg,https://commons.wikimedia.org/wiki/File:Chellikere_lake_bengaluru_2023.jpg,https://upload.wikimedia.org/wikipedia/commons/8/80/Chellikere_lake_bengaluru_2023.jpg,https://thumb.wikimedia.org/wikipedia/commons/thumb/8/80/Chellikere_lake_bengaluru_2023.jpg/960px-Chellikere_lake_bengaluru_2023.jpg,8160,6144,Microesoft1212,CC BY-SA 4.0,https://creativecommons.org/licenses/by-sa/4.0,True,Microesoft1212 / CC BY-SA 4.0 / Wikimedia Commons,2023-08-13,2024-12-25,13.026335,77.644449,False,True,commons
chenvinayanahalli-kere,1,"File:Golahalli lake, Bangalore (2025) 05.jpg","https://commons.wikimedia.org/wiki/File:Golahalli_lake,_Bangalore_(2025)_05.jpg",https://upload.wikimedia.org/wikipedia/commons/3/36/Golahalli_lake%2C_Bangalore_%282025%29_05.jpg,https://thumb.wikimedia.org/wikipedia/commons/thumb/3/36/Golahalli_lake%2C_Bangalore_%282025%29_05.jpg/960px-Golahalli_lake%2C_Bangalore_%282025%29_05.jpg,4080,3072,Gpkp,CC BY-SA 4.0,https://creativecommons.org/licenses/by-sa/4.0,True,Gpkp / CC BY-SA 4.0 / Wikimedia Commons,2025-08-04,2025-08-04,12.875989,77.483423,False,True,commons
chenvinayanahalli-kere,2,"File:Golahalli lake, Bangalore (2025) 06.jpg","https://commons.wikimedia.org/wiki/File:Golahalli_lake,_Bangalore_(2025)_06.jpg",https://upload.wikimedia.org/wikipedia/commons/0/00/Golahalli_lake%2C_Bangalore_%282025%29_06.jpg,https://thumb.wikimedia.org/wikipedia/commons/thumb/0/00/Golahalli_lake%2C_Bangalore_%282025%29_06.jpg/960px-Golahalli_lake%2C_Bangalore_%282025%29_06.jpg,4080,3072,Gpkp,CC BY-SA 4.0,https://creativecommons.org/licenses/by-sa/4.0,True,Gpkp / CC BY-SA 4.0 / Wikimedia Commons,2025-08-04,2025-08-04,12.875428,77.483802,False,True,commons
chenvinayanahalli-kere,3,"File:Golahalli lake, Bangalore (2025) 09.jpg","https://commons.wikimedia.org/wiki/File:Golahalli_lake,_Bangalore_(2025)_09.jpg",https://upload.wikimedia.org/wikipedia/commons/e/e2/Golahalli_lake%2C_Bangalore_%282025%29_09.jpg,https://thumb.wikimedia.org/wikipedia/commons/thumb/e/e2/Golahalli_lake%2C_Bangalore_%282025%29_09.jpg/960px-Golahalli_lake%2C_Bangalore_%282025%29_09.jpg,4080,3072,Gpkp,CC BY-SA 4.0,https://creativecommons.org/licenses/by-sa/4.0,True,Gpkp / CC BY-SA 4.0 / Wikimedia Commons,2025-08-04,2025-08-04,12.874411,77.483645,False,True,commons
chenvinayanahalli-kere,4,"File:Golahalli lake, Bangalore (2025) 10.jpg","https://commons.wikimedia.org/wiki/File:Golahalli_lake,_Bangalore_(2025)_10.jpg",https://upload.wikimedia.org/wikipedia/commons/e/ec/Golahalli_lake%2C_Bangalore_%282025%29_10.jpg,https://thumb.wikimedia.org/wikipedia/commons/thumb/e/ec/Golahalli_lake%2C_Bangalore_%282025%29_10.jpg/960px-Golahalli_lake%2C_Bangalore_%282025%29_10.jpg,4080,3072,Gpkp,CC BY-SA 4.0,https://creativecommons.org/licenses/by-sa/4.0,True,Gpkp / CC BY-SA 4.0 / Wikimedia Commons,2025-08-04,2025-08-04,12.874411,77.483645,False,True,commons
chenvinayanahalli-kere,5,"File:Golahalli lake, Bangalore (2025) 11.jpg","https://commons.wikimedia.org/wiki/File:Golahalli_lake,_Bangalore_(2025)_11.jpg",https://upload.wikimedia.org/wikipedia/commons/6/62/Golahalli_lake%2C_Bangalore_%282025%29_11.jpg,https://thumb.wikimedia.org/wikipedia/commons/thumb/6/62/Golahalli_lake%2C_Bangalore_%282025%29_11.jpg/960px-Golahalli_lake%2C_Bangalore_%282025%29_11.jpg,4080,3072,Gpkp,CC BY-SA 4.0,https://creativecommons.org/licenses/by-sa/4.0,True,Gpkp / CC BY-SA 4.0 / Wikimedia Commons,2025-08-04,2025-08-04,12.874411,77.483645,False,True,commons
chenvinayanahalli-kere,6,"File:Golahalli lake, Bangalore (2025) 13.jpg","https://commons.wikimedia.org/wiki/File:Golahalli_lake,_Bangalore_(2025)_13.jpg",https://upload.wikimedia.org/wikipedia/commons/e/e7/Golahalli_lake%2C_Bangalore_%282025%29_13.jpg,https://thumb.wikimedia.org/wikipedia/commons/thumb/e/e7/Golahalli_lake%2C_Bangalore_%282025%29_13.jpg/960px-Golahalli_lake%2C_Bangalore_%282025%29_13.jpg,4080,3072,Gpkp,CC BY-SA 4.0,https://creativecommons.org/licenses/by-sa/4.0,True,Gpkp / CC BY-SA 4.0 / Wikimedia Commons,2025-08-04,2025-08-04,12.874234,77.483982,False,True,commons
chenvinayanahalli-kere,7,"File:Golahalli lake, Bangalore (2025) 14.jpg","https://commons.wikimedia.org/wiki/File:Golahalli_lake,_Bangalore_(2025)_14.jpg",https://upload.wikimedia.org/wikipedia/commons/6/68/Golahalli_lake%2C_Bangalore_%282025%29_14.jpg,https://thumb.wikimedia.org/wikipedia/commons/thumb/6/68/Golahalli_lake%2C_Bangalore_%282025%29_14.jpg/960px-Golahalli_lake%2C_Bangalore_%282025%29_14.jpg,4080,3072,Gpkp,CC BY-SA 4.0,https://creativecommons.org/licenses/by-sa/4.0,True,Gpkp / CC BY-SA 4.0 / Wikimedia Commons,2025-08-04,2025-08-04,12.874069,77.483514,False,True,commons
chenvinayanahalli-kere,8,"File:Golahalli lake, Bangalore (2025) 15.jpg","https://commons.wikimedia.org/wiki/File:Golahalli_lake,_Bangalore_(2025)_15.jpg",https://upload.wikimedia.org/wikipedia/commons/b/b2/Golahalli_lake%2C_Bangalore_%282025%29_15.jpg,https://thumb.wikimedia.org/wikipedia/commons/thumb/b/b2/Golahalli_lake%2C_Bangalore_%282025%29_15.jpg/960px-Golahalli_lake%2C_Bangalore_%282025%29_15.jpg,4080,3072,Gpkp,CC BY-SA 4.0,https://creativecommons.org/licenses/by-sa/4.0,True,Gpkp / CC BY-SA 4.0 / Wikimedia Commons,2025-08-04,2025-08-04,12.874102,77.482924,False,True,commons
chenvinayanahalli-kere,9,"File:Golahalli lake, Bangalore (2025) 16.jpg","https://commons.wikimedia.org/wiki/File:Golahalli_lake,_Bangalore_(2025)_16.jpg",https://upload.wikimedia.org/wikipedia/commons/5/54/Golahalli_lake%2C_Bangalore_%282025%29_16.jpg,https://thumb.wikimedia.org/wikipedia/commons/thumb/5/54/Golahalli_lake%2C_Bangalore_%282025%29_16.jpg/960px-Golahalli_lake%2C_Bangalore_%282025%29_16.jpg,4080,3072,Gpkp,CC BY-SA 4.0,https://creativecommons.org/licenses/by-sa/4.0,True,Gpkp / CC BY-SA 4.0 / Wikimedia Commons,2025-08-04,2025-08-04,12.8732,77.484062,False,True,commons
chenvinayanahalli-kere,10,"File:Golahalli lake, Bangalore (2025) 18.jpg","https://commons.wikimedia.org/wiki/File:Golahalli_lake,_Bangalore_(2025)_18.jpg",https://upload.wikimedia.org/wikipedia/commons/3/37/Golahalli_lake%2C_Bangalore_%282025%29_18.jpg,https://thumb.wikimedia.org/wikipedia/commons/thumb/3/37/Golahalli_lake%2C_Bangalore_%282025%29_18.jpg/960px-Golahalli_lake%2C_Bangalore_%282025%29_18.jpg,4080,3072,Gpkp,CC BY-SA 4.0,https://creativecommons.org/licenses/by-sa/4.0,True,Gpkp / CC BY-SA 4.0 / Wikimedia Commons,2025-08-04,2025-08-04,12.873643,77.484136,False,True,commons
chenvinayanahalli-kere,11,"File:Golahalli lake, Bangalore (2025) 19.jpg","https://commons.wikimedia.org/wiki/File:Golahalli_lake,_Bangalore_(2025)_19.jpg",https://upload.wikimedia.org/wikipedia/commons/8/89/Golahalli_lake%2C_Bangalore_%282025%29_19.jpg,https://thumb.wikimedia.org/wikipedia/commons/thumb/8/89/Golahalli_lake%2C_Bangalore_%282025%29_19.jpg/960px-Golahalli_lake%2C_Bangalore_%282025%29_19.jpg,4080,3072,Gpkp,CC BY-SA 4.0,https://creativecommons.org/licenses/by-sa/4.0,True,Gpkp / CC BY-SA 4.0 / Wikimedia Commons,2025-08-04,2025-08-04,12.873256,77.48407,False,True,commons
chenvinayanahalli-kere,12,"File:Golahalli lake, Bangalore (2025) 21.jpg","https://commons.wikimedia.org/wiki/File:Golahalli_lake,_Bangalore_(2025)_21.jpg",https://upload.wikimedia.org/wikipedia/commons/c/cd/Golahalli_lake%2C_Bangalore_%282025%29_21.jpg,https://thumb.wikimedia.org/wikipedia/commons/thumb/c/cd/Golahalli_lake%2C_Bangalore_%282025%29_21.jpg/960px-Golahalli_lake%2C_Bangalore_%282025%29_21.jpg,4080,3072,Gpkp,CC BY-SA 4.0,https://creativecommons.org/licenses/by-sa/4.0,True,Gpkp / CC BY-SA 4.0 / Wikimedia Commons,2025-08-04,2025-08-04,12.872795,77.484908,False,True,commons
chikkabanavara-kere,1,File:Pond heron on a tree.jpg,https://commons.wikimedia.org/wiki/File:Pond_heron_on_a_tree.jpg,https://upload.wikimedia.org/wikipedia/commons/8/8b/Pond_heron_on_a_tree.jpg,https://thumb.wikimedia.org/wikipedia/commons/thumb/8/8b/Pond_heron_on_a_tree.jpg/960px-Pond_heron_on_a_tree.jpg,3911,2368,Shruti.morabad,CC BY-SA 4.0,https://creativecommons.org/licenses/by-sa/4.0,True,Shruti.morabad / CC BY-SA 4.0 / Wikimedia Commons,2017-02-19,2017-06-30,13.079845,77.508282,False,True,commons
chinnappanahalli-kere1,1,File:Chinnapanahalli Lake 8-9-2013 7-10-02 AM.JPG,https://commons.wikimedia.org/wiki/File:Chinnapanahalli_Lake_8-9-2013_7-10-02_AM.JPG,https://upload.wikimedia.org/wikipedia/commons/d/d8/Chinnapanahalli_Lake_8-9-2013_7-10-02_AM.JPG,https://thumb.wikimedia.org/wikipedia/commons/thumb/d/d8/Chinnapanahalli_Lake_8-9-2013_7-10-02_AM.JPG/960px-Chinnapanahalli_Lake_8-9-2013_7-10-02_AM.JPG,1600,1200,Amol.Gaitonde,CC BY-SA 3.0,https://creativecommons.org/licenses/by-sa/3.0,True,Amol.Gaitonde / CC BY-SA 3.0 / Wikimedia Commons,2013-08-09,2013-08-09,12.965102,77.708115,False,True,commons
chinnappanahalli-kere1,2,File:Chinnapanahalli Lake 8-9-2013 7-12-51 AM.JPG,https://commons.wikimedia.org/wiki/File:Chinnapanahalli_Lake_8-9-2013_7-12-51_AM.JPG,https://upload.wikimedia.org/wikipedia/commons/c/cc/Chinnapanahalli_Lake_8-9-2013_7-12-51_AM.JPG,https://thumb.wikimedia.org/wikipedia/commons/thumb/c/cc/Chinnapanahalli_Lake_8-9-2013_7-12-51_AM.JPG/960px-Chinnapanahalli_Lake_8-9-2013_7-12-51_AM.JPG,1600,1200,Amol.Gaitonde,CC BY-SA 3.0,https://creativecommons.org/licenses/by-sa/3.0,True,Amol.Gaitonde / CC BY-SA 3.0 / Wikimedia Commons,2013-08-09,2013-08-09,12.9651,77.706451,False,True,commons
chinnappanahalli-kere1,3,File:Chinnapanahalli Lake 8-9-2013 7-13-20 AM.JPG,https://commons.wikimedia.org/wiki/File:Chinnapanahalli_Lake_8-9-2013_7-13-20_AM.JPG,https://upload.wikimedia.org/wikipedia/commons/4/4d/Chinnapanahalli_Lake_8-9-2013_7-13-20_AM.JPG,https://thumb.wikimedia.org/wikipedia/commons/thumb/4/4d/Chinnapanahalli_Lake_8-9-2013_7-13-20_AM.JPG/960px-Chinnapanahalli_Lake_8-9-2013_7-13-20_AM.JPG,1600,1200,Amol.Gaitonde,CC BY-SA 3.0,https://creativecommons.org/licenses/by-sa/3.0,True,Amol.Gaitonde / CC BY-SA 3.0 / Wikimedia Commons,2013-08-09,2013-08-09,12.965317,77.706131,False,True,commons
chinnappanahalli-kere1,4,File:Chinnapanahalli Lake 8-9-2013 7-13-23 AM.JPG,https://commons.wikimedia.org/wiki/File:Chinnapanahalli_Lake_8-9-2013_7-13-23_AM.JPG,https://upload.wikimedia.org/wikipedia/commons/0/0f/Chinnapanahalli_Lake_8-9-2013_7-13-23_AM.JPG,https://thumb.wikimedia.org/wikipedia/commons/thumb/0/0f/Chinnapanahalli_Lake_8-9-2013_7-13-23_AM.JPG/960px-Chinnapanahalli_Lake_8-9-2013_7-13-23_AM.JPG,1600,1200,Amol.Gaitonde,CC BY-SA 3.0,https://creativecommons.org/licenses/by-sa/3.0,True,Amol.Gaitonde / CC BY-SA 3.0 / Wikimedia Commons,2013-08-09,2013-08-09,12.965356,77.706169,False,True,commons
chinnappanahalli-kere1,5,File:Chinnapanahalli Lake 8-9-2013 7-14-48 AM.JPG,https://commons.wikimedia.org/wiki/File:Chinnapanahalli_Lake_8-9-2013_7-14-48_AM.JPG,https://upload.wikimedia.org/wikipedia/commons/b/b0/Chinnapanahalli_Lake_8-9-2013_7-14-48_AM.JPG,https://thumb.wikimedia.org/wikipedia/commons/thumb/b/b0/Chinnapanahalli_Lake_8-9-2013_7-14-48_AM.JPG/960px-Chinnapanahalli_Lake_8-9-2013_7-14-48_AM.JPG,1600,1200,Amol.Gaitonde,CC BY-SA 3.0,https://creativecommons.org/licenses/by-sa/3.0,True,Amol.Gaitonde / CC BY-SA 3.0 / Wikimedia Commons,2013-08-09,2013-08-09,12.966263,77.706413,False,True,commons
chinnappanahalli-kere1,6,File:Chinnapanahalli Lake 8-9-2013 7-15-00 AM.JPG,https://commons.wikimedia.org/wiki/File:Chinnapanahalli_Lake_8-9-2013_7-15-00_AM.JPG,https://upload.wikimedia.org/wikipedia/commons/4/42/Chinnapanahalli_Lake_8-9-2013_7-15-00_AM.JPG,https://thumb.wikimedia.org/wikipedia/commons/thumb/4/42/Chinnapanahalli_Lake_8-9-2013_7-15-00_AM.JPG/960px-Chinnapanahalli_Lake_8-9-2013_7-15-00_AM.JPG,1600,1200,Amol.Gaitonde,CC BY-SA 3.0,https://creativecommons.org/licenses/by-sa/3.0,True,Amol.Gaitonde / CC BY-SA 3.0 / Wikimedia Commons,2013-08-09,2013-08-09,12.966501,77.706413,False,True,commons
chinnappanahalli-kere1,7,File:Chinnapanahalli Lake 8-9-2013 7-15-53 AM.JPG,https://commons.wikimedia.org/wiki/File:Chinnapanahalli_Lake_8-9-2013_7-15-53_AM.JPG,https://upload.wikimedia.org/wikipedia/commons/f/fd/Chinnapanahalli_Lake_8-9-2013_7-15-53_AM.JPG,https://thumb.wikimedia.org/wikipedia/commons/thumb/f/fd/Chinnapanahalli_Lake_8-9-2013_7-15-53_AM.JPG/960px-Chinnapanahalli_Lake_8-9-2013_7-15-53_AM.JPG,1600,1200,Amol.Gaitonde,CC BY-SA 3.0,https://creativecommons.org/licenses/by-sa/3.0,True,Amol.Gaitonde / CC BY-SA 3.0 / Wikimedia Commons,2013-08-09,2013-08-09,12.966598,77.70694,False,True,commons
chinnappanahalli-kere1,8,File:Chinnapanahalli Lake 8-9-2013 7-17-12 AM.JPG,https://commons.wikimedia.org/wiki/File:Chinnapanahalli_Lake_8-9-2013_7-17-12_AM.JPG,https://upload.wikimedia.org/wikipedia/commons/2/24/Chinnapanahalli_Lake_8-9-2013_7-17-12_AM.JPG,https://thumb.wikimedia.org/wikipedia/commons/thumb/2/24/Chinnapanahalli_Lake_8-9-2013_7-17-12_AM.JPG/960px-Chinnapanahalli_Lake_8-9-2013_7-17-12_AM.JPG,1600,1200,Amol.Gaitonde,CC BY-SA 3.0,https://creativecommons.org/licenses/by-sa/3.0,True,Amol.Gaitonde / CC BY-SA 3.0 / Wikimedia Commons,2013-08-09,2013-08-09,12.967162,77.707504,False,True,commons
chinnappanahalli-kere1,9,File:Chinnapanahalli Lake 8-9-2013 7-18-24 AM.JPG,https://commons.wikimedia.org/wiki/File:Chinnapanahalli_Lake_8-9-2013_7-18-24_AM.JPG,https://upload.wikimedia.org/wikipedia/commons/a/ad/Chinnapanahalli_Lake_8-9-2013_7-18-24_AM.JPG,https://thumb.wikimedia.org/wikipedia/commons/thumb/a/ad/Chinnapanahalli_Lake_8-9-2013_7-18-24_AM.JPG/960px-Chinnapanahalli_Lake_8-9-2013_7-18-24_AM.JPG,1600,1200,Amol.Gaitonde,CC BY-SA 3.0,https://creativecommons.org/licenses/by-sa/3.0,True,Amol.Gaitonde / CC BY-SA 3.0 / Wikimedia Commons,2013-08-09,2013-08-09,12.966514,77.70768,False,True,commons
chinnappanahalli-kere1,10,File:Chinnapanahalli Lake 8-9-2013 7-18-27 AM.JPG,https://commons.wikimedia.org/wiki/File:Chinnapanahalli_Lake_8-9-2013_7-18-27_AM.JPG,https://upload.wikimedia.org/wikipedia/commons/1/18/Chinnapanahalli_Lake_8-9-2013_7-18-27_AM.JPG,https://thumb.wikimedia.org/wikipedia/commons/thumb/1/18/Chinnapanahalli_Lake_8-9-2013_7-18-27_AM.JPG/960px-Chinnapanahalli_Lake_8-9-2013_7-18-27_AM.JPG,1600,1200,Amol.Gaitonde,CC BY-SA 3.0,https://creativecommons.org/licenses/by-sa/3.0,True,Amol.Gaitonde / CC BY-SA 3.0 / Wikimedia Commons,2013-08-09,2013-08-09,12.966266,77.707733,False,True,commons
chinnappanahalli-kere1,11,File:Chinnapanahalli Lake 8-9-2013 7-19-28 AM.JPG,https://commons.wikimedia.org/wiki/File:Chinnapanahalli_Lake_8-9-2013_7-19-28_AM.JPG,https://upload.wikimedia.org/wikipedia/commons/7/70/Chinnapanahalli_Lake_8-9-2013_7-19-28_AM.JPG,https://thumb.wikimedia.org/wikipedia/commons/thumb/7/70/Chinnapanahalli_Lake_8-9-2013_7-19-28_AM.JPG/960px-Chinnapanahalli_Lake_8-9-2013_7-19-28_AM.JPG,1600,1200,Amol.Gaitonde,CC BY-SA 3.0,https://creativecommons.org/licenses/by-sa/3.0,True,Amol.Gaitonde / CC BY-SA 3.0 / Wikimedia Commons,2013-08-09,2013-08-09,12.9654,77.708122,False,True,commons
chinnappanahalli-kere1,12,File:Chinnapanahalli Lake 8-9-2013 7-19-34 AM.JPG,https://commons.wikimedia.org/wiki/File:Chinnapanahalli_Lake_8-9-2013_7-19-34_AM.JPG,https://upload.wikimedia.org/wikipedia/commons/1/19/Chinnapanahalli_Lake_8-9-2013_7-19-34_AM.JPG,https://thumb.wikimedia.org/wikipedia/commons/thumb/1/19/Chinnapanahalli_Lake_8-9-2013_7-19-34_AM.JPG/960px-Chinnapanahalli_Lake_8-9-2013_7-19-34_AM.JPG,1600,1200,Amol.Gaitonde,CC BY-SA 3.0,https://creativecommons.org/licenses/by-sa/3.0,True,Amol.Gaitonde / CC BY-SA 3.0 / Wikimedia Commons,2013-08-09,2013-08-09,12.96528,77.708122,False,True,commons
chinnappanahalli-kere1-2,1,File:Chinnapanahalli Lake 8-9-2013 7-17-12 AM.JPG,https://commons.wikimedia.org/wiki/File:Chinnapanahalli_Lake_8-9-2013_7-17-12_AM.JPG,https://upload.wikimedia.org/wikipedia/commons/2/24/Chinnapanahalli_Lake_8-9-2013_7-17-12_AM.JPG,https://thumb.wikimedia.org/wikipedia/commons/thumb/2/24/Chinnapanahalli_Lake_8-9-2013_7-17-12_AM.JPG/960px-Chinnapanahalli_Lake_8-9-2013_7-17-12_AM.JPG,1600,1200,Amol.Gaitonde,CC BY-SA 3.0,https://creativecommons.org/licenses/by-sa/3.0,True,Amol.Gaitonde / CC BY-SA 3.0 / Wikimedia Commons,2013-08-09,2013-08-09,12.967162,77.707504,False,True,commons
chinnappanahalli-kere1-2,2,File:Chinnapanahalli Lake 8-9-2013 7-18-24 AM.JPG,https://commons.wikimedia.org/wiki/File:Chinnapanahalli_Lake_8-9-2013_7-18-24_AM.JPG,https://upload.wikimedia.org/wikipedia/commons/a/ad/Chinnapanahalli_Lake_8-9-2013_7-18-24_AM.JPG,https://thumb.wikimedia.org/wikipedia/commons/thumb/a/ad/Chinnapanahalli_Lake_8-9-2013_7-18-24_AM.JPG/960px-Chinnapanahalli_Lake_8-9-2013_7-18-24_AM.JPG,1600,1200,Amol.Gaitonde,CC BY-SA 3.0,https://creativecommons.org/licenses/by-sa/3.0,True,Amol.Gaitonde / CC BY-SA 3.0 / Wikimedia Commons,2013-08-09,2013-08-09,12.966514,77.70768,False,True,commons
chinnappanahalli-kere1-2,3,File:Chinnapanahalli Lake Timings 8-9-2013 7-17-02 AM.JPG,https://commons.wikimedia.org/wiki/File:Chinnapanahalli_Lake_Timings_8-9-2013_7-17-02_AM.JPG,https://upload.wikimedia.org/wikipedia/commons/f/f0/Chinnapanahalli_Lake_Timings_8-9-2013_7-17-02_AM.JPG,https://thumb.wikimedia.org/wikipedia/commons/thumb/f/f0/Chinnapanahalli_Lake_Timings_8-9-2013_7-17-02_AM.JPG/960px-Chinnapanahalli_Lake_Timings_8-9-2013_7-17-02_AM.JPG,1600,1200,Amol.Gaitonde,CC BY-SA 3.0,https://creativecommons.org/licenses/by-sa/3.0,True,Amol.Gaitonde / CC BY-SA 3.0 / Wikimedia Commons,2013-08-09,2013-08-09,12.967269,77.707252,False,True,commons
chinnappanahalli-kere1-2,4,File:Chinnapanahalli Lake duck went inside.JPG,https://commons.wikimedia.org/wiki/File:Chinnapanahalli_Lake_duck_went_inside.JPG,https://upload.wikimedia.org/wikipedia/commons/c/cb/Chinnapanahalli_Lake_duck_went_inside.JPG,https://thumb.wikimedia.org/wikipedia/commons/thumb/c/cb/Chinnapanahalli_Lake_duck_went_inside.JPG/960px-Chinnapanahalli_Lake_duck_went_inside.JPG,1600,1200,Amol.Gaitonde,CC BY-SA 3.0,https://creativecommons.org/licenses/by-sa/3.0,True,Amol.Gaitonde / CC BY-SA 3.0 / Wikimedia Commons,2013-08-09,2013-08-09,12.966692,77.707108,False,True,commons
devarabisanahalli-kere,1,File:Lake in Devarabisanahalli at night.jpg,https://commons.wikimedia.org/wiki/File:Lake_in_Devarabisanahalli_at_night.jpg,https://upload.wikimedia.org/wikipedia/commons/d/d9/Lake_in_Devarabisanahalli_at_night.jpg,https://thumb.wikimedia.org/wikipedia/commons/thumb/d/d9/Lake_in_Devarabisanahalli_at_night.jpg/960px-Lake_in_Devarabisanahalli_at_night.jpg,3376,1930,HSRRAO,CC BY-SA 4.0,https://creativecommons.org/licenses/by-sa/4.0,True,HSRRAO / CC BY-SA 4.0 / Wikimedia Commons,2019-01-25,2022-09-24,12.921606,77.688271,False,True,commons
dodda-bommasandra-lake,1,File:Doddabommasandra Lake STP Bengaluru sewage treatment plant aerial view India.jpg,https://commons.wikimedia.org/wiki/File:Doddabommasandra_Lake_STP_Bengaluru_sewage_treatment_plant_aerial_view_India.jpg,https://upload.wikimedia.org/wikipedia/commons/6/63/Doddabommasandra_Lake_STP_Bengaluru_sewage_treatment_plant_aerial_view_India.jpg,https://thumb.wikimedia.org/wikipedia/commons/thumb/6/63/Doddabommasandra_Lake_STP_Bengaluru_sewage_treatment_plant_aerial_view_India.jpg/960px-Doddabommasandra_Lake_STP_Bengaluru_sewage_treatment_plant_aerial_view_India.jpg,8064,4536,"Vraj Acharya, WELL Labs",CC BY-SA 4.0,https://creativecommons.org/licenses/by-sa/4.0,True,"Vraj Acharya, WELL Labs / CC BY-SA 4.0 / Wikimedia Commons",2025-11-28,2026-04-17,13.064331,77.56616,False,True,commons
dodda-bommasandra-lake,2,File:Doddabommasandra Lake urban interface Bengaluru residential area aerial.jpg,https://commons.wikimedia.org/wiki/File:Doddabommasandra_Lake_urban_interface_Bengaluru_residential_area_aerial.jpg,https://upload.wikimedia.org/wikipedia/commons/b/bf/Doddabommasandra_Lake_urban_interface_Bengaluru_residential_area_aerial.jpg,https://thumb.wikimedia.org/wikipedia/commons/thumb/b/bf/Doddabommasandra_Lake_urban_interface_Bengaluru_residential_area_aerial.jpg/960px-Doddabommasandra_Lake_urban_interface_Bengaluru_residential_area_aerial.jpg,8064,4536,"Vraj Acharya, WELL Labs",CC BY-SA 4.0,https://creativecommons.org/licenses/by-sa/4.0,True,"Vraj Acharya, WELL Labs / CC BY-SA 4.0 / Wikimedia Commons",2025-11-28,2026-04-17,13.066131,77.564569,False,True,commons
dodda-jala-amani-kere,1,File:Chikkajala 20120908 092500.jpg,https://commons.wikimedia.org/wiki/File:Chikkajala_20120908_092500.jpg,https://upload.wikimedia.org/wikipedia/commons/8/84/Chikkajala_20120908_092500.jpg,https://thumb.wikimedia.org/wikipedia/commons/thumb/8/84/Chikkajala_20120908_092500.jpg/960px-Chikkajala_20120908_092500.jpg,2592,1944,Ch4nd4nk,CC BY-SA 3.0,https://creativecommons.org/licenses/by-sa/3.0,True,Ch4nd4nk / CC BY-SA 3.0 / Wikimedia Commons,2012,2012-09-08,13.174248,77.634912,False,True,commons
dodda-jala-amani-kere,2,File:PANORAMA Chikkajala 20120908 092025.jpg,https://commons.wikimedia.org/wiki/File:PANORAMA_Chikkajala_20120908_092025.jpg,https://upload.wikimedia.org/wikipedia/commons/b/b2/PANORAMA_Chikkajala_20120908_092025.jpg,https://thumb.wikimedia.org/wikipedia/commons/thumb/b/b2/PANORAMA_Chikkajala_20120908_092025.jpg/960px-PANORAMA_Chikkajala_20120908_092025.jpg,1720,688,Ch4nd4nk,CC BY-SA 3.0,https://creativecommons.org/licenses/by-sa/3.0,True,Ch4nd4nk / CC BY-SA 3.0 / Wikimedia Commons,2012,2012-09-08,13.174309,77.634499,False,True,commons
doddakanneli-gramadakere,1,File:Doddakannalli Lake.jpg,https://commons.wikimedia.org/wiki/File:Doddakannalli_Lake.jpg,https://upload.wikimedia.org/wikipedia/commons/e/e3/Doddakannalli_Lake.jpg,https://thumb.wikimedia.org/wikipedia/commons/thumb/e/e3/Doddakannalli_Lake.jpg/960px-Doddakannalli_Lake.jpg,4000,3000,రవిచంద్ర,CC BY-SA 4.0,https://creativecommons.org/licenses/by-sa/4.0,True,రవిచంద్ర / CC BY-SA 4.0 / Wikimedia Commons,2018-06-03,2018-06-04,12.911088,77.69447,False,True,commons
doddakanneli-gramadakere,2,"File:Yellow flowers, Doddakannalli lake, Bangalore.jpg","https://commons.wikimedia.org/wiki/File:Yellow_flowers,_Doddakannalli_lake,_Bangalore.jpg",https://upload.wikimedia.org/wikipedia/commons/1/15/Yellow_flowers%2C_Doddakannalli_lake%2C_Bangalore.jpg,https://thumb.wikimedia.org/wikipedia/commons/thumb/1/15/Yellow_flowers%2C_Doddakannalli_lake%2C_Bangalore.jpg/960px-Yellow_flowers%2C_Doddakannalli_lake%2C_Bangalore.jpg,4000,3000,రవిచంద్ర,CC BY-SA 4.0,https://creativecommons.org/licenses/by-sa/4.0,True,రవిచంద్ర / CC BY-SA 4.0 / Wikimedia Commons,2018-06-03,2018-06-04,12.912827,77.692059,False,True,commons
doddanekundi-kere,1,"File:Sunrise in Doddanekundi lake, Bengaluru, Karnataka.jpg","https://commons.wikimedia.org/wiki/File:Sunrise_in_Doddanekundi_lake,_Bengaluru,_Karnataka.jpg",https://upload.wikimedia.org/wikipedia/commons/9/91/Sunrise_in_Doddanekundi_lake%2C_Bengaluru%2C_Karnataka.jpg,https://thumb.wikimedia.org/wikipedia/commons/thumb/9/91/Sunrise_in_Doddanekundi_lake%2C_Bengaluru%2C_Karnataka.jpg/960px-Sunrise_in_Doddanekundi_lake%2C_Bengaluru%2C_Karnataka.jpg,3264,2448,Psubhashish Panigrahi,CC BY-SA 4.0,https://creativecommons.org/licenses/by-sa/4.0,True,Psubhashish Panigrahi / CC BY-SA 4.0 / Wikimedia Commons,2016-12-21,2016-12-22,12.97725,77.684686,False,True,commons
doddanekundi-kere,2,"File:Egrets at Doddanekundi lake, Bengaluru, Karnataka.jpg","https://commons.wikimedia.org/wiki/File:Egrets_at_Doddanekundi_lake,_Bengaluru,_Karnataka.jpg",https://upload.wikimedia.org/wikipedia/commons/f/f4/Egrets_at_Doddanekundi_lake%2C_Bengaluru%2C_Karnataka.jpg,https://thumb.wikimedia.org/wikipedia/commons/thumb/f/f4/Egrets_at_Doddanekundi_lake%2C_Bengaluru%2C_Karnataka.jpg/960px-Egrets_at_Doddanekundi_lake%2C_Bengaluru%2C_Karnataka.jpg,3029,2272,Subhashish Panigrahi,CC BY-SA 4.0,https://creativecommons.org/licenses/by-sa/4.0,True,Subhashish Panigrahi / CC BY-SA 4.0 / Wikimedia Commons,2016-12-22,2016-12-22,12.972844,77.689142,False,True,commons
doraikere,1,"File:Dore Kere, Bangalore (2026) 01.jpg","https://commons.wikimedia.org/wiki/File:Dore_Kere,_Bangalore_(2026)_01.jpg",https://upload.wikimedia.org/wikipedia/commons/3/3e/Dore_Kere%2C_Bangalore_%282026%29_01.jpg,https://thumb.wikimedia.org/wikipedia/commons/thumb/3/3e/Dore_Kere%2C_Bangalore_%282026%29_01.jpg/960px-Dore_Kere%2C_Bangalore_%282026%29_01.jpg,4080,3072,Gpkp,CC BY-SA 4.0,https://creativecommons.org/licenses/by-sa/4.0,True,Gpkp / CC BY-SA 4.0 / Wikimedia Commons,2026-02-09,2026-02-10,12.903717,77.551828,False,True,commons
doraikere,2,"File:Dore Kere, Bangalore (2026) 02.jpg","https://commons.wikimedia.org/wiki/File:Dore_Kere,_Bangalore_(2026)_02.jpg",https://upload.wikimedia.org/wikipedia/commons/1/1a/Dore_Kere%2C_Bangalore_%282026%29_02.jpg,https://thumb.wikimedia.org/wikipedia/commons/thumb/1/1a/Dore_Kere%2C_Bangalore_%282026%29_02.jpg/960px-Dore_Kere%2C_Bangalore_%282026%29_02.jpg,4080,3072,Gpkp,CC BY-SA 4.0,https://creativecommons.org/licenses/by-sa/4.0,True,Gpkp / CC BY-SA 4.0 / Wikimedia Commons,2026-02-09,2026-02-10,12.90352,77.551968,False,True,commons
doraikere,3,"File:Dore Kere, Bangalore (2026) 05.jpg","https://commons.wikimedia.org/wiki/File:Dore_Kere,_Bangalore_(2026)_05.jpg",https://upload.wikimedia.org/wikipedia/commons/f/fb/Dore_Kere%2C_Bangalore_%282026%29_05.jpg,https://thumb.wikimedia.org/wikipedia/commons/thumb/f/fb/Dore_Kere%2C_Bangalore_%282026%29_05.jpg/960px-Dore_Kere%2C_Bangalore_%282026%29_05.jpg,4080,3072,Gpkp,CC BY-SA 4.0,https://creativecommons.org/licenses/by-sa/4.0,True,Gpkp / CC BY-SA 4.0 / Wikimedia Commons,2026-02-09,2026-02-10,12.903542,77.552118,False,True,commons
doraikere,4,"File:Dore Kere, Bangalore (2026) 06.jpg","https://commons.wikimedia.org/wiki/File:Dore_Kere,_Bangalore_(2026)_06.jpg",https://upload.wikimedia.org/wikipedia/commons/0/01/Dore_Kere%2C_Bangalore_%282026%29_06.jpg,https://thumb.wikimedia.org/wikipedia/commons/thumb/0/01/Dore_Kere%2C_Bangalore_%282026%29_06.jpg/960px-Dore_Kere%2C_Bangalore_%282026%29_06.jpg,4080,3072,Gpkp,CC BY-SA 4.0,https://creativecommons.org/licenses/by-sa/4.0,True,Gpkp / CC BY-SA 4.0 / Wikimedia Commons,2026-02-09,2026-02-10,12.902023,77.552763,False,True,commons
doraikere,5,"File:Dore Kere, Bangalore (2026) 07.jpg","https://commons.wikimedia.org/wiki/File:Dore_Kere,_Bangalore_(2026)_07.jpg",https://upload.wikimedia.org/wikipedia/commons/8/89/Dore_Kere%2C_Bangalore_%282026%29_07.jpg,https://thumb.wikimedia.org/wikipedia/commons/thumb/8/89/Dore_Kere%2C_Bangalore_%282026%29_07.jpg/960px-Dore_Kere%2C_Bangalore_%282026%29_07.jpg,4080,3072,Gpkp,CC BY-SA 4.0,https://creativecommons.org/licenses/by-sa/4.0,True,Gpkp / CC BY-SA 4.0 / Wikimedia Commons,2026-02-09,2026-02-10,12.90221,77.552927,False,True,commons
doraikere,6,"File:Dore Kere, Bangalore (2026) 08.jpg","https://commons.wikimedia.org/wiki/File:Dore_Kere,_Bangalore_(2026)_08.jpg",https://upload.wikimedia.org/wikipedia/commons/3/3e/Dore_Kere%2C_Bangalore_%282026%29_08.jpg,https://thumb.wikimedia.org/wikipedia/commons/thumb/3/3e/Dore_Kere%2C_Bangalore_%282026%29_08.jpg/960px-Dore_Kere%2C_Bangalore_%282026%29_08.jpg,4080,3072,Gpkp,CC BY-SA 4.0,https://creativecommons.org/licenses/by-sa/4.0,True,Gpkp / CC BY-SA 4.0 / Wikimedia Commons,2026-02-09,2026-02-10,12.902188,77.552922,False,True,commons
doraikere,7,"File:Dore Kere, Bangalore (2026) 09.jpg","https://commons.wikimedia.org/wiki/File:Dore_Kere,_Bangalore_(2026)_09.jpg",https://upload.wikimedia.org/wikipedia/commons/4/45/Dore_Kere%2C_Bangalore_%282026%29_09.jpg,https://thumb.wikimedia.org/wikipedia/commons/thumb/4/45/Dore_Kere%2C_Bangalore_%282026%29_09.jpg/960px-Dore_Kere%2C_Bangalore_%282026%29_09.jpg,4080,3072,Gpkp,CC BY-SA 4.0,https://creativecommons.org/licenses/by-sa/4.0,True,Gpkp / CC BY-SA 4.0 / Wikimedia Commons,2026-02-09,2026-02-10,12.901957,77.552552,False,True,commons
doraikere,8,"File:Dore Kere, Bangalore (2026) 10.jpg","https://commons.wikimedia.org/wiki/File:Dore_Kere,_Bangalore_(2026)_10.jpg",https://upload.wikimedia.org/wikipedia/commons/8/8d/Dore_Kere%2C_Bangalore_%282026%29_10.jpg,https://thumb.wikimedia.org/wikipedia/commons/thumb/8/8d/Dore_Kere%2C_Bangalore_%282026%29_10.jpg/960px-Dore_Kere%2C_Bangalore_%282026%29_10.jpg,4080,3072,Gpkp,CC BY-SA 4.0,https://creativecommons.org/licenses/by-sa/4.0,True,Gpkp / CC BY-SA 4.0 / Wikimedia Commons,2026-02-09,2026-02-10,12.902613,77.552992,False,True,commons
doraikere,9,"File:Dore Kere, Bangalore (2026) 12.jpg","https://commons.wikimedia.org/wiki/File:Dore_Kere,_Bangalore_(2026)_12.jpg",https://upload.wikimedia.org/wikipedia/commons/c/ca/Dore_Kere%2C_Bangalore_%282026%29_12.jpg,https://thumb.wikimedia.org/wikipedia/commons/thumb/c/ca/Dore_Kere%2C_Bangalore_%282026%29_12.jpg/960px-Dore_Kere%2C_Bangalore_%282026%29_12.jpg,4080,3072,Gpkp,CC BY-SA 4.0,https://creativecommons.org/licenses/by-sa/4.0,True,Gpkp / CC BY-SA 4.0 / Wikimedia Commons,2026-02-09,2026-02-10,12.902604,77.553007,False,True,commons
doraikere,10,"File:Dore Kere, Bangalore (2026) 13.jpg","https://commons.wikimedia.org/wiki/File:Dore_Kere,_Bangalore_(2026)_13.jpg",https://upload.wikimedia.org/wikipedia/commons/c/c5/Dore_Kere%2C_Bangalore_%282026%29_13.jpg,https://thumb.wikimedia.org/wikipedia/commons/thumb/c/c5/Dore_Kere%2C_Bangalore_%282026%29_13.jpg/960px-Dore_Kere%2C_Bangalore_%282026%29_13.jpg,4080,3072,Gpkp,CC BY-SA 4.0,https://creativecommons.org/licenses/by-sa/4.0,True,Gpkp / CC BY-SA 4.0 / Wikimedia Commons,2026-02-09,2026-02-10,12.902638,77.553006,False,True,commons
doraikere,11,"File:Dore Kere, Bangalore (2026) 16.jpg","https://commons.wikimedia.org/wiki/File:Dore_Kere,_Bangalore_(2026)_16.jpg",https://upload.wikimedia.org/wikipedia/commons/9/9d/Dore_Kere%2C_Bangalore_%282026%29_16.jpg,https://thumb.wikimedia.org/wikipedia/commons/thumb/9/9d/Dore_Kere%2C_Bangalore_%282026%29_16.jpg/960px-Dore_Kere%2C_Bangalore_%282026%29_16.jpg,4080,3072,Gpkp,CC BY-SA 4.0,https://creativecommons.org/licenses/by-sa/4.0,True,Gpkp / CC BY-SA 4.0 / Wikimedia Commons,2026-02-09,2026-02-10,12.902604,77.55299,False,True,commons
doraikere,12,"File:Dore Kere, Bangalore (2026) 17.jpg","https://commons.wikimedia.org/wiki/File:Dore_Kere,_Bangalore_(2026)_17.jpg",https://upload.wikimedia.org/wikipedia/commons/6/62/Dore_Kere%2C_Bangalore_%282026%29_17.jpg,https://thumb.wikimedia.org/wikipedia/commons/thumb/6/62/Dore_Kere%2C_Bangalore_%282026%29_17.jpg/960px-Dore_Kere%2C_Bangalore_%282026%29_17.jpg,4080,3072,Gpkp,CC BY-SA 4.0,https://creativecommons.org/licenses/by-sa/4.0,True,Gpkp / CC BY-SA 4.0 / Wikimedia Commons,2026-02-09,2026-02-10,12.902767,77.552941,False,True,commons
gavipura-kunte-1,1,"File:Kempambudhi lake, Bangalore (2024) 51.jpg","https://commons.wikimedia.org/wiki/File:Kempambudhi_lake,_Bangalore_(2024)_51.jpg",https://upload.wikimedia.org/wikipedia/commons/0/0c/Kempambudhi_lake%2C_Bangalore_%282024%29_51.jpg,https://thumb.wikimedia.org/wikipedia/commons/thumb/0/0c/Kempambudhi_lake%2C_Bangalore_%282024%29_51.jpg/960px-Kempambudhi_lake%2C_Bangalore_%282024%29_51.jpg,4080,3072,Gpkp,CC BY-SA 4.0,https://creativecommons.org/licenses/by-sa/4.0,True,Gpkp / CC BY-SA 4.0 / Wikimedia Commons,2024-11-22,2024-11-23,12.95111,77.562348,False,True,commons
gavipura-kunte-1,2,"File:Kempambudhi lake, Bangalore (2024) 52.jpg","https://commons.wikimedia.org/wiki/File:Kempambudhi_lake,_Bangalore_(2024)_52.jpg",https://upload.wikimedia.org/wikipedia/commons/5/5a/Kempambudhi_lake%2C_Bangalore_%282024%29_52.jpg,https://thumb.wikimedia.org/wikipedia/commons/thumb/5/5a/Kempambudhi_lake%2C_Bangalore_%282024%29_52.jpg/960px-Kempambudhi_lake%2C_Bangalore_%282024%29_52.jpg,4080,3072,Gpkp,CC BY-SA 4.0,https://creativecommons.org/licenses/by-sa/4.0,True,Gpkp / CC BY-SA 4.0 / Wikimedia Commons,2024-11-22,2025-07-31,12.950782,77.562466,False,True,commons
gavipura-kunte-1,3,"File:Kempambudhi lake, Bangalore (2024) 53.jpg","https://commons.wikimedia.org/wiki/File:Kempambudhi_lake,_Bangalore_(2024)_53.jpg",https://upload.wikimedia.org/wikipedia/commons/a/af/Kempambudhi_lake%2C_Bangalore_%282024%29_53.jpg,https://thumb.wikimedia.org/wikipedia/commons/thumb/a/af/Kempambudhi_lake%2C_Bangalore_%282024%29_53.jpg/960px-Kempambudhi_lake%2C_Bangalore_%282024%29_53.jpg,4080,3072,Gpkp,CC BY-SA 4.0,https://creativecommons.org/licenses/by-sa/4.0,True,Gpkp / CC BY-SA 4.0 / Wikimedia Commons,2024-11-22,2025-07-31,12.950741,77.562692,False,True,commons
gavipura-kunte-1,4,"File:Kempambudhi lake, Bangalore (2024) 54.jpg","https://commons.wikimedia.org/wiki/File:Kempambudhi_lake,_Bangalore_(2024)_54.jpg",https://upload.wikimedia.org/wikipedia/commons/0/05/Kempambudhi_lake%2C_Bangalore_%282024%29_54.jpg,https://thumb.wikimedia.org/wikipedia/commons/thumb/0/05/Kempambudhi_lake%2C_Bangalore_%282024%29_54.jpg/960px-Kempambudhi_lake%2C_Bangalore_%282024%29_54.jpg,4080,3072,Gpkp,CC BY-SA 4.0,https://creativecommons.org/licenses/by-sa/4.0,True,Gpkp / CC BY-SA 4.0 / Wikimedia Commons,2024-11-22,2024-11-23,12.950915,77.562244,False,True,commons
gubbalal-kere,1,"File:Gubbalala lake, Bangalore (2025) 01.jpg","https://commons.wikimedia.org/wiki/File:Gubbalala_lake,_Bangalore_(2025)_01.jpg",https://upload.wikimedia.org/wikipedia/commons/7/7d/Gubbalala_lake%2C_Bangalore_%282025%29_01.jpg,https://thumb.wikimedia.org/wikipedia/commons/thumb/7/7d/Gubbalala_lake%2C_Bangalore_%282025%29_01.jpg/960px-Gubbalala_lake%2C_Bangalore_%282025%29_01.jpg,4080,3072,Gpkp,CC BY-SA 4.0,https://creativecommons.org/licenses/by-sa/4.0,True,Gpkp / CC BY-SA 4.0 / Wikimedia Commons,2025-07-23,2025-07-23,12.88,77.54,False,True,commons
gubbalal-kere,2,"File:Gubbalala lake, Bangalore (2025) 06.jpg","https://commons.wikimedia.org/wiki/File:Gubbalala_lake,_Bangalore_(2025)_06.jpg",https://upload.wikimedia.org/wikipedia/commons/0/0d/Gubbalala_lake%2C_Bangalore_%282025%29_06.jpg,https://thumb.wikimedia.org/wikipedia/commons/thumb/0/0d/Gubbalala_lake%2C_Bangalore_%282025%29_06.jpg/960px-Gubbalala_lake%2C_Bangalore_%282025%29_06.jpg,4080,3072,Gpkp,CC BY-SA 4.0,https://creativecommons.org/licenses/by-sa/4.0,True,Gpkp / CC BY-SA 4.0 / Wikimedia Commons,2025-07-23,2025-07-23,12.880789,77.54198,False,True,commons
gubbalal-kere,3,"File:Gubbalala lake, Bangalore (2025) 07.jpg","https://commons.wikimedia.org/wiki/File:Gubbalala_lake,_Bangalore_(2025)_07.jpg",https://upload.wikimedia.org/wikipedia/commons/6/62/Gubbalala_lake%2C_Bangalore_%282025%29_07.jpg,https://thumb.wikimedia.org/wikipedia/commons/thumb/6/62/Gubbalala_lake%2C_Bangalore_%282025%29_07.jpg/960px-Gubbalala_lake%2C_Bangalore_%282025%29_07.jpg,4080,3072,Gpkp,CC BY-SA 4.0,https://creativecommons.org/licenses/by-sa/4.0,True,Gpkp / CC BY-SA 4.0 / Wikimedia Commons,2025-07-23,2025-07-23,12.881397,77.541635,False,True,commons
gubbalal-kere,4,"File:Gubbalala lake, Bangalore (2025) 08.jpg","https://commons.wikimedia.org/wiki/File:Gubbalala_lake,_Bangalore_(2025)_08.jpg",https://upload.wikimedia.org/wikipedia/commons/f/fa/Gubbalala_lake%2C_Bangalore_%282025%29_08.jpg,https://thumb.wikimedia.org/wikipedia/commons/thumb/f/fa/Gubbalala_lake%2C_Bangalore_%282025%29_08.jpg/960px-Gubbalala_lake%2C_Bangalore_%282025%29_08.jpg,4080,3072,Gpkp,CC BY-SA 4.0,https://creativecommons.org/licenses/by-sa/4.0,True,Gpkp / CC BY-SA 4.0 / Wikimedia Commons,2025-07-23,2025-07-23,12.88141,77.542251,False,True,commons
gubbalal-kere,5,"File:Gubbalala lake, Bangalore (2025) 09.jpg","https://commons.wikimedia.org/wiki/File:Gubbalala_lake,_Bangalore_(2025)_09.jpg",https://upload.wikimedia.org/wikipedia/commons/f/f1/Gubbalala_lake%2C_Bangalore_%282025%29_09.jpg,https://thumb.wikimedia.org/wikipedia/commons/thumb/f/f1/Gubbalala_lake%2C_Bangalore_%282025%29_09.jpg/960px-Gubbalala_lake%2C_Bangalore_%282025%29_09.jpg,4080,3072,Gpkp,CC BY-SA 4.0,https://creativecommons.org/licenses/by-sa/4.0,True,Gpkp / CC BY-SA 4.0 / Wikimedia Commons,2025-07-23,2025-07-23,12.881133,77.541999,False,True,commons
gubbalal-kere,6,"File:Gubbalala lake, Bangalore (2025) 10.jpg","https://commons.wikimedia.org/wiki/File:Gubbalala_lake,_Bangalore_(2025)_10.jpg",https://upload.wikimedia.org/wikipedia/commons/e/e8/Gubbalala_lake%2C_Bangalore_%282025%29_10.jpg,https://thumb.wikimedia.org/wikipedia/commons/thumb/e/e8/Gubbalala_lake%2C_Bangalore_%282025%29_10.jpg/960px-Gubbalala_lake%2C_Bangalore_%282025%29_10.jpg,4080,3072,Gpkp,CC BY-SA 4.0,https://creativecommons.org/licenses/by-sa/4.0,True,Gpkp / CC BY-SA 4.0 / Wikimedia Commons,2025-07-23,2025-07-23,12.880264,77.541883,False,True,commons
gubbalal-kere,7,"File:Gubbalala lake, Bangalore (2025) 11.jpg","https://commons.wikimedia.org/wiki/File:Gubbalala_lake,_Bangalore_(2025)_11.jpg",https://upload.wikimedia.org/wikipedia/commons/7/74/Gubbalala_lake%2C_Bangalore_%282025%29_11.jpg,https://thumb.wikimedia.org/wikipedia/commons/thumb/7/74/Gubbalala_lake%2C_Bangalore_%282025%29_11.jpg/960px-Gubbalala_lake%2C_Bangalore_%282025%29_11.jpg,4080,3072,Gpkp,CC BY-SA 4.0,https://creativecommons.org/licenses/by-sa/4.0,True,Gpkp / CC BY-SA 4.0 / Wikimedia Commons,2025-07-23,2025-07-23,12.881437,77.541719,False,True,commons
gubbalal-kere,8,"File:Gubbalala lake, Bangalore (2025) 02.jpg","https://commons.wikimedia.org/wiki/File:Gubbalala_lake,_Bangalore_(2025)_02.jpg",https://upload.wikimedia.org/wikipedia/commons/7/79/Gubbalala_lake%2C_Bangalore_%282025%29_02.jpg,https://thumb.wikimedia.org/wikipedia/commons/thumb/7/79/Gubbalala_lake%2C_Bangalore_%282025%29_02.jpg/960px-Gubbalala_lake%2C_Bangalore_%282025%29_02.jpg,3264,2448,Gpkp,CC BY-SA 4.0,https://creativecommons.org/licenses/by-sa/4.0,True,Gpkp / CC BY-SA 4.0 / Wikimedia Commons,2025-07-23,2025-07-23,12.881222,77.541046,False,True,commons
gubbalal-kere,9,"File:Gubbalala lake, Bangalore (2025) 03.jpg","https://commons.wikimedia.org/wiki/File:Gubbalala_lake,_Bangalore_(2025)_03.jpg",https://upload.wikimedia.org/wikipedia/commons/3/37/Gubbalala_lake%2C_Bangalore_%282025%29_03.jpg,https://thumb.wikimedia.org/wikipedia/commons/thumb/3/37/Gubbalala_lake%2C_Bangalore_%282025%29_03.jpg/960px-Gubbalala_lake%2C_Bangalore_%282025%29_03.jpg,3264,2448,Gpkp,CC BY-SA 4.0,https://creativecommons.org/licenses/by-sa/4.0,True,Gpkp / CC BY-SA 4.0 / Wikimedia Commons,2025-07-23,2025-07-23,12.879684,77.540267,False,True,commons
gubbalal-kere,10,"File:Gubbalala lake, Bangalore (2025) 04.jpg","https://commons.wikimedia.org/wiki/File:Gubbalala_lake,_Bangalore_(2025)_04.jpg",https://upload.wikimedia.org/wikipedia/commons/5/54/Gubbalala_lake%2C_Bangalore_%282025%29_04.jpg,https://thumb.wikimedia.org/wikipedia/commons/thumb/5/54/Gubbalala_lake%2C_Bangalore_%282025%29_04.jpg/960px-Gubbalala_lake%2C_Bangalore_%282025%29_04.jpg,3264,2448,Gpkp,CC BY-SA 4.0,https://creativecommons.org/licenses/by-sa/4.0,True,Gpkp / CC BY-SA 4.0 / Wikimedia Commons,2025-07-23,2025-07-23,12.879732,77.542035,False,True,commons
gubbalal-kere,11,"File:Gubbalala lake, Bangalore (2025) 05.jpg","https://commons.wikimedia.org/wiki/File:Gubbalala_lake,_Bangalore_(2025)_05.jpg",https://upload.wikimedia.org/wikipedia/commons/5/51/Gubbalala_lake%2C_Bangalore_%282025%29_05.jpg,https://thumb.wikimedia.org/wikipedia/commons/thumb/5/51/Gubbalala_lake%2C_Bangalore_%282025%29_05.jpg/960px-Gubbalala_lake%2C_Bangalore_%282025%29_05.jpg,3264,2448,Gpkp,CC BY-SA 4.0,https://creativecommons.org/licenses/by-sa/4.0,True,Gpkp / CC BY-SA 4.0 / Wikimedia Commons,2025-07-23,2025-07-23,12.879729,77.542033,False,True,commons
gubbalal-kere,12,"File:Gubbalala lake, Bangalore (2025) 12.jpg","https://commons.wikimedia.org/wiki/File:Gubbalala_lake,_Bangalore_(2025)_12.jpg",https://upload.wikimedia.org/wikipedia/commons/d/d1/Gubbalala_lake%2C_Bangalore_%282025%29_12.jpg,https://thumb.wikimedia.org/wikipedia/commons/thumb/d/d1/Gubbalala_lake%2C_Bangalore_%282025%29_12.jpg/960px-Gubbalala_lake%2C_Bangalore_%282025%29_12.jpg,3264,2448,Gpkp,CC BY-SA 4.0,https://creativecommons.org/licenses/by-sa/4.0,True,Gpkp / CC BY-SA 4.0 / Wikimedia Commons,2025-07-23,2025-07-23,12.881249,77.54227,False,True,commons
halagevaderahalli-kere-2,1,"File:Halagevaderhalli lake, Bangalore (2025) 01.jpg","https://commons.wikimedia.org/wiki/File:Halagevaderhalli_lake,_Bangalore_(2025)_01.jpg",https://upload.wikimedia.org/wikipedia/commons/3/3f/Halagevaderhalli_lake%2C_Bangalore_%282025%29_01.jpg,https://thumb.wikimedia.org/wikipedia/commons/thumb/3/3f/Halagevaderhalli_lake%2C_Bangalore_%282025%29_01.jpg/960px-Halagevaderhalli_lake%2C_Bangalore_%282025%29_01.jpg,4080,3072,Gpkp,CC BY-SA 4.0,https://creativecommons.org/licenses/by-sa/4.0,True,Gpkp / CC BY-SA 4.0 / Wikimedia Commons,2025-06-16,2025-06-17,12.92501,77.514257,False,True,commons
halagevaderahalli-kere-2,2,"File:Halagevaderhalli lake, Bangalore (2025) 02.jpg","https://commons.wikimedia.org/wiki/File:Halagevaderhalli_lake,_Bangalore_(2025)_02.jpg",https://upload.wikimedia.org/wikipedia/commons/0/08/Halagevaderhalli_lake%2C_Bangalore_%282025%29_02.jpg,https://thumb.wikimedia.org/wikipedia/commons/thumb/0/08/Halagevaderhalli_lake%2C_Bangalore_%282025%29_02.jpg/960px-Halagevaderhalli_lake%2C_Bangalore_%282025%29_02.jpg,4080,3072,Gpkp,CC BY-SA 4.0,https://creativecommons.org/licenses/by-sa/4.0,True,Gpkp / CC BY-SA 4.0 / Wikimedia Commons,2025-06-16,2025-06-17,12.925047,77.514537,False,True,commons
halagevaderahalli-kere-2,3,"File:Halagevaderhalli lake, Bangalore (2025) 03.jpg","https://commons.wikimedia.org/wiki/File:Halagevaderhalli_lake,_Bangalore_(2025)_03.jpg",https://upload.wikimedia.org/wikipedia/commons/3/35/Halagevaderhalli_lake%2C_Bangalore_%282025%29_03.jpg,https://thumb.wikimedia.org/wikipedia/commons/thumb/3/35/Halagevaderhalli_lake%2C_Bangalore_%282025%29_03.jpg/960px-Halagevaderhalli_lake%2C_Bangalore_%282025%29_03.jpg,4080,3072,Gpkp,CC BY-SA 4.0,https://creativecommons.org/licenses/by-sa/4.0,True,Gpkp / CC BY-SA 4.0 / Wikimedia Commons,2025-06-16,2025-06-17,12.925047,77.514537,False,True,commons
halagevaderahalli-kere-2,4,"File:Halagevaderhalli lake, Bangalore (2025) 04.jpg","https://commons.wikimedia.org/wiki/File:Halagevaderhalli_lake,_Bangalore_(2025)_04.jpg",https://upload.wikimedia.org/wikipedia/commons/5/50/Halagevaderhalli_lake%2C_Bangalore_%282025%29_04.jpg,https://thumb.wikimedia.org/wikipedia/commons/thumb/5/50/Halagevaderhalli_lake%2C_Bangalore_%282025%29_04.jpg/960px-Halagevaderhalli_lake%2C_Bangalore_%282025%29_04.jpg,4080,3072,Gpkp,CC BY-SA 4.0,https://creativecommons.org/licenses/by-sa/4.0,True,Gpkp / CC BY-SA 4.0 / Wikimedia Commons,2025-06-16,2025-06-17,12.925072,77.51479,False,True,commons
halagevaderahalli-kere-2,5,"File:Halagevaderhalli lake, Bangalore (2025) 06.jpg","https://commons.wikimedia.org/wiki/File:Halagevaderhalli_lake,_Bangalore_(2025)_06.jpg",https://upload.wikimedia.org/wikipedia/commons/5/51/Halagevaderhalli_lake%2C_Bangalore_%282025%29_06.jpg,https://thumb.wikimedia.org/wikipedia/commons/thumb/5/51/Halagevaderhalli_lake%2C_Bangalore_%282025%29_06.jpg/960px-Halagevaderhalli_lake%2C_Bangalore_%282025%29_06.jpg,4080,3072,Gpkp,CC BY-SA 4.0,https://creativecommons.org/licenses/by-sa/4.0,True,Gpkp / CC BY-SA 4.0 / Wikimedia Commons,2025-06-16,2025-06-17,12.924966,77.514195,False,True,commons
halagevaderahalli-kere-2,6,"File:Halagevaderhalli lake, Bangalore (2025) 07.jpg","https://commons.wikimedia.org/wiki/File:Halagevaderhalli_lake,_Bangalore_(2025)_07.jpg",https://upload.wikimedia.org/wikipedia/commons/c/cc/Halagevaderhalli_lake%2C_Bangalore_%282025%29_07.jpg,https://thumb.wikimedia.org/wikipedia/commons/thumb/c/cc/Halagevaderhalli_lake%2C_Bangalore_%282025%29_07.jpg/960px-Halagevaderhalli_lake%2C_Bangalore_%282025%29_07.jpg,4080,3072,Gpkp,CC BY-SA 4.0,https://creativecommons.org/licenses/by-sa/4.0,True,Gpkp / CC BY-SA 4.0 / Wikimedia Commons,2025-06-16,2025-06-17,12.924966,77.514195,False,True,commons
halagevaderahalli-kere-2,7,"File:Halagevaderhalli lake, Bangalore (2025) 10.jpg","https://commons.wikimedia.org/wiki/File:Halagevaderhalli_lake,_Bangalore_(2025)_10.jpg",https://upload.wikimedia.org/wikipedia/commons/a/aa/Halagevaderhalli_lake%2C_Bangalore_%282025%29_10.jpg,https://thumb.wikimedia.org/wikipedia/commons/thumb/a/aa/Halagevaderhalli_lake%2C_Bangalore_%282025%29_10.jpg/960px-Halagevaderhalli_lake%2C_Bangalore_%282025%29_10.jpg,4080,3072,Gpkp,CC BY-SA 4.0,https://creativecommons.org/licenses/by-sa/4.0,True,Gpkp / CC BY-SA 4.0 / Wikimedia Commons,2025-06-16,2025-06-17,12.924226,77.51558,False,True,commons
halagevaderahalli-kere-2,8,"File:Halagevaderhalli lake, Bangalore (2025) 11.jpg","https://commons.wikimedia.org/wiki/File:Halagevaderhalli_lake,_Bangalore_(2025)_11.jpg",https://upload.wikimedia.org/wikipedia/commons/9/90/Halagevaderhalli_lake%2C_Bangalore_%282025%29_11.jpg,https://thumb.wikimedia.org/wikipedia/commons/thumb/9/90/Halagevaderhalli_lake%2C_Bangalore_%282025%29_11.jpg/960px-Halagevaderhalli_lake%2C_Bangalore_%282025%29_11.jpg,4080,3072,Gpkp,CC BY-SA 4.0,https://creativecommons.org/licenses/by-sa/4.0,True,Gpkp / CC BY-SA 4.0 / Wikimedia Commons,2025-06-16,2025-06-17,12.924226,77.51558,False,True,commons
halagevaderahalli-kere-2,9,"File:Halagevaderhalli lake, Bangalore (2025) 17.jpg","https://commons.wikimedia.org/wiki/File:Halagevaderhalli_lake,_Bangalore_(2025)_17.jpg",https://upload.wikimedia.org/wikipedia/commons/b/bc/Halagevaderhalli_lake%2C_Bangalore_%282025%29_17.jpg,https://thumb.wikimedia.org/wikipedia/commons/thumb/b/bc/Halagevaderhalli_lake%2C_Bangalore_%282025%29_17.jpg/960px-Halagevaderhalli_lake%2C_Bangalore_%282025%29_17.jpg,4080,3072,Gpkp,CC BY-SA 4.0,https://creativecommons.org/licenses/by-sa/4.0,True,Gpkp / CC BY-SA 4.0 / Wikimedia Commons,2025-06-16,2025-06-17,12.923521,77.515884,False,True,commons
halagevaderahalli-kere-2,10,"File:Halagevaderhalli lake, Bangalore (2025) 20.jpg","https://commons.wikimedia.org/wiki/File:Halagevaderhalli_lake,_Bangalore_(2025)_20.jpg",https://upload.wikimedia.org/wikipedia/commons/a/a6/Halagevaderhalli_lake%2C_Bangalore_%282025%29_20.jpg,https://thumb.wikimedia.org/wikipedia/commons/thumb/a/a6/Halagevaderhalli_lake%2C_Bangalore_%282025%29_20.jpg/960px-Halagevaderhalli_lake%2C_Bangalore_%282025%29_20.jpg,4080,3072,Gpkp,CC BY-SA 4.0,https://creativecommons.org/licenses/by-sa/4.0,True,Gpkp / CC BY-SA 4.0 / Wikimedia Commons,2025-06-16,2025-06-17,12.922536,77.515789,False,True,commons
halagevaderahalli-kere-2,11,"File:Halagevaderhalli lake, Bangalore (2025) 22.jpg","https://commons.wikimedia.org/wiki/File:Halagevaderhalli_lake,_Bangalore_(2025)_22.jpg",https://upload.wikimedia.org/wikipedia/commons/0/06/Halagevaderhalli_lake%2C_Bangalore_%282025%29_22.jpg,https://thumb.wikimedia.org/wikipedia/commons/thumb/0/06/Halagevaderhalli_lake%2C_Bangalore_%282025%29_22.jpg/960px-Halagevaderhalli_lake%2C_Bangalore_%282025%29_22.jpg,4080,3072,Gpkp,CC BY-SA 4.0,https://creativecommons.org/licenses/by-sa/4.0,True,Gpkp / CC BY-SA 4.0 / Wikimedia Commons,2025-06-16,2025-06-17,12.923037,77.514747,False,True,commons
halagevaderahalli-kere-2,12,"File:Halagevaderhalli lake, Bangalore (2025) 24.jpg","https://commons.wikimedia.org/wiki/File:Halagevaderhalli_lake,_Bangalore_(2025)_24.jpg",https://upload.wikimedia.org/wikipedia/commons/f/f9/Halagevaderhalli_lake%2C_Bangalore_%282025%29_24.jpg,https://thumb.wikimedia.org/wikipedia/commons/thumb/f/f9/Halagevaderhalli_lake%2C_Bangalore_%282025%29_24.jpg/960px-Halagevaderhalli_lake%2C_Bangalore_%282025%29_24.jpg,4080,3072,Gpkp,CC BY-SA 4.0,https://creativecommons.org/licenses/by-sa/4.0,True,Gpkp / CC BY-SA 4.0 / Wikimedia Commons,2025-06-16,2025-06-17,12.922914,77.514226,False,True,commons
hebbal-lake,1,File:Hebbal MS-012 5 1 3 15 J 0026.jpg,https://commons.wikimedia.org/wiki/File:Hebbal_MS-012_5_1_3_15_J_0026.jpg,https://upload.wikimedia.org/wikipedia/commons/4/4f/Hebbal_MS-012_5_1_3_15_J_0026.jpg,https://thumb.wikimedia.org/wikipedia/commons/thumb/4/4f/Hebbal_MS-012_5_1_3_15_J_0026.jpg/960px-Hebbal_MS-012_5_1_3_15_J_0026.jpg,4749,3411,Unknown,Public domain,,False,Unknown / Public domain / Wikimedia Commons,1930-00-00,2023-07-10,13.0428,77.5902,True,True,commons
hebbal-lake,2,File:Bloomed.JPG,https://commons.wikimedia.org/wiki/File:Bloomed.JPG,https://upload.wikimedia.org/wikipedia/commons/8/8d/Bloomed.JPG,https://thumb.wikimedia.org/wikipedia/commons/thumb/8/8d/Bloomed.JPG/960px-Bloomed.JPG,4000,3000,S N Barid,CC BY-SA 4.0,https://creativecommons.org/licenses/by-sa/4.0,True,S N Barid / CC BY-SA 4.0 / Wikimedia Commons,2014-10-18,2015-02-20,,,True,True,commons
hebbal-lake,3,File:Hebbal lake water.jpg,https://commons.wikimedia.org/wiki/File:Hebbal_lake_water.jpg,https://upload.wikimedia.org/wikipedia/commons/6/69/Hebbal_lake_water.jpg,https://thumb.wikimedia.org/wikipedia/commons/thumb/6/69/Hebbal_lake_water.jpg/960px-Hebbal_lake_water.jpg,3888,2368,Shruti.morabad,CC BY-SA 4.0,https://creativecommons.org/licenses/by-sa/4.0,True,Shruti.morabad / CC BY-SA 4.0 / Wikimedia Commons,2016-11-20,2017-06-30,13.045462,77.584057,True,True,commons
hebbal-lake,4,File:Hebbal lake.jpg,https://commons.wikimedia.org/wiki/File:Hebbal_lake.jpg,https://upload.wikimedia.org/wikipedia/commons/f/f8/Hebbal_lake.jpg,https://thumb.wikimedia.org/wikipedia/commons/thumb/f/f8/Hebbal_lake.jpg/960px-Hebbal_lake.jpg,3264,2448,Bharath maraboina123,CC BY-SA 4.0,https://creativecommons.org/licenses/by-sa/4.0,True,Bharath maraboina123 / CC BY-SA 4.0 / Wikimedia Commons,2013-12-29,2016-06-17,,,True,True,commons
hebbal-lake,5,"File:Hebbal Lake, Bangalore.jpeg","https://commons.wikimedia.org/wiki/File:Hebbal_Lake,_Bangalore.jpeg",https://upload.wikimedia.org/wikipedia/commons/a/aa/Hebbal_Lake%2C_Bangalore.jpeg,https://thumb.wikimedia.org/wikipedia/commons/thumb/a/aa/Hebbal_Lake%2C_Bangalore.jpeg/960px-Hebbal_Lake%2C_Bangalore.jpeg,2448,3264,User:Visdaviva,CC BY-SA 3.0,https://creativecommons.org/licenses/by-sa/3.0,True,User:Visdaviva / CC BY-SA 3.0 / Wikimedia Commons,2013,2013-04-28,,,True,True,commons
hebbal-lake,6,File:HebbalLake1.jpg,https://commons.wikimedia.org/wiki/File:HebbalLake1.jpg,https://upload.wikimedia.org/wikipedia/commons/5/56/HebbalLake1.jpg,https://thumb.wikimedia.org/wikipedia/commons/thumb/5/56/HebbalLake1.jpg/960px-HebbalLake1.jpg,3264,2448,कोल्हापुरी,CC BY 3.0,https://creativecommons.org/licenses/by/3.0,True,कोल्हापुरी / CC BY 3.0 / Wikimedia Commons,2011,2012-03-02,,,True,True,commons
hebbal-lake,7,File:Hebbal lake water2.jpg,https://commons.wikimedia.org/wiki/File:Hebbal_lake_water2.jpg,https://upload.wikimedia.org/wikipedia/commons/1/1f/Hebbal_lake_water2.jpg,https://thumb.wikimedia.org/wikipedia/commons/thumb/1/1f/Hebbal_lake_water2.jpg/960px-Hebbal_lake_water2.jpg,3624,2104,Shruti.morabad,CC BY-SA 4.0,https://creativecommons.org/licenses/by-sa/4.0,True,Shruti.morabad / CC BY-SA 4.0 / Wikimedia Commons,2016-11-20,2017-06-30,,,True,True,commons
hebbal-lake,8,File:Hebbal Lake 2008.jpg,https://commons.wikimedia.org/wiki/File:Hebbal_Lake_2008.jpg,https://upload.wikimedia.org/wikipedia/commons/d/d2/Hebbal_Lake_2008.jpg,https://thumb.wikimedia.org/wikipedia/commons/thumb/d/d2/Hebbal_Lake_2008.jpg/960px-Hebbal_Lake_2008.jpg,3008,2000,Nagesh Kamath,CC BY-SA 2.0,https://creativecommons.org/licenses/by-sa/2.0,True,Nagesh Kamath / CC BY-SA 2.0 / Wikimedia Commons,2008-02-03,2022-11-20,13.04525,77.586114,True,True,commons
hebbal-lake,9,File:Hebbal lake view2.jpg,https://commons.wikimedia.org/wiki/File:Hebbal_lake_view2.jpg,https://upload.wikimedia.org/wikipedia/commons/9/91/Hebbal_lake_view2.jpg,https://thumb.wikimedia.org/wikipedia/commons/thumb/9/91/Hebbal_lake_view2.jpg/960px-Hebbal_lake_view2.jpg,1744,2320,Shruti.morabad,CC BY-SA 4.0,https://creativecommons.org/licenses/by-sa/4.0,True,Shruti.morabad / CC BY-SA 4.0 / Wikimedia Commons,2016-11-20,2017-06-30,13.046153,77.582965,True,True,commons
hebbal-lake,10,File:Hebbal lake view.jpg,https://commons.wikimedia.org/wiki/File:Hebbal_lake_view.jpg,https://upload.wikimedia.org/wikipedia/commons/4/44/Hebbal_lake_view.jpg,https://thumb.wikimedia.org/wikipedia/commons/thumb/4/44/Hebbal_lake_view.jpg/960px-Hebbal_lake_view.jpg,2320,1632,Shruti.morabad,CC BY-SA 4.0,https://creativecommons.org/licenses/by-sa/4.0,True,Shruti.morabad / CC BY-SA 4.0 / Wikimedia Commons,2016-11-20,2017-06-30,13.046153,77.582965,True,True,commons
hebbal-lake,11,"File:Birds of Hebbal Lake, Bangalore.jpg","https://commons.wikimedia.org/wiki/File:Birds_of_Hebbal_Lake,_Bangalore.jpg",https://upload.wikimedia.org/wikipedia/commons/d/d3/Birds_of_Hebbal_Lake%2C_Bangalore.jpg,https://thumb.wikimedia.org/wikipedia/commons/thumb/d/d3/Birds_of_Hebbal_Lake%2C_Bangalore.jpg/960px-Birds_of_Hebbal_Lake%2C_Bangalore.jpg,1829,1220,Nagesh Kamath,CC BY-SA 2.0,https://creativecommons.org/licenses/by-sa/2.0,True,Nagesh Kamath / CC BY-SA 2.0 / Wikimedia Commons,2008-02-03,2022-11-20,13.044142,77.586865,True,True,commons
hebbal-lake,12,File:KigeliaPinnataFlower.jpg,https://commons.wikimedia.org/wiki/File:KigeliaPinnataFlower.jpg,https://upload.wikimedia.org/wikipedia/commons/6/67/KigeliaPinnataFlower.jpg,https://thumb.wikimedia.org/wikipedia/commons/thumb/6/67/KigeliaPinnataFlower.jpg/960px-KigeliaPinnataFlower.jpg,1024,1365,L. Shyamal,CC BY 3.0,https://creativecommons.org/licenses/by/3.0,True,L. Shyamal / CC BY 3.0 / Wikimedia Commons,2009-04-08,2009-04-15,,,True,True,commons
hesaraghatta-lake,1,File:Flora IMG 4442.jpg,https://commons.wikimedia.org/wiki/File:Flora_IMG_4442.jpg,https://upload.wikimedia.org/wikipedia/commons/6/65/Flora_IMG_4442.jpg,https://thumb.wikimedia.org/wikipedia/commons/thumb/6/65/Flora_IMG_4442.jpg/960px-Flora_IMG_4442.jpg,5202,3465,Firos AK,CC BY-SA 4.0,https://creativecommons.org/licenses/by-sa/4.0,True,Firos AK / CC BY-SA 4.0 / Wikimedia Commons,2018-07-29,2018-08-25,13.143564,77.483992,True,True,commons
hesaraghatta-lake,2,File:Hessarghatta pump tower.jpg,https://commons.wikimedia.org/wiki/File:Hessarghatta_pump_tower.jpg,https://upload.wikimedia.org/wikipedia/commons/7/7b/Hessarghatta_pump_tower.jpg,https://thumb.wikimedia.org/wikipedia/commons/thumb/7/7b/Hessarghatta_pump_tower.jpg/960px-Hessarghatta_pump_tower.jpg,3120,4160,Shyamal,CC BY-SA 4.0,https://creativecommons.org/licenses/by-sa/4.0,True,Shyamal / CC BY-SA 4.0 / Wikimedia Commons,2020,2020-11-27,,,True,True,commons
hesaraghatta-lake,3,File:Hesaraghatta Lake 7Sep2017.jpg,https://commons.wikimedia.org/wiki/File:Hesaraghatta_Lake_7Sep2017.jpg,https://upload.wikimedia.org/wikipedia/commons/0/03/Hesaraghatta_Lake_7Sep2017.jpg,https://thumb.wikimedia.org/wikipedia/commons/thumb/0/03/Hesaraghatta_Lake_7Sep2017.jpg/960px-Hesaraghatta_Lake_7Sep2017.jpg,4160,3120,Gutam2000,CC BY-SA 4.0,https://creativecommons.org/licenses/by-sa/4.0,True,Gutam2000 / CC BY-SA 4.0 / Wikimedia Commons,2017-09-07,2017-09-07,13.141682,77.48962,True,True,commons
hesaraghatta-lake,4,File:Black winged Stilt at Hesaraghatta.jpg,https://commons.wikimedia.org/wiki/File:Black_winged_Stilt_at_Hesaraghatta.jpg,https://upload.wikimedia.org/wikipedia/commons/6/62/Black_winged_Stilt_at_Hesaraghatta.jpg,https://thumb.wikimedia.org/wikipedia/commons/thumb/6/62/Black_winged_Stilt_at_Hesaraghatta.jpg/960px-Black_winged_Stilt_at_Hesaraghatta.jpg,4798,2699,Sagar,CC BY 2.0,https://creativecommons.org/licenses/by/2.0,True,Sagar / CC BY 2.0 / Wikimedia Commons,2019-12-01,2022-11-20,13.159223,77.493267,True,True,commons
hesaraghatta-lake,5,File:Rock textures Hessarghatta (34444).jpg,https://commons.wikimedia.org/wiki/File:Rock_textures_Hessarghatta_(34444).jpg,https://upload.wikimedia.org/wikipedia/commons/f/fe/Rock_textures_Hessarghatta_%2834444%29.jpg,https://thumb.wikimedia.org/wikipedia/commons/thumb/f/fe/Rock_textures_Hessarghatta_%2834444%29.jpg/960px-Rock_textures_Hessarghatta_%2834444%29.jpg,4000,3000,Shyamal,CC BY 3.0,https://creativecommons.org/licenses/by/3.0,True,Shyamal / CC BY 3.0 / Wikimedia Commons,2026,2026-04-20,,,True,True,commons
hesaraghatta-lake,6,File:Rock textures Hessarghatta (46638).jpg,https://commons.wikimedia.org/wiki/File:Rock_textures_Hessarghatta_(46638).jpg,https://upload.wikimedia.org/wikipedia/commons/5/59/Rock_textures_Hessarghatta_%2846638%29.jpg,https://thumb.wikimedia.org/wikipedia/commons/thumb/5/59/Rock_textures_Hessarghatta_%2846638%29.jpg/960px-Rock_textures_Hessarghatta_%2846638%29.jpg,4000,3000,Shyamal,CC BY 3.0,https://creativecommons.org/licenses/by/3.0,True,Shyamal / CC BY 3.0 / Wikimedia Commons,2026,2026-04-20,,,True,True,commons
hesaraghatta-lake,7,File:Rock textures Hessarghatta (60541).jpg,https://commons.wikimedia.org/wiki/File:Rock_textures_Hessarghatta_(60541).jpg,https://upload.wikimedia.org/wikipedia/commons/f/f9/Rock_textures_Hessarghatta_%2860541%29.jpg,https://thumb.wikimedia.org/wikipedia/commons/thumb/f/f9/Rock_textures_Hessarghatta_%2860541%29.jpg/960px-Rock_textures_Hessarghatta_%2860541%29.jpg,4000,3000,Shyamal,CC BY 3.0,https://creativecommons.org/licenses/by/3.0,True,Shyamal / CC BY 3.0 / Wikimedia Commons,2026,2026-04-20,,,True,True,commons
hesaraghatta-lake,8,File:Rock textures Hessarghatta.jpg,https://commons.wikimedia.org/wiki/File:Rock_textures_Hessarghatta.jpg,https://upload.wikimedia.org/wikipedia/commons/7/73/Rock_textures_Hessarghatta.jpg,https://thumb.wikimedia.org/wikipedia/commons/thumb/7/73/Rock_textures_Hessarghatta.jpg/960px-Rock_textures_Hessarghatta.jpg,3000,4000,Shyamal,CC BY 3.0,https://creativecommons.org/licenses/by/3.0,True,Shyamal / CC BY 3.0 / Wikimedia Commons,2026,2026-04-20,,,True,True,commons
hesaraghatta-lake,9,File:Hessarghatta pump tower 2.jpg,https://commons.wikimedia.org/wiki/File:Hessarghatta_pump_tower_2.jpg,https://upload.wikimedia.org/wikipedia/commons/7/73/Hessarghatta_pump_tower_2.jpg,https://thumb.wikimedia.org/wikipedia/commons/thumb/7/73/Hessarghatta_pump_tower_2.jpg/960px-Hessarghatta_pump_tower_2.jpg,3000,3000,Shyamal,CC BY-SA 4.0,https://creativecommons.org/licenses/by-sa/4.0,True,Shyamal / CC BY-SA 4.0 / Wikimedia Commons,2022,2022-11-28,,,True,True,commons
hesaraghatta-lake,10,File:Hesarghatta Lake Pump House.jpg,https://commons.wikimedia.org/wiki/File:Hesarghatta_Lake_Pump_House.jpg,https://upload.wikimedia.org/wikipedia/commons/1/1e/Hesarghatta_Lake_Pump_House.jpg,https://thumb.wikimedia.org/wikipedia/commons/thumb/1/1e/Hesarghatta_Lake_Pump_House.jpg/960px-Hesarghatta_Lake_Pump_House.jpg,4000,1840,Gutam2000,CC BY-SA 4.0,https://creativecommons.org/licenses/by-sa/4.0,True,Gutam2000 / CC BY-SA 4.0 / Wikimedia Commons,2022-09-24,2022-09-24,,,True,True,commons
hesaraghatta-lake,11,File:HessarghattaAqueduct.jpg,https://commons.wikimedia.org/wiki/File:HessarghattaAqueduct.jpg,https://upload.wikimedia.org/wikipedia/commons/b/b9/HessarghattaAqueduct.jpg,https://thumb.wikimedia.org/wikipedia/commons/thumb/b/b9/HessarghattaAqueduct.jpg/960px-HessarghattaAqueduct.jpg,2048,1536,Shyamal,CC BY 3.0,https://creativecommons.org/licenses/by/3.0,True,Shyamal / CC BY 3.0 / Wikimedia Commons,2009-02,2009-03-28,,,True,True,commons
hesaraghatta-lake,12,File:Hessarghatta Lake (50935033071).jpg,https://commons.wikimedia.org/wiki/File:Hessarghatta_Lake_(50935033071).jpg,https://upload.wikimedia.org/wikipedia/commons/b/bb/Hessarghatta_Lake_%2850935033071%29.jpg,https://thumb.wikimedia.org/wikipedia/commons/thumb/b/bb/Hessarghatta_Lake_%2850935033071%29.jpg/960px-Hessarghatta_Lake_%2850935033071%29.jpg,2048,1152,"Mike Prince from Bangalore, India",CC BY 2.0,https://creativecommons.org/licenses/by/2.0,True,"Mike Prince from Bangalore, India / CC BY 2.0 / Wikimedia Commons",2020-12-22,2021-11-09,,,True,True,commons
horamavu-agara,1,File:Horamavu Agara (43989186571).jpg,https://commons.wikimedia.org/wiki/File:Horamavu_Agara_(43989186571).jpg,https://upload.wikimedia.org/wikipedia/commons/0/00/Horamavu_Agara_%2843989186571%29.jpg,https://thumb.wikimedia.org/wikipedia/commons/thumb/0/00/Horamavu_Agara_%2843989186571%29.jpg/960px-Horamavu_Agara_%2843989186571%29.jpg,2048,1536,"Mike Prince from Bangalore, India",CC BY 2.0,https://creativecommons.org/licenses/by/2.0,True,"Mike Prince from Bangalore, India / CC BY 2.0 / Wikimedia Commons",2018-08-12,2021-11-09,13.037797,77.658936,False,True,commons
hosahalli-kere,1,File:Billanakote Lake.jpg,https://commons.wikimedia.org/wiki/File:Billanakote_Lake.jpg,https://upload.wikimedia.org/wikipedia/commons/b/b2/Billanakote_Lake.jpg,https://thumb.wikimedia.org/wikipedia/commons/thumb/b/b2/Billanakote_Lake.jpg/960px-Billanakote_Lake.jpg,3000,3000,L. Shyamal,CC0,http://creativecommons.org/publicdomain/zero/1.0/deed.en,False,L. Shyamal / CC0 / Wikimedia Commons,2022-02-03,2022-02-06,13.201842,77.270052,False,True,commons
hosakerehalli-kere,1,File:Hosakerehalli lake (2024) 01.jpg,https://commons.wikimedia.org/wiki/File:Hosakerehalli_lake_(2024)_01.jpg,https://upload.wikimedia.org/wikipedia/commons/b/b2/Hosakerehalli_lake_%282024%29_01.jpg,https://thumb.wikimedia.org/wikipedia/commons/thumb/b/b2/Hosakerehalli_lake_%282024%29_01.jpg/960px-Hosakerehalli_lake_%282024%29_01.jpg,4080,3072,Gpkp,CC BY-SA 4.0,https://creativecommons.org/licenses/by-sa/4.0,True,Gpkp / CC BY-SA 4.0 / Wikimedia Commons,2024-09-19,2024-09-19,12.927315,77.535405,False,True,commons
hosakerehalli-kere,2,File:Hosakerehalli lake (2024) 02.jpg,https://commons.wikimedia.org/wiki/File:Hosakerehalli_lake_(2024)_02.jpg,https://upload.wikimedia.org/wikipedia/commons/8/8b/Hosakerehalli_lake_%282024%29_02.jpg,https://thumb.wikimedia.org/wikipedia/commons/thumb/8/8b/Hosakerehalli_lake_%282024%29_02.jpg/960px-Hosakerehalli_lake_%282024%29_02.jpg,4080,3072,Gpkp,CC BY-SA 4.0,https://creativecommons.org/licenses/by-sa/4.0,True,Gpkp / CC BY-SA 4.0 / Wikimedia Commons,2024-09-19,2024-09-19,12.925444,77.537375,False,True,commons
hosakerehalli-kere,3,File:Hosakerehalli lake (2024) 03.jpg,https://commons.wikimedia.org/wiki/File:Hosakerehalli_lake_(2024)_03.jpg,https://upload.wikimedia.org/wikipedia/commons/b/bf/Hosakerehalli_lake_%282024%29_03.jpg,https://thumb.wikimedia.org/wikipedia/commons/thumb/b/bf/Hosakerehalli_lake_%282024%29_03.jpg/960px-Hosakerehalli_lake_%282024%29_03.jpg,4080,3072,Gpkp,CC BY-SA 4.0,https://creativecommons.org/licenses/by-sa/4.0,True,Gpkp / CC BY-SA 4.0 / Wikimedia Commons,2024-09-19,2024-09-19,12.925444,77.537375,False,True,commons
hosakerehalli-kere,4,File:Hosakerehalli lake (2024) 04.jpg,https://commons.wikimedia.org/wiki/File:Hosakerehalli_lake_(2024)_04.jpg,https://upload.wikimedia.org/wikipedia/commons/8/87/Hosakerehalli_lake_%282024%29_04.jpg,https://thumb.wikimedia.org/wikipedia/commons/thumb/8/87/Hosakerehalli_lake_%282024%29_04.jpg/960px-Hosakerehalli_lake_%282024%29_04.jpg,4080,3072,Gpkp,CC BY-SA 4.0,https://creativecommons.org/licenses/by-sa/4.0,True,Gpkp / CC BY-SA 4.0 / Wikimedia Commons,2024-09-19,2024-09-19,12.925444,77.537375,False,True,commons
hosakerehalli-kere,5,File:Hosakerehalli lake (2024) 06.jpg,https://commons.wikimedia.org/wiki/File:Hosakerehalli_lake_(2024)_06.jpg,https://upload.wikimedia.org/wikipedia/commons/1/18/Hosakerehalli_lake_%282024%29_06.jpg,https://thumb.wikimedia.org/wikipedia/commons/thumb/1/18/Hosakerehalli_lake_%282024%29_06.jpg/960px-Hosakerehalli_lake_%282024%29_06.jpg,4080,3072,Gpkp,CC BY-SA 4.0,https://creativecommons.org/licenses/by-sa/4.0,True,Gpkp / CC BY-SA 4.0 / Wikimedia Commons,2024-09-19,2024-09-19,12.924578,77.532751,False,True,commons
hosakerehalli-kere,6,File:Hosakerehalli lake (2024) 07.jpg,https://commons.wikimedia.org/wiki/File:Hosakerehalli_lake_(2024)_07.jpg,https://upload.wikimedia.org/wikipedia/commons/a/ae/Hosakerehalli_lake_%282024%29_07.jpg,https://thumb.wikimedia.org/wikipedia/commons/thumb/a/ae/Hosakerehalli_lake_%282024%29_07.jpg/960px-Hosakerehalli_lake_%282024%29_07.jpg,4080,3072,Gpkp,CC BY-SA 4.0,https://creativecommons.org/licenses/by-sa/4.0,True,Gpkp / CC BY-SA 4.0 / Wikimedia Commons,2024-09-19,2024-09-19,12.924578,77.532751,False,True,commons
hosakerehalli-kere,7,File:Hosakerehalli lake (2024) 08.jpg,https://commons.wikimedia.org/wiki/File:Hosakerehalli_lake_(2024)_08.jpg,https://upload.wikimedia.org/wikipedia/commons/b/bd/Hosakerehalli_lake_%282024%29_08.jpg,https://thumb.wikimedia.org/wikipedia/commons/thumb/b/bd/Hosakerehalli_lake_%282024%29_08.jpg/960px-Hosakerehalli_lake_%282024%29_08.jpg,4080,3072,Gpkp,CC BY-SA 4.0,https://creativecommons.org/licenses/by-sa/4.0,True,Gpkp / CC BY-SA 4.0 / Wikimedia Commons,2024-09-19,2024-09-19,12.924578,77.532751,False,True,commons
hosakerehalli-kere,8,File:Hosakerehalli lake (2024) 09.jpg,https://commons.wikimedia.org/wiki/File:Hosakerehalli_lake_(2024)_09.jpg,https://upload.wikimedia.org/wikipedia/commons/a/a8/Hosakerehalli_lake_%282024%29_09.jpg,https://thumb.wikimedia.org/wikipedia/commons/thumb/a/a8/Hosakerehalli_lake_%282024%29_09.jpg/960px-Hosakerehalli_lake_%282024%29_09.jpg,4080,3072,Gpkp,CC BY-SA 4.0,https://creativecommons.org/licenses/by-sa/4.0,True,Gpkp / CC BY-SA 4.0 / Wikimedia Commons,2024-09-19,2024-09-19,12.925603,77.537581,False,True,commons
hosakerehalli-kere,9,File:Hosakerehalli lake (2024) 11.jpg,https://commons.wikimedia.org/wiki/File:Hosakerehalli_lake_(2024)_11.jpg,https://upload.wikimedia.org/wikipedia/commons/0/08/Hosakerehalli_lake_%282024%29_11.jpg,https://thumb.wikimedia.org/wikipedia/commons/thumb/0/08/Hosakerehalli_lake_%282024%29_11.jpg/960px-Hosakerehalli_lake_%282024%29_11.jpg,4080,3072,Gpkp,CC BY-SA 4.0,https://creativecommons.org/licenses/by-sa/4.0,True,Gpkp / CC BY-SA 4.0 / Wikimedia Commons,2024-09-19,2024-09-19,12.927332,77.535342,False,True,commons
hosakerehalli-kere,10,File:Hosakerehalli lake (2024) 12.jpg,https://commons.wikimedia.org/wiki/File:Hosakerehalli_lake_(2024)_12.jpg,https://upload.wikimedia.org/wikipedia/commons/6/61/Hosakerehalli_lake_%282024%29_12.jpg,https://thumb.wikimedia.org/wikipedia/commons/thumb/6/61/Hosakerehalli_lake_%282024%29_12.jpg/960px-Hosakerehalli_lake_%282024%29_12.jpg,4080,3072,Gpkp,CC BY-SA 4.0,https://creativecommons.org/licenses/by-sa/4.0,True,Gpkp / CC BY-SA 4.0 / Wikimedia Commons,2024-09-19,2024-09-19,12.927332,77.535342,False,True,commons
hosakerehalli-kere,11,File:Hosakerehalli lake (2024) 13.jpg,https://commons.wikimedia.org/wiki/File:Hosakerehalli_lake_(2024)_13.jpg,https://upload.wikimedia.org/wikipedia/commons/b/b2/Hosakerehalli_lake_%282024%29_13.jpg,https://thumb.wikimedia.org/wikipedia/commons/thumb/b/b2/Hosakerehalli_lake_%282024%29_13.jpg/960px-Hosakerehalli_lake_%282024%29_13.jpg,4080,3072,Gpkp,CC BY-SA 4.0,https://creativecommons.org/licenses/by-sa/4.0,True,Gpkp / CC BY-SA 4.0 / Wikimedia Commons,2024-09-19,2024-09-19,12.922971,77.537328,False,True,commons
hosakerehalli-kere,12,File:Hosakerehalli lake (2024) 14.jpg,https://commons.wikimedia.org/wiki/File:Hosakerehalli_lake_(2024)_14.jpg,https://upload.wikimedia.org/wikipedia/commons/5/5f/Hosakerehalli_lake_%282024%29_14.jpg,https://thumb.wikimedia.org/wikipedia/commons/thumb/5/5f/Hosakerehalli_lake_%282024%29_14.jpg/960px-Hosakerehalli_lake_%282024%29_14.jpg,4080,3072,Gpkp,CC BY-SA 4.0,https://creativecommons.org/licenses/by-sa/4.0,True,Gpkp / CC BY-SA 4.0 / Wikimedia Commons,2024-09-19,2024-09-19,12.922971,77.537328,False,True,commons
hosakote-doddaamanikere,1,File:Hosakote lake.jpg,https://commons.wikimedia.org/wiki/File:Hosakote_lake.jpg,https://upload.wikimedia.org/wikipedia/commons/c/c3/Hosakote_lake.jpg,https://thumb.wikimedia.org/wikipedia/commons/thumb/c/c3/Hosakote_lake.jpg/960px-Hosakote_lake.jpg,4554,2562,Sagar,CC BY 2.0,https://creativecommons.org/licenses/by/2.0,True,Sagar / CC BY 2.0 / Wikimedia Commons,2020-01-05,2022-11-19,13.065934,77.770414,False,True,commons
ibbalur-govt-lake,1,File:Highly Polluted Iblur Lake 8-14-2010 4-43-36 PM.JPG,https://commons.wikimedia.org/wiki/File:Highly_Polluted_Iblur_Lake_8-14-2010_4-43-36_PM.JPG,https://upload.wikimedia.org/wikipedia/commons/5/5c/Highly_Polluted_Iblur_Lake_8-14-2010_4-43-36_PM.JPG,https://thumb.wikimedia.org/wikipedia/commons/thumb/5/5c/Highly_Polluted_Iblur_Lake_8-14-2010_4-43-36_PM.JPG/960px-Highly_Polluted_Iblur_Lake_8-14-2010_4-43-36_PM.JPG,1600,1200,Amol.Gaitonde,CC BY-SA 3.0,https://creativecommons.org/licenses/by-sa/3.0,True,Amol.Gaitonde / CC BY-SA 3.0 / Wikimedia Commons,2010-08-14,2010-08-15,12.922994,77.667728,False,True,commons
j-p-park-kere,1,File:J P Park-1-mathikere-bangalore-India.jpg,https://commons.wikimedia.org/wiki/File:J_P_Park-1-mathikere-bangalore-India.jpg,https://upload.wikimedia.org/wikipedia/commons/c/cd/J_P_Park-1-mathikere-bangalore-India.jpg,https://thumb.wikimedia.org/wikipedia/commons/thumb/c/cd/J_P_Park-1-mathikere-bangalore-India.jpg/960px-J_P_Park-1-mathikere-bangalore-India.jpg,4608,3456,Yercaud-elango,CC BY-SA 4.0,https://creativecommons.org/licenses/by-sa/4.0,True,Yercaud-elango / CC BY-SA 4.0 / Wikimedia Commons,2018-01-22,2018-01-29,13.034887,77.55309,False,True,commons
j-p-park-kere,2,File:J P Park-10-mathikere-bangalore-India.jpg,https://commons.wikimedia.org/wiki/File:J_P_Park-10-mathikere-bangalore-India.jpg,https://upload.wikimedia.org/wikipedia/commons/c/c8/J_P_Park-10-mathikere-bangalore-India.jpg,https://thumb.wikimedia.org/wikipedia/commons/thumb/c/c8/J_P_Park-10-mathikere-bangalore-India.jpg/960px-J_P_Park-10-mathikere-bangalore-India.jpg,4608,3456,Yercaud-elango,CC BY-SA 4.0,https://creativecommons.org/licenses/by-sa/4.0,True,Yercaud-elango / CC BY-SA 4.0 / Wikimedia Commons,2018-01-22,2018-01-29,13.034628,77.552455,False,True,commons
j-p-park-kere,3,File:J P Park-11-mathikere-bangalore-India.jpg,https://commons.wikimedia.org/wiki/File:J_P_Park-11-mathikere-bangalore-India.jpg,https://upload.wikimedia.org/wikipedia/commons/c/cb/J_P_Park-11-mathikere-bangalore-India.jpg,https://thumb.wikimedia.org/wikipedia/commons/thumb/c/cb/J_P_Park-11-mathikere-bangalore-India.jpg/960px-J_P_Park-11-mathikere-bangalore-India.jpg,4608,3456,Yercaud-elango,CC BY-SA 4.0,https://creativecommons.org/licenses/by-sa/4.0,True,Yercaud-elango / CC BY-SA 4.0 / Wikimedia Commons,2018-01-22,2018-02-18,13.032972,77.550448,False,True,commons
j-p-park-kere,4,File:J P Park-12-mathikere-bangalore-India.jpg,https://commons.wikimedia.org/wiki/File:J_P_Park-12-mathikere-bangalore-India.jpg,https://upload.wikimedia.org/wikipedia/commons/7/73/J_P_Park-12-mathikere-bangalore-India.jpg,https://thumb.wikimedia.org/wikipedia/commons/thumb/7/73/J_P_Park-12-mathikere-bangalore-India.jpg/960px-J_P_Park-12-mathikere-bangalore-India.jpg,4608,3456,Yercaud-elango,CC BY-SA 4.0,https://creativecommons.org/licenses/by-sa/4.0,True,Yercaud-elango / CC BY-SA 4.0 / Wikimedia Commons,2018-01-22,2018-02-18,13.03299,77.550423,False,True,commons
j-p-park-kere,5,File:J P Park-13-mathikere-bangalore-India.jpg,https://commons.wikimedia.org/wiki/File:J_P_Park-13-mathikere-bangalore-India.jpg,https://upload.wikimedia.org/wikipedia/commons/f/fa/J_P_Park-13-mathikere-bangalore-India.jpg,https://thumb.wikimedia.org/wikipedia/commons/thumb/f/fa/J_P_Park-13-mathikere-bangalore-India.jpg/960px-J_P_Park-13-mathikere-bangalore-India.jpg,4608,3456,Yercaud-elango,CC BY-SA 4.0,https://creativecommons.org/licenses/by-sa/4.0,True,Yercaud-elango / CC BY-SA 4.0 / Wikimedia Commons,2018-01-22,2018-02-18,13.032937,77.550317,False,True,commons
j-p-park-kere,6,File:J P Park-14-mathikere-bangalore-India.jpg,https://commons.wikimedia.org/wiki/File:J_P_Park-14-mathikere-bangalore-India.jpg,https://upload.wikimedia.org/wikipedia/commons/a/ae/J_P_Park-14-mathikere-bangalore-India.jpg,https://thumb.wikimedia.org/wikipedia/commons/thumb/a/ae/J_P_Park-14-mathikere-bangalore-India.jpg/960px-J_P_Park-14-mathikere-bangalore-India.jpg,4608,3456,Yercaud-elango,CC BY-SA 4.0,https://creativecommons.org/licenses/by-sa/4.0,True,Yercaud-elango / CC BY-SA 4.0 / Wikimedia Commons,2018-01-22,2018-02-18,13.032885,77.550257,False,True,commons
j-p-park-kere,7,File:J P Park-18-mathikere-bangalore-India.jpg,https://commons.wikimedia.org/wiki/File:J_P_Park-18-mathikere-bangalore-India.jpg,https://upload.wikimedia.org/wikipedia/commons/1/1c/J_P_Park-18-mathikere-bangalore-India.jpg,https://thumb.wikimedia.org/wikipedia/commons/thumb/1/1c/J_P_Park-18-mathikere-bangalore-India.jpg/960px-J_P_Park-18-mathikere-bangalore-India.jpg,4608,3456,Yercaud-elango,CC BY-SA 4.0,https://creativecommons.org/licenses/by-sa/4.0,True,Yercaud-elango / CC BY-SA 4.0 / Wikimedia Commons,2018-01-22,2018-02-18,13.034887,77.55296,False,True,commons
j-p-park-kere,8,File:J P Park-19-mathikere-bangalore-India.jpg,https://commons.wikimedia.org/wiki/File:J_P_Park-19-mathikere-bangalore-India.jpg,https://upload.wikimedia.org/wikipedia/commons/0/0e/J_P_Park-19-mathikere-bangalore-India.jpg,https://thumb.wikimedia.org/wikipedia/commons/thumb/0/0e/J_P_Park-19-mathikere-bangalore-India.jpg/960px-J_P_Park-19-mathikere-bangalore-India.jpg,4608,3456,Yercaud-elango,CC BY-SA 4.0,https://creativecommons.org/licenses/by-sa/4.0,True,Yercaud-elango / CC BY-SA 4.0 / Wikimedia Commons,2018-01-22,2018-02-18,13.033903,77.551535,False,True,commons
j-p-park-kere,9,File:J P Park-2-mathikere-bangalore-India.jpg,https://commons.wikimedia.org/wiki/File:J_P_Park-2-mathikere-bangalore-India.jpg,https://upload.wikimedia.org/wikipedia/commons/4/45/J_P_Park-2-mathikere-bangalore-India.jpg,https://thumb.wikimedia.org/wikipedia/commons/thumb/4/45/J_P_Park-2-mathikere-bangalore-India.jpg/960px-J_P_Park-2-mathikere-bangalore-India.jpg,4608,3456,Yercaud-elango,CC BY-SA 4.0,https://creativecommons.org/licenses/by-sa/4.0,True,Yercaud-elango / CC BY-SA 4.0 / Wikimedia Commons,2018-01-22,2018-01-29,13.0348,77.553095,False,True,commons
j-p-park-kere,10,File:J P Park-20-mathikere-bangalore-India.jpg,https://commons.wikimedia.org/wiki/File:J_P_Park-20-mathikere-bangalore-India.jpg,https://upload.wikimedia.org/wikipedia/commons/d/d2/J_P_Park-20-mathikere-bangalore-India.jpg,https://thumb.wikimedia.org/wikipedia/commons/thumb/d/d2/J_P_Park-20-mathikere-bangalore-India.jpg/960px-J_P_Park-20-mathikere-bangalore-India.jpg,4608,3456,Yercaud-elango,CC BY-SA 4.0,https://creativecommons.org/licenses/by-sa/4.0,True,Yercaud-elango / CC BY-SA 4.0 / Wikimedia Commons,2018-01-22,2018-02-18,13.033938,77.551572,False,True,commons
j-p-park-kere,11,File:J P Park-21-mathikere-bangalore-India.jpg,https://commons.wikimedia.org/wiki/File:J_P_Park-21-mathikere-bangalore-India.jpg,https://upload.wikimedia.org/wikipedia/commons/e/e0/J_P_Park-21-mathikere-bangalore-India.jpg,https://thumb.wikimedia.org/wikipedia/commons/thumb/e/e0/J_P_Park-21-mathikere-bangalore-India.jpg/960px-J_P_Park-21-mathikere-bangalore-India.jpg,4608,3456,Yercaud-elango,CC BY-SA 4.0,https://creativecommons.org/licenses/by-sa/4.0,True,Yercaud-elango / CC BY-SA 4.0 / Wikimedia Commons,2018-01-22,2018-02-18,13.033612,77.551175,False,True,commons
j-p-park-kere,12,File:J P Park-22-mathikere-bangalore-India.jpg,https://commons.wikimedia.org/wiki/File:J_P_Park-22-mathikere-bangalore-India.jpg,https://upload.wikimedia.org/wikipedia/commons/c/ca/J_P_Park-22-mathikere-bangalore-India.jpg,https://thumb.wikimedia.org/wikipedia/commons/thumb/c/ca/J_P_Park-22-mathikere-bangalore-India.jpg/960px-J_P_Park-22-mathikere-bangalore-India.jpg,4608,3456,Yercaud-elango,CC BY-SA 4.0,https://creativecommons.org/licenses/by-sa/4.0,True,Yercaud-elango / CC BY-SA 4.0 / Wikimedia Commons,2018-01-22,2018-02-18,13.033602,77.551182,False,True,commons
jakkur-lake,1,File:Jakkur lake.JPG,https://commons.wikimedia.org/wiki/File:Jakkur_lake.JPG,https://upload.wikimedia.org/wikipedia/commons/a/a3/Jakkur_lake.JPG,https://thumb.wikimedia.org/wikipedia/commons/thumb/a/a3/Jakkur_lake.JPG/960px-Jakkur_lake.JPG,6236,2452,Manu.mohan,CC BY-SA 4.0,https://creativecommons.org/licenses/by-sa/4.0,True,Manu.mohan / CC BY-SA 4.0 / Wikimedia Commons,2015-01-26,2015-01-26,13.081056,77.614486,True,True,commons
jakkur-lake,2,File:A walker in Jakkur lake walkways.jpg,https://commons.wikimedia.org/wiki/File:A_walker_in_Jakkur_lake_walkways.jpg,https://upload.wikimedia.org/wikipedia/commons/9/9e/A_walker_in_Jakkur_lake_walkways.jpg,https://thumb.wikimedia.org/wikipedia/commons/thumb/9/9e/A_walker_in_Jakkur_lake_walkways.jpg/960px-A_walker_in_Jakkur_lake_walkways.jpg,3000,4000,Bharat1,CC BY-SA 4.0,https://creativecommons.org/licenses/by-sa/4.0,True,Bharat1 / CC BY-SA 4.0 / Wikimedia Commons,2021-02-21,2023-10-02,,,True,True,commons
jakkur-lake,3,File:Information Banner in Jakkur Lake1.jpg,https://commons.wikimedia.org/wiki/File:Information_Banner_in_Jakkur_Lake1.jpg,https://upload.wikimedia.org/wikipedia/commons/0/0f/Information_Banner_in_Jakkur_Lake1.jpg,https://thumb.wikimedia.org/wikipedia/commons/thumb/0/0f/Information_Banner_in_Jakkur_Lake1.jpg/960px-Information_Banner_in_Jakkur_Lake1.jpg,3000,4000,Bharat1,CC BY-SA 4.0,https://creativecommons.org/licenses/by-sa/4.0,True,Bharat1 / CC BY-SA 4.0 / Wikimedia Commons,2021-02-21,2023-10-02,,,True,True,commons
jakkur-lake,4,File:Information Banner in Jakkur Lake2.jpg,https://commons.wikimedia.org/wiki/File:Information_Banner_in_Jakkur_Lake2.jpg,https://upload.wikimedia.org/wikipedia/commons/a/ac/Information_Banner_in_Jakkur_Lake2.jpg,https://thumb.wikimedia.org/wikipedia/commons/thumb/a/ac/Information_Banner_in_Jakkur_Lake2.jpg/960px-Information_Banner_in_Jakkur_Lake2.jpg,3000,4000,Bharat1,CC BY-SA 4.0,https://creativecommons.org/licenses/by-sa/4.0,True,Bharat1 / CC BY-SA 4.0 / Wikimedia Commons,2021-02-21,2023-10-02,,,True,True,commons
jakkur-lake,5,File:Jakkur lake and heronary .jpg,https://commons.wikimedia.org/wiki/File:Jakkur_lake_and_heronary_.jpg,https://upload.wikimedia.org/wikipedia/commons/1/1e/Jakkur_lake_and_heronary_.jpg,https://thumb.wikimedia.org/wikipedia/commons/thumb/1/1e/Jakkur_lake_and_heronary_.jpg/960px-Jakkur_lake_and_heronary_.jpg,4128,2322,Ksuryawanshi,CC BY-SA 3.0,https://creativecommons.org/licenses/by-sa/3.0,True,Ksuryawanshi / CC BY-SA 3.0 / Wikimedia Commons,2017,2017-07-12,13.084444,77.609167,True,True,commons
jakkur-lake,6,File:Jakkur lake Bangalore .jpg,https://commons.wikimedia.org/wiki/File:Jakkur_lake_Bangalore_.jpg,https://upload.wikimedia.org/wikipedia/commons/2/2e/Jakkur_lake_Bangalore_.jpg,https://thumb.wikimedia.org/wikipedia/commons/thumb/2/2e/Jakkur_lake_Bangalore_.jpg/960px-Jakkur_lake_Bangalore_.jpg,3264,2448,Shankar Raman,CC BY-SA 4.0,https://creativecommons.org/licenses/by-sa/4.0,True,Shankar Raman / CC BY-SA 4.0 / Wikimedia Commons,2017,2017-09-27,13.083792,77.605461,True,True,commons
jakkur-lake,7,"File:Jakkur lake, Bangalore (2025) 01.jpg","https://commons.wikimedia.org/wiki/File:Jakkur_lake,_Bangalore_(2025)_01.jpg",https://upload.wikimedia.org/wikipedia/commons/5/57/Jakkur_lake%2C_Bangalore_%282025%29_01.jpg,https://thumb.wikimedia.org/wikipedia/commons/thumb/5/57/Jakkur_lake%2C_Bangalore_%282025%29_01.jpg/960px-Jakkur_lake%2C_Bangalore_%282025%29_01.jpg,4080,3072,Gpkp,CC BY-SA 4.0,https://creativecommons.org/licenses/by-sa/4.0,True,Gpkp / CC BY-SA 4.0 / Wikimedia Commons,2025-05-28,2025-05-29,13.080308,77.60963,False,True,commons
jakkur-lake,8,"File:Jakkur lake, Bangalore (2025) 07.jpg","https://commons.wikimedia.org/wiki/File:Jakkur_lake,_Bangalore_(2025)_07.jpg",https://upload.wikimedia.org/wikipedia/commons/b/bc/Jakkur_lake%2C_Bangalore_%282025%29_07.jpg,https://thumb.wikimedia.org/wikipedia/commons/thumb/b/bc/Jakkur_lake%2C_Bangalore_%282025%29_07.jpg/960px-Jakkur_lake%2C_Bangalore_%282025%29_07.jpg,4080,3072,Gpkp,CC BY-SA 4.0,https://creativecommons.org/licenses/by-sa/4.0,True,Gpkp / CC BY-SA 4.0 / Wikimedia Commons,2025-05-28,2025-05-29,13.081406,77.610209,False,True,commons
jakkur-lake,9,"File:Jakkur lake, Bangalore (2025) 13.jpg","https://commons.wikimedia.org/wiki/File:Jakkur_lake,_Bangalore_(2025)_13.jpg",https://upload.wikimedia.org/wikipedia/commons/4/46/Jakkur_lake%2C_Bangalore_%282025%29_13.jpg,https://thumb.wikimedia.org/wikipedia/commons/thumb/4/46/Jakkur_lake%2C_Bangalore_%282025%29_13.jpg/960px-Jakkur_lake%2C_Bangalore_%282025%29_13.jpg,4080,3072,Gpkp,CC BY-SA 4.0,https://creativecommons.org/licenses/by-sa/4.0,True,Gpkp / CC BY-SA 4.0 / Wikimedia Commons,2025-05-28,2025-05-29,13.083652,77.609188,False,True,commons
jakkur-lake,10,"File:Jakkur lake, Bangalore (2025) 14.jpg","https://commons.wikimedia.org/wiki/File:Jakkur_lake,_Bangalore_(2025)_14.jpg",https://upload.wikimedia.org/wikipedia/commons/b/b0/Jakkur_lake%2C_Bangalore_%282025%29_14.jpg,https://thumb.wikimedia.org/wikipedia/commons/thumb/b/b0/Jakkur_lake%2C_Bangalore_%282025%29_14.jpg/960px-Jakkur_lake%2C_Bangalore_%282025%29_14.jpg,4080,3072,Gpkp,CC BY-SA 4.0,https://creativecommons.org/licenses/by-sa/4.0,True,Gpkp / CC BY-SA 4.0 / Wikimedia Commons,2025-05-28,2025-05-29,13.084016,77.609329,False,True,commons
jakkur-lake,11,"File:Jakkur lake, Bangalore (2025) 15.jpg","https://commons.wikimedia.org/wiki/File:Jakkur_lake,_Bangalore_(2025)_15.jpg",https://upload.wikimedia.org/wikipedia/commons/5/50/Jakkur_lake%2C_Bangalore_%282025%29_15.jpg,https://thumb.wikimedia.org/wikipedia/commons/thumb/5/50/Jakkur_lake%2C_Bangalore_%282025%29_15.jpg/960px-Jakkur_lake%2C_Bangalore_%282025%29_15.jpg,4080,3072,Gpkp,CC BY-SA 4.0,https://creativecommons.org/licenses/by-sa/4.0,True,Gpkp / CC BY-SA 4.0 / Wikimedia Commons,2025-05-28,2025-05-29,13.08488,77.609428,False,True,commons
jakkur-lake,12,"File:Jakkur lake, Bangalore (2025) 20.jpg","https://commons.wikimedia.org/wiki/File:Jakkur_lake,_Bangalore_(2025)_20.jpg",https://upload.wikimedia.org/wikipedia/commons/5/52/Jakkur_lake%2C_Bangalore_%282025%29_20.jpg,https://thumb.wikimedia.org/wikipedia/commons/thumb/5/52/Jakkur_lake%2C_Bangalore_%282025%29_20.jpg/960px-Jakkur_lake%2C_Bangalore_%282025%29_20.jpg,4080,3072,Gpkp,CC BY-SA 4.0,https://creativecommons.org/licenses/by-sa/4.0,True,Gpkp / CC BY-SA 4.0 / Wikimedia Commons,2025-05-28,2025-05-29,13.086999,77.608747,False,True,commons
jimkenahalli-kere,1,File:Panoramic view of Varanasi Lake.jpg,https://commons.wikimedia.org/wiki/File:Panoramic_view_of_Varanasi_Lake.jpg,https://upload.wikimedia.org/wikipedia/commons/c/c7/Panoramic_view_of_Varanasi_Lake.jpg,https://thumb.wikimedia.org/wikipedia/commons/thumb/c/c7/Panoramic_view_of_Varanasi_Lake.jpg/960px-Panoramic_view_of_Varanasi_Lake.jpg,6030,1368,Suresh.vinay,CC BY-SA 3.0,https://creativecommons.org/licenses/by-sa/3.0,True,Suresh.vinay / CC BY-SA 3.0 / Wikimedia Commons,2014-03-08,2014-03-10,13.026383,77.686585,False,True,commons
kaikondanahalli-kere,1,"File:FishPond, KaikondrahalliLake.jpg","https://commons.wikimedia.org/wiki/File:FishPond,_KaikondrahalliLake.jpg",https://upload.wikimedia.org/wikipedia/commons/0/03/FishPond%2C_KaikondrahalliLake.jpg,https://thumb.wikimedia.org/wikipedia/commons/thumb/0/03/FishPond%2C_KaikondrahalliLake.jpg/960px-FishPond%2C_KaikondrahalliLake.jpg,4000,3000,రవిచంద్ర,CC BY-SA 4.0,https://creativecommons.org/licenses/by-sa/4.0,True,రవిచంద్ర / CC BY-SA 4.0 / Wikimedia Commons,2018-09-08,2018-09-11,12.911689,77.669891,False,True,commons
kaikondanahalli-kere,2,File:KaikondrahalliLake.jpg,https://commons.wikimedia.org/wiki/File:KaikondrahalliLake.jpg,https://upload.wikimedia.org/wikipedia/commons/9/92/KaikondrahalliLake.jpg,https://thumb.wikimedia.org/wikipedia/commons/thumb/9/92/KaikondrahalliLake.jpg/960px-KaikondrahalliLake.jpg,4000,3000,రవిచంద్ర,CC BY-SA 4.0,https://creativecommons.org/licenses/by-sa/4.0,True,రవిచంద్ర / CC BY-SA 4.0 / Wikimedia Commons,2018-09-08,2018-09-11,12.913899,77.672314,False,True,commons
kempambudhi-lake,1,"File:Kempambudhi lake, Bangalore (2024) 01.jpg","https://commons.wikimedia.org/wiki/File:Kempambudhi_lake,_Bangalore_(2024)_01.jpg",https://upload.wikimedia.org/wikipedia/commons/4/4b/Kempambudhi_lake%2C_Bangalore_%282024%29_01.jpg,https://thumb.wikimedia.org/wikipedia/commons/thumb/4/4b/Kempambudhi_lake%2C_Bangalore_%282024%29_01.jpg/960px-Kempambudhi_lake%2C_Bangalore_%282024%29_01.jpg,4080,3072,Gpkp,CC BY-SA 4.0,https://creativecommons.org/licenses/by-sa/4.0,True,Gpkp / CC BY-SA 4.0 / Wikimedia Commons,2024-11-22,2024-11-23,12.948588,77.55844,True,True,commons
kempambudhi-lake,2,"File:Kempambudhi lake, Bangalore (2024) 02.jpg","https://commons.wikimedia.org/wiki/File:Kempambudhi_lake,_Bangalore_(2024)_02.jpg",https://upload.wikimedia.org/wikipedia/commons/0/00/Kempambudhi_lake%2C_Bangalore_%282024%29_02.jpg,https://thumb.wikimedia.org/wikipedia/commons/thumb/0/00/Kempambudhi_lake%2C_Bangalore_%282024%29_02.jpg/960px-Kempambudhi_lake%2C_Bangalore_%282024%29_02.jpg,4080,3072,Gpkp,CC BY-SA 4.0,https://creativecommons.org/licenses/by-sa/4.0,True,Gpkp / CC BY-SA 4.0 / Wikimedia Commons,2024-11-22,2024-11-23,12.948703,77.558385,True,True,commons
kempambudhi-lake,3,"File:Kempambudhi lake, Bangalore (2024) 03.jpg","https://commons.wikimedia.org/wiki/File:Kempambudhi_lake,_Bangalore_(2024)_03.jpg",https://upload.wikimedia.org/wikipedia/commons/5/58/Kempambudhi_lake%2C_Bangalore_%282024%29_03.jpg,https://thumb.wikimedia.org/wikipedia/commons/thumb/5/58/Kempambudhi_lake%2C_Bangalore_%282024%29_03.jpg/960px-Kempambudhi_lake%2C_Bangalore_%282024%29_03.jpg,4080,3072,Gpkp,CC BY-SA 4.0,https://creativecommons.org/licenses/by-sa/4.0,True,Gpkp / CC BY-SA 4.0 / Wikimedia Commons,2024-11-22,2024-11-23,12.948345,77.558699,True,True,commons
kempambudhi-lake,4,"File:Kempambudhi lake, Bangalore (2024) 04.jpg","https://commons.wikimedia.org/wiki/File:Kempambudhi_lake,_Bangalore_(2024)_04.jpg",https://upload.wikimedia.org/wikipedia/commons/b/b5/Kempambudhi_lake%2C_Bangalore_%282024%29_04.jpg,https://thumb.wikimedia.org/wikipedia/commons/thumb/b/b5/Kempambudhi_lake%2C_Bangalore_%282024%29_04.jpg/960px-Kempambudhi_lake%2C_Bangalore_%282024%29_04.jpg,4080,3072,Gpkp,CC BY-SA 4.0,https://creativecommons.org/licenses/by-sa/4.0,True,Gpkp / CC BY-SA 4.0 / Wikimedia Commons,2024-11-22,2024-11-23,12.948608,77.558449,True,True,commons
kempambudhi-lake,5,"File:Kempambudhi lake, Bangalore (2024) 05.jpg","https://commons.wikimedia.org/wiki/File:Kempambudhi_lake,_Bangalore_(2024)_05.jpg",https://upload.wikimedia.org/wikipedia/commons/a/a9/Kempambudhi_lake%2C_Bangalore_%282024%29_05.jpg,https://thumb.wikimedia.org/wikipedia/commons/thumb/a/a9/Kempambudhi_lake%2C_Bangalore_%282024%29_05.jpg/960px-Kempambudhi_lake%2C_Bangalore_%282024%29_05.jpg,4080,3072,Gpkp,CC BY-SA 4.0,https://creativecommons.org/licenses/by-sa/4.0,True,Gpkp / CC BY-SA 4.0 / Wikimedia Commons,2024-11-22,2024-11-23,12.949333,77.559327,True,True,commons
kempambudhi-lake,6,"File:Kempambudhi lake, Bangalore (2024) 06.jpg","https://commons.wikimedia.org/wiki/File:Kempambudhi_lake,_Bangalore_(2024)_06.jpg",https://upload.wikimedia.org/wikipedia/commons/0/09/Kempambudhi_lake%2C_Bangalore_%282024%29_06.jpg,https://thumb.wikimedia.org/wikipedia/commons/thumb/0/09/Kempambudhi_lake%2C_Bangalore_%282024%29_06.jpg/960px-Kempambudhi_lake%2C_Bangalore_%282024%29_06.jpg,4080,3072,Gpkp,CC BY-SA 4.0,https://creativecommons.org/licenses/by-sa/4.0,True,Gpkp / CC BY-SA 4.0 / Wikimedia Commons,2024-11-22,2024-11-23,12.948125,77.558909,True,True,commons
kempambudhi-lake,7,"File:Kempambudhi lake, Bangalore (2024) 07.jpg","https://commons.wikimedia.org/wiki/File:Kempambudhi_lake,_Bangalore_(2024)_07.jpg",https://upload.wikimedia.org/wikipedia/commons/f/fc/Kempambudhi_lake%2C_Bangalore_%282024%29_07.jpg,https://thumb.wikimedia.org/wikipedia/commons/thumb/f/fc/Kempambudhi_lake%2C_Bangalore_%282024%29_07.jpg/960px-Kempambudhi_lake%2C_Bangalore_%282024%29_07.jpg,4080,3072,Gpkp,CC BY-SA 4.0,https://creativecommons.org/licenses/by-sa/4.0,True,Gpkp / CC BY-SA 4.0 / Wikimedia Commons,2024-11-22,2024-11-23,12.950689,77.558375,True,True,commons
kempambudhi-lake,8,"File:Kempambudhi lake, Bangalore (2024) 08.jpg","https://commons.wikimedia.org/wiki/File:Kempambudhi_lake,_Bangalore_(2024)_08.jpg",https://upload.wikimedia.org/wikipedia/commons/1/12/Kempambudhi_lake%2C_Bangalore_%282024%29_08.jpg,https://thumb.wikimedia.org/wikipedia/commons/thumb/1/12/Kempambudhi_lake%2C_Bangalore_%282024%29_08.jpg/960px-Kempambudhi_lake%2C_Bangalore_%282024%29_08.jpg,4080,3072,Gpkp,CC BY-SA 4.0,https://creativecommons.org/licenses/by-sa/4.0,True,Gpkp / CC BY-SA 4.0 / Wikimedia Commons,2024-11-22,2024-11-23,12.950792,77.55838,True,True,commons
kempambudhi-lake,9,"File:Kempambudhi lake, Bangalore (2024) 09.jpg","https://commons.wikimedia.org/wiki/File:Kempambudhi_lake,_Bangalore_(2024)_09.jpg",https://upload.wikimedia.org/wikipedia/commons/8/86/Kempambudhi_lake%2C_Bangalore_%282024%29_09.jpg,https://thumb.wikimedia.org/wikipedia/commons/thumb/8/86/Kempambudhi_lake%2C_Bangalore_%282024%29_09.jpg/960px-Kempambudhi_lake%2C_Bangalore_%282024%29_09.jpg,4080,3072,Gpkp,CC BY-SA 4.0,https://creativecommons.org/licenses/by-sa/4.0,True,Gpkp / CC BY-SA 4.0 / Wikimedia Commons,2024-11-22,2024-11-23,12.948365,77.558608,True,True,commons
kempambudhi-lake,10,"File:Kempambudhi lake, Bangalore (2024) 10.jpg","https://commons.wikimedia.org/wiki/File:Kempambudhi_lake,_Bangalore_(2024)_10.jpg",https://upload.wikimedia.org/wikipedia/commons/8/89/Kempambudhi_lake%2C_Bangalore_%282024%29_10.jpg,https://thumb.wikimedia.org/wikipedia/commons/thumb/8/89/Kempambudhi_lake%2C_Bangalore_%282024%29_10.jpg/960px-Kempambudhi_lake%2C_Bangalore_%282024%29_10.jpg,4080,3072,Gpkp,CC BY-SA 4.0,https://creativecommons.org/licenses/by-sa/4.0,True,Gpkp / CC BY-SA 4.0 / Wikimedia Commons,2024-11-22,2024-11-23,12.951225,77.562303,True,True,commons
kempambudhi-lake,11,"File:Kempambudhi lake, Bangalore (2024) 11.jpg","https://commons.wikimedia.org/wiki/File:Kempambudhi_lake,_Bangalore_(2024)_11.jpg",https://upload.wikimedia.org/wikipedia/commons/f/fd/Kempambudhi_lake%2C_Bangalore_%282024%29_11.jpg,https://thumb.wikimedia.org/wikipedia/commons/thumb/f/fd/Kempambudhi_lake%2C_Bangalore_%282024%29_11.jpg/960px-Kempambudhi_lake%2C_Bangalore_%282024%29_11.jpg,4080,3072,Gpkp,CC BY-SA 4.0,https://creativecommons.org/licenses/by-sa/4.0,True,Gpkp / CC BY-SA 4.0 / Wikimedia Commons,2024-11-22,2024-11-23,12.94859,77.558436,True,True,commons
kempambudhi-lake,12,"File:Kempambudhi lake, Bangalore (2024) 12.jpg","https://commons.wikimedia.org/wiki/File:Kempambudhi_lake,_Bangalore_(2024)_12.jpg",https://upload.wikimedia.org/wikipedia/commons/a/a4/Kempambudhi_lake%2C_Bangalore_%282024%29_12.jpg,https://thumb.wikimedia.org/wikipedia/commons/thumb/a/a4/Kempambudhi_lake%2C_Bangalore_%282024%29_12.jpg/960px-Kempambudhi_lake%2C_Bangalore_%282024%29_12.jpg,4080,3072,Gpkp,CC BY-SA 4.0,https://creativecommons.org/licenses/by-sa/4.0,True,Gpkp / CC BY-SA 4.0 / Wikimedia Commons,2024-11-22,2024-11-23,12.952034,77.562121,True,True,commons
kogilu-kere,1,File:Kogilu Kere (30631866706).jpg,https://commons.wikimedia.org/wiki/File:Kogilu_Kere_(30631866706).jpg,https://upload.wikimedia.org/wikipedia/commons/a/a0/Kogilu_Kere_%2830631866706%29.jpg,https://thumb.wikimedia.org/wikipedia/commons/thumb/a/a0/Kogilu_Kere_%2830631866706%29.jpg/960px-Kogilu_Kere_%2830631866706%29.jpg,2048,1152,"Mike Prince from Bangalore, India",CC BY 2.0,https://creativecommons.org/licenses/by/2.0,True,"Mike Prince from Bangalore, India / CC BY 2.0 / Wikimedia Commons",2016-10-29,2021-11-09,13.107447,77.617925,False,True,commons
kowdenahalli-kere,1,File:Kowdenahalli Lake Park-2-RM Nagar-bangaluru-India.jpg,https://commons.wikimedia.org/wiki/File:Kowdenahalli_Lake_Park-2-RM_Nagar-bangaluru-India.jpg,https://upload.wikimedia.org/wikipedia/commons/c/cc/Kowdenahalli_Lake_Park-2-RM_Nagar-bangaluru-India.jpg,https://thumb.wikimedia.org/wikipedia/commons/thumb/c/cc/Kowdenahalli_Lake_Park-2-RM_Nagar-bangaluru-India.jpg/960px-Kowdenahalli_Lake_Park-2-RM_Nagar-bangaluru-India.jpg,4608,3456,Yercaud-elango,CC BY-SA 4.0,https://creativecommons.org/licenses/by-sa/4.0,True,Yercaud-elango / CC BY-SA 4.0 / Wikimedia Commons,2022-10-27,2023-01-01,13.01433,77.684372,False,True,commons
kowdenahalli-kere,2,File:Kowdenahalli Lake Park-3-RM Nagar-bangaluru-India.jpg,https://commons.wikimedia.org/wiki/File:Kowdenahalli_Lake_Park-3-RM_Nagar-bangaluru-India.jpg,https://upload.wikimedia.org/wikipedia/commons/1/1d/Kowdenahalli_Lake_Park-3-RM_Nagar-bangaluru-India.jpg,https://thumb.wikimedia.org/wikipedia/commons/thumb/1/1d/Kowdenahalli_Lake_Park-3-RM_Nagar-bangaluru-India.jpg/960px-Kowdenahalli_Lake_Park-3-RM_Nagar-bangaluru-India.jpg,4608,3456,Yercaud-elango,CC BY-SA 4.0,https://creativecommons.org/licenses/by-sa/4.0,True,Yercaud-elango / CC BY-SA 4.0 / Wikimedia Commons,2022-10-27,2023-01-01,13.013698,77.685295,False,True,commons
kowdenahalli-kere,3,File:Kowdenahalli Lake Park-4-RM Nagar-bangaluru-India.jpg,https://commons.wikimedia.org/wiki/File:Kowdenahalli_Lake_Park-4-RM_Nagar-bangaluru-India.jpg,https://upload.wikimedia.org/wikipedia/commons/9/97/Kowdenahalli_Lake_Park-4-RM_Nagar-bangaluru-India.jpg,https://thumb.wikimedia.org/wikipedia/commons/thumb/9/97/Kowdenahalli_Lake_Park-4-RM_Nagar-bangaluru-India.jpg/960px-Kowdenahalli_Lake_Park-4-RM_Nagar-bangaluru-India.jpg,4608,3456,Yercaud-elango,CC BY-SA 4.0,https://creativecommons.org/licenses/by-sa/4.0,True,Yercaud-elango / CC BY-SA 4.0 / Wikimedia Commons,2022-10-27,2023-01-01,13.011355,77.686612,False,True,commons
kowdenahalli-kere,4,File:Kowdenahalli Lake Park-6-RM Nagar-bangaluru-India.jpg,https://commons.wikimedia.org/wiki/File:Kowdenahalli_Lake_Park-6-RM_Nagar-bangaluru-India.jpg,https://upload.wikimedia.org/wikipedia/commons/8/83/Kowdenahalli_Lake_Park-6-RM_Nagar-bangaluru-India.jpg,https://thumb.wikimedia.org/wikipedia/commons/thumb/8/83/Kowdenahalli_Lake_Park-6-RM_Nagar-bangaluru-India.jpg/960px-Kowdenahalli_Lake_Park-6-RM_Nagar-bangaluru-India.jpg,4608,3456,Yercaud-elango,CC BY-SA 4.0,https://creativecommons.org/licenses/by-sa/4.0,True,Yercaud-elango / CC BY-SA 4.0 / Wikimedia Commons,2022-10-27,2023-01-01,13.011455,77.685128,False,True,commons
kowdenahalli-kere,5,File:Kowdenahalli Lake Park-7-RM Nagar-bangaluru-India.jpg,https://commons.wikimedia.org/wiki/File:Kowdenahalli_Lake_Park-7-RM_Nagar-bangaluru-India.jpg,https://upload.wikimedia.org/wikipedia/commons/4/44/Kowdenahalli_Lake_Park-7-RM_Nagar-bangaluru-India.jpg,https://thumb.wikimedia.org/wikipedia/commons/thumb/4/44/Kowdenahalli_Lake_Park-7-RM_Nagar-bangaluru-India.jpg/960px-Kowdenahalli_Lake_Park-7-RM_Nagar-bangaluru-India.jpg,4608,3456,Yercaud-elango,CC BY-SA 4.0,https://creativecommons.org/licenses/by-sa/4.0,True,Yercaud-elango / CC BY-SA 4.0 / Wikimedia Commons,2022-10-27,2023-01-01,13.012037,77.684132,False,True,commons
kowdenahalli-kere,6,File:Kowdenahalli Lake Park-8-RM Nagar-bangaluru-India.jpg,https://commons.wikimedia.org/wiki/File:Kowdenahalli_Lake_Park-8-RM_Nagar-bangaluru-India.jpg,https://upload.wikimedia.org/wikipedia/commons/6/63/Kowdenahalli_Lake_Park-8-RM_Nagar-bangaluru-India.jpg,https://thumb.wikimedia.org/wikipedia/commons/thumb/6/63/Kowdenahalli_Lake_Park-8-RM_Nagar-bangaluru-India.jpg/960px-Kowdenahalli_Lake_Park-8-RM_Nagar-bangaluru-India.jpg,4608,3456,Yercaud-elango,CC BY-SA 4.0,https://creativecommons.org/licenses/by-sa/4.0,True,Yercaud-elango / CC BY-SA 4.0 / Wikimedia Commons,2022-10-27,2023-01-01,13.012047,77.684137,False,True,commons
krishnarajapuram-kere,1,File:Pond Heron Close Look.jpg,https://commons.wikimedia.org/wiki/File:Pond_Heron_Close_Look.jpg,https://upload.wikimedia.org/wikipedia/commons/7/7a/Pond_Heron_Close_Look.jpg,https://thumb.wikimedia.org/wikipedia/commons/thumb/7/7a/Pond_Heron_Close_Look.jpg/960px-Pond_Heron_Close_Look.jpg,4608,2571,Krishnan Manbuabu,CC BY-SA 4.0,https://creativecommons.org/licenses/by-sa/4.0,True,Krishnan Manbuabu / CC BY-SA 4.0 / Wikimedia Commons,2016-12-11,2018-05-31,13.014478,77.699642,False,True,commons
krishnarajapuram-kere,2,File:Indian Pond Heron (6822476706).jpg,https://commons.wikimedia.org/wiki/File:Indian_Pond_Heron_(6822476706).jpg,https://upload.wikimedia.org/wikipedia/commons/8/88/Indian_Pond_Heron_%286822476706%29.jpg,https://thumb.wikimedia.org/wikipedia/commons/thumb/8/88/Indian_Pond_Heron_%286822476706%29.jpg/960px-Indian_Pond_Heron_%286822476706%29.jpg,2880,1921,"Antony Grossy from Conoor, Nilgiris District, Tamil Nadu State, India, India",CC BY 2.0,https://creativecommons.org/licenses/by/2.0,True,"Antony Grossy from Conoor, Nilgiris District, Tamil Nadu State, India, India / CC BY 2.0 / Wikimedia Commons",2012-02-24,2019-08-28,13.014377,77.699838,False,True,commons
kundalahalli-kere,1,File:Kundalahalli Lake.jpg,https://commons.wikimedia.org/wiki/File:Kundalahalli_Lake.jpg,https://upload.wikimedia.org/wikipedia/commons/4/45/Kundalahalli_Lake.jpg,https://thumb.wikimedia.org/wikipedia/commons/thumb/4/45/Kundalahalli_Lake.jpg/960px-Kundalahalli_Lake.jpg,4000,3000,SlowPhoton,CC BY-SA 4.0,https://creativecommons.org/licenses/by-sa/4.0,True,SlowPhoton / CC BY-SA 4.0 / Wikimedia Commons,2019-11-17,2019-12-08,12.969628,77.720533,False,True,commons
kuppareddy-kere,1,"File:Kuppareddy lake, Bangalore (2025) 01.jpg","https://commons.wikimedia.org/wiki/File:Kuppareddy_lake,_Bangalore_(2025)_01.jpg",https://upload.wikimedia.org/wikipedia/commons/9/9a/Kuppareddy_lake%2C_Bangalore_%282025%29_01.jpg,https://thumb.wikimedia.org/wikipedia/commons/thumb/9/9a/Kuppareddy_lake%2C_Bangalore_%282025%29_01.jpg/960px-Kuppareddy_lake%2C_Bangalore_%282025%29_01.jpg,4080,3072,Gpkp,CC BY-SA 4.0,https://creativecommons.org/licenses/by-sa/4.0,True,Gpkp / CC BY-SA 4.0 / Wikimedia Commons,2025-07-29,2025-07-30,12.84217,77.518072,False,True,commons
kuppareddy-kere,2,"File:Kuppareddy lake, Bangalore (2025) 02.jpg","https://commons.wikimedia.org/wiki/File:Kuppareddy_lake,_Bangalore_(2025)_02.jpg",https://upload.wikimedia.org/wikipedia/commons/1/1d/Kuppareddy_lake%2C_Bangalore_%282025%29_02.jpg,https://thumb.wikimedia.org/wikipedia/commons/thumb/1/1d/Kuppareddy_lake%2C_Bangalore_%282025%29_02.jpg/960px-Kuppareddy_lake%2C_Bangalore_%282025%29_02.jpg,4080,3072,Gpkp,CC BY-SA 4.0,https://creativecommons.org/licenses/by-sa/4.0,True,Gpkp / CC BY-SA 4.0 / Wikimedia Commons,2025-07-29,2025-07-30,12.84219,77.518115,False,True,commons
kuppareddy-kere,3,"File:Kuppareddy lake, Bangalore (2025) 03.jpg","https://commons.wikimedia.org/wiki/File:Kuppareddy_lake,_Bangalore_(2025)_03.jpg",https://upload.wikimedia.org/wikipedia/commons/8/8a/Kuppareddy_lake%2C_Bangalore_%282025%29_03.jpg,https://thumb.wikimedia.org/wikipedia/commons/thumb/8/8a/Kuppareddy_lake%2C_Bangalore_%282025%29_03.jpg/960px-Kuppareddy_lake%2C_Bangalore_%282025%29_03.jpg,4080,3072,Gpkp,CC BY-SA 4.0,https://creativecommons.org/licenses/by-sa/4.0,True,Gpkp / CC BY-SA 4.0 / Wikimedia Commons,2025-07-29,2025-07-30,12.84209,77.518124,False,True,commons
kuppareddy-kere,4,"File:Kuppareddy lake, Bangalore (2025) 07.jpg","https://commons.wikimedia.org/wiki/File:Kuppareddy_lake,_Bangalore_(2025)_07.jpg",https://upload.wikimedia.org/wikipedia/commons/b/b7/Kuppareddy_lake%2C_Bangalore_%282025%29_07.jpg,https://thumb.wikimedia.org/wikipedia/commons/thumb/b/b7/Kuppareddy_lake%2C_Bangalore_%282025%29_07.jpg/960px-Kuppareddy_lake%2C_Bangalore_%282025%29_07.jpg,4080,3072,Gpkp,CC BY-SA 4.0,https://creativecommons.org/licenses/by-sa/4.0,True,Gpkp / CC BY-SA 4.0 / Wikimedia Commons,2025-07-29,2025-07-30,12.842165,77.518116,False,True,commons
kuppareddy-kere,5,"File:Kuppareddy lake, Bangalore (2025) 12.jpg","https://commons.wikimedia.org/wiki/File:Kuppareddy_lake,_Bangalore_(2025)_12.jpg",https://upload.wikimedia.org/wikipedia/commons/b/b6/Kuppareddy_lake%2C_Bangalore_%282025%29_12.jpg,https://thumb.wikimedia.org/wikipedia/commons/thumb/b/b6/Kuppareddy_lake%2C_Bangalore_%282025%29_12.jpg/960px-Kuppareddy_lake%2C_Bangalore_%282025%29_12.jpg,4080,3072,Gpkp,CC BY-SA 4.0,https://creativecommons.org/licenses/by-sa/4.0,True,Gpkp / CC BY-SA 4.0 / Wikimedia Commons,2025-07-29,2025-07-30,12.842652,77.518408,False,True,commons
kuppareddy-kere,6,"File:Kuppareddy lake, Bangalore (2025) 04.jpg","https://commons.wikimedia.org/wiki/File:Kuppareddy_lake,_Bangalore_(2025)_04.jpg",https://upload.wikimedia.org/wikipedia/commons/7/7f/Kuppareddy_lake%2C_Bangalore_%282025%29_04.jpg,https://thumb.wikimedia.org/wikipedia/commons/thumb/7/7f/Kuppareddy_lake%2C_Bangalore_%282025%29_04.jpg/960px-Kuppareddy_lake%2C_Bangalore_%282025%29_04.jpg,3264,2448,Gpkp,CC BY-SA 4.0,https://creativecommons.org/licenses/by-sa/4.0,True,Gpkp / CC BY-SA 4.0 / Wikimedia Commons,2025-07-29,2025-07-30,12.84209,77.518124,False,True,commons
kuppareddy-kere,7,"File:Kuppareddy lake, Bangalore (2025) 05.jpg","https://commons.wikimedia.org/wiki/File:Kuppareddy_lake,_Bangalore_(2025)_05.jpg",https://upload.wikimedia.org/wikipedia/commons/b/b1/Kuppareddy_lake%2C_Bangalore_%282025%29_05.jpg,https://thumb.wikimedia.org/wikipedia/commons/thumb/b/b1/Kuppareddy_lake%2C_Bangalore_%282025%29_05.jpg/960px-Kuppareddy_lake%2C_Bangalore_%282025%29_05.jpg,3264,2448,Gpkp,CC BY-SA 4.0,https://creativecommons.org/licenses/by-sa/4.0,True,Gpkp / CC BY-SA 4.0 / Wikimedia Commons,2025-07-29,2025-07-30,12.84209,77.518124,False,True,commons
kuppareddy-kere,8,"File:Kuppareddy lake, Bangalore (2025) 06.jpg","https://commons.wikimedia.org/wiki/File:Kuppareddy_lake,_Bangalore_(2025)_06.jpg",https://upload.wikimedia.org/wikipedia/commons/3/3d/Kuppareddy_lake%2C_Bangalore_%282025%29_06.jpg,https://thumb.wikimedia.org/wikipedia/commons/thumb/3/3d/Kuppareddy_lake%2C_Bangalore_%282025%29_06.jpg/960px-Kuppareddy_lake%2C_Bangalore_%282025%29_06.jpg,3264,2448,Gpkp,CC BY-SA 4.0,https://creativecommons.org/licenses/by-sa/4.0,True,Gpkp / CC BY-SA 4.0 / Wikimedia Commons,2025-07-29,2025-07-30,12.84209,77.518124,False,True,commons
lalbagh-kere,1,File:Lake-1-botanical garden-lalbagh-bangaluru-India.jpg,https://commons.wikimedia.org/wiki/File:Lake-1-botanical_garden-lalbagh-bangaluru-India.jpg,https://upload.wikimedia.org/wikipedia/commons/f/fb/Lake-1-botanical_garden-lalbagh-bangaluru-India.jpg,https://thumb.wikimedia.org/wikipedia/commons/thumb/f/fb/Lake-1-botanical_garden-lalbagh-bangaluru-India.jpg/960px-Lake-1-botanical_garden-lalbagh-bangaluru-India.jpg,4608,3456,Yercaud-elango,CC BY-SA 4.0,https://creativecommons.org/licenses/by-sa/4.0,True,Yercaud-elango / CC BY-SA 4.0 / Wikimedia Commons,2022-10-29,2023-01-01,12.944257,77.580858,False,True,commons
lalbagh-kere,2,File:Lake-2-botanical garden-lalbagh-bangaluru-India.jpg,https://commons.wikimedia.org/wiki/File:Lake-2-botanical_garden-lalbagh-bangaluru-India.jpg,https://upload.wikimedia.org/wikipedia/commons/0/08/Lake-2-botanical_garden-lalbagh-bangaluru-India.jpg,https://thumb.wikimedia.org/wikipedia/commons/thumb/0/08/Lake-2-botanical_garden-lalbagh-bangaluru-India.jpg/960px-Lake-2-botanical_garden-lalbagh-bangaluru-India.jpg,4608,3456,Yercaud-elango,CC BY-SA 4.0,https://creativecommons.org/licenses/by-sa/4.0,True,Yercaud-elango / CC BY-SA 4.0 / Wikimedia Commons,2022-10-29,2023-01-01,12.948342,77.581527,False,True,commons
lalbagh-kere,3,"File:Indian Independence day celebration 216th flower show 2024, Lalbagh, Bangalore 04.jpg","https://commons.wikimedia.org/wiki/File:Indian_Independence_day_celebration_216th_flower_show_2024,_Lalbagh,_Bangalore_04.jpg",https://upload.wikimedia.org/wikipedia/commons/4/46/Indian_Independence_day_celebration_216th_flower_show_2024%2C_Lalbagh%2C_Bangalore_04.jpg,https://thumb.wikimedia.org/wikipedia/commons/thumb/4/46/Indian_Independence_day_celebration_216th_flower_show_2024%2C_Lalbagh%2C_Bangalore_04.jpg/960px-Indian_Independence_day_celebration_216th_flower_show_2024%2C_Lalbagh%2C_Bangalore_04.jpg,4080,3072,Gpkp,CC BY-SA 4.0,https://creativecommons.org/licenses/by-sa/4.0,True,Gpkp / CC BY-SA 4.0 / Wikimedia Commons,2024-08-14,2024-08-15,12.949434,77.581464,False,True,commons
lalbagh-kere,4,"File:Indian Independence day celebration 216th flower show 2024, Lalbagh, Bangalore 05.jpg","https://commons.wikimedia.org/wiki/File:Indian_Independence_day_celebration_216th_flower_show_2024,_Lalbagh,_Bangalore_05.jpg",https://upload.wikimedia.org/wikipedia/commons/8/8d/Indian_Independence_day_celebration_216th_flower_show_2024%2C_Lalbagh%2C_Bangalore_05.jpg,https://thumb.wikimedia.org/wikipedia/commons/thumb/8/8d/Indian_Independence_day_celebration_216th_flower_show_2024%2C_Lalbagh%2C_Bangalore_05.jpg/960px-Indian_Independence_day_celebration_216th_flower_show_2024%2C_Lalbagh%2C_Bangalore_05.jpg,4080,3072,Gpkp,CC BY-SA 4.0,https://creativecommons.org/licenses/by-sa/4.0,True,Gpkp / CC BY-SA 4.0 / Wikimedia Commons,2024-08-14,2024-08-15,12.949434,77.581464,False,True,commons
lalbagh-kere,5,"File:Indian Independence day celebration 216th flower show 2024, Lalbagh, Bangalore 06.jpg","https://commons.wikimedia.org/wiki/File:Indian_Independence_day_celebration_216th_flower_show_2024,_Lalbagh,_Bangalore_06.jpg",https://upload.wikimedia.org/wikipedia/commons/f/fd/Indian_Independence_day_celebration_216th_flower_show_2024%2C_Lalbagh%2C_Bangalore_06.jpg,https://thumb.wikimedia.org/wikipedia/commons/thumb/f/fd/Indian_Independence_day_celebration_216th_flower_show_2024%2C_Lalbagh%2C_Bangalore_06.jpg/960px-Indian_Independence_day_celebration_216th_flower_show_2024%2C_Lalbagh%2C_Bangalore_06.jpg,4080,3072,Gpkp,CC BY-SA 4.0,https://creativecommons.org/licenses/by-sa/4.0,True,Gpkp / CC BY-SA 4.0 / Wikimedia Commons,2024-08-14,2024-08-15,12.949434,77.581464,False,True,commons
lalbagh-kere,6,File:Lalbagh tank (4350455671).jpg,https://commons.wikimedia.org/wiki/File:Lalbagh_tank_(4350455671).jpg,https://upload.wikimedia.org/wikipedia/commons/6/6d/Lalbagh_tank_%284350455671%29.jpg,https://thumb.wikimedia.org/wikipedia/commons/thumb/6/6d/Lalbagh_tank_%284350455671%29.jpg/960px-Lalbagh_tank_%284350455671%29.jpg,3648,2736,"Darren Foreman from Surbiton, England",CC BY 2.0,https://creativecommons.org/licenses/by/2.0,True,"Darren Foreman from Surbiton, England / CC BY 2.0 / Wikimedia Commons",2010-02-12,2016-07-08,12.947558,77.585663,False,True,commons
lalbagh-kere,7,File:Lalbagh tank (4350455969).jpg,https://commons.wikimedia.org/wiki/File:Lalbagh_tank_(4350455969).jpg,https://upload.wikimedia.org/wikipedia/commons/8/8b/Lalbagh_tank_%284350455969%29.jpg,https://thumb.wikimedia.org/wikipedia/commons/thumb/8/8b/Lalbagh_tank_%284350455969%29.jpg/960px-Lalbagh_tank_%284350455969%29.jpg,3648,2736,"Darren Foreman from Surbiton, England",CC BY 2.0,https://creativecommons.org/licenses/by/2.0,True,"Darren Foreman from Surbiton, England / CC BY 2.0 / Wikimedia Commons",2010-02-12,2016-07-08,12.947558,77.585669,False,True,commons
lalbagh-kere,8,File:Lotus Pond (4350454683).jpg,https://commons.wikimedia.org/wiki/File:Lotus_Pond_(4350454683).jpg,https://upload.wikimedia.org/wikipedia/commons/0/06/Lotus_Pond_%284350454683%29.jpg,https://thumb.wikimedia.org/wikipedia/commons/thumb/0/06/Lotus_Pond_%284350454683%29.jpg/960px-Lotus_Pond_%284350454683%29.jpg,2736,3648,"Darren Foreman from Surbiton, England",CC BY 2.0,https://creativecommons.org/licenses/by/2.0,True,"Darren Foreman from Surbiton, England / CC BY 2.0 / Wikimedia Commons",2010-02-12,2016-07-08,12.947633,77.585444,False,True,commons
lalbagh-kere,9,File:Lotus Pond (4350455407).jpg,https://commons.wikimedia.org/wiki/File:Lotus_Pond_(4350455407).jpg,https://upload.wikimedia.org/wikipedia/commons/3/34/Lotus_Pond_%284350455407%29.jpg,https://thumb.wikimedia.org/wikipedia/commons/thumb/3/34/Lotus_Pond_%284350455407%29.jpg/960px-Lotus_Pond_%284350455407%29.jpg,3648,2736,"Darren Foreman from Surbiton, England",CC BY 2.0,https://creativecommons.org/licenses/by/2.0,True,"Darren Foreman from Surbiton, England / CC BY 2.0 / Wikimedia Commons",2010-02-12,2016-07-08,12.947477,77.585572,False,True,commons
lalbagh-kere,10,File:Lotus Pond (4350456353).jpg,https://commons.wikimedia.org/wiki/File:Lotus_Pond_(4350456353).jpg,https://upload.wikimedia.org/wikipedia/commons/d/d7/Lotus_Pond_%284350456353%29.jpg,https://thumb.wikimedia.org/wikipedia/commons/thumb/d/d7/Lotus_Pond_%284350456353%29.jpg/960px-Lotus_Pond_%284350456353%29.jpg,3648,2736,"Darren Foreman from Surbiton, England",CC BY 2.0,https://creativecommons.org/licenses/by/2.0,True,"Darren Foreman from Surbiton, England / CC BY 2.0 / Wikimedia Commons",2010-02-12,2016-07-08,12.947577,77.585702,False,True,commons
lalbagh-kere,11,File:Lotus Pond (4351200380).jpg,https://commons.wikimedia.org/wiki/File:Lotus_Pond_(4351200380).jpg,https://upload.wikimedia.org/wikipedia/commons/f/fe/Lotus_Pond_%284351200380%29.jpg,https://thumb.wikimedia.org/wikipedia/commons/thumb/f/fe/Lotus_Pond_%284351200380%29.jpg/960px-Lotus_Pond_%284351200380%29.jpg,3648,2736,"Darren Foreman from Surbiton, England",CC BY 2.0,https://creativecommons.org/licenses/by/2.0,True,"Darren Foreman from Surbiton, England / CC BY 2.0 / Wikimedia Commons",2010-02-12,2016-07-08,12.947655,77.585486,False,True,commons
lalbagh-kere,12,File:Lotus Pond (4351201230).jpg,https://commons.wikimedia.org/wiki/File:Lotus_Pond_(4351201230).jpg,https://upload.wikimedia.org/wikipedia/commons/d/dd/Lotus_Pond_%284351201230%29.jpg,https://thumb.wikimedia.org/wikipedia/commons/thumb/d/dd/Lotus_Pond_%284351201230%29.jpg/960px-Lotus_Pond_%284351201230%29.jpg,3648,2736,"Darren Foreman from Surbiton, England",CC BY 2.0,https://creativecommons.org/licenses/by/2.0,True,"Darren Foreman from Surbiton, England / CC BY 2.0 / Wikimedia Commons",2010-02-12,2016-07-08,12.947619,77.585433,False,True,commons
madavara-kere,1,"File:Anchepalya lake, Bangalore (2025) 01.jpg","https://commons.wikimedia.org/wiki/File:Anchepalya_lake,_Bangalore_(2025)_01.jpg",https://upload.wikimedia.org/wikipedia/commons/f/fe/Anchepalya_lake%2C_Bangalore_%282025%29_01.jpg,https://thumb.wikimedia.org/wikipedia/commons/thumb/f/fe/Anchepalya_lake%2C_Bangalore_%282025%29_01.jpg/960px-Anchepalya_lake%2C_Bangalore_%282025%29_01.jpg,4080,3072,Gpkp,CC BY-SA 4.0,https://creativecommons.org/licenses/by-sa/4.0,True,Gpkp / CC BY-SA 4.0 / Wikimedia Commons,2025-07-23,2025-07-23,13.05432,77.478488,False,True,commons
madavara-kere,2,"File:Anchepalya lake, Bangalore (2025) 02.jpg","https://commons.wikimedia.org/wiki/File:Anchepalya_lake,_Bangalore_(2025)_02.jpg",https://upload.wikimedia.org/wikipedia/commons/3/35/Anchepalya_lake%2C_Bangalore_%282025%29_02.jpg,https://thumb.wikimedia.org/wikipedia/commons/thumb/3/35/Anchepalya_lake%2C_Bangalore_%282025%29_02.jpg/960px-Anchepalya_lake%2C_Bangalore_%282025%29_02.jpg,4080,3072,Gpkp,CC BY-SA 4.0,https://creativecommons.org/licenses/by-sa/4.0,True,Gpkp / CC BY-SA 4.0 / Wikimedia Commons,2025-07-23,2025-07-23,13.051866,77.482071,False,True,commons
madavara-kere,3,"File:Anchepalya lake, Bangalore (2025) 04.jpg","https://commons.wikimedia.org/wiki/File:Anchepalya_lake,_Bangalore_(2025)_04.jpg",https://upload.wikimedia.org/wikipedia/commons/8/87/Anchepalya_lake%2C_Bangalore_%282025%29_04.jpg,https://thumb.wikimedia.org/wikipedia/commons/thumb/8/87/Anchepalya_lake%2C_Bangalore_%282025%29_04.jpg/960px-Anchepalya_lake%2C_Bangalore_%282025%29_04.jpg,4080,3072,Gpkp,CC BY-SA 4.0,https://creativecommons.org/licenses/by-sa/4.0,True,Gpkp / CC BY-SA 4.0 / Wikimedia Commons,2025-07-23,2025-07-23,13.052698,77.478324,False,True,commons
madavara-kere,4,"File:Anchepalya lake, Bangalore (2025) 05.jpg","https://commons.wikimedia.org/wiki/File:Anchepalya_lake,_Bangalore_(2025)_05.jpg",https://upload.wikimedia.org/wikipedia/commons/4/4b/Anchepalya_lake%2C_Bangalore_%282025%29_05.jpg,https://thumb.wikimedia.org/wikipedia/commons/thumb/4/4b/Anchepalya_lake%2C_Bangalore_%282025%29_05.jpg/960px-Anchepalya_lake%2C_Bangalore_%282025%29_05.jpg,4080,3072,Gpkp,CC BY-SA 4.0,https://creativecommons.org/licenses/by-sa/4.0,True,Gpkp / CC BY-SA 4.0 / Wikimedia Commons,2025-07-23,2025-07-23,13.05247,77.477938,False,True,commons
madavara-kere,5,"File:Anchepalya lake, Bangalore (2025) 06.jpg","https://commons.wikimedia.org/wiki/File:Anchepalya_lake,_Bangalore_(2025)_06.jpg",https://upload.wikimedia.org/wikipedia/commons/6/68/Anchepalya_lake%2C_Bangalore_%282025%29_06.jpg,https://thumb.wikimedia.org/wikipedia/commons/thumb/6/68/Anchepalya_lake%2C_Bangalore_%282025%29_06.jpg/960px-Anchepalya_lake%2C_Bangalore_%282025%29_06.jpg,4080,3072,Gpkp,CC BY-SA 4.0,https://creativecommons.org/licenses/by-sa/4.0,True,Gpkp / CC BY-SA 4.0 / Wikimedia Commons,2025-07-23,2025-07-23,13.051874,77.482058,False,True,commons
madavara-kere,6,"File:Anchepalya lake, Bangalore (2025) 07.jpg","https://commons.wikimedia.org/wiki/File:Anchepalya_lake,_Bangalore_(2025)_07.jpg",https://upload.wikimedia.org/wikipedia/commons/7/7d/Anchepalya_lake%2C_Bangalore_%282025%29_07.jpg,https://thumb.wikimedia.org/wikipedia/commons/thumb/7/7d/Anchepalya_lake%2C_Bangalore_%282025%29_07.jpg/960px-Anchepalya_lake%2C_Bangalore_%282025%29_07.jpg,4080,3072,Gpkp,CC BY-SA 4.0,https://creativecommons.org/licenses/by-sa/4.0,True,Gpkp / CC BY-SA 4.0 / Wikimedia Commons,2025-07-23,2025-07-23,13.051484,77.477948,False,True,commons
madhure-kere,1,File:Madhure Kere (30403380642).jpg,https://commons.wikimedia.org/wiki/File:Madhure_Kere_(30403380642).jpg,https://upload.wikimedia.org/wikipedia/commons/3/35/Madhure_Kere_%2830403380642%29.jpg,https://thumb.wikimedia.org/wikipedia/commons/thumb/3/35/Madhure_Kere_%2830403380642%29.jpg/960px-Madhure_Kere_%2830403380642%29.jpg,2048,1409,"Mike Prince from Bangalore, India",CC BY 2.0,https://creativecommons.org/licenses/by/2.0,True,"Mike Prince from Bangalore, India / CC BY 2.0 / Wikimedia Commons",2016-10-22,2021-11-09,13.217998,77.443817,False,True,commons
madhure-kere,2,File:Madhure Kere (33332827038).jpg,https://commons.wikimedia.org/wiki/File:Madhure_Kere_(33332827038).jpg,https://upload.wikimedia.org/wikipedia/commons/e/e5/Madhure_Kere_%2833332827038%29.jpg,https://thumb.wikimedia.org/wikipedia/commons/thumb/e/e5/Madhure_Kere_%2833332827038%29.jpg/960px-Madhure_Kere_%2833332827038%29.jpg,2048,1152,"Mike Prince from Bangalore, India",CC BY 2.0,https://creativecommons.org/licenses/by/2.0,True,"Mike Prince from Bangalore, India / CC BY 2.0 / Wikimedia Commons",2017-03-05,2021-11-09,13.215207,77.44825,False,True,commons
madiwala-lake,1,"File:Sunrise at Madiwala lake, Bengaluru.jpg","https://commons.wikimedia.org/wiki/File:Sunrise_at_Madiwala_lake,_Bengaluru.jpg",https://upload.wikimedia.org/wikipedia/commons/5/52/Sunrise_at_Madiwala_lake%2C_Bengaluru.jpg,https://thumb.wikimedia.org/wikipedia/commons/thumb/5/52/Sunrise_at_Madiwala_lake%2C_Bengaluru.jpg/960px-Sunrise_at_Madiwala_lake%2C_Bengaluru.jpg,4608,3456,Nocturnal Atavistic,CC BY-SA 4.0,https://creativecommons.org/licenses/by-sa/4.0,True,Nocturnal Atavistic / CC BY-SA 4.0 / Wikimedia Commons,2021,2021-03-25,12.908611,77.615278,True,True,commons
madiwala-lake,2,File:Island in Madiwala Lake.jpg,https://commons.wikimedia.org/wiki/File:Island_in_Madiwala_Lake.jpg,https://upload.wikimedia.org/wikipedia/commons/4/48/Island_in_Madiwala_Lake.jpg,https://thumb.wikimedia.org/wikipedia/commons/thumb/4/48/Island_in_Madiwala_Lake.jpg/960px-Island_in_Madiwala_Lake.jpg,4224,2368,Ashwin06k,CC BY-SA 4.0,https://creativecommons.org/licenses/by-sa/4.0,True,Ashwin06k / CC BY-SA 4.0 / Wikimedia Commons,2015-07-12,2016-06-06,12.906593,77.613968,True,True,commons
madiwala-lake,3,"File:BTM lake, Bangalore.jpg","https://commons.wikimedia.org/wiki/File:BTM_lake,_Bangalore.jpg",https://upload.wikimedia.org/wikipedia/commons/1/17/BTM_lake%2C_Bangalore.jpg,https://thumb.wikimedia.org/wikipedia/commons/thumb/1/17/BTM_lake%2C_Bangalore.jpg/960px-BTM_lake%2C_Bangalore.jpg,2368,4224,Ashwin06k,CC BY-SA 4.0,https://creativecommons.org/licenses/by-sa/4.0,True,Ashwin06k / CC BY-SA 4.0 / Wikimedia Commons,2015-07-02,2016-06-06,12.90766,77.61612,True,True,commons
madiwala-lake,4,"File:Madiwala Lake, Bangalore.jpg","https://commons.wikimedia.org/wiki/File:Madiwala_Lake,_Bangalore.jpg",https://upload.wikimedia.org/wikipedia/commons/8/88/Madiwala_Lake%2C_Bangalore.jpg,https://thumb.wikimedia.org/wikipedia/commons/thumb/8/88/Madiwala_Lake%2C_Bangalore.jpg/960px-Madiwala_Lake%2C_Bangalore.jpg,4224,2368,Ashwin06k,CC BY-SA 4.0,https://creativecommons.org/licenses/by-sa/4.0,True,Ashwin06k / CC BY-SA 4.0 / Wikimedia Commons,2015-07-02,2016-06-06,12.90766,77.61612,True,True,commons
madiwala-lake,5,"File:View from a boat in Madivala lake, Madivala, Bangalore.jpg","https://commons.wikimedia.org/wiki/File:View_from_a_boat_in_Madivala_lake,_Madivala,_Bangalore.jpg",https://upload.wikimedia.org/wikipedia/commons/3/31/View_from_a_boat_in_Madivala_lake%2C_Madivala%2C_Bangalore.jpg,https://thumb.wikimedia.org/wikipedia/commons/thumb/3/31/View_from_a_boat_in_Madivala_lake%2C_Madivala%2C_Bangalore.jpg/960px-View_from_a_boat_in_Madivala_lake%2C_Madivala%2C_Bangalore.jpg,3264,2448,User:psubhashish,CC BY-SA 3.0,https://creativecommons.org/licenses/by-sa/3.0,True,User:psubhashish / CC BY-SA 3.0 / Wikimedia Commons,2013,2013-09-17,12.907333,77.616667,True,True,commons
madiwala-lake,6,File:Madiwala lake.jpg,https://commons.wikimedia.org/wiki/File:Madiwala_lake.jpg,https://upload.wikimedia.org/wikipedia/commons/e/ec/Madiwala_lake.jpg,https://thumb.wikimedia.org/wikipedia/commons/thumb/e/ec/Madiwala_lake.jpg/960px-Madiwala_lake.jpg,3456,2160,Kandukuru Nagarjun,CC BY 2.0,https://creativecommons.org/licenses/by/2.0,True,Kandukuru Nagarjun / CC BY 2.0 / Wikimedia Commons,2011-08-21,2022-11-20,,,True,True,commons
madiwala-lake,7,File:Birds at Madiwala Lake.jpg,https://commons.wikimedia.org/wiki/File:Birds_at_Madiwala_Lake.jpg,https://upload.wikimedia.org/wikipedia/commons/4/4d/Birds_at_Madiwala_Lake.jpg,https://thumb.wikimedia.org/wikipedia/commons/thumb/4/4d/Birds_at_Madiwala_Lake.jpg/960px-Birds_at_Madiwala_Lake.jpg,4000,1844,Sanjeevengineer,CC BY-SA 4.0,https://creativecommons.org/licenses/by-sa/4.0,True,Sanjeevengineer / CC BY-SA 4.0 / Wikimedia Commons,2021-06-25,2021-07-01,,,True,True,commons
madiwala-lake,8,File:Early Morning View.jpg,https://commons.wikimedia.org/wiki/File:Early_Morning_View.jpg,https://upload.wikimedia.org/wikipedia/commons/2/22/Early_Morning_View.jpg,https://thumb.wikimedia.org/wikipedia/commons/thumb/2/22/Early_Morning_View.jpg/960px-Early_Morning_View.jpg,4000,1844,Sanjeevengineer,CC BY-SA 4.0,https://creativecommons.org/licenses/by-sa/4.0,True,Sanjeevengineer / CC BY-SA 4.0 / Wikimedia Commons,2021-06-25,2021-07-01,,,True,True,commons
madiwala-lake,9,File:Madiwala Lake Greens.jpg,https://commons.wikimedia.org/wiki/File:Madiwala_Lake_Greens.jpg,https://upload.wikimedia.org/wikipedia/commons/4/42/Madiwala_Lake_Greens.jpg,https://thumb.wikimedia.org/wikipedia/commons/thumb/4/42/Madiwala_Lake_Greens.jpg/960px-Madiwala_Lake_Greens.jpg,4000,1844,Sanjeevengineer,CC BY-SA 4.0,https://creativecommons.org/licenses/by-sa/4.0,True,Sanjeevengineer / CC BY-SA 4.0 / Wikimedia Commons,2021-06-25,2021-07-01,,,True,True,commons
madiwala-lake,10,File:Madiwala Lake West Side.jpg,https://commons.wikimedia.org/wiki/File:Madiwala_Lake_West_Side.jpg,https://upload.wikimedia.org/wikipedia/commons/4/40/Madiwala_Lake_West_Side.jpg,https://thumb.wikimedia.org/wikipedia/commons/thumb/4/40/Madiwala_Lake_West_Side.jpg/960px-Madiwala_Lake_West_Side.jpg,4000,1844,Sanjeevengineer,CC BY-SA 4.0,https://creativecommons.org/licenses/by-sa/4.0,True,Sanjeevengineer / CC BY-SA 4.0 / Wikimedia Commons,2021-06-25,2021-07-01,,,True,True,commons
madiwala-lake,11,File:Morning View Madiwala.jpg,https://commons.wikimedia.org/wiki/File:Morning_View_Madiwala.jpg,https://upload.wikimedia.org/wikipedia/commons/c/cc/Morning_View_Madiwala.jpg,https://thumb.wikimedia.org/wikipedia/commons/thumb/c/cc/Morning_View_Madiwala.jpg/960px-Morning_View_Madiwala.jpg,4000,1844,Sanjeevengineer,CC BY-SA 4.0,https://creativecommons.org/licenses/by-sa/4.0,True,Sanjeevengineer / CC BY-SA 4.0 / Wikimedia Commons,2021-06-25,2021-07-01,,,True,True,commons
madiwala-lake,12,"File:Sunrise at Madiwala Lake,BTM IInd stage,Bangalore.jpg","https://commons.wikimedia.org/wiki/File:Sunrise_at_Madiwala_Lake,BTM_IInd_stage,Bangalore.jpg",https://upload.wikimedia.org/wikipedia/commons/7/72/Sunrise_at_Madiwala_Lake%2CBTM_IInd_stage%2CBangalore.jpg,https://thumb.wikimedia.org/wikipedia/commons/thumb/7/72/Sunrise_at_Madiwala_Lake%2CBTM_IInd_stage%2CBangalore.jpg/960px-Sunrise_at_Madiwala_Lake%2CBTM_IInd_stage%2CBangalore.jpg,3072,2304,Sharadoo,CC BY-SA 4.0,https://creativecommons.org/licenses/by-sa/4.0,True,Sharadoo / CC BY-SA 4.0 / Wikimedia Commons,2007-11-26,2016-06-30,,,True,True,commons
mahadeva-kodigehalli-lake,1,File:Kotnathevaru Lake (28818338067).jpg,https://commons.wikimedia.org/wiki/File:Kotnathevaru_Lake_(28818338067).jpg,https://upload.wikimedia.org/wikipedia/commons/9/91/Kotnathevaru_Lake_%2828818338067%29.jpg,https://thumb.wikimedia.org/wikipedia/commons/thumb/9/91/Kotnathevaru_Lake_%2828818338067%29.jpg/960px-Kotnathevaru_Lake_%2828818338067%29.jpg,2048,1152,"Mike Prince from Bangalore, India",CC BY 2.0,https://creativecommons.org/licenses/by/2.0,True,"Mike Prince from Bangalore, India / CC BY 2.0 / Wikimedia Commons",2018-07-28,2021-11-09,13.13753,77.711906,False,True,commons
mahadeva-kodigehalli-lake,2,File:Kotnathevaru Lake (28818340427).jpg,https://commons.wikimedia.org/wiki/File:Kotnathevaru_Lake_(28818340427).jpg,https://upload.wikimedia.org/wikipedia/commons/f/f6/Kotnathevaru_Lake_%2828818340427%29.jpg,https://thumb.wikimedia.org/wikipedia/commons/thumb/f/f6/Kotnathevaru_Lake_%2828818340427%29.jpg/960px-Kotnathevaru_Lake_%2828818340427%29.jpg,2048,1152,"Mike Prince from Bangalore, India",CC BY 2.0,https://creativecommons.org/licenses/by/2.0,True,"Mike Prince from Bangalore, India / CC BY 2.0 / Wikimedia Commons",2018-07-28,2021-11-09,13.137539,77.711891,False,True,commons
manganahalli-lake,1,File:Ramasandra 1340CE Cheneyanayaka's Lake Building Inscription (Back Side).jpg,https://commons.wikimedia.org/wiki/File:Ramasandra_1340CE_Cheneyanayaka%27s_Lake_Building_Inscription_(Back_Side).jpg,https://upload.wikimedia.org/wikipedia/commons/a/a6/Ramasandra_1340CE_Cheneyanayaka%27s_Lake_Building_Inscription_%28Back_Side%29.jpg,https://thumb.wikimedia.org/wikipedia/commons/thumb/a/a6/Ramasandra_1340CE_Cheneyanayaka%27s_Lake_Building_Inscription_%28Back_Side%29.jpg/960px-Ramasandra_1340CE_Cheneyanayaka%27s_Lake_Building_Inscription_%28Back_Side%29.jpg,2592,1944,Mythic Society Inscriptions 3D Scanning Project,CC BY-SA 4.0,https://creativecommons.org/licenses/by-sa/4.0,True,Mythic Society Inscriptions 3D Scanning Project / CC BY-SA 4.0 / Wikimedia Commons,2022-11-18,2024-01-18,12.948006,77.462047,False,True,commons
manganahalli-lake,2,File:Ramasandra 1340CE Cheneyanayaka's Lake Building Inscription (Front Side).jpg,https://commons.wikimedia.org/wiki/File:Ramasandra_1340CE_Cheneyanayaka%27s_Lake_Building_Inscription_(Front_Side).jpg,https://upload.wikimedia.org/wikipedia/commons/6/6c/Ramasandra_1340CE_Cheneyanayaka%27s_Lake_Building_Inscription_%28Front_Side%29.jpg,https://thumb.wikimedia.org/wikipedia/commons/thumb/6/6c/Ramasandra_1340CE_Cheneyanayaka%27s_Lake_Building_Inscription_%28Front_Side%29.jpg/960px-Ramasandra_1340CE_Cheneyanayaka%27s_Lake_Building_Inscription_%28Front_Side%29.jpg,1944,2592,Mythic Society Inscriptions 3D Scanning Project,CC BY-SA 4.0,https://creativecommons.org/licenses/by-sa/4.0,True,Mythic Society Inscriptions 3D Scanning Project / CC BY-SA 4.0 / Wikimedia Commons,2022-11-18,2024-01-18,12.948006,77.462047,False,True,commons
manganahalli-lake,3,File:Digital Image of the Ramasandra 1340CE Cheneyanayakaʼs Lake Building Inscription 03.png,https://commons.wikimedia.org/wiki/File:Digital_Image_of_the_Ramasandra_1340CE_Cheneyanayaka%CA%BCs_Lake_Building_Inscription_03.png,https://upload.wikimedia.org/wikipedia/commons/d/da/Digital_Image_of_the_Ramasandra_1340CE_Cheneyanayaka%CA%BCs_Lake_Building_Inscription_03.png,https://upload.wikimedia.org/wikipedia/commons/d/da/Digital_Image_of_the_Ramasandra_1340CE_Cheneyanayaka%CA%BCs_Lake_Building_Inscription_03.png,500,928,Shashikumara Naik K C,CC BY-SA 4.0,https://creativecommons.org/licenses/by-sa/4.0,True,Shashikumara Naik K C / CC BY-SA 4.0 / Wikimedia Commons,2025-08-18,2025-08-18,12.94805,77.46187,False,True,commons
manganahalli-lake,4,File:Digital Image of the Ramasandra 1340CE Cheneyanayakaʼs Lake Building Inscription 04.png,https://commons.wikimedia.org/wiki/File:Digital_Image_of_the_Ramasandra_1340CE_Cheneyanayaka%CA%BCs_Lake_Building_Inscription_04.png,https://upload.wikimedia.org/wikipedia/commons/5/58/Digital_Image_of_the_Ramasandra_1340CE_Cheneyanayaka%CA%BCs_Lake_Building_Inscription_04.png,https://upload.wikimedia.org/wikipedia/commons/5/58/Digital_Image_of_the_Ramasandra_1340CE_Cheneyanayaka%CA%BCs_Lake_Building_Inscription_04.png,490,928,Shashikumara Naik K C,CC BY-SA 4.0,https://creativecommons.org/licenses/by-sa/4.0,True,Shashikumara Naik K C / CC BY-SA 4.0 / Wikimedia Commons,2025-08-18,2025-08-18,12.94805,77.46187,False,True,commons
manganahalli-lake,5,File:Digital Image of the Ramasandra 1340CE Cheneyanayakaʼs Lake Building Inscription 06.png,https://commons.wikimedia.org/wiki/File:Digital_Image_of_the_Ramasandra_1340CE_Cheneyanayaka%CA%BCs_Lake_Building_Inscription_06.png,https://upload.wikimedia.org/wikipedia/commons/0/07/Digital_Image_of_the_Ramasandra_1340CE_Cheneyanayaka%CA%BCs_Lake_Building_Inscription_06.png,https://upload.wikimedia.org/wikipedia/commons/0/07/Digital_Image_of_the_Ramasandra_1340CE_Cheneyanayaka%CA%BCs_Lake_Building_Inscription_06.png,479,928,Shashikumara Naik K C,CC BY-SA 4.0,https://creativecommons.org/licenses/by-sa/4.0,True,Shashikumara Naik K C / CC BY-SA 4.0 / Wikimedia Commons,2025-08-18,2025-08-18,12.94805,77.46187,False,True,commons
manganahalli-lake,6,File:Digital Image of the Ramasandra 1340CE Cheneyanayakaʼs Lake Building Inscription 05.png,https://commons.wikimedia.org/wiki/File:Digital_Image_of_the_Ramasandra_1340CE_Cheneyanayaka%CA%BCs_Lake_Building_Inscription_05.png,https://upload.wikimedia.org/wikipedia/commons/1/11/Digital_Image_of_the_Ramasandra_1340CE_Cheneyanayaka%CA%BCs_Lake_Building_Inscription_05.png,https://upload.wikimedia.org/wikipedia/commons/1/11/Digital_Image_of_the_Ramasandra_1340CE_Cheneyanayaka%CA%BCs_Lake_Building_Inscription_05.png,476,928,Shashikumara Naik K C,CC BY-SA 4.0,https://creativecommons.org/licenses/by-sa/4.0,True,Shashikumara Naik K C / CC BY-SA 4.0 / Wikimedia Commons,2025-08-18,2025-08-18,12.94805,77.46187,False,True,commons
manganahalli-lake,7,File:Digital Image of the Ramasandra 1340CE Cheneyanayakaʼs Lake Building Inscription 01.png,https://commons.wikimedia.org/wiki/File:Digital_Image_of_the_Ramasandra_1340CE_Cheneyanayaka%CA%BCs_Lake_Building_Inscription_01.png,https://upload.wikimedia.org/wikipedia/commons/b/b5/Digital_Image_of_the_Ramasandra_1340CE_Cheneyanayaka%CA%BCs_Lake_Building_Inscription_01.png,https://upload.wikimedia.org/wikipedia/commons/b/b5/Digital_Image_of_the_Ramasandra_1340CE_Cheneyanayaka%CA%BCs_Lake_Building_Inscription_01.png,451,898,Shashikumara Naik K C,CC BY-SA 4.0,https://creativecommons.org/licenses/by-sa/4.0,True,Shashikumara Naik K C / CC BY-SA 4.0 / Wikimedia Commons,2025-08-18,2025-08-18,12.94805,77.46187,False,True,commons
manganahalli-lake,8,File:Digital Image of the Ramasandra 1340CE Cheneyanayakaʼs Lake Building Inscription 02.png,https://commons.wikimedia.org/wiki/File:Digital_Image_of_the_Ramasandra_1340CE_Cheneyanayaka%CA%BCs_Lake_Building_Inscription_02.png,https://upload.wikimedia.org/wikipedia/commons/6/64/Digital_Image_of_the_Ramasandra_1340CE_Cheneyanayaka%CA%BCs_Lake_Building_Inscription_02.png,https://upload.wikimedia.org/wikipedia/commons/6/64/Digital_Image_of_the_Ramasandra_1340CE_Cheneyanayaka%CA%BCs_Lake_Building_Inscription_02.png,425,898,Shashikumara Naik K C,CC BY-SA 4.0,https://creativecommons.org/licenses/by-sa/4.0,True,Shashikumara Naik K C / CC BY-SA 4.0 / Wikimedia Commons,2025-08-18,2025-08-18,12.94805,77.46187,False,True,commons
moge-kere,1,"File:Uttarahalli lake, Bangalore (2025) 06.jpg","https://commons.wikimedia.org/wiki/File:Uttarahalli_lake,_Bangalore_(2025)_06.jpg",https://upload.wikimedia.org/wikipedia/commons/f/f0/Uttarahalli_lake%2C_Bangalore_%282025%29_06.jpg,https://thumb.wikimedia.org/wikipedia/commons/thumb/f/f0/Uttarahalli_lake%2C_Bangalore_%282025%29_06.jpg/960px-Uttarahalli_lake%2C_Bangalore_%282025%29_06.jpg,4080,3072,Gpkp,CC BY-SA 4.0,https://creativecommons.org/licenses/by-sa/4.0,True,Gpkp / CC BY-SA 4.0 / Wikimedia Commons,2025-09-02,2025-09-02,12.907604,77.541149,True,True,commons
moge-kere,2,"File:Uttarahalli lake, Bangalore (2025) 08.jpg","https://commons.wikimedia.org/wiki/File:Uttarahalli_lake,_Bangalore_(2025)_08.jpg",https://upload.wikimedia.org/wikipedia/commons/c/c6/Uttarahalli_lake%2C_Bangalore_%282025%29_08.jpg,https://thumb.wikimedia.org/wikipedia/commons/thumb/c/c6/Uttarahalli_lake%2C_Bangalore_%282025%29_08.jpg/960px-Uttarahalli_lake%2C_Bangalore_%282025%29_08.jpg,4080,3072,Gpkp,CC BY-SA 4.0,https://creativecommons.org/licenses/by-sa/4.0,True,Gpkp / CC BY-SA 4.0 / Wikimedia Commons,2025-09-02,2025-09-02,12.90881,77.541317,True,True,commons
moge-kere,3,"File:Uttarahalli lake, Bangalore (2025) 12.jpg","https://commons.wikimedia.org/wiki/File:Uttarahalli_lake,_Bangalore_(2025)_12.jpg",https://upload.wikimedia.org/wikipedia/commons/b/bb/Uttarahalli_lake%2C_Bangalore_%282025%29_12.jpg,https://thumb.wikimedia.org/wikipedia/commons/thumb/b/bb/Uttarahalli_lake%2C_Bangalore_%282025%29_12.jpg/960px-Uttarahalli_lake%2C_Bangalore_%282025%29_12.jpg,4080,3072,Gpkp,CC BY-SA 4.0,https://creativecommons.org/licenses/by-sa/4.0,True,Gpkp / CC BY-SA 4.0 / Wikimedia Commons,2025-09-02,2025-09-02,12.908903,77.541706,True,True,commons
moge-kere,4,"File:Uttarahalli lake, Bangalore (2025) 14.jpg","https://commons.wikimedia.org/wiki/File:Uttarahalli_lake,_Bangalore_(2025)_14.jpg",https://upload.wikimedia.org/wikipedia/commons/e/e8/Uttarahalli_lake%2C_Bangalore_%282025%29_14.jpg,https://thumb.wikimedia.org/wikipedia/commons/thumb/e/e8/Uttarahalli_lake%2C_Bangalore_%282025%29_14.jpg/960px-Uttarahalli_lake%2C_Bangalore_%282025%29_14.jpg,4080,3072,Gpkp,CC BY-SA 4.0,https://creativecommons.org/licenses/by-sa/4.0,True,Gpkp / CC BY-SA 4.0 / Wikimedia Commons,2025-09-02,2025-09-02,12.908413,77.54294,True,True,commons
moge-kere,5,"File:Uttarahalli lake, Bangalore (2025) 15.jpg","https://commons.wikimedia.org/wiki/File:Uttarahalli_lake,_Bangalore_(2025)_15.jpg",https://upload.wikimedia.org/wikipedia/commons/f/f7/Uttarahalli_lake%2C_Bangalore_%282025%29_15.jpg,https://thumb.wikimedia.org/wikipedia/commons/thumb/f/f7/Uttarahalli_lake%2C_Bangalore_%282025%29_15.jpg/960px-Uttarahalli_lake%2C_Bangalore_%282025%29_15.jpg,4080,3072,Gpkp,CC BY-SA 4.0,https://creativecommons.org/licenses/by-sa/4.0,True,Gpkp / CC BY-SA 4.0 / Wikimedia Commons,2025-09-02,2025-09-02,12.908492,77.542643,True,True,commons
moge-kere,6,"File:Uttarahalli lake, Bangalore (2024) 01.jpg","https://commons.wikimedia.org/wiki/File:Uttarahalli_lake,_Bangalore_(2024)_01.jpg",https://upload.wikimedia.org/wikipedia/commons/b/ba/Uttarahalli_lake%2C_Bangalore_%282024%29_01.jpg,https://thumb.wikimedia.org/wikipedia/commons/thumb/b/ba/Uttarahalli_lake%2C_Bangalore_%282024%29_01.jpg/960px-Uttarahalli_lake%2C_Bangalore_%282024%29_01.jpg,4080,3072,Gpkp,CC BY-SA 4.0,https://creativecommons.org/licenses/by-sa/4.0,True,Gpkp / CC BY-SA 4.0 / Wikimedia Commons,2024-06-25,2024-06-26,12.907709,77.541066,True,True,commons
moge-kere,7,"File:Uttarahalli lake, Bangalore (2024) 02.jpg","https://commons.wikimedia.org/wiki/File:Uttarahalli_lake,_Bangalore_(2024)_02.jpg",https://upload.wikimedia.org/wikipedia/commons/e/e5/Uttarahalli_lake%2C_Bangalore_%282024%29_02.jpg,https://thumb.wikimedia.org/wikipedia/commons/thumb/e/e5/Uttarahalli_lake%2C_Bangalore_%282024%29_02.jpg/960px-Uttarahalli_lake%2C_Bangalore_%282024%29_02.jpg,4080,3072,Gpkp,CC BY-SA 4.0,https://creativecommons.org/licenses/by-sa/4.0,True,Gpkp / CC BY-SA 4.0 / Wikimedia Commons,2024-06-25,2024-06-26,12.907709,77.541066,True,True,commons
moge-kere,8,"File:Uttarahalli lake, Bangalore (2024) 03.jpg","https://commons.wikimedia.org/wiki/File:Uttarahalli_lake,_Bangalore_(2024)_03.jpg",https://upload.wikimedia.org/wikipedia/commons/1/18/Uttarahalli_lake%2C_Bangalore_%282024%29_03.jpg,https://thumb.wikimedia.org/wikipedia/commons/thumb/1/18/Uttarahalli_lake%2C_Bangalore_%282024%29_03.jpg/960px-Uttarahalli_lake%2C_Bangalore_%282024%29_03.jpg,4080,3072,Gpkp,CC BY-SA 4.0,https://creativecommons.org/licenses/by-sa/4.0,True,Gpkp / CC BY-SA 4.0 / Wikimedia Commons,2024-06-25,2024-06-26,12.907709,77.541066,True,True,commons
moge-kere,9,"File:Uttarahalli lake, Bangalore (2024) 04.jpg","https://commons.wikimedia.org/wiki/File:Uttarahalli_lake,_Bangalore_(2024)_04.jpg",https://upload.wikimedia.org/wikipedia/commons/3/35/Uttarahalli_lake%2C_Bangalore_%282024%29_04.jpg,https://thumb.wikimedia.org/wikipedia/commons/thumb/3/35/Uttarahalli_lake%2C_Bangalore_%282024%29_04.jpg/960px-Uttarahalli_lake%2C_Bangalore_%282024%29_04.jpg,4080,3072,Gpkp,CC BY-SA 4.0,https://creativecommons.org/licenses/by-sa/4.0,True,Gpkp / CC BY-SA 4.0 / Wikimedia Commons,2024-06-25,2024-06-26,12.90743,77.540669,True,True,commons
moge-kere,10,"File:Uttarahalli lake, Bangalore (2025) 01.jpg","https://commons.wikimedia.org/wiki/File:Uttarahalli_lake,_Bangalore_(2025)_01.jpg",https://upload.wikimedia.org/wikipedia/commons/d/d6/Uttarahalli_lake%2C_Bangalore_%282025%29_01.jpg,https://thumb.wikimedia.org/wikipedia/commons/thumb/d/d6/Uttarahalli_lake%2C_Bangalore_%282025%29_01.jpg/960px-Uttarahalli_lake%2C_Bangalore_%282025%29_01.jpg,3264,2448,Gpkp,CC BY-SA 4.0,https://creativecommons.org/licenses/by-sa/4.0,True,Gpkp / CC BY-SA 4.0 / Wikimedia Commons,2025-09-02,2025-09-02,12.907017,77.541539,True,True,commons
moge-kere,11,"File:Uttarahalli lake, Bangalore (2025) 02.jpg","https://commons.wikimedia.org/wiki/File:Uttarahalli_lake,_Bangalore_(2025)_02.jpg",https://upload.wikimedia.org/wikipedia/commons/e/ef/Uttarahalli_lake%2C_Bangalore_%282025%29_02.jpg,https://thumb.wikimedia.org/wikipedia/commons/thumb/e/ef/Uttarahalli_lake%2C_Bangalore_%282025%29_02.jpg/960px-Uttarahalli_lake%2C_Bangalore_%282025%29_02.jpg,3264,2448,Gpkp,CC BY-SA 4.0,https://creativecommons.org/licenses/by-sa/4.0,True,Gpkp / CC BY-SA 4.0 / Wikimedia Commons,2025-09-02,2025-09-02,12.906949,77.54172,True,True,commons
moge-kere,12,"File:Uttarahalli lake, Bangalore (2025) 03.jpg","https://commons.wikimedia.org/wiki/File:Uttarahalli_lake,_Bangalore_(2025)_03.jpg",https://upload.wikimedia.org/wikipedia/commons/b/b9/Uttarahalli_lake%2C_Bangalore_%282025%29_03.jpg,https://thumb.wikimedia.org/wikipedia/commons/thumb/b/b9/Uttarahalli_lake%2C_Bangalore_%282025%29_03.jpg/960px-Uttarahalli_lake%2C_Bangalore_%282025%29_03.jpg,3264,2448,Gpkp,CC BY-SA 4.0,https://creativecommons.org/licenses/by-sa/4.0,True,Gpkp / CC BY-SA 4.0 / Wikimedia Commons,2025-09-02,2025-09-02,12.907207,77.541231,True,True,commons
nagawara-lake,1,File:IBM Manyata office - View from Lumbini garden 1.JPG,https://commons.wikimedia.org/wiki/File:IBM_Manyata_office_-_View_from_Lumbini_garden_1.JPG,https://upload.wikimedia.org/wikipedia/commons/1/16/IBM_Manyata_office_-_View_from_Lumbini_garden_1.JPG,https://thumb.wikimedia.org/wikipedia/commons/thumb/1/16/IBM_Manyata_office_-_View_from_Lumbini_garden_1.JPG/960px-IBM_Manyata_office_-_View_from_Lumbini_garden_1.JPG,3648,2736,Rameshng,CC BY-SA 3.0,https://creativecommons.org/licenses/by-sa/3.0,True,Rameshng / CC BY-SA 3.0 / Wikimedia Commons,2010-10-23,2011-08-21,13.043808,77.609039,False,True,commons
nagawara-lake,2,File:IBM Manyata office - View from Lumbini garden 2.JPG,https://commons.wikimedia.org/wiki/File:IBM_Manyata_office_-_View_from_Lumbini_garden_2.JPG,https://upload.wikimedia.org/wikipedia/commons/1/12/IBM_Manyata_office_-_View_from_Lumbini_garden_2.JPG,https://thumb.wikimedia.org/wikipedia/commons/thumb/1/12/IBM_Manyata_office_-_View_from_Lumbini_garden_2.JPG/960px-IBM_Manyata_office_-_View_from_Lumbini_garden_2.JPG,3648,2736,Rameshng,CC BY-SA 3.0,https://creativecommons.org/licenses/by-sa/3.0,True,Rameshng / CC BY-SA 3.0 / Wikimedia Commons,2010-10-23,2011-08-21,13.043808,77.609039,False,True,commons
nagawara-lake,3,File:IBM Manyata office - View from Lumbini garden 3.JPG,https://commons.wikimedia.org/wiki/File:IBM_Manyata_office_-_View_from_Lumbini_garden_3.JPG,https://upload.wikimedia.org/wikipedia/commons/2/24/IBM_Manyata_office_-_View_from_Lumbini_garden_3.JPG,https://thumb.wikimedia.org/wikipedia/commons/thumb/2/24/IBM_Manyata_office_-_View_from_Lumbini_garden_3.JPG/960px-IBM_Manyata_office_-_View_from_Lumbini_garden_3.JPG,3648,2736,Rameshng,CC BY-SA 3.0,https://creativecommons.org/licenses/by-sa/3.0,True,Rameshng / CC BY-SA 3.0 / Wikimedia Commons,2010-10-23,2011-08-21,13.043808,77.609039,False,True,commons
nagawara-lake,4,File:Nagavara Lake.jpg,https://commons.wikimedia.org/wiki/File:Nagavara_Lake.jpg,https://upload.wikimedia.org/wikipedia/commons/1/17/Nagavara_Lake.jpg,https://thumb.wikimedia.org/wikipedia/commons/thumb/1/17/Nagavara_Lake.jpg/960px-Nagavara_Lake.jpg,4054,2292,leighklotz,CC BY 2.0,https://creativecommons.org/licenses/by/2.0,True,leighklotz / CC BY 2.0 / Wikimedia Commons,2019-11-16,2022-11-19,13.042725,77.611509,False,True,commons
nayandanahalli-kere,1,File:Nayandahalli lake (2024) 01.jpg,https://commons.wikimedia.org/wiki/File:Nayandahalli_lake_(2024)_01.jpg,https://upload.wikimedia.org/wikipedia/commons/0/07/Nayandahalli_lake_%282024%29_01.jpg,https://thumb.wikimedia.org/wikipedia/commons/thumb/0/07/Nayandahalli_lake_%282024%29_01.jpg/960px-Nayandahalli_lake_%282024%29_01.jpg,4080,3072,Gpkp,CC BY-SA 4.0,https://creativecommons.org/licenses/by-sa/4.0,True,Gpkp / CC BY-SA 4.0 / Wikimedia Commons,2024-07-04,2024-07-05,12.937856,77.521188,True,True,commons
nayandanahalli-kere,2,File:Nayandahalli lake (2024) 02.jpg,https://commons.wikimedia.org/wiki/File:Nayandahalli_lake_(2024)_02.jpg,https://upload.wikimedia.org/wikipedia/commons/b/ba/Nayandahalli_lake_%282024%29_02.jpg,https://thumb.wikimedia.org/wikipedia/commons/thumb/b/ba/Nayandahalli_lake_%282024%29_02.jpg/960px-Nayandahalli_lake_%282024%29_02.jpg,4080,3072,Gpkp,CC BY-SA 4.0,https://creativecommons.org/licenses/by-sa/4.0,True,Gpkp / CC BY-SA 4.0 / Wikimedia Commons,2024-07-04,2024-07-05,12.939005,77.519807,True,True,commons
nayandanahalli-kere,3,File:Nayandahalli lake (2024) 03.jpg,https://commons.wikimedia.org/wiki/File:Nayandahalli_lake_(2024)_03.jpg,https://upload.wikimedia.org/wikipedia/commons/e/e6/Nayandahalli_lake_%282024%29_03.jpg,https://thumb.wikimedia.org/wikipedia/commons/thumb/e/e6/Nayandahalli_lake_%282024%29_03.jpg/960px-Nayandahalli_lake_%282024%29_03.jpg,4080,3072,Gpkp,CC BY-SA 4.0,https://creativecommons.org/licenses/by-sa/4.0,True,Gpkp / CC BY-SA 4.0 / Wikimedia Commons,2024-07-04,2024-07-05,12.938686,77.520332,True,True,commons
nayandanahalli-kere,4,File:Nayandahalli lake (2024) 04.jpg,https://commons.wikimedia.org/wiki/File:Nayandahalli_lake_(2024)_04.jpg,https://upload.wikimedia.org/wikipedia/commons/5/53/Nayandahalli_lake_%282024%29_04.jpg,https://thumb.wikimedia.org/wikipedia/commons/thumb/5/53/Nayandahalli_lake_%282024%29_04.jpg/960px-Nayandahalli_lake_%282024%29_04.jpg,4080,3072,Gpkp,CC BY-SA 4.0,https://creativecommons.org/licenses/by-sa/4.0,True,Gpkp / CC BY-SA 4.0 / Wikimedia Commons,2024-07-04,2024-07-05,12.938859,77.520027,True,True,commons
nayandanahalli-kere,5,File:Nayandahalli lake (2024) 05.jpg,https://commons.wikimedia.org/wiki/File:Nayandahalli_lake_(2024)_05.jpg,https://upload.wikimedia.org/wikipedia/commons/0/09/Nayandahalli_lake_%282024%29_05.jpg,https://thumb.wikimedia.org/wikipedia/commons/thumb/0/09/Nayandahalli_lake_%282024%29_05.jpg/960px-Nayandahalli_lake_%282024%29_05.jpg,4080,3072,Gpkp,CC BY-SA 4.0,https://creativecommons.org/licenses/by-sa/4.0,True,Gpkp / CC BY-SA 4.0 / Wikimedia Commons,2024-07-04,2024-07-05,12.939207,77.519609,True,True,commons
nayandanahalli-kere,6,File:Nayandahalli lake (2024) 06.jpg,https://commons.wikimedia.org/wiki/File:Nayandahalli_lake_(2024)_06.jpg,https://upload.wikimedia.org/wikipedia/commons/3/3a/Nayandahalli_lake_%282024%29_06.jpg,https://thumb.wikimedia.org/wikipedia/commons/thumb/3/3a/Nayandahalli_lake_%282024%29_06.jpg/960px-Nayandahalli_lake_%282024%29_06.jpg,4080,3072,Gpkp,CC BY-SA 4.0,https://creativecommons.org/licenses/by-sa/4.0,True,Gpkp / CC BY-SA 4.0 / Wikimedia Commons,2024-07-04,2024-07-05,12.939179,77.519739,True,True,commons
nayandanahalli-kere,7,File:Nayandahalli lake (2024) 07.jpg,https://commons.wikimedia.org/wiki/File:Nayandahalli_lake_(2024)_07.jpg,https://upload.wikimedia.org/wikipedia/commons/c/c8/Nayandahalli_lake_%282024%29_07.jpg,https://thumb.wikimedia.org/wikipedia/commons/thumb/c/c8/Nayandahalli_lake_%282024%29_07.jpg/960px-Nayandahalli_lake_%282024%29_07.jpg,4080,3072,Gpkp,CC BY-SA 4.0,https://creativecommons.org/licenses/by-sa/4.0,True,Gpkp / CC BY-SA 4.0 / Wikimedia Commons,2024-07-04,2024-07-05,12.939573,77.519834,True,True,commons
nayandanahalli-kere,8,File:Nayandahalli lake (2024) 08.jpg,https://commons.wikimedia.org/wiki/File:Nayandahalli_lake_(2024)_08.jpg,https://upload.wikimedia.org/wikipedia/commons/d/d7/Nayandahalli_lake_%282024%29_08.jpg,https://thumb.wikimedia.org/wikipedia/commons/thumb/d/d7/Nayandahalli_lake_%282024%29_08.jpg/960px-Nayandahalli_lake_%282024%29_08.jpg,4080,3072,Gpkp,CC BY-SA 4.0,https://creativecommons.org/licenses/by-sa/4.0,True,Gpkp / CC BY-SA 4.0 / Wikimedia Commons,2024-07-04,2024-07-05,12.939072,77.519426,True,True,commons
nayandanahalli-kere,9,File:Nayandahalli lake (2024) 09.jpg,https://commons.wikimedia.org/wiki/File:Nayandahalli_lake_(2024)_09.jpg,https://upload.wikimedia.org/wikipedia/commons/3/39/Nayandahalli_lake_%282024%29_09.jpg,https://thumb.wikimedia.org/wikipedia/commons/thumb/3/39/Nayandahalli_lake_%282024%29_09.jpg/960px-Nayandahalli_lake_%282024%29_09.jpg,4080,3072,Gpkp,CC BY-SA 4.0,https://creativecommons.org/licenses/by-sa/4.0,True,Gpkp / CC BY-SA 4.0 / Wikimedia Commons,2024-07-04,2024-07-05,12.938876,77.52012,True,True,commons
nayandanahalli-kere,10,File:Nayandahalli lake (2024) 10.jpg,https://commons.wikimedia.org/wiki/File:Nayandahalli_lake_(2024)_10.jpg,https://upload.wikimedia.org/wikipedia/commons/e/e2/Nayandahalli_lake_%282024%29_10.jpg,https://thumb.wikimedia.org/wikipedia/commons/thumb/e/e2/Nayandahalli_lake_%282024%29_10.jpg/960px-Nayandahalli_lake_%282024%29_10.jpg,4080,3072,Gpkp,CC BY-SA 4.0,https://creativecommons.org/licenses/by-sa/4.0,True,Gpkp / CC BY-SA 4.0 / Wikimedia Commons,2024-07-04,2024-07-05,12.938925,77.52011,True,True,commons
nayandanahalli-kere,11,File:Nayandahalli lake (2024) 11.jpg,https://commons.wikimedia.org/wiki/File:Nayandahalli_lake_(2024)_11.jpg,https://upload.wikimedia.org/wikipedia/commons/0/00/Nayandahalli_lake_%282024%29_11.jpg,https://thumb.wikimedia.org/wikipedia/commons/thumb/0/00/Nayandahalli_lake_%282024%29_11.jpg/960px-Nayandahalli_lake_%282024%29_11.jpg,4080,3072,Gpkp,CC BY-SA 4.0,https://creativecommons.org/licenses/by-sa/4.0,True,Gpkp / CC BY-SA 4.0 / Wikimedia Commons,2024-07-04,2024-07-05,12.939213,77.52034,True,True,commons
nayandanahalli-kere,12,File:Nayandahalli lake (2024) 12.jpg,https://commons.wikimedia.org/wiki/File:Nayandahalli_lake_(2024)_12.jpg,https://upload.wikimedia.org/wikipedia/commons/3/3c/Nayandahalli_lake_%282024%29_12.jpg,https://thumb.wikimedia.org/wikipedia/commons/thumb/3/3c/Nayandahalli_lake_%282024%29_12.jpg/960px-Nayandahalli_lake_%282024%29_12.jpg,4080,3072,Gpkp,CC BY-SA 4.0,https://creativecommons.org/licenses/by-sa/4.0,True,Gpkp / CC BY-SA 4.0 / Wikimedia Commons,2024-07-04,2024-07-05,12.939612,77.518858,True,True,commons
o-b-chudanahalli-lake,1,"File:Vaderahalli lake, Bangalore (2025) 02.jpg","https://commons.wikimedia.org/wiki/File:Vaderahalli_lake,_Bangalore_(2025)_02.jpg",https://upload.wikimedia.org/wikipedia/commons/c/c0/Vaderahalli_lake%2C_Bangalore_%282025%29_02.jpg,https://thumb.wikimedia.org/wikipedia/commons/thumb/c/c0/Vaderahalli_lake%2C_Bangalore_%282025%29_02.jpg/960px-Vaderahalli_lake%2C_Bangalore_%282025%29_02.jpg,4080,3072,Gpkp,CC BY-SA 4.0,https://creativecommons.org/licenses/by-sa/4.0,True,Gpkp / CC BY-SA 4.0 / Wikimedia Commons,2025-07-29,2025-07-31,12.839068,77.530143,False,True,commons
o-b-chudanahalli-lake,2,"File:Vaderahalli lake, Bangalore (2025) 03.jpg","https://commons.wikimedia.org/wiki/File:Vaderahalli_lake,_Bangalore_(2025)_03.jpg",https://upload.wikimedia.org/wikipedia/commons/2/24/Vaderahalli_lake%2C_Bangalore_%282025%29_03.jpg,https://thumb.wikimedia.org/wikipedia/commons/thumb/2/24/Vaderahalli_lake%2C_Bangalore_%282025%29_03.jpg/960px-Vaderahalli_lake%2C_Bangalore_%282025%29_03.jpg,4080,3072,Gpkp,CC BY-SA 4.0,https://creativecommons.org/licenses/by-sa/4.0,True,Gpkp / CC BY-SA 4.0 / Wikimedia Commons,2025-07-29,2025-07-31,12.839025,77.530258,False,True,commons
o-b-chudanahalli-lake,3,"File:Vaderahalli lake, Bangalore (2025) 04.jpg","https://commons.wikimedia.org/wiki/File:Vaderahalli_lake,_Bangalore_(2025)_04.jpg",https://upload.wikimedia.org/wikipedia/commons/4/45/Vaderahalli_lake%2C_Bangalore_%282025%29_04.jpg,https://thumb.wikimedia.org/wikipedia/commons/thumb/4/45/Vaderahalli_lake%2C_Bangalore_%282025%29_04.jpg/960px-Vaderahalli_lake%2C_Bangalore_%282025%29_04.jpg,4080,3072,Gpkp,CC BY-SA 4.0,https://creativecommons.org/licenses/by-sa/4.0,True,Gpkp / CC BY-SA 4.0 / Wikimedia Commons,2025-07-29,2025-07-31,12.838864,77.530382,False,True,commons
o-b-chudanahalli-lake,4,"File:Vaderahalli lake, Bangalore (2025) 07.jpg","https://commons.wikimedia.org/wiki/File:Vaderahalli_lake,_Bangalore_(2025)_07.jpg",https://upload.wikimedia.org/wikipedia/commons/b/b7/Vaderahalli_lake%2C_Bangalore_%282025%29_07.jpg,https://thumb.wikimedia.org/wikipedia/commons/thumb/b/b7/Vaderahalli_lake%2C_Bangalore_%282025%29_07.jpg/960px-Vaderahalli_lake%2C_Bangalore_%282025%29_07.jpg,4080,3072,Gpkp,CC BY-SA 4.0,https://creativecommons.org/licenses/by-sa/4.0,True,Gpkp / CC BY-SA 4.0 / Wikimedia Commons,2025-07-29,2025-07-31,12.838863,77.530453,False,True,commons
o-b-chudanahalli-lake,5,"File:Vaderahalli lake, Bangalore (2025) 13.jpg","https://commons.wikimedia.org/wiki/File:Vaderahalli_lake,_Bangalore_(2025)_13.jpg",https://upload.wikimedia.org/wikipedia/commons/5/58/Vaderahalli_lake%2C_Bangalore_%282025%29_13.jpg,https://thumb.wikimedia.org/wikipedia/commons/thumb/5/58/Vaderahalli_lake%2C_Bangalore_%282025%29_13.jpg/960px-Vaderahalli_lake%2C_Bangalore_%282025%29_13.jpg,4080,3072,Gpkp,CC BY-SA 4.0,https://creativecommons.org/licenses/by-sa/4.0,True,Gpkp / CC BY-SA 4.0 / Wikimedia Commons,2025-07-29,2025-07-31,12.838995,77.529956,False,True,commons
o-b-chudanahalli-lake,6,"File:Vaderahalli lake, Bangalore (2025) 16.jpg","https://commons.wikimedia.org/wiki/File:Vaderahalli_lake,_Bangalore_(2025)_16.jpg",https://upload.wikimedia.org/wikipedia/commons/6/61/Vaderahalli_lake%2C_Bangalore_%282025%29_16.jpg,https://thumb.wikimedia.org/wikipedia/commons/thumb/6/61/Vaderahalli_lake%2C_Bangalore_%282025%29_16.jpg/960px-Vaderahalli_lake%2C_Bangalore_%282025%29_16.jpg,4080,3072,Gpkp,CC BY-SA 4.0,https://creativecommons.org/licenses/by-sa/4.0,True,Gpkp / CC BY-SA 4.0 / Wikimedia Commons,2025-07-29,2025-07-31,12.83913,77.528479,False,True,commons
o-b-chudanahalli-lake,7,"File:Vaderahalli lake, Bangalore (2025) 26.jpg","https://commons.wikimedia.org/wiki/File:Vaderahalli_lake,_Bangalore_(2025)_26.jpg",https://upload.wikimedia.org/wikipedia/commons/4/4d/Vaderahalli_lake%2C_Bangalore_%282025%29_26.jpg,https://thumb.wikimedia.org/wikipedia/commons/thumb/4/4d/Vaderahalli_lake%2C_Bangalore_%282025%29_26.jpg/960px-Vaderahalli_lake%2C_Bangalore_%282025%29_26.jpg,4080,3072,Gpkp,CC BY-SA 4.0,https://creativecommons.org/licenses/by-sa/4.0,True,Gpkp / CC BY-SA 4.0 / Wikimedia Commons,2025-07-29,2025-07-31,12.837512,77.530211,False,True,commons
o-b-chudanahalli-lake,8,"File:Vaderahalli lake, Bangalore (2025) 28.jpg","https://commons.wikimedia.org/wiki/File:Vaderahalli_lake,_Bangalore_(2025)_28.jpg",https://upload.wikimedia.org/wikipedia/commons/4/42/Vaderahalli_lake%2C_Bangalore_%282025%29_28.jpg,https://thumb.wikimedia.org/wikipedia/commons/thumb/4/42/Vaderahalli_lake%2C_Bangalore_%282025%29_28.jpg/960px-Vaderahalli_lake%2C_Bangalore_%282025%29_28.jpg,4080,3072,Gpkp,CC BY-SA 4.0,https://creativecommons.org/licenses/by-sa/4.0,True,Gpkp / CC BY-SA 4.0 / Wikimedia Commons,2025-07-29,2025-07-31,12.83976,77.531667,False,True,commons
o-b-chudanahalli-lake,9,"File:Vaderahalli lake, Bangalore (2025) 29.jpg","https://commons.wikimedia.org/wiki/File:Vaderahalli_lake,_Bangalore_(2025)_29.jpg",https://upload.wikimedia.org/wikipedia/commons/1/1c/Vaderahalli_lake%2C_Bangalore_%282025%29_29.jpg,https://thumb.wikimedia.org/wikipedia/commons/thumb/1/1c/Vaderahalli_lake%2C_Bangalore_%282025%29_29.jpg/960px-Vaderahalli_lake%2C_Bangalore_%282025%29_29.jpg,4080,3072,Gpkp,CC BY-SA 4.0,https://creativecommons.org/licenses/by-sa/4.0,True,Gpkp / CC BY-SA 4.0 / Wikimedia Commons,2025-07-29,2025-07-31,12.837166,77.530143,False,True,commons
o-b-chudanahalli-lake,10,"File:Vaderahalli lake, Bangalore (2025) 32.jpg","https://commons.wikimedia.org/wiki/File:Vaderahalli_lake,_Bangalore_(2025)_32.jpg",https://upload.wikimedia.org/wikipedia/commons/d/d4/Vaderahalli_lake%2C_Bangalore_%282025%29_32.jpg,https://thumb.wikimedia.org/wikipedia/commons/thumb/d/d4/Vaderahalli_lake%2C_Bangalore_%282025%29_32.jpg/960px-Vaderahalli_lake%2C_Bangalore_%282025%29_32.jpg,4080,3072,Gpkp,CC BY-SA 4.0,https://creativecommons.org/licenses/by-sa/4.0,True,Gpkp / CC BY-SA 4.0 / Wikimedia Commons,2025-07-29,2025-07-31,12.836431,77.530478,False,True,commons
o-b-chudanahalli-lake,11,"File:Vaderahalli lake, Bangalore (2025) 42.jpg","https://commons.wikimedia.org/wiki/File:Vaderahalli_lake,_Bangalore_(2025)_42.jpg",https://upload.wikimedia.org/wikipedia/commons/7/72/Vaderahalli_lake%2C_Bangalore_%282025%29_42.jpg,https://thumb.wikimedia.org/wikipedia/commons/thumb/7/72/Vaderahalli_lake%2C_Bangalore_%282025%29_42.jpg/960px-Vaderahalli_lake%2C_Bangalore_%282025%29_42.jpg,4080,3072,Gpkp,CC BY-SA 4.0,https://creativecommons.org/licenses/by-sa/4.0,True,Gpkp / CC BY-SA 4.0 / Wikimedia Commons,2025-07-29,2025-07-31,12.834922,77.532791,False,True,commons
o-b-chudanahalli-lake,12,"File:Vaderahalli lake, Bangalore (2025) 48.jpg","https://commons.wikimedia.org/wiki/File:Vaderahalli_lake,_Bangalore_(2025)_48.jpg",https://upload.wikimedia.org/wikipedia/commons/8/88/Vaderahalli_lake%2C_Bangalore_%282025%29_48.jpg,https://thumb.wikimedia.org/wikipedia/commons/thumb/8/88/Vaderahalli_lake%2C_Bangalore_%282025%29_48.jpg/960px-Vaderahalli_lake%2C_Bangalore_%282025%29_48.jpg,4080,3072,Gpkp,CC BY-SA 4.0,https://creativecommons.org/licenses/by-sa/4.0,True,Gpkp / CC BY-SA 4.0 / Wikimedia Commons,2025-07-29,2025-07-31,12.834019,77.534664,False,True,commons
palanahalli,1,File:গন্ধ4578.jpg,https://commons.wikimedia.org/wiki/File:%E0%A6%97%E0%A6%A8%E0%A7%8D%E0%A6%A74578.jpg,https://upload.wikimedia.org/wikipedia/commons/9/97/%E0%A6%97%E0%A6%A8%E0%A7%8D%E0%A6%A74578.jpg,https://thumb.wikimedia.org/wikipedia/commons/thumb/9/97/%E0%A6%97%E0%A6%A8%E0%A7%8D%E0%A6%A74578.jpg/960px-%E0%A6%97%E0%A6%A8%E0%A7%8D%E0%A6%A74578.jpg,4000,3000,Anurag Adhikary,CC BY-SA 4.0,https://creativecommons.org/licenses/by-sa/4.0,True,Anurag Adhikary / CC BY-SA 4.0 / Wikimedia Commons,2021,2021-09-04,13.115521,77.618856,False,True,commons
pattaduru-agrahara-kere-1,1,"File:Pond Heron, Whitefield, Bangalore.jpg","https://commons.wikimedia.org/wiki/File:Pond_Heron,_Whitefield,_Bangalore.jpg",https://upload.wikimedia.org/wikipedia/commons/2/29/Pond_Heron%2C_Whitefield%2C_Bangalore.jpg,https://thumb.wikimedia.org/wikipedia/commons/thumb/2/29/Pond_Heron%2C_Whitefield%2C_Bangalore.jpg/960px-Pond_Heron%2C_Whitefield%2C_Bangalore.jpg,2598,2175,Bharatpailla,CC BY-SA 4.0,https://creativecommons.org/licenses/by-sa/4.0,True,Bharatpailla / CC BY-SA 4.0 / Wikimedia Commons,2016,2016-06-25,12.977387,77.745889,False,True,commons
puttenahalli-lake-2,1,"File:Puttenahalli Lake, JP Nagar, Bangalore.jpg","https://commons.wikimedia.org/wiki/File:Puttenahalli_Lake,_JP_Nagar,_Bangalore.jpg",https://upload.wikimedia.org/wikipedia/commons/9/95/Puttenahalli_Lake%2C_JP_Nagar%2C_Bangalore.jpg,https://thumb.wikimedia.org/wikipedia/commons/thumb/9/95/Puttenahalli_Lake%2C_JP_Nagar%2C_Bangalore.jpg/960px-Puttenahalli_Lake%2C_JP_Nagar%2C_Bangalore.jpg,4193,2359,SlowPhoton,CC BY-SA 4.0,https://creativecommons.org/licenses/by-sa/4.0,True,SlowPhoton / CC BY-SA 4.0 / Wikimedia Commons,2017-01-15,2017-01-15,,,True,True,commons
puttenahalli-lake-2,2,"File:Puttenahalli, Phase 7, JP Nagar, Bengaluru, Karnataka 560078, India - panoramio (1).jpg","https://commons.wikimedia.org/wiki/File:Puttenahalli,_Phase_7,_JP_Nagar,_Bengaluru,_Karnataka_560078,_India_-_panoramio_(1).jpg",https://upload.wikimedia.org/wikipedia/commons/8/80/Puttenahalli%2C_Phase_7%2C_JP_Nagar%2C_Bengaluru%2C_Karnataka_560078%2C_India_-_panoramio_%281%29.jpg,https://thumb.wikimedia.org/wikipedia/commons/thumb/8/80/Puttenahalli%2C_Phase_7%2C_JP_Nagar%2C_Bengaluru%2C_Karnataka_560078%2C_India_-_panoramio_%281%29.jpg/960px-Puttenahalli%2C_Phase_7%2C_JP_Nagar%2C_Bengaluru%2C_Karnataka_560078%2C_India_-_panoramio_%281%29.jpg,2560,1920,Sri BSK Birthday PAR…,CC BY-SA 3.0,https://creativecommons.org/licenses/by-sa/3.0,True,Sri BSK Birthday PAR… / CC BY-SA 3.0 / Wikimedia Commons,2014,2017-05-12,12.896068,77.581602,True,True,commons
puttenahalli-lake-2,3,"File:Puttenahalli, Phase 7, JP Nagar, Bengaluru, Karnataka 560078, India - panoramio.jpg","https://commons.wikimedia.org/wiki/File:Puttenahalli,_Phase_7,_JP_Nagar,_Bengaluru,_Karnataka_560078,_India_-_panoramio.jpg",https://upload.wikimedia.org/wikipedia/commons/c/c9/Puttenahalli%2C_Phase_7%2C_JP_Nagar%2C_Bengaluru%2C_Karnataka_560078%2C_India_-_panoramio.jpg,https://thumb.wikimedia.org/wikipedia/commons/thumb/c/c9/Puttenahalli%2C_Phase_7%2C_JP_Nagar%2C_Bengaluru%2C_Karnataka_560078%2C_India_-_panoramio.jpg/960px-Puttenahalli%2C_Phase_7%2C_JP_Nagar%2C_Bengaluru%2C_Karnataka_560078%2C_India_-_panoramio.jpg,2560,1920,Sri BSK Birthday PAR…,CC BY-SA 3.0,https://creativecommons.org/licenses/by-sa/3.0,True,Sri BSK Birthday PAR… / CC BY-SA 3.0 / Wikimedia Commons,2014,2017-05-12,12.896224,77.581501,True,True,commons
rachenahalli-lake,1,File:Rachenahalli lake (2024) 01.jpg,https://commons.wikimedia.org/wiki/File:Rachenahalli_lake_(2024)_01.jpg,https://upload.wikimedia.org/wikipedia/commons/1/11/Rachenahalli_lake_%282024%29_01.jpg,https://thumb.wikimedia.org/wikipedia/commons/thumb/1/11/Rachenahalli_lake_%282024%29_01.jpg/960px-Rachenahalli_lake_%282024%29_01.jpg,4080,3072,Gpkp,CC BY-SA 4.0,https://creativecommons.org/licenses/by-sa/4.0,True,Gpkp / CC BY-SA 4.0 / Wikimedia Commons,2024-11-27,2024-12-01,13.064841,77.609111,True,True,commons
rachenahalli-lake,2,File:Rachenahalli lake (2024) 02.jpg,https://commons.wikimedia.org/wiki/File:Rachenahalli_lake_(2024)_02.jpg,https://upload.wikimedia.org/wikipedia/commons/6/6e/Rachenahalli_lake_%282024%29_02.jpg,https://thumb.wikimedia.org/wikipedia/commons/thumb/6/6e/Rachenahalli_lake_%282024%29_02.jpg/960px-Rachenahalli_lake_%282024%29_02.jpg,4080,3072,Gpkp,CC BY-SA 4.0,https://creativecommons.org/licenses/by-sa/4.0,True,Gpkp / CC BY-SA 4.0 / Wikimedia Commons,2024-11-27,2024-12-01,13.065644,77.609717,True,True,commons
rachenahalli-lake,3,File:Rachenahalli lake (2024) 03.jpg,https://commons.wikimedia.org/wiki/File:Rachenahalli_lake_(2024)_03.jpg,https://upload.wikimedia.org/wikipedia/commons/8/81/Rachenahalli_lake_%282024%29_03.jpg,https://thumb.wikimedia.org/wikipedia/commons/thumb/8/81/Rachenahalli_lake_%282024%29_03.jpg/960px-Rachenahalli_lake_%282024%29_03.jpg,4080,3072,Gpkp,CC BY-SA 4.0,https://creativecommons.org/licenses/by-sa/4.0,True,Gpkp / CC BY-SA 4.0 / Wikimedia Commons,2024-11-27,2024-12-01,13.066643,77.60904,True,True,commons
rachenahalli-lake,4,File:Rachenahalli lake (2024) 04.jpg,https://commons.wikimedia.org/wiki/File:Rachenahalli_lake_(2024)_04.jpg,https://upload.wikimedia.org/wikipedia/commons/b/b7/Rachenahalli_lake_%282024%29_04.jpg,https://thumb.wikimedia.org/wikipedia/commons/thumb/b/b7/Rachenahalli_lake_%282024%29_04.jpg/960px-Rachenahalli_lake_%282024%29_04.jpg,4080,3072,Gpkp,CC BY-SA 4.0,https://creativecommons.org/licenses/by-sa/4.0,True,Gpkp / CC BY-SA 4.0 / Wikimedia Commons,2024-11-27,2024-12-01,13.066643,77.60904,True,True,commons
rachenahalli-lake,5,File:Rachenahalli lake (2024) 05.jpg,https://commons.wikimedia.org/wiki/File:Rachenahalli_lake_(2024)_05.jpg,https://upload.wikimedia.org/wikipedia/commons/5/5f/Rachenahalli_lake_%282024%29_05.jpg,https://thumb.wikimedia.org/wikipedia/commons/thumb/5/5f/Rachenahalli_lake_%282024%29_05.jpg/960px-Rachenahalli_lake_%282024%29_05.jpg,4080,3072,Gpkp,CC BY-SA 4.0,https://creativecommons.org/licenses/by-sa/4.0,True,Gpkp / CC BY-SA 4.0 / Wikimedia Commons,2024-11-27,2024-12-01,13.066058,77.611546,True,True,commons
rachenahalli-lake,6,File:Rachenahalli lake (2024) 06.jpg,https://commons.wikimedia.org/wiki/File:Rachenahalli_lake_(2024)_06.jpg,https://upload.wikimedia.org/wikipedia/commons/3/3f/Rachenahalli_lake_%282024%29_06.jpg,https://thumb.wikimedia.org/wikipedia/commons/thumb/3/3f/Rachenahalli_lake_%282024%29_06.jpg/960px-Rachenahalli_lake_%282024%29_06.jpg,4080,3072,Gpkp,CC BY-SA 4.0,https://creativecommons.org/licenses/by-sa/4.0,True,Gpkp / CC BY-SA 4.0 / Wikimedia Commons,2024-11-27,2024-12-01,13.064784,77.60894,True,True,commons
rachenahalli-lake,7,File:Rachenahalli lake (2024) 07.jpg,https://commons.wikimedia.org/wiki/File:Rachenahalli_lake_(2024)_07.jpg,https://upload.wikimedia.org/wikipedia/commons/0/01/Rachenahalli_lake_%282024%29_07.jpg,https://thumb.wikimedia.org/wikipedia/commons/thumb/0/01/Rachenahalli_lake_%282024%29_07.jpg/960px-Rachenahalli_lake_%282024%29_07.jpg,4080,3072,Gpkp,CC BY-SA 4.0,https://creativecommons.org/licenses/by-sa/4.0,True,Gpkp / CC BY-SA 4.0 / Wikimedia Commons,2024-11-27,2024-12-01,13.064802,77.608868,True,True,commons
rachenahalli-lake,8,File:Rachenahalli lake (2024) 08.jpg,https://commons.wikimedia.org/wiki/File:Rachenahalli_lake_(2024)_08.jpg,https://upload.wikimedia.org/wikipedia/commons/3/3b/Rachenahalli_lake_%282024%29_08.jpg,https://thumb.wikimedia.org/wikipedia/commons/thumb/3/3b/Rachenahalli_lake_%282024%29_08.jpg/960px-Rachenahalli_lake_%282024%29_08.jpg,4080,3072,Gpkp,CC BY-SA 4.0,https://creativecommons.org/licenses/by-sa/4.0,True,Gpkp / CC BY-SA 4.0 / Wikimedia Commons,2024-11-27,2024-12-01,13.064607,77.609377,True,True,commons
rachenahalli-lake,9,File:Rachenahalli lake (2024) 09.jpg,https://commons.wikimedia.org/wiki/File:Rachenahalli_lake_(2024)_09.jpg,https://upload.wikimedia.org/wikipedia/commons/8/87/Rachenahalli_lake_%282024%29_09.jpg,https://thumb.wikimedia.org/wikipedia/commons/thumb/8/87/Rachenahalli_lake_%282024%29_09.jpg/960px-Rachenahalli_lake_%282024%29_09.jpg,4080,3072,Gpkp,CC BY-SA 4.0,https://creativecommons.org/licenses/by-sa/4.0,True,Gpkp / CC BY-SA 4.0 / Wikimedia Commons,2024-11-27,2024-12-01,13.064619,77.610084,True,True,commons
rachenahalli-lake,10,File:Rachenahalli lake (2024) 10.jpg,https://commons.wikimedia.org/wiki/File:Rachenahalli_lake_(2024)_10.jpg,https://upload.wikimedia.org/wikipedia/commons/8/88/Rachenahalli_lake_%282024%29_10.jpg,https://thumb.wikimedia.org/wikipedia/commons/thumb/8/88/Rachenahalli_lake_%282024%29_10.jpg/960px-Rachenahalli_lake_%282024%29_10.jpg,4080,3072,Gpkp,CC BY-SA 4.0,https://creativecommons.org/licenses/by-sa/4.0,True,Gpkp / CC BY-SA 4.0 / Wikimedia Commons,2024-11-27,2024-12-01,13.064619,77.610084,True,True,commons
rachenahalli-lake,11,File:Rachenahalli lake (2024) 11.jpg,https://commons.wikimedia.org/wiki/File:Rachenahalli_lake_(2024)_11.jpg,https://upload.wikimedia.org/wikipedia/commons/1/10/Rachenahalli_lake_%282024%29_11.jpg,https://thumb.wikimedia.org/wikipedia/commons/thumb/1/10/Rachenahalli_lake_%282024%29_11.jpg/960px-Rachenahalli_lake_%282024%29_11.jpg,4080,3072,Gpkp,CC BY-SA 4.0,https://creativecommons.org/licenses/by-sa/4.0,True,Gpkp / CC BY-SA 4.0 / Wikimedia Commons,2024-11-27,2024-12-01,13.064494,77.609386,True,True,commons
rachenahalli-lake,12,File:Rachenahalli lake (2024) 12.jpg,https://commons.wikimedia.org/wiki/File:Rachenahalli_lake_(2024)_12.jpg,https://upload.wikimedia.org/wikipedia/commons/b/b4/Rachenahalli_lake_%282024%29_12.jpg,https://thumb.wikimedia.org/wikipedia/commons/thumb/b/b4/Rachenahalli_lake_%282024%29_12.jpg/960px-Rachenahalli_lake_%282024%29_12.jpg,4080,3072,Gpkp,CC BY-SA 4.0,https://creativecommons.org/licenses/by-sa/4.0,True,Gpkp / CC BY-SA 4.0 / Wikimedia Commons,2024-11-27,2024-12-01,13.063148,77.60959,True,True,commons
sankey-tank,1,File:Sunset of Bangalore.jpg,https://commons.wikimedia.org/wiki/File:Sunset_of_Bangalore.jpg,https://upload.wikimedia.org/wikipedia/commons/5/55/Sunset_of_Bangalore.jpg,https://thumb.wikimedia.org/wikipedia/commons/thumb/5/55/Sunset_of_Bangalore.jpg/960px-Sunset_of_Bangalore.jpg,6000,4000,Naphisharity Syiem,CC BY-SA 4.0,https://creativecommons.org/licenses/by-sa/4.0,True,Naphisharity Syiem / CC BY-SA 4.0 / Wikimedia Commons,2019-01-13,2019-01-20,,,True,True,commons
sankey-tank,2,File:Sankey Tank.jpeg.jpg,https://commons.wikimedia.org/wiki/File:Sankey_Tank.jpeg.jpg,https://upload.wikimedia.org/wikipedia/commons/4/45/Sankey_Tank.jpeg.jpg,https://thumb.wikimedia.org/wikipedia/commons/thumb/4/45/Sankey_Tank.jpeg.jpg/960px-Sankey_Tank.jpeg.jpg,5999,3410,Naphisharity Syiem,CC BY-SA 4.0,https://creativecommons.org/licenses/by-sa/4.0,True,Naphisharity Syiem / CC BY-SA 4.0 / Wikimedia Commons,2019-01-13,2019-01-20,,,True,True,commons
sankey-tank,3,File:Duck at sunset.jpg,https://commons.wikimedia.org/wiki/File:Duck_at_sunset.jpg,https://upload.wikimedia.org/wikipedia/commons/2/22/Duck_at_sunset.jpg,https://thumb.wikimedia.org/wikipedia/commons/thumb/2/22/Duck_at_sunset.jpg/960px-Duck_at_sunset.jpg,5184,3456,Advay m,CC BY-SA 4.0,https://creativecommons.org/licenses/by-sa/4.0,True,Advay m / CC BY-SA 4.0 / Wikimedia Commons,2019-01-13,2019-01-20,,,True,True,commons
sankey-tank,4,File:Sunset at Sankey Tank.jpg,https://commons.wikimedia.org/wiki/File:Sunset_at_Sankey_Tank.jpg,https://upload.wikimedia.org/wikipedia/commons/6/6c/Sunset_at_Sankey_Tank.jpg,https://thumb.wikimedia.org/wikipedia/commons/thumb/6/6c/Sunset_at_Sankey_Tank.jpg/960px-Sunset_at_Sankey_Tank.jpg,5184,3456,Advay m,CC BY-SA 4.0,https://creativecommons.org/licenses/by-sa/4.0,True,Advay m / CC BY-SA 4.0 / Wikimedia Commons,2019-01-13,2019-01-20,,,True,True,commons
sankey-tank,5,File:Birds back home.jpg,https://commons.wikimedia.org/wiki/File:Birds_back_home.jpg,https://upload.wikimedia.org/wikipedia/commons/1/1f/Birds_back_home.jpg,https://thumb.wikimedia.org/wikipedia/commons/thumb/1/1f/Birds_back_home.jpg/960px-Birds_back_home.jpg,5184,3456,Mouni9,CC BY-SA 4.0,https://creativecommons.org/licenses/by-sa/4.0,True,Mouni9 / CC BY-SA 4.0 / Wikimedia Commons,2016-04-17,2016-06-25,,,True,True,commons
sankey-tank,6,File:Closeup look at the pigeon.jpg,https://commons.wikimedia.org/wiki/File:Closeup_look_at_the_pigeon.jpg,https://upload.wikimedia.org/wikipedia/commons/5/5e/Closeup_look_at_the_pigeon.jpg,https://thumb.wikimedia.org/wikipedia/commons/thumb/5/5e/Closeup_look_at_the_pigeon.jpg/960px-Closeup_look_at_the_pigeon.jpg,5184,3456,Mouni9,CC BY-SA 4.0,https://creativecommons.org/licenses/by-sa/4.0,True,Mouni9 / CC BY-SA 4.0 / Wikimedia Commons,2016-04-17,2016-06-25,,,True,True,commons
sankey-tank,7,File:Duck Raft.jpg,https://commons.wikimedia.org/wiki/File:Duck_Raft.jpg,https://upload.wikimedia.org/wikipedia/commons/0/06/Duck_Raft.jpg,https://thumb.wikimedia.org/wikipedia/commons/thumb/0/06/Duck_Raft.jpg/960px-Duck_Raft.jpg,5184,3456,Mouni9,CC BY-SA 4.0,https://creativecommons.org/licenses/by-sa/4.0,True,Mouni9 / CC BY-SA 4.0 / Wikimedia Commons,2016-04-17,2016-06-25,,,True,True,commons
sankey-tank,8,File:Hybrid pigeon.jpg,https://commons.wikimedia.org/wiki/File:Hybrid_pigeon.jpg,https://upload.wikimedia.org/wikipedia/commons/c/c8/Hybrid_pigeon.jpg,https://thumb.wikimedia.org/wikipedia/commons/thumb/c/c8/Hybrid_pigeon.jpg/960px-Hybrid_pigeon.jpg,5184,3456,Mouni9,CC BY-SA 4.0,https://creativecommons.org/licenses/by-sa/4.0,True,Mouni9 / CC BY-SA 4.0 / Wikimedia Commons,2016-04-17,2016-06-25,,,True,True,commons
sankey-tank,9,File:Perching Pigeons.jpg,https://commons.wikimedia.org/wiki/File:Perching_Pigeons.jpg,https://upload.wikimedia.org/wikipedia/commons/1/10/Perching_Pigeons.jpg,https://thumb.wikimedia.org/wikipedia/commons/thumb/1/10/Perching_Pigeons.jpg/960px-Perching_Pigeons.jpg,5184,3456,Mouni9,CC BY-SA 4.0,https://creativecommons.org/licenses/by-sa/4.0,True,Mouni9 / CC BY-SA 4.0 / Wikimedia Commons,2016-04-17,2016-06-25,,,True,True,commons
sankey-tank,10,File:Ducks coming out of their nest.JPG,https://commons.wikimedia.org/wiki/File:Ducks_coming_out_of_their_nest.JPG,https://upload.wikimedia.org/wikipedia/commons/c/cc/Ducks_coming_out_of_their_nest.JPG,https://thumb.wikimedia.org/wikipedia/commons/thumb/c/cc/Ducks_coming_out_of_their_nest.JPG/960px-Ducks_coming_out_of_their_nest.JPG,4000,3000,Ayan Mukherjee,CC BY 3.0,https://creativecommons.org/licenses/by/3.0,True,Ayan Mukherjee / CC BY 3.0 / Wikimedia Commons,2014-02-05,2014-04-18,,,True,True,commons
sankey-tank,11,File:Sankey Lake.jpg,https://commons.wikimedia.org/wiki/File:Sankey_Lake.jpg,https://upload.wikimedia.org/wikipedia/commons/d/dc/Sankey_Lake.jpg,https://thumb.wikimedia.org/wikipedia/commons/thumb/d/dc/Sankey_Lake.jpg/960px-Sankey_Lake.jpg,4608,2592,Shoebkhan Harihar,CC BY-SA 4.0,https://creativecommons.org/licenses/by-sa/4.0,True,Shoebkhan Harihar / CC BY-SA 4.0 / Wikimedia Commons,2017-06-17,2017-06-22,,,True,True,commons
sankey-tank,12,File:Sankey Bangalore.jpg,https://commons.wikimedia.org/wiki/File:Sankey_Bangalore.jpg,https://upload.wikimedia.org/wikipedia/commons/a/a2/Sankey_Bangalore.jpg,https://thumb.wikimedia.org/wikipedia/commons/thumb/a/a2/Sankey_Bangalore.jpg/960px-Sankey_Bangalore.jpg,4021,2698,L. Shyamal,CC BY-SA 3.0,https://creativecommons.org/licenses/by-sa/3.0,True,L. Shyamal / CC BY-SA 3.0 / Wikimedia Commons,1995,2013-09-11,,,True,True,commons
sowl-kere,1,"File:Sowl Kere lake, Bengaluru.jpg","https://commons.wikimedia.org/wiki/File:Sowl_Kere_lake,_Bengaluru.jpg",https://upload.wikimedia.org/wikipedia/commons/c/ca/Sowl_Kere_lake%2C_Bengaluru.jpg,https://thumb.wikimedia.org/wikipedia/commons/thumb/c/ca/Sowl_Kere_lake%2C_Bengaluru.jpg/960px-Sowl_Kere_lake%2C_Bengaluru.jpg,4608,2112,రవిచంద్ర,CC BY-SA 4.0,https://creativecommons.org/licenses/by-sa/4.0,True,రవిచంద్ర / CC BY-SA 4.0 / Wikimedia Commons,2022-09-11,2022-09-11,12.920654,77.677231,False,True,commons
sowl-kere,2,File:Walk Way in Sowl Kere lake Bengaluru.jpg,https://commons.wikimedia.org/wiki/File:Walk_Way_in_Sowl_Kere_lake_Bengaluru.jpg,https://upload.wikimedia.org/wikipedia/commons/e/e3/Walk_Way_in_Sowl_Kere_lake_Bengaluru.jpg,https://thumb.wikimedia.org/wikipedia/commons/thumb/e/e3/Walk_Way_in_Sowl_Kere_lake_Bengaluru.jpg/960px-Walk_Way_in_Sowl_Kere_lake_Bengaluru.jpg,2112,4608,రవిచంద్ర,CC BY-SA 4.0,https://creativecommons.org/licenses/by-sa/4.0,True,రవిచంద్ర / CC BY-SA 4.0 / Wikimedia Commons,2022-09-11,2022-09-11,12.920818,77.677392,False,True,commons
subramhanyapura-kere,1,"File:Subramanyapura lake, Bangalore (2025) 03.jpg","https://commons.wikimedia.org/wiki/File:Subramanyapura_lake,_Bangalore_(2025)_03.jpg",https://upload.wikimedia.org/wikipedia/commons/0/08/Subramanyapura_lake%2C_Bangalore_%282025%29_03.jpg,https://thumb.wikimedia.org/wikipedia/commons/thumb/0/08/Subramanyapura_lake%2C_Bangalore_%282025%29_03.jpg/960px-Subramanyapura_lake%2C_Bangalore_%282025%29_03.jpg,4080,3072,Gpkp,CC BY-SA 4.0,https://creativecommons.org/licenses/by-sa/4.0,True,Gpkp / CC BY-SA 4.0 / Wikimedia Commons,2025-07-25,2025-07-26,12.89519,77.543138,False,True,commons
subramhanyapura-kere,2,"File:Subramanyapura lake, Bangalore (2025) 04.jpg","https://commons.wikimedia.org/wiki/File:Subramanyapura_lake,_Bangalore_(2025)_04.jpg",https://upload.wikimedia.org/wikipedia/commons/f/f8/Subramanyapura_lake%2C_Bangalore_%282025%29_04.jpg,https://thumb.wikimedia.org/wikipedia/commons/thumb/f/f8/Subramanyapura_lake%2C_Bangalore_%282025%29_04.jpg/960px-Subramanyapura_lake%2C_Bangalore_%282025%29_04.jpg,4080,3072,Gpkp,CC BY-SA 4.0,https://creativecommons.org/licenses/by-sa/4.0,True,Gpkp / CC BY-SA 4.0 / Wikimedia Commons,2025-07-25,2025-07-26,12.89519,77.543138,False,True,commons
subramhanyapura-kere,3,"File:Subramanyapura lake, Bangalore (2025) 05.jpg","https://commons.wikimedia.org/wiki/File:Subramanyapura_lake,_Bangalore_(2025)_05.jpg",https://upload.wikimedia.org/wikipedia/commons/3/3d/Subramanyapura_lake%2C_Bangalore_%282025%29_05.jpg,https://thumb.wikimedia.org/wikipedia/commons/thumb/3/3d/Subramanyapura_lake%2C_Bangalore_%282025%29_05.jpg/960px-Subramanyapura_lake%2C_Bangalore_%282025%29_05.jpg,4080,3072,Gpkp,CC BY-SA 4.0,https://creativecommons.org/licenses/by-sa/4.0,True,Gpkp / CC BY-SA 4.0 / Wikimedia Commons,2025-07-25,2025-07-26,12.895154,77.543158,False,True,commons
subramhanyapura-kere,4,"File:Subramanyapura lake, Bangalore (2025) 09.jpg","https://commons.wikimedia.org/wiki/File:Subramanyapura_lake,_Bangalore_(2025)_09.jpg",https://upload.wikimedia.org/wikipedia/commons/4/4c/Subramanyapura_lake%2C_Bangalore_%282025%29_09.jpg,https://thumb.wikimedia.org/wikipedia/commons/thumb/4/4c/Subramanyapura_lake%2C_Bangalore_%282025%29_09.jpg/960px-Subramanyapura_lake%2C_Bangalore_%282025%29_09.jpg,4080,3072,Gpkp,CC BY-SA 4.0,https://creativecommons.org/licenses/by-sa/4.0,True,Gpkp / CC BY-SA 4.0 / Wikimedia Commons,2025-07-25,2025-07-26,12.895264,77.543436,False,True,commons
subramhanyapura-kere,5,"File:Subramanyapura lake, Bangalore (2025) 12.jpg","https://commons.wikimedia.org/wiki/File:Subramanyapura_lake,_Bangalore_(2025)_12.jpg",https://upload.wikimedia.org/wikipedia/commons/b/be/Subramanyapura_lake%2C_Bangalore_%282025%29_12.jpg,https://thumb.wikimedia.org/wikipedia/commons/thumb/b/be/Subramanyapura_lake%2C_Bangalore_%282025%29_12.jpg/960px-Subramanyapura_lake%2C_Bangalore_%282025%29_12.jpg,4080,3072,Gpkp,CC BY-SA 4.0,https://creativecommons.org/licenses/by-sa/4.0,True,Gpkp / CC BY-SA 4.0 / Wikimedia Commons,2025-07-25,2025-07-26,12.895074,77.541499,False,True,commons
subramhanyapura-kere,6,"File:Subramanyapura lake, Bangalore (2025) 15.jpg","https://commons.wikimedia.org/wiki/File:Subramanyapura_lake,_Bangalore_(2025)_15.jpg",https://upload.wikimedia.org/wikipedia/commons/7/7c/Subramanyapura_lake%2C_Bangalore_%282025%29_15.jpg,https://thumb.wikimedia.org/wikipedia/commons/thumb/7/7c/Subramanyapura_lake%2C_Bangalore_%282025%29_15.jpg/960px-Subramanyapura_lake%2C_Bangalore_%282025%29_15.jpg,4080,3072,Gpkp,CC BY-SA 4.0,https://creativecommons.org/licenses/by-sa/4.0,True,Gpkp / CC BY-SA 4.0 / Wikimedia Commons,2025-07-25,2025-07-26,12.896517,77.540949,False,True,commons
subramhanyapura-kere,7,"File:Subramanyapura lake, Bangalore (2025) 18.jpg","https://commons.wikimedia.org/wiki/File:Subramanyapura_lake,_Bangalore_(2025)_18.jpg",https://upload.wikimedia.org/wikipedia/commons/b/b9/Subramanyapura_lake%2C_Bangalore_%282025%29_18.jpg,https://thumb.wikimedia.org/wikipedia/commons/thumb/b/b9/Subramanyapura_lake%2C_Bangalore_%282025%29_18.jpg/960px-Subramanyapura_lake%2C_Bangalore_%282025%29_18.jpg,4080,3072,Gpkp,CC BY-SA 4.0,https://creativecommons.org/licenses/by-sa/4.0,True,Gpkp / CC BY-SA 4.0 / Wikimedia Commons,2025-07-25,2025-07-26,12.896973,77.541435,False,True,commons
subramhanyapura-kere,8,"File:Subramanyapura lake, Bangalore (2025) 19.jpg","https://commons.wikimedia.org/wiki/File:Subramanyapura_lake,_Bangalore_(2025)_19.jpg",https://upload.wikimedia.org/wikipedia/commons/c/c5/Subramanyapura_lake%2C_Bangalore_%282025%29_19.jpg,https://thumb.wikimedia.org/wikipedia/commons/thumb/c/c5/Subramanyapura_lake%2C_Bangalore_%282025%29_19.jpg/960px-Subramanyapura_lake%2C_Bangalore_%282025%29_19.jpg,4080,3072,Gpkp,CC BY-SA 4.0,https://creativecommons.org/licenses/by-sa/4.0,True,Gpkp / CC BY-SA 4.0 / Wikimedia Commons,2025-07-25,2025-07-26,12.8969,77.541677,False,True,commons
subramhanyapura-kere,9,"File:Subramanyapura lake, Bangalore (2025) 20.jpg","https://commons.wikimedia.org/wiki/File:Subramanyapura_lake,_Bangalore_(2025)_20.jpg",https://upload.wikimedia.org/wikipedia/commons/3/35/Subramanyapura_lake%2C_Bangalore_%282025%29_20.jpg,https://thumb.wikimedia.org/wikipedia/commons/thumb/3/35/Subramanyapura_lake%2C_Bangalore_%282025%29_20.jpg/960px-Subramanyapura_lake%2C_Bangalore_%282025%29_20.jpg,4080,3072,Gpkp,CC BY-SA 4.0,https://creativecommons.org/licenses/by-sa/4.0,True,Gpkp / CC BY-SA 4.0 / Wikimedia Commons,2025-07-25,2025-07-26,12.8969,77.541677,False,True,commons
subramhanyapura-kere,10,"File:Subramanyapura lake, Bangalore (2025) 21.jpg","https://commons.wikimedia.org/wiki/File:Subramanyapura_lake,_Bangalore_(2025)_21.jpg",https://upload.wikimedia.org/wikipedia/commons/1/1d/Subramanyapura_lake%2C_Bangalore_%282025%29_21.jpg,https://thumb.wikimedia.org/wikipedia/commons/thumb/1/1d/Subramanyapura_lake%2C_Bangalore_%282025%29_21.jpg/960px-Subramanyapura_lake%2C_Bangalore_%282025%29_21.jpg,4080,3072,Gpkp,CC BY-SA 4.0,https://creativecommons.org/licenses/by-sa/4.0,True,Gpkp / CC BY-SA 4.0 / Wikimedia Commons,2025-07-25,2025-07-26,12.896516,77.540892,False,True,commons
subramhanyapura-kere,11,"File:Subramanyapura lake, Bangalore (2025) 22.jpg","https://commons.wikimedia.org/wiki/File:Subramanyapura_lake,_Bangalore_(2025)_22.jpg",https://upload.wikimedia.org/wikipedia/commons/4/4f/Subramanyapura_lake%2C_Bangalore_%282025%29_22.jpg,https://thumb.wikimedia.org/wikipedia/commons/thumb/4/4f/Subramanyapura_lake%2C_Bangalore_%282025%29_22.jpg/960px-Subramanyapura_lake%2C_Bangalore_%282025%29_22.jpg,4080,3072,Gpkp,CC BY-SA 4.0,https://creativecommons.org/licenses/by-sa/4.0,True,Gpkp / CC BY-SA 4.0 / Wikimedia Commons,2025-07-25,2025-07-26,12.896757,77.542469,False,True,commons
subramhanyapura-kere,12,"File:Subramanyapura lake, Bangalore (2025) 23.jpg","https://commons.wikimedia.org/wiki/File:Subramanyapura_lake,_Bangalore_(2025)_23.jpg",https://upload.wikimedia.org/wikipedia/commons/0/07/Subramanyapura_lake%2C_Bangalore_%282025%29_23.jpg,https://thumb.wikimedia.org/wikipedia/commons/thumb/0/07/Subramanyapura_lake%2C_Bangalore_%282025%29_23.jpg/960px-Subramanyapura_lake%2C_Bangalore_%282025%29_23.jpg,4080,3072,Gpkp,CC BY-SA 4.0,https://creativecommons.org/licenses/by-sa/4.0,True,Gpkp / CC BY-SA 4.0 / Wikimedia Commons,2025-07-25,2025-07-26,12.896827,77.542457,False,True,commons
thalagattapura-lake,1,"File:Talaghattapura lake, Bangalore (2025) 01.jpg","https://commons.wikimedia.org/wiki/File:Talaghattapura_lake,_Bangalore_(2025)_01.jpg",https://upload.wikimedia.org/wikipedia/commons/c/cf/Talaghattapura_lake%2C_Bangalore_%282025%29_01.jpg,https://thumb.wikimedia.org/wikipedia/commons/thumb/c/cf/Talaghattapura_lake%2C_Bangalore_%282025%29_01.jpg/960px-Talaghattapura_lake%2C_Bangalore_%282025%29_01.jpg,4080,3072,Gpkp,CC BY-SA 4.0,https://creativecommons.org/licenses/by-sa/4.0,True,Gpkp / CC BY-SA 4.0 / Wikimedia Commons,2025-07-27,2025-07-27,12.868486,77.532044,False,True,commons
thalagattapura-lake,2,"File:Talaghattapura lake, Bangalore (2025) 04.jpg","https://commons.wikimedia.org/wiki/File:Talaghattapura_lake,_Bangalore_(2025)_04.jpg",https://upload.wikimedia.org/wikipedia/commons/3/3b/Talaghattapura_lake%2C_Bangalore_%282025%29_04.jpg,https://thumb.wikimedia.org/wikipedia/commons/thumb/3/3b/Talaghattapura_lake%2C_Bangalore_%282025%29_04.jpg/960px-Talaghattapura_lake%2C_Bangalore_%282025%29_04.jpg,4080,3072,Gpkp,CC BY-SA 4.0,https://creativecommons.org/licenses/by-sa/4.0,True,Gpkp / CC BY-SA 4.0 / Wikimedia Commons,2025-07-27,2025-07-27,12.867905,77.531691,False,True,commons
thalagattapura-lake,3,"File:Talaghattapura lake, Bangalore (2025) 05.jpg","https://commons.wikimedia.org/wiki/File:Talaghattapura_lake,_Bangalore_(2025)_05.jpg",https://upload.wikimedia.org/wikipedia/commons/b/b3/Talaghattapura_lake%2C_Bangalore_%282025%29_05.jpg,https://thumb.wikimedia.org/wikipedia/commons/thumb/b/b3/Talaghattapura_lake%2C_Bangalore_%282025%29_05.jpg/960px-Talaghattapura_lake%2C_Bangalore_%282025%29_05.jpg,4080,3072,Gpkp,CC BY-SA 4.0,https://creativecommons.org/licenses/by-sa/4.0,True,Gpkp / CC BY-SA 4.0 / Wikimedia Commons,2025-07-27,2025-07-27,12.867603,77.532011,False,True,commons
thalagattapura-lake,4,"File:Talaghattapura lake, Bangalore (2025) 08.jpg","https://commons.wikimedia.org/wiki/File:Talaghattapura_lake,_Bangalore_(2025)_08.jpg",https://upload.wikimedia.org/wikipedia/commons/5/53/Talaghattapura_lake%2C_Bangalore_%282025%29_08.jpg,https://thumb.wikimedia.org/wikipedia/commons/thumb/5/53/Talaghattapura_lake%2C_Bangalore_%282025%29_08.jpg/960px-Talaghattapura_lake%2C_Bangalore_%282025%29_08.jpg,4080,3072,Gpkp,CC BY-SA 4.0,https://creativecommons.org/licenses/by-sa/4.0,True,Gpkp / CC BY-SA 4.0 / Wikimedia Commons,2025-07-27,2025-07-27,12.868457,77.532364,False,True,commons
thalagattapura-lake,5,"File:Talaghattapura lake, Bangalore (2025) 13.jpg","https://commons.wikimedia.org/wiki/File:Talaghattapura_lake,_Bangalore_(2025)_13.jpg",https://upload.wikimedia.org/wikipedia/commons/a/a6/Talaghattapura_lake%2C_Bangalore_%282025%29_13.jpg,https://thumb.wikimedia.org/wikipedia/commons/thumb/a/a6/Talaghattapura_lake%2C_Bangalore_%282025%29_13.jpg/960px-Talaghattapura_lake%2C_Bangalore_%282025%29_13.jpg,4080,3072,Gpkp,CC BY-SA 4.0,https://creativecommons.org/licenses/by-sa/4.0,True,Gpkp / CC BY-SA 4.0 / Wikimedia Commons,2025-07-27,2025-07-27,12.865185,77.53133,False,True,commons
thalagattapura-lake,6,"File:Talaghattapura lake, Bangalore (2025) 14.jpg","https://commons.wikimedia.org/wiki/File:Talaghattapura_lake,_Bangalore_(2025)_14.jpg",https://upload.wikimedia.org/wikipedia/commons/5/50/Talaghattapura_lake%2C_Bangalore_%282025%29_14.jpg,https://thumb.wikimedia.org/wikipedia/commons/thumb/5/50/Talaghattapura_lake%2C_Bangalore_%282025%29_14.jpg/960px-Talaghattapura_lake%2C_Bangalore_%282025%29_14.jpg,4080,3072,Gpkp,CC BY-SA 4.0,https://creativecommons.org/licenses/by-sa/4.0,True,Gpkp / CC BY-SA 4.0 / Wikimedia Commons,2025-07-27,2025-07-27,12.868475,77.532368,False,True,commons
thalagattapura-lake,7,"File:Talaghattapura lake, Bangalore (2025) 16.jpg","https://commons.wikimedia.org/wiki/File:Talaghattapura_lake,_Bangalore_(2025)_16.jpg",https://upload.wikimedia.org/wikipedia/commons/a/a1/Talaghattapura_lake%2C_Bangalore_%282025%29_16.jpg,https://thumb.wikimedia.org/wikipedia/commons/thumb/a/a1/Talaghattapura_lake%2C_Bangalore_%282025%29_16.jpg/960px-Talaghattapura_lake%2C_Bangalore_%282025%29_16.jpg,4080,3072,Gpkp,CC BY-SA 4.0,https://creativecommons.org/licenses/by-sa/4.0,True,Gpkp / CC BY-SA 4.0 / Wikimedia Commons,2025-07-27,2025-07-27,12.865874,77.530614,False,True,commons
thalagattapura-lake,8,"File:Talaghattapura lake, Bangalore (2025) 17.jpg","https://commons.wikimedia.org/wiki/File:Talaghattapura_lake,_Bangalore_(2025)_17.jpg",https://upload.wikimedia.org/wikipedia/commons/0/0a/Talaghattapura_lake%2C_Bangalore_%282025%29_17.jpg,https://thumb.wikimedia.org/wikipedia/commons/thumb/0/0a/Talaghattapura_lake%2C_Bangalore_%282025%29_17.jpg/960px-Talaghattapura_lake%2C_Bangalore_%282025%29_17.jpg,4080,3072,Gpkp,CC BY-SA 4.0,https://creativecommons.org/licenses/by-sa/4.0,True,Gpkp / CC BY-SA 4.0 / Wikimedia Commons,2025-07-27,2025-07-27,12.865341,77.529944,False,True,commons
thalagattapura-lake,9,"File:Talaghattapura lake, Bangalore (2025) 18.jpg","https://commons.wikimedia.org/wiki/File:Talaghattapura_lake,_Bangalore_(2025)_18.jpg",https://upload.wikimedia.org/wikipedia/commons/1/1b/Talaghattapura_lake%2C_Bangalore_%282025%29_18.jpg,https://thumb.wikimedia.org/wikipedia/commons/thumb/1/1b/Talaghattapura_lake%2C_Bangalore_%282025%29_18.jpg/960px-Talaghattapura_lake%2C_Bangalore_%282025%29_18.jpg,4080,3072,Gpkp,CC BY-SA 4.0,https://creativecommons.org/licenses/by-sa/4.0,True,Gpkp / CC BY-SA 4.0 / Wikimedia Commons,2025-07-27,2025-07-27,12.868139,77.529777,False,True,commons
thalagattapura-lake,10,"File:Talaghattapura lake, Bangalore (2025) 03.jpg","https://commons.wikimedia.org/wiki/File:Talaghattapura_lake,_Bangalore_(2025)_03.jpg",https://upload.wikimedia.org/wikipedia/commons/3/3a/Talaghattapura_lake%2C_Bangalore_%282025%29_03.jpg,https://thumb.wikimedia.org/wikipedia/commons/thumb/3/3a/Talaghattapura_lake%2C_Bangalore_%282025%29_03.jpg/960px-Talaghattapura_lake%2C_Bangalore_%282025%29_03.jpg,3264,2448,Gpkp,CC BY-SA 4.0,https://creativecommons.org/licenses/by-sa/4.0,True,Gpkp / CC BY-SA 4.0 / Wikimedia Commons,2025-07-27,2025-07-27,12.867899,77.531418,False,True,commons
thalagattapura-lake,11,"File:Talaghattapura lake, Bangalore (2025) 06.jpg","https://commons.wikimedia.org/wiki/File:Talaghattapura_lake,_Bangalore_(2025)_06.jpg",https://upload.wikimedia.org/wikipedia/commons/b/b2/Talaghattapura_lake%2C_Bangalore_%282025%29_06.jpg,https://thumb.wikimedia.org/wikipedia/commons/thumb/b/b2/Talaghattapura_lake%2C_Bangalore_%282025%29_06.jpg/960px-Talaghattapura_lake%2C_Bangalore_%282025%29_06.jpg,3264,2448,Gpkp,CC BY-SA 4.0,https://creativecommons.org/licenses/by-sa/4.0,True,Gpkp / CC BY-SA 4.0 / Wikimedia Commons,2025-07-27,2025-07-27,12.868424,77.532446,False,True,commons
thalagattapura-lake,12,"File:Talaghattapura lake, Bangalore (2025) 09.jpg","https://commons.wikimedia.org/wiki/File:Talaghattapura_lake,_Bangalore_(2025)_09.jpg",https://upload.wikimedia.org/wikipedia/commons/f/fa/Talaghattapura_lake%2C_Bangalore_%282025%29_09.jpg,https://thumb.wikimedia.org/wikipedia/commons/thumb/f/fa/Talaghattapura_lake%2C_Bangalore_%282025%29_09.jpg/960px-Talaghattapura_lake%2C_Bangalore_%282025%29_09.jpg,3264,2448,Gpkp,CC BY-SA 4.0,https://creativecommons.org/licenses/by-sa/4.0,True,Gpkp / CC BY-SA 4.0 / Wikimedia Commons,2025-07-27,2025-07-27,12.866823,77.532266,False,True,commons
thubarahalli-kunte1,1,File:Panoramio of Thubarahalli 11-26-2011 12-48-06 PM.jpg,https://commons.wikimedia.org/wiki/File:Panoramio_of_Thubarahalli_11-26-2011_12-48-06_PM.jpg,https://upload.wikimedia.org/wikipedia/commons/d/da/Panoramio_of_Thubarahalli_11-26-2011_12-48-06_PM.jpg,https://thumb.wikimedia.org/wikipedia/commons/thumb/d/da/Panoramio_of_Thubarahalli_11-26-2011_12-48-06_PM.jpg/960px-Panoramio_of_Thubarahalli_11-26-2011_12-48-06_PM.jpg,5319,1423,Amol.Gaitonde,CC BY-SA 3.0,https://creativecommons.org/licenses/by-sa/3.0,True,Amol.Gaitonde / CC BY-SA 3.0 / Wikimedia Commons,,2011-11-26,12.954511,77.719208,False,True,commons
ulsoor-lake,1,"File:Ulsoor Lake , Bangalore 03.jpg","https://commons.wikimedia.org/wiki/File:Ulsoor_Lake_,_Bangalore_03.jpg",https://upload.wikimedia.org/wikipedia/commons/c/c1/Ulsoor_Lake_%2C_Bangalore_03.jpg,https://thumb.wikimedia.org/wikipedia/commons/thumb/c/c1/Ulsoor_Lake_%2C_Bangalore_03.jpg/960px-Ulsoor_Lake_%2C_Bangalore_03.jpg,16348,3788,Harvinder Chandigarh,CC BY 4.0,https://creativecommons.org/licenses/by/4.0,True,Harvinder Chandigarh / CC BY 4.0 / Wikimedia Commons,2024-01-21,2024-01-21,12.985339,77.622008,True,True,commons
ulsoor-lake,2,"File:KITLV 92027 - Unknown - Ulsoor Lake in Bangalore, India - Around 1870.tif","https://commons.wikimedia.org/wiki/File:KITLV_92027_-_Unknown_-_Ulsoor_Lake_in_Bangalore,_India_-_Around_1870.tif",https://upload.wikimedia.org/wikipedia/commons/9/9e/KITLV_92027_-_Unknown_-_Ulsoor_Lake_in_Bangalore%2C_India_-_Around_1870.tif,https://thumb.wikimedia.org/wikipedia/commons/thumb/9/9e/KITLV_92027_-_Unknown_-_Ulsoor_Lake_in_Bangalore%2C_India_-_Around_1870.tif/lossy-page1-960px-KITLV_92027_-_Unknown_-_Ulsoor_Lake_in_Bangalore%2C_India_-_Around_1870.tif.jpg,6742,4075,Unknown author Unknown author,Public domain,,False,Unknown author Unknown author / Public domain / Wikimedia Commons,1870-00-00,2015-05-04,,,True,True,commons
ulsoor-lake,3,File:Ulsoor lake (5392925868).jpg,https://commons.wikimedia.org/wiki/File:Ulsoor_lake_(5392925868).jpg,https://upload.wikimedia.org/wikipedia/commons/d/db/Ulsoor_lake_%285392925868%29.jpg,https://thumb.wikimedia.org/wikipedia/commons/thumb/d/db/Ulsoor_lake_%285392925868%29.jpg/960px-Ulsoor_lake_%285392925868%29.jpg,5184,3456,"Saad Faruque from Bangalore, India",CC BY 2.0,https://creativecommons.org/licenses/by/2.0,True,"Saad Faruque from Bangalore, India / CC BY 2.0 / Wikimedia Commons",2011-01-26,2015-07-17,,,True,True,commons
ulsoor-lake,4,File:Ulsoor lake (5392928438).jpg,https://commons.wikimedia.org/wiki/File:Ulsoor_lake_(5392928438).jpg,https://upload.wikimedia.org/wikipedia/commons/7/71/Ulsoor_lake_%285392928438%29.jpg,https://thumb.wikimedia.org/wikipedia/commons/thumb/7/71/Ulsoor_lake_%285392928438%29.jpg/960px-Ulsoor_lake_%285392928438%29.jpg,5184,3456,"Saad Faruque from Bangalore, India",CC BY 2.0,https://creativecommons.org/licenses/by/2.0,True,"Saad Faruque from Bangalore, India / CC BY 2.0 / Wikimedia Commons",2011-01-26,2015-07-17,,,True,True,commons
ulsoor-lake,5,File:Ulsoor lake (5392929172).jpg,https://commons.wikimedia.org/wiki/File:Ulsoor_lake_(5392929172).jpg,https://upload.wikimedia.org/wikipedia/commons/d/d1/Ulsoor_lake_%285392929172%29.jpg,https://thumb.wikimedia.org/wikipedia/commons/thumb/d/d1/Ulsoor_lake_%285392929172%29.jpg/960px-Ulsoor_lake_%285392929172%29.jpg,5184,3456,"Saad Faruque from Bangalore, India",CC BY 2.0,https://creativecommons.org/licenses/by/2.0,True,"Saad Faruque from Bangalore, India / CC BY 2.0 / Wikimedia Commons",2011-01-26,2015-07-17,,,True,True,commons
ulsoor-lake,6,File:Ulsoor lake (5392929820).jpg,https://commons.wikimedia.org/wiki/File:Ulsoor_lake_(5392929820).jpg,https://upload.wikimedia.org/wikipedia/commons/5/52/Ulsoor_lake_%285392929820%29.jpg,https://thumb.wikimedia.org/wikipedia/commons/thumb/5/52/Ulsoor_lake_%285392929820%29.jpg/960px-Ulsoor_lake_%285392929820%29.jpg,5184,3456,"Saad Faruque from Bangalore, India",CC BY 2.0,https://creativecommons.org/licenses/by/2.0,True,"Saad Faruque from Bangalore, India / CC BY 2.0 / Wikimedia Commons",2011-01-26,2015-07-17,,,True,True,commons
ulsoor-lake,7,File:Ulsoor lake (5392337487).jpg,https://commons.wikimedia.org/wiki/File:Ulsoor_lake_(5392337487).jpg,https://upload.wikimedia.org/wikipedia/commons/c/c9/Ulsoor_lake_%285392337487%29.jpg,https://thumb.wikimedia.org/wikipedia/commons/thumb/c/c9/Ulsoor_lake_%285392337487%29.jpg/960px-Ulsoor_lake_%285392337487%29.jpg,5015,3343,"Saad Faruque from Bangalore, India",CC BY 2.0,https://creativecommons.org/licenses/by/2.0,True,"Saad Faruque from Bangalore, India / CC BY 2.0 / Wikimedia Commons",2011-01-26,2015-07-17,,,True,True,commons
ulsoor-lake,8,File:Ulsoor lake (5392330091).jpg,https://commons.wikimedia.org/wiki/File:Ulsoor_lake_(5392330091).jpg,https://upload.wikimedia.org/wikipedia/commons/c/c1/Ulsoor_lake_%285392330091%29.jpg,https://thumb.wikimedia.org/wikipedia/commons/thumb/c/c1/Ulsoor_lake_%285392330091%29.jpg/960px-Ulsoor_lake_%285392330091%29.jpg,4969,3312,"Saad Faruque from Bangalore, India",CC BY 2.0,https://creativecommons.org/licenses/by/2.0,True,"Saad Faruque from Bangalore, India / CC BY 2.0 / Wikimedia Commons",2011-01-26,2015-07-17,,,True,True,commons
ulsoor-lake,9,File:Ulsoor Lake (6136776259).jpg,https://commons.wikimedia.org/wiki/File:Ulsoor_Lake_(6136776259).jpg,https://upload.wikimedia.org/wikipedia/commons/5/55/Ulsoor_Lake_%286136776259%29.jpg,https://thumb.wikimedia.org/wikipedia/commons/thumb/5/55/Ulsoor_Lake_%286136776259%29.jpg/960px-Ulsoor_Lake_%286136776259%29.jpg,4928,3264,"Ashwin Kumar from Bangalore, India",CC BY-SA 2.0,https://creativecommons.org/licenses/by-sa/2.0,True,"Ashwin Kumar from Bangalore, India / CC BY-SA 2.0 / Wikimedia Commons",2011-08-28,2016-10-13,12.976249,77.624,True,True,commons
ulsoor-lake,10,File:Ulsoor Lake (6137310960).jpg,https://commons.wikimedia.org/wiki/File:Ulsoor_Lake_(6137310960).jpg,https://upload.wikimedia.org/wikipedia/commons/3/34/Ulsoor_Lake_%286137310960%29.jpg,https://thumb.wikimedia.org/wikipedia/commons/thumb/3/34/Ulsoor_Lake_%286137310960%29.jpg/960px-Ulsoor_Lake_%286137310960%29.jpg,4928,3264,"Ashwin Kumar from Bangalore, India",CC BY-SA 2.0,https://creativecommons.org/licenses/by-sa/2.0,True,"Ashwin Kumar from Bangalore, India / CC BY-SA 2.0 / Wikimedia Commons",2011-08-28,2016-10-13,,,True,True,commons
ulsoor-lake,11,File:Ulsoor lake 2.jpg,https://commons.wikimedia.org/wiki/File:Ulsoor_lake_2.jpg,https://upload.wikimedia.org/wikipedia/commons/2/23/Ulsoor_lake_2.jpg,https://thumb.wikimedia.org/wikipedia/commons/thumb/2/23/Ulsoor_lake_2.jpg/960px-Ulsoor_lake_2.jpg,4096,3072,Amishas157,CC BY-SA 3.0,https://creativecommons.org/licenses/by-sa/3.0,True,Amishas157 / CC BY-SA 3.0 / Wikimedia Commons,2017,2017-09-03,12.985456,77.62265,True,True,commons
ulsoor-lake,12,"File:Ulsoor Lake , Bangalore 01.jpg","https://commons.wikimedia.org/wiki/File:Ulsoor_Lake_,_Bangalore_01.jpg",https://upload.wikimedia.org/wikipedia/commons/2/22/Ulsoor_Lake_%2C_Bangalore_01.jpg,https://thumb.wikimedia.org/wikipedia/commons/thumb/2/22/Ulsoor_Lake_%2C_Bangalore_01.jpg/960px-Ulsoor_Lake_%2C_Bangalore_01.jpg,4032,3024,Harvinder Chandigarh,CC BY 4.0,https://creativecommons.org/licenses/by/4.0,True,Harvinder Chandigarh / CC BY 4.0 / Wikimedia Commons,2024-01-21,2024-01-21,12.985339,77.622008,True,True,commons
varthur-lake,1,File:Evening sky at Varthur Lake - panoramio.jpg,https://commons.wikimedia.org/wiki/File:Evening_sky_at_Varthur_Lake_-_panoramio.jpg,https://upload.wikimedia.org/wikipedia/commons/9/93/Evening_sky_at_Varthur_Lake_-_panoramio.jpg,https://thumb.wikimedia.org/wikipedia/commons/thumb/9/93/Evening_sky_at_Varthur_Lake_-_panoramio.jpg/960px-Evening_sky_at_Varthur_Lake_-_panoramio.jpg,1632,1191,Rasool Varthur,CC BY-SA 3.0,https://creativecommons.org/licenses/by-sa/3.0,True,Rasool Varthur / CC BY-SA 3.0 / Wikimedia Commons,2008,2020-03-18,12.948729,77.744751,False,True,commons
varthur-lake,2,File:Varthur Lake 4-19-2014 1-37-13 PM.JPG,https://commons.wikimedia.org/wiki/File:Varthur_Lake_4-19-2014_1-37-13_PM.JPG,https://upload.wikimedia.org/wikipedia/commons/5/52/Varthur_Lake_4-19-2014_1-37-13_PM.JPG,https://thumb.wikimedia.org/wikipedia/commons/thumb/5/52/Varthur_Lake_4-19-2014_1-37-13_PM.JPG/960px-Varthur_Lake_4-19-2014_1-37-13_PM.JPG,1600,1200,Amol.Gaitonde,CC BY-SA 3.0,https://creativecommons.org/licenses/by-sa/3.0,True,Amol.Gaitonde / CC BY-SA 3.0 / Wikimedia Commons,2014-04-19,2014-04-20,12.948293,77.745763,False,True,commons
varthur-lake,3,File:Varthur Lake 4-19-2014 1-39-09 PM.JPG,https://commons.wikimedia.org/wiki/File:Varthur_Lake_4-19-2014_1-39-09_PM.JPG,https://upload.wikimedia.org/wikipedia/commons/5/55/Varthur_Lake_4-19-2014_1-39-09_PM.JPG,https://thumb.wikimedia.org/wikipedia/commons/thumb/5/55/Varthur_Lake_4-19-2014_1-39-09_PM.JPG/960px-Varthur_Lake_4-19-2014_1-39-09_PM.JPG,1600,1200,Amol.Gaitonde,CC BY-SA 3.0,https://creativecommons.org/licenses/by-sa/3.0,True,Amol.Gaitonde / CC BY-SA 3.0 / Wikimedia Commons,2014-04-19,2014-04-20,12.948293,77.745763,False,True,commons
vasanthapura-kunte,1,"File:Dore Kere, Bangalore (2026) 24.jpg","https://commons.wikimedia.org/wiki/File:Dore_Kere,_Bangalore_(2026)_24.jpg",https://upload.wikimedia.org/wikipedia/commons/0/02/Dore_Kere%2C_Bangalore_%282026%29_24.jpg,https://thumb.wikimedia.org/wikipedia/commons/thumb/0/02/Dore_Kere%2C_Bangalore_%282026%29_24.jpg/960px-Dore_Kere%2C_Bangalore_%282026%29_24.jpg,3264,2448,Gpkp,CC BY-SA 4.0,https://creativecommons.org/licenses/by-sa/4.0,True,Gpkp / CC BY-SA 4.0 / Wikimedia Commons,2026-02-09,2026-02-10,12.899608,77.551015,False,True,commons
vasanthapura-kunte,2,"File:Dore Kere, Bangalore (2026) 25.jpg","https://commons.wikimedia.org/wiki/File:Dore_Kere,_Bangalore_(2026)_25.jpg",https://upload.wikimedia.org/wikipedia/commons/4/4d/Dore_Kere%2C_Bangalore_%282026%29_25.jpg,https://thumb.wikimedia.org/wikipedia/commons/thumb/4/4d/Dore_Kere%2C_Bangalore_%282026%29_25.jpg/960px-Dore_Kere%2C_Bangalore_%282026%29_25.jpg,3264,2448,Gpkp,CC BY-SA 4.0,https://creativecommons.org/licenses/by-sa/4.0,True,Gpkp / CC BY-SA 4.0 / Wikimedia Commons,2026-02-09,2026-02-10,12.901563,77.551159,False,True,commons
vasanthapura-kunte,3,"File:Dore Kere, Bangalore (2026) 27.jpg","https://commons.wikimedia.org/wiki/File:Dore_Kere,_Bangalore_(2026)_27.jpg",https://upload.wikimedia.org/wikipedia/commons/4/4b/Dore_Kere%2C_Bangalore_%282026%29_27.jpg,https://thumb.wikimedia.org/wikipedia/commons/thumb/4/4b/Dore_Kere%2C_Bangalore_%282026%29_27.jpg/960px-Dore_Kere%2C_Bangalore_%282026%29_27.jpg,3264,2448,Gpkp,CC BY-SA 4.0,https://creativecommons.org/licenses/by-sa/4.0,True,Gpkp / CC BY-SA 4.0 / Wikimedia Commons,2026-02-09,2026-02-10,12.901595,77.550915,False,True,commons
vasanthapura-kunte,4,"File:Dore Kere, Bangalore (2026) 30.jpg","https://commons.wikimedia.org/wiki/File:Dore_Kere,_Bangalore_(2026)_30.jpg",https://upload.wikimedia.org/wikipedia/commons/4/44/Dore_Kere%2C_Bangalore_%282026%29_30.jpg,https://thumb.wikimedia.org/wikipedia/commons/thumb/4/44/Dore_Kere%2C_Bangalore_%282026%29_30.jpg/960px-Dore_Kere%2C_Bangalore_%282026%29_30.jpg,3264,2448,Gpkp,CC BY-SA 4.0,https://creativecommons.org/licenses/by-sa/4.0,True,Gpkp / CC BY-SA 4.0 / Wikimedia Commons,2026-02-09,2026-02-10,12.900406,77.550972,False,True,commons
vasanthapura-kunte,5,"File:Dore Kere, Bangalore (2026) 38.jpg","https://commons.wikimedia.org/wiki/File:Dore_Kere,_Bangalore_(2026)_38.jpg",https://upload.wikimedia.org/wikipedia/commons/0/03/Dore_Kere%2C_Bangalore_%282026%29_38.jpg,https://thumb.wikimedia.org/wikipedia/commons/thumb/0/03/Dore_Kere%2C_Bangalore_%282026%29_38.jpg/960px-Dore_Kere%2C_Bangalore_%282026%29_38.jpg,3264,2448,Gpkp,CC BY-SA 4.0,https://creativecommons.org/licenses/by-sa/4.0,True,Gpkp / CC BY-SA 4.0 / Wikimedia Commons,2026-02-09,2026-02-10,12.901634,77.55038,False,True,commons
vibhutipura-lake,1,File:Vibhutipura lake 05-May-2019 1.jpg,https://commons.wikimedia.org/wiki/File:Vibhutipura_lake_05-May-2019_1.jpg,https://upload.wikimedia.org/wikipedia/commons/a/af/Vibhutipura_lake_05-May-2019_1.jpg,https://thumb.wikimedia.org/wikipedia/commons/thumb/a/af/Vibhutipura_lake_05-May-2019_1.jpg/960px-Vibhutipura_lake_05-May-2019_1.jpg,4096,2304,Amol.Gaitonde,CC BY-SA 4.0,https://creativecommons.org/licenses/by-sa/4.0,True,Amol.Gaitonde / CC BY-SA 4.0 / Wikimedia Commons,2019,2019-05-05,12.969057,77.675102,True,True,commons
vibhutipura-lake,2,File:Vibhutipura lake 05-May-2019 3 2.jpg,https://commons.wikimedia.org/wiki/File:Vibhutipura_lake_05-May-2019_3_2.jpg,https://upload.wikimedia.org/wikipedia/commons/a/ac/Vibhutipura_lake_05-May-2019_3_2.jpg,https://thumb.wikimedia.org/wikipedia/commons/thumb/a/ac/Vibhutipura_lake_05-May-2019_3_2.jpg/960px-Vibhutipura_lake_05-May-2019_3_2.jpg,4096,2304,Amol.Gaitonde,CC BY-SA 4.0,https://creativecommons.org/licenses/by-sa/4.0,True,Amol.Gaitonde / CC BY-SA 4.0 / Wikimedia Commons,2019,2019-05-05,12.968618,77.678642,True,True,commons
vibhutipura-lake,3,File:Vibhutipura lake 05-May-2019 3.jpg,https://commons.wikimedia.org/wiki/File:Vibhutipura_lake_05-May-2019_3.jpg,https://upload.wikimedia.org/wikipedia/commons/6/69/Vibhutipura_lake_05-May-2019_3.jpg,https://thumb.wikimedia.org/wikipedia/commons/thumb/6/69/Vibhutipura_lake_05-May-2019_3.jpg/960px-Vibhutipura_lake_05-May-2019_3.jpg,4096,2304,Amol.Gaitonde,CC BY-SA 4.0,https://creativecommons.org/licenses/by-sa/4.0,True,Amol.Gaitonde / CC BY-SA 4.0 / Wikimedia Commons,2019,2019-05-05,12.966481,77.676842,True,True,commons
vibhutipura-lake,4,File:Vibhutipura lake 05-May-2019 4.jpg,https://commons.wikimedia.org/wiki/File:Vibhutipura_lake_05-May-2019_4.jpg,https://upload.wikimedia.org/wikipedia/commons/a/a8/Vibhutipura_lake_05-May-2019_4.jpg,https://thumb.wikimedia.org/wikipedia/commons/thumb/a/a8/Vibhutipura_lake_05-May-2019_4.jpg/960px-Vibhutipura_lake_05-May-2019_4.jpg,4096,2304,Amol.Gaitonde,CC BY-SA 4.0,https://creativecommons.org/licenses/by-sa/4.0,True,Amol.Gaitonde / CC BY-SA 4.0 / Wikimedia Commons,2019,2019-05-05,12.968705,77.678619,True,True,commons
vibhutipura-lake,5,File:Vibhutipura lake 05-May-2019 5.jpg,https://commons.wikimedia.org/wiki/File:Vibhutipura_lake_05-May-2019_5.jpg,https://upload.wikimedia.org/wikipedia/commons/5/55/Vibhutipura_lake_05-May-2019_5.jpg,https://thumb.wikimedia.org/wikipedia/commons/thumb/5/55/Vibhutipura_lake_05-May-2019_5.jpg/960px-Vibhutipura_lake_05-May-2019_5.jpg,4096,2304,Amol.Gaitonde,CC BY-SA 4.0,https://creativecommons.org/licenses/by-sa/4.0,True,Amol.Gaitonde / CC BY-SA 4.0 / Wikimedia Commons,2019,2019-05-05,12.968563,77.681053,True,True,commons
vibhutipura-lake,6,File:Vibhutipura lake 05-May-2019 6.jpg,https://commons.wikimedia.org/wiki/File:Vibhutipura_lake_05-May-2019_6.jpg,https://upload.wikimedia.org/wikipedia/commons/d/d5/Vibhutipura_lake_05-May-2019_6.jpg,https://thumb.wikimedia.org/wikipedia/commons/thumb/d/d5/Vibhutipura_lake_05-May-2019_6.jpg/960px-Vibhutipura_lake_05-May-2019_6.jpg,4096,2304,Amol.Gaitonde,CC BY-SA 4.0,https://creativecommons.org/licenses/by-sa/4.0,True,Amol.Gaitonde / CC BY-SA 4.0 / Wikimedia Commons,2019,2019-05-05,12.968971,77.681473,True,True,commons
vibhutipura-lake,7,File:Vibhutipura lake 05-May-2019.jpg,https://commons.wikimedia.org/wiki/File:Vibhutipura_lake_05-May-2019.jpg,https://upload.wikimedia.org/wikipedia/commons/9/92/Vibhutipura_lake_05-May-2019.jpg,https://thumb.wikimedia.org/wikipedia/commons/thumb/9/92/Vibhutipura_lake_05-May-2019.jpg/960px-Vibhutipura_lake_05-May-2019.jpg,4096,2304,Amol.Gaitonde,CC BY-SA 4.0,https://creativecommons.org/licenses/by-sa/4.0,True,Amol.Gaitonde / CC BY-SA 4.0 / Wikimedia Commons,2019,2019-05-05,12.96995,77.675232,True,True,commons
vibhutipura-lake,8,File:Bbmpvplake.jpg,https://commons.wikimedia.org/wiki/File:Bbmpvplake.jpg,https://upload.wikimedia.org/wikipedia/commons/c/c2/Bbmpvplake.jpg,https://thumb.wikimedia.org/wikipedia/commons/thumb/c/c2/Bbmpvplake.jpg/960px-Bbmpvplake.jpg,1536,2048,Rajeshb n,CC BY-SA 4.0,https://creativecommons.org/licenses/by-sa/4.0,True,Rajeshb n / CC BY-SA 4.0 / Wikimedia Commons,2021-01-05,2021-08-06,,,True,True,commons
vibhutipura-lake,9,File:Vibuthipuralake.jpg,https://commons.wikimedia.org/wiki/File:Vibuthipuralake.jpg,https://upload.wikimedia.org/wikipedia/commons/1/1c/Vibuthipuralake.jpg,https://thumb.wikimedia.org/wikipedia/commons/thumb/1/1c/Vibuthipuralake.jpg/960px-Vibuthipuralake.jpg,1536,2048,Rajeshb n,CC0,http://creativecommons.org/publicdomain/zero/1.0/deed.en,False,Rajeshb n / CC0 / Wikimedia Commons,2020-01-26,2021-08-06,,,True,True,commons
vibhutipura-lake,10,File:Vibuthipuralake (cropped).jpg,https://commons.wikimedia.org/wiki/File:Vibuthipuralake_(cropped).jpg,https://upload.wikimedia.org/wikipedia/commons/7/77/Vibuthipuralake_%28cropped%29.jpg,https://thumb.wikimedia.org/wikipedia/commons/thumb/7/77/Vibuthipuralake_%28cropped%29.jpg/960px-Vibuthipuralake_%28cropped%29.jpg,1536,1140,Rajeshb n,CC0,http://creativecommons.org/publicdomain/zero/1.0/deed.en,False,Rajeshb n / CC0 / Wikimedia Commons,2020-01-26,2022-11-17,,,True,True,commons
vibhutipura-lake,11,File:Vibhutipura Lake.jpg,https://commons.wikimedia.org/wiki/File:Vibhutipura_Lake.jpg,https://upload.wikimedia.org/wikipedia/commons/f/f9/Vibhutipura_Lake.jpg,https://thumb.wikimedia.org/wikipedia/commons/thumb/f/f9/Vibhutipura_Lake.jpg/960px-Vibhutipura_Lake.jpg,1000,682,,CC BY-SA 3.0,http://creativecommons.org/licenses/by-sa/3.0/,True,CC BY-SA 3.0 / Wikimedia Commons,,2007-03-22,,,True,True,commons
white-field-kunte1,1,File:Whitefield Water Tank 2-2-2014 5-00-16 PM.JPG,https://commons.wikimedia.org/wiki/File:Whitefield_Water_Tank_2-2-2014_5-00-16_PM.JPG,https://upload.wikimedia.org/wikipedia/commons/4/4c/Whitefield_Water_Tank_2-2-2014_5-00-16_PM.JPG,https://thumb.wikimedia.org/wikipedia/commons/thumb/4/4c/Whitefield_Water_Tank_2-2-2014_5-00-16_PM.JPG/960px-Whitefield_Water_Tank_2-2-2014_5-00-16_PM.JPG,2592,1944,Amol.Gaitonde,CC BY-SA 3.0,https://creativecommons.org/licenses/by-sa/3.0,True,Amol.Gaitonde / CC BY-SA 3.0 / Wikimedia Commons,2014-02-02,2014-02-02,12.9698,77.749947,False,True,commons
yelahanka-lake,1,File:Yelahanka lake.jpg,https://commons.wikimedia.org/wiki/File:Yelahanka_lake.jpg,https://upload.wikimedia.org/wikipedia/commons/a/ac/Yelahanka_lake.jpg,https://thumb.wikimedia.org/wikipedia/commons/thumb/a/ac/Yelahanka_lake.jpg/960px-Yelahanka_lake.jpg,4284,5712,Surendher ravi,CC BY-SA 4.0,https://creativecommons.org/licenses/by-sa/4.0,True,Surendher ravi / CC BY-SA 4.0 / Wikimedia Commons,2025-01-01,2026-06-30,13.107906,77.597083,False,True,commons
yelahanka-lake,2,File:Banglore lake.jpg,https://commons.wikimedia.org/wiki/File:Banglore_lake.jpg,https://upload.wikimedia.org/wikipedia/commons/b/ba/Banglore_lake.jpg,https://thumb.wikimedia.org/wikipedia/commons/thumb/b/ba/Banglore_lake.jpg/960px-Banglore_lake.jpg,3000,4000,Underthesamesky,CC0,http://creativecommons.org/publicdomain/zero/1.0/deed.en,False,Underthesamesky / CC0 / Wikimedia Commons,2025-06-08,2025-06-09,13.116363,77.594708,False,True,commons
yelahanka-lake,3,File:Bangalore Lake island.jpg,https://commons.wikimedia.org/wiki/File:Bangalore_Lake_island.jpg,https://upload.wikimedia.org/wikipedia/commons/3/3d/Bangalore_Lake_island.jpg,https://thumb.wikimedia.org/wikipedia/commons/thumb/3/3d/Bangalore_Lake_island.jpg/960px-Bangalore_Lake_island.jpg,2840,3844,Underthesamesky,CC0,http://creativecommons.org/publicdomain/zero/1.0/deed.en,False,Underthesamesky / CC0 / Wikimedia Commons,2025-06-08,2025-06-09,13.11636,77.594709,False,True,commons
