key,pixelCount,elevationMinM,elevationMedianM,shoreElevationM,source
abbigere-kere,141,878.9,881.4,883.4,copernicus-dem-glo30
abbigere-kunte1,2,900.8,900.8,900.8,copernicus-dem-glo30
acchanakere,51,877.6,878.9,879.6,copernicus-dem-glo30
achanakere,14,887.7,888.3,888.6,copernicus-dem-glo30
adarang-lake,25,921.4,928.3,927.2,copernicus-dem-glo30
adde-lake,113,873.5,876.1,877.4,copernicus-dem-glo30
addevishwanathapura-lake,255,889.1,891.8,893.8,copernicus-dem-glo30
addiganahalli-lake,11,913.4,915.7,917.3,copernicus-dem-glo30
addigenakere,14,913.6,914.9,915.4,copernicus-dem-glo30
adesonatti-lake,82,888.0,891.3,893.3,copernicus-dem-glo30
adiganahalli-kunte,4,906.8,908.2,908.0,copernicus-dem-glo30
adigondanahalli-kere,44,864.0,866.2,867.9,copernicus-dem-glo30
adikamaranahalli-kunte,10,843.0,844.9,844.6,copernicus-dem-glo30
adikelallanapalya-kere,53,852.9,855.2,857.3,copernicus-dem-glo30
adkepalya-lake,24,878.8,882.0,884.9,copernicus-dem-glo30
adugodi-kunte1,2,892.2,892.7,892.3,copernicus-dem-glo30
adugodi-kunte2,4,899.7,901.6,901.3,copernicus-dem-glo30
aduru-kunte1,1,888.8,888.8,888.7,copernicus-dem-glo30
aduru-kunte2,1,885.4,885.4,885.4,copernicus-dem-glo30
aduru-kunte3,1,872.2,872.2,872.2,copernicus-dem-glo30
aduru-kunte4,2,875.2,875.3,875.5,copernicus-dem-glo30
aduru-lake,27,904.5,905.4,905.9,copernicus-dem-glo30
adurupalya-lake,20,913.3,915.2,915.9,copernicus-dem-glo30
agara-kere,171,759.0,759.0,760.9,copernicus-dem-glo30
agara-kunte-2,3,901.1,901.4,901.5,copernicus-dem-glo30
agara-kunte-3,2,904.0,904.4,904.0,copernicus-dem-glo30
agara-kunte-4,2,781.5,783.8,784.5,copernicus-dem-glo30
agara-kunte-4-2,4,896.3,898.7,899.4,copernicus-dem-glo30
agara-kunte-5,2,768.8,769.0,769.0,copernicus-dem-glo30
agara-kunte-6,6,764.7,771.0,770.2,copernicus-dem-glo30
agara-kunte-7,1,759.2,759.2,759.7,copernicus-dem-glo30
agara-kunte-8,2,766.8,768.2,768.4,copernicus-dem-glo30
agara-kunte1,6,787.3,788.8,788.4,copernicus-dem-glo30
agara-kunte1-2,2,880.7,881.7,882.2,copernicus-dem-glo30
agara-kunte2,5,782.8,787.8,788.4,copernicus-dem-glo30
agara-kunte3,3,781.9,782.4,781.9,copernicus-dem-glo30
agara-lake,339,873.0,874.5,877.3,copernicus-dem-glo30
agrahara-kere,42,884.8,888.1,888.6,copernicus-dem-glo30
agrahara-lake,49,892.6,893.9,896.2,copernicus-dem-glo30
aiyanapalya-lake,33,915.7,917.4,917.9,copernicus-dem-glo30
ajjanahalli-kere,17,806.0,807.7,809.5,copernicus-dem-glo30
ajjegowdana-katte,9,838.2,839.6,841.0,copernicus-dem-glo30
akkithimmanahalli-kere,41,894.3,903.0,903.9,copernicus-dem-glo30
alagondahalli-lake,63,909.8,912.2,913.2,copernicus-dem-glo30
alahalli-kere,66,906.0,906.0,906.7,copernicus-dem-glo30
alijenahalli-kere,16,905.8,906.8,907.2,copernicus-dem-glo30
allasandra-lake,156,899.2,901.2,903.2,copernicus-dem-glo30
alur-kere,262,850.3,851.8,852.4,copernicus-dem-glo30
aluru-lake1,50,912.7,913.6,914.9,copernicus-dem-glo30
amalgunte-lake,40,739.7,741.6,742.8,copernicus-dem-glo30
amanimulli-kere,433,888.8,892.3,892.2,copernicus-dem-glo30
ambalagere-n,87,906.6,908.5,909.1,copernicus-dem-glo30
ambalagere-w,57,911.2,913.7,914.4,copernicus-dem-glo30
ambalipura-kelagina-kere,25,879.5,885.1,887.3,copernicus-dem-glo30
ambalipura-kunte1,4,891.0,891.5,892.0,copernicus-dem-glo30
ampapura-lake,7,737.2,737.6,738.1,copernicus-dem-glo30
amruthahalli-lake,89,893.9,894.7,896.4,copernicus-dem-glo30
amruthalli-kunte1,2,915.8,915.8,915.8,copernicus-dem-glo30
amrutnagar-lake,42,879.0,879.0,881.1,copernicus-dem-glo30
anagalapura-kunte1,2,893.6,893.7,893.9,copernicus-dem-glo30
anagalapura-kunte2,9,891.5,893.6,893.8,copernicus-dem-glo30
anantapura-kere,34,875.3,876.8,878.0,copernicus-dem-glo30
ananthapura-kunte,4,908.7,909.1,908.8,copernicus-dem-glo30
ananthapura-kunte1,4,915.9,916.8,916.7,copernicus-dem-glo30
ananthapura-kunte2,9,927.9,930.1,928.6,copernicus-dem-glo30
andhrahalli-lake,48,879.5,879.5,881.3,copernicus-dem-glo30
annamma-kere,18,885.1,885.9,886.5,copernicus-dem-glo30
antarahalli-kere,108,913.0,914.2,914.7,copernicus-dem-glo30
anurah-katte-newly-created,1,919.2,919.2,918.7,copernicus-dem-glo30
aradeshanahalli-kere,1088,880.3,883.3,884.8,copernicus-dem-glo30
aradeshanahalli-kere-2,263,873.4,876.1,877.0,copernicus-dem-glo30
aralakunte,16,898.3,899.2,899.5,copernicus-dem-glo30
aralamallige-kere,1877,877.2,880.6,881.3,copernicus-dem-glo30
arasanahalli-lake,203,897.5,899.3,900.5,copernicus-dem-glo30
arebommanahalli-2r,27,867.4,869.2,870.4,copernicus-dem-glo30
arebommanahalli-low,23,892.1,893.9,895.3,copernicus-dem-glo30
arebommanahalli-up-kere,46,890.0,892.0,893.9,copernicus-dem-glo30
arehalii-kere,830,866.7,873.9,873.4,copernicus-dem-glo30
arehalli-kere,33,849.0,854.6,856.7,copernicus-dem-glo30
arehalli-kunte,5,845.5,846.1,846.1,copernicus-dem-glo30
arehalli-lake,201,850.8,853.7,853.6,copernicus-dem-glo30
arehalli-lake-2,83,864.9,866.6,867.7,copernicus-dem-glo30
arekere-lake,70,900.0,900.6,901.5,copernicus-dem-glo30
arekere-lake-2,50,883.3,885.0,886.9,copernicus-dem-glo30
arenur-kere,104,865.0,866.9,868.1,copernicus-dem-glo30
arjunabettahalli-kere,16,905.9,907.2,907.7,copernicus-dem-glo30
arluru-kere-s,69,884.4,886.7,888.5,copernicus-dem-glo30
asirvanam-ashram-1,17,770.8,771.9,772.8,copernicus-dem-glo30
asirvanam-ashram-2,6,767.3,767.9,768.2,copernicus-dem-glo30
attibele-kere,81,878.2,879.8,880.6,copernicus-dem-glo30
attur-kere,205,881.3,890.2,884.9,copernicus-dem-glo30
atturu-kere,308,899.9,902.1,904.5,copernicus-dem-glo30
atturu-kunte,1,924.5,924.5,925.1,copernicus-dem-glo30
avadenahlli-lake,110,880.3,882.7,885.2,copernicus-dem-glo30
avalahali-kunte,4,879.4,880.2,880.2,copernicus-dem-glo30
avalahalli-katte1,7,928.6,930.5,929.8,copernicus-dem-glo30
avalahalli-katte2,7,928.5,930.0,929.9,copernicus-dem-glo30
avalahalli-kere,39,908.6,909.4,910.9,copernicus-dem-glo30
avalahalli-kere-2,53,903.5,905.0,906.0,copernicus-dem-glo30
avalahalli-kere-3,8,892.0,892.6,894.4,copernicus-dem-glo30
avalahalli-kunte-1,3,895.6,896.4,896.6,copernicus-dem-glo30
avalahalli-kunte-2,2,895.7,896.8,897.9,copernicus-dem-glo30
avalahalli-kunte-3,1,887.9,887.9,887.7,copernicus-dem-glo30
avalahalli-kunte-4,2,891.8,892.0,892.2,copernicus-dem-glo30
avalahalli-kunte1,2,863.9,865.3,865.3,copernicus-dem-glo30
avalahalli-kunte2,2,847.4,848.1,847.4,copernicus-dem-glo30
avalahalli-lake,66,879.6,883.8,885.0,copernicus-dem-glo30
avalahalli-lake-2,5,916.5,918.1,918.7,copernicus-dem-glo30
avalakuppe-lake,7,800.5,802.3,803.0,copernicus-dem-glo30
averahalli-kere,53,845.0,847.4,849.3,copernicus-dem-glo30
averhalli-kere,89,919.6,921.8,922.8,copernicus-dem-glo30
ayyana-kere,41,882.6,890.3,890.6,copernicus-dem-glo30
ayyannanapalya-lake,46,933.0,934.2,936.8,copernicus-dem-glo30
b-channasandra-lake,97,892.2,893.3,894.8,copernicus-dem-glo30
b-narayanapura-kere,11,893.2,894.1,894.4,copernicus-dem-glo30
bachchahalli-kere,742,893.7,895.7,897.6,copernicus-dem-glo30
badakukere,15,825.4,827.0,827.8,copernicus-dem-glo30
badamanavartha-kaval-kere,22,754.2,755.3,757.0,copernicus-dem-glo30
badavamavarthe-kavalu-kunte1,1,814.8,814.8,816.9,copernicus-dem-glo30
badavamavarthe-kavalu-kunte2,3,746.1,746.6,746.6,copernicus-dem-glo30
badavamavarthekavalu-hosakere-1,24,791.4,796.0,794.7,copernicus-dem-glo30
badavamavarthekavalu-kunte3,1,774.8,774.8,774.4,copernicus-dem-glo30
badavamavarthekavalu-kunte4,2,777.7,778.0,778.4,copernicus-dem-glo30
badavamavarthekavalu-kunte5,5,772.8,774.0,774.2,copernicus-dem-glo30
badavamavarthekavalu-kunte6,2,782.5,783.5,783.5,copernicus-dem-glo30
badavamavarthekavalu-kunte7,16,803.3,807.0,806.1,copernicus-dem-glo30
bagalagunte-govt-lake,33,873.0,874.2,876.0,copernicus-dem-glo30
bagalagunte-kunte1,1,882.4,882.4,882.5,copernicus-dem-glo30
bagalakunte-kere1,48,874.3,877.7,878.3,copernicus-dem-glo30
bagalakunte-kunte2,7,904.5,906.0,907.8,copernicus-dem-glo30
bagalakunte-kunte3,1,866.5,866.5,865.9,copernicus-dem-glo30
bagaluru-majare-kunte,2,897.6,897.9,898.2,copernicus-dem-glo30
bagur-lake,178,853.5,856.4,858.1,copernicus-dem-glo30
bail-narsapur-lake-1,106,862.0,864.0,864.8,copernicus-dem-glo30
bail-narsapur-lake-2,110,869.2,870.9,871.9,copernicus-dem-glo30
bail-narsapur-lake-3,49,866.1,867.5,867.6,copernicus-dem-glo30
bail-narsapur-lake-4,26,873.4,874.3,874.5,copernicus-dem-glo30
bailakonnenahalli-kunte,4,875.1,875.7,875.7,copernicus-dem-glo30
bainahalli-lake,244,898.0,899.9,901.7,copernicus-dem-glo30
bairasandra-kere,69,757.0,758.6,761.4,copernicus-dem-glo30
baiyappanahalli-kere,113,875.4,877.2,879.4,copernicus-dem-glo30
balagere-kunte1,13,864.5,866.8,866.6,copernicus-dem-glo30
balagere-kunte2,6,879.0,881.0,880.1,copernicus-dem-glo30
balagere-kunte3,2,877.9,877.9,878.0,copernicus-dem-glo30
balchakuppe-lake,15,846.2,847.9,849.1,copernicus-dem-glo30
balchakuppe-lake-1,5,833.3,835.3,835.4,copernicus-dem-glo30
balekere,22,747.2,747.9,749.1,copernicus-dem-glo30
balligere-lake,20,923.2,923.6,923.9,copernicus-dem-glo30
bammasandra-kunte-1,4,901.9,902.6,902.7,copernicus-dem-glo30
banahalli-kere-w,133,878.7,882.2,883.1,copernicus-dem-glo30
banahallli-kere,87,874.0,877.0,877.2,copernicus-dem-glo30
banasavadi-kere-1,84,899.7,903.9,905.5,copernicus-dem-glo30
banasavadi-kunte-4,1,920.4,920.4,920.4,copernicus-dem-glo30
banasavadi-kunte-5,1,923.7,923.7,923.7,copernicus-dem-glo30
banasavadi-kunte-6,3,916.5,916.8,916.5,copernicus-dem-glo30
banasavadi-kunte-7,1,911.4,911.4,911.4,copernicus-dem-glo30
banasavadi-kunte1,4,911.8,912.8,913.5,copernicus-dem-glo30
banasavadi-kunte2,2,922.5,924.0,925.3,copernicus-dem-glo30
banasavadi-kunte3,4,914.0,916.2,914.0,copernicus-dem-glo30
banasavadi-kunte8,1,911.1,911.1,911.1,copernicus-dem-glo30
banaswadi-kere2,208,893.0,898.6,900.7,copernicus-dem-glo30
banavati-lake,190,756.8,758.0,759.1,copernicus-dem-glo30
bande-mahadevapura-kere,8,888.7,889.0,890.3,copernicus-dem-glo30
bandekere,42,899.7,903.3,903.4,copernicus-dem-glo30
bandenalasandra-lake,75,892.6,894.0,894.6,copernicus-dem-glo30
bandikodigenahalli-amani-kere,1077,880.3,882.5,884.3,copernicus-dem-glo30
bangalapet-lake,96,891.9,892.5,893.6,copernicus-dem-glo30
banhalli-lake,162,853.9,856.2,856.8,copernicus-dem-glo30
bannamangala-n-kere,38,900.4,904.0,903.9,copernicus-dem-glo30
bannerghatta-lake,10,851.8,853.1,854.5,copernicus-dem-glo30
bannerghatta-lake-2,23,863.5,863.5,867.9,copernicus-dem-glo30
bannerughatta-kavalu-kunte,1,917.9,917.9,916.5,copernicus-dem-glo30
bannerughatta-kunte,9,923.7,924.5,925.5,copernicus-dem-glo30
bannerughatta-kunte2,4,928.4,929.1,929.0,copernicus-dem-glo30
baradi-kere,244,874.7,875.8,877.1,copernicus-dem-glo30
bariga-mudinahalli-kunte,1,894.7,894.7,892.6,copernicus-dem-glo30
basammanahalli-kere,7,786.3,787.1,787.7,copernicus-dem-glo30
basapura-kunte,2,906.7,907.1,907.0,copernicus-dem-glo30
basavanagar-lake,12,886.4,887.6,888.1,copernicus-dem-glo30
basavanapalya-lake,8,827.2,827.8,828.5,copernicus-dem-glo30
basavanapura-kere,41,877.0,877.2,878.6,copernicus-dem-glo30
basavanapura-kere-2,19,914.7,919.8,921.5,copernicus-dem-glo30
basavanapura-kunte1,10,882.3,884.1,884.0,copernicus-dem-glo30
basavanapura-lake,13,931.4,933.5,934.1,copernicus-dem-glo30
bashettihalli-kere,192,885.3,888.5,890.3,copernicus-dem-glo30
bavikere-kere,55,874.1,874.5,876.5,copernicus-dem-glo30
bayappanahalli-lake,21,900.6,909.5,907.5,copernicus-dem-glo30
beemanakuppe-kunte1,1,785.1,785.1,784.1,copernicus-dem-glo30
beesegowdan-a-katte,2,791.7,792.0,792.1,copernicus-dem-glo30
begihalli-govt-kere,14,903.6,904.8,906.7,copernicus-dem-glo30
begihalli-kunte1,2,906.7,907.9,907.6,copernicus-dem-glo30
begihalli-kunte2,2,908.5,908.9,908.9,copernicus-dem-glo30
begur-kere,137,883.3,887.7,888.1,copernicus-dem-glo30
begur-kunte-1,4,891.5,892.3,892.3,copernicus-dem-glo30
begur-kunte2,6,903.2,904.3,904.9,copernicus-dem-glo30
begur-kunte3,1,898.1,898.1,898.5,copernicus-dem-glo30
begur-kunte4,4,904.9,905.1,905.2,copernicus-dem-glo30
begur-kunte5,4,907.8,908.6,909.2,copernicus-dem-glo30
begur-kunte6,1,902.1,902.1,902.1,copernicus-dem-glo30
begur-kunte7,5,899.9,901.1,901.2,copernicus-dem-glo30
begur-kunte8,3,905.8,906.5,906.9,copernicus-dem-glo30
begur-lake,489,891.0,891.0,893.1,copernicus-dem-glo30
beguru-kere,433,856.0,859.1,861.2,copernicus-dem-glo30
belalu-kere,29,776.6,777.8,778.8,copernicus-dem-glo30
belathuru-kunte,1,863.4,863.4,864.0,copernicus-dem-glo30
belkere-lake,153,855.2,858.3,858.9,copernicus-dem-glo30
bellandur-lake,3539,872.0,872.0,874.1,copernicus-dem-glo30
bellekanahalli-kere,247,887.4,895.0,895.1,copernicus-dem-glo30
bellekanahalli-kunte-2,32,896.9,899.7,899.1,copernicus-dem-glo30
bellekanahalli-kunte1,33,893.3,896.7,896.4,copernicus-dem-glo30
bellihalli-kere,56,896.8,898.8,900.0,copernicus-dem-glo30
belur-kunte,7,887.8,889.1,890.0,copernicus-dem-glo30
belur-nagasandra-kunte,12,883.7,885.2,886.2,copernicus-dem-glo30
benachikal-lake,8,761.9,763.5,764.6,copernicus-dem-glo30
bendiganahalli-lake,75,874.5,875.8,881.4,copernicus-dem-glo30
benniganahalli-kunte,4,902.8,904.4,904.4,copernicus-dem-glo30
beratena-agrahara-lake,38,909.5,911.1,911.9,copernicus-dem-glo30
bettadasanapura-kunte1,5,921.7,922.9,922.8,copernicus-dem-glo30
bettadasanapura-kunte2,6,927.7,928.2,928.3,copernicus-dem-glo30
bettadasanapura-kunte3,2,933.4,933.5,933.4,copernicus-dem-glo30
bettahalli-kere,116,879.1,880.7,881.9,copernicus-dem-glo30
bettahalli-kere-2,64,889.0,889.5,891.0,copernicus-dem-glo30
bettahallikaval-lake,41,772.0,773.9,775.1,copernicus-dem-glo30
bettahalsur-kere,67,907.5,908.5,909.0,copernicus-dem-glo30
bettahalsur-kunte-1,1,910.8,910.8,911.9,copernicus-dem-glo30
bettahalsur-kunte-2,1,915.1,915.1,915.1,copernicus-dem-glo30
bettahalsur-kunte-3,1,917.8,917.8,918.2,copernicus-dem-glo30
bettahalsur-narayanapura-kunte-newly-created,4,923.0,924.3,925.6,copernicus-dem-glo30
bettakote-amani-kere,1800,873.3,876.0,878.0,copernicus-dem-glo30
bettenahalli-lake,206,900.2,904.5,906.1,copernicus-dem-glo30
bettrayandoddi-lake,48,815.0,816.1,817.3,copernicus-dem-glo30
bhaaktarahalli-lake-2,10,922.8,923.6,924.0,copernicus-dem-glo30
bhadripura-lake,23,913.8,914.9,915.9,copernicus-dem-glo30
bhairagaudanahalli-kere,62,861.5,864.0,865.3,copernicus-dem-glo30
bhairanahali-lake-1,48,900.8,905.6,905.3,copernicus-dem-glo30
bhairanahalli-5r,204,865.3,873.0,870.1,copernicus-dem-glo30
bhairanayakanahalli,167,887.7,889.3,890.7,copernicus-dem-glo30
bhairanayakanahallipalya,76,895.4,897.8,899.7,copernicus-dem-glo30
bhairapur-lake,222,865.3,867.0,868.0,copernicus-dem-glo30
bhairasandrapalya-lake,177,881.3,883.1,884.0,copernicus-dem-glo30
bhairashettihalli-kere,102,899.1,900.8,903.5,copernicus-dem-glo30
bhairathi-kunte1,1,904.1,904.1,904.1,copernicus-dem-glo30
bhairathi-kunte2,1,903.4,903.4,903.4,copernicus-dem-glo30
bhairathi-kunte3,2,902.9,903.5,903.1,copernicus-dem-glo30
bhairathi-kunte4,3,900.9,901.5,901.5,copernicus-dem-glo30
bhairathikhane-kere,27,877.5,880.1,879.7,copernicus-dem-glo30
bhaktarahalli-kere,240,858.5,861.0,861.6,copernicus-dem-glo30
bhaktarahalli-lake,69,910.5,912.3,913.8,copernicus-dem-glo30
bhaktipura-kere,54,879.4,881.6,883.2,copernicus-dem-glo30
bhandarapura-katte,7,880.9,881.6,881.6,copernicus-dem-glo30
bhandarapura-kunte-2,1,888.5,888.5,888.5,copernicus-dem-glo30
bhandarapura-kunte1,1,880.6,880.6,880.6,copernicus-dem-glo30
bhattarahalli-kere,34,876.0,876.0,876.0,copernicus-dem-glo30
bhattarahalli-kunte,11,879.9,882.0,882.1,copernicus-dem-glo30
bheemanakuppe-hosakere,367,768.8,778.1,778.1,copernicus-dem-glo30
bheemanakuppe-kere,11,786.1,786.8,787.7,copernicus-dem-glo30
bhimapura-kere,249,888.5,889.6,890.6,copernicus-dem-glo30
bhimaravutanahalli-lake,121,916.0,917.3,918.3,copernicus-dem-glo30
bhimmanakuppe-govt-lake,3,836.6,836.7,837.9,copernicus-dem-glo30
bhoganahalli-kere,41,877.7,879.2,881.3,copernicus-dem-glo30
bhoganahalli-kunte1,2,885.7,886.9,886.2,copernicus-dem-glo30
bhoganahalli-kunte2,7,884.9,886.4,885.6,copernicus-dem-glo30
bhoganahalli-kunte3,1,896.2,896.2,896.4,copernicus-dem-glo30
bhoganahalli-kunte4,1,901.7,901.7,903.7,copernicus-dem-glo30
bhoganahalli-kunte5,2,886.8,886.9,887.0,copernicus-dem-glo30
bhoganahalli-kunte6,3,889.0,889.1,889.0,copernicus-dem-glo30
bhov-palya-lake,32,828.1,829.4,831.9,copernicus-dem-glo30
bhovihalli-lake,33,908.3,909.8,910.8,copernicus-dem-glo30
bhujangadasana-amanikere-govt-lake,187,903.5,904.6,906.5,copernicus-dem-glo30
bhusandra-kere,28,858.6,861.0,861.4,copernicus-dem-glo30
bhutanahlli-lake,19,871.9,873.6,876.1,copernicus-dem-glo30
bhuthanahalli-kunte-1,3,838.8,839.7,840.2,copernicus-dem-glo30
bhuthanahalli-kunte-2,4,875.5,877.0,878.3,copernicus-dem-glo30
bhuthanahalli-kunte-3,1,888.5,888.5,888.4,copernicus-dem-glo30
bhuthanahalli-kunte-4,8,883.3,886.2,885.4,copernicus-dem-glo30
bhuthanahalli-kunte-5,8,887.9,891.0,890.2,copernicus-dem-glo30
bhuthanahalli-kunte-6,5,855.6,858.3,858.3,copernicus-dem-glo30
bidaluru-kere,85,910.5,911.3,911.8,copernicus-dem-glo30
bidaluru-kere-2,61,914.2,914.9,915.6,copernicus-dem-glo30
bidara-amanikere,789,901.0,902.7,905.4,copernicus-dem-glo30
bidarahalli-kere,272,872.0,874.1,876.4,copernicus-dem-glo30
bidareagrahara-kere,35,874.5,874.5,874.7,copernicus-dem-glo30
bidarena-agarahara-kunte,4,881.1,881.4,881.6,copernicus-dem-glo30
bidarguppe-kere,162,863.6,866.3,868.6,copernicus-dem-glo30
bidarpura-lake,186,866.3,868.0,868.6,copernicus-dem-glo30
bidikere,379,915.5,917.5,919.1,copernicus-dem-glo30
bikasipura-kunte,2,890.9,891.0,890.9,copernicus-dem-glo30
bikkanhalli-lake,143,877.1,886.5,882.9,copernicus-dem-glo30
bilekalli-kere,41,926.4,933.8,935.0,copernicus-dem-glo30
bilekalli-kunte,4,932.4,935.6,934.8,copernicus-dem-glo30
bilijaji-kere,39,860.0,861.2,861.4,copernicus-dem-glo30
billapura-govt-kere,38,879.5,881.1,882.3,copernicus-dem-glo30
billishivale-katte,7,894.3,895.3,895.9,copernicus-dem-glo30
billishivale-kunte,2,886.5,886.9,886.5,copernicus-dem-glo30
bilnirkatte,7,830.9,832.3,832.5,copernicus-dem-glo30
bilwaradahalli-kere,27,893.0,894.0,896.4,copernicus-dem-glo30
bilwaradahalli-kunte,2,854.7,856.0,857.1,copernicus-dem-glo30
bimanakuppe-kere,11,776.4,778.8,778.8,copernicus-dem-glo30
bingipura-kunte1,1,911.1,911.1,910.6,copernicus-dem-glo30
bingipura-kunte2,2,922.9,923.3,923.3,copernicus-dem-glo30
bingipura-kunte3,4,920.7,921.0,920.9,copernicus-dem-glo30
bingipura-kunte4,2,914.9,915.6,916.3,copernicus-dem-glo30
bingipura-lake,30,908.2,909.0,909.6,copernicus-dem-glo30
binnamangala-kere-1,139,888.0,897.5,896.9,copernicus-dem-glo30
binnamangala-kere-2,41,898.6,904.8,903.0,copernicus-dem-glo30
binnamangala-kere-l,176,885.1,888.5,889.7,copernicus-dem-glo30
binnamangala-kere-u,126,888.0,891.3,890.9,copernicus-dem-glo30
binnamangala-kunte1,4,901.5,902.6,902.9,copernicus-dem-glo30
binnamangala-kunte2,4,907.3,909.4,908.8,copernicus-dem-glo30
binnamangala-manavarthe-kaval-kunte1,1,905.7,905.7,909.7,copernicus-dem-glo30
binnamangala-manavarthe-kaval-kunte2,2,906.3,908.6,908.9,copernicus-dem-glo30
biranapalya-kere,163,874.6,877.0,878.5,copernicus-dem-glo30
birgondanahalli-kere,53,906.1,907.9,909.3,copernicus-dem-glo30
bodanahosahalli-kere-n,60,866.0,867.0,869.5,copernicus-dem-glo30
bodanahosahalli-lake,112,865.8,868.3,870.3,copernicus-dem-glo30
bommalingayyanapalya-lake,18,927.5,929.0,929.7,copernicus-dem-glo30
bommanahalli-lake,138,870.9,873.6,875.5,copernicus-dem-glo30
bommanahalli-lake-2,35,926.8,927.9,928.7,copernicus-dem-glo30
bommanahalli-lower,27,870.5,872.1,874.9,copernicus-dem-glo30
bommanahalli-up3r,30,866.4,867.1,867.7,copernicus-dem-glo30
bommasandra-lake,98,885.3,886.9,888.2,copernicus-dem-glo30
bommashettihalli-kere,204,873.0,875.6,876.7,copernicus-dem-glo30
budamanahalli-lake,161,875.9,878.2,879.1,copernicus-dem-glo30
budigere-amani-kere,1196,865.7,867.1,868.2,copernicus-dem-glo30
bukkasagara-lake,37,900.6,902.3,903.1,copernicus-dem-glo30
buragkunte-lake,73,882.9,896.5,888.1,copernicus-dem-glo30
byadarahalli-kere,56,862.3,863.6,865.4,copernicus-dem-glo30
byadarahalli-kere-2,33,914.9,917.8,919.1,copernicus-dem-glo30
byadarahalli-kunte,4,920.8,922.4,921.9,copernicus-dem-glo30
byadarahalli-lake,86,924.6,925.9,927.3,copernicus-dem-glo30
byagadadenhalli-kere-2,21,892.0,892.0,895.3,copernicus-dem-glo30
byalhalli-lake,76,851.3,851.8,852.2,copernicus-dem-glo30
byandahalli-kunte1,1,838.6,838.6,838.8,copernicus-dem-glo30
byandahalli-kunte2,1,848.6,848.6,848.6,copernicus-dem-glo30
byappanahalli-kere,83,894.6,896.5,897.9,copernicus-dem-glo30
byappanahalli-kere-2,37,895.9,899.4,899.9,copernicus-dem-glo30
byappanahalli-kunte1,3,908.5,908.7,909.1,copernicus-dem-glo30
byappanahalli-kunte1-2,3,881.9,882.2,882.2,copernicus-dem-glo30
byappanahalli-kunte2,4,881.6,882.3,882.1,copernicus-dem-glo30
byappanahalli-kunte3,6,886.4,887.2,887.4,copernicus-dem-glo30
byappanahalli-lake,74,894.0,897.3,900.6,copernicus-dem-glo30
byatarayanapura-kunte1,13,904.9,906.3,906.5,copernicus-dem-glo30
byatarayapura-lake,10,848.9,849.4,850.1,copernicus-dem-glo30
byatarayapura-lake-2,21,906.1,909.1,910.9,copernicus-dem-glo30
byataryapura-kunte,2,847.1,848.4,850.2,copernicus-dem-glo30
byatgutapalya-lake,27,904.1,908.2,908.5,copernicus-dem-glo30
bydarahalli-kere-s,36,914.2,918.3,919.8,copernicus-dem-glo30
byrappanahalli-kunte1,1,940.0,940.0,940.0,copernicus-dem-glo30
byrappanahalli-kunte2,4,913.6,916.9,916.1,copernicus-dem-glo30
byrasandra,44,890.5,890.5,895.8,copernicus-dem-glo30
byrasandra-2,26,889.5,889.5,891.4,copernicus-dem-glo30
byrasandra-kere,42,898.1,899.2,901.1,copernicus-dem-glo30
byrasandra-kunte,2,906.7,906.8,906.9,copernicus-dem-glo30
byyandanahalli-kere,11,834.8,836.2,837.3,copernicus-dem-glo30
cannammakere,25,888.3,889.9,892.6,copernicus-dem-glo30
carmelarm,8,877.1,878.8,880.1,copernicus-dem-glo30
chagalatti-kunte-1,4,891.5,891.8,891.9,copernicus-dem-glo30
chagalatti-kunte-2,2,885.4,885.9,886.5,copernicus-dem-glo30
chagalatti-kunte-3,2,901.6,902.0,901.6,copernicus-dem-glo30
chagalatti-kunte-4,2,907.1,907.5,907.1,copernicus-dem-glo30
chagalatti-kunte-5,1,894.1,894.1,894.1,copernicus-dem-glo30
chagalatti-lake,144,891.8,894.2,896.9,copernicus-dem-glo30
chalamakunti-lake,91,876.3,879.1,880.1,copernicus-dem-glo30
chalamakunti-lake-2,41,887.3,888.1,888.8,copernicus-dem-glo30
challagatta-kunte1,5,770.2,771.0,771.3,copernicus-dem-glo30
challagatta-kunte2,3,773.3,774.6,775.0,copernicus-dem-glo30
challahalli-lake,163,870.8,873.2,874.0,copernicus-dem-glo30
chaluvekere,6,754.0,755.1,755.7,copernicus-dem-glo30
chandrappa-circle-kere,13,796.2,797.3,797.9,copernicus-dem-glo30
chandrashekarapura-kere,14,902.8,904.1,904.0,copernicus-dem-glo30
chanenahalli-kunte-1,4,847.5,848.1,848.2,copernicus-dem-glo30
chanenahalli-kunte-2,2,854.5,855.4,856.2,copernicus-dem-glo30
chanenahalli-kunte-3,9,861.4,863.3,863.8,copernicus-dem-glo30
chanenahalli-kunte-4,1,849.6,849.6,847.8,copernicus-dem-glo30
channabasappana-katte-new,1,823.0,823.0,823.3,copernicus-dem-glo30
channadevi-agrahara,94,885.8,889.4,890.5,copernicus-dem-glo30
channamanakere,35,877.4,883.9,881.3,copernicus-dem-glo30
channarayapatna-lake,69,869.6,872.3,873.7,copernicus-dem-glo30
channasandra-kunte,5,805.2,807.4,806.9,copernicus-dem-glo30
channasandra-kunte1,2,886.0,886.0,886.0,copernicus-dem-glo30
channasandra-kunte2,2,887.6,888.8,889.9,copernicus-dem-glo30
channatimmayyanapalya-lake,45,907.5,911.1,912.0,copernicus-dem-glo30
channenahalli-lake,32,830.7,832.7,834.6,copernicus-dem-glo30
chaugondanahalli-kere,342,925.8,928.5,929.3,copernicus-dem-glo30
chavdappanhalli-lake,85,875.3,876.9,877.9,copernicus-dem-glo30
chellaghatta-kere,495,874.1,881.0,882.0,copernicus-dem-glo30
chellakere-kere,51,886.0,887.5,888.6,copernicus-dem-glo30
chengirayanapura-kere,40,904.2,908.0,908.7,copernicus-dem-glo30
chennadasipalya-lake,16,834.3,836.6,837.9,copernicus-dem-glo30
chennapura-kere,94,939.0,940.3,941.1,copernicus-dem-glo30
chenvinayanahalli-kere,76,775.6,779.5,780.0,copernicus-dem-glo30
chichuruaganapalli-lake,61,875.2,876.3,878.5,copernicus-dem-glo30
chikadasarahalli-kere-n,50,879.5,881.0,882.3,copernicus-dem-glo30
chikadasarahalli-kere-s,46,878.5,880.0,880.7,copernicus-dem-glo30
chikka-hejjaji-lake,7,893.5,894.6,895.9,copernicus-dem-glo30
chikka-jala-amani-kere,193,890.2,896.9,898.2,copernicus-dem-glo30
chikka-kammanahalli,13,910.8,912.1,913.1,copernicus-dem-glo30
chikka-kammanahalli-e,49,907.9,909.0,909.7,copernicus-dem-glo30
chikka-mankalal-lake,11,900.9,902.4,902.8,copernicus-dem-glo30
chikka-sanne-kere,1314,883.1,886.2,887.4,copernicus-dem-glo30
chikka-taggali-kere,151,902.5,904.4,904.3,copernicus-dem-glo30
chikkaamani-kere,928,863.4,865.7,867.2,copernicus-dem-glo30
chikkabanahalli-kere,84,877.2,883.3,882.7,copernicus-dem-glo30
chikkabanahalli-kunte,2,863.9,864.1,863.9,copernicus-dem-glo30
chikkabanavara-kere,386,862.0,864.0,866.2,copernicus-dem-glo30
chikkabanavara-kunte-1,6,877.8,878.2,878.7,copernicus-dem-glo30
chikkabanavara-kunte-2,1,860.1,860.1,860.1,copernicus-dem-glo30
chikkabegur-kere,103,891.0,892.2,892.5,copernicus-dem-glo30
chikkabellanduru-kere,221,872.4,875.3,877.1,copernicus-dem-glo30
chikkabettahalli,18,919.9,927.0,927.4,copernicus-dem-glo30
chikkabettahalli-katte-2,10,909.3,911.7,912.3,copernicus-dem-glo30
chikkabettahalli-kunte-3,2,920.2,921.5,920.0,copernicus-dem-glo30
chikkabettahalli-kunte1,1,936.0,936.0,936.5,copernicus-dem-glo30
chikkabettahalli-kunte2,4,925.2,925.5,925.3,copernicus-dem-glo30
chikkagollarahatti,4,855.5,856.2,855.5,copernicus-dem-glo30
chikkagubbi-kere,41,883.0,884.4,885.3,copernicus-dem-glo30
chikkakalenahalli-lake,145,916.7,918.0,919.1,copernicus-dem-glo30
chikkakalenahalli-lake-2,9,927.5,928.9,930.2,copernicus-dem-glo30
chikkakallasandra-kere,55,870.4,871.8,873.0,copernicus-dem-glo30
chikkakere,31,811.5,812.5,813.4,copernicus-dem-glo30
chikkaluru-kere,42,774.4,775.9,776.9,copernicus-dem-glo30
chikkaluru-rampura-kere,49,763.6,766.9,767.3,copernicus-dem-glo30
chikkanaga-mangala-kere,25,899.8,903.2,902.8,copernicus-dem-glo30
chikkanaga-mangala-kunte-1,1,905.7,905.7,905.7,copernicus-dem-glo30
chikkanagamangala-govt-kere,45,901.4,902.7,903.2,copernicus-dem-glo30
chikkanagamangala-kunte-2,1,921.3,921.3,921.3,copernicus-dem-glo30
chikkanagamangala-kunte-3,4,928.0,928.5,928.4,copernicus-dem-glo30
chikkanahalli-down-kere,66,892.7,894.6,896.0,copernicus-dem-glo30
chikkanahalli-kere-n,4,816.6,817.2,817.5,copernicus-dem-glo30
chikkanahalli-lake,23,914.7,916.3,916.9,copernicus-dem-glo30
chikkanahalli-lake-2,49,905.7,906.6,907.0,copernicus-dem-glo30
chikkanahalli-lake-2-2,27,910.8,912.1,912.6,copernicus-dem-glo30
chikkanahalli-lake-3,15,911.7,912.6,913.3,copernicus-dem-glo30
chikkanahalli-up,44,886.0,888.1,889.0,copernicus-dem-glo30
chikkanayakanahalli-kunte1,3,899.9,900.5,900.2,copernicus-dem-glo30
chikkanayakanahalli-kunte2,2,906.7,907.1,906.9,copernicus-dem-glo30
chikkanayakanahalli-kunte3,1,908.3,908.3,908.3,copernicus-dem-glo30
chikkanayakanahalli-kunte4,4,908.9,909.5,910.5,copernicus-dem-glo30
chikkanekundi-lake-land,95,860.6,863.7,867.1,copernicus-dem-glo30
chikkannayyan-kere,697,867.0,871.0,873.3,copernicus-dem-glo30
chikkasandra-kunte1,2,883.4,884.1,883.4,copernicus-dem-glo30
chikkasandra-kunte2,1,881.7,881.7,881.7,copernicus-dem-glo30
chikkasandra-kunte3,1,891.2,891.2,892.3,copernicus-dem-glo30
chikkasandra-kunte4,2,897.6,898.4,897.8,copernicus-dem-glo30
chikkatogur-kere,39,916.3,917.2,918.3,copernicus-dem-glo30
chikkavaderap-ura-govt-kunte-1,5,902.1,902.4,902.5,copernicus-dem-glo30
chikkavaderapura-govt-karabu-kere-land,16,897.7,900.3,900.4,copernicus-dem-glo30
chikkavaderapura-govt-karabu-kunte,1,903.7,903.7,903.7,copernicus-dem-glo30
chikkavaderapura-govt-kunte-2,5,902.5,903.9,904.2,copernicus-dem-glo30
chikkelluru-kere,7,792.0,792.8,793.9,copernicus-dem-glo30
chikkelluru-kunte-1,3,796.2,796.7,796.7,copernicus-dem-glo30
chikkelluru-kunte-2,1,801.5,801.5,801.5,copernicus-dem-glo30
chikkelluru-kunte-3,1,801.2,801.2,801.2,copernicus-dem-glo30
chikkelluru-venkatapura-kunte,2,781.3,782.1,782.9,copernicus-dem-glo30
chikkobanahalli-kere,153,908.1,911.2,912.1,copernicus-dem-glo30
chikkondahalli-lake-2,132,861.0,862.9,863.2,copernicus-dem-glo30
chikkondahalli-lake-3,258,855.8,859.0,858.4,copernicus-dem-glo30
chimachanahalli-lake,205,867.5,871.4,871.7,copernicus-dem-glo30
chimasandra-kere,91,870.6,872.0,873.8,copernicus-dem-glo30
chimasandra-kunte,5,886.3,887.0,887.0,copernicus-dem-glo30
chinakurchi-kunte1,12,752.4,754.3,754.0,copernicus-dem-glo30
chinakurchi-kunte2,15,748.9,750.8,751.4,copernicus-dem-glo30
chindanahalli-kere,48,892.7,894.4,895.0,copernicus-dem-glo30
chinna-agraharam-lake,44,910.7,912.8,914.6,copernicus-dem-glo30
chinna-kempanahalli-kere,22,920.5,924.1,923.9,copernicus-dem-glo30
chinnakurchi-kere-1,14,732.5,733.9,735.5,copernicus-dem-glo30
chinnakurchi-kere-2,47,735.5,736.4,738.3,copernicus-dem-glo30
chinnammanakere,6,787.3,789.8,790.5,copernicus-dem-glo30
chinnappanahalli-kere1,30,883.8,884.0,884.4,copernicus-dem-glo30
chinnappanahalli-kere1-2,46,883.8,892.7,892.7,copernicus-dem-glo30
chittekarepalya-lake,12,919.6,920.5,921.2,copernicus-dem-glo30
chokkanahalli-katte,9,909.3,911.3,912.1,copernicus-dem-glo30
chokkanahalli-kunte-1,1,901.1,901.1,901.0,copernicus-dem-glo30
chokkanahalli-kunte2,1,906.1,906.1,905.5,copernicus-dem-glo30
chokkanahalli-lake,22,902.0,903.3,905.1,copernicus-dem-glo30
chokkanahalli-lake-2,119,870.7,874.9,875.1,copernicus-dem-glo30
chokkanahalli-lake-2-kere,49,877.3,879.8,881.4,copernicus-dem-glo30
chokkasandra-lake,3,893.9,894.0,897.4,copernicus-dem-glo30
cholana-katte,4,807.9,809.1,809.4,copernicus-dem-glo30
cholanayakanahalli-kere-l,7,823.3,824.5,827.3,copernicus-dem-glo30
cholapanahalli-kere,103,878.3,879.4,879.6,copernicus-dem-glo30
choodasandra-govt-karab-katte,9,896.7,898.8,898.7,copernicus-dem-glo30
choodasandra-govt-karabu-kunte-2,3,906.6,906.8,906.8,copernicus-dem-glo30
choodasandra-govt-lake,47,896.5,897.7,898.6,copernicus-dem-glo30
choodasandra-kunte-1,4,897.2,898.7,899.1,copernicus-dem-glo30
choudahalli-lake,216,723.7,727.7,730.2,copernicus-dem-glo30
chudasandra-kere,16,891.1,892.1,892.3,copernicus-dem-glo30
chunchanaghatta-kere,53,905.0,905.0,907.5,copernicus-dem-glo30
chunchnakuppe-kere,9,793.5,795.4,795.3,copernicus-dem-glo30
chunchnakuppe-kere-e,8,789.7,790.1,790.8,copernicus-dem-glo30
chunchnakuppe-kere-s,10,802.0,802.6,804.9,copernicus-dem-glo30
cihkkamaranahalli-lake,190,906.3,911.8,912.8,copernicus-dem-glo30
city-railway-kere,24,892.5,897.5,898.7,copernicus-dem-glo30
city-railway-kunte,2,897.8,900.6,901.4,copernicus-dem-glo30
d-shettihalli-kere,62,900.0,900.7,900.9,copernicus-dem-glo30
dakshina-pinakini-r,38,856.8,857.9,858.5,copernicus-dem-glo30
damarasanakunte,17,924.9,926.2,927.2,copernicus-dem-glo30
dandu-upparahalli-kere,58,913.5,918.9,919.1,copernicus-dem-glo30
dandupalya-lake,163,874.5,877.3,880.2,copernicus-dem-glo30
dasanakatte-1,19,858.9,861.1,862.0,copernicus-dem-glo30
dasanakatte-2,17,856.4,864.3,862.7,copernicus-dem-glo30
dasanapura-kunte-1,2,863.7,865.5,866.2,copernicus-dem-glo30
dasanapura-kunte-2,10,869.7,870.9,871.5,copernicus-dem-glo30
dasanapura-lake,41,880.7,885.6,888.4,copernicus-dem-glo30
dasanayakanahalli-kere,54,891.1,892.9,894.9,copernicus-dem-glo30
dasanayakanahalli-kunte,2,907.8,908.0,908.3,copernicus-dem-glo30
dasarahalli-kere,60,886.9,888.1,889.9,copernicus-dem-glo30
dasarahalli-kere-2,1181,899.5,901.7,903.0,copernicus-dem-glo30
dasarahalli-kunte,1,919.7,919.7,920.2,copernicus-dem-glo30
dasarahalli-kunte1,13,896.7,901.1,902.4,copernicus-dem-glo30
dasarahalli-kunte2,2,883.4,885.1,884.4,copernicus-dem-glo30
deevatige-ramanahalli-kunte,4,834.4,836.3,837.1,copernicus-dem-glo30
deevatigeramnahalli-kere,21,819.5,820.7,823.7,copernicus-dem-glo30
degonahalli-kere,38,873.0,874.7,876.4,copernicus-dem-glo30
degonahalli-lower-kere,14,876.0,877.0,878.2,copernicus-dem-glo30
deshpande-guttahalli-lake,73,857.6,859.3,860.7,copernicus-dem-glo30
devaganahalli-lake,56,892.4,894.2,895.5,copernicus-dem-glo30
devagere-kere,36,753.8,755.8,758.0,copernicus-dem-glo30
devagere-kunte-2,1,772.5,772.5,772.6,copernicus-dem-glo30
devageri-kunte-1,1,771.6,771.6,769.3,copernicus-dem-glo30
devagondi-kere,93,877.5,879.3,882.2,copernicus-dem-glo30
devamachehalli-lake,7,840.2,842.1,844.0,copernicus-dem-glo30
devanahalli-kere,307,899.4,901.0,901.9,copernicus-dem-glo30
devangondi-lake,132,872.8,876.4,879.6,copernicus-dem-glo30
devara-jeevanahalli-lake,61,905.0,909.0,909.7,copernicus-dem-glo30
devara-kere,584,880.0,881.6,884.8,copernicus-dem-glo30
devarabisanahalli-kere,43,876.0,876.0,877.1,copernicus-dem-glo30
devarabisanahalli-kunte1,1,889.0,889.0,889.0,copernicus-dem-glo30
devarabisanahalli-kunte2,1,889.6,889.6,889.6,copernicus-dem-glo30
devarachikkanahalli-kunte,1,905.7,905.7,906.0,copernicus-dem-glo30
devarahalli-lake,33,913.4,915.1,915.6,copernicus-dem-glo30
devarakere,22,866.5,867.6,870.4,copernicus-dem-glo30
devasandra-kunte1,4,899.3,900.7,900.6,copernicus-dem-glo30
dhandithimmayyanapalya-lake,41,814.6,816.7,818.0,copernicus-dem-glo30
dharmambudy-lake,123,898.9,903.3,903.5,copernicus-dem-glo30
dibburu-kere,64,887.3,888.6,889.9,copernicus-dem-glo30
dinne-soluru-kere,66,902.2,903.2,903.6,copernicus-dem-glo30
dinnehalli-tanda-lake,19,916.9,917.8,918.7,copernicus-dem-glo30
dinnepalya-lake,14,769.5,769.5,770.1,copernicus-dem-glo30
dobbasapete-lake,51,915.2,917.8,919.8,copernicus-dem-glo30
dobhi-ghat,3,841.0,842.4,843.4,copernicus-dem-glo30
dodbele-kere,287,896.6,897.9,899.0,copernicus-dem-glo30
dodda-bettahalli,32,921.3,929.5,931.1,copernicus-dem-glo30
dodda-bommasandra-lake,404,899.4,900.4,902.1,copernicus-dem-glo30
dodda-chimanahalli,21,915.6,917.1,918.5,copernicus-dem-glo30
dodda-hejjaji-lake,84,897.0,899.2,900.0,copernicus-dem-glo30
dodda-jala-amani-kere,793,890.3,892.6,894.2,copernicus-dem-glo30
dodda-koliga-kere,57,893.7,894.3,894.5,copernicus-dem-glo30
dodda-nallala-kere,66,903.0,905.1,906.3,copernicus-dem-glo30
dodda-sagarahalli-kere,142,917.4,920.2,920.1,copernicus-dem-glo30
dodda-sanne-kere,452,879.5,881.8,883.6,copernicus-dem-glo30
dodda-thimmasandra-kere-s,393,848.0,852.6,854.2,copernicus-dem-glo30
dodda-tumkur-kere,1098,868.0,870.3,872.0,copernicus-dem-glo30
dodda-vadagere-kere,243,889.0,890.6,891.6,copernicus-dem-glo30
doddaballapur-kere,640,883.3,886.6,888.7,copernicus-dem-glo30
doddabanahalli-kere,51,864.4,866.1,868.6,copernicus-dem-glo30
doddabanahalli-kere-2,95,865.9,868.6,869.3,copernicus-dem-glo30
doddabanahalli-kunte1,2,882.0,882.0,882.0,copernicus-dem-glo30
doddabanahalli-kunte2,3,875.3,876.9,875.9,copernicus-dem-glo30
doddabanahalli-kunte3,1,868.1,868.1,866.9,copernicus-dem-glo30
doddabele-kunte1,1,772.2,772.2,772.2,copernicus-dem-glo30
doddabele-kunte2,1,788.1,788.1,789.1,copernicus-dem-glo30
doddabele-small-2r,28,902.0,904.4,905.5,copernicus-dem-glo30
doddabettahalli-kunte-1,2,914.2,915.7,917.0,copernicus-dem-glo30
doddabettahalli-kunte-2,4,920.4,921.2,922.0,copernicus-dem-glo30
doddabidarakallu-kunte1,13,875.3,879.5,878.6,copernicus-dem-glo30
doddabidarakallu-kunte10,2,862.1,862.3,862.5,copernicus-dem-glo30
doddabidarakallu-kunte11,4,882.4,883.0,883.9,copernicus-dem-glo30
doddabidarakallu-kunte2,19,885.6,889.0,889.8,copernicus-dem-glo30
doddabidarakallu-kunte3,2,898.3,898.7,898.4,copernicus-dem-glo30
doddabidarakallu-kunte4,10,875.0,877.5,877.2,copernicus-dem-glo30
doddabidarakallu-kunte5,2,878.5,879.1,878.5,copernicus-dem-glo30
doddabidarakallu-kunte6,2,866.7,866.8,866.8,copernicus-dem-glo30
doddabidarakallu-kunte7,1,869.7,869.7,869.4,copernicus-dem-glo30
doddabidarakallu-kunte8,2,866.3,867.4,868.3,copernicus-dem-glo30
doddabidarakallu-kunte9,3,865.7,866.0,865.9,copernicus-dem-glo30
doddabidarakallu-lake,128,873.3,874.2,875.5,copernicus-dem-glo30
doddabommasandra-kunte-1,1,926.4,926.4,926.7,copernicus-dem-glo30
doddabommasandra-kunte-2,3,922.8,923.7,924.0,copernicus-dem-glo30
doddadunnasandra-lake,126,871.7,874.1,877.5,copernicus-dem-glo30
doddaganahalli-lake,416,855.3,858.3,859.7,copernicus-dem-glo30
doddaghataginebbe-lake,57,864.3,865.5,865.7,copernicus-dem-glo30
doddagubbi-kere,293,875.8,879.3,881.2,copernicus-dem-glo30
doddagubbi-kunte1,4,895.9,897.3,895.7,copernicus-dem-glo30
doddagubbi-kunte2,4,893.6,894.1,893.8,copernicus-dem-glo30
doddakallasandra-katte,6,894.5,896.1,894.9,copernicus-dem-glo30
doddakallasandra-lake,53,890.5,890.5,892.0,copernicus-dem-glo30
doddakannalli-kunte1,4,885.8,886.4,886.4,copernicus-dem-glo30
doddakannalli-kunte2,1,901.7,901.7,903.7,copernicus-dem-glo30
doddakannalli-kunte3,2,903.4,903.9,903.4,copernicus-dem-glo30
doddakannalli-kunte4,1,890.4,890.4,890.4,copernicus-dem-glo30
doddakannalli-kunte5,4,895.6,898.1,896.7,copernicus-dem-glo30
doddakannalli-kunte6,1,902.4,902.4,903.5,copernicus-dem-glo30
doddakannalli-kunte7,3,891.2,892.8,893.1,copernicus-dem-glo30
doddakanneli-gramadakere,81,882.0,882.9,884.3,copernicus-dem-glo30
doddakarenahalli-kere,50,848.7,849.8,850.6,copernicus-dem-glo30
doddakodlu,149,895.5,895.5,895.5,copernicus-dem-glo30
doddakunte-rudrabhomi-kunte,1,905.1,905.1,905.1,copernicus-dem-glo30
doddanagamanagala-lake,310,900.0,900.0,901.4,copernicus-dem-glo30
doddanagamangala-kunte1,4,910.4,911.4,910.7,copernicus-dem-glo30
doddanagamangala-kunte2,2,917.3,917.3,917.3,copernicus-dem-glo30
doddanagamangala-kunte3,2,915.0,915.4,916.1,copernicus-dem-glo30
doddanekkudi-kunte1,2,893.1,893.2,892.8,copernicus-dem-glo30
doddanekkudi-kunte2,2,899.7,900.2,900.1,copernicus-dem-glo30
doddanekkudi-kunte3,11,900.5,901.4,901.6,copernicus-dem-glo30
doddanekkudi-kunte4,2,876.6,876.9,879.4,copernicus-dem-glo30
doddanekkudi-kunte5,1,882.6,882.6,882.8,copernicus-dem-glo30
doddanekundi-kere,434,874.5,875.2,876.2,copernicus-dem-glo30
doddanekundi-kere1,54,892.3,897.3,897.9,copernicus-dem-glo30
doddanekundi-kunte,45,888.0,890.8,893.0,copernicus-dem-glo30
doddastadamaradapala-kere,61,796.3,798.6,801.3,copernicus-dem-glo30
doddatogur-kunte-1,1,942.9,942.9,942.9,copernicus-dem-glo30
doddatogur-kunte-2,6,932.4,933.8,934.0,copernicus-dem-glo30
doddatogur-lake,111,908.0,910.0,910.8,copernicus-dem-glo30
doddebele-kere,126,777.8,779.1,782.0,copernicus-dem-glo30
doddenahalli-kere,140,886.0,890.3,890.3,copernicus-dem-glo30
doddenahalli-kunte,7,915.8,916.5,916.7,copernicus-dem-glo30
dodderi-kere,10,781.8,782.6,783.3,copernicus-dem-glo30
dodderi-kere-2,54,876.3,879.5,881.5,copernicus-dem-glo30
dodderi-kere-2-2,4,791.3,794.6,794.1,copernicus-dem-glo30
dodderi-kere-se,12,761.5,763.0,763.8,copernicus-dem-glo30
dodderi-kere-sw,4,788.1,789.5,789.8,copernicus-dem-glo30
dodkunte-kunte1,6,918.3,922.8,922.6,copernicus-dem-glo30
dodkunte-kunte2,4,913.6,915.7,915.7,copernicus-dem-glo30
dodkunte-kunte3,1,913.6,913.6,913.6,copernicus-dem-glo30
dodkunte-kunte4,1,912.4,912.4,912.4,copernicus-dem-glo30
dodmaranhalli-lake,9,818.3,819.0,820.8,copernicus-dem-glo30
dokkanahalli-kunte,4,899.9,902.0,900.3,copernicus-dem-glo30
dombarahalli-kunte,14,845.8,849.2,848.8,copernicus-dem-glo30
domluru-kere,175,882.4,889.9,889.9,copernicus-dem-glo30
dommasandra-govt-kunte-4,3,894.9,896.1,896.1,copernicus-dem-glo30
dommasandra-govt-lake-2,17,905.1,908.0,908.6,copernicus-dem-glo30
dommasandra-kere-s,118,880.6,885.8,885.4,copernicus-dem-glo30
dommasandra-kunte-1,4,905.7,905.9,905.8,copernicus-dem-glo30
dommasandra-kunte-10,1,900.5,900.5,900.5,copernicus-dem-glo30
dommasandra-kunte-11,2,901.5,903.1,901.5,copernicus-dem-glo30
dommasandra-kunte-12,3,912.6,912.9,912.9,copernicus-dem-glo30
dommasandra-kunte-13,3,909.6,909.6,909.9,copernicus-dem-glo30
dommasandra-kunte-14,3,906.5,908.7,908.0,copernicus-dem-glo30
dommasandra-kunte-15,1,910.8,910.8,910.2,copernicus-dem-glo30
dommasandra-kunte-2,4,904.0,904.4,904.2,copernicus-dem-glo30
dommasandra-kunte-5,2,891.9,892.4,892.9,copernicus-dem-glo30
dommasandra-kunte-6,2,890.6,891.0,891.4,copernicus-dem-glo30
dommasandra-kunte-7,4,888.1,888.3,888.7,copernicus-dem-glo30
dommasandra-kunte-8,1,896.3,896.3,896.9,copernicus-dem-glo30
dommasandra-kunte-9,2,903.0,903.9,903.8,copernicus-dem-glo30
donenahalli-kere-lower,8,781.3,782.1,783.0,copernicus-dem-glo30
donenahalli-kere-upper,7,774.7,776.5,776.6,copernicus-dem-glo30
doraikere,99,851.1,851.8,853.5,copernicus-dem-glo30
dummy,14,904.7,911.8,917.8,copernicus-dem-glo30
dummy-2,7,886.9,889.1,888.2,copernicus-dem-glo30
dyavasandra-lake,237,892.1,893.8,895.2,copernicus-dem-glo30
dyavasandra-lake-2,112,918.2,919.9,920.1,copernicus-dem-glo30
earannana-kunte,7,876.9,878.0,878.8,copernicus-dem-glo30
ejipura-kunte,1,890.7,890.7,890.4,copernicus-dem-glo30
elenahalli-lake,13,908.2,909.5,911.0,copernicus-dem-glo30
ettakodi-lake,142,868.8,870.9,873.5,copernicus-dem-glo30
ettakodi-lake-2,67,878.2,880.5,879.7,copernicus-dem-glo30
gabburu-lower-tank,14,856.6,859.7,861.0,copernicus-dem-glo30
gaddam-bachchahalli-kere,17,904.1,905.5,907.0,copernicus-dem-glo30
gadenahali-lake,23,912.5,912.5,914.9,copernicus-dem-glo30
gadenahalli-lake,40,911.5,914.5,914.9,copernicus-dem-glo30
gadigarapalya-kere,71,881.2,882.7,883.7,copernicus-dem-glo30
gadipalya-lake,28,719.9,721.1,722.5,copernicus-dem-glo30
gadipalya-lake-2,31,732.1,733.4,733.9,copernicus-dem-glo30
gadipalyada-halla-lake,10,737.9,739.0,741.5,copernicus-dem-glo30
gajagadahalli-kere,41,896.7,897.9,898.3,copernicus-dem-glo30
gajagadahalli-lake,21,902.3,903.6,904.9,copernicus-dem-glo30
galibilikote-lake,24,925.0,925.6,926.6,copernicus-dem-glo30
ganadalu-lake,140,817.5,818.4,820.8,copernicus-dem-glo30
ganakallu-kere,16,839.5,841.2,842.9,copernicus-dem-glo30
ganapathihalli-kere,18,807.5,810.3,811.4,copernicus-dem-glo30
ganapathihalli-lake,67,814.4,819.1,820.9,copernicus-dem-glo30
gandaragolipura-kere,49,884.0,885.6,886.8,copernicus-dem-glo30
gandarajapura-kere,25,913.6,914.2,915.1,copernicus-dem-glo30
gandhigram-lower,5,859.1,861.3,862.6,copernicus-dem-glo30
gandhinagar-lake,22,915.7,917.7,919.4,copernicus-dem-glo30
gandigram-n,6,842.6,843.7,844.4,copernicus-dem-glo30
gangasandra-kere,456,900.8,904.3,904.5,copernicus-dem-glo30
gangasandra-kunte,1,734.8,734.8,734.8,copernicus-dem-glo30
gangavara-lake,246,868.2,873.6,873.1,copernicus-dem-glo30
gangenahalli-lake,84,832.0,832.5,832.5,copernicus-dem-glo30
gangondanahalli-kere,175,857.5,857.5,858.8,copernicus-dem-glo30
gangondanahalli-kunte,8,841.1,844.2,844.5,copernicus-dem-glo30
gangondanahalli-kunte1,4,865.0,865.5,865.8,copernicus-dem-glo30
gangondanahalli-kunte2,1,865.4,865.4,865.4,copernicus-dem-glo30
gangondanahalli-kunte3,4,864.3,865.3,865.4,copernicus-dem-glo30
gangondanahalli-lake,6,852.5,853.9,855.0,copernicus-dem-glo30
ganigarahalli-kere,78,862.7,866.0,867.6,copernicus-dem-glo30
gantiganahalli-kere,235,900.9,903.8,905.1,copernicus-dem-glo30
gantiganahalli-kunte-1,4,930.3,931.2,931.2,copernicus-dem-glo30
gantiganahalli-kunte-2,9,917.3,918.9,917.8,copernicus-dem-glo30
gantiganahalli-kunte-3,1,915.7,915.7,915.7,copernicus-dem-glo30
gantiganahalli-kunte-4,1,921.4,921.4,921.4,copernicus-dem-glo30
gantiganahalli-kunte-5,1,925.6,925.6,925.6,copernicus-dem-glo30
garudacharpalya-lake,18,887.2,890.0,890.9,copernicus-dem-glo30
garvebhavipalya-lake,64,888.3,889.4,890.0,copernicus-dem-glo30
gattihalli-govt-lake,307,892.5,892.5,894.7,copernicus-dem-glo30
gattihalli-kunte-1,4,905.9,906.4,906.5,copernicus-dem-glo30
gattihalli-kunte-2,1,901.1,901.1,901.1,copernicus-dem-glo30
gavipura-kunte-1,6,885.9,888.7,888.3,copernicus-dem-glo30
gavipura-kunte-2,2,891.9,893.3,894.1,copernicus-dem-glo30
gavipura-lake,12,848.9,849.6,850.3,copernicus-dem-glo30
geddalahalli-kunte,7,925.7,927.5,927.9,copernicus-dem-glo30
geddalahalli-lake,93,907.7,914.8,915.5,copernicus-dem-glo30
giddanahalli-lake,65,823.1,827.6,829.2,copernicus-dem-glo30
giddatapura-lake,131,882.5,885.1,885.9,copernicus-dem-glo30
giddenahalli-lake,15,890.6,893.1,893.5,copernicus-dem-glo30
giddenahalli-lake-2,23,906.2,907.9,908.6,copernicus-dem-glo30
giddlahallipura-kere,166,893.6,895.8,896.8,copernicus-dem-glo30
girupalya-kere,34,755.3,761.2,762.3,copernicus-dem-glo30
gollahalli-govt-lake,47,906.1,908.3,909.2,copernicus-dem-glo30
gollahalli-kere,147,893.6,895.2,896.7,copernicus-dem-glo30
gollahalli-kunte,1,921.2,921.2,920.4,copernicus-dem-glo30
gollahalli-kunte-2,1,922.8,922.8,922.6,copernicus-dem-glo30
gollapura3r,4,915.4,915.5,915.5,copernicus-dem-glo30
gollarapalya-kere,13,838.3,839.9,840.4,copernicus-dem-glo30
gollarapalya-lake,27,724.0,725.3,726.3,copernicus-dem-glo30
gonakanahalli-kere,206,894.8,896.9,897.9,copernicus-dem-glo30
gongadipura-kere,55,828.5,833.6,832.4,copernicus-dem-glo30
gongadipura-kunte,2,830.4,830.5,830.4,copernicus-dem-glo30
gonigatpura-lake,31,877.6,880.8,881.7,copernicus-dem-glo30
gonigatpura-lake-2,54,868.2,872.3,874.1,copernicus-dem-glo30
gonigatpura-lake-3,134,859.8,866.3,868.8,copernicus-dem-glo30
gonipura-1,31,739.5,740.7,742.2,copernicus-dem-glo30
gonipura-2,36,733.2,735.5,736.9,copernicus-dem-glo30
gonipura-lake,46,731.8,733.7,735.2,copernicus-dem-glo30
gonur-lake,64,893.8,895.6,896.6,copernicus-dem-glo30
gopalpura-kere,52,887.2,888.4,889.7,copernicus-dem-glo30
gopenahalli-lake,19,905.4,906.3,908.1,copernicus-dem-glo30
gopsandra-lake,373,873.6,876.0,876.1,copernicus-dem-glo30
goravigere-kunte1,4,879.3,879.7,879.5,copernicus-dem-glo30
goravigere-kunte2,7,873.9,874.5,874.3,copernicus-dem-glo30
goravigere-kunte3,4,866.5,867.2,867.2,copernicus-dem-glo30
goravigere-kunte4,4,873.2,873.2,873.2,copernicus-dem-glo30
gottamaranahalli-lake,123,882.9,889.1,887.8,copernicus-dem-glo30
gottigere-kere,114,913.3,913.9,916.0,copernicus-dem-glo30
gottigere-kunte1,1,921.9,921.9,922.0,copernicus-dem-glo30
gottigere-kunte2,3,927.0,927.7,927.7,copernicus-dem-glo30
gottigere-kunte3,4,932.9,935.0,936.0,copernicus-dem-glo30
goudanakere,42,865.2,869.7,872.7,copernicus-dem-glo30
govanhalli-kere,49,880.2,881.6,882.8,copernicus-dem-glo30
governament-attikere,59,903.0,903.0,905.2,copernicus-dem-glo30
govindaehettipalya-lake,49,905.5,906.7,907.5,copernicus-dem-glo30
govindapur-kere,33,888.0,889.3,891.3,copernicus-dem-glo30
govindapura-kere,125,893.3,900.8,895.0,copernicus-dem-glo30
govindapura-lo-kere,54,847.4,849.9,851.0,copernicus-dem-glo30
govt-dinnekere,4,869.8,870.8,871.8,copernicus-dem-glo30
govt-gulimangalada-lake,107,893.6,895.6,897.2,copernicus-dem-glo30
govt-karabu,2,872.7,872.8,872.9,copernicus-dem-glo30
govt-karabu-katte,4,915.0,916.1,916.4,copernicus-dem-glo30
govt-katte,2,902.1,903.1,904.2,copernicus-dem-glo30
govt-kere,13,924.2,927.3,927.3,copernicus-dem-glo30
govt-kere-1,101,878.0,881.0,883.6,copernicus-dem-glo30
govt-kere-2,39,884.9,889.9,891.0,copernicus-dem-glo30
govt-lake,43,823.3,826.2,826.9,copernicus-dem-glo30
govt-lake-newly-created,1,834.9,834.9,834.9,copernicus-dem-glo30
govt-maggekere,10,757.1,758.1,759.6,copernicus-dem-glo30
govt-mutsandra-kere,385,854.0,859.5,862.6,copernicus-dem-glo30
govt-vaddakere,15,894.7,896.3,897.4,copernicus-dem-glo30
govt-vadenakere,12,902.3,903.6,904.5,copernicus-dem-glo30
govt-vodanakunte,32,901.1,906.8,908.3,copernicus-dem-glo30
gowdana-kere,38,861.5,866.8,866.1,copernicus-dem-glo30
gramada-kere,153,850.9,852.9,854.7,copernicus-dem-glo30
gramadakere,226,872.0,874.7,877.0,copernicus-dem-glo30
gramadakere-2,107,887.4,889.6,890.6,copernicus-dem-glo30
gubbalal-kere,32,870.0,874.1,874.6,copernicus-dem-glo30
gubbalal-kunte,3,862.4,864.0,864.2,copernicus-dem-glo30
gublai-lske,8,877.9,880.8,880.9,copernicus-dem-glo30
guddadahalli-kere,170,895.9,899.0,898.8,copernicus-dem-glo30
guddadahalli-kere-e,13,912.3,916.6,917.3,copernicus-dem-glo30
guddadahalli-lake,13,878.5,887.5,884.6,copernicus-dem-glo30
guddegaudanachannoha,16,899.3,900.5,901.1,copernicus-dem-glo30
guddehatti-lake,58,872.9,876.1,878.8,copernicus-dem-glo30
guddehatti-lake-2,23,882.5,882.5,884.3,copernicus-dem-glo30
gudimavu-kunte,2,762.3,762.6,762.5,copernicus-dem-glo30
guduppana-lake,106,712.7,714.6,716.5,copernicus-dem-glo30
guduppana-lake-2,6,725.4,725.6,725.7,copernicus-dem-glo30
guduvanahalli-lake,133,881.3,883.0,884.1,copernicus-dem-glo30
gulagunganahalli-lak,36,815.7,817.1,818.1,copernicus-dem-glo30
gulakayipura-govt-lake,14,867.6,868.4,869.7,copernicus-dem-glo30
gulimangala-kunte-1,2,901.6,901.7,902.0,copernicus-dem-glo30
gulimangala-kunte-2,2,895.6,895.7,895.7,copernicus-dem-glo30
gulya-down,207,889.6,890.4,891.5,copernicus-dem-glo30
gundappanayakanahalli-lake,39,770.5,771.8,772.2,copernicus-dem-glo30
gundarahalli-lake-2,53,873.8,874.9,875.2,copernicus-dem-glo30
gundenahalli-kere,137,892.7,894.0,894.9,copernicus-dem-glo30
gundur-kere-n,416,846.9,848.6,850.3,copernicus-dem-glo30
gunduru-kere,85,883.3,884.7,886.8,copernicus-dem-glo30
gunduru-lake,53,882.2,885.9,884.5,copernicus-dem-glo30
guniagrahara-kere-2,50,880.1,882.1,883.3,copernicus-dem-glo30
guniagrahara-kunte,1,898.7,898.7,900.5,copernicus-dem-glo30
gunjuru-kunte1,3,877.4,878.1,878.4,copernicus-dem-glo30
gunjuru-kunte2,2,890.7,891.4,891.4,copernicus-dem-glo30
gunjuru-kunte3,1,886.4,886.4,884.1,copernicus-dem-glo30
gunjuru-kunte4,1,875.0,875.0,875.0,copernicus-dem-glo30
gunjuru-kunte5,1,885.2,885.2,887.1,copernicus-dem-glo30
gunjuru-kunte6,2,882.5,882.6,882.7,copernicus-dem-glo30
gunjuru-kunte7,4,889.9,891.6,892.1,copernicus-dem-glo30
gunjuru-kunte8,1,886.0,886.0,886.0,copernicus-dem-glo30
gunjuru-kunte9,5,878.5,879.2,879.6,copernicus-dem-glo30
gunjuruplaya-kere,154,871.4,873.0,874.4,copernicus-dem-glo30
gururvanahalli-kere,134,852.7,855.9,858.2,copernicus-dem-glo30
guruvanahalli-kere,24,915.5,916.4,917.5,copernicus-dem-glo30
guttepalya-lake,271,743.6,752.9,758.2,copernicus-dem-glo30
guttepalya-lake-2,19,746.7,747.6,748.7,copernicus-dem-glo30
hado-shiddapura-kere,69,890.9,892.1,893.5,copernicus-dem-glo30
hadonahalli-kere,107,907.8,910.1,911.0,copernicus-dem-glo30
hadosiddapur-a-kunte,1,890.5,890.5,890.7,copernicus-dem-glo30
hadyalu-kere,327,881.7,884.0,884.6,copernicus-dem-glo30
hagaduru-kunte1,1,879.3,879.3,879.0,copernicus-dem-glo30
hagaduru-kunte2,1,882.5,882.5,882.5,copernicus-dem-glo30
haji-hosahalli-kere,103,876.7,881.1,881.7,copernicus-dem-glo30
haji-hosahalli-kere-s,154,887.5,888.8,889.7,copernicus-dem-glo30
haji-hosahalli-n,154,886.3,886.9,887.3,copernicus-dem-glo30
hakkibikki-lake,17,887.5,887.5,893.7,copernicus-dem-glo30
hakkibikki-lake-2,7,895.1,897.2,897.2,copernicus-dem-glo30
hakkibikki-lake-3,7,898.4,900.0,902.1,copernicus-dem-glo30
halagevaderahalli-kere-1,204,821.7,829.0,830.6,copernicus-dem-glo30
halagevaderahalli-kere-2,25,809.6,811.5,812.1,copernicus-dem-glo30
halammanapalya-lake,25,834.4,835.9,837.0,copernicus-dem-glo30
halammanapalya-lake-1,5,846.8,847.4,847.4,copernicus-dem-glo30
halanayakanahalli-kere,278,881.7,883.6,886.0,copernicus-dem-glo30
halasahalli-thippasandra-kunte-1,1,871.7,871.7,871.7,copernicus-dem-glo30
halasahalli-thippasandra-kunte-2,2,885.9,886.9,886.9,copernicus-dem-glo30
halasahalli-thippasandra-kunte-3,7,890.8,891.4,891.3,copernicus-dem-glo30
halasahalli-thippasandra-kunte-4,11,892.4,893.6,893.6,copernicus-dem-glo30
halasahalli-thippasandra-kunte-5,1,895.8,895.8,895.2,copernicus-dem-glo30
haldenahalli-lake,9,905.2,906.4,906.6,copernicus-dem-glo30
hale-chandapura-lake,245,879.6,882.3,882.8,copernicus-dem-glo30
hale-chandapura-lake-2,36,869.6,872.1,876.1,copernicus-dem-glo30
halehalli-kunte,8,891.9,892.8,892.7,copernicus-dem-glo30
halehalli-south-lake,48,892.7,894.2,895.2,copernicus-dem-glo30
halenahalli-kere,55,897.1,900.0,900.5,copernicus-dem-glo30
halenahalli-kere-s,77,898.4,901.1,901.9,copernicus-dem-glo30
halenahalli-sw,15,904.3,907.6,907.9,copernicus-dem-glo30
halenahalli-up,12,902.4,903.9,904.5,copernicus-dem-glo30
halesampigehalli-kunte,3,923.4,923.7,923.2,copernicus-dem-glo30
haleuru-lake,499,879.0,882.9,887.3,copernicus-dem-glo30
hallimarandapalya-lake,20,835.9,837.0,838.2,copernicus-dem-glo30
hancharahalli-lake,211,868.3,871.8,872.5,copernicus-dem-glo30
handenhalli-lake,126,873.7,876.2,878.0,copernicus-dem-glo30
handrahalli-kere,16,877.8,879.2,880.1,copernicus-dem-glo30
hanpalya-kere,12,843.9,846.9,849.6,copernicus-dem-glo30
hanuman-kunte-new,4,921.8,922.4,922.5,copernicus-dem-glo30
hanumantapura-lake,110,852.2,855.2,856.1,copernicus-dem-glo30
hanumanthapura-kere,84,882.5,894.0,894.3,copernicus-dem-glo30
hanumanthas-agara-kunte,7,847.6,848.7,848.7,copernicus-dem-glo30
hanumanttanapalya-kere,292,854.5,855.6,858.9,copernicus-dem-glo30
haralakunte,76,890.0,894.3,896.1,copernicus-dem-glo30
haralakunte-kunte1,4,904.8,908.6,905.0,copernicus-dem-glo30
haralakunte-kunte2,1,911.6,911.6,910.5,copernicus-dem-glo30
haralakunte-kunte3,1,907.4,907.4,907.2,copernicus-dem-glo30
haraluru-kere,94,887.5,887.5,888.5,copernicus-dem-glo30
haraluru-kunte,10,886.4,888.3,888.2,copernicus-dem-glo30
harana-katte,2,808.5,808.6,808.5,copernicus-dem-glo30
haranakatte,26,828.9,830.8,831.4,copernicus-dem-glo30
haregadde-lank,28,899.4,902.6,906.9,copernicus-dem-glo30
harohali-lake,26,797.8,800.2,801.9,copernicus-dem-glo30
harohali-lake-2,2,832.3,832.6,832.6,copernicus-dem-glo30
harohall-govt-lake,27,887.2,889.1,889.8,copernicus-dem-glo30
harohalli-kere,247,899.3,901.4,902.0,copernicus-dem-glo30
harohalli-kunte-1,2,919.3,919.5,919.6,copernicus-dem-glo30
harohalli-kunte-3,2,920.3,920.5,920.7,copernicus-dem-glo30
harohalli-kunte2,1,922.3,922.3,921.7,copernicus-dem-glo30
harohallipalya-lake,69,867.5,869.4,870.1,copernicus-dem-glo30
harokyathanahalli-kere,49,837.5,839.7,842.5,copernicus-dem-glo30
harokyathanahalli-kunte1,12,836.8,842.7,842.7,copernicus-dem-glo30
harokyathanahalli-kunte2,3,857.3,857.4,857.8,copernicus-dem-glo30
harokyathanahalli-kunte3,1,853.1,853.1,853.1,copernicus-dem-glo30
harokyathanahalli-kunte4,1,865.3,865.3,865.3,copernicus-dem-glo30
hasarahalli-kere,44,881.0,882.3,882.9,copernicus-dem-glo30
hebbagodi-kunte-1,10,896.9,897.9,898.3,copernicus-dem-glo30
hebbagodi-kunte-2,1,930.5,930.5,930.5,copernicus-dem-glo30
hebbal-lake,580,890.0,890.0,893.9,copernicus-dem-glo30
heggadadevanapura-kere,24,842.1,844.2,846.1,copernicus-dem-glo30
heggadadevanapura-lake,5,851.8,852.6,852.7,copernicus-dem-glo30
heggadaevanapura-kere-2,20,865.2,868.4,867.9,copernicus-dem-glo30
hegganahalli-kunte1,11,923.0,925.7,926.3,copernicus-dem-glo30
hegganahalli-kunte2,1,911.3,911.3,911.3,copernicus-dem-glo30
hegganahalli-lake,156,901.9,903.2,904.6,copernicus-dem-glo30
heggondahalli-kunte-1,1,886.0,886.0,886.0,copernicus-dem-glo30
heggondahalli-kunte-2,1,888.7,888.7,889.0,copernicus-dem-glo30
heggondahalli-kunte-3,1,899.9,899.9,899.9,copernicus-dem-glo30
heggondahalli-kunte-4,1,882.8,882.8,883.5,copernicus-dem-glo30
heggondanalli-govt-lake,34,888.9,890.1,892.4,copernicus-dem-glo30
hejjala-e,11,776.7,777.6,778.3,copernicus-dem-glo30
hejjala-kere,53,783.5,783.5,786.4,copernicus-dem-glo30
hemigepura-kunte-1,2,796.1,796.3,796.0,copernicus-dem-glo30
hemigepura-kunte-2,2,808.6,808.7,808.8,copernicus-dem-glo30
hemigepura-kunte-3,2,844.8,845.9,847.7,copernicus-dem-glo30
hempapura-kere,6,892.5,893.2,894.7,copernicus-dem-glo30
hennagara-kere,1422,883.2,885.1,886.7,copernicus-dem-glo30
hennur-kunte-1,1,913.1,913.1,913.1,copernicus-dem-glo30
hennur-kunte-2,4,888.6,890.7,893.7,copernicus-dem-glo30
hennur-lake,333,882.2,887.3,888.2,copernicus-dem-glo30
herohalli-kunte1,3,880.8,881.3,880.8,copernicus-dem-glo30
herohalli-kunte2,5,870.0,871.6,871.6,copernicus-dem-glo30
herohalli-kunte3,4,878.4,879.1,879.2,copernicus-dem-glo30
herohalli-kunte4,4,853.1,854.0,857.4,copernicus-dem-glo30
herohalli-kunte5,4,883.7,884.2,884.5,copernicus-dem-glo30
herohalli-kunte6-newly-created,14,855.0,856.9,859.5,copernicus-dem-glo30
herohalli-lake,103,878.3,880.8,884.1,copernicus-dem-glo30
herohalli-thotadakere,12,869.1,873.5,875.8,copernicus-dem-glo30
hesaraghatta-kere-east,676,857.9,863.0,862.7,copernicus-dem-glo30
hesaraghatta-lake,7393,852.0,857.7,862.7,copernicus-dem-glo30
hettakki-lake,72,885.7,890.1,889.1,copernicus-dem-glo30
hilaligi-lake,66,882.0,882.0,884.2,copernicus-dem-glo30
hilaligi-lake-2,15,881.8,885.1,885.4,copernicus-dem-glo30
hinnakki-lake,215,887.9,890.0,890.5,copernicus-dem-glo30
hirandahalli-kunte-1,1,879.5,879.5,879.6,copernicus-dem-glo30
hirandahalli-kunte-2,2,868.4,868.7,868.5,copernicus-dem-glo30
hirandahalli-kunte-3,2,869.3,870.2,870.2,copernicus-dem-glo30
hirandahalli-kunte-4,4,871.4,873.1,872.8,copernicus-dem-glo30
hire-kere,864,882.6,885.5,887.1,copernicus-dem-glo30
hiregenahalli-kere,87,891.9,899.8,903.0,copernicus-dem-glo30
hittarahalli-lake,319,871.6,873.4,874.7,copernicus-dem-glo30
holegeripura-lake,314,869.9,872.7,873.3,copernicus-dem-glo30
hommadevanahalli-kere2,12,921.8,925.3,926.1,copernicus-dem-glo30
hommadevanahalli-kunte1,2,928.7,928.9,928.7,copernicus-dem-glo30
hommadevanahalli-kunte1-2,1,932.5,932.5,932.5,copernicus-dem-glo30
hommadevanahalli-kunte2,2,944.6,944.7,944.6,copernicus-dem-glo30
hommedevanahalli-kere,13,921.7,922.9,923.9,copernicus-dem-glo30
hompalaghatta-east-lake,24,929.4,930.8,933.6,copernicus-dem-glo30
hompalaghatta-lake,44,923.3,925.7,927.1,copernicus-dem-glo30
honepalya-kere,52,899.5,901.3,902.4,copernicus-dem-glo30
hongasandra-kunte,1,906.9,906.9,906.9,copernicus-dem-glo30
hongekere,10,912.8,914.0,914.0,copernicus-dem-glo30
honna-kalashapura-lake,18,902.8,903.4,905.8,copernicus-dem-glo30
honnadevipura-kere,82,894.6,895.8,897.4,copernicus-dem-glo30
honnadevipura-lake,4,899.6,900.7,901.5,copernicus-dem-glo30
honnasandra-kere,424,865.8,867.5,868.8,copernicus-dem-glo30
honnashetti-kere,15,914.9,918.3,919.5,copernicus-dem-glo30
honnenahalli-kere,28,909.5,910.3,911.7,copernicus-dem-glo30
honnenahalli-kunte-1,4,914.2,915.0,914.7,copernicus-dem-glo30
honnenahalli-kunte-2,4,918.4,918.5,918.4,copernicus-dem-glo30
honnenahalli-lake,68,918.0,919.8,920.3,copernicus-dem-glo30
hoodi-kere-2,37,877.7,879.6,880.1,copernicus-dem-glo30
hoodi-kunte1,3,893.8,894.3,894.3,copernicus-dem-glo30
hoodi-kunte10,4,887.5,892.2,892.2,copernicus-dem-glo30
hoodi-kunte11,4,893.5,894.3,894.8,copernicus-dem-glo30
hoodi-kunte2,1,896.0,896.0,896.0,copernicus-dem-glo30
hoodi-kunte3,1,893.9,893.9,894.8,copernicus-dem-glo30
hoodi-kunte4,1,902.7,902.7,901.5,copernicus-dem-glo30
hoodi-kunte5,2,895.4,895.8,896.1,copernicus-dem-glo30
hoodi-kunte6,1,910.1,910.1,913.1,copernicus-dem-glo30
hoodi-kunte7,1,905.7,905.7,905.7,copernicus-dem-glo30
hoodi-kunte8,2,897.6,898.2,899.0,copernicus-dem-glo30
hoodi-kunte9,2,896.0,896.3,896.0,copernicus-dem-glo30
horamavu-agara,156,880.2,881.6,883.5,copernicus-dem-glo30
horamavu-kere,66,894.2,894.9,896.6,copernicus-dem-glo30
hosa-bairohalli,7,778.5,780.2,781.1,copernicus-dem-glo30
hosa-dimbahalli-kere,50,916.1,917.4,918.5,copernicus-dem-glo30
hosa-katte-newly-created,4,801.8,803.1,803.4,copernicus-dem-glo30
hosa-kere,58,896.9,899.8,901.7,copernicus-dem-glo30
hosadoddi-lake,115,718.5,722.3,724.8,copernicus-dem-glo30
hosadoddi-lake-1,27,730.9,733.2,735.7,copernicus-dem-glo30
hosahalli-golarapalya-kunte,1,861.9,861.9,861.9,copernicus-dem-glo30
hosahalli-govt-lake,48,884.0,886.2,887.4,copernicus-dem-glo30
hosahalli-kere,292,901.4,903.0,904.7,copernicus-dem-glo30
hosahalli-kunte,2,879.5,880.6,879.5,copernicus-dem-glo30
hosahalli-kunte-1,1,894.3,894.3,893.4,copernicus-dem-glo30
hosahalli-kunte-2,7,897.8,898.8,898.8,copernicus-dem-glo30
hosahalli-kunte-3,2,899.1,899.2,899.1,copernicus-dem-glo30
hosahalli-kunte-4,1,893.5,893.5,893.5,copernicus-dem-glo30
hosahalli-kunte-5,3,901.8,902.3,902.4,copernicus-dem-glo30
hosahalli-kunte-6,1,898.9,898.9,898.5,copernicus-dem-glo30
hosahalli-lake,778,882.7,887.5,889.6,copernicus-dem-glo30
hosahalli-lake-2,13,868.1,868.4,869.1,copernicus-dem-glo30
hosahalli-lake-3,28,877.3,878.0,878.5,copernicus-dem-glo30
hosakere,24,923.2,923.8,924.7,copernicus-dem-glo30
hosakere-2,91,913.1,914.8,916.4,copernicus-dem-glo30
hosakere-3,282,898.5,900.1,901.8,copernicus-dem-glo30
hosakere-lake,8,802.3,804.6,805.2,copernicus-dem-glo30
hosakerehalli-kere,237,828.8,830.5,832.9,copernicus-dem-glo30
hosakote-doddaamanikere,10846,858.3,862.4,864.3,copernicus-dem-glo30
hosapalya-2r,20,913.1,916.4,916.8,copernicus-dem-glo30
hosapalya-4r,74,913.1,914.0,915.2,copernicus-dem-glo30
hosapalya-lake,9,805.9,806.4,807.0,copernicus-dem-glo30
hosapalya-lake-1,8,826.5,828.5,828.7,copernicus-dem-glo30
hosavenkatapura-kere,164,881.0,882.1,882.8,copernicus-dem-glo30
hosuru-kere,29,930.5,930.9,932.9,copernicus-dem-glo30
hoysalanagara-lake,90,890.8,894.8,894.8,copernicus-dem-glo30
huchchanapalya-kere,152,870.9,872.3,873.7,copernicus-dem-glo30
huchegowdanpalya-kere,41,869.0,871.8,874.9,copernicus-dem-glo30
hulavanhalli-lake-1,60,881.2,882.7,883.0,copernicus-dem-glo30
hulavanhalli-lake-2,23,879.2,880.7,881.6,copernicus-dem-glo30
hulimangala-govt-kodi-kere,14,916.2,916.8,917.1,copernicus-dem-glo30
hulimangala-kunte1,4,933.7,933.8,933.6,copernicus-dem-glo30
hulimangala-kunte2,2,915.2,915.7,916.4,copernicus-dem-glo30
hulimangala-kunte3,1,929.5,929.5,929.5,copernicus-dem-glo30
hulimangala-kunte4,2,915.4,915.9,915.8,copernicus-dem-glo30
hulimangala-kunte5,1,906.2,906.2,906.2,copernicus-dem-glo30
hulimangala-kunte6,2,906.5,908.2,907.4,copernicus-dem-glo30
hulimangala-kunte7,2,912.0,912.3,912.0,copernicus-dem-glo30
hulimavu-kere,425,897.5,897.5,899.1,copernicus-dem-glo30
hulkur-kere,23,878.5,879.5,880.9,copernicus-dem-glo30
hullahalli-kere,58,917.0,918.3,919.8,copernicus-dem-glo30
hullahalli-kunte1,13,917.4,921.1,921.2,copernicus-dem-glo30
hullahalli-kunte2,12,907.9,910.1,909.7,copernicus-dem-glo30
hullahalli-kunte3,1,916.2,916.2,911.9,copernicus-dem-glo30
hullur-kere,2453,871.6,875.1,876.3,copernicus-dem-glo30
hulvenahalli-lake,7,829.3,830.4,831.4,copernicus-dem-glo30
hulvenahalli-lake-1,4,812.2,813.2,813.2,copernicus-dem-glo30
hunasuru-lake,219,874.8,875.8,876.8,copernicus-dem-glo30
hunisemaradapalya-kere,525,771.0,774.1,777.8,copernicus-dem-glo30
hunisemaradapalya-la,39,779.3,780.4,782.8,copernicus-dem-glo30
hunnaganahalli-lake,20,836.0,836.9,838.3,copernicus-dem-glo30
hunnegere-low-kere,48,846.5,847.7,848.6,copernicus-dem-glo30
hunnegere-up-kere,9,854.4,855.0,856.1,copernicus-dem-glo30
hunnigere-lake,38,816.6,818.2,820.0,copernicus-dem-glo30
huralichikkanahalli-kunte,3,866.3,869.7,869.7,copernicus-dem-glo30
huralihalli-kere,126,850.3,851.7,852.9,copernicus-dem-glo30
huskur-govt-lake,149,883.3,884.3,884.7,copernicus-dem-glo30
huskuru-kere,29,866.9,868.0,868.5,copernicus-dem-glo30
huskuru-kere-2,7,899.2,903.7,901.6,copernicus-dem-glo30
huskuru-kunte-2,1,896.6,896.6,896.7,copernicus-dem-glo30
huskuru-kunte-3,4,891.2,891.4,891.4,copernicus-dem-glo30
huvinaikanahalli-lake,187,883.5,886.4,887.6,copernicus-dem-glo30
ibbalur-govt-lake,23,878.5,878.5,880.1,copernicus-dem-glo30
ibbalur-kunte,4,878.1,878.9,879.0,copernicus-dem-glo30
ichanguru-lake,65,872.1,876.9,879.7,copernicus-dem-glo30
indlabele-kere,494,854.0,860.9,861.8,copernicus-dem-glo30
indlavadi-lake,29,897.4,898.6,900.1,copernicus-dem-glo30
indlavadipura-lake,6,919.8,921.6,921.9,copernicus-dem-glo30
ishvanahalli-5r,55,893.9,895.6,896.2,copernicus-dem-glo30
islur-kere,203,887.9,894.8,892.9,copernicus-dem-glo30
itgalpura-lake,65,909.7,916.9,916.8,copernicus-dem-glo30
ittagalapura-kere,19,890.9,891.7,893.3,copernicus-dem-glo30
ittagalapura-kunte,4,912.4,912.5,912.6,copernicus-dem-glo30
ittamadu-kere,15,860.4,861.7,861.7,copernicus-dem-glo30
ittamadu-kunte,1,880.2,880.2,880.2,copernicus-dem-glo30
ittangur-kere,178,870.4,876.1,874.5,copernicus-dem-glo30
ivarakangapura-kere,505,860.3,862.2,863.3,copernicus-dem-glo30
j-p-park-kere,305,901.0,905.1,906.5,copernicus-dem-glo30
jadigenahalli-kere,303,887.1,890.0,891.7,copernicus-dem-glo30
jajura-lake1,14,920.2,921.7,923.1,copernicus-dem-glo30
jajura-lake2,42,923.1,925.5,926.4,copernicus-dem-glo30
jakkanahalli-6r,211,881.3,884.8,885.6,copernicus-dem-glo30
jakkanahalli-small,5,884.3,884.9,884.8,copernicus-dem-glo30
jakkasandra-kere,21,885.6,888.7,890.8,copernicus-dem-glo30
jakkasandra-kunte,1,909.9,909.9,909.9,copernicus-dem-glo30
jakkasandra-kunte-1,2,899.4,901.0,902.5,copernicus-dem-glo30
jakkasandra-kunte-2,2,903.5,905.2,905.8,copernicus-dem-glo30
jakkur-lake,575,888.4,888.5,890.1,copernicus-dem-glo30
jalahalli-kunte,1,916.9,916.9,916.9,copernicus-dem-glo30
jalamaranahalli-lake,77,888.8,889.7,890.8,copernicus-dem-glo30
jalige-kere,357,889.0,890.8,892.6,copernicus-dem-glo30
jaligere-lake,19,921.0,922.1,922.3,copernicus-dem-glo30
janaradhan-kere,19,884.5,885.4,886.9,copernicus-dem-glo30
jaraganahalli-kere,9,894.7,896.8,895.9,copernicus-dem-glo30
jaraganahalli-kere-2,9,897.4,898.2,899.0,copernicus-dem-glo30
jarakabande,4,899.7,900.2,900.9,copernicus-dem-glo30
jarakabande-kavalu-kunte1,13,894.2,897.3,897.2,copernicus-dem-glo30
jarakabande-kavalu-kunte1-2,11,904.9,906.3,907.4,copernicus-dem-glo30
jarakabande-kavalu-kunte2,6,889.7,893.1,892.5,copernicus-dem-glo30
jarakabande-kavalu-kunte2-2,2,925.4,926.5,925.4,copernicus-dem-glo30
jarakabandi-kaval-kelge-kere,25,910.5,911.8,912.0,copernicus-dem-glo30
jarganahalli-lake,10,897.4,898.4,898.5,copernicus-dem-glo30
javarayanapalya-lake,20,770.5,772.6,773.2,copernicus-dem-glo30
jedihalli-lake,29,878.1,885.4,883.9,copernicus-dem-glo30
jeltipalya-lake,12,711.0,714.1,715.1,copernicus-dem-glo30
jigani-kere,893,891.0,892.9,894.1,copernicus-dem-glo30
jigani-lake-2,58,901.5,901.5,902.9,copernicus-dem-glo30
jigla-kere,116,861.7,867.1,870.1,copernicus-dem-glo30
jimkenahalli-kere,28,884.0,884.7,886.3,copernicus-dem-glo30
jinnagar-lake,91,879.8,881.1,881.8,copernicus-dem-glo30
jogi-kere,4,867.3,868.1,868.8,copernicus-dem-glo30
jogipalya-low-kere,27,862.5,864.3,866.6,copernicus-dem-glo30
jogiplya-kere,33,853.3,855.1,856.1,copernicus-dem-glo30
jomala-kunte,4,923.6,927.6,926.6,copernicus-dem-glo30
junnasandra-kere,129,887.6,891.3,891.2,copernicus-dem-glo30
juzuvadi-kere,630,860.0,864.0,865.9,copernicus-dem-glo30
jyarakabande-kavalu-kunte,4,884.1,885.5,887.0,copernicus-dem-glo30
jyarakabande-kavalu-kunte-2,3,905.5,906.0,906.2,copernicus-dem-glo30
jyotipura-lake,122,877.6,881.1,882.8,copernicus-dem-glo30
k-agrahara-kunte-4,6,856.9,859.6,859.4,copernicus-dem-glo30
k-g-thippasandra-kere,2,891.8,892.6,894.7,copernicus-dem-glo30
kaanurpalya-lake,47,893.0,894.7,895.8,copernicus-dem-glo30
kachamaranahalli-govt-lake,36,879.2,880.9,883.7,copernicus-dem-glo30
kachamaranahalli-kunte1,2,881.5,882.0,881.7,copernicus-dem-glo30
kachamaranahalli-kunte2,1,881.4,881.4,881.1,copernicus-dem-glo30
kachamaranahalli-kunte3,8,894.5,895.0,895.1,copernicus-dem-glo30
kachamaranahalli-kunte4,3,897.8,899.4,899.5,copernicus-dem-glo30
kachamaranahalli-kunte5,6,893.6,894.9,894.7,copernicus-dem-glo30
kachamaranahalli-kunte6,3,892.3,893.8,894.1,copernicus-dem-glo30
kachanahalli-kere,119,878.9,881.2,882.9,copernicus-dem-glo30
kachanayakanahalli-lake,91,893.5,893.5,896.7,copernicus-dem-glo30
kacharkanahalli-lake,110,870.0,876.2,877.6,copernicus-dem-glo30
kachiganal-kere,39,912.8,922.2,917.5,copernicus-dem-glo30
kachiganal-n-kere,665,907.1,911.5,912.5,copernicus-dem-glo30
kachohalli-katte,35,839.9,843.3,844.3,copernicus-dem-glo30
kachohalli-kere,224,852.5,854.5,856.1,copernicus-dem-glo30
kachohalli-kunte-1,1,867.8,867.8,867.5,copernicus-dem-glo30
kachohalli-kunte-2,1,878.1,878.1,876.7,copernicus-dem-glo30
kada-agrahara-kunte,14,892.1,892.9,894.1,copernicus-dem-glo30
kada-agrahara-kunte-1,2,891.1,891.5,891.1,copernicus-dem-glo30
kada-agrahara-kunte-2,4,890.2,890.4,890.4,copernicus-dem-glo30
kadabisanahalli-kunte1,1,882.2,882.2,881.6,copernicus-dem-glo30
kadabisanahalli-kunte2,2,877.9,878.4,877.9,copernicus-dem-glo30
kadanur-kere,284,887.7,889.4,891.2,copernicus-dem-glo30
kadaranahalli-kunte,1,869.6,869.6,869.6,copernicus-dem-glo30
kade-agrahara-lake,63,885.7,892.4,888.7,copernicus-dem-glo30
kadegere-kere,72,891.5,893.4,894.5,copernicus-dem-glo30
kadugodi-kunte-1,1,866.3,866.3,866.3,copernicus-dem-glo30
kadugodi-kunte-2,1,873.1,873.1,873.4,copernicus-dem-glo30
kadugodi-kunte-3,2,882.7,883.6,882.6,copernicus-dem-glo30
kadugodi-kunte-4,3,870.1,871.9,873.3,copernicus-dem-glo30
kadugodi-plantation-kunte,7,877.7,878.8,878.3,copernicus-dem-glo30
kadusiddanapalya-lak,12,825.5,826.8,828.3,copernicus-dem-glo30
kadusonnappanahalli-kere,10,881.1,887.9,891.2,copernicus-dem-glo30
kadusonnappanahalli-kunte,2,897.8,898.4,897.8,copernicus-dem-glo30
kagalipura-kunte,4,895.2,896.9,896.6,copernicus-dem-glo30
kaggadasapura-lake,145,883.1,883.6,884.4,copernicus-dem-glo30
kaggalhalli-lake,139,698.0,699.6,702.0,copernicus-dem-glo30
kaggalipura-govt-lake,48,886.8,894.6,891.8,copernicus-dem-glo30
kaggalipura-lake,81,734.0,737.2,739.5,copernicus-dem-glo30
kagganur-n,134,865.7,872.2,872.1,copernicus-dem-glo30
kagur-lake,127,850.9,855.1,856.6,copernicus-dem-glo30
kaikondanahalli-kere,173,875.5,875.5,880.0,copernicus-dem-glo30
kajarakanahalli-kunte,1,903.2,903.2,904.6,copernicus-dem-glo30
kajarakanahalli-lake,63,890.0,891.7,892.1,copernicus-dem-glo30
kakolu-kere,1674,860.3,863.8,865.0,copernicus-dem-glo30
kalagondanahalli-lake,108,891.3,895.8,894.6,copernicus-dem-glo30
kalalghatta-kere,203,883.8,884.6,885.7,copernicus-dem-glo30
kalanayakanapalya-la,35,802.5,802.5,802.5,copernicus-dem-glo30
kalatammanahalli-kunte,4,887.3,887.8,887.5,copernicus-dem-glo30
kalatammanahalli-lake,31,862.8,863.6,864.6,copernicus-dem-glo30
kalena-agrahara-govt-lake,16,914.0,914.0,915.2,copernicus-dem-glo30
kalena-agrahara-kunte,1,920.0,920.0,920.0,copernicus-dem-glo30
kalenahalli-kere,27,866.9,868.1,869.1,copernicus-dem-glo30
kalenahalli-kunte,1,865.1,865.1,865.5,copernicus-dem-glo30
kalenahalli-lake,337,812.5,814.6,818.4,copernicus-dem-glo30
kalkere-kere,644,875.0,875.7,876.1,copernicus-dem-glo30
kalkere-kunte1,4,903.7,905.2,905.2,copernicus-dem-glo30
kalkere-kunte2,14,903.6,904.8,905.5,copernicus-dem-glo30
kalkere-kunte3,1,889.1,889.1,889.4,copernicus-dem-glo30
kalkere-kunte4,1,890.8,890.8,890.8,copernicus-dem-glo30
kalkere-sarkari-kunte,4,928.9,929.5,931.2,copernicus-dem-glo30
kalkunte-agrahara-kere-e,58,880.2,882.8,884.1,copernicus-dem-glo30
kalkunte-agrahara-kere-upper,26,875.9,880.4,880.8,copernicus-dem-glo30
kalkunte-agrahara-lake,147,869.4,872.2,874.9,copernicus-dem-glo30
kallabalu-lake,35,909.4,910.9,914.0,copernicus-dem-glo30
kallakatte,9,917.2,920.4,920.9,copernicus-dem-glo30
kallakere-lake-land,14,928.3,929.7,930.6,copernicus-dem-glo30
kallanayakanahalli-lake,29,914.3,915.1,916.4,copernicus-dem-glo30
kallapanakatte-kere,11,784.2,784.8,785.8,copernicus-dem-glo30
kallodu-kere,82,887.5,889.1,890.8,copernicus-dem-glo30
kallu-kunte-lake,3,772.8,774.0,774.0,copernicus-dem-glo30
kalludevanahalli-lake,43,899.9,901.2,902.1,copernicus-dem-glo30
kallukere-kunte,1,932.6,932.6,932.6,copernicus-dem-glo30
kallukunte-lake-2,46,760.0,761.1,762.9,copernicus-dem-glo30
kallupallya-kere,5,826.5,828.0,828.0,copernicus-dem-glo30
kamakshipura-lake,7,888.3,889.2,890.0,copernicus-dem-glo30
kamanhalli-lake,122,862.0,865.8,865.9,copernicus-dem-glo30
kambalipura-lake,577,872.0,876.8,879.0,copernicus-dem-glo30
kambasandra-kere,22,836.7,838.9,840.7,copernicus-dem-glo30
kambhipura-govt-karabu-kere-1,6,758.1,758.8,759.0,copernicus-dem-glo30
kambhipura-govt-karabu-kere-2,4,772.8,773.7,774.2,copernicus-dem-glo30
kambipura-kunte1,14,776.4,780.2,779.3,copernicus-dem-glo30
kambipura-kunte2,2,772.8,775.7,775.7,copernicus-dem-glo30
kambipura-kunte3,2,754.4,755.8,755.8,copernicus-dem-glo30
kamblipura-lake,97,882.9,884.0,884.4,copernicus-dem-glo30
kamenahalli-lake,45,905.4,907.0,908.3,copernicus-dem-glo30
kammagondanahalli-kunte1,1,890.6,890.6,890.6,copernicus-dem-glo30
kammagondanahalli-kunte2,1,907.9,907.9,908.4,copernicus-dem-glo30
kammagondanahalli-lake,79,886.9,887.0,887.8,copernicus-dem-glo30
kammanahalli-kunte1,1,913.6,913.6,913.2,copernicus-dem-glo30
kammanahalli-kunte2,2,919.1,919.7,919.1,copernicus-dem-glo30
kammanahalli-lake,61,905.5,905.5,907.2,copernicus-dem-glo30
kanakal-tanday-kere,6,783.0,784.7,783.6,copernicus-dem-glo30
kanakal-tanday-kere-upper,7,810.2,817.0,817.0,copernicus-dem-glo30
kanakenahalli-lake,56,838.2,839.7,840.8,copernicus-dem-glo30
kanaminiki-govt-kere,32,757.3,758.1,761.2,copernicus-dem-glo30
kanavalli-lake,212,891.8,892.7,893.8,copernicus-dem-glo30
kanavapalli-lake,124,930.6,931.7,933.2,copernicus-dem-glo30
kanekallu-lake,75,879.9,882.0,883.9,copernicus-dem-glo30
kangondanahalli-kere,89,883.2,887.7,888.7,copernicus-dem-glo30
kaniminike-kunte1,6,764.3,768.3,767.6,copernicus-dem-glo30
kaniminike-kunte2,7,758.3,762.6,762.5,copernicus-dem-glo30
kaniminike-kunte3,4,756.8,757.4,758.5,copernicus-dem-glo30
kaniminike-kunte4,2,772.9,773.3,773.1,copernicus-dem-glo30
kaniminike-kunte5,6,770.6,771.4,771.4,copernicus-dem-glo30
kaniminike-kunte6,4,761.8,762.4,763.8,copernicus-dem-glo30
kaniminike-kunte7,1,772.6,772.6,773.2,copernicus-dem-glo30
kaniminike-kunte8,1,773.4,773.4,773.9,copernicus-dem-glo30
kaniminike-kunte9,2,799.0,800.7,800.4,copernicus-dem-glo30
kannaikana-agrahara-kere,5,853.5,853.5,853.5,copernicus-dem-glo30
kannaikana-agrahara-kunte,1,849.9,849.9,850.3,copernicus-dem-glo30
kannalli-katte-1-newly-created,4,816.0,817.2,817.3,copernicus-dem-glo30
kannalli-katte-2-newly-created,8,844.5,847.2,847.5,copernicus-dem-glo30
kannalli-kere,230,821.0,823.0,824.0,copernicus-dem-glo30
kannalli-kunte-1,4,819.0,820.1,819.2,copernicus-dem-glo30
kannalli-kunte-2,1,821.7,821.7,821.7,copernicus-dem-glo30
kannalli-kunte-3,1,822.7,822.7,822.7,copernicus-dem-glo30
kannalli-kunte-4,2,860.8,861.3,861.4,copernicus-dem-glo30
kannamangala-katte-1,4,880.0,881.2,880.8,copernicus-dem-glo30
kannamangala-katte-2,6,875.2,876.2,876.2,copernicus-dem-glo30
kannamangala-kere,100,882.9,884.5,884.8,copernicus-dem-glo30
kannamangala-kere-2,333,887.5,888.9,889.9,copernicus-dem-glo30
kannamangala-kere-3,26,859.1,861.5,862.9,copernicus-dem-glo30
kannamangala-kunte1,4,861.4,862.6,863.1,copernicus-dem-glo30
kannamangala-kunte2,1,860.9,860.9,860.8,copernicus-dem-glo30
kannamangala-kunte3,4,865.4,866.5,866.4,copernicus-dem-glo30
kannamangala-kunte4,3,871.8,872.0,872.0,copernicus-dem-glo30
kannamangala-kunte5,2,874.1,874.4,875.2,copernicus-dem-glo30
kannurhalli-lake,109,871.2,873.0,874.2,copernicus-dem-glo30
kannuru-katte,4,910.8,912.0,911.4,copernicus-dem-glo30
kannuru-kere,226,889.7,892.0,893.2,copernicus-dem-glo30
kannuru-kere1,14,918.0,918.7,918.7,copernicus-dem-glo30
kannuru-kunte-1,2,908.6,908.9,908.6,copernicus-dem-glo30
kannuru-kunte-3,1,917.3,917.3,917.3,copernicus-dem-glo30
kannuru-kunte2,1,917.8,917.8,917.8,copernicus-dem-glo30
karabu-kere,94,908.4,910.0,914.3,copernicus-dem-glo30
karabu-kere-konappana-agrahara-lake,13,907.5,907.9,908.8,copernicus-dem-glo30
karadipalya-lake,94,912.4,913.4,913.8,copernicus-dem-glo30
karakalaghatta-colony-2-lake,5,916.1,916.4,916.7,copernicus-dem-glo30
karakalaghatta-colony1-lake,19,912.2,913.1,913.3,copernicus-dem-glo30
karakalaghatta-lake,26,920.7,923.1,924.8,copernicus-dem-glo30
karanalu-kere,98,920.1,923.0,923.2,copernicus-dem-glo30
karanji-tank,191,901.2,906.9,905.9,copernicus-dem-glo30
karehalli-kere,66,894.2,895.7,897.3,copernicus-dem-glo30
karenahalli-lake,143,745.0,746.2,747.6,copernicus-dem-glo30
karepura-lake,25,905.4,906.9,907.8,copernicus-dem-glo30
karethimmanahalli-lake,14,848.9,849.9,850.3,copernicus-dem-glo30
karimsonnenahalli-kere,141,888.5,889.8,890.7,copernicus-dem-glo30
karisandra-katte,12,905.7,909.5,911.3,copernicus-dem-glo30
karisandra-kunte,1,906.5,906.5,906.5,copernicus-dem-glo30
kariyanakunte-newly-created,1,783.8,783.8,783.7,copernicus-dem-glo30
karpuru-lake,139,891.7,894.7,896.2,copernicus-dem-glo30
karukunte-lake,18,794.7,796.4,798.0,copernicus-dem-glo30
karunkunte-lake-2,84,778.2,780.1,782.0,copernicus-dem-glo30
kasaba-yeshwanthpura-kunte1,6,911.9,914.7,915.0,copernicus-dem-glo30
kasaba-yeshwanthpura-kunte2,4,932.5,937.1,935.0,copernicus-dem-glo30
kasaba-yeshwantpur-kere,14,908.2,910.6,911.1,copernicus-dem-glo30
kasagattapura-kere-1,30,863.9,866.0,866.5,copernicus-dem-glo30
kasagattapura-kere-1-2,20,869.4,872.6,872.7,copernicus-dem-glo30
kasagattapura-kere-3,43,869.5,872.1,874.4,copernicus-dem-glo30
kasagattapura-kunte,2,867.9,868.7,869.4,copernicus-dem-glo30
kasaghatta-lake,40,906.0,906.5,907.3,copernicus-dem-glo30
kasaranghatta-kere,28,905.8,907.4,907.7,copernicus-dem-glo30
kasavanahalli-kere,138,882.5,882.5,884.4,copernicus-dem-glo30
kasavanahalli-kunte1,2,898.8,899.2,899.5,copernicus-dem-glo30
kasavanahalli-kunte2,2,897.2,898.0,897.6,copernicus-dem-glo30
kasavanahalli-kunte3,1,905.9,905.9,905.9,copernicus-dem-glo30
kasavanahalli-kunte4,1,893.8,893.8,893.5,copernicus-dem-glo30
kasavanahalli-kunte5,4,890.8,894.9,895.1,copernicus-dem-glo30
katamnalluru-kere,51,866.2,867.1,868.3,copernicus-dem-glo30
katamnalluru-kunte1,2,867.2,867.4,867.4,copernicus-dem-glo30
katamnalluru-kunte2,1,872.8,872.8,872.8,copernicus-dem-glo30
kathriguppe-kunte-1,1,892.8,892.8,892.5,copernicus-dem-glo30
kathriguppe-kunte-2,2,894.1,894.3,894.1,copernicus-dem-glo30
kathriguppe-kunte-3,4,894.7,894.9,894.8,copernicus-dem-glo30
kathriguppe-kunte-4,12,885.6,889.9,889.1,copernicus-dem-glo30
katigenahalli-n,48,906.6,908.1,908.9,copernicus-dem-glo30
kattalepalya-lake,14,733.6,735.9,736.8,copernicus-dem-glo30
kattalepalya-lake-1,16,762.8,763.8,765.4,copernicus-dem-glo30
kattigenahalli-lake,65,900.7,902.5,905.6,copernicus-dem-glo30
kattigenahalli-lower,70,896.2,899.7,900.4,copernicus-dem-glo30
kattihosahalli-lake,17,916.9,917.4,917.8,copernicus-dem-glo30
kebbapalya-ne,9,877.1,879.0,879.5,copernicus-dem-glo30
kebliganahalli-kere,10,904.0,905.5,905.6,copernicus-dem-glo30
kelaginakere,29,902.2,905.2,906.1,copernicus-dem-glo30
kembathahali-kere,16,925.0,925.0,926.6,copernicus-dem-glo30
kembathahali-kunte,8,923.0,924.0,923.9,copernicus-dem-glo30
kembliganahalli-kere,91,883.1,884.6,885.3,copernicus-dem-glo30
kemp-agrah-kunte-3,1,880.0,880.0,881.3,copernicus-dem-glo30
kemp-agrah-kunte-5,1,853.8,853.8,853.8,copernicus-dem-glo30
kemp-agrah-kunte-6,8,867.2,871.6,870.0,copernicus-dem-glo30
kemp-agrah-kunte-7,4,886.7,887.0,887.9,copernicus-dem-glo30
kemp-agrah-kunte-8,2,879.4,880.6,879.9,copernicus-dem-glo30
kempadevanahalli-kere,16,779.4,780.7,782.1,copernicus-dem-glo30
kempaguddanahalli-lake,5,791.0,792.0,791.9,copernicus-dem-glo30
kempalinganahalli-kere,52,861.9,863.5,864.3,copernicus-dem-glo30
kempambudhi-lake,142,871.6,874.1,879.2,copernicus-dem-glo30
kempanahali-kunte,2,917.7,918.2,917.7,copernicus-dem-glo30
kempanayanakere,64,918.5,920.0,921.0,copernicus-dem-glo30
kempapura-agrahara-kere,23,864.1,866.8,869.1,copernicus-dem-glo30
kempapura-agrahara-kunte-1,1,865.3,865.3,865.3,copernicus-dem-glo30
kempapura-agrahara-kunte-10,4,889.8,890.4,890.2,copernicus-dem-glo30
kempapura-agrahara-kunte-2,6,858.6,861.1,861.3,copernicus-dem-glo30
kempapura-agrahara-kunte-9,1,890.4,890.4,890.4,copernicus-dem-glo30
kempapura-kunte,2,907.2,907.8,907.9,copernicus-dem-glo30
kempapura-kunte-1,1,870.5,870.5,870.5,copernicus-dem-glo30
kempapura-kunte-2,4,877.5,878.2,878.7,copernicus-dem-glo30
kempapura-lake,136,878.2,879.7,880.0,copernicus-dem-glo30
kempaura-agrahara-lo-kere,15,879.2,880.9,882.1,copernicus-dem-glo30
kempaura-agrahara-up-kere,76,872.1,873.0,875.0,copernicus-dem-glo30
kempegowda-nagar-lake,41,918.3,920.1,921.2,copernicus-dem-glo30
kempegowdanagar-lake-1,16,832.3,833.5,834.2,copernicus-dem-glo30
kempohalli-lake,31,918.4,919.8,920.6,copernicus-dem-glo30
kempu-vaderahalli-lake,75,887.4,889.6,890.7,copernicus-dem-glo30
kenchanapura-govt-lake,46,818.0,819.7,821.8,copernicus-dem-glo30
kenchanapura-kere,234,911.0,912.7,913.9,copernicus-dem-glo30
kenchanapura-kunte1,2,826.9,828.6,826.9,copernicus-dem-glo30
kenchanapura-kunte2,4,821.6,822.7,823.8,copernicus-dem-glo30
kenchanapura-kunte3,4,836.4,837.7,837.7,copernicus-dem-glo30
kenchinahalli-kere,9,799.6,800.1,800.8,copernicus-dem-glo30
kengal-lake,55,915.5,916.4,916.9,copernicus-dem-glo30
kengalkempohalli-kere,30,914.9,918.5,920.7,copernicus-dem-glo30
kenganahalli-kere,61,863.5,865.3,867.7,copernicus-dem-glo30
kengeri-1,43,794.1,799.0,802.4,copernicus-dem-glo30
kengeri-2,50,805.0,807.6,811.0,copernicus-dem-glo30
kengeri-kunte-1,3,792.4,792.7,792.5,copernicus-dem-glo30
kengeri-kunte-10,1,806.1,806.1,806.1,copernicus-dem-glo30
kengeri-kunte-11,7,790.4,791.4,791.4,copernicus-dem-glo30
kengeri-kunte-12,7,792.4,793.2,793.2,copernicus-dem-glo30
kengeri-kunte-2,4,786.1,787.4,787.7,copernicus-dem-glo30
kengeri-kunte-3,2,790.0,790.5,790.9,copernicus-dem-glo30
kengeri-kunte-4,1,772.0,772.0,771.3,copernicus-dem-glo30
kengeri-kunte-5,2,788.7,788.8,789.1,copernicus-dem-glo30
kengeri-kunte-6,1,806.4,806.4,806.4,copernicus-dem-glo30
kengeri-kunte-7,2,786.9,788.4,790.1,copernicus-dem-glo30
kengeri-kunte-8,4,794.9,797.3,798.1,copernicus-dem-glo30
kengeri-kunte-9,1,801.4,801.4,801.4,copernicus-dem-glo30
keregulladahalli-kunte,1,883.7,883.7,882.6,copernicus-dem-glo30
kerekattiganuru-kere,178,900.7,902.2,903.3,copernicus-dem-glo30
keremare-katte,3,807.4,807.6,808.8,copernicus-dem-glo30
kethamaranahalli-kere-1,13,911.7,914.5,916.9,copernicus-dem-glo30
kethamaranahalli-kere-2,52,893.7,902.7,899.6,copernicus-dem-glo30
kethamaranahalli-kere-3,7,898.4,900.9,901.6,copernicus-dem-glo30
kethamaranahalli-kere-4,30,909.9,913.7,914.1,copernicus-dem-glo30
kethamaranahalli-kunte1,1,903.3,903.3,903.3,copernicus-dem-glo30
kethamaranahalli-kunte2,1,888.4,888.4,886.7,copernicus-dem-glo30
kethamaranahalli-kunte3,2,900.9,901.0,899.3,copernicus-dem-glo30
kethohalli-kunte,6,829.6,832.0,832.9,copernicus-dem-glo30
ketohalli-kere,19,805.4,807.0,809.4,copernicus-dem-glo30
ketohalli-kere-n,10,813.8,814.4,815.9,copernicus-dem-glo30
ketohalli-kere-s,19,820.6,823.3,823.8,copernicus-dem-glo30
khajisonnenahalli-kunte1,7,875.6,876.8,876.8,copernicus-dem-glo30
khajisonnenahalli-kunte10,4,868.5,868.9,869.2,copernicus-dem-glo30
khajisonnenahalli-kunte2,6,861.8,863.2,863.2,copernicus-dem-glo30
khajisonnenahalli-kunte3,3,870.6,871.3,871.4,copernicus-dem-glo30
khajisonnenahalli-kunte4,9,888.2,889.7,890.9,copernicus-dem-glo30
khajisonnenahalli-kunte4-2,1,871.4,871.4,870.9,copernicus-dem-glo30
khajisonnenahalli-kunte5,4,874.3,874.9,874.9,copernicus-dem-glo30
khajisonnenahalli-kunte6,1,877.3,877.3,877.3,copernicus-dem-glo30
khajisonnenahalli-kunte8,3,881.7,882.3,881.7,copernicus-dem-glo30
khajisonnenahalli-kunte9,8,878.5,879.0,879.0,copernicus-dem-glo30
kilaranahalli-lake,47,782.6,783.6,784.6,copernicus-dem-glo30
kiribirana-hosahalli-kere,34,901.2,902.2,903.1,copernicus-dem-glo30
kithaganuru-katte,4,881.8,883.0,882.2,copernicus-dem-glo30
kithaganuru-kunte-1,4,884.1,884.3,884.3,copernicus-dem-glo30
kithaganuru-kunte-2,1,879.6,879.6,879.5,copernicus-dem-glo30
kithaganuru-kunte-3,3,878.2,879.0,879.0,copernicus-dem-glo30
kithaganuru-kunte-4,4,877.9,878.6,878.4,copernicus-dem-glo30
kithaganuru-kunte-5,2,887.7,887.9,888.5,copernicus-dem-glo30
kithaganuru-kunte-6,4,879.2,880.9,881.8,copernicus-dem-glo30
kittanahalli-kere,60,837.5,837.5,840.2,copernicus-dem-glo30
kittanahallipalya-kere,18,839.1,842.3,842.5,copernicus-dem-glo30
kittanahallipalya-lo-kere,8,842.0,842.4,842.7,copernicus-dem-glo30
kitthaganuru-kere,74,868.4,870.7,873.7,copernicus-dem-glo30
kittiganahalli-lake,88,875.0,875.6,876.3,copernicus-dem-glo30
kodagi-singasandra-kere,33,901.5,901.5,901.5,copernicus-dem-glo30
kodagikere,115,888.0,892.9,890.7,copernicus-dem-glo30
kodagithirumalapura-kunte,2,869.7,870.1,870.6,copernicus-dem-glo30
kodagithirumalpura-kere,15,847.6,847.9,848.1,copernicus-dem-glo30
kodathi-kunte-17,2,906.8,906.8,906.3,copernicus-dem-glo30
kodathi-kunte1,1,897.6,897.6,898.1,copernicus-dem-glo30
kodathi-kunte10,4,897.7,899.3,898.3,copernicus-dem-glo30
kodathi-kunte11,3,903.2,903.6,903.6,copernicus-dem-glo30
kodathi-kunte12,11,905.3,905.8,906.2,copernicus-dem-glo30
kodathi-kunte13,1,903.8,903.8,903.8,copernicus-dem-glo30
kodathi-kunte14,14,895.9,897.6,897.7,copernicus-dem-glo30
kodathi-kunte15,1,896.1,896.1,895.7,copernicus-dem-glo30
kodathi-kunte16,4,892.6,892.8,892.8,copernicus-dem-glo30
kodathi-kunte2,2,890.8,891.0,891.2,copernicus-dem-glo30
kodathi-kunte3,1,901.9,901.9,903.7,copernicus-dem-glo30
kodathi-kunte4,1,909.3,909.3,909.3,copernicus-dem-glo30
kodathi-kunte5,1,909.5,909.5,909.5,copernicus-dem-glo30
kodathi-kunte6,1,914.9,914.9,914.9,copernicus-dem-glo30
kodathi-kunte7,8,905.1,905.8,906.4,copernicus-dem-glo30
kodathi-kunte8,1,916.5,916.5,916.5,copernicus-dem-glo30
kodathi-kunte9,1,909.1,909.1,909.8,copernicus-dem-glo30
kodatti-kere,89,899.0,900.2,901.9,copernicus-dem-glo30
kodaturu-kere,833,868.4,871.9,872.5,copernicus-dem-glo30
kodgibommanahalli-kere,57,897.5,898.4,899.4,copernicus-dem-glo30
kodigehalli-kere,30,836.2,837.7,839.3,copernicus-dem-glo30
kodigehalli-kere-2,80,940.7,942.1,943.1,copernicus-dem-glo30
kodigehalli-kere-2-2,38,951.2,954.3,955.1,copernicus-dem-glo30
kodigehalli-kunte,3,854.3,854.7,854.8,copernicus-dem-glo30
kodigehalli-kunte-4,2,915.9,917.6,917.5,copernicus-dem-glo30
kodigehalli-kunte1,4,930.4,933.1,933.8,copernicus-dem-glo30
kodigehalli-kunte1-2,2,886.1,886.2,886.2,copernicus-dem-glo30
kodigehalli-kunte2,2,913.1,913.3,913.5,copernicus-dem-glo30
kodigehalli-kunte2-2,2,884.9,885.7,885.7,copernicus-dem-glo30
kodigehalli-kunte3,3,896.9,899.7,899.7,copernicus-dem-glo30
kodigehalli-kunte3-2,4,879.5,880.4,880.4,copernicus-dem-glo30
kodigehalli-kunte4,2,886.6,887.4,886.6,copernicus-dem-glo30
kodigehalli-lake,177,870.0,870.0,871.2,copernicus-dem-glo30
kodigehalli-lake-2,5,882.2,883.2,883.4,copernicus-dem-glo30
kodigehalli-plantation-kunte-1,5,924.2,924.4,924.2,copernicus-dem-glo30
kodigehalli-plantation-kunte-2,4,924.8,925.7,925.4,copernicus-dem-glo30
kodihalli-kere,466,875.8,878.1,879.2,copernicus-dem-glo30
kodihalli-kere-2,408,865.1,868.8,870.0,copernicus-dem-glo30
kodihalli-kere-3,110,883.3,892.6,893.9,copernicus-dem-glo30
kodihalli-kunte1,2,907.5,907.6,907.5,copernicus-dem-glo30
kodihalli-kunte2,2,895.2,895.6,896.0,copernicus-dem-glo30
kodipalya-kere,307,857.1,860.4,861.7,copernicus-dem-glo30
kodipura-lake,30,887.6,891.1,890.9,copernicus-dem-glo30
kodlu-kunte-1,6,913.4,914.7,915.0,copernicus-dem-glo30
kodlu-kunte-2,1,903.0,903.0,903.0,copernicus-dem-glo30
kogilu-kere,278,894.0,895.8,896.8,copernicus-dem-glo30
kogilu-kunte,1,905.5,905.5,905.5,copernicus-dem-glo30
kolapurapalya-kere,110,880.7,882.5,883.3,copernicus-dem-glo30
kolatur-kere,418,872.3,877.8,879.4,copernicus-dem-glo30
kolipura-kere,16,898.7,900.2,900.8,copernicus-dem-glo30
kollipaya-2r,5,910.7,912.3,912.3,copernicus-dem-glo30
kolur-kere,37,804.2,806.2,807.2,copernicus-dem-glo30
kolur-kere-2,516,899.8,902.8,903.7,copernicus-dem-glo30
koluru-gururayanapura-kunte2,1,814.4,814.4,814.0,copernicus-dem-glo30
koluru-gururayanapura-kunte3,4,811.5,815.2,815.7,copernicus-dem-glo30
koluru-kunte-1,2,784.7,786.0,786.0,copernicus-dem-glo30
koluru-kunte-2,1,786.2,786.2,786.2,copernicus-dem-glo30
koluru-kunte-3,1,802.4,802.4,802.4,copernicus-dem-glo30
koluru-kunte-4,1,787.9,787.9,789.0,copernicus-dem-glo30
koluru-nanjunadapura-kunte,5,817.1,819.2,819.2,copernicus-dem-glo30
koluvarayanahalli-lake,124,877.4,880.3,881.0,copernicus-dem-glo30
komaranappali-south-lake,3,926.4,926.4,927.3,copernicus-dem-glo30
kommaghatta-gokatte,8,788.6,790.3,792.7,copernicus-dem-glo30
kommaghatta-govt-lake,147,795.0,795.0,797.5,copernicus-dem-glo30
kommaghatta-katte,4,776.1,777.2,777.9,copernicus-dem-glo30
kommaghatta-krishnasagara-kunte1,5,779.5,780.6,781.6,copernicus-dem-glo30
kommaghatta-kunte,4,795.0,796.1,795.9,copernicus-dem-glo30
kommasandra-kere-1,61,885.5,888.1,887.5,copernicus-dem-glo30
kommasandra-kunte-1,2,896.4,898.0,896.6,copernicus-dem-glo30
kommasandra-kunte-2,13,905.5,907.2,906.7,copernicus-dem-glo30
kommasandra-kunte-3,3,886.0,889.7,889.7,copernicus-dem-glo30
kommasandra-kunte-4,10,899.5,902.5,902.7,copernicus-dem-glo30
kommasandra-kunte-5,2,909.1,910.4,909.9,copernicus-dem-glo30
kommasandra-kunte-6,6,901.2,903.1,902.1,copernicus-dem-glo30
kommasandra-kunte-7,1,911.3,911.3,911.3,copernicus-dem-glo30
kommasandra-kunte-8,2,908.9,909.2,908.9,copernicus-dem-glo30
konadasapura-kunte-5,4,877.0,877.7,877.5,copernicus-dem-glo30
konadasapura-kunte-6,3,886.4,888.9,888.9,copernicus-dem-glo30
konadasapura-kunte1,2,875.7,876.0,876.3,copernicus-dem-glo30
konadasapura-kunte2,4,873.8,873.9,874.2,copernicus-dem-glo30
konadasapura-kunte3,1,887.5,887.5,887.5,copernicus-dem-glo30
konadasapura-kunte4,4,880.1,880.7,880.4,copernicus-dem-glo30
konadaspur-lake,29,874.5,876.0,876.8,copernicus-dem-glo30
konaghatta-kere,787,902.9,907.0,908.1,copernicus-dem-glo30
konana-kere,153,895.6,897.9,898.9,copernicus-dem-glo30
konanakunte-kere,29,901.8,902.7,904.5,copernicus-dem-glo30
konanakunte-kunte,2,913.5,914.1,913.5,copernicus-dem-glo30
konappana-agrahara-kunte-1,1,917.8,917.8,917.5,copernicus-dem-glo30
konappana-agrahara-kunte-2,1,921.8,921.8,922.2,copernicus-dem-glo30
konappana-agrahara-kunte-3,4,923.3,924.2,924.2,copernicus-dem-glo30
konappana-agrahara-kunte-4,1,922.7,922.7,922.9,copernicus-dem-glo30
konappana-agrahara-kunte-5,1,922.9,922.9,921.2,copernicus-dem-glo30
konappana-agrahara-kunte-6,6,919.6,921.6,919.7,copernicus-dem-glo30
konappana-agrahara-kunte-7,1,934.4,934.4,934.4,copernicus-dem-glo30
konappana-agrahara-kunte-8,5,928.3,928.4,929.1,copernicus-dem-glo30
konappana-agrahara-kunte-9,4,918.4,920.0,918.7,copernicus-dem-glo30
konappana-agrahara-lake,60,909.0,909.9,911.4,copernicus-dem-glo30
konasandra-lake,86,891.9,893.3,893.7,copernicus-dem-glo30
konasandra-lake-2,19,881.0,883.4,883.7,copernicus-dem-glo30
konashetty-kere,46,831.8,838.5,840.8,copernicus-dem-glo30
kondashettihalli-kunte,1,882.8,882.8,880.7,copernicus-dem-glo30
kondrahalli-lake,148,875.5,876.6,877.4,copernicus-dem-glo30
konena-agrahara-kere,23,883.0,884.8,885.9,copernicus-dem-glo30
konenaagrahara-kunte1,4,898.1,902.4,901.3,copernicus-dem-glo30
konenaagrahara-kunte2,2,885.4,886.1,886.8,copernicus-dem-glo30
koppa-lake,2,906.8,906.8,907.7,copernicus-dem-glo30
koralahalli-kere,110,894.7,895.9,895.8,copernicus-dem-glo30
koramangala-kere,11,885.7,891.3,889.4,copernicus-dem-glo30
koramangala-kere-2,20,879.9,881.8,881.7,copernicus-dem-glo30
koramangala-kunte,4,899.6,900.5,900.6,copernicus-dem-glo30
koratagere-kere,22,834.4,836.8,838.3,copernicus-dem-glo30
kotanahalli-kere,8,811.8,812.4,814.9,copernicus-dem-glo30
kothanaru-kere,53,917.0,917.0,921.2,copernicus-dem-glo30
kothanaru-kunte,4,931.7,932.6,932.1,copernicus-dem-glo30
kothihosahalli-kunte1,1,916.9,916.9,919.0,copernicus-dem-glo30
kothnur-kunte1,17,894.0,895.0,895.8,copernicus-dem-glo30
kothnur-kunte2,1,895.5,895.5,894.8,copernicus-dem-glo30
kotiganahalli-kere,30,880.2,882.9,883.8,copernicus-dem-glo30
kowdenahalli-kere,64,883.5,885.3,887.0,copernicus-dem-glo30
kowdenahalli-kunte1,1,905.8,905.8,905.8,copernicus-dem-glo30
kowdenahalli-kunte2,4,905.8,907.3,906.7,copernicus-dem-glo30
krishnanadoddi-lake,12,897.5,898.7,898.8,copernicus-dem-glo30
krishnapura-kere-ne,6,809.5,815.6,812.5,copernicus-dem-glo30
krishnapura-kere-nw,14,776.2,777.2,778.1,copernicus-dem-glo30
krishnaraja-puram-kere,54,884.0,884.4,885.0,copernicus-dem-glo30
krishnaraja-puram-kere-2-newly-created,34,893.8,898.4,901.7,copernicus-dem-glo30
krishnaraja-puram-kunte,1,903.1,903.1,903.3,copernicus-dem-glo30
krishnarajapura-karabu-katte,13,899.4,900.9,900.9,copernicus-dem-glo30
krishnarajapura-kunte,1,904.0,904.0,904.4,copernicus-dem-glo30
krishnarajapuram-kere,175,878.5,878.5,879.8,copernicus-dem-glo30
krishnasagara-kunte-newly-created,9,917.4,919.2,919.2,copernicus-dem-glo30
krishnasagara-lake,28,883.5,887.3,888.4,copernicus-dem-glo30
krishnasagara-lake-2,36,889.5,893.2,894.3,copernicus-dem-glo30
krishnasagara-lake-3,4,796.2,796.7,797.2,copernicus-dem-glo30
kudlu-chikere,36,898.6,899.1,899.5,copernicus-dem-glo30
kuduregere-kunte,2,869.1,869.9,869.9,copernicus-dem-glo30
kukkalahalli-kere,92,892.8,902.8,898.2,copernicus-dem-glo30
kukkalahalli-kere-1,12,902.0,902.8,903.7,copernicus-dem-glo30
kukkalahalli-lake,15,874.4,875.5,876.2,copernicus-dem-glo30
kukkalahalli-lake-2,47,768.3,769.5,771.0,copernicus-dem-glo30
kukkanahalli-kere,127,885.3,886.8,887.8,copernicus-dem-glo30
kukkonallipalya-lake,9,886.3,890.0,890.0,copernicus-dem-glo30
kulaghatta,67,893.7,895.5,896.0,copernicus-dem-glo30
kulavanahalli-kere,45,885.4,887.3,888.4,copernicus-dem-glo30
kumbalagodu-gollahalli-kunte1,2,759.4,761.3,760.0,copernicus-dem-glo30
kumbalagodu-gollahalli-kunte2,1,758.7,758.7,758.7,copernicus-dem-glo30
kumbalagodu-gollahalli-kunte3,4,749.2,750.9,751.0,copernicus-dem-glo30
kumbalagodu-kere,61,739.5,742.5,744.7,copernicus-dem-glo30
kumbalagodu-kere-2,14,767.9,770.1,771.0,copernicus-dem-glo30
kumbalagodu-kunte1,5,749.9,751.2,751.9,copernicus-dem-glo30
kumbalagodu-kunte2,1,743.6,743.6,743.5,copernicus-dem-glo30
kumbalagodu-kunte3,9,759.9,760.3,761.2,copernicus-dem-glo30
kumbalagodu-kunte4,4,756.1,758.0,757.3,copernicus-dem-glo30
kumbalagodu-kunte5,4,777.8,778.7,778.7,copernicus-dem-glo30
kumbalagodu-kunte6,5,771.9,774.7,776.1,copernicus-dem-glo30
kumbalagodu-kunte7,4,774.8,776.9,777.6,copernicus-dem-glo30
kumbalagodu-kunte8,4,778.1,779.7,780.3,copernicus-dem-glo30
kumbarahalli-kere,96,852.9,854.3,856.9,copernicus-dem-glo30
kumbarahalli-kere-2,13,848.7,852.7,853.1,copernicus-dem-glo30
kumbarakere,14,918.9,919.5,920.9,copernicus-dem-glo30
kumbenaagrahara-kunte,6,873.4,876.1,876.7,copernicus-dem-glo30
kun-madiwala-lake,83,885.7,887.2,888.5,copernicus-dem-glo30
kundalahalli-kere,78,885.5,885.5,886.6,copernicus-dem-glo30
kundarahalli-kunte1,4,903.3,904.0,904.3,copernicus-dem-glo30
kuppareddy-kere,31,807.4,809.2,810.4,copernicus-dem-glo30
kuppemala-kere,184,862.8,865.0,866.4,copernicus-dem-glo30
kurubalahalli-kere,322,919.3,921.8,923.4,copernicus-dem-glo30
kurubarahalli-kere,37,893.9,896.3,895.9,copernicus-dem-glo30
kurubarahalli-lake,27,830.4,831.3,832.4,copernicus-dem-glo30
kurubarahalli-lake-1,7,853.5,853.9,854.5,copernicus-dem-glo30
kurubarapalya-kere,50,805.8,806.6,808.0,copernicus-dem-glo30
kurubarhalli-lake,76,888.8,890.1,891.1,copernicus-dem-glo30
kuruvegere-kere,159,914.7,915.9,917.1,copernicus-dem-glo30
kuvempu-nagara-lake,51,915.8,917.8,919.6,copernicus-dem-glo30
kuvempunagar-lake,5,903.1,904.9,904.9,copernicus-dem-glo30
kyalasanahalli-govt-lake,99,899.5,901.3,903.4,copernicus-dem-glo30
kyalasanahalli-lake,9,893.4,894.9,895.3,copernicus-dem-glo30
lagamenahalli-lake,38,864.0,866.0,867.7,copernicus-dem-glo30
laggere-kunte1,5,892.7,893.0,893.5,copernicus-dem-glo30
laggere-kunte2,7,922.9,925.5,925.4,copernicus-dem-glo30
laggere-kunte3,4,920.4,920.8,922.7,copernicus-dem-glo30
laggere-kunte4,4,919.1,919.6,920.4,copernicus-dem-glo30
laggere-kunte5,3,919.5,920.8,920.8,copernicus-dem-glo30
laggeri-govt-katte,28,854.6,859.3,860.2,copernicus-dem-glo30
laggeri-katte,12,903.2,908.0,907.1,copernicus-dem-glo30
laggeri-lake,25,893.3,894.6,896.8,copernicus-dem-glo30
lakkanapalya-lake,29,900.5,900.9,902.7,copernicus-dem-glo30
lakkanapalya-lake-2,22,903.5,905.1,905.6,copernicus-dem-glo30
lakkayanapalya-kere,107,797.7,799.7,801.3,copernicus-dem-glo30
lakkayanapalya-kere-2,7,818.5,821.2,821.6,copernicus-dem-glo30
lakkayanapalya-kere-3,7,805.4,808.8,811.7,copernicus-dem-glo30
lakkenahalli-kere,42,845.6,847.6,848.3,copernicus-dem-glo30
lakkenahalli-kere-2,52,880.1,882.6,883.9,copernicus-dem-glo30
lakkenahalli-kere-3,34,860.7,862.8,865.3,copernicus-dem-glo30
lakkenahalli-kunte-1,2,863.0,863.6,864.1,copernicus-dem-glo30
lakkuru-lake,126,910.2,911.5,912.5,copernicus-dem-glo30
lakshmipura-kere,18,881.8,883.7,885.9,copernicus-dem-glo30
lakshmipura-kere-2,81,852.3,853.8,854.9,copernicus-dem-glo30
lakshmipura-kunte,9,893.5,895.4,895.4,copernicus-dem-glo30
lakshmipura-kunte1,5,922.1,925.2,926.5,copernicus-dem-glo30
lakshmipura-kunte2,1,923.7,923.7,924.2,copernicus-dem-glo30
lakshmipura-lake,46,919.5,920.6,921.8,copernicus-dem-glo30
lakshmipura-lake-2,34,894.2,894.6,895.0,copernicus-dem-glo30
lakshmisagar-a-kunte1,1,927.9,927.9,927.9,copernicus-dem-glo30
lakshmisagar-a-kunte2,2,921.8,921.9,922.0,copernicus-dem-glo30
lakshmisagara-kere,14,913.7,915.0,916.2,copernicus-dem-glo30
lalagondanahalli-kere,26,896.8,899.3,900.8,copernicus-dem-glo30
lalbagh-kere,147,902.8,904.0,906.3,copernicus-dem-glo30
lingadeeranahalli-kunte,1,881.7,881.7,877.3,copernicus-dem-glo30
lingadheeranahalli-karabu-katte,13,884.6,885.6,885.9,copernicus-dem-glo30
lingadhiragollonahalli-kere,30,913.6,915.1,916.6,copernicus-dem-glo30
linganahalli-kere,54,879.0,880.7,882.6,copernicus-dem-glo30
linganahalli-kunte-1,3,888.6,889.1,888.6,copernicus-dem-glo30
linganahalli-kunte-2,4,877.4,877.8,878.2,copernicus-dem-glo30
lingapura-lake,53,895.5,897.9,897.9,copernicus-dem-glo30
lingapura-lake-2,22,717.5,718.5,719.2,copernicus-dem-glo30
lingapura-lake-3,38,718.5,720.7,721.8,copernicus-dem-glo30
lingaraja-sagara-kunte-1,7,893.5,896.8,895.5,copernicus-dem-glo30
lingaraja-sagara-kunte2,1,885.2,885.2,885.7,copernicus-dem-glo30
lingarajapura-lake,11,905.5,907.7,908.0,copernicus-dem-glo30
lingarajapura-lake-1,66,902.2,904.1,904.6,copernicus-dem-glo30
lingarajapura-lake-2,10,911.6,913.3,913.9,copernicus-dem-glo30
lingdir-malasandra-lake,138,884.3,886.5,888.4,copernicus-dem-glo30
lower-medhalli-kere,50,871.7,876.6,875.2,copernicus-dem-glo30
machanahalli-kere,88,912.3,914.2,915.6,copernicus-dem-glo30
machohalli-chikkere,94,840.5,842.2,843.4,copernicus-dem-glo30
madagondanahalli-kere,362,890.6,894.4,894.2,copernicus-dem-glo30
madapatna-lake,38,815.2,816.4,816.9,copernicus-dem-glo30
madappanahalli-kunte-1,5,902.6,905.7,905.7,copernicus-dem-glo30
madappanahalli-kunte-2,1,905.7,905.7,905.7,copernicus-dem-glo30
madappanahalli-kunte-3,3,913.3,913.6,913.4,copernicus-dem-glo30
madappanahalli-kunte-4,4,895.3,895.8,895.8,copernicus-dem-glo30
madappanahalli-kunte-5,4,891.7,892.1,891.8,copernicus-dem-glo30
madappanahalli-lake,17,894.4,895.2,895.7,copernicus-dem-glo30
madappanahalli-lake-2,26,907.8,909.3,909.8,copernicus-dem-glo30
madappanahalli-lake-2-2,42,898.2,899.5,900.0,copernicus-dem-glo30
madavara-kere,204,855.0,855.0,856.9,copernicus-dem-glo30
madenahalli-lake,22,917.5,919.1,920.1,copernicus-dem-glo30
madhagar-kunte,2,881.5,881.8,882.0,copernicus-dem-glo30
madhure-kere,2663,870.6,873.2,875.7,copernicus-dem-glo30
madivala-lake,34,882.6,887.0,885.3,copernicus-dem-glo30
madivalam-lake,43,902.8,903.8,906.5,copernicus-dem-glo30
madiwala-lake,972,882.5,882.5,885.6,copernicus-dem-glo30
mahadeva-kodigehalli-lake,605,873.0,874.2,874.9,copernicus-dem-glo30
mahadevanakodag-lake,560,877.0,879.5,880.6,copernicus-dem-glo30
mahadevapura-kere,78,882.0,882.0,883.2,copernicus-dem-glo30
mahalchouadenahalli-kere-n,169,860.3,864.9,863.9,copernicus-dem-glo30
mahalchoudadenahalli-kere-e,61,851.4,857.9,858.4,copernicus-dem-glo30
mahanthalingapura-lake,21,905.3,905.9,908.4,copernicus-dem-glo30
mahimanapalya-lake,93,839.5,840.7,843.4,copernicus-dem-glo30
mahimpura-kere,8,880.6,881.0,881.7,copernicus-dem-glo30
mailapura-kere,69,862.0,863.3,865.2,copernicus-dem-glo30
mailasandra-kere,89,785.0,786.0,789.5,copernicus-dem-glo30
maitanahalli-kere,41,896.8,898.5,899.1,copernicus-dem-glo30
majarevaradahalli-kunte,3,856.4,859.6,860.9,copernicus-dem-glo30
makali-kere,16,838.6,841.0,841.2,copernicus-dem-glo30
makanahalli-kere,350,869.3,874.2,872.8,copernicus-dem-glo30
makanahalli-kere-s,126,876.4,877.6,879.0,copernicus-dem-glo30
malagondanahalli-kere,18,792.3,793.3,795.5,copernicus-dem-glo30
malgalu-kunte,9,890.6,892.7,892.6,copernicus-dem-glo30
malgalu-lake,3,864.7,866.9,867.5,copernicus-dem-glo30
maligenahalli-kere,50,910.5,910.5,911.5,copernicus-dem-glo30
maligondanahalli-kunte1,2,787.5,790.1,789.6,copernicus-dem-glo30
maligondanahalli-kunte2,1,795.2,795.2,795.2,copernicus-dem-glo30
mallammana-katte,6,788.7,789.9,791.7,copernicus-dem-glo30
mallanayakanahalli-lake,188,902.4,903.3,904.1,copernicus-dem-glo30
mallarabanavadi-kere,71,875.3,876.6,879.0,copernicus-dem-glo30
mallarabanavadi-kere-2,92,874.6,876.5,877.6,copernicus-dem-glo30
mallasandra-gudde-lake,17,890.8,892.8,894.7,copernicus-dem-glo30
mallasandra-kunte1,4,900.8,901.9,901.6,copernicus-dem-glo30
mallasandra-kunte1-2,4,852.1,852.6,852.7,copernicus-dem-glo30
mallasandra-kunte2,2,889.4,890.7,889.8,copernicus-dem-glo30
mallasandra-kunte2-2,2,864.3,864.6,864.9,copernicus-dem-glo30
mallasandra-kunte3,1,887.1,887.1,887.3,copernicus-dem-glo30
mallasandra-kunte4,2,902.2,904.5,902.9,copernicus-dem-glo30
mallasandra-lake,68,856.6,859.6,861.4,copernicus-dem-glo30
mallasandra-lake-2,14,897.4,899.2,899.6,copernicus-dem-glo30
mallathahalli-kunte1,2,868.7,870.6,870.4,copernicus-dem-glo30
mallathahalli-kunte2,1,852.0,852.0,852.3,copernicus-dem-glo30
mallathahalli-kunte3,7,847.7,848.8,849.6,copernicus-dem-glo30
mallathahalli-kunte4,1,850.6,850.6,850.3,copernicus-dem-glo30
mallathahalli-kunte5,3,867.6,869.0,869.4,copernicus-dem-glo30
mallathahalli-kunte6,2,844.8,846.5,846.8,copernicus-dem-glo30
mallathahalli-lake,229,835.9,838.0,840.7,copernicus-dem-glo30
mallenahalli-lake,72,896.0,897.3,898.0,copernicus-dem-glo30
mallikere,49,856.2,858.5,859.5,copernicus-dem-glo30
mallipalya-lake,26,763.6,765.6,767.2,copernicus-dem-glo30
mallohalli-kere,331,876.2,877.2,877.8,copernicus-dem-glo30
mallonalli-lake,11,893.4,895.2,895.6,copernicus-dem-glo30
malluru-kunte,3,892.5,893.6,895.1,copernicus-dem-glo30
managondanahalli-kere,65,923.0,924.5,925.6,copernicus-dem-glo30
manchanha-left,65,867.2,873.6,876.2,copernicus-dem-glo30
manchenahalli-kere,26,852.0,853.9,855.2,copernicus-dem-glo30
mande-katte-newly-created,2,839.0,839.9,839.0,copernicus-dem-glo30
manganahalli-lake,427,803.3,805.8,808.6,copernicus-dem-glo30
manne-kere,677,891.8,893.8,896.5,copernicus-dem-glo30
mantakurchi-kere,38,859.7,860.5,861.2,copernicus-dem-glo30
mantakurchi-low-kere,51,848.8,853.2,852.9,copernicus-dem-glo30
mantapa-kunte,3,908.1,908.2,909.0,copernicus-dem-glo30
maragondanahalli-govt-lake,18,793.9,796.2,797.7,copernicus-dem-glo30
maragondanahalli-kere,24,916.0,916.0,917.4,copernicus-dem-glo30
maragondanahalli-krishnasagara-lake,26,801.2,803.6,804.1,copernicus-dem-glo30
maragondanahalli-kunte,4,932.3,932.8,932.3,copernicus-dem-glo30
maragondanahalli-lak,23,799.9,801.3,803.1,copernicus-dem-glo30
maragondanahalli-quarry,6,911.1,913.2,913.0,copernicus-dem-glo30
maralajunte-lake,93,875.3,877.2,879.1,copernicus-dem-glo30
marappanahalli-lake,3,771.5,773.3,773.6,copernicus-dem-glo30
marasandhalli-lake-1,20,884.0,886.7,887.1,copernicus-dem-glo30
marasandhalli-lake-2,40,878.6,881.5,882.4,copernicus-dem-glo30
marasandra-lake,148,877.2,879.5,882.2,copernicus-dem-glo30
marasur-lake,45,889.8,891.2,894.2,copernicus-dem-glo30
marenahalli-chokkanahalli-kunte-new,1,902.0,902.0,902.0,copernicus-dem-glo30
marenahalli-kere,68,890.9,892.6,893.7,copernicus-dem-glo30
marenahalli-kere-2,93,902.5,907.7,909.5,copernicus-dem-glo30
marenahalli-kunte-1,2,902.4,902.8,902.5,copernicus-dem-glo30
marenahalli-kunte-2,1,900.8,900.8,900.1,copernicus-dem-glo30
marenahalli-kunte-3,1,895.9,895.9,895.9,copernicus-dem-glo30
margondanahalli-kere,14,909.0,910.9,912.3,copernicus-dem-glo30
marimakanaha-lake,53,792.4,794.5,795.6,copernicus-dem-glo30
marohalli-kere,136,857.9,862.4,864.2,copernicus-dem-glo30
mastenahalli-lake,66,895.0,895.0,896.3,copernicus-dem-glo30
matadakere,32,917.7,918.4,919.3,copernicus-dem-glo30
mathkuru-kere,266,872.3,873.8,874.7,copernicus-dem-glo30
mavalipura-kere-1,181,867.4,870.9,872.0,copernicus-dem-glo30
mavalipura-kere-2,40,875.7,876.7,877.2,copernicus-dem-glo30
mavalipura-kere-2-newly-created,9,893.1,894.7,894.1,copernicus-dem-glo30
mavalipura-kere-4,22,873.0,875.0,875.5,copernicus-dem-glo30
mavallipura-kere-se,7,893.1,894.4,894.4,copernicus-dem-glo30
mavallipura-kunte-2,4,895.4,898.2,897.5,copernicus-dem-glo30
mavallipura-kunte-3,1,874.3,874.3,874.3,copernicus-dem-glo30
mavinakunte-lake-2,88,901.7,902.7,903.9,copernicus-dem-glo30
mayasandra,42,879.5,883.6,882.3,copernicus-dem-glo30
mayasandra-east-lake,21,875.3,880.8,881.4,copernicus-dem-glo30
mayasandra-kere,15,936.0,937.0,937.3,copernicus-dem-glo30
medhalli-kere,98,871.9,876.0,874.7,copernicus-dem-glo30
medhalli-lake,62,880.9,882.9,884.2,copernicus-dem-glo30
medi-agrahara-kere,9,884.2,886.0,886.5,copernicus-dem-glo30
medi-agrahara-s,33,891.0,891.9,893.4,copernicus-dem-glo30
medihalli-kere,13,870.5,878.7,878.7,copernicus-dem-glo30
medihalli-kunte1,1,875.3,875.3,875.3,copernicus-dem-glo30
medihalli-kunte2,1,878.2,878.2,878.2,copernicus-dem-glo30
medihalli-kunte3,1,882.3,882.3,882.3,copernicus-dem-glo30
medihalli-kunte4,2,877.2,877.8,878.5,copernicus-dem-glo30
medihalli-lake,24,914.8,916.1,916.8,copernicus-dem-glo30
medimalasandra-kere,90,867.2,870.1,872.1,copernicus-dem-glo30
medimalsandra-lake,198,858.2,860.7,862.0,copernicus-dem-glo30
medimalsandra-lake-2,214,854.0,859.2,860.3,copernicus-dem-glo30
melangavimath-lake,51,917.9,919.5,920.0,copernicus-dem-glo30
melinakere,42,884.9,887.1,889.2,copernicus-dem-glo30
melinakere-2,24,911.2,912.6,913.9,copernicus-dem-glo30
melinatota-kere,771,888.2,891.6,893.9,copernicus-dem-glo30
menasi-lake,30,889.5,889.5,891.5,copernicus-dem-glo30
menasiganahalli-lake,18,944.7,945.8,945.9,copernicus-dem-glo30
mestripalya-lake,25,881.9,882.9,884.7,copernicus-dem-glo30
mettubande-lake,12,871.0,871.0,872.9,copernicus-dem-glo30
minnapura-kere,107,878.0,880.2,880.9,copernicus-dem-glo30
mishiganahalli-kere,97,929.0,929.8,930.1,copernicus-dem-glo30
moge-kere,42,846.8,849.9,851.5,copernicus-dem-glo30
moogana-katte,2,801.1,802.2,803.5,copernicus-dem-glo30
muddenahalli-lake,995,903.0,906.3,906.7,copernicus-dem-glo30
muddenahallipalya-lake,36,921.2,922.3,924.2,copernicus-dem-glo30
muddinapalya-lake,30,800.5,800.5,802.3,copernicus-dem-glo30
mudukappana-katte-newly-created,3,780.0,780.7,782.1,copernicus-dem-glo30
mugalur-kere-nw,175,851.5,855.1,856.9,copernicus-dem-glo30
muganahalli-kere,79,905.2,906.5,907.3,copernicus-dem-glo30
mugbal-kere,1106,870.3,881.8,889.1,copernicus-dem-glo30
mullur-lake,51,889.1,890.6,891.4,copernicus-dem-glo30
mulluru-kere,61,881.1,883.3,883.8,copernicus-dem-glo30
mummenahalli-lake,3,804.9,805.0,805.7,copernicus-dem-glo30
munekolalu-kunte1,1,887.4,887.4,884.3,copernicus-dem-glo30
munekolalu-kunte2,3,880.4,880.7,881.6,copernicus-dem-glo30
munekolalu-kunte3,4,881.1,883.3,882.7,copernicus-dem-glo30
munekolalu-kunte4,5,886.9,887.7,886.9,copernicus-dem-glo30
munganahalli-up-kere,22,920.4,922.1,923.2,copernicus-dem-glo30
muppatu-kavalu-hosa-kere,123,794.5,796.0,798.1,copernicus-dem-glo30
muppatu-kavalu-sakari,173,790.0,790.0,792.5,copernicus-dem-glo30
mutagadahalli-lake,17,923.3,924.6,925.2,copernicus-dem-glo30
muthakarahalli-kunte-2,5,884.8,885.3,885.6,copernicus-dem-glo30
muthakarahalli-kunte-3,2,890.9,891.6,891.2,copernicus-dem-glo30
muthukadhahalli-muthakarahalli-kunte-1,3,886.8,887.4,886.9,copernicus-dem-glo30
mutsandra-lake,83,851.8,855.3,857.0,copernicus-dem-glo30
mutsandra-lake-2,61,889.1,890.9,891.4,copernicus-dem-glo30
muttagatti-north-lake,140,904.6,906.4,907.3,copernicus-dem-glo30
muttagatti-south-lake,5,917.7,919.0,919.6,copernicus-dem-glo30
muttanallur-kere,1125,868.5,869.0,871.5,copernicus-dem-glo30
muttayyanapalya-lake,17,907.7,908.9,910.0,copernicus-dem-glo30
mutturayappan-a-katte,5,831.5,833.0,833.2,copernicus-dem-glo30
mutturu-kere,79,886.8,888.5,890.7,copernicus-dem-glo30
mylappanahalli-kere-1,9,889.2,890.1,890.4,copernicus-dem-glo30
mylappanahalli-kere-2,45,884.2,885.1,887.6,copernicus-dem-glo30
mylasandra-buddagana-katte,9,908.4,908.9,909.7,copernicus-dem-glo30
mylasandra-dodda-agrahara-kere,80,900.0,901.0,901.8,copernicus-dem-glo30
mylasandra-hosakere,12,917.4,917.7,918.1,copernicus-dem-glo30
mylasandra-kunte,3,794.0,795.6,796.2,copernicus-dem-glo30
mylasandra-kunte-2,4,908.9,913.1,913.1,copernicus-dem-glo30
mylasandra-urumundinakere,18,914.1,915.3,915.9,copernicus-dem-glo30
mysorammanadoddi-lake,44,816.0,816.0,817.6,copernicus-dem-glo30
n-hosahalli-lake,328,858.6,863.3,864.7,copernicus-dem-glo30
nadagudi-kere,87,893.6,895.1,895.7,copernicus-dem-glo30
naduvinapur-lake,233,870.1,873.1,873.3,copernicus-dem-glo30
nadvatti-kere-s,28,873.0,875.3,876.3,copernicus-dem-glo30
nadvatti-lake,94,867.8,868.7,869.2,copernicus-dem-glo30
nagadenahalli-kere,242,903.1,908.1,907.2,copernicus-dem-glo30
nagadevanahalli-katte,4,841.0,841.8,841.5,copernicus-dem-glo30
nagana-kere,25,839.6,840.7,842.8,copernicus-dem-glo30
naganahalli-lake,6,816.4,817.5,818.4,copernicus-dem-glo30
naganathapura-kunte1,8,915.2,915.9,915.9,copernicus-dem-glo30
naganayakanahalli-lake,61,891.8,896.0,896.8,copernicus-dem-glo30
naganhalli-lake,142,872.7,876.4,876.3,copernicus-dem-glo30
nagarabhavi-kunte-1,1,870.4,870.4,871.0,copernicus-dem-glo30
nagarabhavi-kunte-2,2,853.5,853.6,853.5,copernicus-dem-glo30
nagarabhavi-kunte-3,6,842.2,844.2,846.6,copernicus-dem-glo30
nagarabhavi-kunte-4,2,841.5,843.6,844.8,copernicus-dem-glo30
nagarabhavi-un-named-lake-on-map,15,842.1,842.9,844.4,copernicus-dem-glo30
nagareshvara-nagenahalli-kere,25,892.8,894.2,895.0,copernicus-dem-glo30
nagareswaranagenahalli,1,888.7,888.7,888.7,copernicus-dem-glo30
nagashettyhalli-kunte-1,2,906.4,908.2,910.0,copernicus-dem-glo30
nagashettyhalli-kunte-2,2,918.5,919.1,918.5,copernicus-dem-glo30
nagashettyhalli-kunte-3,2,911.7,911.9,911.9,copernicus-dem-glo30
nagawara-kunte,4,900.8,901.6,901.3,copernicus-dem-glo30
nagawara-lake,306,885.0,885.0,887.1,copernicus-dem-glo30
nagenahalli-kere,35,894.5,895.4,896.5,copernicus-dem-glo30
nagondanahalli-kunte,2,874.2,874.3,876.2,copernicus-dem-glo30
nallurahallikere,98,874.5,874.5,876.0,copernicus-dem-glo30
nallurahallin-kunte1,1,872.9,872.9,871.1,copernicus-dem-glo30
nallurahallin-kunte2,2,886.1,891.2,886.1,copernicus-dem-glo30
nallurhalli-lake,890,877.0,878.6,879.6,copernicus-dem-glo30
nandagokulanagar-kere,20,854.9,857.8,859.4,copernicus-dem-glo30
nandagudi-kere-s,52,900.8,902.5,903.7,copernicus-dem-glo30
nanjapura-kunte,7,897.9,900.1,899.2,copernicus-dem-glo30
nanjapura-lake,55,902.7,904.3,905.6,copernicus-dem-glo30
naraganahalli-lake,32,904.0,905.7,906.3,copernicus-dem-glo30
narasapana-kere,78,793.0,794.7,796.1,copernicus-dem-glo30
narasapanakere,61,803.2,808.5,808.0,copernicus-dem-glo30
narasappanahalli-kere,190,882.0,882.0,883.4,copernicus-dem-glo30
narasimhapalya-kere,18,904.6,907.6,908.8,copernicus-dem-glo30
narasipura-kunte-1,1,871.4,871.4,870.2,copernicus-dem-glo30
narasipura-kunte-2,2,866.6,867.0,866.6,copernicus-dem-glo30
narasipura-lake,10,915.7,916.3,917.8,copernicus-dem-glo30
narasipura-lake-1,44,905.7,906.5,907.8,copernicus-dem-glo30
narasipura-lake-2,20,909.9,911.9,913.8,copernicus-dem-glo30
narayanapura-lake,30,915.6,915.9,916.5,copernicus-dem-glo30
narayankere-lake,67,882.9,884.8,887.7,copernicus-dem-glo30
nayanahalli-lake,73,901.7,906.8,907.6,copernicus-dem-glo30
nayandanahalli-kere,71,809.3,810.7,813.0,copernicus-dem-glo30
neelasandra-kere,77,886.5,891.5,892.9,copernicus-dem-glo30
nekkundi-dommasandra-kunte-1,5,880.1,881.8,881.2,copernicus-dem-glo30
nekkundi-dommasandra-kunte-2,1,874.4,874.4,874.3,copernicus-dem-glo30
nekkundi-dommasandra-sarkari-karabu-kere,96,869.6,871.0,871.7,copernicus-dem-glo30
nelagadiranahalli-hosakere,67,895.5,895.5,898.5,copernicus-dem-glo30
nelagadiranahalli-kunte,1,906.0,906.0,906.0,copernicus-dem-glo30
nelagadiranahalli-lake,20,891.0,891.0,894.4,copernicus-dem-glo30
nelaguli-lake,25,717.4,718.9,720.3,copernicus-dem-glo30
nelamangala-big-kere,228,863.4,865.4,867.6,copernicus-dem-glo30
nelamangala-kere,48,866.6,871.9,876.2,copernicus-dem-glo30
nelavagilu-lake,324,856.9,859.1,859.6,copernicus-dem-glo30
nellakunte-kere,115,910.5,914.6,914.1,copernicus-dem-glo30
neriga-lake,191,871.9,875.3,877.2,copernicus-dem-glo30
nidigatte-kere,385,887.4,889.4,890.5,copernicus-dem-glo30
nidvanda-kere,441,902.5,904.8,905.8,copernicus-dem-glo30
nijagal-lake,49,883.5,886.9,887.6,copernicus-dem-glo30
nijagal-lake-2,14,884.4,885.1,886.1,copernicus-dem-glo30
nijagal-lake1,97,878.5,878.5,879.7,copernicus-dem-glo30
nimbekaipura-katte,9,879.7,880.5,880.6,copernicus-dem-glo30
nimbekaipura-kunte-1,4,885.5,887.7,887.5,copernicus-dem-glo30
nimbekaipura-kunte-2,1,876.1,876.1,876.1,copernicus-dem-glo30
nimbekaipura-kunte-3,3,888.8,888.9,888.8,copernicus-dem-glo30
nimbekayipura-kere,52,872.1,873.3,874.3,copernicus-dem-glo30
nosenuru-gollahalli-lake,69,875.5,878.4,881.1,copernicus-dem-glo30
nosenuru-gollahalli-lake-2,6,894.9,895.7,895.6,copernicus-dem-glo30
nosenuru-gollahalli2-lake,61,888.5,891.3,892.3,copernicus-dem-glo30
nosenuru-lake,125,901.4,902.9,904.6,copernicus-dem-glo30
nullvenkateshpuram-1-lake,76,904.3,905.3,906.9,copernicus-dem-glo30
nyanappanahalli-kere,13,898.2,899.1,900.1,copernicus-dem-glo30
nyanappanashetty-palya-kunte1,3,908.7,909.4,908.8,copernicus-dem-glo30
nyanappanashetty-palya-kunte2,1,905.8,905.8,905.8,copernicus-dem-glo30
nyanappanashetty-palya-kunte3,4,908.6,909.3,908.8,copernicus-dem-glo30
nyanappanashetty-palya-kunte4,4,905.1,905.3,905.5,copernicus-dem-glo30
nynappanashettypalya-kere-n-s-palya,17,899.9,903.5,903.8,copernicus-dem-glo30
o-b-chudahalli-kunte1,4,771.0,772.5,773.7,copernicus-dem-glo30
o-b-chudahalli-kunte2,9,743.2,745.5,745.3,copernicus-dem-glo30
o-b-chudanahalli-lake,424,786.5,786.5,788.0,copernicus-dem-glo30
obalapura-kere,74,894.8,897.0,896.9,copernicus-dem-glo30
obalapura-kere-2,17,898.4,899.9,900.3,copernicus-dem-glo30
obalapura-kere-3,18,902.2,904.2,904.6,copernicus-dem-glo30
obanayakanahalli-2r,27,885.3,887.8,889.6,copernicus-dem-glo30
oblapura-lake,314,860.3,864.9,867.1,copernicus-dem-glo30
ontekere,12,736.7,737.3,737.6,copernicus-dem-glo30
oora-mundina-kere,30,884.8,885.3,885.7,copernicus-dem-glo30
p-agrahara-kunte2,1,895.1,895.1,894.3,copernicus-dem-glo30
p-agrahara-kunte3,1,897.9,897.9,897.3,copernicus-dem-glo30
pachapalya-kere-e,4,804.1,804.4,804.5,copernicus-dem-glo30
pachcharanahalli-lake,54,778.5,779.4,781.2,copernicus-dem-glo30
pachepalya-kere,46,784.6,786.1,786.9,copernicus-dem-glo30
palana-kere,683,889.8,893.3,895.3,copernicus-dem-glo30
palanahalli,91,897.5,899.3,900.8,copernicus-dem-glo30
panattur-govt-kere,54,869.2,870.3,871.4,copernicus-dem-glo30
panditapur-lake,90,887.4,888.6,889.6,copernicus-dem-glo30
pantharapalya-kunte,9,813.2,814.4,815.5,copernicus-dem-glo30
panthuru-kunte1,1,867.6,867.6,867.7,copernicus-dem-glo30
panthuru-kunte2,1,873.0,873.0,873.0,copernicus-dem-glo30
panthuru-kunte3,2,873.2,873.8,874.1,copernicus-dem-glo30
panthuru-kunte4,3,885.7,889.0,886.8,copernicus-dem-glo30
panthuru-kunte5,1,890.2,890.2,890.6,copernicus-dem-glo30
panthuru-kunte6,2,879.1,881.1,882.5,copernicus-dem-glo30
panthuru-kunte7,4,886.8,887.8,887.5,copernicus-dem-glo30
pappayanna-kunte,5,915.2,917.2,917.3,copernicus-dem-glo30
parapana-agahara-lake,58,903.1,903.4,903.6,copernicus-dem-glo30
parappana-agrahara-kunte1,1,907.0,907.0,908.6,copernicus-dem-glo30
parappana-agrahara-kunte2,3,914.7,916.2,915.7,copernicus-dem-glo30
parappana-agrahara-kunte3,1,909.5,909.5,909.5,copernicus-dem-glo30
parappana-agrahara-kunte4,2,913.3,914.2,913.3,copernicus-dem-glo30
parappana-agrahara-kunte5,4,905.5,906.2,905.7,copernicus-dem-glo30
parappana-agrahara-kunte6,2,910.6,912.0,912.7,copernicus-dem-glo30
parmanahalli-kere,272,875.2,876.3,877.3,copernicus-dem-glo30
parvatana-katte,3,838.3,840.3,840.2,copernicus-dem-glo30
patnagere-gollahalli-lake,9,921.2,921.8,923.5,copernicus-dem-glo30
pattaduru-agrahara-kere-1,7,880.2,880.9,881.4,copernicus-dem-glo30
pattaduru-agrahara-kere-2,41,880.0,880.0,880.8,copernicus-dem-glo30
pattanagere-kunte,6,798.0,798.5,798.6,copernicus-dem-glo30
pattandur-agrahara-kunte1,2,881.5,881.9,881.5,copernicus-dem-glo30
pattandur-agrahara-kunte10,1,891.4,891.4,893.8,copernicus-dem-glo30
pattandur-agrahara-kunte12,1,891.4,891.4,891.4,copernicus-dem-glo30
pattandur-agrahara-kunte13,1,896.1,896.1,896.1,copernicus-dem-glo30
pattandur-agrahara-kunte4,1,891.0,891.0,890.8,copernicus-dem-glo30
pattandur-agrahara-kunte5,1,892.5,892.5,892.7,copernicus-dem-glo30
pattandur-agrahara-kunte6,4,890.2,891.4,891.7,copernicus-dem-glo30
pattandur-agrahara-kunte7,1,885.3,885.3,885.6,copernicus-dem-glo30
pattandur-agrahara-kunte8,1,884.7,884.7,884.7,copernicus-dem-glo30
pattandur-agrahara-kunte9,1,874.5,874.5,874.5,copernicus-dem-glo30
peddanapalya-lake,19,835.6,841.7,841.7,copernicus-dem-glo30
peenya-kunte1,2,929.4,929.5,929.4,copernicus-dem-glo30
peenya-kunte10,2,907.1,908.5,907.1,copernicus-dem-glo30
peenya-kunte11,1,920.3,920.3,920.3,copernicus-dem-glo30
peenya-kunte2,1,926.7,926.7,925.5,copernicus-dem-glo30
peenya-kunte3,1,924.3,924.3,924.2,copernicus-dem-glo30
peenya-kunte4,2,908.8,909.4,910.2,copernicus-dem-glo30
peenya-kunte5,4,905.6,906.4,906.4,copernicus-dem-glo30
peenya-kunte6,4,918.1,920.0,920.8,copernicus-dem-glo30
peenya-kunte7,3,913.8,913.9,914.1,copernicus-dem-glo30
peenya-kunte8,1,918.3,918.3,918.3,copernicus-dem-glo30
peenya-kunte9,1,906.6,906.6,906.6,copernicus-dem-glo30
peenya-plantation-kunte,1,923.4,923.4,921.6,copernicus-dem-glo30
peltanahalli-lake,307,860.3,867.7,869.8,copernicus-dem-glo30
pillaganahalli-kunte,2,923.4,923.9,924.4,copernicus-dem-glo30
pindkur,34,891.2,892.8,892.5,copernicus-dem-glo30
pindkur-timmanahalli-kere,689,892.4,895.4,896.8,copernicus-dem-glo30
prabhakarnagar-2r,7,896.1,897.2,897.8,copernicus-dem-glo30
purushanahalli-kere,169,895.8,897.5,898.1,copernicus-dem-glo30
puttayyanahalli-kere,77,850.3,851.6,852.8,copernicus-dem-glo30
puttenahalli-kere,305,878.2,879.6,881.0,copernicus-dem-glo30
puttenahalli-kunte-3,1,920.5,920.5,920.5,copernicus-dem-glo30
puttenahalli-kunte-5,3,915.6,916.5,917.0,copernicus-dem-glo30
puttenahalli-kunte1,2,916.3,918.6,919.2,copernicus-dem-glo30
puttenahalli-kunte2,2,915.9,916.7,916.6,copernicus-dem-glo30
puttenahalli-kunte4,4,917.1,918.4,918.4,copernicus-dem-glo30
puttenahalli-lake,127,898.0,899.5,901.3,copernicus-dem-glo30
puttenahalli-lake-2,35,904.3,905.5,907.2,copernicus-dem-glo30
rabbanahalli-kere,55,936.5,937.2,938.0,copernicus-dem-glo30
rabbanahalli-kere-2,15,929.9,931.0,931.2,copernicus-dem-glo30
rabbanahalli-kere-3,12,931.2,934.1,934.1,copernicus-dem-glo30
rabbanahalli-kere-4,9,943.1,949.3,947.9,copernicus-dem-glo30
rachamanahalli-lake,50,902.9,905.9,907.5,copernicus-dem-glo30
rachamanahalli-north-lake,75,895.2,898.6,902.5,copernicus-dem-glo30
rachenahalli-kunte1,2,908.6,910.6,909.3,copernicus-dem-glo30
rachenahalli-lake,431,883.0,883.0,885.8,copernicus-dem-glo30
raghunathpura-kere,30,912.7,916.2,915.7,copernicus-dem-glo30
raghuvanapalya-kunte,2,921.8,923.3,924.9,copernicus-dem-glo30
ragihalli,17,917.1,918.0,919.6,copernicus-dem-glo30
ragihalli-lake,112,819.5,819.5,821.4,copernicus-dem-glo30
rajaghatta-kere,571,901.7,904.4,905.8,copernicus-dem-glo30
rajamahal-kere,18,917.0,922.4,922.5,copernicus-dem-glo30
rajamahal-kunte1,1,920.1,920.1,921.1,copernicus-dem-glo30
rajamahal-kunte2,1,938.4,938.4,938.4,copernicus-dem-glo30
rajanakunte-1,1,917.7,917.7,917.7,copernicus-dem-glo30
rajanakunte-2,4,917.2,917.5,917.7,copernicus-dem-glo30
rajanakunte-3,4,915.2,915.5,915.3,copernicus-dem-glo30
rajanakunte-4,1,916.2,916.2,916.0,copernicus-dem-glo30
rajanakunte-5,1,915.0,915.0,915.0,copernicus-dem-glo30
rajanakunte-6,1,917.3,917.3,917.3,copernicus-dem-glo30
rajanakunte-7-new,4,920.1,921.2,922.4,copernicus-dem-glo30
rajanakunte-8,1,925.6,925.6,925.6,copernicus-dem-glo30
rajanakunte-9,4,922.5,922.6,922.5,copernicus-dem-glo30
rajapalya-hoodikere,99,879.5,879.5,880.6,copernicus-dem-glo30
ramachandrapura-katte,9,911.9,913.1,913.5,copernicus-dem-glo30
ramadevanahalli-lake,4,898.8,901.4,901.8,copernicus-dem-glo30
ramagondanahalli-kunte,8,872.2,873.1,872.8,copernicus-dem-glo30
ramagondanahalli-kunte-1,1,928.8,928.8,928.9,copernicus-dem-glo30
ramagondanahalli-kunte-2,4,906.5,907.1,907.1,copernicus-dem-glo30
ramagonddanahalli-kere,126,905.4,907.1,908.2,copernicus-dem-glo30
ramakrishnapura-lake,80,885.8,888.2,891.2,copernicus-dem-glo30
ramakrishnapura-lake-2,49,883.0,886.4,889.3,copernicus-dem-glo30
ramanathapura-kere-1,92,931.8,934.0,934.2,copernicus-dem-glo30
ramanathapura-kere-2,34,943.3,944.3,944.5,copernicus-dem-glo30
ramanayakanahalli-kunte-1,4,896.9,897.2,897.1,copernicus-dem-glo30
ramanayakanahalli-kunte-2,2,894.6,895.2,895.9,copernicus-dem-glo30
ramapura-kunte,3,873.6,875.4,874.0,copernicus-dem-glo30
ramasagara-lake,10,914.5,914.5,918.2,copernicus-dem-glo30
ramasandra-kere,614,800.9,809.5,810.4,copernicus-dem-glo30
ramasandra-kunte1,2,815.6,816.5,816.9,copernicus-dem-glo30
ramasandra-kunte2,2,809.2,810.3,811.1,copernicus-dem-glo30
ramasandra-lake-1,223,895.5,897.6,899.0,copernicus-dem-glo30
ramaswamypalya-lake,164,855.2,858.1,861.3,copernicus-dem-glo30
ramayyanapalya-kere,46,901.4,903.0,903.7,copernicus-dem-glo30
ramdevanahalli-kere,61,886.8,890.0,890.7,copernicus-dem-glo30
ramegowdanakere,11,931.2,932.3,933.2,copernicus-dem-glo30
ramohalli-kere,227,789.1,791.1,794.7,copernicus-dem-glo30
ramohalli-kunte-1,1,780.7,780.7,781.4,copernicus-dem-glo30
ramohalli-kunte-10,1,819.4,819.4,818.8,copernicus-dem-glo30
ramohalli-kunte-2,3,784.8,784.8,785.5,copernicus-dem-glo30
ramohalli-kunte-3,1,786.9,786.9,786.9,copernicus-dem-glo30
ramohalli-kunte-4,1,786.5,786.5,786.5,copernicus-dem-glo30
ramohalli-kunte-6,4,794.1,795.4,795.2,copernicus-dem-glo30
ramohalli-kunte-7,2,807.2,808.7,810.1,copernicus-dem-glo30
ramohalli-kunte-8,4,803.8,804.2,804.2,copernicus-dem-glo30
ramohalli-kunte-9,1,815.1,815.1,815.7,copernicus-dem-glo30
rampalya-kere,21,884.4,885.9,886.0,copernicus-dem-glo30
rampura-kere,680,872.0,872.7,873.0,copernicus-dem-glo30
rampura-kere-2,68,760.6,761.7,762.7,copernicus-dem-glo30
rampura-lake,8,887.5,888.0,889.1,copernicus-dem-glo30
rampura-lake-2,43,901.6,902.4,903.2,copernicus-dem-glo30
ranchanamadu-kunte,4,823.5,825.3,825.2,copernicus-dem-glo30
rayaradoddi-lake,332,747.5,750.8,753.0,copernicus-dem-glo30
rayarapalya-lake,15,901.9,904.0,903.6,copernicus-dem-glo30
rayarapalya-lake-1,27,907.8,908.8,910.1,copernicus-dem-glo30
rayasandra-kunte-1,6,903.7,904.8,904.9,copernicus-dem-glo30
rayasandra-kunte-2,3,901.9,902.6,903.5,copernicus-dem-glo30
rayasandra-kunte-3,1,904.8,904.8,904.8,copernicus-dem-glo30
rayasandra-kunte-4,2,917.9,918.3,918.6,copernicus-dem-glo30
rayasandra-lake-2,35,895.2,898.2,898.0,copernicus-dem-glo30
rocherenvu,59,885.8,891.5,890.5,copernicus-dem-glo30
s-golahalli-kere,34,784.7,785.6,787.5,copernicus-dem-glo30
sadahalli-kere,464,895.9,897.2,898.5,copernicus-dem-glo30
sadappanhalli-lake,94,873.7,875.9,876.9,copernicus-dem-glo30
sadenahalli-lake,120,897.2,898.8,900.0,copernicus-dem-glo30
sadenahalli-lake-2,38,903.4,904.7,905.5,copernicus-dem-glo30
sadenahalli-lake-3,35,910.8,912.1,912.9,copernicus-dem-glo30
sakalavara-govt-kharabu-lake,90,910.0,911.5,912.9,copernicus-dem-glo30
sakalavara-kunte,10,923.4,925.6,925.5,copernicus-dem-glo30
sakkare-gollahalli-lake,138,909.1,910.4,911.3,copernicus-dem-glo30
salindradoddi-lake,8,903.5,903.5,904.3,copernicus-dem-glo30
sametanahali-lake,155,861.8,862.6,862.7,copernicus-dem-glo30
sampangee-kunte,2,905.3,906.4,907.5,copernicus-dem-glo30
sampinge-kere,149,899.5,907.1,910.7,copernicus-dem-glo30
sandekuppe-kere,289,828.2,830.5,832.4,copernicus-dem-glo30
saneguruvanahalli-kunte1,2,891.0,891.1,891.0,copernicus-dem-glo30
saneguruvanahalli-kunte2,2,902.4,904.0,904.3,copernicus-dem-glo30
saneguruvanahalli-kunte3,2,912.7,912.7,912.6,copernicus-dem-glo30
saneguruvanahalli-lake-1,8,883.4,884.3,885.0,copernicus-dem-glo30
saneguruvanahalli-lake-1-2,56,894.7,897.0,899.1,copernicus-dem-glo30
saneguruvanahalli-lake-2,45,894.7,896.2,896.3,copernicus-dem-glo30
saneguruvanahalli-lake-2-2,28,882.0,885.0,887.1,copernicus-dem-glo30
sankey-tank,152,923.0,923.0,927.1,copernicus-dem-glo30
sarakki-kunte1,7,915.1,923.0,923.3,copernicus-dem-glo30
sarakki-kunte2,1,903.8,903.8,906.7,copernicus-dem-glo30
sarakki-kunte3,1,912.6,912.6,912.6,copernicus-dem-glo30
sarakki-lake,250,897.0,898.9,899.5,copernicus-dem-glo30
sarjapur-lake,328,870.8,873.2,874.6,copernicus-dem-glo30
sarka-kunte,4,929.8,930.2,930.9,copernicus-dem-glo30
sarkaari-katte,8,821.1,822.5,823.9,copernicus-dem-glo30
sasalu-lake,109,818.5,820.4,820.9,copernicus-dem-glo30
sasiveghatta-kunte-1,4,859.7,860.4,860.9,copernicus-dem-glo30
sasiveghatta-kunte-2,4,882.9,884.9,884.9,copernicus-dem-glo30
sathanoor-kunte-5,2,909.3,911.0,910.0,copernicus-dem-glo30
sathanoor-kunte-7,26,914.0,918.2,915.9,copernicus-dem-glo30
sathanur-kere,59,892.1,894.3,895.1,copernicus-dem-glo30
sathanuru-kunte-1,5,892.2,893.8,893.7,copernicus-dem-glo30
sathanuru-kunte-10,8,918.5,920.0,920.3,copernicus-dem-glo30
sathanuru-kunte-2,4,891.8,892.0,892.0,copernicus-dem-glo30
sathanuru-kunte-3,1,891.2,891.2,891.4,copernicus-dem-glo30
sathanuru-kunte-8,5,924.7,926.0,927.4,copernicus-dem-glo30
sathanuru-kunte-9,7,925.0,928.7,925.5,copernicus-dem-glo30
sattigenahalli-lake-1,99,872.7,873.9,874.3,copernicus-dem-glo30
sattigenahalli-lake-2,41,873.6,877.3,878.0,copernicus-dem-glo30
seegehalli-kere,24,837.2,838.4,840.8,copernicus-dem-glo30
seegehalli-kunte,4,834.7,835.3,835.7,copernicus-dem-glo30
seegihalli-katte-1,4,869.5,871.0,870.0,copernicus-dem-glo30
seegihalli-katte-2,9,869.9,870.6,870.7,copernicus-dem-glo30
seegihalli-kunte1,2,864.8,866.7,867.2,copernicus-dem-glo30
seegihalli-kunte2,1,860.5,860.5,860.5,copernicus-dem-glo30
settyhalli-kunte1,4,905.7,906.2,906.0,copernicus-dem-glo30
settyhalli-kunte2,3,893.6,894.2,894.2,copernicus-dem-glo30
shantegaudanapalya-lake,106,909.4,911.1,911.9,copernicus-dem-glo30
shanthi-nagar-kunte,2,879.4,879.8,879.4,copernicus-dem-glo30
shantinagar-kere,26,776.1,778.7,779.3,copernicus-dem-glo30
shantinagar-kere-2,10,793.2,794.4,795.0,copernicus-dem-glo30
shanuboganahalli-lake,47,854.0,854.0,856.0,copernicus-dem-glo30
shastripalya-kere,50,895.3,896.2,897.5,copernicus-dem-glo30
shegehalli-kere,93,868.3,869.2,870.1,copernicus-dem-glo30
sheshayyanakere,15,890.3,893.3,894.2,copernicus-dem-glo30
shiresandra-kere,143,870.5,871.8,872.8,copernicus-dem-glo30
shivakote-katte,4,889.4,890.4,891.2,copernicus-dem-glo30
shivakote-kunte-1,1,875.3,875.3,875.0,copernicus-dem-glo30
shivakote-kunte-2,2,874.7,875.2,875.2,copernicus-dem-glo30
shivakote-kunte-3,2,882.6,883.0,883.1,copernicus-dem-glo30
shivakote-kunte-4,1,870.7,870.7,870.7,copernicus-dem-glo30
shivanahalli-lake,40,896.0,896.8,898.4,copernicus-dem-glo30
shivanapura-kere,266,891.8,899.8,895.6,copernicus-dem-glo30
shravanur-lake,7,899.9,900.2,901.7,copernicus-dem-glo30
shravanur-lake-2,74,893.8,895.4,896.7,copernicus-dem-glo30
shyanapanahalli-kere,42,914.4,915.7,915.6,copernicus-dem-glo30
shyanapanahalli-kere-2,10,921.9,922.4,922.9,copernicus-dem-glo30
shyanapanahalli-kere-u,28,924.0,927.5,927.8,copernicus-dem-glo30
siddanhalli-lake-1,235,865.9,869.8,870.5,copernicus-dem-glo30
siddapur-kere,78,896.9,903.9,905.7,copernicus-dem-glo30
siddapura-kere,78,871.0,871.0,872.4,copernicus-dem-glo30
siddapura-kunte1,1,888.0,888.0,889.0,copernicus-dem-glo30
siddapura-kunte2,1,884.0,884.0,884.0,copernicus-dem-glo30
siddapura-kunte3,1,883.4,883.4,883.4,copernicus-dem-glo30
siddapura-kunte4,2,877.6,878.8,878.3,copernicus-dem-glo30
siddapura-kunte5,1,878.3,878.3,878.3,copernicus-dem-glo30
siddapura-kunte6,2,876.3,877.2,876.3,copernicus-dem-glo30
siddapura-kunte7,2,866.8,867.2,867.2,copernicus-dem-glo30
siddayyanpalya-lake,254,845.4,845.5,847.9,copernicus-dem-glo30
siddenayakanahalli-kere-l,36,903.3,906.1,906.1,copernicus-dem-glo30
siddenayakanahalli-kere-u,136,899.9,901.8,903.2,copernicus-dem-glo30
siddenhalli-lake,439,879.6,881.4,882.4,copernicus-dem-glo30
siddi-hosakote-west,22,911.7,913.7,915.2,copernicus-dem-glo30
sidedahalli-kunte,1,873.0,873.0,872.0,copernicus-dem-glo30
sidi-hoskote-lake-east,39,901.8,903.3,904.3,copernicus-dem-glo30
sigepalya-lake,18,937.5,938.5,939.9,copernicus-dem-glo30
sigepalya-lake-2,12,889.6,890.7,892.4,copernicus-dem-glo30
sikayanahalli-kere,54,909.1,910.2,910.7,copernicus-dem-glo30
singahalli-lake,144,870.7,872.1,872.5,copernicus-dem-glo30
singanayakanahalli-katte-2,9,932.5,934.5,934.5,copernicus-dem-glo30
singanayakanahalli-kunte-1,2,901.6,902.0,901.6,copernicus-dem-glo30
singanayakayahalli-katte-1,6,917.7,920.9,921.0,copernicus-dem-glo30
singanayakayahalli-kere,7,921.0,921.6,923.6,copernicus-dem-glo30
singapura-kunte,2,930.9,931.1,931.3,copernicus-dem-glo30
singapura-lake,97,888.3,889.4,890.3,copernicus-dem-glo30
singasadanapalli-kere-e,80,853.0,855.7,857.4,copernicus-dem-glo30
singasadanapalli-kere-s,69,847.0,848.4,849.0,copernicus-dem-glo30
singasandra,20,900.0,900.0,902.1,copernicus-dem-glo30
singasandra-kunte-1,6,899.3,900.1,899.6,copernicus-dem-glo30
singasandra-kunte2,1,916.2,916.2,918.3,copernicus-dem-glo30
singasandra-kunte3,1,923.7,923.7,923.7,copernicus-dem-glo30
singasandra-kunte4,1,925.9,925.9,925.5,copernicus-dem-glo30
singasandra-kunte5,4,905.0,907.2,906.1,copernicus-dem-glo30
singasandra-lake,10,927.5,929.8,931.1,copernicus-dem-glo30
singena-agrahara-govt-sanna-kere,402,876.2,881.0,881.6,copernicus-dem-glo30
singena-agrahara-kunte-1,7,877.4,879.2,879.2,copernicus-dem-glo30
singena-agrahara-kunte-2,1,878.2,878.2,878.2,copernicus-dem-glo30
singena-agrahara-kunte-3,1,889.8,889.8,889.8,copernicus-dem-glo30
singena-agrahara-kunte-4,12,891.7,893.1,893.1,copernicus-dem-glo30
singena-agrahara-kunte-5,4,882.0,885.4,885.3,copernicus-dem-glo30
singrayanapalya-lake,65,755.5,756.9,757.7,copernicus-dem-glo30
sinivagilu-govt-lake,218,873.6,882.3,883.6,copernicus-dem-glo30
sirigonahalli-lake,132,835.5,837.1,839.2,copernicus-dem-glo30
sitanayakanahalli-lake,304,898.4,905.8,905.9,copernicus-dem-glo30
sokkarasanapalli-kere-e,108,852.2,854.2,855.8,copernicus-dem-glo30
soladevanahalli-kunte,6,857.9,861.5,858.5,copernicus-dem-glo30
soldevanahalli-kere,38,850.1,856.4,856.9,copernicus-dem-glo30
soldevanahalli-kere-2,26,833.8,834.5,836.5,copernicus-dem-glo30
soldevanahalli-lower,15,833.2,835.2,835.8,copernicus-dem-glo30
soldevanahalli-scrub,15,830.8,831.8,833.8,copernicus-dem-glo30
solekere,26,899.5,900.5,902.5,copernicus-dem-glo30
solikunte-kere,42,894.0,896.4,898.1,copernicus-dem-glo30
sollepura-kere,79,873.7,874.8,876.8,copernicus-dem-glo30
solluru-kere,166,896.8,899.1,899.9,copernicus-dem-glo30
solur-kere,117,885.2,891.4,887.4,copernicus-dem-glo30
somanahalli-lake,97,716.7,718.6,720.3,copernicus-dem-glo30
somanathapura-lake,6,835.6,836.0,837.1,copernicus-dem-glo30
somapura-kere,49,793.0,793.0,794.6,copernicus-dem-glo30
somasagara-lake,70,874.3,875.5,876.2,copernicus-dem-glo30
somasagara-lake-2,24,891.8,892.9,893.9,copernicus-dem-glo30
somashettihalli-kunte,1,882.6,882.6,882.6,copernicus-dem-glo30
somasundrapalya-lake,24,899.0,899.0,899.0,copernicus-dem-glo30
sompura-govt-lake,75,805.0,805.0,806.9,copernicus-dem-glo30
sompura-kere-w,131,875.6,879.2,879.1,copernicus-dem-glo30
sompura-kunte-1,2,817.3,817.8,817.8,copernicus-dem-glo30
sompura-kunte-2,2,820.4,821.0,820.4,copernicus-dem-glo30
sondilvadi-kere,452,884.1,886.4,888.7,copernicus-dem-glo30
sonehalli-kere,144,922.3,924.2,924.6,copernicus-dem-glo30
sonnahallipura-lake,307,864.9,871.0,871.3,copernicus-dem-glo30
sonnanaikanahalli-lake,214,894.4,897.7,897.9,copernicus-dem-glo30
sonnathimmanahalli-kunte,1,891.9,891.9,891.1,copernicus-dem-glo30
sonnayakanapura-lake,37,906.1,908.2,909.5,copernicus-dem-glo30
sonnenahalli-kere,56,868.3,871.3,872.1,copernicus-dem-glo30
sonnenahalli-kere-2,230,913.3,915.2,916.2,copernicus-dem-glo30
sonnenahalli-kere-3,106,894.8,904.0,902.3,copernicus-dem-glo30
sonnenahalli-kunte1,4,885.9,887.1,888.7,copernicus-dem-glo30
sonnenahalli-kunte2,1,891.6,891.6,892.2,copernicus-dem-glo30
sonnenahalli-kunte3,1,890.3,890.3,890.3,copernicus-dem-glo30
sonnenahalli-lake,112,895.5,897.2,897.9,copernicus-dem-glo30
sonnenahalli-lake-2,611,776.5,777.9,781.6,copernicus-dem-glo30
sorahunase-kunte1,4,877.2,878.4,879.5,copernicus-dem-glo30
sorahunase-kunte2,4,883.2,883.7,883.6,copernicus-dem-glo30
sorahunase-kunte3,1,889.0,889.0,890.4,copernicus-dem-glo30
sorahunase-kunte4,1,887.5,887.5,886.4,copernicus-dem-glo30
southegaudanahalli-lake,55,879.3,880.6,881.8,copernicus-dem-glo30
sowl-kere,202,873.4,874.0,875.3,copernicus-dem-glo30
srigandha-kavalu-kunte1,7,877.1,878.9,880.4,copernicus-dem-glo30
srigandha-kavalu-kunte2,3,869.4,870.4,869.0,copernicus-dem-glo30
srigandha-kavalu-kunte3,2,854.2,854.8,855.1,copernicus-dem-glo30
srigandha-kavalu-kunte4,1,859.8,859.8,860.0,copernicus-dem-glo30
srigandha-kavalu-kunte5,5,870.9,874.1,872.6,copernicus-dem-glo30
srigandha-kavalu-kunte6,4,895.7,898.0,896.8,copernicus-dem-glo30
srigandha-kavalu-kunte7,7,894.7,900.9,900.6,copernicus-dem-glo30
srigandha-kavalu-kunte8,2,912.6,912.8,912.6,copernicus-dem-glo30
srigandhakavalu-karabu-katte,13,875.6,877.9,878.7,copernicus-dem-glo30
srinivasapura-kere,118,845.8,848.5,851.1,copernicus-dem-glo30
srinivasapura-kere-2,112,885.8,888.5,889.4,copernicus-dem-glo30
srinivasapura-kunte1,1,916.9,916.9,916.9,copernicus-dem-glo30
srinivasapura-kunte2,4,917.1,917.4,917.7,copernicus-dem-glo30
srinivasapura-kunte3,3,916.5,918.1,919.0,copernicus-dem-glo30
srinivasapura-kunte4,4,918.1,920.7,918.5,copernicus-dem-glo30
srinivasapura-lake,1,904.9,904.9,905.9,copernicus-dem-glo30
srinivasapura-lake-2,14,902.6,903.9,904.6,copernicus-dem-glo30
sriramanahalli-lake,27,888.4,889.9,891.8,copernicus-dem-glo30
sriramanahalli-lake-2,157,792.5,794.1,796.1,copernicus-dem-glo30
subarayanakere,13,920.4,922.4,924.3,copernicus-dem-glo30
subbedarana-kere,7,890.1,891.7,892.8,copernicus-dem-glo30
subbedarana-kere-2,39,908.0,909.5,910.9,copernicus-dem-glo30
subramanyanagar-lake,37,890.2,892.8,895.4,copernicus-dem-glo30
subramhanyapura-kere,39,845.8,846.5,846.8,copernicus-dem-glo30
suggata-kere,14,915.9,918.0,918.6,copernicus-dem-glo30
suggatta-lake,92,909.8,913.1,915.4,copernicus-dem-glo30
suggatta-lake-2,16,913.6,914.6,914.8,copernicus-dem-glo30
sukaligarahath-lake,73,763.4,765.1,766.4,copernicus-dem-glo30
sulakunte-kunte1,1,895.3,895.3,895.3,copernicus-dem-glo30
sulakunte-kunte2,1,901.7,901.7,901.5,copernicus-dem-glo30
sulakunte-kunte3,4,909.5,909.8,909.9,copernicus-dem-glo30
sulakunte-kunte4,2,909.2,909.4,909.4,copernicus-dem-glo30
sulakunte-kunte5,4,903.9,904.7,905.0,copernicus-dem-glo30
sulakunte-kunte6,4,887.7,889.7,891.3,copernicus-dem-glo30
sulakunte-kunte7,2,885.0,885.2,885.3,copernicus-dem-glo30
sulibelekere,721,874.1,883.2,879.2,copernicus-dem-glo30
sulikere-kunte-2,1,820.2,820.2,821.1,copernicus-dem-glo30
sulikere-lake,13,810.6,814.5,815.1,copernicus-dem-glo30
sulukunte-kere,26,881.0,882.1,883.2,copernicus-dem-glo30
suluvara-kere,22,798.0,800.3,801.9,copernicus-dem-glo30
sunkanahalli-kunte-1,4,932.5,935.7,935.7,copernicus-dem-glo30
sunkanahalli-kunte-2,3,921.7,922.5,922.5,copernicus-dem-glo30
sunnakall-kere,510,884.1,896.0,896.7,copernicus-dem-glo30
suradhenupur-lake,209,882.2,883.9,885.0,copernicus-dem-glo30
suradhenupur-lake-2,92,888.1,890.4,892.1,copernicus-dem-glo30
suragajakkanahalli-west-lake,18,911.8,913.7,915.0,copernicus-dem-glo30
suragajakkaratahalli-lake,41,901.1,903.1,905.1,copernicus-dem-glo30
swarna-kunte-gudde-lake,21,907.7,909.7,911.0,copernicus-dem-glo30
tadipalya-lake,19,915.4,916.6,917.5,copernicus-dem-glo30
tadsighatta-kere,193,902.9,903.9,904.9,copernicus-dem-glo30
tagachikuppe-kere,13,764.2,764.9,765.4,copernicus-dem-glo30
taggali-hosahalli-kere,36,908.0,909.1,910.3,copernicus-dem-glo30
talagavara-kere,828,882.9,888.0,888.3,copernicus-dem-glo30
talakuppe-lake,30,719.8,721.1,722.3,copernicus-dem-glo30
tambenahalli-lake,23,914.0,914.0,915.2,copernicus-dem-glo30
tammaganhalli-lake,20,838.3,839.6,840.8,copernicus-dem-glo30
tammrayasandra-kere,92,892.2,894.0,894.2,copernicus-dem-glo30
tankasalahosahalli-kere,59,915.6,918.5,920.1,copernicus-dem-glo30
tanniranhalli-lake,68,845.0,845.0,847.6,copernicus-dem-glo30
tapasihalli-kere,63,907.5,908.2,908.7,copernicus-dem-glo30
tapasipura-kere,58,937.0,937.1,939.1,copernicus-dem-glo30
tapasipura-kere-2,34,958.3,959.4,960.5,copernicus-dem-glo30
tarabahalli-lake,132,867.5,869.4,870.2,copernicus-dem-glo30
tarabanahalli-kunte,4,861.4,862.2,863.4,copernicus-dem-glo30
tarabanahalli-lake,115,904.2,907.0,909.1,copernicus-dem-glo30
tarabhalli-lake,41,883.2,886.8,888.3,copernicus-dem-glo30
tarahunase-lake,127,917.0,919.5,920.6,copernicus-dem-glo30
taralu-lake,34,733.5,734.0,736.2,copernicus-dem-glo30
tataguni-lake,25,821.0,821.0,821.0,copernicus-dem-glo30
tattaguppe-lake,336,744.1,749.3,751.9,copernicus-dem-glo30
tattanahalli-lake,22,887.8,888.7,889.7,copernicus-dem-glo30
tattanur-lake,160,858.0,861.0,862.4,copernicus-dem-glo30
tattekere,34,899.8,900.4,901.0,copernicus-dem-glo30
tavarekere-kere,678,888.7,891.7,893.2,copernicus-dem-glo30
tavarekere-kunte1,3,897.7,898.6,898.5,copernicus-dem-glo30
tavarekere-kunte2,1,899.7,899.7,900.1,copernicus-dem-glo30
tavarekere-kunte3,2,917.3,917.7,918.1,copernicus-dem-glo30
tavarekere-lake,49,889.5,892.0,894.1,copernicus-dem-glo30
tavarekere-lake-1,14,838.1,842.7,843.8,copernicus-dem-glo30
tavarekere-lake-2,97,843.0,845.0,848.0,copernicus-dem-glo30
tavatahalli-kere,73,892.3,894.5,895.9,copernicus-dem-glo30
tayappanahalli-kunte,2,927.0,927.3,927.3,copernicus-dem-glo30
telagarahalli-lake,63,909.7,914.5,917.3,copernicus-dem-glo30
telegarahalli-lake-2,5,921.8,922.7,923.1,copernicus-dem-glo30
tellohalli-lake,175,877.1,878.0,878.4,copernicus-dem-glo30
teniyur-kere,475,879.2,881.1,882.0,copernicus-dem-glo30
thagachikuppi-kunte-1,4,764.1,767.7,768.3,copernicus-dem-glo30
thagachikuppi-kunte-2,2,760.9,761.0,761.4,copernicus-dem-glo30
thagachikuppi-kunte-3,4,751.6,752.3,753.6,copernicus-dem-glo30
thalagattapura-kere,21,843.5,845.9,847.4,copernicus-dem-glo30
thalagattapura-lake,51,862.0,862.0,865.0,copernicus-dem-glo30
thammenahalli-kunte-1,3,871.5,871.9,872.6,copernicus-dem-glo30
thammenahalli-kunte-2,1,858.6,858.6,858.6,copernicus-dem-glo30
thannisandra-kunte1,6,916.5,917.0,917.1,copernicus-dem-glo30
thannisandra-kunte2,2,898.7,898.8,899.0,copernicus-dem-glo30
thigala-choudenahalli-kunte-1,1,884.0,884.0,884.0,copernicus-dem-glo30
thigala-choudenahalli-kunte-2,4,885.9,886.4,886.3,copernicus-dem-glo30
thigala-choudenahalli-kunte-3,1,891.3,891.3,891.3,copernicus-dem-glo30
thigala-choudenahalli-kunte-4,3,900.9,902.2,902.2,copernicus-dem-glo30
thimappanakere,12,788.9,789.7,791.4,copernicus-dem-glo30
thimmagowdana-kere,24,849.5,851.5,853.4,copernicus-dem-glo30
thimmasandra-govt-lake,13,884.7,885.7,886.4,copernicus-dem-glo30
thimmasandra-kunte,1,912.4,912.4,912.1,copernicus-dem-glo30
thindlu-katte,6,915.5,916.4,916.6,copernicus-dem-glo30
thindlu-kunte-1,2,921.1,921.4,921.6,copernicus-dem-glo30
thindlu-kunte-2,1,908.0,908.0,908.0,copernicus-dem-glo30
thindlu-kunte3,1,926.4,926.4,925.2,copernicus-dem-glo30
thindlu-plantation-katte,6,936.5,936.9,937.0,copernicus-dem-glo30
thippasandra-kere,15,880.1,884.5,883.9,copernicus-dem-glo30
thippasandra-kunte1,1,906.3,906.3,908.5,copernicus-dem-glo30
thippasandra-kunte2,2,902.1,902.7,901.7,copernicus-dem-glo30
thirumenahalli-lake,68,897.0,898.1,900.6,copernicus-dem-glo30
thotadaguddadahalli-kunte1,2,859.0,859.5,859.7,copernicus-dem-glo30
thotadaguddadahalli-kunte2,1,880.8,880.8,880.5,copernicus-dem-glo30
thubarahalli-kunte1,1,884.8,884.8,884.5,copernicus-dem-glo30
thubarahalli-kunte2,2,889.0,891.6,890.8,copernicus-dem-glo30
thubarahalli-kunte3,3,878.4,878.8,878.8,copernicus-dem-glo30
thupinkere,42,880.8,881.8,882.8,copernicus-dem-glo30
thurahalli-kunte,8,845.9,847.1,847.6,copernicus-dem-glo30
tigalara-chowddenahalli-govt-karabukere,29,886.4,887.1,888.7,copernicus-dem-glo30
timmaboyipalya-kere,273,846.6,849.1,850.7,copernicus-dem-glo30
timmanayayakanahalli-lake-1,9,917.8,918.4,918.8,copernicus-dem-glo30
timmasadra-kere,230,909.6,911.7,912.9,copernicus-dem-glo30
timmasandra-kere,21,876.5,877.7,878.3,copernicus-dem-glo30
timmasandra-kere-2,153,895.7,902.7,903.9,copernicus-dem-glo30
timmayyanadoddi-lake,12,918.3,918.9,919.3,copernicus-dem-glo30
tindlu-kere-e,133,860.6,863.5,865.2,copernicus-dem-glo30
tindlu-lake,89,903.0,903.8,905.5,copernicus-dem-glo30
tindlu-lake-2,13,913.5,914.5,914.5,copernicus-dem-glo30
tippagondanahalli-lower-kere,34,872.2,874.6,876.1,copernicus-dem-glo30
tippagondanahalli-up-kere,19,876.6,878.5,880.9,copernicus-dem-glo30
tippagondanhalli-low-kere,8,871.9,873.1,873.6,copernicus-dem-glo30
tippapura-kere,25,878.7,882.8,883.3,copernicus-dem-glo30
tippasandra-lake,29,872.8,873.4,875.9,copernicus-dem-glo30
tippenhalli-kere,267,909.1,911.7,912.2,copernicus-dem-glo30
tirumagondanahalli-lake,40,887.5,887.8,891.1,copernicus-dem-glo30
tirumagondanapalya-kere,76,889.5,891.6,893.2,copernicus-dem-glo30
tirumalapura-kere,36,853.8,855.5,856.9,copernicus-dem-glo30
tiruvaranga-lake,100,852.1,853.8,854.9,copernicus-dem-glo30
togarighatta-kere,67,914.4,916.3,917.2,copernicus-dem-glo30
toli-katte,77,845.3,846.9,849.5,copernicus-dem-glo30
tonachinakuppre-kere,37,858.8,860.0,861.6,copernicus-dem-glo30
torenagasandra-kunte1,1,872.7,872.7,872.7,copernicus-dem-glo30
torenagasandra-kunte2,2,872.6,873.3,873.3,copernicus-dem-glo30
torenagasandra-urkunte-newly-created,4,856.2,857.9,858.2,copernicus-dem-glo30
totagere-kere,25,883.0,884.2,885.7,copernicus-dem-glo30
totanahalli-lake,3,903.1,904.6,905.2,copernicus-dem-glo30
tubagere-kere,179,915.9,919.4,920.1,copernicus-dem-glo30
tubinkere,20,876.3,878.3,879.1,copernicus-dem-glo30
tubukunte-lake,7,926.0,926.9,927.4,copernicus-dem-glo30
tyamagondal-kere,83,892.8,895.3,896.8,copernicus-dem-glo30
tyavakanahalli-kere,36,871.6,875.1,877.8,copernicus-dem-glo30
udanahalli-kere,105,931.8,933.2,933.6,copernicus-dem-glo30
uddichikkanahalli-kere,48,899.6,900.5,901.1,copernicus-dem-glo30
ujjani-lake,88,795.0,797.7,800.4,copernicus-dem-glo30
ullalu-kunte1,2,833.0,834.0,834.0,copernicus-dem-glo30
ullalu-kunte2,1,816.0,816.0,816.0,copernicus-dem-glo30
ullalu-kunte3,2,819.0,819.2,819.1,copernicus-dem-glo30
ullalu-lake-1,3,844.4,845.2,845.7,copernicus-dem-glo30
ullalu-lake-2,97,830.8,832.9,837.2,copernicus-dem-glo30
ulsoor-kunte,1,892.9,892.9,892.9,copernicus-dem-glo30
ulsoor-lake,399,890.0,890.0,890.0,copernicus-dem-glo30
unnamed-lake,34,751.5,753.0,754.5,copernicus-dem-glo30
unnamed-tank-near-abdul-kalam-nagar,69,890.7,895.4,894.9,copernicus-dem-glo30
unnamed-tank-near-adarangi,91,868.7,876.4,879.1,copernicus-dem-glo30
unnamed-tank-near-adisanahatty,136,900.1,909.3,909.3,copernicus-dem-glo30
unnamed-tank-near-agasarahalli,202,851.6,853.9,853.9,copernicus-dem-glo30
unnamed-tank-near-ajjahalli,805,839.0,845.3,847.1,copernicus-dem-glo30
unnamed-tank-near-alambadi,90,859.5,863.5,863.5,copernicus-dem-glo30
unnamed-tank-near-alappanahalli,103,806.5,812.0,812.9,copernicus-dem-glo30
unnamed-tank-near-alur,115,845.9,848.0,848.6,copernicus-dem-glo30
unnamed-tank-near-ambiga,203,891.3,898.2,900.3,copernicus-dem-glo30
unnamed-tank-near-anagalapura,216,875.6,877.5,879.2,copernicus-dem-glo30
unnamed-tank-near-araledibba,103,865.7,868.6,870.2,copernicus-dem-glo30
unnamed-tank-near-arasanahalli,183,919.1,920.2,920.4,copernicus-dem-glo30
unnamed-tank-near-arishinakunte,380,864.7,871.9,874.4,copernicus-dem-glo30
unnamed-tank-near-avalakuppe,232,803.1,813.8,816.9,copernicus-dem-glo30
unnamed-tank-near-badamanavarthakaval-p2,87,787.8,809.0,805.2,copernicus-dem-glo30
unnamed-tank-near-bagalur,589,834.1,839.9,841.6,copernicus-dem-glo30
unnamed-tank-near-bagalur-2,144,845.0,855.4,853.1,copernicus-dem-glo30
unnamed-tank-near-bairagondlu,430,769.0,779.6,781.5,copernicus-dem-glo30
unnamed-tank-near-bairasandra,132,837.4,840.3,841.0,copernicus-dem-glo30
unnamed-tank-near-bairasandra-2,181,871.5,872.9,873.7,copernicus-dem-glo30
unnamed-tank-near-banasawadi,353,817.1,824.9,825.6,copernicus-dem-glo30
unnamed-tank-near-banavadi,117,884.8,886.1,886.6,copernicus-dem-glo30
unnamed-tank-near-banavadi-2,158,878.9,881.2,881.0,copernicus-dem-glo30
unnamed-tank-near-banavati,93,738.8,742.4,743.3,copernicus-dem-glo30
unnamed-tank-near-banavati-2,433,757.0,765.3,762.1,copernicus-dem-glo30
unnamed-tank-near-bandaiahana-palya,1182,884.5,894.4,892.8,copernicus-dem-glo30
unnamed-tank-near-baraguru,345,834.5,840.8,844.8,copernicus-dem-glo30
unnamed-tank-near-basavanahalli,106,885.5,892.2,892.2,copernicus-dem-glo30
unnamed-tank-near-begepalli,255,851.4,859.4,857.8,copernicus-dem-glo30
unnamed-tank-near-belagondapalli,633,911.0,912.9,916.4,copernicus-dem-glo30
unnamed-tank-near-benakina-madagu,87,888.2,897.4,895.5,copernicus-dem-glo30
unnamed-tank-near-benakina-madagu-2,182,838.1,844.4,848.1,copernicus-dem-glo30
unnamed-tank-near-bennagere,170,919.6,921.3,924.5,copernicus-dem-glo30
unnamed-tank-near-bhimapura,144,889.5,891.8,892.5,copernicus-dem-glo30
unnamed-tank-near-bhimasagara,112,820.9,827.6,828.4,copernicus-dem-glo30
unnamed-tank-near-bhusandra,348,828.5,834.3,837.1,copernicus-dem-glo30
unnamed-tank-near-bidanapalya,433,808.3,818.5,821.1,copernicus-dem-glo30
unnamed-tank-near-bidarahalli,149,871.6,873.6,874.5,copernicus-dem-glo30
unnamed-tank-near-bolamaranahalli,80,834.8,839.4,839.0,copernicus-dem-glo30
unnamed-tank-near-bommandapalli,140,878.4,880.4,880.4,copernicus-dem-glo30
unnamed-tank-near-brundavana-layout,303,820.2,826.5,827.9,copernicus-dem-glo30
unnamed-tank-near-buchanahalli,178,776.5,781.5,784.0,copernicus-dem-glo30
unnamed-tank-near-byadarahalli,87,858.6,863.3,866.3,copernicus-dem-glo30
unnamed-tank-near-byata,176,860.1,864.1,864.0,copernicus-dem-glo30
unnamed-tank-near-byata-2,401,864.7,871.9,875.3,copernicus-dem-glo30
unnamed-tank-near-channadevi-agrahara,164,894.9,904.4,902.3,copernicus-dem-glo30
unnamed-tank-near-channarayapatna,1162,868.7,870.2,870.7,copernicus-dem-glo30
unnamed-tank-near-channenahalli,263,835.6,841.0,842.3,copernicus-dem-glo30
unnamed-tank-near-chikka-koratagere,90,866.6,870.1,872.3,copernicus-dem-glo30
unnamed-tank-near-chikka-kukkanahalli,83,882.5,886.7,887.4,copernicus-dem-glo30
unnamed-tank-near-chikka-kukkanahalli-2,144,893.4,902.6,903.6,copernicus-dem-glo30
unnamed-tank-near-chikka-saggere,175,743.2,748.7,750.4,copernicus-dem-glo30
unnamed-tank-near-chikka-saggere-2,98,739.3,745.1,745.4,copernicus-dem-glo30
unnamed-tank-near-chikkahosahalli,118,755.6,759.8,760.0,copernicus-dem-glo30
unnamed-tank-near-chikkahosahalli-2,120,761.6,765.3,766.6,copernicus-dem-glo30
unnamed-tank-near-chikkamuddenahalli,291,870.7,884.6,883.4,copernicus-dem-glo30
unnamed-tank-near-chikkanahalli,98,904.7,908.4,908.2,copernicus-dem-glo30
unnamed-tank-near-chikkanahalli-2,2434,882.8,886.3,888.5,copernicus-dem-glo30
unnamed-tank-near-chikkondahalli,116,864.1,865.9,865.9,copernicus-dem-glo30
unnamed-tank-near-chilenahalli,283,883.9,898.3,900.6,copernicus-dem-glo30
unnamed-tank-near-chimachanahalli,345,868.7,870.9,871.7,copernicus-dem-glo30
unnamed-tank-near-chinnahalli,215,799.1,803.0,804.1,copernicus-dem-glo30
unnamed-tank-near-chokkandahalli,248,896.9,903.5,901.5,copernicus-dem-glo30
unnamed-tank-near-chunchanakuppe,82,775.5,780.7,781.4,copernicus-dem-glo30
unnamed-tank-near-dadagattamadagu,248,772.9,779.7,778.2,copernicus-dem-glo30
unnamed-tank-near-dalasagere,1349,851.2,857.6,857.4,copernicus-dem-glo30
unnamed-tank-near-dasanapura,352,853.6,864.3,868.1,copernicus-dem-glo30
unnamed-tank-near-devaganahalli,166,899.6,902.5,903.7,copernicus-dem-glo30
unnamed-tank-near-devanahalli,106,888.1,892.2,892.3,copernicus-dem-glo30
unnamed-tank-near-devashettihalli,118,874.2,876.6,876.6,copernicus-dem-glo30
unnamed-tank-near-dharmapura,232,880.1,883.4,883.9,copernicus-dem-glo30
unnamed-tank-near-dodda-hosahalli,110,871.4,872.6,873.8,copernicus-dem-glo30
unnamed-tank-near-dodda-saggere,106,754.4,761.3,758.9,copernicus-dem-glo30
unnamed-tank-near-doddabettahalli,46,906.3,909.9,910.7,copernicus-dem-glo30
unnamed-tank-near-doddahulluru,626,868.5,871.2,873.0,copernicus-dem-glo30
unnamed-tank-near-dombarahalli,228,842.6,848.7,849.4,copernicus-dem-glo30
unnamed-tank-near-dyapenahalli,109,938.4,942.3,940.3,copernicus-dem-glo30
unnamed-tank-near-dyavasandra,112,724.5,727.0,727.2,copernicus-dem-glo30
unnamed-tank-near-dyavasandra-2,864,720.4,729.3,730.6,copernicus-dem-glo30
unnamed-tank-near-eluvapalli,99,847.5,849.8,850.4,copernicus-dem-glo30
unnamed-tank-near-ennigere,277,879.7,887.6,889.2,copernicus-dem-glo30
unnamed-tank-near-gangodanahalli,545,848.0,856.4,858.6,copernicus-dem-glo30
unnamed-tank-near-garudagallu,222,783.9,788.8,791.2,copernicus-dem-glo30
unnamed-tank-near-garudagallu-2,383,779.0,788.3,792.6,copernicus-dem-glo30
unnamed-tank-near-gaudanakunte,99,766.9,770.9,771.2,copernicus-dem-glo30
unnamed-tank-near-giddenahalli,104,817.4,823.9,821.8,copernicus-dem-glo30
unnamed-tank-near-giduganahalli,113,892.2,906.2,907.3,copernicus-dem-glo30
unnamed-tank-near-giduganahalli-2,179,899.8,909.5,908.9,copernicus-dem-glo30
unnamed-tank-near-gollahalli,239,841.2,848.2,848.6,copernicus-dem-glo30
unnamed-tank-near-guddadahalli,359,866.2,873.9,876.1,copernicus-dem-glo30
unnamed-tank-near-gudemaranahalli,101,869.7,874.2,875.3,copernicus-dem-glo30
unnamed-tank-near-gummanahalli,170,827.6,842.5,841.5,copernicus-dem-glo30
unnamed-tank-near-gummanahalli-2,129,822.6,825.4,827.2,copernicus-dem-glo30
unnamed-tank-near-gundammanapalya,102,815.2,818.8,821.5,copernicus-dem-glo30
unnamed-tank-near-gundlahalli,115,877.4,889.0,890.5,copernicus-dem-glo30
unnamed-tank-near-hakkinalu,202,864.2,871.8,876.2,copernicus-dem-glo30
unnamed-tank-near-harti,163,877.4,881.1,885.2,copernicus-dem-glo30
unnamed-tank-near-hebbagodi,361,921.2,931.0,928.9,copernicus-dem-glo30
unnamed-tank-near-heggadadevanapura,1130,838.4,844.3,848.0,copernicus-dem-glo30
unnamed-tank-near-hemapura,93,873.0,877.1,876.6,copernicus-dem-glo30
unnamed-tank-near-hodekallu,208,864.3,870.3,873.3,copernicus-dem-glo30
unnamed-tank-near-honnarayanahalli,118,862.2,868.9,867.6,copernicus-dem-glo30
unnamed-tank-near-honnenahalli,141,919.4,925.9,926.8,copernicus-dem-glo30
unnamed-tank-near-hosakote,90,734.5,737.0,737.6,copernicus-dem-glo30
unnamed-tank-near-hosakote-2,114,741.1,744.8,745.0,copernicus-dem-glo30
unnamed-tank-near-hullegaudanahalli,585,850.2,857.4,859.3,copernicus-dem-glo30
unnamed-tank-near-huskur-kodi,313,859.0,860.0,860.4,copernicus-dem-glo30
unnamed-tank-near-huskuru,159,906.2,912.6,913.0,copernicus-dem-glo30
unnamed-tank-near-huskuru-2,116,914.0,920.0,921.5,copernicus-dem-glo30
unnamed-tank-near-huvinayakanahalli,267,904.0,909.2,908.6,copernicus-dem-glo30
unnamed-tank-near-isturu-hosahalli,141,891.0,892.6,892.7,copernicus-dem-glo30
unnamed-tank-near-jigani,171,908.5,916.0,916.6,copernicus-dem-glo30
unnamed-tank-near-kadaranahalli,173,843.4,849.0,849.7,copernicus-dem-glo30
unnamed-tank-near-kadatippuru,100,843.5,848.9,850.0,copernicus-dem-glo30
unnamed-tank-near-kadirenahalli,222,738.9,749.7,752.7,copernicus-dem-glo30
unnamed-tank-near-kadugujjanahalli,147,906.3,914.1,913.2,copernicus-dem-glo30
unnamed-tank-near-kadugujjanahalli-2,213,926.2,937.7,939.8,copernicus-dem-glo30
unnamed-tank-near-kadukunte,556,771.3,777.7,778.2,copernicus-dem-glo30
unnamed-tank-near-kaggadasapura,178,892.0,898.8,899.6,copernicus-dem-glo30
unnamed-tank-near-kalanayakanahalli,96,891.2,904.1,901.0,copernicus-dem-glo30
unnamed-tank-near-kalkere,350,854.1,857.3,859.8,copernicus-dem-glo30
unnamed-tank-near-kalludevanahalli,2140,901.1,910.7,914.2,copernicus-dem-glo30
unnamed-tank-near-kallukunte,330,742.6,747.4,747.0,copernicus-dem-glo30
unnamed-tank-near-kamalapura,114,874.1,883.5,883.5,copernicus-dem-glo30
unnamed-tank-near-kamaluru,131,921.9,927.2,928.0,copernicus-dem-glo30
unnamed-tank-near-kamaluru-palya,227,911.6,914.5,915.0,copernicus-dem-glo30
unnamed-tank-near-kammasandra,122,831.1,834.9,835.0,copernicus-dem-glo30
unnamed-tank-near-kanakenahalli,127,811.1,819.7,818.3,copernicus-dem-glo30
unnamed-tank-near-kanakenahalli-2,106,883.3,888.3,888.8,copernicus-dem-glo30
unnamed-tank-near-kanegaudanahalli,302,879.9,885.6,887.7,copernicus-dem-glo30
unnamed-tank-near-kannaikana-agrahara,291,858.0,872.5,868.7,copernicus-dem-glo30
unnamed-tank-near-karimanne,210,904.5,906.8,908.9,copernicus-dem-glo30
unnamed-tank-near-karlapura,219,894.5,902.5,905.5,copernicus-dem-glo30
unnamed-tank-near-kasaraghatta,106,909.2,912.1,914.1,copernicus-dem-glo30
unnamed-tank-near-katenahalli,740,804.8,814.3,816.5,copernicus-dem-glo30
unnamed-tank-near-kattugollahalli,276,879.1,883.6,886.1,copernicus-dem-glo30
unnamed-tank-near-kempalinganahalli,164,866.2,871.3,871.9,copernicus-dem-glo30
unnamed-tank-near-kempohalli,241,844.2,847.9,849.0,copernicus-dem-glo30
unnamed-tank-near-kenchanakuppe,86,738.2,746.2,746.1,copernicus-dem-glo30
unnamed-tank-near-ketaganahalli,125,725.7,732.9,730.6,copernicus-dem-glo30
unnamed-tank-near-kodappanahalli,1108,867.1,878.2,880.9,copernicus-dem-glo30
unnamed-tank-near-kodihalli,381,866.1,868.0,868.7,copernicus-dem-glo30
unnamed-tank-near-kodihalli-2,306,863.6,865.8,866.9,copernicus-dem-glo30
unnamed-tank-near-kodihalli-3,216,688.8,698.0,699.7,copernicus-dem-glo30
unnamed-tank-near-kolala,157,810.0,818.7,819.8,copernicus-dem-glo30
unnamed-tank-near-kolala-2,209,825.9,836.0,836.8,copernicus-dem-glo30
unnamed-tank-near-konenahalli,123,872.4,883.7,886.0,copernicus-dem-glo30
unnamed-tank-near-korlahalli,101,843.8,850.8,852.0,copernicus-dem-glo30
unnamed-tank-near-kottaganahalli,204,865.7,873.2,873.0,copernicus-dem-glo30
unnamed-tank-near-kugonahalli,95,901.0,903.5,903.2,copernicus-dem-glo30
unnamed-tank-near-kugonahalli-2,330,905.2,910.5,910.3,copernicus-dem-glo30
unnamed-tank-near-kuluvanahally,240,881.9,892.4,892.2,copernicus-dem-glo30
unnamed-tank-near-kuruvelu,368,889.0,901.5,900.5,copernicus-dem-glo30
unnamed-tank-near-lakkenahalli,192,872.7,874.8,875.5,copernicus-dem-glo30
unnamed-tank-near-lingadaviranahalli,161,796.2,803.0,805.7,copernicus-dem-glo30
unnamed-tank-near-lingapura,291,751.3,759.1,761.3,copernicus-dem-glo30
unnamed-tank-near-lingapura-2,256,886.7,897.8,899.3,copernicus-dem-glo30
unnamed-tank-near-machonayakanahalli,109,894.1,900.1,899.2,copernicus-dem-glo30
unnamed-tank-near-madanayakanahalli,81,851.9,855.0,857.2,copernicus-dem-glo30
unnamed-tank-near-madhya-venkatapura,266,746.3,755.5,754.1,copernicus-dem-glo30
unnamed-tank-near-madhya-venkatapura-2,265,748.6,751.8,752.2,copernicus-dem-glo30
unnamed-tank-near-madigondanahalli,143,854.5,859.7,862.1,copernicus-dem-glo30
unnamed-tank-near-mahadevapura,117,847.7,852.1,853.5,copernicus-dem-glo30
unnamed-tank-near-makenahalli,88,892.1,900.8,902.2,copernicus-dem-glo30
unnamed-tank-near-mallasandra,117,815.4,819.4,820.7,copernicus-dem-glo30
unnamed-tank-near-mallegaudanahalli,240,838.8,849.3,844.9,copernicus-dem-glo30
unnamed-tank-near-malluru,108,852.8,857.8,858.7,copernicus-dem-glo30
unnamed-tank-near-malluru-2,332,879.8,882.4,883.6,copernicus-dem-glo30
unnamed-tank-near-manchenahalli,173,841.4,845.1,847.3,copernicus-dem-glo30
unnamed-tank-near-mandibyadarahalli,244,898.3,905.3,904.4,copernicus-dem-glo30
unnamed-tank-near-mandigere,93,868.3,874.5,872.9,copernicus-dem-glo30
unnamed-tank-near-mannerampura,296,901.3,911.5,912.8,copernicus-dem-glo30
unnamed-tank-near-mannerampura-2,101,899.9,904.6,905.0,copernicus-dem-glo30
unnamed-tank-near-mantanakurchi,407,841.6,848.0,850.5,copernicus-dem-glo30
unnamed-tank-near-maragondanahalli,12,889.9,892.3,891.8,copernicus-dem-glo30
unnamed-tank-near-minakunte-hosuru,87,894.3,895.2,895.7,copernicus-dem-glo30
unnamed-tank-near-minasandra,346,878.6,882.9,886.2,copernicus-dem-glo30
unnamed-tank-near-mitrahalli,113,865.2,871.6,870.5,copernicus-dem-glo30
unnamed-tank-near-muddalinganahalli,241,889.2,890.1,890.5,copernicus-dem-glo30
unnamed-tank-near-muppenahalli,837,891.7,900.2,903.2,copernicus-dem-glo30
unnamed-tank-near-muthkuru,60,865.2,866.7,867.2,copernicus-dem-glo30
unnamed-tank-near-naganahalli,11077,769.0,797.4,807.1,copernicus-dem-glo30
unnamed-tank-near-nakkalahall,246,890.1,892.1,891.9,copernicus-dem-glo30
unnamed-tank-near-nallappanahalli,1171,867.2,869.0,869.6,copernicus-dem-glo30
unnamed-tank-near-nallenahalli,344,884.6,887.6,888.4,copernicus-dem-glo30
unnamed-tank-near-nallenahalli-2,724,879.1,883.2,884.5,copernicus-dem-glo30
unnamed-tank-near-nandihalli,249,866.6,873.6,876.0,copernicus-dem-glo30
unnamed-tank-near-nandihalli-2,270,858.5,860.6,862.1,copernicus-dem-glo30
unnamed-tank-near-narasapura,98,855.2,860.6,863.0,copernicus-dem-glo30
unnamed-tank-near-narasapura-2,93,872.6,878.4,879.8,copernicus-dem-glo30
unnamed-tank-near-narasapura-3,119,837.8,842.5,844.1,copernicus-dem-glo30
unnamed-tank-near-neralaghatta,895,886.2,890.0,891.8,copernicus-dem-glo30
unnamed-tank-near-obanaykanapalya,632,772.6,782.4,781.3,copernicus-dem-glo30
unnamed-tank-near-ojenahalli,714,754.9,760.3,758.7,copernicus-dem-glo30
unnamed-tank-near-pataganahalli,111,803.5,809.4,809.3,copernicus-dem-glo30
unnamed-tank-near-pattadevarapalya,677,772.8,780.8,781.6,copernicus-dem-glo30
unnamed-tank-near-pemmanahalli,690,842.9,853.1,854.6,copernicus-dem-glo30
unnamed-tank-near-poonapalli,142,897.0,899.4,900.1,copernicus-dem-glo30
unnamed-tank-near-poonapalli-2,114,900.8,902.9,903.0,copernicus-dem-glo30
unnamed-tank-near-pura,426,880.4,882.3,882.4,copernicus-dem-glo30
unnamed-tank-near-purushanahalli,188,900.5,905.4,905.6,copernicus-dem-glo30
unnamed-tank-near-puttasandra,193,787.4,791.4,791.9,copernicus-dem-glo30
unnamed-tank-near-puttayyana-agrahara,84,887.4,894.2,893.2,copernicus-dem-glo30
unnamed-tank-near-ramadevanahalli,257,874.2,878.2,879.6,copernicus-dem-glo30
unnamed-tank-near-rampura,340,904.5,910.9,911.3,copernicus-dem-glo30
unnamed-tank-near-ravutanahalli,178,836.1,843.2,840.5,copernicus-dem-glo30
unnamed-tank-near-ravutanahalli-2,230,826.8,830.5,830.8,copernicus-dem-glo30
unnamed-tank-near-sampangere,93,861.4,868.1,866.9,copernicus-dem-glo30
unnamed-tank-near-sasalu,418,807.8,821.9,826.7,copernicus-dem-glo30
unnamed-tank-near-shashimakanahalli,624,891.1,893.6,894.8,copernicus-dem-glo30
unnamed-tank-near-shrigiripura,115,850.3,855.0,856.1,copernicus-dem-glo30
unnamed-tank-near-shrinivasapura,933,832.2,842.0,844.1,copernicus-dem-glo30
unnamed-tank-near-shyakaladevanapura,120,881.1,884.1,884.5,copernicus-dem-glo30
unnamed-tank-near-siddanahalli,115,876.9,878.7,879.0,copernicus-dem-glo30
unnamed-tank-near-siddanapura,622,835.9,844.8,844.2,copernicus-dem-glo30
unnamed-tank-near-sitanayakanahalli,330,884.2,893.2,894.8,copernicus-dem-glo30
unnamed-tank-near-soladevanahalli,244,781.6,795.3,800.9,copernicus-dem-glo30
unnamed-tank-near-soluru,784,885.2,895.2,897.5,copernicus-dem-glo30
unnamed-tank-near-soluru-2,284,936.5,955.6,958.9,copernicus-dem-glo30
unnamed-tank-near-somasagara,326,859.9,879.2,878.6,copernicus-dem-glo30
unnamed-tank-near-somasagara-2,170,865.6,877.8,874.2,copernicus-dem-glo30
unnamed-tank-near-sonnenahalli,385,897.5,902.9,901.5,copernicus-dem-glo30
unnamed-tank-near-subramanya-ghati,137,827.6,836.7,844.6,copernicus-dem-glo30
unnamed-tank-near-suddahalli,119,930.6,933.7,934.1,copernicus-dem-glo30
unnamed-tank-near-sunkadahalli,82,796.9,807.0,807.9,copernicus-dem-glo30
unnamed-tank-near-sunkadahalli-2,193,785.1,792.4,793.7,copernicus-dem-glo30
unnamed-tank-near-suttahalli,129,847.1,870.6,870.5,copernicus-dem-glo30
unnamed-tank-near-talakuppe,624,709.6,720.0,720.9,copernicus-dem-glo30
unnamed-tank-near-talakuppe-2,82,706.3,712.8,710.2,copernicus-dem-glo30
unnamed-tank-near-tattekere,136,900.9,904.6,904.4,copernicus-dem-glo30
unnamed-tank-near-tattekere-2,126,907.6,914.4,914.9,copernicus-dem-glo30
unnamed-tank-near-tattekere-3,532,895.5,902.9,906.3,copernicus-dem-glo30
unnamed-tank-near-teppada-beguru,83,856.3,859.4,859.9,copernicus-dem-glo30
unnamed-tank-near-thotadhaguddadhahalli,129,860.3,866.9,867.3,copernicus-dem-glo30
unnamed-tank-near-timmanayakanahalli,234,839.0,858.1,855.4,copernicus-dem-glo30
unnamed-tank-near-timmasandra,93,858.3,862.2,862.3,copernicus-dem-glo30
unnamed-tank-near-udukunte,239,922.2,930.3,933.2,copernicus-dem-glo30
unnamed-tank-near-uganavadi,244,894.7,901.1,901.1,copernicus-dem-glo30
unnamed-tank-near-uliveeranapalli,217,919.1,923.2,926.1,copernicus-dem-glo30
unnamed-tank-near-upasapura,230,786.6,791.6,793.9,copernicus-dem-glo30
unnamed-tank-near-urati-agrahara,207,859.9,863.3,864.3,copernicus-dem-glo30
unnamed-tank-near-urdigere,102,843.3,847.7,847.6,copernicus-dem-glo30
unnamed-tank-near-vaddarahalli,195,806.8,812.6,816.3,copernicus-dem-glo30
unnamed-tank-near-vanigarahalli,414,905.1,906.5,908.1,copernicus-dem-glo30
unnamed-tank-near-vengalammanahalli,98,779.1,786.5,786.7,copernicus-dem-glo30
unnamed-tank-near-vidyaranyanagara,392,858.5,866.4,868.3,copernicus-dem-glo30
unnamed-tank-near-viniyaka-layout,194,848.9,852.0,852.4,copernicus-dem-glo30
unnamed-tank-near-virasagara,414,857.8,865.0,867.7,copernicus-dem-glo30
unnamed-tank-near-vobichudahalli-obichudanahalli,390,748.2,766.2,775.2,copernicus-dem-glo30
unnamed-tank-near-yaluvahalli,156,910.9,914.1,914.1,copernicus-dem-glo30
unnamed-tank-near-yaramanchanahalli,163,864.8,866.5,866.8,copernicus-dem-glo30
unnamed-tank-near-yekashipura,1279,874.4,878.1,880.6,copernicus-dem-glo30
unnamed-tank-near-yennur,579,883.0,886.6,886.9,copernicus-dem-glo30
ura-kunte,2,895.9,897.0,898.2,copernicus-dem-glo30
uramundinakere,117,899.3,899.5,900.3,copernicus-dem-glo30
uramundinakere-2,30,907.1,910.1,911.4,copernicus-dem-glo30
uramundinakere-3,149,907.1,908.6,910.3,copernicus-dem-glo30
uttarahalli-kunte,1,849.8,849.8,850.0,copernicus-dem-glo30
uttarahalli-manavarthe-kaval-kunte4,4,825.3,826.0,826.0,copernicus-dem-glo30
uttarahalli-manavarthe-kaval-kunte5,9,828.1,830.1,830.8,copernicus-dem-glo30
uttarahalli-manavarthekaval-kunte1,2,894.0,895.1,896.2,copernicus-dem-glo30
uttarahalli-manavarthekaval-kunte2,6,842.6,846.5,844.5,copernicus-dem-glo30
uttarahalli-manavarthekaval-kunte3,2,863.2,863.2,863.2,copernicus-dem-glo30
uttarsipalya-kere,50,875.2,878.1,879.9,copernicus-dem-glo30
vabasandra-kunte1,6,916.9,919.8,920.2,copernicus-dem-glo30
vabasandra-kunte2,4,908.3,909.7,909.7,copernicus-dem-glo30
vabasandra-kunte3,2,907.7,908.0,908.3,copernicus-dem-glo30
vabasandra-kunte4,3,912.1,912.2,912.9,copernicus-dem-glo30
vabasandra-lake,21,886.6,887.8,888.3,copernicus-dem-glo30
vadagehalli-kere,107,882.0,883.4,883.8,copernicus-dem-glo30
vadakunte-4r,45,909.2,912.7,912.9,copernicus-dem-glo30
vadakunte-low-4r,107,900.2,903.8,905.6,copernicus-dem-glo30
vadarahalli-kunte,2,849.9,850.0,850.1,copernicus-dem-glo30
vaddahalli-lake,153,874.6,876.1,876.3,copernicus-dem-glo30
vaddarapalya-kere,96,885.8,890.1,891.3,copernicus-dem-glo30
vaddarapalya-lake,39,862.8,865.9,866.9,copernicus-dem-glo30
vaddarapalya-lake-2,72,894.9,896.3,896.7,copernicus-dem-glo30
vaddarapalya-lake-3,114,875.4,887.8,890.2,copernicus-dem-glo30
vaddarapalya-lake-4,18,850.8,859.4,857.8,copernicus-dem-glo30
vaderahalli-govt-lake,19,928.3,929.5,929.9,copernicus-dem-glo30
vaderahalli-kere,18,903.0,904.3,905.8,copernicus-dem-glo30
vaderahalli-lake,5,705.4,706.5,707.2,copernicus-dem-glo30
vaderahalli-lake-2,8,811.2,812.0,813.9,copernicus-dem-glo30
vagata-kere,391,875.8,877.6,878.2,copernicus-dem-glo30
vajarahalli-govt-katte,7,866.8,868.8,869.9,copernicus-dem-glo30
vajarahalli-kere,169,881.5,882.3,883.2,copernicus-dem-glo30
vajarahalli-kunte1,4,888.0,890.2,889.8,copernicus-dem-glo30
vajarahalli-kunte2,5,866.3,867.1,868.9,copernicus-dem-glo30
valagerahalli-kunte1,1,788.9,788.9,788.9,copernicus-dem-glo30
valagerehalli-kere,43,805.5,805.5,807.3,copernicus-dem-glo30
valagerekalahalli-kere,222,865.8,868.1,868.7,copernicus-dem-glo30
valagerekalahalli-kere-nw,92,885.0,885.9,887.2,copernicus-dem-glo30
valyalikaval-kunte,4,925.3,926.9,926.6,copernicus-dem-glo30
vanakanahalli-lake,7,947.1,948.7,949.1,copernicus-dem-glo30
vanigarahalli-lake,94,912.8,913.7,914.4,copernicus-dem-glo30
vannasandra-e,3,858.4,858.7,860.3,copernicus-dem-glo30
vannasandra-s,21,843.9,845.4,846.9,copernicus-dem-glo30
vannasandra-s-2,10,851.7,853.4,855.3,copernicus-dem-glo30
vannasandra-w,4,848.6,849.5,849.5,copernicus-dem-glo30
varadanakere,19,916.1,918.1,918.8,copernicus-dem-glo30
varadanakunte,221,900.9,902.8,903.7,copernicus-dem-glo30
varadapura-lake,100,874.8,877.3,877.4,copernicus-dem-glo30
varahasandra-kunte1,10,811.0,812.3,811.8,copernicus-dem-glo30
varahasandra-kunte2,3,794.0,794.3,794.3,copernicus-dem-glo30
varanasi-kunte1,1,900.5,900.5,901.2,copernicus-dem-glo30
varanasi-kunte2,2,898.1,899.1,898.8,copernicus-dem-glo30
varattur-lake,29,821.5,823.6,826.8,copernicus-dem-glo30
varthur-lake,1523,861.0,861.0,862.5,copernicus-dem-glo30
varthuru-kunte1,1,863.8,863.8,864.2,copernicus-dem-glo30
varthuru-kunte10,4,874.3,874.8,874.6,copernicus-dem-glo30
varthuru-kunte2,1,871.0,871.0,871.0,copernicus-dem-glo30
varthuru-kunte3,1,869.0,869.0,869.0,copernicus-dem-glo30
varthuru-kunte4,1,885.6,885.6,886.0,copernicus-dem-glo30
varthuru-kunte5,2,878.2,878.3,878.3,copernicus-dem-glo30
varthuru-kunte6,1,885.8,885.8,885.8,copernicus-dem-glo30
varthuru-kunte7,1,887.3,887.3,887.3,copernicus-dem-glo30
varthuru-kunte8,2,887.1,887.3,887.6,copernicus-dem-glo30
varthuru-kunte9,5,874.7,875.5,876.1,copernicus-dem-glo30
vasanthapura-katte,6,872.1,873.7,875.2,copernicus-dem-glo30
vasanthapura-kunte,1,861.2,861.2,861.2,copernicus-dem-glo30
vasantpur-lake,6,860.4,861.7,861.0,copernicus-dem-glo30
vaudevapura-lake,22,741.8,743.0,743.8,copernicus-dem-glo30
veeranahalli-kunte-1,2,862.9,863.0,862.9,copernicus-dem-glo30
veeranahalli-kunte-2,4,862.2,862.4,862.2,copernicus-dem-glo30
veerasagara-kere,86,905.3,907.6,910.1,copernicus-dem-glo30
veerasandra-govt-kunte-1,2,902.2,902.3,902.3,copernicus-dem-glo30
veerasandra-govt-kunte-2,6,931.4,932.8,931.9,copernicus-dem-glo30
venateshpuram-2-lake,24,907.3,908.1,909.0,copernicus-dem-glo30
venkatappana-kere,18,846.4,848.5,851.4,copernicus-dem-glo30
venkatapura-kunte,1,776.2,776.2,776.2,copernicus-dem-glo30
venkatapura-lake,87,868.4,873.2,875.2,copernicus-dem-glo30
venkateshapura-lake,85,897.9,900.3,901.8,copernicus-dem-glo30
vibhuthipura-kunte1,1,895.1,895.1,892.9,copernicus-dem-glo30
vibhuthipura-kunte2,4,888.1,888.8,889.1,copernicus-dem-glo30
vibhuthipura-kunte3,2,895.1,895.2,895.2,copernicus-dem-glo30
vibhuthipura-kunte4,2,898.4,899.5,898.5,copernicus-dem-glo30
vibhuthipura-kunte5,1,900.6,900.6,903.3,copernicus-dem-glo30
vibhuthipura-kunte6,1,895.4,895.4,895.5,copernicus-dem-glo30
vibhutipura-lake,131,881.8,882.4,882.9,copernicus-dem-glo30
vidyanagar-lake,221,886.9,888.5,889.8,copernicus-dem-glo30
vijinapura-kere,130,898.2,899.9,900.3,copernicus-dem-glo30
vijinapura-kere2,15,889.5,890.1,890.8,copernicus-dem-glo30
vijinapura-kunte1,1,911.6,911.6,911.6,copernicus-dem-glo30
vijinapura-kunte2,4,909.4,909.7,909.7,copernicus-dem-glo30
vinayakanagar-lake,16,893.0,894.5,895.0,copernicus-dem-glo30
vinayakanagar-lake-1,24,903.4,905.0,905.5,copernicus-dem-glo30
virapanjipura-5r,103,867.2,868.9,871.1,copernicus-dem-glo30
virapanjipura-lower5,80,857.6,858.8,862.0,copernicus-dem-glo30
virapura-kere,476,874.7,877.5,878.5,copernicus-dem-glo30
virapura-s-kere,46,885.4,886.6,888.0,copernicus-dem-glo30
viraraghavaahalli-kere,48,878.8,879.8,881.0,copernicus-dem-glo30
virasagara-lake,14,911.0,911.0,912.2,copernicus-dem-glo30
virasagara-lake-2,42,880.4,882.0,882.5,copernicus-dem-glo30
virasandra-lake,41,912.3,913.1,914.2,copernicus-dem-glo30
viswanathapura-kere,163,906.5,908.7,909.0,copernicus-dem-glo30
visweswaraihnagar-lake,9,936.3,938.4,941.1,copernicus-dem-glo30
visweswaraiihnagar-east-lake,10,935.2,936.1,936.6,copernicus-dem-glo30
vitasandra-govt-lake,47,906.5,906.5,909.9,copernicus-dem-glo30
vitasandra-kunte1,4,901.6,902.3,902.1,copernicus-dem-glo30
vitasandra-kunte2,2,922.5,922.5,922.8,copernicus-dem-glo30
white-field-kunte1,1,893.1,893.1,893.1,copernicus-dem-glo30
white-field-kunte2,1,888.1,888.1,889.7,copernicus-dem-glo30
white-field-kunte3,1,888.2,888.2,889.0,copernicus-dem-glo30
white-field-kunte4,14,881.9,885.1,884.5,copernicus-dem-glo30
whitefield-kere,47,865.6,866.2,867.5,copernicus-dem-glo30
yadamadu-lake,6,698.2,698.9,699.7,copernicus-dem-glo30
yadgondahalli-lake,158,853.8,854.6,855.1,copernicus-dem-glo30
yadlahalli-kere,183,895.7,897.7,898.4,copernicus-dem-glo30
yalachegere-kere,120,857.5,860.7,862.2,copernicus-dem-glo30
yamalur-kunte1,1,882.7,882.7,882.7,copernicus-dem-glo30
yamalur-kunte2,2,874.1,874.4,874.4,copernicus-dem-glo30
yamalur-kunte3,1,890.0,890.0,890.0,copernicus-dem-glo30
yantiganahalli-kere,69,845.1,846.7,847.8,copernicus-dem-glo30
yarandahalli-lake,32,901.0,901.0,901.9,copernicus-dem-glo30
yarappanahalli-kere,54,891.1,892.3,893.4,copernicus-dem-glo30
yarappanahalli-kere-2,7,889.9,891.3,892.0,copernicus-dem-glo30
yartiganahalli-lake,98,890.6,893.1,893.4,copernicus-dem-glo30
yedahala-lake,45,869.6,871.2,871.8,copernicus-dem-glo30
yediyur-kere,119,904.0,911.1,913.6,copernicus-dem-glo30
yekkalagatta-kere-mahadevepura-kere,18,886.7,888.3,888.9,copernicus-dem-glo30
yelachaguppe-karabu-katte,25,832.3,833.7,835.9,copernicus-dem-glo30
yelachaguppe-kunte1,1,834.4,834.4,834.8,copernicus-dem-glo30
yelachaguppe-kunte2,9,812.4,814.1,814.5,copernicus-dem-glo30
yelachaguppe-kunte3,1,817.7,817.7,818.3,copernicus-dem-glo30
yelachaguppe-kunte4,4,820.7,822.2,821.7,copernicus-dem-glo30
yelachagupperamapura-kere,63,823.0,824.7,826.9,copernicus-dem-glo30
yelachammanahalli-kere,81,912.4,914.5,915.7,copernicus-dem-glo30
yelachchahalli-kere,867,885.0,886.6,887.1,copernicus-dem-glo30
yelahanka-lake,1077,892.5,893.8,895.2,copernicus-dem-glo30
yelenahalli-kunte-1,4,904.9,905.2,904.9,copernicus-dem-glo30
yelenahalli-kunte-2,3,917.0,917.3,917.3,copernicus-dem-glo30
yelenahalli-kunte-3,12,920.4,922.8,922.8,copernicus-dem-glo30
yelenahalli-kunte-4,3,916.4,917.5,917.0,copernicus-dem-glo30
yellachikuppe-lake,15,827.1,829.3,829.6,copernicus-dem-glo30
yellakunte-kere-1,67,881.6,884.8,884.9,copernicus-dem-glo30
yellakunte-kere-2,42,888.3,890.9,891.3,copernicus-dem-glo30
yellamallappashetti-kere,1596,864.5,864.5,865.6,copernicus-dem-glo30
yellammanapalya-lake,73,897.9,899.4,902.3,copernicus-dem-glo30
yellukunte-govt-lake,19,887.1,889.2,892.8,copernicus-dem-glo30
