{"type":"FeatureCollection","features":[{"type":"Feature","properties":{"osmId":"relation/2020588","name":"Bengaluru North","oldName":"Bengaluru Rural","wikidata":"Q806464","source":"osm-districts-2026-09"},"geometry":{"type":"Polygon","coordinates":[[[77.7652716,12.942299],[77.7652529,12.942657],[77.7652708,12.9429059],[77.7653018,12.943334],[77.7653411,12.9437694],[77.7655099,12.9454027],[77.7655242,12.9465926],[77.7654666,12.9470065],[77.765416,12.9473751],[77.7653643,12.9477517],[77.7652863,12.948762],[77.7650302,12.9501287],[77.764919,12.9504799],[77.7649238,12.9510783],[77.7646439,12.9513715],[77.7645601,12.9519144],[77.7645489,12.9521584],[77.76457,12.9529192],[77.7645451,12.9537923],[77.7645433,12.9548831],[77.7644689,12.9550284],[77.7645732,12.9550883],[77.764555,12.9553188],[77.7645638,12.9554362],[77.7645792,12.9556302],[77.7645046,12.9557597],[77.7644786,12.9559012],[77.7644175,12.9559967],[77.7643774,12.956119],[77.7643395,12.956544],[77.7643336,12.9572645],[77.7643314,12.9575829],[77.7644233,12.9587698],[77.7645666,12.9594909],[77.764793,12.9594614],[77.7648807,12.9598952],[77.7654654,12.9596711],[77.765878,12.9595041],[77.766113,12.9594079],[77.7663067,12.9593324],[77.766603,12.9592164],[77.7668308,12.9592998],[77.7669932,12.9593601],[77.7669465,12.9594611],[77.7670974,12.9594674],[77.7671644,12.9597467],[77.7672992,12.960066],[77.76763,12.9602036],[77.7679619,12.9603424],[77.7680406,12.9605301],[77.7681363,12.9607572],[77.7682285,12.9611277],[77.7686763,12.9614312],[77.7688207,12.9615301],[77.7691868,12.9615838],[77.7696864,12.9617321],[77.7698123,12.9617702],[77.7699788,12.9621942],[77.7700818,12.962455],[77.7701571,12.9626484],[77.7701802,12.9628509],[77.7702036,12.9630556],[77.7704757,12.963038],[77.7704698,12.9633949],[77.7706892,12.9642326],[77.7710009,12.9647205],[77.7712336,12.9650454],[77.771495,12.9653611],[77.7719836,12.9659227],[77.7721062,12.9658672],[77.7731765,12.966041],[77.7732873,12.966059],[77.7735001,12.9660929],[77.7738633,12.9662493],[77.7740311,12.9663785],[77.7743657,12.9664969],[77.7745904,12.9665103],[77.7748265,12.9666749],[77.775097,12.9668809],[77.7760886,12.9674236],[77.7764786,12.9677582],[77.7771767,12.9678975],[77.7771975,12.9680102],[77.7773109,12.9681682],[77.7774509,12.9682243],[77.7786564,12.967718],[77.778474,12.9669939],[77.7785958,12.9667645],[77.7790686,12.9668904],[77.7793642,12.9669686],[77.7798826,12.9671471],[77.7805351,12.9671243],[77.781224,12.9669566],[77.7813975,12.9668159],[77.7814533,12.966612],[77.7815843,12.9663814],[77.781691,12.9662425],[77.7818475,12.9661347],[77.7840778,12.9665625],[77.7841805,12.9667895],[77.7843613,12.968558],[77.783912,12.9693566],[77.7836474,12.9706162],[77.7832625,12.9708913],[77.7828606,12.9709927],[77.7819738,12.9709615],[77.781149,12.9707705],[77.7808348,12.9703188],[77.7802166,12.970164],[77.7792112,12.9702436],[77.7786733,12.9704797],[77.7786282,12.9710843],[77.7792426,12.9722362],[77.7786022,12.9729386],[77.778149,12.9733985],[77.7776844,12.973706],[77.7768737,12.9740015],[77.7766468,12.9743095],[77.7761602,12.97497],[77.7765146,12.97541],[77.7766751,12.9757165],[77.7766785,12.976018],[77.7768975,12.9763036],[77.7769764,12.9764077],[77.7771425,12.9764827],[77.7772588,12.9765357],[77.7776687,12.9761768],[77.7777778,12.9761857],[77.7782443,12.9762237],[77.778523,12.9766433],[77.7786249,12.9767966],[77.778827,12.9771625],[77.7785595,12.9780077],[77.7785194,12.9781335],[77.7783582,12.9786004],[77.7777928,12.9785918],[77.7774127,12.9783689],[77.7771603,12.9785026],[77.7769793,12.9787382],[77.7766218,12.9791034],[77.7765292,12.97932],[77.7764341,12.9793651],[77.7763105,12.9794816],[77.7760382,12.979795],[77.7759114,12.9799319],[77.7754726,12.9801319],[77.7754021,12.9802117],[77.7752579,12.9802403],[77.7749322,12.9804041],[77.7747205,12.9805216],[77.7747593,12.9807018],[77.7750279,12.9810896],[77.7752027,12.9812573],[77.7754215,12.9814885],[77.7756498,12.9821421],[77.7759063,12.9823291],[77.7760953,12.9824976],[77.7762476,12.9829419],[77.7762907,12.983243],[77.7763898,12.9837139],[77.7765419,12.9841967],[77.7766131,12.9845888],[77.7765758,12.9848648],[77.7770056,12.9850442],[77.7771474,12.9851646],[77.7769413,12.9853769],[77.7766624,12.9853516],[77.7764222,12.9855405],[77.7760683,12.9858717],[77.7759037,12.9863918],[77.7760563,12.9870654],[77.7761481,12.9879203],[77.7759421,12.988294],[77.7764962,12.9883151],[77.776347,12.9894459],[77.77615,12.9899041],[77.7759966,12.9906589],[77.7761168,12.9912222],[77.776114,12.9915327],[77.7760279,12.9917121],[77.7753796,12.9920227],[77.775209,12.9921047],[77.7741831,12.9920028],[77.7745083,12.9938624],[77.7748089,12.9953905],[77.7748258,12.9955493],[77.7748482,12.9960053],[77.7751096,12.9970492],[77.7749595,12.9975273],[77.7750801,12.9975554],[77.7750307,12.9979228],[77.7750046,12.9984386],[77.7749849,12.9988289],[77.7748886,12.999329],[77.7748324,12.9997135],[77.7748362,13.0000601],[77.7748456,13.0002305],[77.7748698,13.000385],[77.774951,13.0005433],[77.7750005,13.0006489],[77.7749914,13.000859],[77.7748398,13.0011079],[77.7746895,13.0011547],[77.7740405,13.0011944],[77.773894,13.0012185],[77.7737709,13.0013305],[77.7737414,13.0014268],[77.7737269,13.0016765],[77.7737093,13.0017986],[77.7736272,13.001874],[77.7731864,13.0018968],[77.773035,13.0018984],[77.7729298,13.0019142],[77.7728097,13.0019821],[77.7727506,13.0021047],[77.7726467,13.0022357],[77.7725244,13.0023725],[77.772463,13.0025911],[77.7724643,13.0027085],[77.772505,13.0028006],[77.7726497,13.0029244],[77.7727694,13.0029694],[77.7730088,13.0030064],[77.7731481,13.0030546],[77.7735631,13.0031518],[77.7737529,13.0030797],[77.7740223,13.0029752],[77.7743005,13.0029327],[77.7744753,13.0029083],[77.7746817,13.0028824],[77.7748327,13.0029045],[77.7750488,13.0030185],[77.7752408,13.0031022],[77.7754978,13.0033253],[77.7756191,13.0035114],[77.7756956,13.0039702],[77.7756998,13.0042005],[77.7756738,13.0047066],[77.7757343,13.0051271],[77.7757995,13.0052902],[77.7758892,13.0054913],[77.7758916,13.0057013],[77.7758691,13.0058032],[77.7758145,13.0059201],[77.7756803,13.0060152],[77.7754698,13.006083],[77.7753501,13.0060921],[77.7750163,13.0061036],[77.774858,13.0061595],[77.7746921,13.006255],[77.774558,13.0063648],[77.7744155,13.0064364],[77.7742248,13.0064316],[77.7740802,13.0063157],[77.773888,13.0061699],[77.7737761,13.0061553],[77.7735695,13.0061575],[77.7734117,13.0062608],[77.7733652,13.0063776],[77.7733589,13.0065335],[77.7733769,13.0067049],[77.7734043,13.0070479],[77.77344,13.0074054],[77.7734808,13.0075586],[77.7734666,13.007675],[77.7734603,13.0078388],[77.7734302,13.0079791],[77.7734072,13.008081],[77.7733768,13.0081988],[77.7733304,13.0083235],[77.7732523,13.0084406],[77.7732226,13.0086205],[77.7731641,13.0091044],[77.7731908,13.0093299],[77.7732236,13.0094312],[77.7733118,13.0095002],[77.7734253,13.0096582],[77.7733872,13.0098066],[77.7732774,13.0099252],[77.7732713,13.0100969],[77.7733048,13.010267],[77.7734013,13.0103518],[77.7735292,13.0104057],[77.7737286,13.0104736],[77.7740017,13.0106457],[77.7739793,13.0107555],[77.7739168,13.0108803],[77.7737753,13.0109993],[77.7737288,13.0111161],[77.7737142,13.0112495],[77.7737244,13.0114436],[77.7737732,13.0115368],[77.7738377,13.0116377],[77.7739109,13.0117532],[77.7739197,13.0118706],[77.7739211,13.0119948],[77.7739077,13.0121891],[77.7738929,13.0123067],[77.7738625,13.0124154],[77.7738955,13.0125404],[77.7740545,13.0126528],[77.7743447,13.0130155],[77.7744427,13.0132324],[77.7744364,13.0133883],[77.7743742,13.0134905],[77.7740794,13.0134937],[77.7738801,13.0134337],[77.7736416,13.0134205],[77.7734276,13.0134849],[77.7731752,13.013675],[77.7731043,13.0137683],[77.773098,13.0139321],[77.7731074,13.0140495],[77.7731495,13.0142669],[77.7731597,13.0144588],[77.7731139,13.0146419],[77.772785,13.0147281],[77.7722601,13.0148489],[77.7721616,13.0148963],[77.7716037,13.0150547],[77.7715052,13.0150986],[77.7720614,13.0159462],[77.7720677,13.0159593],[77.7724293,13.0166596],[77.772741,13.0170737],[77.7727634,13.0171034],[77.7727759,13.017125],[77.7728262,13.0172119],[77.7728596,13.0172926],[77.7728675,13.0173117],[77.7728601,13.0174434],[77.7728577,13.0174872],[77.7730205,13.0178923],[77.7730431,13.0179485],[77.7733168,13.0186307],[77.7733389,13.0186856],[77.7733734,13.0187716],[77.773396,13.018828],[77.7734446,13.0189488],[77.7734448,13.0189494],[77.7734437,13.0189626],[77.7734389,13.019017],[77.7734218,13.019217],[77.7734174,13.0192677],[77.7733793,13.0197114],[77.7737019,13.0196876],[77.7741366,13.019456],[77.7743483,13.019386],[77.7744341,13.0193571],[77.774572,13.0195709],[77.7745619,13.019726],[77.7746385,13.0198801],[77.774756,13.020026],[77.7747541,13.0201043],[77.7747521,13.0201618],[77.7747293,13.02082],[77.7747432,13.0208447],[77.7747754,13.0209017],[77.7747763,13.0209033],[77.7747838,13.0209441],[77.7748139,13.0211078],[77.7748108,13.0211425],[77.7747988,13.0212756],[77.7747862,13.0214176],[77.7747829,13.0214543],[77.7747839,13.0214951],[77.774786,13.0215872],[77.7747946,13.0216313],[77.7748237,13.0217802],[77.7748439,13.0218841],[77.7748468,13.0219163],[77.7748583,13.0220476],[77.7748697,13.0220744],[77.7749367,13.0222314],[77.7749433,13.0222473],[77.7749931,13.022368],[77.7750797,13.0225782],[77.7760077,13.0223996],[77.7762543,13.0223522],[77.7763239,13.0223388],[77.7763242,13.0224269],[77.7763245,13.0224656],[77.7763254,13.0225428],[77.7764667,13.0228185],[77.7765217,13.0229278],[77.7765675,13.0230603],[77.7765807,13.0230983],[77.7766337,13.0232513],[77.7767242,13.0235226],[77.7767313,13.0235443],[77.7768149,13.0237782],[77.7768315,13.0238443],[77.776897,13.0241335],[77.776948,13.0243582],[77.7769387,13.024592],[77.7769449,13.024633],[77.7769996,13.0248299],[77.7769938,13.0249469],[77.7769828,13.0251697],[77.7771135,13.0255467],[77.7771162,13.0255545],[77.7770247,13.0255684],[77.7769855,13.0255562],[77.7769699,13.0255586],[77.7769118,13.0255442],[77.7768606,13.0255315],[77.7768171,13.0255208],[77.7767567,13.0255058],[77.7767639,13.0255623],[77.7767919,13.0257819],[77.7768087,13.025846],[77.776828,13.0259191],[77.7769432,13.0263548],[77.7769585,13.0264129],[77.7770059,13.026592],[77.7770409,13.0267244],[77.7770949,13.0271057],[77.7771419,13.0274372],[77.7771635,13.0275019],[77.7772543,13.0277743],[77.7773299,13.0280006],[77.7773261,13.0280277],[77.7773073,13.0281626],[77.7772923,13.028271],[77.7772903,13.0282853],[77.7773356,13.0282837],[77.7774558,13.0282794],[77.7774561,13.0282824],[77.7774789,13.0285155],[77.7774819,13.0285464],[77.7775886,13.02877],[77.7775927,13.0287787],[77.7776438,13.029063],[77.7776471,13.0290812],[77.7776658,13.0291855],[77.7777007,13.0293683],[77.777728,13.0295114],[77.7778028,13.0297499],[77.7778041,13.0297872],[77.777805,13.0298135],[77.7778062,13.0298488],[77.7778334,13.0298447],[77.777834,13.0298682],[77.777836,13.0299372],[77.7778791,13.0300848],[77.7778807,13.0300905],[77.7780345,13.0300122],[77.7780567,13.0298208],[77.7780575,13.0298141],[77.7780738,13.0298144],[77.7780923,13.0298147],[77.77884,13.0298376],[77.7788609,13.0298382],[77.7790203,13.0303156],[77.7790029,13.0303207],[77.7790032,13.0303217],[77.7789591,13.0303357],[77.7786703,13.0304279],[77.7786553,13.0304327],[77.7787427,13.0306954],[77.778746,13.0307055],[77.7787513,13.0306918],[77.7787559,13.0306897],[77.7787612,13.0306762],[77.7787761,13.0306703],[77.7789048,13.0306189],[77.7790555,13.0305488],[77.7790849,13.030535],[77.7790991,13.0305285],[77.7791135,13.0305217],[77.7791486,13.0305161],[77.7792298,13.0305031],[77.7795526,13.0311316],[77.7795752,13.0311262],[77.7796698,13.0311037],[77.7796871,13.0310996],[77.7797406,13.0312615],[77.7797488,13.0312864],[77.7797477,13.031518],[77.7797469,13.0316844],[77.7798503,13.0320554],[77.7799071,13.0321044],[77.7803335,13.0324732],[77.7803268,13.0324807],[77.7803642,13.0325124],[77.7803866,13.0325192],[77.7805447,13.0325677],[77.7805381,13.0325735],[77.7803082,13.0327752],[77.7804833,13.0329655],[77.7805017,13.0329638],[77.7805129,13.0329761],[77.7806129,13.0329726],[77.7811093,13.0329557],[77.7811175,13.0329554],[77.7812478,13.0328635],[77.7812581,13.0328562],[77.7812727,13.032846],[77.7815529,13.0333274],[77.7813347,13.0341351],[77.7812176,13.034584],[77.7811768,13.0345727],[77.7811259,13.0345555],[77.7810865,13.0345463],[77.7810008,13.0345262],[77.7809075,13.0345264],[77.7808192,13.0345266],[77.7806792,13.0345267],[77.7798589,13.0345274],[77.7796009,13.0345253],[77.7790037,13.034577],[77.7790108,13.0347777],[77.7790109,13.0347796],[77.7790135,13.0348533],[77.7790209,13.0350616],[77.7790238,13.035142],[77.779028,13.03526],[77.779031,13.0353435],[77.7790388,13.0355643],[77.779029,13.0356188],[77.7790123,13.0357125],[77.7789337,13.0361514],[77.7789234,13.0362086],[77.7788889,13.0364011],[77.7788806,13.0364478],[77.7787182,13.0373549],[77.7786899,13.0375127],[77.7786896,13.0375237],[77.7786759,13.038036],[77.7786748,13.0380773],[77.7786724,13.0381666],[77.7786479,13.0381796],[77.7785649,13.0382232],[77.7785019,13.0382346],[77.7784768,13.038239],[77.7780367,13.0383169],[77.7777207,13.0383729],[77.7776959,13.0383773],[77.7776951,13.038415],[77.7776661,13.0398114],[77.7776556,13.0398447],[77.7776406,13.0398926],[77.7776055,13.0400049],[77.777593,13.0400447],[77.7775335,13.0402346],[77.77753,13.0402456],[77.7774911,13.0403701],[77.7772626,13.0410995],[77.7772147,13.0411969],[77.7767156,13.0422119],[77.7766564,13.042352],[77.7762688,13.0432693],[77.7762531,13.0433065],[77.7762261,13.0433471],[77.7755935,13.0442986],[77.7755628,13.0443449],[77.775489,13.0444444],[77.7753298,13.0446591],[77.7749753,13.0451161],[77.7749454,13.0451855],[77.7749363,13.0452066],[77.7748764,13.045346],[77.7748554,13.0453949],[77.7747881,13.0454654],[77.7747377,13.0455182],[77.7748009,13.0456737],[77.7750426,13.0462677],[77.775061,13.0463129],[77.7751001,13.046409],[77.7751031,13.0464163],[77.775129,13.0464801],[77.7747685,13.0466684],[77.7739503,13.046822],[77.7739787,13.0468463],[77.7740941,13.0468876],[77.774347,13.046978],[77.7744818,13.0470148],[77.7746323,13.0470558],[77.774898,13.0471329],[77.7750886,13.047191],[77.7759054,13.04744],[77.7762026,13.0475262],[77.7762671,13.0475448],[77.7762508,13.0476347],[77.7762286,13.0478068],[77.7761954,13.0480635],[77.7761749,13.0482242],[77.7760018,13.0483407],[77.7755667,13.0483338],[77.7749905,13.0483075],[77.7745328,13.0481489],[77.7744879,13.0481346],[77.7739741,13.0479719],[77.7733544,13.0477905],[77.7732171,13.0479639],[77.7730056,13.0483768],[77.772978,13.0484306],[77.7729512,13.048483],[77.7729139,13.048556],[77.7729036,13.048552],[77.7727825,13.0485047],[77.7726899,13.0484879],[77.7726777,13.0484858],[77.771951,13.0483555],[77.7718032,13.048354],[77.7717938,13.0483539],[77.7716966,13.0483528],[77.7715056,13.048363],[77.7714118,13.0483577],[77.7713929,13.0483567],[77.7707457,13.0483199],[77.7706199,13.0483072],[77.7705993,13.0483051],[77.7704655,13.0482917],[77.7701455,13.0482926],[77.7700661,13.0483789],[77.7700675,13.0483828],[77.7700817,13.0484224],[77.7702446,13.0488752],[77.770273,13.0490741],[77.7702815,13.049134],[77.7703218,13.0494166],[77.7703227,13.049417],[77.7703296,13.0494203],[77.7703696,13.0494392],[77.770433,13.0494692],[77.7704352,13.049488],[77.7704851,13.0499133],[77.7704909,13.0499623],[77.7704953,13.0500003],[77.7705158,13.0501744],[77.7705136,13.0501751],[77.7704487,13.0501938],[77.7704401,13.0501962],[77.7704522,13.0502165],[77.7704531,13.0502181],[77.7704541,13.0502197],[77.7704697,13.0502459],[77.7705163,13.0503241],[77.7705125,13.0503509],[77.7704911,13.0505],[77.770444,13.0508293],[77.7704206,13.0509921],[77.7704252,13.0513714],[77.7704236,13.0513831],[77.7704212,13.0514015],[77.7704028,13.0515398],[77.7703137,13.0519851],[77.7703433,13.052124],[77.7703535,13.0523616],[77.770328,13.0524884],[77.7702601,13.052722],[77.7702321,13.0533697],[77.7702206,13.0534899],[77.7702124,13.0535761],[77.7702108,13.0535922],[77.7701482,13.0542439],[77.7701476,13.0542508],[77.770145,13.0542772],[77.7704772,13.0542228],[77.7705036,13.0542185],[77.7705224,13.0542154],[77.7704541,13.0542948],[77.7704438,13.0543068],[77.7704029,13.0543542],[77.770101,13.0547048],[77.7699695,13.0548574],[77.7699468,13.0548838],[77.7698812,13.0549608],[77.7698855,13.0553274],[77.7698858,13.0553501],[77.7698928,13.0556929],[77.7698956,13.0557003],[77.7699488,13.0558411],[77.7699798,13.0559232],[77.7699851,13.0559373],[77.7700009,13.0559793],[77.7700056,13.0559917],[77.7699844,13.0560102],[77.7698311,13.0561447],[77.7698022,13.0561701],[77.7694903,13.0564383],[77.7691651,13.0566552],[77.7691057,13.0566949],[77.7690619,13.056664],[77.7689879,13.0566118],[77.7689149,13.0565599],[77.768857,13.0565188],[77.7687815,13.056465],[77.7687109,13.0564146],[77.7685407,13.0563679],[77.7684769,13.0563507],[77.7684141,13.0563341],[77.7683772,13.0564841],[77.7683408,13.0566322],[77.768334,13.0566388],[77.7682916,13.0566796],[77.7679885,13.0569719],[77.7679752,13.0572328],[77.7679635,13.0574482],[77.7679109,13.0597699],[77.7679061,13.0599818],[77.7678418,13.0628152],[77.7679422,13.0629015],[77.7672454,13.0646312],[77.7670494,13.0646298],[77.7668763,13.0646296],[77.7668193,13.0647549],[77.7666998,13.0650188],[77.7667159,13.0651339],[77.7661683,13.0657394],[77.7657653,13.0666094],[77.7657209,13.0666754],[77.7657163,13.0666827],[77.7656176,13.0668397],[77.7651146,13.067451],[77.7649815,13.0676126],[77.7638204,13.0690235],[77.7630897,13.0702143],[77.7629404,13.0704198],[77.7629099,13.0705253],[77.7628387,13.0707712],[77.7627238,13.070859],[77.7621136,13.0713284],[77.7618768,13.071504],[77.7617495,13.0715915],[77.7615931,13.071717],[77.7613998,13.0718463],[77.7612133,13.0719674],[77.7610606,13.0721014],[77.7609102,13.0722066],[77.7607045,13.0723506],[77.7604502,13.0724963],[77.7601488,13.0726694],[77.7601097,13.0726882],[77.7601201,13.0727049],[77.7602625,13.0729413],[77.7601138,13.0730058],[77.7596483,13.0732078],[77.7590542,13.0734475],[77.7586019,13.073633],[77.7583492,13.0737383],[77.7583504,13.0739121],[77.7583562,13.0740675],[77.7583717,13.0744828],[77.758418,13.075012],[77.7585288,13.0751828],[77.7586911,13.0753275],[77.759379,13.0757289],[77.7593778,13.0757334],[77.7593123,13.075986],[77.7590987,13.0768095],[77.7589404,13.0774058],[77.7589495,13.0774195],[77.7589791,13.0774642],[77.7590264,13.0775358],[77.7591774,13.0775737],[77.7593013,13.0775866],[77.7593247,13.077589],[77.7606174,13.077723],[77.7609012,13.0777517],[77.7608994,13.0777603],[77.7601888,13.0812553],[77.7601553,13.08142],[77.7601687,13.0814201],[77.7602539,13.081421],[77.7655006,13.0814742],[77.7655534,13.0814747],[77.765555,13.0814824],[77.7657155,13.0822575],[77.7659212,13.0832506],[77.765941,13.0833459],[77.7669229,13.088086],[77.7669203,13.0883585],[77.7669102,13.0883913],[77.7669052,13.0884072],[77.766376,13.0900696],[77.7662828,13.0903611],[77.7662559,13.0904452],[77.7656851,13.0922309],[77.7648931,13.0947138],[77.76491,13.0947245],[77.7649416,13.0947445],[77.7649481,13.0948449],[77.7652209,13.0953642],[77.7652887,13.0956164],[77.7656076,13.0968036],[77.7652968,13.0975748],[77.7646796,13.0983092],[77.7646467,13.0989656],[77.7646522,13.0997865],[77.7646401,13.100057],[77.76462,13.1005039],[77.7647981,13.1013875],[77.7646837,13.1016217],[77.7641381,13.1025489],[77.7641432,13.102678],[77.7644805,13.1034057],[77.7644617,13.1043416],[77.7653323,13.10468],[77.7658248,13.1058793],[77.7664192,13.1073571],[77.7664991,13.1076287],[77.7654905,13.1083637],[77.764525,13.1083705],[77.7641523,13.1087366],[77.7640173,13.1087124],[77.7637942,13.1087327],[77.7591902,13.1089647],[77.7591805,13.1088898],[77.758752,13.108952],[77.7583864,13.1090006],[77.7577794,13.1090342],[77.7569654,13.1090704],[77.756031,13.1091339],[77.7557383,13.1091828],[77.7556103,13.1092042],[77.7554001,13.1091978],[77.7552112,13.1092061],[77.7549166,13.1092819],[77.7548012,13.1092807],[77.7547969,13.1092861],[77.7540761,13.1092838],[77.7535323,13.10927],[77.753408,13.1092498],[77.7533205,13.1092355],[77.751962,13.1094601],[77.7518907,13.1095437],[77.7514361,13.1095475],[77.7508865,13.1096518],[77.7496978,13.1097972],[77.7495878,13.109809],[77.7494217,13.1098592],[77.7493718,13.1098738],[77.749386,13.1102038],[77.7493927,13.1103516],[77.7482511,13.1104955],[77.7477927,13.11051],[77.7477486,13.1105101],[77.7472427,13.1105093],[77.7468424,13.1105069],[77.7460502,13.1104961],[77.7459005,13.1104939],[77.7458725,13.1104978],[77.7457306,13.1105175],[77.7451957,13.1109118],[77.7450207,13.1110091],[77.7447914,13.1111894],[77.7445742,13.1113278],[77.7371918,13.1121139],[77.7363178,13.114531],[77.7323016,13.1143482],[77.7321619,13.1143421],[77.7321083,13.1143227],[77.7325298,13.1162739],[77.7329168,13.1181447],[77.7329317,13.1182096],[77.7333224,13.1199116],[77.7333357,13.1199694],[77.7334783,13.1217951],[77.7335778,13.1232031],[77.7335804,13.12324],[77.7335844,13.1232957],[77.7333057,13.1234116],[77.7322701,13.1238424],[77.7322229,13.123862],[77.7319076,13.1239932],[77.7312909,13.1242317],[77.7311291,13.1242939],[77.7311049,13.1243032],[77.7310214,13.1243353],[77.7307062,13.1244567],[77.7306689,13.124471],[77.7297994,13.1248218],[77.7296812,13.1248696],[77.7292639,13.1250373],[77.7270905,13.125912],[77.7268931,13.1259914],[77.7267454,13.1260509],[77.7262178,13.1259291],[77.7249529,13.1256369],[77.7246361,13.125552],[77.7241029,13.1254092],[77.7300333,13.131319],[77.7300286,13.1313288],[77.7294655,13.1324665],[77.7291667,13.1330742],[77.7290603,13.1332907],[77.7296561,13.134246],[77.7298028,13.1344803],[77.731163,13.136696],[77.7316516,13.1375081],[77.731711,13.1376074],[77.7320996,13.138258],[77.7324658,13.1388734],[77.7326076,13.1391128],[77.7326611,13.1392042],[77.7330191,13.1398171],[77.7332636,13.1402306],[77.7333499,13.1406912],[77.7336013,13.142014],[77.733651,13.1422747],[77.7336645,13.1423452],[77.7336789,13.1424154],[77.7337724,13.1428699],[77.7337744,13.1428794],[77.7336382,13.1429455],[77.7336133,13.1429576],[77.7330589,13.1445806],[77.7330104,13.1447234],[77.7330033,13.1447442],[77.7329872,13.1447916],[77.7329783,13.1448178],[77.7324969,13.1448914],[77.7317436,13.1450434],[77.7316571,13.1450608],[77.7306611,13.1452614],[77.730661,13.1452615],[77.730475,13.1452982],[77.730428,13.1453074],[77.7295597,13.1454912],[77.7292888,13.1455481],[77.7291054,13.1455884],[77.7284122,13.1457476],[77.728396,13.1457823],[77.7283954,13.1457829],[77.7283952,13.1457831],[77.7284655,13.1464648],[77.7284693,13.1464978],[77.728506,13.1468177],[77.7285465,13.1470744],[77.7286434,13.1476892],[77.7286449,13.1476957],[77.7286584,13.1477571],[77.7289148,13.1489212],[77.7289199,13.1489444],[77.7291363,13.1500671],[77.7291418,13.150097],[77.7291463,13.1501217],[77.7292941,13.1509296],[77.7293262,13.1511051],[77.7293294,13.1511403],[77.7293356,13.1512073],[77.7293597,13.1514619],[77.7294297,13.1522021],[77.7294348,13.1522558],[77.7294606,13.1525262],[77.7294755,13.1525931],[77.7295573,13.1529609],[77.7295854,13.1530872],[77.7295959,13.1531343],[77.7296152,13.1532214],[77.7300409,13.1554255],[77.730042,13.155454],[77.7300457,13.1555486],[77.7300811,13.1556027],[77.7310865,13.1571029],[77.7312748,13.15738],[77.7314575,13.1576076],[77.7314752,13.1576296],[77.7317582,13.1579865],[77.7320417,13.1578977],[77.7320471,13.1579099],[77.7321173,13.1580698],[77.7321685,13.1581867],[77.7322459,13.1583633],[77.7322983,13.158483],[77.7323099,13.158482],[77.7325987,13.1584571],[77.73265,13.1585872],[77.732711,13.1587422],[77.7327235,13.1587739],[77.7326805,13.1588433],[77.7326928,13.1588966],[77.7327971,13.1589942],[77.7331689,13.1593399],[77.7332719,13.1595531],[77.733404,13.159825],[77.7334114,13.1598588],[77.7333709,13.1598669],[77.7333744,13.1598843],[77.7333793,13.1599088],[77.7334112,13.1600673],[77.7334185,13.1601037],[77.7331671,13.1600684],[77.7324563,13.1602839],[77.7321786,13.160364],[77.7321019,13.1603497],[77.7320494,13.16034],[77.7319339,13.1603171],[77.7318428,13.1602991],[77.7317921,13.1602891],[77.7317906,13.1602911],[77.7317798,13.1603054],[77.7317368,13.1603628],[77.7315274,13.1606419],[77.731516,13.1606572],[77.7314463,13.1607501],[77.7314357,13.1607464],[77.7312026,13.160665],[77.7311405,13.1607138],[77.7310878,13.1607552],[77.7310287,13.160802],[77.7308206,13.1609752],[77.7308159,13.1609775],[77.7307038,13.1610326],[77.729795,13.1614667],[77.729792,13.1614685],[77.7295955,13.1615896],[77.7295879,13.1616004],[77.7295564,13.1616446],[77.7295407,13.1616668],[77.7295321,13.1616789],[77.729496,13.1617297],[77.7294829,13.1617305],[77.7293999,13.1617357],[77.7293201,13.1617406],[77.7292854,13.1617427],[77.7291503,13.1618132],[77.729084,13.1618476],[77.7290853,13.1618502],[77.7291492,13.1619803],[77.7293349,13.1623294],[77.7293564,13.1623718],[77.7293575,13.1623739],[77.72939,13.1624376],[77.7303041,13.1642903],[77.7307507,13.1651952],[77.7307002,13.1652268],[77.7299636,13.1656885],[77.7299445,13.1657005],[77.729585,13.1659249],[77.7295511,13.1659461],[77.7296661,13.1660453],[77.7295834,13.1661611],[77.7295546,13.1662014],[77.729345,13.1664942],[77.7292444,13.1666346],[77.72887,13.1671876],[77.7288485,13.1672193],[77.7286537,13.1677316],[77.7286222,13.1678145],[77.7286017,13.1678683],[77.7285743,13.1679404],[77.7283265,13.1681253],[77.7282738,13.1681646],[77.7282516,13.1681811],[77.7278036,13.168507],[77.7277875,13.1685188],[77.7277652,13.1685349],[77.7274839,13.1688724],[77.7274693,13.1688902],[77.7272816,13.1691184],[77.7272773,13.1691927],[77.7272744,13.1692395],[77.7274083,13.169405],[77.7274449,13.1694503],[77.7280356,13.1701461],[77.7282686,13.170424],[77.7284183,13.1705879],[77.7285064,13.1706844],[77.7292213,13.171492],[77.7292256,13.1714969],[77.7293038,13.1715866],[77.7293039,13.1715867],[77.7297365,13.1720833],[77.7297888,13.1721436],[77.7298158,13.1721992],[77.7298428,13.1722791],[77.7298514,13.1723046],[77.73003,13.1728318],[77.730259,13.1735066],[77.7301808,13.1735631],[77.7301712,13.1735701],[77.7288183,13.1745543],[77.7266187,13.1760856],[77.7266968,13.176198],[77.7267356,13.1762637],[77.7267759,13.1763317],[77.7268671,13.1766536],[77.7269635,13.1769691],[77.727026,13.1773102],[77.7271307,13.1777381],[77.7271919,13.1779493],[77.7272457,13.1781349],[77.72726,13.1781844],[77.7273343,13.178594],[77.7273886,13.1788011],[77.7274331,13.1789704],[77.7274385,13.1789844],[77.7274422,13.1789937],[77.7276305,13.1794754],[77.7276404,13.1795144],[77.7277734,13.1800382],[77.7277825,13.1800797],[77.7279136,13.1806747],[77.7279223,13.1807205],[77.7279422,13.1808259],[77.7280484,13.1813864],[77.7281995,13.1818179],[77.7282692,13.1820171],[77.7282766,13.1820381],[77.7282916,13.1820895],[77.7286134,13.1831933],[77.7286187,13.183215],[77.7286454,13.1833258],[77.7287569,13.1837876],[77.7290371,13.1849473],[77.7290493,13.1849976],[77.7290651,13.185063],[77.7291272,13.1853202],[77.7292827,13.1857521],[77.7293369,13.1858227],[77.7291962,13.1862776],[77.7291,13.1865886],[77.7287313,13.1877802],[77.7281879,13.1895369],[77.7274299,13.1919867],[77.7274294,13.1919885],[77.7272677,13.1925113],[77.7272425,13.1925291],[77.7265752,13.1927174],[77.7265218,13.1927323],[77.7264176,13.1927613],[77.7260669,13.1928589],[77.7260597,13.1928609],[77.7260432,13.1928654],[77.7251379,13.1931143],[77.7241774,13.1933783],[77.7241176,13.1933947],[77.7240924,13.1934017],[77.7239622,13.1934375],[77.7188935,13.1948307],[77.7187229,13.1948776],[77.714167,13.1961298],[77.714031,13.1961672],[77.7135495,13.1962995],[77.7134914,13.196222],[77.713091,13.1956886],[77.7130363,13.1956156],[77.7129615,13.195516],[77.7118526,13.1940385],[77.7118118,13.1939842],[77.7097578,13.1912506],[77.7097432,13.1912321],[77.7091432,13.1904728],[77.7091292,13.1904551],[77.708956,13.190236],[77.7083958,13.1900713],[77.7081239,13.1900541],[77.707573,13.1900191],[77.7075652,13.1900186],[77.706315,13.189939],[77.7063049,13.1899383],[77.7055177,13.189888],[77.7053887,13.1898788],[77.7053764,13.1898779],[77.7043732,13.1898062],[77.7043714,13.1898061],[77.7032614,13.189727],[77.7032318,13.1897332],[77.7026154,13.1898634],[77.7020738,13.1899192],[77.7020707,13.1899195],[77.7019251,13.1899345],[77.7015485,13.1899897],[77.7010974,13.1901104],[77.7007898,13.1901692],[77.7007858,13.1901699],[77.7006228,13.1902011],[77.7003738,13.1902279],[77.7003676,13.1902286],[77.7001934,13.1902474],[77.7001405,13.1902531],[77.7001088,13.1902565],[77.700106,13.1902568],[77.6999881,13.1902695],[77.6999845,13.1902699],[77.6999433,13.1903123],[77.6996108,13.1906548],[77.6993369,13.190807],[77.6993202,13.1908163],[77.6994138,13.1911384],[77.6994395,13.1912271],[77.6995143,13.1914721],[77.6994732,13.1914929],[77.6994419,13.1915088],[77.699439,13.1915092],[77.6993842,13.1915364],[77.699183,13.1916362],[77.6991839,13.191641],[77.6992588,13.192022],[77.6992338,13.1920231],[77.6985463,13.1920533],[77.6979071,13.1920813],[77.697882,13.1921001],[77.6975222,13.1923688],[77.6973825,13.192473],[77.6970216,13.1927415],[77.6969835,13.1927698],[77.6968528,13.1928667],[77.6956255,13.1937143],[77.6954841,13.1938108],[77.6953699,13.1938886],[77.6947984,13.1942735],[77.6946156,13.1946036],[77.6926688,13.1984401],[77.692613,13.1985501],[77.6925337,13.1987338],[77.6904886,13.2028784],[77.6898939,13.2029243],[77.6898853,13.202925],[77.6897326,13.2029239],[77.68967,13.202927],[77.6894993,13.2029357],[77.6871069,13.203058],[77.6870076,13.203063],[77.6868671,13.2025982],[77.6868395,13.2025072],[77.686999,13.2001595],[77.6870111,13.1999815],[77.6870359,13.1996159],[77.6870574,13.1992999],[77.6871018,13.1986466],[77.6870058,13.1965861],[77.6869513,13.195355],[77.6869507,13.1953403],[77.686943,13.1951045],[77.6869008,13.1938061],[77.6868993,13.1937603],[77.6842069,13.1920329],[77.6836588,13.1916803],[77.6836549,13.1916779],[77.683647,13.191673],[77.683654,13.1916662],[77.6829916,13.1914363],[77.682867,13.1914136],[77.6828237,13.1914042],[77.6824864,13.1913313],[77.6817914,13.191217],[77.6817478,13.1912086],[77.6811599,13.1910947],[77.680989,13.1910616],[77.6809616,13.1910563],[77.6807866,13.1910224],[77.6805357,13.1909737],[77.6804836,13.1909653],[77.6801104,13.1909052],[77.6798235,13.1908589],[77.6798101,13.1908567],[77.6797684,13.1908598],[77.6793569,13.1908901],[77.6793364,13.1908921],[77.678941,13.1907851],[77.6789271,13.1907813],[77.6788865,13.1907764],[77.6777633,13.1906405],[77.6772564,13.1905801],[77.6767932,13.190525],[77.6767278,13.1905139],[77.6766402,13.190499],[77.6765852,13.1904896],[77.675737,13.1903382],[77.6756859,13.190335],[77.6754305,13.1903187],[77.6753566,13.1904952],[77.6750099,13.1903884],[77.6749656,13.1903762],[77.6743641,13.1902107],[77.6739223,13.1902768],[77.6735061,13.1904196],[77.6734188,13.1904713],[77.673308,13.1905376],[77.6732601,13.1905664],[77.6730686,13.1906828],[77.672188,13.1911946],[77.6720365,13.1912827],[77.6712383,13.1917466],[77.6712376,13.1916562],[77.6712363,13.1914871],[77.6711917,13.1915092],[77.6711903,13.1914302],[77.6711825,13.1905606],[77.6711775,13.1900993],[77.6711774,13.190087],[77.6711745,13.1898551],[77.6711757,13.1895327],[77.671177,13.1892032],[77.6711645,13.188375],[77.6711589,13.188064],[77.6711526,13.1877125],[77.671165,13.1869809],[77.6711657,13.1869397],[77.6711674,13.1868079],[77.6711751,13.1862017],[77.6711807,13.1857558],[77.6711815,13.1856903],[77.6711815,13.1856866],[77.6710198,13.1856393],[77.6710007,13.1853507],[77.6709966,13.1852961],[77.6702812,13.1852993],[77.6700839,13.1853001],[77.6688938,13.1853054],[77.668711,13.1853172],[77.6683615,13.1853311],[77.6683314,13.1853323],[77.6680902,13.1854042],[77.6679033,13.1854598],[77.6677884,13.185494],[77.6675669,13.18556],[77.6675577,13.1855638],[77.6675392,13.185504],[77.667399,13.1850506],[77.667316,13.1850812],[77.666551,13.1853629],[77.665775,13.1856486],[77.6652206,13.1858509],[77.6647628,13.1857267],[77.6647141,13.185702],[77.6643032,13.1858129],[77.664161,13.1858513],[77.6636551,13.1856915],[77.662563,13.1851025],[77.6619382,13.1847671],[77.6613894,13.1844726],[77.6540388,13.1884446],[77.6535826,13.1886744],[77.6530943,13.1889184],[77.6505077,13.190229],[77.6508525,13.1904238],[77.6514577,13.1904002],[77.6517841,13.1905946],[77.6531429,13.1914161],[77.6552643,13.1959375],[77.6555518,13.1965502],[77.6555791,13.1966083],[77.6556075,13.1966689],[77.6560113,13.1974959],[77.6560182,13.1975099],[77.6563747,13.1980943],[77.6565436,13.1984219],[77.6565879,13.1985078],[77.6566241,13.1985787],[77.6566698,13.198668],[77.6567727,13.1990338],[77.6571222,13.1992386],[77.6572209,13.1992965],[77.6567563,13.1993318],[77.6566959,13.1993366],[77.6556797,13.1994403],[77.6555913,13.1994486],[77.654608,13.1995316],[77.6544731,13.1995435],[77.6535368,13.1996264],[77.6533681,13.1996412],[77.6528665,13.1996856],[77.6525409,13.1997144],[77.6524636,13.1997201],[77.6514839,13.1998056],[77.6513835,13.1998144],[77.6504948,13.1998897],[77.6504138,13.1998963],[77.6503385,13.1999049],[77.6490815,13.1999984],[77.6477575,13.2001244],[77.6465435,13.2002282],[77.646536,13.2002288],[77.6459354,13.2002816],[77.6452306,13.2003637],[77.6450926,13.2003798],[77.6445747,13.200441],[77.6445128,13.2004479],[77.6437827,13.200529],[77.6435408,13.2005552],[77.6432063,13.2005854],[77.6426923,13.2008151],[77.6426716,13.200825],[77.6423999,13.2009556],[77.6416563,13.2012968],[77.6415587,13.201342],[77.6413903,13.2014201],[77.640894,13.201653],[77.6405662,13.2018069],[77.6404425,13.2018729],[77.6399587,13.2020456],[77.6397406,13.2021304],[77.6396617,13.202161],[77.6394963,13.2022253],[77.6394764,13.2022333],[77.6391878,13.2022995],[77.6389432,13.2023557],[77.6381847,13.2025025],[77.6374572,13.2026656],[77.6370271,13.2027636],[77.6370602,13.2028541],[77.6371224,13.2030242],[77.6371732,13.2031631],[77.6372173,13.2032834],[77.6372223,13.2032971],[77.637421,13.2037636],[77.6376396,13.204264],[77.6377215,13.2045279],[77.6377708,13.2046765],[77.6378217,13.2048452],[77.6376378,13.2048448],[77.6372655,13.2048439],[77.6371222,13.2048436],[77.6348392,13.2048458],[77.6348253,13.2048453],[77.6345042,13.2048335],[77.634339,13.2048275],[77.634244,13.2048202],[77.6339963,13.2048174],[77.632659,13.2048024],[77.6324712,13.2048725],[77.6324504,13.2048803],[77.632252,13.2049544],[77.6320296,13.2050376],[77.6315883,13.2052004],[77.630936,13.205441],[77.6304767,13.2056594],[77.630201,13.2057906],[77.6301422,13.2057948],[77.6300223,13.2058033],[77.6298697,13.2058141],[77.629685,13.2058272],[77.6286374,13.2059017],[77.6284421,13.2059394],[77.6269868,13.2062203],[77.6264725,13.2063192],[77.6252577,13.2065551],[77.6241251,13.2066801],[77.6231795,13.2068142],[77.6228378,13.2067886],[77.6225839,13.2067696],[77.6184798,13.2061785],[77.6166471,13.2059419],[77.6139419,13.2055927],[77.6140003,13.2055301],[77.6141717,13.2053465],[77.6149534,13.2045086],[77.6153672,13.2040651],[77.6160931,13.2033145],[77.6160934,13.2033142],[77.6161946,13.2032122],[77.6145576,13.202695],[77.6144368,13.2026568],[77.613937,13.2025041],[77.6134149,13.2023439],[77.6133181,13.2023142],[77.6131315,13.2022551],[77.6127037,13.2021194],[77.612671,13.2021105],[77.6126362,13.202101],[77.6126035,13.202092],[77.6125336,13.2021278],[77.6122388,13.2021267],[77.6118283,13.2021509],[77.6101644,13.2022554],[77.6098182,13.2022785],[77.6095641,13.2022958],[77.6093554,13.2023101],[77.6084194,13.2023783],[77.6077632,13.202429],[77.6070053,13.2024969],[77.6066666,13.2025357],[77.6062376,13.2025594],[77.6061968,13.2025641],[77.6058572,13.2026034],[77.60504,13.202608],[77.6039854,13.202619],[77.6037623,13.2026147],[77.6037169,13.2026145],[77.6036927,13.2025671],[77.6036684,13.2025197],[77.6036092,13.2023924],[77.6033003,13.2017287],[77.6032707,13.2016651],[77.6028531,13.2007391],[77.6028045,13.2006312],[77.6027374,13.2004853],[77.602627,13.2002447],[77.6022838,13.1994801],[77.6022391,13.1993763],[77.6017161,13.1981607],[77.6016393,13.1979777],[77.6015728,13.1978194],[77.6014282,13.1975439],[77.601204,13.1971164],[77.601154,13.1970211],[77.6009947,13.1967081],[77.6009751,13.1966696],[77.6007753,13.1963086],[77.6006245,13.1960361],[77.6005398,13.195877],[77.6003324,13.1954871],[77.6001811,13.1952029],[77.6001476,13.1951325],[77.6000582,13.1949444],[77.5999396,13.19472],[77.5997567,13.1943917],[77.5995895,13.1940917],[77.5994943,13.1941049],[77.5987778,13.1942045],[77.5968381,13.1944809],[77.5957378,13.1946377],[77.5944429,13.1948241],[77.5920878,13.1960113],[77.5919806,13.1959356],[77.5918687,13.1958566],[77.5905666,13.1949388],[77.5905067,13.194907],[77.5904091,13.1949344],[77.5864033,13.1960631],[77.5864283,13.1960856],[77.5865164,13.1961648],[77.5863234,13.1961958],[77.5837606,13.1966076],[77.5827571,13.1967628],[77.5823558,13.1969106],[77.5823216,13.1969241],[77.5822701,13.1969444],[77.5819918,13.1970472],[77.5812678,13.1973148],[77.5811275,13.1973483],[77.5797073,13.1976884],[77.5796026,13.1977077],[77.5794917,13.1977283],[77.5793521,13.1976823],[77.5793236,13.1976712],[77.5792083,13.1976262],[77.5791612,13.1976078],[77.5791316,13.1976426],[77.5790292,13.1977633],[77.5789731,13.197794],[77.5788691,13.1978508],[77.5788043,13.197842],[77.5787802,13.1978388],[77.5787016,13.1978281],[77.5786442,13.1978204],[77.5784582,13.1977952],[77.5784254,13.1977908],[77.5784125,13.1977939],[77.5780475,13.1978824],[77.577785,13.197946],[77.5777428,13.1979531],[77.5777203,13.1979568],[77.5777203,13.1979569],[77.5777188,13.1979571],[77.5777123,13.1979253],[77.5776487,13.1979348],[77.5751036,13.1983173],[77.5750464,13.1983263],[77.5748038,13.1984004],[77.5745453,13.1984798],[77.5743651,13.1985356],[77.5743381,13.1985387],[77.574044,13.1985722],[77.5737886,13.1987077],[77.573635,13.1988155],[77.5735862,13.1988499],[77.5733695,13.1989639],[77.573118,13.1990686],[77.5726167,13.1991699],[77.5726848,13.1995346],[77.5725834,13.1995793],[77.572573,13.1995839],[77.5725633,13.1995881],[77.5724459,13.1996594],[77.5722892,13.1997547],[77.5722639,13.1997701],[77.5720242,13.1998959],[77.5717919,13.2000184],[77.5717634,13.2000335],[77.5714959,13.2000818],[77.5713728,13.2001041],[77.571237,13.2002278],[77.570915,13.2003143],[77.5708402,13.2003345],[77.5703769,13.2004145],[77.5703637,13.200409],[77.5701294,13.2003108],[77.570012,13.2003817],[77.5698329,13.2004527],[77.5698432,13.2004803],[77.5698611,13.2005283],[77.5698707,13.2005526],[77.5698881,13.2005968],[77.5699251,13.2006908],[77.5698844,13.2007042],[77.5696372,13.2007857],[77.5695875,13.2008021],[77.5691497,13.200947],[77.5691439,13.200949],[77.5691351,13.2009525],[77.569071,13.2009787],[77.5682071,13.2013315],[77.5676597,13.2015551],[77.5679875,13.2036492],[77.5680241,13.2037439],[77.5680266,13.2037503],[77.5684953,13.2049422],[77.5686735,13.205509],[77.568743,13.205636],[77.5687526,13.2056535],[77.5687824,13.205708],[77.5688283,13.2057754],[77.5688378,13.2057894],[77.5693921,13.2066019],[77.5697481,13.207489],[77.5701874,13.207495],[77.5702146,13.2074954],[77.5703381,13.2074972],[77.5707517,13.2075035],[77.5707555,13.2075036],[77.5709026,13.2075058],[77.5713445,13.2073715],[77.5714863,13.2073284],[77.5715058,13.2073224],[77.5714198,13.2074618],[77.5713983,13.2074967],[77.5709393,13.2082392],[77.5709271,13.2082589],[77.5709215,13.208268],[77.5709195,13.2082776],[77.5708946,13.2083981],[77.570646,13.209602],[77.5706424,13.2096198],[77.5706341,13.20966],[77.5705989,13.2096863],[77.5704322,13.2098106],[77.5703752,13.2098531],[77.5702905,13.2098929],[77.5702768,13.2098993],[77.5701172,13.2109162],[77.5700621,13.211157],[77.5700443,13.2112347],[77.5699774,13.2115266],[77.5699599,13.211797],[77.5699363,13.2119669],[77.5699211,13.2120758],[77.5699194,13.2120878],[77.5698768,13.2123305],[77.5698386,13.2127798],[77.5698273,13.212914],[77.5698114,13.2131041],[77.5697936,13.2133174],[77.5697827,13.2134483],[77.5697203,13.2142113],[77.5697199,13.2142153],[77.5697062,13.2143521],[77.5696972,13.2144426],[77.5696737,13.2146812],[77.569637,13.2150721],[77.569624,13.2152108],[77.5695906,13.2155672],[77.5695469,13.2159066],[77.5695406,13.2159561],[77.5695367,13.2159859],[77.5690766,13.2160328],[77.5686682,13.216143],[77.5686099,13.2161586],[77.5685734,13.2161684],[77.5682643,13.2161774],[77.568181,13.2161759],[77.5673312,13.2162669],[77.5672535,13.2162752],[77.5669797,13.2163048],[77.5669025,13.2163131],[77.5668955,13.2163139],[77.5668644,13.2163172],[77.5667466,13.2163161],[77.5661417,13.2163108],[77.5658841,13.2163085],[77.5656017,13.2163404],[77.5654742,13.216355],[77.5653899,13.2163646],[77.5651747,13.216436],[77.5650903,13.2164641],[77.5650263,13.2164854],[77.5649813,13.2165004],[77.5647376,13.2165517],[77.5645475,13.216592],[77.5644102,13.2166211],[77.5644009,13.2166258],[77.564205,13.2167258],[77.5641016,13.2167786],[77.5640413,13.2168093],[77.5640365,13.2168116],[77.5638495,13.2169004],[77.5636759,13.2169828],[77.5636479,13.2169914],[77.5634685,13.2170475],[77.5631921,13.217134],[77.563027,13.2171864],[77.5627624,13.2172703],[77.5627476,13.2173349],[77.5627184,13.2173689],[77.5626929,13.2173986],[77.5625691,13.2174467],[77.5622361,13.217576],[77.5620912,13.2176326],[77.5617932,13.2177489],[77.5617436,13.2177684],[77.5616641,13.217776],[77.5615119,13.2177907],[77.5613788,13.2178909],[77.5612758,13.2179684],[77.5612712,13.2179702],[77.5610017,13.2180717],[77.5609005,13.21811],[77.5605787,13.2182317],[77.560563,13.2182377],[77.5604815,13.2182907],[77.5603567,13.2183717],[77.5603439,13.21838],[77.560253,13.2183932],[77.5597251,13.2184697],[77.5587353,13.2188612],[77.5586638,13.2189348],[77.5586137,13.2189863],[77.5582968,13.2193126],[77.5582214,13.2193609],[77.5582069,13.2193702],[77.5581863,13.2193834],[77.5575567,13.2197887],[77.5574672,13.2197256],[77.5573802,13.21988],[77.5574368,13.2199789],[77.5574999,13.2201216],[77.5575112,13.2201471],[77.5575286,13.2201865],[77.5575389,13.2202098],[77.5576728,13.2201868],[77.5578443,13.2201578],[77.5578614,13.2201549],[77.5580242,13.220695],[77.5580722,13.2208688],[77.5580971,13.2209595],[77.558235,13.2212049],[77.5582384,13.2214259],[77.5582455,13.2214218],[77.5582913,13.2214197],[77.5583956,13.2214151],[77.5584464,13.2214129],[77.5585637,13.2214076],[77.5585634,13.2214242],[77.5585606,13.2216222],[77.5585597,13.2216909],[77.5585588,13.2217533],[77.558543,13.2227393],[77.5585418,13.2228153],[77.5585297,13.2235673],[77.5583531,13.2235025],[77.5583525,13.223513],[77.5581167,13.2234277],[77.5580411,13.2234291],[77.5580287,13.2234293],[77.5579332,13.2234311],[77.5578559,13.2234321],[77.5574933,13.2234366],[77.5574956,13.2234811],[77.5575594,13.2246882],[77.5575649,13.2247924],[77.5576342,13.226103],[77.557646,13.2261421],[77.5578106,13.2266886],[77.5578249,13.226736],[77.5578491,13.2268161],[77.5579621,13.2269494],[77.558054,13.2274394],[77.5581397,13.227893],[77.558144,13.2279157],[77.558161,13.2280056],[77.5581797,13.2280321],[77.558188,13.2280439],[77.5582533,13.2281367],[77.5582583,13.2281437],[77.5582706,13.2281699],[77.5583886,13.2284391],[77.5584109,13.2284902],[77.5586114,13.2289473],[77.5586697,13.229156],[77.5589326,13.2300909],[77.55893,13.2300911],[77.558974,13.2301403],[77.5590434,13.2302179],[77.5591702,13.2303599],[77.5591721,13.2303765],[77.5591727,13.2303825],[77.5591973,13.2306033],[77.5592266,13.2308668],[77.5592331,13.2309235],[77.559243,13.2309572],[77.5594945,13.2318178],[77.5595359,13.2319412],[77.5595522,13.2319898],[77.5590197,13.2321725],[77.5590106,13.2321756],[77.5586172,13.2323111],[77.5585504,13.2323341],[77.5584751,13.23236],[77.5580564,13.2325102],[77.5578403,13.2325877],[77.5578211,13.2325946],[77.5577535,13.2326129],[77.5577521,13.2326133],[77.5576235,13.2326482],[77.5574933,13.2326834],[77.5574876,13.232685],[77.5570908,13.2328192],[77.5569663,13.2328614],[77.556886,13.2328885],[77.5567296,13.2329415],[77.5564512,13.2330172],[77.5557894,13.2331542],[77.5556818,13.2331763],[77.5556772,13.2331775],[77.5556242,13.2331884],[77.5555249,13.2332095],[77.5554739,13.2332211],[77.5554207,13.2332331],[77.5547049,13.2333974],[77.554545,13.2334833],[77.5544804,13.233518],[77.5542588,13.2335191],[77.5537804,13.2335227],[77.5536404,13.2335238],[77.5536371,13.2335238],[77.5534552,13.2335256],[77.5530166,13.2335724],[77.5530091,13.2335791],[77.5527602,13.2337981],[77.5525962,13.2339539],[77.5524332,13.2341077],[77.5521561,13.2343264],[77.5518956,13.2345295],[77.551819,13.2345893],[77.5517075,13.2346762],[77.5517011,13.2346674],[77.5507983,13.2334741],[77.5506199,13.2332383],[77.5504919,13.2330843],[77.5503287,13.232886],[77.5502009,13.2327307],[77.550026,13.2325042],[77.5493594,13.2316303],[77.5492903,13.2316482],[77.5482916,13.2319066],[77.5468966,13.2322523],[77.5467471,13.2322893],[77.546652,13.2323124],[77.5455526,13.2325751],[77.5451635,13.2326622],[77.5448144,13.2327408],[77.5447392,13.2327578],[77.544714,13.2327604],[77.5439049,13.2328469],[77.5438483,13.232853],[77.5437265,13.2329061],[77.5433179,13.2330849],[77.5433174,13.2330719],[77.5432946,13.2324648],[77.5432886,13.2323048],[77.5432842,13.2321921],[77.5432401,13.2311445],[77.5432169,13.2310195],[77.5430136,13.2299247],[77.5429496,13.2297064],[77.5428924,13.2295111],[77.5428884,13.2294973],[77.5426905,13.2288187],[77.5426319,13.2286983],[77.5423461,13.2281114],[77.5421099,13.2273713],[77.5420955,13.2273263],[77.5419423,13.2271688],[77.5419297,13.2271558],[77.5419153,13.227141],[77.5416907,13.2262958],[77.5412316,13.2260245],[77.5406607,13.226039],[77.5405236,13.225735],[77.5404555,13.2254825],[77.5404354,13.2254079],[77.5404335,13.2254073],[77.5400256,13.2252913],[77.5394295,13.2253852],[77.5390635,13.2255433],[77.53903,13.2255522],[77.5387156,13.2256316],[77.5386936,13.2256367],[77.538693,13.2256345],[77.5383923,13.2246402],[77.5381981,13.2239978],[77.5381905,13.2239543],[77.5381508,13.2237158],[77.5381489,13.2237042],[77.5381482,13.2236962],[77.5381482,13.2236961],[77.5381242,13.2234863],[77.5381146,13.2234001],[77.5380443,13.2231749],[77.5379876,13.2229931],[77.5379793,13.2229663],[77.5379066,13.2226669],[77.5376064,13.221431],[77.5376009,13.2214086],[77.5375966,13.2213906],[77.5375516,13.2211806],[77.5375197,13.2210322],[77.5375095,13.2209849],[77.5374834,13.2208484],[77.5374684,13.2207697],[77.537459,13.2207209],[77.5373784,13.220143],[77.5373026,13.2196017],[77.537295,13.2195477],[77.5372475,13.2190692],[77.5372299,13.2190684],[77.5368399,13.2190502],[77.5368216,13.2190541],[77.5366831,13.2190838],[77.5366359,13.219094],[77.5364561,13.2190708],[77.536268,13.2190465],[77.5362398,13.2190524],[77.5356847,13.2191685],[77.5353898,13.2192302],[77.5352904,13.2192554],[77.5349138,13.2193509],[77.5348996,13.2193545],[77.5348613,13.2193645],[77.5348429,13.2193693],[77.5345038,13.2194585],[77.5335475,13.2197099],[77.5335164,13.2197194],[77.5333617,13.2197664],[77.5333541,13.2197379],[77.5333389,13.2196801],[77.5333075,13.2196924],[77.5332993,13.2196955],[77.5327766,13.2199009],[77.5327691,13.2199018],[77.5327435,13.219905],[77.5323888,13.2199495],[77.5322363,13.2199997],[77.531873,13.2201191],[77.5318491,13.2201266],[77.5316482,13.2201903],[77.5313081,13.2202974],[77.5312881,13.2203008],[77.5310838,13.2203353],[77.5310547,13.2203441],[77.5304374,13.2205322],[77.5304088,13.2205414],[77.5302844,13.2205811],[77.5302502,13.220592],[77.5300887,13.2206432],[77.5300845,13.2206445],[77.5293766,13.2206692],[77.5286832,13.2207993],[77.5282046,13.2208937],[77.5280235,13.2209278],[77.527942,13.2209427],[77.5277762,13.2209732],[77.5277422,13.2209794],[77.5277382,13.2209801],[77.5275594,13.2210404],[77.5275138,13.2210557],[77.5274684,13.2210708],[77.5272938,13.221055],[77.5270974,13.2211492],[77.5270613,13.2211664],[77.5270841,13.2212058],[77.5271072,13.2212457],[77.5271752,13.2213632],[77.5272497,13.2214922],[77.5271281,13.221532],[77.527267,13.2215212],[77.5272711,13.2215628],[77.5272157,13.2215851],[77.5267314,13.2217808],[77.5265631,13.221701],[77.5264685,13.2216561],[77.5264701,13.2216416],[77.5264703,13.2216394],[77.5265177,13.2212182],[77.5265217,13.2211827],[77.5265294,13.2211145],[77.526538,13.2210386],[77.5264761,13.2208151],[77.5263368,13.2203085],[77.5262427,13.2202218],[77.5258318,13.2200534],[77.5257828,13.2200012],[77.5256146,13.2198221],[77.525533,13.2196852],[77.5255102,13.2195907],[77.5254122,13.2191827],[77.5253967,13.2191181],[77.5253805,13.2190968],[77.5252805,13.2189647],[77.525207,13.2188675],[77.5252312,13.2188301],[77.5252638,13.2187798],[77.5252983,13.2187266],[77.5249438,13.2177674],[77.5249395,13.2177559],[77.5249567,13.2177469],[77.5254083,13.2175138],[77.5254561,13.2174892],[77.525332,13.2172057],[77.5252642,13.2170893],[77.525086,13.2168322],[77.5250195,13.2167364],[77.5248865,13.2165729],[77.5248437,13.2165179],[77.5247429,13.2163968],[77.5246963,13.2163408],[77.5243997,13.2160944],[77.5242412,13.2159627],[77.5241743,13.2159706],[77.5238676,13.2160077],[77.5238669,13.2160037],[77.523865,13.2159879],[77.5238008,13.215472],[77.5236101,13.2149517],[77.523477,13.2148699],[77.5233516,13.2146791],[77.5232545,13.2143312],[77.5232256,13.2142993],[77.523193,13.2142633],[77.5230019,13.2140526],[77.5229653,13.2139684],[77.5228671,13.2137433],[77.522851,13.2137066],[77.5228163,13.2137235],[77.5227946,13.2137341],[77.5227686,13.2137467],[77.5226887,13.2137856],[77.5226367,13.2138109],[77.5223664,13.2138482],[77.5223605,13.213834],[77.5222902,13.2136663],[77.5223003,13.213539],[77.5222712,13.2134455],[77.5222509,13.2133804],[77.5222483,13.2133724],[77.5222305,13.2133155],[77.5222348,13.2131581],[77.5222221,13.2129623],[77.5222016,13.2126505],[77.522371,13.2121119],[77.5222994,13.2119869],[77.5221797,13.2117798],[77.5222168,13.211759],[77.5224794,13.2116131],[77.5224711,13.2115673],[77.5223809,13.2116229],[77.5223724,13.2115773],[77.5223244,13.2113175],[77.5223234,13.211315],[77.5221017,13.2107396],[77.522064,13.2105441],[77.5220736,13.2102468],[77.5220337,13.209653],[77.5221598,13.2095492],[77.5221457,13.2094466],[77.5221356,13.2093733],[77.5219975,13.2091876],[77.5220329,13.2089068],[77.5220613,13.2086767],[77.5220583,13.2086401],[77.5220189,13.2081793],[77.5220174,13.2081623],[77.5219329,13.2081686],[77.521862,13.2081738],[77.5218317,13.2081761],[77.5218047,13.2080922],[77.5217994,13.2080759],[77.5217808,13.2080183],[77.5215978,13.2075058],[77.5215857,13.2074718],[77.521582,13.207463],[77.5213334,13.2068629],[77.5211299,13.2069029],[77.5211094,13.2069069],[77.5206956,13.2069882],[77.5206893,13.206996],[77.52056,13.2071546],[77.5212277,13.2085954],[77.5213635,13.2086726],[77.5215325,13.2087685],[77.5217313,13.2088662],[77.5217194,13.208871],[77.5215149,13.2089535],[77.5214259,13.2090409],[77.5213942,13.2090721],[77.5212919,13.2091726],[77.5210548,13.2093212],[77.5209793,13.2093685],[77.5208424,13.2094543],[77.5209467,13.2099705],[77.5209538,13.2100105],[77.5209854,13.2100213],[77.5212567,13.2101142],[77.5214616,13.2101844],[77.5216166,13.210338],[77.5214799,13.2106153],[77.521381,13.2108474],[77.5210353,13.2109673],[77.5209825,13.2109856],[77.5204965,13.2110192],[77.5204462,13.2110237],[77.5204082,13.2110281],[77.5198038,13.2110981],[77.5196008,13.2111216],[77.5195951,13.2111223],[77.5195497,13.2107945],[77.5195425,13.2107483],[77.519535,13.2107003],[77.5195239,13.2106497],[77.519522,13.2106412],[77.5194617,13.2103665],[77.5194498,13.2103124],[77.5192131,13.2092351],[77.5191209,13.2092538],[77.5190977,13.2092585],[77.519033,13.2092716],[77.5188908,13.2093004],[77.5188555,13.2093075],[77.5185747,13.2093643],[77.5183529,13.209409],[77.5182215,13.2094355],[77.5181605,13.2094477],[77.5182148,13.2096343],[77.5182285,13.2096814],[77.5182389,13.209717],[77.5184584,13.2104695],[77.5185833,13.2108969],[77.5185986,13.2109495],[77.5186024,13.2109624],[77.5185911,13.2110771],[77.5185892,13.2110959],[77.5185843,13.2111461],[77.5185774,13.2112158],[77.5186308,13.2114866],[77.5186923,13.2117974],[77.5186966,13.2117912],[77.5187895,13.2117808],[77.519191,13.2117359],[77.5192504,13.2117293],[77.5192715,13.2118137],[77.5194237,13.2124214],[77.5194452,13.2125071],[77.5194467,13.2125133],[77.519513,13.2125615],[77.5195869,13.2126152],[77.5197684,13.2127471],[77.5198185,13.2127835],[77.5199093,13.2128496],[77.5199916,13.2133804],[77.5198954,13.2138434],[77.5199368,13.2139073],[77.5199484,13.2139252],[77.5200849,13.2141359],[77.5200886,13.2141417],[77.520029,13.2141444],[77.5199156,13.2141495],[77.5200219,13.2143401],[77.5199911,13.2145048],[77.5199792,13.2145686],[77.5198628,13.2144953],[77.5196255,13.2143455],[77.5194529,13.2144181],[77.5194027,13.2144105],[77.5186121,13.2142911],[77.5184531,13.2142708],[77.5184183,13.2142664],[77.5183777,13.2142612],[77.5184125,13.2144544],[77.5184905,13.2146852],[77.51861,13.2148447],[77.5186605,13.2149047],[77.518727,13.21497],[77.5188452,13.2150714],[77.5189615,13.2151631],[77.5190093,13.2152007],[77.5191013,13.2152732],[77.5192318,13.2154441],[77.5193348,13.2155989],[77.5194193,13.2164048],[77.5193125,13.2166681],[77.5193121,13.2166704],[77.5193083,13.2166747],[77.5192478,13.2167431],[77.5192168,13.2167783],[77.5188473,13.2171985],[77.5188473,13.2172221],[77.5188473,13.2172645],[77.5188474,13.2173085],[77.5188475,13.2173577],[77.5188502,13.217514],[77.5188399,13.2175989],[77.5188391,13.2176054],[77.5188289,13.217617],[77.5184698,13.2180271],[77.5181762,13.2183422],[77.518177,13.2183779],[77.5181723,13.2183829],[77.5181752,13.2184459],[77.5181769,13.2184848],[77.5181825,13.2186107],[77.5181837,13.2186621],[77.5181853,13.2186744],[77.5181862,13.2186952],[77.5181895,13.2187162],[77.5182014,13.2187929],[77.5182787,13.2192917],[77.5182805,13.2193038],[77.5183192,13.21953],[77.5184337,13.2201969],[77.5184667,13.2205989],[77.5184247,13.2206126],[77.5174333,13.2209362],[77.5174178,13.2212511],[77.5174174,13.2212592],[77.5172727,13.2213412],[77.5169368,13.2215316],[77.5169064,13.2215381],[77.5165561,13.2216125],[77.5155685,13.2219008],[77.5153092,13.2219726],[77.5141445,13.2222949],[77.514117,13.2223015],[77.5137798,13.2223816],[77.5131175,13.2225388],[77.5130784,13.2225468],[77.5121062,13.222746],[77.5120956,13.2227482],[77.5119075,13.2227867],[77.5115539,13.2228592],[77.5115109,13.222868],[77.5115144,13.222896],[77.5115394,13.2230957],[77.5115555,13.2232253],[77.5116732,13.2241982],[77.5116815,13.2242215],[77.5119256,13.2249113],[77.5119385,13.2249478],[77.5120222,13.225299],[77.5120377,13.2253641],[77.5120403,13.2260508],[77.5120016,13.2260617],[77.5119126,13.2260867],[77.5106396,13.2264457],[77.5099675,13.2266361],[77.5091339,13.22683],[77.5088702,13.2268918],[77.5087427,13.2269218],[77.508613,13.2269524],[77.507931,13.2271163],[77.5079284,13.2271113],[77.5078842,13.2268613],[77.5078167,13.226876],[77.5078144,13.2268706],[77.5077639,13.226751],[77.5076658,13.2265192],[77.5073957,13.2258388],[77.507239,13.2253815],[77.507225,13.2253315],[77.5068687,13.224063],[77.5068687,13.2240564],[77.5053466,13.2246732],[77.5051835,13.2247126],[77.5050497,13.2247394],[77.5049808,13.2247532],[77.5046963,13.2248102],[77.5045655,13.2248368],[77.5045522,13.2248395],[77.5045361,13.224852],[77.5041705,13.2251345],[77.5041311,13.2251519],[77.5038133,13.2252922],[77.5034775,13.225459],[77.5032699,13.225544],[77.5030269,13.2256948],[77.50269,13.2256279],[77.5026081,13.2256564],[77.5024838,13.2256998],[77.502175,13.2256937],[77.5021265,13.2255572],[77.50211,13.2255627],[77.5017747,13.2256733],[77.5016337,13.2257518],[77.501468,13.2258441],[77.5011886,13.2259999],[77.5013008,13.2265371],[77.5011825,13.226575],[77.5009646,13.226645],[77.5006579,13.2267435],[77.5003245,13.2268772],[77.4999103,13.2270433],[77.4999083,13.2270441],[77.4997117,13.2271066],[77.4995471,13.2270876],[77.4993072,13.2270598],[77.4989996,13.2270242],[77.4989356,13.2269968],[77.4986873,13.2268902],[77.4985794,13.2268436],[77.497357,13.2263159],[77.4958488,13.2256555],[77.4953456,13.2254848],[77.4949712,13.2253577],[77.4949115,13.2253374],[77.49485,13.2253165],[77.494525,13.2252095],[77.4939462,13.2250187],[77.4933993,13.2248664],[77.4932416,13.2248225],[77.4931336,13.2247939],[77.49265,13.2246652],[77.4925552,13.22464],[77.4924406,13.2246051],[77.4924273,13.2246011],[77.4920782,13.2244942],[77.4919802,13.2244642],[77.4917331,13.2243886],[77.4913399,13.2242682],[77.4912577,13.2242429],[77.4904555,13.2239946],[77.4901516,13.2239254],[77.4899808,13.2238924],[77.4899157,13.2238798],[77.4898399,13.2238651],[77.4892444,13.22375],[77.4876196,13.2234357],[77.4874968,13.2234118],[77.4871299,13.2233402],[77.4868289,13.2232975],[77.4832132,13.2227784],[77.4830487,13.2228278],[77.4825207,13.2229862],[77.4799835,13.2239267],[77.4794192,13.2241359],[77.4792573,13.2241959],[77.4792108,13.2242132],[77.4791142,13.2240659],[77.4789911,13.2238782],[77.4781952,13.2226445],[77.4780758,13.2224596],[77.4779275,13.2222312],[77.4778816,13.2221609],[77.4774022,13.2212818],[77.4772349,13.2209771],[77.477212,13.2209355],[77.4769855,13.2204636],[77.4768632,13.2202089],[77.476147,13.2187257],[77.4754734,13.2173366],[77.4752742,13.2169301],[77.475194,13.2167666],[77.4750334,13.2164389],[77.4747767,13.215916],[77.4744898,13.2153328],[77.4743768,13.2151034],[77.4742608,13.2143687],[77.4742405,13.2142394],[77.4742028,13.2140274],[77.4741674,13.2138286],[77.4741289,13.2136113],[77.4740867,13.2133738],[77.4740487,13.2131588],[77.473849,13.2120268],[77.4738286,13.2119112],[77.4738005,13.2117513],[77.4737883,13.211752],[77.4737175,13.2117459],[77.4736722,13.211742],[77.473667,13.2114986],[77.4736634,13.2113272],[77.4736129,13.2101216],[77.4736127,13.2101182],[77.4735819,13.2093862],[77.4734871,13.2072318],[77.4734851,13.2071871],[77.4734798,13.20707],[77.4735931,13.2070705],[77.4736838,13.2070709],[77.476247,13.2070827],[77.4787145,13.2070376],[77.4787854,13.2070364],[77.4788707,13.2069418],[77.4789128,13.2068951],[77.4788988,13.2068116],[77.4786172,13.2057133],[77.4785926,13.2056174],[77.4785837,13.2055827],[77.4782151,13.2041447],[77.4782114,13.2041302],[77.4782151,13.2040979],[77.4784493,13.2021005],[77.4784568,13.2020478],[77.4786286,13.2004905],[77.4786309,13.2004675],[77.4786352,13.2004246],[77.4786204,13.2001516],[77.4785784,13.1993621],[77.4785742,13.1992828],[77.4785353,13.1985233],[77.478518,13.1976277],[77.4785157,13.1976084],[77.4784189,13.196803],[77.47841,13.1967283],[77.4783663,13.1963628],[77.4783574,13.1962885],[77.4782434,13.1954443],[77.4781117,13.1948855],[77.4774758,13.1934402],[77.4774332,13.1932751],[77.4774231,13.1932358],[77.4774106,13.1931871],[77.47736,13.1929906],[77.4773044,13.1927747],[77.4772291,13.1924358],[77.4771818,13.1922229],[77.47717,13.1921697],[77.4771549,13.192102],[77.4771539,13.1920976],[77.4770913,13.1910584],[77.4770027,13.1905827],[77.4769972,13.190553],[77.4768561,13.1896905],[77.4767136,13.1892264],[77.4767041,13.1891957],[77.4764942,13.1885137],[77.4764791,13.1882118],[77.476477,13.1881706],[77.4763986,13.1879839],[77.4763142,13.1877827],[77.4764522,13.1877008],[77.4764678,13.1876916],[77.4762352,13.1868277],[77.4761036,13.1863073],[77.4760737,13.1861889],[77.4759469,13.1856872],[77.4759468,13.1856867],[77.4760052,13.1856171],[77.4757496,13.1850184],[77.4755312,13.1845069],[77.4754732,13.1843712],[77.4750152,13.1832987],[77.4749102,13.1831519],[77.4748798,13.1831088],[77.4744924,13.182832],[77.4738561,13.1823775],[77.473793,13.1823324],[77.4736586,13.1822364],[77.4736172,13.1822832],[77.4736105,13.1822744],[77.4729692,13.18143],[77.4723639,13.1805836],[77.4719787,13.1800413],[77.4713388,13.1791493],[77.4708358,13.178324],[77.4702169,13.1773284],[77.4699909,13.1767688],[77.4686634,13.173724],[77.4685306,13.1725211],[77.4684578,13.171731],[77.4683127,13.17041],[77.4682627,13.1701082],[77.4682831,13.1695357],[77.468315,13.1687997],[77.4683427,13.1680125],[77.4683656,13.167508],[77.4683959,13.1664276],[77.4684677,13.165903],[77.4685815,13.1650735],[77.4686522,13.1646489],[77.4687655,13.1638972],[77.4688487,13.1634982],[77.468863,13.1634297],[77.4688644,13.1634168],[77.4689851,13.1623117],[77.4689921,13.1622982],[77.4675753,13.1622859],[77.4674369,13.1622854],[77.4647381,13.1622755],[77.4645167,13.162275],[77.4642105,13.1622743],[77.4641666,13.1622742],[77.464157,13.1622742],[77.4639075,13.1622143],[77.4638229,13.1621941],[77.4617519,13.1617078],[77.4616856,13.1616922],[77.4616753,13.1616898],[77.4616165,13.1615763],[77.4614603,13.1612752],[77.4610495,13.1605031],[77.4609896,13.1603897],[77.4468569,13.1656064],[77.4397131,13.1667727],[77.4317958,13.1650843],[77.4130375,13.1322513],[77.4129636,13.1320219],[77.4111721,13.1280576],[77.4090373,13.1260052],[77.4085942,13.12565],[77.408594,13.1237032],[77.4081745,13.1233997],[77.4074872,13.1230677],[77.4061804,13.1231722],[77.4058706,13.1233145],[77.4047865,13.1234175],[77.404651,13.1236088],[77.404109,13.1240452],[77.4028761,13.124017],[77.4021357,13.1239701],[77.4013323,13.1239156],[77.4010492,13.1238991],[77.4002506,13.1238968],[77.3999118,13.1238683],[77.3975535,13.1235127],[77.397074,13.1186931],[77.3959124,13.118845],[77.3945573,13.1193005],[77.3940548,13.1194335],[77.3933785,13.1184782],[77.3929209,13.1176399],[77.3927219,13.1158852],[77.3927219,13.1150274],[77.4010077,13.118078],[77.4013086,13.1181364],[77.4012153,13.1173103],[77.4011257,13.1165792],[77.4008869,13.1156434],[77.4007079,13.1148636],[77.4005586,13.1136743],[77.4003994,13.11268],[77.4003073,13.112428],[77.400556,13.1121195],[77.4008742,13.11171],[77.4016328,13.111108],[77.4042346,13.109584],[77.4064026,13.1084725],[77.4078346,13.10779],[77.4089285,13.1071075],[77.4106987,13.1064444],[77.4116485,13.1062591],[77.4128319,13.1059275],[77.4135082,13.1058105],[77.4146519,13.1057713],[77.4158154,13.1055177],[77.4179038,13.1049228],[77.4166407,13.1045038],[77.4159145,13.1030709],[77.4154966,13.1018135],[77.4157733,13.1002147],[77.417086,13.0998441],[77.4187566,13.0988496],[77.4188162,13.0984206],[77.4187564,13.0978748],[77.4185177,13.0974069],[77.417324,13.0953795],[77.4159543,13.0932009],[77.4168783,13.0929029],[77.4178627,13.0925616],[77.4213581,13.0912353],[77.4209999,13.09028],[77.4200646,13.0871218],[77.4204822,13.0865368],[77.4214368,13.0862637],[77.4227892,13.0859905],[77.4234855,13.0872577],[77.423943,13.0874526],[77.4258722,13.0871598],[77.4280002,13.0866525],[77.4288355,13.0864574],[77.4287758,13.0860285],[77.4280849,13.0833755],[77.4266918,13.0787357],[77.4260152,13.0766692],[77.4244632,13.0722243],[77.4237021,13.0702699],[77.422474,13.0698461],[77.420883,13.0697294],[77.418934,13.0700806],[77.4176613,13.0703148],[77.4160051,13.0707336],[77.4158982,13.070775],[77.415667,13.0709286],[77.4150232,13.071633],[77.4141483,13.0723349],[77.4130745,13.0733489],[77.4114437,13.073583],[77.4094748,13.0735638],[77.4074574,13.0735555],[77.4069215,13.0734956],[77.4061856,13.0733982],[77.4048133,13.0732229],[77.4038189,13.073106],[77.4021483,13.0726577],[77.401313,13.0725213],[77.4002788,13.0724824],[77.3992049,13.072697],[77.3983895,13.0729895],[77.3977134,13.073204],[77.3962217,13.0715664],[77.3953466,13.0709621],[77.3943522,13.0706502],[77.3932179,13.0704511],[77.3924566,13.0703929],[77.3912566,13.0704974],[77.3893693,13.0699187],[77.3881499,13.0692357],[77.3871821,13.0686854],[77.3857304,13.0683534],[77.3851498,13.0682206],[77.3845207,13.0681447],[77.3841239,13.0678696],[77.3836526,13.0674091],[77.3833235,13.0669157],[77.3830719,13.0662896],[77.3829219,13.0657298],[77.3827792,13.0650325],[77.3827308,13.0644158],[77.3828275,13.0637991],[77.3831275,13.062357],[77.3829004,13.0600184],[77.3828806,13.0592013],[77.3829067,13.0582088],[77.3830258,13.0572165],[77.384792,13.0558935],[77.3860621,13.0553487],[77.3867567,13.0553876],[77.3876497,13.0554848],[77.3892572,13.0556988],[77.3900907,13.0557571],[77.3910234,13.0552707],[77.3916386,13.0549593],[77.3921943,13.0543562],[77.3927697,13.0536168],[77.3931468,13.0530137],[77.3933849,13.0529358],[77.3940172,13.0529481],[77.393713,13.052568],[77.3934914,13.0522719],[77.3932095,13.0520153],[77.3929679,13.0519264],[77.3923738,13.0518278],[77.3917999,13.0517093],[77.3916992,13.051127],[77.3917092,13.0501497],[77.3916589,13.0495081],[77.3916588,13.0490245],[77.3916689,13.0480176],[77.391548,13.0471786],[77.3914171,13.0461224],[77.3912559,13.0449083],[77.3911653,13.0441186],[77.3910646,13.0436152],[77.3909739,13.0428551],[77.3907221,13.0411968],[77.3906718,13.0405848],[77.3906068,13.0396654],[77.3905061,13.0389152],[77.3904557,13.0381156],[77.3903651,13.0368719],[77.3903348,13.0360723],[77.3903147,13.0355492],[77.3902844,13.0341969],[77.3902441,13.0337033],[77.3901433,13.0316403],[77.3895997,13.0307322],[77.3891063,13.0305249],[77.3889049,13.0292318],[77.3889955,13.0283632],[77.3890652,13.027519],[77.3891457,13.0265319],[77.3889443,13.0262161],[77.3875752,13.0260779],[77.3864678,13.025999],[77.385602,13.0261569],[77.3846959,13.0262754],[77.3838503,13.0263741],[77.3824811,13.0264729],[77.3808301,13.0267098],[77.3801052,13.0266506],[77.3792797,13.0265321],[77.3785549,13.0267098],[77.3772864,13.02746],[77.3765011,13.0280917],[77.3758769,13.0289011],[77.3755749,13.0287629],[77.3757561,13.027835],[77.3758367,13.025999],[77.3759374,13.0239459],[77.3763804,13.0229391],[77.3768636,13.0222678],[77.3769039,13.0217151],[77.3767831,13.0208662],[77.3765818,13.0189314],[77.3759576,13.016365],[77.3756959,13.0148646],[77.3755349,13.0145092],[77.3735618,13.0145289],[77.370969,13.0144674],[77.3705664,13.0142502],[77.3703046,13.013848],[77.369912,13.0132557],[77.3696906,13.0125844],[77.3696202,13.0118639],[77.3696769,13.0113125],[77.3696404,13.0097786],[77.3692378,13.0081992],[77.3690768,13.0064619],[77.3694795,13.0054749],[77.3703654,13.0043693],[77.3713721,13.0033823],[77.3714123,13.0026716],[77.3705811,13.0012362],[77.3702003,13.0003229],[77.3702918,12.999707],[77.3707309,12.9978533],[77.3713042,12.9960355],[77.3719384,12.9951506],[77.3720116,12.9943732],[77.3720175,12.9921717],[77.3720145,12.9921528],[77.3702192,12.9913302],[77.3685433,12.9910349],[77.3674491,12.9908883],[77.3670851,12.9906311],[77.3670794,12.990627],[77.3664555,12.9901863],[77.3659022,12.9894037],[77.3653329,12.9878772],[77.3644024,12.9876217],[77.3643622,12.98763],[77.3629917,12.9879134],[77.3616598,12.9886125],[77.36087,12.9886846],[77.3607823,12.9886761],[77.3602681,12.9886268],[77.3599126,12.9885927],[77.359622,12.9885675],[77.359609,12.9885541],[77.3589296,12.9878535],[77.3587918,12.9877113],[77.358377,12.9872835],[77.3576768,12.9868032],[77.3572963,12.9865805],[77.357097,12.9864639],[77.3568373,12.986312],[77.3566967,12.9862297],[77.3566927,12.9862274],[77.3562306,12.9859571],[77.3552425,12.9855686],[77.3546799,12.9843474],[77.3546491,12.9836653],[77.3546109,12.9828205],[77.3543162,12.9814846],[77.3542725,12.9812867],[77.3538098,12.9791889],[77.3537496,12.9787888],[77.3537328,12.9786772],[77.3536594,12.9781893],[77.3524339,12.9765911],[77.3519213,12.9757476],[77.3518781,12.9756767],[77.3515683,12.9757262],[77.3512548,12.9757763],[77.3511489,12.9757932],[77.3510704,12.9758057],[77.3503648,12.9751955],[77.3499263,12.9743868],[77.3499023,12.9743427],[77.3496485,12.9743151],[77.3495285,12.974302],[77.3479349,12.9741287],[77.3462174,12.973942],[77.3448098,12.9734939],[77.3423702,12.9731813],[77.3421375,12.9731515],[77.3416018,12.9730829],[77.3391172,12.9724849],[77.3389969,12.9724559],[77.3388686,12.972425],[77.3387988,12.972746],[77.3387629,12.9727306],[77.3386438,12.9726931],[77.3386101,12.9726865],[77.3386011,12.9726872],[77.3385946,12.9726863],[77.3385696,12.9726898],[77.3385481,12.9727109],[77.3385324,12.9727262],[77.3385127,12.9727585],[77.338469,12.9728299],[77.3382775,12.973143],[77.3381773,12.9732954],[77.3381182,12.9733596],[77.3379161,12.9735048],[77.3377819,12.9736087],[77.3376601,12.9737029],[77.3376555,12.9737689],[77.337652,12.9739295],[77.337652,12.9739296],[77.3376492,12.9740553],[77.3376458,12.9742089],[77.3376349,12.9746996],[77.3376265,12.9750724],[77.3375899,12.975281],[77.3374678,12.9757738],[77.3373816,12.9761457],[77.3373407,12.976322],[77.3373582,12.9764715],[77.3374717,12.9773095],[77.3374719,12.9773106],[77.3374895,12.9774437],[77.3375689,12.9780447],[77.3375966,12.9782841],[77.3376198,12.9783746],[77.337614,12.978376],[77.337447,12.9784146],[77.3374162,12.9783607],[77.3366376,12.9783181],[77.3364954,12.9783365],[77.3362553,12.9783944],[77.336241,12.9783963],[77.3361691,12.9784059],[77.336043,12.9784508],[77.3359337,12.9784913],[77.3358339,12.9785186],[77.3353841,12.9785973],[77.3350316,12.978654],[77.3348853,12.9786688],[77.3348372,12.9786639],[77.3347567,12.9786555],[77.3343611,12.9786667],[77.3340157,12.9786041],[77.3333361,12.978561],[77.3328657,12.9784795],[77.3324711,12.9782691],[77.3321951,12.9782643],[77.3316303,12.9782544],[77.3314286,12.978251],[77.3311824,12.9782086],[77.3309411,12.9781135],[77.3308085,12.9780612],[77.3307897,12.9780567],[77.3307041,12.9780173],[77.3306479,12.9779913],[77.3306163,12.9779768],[77.3305128,12.9779288],[77.3305057,12.9779258],[77.3304957,12.9779208],[77.3304788,12.9779134],[77.3304458,12.9778982],[77.3304197,12.9778861],[77.3303928,12.9778737],[77.33036,12.9778586],[77.3303296,12.9778446],[77.3303011,12.9778315],[77.3302841,12.9778236],[77.3302838,12.9778235],[77.3302794,12.9778213],[77.3302561,12.9778092],[77.330225,12.9777931],[77.3301893,12.9777746],[77.3301584,12.9777585],[77.3301291,12.9777433],[77.3301106,12.9777337],[77.3300775,12.9777166],[77.3300477,12.9777011],[77.3300242,12.9776889],[77.3300052,12.9776786],[77.3299879,12.97767],[77.3299876,12.9776699],[77.3296002,12.9774688],[77.3295663,12.9774513],[77.3293542,12.9773421],[77.3292969,12.9773126],[77.3292371,12.9772818],[77.3292043,12.9772649],[77.3291871,12.9772543],[77.329086,12.9771921],[77.3290154,12.9771488],[77.3290025,12.9771408],[77.3289058,12.9770813],[77.3288449,12.9770763],[77.3287855,12.9770714],[77.3287755,12.9770706],[77.3287751,12.9770724],[77.3287731,12.9770704],[77.3287698,12.9770671],[77.3287004,12.9769987],[77.328257,12.9812251],[77.3273538,12.9850758],[77.3267678,12.9879459],[77.3260843,12.990505],[77.3256326,12.9926337],[77.3244733,12.9961494],[77.3233662,13.0012315],[77.323223,13.002971],[77.3230213,13.0044911],[77.3226989,13.005794],[77.3223766,13.0067416],[77.3219334,13.0078668],[77.3219333,13.0083208],[77.3220741,13.0087749],[77.322819,13.0091107],[77.3244095,13.0091703],[77.3265839,13.0089338],[77.3278322,13.0088749],[77.3277312,13.010237],[77.3273887,13.0116781],[77.3272391,13.0129643],[77.3271265,13.0135141],[77.3264817,13.0161199],[77.3261592,13.0180348],[77.3257962,13.0207394],[77.3255958,13.0218766],[77.3254736,13.0225358],[77.3254534,13.0229109],[77.3256748,13.0234835],[77.3265605,13.024372],[77.3274665,13.0248065],[77.3286946,13.0253003],[77.3299629,13.0260705],[77.3301439,13.026801],[77.3302952,13.0276878],[77.3302041,13.0282817],[77.3301032,13.0293477],[77.3293982,13.0303544],[77.3291967,13.0311046],[77.3294987,13.0316771],[77.3299616,13.0325854],[77.3300822,13.033612],[77.3300216,13.0344411],[77.3301825,13.0354282],[77.3302427,13.0363561],[77.330162,13.037284],[77.3299202,13.0381921],[77.3296582,13.0391396],[77.3297185,13.0399096],[77.3306043,13.0404823],[77.3311076,13.0410351],[77.3311881,13.0416471],[77.3311274,13.0429106],[77.3308856,13.0437792],[77.330664,13.0445689],[77.3304221,13.0455756],[77.3300796,13.0467601],[77.3299172,13.0474601],[77.329878,13.0476287],[77.3294752,13.0482406],[77.3293743,13.0491685],[77.3291728,13.0498791],[77.3283874,13.0502146],[77.3278236,13.0502737],[77.3269376,13.0501551],[77.3257698,13.0497205],[77.3246222,13.0487924],[77.3239986,13.0477887],[77.3238775,13.0470155],[77.3229712,13.0480616],[77.3221052,13.0484168],[77.3211789,13.0485745],[77.3200513,13.0485348],[77.3185814,13.0481791],[77.3170713,13.0478233],[77.3152591,13.0475268],[77.3132057,13.0470952],[77.3110509,13.0463214],[77.3106477,13.0481573],[77.3102444,13.0503091],[77.3097,13.0529149],[77.3093571,13.0549679],[77.3092475,13.056459],[77.3093758,13.060012],[77.3091618,13.0637002],[77.3087184,13.0651807],[77.3087019,13.0663061],[77.3086978,13.0665824],[77.3087173,13.068754],[77.3089585,13.0705111],[77.3093202,13.0731171],[77.3091989,13.0748544],[77.3092792,13.0758612],[77.3093796,13.0769273],[77.3096409,13.0786844],[77.3095167,13.0798869],[77.3094389,13.080856],[77.3093379,13.0817641],[77.3092771,13.0832447],[77.3095185,13.0842318],[77.3095989,13.0849031],[77.3102225,13.0871933],[77.3106551,13.0888073],[77.3108662,13.0899129],[77.3110169,13.0915318],[77.3110872,13.0919563],[77.3111675,13.0929236],[77.311419,13.0939207],[77.3118114,13.0951448],[77.3122239,13.0964281],[77.3125458,13.0975831],[77.3127268,13.0988861],[77.3129449,13.0998165],[77.3131693,13.1007518],[77.3133806,13.1016698],[77.3135817,13.1026076],[77.3138734,13.1040192],[77.3142356,13.105342],[77.3143407,13.1061426],[77.3140377,13.1063346],[77.3133528,13.1067688],[77.3127081,13.1072029],[77.3115801,13.1075975],[77.3100895,13.1081499],[77.3092435,13.108426],[77.3079543,13.1090179],[77.3070278,13.1092151],[77.305376,13.1097279],[77.3039257,13.1103098],[77.3030866,13.1107071],[77.302717,13.110882],[77.301126,13.1103485],[77.300119,13.1099731],[77.299394,13.1097557],[77.2990114,13.1096964],[77.2964939,13.109123],[77.2950033,13.109399],[77.2935026,13.1098377],[77.2928278,13.110104],[77.292596,13.1107653],[77.2924443,13.1124531],[77.2923329,13.1143384],[77.2922416,13.1161941],[77.2921199,13.1184348],[77.2920591,13.1195798],[77.2920327,13.1199566],[77.2919477,13.121169],[77.2907091,13.1209909],[77.289269,13.1207239],[77.2882015,13.1206643],[77.2874442,13.1208873],[77.2870702,13.1211808],[77.286788,13.121694],[77.2865662,13.1223849],[77.2863642,13.123826],[77.2860831,13.1250003],[77.285885,13.1259604],[77.2855781,13.1270065],[77.2854117,13.1279282],[77.285162,13.1298801],[77.2849949,13.1328148],[77.2847454,13.1343533],[77.2832516,13.1342714],[77.2807343,13.1343247],[77.2795172,13.1341344],[77.2791254,13.1337665],[77.2792693,13.1315588],[77.27927,13.1297965],[77.279105,13.1275191],[77.2792964,13.1259906],[77.2784417,13.1259735],[77.2778263,13.1253978],[77.277002,13.1216465],[77.2767105,13.1201115],[77.2764691,13.11945],[77.2757946,13.1188674],[77.2751157,13.1185573],[77.2747725,13.1184857],[77.2740072,13.118436],[77.2732922,13.1183666],[77.2731543,13.1183351],[77.2705307,13.1183273],[77.2689547,13.118437],[77.2684106,13.1188513],[77.2676042,13.1204501],[77.2667372,13.1223647],[77.2665384,13.1230244],[77.2662733,13.1239043],[77.2660928,13.1259644],[77.2654265,13.1275818],[77.2654257,13.1293712],[77.2660609,13.1316217],[77.2661988,13.1323809],[77.2671656,13.1353907],[77.2673028,13.1379392],[77.2672747,13.1388067],[77.266942,13.1405688],[77.2670793,13.1426564],[77.2673556,13.1435241],[77.2691536,13.143796],[77.2709244,13.1431461],[77.2727507,13.1418997],[77.2739412,13.1397856],[77.2742726,13.1410328],[77.274659,13.1420287],[77.27488,13.1437984],[77.2749619,13.146374],[77.2748785,13.1474042],[77.2749331,13.1490309],[77.2749322,13.1512811],[77.2750423,13.1525825],[77.2732719,13.1522294],[77.2713076,13.1523641],[77.2697169,13.1524515],[77.2682372,13.1516308],[77.2661905,13.1505997],[77.2657478,13.1505995],[77.2644751,13.1508971],[77.2624001,13.1511402],[77.2618469,13.1511128],[77.2605743,13.1511936],[77.2590525,13.1515182],[77.2572264,13.1519511],[77.2552896,13.1525466],[77.2533258,13.1517323],[77.2513617,13.1515145],[77.2489311,13.1518962],[77.247828,13.1512455],[77.2464224,13.1501242],[77.2454184,13.1496542],[77.2440277,13.1480293],[77.2427159,13.1469691],[77.2416259,13.146364],[77.2409255,13.1462355],[77.2399472,13.1463788],[77.2382821,13.1463795],[77.2363255,13.1465027],[77.2349206,13.1466563],[77.2341089,13.146779],[77.2330474,13.1470344],[77.2323392,13.1471801],[77.2319547,13.1472592],[77.2315905,13.147341],[77.2312155,13.1465762],[77.2309967,13.1460255],[77.2307467,13.1454238],[77.2307569,13.144975],[77.2304341,13.144608],[77.2297163,13.1452202],[77.2291234,13.1460058],[77.2284159,13.1465466],[77.2275624,13.1463838],[77.2268338,13.1462515],[77.2258555,13.1461906],[77.2247003,13.1461095],[77.2235346,13.1460691],[77.2222593,13.14593],[77.2208286,13.1457641],[77.2198087,13.1457237],[77.2189343,13.145214],[77.2179142,13.1449084],[77.2174979,13.1448677],[77.2171026,13.145337],[77.2162288,13.1464185],[77.2152925,13.1477039],[77.2136038,13.1497507],[77.2135034,13.1504787],[77.2132124,13.1516008],[77.2133796,13.1536406],[77.213588,13.1545585],[77.2138593,13.1564555],[77.2143707,13.1578673],[77.2154838,13.1589946],[77.2160982,13.1600143],[77.2162858,13.1607486],[77.2162757,13.1616054],[77.2160678,13.162146],[77.2157661,13.1626969],[77.2149962,13.1635539],[77.2143199,13.1642885],[77.2140602,13.1656349],[77.2135614,13.1679095],[77.2133534,13.1685521],[77.2127811,13.1689603],[77.2119069,13.1692869],[77.2114491,13.1696237],[77.210856,13.1701644],[77.2100444,13.17095],[77.2098364,13.1714601],[77.2093995,13.1724496],[77.2089417,13.1730617],[77.208411,13.173225],[77.2077656,13.1732762],[77.2074014,13.1735823],[77.2072975,13.1740311],[77.2072831,13.1746628],[77.2072771,13.1752142],[77.2073606,13.176071],[77.2073506,13.1773459],[77.2075642,13.1781975],[77.207555,13.1788445],[77.2071535,13.1796204],[77.2064149,13.180712],[77.2060299,13.1812527],[77.2054576,13.1820178],[77.2041466,13.1835379],[77.2035887,13.1844771],[77.2048136,13.1864075],[77.2048137,13.1864076],[77.2056679,13.1887531],[77.2064909,13.190956],[77.206814,13.192139],[77.2072101,13.1937912],[77.2072883,13.1943368],[77.2075127,13.1961981],[77.2075024,13.1966163],[77.2062117,13.1968003],[77.2028704,13.1973214],[77.2029528,13.1946084],[77.2009542,13.1945069],[77.2009027,13.1962715],[77.2002573,13.1964654],[77.1993414,13.1968023],[77.199873,13.1994743],[77.200311,13.2019935],[77.2002488,13.2031562],[77.1997286,13.2040233],[77.1980842,13.2051151],[77.196221,13.2058193],[77.1950969,13.2066254],[77.1948268,13.2086347],[77.1945567,13.2106441],[77.1944633,13.2119802],[77.194422,13.2130461],[77.1944741,13.2135458],[77.1944644,13.216218],[77.1946001,13.2174623],[77.1946266,13.2191248],[77.1945748,13.2203386],[77.1944657,13.2211035],[77.1943047,13.222251],[77.1942581,13.2231384],[77.1940554,13.2243011],[77.1919733,13.2247912],[77.1892042,13.2251999],[77.1870179,13.2251596],[77.1863517,13.2251801],[77.1863516,13.2251801],[77.1853316,13.2261901],[77.1843116,13.2272],[77.1834685,13.2278428],[77.1827919,13.2285467],[77.1826878,13.2287201],[77.1826567,13.2290975],[77.1826568,13.2295054],[77.1828859,13.2301378],[77.1830996,13.2311576],[77.1830996,13.2311577],[77.1833184,13.2317492],[77.1836153,13.2329373],[77.1837977,13.2336156],[77.1843911,13.2336461],[77.1846829,13.2350841],[77.1847143,13.2358592],[77.1854159,13.2360418],[77.1861513,13.236532],[77.1858179,13.2385194],[77.186859,13.2384987],[77.1897954,13.2375511],[77.190212,13.2378366],[77.1910453,13.2395703],[77.191837,13.2411408],[77.1921808,13.2421403],[77.1924519,13.2435579],[77.1922855,13.2444963],[77.1909742,13.2468017],[77.1902093,13.2479608],[77.1895588,13.2487806],[77.1895587,13.2487807],[77.188164,13.2505353],[77.1869545,13.2512144],[77.186722,13.2514286],[77.1867219,13.2514286],[77.1866067,13.2516048],[77.1866067,13.2516049],[77.1866068,13.2518805],[77.1866808,13.25239],[77.1867361,13.2527709],[77.186686,13.2534562],[77.1866855,13.2534624],[77.1865565,13.2541765],[77.186409,13.2547234],[77.1862825,13.2549978],[77.1861923,13.2551934],[77.1860213,13.2554311],[77.1859939,13.2554692],[77.185648,13.2558218],[77.1851682,13.256179],[77.1849887,13.2563138],[77.1846931,13.256536],[77.1844947,13.2566491],[77.1841165,13.2568751],[77.183669,13.2572142],[77.1834891,13.2573589],[77.1834891,13.2575693],[77.1834891,13.2576165],[77.1839322,13.2584254],[77.184463,13.2594964],[77.1848738,13.2603234],[77.1849981,13.2605608],[77.1851693,13.2608882],[77.1855017,13.2615164],[77.1856911,13.262284],[77.1858295,13.2628451],[77.1860606,13.2643952],[77.186444,13.2664786],[77.1866566,13.2679565],[77.1867215,13.2691858],[77.1867999,13.2704016],[77.1869308,13.2717809],[77.1869899,13.2724035],[77.1870431,13.2726119],[77.1871053,13.2728555],[77.1872452,13.2731539],[77.187567,13.2738406],[77.1876598,13.2740518],[77.1880933,13.2750382],[77.188195,13.2757341],[77.188292,13.2761228],[77.1883935,13.2763981],[77.1883937,13.2763982],[77.1883939,13.2763985],[77.1900913,13.2753812],[77.1911616,13.2747482],[77.1915767,13.2739888],[77.1917886,13.2728725],[77.1919223,13.2722894],[77.191853,13.2717697],[77.1918897,13.2712002],[77.1918065,13.2706353],[77.1918388,13.270328],[77.1920508,13.2696997],[77.1924798,13.2692115],[77.1924613,13.2690172],[77.192978,13.2687052],[77.1936054,13.2683118],[77.1937115,13.2682304],[77.1945605,13.2681444],[77.1956308,13.2679181],[77.1962906,13.267823],[77.1972642,13.2678047],[77.1985192,13.2678044],[77.1989898,13.2677771],[77.1999127,13.2682469],[77.2006922,13.2670174],[77.2008094,13.2668503],[77.2009493,13.2666511],[77.2012825,13.2661766],[77.2027861,13.2643503],[77.2031136,13.2639118],[77.2044004,13.2624742],[77.2045987,13.2622753],[77.2049955,13.2621125],[77.207104,13.2619853],[77.2111641,13.261758],[77.2160502,13.2615621],[77.21707,13.2620137],[77.2193358,13.2629484],[77.2221431,13.2683482],[77.2208571,13.272005],[77.2204864,13.2731018],[77.2200321,13.2744458],[77.2200412,13.2744851],[77.2200777,13.2746315],[77.2206282,13.2769043],[77.220892,13.2788114],[77.2207453,13.2805112],[77.220428,13.2841897],[77.220374,13.2849298],[77.2203315,13.2855139],[77.2203378,13.2855339],[77.2209246,13.2873887],[77.2209378,13.2874306],[77.22172,13.2903087],[77.2217916,13.2905708],[77.2220947,13.29182],[77.2225125,13.2935217],[77.223566,13.2971279],[77.2244717,13.3002641],[77.2257186,13.3027448],[77.2272428,13.3060299],[77.2282961,13.3090259],[77.2282962,13.3090259],[77.228629,13.3102913],[77.2287612,13.3113289],[77.2290131,13.3133056],[77.2290132,13.3133056],[77.2303883,13.3129435],[77.2311312,13.3127715],[77.2316988,13.3126673],[77.2324645,13.3119665],[77.2328473,13.3112794],[77.2331008,13.3105064],[77.2332021,13.3101539],[77.2335342,13.3096204],[77.2349879,13.3098684],[77.2355325,13.3099812],[77.2365154,13.3097954],[77.2369399,13.3096778],[77.2382272,13.3091575],[77.2387256,13.3090533],[77.2395885,13.3089354],[77.2402251,13.3085058],[77.2406862,13.3077057],[77.2409951,13.3069734],[77.2411425,13.3064038],[77.2412899,13.3058388],[77.2413727,13.3052648],[77.2414555,13.3046908],[77.2416768,13.3042523],[77.2420135,13.3037731],[77.2423548,13.3034024],[77.2427007,13.3030316],[77.2429682,13.302697],[77.2431111,13.3023987],[77.2448186,13.3025154],[77.2452003,13.3024854],[77.2463229,13.3023972],[77.2475596,13.3022204],[77.2489278,13.3018596],[77.248928,13.3018595],[77.2494471,13.3017085],[77.2505683,13.302039],[77.2526635,13.3017327],[77.2527785,13.3024876],[77.2531005,13.3044492],[77.2537456,13.3062619],[77.2547318,13.3088746],[77.2557101,13.3089203],[77.2575697,13.309224],[77.2595584,13.309686],[77.2652387,13.310832],[77.2668999,13.3111039],[77.2686673,13.311159],[77.2698245,13.3111513],[77.2695449,13.3094509],[77.2695229,13.3072002],[77.2696251,13.3056139],[77.2699577,13.3049994],[77.2706964,13.3040913],[77.272788,13.3015386],[77.2733052,13.300879],[77.2740301,13.2999844],[77.2747619,13.2986479],[77.2752539,13.2976799],[77.2769936,13.2976716],[77.279361,13.2975053],[77.2816591,13.2972757],[77.2810029,13.2996482],[77.28079,13.3010944],[77.2807742,13.3018154],[77.2807636,13.3023028],[77.2807301,13.303835],[77.2807288,13.303892],[77.2806404,13.3056546],[77.2808196,13.3076026],[77.2808378,13.3081675],[77.2808746,13.3085743],[77.2811969,13.3103958],[77.2816399,13.3104954],[77.2830581,13.310634],[77.2848424,13.3108085],[77.2866051,13.3111526],[77.2877318,13.3111562],[77.2886447,13.3111592],[77.2897386,13.3111627],[77.2915239,13.3111269],[77.2939236,13.3110788],[77.29781,13.3108129],[77.3007912,13.3106557],[77.3025731,13.3106422],[77.30488,13.3105982],[77.3086687,13.3106083],[77.3091136,13.311993],[77.3099737,13.3146697],[77.3107481,13.3169859],[77.3111721,13.3190424],[77.3119143,13.3220843],[77.3198903,13.3249388],[77.323936,13.3263421],[77.3252846,13.3280005],[77.327508,13.3283103],[77.3292575,13.3303696],[77.3318088,13.3282192],[77.335891,13.3286019],[77.3385211,13.3291096],[77.3385318,13.329151],[77.3387395,13.3303372],[77.3388137,13.3307585],[77.3389751,13.3316082],[77.3391645,13.3323985],[77.3392979,13.3329551],[77.339443,13.3333957],[77.3396208,13.3339359],[77.3403222,13.334641],[77.3403222,13.3346411],[77.3407328,13.3356309],[77.3407698,13.3359264],[77.3408296,13.3364037],[77.3408968,13.3369487],[77.3409863,13.3376738],[77.3413047,13.3378681],[77.3438244,13.3396989],[77.3438244,13.339699],[77.3439669,13.3433462],[77.3441143,13.3454207],[77.3444693,13.3476941],[77.3445659,13.3501346],[77.3433474,13.3503333],[77.3423457,13.3508349],[77.3420224,13.3520461],[77.3415699,13.3533431],[77.3413944,13.3538767],[77.3413112,13.3541295],[77.3413799,13.3542935],[77.3414266,13.3544051],[77.3415834,13.3554085],[77.3414178,13.3562542],[77.3412507,13.3571077],[77.3412507,13.3571078],[77.3422046,13.3603058],[77.3422887,13.360588],[77.3423855,13.3616682],[77.3423806,13.3633494],[77.3423804,13.3646239],[77.3423804,13.364624],[77.3424449,13.3656454],[77.3433884,13.3681529],[77.3444704,13.3710284],[77.3446195,13.3713935],[77.3448672,13.3720002],[77.3455459,13.3736791],[77.3456977,13.3746261],[77.3447883,13.3746395],[77.3436897,13.374793],[77.3418718,13.3756555],[77.3409937,13.3764694],[77.3408366,13.3770343],[77.340938,13.3777891],[77.3410394,13.3789009],[77.3415331,13.3807088],[77.3423589,13.3848911],[77.3424498,13.3852837],[77.3426233,13.3860325],[77.3426233,13.3860326],[77.3432074,13.3887899],[77.3435255,13.3913661],[77.3433878,13.3914384],[77.3429943,13.3916452],[77.3429942,13.3916453],[77.342455,13.391927],[77.3425389,13.3922819],[77.3426482,13.3927445],[77.342777,13.3938195],[77.3429156,13.3949771],[77.3432523,13.3970968],[77.3423379,13.3986649],[77.3429701,13.4005994],[77.343045,13.4008339],[77.3430531,13.4008593],[77.3431362,13.4011192],[77.3433049,13.4019348],[77.343473,13.4026739],[77.3443587,13.4067326],[77.3445478,13.4075958],[77.3447646,13.4088523],[77.3448728,13.4099794],[77.345115,13.4125041],[77.3451795,13.4134125],[77.3455162,13.4155638],[77.3458898,13.4175615],[77.3493803,13.4169247],[77.3500359,13.4168299],[77.3513563,13.4165046],[77.3525244,13.4161206],[77.3536233,13.4156778],[77.3551404,13.4155043],[77.3571875,13.4149505],[77.3584571,13.4148467],[77.3593343,13.4150817],[77.3601191,13.4156648],[77.3609085,13.4166637],[77.3619841,13.418458],[77.3628704,13.4200444],[77.3628979,13.4223268],[77.3629763,13.4241346],[77.3630085,13.4253413],[77.3628514,13.4269276],[77.3627722,13.4276876],[77.3627196,13.4281929],[77.3626758,13.4286134],[77.3626758,13.4287495],[77.3626758,13.428975],[77.3625344,13.429375],[77.3625049,13.4294585],[77.3621724,13.4298833],[77.36202,13.4303714],[77.3620476,13.4317318],[77.3625045,13.4344435],[77.3625045,13.4344436],[77.3619707,13.4369182],[77.3611237,13.4372681],[77.3599232,13.4375121],[77.3593135,13.4375555],[77.3584642,13.437616],[77.3568851,13.4376971],[77.3564464,13.4381536],[77.3560631,13.4387185],[77.3557398,13.4396631],[77.3551487,13.4405443],[77.3549086,13.4407431],[77.3546362,13.4407431],[77.3533803,13.4403181],[77.3533372,13.4407092],[77.3532971,13.4410729],[77.3532608,13.4413775],[77.353211,13.4417944],[77.3531214,13.44284],[77.3530911,13.4430735],[77.3530152,13.443658],[77.3528073,13.4440512],[77.3521193,13.4445211],[77.3517286,13.4447658],[77.3511957,13.4450995],[77.3506733,13.4453776],[77.3494641,13.4460212],[77.3483974,13.4465861],[77.3484126,13.4472284],[77.3484342,13.4481397],[77.3484744,13.4500711],[77.3485212,13.4523214],[77.3485411,13.4538406],[77.3485487,13.4544275],[77.3485161,13.4567459],[77.3486176,13.4571843],[77.3505569,13.4576592],[77.3515727,13.4580524],[77.3525285,13.4586084],[77.3535421,13.4594165],[77.3540707,13.4598379],[77.3553034,13.4612481],[77.3560699,13.4619306],[77.3571919,13.462568],[77.3584433,13.4630562],[77.3601564,13.4635489],[77.3621281,13.4638835],[77.3628599,13.4639101],[77.3631256,13.4639197],[77.3648064,13.4637029],[77.3661179,13.4635629],[77.3661594,13.4641685],[77.3662794,13.4651085],[77.366464,13.4670565],[77.3668148,13.4694518],[77.3691191,13.469479],[77.3701858,13.4696056],[77.3717609,13.4698176],[77.3733951,13.4700351],[77.3733952,13.4700351],[77.3727361,13.4717662],[77.3719774,13.4737591],[77.3717655,13.4743215],[77.3715755,13.4748257],[77.3702131,13.4782152],[77.3706918,13.4793056],[77.3709473,13.4798875],[77.3710551,13.4802156],[77.3711181,13.4804072],[77.3722956,13.4831054],[77.3736672,13.4831099],[77.3756068,13.4831145],[77.3770984,13.4833269],[77.3770892,13.4837247],[77.3772093,13.4847461],[77.3775229,13.4864766],[77.3780728,13.4897582],[77.3783083,13.4901423],[77.3788163,13.4908654],[77.3798646,13.4921354],[77.38113,13.4938212],[77.3821922,13.4955431],[77.3825479,13.4961849],[77.3832175,13.4970345],[77.3838641,13.4978209],[77.3846631,13.4990683],[77.384728,13.4990318],[77.385656,13.4985666],[77.3863626,13.4982547],[77.3875957,13.4978841],[77.3907177,13.4964377],[77.3924911,13.4955608],[77.3942599,13.4946704],[77.3961672,13.4937619],[77.3986287,13.4928759],[77.3990767,13.4927674],[77.3998987,13.492686],[77.4004991,13.4928351],[77.4008778,13.4929751],[77.4014967,13.4933683],[77.4022357,13.4939693],[77.4031548,13.4946607],[77.4037043,13.4943623],[77.4041015,13.4942086],[77.4057642,13.4950084],[77.4071728,13.4956591],[77.4076301,13.4961607],[77.4079627,13.4967934],[77.4105196,13.4953713],[77.413652,13.4932946],[77.4155269,13.4920108],[77.4155907,13.4860722],[77.4165928,13.4857918],[77.4176088,13.4855567],[77.4185324,13.4854661],[77.4193913,13.4854208],[77.4207814,13.48552],[77.4216219,13.4855831],[77.4226563,13.484896],[77.4231226,13.4844711],[77.4236721,13.4837795],[77.4242855,13.4827403],[77.4248308,13.4815648],[77.4249323,13.4811263],[77.4247245,13.4808914],[77.4245536,13.480688],[77.4243826,13.4800915],[77.4241283,13.4784103],[77.4239296,13.4775155],[77.4235044,13.4754004],[77.4232178,13.4740039],[77.4229775,13.472856],[77.4228619,13.4719296],[77.4249444,13.4711428],[77.4256324,13.4709077],[77.4267499,13.4708487],[77.427789,13.4710067],[77.4312567,13.4698219],[77.4325589,13.4693968],[77.4344012,13.4687411],[77.4342625,13.4679095],[77.4335971,13.4657403],[77.4333799,13.4649675],[77.4330195,13.4639823],[77.4359746,13.4630597],[77.4394838,13.4617934],[77.4401025,13.4616261],[77.4412523,13.4614224],[77.4443092,13.461381],[77.4460732,13.46162],[77.4469183,13.4618096],[77.4479251,13.462302],[77.4490474,13.4630203],[77.4494908,13.4633501],[77.450313,13.4643396],[77.4527601,13.4642115],[77.4548014,13.4642841],[77.4545719,13.4686138],[77.4581416,13.4691099],[77.4587044,13.4674962],[77.4592582,13.4663978],[77.4599782,13.4652225],[77.4613351,13.4628719],[77.4622126,13.4633462],[77.4638015,13.4644981],[77.4658708,13.4662284],[77.4668455,13.4671546],[77.4674644,13.4675024],[77.4683695,13.4675653],[77.468799,13.4677098],[77.4695011,13.4680892],[77.4714733,13.4693629],[77.4748667,13.4673324],[77.4766164,13.4664098],[77.4775447,13.4666761],[77.4777524,13.4662964],[77.4797059,13.4668198],[77.4817333,13.4673885],[77.4832621,13.467894],[77.483779,13.4672023],[77.4853112,13.4651182],[77.4866726,13.4633912],[77.4885971,13.4609272],[77.4888558,13.4609769],[77.4894375,13.4608998],[77.490781,13.4603523],[77.4910903,13.4601669],[77.491325,13.4600077],[77.4919908,13.4597814],[77.4925032,13.4593879],[77.4934819,13.4588904],[77.4946871,13.4588446],[77.4988958,13.4588834],[77.4997455,13.4588838],[77.5008353,13.4587488],[77.5021099,13.4584738],[77.5032413,13.4583388],[77.5047008,13.4577971],[77.5066407,13.4566592],[77.50671,13.4566186],[77.5054916,13.455461],[77.5054514,13.455353],[77.5052841,13.4549186],[77.5049153,13.453784],[77.5048934,13.4513842],[77.5047969,13.4504305],[77.5048668,13.4491606],[77.504844,13.4486589],[77.5041069,13.4454859],[77.50419,13.4454543],[77.505751,13.4448721],[77.5096437,13.4442412],[77.515942,13.4438826],[77.5159192,13.4431324],[77.5159194,13.442825],[77.5159194,13.4427708],[77.5161783,13.4421608],[77.516594,13.4417497],[77.5167789,13.4414108],[77.5168253,13.4407555],[77.5168256,13.4402313],[77.5167104,13.4396844],[77.5168491,13.4393907],[77.5171032,13.4390744],[77.5176621,13.4384826],[77.5180549,13.4378953],[77.5187018,13.4367386],[77.5191455,13.4357174],[77.5203278,13.4351258],[77.5205542,13.4349841],[77.5209513,13.434742],[77.5212977,13.434358],[77.5214595,13.4340417],[77.5215462,13.4332695],[77.5216295,13.4328266],[77.521893,13.4321804],[77.5221563,13.4318145],[77.522475,13.4315299],[77.5228213,13.4314803],[77.5232968,13.4315031],[77.5240956,13.4315034],[77.5251806,13.4314813],[77.5255269,13.4315176],[77.52579,13.4315313],[77.5265347,13.4316801],[77.5276243,13.4317483],[77.5284554,13.4317487],[77.5301731,13.4315686],[77.5312119,13.4315193],[77.5318168,13.4314065],[77.5334837,13.4310682],[77.5345504,13.4307523],[77.5353116,13.4323163],[77.5361466,13.4342238],[77.5367925,13.4355618],[77.5370784,13.4364793],[77.538422,13.4365702],[77.5393962,13.436661],[77.5412476,13.4368198],[77.5428682,13.4369017],[77.5429652,13.4369063],[77.5430067,13.4369108],[77.5443503,13.4370468],[77.544932,13.43716],[77.5455091,13.4374088],[77.5459938,13.4377298],[77.5472823,13.4367586],[77.5484415,13.4358731],[77.5496654,13.4348295],[77.5503628,13.4342422],[77.5502706,13.4337631],[77.5502614,13.4336998],[77.5501556,13.4326287],[77.5503176,13.431178],[77.5504797,13.4297047],[77.550984,13.4266859],[77.5513542,13.4240557],[77.551516,13.4233055],[77.5515163,13.4222615],[77.5514706,13.4208333],[77.551471,13.4196447],[77.5524914,13.4194191],[77.5545506,13.4192163],[77.556125,13.4189908],[77.5580042,13.4187428],[77.558766,13.41863],[77.559043,13.4186301],[77.5596939,13.4188788],[77.5625007,13.4198513],[77.5643057,13.4204393],[77.5656031,13.4203492],[77.5677592,13.4204401],[77.5700491,13.4205763],[77.5720251,13.4206942],[77.5723252,13.4206943],[77.5732071,13.4206945],[77.5745967,13.4207581],[77.5757279,13.420808],[77.5771637,13.4208309],[77.578339,13.4208763],[77.578341,13.4208764],[77.5789966,13.4208991],[77.5807787,13.4208994],[77.5818914,13.4210804],[77.5832579,13.4214694],[77.5836088,13.4215734],[77.584232,13.4215735],[77.5843844,13.42156],[77.5854833,13.4214607],[77.5871546,13.4212802],[77.5885905,13.4210093],[77.5895832,13.4207383],[77.5899803,13.4204898],[77.590673,13.4196041],[77.5913702,13.4188268],[77.5921827,13.4195998],[77.5932813,13.4208473],[77.5934659,13.4212541],[77.5914621,13.4215295],[77.5911573,13.4225734],[77.5908339,13.4234818],[77.5907877,13.4239337],[77.5908338,13.4244806],[77.5907183,13.4250003],[77.5905335,13.42552],[77.5903719,13.4257053],[77.5902102,13.426112],[77.5900947,13.4267447],[77.5899561,13.4275401],[77.5898129,13.4279695],[77.5895819,13.4283355],[77.5892356,13.4288371],[77.589097,13.4292212],[77.5892124,13.4295421],[77.5896741,13.4295874],[77.5898818,13.4296778],[77.5901126,13.4301976],[77.5901126,13.430288],[77.5901125,13.4309478],[77.5901124,13.4314676],[77.5899969,13.4319466],[77.5899737,13.4323308],[77.5901352,13.4328731],[77.5902506,13.433194],[77.5902506,13.4335556],[77.5901581,13.4341205],[77.5902273,13.4347351],[77.5902272,13.4351419],[77.5900424,13.4356842],[77.5897884,13.4362536],[77.5909473,13.4362538],[77.5928681,13.4362315],[77.5946088,13.4362317],[77.5995723,13.436142],[77.599526,13.4369103],[77.5995952,13.4376921],[77.5997567,13.438578],[77.599872,13.4389395],[77.5999644,13.4392107],[77.600246,13.4395045],[77.6006384,13.4397577],[77.6012617,13.4399611],[77.6015618,13.4402323],[77.6020512,13.4406843],[77.6025129,13.4409826],[77.6029515,13.4412313],[77.6030715,13.4412991],[77.6030902,13.4412629],[77.6033948,13.4406618],[77.6035796,13.4400969],[77.6038567,13.4390078],[77.6042493,13.437896],[77.6045541,13.4373311],[77.6051683,13.4362736],[77.6057434,13.4355241],[77.6058866,13.4344304],[77.6059005,13.4335717],[77.6065197,13.4299876],[77.60652,13.4276331],[77.6074502,13.4252373],[77.6091724,13.4248127],[77.6104928,13.4245732],[77.6111069,13.4239405],[77.6125244,13.4228289],[77.6132632,13.4220425],[77.6139373,13.4216223],[77.614676,13.4212291],[77.6154471,13.42108],[77.6153547,13.4206009],[77.6151978,13.420149],[77.6149531,13.4196066],[77.6145515,13.4190914],[77.6140021,13.4185219],[77.6131065,13.4178575],[77.6122155,13.4174688],[77.6109367,13.4169489],[77.6095516,13.4164698],[77.6086283,13.4159274],[77.6076127,13.4153533],[77.6072157,13.415055],[77.6066894,13.4145126],[77.606043,13.4146029],[77.6058905,13.4164694],[77.6046301,13.4161665],[77.604487,13.4161349],[77.6015554,13.4159267],[77.6009691,13.4157458],[77.5992147,13.4151445],[77.5991549,13.4135763],[77.5990028,13.4117097],[77.5987536,13.410625],[77.6004157,13.4099021],[77.6001991,13.4067656],[77.5998898,13.4067655],[77.5998577,13.404899],[77.5999996,13.404817],[77.6007488,13.4043839],[77.6015798,13.404054],[77.601797,13.402757],[77.6018571,13.4015864],[77.6020419,13.4005289],[77.6021343,13.3995979],[77.6023838,13.3982105],[77.6028131,13.3979393],[77.6034271,13.3976502],[77.6038842,13.3976276],[77.6041313,13.3977228],[77.6045976,13.3978539],[77.6049438,13.3980076],[77.6052161,13.3982923],[77.6054469,13.3987262],[77.6056408,13.3989522],[77.6060285,13.3992731],[77.6063563,13.3994811],[77.6065686,13.3997839],[77.6067209,13.4003127],[77.6067993,13.4009183],[77.6068362,13.401411],[77.6070485,13.4022471],[77.6072423,13.4028527],[77.6074547,13.4032143],[77.6074962,13.4035849],[77.6069929,13.4046153],[77.6069097,13.4057858],[77.6071035,13.4067078],[77.6074497,13.4071869],[77.6075143,13.4071689],[77.6083454,13.4065724],[77.6089871,13.4060301],[77.6097627,13.4053251],[77.6103999,13.4048054],[77.6111801,13.4041275],[77.6115402,13.4038835],[77.6120111,13.4036666],[77.6128744,13.4034226],[77.6130128,13.4034226],[77.6138923,13.4033139],[77.6153927,13.4030971],[77.6166715,13.4029615],[77.6173917,13.4027989],[77.6183658,13.402582],[77.6191137,13.4023606],[77.6191137,13.4018725],[77.6186705,13.4010861],[77.6181997,13.4001867],[77.6179181,13.3996714],[77.6176412,13.3986093],[77.6173365,13.3975201],[77.6170042,13.3962682],[77.616755,13.3955858],[77.6164504,13.3942299],[77.6162288,13.3936017],[77.6159196,13.3929509],[77.6151995,13.3918345],[77.6142578,13.3903114],[77.6137824,13.389525],[77.6131177,13.3880833],[77.6127577,13.3871251],[77.6134225,13.3866868],[77.6147844,13.3857649],[77.6152552,13.3855208],[77.6158692,13.3852226],[77.616534,13.3850193],[77.6169494,13.3848927],[77.6180342,13.3846216],[77.6191144,13.3845674],[77.6209194,13.384676],[77.6213626,13.383998],[77.6218611,13.3830445],[77.6221981,13.3822581],[77.6221982,13.3817157],[77.6221151,13.3810875],[77.6217781,13.3800842],[77.621612,13.3792617],[77.6214735,13.3789769],[77.621155,13.3782267],[77.6210997,13.3774132],[77.6209889,13.3762426],[77.6209428,13.3753568],[77.6214505,13.3754498],[77.622106,13.3755738],[77.6239063,13.3759987],[77.6249218,13.3762563],[77.6272852,13.3767851],[77.6283146,13.3776302],[77.6295932,13.3768122],[77.6300918,13.3766495],[77.6311996,13.3765953],[77.6315597,13.3765682],[77.6321459,13.3764326],[77.6331891,13.3761343],[77.6339092,13.3759173],[77.63402,13.376898],[77.6342139,13.3781771],[77.6344355,13.3791533],[77.6345843,13.3797403],[77.6347402,13.3803509],[77.6350495,13.3812458],[77.6352434,13.3822536],[77.635345,13.3829451],[77.6357328,13.3841156],[77.6362083,13.38572],[77.636513,13.3866691],[77.6379348,13.3854126],[77.6378702,13.3862894],[77.6379302,13.3883277],[77.6380411,13.3900812],[77.6384567,13.3938007],[77.6396776,13.3933489],[77.6399823,13.3933489],[77.6403285,13.3934212],[77.6406378,13.3934031],[77.6408871,13.3932178],[77.6413441,13.3930461],[77.6416718,13.3929918],[77.641958,13.393046],[77.6422858,13.393159],[77.6424935,13.3931951],[77.6427659,13.3931771],[77.6429921,13.3931047],[77.6433983,13.3929917],[77.6439338,13.3926708],[77.6443169,13.3924267],[77.6444323,13.3923725],[77.6446447,13.3922956],[77.6450094,13.3921646],[77.645411,13.3921645],[77.6457757,13.3921645],[77.6460988,13.3920877],[77.6466204,13.3919023],[77.647119,13.3918074],[77.6478438,13.3918254],[77.6481161,13.3919022],[77.6483054,13.3921463],[77.6487071,13.3926343],[77.6491133,13.3929145],[77.6493996,13.3930862],[77.6498381,13.3932173],[77.6502305,13.3933031],[77.650466,13.3938183],[77.6506276,13.3941844],[77.6507061,13.394668],[77.6507662,13.3950566],[77.6509832,13.3956351],[77.6512371,13.3960644],[77.6515372,13.3964486],[77.6522046,13.3971398],[77.6532573,13.3984187],[77.6574721,13.3978352],[77.6575598,13.3978217],[77.6576151,13.3967867],[77.6577809,13.393849],[77.6577254,13.3930627],[77.6568944,13.3924391],[77.6562019,13.3918652],[77.6553662,13.3909975],[77.6545906,13.3900711],[77.6536441,13.3890679],[77.6529793,13.3882499],[77.651959,13.3870388],[77.6533161,13.3863879],[77.6563442,13.384973],[77.6576736,13.3843762],[77.6581721,13.3841366],[77.6595708,13.3834676],[77.6604891,13.3812078],[77.6619565,13.3774564],[77.6600775,13.375459],[77.6594682,13.3748309],[77.6587757,13.3740717],[77.658134,13.3735023],[77.6570537,13.3727115],[77.6569981,13.3707546],[77.656952,13.3686779],[77.6569146,13.3669899],[77.6569699,13.3661222],[77.6569698,13.3650601],[77.6568588,13.363537],[77.6565493,13.3612818],[77.6564661,13.3603056],[77.6559443,13.3582313],[77.6636334,13.3530103],[77.6670578,13.3507094],[77.6670574,13.3479932],[77.6670941,13.347986],[77.669545,13.3474776],[77.6710173,13.3470977],[77.6736065,13.3464691],[77.678051,13.3452842],[77.6799386,13.3448771],[77.6803265,13.3458532],[77.681384,13.3481398],[77.681949,13.3491518],[77.6821938,13.3500195],[77.6823416,13.350503],[77.682291,13.3508872],[77.6821571,13.3510048],[77.6825726,13.3513843],[77.6835743,13.3517909],[77.6842943,13.351872],[77.6852956,13.3503804],[77.6879032,13.3498872],[77.688069,13.3484183],[77.6887611,13.3476588],[77.6894394,13.3469717],[77.6900808,13.3463705],[77.6907729,13.3454754],[77.6913266,13.3448245],[77.6918232,13.3441468],[77.6921602,13.3441783],[77.6925108,13.343776],[77.6928753,13.3431161],[77.6933044,13.3426369],[77.6940704,13.3420989],[77.6944349,13.3416197],[77.6947717,13.341353],[77.6950763,13.3411134],[77.6952285,13.3407834],[77.6953688,13.3404404],[77.6956575,13.3397348],[77.6958373,13.3392873],[77.6962663,13.3383291],[77.6990625,13.337526],[77.6998891,13.3373745],[77.7004756,13.3387618],[77.7010852,13.3400949],[77.7013069,13.3404744],[77.7019163,13.3410708],[77.7026411,13.3418615],[77.703221,13.3424339],[77.7033337,13.3425393],[77.7034722,13.3427562],[77.7034724,13.3434386],[77.7034449,13.3442521],[77.7033068,13.3451787],[77.7031316,13.3460555],[77.7006628,13.3474663],[77.6993891,13.3482846],[77.6991079,13.3492338],[77.6988868,13.3509468],[77.6986662,13.354237],[77.6987496,13.3554075],[77.6986629,13.3589825],[77.6997154,13.3593076],[77.7007171,13.3596327],[77.7016034,13.3599081],[77.7036022,13.3605584],[77.704964,13.3610732],[77.705629,13.3619181],[77.7057121,13.3620944],[77.7058507,13.3622841],[77.70796,13.3619581],[77.708265,13.3630472],[77.7102083,13.3632364],[77.7104025,13.3642939],[77.7090132,13.3645158],[77.7093505,13.3656546],[77.7106522,13.3655186],[77.710957,13.366228],[77.714525,13.3658472],[77.715665,13.3657384],[77.7167497,13.3656295],[77.7167589,13.3655572],[77.7169431,13.3641878],[77.7169476,13.3640522],[77.7170256,13.3625833],[77.717136,13.3614986],[77.7174939,13.3557045],[77.7175531,13.3534899],[77.7161958,13.352704],[77.7162788,13.3523018],[77.7163893,13.3517775],[77.718582,13.3525676],[77.7211343,13.3522097],[77.7260452,13.3518282],[77.7275713,13.3517413],[77.7285468,13.3516917],[77.7291868,13.359248],[77.7292427,13.3603507],[77.7269859,13.3612781],[77.7263168,13.3616308],[77.7264743,13.363181],[77.7264883,13.3633165],[77.7274391,13.3632529],[77.7277068,13.3632347],[77.7278726,13.3623895],[77.7286803,13.3622807],[77.7290677,13.3614942],[77.7295661,13.3610872],[77.7300922,13.3608701],[77.7309553,13.3608426],[77.7324231,13.3607291],[77.7333416,13.3606473],[77.7343384,13.3603215],[77.7351737,13.3598602],[77.7359496,13.3610033],[77.7372556,13.3604016],[77.7395396,13.3586742],[77.740121,13.3581859],[77.740342,13.356961],[77.74389,13.3537506],[77.7451369,13.3553273],[77.7440897,13.3564983],[77.7437576,13.356851],[77.7440902,13.3575288],[77.7438135,13.3579357],[77.7425631,13.3590254],[77.7424248,13.3592695],[77.7423696,13.3597034],[77.7427852,13.3602501],[77.7435102,13.3607921],[77.7440642,13.3611172],[77.7448949,13.3608457],[77.7462285,13.3600858],[77.7475808,13.3598683],[77.7488692,13.3594776],[77.7494455,13.359374],[77.7499767,13.3592786],[77.750346,13.3592426],[77.7506183,13.3592924],[77.750729,13.3594959],[77.7509363,13.3601332],[77.7513281,13.3612],[77.7516784,13.3621447],[77.7518766,13.362755],[77.7523058,13.3628908],[77.7525966,13.3628548],[77.7529151,13.3628414],[77.7532982,13.3628189],[77.753552,13.3630044],[77.7537734,13.363348],[77.7539717,13.3637322],[77.7541424,13.3637956],[77.7543732,13.3637595],[77.7545071,13.3636873],[77.7547795,13.3635428],[77.7550104,13.3633666],[77.7554057,13.3631351],[77.75996,13.3604676],[77.7608927,13.3599934],[77.7616406,13.3597181],[77.7621299,13.3596189],[77.7629285,13.3593978],[77.7637779,13.3591361],[77.7645812,13.3588427],[77.7652137,13.3584995],[77.7659617,13.3580434],[77.7662636,13.3578873],[77.7669312,13.3575421],[77.7677484,13.3571493],[77.7684362,13.3569734],[77.7689994,13.3568923],[77.7699319,13.356617],[77.7706474,13.3564998],[77.7714506,13.3562425],[77.7719492,13.3560303],[77.7721663,13.3557412],[77.7723465,13.355348],[77.7724483,13.3548103],[77.7729655,13.3541416],[77.7739997,13.3534732],[77.7747153,13.3530532],[77.7757632,13.352692],[77.7765618,13.3524664],[77.7771204,13.3523446],[77.7785375,13.3521644],[77.7801853,13.352034],[77.7820362,13.3519443],[77.7843486,13.3519452],[77.7864672,13.3519776],[77.7879119,13.3519465],[77.7889782,13.3517661],[77.7896384,13.3513596],[77.790474,13.3508672],[77.7909449,13.3505239],[77.7910096,13.3502754],[77.7910975,13.349724],[77.7911208,13.3490778],[77.7911219,13.3490237],[77.7911488,13.3482733],[77.7912184,13.3473514],[77.7911217,13.3466056],[77.7910712,13.3459187],[77.7911082,13.3456746],[77.7919115,13.3451552],[77.792724,13.3446538],[77.7929733,13.344324],[77.7930612,13.3439127],[77.7931352,13.3433749],[77.7933385,13.3429095],[77.7939848,13.3423764],[77.7948435,13.3417078],[77.7963762,13.3406734],[77.7989059,13.3392732],[77.8015046,13.3384785],[77.8025894,13.338167],[77.8035679,13.3379956],[77.8043479,13.3379145],[77.8051879,13.3379373],[77.8061755,13.3379964],[77.8073155,13.3380419],[77.8082109,13.3380918],[77.8091801,13.3382322],[77.8102461,13.338341],[77.8100391,13.3363072],[77.8099842,13.3345943],[77.8102335,13.3344045],[77.8110505,13.3340342],[77.812006,13.3335554],[77.8135985,13.3326067],[77.8145771,13.3320013],[77.815491,13.331744],[77.8162849,13.3315724],[77.8167418,13.3314234],[77.817448,13.3311117],[77.818265,13.3306554],[77.8189713,13.3301178],[77.8195622,13.329544],[77.8202546,13.3289611],[77.8210301,13.3285997],[77.8219947,13.3282339],[77.8229732,13.3279901],[77.8253963,13.3273443],[77.8263932,13.3271728],[77.8271686,13.3270148],[77.8254156,13.3235886],[77.8247587,13.3224163],[77.8240455,13.3211433],[77.8233119,13.3201941],[77.822809,13.3195341],[77.8226937,13.3191499],[77.8226246,13.318811],[77.8222693,13.3185036],[77.8218863,13.3183091],[77.8214572,13.3179158],[77.820802,13.3174502],[77.8199437,13.3168941],[77.8191686,13.3162024],[77.8184904,13.3153752],[77.8184538,13.3142363],[77.8179692,13.3140735],[77.8175363,13.310738],[77.817278,13.3101775],[77.8168442,13.310078],[77.8159766,13.3101139],[77.815026,13.3101725],[77.8143291,13.3104028],[77.8133413,13.3109539],[77.8137839,13.3125765],[77.8124178,13.3130055],[77.8120258,13.3120608],[77.810932,13.3122729],[77.8105815,13.3115045],[77.8101826,13.3100743],[77.8111333,13.3099193],[77.8122824,13.309766],[77.8144422,13.3094328],[77.8144436,13.3042516],[77.8155995,13.3043437],[77.8170887,13.304497],[77.8180286,13.3045162],[77.8189192,13.3046385],[77.8199744,13.3046961],[77.8209296,13.304859],[77.8219494,13.3050355],[77.8230062,13.3051713],[77.8241414,13.3053478],[77.8252443,13.3054701],[77.826218,13.3054929],[77.8270069,13.3054442],[77.8276309,13.3054881],[77.8276374,13.3023382],[77.8276265,13.3006619],[77.8292509,13.3005673],[77.8292788,13.299451],[77.82939,13.297015],[77.8294457,13.2958128],[77.8294923,13.2933],[77.8295711,13.2917137],[77.8295529,13.2906742],[77.82857,13.2906921],[77.8275502,13.2907416],[77.8266273,13.290764],[77.8257597,13.2907277],[77.8248184,13.2907365],[77.822585,13.2907586],[77.8223861,13.2925257],[77.8223165,13.2945188],[77.8222885,13.2957932],[77.8221728,13.2969502],[77.8193855,13.2974874],[77.8185502,13.2976092],[77.8176181,13.297609],[77.8158876,13.2975588],[77.8159293,13.2967499],[77.8159711,13.2958686],[77.8160775,13.2947794],[77.8161286,13.2936089],[77.8160505,13.292244],[77.8160323,13.2910599],[77.8159772,13.2900068],[77.815793,13.2888814],[77.8157019,13.2876073],[77.8152676,13.2861787],[77.8151617,13.285451],[77.8150003,13.284999],[77.8142969,13.284231],[77.8139486,13.283548],[77.8132936,13.2827027],[77.8130676,13.2822913],[77.8129339,13.2818213],[77.8126619,13.2809987],[77.8122423,13.2798551],[77.8119749,13.2790596],[77.8114618,13.2775834],[77.8113895,13.2771161],[77.8114034,13.2767365],[77.8114497,13.2762348],[77.8115006,13.2756292],[77.8115516,13.2746124],[77.8115427,13.2736497],[77.8115155,13.271738],[77.811516,13.2700793],[77.8115255,13.2689992],[77.8113874,13.2678421],[77.8111754,13.2670015],[77.8108712,13.26598],[77.8104377,13.2649856],[77.8096492,13.2634713],[77.8087962,13.2614825],[77.8091007,13.2613922],[77.8097513,13.2612478],[77.8102681,13.2611666],[77.8106234,13.2611576],[77.8112647,13.2612843],[77.8116199,13.2613296],[77.8120306,13.2613297],[77.8124597,13.2612575],[77.8131334,13.2611086],[77.8142454,13.2608513],[77.8149191,13.2606435],[77.8154405,13.2603951],[77.8160358,13.2600879],[77.8168571,13.259722],[77.8175447,13.2594194],[77.81802,13.2592297],[77.8185691,13.2589903],[77.8203796,13.2583736],[77.8209677,13.2581733],[77.820593,13.2573267],[77.8202721,13.2568123],[77.8200646,13.2563693],[77.8197418,13.2558812],[77.8194512,13.2554518],[77.8192556,13.2550927],[77.8189301,13.2544664],[77.8187595,13.2540325],[77.8184966,13.2535579],[77.8154146,13.2534758],[77.8140421,13.2512276],[77.8134551,13.2506521],[77.8119886,13.2484462],[77.8108773,13.2461725],[77.809087,13.2468545],[77.8075564,13.2431255],[77.8081839,13.2428048],[77.8108787,13.2413502],[77.8144085,13.2395117],[77.8158514,13.2436293],[77.8170547,13.2470645],[77.8177976,13.2466082],[77.8184937,13.2485879],[77.8201408,13.2512266],[77.8213297,13.2526185],[77.823826,13.2514259],[77.8238973,13.2512259],[77.8241911,13.2505823],[77.8265166,13.2499455],[77.8283021,13.249607],[77.830323,13.2491509],[77.8318087,13.2486766],[77.8323208,13.2484688],[77.8335067,13.2473572],[77.8340947,13.2467875],[77.8342923,13.2467112],[77.8355434,13.2462227],[77.837938,13.2453102],[77.8421043,13.243833],[77.8465887,13.2422317],[77.8494171,13.2412216],[77.8507689,13.2407201],[77.8507228,13.2404083],[77.8504646,13.2388987],[77.8502803,13.2376604],[77.8498515,13.2348627],[77.8495611,13.2328515],[77.8492108,13.2306098],[77.8489942,13.2292223],[77.848879,13.2281511],[77.848713,13.2273331],[77.8484134,13.2253987],[77.8480999,13.2232609],[77.8479018,13.2218417],[77.8477912,13.2207344],[77.84858,13.2206215],[77.8488476,13.2205402],[77.8500195,13.2191619],[77.8504485,13.2192795],[77.8509836,13.219379],[77.8515972,13.2194152],[77.8521646,13.2195147],[77.8525013,13.2195599],[77.852898,13.2195961],[77.8533271,13.21956],[77.8535346,13.21956],[77.854139,13.2196188],[77.8547663,13.219768],[77.8552553,13.2198133],[77.855795,13.2197998],[77.8562379,13.219836],[77.8567361,13.2199264],[77.8573865,13.2199942],[77.8582907,13.2200305],[77.858166,13.222236],[77.8581451,13.2227282],[77.8581059,13.2237365],[77.8580227,13.225585],[77.8579764,13.2269544],[77.8579533,13.2274877],[77.8579994,13.2281294],[77.8588388,13.2301452],[77.8596737,13.2320345],[77.8600196,13.2327214],[77.8606608,13.2338152],[77.8616572,13.2353158],[77.8624367,13.2365451],[77.8627412,13.237214],[77.8630318,13.2383213],[77.8632854,13.2394106],[77.8633684,13.2400162],[77.8633675,13.2400194],[77.8636406,13.24078],[77.8644249,13.2400253],[77.8653061,13.2391712],[77.868365,13.2362607],[77.8703165,13.234462],[77.8707825,13.2339152],[77.8741733,13.2339469],[77.8765953,13.2339696],[77.8774211,13.2362519],[77.878165,13.238205],[77.8782285,13.2383716],[77.8784822,13.2389998],[77.8771489,13.2401975],[77.8753035,13.2422358],[77.8745653,13.2431351],[77.87455,13.2431503],[77.8741085,13.2435871],[77.8763415,13.2452819],[77.8763184,13.2461135],[77.8786898,13.2487846],[77.8800692,13.2501133],[77.8817302,13.2500229],[77.8845168,13.2495483],[77.884826,13.2505833],[77.8868744,13.2505471],[77.8877603,13.2505154],[77.8885907,13.2504476],[77.8884347,13.250891],[77.8907875,13.2572208],[77.8963792,13.2562666],[77.900458,13.2555706],[77.9010287,13.255432],[77.9019449,13.2550444],[77.9034025,13.2544935],[77.9040688,13.2540854],[77.9047351,13.2535346],[77.9053665,13.2523341],[77.9047229,13.2508888],[77.9044617,13.2501392],[77.9056428,13.2502204],[77.9055043,13.2493889],[77.9053243,13.2484217],[77.904955,13.2465461],[77.9047011,13.2447745],[77.9036952,13.2435679],[77.902191,13.2417376],[77.9001518,13.2417016],[77.8996628,13.2414034],[77.898537,13.2406261],[77.8970929,13.2395461],[77.8953259,13.2381994],[77.8946061,13.2375486],[77.8934712,13.2364685],[77.8921748,13.2352664],[77.8909199,13.2341908],[77.893268,13.2338969],[77.8949888,13.233716],[77.8961329,13.233603],[77.8978958,13.2334113],[77.8983796,13.2333587],[77.9001696,13.2331552],[77.9016228,13.2328161],[77.9041693,13.2321425],[77.9070341,13.2315366],[77.9086856,13.2311342],[77.9106601,13.2309306],[77.9112,13.2309704],[77.9115781,13.2309982],[77.913848,13.2316036],[77.9138481,13.2326611],[77.9139299,13.2348802],[77.9139639,13.2358293],[77.9141166,13.2394042],[77.914143,13.2394056],[77.9146795,13.2394493],[77.9152654,13.2394267],[77.9164003,13.2393677],[77.9176828,13.2393811],[77.9192422,13.2393221],[77.9206631,13.2392179],[77.9223377,13.2387793],[77.923348,13.2384989],[77.9238878,13.238657],[77.9241877,13.2387654],[77.9257703,13.2394204],[77.9263561,13.2393164],[77.927205,13.2389908],[77.928086,13.2384845],[77.929004,13.2378922],[77.9300608,13.2394332],[77.9305776,13.2400703],[77.9313252,13.2410509],[77.9319528,13.241792],[77.9330881,13.2433058],[77.9349962,13.2454936],[77.935213,13.2457942],[77.9357001,13.2457288],[77.9400689,13.2446974],[77.9416052,13.2443445],[77.9432244,13.2440097],[77.9456418,13.2434351],[77.9462143,13.2448947],[77.9472944,13.2470457],[77.9478761,13.2482704],[77.9486008,13.2497616],[77.9494958,13.2495625],[77.9510921,13.2493135],[77.953694,13.2488201],[77.9543814,13.2486934],[77.9557147,13.2484037],[77.9563251,13.2481179],[77.9564389,13.2480646],[77.9569556,13.2478068],[77.9584686,13.2470425],[77.960037,13.2463234],[77.9606782,13.2460204],[77.9620805,13.2453375],[77.9635935,13.2446049],[77.964968,13.243818],[77.9649583,13.2423356],[77.964981,13.2412645],[77.965006,13.2401391],[77.9650128,13.2397685],[77.9650349,13.2372285],[77.9633746,13.2385895],[77.9634986,13.2370076],[77.9635905,13.235959],[77.9637606,13.2342054],[77.9638984,13.2325377],[77.9631509,13.2319956],[77.9620757,13.2312321],[77.9609729,13.2303692],[77.9603406,13.2297231],[77.9595007,13.228711],[77.9579641,13.2276991],[77.9567967,13.2269583],[77.954822,13.2261499],[77.9542683,13.2256755],[77.9532946,13.2246634],[77.9521134,13.2239677],[77.9520846,13.2239467],[77.9512321,13.2233624],[77.9508352,13.2227343],[77.9504568,13.2222869],[77.949737,13.2216137],[77.9491371,13.2211845],[77.9484866,13.2207011],[77.9480389,13.2202312],[77.9475314,13.2197071],[77.9466132,13.2189887],[77.9459256,13.2181211],[77.94575,13.2172399],[77.9457454,13.2172037],[77.9456067,13.215988],[77.9452832,13.2139453],[77.9457215,13.2141666],[77.9465243,13.2145506],[77.947327,13.2148215],[77.9481067,13.2149976],[77.9487018,13.2149974],[77.9492045,13.2147984],[77.9496427,13.2146627],[77.950653,13.2146624],[77.9514095,13.2147526],[77.9513866,13.2153582],[77.9512947,13.2165469],[77.9512719,13.2173785],[77.9513185,13.2191321],[77.9579935,13.2184567],[77.9578776,13.2168161],[77.957693,13.2163914],[77.9574619,13.2151983],[77.9570738,13.2131556],[77.9568889,13.2120574],[77.9563393,13.2097435],[77.9558313,13.2081031],[77.9547788,13.2054279],[77.9563836,13.204171],[77.9560835,13.2033168],[77.9551648,13.2006416],[77.9574111,13.2003516],[77.960603,13.1999213],[77.9605106,13.1994739],[77.9602334,13.1982582],[77.9595452,13.1955603],[77.9610348,13.1947282],[77.9610341,13.1926357],[77.9625236,13.191311],[77.9624998,13.1893133],[77.9632669,13.1892],[77.9638789,13.1891095],[77.9636019,13.1884769],[77.9634173,13.1880069],[77.9631219,13.1874014],[77.9630986,13.1867732],[77.962914,13.1864569],[77.9624527,13.1862762],[77.961604,13.1863262],[77.9610538,13.182417],[77.9609152,13.1816306],[77.9583507,13.181523],[77.9579625,13.1793447],[77.9575237,13.1772522],[77.9570438,13.1765338],[77.9570898,13.1761089],[77.9553925,13.1761998],[77.9550692,13.1747401],[77.9545426,13.1720647],[77.9542882,13.1698412],[77.9555702,13.1692126],[77.9555285,13.1685346],[77.9554816,13.1658455],[77.9553884,13.1628355],[77.9550886,13.1626774],[77.9544935,13.1622257],[77.9536907,13.161218],[77.9530909,13.1603414],[77.9537733,13.160052],[77.9588179,13.1571534],[77.9573958,13.1518931],[77.9594571,13.1512823],[77.9592032,13.1504734],[77.9580815,13.1474411],[77.9569322,13.144228],[77.9558752,13.141259],[77.9555462,13.1400857],[77.9554874,13.1398761],[77.9559201,13.1373812],[77.9563346,13.1355868],[77.9567444,13.1334715],[77.9572509,13.1310218],[77.9574653,13.130644],[77.9577717,13.1301041],[77.9574024,13.1289834],[77.957307,13.1287445],[77.9562348,13.1260596],[77.9555016,13.126218],[77.9530485,13.1266707],[77.9486218,13.1273905],[77.9484419,13.1271058],[77.9474544,13.1246339],[77.9464215,13.1247923],[77.9458032,13.1233553],[77.9429167,13.1240746],[77.9409893,13.1245677],[77.9400717,13.1247939],[77.9393155,13.1249071],[77.938697,13.122548],[77.9379863,13.1202341],[77.9375478,13.1181372],[77.9370677,13.115891],[77.9366292,13.1139613],[77.9369284,13.1116246],[77.9371769,13.1094868],[77.937384,13.1079094],[77.9372412,13.1081587],[77.9339883,13.1087909],[77.9326373,13.1090171],[77.9323376,13.1090398],[77.9312819,13.1101202],[77.927547,13.1104779],[77.9254997,13.1106817],[77.9253616,13.1116037],[77.925228,13.1122772],[77.92307,13.1125261],[77.9232777,13.1136243],[77.9234855,13.1151293],[77.9236424,13.1159292],[77.9218119,13.1166075],[77.9197693,13.1173942],[77.9188701,13.1176836],[77.9172886,13.1183347],[77.9160483,13.118832],[77.9154073,13.1190355],[77.9151767,13.1181587],[77.914651,13.118091],[77.9143281,13.117865],[77.9141707,13.1132144],[77.9141243,13.1110586],[77.9132758,13.1102949],[77.9124281,13.1095932],[77.911671,13.1089664],[77.9100892,13.1078683],[77.909333,13.1073486],[77.9089641,13.1073035],[77.9084615,13.1070821],[77.9080925,13.1063816],[77.9049753,13.1046554],[77.9013417,13.1023915],[77.9015351,13.0997927],[77.9043107,13.0983778],[77.9063993,13.0974059],[77.9076349,13.0965109],[77.9101339,13.0961264],[77.9110975,13.0960133],[77.9132272,13.0923296],[77.9138541,13.0912313],[77.9140938,13.0906708],[77.9153338,13.0886685],[77.9160667,13.0876018],[77.9167397,13.0862322],[77.9152686,13.0839591],[77.9142356,13.0824542],[77.913756,13.0816453],[77.9133225,13.0808363],[77.9158444,13.080836],[77.9174028,13.080768],[77.9183846,13.0792628],[77.9203534,13.0801167],[77.9229677,13.0813049],[77.924457,13.0820459],[77.9255821,13.082362],[77.9264074,13.0825653],[77.9270388,13.0826638],[77.9272601,13.081494],[77.9273891,13.0808567],[77.9274904,13.0801381],[77.9272274,13.0792749],[77.9269875,13.0781857],[77.9267799,13.0774445],[77.9264939,13.0766311],[77.9262263,13.0758673],[77.9287696,13.0749154],[77.9309793,13.0740857],[77.9318276,13.0739544],[77.9324501,13.0744695],[77.9326845,13.0744831],[77.9336165,13.0745371],[77.933732,13.0753913],[77.9360234,13.0755716],[77.9361112,13.0764393],[77.9362265,13.0766969],[77.9371303,13.0772707],[77.9381078,13.0780343],[77.9387488,13.0786307],[77.9389794,13.078947],[77.9389659,13.0801357],[77.9389892,13.0809899],[77.9391646,13.0820022],[77.9393124,13.0829242],[77.9395523,13.0835523],[77.939967,13.0827975],[77.9404923,13.0815726],[77.9409162,13.0804064],[77.9411235,13.0796877],[77.9413399,13.0783499],[77.9415469,13.076768],[77.9416804,13.0756878],[77.941717,13.074576],[77.9417258,13.0729579],[77.9417255,13.07181],[77.941693,13.0709693],[77.9416236,13.0698349],[77.941522,13.0691615],[77.9414527,13.068791],[77.9403968,13.068059],[77.9392717,13.0672819],[77.9378746,13.0663557],[77.937372,13.0659717],[77.9364408,13.0662069],[77.9350117,13.066623],[77.9342649,13.0668266],[77.9329925,13.06722],[77.9322365,13.0673919],[77.9306691,13.0678171],[77.929535,13.0680975],[77.9282027,13.0684458],[77.9265381,13.0668642],[77.9256343,13.0659198],[77.9254176,13.0657391],[77.9252561,13.0646815],[77.9251545,13.0640985],[77.9250623,13.0636827],[77.9247717,13.0631856],[77.9240617,13.0628694],[77.9235558,13.0621337],[77.9234899,13.0620379],[77.9230057,13.0613645],[77.9216319,13.0611433],[77.921608,13.0565333],[77.9199805,13.0553404],[77.9192472,13.0536366],[77.9192312,13.0534759],[77.9189748,13.0508978],[77.9168819,13.0507399],[77.9162087,13.0507798],[77.915734,13.0508079],[77.9152868,13.0508441],[77.9136592,13.0484489],[77.9112759,13.0486843],[77.9074313,13.0491005],[77.9059285,13.0492724],[77.905426,13.0493628],[77.9053153,13.0489697],[77.9016921,13.0501044],[77.8988201,13.0509769],[77.8982117,13.0521927],[77.8960681,13.0531013],[77.8951646,13.0534765],[77.8949617,13.0530155],[77.8938969,13.053802],[77.892772,13.0522428],[77.8922234,13.0521976],[77.8921002,13.0507612],[77.8919789,13.0493458],[77.8913612,13.0493006],[77.8914302,13.0470996],[77.8930298,13.047095],[77.8930943,13.0462407],[77.8917897,13.0457482],[77.8902316,13.0455901],[77.8891759,13.0455449],[77.8888117,13.0454319],[77.8883224,13.0417912],[77.8883045,13.0416581],[77.8873054,13.037676],[77.8871566,13.0370798],[77.8932965,13.0350321],[77.8925634,13.0317238],[77.891351,13.0281986],[77.8905718,13.0258168],[77.8898849,13.0237514],[77.8869717,13.020651],[77.8867596,13.0199641],[77.8867596,13.0192229],[77.8872205,13.0181879],[77.8875385,13.0172432],[77.8869208,13.0135824],[77.8862764,13.0107936],[77.8862698,13.0107653],[77.8861417,13.0102108],[77.8858651,13.0085702],[77.8830489,13.0072234],[77.880689,13.0059624],[77.87938,13.005176],[77.8787348,13.0045162],[77.8779236,13.0030428],[77.8774074,13.0019083],[77.8772213,13.0014765],[77.8771226,13.0012473],[77.8759095,13.0002048],[77.8755741,12.9997758],[77.8750015,12.9990433],[77.8740613,12.9976467],[77.8733239,12.9957213],[77.8731111,12.9951688],[77.8728677,12.9945372],[77.8728815,12.9932265],[77.872923,12.9921553],[77.873195,12.9901215],[77.8733702,12.9887792],[77.8736652,12.9873826],[77.8737159,12.9870753],[77.8724255,12.9862482],[77.8713286,12.9853759],[77.8709691,12.9851182],[77.8711074,12.9840426],[77.8714807,12.983794],[77.8718034,12.983672],[77.8719555,12.9827229],[77.8719371,12.9814483],[77.8718864,12.9796541],[77.8717482,12.978827],[77.8713519,12.9783208],[77.8709187,12.9777513],[77.8708035,12.9773264],[77.8707943,12.9765626],[77.8708865,12.9763366],[77.8711261,12.9763547],[77.8716239,12.9763366],[77.8715179,12.9757265],[77.8716423,12.9754598],[77.87214,12.9752339],[77.872306,12.975148],[77.8714673,12.9732723],[77.8714212,12.9729017],[77.870882,12.9728068],[77.8700248,12.9729604],[77.8693427,12.9731954],[77.8680938,12.9732722],[77.8664025,12.9735117],[77.8651536,12.9736336],[77.8646973,12.9736472],[77.8649509,12.9723003],[77.8652551,12.9707953],[77.8654719,12.9682915],[77.8653521,12.9669989],[77.8652969,12.9661446],[77.8662693,12.9652995],[77.8674537,12.9643188],[77.8684169,12.9634285],[77.8698455,12.9619687],[77.870652,12.9608479],[77.8715599,12.95984],[77.8714585,12.9587192],[77.8701453,12.9556413],[77.8696891,12.9543486],[77.8695555,12.9540955],[77.8688735,12.952943],[77.8673299,12.9510718],[77.8671133,12.9509272],[77.8672055,12.9504617],[77.8674682,12.950186],[77.8681272,12.9494855],[77.8690074,12.9484189],[77.8699935,12.94728],[77.8707447,12.9467105],[77.8720395,12.9462179],[77.872998,12.9457976],[77.8735971,12.9454948],[77.8737123,12.945192],[77.8736604,12.9449236],[77.8736293,12.9447626],[77.8731686,12.9438225],[77.8718278,12.940139],[77.8717632,12.9398904],[77.8707404,12.9371425],[77.8691831,12.9338205],[77.867492,12.9341097],[77.8661189,12.9343446],[77.8644232,12.9347061],[77.8631007,12.9349365],[77.8596587,12.9356187],[77.859184,12.9356729],[77.8580967,12.9347915],[77.8561155,12.9333767],[77.8542863,12.9324726],[77.8529823,12.9322827],[77.8517152,12.932156],[77.8510194,12.9320836],[77.8506094,12.9316632],[77.8493793,12.9296835],[77.8479098,12.9272337],[77.8473616,12.926289],[77.84697,12.9260494],[77.8466382,12.9260991],[77.8460208,12.9262617],[77.8457075,12.9262391],[77.8448643,12.9259271],[77.843777,12.9254524],[77.8429522,12.9251178],[77.8420123,12.9250047],[77.8414318,12.9250001],[77.8410309,12.9248283],[77.8406578,12.9242181],[77.8398517,12.9228485],[77.8395615,12.9221841],[77.8395523,12.9219943],[77.8395431,12.9218044],[77.8397508,12.9196622],[77.8400228,12.9187492],[77.8404561,12.9177233],[77.8413317,12.91611],[77.8416498,12.9151293],[77.842189,12.9140356],[77.8432025,12.9149532],[77.8434928,12.915238],[77.8440594,12.9158753],[77.8442989,12.9161782],[77.8445661,12.91635],[77.845073,12.9163003],[77.8463769,12.9159615],[77.8481647,12.9156363],[77.8492382,12.9154285],[77.8502058,12.9154693],[77.8511687,12.9155282],[77.8521732,12.9154876],[77.8527906,12.9153747],[77.8535278,12.9153748],[77.854569,12.9158223],[77.8556241,12.9162699],[77.8561401,12.916401],[77.8568128,12.9164869],[77.8579232,12.9163107],[77.8590336,12.9157233],[77.8602638,12.9152172],[77.8612637,12.9147427],[77.8618949,12.9142682],[77.8619687,12.9135179],[77.8616048,12.9120354],[77.860702,12.9094592],[77.8595319,12.9068241],[77.8587074,12.9042569],[77.8563398,12.8995156],[77.8548519,12.8965868],[77.8537971,12.8943585],[77.8522772,12.8909098],[77.8532264,12.8895947],[77.8538715,12.8879993],[77.853973,12.8869146],[77.8537197,12.8855723],[77.8537082,12.8853713],[77.8537082,12.8853712],[77.8536967,12.88517],[77.8542127,12.8848085],[77.8547518,12.8841849],[77.8548348,12.8838007],[77.8545446,12.8830052],[77.8545263,12.8817849],[77.854918,12.8805691],[77.8550011,12.8792946],[77.8553744,12.8775636],[77.8556831,12.8762484],[77.8570974,12.8763706],[77.8593916,12.8763934],[77.8625149,12.8762761],[77.8646018,12.8761994],[77.866426,12.8761],[77.8666564,12.8752458],[77.8671034,12.8731713],[77.8673937,12.8719917],[77.8675043,12.87102],[77.8675366,12.8695466],[77.8676518,12.8680694],[77.8676518,12.8680687],[77.8573515,12.8688769],[77.8547253,12.8666729],[77.850219,12.8659115],[77.8468189,12.8689045],[77.837838,12.8691283],[77.8369637,12.8703556],[77.8369316,12.8703824],[77.8368069,12.8704866],[77.8367575,12.8705514],[77.8366825,12.8707484],[77.8366624,12.8707869],[77.8366285,12.8708521],[77.8366101,12.8709436],[77.8365924,12.8710323],[77.8367826,12.8716502],[77.8368358,12.8718139],[77.8368394,12.8718283],[77.8361781,12.872095],[77.8361448,12.8721084],[77.8361126,12.8721213],[77.8358959,12.8722077],[77.8358065,12.8722433],[77.83578,12.8722368],[77.8356483,12.8722042],[77.8353802,12.8721558],[77.8353236,12.8721767],[77.8349909,12.8722996],[77.8349567,12.8723267],[77.8349326,12.8723457],[77.8348912,12.8723797],[77.834782,12.8724693],[77.8345604,12.872651],[77.8339851,12.8731507],[77.8338772,12.8732444],[77.8338631,12.8732567],[77.8337992,12.8733054],[77.8337153,12.8733694],[77.83368,12.8733962],[77.8336347,12.8734309],[77.8334298,12.8735877],[77.8332531,12.8737917],[77.8331268,12.873931],[77.8331203,12.8739354],[77.8328954,12.8740902],[77.8323585,12.8743663],[77.8322238,12.8743826],[77.832152,12.8743913],[77.8321008,12.8743975],[77.8320674,12.8744015],[77.8320572,12.8743254],[77.831984,12.8742802],[77.8319392,12.8742526],[77.8318721,12.8742112],[77.8317441,12.874506],[77.8315592,12.8753686],[77.8315811,12.8755106],[77.8315856,12.8755398],[77.8316899,12.876215],[77.8318193,12.8768883],[77.831699,12.8769582],[77.8316224,12.8770027],[77.8314881,12.8770817],[77.8312447,12.8774454],[77.8314355,12.87795],[77.8314911,12.8783886],[77.8315609,12.878605],[77.8315657,12.8786199],[77.8315875,12.8786874],[77.8316028,12.8787349],[77.8315351,12.878762],[77.8314707,12.8787878],[77.8314683,12.8787888],[77.8314584,12.8787928],[77.8314179,12.8787728],[77.8313317,12.8787303],[77.83124,12.8799179],[77.8313793,12.8802738],[77.8314004,12.8803278],[77.8315309,12.880661],[77.8315705,12.8807527],[77.8316549,12.8809479],[77.8316948,12.88104],[77.8317299,12.8810733],[77.831716,12.8811003],[77.8316468,12.8812356],[77.8317086,12.8812972],[77.8321343,12.8817213],[77.8321548,12.8817418],[77.8321744,12.881799],[77.8322436,12.8820007],[77.8323143,12.8823829],[77.8322111,12.8828948],[77.8320265,12.8833637],[77.8318949,12.8835606],[77.8318704,12.8835972],[77.8317666,12.8837525],[77.8316757,12.8842398],[77.831546,12.8849357],[77.8315266,12.8850398],[77.8311666,12.88577],[77.8308721,12.8866096],[77.8307572,12.8872022],[77.8305324,12.8873592],[77.830403,12.8874496],[77.8301447,12.8880549],[77.8301576,12.8882323],[77.8301634,12.8883131],[77.8301926,12.8887152],[77.8300287,12.88945],[77.8299009,12.8895687],[77.829669,12.8897842],[77.8292649,12.8900137],[77.828763,12.8905155],[77.8284024,12.8915972],[77.8283437,12.892042],[77.8283263,12.8921738],[77.8282901,12.8924487],[77.8281184,12.8928382],[77.8276916,12.8932362],[77.8270277,12.8935931],[77.8263327,12.8940351],[77.8258838,12.8947544],[77.8255685,12.8956394],[77.8254516,12.8958172],[77.8254168,12.8958701],[77.8252247,12.8961622],[77.8252288,12.8961861],[77.8252993,12.8965952],[77.825524,12.8971116],[77.8253456,12.8977824],[77.8253301,12.8978028],[77.8248809,12.8983956],[77.8244273,12.8988852],[77.8242197,12.8991089],[77.8242122,12.8991278],[77.8239982,12.8996623],[77.8239752,12.8997196],[77.8239648,12.8997581],[77.823848,12.900189],[77.8235657,12.9008268],[77.8232248,12.9013064],[77.8231437,12.9013712],[77.8228626,12.9015959],[77.8223271,12.9017335],[77.8217076,12.9018462],[77.8216538,12.9019065],[77.8214773,12.9021039],[77.8214645,12.9024428],[77.8212078,12.9024047],[77.8211821,12.9024009],[77.8212025,12.9024371],[77.8212193,12.9024669],[77.8214587,12.9029693],[77.8215032,12.903079],[77.8215366,12.9031616],[77.8215227,12.9032137],[77.8215411,12.9032438],[77.8218271,12.9032977],[77.8218899,12.9033095],[77.8218301,12.9035124],[77.8217476,12.9037927],[77.8216737,12.9040434],[77.8216462,12.9041619],[77.8214913,12.9048285],[77.8214618,12.9050587],[77.8214102,12.9054615],[77.8213985,12.9055528],[77.8215641,12.906101],[77.8215922,12.9061942],[77.8220394,12.9064879],[77.8221744,12.9065763],[77.8223249,12.9066748],[77.8224762,12.9068413],[77.8220847,12.9073665],[77.8219237,12.9075185],[77.8216829,12.907746],[77.8215612,12.907861],[77.8215378,12.9079014],[77.8212535,12.9083936],[77.8212774,12.9089278],[77.8213049,12.909591],[77.8214088,12.9102432],[77.8212518,12.9111778],[77.8212022,12.9113531],[77.8211705,12.9114651],[77.8210333,12.9119503],[77.8210005,12.9120103],[77.8207984,12.9123792],[77.820442,12.9126978],[77.8200161,12.9129356],[77.8196751,12.9131253],[77.8190157,12.9134216],[77.8184866,12.9135819],[77.8182098,12.9135668],[77.8181726,12.9135648],[77.8180486,12.913558],[77.8179267,12.9137236],[77.8177758,12.9136956],[77.8177441,12.9137741],[77.8176415,12.9137557],[77.8174663,12.9138417],[77.8171599,12.9141196],[77.8168179,12.9142983],[77.8165538,12.9148748],[77.8165097,12.9158007],[77.8165018,12.9159657],[77.8165001,12.9160016],[77.8169527,12.916728],[77.8173774,12.9174107],[77.8174687,12.9175575],[77.8174761,12.9175692],[77.8177208,12.9183347],[77.8178208,12.9192116],[77.8174614,12.9201033],[77.8172807,12.9207175],[77.8172315,12.9208847],[77.817133,12.9212191],[77.816997,12.9214028],[77.8170115,12.9214092],[77.8168045,12.9217014],[77.8174618,12.9219448],[77.817475,12.9219498],[77.8175472,12.9219765],[77.817555,12.9219794],[77.8175581,12.9219783],[77.8189862,12.9215043],[77.8192008,12.9214615],[77.8202044,12.9212616],[77.8202561,12.9212513],[77.8213971,12.9217603],[77.8219129,12.921689],[77.8220063,12.921676],[77.8229624,12.9214415],[77.8231154,12.9214042],[77.8231184,12.9214035],[77.8231672,12.9213916],[77.8232447,12.9213727],[77.823265,12.9213677],[77.8235044,12.9213095],[77.8238488,12.9212257],[77.8254748,12.9208304],[77.8255747,12.9208061],[77.8256522,12.9207873],[77.8256916,12.9207777],[77.8257216,12.9207704],[77.8257291,12.9207686],[77.82574,12.9207659],[77.8266734,12.920407],[77.8283042,12.9197629],[77.8296562,12.9196532],[77.829678,12.9196867],[77.8297078,12.9197327],[77.829865,12.9199748],[77.8303532,12.9206123],[77.8308728,12.9212633],[77.8314898,12.9221314],[77.8321151,12.9228901],[77.8321197,12.9228957],[77.8322323,12.9229757],[77.8326849,12.9232973],[77.8326498,12.9233371],[77.8327669,12.9233716],[77.8325716,12.9235984],[77.832078,12.9241714],[77.8320762,12.9241941],[77.8320024,12.9241521],[77.8319551,12.9241252],[77.8319534,12.9241477],[77.8318753,12.9251869],[77.8318426,12.9256221],[77.8316905,12.9256498],[77.8315893,12.9256683],[77.8315684,12.9256721],[77.8298201,12.9261398],[77.8296502,12.9261886],[77.8295658,12.9262128],[77.8275822,12.9267427],[77.8269702,12.9269214],[77.8252452,12.9272843],[77.8251573,12.9273028],[77.8248084,12.9273715],[77.824712,12.9273904],[77.8246833,12.9273959],[77.8244868,12.9275341],[77.8244162,12.9275837],[77.8242849,12.9276723],[77.8239265,12.9279059],[77.8238375,12.9279622],[77.8238002,12.9279813],[77.8229405,12.9284123],[77.8228425,12.9284615],[77.8223225,12.928718],[77.8221039,12.9280579],[77.8218874,12.9274449],[77.8217877,12.9271627],[77.821727,12.9269907],[77.8217161,12.9269884],[77.8217118,12.9269874],[77.8216311,12.9267575],[77.8216208,12.9267551],[77.8210488,12.9266597],[77.8210125,12.9266536],[77.8209557,12.9263832],[77.8208775,12.9260092],[77.8208527,12.9258984],[77.8207558,12.9254604],[77.8207429,12.9254023],[77.8207415,12.9253958],[77.8207008,12.925329],[77.8206966,12.9253221],[77.8206864,12.9253055],[77.8206132,12.9251852],[77.820478,12.9251788],[77.8204494,12.9251774],[77.82038,12.9250127],[77.8203493,12.9249399],[77.8200198,12.924805],[77.819326,12.9249529],[77.8192794,12.9249585],[77.8190999,12.9249982],[77.8185942,12.9250954],[77.8183161,12.9250824],[77.8181715,12.9250756],[77.8179662,12.9251974],[77.8177193,12.9253448],[77.817425,12.9255016],[77.8172484,12.9255029],[77.8172285,12.925503],[77.8168016,12.9255069],[77.8163252,12.9256925],[77.8163214,12.9256939],[77.8158551,12.9259644],[77.816005,12.926804],[77.8156996,12.9274263],[77.8156081,12.9276178],[77.8156042,12.9276183],[77.8155585,12.9275921],[77.815268,12.9274272],[77.8153243,12.9273097],[77.8143741,12.9268658],[77.8136113,12.9265843],[77.8132704,12.9266157],[77.8128137,12.9266436],[77.8126431,12.9265452],[77.8124793,12.9265258],[77.8123323,12.9263844],[77.8122093,12.9262702],[77.8120694,12.9262542],[77.8118235,12.9262267],[77.811662,12.9261189],[77.8115495,12.926044],[77.8114538,12.9260541],[77.8112214,12.9260788],[77.8110475,12.9260958],[77.8096336,12.9261282],[77.8094507,12.926122],[77.8091364,12.9261017],[77.8082202,12.9261581],[77.8081027,12.926163],[77.8080388,12.926166],[77.8060225,12.926272],[77.8059858,12.9261986],[77.8057527,12.9256117],[77.8057071,12.9254985],[77.8056523,12.9253624],[77.8055061,12.924999],[77.8053756,12.9247187],[77.8053503,12.9246527],[77.8052387,12.9243558],[77.8049917,12.9238308],[77.8047104,12.9232168],[77.8044794,12.9227197],[77.804388,12.9225139],[77.804357,12.9224443],[77.8042439,12.9221896],[77.803996,12.9216602],[77.8039147,12.921467],[77.8038209,12.9212442],[77.8038256,12.9212429],[77.8037897,12.9211525],[77.8037874,12.9211452],[77.803714,12.9209094],[77.8036298,12.9206397],[77.8036272,12.9206313],[77.8036239,12.9206204],[77.8035463,12.9203648],[77.8034266,12.9199722],[77.8033362,12.9196758],[77.8033358,12.919675],[77.8032914,12.9195861],[77.8032325,12.919468],[77.8032163,12.9194346],[77.8031726,12.9194234],[77.8012279,12.9189273],[77.7999153,12.9188231],[77.799111,12.9187631],[77.7978444,12.9186563],[77.797686,12.9186429],[77.7976851,12.9186513],[77.7976649,12.9186496],[77.7966234,12.9184494],[77.7965985,12.9185871],[77.7932911,12.9205092],[77.792229,12.921021],[77.7922271,12.921022],[77.7922491,12.9210937],[77.7923181,12.9213095],[77.7923968,12.9216548],[77.7925472,12.9216136],[77.7926182,12.9215942],[77.7926618,12.9215822],[77.7928121,12.9223307],[77.792934,12.9225673],[77.7929966,12.9226892],[77.7929927,12.9227264],[77.7929853,12.9227947],[77.7929259,12.9233402],[77.7929296,12.923429],[77.7929343,12.9235427],[77.7929381,12.9237064],[77.7929402,12.9237981],[77.7929471,12.92412],[77.7929741,12.924201],[77.7930592,12.9244688],[77.793346,12.9253576],[77.7934045,12.9255359],[77.7934929,12.9258053],[77.7934892,12.9258154],[77.7935121,12.9258738],[77.7935371,12.9259379],[77.7928969,12.92611],[77.7927948,12.9261374],[77.7924303,12.9261893],[77.791815,12.9262767],[77.790759,12.9264951],[77.7907434,12.9264992],[77.7905542,12.926548],[77.7901777,12.9266457],[77.789974,12.9266985],[77.7897856,12.9267127],[77.7894543,12.926738],[77.789445,12.9267375],[77.7890182,12.9267172],[77.7889886,12.9267156],[77.7886918,12.9266995],[77.7886909,12.9266996],[77.788321,12.9267503],[77.7880923,12.9267815],[77.78809,12.9267818],[77.7876701,12.9268014],[77.7874217,12.9268128],[77.7874151,12.9268131],[77.7869361,12.9269307],[77.7866932,12.9269903],[77.7861135,12.9271326],[77.7860519,12.9271342],[77.7855308,12.9271483],[77.785314,12.9271542],[77.785296,12.9271547],[77.7851683,12.9271985],[77.7847753,12.9273333],[77.784756,12.9273399],[77.7836739,12.9276857],[77.7835404,12.9277284],[77.7825254,12.9281136],[77.7825302,12.928126],[77.7825451,12.9281531],[77.7826621,12.9283659],[77.7826334,12.9283764],[77.7827764,12.9286863],[77.78271,12.9288081],[77.7827081,12.9288116],[77.7827055,12.9288164],[77.7826296,12.9288538],[77.7826282,12.9288545],[77.7816761,12.9293239],[77.7816728,12.9293256],[77.7813356,12.9294915],[77.781012,12.9296506],[77.7803659,12.9299673],[77.7803639,12.9299682],[77.7803235,12.929988],[77.7797823,12.9302518],[77.7797766,12.9302545],[77.778897,12.9306822],[77.7788898,12.9306857],[77.7788648,12.9300243],[77.7788185,12.9299313],[77.7787979,12.9298901],[77.7786681,12.9295295],[77.7786188,12.9297471],[77.7783975,12.9300859],[77.7782915,12.9300859],[77.778084,12.9304881],[77.7779271,12.9309309],[77.7777796,12.9310845],[77.7770469,12.9314232],[77.7766275,12.9315858],[77.7766643,12.9318027],[77.7772718,12.9334029],[77.7774282,12.934108],[77.7772529,12.9346955],[77.7768518,12.9350614],[77.7764738,12.9355991],[77.7759988,12.9366159],[77.7757265,12.9375694],[77.7754449,12.9387173],[77.7752053,12.9389205],[77.7747767,12.9390062],[77.7743434,12.939449],[77.773652,12.9398871],[77.7728778,12.9400269],[77.7710851,12.9406228],[77.7696057,12.9412007],[77.7685365,12.9414533],[77.7675809,12.9415558],[77.7652716,12.942299]]]}},{"type":"Feature","properties":{"osmId":"relation/2020589","name":"Bengaluru Urban","oldName":null,"wikidata":"Q806463","source":"osm-districts-2026-09"},"geometry":{"type":"Polygon","coordinates":[[[77.7333224,13.1199116],[77.7329317,13.1182096],[77.7329168,13.1181447],[77.7325298,13.1162739],[77.7321083,13.1143227],[77.7321619,13.1143421],[77.7323016,13.1143482],[77.7363178,13.114531],[77.7371918,13.1121139],[77.7445742,13.1113278],[77.7447914,13.1111894],[77.7450207,13.1110091],[77.7451957,13.1109118],[77.7457306,13.1105175],[77.7458725,13.1104978],[77.7459005,13.1104939],[77.7460502,13.1104961],[77.7468424,13.1105069],[77.7472427,13.1105093],[77.7477486,13.1105101],[77.7477927,13.11051],[77.7482511,13.1104955],[77.7493927,13.1103516],[77.749386,13.1102038],[77.7493718,13.1098738],[77.7494217,13.1098592],[77.7495878,13.109809],[77.7496978,13.1097972],[77.7508865,13.1096518],[77.7514361,13.1095475],[77.7518907,13.1095437],[77.751962,13.1094601],[77.7533205,13.1092355],[77.753408,13.1092498],[77.7535323,13.10927],[77.7540761,13.1092838],[77.7547969,13.1092861],[77.7548012,13.1092807],[77.7549166,13.1092819],[77.7552112,13.1092061],[77.7554001,13.1091978],[77.7556103,13.1092042],[77.7557383,13.1091828],[77.756031,13.1091339],[77.7569654,13.1090704],[77.7577794,13.1090342],[77.7583864,13.1090006],[77.758752,13.108952],[77.7591805,13.1088898],[77.7591902,13.1089647],[77.7637942,13.1087327],[77.7640173,13.1087124],[77.7641523,13.1087366],[77.764525,13.1083705],[77.7654905,13.1083637],[77.7664991,13.1076287],[77.7664192,13.1073571],[77.7658248,13.1058793],[77.7653323,13.10468],[77.7644617,13.1043416],[77.7644805,13.1034057],[77.7641432,13.102678],[77.7641381,13.1025489],[77.7646837,13.1016217],[77.7647981,13.1013875],[77.76462,13.1005039],[77.7646401,13.100057],[77.7646522,13.0997865],[77.7646467,13.0989656],[77.7646796,13.0983092],[77.7652968,13.0975748],[77.7656076,13.0968036],[77.7652887,13.0956164],[77.7652209,13.0953642],[77.7649481,13.0948449],[77.7649416,13.0947445],[77.76491,13.0947245],[77.7648931,13.0947138],[77.7656851,13.0922309],[77.7662559,13.0904452],[77.7662828,13.0903611],[77.766376,13.0900696],[77.7669052,13.0884072],[77.7669102,13.0883913],[77.7669203,13.0883585],[77.7669229,13.088086],[77.765941,13.0833459],[77.7659212,13.0832506],[77.7657155,13.0822575],[77.765555,13.0814824],[77.7655534,13.0814747],[77.7655006,13.0814742],[77.7602539,13.081421],[77.7601687,13.0814201],[77.7601553,13.08142],[77.7601888,13.0812553],[77.7608994,13.0777603],[77.7609012,13.0777517],[77.7606174,13.077723],[77.7593247,13.077589],[77.7593013,13.0775866],[77.7591774,13.0775737],[77.7590264,13.0775358],[77.7589791,13.0774642],[77.7589495,13.0774195],[77.7589404,13.0774058],[77.7590987,13.0768095],[77.7593123,13.075986],[77.7593778,13.0757334],[77.759379,13.0757289],[77.7586911,13.0753275],[77.7585288,13.0751828],[77.758418,13.075012],[77.7583717,13.0744828],[77.7583562,13.0740675],[77.7583504,13.0739121],[77.7583492,13.0737383],[77.7586019,13.073633],[77.7590542,13.0734475],[77.7596483,13.0732078],[77.7601138,13.0730058],[77.7602625,13.0729413],[77.7601201,13.0727049],[77.7601097,13.0726882],[77.7601488,13.0726694],[77.7604502,13.0724963],[77.7607045,13.0723506],[77.7609102,13.0722066],[77.7610606,13.0721014],[77.7612133,13.0719674],[77.7613998,13.0718463],[77.7615931,13.071717],[77.7617495,13.0715915],[77.7618768,13.071504],[77.7621136,13.0713284],[77.7627238,13.070859],[77.7628387,13.0707712],[77.7629099,13.0705253],[77.7629404,13.0704198],[77.7630897,13.0702143],[77.7638204,13.0690235],[77.7649815,13.0676126],[77.7651146,13.067451],[77.7656176,13.0668397],[77.7657163,13.0666827],[77.7657209,13.0666754],[77.7657653,13.0666094],[77.7661683,13.0657394],[77.7667159,13.0651339],[77.7666998,13.0650188],[77.7668193,13.0647549],[77.7668763,13.0646296],[77.7670494,13.0646298],[77.7672454,13.0646312],[77.7679422,13.0629015],[77.7678418,13.0628152],[77.7679061,13.0599818],[77.7679109,13.0597699],[77.7679635,13.0574482],[77.7679752,13.0572328],[77.7679885,13.0569719],[77.7682916,13.0566796],[77.768334,13.0566388],[77.7683408,13.0566322],[77.7683772,13.0564841],[77.7684141,13.0563341],[77.7684769,13.0563507],[77.7685407,13.0563679],[77.7687109,13.0564146],[77.7687815,13.056465],[77.768857,13.0565188],[77.7689149,13.0565599],[77.7689879,13.0566118],[77.7690619,13.056664],[77.7691057,13.0566949],[77.7691651,13.0566552],[77.7694903,13.0564383],[77.7698022,13.0561701],[77.7698311,13.0561447],[77.7699844,13.0560102],[77.7700056,13.0559917],[77.7700009,13.0559793],[77.7699851,13.0559373],[77.7699798,13.0559232],[77.7699488,13.0558411],[77.7698956,13.0557003],[77.7698928,13.0556929],[77.7698858,13.0553501],[77.7698855,13.0553274],[77.7698812,13.0549608],[77.7699468,13.0548838],[77.7699695,13.0548574],[77.770101,13.0547048],[77.7704029,13.0543542],[77.7704438,13.0543068],[77.7704541,13.0542948],[77.7705224,13.0542154],[77.7705036,13.0542185],[77.7704772,13.0542228],[77.770145,13.0542772],[77.7701476,13.0542508],[77.7701482,13.0542439],[77.7702108,13.0535922],[77.7702124,13.0535761],[77.7702206,13.0534899],[77.7702321,13.0533697],[77.7702601,13.052722],[77.770328,13.0524884],[77.7703535,13.0523616],[77.7703433,13.052124],[77.7703137,13.0519851],[77.7704028,13.0515398],[77.7704212,13.0514015],[77.7704236,13.0513831],[77.7704252,13.0513714],[77.7704206,13.0509921],[77.770444,13.0508293],[77.7704911,13.0505],[77.7705125,13.0503509],[77.7705163,13.0503241],[77.7704697,13.0502459],[77.7704541,13.0502197],[77.7704531,13.0502181],[77.7704522,13.0502165],[77.7704401,13.0501962],[77.7704487,13.0501938],[77.7705136,13.0501751],[77.7705158,13.0501744],[77.7704953,13.0500003],[77.7704909,13.0499623],[77.7704851,13.0499133],[77.7704352,13.049488],[77.770433,13.0494692],[77.7703696,13.0494392],[77.7703296,13.0494203],[77.7703227,13.049417],[77.7703218,13.0494166],[77.7702815,13.049134],[77.770273,13.0490741],[77.7702446,13.0488752],[77.7700817,13.0484224],[77.7700675,13.0483828],[77.7700661,13.0483789],[77.7701455,13.0482926],[77.7704655,13.0482917],[77.7705993,13.0483051],[77.7706199,13.0483072],[77.7707457,13.0483199],[77.7713929,13.0483567],[77.7714118,13.0483577],[77.7715056,13.048363],[77.7716966,13.0483528],[77.7717938,13.0483539],[77.7718032,13.048354],[77.771951,13.0483555],[77.7726777,13.0484858],[77.7726899,13.0484879],[77.7727825,13.0485047],[77.7729036,13.048552],[77.7729139,13.048556],[77.7729512,13.048483],[77.772978,13.0484306],[77.7730056,13.0483768],[77.7732171,13.0479639],[77.7733544,13.0477905],[77.7739741,13.0479719],[77.7744879,13.0481346],[77.7745328,13.0481489],[77.7749905,13.0483075],[77.7755667,13.0483338],[77.7760018,13.0483407],[77.7761749,13.0482242],[77.7761954,13.0480635],[77.7762286,13.0478068],[77.7762508,13.0476347],[77.7762671,13.0475448],[77.7762026,13.0475262],[77.7759054,13.04744],[77.7750886,13.047191],[77.774898,13.0471329],[77.7746323,13.0470558],[77.7744818,13.0470148],[77.774347,13.046978],[77.7740941,13.0468876],[77.7739787,13.0468463],[77.7739503,13.046822],[77.7747685,13.0466684],[77.775129,13.0464801],[77.7751031,13.0464163],[77.7751001,13.046409],[77.775061,13.0463129],[77.7750426,13.0462677],[77.7748009,13.0456737],[77.7747377,13.0455182],[77.7747881,13.0454654],[77.7748554,13.0453949],[77.7748764,13.045346],[77.7749363,13.0452066],[77.7749454,13.0451855],[77.7749753,13.0451161],[77.7753298,13.0446591],[77.775489,13.0444444],[77.7755628,13.0443449],[77.7755935,13.0442986],[77.7762261,13.0433471],[77.7762531,13.0433065],[77.7762688,13.0432693],[77.7766564,13.042352],[77.7767156,13.0422119],[77.7772147,13.0411969],[77.7772626,13.0410995],[77.7774911,13.0403701],[77.77753,13.0402456],[77.7775335,13.0402346],[77.777593,13.0400447],[77.7776055,13.0400049],[77.7776406,13.0398926],[77.7776556,13.0398447],[77.7776661,13.0398114],[77.7776951,13.038415],[77.7776959,13.0383773],[77.7777207,13.0383729],[77.7780367,13.0383169],[77.7784768,13.038239],[77.7785019,13.0382346],[77.7785649,13.0382232],[77.7786479,13.0381796],[77.7786724,13.0381666],[77.7786748,13.0380773],[77.7786759,13.038036],[77.7786896,13.0375237],[77.7786899,13.0375127],[77.7787182,13.0373549],[77.7788806,13.0364478],[77.7788889,13.0364011],[77.7789234,13.0362086],[77.7789337,13.0361514],[77.7790123,13.0357125],[77.779029,13.0356188],[77.7790388,13.0355643],[77.779031,13.0353435],[77.779028,13.03526],[77.7790238,13.035142],[77.7790209,13.0350616],[77.7790135,13.0348533],[77.7790109,13.0347796],[77.7790108,13.0347777],[77.7790037,13.034577],[77.7796009,13.0345253],[77.7798589,13.0345274],[77.7806792,13.0345267],[77.7808192,13.0345266],[77.7809075,13.0345264],[77.7810008,13.0345262],[77.7810865,13.0345463],[77.7811259,13.0345555],[77.7811768,13.0345727],[77.7812176,13.034584],[77.7813347,13.0341351],[77.7815529,13.0333274],[77.7812727,13.032846],[77.7812581,13.0328562],[77.7812478,13.0328635],[77.7811175,13.0329554],[77.7811093,13.0329557],[77.7806129,13.0329726],[77.7805129,13.0329761],[77.7805017,13.0329638],[77.7804833,13.0329655],[77.7803082,13.0327752],[77.7805381,13.0325735],[77.7805447,13.0325677],[77.7803866,13.0325192],[77.7803642,13.0325124],[77.7803268,13.0324807],[77.7803335,13.0324732],[77.7799071,13.0321044],[77.7798503,13.0320554],[77.7797469,13.0316844],[77.7797477,13.031518],[77.7797488,13.0312864],[77.7797406,13.0312615],[77.7796871,13.0310996],[77.7796698,13.0311037],[77.7795752,13.0311262],[77.7795526,13.0311316],[77.7792298,13.0305031],[77.7791486,13.0305161],[77.7791135,13.0305217],[77.7790991,13.0305285],[77.7790849,13.030535],[77.7790555,13.0305488],[77.7789048,13.0306189],[77.7787761,13.0306703],[77.7787612,13.0306762],[77.7787559,13.0306897],[77.7787513,13.0306918],[77.778746,13.0307055],[77.7787427,13.0306954],[77.7786553,13.0304327],[77.7786703,13.0304279],[77.7789591,13.0303357],[77.7790032,13.0303217],[77.7790029,13.0303207],[77.7790203,13.0303156],[77.7788609,13.0298382],[77.77884,13.0298376],[77.7780923,13.0298147],[77.7780738,13.0298144],[77.7780575,13.0298141],[77.7780567,13.0298208],[77.7780345,13.0300122],[77.7778807,13.0300905],[77.7778791,13.0300848],[77.777836,13.0299372],[77.777834,13.0298682],[77.7778334,13.0298447],[77.7778062,13.0298488],[77.777805,13.0298135],[77.7778041,13.0297872],[77.7778028,13.0297499],[77.777728,13.0295114],[77.7777007,13.0293683],[77.7776658,13.0291855],[77.7776471,13.0290812],[77.7776438,13.029063],[77.7775927,13.0287787],[77.7775886,13.02877],[77.7774819,13.0285464],[77.7774789,13.0285155],[77.7774561,13.0282824],[77.7774558,13.0282794],[77.7773356,13.0282837],[77.7772903,13.0282853],[77.7772923,13.028271],[77.7773073,13.0281626],[77.7773261,13.0280277],[77.7773299,13.0280006],[77.7772543,13.0277743],[77.7771635,13.0275019],[77.7771419,13.0274372],[77.7770949,13.0271057],[77.7770409,13.0267244],[77.7770059,13.026592],[77.7769585,13.0264129],[77.7769432,13.0263548],[77.776828,13.0259191],[77.7768087,13.025846],[77.7767919,13.0257819],[77.7767639,13.0255623],[77.7767567,13.0255058],[77.7768171,13.0255208],[77.7768606,13.0255315],[77.7769118,13.0255442],[77.7769699,13.0255586],[77.7769855,13.0255562],[77.7770247,13.0255684],[77.7771162,13.0255545],[77.7771135,13.0255467],[77.7769828,13.0251697],[77.7769938,13.0249469],[77.7769996,13.0248299],[77.7769449,13.024633],[77.7769387,13.024592],[77.776948,13.0243582],[77.776897,13.0241335],[77.7768315,13.0238443],[77.7768149,13.0237782],[77.7767313,13.0235443],[77.7767242,13.0235226],[77.7766337,13.0232513],[77.7765807,13.0230983],[77.7765675,13.0230603],[77.7765217,13.0229278],[77.7764667,13.0228185],[77.7763254,13.0225428],[77.7763245,13.0224656],[77.7763242,13.0224269],[77.7763239,13.0223388],[77.7762543,13.0223522],[77.7760077,13.0223996],[77.7750797,13.0225782],[77.7749931,13.022368],[77.7749433,13.0222473],[77.7749367,13.0222314],[77.7748697,13.0220744],[77.7748583,13.0220476],[77.7748468,13.0219163],[77.7748439,13.0218841],[77.7748237,13.0217802],[77.7747946,13.0216313],[77.774786,13.0215872],[77.7747839,13.0214951],[77.7747829,13.0214543],[77.7747862,13.0214176],[77.7747988,13.0212756],[77.7748108,13.0211425],[77.7748139,13.0211078],[77.7747838,13.0209441],[77.7747763,13.0209033],[77.7747754,13.0209017],[77.7747432,13.0208447],[77.7747293,13.02082],[77.7747521,13.0201618],[77.7747541,13.0201043],[77.774756,13.020026],[77.7746385,13.0198801],[77.7745619,13.019726],[77.774572,13.0195709],[77.7744341,13.0193571],[77.7743483,13.019386],[77.7741366,13.019456],[77.7737019,13.0196876],[77.7733793,13.0197114],[77.7734174,13.0192677],[77.7734218,13.019217],[77.7734389,13.019017],[77.7734437,13.0189626],[77.7734448,13.0189494],[77.7734446,13.0189488],[77.773396,13.018828],[77.7733734,13.0187716],[77.7733389,13.0186856],[77.7733168,13.0186307],[77.7730431,13.0179485],[77.7730205,13.0178923],[77.7728577,13.0174872],[77.7728601,13.0174434],[77.7728675,13.0173117],[77.7728596,13.0172926],[77.7728262,13.0172119],[77.7727759,13.017125],[77.7727634,13.0171034],[77.772741,13.0170737],[77.7724293,13.0166596],[77.7720677,13.0159593],[77.7720614,13.0159462],[77.7715052,13.0150986],[77.7716037,13.0150547],[77.7721616,13.0148963],[77.7722601,13.0148489],[77.772785,13.0147281],[77.7731139,13.0146419],[77.7731597,13.0144588],[77.7731495,13.0142669],[77.7731074,13.0140495],[77.773098,13.0139321],[77.7731043,13.0137683],[77.7731752,13.013675],[77.7734276,13.0134849],[77.7736416,13.0134205],[77.7738801,13.0134337],[77.7740794,13.0134937],[77.7743742,13.0134905],[77.7744364,13.0133883],[77.7744427,13.0132324],[77.7743447,13.0130155],[77.7740545,13.0126528],[77.7738955,13.0125404],[77.7738625,13.0124154],[77.7738929,13.0123067],[77.7739077,13.0121891],[77.7739211,13.0119948],[77.7739197,13.0118706],[77.7739109,13.0117532],[77.7738377,13.0116377],[77.7737732,13.0115368],[77.7737244,13.0114436],[77.7737142,13.0112495],[77.7737288,13.0111161],[77.7737753,13.0109993],[77.7739168,13.0108803],[77.7739793,13.0107555],[77.7740017,13.0106457],[77.7737286,13.0104736],[77.7735292,13.0104057],[77.7734013,13.0103518],[77.7733048,13.010267],[77.7732713,13.0100969],[77.7732774,13.0099252],[77.7733872,13.0098066],[77.7734253,13.0096582],[77.7733118,13.0095002],[77.7732236,13.0094312],[77.7731908,13.0093299],[77.7731641,13.0091044],[77.7732226,13.0086205],[77.7732523,13.0084406],[77.7733304,13.0083235],[77.7733768,13.0081988],[77.7734072,13.008081],[77.7734302,13.0079791],[77.7734603,13.0078388],[77.7734666,13.007675],[77.7734808,13.0075586],[77.77344,13.0074054],[77.7734043,13.0070479],[77.7733769,13.0067049],[77.7733589,13.0065335],[77.7733652,13.0063776],[77.7734117,13.0062608],[77.7735695,13.0061575],[77.7737761,13.0061553],[77.773888,13.0061699],[77.7740802,13.0063157],[77.7742248,13.0064316],[77.7744155,13.0064364],[77.774558,13.0063648],[77.7746921,13.006255],[77.774858,13.0061595],[77.7750163,13.0061036],[77.7753501,13.0060921],[77.7754698,13.006083],[77.7756803,13.0060152],[77.7758145,13.0059201],[77.7758691,13.0058032],[77.7758916,13.0057013],[77.7758892,13.0054913],[77.7757995,13.0052902],[77.7757343,13.0051271],[77.7756738,13.0047066],[77.7756998,13.0042005],[77.7756956,13.0039702],[77.7756191,13.0035114],[77.7754978,13.0033253],[77.7752408,13.0031022],[77.7750488,13.0030185],[77.7748327,13.0029045],[77.7746817,13.0028824],[77.7744753,13.0029083],[77.7743005,13.0029327],[77.7740223,13.0029752],[77.7737529,13.0030797],[77.7735631,13.0031518],[77.7731481,13.0030546],[77.7730088,13.0030064],[77.7727694,13.0029694],[77.7726497,13.0029244],[77.772505,13.0028006],[77.7724643,13.0027085],[77.772463,13.0025911],[77.7725244,13.0023725],[77.7726467,13.0022357],[77.7727506,13.0021047],[77.7728097,13.0019821],[77.7729298,13.0019142],[77.773035,13.0018984],[77.7731864,13.0018968],[77.7736272,13.001874],[77.7737093,13.0017986],[77.7737269,13.0016765],[77.7737414,13.0014268],[77.7737709,13.0013305],[77.773894,13.0012185],[77.7740405,13.0011944],[77.7746895,13.0011547],[77.7748398,13.0011079],[77.7749914,13.000859],[77.7750005,13.0006489],[77.774951,13.0005433],[77.7748698,13.000385],[77.7748456,13.0002305],[77.7748362,13.0000601],[77.7748324,12.9997135],[77.7748886,12.999329],[77.7749849,12.9988289],[77.7750046,12.9984386],[77.7750307,12.9979228],[77.7750801,12.9975554],[77.7749595,12.9975273],[77.7751096,12.9970492],[77.7748482,12.9960053],[77.7748258,12.9955493],[77.7748089,12.9953905],[77.7745083,12.9938624],[77.7741831,12.9920028],[77.775209,12.9921047],[77.7753796,12.9920227],[77.7760279,12.9917121],[77.776114,12.9915327],[77.7761168,12.9912222],[77.7759966,12.9906589],[77.77615,12.9899041],[77.776347,12.9894459],[77.7764962,12.9883151],[77.7759421,12.988294],[77.7761481,12.9879203],[77.7760563,12.9870654],[77.7759037,12.9863918],[77.7760683,12.9858717],[77.7764222,12.9855405],[77.7766624,12.9853516],[77.7769413,12.9853769],[77.7771474,12.9851646],[77.7770056,12.9850442],[77.7765758,12.9848648],[77.7766131,12.9845888],[77.7765419,12.9841967],[77.7763898,12.9837139],[77.7762907,12.983243],[77.7762476,12.9829419],[77.7760953,12.9824976],[77.7759063,12.9823291],[77.7756498,12.9821421],[77.7754215,12.9814885],[77.7752027,12.9812573],[77.7750279,12.9810896],[77.7747593,12.9807018],[77.7747205,12.9805216],[77.7749322,12.9804041],[77.7752579,12.9802403],[77.7754021,12.9802117],[77.7754726,12.9801319],[77.7759114,12.9799319],[77.7760382,12.979795],[77.7763105,12.9794816],[77.7764341,12.9793651],[77.7765292,12.97932],[77.7766218,12.9791034],[77.7769793,12.9787382],[77.7771603,12.9785026],[77.7774127,12.9783689],[77.7777928,12.9785918],[77.7783582,12.9786004],[77.7785194,12.9781335],[77.7785595,12.9780077],[77.778827,12.9771625],[77.7786249,12.9767966],[77.778523,12.9766433],[77.7782443,12.9762237],[77.7777778,12.9761857],[77.7776687,12.9761768],[77.7772588,12.9765357],[77.7771425,12.9764827],[77.7769764,12.9764077],[77.7768975,12.9763036],[77.7766785,12.976018],[77.7766751,12.9757165],[77.7765146,12.97541],[77.7761602,12.97497],[77.7766468,12.9743095],[77.7768737,12.9740015],[77.7776844,12.973706],[77.778149,12.9733985],[77.7786022,12.9729386],[77.7792426,12.9722362],[77.7786282,12.9710843],[77.7786733,12.9704797],[77.7792112,12.9702436],[77.7802166,12.970164],[77.7808348,12.9703188],[77.781149,12.9707705],[77.7819738,12.9709615],[77.7828606,12.9709927],[77.7832625,12.9708913],[77.7836474,12.9706162],[77.783912,12.9693566],[77.7843613,12.968558],[77.7841805,12.9667895],[77.7840778,12.9665625],[77.7818475,12.9661347],[77.781691,12.9662425],[77.7815843,12.9663814],[77.7814533,12.966612],[77.7813975,12.9668159],[77.781224,12.9669566],[77.7805351,12.9671243],[77.7798826,12.9671471],[77.7793642,12.9669686],[77.7790686,12.9668904],[77.7785958,12.9667645],[77.778474,12.9669939],[77.7786564,12.967718],[77.7774509,12.9682243],[77.7773109,12.9681682],[77.7771975,12.9680102],[77.7771767,12.9678975],[77.7764786,12.9677582],[77.7760886,12.9674236],[77.775097,12.9668809],[77.7748265,12.9666749],[77.7745904,12.9665103],[77.7743657,12.9664969],[77.7740311,12.9663785],[77.7738633,12.9662493],[77.7735001,12.9660929],[77.7732873,12.966059],[77.7731765,12.966041],[77.7721062,12.9658672],[77.7719836,12.9659227],[77.771495,12.9653611],[77.7712336,12.9650454],[77.7710009,12.9647205],[77.7706892,12.9642326],[77.7704698,12.9633949],[77.7704757,12.963038],[77.7702036,12.9630556],[77.7701802,12.9628509],[77.7701571,12.9626484],[77.7700818,12.962455],[77.7699788,12.9621942],[77.7698123,12.9617702],[77.7696864,12.9617321],[77.7691868,12.9615838],[77.7688207,12.9615301],[77.7686763,12.9614312],[77.7682285,12.9611277],[77.7681363,12.9607572],[77.7680406,12.9605301],[77.7679619,12.9603424],[77.76763,12.9602036],[77.7672992,12.960066],[77.7671644,12.9597467],[77.7670974,12.9594674],[77.7669465,12.9594611],[77.7669932,12.9593601],[77.7668308,12.9592998],[77.766603,12.9592164],[77.7663067,12.9593324],[77.766113,12.9594079],[77.765878,12.9595041],[77.7654654,12.9596711],[77.7648807,12.9598952],[77.764793,12.9594614],[77.7645666,12.9594909],[77.7644233,12.9587698],[77.7643314,12.9575829],[77.7643336,12.9572645],[77.7643395,12.956544],[77.7643774,12.956119],[77.7644175,12.9559967],[77.7644786,12.9559012],[77.7645046,12.9557597],[77.7645792,12.9556302],[77.7645638,12.9554362],[77.764555,12.9553188],[77.7645732,12.9550883],[77.7644689,12.9550284],[77.7645433,12.9548831],[77.7645451,12.9537923],[77.76457,12.9529192],[77.7645489,12.9521584],[77.7645601,12.9519144],[77.7646439,12.9513715],[77.7649238,12.9510783],[77.764919,12.9504799],[77.7650302,12.9501287],[77.7652863,12.948762],[77.7653643,12.9477517],[77.765416,12.9473751],[77.7654666,12.9470065],[77.7655242,12.9465926],[77.7655099,12.9454027],[77.7653411,12.9437694],[77.7653018,12.943334],[77.7652708,12.9429059],[77.7652529,12.942657],[77.7652716,12.942299],[77.7675809,12.9415558],[77.7685365,12.9414533],[77.7696057,12.9412007],[77.7710851,12.9406228],[77.7728778,12.9400269],[77.773652,12.9398871],[77.7743434,12.939449],[77.7747767,12.9390062],[77.7752053,12.9389205],[77.7754449,12.9387173],[77.7757265,12.9375694],[77.7759988,12.9366159],[77.7764738,12.9355991],[77.7768518,12.9350614],[77.7772529,12.9346955],[77.7774282,12.934108],[77.7772718,12.9334029],[77.7766643,12.9318027],[77.7766275,12.9315858],[77.7770469,12.9314232],[77.7777796,12.9310845],[77.7779271,12.9309309],[77.778084,12.9304881],[77.7782915,12.9300859],[77.7783975,12.9300859],[77.7786188,12.9297471],[77.7786681,12.9295295],[77.7787979,12.9298901],[77.7788185,12.9299313],[77.7788648,12.9300243],[77.7788898,12.9306857],[77.778897,12.9306822],[77.7797766,12.9302545],[77.7797823,12.9302518],[77.7803235,12.929988],[77.7803639,12.9299682],[77.7803659,12.9299673],[77.781012,12.9296506],[77.7813356,12.9294915],[77.7816728,12.9293256],[77.7816761,12.9293239],[77.7826282,12.9288545],[77.7826296,12.9288538],[77.7827055,12.9288164],[77.7827081,12.9288116],[77.78271,12.9288081],[77.7827764,12.9286863],[77.7826334,12.9283764],[77.7826621,12.9283659],[77.7825451,12.9281531],[77.7825302,12.928126],[77.7825254,12.9281136],[77.7835404,12.9277284],[77.7836739,12.9276857],[77.784756,12.9273399],[77.7847753,12.9273333],[77.7851683,12.9271985],[77.785296,12.9271547],[77.785314,12.9271542],[77.7855308,12.9271483],[77.7860519,12.9271342],[77.7861135,12.9271326],[77.7866932,12.9269903],[77.7869361,12.9269307],[77.7874151,12.9268131],[77.7874217,12.9268128],[77.7876701,12.9268014],[77.78809,12.9267818],[77.7880923,12.9267815],[77.788321,12.9267503],[77.7886909,12.9266996],[77.7886918,12.9266995],[77.7889886,12.9267156],[77.7890182,12.9267172],[77.789445,12.9267375],[77.7894543,12.926738],[77.7897856,12.9267127],[77.789974,12.9266985],[77.7901777,12.9266457],[77.7905542,12.926548],[77.7907434,12.9264992],[77.790759,12.9264951],[77.791815,12.9262767],[77.7924303,12.9261893],[77.7927948,12.9261374],[77.7928969,12.92611],[77.7935371,12.9259379],[77.7935121,12.9258738],[77.7934892,12.9258154],[77.7934929,12.9258053],[77.7934045,12.9255359],[77.793346,12.9253576],[77.7930592,12.9244688],[77.7929741,12.924201],[77.7929471,12.92412],[77.7929402,12.9237981],[77.7929381,12.9237064],[77.7929343,12.9235427],[77.7929296,12.923429],[77.7929259,12.9233402],[77.7929853,12.9227947],[77.7929927,12.9227264],[77.7929966,12.9226892],[77.792934,12.9225673],[77.7928121,12.9223307],[77.7926618,12.9215822],[77.7926182,12.9215942],[77.7925472,12.9216136],[77.7923968,12.9216548],[77.7923181,12.9213095],[77.7922491,12.9210937],[77.7922271,12.921022],[77.792229,12.921021],[77.7932911,12.9205092],[77.7965985,12.9185871],[77.7966234,12.9184494],[77.7976649,12.9186496],[77.7976851,12.9186513],[77.797686,12.9186429],[77.7978444,12.9186563],[77.799111,12.9187631],[77.7999153,12.9188231],[77.8012279,12.9189273],[77.8031726,12.9194234],[77.8032163,12.9194346],[77.8032325,12.919468],[77.8032914,12.9195861],[77.8033358,12.919675],[77.8033362,12.9196758],[77.8034266,12.9199722],[77.8035463,12.9203648],[77.8036239,12.9206204],[77.8036272,12.9206313],[77.8036298,12.9206397],[77.803714,12.9209094],[77.8037874,12.9211452],[77.8037897,12.9211525],[77.8038256,12.9212429],[77.8038209,12.9212442],[77.8039147,12.921467],[77.803996,12.9216602],[77.8042439,12.9221896],[77.804357,12.9224443],[77.804388,12.9225139],[77.8044794,12.9227197],[77.8047104,12.9232168],[77.8049917,12.9238308],[77.8052387,12.9243558],[77.8053503,12.9246527],[77.8053756,12.9247187],[77.8055061,12.924999],[77.8056523,12.9253624],[77.8057071,12.9254985],[77.8057527,12.9256117],[77.8059858,12.9261986],[77.8060225,12.926272],[77.8080388,12.926166],[77.8081027,12.926163],[77.8082202,12.9261581],[77.8091364,12.9261017],[77.8094507,12.926122],[77.8096336,12.9261282],[77.8110475,12.9260958],[77.8112214,12.9260788],[77.8114538,12.9260541],[77.8115495,12.926044],[77.811662,12.9261189],[77.8118235,12.9262267],[77.8120694,12.9262542],[77.8122093,12.9262702],[77.8123323,12.9263844],[77.8124793,12.9265258],[77.8126431,12.9265452],[77.8128137,12.9266436],[77.8132704,12.9266157],[77.8136113,12.9265843],[77.8143741,12.9268658],[77.8153243,12.9273097],[77.815268,12.9274272],[77.8155585,12.9275921],[77.8156042,12.9276183],[77.8156081,12.9276178],[77.8156996,12.9274263],[77.816005,12.926804],[77.8158551,12.9259644],[77.8163214,12.9256939],[77.8163252,12.9256925],[77.8168016,12.9255069],[77.8172285,12.925503],[77.8172484,12.9255029],[77.817425,12.9255016],[77.8177193,12.9253448],[77.8179662,12.9251974],[77.8181715,12.9250756],[77.8183161,12.9250824],[77.8185942,12.9250954],[77.8190999,12.9249982],[77.8192794,12.9249585],[77.819326,12.9249529],[77.8200198,12.924805],[77.8203493,12.9249399],[77.82038,12.9250127],[77.8204494,12.9251774],[77.820478,12.9251788],[77.8206132,12.9251852],[77.8206864,12.9253055],[77.8206966,12.9253221],[77.8207008,12.925329],[77.8207415,12.9253958],[77.8207429,12.9254023],[77.8207558,12.9254604],[77.8208527,12.9258984],[77.8208775,12.9260092],[77.8209557,12.9263832],[77.8210125,12.9266536],[77.8210488,12.9266597],[77.8216208,12.9267551],[77.8216311,12.9267575],[77.8217118,12.9269874],[77.8217161,12.9269884],[77.821727,12.9269907],[77.8217877,12.9271627],[77.8218874,12.9274449],[77.8221039,12.9280579],[77.8223225,12.928718],[77.8228425,12.9284615],[77.8229405,12.9284123],[77.8238002,12.9279813],[77.8238375,12.9279622],[77.8239265,12.9279059],[77.8242849,12.9276723],[77.8244162,12.9275837],[77.8244868,12.9275341],[77.8246833,12.9273959],[77.824712,12.9273904],[77.8248084,12.9273715],[77.8251573,12.9273028],[77.8252452,12.9272843],[77.8269702,12.9269214],[77.8275822,12.9267427],[77.8295658,12.9262128],[77.8296502,12.9261886],[77.8298201,12.9261398],[77.8315684,12.9256721],[77.8315893,12.9256683],[77.8316905,12.9256498],[77.8318426,12.9256221],[77.8318753,12.9251869],[77.8319534,12.9241477],[77.8319551,12.9241252],[77.8320024,12.9241521],[77.8320762,12.9241941],[77.832078,12.9241714],[77.8325716,12.9235984],[77.8327669,12.9233716],[77.8326498,12.9233371],[77.8326849,12.9232973],[77.8322323,12.9229757],[77.8321197,12.9228957],[77.8321151,12.9228901],[77.8314898,12.9221314],[77.8308728,12.9212633],[77.8303532,12.9206123],[77.829865,12.9199748],[77.8297078,12.9197327],[77.829678,12.9196867],[77.8296562,12.9196532],[77.8283042,12.9197629],[77.8266734,12.920407],[77.82574,12.9207659],[77.8257291,12.9207686],[77.8257216,12.9207704],[77.8256916,12.9207777],[77.8256522,12.9207873],[77.8255747,12.9208061],[77.8254748,12.9208304],[77.8238488,12.9212257],[77.8235044,12.9213095],[77.823265,12.9213677],[77.8232447,12.9213727],[77.8231672,12.9213916],[77.8231184,12.9214035],[77.8231154,12.9214042],[77.8229624,12.9214415],[77.8220063,12.921676],[77.8219129,12.921689],[77.8213971,12.9217603],[77.8202561,12.9212513],[77.8202044,12.9212616],[77.8192008,12.9214615],[77.8189862,12.9215043],[77.8175581,12.9219783],[77.817555,12.9219794],[77.8175472,12.9219765],[77.817475,12.9219498],[77.8174618,12.9219448],[77.8168045,12.9217014],[77.8170115,12.9214092],[77.816997,12.9214028],[77.817133,12.9212191],[77.8172315,12.9208847],[77.8172807,12.9207175],[77.8174614,12.9201033],[77.8178208,12.9192116],[77.8177208,12.9183347],[77.8174761,12.9175692],[77.8174687,12.9175575],[77.8173774,12.9174107],[77.8169527,12.916728],[77.8165001,12.9160016],[77.8165018,12.9159657],[77.8165097,12.9158007],[77.8165538,12.9148748],[77.8168179,12.9142983],[77.8171599,12.9141196],[77.8174663,12.9138417],[77.8176415,12.9137557],[77.8177441,12.9137741],[77.8177758,12.9136956],[77.8179267,12.9137236],[77.8180486,12.913558],[77.8181726,12.9135648],[77.8182098,12.9135668],[77.8184866,12.9135819],[77.8190157,12.9134216],[77.8196751,12.9131253],[77.8200161,12.9129356],[77.820442,12.9126978],[77.8207984,12.9123792],[77.8210005,12.9120103],[77.8210333,12.9119503],[77.8211705,12.9114651],[77.8212022,12.9113531],[77.8212518,12.9111778],[77.8214088,12.9102432],[77.8213049,12.909591],[77.8212774,12.9089278],[77.8212535,12.9083936],[77.8215378,12.9079014],[77.8215612,12.907861],[77.8216829,12.907746],[77.8219237,12.9075185],[77.8220847,12.9073665],[77.8224762,12.9068413],[77.8223249,12.9066748],[77.8221744,12.9065763],[77.8220394,12.9064879],[77.8215922,12.9061942],[77.8215641,12.906101],[77.8213985,12.9055528],[77.8214102,12.9054615],[77.8214618,12.9050587],[77.8214913,12.9048285],[77.8216462,12.9041619],[77.8216737,12.9040434],[77.8217476,12.9037927],[77.8218301,12.9035124],[77.8218899,12.9033095],[77.8218271,12.9032977],[77.8215411,12.9032438],[77.8215227,12.9032137],[77.8215366,12.9031616],[77.8215032,12.903079],[77.8214587,12.9029693],[77.8212193,12.9024669],[77.8212025,12.9024371],[77.8211821,12.9024009],[77.8212078,12.9024047],[77.8214645,12.9024428],[77.8214773,12.9021039],[77.8216538,12.9019065],[77.8217076,12.9018462],[77.8223271,12.9017335],[77.8228626,12.9015959],[77.8231437,12.9013712],[77.8232248,12.9013064],[77.8235657,12.9008268],[77.823848,12.900189],[77.8239648,12.8997581],[77.8239752,12.8997196],[77.8239982,12.8996623],[77.8242122,12.8991278],[77.8242197,12.8991089],[77.8244273,12.8988852],[77.8248809,12.8983956],[77.8253301,12.8978028],[77.8253456,12.8977824],[77.825524,12.8971116],[77.8252993,12.8965952],[77.8252288,12.8961861],[77.8252247,12.8961622],[77.8254168,12.8958701],[77.8254516,12.8958172],[77.8255685,12.8956394],[77.8258838,12.8947544],[77.8263327,12.8940351],[77.8270277,12.8935931],[77.8276916,12.8932362],[77.8281184,12.8928382],[77.8282901,12.8924487],[77.8283263,12.8921738],[77.8283437,12.892042],[77.8284024,12.8915972],[77.828763,12.8905155],[77.8292649,12.8900137],[77.829669,12.8897842],[77.8299009,12.8895687],[77.8300287,12.88945],[77.8301926,12.8887152],[77.8301634,12.8883131],[77.8301576,12.8882323],[77.8301447,12.8880549],[77.830403,12.8874496],[77.8305324,12.8873592],[77.8307572,12.8872022],[77.8308721,12.8866096],[77.8311666,12.88577],[77.8315266,12.8850398],[77.831546,12.8849357],[77.8316757,12.8842398],[77.8317666,12.8837525],[77.8318704,12.8835972],[77.8318949,12.8835606],[77.8320265,12.8833637],[77.8322111,12.8828948],[77.8323143,12.8823829],[77.8322436,12.8820007],[77.8321744,12.881799],[77.8321548,12.8817418],[77.8321343,12.8817213],[77.8317086,12.8812972],[77.8316468,12.8812356],[77.831716,12.8811003],[77.8317299,12.8810733],[77.8316948,12.88104],[77.8316549,12.8809479],[77.8315705,12.8807527],[77.8315309,12.880661],[77.8314004,12.8803278],[77.8313793,12.8802738],[77.83124,12.8799179],[77.8313317,12.8787303],[77.8314179,12.8787728],[77.8314584,12.8787928],[77.8314683,12.8787888],[77.8314707,12.8787878],[77.8315351,12.878762],[77.8316028,12.8787349],[77.8315875,12.8786874],[77.8315657,12.8786199],[77.8315609,12.878605],[77.8314911,12.8783886],[77.8314355,12.87795],[77.8312447,12.8774454],[77.8314881,12.8770817],[77.8316224,12.8770027],[77.831699,12.8769582],[77.8318193,12.8768883],[77.8316899,12.876215],[77.8315856,12.8755398],[77.8315811,12.8755106],[77.8315592,12.8753686],[77.8317441,12.874506],[77.8318721,12.8742112],[77.8319392,12.8742526],[77.831984,12.8742802],[77.8320572,12.8743254],[77.8320674,12.8744015],[77.8321008,12.8743975],[77.832152,12.8743913],[77.8322238,12.8743826],[77.8323585,12.8743663],[77.8328954,12.8740902],[77.8331203,12.8739354],[77.8331268,12.873931],[77.8332531,12.8737917],[77.8334298,12.8735877],[77.8336347,12.8734309],[77.83368,12.8733962],[77.8337153,12.8733694],[77.8337992,12.8733054],[77.8338631,12.8732567],[77.8338772,12.8732444],[77.8339851,12.8731507],[77.8345604,12.872651],[77.834782,12.8724693],[77.8348912,12.8723797],[77.8349326,12.8723457],[77.8349567,12.8723267],[77.8349909,12.8722996],[77.8353236,12.8721767],[77.8353802,12.8721558],[77.8356483,12.8722042],[77.83578,12.8722368],[77.8358065,12.8722433],[77.8358959,12.8722077],[77.8361126,12.8721213],[77.8361448,12.8721084],[77.8361781,12.872095],[77.8368394,12.8718283],[77.8368358,12.8718139],[77.8367826,12.8716502],[77.8365924,12.8710323],[77.8366101,12.8709436],[77.8366285,12.8708521],[77.8366624,12.8707869],[77.8366825,12.8707484],[77.8367575,12.8705514],[77.8368069,12.8704866],[77.8369316,12.8703824],[77.8369637,12.8703556],[77.8368987,12.8703585],[77.8367365,12.8704003],[77.8325927,12.8675591],[77.8320647,12.8649081],[77.8323788,12.8637507],[77.8330786,12.8620165],[77.8325027,12.8618079],[77.8323714,12.862155],[77.8320169,12.862114],[77.8317002,12.8620655],[77.8313457,12.8620825],[77.8305532,12.8621642],[77.830241,12.8621306],[77.8300685,12.8621143],[77.8294785,12.8619126],[77.8288964,12.8616533],[77.8288891,12.861556],[77.8282727,12.8612881],[77.8276339,12.8608239],[77.8268488,12.8607732],[77.8267587,12.8604986],[77.8261706,12.860292],[77.8256917,12.8604032],[77.8251105,12.8598903],[77.823928,12.8580313],[77.8236876,12.8575644],[77.822999,12.8562118],[77.8229176,12.8559935],[77.8221443,12.8561086],[77.8212918,12.8560928],[77.8212064,12.856026],[77.8205339,12.8560445],[77.8178588,12.8560923],[77.8168803,12.8561075],[77.8160438,12.856187],[77.8158645,12.8558049],[77.8153691,12.85587],[77.8152377,12.8559264],[77.8152357,12.8559243],[77.814597,12.8552749],[77.8142556,12.8550322],[77.8136287,12.8544749],[77.8130988,12.8540951],[77.8130815,12.8540823],[77.8129569,12.8539895],[77.8127993,12.8538914],[77.8124929,12.8536195],[77.8119894,12.8532708],[77.8111427,12.85253],[77.8107332,12.8520012],[77.8103301,12.851326],[77.8099348,12.8496751],[77.8095915,12.8486884],[77.8093022,12.8484703],[77.8089775,12.8482298],[77.8085855,12.8480367],[77.8078988,12.84768],[77.8070114,12.8482568],[77.8067078,12.8484861],[77.8062621,12.8487364],[77.8050502,12.8494492],[77.8032449,12.8504537],[77.8028915,12.8506464],[77.8020683,12.8509015],[77.8013508,12.8512435],[77.8006671,12.8514164],[77.7999429,12.8517294],[77.7997723,12.8516607],[77.7992434,12.8518638],[77.7990037,12.8519456],[77.7987005,12.8511416],[77.7986952,12.8511281],[77.7985389,12.8507168],[77.7980893,12.8494984],[77.7979165,12.8489661],[77.7976176,12.8479711],[77.7976831,12.8477296],[77.7972768,12.8466212],[77.7969934,12.8457735],[77.7967972,12.8449627],[77.7961684,12.8450232],[77.7954519,12.8452935],[77.7948313,12.8454995],[77.7947533,12.8454491],[77.7943057,12.8450863],[77.7935741,12.8443479],[77.7933735,12.8440764],[77.7930795,12.8436981],[77.7928881,12.8435217],[77.7928036,12.8435405],[77.7927508,12.8434176],[77.7925886,12.843407],[77.7925388,12.8430021],[77.7925283,12.8427913],[77.7927265,12.8419599],[77.7930864,12.8406137],[77.7933089,12.8398295],[77.7940009,12.8385194],[77.7940828,12.8383241],[77.7946261,12.8370516],[77.7947995,12.8368617],[77.7948889,12.8365934],[77.7950143,12.8363178],[77.7956134,12.834978],[77.7955892,12.8348008],[77.7959951,12.834596],[77.7965961,12.8344115],[77.7974443,12.8340807],[77.7976783,12.8340556],[77.798224,12.8338942],[77.7990414,12.8337207],[77.8003182,12.8335931],[77.8008351,12.8334741],[77.8016977,12.8333181],[77.8021591,12.8332233],[77.8034262,12.8331238],[77.8043277,12.8330471],[77.8051085,12.8328049],[77.8059543,12.8325274],[77.8066342,12.8322112],[77.8072149,12.8320297],[77.8078118,12.8317843],[77.8078672,12.8317628],[77.809153,12.8313665],[77.8100554,12.8310227],[77.8100915,12.8306924],[77.8099205,12.8299802],[77.8100495,12.8299218],[77.8098657,12.8293718],[77.80957,12.8279802],[77.8093818,12.8275157],[77.8089329,12.8265],[77.8083084,12.8253104],[77.8081266,12.8246193],[77.8079502,12.8232562],[77.8080236,12.8224861],[77.8082433,12.8214322],[77.8083561,12.8201875],[77.8087253,12.8186778],[77.809283,12.8167439],[77.8097787,12.8158227],[77.806978,12.8164458],[77.8059415,12.8166698],[77.8050682,12.8167104],[77.8047192,12.81677],[77.8036052,12.8168968],[77.8022409,12.8171441],[77.8023711,12.8167044],[77.802144,12.8159321],[77.8021131,12.8158433],[77.8020828,12.8157487],[77.8018974,12.8150984],[77.8018714,12.8150241],[77.8018404,12.8149416],[77.8014546,12.8132809],[77.8013585,12.8129244],[77.8014959,12.8125945],[77.8014503,12.8124235],[77.8010728,12.8112824],[77.8009718,12.8109839],[77.8009487,12.8108819],[77.8005255,12.8091825],[77.8003437,12.8082167],[77.8002242,12.8076368],[77.8002017,12.807422],[77.8000151,12.8063128],[77.7999782,12.8054326],[77.8004319,12.8053247],[77.8016171,12.8051227],[77.8030023,12.8049223],[77.8036704,12.8048111],[77.8039643,12.8047924],[77.8040555,12.8045444],[77.8040771,12.8038697],[77.8039857,12.8030079],[77.8044844,12.8030188],[77.8045452,12.8026877],[77.8046563,12.8024529],[77.8047769,12.8021978],[77.8048425,12.8018794],[77.8048591,12.801598],[77.8049423,12.8013128],[77.805337,12.8003122],[77.8059276,12.8000122],[77.80623,12.7999275],[77.8064362,12.8000089],[77.8067682,12.7999362],[77.8072805,12.7998754],[77.807492,12.7996848],[77.8074644,12.7996097],[77.8074578,12.7995918],[77.8074337,12.7994711],[77.8075574,12.7994511],[77.8075475,12.7993014],[77.8075974,12.7990516],[77.8077808,12.798465],[77.8078338,12.7983944],[77.808031,12.7981603],[77.808277,12.7978696],[77.8084894,12.7976077],[77.8085363,12.7976428],[77.808831,12.7972263],[77.8090532,12.7970845],[77.8090366,12.7968741],[77.8090335,12.7968339],[77.8088623,12.7965249],[77.8086508,12.7961398],[77.8085462,12.7957862],[77.8082797,12.7952679],[77.8081668,12.7950621],[77.8079359,12.7949705],[77.8075815,12.7947381],[77.807389,12.7945447],[77.8070628,12.794528],[77.806797,12.7942816],[77.8066051,12.7941297],[77.8063754,12.7944454],[77.8061768,12.7945121],[77.8059587,12.79455],[77.8056104,12.7944396],[77.8052223,12.7943715],[77.8051017,12.7942497],[77.804874,12.7941348],[77.8046883,12.7941179],[77.8045084,12.7941369],[77.8042972,12.7941919],[77.8041494,12.7942434],[77.804032,12.794337],[77.8038627,12.7945314],[77.8036416,12.7948435],[77.8033685,12.79522],[77.8031171,12.79561],[77.8029211,12.7959648],[77.8028507,12.7960353],[77.8027357,12.796123],[77.8024919,12.7962418],[77.8023207,12.7962978],[77.8019717,12.796365],[77.8018018,12.796371],[77.8014976,12.7963319],[77.8013574,12.7962853],[77.801267,12.7961264],[77.8011819,12.795966],[77.8010335,12.7955587],[77.8009129,12.7952334],[77.8008321,12.7949602],[77.8007027,12.7947448],[77.8004664,12.7944574],[77.8004174,12.7944659],[77.8000364,12.7946458],[77.7999816,12.7947537],[77.7999246,12.7949815],[77.7999537,12.7952649],[77.7999462,12.7953645],[77.7999098,12.7955763],[77.799815,12.7958604],[77.799769,12.7958609],[77.7996691,12.795838],[77.7994225,12.7957674],[77.7991664,12.7953249],[77.7990561,12.7951385],[77.7987174,12.7947354],[77.7984049,12.7943656],[77.7982036,12.7939083],[77.7978925,12.7935241],[77.79782,12.7935074],[77.7976401,12.7934925],[77.7974585,12.7935211],[77.7971484,12.7936081],[77.7969488,12.7936769],[77.7967981,12.7936442],[77.7967098,12.7936091],[77.7966402,12.7935082],[77.7964287,12.7930275],[77.7960496,12.7921685],[77.7954954,12.792031],[77.7949298,12.7918533],[77.7949766,12.7917697],[77.7947119,12.7917035],[77.7946567,12.7914404],[77.7946899,12.7912544],[77.7945839,12.7908885],[77.7945072,12.790532],[77.7943269,12.7903391],[77.7941153,12.789817],[77.7937676,12.7891402],[77.7934514,12.7886247],[77.793124,12.7880695],[77.79266,12.7872293],[77.7925105,12.7869947],[77.7923137,12.7868193],[77.7921998,12.7866587],[77.7921793,12.786356],[77.7918127,12.7857741],[77.7911554,12.7840353],[77.7908193,12.7834325],[77.7905504,12.783311],[77.7901819,12.7828476],[77.7891575,12.7816654],[77.7893399,12.7813952],[77.7891368,12.7811522],[77.7890591,12.7808923],[77.788756,12.780469],[77.7882895,12.7797076],[77.7881374,12.7798229],[77.7880364,12.7796199],[77.7880867,12.7795413],[77.7880467,12.7793917],[77.7874941,12.7790043],[77.787281,12.7788198],[77.787147,12.7788342],[77.7869497,12.7788435],[77.7866898,12.7784754],[77.7864848,12.778315],[77.7862834,12.7780325],[77.7862421,12.777912],[77.7860592,12.7776629],[77.7859289,12.7775568],[77.7854302,12.7773782],[77.7851865,12.7773947],[77.7851798,12.7773841],[77.7851881,12.777375],[77.7852901,12.7772631],[77.7850346,12.7771663],[77.784925,12.7770663],[77.784663,12.7765704],[77.7846102,12.7763513],[77.7846049,12.7761641],[77.7846133,12.7759224],[77.7845008,12.7756297],[77.7844101,12.7754391],[77.7843676,12.7753271],[77.7842475,12.7750975],[77.7839645,12.7744497],[77.7838584,12.7743744],[77.7833286,12.7738567],[77.7831999,12.7737947],[77.7828327,12.7736072],[77.7827129,12.7735456],[77.7825276,12.77345],[77.7823095,12.7733376],[77.7821188,12.7730382],[77.7819646,12.7728259],[77.7789033,12.7679585],[77.778891,12.767907],[77.7788937,12.7679071],[77.7792895,12.7679245],[77.7795382,12.7679354],[77.7798306,12.7678069],[77.7800409,12.7677025],[77.7806016,12.7669096],[77.7810447,12.7657679],[77.781538,12.7655365],[77.7822531,12.7652191],[77.7827066,12.7649863],[77.7827656,12.7645405],[77.7828079,12.7643336],[77.7828519,12.7640852],[77.7831262,12.7639533],[77.7835689,12.7636542],[77.7844337,12.7628454],[77.7850668,12.7623323],[77.7853205,12.7621097],[77.7873957,12.7612651],[77.7873976,12.7612767],[77.7878646,12.7610728],[77.78834,12.7608701],[77.7892635,12.7604445],[77.7893686,12.7604631],[77.7899768,12.7602153],[77.7910921,12.7597958],[77.7924223,12.7591519],[77.7927948,12.7589653],[77.7931331,12.7588105],[77.7940282,12.758412],[77.7944134,12.7583237],[77.7950083,12.7582308],[77.7947763,12.7578837],[77.7944757,12.757142],[77.7943705,12.7565189],[77.7942423,12.7560521],[77.7939917,12.7551385],[77.793899,12.7544561],[77.7940647,12.7544276],[77.7939922,12.7540746],[77.7937862,12.7530158],[77.7937763,12.7529649],[77.793771,12.7529001],[77.7937512,12.7526585],[77.7937184,12.7525453],[77.7935218,12.7518676],[77.7934256,12.7514167],[77.7932968,12.7506606],[77.7931368,12.7501574],[77.7929462,12.7494478],[77.7926465,12.7485194],[77.7924786,12.7481275],[77.7922764,12.747822],[77.7922464,12.7477158],[77.7920638,12.747062],[77.7920018,12.7467495],[77.7914947,12.7467638],[77.7912902,12.7467373],[77.7901398,12.7462432],[77.789208,12.7455901],[77.787971,12.7447985],[77.785143,12.7421842],[77.7840125,12.7411344],[77.7837796,12.7411521],[77.7834007,12.7411348],[77.7808861,12.7414098],[77.7803744,12.7414762],[77.7798057,12.7414969],[77.7792598,12.7413503],[77.7791055,12.741303],[77.7788682,12.7412303],[77.7785266,12.7410762],[77.7784421,12.741038],[77.7780273,12.7408507],[77.7779922,12.7408373],[77.7776482,12.7406838],[77.7773424,12.7405473],[77.7771816,12.7404756],[77.7768363,12.740288],[77.7751116,12.7403551],[77.7743398,12.7404789],[77.773335,12.7405921],[77.7724583,12.7405443],[77.7708255,12.7403877],[77.7699583,12.7402952],[77.7698593,12.7402847],[77.7695915,12.740256],[77.7694019,12.7401222],[77.7679805,12.7394405],[77.7673548,12.7391326],[77.7667875,12.7388496],[77.7661428,12.7385281],[77.7648362,12.7378441],[77.7639665,12.73721],[77.7629969,12.7364006],[77.7630568,12.7363568],[77.7630213,12.7362494],[77.7627099,12.735144],[77.7626489,12.7348546],[77.7625793,12.7347772],[77.7625166,12.7346498],[77.7624442,12.7344653],[77.7623509,12.7340801],[77.7622832,12.7338229],[77.7622755,12.7337919],[77.7622571,12.7337174],[77.7620331,12.7328132],[77.7618582,12.7323902],[77.7614889,12.7313906],[77.7612205,12.7304174],[77.7610553,12.7298528],[77.7609695,12.7296432],[77.7609693,12.7285665],[77.7610595,12.7272585],[77.7621485,12.7266935],[77.7621895,12.7266206],[77.7633902,12.7264091],[77.7644778,12.7261263],[77.7651799,12.7258742],[77.7662438,12.7257074],[77.7666551,12.7258066],[77.7667292,12.7258063],[77.7672036,12.7257487],[77.7672882,12.7257414],[77.7674311,12.7257054],[77.7677492,12.7256254],[77.7683697,12.7254692],[77.7689598,12.7253198],[77.7696465,12.7251271],[77.7699576,12.7250398],[77.7700212,12.725022],[77.7720924,12.7245805],[77.7722151,12.7245578],[77.7732415,12.7243742],[77.7733758,12.7243636],[77.7735522,12.7244009],[77.7735956,12.7248093],[77.7742487,12.7245712],[77.774408,12.7245132],[77.7743417,12.7241323],[77.7740936,12.7238936],[77.7739559,12.7236899],[77.7735063,12.7230602],[77.7733983,12.722915],[77.7732036,12.7225638],[77.7729909,12.722079],[77.77296,12.7220085],[77.7728118,12.7216998],[77.7724442,12.721105],[77.7723776,12.7209955],[77.7718951,12.7202904],[77.7718313,12.7201907],[77.7714841,12.7195773],[77.771407,12.7194555],[77.77135,12.7193802],[77.7711949,12.7192312],[77.7711186,12.7191679],[77.7706956,12.7182585],[77.770657,12.7181639],[77.770543,12.7176248],[77.7705166,12.7175173],[77.7703846,12.7169895],[77.7702375,12.7164129],[77.7702219,12.7163162],[77.7700864,12.7154866],[77.7699622,12.714714],[77.7699457,12.714613],[77.7698737,12.7141721],[77.7697859,12.7136457],[77.7697045,12.7132055],[77.7688387,12.7132487],[77.7688554,12.7135487],[77.7685283,12.7134805],[77.7683941,12.7134499],[77.7673255,12.7132176],[77.7672295,12.7131967],[77.7662228,12.7129683],[77.7661273,12.7129722],[77.7660592,12.7125998],[77.765958,12.7119128],[77.7658771,12.7108627],[77.7660223,12.7100083],[77.766028,12.7098892],[77.7660451,12.7096867],[77.7661014,12.7090079],[77.7658198,12.7079398],[77.765716,12.7073991],[77.7655906,12.7069191],[77.7652697,12.7058963],[77.7650231,12.7044384],[77.7648697,12.703707],[77.764756,12.703047],[77.7647018,12.7028665],[77.764545,12.7024345],[77.7650689,12.7026427],[77.7649425,12.7022619],[77.7647471,12.7021393],[77.7642537,12.700678],[77.7630738,12.6978537],[77.7626716,12.6972048],[77.7625707,12.6969587],[77.7621445,12.6969367],[77.7609064,12.6970922],[77.7609254,12.6968531],[77.7606943,12.6968521],[77.760677,12.6970482],[77.760128,12.69725],[77.7576065,12.6976047],[77.7566845,12.697554],[77.7556636,12.6973638],[77.7541616,12.6972945],[77.7514768,12.6979519],[77.7489878,12.6990078],[77.7489277,12.6990273],[77.7487753,12.699011],[77.7475431,12.6994172],[77.7472678,12.6995659],[77.7449618,12.7001496],[77.7441081,12.7001341],[77.7411032,12.7007902],[77.7410414,12.7008037],[77.7408018,12.7006713],[77.7375615,12.6983929],[77.7369273,12.6970987],[77.73677,12.6964563],[77.7363038,12.6958555],[77.7358239,12.6942569],[77.7357333,12.6942375],[77.7356972,12.6937659],[77.7356782,12.693206],[77.7359598,12.6917702],[77.7369783,12.690173],[77.7373573,12.6894202],[77.7374696,12.6891508],[77.738253,12.6885272],[77.7385165,12.6883187],[77.7395473,12.687317],[77.7397399,12.6870836],[77.7400878,12.6867779],[77.7406472,12.6858862],[77.7406658,12.6858601],[77.7409913,12.6854351],[77.7410962,12.6847118],[77.7411134,12.6845927],[77.7412964,12.6835901],[77.7415143,12.6827389],[77.7416837,12.6821132],[77.7415007,12.6810237],[77.7412448,12.6798841],[77.7410919,12.6790717],[77.7409391,12.6785043],[77.7408064,12.6775545],[77.7408911,12.6765722],[77.7409259,12.675713],[77.7409539,12.6745614],[77.7410016,12.6737335],[77.7403011,12.6732291],[77.7402879,12.6732191],[77.7387223,12.6720546],[77.7380214,12.6720458],[77.7371534,12.6722103],[77.737018,12.6722351],[77.7364545,12.6723556],[77.7364393,12.6723553],[77.7361463,12.6723523],[77.7353747,12.6722218],[77.7351546,12.6722937],[77.7347523,12.6724356],[77.7337865,12.6724243],[77.7330912,12.6724854],[77.7330591,12.6724871],[77.732329,12.6725254],[77.7322734,12.6723903],[77.7317864,12.6724709],[77.7315758,12.6724975],[77.731241,12.6726499],[77.7310712,12.672698],[77.7308697,12.6726808],[77.7307752,12.6727681],[77.7303836,12.6728262],[77.7300733,12.6728876],[77.7298564,12.6728139],[77.7293581,12.6726375],[77.7260896,12.6709798],[77.7256885,12.6708015],[77.7256913,12.6708245],[77.7255844,12.6708553],[77.725385,12.6709129],[77.7252122,12.6709504],[77.7247812,12.6708043],[77.7248,12.6711508],[77.7247686,12.6714063],[77.724369,12.6715654],[77.7242637,12.6722431],[77.7240646,12.6730581],[77.7235872,12.6737576],[77.7234278,12.6739808],[77.723426,12.6743834],[77.7233907,12.6744875],[77.7233695,12.6748979],[77.7233485,12.6753985],[77.7233314,12.6757989],[77.7233089,12.676639],[77.7232995,12.6768521],[77.7231892,12.6779179],[77.7231904,12.6789332],[77.7231836,12.6789395],[77.7231393,12.6789806],[77.7228069,12.6790572],[77.7228227,12.6791968],[77.7228518,12.6794537],[77.7231795,12.6793688],[77.7232058,12.6793621],[77.7232111,12.6793849],[77.7219503,12.679817],[77.7216818,12.6798624],[77.7208869,12.6800037],[77.7202908,12.6802248],[77.7198992,12.6803809],[77.7194664,12.6806956],[77.7184912,12.6812477],[77.7178097,12.6816037],[77.7154401,12.6822468],[77.7145717,12.6825481],[77.7138199,12.6826802],[77.7131483,12.6829508],[77.7124252,12.6832339],[77.7119605,12.6833941],[77.7118016,12.6828074],[77.7117052,12.6819453],[77.7116678,12.6813484],[77.7118302,12.6805729],[77.7119068,12.6799276],[77.7118647,12.6794663],[77.711873,12.6793274],[77.7118878,12.6784753],[77.7119077,12.6773067],[77.7118965,12.6767661],[77.7120305,12.6756041],[77.7120569,12.6752519],[77.7122365,12.6750987],[77.7122852,12.6747058],[77.7122242,12.6740548],[77.7122145,12.67345],[77.7120522,12.6725816],[77.7119018,12.6718118],[77.7118001,12.6712832],[77.7117785,12.6710605],[77.711719,12.6707121],[77.7116347,12.6704562],[77.7115267,12.670166],[77.7114035,12.6698268],[77.7113417,12.6695894],[77.7112852,12.6693513],[77.7111498,12.6680677],[77.7110648,12.6671379],[77.7109707,12.6667596],[77.710863,12.6663936],[77.7105813,12.6663477],[77.7101998,12.6662152],[77.7096295,12.6660437],[77.7093363,12.6659488],[77.7089997,12.6659098],[77.7087219,12.6657953],[77.7084094,12.6656961],[77.7082252,12.6657084],[77.7081804,12.6654895],[77.7077052,12.6652419],[77.7075698,12.6650669],[77.7071188,12.6643985],[77.7069463,12.6641386],[77.7068732,12.6640395],[77.7066184,12.6634377],[77.7063888,12.6633936],[77.7060734,12.6629614],[77.7059303,12.6627818],[77.7058788,12.6627105],[77.7056427,12.6624254],[77.7055352,12.6623016],[77.7049976,12.6617146],[77.704861,12.6616769],[77.7047038,12.6616894],[77.704574,12.66164],[77.7044446,12.6616474],[77.7042904,12.661527],[77.7041748,12.661471],[77.7038111,12.6612783],[77.7036998,12.6612455],[77.7032181,12.6611411],[77.7030655,12.6609766],[77.7029061,12.6608813],[77.7027009,12.6608015],[77.7024057,12.6607279],[77.7018801,12.6606592],[77.7010785,12.6605787],[77.7009911,12.66058],[77.7006687,12.6605825],[77.7004069,12.6605872],[77.6995368,12.660691],[77.6990161,12.6607195],[77.6987401,12.6607317],[77.6981074,12.6606982],[77.6979951,12.6606883],[77.697443,12.660637],[77.6971129,12.6606519],[77.6967179,12.6606601],[77.6966095,12.6607428],[77.6962939,12.6606566],[77.695978,12.6606872],[77.6956426,12.660633],[77.6953866,12.6606026],[77.695108,12.6605969],[77.694982,12.6605335],[77.6943851,12.6605568],[77.693939,12.6605472],[77.6928382,12.6604881],[77.691956,12.6604667],[77.6918922,12.660536],[77.6904969,12.659243],[77.6896487,12.6584938],[77.6873838,12.6591304],[77.686061,12.6596252],[77.6846297,12.6600235],[77.6836313,12.6600302],[77.6835141,12.6600388],[77.6831447,12.6600659],[77.6822192,12.6599847],[77.6809252,12.6601249],[77.6797058,12.6600618],[77.6786997,12.6602404],[77.6782672,12.6606151],[77.6788697,12.6619278],[77.6787346,12.6620772],[77.6780656,12.6623338],[77.6771566,12.6629132],[77.6761467,12.663449],[77.6766182,12.6653343],[77.6768539,12.6658938],[77.6769221,12.6664753],[77.6771336,12.6675805],[77.6771417,12.668246],[77.676997,12.6690206],[77.6769776,12.6691243],[77.6769961,12.6693289],[77.6770284,12.669686],[77.677283,12.6716055],[77.6773084,12.6717975],[77.6773309,12.6719734],[77.6773442,12.6721565],[77.6773112,12.6721595],[77.6767869,12.6725299],[77.6766187,12.6727541],[77.6761332,12.6731087],[77.6754971,12.6735714],[77.6756686,12.674039],[77.675881,12.6745634],[77.6762606,12.6756204],[77.676375,12.6760315],[77.6763997,12.6765836],[77.6766297,12.6773119],[77.6770165,12.6790837],[77.6770658,12.6793271],[77.6770464,12.6793316],[77.6760353,12.679383],[77.6749751,12.6797376],[77.6741145,12.680023],[77.672237,12.6807988],[77.6714406,12.6809576],[77.6700764,12.6813059],[77.6698681,12.6814013],[77.6681471,12.6820407],[77.6678028,12.6820335],[77.6669018,12.6823795],[77.6654136,12.6827641],[77.6652371,12.6828097],[77.6650586,12.6828558],[77.6643408,12.6830017],[77.6638376,12.6831084],[77.6635058,12.6831968],[77.6632533,12.6832724],[77.6577166,12.6822845],[77.6572993,12.6822093],[77.6556176,12.6819057],[77.6527067,12.6806624],[77.6473196,12.6789819],[77.6462893,12.6786605],[77.6459977,12.6785485],[77.6378703,12.6756995],[77.6237726,12.6737944],[77.6045465,12.6686444],[77.5988817,12.6671789],[77.5980234,12.663578],[77.5970363,12.6580091],[77.5955343,12.6614845],[77.5952768,12.6663834],[77.5953197,12.6685607],[77.5995683,12.6732501],[77.60077,12.6760554],[77.6022291,12.6803679],[77.6056194,12.6922164],[77.612915,12.6991244],[77.6154899,12.7092138],[77.6108401,12.7132985],[77.6084957,12.7142246],[77.6036948,12.7161208],[77.6035565,12.7161754],[77.6030957,12.7163575],[77.5975562,12.7193685],[77.597489,12.7194002],[77.5970736,12.7195929],[77.5967622,12.7197305],[77.5966738,12.7197684],[77.5964727,12.7198525],[77.5959262,12.7201594],[77.5959129,12.7201669],[77.5958212,12.7202184],[77.5956723,12.720302],[77.5948506,12.7207635],[77.5948181,12.7207985],[77.5946923,12.7209209],[77.594648,12.7208833],[77.5941974,12.7205008],[77.5939482,12.7202996],[77.5932275,12.7197179],[77.5930948,12.7196107],[77.5928962,12.7194504],[77.592186,12.7188771],[77.5908992,12.7178383],[77.5898434,12.716986],[77.5897773,12.7169344],[77.589743,12.7169076],[77.5896451,12.7168312],[77.5895197,12.7167333],[77.5894324,12.7166652],[77.5892917,12.7165553],[77.589338,12.716512],[77.5881958,12.7156608],[77.5875993,12.7152039],[77.5871582,12.714866],[77.5861448,12.7140897],[77.5852642,12.7133749],[77.5848813,12.7130867],[77.5840949,12.7124929],[77.5837505,12.7122321],[77.5835642,12.7120808],[77.583504,12.7120318],[77.5825457,12.7112954],[77.5823832,12.7111702],[77.5823831,12.7111702],[77.582036,12.7109026],[77.5820359,12.7109025],[77.5814126,12.7104504],[77.5814125,12.7104504],[77.5806824,12.7098535],[77.5805475,12.7097432],[77.579914,12.7092215],[77.5797852,12.7091154],[77.5796616,12.709007],[77.5791064,12.7085967],[77.5786811,12.7082348],[77.5784834,12.7079035],[77.5784833,12.7079035],[77.5783902,12.7077515],[77.5782628,12.7075635],[77.5781177,12.7073494],[77.5780572,12.7072663],[77.5779259,12.7070836],[77.5769016,12.7056258],[77.5769016,12.7056257],[77.5765581,12.7051138],[77.5760256,12.7043202],[77.5757441,12.7039008],[77.5757138,12.7038556],[77.5756398,12.70383],[77.5751114,12.7036476],[77.5736427,12.7031408],[77.5690698,12.7015624],[77.5686216,12.7014014],[77.568213,12.7012545],[77.5680703,12.7012031],[77.5679913,12.7013018],[77.5679365,12.7013587],[77.5670109,12.7023209],[77.5669161,12.7024236],[77.5665935,12.7027731],[77.5661283,12.703277],[77.5661233,12.7032824],[77.565274,12.7042024],[77.5651283,12.7043596],[77.5633447,12.7063243],[77.5632052,12.7064825],[77.5621269,12.7077059],[77.5619933,12.7078556],[77.5613238,12.7086059],[77.5612835,12.7086508],[77.5612611,12.7086757],[77.5609192,12.709738],[77.5609191,12.7097381],[77.5604352,12.7109334],[77.560129,12.711473],[77.560005,12.7116915],[77.5590976,12.7132608],[77.5590976,12.7154489],[77.5590976,12.7157955],[77.5590976,12.7160828],[77.5591208,12.7179433],[77.5591236,12.7181012],[77.5591564,12.719229],[77.55918,12.7197566],[77.5591819,12.7198008],[77.5592547,12.7214726],[77.5588214,12.7227128],[77.5575721,12.7262805],[77.5574487,12.7266339],[77.5571435,12.7275076],[77.5572311,12.7281892],[77.5575845,12.7309386],[77.5575853,12.7309451],[77.5575853,12.7309452],[77.5575904,12.7309464],[77.5575955,12.7309477],[77.5576113,12.7309516],[77.5580803,12.7310686],[77.5594392,12.7314078],[77.5597339,12.7314814],[77.5624509,12.7321597],[77.5629639,12.7320371],[77.5667432,12.7311397],[77.5667433,12.7311397],[77.5667435,12.7311396],[77.5684261,12.7307394],[77.5693053,12.7305252],[77.570634,12.730212],[77.5707627,12.7301817],[77.5708881,12.7301713],[77.5709812,12.7301965],[77.5718527,12.7310174],[77.5727947,12.732488],[77.5727505,12.7325349],[77.5722041,12.7331146],[77.5716985,12.7336492],[77.570066,12.734025],[77.5686628,12.7344151],[77.5684088,12.7344858],[77.5679936,12.7354433],[77.5689638,12.7373809],[77.5690609,12.7375996],[77.5691539,12.7378092],[77.5693507,12.7382525],[77.5696729,12.7391396],[77.5695637,12.7394143],[77.569903,12.7404536],[77.5706394,12.7428203],[77.5716275,12.744454],[77.5724423,12.7454657],[77.5726927,12.7457766],[77.5735202,12.7468041],[77.5750149,12.7482211],[77.5752923,12.7484844],[77.5754683,12.749742],[77.5754771,12.7498056],[77.5760334,12.7508112],[77.5765168,12.7511713],[77.5765478,12.7511943],[77.5779835,12.7509303],[77.5803018,12.7512122],[77.5806023,12.7512487],[77.5816346,12.7516937],[77.5817935,12.7517622],[77.5826443,12.7517136],[77.5830544,12.7517003],[77.58357,12.7516719],[77.5853763,12.7517033],[77.5858408,12.7516164],[77.5872446,12.751333],[77.5880402,12.7510259],[77.5882208,12.7509562],[77.5888453,12.7507151],[77.5907212,12.7501574],[77.5922041,12.7503059],[77.5928157,12.7503611],[77.593647,12.7504458],[77.5941263,12.7504947],[77.5944905,12.7508091],[77.5951765,12.7514014],[77.5953259,12.7515304],[77.5955126,12.7522929],[77.5956363,12.7528268],[77.595848,12.7537402],[77.5959913,12.75435],[77.5960742,12.7547027],[77.5963423,12.7551704],[77.5965498,12.7555322],[77.5966727,12.7557467],[77.5972329,12.7567238],[77.5972746,12.7567607],[77.5977022,12.7573066],[77.5978702,12.757521],[77.5980328,12.7577287],[77.5981522,12.7578811],[77.5984309,12.7582369],[77.5984309,12.7582391],[77.5981874,12.7581087],[77.5980066,12.7580119],[77.5979498,12.7579815],[77.5979257,12.7580801],[77.5973822,12.7602969],[77.5971906,12.7611249],[77.59696,12.7621211],[77.5965485,12.7636213],[77.5964604,12.7639425],[77.5964431,12.7640057],[77.5963893,12.7640747],[77.5955323,12.7651746],[77.5951714,12.7656374],[77.5954813,12.7656584],[77.5956694,12.7656712],[77.5955918,12.7662306],[77.5955779,12.7663307],[77.5954944,12.7670071],[77.5951881,12.7694649],[77.5949029,12.7699981],[77.5948062,12.7701788],[77.5945815,12.7705988],[77.593747,12.7721004],[77.5933291,12.772852],[77.5927444,12.7739052],[77.5925837,12.7744035],[77.5920379,12.7760498],[77.5920132,12.7769717],[77.5919929,12.7776805],[77.5921687,12.7778242],[77.5921602,12.778266],[77.5921531,12.7786346],[77.59213,12.7798297],[77.5910838,12.7809206],[77.5882195,12.7834041],[77.587062,12.7839684],[77.5868458,12.7840739],[77.5844944,12.7852203],[77.5822678,12.7861447],[77.5819661,12.7862702],[77.5813114,12.7865426],[77.5813813,12.7869131],[77.5810414,12.7870913],[77.5802434,12.7875101],[77.5797185,12.7877855],[77.5796642,12.7877439],[77.5793263,12.7874852],[77.5772472,12.7858941],[77.5761156,12.7844048],[77.5747021,12.7828572],[77.5738802,12.7819882],[77.5735379,12.7816262],[77.572354,12.7803926],[77.5714132,12.7788786],[77.57095,12.7770884],[77.570907,12.7739287],[77.5708541,12.7716476],[77.571443,12.7697462],[77.571842,12.7671299],[77.5716915,12.766127],[77.5707436,12.7622575],[77.5705193,12.7620341],[77.5695204,12.7610394],[77.5677477,12.7602477],[77.5666593,12.7594772],[77.5664128,12.7592331],[77.5662968,12.7592847],[77.5647992,12.7599503],[77.5631442,12.7607879],[77.5625602,12.7613746],[77.5623,12.7616359],[77.5614993,12.7624402],[77.5596414,12.7643754],[77.5585768,12.7653492],[77.5586087,12.7665105],[77.5586809,12.7690545],[77.5577424,12.772358],[77.5576868,12.7725488],[77.5572477,12.7740593],[77.5568956,12.7756628],[77.5561787,12.7773085],[77.556223,12.7793703],[77.5563529,12.7810594],[77.5575014,12.7821193],[77.557889,12.782477],[77.5580424,12.7825131],[77.5612239,12.7832618],[77.5620883,12.7843302],[77.5622689,12.7867394],[77.5624489,12.7869463],[77.5635624,12.7881495],[77.5633345,12.78853],[77.5621859,12.7887974],[77.5621437,12.7887549],[77.5613254,12.7879319],[77.5596197,12.7878302],[77.5595632,12.7878462],[77.558202,12.788231],[77.5568256,12.7885563],[77.5563979,12.7886577],[77.5562629,12.7886897],[77.5530582,12.7896412],[77.5529055,12.7896863],[77.5530199,12.7903008],[77.5530542,12.7904839],[77.5532222,12.7913755],[77.5537825,12.7931532],[77.5542509,12.7947086],[77.5550377,12.7973439],[77.5556781,12.798611],[77.5559966,12.7996051],[77.55583,12.7996253],[77.554835,12.799746],[77.5543436,12.7997206],[77.5543317,12.7997517],[77.5542226,12.8000374],[77.5534853,12.8002326],[77.5534657,12.8002199],[77.5532294,12.8000674],[77.5532079,12.8000536],[77.5531655,12.8001143],[77.553031,12.800307],[77.5518785,12.8005785],[77.550699,12.8008564],[77.5496463,12.8010581],[77.5493935,12.801115],[77.5475549,12.8013964],[77.5474988,12.801405],[77.5458022,12.8007452],[77.5441947,12.7998424],[77.5427167,12.7988686],[77.5421345,12.7985464],[77.5421479,12.7984084],[77.5421601,12.7982823],[77.5421707,12.7981722],[77.5421835,12.798039],[77.5424167,12.7955355],[77.5423911,12.7948109],[77.5423349,12.7947284],[77.5434935,12.7933995],[77.543485,12.7933855],[77.5434091,12.7932602],[77.5435833,12.7931591],[77.543737,12.7930899],[77.5452545,12.7924052],[77.5462546,12.7909285],[77.5465888,12.7906747],[77.5468237,12.7904963],[77.5476257,12.7898872],[77.5483056,12.7886398],[77.5483154,12.7886217],[77.5483169,12.7886179],[77.5489994,12.7868538],[77.548862,12.7864917],[77.5489554,12.7862967],[77.5494345,12.7852973],[77.549435,12.7852961],[77.5493545,12.7852061],[77.5481603,12.7838711],[77.5470837,12.7823646],[77.546205,12.7807141],[77.545915,12.7802006],[77.5453252,12.7793204],[77.5447089,12.7775324],[77.5443827,12.7768885],[77.5441582,12.7764454],[77.5438707,12.7758783],[77.5438491,12.7758357],[77.5455336,12.7752066],[77.5464542,12.7746325],[77.5471173,12.7742016],[77.5474114,12.774197],[77.5484777,12.7742044],[77.5494943,12.7741926],[77.5499875,12.7739961],[77.5512037,12.7735094],[77.551678,12.7733],[77.5517053,12.7732879],[77.5516956,12.7729161],[77.5516828,12.7724252],[77.5513082,12.7718381],[77.550831,12.7710672],[77.5505512,12.7708791],[77.5498814,12.770859],[77.5491614,12.7708171],[77.548419,12.770656],[77.5473896,12.7704218],[77.5463458,12.7697343],[77.5462772,12.769689],[77.5460999,12.7695514],[77.5458227,12.76796],[77.5458153,12.7679175],[77.5457582,12.7676611],[77.545635,12.7671067],[77.5459288,12.7668724],[77.5458264,12.7666346],[77.546025,12.7667367],[77.5460084,12.7663821],[77.5459969,12.7661339],[77.5459953,12.7661009],[77.5456619,12.7659906],[77.5455138,12.7659416],[77.5455456,12.7655894],[77.5454466,12.7652239],[77.545411,12.7650927],[77.5450374,12.7637041],[77.5441353,12.7620796],[77.5439536,12.7615242],[77.5439211,12.7614244],[77.5432136,12.75922],[77.5431302,12.7589561],[77.5421995,12.7549855],[77.5421406,12.7547343],[77.5420622,12.7543997],[77.5413999,12.7520966],[77.5412682,12.7516392],[77.540939,12.750026],[77.5409041,12.7498554],[77.5408129,12.7494091],[77.5408955,12.7488756],[77.5409004,12.7488437],[77.5408343,12.7488832],[77.5408726,12.7486296],[77.5409369,12.7482031],[77.5409501,12.7481156],[77.5394367,12.7499942],[77.5366409,12.7534634],[77.5359142,12.7543668],[77.5355853,12.754783],[77.5346978,12.7559154],[77.5347045,12.7557687],[77.5344978,12.7555506],[77.5344287,12.7554777],[77.5342757,12.7552639],[77.5342649,12.7552486],[77.5341687,12.755114],[77.5341166,12.7550965],[77.5340931,12.7550887],[77.5335472,12.7549072],[77.5334209,12.7545538],[77.5333606,12.7544657],[77.5331856,12.7543429],[77.5332151,12.754302],[77.5334152,12.7539023],[77.5333868,12.7533838],[77.5333343,12.7532749],[77.5326996,12.7527306],[77.5325807,12.7524233],[77.5325601,12.752257],[77.5325418,12.7521911],[77.5323579,12.751529],[77.5319599,12.751269],[77.5318567,12.7512015],[77.5317872,12.7512488],[77.5316086,12.7513701],[77.5315903,12.7513318],[77.5313768,12.7508853],[77.5313644,12.7508593],[77.5313615,12.7508533],[77.5313094,12.7507448],[77.531248,12.7506168],[77.5311858,12.7504932],[77.5299821,12.7480998],[77.5297337,12.7476221],[77.5286304,12.7454996],[77.5285751,12.7453932],[77.528407,12.7450683],[77.5241793,12.7368986],[77.5240831,12.7367127],[77.5229496,12.7345223],[77.5227605,12.734168],[77.5227535,12.7341494],[77.521941,12.7320274],[77.5218077,12.7316837],[77.5217834,12.7317468],[77.5171946,12.7356717],[77.5171091,12.7357448],[77.5174951,12.7368167],[77.5175164,12.7368758],[77.5182431,12.7389064],[77.5183096,12.7390959],[77.5183518,12.7392161],[77.5184393,12.7394654],[77.5190564,12.7408391],[77.5195509,12.7419393],[77.5193839,12.7419947],[77.5193629,12.7420103],[77.5193555,12.7420127],[77.5182391,12.7428213],[77.5172697,12.7435224],[77.5163023,12.744219],[77.5153652,12.7449053],[77.5144383,12.7455718],[77.5132094,12.7464802],[77.5131353,12.7465285],[77.513045,12.7465916],[77.5128892,12.7467073],[77.5127686,12.7467969],[77.5126073,12.746394],[77.5125025,12.7464324],[77.5123212,12.7464987],[77.5122791,12.7464224],[77.5122436,12.7463582],[77.5116284,12.7450899],[77.5111659,12.7441537],[77.5105486,12.7428882],[77.5100726,12.741914],[77.5095669,12.7408551],[77.5090135,12.7396779],[77.5084596,12.738607],[77.5079393,12.7375987],[77.5077774,12.7374406],[77.5075837,12.7372436],[77.5074078,12.737065],[77.5066189,12.7362903],[77.5063877,12.7362477],[77.5047909,12.735971],[77.5044394,12.7359174],[77.5039287,12.7358395],[77.5037126,12.7358066],[77.5031311,12.7356993],[77.5028465,12.7356469],[77.5028379,12.7357291],[77.5027101,12.7369466],[77.5026908,12.7371295],[77.5026847,12.7371879],[77.5007296,12.7379961],[77.4967753,12.7396308],[77.496442,12.7397655],[77.4964346,12.7397685],[77.4942538,12.7398882],[77.4941043,12.7398964],[77.4939955,12.7399129],[77.4939273,12.7399231],[77.4931783,12.7400359],[77.4930962,12.7400482],[77.4930866,12.7400841],[77.4930061,12.7403839],[77.4927046,12.7415673],[77.4922528,12.7415949],[77.4922113,12.7415976],[77.4921867,12.7416951],[77.4921752,12.7417406],[77.4904377,12.7420261],[77.4903617,12.7420386],[77.4890525,12.7422537],[77.4890515,12.7422526],[77.4888607,12.7422618],[77.4887867,12.7422703],[77.4884845,12.742305],[77.4884009,12.7423064],[77.4883561,12.7426185],[77.4883026,12.7425812],[77.4882435,12.7425399],[77.4881659,12.7424859],[77.4881105,12.7424473],[77.4881043,12.742443],[77.4880965,12.742309],[77.488097,12.7421908],[77.4874853,12.7423613],[77.4873304,12.7424097],[77.4871511,12.7426338],[77.4871459,12.7426404],[77.4871252,12.7426436],[77.4867471,12.7427034],[77.4865866,12.7427589],[77.4864559,12.7428041],[77.4864318,12.7428125],[77.4863793,12.7428986],[77.4863303,12.7429787],[77.4863051,12.7430201],[77.4862049,12.7430834],[77.4857776,12.7433534],[77.4854982,12.7437333],[77.4854259,12.7438317],[77.4854251,12.7438327],[77.4853144,12.7443208],[77.4852813,12.744738],[77.485255,12.7450591],[77.4852466,12.7451599],[77.4851416,12.7451873],[77.4848422,12.7453903],[77.4849024,12.7459455],[77.4850317,12.7467123],[77.4846973,12.7473818],[77.4844637,12.7477814],[77.4843325,12.7478539],[77.484295,12.7478747],[77.4837764,12.7481614],[77.4833799,12.7484012],[77.4828781,12.7487645],[77.4825905,12.7494599],[77.4822941,12.7496329],[77.4819629,12.749833],[77.4812239,12.7497721],[77.4800653,12.7502192],[77.4791934,12.7507175],[77.47844,12.7515015],[77.4772278,12.7520686],[77.476541,12.7521886],[77.4760027,12.7525642],[77.4756228,12.7541874],[77.4748329,12.7549776],[77.4750376,12.7552012],[77.4750254,12.7552153],[77.4749083,12.7553596],[77.4748514,12.7555365],[77.474676,12.7559535],[77.4744591,12.7562025],[77.4743982,12.7562764],[77.4743373,12.7563503],[77.4742381,12.7564595],[77.4741125,12.75653],[77.4740136,12.7565853],[77.4739709,12.7566092],[77.4739725,12.756611],[77.4739731,12.7566116],[77.4739823,12.7566214],[77.4741095,12.7567568],[77.4740532,12.7569317],[77.4740333,12.7569523],[77.4739987,12.7569879],[77.4739694,12.7570181],[77.4739096,12.7570797],[77.4739952,12.7571062],[77.4739836,12.7571434],[77.4739294,12.757199],[77.4739003,12.7572289],[77.4738409,12.7572899],[77.4743564,12.757552],[77.474536,12.7576136],[77.4745711,12.7576256],[77.4747154,12.7576752],[77.4748225,12.7577483],[77.4748263,12.7577509],[77.474908,12.7578068],[77.4749197,12.7578148],[77.4748986,12.7578656],[77.474827,12.7580383],[77.474793,12.7581204],[77.4747424,12.7582424],[77.4746858,12.7584448],[77.4746279,12.7586515],[77.4746235,12.7586672],[77.4745878,12.7587949],[77.4748422,12.7589409],[77.47504,12.7593729],[77.4751371,12.7595908],[77.4753455,12.7596103],[77.4753823,12.7592621],[77.4754335,12.7588887],[77.4756082,12.7588261],[77.4756987,12.7588815],[77.4757463,12.7589843],[77.4759614,12.7594487],[77.4760552,12.7596512],[77.4761039,12.7598389],[77.4761186,12.7598953],[77.4761677,12.7600849],[77.4761874,12.7601612],[77.4762451,12.7603859],[77.4763158,12.7606584],[77.4763528,12.761259],[77.4762664,12.7619327],[77.4759702,12.7623193],[77.4757888,12.7625554],[77.4756401,12.7627491],[77.4756262,12.7627672],[77.4755755,12.7628433],[77.4754245,12.7630702],[77.4751884,12.7634238],[77.4747568,12.7637654],[77.4740791,12.7645765],[77.4741192,12.7647429],[77.4741241,12.7647631],[77.4742276,12.7649092],[77.4742783,12.7649801],[77.4743069,12.7650223],[77.4746868,12.7655818],[77.4747024,12.7656047],[77.4748857,12.7658747],[77.4750821,12.7661638],[77.4754199,12.7666666],[77.4756308,12.7669329],[77.4756464,12.7669698],[77.4756629,12.767009],[77.4760128,12.7680582],[77.4763121,12.76899],[77.4763624,12.7692138],[77.4763832,12.7693059],[77.4767578,12.7709676],[77.4767703,12.7710244],[77.4767843,12.7710922],[77.476796,12.7711487],[77.4768245,12.7712973],[77.4770501,12.7724711],[77.4770802,12.772638],[77.4772542,12.7736025],[77.4772713,12.7736984],[77.4772714,12.7736984],[77.4772888,12.773799],[77.4773423,12.7741067],[77.4773612,12.7742157],[77.4774154,12.7745272],[77.4774536,12.7747484],[77.4774672,12.7748273],[77.4775056,12.7750515],[77.4775415,12.7752609],[77.4775634,12.7753817],[77.4775946,12.7755539],[77.4777229,12.7763044],[77.4777801,12.7766382],[77.4778305,12.7769319],[77.4779774,12.7775933],[77.4779911,12.7776744],[77.4780462,12.7779897],[77.4782726,12.7792865],[77.4782877,12.7793719],[77.4783596,12.7797255],[77.4785241,12.780534],[77.4784381,12.7807584],[77.478349,12.7809912],[77.4779,12.7822119],[77.4766317,12.7849004],[77.476495,12.7850223],[77.4757227,12.7857921],[77.4755716,12.7859456],[77.4755339,12.785985],[77.4746145,12.7867861],[77.4743355,12.7870292],[77.4742697,12.7870866],[77.474266,12.7870893],[77.4742286,12.7871115],[77.4740909,12.787193],[77.4730427,12.7879693],[77.4723541,12.7883651],[77.472354,12.7883651],[77.4722219,12.7884265],[77.4722049,12.7884343],[77.4718825,12.7885807],[77.4718687,12.7886057],[77.471865,12.7886145],[77.4718538,12.7886409],[77.4718093,12.7887461],[77.4718055,12.7887553],[77.4717981,12.7887728],[77.4717802,12.7888151],[77.4717556,12.7888731],[77.4716364,12.7891543],[77.4716364,12.7891544],[77.4716118,12.7892124],[77.4716116,12.7892913],[77.4716103,12.7898935],[77.4716102,12.7899881],[77.471318,12.7902785],[77.471318,12.7902786],[77.47125,12.7903471],[77.4711745,12.7905504],[77.47087,12.7913845],[77.4708699,12.7913846],[77.4706484,12.792007],[77.4703426,12.7929266],[77.4703011,12.7930514],[77.470005,12.7939418],[77.4700202,12.7939921],[77.470396,12.7952199],[77.4705376,12.7957148],[77.4707736,12.7965232],[77.4709158,12.7969032],[77.4711421,12.7976325],[77.4712139,12.7978591],[77.4712969,12.7979016],[77.4713385,12.7980446],[77.4732799,12.7991764],[77.4734128,12.7991182],[77.4735433,12.7990487],[77.4742923,12.7988484],[77.4750681,12.7986982],[77.475211,12.7986783],[77.4756376,12.7986187],[77.4758435,12.79859],[77.4765777,12.7984875],[77.4777178,12.7983801],[77.4789918,12.7988156],[77.4795694,12.7990137],[77.4796099,12.7990276],[77.4795169,12.7992103],[77.4795429,12.7992189],[77.4796154,12.7992428],[77.479705,12.7992724],[77.4801132,12.7994071],[77.4801532,12.7994203],[77.4802115,12.7994661],[77.4809455,12.8000423],[77.4813673,12.8003735],[77.4816968,12.8006321],[77.4818453,12.8007487],[77.4819972,12.8008679],[77.4827594,12.8018383],[77.4829845,12.8021249],[77.4831225,12.8023005],[77.4826264,12.8024907],[77.4814224,12.8029525],[77.4800998,12.8042014],[77.479192,12.8050588],[77.47905,12.8051959],[77.4785734,12.8056559],[77.4777575,12.8064435],[77.4785968,12.8105453],[77.4787826,12.8114521],[77.4782799,12.8111181],[77.4777685,12.8107783],[77.4769875,12.8102592],[77.4763464,12.8098331],[77.476345,12.8098974],[77.4763285,12.8107117],[77.4763265,12.8108057],[77.4763215,12.8110524],[77.4763064,12.8114882],[77.4762911,12.8119379],[77.4746073,12.8118053],[77.4710846,12.8115278],[77.4694711,12.8109872],[77.469487,12.8107247],[77.4693833,12.8106905],[77.4692628,12.8106508],[77.4692855,12.8102346],[77.4692988,12.80999],[77.4666953,12.8089681],[77.4649821,12.8091948],[77.464603,12.8092677],[77.4638198,12.8088452],[77.4637215,12.8087914],[77.4636447,12.8087495],[77.4619491,12.8078227],[77.4618439,12.807765],[77.4617906,12.8077335],[77.4611102,12.8073309],[77.4606586,12.8082539],[77.4606051,12.8083473],[77.4603973,12.8087098],[77.4603408,12.8088199],[77.4603054,12.808889],[77.4602453,12.8090062],[77.460052,12.8093831],[77.4599914,12.8094988],[77.4597359,12.8099863],[77.4596848,12.810085],[77.459267,12.8108908],[77.4576092,12.812805],[77.4575444,12.8128887],[77.4554549,12.8155877],[77.4553989,12.8156617],[77.4549089,12.8163104],[77.4548397,12.8164021],[77.4547061,12.8165792],[77.4546015,12.8166384],[77.4546628,12.8166595],[77.4545581,12.8167182],[77.4545063,12.8167471],[77.4544291,12.8167904],[77.4541516,12.8169459],[77.4541514,12.816946],[77.4541374,12.8169516],[77.4540464,12.8169879],[77.4539675,12.8170194],[77.4536935,12.8171288],[77.4536139,12.8171605],[77.4535499,12.8172164],[77.4533709,12.8173723],[77.4533203,12.8174165],[77.4533176,12.8174188],[77.4533202,12.8174219],[77.453319,12.817481],[77.4533132,12.8177684],[77.4533131,12.8177753],[77.4533122,12.8178169],[77.4533624,12.8178627],[77.4533112,12.8178947],[77.453274,12.8179179],[77.4532379,12.8179405],[77.4532378,12.8179405],[77.4531979,12.8179077],[77.4531716,12.8178861],[77.4530987,12.817888],[77.4526424,12.8180444],[77.4525703,12.8181204],[77.4525154,12.8181782],[77.4523314,12.8181242],[77.4522891,12.8180721],[77.4522792,12.8180598],[77.4521731,12.8181223],[77.4521447,12.818139],[77.4520387,12.8182014],[77.4519691,12.818229],[77.451874,12.8182666],[77.4518294,12.8182842],[77.451794,12.8183577],[77.451762,12.8183703],[77.45174,12.8184151],[77.4516933,12.8185103],[77.4515975,12.8184792],[77.4514677,12.8184371],[77.4513567,12.8184011],[77.4508532,12.8184635],[77.4502978,12.8185322],[77.4502615,12.8184521],[77.4501398,12.8184855],[77.4494229,12.8186825],[77.4492385,12.8187335],[77.4489793,12.8180222],[77.4489673,12.8178649],[77.44882,12.817702],[77.4488138,12.817695],[77.448756,12.817631],[77.4485898,12.8169544],[77.4485713,12.816879],[77.448509,12.8166243],[77.4483269,12.8159029],[77.4482659,12.8156672],[77.4482495,12.8155904],[77.4482458,12.8155895],[77.4482254,12.8155106],[77.4468765,12.8152068],[77.4468757,12.8152067],[77.4468459,12.8151939],[77.4468348,12.8151892],[77.4467785,12.8151654],[77.4466442,12.8151341],[77.4464489,12.814911],[77.4462935,12.8145048],[77.4462477,12.8142734],[77.4462474,12.8142722],[77.4462563,12.8138625],[77.4462041,12.8133905],[77.4460511,12.8127949],[77.4460314,12.8126862],[77.446012,12.8125796],[77.4459622,12.8123051],[77.4458645,12.8117587],[77.4458748,12.8116503],[77.4459361,12.8110042],[77.4460652,12.8102681],[77.4462519,12.8098229],[77.4462266,12.8097456],[77.4461922,12.8096403],[77.446173,12.8095816],[77.4460251,12.8095579],[77.4457668,12.8095166],[77.4455846,12.8094875],[77.4451063,12.8095965],[77.4448331,12.8096587],[77.4448163,12.8096315],[77.4446609,12.8093792],[77.4446027,12.8092847],[77.4445545,12.8091604],[77.444379,12.808708],[77.4442246,12.8084119],[77.4440431,12.8080623],[77.4437702,12.8073787],[77.4437556,12.8071199],[77.4438018,12.8070636],[77.4438518,12.8070027],[77.4438729,12.8069769],[77.4440012,12.8068203],[77.4440069,12.8066532],[77.4439509,12.8066733],[77.4439276,12.8066816],[77.4438121,12.8067494],[77.4437287,12.8067983],[77.44372,12.8068034],[77.4436961,12.8068175],[77.44357,12.8069137],[77.4419164,12.8081447],[77.4419137,12.8081374],[77.4418897,12.8081646],[77.4417336,12.8083288],[77.4409746,12.8091237],[77.440694,12.8094175],[77.4402586,12.8098708],[77.4401913,12.80989],[77.4401028,12.809915],[77.4395448,12.8100729],[77.4393499,12.8101437],[77.4389873,12.8102752],[77.4388713,12.8103172],[77.4388142,12.8103379],[77.4384501,12.8101514],[77.4366676,12.8100826],[77.4366221,12.8100421],[77.4365875,12.8100113],[77.4364014,12.8098461],[77.4362694,12.80973],[77.4362152,12.8096823],[77.4362447,12.809875],[77.4363132,12.8103237],[77.4363234,12.8114091],[77.4364399,12.8120769],[77.4363698,12.8126282],[77.4363502,12.8127824],[77.4360683,12.8131599],[77.4358642,12.8134333],[77.4355073,12.8141599],[77.4349645,12.814821],[77.4348968,12.8149035],[77.4348575,12.8149513],[77.4344417,12.8156735],[77.4343942,12.815756],[77.4342119,12.8164672],[77.4341973,12.816524],[77.4341617,12.8168583],[77.4341227,12.8172238],[77.434118,12.8172678],[77.4341672,12.8173686],[77.4342689,12.8175772],[77.4344744,12.8179984],[77.4349115,12.8191526],[77.4349651,12.8192851],[77.4350241,12.8194307],[77.4352066,12.8198814],[77.4350825,12.8204803],[77.4347186,12.8211712],[77.4341999,12.8218127],[77.4339449,12.822767],[77.4336046,12.8232647],[77.4335974,12.8232753],[77.4335009,12.8234157],[77.4333472,12.8232952],[77.4333446,12.8232931],[77.4333037,12.823261],[77.4331441,12.8231359],[77.4329566,12.823022],[77.4326088,12.8228108],[77.429917,12.8229927],[77.4298216,12.8229964],[77.429763,12.8229987],[77.429733,12.8230095],[77.4296956,12.823023],[77.4290947,12.8232397],[77.4281162,12.8236133],[77.4270679,12.8240106],[77.426832,12.8240996],[77.4260504,12.8243936],[77.4258473,12.8244655],[77.4255852,12.824559],[77.4255652,12.8245661],[77.4255241,12.8245808],[77.425524,12.8245808],[77.4244224,12.8248913],[77.4237981,12.8250909],[77.4236671,12.8251328],[77.4205609,12.8261256],[77.4205608,12.8261256],[77.4199691,12.8262259],[77.4199057,12.8262366],[77.4202465,12.8281437],[77.4202988,12.8284295],[77.4203358,12.8285919],[77.4203471,12.8286416],[77.4205609,12.8295752],[77.4205801,12.8296587],[77.4206191,12.8298283],[77.4211785,12.8319738],[77.421187,12.8320059],[77.4212741,12.8322476],[77.4215817,12.8330977],[77.421685,12.8334246],[77.4217041,12.8334845],[77.4219629,12.8343008],[77.421978,12.8343485],[77.4220815,12.8346297],[77.4220829,12.8346334],[77.4223099,12.835251],[77.4223938,12.8354782],[77.4224916,12.8355639],[77.4229297,12.8358015],[77.4229619,12.835819],[77.42372,12.8362347],[77.4238502,12.8363061],[77.4238984,12.8363326],[77.4239532,12.8363628],[77.4247338,12.836793],[77.4253907,12.8371554],[77.426167,12.8375833],[77.4299553,12.8396834],[77.4300662,12.8396699],[77.4300661,12.8396698],[77.4299964,12.8395755],[77.4299264,12.8394808],[77.4296735,12.8391327],[77.4296693,12.8391269],[77.4296284,12.8390741],[77.4298938,12.839015],[77.4297569,12.8387931],[77.4303001,12.8386761],[77.4308958,12.8385657],[77.4323451,12.8383001],[77.4323951,12.8389876],[77.4323924,12.8390786],[77.4323898,12.8391696],[77.4323873,12.8393217],[77.4329391,12.8391332],[77.4334885,12.8389455],[77.4336144,12.8389027],[77.4340532,12.8387539],[77.4340873,12.8387524],[77.4341228,12.8387509],[77.4342754,12.8387441],[77.4346565,12.8387283],[77.4346547,12.8387139],[77.4346515,12.8386943],[77.4346838,12.8386925],[77.4347617,12.8393412],[77.4347684,12.8393972],[77.4348775,12.840306],[77.4348676,12.8408941],[77.4348525,12.8417926],[77.4346378,12.8421845],[77.4346105,12.8422343],[77.4343565,12.8426979],[77.4339963,12.8430152],[77.4337667,12.8432174],[77.4337806,12.8433027],[77.4338494,12.8437235],[77.4339779,12.8445136],[77.4341638,12.8449951],[77.4342445,12.8452043],[77.434302,12.8453535],[77.434325,12.8454131],[77.434352,12.8454832],[77.4350776,12.8463727],[77.435867,12.8473398],[77.4366943,12.8483527],[77.4367698,12.8484451],[77.4368769,12.8485761],[77.4373426,12.8491461],[77.4377011,12.8497418],[77.4376759,12.8497561],[77.4376615,12.8497644],[77.4375079,12.8498518],[77.4374148,12.8498999],[77.4374071,12.8499038],[77.4373371,12.8499399],[77.4369482,12.8500425],[77.4369332,12.8500465],[77.4344381,12.8507155],[77.4340425,12.8508215],[77.4339664,12.8508419],[77.4339656,12.8508421],[77.4330865,12.8510842],[77.4330562,12.8510839],[77.4318509,12.8510756],[77.4318452,12.8510756],[77.4315665,12.8510745],[77.4315455,12.8510743],[77.4312039,12.8510712],[77.4311993,12.8510711],[77.431105,12.8510703],[77.4285533,12.8510472],[77.4275544,12.8510111],[77.4274864,12.8510086],[77.4280114,12.8519845],[77.4280309,12.8520208],[77.4280329,12.8520558],[77.4281942,12.8526104],[77.4283982,12.8533364],[77.4284548,12.8535447],[77.4284816,12.8536435],[77.4285945,12.8540626],[77.4286345,12.8542138],[77.4287171,12.8545258],[77.4287761,12.8547499],[77.4289592,12.8553958],[77.4290866,12.8558857],[77.4291096,12.8559743],[77.4291151,12.8559956],[77.4292013,12.8563171],[77.4292057,12.856323],[77.4292517,12.8563841],[77.4293525,12.8565181],[77.4293258,12.8565788],[77.4292468,12.8567583],[77.4292357,12.8567837],[77.4290779,12.8568537],[77.4290778,12.8568537],[77.4290307,12.8568749],[77.42828,12.8572118],[77.4282159,12.8572308],[77.4281213,12.8572591],[77.4280101,12.8572924],[77.4279162,12.8573651],[77.4278449,12.8574214],[77.4271823,12.8579443],[77.4271327,12.8579844],[77.4270476,12.8580393],[77.4269922,12.858077],[77.4265695,12.858365],[77.4264801,12.8584259],[77.4264797,12.8584262],[77.4263337,12.8585365],[77.4263337,12.8585366],[77.4262352,12.8585688],[77.4261478,12.8585973],[77.4261029,12.8586151],[77.4260955,12.8587685],[77.4260881,12.85892],[77.4260634,12.8589551],[77.426037,12.8589928],[77.4258894,12.8591151],[77.4257214,12.859147],[77.4255824,12.8591734],[77.4255328,12.8591828],[77.4255095,12.859243],[77.4254658,12.8593563],[77.425245,12.8596215],[77.4252097,12.859664],[77.4250657,12.8598376],[77.4250285,12.8598842],[77.4249967,12.859924],[77.4249194,12.860021],[77.4249029,12.8600418],[77.424746,12.8602389],[77.424713,12.8602805],[77.4246488,12.8603613],[77.4246411,12.8603711],[77.4245564,12.8604778],[77.424548,12.8604885],[77.4243681,12.8607156],[77.4243432,12.860747],[77.424291,12.8608131],[77.4231084,12.8623175],[77.4231079,12.8623181],[77.4227374,12.8627925],[77.4226912,12.8628517],[77.4221936,12.86349],[77.4221898,12.863497],[77.4221534,12.8635643],[77.4221458,12.8635815],[77.4219581,12.8640067],[77.4217817,12.8644063],[77.4216484,12.8647082],[77.4216417,12.8647234],[77.4216314,12.8647468],[77.421596,12.8648268],[77.4215509,12.8649289],[77.4215203,12.864998],[77.421462,12.8651299],[77.421435,12.8651909],[77.4213403,12.8654056],[77.4213367,12.8654139],[77.4212221,12.8656735],[77.4212207,12.8656767],[77.4212199,12.8656786],[77.4212173,12.8656844],[77.4212148,12.8656901],[77.4212121,12.8656963],[77.4212119,12.8656966],[77.4212101,12.8657007],[77.4212098,12.8657014],[77.4212092,12.8657028],[77.4212075,12.8657066],[77.4212013,12.8657207],[77.4208744,12.8664608],[77.4208601,12.866493],[77.4208429,12.8665277],[77.4207705,12.8666249],[77.4206374,12.8668291],[77.4204156,12.8671693],[77.4204152,12.8671851],[77.4204115,12.8671756],[77.4203939,12.8671306],[77.420329,12.8672177],[77.4201522,12.8674549],[77.4187695,12.8693493],[77.4189487,12.8693706],[77.4188958,12.8694498],[77.4188446,12.8695265],[77.4206565,12.8698184],[77.4208991,12.869834],[77.4225137,12.8698806],[77.4233905,12.8700051],[77.4235342,12.8700255],[77.4235582,12.8700289],[77.4237667,12.870059],[77.4239462,12.870085],[77.4243284,12.8701407],[77.4245857,12.8701194],[77.4246642,12.870113],[77.4262971,12.8701111],[77.4278671,12.8702726],[77.4282385,12.870312],[77.4284572,12.8702858],[77.428866,12.870237],[77.4291019,12.8702536],[77.4300319,12.870217],[77.4300722,12.8702154],[77.4302064,12.8702101],[77.4303977,12.8702014],[77.4305309,12.8701927],[77.4305856,12.8701891],[77.4305785,12.8704158],[77.4305734,12.8705687],[77.4305683,12.8707067],[77.4305683,12.8713102],[77.4305686,12.8714711],[77.4305692,12.8718068],[77.4307248,12.8726066],[77.4307581,12.8727766],[77.4308399,12.8731949],[77.4309156,12.8735814],[77.4311272,12.8743019],[77.4311936,12.8745347],[77.4312414,12.8747024],[77.431301,12.8749113],[77.430369,12.8750095],[77.429582,12.8750742],[77.4295431,12.8750773],[77.4284912,12.8751638],[77.4283466,12.8751768],[77.428284,12.8751824],[77.4282633,12.8752304],[77.4282267,12.8753156],[77.4281969,12.8753848],[77.4281695,12.8754487],[77.4281475,12.8754999],[77.4281251,12.8755521],[77.4279631,12.8754418],[77.4279177,12.8754108],[77.4277534,12.8752977],[77.4276739,12.8752429],[77.4275892,12.8752256],[77.4273375,12.8751753],[77.4272121,12.8751502],[77.4268372,12.8750752],[77.4267443,12.8749699],[77.4254006,12.8733443],[77.4245081,12.8735827],[77.4243476,12.8736121],[77.4235507,12.8731517],[77.4219886,12.8723101],[77.4210442,12.8718202],[77.420456,12.8715245],[77.4185461,12.8713899],[77.4183847,12.8713982],[77.4180044,12.8714177],[77.4179081,12.871427],[77.4176419,12.8714548],[77.4152871,12.8717412],[77.4152664,12.8723997],[77.4157292,12.8739689],[77.416103,12.8751249],[77.4159604,12.875232],[77.4157335,12.8752544],[77.4154396,12.8752835],[77.4146597,12.875518],[77.4136625,12.8757815],[77.4126588,12.8759629],[77.4115515,12.8761633],[77.41138,12.8761943],[77.4109546,12.876134],[77.4105255,12.8760731],[77.4103905,12.876054],[77.4099429,12.8759906],[77.4089938,12.875761],[77.4082896,12.8755906],[77.4081923,12.8755671],[77.4066092,12.8745979],[77.4052603,12.8741149],[77.405049,12.8736872],[77.4036773,12.8723229],[77.4029871,12.8714757],[77.4028494,12.8713067],[77.402591,12.8709896],[77.4023422,12.8703207],[77.4019543,12.8692726],[77.4019212,12.8689069],[77.4018439,12.8680291],[77.4018124,12.8676614],[77.4022615,12.8660166],[77.4020944,12.8656698],[77.4020816,12.8656433],[77.401408,12.8658166],[77.400411,12.8660742],[77.3986465,12.8672825],[77.3985028,12.8673834],[77.3982367,12.8675721],[77.3982274,12.8675785],[77.3982274,12.8675786],[77.3980883,12.8676741],[77.3980882,12.8676741],[77.3972443,12.8682304],[77.39615,12.8688863],[77.3961394,12.8688912],[77.3961331,12.8688941],[77.3954945,12.8693307],[77.3954289,12.8693758],[77.3954261,12.8693777],[77.3951955,12.8695366],[77.3949205,12.8697261],[77.3949604,12.8693991],[77.3950298,12.8688056],[77.3951068,12.867579],[77.3951116,12.8674884],[77.3951501,12.8667467],[77.3949265,12.8667247],[77.3943194,12.8666651],[77.3935406,12.8665919],[77.3933996,12.8663624],[77.3933112,12.8662178],[77.3925729,12.8659432],[77.3925728,12.8659432],[77.3922007,12.8654974],[77.3921065,12.865389],[77.3920439,12.8653247],[77.3919853,12.8652643],[77.3917026,12.864397],[77.3916408,12.8642076],[77.3915268,12.8638388],[77.391489,12.8637164],[77.3912293,12.8628758],[77.39122,12.8628594],[77.3901514,12.861031],[77.3898784,12.8605414],[77.3898295,12.8604141],[77.3894573,12.8604366],[77.3891542,12.8604536],[77.38905,12.8603337],[77.3889958,12.8602712],[77.3887249,12.8599556],[77.3884961,12.8597478],[77.3884953,12.8597471],[77.388386,12.859793],[77.3880464,12.8599232],[77.3880092,12.8599378],[77.3879313,12.8599683],[77.3878682,12.859993],[77.3878611,12.8599888],[77.387852,12.8599833],[77.3878359,12.8599738],[77.3876118,12.8598409],[77.38752,12.8597864],[77.387384,12.8597059],[77.3872145,12.8596055],[77.3866756,12.859266],[77.3865853,12.8592015],[77.3864882,12.8591906],[77.3863938,12.859165],[77.3860698,12.859077],[77.3858318,12.8588656],[77.3858167,12.8588522],[77.3858167,12.8588521],[77.3852392,12.8589916],[77.3849989,12.8590487],[77.3848813,12.8590767],[77.384617,12.8587726],[77.3846055,12.8587732],[77.3844667,12.8587807],[77.384151,12.858798],[77.3833459,12.8581065],[77.3832687,12.858064],[77.3832161,12.8580351],[77.3831998,12.8580261],[77.3831464,12.8579968],[77.3831426,12.8579942],[77.3830895,12.8579581],[77.3830303,12.8579178],[77.3826111,12.8576425],[77.3823752,12.857287],[77.382023,12.857276],[77.3817453,12.8571641],[77.381667,12.8571968],[77.3816527,12.8571993],[77.3815588,12.8572157],[77.3809244,12.8573252],[77.3808071,12.8573453],[77.3806295,12.857352],[77.3806286,12.8573521],[77.3805048,12.8573568],[77.3803335,12.8573374],[77.3803284,12.8573368],[77.3803254,12.8573367],[77.3801195,12.8573306],[77.3801185,12.8573306],[77.3799784,12.8573264],[77.3799918,12.8572411],[77.3800307,12.856993],[77.3800225,12.8569882],[77.3794471,12.8566543],[77.3793326,12.8562015],[77.3793439,12.8561426],[77.3793479,12.8561229],[77.379452,12.855603],[77.3794757,12.8555408],[77.3794858,12.8555142],[77.3794651,12.8555045],[77.3794335,12.8554898],[77.3794376,12.8554893],[77.3795232,12.8553406],[77.3795449,12.8553029],[77.3795358,12.8552982],[77.3794344,12.8552459],[77.3782948,12.8553603],[77.377081,12.8554617],[77.3763145,12.8555934],[77.3756033,12.8557259],[77.3752763,12.8557867],[77.3750633,12.8558245],[77.3749266,12.8558488],[77.374794,12.8558454],[77.3747577,12.8558444],[77.3746891,12.8559088],[77.3746617,12.8559346],[77.3738788,12.856002],[77.3730224,12.8558994],[77.3727315,12.8559196],[77.3726414,12.8559266],[77.3726236,12.8559281],[77.3725699,12.8559305],[77.3724891,12.8559389],[77.372399,12.8559537],[77.372391,12.855955],[77.3723381,12.8559867],[77.3722066,12.8560653],[77.3721561,12.8560954],[77.3719792,12.8562008],[77.3713449,12.8563867],[77.3712966,12.8564009],[77.3699589,12.8568123],[77.3698362,12.8568512],[77.3697622,12.8570605],[77.3697065,12.8572183],[77.3693414,12.8582699],[77.3692937,12.8584074],[77.3691417,12.8588519],[77.3688985,12.8595939],[77.3688617,12.8597063],[77.3686306,12.8604209],[77.3686024,12.860508],[77.368596,12.8605281],[77.3685683,12.8606143],[77.3684971,12.8608371],[77.3680591,12.8620399],[77.3678767,12.862913],[77.367876,12.8629165],[77.3675718,12.8644349],[77.3674855,12.8649645],[77.3674626,12.8651059],[77.3674488,12.8651921],[77.3674469,12.8652035],[77.3674026,12.8654815],[77.3673441,12.8658477],[77.3673077,12.8660805],[77.3672702,12.8663353],[77.3672397,12.8664598],[77.3670638,12.8671776],[77.3670329,12.8673046],[77.367013,12.8673858],[77.3667254,12.8684714],[77.3666534,12.8686875],[77.3666343,12.8687447],[77.3663788,12.8695115],[77.3663172,12.8696963],[77.366228,12.8699686],[77.366228,12.8699688],[77.3661794,12.8701298],[77.3661454,12.8702442],[77.3661457,12.8702461],[77.3661403,12.8702462],[77.3645743,12.8702609],[77.3644246,12.8702623],[77.3642126,12.8702642],[77.3641761,12.8702646],[77.3632778,12.8702728],[77.3631788,12.8702736],[77.3631447,12.8702723],[77.3627339,12.8702565],[77.3626077,12.8702517],[77.360339,12.8701646],[77.3590548,12.8701076],[77.3588615,12.870099],[77.3586959,12.8700916],[77.3586343,12.8700889],[77.3586454,12.8702091],[77.3571905,12.8699983],[77.356931,12.8699598],[77.3568206,12.8699441],[77.3567968,12.8699407],[77.356749,12.8699256],[77.3566923,12.8699077],[77.3565929,12.8698762],[77.3565028,12.8698544],[77.3564605,12.8698442],[77.3563905,12.8698446],[77.3557471,12.8698488],[77.3556647,12.8698441],[77.3555441,12.8698373],[77.3555082,12.8698352],[77.3554646,12.8698327],[77.3551416,12.869821],[77.3551407,12.869821],[77.3551304,12.8698212],[77.3551289,12.8698212],[77.3551267,12.8698212],[77.355077,12.869821],[77.3549182,12.8698204],[77.3549044,12.8698204],[77.3548765,12.8698203],[77.3548512,12.8698202],[77.3548475,12.8698202],[77.3547609,12.8698199],[77.3547608,12.8698199],[77.3547099,12.8698197],[77.3547066,12.8698197],[77.3547031,12.8698197],[77.3547009,12.8698197],[77.3546637,12.8698195],[77.3546363,12.8698194],[77.3545495,12.8698191],[77.3545436,12.8698191],[77.3545397,12.8698191],[77.354483,12.8698189],[77.354455,12.8698175],[77.354448,12.8698172],[77.3544438,12.869817],[77.3543963,12.8698147],[77.354366,12.8698133],[77.3543498,12.8698125],[77.3541826,12.8697981],[77.3541656,12.8697987],[77.3541574,12.869799],[77.3540087,12.8698042],[77.3540038,12.8698044],[77.3539016,12.8698079],[77.3538951,12.8698082],[77.3538855,12.8698075],[77.3538798,12.8698071],[77.3538789,12.869807],[77.3538598,12.8698082],[77.3538165,12.8698109],[77.3537977,12.8698116],[77.3537836,12.8698122],[77.3537383,12.869814],[77.3537315,12.8698143],[77.3537168,12.8698149],[77.3536643,12.869817],[77.3536538,12.8698174],[77.3534015,12.8698275],[77.3531119,12.8698466],[77.3530889,12.8698537],[77.3530782,12.869857],[77.3530661,12.8698607],[77.3530538,12.8698645],[77.3530385,12.8698694],[77.3530309,12.8698717],[77.3528705,12.8699225],[77.3528284,12.869934],[77.3525368,12.8700139],[77.3524832,12.8700287],[77.3524797,12.8700296],[77.3523988,12.8700724],[77.3523835,12.8700814],[77.3523643,12.8700927],[77.3522983,12.870131],[77.3522255,12.8701733],[77.352208,12.8701673],[77.3521403,12.8701431],[77.3521201,12.8701359],[77.3520592,12.8701142],[77.3519858,12.8700882],[77.3517945,12.8700202],[77.3517046,12.8699886],[77.3515235,12.8699253],[77.3514845,12.8699117],[77.3514284,12.8698953],[77.3510849,12.8697947],[77.3507158,12.8696884],[77.3506444,12.869686],[77.3505288,12.869682],[77.3504695,12.86968],[77.3502842,12.8696737],[77.3497526,12.869652],[77.3494375,12.86964],[77.3491804,12.8696302],[77.349067,12.869626],[77.3488808,12.8696249],[77.3488013,12.8696245],[77.3486767,12.8696238],[77.3486273,12.8696236],[77.3484067,12.8696224],[77.3467075,12.8698025],[77.346603,12.8698137],[77.3466027,12.8698138],[77.3452262,12.8699623],[77.3452235,12.8702363],[77.3449475,12.8702593],[77.3443384,12.8703101],[77.3440713,12.8703324],[77.344068,12.8704232],[77.3440537,12.8708137],[77.3440392,12.8712099],[77.3440343,12.8713438],[77.343976,12.8729364],[77.3439545,12.8735012],[77.3439298,12.8741504],[77.3438931,12.8751136],[77.34389,12.8751968],[77.3440582,12.87539],[77.3449826,12.8764518],[77.3444237,12.8764926],[77.34442,12.8764928],[77.3431486,12.8765543],[77.3419132,12.8766297],[77.3419102,12.8766299],[77.3410039,12.8766663],[77.340993,12.8766668],[77.3400067,12.8767294],[77.339119,12.8767875],[77.337559,12.8768732],[77.3373189,12.8768832],[77.3373103,12.8768835],[77.3369018,12.876889],[77.3366061,12.8768929],[77.3366056,12.8769129],[77.3366037,12.8769973],[77.3365916,12.8775127],[77.3365899,12.877586],[77.3365749,12.8782263],[77.3365548,12.878314],[77.3363811,12.8790733],[77.3363611,12.8791608],[77.3363204,12.8793217],[77.3361899,12.879837],[77.3361488,12.8799993],[77.3361479,12.8800057],[77.3361403,12.8803236],[77.3362666,12.8808157],[77.3363,12.8809461],[77.3364079,12.8813663],[77.3366387,12.8821199],[77.3365718,12.8821516],[77.3365375,12.8821679],[77.3364078,12.8822294],[77.336332,12.8822573],[77.3363505,12.8823119],[77.3366372,12.8830907],[77.3366708,12.883182],[77.3360178,12.8837221],[77.3358304,12.8840107],[77.335688,12.8840227],[77.3355988,12.8838693],[77.3356286,12.8835284],[77.3351939,12.8835645],[77.3345983,12.8835842],[77.3323304,12.8860197],[77.3322935,12.8862066],[77.3321481,12.8869299],[77.332148,12.8869307],[77.3321272,12.8870397],[77.3321121,12.8871188],[77.332109,12.8871354],[77.3322645,12.8872389],[77.332478,12.8874032],[77.3325231,12.8874365],[77.3326274,12.8875118],[77.333198,12.8878965],[77.3335838,12.8877173],[77.3342625,12.8877684],[77.3344361,12.8877815],[77.3348038,12.8876132],[77.335542,12.8875811],[77.3356332,12.8875771],[77.3358224,12.8866932],[77.3366283,12.8869069],[77.3366469,12.8869118],[77.3368379,12.886992],[77.3368455,12.8869952],[77.3368561,12.8869996],[77.3370543,12.8870875],[77.3371429,12.8871025],[77.337457,12.8871556],[77.3379161,12.8873882],[77.3384212,12.8874626],[77.3384213,12.8874626],[77.3387217,12.8875352],[77.3434263,12.8887333],[77.343547,12.8887641],[77.3435509,12.8887651],[77.3434896,12.889042],[77.3434251,12.8893337],[77.3433453,12.8896942],[77.3432951,12.8899259],[77.3423689,12.8941984],[77.3412786,12.9002056],[77.3400168,12.9039912],[77.3400154,12.9039954],[77.3398408,12.9045199],[77.3388463,12.9106513],[77.3392236,12.9116936],[77.3392361,12.9117283],[77.3393214,12.9119644],[77.3393399,12.9120157],[77.3394485,12.9123165],[77.3394573,12.912341],[77.3394861,12.9124208],[77.3394856,12.9124247],[77.3395129,12.9125523],[77.3395532,12.9127404],[77.3396032,12.9154963],[77.3396738,12.9195223],[77.3397574,12.9237992],[77.3397806,12.9249847],[77.3397978,12.9258617],[77.3397992,12.9259344],[77.3398061,12.9262803],[77.3398125,12.9266018],[77.3398187,12.9266923],[77.3400749,12.9304488],[77.3401512,12.9315676],[77.3402881,12.9335751],[77.3391322,12.9332243],[77.3381726,12.932933],[77.3377588,12.9327985],[77.3364792,12.9323828],[77.3364246,12.9323812],[77.3361759,12.932374],[77.3359887,12.9323687],[77.3359354,12.9339618],[77.3359421,12.934679],[77.3358886,12.9352102],[77.3357908,12.9375818],[77.3355915,12.9397166],[77.3356495,12.9403914],[77.3354853,12.9420635],[77.3353669,12.9437411],[77.3353448,12.9442885],[77.3352836,12.9457183],[77.335133,12.9476747],[77.3344409,12.9489903],[77.3343461,12.9492872],[77.3343164,12.9493801],[77.33429,12.9494627],[77.3341203,12.9494395],[77.3338596,12.9493639],[77.3337808,12.9493467],[77.3335528,12.9492967],[77.3324686,12.9490592],[77.3321137,12.9508543],[77.3321036,12.9509148],[77.3320775,12.9510709],[77.3319792,12.9516591],[77.3319457,12.9518594],[77.3313558,12.9554055],[77.3313365,12.955526],[77.3311568,12.9566455],[77.331079,12.9571301],[77.3310097,12.9577595],[77.3308825,12.958915],[77.3306669,12.9601196],[77.3306402,12.9602689],[77.3301198,12.9631761],[77.3301043,12.963263],[77.3301011,12.9633897],[77.3300807,12.9642117],[77.3300803,12.9642284],[77.3300777,12.9643308],[77.3300681,12.9647092],[77.3300544,12.965248],[77.3300526,12.9653178],[77.3300499,12.9654239],[77.3300545,12.9655821],[77.3300557,12.9656213],[77.3300599,12.9657647],[77.3300603,12.9657783],[77.3300604,12.9657802],[77.3300568,12.9657815],[77.3300293,12.965791],[77.3300146,12.9657962],[77.329984,12.9658068],[77.3299165,12.9658304],[77.3294192,12.9660039],[77.329005,12.9663254],[77.3276297,12.9673845],[77.3274131,12.9676205],[77.3266922,12.9684059],[77.3266665,12.9684194],[77.326657,12.9684244],[77.3264634,12.9685257],[77.3262639,12.9684062],[77.32618,12.9683559],[77.3261798,12.9683566],[77.3260876,12.9687494],[77.3262561,12.9690731],[77.3262561,12.9690732],[77.3261543,12.9695492],[77.3261392,12.9696198],[77.3261066,12.969772],[77.3258257,12.9699909],[77.3257317,12.9702641],[77.3256376,12.9714735],[77.3256052,12.9718966],[77.3257652,12.9729028],[77.3256786,12.9729103],[77.3256372,12.9729138],[77.325578,12.9728612],[77.32559,12.9729178],[77.3258926,12.9743626],[77.325595,12.9757638],[77.3255304,12.976003],[77.3255306,12.9760031],[77.3257699,12.9761128],[77.3259417,12.9761916],[77.3270922,12.9768359],[77.3272214,12.9768408],[77.3272686,12.9768426],[77.3273612,12.976846],[77.3287124,12.9769013],[77.3287004,12.9769987],[77.3287698,12.9770671],[77.3287731,12.9770704],[77.3287751,12.9770724],[77.3287755,12.9770706],[77.3287855,12.9770714],[77.3288449,12.9770763],[77.3289058,12.9770813],[77.3290025,12.9771408],[77.3290154,12.9771488],[77.329086,12.9771921],[77.3291871,12.9772543],[77.3292043,12.9772649],[77.3292371,12.9772818],[77.3292969,12.9773126],[77.3293542,12.9773421],[77.3295663,12.9774513],[77.3296002,12.9774688],[77.3299876,12.9776699],[77.3299879,12.97767],[77.3300052,12.9776786],[77.3300242,12.9776889],[77.3300477,12.9777011],[77.3300775,12.9777166],[77.3301106,12.9777337],[77.3301291,12.9777433],[77.3301584,12.9777585],[77.3301893,12.9777746],[77.330225,12.9777931],[77.3302561,12.9778092],[77.3302794,12.9778213],[77.3302838,12.9778235],[77.3302841,12.9778236],[77.3303011,12.9778315],[77.3303296,12.9778446],[77.33036,12.9778586],[77.3303928,12.9778737],[77.3304197,12.9778861],[77.3304458,12.9778982],[77.3304788,12.9779134],[77.3304957,12.9779208],[77.3305057,12.9779258],[77.3305128,12.9779288],[77.3306163,12.9779768],[77.3306479,12.9779913],[77.3307041,12.9780173],[77.3307897,12.9780567],[77.3308085,12.9780612],[77.3309411,12.9781135],[77.3311824,12.9782086],[77.3314286,12.978251],[77.3316303,12.9782544],[77.3321951,12.9782643],[77.3324711,12.9782691],[77.3328657,12.9784795],[77.3333361,12.978561],[77.3340157,12.9786041],[77.3343611,12.9786667],[77.3347567,12.9786555],[77.3348372,12.9786639],[77.3348853,12.9786688],[77.3350316,12.978654],[77.3353841,12.9785973],[77.3358339,12.9785186],[77.3359337,12.9784913],[77.336043,12.9784508],[77.3361691,12.9784059],[77.336241,12.9783963],[77.3362553,12.9783944],[77.3364954,12.9783365],[77.3366376,12.9783181],[77.3374162,12.9783607],[77.337447,12.9784146],[77.337614,12.978376],[77.3376198,12.9783746],[77.3375966,12.9782841],[77.3375689,12.9780447],[77.3374895,12.9774437],[77.3374719,12.9773106],[77.3374717,12.9773095],[77.3373582,12.9764715],[77.3373407,12.976322],[77.3373816,12.9761457],[77.3374678,12.9757738],[77.3375899,12.975281],[77.3376265,12.9750724],[77.3376349,12.9746996],[77.3376458,12.9742089],[77.3376492,12.9740553],[77.337652,12.9739296],[77.337652,12.9739295],[77.3376555,12.9737689],[77.3376601,12.9737029],[77.3377819,12.9736087],[77.3379161,12.9735048],[77.3381182,12.9733596],[77.3381773,12.9732954],[77.3382775,12.973143],[77.338469,12.9728299],[77.3385127,12.9727585],[77.3385324,12.9727262],[77.3385481,12.9727109],[77.3385696,12.9726898],[77.3385946,12.9726863],[77.3386011,12.9726872],[77.3386101,12.9726865],[77.3386438,12.9726931],[77.3387629,12.9727306],[77.3387988,12.972746],[77.3388686,12.972425],[77.3389969,12.9724559],[77.3391172,12.9724849],[77.3416018,12.9730829],[77.3421375,12.9731515],[77.3423702,12.9731813],[77.3448098,12.9734939],[77.3462174,12.973942],[77.3479349,12.9741287],[77.3495285,12.974302],[77.3496485,12.9743151],[77.3499023,12.9743427],[77.3499263,12.9743868],[77.3503648,12.9751955],[77.3510704,12.9758057],[77.3511489,12.9757932],[77.3512548,12.9757763],[77.3515683,12.9757262],[77.3518781,12.9756767],[77.3519213,12.9757476],[77.3524339,12.9765911],[77.3536594,12.9781893],[77.3537328,12.9786772],[77.3537496,12.9787888],[77.3538098,12.9791889],[77.3542725,12.9812867],[77.3543162,12.9814846],[77.3546109,12.9828205],[77.3546491,12.9836653],[77.3546799,12.9843474],[77.3552425,12.9855686],[77.3562306,12.9859571],[77.3566927,12.9862274],[77.3566967,12.9862297],[77.3568373,12.986312],[77.357097,12.9864639],[77.3572963,12.9865805],[77.3576768,12.9868032],[77.358377,12.9872835],[77.3587918,12.9877113],[77.3589296,12.9878535],[77.359609,12.9885541],[77.359622,12.9885675],[77.3599126,12.9885927],[77.3602681,12.9886268],[77.3607823,12.9886761],[77.36087,12.9886846],[77.3616598,12.9886125],[77.3629917,12.9879134],[77.3643622,12.98763],[77.3644024,12.9876217],[77.3653329,12.9878772],[77.3659022,12.9894037],[77.3664555,12.9901863],[77.3670794,12.990627],[77.3670851,12.9906311],[77.3674491,12.9908883],[77.3685433,12.9910349],[77.3702192,12.9913302],[77.3720145,12.9921528],[77.3720175,12.9921717],[77.3720116,12.9943732],[77.3719384,12.9951506],[77.3713042,12.9960355],[77.3707309,12.9978533],[77.3702918,12.999707],[77.3702003,13.0003229],[77.3705811,13.0012362],[77.3714123,13.0026716],[77.3713721,13.0033823],[77.3703654,13.0043693],[77.3694795,13.0054749],[77.3690768,13.0064619],[77.3692378,13.0081992],[77.3696404,13.0097786],[77.3696769,13.0113125],[77.3696202,13.0118639],[77.3696906,13.0125844],[77.369912,13.0132557],[77.3703046,13.013848],[77.3705664,13.0142502],[77.370969,13.0144674],[77.3735618,13.0145289],[77.3755349,13.0145092],[77.3756959,13.0148646],[77.3759576,13.016365],[77.3765818,13.0189314],[77.3767831,13.0208662],[77.3769039,13.0217151],[77.3768636,13.0222678],[77.3763804,13.0229391],[77.3759374,13.0239459],[77.3758367,13.025999],[77.3757561,13.027835],[77.3755749,13.0287629],[77.3758769,13.0289011],[77.3765011,13.0280917],[77.3772864,13.02746],[77.3785549,13.0267098],[77.3792797,13.0265321],[77.3801052,13.0266506],[77.3808301,13.0267098],[77.3824811,13.0264729],[77.3838503,13.0263741],[77.3846959,13.0262754],[77.385602,13.0261569],[77.3864678,13.025999],[77.3875752,13.0260779],[77.3889443,13.0262161],[77.3891457,13.0265319],[77.3890652,13.027519],[77.3889955,13.0283632],[77.3889049,13.0292318],[77.3891063,13.0305249],[77.3895997,13.0307322],[77.3901433,13.0316403],[77.3902441,13.0337033],[77.3902844,13.0341969],[77.3903147,13.0355492],[77.3903348,13.0360723],[77.3903651,13.0368719],[77.3904557,13.0381156],[77.3905061,13.0389152],[77.3906068,13.0396654],[77.3906718,13.0405848],[77.3907221,13.0411968],[77.3909739,13.0428551],[77.3910646,13.0436152],[77.3911653,13.0441186],[77.3912559,13.0449083],[77.3914171,13.0461224],[77.391548,13.0471786],[77.3916689,13.0480176],[77.3916588,13.0490245],[77.3916589,13.0495081],[77.3917092,13.0501497],[77.3916992,13.051127],[77.3917999,13.0517093],[77.3923738,13.0518278],[77.3929679,13.0519264],[77.3932095,13.0520153],[77.3934914,13.0522719],[77.393713,13.052568],[77.3940172,13.0529481],[77.3933849,13.0529358],[77.3931468,13.0530137],[77.3927697,13.0536168],[77.3921943,13.0543562],[77.3916386,13.0549593],[77.3910234,13.0552707],[77.3900907,13.0557571],[77.3892572,13.0556988],[77.3876497,13.0554848],[77.3867567,13.0553876],[77.3860621,13.0553487],[77.384792,13.0558935],[77.3830258,13.0572165],[77.3829067,13.0582088],[77.3828806,13.0592013],[77.3829004,13.0600184],[77.3831275,13.062357],[77.3828275,13.0637991],[77.3827308,13.0644158],[77.3827792,13.0650325],[77.3829219,13.0657298],[77.3830719,13.0662896],[77.3833235,13.0669157],[77.3836526,13.0674091],[77.3841239,13.0678696],[77.3845207,13.0681447],[77.3851498,13.0682206],[77.3857304,13.0683534],[77.3871821,13.0686854],[77.3881499,13.0692357],[77.3893693,13.0699187],[77.3912566,13.0704974],[77.3924566,13.0703929],[77.3932179,13.0704511],[77.3943522,13.0706502],[77.3953466,13.0709621],[77.3962217,13.0715664],[77.3977134,13.073204],[77.3983895,13.0729895],[77.3992049,13.072697],[77.4002788,13.0724824],[77.401313,13.0725213],[77.4021483,13.0726577],[77.4038189,13.073106],[77.4048133,13.0732229],[77.4061856,13.0733982],[77.4069215,13.0734956],[77.4074574,13.0735555],[77.4094748,13.0735638],[77.4114437,13.073583],[77.4130745,13.0733489],[77.4141483,13.0723349],[77.4150232,13.071633],[77.415667,13.0709286],[77.4158982,13.070775],[77.4160051,13.0707336],[77.4176613,13.0703148],[77.418934,13.0700806],[77.420883,13.0697294],[77.422474,13.0698461],[77.4237021,13.0702699],[77.4244632,13.0722243],[77.4260152,13.0766692],[77.4266918,13.0787357],[77.4280849,13.0833755],[77.4287758,13.0860285],[77.4288355,13.0864574],[77.4280002,13.0866525],[77.4258722,13.0871598],[77.423943,13.0874526],[77.4234855,13.0872577],[77.4227892,13.0859905],[77.4214368,13.0862637],[77.4204822,13.0865368],[77.4200646,13.0871218],[77.4209999,13.09028],[77.4213581,13.0912353],[77.4178627,13.0925616],[77.4168783,13.0929029],[77.4159543,13.0932009],[77.417324,13.0953795],[77.4185177,13.0974069],[77.4187564,13.0978748],[77.4188162,13.0984206],[77.4187566,13.0988496],[77.417086,13.0998441],[77.4157733,13.1002147],[77.4154966,13.1018135],[77.4159145,13.1030709],[77.4166407,13.1045038],[77.4179038,13.1049228],[77.4158154,13.1055177],[77.4146519,13.1057713],[77.4135082,13.1058105],[77.4128319,13.1059275],[77.4116485,13.1062591],[77.4106987,13.1064444],[77.4089285,13.1071075],[77.4078346,13.10779],[77.4064026,13.1084725],[77.4042346,13.109584],[77.4016328,13.111108],[77.4008742,13.11171],[77.400556,13.1121195],[77.4003073,13.112428],[77.4003994,13.11268],[77.4005586,13.1136743],[77.4007079,13.1148636],[77.4008869,13.1156434],[77.4011257,13.1165792],[77.4012153,13.1173103],[77.4013086,13.1181364],[77.4010077,13.118078],[77.3927219,13.1150274],[77.3927219,13.1158852],[77.3929209,13.1176399],[77.3933785,13.1184782],[77.3940548,13.1194335],[77.3945573,13.1193005],[77.3959124,13.118845],[77.397074,13.1186931],[77.3975535,13.1235127],[77.3999118,13.1238683],[77.4002506,13.1238968],[77.4010492,13.1238991],[77.4013323,13.1239156],[77.4021357,13.1239701],[77.4028761,13.124017],[77.404109,13.1240452],[77.404651,13.1236088],[77.4047865,13.1234175],[77.4058706,13.1233145],[77.4061804,13.1231722],[77.4074872,13.1230677],[77.4081745,13.1233997],[77.408594,13.1237032],[77.4085942,13.12565],[77.4090373,13.1260052],[77.4111721,13.1280576],[77.4129636,13.1320219],[77.4130375,13.1322513],[77.4317958,13.1650843],[77.4397131,13.1667727],[77.4468569,13.1656064],[77.4609896,13.1603897],[77.4610495,13.1605031],[77.4614603,13.1612752],[77.4616165,13.1615763],[77.4616753,13.1616898],[77.4616856,13.1616922],[77.4617519,13.1617078],[77.4638229,13.1621941],[77.4639075,13.1622143],[77.464157,13.1622742],[77.4641666,13.1622742],[77.4642105,13.1622743],[77.4645167,13.162275],[77.4647381,13.1622755],[77.4674369,13.1622854],[77.4675753,13.1622859],[77.4689921,13.1622982],[77.4689851,13.1623117],[77.4688644,13.1634168],[77.468863,13.1634297],[77.4688487,13.1634982],[77.4687655,13.1638972],[77.4686522,13.1646489],[77.4685815,13.1650735],[77.4684677,13.165903],[77.4683959,13.1664276],[77.4683656,13.167508],[77.4683427,13.1680125],[77.468315,13.1687997],[77.4682831,13.1695357],[77.4682627,13.1701082],[77.4683127,13.17041],[77.4684578,13.171731],[77.4685306,13.1725211],[77.4686634,13.173724],[77.4699909,13.1767688],[77.4702169,13.1773284],[77.4708358,13.178324],[77.4713388,13.1791493],[77.4719787,13.1800413],[77.4723639,13.1805836],[77.4729692,13.18143],[77.4736105,13.1822744],[77.4736172,13.1822832],[77.4736586,13.1822364],[77.473793,13.1823324],[77.4738561,13.1823775],[77.4744924,13.182832],[77.4748798,13.1831088],[77.4749102,13.1831519],[77.4750152,13.1832987],[77.4754732,13.1843712],[77.4755312,13.1845069],[77.4757496,13.1850184],[77.4760052,13.1856171],[77.4759468,13.1856867],[77.4759469,13.1856872],[77.4760737,13.1861889],[77.4761036,13.1863073],[77.4762352,13.1868277],[77.4764678,13.1876916],[77.4764522,13.1877008],[77.4763142,13.1877827],[77.4763986,13.1879839],[77.476477,13.1881706],[77.4764791,13.1882118],[77.4764942,13.1885137],[77.4767041,13.1891957],[77.4767136,13.1892264],[77.4768561,13.1896905],[77.4769972,13.190553],[77.4770027,13.1905827],[77.4770913,13.1910584],[77.4771539,13.1920976],[77.4771549,13.192102],[77.47717,13.1921697],[77.4771818,13.1922229],[77.4772291,13.1924358],[77.4773044,13.1927747],[77.47736,13.1929906],[77.4774106,13.1931871],[77.4774231,13.1932358],[77.4774332,13.1932751],[77.4774758,13.1934402],[77.4781117,13.1948855],[77.4782434,13.1954443],[77.4783574,13.1962885],[77.4783663,13.1963628],[77.47841,13.1967283],[77.4784189,13.196803],[77.4785157,13.1976084],[77.478518,13.1976277],[77.4785353,13.1985233],[77.4785742,13.1992828],[77.4785784,13.1993621],[77.4786204,13.2001516],[77.4786352,13.2004246],[77.4786309,13.2004675],[77.4786286,13.2004905],[77.4784568,13.2020478],[77.4784493,13.2021005],[77.4782151,13.2040979],[77.4782114,13.2041302],[77.4782151,13.2041447],[77.4785837,13.2055827],[77.4785926,13.2056174],[77.4786172,13.2057133],[77.4788988,13.2068116],[77.4789128,13.2068951],[77.4788707,13.2069418],[77.4787854,13.2070364],[77.4787145,13.2070376],[77.476247,13.2070827],[77.4736838,13.2070709],[77.4735931,13.2070705],[77.4734798,13.20707],[77.4734851,13.2071871],[77.4734871,13.2072318],[77.4735819,13.2093862],[77.4736127,13.2101182],[77.4736129,13.2101216],[77.4736634,13.2113272],[77.473667,13.2114986],[77.4736722,13.211742],[77.4737175,13.2117459],[77.4737883,13.211752],[77.4738005,13.2117513],[77.4738286,13.2119112],[77.473849,13.2120268],[77.4740487,13.2131588],[77.4740867,13.2133738],[77.4741289,13.2136113],[77.4741674,13.2138286],[77.4742028,13.2140274],[77.4742405,13.2142394],[77.4742608,13.2143687],[77.4743768,13.2151034],[77.4744898,13.2153328],[77.4747767,13.215916],[77.4750334,13.2164389],[77.475194,13.2167666],[77.4752742,13.2169301],[77.4754734,13.2173366],[77.476147,13.2187257],[77.4768632,13.2202089],[77.4769855,13.2204636],[77.477212,13.2209355],[77.4772349,13.2209771],[77.4774022,13.2212818],[77.4778816,13.2221609],[77.4779275,13.2222312],[77.4780758,13.2224596],[77.4781952,13.2226445],[77.4789911,13.2238782],[77.4791142,13.2240659],[77.4792108,13.2242132],[77.4792573,13.2241959],[77.4794192,13.2241359],[77.4799835,13.2239267],[77.4825207,13.2229862],[77.4830487,13.2228278],[77.4832132,13.2227784],[77.4868289,13.2232975],[77.4871299,13.2233402],[77.4874968,13.2234118],[77.4876196,13.2234357],[77.4892444,13.22375],[77.4898399,13.2238651],[77.4899157,13.2238798],[77.4899808,13.2238924],[77.4901516,13.2239254],[77.4904555,13.2239946],[77.4912577,13.2242429],[77.4913399,13.2242682],[77.4917331,13.2243886],[77.4919802,13.2244642],[77.4920782,13.2244942],[77.4924273,13.2246011],[77.4924406,13.2246051],[77.4925552,13.22464],[77.49265,13.2246652],[77.4931336,13.2247939],[77.4932416,13.2248225],[77.4933993,13.2248664],[77.4939462,13.2250187],[77.494525,13.2252095],[77.49485,13.2253165],[77.4949115,13.2253374],[77.4949712,13.2253577],[77.4953456,13.2254848],[77.4958488,13.2256555],[77.497357,13.2263159],[77.4985794,13.2268436],[77.4986873,13.2268902],[77.4989356,13.2269968],[77.4989996,13.2270242],[77.4993072,13.2270598],[77.4995471,13.2270876],[77.4997117,13.2271066],[77.4999083,13.2270441],[77.4999103,13.2270433],[77.5003245,13.2268772],[77.5006579,13.2267435],[77.5009646,13.226645],[77.5011825,13.226575],[77.5013008,13.2265371],[77.5011886,13.2259999],[77.501468,13.2258441],[77.5016337,13.2257518],[77.5017747,13.2256733],[77.50211,13.2255627],[77.5021265,13.2255572],[77.502175,13.2256937],[77.5024838,13.2256998],[77.5026081,13.2256564],[77.50269,13.2256279],[77.5030269,13.2256948],[77.5032699,13.225544],[77.5034775,13.225459],[77.5038133,13.2252922],[77.5041311,13.2251519],[77.5041705,13.2251345],[77.5045361,13.224852],[77.5045522,13.2248395],[77.5045655,13.2248368],[77.5046963,13.2248102],[77.5049808,13.2247532],[77.5050497,13.2247394],[77.5051835,13.2247126],[77.5053466,13.2246732],[77.5068687,13.2240564],[77.5068687,13.224063],[77.507225,13.2253315],[77.507239,13.2253815],[77.5073957,13.2258388],[77.5076658,13.2265192],[77.5077639,13.226751],[77.5078144,13.2268706],[77.5078167,13.226876],[77.5078842,13.2268613],[77.5079284,13.2271113],[77.507931,13.2271163],[77.508613,13.2269524],[77.5087427,13.2269218],[77.5088702,13.2268918],[77.5091339,13.22683],[77.5099675,13.2266361],[77.5106396,13.2264457],[77.5119126,13.2260867],[77.5120016,13.2260617],[77.5120403,13.2260508],[77.5120377,13.2253641],[77.5120222,13.225299],[77.5119385,13.2249478],[77.5119256,13.2249113],[77.5116815,13.2242215],[77.5116732,13.2241982],[77.5115555,13.2232253],[77.5115394,13.2230957],[77.5115144,13.222896],[77.5115109,13.222868],[77.5115539,13.2228592],[77.5119075,13.2227867],[77.5120956,13.2227482],[77.5121062,13.222746],[77.5130784,13.2225468],[77.5131175,13.2225388],[77.5137798,13.2223816],[77.514117,13.2223015],[77.5141445,13.2222949],[77.5153092,13.2219726],[77.5155685,13.2219008],[77.5165561,13.2216125],[77.5169064,13.2215381],[77.5169368,13.2215316],[77.5172727,13.2213412],[77.5174174,13.2212592],[77.5174178,13.2212511],[77.5174333,13.2209362],[77.5184247,13.2206126],[77.5184667,13.2205989],[77.5184337,13.2201969],[77.5183192,13.21953],[77.5182805,13.2193038],[77.5182787,13.2192917],[77.5182014,13.2187929],[77.5181895,13.2187162],[77.5181862,13.2186952],[77.5181853,13.2186744],[77.5181837,13.2186621],[77.5181825,13.2186107],[77.5181769,13.2184848],[77.5181752,13.2184459],[77.5181723,13.2183829],[77.518177,13.2183779],[77.5181762,13.2183422],[77.5184698,13.2180271],[77.5188289,13.217617],[77.5188391,13.2176054],[77.5188399,13.2175989],[77.5188502,13.217514],[77.5188475,13.2173577],[77.5188474,13.2173085],[77.5188473,13.2172645],[77.5188473,13.2172221],[77.5188473,13.2171985],[77.5192168,13.2167783],[77.5192478,13.2167431],[77.5193083,13.2166747],[77.5193121,13.2166704],[77.5193125,13.2166681],[77.5194193,13.2164048],[77.5193348,13.2155989],[77.5192318,13.2154441],[77.5191013,13.2152732],[77.5190093,13.2152007],[77.5189615,13.2151631],[77.5188452,13.2150714],[77.518727,13.21497],[77.5186605,13.2149047],[77.51861,13.2148447],[77.5184905,13.2146852],[77.5184125,13.2144544],[77.5183777,13.2142612],[77.5184183,13.2142664],[77.5184531,13.2142708],[77.5186121,13.2142911],[77.5194027,13.2144105],[77.5194529,13.2144181],[77.5196255,13.2143455],[77.5198628,13.2144953],[77.5199792,13.2145686],[77.5199911,13.2145048],[77.5200219,13.2143401],[77.5199156,13.2141495],[77.520029,13.2141444],[77.5200886,13.2141417],[77.5200849,13.2141359],[77.5199484,13.2139252],[77.5199368,13.2139073],[77.5198954,13.2138434],[77.5199916,13.2133804],[77.5199093,13.2128496],[77.5198185,13.2127835],[77.5197684,13.2127471],[77.5195869,13.2126152],[77.519513,13.2125615],[77.5194467,13.2125133],[77.5194452,13.2125071],[77.5194237,13.2124214],[77.5192715,13.2118137],[77.5192504,13.2117293],[77.519191,13.2117359],[77.5187895,13.2117808],[77.5186966,13.2117912],[77.5186923,13.2117974],[77.5186308,13.2114866],[77.5185774,13.2112158],[77.5185843,13.2111461],[77.5185892,13.2110959],[77.5185911,13.2110771],[77.5186024,13.2109624],[77.5185986,13.2109495],[77.5185833,13.2108969],[77.5184584,13.2104695],[77.5182389,13.209717],[77.5182285,13.2096814],[77.5182148,13.2096343],[77.5181605,13.2094477],[77.5182215,13.2094355],[77.5183529,13.209409],[77.5185747,13.2093643],[77.5188555,13.2093075],[77.5188908,13.2093004],[77.519033,13.2092716],[77.5190977,13.2092585],[77.5191209,13.2092538],[77.5192131,13.2092351],[77.5194498,13.2103124],[77.5194617,13.2103665],[77.519522,13.2106412],[77.5195239,13.2106497],[77.519535,13.2107003],[77.5195425,13.2107483],[77.5195497,13.2107945],[77.5195951,13.2111223],[77.5196008,13.2111216],[77.5198038,13.2110981],[77.5204082,13.2110281],[77.5204462,13.2110237],[77.5204965,13.2110192],[77.5209825,13.2109856],[77.5210353,13.2109673],[77.521381,13.2108474],[77.5214799,13.2106153],[77.5216166,13.210338],[77.5214616,13.2101844],[77.5212567,13.2101142],[77.5209854,13.2100213],[77.5209538,13.2100105],[77.5209467,13.2099705],[77.5208424,13.2094543],[77.5209793,13.2093685],[77.5210548,13.2093212],[77.5212919,13.2091726],[77.5213942,13.2090721],[77.5214259,13.2090409],[77.5215149,13.2089535],[77.5217194,13.208871],[77.5217313,13.2088662],[77.5215325,13.2087685],[77.5213635,13.2086726],[77.5212277,13.2085954],[77.52056,13.2071546],[77.5206893,13.206996],[77.5206956,13.2069882],[77.5211094,13.2069069],[77.5211299,13.2069029],[77.5213334,13.2068629],[77.521582,13.207463],[77.5215857,13.2074718],[77.5215978,13.2075058],[77.5217808,13.2080183],[77.5217994,13.2080759],[77.5218047,13.2080922],[77.5218317,13.2081761],[77.521862,13.2081738],[77.5219329,13.2081686],[77.5220174,13.2081623],[77.5220189,13.2081793],[77.5220583,13.2086401],[77.5220613,13.2086767],[77.5220329,13.2089068],[77.5219975,13.2091876],[77.5221356,13.2093733],[77.5221457,13.2094466],[77.5221598,13.2095492],[77.5220337,13.209653],[77.5220736,13.2102468],[77.522064,13.2105441],[77.5221017,13.2107396],[77.5223234,13.211315],[77.5223244,13.2113175],[77.5223724,13.2115773],[77.5223809,13.2116229],[77.5224711,13.2115673],[77.5224794,13.2116131],[77.5222168,13.211759],[77.5221797,13.2117798],[77.5222994,13.2119869],[77.522371,13.2121119],[77.5222016,13.2126505],[77.5222221,13.2129623],[77.5222348,13.2131581],[77.5222305,13.2133155],[77.5222483,13.2133724],[77.5222509,13.2133804],[77.5222712,13.2134455],[77.5223003,13.213539],[77.5222902,13.2136663],[77.5223605,13.213834],[77.5223664,13.2138482],[77.5226367,13.2138109],[77.5226887,13.2137856],[77.5227686,13.2137467],[77.5227946,13.2137341],[77.5228163,13.2137235],[77.522851,13.2137066],[77.5228671,13.2137433],[77.5229653,13.2139684],[77.5230019,13.2140526],[77.523193,13.2142633],[77.5232256,13.2142993],[77.5232545,13.2143312],[77.5233516,13.2146791],[77.523477,13.2148699],[77.5236101,13.2149517],[77.5238008,13.215472],[77.523865,13.2159879],[77.5238669,13.2160037],[77.5238676,13.2160077],[77.5241743,13.2159706],[77.5242412,13.2159627],[77.5243997,13.2160944],[77.5246963,13.2163408],[77.5247429,13.2163968],[77.5248437,13.2165179],[77.5248865,13.2165729],[77.5250195,13.2167364],[77.525086,13.2168322],[77.5252642,13.2170893],[77.525332,13.2172057],[77.5254561,13.2174892],[77.5254083,13.2175138],[77.5249567,13.2177469],[77.5249395,13.2177559],[77.5249438,13.2177674],[77.5252983,13.2187266],[77.5252638,13.2187798],[77.5252312,13.2188301],[77.525207,13.2188675],[77.5252805,13.2189647],[77.5253805,13.2190968],[77.5253967,13.2191181],[77.5254122,13.2191827],[77.5255102,13.2195907],[77.525533,13.2196852],[77.5256146,13.2198221],[77.5257828,13.2200012],[77.5258318,13.2200534],[77.5262427,13.2202218],[77.5263368,13.2203085],[77.5264761,13.2208151],[77.526538,13.2210386],[77.5265294,13.2211145],[77.5265217,13.2211827],[77.5265177,13.2212182],[77.5264703,13.2216394],[77.5264701,13.2216416],[77.5264685,13.2216561],[77.5265631,13.221701],[77.5267314,13.2217808],[77.5272157,13.2215851],[77.5272711,13.2215628],[77.527267,13.2215212],[77.5271281,13.221532],[77.5272497,13.2214922],[77.5271752,13.2213632],[77.5271072,13.2212457],[77.5270841,13.2212058],[77.5270613,13.2211664],[77.5270974,13.2211492],[77.5272938,13.221055],[77.5274684,13.2210708],[77.5275138,13.2210557],[77.5275594,13.2210404],[77.5277382,13.2209801],[77.5277422,13.2209794],[77.5277762,13.2209732],[77.527942,13.2209427],[77.5280235,13.2209278],[77.5282046,13.2208937],[77.5286832,13.2207993],[77.5293766,13.2206692],[77.5300845,13.2206445],[77.5300887,13.2206432],[77.5302502,13.220592],[77.5302844,13.2205811],[77.5304088,13.2205414],[77.5304374,13.2205322],[77.5310547,13.2203441],[77.5310838,13.2203353],[77.5312881,13.2203008],[77.5313081,13.2202974],[77.5316482,13.2201903],[77.5318491,13.2201266],[77.531873,13.2201191],[77.5322363,13.2199997],[77.5323888,13.2199495],[77.5327435,13.219905],[77.5327691,13.2199018],[77.5327766,13.2199009],[77.5332993,13.2196955],[77.5333075,13.2196924],[77.5333389,13.2196801],[77.5333541,13.2197379],[77.5333617,13.2197664],[77.5335164,13.2197194],[77.5335475,13.2197099],[77.5345038,13.2194585],[77.5348429,13.2193693],[77.5348613,13.2193645],[77.5348996,13.2193545],[77.5349138,13.2193509],[77.5352904,13.2192554],[77.5353898,13.2192302],[77.5356847,13.2191685],[77.5362398,13.2190524],[77.536268,13.2190465],[77.5364561,13.2190708],[77.5366359,13.219094],[77.5366831,13.2190838],[77.5368216,13.2190541],[77.5368399,13.2190502],[77.5372299,13.2190684],[77.5372475,13.2190692],[77.537295,13.2195477],[77.5373026,13.2196017],[77.5373784,13.220143],[77.537459,13.2207209],[77.5374684,13.2207697],[77.5374834,13.2208484],[77.5375095,13.2209849],[77.5375197,13.2210322],[77.5375516,13.2211806],[77.5375966,13.2213906],[77.5376009,13.2214086],[77.5376064,13.221431],[77.5379066,13.2226669],[77.5379793,13.2229663],[77.5379876,13.2229931],[77.5380443,13.2231749],[77.5381146,13.2234001],[77.5381242,13.2234863],[77.5381482,13.2236961],[77.5381482,13.2236962],[77.5381489,13.2237042],[77.5381508,13.2237158],[77.5381905,13.2239543],[77.5381981,13.2239978],[77.5383923,13.2246402],[77.538693,13.2256345],[77.5386936,13.2256367],[77.5387156,13.2256316],[77.53903,13.2255522],[77.5390635,13.2255433],[77.5394295,13.2253852],[77.5400256,13.2252913],[77.5404335,13.2254073],[77.5404354,13.2254079],[77.5404555,13.2254825],[77.5405236,13.225735],[77.5406607,13.226039],[77.5412316,13.2260245],[77.5416907,13.2262958],[77.5419153,13.227141],[77.5419297,13.2271558],[77.5419423,13.2271688],[77.5420955,13.2273263],[77.5421099,13.2273713],[77.5423461,13.2281114],[77.5426319,13.2286983],[77.5426905,13.2288187],[77.5428884,13.2294973],[77.5428924,13.2295111],[77.5429496,13.2297064],[77.5430136,13.2299247],[77.5432169,13.2310195],[77.5432401,13.2311445],[77.5432842,13.2321921],[77.5432886,13.2323048],[77.5432946,13.2324648],[77.5433174,13.2330719],[77.5433179,13.2330849],[77.5437265,13.2329061],[77.5438483,13.232853],[77.5439049,13.2328469],[77.544714,13.2327604],[77.5447392,13.2327578],[77.5448144,13.2327408],[77.5451635,13.2326622],[77.5455526,13.2325751],[77.546652,13.2323124],[77.5467471,13.2322893],[77.5468966,13.2322523],[77.5482916,13.2319066],[77.5492903,13.2316482],[77.5493594,13.2316303],[77.550026,13.2325042],[77.5502009,13.2327307],[77.5503287,13.232886],[77.5504919,13.2330843],[77.5506199,13.2332383],[77.5507983,13.2334741],[77.5517011,13.2346674],[77.5517075,13.2346762],[77.551819,13.2345893],[77.5518956,13.2345295],[77.5521561,13.2343264],[77.5524332,13.2341077],[77.5525962,13.2339539],[77.5527602,13.2337981],[77.5530091,13.2335791],[77.5530166,13.2335724],[77.5534552,13.2335256],[77.5536371,13.2335238],[77.5536404,13.2335238],[77.5537804,13.2335227],[77.5542588,13.2335191],[77.5544804,13.233518],[77.554545,13.2334833],[77.5547049,13.2333974],[77.5554207,13.2332331],[77.5554739,13.2332211],[77.5555249,13.2332095],[77.5556242,13.2331884],[77.5556772,13.2331775],[77.5556818,13.2331763],[77.5557894,13.2331542],[77.5564512,13.2330172],[77.5567296,13.2329415],[77.556886,13.2328885],[77.5569663,13.2328614],[77.5570908,13.2328192],[77.5574876,13.232685],[77.5574933,13.2326834],[77.5576235,13.2326482],[77.5577521,13.2326133],[77.5577535,13.2326129],[77.5578211,13.2325946],[77.5578403,13.2325877],[77.5580564,13.2325102],[77.5584751,13.23236],[77.5585504,13.2323341],[77.5586172,13.2323111],[77.5590106,13.2321756],[77.5590197,13.2321725],[77.5595522,13.2319898],[77.5595359,13.2319412],[77.5594945,13.2318178],[77.559243,13.2309572],[77.5592331,13.2309235],[77.5592266,13.2308668],[77.5591973,13.2306033],[77.5591727,13.2303825],[77.5591721,13.2303765],[77.5591702,13.2303599],[77.5590434,13.2302179],[77.558974,13.2301403],[77.55893,13.2300911],[77.5589326,13.2300909],[77.5586697,13.229156],[77.5586114,13.2289473],[77.5584109,13.2284902],[77.5583886,13.2284391],[77.5582706,13.2281699],[77.5582583,13.2281437],[77.5582533,13.2281367],[77.558188,13.2280439],[77.5581797,13.2280321],[77.558161,13.2280056],[77.558144,13.2279157],[77.5581397,13.227893],[77.558054,13.2274394],[77.5579621,13.2269494],[77.5578491,13.2268161],[77.5578249,13.226736],[77.5578106,13.2266886],[77.557646,13.2261421],[77.5576342,13.226103],[77.5575649,13.2247924],[77.5575594,13.2246882],[77.5574956,13.2234811],[77.5574933,13.2234366],[77.5578559,13.2234321],[77.5579332,13.2234311],[77.5580287,13.2234293],[77.5580411,13.2234291],[77.5581167,13.2234277],[77.5583525,13.223513],[77.5583531,13.2235025],[77.5585297,13.2235673],[77.5585418,13.2228153],[77.558543,13.2227393],[77.5585588,13.2217533],[77.5585597,13.2216909],[77.5585606,13.2216222],[77.5585634,13.2214242],[77.5585637,13.2214076],[77.5584464,13.2214129],[77.5583956,13.2214151],[77.5582913,13.2214197],[77.5582455,13.2214218],[77.5582384,13.2214259],[77.558235,13.2212049],[77.5580971,13.2209595],[77.5580722,13.2208688],[77.5580242,13.220695],[77.5578614,13.2201549],[77.5578443,13.2201578],[77.5576728,13.2201868],[77.5575389,13.2202098],[77.5575286,13.2201865],[77.5575112,13.2201471],[77.5574999,13.2201216],[77.5574368,13.2199789],[77.5573802,13.21988],[77.5574672,13.2197256],[77.5575567,13.2197887],[77.5581863,13.2193834],[77.5582069,13.2193702],[77.5582214,13.2193609],[77.5582968,13.2193126],[77.5586137,13.2189863],[77.5586638,13.2189348],[77.5587353,13.2188612],[77.5597251,13.2184697],[77.560253,13.2183932],[77.5603439,13.21838],[77.5603567,13.2183717],[77.5604815,13.2182907],[77.560563,13.2182377],[77.5605787,13.2182317],[77.5609005,13.21811],[77.5610017,13.2180717],[77.5612712,13.2179702],[77.5612758,13.2179684],[77.5613788,13.2178909],[77.5615119,13.2177907],[77.5616641,13.217776],[77.5617436,13.2177684],[77.5617932,13.2177489],[77.5620912,13.2176326],[77.5622361,13.217576],[77.5625691,13.2174467],[77.5626929,13.2173986],[77.5627184,13.2173689],[77.5627476,13.2173349],[77.5627624,13.2172703],[77.563027,13.2171864],[77.5631921,13.217134],[77.5634685,13.2170475],[77.5636479,13.2169914],[77.5636759,13.2169828],[77.5638495,13.2169004],[77.5640365,13.2168116],[77.5640413,13.2168093],[77.5641016,13.2167786],[77.564205,13.2167258],[77.5644009,13.2166258],[77.5644102,13.2166211],[77.5645475,13.216592],[77.5647376,13.2165517],[77.5649813,13.2165004],[77.5650263,13.2164854],[77.5650903,13.2164641],[77.5651747,13.216436],[77.5653899,13.2163646],[77.5654742,13.216355],[77.5656017,13.2163404],[77.5658841,13.2163085],[77.5661417,13.2163108],[77.5667466,13.2163161],[77.5668644,13.2163172],[77.5668955,13.2163139],[77.5669025,13.2163131],[77.5669797,13.2163048],[77.5672535,13.2162752],[77.5673312,13.2162669],[77.568181,13.2161759],[77.5682643,13.2161774],[77.5685734,13.2161684],[77.5686099,13.2161586],[77.5686682,13.216143],[77.5690766,13.2160328],[77.5695367,13.2159859],[77.5695406,13.2159561],[77.5695469,13.2159066],[77.5695906,13.2155672],[77.569624,13.2152108],[77.569637,13.2150721],[77.5696737,13.2146812],[77.5696972,13.2144426],[77.5697062,13.2143521],[77.5697199,13.2142153],[77.5697203,13.2142113],[77.5697827,13.2134483],[77.5697936,13.2133174],[77.5698114,13.2131041],[77.5698273,13.212914],[77.5698386,13.2127798],[77.5698768,13.2123305],[77.5699194,13.2120878],[77.5699211,13.2120758],[77.5699363,13.2119669],[77.5699599,13.211797],[77.5699774,13.2115266],[77.5700443,13.2112347],[77.5700621,13.211157],[77.5701172,13.2109162],[77.5702768,13.2098993],[77.5702905,13.2098929],[77.5703752,13.2098531],[77.5704322,13.2098106],[77.5705989,13.2096863],[77.5706341,13.20966],[77.5706424,13.2096198],[77.570646,13.209602],[77.5708946,13.2083981],[77.5709195,13.2082776],[77.5709215,13.208268],[77.5709271,13.2082589],[77.5709393,13.2082392],[77.5713983,13.2074967],[77.5714198,13.2074618],[77.5715058,13.2073224],[77.5714863,13.2073284],[77.5713445,13.2073715],[77.5709026,13.2075058],[77.5707555,13.2075036],[77.5707517,13.2075035],[77.5703381,13.2074972],[77.5702146,13.2074954],[77.5701874,13.207495],[77.5697481,13.207489],[77.5693921,13.2066019],[77.5688378,13.2057894],[77.5688283,13.2057754],[77.5687824,13.205708],[77.5687526,13.2056535],[77.568743,13.205636],[77.5686735,13.205509],[77.5684953,13.2049422],[77.5680266,13.2037503],[77.5680241,13.2037439],[77.5679875,13.2036492],[77.5676597,13.2015551],[77.5682071,13.2013315],[77.569071,13.2009787],[77.5691351,13.2009525],[77.5691439,13.200949],[77.5691497,13.200947],[77.5695875,13.2008021],[77.5696372,13.2007857],[77.5698844,13.2007042],[77.5699251,13.2006908],[77.5698881,13.2005968],[77.5698707,13.2005526],[77.5698611,13.2005283],[77.5698432,13.2004803],[77.5698329,13.2004527],[77.570012,13.2003817],[77.5701294,13.2003108],[77.5703637,13.200409],[77.5703769,13.2004145],[77.5708402,13.2003345],[77.570915,13.2003143],[77.571237,13.2002278],[77.5713728,13.2001041],[77.5714959,13.2000818],[77.5717634,13.2000335],[77.5717919,13.2000184],[77.5720242,13.1998959],[77.5722639,13.1997701],[77.5722892,13.1997547],[77.5724459,13.1996594],[77.5725633,13.1995881],[77.572573,13.1995839],[77.5725834,13.1995793],[77.5726848,13.1995346],[77.5726167,13.1991699],[77.573118,13.1990686],[77.5733695,13.1989639],[77.5735862,13.1988499],[77.573635,13.1988155],[77.5737886,13.1987077],[77.574044,13.1985722],[77.5743381,13.1985387],[77.5743651,13.1985356],[77.5745453,13.1984798],[77.5748038,13.1984004],[77.5750464,13.1983263],[77.5751036,13.1983173],[77.5776487,13.1979348],[77.5777123,13.1979253],[77.5777188,13.1979571],[77.5777203,13.1979569],[77.5777203,13.1979568],[77.5777428,13.1979531],[77.577785,13.197946],[77.5780475,13.1978824],[77.5784125,13.1977939],[77.5784254,13.1977908],[77.5784582,13.1977952],[77.5786442,13.1978204],[77.5787016,13.1978281],[77.5787802,13.1978388],[77.5788043,13.197842],[77.5788691,13.1978508],[77.5789731,13.197794],[77.5790292,13.1977633],[77.5791316,13.1976426],[77.5791612,13.1976078],[77.5792083,13.1976262],[77.5793236,13.1976712],[77.5793521,13.1976823],[77.5794917,13.1977283],[77.5796026,13.1977077],[77.5797073,13.1976884],[77.5811275,13.1973483],[77.5812678,13.1973148],[77.5819918,13.1970472],[77.5822701,13.1969444],[77.5823216,13.1969241],[77.5823558,13.1969106],[77.5827571,13.1967628],[77.5837606,13.1966076],[77.5863234,13.1961958],[77.5865164,13.1961648],[77.5864283,13.1960856],[77.5864033,13.1960631],[77.5904091,13.1949344],[77.5905067,13.194907],[77.5905666,13.1949388],[77.5918687,13.1958566],[77.5919806,13.1959356],[77.5920878,13.1960113],[77.5944429,13.1948241],[77.5957378,13.1946377],[77.5968381,13.1944809],[77.5987778,13.1942045],[77.5994943,13.1941049],[77.5995895,13.1940917],[77.5997567,13.1943917],[77.5999396,13.19472],[77.6000582,13.1949444],[77.6001476,13.1951325],[77.6001811,13.1952029],[77.6003324,13.1954871],[77.6005398,13.195877],[77.6006245,13.1960361],[77.6007753,13.1963086],[77.6009751,13.1966696],[77.6009947,13.1967081],[77.601154,13.1970211],[77.601204,13.1971164],[77.6014282,13.1975439],[77.6015728,13.1978194],[77.6016393,13.1979777],[77.6017161,13.1981607],[77.6022391,13.1993763],[77.6022838,13.1994801],[77.602627,13.2002447],[77.6027374,13.2004853],[77.6028045,13.2006312],[77.6028531,13.2007391],[77.6032707,13.2016651],[77.6033003,13.2017287],[77.6036092,13.2023924],[77.6036684,13.2025197],[77.6036927,13.2025671],[77.6037169,13.2026145],[77.6037623,13.2026147],[77.6039854,13.202619],[77.60504,13.202608],[77.6058572,13.2026034],[77.6061968,13.2025641],[77.6062376,13.2025594],[77.6066666,13.2025357],[77.6070053,13.2024969],[77.6077632,13.202429],[77.6084194,13.2023783],[77.6093554,13.2023101],[77.6095641,13.2022958],[77.6098182,13.2022785],[77.6101644,13.2022554],[77.6118283,13.2021509],[77.6122388,13.2021267],[77.6125336,13.2021278],[77.6126035,13.202092],[77.6126362,13.202101],[77.612671,13.2021105],[77.6127037,13.2021194],[77.6131315,13.2022551],[77.6133181,13.2023142],[77.6134149,13.2023439],[77.613937,13.2025041],[77.6144368,13.2026568],[77.6145576,13.202695],[77.6161946,13.2032122],[77.6160934,13.2033142],[77.6160931,13.2033145],[77.6153672,13.2040651],[77.6149534,13.2045086],[77.6141717,13.2053465],[77.6140003,13.2055301],[77.6139419,13.2055927],[77.6166471,13.2059419],[77.6184798,13.2061785],[77.6225839,13.2067696],[77.6228378,13.2067886],[77.6231795,13.2068142],[77.6241251,13.2066801],[77.6252577,13.2065551],[77.6264725,13.2063192],[77.6269868,13.2062203],[77.6284421,13.2059394],[77.6286374,13.2059017],[77.629685,13.2058272],[77.6298697,13.2058141],[77.6300223,13.2058033],[77.6301422,13.2057948],[77.630201,13.2057906],[77.6304767,13.2056594],[77.630936,13.205441],[77.6315883,13.2052004],[77.6320296,13.2050376],[77.632252,13.2049544],[77.6324504,13.2048803],[77.6324712,13.2048725],[77.632659,13.2048024],[77.6339963,13.2048174],[77.634244,13.2048202],[77.634339,13.2048275],[77.6345042,13.2048335],[77.6348253,13.2048453],[77.6348392,13.2048458],[77.6371222,13.2048436],[77.6372655,13.2048439],[77.6376378,13.2048448],[77.6378217,13.2048452],[77.6377708,13.2046765],[77.6377215,13.2045279],[77.6376396,13.204264],[77.637421,13.2037636],[77.6372223,13.2032971],[77.6372173,13.2032834],[77.6371732,13.2031631],[77.6371224,13.2030242],[77.6370602,13.2028541],[77.6370271,13.2027636],[77.6374572,13.2026656],[77.6381847,13.2025025],[77.6389432,13.2023557],[77.6391878,13.2022995],[77.6394764,13.2022333],[77.6394963,13.2022253],[77.6396617,13.202161],[77.6397406,13.2021304],[77.6399587,13.2020456],[77.6404425,13.2018729],[77.6405662,13.2018069],[77.640894,13.201653],[77.6413903,13.2014201],[77.6415587,13.201342],[77.6416563,13.2012968],[77.6423999,13.2009556],[77.6426716,13.200825],[77.6426923,13.2008151],[77.6432063,13.2005854],[77.6435408,13.2005552],[77.6437827,13.200529],[77.6445128,13.2004479],[77.6445747,13.200441],[77.6450926,13.2003798],[77.6452306,13.2003637],[77.6459354,13.2002816],[77.646536,13.2002288],[77.6465435,13.2002282],[77.6477575,13.2001244],[77.6490815,13.1999984],[77.6503385,13.1999049],[77.6504138,13.1998963],[77.6504948,13.1998897],[77.6513835,13.1998144],[77.6514839,13.1998056],[77.6524636,13.1997201],[77.6525409,13.1997144],[77.6528665,13.1996856],[77.6533681,13.1996412],[77.6535368,13.1996264],[77.6544731,13.1995435],[77.654608,13.1995316],[77.6555913,13.1994486],[77.6556797,13.1994403],[77.6566959,13.1993366],[77.6567563,13.1993318],[77.6572209,13.1992965],[77.6571222,13.1992386],[77.6567727,13.1990338],[77.6566698,13.198668],[77.6566241,13.1985787],[77.6565879,13.1985078],[77.6565436,13.1984219],[77.6563747,13.1980943],[77.6560182,13.1975099],[77.6560113,13.1974959],[77.6556075,13.1966689],[77.6555791,13.1966083],[77.6555518,13.1965502],[77.6552643,13.1959375],[77.6531429,13.1914161],[77.6517841,13.1905946],[77.6514577,13.1904002],[77.6508525,13.1904238],[77.6505077,13.190229],[77.6530943,13.1889184],[77.6535826,13.1886744],[77.6540388,13.1884446],[77.6613894,13.1844726],[77.6619382,13.1847671],[77.662563,13.1851025],[77.6636551,13.1856915],[77.664161,13.1858513],[77.6643032,13.1858129],[77.6647141,13.185702],[77.6647628,13.1857267],[77.6652206,13.1858509],[77.665775,13.1856486],[77.666551,13.1853629],[77.667316,13.1850812],[77.667399,13.1850506],[77.6675392,13.185504],[77.6675577,13.1855638],[77.6675669,13.18556],[77.6677884,13.185494],[77.6679033,13.1854598],[77.6680902,13.1854042],[77.6683314,13.1853323],[77.6683615,13.1853311],[77.668711,13.1853172],[77.6688938,13.1853054],[77.6700839,13.1853001],[77.6702812,13.1852993],[77.6709966,13.1852961],[77.6710007,13.1853507],[77.6710198,13.1856393],[77.6711815,13.1856866],[77.6711815,13.1856903],[77.6711807,13.1857558],[77.6711751,13.1862017],[77.6711674,13.1868079],[77.6711657,13.1869397],[77.671165,13.1869809],[77.6711526,13.1877125],[77.6711589,13.188064],[77.6711645,13.188375],[77.671177,13.1892032],[77.6711757,13.1895327],[77.6711745,13.1898551],[77.6711774,13.190087],[77.6711775,13.1900993],[77.6711825,13.1905606],[77.6711903,13.1914302],[77.6711917,13.1915092],[77.6712363,13.1914871],[77.6712376,13.1916562],[77.6712383,13.1917466],[77.6720365,13.1912827],[77.672188,13.1911946],[77.6730686,13.1906828],[77.6732601,13.1905664],[77.673308,13.1905376],[77.6734188,13.1904713],[77.6735061,13.1904196],[77.6739223,13.1902768],[77.6743641,13.1902107],[77.6749656,13.1903762],[77.6750099,13.1903884],[77.6753566,13.1904952],[77.6754305,13.1903187],[77.6756859,13.190335],[77.675737,13.1903382],[77.6765852,13.1904896],[77.6766402,13.190499],[77.6767278,13.1905139],[77.6767932,13.190525],[77.6772564,13.1905801],[77.6777633,13.1906405],[77.6788865,13.1907764],[77.6789271,13.1907813],[77.678941,13.1907851],[77.6793364,13.1908921],[77.6793569,13.1908901],[77.6797684,13.1908598],[77.6798101,13.1908567],[77.6798235,13.1908589],[77.6801104,13.1909052],[77.6804836,13.1909653],[77.6805357,13.1909737],[77.6807866,13.1910224],[77.6809616,13.1910563],[77.680989,13.1910616],[77.6811599,13.1910947],[77.6817478,13.1912086],[77.6817914,13.191217],[77.6824864,13.1913313],[77.6828237,13.1914042],[77.682867,13.1914136],[77.6829916,13.1914363],[77.683654,13.1916662],[77.683647,13.191673],[77.6836549,13.1916779],[77.6836588,13.1916803],[77.6842069,13.1920329],[77.6868993,13.1937603],[77.6869008,13.1938061],[77.686943,13.1951045],[77.6869507,13.1953403],[77.6869513,13.195355],[77.6870058,13.1965861],[77.6871018,13.1986466],[77.6870574,13.1992999],[77.6870359,13.1996159],[77.6870111,13.1999815],[77.686999,13.2001595],[77.6868395,13.2025072],[77.6868671,13.2025982],[77.6870076,13.203063],[77.6871069,13.203058],[77.6894993,13.2029357],[77.68967,13.202927],[77.6897326,13.2029239],[77.6898853,13.202925],[77.6898939,13.2029243],[77.6904886,13.2028784],[77.6925337,13.1987338],[77.692613,13.1985501],[77.6926688,13.1984401],[77.6946156,13.1946036],[77.6947984,13.1942735],[77.6953699,13.1938886],[77.6954841,13.1938108],[77.6956255,13.1937143],[77.6968528,13.1928667],[77.6969835,13.1927698],[77.6970216,13.1927415],[77.6973825,13.192473],[77.6975222,13.1923688],[77.697882,13.1921001],[77.6979071,13.1920813],[77.6985463,13.1920533],[77.6992338,13.1920231],[77.6992588,13.192022],[77.6991839,13.191641],[77.699183,13.1916362],[77.6993842,13.1915364],[77.699439,13.1915092],[77.6994419,13.1915088],[77.6994732,13.1914929],[77.6995143,13.1914721],[77.6994395,13.1912271],[77.6994138,13.1911384],[77.6993202,13.1908163],[77.6993369,13.190807],[77.6996108,13.1906548],[77.6999433,13.1903123],[77.6999845,13.1902699],[77.6999881,13.1902695],[77.700106,13.1902568],[77.7001088,13.1902565],[77.7001405,13.1902531],[77.7001934,13.1902474],[77.7003676,13.1902286],[77.7003738,13.1902279],[77.7006228,13.1902011],[77.7007858,13.1901699],[77.7007898,13.1901692],[77.7010974,13.1901104],[77.7015485,13.1899897],[77.7019251,13.1899345],[77.7020707,13.1899195],[77.7020738,13.1899192],[77.7026154,13.1898634],[77.7032318,13.1897332],[77.7032614,13.189727],[77.7043714,13.1898061],[77.7043732,13.1898062],[77.7053764,13.1898779],[77.7053887,13.1898788],[77.7055177,13.189888],[77.7063049,13.1899383],[77.706315,13.189939],[77.7075652,13.1900186],[77.707573,13.1900191],[77.7081239,13.1900541],[77.7083958,13.1900713],[77.708956,13.190236],[77.7091292,13.1904551],[77.7091432,13.1904728],[77.7097432,13.1912321],[77.7097578,13.1912506],[77.7118118,13.1939842],[77.7118526,13.1940385],[77.7129615,13.195516],[77.7130363,13.1956156],[77.713091,13.1956886],[77.7134914,13.196222],[77.7135495,13.1962995],[77.714031,13.1961672],[77.714167,13.1961298],[77.7187229,13.1948776],[77.7188935,13.1948307],[77.7239622,13.1934375],[77.7240924,13.1934017],[77.7241176,13.1933947],[77.7241774,13.1933783],[77.7251379,13.1931143],[77.7260432,13.1928654],[77.7260597,13.1928609],[77.7260669,13.1928589],[77.7264176,13.1927613],[77.7265218,13.1927323],[77.7265752,13.1927174],[77.7272425,13.1925291],[77.7272677,13.1925113],[77.7274294,13.1919885],[77.7274299,13.1919867],[77.7281879,13.1895369],[77.7287313,13.1877802],[77.7291,13.1865886],[77.7291962,13.1862776],[77.7293369,13.1858227],[77.7292827,13.1857521],[77.7291272,13.1853202],[77.7290651,13.185063],[77.7290493,13.1849976],[77.7290371,13.1849473],[77.7287569,13.1837876],[77.7286454,13.1833258],[77.7286187,13.183215],[77.7286134,13.1831933],[77.7282916,13.1820895],[77.7282766,13.1820381],[77.7282692,13.1820171],[77.7281995,13.1818179],[77.7280484,13.1813864],[77.7279422,13.1808259],[77.7279223,13.1807205],[77.7279136,13.1806747],[77.7277825,13.1800797],[77.7277734,13.1800382],[77.7276404,13.1795144],[77.7276305,13.1794754],[77.7274422,13.1789937],[77.7274385,13.1789844],[77.7274331,13.1789704],[77.7273886,13.1788011],[77.7273343,13.178594],[77.72726,13.1781844],[77.7272457,13.1781349],[77.7271919,13.1779493],[77.7271307,13.1777381],[77.727026,13.1773102],[77.7269635,13.1769691],[77.7268671,13.1766536],[77.7267759,13.1763317],[77.7267356,13.1762637],[77.7266968,13.176198],[77.7266187,13.1760856],[77.7288183,13.1745543],[77.7301712,13.1735701],[77.7301808,13.1735631],[77.730259,13.1735066],[77.73003,13.1728318],[77.7298514,13.1723046],[77.7298428,13.1722791],[77.7298158,13.1721992],[77.7297888,13.1721436],[77.7297365,13.1720833],[77.7293039,13.1715867],[77.7293038,13.1715866],[77.7292256,13.1714969],[77.7292213,13.171492],[77.7285064,13.1706844],[77.7284183,13.1705879],[77.7282686,13.170424],[77.7280356,13.1701461],[77.7274449,13.1694503],[77.7274083,13.169405],[77.7272744,13.1692395],[77.7272773,13.1691927],[77.7272816,13.1691184],[77.7274693,13.1688902],[77.7274839,13.1688724],[77.7277652,13.1685349],[77.7277875,13.1685188],[77.7278036,13.168507],[77.7282516,13.1681811],[77.7282738,13.1681646],[77.7283265,13.1681253],[77.7285743,13.1679404],[77.7286017,13.1678683],[77.7286222,13.1678145],[77.7286537,13.1677316],[77.7288485,13.1672193],[77.72887,13.1671876],[77.7292444,13.1666346],[77.729345,13.1664942],[77.7295546,13.1662014],[77.7295834,13.1661611],[77.7296661,13.1660453],[77.7295511,13.1659461],[77.729585,13.1659249],[77.7299445,13.1657005],[77.7299636,13.1656885],[77.7307002,13.1652268],[77.7307507,13.1651952],[77.7303041,13.1642903],[77.72939,13.1624376],[77.7293575,13.1623739],[77.7293564,13.1623718],[77.7293349,13.1623294],[77.7291492,13.1619803],[77.7290853,13.1618502],[77.729084,13.1618476],[77.7291503,13.1618132],[77.7292854,13.1617427],[77.7293201,13.1617406],[77.7293999,13.1617357],[77.7294829,13.1617305],[77.729496,13.1617297],[77.7295321,13.1616789],[77.7295407,13.1616668],[77.7295564,13.1616446],[77.7295879,13.1616004],[77.7295955,13.1615896],[77.729792,13.1614685],[77.729795,13.1614667],[77.7307038,13.1610326],[77.7308159,13.1609775],[77.7308206,13.1609752],[77.7310287,13.160802],[77.7310878,13.1607552],[77.7311405,13.1607138],[77.7312026,13.160665],[77.7314357,13.1607464],[77.7314463,13.1607501],[77.731516,13.1606572],[77.7315274,13.1606419],[77.7317368,13.1603628],[77.7317798,13.1603054],[77.7317906,13.1602911],[77.7317921,13.1602891],[77.7318428,13.1602991],[77.7319339,13.1603171],[77.7320494,13.16034],[77.7321019,13.1603497],[77.7321786,13.160364],[77.7324563,13.1602839],[77.7331671,13.1600684],[77.7334185,13.1601037],[77.7334112,13.1600673],[77.7333793,13.1599088],[77.7333744,13.1598843],[77.7333709,13.1598669],[77.7334114,13.1598588],[77.733404,13.159825],[77.7332719,13.1595531],[77.7331689,13.1593399],[77.7327971,13.1589942],[77.7326928,13.1588966],[77.7326805,13.1588433],[77.7327235,13.1587739],[77.732711,13.1587422],[77.73265,13.1585872],[77.7325987,13.1584571],[77.7323099,13.158482],[77.7322983,13.158483],[77.7322459,13.1583633],[77.7321685,13.1581867],[77.7321173,13.1580698],[77.7320471,13.1579099],[77.7320417,13.1578977],[77.7317582,13.1579865],[77.7314752,13.1576296],[77.7314575,13.1576076],[77.7312748,13.15738],[77.7310865,13.1571029],[77.7300811,13.1556027],[77.7300457,13.1555486],[77.730042,13.155454],[77.7300409,13.1554255],[77.7296152,13.1532214],[77.7295959,13.1531343],[77.7295854,13.1530872],[77.7295573,13.1529609],[77.7294755,13.1525931],[77.7294606,13.1525262],[77.7294348,13.1522558],[77.7294297,13.1522021],[77.7293597,13.1514619],[77.7293356,13.1512073],[77.7293294,13.1511403],[77.7293262,13.1511051],[77.7292941,13.1509296],[77.7291463,13.1501217],[77.7291418,13.150097],[77.7291363,13.1500671],[77.7289199,13.1489444],[77.7289148,13.1489212],[77.7286584,13.1477571],[77.7286449,13.1476957],[77.7286434,13.1476892],[77.7285465,13.1470744],[77.728506,13.1468177],[77.7284693,13.1464978],[77.7284655,13.1464648],[77.7283952,13.1457831],[77.7283954,13.1457829],[77.728396,13.1457823],[77.7284122,13.1457476],[77.7291054,13.1455884],[77.7292888,13.1455481],[77.7295597,13.1454912],[77.730428,13.1453074],[77.730475,13.1452982],[77.730661,13.1452615],[77.7306611,13.1452614],[77.7316571,13.1450608],[77.7317436,13.1450434],[77.7324969,13.1448914],[77.7329783,13.1448178],[77.7329872,13.1447916],[77.7330033,13.1447442],[77.7330104,13.1447234],[77.7330589,13.1445806],[77.7336133,13.1429576],[77.7336382,13.1429455],[77.7337744,13.1428794],[77.7337724,13.1428699],[77.7336789,13.1424154],[77.7336645,13.1423452],[77.733651,13.1422747],[77.7336013,13.142014],[77.7333499,13.1406912],[77.7332636,13.1402306],[77.7330191,13.1398171],[77.7326611,13.1392042],[77.7326076,13.1391128],[77.7324658,13.1388734],[77.7320996,13.138258],[77.731711,13.1376074],[77.7316516,13.1375081],[77.731163,13.136696],[77.7298028,13.1344803],[77.7296561,13.134246],[77.7290603,13.1332907],[77.7291667,13.1330742],[77.7294655,13.1324665],[77.7300286,13.1313288],[77.7300333,13.131319],[77.7241029,13.1254092],[77.7246361,13.125552],[77.7249529,13.1256369],[77.7262178,13.1259291],[77.7267454,13.1260509],[77.7268931,13.1259914],[77.7270905,13.125912],[77.7292639,13.1250373],[77.7296812,13.1248696],[77.7297994,13.1248218],[77.7306689,13.124471],[77.7307062,13.1244567],[77.7310214,13.1243353],[77.7311049,13.1243032],[77.7311291,13.1242939],[77.7312909,13.1242317],[77.7319076,13.1239932],[77.7322229,13.123862],[77.7322701,13.1238424],[77.7333057,13.1234116],[77.7335844,13.1232957],[77.7335804,13.12324],[77.7335778,13.1232031],[77.7334783,13.1217951],[77.7333357,13.1199694],[77.7333224,13.1199116]]]}}]}