empriNo,empriCode,lakeName,samplingPoint,lat,lon,sampleDate,parameter,value,valueText,belowDetection,unit,source
34,BUBNBKhbl_kr1-34,Hebbal kere,Inlet,13.044361,77.585333,2017-11-22,waterTemperature,25.4,25.4,False,°C,empri-2018
34,BUBNBKhbl_kr1-34,Hebbal kere,Inlet,13.044361,77.585333,2017-11-22,lightTransparency,,UM,False,cm,empri-2018
34,BUBNBKhbl_kr1-34,Hebbal kere,Inlet,13.044361,77.585333,2017-11-22,ph,7.5,7.5,False,,empri-2018
34,BUBNBKhbl_kr1-34,Hebbal kere,Inlet,13.044361,77.585333,2017-11-22,conductivity,892.0,892,False,µS/cm,empri-2018
34,BUBNBKhbl_kr1-34,Hebbal kere,Inlet,13.044361,77.585333,2017-11-22,tds,600.0,600,False,mg/l,empri-2018
34,BUBNBKhbl_kr1-34,Hebbal kere,Inlet,13.044361,77.585333,2017-11-22,tss,8.0,8,False,mg/l,empri-2018
34,BUBNBKhbl_kr1-34,Hebbal kere,Inlet,13.044361,77.585333,2017-11-22,turbidity,10.0,10,False,NTU,empri-2018
34,BUBNBKhbl_kr1-34,Hebbal kere,Inlet,13.044361,77.585333,2017-11-22,dissolvedOxygen,4.0,4,False,mg/l,empri-2018
34,BUBNBKhbl_kr1-34,Hebbal kere,Inlet,13.044361,77.585333,2017-11-22,cod,80.0,80,False,mg/l,empri-2018
34,BUBNBKhbl_kr1-34,Hebbal kere,Inlet,13.044361,77.585333,2017-11-22,bod,4.0,4,False,mg/l,empri-2018
34,BUBNBKhbl_kr1-34,Hebbal kere,Inlet,13.044361,77.585333,2017-11-22,totalPhosphate,2.0,2,False,mg/l,empri-2018
34,BUBNBKhbl_kr1-34,Hebbal kere,Inlet,13.044361,77.585333,2017-11-22,tkn,1.0,1,False,mg/l,empri-2018
34,BUBNBKhbl_kr1-34,Hebbal kere,Inlet,13.044361,77.585333,2017-11-22,totalColiform,1600.0,>1600,False,MPN/100ml,empri-2018
34,BUBNBKhbl_kr1-34,Hebbal kere,Inlet,13.044361,77.585333,2017-11-22,sewageInflow,,No Flow,False,cumecs,empri-2018
58,BUBNBKmtk_kr1-58,Mattikere Kere,Inlet,13.036667,77.55175,2017-11-28,waterTemperature,23.3,23.3,False,°C,empri-2018
58,BUBNBKmtk_kr1-58,Mattikere Kere,Inlet,13.036667,77.55175,2017-11-28,lightTransparency,2.0,2,False,cm,empri-2018
58,BUBNBKmtk_kr1-58,Mattikere Kere,Inlet,13.036667,77.55175,2017-11-28,ph,7.3,7.3,False,,empri-2018
58,BUBNBKmtk_kr1-58,Mattikere Kere,Inlet,13.036667,77.55175,2017-11-28,conductivity,564.0,564,False,µS/cm,empri-2018
58,BUBNBKmtk_kr1-58,Mattikere Kere,Inlet,13.036667,77.55175,2017-11-28,tds,400.0,400,False,mg/l,empri-2018
58,BUBNBKmtk_kr1-58,Mattikere Kere,Inlet,13.036667,77.55175,2017-11-28,tss,12.0,12,False,mg/l,empri-2018
58,BUBNBKmtk_kr1-58,Mattikere Kere,Inlet,13.036667,77.55175,2017-11-28,turbidity,16.0,16,False,NTU,empri-2018
58,BUBNBKmtk_kr1-58,Mattikere Kere,Inlet,13.036667,77.55175,2017-11-28,dissolvedOxygen,6.0,6,False,mg/l,empri-2018
58,BUBNBKmtk_kr1-58,Mattikere Kere,Inlet,13.036667,77.55175,2017-11-28,cod,68.0,68,False,mg/l,empri-2018
58,BUBNBKmtk_kr1-58,Mattikere Kere,Inlet,13.036667,77.55175,2017-11-28,bod,8.0,8,False,mg/l,empri-2018
58,BUBNBKmtk_kr1-58,Mattikere Kere,Inlet,13.036667,77.55175,2017-11-28,totalPhosphate,1.0,1,False,mg/l,empri-2018
58,BUBNBKmtk_kr1-58,Mattikere Kere,Inlet,13.036667,77.55175,2017-11-28,tkn,7.0,7,False,mg/l,empri-2018
58,BUBNBKmtk_kr1-58,Mattikere Kere,Inlet,13.036667,77.55175,2017-11-28,totalColiform,1600.0,>1600,False,MPN/100ml,empri-2018
58,BUBNBKmtk_kr1-58,Mattikere Kere,Inlet,13.036667,77.55175,2017-11-28,sewageInflow,,No Flow,False,cumecs,empri-2018
63,BUBNBKngw_kr2-63,Nagawara Lake,Inlet,13.046167,77.606056,2017-11-28,waterTemperature,25.6,25.6,False,°C,empri-2018
63,BUBNBKngw_kr2-63,Nagawara Lake,Inlet,13.046167,77.606056,2017-11-28,lightTransparency,16.0,16,False,cm,empri-2018
63,BUBNBKngw_kr2-63,Nagawara Lake,Inlet,13.046167,77.606056,2017-11-28,ph,8.1,8.1,False,,empri-2018
63,BUBNBKngw_kr2-63,Nagawara Lake,Inlet,13.046167,77.606056,2017-11-28,conductivity,632.0,632,False,µS/cm,empri-2018
63,BUBNBKngw_kr2-63,Nagawara Lake,Inlet,13.046167,77.606056,2017-11-28,tds,310.0,310,False,mg/l,empri-2018
63,BUBNBKngw_kr2-63,Nagawara Lake,Inlet,13.046167,77.606056,2017-11-28,tss,8.0,8,False,mg/l,empri-2018
63,BUBNBKngw_kr2-63,Nagawara Lake,Inlet,13.046167,77.606056,2017-11-28,turbidity,14.0,14,False,NTU,empri-2018
63,BUBNBKngw_kr2-63,Nagawara Lake,Inlet,13.046167,77.606056,2017-11-28,dissolvedOxygen,5.8,5.8,False,mg/l,empri-2018
63,BUBNBKngw_kr2-63,Nagawara Lake,Inlet,13.046167,77.606056,2017-11-28,cod,72.0,72,False,mg/l,empri-2018
63,BUBNBKngw_kr2-63,Nagawara Lake,Inlet,13.046167,77.606056,2017-11-28,bod,4.0,4,False,mg/l,empri-2018
63,BUBNBKngw_kr2-63,Nagawara Lake,Inlet,13.046167,77.606056,2017-11-28,totalPhosphate,1.0,1,False,mg/l,empri-2018
63,BUBNBKngw_kr2-63,Nagawara Lake,Inlet,13.046167,77.606056,2017-11-28,tkn,7.0,7,False,mg/l,empri-2018
63,BUBNBKngw_kr2-63,Nagawara Lake,Inlet,13.046167,77.606056,2017-11-28,totalColiform,1600.0,>1600,False,MPN/100ml,empri-2018
63,BUBNBKngw_kr2-63,Nagawara Lake,Inlet,13.046167,77.606056,2017-11-28,sewageInflow,,No Flow,False,cumecs,empri-2018
67,BUBNBKrjm_kr3-67,Rajamahal Kere,,13.001056,77.586167,2017-11-28,waterTemperature,24.1,24.1,False,°C,empri-2018
67,BUBNBKrjm_kr3-67,Rajamahal Kere,,13.001056,77.586167,2017-11-28,lightTransparency,28.0,28,False,cm,empri-2018
67,BUBNBKrjm_kr3-67,Rajamahal Kere,,13.001056,77.586167,2017-11-28,ph,7.8,7.8,False,,empri-2018
67,BUBNBKrjm_kr3-67,Rajamahal Kere,,13.001056,77.586167,2017-11-28,conductivity,803.0,803,False,µS/cm,empri-2018
67,BUBNBKrjm_kr3-67,Rajamahal Kere,,13.001056,77.586167,2017-11-28,tds,338.0,338,False,mg/l,empri-2018
67,BUBNBKrjm_kr3-67,Rajamahal Kere,,13.001056,77.586167,2017-11-28,tss,14.0,14,False,mg/l,empri-2018
67,BUBNBKrjm_kr3-67,Rajamahal Kere,,13.001056,77.586167,2017-11-28,turbidity,18.0,18,False,NTU,empri-2018
67,BUBNBKrjm_kr3-67,Rajamahal Kere,,13.001056,77.586167,2017-11-28,dissolvedOxygen,2.4,2.4,False,mg/l,empri-2018
67,BUBNBKrjm_kr3-67,Rajamahal Kere,,13.001056,77.586167,2017-11-28,cod,16.0,16,False,mg/l,empri-2018
67,BUBNBKrjm_kr3-67,Rajamahal Kere,,13.001056,77.586167,2017-11-28,bod,3.8,3.8,False,mg/l,empri-2018
67,BUBNBKrjm_kr3-67,Rajamahal Kere,,13.001056,77.586167,2017-11-28,totalPhosphate,0.1,0.1,False,mg/l,empri-2018
67,BUBNBKrjm_kr3-67,Rajamahal Kere,,13.001056,77.586167,2017-11-28,tkn,7.0,7,False,mg/l,empri-2018
67,BUBNBKrjm_kr3-67,Rajamahal Kere,,13.001056,77.586167,2017-11-28,totalColiform,80.0,80,False,MPN/100ml,empri-2018
67,BUBNBKrjm_kr3-67,Rajamahal Kere,,13.001056,77.586167,2017-11-28,sewageInflow,,No Flow,False,cumecs,empri-2018
68,BUBNBKrjm_kr4-68,Sankey Tank,Inlet,13.0125,77.573,2017-11-28,waterTemperature,25.0,25.0,False,°C,empri-2018
68,BUBNBKrjm_kr4-68,Sankey Tank,Inlet,13.0125,77.573,2017-11-28,lightTransparency,4.0,4,False,cm,empri-2018
68,BUBNBKrjm_kr4-68,Sankey Tank,Inlet,13.0125,77.573,2017-11-28,ph,7.3,7.3,False,,empri-2018
68,BUBNBKrjm_kr4-68,Sankey Tank,Inlet,13.0125,77.573,2017-11-28,conductivity,373.0,373,False,µS/cm,empri-2018
68,BUBNBKrjm_kr4-68,Sankey Tank,Inlet,13.0125,77.573,2017-11-28,tds,200.0,200,False,mg/l,empri-2018
68,BUBNBKrjm_kr4-68,Sankey Tank,Inlet,13.0125,77.573,2017-11-28,tss,12.0,12,False,mg/l,empri-2018
68,BUBNBKrjm_kr4-68,Sankey Tank,Inlet,13.0125,77.573,2017-11-28,turbidity,14.0,14,False,NTU,empri-2018
68,BUBNBKrjm_kr4-68,Sankey Tank,Inlet,13.0125,77.573,2017-11-28,dissolvedOxygen,6.2,6.2,False,mg/l,empri-2018
68,BUBNBKrjm_kr4-68,Sankey Tank,Inlet,13.0125,77.573,2017-11-28,cod,106.0,106,False,mg/l,empri-2018
68,BUBNBKrjm_kr4-68,Sankey Tank,Inlet,13.0125,77.573,2017-11-28,bod,10.0,10,False,mg/l,empri-2018
68,BUBNBKrjm_kr4-68,Sankey Tank,Inlet,13.0125,77.573,2017-11-28,totalPhosphate,1.0,1,False,mg/l,empri-2018
68,BUBNBKrjm_kr4-68,Sankey Tank,Inlet,13.0125,77.573,2017-11-28,tkn,7.0,7,False,mg/l,empri-2018
68,BUBNBKrjm_kr4-68,Sankey Tank,Inlet,13.0125,77.573,2017-11-28,totalColiform,1600.0,>1600,False,MPN/100ml,empri-2018
68,BUBNBKrjm_kr4-68,Sankey Tank,Inlet,13.0125,77.573,2017-11-28,sewageInflow,,No Flow,False,cumecs,empri-2018
69,BUBNBKsmp_kr1-69,Sampinge Kere,Shrunk to Kunte,12.968278,77.590056,2017-11-28,waterTemperature,23.9,23.9,False,°C,empri-2018
69,BUBNBKsmp_kr1-69,Sampinge Kere,Shrunk to Kunte,12.968278,77.590056,2017-11-28,lightTransparency,15.0,15,False,cm,empri-2018
69,BUBNBKsmp_kr1-69,Sampinge Kere,Shrunk to Kunte,12.968278,77.590056,2017-11-28,ph,7.3,7.3,False,,empri-2018
69,BUBNBKsmp_kr1-69,Sampinge Kere,Shrunk to Kunte,12.968278,77.590056,2017-11-28,conductivity,537.0,537,False,µS/cm,empri-2018
69,BUBNBKsmp_kr1-69,Sampinge Kere,Shrunk to Kunte,12.968278,77.590056,2017-11-28,tds,380.0,380,False,mg/l,empri-2018
69,BUBNBKsmp_kr1-69,Sampinge Kere,Shrunk to Kunte,12.968278,77.590056,2017-11-28,tss,40.0,40,False,mg/l,empri-2018
69,BUBNBKsmp_kr1-69,Sampinge Kere,Shrunk to Kunte,12.968278,77.590056,2017-11-28,turbidity,17.9,17.9,False,NTU,empri-2018
69,BUBNBKsmp_kr1-69,Sampinge Kere,Shrunk to Kunte,12.968278,77.590056,2017-11-28,dissolvedOxygen,0.8,0.8,False,mg/l,empri-2018
69,BUBNBKsmp_kr1-69,Sampinge Kere,Shrunk to Kunte,12.968278,77.590056,2017-11-28,cod,64.0,64,False,mg/l,empri-2018
69,BUBNBKsmp_kr1-69,Sampinge Kere,Shrunk to Kunte,12.968278,77.590056,2017-11-28,bod,15.4,15.4,False,mg/l,empri-2018
69,BUBNBKsmp_kr1-69,Sampinge Kere,Shrunk to Kunte,12.968278,77.590056,2017-11-28,totalPhosphate,0.2,0.2,False,mg/l,empri-2018
69,BUBNBKsmp_kr1-69,Sampinge Kere,Shrunk to Kunte,12.968278,77.590056,2017-11-28,tkn,7.0,7,False,mg/l,empri-2018
69,BUBNBKsmp_kr1-69,Sampinge Kere,Shrunk to Kunte,12.968278,77.590056,2017-11-28,totalColiform,1600.0,>1600,False,MPN/100ml,empri-2018
69,BUBNBKsmp_kr1-69,Sampinge Kere,Shrunk to Kunte,12.968278,77.590056,2017-11-28,sewageInflow,,No Flow,False,cumecs,empri-2018
74,BUBNBKuls_kr1-74,Ulsoor Lake,Inlet,12.985111,77.622028,2017-11-28,waterTemperature,25.0,25,False,°C,empri-2018
74,BUBNBKuls_kr1-74,Ulsoor Lake,Inlet,12.985111,77.622028,2017-11-28,lightTransparency,23.0,23,False,cm,empri-2018
74,BUBNBKuls_kr1-74,Ulsoor Lake,Inlet,12.985111,77.622028,2017-11-28,ph,7.8,7.8,False,,empri-2018
74,BUBNBKuls_kr1-74,Ulsoor Lake,Inlet,12.985111,77.622028,2017-11-28,conductivity,600.0,600,False,µS/cm,empri-2018
74,BUBNBKuls_kr1-74,Ulsoor Lake,Inlet,12.985111,77.622028,2017-11-28,tds,300.0,300,False,mg/l,empri-2018
74,BUBNBKuls_kr1-74,Ulsoor Lake,Inlet,12.985111,77.622028,2017-11-28,tss,38.0,38,False,mg/l,empri-2018
74,BUBNBKuls_kr1-74,Ulsoor Lake,Inlet,12.985111,77.622028,2017-11-28,turbidity,17.0,17,False,NTU,empri-2018
74,BUBNBKuls_kr1-74,Ulsoor Lake,Inlet,12.985111,77.622028,2017-11-28,dissolvedOxygen,6.4,6.4,False,mg/l,empri-2018
74,BUBNBKuls_kr1-74,Ulsoor Lake,Inlet,12.985111,77.622028,2017-11-28,cod,79.0,79,False,mg/l,empri-2018
74,BUBNBKuls_kr1-74,Ulsoor Lake,Inlet,12.985111,77.622028,2017-11-28,bod,3.0,3,False,mg/l,empri-2018
74,BUBNBKuls_kr1-74,Ulsoor Lake,Inlet,12.985111,77.622028,2017-11-28,totalPhosphate,2.0,2,False,mg/l,empri-2018
74,BUBNBKuls_kr1-74,Ulsoor Lake,Inlet,12.985111,77.622028,2017-11-28,tkn,7.0,7,False,mg/l,empri-2018
74,BUBNBKuls_kr1-74,Ulsoor Lake,Inlet,12.985111,77.622028,2017-11-28,totalColiform,1600.0,>1600,False,MPN/100ml,empri-2018
74,BUBNBKuls_kr1-74,Ulsoor Lake,Inlet,12.985111,77.622028,2017-11-28,sewageInflow,,No Flow,False,cumecs,empri-2018
76,BUBNBKupr_kr1-76,Lalbhagh kere,Inlet,12.94475,77.581417,2017-11-28,waterTemperature,25.5,25.5,False,°C,empri-2018
76,BUBNBKupr_kr1-76,Lalbhagh kere,Inlet,12.94475,77.581417,2017-11-28,lightTransparency,26.0,26,False,cm,empri-2018
76,BUBNBKupr_kr1-76,Lalbhagh kere,Inlet,12.94475,77.581417,2017-11-28,ph,8.2,8.2,False,,empri-2018
76,BUBNBKupr_kr1-76,Lalbhagh kere,Inlet,12.94475,77.581417,2017-11-28,conductivity,452.0,452,False,µS/cm,empri-2018
76,BUBNBKupr_kr1-76,Lalbhagh kere,Inlet,12.94475,77.581417,2017-11-28,tds,316.0,316,False,mg/l,empri-2018
76,BUBNBKupr_kr1-76,Lalbhagh kere,Inlet,12.94475,77.581417,2017-11-28,tss,16.0,16,False,mg/l,empri-2018
76,BUBNBKupr_kr1-76,Lalbhagh kere,Inlet,12.94475,77.581417,2017-11-28,turbidity,12.0,12,False,NTU,empri-2018
76,BUBNBKupr_kr1-76,Lalbhagh kere,Inlet,12.94475,77.581417,2017-11-28,dissolvedOxygen,7.2,7.2,False,mg/l,empri-2018
76,BUBNBKupr_kr1-76,Lalbhagh kere,Inlet,12.94475,77.581417,2017-11-28,cod,52.0,52,False,mg/l,empri-2018
76,BUBNBKupr_kr1-76,Lalbhagh kere,Inlet,12.94475,77.581417,2017-11-28,bod,9.0,9,False,mg/l,empri-2018
76,BUBNBKupr_kr1-76,Lalbhagh kere,Inlet,12.94475,77.581417,2017-11-28,totalPhosphate,1.0,1,False,mg/l,empri-2018
76,BUBNBKupr_kr1-76,Lalbhagh kere,Inlet,12.94475,77.581417,2017-11-28,tkn,7.0,7,False,mg/l,empri-2018
76,BUBNBKupr_kr1-76,Lalbhagh kere,Inlet,12.94475,77.581417,2017-11-28,totalColiform,1600.0,>1600,False,MPN/100ml,empri-2018
76,BUBNBKupr_kr1-76,Lalbhagh kere,Inlet,12.94475,77.581417,2017-11-28,sewageInflow,,No Flow,False,cumecs,empri-2018
78,BUBNYPabg_kr1-78,Abbigere Kere,,13.078417,77.525417,2017-11-22,waterTemperature,28.2,28.2,False,°C,empri-2018
78,BUBNYPabg_kr1-78,Abbigere Kere,,13.078417,77.525417,2017-11-22,lightTransparency,0.16,0.16,False,cm,empri-2018
78,BUBNYPabg_kr1-78,Abbigere Kere,,13.078417,77.525417,2017-11-22,ph,7.0,7.0,False,,empri-2018
78,BUBNYPabg_kr1-78,Abbigere Kere,,13.078417,77.525417,2017-11-22,conductivity,878.0,878,False,µS/cm,empri-2018
78,BUBNYPabg_kr1-78,Abbigere Kere,,13.078417,77.525417,2017-11-22,tds,630.0,630,False,mg/l,empri-2018
78,BUBNYPabg_kr1-78,Abbigere Kere,,13.078417,77.525417,2017-11-22,tss,24.0,24,False,mg/l,empri-2018
78,BUBNYPabg_kr1-78,Abbigere Kere,,13.078417,77.525417,2017-11-22,turbidity,6.9,6.9,False,NTU,empri-2018
78,BUBNYPabg_kr1-78,Abbigere Kere,,13.078417,77.525417,2017-11-22,dissolvedOxygen,1.2,1.2,False,mg/l,empri-2018
78,BUBNYPabg_kr1-78,Abbigere Kere,,13.078417,77.525417,2017-11-22,cod,32.0,32,False,mg/l,empri-2018
78,BUBNYPabg_kr1-78,Abbigere Kere,,13.078417,77.525417,2017-11-22,bod,7.7,7.7,False,mg/l,empri-2018
78,BUBNYPabg_kr1-78,Abbigere Kere,,13.078417,77.525417,2017-11-22,totalPhosphate,0.5,0.5,False,mg/l,empri-2018
78,BUBNYPabg_kr1-78,Abbigere Kere,,13.078417,77.525417,2017-11-22,tkn,24.0,24,False,mg/l,empri-2018
78,BUBNYPabg_kr1-78,Abbigere Kere,,13.078417,77.525417,2017-11-22,totalColiform,1600.0,>1600,False,MPN/100ml,empri-2018
78,BUBNYPabg_kr1-78,Abbigere Kere,,13.078417,77.525417,2017-11-22,sewageInflow,,No Flow,False,cumecs,empri-2018
86,BUBNYPcbv_kr1-86,Chikkabanavara kere,Inlet,13.082778,77.511583,2017-11-22,waterTemperature,26.4,26.4,False,°C,empri-2018
86,BUBNYPcbv_kr1-86,Chikkabanavara kere,Inlet,13.082778,77.511583,2017-11-22,lightTransparency,,UM,False,cm,empri-2018
86,BUBNYPcbv_kr1-86,Chikkabanavara kere,Inlet,13.082778,77.511583,2017-11-22,ph,8.0,8,False,,empri-2018
86,BUBNYPcbv_kr1-86,Chikkabanavara kere,Inlet,13.082778,77.511583,2017-11-22,conductivity,1219.0,1219,False,µS/cm,empri-2018
86,BUBNYPcbv_kr1-86,Chikkabanavara kere,Inlet,13.082778,77.511583,2017-11-22,tds,700.0,700,False,mg/l,empri-2018
86,BUBNYPcbv_kr1-86,Chikkabanavara kere,Inlet,13.082778,77.511583,2017-11-22,tss,128.0,128,False,mg/l,empri-2018
86,BUBNYPcbv_kr1-86,Chikkabanavara kere,Inlet,13.082778,77.511583,2017-11-22,turbidity,98.7,98.7,False,NTU,empri-2018
86,BUBNYPcbv_kr1-86,Chikkabanavara kere,Inlet,13.082778,77.511583,2017-11-22,dissolvedOxygen,0.8,0.8,False,mg/l,empri-2018
86,BUBNYPcbv_kr1-86,Chikkabanavara kere,Inlet,13.082778,77.511583,2017-11-22,cod,80.0,80,False,mg/l,empri-2018
86,BUBNYPcbv_kr1-86,Chikkabanavara kere,Inlet,13.082778,77.511583,2017-11-22,bod,19.2,19.2,False,mg/l,empri-2018
86,BUBNYPcbv_kr1-86,Chikkabanavara kere,Inlet,13.082778,77.511583,2017-11-22,totalPhosphate,0.3,0.3,False,mg/l,empri-2018
86,BUBNYPcbv_kr1-86,Chikkabanavara kere,Inlet,13.082778,77.511583,2017-11-22,tkn,10.0,10,False,mg/l,empri-2018
86,BUBNYPcbv_kr1-86,Chikkabanavara kere,Inlet,13.082778,77.511583,2017-11-22,totalColiform,1600.0,>1600,False,MPN/100ml,empri-2018
86,BUBNYPcbv_kr1-86,Chikkabanavara kere,Inlet,13.082778,77.511583,2017-11-22,sewageInflow,,No Flow,False,cumecs,empri-2018
86,BUBNYPcbv_kr1-86,Chikkabanavara kere,Outlet,13.085889,77.505722,2017-11-22,waterTemperature,28.8,28.8,False,°C,empri-2018
86,BUBNYPcbv_kr1-86,Chikkabanavara kere,Outlet,13.085889,77.505722,2017-11-22,lightTransparency,9.0,9,False,cm,empri-2018
86,BUBNYPcbv_kr1-86,Chikkabanavara kere,Outlet,13.085889,77.505722,2017-11-22,ph,7.5,7.5,False,,empri-2018
86,BUBNYPcbv_kr1-86,Chikkabanavara kere,Outlet,13.085889,77.505722,2017-11-22,conductivity,1183.0,1183,False,µS/cm,empri-2018
86,BUBNYPcbv_kr1-86,Chikkabanavara kere,Outlet,13.085889,77.505722,2017-11-22,tds,950.0,950,False,mg/l,empri-2018
86,BUBNYPcbv_kr1-86,Chikkabanavara kere,Outlet,13.085889,77.505722,2017-11-22,tss,44.0,44,False,mg/l,empri-2018
86,BUBNYPcbv_kr1-86,Chikkabanavara kere,Outlet,13.085889,77.505722,2017-11-22,turbidity,23.8,23.8,False,NTU,empri-2018
86,BUBNYPcbv_kr1-86,Chikkabanavara kere,Outlet,13.085889,77.505722,2017-11-22,dissolvedOxygen,2.6,2.6,False,mg/l,empri-2018
86,BUBNYPcbv_kr1-86,Chikkabanavara kere,Outlet,13.085889,77.505722,2017-11-22,cod,96.0,96,False,mg/l,empri-2018
86,BUBNYPcbv_kr1-86,Chikkabanavara kere,Outlet,13.085889,77.505722,2017-11-22,bod,23.0,23.0,False,mg/l,empri-2018
86,BUBNYPcbv_kr1-86,Chikkabanavara kere,Outlet,13.085889,77.505722,2017-11-22,totalPhosphate,0.5,0.5,False,mg/l,empri-2018
86,BUBNYPcbv_kr1-86,Chikkabanavara kere,Outlet,13.085889,77.505722,2017-11-22,tkn,10.0,10,False,mg/l,empri-2018
86,BUBNYPcbv_kr1-86,Chikkabanavara kere,Outlet,13.085889,77.505722,2017-11-22,totalColiform,1600.0,>1600,False,MPN/100ml,empri-2018
93,BUBNYPcho_kr1-93,Chokkasandra Lake,Inlet,13.041111,77.513889,2017-11-22,waterTemperature,25.6,25.6,False,°C,empri-2018
93,BUBNYPcho_kr1-93,Chokkasandra Lake,Inlet,13.041111,77.513889,2017-11-22,lightTransparency,13.0,13,False,cm,empri-2018
93,BUBNYPcho_kr1-93,Chokkasandra Lake,Inlet,13.041111,77.513889,2017-11-22,ph,7.5,7.5,False,,empri-2018
93,BUBNYPcho_kr1-93,Chokkasandra Lake,Inlet,13.041111,77.513889,2017-11-22,conductivity,343.0,343,False,µS/cm,empri-2018
93,BUBNYPcho_kr1-93,Chokkasandra Lake,Inlet,13.041111,77.513889,2017-11-22,tds,274.0,274,False,mg/l,empri-2018
93,BUBNYPcho_kr1-93,Chokkasandra Lake,Inlet,13.041111,77.513889,2017-11-22,tss,35.0,35,False,mg/l,empri-2018
93,BUBNYPcho_kr1-93,Chokkasandra Lake,Inlet,13.041111,77.513889,2017-11-22,turbidity,48.7,48.7,False,NTU,empri-2018
93,BUBNYPcho_kr1-93,Chokkasandra Lake,Inlet,13.041111,77.513889,2017-11-22,dissolvedOxygen,5.6,5.6,False,mg/l,empri-2018
93,BUBNYPcho_kr1-93,Chokkasandra Lake,Inlet,13.041111,77.513889,2017-11-22,cod,80.0,80,False,mg/l,empri-2018
93,BUBNYPcho_kr1-93,Chokkasandra Lake,Inlet,13.041111,77.513889,2017-11-22,bod,19.2,19.2,False,mg/l,empri-2018
93,BUBNYPcho_kr1-93,Chokkasandra Lake,Inlet,13.041111,77.513889,2017-11-22,totalPhosphate,0.6,0.6,False,mg/l,empri-2018
93,BUBNYPcho_kr1-93,Chokkasandra Lake,Inlet,13.041111,77.513889,2017-11-22,tkn,10.0,10,False,mg/l,empri-2018
93,BUBNYPcho_kr1-93,Chokkasandra Lake,Inlet,13.041111,77.513889,2017-11-22,totalColiform,220.0,220,False,MPN/100ml,empri-2018
93,BUBNYPcho_kr1-93,Chokkasandra Lake,Inlet,13.041111,77.513889,2017-11-22,sewageInflow,,No Flow,False,cumecs,empri-2018
93,BUBNYPcho_kr1-93,Chokkasandra Lake,Outlet,13.042139,77.511111,2017-11-22,waterTemperature,25.8,25.8,False,°C,empri-2018
93,BUBNYPcho_kr1-93,Chokkasandra Lake,Outlet,13.042139,77.511111,2017-11-22,lightTransparency,8.0,8,False,cm,empri-2018
93,BUBNYPcho_kr1-93,Chokkasandra Lake,Outlet,13.042139,77.511111,2017-11-22,ph,7.6,7.6,False,,empri-2018
93,BUBNYPcho_kr1-93,Chokkasandra Lake,Outlet,13.042139,77.511111,2017-11-22,conductivity,319.0,319,False,µS/cm,empri-2018
93,BUBNYPcho_kr1-93,Chokkasandra Lake,Outlet,13.042139,77.511111,2017-11-22,tds,250.0,250,False,mg/l,empri-2018
93,BUBNYPcho_kr1-93,Chokkasandra Lake,Outlet,13.042139,77.511111,2017-11-22,tss,242.0,242,False,mg/l,empri-2018
93,BUBNYPcho_kr1-93,Chokkasandra Lake,Outlet,13.042139,77.511111,2017-11-22,turbidity,237.5,237.5,False,NTU,empri-2018
93,BUBNYPcho_kr1-93,Chokkasandra Lake,Outlet,13.042139,77.511111,2017-11-22,dissolvedOxygen,4.4,4.4,False,mg/l,empri-2018
93,BUBNYPcho_kr1-93,Chokkasandra Lake,Outlet,13.042139,77.511111,2017-11-22,cod,144.0,144,False,mg/l,empri-2018
93,BUBNYPcho_kr1-93,Chokkasandra Lake,Outlet,13.042139,77.511111,2017-11-22,bod,34.6,34.6,False,mg/l,empri-2018
93,BUBNYPcho_kr1-93,Chokkasandra Lake,Outlet,13.042139,77.511111,2017-11-22,totalPhosphate,0.7,0.7,False,mg/l,empri-2018
93,BUBNYPcho_kr1-93,Chokkasandra Lake,Outlet,13.042139,77.511111,2017-11-22,tkn,17.0,17,False,mg/l,empri-2018
93,BUBNYPcho_kr1-93,Chokkasandra Lake,Outlet,13.042139,77.511111,2017-11-22,totalColiform,22.0,22,False,MPN/100ml,empri-2018
97,BUBNYPdbk_kr2-97,Doddabidarakallu lake,Inlet,13.043528,77.49675,2017-11-22,waterTemperature,26.5,26.5,False,°C,empri-2018
97,BUBNYPdbk_kr2-97,Doddabidarakallu lake,Inlet,13.043528,77.49675,2017-11-22,lightTransparency,,UM,False,cm,empri-2018
97,BUBNYPdbk_kr2-97,Doddabidarakallu lake,Inlet,13.043528,77.49675,2017-11-22,ph,7.1,7.1,False,,empri-2018
97,BUBNYPdbk_kr2-97,Doddabidarakallu lake,Inlet,13.043528,77.49675,2017-11-22,conductivity,1511.0,1511,False,µS/cm,empri-2018
97,BUBNYPdbk_kr2-97,Doddabidarakallu lake,Inlet,13.043528,77.49675,2017-11-22,tds,700.0,700,False,mg/l,empri-2018
97,BUBNYPdbk_kr2-97,Doddabidarakallu lake,Inlet,13.043528,77.49675,2017-11-22,tss,506.0,506,False,mg/l,empri-2018
97,BUBNYPdbk_kr2-97,Doddabidarakallu lake,Inlet,13.043528,77.49675,2017-11-22,turbidity,277.5,277.5,False,NTU,empri-2018
97,BUBNYPdbk_kr2-97,Doddabidarakallu lake,Inlet,13.043528,77.49675,2017-11-22,dissolvedOxygen,0.2,0.2,False,mg/l,empri-2018
97,BUBNYPdbk_kr2-97,Doddabidarakallu lake,Inlet,13.043528,77.49675,2017-11-22,cod,320.0,320,False,mg/l,empri-2018
97,BUBNYPdbk_kr2-97,Doddabidarakallu lake,Inlet,13.043528,77.49675,2017-11-22,bod,76.8,76.8,False,mg/l,empri-2018
97,BUBNYPdbk_kr2-97,Doddabidarakallu lake,Inlet,13.043528,77.49675,2017-11-22,totalPhosphate,1.6,1.6,False,mg/l,empri-2018
97,BUBNYPdbk_kr2-97,Doddabidarakallu lake,Inlet,13.043528,77.49675,2017-11-22,tkn,52.0,52,False,mg/l,empri-2018
97,BUBNYPdbk_kr2-97,Doddabidarakallu lake,Inlet,13.043528,77.49675,2017-11-22,totalColiform,1600.0,>1600,False,MPN/100ml,empri-2018
97,BUBNYPdbk_kr2-97,Doddabidarakallu lake,Inlet,13.043528,77.49675,2017-11-22,sewageInflow,,UM,False,cumecs,empri-2018
97,BUBNYPdbk_kr2-97,Doddabidarakallu lake,Outlet,13.044639,77.492806,2017-11-22,waterTemperature,26.2,26.2,False,°C,empri-2018
97,BUBNYPdbk_kr2-97,Doddabidarakallu lake,Outlet,13.044639,77.492806,2017-11-22,lightTransparency,5.0,5,False,cm,empri-2018
97,BUBNYPdbk_kr2-97,Doddabidarakallu lake,Outlet,13.044639,77.492806,2017-11-22,ph,7.1,7.1,False,,empri-2018
97,BUBNYPdbk_kr2-97,Doddabidarakallu lake,Outlet,13.044639,77.492806,2017-11-22,conductivity,1573.0,1573,False,µS/cm,empri-2018
97,BUBNYPdbk_kr2-97,Doddabidarakallu lake,Outlet,13.044639,77.492806,2017-11-22,tds,852.0,852,False,mg/l,empri-2018
97,BUBNYPdbk_kr2-97,Doddabidarakallu lake,Outlet,13.044639,77.492806,2017-11-22,tss,55.0,55,False,mg/l,empri-2018
97,BUBNYPdbk_kr2-97,Doddabidarakallu lake,Outlet,13.044639,77.492806,2017-11-22,turbidity,749.0,749,False,NTU,empri-2018
97,BUBNYPdbk_kr2-97,Doddabidarakallu lake,Outlet,13.044639,77.492806,2017-11-22,dissolvedOxygen,0.2,0.2,False,mg/l,empri-2018
97,BUBNYPdbk_kr2-97,Doddabidarakallu lake,Outlet,13.044639,77.492806,2017-11-22,cod,144.0,144,False,mg/l,empri-2018
97,BUBNYPdbk_kr2-97,Doddabidarakallu lake,Outlet,13.044639,77.492806,2017-11-22,bod,34.6,34.6,False,mg/l,empri-2018
97,BUBNYPdbk_kr2-97,Doddabidarakallu lake,Outlet,13.044639,77.492806,2017-11-22,totalPhosphate,1.3,1.3,False,mg/l,empri-2018
97,BUBNYPdbk_kr2-97,Doddabidarakallu lake,Outlet,13.044639,77.492806,2017-11-22,tkn,66.0,66,False,mg/l,empri-2018
97,BUBNYPdbk_kr2-97,Doddabidarakallu lake,Outlet,13.044639,77.492806,2017-11-22,totalColiform,1600.0,>1600,False,MPN/100ml,empri-2018
109,BUBNYPgng_kr1-109,Ganigarahalli kere,,13.091528,77.511278,2017-11-22,waterTemperature,29.0,29,False,°C,empri-2018
109,BUBNYPgng_kr1-109,Ganigarahalli kere,,13.091528,77.511278,2017-11-22,lightTransparency,4.0,4,False,cm,empri-2018
109,BUBNYPgng_kr1-109,Ganigarahalli kere,,13.091528,77.511278,2017-11-22,ph,7.0,7.0,False,,empri-2018
109,BUBNYPgng_kr1-109,Ganigarahalli kere,,13.091528,77.511278,2017-11-22,conductivity,127.0,127,False,µS/cm,empri-2018
109,BUBNYPgng_kr1-109,Ganigarahalli kere,,13.091528,77.511278,2017-11-22,tds,110.0,110,False,mg/l,empri-2018
109,BUBNYPgng_kr1-109,Ganigarahalli kere,,13.091528,77.511278,2017-11-22,tss,261.0,261,False,mg/l,empri-2018
109,BUBNYPgng_kr1-109,Ganigarahalli kere,,13.091528,77.511278,2017-11-22,turbidity,210.0,210,False,NTU,empri-2018
109,BUBNYPgng_kr1-109,Ganigarahalli kere,,13.091528,77.511278,2017-11-22,dissolvedOxygen,6.6,6.6,False,mg/l,empri-2018
109,BUBNYPgng_kr1-109,Ganigarahalli kere,,13.091528,77.511278,2017-11-22,cod,48.0,48,False,mg/l,empri-2018
109,BUBNYPgng_kr1-109,Ganigarahalli kere,,13.091528,77.511278,2017-11-22,bod,13.9,13.9,False,mg/l,empri-2018
109,BUBNYPgng_kr1-109,Ganigarahalli kere,,13.091528,77.511278,2017-11-22,totalPhosphate,0.2,0.2,False,mg/l,empri-2018
109,BUBNYPgng_kr1-109,Ganigarahalli kere,,13.091528,77.511278,2017-11-22,tkn,10.0,10,False,mg/l,empri-2018
109,BUBNYPgng_kr1-109,Ganigarahalli kere,,13.091528,77.511278,2017-11-22,totalColiform,220.0,220,False,MPN/100ml,empri-2018
109,BUBNYPgng_kr1-109,Ganigarahalli kere,,13.091528,77.511278,2017-11-22,sewageInflow,,No Flow,False,cumecs,empri-2018
111,BUBNYPhad_kr1-111,Andhrahalli Lake,,13.011444,77.486861,2017-11-22,waterTemperature,24.0,24,False,°C,empri-2018
111,BUBNYPhad_kr1-111,Andhrahalli Lake,,13.011444,77.486861,2017-11-22,lightTransparency,18.0,18,False,cm,empri-2018
111,BUBNYPhad_kr1-111,Andhrahalli Lake,,13.011444,77.486861,2017-11-22,ph,7.6,7.6,False,,empri-2018
111,BUBNYPhad_kr1-111,Andhrahalli Lake,,13.011444,77.486861,2017-11-22,conductivity,556.0,556,False,µS/cm,empri-2018
111,BUBNYPhad_kr1-111,Andhrahalli Lake,,13.011444,77.486861,2017-11-22,tds,240.0,240,False,mg/l,empri-2018
111,BUBNYPhad_kr1-111,Andhrahalli Lake,,13.011444,77.486861,2017-11-22,tss,34.0,34,False,mg/l,empri-2018
111,BUBNYPhad_kr1-111,Andhrahalli Lake,,13.011444,77.486861,2017-11-22,turbidity,49.0,49,False,NTU,empri-2018
111,BUBNYPhad_kr1-111,Andhrahalli Lake,,13.011444,77.486861,2017-11-22,dissolvedOxygen,3.8,3.8,False,mg/l,empri-2018
111,BUBNYPhad_kr1-111,Andhrahalli Lake,,13.011444,77.486861,2017-11-22,cod,80.0,80,False,mg/l,empri-2018
111,BUBNYPhad_kr1-111,Andhrahalli Lake,,13.011444,77.486861,2017-11-22,bod,21.6,21.6,False,mg/l,empri-2018
111,BUBNYPhad_kr1-111,Andhrahalli Lake,,13.011444,77.486861,2017-11-22,totalPhosphate,1.6,1.6,False,mg/l,empri-2018
111,BUBNYPhad_kr1-111,Andhrahalli Lake,,13.011444,77.486861,2017-11-22,tkn,31.0,31,False,mg/l,empri-2018
111,BUBNYPhad_kr1-111,Andhrahalli Lake,,13.011444,77.486861,2017-11-22,totalColiform,220.0,220,False,MPN/100ml,empri-2018
111,BUBNYPhad_kr1-111,Andhrahalli Lake,,13.011444,77.486861,2017-11-22,sewageInflow,,No Flow,False,cumecs,empri-2018
114,BUBNYPher_kr1-114,Herohalli Lake,,12.990139,77.49075,2017-11-22,waterTemperature,30.0,30,False,°C,empri-2018
114,BUBNYPher_kr1-114,Herohalli Lake,,12.990139,77.49075,2017-11-22,lightTransparency,25.0,25,False,cm,empri-2018
114,BUBNYPher_kr1-114,Herohalli Lake,,12.990139,77.49075,2017-11-22,ph,7.1,7.1,False,,empri-2018
114,BUBNYPher_kr1-114,Herohalli Lake,,12.990139,77.49075,2017-11-22,conductivity,715.0,715,False,µS/cm,empri-2018
114,BUBNYPher_kr1-114,Herohalli Lake,,12.990139,77.49075,2017-11-22,tds,440.0,440,False,mg/l,empri-2018
114,BUBNYPher_kr1-114,Herohalli Lake,,12.990139,77.49075,2017-11-22,tss,40.0,40,False,mg/l,empri-2018
114,BUBNYPher_kr1-114,Herohalli Lake,,12.990139,77.49075,2017-11-22,turbidity,53.0,53,False,NTU,empri-2018
114,BUBNYPher_kr1-114,Herohalli Lake,,12.990139,77.49075,2017-11-22,dissolvedOxygen,4.0,4.0,False,mg/l,empri-2018
114,BUBNYPher_kr1-114,Herohalli Lake,,12.990139,77.49075,2017-11-22,cod,176.0,176,False,mg/l,empri-2018
114,BUBNYPher_kr1-114,Herohalli Lake,,12.990139,77.49075,2017-11-22,bod,16.0,16,False,mg/l,empri-2018
114,BUBNYPher_kr1-114,Herohalli Lake,,12.990139,77.49075,2017-11-22,totalPhosphate,0.9,0.9,False,mg/l,empri-2018
114,BUBNYPher_kr1-114,Herohalli Lake,,12.990139,77.49075,2017-11-22,tkn,10.0,10,False,mg/l,empri-2018
114,BUBNYPher_kr1-114,Herohalli Lake,,12.990139,77.49075,2017-11-22,totalColiform,1600.0,>1600,False,MPN/100ml,empri-2018
114,BUBNYPher_kr1-114,Herohalli Lake,,12.990139,77.49075,2017-11-22,sewageInflow,,No Flow,False,cumecs,empri-2018
117,BUBNYPher_kr4-117,Herohalli Thotadakere,,12.983083,77.491361,2017-11-22,waterTemperature,22.3,22.3,False,°C,empri-2018
117,BUBNYPher_kr4-117,Herohalli Thotadakere,,12.983083,77.491361,2017-11-22,lightTransparency,,UM,False,cm,empri-2018
117,BUBNYPher_kr4-117,Herohalli Thotadakere,,12.983083,77.491361,2017-11-22,ph,7.4,7.4,False,,empri-2018
117,BUBNYPher_kr4-117,Herohalli Thotadakere,,12.983083,77.491361,2017-11-22,conductivity,1742.0,1742,False,µS/cm,empri-2018
117,BUBNYPher_kr4-117,Herohalli Thotadakere,,12.983083,77.491361,2017-11-22,tds,1020.0,1020,False,mg/l,empri-2018
117,BUBNYPher_kr4-117,Herohalli Thotadakere,,12.983083,77.491361,2017-11-22,tss,320.0,320,False,mg/l,empri-2018
117,BUBNYPher_kr4-117,Herohalli Thotadakere,,12.983083,77.491361,2017-11-22,turbidity,97.5,97.5,False,NTU,empri-2018
117,BUBNYPher_kr4-117,Herohalli Thotadakere,,12.983083,77.491361,2017-11-22,dissolvedOxygen,0.2,0.2,False,mg/l,empri-2018
117,BUBNYPher_kr4-117,Herohalli Thotadakere,,12.983083,77.491361,2017-11-22,cod,176.0,176,False,mg/l,empri-2018
117,BUBNYPher_kr4-117,Herohalli Thotadakere,,12.983083,77.491361,2017-11-22,bod,42.2,42.2,False,mg/l,empri-2018
117,BUBNYPher_kr4-117,Herohalli Thotadakere,,12.983083,77.491361,2017-11-22,totalPhosphate,1.9,1.9,False,mg/l,empri-2018
117,BUBNYPher_kr4-117,Herohalli Thotadakere,,12.983083,77.491361,2017-11-22,tkn,87.0,87,False,mg/l,empri-2018
117,BUBNYPher_kr4-117,Herohalli Thotadakere,,12.983083,77.491361,2017-11-22,totalColiform,1600.0,>1600,False,MPN/100ml,empri-2018
117,BUBNYPher_kr4-117,Herohalli Thotadakere,,12.983083,77.491361,2017-11-22,sewageInflow,,UM,False,cumecs,empri-2018
129,BUBNYPkan_kr1-129,Kannalli kere,Inlet,12.968139,77.459778,2017-11-22,waterTemperature,25.2,25.2,False,°C,empri-2018
129,BUBNYPkan_kr1-129,Kannalli kere,Inlet,12.968139,77.459778,2017-11-22,lightTransparency,45.0,45,False,cm,empri-2018
129,BUBNYPkan_kr1-129,Kannalli kere,Inlet,12.968139,77.459778,2017-11-22,ph,8.1,8.1,False,,empri-2018
129,BUBNYPkan_kr1-129,Kannalli kere,Inlet,12.968139,77.459778,2017-11-22,conductivity,590.0,590,False,µS/cm,empri-2018
129,BUBNYPkan_kr1-129,Kannalli kere,Inlet,12.968139,77.459778,2017-11-22,tds,280.0,280,False,mg/l,empri-2018
129,BUBNYPkan_kr1-129,Kannalli kere,Inlet,12.968139,77.459778,2017-11-22,tss,24.0,24,False,mg/l,empri-2018
129,BUBNYPkan_kr1-129,Kannalli kere,Inlet,12.968139,77.459778,2017-11-22,turbidity,6.8,6.8,False,NTU,empri-2018
129,BUBNYPkan_kr1-129,Kannalli kere,Inlet,12.968139,77.459778,2017-11-22,dissolvedOxygen,6.2,6.2,False,mg/l,empri-2018
129,BUBNYPkan_kr1-129,Kannalli kere,Inlet,12.968139,77.459778,2017-11-22,cod,24.0,24,False,mg/l,empri-2018
129,BUBNYPkan_kr1-129,Kannalli kere,Inlet,12.968139,77.459778,2017-11-22,bod,3.3,3.3,False,mg/l,empri-2018
129,BUBNYPkan_kr1-129,Kannalli kere,Inlet,12.968139,77.459778,2017-11-22,totalPhosphate,2.0,2.0,False,mg/l,empri-2018
129,BUBNYPkan_kr1-129,Kannalli kere,Inlet,12.968139,77.459778,2017-11-22,tkn,7.0,7,False,mg/l,empri-2018
129,BUBNYPkan_kr1-129,Kannalli kere,Inlet,12.968139,77.459778,2017-11-22,totalColiform,1600.0,>1600,False,MPN/100ml,empri-2018
129,BUBNYPkan_kr1-129,Kannalli kere,Inlet,12.968139,77.459778,2017-11-22,sewageInflow,,No Flow,False,cumecs,empri-2018
153,BUBNYPkdg_kr3-153,Kodigehalli kere,Inlet,12.977889,77.468194,2017-11-22,waterTemperature,24.2,24.2,False,°C,empri-2018
153,BUBNYPkdg_kr3-153,Kodigehalli kere,Inlet,12.977889,77.468194,2017-11-22,lightTransparency,29.0,29,False,cm,empri-2018
153,BUBNYPkdg_kr3-153,Kodigehalli kere,Inlet,12.977889,77.468194,2017-11-22,ph,8.6,8.6,False,,empri-2018
153,BUBNYPkdg_kr3-153,Kodigehalli kere,Inlet,12.977889,77.468194,2017-11-22,conductivity,554.0,554,False,µS/cm,empri-2018
153,BUBNYPkdg_kr3-153,Kodigehalli kere,Inlet,12.977889,77.468194,2017-11-22,tds,322.0,322,False,mg/l,empri-2018
153,BUBNYPkdg_kr3-153,Kodigehalli kere,Inlet,12.977889,77.468194,2017-11-22,tss,21.6,21.6,False,mg/l,empri-2018
153,BUBNYPkdg_kr3-153,Kodigehalli kere,Inlet,12.977889,77.468194,2017-11-22,turbidity,9.6,9.6,False,NTU,empri-2018
153,BUBNYPkdg_kr3-153,Kodigehalli kere,Inlet,12.977889,77.468194,2017-11-22,dissolvedOxygen,5.2,5.2,False,mg/l,empri-2018
153,BUBNYPkdg_kr3-153,Kodigehalli kere,Inlet,12.977889,77.468194,2017-11-22,cod,21.6,21.6,False,mg/l,empri-2018
153,BUBNYPkdg_kr3-153,Kodigehalli kere,Inlet,12.977889,77.468194,2017-11-22,bod,3.6,3.6,False,mg/l,empri-2018
153,BUBNYPkdg_kr3-153,Kodigehalli kere,Inlet,12.977889,77.468194,2017-11-22,totalPhosphate,0.7,0.7,False,mg/l,empri-2018
153,BUBNYPkdg_kr3-153,Kodigehalli kere,Inlet,12.977889,77.468194,2017-11-22,tkn,7.0,7,False,mg/l,empri-2018
153,BUBNYPkdg_kr3-153,Kodigehalli kere,Inlet,12.977889,77.468194,2017-11-22,totalColiform,1600.0,>1600,False,MPN/100ml,empri-2018
153,BUBNYPkdg_kr3-153,Kodigehalli kere,Inlet,12.977889,77.468194,2017-11-22,sewageInflow,,UM,False,cumecs,empri-2018
166,BUBNYPlkp_kr2-166,Lakshmipura kere,,13.085389,77.530472,2017-11-22,waterTemperature,27.6,27.6,False,°C,empri-2018
166,BUBNYPlkp_kr2-166,Lakshmipura kere,,13.085389,77.530472,2017-11-22,lightTransparency,,UM,False,cm,empri-2018
166,BUBNYPlkp_kr2-166,Lakshmipura kere,,13.085389,77.530472,2017-11-22,ph,7.0,7.0,False,,empri-2018
166,BUBNYPlkp_kr2-166,Lakshmipura kere,,13.085389,77.530472,2017-11-22,conductivity,292.0,292,False,µS/cm,empri-2018
166,BUBNYPlkp_kr2-166,Lakshmipura kere,,13.085389,77.530472,2017-11-22,tds,170.0,170,False,mg/l,empri-2018
166,BUBNYPlkp_kr2-166,Lakshmipura kere,,13.085389,77.530472,2017-11-22,tss,25.0,25,False,mg/l,empri-2018
166,BUBNYPlkp_kr2-166,Lakshmipura kere,,13.085389,77.530472,2017-11-22,turbidity,7.8,7.8,False,NTU,empri-2018
166,BUBNYPlkp_kr2-166,Lakshmipura kere,,13.085389,77.530472,2017-11-22,dissolvedOxygen,1.8,1.8,False,mg/l,empri-2018
166,BUBNYPlkp_kr2-166,Lakshmipura kere,,13.085389,77.530472,2017-11-22,cod,32.0,32,False,mg/l,empri-2018
166,BUBNYPlkp_kr2-166,Lakshmipura kere,,13.085389,77.530472,2017-11-22,bod,7.7,7.7,False,mg/l,empri-2018
166,BUBNYPlkp_kr2-166,Lakshmipura kere,,13.085389,77.530472,2017-11-22,totalPhosphate,0.1,0.1,False,mg/l,empri-2018
166,BUBNYPlkp_kr2-166,Lakshmipura kere,,13.085389,77.530472,2017-11-22,tkn,10.0,10,False,mg/l,empri-2018
166,BUBNYPlkp_kr2-166,Lakshmipura kere,,13.085389,77.530472,2017-11-22,totalColiform,1600.0,>1600,False,MPN/100ml,empri-2018
166,BUBNYPlkp_kr2-166,Lakshmipura kere,,13.085389,77.530472,2017-11-22,sewageInflow,,No Flow,False,cumecs,empri-2018
173,BUBNYPmls_kr1-173,Mallasandra Lake-1,,13.056667,77.519639,2017-11-22,waterTemperature,24.3,24.3,False,°C,empri-2018
173,BUBNYPmls_kr1-173,Mallasandra Lake-1,,13.056667,77.519639,2017-11-22,lightTransparency,,UM,False,cm,empri-2018
173,BUBNYPmls_kr1-173,Mallasandra Lake-1,,13.056667,77.519639,2017-11-22,ph,7.0,7,False,,empri-2018
173,BUBNYPmls_kr1-173,Mallasandra Lake-1,,13.056667,77.519639,2017-11-22,conductivity,1602.0,1602,False,µS/cm,empri-2018
173,BUBNYPmls_kr1-173,Mallasandra Lake-1,,13.056667,77.519639,2017-11-22,tds,680.0,680,False,mg/l,empri-2018
173,BUBNYPmls_kr1-173,Mallasandra Lake-1,,13.056667,77.519639,2017-11-22,tss,85.0,85,False,mg/l,empri-2018
173,BUBNYPmls_kr1-173,Mallasandra Lake-1,,13.056667,77.519639,2017-11-22,turbidity,567.5,567.5,False,NTU,empri-2018
173,BUBNYPmls_kr1-173,Mallasandra Lake-1,,13.056667,77.519639,2017-11-22,dissolvedOxygen,0.2,0.2,False,mg/l,empri-2018
173,BUBNYPmls_kr1-173,Mallasandra Lake-1,,13.056667,77.519639,2017-11-22,cod,194.0,194,False,mg/l,empri-2018
173,BUBNYPmls_kr1-173,Mallasandra Lake-1,,13.056667,77.519639,2017-11-22,bod,46.6,46.6,False,mg/l,empri-2018
173,BUBNYPmls_kr1-173,Mallasandra Lake-1,,13.056667,77.519639,2017-11-22,totalPhosphate,0.9,0.9,False,mg/l,empri-2018
173,BUBNYPmls_kr1-173,Mallasandra Lake-1,,13.056667,77.519639,2017-11-22,tkn,87.0,87,False,mg/l,empri-2018
173,BUBNYPmls_kr1-173,Mallasandra Lake-1,,13.056667,77.519639,2017-11-22,totalColiform,34.0,34,False,MPN/100ml,empri-2018
173,BUBNYPmls_kr1-173,Mallasandra Lake-1,,13.056667,77.519639,2017-11-22,sewageInflow,,No Flow,False,cumecs,empri-2018
185,BUBNYPmlt_kr7-185,Mallathahalli Lake,Inlet,12.966972,77.493139,2017-11-22,waterTemperature,24.4,24.4,False,°C,empri-2018
185,BUBNYPmlt_kr7-185,Mallathahalli Lake,Inlet,12.966972,77.493139,2017-11-22,lightTransparency,,UM,False,cm,empri-2018
185,BUBNYPmlt_kr7-185,Mallathahalli Lake,Inlet,12.966972,77.493139,2017-11-22,ph,7.5,7.5,False,,empri-2018
185,BUBNYPmlt_kr7-185,Mallathahalli Lake,Inlet,12.966972,77.493139,2017-11-22,conductivity,986.0,986,False,µS/cm,empri-2018
185,BUBNYPmlt_kr7-185,Mallathahalli Lake,Inlet,12.966972,77.493139,2017-11-22,tds,1096.0,1096,False,mg/l,empri-2018
185,BUBNYPmlt_kr7-185,Mallathahalli Lake,Inlet,12.966972,77.493139,2017-11-22,tss,18.0,18,False,mg/l,empri-2018
185,BUBNYPmlt_kr7-185,Mallathahalli Lake,Inlet,12.966972,77.493139,2017-11-22,turbidity,12.0,12,False,NTU,empri-2018
185,BUBNYPmlt_kr7-185,Mallathahalli Lake,Inlet,12.966972,77.493139,2017-11-22,dissolvedOxygen,4.1,4.1,False,mg/l,empri-2018
185,BUBNYPmlt_kr7-185,Mallathahalli Lake,Inlet,12.966972,77.493139,2017-11-22,cod,160.0,160,False,mg/l,empri-2018
185,BUBNYPmlt_kr7-185,Mallathahalli Lake,Inlet,12.966972,77.493139,2017-11-22,bod,21.6,21.6,False,mg/l,empri-2018
185,BUBNYPmlt_kr7-185,Mallathahalli Lake,Inlet,12.966972,77.493139,2017-11-22,totalPhosphate,4.0,4,False,mg/l,empri-2018
185,BUBNYPmlt_kr7-185,Mallathahalli Lake,Inlet,12.966972,77.493139,2017-11-22,tkn,22.0,22,False,mg/l,empri-2018
185,BUBNYPmlt_kr7-185,Mallathahalli Lake,Inlet,12.966972,77.493139,2017-11-22,totalColiform,1600.0,>1600,False,MPN/100ml,empri-2018
185,BUBNYPmlt_kr7-185,Mallathahalli Lake,Inlet,12.966972,77.493139,2017-11-22,sewageInflow,,UM,False,cumecs,empri-2018
186,BUBNYPmng_kr1-186,Haranakatte,,12.958056,77.47275,2017-11-22,waterTemperature,24.4,24.4,False,°C,empri-2018
186,BUBNYPmng_kr1-186,Haranakatte,,12.958056,77.47275,2017-11-22,lightTransparency,9.0,9,False,cm,empri-2018
186,BUBNYPmng_kr1-186,Haranakatte,,12.958056,77.47275,2017-11-22,ph,8.7,8.7,False,,empri-2018
186,BUBNYPmng_kr1-186,Haranakatte,,12.958056,77.47275,2017-11-22,conductivity,1180.0,1180,False,µS/cm,empri-2018
186,BUBNYPmng_kr1-186,Haranakatte,,12.958056,77.47275,2017-11-22,tds,590.0,590,False,mg/l,empri-2018
186,BUBNYPmng_kr1-186,Haranakatte,,12.958056,77.47275,2017-11-22,tss,89.2,89.2,False,mg/l,empri-2018
186,BUBNYPmng_kr1-186,Haranakatte,,12.958056,77.47275,2017-11-22,turbidity,1.0,1,False,NTU,empri-2018
186,BUBNYPmng_kr1-186,Haranakatte,,12.958056,77.47275,2017-11-22,dissolvedOxygen,1.6,1.6,False,mg/l,empri-2018
186,BUBNYPmng_kr1-186,Haranakatte,,12.958056,77.47275,2017-11-22,cod,28.9,28.9,False,mg/l,empri-2018
186,BUBNYPmng_kr1-186,Haranakatte,,12.958056,77.47275,2017-11-22,bod,4.2,4.2,False,mg/l,empri-2018
186,BUBNYPmng_kr1-186,Haranakatte,,12.958056,77.47275,2017-11-22,totalPhosphate,2.0,2,False,mg/l,empri-2018
186,BUBNYPmng_kr1-186,Haranakatte,,12.958056,77.47275,2017-11-22,tkn,7.0,7,False,mg/l,empri-2018
186,BUBNYPmng_kr1-186,Haranakatte,,12.958056,77.47275,2017-11-22,totalColiform,220.0,220,False,MPN/100ml,empri-2018
186,BUBNYPmng_kr1-186,Haranakatte,,12.958056,77.47275,2017-11-22,sewageInflow,,No Flow,False,cumecs,empri-2018
187,BUBNYPmng_kr2-187,Badakukere,Outlet,12.957389,77.469667,2017-11-22,waterTemperature,17.3,17.3,False,°C,empri-2018
187,BUBNYPmng_kr2-187,Badakukere,Outlet,12.957389,77.469667,2017-11-22,lightTransparency,9.0,9,False,cm,empri-2018
187,BUBNYPmng_kr2-187,Badakukere,Outlet,12.957389,77.469667,2017-11-22,ph,8.5,8.5,False,,empri-2018
187,BUBNYPmng_kr2-187,Badakukere,Outlet,12.957389,77.469667,2017-11-22,conductivity,1322.0,1322,False,µS/cm,empri-2018
187,BUBNYPmng_kr2-187,Badakukere,Outlet,12.957389,77.469667,2017-11-22,tds,520.0,520,False,mg/l,empri-2018
187,BUBNYPmng_kr2-187,Badakukere,Outlet,12.957389,77.469667,2017-11-22,tss,62.0,62,False,mg/l,empri-2018
187,BUBNYPmng_kr2-187,Badakukere,Outlet,12.957389,77.469667,2017-11-22,turbidity,480.0,480,False,NTU,empri-2018
187,BUBNYPmng_kr2-187,Badakukere,Outlet,12.957389,77.469667,2017-11-22,dissolvedOxygen,0.2,0.2,False,mg/l,empri-2018
187,BUBNYPmng_kr2-187,Badakukere,Outlet,12.957389,77.469667,2017-11-22,cod,148.0,148,False,mg/l,empri-2018
187,BUBNYPmng_kr2-187,Badakukere,Outlet,12.957389,77.469667,2017-11-22,bod,34.8,34.8,False,mg/l,empri-2018
187,BUBNYPmng_kr2-187,Badakukere,Outlet,12.957389,77.469667,2017-11-22,totalPhosphate,0.8,0.8,False,mg/l,empri-2018
187,BUBNYPmng_kr2-187,Badakukere,Outlet,12.957389,77.469667,2017-11-22,tkn,28.0,28,False,mg/l,empri-2018
187,BUBNYPmng_kr2-187,Badakukere,Outlet,12.957389,77.469667,2017-11-22,totalColiform,1600.0,>1600,False,MPN/100ml,empri-2018
187,BUBNYPmng_kr2-187,Badakukere,Outlet,12.957389,77.469667,2017-11-22,sewageInflow,,No Flow,False,cumecs,empri-2018
191,BUBNYPngb_kr4-191,Nagarabhavi Kere,,12.964583,77.508722,2017-11-22,waterTemperature,23.2,23.2,False,°C,empri-2018
191,BUBNYPngb_kr4-191,Nagarabhavi Kere,,12.964583,77.508722,2017-11-22,lightTransparency,7.0,7,False,cm,empri-2018
191,BUBNYPngb_kr4-191,Nagarabhavi Kere,,12.964583,77.508722,2017-11-22,ph,7.3,7.3,False,,empri-2018
191,BUBNYPngb_kr4-191,Nagarabhavi Kere,,12.964583,77.508722,2017-11-22,conductivity,1292.0,1292,False,µS/cm,empri-2018
191,BUBNYPngb_kr4-191,Nagarabhavi Kere,,12.964583,77.508722,2017-11-22,tds,826.0,826,False,mg/l,empri-2018
191,BUBNYPngb_kr4-191,Nagarabhavi Kere,,12.964583,77.508722,2017-11-22,tss,29.0,29,False,mg/l,empri-2018
191,BUBNYPngb_kr4-191,Nagarabhavi Kere,,12.964583,77.508722,2017-11-22,turbidity,84.0,84,False,NTU,empri-2018
191,BUBNYPngb_kr4-191,Nagarabhavi Kere,,12.964583,77.508722,2017-11-22,dissolvedOxygen,0.2,0.2,False,mg/l,empri-2018
191,BUBNYPngb_kr4-191,Nagarabhavi Kere,,12.964583,77.508722,2017-11-22,cod,64.0,64,False,mg/l,empri-2018
191,BUBNYPngb_kr4-191,Nagarabhavi Kere,,12.964583,77.508722,2017-11-22,bod,15.4,15.4,False,mg/l,empri-2018
191,BUBNYPngb_kr4-191,Nagarabhavi Kere,,12.964583,77.508722,2017-11-22,totalPhosphate,1.4,1.4,False,mg/l,empri-2018
191,BUBNYPngb_kr4-191,Nagarabhavi Kere,,12.964583,77.508722,2017-11-22,tkn,59.0,59,False,mg/l,empri-2018
191,BUBNYPngb_kr4-191,Nagarabhavi Kere,,12.964583,77.508722,2017-11-22,totalColiform,1600.0,>1600,False,MPN/100ml,empri-2018
191,BUBNYPngb_kr4-191,Nagarabhavi Kere,,12.964583,77.508722,2017-11-22,sewageInflow,,No Flow,False,cumecs,empri-2018
194,BUBNYPnlk_kr2-194,Nelagadiranahalli Lake,Outlet,13.026917,77.503722,2017-11-22,waterTemperature,23.4,23.4,False,°C,empri-2018
194,BUBNYPnlk_kr2-194,Nelagadiranahalli Lake,Outlet,13.026917,77.503722,2017-11-22,lightTransparency,12.0,12,False,cm,empri-2018
194,BUBNYPnlk_kr2-194,Nelagadiranahalli Lake,Outlet,13.026917,77.503722,2017-11-22,ph,7.5,7.5,False,,empri-2018
194,BUBNYPnlk_kr2-194,Nelagadiranahalli Lake,Outlet,13.026917,77.503722,2017-11-22,conductivity,1256.0,1256,False,µS/cm,empri-2018
194,BUBNYPnlk_kr2-194,Nelagadiranahalli Lake,Outlet,13.026917,77.503722,2017-11-22,tds,620.0,620,False,mg/l,empri-2018
194,BUBNYPnlk_kr2-194,Nelagadiranahalli Lake,Outlet,13.026917,77.503722,2017-11-22,tss,26.0,26,False,mg/l,empri-2018
194,BUBNYPnlk_kr2-194,Nelagadiranahalli Lake,Outlet,13.026917,77.503722,2017-11-22,turbidity,115.0,115,False,NTU,empri-2018
194,BUBNYPnlk_kr2-194,Nelagadiranahalli Lake,Outlet,13.026917,77.503722,2017-11-22,dissolvedOxygen,3.2,3.2,False,mg/l,empri-2018
194,BUBNYPnlk_kr2-194,Nelagadiranahalli Lake,Outlet,13.026917,77.503722,2017-11-22,cod,139.0,139,False,mg/l,empri-2018
194,BUBNYPnlk_kr2-194,Nelagadiranahalli Lake,Outlet,13.026917,77.503722,2017-11-22,bod,20.4,20.4,False,mg/l,empri-2018
194,BUBNYPnlk_kr2-194,Nelagadiranahalli Lake,Outlet,13.026917,77.503722,2017-11-22,totalPhosphate,2.0,2,False,mg/l,empri-2018
194,BUBNYPnlk_kr2-194,Nelagadiranahalli Lake,Outlet,13.026917,77.503722,2017-11-22,tkn,27.0,27,False,mg/l,empri-2018
194,BUBNYPnlk_kr2-194,Nelagadiranahalli Lake,Outlet,13.026917,77.503722,2017-11-22,totalColiform,1600.0,>1600,False,MPN/100ml,empri-2018
194,BUBNYPnlk_kr2-194,Nelagadiranahalli Lake,Outlet,13.026917,77.503722,2017-11-22,sewageInflow,,UM,False,cumecs,empri-2018
195,BUBNYPnlk_kr3-195,Nelagadiranahalli Hosakere,Inlet,13.023361,77.509,2017-11-22,waterTemperature,23.8,23.8,False,°C,empri-2018
195,BUBNYPnlk_kr3-195,Nelagadiranahalli Hosakere,Inlet,13.023361,77.509,2017-11-22,lightTransparency,3.0,3,False,cm,empri-2018
195,BUBNYPnlk_kr3-195,Nelagadiranahalli Hosakere,Inlet,13.023361,77.509,2017-11-22,ph,7.7,7.7,False,,empri-2018
195,BUBNYPnlk_kr3-195,Nelagadiranahalli Hosakere,Inlet,13.023361,77.509,2017-11-22,conductivity,1692.0,1692,False,µS/cm,empri-2018
195,BUBNYPnlk_kr3-195,Nelagadiranahalli Hosakere,Inlet,13.023361,77.509,2017-11-22,tds,980.0,980,False,mg/l,empri-2018
195,BUBNYPnlk_kr3-195,Nelagadiranahalli Hosakere,Inlet,13.023361,77.509,2017-11-22,tss,68.0,68,False,mg/l,empri-2018
195,BUBNYPnlk_kr3-195,Nelagadiranahalli Hosakere,Inlet,13.023361,77.509,2017-11-22,turbidity,380.0,380,False,NTU,empri-2018
195,BUBNYPnlk_kr3-195,Nelagadiranahalli Hosakere,Inlet,13.023361,77.509,2017-11-22,dissolvedOxygen,2.1,2.1,False,mg/l,empri-2018
195,BUBNYPnlk_kr3-195,Nelagadiranahalli Hosakere,Inlet,13.023361,77.509,2017-11-22,cod,144.0,144,False,mg/l,empri-2018
195,BUBNYPnlk_kr3-195,Nelagadiranahalli Hosakere,Inlet,13.023361,77.509,2017-11-22,bod,16.1,16.1,False,mg/l,empri-2018
195,BUBNYPnlk_kr3-195,Nelagadiranahalli Hosakere,Inlet,13.023361,77.509,2017-11-22,totalPhosphate,2.0,2,False,mg/l,empri-2018
195,BUBNYPnlk_kr3-195,Nelagadiranahalli Hosakere,Inlet,13.023361,77.509,2017-11-22,tkn,25.0,25,False,mg/l,empri-2018
195,BUBNYPnlk_kr3-195,Nelagadiranahalli Hosakere,Inlet,13.023361,77.509,2017-11-22,totalColiform,1600.0,>1600,False,MPN/100ml,empri-2018
195,BUBNYPnlk_kr3-195,Nelagadiranahalli Hosakere,Inlet,13.023361,77.509,2017-11-22,sewageInflow,,UM,False,cumecs,empri-2018
196,BUBNYPnlk_kr4-196,Narasahalli Lake,Inlet,13.024806,77.49875,2017-11-22,waterTemperature,23.2,23.2,False,°C,empri-2018
196,BUBNYPnlk_kr4-196,Narasahalli Lake,Inlet,13.024806,77.49875,2017-11-22,lightTransparency,24.0,24,False,cm,empri-2018
196,BUBNYPnlk_kr4-196,Narasahalli Lake,Inlet,13.024806,77.49875,2017-11-22,ph,6.6,6.6,False,,empri-2018
196,BUBNYPnlk_kr4-196,Narasahalli Lake,Inlet,13.024806,77.49875,2017-11-22,conductivity,1901.0,1901,False,µS/cm,empri-2018
196,BUBNYPnlk_kr4-196,Narasahalli Lake,Inlet,13.024806,77.49875,2017-11-22,tds,8.5,8.5,False,mg/l,empri-2018
196,BUBNYPnlk_kr4-196,Narasahalli Lake,Inlet,13.024806,77.49875,2017-11-22,tss,60.0,60,False,mg/l,empri-2018
196,BUBNYPnlk_kr4-196,Narasahalli Lake,Inlet,13.024806,77.49875,2017-11-22,turbidity,277.0,277,False,NTU,empri-2018
196,BUBNYPnlk_kr4-196,Narasahalli Lake,Inlet,13.024806,77.49875,2017-11-22,dissolvedOxygen,3.1,3.1,False,mg/l,empri-2018
196,BUBNYPnlk_kr4-196,Narasahalli Lake,Inlet,13.024806,77.49875,2017-11-22,cod,84.0,84,False,mg/l,empri-2018
196,BUBNYPnlk_kr4-196,Narasahalli Lake,Inlet,13.024806,77.49875,2017-11-22,bod,18.0,18,False,mg/l,empri-2018
196,BUBNYPnlk_kr4-196,Narasahalli Lake,Inlet,13.024806,77.49875,2017-11-22,totalPhosphate,2.0,2,False,mg/l,empri-2018
196,BUBNYPnlk_kr4-196,Narasahalli Lake,Inlet,13.024806,77.49875,2017-11-22,tkn,28.0,28,False,mg/l,empri-2018
196,BUBNYPnlk_kr4-196,Narasahalli Lake,Inlet,13.024806,77.49875,2017-11-22,totalColiform,1600.0,>1600,False,MPN/100ml,empri-2018
196,BUBNYPnlk_kr4-196,Narasahalli Lake,Inlet,13.024806,77.49875,2017-11-22,sewageInflow,,UM,False,cumecs,empri-2018
215,BUBNYPseg_kr1-215,Seegehalli kere,Inlet,12.978139,77.449861,2017-11-22,waterTemperature,23.0,23.0,False,°C,empri-2018
215,BUBNYPseg_kr1-215,Seegehalli kere,Inlet,12.978139,77.449861,2017-11-22,lightTransparency,,UM,False,cm,empri-2018
215,BUBNYPseg_kr1-215,Seegehalli kere,Inlet,12.978139,77.449861,2017-11-22,ph,8.3,8.3,False,,empri-2018
215,BUBNYPseg_kr1-215,Seegehalli kere,Inlet,12.978139,77.449861,2017-11-22,conductivity,240.0,240,False,µS/cm,empri-2018
215,BUBNYPseg_kr1-215,Seegehalli kere,Inlet,12.978139,77.449861,2017-11-22,tds,160.0,160,False,mg/l,empri-2018
215,BUBNYPseg_kr1-215,Seegehalli kere,Inlet,12.978139,77.449861,2017-11-22,tss,18.4,18.4,False,mg/l,empri-2018
215,BUBNYPseg_kr1-215,Seegehalli kere,Inlet,12.978139,77.449861,2017-11-22,turbidity,9.4,9.4,False,NTU,empri-2018
215,BUBNYPseg_kr1-215,Seegehalli kere,Inlet,12.978139,77.449861,2017-11-22,dissolvedOxygen,4.8,4.8,False,mg/l,empri-2018
215,BUBNYPseg_kr1-215,Seegehalli kere,Inlet,12.978139,77.449861,2017-11-22,cod,12.4,12.4,False,mg/l,empri-2018
215,BUBNYPseg_kr1-215,Seegehalli kere,Inlet,12.978139,77.449861,2017-11-22,bod,3.6,3.6,False,mg/l,empri-2018
215,BUBNYPseg_kr1-215,Seegehalli kere,Inlet,12.978139,77.449861,2017-11-22,totalPhosphate,1.0,1,False,mg/l,empri-2018
215,BUBNYPseg_kr1-215,Seegehalli kere,Inlet,12.978139,77.449861,2017-11-22,tkn,7.0,7,False,mg/l,empri-2018
215,BUBNYPseg_kr1-215,Seegehalli kere,Inlet,12.978139,77.449861,2017-11-22,totalColiform,220.0,220,False,MPN/100ml,empri-2018
215,BUBNYPseg_kr1-215,Seegehalli kere,Inlet,12.978139,77.449861,2017-11-22,sewageInflow,,No Flow,False,cumecs,empri-2018
232,BUBNYPulu_kr3-232,Ullalu lake-2,Inlet,12.961944,77.479833,2017-11-22,waterTemperature,24.8,24.8,False,°C,empri-2018
232,BUBNYPulu_kr3-232,Ullalu lake-2,Inlet,12.961944,77.479833,2017-11-22,lightTransparency,6.0,6,False,cm,empri-2018
232,BUBNYPulu_kr3-232,Ullalu lake-2,Inlet,12.961944,77.479833,2017-11-22,ph,8.2,8.2,False,,empri-2018
232,BUBNYPulu_kr3-232,Ullalu lake-2,Inlet,12.961944,77.479833,2017-11-22,conductivity,290.0,290,False,µS/cm,empri-2018
232,BUBNYPulu_kr3-232,Ullalu lake-2,Inlet,12.961944,77.479833,2017-11-22,tds,140.0,140,False,mg/l,empri-2018
232,BUBNYPulu_kr3-232,Ullalu lake-2,Inlet,12.961944,77.479833,2017-11-22,tss,36.0,36,False,mg/l,empri-2018
232,BUBNYPulu_kr3-232,Ullalu lake-2,Inlet,12.961944,77.479833,2017-11-22,turbidity,21.1,21.1,False,NTU,empri-2018
232,BUBNYPulu_kr3-232,Ullalu lake-2,Inlet,12.961944,77.479833,2017-11-22,dissolvedOxygen,6.0,6.0,False,mg/l,empri-2018
232,BUBNYPulu_kr3-232,Ullalu lake-2,Inlet,12.961944,77.479833,2017-11-22,cod,19.6,19.6,False,mg/l,empri-2018
232,BUBNYPulu_kr3-232,Ullalu lake-2,Inlet,12.961944,77.479833,2017-11-22,bod,4.1,4.1,False,mg/l,empri-2018
232,BUBNYPulu_kr3-232,Ullalu lake-2,Inlet,12.961944,77.479833,2017-11-22,totalPhosphate,2.0,2,False,mg/l,empri-2018
232,BUBNYPulu_kr3-232,Ullalu lake-2,Inlet,12.961944,77.479833,2017-11-22,tkn,7.0,7,False,mg/l,empri-2018
232,BUBNYPulu_kr3-232,Ullalu lake-2,Inlet,12.961944,77.479833,2017-11-22,totalColiform,550.0,550,False,MPN/100ml,empri-2018
232,BUBNYPulu_kr3-232,Ullalu lake-2,Inlet,12.961944,77.479833,2017-11-22,sewageInflow,,UM,False,cumecs,empri-2018
235,BUBNYHagh_kr1-235,Agrahara Lake,,13.090222,77.625056,2017-11-15,waterTemperature,29.7,29.7,False,°C,empri-2018
235,BUBNYHagh_kr1-235,Agrahara Lake,,13.090222,77.625056,2017-11-15,lightTransparency,20.0,20,False,cm,empri-2018
235,BUBNYHagh_kr1-235,Agrahara Lake,,13.090222,77.625056,2017-11-15,ph,7.8,7.8,False,,empri-2018
235,BUBNYHagh_kr1-235,Agrahara Lake,,13.090222,77.625056,2017-11-15,conductivity,899.0,899,False,µS/cm,empri-2018
235,BUBNYHagh_kr1-235,Agrahara Lake,,13.090222,77.625056,2017-11-15,tds,580.0,580,False,mg/l,empri-2018
235,BUBNYHagh_kr1-235,Agrahara Lake,,13.090222,77.625056,2017-11-15,tss,70.0,70,False,mg/l,empri-2018
235,BUBNYHagh_kr1-235,Agrahara Lake,,13.090222,77.625056,2017-11-15,turbidity,12.8,12.8,False,NTU,empri-2018
235,BUBNYHagh_kr1-235,Agrahara Lake,,13.090222,77.625056,2017-11-15,dissolvedOxygen,5.2,5.2,False,mg/l,empri-2018
235,BUBNYHagh_kr1-235,Agrahara Lake,,13.090222,77.625056,2017-11-15,cod,240.0,240,False,mg/l,empri-2018
235,BUBNYHagh_kr1-235,Agrahara Lake,,13.090222,77.625056,2017-11-15,bod,7.7,7.7,False,mg/l,empri-2018
235,BUBNYHagh_kr1-235,Agrahara Lake,,13.090222,77.625056,2017-11-15,totalPhosphate,0.6,0.6,False,mg/l,empri-2018
235,BUBNYHagh_kr1-235,Agrahara Lake,,13.090222,77.625056,2017-11-15,tkn,14.0,14,False,mg/l,empri-2018
235,BUBNYHagh_kr1-235,Agrahara Lake,,13.090222,77.625056,2017-11-15,totalColiform,1600.0,>1600,False,MPN/100ml,empri-2018
235,BUBNYHagh_kr1-235,Agrahara Lake,,13.090222,77.625056,2017-11-15,sewageInflow,,No Flow,False,cumecs,empri-2018
236,BUBNYHals_kr1-236,Allasandra Lake,Inlet,13.092139,77.586444,2017-11-15,waterTemperature,23.4,23.4,False,°C,empri-2018
236,BUBNYHals_kr1-236,Allasandra Lake,Inlet,13.092139,77.586444,2017-11-15,lightTransparency,3.0,3,False,cm,empri-2018
236,BUBNYHals_kr1-236,Allasandra Lake,Inlet,13.092139,77.586444,2017-11-15,ph,8.5,8.5,False,,empri-2018
236,BUBNYHals_kr1-236,Allasandra Lake,Inlet,13.092139,77.586444,2017-11-15,conductivity,844.0,844,False,µS/cm,empri-2018
236,BUBNYHals_kr1-236,Allasandra Lake,Inlet,13.092139,77.586444,2017-11-15,tds,520.0,520,False,mg/l,empri-2018
236,BUBNYHals_kr1-236,Allasandra Lake,Inlet,13.092139,77.586444,2017-11-15,tss,26.0,26,False,mg/l,empri-2018
236,BUBNYHals_kr1-236,Allasandra Lake,Inlet,13.092139,77.586444,2017-11-15,turbidity,32.0,32,False,NTU,empri-2018
236,BUBNYHals_kr1-236,Allasandra Lake,Inlet,13.092139,77.586444,2017-11-15,dissolvedOxygen,5.6,5.6,False,mg/l,empri-2018
236,BUBNYHals_kr1-236,Allasandra Lake,Inlet,13.092139,77.586444,2017-11-15,cod,81.0,81,False,mg/l,empri-2018
236,BUBNYHals_kr1-236,Allasandra Lake,Inlet,13.092139,77.586444,2017-11-15,bod,3.1,3.1,False,mg/l,empri-2018
236,BUBNYHals_kr1-236,Allasandra Lake,Inlet,13.092139,77.586444,2017-11-15,totalPhosphate,1.0,1,False,mg/l,empri-2018
236,BUBNYHals_kr1-236,Allasandra Lake,Inlet,13.092139,77.586444,2017-11-15,tkn,7.0,7,False,mg/l,empri-2018
236,BUBNYHals_kr1-236,Allasandra Lake,Inlet,13.092139,77.586444,2017-11-15,totalColiform,600.0,600,False,MPN/100ml,empri-2018
236,BUBNYHals_kr1-236,Allasandra Lake,Inlet,13.092139,77.586444,2017-11-15,sewageInflow,,No Flow,False,cumecs,empri-2018
238,BUBNYHamt_kr2-238,Amruthahalli Lake,,13.061611,77.599111,2017-11-15,waterTemperature,27.1,27.1,False,°C,empri-2018
238,BUBNYHamt_kr2-238,Amruthahalli Lake,,13.061611,77.599111,2017-11-15,lightTransparency,12.0,12,False,cm,empri-2018
238,BUBNYHamt_kr2-238,Amruthahalli Lake,,13.061611,77.599111,2017-11-15,ph,6.7,6.7,False,,empri-2018
238,BUBNYHamt_kr2-238,Amruthahalli Lake,,13.061611,77.599111,2017-11-15,conductivity,535.0,535,False,µS/cm,empri-2018
238,BUBNYHamt_kr2-238,Amruthahalli Lake,,13.061611,77.599111,2017-11-15,tds,340.0,340,False,mg/l,empri-2018
238,BUBNYHamt_kr2-238,Amruthahalli Lake,,13.061611,77.599111,2017-11-15,tss,30.0,30,False,mg/l,empri-2018
238,BUBNYHamt_kr2-238,Amruthahalli Lake,,13.061611,77.599111,2017-11-15,turbidity,6.8,6.8,False,NTU,empri-2018
238,BUBNYHamt_kr2-238,Amruthahalli Lake,,13.061611,77.599111,2017-11-15,dissolvedOxygen,4.6,4.6,False,mg/l,empri-2018
238,BUBNYHamt_kr2-238,Amruthahalli Lake,,13.061611,77.599111,2017-11-15,cod,64.0,64,False,mg/l,empri-2018
238,BUBNYHamt_kr2-238,Amruthahalli Lake,,13.061611,77.599111,2017-11-15,bod,15.4,15.4,False,mg/l,empri-2018
238,BUBNYHamt_kr2-238,Amruthahalli Lake,,13.061611,77.599111,2017-11-15,totalPhosphate,0.5,0.5,False,mg/l,empri-2018
238,BUBNYHamt_kr2-238,Amruthahalli Lake,,13.061611,77.599111,2017-11-15,tkn,7.0,7,False,mg/l,empri-2018
238,BUBNYHamt_kr2-238,Amruthahalli Lake,,13.061611,77.599111,2017-11-15,totalColiform,900.0,900,False,MPN/100ml,empri-2018
238,BUBNYHamt_kr2-238,Amruthahalli Lake,,13.061611,77.599111,2017-11-15,sewageInflow,,No Flow,False,cumecs,empri-2018
244,BUBNYHavl_kr1-244,Avalahalli Kere,,13.139389,77.56875,2017-11-15,waterTemperature,24.7,24.7,False,°C,empri-2018
244,BUBNYHavl_kr1-244,Avalahalli Kere,,13.139389,77.56875,2017-11-15,lightTransparency,,UM,False,cm,empri-2018
244,BUBNYHavl_kr1-244,Avalahalli Kere,,13.139389,77.56875,2017-11-15,ph,7.0,7.0,False,,empri-2018
244,BUBNYHavl_kr1-244,Avalahalli Kere,,13.139389,77.56875,2017-11-15,conductivity,351.0,351,False,µS/cm,empri-2018
244,BUBNYHavl_kr1-244,Avalahalli Kere,,13.139389,77.56875,2017-11-15,tds,260.0,260,False,mg/l,empri-2018
244,BUBNYHavl_kr1-244,Avalahalli Kere,,13.139389,77.56875,2017-11-15,tss,106.0,106,False,mg/l,empri-2018
244,BUBNYHavl_kr1-244,Avalahalli Kere,,13.139389,77.56875,2017-11-15,turbidity,96.6,96.6,False,NTU,empri-2018
244,BUBNYHavl_kr1-244,Avalahalli Kere,,13.139389,77.56875,2017-11-15,dissolvedOxygen,1.2,1.2,False,mg/l,empri-2018
244,BUBNYHavl_kr1-244,Avalahalli Kere,,13.139389,77.56875,2017-11-15,cod,48.0,48,False,mg/l,empri-2018
244,BUBNYHavl_kr1-244,Avalahalli Kere,,13.139389,77.56875,2017-11-15,bod,11.5,11.5,False,mg/l,empri-2018
244,BUBNYHavl_kr1-244,Avalahalli Kere,,13.139389,77.56875,2017-11-15,totalPhosphate,0.1,0.1,False,mg/l,empri-2018
244,BUBNYHavl_kr1-244,Avalahalli Kere,,13.139389,77.56875,2017-11-15,tkn,21.0,21,False,mg/l,empri-2018
244,BUBNYHavl_kr1-244,Avalahalli Kere,,13.139389,77.56875,2017-11-15,totalColiform,500.0,500,False,MPN/100ml,empri-2018
244,BUBNYHavl_kr1-244,Avalahalli Kere,,13.139389,77.56875,2017-11-15,sewageInflow,,No Flow,False,cumecs,empri-2018
248,BUBNYHbel_kr1-248,Bellihalli kere,,13.103778,77.6435,2017-11-14,waterTemperature,26.6,26.6,False,°C,empri-2018
248,BUBNYHbel_kr1-248,Bellihalli kere,,13.103778,77.6435,2017-11-14,lightTransparency,42.0,42,False,cm,empri-2018
248,BUBNYHbel_kr1-248,Bellihalli kere,,13.103778,77.6435,2017-11-14,ph,7.3,7.3,False,,empri-2018
248,BUBNYHbel_kr1-248,Bellihalli kere,,13.103778,77.6435,2017-11-14,conductivity,333.0,333,False,µS/cm,empri-2018
248,BUBNYHbel_kr1-248,Bellihalli kere,,13.103778,77.6435,2017-11-14,tds,290.0,290,False,mg/l,empri-2018
248,BUBNYHbel_kr1-248,Bellihalli kere,,13.103778,77.6435,2017-11-14,tss,65.0,65,False,mg/l,empri-2018
248,BUBNYHbel_kr1-248,Bellihalli kere,,13.103778,77.6435,2017-11-14,turbidity,19.6,19.6,False,NTU,empri-2018
248,BUBNYHbel_kr1-248,Bellihalli kere,,13.103778,77.6435,2017-11-14,dissolvedOxygen,5.6,5.6,False,mg/l,empri-2018
248,BUBNYHbel_kr1-248,Bellihalli kere,,13.103778,77.6435,2017-11-14,cod,112.0,112,False,mg/l,empri-2018
248,BUBNYHbel_kr1-248,Bellihalli kere,,13.103778,77.6435,2017-11-14,bod,26.9,26.9,False,mg/l,empri-2018
248,BUBNYHbel_kr1-248,Bellihalli kere,,13.103778,77.6435,2017-11-14,totalPhosphate,0.1,0.1,False,mg/l,empri-2018
248,BUBNYHbel_kr1-248,Bellihalli kere,,13.103778,77.6435,2017-11-14,tkn,14.0,14,False,mg/l,empri-2018
248,BUBNYHbel_kr1-248,Bellihalli kere,,13.103778,77.6435,2017-11-14,totalColiform,80.0,80,False,MPN/100ml,empri-2018
248,BUBNYHbel_kr1-248,Bellihalli kere,,13.103778,77.6435,2017-11-14,sewageInflow,,No Flow,False,cumecs,empri-2018
257,BUBNYHchk_kr3-257,Chokkanahalli lake,,13.084361,77.628361,2017-11-15,waterTemperature,27.5,27.5,False,°C,empri-2018
257,BUBNYHchk_kr3-257,Chokkanahalli lake,,13.084361,77.628361,2017-11-15,lightTransparency,46.0,46,False,cm,empri-2018
257,BUBNYHchk_kr3-257,Chokkanahalli lake,,13.084361,77.628361,2017-11-15,ph,7.9,7.9,False,,empri-2018
257,BUBNYHchk_kr3-257,Chokkanahalli lake,,13.084361,77.628361,2017-11-15,conductivity,500.0,500,False,µS/cm,empri-2018
257,BUBNYHchk_kr3-257,Chokkanahalli lake,,13.084361,77.628361,2017-11-15,tds,350.0,350,False,mg/l,empri-2018
257,BUBNYHchk_kr3-257,Chokkanahalli lake,,13.084361,77.628361,2017-11-15,tss,16.0,16,False,mg/l,empri-2018
257,BUBNYHchk_kr3-257,Chokkanahalli lake,,13.084361,77.628361,2017-11-15,turbidity,3.7,3.7,False,NTU,empri-2018
257,BUBNYHchk_kr3-257,Chokkanahalli lake,,13.084361,77.628361,2017-11-15,dissolvedOxygen,6.6,6.6,False,mg/l,empri-2018
257,BUBNYHchk_kr3-257,Chokkanahalli lake,,13.084361,77.628361,2017-11-15,cod,64.0,64,False,mg/l,empri-2018
257,BUBNYHchk_kr3-257,Chokkanahalli lake,,13.084361,77.628361,2017-11-15,bod,57.6,57.6,False,mg/l,empri-2018
257,BUBNYHchk_kr3-257,Chokkanahalli lake,,13.084361,77.628361,2017-11-15,totalPhosphate,0.1,0.1,False,mg/l,empri-2018
257,BUBNYHchk_kr3-257,Chokkanahalli lake,,13.084361,77.628361,2017-11-15,tkn,7.0,7,False,mg/l,empri-2018
257,BUBNYHchk_kr3-257,Chokkanahalli lake,,13.084361,77.628361,2017-11-15,totalColiform,1600.0,1600,False,MPN/100ml,empri-2018
257,BUBNYHchk_kr3-257,Chokkanahalli lake,,13.084361,77.628361,2017-11-15,sewageInflow,,No Flow,False,cumecs,empri-2018
266,BUBNYHgtg_kr3-266,Gantiganahalli Kere,,13.1415,77.590194,2017-11-28,waterTemperature,26.4,26.4,False,°C,empri-2018
266,BUBNYHgtg_kr3-266,Gantiganahalli Kere,,13.1415,77.590194,2017-11-28,lightTransparency,9.0,9,False,cm,empri-2018
266,BUBNYHgtg_kr3-266,Gantiganahalli Kere,,13.1415,77.590194,2017-11-28,ph,7.4,7.4,False,,empri-2018
266,BUBNYHgtg_kr3-266,Gantiganahalli Kere,,13.1415,77.590194,2017-11-28,conductivity,279.0,279,False,µS/cm,empri-2018
266,BUBNYHgtg_kr3-266,Gantiganahalli Kere,,13.1415,77.590194,2017-11-28,tds,244.0,244,False,mg/l,empri-2018
266,BUBNYHgtg_kr3-266,Gantiganahalli Kere,,13.1415,77.590194,2017-11-28,tss,24.0,24,False,mg/l,empri-2018
266,BUBNYHgtg_kr3-266,Gantiganahalli Kere,,13.1415,77.590194,2017-11-28,turbidity,18.2,18.2,False,NTU,empri-2018
266,BUBNYHgtg_kr3-266,Gantiganahalli Kere,,13.1415,77.590194,2017-11-28,dissolvedOxygen,5.2,5.2,False,mg/l,empri-2018
266,BUBNYHgtg_kr3-266,Gantiganahalli Kere,,13.1415,77.590194,2017-11-28,cod,16.0,16,False,mg/l,empri-2018
266,BUBNYHgtg_kr3-266,Gantiganahalli Kere,,13.1415,77.590194,2017-11-28,bod,3.8,3.8,False,mg/l,empri-2018
266,BUBNYHgtg_kr3-266,Gantiganahalli Kere,,13.1415,77.590194,2017-11-28,totalPhosphate,0.1,0.1,False,mg/l,empri-2018
266,BUBNYHgtg_kr3-266,Gantiganahalli Kere,,13.1415,77.590194,2017-11-28,tkn,3.0,3,False,mg/l,empri-2018
266,BUBNYHgtg_kr3-266,Gantiganahalli Kere,,13.1415,77.590194,2017-11-28,totalColiform,1600.0,>1600,False,MPN/100ml,empri-2018
266,BUBNYHgtg_kr3-266,Gantiganahalli Kere,,13.1415,77.590194,2017-11-28,sewageInflow,,No Flow,False,cumecs,empri-2018
270,BUBNYHrh_kr1-270,Harohalli kere,,13.138556,77.579889,2017-11-15,waterTemperature,28.0,28,False,°C,empri-2018
270,BUBNYHrh_kr1-270,Harohalli kere,,13.138556,77.579889,2017-11-15,lightTransparency,18.0,18,False,cm,empri-2018
270,BUBNYHrh_kr1-270,Harohalli kere,,13.138556,77.579889,2017-11-15,ph,7.7,7.7,False,,empri-2018
270,BUBNYHrh_kr1-270,Harohalli kere,,13.138556,77.579889,2017-11-15,conductivity,245.0,245,False,µS/cm,empri-2018
270,BUBNYHrh_kr1-270,Harohalli kere,,13.138556,77.579889,2017-11-15,tds,172.0,172,False,mg/l,empri-2018
270,BUBNYHrh_kr1-270,Harohalli kere,,13.138556,77.579889,2017-11-15,tss,8.0,8,False,mg/l,empri-2018
270,BUBNYHrh_kr1-270,Harohalli kere,,13.138556,77.579889,2017-11-15,turbidity,2.4,2.4,False,NTU,empri-2018
270,BUBNYHrh_kr1-270,Harohalli kere,,13.138556,77.579889,2017-11-15,dissolvedOxygen,6.0,6,False,mg/l,empri-2018
270,BUBNYHrh_kr1-270,Harohalli kere,,13.138556,77.579889,2017-11-15,cod,48.0,48,False,mg/l,empri-2018
270,BUBNYHrh_kr1-270,Harohalli kere,,13.138556,77.579889,2017-11-15,bod,11.5,11.5,False,mg/l,empri-2018
270,BUBNYHrh_kr1-270,Harohalli kere,,13.138556,77.579889,2017-11-15,totalPhosphate,0.1,0.1,False,mg/l,empri-2018
270,BUBNYHrh_kr1-270,Harohalli kere,,13.138556,77.579889,2017-11-15,tkn,7.0,7,False,mg/l,empri-2018
270,BUBNYHrh_kr1-270,Harohalli kere,,13.138556,77.579889,2017-11-15,totalColiform,500.0,500,False,MPN/100ml,empri-2018
270,BUBNYHrh_kr1-270,Harohalli kere,,13.138556,77.579889,2017-11-15,sewageInflow,,No Flow,False,cumecs,empri-2018
276,BUBNYHhnn_kr3-276,Honnenahalli Govt Kere,,13.161306,77.563139,2017-11-15,waterTemperature,24.8,24.8,False,°C,empri-2018
276,BUBNYHhnn_kr3-276,Honnenahalli Govt Kere,,13.161306,77.563139,2017-11-15,lightTransparency,15.0,15,False,cm,empri-2018
276,BUBNYHhnn_kr3-276,Honnenahalli Govt Kere,,13.161306,77.563139,2017-11-15,ph,7.1,7.1,False,,empri-2018
276,BUBNYHhnn_kr3-276,Honnenahalli Govt Kere,,13.161306,77.563139,2017-11-15,conductivity,211.0,211,False,µS/cm,empri-2018
276,BUBNYHhnn_kr3-276,Honnenahalli Govt Kere,,13.161306,77.563139,2017-11-15,tds,162.0,162,False,mg/l,empri-2018
276,BUBNYHhnn_kr3-276,Honnenahalli Govt Kere,,13.161306,77.563139,2017-11-15,tss,22.0,22,False,mg/l,empri-2018
276,BUBNYHhnn_kr3-276,Honnenahalli Govt Kere,,13.161306,77.563139,2017-11-15,turbidity,35.7,35.7,False,NTU,empri-2018
276,BUBNYHhnn_kr3-276,Honnenahalli Govt Kere,,13.161306,77.563139,2017-11-15,dissolvedOxygen,1.4,1.4,False,mg/l,empri-2018
276,BUBNYHhnn_kr3-276,Honnenahalli Govt Kere,,13.161306,77.563139,2017-11-15,cod,80.0,80,False,mg/l,empri-2018
276,BUBNYHhnn_kr3-276,Honnenahalli Govt Kere,,13.161306,77.563139,2017-11-15,bod,19.2,19.2,False,mg/l,empri-2018
276,BUBNYHhnn_kr3-276,Honnenahalli Govt Kere,,13.161306,77.563139,2017-11-15,totalPhosphate,0.2,0.2,False,mg/l,empri-2018
276,BUBNYHhnn_kr3-276,Honnenahalli Govt Kere,,13.161306,77.563139,2017-11-15,tkn,28.0,28,False,mg/l,empri-2018
276,BUBNYHhnn_kr3-276,Honnenahalli Govt Kere,,13.161306,77.563139,2017-11-15,totalColiform,1600.0,>1600,False,MPN/100ml,empri-2018
276,BUBNYHhnn_kr3-276,Honnenahalli Govt Kere,,13.161306,77.563139,2017-11-15,sewageInflow,,No Flow,False,cumecs,empri-2018
277,BUBNYHjku_kr1-277,Jakkuru lake,Inlet,13.084833,77.609444,2017-11-15,waterTemperature,22.2,22.2,False,°C,empri-2018
277,BUBNYHjku_kr1-277,Jakkuru lake,Inlet,13.084833,77.609444,2017-11-15,lightTransparency,29.0,29,False,cm,empri-2018
277,BUBNYHjku_kr1-277,Jakkuru lake,Inlet,13.084833,77.609444,2017-11-15,ph,7.9,7.9,False,,empri-2018
277,BUBNYHjku_kr1-277,Jakkuru lake,Inlet,13.084833,77.609444,2017-11-15,conductivity,910.0,910,False,µS/cm,empri-2018
277,BUBNYHjku_kr1-277,Jakkuru lake,Inlet,13.084833,77.609444,2017-11-15,tds,1230.0,1230,False,mg/l,empri-2018
277,BUBNYHjku_kr1-277,Jakkuru lake,Inlet,13.084833,77.609444,2017-11-15,tss,16.0,16,False,mg/l,empri-2018
277,BUBNYHjku_kr1-277,Jakkuru lake,Inlet,13.084833,77.609444,2017-11-15,turbidity,10.0,10,False,NTU,empri-2018
277,BUBNYHjku_kr1-277,Jakkuru lake,Inlet,13.084833,77.609444,2017-11-15,dissolvedOxygen,5.0,5.0,False,mg/l,empri-2018
277,BUBNYHjku_kr1-277,Jakkuru lake,Inlet,13.084833,77.609444,2017-11-15,cod,120.0,120,False,mg/l,empri-2018
277,BUBNYHjku_kr1-277,Jakkuru lake,Inlet,13.084833,77.609444,2017-11-15,bod,9.0,9.0,False,mg/l,empri-2018
277,BUBNYHjku_kr1-277,Jakkuru lake,Inlet,13.084833,77.609444,2017-11-15,totalPhosphate,2.0,2,False,mg/l,empri-2018
277,BUBNYHjku_kr1-277,Jakkuru lake,Inlet,13.084833,77.609444,2017-11-15,tkn,21.0,21,False,mg/l,empri-2018
277,BUBNYHjku_kr1-277,Jakkuru lake,Inlet,13.084833,77.609444,2017-11-15,totalColiform,300.0,300,False,MPN/100ml,empri-2018
277,BUBNYHjku_kr1-277,Jakkuru lake,Inlet,13.084833,77.609444,2017-11-15,sewageInflow,,UM,False,cumecs,empri-2018
283,BUBNYHkyh_kr1-283,Kasaba Amanikere,Inlet,13.118889,77.586722,2017-11-14,waterTemperature,23.0,23,False,°C,empri-2018
283,BUBNYHkyh_kr1-283,Kasaba Amanikere,Inlet,13.118889,77.586722,2017-11-14,lightTransparency,5.0,5,False,cm,empri-2018
283,BUBNYHkyh_kr1-283,Kasaba Amanikere,Inlet,13.118889,77.586722,2017-11-14,ph,8.1,8.1,False,,empri-2018
283,BUBNYHkyh_kr1-283,Kasaba Amanikere,Inlet,13.118889,77.586722,2017-11-14,conductivity,890.0,890,False,µS/cm,empri-2018
283,BUBNYHkyh_kr1-283,Kasaba Amanikere,Inlet,13.118889,77.586722,2017-11-14,tds,550.0,550,False,mg/l,empri-2018
283,BUBNYHkyh_kr1-283,Kasaba Amanikere,Inlet,13.118889,77.586722,2017-11-14,tss,66.0,66,False,mg/l,empri-2018
283,BUBNYHkyh_kr1-283,Kasaba Amanikere,Inlet,13.118889,77.586722,2017-11-14,turbidity,36.0,36,False,NTU,empri-2018
283,BUBNYHkyh_kr1-283,Kasaba Amanikere,Inlet,13.118889,77.586722,2017-11-14,dissolvedOxygen,7.1,7.1,False,mg/l,empri-2018
283,BUBNYHkyh_kr1-283,Kasaba Amanikere,Inlet,13.118889,77.586722,2017-11-14,cod,150.0,150,False,mg/l,empri-2018
283,BUBNYHkyh_kr1-283,Kasaba Amanikere,Inlet,13.118889,77.586722,2017-11-14,bod,6.2,6.2,False,mg/l,empri-2018
283,BUBNYHkyh_kr1-283,Kasaba Amanikere,Inlet,13.118889,77.586722,2017-11-14,totalPhosphate,2.0,2,False,mg/l,empri-2018
283,BUBNYHkyh_kr1-283,Kasaba Amanikere,Inlet,13.118889,77.586722,2017-11-14,tkn,17.0,17,False,mg/l,empri-2018
283,BUBNYHkyh_kr1-283,Kasaba Amanikere,Inlet,13.118889,77.586722,2017-11-14,totalColiform,1600.0,>1600,False,MPN/100ml,empri-2018
283,BUBNYHkyh_kr1-283,Kasaba Amanikere,Inlet,13.118889,77.586722,2017-11-14,sewageInflow,,No Flow,False,cumecs,empri-2018
292,BUBNYHklu_kr1-292,Kogilu kere,Inlet,13.108083,77.620083,2017-11-15,waterTemperature,26.6,26.6,False,°C,empri-2018
292,BUBNYHklu_kr1-292,Kogilu kere,Inlet,13.108083,77.620083,2017-11-15,lightTransparency,7.0,7,False,cm,empri-2018
292,BUBNYHklu_kr1-292,Kogilu kere,Inlet,13.108083,77.620083,2017-11-15,ph,7.2,7.2,False,,empri-2018
292,BUBNYHklu_kr1-292,Kogilu kere,Inlet,13.108083,77.620083,2017-11-15,conductivity,651.0,651,False,µS/cm,empri-2018
292,BUBNYHklu_kr1-292,Kogilu kere,Inlet,13.108083,77.620083,2017-11-15,tds,430.0,430,False,mg/l,empri-2018
292,BUBNYHklu_kr1-292,Kogilu kere,Inlet,13.108083,77.620083,2017-11-15,tss,72.0,72,False,mg/l,empri-2018
292,BUBNYHklu_kr1-292,Kogilu kere,Inlet,13.108083,77.620083,2017-11-15,turbidity,14.3,14.3,False,NTU,empri-2018
292,BUBNYHklu_kr1-292,Kogilu kere,Inlet,13.108083,77.620083,2017-11-15,dissolvedOxygen,7.2,7.2,False,mg/l,empri-2018
292,BUBNYHklu_kr1-292,Kogilu kere,Inlet,13.108083,77.620083,2017-11-15,cod,96.0,96,False,mg/l,empri-2018
292,BUBNYHklu_kr1-292,Kogilu kere,Inlet,13.108083,77.620083,2017-11-15,bod,15.4,15.4,False,mg/l,empri-2018
292,BUBNYHklu_kr1-292,Kogilu kere,Inlet,13.108083,77.620083,2017-11-15,totalPhosphate,0.3,0.3,False,mg/l,empri-2018
292,BUBNYHklu_kr1-292,Kogilu kere,Inlet,13.108083,77.620083,2017-11-15,tkn,21.0,21,False,mg/l,empri-2018
292,BUBNYHklu_kr1-292,Kogilu kere,Inlet,13.108083,77.620083,2017-11-15,totalColiform,11.0,11,False,MPN/100ml,empri-2018
292,BUBNYHklu_kr1-292,Kogilu kere,Inlet,13.108083,77.620083,2017-11-15,sewageInflow,,No Flow,False,cumecs,empri-2018
292,BUBNYHklu_kr1-292,Kogilu kere,Outlet,13.107556,77.618111,2017-11-15,waterTemperature,28.2,28.2,False,°C,empri-2018
292,BUBNYHklu_kr1-292,Kogilu kere,Outlet,13.107556,77.618111,2017-11-15,lightTransparency,,UM,False,cm,empri-2018
292,BUBNYHklu_kr1-292,Kogilu kere,Outlet,13.107556,77.618111,2017-11-15,ph,7.4,7.4,False,,empri-2018
292,BUBNYHklu_kr1-292,Kogilu kere,Outlet,13.107556,77.618111,2017-11-15,conductivity,580.0,580,False,µS/cm,empri-2018
292,BUBNYHklu_kr1-292,Kogilu kere,Outlet,13.107556,77.618111,2017-11-15,tds,354.0,354,False,mg/l,empri-2018
292,BUBNYHklu_kr1-292,Kogilu kere,Outlet,13.107556,77.618111,2017-11-15,tss,28.0,28,False,mg/l,empri-2018
292,BUBNYHklu_kr1-292,Kogilu kere,Outlet,13.107556,77.618111,2017-11-15,turbidity,7.2,7.2,False,NTU,empri-2018
292,BUBNYHklu_kr1-292,Kogilu kere,Outlet,13.107556,77.618111,2017-11-15,dissolvedOxygen,3.0,3.0,False,mg/l,empri-2018
292,BUBNYHklu_kr1-292,Kogilu kere,Outlet,13.107556,77.618111,2017-11-15,cod,112.0,112,False,mg/l,empri-2018
292,BUBNYHklu_kr1-292,Kogilu kere,Outlet,13.107556,77.618111,2017-11-15,bod,23.0,23.0,False,mg/l,empri-2018
292,BUBNYHklu_kr1-292,Kogilu kere,Outlet,13.107556,77.618111,2017-11-15,totalPhosphate,0.1,0.1,False,mg/l,empri-2018
292,BUBNYHklu_kr1-292,Kogilu kere,Outlet,13.107556,77.618111,2017-11-15,tkn,14.0,14,False,mg/l,empri-2018
292,BUBNYHklu_kr1-292,Kogilu kere,Outlet,13.107556,77.618111,2017-11-15,totalColiform,2.0,2,False,MPN/100ml,empri-2018
295,BUBNYHkrs_kr1-295,Krishnasagara Kere,,13.142167,77.56,2017-11-15,waterTemperature,27.1,27.1,False,°C,empri-2018
295,BUBNYHkrs_kr1-295,Krishnasagara Kere,,13.142167,77.56,2017-11-15,lightTransparency,8.0,8,False,cm,empri-2018
295,BUBNYHkrs_kr1-295,Krishnasagara Kere,,13.142167,77.56,2017-11-15,ph,6.5,6.5,False,,empri-2018
295,BUBNYHkrs_kr1-295,Krishnasagara Kere,,13.142167,77.56,2017-11-15,conductivity,155.0,155,False,µS/cm,empri-2018
295,BUBNYHkrs_kr1-295,Krishnasagara Kere,,13.142167,77.56,2017-11-15,tds,94.0,94,False,mg/l,empri-2018
295,BUBNYHkrs_kr1-295,Krishnasagara Kere,,13.142167,77.56,2017-11-15,tss,38.0,38,False,mg/l,empri-2018
295,BUBNYHkrs_kr1-295,Krishnasagara Kere,,13.142167,77.56,2017-11-15,turbidity,11.9,11.9,False,NTU,empri-2018
295,BUBNYHkrs_kr1-295,Krishnasagara Kere,,13.142167,77.56,2017-11-15,dissolvedOxygen,6.8,6.8,False,mg/l,empri-2018
295,BUBNYHkrs_kr1-295,Krishnasagara Kere,,13.142167,77.56,2017-11-15,cod,64.0,64,False,mg/l,empri-2018
295,BUBNYHkrs_kr1-295,Krishnasagara Kere,,13.142167,77.56,2017-11-15,bod,11.5,11.5,False,mg/l,empri-2018
295,BUBNYHkrs_kr1-295,Krishnasagara Kere,,13.142167,77.56,2017-11-15,totalPhosphate,0.2,0.2,False,mg/l,empri-2018
295,BUBNYHkrs_kr1-295,Krishnasagara Kere,,13.142167,77.56,2017-11-15,tkn,14.0,14,False,mg/l,empri-2018
295,BUBNYHkrs_kr1-295,Krishnasagara Kere,,13.142167,77.56,2017-11-15,totalColiform,1600.0,>1600,False,MPN/100ml,empri-2018
295,BUBNYHkrs_kr1-295,Krishnasagara Kere,,13.142167,77.56,2017-11-15,sewageInflow,,No Flow,False,cumecs,empri-2018
299,BUBNYHlks_kr3-299,Lakshmisagar a Kere,,13.156778,77.584444,2017-11-15,waterTemperature,26.1,26.1,False,°C,empri-2018
299,BUBNYHlks_kr3-299,Lakshmisagar a Kere,,13.156778,77.584444,2017-11-15,lightTransparency,6.0,6,False,cm,empri-2018
299,BUBNYHlks_kr3-299,Lakshmisagar a Kere,,13.156778,77.584444,2017-11-15,ph,7.4,7.4,False,,empri-2018
299,BUBNYHlks_kr3-299,Lakshmisagar a Kere,,13.156778,77.584444,2017-11-15,conductivity,134.0,134,False,µS/cm,empri-2018
299,BUBNYHlks_kr3-299,Lakshmisagar a Kere,,13.156778,77.584444,2017-11-15,tds,98.0,98,False,mg/l,empri-2018
299,BUBNYHlks_kr3-299,Lakshmisagar a Kere,,13.156778,77.584444,2017-11-15,tss,18.0,18,False,mg/l,empri-2018
299,BUBNYHlks_kr3-299,Lakshmisagar a Kere,,13.156778,77.584444,2017-11-15,turbidity,94.5,94.5,False,NTU,empri-2018
299,BUBNYHlks_kr3-299,Lakshmisagar a Kere,,13.156778,77.584444,2017-11-15,dissolvedOxygen,5.4,5.4,False,mg/l,empri-2018
299,BUBNYHlks_kr3-299,Lakshmisagar a Kere,,13.156778,77.584444,2017-11-15,cod,64.0,64,False,mg/l,empri-2018
299,BUBNYHlks_kr3-299,Lakshmisagar a Kere,,13.156778,77.584444,2017-11-15,bod,15.4,15.4,False,mg/l,empri-2018
299,BUBNYHlks_kr3-299,Lakshmisagar a Kere,,13.156778,77.584444,2017-11-15,totalPhosphate,0.1,0.1,False,mg/l,empri-2018
299,BUBNYHlks_kr3-299,Lakshmisagar a Kere,,13.156778,77.584444,2017-11-15,tkn,7.0,7,False,mg/l,empri-2018
299,BUBNYHlks_kr3-299,Lakshmisagar a Kere,,13.156778,77.584444,2017-11-15,totalColiform,1600.0,>1600,False,MPN/100ml,empri-2018
299,BUBNYHlks_kr3-299,Lakshmisagar a Kere,,13.156778,77.584444,2017-11-15,sewageInflow,,No Flow,False,cumecs,empri-2018
300,BUBNYHmda_kr1-300,Medi Agrahara Kere,Outlet*,13.100111,77.534444,2017-11-22,waterTemperature,27.6,27.6,False,°C,empri-2018
300,BUBNYHmda_kr1-300,Medi Agrahara Kere,Outlet*,13.100111,77.534444,2017-11-22,lightTransparency,27.0,27,False,cm,empri-2018
300,BUBNYHmda_kr1-300,Medi Agrahara Kere,Outlet*,13.100111,77.534444,2017-11-22,ph,7.5,7.5,False,,empri-2018
300,BUBNYHmda_kr1-300,Medi Agrahara Kere,Outlet*,13.100111,77.534444,2017-11-22,conductivity,254.0,254,False,µS/cm,empri-2018
300,BUBNYHmda_kr1-300,Medi Agrahara Kere,Outlet*,13.100111,77.534444,2017-11-22,tds,152.0,152,False,mg/l,empri-2018
300,BUBNYHmda_kr1-300,Medi Agrahara Kere,Outlet*,13.100111,77.534444,2017-11-22,tss,91.0,91,False,mg/l,empri-2018
300,BUBNYHmda_kr1-300,Medi Agrahara Kere,Outlet*,13.100111,77.534444,2017-11-22,turbidity,29.8,29.8,False,NTU,empri-2018
300,BUBNYHmda_kr1-300,Medi Agrahara Kere,Outlet*,13.100111,77.534444,2017-11-22,dissolvedOxygen,4.0,4,False,mg/l,empri-2018
300,BUBNYHmda_kr1-300,Medi Agrahara Kere,Outlet*,13.100111,77.534444,2017-11-22,cod,48.0,48,False,mg/l,empri-2018
300,BUBNYHmda_kr1-300,Medi Agrahara Kere,Outlet*,13.100111,77.534444,2017-11-22,bod,11.5,11.5,False,mg/l,empri-2018
300,BUBNYHmda_kr1-300,Medi Agrahara Kere,Outlet*,13.100111,77.534444,2017-11-22,totalPhosphate,0.2,0.2,False,mg/l,empri-2018
300,BUBNYHmda_kr1-300,Medi Agrahara Kere,Outlet*,13.100111,77.534444,2017-11-22,tkn,17.0,17,False,mg/l,empri-2018
300,BUBNYHmda_kr1-300,Medi Agrahara Kere,Outlet*,13.100111,77.534444,2017-11-22,totalColiform,1600.0,1600,False,MPN/100ml,empri-2018
300,BUBNYHmda_kr1-300,Medi Agrahara Kere,Outlet*,13.100111,77.534444,2017-11-22,sewageInflow,,No Flow,False,cumecs,empri-2018
301,BUBNYHmda_kr2-301,Thupinkere,Outlet*,13.103722,77.525167,2017-11-22,waterTemperature,28.9,28.9,False,°C,empri-2018
301,BUBNYHmda_kr2-301,Thupinkere,Outlet*,13.103722,77.525167,2017-11-22,lightTransparency,54.0,54,False,cm,empri-2018
301,BUBNYHmda_kr2-301,Thupinkere,Outlet*,13.103722,77.525167,2017-11-22,ph,7.6,7.6,False,,empri-2018
301,BUBNYHmda_kr2-301,Thupinkere,Outlet*,13.103722,77.525167,2017-11-22,conductivity,136.0,136,False,µS/cm,empri-2018
301,BUBNYHmda_kr2-301,Thupinkere,Outlet*,13.103722,77.525167,2017-11-22,tds,95.0,95,False,mg/l,empri-2018
301,BUBNYHmda_kr2-301,Thupinkere,Outlet*,13.103722,77.525167,2017-11-22,tss,20.6,20.6,False,mg/l,empri-2018
301,BUBNYHmda_kr2-301,Thupinkere,Outlet*,13.103722,77.525167,2017-11-22,turbidity,7.2,7.2,False,NTU,empri-2018
301,BUBNYHmda_kr2-301,Thupinkere,Outlet*,13.103722,77.525167,2017-11-22,dissolvedOxygen,8.6,8.6,False,mg/l,empri-2018
301,BUBNYHmda_kr2-301,Thupinkere,Outlet*,13.103722,77.525167,2017-11-22,cod,96.0,96,False,mg/l,empri-2018
301,BUBNYHmda_kr2-301,Thupinkere,Outlet*,13.103722,77.525167,2017-11-22,bod,23.0,23.0,False,mg/l,empri-2018
301,BUBNYHmda_kr2-301,Thupinkere,Outlet*,13.103722,77.525167,2017-11-22,totalPhosphate,0.5,0.5,False,mg/l,empri-2018
301,BUBNYHmda_kr2-301,Thupinkere,Outlet*,13.103722,77.525167,2017-11-22,tkn,3.0,3,False,mg/l,empri-2018
301,BUBNYHmda_kr2-301,Thupinkere,Outlet*,13.103722,77.525167,2017-11-22,totalColiform,170.0,170,False,MPN/100ml,empri-2018
301,BUBNYHmda_kr2-301,Thupinkere,Outlet*,13.103722,77.525167,2017-11-22,sewageInflow,,No Flow,False,cumecs,empri-2018
302,BUBNYHngd_kr1-302,Nagadasanahalli Kere,Inlet,13.155806,77.572472,2017-11-15,waterTemperature,25.5,25.5,False,°C,empri-2018
302,BUBNYHngd_kr1-302,Nagadasanahalli Kere,Inlet,13.155806,77.572472,2017-11-15,lightTransparency,17.0,17,False,cm,empri-2018
302,BUBNYHngd_kr1-302,Nagadasanahalli Kere,Inlet,13.155806,77.572472,2017-11-15,ph,7.3,7.3,False,,empri-2018
302,BUBNYHngd_kr1-302,Nagadasanahalli Kere,Inlet,13.155806,77.572472,2017-11-15,conductivity,237.0,237,False,µS/cm,empri-2018
302,BUBNYHngd_kr1-302,Nagadasanahalli Kere,Inlet,13.155806,77.572472,2017-11-15,tds,160.0,160,False,mg/l,empri-2018
302,BUBNYHngd_kr1-302,Nagadasanahalli Kere,Inlet,13.155806,77.572472,2017-11-15,tss,52.0,52,False,mg/l,empri-2018
302,BUBNYHngd_kr1-302,Nagadasanahalli Kere,Inlet,13.155806,77.572472,2017-11-15,turbidity,43.1,43.1,False,NTU,empri-2018
302,BUBNYHngd_kr1-302,Nagadasanahalli Kere,Inlet,13.155806,77.572472,2017-11-15,dissolvedOxygen,3.4,3.4,False,mg/l,empri-2018
302,BUBNYHngd_kr1-302,Nagadasanahalli Kere,Inlet,13.155806,77.572472,2017-11-15,cod,64.0,64,False,mg/l,empri-2018
302,BUBNYHngd_kr1-302,Nagadasanahalli Kere,Inlet,13.155806,77.572472,2017-11-15,bod,15.4,15.4,False,mg/l,empri-2018
302,BUBNYHngd_kr1-302,Nagadasanahalli Kere,Inlet,13.155806,77.572472,2017-11-15,totalPhosphate,0.1,0.1,False,mg/l,empri-2018
302,BUBNYHngd_kr1-302,Nagadasanahalli Kere,Inlet,13.155806,77.572472,2017-11-15,tkn,14.0,14,False,mg/l,empri-2018
302,BUBNYHngd_kr1-302,Nagadasanahalli Kere,Inlet,13.155806,77.572472,2017-11-15,totalColiform,110.0,110,False,MPN/100ml,empri-2018
302,BUBNYHngd_kr1-302,Nagadasanahalli Kere,Inlet,13.155806,77.572472,2017-11-15,sewageInflow,,No Flow,False,cumecs,empri-2018
302,BUBNYHngd_kr1-302,Nagadasanahalli Kere,Outlet,13.154722,77.572,2017-11-15,waterTemperature,26.9,26.9,False,°C,empri-2018
302,BUBNYHngd_kr1-302,Nagadasanahalli Kere,Outlet,13.154722,77.572,2017-11-15,lightTransparency,9.0,9,False,cm,empri-2018
302,BUBNYHngd_kr1-302,Nagadasanahalli Kere,Outlet,13.154722,77.572,2017-11-15,ph,7.6,7.6,False,,empri-2018
302,BUBNYHngd_kr1-302,Nagadasanahalli Kere,Outlet,13.154722,77.572,2017-11-15,conductivity,260.0,260,False,µS/cm,empri-2018
302,BUBNYHngd_kr1-302,Nagadasanahalli Kere,Outlet,13.154722,77.572,2017-11-15,tds,145.0,145,False,mg/l,empri-2018
302,BUBNYHngd_kr1-302,Nagadasanahalli Kere,Outlet,13.154722,77.572,2017-11-15,tss,22.0,22,False,mg/l,empri-2018
302,BUBNYHngd_kr1-302,Nagadasanahalli Kere,Outlet,13.154722,77.572,2017-11-15,turbidity,23.9,23.9,False,NTU,empri-2018
302,BUBNYHngd_kr1-302,Nagadasanahalli Kere,Outlet,13.154722,77.572,2017-11-15,dissolvedOxygen,3.0,3.0,False,mg/l,empri-2018
302,BUBNYHngd_kr1-302,Nagadasanahalli Kere,Outlet,13.154722,77.572,2017-11-15,cod,48.0,48,False,mg/l,empri-2018
302,BUBNYHngd_kr1-302,Nagadasanahalli Kere,Outlet,13.154722,77.572,2017-11-15,bod,11.5,11.5,False,mg/l,empri-2018
302,BUBNYHngd_kr1-302,Nagadasanahalli Kere,Outlet,13.154722,77.572,2017-11-15,totalPhosphate,0.1,0.1,False,mg/l,empri-2018
302,BUBNYHngd_kr1-302,Nagadasanahalli Kere,Outlet,13.154722,77.572,2017-11-15,tkn,7.0,7,False,mg/l,empri-2018
302,BUBNYHngd_kr1-302,Nagadasanahalli Kere,Outlet,13.154722,77.572,2017-11-15,totalColiform,1600.0,1600,False,MPN/100ml,empri-2018
303,BUBNYHnrp_kr1-303,Narasipura Lake-1,,13.071222,77.558361,2017-11-28,waterTemperature,22.2,22.2,False,°C,empri-2018
303,BUBNYHnrp_kr1-303,Narasipura Lake-1,,13.071222,77.558361,2017-11-28,lightTransparency,18.0,18,False,cm,empri-2018
303,BUBNYHnrp_kr1-303,Narasipura Lake-1,,13.071222,77.558361,2017-11-28,ph,8.1,8.1,False,,empri-2018
303,BUBNYHnrp_kr1-303,Narasipura Lake-1,,13.071222,77.558361,2017-11-28,conductivity,460.0,460,False,µS/cm,empri-2018
303,BUBNYHnrp_kr1-303,Narasipura Lake-1,,13.071222,77.558361,2017-11-28,tds,320.0,320,False,mg/l,empri-2018
303,BUBNYHnrp_kr1-303,Narasipura Lake-1,,13.071222,77.558361,2017-11-28,tss,40.0,40,False,mg/l,empri-2018
303,BUBNYHnrp_kr1-303,Narasipura Lake-1,,13.071222,77.558361,2017-11-28,turbidity,35.0,35,False,NTU,empri-2018
303,BUBNYHnrp_kr1-303,Narasipura Lake-1,,13.071222,77.558361,2017-11-28,dissolvedOxygen,4.2,4.2,False,mg/l,empri-2018
303,BUBNYHnrp_kr1-303,Narasipura Lake-1,,13.071222,77.558361,2017-11-28,cod,48.0,48,False,mg/l,empri-2018
303,BUBNYHnrp_kr1-303,Narasipura Lake-1,,13.071222,77.558361,2017-11-28,bod,18.0,18.0,False,mg/l,empri-2018
303,BUBNYHnrp_kr1-303,Narasipura Lake-1,,13.071222,77.558361,2017-11-28,totalPhosphate,0.4,0.4,False,mg/l,empri-2018
303,BUBNYHnrp_kr1-303,Narasipura Lake-1,,13.071222,77.558361,2017-11-28,tkn,14.0,14,False,mg/l,empri-2018
303,BUBNYHnrp_kr1-303,Narasipura Lake-1,,13.071222,77.558361,2017-11-28,totalColiform,350.0,350,False,MPN/100ml,empri-2018
303,BUBNYHnrp_kr1-303,Narasipura Lake-1,,13.071222,77.558361,2017-11-28,sewageInflow,,No Flow,False,cumecs,empri-2018
304,BUBNYHnrp_kr1-304,Narasipura Lake-2,,13.0765,77.554361,2017-11-28,waterTemperature,24.8,24.8,False,°C,empri-2018
304,BUBNYHnrp_kr1-304,Narasipura Lake-2,,13.0765,77.554361,2017-11-28,lightTransparency,,UM,False,cm,empri-2018
304,BUBNYHnrp_kr1-304,Narasipura Lake-2,,13.0765,77.554361,2017-11-28,ph,7.1,7.1,False,,empri-2018
304,BUBNYHnrp_kr1-304,Narasipura Lake-2,,13.0765,77.554361,2017-11-28,conductivity,930.0,930,False,µS/cm,empri-2018
304,BUBNYHnrp_kr1-304,Narasipura Lake-2,,13.0765,77.554361,2017-11-28,tds,500.0,500,False,mg/l,empri-2018
304,BUBNYHnrp_kr1-304,Narasipura Lake-2,,13.0765,77.554361,2017-11-28,tss,535.0,535,False,mg/l,empri-2018
304,BUBNYHnrp_kr1-304,Narasipura Lake-2,,13.0765,77.554361,2017-11-28,turbidity,685.0,685,False,NTU,empri-2018
304,BUBNYHnrp_kr1-304,Narasipura Lake-2,,13.0765,77.554361,2017-11-28,dissolvedOxygen,0.8,0.8,False,mg/l,empri-2018
304,BUBNYHnrp_kr1-304,Narasipura Lake-2,,13.0765,77.554361,2017-11-28,cod,32.0,32,False,mg/l,empri-2018
304,BUBNYHnrp_kr1-304,Narasipura Lake-2,,13.0765,77.554361,2017-11-28,bod,7.7,7.7,False,mg/l,empri-2018
304,BUBNYHnrp_kr1-304,Narasipura Lake-2,,13.0765,77.554361,2017-11-28,totalPhosphate,0.4,0.4,False,mg/l,empri-2018
304,BUBNYHnrp_kr1-304,Narasipura Lake-2,,13.0765,77.554361,2017-11-28,tkn,28.0,28,False,mg/l,empri-2018
304,BUBNYHnrp_kr1-304,Narasipura Lake-2,,13.0765,77.554361,2017-11-28,totalColiform,70.0,70,False,MPN/100ml,empri-2018
304,BUBNYHnrp_kr1-304,Narasipura Lake-2,,13.0765,77.554361,2017-11-28,sewageInflow,,No Flow,False,cumecs,empri-2018
310,BUBNYHptn_kr6-310,Puttenahalli Lake,,13.112833,77.5785,2017-11-28,waterTemperature,21.3,21.3,False,°C,empri-2018
310,BUBNYHptn_kr6-310,Puttenahalli Lake,,13.112833,77.5785,2017-11-28,lightTransparency,,UM,False,cm,empri-2018
310,BUBNYHptn_kr6-310,Puttenahalli Lake,,13.112833,77.5785,2017-11-28,ph,7.0,7.0,False,,empri-2018
310,BUBNYHptn_kr6-310,Puttenahalli Lake,,13.112833,77.5785,2017-11-28,conductivity,1070.0,1070,False,µS/cm,empri-2018
310,BUBNYHptn_kr6-310,Puttenahalli Lake,,13.112833,77.5785,2017-11-28,tds,850.0,850,False,mg/l,empri-2018
310,BUBNYHptn_kr6-310,Puttenahalli Lake,,13.112833,77.5785,2017-11-28,tss,76.0,76,False,mg/l,empri-2018
310,BUBNYHptn_kr6-310,Puttenahalli Lake,,13.112833,77.5785,2017-11-28,turbidity,47.0,47,False,NTU,empri-2018
310,BUBNYHptn_kr6-310,Puttenahalli Lake,,13.112833,77.5785,2017-11-28,dissolvedOxygen,1.6,1.6,False,mg/l,empri-2018
310,BUBNYHptn_kr6-310,Puttenahalli Lake,,13.112833,77.5785,2017-11-28,cod,360.0,360,False,mg/l,empri-2018
310,BUBNYHptn_kr6-310,Puttenahalli Lake,,13.112833,77.5785,2017-11-28,bod,90.0,90,False,mg/l,empri-2018
310,BUBNYHptn_kr6-310,Puttenahalli Lake,,13.112833,77.5785,2017-11-28,totalPhosphate,0.4,0.4,False,mg/l,empri-2018
310,BUBNYHptn_kr6-310,Puttenahalli Lake,,13.112833,77.5785,2017-11-28,tkn,15.0,15,False,mg/l,empri-2018
310,BUBNYHptn_kr6-310,Puttenahalli Lake,,13.112833,77.5785,2017-11-28,totalColiform,1600.0,>1600,False,MPN/100ml,empri-2018
310,BUBNYHptn_kr6-310,Puttenahalli Lake,,13.112833,77.5785,2017-11-28,sewageInflow,,No Flow,False,cumecs,empri-2018
314,BUBNYHrgh_kr3-314,Ramagondanahalli kere,,13.118806,77.554528,2017-11-28,waterTemperature,29.0,29,False,°C,empri-2018
314,BUBNYHrgh_kr3-314,Ramagondanahalli kere,,13.118806,77.554528,2017-11-28,lightTransparency,7.0,7,False,cm,empri-2018
314,BUBNYHrgh_kr3-314,Ramagondanahalli kere,,13.118806,77.554528,2017-11-28,ph,7.3,7.3,False,,empri-2018
314,BUBNYHrgh_kr3-314,Ramagondanahalli kere,,13.118806,77.554528,2017-11-28,conductivity,275.0,275,False,µS/cm,empri-2018
314,BUBNYHrgh_kr3-314,Ramagondanahalli kere,,13.118806,77.554528,2017-11-28,tds,176.0,176,False,mg/l,empri-2018
314,BUBNYHrgh_kr3-314,Ramagondanahalli kere,,13.118806,77.554528,2017-11-28,tss,89.0,89,False,mg/l,empri-2018
314,BUBNYHrgh_kr3-314,Ramagondanahalli kere,,13.118806,77.554528,2017-11-28,turbidity,63.7,63.7,False,NTU,empri-2018
314,BUBNYHrgh_kr3-314,Ramagondanahalli kere,,13.118806,77.554528,2017-11-28,dissolvedOxygen,3.8,3.8,False,mg/l,empri-2018
314,BUBNYHrgh_kr3-314,Ramagondanahalli kere,,13.118806,77.554528,2017-11-28,cod,16.0,16,False,mg/l,empri-2018
314,BUBNYHrgh_kr3-314,Ramagondanahalli kere,,13.118806,77.554528,2017-11-28,bod,3.8,3.8,False,mg/l,empri-2018
314,BUBNYHrgh_kr3-314,Ramagondanahalli kere,,13.118806,77.554528,2017-11-28,totalPhosphate,0.1,0.1,False,mg/l,empri-2018
314,BUBNYHrgh_kr3-314,Ramagondanahalli kere,,13.118806,77.554528,2017-11-28,tkn,9.0,9,False,mg/l,empri-2018
314,BUBNYHrgh_kr3-314,Ramagondanahalli kere,,13.118806,77.554528,2017-11-28,totalColiform,110.0,110,False,MPN/100ml,empri-2018
314,BUBNYHrgh_kr3-314,Ramagondanahalli kere,,13.118806,77.554528,2017-11-28,sewageInflow,,No Flow,False,cumecs,empri-2018
318,BUBNYHsny_kr4-318,Singanayakayahalli Govt Gokatte,Inlet,13.150194,77.564806,2017-11-15,waterTemperature,26.1,26.1,False,°C,empri-2018
318,BUBNYHsny_kr4-318,Singanayakayahalli Govt Gokatte,Inlet,13.150194,77.564806,2017-11-15,lightTransparency,24.0,24,False,cm,empri-2018
318,BUBNYHsny_kr4-318,Singanayakayahalli Govt Gokatte,Inlet,13.150194,77.564806,2017-11-15,ph,7.8,7.8,False,,empri-2018
318,BUBNYHsny_kr4-318,Singanayakayahalli Govt Gokatte,Inlet,13.150194,77.564806,2017-11-15,conductivity,533.0,533,False,µS/cm,empri-2018
318,BUBNYHsny_kr4-318,Singanayakayahalli Govt Gokatte,Inlet,13.150194,77.564806,2017-11-15,tds,394.0,394,False,mg/l,empri-2018
318,BUBNYHsny_kr4-318,Singanayakayahalli Govt Gokatte,Inlet,13.150194,77.564806,2017-11-15,tss,12.0,12,False,mg/l,empri-2018
318,BUBNYHsny_kr4-318,Singanayakayahalli Govt Gokatte,Inlet,13.150194,77.564806,2017-11-15,turbidity,14.9,14.9,False,NTU,empri-2018
318,BUBNYHsny_kr4-318,Singanayakayahalli Govt Gokatte,Inlet,13.150194,77.564806,2017-11-15,dissolvedOxygen,3.2,3.2,False,mg/l,empri-2018
318,BUBNYHsny_kr4-318,Singanayakayahalli Govt Gokatte,Inlet,13.150194,77.564806,2017-11-15,cod,80.0,80,False,mg/l,empri-2018
318,BUBNYHsny_kr4-318,Singanayakayahalli Govt Gokatte,Inlet,13.150194,77.564806,2017-11-15,bod,19.2,19.2,False,mg/l,empri-2018
318,BUBNYHsny_kr4-318,Singanayakayahalli Govt Gokatte,Inlet,13.150194,77.564806,2017-11-15,totalPhosphate,0.2,0.2,False,mg/l,empri-2018
318,BUBNYHsny_kr4-318,Singanayakayahalli Govt Gokatte,Inlet,13.150194,77.564806,2017-11-15,tkn,14.0,14,False,mg/l,empri-2018
318,BUBNYHsny_kr4-318,Singanayakayahalli Govt Gokatte,Inlet,13.150194,77.564806,2017-11-15,totalColiform,240.0,240,False,MPN/100ml,empri-2018
318,BUBNYHsny_kr4-318,Singanayakayahalli Govt Gokatte,Inlet,13.150194,77.564806,2017-11-15,sewageInflow,,No Flow,False,cumecs,empri-2018
319,BUBNYHsgp_kr1-319,Singapura lake,Inlet,13.086278,77.539806,2017-11-12,waterTemperature,19.0,19,False,°C,empri-2018
319,BUBNYHsgp_kr1-319,Singapura lake,Inlet,13.086278,77.539806,2017-11-12,lightTransparency,9.0,9,False,cm,empri-2018
319,BUBNYHsgp_kr1-319,Singapura lake,Inlet,13.086278,77.539806,2017-11-12,ph,7.9,7.9,False,,empri-2018
319,BUBNYHsgp_kr1-319,Singapura lake,Inlet,13.086278,77.539806,2017-11-12,conductivity,710.0,710,False,µS/cm,empri-2018
319,BUBNYHsgp_kr1-319,Singapura lake,Inlet,13.086278,77.539806,2017-11-12,tds,540.0,540,False,mg/l,empri-2018
319,BUBNYHsgp_kr1-319,Singapura lake,Inlet,13.086278,77.539806,2017-11-12,tss,18.0,18,False,mg/l,empri-2018
319,BUBNYHsgp_kr1-319,Singapura lake,Inlet,13.086278,77.539806,2017-11-12,turbidity,12.0,12,False,NTU,empri-2018
319,BUBNYHsgp_kr1-319,Singapura lake,Inlet,13.086278,77.539806,2017-11-12,dissolvedOxygen,4.0,4.0,False,mg/l,empri-2018
319,BUBNYHsgp_kr1-319,Singapura lake,Inlet,13.086278,77.539806,2017-11-12,cod,98.0,98,False,mg/l,empri-2018
319,BUBNYHsgp_kr1-319,Singapura lake,Inlet,13.086278,77.539806,2017-11-12,bod,8.6,8.6,False,mg/l,empri-2018
319,BUBNYHsgp_kr1-319,Singapura lake,Inlet,13.086278,77.539806,2017-11-12,totalPhosphate,0.4,0.4,False,mg/l,empri-2018
319,BUBNYHsgp_kr1-319,Singapura lake,Inlet,13.086278,77.539806,2017-11-12,tkn,20.0,20,False,mg/l,empri-2018
319,BUBNYHsgp_kr1-319,Singapura lake,Inlet,13.086278,77.539806,2017-11-12,totalColiform,1600.0,>1600,False,MPN/100ml,empri-2018
319,BUBNYHsgp_kr1-319,Singapura lake,Inlet,13.086278,77.539806,2017-11-12,sewageInflow,,No Flow,False,cumecs,empri-2018
328,BUBNYHtrm_kr1-328,Thirumenahalli lake,,13.092389,77.629306,2017-11-15,waterTemperature,29.1,29.1,False,°C,empri-2018
328,BUBNYHtrm_kr1-328,Thirumenahalli lake,,13.092389,77.629306,2017-11-15,lightTransparency,19.0,19,False,cm,empri-2018
328,BUBNYHtrm_kr1-328,Thirumenahalli lake,,13.092389,77.629306,2017-11-15,ph,7.7,7.7,False,,empri-2018
328,BUBNYHtrm_kr1-328,Thirumenahalli lake,,13.092389,77.629306,2017-11-15,conductivity,524.0,524,False,µS/cm,empri-2018
328,BUBNYHtrm_kr1-328,Thirumenahalli lake,,13.092389,77.629306,2017-11-15,tds,384.0,384,False,mg/l,empri-2018
328,BUBNYHtrm_kr1-328,Thirumenahalli lake,,13.092389,77.629306,2017-11-15,tss,74.0,74,False,mg/l,empri-2018
328,BUBNYHtrm_kr1-328,Thirumenahalli lake,,13.092389,77.629306,2017-11-15,turbidity,18.1,18.1,False,NTU,empri-2018
328,BUBNYHtrm_kr1-328,Thirumenahalli lake,,13.092389,77.629306,2017-11-15,dissolvedOxygen,5.6,5.6,False,mg/l,empri-2018
328,BUBNYHtrm_kr1-328,Thirumenahalli lake,,13.092389,77.629306,2017-11-15,cod,32.0,32,False,mg/l,empri-2018
328,BUBNYHtrm_kr1-328,Thirumenahalli lake,,13.092389,77.629306,2017-11-15,bod,26.9,26.9,False,mg/l,empri-2018
328,BUBNYHtrm_kr1-328,Thirumenahalli lake,,13.092389,77.629306,2017-11-15,totalPhosphate,0.1,0.1,False,mg/l,empri-2018
328,BUBNYHtrm_kr1-328,Thirumenahalli lake,,13.092389,77.629306,2017-11-15,tkn,7.0,7,False,mg/l,empri-2018
328,BUBNYHtrm_kr1-328,Thirumenahalli lake,,13.092389,77.629306,2017-11-15,totalColiform,8.0,8,False,MPN/100ml,empri-2018
328,BUBNYHtrm_kr1-328,Thirumenahalli lake,,13.092389,77.629306,2017-11-15,sewageInflow,,No Flow,False,cumecs,empri-2018
329,BUBNYHvdr_kr1-329,Vaderahalli kere,,13.094306,77.540778,2017-11-22,waterTemperature,31.8,31.8,False,°C,empri-2018
329,BUBNYHvdr_kr1-329,Vaderahalli kere,,13.094306,77.540778,2017-11-22,lightTransparency,7.0,7,False,cm,empri-2018
329,BUBNYHvdr_kr1-329,Vaderahalli kere,,13.094306,77.540778,2017-11-22,ph,7.2,7.2,False,,empri-2018
329,BUBNYHvdr_kr1-329,Vaderahalli kere,,13.094306,77.540778,2017-11-22,conductivity,426.0,426,False,µS/cm,empri-2018
329,BUBNYHvdr_kr1-329,Vaderahalli kere,,13.094306,77.540778,2017-11-22,tds,356.0,356,False,mg/l,empri-2018
329,BUBNYHvdr_kr1-329,Vaderahalli kere,,13.094306,77.540778,2017-11-22,tss,139.0,139,False,mg/l,empri-2018
329,BUBNYHvdr_kr1-329,Vaderahalli kere,,13.094306,77.540778,2017-11-22,turbidity,42.6,42.6,False,NTU,empri-2018
329,BUBNYHvdr_kr1-329,Vaderahalli kere,,13.094306,77.540778,2017-11-22,dissolvedOxygen,2.4,2.4,False,mg/l,empri-2018
329,BUBNYHvdr_kr1-329,Vaderahalli kere,,13.094306,77.540778,2017-11-22,cod,16.0,16,False,mg/l,empri-2018
329,BUBNYHvdr_kr1-329,Vaderahalli kere,,13.094306,77.540778,2017-11-22,bod,3.8,3.8,False,mg/l,empri-2018
329,BUBNYHvdr_kr1-329,Vaderahalli kere,,13.094306,77.540778,2017-11-22,totalPhosphate,0.2,0.2,False,mg/l,empri-2018
329,BUBNYHvdr_kr1-329,Vaderahalli kere,,13.094306,77.540778,2017-11-22,tkn,24.0,24,False,mg/l,empri-2018
329,BUBNYHvdr_kr1-329,Vaderahalli kere,,13.094306,77.540778,2017-11-22,totalColiform,350.0,350,False,MPN/100ml,empri-2018
329,BUBNYHvdr_kr1-329,Vaderahalli kere,,13.094306,77.540778,2017-11-22,sewageInflow,,No Flow,False,cumecs,empri-2018
331,BUBNYHvkp_kr1-331,Venkateshapur a lake,Inlet,13.078389,77.624417,2017-11-15,waterTemperature,28.7,28.7,False,°C,empri-2018
331,BUBNYHvkp_kr1-331,Venkateshapur a lake,Inlet,13.078389,77.624417,2017-11-15,lightTransparency,,UM,False,cm,empri-2018
331,BUBNYHvkp_kr1-331,Venkateshapur a lake,Inlet,13.078389,77.624417,2017-11-15,ph,7.2,7.2,False,,empri-2018
331,BUBNYHvkp_kr1-331,Venkateshapur a lake,Inlet,13.078389,77.624417,2017-11-15,conductivity,574.0,574,False,µS/cm,empri-2018
331,BUBNYHvkp_kr1-331,Venkateshapur a lake,Inlet,13.078389,77.624417,2017-11-15,tds,408.0,408,False,mg/l,empri-2018
331,BUBNYHvkp_kr1-331,Venkateshapur a lake,Inlet,13.078389,77.624417,2017-11-15,tss,12.0,12,False,mg/l,empri-2018
331,BUBNYHvkp_kr1-331,Venkateshapur a lake,Inlet,13.078389,77.624417,2017-11-15,turbidity,3.1,3.1,False,NTU,empri-2018
331,BUBNYHvkp_kr1-331,Venkateshapur a lake,Inlet,13.078389,77.624417,2017-11-15,dissolvedOxygen,0.2,0.2,False,mg/l,empri-2018
331,BUBNYHvkp_kr1-331,Venkateshapur a lake,Inlet,13.078389,77.624417,2017-11-15,cod,48.0,48,False,mg/l,empri-2018
331,BUBNYHvkp_kr1-331,Venkateshapur a lake,Inlet,13.078389,77.624417,2017-11-15,bod,15.4,15.4,False,mg/l,empri-2018
331,BUBNYHvkp_kr1-331,Venkateshapur a lake,Inlet,13.078389,77.624417,2017-11-15,totalPhosphate,0.1,0.1,False,mg/l,empri-2018
331,BUBNYHvkp_kr1-331,Venkateshapur a lake,Inlet,13.078389,77.624417,2017-11-15,tkn,14.0,14,False,mg/l,empri-2018
331,BUBNYHvkp_kr1-331,Venkateshapur a lake,Inlet,13.078389,77.624417,2017-11-15,totalColiform,110.0,110,False,MPN/100ml,empri-2018
331,BUBNYHvkp_kr1-331,Venkateshapur a lake,Inlet,13.078389,77.624417,2017-11-15,sewageInflow,,No Flow,False,cumecs,empri-2018
331,BUBNYHvkp_kr1-331,Venkateshapur a lake,Outlet,13.076278,77.623528,2017-11-15,waterTemperature,26.0,26,False,°C,empri-2018
331,BUBNYHvkp_kr1-331,Venkateshapur a lake,Outlet,13.076278,77.623528,2017-11-15,lightTransparency,,UM,False,cm,empri-2018
331,BUBNYHvkp_kr1-331,Venkateshapur a lake,Outlet,13.076278,77.623528,2017-11-15,ph,7.2,7.2,False,,empri-2018
331,BUBNYHvkp_kr1-331,Venkateshapur a lake,Outlet,13.076278,77.623528,2017-11-15,conductivity,574.0,574,False,µS/cm,empri-2018
331,BUBNYHvkp_kr1-331,Venkateshapur a lake,Outlet,13.076278,77.623528,2017-11-15,tds,418.0,418,False,mg/l,empri-2018
331,BUBNYHvkp_kr1-331,Venkateshapur a lake,Outlet,13.076278,77.623528,2017-11-15,tss,110.0,110,False,mg/l,empri-2018
331,BUBNYHvkp_kr1-331,Venkateshapur a lake,Outlet,13.076278,77.623528,2017-11-15,turbidity,116.2,116.2,False,NTU,empri-2018
331,BUBNYHvkp_kr1-331,Venkateshapur a lake,Outlet,13.076278,77.623528,2017-11-15,dissolvedOxygen,2.2,2.2,False,mg/l,empri-2018
331,BUBNYHvkp_kr1-331,Venkateshapur a lake,Outlet,13.076278,77.623528,2017-11-15,cod,112.0,112,False,mg/l,empri-2018
331,BUBNYHvkp_kr1-331,Venkateshapur a lake,Outlet,13.076278,77.623528,2017-11-15,bod,26.9,26.9,False,mg/l,empri-2018
331,BUBNYHvkp_kr1-331,Venkateshapur a lake,Outlet,13.076278,77.623528,2017-11-15,totalPhosphate,0.1,0.1,False,mg/l,empri-2018
331,BUBNYHvkp_kr1-331,Venkateshapur a lake,Outlet,13.076278,77.623528,2017-11-15,tkn,14.0,14,False,mg/l,empri-2018
331,BUBNYHvkp_kr1-331,Venkateshapur a lake,Outlet,13.076278,77.623528,2017-11-15,totalColiform,900.0,900,False,MPN/100ml,empri-2018
334,BUBNJLbth_kr2-334,Bettahalsur kere,,13.161278,77.612972,2017-11-14,waterTemperature,26.3,26.3,False,°C,empri-2018
334,BUBNJLbth_kr2-334,Bettahalsur kere,,13.161278,77.612972,2017-11-14,lightTransparency,25.0,25,False,cm,empri-2018
334,BUBNJLbth_kr2-334,Bettahalsur kere,,13.161278,77.612972,2017-11-14,ph,7.5,7.5,False,,empri-2018
334,BUBNJLbth_kr2-334,Bettahalsur kere,,13.161278,77.612972,2017-11-14,conductivity,367.0,367,False,µS/cm,empri-2018
334,BUBNJLbth_kr2-334,Bettahalsur kere,,13.161278,77.612972,2017-11-14,tds,300.0,300,False,mg/l,empri-2018
334,BUBNJLbth_kr2-334,Bettahalsur kere,,13.161278,77.612972,2017-11-14,tss,40.0,40,False,mg/l,empri-2018
334,BUBNJLbth_kr2-334,Bettahalsur kere,,13.161278,77.612972,2017-11-14,turbidity,9.0,9,False,NTU,empri-2018
334,BUBNJLbth_kr2-334,Bettahalsur kere,,13.161278,77.612972,2017-11-14,dissolvedOxygen,1.0,1.0,False,mg/l,empri-2018
334,BUBNJLbth_kr2-334,Bettahalsur kere,,13.161278,77.612972,2017-11-14,cod,128.0,128,False,mg/l,empri-2018
334,BUBNJLbth_kr2-334,Bettahalsur kere,,13.161278,77.612972,2017-11-14,bod,30.7,30.7,False,mg/l,empri-2018
334,BUBNJLbth_kr2-334,Bettahalsur kere,,13.161278,77.612972,2017-11-14,totalPhosphate,0.1,0.1,False,mg/l,empri-2018
334,BUBNJLbth_kr2-334,Bettahalsur kere,,13.161278,77.612972,2017-11-14,tkn,28.0,28,False,mg/l,empri-2018
334,BUBNJLbth_kr2-334,Bettahalsur kere,,13.161278,77.612972,2017-11-14,totalColiform,1600.0,1600,False,MPN/100ml,empri-2018
334,BUBNJLbth_kr2-334,Bettahalsur kere,,13.161278,77.612972,2017-11-14,sewageInflow,,No Flow,False,cumecs,empri-2018
343,BUBNJLcgl_kr5-343,Chagalatti kere,Inlet,13.115972,77.664361,2017-11-14,waterTemperature,25.2,25.2,False,°C,empri-2018
343,BUBNJLcgl_kr5-343,Chagalatti kere,Inlet,13.115972,77.664361,2017-11-14,lightTransparency,5.0,5,False,cm,empri-2018
343,BUBNJLcgl_kr5-343,Chagalatti kere,Inlet,13.115972,77.664361,2017-11-14,ph,7.4,7.4,False,,empri-2018
343,BUBNJLcgl_kr5-343,Chagalatti kere,Inlet,13.115972,77.664361,2017-11-14,conductivity,223.0,223,False,µS/cm,empri-2018
343,BUBNJLcgl_kr5-343,Chagalatti kere,Inlet,13.115972,77.664361,2017-11-14,tds,141.0,141,False,mg/l,empri-2018
343,BUBNJLcgl_kr5-343,Chagalatti kere,Inlet,13.115972,77.664361,2017-11-14,tss,36.0,36,False,mg/l,empri-2018
343,BUBNJLcgl_kr5-343,Chagalatti kere,Inlet,13.115972,77.664361,2017-11-14,turbidity,118.9,118.9,False,NTU,empri-2018
343,BUBNJLcgl_kr5-343,Chagalatti kere,Inlet,13.115972,77.664361,2017-11-14,dissolvedOxygen,6.0,6,False,mg/l,empri-2018
343,BUBNJLcgl_kr5-343,Chagalatti kere,Inlet,13.115972,77.664361,2017-11-14,cod,112.0,112,False,mg/l,empri-2018
343,BUBNJLcgl_kr5-343,Chagalatti kere,Inlet,13.115972,77.664361,2017-11-14,bod,26.9,26.9,False,mg/l,empri-2018
343,BUBNJLcgl_kr5-343,Chagalatti kere,Inlet,13.115972,77.664361,2017-11-14,totalPhosphate,0.1,0.1,False,mg/l,empri-2018
343,BUBNJLcgl_kr5-343,Chagalatti kere,Inlet,13.115972,77.664361,2017-11-14,tkn,14.0,14,False,mg/l,empri-2018
343,BUBNJLcgl_kr5-343,Chagalatti kere,Inlet,13.115972,77.664361,2017-11-14,totalColiform,1600.0,>1600,False,MPN/100ml,empri-2018
343,BUBNJLcgl_kr5-343,Chagalatti kere,Inlet,13.115972,77.664361,2017-11-14,sewageInflow,,No Flow,False,cumecs,empri-2018
343,BUBNJLcgl_kr5-343,Chagalatti kere,Outlet,13.118,77.665056,2017-11-14,waterTemperature,24.0,24,False,°C,empri-2018
343,BUBNJLcgl_kr5-343,Chagalatti kere,Outlet,13.118,77.665056,2017-11-14,lightTransparency,4.0,4,False,cm,empri-2018
343,BUBNJLcgl_kr5-343,Chagalatti kere,Outlet,13.118,77.665056,2017-11-14,ph,7.8,7.8,False,,empri-2018
343,BUBNJLcgl_kr5-343,Chagalatti kere,Outlet,13.118,77.665056,2017-11-14,conductivity,222.0,222,False,µS/cm,empri-2018
343,BUBNJLcgl_kr5-343,Chagalatti kere,Outlet,13.118,77.665056,2017-11-14,tds,137.0,137,False,mg/l,empri-2018
343,BUBNJLcgl_kr5-343,Chagalatti kere,Outlet,13.118,77.665056,2017-11-14,tss,56.0,56,False,mg/l,empri-2018
343,BUBNJLcgl_kr5-343,Chagalatti kere,Outlet,13.118,77.665056,2017-11-14,turbidity,117.7,117.7,False,NTU,empri-2018
343,BUBNJLcgl_kr5-343,Chagalatti kere,Outlet,13.118,77.665056,2017-11-14,dissolvedOxygen,4.2,4.2,False,mg/l,empri-2018
343,BUBNJLcgl_kr5-343,Chagalatti kere,Outlet,13.118,77.665056,2017-11-14,cod,32.0,32,False,mg/l,empri-2018
343,BUBNJLcgl_kr5-343,Chagalatti kere,Outlet,13.118,77.665056,2017-11-14,bod,7.7,7.7,False,mg/l,empri-2018
343,BUBNJLcgl_kr5-343,Chagalatti kere,Outlet,13.118,77.665056,2017-11-14,totalPhosphate,0.1,0.1,False,mg/l,empri-2018
343,BUBNJLcgl_kr5-343,Chagalatti kere,Outlet,13.118,77.665056,2017-11-14,tkn,14.0,14,False,mg/l,empri-2018
343,BUBNJLcgl_kr5-343,Chagalatti kere,Outlet,13.118,77.665056,2017-11-14,totalColiform,2.0,2,False,MPN/100ml,empri-2018
348,BUBNJLhsm_kr1-348,Kodatti Kere,Inlet,13.140306,77.627917,2017-11-14,waterTemperature,25.1,25.1,False,°C,empri-2018
348,BUBNJLhsm_kr1-348,Kodatti Kere,Inlet,13.140306,77.627917,2017-11-14,lightTransparency,18.0,18,False,cm,empri-2018
348,BUBNJLhsm_kr1-348,Kodatti Kere,Inlet,13.140306,77.627917,2017-11-14,ph,7.6,7.6,False,,empri-2018
348,BUBNJLhsm_kr1-348,Kodatti Kere,Inlet,13.140306,77.627917,2017-11-14,conductivity,645.0,645,False,µS/cm,empri-2018
348,BUBNJLhsm_kr1-348,Kodatti Kere,Inlet,13.140306,77.627917,2017-11-14,tds,490.0,490,False,mg/l,empri-2018
348,BUBNJLhsm_kr1-348,Kodatti Kere,Inlet,13.140306,77.627917,2017-11-14,tss,66.0,66,False,mg/l,empri-2018
348,BUBNJLhsm_kr1-348,Kodatti Kere,Inlet,13.140306,77.627917,2017-11-14,turbidity,9.2,9.2,False,NTU,empri-2018
348,BUBNJLhsm_kr1-348,Kodatti Kere,Inlet,13.140306,77.627917,2017-11-14,dissolvedOxygen,2.2,2.2,False,mg/l,empri-2018
348,BUBNJLhsm_kr1-348,Kodatti Kere,Inlet,13.140306,77.627917,2017-11-14,cod,160.0,160,False,mg/l,empri-2018
348,BUBNJLhsm_kr1-348,Kodatti Kere,Inlet,13.140306,77.627917,2017-11-14,bod,38.4,38.4,False,mg/l,empri-2018
348,BUBNJLhsm_kr1-348,Kodatti Kere,Inlet,13.140306,77.627917,2017-11-14,totalPhosphate,0.1,0.1,False,mg/l,empri-2018
348,BUBNJLhsm_kr1-348,Kodatti Kere,Inlet,13.140306,77.627917,2017-11-14,tkn,21.0,21,False,mg/l,empri-2018
348,BUBNJLhsm_kr1-348,Kodatti Kere,Inlet,13.140306,77.627917,2017-11-14,totalColiform,1600.0,>1600,False,MPN/100ml,empri-2018
348,BUBNJLhsm_kr1-348,Kodatti Kere,Inlet,13.140306,77.627917,2017-11-14,sewageInflow,,No Flow,False,cumecs,empri-2018
348,BUBNJLhsm_kr1-348,Kodatti Kere,Outlet,13.138472,77.627917,2017-11-14,waterTemperature,27.0,27,False,°C,empri-2018
348,BUBNJLhsm_kr1-348,Kodatti Kere,Outlet,13.138472,77.627917,2017-11-14,lightTransparency,9.0,9,False,cm,empri-2018
348,BUBNJLhsm_kr1-348,Kodatti Kere,Outlet,13.138472,77.627917,2017-11-14,ph,7.3,7.3.,False,,empri-2018
348,BUBNJLhsm_kr1-348,Kodatti Kere,Outlet,13.138472,77.627917,2017-11-14,conductivity,665.0,665,False,µS/cm,empri-2018
348,BUBNJLhsm_kr1-348,Kodatti Kere,Outlet,13.138472,77.627917,2017-11-14,tds,510.0,510,False,mg/l,empri-2018
348,BUBNJLhsm_kr1-348,Kodatti Kere,Outlet,13.138472,77.627917,2017-11-14,tss,34.0,34,False,mg/l,empri-2018
348,BUBNJLhsm_kr1-348,Kodatti Kere,Outlet,13.138472,77.627917,2017-11-14,turbidity,7.9,7.9,False,NTU,empri-2018
348,BUBNJLhsm_kr1-348,Kodatti Kere,Outlet,13.138472,77.627917,2017-11-14,dissolvedOxygen,3.2,3.2,False,mg/l,empri-2018
348,BUBNJLhsm_kr1-348,Kodatti Kere,Outlet,13.138472,77.627917,2017-11-14,cod,144.0,144,False,mg/l,empri-2018
348,BUBNJLhsm_kr1-348,Kodatti Kere,Outlet,13.138472,77.627917,2017-11-14,bod,34.6,34.6,False,mg/l,empri-2018
348,BUBNJLhsm_kr1-348,Kodatti Kere,Outlet,13.138472,77.627917,2017-11-14,totalPhosphate,0.1,0.1,False,mg/l,empri-2018
348,BUBNJLhsm_kr1-348,Kodatti Kere,Outlet,13.138472,77.627917,2017-11-14,tkn,14.0,14,False,mg/l,empri-2018
348,BUBNJLhsm_kr1-348,Kodatti Kere,Outlet,13.138472,77.627917,2017-11-14,totalColiform,500.0,500,False,MPN/100ml,empri-2018
349,BUBNJLhsm_kr2-349,Hunasemaranahalli kere,,13.140694,77.615583,2017-11-14,waterTemperature,24.9,24.9,False,°C,empri-2018
349,BUBNJLhsm_kr2-349,Hunasemaranahalli kere,,13.140694,77.615583,2017-11-14,lightTransparency,22.0,22,False,cm,empri-2018
349,BUBNJLhsm_kr2-349,Hunasemaranahalli kere,,13.140694,77.615583,2017-11-14,ph,7.3,7.3,False,,empri-2018
349,BUBNJLhsm_kr2-349,Hunasemaranahalli kere,,13.140694,77.615583,2017-11-14,conductivity,383.0,383,False,µS/cm,empri-2018
349,BUBNJLhsm_kr2-349,Hunasemaranahalli kere,,13.140694,77.615583,2017-11-14,tds,330.0,330,False,mg/l,empri-2018
349,BUBNJLhsm_kr2-349,Hunasemaranahalli kere,,13.140694,77.615583,2017-11-14,tss,44.0,44,False,mg/l,empri-2018
349,BUBNJLhsm_kr2-349,Hunasemaranahalli kere,,13.140694,77.615583,2017-11-14,turbidity,8.9,8.9,False,NTU,empri-2018
349,BUBNJLhsm_kr2-349,Hunasemaranahalli kere,,13.140694,77.615583,2017-11-14,dissolvedOxygen,4.6,4.6,False,mg/l,empri-2018
349,BUBNJLhsm_kr2-349,Hunasemaranahalli kere,,13.140694,77.615583,2017-11-14,cod,112.0,112,False,mg/l,empri-2018
349,BUBNJLhsm_kr2-349,Hunasemaranahalli kere,,13.140694,77.615583,2017-11-14,bod,26.9,26.9,False,mg/l,empri-2018
349,BUBNJLhsm_kr2-349,Hunasemaranahalli kere,,13.140694,77.615583,2017-11-14,totalPhosphate,0.1,0.1,False,mg/l,empri-2018
349,BUBNJLhsm_kr2-349,Hunasemaranahalli kere,,13.140694,77.615583,2017-11-14,tkn,14.0,14,False,mg/l,empri-2018
349,BUBNJLhsm_kr2-349,Hunasemaranahalli kere,,13.140694,77.615583,2017-11-14,totalColiform,1600.0,>1600,False,MPN/100ml,empri-2018
349,BUBNJLhsm_kr2-349,Hunasemaranahalli kere,,13.140694,77.615583,2017-11-14,sewageInflow,,No Flow,False,cumecs,empri-2018
350,BUBNJLktn_kr1-350,Kattigenahalli lake,Inlet,13.115028,77.63025,2017-11-14,waterTemperature,25.9,25.9,False,°C,empri-2018
350,BUBNJLktn_kr1-350,Kattigenahalli lake,Inlet,13.115028,77.63025,2017-11-14,lightTransparency,,UM,False,cm,empri-2018
350,BUBNJLktn_kr1-350,Kattigenahalli lake,Inlet,13.115028,77.63025,2017-11-14,ph,7.3,7.3,False,,empri-2018
350,BUBNJLktn_kr1-350,Kattigenahalli lake,Inlet,13.115028,77.63025,2017-11-14,conductivity,680.0,680,False,µS/cm,empri-2018
350,BUBNJLktn_kr1-350,Kattigenahalli lake,Inlet,13.115028,77.63025,2017-11-14,tds,454.0,454,False,mg/l,empri-2018
350,BUBNJLktn_kr1-350,Kattigenahalli lake,Inlet,13.115028,77.63025,2017-11-14,tss,250.0,250,False,mg/l,empri-2018
350,BUBNJLktn_kr1-350,Kattigenahalli lake,Inlet,13.115028,77.63025,2017-11-14,turbidity,856.0,856,False,NTU,empri-2018
350,BUBNJLktn_kr1-350,Kattigenahalli lake,Inlet,13.115028,77.63025,2017-11-14,dissolvedOxygen,1.0,1.0,False,mg/l,empri-2018
350,BUBNJLktn_kr1-350,Kattigenahalli lake,Inlet,13.115028,77.63025,2017-11-14,cod,336.0,336,False,mg/l,empri-2018
350,BUBNJLktn_kr1-350,Kattigenahalli lake,Inlet,13.115028,77.63025,2017-11-14,bod,80.6,80.6,False,mg/l,empri-2018
350,BUBNJLktn_kr1-350,Kattigenahalli lake,Inlet,13.115028,77.63025,2017-11-14,totalPhosphate,1.3,1.3,False,mg/l,empri-2018
350,BUBNJLktn_kr1-350,Kattigenahalli lake,Inlet,13.115028,77.63025,2017-11-14,tkn,42.0,42,False,mg/l,empri-2018
350,BUBNJLktn_kr1-350,Kattigenahalli lake,Inlet,13.115028,77.63025,2017-11-14,totalColiform,1600.0,>1600,False,MPN/100ml,empri-2018
350,BUBNJLktn_kr1-350,Kattigenahalli lake,Inlet,13.115028,77.63025,2017-11-14,sewageInflow,0.073,0.073,False,cumecs,empri-2018
350,BUBNJLktn_kr1-350,Kattigenahalli lake,Outlet,13.113167,77.627861,2017-11-14,waterTemperature,26.8,26.8,False,°C,empri-2018
350,BUBNJLktn_kr1-350,Kattigenahalli lake,Outlet,13.113167,77.627861,2017-11-14,lightTransparency,4.0,4,False,cm,empri-2018
350,BUBNJLktn_kr1-350,Kattigenahalli lake,Outlet,13.113167,77.627861,2017-11-14,ph,7.9,7.9,False,,empri-2018
350,BUBNJLktn_kr1-350,Kattigenahalli lake,Outlet,13.113167,77.627861,2017-11-14,conductivity,579.0,579,False,µS/cm,empri-2018
350,BUBNJLktn_kr1-350,Kattigenahalli lake,Outlet,13.113167,77.627861,2017-11-14,tds,512.0,512,False,mg/l,empri-2018
350,BUBNJLktn_kr1-350,Kattigenahalli lake,Outlet,13.113167,77.627861,2017-11-14,tss,102.0,102,False,mg/l,empri-2018
350,BUBNJLktn_kr1-350,Kattigenahalli lake,Outlet,13.113167,77.627861,2017-11-14,turbidity,195.2,195.2,False,NTU,empri-2018
350,BUBNJLktn_kr1-350,Kattigenahalli lake,Outlet,13.113167,77.627861,2017-11-14,dissolvedOxygen,8.8,8.8,False,mg/l,empri-2018
350,BUBNJLktn_kr1-350,Kattigenahalli lake,Outlet,13.113167,77.627861,2017-11-14,cod,224.0,224,False,mg/l,empri-2018
350,BUBNJLktn_kr1-350,Kattigenahalli lake,Outlet,13.113167,77.627861,2017-11-14,bod,53.8,53.8,False,mg/l,empri-2018
350,BUBNJLktn_kr1-350,Kattigenahalli lake,Outlet,13.113167,77.627861,2017-11-14,totalPhosphate,0.4,0.4,False,mg/l,empri-2018
350,BUBNJLktn_kr1-350,Kattigenahalli lake,Outlet,13.113167,77.627861,2017-11-14,tkn,21.0,21,False,mg/l,empri-2018
350,BUBNJLktn_kr1-350,Kattigenahalli lake,Outlet,13.113167,77.627861,2017-11-14,totalColiform,500.0,500,False,MPN/100ml,empri-2018
351,BUBNJLktn_kr1-351,Kattigenahalli karabu lake,,13.115472,77.616694,2017-11-14,waterTemperature,25.6,25.6,False,°C,empri-2018
351,BUBNJLktn_kr1-351,Kattigenahalli karabu lake,,13.115472,77.616694,2017-11-14,lightTransparency,22.0,22,False,cm,empri-2018
351,BUBNJLktn_kr1-351,Kattigenahalli karabu lake,,13.115472,77.616694,2017-11-14,ph,7.2,7.2,False,,empri-2018
351,BUBNJLktn_kr1-351,Kattigenahalli karabu lake,,13.115472,77.616694,2017-11-14,conductivity,549.0,549,False,µS/cm,empri-2018
351,BUBNJLktn_kr1-351,Kattigenahalli karabu lake,,13.115472,77.616694,2017-11-14,tds,350.0,350,False,mg/l,empri-2018
351,BUBNJLktn_kr1-351,Kattigenahalli karabu lake,,13.115472,77.616694,2017-11-14,tss,145.0,145,False,mg/l,empri-2018
351,BUBNJLktn_kr1-351,Kattigenahalli karabu lake,,13.115472,77.616694,2017-11-14,turbidity,39.5,39.5,False,NTU,empri-2018
351,BUBNJLktn_kr1-351,Kattigenahalli karabu lake,,13.115472,77.616694,2017-11-14,dissolvedOxygen,3.0,3,False,mg/l,empri-2018
351,BUBNJLktn_kr1-351,Kattigenahalli karabu lake,,13.115472,77.616694,2017-11-14,cod,112.0,112,False,mg/l,empri-2018
351,BUBNJLktn_kr1-351,Kattigenahalli karabu lake,,13.115472,77.616694,2017-11-14,bod,26.9,26.9,False,mg/l,empri-2018
351,BUBNJLktn_kr1-351,Kattigenahalli karabu lake,,13.115472,77.616694,2017-11-14,totalPhosphate,0.1,0.1,False,mg/l,empri-2018
351,BUBNJLktn_kr1-351,Kattigenahalli karabu lake,,13.115472,77.616694,2017-11-14,tkn,14.0,14,False,mg/l,empri-2018
351,BUBNJLktn_kr1-351,Kattigenahalli karabu lake,,13.115472,77.616694,2017-11-14,totalColiform,900.0,900,False,MPN/100ml,empri-2018
351,BUBNJLktn_kr1-351,Kattigenahalli karabu lake,,13.115472,77.616694,2017-11-14,sewageInflow,,No Flow,False,cumecs,empri-2018
356,BUBNJLmrn_kr5-356,Marenahalli kere,,13.111444,77.679667,2017-11-14,waterTemperature,27.0,27,False,°C,empri-2018
356,BUBNJLmrn_kr5-356,Marenahalli kere,,13.111444,77.679667,2017-11-14,lightTransparency,12.0,12,False,cm,empri-2018
356,BUBNJLmrn_kr5-356,Marenahalli kere,,13.111444,77.679667,2017-11-14,ph,7.3,7.3,False,,empri-2018
356,BUBNJLmrn_kr5-356,Marenahalli kere,,13.111444,77.679667,2017-11-14,conductivity,327.0,327,False,µS/cm,empri-2018
356,BUBNJLmrn_kr5-356,Marenahalli kere,,13.111444,77.679667,2017-11-14,tds,274.0,274,False,mg/l,empri-2018
356,BUBNJLmrn_kr5-356,Marenahalli kere,,13.111444,77.679667,2017-11-14,tss,4.0,4,False,mg/l,empri-2018
356,BUBNJLmrn_kr5-356,Marenahalli kere,,13.111444,77.679667,2017-11-14,turbidity,12.5,12.5,False,NTU,empri-2018
356,BUBNJLmrn_kr5-356,Marenahalli kere,,13.111444,77.679667,2017-11-14,dissolvedOxygen,2.2,2.2,False,mg/l,empri-2018
356,BUBNJLmrn_kr5-356,Marenahalli kere,,13.111444,77.679667,2017-11-14,cod,16.0,16,False,mg/l,empri-2018
356,BUBNJLmrn_kr5-356,Marenahalli kere,,13.111444,77.679667,2017-11-14,bod,3.8,3.8,False,mg/l,empri-2018
356,BUBNJLmrn_kr5-356,Marenahalli kere,,13.111444,77.679667,2017-11-14,totalPhosphate,0.1,0.1,False,mg/l,empri-2018
356,BUBNJLmrn_kr5-356,Marenahalli kere,,13.111444,77.679667,2017-11-14,tkn,14.0,14,False,mg/l,empri-2018
356,BUBNJLmrn_kr5-356,Marenahalli kere,,13.111444,77.679667,2017-11-14,totalColiform,1600.0,>1600,False,MPN/100ml,empri-2018
356,BUBNJLmrn_kr5-356,Marenahalli kere,,13.111444,77.679667,2017-11-14,sewageInflow,,No Flow,False,cumecs,empri-2018
357,BUBNJLnkt_kr1-357,Nellakunte kere,,13.153278,77.597889,2017-11-14,waterTemperature,26.0,26,False,°C,empri-2018
357,BUBNJLnkt_kr1-357,Nellakunte kere,,13.153278,77.597889,2017-11-14,lightTransparency,5.0,5,False,cm,empri-2018
357,BUBNJLnkt_kr1-357,Nellakunte kere,,13.153278,77.597889,2017-11-14,ph,6.9,6.9,False,,empri-2018
357,BUBNJLnkt_kr1-357,Nellakunte kere,,13.153278,77.597889,2017-11-14,conductivity,136.0,136,False,µS/cm,empri-2018
357,BUBNJLnkt_kr1-357,Nellakunte kere,,13.153278,77.597889,2017-11-14,tds,88.0,88,False,mg/l,empri-2018
357,BUBNJLnkt_kr1-357,Nellakunte kere,,13.153278,77.597889,2017-11-14,tss,160.0,160,False,mg/l,empri-2018
357,BUBNJLnkt_kr1-357,Nellakunte kere,,13.153278,77.597889,2017-11-14,turbidity,265.8,265.8,False,NTU,empri-2018
357,BUBNJLnkt_kr1-357,Nellakunte kere,,13.153278,77.597889,2017-11-14,dissolvedOxygen,2.2,2.2,False,mg/l,empri-2018
357,BUBNJLnkt_kr1-357,Nellakunte kere,,13.153278,77.597889,2017-11-14,cod,112.0,112,False,mg/l,empri-2018
357,BUBNJLnkt_kr1-357,Nellakunte kere,,13.153278,77.597889,2017-11-14,bod,26.9,26.9,False,mg/l,empri-2018
357,BUBNJLnkt_kr1-357,Nellakunte kere,,13.153278,77.597889,2017-11-14,totalPhosphate,0.1,0.1,False,mg/l,empri-2018
357,BUBNJLnkt_kr1-357,Nellakunte kere,,13.153278,77.597889,2017-11-14,tkn,7.0,7,False,mg/l,empri-2018
357,BUBNJLnkt_kr1-357,Nellakunte kere,,13.153278,77.597889,2017-11-14,totalColiform,900.0,900,False,MPN/100ml,empri-2018
357,BUBNJLnkt_kr1-357,Nellakunte kere,,13.153278,77.597889,2017-11-14,sewageInflow,,No Flow,False,cumecs,empri-2018
361,BUBNJLstn_kr4-361,Sathanur karabu 4,,13.132,77.651722,2017-11-14,waterTemperature,24.3,24.3,False,°C,empri-2018
361,BUBNJLstn_kr4-361,Sathanur karabu 4,,13.132,77.651722,2017-11-14,lightTransparency,11.0,11,False,cm,empri-2018
361,BUBNJLstn_kr4-361,Sathanur karabu 4,,13.132,77.651722,2017-11-14,ph,7.1,7.1,False,,empri-2018
361,BUBNJLstn_kr4-361,Sathanur karabu 4,,13.132,77.651722,2017-11-14,conductivity,238.0,238,False,µS/cm,empri-2018
361,BUBNJLstn_kr4-361,Sathanur karabu 4,,13.132,77.651722,2017-11-14,tds,172.0,172,False,mg/l,empri-2018
361,BUBNJLstn_kr4-361,Sathanur karabu 4,,13.132,77.651722,2017-11-14,tss,0.0,0,False,mg/l,empri-2018
361,BUBNJLstn_kr4-361,Sathanur karabu 4,,13.132,77.651722,2017-11-14,turbidity,16.8,16.8,False,NTU,empri-2018
361,BUBNJLstn_kr4-361,Sathanur karabu 4,,13.132,77.651722,2017-11-14,dissolvedOxygen,2.2,2.2,False,mg/l,empri-2018
361,BUBNJLstn_kr4-361,Sathanur karabu 4,,13.132,77.651722,2017-11-14,cod,32.0,32,False,mg/l,empri-2018
361,BUBNJLstn_kr4-361,Sathanur karabu 4,,13.132,77.651722,2017-11-14,bod,7.7,7.7,False,mg/l,empri-2018
361,BUBNJLstn_kr4-361,Sathanur karabu 4,,13.132,77.651722,2017-11-14,totalPhosphate,0.1,0.1,False,mg/l,empri-2018
361,BUBNJLstn_kr4-361,Sathanur karabu 4,,13.132,77.651722,2017-11-14,tkn,7.0,7,False,mg/l,empri-2018
361,BUBNJLstn_kr4-361,Sathanur karabu 4,,13.132,77.651722,2017-11-14,totalColiform,1600.0,1600,False,MPN/100ml,empri-2018
361,BUBNJLstn_kr4-361,Sathanur karabu 4,,13.132,77.651722,2017-11-14,sewageInflow,,No Flow,False,cumecs,empri-2018
368,BUBNJLsug_kr1-368,Suggata kere,,13.144917,77.606722,2017-11-14,waterTemperature,26.0,26,False,°C,empri-2018
368,BUBNJLsug_kr1-368,Suggata kere,,13.144917,77.606722,2017-11-14,lightTransparency,25.0,25,False,cm,empri-2018
368,BUBNJLsug_kr1-368,Suggata kere,,13.144917,77.606722,2017-11-14,ph,7.7,7.7,False,,empri-2018
368,BUBNJLsug_kr1-368,Suggata kere,,13.144917,77.606722,2017-11-14,conductivity,394.0,394,False,µS/cm,empri-2018
368,BUBNJLsug_kr1-368,Suggata kere,,13.144917,77.606722,2017-11-14,tds,360.0,360,False,mg/l,empri-2018
368,BUBNJLsug_kr1-368,Suggata kere,,13.144917,77.606722,2017-11-14,tss,80.0,80,False,mg/l,empri-2018
368,BUBNJLsug_kr1-368,Suggata kere,,13.144917,77.606722,2017-11-14,turbidity,14.4,14.4,False,NTU,empri-2018
368,BUBNJLsug_kr1-368,Suggata kere,,13.144917,77.606722,2017-11-14,dissolvedOxygen,6.2,6.2,False,mg/l,empri-2018
368,BUBNJLsug_kr1-368,Suggata kere,,13.144917,77.606722,2017-11-14,cod,160.0,160,False,mg/l,empri-2018
368,BUBNJLsug_kr1-368,Suggata kere,,13.144917,77.606722,2017-11-14,bod,38.4,38.4,False,mg/l,empri-2018
368,BUBNJLsug_kr1-368,Suggata kere,,13.144917,77.606722,2017-11-14,totalPhosphate,0.1,0.1,False,mg/l,empri-2018
368,BUBNJLsug_kr1-368,Suggata kere,,13.144917,77.606722,2017-11-14,tkn,21.0,21,False,mg/l,empri-2018
368,BUBNJLsug_kr1-368,Suggata kere,,13.144917,77.606722,2017-11-14,totalColiform,1600.0,>1600,False,MPN/100ml,empri-2018
368,BUBNJLsug_kr1-368,Suggata kere,,13.144917,77.606722,2017-11-14,sewageInflow,,No Flow,False,cumecs,empri-2018
370,BUBNJLtms_kr1-370,Thimmasandra kere,,13.169639,77.585972,2017-11-14,waterTemperature,28.6,28.6,False,°C,empri-2018
370,BUBNJLtms_kr1-370,Thimmasandra kere,,13.169639,77.585972,2017-11-14,lightTransparency,8.0,8,False,cm,empri-2018
370,BUBNJLtms_kr1-370,Thimmasandra kere,,13.169639,77.585972,2017-11-14,ph,6.8,6.8,False,,empri-2018
370,BUBNJLtms_kr1-370,Thimmasandra kere,,13.169639,77.585972,2017-11-14,conductivity,183.0,183,False,µS/cm,empri-2018
370,BUBNJLtms_kr1-370,Thimmasandra kere,,13.169639,77.585972,2017-11-14,tds,115.0,115,False,mg/l,empri-2018
370,BUBNJLtms_kr1-370,Thimmasandra kere,,13.169639,77.585972,2017-11-14,tss,145.0,145,False,mg/l,empri-2018
370,BUBNJLtms_kr1-370,Thimmasandra kere,,13.169639,77.585972,2017-11-14,turbidity,121.1,121.1,False,NTU,empri-2018
370,BUBNJLtms_kr1-370,Thimmasandra kere,,13.169639,77.585972,2017-11-14,dissolvedOxygen,7.2,7.2,False,mg/l,empri-2018
370,BUBNJLtms_kr1-370,Thimmasandra kere,,13.169639,77.585972,2017-11-14,cod,144.0,144,False,mg/l,empri-2018
370,BUBNJLtms_kr1-370,Thimmasandra kere,,13.169639,77.585972,2017-11-14,bod,27.4,27.4,False,mg/l,empri-2018
370,BUBNJLtms_kr1-370,Thimmasandra kere,,13.169639,77.585972,2017-11-14,totalPhosphate,0.1,0.1,False,mg/l,empri-2018
370,BUBNJLtms_kr1-370,Thimmasandra kere,,13.169639,77.585972,2017-11-14,tkn,7.0,7,False,mg/l,empri-2018
370,BUBNJLtms_kr1-370,Thimmasandra kere,,13.169639,77.585972,2017-11-14,totalColiform,170.0,170,False,MPN/100ml,empri-2018
370,BUBNJLtms_kr1-370,Thimmasandra kere,,13.169639,77.585972,2017-11-14,sewageInflow,,No Flow,False,cumecs,empri-2018
375,BUBNHGblj_kr1-375,Bilijaji kere,,13.133472,77.467889,2017-11-24,waterTemperature,27.4,27.4,False,°C,empri-2018
375,BUBNHGblj_kr1-375,Bilijaji kere,,13.133472,77.467889,2017-11-24,lightTransparency,24.0,24,False,cm,empri-2018
375,BUBNHGblj_kr1-375,Bilijaji kere,,13.133472,77.467889,2017-11-24,ph,7.1,7.1,False,,empri-2018
375,BUBNHGblj_kr1-375,Bilijaji kere,,13.133472,77.467889,2017-11-24,conductivity,130.0,130,False,µS/cm,empri-2018
375,BUBNHGblj_kr1-375,Bilijaji kere,,13.133472,77.467889,2017-11-24,tds,98.0,98,False,mg/l,empri-2018
375,BUBNHGblj_kr1-375,Bilijaji kere,,13.133472,77.467889,2017-11-24,tss,5.0,5,False,mg/l,empri-2018
375,BUBNHGblj_kr1-375,Bilijaji kere,,13.133472,77.467889,2017-11-24,turbidity,5.5,5.5,False,NTU,empri-2018
375,BUBNHGblj_kr1-375,Bilijaji kere,,13.133472,77.467889,2017-11-24,dissolvedOxygen,4.2,4.2,False,mg/l,empri-2018
375,BUBNHGblj_kr1-375,Bilijaji kere,,13.133472,77.467889,2017-11-24,cod,80.0,80,False,mg/l,empri-2018
375,BUBNHGblj_kr1-375,Bilijaji kere,,13.133472,77.467889,2017-11-24,bod,19.2,19.2,False,mg/l,empri-2018
375,BUBNHGblj_kr1-375,Bilijaji kere,,13.133472,77.467889,2017-11-24,totalPhosphate,0.1,0.1,False,mg/l,empri-2018
375,BUBNHGblj_kr1-375,Bilijaji kere,,13.133472,77.467889,2017-11-24,tkn,7.0,7,False,mg/l,empri-2018
375,BUBNHGblj_kr1-375,Bilijaji kere,,13.133472,77.467889,2017-11-24,totalColiform,170.0,170,False,MPN/100ml,empri-2018
375,BUBNHGblj_kr1-375,Bilijaji kere,,13.133472,77.467889,2017-11-24,sewageInflow,,No Flow,False,cumecs,empri-2018
376,BUBNHGbyl_kr1-376,Byalakere Kere,,13.115528,77.525778,2017-11-24,waterTemperature,24.7,24.7,False,°C,empri-2018
376,BUBNHGbyl_kr1-376,Byalakere Kere,,13.115528,77.525778,2017-11-24,lightTransparency,,UM,False,cm,empri-2018
376,BUBNHGbyl_kr1-376,Byalakere Kere,,13.115528,77.525778,2017-11-24,ph,6.1,6.1,False,,empri-2018
376,BUBNHGbyl_kr1-376,Byalakere Kere,,13.115528,77.525778,2017-11-24,conductivity,236.0,236,False,µS/cm,empri-2018
376,BUBNHGbyl_kr1-376,Byalakere Kere,,13.115528,77.525778,2017-11-24,tds,130.0,130,False,mg/l,empri-2018
376,BUBNHGbyl_kr1-376,Byalakere Kere,,13.115528,77.525778,2017-11-24,tss,103.0,103,False,mg/l,empri-2018
376,BUBNHGbyl_kr1-376,Byalakere Kere,,13.115528,77.525778,2017-11-24,turbidity,48.4,48.4,False,NTU,empri-2018
376,BUBNHGbyl_kr1-376,Byalakere Kere,,13.115528,77.525778,2017-11-24,dissolvedOxygen,1.0,1.0,False,mg/l,empri-2018
376,BUBNHGbyl_kr1-376,Byalakere Kere,,13.115528,77.525778,2017-11-24,cod,16.0,16,False,mg/l,empri-2018
376,BUBNHGbyl_kr1-376,Byalakere Kere,,13.115528,77.525778,2017-11-24,bod,3.8,3.8,False,mg/l,empri-2018
376,BUBNHGbyl_kr1-376,Byalakere Kere,,13.115528,77.525778,2017-11-24,totalPhosphate,0.4,0.4,False,mg/l,empri-2018
376,BUBNHGbyl_kr1-376,Byalakere Kere,,13.115528,77.525778,2017-11-24,tkn,7.0,7,False,mg/l,empri-2018
376,BUBNHGbyl_kr1-376,Byalakere Kere,,13.115528,77.525778,2017-11-24,totalColiform,27.0,27,False,MPN/100ml,empri-2018
376,BUBNHGbyl_kr1-376,Byalakere Kere,,13.115528,77.525778,2017-11-24,sewageInflow,,No Flow,False,cumecs,empri-2018
377,BUBNHGbyl_kr2-377,Byalakere Govt Kere,,13.110639,77.5334,2017-11-24,waterTemperature,27.4,27.4,False,°C,empri-2018
377,BUBNHGbyl_kr2-377,Byalakere Govt Kere,,13.110639,77.5334,2017-11-24,lightTransparency,21.0,21,False,cm,empri-2018
377,BUBNHGbyl_kr2-377,Byalakere Govt Kere,,13.110639,77.5334,2017-11-24,ph,6.5,6.5,False,,empri-2018
377,BUBNHGbyl_kr2-377,Byalakere Govt Kere,,13.110639,77.5334,2017-11-24,conductivity,247.0,247,False,µS/cm,empri-2018
377,BUBNHGbyl_kr2-377,Byalakere Govt Kere,,13.110639,77.5334,2017-11-24,tds,180.0,180,False,mg/l,empri-2018
377,BUBNHGbyl_kr2-377,Byalakere Govt Kere,,13.110639,77.5334,2017-11-24,tss,134.0,134,False,mg/l,empri-2018
377,BUBNHGbyl_kr2-377,Byalakere Govt Kere,,13.110639,77.5334,2017-11-24,turbidity,11.2,11.2,False,NTU,empri-2018
377,BUBNHGbyl_kr2-377,Byalakere Govt Kere,,13.110639,77.5334,2017-11-24,dissolvedOxygen,6.8,6.8,False,mg/l,empri-2018
377,BUBNHGbyl_kr2-377,Byalakere Govt Kere,,13.110639,77.5334,2017-11-24,cod,16.0,16,False,mg/l,empri-2018
377,BUBNHGbyl_kr2-377,Byalakere Govt Kere,,13.110639,77.5334,2017-11-24,bod,3.8,3.8,False,mg/l,empri-2018
377,BUBNHGbyl_kr2-377,Byalakere Govt Kere,,13.110639,77.5334,2017-11-24,totalPhosphate,0.1,0.1,False,mg/l,empri-2018
377,BUBNHGbyl_kr2-377,Byalakere Govt Kere,,13.110639,77.5334,2017-11-24,tkn,7.0,7,False,mg/l,empri-2018
377,BUBNHGbyl_kr2-377,Byalakere Govt Kere,,13.110639,77.5334,2017-11-24,totalColiform,50.0,50,False,MPN/100ml,empri-2018
377,BUBNHGbyl_kr2-377,Byalakere Govt Kere,,13.110639,77.5334,2017-11-24,sewageInflow,,No Flow,False,cumecs,empri-2018
378,BUBNHGgna_kr1-378,Guniagrahara Kere 1,,13.098833,77.526889,2017-11-24,waterTemperature,29.2,29.2,False,°C,empri-2018
378,BUBNHGgna_kr1-378,Guniagrahara Kere 1,,13.098833,77.526889,2017-11-24,lightTransparency,14.0,14,False,cm,empri-2018
378,BUBNHGgna_kr1-378,Guniagrahara Kere 1,,13.098833,77.526889,2017-11-24,ph,6.7,6.7,False,,empri-2018
378,BUBNHGgna_kr1-378,Guniagrahara Kere 1,,13.098833,77.526889,2017-11-24,conductivity,203.0,203,False,µS/cm,empri-2018
378,BUBNHGgna_kr1-378,Guniagrahara Kere 1,,13.098833,77.526889,2017-11-24,tds,166.0,166,False,mg/l,empri-2018
378,BUBNHGgna_kr1-378,Guniagrahara Kere 1,,13.098833,77.526889,2017-11-24,tss,266.0,266,False,mg/l,empri-2018
378,BUBNHGgna_kr1-378,Guniagrahara Kere 1,,13.098833,77.526889,2017-11-24,turbidity,14.8,14.8,False,NTU,empri-2018
378,BUBNHGgna_kr1-378,Guniagrahara Kere 1,,13.098833,77.526889,2017-11-24,dissolvedOxygen,4.2,4.2,False,mg/l,empri-2018
378,BUBNHGgna_kr1-378,Guniagrahara Kere 1,,13.098833,77.526889,2017-11-24,cod,16.0,16,False,mg/l,empri-2018
378,BUBNHGgna_kr1-378,Guniagrahara Kere 1,,13.098833,77.526889,2017-11-24,bod,3.8,3.8,False,mg/l,empri-2018
378,BUBNHGgna_kr1-378,Guniagrahara Kere 1,,13.098833,77.526889,2017-11-24,totalPhosphate,,ND,True,mg/l,empri-2018
378,BUBNHGgna_kr1-378,Guniagrahara Kere 1,,13.098833,77.526889,2017-11-24,tkn,7.0,7,False,mg/l,empri-2018
378,BUBNHGgna_kr1-378,Guniagrahara Kere 1,,13.098833,77.526889,2017-11-24,totalColiform,50.0,50,False,MPN/100ml,empri-2018
378,BUBNHGgna_kr1-378,Guniagrahara Kere 1,,13.098833,77.526889,2017-11-24,sewageInflow,,No Flow,False,cumecs,empri-2018
381,BUBNHGhck_kr1-381,Huralichikkanahalli Kere,,13.117889,77.493028,2017-11-24,waterTemperature,27.2,27.2,False,°C,empri-2018
381,BUBNHGhck_kr1-381,Huralichikkanahalli Kere,,13.117889,77.493028,2017-11-24,lightTransparency,18.0,18,False,cm,empri-2018
381,BUBNHGhck_kr1-381,Huralichikkanahalli Kere,,13.117889,77.493028,2017-11-24,ph,6.3,6.3,False,,empri-2018
381,BUBNHGhck_kr1-381,Huralichikkanahalli Kere,,13.117889,77.493028,2017-11-24,conductivity,66.0,66,False,µS/cm,empri-2018
381,BUBNHGhck_kr1-381,Huralichikkanahalli Kere,,13.117889,77.493028,2017-11-24,tds,48.0,48,False,mg/l,empri-2018
381,BUBNHGhck_kr1-381,Huralichikkanahalli Kere,,13.117889,77.493028,2017-11-24,tss,44.0,44,False,mg/l,empri-2018
381,BUBNHGhck_kr1-381,Huralichikkanahalli Kere,,13.117889,77.493028,2017-11-24,turbidity,36.9,36.9,False,NTU,empri-2018
381,BUBNHGhck_kr1-381,Huralichikkanahalli Kere,,13.117889,77.493028,2017-11-24,dissolvedOxygen,4.4,4.4,False,mg/l,empri-2018
381,BUBNHGhck_kr1-381,Huralichikkanahalli Kere,,13.117889,77.493028,2017-11-24,cod,32.0,32,False,mg/l,empri-2018
381,BUBNHGhck_kr1-381,Huralichikkanahalli Kere,,13.117889,77.493028,2017-11-24,bod,7.7,7.7,False,mg/l,empri-2018
381,BUBNHGhck_kr1-381,Huralichikkanahalli Kere,,13.117889,77.493028,2017-11-24,totalPhosphate,0.1,0.1,False,mg/l,empri-2018
381,BUBNHGhck_kr1-381,Huralichikkanahalli Kere,,13.117889,77.493028,2017-11-24,tkn,7.0,7,False,mg/l,empri-2018
381,BUBNHGhck_kr1-381,Huralichikkanahalli Kere,,13.117889,77.493028,2017-11-24,totalColiform,1600.0,>1600,False,MPN/100ml,empri-2018
381,BUBNHGhck_kr1-381,Huralichikkanahalli Kere,,13.117889,77.493028,2017-11-24,sewageInflow,,No Flow,False,cumecs,empri-2018
383,BUBNHGikp_kr1-383,Ivarakandapura Kere,,13.138611,77.498944,2017-11-24,waterTemperature,30.9,30.9,False,°C,empri-2018
383,BUBNHGikp_kr1-383,Ivarakandapura Kere,,13.138611,77.498944,2017-11-24,lightTransparency,8.0,8,False,cm,empri-2018
383,BUBNHGikp_kr1-383,Ivarakandapura Kere,,13.138611,77.498944,2017-11-24,ph,7.7,7.7,False,,empri-2018
383,BUBNHGikp_kr1-383,Ivarakandapura Kere,,13.138611,77.498944,2017-11-24,conductivity,140.0,140,False,µS/cm,empri-2018
383,BUBNHGikp_kr1-383,Ivarakandapura Kere,,13.138611,77.498944,2017-11-24,tds,102.0,102,False,mg/l,empri-2018
383,BUBNHGikp_kr1-383,Ivarakandapura Kere,,13.138611,77.498944,2017-11-24,tss,328.0,328,False,mg/l,empri-2018
383,BUBNHGikp_kr1-383,Ivarakandapura Kere,,13.138611,77.498944,2017-11-24,turbidity,102.5,102.5,False,NTU,empri-2018
383,BUBNHGikp_kr1-383,Ivarakandapura Kere,,13.138611,77.498944,2017-11-24,dissolvedOxygen,8.0,8,False,mg/l,empri-2018
383,BUBNHGikp_kr1-383,Ivarakandapura Kere,,13.138611,77.498944,2017-11-24,cod,64.0,64,False,mg/l,empri-2018
383,BUBNHGikp_kr1-383,Ivarakandapura Kere,,13.138611,77.498944,2017-11-24,bod,15.4,15.4,False,mg/l,empri-2018
383,BUBNHGikp_kr1-383,Ivarakandapura Kere,,13.138611,77.498944,2017-11-24,totalPhosphate,0.5,0.5,False,mg/l,empri-2018
383,BUBNHGikp_kr1-383,Ivarakandapura Kere,,13.138611,77.498944,2017-11-24,tkn,10.0,10,False,mg/l,empri-2018
383,BUBNHGikp_kr1-383,Ivarakandapura Kere,,13.138611,77.498944,2017-11-24,totalColiform,110.0,110,False,MPN/100ml,empri-2018
383,BUBNHGikp_kr1-383,Ivarakandapura Kere,,13.138611,77.498944,2017-11-24,sewageInflow,,No Flow,False,cumecs,empri-2018
384,BUBNHGitg_kr1-384,Ittagalapura lake 1,,13.169556,77.549667,2017-11-28,waterTemperature,28.5,28.5,False,°C,empri-2018
384,BUBNHGitg_kr1-384,Ittagalapura lake 1,,13.169556,77.549667,2017-11-28,lightTransparency,4.0,4,False,cm,empri-2018
384,BUBNHGitg_kr1-384,Ittagalapura lake 1,,13.169556,77.549667,2017-11-28,ph,7.0,7.0,False,,empri-2018
384,BUBNHGitg_kr1-384,Ittagalapura lake 1,,13.169556,77.549667,2017-11-28,conductivity,104.0,104,False,µS/cm,empri-2018
384,BUBNHGitg_kr1-384,Ittagalapura lake 1,,13.169556,77.549667,2017-11-28,tds,60.0,60,False,mg/l,empri-2018
384,BUBNHGitg_kr1-384,Ittagalapura lake 1,,13.169556,77.549667,2017-11-28,tss,13.0,13,False,mg/l,empri-2018
384,BUBNHGitg_kr1-384,Ittagalapura lake 1,,13.169556,77.549667,2017-11-28,turbidity,332.5,332.5,False,NTU,empri-2018
384,BUBNHGitg_kr1-384,Ittagalapura lake 1,,13.169556,77.549667,2017-11-28,dissolvedOxygen,3.8,3.8,False,mg/l,empri-2018
384,BUBNHGitg_kr1-384,Ittagalapura lake 1,,13.169556,77.549667,2017-11-28,cod,16.0,16,False,mg/l,empri-2018
384,BUBNHGitg_kr1-384,Ittagalapura lake 1,,13.169556,77.549667,2017-11-28,bod,3.8,3.8,False,mg/l,empri-2018
384,BUBNHGitg_kr1-384,Ittagalapura lake 1,,13.169556,77.549667,2017-11-28,totalPhosphate,0.1,0.1,False,mg/l,empri-2018
384,BUBNHGitg_kr1-384,Ittagalapura lake 1,,13.169556,77.549667,2017-11-28,tkn,9.0,9,False,mg/l,empri-2018
384,BUBNHGitg_kr1-384,Ittagalapura lake 1,,13.169556,77.549667,2017-11-28,totalColiform,1600.0,>1600,False,MPN/100ml,empri-2018
384,BUBNHGitg_kr1-384,Ittagalapura lake 1,,13.169556,77.549667,2017-11-28,sewageInflow,,No Flow,False,cumecs,empri-2018
387,BUBNHGitg_kr4-387,Ittagalapura lake 2,,13.164194,77.543333,2017-11-28,waterTemperature,25.8,25.8,False,°C,empri-2018
387,BUBNHGitg_kr4-387,Ittagalapura lake 2,,13.164194,77.543333,2017-11-28,lightTransparency,20.0,20,False,cm,empri-2018
387,BUBNHGitg_kr4-387,Ittagalapura lake 2,,13.164194,77.543333,2017-11-28,ph,7.4,7.4,False,,empri-2018
387,BUBNHGitg_kr4-387,Ittagalapura lake 2,,13.164194,77.543333,2017-11-28,conductivity,189.0,189,False,µS/cm,empri-2018
387,BUBNHGitg_kr4-387,Ittagalapura lake 2,,13.164194,77.543333,2017-11-28,tds,122.0,122,False,mg/l,empri-2018
387,BUBNHGitg_kr4-387,Ittagalapura lake 2,,13.164194,77.543333,2017-11-28,tss,4.0,4,False,mg/l,empri-2018
387,BUBNHGitg_kr4-387,Ittagalapura lake 2,,13.164194,77.543333,2017-11-28,turbidity,37.6,37.6,False,NTU,empri-2018
387,BUBNHGitg_kr4-387,Ittagalapura lake 2,,13.164194,77.543333,2017-11-28,dissolvedOxygen,6.0,6,False,mg/l,empri-2018
387,BUBNHGitg_kr4-387,Ittagalapura lake 2,,13.164194,77.543333,2017-11-28,cod,16.0,16,False,mg/l,empri-2018
387,BUBNHGitg_kr4-387,Ittagalapura lake 2,,13.164194,77.543333,2017-11-28,bod,3.8,3.8,False,mg/l,empri-2018
387,BUBNHGitg_kr4-387,Ittagalapura lake 2,,13.164194,77.543333,2017-11-28,totalPhosphate,0.1,0.1,False,mg/l,empri-2018
387,BUBNHGitg_kr4-387,Ittagalapura lake 2,,13.164194,77.543333,2017-11-28,tkn,9.0,9,False,mg/l,empri-2018
387,BUBNHGitg_kr4-387,Ittagalapura lake 2,,13.164194,77.543333,2017-11-28,totalColiform,1600.0,>1600,False,MPN/100ml,empri-2018
387,BUBNHGitg_kr4-387,Ittagalapura lake 2,,13.164194,77.543333,2017-11-28,sewageInflow,,No Flow,False,cumecs,empri-2018
388,BUBNHGitg_kr5-388,Ittagalapura lake 3,,13.169167,77.540028,2017-11-28,waterTemperature,27.0,27,False,°C,empri-2018
388,BUBNHGitg_kr5-388,Ittagalapura lake 3,,13.169167,77.540028,2017-11-28,lightTransparency,18.0,18,False,cm,empri-2018
388,BUBNHGitg_kr5-388,Ittagalapura lake 3,,13.169167,77.540028,2017-11-28,ph,7.1,7.1,False,,empri-2018
388,BUBNHGitg_kr5-388,Ittagalapura lake 3,,13.169167,77.540028,2017-11-28,conductivity,92.0,92,False,µS/cm,empri-2018
388,BUBNHGitg_kr5-388,Ittagalapura lake 3,,13.169167,77.540028,2017-11-28,tds,48.0,48,False,mg/l,empri-2018
388,BUBNHGitg_kr5-388,Ittagalapura lake 3,,13.169167,77.540028,2017-11-28,tss,7.0,7,False,mg/l,empri-2018
388,BUBNHGitg_kr5-388,Ittagalapura lake 3,,13.169167,77.540028,2017-11-28,turbidity,51.1,51.1,False,NTU,empri-2018
388,BUBNHGitg_kr5-388,Ittagalapura lake 3,,13.169167,77.540028,2017-11-28,dissolvedOxygen,5.2,5.2,False,mg/l,empri-2018
388,BUBNHGitg_kr5-388,Ittagalapura lake 3,,13.169167,77.540028,2017-11-28,cod,16.0,16,False,mg/l,empri-2018
388,BUBNHGitg_kr5-388,Ittagalapura lake 3,,13.169167,77.540028,2017-11-28,bod,3.8,3.8,False,mg/l,empri-2018
388,BUBNHGitg_kr5-388,Ittagalapura lake 3,,13.169167,77.540028,2017-11-28,totalPhosphate,0.1,0.1,False,mg/l,empri-2018
388,BUBNHGitg_kr5-388,Ittagalapura lake 3,,13.169167,77.540028,2017-11-28,tkn,9.0,9,False,mg/l,empri-2018
388,BUBNHGitg_kr5-388,Ittagalapura lake 3,,13.169167,77.540028,2017-11-28,totalColiform,1600.0,>1600,False,MPN/100ml,empri-2018
388,BUBNHGitg_kr5-388,Ittagalapura lake 3,,13.169167,77.540028,2017-11-28,sewageInflow,,No Flow,False,cumecs,empri-2018
390,BUBNHGktm_kr1-390,Kalatammanahalli Kere,,13.102389,77.520417,2017-11-24,waterTemperature,31.5,31.5,False,°C,empri-2018
390,BUBNHGktm_kr1-390,Kalatammanahalli Kere,,13.102389,77.520417,2017-11-24,lightTransparency,14.0,14,False,cm,empri-2018
390,BUBNHGktm_kr1-390,Kalatammanahalli Kere,,13.102389,77.520417,2017-11-24,ph,6.5,6.5,False,,empri-2018
390,BUBNHGktm_kr1-390,Kalatammanahalli Kere,,13.102389,77.520417,2017-11-24,conductivity,241.0,241,False,µS/cm,empri-2018
390,BUBNHGktm_kr1-390,Kalatammanahalli Kere,,13.102389,77.520417,2017-11-24,tds,204.0,204,False,mg/l,empri-2018
390,BUBNHGktm_kr1-390,Kalatammanahalli Kere,,13.102389,77.520417,2017-11-24,tss,374.0,374,False,mg/l,empri-2018
390,BUBNHGktm_kr1-390,Kalatammanahalli Kere,,13.102389,77.520417,2017-11-24,turbidity,56.5,56.5,False,NTU,empri-2018
390,BUBNHGktm_kr1-390,Kalatammanahalli Kere,,13.102389,77.520417,2017-11-24,dissolvedOxygen,4.2,4.2,False,mg/l,empri-2018
390,BUBNHGktm_kr1-390,Kalatammanahalli Kere,,13.102389,77.520417,2017-11-24,cod,16.0,16,False,mg/l,empri-2018
390,BUBNHGktm_kr1-390,Kalatammanahalli Kere,,13.102389,77.520417,2017-11-24,bod,3.8,3.8,False,mg/l,empri-2018
390,BUBNHGktm_kr1-390,Kalatammanahalli Kere,,13.102389,77.520417,2017-11-24,totalPhosphate,0.1,0.1,False,mg/l,empri-2018
390,BUBNHGktm_kr1-390,Kalatammanahalli Kere,,13.102389,77.520417,2017-11-24,tkn,7.0,7,False,mg/l,empri-2018
390,BUBNHGktm_kr1-390,Kalatammanahalli Kere,,13.102389,77.520417,2017-11-24,totalColiform,1600.0,>1600,False,MPN/100ml,empri-2018
390,BUBNHGktm_kr1-390,Kalatammanahalli Kere,,13.102389,77.520417,2017-11-24,sewageInflow,,No Flow,False,cumecs,empri-2018
392,BUBNHGkln_kr1-392,Kalenahalli Kere,,13.146833,77.506861,2017-11-24,waterTemperature,28.6,28.6,False,°C,empri-2018
392,BUBNHGkln_kr1-392,Kalenahalli Kere,,13.146833,77.506861,2017-11-24,lightTransparency,25.0,25,False,cm,empri-2018
392,BUBNHGkln_kr1-392,Kalenahalli Kere,,13.146833,77.506861,2017-11-24,ph,9.0,9,False,,empri-2018
392,BUBNHGkln_kr1-392,Kalenahalli Kere,,13.146833,77.506861,2017-11-24,conductivity,131.0,131,False,µS/cm,empri-2018
392,BUBNHGkln_kr1-392,Kalenahalli Kere,,13.146833,77.506861,2017-11-24,tds,92.0,92,False,mg/l,empri-2018
392,BUBNHGkln_kr1-392,Kalenahalli Kere,,13.146833,77.506861,2017-11-24,tss,48.0,48,False,mg/l,empri-2018
392,BUBNHGkln_kr1-392,Kalenahalli Kere,,13.146833,77.506861,2017-11-24,turbidity,16.6,16.6,False,NTU,empri-2018
392,BUBNHGkln_kr1-392,Kalenahalli Kere,,13.146833,77.506861,2017-11-24,dissolvedOxygen,5.6,5.6,False,mg/l,empri-2018
392,BUBNHGkln_kr1-392,Kalenahalli Kere,,13.146833,77.506861,2017-11-24,cod,16.0,16,False,mg/l,empri-2018
392,BUBNHGkln_kr1-392,Kalenahalli Kere,,13.146833,77.506861,2017-11-24,bod,3.8,3.8,False,mg/l,empri-2018
392,BUBNHGkln_kr1-392,Kalenahalli Kere,,13.146833,77.506861,2017-11-24,totalPhosphate,0.1,0.1,False,mg/l,empri-2018
392,BUBNHGkln_kr1-392,Kalenahalli Kere,,13.146833,77.506861,2017-11-24,tkn,7.0,7,False,mg/l,empri-2018
392,BUBNHGkln_kr1-392,Kalenahalli Kere,,13.146833,77.506861,2017-11-24,totalColiform,50.0,50,False,MPN/100ml,empri-2018
392,BUBNHGkln_kr1-392,Kalenahalli Kere,,13.146833,77.506861,2017-11-24,sewageInflow,,No Flow,False,cumecs,empri-2018
395,BUBNHGkst_kr2-395,Kasagattapura Kere 2,,13.118222,77.50175,2017-11-24,waterTemperature,29.7,29.7,False,°C,empri-2018
395,BUBNHGkst_kr2-395,Kasagattapura Kere 2,,13.118222,77.50175,2017-11-24,lightTransparency,28.0,28,False,cm,empri-2018
395,BUBNHGkst_kr2-395,Kasagattapura Kere 2,,13.118222,77.50175,2017-11-24,ph,7.1,7.1,False,,empri-2018
395,BUBNHGkst_kr2-395,Kasagattapura Kere 2,,13.118222,77.50175,2017-11-24,conductivity,339.0,339,False,µS/cm,empri-2018
395,BUBNHGkst_kr2-395,Kasagattapura Kere 2,,13.118222,77.50175,2017-11-24,tds,300.0,300,False,mg/l,empri-2018
395,BUBNHGkst_kr2-395,Kasagattapura Kere 2,,13.118222,77.50175,2017-11-24,tss,75.0,75,False,mg/l,empri-2018
395,BUBNHGkst_kr2-395,Kasagattapura Kere 2,,13.118222,77.50175,2017-11-24,turbidity,57.2,57.2,False,NTU,empri-2018
395,BUBNHGkst_kr2-395,Kasagattapura Kere 2,,13.118222,77.50175,2017-11-24,dissolvedOxygen,7.8,7.8,False,mg/l,empri-2018
395,BUBNHGkst_kr2-395,Kasagattapura Kere 2,,13.118222,77.50175,2017-11-24,cod,80.0,80,False,mg/l,empri-2018
395,BUBNHGkst_kr2-395,Kasagattapura Kere 2,,13.118222,77.50175,2017-11-24,bod,19.2,19.2,False,mg/l,empri-2018
395,BUBNHGkst_kr2-395,Kasagattapura Kere 2,,13.118222,77.50175,2017-11-24,totalPhosphate,,ND,True,mg/l,empri-2018
395,BUBNHGkst_kr2-395,Kasagattapura Kere 2,,13.118222,77.50175,2017-11-24,tkn,28.0,28,False,mg/l,empri-2018
395,BUBNHGkst_kr2-395,Kasagattapura Kere 2,,13.118222,77.50175,2017-11-24,totalColiform,1600.0,>1600,False,MPN/100ml,empri-2018
395,BUBNHGkst_kr2-395,Kasagattapura Kere 2,,13.118222,77.50175,2017-11-24,sewageInflow,,No Flow,False,cumecs,empri-2018
397,BUBNHGkst_kr4-397,Kasagattapura Kere 3,,13.109639,77.506083,2017-11-23,waterTemperature,29.6,29.6,False,°C,empri-2018
397,BUBNHGkst_kr4-397,Kasagattapura Kere 3,,13.109639,77.506083,2017-11-23,lightTransparency,4.0,4,False,cm,empri-2018
397,BUBNHGkst_kr4-397,Kasagattapura Kere 3,,13.109639,77.506083,2017-11-23,ph,7.4,7.4,False,,empri-2018
397,BUBNHGkst_kr4-397,Kasagattapura Kere 3,,13.109639,77.506083,2017-11-23,conductivity,57.0,57,False,µS/cm,empri-2018
397,BUBNHGkst_kr4-397,Kasagattapura Kere 3,,13.109639,77.506083,2017-11-23,tds,35.0,35,False,mg/l,empri-2018
397,BUBNHGkst_kr4-397,Kasagattapura Kere 3,,13.109639,77.506083,2017-11-23,tss,43.0,43,False,mg/l,empri-2018
397,BUBNHGkst_kr4-397,Kasagattapura Kere 3,,13.109639,77.506083,2017-11-23,turbidity,327.5,327.5,False,NTU,empri-2018
397,BUBNHGkst_kr4-397,Kasagattapura Kere 3,,13.109639,77.506083,2017-11-23,dissolvedOxygen,7.6,7.6,False,mg/l,empri-2018
397,BUBNHGkst_kr4-397,Kasagattapura Kere 3,,13.109639,77.506083,2017-11-23,cod,240.0,240,False,mg/l,empri-2018
397,BUBNHGkst_kr4-397,Kasagattapura Kere 3,,13.109639,77.506083,2017-11-23,bod,57.6,57.6,False,mg/l,empri-2018
397,BUBNHGkst_kr4-397,Kasagattapura Kere 3,,13.109639,77.506083,2017-11-23,totalPhosphate,0.1,0.1,False,mg/l,empri-2018
397,BUBNHGkst_kr4-397,Kasagattapura Kere 3,,13.109639,77.506083,2017-11-23,tkn,3.0,3,False,mg/l,empri-2018
397,BUBNHGkst_kr4-397,Kasagattapura Kere 3,,13.109639,77.506083,2017-11-23,totalColiform,1600.0,>1600,False,MPN/100ml,empri-2018
397,BUBNHGkst_kr4-397,Kasagattapura Kere 3,,13.109639,77.506083,2017-11-23,sewageInflow,,No Flow,False,cumecs,empri-2018
404,BUBNHGkrp_kr2-404,Krishnarajapura Karabu katte,,13.140472,77.544556,2017-11-24,waterTemperature,27.8,27.8,False,°C,empri-2018
404,BUBNHGkrp_kr2-404,Krishnarajapura Karabu katte,,13.140472,77.544556,2017-11-24,lightTransparency,8.0,8,False,cm,empri-2018
404,BUBNHGkrp_kr2-404,Krishnarajapura Karabu katte,,13.140472,77.544556,2017-11-24,ph,7.0,7,False,,empri-2018
404,BUBNHGkrp_kr2-404,Krishnarajapura Karabu katte,,13.140472,77.544556,2017-11-24,conductivity,295.0,295,False,µS/cm,empri-2018
404,BUBNHGkrp_kr2-404,Krishnarajapura Karabu katte,,13.140472,77.544556,2017-11-24,tds,274.0,274,False,mg/l,empri-2018
404,BUBNHGkrp_kr2-404,Krishnarajapura Karabu katte,,13.140472,77.544556,2017-11-24,tss,22.0,22,False,mg/l,empri-2018
404,BUBNHGkrp_kr2-404,Krishnarajapura Karabu katte,,13.140472,77.544556,2017-11-24,turbidity,33.7,33.7,False,NTU,empri-2018
404,BUBNHGkrp_kr2-404,Krishnarajapura Karabu katte,,13.140472,77.544556,2017-11-24,dissolvedOxygen,6.6,6.6,False,mg/l,empri-2018
404,BUBNHGkrp_kr2-404,Krishnarajapura Karabu katte,,13.140472,77.544556,2017-11-24,cod,48.0,48,False,mg/l,empri-2018
404,BUBNHGkrp_kr2-404,Krishnarajapura Karabu katte,,13.140472,77.544556,2017-11-24,bod,11.5,11.5,False,mg/l,empri-2018
404,BUBNHGkrp_kr2-404,Krishnarajapura Karabu katte,,13.140472,77.544556,2017-11-24,totalPhosphate,0.2,0.2,False,mg/l,empri-2018
404,BUBNHGkrp_kr2-404,Krishnarajapura Karabu katte,,13.140472,77.544556,2017-11-24,tkn,3.0,3,False,mg/l,empri-2018
404,BUBNHGkrp_kr2-404,Krishnarajapura Karabu katte,,13.140472,77.544556,2017-11-24,totalColiform,170.0,170,False,MPN/100ml,empri-2018
404,BUBNHGkrp_kr2-404,Krishnarajapura Karabu katte,,13.140472,77.544556,2017-11-24,sewageInflow,,No Flow,False,cumecs,empri-2018
405,BUBNHGkmb_kr1-405,Kumbarahalli Kere,,13.099778,77.493028,2017-11-23,waterTemperature,29.2,29.2,False,°C,empri-2018
405,BUBNHGkmb_kr1-405,Kumbarahalli Kere,,13.099778,77.493028,2017-11-23,lightTransparency,25.0,25,False,cm,empri-2018
405,BUBNHGkmb_kr1-405,Kumbarahalli Kere,,13.099778,77.493028,2017-11-23,ph,5.8,5.8,False,,empri-2018
405,BUBNHGkmb_kr1-405,Kumbarahalli Kere,,13.099778,77.493028,2017-11-23,conductivity,139.0,139,False,µS/cm,empri-2018
405,BUBNHGkmb_kr1-405,Kumbarahalli Kere,,13.099778,77.493028,2017-11-23,tds,80.0,80,False,mg/l,empri-2018
405,BUBNHGkmb_kr1-405,Kumbarahalli Kere,,13.099778,77.493028,2017-11-23,tss,40.0,40,False,mg/l,empri-2018
405,BUBNHGkmb_kr1-405,Kumbarahalli Kere,,13.099778,77.493028,2017-11-23,turbidity,18.1,18.1,False,NTU,empri-2018
405,BUBNHGkmb_kr1-405,Kumbarahalli Kere,,13.099778,77.493028,2017-11-23,dissolvedOxygen,7.4,7.4,False,mg/l,empri-2018
405,BUBNHGkmb_kr1-405,Kumbarahalli Kere,,13.099778,77.493028,2017-11-23,cod,80.0,80,False,mg/l,empri-2018
405,BUBNHGkmb_kr1-405,Kumbarahalli Kere,,13.099778,77.493028,2017-11-23,bod,19.2,19.2,False,mg/l,empri-2018
405,BUBNHGkmb_kr1-405,Kumbarahalli Kere,,13.099778,77.493028,2017-11-23,totalPhosphate,0.1,0.1,False,mg/l,empri-2018
405,BUBNHGkmb_kr1-405,Kumbarahalli Kere,,13.099778,77.493028,2017-11-23,tkn,10.0,10,False,mg/l,empri-2018
405,BUBNHGkmb_kr1-405,Kumbarahalli Kere,,13.099778,77.493028,2017-11-23,totalColiform,300.0,300,False,MPN/100ml,empri-2018
405,BUBNHGkmb_kr1-405,Kumbarahalli Kere,,13.099778,77.493028,2017-11-23,sewageInflow,,No Flow,False,cumecs,empri-2018
408,BUBNHGlgn_kr2-408,Linganahalli Kere,,13.149361,77.520139,2017-11-24,waterTemperature,27.8,27.8,False,°C,empri-2018
408,BUBNHGlgn_kr2-408,Linganahalli Kere,,13.149361,77.520139,2017-11-24,lightTransparency,23.0,23,False,cm,empri-2018
408,BUBNHGlgn_kr2-408,Linganahalli Kere,,13.149361,77.520139,2017-11-24,ph,8.2,8.2,False,,empri-2018
408,BUBNHGlgn_kr2-408,Linganahalli Kere,,13.149361,77.520139,2017-11-24,conductivity,123.0,123,False,µS/cm,empri-2018
408,BUBNHGlgn_kr2-408,Linganahalli Kere,,13.149361,77.520139,2017-11-24,tds,90.0,90,False,mg/l,empri-2018
408,BUBNHGlgn_kr2-408,Linganahalli Kere,,13.149361,77.520139,2017-11-24,tss,54.0,54,False,mg/l,empri-2018
408,BUBNHGlgn_kr2-408,Linganahalli Kere,,13.149361,77.520139,2017-11-24,turbidity,45.2,45.2,False,NTU,empri-2018
408,BUBNHGlgn_kr2-408,Linganahalli Kere,,13.149361,77.520139,2017-11-24,dissolvedOxygen,5.8,5.8,False,mg/l,empri-2018
408,BUBNHGlgn_kr2-408,Linganahalli Kere,,13.149361,77.520139,2017-11-24,cod,64.0,64,False,mg/l,empri-2018
408,BUBNHGlgn_kr2-408,Linganahalli Kere,,13.149361,77.520139,2017-11-24,bod,15.4,15.4,False,mg/l,empri-2018
408,BUBNHGlgn_kr2-408,Linganahalli Kere,,13.149361,77.520139,2017-11-24,totalPhosphate,0.5,0.5,False,mg/l,empri-2018
408,BUBNHGlgn_kr2-408,Linganahalli Kere,,13.149361,77.520139,2017-11-24,tkn,14.0,14,False,mg/l,empri-2018
408,BUBNHGlgn_kr2-408,Linganahalli Kere,,13.149361,77.520139,2017-11-24,totalColiform,1600.0,1600,False,MPN/100ml,empri-2018
408,BUBNHGlgn_kr2-408,Linganahalli Kere,,13.149361,77.520139,2017-11-24,sewageInflow,,No Flow,False,cumecs,empri-2018
410,BUBNHGlrp_kr1-410,Lingarajapura kere,,13.128278,77.542417,2017-11-24,waterTemperature,29.3,29.3,False,°C,empri-2018
410,BUBNHGlrp_kr1-410,Lingarajapura kere,,13.128278,77.542417,2017-11-24,lightTransparency,30.0,30,False,cm,empri-2018
410,BUBNHGlrp_kr1-410,Lingarajapura kere,,13.128278,77.542417,2017-11-24,ph,7.5,7.5,False,,empri-2018
410,BUBNHGlrp_kr1-410,Lingarajapura kere,,13.128278,77.542417,2017-11-24,conductivity,260.0,260,False,µS/cm,empri-2018
410,BUBNHGlrp_kr1-410,Lingarajapura kere,,13.128278,77.542417,2017-11-24,tds,170.0,170,False,mg/l,empri-2018
410,BUBNHGlrp_kr1-410,Lingarajapura kere,,13.128278,77.542417,2017-11-24,tss,123.0,123,False,mg/l,empri-2018
410,BUBNHGlrp_kr1-410,Lingarajapura kere,,13.128278,77.542417,2017-11-24,turbidity,21.1,21.1,False,NTU,empri-2018
410,BUBNHGlrp_kr1-410,Lingarajapura kere,,13.128278,77.542417,2017-11-24,dissolvedOxygen,8.6,8.6,False,mg/l,empri-2018
410,BUBNHGlrp_kr1-410,Lingarajapura kere,,13.128278,77.542417,2017-11-24,cod,16.0,16,False,mg/l,empri-2018
410,BUBNHGlrp_kr1-410,Lingarajapura kere,,13.128278,77.542417,2017-11-24,bod,3.8,3.8,False,mg/l,empri-2018
410,BUBNHGlrp_kr1-410,Lingarajapura kere,,13.128278,77.542417,2017-11-24,totalPhosphate,0.1,0.1,False,mg/l,empri-2018
410,BUBNHGlrp_kr1-410,Lingarajapura kere,,13.128278,77.542417,2017-11-24,tkn,4.0,4,False,mg/l,empri-2018
410,BUBNHGlrp_kr1-410,Lingarajapura kere,,13.128278,77.542417,2017-11-24,totalColiform,1600.0,>1600,False,MPN/100ml,empri-2018
410,BUBNHGlrp_kr1-410,Lingarajapura kere,,13.128278,77.542417,2017-11-24,sewageInflow,,No Flow,False,cumecs,empri-2018
413,BUBNHGmdp_kr1-413,Madappanahalli Kere 1,,13.157389,77.542583,2017-11-24,waterTemperature,28.3,28.3,False,°C,empri-2018
413,BUBNHGmdp_kr1-413,Madappanahalli Kere 1,,13.157389,77.542583,2017-11-24,lightTransparency,19.0,19,False,cm,empri-2018
413,BUBNHGmdp_kr1-413,Madappanahalli Kere 1,,13.157389,77.542583,2017-11-24,ph,7.8,7.8,False,,empri-2018
413,BUBNHGmdp_kr1-413,Madappanahalli Kere 1,,13.157389,77.542583,2017-11-24,conductivity,183.0,183,False,µS/cm,empri-2018
413,BUBNHGmdp_kr1-413,Madappanahalli Kere 1,,13.157389,77.542583,2017-11-24,tds,120.0,120,False,mg/l,empri-2018
413,BUBNHGmdp_kr1-413,Madappanahalli Kere 1,,13.157389,77.542583,2017-11-24,tss,2.0,2,False,mg/l,empri-2018
413,BUBNHGmdp_kr1-413,Madappanahalli Kere 1,,13.157389,77.542583,2017-11-24,turbidity,42.3,42.3,False,NTU,empri-2018
413,BUBNHGmdp_kr1-413,Madappanahalli Kere 1,,13.157389,77.542583,2017-11-24,dissolvedOxygen,8.0,8.0,False,mg/l,empri-2018
413,BUBNHGmdp_kr1-413,Madappanahalli Kere 1,,13.157389,77.542583,2017-11-24,cod,48.0,48,False,mg/l,empri-2018
413,BUBNHGmdp_kr1-413,Madappanahalli Kere 1,,13.157389,77.542583,2017-11-24,bod,11.5,11.5,False,mg/l,empri-2018
413,BUBNHGmdp_kr1-413,Madappanahalli Kere 1,,13.157389,77.542583,2017-11-24,totalPhosphate,1.5,1.5,False,mg/l,empri-2018
413,BUBNHGmdp_kr1-413,Madappanahalli Kere 1,,13.157389,77.542583,2017-11-24,tkn,3.0,3,False,mg/l,empri-2018
413,BUBNHGmdp_kr1-413,Madappanahalli Kere 1,,13.157389,77.542583,2017-11-24,totalColiform,1600.0,>1600,False,MPN/100ml,empri-2018
413,BUBNHGmdp_kr1-413,Madappanahalli Kere 1,,13.157389,77.542583,2017-11-24,sewageInflow,,No Flow,False,cumecs,empri-2018
417,BUBNHGmdp_kr5-417,Aralakunta,,13.150806,77.54175,2017-11-24,waterTemperature,29.4,29.4,False,°C,empri-2018
417,BUBNHGmdp_kr5-417,Aralakunta,,13.150806,77.54175,2017-11-24,lightTransparency,13.0,13,False,cm,empri-2018
417,BUBNHGmdp_kr5-417,Aralakunta,,13.150806,77.54175,2017-11-24,ph,8.2,8.2,False,,empri-2018
417,BUBNHGmdp_kr5-417,Aralakunta,,13.150806,77.54175,2017-11-24,conductivity,277.0,277,False,µS/cm,empri-2018
417,BUBNHGmdp_kr5-417,Aralakunta,,13.150806,77.54175,2017-11-24,tds,230.0,230,False,mg/l,empri-2018
417,BUBNHGmdp_kr5-417,Aralakunta,,13.150806,77.54175,2017-11-24,tss,35.4,35.4,False,mg/l,empri-2018
417,BUBNHGmdp_kr5-417,Aralakunta,,13.150806,77.54175,2017-11-24,turbidity,29.0,29,False,NTU,empri-2018
417,BUBNHGmdp_kr5-417,Aralakunta,,13.150806,77.54175,2017-11-24,dissolvedOxygen,5.6,5.6,False,mg/l,empri-2018
417,BUBNHGmdp_kr5-417,Aralakunta,,13.150806,77.54175,2017-11-24,cod,16.0,16,False,mg/l,empri-2018
417,BUBNHGmdp_kr5-417,Aralakunta,,13.150806,77.54175,2017-11-24,bod,3.8,3.8,False,mg/l,empri-2018
417,BUBNHGmdp_kr5-417,Aralakunta,,13.150806,77.54175,2017-11-24,totalPhosphate,0.5,0.5,False,mg/l,empri-2018
417,BUBNHGmdp_kr5-417,Aralakunta,,13.150806,77.54175,2017-11-24,tkn,7.0,7,False,mg/l,empri-2018
417,BUBNHGmdp_kr5-417,Aralakunta,,13.150806,77.54175,2017-11-24,totalColiform,220.0,220,False,MPN/100ml,empri-2018
417,BUBNHGmdp_kr5-417,Aralakunta,,13.150806,77.54175,2017-11-24,sewageInflow,,No Flow,False,cumecs,empri-2018
422,BUBNHGmvp_kr1-422,Mavallipura Karabu Lake,,13.129667,77.529694,2017-11-24,waterTemperature,28.0,28,False,°C,empri-2018
422,BUBNHGmvp_kr1-422,Mavallipura Karabu Lake,,13.129667,77.529694,2017-11-24,lightTransparency,,UM,False,cm,empri-2018
422,BUBNHGmvp_kr1-422,Mavallipura Karabu Lake,,13.129667,77.529694,2017-11-24,ph,7.3,7.3,False,,empri-2018
422,BUBNHGmvp_kr1-422,Mavallipura Karabu Lake,,13.129667,77.529694,2017-11-24,conductivity,773.0,773,False,µS/cm,empri-2018
422,BUBNHGmvp_kr1-422,Mavallipura Karabu Lake,,13.129667,77.529694,2017-11-24,tds,560.0,560,False,mg/l,empri-2018
422,BUBNHGmvp_kr1-422,Mavallipura Karabu Lake,,13.129667,77.529694,2017-11-24,tss,258.0,258,False,mg/l,empri-2018
422,BUBNHGmvp_kr1-422,Mavallipura Karabu Lake,,13.129667,77.529694,2017-11-24,turbidity,18.0,18,False,NTU,empri-2018
422,BUBNHGmvp_kr1-422,Mavallipura Karabu Lake,,13.129667,77.529694,2017-11-24,dissolvedOxygen,3.8,3.8,False,mg/l,empri-2018
422,BUBNHGmvp_kr1-422,Mavallipura Karabu Lake,,13.129667,77.529694,2017-11-24,cod,32.0,32,False,mg/l,empri-2018
422,BUBNHGmvp_kr1-422,Mavallipura Karabu Lake,,13.129667,77.529694,2017-11-24,bod,7.7,7.7,False,mg/l,empri-2018
422,BUBNHGmvp_kr1-422,Mavallipura Karabu Lake,,13.129667,77.529694,2017-11-24,totalPhosphate,0.2,0.2,False,mg/l,empri-2018
422,BUBNHGmvp_kr1-422,Mavallipura Karabu Lake,,13.129667,77.529694,2017-11-24,tkn,14.0,14,False,mg/l,empri-2018
422,BUBNHGmvp_kr1-422,Mavallipura Karabu Lake,,13.129667,77.529694,2017-11-24,totalColiform,1600.0,>1600,False,MPN/100ml,empri-2018
422,BUBNHGmvp_kr1-422,Mavallipura Karabu Lake,,13.129667,77.529694,2017-11-24,sewageInflow,,No Flow,False,cumecs,empri-2018
426,BUBNHGmvp_kr5-426,Mavallipura Kere 3,,13.124,77.523722,2017-11-24,waterTemperature,29.0,29,False,°C,empri-2018
426,BUBNHGmvp_kr5-426,Mavallipura Kere 3,,13.124,77.523722,2017-11-24,lightTransparency,12.0,12,False,cm,empri-2018
426,BUBNHGmvp_kr5-426,Mavallipura Kere 3,,13.124,77.523722,2017-11-24,ph,7.5,7.5,False,,empri-2018
426,BUBNHGmvp_kr5-426,Mavallipura Kere 3,,13.124,77.523722,2017-11-24,conductivity,200.0,200,False,µS/cm,empri-2018
426,BUBNHGmvp_kr5-426,Mavallipura Kere 3,,13.124,77.523722,2017-11-24,tds,162.0,162,False,mg/l,empri-2018
426,BUBNHGmvp_kr5-426,Mavallipura Kere 3,,13.124,77.523722,2017-11-24,tss,36.0,36,False,mg/l,empri-2018
426,BUBNHGmvp_kr5-426,Mavallipura Kere 3,,13.124,77.523722,2017-11-24,turbidity,28.5,28.5,False,NTU,empri-2018
426,BUBNHGmvp_kr5-426,Mavallipura Kere 3,,13.124,77.523722,2017-11-24,dissolvedOxygen,7.6,7.6,False,mg/l,empri-2018
426,BUBNHGmvp_kr5-426,Mavallipura Kere 3,,13.124,77.523722,2017-11-24,cod,16.0,16,False,mg/l,empri-2018
426,BUBNHGmvp_kr5-426,Mavallipura Kere 3,,13.124,77.523722,2017-11-24,bod,3.8,3.8,False,mg/l,empri-2018
426,BUBNHGmvp_kr5-426,Mavallipura Kere 3,,13.124,77.523722,2017-11-24,totalPhosphate,0.9,0.9,False,mg/l,empri-2018
426,BUBNHGmvp_kr5-426,Mavallipura Kere 3,,13.124,77.523722,2017-11-24,tkn,7.0,7,False,mg/l,empri-2018
426,BUBNHGmvp_kr5-426,Mavallipura Kere 3,,13.124,77.523722,2017-11-24,totalColiform,1600.0,>1600,False,MPN/100ml,empri-2018
426,BUBNHGmvp_kr5-426,Mavallipura Kere 3,,13.124,77.523722,2017-11-24,sewageInflow,,No Flow,False,cumecs,empri-2018
427,BUBNHGmvp_kr6-427,Mavallipura Kere 4,,13.1295,77.521528,2017-11-24,waterTemperature,29.2,29.2,False,°C,empri-2018
427,BUBNHGmvp_kr6-427,Mavallipura Kere 4,,13.1295,77.521528,2017-11-24,lightTransparency,22.0,22,False,cm,empri-2018
427,BUBNHGmvp_kr6-427,Mavallipura Kere 4,,13.1295,77.521528,2017-11-24,ph,7.5,7.5,False,,empri-2018
427,BUBNHGmvp_kr6-427,Mavallipura Kere 4,,13.1295,77.521528,2017-11-24,conductivity,302.0,302,False,µS/cm,empri-2018
427,BUBNHGmvp_kr6-427,Mavallipura Kere 4,,13.1295,77.521528,2017-11-24,tds,226.0,226,False,mg/l,empri-2018
427,BUBNHGmvp_kr6-427,Mavallipura Kere 4,,13.1295,77.521528,2017-11-24,tss,118.0,118,False,mg/l,empri-2018
427,BUBNHGmvp_kr6-427,Mavallipura Kere 4,,13.1295,77.521528,2017-11-24,turbidity,67.7,67.7,False,NTU,empri-2018
427,BUBNHGmvp_kr6-427,Mavallipura Kere 4,,13.1295,77.521528,2017-11-24,dissolvedOxygen,5.8,5.8,False,mg/l,empri-2018
427,BUBNHGmvp_kr6-427,Mavallipura Kere 4,,13.1295,77.521528,2017-11-24,cod,48.0,48,False,mg/l,empri-2018
427,BUBNHGmvp_kr6-427,Mavallipura Kere 4,,13.1295,77.521528,2017-11-24,bod,11.5,11.5,False,mg/l,empri-2018
427,BUBNHGmvp_kr6-427,Mavallipura Kere 4,,13.1295,77.521528,2017-11-24,totalPhosphate,1.4,1.4,False,mg/l,empri-2018
427,BUBNHGmvp_kr6-427,Mavallipura Kere 4,,13.1295,77.521528,2017-11-24,tkn,7.0,7,False,mg/l,empri-2018
427,BUBNHGmvp_kr6-427,Mavallipura Kere 4,,13.1295,77.521528,2017-11-24,totalColiform,1600.0,>1600,False,MPN/100ml,empri-2018
427,BUBNHGmvp_kr6-427,Mavallipura Kere 4,,13.1295,77.521528,2017-11-24,sewageInflow,,No Flow,False,cumecs,empri-2018
432,BUBNHGmyp_kr1-432,Mylappanahalli kere 1,,13.134944,77.537417,2017-11-24,waterTemperature,28.4,28.4,False,°C,empri-2018
432,BUBNHGmyp_kr1-432,Mylappanahalli kere 1,,13.134944,77.537417,2017-11-24,lightTransparency,24.0,24,False,cm,empri-2018
432,BUBNHGmyp_kr1-432,Mylappanahalli kere 1,,13.134944,77.537417,2017-11-24,ph,7.2,7.2,False,,empri-2018
432,BUBNHGmyp_kr1-432,Mylappanahalli kere 1,,13.134944,77.537417,2017-11-24,conductivity,164.0,164,False,µS/cm,empri-2018
432,BUBNHGmyp_kr1-432,Mylappanahalli kere 1,,13.134944,77.537417,2017-11-24,tds,100.0,100,False,mg/l,empri-2018
432,BUBNHGmyp_kr1-432,Mylappanahalli kere 1,,13.134944,77.537417,2017-11-24,tss,278.0,278,False,mg/l,empri-2018
432,BUBNHGmyp_kr1-432,Mylappanahalli kere 1,,13.134944,77.537417,2017-11-24,turbidity,35.1,35.1,False,NTU,empri-2018
432,BUBNHGmyp_kr1-432,Mylappanahalli kere 1,,13.134944,77.537417,2017-11-24,dissolvedOxygen,7.4,7.4,False,mg/l,empri-2018
432,BUBNHGmyp_kr1-432,Mylappanahalli kere 1,,13.134944,77.537417,2017-11-24,cod,80.0,80,False,mg/l,empri-2018
432,BUBNHGmyp_kr1-432,Mylappanahalli kere 1,,13.134944,77.537417,2017-11-24,bod,19.2,19.2,False,mg/l,empri-2018
432,BUBNHGmyp_kr1-432,Mylappanahalli kere 1,,13.134944,77.537417,2017-11-24,totalPhosphate,0.4,0.4,False,mg/l,empri-2018
432,BUBNHGmyp_kr1-432,Mylappanahalli kere 1,,13.134944,77.537417,2017-11-24,tkn,14.0,14,False,mg/l,empri-2018
432,BUBNHGmyp_kr1-432,Mylappanahalli kere 1,,13.134944,77.537417,2017-11-24,totalColiform,1600.0,>1600,False,MPN/100ml,empri-2018
432,BUBNHGmyp_kr1-432,Mylappanahalli kere 1,,13.134944,77.537417,2017-11-24,sewageInflow,,No Flow,False,cumecs,empri-2018
433,BUBNHGmyp_kr2-433,Mylappanahalli Kere 2,,13.146722,77.537167,2017-11-24,waterTemperature,28.3,28.3,False,°C,empri-2018
433,BUBNHGmyp_kr2-433,Mylappanahalli Kere 2,,13.146722,77.537167,2017-11-24,lightTransparency,32.0,32,False,cm,empri-2018
433,BUBNHGmyp_kr2-433,Mylappanahalli Kere 2,,13.146722,77.537167,2017-11-24,ph,7.3,7.3,False,,empri-2018
433,BUBNHGmyp_kr2-433,Mylappanahalli Kere 2,,13.146722,77.537167,2017-11-24,conductivity,173.0,173,False,µS/cm,empri-2018
433,BUBNHGmyp_kr2-433,Mylappanahalli Kere 2,,13.146722,77.537167,2017-11-24,tds,142.0,142,False,mg/l,empri-2018
433,BUBNHGmyp_kr2-433,Mylappanahalli Kere 2,,13.146722,77.537167,2017-11-24,tss,17.0,17,False,mg/l,empri-2018
433,BUBNHGmyp_kr2-433,Mylappanahalli Kere 2,,13.146722,77.537167,2017-11-24,turbidity,10.7,10.7,False,NTU,empri-2018
433,BUBNHGmyp_kr2-433,Mylappanahalli Kere 2,,13.146722,77.537167,2017-11-24,dissolvedOxygen,4.4,4.4,False,mg/l,empri-2018
433,BUBNHGmyp_kr2-433,Mylappanahalli Kere 2,,13.146722,77.537167,2017-11-24,cod,80.0,80,False,mg/l,empri-2018
433,BUBNHGmyp_kr2-433,Mylappanahalli Kere 2,,13.146722,77.537167,2017-11-24,bod,19.2,19.2,False,mg/l,empri-2018
433,BUBNHGmyp_kr2-433,Mylappanahalli Kere 2,,13.146722,77.537167,2017-11-24,totalPhosphate,0.2,0.2,False,mg/l,empri-2018
433,BUBNHGmyp_kr2-433,Mylappanahalli Kere 2,,13.146722,77.537167,2017-11-24,tkn,7.0,7,False,mg/l,empri-2018
433,BUBNHGmyp_kr2-433,Mylappanahalli Kere 2,,13.146722,77.537167,2017-11-24,totalColiform,1600.0,>1600,False,MPN/100ml,empri-2018
433,BUBNHGmyp_kr2-433,Mylappanahalli Kere 2,,13.146722,77.537167,2017-11-24,sewageInflow,,No Flow,False,cumecs,empri-2018
455,BUBNDPalu_kr1-455,Alur kere,,13.095639,77.459389,2017-11-23,waterTemperature,27.5,27.5,False,°C,empri-2018
455,BUBNDPalu_kr1-455,Alur kere,,13.095639,77.459389,2017-11-23,lightTransparency,45.0,45,False,cm,empri-2018
455,BUBNDPalu_kr1-455,Alur kere,,13.095639,77.459389,2017-11-23,ph,7.2,7.2,False,,empri-2018
455,BUBNDPalu_kr1-455,Alur kere,,13.095639,77.459389,2017-11-23,conductivity,108.0,108,False,µS/cm,empri-2018
455,BUBNDPalu_kr1-455,Alur kere,,13.095639,77.459389,2017-11-23,tds,54.0,54,False,mg/l,empri-2018
455,BUBNDPalu_kr1-455,Alur kere,,13.095639,77.459389,2017-11-23,tss,19.0,19,False,mg/l,empri-2018
455,BUBNDPalu_kr1-455,Alur kere,,13.095639,77.459389,2017-11-23,turbidity,8.3,8.3,False,NTU,empri-2018
455,BUBNDPalu_kr1-455,Alur kere,,13.095639,77.459389,2017-11-23,dissolvedOxygen,4.8,4.8,False,mg/l,empri-2018
455,BUBNDPalu_kr1-455,Alur kere,,13.095639,77.459389,2017-11-23,cod,16.0,16,False,mg/l,empri-2018
455,BUBNDPalu_kr1-455,Alur kere,,13.095639,77.459389,2017-11-23,bod,3.8,3.8,False,mg/l,empri-2018
455,BUBNDPalu_kr1-455,Alur kere,,13.095639,77.459389,2017-11-23,totalPhosphate,0.1,0.1,False,mg/l,empri-2018
455,BUBNDPalu_kr1-455,Alur kere,,13.095639,77.459389,2017-11-23,tkn,14.0,14,False,mg/l,empri-2018
455,BUBNDPalu_kr1-455,Alur kere,,13.095639,77.459389,2017-11-23,totalColiform,1600.0,1600,False,MPN/100ml,empri-2018
455,BUBNDPalu_kr1-455,Alur kere,,13.095639,77.459389,2017-11-23,sewageInflow,,No Flow,False,cumecs,empri-2018
456,BUBNDPalu_kr2-456,Alur katte,,13.089333,77.453139,2017-11-23,waterTemperature,30.5,30.5,False,°C,empri-2018
456,BUBNDPalu_kr2-456,Alur katte,,13.089333,77.453139,2017-11-23,lightTransparency,6.0,6,False,cm,empri-2018
456,BUBNDPalu_kr2-456,Alur katte,,13.089333,77.453139,2017-11-23,ph,7.8,7.8,False,,empri-2018
456,BUBNDPalu_kr2-456,Alur katte,,13.089333,77.453139,2017-11-23,conductivity,151.0,151,False,µS/cm,empri-2018
456,BUBNDPalu_kr2-456,Alur katte,,13.089333,77.453139,2017-11-23,tds,110.0,110,False,mg/l,empri-2018
456,BUBNDPalu_kr2-456,Alur katte,,13.089333,77.453139,2017-11-23,tss,60.0,60,False,mg/l,empri-2018
456,BUBNDPalu_kr2-456,Alur katte,,13.089333,77.453139,2017-11-23,turbidity,79.1,79.1,False,NTU,empri-2018
456,BUBNDPalu_kr2-456,Alur katte,,13.089333,77.453139,2017-11-23,dissolvedOxygen,5.2,5.2,False,mg/l,empri-2018
456,BUBNDPalu_kr2-456,Alur katte,,13.089333,77.453139,2017-11-23,cod,32.0,32,False,mg/l,empri-2018
456,BUBNDPalu_kr2-456,Alur katte,,13.089333,77.453139,2017-11-23,bod,7.7,7.7,False,mg/l,empri-2018
456,BUBNDPalu_kr2-456,Alur katte,,13.089333,77.453139,2017-11-23,totalPhosphate,0.3,0.3,False,mg/l,empri-2018
456,BUBNDPalu_kr2-456,Alur katte,,13.089333,77.453139,2017-11-23,tkn,7.0,7,False,mg/l,empri-2018
456,BUBNDPalu_kr2-456,Alur katte,,13.089333,77.453139,2017-11-23,totalColiform,1600.0,>1600,False,MPN/100ml,empri-2018
456,BUBNDPalu_kr2-456,Alur katte,,13.089333,77.453139,2017-11-23,sewageInflow,,No Flow,False,cumecs,empri-2018
458,BUBNDPbyd_kr2-458,Byandahalli kere,Inlet,13.006167,77.445917,2017-11-23,waterTemperature,25.5,25.5,False,°C,empri-2018
458,BUBNDPbyd_kr2-458,Byandahalli kere,Inlet,13.006167,77.445917,2017-11-23,lightTransparency,45.0,45,False,cm,empri-2018
458,BUBNDPbyd_kr2-458,Byandahalli kere,Inlet,13.006167,77.445917,2017-11-23,ph,8.0,8,False,,empri-2018
458,BUBNDPbyd_kr2-458,Byandahalli kere,Inlet,13.006167,77.445917,2017-11-23,conductivity,1005.0,1005,False,µS/cm,empri-2018
458,BUBNDPbyd_kr2-458,Byandahalli kere,Inlet,13.006167,77.445917,2017-11-23,tds,822.0,822,False,mg/l,empri-2018
458,BUBNDPbyd_kr2-458,Byandahalli kere,Inlet,13.006167,77.445917,2017-11-23,tss,21.0,21,False,mg/l,empri-2018
458,BUBNDPbyd_kr2-458,Byandahalli kere,Inlet,13.006167,77.445917,2017-11-23,turbidity,5.7,5.7,False,NTU,empri-2018
458,BUBNDPbyd_kr2-458,Byandahalli kere,Inlet,13.006167,77.445917,2017-11-23,dissolvedOxygen,9.6,9.6,False,mg/l,empri-2018
458,BUBNDPbyd_kr2-458,Byandahalli kere,Inlet,13.006167,77.445917,2017-11-23,cod,16.0,16,False,mg/l,empri-2018
458,BUBNDPbyd_kr2-458,Byandahalli kere,Inlet,13.006167,77.445917,2017-11-23,bod,3.8,3.8,False,mg/l,empri-2018
458,BUBNDPbyd_kr2-458,Byandahalli kere,Inlet,13.006167,77.445917,2017-11-23,totalPhosphate,0.5,0.5,False,mg/l,empri-2018
458,BUBNDPbyd_kr2-458,Byandahalli kere,Inlet,13.006167,77.445917,2017-11-23,tkn,4.0,4,False,mg/l,empri-2018
458,BUBNDPbyd_kr2-458,Byandahalli kere,Inlet,13.006167,77.445917,2017-11-23,totalColiform,110.0,110,False,MPN/100ml,empri-2018
458,BUBNDPbyd_kr2-458,Byandahalli kere,Inlet,13.006167,77.445917,2017-11-23,sewageInflow,0.162,0.162,False,cumecs,empri-2018
458,BUBNDPbyd_kr2-458,Byandahalli kere,Outlet,13.007167,77.446361,2017-11-23,waterTemperature,26.3,26.3,False,°C,empri-2018
458,BUBNDPbyd_kr2-458,Byandahalli kere,Outlet,13.007167,77.446361,2017-11-23,lightTransparency,23.0,23,False,cm,empri-2018
458,BUBNDPbyd_kr2-458,Byandahalli kere,Outlet,13.007167,77.446361,2017-11-23,ph,8.3,8.3,False,,empri-2018
458,BUBNDPbyd_kr2-458,Byandahalli kere,Outlet,13.007167,77.446361,2017-11-23,conductivity,1023.0,1023,False,µS/cm,empri-2018
458,BUBNDPbyd_kr2-458,Byandahalli kere,Outlet,13.007167,77.446361,2017-11-23,tds,844.0,844,False,mg/l,empri-2018
458,BUBNDPbyd_kr2-458,Byandahalli kere,Outlet,13.007167,77.446361,2017-11-23,tss,14.0,14,False,mg/l,empri-2018
458,BUBNDPbyd_kr2-458,Byandahalli kere,Outlet,13.007167,77.446361,2017-11-23,turbidity,9.4,9.4,False,NTU,empri-2018
458,BUBNDPbyd_kr2-458,Byandahalli kere,Outlet,13.007167,77.446361,2017-11-23,dissolvedOxygen,8.2,8.2,False,mg/l,empri-2018
458,BUBNDPbyd_kr2-458,Byandahalli kere,Outlet,13.007167,77.446361,2017-11-23,cod,16.0,16,False,mg/l,empri-2018
458,BUBNDPbyd_kr2-458,Byandahalli kere,Outlet,13.007167,77.446361,2017-11-23,bod,3.8,3.8,False,mg/l,empri-2018
458,BUBNDPbyd_kr2-458,Byandahalli kere,Outlet,13.007167,77.446361,2017-11-23,totalPhosphate,1.0,1,False,mg/l,empri-2018
458,BUBNDPbyd_kr2-458,Byandahalli kere,Outlet,13.007167,77.446361,2017-11-23,tkn,7.0,7,False,mg/l,empri-2018
458,BUBNDPbyd_kr2-458,Byandahalli kere,Outlet,13.007167,77.446361,2017-11-23,totalColiform,280.0,280,False,MPN/100ml,empri-2018
463,BUBNDPdsp_kr3-463,Dasanapura kere,Inlet,13.079167,77.432528,2017-11-23,waterTemperature,28.0,28,False,°C,empri-2018
463,BUBNDPdsp_kr3-463,Dasanapura kere,Inlet,13.079167,77.432528,2017-11-23,lightTransparency,51.0,51,False,cm,empri-2018
463,BUBNDPdsp_kr3-463,Dasanapura kere,Inlet,13.079167,77.432528,2017-11-23,ph,8.1,8.1,False,,empri-2018
463,BUBNDPdsp_kr3-463,Dasanapura kere,Inlet,13.079167,77.432528,2017-11-23,conductivity,618.0,618,False,µS/cm,empri-2018
463,BUBNDPdsp_kr3-463,Dasanapura kere,Inlet,13.079167,77.432528,2017-11-23,tds,510.0,510,False,mg/l,empri-2018
463,BUBNDPdsp_kr3-463,Dasanapura kere,Inlet,13.079167,77.432528,2017-11-23,tss,16.0,16,False,mg/l,empri-2018
463,BUBNDPdsp_kr3-463,Dasanapura kere,Inlet,13.079167,77.432528,2017-11-23,turbidity,9.9,9.9,False,NTU,empri-2018
463,BUBNDPdsp_kr3-463,Dasanapura kere,Inlet,13.079167,77.432528,2017-11-23,dissolvedOxygen,4.8,4.8,False,mg/l,empri-2018
463,BUBNDPdsp_kr3-463,Dasanapura kere,Inlet,13.079167,77.432528,2017-11-23,cod,80.0,80,False,mg/l,empri-2018
463,BUBNDPdsp_kr3-463,Dasanapura kere,Inlet,13.079167,77.432528,2017-11-23,bod,19.2,19.2,False,mg/l,empri-2018
463,BUBNDPdsp_kr3-463,Dasanapura kere,Inlet,13.079167,77.432528,2017-11-23,totalPhosphate,0.7,0.7,False,mg/l,empri-2018
463,BUBNDPdsp_kr3-463,Dasanapura kere,Inlet,13.079167,77.432528,2017-11-23,tkn,7.0,7,False,mg/l,empri-2018
463,BUBNDPdsp_kr3-463,Dasanapura kere,Inlet,13.079167,77.432528,2017-11-23,totalColiform,220.0,220,False,MPN/100ml,empri-2018
463,BUBNDPdsp_kr3-463,Dasanapura kere,Inlet,13.079167,77.432528,2017-11-23,sewageInflow,,No Flow,False,cumecs,empri-2018
463,BUBNDPdsp_kr3-463,Dasanapura kere,Outlet,13.081389,77.433417,2017-11-23,waterTemperature,27.0,27,False,°C,empri-2018
463,BUBNDPdsp_kr3-463,Dasanapura kere,Outlet,13.081389,77.433417,2017-11-23,lightTransparency,,UM,False,cm,empri-2018
463,BUBNDPdsp_kr3-463,Dasanapura kere,Outlet,13.081389,77.433417,2017-11-23,ph,7.7,7.7,False,,empri-2018
463,BUBNDPdsp_kr3-463,Dasanapura kere,Outlet,13.081389,77.433417,2017-11-23,conductivity,614.0,614,False,µS/cm,empri-2018
463,BUBNDPdsp_kr3-463,Dasanapura kere,Outlet,13.081389,77.433417,2017-11-23,tds,500.0,500,False,mg/l,empri-2018
463,BUBNDPdsp_kr3-463,Dasanapura kere,Outlet,13.081389,77.433417,2017-11-23,tss,91.0,91,False,mg/l,empri-2018
463,BUBNDPdsp_kr3-463,Dasanapura kere,Outlet,13.081389,77.433417,2017-11-23,turbidity,15.0,15,False,NTU,empri-2018
463,BUBNDPdsp_kr3-463,Dasanapura kere,Outlet,13.081389,77.433417,2017-11-23,dissolvedOxygen,3.8,3.8,False,mg/l,empri-2018
463,BUBNDPdsp_kr3-463,Dasanapura kere,Outlet,13.081389,77.433417,2017-11-23,cod,80.0,80,False,mg/l,empri-2018
463,BUBNDPdsp_kr3-463,Dasanapura kere,Outlet,13.081389,77.433417,2017-11-23,bod,19.2,19.2,False,mg/l,empri-2018
463,BUBNDPdsp_kr3-463,Dasanapura kere,Outlet,13.081389,77.433417,2017-11-23,totalPhosphate,0.4,0.4,False,mg/l,empri-2018
463,BUBNDPdsp_kr3-463,Dasanapura kere,Outlet,13.081389,77.433417,2017-11-23,tkn,7.0,7,False,mg/l,empri-2018
463,BUBNDPdsp_kr3-463,Dasanapura kere,Outlet,13.081389,77.433417,2017-11-23,totalColiform,900.0,900,False,MPN/100ml,empri-2018
468,BUBNDPggd_kr4-468,Gangondanahalli kere,Inlet,13.020056,77.475444,2017-11-23,waterTemperature,22.5,22.5,False,°C,empri-2018
468,BUBNDPggd_kr4-468,Gangondanahalli kere,Inlet,13.020056,77.475444,2017-11-23,lightTransparency,,UM,False,cm,empri-2018
468,BUBNDPggd_kr4-468,Gangondanahalli kere,Inlet,13.020056,77.475444,2017-11-23,ph,8.4,8.4,False,,empri-2018
468,BUBNDPggd_kr4-468,Gangondanahalli kere,Inlet,13.020056,77.475444,2017-11-23,conductivity,980.0,980,False,µS/cm,empri-2018
468,BUBNDPggd_kr4-468,Gangondanahalli kere,Inlet,13.020056,77.475444,2017-11-23,tds,600.0,600,False,mg/l,empri-2018
468,BUBNDPggd_kr4-468,Gangondanahalli kere,Inlet,13.020056,77.475444,2017-11-23,tss,52.0,52,False,mg/l,empri-2018
468,BUBNDPggd_kr4-468,Gangondanahalli kere,Inlet,13.020056,77.475444,2017-11-23,turbidity,18.0,18,False,NTU,empri-2018
468,BUBNDPggd_kr4-468,Gangondanahalli kere,Inlet,13.020056,77.475444,2017-11-23,dissolvedOxygen,4.2,4.2,False,mg/l,empri-2018
468,BUBNDPggd_kr4-468,Gangondanahalli kere,Inlet,13.020056,77.475444,2017-11-23,cod,80.0,80,False,mg/l,empri-2018
468,BUBNDPggd_kr4-468,Gangondanahalli kere,Inlet,13.020056,77.475444,2017-11-23,bod,17.2,17.2,False,mg/l,empri-2018
468,BUBNDPggd_kr4-468,Gangondanahalli kere,Inlet,13.020056,77.475444,2017-11-23,totalPhosphate,2.0,2,False,mg/l,empri-2018
468,BUBNDPggd_kr4-468,Gangondanahalli kere,Inlet,13.020056,77.475444,2017-11-23,tkn,7.0,7,False,mg/l,empri-2018
468,BUBNDPggd_kr4-468,Gangondanahalli kere,Inlet,13.020056,77.475444,2017-11-23,totalColiform,1600.0,>1600,False,MPN/100ml,empri-2018
468,BUBNDPggd_kr4-468,Gangondanahalli kere,Inlet,13.020056,77.475444,2017-11-23,sewageInflow,,UM,False,cumecs,empri-2018
471,BUBNDPhnm_kr2-471,Hanumanthas agara Kere,,13.071167,77.469083,2017-11-23,waterTemperature,28.5,28.5,False,°C,empri-2018
471,BUBNDPhnm_kr2-471,Hanumanthas agara Kere,,13.071167,77.469083,2017-11-23,lightTransparency,58.0,58,False,cm,empri-2018
471,BUBNDPhnm_kr2-471,Hanumanthas agara Kere,,13.071167,77.469083,2017-11-23,ph,6.7,6.7,False,,empri-2018
471,BUBNDPhnm_kr2-471,Hanumanthas agara Kere,,13.071167,77.469083,2017-11-23,conductivity,99.0,99,False,µS/cm,empri-2018
471,BUBNDPhnm_kr2-471,Hanumanthas agara Kere,,13.071167,77.469083,2017-11-23,tds,55.0,55,False,mg/l,empri-2018
471,BUBNDPhnm_kr2-471,Hanumanthas agara Kere,,13.071167,77.469083,2017-11-23,tss,28.0,28,False,mg/l,empri-2018
471,BUBNDPhnm_kr2-471,Hanumanthas agara Kere,,13.071167,77.469083,2017-11-23,turbidity,6.7,6.7,False,NTU,empri-2018
471,BUBNDPhnm_kr2-471,Hanumanthas agara Kere,,13.071167,77.469083,2017-11-23,dissolvedOxygen,7.0,7.0,False,mg/l,empri-2018
471,BUBNDPhnm_kr2-471,Hanumanthas agara Kere,,13.071167,77.469083,2017-11-23,cod,16.0,16,False,mg/l,empri-2018
471,BUBNDPhnm_kr2-471,Hanumanthas agara Kere,,13.071167,77.469083,2017-11-23,bod,3.8,3.8,False,mg/l,empri-2018
471,BUBNDPhnm_kr2-471,Hanumanthas agara Kere,,13.071167,77.469083,2017-11-23,totalPhosphate,0.1,0.1,False,mg/l,empri-2018
471,BUBNDPhnm_kr2-471,Hanumanthas agara Kere,,13.071167,77.469083,2017-11-23,tkn,7.0,7,False,mg/l,empri-2018
471,BUBNDPhnm_kr2-471,Hanumanthas agara Kere,,13.071167,77.469083,2017-11-23,totalColiform,1600.0,>1600,False,MPN/100ml,empri-2018
471,BUBNDPhnm_kr2-471,Hanumanthas agara Kere,,13.071167,77.469083,2017-11-23,sewageInflow,,No Flow,False,cumecs,empri-2018
473,BUBNDPhrk_kr2-473,Harokyathanahalli kere,,13.052778,77.444333,2017-11-23,waterTemperature,28.2,28.2,False,°C,empri-2018
473,BUBNDPhrk_kr2-473,Harokyathanahalli kere,,13.052778,77.444333,2017-11-23,lightTransparency,51.0,51,False,cm,empri-2018
473,BUBNDPhrk_kr2-473,Harokyathanahalli kere,,13.052778,77.444333,2017-11-23,ph,6.4,6.4,False,,empri-2018
473,BUBNDPhrk_kr2-473,Harokyathanahalli kere,,13.052778,77.444333,2017-11-23,conductivity,90.0,90,False,µS/cm,empri-2018
473,BUBNDPhrk_kr2-473,Harokyathanahalli kere,,13.052778,77.444333,2017-11-23,tds,55.0,55,False,mg/l,empri-2018
473,BUBNDPhrk_kr2-473,Harokyathanahalli kere,,13.052778,77.444333,2017-11-23,tss,14.0,14,False,mg/l,empri-2018
473,BUBNDPhrk_kr2-473,Harokyathanahalli kere,,13.052778,77.444333,2017-11-23,turbidity,13.2,13.2,False,NTU,empri-2018
473,BUBNDPhrk_kr2-473,Harokyathanahalli kere,,13.052778,77.444333,2017-11-23,dissolvedOxygen,5.0,5.0,False,mg/l,empri-2018
473,BUBNDPhrk_kr2-473,Harokyathanahalli kere,,13.052778,77.444333,2017-11-23,cod,16.0,16,False,mg/l,empri-2018
473,BUBNDPhrk_kr2-473,Harokyathanahalli kere,,13.052778,77.444333,2017-11-23,bod,3.8,3.8,False,mg/l,empri-2018
473,BUBNDPhrk_kr2-473,Harokyathanahalli kere,,13.052778,77.444333,2017-11-23,totalPhosphate,2.5,2.5,False,mg/l,empri-2018
473,BUBNDPhrk_kr2-473,Harokyathanahalli kere,,13.052778,77.444333,2017-11-23,tkn,7.0,7,False,mg/l,empri-2018
473,BUBNDPhrk_kr2-473,Harokyathanahalli kere,,13.052778,77.444333,2017-11-23,totalColiform,1600.0,>1600,False,MPN/100ml,empri-2018
473,BUBNDPhrk_kr2-473,Harokyathanahalli kere,,13.052778,77.444333,2017-11-23,sewageInflow,,No Flow,False,cumecs,empri-2018
477,BUBNDPhgd_kr1-477,Heggadaevanapura kere-1,,13.078139,77.458222,2017-11-23,waterTemperature,28.3,28.3,False,°C,empri-2018
477,BUBNDPhgd_kr1-477,Heggadaevanapura kere-1,,13.078139,77.458222,2017-11-23,lightTransparency,32.0,32,False,cm,empri-2018
477,BUBNDPhgd_kr1-477,Heggadaevanapura kere-1,,13.078139,77.458222,2017-11-23,ph,7.3,7.3,False,,empri-2018
477,BUBNDPhgd_kr1-477,Heggadaevanapura kere-1,,13.078139,77.458222,2017-11-23,conductivity,207.0,207,False,µS/cm,empri-2018
477,BUBNDPhgd_kr1-477,Heggadaevanapura kere-1,,13.078139,77.458222,2017-11-23,tds,150.0,150,False,mg/l,empri-2018
477,BUBNDPhgd_kr1-477,Heggadaevanapura kere-1,,13.078139,77.458222,2017-11-23,tss,22.0,22,False,mg/l,empri-2018
477,BUBNDPhgd_kr1-477,Heggadaevanapura kere-1,,13.078139,77.458222,2017-11-23,turbidity,11.8,11.8,False,NTU,empri-2018
477,BUBNDPhgd_kr1-477,Heggadaevanapura kere-1,,13.078139,77.458222,2017-11-23,dissolvedOxygen,6.2,6.2,False,mg/l,empri-2018
477,BUBNDPhgd_kr1-477,Heggadaevanapura kere-1,,13.078139,77.458222,2017-11-23,cod,16.0,16,False,mg/l,empri-2018
477,BUBNDPhgd_kr1-477,Heggadaevanapura kere-1,,13.078139,77.458222,2017-11-23,bod,3.8,3.8,False,mg/l,empri-2018
477,BUBNDPhgd_kr1-477,Heggadaevanapura kere-1,,13.078139,77.458222,2017-11-23,totalPhosphate,0.1,0.1,False,mg/l,empri-2018
477,BUBNDPhgd_kr1-477,Heggadaevanapura kere-1,,13.078139,77.458222,2017-11-23,tkn,14.0,14,False,mg/l,empri-2018
477,BUBNDPhgd_kr1-477,Heggadaevanapura kere-1,,13.078139,77.458222,2017-11-23,totalColiform,1600.0,>1600,False,MPN/100ml,empri-2018
477,BUBNDPhgd_kr1-477,Heggadaevanapura kere-1,,13.078139,77.458222,2017-11-23,sewageInflow,,No Flow,False,cumecs,empri-2018
480,BUBNDPkch_kr1-480,Kachohalli Kere-1,Inlet,12.9975,77.469528,2017-11-23,waterTemperature,27.3,27.3,False,°C,empri-2018
480,BUBNDPkch_kr1-480,Kachohalli Kere-1,Inlet,12.9975,77.469528,2017-11-23,lightTransparency,3.0,3,False,cm,empri-2018
480,BUBNDPkch_kr1-480,Kachohalli Kere-1,Inlet,12.9975,77.469528,2017-11-23,ph,7.5,7.5,False,,empri-2018
480,BUBNDPkch_kr1-480,Kachohalli Kere-1,Inlet,12.9975,77.469528,2017-11-23,conductivity,865.0,865,False,µS/cm,empri-2018
480,BUBNDPkch_kr1-480,Kachohalli Kere-1,Inlet,12.9975,77.469528,2017-11-23,tds,640.0,640,False,mg/l,empri-2018
480,BUBNDPkch_kr1-480,Kachohalli Kere-1,Inlet,12.9975,77.469528,2017-11-23,tss,28.0,28,False,mg/l,empri-2018
480,BUBNDPkch_kr1-480,Kachohalli Kere-1,Inlet,12.9975,77.469528,2017-11-23,turbidity,17.0,17,False,NTU,empri-2018
480,BUBNDPkch_kr1-480,Kachohalli Kere-1,Inlet,12.9975,77.469528,2017-11-23,dissolvedOxygen,4.1,4.1,False,mg/l,empri-2018
480,BUBNDPkch_kr1-480,Kachohalli Kere-1,Inlet,12.9975,77.469528,2017-11-23,cod,32.0,32,False,mg/l,empri-2018
480,BUBNDPkch_kr1-480,Kachohalli Kere-1,Inlet,12.9975,77.469528,2017-11-23,bod,7.2,7.2,False,mg/l,empri-2018
480,BUBNDPkch_kr1-480,Kachohalli Kere-1,Inlet,12.9975,77.469528,2017-11-23,totalPhosphate,4.0,4,False,mg/l,empri-2018
480,BUBNDPkch_kr1-480,Kachohalli Kere-1,Inlet,12.9975,77.469528,2017-11-23,tkn,21.0,21,False,mg/l,empri-2018
480,BUBNDPkch_kr1-480,Kachohalli Kere-1,Inlet,12.9975,77.469528,2017-11-23,totalColiform,1600.0,>1600,False,MPN/100ml,empri-2018
480,BUBNDPkch_kr1-480,Kachohalli Kere-1,Inlet,12.9975,77.469528,2017-11-23,sewageInflow,,UM,False,cumecs,empri-2018
485,BUBNDPkud_kr1-485,Kuduregere kere,,13.079194,77.472111,2017-11-23,waterTemperature,27.8,27.8,False,°C,empri-2018
485,BUBNDPkud_kr1-485,Kuduregere kere,,13.079194,77.472111,2017-11-23,lightTransparency,24.0,24,False,cm,empri-2018
485,BUBNDPkud_kr1-485,Kuduregere kere,,13.079194,77.472111,2017-11-23,ph,7.1,7.1,False,,empri-2018
485,BUBNDPkud_kr1-485,Kuduregere kere,,13.079194,77.472111,2017-11-23,conductivity,104.0,104,False,µS/cm,empri-2018
485,BUBNDPkud_kr1-485,Kuduregere kere,,13.079194,77.472111,2017-11-23,tds,74.0,74,False,mg/l,empri-2018
485,BUBNDPkud_kr1-485,Kuduregere kere,,13.079194,77.472111,2017-11-23,tss,28.0,28,False,mg/l,empri-2018
485,BUBNDPkud_kr1-485,Kuduregere kere,,13.079194,77.472111,2017-11-23,turbidity,35.5,35.5,False,NTU,empri-2018
485,BUBNDPkud_kr1-485,Kuduregere kere,,13.079194,77.472111,2017-11-23,dissolvedOxygen,7.2,7.2,False,mg/l,empri-2018
485,BUBNDPkud_kr1-485,Kuduregere kere,,13.079194,77.472111,2017-11-23,cod,16.0,16,False,mg/l,empri-2018
485,BUBNDPkud_kr1-485,Kuduregere kere,,13.079194,77.472111,2017-11-23,bod,3.8,3.8,False,mg/l,empri-2018
485,BUBNDPkud_kr1-485,Kuduregere kere,,13.079194,77.472111,2017-11-23,totalPhosphate,1.2,1.2,False,mg/l,empri-2018
485,BUBNDPkud_kr1-485,Kuduregere kere,,13.079194,77.472111,2017-11-23,tkn,21.0,21,False,mg/l,empri-2018
485,BUBNDPkud_kr1-485,Kuduregere kere,,13.079194,77.472111,2017-11-23,totalColiform,1600.0,>1600,False,MPN/100ml,empri-2018
485,BUBNDPkud_kr1-485,Kuduregere kere,,13.079194,77.472111,2017-11-23,sewageInflow,,No Flow,False,cumecs,empri-2018
489,BUBNDPlkn_kr3-489,Lakkenahalli kere,Inlet,13.017556,77.461667,2017-11-23,waterTemperature,26.3,26.3,False,°C,empri-2018
489,BUBNDPlkn_kr3-489,Lakkenahalli kere,Inlet,13.017556,77.461667,2017-11-23,lightTransparency,,UM,False,cm,empri-2018
489,BUBNDPlkn_kr3-489,Lakkenahalli kere,Inlet,13.017556,77.461667,2017-11-23,ph,7.4,7.4,False,,empri-2018
489,BUBNDPlkn_kr3-489,Lakkenahalli kere,Inlet,13.017556,77.461667,2017-11-23,conductivity,1889.0,1889,False,µS/cm,empri-2018
489,BUBNDPlkn_kr3-489,Lakkenahalli kere,Inlet,13.017556,77.461667,2017-11-23,tds,1400.0,1400,False,mg/l,empri-2018
489,BUBNDPlkn_kr3-489,Lakkenahalli kere,Inlet,13.017556,77.461667,2017-11-23,tss,40.0,40,False,mg/l,empri-2018
489,BUBNDPlkn_kr3-489,Lakkenahalli kere,Inlet,13.017556,77.461667,2017-11-23,turbidity,53.5,53.5,False,NTU,empri-2018
489,BUBNDPlkn_kr3-489,Lakkenahalli kere,Inlet,13.017556,77.461667,2017-11-23,dissolvedOxygen,1.6,1.6,False,mg/l,empri-2018
489,BUBNDPlkn_kr3-489,Lakkenahalli kere,Inlet,13.017556,77.461667,2017-11-23,cod,64.0,64,False,mg/l,empri-2018
489,BUBNDPlkn_kr3-489,Lakkenahalli kere,Inlet,13.017556,77.461667,2017-11-23,bod,15.4,15.4,False,mg/l,empri-2018
489,BUBNDPlkn_kr3-489,Lakkenahalli kere,Inlet,13.017556,77.461667,2017-11-23,totalPhosphate,,ND,True,mg/l,empri-2018
489,BUBNDPlkn_kr3-489,Lakkenahalli kere,Inlet,13.017556,77.461667,2017-11-23,tkn,35.0,35,False,mg/l,empri-2018
489,BUBNDPlkn_kr3-489,Lakkenahalli kere,Inlet,13.017556,77.461667,2017-11-23,totalColiform,1600.0,>1600,False,MPN/100ml,empri-2018
489,BUBNDPlkn_kr3-489,Lakkenahalli kere,Inlet,13.017556,77.461667,2017-11-23,sewageInflow,,No Flow,False,cumecs,empri-2018
489,BUBNDPlkn_kr3-489,Lakkenahalli kere,Outlet,13.01525,77.462167,2017-11-23,waterTemperature,26.0,26,False,°C,empri-2018
489,BUBNDPlkn_kr3-489,Lakkenahalli kere,Outlet,13.01525,77.462167,2017-11-23,lightTransparency,5.0,5,False,cm,empri-2018
489,BUBNDPlkn_kr3-489,Lakkenahalli kere,Outlet,13.01525,77.462167,2017-11-23,ph,6.3,6.3,False,,empri-2018
489,BUBNDPlkn_kr3-489,Lakkenahalli kere,Outlet,13.01525,77.462167,2017-11-23,conductivity,1772.0,1772,False,µS/cm,empri-2018
489,BUBNDPlkn_kr3-489,Lakkenahalli kere,Outlet,13.01525,77.462167,2017-11-23,tds,1426.0,1426,False,mg/l,empri-2018
489,BUBNDPlkn_kr3-489,Lakkenahalli kere,Outlet,13.01525,77.462167,2017-11-23,tss,26.0,26,False,mg/l,empri-2018
489,BUBNDPlkn_kr3-489,Lakkenahalli kere,Outlet,13.01525,77.462167,2017-11-23,turbidity,15.9,15.9,False,NTU,empri-2018
489,BUBNDPlkn_kr3-489,Lakkenahalli kere,Outlet,13.01525,77.462167,2017-11-23,dissolvedOxygen,0.8,0.8,False,mg/l,empri-2018
489,BUBNDPlkn_kr3-489,Lakkenahalli kere,Outlet,13.01525,77.462167,2017-11-23,cod,64.0,64,False,mg/l,empri-2018
489,BUBNDPlkn_kr3-489,Lakkenahalli kere,Outlet,13.01525,77.462167,2017-11-23,bod,15.4,15.4,False,mg/l,empri-2018
489,BUBNDPlkn_kr3-489,Lakkenahalli kere,Outlet,13.01525,77.462167,2017-11-23,totalPhosphate,0.3,0.3,False,mg/l,empri-2018
489,BUBNDPlkn_kr3-489,Lakkenahalli kere,Outlet,13.01525,77.462167,2017-11-23,tkn,28.0,28,False,mg/l,empri-2018
489,BUBNDPlkn_kr3-489,Lakkenahalli kere,Outlet,13.01525,77.462167,2017-11-23,totalColiform,1600.0,>1600,False,MPN/100ml,empri-2018
490,BUBNDPlkp_kr1-490,Lakshmipura Kere,,13.031833,77.467056,2017-11-23,waterTemperature,26.3,26.3,False,°C,empri-2018
490,BUBNDPlkp_kr1-490,Lakshmipura Kere,,13.031833,77.467056,2017-11-23,lightTransparency,12.0,12,False,cm,empri-2018
490,BUBNDPlkp_kr1-490,Lakshmipura Kere,,13.031833,77.467056,2017-11-23,ph,6.8,6.8,False,,empri-2018
490,BUBNDPlkp_kr1-490,Lakshmipura Kere,,13.031833,77.467056,2017-11-23,conductivity,123.0,123,False,µS/cm,empri-2018
490,BUBNDPlkp_kr1-490,Lakshmipura Kere,,13.031833,77.467056,2017-11-23,tds,96.0,96,False,mg/l,empri-2018
490,BUBNDPlkp_kr1-490,Lakshmipura Kere,,13.031833,77.467056,2017-11-23,tss,26.0,26,False,mg/l,empri-2018
490,BUBNDPlkp_kr1-490,Lakshmipura Kere,,13.031833,77.467056,2017-11-23,turbidity,19.1,19.1,False,NTU,empri-2018
490,BUBNDPlkp_kr1-490,Lakshmipura Kere,,13.031833,77.467056,2017-11-23,dissolvedOxygen,5.4,5.4,False,mg/l,empri-2018
490,BUBNDPlkp_kr1-490,Lakshmipura Kere,,13.031833,77.467056,2017-11-23,cod,16.0,16,False,mg/l,empri-2018
490,BUBNDPlkp_kr1-490,Lakshmipura Kere,,13.031833,77.467056,2017-11-23,bod,3.8,3.8,False,mg/l,empri-2018
490,BUBNDPlkp_kr1-490,Lakshmipura Kere,,13.031833,77.467056,2017-11-23,totalPhosphate,1.2,1.2,False,mg/l,empri-2018
490,BUBNDPlkp_kr1-490,Lakshmipura Kere,,13.031833,77.467056,2017-11-23,tkn,4.0,4,False,mg/l,empri-2018
490,BUBNDPlkp_kr1-490,Lakshmipura Kere,,13.031833,77.467056,2017-11-23,totalColiform,130.0,130,False,MPN/100ml,empri-2018
490,BUBNDPlkp_kr1-490,Lakshmipura Kere,,13.031833,77.467056,2017-11-23,sewageInflow,,No Flow,False,cumecs,empri-2018
491,BUBNDPmch_kr1-491,Machohalli kere,Inlet,13.013667,77.456167,2017-11-23,waterTemperature,26.5,26.5,False,°C,empri-2018
491,BUBNDPmch_kr1-491,Machohalli kere,Inlet,13.013667,77.456167,2017-11-23,lightTransparency,12.0,12,False,cm,empri-2018
491,BUBNDPmch_kr1-491,Machohalli kere,Inlet,13.013667,77.456167,2017-11-23,ph,8.1,8.1,False,,empri-2018
491,BUBNDPmch_kr1-491,Machohalli kere,Inlet,13.013667,77.456167,2017-11-23,conductivity,1566.0,1566,False,µS/cm,empri-2018
491,BUBNDPmch_kr1-491,Machohalli kere,Inlet,13.013667,77.456167,2017-11-23,tds,1214.0,1214,False,mg/l,empri-2018
491,BUBNDPmch_kr1-491,Machohalli kere,Inlet,13.013667,77.456167,2017-11-23,tss,47.0,47,False,mg/l,empri-2018
491,BUBNDPmch_kr1-491,Machohalli kere,Inlet,13.013667,77.456167,2017-11-23,turbidity,26.6,26.6,False,NTU,empri-2018
491,BUBNDPmch_kr1-491,Machohalli kere,Inlet,13.013667,77.456167,2017-11-23,dissolvedOxygen,4.6,4.6,False,mg/l,empri-2018
491,BUBNDPmch_kr1-491,Machohalli kere,Inlet,13.013667,77.456167,2017-11-23,cod,32.0,32,False,mg/l,empri-2018
491,BUBNDPmch_kr1-491,Machohalli kere,Inlet,13.013667,77.456167,2017-11-23,bod,7.7,7.7,False,mg/l,empri-2018
491,BUBNDPmch_kr1-491,Machohalli kere,Inlet,13.013667,77.456167,2017-11-23,totalPhosphate,2.2,2.2,False,mg/l,empri-2018
491,BUBNDPmch_kr1-491,Machohalli kere,Inlet,13.013667,77.456167,2017-11-23,tkn,21.0,21,False,mg/l,empri-2018
491,BUBNDPmch_kr1-491,Machohalli kere,Inlet,13.013667,77.456167,2017-11-23,totalColiform,900.0,900,False,MPN/100ml,empri-2018
491,BUBNDPmch_kr1-491,Machohalli kere,Inlet,13.013667,77.456167,2017-11-23,sewageInflow,,UM,False,cumecs,empri-2018
491,BUBNDPmch_kr1-491,Machohalli kere,Outlet,13.014528,77.453667,2017-11-23,waterTemperature,27.5,27.5,False,°C,empri-2018
491,BUBNDPmch_kr1-491,Machohalli kere,Outlet,13.014528,77.453667,2017-11-23,lightTransparency,10.0,10,False,cm,empri-2018
491,BUBNDPmch_kr1-491,Machohalli kere,Outlet,13.014528,77.453667,2017-11-23,ph,7.8,7.8,False,,empri-2018
491,BUBNDPmch_kr1-491,Machohalli kere,Outlet,13.014528,77.453667,2017-11-23,conductivity,1542.0,1542,False,µS/cm,empri-2018
491,BUBNDPmch_kr1-491,Machohalli kere,Outlet,13.014528,77.453667,2017-11-23,tds,1322.0,1322,False,mg/l,empri-2018
491,BUBNDPmch_kr1-491,Machohalli kere,Outlet,13.014528,77.453667,2017-11-23,tss,25.0,25,False,mg/l,empri-2018
491,BUBNDPmch_kr1-491,Machohalli kere,Outlet,13.014528,77.453667,2017-11-23,turbidity,29.3,29.3,False,NTU,empri-2018
491,BUBNDPmch_kr1-491,Machohalli kere,Outlet,13.014528,77.453667,2017-11-23,dissolvedOxygen,5.8,5.8,False,mg/l,empri-2018
491,BUBNDPmch_kr1-491,Machohalli kere,Outlet,13.014528,77.453667,2017-11-23,cod,16.0,16,False,mg/l,empri-2018
491,BUBNDPmch_kr1-491,Machohalli kere,Outlet,13.014528,77.453667,2017-11-23,bod,3.8,3.8,False,mg/l,empri-2018
491,BUBNDPmch_kr1-491,Machohalli kere,Outlet,13.014528,77.453667,2017-11-23,totalPhosphate,1.9,1.9,False,mg/l,empri-2018
491,BUBNDPmch_kr1-491,Machohalli kere,Outlet,13.014528,77.453667,2017-11-23,tkn,21.0,21,False,mg/l,empri-2018
491,BUBNDPmch_kr1-491,Machohalli kere,Outlet,13.014528,77.453667,2017-11-23,totalColiform,500.0,500,False,MPN/100ml,empri-2018
493,BUBNDPmdv_kr1-493,Madavara Kere,Inlet,13.053944,77.478556,2017-11-23,waterTemperature,25.8,25.8,False,°C,empri-2018
493,BUBNDPmdv_kr1-493,Madavara Kere,Inlet,13.053944,77.478556,2017-11-23,lightTransparency,9.0,9,False,cm,empri-2018
493,BUBNDPmdv_kr1-493,Madavara Kere,Inlet,13.053944,77.478556,2017-11-23,ph,7.2,7.2,False,,empri-2018
493,BUBNDPmdv_kr1-493,Madavara Kere,Inlet,13.053944,77.478556,2017-11-23,conductivity,414.0,414,False,µS/cm,empri-2018
493,BUBNDPmdv_kr1-493,Madavara Kere,Inlet,13.053944,77.478556,2017-11-23,tds,184.0,184,False,mg/l,empri-2018
493,BUBNDPmdv_kr1-493,Madavara Kere,Inlet,13.053944,77.478556,2017-11-23,tss,50.0,50,False,mg/l,empri-2018
493,BUBNDPmdv_kr1-493,Madavara Kere,Inlet,13.053944,77.478556,2017-11-23,turbidity,113.4,113.4,False,NTU,empri-2018
493,BUBNDPmdv_kr1-493,Madavara Kere,Inlet,13.053944,77.478556,2017-11-23,dissolvedOxygen,4.8,4.8,False,mg/l,empri-2018
493,BUBNDPmdv_kr1-493,Madavara Kere,Inlet,13.053944,77.478556,2017-11-23,cod,96.0,96,False,mg/l,empri-2018
493,BUBNDPmdv_kr1-493,Madavara Kere,Inlet,13.053944,77.478556,2017-11-23,bod,23.0,23.0,False,mg/l,empri-2018
493,BUBNDPmdv_kr1-493,Madavara Kere,Inlet,13.053944,77.478556,2017-11-23,totalPhosphate,0.2,0.2,False,mg/l,empri-2018
493,BUBNDPmdv_kr1-493,Madavara Kere,Inlet,13.053944,77.478556,2017-11-23,tkn,7.0,7,False,mg/l,empri-2018
493,BUBNDPmdv_kr1-493,Madavara Kere,Inlet,13.053944,77.478556,2017-11-23,totalColiform,900.0,900,False,MPN/100ml,empri-2018
493,BUBNDPmdv_kr1-493,Madavara Kere,Inlet,13.053944,77.478556,2017-11-23,sewageInflow,,No Flow,False,cumecs,empri-2018
493,BUBNDPmdv_kr1-493,Madavara Kere,Outlet,13.052056,77.47775,2017-11-23,waterTemperature,26.2,26.2,False,°C,empri-2018
493,BUBNDPmdv_kr1-493,Madavara Kere,Outlet,13.052056,77.47775,2017-11-23,lightTransparency,8.0,8,False,cm,empri-2018
493,BUBNDPmdv_kr1-493,Madavara Kere,Outlet,13.052056,77.47775,2017-11-23,ph,8.0,8.0,False,,empri-2018
493,BUBNDPmdv_kr1-493,Madavara Kere,Outlet,13.052056,77.47775,2017-11-23,conductivity,444.0,444,False,µS/cm,empri-2018
493,BUBNDPmdv_kr1-493,Madavara Kere,Outlet,13.052056,77.47775,2017-11-23,tds,214.0,214,False,mg/l,empri-2018
493,BUBNDPmdv_kr1-493,Madavara Kere,Outlet,13.052056,77.47775,2017-11-23,tss,168.0,168,False,mg/l,empri-2018
493,BUBNDPmdv_kr1-493,Madavara Kere,Outlet,13.052056,77.47775,2017-11-23,turbidity,85.4,85.4,False,NTU,empri-2018
493,BUBNDPmdv_kr1-493,Madavara Kere,Outlet,13.052056,77.47775,2017-11-23,dissolvedOxygen,3.6,3.6,False,mg/l,empri-2018
493,BUBNDPmdv_kr1-493,Madavara Kere,Outlet,13.052056,77.47775,2017-11-23,cod,64.0,64,False,mg/l,empri-2018
493,BUBNDPmdv_kr1-493,Madavara Kere,Outlet,13.052056,77.47775,2017-11-23,bod,15.4,15.4,False,mg/l,empri-2018
493,BUBNDPmdv_kr1-493,Madavara Kere,Outlet,13.052056,77.47775,2017-11-23,totalPhosphate,,ND,True,mg/l,empri-2018
493,BUBNDPmdv_kr1-493,Madavara Kere,Outlet,13.052056,77.47775,2017-11-23,tkn,14.0,14,False,mg/l,empri-2018
493,BUBNDPmdv_kr1-493,Madavara Kere,Outlet,13.052056,77.47775,2017-11-23,totalColiform,220.0,220,False,MPN/100ml,empri-2018
505,BUBEVRamb_kr2-505,Ambalipura Kelaginakere,Inlet,12.916778,77.664389,2017-12-04,waterTemperature,22.7,22.7,False,°C,empri-2018
505,BUBEVRamb_kr2-505,Ambalipura Kelaginakere,Inlet,12.916778,77.664389,2017-12-04,lightTransparency,7.0,7,False,cm,empri-2018
505,BUBEVRamb_kr2-505,Ambalipura Kelaginakere,Inlet,12.916778,77.664389,2017-12-04,ph,7.1,7.1,False,,empri-2018
505,BUBEVRamb_kr2-505,Ambalipura Kelaginakere,Inlet,12.916778,77.664389,2017-12-04,conductivity,873.0,873,False,µS/cm,empri-2018
505,BUBEVRamb_kr2-505,Ambalipura Kelaginakere,Inlet,12.916778,77.664389,2017-12-04,tds,664.0,664,False,mg/l,empri-2018
505,BUBEVRamb_kr2-505,Ambalipura Kelaginakere,Inlet,12.916778,77.664389,2017-12-04,tss,1.0,1,False,mg/l,empri-2018
505,BUBEVRamb_kr2-505,Ambalipura Kelaginakere,Inlet,12.916778,77.664389,2017-12-04,turbidity,6.7,6.7,False,NTU,empri-2018
505,BUBEVRamb_kr2-505,Ambalipura Kelaginakere,Inlet,12.916778,77.664389,2017-12-04,dissolvedOxygen,4.0,4,False,mg/l,empri-2018
505,BUBEVRamb_kr2-505,Ambalipura Kelaginakere,Inlet,12.916778,77.664389,2017-12-04,cod,16.0,16,False,mg/l,empri-2018
505,BUBEVRamb_kr2-505,Ambalipura Kelaginakere,Inlet,12.916778,77.664389,2017-12-04,bod,13.1,13.1,False,mg/l,empri-2018
505,BUBEVRamb_kr2-505,Ambalipura Kelaginakere,Inlet,12.916778,77.664389,2017-12-04,totalPhosphate,0.1,0.1,False,mg/l,empri-2018
505,BUBEVRamb_kr2-505,Ambalipura Kelaginakere,Inlet,12.916778,77.664389,2017-12-04,tkn,3.0,3,False,mg/l,empri-2018
505,BUBEVRamb_kr2-505,Ambalipura Kelaginakere,Inlet,12.916778,77.664389,2017-12-04,totalColiform,1600.0,>1600,False,MPN/100ml,empri-2018
505,BUBEVRamb_kr2-505,Ambalipura Kelaginakere,Inlet,12.916778,77.664389,2017-12-04,sewageInflow,,No Flow,False,cumecs,empri-2018
505,BUBEVRamb_kr2-505,Ambalipura Kelaginakere,Outlet,12.91775,77.665639,2017-12-04,waterTemperature,22.6,22.6,False,°C,empri-2018
505,BUBEVRamb_kr2-505,Ambalipura Kelaginakere,Outlet,12.91775,77.665639,2017-12-04,lightTransparency,8.0,8,False,cm,empri-2018
505,BUBEVRamb_kr2-505,Ambalipura Kelaginakere,Outlet,12.91775,77.665639,2017-12-04,ph,7.6,7.6,False,,empri-2018
505,BUBEVRamb_kr2-505,Ambalipura Kelaginakere,Outlet,12.91775,77.665639,2017-12-04,conductivity,862.0,862,False,µS/cm,empri-2018
505,BUBEVRamb_kr2-505,Ambalipura Kelaginakere,Outlet,12.91775,77.665639,2017-12-04,tds,738.0,738,False,mg/l,empri-2018
505,BUBEVRamb_kr2-505,Ambalipura Kelaginakere,Outlet,12.91775,77.665639,2017-12-04,tss,2.0,2,False,mg/l,empri-2018
505,BUBEVRamb_kr2-505,Ambalipura Kelaginakere,Outlet,12.91775,77.665639,2017-12-04,turbidity,6.0,6,False,NTU,empri-2018
505,BUBEVRamb_kr2-505,Ambalipura Kelaginakere,Outlet,12.91775,77.665639,2017-12-04,dissolvedOxygen,2.2,2.2,False,mg/l,empri-2018
505,BUBEVRamb_kr2-505,Ambalipura Kelaginakere,Outlet,12.91775,77.665639,2017-12-04,cod,32.0,32,False,mg/l,empri-2018
505,BUBEVRamb_kr2-505,Ambalipura Kelaginakere,Outlet,12.91775,77.665639,2017-12-04,bod,13.1,13.1,False,mg/l,empri-2018
505,BUBEVRamb_kr2-505,Ambalipura Kelaginakere,Outlet,12.91775,77.665639,2017-12-04,totalPhosphate,0.2,0.2,False,mg/l,empri-2018
505,BUBEVRamb_kr2-505,Ambalipura Kelaginakere,Outlet,12.91775,77.665639,2017-12-04,tkn,0.0,0,False,mg/l,empri-2018
505,BUBEVRamb_kr2-505,Ambalipura Kelaginakere,Outlet,12.91775,77.665639,2017-12-04,totalColiform,1600.0,>1600,False,MPN/100ml,empri-2018
506,BUBEVRamb_kr3-506,Ambalipura kere,,12.913639,77.663667,2017-12-04,waterTemperature,22.9,22.9,False,°C,empri-2018
506,BUBEVRamb_kr3-506,Ambalipura kere,,12.913639,77.663667,2017-12-04,lightTransparency,21.0,21,False,cm,empri-2018
506,BUBEVRamb_kr3-506,Ambalipura kere,,12.913639,77.663667,2017-12-04,ph,7.3,7.3,False,,empri-2018
506,BUBEVRamb_kr3-506,Ambalipura kere,,12.913639,77.663667,2017-12-04,conductivity,384.0,384,False,µS/cm,empri-2018
506,BUBEVRamb_kr3-506,Ambalipura kere,,12.913639,77.663667,2017-12-04,tds,250.0,250,False,mg/l,empri-2018
506,BUBEVRamb_kr3-506,Ambalipura kere,,12.913639,77.663667,2017-12-04,tss,1.0,1,False,mg/l,empri-2018
506,BUBEVRamb_kr3-506,Ambalipura kere,,12.913639,77.663667,2017-12-04,turbidity,10.0,10,False,NTU,empri-2018
506,BUBEVRamb_kr3-506,Ambalipura kere,,12.913639,77.663667,2017-12-04,dissolvedOxygen,1.2,1.2,False,mg/l,empri-2018
506,BUBEVRamb_kr3-506,Ambalipura kere,,12.913639,77.663667,2017-12-04,cod,48.0,48,False,mg/l,empri-2018
506,BUBEVRamb_kr3-506,Ambalipura kere,,12.913639,77.663667,2017-12-04,bod,12.3,12.3,False,mg/l,empri-2018
506,BUBEVRamb_kr3-506,Ambalipura kere,,12.913639,77.663667,2017-12-04,totalPhosphate,0.2,0.2,False,mg/l,empri-2018
506,BUBEVRamb_kr3-506,Ambalipura kere,,12.913639,77.663667,2017-12-04,tkn,0.0,0,False,mg/l,empri-2018
506,BUBEVRamb_kr3-506,Ambalipura kere,,12.913639,77.663667,2017-12-04,totalColiform,1600.0,>1600,False,MPN/100ml,empri-2018
510,BUBEVRbda_kr1-510,Bellandur Amanikere,Inlet,12.944694,77.65975,2017-12-04,waterTemperature,27.2,27.2,False,°C,empri-2018
510,BUBEVRbda_kr1-510,Bellandur Amanikere,Inlet,12.944694,77.65975,2017-12-04,lightTransparency,,UM,False,cm,empri-2018
510,BUBEVRbda_kr1-510,Bellandur Amanikere,Inlet,12.944694,77.65975,2017-12-04,ph,7.0,7.0,False,,empri-2018
510,BUBEVRbda_kr1-510,Bellandur Amanikere,Inlet,12.944694,77.65975,2017-12-04,conductivity,1220.0,1220,False,µS/cm,empri-2018
510,BUBEVRbda_kr1-510,Bellandur Amanikere,Inlet,12.944694,77.65975,2017-12-04,tds,880.0,880,False,mg/l,empri-2018
510,BUBEVRbda_kr1-510,Bellandur Amanikere,Inlet,12.944694,77.65975,2017-12-04,tss,34.0,34,False,mg/l,empri-2018
510,BUBEVRbda_kr1-510,Bellandur Amanikere,Inlet,12.944694,77.65975,2017-12-04,turbidity,28.0,28,False,NTU,empri-2018
510,BUBEVRbda_kr1-510,Bellandur Amanikere,Inlet,12.944694,77.65975,2017-12-04,dissolvedOxygen,3.8,3.8,False,mg/l,empri-2018
510,BUBEVRbda_kr1-510,Bellandur Amanikere,Inlet,12.944694,77.65975,2017-12-04,cod,140.0,140,False,mg/l,empri-2018
510,BUBEVRbda_kr1-510,Bellandur Amanikere,Inlet,12.944694,77.65975,2017-12-04,bod,16.8,16.8,False,mg/l,empri-2018
510,BUBEVRbda_kr1-510,Bellandur Amanikere,Inlet,12.944694,77.65975,2017-12-04,totalPhosphate,2.0,2,False,mg/l,empri-2018
510,BUBEVRbda_kr1-510,Bellandur Amanikere,Inlet,12.944694,77.65975,2017-12-04,tkn,22.0,22,False,mg/l,empri-2018
510,BUBEVRbda_kr1-510,Bellandur Amanikere,Inlet,12.944694,77.65975,2017-12-04,totalColiform,1600.0,>1600,False,MPN/100ml,empri-2018
510,BUBEVRbda_kr1-510,Bellandur Amanikere,Inlet,12.944694,77.65975,2017-12-04,sewageInflow,3.132,3.132,False,cumecs,empri-2018
511,BUBEVRbda_kr2-511,Varthur Amanikere,Inlet,12.943722,77.722639,2017-12-04,waterTemperature,29.4,29.4,False,°C,empri-2018
511,BUBEVRbda_kr2-511,Varthur Amanikere,Inlet,12.943722,77.722639,2017-12-04,lightTransparency,,UM,False,cm,empri-2018
511,BUBEVRbda_kr2-511,Varthur Amanikere,Inlet,12.943722,77.722639,2017-12-04,ph,7.1,7.1,False,,empri-2018
511,BUBEVRbda_kr2-511,Varthur Amanikere,Inlet,12.943722,77.722639,2017-12-04,conductivity,990.0,990,False,µS/cm,empri-2018
511,BUBEVRbda_kr2-511,Varthur Amanikere,Inlet,12.943722,77.722639,2017-12-04,tds,780.0,780,False,mg/l,empri-2018
511,BUBEVRbda_kr2-511,Varthur Amanikere,Inlet,12.943722,77.722639,2017-12-04,tss,20.0,20,False,mg/l,empri-2018
511,BUBEVRbda_kr2-511,Varthur Amanikere,Inlet,12.943722,77.722639,2017-12-04,turbidity,10.0,10,False,NTU,empri-2018
511,BUBEVRbda_kr2-511,Varthur Amanikere,Inlet,12.943722,77.722639,2017-12-04,dissolvedOxygen,4.1,4.1,False,mg/l,empri-2018
511,BUBEVRbda_kr2-511,Varthur Amanikere,Inlet,12.943722,77.722639,2017-12-04,cod,136.0,136,False,mg/l,empri-2018
511,BUBEVRbda_kr2-511,Varthur Amanikere,Inlet,12.943722,77.722639,2017-12-04,bod,14.0,14,False,mg/l,empri-2018
511,BUBEVRbda_kr2-511,Varthur Amanikere,Inlet,12.943722,77.722639,2017-12-04,totalPhosphate,2.0,2,False,mg/l,empri-2018
511,BUBEVRbda_kr2-511,Varthur Amanikere,Inlet,12.943722,77.722639,2017-12-04,tkn,34.0,34,False,mg/l,empri-2018
511,BUBEVRbda_kr2-511,Varthur Amanikere,Inlet,12.943722,77.722639,2017-12-04,totalColiform,1600.0,>1600,False,MPN/100ml,empri-2018
511,BUBEVRbda_kr2-511,Varthur Amanikere,Inlet,12.943722,77.722639,2017-12-04,sewageInflow,4.202,4.202,False,cumecs,empri-2018
515,BUBEVRbhg_kr2-515,Bhoganahalli kere,,12.920028,77.703083,2017-11-30,waterTemperature,24.7,24.7,False,°C,empri-2018
515,BUBEVRbhg_kr2-515,Bhoganahalli kere,,12.920028,77.703083,2017-11-30,lightTransparency,13.0,13,False,cm,empri-2018
515,BUBEVRbhg_kr2-515,Bhoganahalli kere,,12.920028,77.703083,2017-11-30,ph,7.6,7.6,False,,empri-2018
515,BUBEVRbhg_kr2-515,Bhoganahalli kere,,12.920028,77.703083,2017-11-30,conductivity,533.0,533,False,µS/cm,empri-2018
515,BUBEVRbhg_kr2-515,Bhoganahalli kere,,12.920028,77.703083,2017-11-30,tds,462.0,462,False,mg/l,empri-2018
515,BUBEVRbhg_kr2-515,Bhoganahalli kere,,12.920028,77.703083,2017-11-30,tss,18.0,18,False,mg/l,empri-2018
515,BUBEVRbhg_kr2-515,Bhoganahalli kere,,12.920028,77.703083,2017-11-30,turbidity,11.5,11.5,False,NTU,empri-2018
515,BUBEVRbhg_kr2-515,Bhoganahalli kere,,12.920028,77.703083,2017-11-30,dissolvedOxygen,2.4,2.4,False,mg/l,empri-2018
515,BUBEVRbhg_kr2-515,Bhoganahalli kere,,12.920028,77.703083,2017-11-30,cod,80.0,80,False,mg/l,empri-2018
515,BUBEVRbhg_kr2-515,Bhoganahalli kere,,12.920028,77.703083,2017-11-30,bod,19.2,19.2,False,mg/l,empri-2018
515,BUBEVRbhg_kr2-515,Bhoganahalli kere,,12.920028,77.703083,2017-11-30,totalPhosphate,0.1,0.1,False,mg/l,empri-2018
515,BUBEVRbhg_kr2-515,Bhoganahalli kere,,12.920028,77.703083,2017-11-30,tkn,7.0,7,False,mg/l,empri-2018
515,BUBEVRbhg_kr2-515,Bhoganahalli kere,,12.920028,77.703083,2017-11-30,totalColiform,17.0,17,False,MPN/100ml,empri-2018
529,BUBEVRdvb_kr3-529,Devarabisanahalli kere,,12.922361,77.688028,2017-11-30,waterTemperature,25.0,25,False,°C,empri-2018
529,BUBEVRdvb_kr3-529,Devarabisanahalli kere,,12.922361,77.688028,2017-11-30,lightTransparency,,UM,False,cm,empri-2018
529,BUBEVRdvb_kr3-529,Devarabisanahalli kere,,12.922361,77.688028,2017-11-30,ph,7.5,7.5,False,,empri-2018
529,BUBEVRdvb_kr3-529,Devarabisanahalli kere,,12.922361,77.688028,2017-11-30,conductivity,980.0,980,False,µS/cm,empri-2018
529,BUBEVRdvb_kr3-529,Devarabisanahalli kere,,12.922361,77.688028,2017-11-30,tds,600.0,600,False,mg/l,empri-2018
529,BUBEVRdvb_kr3-529,Devarabisanahalli kere,,12.922361,77.688028,2017-11-30,tss,32.0,32,False,mg/l,empri-2018
529,BUBEVRdvb_kr3-529,Devarabisanahalli kere,,12.922361,77.688028,2017-11-30,turbidity,20.0,20,False,NTU,empri-2018
529,BUBEVRdvb_kr3-529,Devarabisanahalli kere,,12.922361,77.688028,2017-11-30,dissolvedOxygen,4.1,4.1,False,mg/l,empri-2018
529,BUBEVRdvb_kr3-529,Devarabisanahalli kere,,12.922361,77.688028,2017-11-30,cod,64.0,64,False,mg/l,empri-2018
529,BUBEVRdvb_kr3-529,Devarabisanahalli kere,,12.922361,77.688028,2017-11-30,bod,9.13,9.13,False,mg/l,empri-2018
529,BUBEVRdvb_kr3-529,Devarabisanahalli kere,,12.922361,77.688028,2017-11-30,totalPhosphate,2.0,2,False,mg/l,empri-2018
529,BUBEVRdvb_kr3-529,Devarabisanahalli kere,,12.922361,77.688028,2017-11-30,tkn,28.0,28,False,mg/l,empri-2018
529,BUBEVRdvb_kr3-529,Devarabisanahalli kere,,12.922361,77.688028,2017-11-30,totalColiform,1600.0,>1600,False,MPN/100ml,empri-2018
531,BUBEVRddk_kr2-531,Doddakanneli kere,,12.91025,77.692417,2017-12-04,waterTemperature,22.0,22,False,°C,empri-2018
531,BUBEVRddk_kr2-531,Doddakanneli kere,,12.91025,77.692417,2017-12-04,lightTransparency,8.0,8,False,cm,empri-2018
531,BUBEVRddk_kr2-531,Doddakanneli kere,,12.91025,77.692417,2017-12-04,ph,6.9,6.9,False,,empri-2018
531,BUBEVRddk_kr2-531,Doddakanneli kere,,12.91025,77.692417,2017-12-04,conductivity,722.0,722,False,µS/cm,empri-2018
531,BUBEVRddk_kr2-531,Doddakanneli kere,,12.91025,77.692417,2017-12-04,tds,550.0,550,False,mg/l,empri-2018
531,BUBEVRddk_kr2-531,Doddakanneli kere,,12.91025,77.692417,2017-12-04,tss,44.0,44,False,mg/l,empri-2018
531,BUBEVRddk_kr2-531,Doddakanneli kere,,12.91025,77.692417,2017-12-04,turbidity,8.3,8.3,False,NTU,empri-2018
531,BUBEVRddk_kr2-531,Doddakanneli kere,,12.91025,77.692417,2017-12-04,dissolvedOxygen,1.2,1.2,False,mg/l,empri-2018
531,BUBEVRddk_kr2-531,Doddakanneli kere,,12.91025,77.692417,2017-12-04,cod,112.0,112,False,mg/l,empri-2018
531,BUBEVRddk_kr2-531,Doddakanneli kere,,12.91025,77.692417,2017-12-04,bod,39.4,39.4,False,mg/l,empri-2018
531,BUBEVRddk_kr2-531,Doddakanneli kere,,12.91025,77.692417,2017-12-04,totalPhosphate,0.2,0.2,False,mg/l,empri-2018
531,BUBEVRddk_kr2-531,Doddakanneli kere,,12.91025,77.692417,2017-12-04,tkn,21.0,21,False,mg/l,empri-2018
531,BUBEVRddk_kr2-531,Doddakanneli kere,,12.91025,77.692417,2017-12-04,totalColiform,1600.0,>1600,False,MPN/100ml,empri-2018
538,BUBEVRddk_kr9-538,Bellandure Gramadakere,,12.917778,77.678556,2017-12-04,waterTemperature,22.8,22.8,False,°C,empri-2018
538,BUBEVRddk_kr9-538,Bellandure Gramadakere,,12.917778,77.678556,2017-12-04,lightTransparency,12.0,12,False,cm,empri-2018
538,BUBEVRddk_kr9-538,Bellandure Gramadakere,,12.917778,77.678556,2017-12-04,ph,7.8,7.8,False,,empri-2018
538,BUBEVRddk_kr9-538,Bellandure Gramadakere,,12.917778,77.678556,2017-12-04,conductivity,710.0,710,False,µS/cm,empri-2018
538,BUBEVRddk_kr9-538,Bellandure Gramadakere,,12.917778,77.678556,2017-12-04,tds,592.0,592,False,mg/l,empri-2018
538,BUBEVRddk_kr9-538,Bellandure Gramadakere,,12.917778,77.678556,2017-12-04,tss,11.0,11,False,mg/l,empri-2018
538,BUBEVRddk_kr9-538,Bellandure Gramadakere,,12.917778,77.678556,2017-12-04,turbidity,22.8,22.8,False,NTU,empri-2018
538,BUBEVRddk_kr9-538,Bellandure Gramadakere,,12.917778,77.678556,2017-12-04,dissolvedOxygen,1.8,1.8,False,mg/l,empri-2018
538,BUBEVRddk_kr9-538,Bellandure Gramadakere,,12.917778,77.678556,2017-12-04,cod,48.0,48,False,mg/l,empri-2018
538,BUBEVRddk_kr9-538,Bellandure Gramadakere,,12.917778,77.678556,2017-12-04,bod,11.5,11.5,False,mg/l,empri-2018
538,BUBEVRddk_kr9-538,Bellandure Gramadakere,,12.917778,77.678556,2017-12-04,totalPhosphate,0.1,0.1,False,mg/l,empri-2018
538,BUBEVRddk_kr9-538,Bellandure Gramadakere,,12.917778,77.678556,2017-12-04,tkn,7.0,7,False,mg/l,empri-2018
538,BUBEVRddk_kr9-538,Bellandure Gramadakere,,12.917778,77.678556,2017-12-04,totalColiform,1600.0,>1600,False,MPN/100ml,empri-2018
545,BUBEVRguj_kr7-545,Gunjur Kelaginakere,,12.917667,77.711083,2017-11-29,waterTemperature,25.2,25.2,False,°C,empri-2018
545,BUBEVRguj_kr7-545,Gunjur Kelaginakere,,12.917667,77.711083,2017-11-29,lightTransparency,18.0,18,False,cm,empri-2018
545,BUBEVRguj_kr7-545,Gunjur Kelaginakere,,12.917667,77.711083,2017-11-29,ph,7.6,7.6,False,,empri-2018
545,BUBEVRguj_kr7-545,Gunjur Kelaginakere,,12.917667,77.711083,2017-11-29,conductivity,191.0,191,False,µS/cm,empri-2018
545,BUBEVRguj_kr7-545,Gunjur Kelaginakere,,12.917667,77.711083,2017-11-29,tds,162.0,162,False,mg/l,empri-2018
545,BUBEVRguj_kr7-545,Gunjur Kelaginakere,,12.917667,77.711083,2017-11-29,tss,31.0,31,False,mg/l,empri-2018
545,BUBEVRguj_kr7-545,Gunjur Kelaginakere,,12.917667,77.711083,2017-11-29,turbidity,15.2,15.2,False,NTU,empri-2018
545,BUBEVRguj_kr7-545,Gunjur Kelaginakere,,12.917667,77.711083,2017-11-29,dissolvedOxygen,2.8,2.8,False,mg/l,empri-2018
545,BUBEVRguj_kr7-545,Gunjur Kelaginakere,,12.917667,77.711083,2017-11-29,cod,16.0,16,False,mg/l,empri-2018
545,BUBEVRguj_kr7-545,Gunjur Kelaginakere,,12.917667,77.711083,2017-11-29,bod,3.8,3.8,False,mg/l,empri-2018
545,BUBEVRguj_kr7-545,Gunjur Kelaginakere,,12.917667,77.711083,2017-11-29,totalPhosphate,0.1,0.1,False,mg/l,empri-2018
545,BUBEVRguj_kr7-545,Gunjur Kelaginakere,,12.917667,77.711083,2017-11-29,tkn,2.0,2,False,mg/l,empri-2018
545,BUBEVRguj_kr7-545,Gunjur Kelaginakere,,12.917667,77.711083,2017-11-29,totalColiform,1600.0,>1600,False,MPN/100ml,empri-2018
554,BUBEVRhrl_kr2-554,Haraluru kere,Inlet,12.894556,77.662639,2017-12-04,waterTemperature,27.3,27.3,False,°C,empri-2018
554,BUBEVRhrl_kr2-554,Haraluru kere,Inlet,12.894556,77.662639,2017-12-04,lightTransparency,6.0,6,False,cm,empri-2018
554,BUBEVRhrl_kr2-554,Haraluru kere,Inlet,12.894556,77.662639,2017-12-04,ph,8.3,8.3,False,,empri-2018
554,BUBEVRhrl_kr2-554,Haraluru kere,Inlet,12.894556,77.662639,2017-12-04,conductivity,1000.0,1000,False,µS/cm,empri-2018
554,BUBEVRhrl_kr2-554,Haraluru kere,Inlet,12.894556,77.662639,2017-12-04,tds,500.0,500,False,mg/l,empri-2018
554,BUBEVRhrl_kr2-554,Haraluru kere,Inlet,12.894556,77.662639,2017-12-04,tss,12.0,12,False,mg/l,empri-2018
554,BUBEVRhrl_kr2-554,Haraluru kere,Inlet,12.894556,77.662639,2017-12-04,turbidity,10.0,10,False,NTU,empri-2018
554,BUBEVRhrl_kr2-554,Haraluru kere,Inlet,12.894556,77.662639,2017-12-04,dissolvedOxygen,4.1,4.1,False,mg/l,empri-2018
554,BUBEVRhrl_kr2-554,Haraluru kere,Inlet,12.894556,77.662639,2017-12-04,cod,80.0,80,False,mg/l,empri-2018
554,BUBEVRhrl_kr2-554,Haraluru kere,Inlet,12.894556,77.662639,2017-12-04,bod,8.0,8,False,mg/l,empri-2018
554,BUBEVRhrl_kr2-554,Haraluru kere,Inlet,12.894556,77.662639,2017-12-04,totalPhosphate,2.0,2,False,mg/l,empri-2018
554,BUBEVRhrl_kr2-554,Haraluru kere,Inlet,12.894556,77.662639,2017-12-04,tkn,7.0,7,False,mg/l,empri-2018
554,BUBEVRhrl_kr2-554,Haraluru kere,Inlet,12.894556,77.662639,2017-12-04,totalColiform,350.0,350,False,MPN/100ml,empri-2018
554,BUBEVRhrl_kr2-554,Haraluru kere,Inlet,12.894556,77.662639,2017-12-04,sewageInflow,0.979,0.979,False,cumecs,empri-2018
565,BUBEVRkkd_kr1-565,Kaikondanahalli kere,Inlet,12.912444,77.670778,2017-12-04,waterTemperature,27.3,27.3,False,°C,empri-2018
565,BUBEVRkkd_kr1-565,Kaikondanahalli kere,Inlet,12.912444,77.670778,2017-12-04,lightTransparency,12.0,12,False,cm,empri-2018
565,BUBEVRkkd_kr1-565,Kaikondanahalli kere,Inlet,12.912444,77.670778,2017-12-04,ph,7.8,7.8,False,,empri-2018
565,BUBEVRkkd_kr1-565,Kaikondanahalli kere,Inlet,12.912444,77.670778,2017-12-04,conductivity,995.0,995,False,µS/cm,empri-2018
565,BUBEVRkkd_kr1-565,Kaikondanahalli kere,Inlet,12.912444,77.670778,2017-12-04,tds,720.0,720,False,mg/l,empri-2018
565,BUBEVRkkd_kr1-565,Kaikondanahalli kere,Inlet,12.912444,77.670778,2017-12-04,tss,12.0,12,False,mg/l,empri-2018
565,BUBEVRkkd_kr1-565,Kaikondanahalli kere,Inlet,12.912444,77.670778,2017-12-04,turbidity,10.0,10,False,NTU,empri-2018
565,BUBEVRkkd_kr1-565,Kaikondanahalli kere,Inlet,12.912444,77.670778,2017-12-04,dissolvedOxygen,4.0,4,False,mg/l,empri-2018
565,BUBEVRkkd_kr1-565,Kaikondanahalli kere,Inlet,12.912444,77.670778,2017-12-04,cod,160.0,160,False,mg/l,empri-2018
565,BUBEVRkkd_kr1-565,Kaikondanahalli kere,Inlet,12.912444,77.670778,2017-12-04,bod,18.88,18.88,False,mg/l,empri-2018
565,BUBEVRkkd_kr1-565,Kaikondanahalli kere,Inlet,12.912444,77.670778,2017-12-04,totalPhosphate,,ND,True,mg/l,empri-2018
565,BUBEVRkkd_kr1-565,Kaikondanahalli kere,Inlet,12.912444,77.670778,2017-12-04,tkn,7.0,7,False,mg/l,empri-2018
565,BUBEVRkkd_kr1-565,Kaikondanahalli kere,Inlet,12.912444,77.670778,2017-12-04,totalColiform,1600.0,>1600,False,MPN/100ml,empri-2018
565,BUBEVRkkd_kr1-565,Kaikondanahalli kere,Inlet,12.912444,77.670778,2017-12-04,sewageInflow,,No Flow,False,cumecs,empri-2018
569,BUBEVRksv_kr4-569,Kasavanahalli kere,Inlet,12.903278,77.666306,2017-12-04,waterTemperature,23.5,23.5,False,°C,empri-2018
569,BUBEVRksv_kr4-569,Kasavanahalli kere,Inlet,12.903278,77.666306,2017-12-04,lightTransparency,18.0,18,False,cm,empri-2018
569,BUBEVRksv_kr4-569,Kasavanahalli kere,Inlet,12.903278,77.666306,2017-12-04,ph,7.5,7.5,False,,empri-2018
569,BUBEVRksv_kr4-569,Kasavanahalli kere,Inlet,12.903278,77.666306,2017-12-04,conductivity,857.0,857,False,µS/cm,empri-2018
569,BUBEVRksv_kr4-569,Kasavanahalli kere,Inlet,12.903278,77.666306,2017-12-04,tds,526.0,526,False,mg/l,empri-2018
569,BUBEVRksv_kr4-569,Kasavanahalli kere,Inlet,12.903278,77.666306,2017-12-04,tss,6.0,6,False,mg/l,empri-2018
569,BUBEVRksv_kr4-569,Kasavanahalli kere,Inlet,12.903278,77.666306,2017-12-04,turbidity,15.0,15,False,NTU,empri-2018
569,BUBEVRksv_kr4-569,Kasavanahalli kere,Inlet,12.903278,77.666306,2017-12-04,dissolvedOxygen,2.2,2.2,False,mg/l,empri-2018
569,BUBEVRksv_kr4-569,Kasavanahalli kere,Inlet,12.903278,77.666306,2017-12-04,cod,16.0,16,False,mg/l,empri-2018
569,BUBEVRksv_kr4-569,Kasavanahalli kere,Inlet,12.903278,77.666306,2017-12-04,bod,2.9,2.9,False,mg/l,empri-2018
569,BUBEVRksv_kr4-569,Kasavanahalli kere,Inlet,12.903278,77.666306,2017-12-04,totalPhosphate,0.1,0.1,False,mg/l,empri-2018
569,BUBEVRksv_kr4-569,Kasavanahalli kere,Inlet,12.903278,77.666306,2017-12-04,tkn,0.0,0,False,mg/l,empri-2018
569,BUBEVRksv_kr4-569,Kasavanahalli kere,Inlet,12.903278,77.666306,2017-12-04,totalColiform,350.0,350,False,MPN/100ml,empri-2018
569,BUBEVRksv_kr4-569,Kasavanahalli kere,Inlet,12.903278,77.666306,2017-12-04,sewageInflow,,No Flow,False,cumecs,empri-2018
569,BUBEVRksv_kr4-569,Kasavanahalli kere,Outlet,12.907333,77.666278,2017-12-04,waterTemperature,23.5,23.5,False,°C,empri-2018
569,BUBEVRksv_kr4-569,Kasavanahalli kere,Outlet,12.907333,77.666278,2017-12-04,lightTransparency,23.0,23,False,cm,empri-2018
569,BUBEVRksv_kr4-569,Kasavanahalli kere,Outlet,12.907333,77.666278,2017-12-04,ph,7.4,7.4,False,,empri-2018
569,BUBEVRksv_kr4-569,Kasavanahalli kere,Outlet,12.907333,77.666278,2017-12-04,conductivity,588.0,588,False,µS/cm,empri-2018
569,BUBEVRksv_kr4-569,Kasavanahalli kere,Outlet,12.907333,77.666278,2017-12-04,tds,534.0,534,False,mg/l,empri-2018
569,BUBEVRksv_kr4-569,Kasavanahalli kere,Outlet,12.907333,77.666278,2017-12-04,tss,3.6,3.6,False,mg/l,empri-2018
569,BUBEVRksv_kr4-569,Kasavanahalli kere,Outlet,12.907333,77.666278,2017-12-04,turbidity,8.6,8.6,False,NTU,empri-2018
569,BUBEVRksv_kr4-569,Kasavanahalli kere,Outlet,12.907333,77.666278,2017-12-04,dissolvedOxygen,4.6,4.6,False,mg/l,empri-2018
569,BUBEVRksv_kr4-569,Kasavanahalli kere,Outlet,12.907333,77.666278,2017-12-04,cod,32.0,32,False,mg/l,empri-2018
569,BUBEVRksv_kr4-569,Kasavanahalli kere,Outlet,12.907333,77.666278,2017-12-04,bod,14.8,14.8,False,mg/l,empri-2018
569,BUBEVRksv_kr4-569,Kasavanahalli kere,Outlet,12.907333,77.666278,2017-12-04,totalPhosphate,0.2,0.2,False,mg/l,empri-2018
569,BUBEVRksv_kr4-569,Kasavanahalli kere,Outlet,12.907333,77.666278,2017-12-04,tkn,0.0,0,False,mg/l,empri-2018
569,BUBEVRksv_kr4-569,Kasavanahalli kere,Outlet,12.907333,77.666278,2017-12-04,totalColiform,280.0,280,False,MPN/100ml,empri-2018
601,BUBEVRmnk_kr1-601,Munekolalu kere,,12.959778,77.709444,2017-11-30,waterTemperature,24.8,24.8,False,°C,empri-2018
601,BUBEVRmnk_kr1-601,Munekolalu kere,,12.959778,77.709444,2017-11-30,lightTransparency,18.0,18,False,cm,empri-2018
601,BUBEVRmnk_kr1-601,Munekolalu kere,,12.959778,77.709444,2017-11-30,ph,7.6,7.6,False,,empri-2018
601,BUBEVRmnk_kr1-601,Munekolalu kere,,12.959778,77.709444,2017-11-30,conductivity,510.0,510,False,µS/cm,empri-2018
601,BUBEVRmnk_kr1-601,Munekolalu kere,,12.959778,77.709444,2017-11-30,tds,396.0,396,False,mg/l,empri-2018
601,BUBEVRmnk_kr1-601,Munekolalu kere,,12.959778,77.709444,2017-11-30,tss,48.0,48,False,mg/l,empri-2018
601,BUBEVRmnk_kr1-601,Munekolalu kere,,12.959778,77.709444,2017-11-30,turbidity,20.7,20.7,False,NTU,empri-2018
601,BUBEVRmnk_kr1-601,Munekolalu kere,,12.959778,77.709444,2017-11-30,dissolvedOxygen,3.4,3.4,False,mg/l,empri-2018
601,BUBEVRmnk_kr1-601,Munekolalu kere,,12.959778,77.709444,2017-11-30,cod,32.0,32,False,mg/l,empri-2018
601,BUBEVRmnk_kr1-601,Munekolalu kere,,12.959778,77.709444,2017-11-30,bod,7.7,7.7,False,mg/l,empri-2018
601,BUBEVRmnk_kr1-601,Munekolalu kere,,12.959778,77.709444,2017-11-30,totalPhosphate,0.2,0.2,False,mg/l,empri-2018
601,BUBEVRmnk_kr1-601,Munekolalu kere,,12.959778,77.709444,2017-11-30,tkn,5.0,5,False,mg/l,empri-2018
601,BUBEVRmnk_kr1-601,Munekolalu kere,,12.959778,77.709444,2017-11-30,totalColiform,1600.0,>1600,False,MPN/100ml,empri-2018
609,BUBEVRpnt_kr4-609,Panatthur kere,,12.932583,77.717167,2017-11-30,waterTemperature,25.9,25.9,False,°C,empri-2018
609,BUBEVRpnt_kr4-609,Panatthur kere,,12.932583,77.717167,2017-11-30,lightTransparency,15.0,15,False,cm,empri-2018
609,BUBEVRpnt_kr4-609,Panatthur kere,,12.932583,77.717167,2017-11-30,ph,8.0,8,False,,empri-2018
609,BUBEVRpnt_kr4-609,Panatthur kere,,12.932583,77.717167,2017-11-30,conductivity,177.0,177,False,µS/cm,empri-2018
609,BUBEVRpnt_kr4-609,Panatthur kere,,12.932583,77.717167,2017-11-30,tds,124.0,124,False,mg/l,empri-2018
609,BUBEVRpnt_kr4-609,Panatthur kere,,12.932583,77.717167,2017-11-30,tss,71.0,71,False,mg/l,empri-2018
609,BUBEVRpnt_kr4-609,Panatthur kere,,12.932583,77.717167,2017-11-30,turbidity,66.6,66.6,False,NTU,empri-2018
609,BUBEVRpnt_kr4-609,Panatthur kere,,12.932583,77.717167,2017-11-30,dissolvedOxygen,6.0,6,False,mg/l,empri-2018
609,BUBEVRpnt_kr4-609,Panatthur kere,,12.932583,77.717167,2017-11-30,cod,16.0,16,False,mg/l,empri-2018
609,BUBEVRpnt_kr4-609,Panatthur kere,,12.932583,77.717167,2017-11-30,bod,3.8,3.8,False,mg/l,empri-2018
609,BUBEVRpnt_kr4-609,Panatthur kere,,12.932583,77.717167,2017-11-30,totalPhosphate,0.2,0.2,False,mg/l,empri-2018
609,BUBEVRpnt_kr4-609,Panatthur kere,,12.932583,77.717167,2017-11-30,tkn,7.0,7,False,mg/l,empri-2018
609,BUBEVRpnt_kr4-609,Panatthur kere,,12.932583,77.717167,2017-11-30,totalColiform,1600.0,>1600,False,MPN/100ml,empri-2018
612,BUBEVRpnt_kr7-612,Panattur Govt. Kere,,12.932222,77.707806,2017-11-30,waterTemperature,24.3,24.3,False,°C,empri-2018
612,BUBEVRpnt_kr7-612,Panattur Govt. Kere,,12.932222,77.707806,2017-11-30,lightTransparency,12.0,12,False,cm,empri-2018
612,BUBEVRpnt_kr7-612,Panattur Govt. Kere,,12.932222,77.707806,2017-11-30,ph,7.2,7.2,False,,empri-2018
612,BUBEVRpnt_kr7-612,Panattur Govt. Kere,,12.932222,77.707806,2017-11-30,conductivity,529.0,529,False,µS/cm,empri-2018
612,BUBEVRpnt_kr7-612,Panattur Govt. Kere,,12.932222,77.707806,2017-11-30,tds,344.0,344,False,mg/l,empri-2018
612,BUBEVRpnt_kr7-612,Panattur Govt. Kere,,12.932222,77.707806,2017-11-30,tss,16.0,16,False,mg/l,empri-2018
612,BUBEVRpnt_kr7-612,Panattur Govt. Kere,,12.932222,77.707806,2017-11-30,turbidity,9.1,9.1,False,NTU,empri-2018
612,BUBEVRpnt_kr7-612,Panattur Govt. Kere,,12.932222,77.707806,2017-11-30,dissolvedOxygen,1.8,1.8,False,mg/l,empri-2018
612,BUBEVRpnt_kr7-612,Panattur Govt. Kere,,12.932222,77.707806,2017-11-30,cod,16.0,16,False,mg/l,empri-2018
612,BUBEVRpnt_kr7-612,Panattur Govt. Kere,,12.932222,77.707806,2017-11-30,bod,3.8,3.8,False,mg/l,empri-2018
612,BUBEVRpnt_kr7-612,Panattur Govt. Kere,,12.932222,77.707806,2017-11-30,totalPhosphate,0.1,0.1,False,mg/l,empri-2018
612,BUBEVRpnt_kr7-612,Panattur Govt. Kere,,12.932222,77.707806,2017-11-30,tkn,7.0,7,False,mg/l,empri-2018
612,BUBEVRpnt_kr7-612,Panattur Govt. Kere,,12.932222,77.707806,2017-11-30,totalColiform,12.0,12,False,MPN/100ml,empri-2018
616,BUBEVRrsp_kr1-616,Hado shiddapura kere,,12.891722,77.702806,2017-12-04,waterTemperature,23.9,23.9,False,°C,empri-2018
616,BUBEVRrsp_kr1-616,Hado shiddapura kere,,12.891722,77.702806,2017-12-04,lightTransparency,20.0,20,False,cm,empri-2018
616,BUBEVRrsp_kr1-616,Hado shiddapura kere,,12.891722,77.702806,2017-12-04,ph,7.4,7.4,False,,empri-2018
616,BUBEVRrsp_kr1-616,Hado shiddapura kere,,12.891722,77.702806,2017-12-04,conductivity,559.0,559,False,µS/cm,empri-2018
616,BUBEVRrsp_kr1-616,Hado shiddapura kere,,12.891722,77.702806,2017-12-04,tds,448.0,448,False,mg/l,empri-2018
616,BUBEVRrsp_kr1-616,Hado shiddapura kere,,12.891722,77.702806,2017-12-04,tss,18.0,18,False,mg/l,empri-2018
616,BUBEVRrsp_kr1-616,Hado shiddapura kere,,12.891722,77.702806,2017-12-04,turbidity,5.6,5.6,False,NTU,empri-2018
616,BUBEVRrsp_kr1-616,Hado shiddapura kere,,12.891722,77.702806,2017-12-04,dissolvedOxygen,1.8,1.8,False,mg/l,empri-2018
616,BUBEVRrsp_kr1-616,Hado shiddapura kere,,12.891722,77.702806,2017-12-04,cod,64.0,64,False,mg/l,empri-2018
616,BUBEVRrsp_kr1-616,Hado shiddapura kere,,12.891722,77.702806,2017-12-04,bod,7.5,7.5,False,mg/l,empri-2018
616,BUBEVRrsp_kr1-616,Hado shiddapura kere,,12.891722,77.702806,2017-12-04,totalPhosphate,0.1,0.1,False,mg/l,empri-2018
616,BUBEVRrsp_kr1-616,Hado shiddapura kere,,12.891722,77.702806,2017-12-04,tkn,0.0,0,False,mg/l,empri-2018
616,BUBEVRrsp_kr1-616,Hado shiddapura kere,,12.891722,77.702806,2017-12-04,totalColiform,1600.0,>1600,False,MPN/100ml,empri-2018
625,BUBEVRsdp_kr8-625,Siddapura kere,Inlet,12.959278,77.726361,2017-12-04,waterTemperature,26.2,26.2,False,°C,empri-2018
625,BUBEVRsdp_kr8-625,Siddapura kere,Inlet,12.959278,77.726361,2017-12-04,lightTransparency,5.0,5,False,cm,empri-2018
625,BUBEVRsdp_kr8-625,Siddapura kere,Inlet,12.959278,77.726361,2017-12-04,ph,7.5,7.5,False,,empri-2018
625,BUBEVRsdp_kr8-625,Siddapura kere,Inlet,12.959278,77.726361,2017-12-04,conductivity,1000.0,1000,False,µS/cm,empri-2018
625,BUBEVRsdp_kr8-625,Siddapura kere,Inlet,12.959278,77.726361,2017-12-04,tds,860.0,860,False,mg/l,empri-2018
625,BUBEVRsdp_kr8-625,Siddapura kere,Inlet,12.959278,77.726361,2017-12-04,tss,36.0,36,False,mg/l,empri-2018
625,BUBEVRsdp_kr8-625,Siddapura kere,Inlet,12.959278,77.726361,2017-12-04,turbidity,26.0,26,False,NTU,empri-2018
625,BUBEVRsdp_kr8-625,Siddapura kere,Inlet,12.959278,77.726361,2017-12-04,dissolvedOxygen,4.1,4.1,False,mg/l,empri-2018
625,BUBEVRsdp_kr8-625,Siddapura kere,Inlet,12.959278,77.726361,2017-12-04,cod,76.0,76,False,mg/l,empri-2018
625,BUBEVRsdp_kr8-625,Siddapura kere,Inlet,12.959278,77.726361,2017-12-04,bod,8.0,8,False,mg/l,empri-2018
625,BUBEVRsdp_kr8-625,Siddapura kere,Inlet,12.959278,77.726361,2017-12-04,totalPhosphate,4.0,4,False,mg/l,empri-2018
625,BUBEVRsdp_kr8-625,Siddapura kere,Inlet,12.959278,77.726361,2017-12-04,tkn,14.0,14,False,mg/l,empri-2018
625,BUBEVRsdp_kr8-625,Siddapura kere,Inlet,12.959278,77.726361,2017-12-04,totalColiform,350.0,350,False,MPN/100ml,empri-2018
625,BUBEVRsdp_kr8-625,Siddapura kere,Inlet,12.959278,77.726361,2017-12-04,sewageInflow,,UM,False,cumecs,empri-2018
666,BUBEKRbsp_kr1-666,Basavanapura kere,,13.010694,77.71225,2017-11-30,waterTemperature,25.7,25.7,False,°C,empri-2018
666,BUBEKRbsp_kr1-666,Basavanapura kere,,13.010694,77.71225,2017-11-30,lightTransparency,3.0,3,False,cm,empri-2018
666,BUBEKRbsp_kr1-666,Basavanapura kere,,13.010694,77.71225,2017-11-30,ph,7.7,7.7,False,,empri-2018
666,BUBEKRbsp_kr1-666,Basavanapura kere,,13.010694,77.71225,2017-11-30,conductivity,961.0,961,False,µS/cm,empri-2018
666,BUBEKRbsp_kr1-666,Basavanapura kere,,13.010694,77.71225,2017-11-30,tds,780.0,780,False,mg/l,empri-2018
666,BUBEKRbsp_kr1-666,Basavanapura kere,,13.010694,77.71225,2017-11-30,tss,36.0,36,False,mg/l,empri-2018
666,BUBEKRbsp_kr1-666,Basavanapura kere,,13.010694,77.71225,2017-11-30,turbidity,12.0,12,False,NTU,empri-2018
666,BUBEKRbsp_kr1-666,Basavanapura kere,,13.010694,77.71225,2017-11-30,dissolvedOxygen,4.6,4.6,False,mg/l,empri-2018
666,BUBEKRbsp_kr1-666,Basavanapura kere,,13.010694,77.71225,2017-11-30,cod,68.0,68,False,mg/l,empri-2018
666,BUBEKRbsp_kr1-666,Basavanapura kere,,13.010694,77.71225,2017-11-30,bod,6.6,6.6,False,mg/l,empri-2018
666,BUBEKRbsp_kr1-666,Basavanapura kere,,13.010694,77.71225,2017-11-30,totalPhosphate,,ND,True,mg/l,empri-2018
666,BUBEKRbsp_kr1-666,Basavanapura kere,,13.010694,77.71225,2017-11-30,tkn,10.0,10,False,mg/l,empri-2018
666,BUBEKRbsp_kr1-666,Basavanapura kere,,13.010694,77.71225,2017-11-30,totalColiform,1600.0,>1600,False,MPN/100ml,empri-2018
676,BUBEKRbys_kr1-676,Byrasandra kere1,,12.979583,77.662833,2017-11-30,waterTemperature,26.0,26,False,°C,empri-2018
676,BUBEKRbys_kr1-676,Byrasandra kere1,,12.979583,77.662833,2017-11-30,lightTransparency,5.0,5,False,cm,empri-2018
676,BUBEKRbys_kr1-676,Byrasandra kere1,,12.979583,77.662833,2017-11-30,ph,8.3,8.3,False,,empri-2018
676,BUBEKRbys_kr1-676,Byrasandra kere1,,12.979583,77.662833,2017-11-30,conductivity,1000.0,1000,False,µS/cm,empri-2018
676,BUBEKRbys_kr1-676,Byrasandra kere1,,12.979583,77.662833,2017-11-30,tds,680.0,680,False,mg/l,empri-2018
676,BUBEKRbys_kr1-676,Byrasandra kere1,,12.979583,77.662833,2017-11-30,tss,18.0,18,False,mg/l,empri-2018
676,BUBEKRbys_kr1-676,Byrasandra kere1,,12.979583,77.662833,2017-11-30,turbidity,18.0,18,False,NTU,empri-2018
676,BUBEKRbys_kr1-676,Byrasandra kere1,,12.979583,77.662833,2017-11-30,dissolvedOxygen,4.6,4.6,False,mg/l,empri-2018
676,BUBEKRbys_kr1-676,Byrasandra kere1,,12.979583,77.662833,2017-11-30,cod,128.0,128,False,mg/l,empri-2018
676,BUBEKRbys_kr1-676,Byrasandra kere1,,12.979583,77.662833,2017-11-30,bod,12.0,12,False,mg/l,empri-2018
676,BUBEKRbys_kr1-676,Byrasandra kere1,,12.979583,77.662833,2017-11-30,totalPhosphate,,ND,True,mg/l,empri-2018
676,BUBEKRbys_kr1-676,Byrasandra kere1,,12.979583,77.662833,2017-11-30,tkn,7.0,7,False,mg/l,empri-2018
676,BUBEKRbys_kr1-676,Byrasandra kere1,,12.979583,77.662833,2017-11-30,totalColiform,220.0,220,False,MPN/100ml,empri-2018
678,BUBEKRbys_kr3-678,Byrasandra kere2,Inlet,12.979639,77.654083,2017-11-30,waterTemperature,23.0,23,False,°C,empri-2018
678,BUBEKRbys_kr3-678,Byrasandra kere2,Inlet,12.979639,77.654083,2017-11-30,lightTransparency,6.0,6,False,cm,empri-2018
678,BUBEKRbys_kr3-678,Byrasandra kere2,Inlet,12.979639,77.654083,2017-11-30,ph,7.4,7.4,False,,empri-2018
678,BUBEKRbys_kr3-678,Byrasandra kere2,Inlet,12.979639,77.654083,2017-11-30,conductivity,812.0,812,False,µS/cm,empri-2018
678,BUBEKRbys_kr3-678,Byrasandra kere2,Inlet,12.979639,77.654083,2017-11-30,tds,594.0,594,False,mg/l,empri-2018
678,BUBEKRbys_kr3-678,Byrasandra kere2,Inlet,12.979639,77.654083,2017-11-30,tss,618.0,618,False,mg/l,empri-2018
678,BUBEKRbys_kr3-678,Byrasandra kere2,Inlet,12.979639,77.654083,2017-11-30,turbidity,385.0,385,False,NTU,empri-2018
678,BUBEKRbys_kr3-678,Byrasandra kere2,Inlet,12.979639,77.654083,2017-11-30,dissolvedOxygen,6.8,6.8,False,mg/l,empri-2018
678,BUBEKRbys_kr3-678,Byrasandra kere2,Inlet,12.979639,77.654083,2017-11-30,cod,368.0,368,False,mg/l,empri-2018
678,BUBEKRbys_kr3-678,Byrasandra kere2,Inlet,12.979639,77.654083,2017-11-30,bod,88.3,88.3,False,mg/l,empri-2018
678,BUBEKRbys_kr3-678,Byrasandra kere2,Inlet,12.979639,77.654083,2017-11-30,totalPhosphate,1.5,1.5,False,mg/l,empri-2018
678,BUBEKRbys_kr3-678,Byrasandra kere2,Inlet,12.979639,77.654083,2017-11-30,tkn,14.0,14,False,mg/l,empri-2018
678,BUBEKRbys_kr3-678,Byrasandra kere2,Inlet,12.979639,77.654083,2017-11-30,totalColiform,1600.0,>1600,False,MPN/100ml,empri-2018
678,BUBEKRbys_kr3-678,Byrasandra kere2,Inlet,12.979639,77.654083,2017-11-30,sewageInflow,,UM,False,cumecs,empri-2018
678,BUBEKRbys_kr3-678,Byrasandra kere2,Outlet,12.977917,77.657139,2017-11-30,waterTemperature,23.8,23.8,False,°C,empri-2018
678,BUBEKRbys_kr3-678,Byrasandra kere2,Outlet,12.977917,77.657139,2017-11-30,lightTransparency,11.0,11,False,cm,empri-2018
678,BUBEKRbys_kr3-678,Byrasandra kere2,Outlet,12.977917,77.657139,2017-11-30,ph,7.7,7.7,False,,empri-2018
678,BUBEKRbys_kr3-678,Byrasandra kere2,Outlet,12.977917,77.657139,2017-11-30,conductivity,959.0,959,False,µS/cm,empri-2018
678,BUBEKRbys_kr3-678,Byrasandra kere2,Outlet,12.977917,77.657139,2017-11-30,tds,780.0,780,False,mg/l,empri-2018
678,BUBEKRbys_kr3-678,Byrasandra kere2,Outlet,12.977917,77.657139,2017-11-30,tss,78.4,78.4,False,mg/l,empri-2018
678,BUBEKRbys_kr3-678,Byrasandra kere2,Outlet,12.977917,77.657139,2017-11-30,turbidity,85.6,85.6,False,NTU,empri-2018
678,BUBEKRbys_kr3-678,Byrasandra kere2,Outlet,12.977917,77.657139,2017-11-30,dissolvedOxygen,1.4,1.4,False,mg/l,empri-2018
678,BUBEKRbys_kr3-678,Byrasandra kere2,Outlet,12.977917,77.657139,2017-11-30,cod,128.0,128,False,mg/l,empri-2018
678,BUBEKRbys_kr3-678,Byrasandra kere2,Outlet,12.977917,77.657139,2017-11-30,bod,30.7,30.7,False,mg/l,empri-2018
678,BUBEKRbys_kr3-678,Byrasandra kere2,Outlet,12.977917,77.657139,2017-11-30,totalPhosphate,1.5,1.5,False,mg/l,empri-2018
678,BUBEKRbys_kr3-678,Byrasandra kere2,Outlet,12.977917,77.657139,2017-11-30,tkn,28.0,28,False,mg/l,empri-2018
678,BUBEKRbys_kr3-678,Byrasandra kere2,Outlet,12.977917,77.657139,2017-11-30,totalColiform,350.0,350,False,MPN/100ml,empri-2018
683,BUBEKRcnp_kr2-683,Chinnappanahalli kere2,Inlet,12.967139,77.707278,2017-11-30,waterTemperature,26.9,26.9,False,°C,empri-2018
683,BUBEKRcnp_kr2-683,Chinnappanahalli kere2,Inlet,12.967139,77.707278,2017-11-30,lightTransparency,7.0,7,False,cm,empri-2018
683,BUBEKRcnp_kr2-683,Chinnappanahalli kere2,Inlet,12.967139,77.707278,2017-11-30,ph,8.4,8.4,False,,empri-2018
683,BUBEKRcnp_kr2-683,Chinnappanahalli kere2,Inlet,12.967139,77.707278,2017-11-30,conductivity,969.0,969,False,µS/cm,empri-2018
683,BUBEKRcnp_kr2-683,Chinnappanahalli kere2,Inlet,12.967139,77.707278,2017-11-30,tds,600.0,600,False,mg/l,empri-2018
683,BUBEKRcnp_kr2-683,Chinnappanahalli kere2,Inlet,12.967139,77.707278,2017-11-30,tss,16.0,16,False,mg/l,empri-2018
683,BUBEKRcnp_kr2-683,Chinnappanahalli kere2,Inlet,12.967139,77.707278,2017-11-30,turbidity,51.0,51,False,NTU,empri-2018
683,BUBEKRcnp_kr2-683,Chinnappanahalli kere2,Inlet,12.967139,77.707278,2017-11-30,dissolvedOxygen,5.6,5.6,False,mg/l,empri-2018
683,BUBEKRcnp_kr2-683,Chinnappanahalli kere2,Inlet,12.967139,77.707278,2017-11-30,cod,260.0,260,False,mg/l,empri-2018
683,BUBEKRcnp_kr2-683,Chinnappanahalli kere2,Inlet,12.967139,77.707278,2017-11-30,bod,26.0,26,False,mg/l,empri-2018
683,BUBEKRcnp_kr2-683,Chinnappanahalli kere2,Inlet,12.967139,77.707278,2017-11-30,totalPhosphate,2.0,2,False,mg/l,empri-2018
683,BUBEKRcnp_kr2-683,Chinnappanahalli kere2,Inlet,12.967139,77.707278,2017-11-30,tkn,32.0,32,False,mg/l,empri-2018
683,BUBEKRcnp_kr2-683,Chinnappanahalli kere2,Inlet,12.967139,77.707278,2017-11-30,totalColiform,220.0,220,False,MPN/100ml,empri-2018
683,BUBEKRcnp_kr2-683,Chinnappanahalli kere2,Inlet,12.967139,77.707278,2017-11-30,sewageInflow,,No Flow,False,cumecs,empri-2018
691,BUBEKRddk_kr6-691,Doddanekundi kere2,Inlet,12.97525,77.691417,2017-11-29,waterTemperature,26.3,26.3,False,°C,empri-2018
691,BUBEKRddk_kr6-691,Doddanekundi kere2,Inlet,12.97525,77.691417,2017-11-29,lightTransparency,,UM,False,cm,empri-2018
691,BUBEKRddk_kr6-691,Doddanekundi kere2,Inlet,12.97525,77.691417,2017-11-29,ph,7.1,7.1,False,,empri-2018
691,BUBEKRddk_kr6-691,Doddanekundi kere2,Inlet,12.97525,77.691417,2017-11-29,conductivity,990.0,990,False,µS/cm,empri-2018
691,BUBEKRddk_kr6-691,Doddanekundi kere2,Inlet,12.97525,77.691417,2017-11-29,tds,680.0,680,False,mg/l,empri-2018
691,BUBEKRddk_kr6-691,Doddanekundi kere2,Inlet,12.97525,77.691417,2017-11-29,tss,12.0,12,False,mg/l,empri-2018
691,BUBEKRddk_kr6-691,Doddanekundi kere2,Inlet,12.97525,77.691417,2017-11-29,turbidity,12.0,12,False,NTU,empri-2018
691,BUBEKRddk_kr6-691,Doddanekundi kere2,Inlet,12.97525,77.691417,2017-11-29,dissolvedOxygen,4.8,4.8,False,mg/l,empri-2018
691,BUBEKRddk_kr6-691,Doddanekundi kere2,Inlet,12.97525,77.691417,2017-11-29,cod,364.0,364,False,mg/l,empri-2018
691,BUBEKRddk_kr6-691,Doddanekundi kere2,Inlet,12.97525,77.691417,2017-11-29,bod,32.0,32,False,mg/l,empri-2018
691,BUBEKRddk_kr6-691,Doddanekundi kere2,Inlet,12.97525,77.691417,2017-11-29,totalPhosphate,,ND,True,mg/l,empri-2018
691,BUBEKRddk_kr6-691,Doddanekundi kere2,Inlet,12.97525,77.691417,2017-11-29,tkn,17.0,17,False,mg/l,empri-2018
691,BUBEKRddk_kr6-691,Doddanekundi kere2,Inlet,12.97525,77.691417,2017-11-29,totalColiform,350.0,350,False,MPN/100ml,empri-2018
691,BUBEKRddk_kr6-691,Doddanekundi kere2,Inlet,12.97525,77.691417,2017-11-29,sewageInflow,,No Flow,False,cumecs,empri-2018
695,BUBEKRhod_kr1-695,Hoodi kere,,12.999333,77.717889,2017-11-29,waterTemperature,23.8,23.8,False,°C,empri-2018
695,BUBEKRhod_kr1-695,Hoodi kere,,12.999333,77.717889,2017-11-29,lightTransparency,3.0,3,False,cm,empri-2018
695,BUBEKRhod_kr1-695,Hoodi kere,,12.999333,77.717889,2017-11-29,ph,7.5,7.5,False,,empri-2018
695,BUBEKRhod_kr1-695,Hoodi kere,,12.999333,77.717889,2017-11-29,conductivity,1349.0,1349,False,µS/cm,empri-2018
695,BUBEKRhod_kr1-695,Hoodi kere,,12.999333,77.717889,2017-11-29,tds,930.0,930,False,mg/l,empri-2018
695,BUBEKRhod_kr1-695,Hoodi kere,,12.999333,77.717889,2017-11-29,tss,69.0,69,False,mg/l,empri-2018
695,BUBEKRhod_kr1-695,Hoodi kere,,12.999333,77.717889,2017-11-29,turbidity,37.2,37.2,False,NTU,empri-2018
695,BUBEKRhod_kr1-695,Hoodi kere,,12.999333,77.717889,2017-11-29,dissolvedOxygen,0.8,0.8,False,mg/l,empri-2018
695,BUBEKRhod_kr1-695,Hoodi kere,,12.999333,77.717889,2017-11-29,cod,96.0,96,False,mg/l,empri-2018
695,BUBEKRhod_kr1-695,Hoodi kere,,12.999333,77.717889,2017-11-29,bod,23.0,23.0,False,mg/l,empri-2018
695,BUBEKRhod_kr1-695,Hoodi kere,,12.999333,77.717889,2017-11-29,totalPhosphate,2.1,2.1,False,mg/l,empri-2018
695,BUBEKRhod_kr1-695,Hoodi kere,,12.999333,77.717889,2017-11-29,tkn,26.0,26,False,mg/l,empri-2018
695,BUBEKRhod_kr1-695,Hoodi kere,,12.999333,77.717889,2017-11-29,totalColiform,1600.0,>1600,False,MPN/100ml,empri-2018
697,BUBEKRhod_kr3-697,Giddanakere,Inlet,12.9865,77.721083,2017-11-29,waterTemperature,24.9,24.9,False,°C,empri-2018
697,BUBEKRhod_kr3-697,Giddanakere,Inlet,12.9865,77.721083,2017-11-29,lightTransparency,3.0,3,False,cm,empri-2018
697,BUBEKRhod_kr3-697,Giddanakere,Inlet,12.9865,77.721083,2017-11-29,ph,7.5,7.5,False,,empri-2018
697,BUBEKRhod_kr3-697,Giddanakere,Inlet,12.9865,77.721083,2017-11-29,conductivity,970.0,970,False,µS/cm,empri-2018
697,BUBEKRhod_kr3-697,Giddanakere,Inlet,12.9865,77.721083,2017-11-29,tds,420.0,420,False,mg/l,empri-2018
697,BUBEKRhod_kr3-697,Giddanakere,Inlet,12.9865,77.721083,2017-11-29,tss,22.0,22,False,mg/l,empri-2018
697,BUBEKRhod_kr3-697,Giddanakere,Inlet,12.9865,77.721083,2017-11-29,turbidity,16.0,16,False,NTU,empri-2018
697,BUBEKRhod_kr3-697,Giddanakere,Inlet,12.9865,77.721083,2017-11-29,dissolvedOxygen,4.0,4,False,mg/l,empri-2018
697,BUBEKRhod_kr3-697,Giddanakere,Inlet,12.9865,77.721083,2017-11-29,cod,368.0,368,False,mg/l,empri-2018
697,BUBEKRhod_kr3-697,Giddanakere,Inlet,12.9865,77.721083,2017-11-29,bod,26.0,26,False,mg/l,empri-2018
697,BUBEKRhod_kr3-697,Giddanakere,Inlet,12.9865,77.721083,2017-11-29,totalPhosphate,0.6,0.6,False,mg/l,empri-2018
697,BUBEKRhod_kr3-697,Giddanakere,Inlet,12.9865,77.721083,2017-11-29,tkn,25.0,25,False,mg/l,empri-2018
697,BUBEKRhod_kr3-697,Giddanakere,Inlet,12.9865,77.721083,2017-11-29,totalColiform,500.0,500,False,MPN/100ml,empri-2018
697,BUBEKRhod_kr3-697,Giddanakere,Inlet,12.9865,77.721083,2017-11-29,sewageInflow,0.051,0.051,False,cumecs,empri-2018
708,BUBEKRhrm_kr1-708,Horamavu kere,Inlet,13.023583,77.666028,2017-11-30,waterTemperature,23.7,23.7,False,°C,empri-2018
708,BUBEKRhrm_kr1-708,Horamavu kere,Inlet,13.023583,77.666028,2017-11-30,lightTransparency,,UM,False,cm,empri-2018
708,BUBEKRhrm_kr1-708,Horamavu kere,Inlet,13.023583,77.666028,2017-11-30,ph,7.1,7.1,False,,empri-2018
708,BUBEKRhrm_kr1-708,Horamavu kere,Inlet,13.023583,77.666028,2017-11-30,conductivity,1619.0,1619,False,µS/cm,empri-2018
708,BUBEKRhrm_kr1-708,Horamavu kere,Inlet,13.023583,77.666028,2017-11-30,tds,1075.0,1075,False,mg/l,empri-2018
708,BUBEKRhrm_kr1-708,Horamavu kere,Inlet,13.023583,77.666028,2017-11-30,tss,1045.0,1045,False,mg/l,empri-2018
708,BUBEKRhrm_kr1-708,Horamavu kere,Inlet,13.023583,77.666028,2017-11-30,turbidity,79.2,79.2,False,NTU,empri-2018
708,BUBEKRhrm_kr1-708,Horamavu kere,Inlet,13.023583,77.666028,2017-11-30,dissolvedOxygen,0.2,0.2,False,mg/l,empri-2018
708,BUBEKRhrm_kr1-708,Horamavu kere,Inlet,13.023583,77.666028,2017-11-30,cod,352.0,352,False,mg/l,empri-2018
708,BUBEKRhrm_kr1-708,Horamavu kere,Inlet,13.023583,77.666028,2017-11-30,bod,84.5,84.5,False,mg/l,empri-2018
708,BUBEKRhrm_kr1-708,Horamavu kere,Inlet,13.023583,77.666028,2017-11-30,totalPhosphate,1.8,1.8,False,mg/l,empri-2018
708,BUBEKRhrm_kr1-708,Horamavu kere,Inlet,13.023583,77.666028,2017-11-30,tkn,65.0,65,False,mg/l,empri-2018
708,BUBEKRhrm_kr1-708,Horamavu kere,Inlet,13.023583,77.666028,2017-11-30,totalColiform,1600.0,1600,False,MPN/100ml,empri-2018
708,BUBEKRhrm_kr1-708,Horamavu kere,Inlet,13.023583,77.666028,2017-11-30,sewageInflow,,UM,False,cumecs,empri-2018
708,BUBEKRhrm_kr1-708,Horamavu kere,Outlet,13.025778,77.666278,2017-11-30,waterTemperature,23.7,23.7,False,°C,empri-2018
708,BUBEKRhrm_kr1-708,Horamavu kere,Outlet,13.025778,77.666278,2017-11-30,lightTransparency,,UM,False,cm,empri-2018
708,BUBEKRhrm_kr1-708,Horamavu kere,Outlet,13.025778,77.666278,2017-11-30,ph,7.1,7.1,False,,empri-2018
708,BUBEKRhrm_kr1-708,Horamavu kere,Outlet,13.025778,77.666278,2017-11-30,conductivity,1571.0,1571,False,µS/cm,empri-2018
708,BUBEKRhrm_kr1-708,Horamavu kere,Outlet,13.025778,77.666278,2017-11-30,tds,928.0,928,False,mg/l,empri-2018
708,BUBEKRhrm_kr1-708,Horamavu kere,Outlet,13.025778,77.666278,2017-11-30,tss,132.0,132,False,mg/l,empri-2018
708,BUBEKRhrm_kr1-708,Horamavu kere,Outlet,13.025778,77.666278,2017-11-30,turbidity,128.9,128.9,False,NTU,empri-2018
708,BUBEKRhrm_kr1-708,Horamavu kere,Outlet,13.025778,77.666278,2017-11-30,dissolvedOxygen,0.2,0.2,False,mg/l,empri-2018
708,BUBEKRhrm_kr1-708,Horamavu kere,Outlet,13.025778,77.666278,2017-11-30,cod,208.0,208,False,mg/l,empri-2018
708,BUBEKRhrm_kr1-708,Horamavu kere,Outlet,13.025778,77.666278,2017-11-30,bod,49.9,49.9,False,mg/l,empri-2018
708,BUBEKRhrm_kr1-708,Horamavu kere,Outlet,13.025778,77.666278,2017-11-30,totalPhosphate,2.4,2.4,False,mg/l,empri-2018
708,BUBEKRhrm_kr1-708,Horamavu kere,Outlet,13.025778,77.666278,2017-11-30,tkn,58.0,58,False,mg/l,empri-2018
708,BUBEKRhrm_kr1-708,Horamavu kere,Outlet,13.025778,77.666278,2017-11-30,totalColiform,1600.0,>1600,False,MPN/100ml,empri-2018
709,BUBEKRhma_kr1-709,Gramadakere,Inlet,13.037306,77.657389,2017-11-30,waterTemperature,23.2,23.2,False,°C,empri-2018
709,BUBEKRhma_kr1-709,Gramadakere,Inlet,13.037306,77.657389,2017-11-30,lightTransparency,,UM,False,cm,empri-2018
709,BUBEKRhma_kr1-709,Gramadakere,Inlet,13.037306,77.657389,2017-11-30,ph,7.0,7.0,False,,empri-2018
709,BUBEKRhma_kr1-709,Gramadakere,Inlet,13.037306,77.657389,2017-11-30,conductivity,1269.0,1269,False,µS/cm,empri-2018
709,BUBEKRhma_kr1-709,Gramadakere,Inlet,13.037306,77.657389,2017-11-30,tds,882.0,882,False,mg/l,empri-2018
709,BUBEKRhma_kr1-709,Gramadakere,Inlet,13.037306,77.657389,2017-11-30,tss,34.0,34,False,mg/l,empri-2018
709,BUBEKRhma_kr1-709,Gramadakere,Inlet,13.037306,77.657389,2017-11-30,turbidity,27.2,27.2,False,NTU,empri-2018
709,BUBEKRhma_kr1-709,Gramadakere,Inlet,13.037306,77.657389,2017-11-30,dissolvedOxygen,0.2,0.2,False,mg/l,empri-2018
709,BUBEKRhma_kr1-709,Gramadakere,Inlet,13.037306,77.657389,2017-11-30,cod,48.0,48,False,mg/l,empri-2018
709,BUBEKRhma_kr1-709,Gramadakere,Inlet,13.037306,77.657389,2017-11-30,bod,11.5,11.5,False,mg/l,empri-2018
709,BUBEKRhma_kr1-709,Gramadakere,Inlet,13.037306,77.657389,2017-11-30,totalPhosphate,0.7,0.7,False,mg/l,empri-2018
709,BUBEKRhma_kr1-709,Gramadakere,Inlet,13.037306,77.657389,2017-11-30,tkn,16.0,16,False,mg/l,empri-2018
709,BUBEKRhma_kr1-709,Gramadakere,Inlet,13.037306,77.657389,2017-11-30,totalColiform,1600.0,>1600,False,MPN/100ml,empri-2018
709,BUBEKRhma_kr1-709,Gramadakere,Inlet,13.037306,77.657389,2017-11-30,sewageInflow,,UM,False,cumecs,empri-2018
709,BUBEKRhma_kr1-709,Gramadakere,Outlet,13.0375,77.660083,2017-11-30,waterTemperature,23.3,23.3,False,°C,empri-2018
709,BUBEKRhma_kr1-709,Gramadakere,Outlet,13.0375,77.660083,2017-11-30,lightTransparency,,UM,False,cm,empri-2018
709,BUBEKRhma_kr1-709,Gramadakere,Outlet,13.0375,77.660083,2017-11-30,ph,7.4,7.4,False,,empri-2018
709,BUBEKRhma_kr1-709,Gramadakere,Outlet,13.0375,77.660083,2017-11-30,conductivity,1259.0,1259,False,µS/cm,empri-2018
709,BUBEKRhma_kr1-709,Gramadakere,Outlet,13.0375,77.660083,2017-11-30,tds,914.0,914,False,mg/l,empri-2018
709,BUBEKRhma_kr1-709,Gramadakere,Outlet,13.0375,77.660083,2017-11-30,tss,142.0,142,False,mg/l,empri-2018
709,BUBEKRhma_kr1-709,Gramadakere,Outlet,13.0375,77.660083,2017-11-30,turbidity,15.6,15.6,False,NTU,empri-2018
709,BUBEKRhma_kr1-709,Gramadakere,Outlet,13.0375,77.660083,2017-11-30,dissolvedOxygen,1.4,1.4,False,mg/l,empri-2018
709,BUBEKRhma_kr1-709,Gramadakere,Outlet,13.0375,77.660083,2017-11-30,cod,16.0,16,False,mg/l,empri-2018
709,BUBEKRhma_kr1-709,Gramadakere,Outlet,13.0375,77.660083,2017-11-30,bod,3.8,3.8,False,mg/l,empri-2018
709,BUBEKRhma_kr1-709,Gramadakere,Outlet,13.0375,77.660083,2017-11-30,totalPhosphate,0.7,0.7,False,mg/l,empri-2018
709,BUBEKRhma_kr1-709,Gramadakere,Outlet,13.0375,77.660083,2017-11-30,tkn,16.0,16,False,mg/l,empri-2018
709,BUBEKRhma_kr1-709,Gramadakere,Outlet,13.0375,77.660083,2017-11-30,totalColiform,1600.0,>1600,False,MPN/100ml,empri-2018
710,BUBEKRkgd_kr1-710,Kaggadasapura kere,Inlet,12.979583,77.670111,2017-11-30,waterTemperature,24.2,24.2,False,°C,empri-2018
710,BUBEKRkgd_kr1-710,Kaggadasapura kere,Inlet,12.979583,77.670111,2017-11-30,lightTransparency,6.0,6,False,cm,empri-2018
710,BUBEKRkgd_kr1-710,Kaggadasapura kere,Inlet,12.979583,77.670111,2017-11-30,ph,7.1,7.1,False,,empri-2018
710,BUBEKRkgd_kr1-710,Kaggadasapura kere,Inlet,12.979583,77.670111,2017-11-30,conductivity,1249.0,1249,False,µS/cm,empri-2018
710,BUBEKRkgd_kr1-710,Kaggadasapura kere,Inlet,12.979583,77.670111,2017-11-30,tds,814.0,814,False,mg/l,empri-2018
710,BUBEKRkgd_kr1-710,Kaggadasapura kere,Inlet,12.979583,77.670111,2017-11-30,tss,176.0,176,False,mg/l,empri-2018
710,BUBEKRkgd_kr1-710,Kaggadasapura kere,Inlet,12.979583,77.670111,2017-11-30,turbidity,20.3,20.3,False,NTU,empri-2018
710,BUBEKRkgd_kr1-710,Kaggadasapura kere,Inlet,12.979583,77.670111,2017-11-30,dissolvedOxygen,0.4,0.4,False,mg/l,empri-2018
710,BUBEKRkgd_kr1-710,Kaggadasapura kere,Inlet,12.979583,77.670111,2017-11-30,cod,128.0,128,False,mg/l,empri-2018
710,BUBEKRkgd_kr1-710,Kaggadasapura kere,Inlet,12.979583,77.670111,2017-11-30,bod,30.7,30.7,False,mg/l,empri-2018
710,BUBEKRkgd_kr1-710,Kaggadasapura kere,Inlet,12.979583,77.670111,2017-11-30,totalPhosphate,2.4,2.4,False,mg/l,empri-2018
710,BUBEKRkgd_kr1-710,Kaggadasapura kere,Inlet,12.979583,77.670111,2017-11-30,tkn,49.0,49,False,mg/l,empri-2018
710,BUBEKRkgd_kr1-710,Kaggadasapura kere,Inlet,12.979583,77.670111,2017-11-30,totalColiform,17.0,17,False,MPN/100ml,empri-2018
710,BUBEKRkgd_kr1-710,Kaggadasapura kere,Inlet,12.979583,77.670111,2017-11-30,sewageInflow,,UM,False,cumecs,empri-2018
710,BUBEKRkgd_kr1-710,Kaggadasapura kere,Outlet,12.981556,77.673472,2017-11-30,waterTemperature,24.3,24.3,False,°C,empri-2018
710,BUBEKRkgd_kr1-710,Kaggadasapura kere,Outlet,12.981556,77.673472,2017-11-30,lightTransparency,22.0,22,False,cm,empri-2018
710,BUBEKRkgd_kr1-710,Kaggadasapura kere,Outlet,12.981556,77.673472,2017-11-30,ph,7.0,7.0,False,,empri-2018
710,BUBEKRkgd_kr1-710,Kaggadasapura kere,Outlet,12.981556,77.673472,2017-11-30,conductivity,1288.0,1288,False,µS/cm,empri-2018
710,BUBEKRkgd_kr1-710,Kaggadasapura kere,Outlet,12.981556,77.673472,2017-11-30,tds,814.0,814,False,mg/l,empri-2018
710,BUBEKRkgd_kr1-710,Kaggadasapura kere,Outlet,12.981556,77.673472,2017-11-30,tss,35.8,35.8,False,mg/l,empri-2018
710,BUBEKRkgd_kr1-710,Kaggadasapura kere,Outlet,12.981556,77.673472,2017-11-30,turbidity,262.5,262.5,False,NTU,empri-2018
710,BUBEKRkgd_kr1-710,Kaggadasapura kere,Outlet,12.981556,77.673472,2017-11-30,dissolvedOxygen,0.2,0.2,False,mg/l,empri-2018
710,BUBEKRkgd_kr1-710,Kaggadasapura kere,Outlet,12.981556,77.673472,2017-11-30,cod,96.0,96,False,mg/l,empri-2018
710,BUBEKRkgd_kr1-710,Kaggadasapura kere,Outlet,12.981556,77.673472,2017-11-30,bod,23.0,23.0,False,mg/l,empri-2018
710,BUBEKRkgd_kr1-710,Kaggadasapura kere,Outlet,12.981556,77.673472,2017-11-30,totalPhosphate,1.5,1.5,False,mg/l,empri-2018
710,BUBEKRkgd_kr1-710,Kaggadasapura kere,Outlet,12.981556,77.673472,2017-11-30,tkn,49.0,49,False,mg/l,empri-2018
710,BUBEKRkgd_kr1-710,Kaggadasapura kere,Outlet,12.981556,77.673472,2017-11-30,totalColiform,1600.0,>1600,False,MPN/100ml,empri-2018
711,BUBEKRklk_kr1-711,Kalkere Kere,,13.049444,77.667472,2017-03-03,waterTemperature,26.4,26.4,False,°C,empri-2018
711,BUBEKRklk_kr1-711,Kalkere Kere,,13.049444,77.667472,2017-03-03,lightTransparency,27.0,27,False,cm,empri-2018
711,BUBEKRklk_kr1-711,Kalkere Kere,,13.049444,77.667472,2017-03-03,ph,8.1,8.1,False,,empri-2018
711,BUBEKRklk_kr1-711,Kalkere Kere,,13.049444,77.667472,2017-03-03,conductivity,1380.0,1380,False,µS/cm,empri-2018
711,BUBEKRklk_kr1-711,Kalkere Kere,,13.049444,77.667472,2017-03-03,tds,880.0,880,False,mg/l,empri-2018
711,BUBEKRklk_kr1-711,Kalkere Kere,,13.049444,77.667472,2017-03-03,tss,28.0,28,False,mg/l,empri-2018
711,BUBEKRklk_kr1-711,Kalkere Kere,,13.049444,77.667472,2017-03-03,turbidity,21.0,21,False,NTU,empri-2018
711,BUBEKRklk_kr1-711,Kalkere Kere,,13.049444,77.667472,2017-03-03,dissolvedOxygen,5.0,5,False,mg/l,empri-2018
711,BUBEKRklk_kr1-711,Kalkere Kere,,13.049444,77.667472,2017-03-03,cod,48.0,48,False,mg/l,empri-2018
711,BUBEKRklk_kr1-711,Kalkere Kere,,13.049444,77.667472,2017-03-03,bod,14.16,14.16,False,mg/l,empri-2018
711,BUBEKRklk_kr1-711,Kalkere Kere,,13.049444,77.667472,2017-03-03,totalPhosphate,,ND,True,mg/l,empri-2018
711,BUBEKRklk_kr1-711,Kalkere Kere,,13.049444,77.667472,2017-03-03,tkn,28.0,28,False,mg/l,empri-2018
711,BUBEKRklk_kr1-711,Kalkere Kere,,13.049444,77.667472,2017-03-03,totalColiform,1600.0,>1600,False,MPN/100ml,empri-2018
716,BUBEKRkwd_kr1-716,Kowdenahalli Kere,Inlet,13.011806,77.684167,2017-11-29,waterTemperature,24.4,24.4,False,°C,empri-2018
716,BUBEKRkwd_kr1-716,Kowdenahalli Kere,Inlet,13.011806,77.684167,2017-11-29,lightTransparency,8.0,8,False,cm,empri-2018
716,BUBEKRkwd_kr1-716,Kowdenahalli Kere,Inlet,13.011806,77.684167,2017-11-29,ph,7.3,7.3,False,,empri-2018
716,BUBEKRkwd_kr1-716,Kowdenahalli Kere,Inlet,13.011806,77.684167,2017-11-29,conductivity,272.0,272,False,µS/cm,empri-2018
716,BUBEKRkwd_kr1-716,Kowdenahalli Kere,Inlet,13.011806,77.684167,2017-11-29,tds,168.0,168,False,mg/l,empri-2018
716,BUBEKRkwd_kr1-716,Kowdenahalli Kere,Inlet,13.011806,77.684167,2017-11-29,tss,74.0,74,False,mg/l,empri-2018
716,BUBEKRkwd_kr1-716,Kowdenahalli Kere,Inlet,13.011806,77.684167,2017-11-29,turbidity,30.2,30.2,False,NTU,empri-2018
716,BUBEKRkwd_kr1-716,Kowdenahalli Kere,Inlet,13.011806,77.684167,2017-11-29,dissolvedOxygen,1.2,1.2,False,mg/l,empri-2018
716,BUBEKRkwd_kr1-716,Kowdenahalli Kere,Inlet,13.011806,77.684167,2017-11-29,cod,176.0,176,False,mg/l,empri-2018
716,BUBEKRkwd_kr1-716,Kowdenahalli Kere,Inlet,13.011806,77.684167,2017-11-29,bod,42.2,42.2,False,mg/l,empri-2018
716,BUBEKRkwd_kr1-716,Kowdenahalli Kere,Inlet,13.011806,77.684167,2017-11-29,totalPhosphate,0.2,0.2,False,mg/l,empri-2018
716,BUBEKRkwd_kr1-716,Kowdenahalli Kere,Inlet,13.011806,77.684167,2017-11-29,tkn,9.0,9,False,mg/l,empri-2018
716,BUBEKRkwd_kr1-716,Kowdenahalli Kere,Inlet,13.011806,77.684167,2017-11-29,totalColiform,34.0,34,False,MPN/100ml,empri-2018
716,BUBEKRkwd_kr1-716,Kowdenahalli Kere,Inlet,13.011806,77.684167,2017-11-29,sewageInflow,,No Flow,False,cumecs,empri-2018
717,BUBEKRkwd_kr2-717,Vijinapura kere2,,13.009167,77.676806,2017-11-29,waterTemperature,23.1,23.1,False,°C,empri-2018
717,BUBEKRkwd_kr2-717,Vijinapura kere2,,13.009167,77.676806,2017-11-29,lightTransparency,22.0,22,False,cm,empri-2018
717,BUBEKRkwd_kr2-717,Vijinapura kere2,,13.009167,77.676806,2017-11-29,ph,7.2,7.2,False,,empri-2018
717,BUBEKRkwd_kr2-717,Vijinapura kere2,,13.009167,77.676806,2017-11-29,conductivity,280.0,280,False,µS/cm,empri-2018
717,BUBEKRkwd_kr2-717,Vijinapura kere2,,13.009167,77.676806,2017-11-29,tds,176.0,176,False,mg/l,empri-2018
717,BUBEKRkwd_kr2-717,Vijinapura kere2,,13.009167,77.676806,2017-11-29,tss,18.0,18,False,mg/l,empri-2018
717,BUBEKRkwd_kr2-717,Vijinapura kere2,,13.009167,77.676806,2017-11-29,turbidity,9.6,9.6,False,NTU,empri-2018
717,BUBEKRkwd_kr2-717,Vijinapura kere2,,13.009167,77.676806,2017-11-29,dissolvedOxygen,1.2,1.2,False,mg/l,empri-2018
717,BUBEKRkwd_kr2-717,Vijinapura kere2,,13.009167,77.676806,2017-11-29,cod,32.0,32,False,mg/l,empri-2018
717,BUBEKRkwd_kr2-717,Vijinapura kere2,,13.009167,77.676806,2017-11-29,bod,7.7,7.7,False,mg/l,empri-2018
717,BUBEKRkwd_kr2-717,Vijinapura kere2,,13.009167,77.676806,2017-11-29,totalPhosphate,0.1,0.1,False,mg/l,empri-2018
717,BUBEKRkwd_kr2-717,Vijinapura kere2,,13.009167,77.676806,2017-11-29,tkn,5.0,5,False,mg/l,empri-2018
717,BUBEKRkwd_kr2-717,Vijinapura kere2,,13.009167,77.676806,2017-11-29,totalColiform,1600.0,>1600,False,MPN/100ml,empri-2018
726,BUBEKRkrp_kr1-726,Vengaiahana kere,Inlet,13.018222,77.696861,2017-11-29,waterTemperature,29.4,29.4,False,°C,empri-2018
726,BUBEKRkrp_kr1-726,Vengaiahana kere,Inlet,13.018222,77.696861,2017-11-29,lightTransparency,,UM,False,cm,empri-2018
726,BUBEKRkrp_kr1-726,Vengaiahana kere,Inlet,13.018222,77.696861,2017-11-29,ph,7.1,7.1,False,,empri-2018
726,BUBEKRkrp_kr1-726,Vengaiahana kere,Inlet,13.018222,77.696861,2017-11-29,conductivity,982.0,982,False,µS/cm,empri-2018
726,BUBEKRkrp_kr1-726,Vengaiahana kere,Inlet,13.018222,77.696861,2017-11-29,tds,880.0,880,False,mg/l,empri-2018
726,BUBEKRkrp_kr1-726,Vengaiahana kere,Inlet,13.018222,77.696861,2017-11-29,tss,20.0,20,False,mg/l,empri-2018
726,BUBEKRkrp_kr1-726,Vengaiahana kere,Inlet,13.018222,77.696861,2017-11-29,turbidity,12.0,12,False,NTU,empri-2018
726,BUBEKRkrp_kr1-726,Vengaiahana kere,Inlet,13.018222,77.696861,2017-11-29,dissolvedOxygen,4.6,4.6,False,mg/l,empri-2018
726,BUBEKRkrp_kr1-726,Vengaiahana kere,Inlet,13.018222,77.696861,2017-11-29,cod,164.0,164,False,mg/l,empri-2018
726,BUBEKRkrp_kr1-726,Vengaiahana kere,Inlet,13.018222,77.696861,2017-11-29,bod,14.0,14,False,mg/l,empri-2018
726,BUBEKRkrp_kr1-726,Vengaiahana kere,Inlet,13.018222,77.696861,2017-11-29,totalPhosphate,2.0,2,False,mg/l,empri-2018
726,BUBEKRkrp_kr1-726,Vengaiahana kere,Inlet,13.018222,77.696861,2017-11-29,tkn,21.0,21,False,mg/l,empri-2018
726,BUBEKRkrp_kr1-726,Vengaiahana kere,Inlet,13.018222,77.696861,2017-11-29,totalColiform,1600.0,>1600,False,MPN/100ml,empri-2018
726,BUBEKRkrp_kr1-726,Vengaiahana kere,Inlet,13.018222,77.696861,2017-11-29,sewageInflow,,UM,False,cumecs,empri-2018
727,BUBEKRkrp_kr2-727,Krishnaraja puram kere-1,,12.999333,77.717889,2017-11-29,waterTemperature,21.8,21.8,False,°C,empri-2018
727,BUBEKRkrp_kr2-727,Krishnaraja puram kere-1,,12.999333,77.717889,2017-11-29,lightTransparency,15.0,15,False,cm,empri-2018
727,BUBEKRkrp_kr2-727,Krishnaraja puram kere-1,,12.999333,77.717889,2017-11-29,ph,6.5,6.5,False,,empri-2018
727,BUBEKRkrp_kr2-727,Krishnaraja puram kere-1,,12.999333,77.717889,2017-11-29,conductivity,445.0,445,False,µS/cm,empri-2018
727,BUBEKRkrp_kr2-727,Krishnaraja puram kere-1,,12.999333,77.717889,2017-11-29,tds,268.0,268,False,mg/l,empri-2018
727,BUBEKRkrp_kr2-727,Krishnaraja puram kere-1,,12.999333,77.717889,2017-11-29,tss,29.0,29,False,mg/l,empri-2018
727,BUBEKRkrp_kr2-727,Krishnaraja puram kere-1,,12.999333,77.717889,2017-11-29,turbidity,7.3,7.3,False,NTU,empri-2018
727,BUBEKRkrp_kr2-727,Krishnaraja puram kere-1,,12.999333,77.717889,2017-11-29,dissolvedOxygen,0.8,0.8,False,mg/l,empri-2018
727,BUBEKRkrp_kr2-727,Krishnaraja puram kere-1,,12.999333,77.717889,2017-11-29,cod,32.0,32,False,mg/l,empri-2018
727,BUBEKRkrp_kr2-727,Krishnaraja puram kere-1,,12.999333,77.717889,2017-11-29,bod,7.7,7.7,False,mg/l,empri-2018
727,BUBEKRkrp_kr2-727,Krishnaraja puram kere-1,,12.999333,77.717889,2017-11-29,totalPhosphate,0.1,0.1,False,mg/l,empri-2018
727,BUBEKRkrp_kr2-727,Krishnaraja puram kere-1,,12.999333,77.717889,2017-11-29,tkn,2.0,2,False,mg/l,empri-2018
727,BUBEKRkrp_kr2-727,Krishnaraja puram kere-1,,12.999333,77.717889,2017-11-29,totalColiform,1600.0,>1600,False,MPN/100ml,empri-2018
732,BUBEKRmvp_kr1-732,Garudacharplaya kere,,12.990444,77.694833,2017-11-29,waterTemperature,26.4,26.4,False,°C,empri-2018
732,BUBEKRmvp_kr1-732,Garudacharplaya kere,,12.990444,77.694833,2017-11-29,lightTransparency,5.0,5,False,cm,empri-2018
732,BUBEKRmvp_kr1-732,Garudacharplaya kere,,12.990444,77.694833,2017-11-29,ph,7.0,7,False,,empri-2018
732,BUBEKRmvp_kr1-732,Garudacharplaya kere,,12.990444,77.694833,2017-11-29,conductivity,1315.0,1315,False,µS/cm,empri-2018
732,BUBEKRmvp_kr1-732,Garudacharplaya kere,,12.990444,77.694833,2017-11-29,tds,188.0,188,False,mg/l,empri-2018
732,BUBEKRmvp_kr1-732,Garudacharplaya kere,,12.990444,77.694833,2017-11-29,tss,24.0,24,False,mg/l,empri-2018
732,BUBEKRmvp_kr1-732,Garudacharplaya kere,,12.990444,77.694833,2017-11-29,turbidity,27.0,27,False,NTU,empri-2018
732,BUBEKRmvp_kr1-732,Garudacharplaya kere,,12.990444,77.694833,2017-11-29,dissolvedOxygen,0.6,0.6,False,mg/l,empri-2018
732,BUBEKRmvp_kr1-732,Garudacharplaya kere,,12.990444,77.694833,2017-11-29,cod,128.0,128,False,mg/l,empri-2018
732,BUBEKRmvp_kr1-732,Garudacharplaya kere,,12.990444,77.694833,2017-11-29,bod,25.23,25.23,False,mg/l,empri-2018
732,BUBEKRmvp_kr1-732,Garudacharplaya kere,,12.990444,77.694833,2017-11-29,totalPhosphate,1.3,1.3,False,mg/l,empri-2018
732,BUBEKRmvp_kr1-732,Garudacharplaya kere,,12.990444,77.694833,2017-11-29,tkn,21.0,21,False,mg/l,empri-2018
732,BUBEKRmvp_kr1-732,Garudacharplaya kere,,12.990444,77.694833,2017-11-29,totalColiform,1600.0,1600,False,MPN/100ml,empri-2018
733,BUBEKRmvp_kr2-733,Garudacharyapalya lake (Goshala),,12.987417,77.697722,2017-11-29,waterTemperature,22.6,22.6,False,°C,empri-2018
733,BUBEKRmvp_kr2-733,Garudacharyapalya lake (Goshala),,12.987417,77.697722,2017-11-29,lightTransparency,,UM,False,cm,empri-2018
733,BUBEKRmvp_kr2-733,Garudacharyapalya lake (Goshala),,12.987417,77.697722,2017-11-29,ph,7.0,7,False,,empri-2018
733,BUBEKRmvp_kr2-733,Garudacharyapalya lake (Goshala),,12.987417,77.697722,2017-11-29,conductivity,1542.0,1542,False,µS/cm,empri-2018
733,BUBEKRmvp_kr2-733,Garudacharyapalya lake (Goshala),,12.987417,77.697722,2017-11-29,tds,1260.0,1260,False,mg/l,empri-2018
733,BUBEKRmvp_kr2-733,Garudacharyapalya lake (Goshala),,12.987417,77.697722,2017-11-29,tss,568.0,568,False,mg/l,empri-2018
733,BUBEKRmvp_kr2-733,Garudacharyapalya lake (Goshala),,12.987417,77.697722,2017-11-29,turbidity,84.5,84.5,False,NTU,empri-2018
733,BUBEKRmvp_kr2-733,Garudacharyapalya lake (Goshala),,12.987417,77.697722,2017-11-29,dissolvedOxygen,0.2,0.2,False,mg/l,empri-2018
733,BUBEKRmvp_kr2-733,Garudacharyapalya lake (Goshala),,12.987417,77.697722,2017-11-29,cod,208.0,208,False,mg/l,empri-2018
733,BUBEKRmvp_kr2-733,Garudacharyapalya lake (Goshala),,12.987417,77.697722,2017-11-29,bod,49.9,49.9,False,mg/l,empri-2018
733,BUBEKRmvp_kr2-733,Garudacharyapalya lake (Goshala),,12.987417,77.697722,2017-11-29,totalPhosphate,2.0,2,False,mg/l,empri-2018
733,BUBEKRmvp_kr2-733,Garudacharyapalya lake (Goshala),,12.987417,77.697722,2017-11-29,tkn,37.0,37,False,mg/l,empri-2018
733,BUBEKRmvp_kr2-733,Garudacharyapalya lake (Goshala),,12.987417,77.697722,2017-11-29,totalColiform,900.0,900,False,MPN/100ml,empri-2018
734,BUBEKRmvp_kr3-734,Mahadevapura kere,,12.986556,77.691611,2017-11-29,waterTemperature,24.7,24.7,False,°C,empri-2018
734,BUBEKRmvp_kr3-734,Mahadevapura kere,,12.986556,77.691611,2017-11-29,lightTransparency,7.0,7,False,cm,empri-2018
734,BUBEKRmvp_kr3-734,Mahadevapura kere,,12.986556,77.691611,2017-11-29,ph,8.1,8.1,False,,empri-2018
734,BUBEKRmvp_kr3-734,Mahadevapura kere,,12.986556,77.691611,2017-11-29,conductivity,1000.0,1000,False,µS/cm,empri-2018
734,BUBEKRmvp_kr3-734,Mahadevapura kere,,12.986556,77.691611,2017-11-29,tds,980.0,980,False,mg/l,empri-2018
734,BUBEKRmvp_kr3-734,Mahadevapura kere,,12.986556,77.691611,2017-11-29,tss,18.0,18,False,mg/l,empri-2018
734,BUBEKRmvp_kr3-734,Mahadevapura kere,,12.986556,77.691611,2017-11-29,turbidity,96.0,96,False,NTU,empri-2018
734,BUBEKRmvp_kr3-734,Mahadevapura kere,,12.986556,77.691611,2017-11-29,dissolvedOxygen,4.4,4.4,False,mg/l,empri-2018
734,BUBEKRmvp_kr3-734,Mahadevapura kere,,12.986556,77.691611,2017-11-29,cod,96.0,96,False,mg/l,empri-2018
734,BUBEKRmvp_kr3-734,Mahadevapura kere,,12.986556,77.691611,2017-11-29,bod,33.63,33.63,False,mg/l,empri-2018
734,BUBEKRmvp_kr3-734,Mahadevapura kere,,12.986556,77.691611,2017-11-29,totalPhosphate,,ND,True,mg/l,empri-2018
734,BUBEKRmvp_kr3-734,Mahadevapura kere,,12.986556,77.691611,2017-11-29,tkn,51.0,51,False,mg/l,empri-2018
734,BUBEKRmvp_kr3-734,Mahadevapura kere,,12.986556,77.691611,2017-11-29,totalColiform,900.0,900,False,MPN/100ml,empri-2018
735,BUBEKRmvp_kr4-735,BandeMahadevapura kere,,12.993139,77.685528,2017-11-29,waterTemperature,21.1,21.1,False,°C,empri-2018
735,BUBEKRmvp_kr4-735,BandeMahadevapura kere,,12.993139,77.685528,2017-11-29,lightTransparency,3.0,3,False,cm,empri-2018
735,BUBEKRmvp_kr4-735,BandeMahadevapura kere,,12.993139,77.685528,2017-11-29,ph,7.5,7.5,False,,empri-2018
735,BUBEKRmvp_kr4-735,BandeMahadevapura kere,,12.993139,77.685528,2017-11-29,conductivity,1603.0,1603,False,µS/cm,empri-2018
735,BUBEKRmvp_kr4-735,BandeMahadevapura kere,,12.993139,77.685528,2017-11-29,tds,1095.0,1095,False,mg/l,empri-2018
735,BUBEKRmvp_kr4-735,BandeMahadevapura kere,,12.993139,77.685528,2017-11-29,tss,278.0,278,False,mg/l,empri-2018
735,BUBEKRmvp_kr4-735,BandeMahadevapura kere,,12.993139,77.685528,2017-11-29,turbidity,74.8,74.8,False,NTU,empri-2018
735,BUBEKRmvp_kr4-735,BandeMahadevapura kere,,12.993139,77.685528,2017-11-29,dissolvedOxygen,0.2,0.2,False,mg/l,empri-2018
735,BUBEKRmvp_kr4-735,BandeMahadevapura kere,,12.993139,77.685528,2017-11-29,cod,208.0,208,False,mg/l,empri-2018
735,BUBEKRmvp_kr4-735,BandeMahadevapura kere,,12.993139,77.685528,2017-11-29,bod,49.9,49.9,False,mg/l,empri-2018
735,BUBEKRmvp_kr4-735,BandeMahadevapura kere,,12.993139,77.685528,2017-11-29,totalPhosphate,1.4,1.4,False,mg/l,empri-2018
735,BUBEKRmvp_kr4-735,BandeMahadevapura kere,,12.993139,77.685528,2017-11-29,tkn,44.0,44,False,mg/l,empri-2018
735,BUBEKRmvp_kr4-735,BandeMahadevapura kere,,12.993139,77.685528,2017-11-29,totalColiform,1600.0,>1600,False,MPN/100ml,empri-2018
736,BUBEKRngn_kr1-736,Nagareshvara Nagenahalli Kere,,13.075278,77.642889,2017-11-30,waterTemperature,2.5,2.5,False,°C,empri-2018
736,BUBEKRngn_kr1-736,Nagareshvara Nagenahalli Kere,,13.075278,77.642889,2017-11-30,lightTransparency,,UM,False,cm,empri-2018
736,BUBEKRngn_kr1-736,Nagareshvara Nagenahalli Kere,,13.075278,77.642889,2017-11-30,ph,7.3,7.3,False,,empri-2018
736,BUBEKRngn_kr1-736,Nagareshvara Nagenahalli Kere,,13.075278,77.642889,2017-11-30,conductivity,1239.0,1239,False,µS/cm,empri-2018
736,BUBEKRngn_kr1-736,Nagareshvara Nagenahalli Kere,,13.075278,77.642889,2017-11-30,tds,748.0,748,False,mg/l,empri-2018
736,BUBEKRngn_kr1-736,Nagareshvara Nagenahalli Kere,,13.075278,77.642889,2017-11-30,tss,54.2,54.2,False,mg/l,empri-2018
736,BUBEKRngn_kr1-736,Nagareshvara Nagenahalli Kere,,13.075278,77.642889,2017-11-30,turbidity,26.4,26.4,False,NTU,empri-2018
736,BUBEKRngn_kr1-736,Nagareshvara Nagenahalli Kere,,13.075278,77.642889,2017-11-30,dissolvedOxygen,0.2,0.2,False,mg/l,empri-2018
736,BUBEKRngn_kr1-736,Nagareshvara Nagenahalli Kere,,13.075278,77.642889,2017-11-30,cod,32.0,32,False,mg/l,empri-2018
736,BUBEKRngn_kr1-736,Nagareshvara Nagenahalli Kere,,13.075278,77.642889,2017-11-30,bod,7.7,7.7,False,mg/l,empri-2018
736,BUBEKRngn_kr1-736,Nagareshvara Nagenahalli Kere,,13.075278,77.642889,2017-11-30,totalPhosphate,2.6,2.6,False,mg/l,empri-2018
736,BUBEKRngn_kr1-736,Nagareshvara Nagenahalli Kere,,13.075278,77.642889,2017-11-30,tkn,23.0,23,False,mg/l,empri-2018
736,BUBEKRngn_kr1-736,Nagareshvara Nagenahalli Kere,,13.075278,77.642889,2017-11-30,totalColiform,1600.0,>1600,False,MPN/100ml,empri-2018
739,BUBEKRnlr_kr1-739,Nallurahalli kere,Inlet,12.972861,77.734833,2017-11-30,waterTemperature,25.7,25.7,False,°C,empri-2018
739,BUBEKRnlr_kr1-739,Nallurahalli kere,Inlet,12.972861,77.734833,2017-11-30,lightTransparency,,UM,False,cm,empri-2018
739,BUBEKRnlr_kr1-739,Nallurahalli kere,Inlet,12.972861,77.734833,2017-11-30,ph,7.5,7.5,False,,empri-2018
739,BUBEKRnlr_kr1-739,Nallurahalli kere,Inlet,12.972861,77.734833,2017-11-30,conductivity,942.0,942,False,µS/cm,empri-2018
739,BUBEKRnlr_kr1-739,Nallurahalli kere,Inlet,12.972861,77.734833,2017-11-30,tds,860.0,860,False,mg/l,empri-2018
739,BUBEKRnlr_kr1-739,Nallurahalli kere,Inlet,12.972861,77.734833,2017-11-30,tss,110.0,110,False,mg/l,empri-2018
739,BUBEKRnlr_kr1-739,Nallurahalli kere,Inlet,12.972861,77.734833,2017-11-30,turbidity,29.0,29,False,NTU,empri-2018
739,BUBEKRnlr_kr1-739,Nallurahalli kere,Inlet,12.972861,77.734833,2017-11-30,dissolvedOxygen,4.6,4.6,False,mg/l,empri-2018
739,BUBEKRnlr_kr1-739,Nallurahalli kere,Inlet,12.972861,77.734833,2017-11-30,cod,18.0,18,False,mg/l,empri-2018
739,BUBEKRnlr_kr1-739,Nallurahalli kere,Inlet,12.972861,77.734833,2017-11-30,bod,9.0,9,False,mg/l,empri-2018
739,BUBEKRnlr_kr1-739,Nallurahalli kere,Inlet,12.972861,77.734833,2017-11-30,totalPhosphate,8.0,8,False,mg/l,empri-2018
739,BUBEKRnlr_kr1-739,Nallurahalli kere,Inlet,12.972861,77.734833,2017-11-30,tkn,25.0,25,False,mg/l,empri-2018
739,BUBEKRnlr_kr1-739,Nallurahalli kere,Inlet,12.972861,77.734833,2017-11-30,totalColiform,1600.0,>1600,False,MPN/100ml,empri-2018
739,BUBEKRnlr_kr1-739,Nallurahalli kere,Inlet,12.972861,77.734833,2017-11-30,sewageInflow,,UM,False,cumecs,empri-2018
753,BUBEKRpta_kr12-753,Pattandur Agrahara kunte11,Inlet,12.980278,77.739083,2017-11-30,waterTemperature,25.7,25.7,False,°C,empri-2018
753,BUBEKRpta_kr12-753,Pattandur Agrahara kunte11,Inlet,12.980278,77.739083,2017-11-30,lightTransparency,14.0,14,False,cm,empri-2018
753,BUBEKRpta_kr12-753,Pattandur Agrahara kunte11,Inlet,12.980278,77.739083,2017-11-30,ph,7.6,7.6,False,,empri-2018
753,BUBEKRpta_kr12-753,Pattandur Agrahara kunte11,Inlet,12.980278,77.739083,2017-11-30,conductivity,878.0,878,False,µS/cm,empri-2018
753,BUBEKRpta_kr12-753,Pattandur Agrahara kunte11,Inlet,12.980278,77.739083,2017-11-30,tds,760.0,760,False,mg/l,empri-2018
753,BUBEKRpta_kr12-753,Pattandur Agrahara kunte11,Inlet,12.980278,77.739083,2017-11-30,tss,18.0,18,False,mg/l,empri-2018
753,BUBEKRpta_kr12-753,Pattandur Agrahara kunte11,Inlet,12.980278,77.739083,2017-11-30,turbidity,70.0,70,False,NTU,empri-2018
753,BUBEKRpta_kr12-753,Pattandur Agrahara kunte11,Inlet,12.980278,77.739083,2017-11-30,dissolvedOxygen,4.6,4.6,False,mg/l,empri-2018
753,BUBEKRpta_kr12-753,Pattandur Agrahara kunte11,Inlet,12.980278,77.739083,2017-11-30,cod,64.0,64,False,mg/l,empri-2018
753,BUBEKRpta_kr12-753,Pattandur Agrahara kunte11,Inlet,12.980278,77.739083,2017-11-30,bod,22.17,22.17,False,mg/l,empri-2018
753,BUBEKRpta_kr12-753,Pattandur Agrahara kunte11,Inlet,12.980278,77.739083,2017-11-30,totalPhosphate,8.0,8,False,mg/l,empri-2018
753,BUBEKRpta_kr12-753,Pattandur Agrahara kunte11,Inlet,12.980278,77.739083,2017-11-30,tkn,14.0,14,False,mg/l,empri-2018
753,BUBEKRpta_kr12-753,Pattandur Agrahara kunte11,Inlet,12.980278,77.739083,2017-11-30,totalColiform,900.0,900,False,MPN/100ml,empri-2018
753,BUBEKRpta_kr12-753,Pattandur Agrahara kunte11,Inlet,12.980278,77.739083,2017-11-30,sewageInflow,,No Flow,False,cumecs,empri-2018
757,BUBEKRrch_kr2-757,Rachenahalli kere,Inlet,13.06325,77.609389,2017-11-30,waterTemperature,22.8,22.8,False,°C,empri-2018
757,BUBEKRrch_kr2-757,Rachenahalli kere,Inlet,13.06325,77.609389,2017-11-30,lightTransparency,7.0,7,False,cm,empri-2018
757,BUBEKRrch_kr2-757,Rachenahalli kere,Inlet,13.06325,77.609389,2017-11-30,ph,8.4,8.4,False,,empri-2018
757,BUBEKRrch_kr2-757,Rachenahalli kere,Inlet,13.06325,77.609389,2017-11-30,conductivity,990.0,990,False,µS/cm,empri-2018
757,BUBEKRrch_kr2-757,Rachenahalli kere,Inlet,13.06325,77.609389,2017-11-30,tds,660.0,660,False,mg/l,empri-2018
757,BUBEKRrch_kr2-757,Rachenahalli kere,Inlet,13.06325,77.609389,2017-11-30,tss,68.0,68,False,mg/l,empri-2018
757,BUBEKRrch_kr2-757,Rachenahalli kere,Inlet,13.06325,77.609389,2017-11-30,turbidity,44.0,44,False,NTU,empri-2018
757,BUBEKRrch_kr2-757,Rachenahalli kere,Inlet,13.06325,77.609389,2017-11-30,dissolvedOxygen,4.6,4.6,False,mg/l,empri-2018
757,BUBEKRrch_kr2-757,Rachenahalli kere,Inlet,13.06325,77.609389,2017-11-30,cod,64.0,64,False,mg/l,empri-2018
757,BUBEKRrch_kr2-757,Rachenahalli kere,Inlet,13.06325,77.609389,2017-11-30,bod,22.0,22,False,mg/l,empri-2018
757,BUBEKRrch_kr2-757,Rachenahalli kere,Inlet,13.06325,77.609389,2017-11-30,totalPhosphate,,ND,True,mg/l,empri-2018
757,BUBEKRrch_kr2-757,Rachenahalli kere,Inlet,13.06325,77.609389,2017-11-30,tkn,42.0,42,False,mg/l,empri-2018
757,BUBEKRrch_kr2-757,Rachenahalli kere,Inlet,13.06325,77.609389,2017-11-30,totalColiform,1600.0,>1600,False,MPN/100ml,empri-2018
757,BUBEKRrch_kr2-757,Rachenahalli kere,Inlet,13.06325,77.609389,2017-11-30,sewageInflow,,No Flow,False,cumecs,empri-2018
758,BUBEKRsdm_kr1-758,Sadaramangala lake,Inlet,12.997444,77.726361,2017-11-30,waterTemperature,23.7,23.7,False,°C,empri-2018
758,BUBEKRsdm_kr1-758,Sadaramangala lake,Inlet,12.997444,77.726361,2017-11-30,lightTransparency,5.0,5,False,cm,empri-2018
758,BUBEKRsdm_kr1-758,Sadaramangala lake,Inlet,12.997444,77.726361,2017-11-30,ph,7.8,7.8,False,,empri-2018
758,BUBEKRsdm_kr1-758,Sadaramangala lake,Inlet,12.997444,77.726361,2017-11-30,conductivity,906.0,906,False,µS/cm,empri-2018
758,BUBEKRsdm_kr1-758,Sadaramangala lake,Inlet,12.997444,77.726361,2017-11-30,tds,620.0,620,False,mg/l,empri-2018
758,BUBEKRsdm_kr1-758,Sadaramangala lake,Inlet,12.997444,77.726361,2017-11-30,tss,62.0,62,False,mg/l,empri-2018
758,BUBEKRsdm_kr1-758,Sadaramangala lake,Inlet,12.997444,77.726361,2017-11-30,turbidity,39.0,39,False,NTU,empri-2018
758,BUBEKRsdm_kr1-758,Sadaramangala lake,Inlet,12.997444,77.726361,2017-11-30,dissolvedOxygen,4.8,4.8,False,mg/l,empri-2018
758,BUBEKRsdm_kr1-758,Sadaramangala lake,Inlet,12.997444,77.726361,2017-11-30,cod,102.0,102,False,mg/l,empri-2018
758,BUBEKRsdm_kr1-758,Sadaramangala lake,Inlet,12.997444,77.726361,2017-11-30,bod,17.6,17.6,False,mg/l,empri-2018
758,BUBEKRsdm_kr1-758,Sadaramangala lake,Inlet,12.997444,77.726361,2017-11-30,totalPhosphate,,ND,True,mg/l,empri-2018
758,BUBEKRsdm_kr1-758,Sadaramangala lake,Inlet,12.997444,77.726361,2017-11-30,tkn,14.0,14,False,mg/l,empri-2018
758,BUBEKRsdm_kr1-758,Sadaramangala lake,Inlet,12.997444,77.726361,2017-11-30,totalColiform,900.0,900,False,MPN/100ml,empri-2018
758,BUBEKRsdm_kr1-758,Sadaramangala lake,Inlet,12.997444,77.726361,2017-11-30,sewageInflow,,UM,False,cumecs,empri-2018
759,BUBEKRseg_kr1-759,Shegehalli kere,,13.016333,77.712056,2017-11-29,waterTemperature,24.4,24.4,False,°C,empri-2018
759,BUBEKRseg_kr1-759,Shegehalli kere,,13.016333,77.712056,2017-11-29,lightTransparency,4.0,4,False,cm,empri-2018
759,BUBEKRseg_kr1-759,Shegehalli kere,,13.016333,77.712056,2017-11-29,ph,7.9,7.9,False,,empri-2018
759,BUBEKRseg_kr1-759,Shegehalli kere,,13.016333,77.712056,2017-11-29,conductivity,1141.0,1141,False,µS/cm,empri-2018
759,BUBEKRseg_kr1-759,Shegehalli kere,,13.016333,77.712056,2017-11-29,tds,813.0,813,False,mg/l,empri-2018
759,BUBEKRseg_kr1-759,Shegehalli kere,,13.016333,77.712056,2017-11-29,tss,84.4,84.4,False,mg/l,empri-2018
759,BUBEKRseg_kr1-759,Shegehalli kere,,13.016333,77.712056,2017-11-29,turbidity,117.5,117.5,False,NTU,empri-2018
759,BUBEKRseg_kr1-759,Shegehalli kere,,13.016333,77.712056,2017-11-29,dissolvedOxygen,3.8,3.8,False,mg/l,empri-2018
759,BUBEKRseg_kr1-759,Shegehalli kere,,13.016333,77.712056,2017-11-29,cod,112.0,112,False,mg/l,empri-2018
759,BUBEKRseg_kr1-759,Shegehalli kere,,13.016333,77.712056,2017-11-29,bod,26.9,26.9,False,mg/l,empri-2018
759,BUBEKRseg_kr1-759,Shegehalli kere,,13.016333,77.712056,2017-11-29,totalPhosphate,1.7,1.7,False,mg/l,empri-2018
759,BUBEKRseg_kr1-759,Shegehalli kere,,13.016333,77.712056,2017-11-29,tkn,23.0,23,False,mg/l,empri-2018
759,BUBEKRseg_kr1-759,Shegehalli kere,,13.016333,77.712056,2017-11-29,totalColiform,900.0,900,False,MPN/100ml,empri-2018
764,BUBEKRsnn_ku4-764,Sonnenahalli kere,,12.981,77.712278,2017-11-29,waterTemperature,28.3,28.3,False,°C,empri-2018
764,BUBEKRsnn_ku4-764,Sonnenahalli kere,,12.981,77.712278,2017-11-29,lightTransparency,6.0,6,False,cm,empri-2018
764,BUBEKRsnn_ku4-764,Sonnenahalli kere,,12.981,77.712278,2017-11-29,ph,8.3,8.3,False,,empri-2018
764,BUBEKRsnn_ku4-764,Sonnenahalli kere,,12.981,77.712278,2017-11-29,conductivity,994.0,994,False,µS/cm,empri-2018
764,BUBEKRsnn_ku4-764,Sonnenahalli kere,,12.981,77.712278,2017-11-29,tds,820.0,820,False,mg/l,empri-2018
764,BUBEKRsnn_ku4-764,Sonnenahalli kere,,12.981,77.712278,2017-11-29,tss,42.0,42,False,mg/l,empri-2018
764,BUBEKRsnn_ku4-764,Sonnenahalli kere,,12.981,77.712278,2017-11-29,turbidity,30.0,30,False,NTU,empri-2018
764,BUBEKRsnn_ku4-764,Sonnenahalli kere,,12.981,77.712278,2017-11-29,dissolvedOxygen,4.1,4.1,False,mg/l,empri-2018
764,BUBEKRsnn_ku4-764,Sonnenahalli kere,,12.981,77.712278,2017-11-29,cod,72.0,72,False,mg/l,empri-2018
764,BUBEKRsnn_ku4-764,Sonnenahalli kere,,12.981,77.712278,2017-11-29,bod,27.0,27,False,mg/l,empri-2018
764,BUBEKRsnn_ku4-764,Sonnenahalli kere,,12.981,77.712278,2017-11-29,totalPhosphate,,ND,True,mg/l,empri-2018
764,BUBEKRsnn_ku4-764,Sonnenahalli kere,,12.981,77.712278,2017-11-29,tkn,21.0,21,False,mg/l,empri-2018
764,BUBEKRsnn_ku4-764,Sonnenahalli kere,,12.981,77.712278,2017-11-29,totalColiform,600.0,600,False,MPN/100ml,empri-2018
776,BUBEKRvbp_kr3-776,Vibhutipura kere,,12.969028,77.678028,2017-11-30,waterTemperature,23.0,23,False,°C,empri-2018
776,BUBEKRvbp_kr3-776,Vibhutipura kere,,12.969028,77.678028,2017-11-30,lightTransparency,9.0,9,False,cm,empri-2018
776,BUBEKRvbp_kr3-776,Vibhutipura kere,,12.969028,77.678028,2017-11-30,ph,6.8,6.8,False,,empri-2018
776,BUBEKRvbp_kr3-776,Vibhutipura kere,,12.969028,77.678028,2017-11-30,conductivity,861.0,861,False,µS/cm,empri-2018
776,BUBEKRvbp_kr3-776,Vibhutipura kere,,12.969028,77.678028,2017-11-30,tds,614.0,614,False,mg/l,empri-2018
776,BUBEKRvbp_kr3-776,Vibhutipura kere,,12.969028,77.678028,2017-11-30,tss,37.0,37,False,mg/l,empri-2018
776,BUBEKRvbp_kr3-776,Vibhutipura kere,,12.969028,77.678028,2017-11-30,turbidity,5.0,5,False,NTU,empri-2018
776,BUBEKRvbp_kr3-776,Vibhutipura kere,,12.969028,77.678028,2017-11-30,dissolvedOxygen,0.2,0.2,False,mg/l,empri-2018
776,BUBEKRvbp_kr3-776,Vibhutipura kere,,12.969028,77.678028,2017-11-30,cod,48.0,48,False,mg/l,empri-2018
776,BUBEKRvbp_kr3-776,Vibhutipura kere,,12.969028,77.678028,2017-11-30,bod,11.5,11.5,False,mg/l,empri-2018
776,BUBEKRvbp_kr3-776,Vibhutipura kere,,12.969028,77.678028,2017-11-30,totalPhosphate,0.8,0.8,False,mg/l,empri-2018
776,BUBEKRvbp_kr3-776,Vibhutipura kere,,12.969028,77.678028,2017-11-30,tkn,16.0,16,False,mg/l,empri-2018
776,BUBEKRvbp_kr3-776,Vibhutipura kere,,12.969028,77.678028,2017-11-30,totalColiform,1600.0,>1600,False,MPN/100ml,empri-2018
788,BUBEKRwhf_kr5-788,Whitefield kere,Inlet,12.965278,77.742278,2017-11-29,waterTemperature,26.8,26.8,False,°C,empri-2018
788,BUBEKRwhf_kr5-788,Whitefield kere,Inlet,12.965278,77.742278,2017-11-29,lightTransparency,9.0,9,False,cm,empri-2018
788,BUBEKRwhf_kr5-788,Whitefield kere,Inlet,12.965278,77.742278,2017-11-29,ph,8.0,8,False,,empri-2018
788,BUBEKRwhf_kr5-788,Whitefield kere,Inlet,12.965278,77.742278,2017-11-29,conductivity,529.0,529,False,µS/cm,empri-2018
788,BUBEKRwhf_kr5-788,Whitefield kere,Inlet,12.965278,77.742278,2017-11-29,tds,426.0,426,False,mg/l,empri-2018
788,BUBEKRwhf_kr5-788,Whitefield kere,Inlet,12.965278,77.742278,2017-11-29,tss,67.0,67,False,mg/l,empri-2018
788,BUBEKRwhf_kr5-788,Whitefield kere,Inlet,12.965278,77.742278,2017-11-29,turbidity,22.0,22,False,NTU,empri-2018
788,BUBEKRwhf_kr5-788,Whitefield kere,Inlet,12.965278,77.742278,2017-11-29,dissolvedOxygen,0.2,0.2,False,mg/l,empri-2018
788,BUBEKRwhf_kr5-788,Whitefield kere,Inlet,12.965278,77.742278,2017-11-29,cod,16.0,16,False,mg/l,empri-2018
788,BUBEKRwhf_kr5-788,Whitefield kere,Inlet,12.965278,77.742278,2017-11-29,bod,3.8,3.8,False,mg/l,empri-2018
788,BUBEKRwhf_kr5-788,Whitefield kere,Inlet,12.965278,77.742278,2017-11-29,totalPhosphate,0.1,0.1,False,mg/l,empri-2018
788,BUBEKRwhf_kr5-788,Whitefield kere,Inlet,12.965278,77.742278,2017-11-29,tkn,2.0,2,False,mg/l,empri-2018
788,BUBEKRwhf_kr5-788,Whitefield kere,Inlet,12.965278,77.742278,2017-11-29,totalColiform,34.0,34,False,MPN/100ml,empri-2018
788,BUBEKRwhf_kr5-788,Whitefield kere,Inlet,12.965278,77.742278,2017-11-29,sewageInflow,,No Flow,False,cumecs,empri-2018
788,BUBEKRwhf_kr5-788,Whitefield kere,Outlet,12.964917,77.745056,2017-11-29,waterTemperature,26.6,26.6,False,°C,empri-2018
788,BUBEKRwhf_kr5-788,Whitefield kere,Outlet,12.964917,77.745056,2017-11-29,lightTransparency,11.0,11,False,cm,empri-2018
788,BUBEKRwhf_kr5-788,Whitefield kere,Outlet,12.964917,77.745056,2017-11-29,ph,8.0,8,False,,empri-2018
788,BUBEKRwhf_kr5-788,Whitefield kere,Outlet,12.964917,77.745056,2017-11-29,conductivity,490.0,490,False,µS/cm,empri-2018
788,BUBEKRwhf_kr5-788,Whitefield kere,Outlet,12.964917,77.745056,2017-11-29,tds,368.0,368,False,mg/l,empri-2018
788,BUBEKRwhf_kr5-788,Whitefield kere,Outlet,12.964917,77.745056,2017-11-29,tss,67.0,67,False,mg/l,empri-2018
788,BUBEKRwhf_kr5-788,Whitefield kere,Outlet,12.964917,77.745056,2017-11-29,turbidity,18.6,18.6,False,NTU,empri-2018
788,BUBEKRwhf_kr5-788,Whitefield kere,Outlet,12.964917,77.745056,2017-11-29,dissolvedOxygen,4.0,4,False,mg/l,empri-2018
788,BUBEKRwhf_kr5-788,Whitefield kere,Outlet,12.964917,77.745056,2017-11-29,cod,16.0,16,False,mg/l,empri-2018
788,BUBEKRwhf_kr5-788,Whitefield kere,Outlet,12.964917,77.745056,2017-11-29,bod,3.8,3.8,False,mg/l,empri-2018
788,BUBEKRwhf_kr5-788,Whitefield kere,Outlet,12.964917,77.745056,2017-11-29,totalPhosphate,0.1,0.1,False,mg/l,empri-2018
788,BUBEKRwhf_kr5-788,Whitefield kere,Outlet,12.964917,77.745056,2017-11-29,tkn,2.0,2,False,mg/l,empri-2018
788,BUBEKRwhf_kr5-788,Whitefield kere,Outlet,12.964917,77.745056,2017-11-29,totalColiform,220.0,220,False,MPN/100ml,empri-2018
800,BUBEBDbtr_kr1-800,Bhattarahalli kere,Inlet,13.02525,77.707722,2017-11-29,waterTemperature,23.1,23.1,False,°C,empri-2018
800,BUBEBDbtr_kr1-800,Bhattarahalli kere,Inlet,13.02525,77.707722,2017-11-29,lightTransparency,,UM,False,cm,empri-2018
800,BUBEBDbtr_kr1-800,Bhattarahalli kere,Inlet,13.02525,77.707722,2017-11-29,ph,8.5,8.5,False,,empri-2018
800,BUBEBDbtr_kr1-800,Bhattarahalli kere,Inlet,13.02525,77.707722,2017-11-29,conductivity,943.0,943,False,µS/cm,empri-2018
800,BUBEBDbtr_kr1-800,Bhattarahalli kere,Inlet,13.02525,77.707722,2017-11-29,tds,800.0,800,False,mg/l,empri-2018
800,BUBEBDbtr_kr1-800,Bhattarahalli kere,Inlet,13.02525,77.707722,2017-11-29,tss,26.0,26,False,mg/l,empri-2018
800,BUBEBDbtr_kr1-800,Bhattarahalli kere,Inlet,13.02525,77.707722,2017-11-29,turbidity,26.0,26,False,NTU,empri-2018
800,BUBEBDbtr_kr1-800,Bhattarahalli kere,Inlet,13.02525,77.707722,2017-11-29,dissolvedOxygen,4.0,4,False,mg/l,empri-2018
800,BUBEBDbtr_kr1-800,Bhattarahalli kere,Inlet,13.02525,77.707722,2017-11-29,cod,24.0,24,False,mg/l,empri-2018
800,BUBEBDbtr_kr1-800,Bhattarahalli kere,Inlet,13.02525,77.707722,2017-11-29,bod,24.28,24.28,False,mg/l,empri-2018
800,BUBEBDbtr_kr1-800,Bhattarahalli kere,Inlet,13.02525,77.707722,2017-11-29,totalPhosphate,2.0,2,False,mg/l,empri-2018
800,BUBEBDbtr_kr1-800,Bhattarahalli kere,Inlet,13.02525,77.707722,2017-11-29,tkn,25.0,25,False,mg/l,empri-2018
800,BUBEBDbtr_kr1-800,Bhattarahalli kere,Inlet,13.02525,77.707722,2017-11-29,totalColiform,1600.0,>1600,False,MPN/100ml,empri-2018
800,BUBEBDbtr_kr1-800,Bhattarahalli kere,Inlet,13.02525,77.707722,2017-11-29,sewageInflow,,No Flow,False,cumecs,empri-2018
804,BUBEBDbda_kr2-804,Bidarenaagrahara kere,,13.032056,77.747167,2017-11-29,waterTemperature,24.8,24.8,False,°C,empri-2018
804,BUBEBDbda_kr2-804,Bidarenaagrahara kere,,13.032056,77.747167,2017-11-29,lightTransparency,12.0,12,False,cm,empri-2018
804,BUBEBDbda_kr2-804,Bidarenaagrahara kere,,13.032056,77.747167,2017-11-29,ph,7.1,7.1,False,,empri-2018
804,BUBEBDbda_kr2-804,Bidarenaagrahara kere,,13.032056,77.747167,2017-11-29,conductivity,400.0,400,False,µS/cm,empri-2018
804,BUBEBDbda_kr2-804,Bidarenaagrahara kere,,13.032056,77.747167,2017-11-29,tds,250.0,250,False,mg/l,empri-2018
804,BUBEBDbda_kr2-804,Bidarenaagrahara kere,,13.032056,77.747167,2017-11-29,tss,15.0,15,False,mg/l,empri-2018
804,BUBEBDbda_kr2-804,Bidarenaagrahara kere,,13.032056,77.747167,2017-11-29,turbidity,16.8,16.8,False,NTU,empri-2018
804,BUBEBDbda_kr2-804,Bidarenaagrahara kere,,13.032056,77.747167,2017-11-29,dissolvedOxygen,1.8,1.8,False,mg/l,empri-2018
804,BUBEBDbda_kr2-804,Bidarenaagrahara kere,,13.032056,77.747167,2017-11-29,cod,32.0,32,False,mg/l,empri-2018
804,BUBEBDbda_kr2-804,Bidarenaagrahara kere,,13.032056,77.747167,2017-11-29,bod,7.7,7.7,False,mg/l,empri-2018
804,BUBEBDbda_kr2-804,Bidarenaagrahara kere,,13.032056,77.747167,2017-11-29,totalPhosphate,0.1,0.1,False,mg/l,empri-2018
804,BUBEBDbda_kr2-804,Bidarenaagrahara kere,,13.032056,77.747167,2017-11-29,tkn,9.0,9,False,mg/l,empri-2018
804,BUBEBDbda_kr2-804,Bidarenaagrahara kere,,13.032056,77.747167,2017-11-29,totalColiform,350.0,350,False,MPN/100ml,empri-2018
817,BUBEBDcms_kr2-817,Chimasandra Kere,,13.043806,77.739667,2017-11-29,waterTemperature,25.6,25.6,False,°C,empri-2018
817,BUBEBDcms_kr2-817,Chimasandra Kere,,13.043806,77.739667,2017-11-29,lightTransparency,12.0,12,False,cm,empri-2018
817,BUBEBDcms_kr2-817,Chimasandra Kere,,13.043806,77.739667,2017-11-29,ph,7.5,7.5,False,,empri-2018
817,BUBEBDcms_kr2-817,Chimasandra Kere,,13.043806,77.739667,2017-11-29,conductivity,360.0,360,False,µS/cm,empri-2018
817,BUBEBDcms_kr2-817,Chimasandra Kere,,13.043806,77.739667,2017-11-29,tds,270.0,270,False,mg/l,empri-2018
817,BUBEBDcms_kr2-817,Chimasandra Kere,,13.043806,77.739667,2017-11-29,tss,9.0,9,False,mg/l,empri-2018
817,BUBEBDcms_kr2-817,Chimasandra Kere,,13.043806,77.739667,2017-11-29,turbidity,9.8,9.8,False,NTU,empri-2018
817,BUBEBDcms_kr2-817,Chimasandra Kere,,13.043806,77.739667,2017-11-29,dissolvedOxygen,4.6,4.6,False,mg/l,empri-2018
817,BUBEBDcms_kr2-817,Chimasandra Kere,,13.043806,77.739667,2017-11-29,cod,16.0,16,False,mg/l,empri-2018
817,BUBEBDcms_kr2-817,Chimasandra Kere,,13.043806,77.739667,2017-11-29,bod,3.8,3.8,False,mg/l,empri-2018
817,BUBEBDcms_kr2-817,Chimasandra Kere,,13.043806,77.739667,2017-11-29,totalPhosphate,0.1,0.1,False,mg/l,empri-2018
817,BUBEBDcms_kr2-817,Chimasandra Kere,,13.043806,77.739667,2017-11-29,tkn,9.0,9,False,mg/l,empri-2018
817,BUBEBDcms_kr2-817,Chimasandra Kere,,13.043806,77.739667,2017-11-29,totalColiform,900.0,900,False,MPN/100ml,empri-2018
818,BUBEBDckb_kr1-818,Chikkabanahalli kere,,13.022306,77.755917,2017-11-29,waterTemperature,23.3,23.3,False,°C,empri-2018
818,BUBEBDckb_kr1-818,Chikkabanahalli kere,,13.022306,77.755917,2017-11-29,lightTransparency,20.0,20,False,cm,empri-2018
818,BUBEBDckb_kr1-818,Chikkabanahalli kere,,13.022306,77.755917,2017-11-29,ph,7.1,7.1,False,,empri-2018
818,BUBEBDckb_kr1-818,Chikkabanahalli kere,,13.022306,77.755917,2017-11-29,conductivity,447.0,447,False,µS/cm,empri-2018
818,BUBEBDckb_kr1-818,Chikkabanahalli kere,,13.022306,77.755917,2017-11-29,tds,259.0,259,False,mg/l,empri-2018
818,BUBEBDckb_kr1-818,Chikkabanahalli kere,,13.022306,77.755917,2017-11-29,tss,12.0,12,False,mg/l,empri-2018
818,BUBEBDckb_kr1-818,Chikkabanahalli kere,,13.022306,77.755917,2017-11-29,turbidity,5.4,5.4,False,NTU,empri-2018
818,BUBEBDckb_kr1-818,Chikkabanahalli kere,,13.022306,77.755917,2017-11-29,dissolvedOxygen,4.2,4.2,False,mg/l,empri-2018
818,BUBEBDckb_kr1-818,Chikkabanahalli kere,,13.022306,77.755917,2017-11-29,cod,16.0,16,False,mg/l,empri-2018
818,BUBEBDckb_kr1-818,Chikkabanahalli kere,,13.022306,77.755917,2017-11-29,bod,3.8,3.8,False,mg/l,empri-2018
818,BUBEBDckb_kr1-818,Chikkabanahalli kere,,13.022306,77.755917,2017-11-29,totalPhosphate,0.3,0.3,False,mg/l,empri-2018
818,BUBEBDckb_kr1-818,Chikkabanahalli kere,,13.022306,77.755917,2017-11-29,tkn,5.0,5,False,mg/l,empri-2018
818,BUBEBDckb_kr1-818,Chikkabanahalli kere,,13.022306,77.755917,2017-11-29,totalColiform,1600.0,>1600,False,MPN/100ml,empri-2018
839,BUBEBDhuv_kr2-839,Rampura Kere,Inlet,13.051167,77.681028,2017-02-27,waterTemperature,29.1,29.1,False,°C,empri-2018
839,BUBEBDhuv_kr2-839,Rampura Kere,Inlet,13.051167,77.681028,2017-02-27,lightTransparency,,UM,False,cm,empri-2018
839,BUBEBDhuv_kr2-839,Rampura Kere,Inlet,13.051167,77.681028,2017-02-27,ph,7.5,7.5,False,,empri-2018
839,BUBEBDhuv_kr2-839,Rampura Kere,Inlet,13.051167,77.681028,2017-02-27,conductivity,1000.0,1000,False,µS/cm,empri-2018
839,BUBEBDhuv_kr2-839,Rampura Kere,Inlet,13.051167,77.681028,2017-02-27,tds,780.0,780,False,mg/l,empri-2018
839,BUBEBDhuv_kr2-839,Rampura Kere,Inlet,13.051167,77.681028,2017-02-27,tss,18.0,18,False,mg/l,empri-2018
839,BUBEBDhuv_kr2-839,Rampura Kere,Inlet,13.051167,77.681028,2017-02-27,turbidity,26.0,26,False,NTU,empri-2018
839,BUBEBDhuv_kr2-839,Rampura Kere,Inlet,13.051167,77.681028,2017-02-27,dissolvedOxygen,4.2,4.2,False,mg/l,empri-2018
839,BUBEBDhuv_kr2-839,Rampura Kere,Inlet,13.051167,77.681028,2017-02-27,cod,28.0,28,False,mg/l,empri-2018
839,BUBEBDhuv_kr2-839,Rampura Kere,Inlet,13.051167,77.681028,2017-02-27,bod,20.95,20.95,False,mg/l,empri-2018
839,BUBEBDhuv_kr2-839,Rampura Kere,Inlet,13.051167,77.681028,2017-02-27,totalPhosphate,2.0,2,False,mg/l,empri-2018
839,BUBEBDhuv_kr2-839,Rampura Kere,Inlet,13.051167,77.681028,2017-02-27,tkn,14.0,14,False,mg/l,empri-2018
839,BUBEBDhuv_kr2-839,Rampura Kere,Inlet,13.051167,77.681028,2017-02-27,totalColiform,1600.0,>1600,False,MPN/100ml,empri-2018
839,BUBEBDhuv_kr2-839,Rampura Kere,Inlet,13.051167,77.681028,2017-02-27,sewageInflow,,UM,False,cumecs,empri-2018
854,BUBEBDkjs_kr7-854,Khajisonnenahalli Kunte7,,13.037056,77.754,2017-11-29,waterTemperature,25.1,25.1,False,°C,empri-2018
854,BUBEBDkjs_kr7-854,Khajisonnenahalli Kunte7,,13.037056,77.754,2017-11-29,lightTransparency,,UM,False,cm,empri-2018
854,BUBEBDkjs_kr7-854,Khajisonnenahalli Kunte7,,13.037056,77.754,2017-11-29,ph,6.9,6.9,False,,empri-2018
854,BUBEBDkjs_kr7-854,Khajisonnenahalli Kunte7,,13.037056,77.754,2017-11-29,conductivity,3700.0,3700,False,µS/cm,empri-2018
854,BUBEBDkjs_kr7-854,Khajisonnenahalli Kunte7,,13.037056,77.754,2017-11-29,tds,1742.0,1742,False,mg/l,empri-2018
854,BUBEBDkjs_kr7-854,Khajisonnenahalli Kunte7,,13.037056,77.754,2017-11-29,tss,701.0,701,False,mg/l,empri-2018
854,BUBEBDkjs_kr7-854,Khajisonnenahalli Kunte7,,13.037056,77.754,2017-11-29,turbidity,250.0,250,False,NTU,empri-2018
854,BUBEBDkjs_kr7-854,Khajisonnenahalli Kunte7,,13.037056,77.754,2017-11-29,dissolvedOxygen,0.2,0.2,False,mg/l,empri-2018
854,BUBEBDkjs_kr7-854,Khajisonnenahalli Kunte7,,13.037056,77.754,2017-11-29,cod,16.0,16,False,mg/l,empri-2018
854,BUBEBDkjs_kr7-854,Khajisonnenahalli Kunte7,,13.037056,77.754,2017-11-29,bod,3.8,3.8,False,mg/l,empri-2018
854,BUBEBDkjs_kr7-854,Khajisonnenahalli Kunte7,,13.037056,77.754,2017-11-29,totalPhosphate,2.0,2,False,mg/l,empri-2018
854,BUBEBDkjs_kr7-854,Khajisonnenahalli Kunte7,,13.037056,77.754,2017-11-29,tkn,65.0,65,False,mg/l,empri-2018
854,BUBEBDkjs_kr7-854,Khajisonnenahalli Kunte7,,13.037056,77.754,2017-11-29,totalColiform,2.0,<2,False,MPN/100ml,empri-2018
858,BUBEBDknm_kr1-858,Kannamangala kere,,13.037056,77.754,2017-11-29,waterTemperature,28.0,28,False,°C,empri-2018
858,BUBEBDknm_kr1-858,Kannamangala kere,,13.037056,77.754,2017-11-29,lightTransparency,25.0,25,False,cm,empri-2018
858,BUBEBDknm_kr1-858,Kannamangala kere,,13.037056,77.754,2017-11-29,ph,8.2,8.2,False,,empri-2018
858,BUBEBDknm_kr1-858,Kannamangala kere,,13.037056,77.754,2017-11-29,conductivity,568.0,568,False,µS/cm,empri-2018
858,BUBEBDknm_kr1-858,Kannamangala kere,,13.037056,77.754,2017-11-29,tds,344.0,344,False,mg/l,empri-2018
858,BUBEBDknm_kr1-858,Kannamangala kere,,13.037056,77.754,2017-11-29,tss,61.8,61.8,False,mg/l,empri-2018
858,BUBEBDknm_kr1-858,Kannamangala kere,,13.037056,77.754,2017-11-29,turbidity,62.8,62.8,False,NTU,empri-2018
858,BUBEBDknm_kr1-858,Kannamangala kere,,13.037056,77.754,2017-11-29,dissolvedOxygen,3.8,3.8,False,mg/l,empri-2018
858,BUBEBDknm_kr1-858,Kannamangala kere,,13.037056,77.754,2017-11-29,cod,176.0,176,False,mg/l,empri-2018
858,BUBEBDknm_kr1-858,Kannamangala kere,,13.037056,77.754,2017-11-29,bod,42.2,42.2,False,mg/l,empri-2018
858,BUBEBDknm_kr1-858,Kannamangala kere,,13.037056,77.754,2017-11-29,totalPhosphate,0.1,0.1,False,mg/l,empri-2018
858,BUBEBDknm_kr1-858,Kannamangala kere,,13.037056,77.754,2017-11-29,tkn,9.0,9,False,mg/l,empri-2018
858,BUBEBDknm_kr1-858,Kannamangala kere,,13.037056,77.754,2017-11-29,totalColiform,1600.0,>1600,False,MPN/100ml,empri-2018
871,BUBEBDknu_kr6-871,Kannuru kere2,Inlet,13.097806,77.652139,2017-11-28,waterTemperature,26.8,26.8,False,°C,empri-2018
871,BUBEBDknu_kr6-871,Kannuru kere2,Inlet,13.097806,77.652139,2017-11-28,lightTransparency,20.0,20,False,cm,empri-2018
871,BUBEBDknu_kr6-871,Kannuru kere2,Inlet,13.097806,77.652139,2017-11-28,ph,7.6,7.6,False,,empri-2018
871,BUBEBDknu_kr6-871,Kannuru kere2,Inlet,13.097806,77.652139,2017-11-28,conductivity,299.0,299,False,µS/cm,empri-2018
871,BUBEBDknu_kr6-871,Kannuru kere2,Inlet,13.097806,77.652139,2017-11-28,tds,216.0,216,False,mg/l,empri-2018
871,BUBEBDknu_kr6-871,Kannuru kere2,Inlet,13.097806,77.652139,2017-11-28,tss,2.0,2,False,mg/l,empri-2018
871,BUBEBDknu_kr6-871,Kannuru kere2,Inlet,13.097806,77.652139,2017-11-28,turbidity,8.8,8.8,False,NTU,empri-2018
871,BUBEBDknu_kr6-871,Kannuru kere2,Inlet,13.097806,77.652139,2017-11-28,dissolvedOxygen,5.0,5,False,mg/l,empri-2018
871,BUBEBDknu_kr6-871,Kannuru kere2,Inlet,13.097806,77.652139,2017-11-28,cod,16.0,16,False,mg/l,empri-2018
871,BUBEBDknu_kr6-871,Kannuru kere2,Inlet,13.097806,77.652139,2017-11-28,bod,3.8,3.8,False,mg/l,empri-2018
871,BUBEBDknu_kr6-871,Kannuru kere2,Inlet,13.097806,77.652139,2017-11-28,totalPhosphate,0.1,0.1,False,mg/l,empri-2018
871,BUBEBDknu_kr6-871,Kannuru kere2,Inlet,13.097806,77.652139,2017-11-28,tkn,9.0,9,False,mg/l,empri-2018
871,BUBEBDknu_kr6-871,Kannuru kere2,Inlet,13.097806,77.652139,2017-11-28,totalColiform,1600.0,1600,False,MPN/100ml,empri-2018
871,BUBEBDknu_kr6-871,Kannuru kere2,Inlet,13.097806,77.652139,2017-11-28,sewageInflow,,No Flow,False,cumecs,empri-2018
871,BUBEBDknu_kr6-871,Kannuru kere2,Outlet,13.100889,77.653778,2017-11-28,waterTemperature,27.6,27.6,False,°C,empri-2018
871,BUBEBDknu_kr6-871,Kannuru kere2,Outlet,13.100889,77.653778,2017-11-28,lightTransparency,23.0,23,False,cm,empri-2018
871,BUBEBDknu_kr6-871,Kannuru kere2,Outlet,13.100889,77.653778,2017-11-28,ph,7.5,7.5,False,,empri-2018
871,BUBEBDknu_kr6-871,Kannuru kere2,Outlet,13.100889,77.653778,2017-11-28,conductivity,316.0,316,False,µS/cm,empri-2018
871,BUBEBDknu_kr6-871,Kannuru kere2,Outlet,13.100889,77.653778,2017-11-28,tds,236.0,236,False,mg/l,empri-2018
871,BUBEBDknu_kr6-871,Kannuru kere2,Outlet,13.100889,77.653778,2017-11-28,tss,15.0,15,False,mg/l,empri-2018
871,BUBEBDknu_kr6-871,Kannuru kere2,Outlet,13.100889,77.653778,2017-11-28,turbidity,73.0,73,False,NTU,empri-2018
871,BUBEBDknu_kr6-871,Kannuru kere2,Outlet,13.100889,77.653778,2017-11-28,dissolvedOxygen,1.8,1.8,False,mg/l,empri-2018
871,BUBEBDknu_kr6-871,Kannuru kere2,Outlet,13.100889,77.653778,2017-11-28,cod,32.0,32,False,mg/l,empri-2018
871,BUBEBDknu_kr6-871,Kannuru kere2,Outlet,13.100889,77.653778,2017-11-28,bod,7.7,7.7,False,mg/l,empri-2018
871,BUBEBDknu_kr6-871,Kannuru kere2,Outlet,13.100889,77.653778,2017-11-28,totalPhosphate,0.3,0.3,False,mg/l,empri-2018
871,BUBEBDknu_kr6-871,Kannuru kere2,Outlet,13.100889,77.653778,2017-11-28,tkn,5.0,5,False,mg/l,empri-2018
871,BUBEBDknu_kr6-871,Kannuru kere2,Outlet,13.100889,77.653778,2017-11-28,totalColiform,1600.0,1600,False,MPN/100ml,empri-2018
873,BUBEBDktm_kr2-873,Katamnalluru Kere,,13.047806,77.7625,2017-11-29,waterTemperature,29.2,29.2,False,°C,empri-2018
873,BUBEBDktm_kr2-873,Katamnalluru Kere,,13.047806,77.7625,2017-11-29,lightTransparency,,UM,False,cm,empri-2018
873,BUBEBDktm_kr2-873,Katamnalluru Kere,,13.047806,77.7625,2017-11-29,ph,7.4,7.4,False,,empri-2018
873,BUBEBDktm_kr2-873,Katamnalluru Kere,,13.047806,77.7625,2017-11-29,conductivity,477.0,477,False,µS/cm,empri-2018
873,BUBEBDktm_kr2-873,Katamnalluru Kere,,13.047806,77.7625,2017-11-29,tds,358.0,358,False,mg/l,empri-2018
873,BUBEBDktm_kr2-873,Katamnalluru Kere,,13.047806,77.7625,2017-11-29,tss,23.0,23,False,mg/l,empri-2018
873,BUBEBDktm_kr2-873,Katamnalluru Kere,,13.047806,77.7625,2017-11-29,turbidity,23.1,23.1,False,NTU,empri-2018
873,BUBEBDktm_kr2-873,Katamnalluru Kere,,13.047806,77.7625,2017-11-29,dissolvedOxygen,2.6,2.6,False,mg/l,empri-2018
873,BUBEBDktm_kr2-873,Katamnalluru Kere,,13.047806,77.7625,2017-11-29,cod,32.0,32,False,mg/l,empri-2018
873,BUBEBDktm_kr2-873,Katamnalluru Kere,,13.047806,77.7625,2017-11-29,bod,7.7,7.7,False,mg/l,empri-2018
873,BUBEBDktm_kr2-873,Katamnalluru Kere,,13.047806,77.7625,2017-11-29,totalPhosphate,0.2,0.2,False,mg/l,empri-2018
873,BUBEBDktm_kr2-873,Katamnalluru Kere,,13.047806,77.7625,2017-11-29,tkn,16.0,16,False,mg/l,empri-2018
873,BUBEBDktm_kr2-873,Katamnalluru Kere,,13.047806,77.7625,2017-11-29,totalColiform,70.0,70,False,MPN/100ml,empri-2018
875,BUBEBDktg_kr1-875,Kithaganuru Kere,,13.035444,77.709778,2017-11-28,waterTemperature,27.3,27.3,False,°C,empri-2018
875,BUBEBDktg_kr1-875,Kithaganuru Kere,,13.035444,77.709778,2017-11-28,lightTransparency,18.0,18,False,cm,empri-2018
875,BUBEBDktg_kr1-875,Kithaganuru Kere,,13.035444,77.709778,2017-11-28,ph,7.6,7.6,False,,empri-2018
875,BUBEBDktg_kr1-875,Kithaganuru Kere,,13.035444,77.709778,2017-11-28,conductivity,427.0,427,False,µS/cm,empri-2018
875,BUBEBDktg_kr1-875,Kithaganuru Kere,,13.035444,77.709778,2017-11-28,tds,300.0,300,False,mg/l,empri-2018
875,BUBEBDktg_kr1-875,Kithaganuru Kere,,13.035444,77.709778,2017-11-28,tss,8.0,8,False,mg/l,empri-2018
875,BUBEBDktg_kr1-875,Kithaganuru Kere,,13.035444,77.709778,2017-11-28,turbidity,10.4,10.4,False,NTU,empri-2018
875,BUBEBDktg_kr1-875,Kithaganuru Kere,,13.035444,77.709778,2017-11-28,dissolvedOxygen,0.2,0.2,False,mg/l,empri-2018
875,BUBEBDktg_kr1-875,Kithaganuru Kere,,13.035444,77.709778,2017-11-28,cod,32.0,32,False,mg/l,empri-2018
875,BUBEBDktg_kr1-875,Kithaganuru Kere,,13.035444,77.709778,2017-11-28,bod,7.7,7.7,False,mg/l,empri-2018
875,BUBEBDktg_kr1-875,Kithaganuru Kere,,13.035444,77.709778,2017-11-28,totalPhosphate,0.1,0.1,False,mg/l,empri-2018
875,BUBEBDktg_kr1-875,Kithaganuru Kere,,13.035444,77.709778,2017-11-28,tkn,9.0,9,False,mg/l,empri-2018
875,BUBEBDktg_kr1-875,Kithaganuru Kere,,13.035444,77.709778,2017-11-28,totalColiform,34.0,34,False,MPN/100ml,empri-2018
887,BUBEBDkdp_kr5-887,Konadasapura kere,,13.046833,77.755806,2017-11-29,waterTemperature,26.7,26.7,False,°C,empri-2018
887,BUBEBDkdp_kr5-887,Konadasapura kere,,13.046833,77.755806,2017-11-29,lightTransparency,8.0,8,False,cm,empri-2018
887,BUBEBDkdp_kr5-887,Konadasapura kere,,13.046833,77.755806,2017-11-29,ph,7.9,7.9,False,,empri-2018
887,BUBEBDkdp_kr5-887,Konadasapura kere,,13.046833,77.755806,2017-11-29,conductivity,622.0,622,False,µS/cm,empri-2018
887,BUBEBDkdp_kr5-887,Konadasapura kere,,13.046833,77.755806,2017-11-29,tds,432.0,432,False,mg/l,empri-2018
887,BUBEBDkdp_kr5-887,Konadasapura kere,,13.046833,77.755806,2017-11-29,tss,22.0,22,False,mg/l,empri-2018
887,BUBEBDkdp_kr5-887,Konadasapura kere,,13.046833,77.755806,2017-11-29,turbidity,24.5,24.5,False,NTU,empri-2018
887,BUBEBDkdp_kr5-887,Konadasapura kere,,13.046833,77.755806,2017-11-29,dissolvedOxygen,4.2,4.2,False,mg/l,empri-2018
887,BUBEBDkdp_kr5-887,Konadasapura kere,,13.046833,77.755806,2017-11-29,cod,32.0,32,False,mg/l,empri-2018
887,BUBEBDkdp_kr5-887,Konadasapura kere,,13.046833,77.755806,2017-11-29,bod,7.7,7.7,False,mg/l,empri-2018
887,BUBEBDkdp_kr5-887,Konadasapura kere,,13.046833,77.755806,2017-11-29,totalPhosphate,0.1,0.1,False,mg/l,empri-2018
887,BUBEBDkdp_kr5-887,Konadasapura kere,,13.046833,77.755806,2017-11-29,tkn,16.0,16,False,mg/l,empri-2018
887,BUBEBDkdp_kr5-887,Konadasapura kere,,13.046833,77.755806,2017-11-29,totalColiform,1600.0,>1600,False,MPN/100ml,empri-2018
907,BUBEBDvrn_kr3-907,Jinke Timmasandra Kere,,13.027444,77.6865,2017-11-28,waterTemperature,24.3,24.3,False,°C,empri-2018
907,BUBEBDvrn_kr3-907,Jinke Timmasandra Kere,,13.027444,77.6865,2017-11-28,lightTransparency,15.0,15,False,cm,empri-2018
907,BUBEBDvrn_kr3-907,Jinke Timmasandra Kere,,13.027444,77.6865,2017-11-28,ph,7.0,7,False,,empri-2018
907,BUBEBDvrn_kr3-907,Jinke Timmasandra Kere,,13.027444,77.6865,2017-11-28,conductivity,1162.0,1162,False,µS/cm,empri-2018
907,BUBEBDvrn_kr3-907,Jinke Timmasandra Kere,,13.027444,77.6865,2017-11-28,tds,1014.0,1014,False,mg/l,empri-2018
907,BUBEBDvrn_kr3-907,Jinke Timmasandra Kere,,13.027444,77.6865,2017-11-28,tss,18.0,18,False,mg/l,empri-2018
907,BUBEBDvrn_kr3-907,Jinke Timmasandra Kere,,13.027444,77.6865,2017-11-28,turbidity,39.0,39,False,NTU,empri-2018
907,BUBEBDvrn_kr3-907,Jinke Timmasandra Kere,,13.027444,77.6865,2017-11-28,dissolvedOxygen,0.2,0.2,False,mg/l,empri-2018
907,BUBEBDvrn_kr3-907,Jinke Timmasandra Kere,,13.027444,77.6865,2017-11-28,cod,32.0,32,False,mg/l,empri-2018
907,BUBEBDvrn_kr3-907,Jinke Timmasandra Kere,,13.027444,77.6865,2017-11-28,bod,7.7,7.7,False,mg/l,empri-2018
907,BUBEBDvrn_kr3-907,Jinke Timmasandra Kere,,13.027444,77.6865,2017-11-28,totalPhosphate,1.5,1.5,False,mg/l,empri-2018
907,BUBEBDvrn_kr3-907,Jinke Timmasandra Kere,,13.027444,77.6865,2017-11-28,tkn,37.0,37,False,mg/l,empri-2018
907,BUBEBDvrn_kr3-907,Jinke Timmasandra Kere,,13.027444,77.6865,2017-11-28,totalColiform,1600.0,>1600,False,MPN/100ml,empri-2018
908,BUBEBDver_kr1-908,Yellamallappashetti Kere,Inlet,13.021778,77.720722,2017-11-28,waterTemperature,28.0,28,False,°C,empri-2018
908,BUBEBDver_kr1-908,Yellamallappashetti Kere,Inlet,13.021778,77.720722,2017-11-28,lightTransparency,7.0,7,False,cm,empri-2018
908,BUBEBDver_kr1-908,Yellamallappashetti Kere,Inlet,13.021778,77.720722,2017-11-28,ph,7.5,7.5,False,,empri-2018
908,BUBEBDver_kr1-908,Yellamallappashetti Kere,Inlet,13.021778,77.720722,2017-11-28,conductivity,836.0,836,False,µS/cm,empri-2018
908,BUBEBDver_kr1-908,Yellamallappashetti Kere,Inlet,13.021778,77.720722,2017-11-28,tds,300.0,300,False,mg/l,empri-2018
908,BUBEBDver_kr1-908,Yellamallappashetti Kere,Inlet,13.021778,77.720722,2017-11-28,tss,16.0,16,False,mg/l,empri-2018
908,BUBEBDver_kr1-908,Yellamallappashetti Kere,Inlet,13.021778,77.720722,2017-11-28,turbidity,20.0,20,False,NTU,empri-2018
908,BUBEBDver_kr1-908,Yellamallappashetti Kere,Inlet,13.021778,77.720722,2017-11-28,dissolvedOxygen,4.1,4.1,False,mg/l,empri-2018
908,BUBEBDver_kr1-908,Yellamallappashetti Kere,Inlet,13.021778,77.720722,2017-11-28,cod,108.0,108,False,mg/l,empri-2018
908,BUBEBDver_kr1-908,Yellamallappashetti Kere,Inlet,13.021778,77.720722,2017-11-28,bod,12.0,12,False,mg/l,empri-2018
908,BUBEBDver_kr1-908,Yellamallappashetti Kere,Inlet,13.021778,77.720722,2017-11-28,totalPhosphate,2.0,2,False,mg/l,empri-2018
908,BUBEBDver_kr1-908,Yellamallappashetti Kere,Inlet,13.021778,77.720722,2017-11-28,tkn,17.0,17,False,mg/l,empri-2018
908,BUBEBDver_kr1-908,Yellamallappashetti Kere,Inlet,13.021778,77.720722,2017-11-28,totalColiform,1600.0,>1600,False,MPN/100ml,empri-2018
908,BUBEBDver_kr1-908,Yellamallappashetti Kere,Inlet,13.021778,77.720722,2017-11-28,sewageInflow,0.156,0.156,False,cumecs,empri-2018
911,BUBEBDyrp_kr1-911,Yarappanahalli Kere1,,13.087389,77.684278,2017-11-28,waterTemperature,25.6,25.6,False,°C,empri-2018
911,BUBEBDyrp_kr1-911,Yarappanahalli Kere1,,13.087389,77.684278,2017-11-28,lightTransparency,13.0,13,False,cm,empri-2018
911,BUBEBDyrp_kr1-911,Yarappanahalli Kere1,,13.087389,77.684278,2017-11-28,ph,7.8,7.8,False,,empri-2018
911,BUBEBDyrp_kr1-911,Yarappanahalli Kere1,,13.087389,77.684278,2017-11-28,conductivity,374.0,374,False,µS/cm,empri-2018
911,BUBEBDyrp_kr1-911,Yarappanahalli Kere1,,13.087389,77.684278,2017-11-28,tds,318.0,318,False,mg/l,empri-2018
911,BUBEBDyrp_kr1-911,Yarappanahalli Kere1,,13.087389,77.684278,2017-11-28,tss,29.0,29,False,mg/l,empri-2018
911,BUBEBDyrp_kr1-911,Yarappanahalli Kere1,,13.087389,77.684278,2017-11-28,turbidity,92.4,92.4,False,NTU,empri-2018
911,BUBEBDyrp_kr1-911,Yarappanahalli Kere1,,13.087389,77.684278,2017-11-28,dissolvedOxygen,3.8,3.8,False,mg/l,empri-2018
911,BUBEBDyrp_kr1-911,Yarappanahalli Kere1,,13.087389,77.684278,2017-11-28,cod,16.0,16,False,mg/l,empri-2018
911,BUBEBDyrp_kr1-911,Yarappanahalli Kere1,,13.087389,77.684278,2017-11-28,bod,3.8,3.8,False,mg/l,empri-2018
911,BUBEBDyrp_kr1-911,Yarappanahalli Kere1,,13.087389,77.684278,2017-11-28,totalPhosphate,0.1,0.1,False,mg/l,empri-2018
911,BUBEBDyrp_kr1-911,Yarappanahalli Kere1,,13.087389,77.684278,2017-11-28,tkn,5.0,5,False,mg/l,empri-2018
911,BUBEBDyrp_kr1-911,Yarappanahalli Kere1,,13.087389,77.684278,2017-11-28,totalColiform,34.0,34,False,MPN/100ml,empri-2018
917,BUAKSPavl_kr5-917,Avalahalli kere,,12.877678,77.708306,2017-12-04,waterTemperature,23.5,23.5,False,°C,empri-2018
917,BUAKSPavl_kr5-917,Avalahalli kere,,12.877678,77.708306,2017-12-04,lightTransparency,4.0,4,False,cm,empri-2018
917,BUAKSPavl_kr5-917,Avalahalli kere,,12.877678,77.708306,2017-12-04,ph,7.6,7.6,False,,empri-2018
917,BUAKSPavl_kr5-917,Avalahalli kere,,12.877678,77.708306,2017-12-04,conductivity,136.0,136,False,µS/cm,empri-2018
917,BUAKSPavl_kr5-917,Avalahalli kere,,12.877678,77.708306,2017-12-04,tds,125.0,125,False,mg/l,empri-2018
917,BUAKSPavl_kr5-917,Avalahalli kere,,12.877678,77.708306,2017-12-04,tss,72.0,72,False,mg/l,empri-2018
917,BUAKSPavl_kr5-917,Avalahalli kere,,12.877678,77.708306,2017-12-04,turbidity,550.0,550,False,NTU,empri-2018
917,BUAKSPavl_kr5-917,Avalahalli kere,,12.877678,77.708306,2017-12-04,dissolvedOxygen,8.0,8,False,mg/l,empri-2018
917,BUAKSPavl_kr5-917,Avalahalli kere,,12.877678,77.708306,2017-12-04,cod,16.0,16,False,mg/l,empri-2018
917,BUAKSPavl_kr5-917,Avalahalli kere,,12.877678,77.708306,2017-12-04,bod,7.3,7.3,False,mg/l,empri-2018
917,BUAKSPavl_kr5-917,Avalahalli kere,,12.877678,77.708306,2017-12-04,totalPhosphate,0.1,0.1,False,mg/l,empri-2018
917,BUAKSPavl_kr5-917,Avalahalli kere,,12.877678,77.708306,2017-12-04,tkn,7.0,7,False,mg/l,empri-2018
917,BUAKSPavl_kr5-917,Avalahalli kere,,12.877678,77.708306,2017-12-04,totalColiform,30.0,30,False,MPN/100ml,empri-2018
917,BUAKSPavl_kr5-917,Avalahalli kere,,12.877678,77.708306,2017-12-04,sewageInflow,,No Flow,False,cumecs,empri-2018
920,BUAKSPckm_kr3-920,Govt. Gulimangala lake,,12.854694,77.696583,2017-12-05,waterTemperature,24.4,24.4,False,°C,empri-2018
920,BUAKSPckm_kr3-920,Govt. Gulimangala lake,,12.854694,77.696583,2017-12-05,lightTransparency,22.0,22,False,cm,empri-2018
920,BUAKSPckm_kr3-920,Govt. Gulimangala lake,,12.854694,77.696583,2017-12-05,ph,7.3,7.3,False,,empri-2018
920,BUAKSPckm_kr3-920,Govt. Gulimangala lake,,12.854694,77.696583,2017-12-05,conductivity,206.0,206,False,µS/cm,empri-2018
920,BUAKSPckm_kr3-920,Govt. Gulimangala lake,,12.854694,77.696583,2017-12-05,tds,128.0,128,False,mg/l,empri-2018
920,BUAKSPckm_kr3-920,Govt. Gulimangala lake,,12.854694,77.696583,2017-12-05,tss,7.0,7,False,mg/l,empri-2018
920,BUAKSPckm_kr3-920,Govt. Gulimangala lake,,12.854694,77.696583,2017-12-05,turbidity,13.7,13.7,False,NTU,empri-2018
920,BUAKSPckm_kr3-920,Govt. Gulimangala lake,,12.854694,77.696583,2017-12-05,dissolvedOxygen,6.2,6.2,False,mg/l,empri-2018
920,BUAKSPckm_kr3-920,Govt. Gulimangala lake,,12.854694,77.696583,2017-12-05,cod,48.0,48,False,mg/l,empri-2018
920,BUAKSPckm_kr3-920,Govt. Gulimangala lake,,12.854694,77.696583,2017-12-05,bod,15.89,15.89,False,mg/l,empri-2018
920,BUAKSPckm_kr3-920,Govt. Gulimangala lake,,12.854694,77.696583,2017-12-05,totalPhosphate,0.1,0.1,False,mg/l,empri-2018
920,BUAKSPckm_kr3-920,Govt. Gulimangala lake,,12.854694,77.696583,2017-12-05,tkn,3.0,3,False,mg/l,empri-2018
920,BUAKSPckm_kr3-920,Govt. Gulimangala lake,,12.854694,77.696583,2017-12-05,totalColiform,110.0,110,False,MPN/100ml,empri-2018
920,BUAKSPckm_kr3-920,Govt. Gulimangala lake,,12.854694,77.696583,2017-12-05,sewageInflow,,No Flow,False,cumecs,empri-2018
921,BUAKSPckm_kr4-921,Chikkanaga mangala Govt. Kere,Inlet,12.853944,77.689167,2017-12-05,waterTemperature,26.9,26.9,False,°C,empri-2018
921,BUAKSPckm_kr4-921,Chikkanaga mangala Govt. Kere,Inlet,12.853944,77.689167,2017-12-05,lightTransparency,,UM,False,cm,empri-2018
921,BUAKSPckm_kr4-921,Chikkanaga mangala Govt. Kere,Inlet,12.853944,77.689167,2017-12-05,ph,7.2,7.2,False,,empri-2018
921,BUAKSPckm_kr4-921,Chikkanaga mangala Govt. Kere,Inlet,12.853944,77.689167,2017-12-05,conductivity,1009.0,1009,False,µS/cm,empri-2018
921,BUAKSPckm_kr4-921,Chikkanaga mangala Govt. Kere,Inlet,12.853944,77.689167,2017-12-05,tds,868.0,868,False,mg/l,empri-2018
921,BUAKSPckm_kr4-921,Chikkanaga mangala Govt. Kere,Inlet,12.853944,77.689167,2017-12-05,tss,14.0,14,False,mg/l,empri-2018
921,BUAKSPckm_kr4-921,Chikkanaga mangala Govt. Kere,Inlet,12.853944,77.689167,2017-12-05,turbidity,11.4,11.4,False,NTU,empri-2018
921,BUAKSPckm_kr4-921,Chikkanaga mangala Govt. Kere,Inlet,12.853944,77.689167,2017-12-05,dissolvedOxygen,0.2,0.2,False,mg/l,empri-2018
921,BUAKSPckm_kr4-921,Chikkanaga mangala Govt. Kere,Inlet,12.853944,77.689167,2017-12-05,cod,80.0,80,False,mg/l,empri-2018
921,BUAKSPckm_kr4-921,Chikkanaga mangala Govt. Kere,Inlet,12.853944,77.689167,2017-12-05,bod,50.09,50.09,False,mg/l,empri-2018
921,BUAKSPckm_kr4-921,Chikkanaga mangala Govt. Kere,Inlet,12.853944,77.689167,2017-12-05,totalPhosphate,1.2,1.2,False,mg/l,empri-2018
921,BUAKSPckm_kr4-921,Chikkanaga mangala Govt. Kere,Inlet,12.853944,77.689167,2017-12-05,tkn,21.0,21,False,mg/l,empri-2018
921,BUAKSPckm_kr4-921,Chikkanaga mangala Govt. Kere,Inlet,12.853944,77.689167,2017-12-05,totalColiform,900.0,900,False,MPN/100ml,empri-2018
921,BUAKSPckm_kr4-921,Chikkanaga mangala Govt. Kere,Inlet,12.853944,77.689167,2017-12-05,sewageInflow,,UM,False,cumecs,empri-2018
921,BUAKSPckm_kr4-921,Chikkanaga mangala Govt. Kere,Outlet,12.855306,77.690667,2017-12-05,waterTemperature,26.3,26.3,False,°C,empri-2018
921,BUAKSPckm_kr4-921,Chikkanaga mangala Govt. Kere,Outlet,12.855306,77.690667,2017-12-05,lightTransparency,,UM,False,cm,empri-2018
921,BUAKSPckm_kr4-921,Chikkanaga mangala Govt. Kere,Outlet,12.855306,77.690667,2017-12-05,ph,6.9,6.9,False,,empri-2018
921,BUAKSPckm_kr4-921,Chikkanaga mangala Govt. Kere,Outlet,12.855306,77.690667,2017-12-05,conductivity,1100.0,1100,False,µS/cm,empri-2018
921,BUAKSPckm_kr4-921,Chikkanaga mangala Govt. Kere,Outlet,12.855306,77.690667,2017-12-05,tds,848.0,848,False,mg/l,empri-2018
921,BUAKSPckm_kr4-921,Chikkanaga mangala Govt. Kere,Outlet,12.855306,77.690667,2017-12-05,tss,36.0,36,False,mg/l,empri-2018
921,BUAKSPckm_kr4-921,Chikkanaga mangala Govt. Kere,Outlet,12.855306,77.690667,2017-12-05,turbidity,5.9,5.9,False,NTU,empri-2018
921,BUAKSPckm_kr4-921,Chikkanaga mangala Govt. Kere,Outlet,12.855306,77.690667,2017-12-05,dissolvedOxygen,4.2,4.2,False,mg/l,empri-2018
921,BUAKSPckm_kr4-921,Chikkanaga mangala Govt. Kere,Outlet,12.855306,77.690667,2017-12-05,cod,64.0,64,False,mg/l,empri-2018
921,BUAKSPckm_kr4-921,Chikkanaga mangala Govt. Kere,Outlet,12.855306,77.690667,2017-12-05,bod,52.02,52.02,False,mg/l,empri-2018
921,BUAKSPckm_kr4-921,Chikkanaga mangala Govt. Kere,Outlet,12.855306,77.690667,2017-12-05,totalPhosphate,0.8,0.8,False,mg/l,empri-2018
921,BUAKSPckm_kr4-921,Chikkanaga mangala Govt. Kere,Outlet,12.855306,77.690667,2017-12-05,tkn,28.0,28,False,mg/l,empri-2018
921,BUAKSPckm_kr4-921,Chikkanaga mangala Govt. Kere,Outlet,12.855306,77.690667,2017-12-05,totalColiform,1600.0,1600,False,MPN/100ml,empri-2018
924,BUAKSPckk_kr1-924,Chikkanekundi Lake land,,12.937611,77.774917,2017-12-04,waterTemperature,24.2,24.2,False,°C,empri-2018
924,BUAKSPckk_kr1-924,Chikkanekundi Lake land,,12.937611,77.774917,2017-12-04,lightTransparency,20.0,20,False,cm,empri-2018
924,BUAKSPckk_kr1-924,Chikkanekundi Lake land,,12.937611,77.774917,2017-12-04,ph,7.2,7.2,False,,empri-2018
924,BUAKSPckk_kr1-924,Chikkanekundi Lake land,,12.937611,77.774917,2017-12-04,conductivity,213.0,213,False,µS/cm,empri-2018
924,BUAKSPckk_kr1-924,Chikkanekundi Lake land,,12.937611,77.774917,2017-12-04,tds,125.8,125.8,False,mg/l,empri-2018
924,BUAKSPckk_kr1-924,Chikkanekundi Lake land,,12.937611,77.774917,2017-12-04,tss,2.6,2.6,False,mg/l,empri-2018
924,BUAKSPckk_kr1-924,Chikkanekundi Lake land,,12.937611,77.774917,2017-12-04,turbidity,119.8,119.8,False,NTU,empri-2018
924,BUAKSPckk_kr1-924,Chikkanekundi Lake land,,12.937611,77.774917,2017-12-04,dissolvedOxygen,3.8,3.8,False,mg/l,empri-2018
924,BUAKSPckk_kr1-924,Chikkanekundi Lake land,,12.937611,77.774917,2017-12-04,cod,32.0,32,False,mg/l,empri-2018
924,BUAKSPckk_kr1-924,Chikkanekundi Lake land,,12.937611,77.774917,2017-12-04,bod,7.39,7.39,False,mg/l,empri-2018
924,BUAKSPckk_kr1-924,Chikkanekundi Lake land,,12.937611,77.774917,2017-12-04,totalPhosphate,0.1,0.1,False,mg/l,empri-2018
924,BUAKSPckk_kr1-924,Chikkanekundi Lake land,,12.937611,77.774917,2017-12-04,tkn,7.0,7,False,mg/l,empri-2018
924,BUAKSPckk_kr1-924,Chikkanekundi Lake land,,12.937611,77.774917,2017-12-04,totalColiform,300.0,300,False,MPN/100ml,empri-2018
924,BUAKSPckk_kr1-924,Chikkanekundi Lake land,,12.937611,77.774917,2017-12-04,sewageInflow,,No Flow,False,cumecs,empri-2018
929,BUAKSPcks_kr1-929,Chokkasandra lake-1,,12.869194,77.726056,2017-12-04,waterTemperature,25.8,25.8,False,°C,empri-2018
929,BUAKSPcks_kr1-929,Chokkasandra lake-1,,12.869194,77.726056,2017-12-04,lightTransparency,12.0,12,False,cm,empri-2018
929,BUAKSPcks_kr1-929,Chokkasandra lake-1,,12.869194,77.726056,2017-12-04,ph,7.5,7.5,False,,empri-2018
929,BUAKSPcks_kr1-929,Chokkasandra lake-1,,12.869194,77.726056,2017-12-04,conductivity,173.0,173,False,µS/cm,empri-2018
929,BUAKSPcks_kr1-929,Chokkasandra lake-1,,12.869194,77.726056,2017-12-04,tds,133.0,133,False,mg/l,empri-2018
929,BUAKSPcks_kr1-929,Chokkasandra lake-1,,12.869194,77.726056,2017-12-04,tss,1.0,1,False,mg/l,empri-2018
929,BUAKSPcks_kr1-929,Chokkasandra lake-1,,12.869194,77.726056,2017-12-04,turbidity,39.5,39.5,False,NTU,empri-2018
929,BUAKSPcks_kr1-929,Chokkasandra lake-1,,12.869194,77.726056,2017-12-04,dissolvedOxygen,7.6,7.6,False,mg/l,empri-2018
929,BUAKSPcks_kr1-929,Chokkasandra lake-1,,12.869194,77.726056,2017-12-04,cod,16.0,16,False,mg/l,empri-2018
929,BUAKSPcks_kr1-929,Chokkasandra lake-1,,12.869194,77.726056,2017-12-04,bod,2.19,2.19,False,mg/l,empri-2018
929,BUAKSPcks_kr1-929,Chokkasandra lake-1,,12.869194,77.726056,2017-12-04,totalPhosphate,0.1,0.1,False,mg/l,empri-2018
929,BUAKSPcks_kr1-929,Chokkasandra lake-1,,12.869194,77.726056,2017-12-04,tkn,7.0,7,False,mg/l,empri-2018
929,BUAKSPcks_kr1-929,Chokkasandra lake-1,,12.869194,77.726056,2017-12-04,totalColiform,110.0,110,False,MPN/100ml,empri-2018
929,BUAKSPcks_kr1-929,Chokkasandra lake-1,,12.869194,77.726056,2017-12-04,sewageInflow,,No Flow,False,cumecs,empri-2018
932,BUAKSPcho_kr3-932,Govt. Vaddakere-2,,12.887,77.679444,2017-12-05,waterTemperature,25.1,25.1,False,°C,empri-2018
932,BUAKSPcho_kr3-932,Govt. Vaddakere-2,,12.887,77.679444,2017-12-05,lightTransparency,5.0,5,False,cm,empri-2018
932,BUAKSPcho_kr3-932,Govt. Vaddakere-2,,12.887,77.679444,2017-12-05,ph,7.8,7.8,False,,empri-2018
932,BUAKSPcho_kr3-932,Govt. Vaddakere-2,,12.887,77.679444,2017-12-05,conductivity,499.0,499,False,µS/cm,empri-2018
932,BUAKSPcho_kr3-932,Govt. Vaddakere-2,,12.887,77.679444,2017-12-05,tds,418.0,418,False,mg/l,empri-2018
932,BUAKSPcho_kr3-932,Govt. Vaddakere-2,,12.887,77.679444,2017-12-05,tss,25.0,25,False,mg/l,empri-2018
932,BUAKSPcho_kr3-932,Govt. Vaddakere-2,,12.887,77.679444,2017-12-05,turbidity,16.5,16.5,False,NTU,empri-2018
932,BUAKSPcho_kr3-932,Govt. Vaddakere-2,,12.887,77.679444,2017-12-05,dissolvedOxygen,9.2,9.2,False,mg/l,empri-2018
932,BUAKSPcho_kr3-932,Govt. Vaddakere-2,,12.887,77.679444,2017-12-05,cod,128.0,128,False,mg/l,empri-2018
932,BUAKSPcho_kr3-932,Govt. Vaddakere-2,,12.887,77.679444,2017-12-05,bod,34.68,34.68,False,mg/l,empri-2018
932,BUAKSPcho_kr3-932,Govt. Vaddakere-2,,12.887,77.679444,2017-12-05,totalPhosphate,0.2,0.2,False,mg/l,empri-2018
932,BUAKSPcho_kr3-932,Govt. Vaddakere-2,,12.887,77.679444,2017-12-05,tkn,7.0,7,False,mg/l,empri-2018
932,BUAKSPcho_kr3-932,Govt. Vaddakere-2,,12.887,77.679444,2017-12-05,totalColiform,23.0,23,False,MPN/100ml,empri-2018
932,BUAKSPcho_kr3-932,Govt. Vaddakere-2,,12.887,77.679444,2017-12-05,sewageInflow,,No Flow,False,cumecs,empri-2018
941,BUAKSPdms_kr7-941,Dommasandra Govt Lake-1,,12.874806,77.749639,2017-12-04,waterTemperature,25.7,25.7,False,°C,empri-2018
941,BUAKSPdms_kr7-941,Dommasandra Govt Lake-1,,12.874806,77.749639,2017-12-04,lightTransparency,14.0,14,False,cm,empri-2018
941,BUAKSPdms_kr7-941,Dommasandra Govt Lake-1,,12.874806,77.749639,2017-12-04,ph,8.2,8.2,False,,empri-2018
941,BUAKSPdms_kr7-941,Dommasandra Govt Lake-1,,12.874806,77.749639,2017-12-04,conductivity,345.0,345,False,µS/cm,empri-2018
941,BUAKSPdms_kr7-941,Dommasandra Govt Lake-1,,12.874806,77.749639,2017-12-04,tds,211.0,211,False,mg/l,empri-2018
941,BUAKSPdms_kr7-941,Dommasandra Govt Lake-1,,12.874806,77.749639,2017-12-04,tss,28.0,28,False,mg/l,empri-2018
941,BUAKSPdms_kr7-941,Dommasandra Govt Lake-1,,12.874806,77.749639,2017-12-04,turbidity,36.2,36.2,False,NTU,empri-2018
941,BUAKSPdms_kr7-941,Dommasandra Govt Lake-1,,12.874806,77.749639,2017-12-04,dissolvedOxygen,4.4,4.4,False,mg/l,empri-2018
941,BUAKSPdms_kr7-941,Dommasandra Govt Lake-1,,12.874806,77.749639,2017-12-04,cod,48.0,48,False,mg/l,empri-2018
941,BUAKSPdms_kr7-941,Dommasandra Govt Lake-1,,12.874806,77.749639,2017-12-04,bod,17.24,17.24,False,mg/l,empri-2018
941,BUAKSPdms_kr7-941,Dommasandra Govt Lake-1,,12.874806,77.749639,2017-12-04,totalPhosphate,0.1,0.1,False,mg/l,empri-2018
941,BUAKSPdms_kr7-941,Dommasandra Govt Lake-1,,12.874806,77.749639,2017-12-04,tkn,35.0,35,False,mg/l,empri-2018
941,BUAKSPdms_kr7-941,Dommasandra Govt Lake-1,,12.874806,77.749639,2017-12-04,totalColiform,1600.0,>1600,False,MPN/100ml,empri-2018
941,BUAKSPdms_kr7-941,Dommasandra Govt Lake-1,,12.874806,77.749639,2017-12-04,sewageInflow,,No Flow,False,cumecs,empri-2018
951,BUAKSPdms_kr17-951,Dommasandra Govt. Lake-2,Inlet,12.876222,77.757806,2017-12-04,waterTemperature,26.2,26.2,False,°C,empri-2018
951,BUAKSPdms_kr17-951,Dommasandra Govt. Lake-2,Inlet,12.876222,77.757806,2017-12-04,lightTransparency,6.0,6,False,cm,empri-2018
951,BUAKSPdms_kr17-951,Dommasandra Govt. Lake-2,Inlet,12.876222,77.757806,2017-12-04,ph,8.1,8.1,False,,empri-2018
951,BUAKSPdms_kr17-951,Dommasandra Govt. Lake-2,Inlet,12.876222,77.757806,2017-12-04,conductivity,1187.0,1187,False,µS/cm,empri-2018
951,BUAKSPdms_kr17-951,Dommasandra Govt. Lake-2,Inlet,12.876222,77.757806,2017-12-04,tds,369.0,369,False,mg/l,empri-2018
951,BUAKSPdms_kr17-951,Dommasandra Govt. Lake-2,Inlet,12.876222,77.757806,2017-12-04,tss,82.0,82,False,mg/l,empri-2018
951,BUAKSPdms_kr17-951,Dommasandra Govt. Lake-2,Inlet,12.876222,77.757806,2017-12-04,turbidity,123.7,123.7,False,NTU,empri-2018
951,BUAKSPdms_kr17-951,Dommasandra Govt. Lake-2,Inlet,12.876222,77.757806,2017-12-04,dissolvedOxygen,4.6,4.6,False,mg/l,empri-2018
951,BUAKSPdms_kr17-951,Dommasandra Govt. Lake-2,Inlet,12.876222,77.757806,2017-12-04,cod,96.0,96,False,mg/l,empri-2018
951,BUAKSPdms_kr17-951,Dommasandra Govt. Lake-2,Inlet,12.876222,77.757806,2017-12-04,bod,8.44,8.44,False,mg/l,empri-2018
951,BUAKSPdms_kr17-951,Dommasandra Govt. Lake-2,Inlet,12.876222,77.757806,2017-12-04,totalPhosphate,0.1,0.1,False,mg/l,empri-2018
951,BUAKSPdms_kr17-951,Dommasandra Govt. Lake-2,Inlet,12.876222,77.757806,2017-12-04,tkn,14.0,14,False,mg/l,empri-2018
951,BUAKSPdms_kr17-951,Dommasandra Govt. Lake-2,Inlet,12.876222,77.757806,2017-12-04,totalColiform,170.0,170,False,MPN/100ml,empri-2018
951,BUAKSPdms_kr17-951,Dommasandra Govt. Lake-2,Inlet,12.876222,77.757806,2017-12-04,sewageInflow,,No Flow,False,cumecs,empri-2018
951,BUAKSPdms_kr17-951,Dommasandra Govt. Lake-2,Outlet,12.87425,77.758194,2017-12-04,waterTemperature,21.9,21.9,False,°C,empri-2018
951,BUAKSPdms_kr17-951,Dommasandra Govt. Lake-2,Outlet,12.87425,77.758194,2017-12-04,lightTransparency,,UM,False,cm,empri-2018
951,BUAKSPdms_kr17-951,Dommasandra Govt. Lake-2,Outlet,12.87425,77.758194,2017-12-04,ph,8.7,8.7,False,,empri-2018
951,BUAKSPdms_kr17-951,Dommasandra Govt. Lake-2,Outlet,12.87425,77.758194,2017-12-04,conductivity,607.0,607,False,µS/cm,empri-2018
951,BUAKSPdms_kr17-951,Dommasandra Govt. Lake-2,Outlet,12.87425,77.758194,2017-12-04,tds,507.0,507,False,mg/l,empri-2018
951,BUAKSPdms_kr17-951,Dommasandra Govt. Lake-2,Outlet,12.87425,77.758194,2017-12-04,tss,41.0,41,False,mg/l,empri-2018
951,BUAKSPdms_kr17-951,Dommasandra Govt. Lake-2,Outlet,12.87425,77.758194,2017-12-04,turbidity,45.3,45.3,False,NTU,empri-2018
951,BUAKSPdms_kr17-951,Dommasandra Govt. Lake-2,Outlet,12.87425,77.758194,2017-12-04,dissolvedOxygen,5.5,5.5,False,mg/l,empri-2018
951,BUAKSPdms_kr17-951,Dommasandra Govt. Lake-2,Outlet,12.87425,77.758194,2017-12-04,cod,16.0,16,False,mg/l,empri-2018
951,BUAKSPdms_kr17-951,Dommasandra Govt. Lake-2,Outlet,12.87425,77.758194,2017-12-04,bod,4.01,4.01,False,mg/l,empri-2018
951,BUAKSPdms_kr17-951,Dommasandra Govt. Lake-2,Outlet,12.87425,77.758194,2017-12-04,totalPhosphate,1.1,1.1,False,mg/l,empri-2018
951,BUAKSPdms_kr17-951,Dommasandra Govt. Lake-2,Outlet,12.87425,77.758194,2017-12-04,tkn,7.0,7,False,mg/l,empri-2018
951,BUAKSPdms_kr17-951,Dommasandra Govt. Lake-2,Outlet,12.87425,77.758194,2017-12-04,totalColiform,900.0,900,False,MPN/100ml,empri-2018
954,BUAKSPgth_kr3-954,Gattihalli Govt. lake,Inlet,12.874611,77.691389,2017-12-05,waterTemperature,23.9,23.9,False,°C,empri-2018
954,BUAKSPgth_kr3-954,Gattihalli Govt. lake,Inlet,12.874611,77.691389,2017-12-05,lightTransparency,25.0,25,False,cm,empri-2018
954,BUAKSPgth_kr3-954,Gattihalli Govt. lake,Inlet,12.874611,77.691389,2017-12-05,ph,6.9,6.9,False,,empri-2018
954,BUAKSPgth_kr3-954,Gattihalli Govt. lake,Inlet,12.874611,77.691389,2017-12-05,conductivity,609.0,609,False,µS/cm,empri-2018
954,BUAKSPgth_kr3-954,Gattihalli Govt. lake,Inlet,12.874611,77.691389,2017-12-05,tds,472.0,472,False,mg/l,empri-2018
954,BUAKSPgth_kr3-954,Gattihalli Govt. lake,Inlet,12.874611,77.691389,2017-12-05,tss,2.4,2.4,False,mg/l,empri-2018
954,BUAKSPgth_kr3-954,Gattihalli Govt. lake,Inlet,12.874611,77.691389,2017-12-05,turbidity,9.2,9.2,False,NTU,empri-2018
954,BUAKSPgth_kr3-954,Gattihalli Govt. lake,Inlet,12.874611,77.691389,2017-12-05,dissolvedOxygen,3.8,3.8,False,mg/l,empri-2018
954,BUAKSPgth_kr3-954,Gattihalli Govt. lake,Inlet,12.874611,77.691389,2017-12-05,cod,32.0,32,False,mg/l,empri-2018
954,BUAKSPgth_kr3-954,Gattihalli Govt. lake,Inlet,12.874611,77.691389,2017-12-05,bod,11.56,11.56,False,mg/l,empri-2018
954,BUAKSPgth_kr3-954,Gattihalli Govt. lake,Inlet,12.874611,77.691389,2017-12-05,totalPhosphate,0.4,0.4,False,mg/l,empri-2018
954,BUAKSPgth_kr3-954,Gattihalli Govt. lake,Inlet,12.874611,77.691389,2017-12-05,tkn,,ND,True,mg/l,empri-2018
954,BUAKSPgth_kr3-954,Gattihalli Govt. lake,Inlet,12.874611,77.691389,2017-12-05,totalColiform,70.0,70,False,MPN/100ml,empri-2018
954,BUAKSPgth_kr3-954,Gattihalli Govt. lake,Inlet,12.874611,77.691389,2017-12-05,sewageInflow,,No Flow,False,cumecs,empri-2018
954,BUAKSPgth_kr3-954,Gattihalli Govt. lake,Outlet,12.873583,77.694972,2017-12-05,waterTemperature,23.5,23.5,False,°C,empri-2018
954,BUAKSPgth_kr3-954,Gattihalli Govt. lake,Outlet,12.873583,77.694972,2017-12-05,lightTransparency,18.0,18,False,cm,empri-2018
954,BUAKSPgth_kr3-954,Gattihalli Govt. lake,Outlet,12.873583,77.694972,2017-12-05,ph,7.2,7.2,False,,empri-2018
954,BUAKSPgth_kr3-954,Gattihalli Govt. lake,Outlet,12.873583,77.694972,2017-12-05,conductivity,539.0,539,False,µS/cm,empri-2018
954,BUAKSPgth_kr3-954,Gattihalli Govt. lake,Outlet,12.873583,77.694972,2017-12-05,tds,444.0,444,False,mg/l,empri-2018
954,BUAKSPgth_kr3-954,Gattihalli Govt. lake,Outlet,12.873583,77.694972,2017-12-05,tss,22.0,22,False,mg/l,empri-2018
954,BUAKSPgth_kr3-954,Gattihalli Govt. lake,Outlet,12.873583,77.694972,2017-12-05,turbidity,12.0,12,False,NTU,empri-2018
954,BUAKSPgth_kr3-954,Gattihalli Govt. lake,Outlet,12.873583,77.694972,2017-12-05,dissolvedOxygen,8.4,8.4,False,mg/l,empri-2018
954,BUAKSPgth_kr3-954,Gattihalli Govt. lake,Outlet,12.873583,77.694972,2017-12-05,cod,80.0,80,False,mg/l,empri-2018
954,BUAKSPgth_kr3-954,Gattihalli Govt. lake,Outlet,12.873583,77.694972,2017-12-05,bod,23.12,23.12,False,mg/l,empri-2018
954,BUAKSPgth_kr3-954,Gattihalli Govt. lake,Outlet,12.873583,77.694972,2017-12-05,totalPhosphate,0.4,0.4,False,mg/l,empri-2018
954,BUAKSPgth_kr3-954,Gattihalli Govt. lake,Outlet,12.873583,77.694972,2017-12-05,tkn,,ND,True,mg/l,empri-2018
954,BUAKSPgth_kr3-954,Gattihalli Govt. lake,Outlet,12.873583,77.694972,2017-12-05,totalColiform,70.0,70,False,MPN/100ml,empri-2018
955,BUAKSPgot_kr1-955,Gottamaranahalli Govt. Lake,,12.848806,77.710278,2017-12-05,waterTemperature,25.8,25.8,False,°C,empri-2018
955,BUAKSPgot_kr1-955,Gottamaranahalli Govt. Lake,,12.848806,77.710278,2017-12-05,lightTransparency,27.0,27,False,cm,empri-2018
955,BUAKSPgot_kr1-955,Gottamaranahalli Govt. Lake,,12.848806,77.710278,2017-12-05,ph,6.8,6.8,False,,empri-2018
955,BUAKSPgot_kr1-955,Gottamaranahalli Govt. Lake,,12.848806,77.710278,2017-12-05,conductivity,66.0,66,False,µS/cm,empri-2018
955,BUAKSPgot_kr1-955,Gottamaranahalli Govt. Lake,,12.848806,77.710278,2017-12-05,tds,42.0,42,False,mg/l,empri-2018
955,BUAKSPgot_kr1-955,Gottamaranahalli Govt. Lake,,12.848806,77.710278,2017-12-05,tss,3.0,3,False,mg/l,empri-2018
955,BUAKSPgot_kr1-955,Gottamaranahalli Govt. Lake,,12.848806,77.710278,2017-12-05,turbidity,13.4,13.4,False,NTU,empri-2018
955,BUAKSPgot_kr1-955,Gottamaranahalli Govt. Lake,,12.848806,77.710278,2017-12-05,dissolvedOxygen,7.2,7.2,False,mg/l,empri-2018
955,BUAKSPgot_kr1-955,Gottamaranahalli Govt. Lake,,12.848806,77.710278,2017-12-05,cod,80.0,80,False,mg/l,empri-2018
955,BUAKSPgot_kr1-955,Gottamaranahalli Govt. Lake,,12.848806,77.710278,2017-12-05,bod,30.83,30.83,False,mg/l,empri-2018
955,BUAKSPgot_kr1-955,Gottamaranahalli Govt. Lake,,12.848806,77.710278,2017-12-05,totalPhosphate,0.3,0.3,False,mg/l,empri-2018
955,BUAKSPgot_kr1-955,Gottamaranahalli Govt. Lake,,12.848806,77.710278,2017-12-05,tkn,,ND,True,mg/l,empri-2018
955,BUAKSPgot_kr1-955,Gottamaranahalli Govt. Lake,,12.848806,77.710278,2017-12-05,totalColiform,900.0,900,False,MPN/100ml,empri-2018
955,BUAKSPgot_kr1-955,Gottamaranahalli Govt. Lake,,12.848806,77.710278,2017-12-05,sewageInflow,,No Flow,False,cumecs,empri-2018
961,BUAKSPhht_kr4-961,Tippasandra lake,Inlet,12.920194,77.762944,2017-12-05,waterTemperature,23.7,23.7,False,°C,empri-2018
961,BUAKSPhht_kr4-961,Tippasandra lake,Inlet,12.920194,77.762944,2017-12-05,lightTransparency,14.0,14,False,cm,empri-2018
961,BUAKSPhht_kr4-961,Tippasandra lake,Inlet,12.920194,77.762944,2017-12-05,ph,6.9,6.9,False,,empri-2018
961,BUAKSPhht_kr4-961,Tippasandra lake,Inlet,12.920194,77.762944,2017-12-05,conductivity,150.0,150,False,µS/cm,empri-2018
961,BUAKSPhht_kr4-961,Tippasandra lake,Inlet,12.920194,77.762944,2017-12-05,tds,118.0,118,False,mg/l,empri-2018
961,BUAKSPhht_kr4-961,Tippasandra lake,Inlet,12.920194,77.762944,2017-12-05,tss,12.0,12,False,mg/l,empri-2018
961,BUAKSPhht_kr4-961,Tippasandra lake,Inlet,12.920194,77.762944,2017-12-05,turbidity,18.1,18.1,False,NTU,empri-2018
961,BUAKSPhht_kr4-961,Tippasandra lake,Inlet,12.920194,77.762944,2017-12-05,dissolvedOxygen,4.6,4.6,False,mg/l,empri-2018
961,BUAKSPhht_kr4-961,Tippasandra lake,Inlet,12.920194,77.762944,2017-12-05,cod,16.0,16,False,mg/l,empri-2018
961,BUAKSPhht_kr4-961,Tippasandra lake,Inlet,12.920194,77.762944,2017-12-05,bod,6.57,6.57,False,mg/l,empri-2018
961,BUAKSPhht_kr4-961,Tippasandra lake,Inlet,12.920194,77.762944,2017-12-05,totalPhosphate,0.1,0.1,False,mg/l,empri-2018
961,BUAKSPhht_kr4-961,Tippasandra lake,Inlet,12.920194,77.762944,2017-12-05,tkn,,ND,True,mg/l,empri-2018
961,BUAKSPhht_kr4-961,Tippasandra lake,Inlet,12.920194,77.762944,2017-12-05,totalColiform,110.0,110,False,MPN/100ml,empri-2018
961,BUAKSPhht_kr4-961,Tippasandra lake,Inlet,12.920194,77.762944,2017-12-05,sewageInflow,,No Flow,False,cumecs,empri-2018
961,BUAKSPhht_kr4-961,Tippasandra lake,Outlet,12.920389,77.765528,2017-12-05,waterTemperature,23.4,23.4,False,°C,empri-2018
961,BUAKSPhht_kr4-961,Tippasandra lake,Outlet,12.920389,77.765528,2017-12-05,lightTransparency,15.0,15,False,cm,empri-2018
961,BUAKSPhht_kr4-961,Tippasandra lake,Outlet,12.920389,77.765528,2017-12-05,ph,7.3,7.3,False,,empri-2018
961,BUAKSPhht_kr4-961,Tippasandra lake,Outlet,12.920389,77.765528,2017-12-05,conductivity,125.0,125,False,µS/cm,empri-2018
961,BUAKSPhht_kr4-961,Tippasandra lake,Outlet,12.920389,77.765528,2017-12-05,tds,82.0,82,False,mg/l,empri-2018
961,BUAKSPhht_kr4-961,Tippasandra lake,Outlet,12.920389,77.765528,2017-12-05,tss,18.0,18,False,mg/l,empri-2018
961,BUAKSPhht_kr4-961,Tippasandra lake,Outlet,12.920389,77.765528,2017-12-05,turbidity,21.8,21.8,False,NTU,empri-2018
961,BUAKSPhht_kr4-961,Tippasandra lake,Outlet,12.920389,77.765528,2017-12-05,dissolvedOxygen,5.2,5.2,False,mg/l,empri-2018
961,BUAKSPhht_kr4-961,Tippasandra lake,Outlet,12.920389,77.765528,2017-12-05,cod,32.0,32,False,mg/l,empri-2018
961,BUAKSPhht_kr4-961,Tippasandra lake,Outlet,12.920389,77.765528,2017-12-05,bod,12.32,12.32,False,mg/l,empri-2018
961,BUAKSPhht_kr4-961,Tippasandra lake,Outlet,12.920389,77.765528,2017-12-05,totalPhosphate,0.1,0.1,False,mg/l,empri-2018
961,BUAKSPhht_kr4-961,Tippasandra lake,Outlet,12.920389,77.765528,2017-12-05,tkn,,ND,True,mg/l,empri-2018
961,BUAKSPhht_kr4-961,Tippasandra lake,Outlet,12.920389,77.765528,2017-12-05,totalColiform,130.0,130,False,MPN/100ml,empri-2018
964,BUAKSPhrh_kr1-964,Harohalli Govt lake,,12.866417,77.717694,2017-12-05,waterTemperature,23.5,23.5,False,°C,empri-2018
964,BUAKSPhrh_kr1-964,Harohalli Govt lake,,12.866417,77.717694,2017-12-05,lightTransparency,12.0,12,False,cm,empri-2018
964,BUAKSPhrh_kr1-964,Harohalli Govt lake,,12.866417,77.717694,2017-12-05,ph,6.8,6.8,False,,empri-2018
964,BUAKSPhrh_kr1-964,Harohalli Govt lake,,12.866417,77.717694,2017-12-05,conductivity,232.0,232,False,µS/cm,empri-2018
964,BUAKSPhrh_kr1-964,Harohalli Govt lake,,12.866417,77.717694,2017-12-05,tds,164.0,164,False,mg/l,empri-2018
964,BUAKSPhrh_kr1-964,Harohalli Govt lake,,12.866417,77.717694,2017-12-05,tss,11.0,11,False,mg/l,empri-2018
964,BUAKSPhrh_kr1-964,Harohalli Govt lake,,12.866417,77.717694,2017-12-05,turbidity,4.8,4.8,False,NTU,empri-2018
964,BUAKSPhrh_kr1-964,Harohalli Govt lake,,12.866417,77.717694,2017-12-05,dissolvedOxygen,1.2,1.2,False,mg/l,empri-2018
964,BUAKSPhrh_kr1-964,Harohalli Govt lake,,12.866417,77.717694,2017-12-05,cod,32.0,32,False,mg/l,empri-2018
964,BUAKSPhrh_kr1-964,Harohalli Govt lake,,12.866417,77.717694,2017-12-05,bod,23.12,23.12,False,mg/l,empri-2018
964,BUAKSPhrh_kr1-964,Harohalli Govt lake,,12.866417,77.717694,2017-12-05,totalPhosphate,0.1,0.1,False,mg/l,empri-2018
964,BUAKSPhrh_kr1-964,Harohalli Govt lake,,12.866417,77.717694,2017-12-05,tkn,7.0,7,False,mg/l,empri-2018
964,BUAKSPhrh_kr1-964,Harohalli Govt lake,,12.866417,77.717694,2017-12-05,totalColiform,70.0,70,False,MPN/100ml,empri-2018
964,BUAKSPhrh_kr1-964,Harohalli Govt lake,,12.866417,77.717694,2017-12-05,sewageInflow,,No Flow,False,cumecs,empri-2018
967,BUAKSPhgd_kr3-967,Heggondahalli Govt. lake,,12.899667,77.74625,2017-12-05,waterTemperature,22.7,22.7,False,°C,empri-2018
967,BUAKSPhgd_kr3-967,Heggondahalli Govt. lake,,12.899667,77.74625,2017-12-05,lightTransparency,19.0,19,False,cm,empri-2018
967,BUAKSPhgd_kr3-967,Heggondahalli Govt. lake,,12.899667,77.74625,2017-12-05,ph,7.2,7.2,False,,empri-2018
967,BUAKSPhgd_kr3-967,Heggondahalli Govt. lake,,12.899667,77.74625,2017-12-05,conductivity,152.0,152,False,µS/cm,empri-2018
967,BUAKSPhgd_kr3-967,Heggondahalli Govt. lake,,12.899667,77.74625,2017-12-05,tds,132.0,132,False,mg/l,empri-2018
967,BUAKSPhgd_kr3-967,Heggondahalli Govt. lake,,12.899667,77.74625,2017-12-05,tss,5.0,5,False,mg/l,empri-2018
967,BUAKSPhgd_kr3-967,Heggondahalli Govt. lake,,12.899667,77.74625,2017-12-05,turbidity,15.7,15.7,False,NTU,empri-2018
967,BUAKSPhgd_kr3-967,Heggondahalli Govt. lake,,12.899667,77.74625,2017-12-05,dissolvedOxygen,4.2,4.2,False,mg/l,empri-2018
967,BUAKSPhgd_kr3-967,Heggondahalli Govt. lake,,12.899667,77.74625,2017-12-05,cod,32.0,32,False,mg/l,empri-2018
967,BUAKSPhgd_kr3-967,Heggondahalli Govt. lake,,12.899667,77.74625,2017-12-05,bod,9.85,9.85,False,mg/l,empri-2018
967,BUAKSPhgd_kr3-967,Heggondahalli Govt. lake,,12.899667,77.74625,2017-12-05,totalPhosphate,0.4,0.4,False,mg/l,empri-2018
967,BUAKSPhgd_kr3-967,Heggondahalli Govt. lake,,12.899667,77.74625,2017-12-05,tkn,,ND,True,mg/l,empri-2018
967,BUAKSPhgd_kr3-967,Heggondahalli Govt. lake,,12.899667,77.74625,2017-12-05,totalColiform,1600.0,1600,False,MPN/100ml,empri-2018
967,BUAKSPhgd_kr3-967,Heggondahalli Govt. lake,,12.899667,77.74625,2017-12-05,sewageInflow,,No Flow,False,cumecs,empri-2018
974,BUAKSPhsh_kr5-974,Hosahalli Govt. lake,,12.844778,77.766806,2017-12-04,waterTemperature,26.4,26.4,False,°C,empri-2018
974,BUAKSPhsh_kr5-974,Hosahalli Govt. lake,,12.844778,77.766806,2017-12-04,lightTransparency,18.0,18,False,cm,empri-2018
974,BUAKSPhsh_kr5-974,Hosahalli Govt. lake,,12.844778,77.766806,2017-12-04,ph,7.3,7.3,False,,empri-2018
974,BUAKSPhsh_kr5-974,Hosahalli Govt. lake,,12.844778,77.766806,2017-12-04,conductivity,141.0,141,False,µS/cm,empri-2018
974,BUAKSPhsh_kr5-974,Hosahalli Govt. lake,,12.844778,77.766806,2017-12-04,tds,62.0,62,False,mg/l,empri-2018
974,BUAKSPhsh_kr5-974,Hosahalli Govt. lake,,12.844778,77.766806,2017-12-04,tss,6.0,6,False,mg/l,empri-2018
974,BUAKSPhsh_kr5-974,Hosahalli Govt. lake,,12.844778,77.766806,2017-12-04,turbidity,22.9,22.9,False,NTU,empri-2018
974,BUAKSPhsh_kr5-974,Hosahalli Govt. lake,,12.844778,77.766806,2017-12-04,dissolvedOxygen,2.8,2.8,False,mg/l,empri-2018
974,BUAKSPhsh_kr5-974,Hosahalli Govt. lake,,12.844778,77.766806,2017-12-04,cod,32.0,32,False,mg/l,empri-2018
974,BUAKSPhsh_kr5-974,Hosahalli Govt. lake,,12.844778,77.766806,2017-12-04,bod,4.11,4.11,False,mg/l,empri-2018
974,BUAKSPhsh_kr5-974,Hosahalli Govt. lake,,12.844778,77.766806,2017-12-04,totalPhosphate,0.4,0.4,False,mg/l,empri-2018
974,BUAKSPhsh_kr5-974,Hosahalli Govt. lake,,12.844778,77.766806,2017-12-04,tkn,,ND,True,mg/l,empri-2018
974,BUAKSPhsh_kr5-974,Hosahalli Govt. lake,,12.844778,77.766806,2017-12-04,totalColiform,350.0,350,False,MPN/100ml,empri-2018
974,BUAKSPhsh_kr5-974,Hosahalli Govt. lake,,12.844778,77.766806,2017-12-04,sewageInflow,,No Flow,False,cumecs,empri-2018
977,BUAKSPhku_kr1-977,Huskur Govt. Lake,Inlet,12.866444,77.709667,2017-12-05,waterTemperature,23.6,23.6,False,°C,empri-2018
977,BUAKSPhku_kr1-977,Huskur Govt. Lake,Inlet,12.866444,77.709667,2017-12-05,lightTransparency,17.0,17,False,cm,empri-2018
977,BUAKSPhku_kr1-977,Huskur Govt. Lake,Inlet,12.866444,77.709667,2017-12-05,ph,6.7,6.7,False,,empri-2018
977,BUAKSPhku_kr1-977,Huskur Govt. Lake,Inlet,12.866444,77.709667,2017-12-05,conductivity,216.0,216,False,µS/cm,empri-2018
977,BUAKSPhku_kr1-977,Huskur Govt. Lake,Inlet,12.866444,77.709667,2017-12-05,tds,148.0,148,False,mg/l,empri-2018
977,BUAKSPhku_kr1-977,Huskur Govt. Lake,Inlet,12.866444,77.709667,2017-12-05,tss,8.2,8.2,False,mg/l,empri-2018
977,BUAKSPhku_kr1-977,Huskur Govt. Lake,Inlet,12.866444,77.709667,2017-12-05,turbidity,15.0,15,False,NTU,empri-2018
977,BUAKSPhku_kr1-977,Huskur Govt. Lake,Inlet,12.866444,77.709667,2017-12-05,dissolvedOxygen,3.0,3,False,mg/l,empri-2018
977,BUAKSPhku_kr1-977,Huskur Govt. Lake,Inlet,12.866444,77.709667,2017-12-05,cod,64.0,64,False,mg/l,empri-2018
977,BUAKSPhku_kr1-977,Huskur Govt. Lake,Inlet,12.866444,77.709667,2017-12-05,bod,27.45,27.45,False,mg/l,empri-2018
977,BUAKSPhku_kr1-977,Huskur Govt. Lake,Inlet,12.866444,77.709667,2017-12-05,totalPhosphate,0.1,0.1,False,mg/l,empri-2018
977,BUAKSPhku_kr1-977,Huskur Govt. Lake,Inlet,12.866444,77.709667,2017-12-05,tkn,7.0,7,False,mg/l,empri-2018
977,BUAKSPhku_kr1-977,Huskur Govt. Lake,Inlet,12.866444,77.709667,2017-12-05,totalColiform,1600.0,>1600,False,MPN/100ml,empri-2018
977,BUAKSPhku_kr1-977,Huskur Govt. Lake,Inlet,12.866444,77.709667,2017-12-05,sewageInflow,,No Flow,False,cumecs,empri-2018
977,BUAKSPhku_kr1-977,Huskur Govt. Lake,Outlet,12.860389,77.717111,2017-12-05,waterTemperature,26.6,26.6,False,°C,empri-2018
977,BUAKSPhku_kr1-977,Huskur Govt. Lake,Outlet,12.860389,77.717111,2017-12-05,lightTransparency,22.0,22,False,cm,empri-2018
977,BUAKSPhku_kr1-977,Huskur Govt. Lake,Outlet,12.860389,77.717111,2017-12-05,ph,7.7,7.7,False,,empri-2018
977,BUAKSPhku_kr1-977,Huskur Govt. Lake,Outlet,12.860389,77.717111,2017-12-05,conductivity,456.0,456,False,µS/cm,empri-2018
977,BUAKSPhku_kr1-977,Huskur Govt. Lake,Outlet,12.860389,77.717111,2017-12-05,tds,382.0,382,False,mg/l,empri-2018
977,BUAKSPhku_kr1-977,Huskur Govt. Lake,Outlet,12.860389,77.717111,2017-12-05,tss,3.0,3,False,mg/l,empri-2018
977,BUAKSPhku_kr1-977,Huskur Govt. Lake,Outlet,12.860389,77.717111,2017-12-05,turbidity,6.8,6.8,False,NTU,empri-2018
977,BUAKSPhku_kr1-977,Huskur Govt. Lake,Outlet,12.860389,77.717111,2017-12-05,dissolvedOxygen,6.8,6.8,False,mg/l,empri-2018
977,BUAKSPhku_kr1-977,Huskur Govt. Lake,Outlet,12.860389,77.717111,2017-12-05,cod,64.0,64,False,mg/l,empri-2018
977,BUAKSPhku_kr1-977,Huskur Govt. Lake,Outlet,12.860389,77.717111,2017-12-05,bod,15.41,15.41,False,mg/l,empri-2018
977,BUAKSPhku_kr1-977,Huskur Govt. Lake,Outlet,12.860389,77.717111,2017-12-05,totalPhosphate,0.1,0.1,False,mg/l,empri-2018
977,BUAKSPhku_kr1-977,Huskur Govt. Lake,Outlet,12.860389,77.717111,2017-12-05,tkn,3.0,3,False,mg/l,empri-2018
977,BUAKSPhku_kr1-977,Huskur Govt. Lake,Outlet,12.860389,77.717111,2017-12-05,totalColiform,30.0,30,False,MPN/100ml,empri-2018
983,BUAKSPkag_kr2-983,Kada Agrahara Kere,,12.860556,77.762694,2017-12-04,waterTemperature,25.1,25.1,False,°C,empri-2018
983,BUAKSPkag_kr2-983,Kada Agrahara Kere,,12.860556,77.762694,2017-12-04,lightTransparency,8.0,8,False,cm,empri-2018
983,BUAKSPkag_kr2-983,Kada Agrahara Kere,,12.860556,77.762694,2017-12-04,ph,7.4,7.4,False,,empri-2018
983,BUAKSPkag_kr2-983,Kada Agrahara Kere,,12.860556,77.762694,2017-12-04,conductivity,192.0,192,False,µS/cm,empri-2018
983,BUAKSPkag_kr2-983,Kada Agrahara Kere,,12.860556,77.762694,2017-12-04,tds,93.0,93,False,mg/l,empri-2018
983,BUAKSPkag_kr2-983,Kada Agrahara Kere,,12.860556,77.762694,2017-12-04,tss,41.0,41,False,mg/l,empri-2018
983,BUAKSPkag_kr2-983,Kada Agrahara Kere,,12.860556,77.762694,2017-12-04,turbidity,34.4,34.4,False,NTU,empri-2018
983,BUAKSPkag_kr2-983,Kada Agrahara Kere,,12.860556,77.762694,2017-12-04,dissolvedOxygen,2.8,2.8,False,mg/l,empri-2018
983,BUAKSPkag_kr2-983,Kada Agrahara Kere,,12.860556,77.762694,2017-12-04,cod,16.0,16,False,mg/l,empri-2018
983,BUAKSPkag_kr2-983,Kada Agrahara Kere,,12.860556,77.762694,2017-12-04,bod,7.3,7.30,False,mg/l,empri-2018
983,BUAKSPkag_kr2-983,Kada Agrahara Kere,,12.860556,77.762694,2017-12-04,totalPhosphate,0.1,0.1,False,mg/l,empri-2018
983,BUAKSPkag_kr2-983,Kada Agrahara Kere,,12.860556,77.762694,2017-12-04,tkn,0.0,0,False,mg/l,empri-2018
983,BUAKSPkag_kr2-983,Kada Agrahara Kere,,12.860556,77.762694,2017-12-04,totalColiform,30.0,30,False,MPN/100ml,empri-2018
983,BUAKSPkag_kr2-983,Kada Agrahara Kere,,12.860556,77.762694,2017-12-04,sewageInflow,,No Flow,False,cumecs,empri-2018
985,BUAKSPkgp_kr1-985,Kagalipura Govt. Lake,,12.856389,77.724778,2017-12-05,waterTemperature,22.8,22.8,False,°C,empri-2018
985,BUAKSPkgp_kr1-985,Kagalipura Govt. Lake,,12.856389,77.724778,2017-12-05,lightTransparency,9.0,9,False,cm,empri-2018
985,BUAKSPkgp_kr1-985,Kagalipura Govt. Lake,,12.856389,77.724778,2017-12-05,ph,6.5,6.5,False,,empri-2018
985,BUAKSPkgp_kr1-985,Kagalipura Govt. Lake,,12.856389,77.724778,2017-12-05,conductivity,111.0,111,False,µS/cm,empri-2018
985,BUAKSPkgp_kr1-985,Kagalipura Govt. Lake,,12.856389,77.724778,2017-12-05,tds,86.0,86,False,mg/l,empri-2018
985,BUAKSPkgp_kr1-985,Kagalipura Govt. Lake,,12.856389,77.724778,2017-12-05,tss,28.0,28,False,mg/l,empri-2018
985,BUAKSPkgp_kr1-985,Kagalipura Govt. Lake,,12.856389,77.724778,2017-12-05,turbidity,21.5,21.5,False,NTU,empri-2018
985,BUAKSPkgp_kr1-985,Kagalipura Govt. Lake,,12.856389,77.724778,2017-12-05,dissolvedOxygen,4.0,4,False,mg/l,empri-2018
985,BUAKSPkgp_kr1-985,Kagalipura Govt. Lake,,12.856389,77.724778,2017-12-05,cod,32.0,32,False,mg/l,empri-2018
985,BUAKSPkgp_kr1-985,Kagalipura Govt. Lake,,12.856389,77.724778,2017-12-05,bod,23.6,23.60,False,mg/l,empri-2018
985,BUAKSPkgp_kr1-985,Kagalipura Govt. Lake,,12.856389,77.724778,2017-12-05,totalPhosphate,0.3,0.3,False,mg/l,empri-2018
985,BUAKSPkgp_kr1-985,Kagalipura Govt. Lake,,12.856389,77.724778,2017-12-05,tkn,3.0,3,False,mg/l,empri-2018
985,BUAKSPkgp_kr1-985,Kagalipura Govt. Lake,,12.856389,77.724778,2017-12-05,totalColiform,1600.0,1600,False,MPN/100ml,empri-2018
985,BUAKSPkgp_kr1-985,Kagalipura Govt. Lake,,12.856389,77.724778,2017-12-05,sewageInflow,,No Flow,False,cumecs,empri-2018
1001,BUAKSPklu_kr1-1001,Kodlu lake-1,Inlet,12.883806,77.66625,2017-12-06,waterTemperature,23.7,23.7,False,°C,empri-2018
1001,BUAKSPklu_kr1-1001,Kodlu lake-1,Inlet,12.883806,77.66625,2017-12-06,lightTransparency,20.0,20,False,cm,empri-2018
1001,BUAKSPklu_kr1-1001,Kodlu lake-1,Inlet,12.883806,77.66625,2017-12-06,ph,6.9,6.9,False,,empri-2018
1001,BUAKSPklu_kr1-1001,Kodlu lake-1,Inlet,12.883806,77.66625,2017-12-06,conductivity,577.0,577,False,µS/cm,empri-2018
1001,BUAKSPklu_kr1-1001,Kodlu lake-1,Inlet,12.883806,77.66625,2017-12-06,tds,396.0,396,False,mg/l,empri-2018
1001,BUAKSPklu_kr1-1001,Kodlu lake-1,Inlet,12.883806,77.66625,2017-12-06,tss,43.0,43,False,mg/l,empri-2018
1001,BUAKSPklu_kr1-1001,Kodlu lake-1,Inlet,12.883806,77.66625,2017-12-06,turbidity,2.9,2.9,False,NTU,empri-2018
1001,BUAKSPklu_kr1-1001,Kodlu lake-1,Inlet,12.883806,77.66625,2017-12-06,dissolvedOxygen,3.2,3.2,False,mg/l,empri-2018
1001,BUAKSPklu_kr1-1001,Kodlu lake-1,Inlet,12.883806,77.66625,2017-12-06,cod,32.0,32,False,mg/l,empri-2018
1001,BUAKSPklu_kr1-1001,Kodlu lake-1,Inlet,12.883806,77.66625,2017-12-06,bod,18.36,18.36,False,mg/l,empri-2018
1001,BUAKSPklu_kr1-1001,Kodlu lake-1,Inlet,12.883806,77.66625,2017-12-06,totalPhosphate,0.4,0.4,False,mg/l,empri-2018
1001,BUAKSPklu_kr1-1001,Kodlu lake-1,Inlet,12.883806,77.66625,2017-12-06,tkn,3.0,3,False,mg/l,empri-2018
1001,BUAKSPklu_kr1-1001,Kodlu lake-1,Inlet,12.883806,77.66625,2017-12-06,totalColiform,7.0,7,False,MPN/100ml,empri-2018
1001,BUAKSPklu_kr1-1001,Kodlu lake-1,Inlet,12.883806,77.66625,2017-12-06,sewageInflow,,No Flow,False,cumecs,empri-2018
1001,BUAKSPklu_kr1-1001,Kodlu lake-1,Outlet,12.886389,77.667,2017-12-06,waterTemperature,23.5,23.5,False,°C,empri-2018
1001,BUAKSPklu_kr1-1001,Kodlu lake-1,Outlet,12.886389,77.667,2017-12-06,lightTransparency,15.0,15,False,cm,empri-2018
1001,BUAKSPklu_kr1-1001,Kodlu lake-1,Outlet,12.886389,77.667,2017-12-06,ph,6.8,6.8,False,,empri-2018
1001,BUAKSPklu_kr1-1001,Kodlu lake-1,Outlet,12.886389,77.667,2017-12-06,conductivity,604.0,604,False,µS/cm,empri-2018
1001,BUAKSPklu_kr1-1001,Kodlu lake-1,Outlet,12.886389,77.667,2017-12-06,tds,422.0,422,False,mg/l,empri-2018
1001,BUAKSPklu_kr1-1001,Kodlu lake-1,Outlet,12.886389,77.667,2017-12-06,tss,29.0,29,False,mg/l,empri-2018
1001,BUAKSPklu_kr1-1001,Kodlu lake-1,Outlet,12.886389,77.667,2017-12-06,turbidity,2.1,2.1,False,NTU,empri-2018
1001,BUAKSPklu_kr1-1001,Kodlu lake-1,Outlet,12.886389,77.667,2017-12-06,dissolvedOxygen,2.8,2.8,False,mg/l,empri-2018
1001,BUAKSPklu_kr1-1001,Kodlu lake-1,Outlet,12.886389,77.667,2017-12-06,cod,16.0,16,False,mg/l,empri-2018
1001,BUAKSPklu_kr1-1001,Kodlu lake-1,Outlet,12.886389,77.667,2017-12-06,bod,18.42,18.42,False,mg/l,empri-2018
1001,BUAKSPklu_kr1-1001,Kodlu lake-1,Outlet,12.886389,77.667,2017-12-06,totalPhosphate,0.4,0.4,False,mg/l,empri-2018
1001,BUAKSPklu_kr1-1001,Kodlu lake-1,Outlet,12.886389,77.667,2017-12-06,tkn,7.0,7,False,mg/l,empri-2018
1001,BUAKSPklu_kr1-1001,Kodlu lake-1,Outlet,12.886389,77.667,2017-12-06,totalColiform,27.0,27,False,MPN/100ml,empri-2018
1004,BUAKSPklu_kr4-1104,Kodlu Kere-2,Inlet,12.891444,77.654361,2017-12-05,waterTemperature,25.7,25.7,False,°C,empri-2018
1004,BUAKSPklu_kr4-1104,Kodlu Kere-2,Inlet,12.891444,77.654361,2017-12-05,lightTransparency,7.0,7,False,cm,empri-2018
1004,BUAKSPklu_kr4-1104,Kodlu Kere-2,Inlet,12.891444,77.654361,2017-12-05,ph,8.2,8.2,False,,empri-2018
1004,BUAKSPklu_kr4-1104,Kodlu Kere-2,Inlet,12.891444,77.654361,2017-12-05,conductivity,328.0,328,False,µS/cm,empri-2018
1004,BUAKSPklu_kr4-1104,Kodlu Kere-2,Inlet,12.891444,77.654361,2017-12-05,tds,274.0,274,False,mg/l,empri-2018
1004,BUAKSPklu_kr4-1104,Kodlu Kere-2,Inlet,12.891444,77.654361,2017-12-05,tss,25.0,25,False,mg/l,empri-2018
1004,BUAKSPklu_kr4-1104,Kodlu Kere-2,Inlet,12.891444,77.654361,2017-12-05,turbidity,13.2,13.2,False,NTU,empri-2018
1004,BUAKSPklu_kr4-1104,Kodlu Kere-2,Inlet,12.891444,77.654361,2017-12-05,dissolvedOxygen,5.8,5.8,False,mg/l,empri-2018
1004,BUAKSPklu_kr4-1104,Kodlu Kere-2,Inlet,12.891444,77.654361,2017-12-05,cod,48.0,48,False,mg/l,empri-2018
1004,BUAKSPklu_kr4-1104,Kodlu Kere-2,Inlet,12.891444,77.654361,2017-12-05,bod,16.42,16.42,False,mg/l,empri-2018
1004,BUAKSPklu_kr4-1104,Kodlu Kere-2,Inlet,12.891444,77.654361,2017-12-05,totalPhosphate,0.1,0.1,False,mg/l,empri-2018
1004,BUAKSPklu_kr4-1104,Kodlu Kere-2,Inlet,12.891444,77.654361,2017-12-05,tkn,7.0,7,False,mg/l,empri-2018
1004,BUAKSPklu_kr4-1104,Kodlu Kere-2,Inlet,12.891444,77.654361,2017-12-05,totalColiform,350.0,350,False,MPN/100ml,empri-2018
1004,BUAKSPklu_kr4-1104,Kodlu Kere-2,Inlet,12.891444,77.654361,2017-12-05,sewageInflow,,No Flow,False,cumecs,empri-2018
1004,BUAKSPklu_kr4-1104,Kodlu Kere-2,Outlet,12.893417,77.656194,2017-12-05,waterTemperature,26.5,26.5,False,°C,empri-2018
1004,BUAKSPklu_kr4-1104,Kodlu Kere-2,Outlet,12.893417,77.656194,2017-12-05,lightTransparency,13.0,13,False,cm,empri-2018
1004,BUAKSPklu_kr4-1104,Kodlu Kere-2,Outlet,12.893417,77.656194,2017-12-05,ph,7.8,7.8,False,,empri-2018
1004,BUAKSPklu_kr4-1104,Kodlu Kere-2,Outlet,12.893417,77.656194,2017-12-05,conductivity,285.0,285,False,µS/cm,empri-2018
1004,BUAKSPklu_kr4-1104,Kodlu Kere-2,Outlet,12.893417,77.656194,2017-12-05,tds,232.0,232,False,mg/l,empri-2018
1004,BUAKSPklu_kr4-1104,Kodlu Kere-2,Outlet,12.893417,77.656194,2017-12-05,tss,30.0,30,False,mg/l,empri-2018
1004,BUAKSPklu_kr4-1104,Kodlu Kere-2,Outlet,12.893417,77.656194,2017-12-05,turbidity,14.1,14.1,False,NTU,empri-2018
1004,BUAKSPklu_kr4-1104,Kodlu Kere-2,Outlet,12.893417,77.656194,2017-12-05,dissolvedOxygen,5.6,5.6,False,mg/l,empri-2018
1004,BUAKSPklu_kr4-1104,Kodlu Kere-2,Outlet,12.893417,77.656194,2017-12-05,cod,32.0,32,False,mg/l,empri-2018
1004,BUAKSPklu_kr4-1104,Kodlu Kere-2,Outlet,12.893417,77.656194,2017-12-05,bod,9.03,9.03,False,mg/l,empri-2018
1004,BUAKSPklu_kr4-1104,Kodlu Kere-2,Outlet,12.893417,77.656194,2017-12-05,totalPhosphate,0.1,0.1,False,mg/l,empri-2018
1004,BUAKSPklu_kr4-1104,Kodlu Kere-2,Outlet,12.893417,77.656194,2017-12-05,tkn,3.0,3,False,mg/l,empri-2018
1004,BUAKSPklu_kr4-1104,Kodlu Kere-2,Outlet,12.893417,77.656194,2017-12-05,totalColiform,220.0,220,False,MPN/100ml,empri-2018
1008,BUAKSPrny_kr1-1008,Ramanayakanahalli Govt. Kere-1,,12.909889,77.760639,2017-12-05,waterTemperature,22.5,22.5,False,°C,empri-2018
1008,BUAKSPrny_kr1-1008,Ramanayakanahalli Govt. Kere-1,,12.909889,77.760639,2017-12-05,lightTransparency,4.0,4,False,cm,empri-2018
1008,BUAKSPrny_kr1-1008,Ramanayakanahalli Govt. Kere-1,,12.909889,77.760639,2017-12-05,ph,6.5,6.5,False,,empri-2018
1008,BUAKSPrny_kr1-1008,Ramanayakanahalli Govt. Kere-1,,12.909889,77.760639,2017-12-05,conductivity,139.0,139,False,µS/cm,empri-2018
1008,BUAKSPrny_kr1-1008,Ramanayakanahalli Govt. Kere-1,,12.909889,77.760639,2017-12-05,tds,100.0,100,False,mg/l,empri-2018
1008,BUAKSPrny_kr1-1008,Ramanayakanahalli Govt. Kere-1,,12.909889,77.760639,2017-12-05,tss,116.0,116,False,mg/l,empri-2018
1008,BUAKSPrny_kr1-1008,Ramanayakanahalli Govt. Kere-1,,12.909889,77.760639,2017-12-05,turbidity,280.0,280,False,NTU,empri-2018
1008,BUAKSPrny_kr1-1008,Ramanayakanahalli Govt. Kere-1,,12.909889,77.760639,2017-12-05,dissolvedOxygen,1.8,1.8,False,mg/l,empri-2018
1008,BUAKSPrny_kr1-1008,Ramanayakanahalli Govt. Kere-1,,12.909889,77.760639,2017-12-05,cod,16.0,16,False,mg/l,empri-2018
1008,BUAKSPrny_kr1-1008,Ramanayakanahalli Govt. Kere-1,,12.909889,77.760639,2017-12-05,bod,8.76,8.76,False,mg/l,empri-2018
1008,BUAKSPrny_kr1-1008,Ramanayakanahalli Govt. Kere-1,,12.909889,77.760639,2017-12-05,totalPhosphate,0.1,0.1,False,mg/l,empri-2018
1008,BUAKSPrny_kr1-1008,Ramanayakanahalli Govt. Kere-1,,12.909889,77.760639,2017-12-05,tkn,0.0,0,False,mg/l,empri-2018
1008,BUAKSPrny_kr1-1008,Ramanayakanahalli Govt. Kere-1,,12.909889,77.760639,2017-12-05,totalColiform,1600.0,1600,False,MPN/100ml,empri-2018
1008,BUAKSPrny_kr1-1008,Ramanayakanahalli Govt. Kere-1,,12.909889,77.760639,2017-12-05,sewageInflow,,No Flow,False,cumecs,empri-2018
1009,BUAKSPrny_kr2-1009,Ramanayakanahalli Govt. Kere-2,,12.904778,77.756722,2018-12-05,waterTemperature,22.5,22.5,False,°C,empri-2018
1009,BUAKSPrny_kr2-1009,Ramanayakanahalli Govt. Kere-2,,12.904778,77.756722,2018-12-05,lightTransparency,8.0,8,False,cm,empri-2018
1009,BUAKSPrny_kr2-1009,Ramanayakanahalli Govt. Kere-2,,12.904778,77.756722,2018-12-05,ph,6.7,6.7,False,,empri-2018
1009,BUAKSPrny_kr2-1009,Ramanayakanahalli Govt. Kere-2,,12.904778,77.756722,2018-12-05,conductivity,82.0,82,False,µS/cm,empri-2018
1009,BUAKSPrny_kr2-1009,Ramanayakanahalli Govt. Kere-2,,12.904778,77.756722,2018-12-05,tds,76.0,76,False,mg/l,empri-2018
1009,BUAKSPrny_kr2-1009,Ramanayakanahalli Govt. Kere-2,,12.904778,77.756722,2018-12-05,tss,19.0,19,False,mg/l,empri-2018
1009,BUAKSPrny_kr2-1009,Ramanayakanahalli Govt. Kere-2,,12.904778,77.756722,2018-12-05,turbidity,217.5,217.5,False,NTU,empri-2018
1009,BUAKSPrny_kr2-1009,Ramanayakanahalli Govt. Kere-2,,12.904778,77.756722,2018-12-05,dissolvedOxygen,5.6,5.6,False,mg/l,empri-2018
1009,BUAKSPrny_kr2-1009,Ramanayakanahalli Govt. Kere-2,,12.904778,77.756722,2018-12-05,cod,32.0,32,False,mg/l,empri-2018
1009,BUAKSPrny_kr2-1009,Ramanayakanahalli Govt. Kere-2,,12.904778,77.756722,2018-12-05,bod,7.39,7.39,False,mg/l,empri-2018
1009,BUAKSPrny_kr2-1009,Ramanayakanahalli Govt. Kere-2,,12.904778,77.756722,2018-12-05,totalPhosphate,0.9,0.9,False,mg/l,empri-2018
1009,BUAKSPrny_kr2-1009,Ramanayakanahalli Govt. Kere-2,,12.904778,77.756722,2018-12-05,tkn,0.0,0,False,mg/l,empri-2018
1009,BUAKSPrny_kr2-1009,Ramanayakanahalli Govt. Kere-2,,12.904778,77.756722,2018-12-05,totalColiform,220.0,220,False,MPN/100ml,empri-2018
1009,BUAKSPrny_kr2-1009,Ramanayakanahalli Govt. Kere-2,,12.904778,77.756722,2018-12-05,sewageInflow,,No Flow,False,cumecs,empri-2018
1015,BUAKSPrys_kr4-1015,Rayasandra Kere,,12.867111,77.6735,2017-12-05,waterTemperature,23.3,23.3,False,°C,empri-2018
1015,BUAKSPrys_kr4-1015,Rayasandra Kere,,12.867111,77.6735,2017-12-05,lightTransparency,14.0,14,False,cm,empri-2018
1015,BUAKSPrys_kr4-1015,Rayasandra Kere,,12.867111,77.6735,2017-12-05,ph,7.6,7.6,False,,empri-2018
1015,BUAKSPrys_kr4-1015,Rayasandra Kere,,12.867111,77.6735,2017-12-05,conductivity,975.0,975,False,µS/cm,empri-2018
1015,BUAKSPrys_kr4-1015,Rayasandra Kere,,12.867111,77.6735,2017-12-05,tds,860.0,860,False,mg/l,empri-2018
1015,BUAKSPrys_kr4-1015,Rayasandra Kere,,12.867111,77.6735,2017-12-05,tss,38.0,38,False,mg/l,empri-2018
1015,BUAKSPrys_kr4-1015,Rayasandra Kere,,12.867111,77.6735,2017-12-05,turbidity,17.0,17,False,NTU,empri-2018
1015,BUAKSPrys_kr4-1015,Rayasandra Kere,,12.867111,77.6735,2017-12-05,dissolvedOxygen,4.0,4,False,mg/l,empri-2018
1015,BUAKSPrys_kr4-1015,Rayasandra Kere,,12.867111,77.6735,2017-12-05,cod,40.0,40,False,mg/l,empri-2018
1015,BUAKSPrys_kr4-1015,Rayasandra Kere,,12.867111,77.6735,2017-12-05,bod,18.75,18.75,False,mg/l,empri-2018
1015,BUAKSPrys_kr4-1015,Rayasandra Kere,,12.867111,77.6735,2017-12-05,totalPhosphate,2.0,2,False,mg/l,empri-2018
1015,BUAKSPrys_kr4-1015,Rayasandra Kere,,12.867111,77.6735,2017-12-05,tkn,21.0,21,False,mg/l,empri-2018
1015,BUAKSPrys_kr4-1015,Rayasandra Kere,,12.867111,77.6735,2017-12-05,totalColiform,350.0,350,False,MPN/100ml,empri-2018
1015,BUAKSPrys_kr4-1015,Rayasandra Kere,,12.867111,77.6735,2017-12-05,sewageInflow,,UM,False,cumecs,empri-2018
1017,BUAKSPsga_kr1-1017,Singena Agrahara Govt. Sanna kere,,12.842083,77.716278,2017-12-05,waterTemperature,23.3,23.3,False,°C,empri-2018
1017,BUAKSPsga_kr1-1017,Singena Agrahara Govt. Sanna kere,,12.842083,77.716278,2017-12-05,lightTransparency,9.0,9,False,cm,empri-2018
1017,BUAKSPsga_kr1-1017,Singena Agrahara Govt. Sanna kere,,12.842083,77.716278,2017-12-05,ph,7.1,7.1,False,,empri-2018
1017,BUAKSPsga_kr1-1017,Singena Agrahara Govt. Sanna kere,,12.842083,77.716278,2017-12-05,conductivity,403.0,403,False,µS/cm,empri-2018
1017,BUAKSPsga_kr1-1017,Singena Agrahara Govt. Sanna kere,,12.842083,77.716278,2017-12-05,tds,322.0,322,False,mg/l,empri-2018
1017,BUAKSPsga_kr1-1017,Singena Agrahara Govt. Sanna kere,,12.842083,77.716278,2017-12-05,tss,24.0,24,False,mg/l,empri-2018
1017,BUAKSPsga_kr1-1017,Singena Agrahara Govt. Sanna kere,,12.842083,77.716278,2017-12-05,turbidity,14.8,14.8,False,NTU,empri-2018
1017,BUAKSPsga_kr1-1017,Singena Agrahara Govt. Sanna kere,,12.842083,77.716278,2017-12-05,dissolvedOxygen,3.2,3.2,False,mg/l,empri-2018
1017,BUAKSPsga_kr1-1017,Singena Agrahara Govt. Sanna kere,,12.842083,77.716278,2017-12-05,cod,48.0,48,False,mg/l,empri-2018
1017,BUAKSPsga_kr1-1017,Singena Agrahara Govt. Sanna kere,,12.842083,77.716278,2017-12-05,bod,37.57,37.57,False,mg/l,empri-2018
1017,BUAKSPsga_kr1-1017,Singena Agrahara Govt. Sanna kere,,12.842083,77.716278,2017-12-05,totalPhosphate,0.1,0.1,False,mg/l,empri-2018
1017,BUAKSPsga_kr1-1017,Singena Agrahara Govt. Sanna kere,,12.842083,77.716278,2017-12-05,tkn,3.0,3,False,mg/l,empri-2018
1017,BUAKSPsga_kr1-1017,Singena Agrahara Govt. Sanna kere,,12.842083,77.716278,2017-12-05,totalColiform,1600.0,>1600,False,MPN/100ml,empri-2018
1017,BUAKSPsga_kr1-1017,Singena Agrahara Govt. Sanna kere,,12.842083,77.716278,2017-12-05,sewageInflow,,No Flow,False,cumecs,empri-2018
1024,BUAKSPtgc_kr2-1024,Tigalara Chowddenahalli Govt. Karabukere,,12.888278,77.754389,2017-12-04,waterTemperature,25.2,25.2,False,°C,empri-2018
1024,BUAKSPtgc_kr2-1024,Tigalara Chowddenahalli Govt. Karabukere,,12.888278,77.754389,2017-12-04,lightTransparency,18.0,18,False,cm,empri-2018
1024,BUAKSPtgc_kr2-1024,Tigalara Chowddenahalli Govt. Karabukere,,12.888278,77.754389,2017-12-04,ph,7.8,7.8,False,,empri-2018
1024,BUAKSPtgc_kr2-1024,Tigalara Chowddenahalli Govt. Karabukere,,12.888278,77.754389,2017-12-04,conductivity,317.0,317,False,µS/cm,empri-2018
1024,BUAKSPtgc_kr2-1024,Tigalara Chowddenahalli Govt. Karabukere,,12.888278,77.754389,2017-12-04,tds,200.0,200,False,mg/l,empri-2018
1024,BUAKSPtgc_kr2-1024,Tigalara Chowddenahalli Govt. Karabukere,,12.888278,77.754389,2017-12-04,tss,64.0,64,False,mg/l,empri-2018
1024,BUAKSPtgc_kr2-1024,Tigalara Chowddenahalli Govt. Karabukere,,12.888278,77.754389,2017-12-04,turbidity,166.0,166,False,NTU,empri-2018
1024,BUAKSPtgc_kr2-1024,Tigalara Chowddenahalli Govt. Karabukere,,12.888278,77.754389,2017-12-04,dissolvedOxygen,4.0,4,False,mg/l,empri-2018
1024,BUAKSPtgc_kr2-1024,Tigalara Chowddenahalli Govt. Karabukere,,12.888278,77.754389,2017-12-04,cod,112.0,112,False,mg/l,empri-2018
1024,BUAKSPtgc_kr2-1024,Tigalara Chowddenahalli Govt. Karabukere,,12.888278,77.754389,2017-12-04,bod,9.85,9.85,False,mg/l,empri-2018
1024,BUAKSPtgc_kr2-1024,Tigalara Chowddenahalli Govt. Karabukere,,12.888278,77.754389,2017-12-04,totalPhosphate,0.2,0.2,False,mg/l,empri-2018
1024,BUAKSPtgc_kr2-1024,Tigalara Chowddenahalli Govt. Karabukere,,12.888278,77.754389,2017-12-04,tkn,,ND,True,mg/l,empri-2018
1024,BUAKSPtgc_kr2-1024,Tigalara Chowddenahalli Govt. Karabukere,,12.888278,77.754389,2017-12-04,totalColiform,170.0,170,False,MPN/100ml,empri-2018
1024,BUAKSPtgc_kr2-1024,Tigalara Chowddenahalli Govt. Karabukere,,12.888278,77.754389,2017-12-04,sewageInflow,,No Flow,False,cumecs,empri-2018
1029,BUAKABglh_kr2-1029,Gollahalli Govt. Lake,Inlet,12.827306,77.66075,2017-12-06,waterTemperature,25.5,25.5,False,°C,empri-2018
1029,BUAKABglh_kr2-1029,Gollahalli Govt. Lake,Inlet,12.827306,77.66075,2017-12-06,lightTransparency,9.0,9,False,cm,empri-2018
1029,BUAKABglh_kr2-1029,Gollahalli Govt. Lake,Inlet,12.827306,77.66075,2017-12-06,ph,7.0,7,False,,empri-2018
1029,BUAKABglh_kr2-1029,Gollahalli Govt. Lake,Inlet,12.827306,77.66075,2017-12-06,conductivity,1367.0,1367,False,µS/cm,empri-2018
1029,BUAKABglh_kr2-1029,Gollahalli Govt. Lake,Inlet,12.827306,77.66075,2017-12-06,tds,1058.0,1058,False,mg/l,empri-2018
1029,BUAKABglh_kr2-1029,Gollahalli Govt. Lake,Inlet,12.827306,77.66075,2017-12-06,tss,203.0,203,False,mg/l,empri-2018
1029,BUAKABglh_kr2-1029,Gollahalli Govt. Lake,Inlet,12.827306,77.66075,2017-12-06,turbidity,55.9,55.9,False,NTU,empri-2018
1029,BUAKABglh_kr2-1029,Gollahalli Govt. Lake,Inlet,12.827306,77.66075,2017-12-06,dissolvedOxygen,0.2,0.2,False,mg/l,empri-2018
1029,BUAKABglh_kr2-1029,Gollahalli Govt. Lake,Inlet,12.827306,77.66075,2017-12-06,cod,176.0,176,False,mg/l,empri-2018
1029,BUAKABglh_kr2-1029,Gollahalli Govt. Lake,Inlet,12.827306,77.66075,2017-12-06,bod,86.7,86.70,False,mg/l,empri-2018
1029,BUAKABglh_kr2-1029,Gollahalli Govt. Lake,Inlet,12.827306,77.66075,2017-12-06,totalPhosphate,0.5,0.5,False,mg/l,empri-2018
1029,BUAKABglh_kr2-1029,Gollahalli Govt. Lake,Inlet,12.827306,77.66075,2017-12-06,tkn,14.0,14,False,mg/l,empri-2018
1029,BUAKABglh_kr2-1029,Gollahalli Govt. Lake,Inlet,12.827306,77.66075,2017-12-06,totalColiform,1600.0,>1600,False,MPN/100ml,empri-2018
1029,BUAKABglh_kr2-1029,Gollahalli Govt. Lake,Inlet,12.827306,77.66075,2017-12-06,sewageInflow,,UM,False,cumecs,empri-2018
1029,BUAKABglh_kr2-1029,Gollahalli Govt. Lake,Outlet,12.8265,77.663056,2017-12-06,waterTemperature,25.6,25.6,False,°C,empri-2018
1029,BUAKABglh_kr2-1029,Gollahalli Govt. Lake,Outlet,12.8265,77.663056,2017-12-06,lightTransparency,12.0,12,False,cm,empri-2018
1029,BUAKABglh_kr2-1029,Gollahalli Govt. Lake,Outlet,12.8265,77.663056,2017-12-06,ph,6.8,6.8,False,,empri-2018
1029,BUAKABglh_kr2-1029,Gollahalli Govt. Lake,Outlet,12.8265,77.663056,2017-12-06,conductivity,1074.0,1074,False,µS/cm,empri-2018
1029,BUAKABglh_kr2-1029,Gollahalli Govt. Lake,Outlet,12.8265,77.663056,2017-12-06,tds,944.0,944,False,mg/l,empri-2018
1029,BUAKABglh_kr2-1029,Gollahalli Govt. Lake,Outlet,12.8265,77.663056,2017-12-06,tss,12.0,12,False,mg/l,empri-2018
1029,BUAKABglh_kr2-1029,Gollahalli Govt. Lake,Outlet,12.8265,77.663056,2017-12-06,turbidity,11.5,11.5,False,NTU,empri-2018
1029,BUAKABglh_kr2-1029,Gollahalli Govt. Lake,Outlet,12.8265,77.663056,2017-12-06,dissolvedOxygen,6.6,6.6,False,mg/l,empri-2018
1029,BUAKABglh_kr2-1029,Gollahalli Govt. Lake,Outlet,12.8265,77.663056,2017-12-06,cod,48.0,48,False,mg/l,empri-2018
1029,BUAKABglh_kr2-1029,Gollahalli Govt. Lake,Outlet,12.8265,77.663056,2017-12-06,bod,15.61,15.61,False,mg/l,empri-2018
1029,BUAKABglh_kr2-1029,Gollahalli Govt. Lake,Outlet,12.8265,77.663056,2017-12-06,totalPhosphate,1.7,1.7,False,mg/l,empri-2018
1029,BUAKABglh_kr2-1029,Gollahalli Govt. Lake,Outlet,12.8265,77.663056,2017-12-06,tkn,14.0,14,False,mg/l,empri-2018
1029,BUAKABglh_kr2-1029,Gollahalli Govt. Lake,Outlet,12.8265,77.663056,2017-12-06,totalColiform,1600.0,>1600,False,MPN/100ml,empri-2018
1030,BUAKABhbg_kr1-1030,Uramundina Kere,,12.828444,77.675361,2017-12-06,waterTemperature,21.4,21.4,False,°C,empri-2018
1030,BUAKABhbg_kr1-1030,Uramundina Kere,,12.828444,77.675361,2017-12-06,lightTransparency,,UM,False,cm,empri-2018
1030,BUAKABhbg_kr1-1030,Uramundina Kere,,12.828444,77.675361,2017-12-06,ph,7.6,7.6,False,,empri-2018
1030,BUAKABhbg_kr1-1030,Uramundina Kere,,12.828444,77.675361,2017-12-06,conductivity,1850.0,1850,False,µS/cm,empri-2018
1030,BUAKABhbg_kr1-1030,Uramundina Kere,,12.828444,77.675361,2017-12-06,tds,1460.0,1460,False,mg/l,empri-2018
1030,BUAKABhbg_kr1-1030,Uramundina Kere,,12.828444,77.675361,2017-12-06,tss,162.0,162,False,mg/l,empri-2018
1030,BUAKABhbg_kr1-1030,Uramundina Kere,,12.828444,77.675361,2017-12-06,turbidity,111.0,111,False,NTU,empri-2018
1030,BUAKABhbg_kr1-1030,Uramundina Kere,,12.828444,77.675361,2017-12-06,dissolvedOxygen,0.1,0.1,False,mg/l,empri-2018
1030,BUAKABhbg_kr1-1030,Uramundina Kere,,12.828444,77.675361,2017-12-06,cod,88.0,88,False,mg/l,empri-2018
1030,BUAKABhbg_kr1-1030,Uramundina Kere,,12.828444,77.675361,2017-12-06,bod,20.45,20.45,False,mg/l,empri-2018
1030,BUAKABhbg_kr1-1030,Uramundina Kere,,12.828444,77.675361,2017-12-06,totalPhosphate,4.0,4,False,mg/l,empri-2018
1030,BUAKABhbg_kr1-1030,Uramundina Kere,,12.828444,77.675361,2017-12-06,tkn,28.0,28,False,mg/l,empri-2018
1030,BUAKABhbg_kr1-1030,Uramundina Kere,,12.828444,77.675361,2017-12-06,totalColiform,1600.0,>1600,False,MPN/100ml,empri-2018
1030,BUAKABhbg_kr1-1030,Uramundina Kere,,12.828444,77.675361,2017-12-06,sewageInflow,0.015,0.015,False,cumecs,empri-2018
1033,BUAKABhbg_kr4-1033,Hebbagodi Govt. Attikere,Inlet,12.826,77.666028,2017-12-06,waterTemperature,25.3,25.3,False,°C,empri-2018
1033,BUAKABhbg_kr4-1033,Hebbagodi Govt. Attikere,Inlet,12.826,77.666028,2017-12-06,lightTransparency,,UM,False,cm,empri-2018
1033,BUAKABhbg_kr4-1033,Hebbagodi Govt. Attikere,Inlet,12.826,77.666028,2017-12-06,ph,7.3,7.3,False,,empri-2018
1033,BUAKABhbg_kr4-1033,Hebbagodi Govt. Attikere,Inlet,12.826,77.666028,2017-12-06,conductivity,1138.0,1138,False,µS/cm,empri-2018
1033,BUAKABhbg_kr4-1033,Hebbagodi Govt. Attikere,Inlet,12.826,77.666028,2017-12-06,tds,912.0,912,False,mg/l,empri-2018
1033,BUAKABhbg_kr4-1033,Hebbagodi Govt. Attikere,Inlet,12.826,77.666028,2017-12-06,tss,25.0,25,False,mg/l,empri-2018
1033,BUAKABhbg_kr4-1033,Hebbagodi Govt. Attikere,Inlet,12.826,77.666028,2017-12-06,turbidity,14.2,14.2,False,NTU,empri-2018
1033,BUAKABhbg_kr4-1033,Hebbagodi Govt. Attikere,Inlet,12.826,77.666028,2017-12-06,dissolvedOxygen,4.0,4,False,mg/l,empri-2018
1033,BUAKABhbg_kr4-1033,Hebbagodi Govt. Attikere,Inlet,12.826,77.666028,2017-12-06,cod,96.0,96,False,mg/l,empri-2018
1033,BUAKABhbg_kr4-1033,Hebbagodi Govt. Attikere,Inlet,12.826,77.666028,2017-12-06,bod,79.27,79.27,False,mg/l,empri-2018
1033,BUAKABhbg_kr4-1033,Hebbagodi Govt. Attikere,Inlet,12.826,77.666028,2017-12-06,totalPhosphate,0.9,0.9,False,mg/l,empri-2018
1033,BUAKABhbg_kr4-1033,Hebbagodi Govt. Attikere,Inlet,12.826,77.666028,2017-12-06,tkn,35.0,35,False,mg/l,empri-2018
1033,BUAKABhbg_kr4-1033,Hebbagodi Govt. Attikere,Inlet,12.826,77.666028,2017-12-06,totalColiform,1600.0,>1600,False,MPN/100ml,empri-2018
1033,BUAKABhbg_kr4-1033,Hebbagodi Govt. Attikere,Inlet,12.826,77.666028,2017-12-06,sewageInflow,,UM,False,cumecs,empri-2018
1033,BUAKABhbg_kr4-1033,Hebbagodi Govt. Attikere,Outlet,12.827861,77.669,2017-12-06,waterTemperature,23.8,23.8,False,°C,empri-2018
1033,BUAKABhbg_kr4-1033,Hebbagodi Govt. Attikere,Outlet,12.827861,77.669,2017-12-06,lightTransparency,,UM,False,cm,empri-2018
1033,BUAKABhbg_kr4-1033,Hebbagodi Govt. Attikere,Outlet,12.827861,77.669,2017-12-06,ph,7.4,7.4,False,,empri-2018
1033,BUAKABhbg_kr4-1033,Hebbagodi Govt. Attikere,Outlet,12.827861,77.669,2017-12-06,conductivity,1107.0,1107,False,µS/cm,empri-2018
1033,BUAKABhbg_kr4-1033,Hebbagodi Govt. Attikere,Outlet,12.827861,77.669,2017-12-06,tds,33.2,33.2,False,mg/l,empri-2018
1033,BUAKABhbg_kr4-1033,Hebbagodi Govt. Attikere,Outlet,12.827861,77.669,2017-12-06,tss,747.0,747,False,mg/l,empri-2018
1033,BUAKABhbg_kr4-1033,Hebbagodi Govt. Attikere,Outlet,12.827861,77.669,2017-12-06,turbidity,45.0,45,False,NTU,empri-2018
1033,BUAKABhbg_kr4-1033,Hebbagodi Govt. Attikere,Outlet,12.827861,77.669,2017-12-06,dissolvedOxygen,0.2,0.2,False,mg/l,empri-2018
1033,BUAKABhbg_kr4-1033,Hebbagodi Govt. Attikere,Outlet,12.827861,77.669,2017-12-06,cod,64.0,64,False,mg/l,empri-2018
1033,BUAKABhbg_kr4-1033,Hebbagodi Govt. Attikere,Outlet,12.827861,77.669,2017-12-06,bod,45.08,45.08,False,mg/l,empri-2018
1033,BUAKABhbg_kr4-1033,Hebbagodi Govt. Attikere,Outlet,12.827861,77.669,2017-12-06,totalPhosphate,1.2,1.2,False,mg/l,empri-2018
1033,BUAKABhbg_kr4-1033,Hebbagodi Govt. Attikere,Outlet,12.827861,77.669,2017-12-06,tkn,35.0,35,False,mg/l,empri-2018
1033,BUAKABhbg_kr4-1033,Hebbagodi Govt. Attikere,Outlet,12.827861,77.669,2017-12-06,totalColiform,1600.0,>1600,False,MPN/100ml,empri-2018
1034,BUAKABvrs_kr1-1034,Veerasandra Govt. Kere-1,Inlet,12.841167,77.674306,2017-12-06,waterTemperature,23.8,23.8,False,°C,empri-2018
1034,BUAKABvrs_kr1-1034,Veerasandra Govt. Kere-1,Inlet,12.841167,77.674306,2017-12-06,lightTransparency,,UM,False,cm,empri-2018
1034,BUAKABvrs_kr1-1034,Veerasandra Govt. Kere-1,Inlet,12.841167,77.674306,2017-12-06,ph,7.4,7.4,False,,empri-2018
1034,BUAKABvrs_kr1-1034,Veerasandra Govt. Kere-1,Inlet,12.841167,77.674306,2017-12-06,conductivity,1060.0,1060,False,µS/cm,empri-2018
1034,BUAKABvrs_kr1-1034,Veerasandra Govt. Kere-1,Inlet,12.841167,77.674306,2017-12-06,tds,836.0,836,False,mg/l,empri-2018
1034,BUAKABvrs_kr1-1034,Veerasandra Govt. Kere-1,Inlet,12.841167,77.674306,2017-12-06,tss,7.0,7,False,mg/l,empri-2018
1034,BUAKABvrs_kr1-1034,Veerasandra Govt. Kere-1,Inlet,12.841167,77.674306,2017-12-06,turbidity,9.8,9.8,False,NTU,empri-2018
1034,BUAKABvrs_kr1-1034,Veerasandra Govt. Kere-1,Inlet,12.841167,77.674306,2017-12-06,dissolvedOxygen,0.6,0.6,False,mg/l,empri-2018
1034,BUAKABvrs_kr1-1034,Veerasandra Govt. Kere-1,Inlet,12.841167,77.674306,2017-12-06,cod,32.0,32,False,mg/l,empri-2018
1034,BUAKABvrs_kr1-1034,Veerasandra Govt. Kere-1,Inlet,12.841167,77.674306,2017-12-06,bod,9.27,9.27,False,mg/l,empri-2018
1034,BUAKABvrs_kr1-1034,Veerasandra Govt. Kere-1,Inlet,12.841167,77.674306,2017-12-06,totalPhosphate,1.6,1.6,False,mg/l,empri-2018
1034,BUAKABvrs_kr1-1034,Veerasandra Govt. Kere-1,Inlet,12.841167,77.674306,2017-12-06,tkn,21.0,21,False,mg/l,empri-2018
1034,BUAKABvrs_kr1-1034,Veerasandra Govt. Kere-1,Inlet,12.841167,77.674306,2017-12-06,totalColiform,1600.0,1600,False,MPN/100ml,empri-2018
1034,BUAKABvrs_kr1-1034,Veerasandra Govt. Kere-1,Inlet,12.841167,77.674306,2017-12-06,sewageInflow,,No Flow,False,cumecs,empri-2018
1034,BUAKABvrs_kr1-1034,Veerasandra Govt. Kere-1,Outlet,12.839417,77.676056,2017-12-06,waterTemperature,23.0,23,False,°C,empri-2018
1034,BUAKABvrs_kr1-1034,Veerasandra Govt. Kere-1,Outlet,12.839417,77.676056,2017-12-06,lightTransparency,,UM,False,cm,empri-2018
1034,BUAKABvrs_kr1-1034,Veerasandra Govt. Kere-1,Outlet,12.839417,77.676056,2017-12-06,ph,7.2,7.2,False,,empri-2018
1034,BUAKABvrs_kr1-1034,Veerasandra Govt. Kere-1,Outlet,12.839417,77.676056,2017-12-06,conductivity,1082.0,1082,False,µS/cm,empri-2018
1034,BUAKABvrs_kr1-1034,Veerasandra Govt. Kere-1,Outlet,12.839417,77.676056,2017-12-06,tds,858.0,858,False,mg/l,empri-2018
1034,BUAKABvrs_kr1-1034,Veerasandra Govt. Kere-1,Outlet,12.839417,77.676056,2017-12-06,tss,11.0,11,False,mg/l,empri-2018
1034,BUAKABvrs_kr1-1034,Veerasandra Govt. Kere-1,Outlet,12.839417,77.676056,2017-12-06,turbidity,7.2,7.2,False,NTU,empri-2018
1034,BUAKABvrs_kr1-1034,Veerasandra Govt. Kere-1,Outlet,12.839417,77.676056,2017-12-06,dissolvedOxygen,0.2,0.2,False,mg/l,empri-2018
1034,BUAKABvrs_kr1-1034,Veerasandra Govt. Kere-1,Outlet,12.839417,77.676056,2017-12-06,cod,16.0,16,False,mg/l,empri-2018
1034,BUAKABvrs_kr1-1034,Veerasandra Govt. Kere-1,Outlet,12.839417,77.676056,2017-12-06,bod,9.75,9.75,False,mg/l,empri-2018
1034,BUAKABvrs_kr1-1034,Veerasandra Govt. Kere-1,Outlet,12.839417,77.676056,2017-12-06,totalPhosphate,0.4,0.4,False,mg/l,empri-2018
1034,BUAKABvrs_kr1-1034,Veerasandra Govt. Kere-1,Outlet,12.839417,77.676056,2017-12-06,tkn,21.0,21,False,mg/l,empri-2018
1034,BUAKABvrs_kr1-1034,Veerasandra Govt. Kere-1,Outlet,12.839417,77.676056,2017-12-06,totalColiform,1600.0,>1600,False,MPN/100ml,empri-2018
1035,BUAKABvrs_kr2-1035,Veerasandra Govt. Kere-2,,12.840667,77.670833,2017-01-06,waterTemperature,19.6,19.6,False,°C,empri-2018
1035,BUAKABvrs_kr2-1035,Veerasandra Govt. Kere-2,,12.840667,77.670833,2017-01-06,lightTransparency,5.0,5,False,cm,empri-2018
1035,BUAKABvrs_kr2-1035,Veerasandra Govt. Kere-2,,12.840667,77.670833,2017-01-06,ph,7.1,7.1,False,,empri-2018
1035,BUAKABvrs_kr2-1035,Veerasandra Govt. Kere-2,,12.840667,77.670833,2017-01-06,conductivity,1000.0,1000,False,µS/cm,empri-2018
1035,BUAKABvrs_kr2-1035,Veerasandra Govt. Kere-2,,12.840667,77.670833,2017-01-06,tds,940.0,940,False,mg/l,empri-2018
1035,BUAKABvrs_kr2-1035,Veerasandra Govt. Kere-2,,12.840667,77.670833,2017-01-06,tss,80.0,80,False,mg/l,empri-2018
1035,BUAKABvrs_kr2-1035,Veerasandra Govt. Kere-2,,12.840667,77.670833,2017-01-06,turbidity,52.0,52,False,NTU,empri-2018
1035,BUAKABvrs_kr2-1035,Veerasandra Govt. Kere-2,,12.840667,77.670833,2017-01-06,dissolvedOxygen,4.7,4.7,False,mg/l,empri-2018
1035,BUAKABvrs_kr2-1035,Veerasandra Govt. Kere-2,,12.840667,77.670833,2017-01-06,cod,40.0,40,False,mg/l,empri-2018
1035,BUAKABvrs_kr2-1035,Veerasandra Govt. Kere-2,,12.840667,77.670833,2017-01-06,bod,8.3,8.3,False,mg/l,empri-2018
1035,BUAKABvrs_kr2-1035,Veerasandra Govt. Kere-2,,12.840667,77.670833,2017-01-06,totalPhosphate,2.0,2,False,mg/l,empri-2018
1035,BUAKABvrs_kr2-1035,Veerasandra Govt. Kere-2,,12.840667,77.670833,2017-01-06,tkn,29.0,29,False,mg/l,empri-2018
1035,BUAKABvrs_kr2-1035,Veerasandra Govt. Kere-2,,12.840667,77.670833,2017-01-06,totalColiform,1600.0,>1600,False,MPN/100ml,empri-2018
1035,BUAKABvrs_kr2-1035,Veerasandra Govt. Kere-2,,12.840667,77.670833,2017-01-06,sewageInflow,,No Flow,False,cumecs,empri-2018
1038,BUAKJGabj_kr1-1038,Bhujangadasana Amanikere Govt lake,Inlet,12.823139,77.614111,2018-01-04,waterTemperature,20.0,20,False,°C,empri-2018
1038,BUAKJGabj_kr1-1038,Bhujangadasana Amanikere Govt lake,Inlet,12.823139,77.614111,2018-01-04,lightTransparency,30.0,30,False,cm,empri-2018
1038,BUAKJGabj_kr1-1038,Bhujangadasana Amanikere Govt lake,Inlet,12.823139,77.614111,2018-01-04,ph,7.5,7.5,False,,empri-2018
1038,BUAKJGabj_kr1-1038,Bhujangadasana Amanikere Govt lake,Inlet,12.823139,77.614111,2018-01-04,conductivity,239.0,239,False,µS/cm,empri-2018
1038,BUAKJGabj_kr1-1038,Bhujangadasana Amanikere Govt lake,Inlet,12.823139,77.614111,2018-01-04,tds,190.0,190,False,mg/l,empri-2018
1038,BUAKJGabj_kr1-1038,Bhujangadasana Amanikere Govt lake,Inlet,12.823139,77.614111,2018-01-04,tss,31.0,31,False,mg/l,empri-2018
1038,BUAKJGabj_kr1-1038,Bhujangadasana Amanikere Govt lake,Inlet,12.823139,77.614111,2018-01-04,turbidity,30.0,30,False,NTU,empri-2018
1038,BUAKJGabj_kr1-1038,Bhujangadasana Amanikere Govt lake,Inlet,12.823139,77.614111,2018-01-04,dissolvedOxygen,3.5,3.5,False,mg/l,empri-2018
1038,BUAKJGabj_kr1-1038,Bhujangadasana Amanikere Govt lake,Inlet,12.823139,77.614111,2018-01-04,cod,16.0,16,False,mg/l,empri-2018
1038,BUAKJGabj_kr1-1038,Bhujangadasana Amanikere Govt lake,Inlet,12.823139,77.614111,2018-01-04,bod,6.9,6.90,False,mg/l,empri-2018
1038,BUAKJGabj_kr1-1038,Bhujangadasana Amanikere Govt lake,Inlet,12.823139,77.614111,2018-01-04,totalPhosphate,2.5,2.5,False,mg/l,empri-2018
1038,BUAKJGabj_kr1-1038,Bhujangadasana Amanikere Govt lake,Inlet,12.823139,77.614111,2018-01-04,tkn,14.0,14,False,mg/l,empri-2018
1038,BUAKJGabj_kr1-1038,Bhujangadasana Amanikere Govt lake,Inlet,12.823139,77.614111,2018-01-04,totalColiform,14.0,14,False,MPN/100ml,empri-2018
1038,BUAKJGabj_kr1-1038,Bhujangadasana Amanikere Govt lake,Inlet,12.823139,77.614111,2018-01-04,sewageInflow,,No Flow,False,cumecs,empri-2018
1038,BUAKJGabj_kr1-1038,Bhujangadasana Amanikere Govt lake,Outlet,12.818583,77.61525,2018-01-04,waterTemperature,23.2,23.2,False,°C,empri-2018
1038,BUAKJGabj_kr1-1038,Bhujangadasana Amanikere Govt lake,Outlet,12.818583,77.61525,2018-01-04,lightTransparency,50.0,50,False,cm,empri-2018
1038,BUAKJGabj_kr1-1038,Bhujangadasana Amanikere Govt lake,Outlet,12.818583,77.61525,2018-01-04,ph,8.5,8.5,False,,empri-2018
1038,BUAKJGabj_kr1-1038,Bhujangadasana Amanikere Govt lake,Outlet,12.818583,77.61525,2018-01-04,conductivity,221.0,221,False,µS/cm,empri-2018
1038,BUAKJGabj_kr1-1038,Bhujangadasana Amanikere Govt lake,Outlet,12.818583,77.61525,2018-01-04,tds,142.0,142,False,mg/l,empri-2018
1038,BUAKJGabj_kr1-1038,Bhujangadasana Amanikere Govt lake,Outlet,12.818583,77.61525,2018-01-04,tss,8.0,8,False,mg/l,empri-2018
1038,BUAKJGabj_kr1-1038,Bhujangadasana Amanikere Govt lake,Outlet,12.818583,77.61525,2018-01-04,turbidity,7.4,7.4,False,NTU,empri-2018
1038,BUAKJGabj_kr1-1038,Bhujangadasana Amanikere Govt lake,Outlet,12.818583,77.61525,2018-01-04,dissolvedOxygen,7.8,7.8,False,mg/l,empri-2018
1038,BUAKJGabj_kr1-1038,Bhujangadasana Amanikere Govt lake,Outlet,12.818583,77.61525,2018-01-04,cod,32.0,32,False,mg/l,empri-2018
1038,BUAKJGabj_kr1-1038,Bhujangadasana Amanikere Govt lake,Outlet,12.818583,77.61525,2018-01-04,bod,7.6,7.60,False,mg/l,empri-2018
1038,BUAKJGabj_kr1-1038,Bhujangadasana Amanikere Govt lake,Outlet,12.818583,77.61525,2018-01-04,totalPhosphate,2.4,2.4,False,mg/l,empri-2018
1038,BUAKJGabj_kr1-1038,Bhujangadasana Amanikere Govt lake,Outlet,12.818583,77.61525,2018-01-04,tkn,28.0,28,False,mg/l,empri-2018
1038,BUAKJGabj_kr1-1038,Bhujangadasana Amanikere Govt lake,Outlet,12.818583,77.61525,2018-01-04,totalColiform,170.0,170,False,MPN/100ml,empri-2018
1039,BUAKJGbng_kr1-1039,Bannerughatta kunte1,,12.818111,77.578667,2018-01-04,waterTemperature,26.3,26.3,False,°C,empri-2018
1039,BUAKJGbng_kr1-1039,Bannerughatta kunte1,,12.818111,77.578667,2018-01-04,lightTransparency,20.0,20,False,cm,empri-2018
1039,BUAKJGbng_kr1-1039,Bannerughatta kunte1,,12.818111,77.578667,2018-01-04,ph,7.3,7.3,False,,empri-2018
1039,BUAKJGbng_kr1-1039,Bannerughatta kunte1,,12.818111,77.578667,2018-01-04,conductivity,827.0,827,False,µS/cm,empri-2018
1039,BUAKJGbng_kr1-1039,Bannerughatta kunte1,,12.818111,77.578667,2018-01-04,tds,504.0,504,False,mg/l,empri-2018
1039,BUAKJGbng_kr1-1039,Bannerughatta kunte1,,12.818111,77.578667,2018-01-04,tss,55.0,55,False,mg/l,empri-2018
1039,BUAKJGbng_kr1-1039,Bannerughatta kunte1,,12.818111,77.578667,2018-01-04,turbidity,20.0,20,False,NTU,empri-2018
1039,BUAKJGbng_kr1-1039,Bannerughatta kunte1,,12.818111,77.578667,2018-01-04,dissolvedOxygen,1.0,1,False,mg/l,empri-2018
1039,BUAKJGbng_kr1-1039,Bannerughatta kunte1,,12.818111,77.578667,2018-01-04,cod,96.0,96,False,mg/l,empri-2018
1039,BUAKJGbng_kr1-1039,Bannerughatta kunte1,,12.818111,77.578667,2018-01-04,bod,10.4,10.40,False,mg/l,empri-2018
1039,BUAKJGbng_kr1-1039,Bannerughatta kunte1,,12.818111,77.578667,2018-01-04,totalPhosphate,2.6,2.6,False,mg/l,empri-2018
1039,BUAKJGbng_kr1-1039,Bannerughatta kunte1,,12.818111,77.578667,2018-01-04,tkn,28.7,28.7,False,mg/l,empri-2018
1039,BUAKJGbng_kr1-1039,Bannerughatta kunte1,,12.818111,77.578667,2018-01-04,totalColiform,1600.0,>1600,False,MPN/100ml,empri-2018
1039,BUAKJGbng_kr1-1039,Bannerughatta kunte1,,12.818111,77.578667,2018-01-04,sewageInflow,,No Flow,False,cumecs,empri-2018
1040,BUAKJGbng_kr2-1040,Bannerughatta lake land,Inlet,12.806889,77.580944,2018-01-04,waterTemperature,23.2,23.2,False,°C,empri-2018
1040,BUAKJGbng_kr2-1040,Bannerughatta lake land,Inlet,12.806889,77.580944,2018-01-04,lightTransparency,,UM,False,cm,empri-2018
1040,BUAKJGbng_kr2-1040,Bannerughatta lake land,Inlet,12.806889,77.580944,2018-01-04,ph,7.2,7.2,False,,empri-2018
1040,BUAKJGbng_kr2-1040,Bannerughatta lake land,Inlet,12.806889,77.580944,2018-01-04,conductivity,751.0,751,False,µS/cm,empri-2018
1040,BUAKJGbng_kr2-1040,Bannerughatta lake land,Inlet,12.806889,77.580944,2018-01-04,tds,456.0,456,False,mg/l,empri-2018
1040,BUAKJGbng_kr2-1040,Bannerughatta lake land,Inlet,12.806889,77.580944,2018-01-04,tss,153.0,153,False,mg/l,empri-2018
1040,BUAKJGbng_kr2-1040,Bannerughatta lake land,Inlet,12.806889,77.580944,2018-01-04,turbidity,34.8,34.8,False,NTU,empri-2018
1040,BUAKJGbng_kr2-1040,Bannerughatta lake land,Inlet,12.806889,77.580944,2018-01-04,dissolvedOxygen,0.8,0.8,False,mg/l,empri-2018
1040,BUAKJGbng_kr2-1040,Bannerughatta lake land,Inlet,12.806889,77.580944,2018-01-04,cod,368.0,368,False,mg/l,empri-2018
1040,BUAKJGbng_kr2-1040,Bannerughatta lake land,Inlet,12.806889,77.580944,2018-01-04,bod,75.67,75.67,False,mg/l,empri-2018
1040,BUAKJGbng_kr2-1040,Bannerughatta lake land,Inlet,12.806889,77.580944,2018-01-04,totalPhosphate,2.2,2.2,False,mg/l,empri-2018
1040,BUAKJGbng_kr2-1040,Bannerughatta lake land,Inlet,12.806889,77.580944,2018-01-04,tkn,21.0,21,False,mg/l,empri-2018
1040,BUAKJGbng_kr2-1040,Bannerughatta lake land,Inlet,12.806889,77.580944,2018-01-04,totalColiform,9.0,9,False,MPN/100ml,empri-2018
1040,BUAKJGbng_kr2-1040,Bannerughatta lake land,Inlet,12.806889,77.580944,2018-01-04,sewageInflow,,No Flow,False,cumecs,empri-2018
1040,BUAKJGbng_kr2-1040,Bannerughatta lake land,Outlet,12.804139,77.565139,2018-01-04,waterTemperature,24.4,24.4,False,°C,empri-2018
1040,BUAKJGbng_kr2-1040,Bannerughatta lake land,Outlet,12.804139,77.565139,2018-01-04,lightTransparency,,UM,False,cm,empri-2018
1040,BUAKJGbng_kr2-1040,Bannerughatta lake land,Outlet,12.804139,77.565139,2018-01-04,ph,7.4,7.4,False,,empri-2018
1040,BUAKJGbng_kr2-1040,Bannerughatta lake land,Outlet,12.804139,77.565139,2018-01-04,conductivity,683.0,683,False,µS/cm,empri-2018
1040,BUAKJGbng_kr2-1040,Bannerughatta lake land,Outlet,12.804139,77.565139,2018-01-04,tds,446.0,446,False,mg/l,empri-2018
1040,BUAKJGbng_kr2-1040,Bannerughatta lake land,Outlet,12.804139,77.565139,2018-01-04,tss,49.0,49,False,mg/l,empri-2018
1040,BUAKJGbng_kr2-1040,Bannerughatta lake land,Outlet,12.804139,77.565139,2018-01-04,turbidity,15.1,15.1,False,NTU,empri-2018
1040,BUAKJGbng_kr2-1040,Bannerughatta lake land,Outlet,12.804139,77.565139,2018-01-04,dissolvedOxygen,3.4,3.4,False,mg/l,empri-2018
1040,BUAKJGbng_kr2-1040,Bannerughatta lake land,Outlet,12.804139,77.565139,2018-01-04,cod,128.0,128,False,mg/l,empri-2018
1040,BUAKJGbng_kr2-1040,Bannerughatta lake land,Outlet,12.804139,77.565139,2018-01-04,bod,11.8,11.80,False,mg/l,empri-2018
1040,BUAKJGbng_kr2-1040,Bannerughatta lake land,Outlet,12.804139,77.565139,2018-01-04,totalPhosphate,2.4,2.4,False,mg/l,empri-2018
1040,BUAKJGbng_kr2-1040,Bannerughatta lake land,Outlet,12.804139,77.565139,2018-01-04,tkn,18.9,18.9,False,mg/l,empri-2018
1040,BUAKJGbng_kr2-1040,Bannerughatta lake land,Outlet,12.804139,77.565139,2018-01-04,totalColiform,1600.0,1600,False,MPN/100ml,empri-2018
1041,BUAKJGbng_kr3-1041,Kumbarakere,,12.805,77.575333,2018-01-04,waterTemperature,22.8,22.8,False,°C,empri-2018
1041,BUAKJGbng_kr3-1041,Kumbarakere,,12.805,77.575333,2018-01-04,lightTransparency,,UM,False,cm,empri-2018
1041,BUAKJGbng_kr3-1041,Kumbarakere,,12.805,77.575333,2018-01-04,ph,8.0,8,False,,empri-2018
1041,BUAKJGbng_kr3-1041,Kumbarakere,,12.805,77.575333,2018-01-04,conductivity,112.0,112,False,µS/cm,empri-2018
1041,BUAKJGbng_kr3-1041,Kumbarakere,,12.805,77.575333,2018-01-04,tds,88.0,88,False,mg/l,empri-2018
1041,BUAKJGbng_kr3-1041,Kumbarakere,,12.805,77.575333,2018-01-04,tss,1.0,1,False,mg/l,empri-2018
1041,BUAKJGbng_kr3-1041,Kumbarakere,,12.805,77.575333,2018-01-04,turbidity,4.0,4,False,NTU,empri-2018
1041,BUAKJGbng_kr3-1041,Kumbarakere,,12.805,77.575333,2018-01-04,dissolvedOxygen,10.3,10.3,False,mg/l,empri-2018
1041,BUAKJGbng_kr3-1041,Kumbarakere,,12.805,77.575333,2018-01-04,cod,16.0,16,False,mg/l,empri-2018
1041,BUAKJGbng_kr3-1041,Kumbarakere,,12.805,77.575333,2018-01-04,bod,3.1,3.10,False,mg/l,empri-2018
1041,BUAKJGbng_kr3-1041,Kumbarakere,,12.805,77.575333,2018-01-04,totalPhosphate,0.4,0.4,False,mg/l,empri-2018
1041,BUAKJGbng_kr3-1041,Kumbarakere,,12.805,77.575333,2018-01-04,tkn,7.0,7,False,mg/l,empri-2018
1041,BUAKJGbng_kr3-1041,Kumbarakere,,12.805,77.575333,2018-01-04,totalColiform,1600.0,1600,False,MPN/100ml,empri-2018
1041,BUAKJGbng_kr3-1041,Kumbarakere,,12.805,77.575333,2018-01-04,sewageInflow,,No Flow,False,cumecs,empri-2018
1046,BUAKJGbgh_kr3-1046,Begihalli Govt. Kere,,12.794389,77.608111,2018-01-09,waterTemperature,24.5,24.5,False,°C,empri-2018
1046,BUAKJGbgh_kr3-1046,Begihalli Govt. Kere,,12.794389,77.608111,2018-01-09,lightTransparency,20.0,20,False,cm,empri-2018
1046,BUAKJGbgh_kr3-1046,Begihalli Govt. Kere,,12.794389,77.608111,2018-01-09,ph,7.9,7.9,False,,empri-2018
1046,BUAKJGbgh_kr3-1046,Begihalli Govt. Kere,,12.794389,77.608111,2018-01-09,conductivity,199.0,199,False,µS/cm,empri-2018
1046,BUAKJGbgh_kr3-1046,Begihalli Govt. Kere,,12.794389,77.608111,2018-01-09,tds,124.0,124,False,mg/l,empri-2018
1046,BUAKJGbgh_kr3-1046,Begihalli Govt. Kere,,12.794389,77.608111,2018-01-09,tss,13.0,13,False,mg/l,empri-2018
1046,BUAKJGbgh_kr3-1046,Begihalli Govt. Kere,,12.794389,77.608111,2018-01-09,turbidity,8.5,8.5,False,NTU,empri-2018
1046,BUAKJGbgh_kr3-1046,Begihalli Govt. Kere,,12.794389,77.608111,2018-01-09,dissolvedOxygen,6.3,6.3,False,mg/l,empri-2018
1046,BUAKJGbgh_kr3-1046,Begihalli Govt. Kere,,12.794389,77.608111,2018-01-09,cod,16.0,16,False,mg/l,empri-2018
1046,BUAKJGbgh_kr3-1046,Begihalli Govt. Kere,,12.794389,77.608111,2018-01-09,bod,0.54,0.54,False,mg/l,empri-2018
1046,BUAKJGbgh_kr3-1046,Begihalli Govt. Kere,,12.794389,77.608111,2018-01-09,totalPhosphate,0.4,0.4,False,mg/l,empri-2018
1046,BUAKJGbgh_kr3-1046,Begihalli Govt. Kere,,12.794389,77.608111,2018-01-09,tkn,12.6,12.6,False,mg/l,empri-2018
1046,BUAKJGbgh_kr3-1046,Begihalli Govt. Kere,,12.794389,77.608111,2018-01-09,totalColiform,17.0,17,False,MPN/100ml,empri-2018
1046,BUAKJGbgh_kr3-1046,Begihalli Govt. Kere,,12.794389,77.608111,2018-01-09,sewageInflow,,No Flow,False,cumecs,empri-2018
1052,BUAKJGbhu_kr6-1052,Bhutanahlli lake,,12.804583,77.556778,2018-01-04,waterTemperature,25.6,25.6,False,°C,empri-2018
1052,BUAKJGbhu_kr6-1052,Bhutanahlli lake,,12.804583,77.556778,2018-01-04,lightTransparency,18.0,18,False,cm,empri-2018
1052,BUAKJGbhu_kr6-1052,Bhutanahlli lake,,12.804583,77.556778,2018-01-04,ph,8.0,8,False,,empri-2018
1052,BUAKJGbhu_kr6-1052,Bhutanahlli lake,,12.804583,77.556778,2018-01-04,conductivity,154.0,154,False,µS/cm,empri-2018
1052,BUAKJGbhu_kr6-1052,Bhutanahlli lake,,12.804583,77.556778,2018-01-04,tds,114.0,114,False,mg/l,empri-2018
1052,BUAKJGbhu_kr6-1052,Bhutanahlli lake,,12.804583,77.556778,2018-01-04,tss,23.0,23,False,mg/l,empri-2018
1052,BUAKJGbhu_kr6-1052,Bhutanahlli lake,,12.804583,77.556778,2018-01-04,turbidity,15.2,15.2,False,NTU,empri-2018
1052,BUAKJGbhu_kr6-1052,Bhutanahlli lake,,12.804583,77.556778,2018-01-04,dissolvedOxygen,7.8,7.8,False,mg/l,empri-2018
1052,BUAKJGbhu_kr6-1052,Bhutanahlli lake,,12.804583,77.556778,2018-01-04,cod,16.0,16,False,mg/l,empri-2018
1052,BUAKJGbhu_kr6-1052,Bhutanahlli lake,,12.804583,77.556778,2018-01-04,bod,3.78,3.78,False,mg/l,empri-2018
1052,BUAKJGbhu_kr6-1052,Bhutanahlli lake,,12.804583,77.556778,2018-01-04,totalPhosphate,1.4,1.4,False,mg/l,empri-2018
1052,BUAKJGbhu_kr6-1052,Bhutanahlli lake,,12.804583,77.556778,2018-01-04,tkn,14.0,14,False,mg/l,empri-2018
1052,BUAKJGbhu_kr6-1052,Bhutanahlli lake,,12.804583,77.556778,2018-01-04,totalColiform,1600.0,>1600,False,MPN/100ml,empri-2018
1052,BUAKJGbhu_kr6-1052,Bhutanahlli lake,,12.804583,77.556778,2018-01-04,sewageInflow,,No Flow,False,cumecs,empri-2018
1055,BUAKJGbhu_kr9-1054a,Byatarayanadoddi kere,,12.819278,77.549694,2018-01-09,waterTemperature,21.0,21,False,°C,empri-2018
1055,BUAKJGbhu_kr9-1054a,Byatarayanadoddi kere,,12.819278,77.549694,2018-01-09,lightTransparency,18.0,18,False,cm,empri-2018
1055,BUAKJGbhu_kr9-1054a,Byatarayanadoddi kere,,12.819278,77.549694,2018-01-09,ph,8.2,8.2,False,,empri-2018
1055,BUAKJGbhu_kr9-1054a,Byatarayanadoddi kere,,12.819278,77.549694,2018-01-09,conductivity,1044.0,1044,False,µS/cm,empri-2018
1055,BUAKJGbhu_kr9-1054a,Byatarayanadoddi kere,,12.819278,77.549694,2018-01-09,tds,910.0,910,False,mg/l,empri-2018
1055,BUAKJGbhu_kr9-1054a,Byatarayanadoddi kere,,12.819278,77.549694,2018-01-09,tss,16.0,16,False,mg/l,empri-2018
1055,BUAKJGbhu_kr9-1054a,Byatarayanadoddi kere,,12.819278,77.549694,2018-01-09,turbidity,13.8,13.8,False,NTU,empri-2018
1055,BUAKJGbhu_kr9-1054a,Byatarayanadoddi kere,,12.819278,77.549694,2018-01-09,dissolvedOxygen,5.1,5.1,False,mg/l,empri-2018
1055,BUAKJGbhu_kr9-1054a,Byatarayanadoddi kere,,12.819278,77.549694,2018-01-09,cod,80.0,80,False,mg/l,empri-2018
1055,BUAKJGbhu_kr9-1054a,Byatarayanadoddi kere,,12.819278,77.549694,2018-01-09,bod,0.49,0.49,False,mg/l,empri-2018
1055,BUAKJGbhu_kr9-1054a,Byatarayanadoddi kere,,12.819278,77.549694,2018-01-09,totalPhosphate,0.4,0.4,False,mg/l,empri-2018
1055,BUAKJGbhu_kr9-1054a,Byatarayanadoddi kere,,12.819278,77.549694,2018-01-09,tkn,10.5,10.5,False,mg/l,empri-2018
1055,BUAKJGbhu_kr9-1054a,Byatarayanadoddi kere,,12.819278,77.549694,2018-01-09,totalColiform,1600.0,1600,False,MPN/100ml,empri-2018
1055,BUAKJGbhu_kr9-1054a,Byatarayanadoddi kere,,12.819278,77.549694,2018-01-09,sewageInflow,,No Flow,False,cumecs,empri-2018
1056,BUAKJGbwd_kr1-1055,Bilwaradahalli kere,Inlet,12.830944,77.575,2018-01-04,waterTemperature,25.0,25,False,°C,empri-2018
1056,BUAKJGbwd_kr1-1055,Bilwaradahalli kere,Inlet,12.830944,77.575,2018-01-04,lightTransparency,20.0,20,False,cm,empri-2018
1056,BUAKJGbwd_kr1-1055,Bilwaradahalli kere,Inlet,12.830944,77.575,2018-01-04,ph,8.0,8,False,,empri-2018
1056,BUAKJGbwd_kr1-1055,Bilwaradahalli kere,Inlet,12.830944,77.575,2018-01-04,conductivity,500.0,500,False,µS/cm,empri-2018
1056,BUAKJGbwd_kr1-1055,Bilwaradahalli kere,Inlet,12.830944,77.575,2018-01-04,tds,468.0,468,False,mg/l,empri-2018
1056,BUAKJGbwd_kr1-1055,Bilwaradahalli kere,Inlet,12.830944,77.575,2018-01-04,tss,42.0,42,False,mg/l,empri-2018
1056,BUAKJGbwd_kr1-1055,Bilwaradahalli kere,Inlet,12.830944,77.575,2018-01-04,turbidity,18.5,18.5,False,NTU,empri-2018
1056,BUAKJGbwd_kr1-1055,Bilwaradahalli kere,Inlet,12.830944,77.575,2018-01-04,dissolvedOxygen,7.0,7,False,mg/l,empri-2018
1056,BUAKJGbwd_kr1-1055,Bilwaradahalli kere,Inlet,12.830944,77.575,2018-01-04,cod,176.0,176,False,mg/l,empri-2018
1056,BUAKJGbwd_kr1-1055,Bilwaradahalli kere,Inlet,12.830944,77.575,2018-01-04,bod,8.11,8.11,False,mg/l,empri-2018
1056,BUAKJGbwd_kr1-1055,Bilwaradahalli kere,Inlet,12.830944,77.575,2018-01-04,totalPhosphate,0.8,0.8,False,mg/l,empri-2018
1056,BUAKJGbwd_kr1-1055,Bilwaradahalli kere,Inlet,12.830944,77.575,2018-01-04,tkn,5.6,5.6,False,mg/l,empri-2018
1056,BUAKJGbwd_kr1-1055,Bilwaradahalli kere,Inlet,12.830944,77.575,2018-01-04,totalColiform,17.0,17,False,MPN/100ml,empri-2018
1056,BUAKJGbwd_kr1-1055,Bilwaradahalli kere,Inlet,12.830944,77.575,2018-01-04,sewageInflow,,No Flow,False,cumecs,empri-2018
1056,BUAKJGbwd_kr1-1055,Bilwaradahalli kere,Outlet,12.832722,77.574833,2018-01-04,waterTemperature,26.7,26.7,False,°C,empri-2018
1056,BUAKJGbwd_kr1-1055,Bilwaradahalli kere,Outlet,12.832722,77.574833,2018-01-04,lightTransparency,25.0,25,False,cm,empri-2018
1056,BUAKJGbwd_kr1-1055,Bilwaradahalli kere,Outlet,12.832722,77.574833,2018-01-04,ph,8.1,8.1,False,,empri-2018
1056,BUAKJGbwd_kr1-1055,Bilwaradahalli kere,Outlet,12.832722,77.574833,2018-01-04,conductivity,483.0,483,False,µS/cm,empri-2018
1056,BUAKJGbwd_kr1-1055,Bilwaradahalli kere,Outlet,12.832722,77.574833,2018-01-04,tds,308.0,308,False,mg/l,empri-2018
1056,BUAKJGbwd_kr1-1055,Bilwaradahalli kere,Outlet,12.832722,77.574833,2018-01-04,tss,14.0,14,False,mg/l,empri-2018
1056,BUAKJGbwd_kr1-1055,Bilwaradahalli kere,Outlet,12.832722,77.574833,2018-01-04,turbidity,6.5,6.5,False,NTU,empri-2018
1056,BUAKJGbwd_kr1-1055,Bilwaradahalli kere,Outlet,12.832722,77.574833,2018-01-04,dissolvedOxygen,8.4,8.4,False,mg/l,empri-2018
1056,BUAKJGbwd_kr1-1055,Bilwaradahalli kere,Outlet,12.832722,77.574833,2018-01-04,cod,32.0,32,False,mg/l,empri-2018
1056,BUAKJGbwd_kr1-1055,Bilwaradahalli kere,Outlet,12.832722,77.574833,2018-01-04,bod,8.11,8.11,False,mg/l,empri-2018
1056,BUAKJGbwd_kr1-1055,Bilwaradahalli kere,Outlet,12.832722,77.574833,2018-01-04,totalPhosphate,0.4,0.4,False,mg/l,empri-2018
1056,BUAKJGbwd_kr1-1055,Bilwaradahalli kere,Outlet,12.832722,77.574833,2018-01-04,tkn,21.0,21,False,mg/l,empri-2018
1056,BUAKJGbwd_kr1-1055,Bilwaradahalli kere,Outlet,12.832722,77.574833,2018-01-04,totalColiform,1600.0,>1600,False,MPN/100ml,empri-2018
1058,BUAKJGbwd_kr3-1056a,Bilwaradahalli Hosakere,,12.835083,77.563306,2018-01-09,waterTemperature,19.9,19.9,False,°C,empri-2018
1058,BUAKJGbwd_kr3-1056a,Bilwaradahalli Hosakere,,12.835083,77.563306,2018-01-09,lightTransparency,45.0,45,False,cm,empri-2018
1058,BUAKJGbwd_kr3-1056a,Bilwaradahalli Hosakere,,12.835083,77.563306,2018-01-09,ph,8.3,8.3,False,,empri-2018
1058,BUAKJGbwd_kr3-1056a,Bilwaradahalli Hosakere,,12.835083,77.563306,2018-01-09,conductivity,1161.0,1161,False,µS/cm,empri-2018
1058,BUAKJGbwd_kr3-1056a,Bilwaradahalli Hosakere,,12.835083,77.563306,2018-01-09,tds,1008.0,1008,False,mg/l,empri-2018
1058,BUAKJGbwd_kr3-1056a,Bilwaradahalli Hosakere,,12.835083,77.563306,2018-01-09,tss,28.0,28,False,mg/l,empri-2018
1058,BUAKJGbwd_kr3-1056a,Bilwaradahalli Hosakere,,12.835083,77.563306,2018-01-09,turbidity,11.7,11.7,False,NTU,empri-2018
1058,BUAKJGbwd_kr3-1056a,Bilwaradahalli Hosakere,,12.835083,77.563306,2018-01-09,dissolvedOxygen,2.7,2.7,False,mg/l,empri-2018
1058,BUAKJGbwd_kr3-1056a,Bilwaradahalli Hosakere,,12.835083,77.563306,2018-01-09,cod,80.0,80,False,mg/l,empri-2018
1058,BUAKJGbwd_kr3-1056a,Bilwaradahalli Hosakere,,12.835083,77.563306,2018-01-09,bod,1.48,1.48,False,mg/l,empri-2018
1058,BUAKJGbwd_kr3-1056a,Bilwaradahalli Hosakere,,12.835083,77.563306,2018-01-09,totalPhosphate,1.2,1.2,False,mg/l,empri-2018
1058,BUAKJGbwd_kr3-1056a,Bilwaradahalli Hosakere,,12.835083,77.563306,2018-01-09,tkn,8.4,8.4,False,mg/l,empri-2018
1058,BUAKJGbwd_kr3-1056a,Bilwaradahalli Hosakere,,12.835083,77.563306,2018-01-09,totalColiform,1600.0,>1600,False,MPN/100ml,empri-2018
1058,BUAKJGbwd_kr3-1056a,Bilwaradahalli Hosakere,,12.835083,77.563306,2018-01-09,sewageInflow,,No Flow,False,cumecs,empri-2018
1059,BUAKJGbin_kr1-1057,Bingipura lake,Inlet,12.832778,77.629917,2017-12-06,waterTemperature,27.6,27.6,False,°C,empri-2018
1059,BUAKJGbin_kr1-1057,Bingipura lake,Inlet,12.832778,77.629917,2017-12-06,lightTransparency,9.0,9,False,cm,empri-2018
1059,BUAKJGbin_kr1-1057,Bingipura lake,Inlet,12.832778,77.629917,2017-12-06,ph,7.7,7.7,False,,empri-2018
1059,BUAKJGbin_kr1-1057,Bingipura lake,Inlet,12.832778,77.629917,2017-12-06,conductivity,1058.0,1058,False,µS/cm,empri-2018
1059,BUAKJGbin_kr1-1057,Bingipura lake,Inlet,12.832778,77.629917,2017-12-06,tds,842.0,842,False,mg/l,empri-2018
1059,BUAKJGbin_kr1-1057,Bingipura lake,Inlet,12.832778,77.629917,2017-12-06,tss,21.0,21,False,mg/l,empri-2018
1059,BUAKJGbin_kr1-1057,Bingipura lake,Inlet,12.832778,77.629917,2017-12-06,turbidity,16.2,16.2,False,NTU,empri-2018
1059,BUAKJGbin_kr1-1057,Bingipura lake,Inlet,12.832778,77.629917,2017-12-06,dissolvedOxygen,7.8,7.8,False,mg/l,empri-2018
1059,BUAKJGbin_kr1-1057,Bingipura lake,Inlet,12.832778,77.629917,2017-12-06,cod,48.0,48,False,mg/l,empri-2018
1059,BUAKJGbin_kr1-1057,Bingipura lake,Inlet,12.832778,77.629917,2017-12-06,bod,13.8,13.80,False,mg/l,empri-2018
1059,BUAKJGbin_kr1-1057,Bingipura lake,Inlet,12.832778,77.629917,2017-12-06,totalPhosphate,0.1,0.1,False,mg/l,empri-2018
1059,BUAKJGbin_kr1-1057,Bingipura lake,Inlet,12.832778,77.629917,2017-12-06,tkn,14.0,14,False,mg/l,empri-2018
1059,BUAKJGbin_kr1-1057,Bingipura lake,Inlet,12.832778,77.629917,2017-12-06,totalColiform,900.0,900,False,MPN/100ml,empri-2018
1059,BUAKJGbin_kr1-1057,Bingipura lake,Inlet,12.832778,77.629917,2017-12-06,sewageInflow,,No Flow,False,cumecs,empri-2018
1059,BUAKJGbin_kr1-1057,Bingipura lake,Outlet,12.832889,77.632222,2017-12-06,waterTemperature,27.9,27.9,False,°C,empri-2018
1059,BUAKJGbin_kr1-1057,Bingipura lake,Outlet,12.832889,77.632222,2017-12-06,lightTransparency,13.0,13,False,cm,empri-2018
1059,BUAKJGbin_kr1-1057,Bingipura lake,Outlet,12.832889,77.632222,2017-12-06,ph,8.4,8.4,False,,empri-2018
1059,BUAKJGbin_kr1-1057,Bingipura lake,Outlet,12.832889,77.632222,2017-12-06,conductivity,1001.0,1001,False,µS/cm,empri-2018
1059,BUAKJGbin_kr1-1057,Bingipura lake,Outlet,12.832889,77.632222,2017-12-06,tds,650.0,650,False,mg/l,empri-2018
1059,BUAKJGbin_kr1-1057,Bingipura lake,Outlet,12.832889,77.632222,2017-12-06,tss,50.0,50,False,mg/l,empri-2018
1059,BUAKJGbin_kr1-1057,Bingipura lake,Outlet,12.832889,77.632222,2017-12-06,turbidity,17.3,17.3,False,NTU,empri-2018
1059,BUAKJGbin_kr1-1057,Bingipura lake,Outlet,12.832889,77.632222,2017-12-06,dissolvedOxygen,7.6,7.6,False,mg/l,empri-2018
1059,BUAKJGbin_kr1-1057,Bingipura lake,Outlet,12.832889,77.632222,2017-12-06,cod,80.0,80,False,mg/l,empri-2018
1059,BUAKJGbin_kr1-1057,Bingipura lake,Outlet,12.832889,77.632222,2017-12-06,bod,22.6,22.60,False,mg/l,empri-2018
1059,BUAKJGbin_kr1-1057,Bingipura lake,Outlet,12.832889,77.632222,2017-12-06,totalPhosphate,0.2,0.2,False,mg/l,empri-2018
1059,BUAKJGbin_kr1-1057,Bingipura lake,Outlet,12.832889,77.632222,2017-12-06,tkn,28.0,28,False,mg/l,empri-2018
1059,BUAKJGbin_kr1-1057,Bingipura lake,Outlet,12.832889,77.632222,2017-12-06,totalColiform,50.0,50,False,MPN/100ml,empri-2018
1066,BUAKJGbin_kr8-1064,Honnashetti kere,,12.81825,77.624389,2017-12-06,waterTemperature,28.2,28.2,False,°C,empri-2018
1066,BUAKJGbin_kr8-1064,Honnashetti kere,,12.81825,77.624389,2017-12-06,lightTransparency,11.0,11,False,cm,empri-2018
1066,BUAKJGbin_kr8-1064,Honnashetti kere,,12.81825,77.624389,2017-12-06,ph,8.1,8.1,False,,empri-2018
1066,BUAKJGbin_kr8-1064,Honnashetti kere,,12.81825,77.624389,2017-12-06,conductivity,393.0,393,False,µS/cm,empri-2018
1066,BUAKJGbin_kr8-1064,Honnashetti kere,,12.81825,77.624389,2017-12-06,tds,360.0,360,False,mg/l,empri-2018
1066,BUAKJGbin_kr8-1064,Honnashetti kere,,12.81825,77.624389,2017-12-06,tss,25.0,25,False,mg/l,empri-2018
1066,BUAKJGbin_kr8-1064,Honnashetti kere,,12.81825,77.624389,2017-12-06,turbidity,38.6,38.6,False,NTU,empri-2018
1066,BUAKJGbin_kr8-1064,Honnashetti kere,,12.81825,77.624389,2017-12-06,dissolvedOxygen,9.0,9,False,mg/l,empri-2018
1066,BUAKJGbin_kr8-1064,Honnashetti kere,,12.81825,77.624389,2017-12-06,cod,16.0,16,False,mg/l,empri-2018
1066,BUAKJGbin_kr8-1064,Honnashetti kere,,12.81825,77.624389,2017-12-06,bod,14.09,14.09,False,mg/l,empri-2018
1066,BUAKJGbin_kr8-1064,Honnashetti kere,,12.81825,77.624389,2017-12-06,totalPhosphate,0.1,0.1,False,mg/l,empri-2018
1066,BUAKJGbin_kr8-1064,Honnashetti kere,,12.81825,77.624389,2017-12-06,tkn,14.0,14,False,mg/l,empri-2018
1066,BUAKJGbin_kr8-1064,Honnashetti kere,,12.81825,77.624389,2017-12-06,totalColiform,33.0,33,False,MPN/100ml,empri-2018
1066,BUAKJGbin_kr8-1064,Honnashetti kere,,12.81825,77.624389,2017-12-06,sewageInflow,,No Flow,False,cumecs,empri-2018
1069,BUAKJGglh_kr1-1067,Gollahalli lake,,12.820194,77.584722,2018-01-10,waterTemperature,23.6,23.6,False,°C,empri-2018
1069,BUAKJGglh_kr1-1067,Gollahalli lake,,12.820194,77.584722,2018-01-10,lightTransparency,,UM,False,cm,empri-2018
1069,BUAKJGglh_kr1-1067,Gollahalli lake,,12.820194,77.584722,2018-01-10,ph,7.7,7.7,False,,empri-2018
1069,BUAKJGglh_kr1-1067,Gollahalli lake,,12.820194,77.584722,2018-01-10,conductivity,1078.0,1078,False,µS/cm,empri-2018
1069,BUAKJGglh_kr1-1067,Gollahalli lake,,12.820194,77.584722,2018-01-10,tds,820.0,820,False,mg/l,empri-2018
1069,BUAKJGglh_kr1-1067,Gollahalli lake,,12.820194,77.584722,2018-01-10,tss,25.0,25,False,mg/l,empri-2018
1069,BUAKJGglh_kr1-1067,Gollahalli lake,,12.820194,77.584722,2018-01-10,turbidity,2.4,2.4,False,NTU,empri-2018
1069,BUAKJGglh_kr1-1067,Gollahalli lake,,12.820194,77.584722,2018-01-10,dissolvedOxygen,1.5,1.5,False,mg/l,empri-2018
1069,BUAKJGglh_kr1-1067,Gollahalli lake,,12.820194,77.584722,2018-01-10,cod,48.0,48,False,mg/l,empri-2018
1069,BUAKJGglh_kr1-1067,Gollahalli lake,,12.820194,77.584722,2018-01-10,bod,6.7,6.70,False,mg/l,empri-2018
1069,BUAKJGglh_kr1-1067,Gollahalli lake,,12.820194,77.584722,2018-01-10,totalPhosphate,1.4,1.4,False,mg/l,empri-2018
1069,BUAKJGglh_kr1-1067,Gollahalli lake,,12.820194,77.584722,2018-01-10,tkn,7.0,7,False,mg/l,empri-2018
1069,BUAKJGglh_kr1-1067,Gollahalli lake,,12.820194,77.584722,2018-01-10,totalColiform,170.0,170,False,MPN/100ml,empri-2018
1069,BUAKJGglh_kr1-1067,Gollahalli lake,,12.820194,77.584722,2018-01-10,sewageInflow,,No Flow,False,cumecs,empri-2018
1073,BUAKJGhlm_kr2-1071,Hulimangala katte,,12.828111,77.644028,2017-12-06,waterTemperature,28.3,28.3,False,°C,empri-2018
1073,BUAKJGhlm_kr2-1071,Hulimangala katte,,12.828111,77.644028,2017-12-06,lightTransparency,45.0,45,False,cm,empri-2018
1073,BUAKJGhlm_kr2-1071,Hulimangala katte,,12.828111,77.644028,2017-12-06,ph,7.1,7.1,False,,empri-2018
1073,BUAKJGhlm_kr2-1071,Hulimangala katte,,12.828111,77.644028,2017-12-06,conductivity,131.0,131,False,µS/cm,empri-2018
1073,BUAKJGhlm_kr2-1071,Hulimangala katte,,12.828111,77.644028,2017-12-06,tds,120.0,120,False,mg/l,empri-2018
1073,BUAKJGhlm_kr2-1071,Hulimangala katte,,12.828111,77.644028,2017-12-06,tss,15.0,15,False,mg/l,empri-2018
1073,BUAKJGhlm_kr2-1071,Hulimangala katte,,12.828111,77.644028,2017-12-06,turbidity,6.4,6.4,False,NTU,empri-2018
1073,BUAKJGhlm_kr2-1071,Hulimangala katte,,12.828111,77.644028,2017-12-06,dissolvedOxygen,7.0,7,False,mg/l,empri-2018
1073,BUAKJGhlm_kr2-1071,Hulimangala katte,,12.828111,77.644028,2017-12-06,cod,32.0,32,False,mg/l,empri-2018
1073,BUAKJGhlm_kr2-1071,Hulimangala katte,,12.828111,77.644028,2017-12-06,bod,8.16,8.16,False,mg/l,empri-2018
1073,BUAKJGhlm_kr2-1071,Hulimangala katte,,12.828111,77.644028,2017-12-06,totalPhosphate,0.1,0.1,False,mg/l,empri-2018
1073,BUAKJGhlm_kr2-1071,Hulimangala katte,,12.828111,77.644028,2017-12-06,tkn,14.0,14,False,mg/l,empri-2018
1073,BUAKJGhlm_kr2-1071,Hulimangala katte,,12.828111,77.644028,2017-12-06,totalColiform,1600.0,>1600,False,MPN/100ml,empri-2018
1073,BUAKJGhlm_kr2-1071,Hulimangala katte,,12.828111,77.644028,2017-12-06,sewageInflow,,No Flow,False,cumecs,empri-2018
1075,BUAKJGhlm_kr4-1073,Hulimangala Govt. Kodi Kere,,12.82375,77.645556,2017-12-06,waterTemperature,27.4,27.4,False,°C,empri-2018
1075,BUAKJGhlm_kr4-1073,Hulimangala Govt. Kodi Kere,,12.82375,77.645556,2017-12-06,lightTransparency,8.0,8,False,cm,empri-2018
1075,BUAKJGhlm_kr4-1073,Hulimangala Govt. Kodi Kere,,12.82375,77.645556,2017-12-06,ph,6.3,6.3,False,,empri-2018
1075,BUAKJGhlm_kr4-1073,Hulimangala Govt. Kodi Kere,,12.82375,77.645556,2017-12-06,conductivity,111.0,111,False,µS/cm,empri-2018
1075,BUAKJGhlm_kr4-1073,Hulimangala Govt. Kodi Kere,,12.82375,77.645556,2017-12-06,tds,96.0,96,False,mg/l,empri-2018
1075,BUAKJGhlm_kr4-1073,Hulimangala Govt. Kodi Kere,,12.82375,77.645556,2017-12-06,tss,11.0,11,False,mg/l,empri-2018
1075,BUAKJGhlm_kr4-1073,Hulimangala Govt. Kodi Kere,,12.82375,77.645556,2017-12-06,turbidity,40.7,40.7,False,NTU,empri-2018
1075,BUAKJGhlm_kr4-1073,Hulimangala Govt. Kodi Kere,,12.82375,77.645556,2017-12-06,dissolvedOxygen,6.2,6.2,False,mg/l,empri-2018
1075,BUAKJGhlm_kr4-1073,Hulimangala Govt. Kodi Kere,,12.82375,77.645556,2017-12-06,cod,32.0,32,False,mg/l,empri-2018
1075,BUAKJGhlm_kr4-1073,Hulimangala Govt. Kodi Kere,,12.82375,77.645556,2017-12-06,bod,4.08,4.08,False,mg/l,empri-2018
1075,BUAKJGhlm_kr4-1073,Hulimangala Govt. Kodi Kere,,12.82375,77.645556,2017-12-06,totalPhosphate,0.2,0.2,False,mg/l,empri-2018
1075,BUAKJGhlm_kr4-1073,Hulimangala Govt. Kodi Kere,,12.82375,77.645556,2017-12-06,tkn,28.0,28,False,mg/l,empri-2018
1075,BUAKJGhlm_kr4-1073,Hulimangala Govt. Kodi Kere,,12.82375,77.645556,2017-12-06,totalColiform,240.0,240,False,MPN/100ml,empri-2018
1075,BUAKJGhlm_kr4-1073,Hulimangala Govt. Kodi Kere,,12.82375,77.645556,2017-12-06,sewageInflow,,No Flow,False,cumecs,empri-2018
1078,BUAKJGhlm_kr7-1076,Hulimangala Govt. kere,,12.815278,77.634389,2017-12-06,waterTemperature,24.6,24.6,False,°C,empri-2018
1078,BUAKJGhlm_kr7-1076,Hulimangala Govt. kere,,12.815278,77.634389,2017-12-06,lightTransparency,49.0,49,False,cm,empri-2018
1078,BUAKJGhlm_kr7-1076,Hulimangala Govt. kere,,12.815278,77.634389,2017-12-06,ph,6.9,6.9,False,,empri-2018
1078,BUAKJGhlm_kr7-1076,Hulimangala Govt. kere,,12.815278,77.634389,2017-12-06,conductivity,312.0,312,False,µS/cm,empri-2018
1078,BUAKJGhlm_kr7-1076,Hulimangala Govt. kere,,12.815278,77.634389,2017-12-06,tds,220.0,220,False,mg/l,empri-2018
1078,BUAKJGhlm_kr7-1076,Hulimangala Govt. kere,,12.815278,77.634389,2017-12-06,tss,82.0,82,False,mg/l,empri-2018
1078,BUAKJGhlm_kr7-1076,Hulimangala Govt. kere,,12.815278,77.634389,2017-12-06,turbidity,7.3,7.3,False,NTU,empri-2018
1078,BUAKJGhlm_kr7-1076,Hulimangala Govt. kere,,12.815278,77.634389,2017-12-06,dissolvedOxygen,2.8,2.8,False,mg/l,empri-2018
1078,BUAKJGhlm_kr7-1076,Hulimangala Govt. kere,,12.815278,77.634389,2017-12-06,cod,32.0,32,False,mg/l,empri-2018
1078,BUAKJGhlm_kr7-1076,Hulimangala Govt. kere,,12.815278,77.634389,2017-12-06,bod,30.6,30.60,False,mg/l,empri-2018
1078,BUAKJGhlm_kr7-1076,Hulimangala Govt. kere,,12.815278,77.634389,2017-12-06,totalPhosphate,0.2,0.2,False,mg/l,empri-2018
1078,BUAKJGhlm_kr7-1076,Hulimangala Govt. kere,,12.815278,77.634389,2017-12-06,tkn,14.0,14,False,mg/l,empri-2018
1078,BUAKJGhlm_kr7-1076,Hulimangala Govt. kere,,12.815278,77.634389,2017-12-06,totalColiform,900.0,900,False,MPN/100ml,empri-2018
1078,BUAKJGhlm_kr7-1076,Hulimangala Govt. kere,,12.815278,77.634389,2017-12-06,sewageInflow,,No Flow,False,cumecs,empri-2018
1082,BUAKJGhul_kr1-1080,Hullahalli Kharab Kere,,12.836528,77.617306,2017-12-06,waterTemperature,27.4,27.4,False,°C,empri-2018
1082,BUAKJGhul_kr1-1080,Hullahalli Kharab Kere,,12.836528,77.617306,2017-12-06,lightTransparency,11.0,11,False,cm,empri-2018
1082,BUAKJGhul_kr1-1080,Hullahalli Kharab Kere,,12.836528,77.617306,2017-12-06,ph,7.7,7.7,False,,empri-2018
1082,BUAKJGhul_kr1-1080,Hullahalli Kharab Kere,,12.836528,77.617306,2017-12-06,conductivity,287.0,287,False,µS/cm,empri-2018
1082,BUAKJGhul_kr1-1080,Hullahalli Kharab Kere,,12.836528,77.617306,2017-12-06,tds,252.0,252,False,mg/l,empri-2018
1082,BUAKJGhul_kr1-1080,Hullahalli Kharab Kere,,12.836528,77.617306,2017-12-06,tss,20.0,20,False,mg/l,empri-2018
1082,BUAKJGhul_kr1-1080,Hullahalli Kharab Kere,,12.836528,77.617306,2017-12-06,turbidity,41.0,41,False,NTU,empri-2018
1082,BUAKJGhul_kr1-1080,Hullahalli Kharab Kere,,12.836528,77.617306,2017-12-06,dissolvedOxygen,7.4,7.4,False,mg/l,empri-2018
1082,BUAKJGhul_kr1-1080,Hullahalli Kharab Kere,,12.836528,77.617306,2017-12-06,cod,16.0,16,False,mg/l,empri-2018
1082,BUAKJGhul_kr1-1080,Hullahalli Kharab Kere,,12.836528,77.617306,2017-12-06,bod,8.67,8.67,False,mg/l,empri-2018
1082,BUAKJGhul_kr1-1080,Hullahalli Kharab Kere,,12.836528,77.617306,2017-12-06,totalPhosphate,0.1,0.1,False,mg/l,empri-2018
1082,BUAKJGhul_kr1-1080,Hullahalli Kharab Kere,,12.836528,77.617306,2017-12-06,tkn,28.0,28,False,mg/l,empri-2018
1082,BUAKJGhul_kr1-1080,Hullahalli Kharab Kere,,12.836528,77.617306,2017-12-06,totalColiform,33.0,33,False,MPN/100ml,empri-2018
1082,BUAKJGhul_kr1-1080,Hullahalli Kharab Kere,,12.836528,77.617306,2017-12-06,sewageInflow,,No Flow,False,cumecs,empri-2018
1084,BUAKJGhul_kr3-1082,Matadakere,,12.82825,77.619972,2017-12-06,waterTemperature,26.4,26.4,False,°C,empri-2018
1084,BUAKJGhul_kr3-1082,Matadakere,,12.82825,77.619972,2017-12-06,lightTransparency,22.0,22,False,cm,empri-2018
1084,BUAKJGhul_kr3-1082,Matadakere,,12.82825,77.619972,2017-12-06,ph,7.5,7.5,False,,empri-2018
1084,BUAKJGhul_kr3-1082,Matadakere,,12.82825,77.619972,2017-12-06,conductivity,293.0,293,False,µS/cm,empri-2018
1084,BUAKJGhul_kr3-1082,Matadakere,,12.82825,77.619972,2017-12-06,tds,272.0,272,False,mg/l,empri-2018
1084,BUAKJGhul_kr3-1082,Matadakere,,12.82825,77.619972,2017-12-06,tss,13.0,13,False,mg/l,empri-2018
1084,BUAKJGhul_kr3-1082,Matadakere,,12.82825,77.619972,2017-12-06,turbidity,12.0,12,False,NTU,empri-2018
1084,BUAKJGhul_kr3-1082,Matadakere,,12.82825,77.619972,2017-12-06,dissolvedOxygen,6.2,6.2,False,mg/l,empri-2018
1084,BUAKJGhul_kr3-1082,Matadakere,,12.82825,77.619972,2017-12-06,cod,16.0,16,False,mg/l,empri-2018
1084,BUAKJGhul_kr3-1082,Matadakere,,12.82825,77.619972,2017-12-06,bod,5.42,5.42,False,mg/l,empri-2018
1084,BUAKJGhul_kr3-1082,Matadakere,,12.82825,77.619972,2017-12-06,totalPhosphate,0.6,0.6,False,mg/l,empri-2018
1084,BUAKJGhul_kr3-1082,Matadakere,,12.82825,77.619972,2017-12-06,tkn,14.0,14,False,mg/l,empri-2018
1084,BUAKJGhul_kr3-1082,Matadakere,,12.82825,77.619972,2017-12-06,totalColiform,1600.0,1600,False,MPN/100ml,empri-2018
1084,BUAKJGhul_kr3-1082,Matadakere,,12.82825,77.619972,2017-12-06,sewageInflow,,No Flow,False,cumecs,empri-2018
1087,BUAKJGhul_kr6-1085,Govt. Kharabu Kattehonge kere,,12.832167,77.612861,2017-12-06,waterTemperature,29.0,29,False,°C,empri-2018
1087,BUAKJGhul_kr6-1085,Govt. Kharabu Kattehonge kere,,12.832167,77.612861,2017-12-06,lightTransparency,,UM,False,cm,empri-2018
1087,BUAKJGhul_kr6-1085,Govt. Kharabu Kattehonge kere,,12.832167,77.612861,2017-12-06,ph,7.1,7.1,False,,empri-2018
1087,BUAKJGhul_kr6-1085,Govt. Kharabu Kattehonge kere,,12.832167,77.612861,2017-12-06,conductivity,345.0,345,False,µS/cm,empri-2018
1087,BUAKJGhul_kr6-1085,Govt. Kharabu Kattehonge kere,,12.832167,77.612861,2017-12-06,tds,270.0,270,False,mg/l,empri-2018
1087,BUAKJGhul_kr6-1085,Govt. Kharabu Kattehonge kere,,12.832167,77.612861,2017-12-06,tss,20.0,20,False,mg/l,empri-2018
1087,BUAKJGhul_kr6-1085,Govt. Kharabu Kattehonge kere,,12.832167,77.612861,2017-12-06,turbidity,6.7,6.7,False,NTU,empri-2018
1087,BUAKJGhul_kr6-1085,Govt. Kharabu Kattehonge kere,,12.832167,77.612861,2017-12-06,dissolvedOxygen,2.8,2.8,False,mg/l,empri-2018
1087,BUAKJGhul_kr6-1085,Govt. Kharabu Kattehonge kere,,12.832167,77.612861,2017-12-06,cod,16.0,16,False,mg/l,empri-2018
1087,BUAKJGhul_kr6-1085,Govt. Kharabu Kattehonge kere,,12.832167,77.612861,2017-12-06,bod,7.59,7.59,False,mg/l,empri-2018
1087,BUAKJGhul_kr6-1085,Govt. Kharabu Kattehonge kere,,12.832167,77.612861,2017-12-06,totalPhosphate,0.2,0.2,False,mg/l,empri-2018
1087,BUAKJGhul_kr6-1085,Govt. Kharabu Kattehonge kere,,12.832167,77.612861,2017-12-06,tkn,28.0,28,False,mg/l,empri-2018
1087,BUAKJGhul_kr6-1085,Govt. Kharabu Kattehonge kere,,12.832167,77.612861,2017-12-06,totalColiform,170.0,170,False,MPN/100ml,empri-2018
1087,BUAKJGhul_kr6-1085,Govt. Kharabu Kattehonge kere,,12.832167,77.612861,2017-12-06,sewageInflow,,No Flow,False,cumecs,empri-2018
1090,BUAKJGklk_kr2-1088,Kallakere lake land,Inlet,12.830361,77.590861,2018-01-04,waterTemperature,21.3,21.3,False,°C,empri-2018
1090,BUAKJGklk_kr2-1088,Kallakere lake land,Inlet,12.830361,77.590861,2018-01-04,lightTransparency,21.0,21,False,cm,empri-2018
1090,BUAKJGklk_kr2-1088,Kallakere lake land,Inlet,12.830361,77.590861,2018-01-04,ph,7.6,7.6,False,,empri-2018
1090,BUAKJGklk_kr2-1088,Kallakere lake land,Inlet,12.830361,77.590861,2018-01-04,conductivity,1101.0,1101,False,µS/cm,empri-2018
1090,BUAKJGklk_kr2-1088,Kallakere lake land,Inlet,12.830361,77.590861,2018-01-04,tds,980.0,980,False,mg/l,empri-2018
1090,BUAKJGklk_kr2-1088,Kallakere lake land,Inlet,12.830361,77.590861,2018-01-04,tss,63.0,63,False,mg/l,empri-2018
1090,BUAKJGklk_kr2-1088,Kallakere lake land,Inlet,12.830361,77.590861,2018-01-04,turbidity,32.5,32.5,False,NTU,empri-2018
1090,BUAKJGklk_kr2-1088,Kallakere lake land,Inlet,12.830361,77.590861,2018-01-04,dissolvedOxygen,0.8,0.8,False,mg/l,empri-2018
1090,BUAKJGklk_kr2-1088,Kallakere lake land,Inlet,12.830361,77.590861,2018-01-04,cod,32.0,32,False,mg/l,empri-2018
1090,BUAKJGklk_kr2-1088,Kallakere lake land,Inlet,12.830361,77.590861,2018-01-04,bod,12.97,12.97,False,mg/l,empri-2018
1090,BUAKJGklk_kr2-1088,Kallakere lake land,Inlet,12.830361,77.590861,2018-01-04,totalPhosphate,1.8,1.8,False,mg/l,empri-2018
1090,BUAKJGklk_kr2-1088,Kallakere lake land,Inlet,12.830361,77.590861,2018-01-04,tkn,42.0,42,False,mg/l,empri-2018
1090,BUAKJGklk_kr2-1088,Kallakere lake land,Inlet,12.830361,77.590861,2018-01-04,totalColiform,1600.0,>1600,False,MPN/100ml,empri-2018
1090,BUAKJGklk_kr2-1088,Kallakere lake land,Inlet,12.830361,77.590861,2018-01-04,sewageInflow,,No Flow,False,cumecs,empri-2018
1090,BUAKJGklk_kr2-1088,Kallakere lake land,Outlet,12.830083,77.592139,2018-01-04,waterTemperature,20.3,20.3,False,°C,empri-2018
1090,BUAKJGklk_kr2-1088,Kallakere lake land,Outlet,12.830083,77.592139,2018-01-04,lightTransparency,,UM,False,cm,empri-2018
1090,BUAKJGklk_kr2-1088,Kallakere lake land,Outlet,12.830083,77.592139,2018-01-04,ph,7.5,7.5,False,,empri-2018
1090,BUAKJGklk_kr2-1088,Kallakere lake land,Outlet,12.830083,77.592139,2018-01-04,conductivity,1133.0,1133,False,µS/cm,empri-2018
1090,BUAKJGklk_kr2-1088,Kallakere lake land,Outlet,12.830083,77.592139,2018-01-04,tds,974.0,974,False,mg/l,empri-2018
1090,BUAKJGklk_kr2-1088,Kallakere lake land,Outlet,12.830083,77.592139,2018-01-04,tss,130.0,130,False,mg/l,empri-2018
1090,BUAKJGklk_kr2-1088,Kallakere lake land,Outlet,12.830083,77.592139,2018-01-04,turbidity,39.6,39.6,False,NTU,empri-2018
1090,BUAKJGklk_kr2-1088,Kallakere lake land,Outlet,12.830083,77.592139,2018-01-04,dissolvedOxygen,0.8,0.8,False,mg/l,empri-2018
1090,BUAKJGklk_kr2-1088,Kallakere lake land,Outlet,12.830083,77.592139,2018-01-04,cod,32.0,32,False,mg/l,empri-2018
1090,BUAKJGklk_kr2-1088,Kallakere lake land,Outlet,12.830083,77.592139,2018-01-04,bod,26.48,26.48,False,mg/l,empri-2018
1090,BUAKJGklk_kr2-1088,Kallakere lake land,Outlet,12.830083,77.592139,2018-01-04,totalPhosphate,2.0,2,False,mg/l,empri-2018
1090,BUAKJGklk_kr2-1088,Kallakere lake land,Outlet,12.830083,77.592139,2018-01-04,tkn,73.5,73.5,False,mg/l,empri-2018
1090,BUAKJGklk_kr2-1088,Kallakere lake land,Outlet,12.830083,77.592139,2018-01-04,totalColiform,1600.0,>1600,False,MPN/100ml,empri-2018
1092,BUAKJGkka_kr1-1090,Kannaikana Agrahara Kere,,12.839028,77.553361,2018-01-09,waterTemperature,22.4,22.4,False,°C,empri-2018
1092,BUAKJGkka_kr1-1090,Kannaikana Agrahara Kere,,12.839028,77.553361,2018-01-09,lightTransparency,9.0,9,False,cm,empri-2018
1092,BUAKJGkka_kr1-1090,Kannaikana Agrahara Kere,,12.839028,77.553361,2018-01-09,ph,8.4,8.4,False,,empri-2018
1092,BUAKJGkka_kr1-1090,Kannaikana Agrahara Kere,,12.839028,77.553361,2018-01-09,conductivity,487.0,487,False,µS/cm,empri-2018
1092,BUAKJGkka_kr1-1090,Kannaikana Agrahara Kere,,12.839028,77.553361,2018-01-09,tds,244.0,244,False,mg/l,empri-2018
1092,BUAKJGkka_kr1-1090,Kannaikana Agrahara Kere,,12.839028,77.553361,2018-01-09,tss,31.0,31,False,mg/l,empri-2018
1092,BUAKJGkka_kr1-1090,Kannaikana Agrahara Kere,,12.839028,77.553361,2018-01-09,turbidity,14.7,14.7,False,NTU,empri-2018
1092,BUAKJGkka_kr1-1090,Kannaikana Agrahara Kere,,12.839028,77.553361,2018-01-09,dissolvedOxygen,7.8,7.8,False,mg/l,empri-2018
1092,BUAKJGkka_kr1-1090,Kannaikana Agrahara Kere,,12.839028,77.553361,2018-01-09,cod,16.0,16,False,mg/l,empri-2018
1092,BUAKJGkka_kr1-1090,Kannaikana Agrahara Kere,,12.839028,77.553361,2018-01-09,bod,0.54,0.54,False,mg/l,empri-2018
1092,BUAKJGkka_kr1-1090,Kannaikana Agrahara Kere,,12.839028,77.553361,2018-01-09,totalPhosphate,0.6,0.6,False,mg/l,empri-2018
1092,BUAKJGkka_kr1-1090,Kannaikana Agrahara Kere,,12.839028,77.553361,2018-01-09,tkn,11.2,11.2,False,mg/l,empri-2018
1092,BUAKJGkka_kr1-1090,Kannaikana Agrahara Kere,,12.839028,77.553361,2018-01-09,totalColiform,170.0,170,False,MPN/100ml,empri-2018
1092,BUAKJGkka_kr1-1090,Kannaikana Agrahara Kere,,12.839028,77.553361,2018-01-09,sewageInflow,,No Flow,False,cumecs,empri-2018
1095,BUAKJGlkp_kr2-1093,Lakshmipura lake,Inlet,12.825,77.591972,2018-01-04,waterTemperature,23.1,23.1,False,°C,empri-2018
1095,BUAKJGlkp_kr2-1093,Lakshmipura lake,Inlet,12.825,77.591972,2018-01-04,lightTransparency,18.0,18,False,cm,empri-2018
1095,BUAKJGlkp_kr2-1093,Lakshmipura lake,Inlet,12.825,77.591972,2018-01-04,ph,8.1,8.1,False,,empri-2018
1095,BUAKJGlkp_kr2-1093,Lakshmipura lake,Inlet,12.825,77.591972,2018-01-04,conductivity,1649.0,1649,False,µS/cm,empri-2018
1095,BUAKJGlkp_kr2-1093,Lakshmipura lake,Inlet,12.825,77.591972,2018-01-04,tds,1524.0,1524,False,mg/l,empri-2018
1095,BUAKJGlkp_kr2-1093,Lakshmipura lake,Inlet,12.825,77.591972,2018-01-04,tss,23.0,23,False,mg/l,empri-2018
1095,BUAKJGlkp_kr2-1093,Lakshmipura lake,Inlet,12.825,77.591972,2018-01-04,turbidity,10.4,10.4,False,NTU,empri-2018
1095,BUAKJGlkp_kr2-1093,Lakshmipura lake,Inlet,12.825,77.591972,2018-01-04,dissolvedOxygen,1.7,1.7,False,mg/l,empri-2018
1095,BUAKJGlkp_kr2-1093,Lakshmipura lake,Inlet,12.825,77.591972,2018-01-04,cod,16.0,16,False,mg/l,empri-2018
1095,BUAKJGlkp_kr2-1093,Lakshmipura lake,Inlet,12.825,77.591972,2018-01-04,bod,10.66,10.66,False,mg/l,empri-2018
1095,BUAKJGlkp_kr2-1093,Lakshmipura lake,Inlet,12.825,77.591972,2018-01-04,totalPhosphate,1.5,1.5,False,mg/l,empri-2018
1095,BUAKJGlkp_kr2-1093,Lakshmipura lake,Inlet,12.825,77.591972,2018-01-04,tkn,28.0,28,False,mg/l,empri-2018
1095,BUAKJGlkp_kr2-1093,Lakshmipura lake,Inlet,12.825,77.591972,2018-01-04,totalColiform,300.0,300,False,MPN/100ml,empri-2018
1095,BUAKJGlkp_kr2-1093,Lakshmipura lake,Inlet,12.825,77.591972,2018-01-04,sewageInflow,,No Flow,False,cumecs,empri-2018
1095,BUAKJGlkp_kr2-1093,Lakshmipura lake,Outlet,12.823944,77.594806,2018-01-04,waterTemperature,22.7,22.7,False,°C,empri-2018
1095,BUAKJGlkp_kr2-1093,Lakshmipura lake,Outlet,12.823944,77.594806,2018-01-04,lightTransparency,20.0,20,False,cm,empri-2018
1095,BUAKJGlkp_kr2-1093,Lakshmipura lake,Outlet,12.823944,77.594806,2018-01-04,ph,8.2,8.2,False,,empri-2018
1095,BUAKJGlkp_kr2-1093,Lakshmipura lake,Outlet,12.823944,77.594806,2018-01-04,conductivity,1621.0,1621,False,µS/cm,empri-2018
1095,BUAKJGlkp_kr2-1093,Lakshmipura lake,Outlet,12.823944,77.594806,2018-01-04,tds,1322.0,1322,False,mg/l,empri-2018
1095,BUAKJGlkp_kr2-1093,Lakshmipura lake,Outlet,12.823944,77.594806,2018-01-04,tss,39.0,39,False,mg/l,empri-2018
1095,BUAKJGlkp_kr2-1093,Lakshmipura lake,Outlet,12.823944,77.594806,2018-01-04,turbidity,13.8,13.8,False,NTU,empri-2018
1095,BUAKJGlkp_kr2-1093,Lakshmipura lake,Outlet,12.823944,77.594806,2018-01-04,dissolvedOxygen,2.0,2,False,mg/l,empri-2018
1095,BUAKJGlkp_kr2-1093,Lakshmipura lake,Outlet,12.823944,77.594806,2018-01-04,cod,192.0,192,False,mg/l,empri-2018
1095,BUAKJGlkp_kr2-1093,Lakshmipura lake,Outlet,12.823944,77.594806,2018-01-04,bod,14.84,14.84,False,mg/l,empri-2018
1095,BUAKJGlkp_kr2-1093,Lakshmipura lake,Outlet,12.823944,77.594806,2018-01-04,totalPhosphate,0.4,0.4,False,mg/l,empri-2018
1095,BUAKJGlkp_kr2-1093,Lakshmipura lake,Outlet,12.823944,77.594806,2018-01-04,tkn,56.0,56,False,mg/l,empri-2018
1095,BUAKJGlkp_kr2-1093,Lakshmipura lake,Outlet,12.823944,77.594806,2018-01-04,totalColiform,140.0,140,False,MPN/100ml,empri-2018
1097,BUAKJGmtp_kr1-1095,Mantapada kere,,12.809,77.600222,2018-01-04,waterTemperature,29.2,29.2,False,°C,empri-2018
1097,BUAKJGmtp_kr1-1095,Mantapada kere,,12.809,77.600222,2018-01-04,lightTransparency,5.0,5,False,cm,empri-2018
1097,BUAKJGmtp_kr1-1095,Mantapada kere,,12.809,77.600222,2018-01-04,ph,8.1,8.1,False,,empri-2018
1097,BUAKJGmtp_kr1-1095,Mantapada kere,,12.809,77.600222,2018-01-04,conductivity,443.0,443,False,µS/cm,empri-2018
1097,BUAKJGmtp_kr1-1095,Mantapada kere,,12.809,77.600222,2018-01-04,tds,420.0,420,False,mg/l,empri-2018
1097,BUAKJGmtp_kr1-1095,Mantapada kere,,12.809,77.600222,2018-01-04,tss,462.0,462,False,mg/l,empri-2018
1097,BUAKJGmtp_kr1-1095,Mantapada kere,,12.809,77.600222,2018-01-04,turbidity,30.5,30.5,False,NTU,empri-2018
1097,BUAKJGmtp_kr1-1095,Mantapada kere,,12.809,77.600222,2018-01-04,dissolvedOxygen,8.4,8.4,False,mg/l,empri-2018
1097,BUAKJGmtp_kr1-1095,Mantapada kere,,12.809,77.600222,2018-01-04,cod,80.0,80,False,mg/l,empri-2018
1097,BUAKJGmtp_kr1-1095,Mantapada kere,,12.809,77.600222,2018-01-04,bod,9.46,9.46,False,mg/l,empri-2018
1097,BUAKJGmtp_kr1-1095,Mantapada kere,,12.809,77.600222,2018-01-04,totalPhosphate,0.4,0.4,False,mg/l,empri-2018
1097,BUAKJGmtp_kr1-1095,Mantapada kere,,12.809,77.600222,2018-01-04,tkn,14.0,14,False,mg/l,empri-2018
1097,BUAKJGmtp_kr1-1095,Mantapada kere,,12.809,77.600222,2018-01-04,totalColiform,30.0,30,False,MPN/100ml,empri-2018
1097,BUAKJGmtp_kr1-1095,Mantapada kere,,12.809,77.600222,2018-01-04,sewageInflow,,No Flow,False,cumecs,empri-2018
1099,BUAKJGmtp_kr3-1097,Govt Vadenakere,,12.794889,77.592028,2018-01-04,waterTemperature,27.0,27,False,°C,empri-2018
1099,BUAKJGmtp_kr3-1097,Govt Vadenakere,,12.794889,77.592028,2018-01-04,lightTransparency,27.0,27,False,cm,empri-2018
1099,BUAKJGmtp_kr3-1097,Govt Vadenakere,,12.794889,77.592028,2018-01-04,ph,7.4,7.4,False,,empri-2018
1099,BUAKJGmtp_kr3-1097,Govt Vadenakere,,12.794889,77.592028,2018-01-04,conductivity,123.0,123,False,µS/cm,empri-2018
1099,BUAKJGmtp_kr3-1097,Govt Vadenakere,,12.794889,77.592028,2018-01-04,tds,66.0,66,False,mg/l,empri-2018
1099,BUAKJGmtp_kr3-1097,Govt Vadenakere,,12.794889,77.592028,2018-01-04,tss,119.0,119,False,mg/l,empri-2018
1099,BUAKJGmtp_kr3-1097,Govt Vadenakere,,12.794889,77.592028,2018-01-04,turbidity,19.7,19.7,False,NTU,empri-2018
1099,BUAKJGmtp_kr3-1097,Govt Vadenakere,,12.794889,77.592028,2018-01-04,dissolvedOxygen,10.5,10.5,False,mg/l,empri-2018
1099,BUAKJGmtp_kr3-1097,Govt Vadenakere,,12.794889,77.592028,2018-01-04,cod,16.0,16,False,mg/l,empri-2018
1099,BUAKJGmtp_kr3-1097,Govt Vadenakere,,12.794889,77.592028,2018-01-04,bod,5.85,5.85,False,mg/l,empri-2018
1099,BUAKJGmtp_kr3-1097,Govt Vadenakere,,12.794889,77.592028,2018-01-04,totalPhosphate,0.6,0.6,False,mg/l,empri-2018
1099,BUAKJGmtp_kr3-1097,Govt Vadenakere,,12.794889,77.592028,2018-01-04,tkn,14.0,14,False,mg/l,empri-2018
1099,BUAKJGmtp_kr3-1097,Govt Vadenakere,,12.794889,77.592028,2018-01-04,totalColiform,280.0,280,False,MPN/100ml,empri-2018
1099,BUAKJGmtp_kr3-1097,Govt Vadenakere,,12.794889,77.592028,2018-01-04,sewageInflow,,No Flow,False,cumecs,empri-2018
1100,BUAKJGmtp_kr4-1098,Addigenakere,,12.813056,77.595417,2018-01-04,waterTemperature,26.4,26.4,False,°C,empri-2018
1100,BUAKJGmtp_kr4-1098,Addigenakere,,12.813056,77.595417,2018-01-04,lightTransparency,27.0,27,False,cm,empri-2018
1100,BUAKJGmtp_kr4-1098,Addigenakere,,12.813056,77.595417,2018-01-04,ph,7.9,7.9,False,,empri-2018
1100,BUAKJGmtp_kr4-1098,Addigenakere,,12.813056,77.595417,2018-01-04,conductivity,159.0,159,False,µS/cm,empri-2018
1100,BUAKJGmtp_kr4-1098,Addigenakere,,12.813056,77.595417,2018-01-04,tds,104.0,104,False,mg/l,empri-2018
1100,BUAKJGmtp_kr4-1098,Addigenakere,,12.813056,77.595417,2018-01-04,tss,12.0,12,False,mg/l,empri-2018
1100,BUAKJGmtp_kr4-1098,Addigenakere,,12.813056,77.595417,2018-01-04,turbidity,10.0,10,False,NTU,empri-2018
1100,BUAKJGmtp_kr4-1098,Addigenakere,,12.813056,77.595417,2018-01-04,cod,128.0,128,False,mg/l,empri-2018
1100,BUAKJGmtp_kr4-1098,Addigenakere,,12.813056,77.595417,2018-01-04,bod,9.1,9.10,False,mg/l,empri-2018
1100,BUAKJGmtp_kr4-1098,Addigenakere,,12.813056,77.595417,2018-01-04,totalPhosphate,0.6,0.6,False,mg/l,empri-2018
1100,BUAKJGmtp_kr4-1098,Addigenakere,,12.813056,77.595417,2018-01-04,tkn,14.0,14,False,mg/l,empri-2018
1100,BUAKJGmtp_kr4-1098,Addigenakere,,12.813056,77.595417,2018-01-04,totalColiform,1600.0,>1600,False,MPN/100ml,empri-2018
1100,BUAKJGmtp_kr4-1098,Addigenakere,,12.813056,77.595417,2018-01-04,sewageInflow,,No Flow,False,cumecs,empri-2018
1101,BUAKJGmrg_kr1-1099,Maragondanahalli kere,Inlet,12.8345,77.65125,2018-01-09,waterTemperature,25.4,25.4,False,°C,empri-2018
1101,BUAKJGmrg_kr1-1099,Maragondanahalli kere,Inlet,12.8345,77.65125,2018-01-09,lightTransparency,5.0,5,False,cm,empri-2018
1101,BUAKJGmrg_kr1-1099,Maragondanahalli kere,Inlet,12.8345,77.65125,2018-01-09,ph,7.6,7.6,False,,empri-2018
1101,BUAKJGmrg_kr1-1099,Maragondanahalli kere,Inlet,12.8345,77.65125,2018-01-09,conductivity,1433.0,1433,False,µS/cm,empri-2018
1101,BUAKJGmrg_kr1-1099,Maragondanahalli kere,Inlet,12.8345,77.65125,2018-01-09,tds,1408.0,1408,False,mg/l,empri-2018
1101,BUAKJGmrg_kr1-1099,Maragondanahalli kere,Inlet,12.8345,77.65125,2018-01-09,tss,40.0,40,False,mg/l,empri-2018
1101,BUAKJGmrg_kr1-1099,Maragondanahalli kere,Inlet,12.8345,77.65125,2018-01-09,turbidity,51.5,51.5,False,NTU,empri-2018
1101,BUAKJGmrg_kr1-1099,Maragondanahalli kere,Inlet,12.8345,77.65125,2018-01-09,dissolvedOxygen,0.6,0.6,False,mg/l,empri-2018
1101,BUAKJGmrg_kr1-1099,Maragondanahalli kere,Inlet,12.8345,77.65125,2018-01-09,cod,96.0,96,False,mg/l,empri-2018
1101,BUAKJGmrg_kr1-1099,Maragondanahalli kere,Inlet,12.8345,77.65125,2018-01-09,bod,22.4,22.40,False,mg/l,empri-2018
1101,BUAKJGmrg_kr1-1099,Maragondanahalli kere,Inlet,12.8345,77.65125,2018-01-09,totalPhosphate,0.6,0.6,False,mg/l,empri-2018
1101,BUAKJGmrg_kr1-1099,Maragondanahalli kere,Inlet,12.8345,77.65125,2018-01-09,tkn,54.6,54.6,False,mg/l,empri-2018
1101,BUAKJGmrg_kr1-1099,Maragondanahalli kere,Inlet,12.8345,77.65125,2018-01-09,totalColiform,1600.0,>1600,False,MPN/100ml,empri-2018
1101,BUAKJGmrg_kr1-1099,Maragondanahalli kere,Inlet,12.8345,77.65125,2018-01-09,sewageInflow,,UM,False,cumecs,empri-2018
1101,BUAKJGmrg_kr1-1099,Maragondanahalli kere,Outlet,12.832528,77.653833,2018-01-09,waterTemperature,21.0,21,False,°C,empri-2018
1101,BUAKJGmrg_kr1-1099,Maragondanahalli kere,Outlet,12.832528,77.653833,2018-01-09,lightTransparency,,UM,False,cm,empri-2018
1101,BUAKJGmrg_kr1-1099,Maragondanahalli kere,Outlet,12.832528,77.653833,2018-01-09,ph,7.9,7.9,False,,empri-2018
1101,BUAKJGmrg_kr1-1099,Maragondanahalli kere,Outlet,12.832528,77.653833,2018-01-09,conductivity,1598.0,1598,False,µS/cm,empri-2018
1101,BUAKJGmrg_kr1-1099,Maragondanahalli kere,Outlet,12.832528,77.653833,2018-01-09,tds,1490.0,1490,False,mg/l,empri-2018
1101,BUAKJGmrg_kr1-1099,Maragondanahalli kere,Outlet,12.832528,77.653833,2018-01-09,tss,90.0,90,False,mg/l,empri-2018
1101,BUAKJGmrg_kr1-1099,Maragondanahalli kere,Outlet,12.832528,77.653833,2018-01-09,turbidity,44.0,44,False,NTU,empri-2018
1101,BUAKJGmrg_kr1-1099,Maragondanahalli kere,Outlet,12.832528,77.653833,2018-01-09,dissolvedOxygen,0.6,0.6,False,mg/l,empri-2018
1101,BUAKJGmrg_kr1-1099,Maragondanahalli kere,Outlet,12.832528,77.653833,2018-01-09,cod,96.0,96,False,mg/l,empri-2018
1101,BUAKJGmrg_kr1-1099,Maragondanahalli kere,Outlet,12.832528,77.653833,2018-01-09,bod,22.4,22.40,False,mg/l,empri-2018
1101,BUAKJGmrg_kr1-1099,Maragondanahalli kere,Outlet,12.832528,77.653833,2018-01-09,totalPhosphate,4.2,4.2,False,mg/l,empri-2018
1101,BUAKJGmrg_kr1-1099,Maragondanahalli kere,Outlet,12.832528,77.653833,2018-01-09,tkn,56.0,56,False,mg/l,empri-2018
1101,BUAKJGmrg_kr1-1099,Maragondanahalli kere,Outlet,12.832528,77.653833,2018-01-09,totalColiform,1600.0,>1600,False,MPN/100ml,empri-2018
1103,BUAKJGnjp_kr1-1101,Nanjapura lake,,12.809722,77.642278,2017-12-06,waterTemperature,25.3,25.3,False,°C,empri-2018
1103,BUAKJGnjp_kr1-1101,Nanjapura lake,,12.809722,77.642278,2017-12-06,lightTransparency,22.0,22,False,cm,empri-2018
1103,BUAKJGnjp_kr1-1101,Nanjapura lake,,12.809722,77.642278,2017-12-06,ph,6.4,6.4,False,,empri-2018
1103,BUAKJGnjp_kr1-1101,Nanjapura lake,,12.809722,77.642278,2017-12-06,conductivity,88.0,88,False,µS/cm,empri-2018
1103,BUAKJGnjp_kr1-1101,Nanjapura lake,,12.809722,77.642278,2017-12-06,tds,60.0,60,False,mg/l,empri-2018
1103,BUAKJGnjp_kr1-1101,Nanjapura lake,,12.809722,77.642278,2017-12-06,tss,11.0,11,False,mg/l,empri-2018
1103,BUAKJGnjp_kr1-1101,Nanjapura lake,,12.809722,77.642278,2017-12-06,turbidity,10.7,10.7,False,NTU,empri-2018
1103,BUAKJGnjp_kr1-1101,Nanjapura lake,,12.809722,77.642278,2017-12-06,dissolvedOxygen,6.8,6.8,False,mg/l,empri-2018
1103,BUAKJGnjp_kr1-1101,Nanjapura lake,,12.809722,77.642278,2017-12-06,cod,32.0,32,False,mg/l,empri-2018
1103,BUAKJGnjp_kr1-1101,Nanjapura lake,,12.809722,77.642278,2017-12-06,bod,27.74,27.74,False,mg/l,empri-2018
1103,BUAKJGnjp_kr1-1101,Nanjapura lake,,12.809722,77.642278,2017-12-06,totalPhosphate,0.2,0.2,False,mg/l,empri-2018
1103,BUAKJGnjp_kr1-1101,Nanjapura lake,,12.809722,77.642278,2017-12-06,tkn,28.0,28,False,mg/l,empri-2018
1103,BUAKJGnjp_kr1-1101,Nanjapura lake,,12.809722,77.642278,2017-12-06,totalColiform,1600.0,>1600,False,MPN/100ml,empri-2018
1103,BUAKJGnjp_kr1-1101,Nanjapura lake,,12.809722,77.642278,2017-12-06,sewageInflow,,No Flow,False,cumecs,empri-2018
1105,BUAKJGrms_kr1-1103,Bidarekere lake land,,12.799361,77.608222,2018-01-04,waterTemperature,26.0,26,False,°C,empri-2018
1105,BUAKJGrms_kr1-1103,Bidarekere lake land,,12.799361,77.608222,2018-01-04,lightTransparency,18.0,18,False,cm,empri-2018
1105,BUAKJGrms_kr1-1103,Bidarekere lake land,,12.799361,77.608222,2018-01-04,ph,7.9,7.9,False,,empri-2018
1105,BUAKJGrms_kr1-1103,Bidarekere lake land,,12.799361,77.608222,2018-01-04,conductivity,323.0,323,False,µS/cm,empri-2018
1105,BUAKJGrms_kr1-1103,Bidarekere lake land,,12.799361,77.608222,2018-01-04,tds,264.0,264,False,mg/l,empri-2018
1105,BUAKJGrms_kr1-1103,Bidarekere lake land,,12.799361,77.608222,2018-01-04,tss,22.0,22,False,mg/l,empri-2018
1105,BUAKJGrms_kr1-1103,Bidarekere lake land,,12.799361,77.608222,2018-01-04,turbidity,13.0,13,False,NTU,empri-2018
1105,BUAKJGrms_kr1-1103,Bidarekere lake land,,12.799361,77.608222,2018-01-04,dissolvedOxygen,7.5,7.5,False,mg/l,empri-2018
1105,BUAKJGrms_kr1-1103,Bidarekere lake land,,12.799361,77.608222,2018-01-04,cod,16.0,16,False,mg/l,empri-2018
1105,BUAKJGrms_kr1-1103,Bidarekere lake land,,12.799361,77.608222,2018-01-04,bod,3.8,3.80,False,mg/l,empri-2018
1105,BUAKJGrms_kr1-1103,Bidarekere lake land,,12.799361,77.608222,2018-01-04,totalPhosphate,0.5,0.5,False,mg/l,empri-2018
1105,BUAKJGrms_kr1-1103,Bidarekere lake land,,12.799361,77.608222,2018-01-04,tkn,14.0,14,False,mg/l,empri-2018
1105,BUAKJGrms_kr1-1103,Bidarekere lake land,,12.799361,77.608222,2018-01-04,totalColiform,1600.0,>1600,False,MPN/100ml,empri-2018
1105,BUAKJGrms_kr1-1103,Bidarekere lake land,,12.799361,77.608222,2018-01-04,sewageInflow,,No Flow,False,cumecs,empri-2018
1106,BUAKJGskv_kr1-1104,Sakalavara Govt. Kharabu lake,,12.827194,77.607389,2018-01-04,waterTemperature,22.9,22.9,False,°C,empri-2018
1106,BUAKJGskv_kr1-1104,Sakalavara Govt. Kharabu lake,,12.827194,77.607389,2018-01-04,lightTransparency,22.0,22,False,cm,empri-2018
1106,BUAKJGskv_kr1-1104,Sakalavara Govt. Kharabu lake,,12.827194,77.607389,2018-01-04,ph,7.6,7.6,False,,empri-2018
1106,BUAKJGskv_kr1-1104,Sakalavara Govt. Kharabu lake,,12.827194,77.607389,2018-01-04,conductivity,253.0,253,False,µS/cm,empri-2018
1106,BUAKJGskv_kr1-1104,Sakalavara Govt. Kharabu lake,,12.827194,77.607389,2018-01-04,tds,202.0,202,False,mg/l,empri-2018
1106,BUAKJGskv_kr1-1104,Sakalavara Govt. Kharabu lake,,12.827194,77.607389,2018-01-04,tss,4.0,4,False,mg/l,empri-2018
1106,BUAKJGskv_kr1-1104,Sakalavara Govt. Kharabu lake,,12.827194,77.607389,2018-01-04,turbidity,7.0,7,False,NTU,empri-2018
1106,BUAKJGskv_kr1-1104,Sakalavara Govt. Kharabu lake,,12.827194,77.607389,2018-01-04,dissolvedOxygen,3.0,3,False,mg/l,empri-2018
1106,BUAKJGskv_kr1-1104,Sakalavara Govt. Kharabu lake,,12.827194,77.607389,2018-01-04,cod,128.0,128,False,mg/l,empri-2018
1106,BUAKJGskv_kr1-1104,Sakalavara Govt. Kharabu lake,,12.827194,77.607389,2018-01-04,bod,9.08,9.08,False,mg/l,empri-2018
1106,BUAKJGskv_kr1-1104,Sakalavara Govt. Kharabu lake,,12.827194,77.607389,2018-01-04,totalPhosphate,2.8,2.8,False,mg/l,empri-2018
1106,BUAKJGskv_kr1-1104,Sakalavara Govt. Kharabu lake,,12.827194,77.607389,2018-01-04,tkn,14.0,14,False,mg/l,empri-2018
1106,BUAKJGskv_kr1-1104,Sakalavara Govt. Kharabu lake,,12.827194,77.607389,2018-01-04,totalColiform,1600.0,>1600,False,MPN/100ml,empri-2018
1106,BUAKJGskv_kr1-1104,Sakalavara Govt. Kharabu lake,,12.827194,77.607389,2018-01-04,sewageInflow,,No Flow,False,cumecs,empri-2018
1109,BUAKJGvbs_kr2-1107,Uramundina kere,,12.810583,77.654611,2017-12-06,waterTemperature,26.5,26.5,False,°C,empri-2018
1109,BUAKJGvbs_kr2-1107,Uramundina kere,,12.810583,77.654611,2017-12-06,lightTransparency,20.0,20,False,cm,empri-2018
1109,BUAKJGvbs_kr2-1107,Uramundina kere,,12.810583,77.654611,2017-12-06,ph,7.6,7.6,False,,empri-2018
1109,BUAKJGvbs_kr2-1107,Uramundina kere,,12.810583,77.654611,2017-12-06,conductivity,365.0,365,False,µS/cm,empri-2018
1109,BUAKJGvbs_kr2-1107,Uramundina kere,,12.810583,77.654611,2017-12-06,tds,290.0,290,False,mg/l,empri-2018
1109,BUAKJGvbs_kr2-1107,Uramundina kere,,12.810583,77.654611,2017-12-06,tss,8.0,8,False,mg/l,empri-2018
1109,BUAKJGvbs_kr2-1107,Uramundina kere,,12.810583,77.654611,2017-12-06,turbidity,5.1,5.1,False,NTU,empri-2018
1109,BUAKJGvbs_kr2-1107,Uramundina kere,,12.810583,77.654611,2017-12-06,dissolvedOxygen,7.8,7.8,False,mg/l,empri-2018
1109,BUAKJGvbs_kr2-1107,Uramundina kere,,12.810583,77.654611,2017-12-06,cod,16.0,16,False,mg/l,empri-2018
1109,BUAKJGvbs_kr2-1107,Uramundina kere,,12.810583,77.654611,2017-12-06,bod,7.59,7.59,False,mg/l,empri-2018
1109,BUAKJGvbs_kr2-1107,Uramundina kere,,12.810583,77.654611,2017-12-06,totalPhosphate,0.1,0.1,False,mg/l,empri-2018
1109,BUAKJGvbs_kr2-1107,Uramundina kere,,12.810583,77.654611,2017-12-06,tkn,14.0,14,False,mg/l,empri-2018
1109,BUAKJGvbs_kr2-1107,Uramundina kere,,12.810583,77.654611,2017-12-06,totalColiform,1600.0,>1600,False,MPN/100ml,empri-2018
1109,BUAKJGvbs_kr2-1107,Uramundina kere,,12.810583,77.654611,2017-12-06,sewageInflow,,No Flow,False,cumecs,empri-2018
1113,BUAKJGvdh_kr1-1111,Vaderahalli Govt. lake,,12.831944,77.602194,2018-01-04,waterTemperature,22.5,22.5,False,°C,empri-2018
1113,BUAKJGvdh_kr1-1111,Vaderahalli Govt. lake,,12.831944,77.602194,2018-01-04,lightTransparency,17.0,17,False,cm,empri-2018
1113,BUAKJGvdh_kr1-1111,Vaderahalli Govt. lake,,12.831944,77.602194,2018-01-04,ph,7.8,7.8,False,,empri-2018
1113,BUAKJGvdh_kr1-1111,Vaderahalli Govt. lake,,12.831944,77.602194,2018-01-04,conductivity,260.0,260,False,µS/cm,empri-2018
1113,BUAKJGvdh_kr1-1111,Vaderahalli Govt. lake,,12.831944,77.602194,2018-01-04,tds,196.0,196,False,mg/l,empri-2018
1113,BUAKJGvdh_kr1-1111,Vaderahalli Govt. lake,,12.831944,77.602194,2018-01-04,tss,15.0,15,False,mg/l,empri-2018
1113,BUAKJGvdh_kr1-1111,Vaderahalli Govt. lake,,12.831944,77.602194,2018-01-04,turbidity,6.4,6.4,False,NTU,empri-2018
1113,BUAKJGvdh_kr1-1111,Vaderahalli Govt. lake,,12.831944,77.602194,2018-01-04,dissolvedOxygen,7.8,7.8,False,mg/l,empri-2018
1113,BUAKJGvdh_kr1-1111,Vaderahalli Govt. lake,,12.831944,77.602194,2018-01-04,cod,32.0,32,False,mg/l,empri-2018
1113,BUAKJGvdh_kr1-1111,Vaderahalli Govt. lake,,12.831944,77.602194,2018-01-04,bod,6.49,6.49,False,mg/l,empri-2018
1113,BUAKJGvdh_kr1-1111,Vaderahalli Govt. lake,,12.831944,77.602194,2018-01-04,totalPhosphate,1.5,1.5,False,mg/l,empri-2018
1113,BUAKJGvdh_kr1-1111,Vaderahalli Govt. lake,,12.831944,77.602194,2018-01-04,tkn,14.0,14,False,mg/l,empri-2018
1113,BUAKJGvdh_kr1-1111,Vaderahalli Govt. lake,,12.831944,77.602194,2018-01-04,totalColiform,900.0,900,False,MPN/100ml,empri-2018
1113,BUAKJGvdh_kr1-1111,Vaderahalli Govt. lake,,12.831944,77.602194,2018-01-04,sewageInflow,,No Flow,False,cumecs,empri-2018
1121,BUBSTKchn_kr8-1119,Channenahalli Govt. kere,,12.979583,77.427833,2018-02-09,waterTemperature,26.7,26.7,False,°C,empri-2018
1121,BUBSTKchn_kr8-1119,Channenahalli Govt. kere,,12.979583,77.427833,2018-02-09,lightTransparency,18.0,18,False,cm,empri-2018
1121,BUBSTKchn_kr8-1119,Channenahalli Govt. kere,,12.979583,77.427833,2018-02-09,ph,8.3,8.3,False,,empri-2018
1121,BUBSTKchn_kr8-1119,Channenahalli Govt. kere,,12.979583,77.427833,2018-02-09,conductivity,524.0,524,False,µS/cm,empri-2018
1121,BUBSTKchn_kr8-1119,Channenahalli Govt. kere,,12.979583,77.427833,2018-02-09,tds,340.0,340,False,mg/l,empri-2018
1121,BUBSTKchn_kr8-1119,Channenahalli Govt. kere,,12.979583,77.427833,2018-02-09,tss,5.0,5,False,mg/l,empri-2018
1121,BUBSTKchn_kr8-1119,Channenahalli Govt. kere,,12.979583,77.427833,2018-02-09,turbidity,7.9,7.9,False,NTU,empri-2018
1121,BUBSTKchn_kr8-1119,Channenahalli Govt. kere,,12.979583,77.427833,2018-02-09,dissolvedOxygen,6.72,6.72,False,mg/l,empri-2018
1121,BUBSTKchn_kr8-1119,Channenahalli Govt. kere,,12.979583,77.427833,2018-02-09,cod,16.0,16,False,mg/l,empri-2018
1121,BUBSTKchn_kr8-1119,Channenahalli Govt. kere,,12.979583,77.427833,2018-02-09,bod,1.79,1.79,False,mg/l,empri-2018
1121,BUBSTKchn_kr8-1119,Channenahalli Govt. kere,,12.979583,77.427833,2018-02-09,totalPhosphate,0.4,0.4,False,mg/l,empri-2018
1121,BUBSTKchn_kr8-1119,Channenahalli Govt. kere,,12.979583,77.427833,2018-02-09,tkn,19.6,19.6,False,mg/l,empri-2018
1121,BUBSTKchn_kr8-1119,Channenahalli Govt. kere,,12.979583,77.427833,2018-02-09,totalColiform,170.0,170,False,MPN/100ml,empri-2018
1128,BUBSTKkth_kr1-1126,Mogi Kere,,12.908806,77.40075,2018-02-09,waterTemperature,26.2,26.2,False,°C,empri-2018
1128,BUBSTKkth_kr1-1126,Mogi Kere,,12.908806,77.40075,2018-02-09,lightTransparency,16.0,16,False,cm,empri-2018
1128,BUBSTKkth_kr1-1126,Mogi Kere,,12.908806,77.40075,2018-02-09,ph,7.7,7.7,False,,empri-2018
1128,BUBSTKkth_kr1-1126,Mogi Kere,,12.908806,77.40075,2018-02-09,conductivity,279.0,279,False,µS/cm,empri-2018
1128,BUBSTKkth_kr1-1126,Mogi Kere,,12.908806,77.40075,2018-02-09,tds,204.0,204,False,mg/l,empri-2018
1128,BUBSTKkth_kr1-1126,Mogi Kere,,12.908806,77.40075,2018-02-09,tss,19.0,19,False,mg/l,empri-2018
1128,BUBSTKkth_kr1-1126,Mogi Kere,,12.908806,77.40075,2018-02-09,turbidity,18.3,18.3,False,NTU,empri-2018
1128,BUBSTKkth_kr1-1126,Mogi Kere,,12.908806,77.40075,2018-02-09,dissolvedOxygen,5.97,5.97,False,mg/l,empri-2018
1128,BUBSTKkth_kr1-1126,Mogi Kere,,12.908806,77.40075,2018-02-09,cod,32.0,32,False,mg/l,empri-2018
1128,BUBSTKkth_kr1-1126,Mogi Kere,,12.908806,77.40075,2018-02-09,bod,5.07,5.07,False,mg/l,empri-2018
1128,BUBSTKkth_kr1-1126,Mogi Kere,,12.908806,77.40075,2018-02-09,totalPhosphate,0.6,0.6,False,mg/l,empri-2018
1128,BUBSTKkth_kr1-1126,Mogi Kere,,12.908806,77.40075,2018-02-09,tkn,12.6,12.6,False,mg/l,empri-2018
1128,BUBSTKkth_kr1-1126,Mogi Kere,,12.908806,77.40075,2018-02-09,totalColiform,17.0,17,False,MPN/100ml,empri-2018
1136,BUBSTKklr_kr5-1134,Gowdana Kere,,12.890806,77.40625,2018-02-09,waterTemperature,26.9,26.9,False,°C,empri-2018
1136,BUBSTKklr_kr5-1134,Gowdana Kere,,12.890806,77.40625,2018-02-09,lightTransparency,12.0,12,False,cm,empri-2018
1136,BUBSTKklr_kr5-1134,Gowdana Kere,,12.890806,77.40625,2018-02-09,ph,7.8,7.8,False,,empri-2018
1136,BUBSTKklr_kr5-1134,Gowdana Kere,,12.890806,77.40625,2018-02-09,conductivity,208.0,208,False,µS/cm,empri-2018
1136,BUBSTKklr_kr5-1134,Gowdana Kere,,12.890806,77.40625,2018-02-09,tds,164.0,164,False,mg/l,empri-2018
1136,BUBSTKklr_kr5-1134,Gowdana Kere,,12.890806,77.40625,2018-02-09,tss,13.0,13,False,mg/l,empri-2018
1136,BUBSTKklr_kr5-1134,Gowdana Kere,,12.890806,77.40625,2018-02-09,turbidity,15.9,15.9,False,NTU,empri-2018
1136,BUBSTKklr_kr5-1134,Gowdana Kere,,12.890806,77.40625,2018-02-09,dissolvedOxygen,5.97,5.97,False,mg/l,empri-2018
1136,BUBSTKklr_kr5-1134,Gowdana Kere,,12.890806,77.40625,2018-02-09,cod,16.0,16,False,mg/l,empri-2018
1136,BUBSTKklr_kr5-1134,Gowdana Kere,,12.890806,77.40625,2018-02-09,bod,4.3,4.30,False,mg/l,empri-2018
1136,BUBSTKklr_kr5-1134,Gowdana Kere,,12.890806,77.40625,2018-02-09,totalPhosphate,0.1,0.1,False,mg/l,empri-2018
1136,BUBSTKklr_kr5-1134,Gowdana Kere,,12.890806,77.40625,2018-02-09,tkn,11.2,11.2,False,mg/l,empri-2018
1136,BUBSTKklr_kr5-1134,Gowdana Kere,,12.890806,77.40625,2018-02-09,totalColiform,1600.0,>1600,False,MPN/100ml,empri-2018
1155,BUBSKGagr_kr4-1153,Chinnammana kere,,12.832,77.50025,2018-02-09,waterTemperature,29.2,29.2,False,°C,empri-2018
1155,BUBSKGagr_kr4-1153,Chinnammana kere,,12.832,77.50025,2018-02-09,lightTransparency,19.0,19,False,cm,empri-2018
1155,BUBSKGagr_kr4-1153,Chinnammana kere,,12.832,77.50025,2018-02-09,ph,7.9,7.9,False,,empri-2018
1155,BUBSKGagr_kr4-1153,Chinnammana kere,,12.832,77.50025,2018-02-09,conductivity,674.0,674,False,µS/cm,empri-2018
1155,BUBSKGagr_kr4-1153,Chinnammana kere,,12.832,77.50025,2018-02-09,tds,424.0,424,False,mg/l,empri-2018
1155,BUBSKGagr_kr4-1153,Chinnammana kere,,12.832,77.50025,2018-02-09,tss,21.0,21,False,mg/l,empri-2018
1155,BUBSKGagr_kr4-1153,Chinnammana kere,,12.832,77.50025,2018-02-09,turbidity,14.8,14.8,False,NTU,empri-2018
1155,BUBSKGagr_kr4-1153,Chinnammana kere,,12.832,77.50025,2018-02-09,dissolvedOxygen,4.48,4.48,False,mg/l,empri-2018
1155,BUBSKGagr_kr4-1153,Chinnammana kere,,12.832,77.50025,2018-02-09,cod,16.0,16,False,mg/l,empri-2018
1155,BUBSKGagr_kr4-1153,Chinnammana kere,,12.832,77.50025,2018-02-09,bod,5.37,5.37,False,mg/l,empri-2018
1155,BUBSKGagr_kr4-1153,Chinnammana kere,,12.832,77.50025,2018-02-09,totalPhosphate,1.0,1,False,mg/l,empri-2018
1155,BUBSKGagr_kr4-1153,Chinnammana kere,,12.832,77.50025,2018-02-09,tkn,12.6,12.6,False,mg/l,empri-2018
1155,BUBSKGagr_kr4-1153,Chinnammana kere,,12.832,77.50025,2018-02-09,totalColiform,21.0,21,False,MPN/100ml,empri-2018
1158,BUBSKGagr_kr7-1156,Agara kere,,12.834833,77.486833,2018-02-09,waterTemperature,29.0,29,False,°C,empri-2018
1158,BUBSKGagr_kr7-1156,Agara kere,,12.834833,77.486833,2018-02-09,lightTransparency,17.0,17,False,cm,empri-2018
1158,BUBSKGagr_kr7-1156,Agara kere,,12.834833,77.486833,2018-02-09,ph,7.9,7.9,False,,empri-2018
1158,BUBSKGagr_kr7-1156,Agara kere,,12.834833,77.486833,2018-02-09,conductivity,347.0,347,False,µS/cm,empri-2018
1158,BUBSKGagr_kr7-1156,Agara kere,,12.834833,77.486833,2018-02-09,tds,218.0,218,False,mg/l,empri-2018
1158,BUBSKGagr_kr7-1156,Agara kere,,12.834833,77.486833,2018-02-09,tss,14.0,14,False,mg/l,empri-2018
1158,BUBSKGagr_kr7-1156,Agara kere,,12.834833,77.486833,2018-02-09,turbidity,12.8,12.8,False,NTU,empri-2018
1158,BUBSKGagr_kr7-1156,Agara kere,,12.834833,77.486833,2018-02-09,dissolvedOxygen,5.6,5.6,False,mg/l,empri-2018
1158,BUBSKGagr_kr7-1156,Agara kere,,12.834833,77.486833,2018-02-09,cod,16.0,16,False,mg/l,empri-2018
1158,BUBSKGagr_kr7-1156,Agara kere,,12.834833,77.486833,2018-02-09,bod,3.58,3.58,False,mg/l,empri-2018
1158,BUBSKGagr_kr7-1156,Agara kere,,12.834833,77.486833,2018-02-09,totalPhosphate,0.8,0.8,False,mg/l,empri-2018
1158,BUBSKGagr_kr7-1156,Agara kere,,12.834833,77.486833,2018-02-09,tkn,16.8,16.8,False,mg/l,empri-2018
1158,BUBSKGagr_kr7-1156,Agara kere,,12.834833,77.486833,2018-02-09,totalColiform,1600.0,1600,False,MPN/100ml,empri-2018
1162,BUBSKGbvk_kr1-1160,Badavamavarthekavalu Hosakere-1,,12.851,77.508778,2018-02-09,waterTemperature,27.1,27.1,False,°C,empri-2018
1162,BUBSKGbvk_kr1-1160,Badavamavarthekavalu Hosakere-1,,12.851,77.508778,2018-02-09,lightTransparency,30.0,30,False,cm,empri-2018
1162,BUBSKGbvk_kr1-1160,Badavamavarthekavalu Hosakere-1,,12.851,77.508778,2018-02-09,ph,8.4,8.4,False,,empri-2018
1162,BUBSKGbvk_kr1-1160,Badavamavarthekavalu Hosakere-1,,12.851,77.508778,2018-02-09,conductivity,1249.0,1249,False,µS/cm,empri-2018
1162,BUBSKGbvk_kr1-1160,Badavamavarthekavalu Hosakere-1,,12.851,77.508778,2018-02-09,tds,826.0,826,False,mg/l,empri-2018
1162,BUBSKGbvk_kr1-1160,Badavamavarthekavalu Hosakere-1,,12.851,77.508778,2018-02-09,tss,8.0,8,False,mg/l,empri-2018
1162,BUBSKGbvk_kr1-1160,Badavamavarthekavalu Hosakere-1,,12.851,77.508778,2018-02-09,turbidity,2.2,2.2,False,NTU,empri-2018
1162,BUBSKGbvk_kr1-1160,Badavamavarthekavalu Hosakere-1,,12.851,77.508778,2018-02-09,dissolvedOxygen,6.91,6.91,False,mg/l,empri-2018
1162,BUBSKGbvk_kr1-1160,Badavamavarthekavalu Hosakere-1,,12.851,77.508778,2018-02-09,cod,16.0,16,False,mg/l,empri-2018
1162,BUBSKGbvk_kr1-1160,Badavamavarthekavalu Hosakere-1,,12.851,77.508778,2018-02-09,bod,0.72,0.72,False,mg/l,empri-2018
1162,BUBSKGbvk_kr1-1160,Badavamavarthekavalu Hosakere-1,,12.851,77.508778,2018-02-09,totalPhosphate,0.1,0.1,False,mg/l,empri-2018
1162,BUBSKGbvk_kr1-1160,Badavamavarthekavalu Hosakere-1,,12.851,77.508778,2018-02-09,tkn,8.4,8.4,False,mg/l,empri-2018
1162,BUBSKGbvk_kr1-1160,Badavamavarthekavalu Hosakere-1,,12.851,77.508778,2018-02-09,totalColiform,1600.0,1600,False,MPN/100ml,empri-2018
1170,BUBSKGbvk_kr9-1167,Hosakere-2 (Newly Created),Inlet,12.848583,77.490778,2018-02-09,waterTemperature,27.7,27.7,False,°C,empri-2018
1170,BUBSKGbvk_kr9-1167,Hosakere-2 (Newly Created),Inlet,12.848583,77.490778,2018-02-09,lightTransparency,35.0,35,False,cm,empri-2018
1170,BUBSKGbvk_kr9-1167,Hosakere-2 (Newly Created),Inlet,12.848583,77.490778,2018-02-09,ph,8.5,8.5,False,,empri-2018
1170,BUBSKGbvk_kr9-1167,Hosakere-2 (Newly Created),Inlet,12.848583,77.490778,2018-02-09,conductivity,586.0,586,False,µS/cm,empri-2018
1170,BUBSKGbvk_kr9-1167,Hosakere-2 (Newly Created),Inlet,12.848583,77.490778,2018-02-09,tds,374.0,374,False,mg/l,empri-2018
1170,BUBSKGbvk_kr9-1167,Hosakere-2 (Newly Created),Inlet,12.848583,77.490778,2018-02-09,tss,15.0,15,False,mg/l,empri-2018
1170,BUBSKGbvk_kr9-1167,Hosakere-2 (Newly Created),Inlet,12.848583,77.490778,2018-02-09,turbidity,5.1,5.1,False,NTU,empri-2018
1170,BUBSKGbvk_kr9-1167,Hosakere-2 (Newly Created),Inlet,12.848583,77.490778,2018-02-09,dissolvedOxygen,8.77,8.77,False,mg/l,empri-2018
1170,BUBSKGbvk_kr9-1167,Hosakere-2 (Newly Created),Inlet,12.848583,77.490778,2018-02-09,cod,32.0,32,False,mg/l,empri-2018
1170,BUBSKGbvk_kr9-1167,Hosakere-2 (Newly Created),Inlet,12.848583,77.490778,2018-02-09,bod,5.07,5.07,False,mg/l,empri-2018
1170,BUBSKGbvk_kr9-1167,Hosakere-2 (Newly Created),Inlet,12.848583,77.490778,2018-02-09,totalPhosphate,1.8,1.8,False,mg/l,empri-2018
1170,BUBSKGbvk_kr9-1167,Hosakere-2 (Newly Created),Inlet,12.848583,77.490778,2018-02-09,tkn,22.4,22.4,False,mg/l,empri-2018
1170,BUBSKGbvk_kr9-1167,Hosakere-2 (Newly Created),Inlet,12.848583,77.490778,2018-02-09,totalColiform,1600.0,>1600,False,MPN/100ml,empri-2018
1170,BUBSKGbvk_kr9-1167,Hosakere-2 (Newly Created),Inlet,12.848583,77.490778,2018-02-09,sewageInflow,,No Flow,False,cumecs,empri-2018
1170,BUBSKGbvk_kr9-1167,Hosakere-2 (Newly Created),Outlet,12.850694,77.488556,2018-02-09,waterTemperature,28.0,28,False,°C,empri-2018
1170,BUBSKGbvk_kr9-1167,Hosakere-2 (Newly Created),Outlet,12.850694,77.488556,2018-02-09,lightTransparency,25.0,25,False,cm,empri-2018
1170,BUBSKGbvk_kr9-1167,Hosakere-2 (Newly Created),Outlet,12.850694,77.488556,2018-02-09,ph,8.3,8.3,False,,empri-2018
1170,BUBSKGbvk_kr9-1167,Hosakere-2 (Newly Created),Outlet,12.850694,77.488556,2018-02-09,conductivity,590.0,590,False,µS/cm,empri-2018
1170,BUBSKGbvk_kr9-1167,Hosakere-2 (Newly Created),Outlet,12.850694,77.488556,2018-02-09,tds,384.0,384,False,mg/l,empri-2018
1170,BUBSKGbvk_kr9-1167,Hosakere-2 (Newly Created),Outlet,12.850694,77.488556,2018-02-09,tss,2.0,2,False,mg/l,empri-2018
1170,BUBSKGbvk_kr9-1167,Hosakere-2 (Newly Created),Outlet,12.850694,77.488556,2018-02-09,turbidity,4.7,4.7,False,NTU,empri-2018
1170,BUBSKGbvk_kr9-1167,Hosakere-2 (Newly Created),Outlet,12.850694,77.488556,2018-02-09,dissolvedOxygen,7.65,7.65,False,mg/l,empri-2018
1170,BUBSKGbvk_kr9-1167,Hosakere-2 (Newly Created),Outlet,12.850694,77.488556,2018-02-09,cod,16.0,16,False,mg/l,empri-2018
1170,BUBSKGbvk_kr9-1167,Hosakere-2 (Newly Created),Outlet,12.850694,77.488556,2018-02-09,bod,2.87,2.87,False,mg/l,empri-2018
1170,BUBSKGbvk_kr9-1167,Hosakere-2 (Newly Created),Outlet,12.850694,77.488556,2018-02-09,totalPhosphate,1.2,1.2,False,mg/l,empri-2018
1170,BUBSKGbvk_kr9-1167,Hosakere-2 (Newly Created),Outlet,12.850694,77.488556,2018-02-09,tkn,12.6,12.6,False,mg/l,empri-2018
1170,BUBSKGbvk_kr9-1167,Hosakere-2 (Newly Created),Outlet,12.850694,77.488556,2018-02-09,totalColiform,1600.0,>1600,False,MPN/100ml,empri-2018
1172,BUBSKGbvk_kr11-1169,Vaderahalli lake (Newly Created),Inlet,12.837167,77.530556,2018-02-06,waterTemperature,25.1,25.1,False,°C,empri-2018
1172,BUBSKGbvk_kr11-1169,Vaderahalli lake (Newly Created),Inlet,12.837167,77.530556,2018-02-06,lightTransparency,30.0,30,False,cm,empri-2018
1172,BUBSKGbvk_kr11-1169,Vaderahalli lake (Newly Created),Inlet,12.837167,77.530556,2018-02-06,ph,8.2,8.2,False,,empri-2018
1172,BUBSKGbvk_kr11-1169,Vaderahalli lake (Newly Created),Inlet,12.837167,77.530556,2018-02-06,conductivity,881.0,881,False,µS/cm,empri-2018
1172,BUBSKGbvk_kr11-1169,Vaderahalli lake (Newly Created),Inlet,12.837167,77.530556,2018-02-06,tds,590.0,590,False,mg/l,empri-2018
1172,BUBSKGbvk_kr11-1169,Vaderahalli lake (Newly Created),Inlet,12.837167,77.530556,2018-02-06,tss,8.0,8,False,mg/l,empri-2018
1172,BUBSKGbvk_kr11-1169,Vaderahalli lake (Newly Created),Inlet,12.837167,77.530556,2018-02-06,turbidity,4.7,4.7,False,NTU,empri-2018
1172,BUBSKGbvk_kr11-1169,Vaderahalli lake (Newly Created),Inlet,12.837167,77.530556,2018-02-06,dissolvedOxygen,5.41,5.41,False,mg/l,empri-2018
1172,BUBSKGbvk_kr11-1169,Vaderahalli lake (Newly Created),Inlet,12.837167,77.530556,2018-02-06,cod,15.6,15.6,False,mg/l,empri-2018
1172,BUBSKGbvk_kr11-1169,Vaderahalli lake (Newly Created),Inlet,12.837167,77.530556,2018-02-06,bod,4.3,4.30,False,mg/l,empri-2018
1172,BUBSKGbvk_kr11-1169,Vaderahalli lake (Newly Created),Inlet,12.837167,77.530556,2018-02-06,totalPhosphate,2.3,2.3,False,mg/l,empri-2018
1172,BUBSKGbvk_kr11-1169,Vaderahalli lake (Newly Created),Inlet,12.837167,77.530556,2018-02-06,tkn,11.2,11.2,False,mg/l,empri-2018
1172,BUBSKGbvk_kr11-1169,Vaderahalli lake (Newly Created),Inlet,12.837167,77.530556,2018-02-06,totalColiform,1600.0,1600,False,MPN/100ml,empri-2018
1172,BUBSKGbvk_kr11-1169,Vaderahalli lake (Newly Created),Inlet,12.837167,77.530556,2018-02-06,sewageInflow,,No Flow,False,cumecs,empri-2018
1172,BUBSKGbvk_kr11-1169,Vaderahalli lake (Newly Created),Outlet,12.834667,77.533889,2018-02-06,waterTemperature,24.8,24.8,False,°C,empri-2018
1172,BUBSKGbvk_kr11-1169,Vaderahalli lake (Newly Created),Outlet,12.834667,77.533889,2018-02-06,lightTransparency,35.0,35,False,cm,empri-2018
1172,BUBSKGbvk_kr11-1169,Vaderahalli lake (Newly Created),Outlet,12.834667,77.533889,2018-02-06,ph,8.4,8.4,False,,empri-2018
1172,BUBSKGbvk_kr11-1169,Vaderahalli lake (Newly Created),Outlet,12.834667,77.533889,2018-02-06,conductivity,878.0,878,False,µS/cm,empri-2018
1172,BUBSKGbvk_kr11-1169,Vaderahalli lake (Newly Created),Outlet,12.834667,77.533889,2018-02-06,tds,594.0,594,False,mg/l,empri-2018
1172,BUBSKGbvk_kr11-1169,Vaderahalli lake (Newly Created),Outlet,12.834667,77.533889,2018-02-06,tss,8.0,8,False,mg/l,empri-2018
1172,BUBSKGbvk_kr11-1169,Vaderahalli lake (Newly Created),Outlet,12.834667,77.533889,2018-02-06,turbidity,4.3,4.3,False,NTU,empri-2018
1172,BUBSKGbvk_kr11-1169,Vaderahalli lake (Newly Created),Outlet,12.834667,77.533889,2018-02-06,dissolvedOxygen,6.72,6.72,False,mg/l,empri-2018
1172,BUBSKGbvk_kr11-1169,Vaderahalli lake (Newly Created),Outlet,12.834667,77.533889,2018-02-06,cod,15.6,15.6,False,mg/l,empri-2018
1172,BUBSKGbvk_kr11-1169,Vaderahalli lake (Newly Created),Outlet,12.834667,77.533889,2018-02-06,bod,5.02,5.02,False,mg/l,empri-2018
1172,BUBSKGbvk_kr11-1169,Vaderahalli lake (Newly Created),Outlet,12.834667,77.533889,2018-02-06,totalPhosphate,0.7,0.7,False,mg/l,empri-2018
1172,BUBSKGbvk_kr11-1169,Vaderahalli lake (Newly Created),Outlet,12.834667,77.533889,2018-02-06,tkn,14.0,14,False,mg/l,empri-2018
1172,BUBSKGbvk_kr11-1169,Vaderahalli lake (Newly Created),Outlet,12.834667,77.533889,2018-02-06,totalColiform,170.0,170,False,MPN/100ml,empri-2018
1174,BUBSKGbhm_kr1-1171,Bhimmanakuppe Govt lake,,12.916667,77.447556,2018-02-06,waterTemperature,22.5,22.5,False,°C,empri-2018
1174,BUBSKGbhm_kr1-1171,Bhimmanakuppe Govt lake,,12.916667,77.447556,2018-02-06,lightTransparency,4.0,4,False,cm,empri-2018
1174,BUBSKGbhm_kr1-1171,Bhimmanakuppe Govt lake,,12.916667,77.447556,2018-02-06,ph,8.4,8.4,False,,empri-2018
1174,BUBSKGbhm_kr1-1171,Bhimmanakuppe Govt lake,,12.916667,77.447556,2018-02-06,conductivity,495.0,495,False,µS/cm,empri-2018
1174,BUBSKGbhm_kr1-1171,Bhimmanakuppe Govt lake,,12.916667,77.447556,2018-02-06,tds,270.0,270,False,mg/l,empri-2018
1174,BUBSKGbhm_kr1-1171,Bhimmanakuppe Govt lake,,12.916667,77.447556,2018-02-06,tss,26.8,26.8,False,mg/l,empri-2018
1174,BUBSKGbhm_kr1-1171,Bhimmanakuppe Govt lake,,12.916667,77.447556,2018-02-06,turbidity,12.0,12,False,NTU,empri-2018
1174,BUBSKGbhm_kr1-1171,Bhimmanakuppe Govt lake,,12.916667,77.447556,2018-02-06,dissolvedOxygen,4.0,4,False,mg/l,empri-2018
1174,BUBSKGbhm_kr1-1171,Bhimmanakuppe Govt lake,,12.916667,77.447556,2018-02-06,cod,16.0,16,False,mg/l,empri-2018
1174,BUBSKGbhm_kr1-1171,Bhimmanakuppe Govt lake,,12.916667,77.447556,2018-02-06,bod,3.5,3.5,False,mg/l,empri-2018
1174,BUBSKGbhm_kr1-1171,Bhimmanakuppe Govt lake,,12.916667,77.447556,2018-02-06,totalPhosphate,,ND,True,mg/l,empri-2018
1174,BUBSKGbhm_kr1-1171,Bhimmanakuppe Govt lake,,12.916667,77.447556,2018-02-06,tkn,7.0,7,False,mg/l,empri-2018
1174,BUBSKGbhm_kr1-1171,Bhimmanakuppe Govt lake,,12.916667,77.447556,2018-02-06,totalColiform,1600.0,>1600,False,MPN/100ml,empri-2018
1177,BUBSKGbhm_kr4-1174,Bheemanakuppe Hosakere,,12.911833,77.436667,2018-02-06,waterTemperature,21.6,21.6,False,°C,empri-2018
1177,BUBSKGbhm_kr4-1174,Bheemanakuppe Hosakere,,12.911833,77.436667,2018-02-06,lightTransparency,52.0,52,False,cm,empri-2018
1177,BUBSKGbhm_kr4-1174,Bheemanakuppe Hosakere,,12.911833,77.436667,2018-02-06,ph,8.3,8.3,False,,empri-2018
1177,BUBSKGbhm_kr4-1174,Bheemanakuppe Hosakere,,12.911833,77.436667,2018-02-06,conductivity,585.0,585,False,µS/cm,empri-2018
1177,BUBSKGbhm_kr4-1174,Bheemanakuppe Hosakere,,12.911833,77.436667,2018-02-06,tds,340.0,340,False,mg/l,empri-2018
1177,BUBSKGbhm_kr4-1174,Bheemanakuppe Hosakere,,12.911833,77.436667,2018-02-06,tss,27.0,27,False,mg/l,empri-2018
1177,BUBSKGbhm_kr4-1174,Bheemanakuppe Hosakere,,12.911833,77.436667,2018-02-06,turbidity,20.0,20,False,NTU,empri-2018
1177,BUBSKGbhm_kr4-1174,Bheemanakuppe Hosakere,,12.911833,77.436667,2018-02-06,dissolvedOxygen,5.2,5.2,False,mg/l,empri-2018
1177,BUBSKGbhm_kr4-1174,Bheemanakuppe Hosakere,,12.911833,77.436667,2018-02-06,cod,32.0,32,False,mg/l,empri-2018
1177,BUBSKGbhm_kr4-1174,Bheemanakuppe Hosakere,,12.911833,77.436667,2018-02-06,bod,3.9,3.9,False,mg/l,empri-2018
1177,BUBSKGbhm_kr4-1174,Bheemanakuppe Hosakere,,12.911833,77.436667,2018-02-06,totalPhosphate,,ND,True,mg/l,empri-2018
1177,BUBSKGbhm_kr4-1174,Bheemanakuppe Hosakere,,12.911833,77.436667,2018-02-06,tkn,7.0,7,False,mg/l,empri-2018
1177,BUBSKGbhm_kr4-1174,Bheemanakuppe Hosakere,,12.911833,77.436667,2018-02-06,totalColiform,21.0,21,False,MPN/100ml,empri-2018
1182,BUBSKGcnk_kr3-1179,Chinnakurchi kere-1,,12.821444,77.465056,2018-02-09,waterTemperature,31.7,31.7,False,°C,empri-2018
1182,BUBSKGcnk_kr3-1179,Chinnakurchi kere-1,,12.821444,77.465056,2018-02-09,lightTransparency,12.0,12,False,cm,empri-2018
1182,BUBSKGcnk_kr3-1179,Chinnakurchi kere-1,,12.821444,77.465056,2018-02-09,ph,8.9,8.9,False,,empri-2018
1182,BUBSKGcnk_kr3-1179,Chinnakurchi kere-1,,12.821444,77.465056,2018-02-09,conductivity,263.0,263,False,µS/cm,empri-2018
1182,BUBSKGcnk_kr3-1179,Chinnakurchi kere-1,,12.821444,77.465056,2018-02-09,tds,176.0,176,False,mg/l,empri-2018
1182,BUBSKGcnk_kr3-1179,Chinnakurchi kere-1,,12.821444,77.465056,2018-02-09,tss,22.0,22,False,mg/l,empri-2018
1182,BUBSKGcnk_kr3-1179,Chinnakurchi kere-1,,12.821444,77.465056,2018-02-09,turbidity,38.0,38,False,NTU,empri-2018
1182,BUBSKGcnk_kr3-1179,Chinnakurchi kere-1,,12.821444,77.465056,2018-02-09,dissolvedOxygen,10.64,10.64,False,mg/l,empri-2018
1182,BUBSKGcnk_kr3-1179,Chinnakurchi kere-1,,12.821444,77.465056,2018-02-09,cod,32.0,32,False,mg/l,empri-2018
1182,BUBSKGcnk_kr3-1179,Chinnakurchi kere-1,,12.821444,77.465056,2018-02-09,bod,3.38,3.38,False,mg/l,empri-2018
1182,BUBSKGcnk_kr3-1179,Chinnakurchi kere-1,,12.821444,77.465056,2018-02-09,totalPhosphate,1.4,1.4,False,mg/l,empri-2018
1182,BUBSKGcnk_kr3-1179,Chinnakurchi kere-1,,12.821444,77.465056,2018-02-09,tkn,15.4,15.4,False,mg/l,empri-2018
1182,BUBSKGcnk_kr3-1179,Chinnakurchi kere-1,,12.821444,77.465056,2018-02-09,totalColiform,26.0,26,False,MPN/100ml,empri-2018
1183,BUBSKGcnk_kr4-1180,Chinnakurchi kere-2,,12.819361,77.465444,2018-02-09,waterTemperature,29.5,29.5,False,°C,empri-2018
1183,BUBSKGcnk_kr4-1180,Chinnakurchi kere-2,,12.819361,77.465444,2018-02-09,lightTransparency,40.0,40,False,cm,empri-2018
1183,BUBSKGcnk_kr4-1180,Chinnakurchi kere-2,,12.819361,77.465444,2018-02-09,ph,8.3,8.3,False,,empri-2018
1183,BUBSKGcnk_kr4-1180,Chinnakurchi kere-2,,12.819361,77.465444,2018-02-09,conductivity,614.0,614,False,µS/cm,empri-2018
1183,BUBSKGcnk_kr4-1180,Chinnakurchi kere-2,,12.819361,77.465444,2018-02-09,tds,412.0,412,False,mg/l,empri-2018
1183,BUBSKGcnk_kr4-1180,Chinnakurchi kere-2,,12.819361,77.465444,2018-02-09,tss,9.0,9,False,mg/l,empri-2018
1183,BUBSKGcnk_kr4-1180,Chinnakurchi kere-2,,12.819361,77.465444,2018-02-09,turbidity,10.1,10.1,False,NTU,empri-2018
1183,BUBSKGcnk_kr4-1180,Chinnakurchi kere-2,,12.819361,77.465444,2018-02-09,dissolvedOxygen,5.23,5.23,False,mg/l,empri-2018
1183,BUBSKGcnk_kr4-1180,Chinnakurchi kere-2,,12.819361,77.465444,2018-02-09,cod,32.0,32,False,mg/l,empri-2018
1183,BUBSKGcnk_kr4-1180,Chinnakurchi kere-2,,12.819361,77.465444,2018-02-09,bod,1.13,1.13,False,mg/l,empri-2018
1183,BUBSKGcnk_kr4-1180,Chinnakurchi kere-2,,12.819361,77.465444,2018-02-09,totalPhosphate,1.2,1.2,False,mg/l,empri-2018
1183,BUBSKGcnk_kr4-1180,Chinnakurchi kere-2,,12.819361,77.465444,2018-02-09,tkn,18.2,18.2,False,mg/l,empri-2018
1183,BUBSKGcnk_kr4-1180,Chinnakurchi kere-2,,12.819361,77.465444,2018-02-09,totalColiform,1600.0,>1600,False,MPN/100ml,empri-2018
1184,BUBSKGcwp_kr1-1181,Govt. Gangashetty kere,,12.892694,77.486028,2018-02-06,waterTemperature,26.9,26.9,False,°C,empri-2018
1184,BUBSKGcwp_kr1-1181,Govt. Gangashetty kere,,12.892694,77.486028,2018-02-06,lightTransparency,9.0,9,False,cm,empri-2018
1184,BUBSKGcwp_kr1-1181,Govt. Gangashetty kere,,12.892694,77.486028,2018-02-06,ph,8.8,8.8,False,,empri-2018
1184,BUBSKGcwp_kr1-1181,Govt. Gangashetty kere,,12.892694,77.486028,2018-02-06,conductivity,1034.0,1034,False,µS/cm,empri-2018
1184,BUBSKGcwp_kr1-1181,Govt. Gangashetty kere,,12.892694,77.486028,2018-02-06,tds,616.0,616,False,mg/l,empri-2018
1184,BUBSKGcwp_kr1-1181,Govt. Gangashetty kere,,12.892694,77.486028,2018-02-06,tss,47.0,47,False,mg/l,empri-2018
1184,BUBSKGcwp_kr1-1181,Govt. Gangashetty kere,,12.892694,77.486028,2018-02-06,turbidity,39.8,39.8,False,NTU,empri-2018
1184,BUBSKGcwp_kr1-1181,Govt. Gangashetty kere,,12.892694,77.486028,2018-02-06,dissolvedOxygen,11.2,11.2,False,mg/l,empri-2018
1184,BUBSKGcwp_kr1-1181,Govt. Gangashetty kere,,12.892694,77.486028,2018-02-06,cod,15.6,15.6,False,mg/l,empri-2018
1184,BUBSKGcwp_kr1-1181,Govt. Gangashetty kere,,12.892694,77.486028,2018-02-06,bod,5.02,5.02,False,mg/l,empri-2018
1184,BUBSKGcwp_kr1-1181,Govt. Gangashetty kere,,12.892694,77.486028,2018-02-06,totalPhosphate,0.7,0.7,False,mg/l,empri-2018
1184,BUBSKGcwp_kr1-1181,Govt. Gangashetty kere,,12.892694,77.486028,2018-02-06,tkn,18.2,18.2,False,mg/l,empri-2018
1184,BUBSKGcwp_kr1-1181,Govt. Gangashetty kere,,12.892694,77.486028,2018-02-06,totalColiform,1600.0,>1600,False,MPN/100ml,empri-2018
1186,BUBSKGdvr_kr2-1183,Deevatigeramanahalli kere,,12.949444,77.531083,2018-02-06,waterTemperature,16.6,16.6,False,°C,empri-2018
1186,BUBSKGdvr_kr2-1183,Deevatigeramanahalli kere,,12.949444,77.531083,2018-02-06,lightTransparency,5.0,5,False,cm,empri-2018
1186,BUBSKGdvr_kr2-1183,Deevatigeramanahalli kere,,12.949444,77.531083,2018-02-06,ph,8.3,8.3,False,,empri-2018
1186,BUBSKGdvr_kr2-1183,Deevatigeramanahalli kere,,12.949444,77.531083,2018-02-06,conductivity,797.0,797,False,µS/cm,empri-2018
1186,BUBSKGdvr_kr2-1183,Deevatigeramanahalli kere,,12.949444,77.531083,2018-02-06,tds,820.0,820,False,mg/l,empri-2018
1186,BUBSKGdvr_kr2-1183,Deevatigeramanahalli kere,,12.949444,77.531083,2018-02-06,tss,772.0,772,False,mg/l,empri-2018
1186,BUBSKGdvr_kr2-1183,Deevatigeramanahalli kere,,12.949444,77.531083,2018-02-06,turbidity,18.0,18,False,NTU,empri-2018
1186,BUBSKGdvr_kr2-1183,Deevatigeramanahalli kere,,12.949444,77.531083,2018-02-06,dissolvedOxygen,4.8,4.8,False,mg/l,empri-2018
1186,BUBSKGdvr_kr2-1183,Deevatigeramanahalli kere,,12.949444,77.531083,2018-02-06,cod,256.0,256,False,mg/l,empri-2018
1186,BUBSKGdvr_kr2-1183,Deevatigeramanahalli kere,,12.949444,77.531083,2018-02-06,bod,12.5,12.5,False,mg/l,empri-2018
1186,BUBSKGdvr_kr2-1183,Deevatigeramanahalli kere,,12.949444,77.531083,2018-02-06,totalPhosphate,,ND,True,mg/l,empri-2018
1186,BUBSKGdvr_kr2-1183,Deevatigeramanahalli kere,,12.949444,77.531083,2018-02-06,tkn,14.0,14,False,mg/l,empri-2018
1186,BUBSKGdvr_kr2-1183,Deevatigeramanahalli kere,,12.949444,77.531083,2018-02-06,totalColiform,350.0,350,False,MPN/100ml,empri-2018
1193,BUBSKGglh_kr1-1190,Gollahalli Govt Kere,Inlet,12.875667,77.482944,2018-02-09,waterTemperature,25.0,25,False,°C,empri-2018
1193,BUBSKGglh_kr1-1190,Gollahalli Govt Kere,Inlet,12.875667,77.482944,2018-02-09,lightTransparency,30.0,30,False,cm,empri-2018
1193,BUBSKGglh_kr1-1190,Gollahalli Govt Kere,Inlet,12.875667,77.482944,2018-02-09,ph,8.4,8.4,False,,empri-2018
1193,BUBSKGglh_kr1-1190,Gollahalli Govt Kere,Inlet,12.875667,77.482944,2018-02-09,conductivity,789.0,789,False,µS/cm,empri-2018
1193,BUBSKGglh_kr1-1190,Gollahalli Govt Kere,Inlet,12.875667,77.482944,2018-02-09,tds,512.0,512,False,mg/l,empri-2018
1193,BUBSKGglh_kr1-1190,Gollahalli Govt Kere,Inlet,12.875667,77.482944,2018-02-09,tss,11.0,11,False,mg/l,empri-2018
1193,BUBSKGglh_kr1-1190,Gollahalli Govt Kere,Inlet,12.875667,77.482944,2018-02-09,turbidity,8.2,8.2,False,NTU,empri-2018
1193,BUBSKGglh_kr1-1190,Gollahalli Govt Kere,Inlet,12.875667,77.482944,2018-02-09,dissolvedOxygen,8.21,8.21,False,mg/l,empri-2018
1193,BUBSKGglh_kr1-1190,Gollahalli Govt Kere,Inlet,12.875667,77.482944,2018-02-09,cod,224.0,224,False,mg/l,empri-2018
1193,BUBSKGglh_kr1-1190,Gollahalli Govt Kere,Inlet,12.875667,77.482944,2018-02-09,bod,16.76,16.76,False,mg/l,empri-2018
1193,BUBSKGglh_kr1-1190,Gollahalli Govt Kere,Inlet,12.875667,77.482944,2018-02-09,totalPhosphate,2.8,2.8,False,mg/l,empri-2018
1193,BUBSKGglh_kr1-1190,Gollahalli Govt Kere,Inlet,12.875667,77.482944,2018-02-09,tkn,22.4,22.4,False,mg/l,empri-2018
1193,BUBSKGglh_kr1-1190,Gollahalli Govt Kere,Inlet,12.875667,77.482944,2018-02-09,totalColiform,8.0,8,False,MPN/100ml,empri-2018
1193,BUBSKGglh_kr1-1190,Gollahalli Govt Kere,Inlet,12.875667,77.482944,2018-02-09,sewageInflow,,No Flow,False,cumecs,empri-2018
1193,BUBSKGglh_kr1-1190,Gollahalli Govt Kere,Outlet,12.872861,77.482722,2018-02-09,waterTemperature,24.9,24.9,False,°C,empri-2018
1193,BUBSKGglh_kr1-1190,Gollahalli Govt Kere,Outlet,12.872861,77.482722,2018-02-09,lightTransparency,32.0,32,False,cm,empri-2018
1193,BUBSKGglh_kr1-1190,Gollahalli Govt Kere,Outlet,12.872861,77.482722,2018-02-09,ph,8.6,8.6,False,,empri-2018
1193,BUBSKGglh_kr1-1190,Gollahalli Govt Kere,Outlet,12.872861,77.482722,2018-02-09,conductivity,780.0,780,False,µS/cm,empri-2018
1193,BUBSKGglh_kr1-1190,Gollahalli Govt Kere,Outlet,12.872861,77.482722,2018-02-09,tds,534.0,534,False,mg/l,empri-2018
1193,BUBSKGglh_kr1-1190,Gollahalli Govt Kere,Outlet,12.872861,77.482722,2018-02-09,tss,6.0,6,False,mg/l,empri-2018
1193,BUBSKGglh_kr1-1190,Gollahalli Govt Kere,Outlet,12.872861,77.482722,2018-02-09,turbidity,7.0,7,False,NTU,empri-2018
1193,BUBSKGglh_kr1-1190,Gollahalli Govt Kere,Outlet,12.872861,77.482722,2018-02-09,dissolvedOxygen,7.65,7.65,False,mg/l,empri-2018
1193,BUBSKGglh_kr1-1190,Gollahalli Govt Kere,Outlet,12.872861,77.482722,2018-02-09,cod,16.0,16,False,mg/l,empri-2018
1193,BUBSKGglh_kr1-1190,Gollahalli Govt Kere,Outlet,12.872861,77.482722,2018-02-09,bod,1.79,1.79,False,mg/l,empri-2018
1193,BUBSKGglh_kr1-1190,Gollahalli Govt Kere,Outlet,12.872861,77.482722,2018-02-09,totalPhosphate,0.2,0.2,False,mg/l,empri-2018
1193,BUBSKGglh_kr1-1190,Gollahalli Govt Kere,Outlet,12.872861,77.482722,2018-02-09,tkn,21.0,21,False,mg/l,empri-2018
1193,BUBSKGglh_kr1-1190,Gollahalli Govt Kere,Outlet,12.872861,77.482722,2018-02-09,totalColiform,1600.0,>1600,False,MPN/100ml,empri-2018
1202,BUBSKGkmp_kr2-1199,Kambipura kunte1,,12.890861,77.464,2018-02-09,waterTemperature,30.4,30.4,False,°C,empri-2018
1202,BUBSKGkmp_kr2-1199,Kambipura kunte1,,12.890861,77.464,2018-02-09,lightTransparency,15.0,15,False,cm,empri-2018
1202,BUBSKGkmp_kr2-1199,Kambipura kunte1,,12.890861,77.464,2018-02-09,ph,8.1,8.1,False,,empri-2018
1202,BUBSKGkmp_kr2-1199,Kambipura kunte1,,12.890861,77.464,2018-02-09,conductivity,1398.0,1398,False,µS/cm,empri-2018
1202,BUBSKGkmp_kr2-1199,Kambipura kunte1,,12.890861,77.464,2018-02-09,tds,942.0,942,False,mg/l,empri-2018
1202,BUBSKGkmp_kr2-1199,Kambipura kunte1,,12.890861,77.464,2018-02-09,tss,16.0,16,False,mg/l,empri-2018
1202,BUBSKGkmp_kr2-1199,Kambipura kunte1,,12.890861,77.464,2018-02-09,turbidity,9.7,9.7,False,NTU,empri-2018
1202,BUBSKGkmp_kr2-1199,Kambipura kunte1,,12.890861,77.464,2018-02-09,dissolvedOxygen,6.53,6.53,False,mg/l,empri-2018
1202,BUBSKGkmp_kr2-1199,Kambipura kunte1,,12.890861,77.464,2018-02-09,cod,64.0,64,False,mg/l,empri-2018
1202,BUBSKGkmp_kr2-1199,Kambipura kunte1,,12.890861,77.464,2018-02-09,bod,6.37,6.37,False,mg/l,empri-2018
1202,BUBSKGkmp_kr2-1199,Kambipura kunte1,,12.890861,77.464,2018-02-09,totalPhosphate,2.2,2.2,False,mg/l,empri-2018
1202,BUBSKGkmp_kr2-1199,Kambipura kunte1,,12.890861,77.464,2018-02-09,tkn,28.0,28,False,mg/l,empri-2018
1202,BUBSKGkmp_kr2-1199,Kambipura kunte1,,12.890861,77.464,2018-02-09,totalColiform,1600.0,>1600,False,MPN/100ml,empri-2018
1217,BUBSKGknc_kr1-1214,Kenchinahalli kere,,12.92625,77.508472,2018-02-09,waterTemperature,26.2,26.2,False,°C,empri-2018
1217,BUBSKGknc_kr1-1214,Kenchinahalli kere,,12.92625,77.508472,2018-02-09,lightTransparency,,UM,False,cm,empri-2018
1217,BUBSKGknc_kr1-1214,Kenchinahalli kere,,12.92625,77.508472,2018-02-09,ph,7.0,7,False,,empri-2018
1217,BUBSKGknc_kr1-1214,Kenchinahalli kere,,12.92625,77.508472,2018-02-09,conductivity,1206.0,1206,False,µS/cm,empri-2018
1217,BUBSKGknc_kr1-1214,Kenchinahalli kere,,12.92625,77.508472,2018-02-09,tds,724.0,724,False,mg/l,empri-2018
1217,BUBSKGknc_kr1-1214,Kenchinahalli kere,,12.92625,77.508472,2018-02-09,tss,76.0,76,False,mg/l,empri-2018
1217,BUBSKGknc_kr1-1214,Kenchinahalli kere,,12.92625,77.508472,2018-02-09,turbidity,80.0,80,False,NTU,empri-2018
1217,BUBSKGknc_kr1-1214,Kenchinahalli kere,,12.92625,77.508472,2018-02-09,dissolvedOxygen,0.19,0.19,False,mg/l,empri-2018
1217,BUBSKGknc_kr1-1214,Kenchinahalli kere,,12.92625,77.508472,2018-02-09,cod,48.0,48,False,mg/l,empri-2018
1217,BUBSKGknc_kr1-1214,Kenchinahalli kere,,12.92625,77.508472,2018-02-09,bod,2.96,2.96,False,mg/l,empri-2018
1217,BUBSKGknc_kr1-1214,Kenchinahalli kere,,12.92625,77.508472,2018-02-09,totalPhosphate,1.2,1.2,False,mg/l,empri-2018
1217,BUBSKGknc_kr1-1214,Kenchinahalli kere,,12.92625,77.508472,2018-02-09,tkn,26.6,26.6,False,mg/l,empri-2018
1217,BUBSKGknc_kr1-1214,Kenchinahalli kere,,12.92625,77.508472,2018-02-09,totalColiform,1600.0,>1600,False,MPN/100ml,empri-2018
1237,BUBSKGkom_kr1-1234,Kommaghatta Govt. Lake,,12.927667,77.4671,2018-02-06,waterTemperature,22.8,22.8,False,°C,empri-2018
1237,BUBSKGkom_kr1-1234,Kommaghatta Govt. Lake,,12.927667,77.4671,2018-02-06,lightTransparency,21.0,21,False,cm,empri-2018
1237,BUBSKGkom_kr1-1234,Kommaghatta Govt. Lake,,12.927667,77.4671,2018-02-06,ph,8.5,8.5,False,,empri-2018
1237,BUBSKGkom_kr1-1234,Kommaghatta Govt. Lake,,12.927667,77.4671,2018-02-06,conductivity,928.0,928,False,µS/cm,empri-2018
1237,BUBSKGkom_kr1-1234,Kommaghatta Govt. Lake,,12.927667,77.4671,2018-02-06,tds,640.0,640,False,mg/l,empri-2018
1237,BUBSKGkom_kr1-1234,Kommaghatta Govt. Lake,,12.927667,77.4671,2018-02-06,tss,44.0,44,False,mg/l,empri-2018
1237,BUBSKGkom_kr1-1234,Kommaghatta Govt. Lake,,12.927667,77.4671,2018-02-06,turbidity,14.0,14,False,NTU,empri-2018
1237,BUBSKGkom_kr1-1234,Kommaghatta Govt. Lake,,12.927667,77.4671,2018-02-06,dissolvedOxygen,5.6,5.6,False,mg/l,empri-2018
1237,BUBSKGkom_kr1-1234,Kommaghatta Govt. Lake,,12.927667,77.4671,2018-02-06,cod,24.0,24,False,mg/l,empri-2018
1237,BUBSKGkom_kr1-1234,Kommaghatta Govt. Lake,,12.927667,77.4671,2018-02-06,bod,6.4,6.4,False,mg/l,empri-2018
1237,BUBSKGkom_kr1-1234,Kommaghatta Govt. Lake,,12.927667,77.4671,2018-02-06,totalPhosphate,1.6,1.6,False,mg/l,empri-2018
1237,BUBSKGkom_kr1-1234,Kommaghatta Govt. Lake,,12.927667,77.4671,2018-02-06,tkn,17.0,17,False,mg/l,empri-2018
1237,BUBSKGkom_kr1-1234,Kommaghatta Govt. Lake,,12.927667,77.4671,2018-02-06,totalColiform,250.0,250,False,MPN/100ml,empri-2018
1245,BUBSKGkum_kr1-1242,Govt. Maggekere,,12.8845,77.445417,2018-02-09,waterTemperature,25.8,25.8,False,°C,empri-2018
1245,BUBSKGkum_kr1-1242,Govt. Maggekere,,12.8845,77.445417,2018-02-09,lightTransparency,12.0,12,False,cm,empri-2018
1245,BUBSKGkum_kr1-1242,Govt. Maggekere,,12.8845,77.445417,2018-02-09,ph,7.9,7.9,False,,empri-2018
1245,BUBSKGkum_kr1-1242,Govt. Maggekere,,12.8845,77.445417,2018-02-09,conductivity,1774.0,1774,False,µS/cm,empri-2018
1245,BUBSKGkum_kr1-1242,Govt. Maggekere,,12.8845,77.445417,2018-02-09,tds,1288.0,1288,False,mg/l,empri-2018
1245,BUBSKGkum_kr1-1242,Govt. Maggekere,,12.8845,77.445417,2018-02-09,tss,10.0,10,False,mg/l,empri-2018
1245,BUBSKGkum_kr1-1242,Govt. Maggekere,,12.8845,77.445417,2018-02-09,turbidity,7.7,7.7,False,NTU,empri-2018
1245,BUBSKGkum_kr1-1242,Govt. Maggekere,,12.8845,77.445417,2018-02-09,dissolvedOxygen,3.17,3.17,False,mg/l,empri-2018
1245,BUBSKGkum_kr1-1242,Govt. Maggekere,,12.8845,77.445417,2018-02-09,cod,32.0,32,False,mg/l,empri-2018
1245,BUBSKGkum_kr1-1242,Govt. Maggekere,,12.8845,77.445417,2018-02-09,bod,1.69,1.69,False,mg/l,empri-2018
1245,BUBSKGkum_kr1-1242,Govt. Maggekere,,12.8845,77.445417,2018-02-09,totalPhosphate,1.4,1.4,False,mg/l,empri-2018
1245,BUBSKGkum_kr1-1242,Govt. Maggekere,,12.8845,77.445417,2018-02-09,tkn,23.8,23.8,False,mg/l,empri-2018
1245,BUBSKGkum_kr1-1242,Govt. Maggekere,,12.8845,77.445417,2018-02-09,totalColiform,1600.0,>1600,False,MPN/100ml,empri-2018
1263,BUBSKGmlg_kr2-1260,Maligondanahalli Lake1,,12.915333,77.417611,2018-02-09,waterTemperature,23.1,23.1,False,°C,empri-2018
1263,BUBSKGmlg_kr2-1260,Maligondanahalli Lake1,,12.915333,77.417611,2018-02-09,lightTransparency,45.0,45,False,cm,empri-2018
1263,BUBSKGmlg_kr2-1260,Maligondanahalli Lake1,,12.915333,77.417611,2018-02-09,ph,8.5,8.5,False,,empri-2018
1263,BUBSKGmlg_kr2-1260,Maligondanahalli Lake1,,12.915333,77.417611,2018-02-09,conductivity,721.0,721,False,µS/cm,empri-2018
1263,BUBSKGmlg_kr2-1260,Maligondanahalli Lake1,,12.915333,77.417611,2018-02-09,tds,260.0,260,False,mg/l,empri-2018
1263,BUBSKGmlg_kr2-1260,Maligondanahalli Lake1,,12.915333,77.417611,2018-02-09,tss,22.0,22,False,mg/l,empri-2018
1263,BUBSKGmlg_kr2-1260,Maligondanahalli Lake1,,12.915333,77.417611,2018-02-09,turbidity,12.0,12,False,NTU,empri-2018
1263,BUBSKGmlg_kr2-1260,Maligondanahalli Lake1,,12.915333,77.417611,2018-02-09,dissolvedOxygen,5.0,5,False,mg/l,empri-2018
1263,BUBSKGmlg_kr2-1260,Maligondanahalli Lake1,,12.915333,77.417611,2018-02-09,cod,28.0,28,False,mg/l,empri-2018
1263,BUBSKGmlg_kr2-1260,Maligondanahalli Lake1,,12.915333,77.417611,2018-02-09,bod,4.6,4.6,False,mg/l,empri-2018
1263,BUBSKGmlg_kr2-1260,Maligondanahalli Lake1,,12.915333,77.417611,2018-02-09,totalPhosphate,0.7,0.7,False,mg/l,empri-2018
1263,BUBSKGmlg_kr2-1260,Maligondanahalli Lake1,,12.915333,77.417611,2018-02-09,tkn,10.0,10,False,mg/l,empri-2018
1263,BUBSKGmlg_kr2-1260,Maligondanahalli Lake1,,12.915333,77.417611,2018-02-09,totalColiform,1600.0,>1600,False,MPN/100ml,empri-2018
1266,BUBSKGmls_kr1-1263,Mylasandra Lake-2,,12.907444,77.495528,2018-02-06,waterTemperature,27.2,27.2,False,°C,empri-2018
1266,BUBSKGmls_kr1-1263,Mylasandra Lake-2,,12.907444,77.495528,2018-02-06,lightTransparency,9.0,9,False,cm,empri-2018
1266,BUBSKGmls_kr1-1263,Mylasandra Lake-2,,12.907444,77.495528,2018-02-06,ph,8.7,8.7,False,,empri-2018
1266,BUBSKGmls_kr1-1263,Mylasandra Lake-2,,12.907444,77.495528,2018-02-06,conductivity,1058.0,1058,False,µS/cm,empri-2018
1266,BUBSKGmls_kr1-1263,Mylasandra Lake-2,,12.907444,77.495528,2018-02-06,tds,682.0,682,False,mg/l,empri-2018
1266,BUBSKGmls_kr1-1263,Mylasandra Lake-2,,12.907444,77.495528,2018-02-06,tss,47.0,47,False,mg/l,empri-2018
1266,BUBSKGmls_kr1-1263,Mylasandra Lake-2,,12.907444,77.495528,2018-02-06,turbidity,4.3,4.3,False,NTU,empri-2018
1266,BUBSKGmls_kr1-1263,Mylasandra Lake-2,,12.907444,77.495528,2018-02-06,dissolvedOxygen,9.52,9.52,False,mg/l,empri-2018
1266,BUBSKGmls_kr1-1263,Mylasandra Lake-2,,12.907444,77.495528,2018-02-06,cod,31.3,31.3,False,mg/l,empri-2018
1266,BUBSKGmls_kr1-1263,Mylasandra Lake-2,,12.907444,77.495528,2018-02-06,bod,11.82,11.82,False,mg/l,empri-2018
1266,BUBSKGmls_kr1-1263,Mylasandra Lake-2,,12.907444,77.495528,2018-02-06,totalPhosphate,1.6,1.6,False,mg/l,empri-2018
1266,BUBSKGmls_kr1-1263,Mylasandra Lake-2,,12.907444,77.495528,2018-02-06,tkn,12.6,12.6,False,mg/l,empri-2018
1266,BUBSKGmls_kr1-1263,Mylasandra Lake-2,,12.907444,77.495528,2018-02-06,totalColiform,500.0,500,False,MPN/100ml,empri-2018
1268,BUBSKGmrg_kr1-1265,Muppatu Kavalu Sakari (New),,12.935639,77.435972,2018-02-09,waterTemperature,20.9,20.9,False,°C,empri-2018
1268,BUBSKGmrg_kr1-1265,Muppatu Kavalu Sakari (New),,12.935639,77.435972,2018-02-09,lightTransparency,6.0,6,False,cm,empri-2018
1268,BUBSKGmrg_kr1-1265,Muppatu Kavalu Sakari (New),,12.935639,77.435972,2018-02-09,ph,8.2,8.2,False,,empri-2018
1268,BUBSKGmrg_kr1-1265,Muppatu Kavalu Sakari (New),,12.935639,77.435972,2018-02-09,conductivity,737.0,737,False,µS/cm,empri-2018
1268,BUBSKGmrg_kr1-1265,Muppatu Kavalu Sakari (New),,12.935639,77.435972,2018-02-09,tds,380.0,380,False,mg/l,empri-2018
1268,BUBSKGmrg_kr1-1265,Muppatu Kavalu Sakari (New),,12.935639,77.435972,2018-02-09,tss,38.0,38,False,mg/l,empri-2018
1268,BUBSKGmrg_kr1-1265,Muppatu Kavalu Sakari (New),,12.935639,77.435972,2018-02-09,turbidity,30.0,30,False,NTU,empri-2018
1268,BUBSKGmrg_kr1-1265,Muppatu Kavalu Sakari (New),,12.935639,77.435972,2018-02-09,dissolvedOxygen,5.2,5.2,False,mg/l,empri-2018
1268,BUBSKGmrg_kr1-1265,Muppatu Kavalu Sakari (New),,12.935639,77.435972,2018-02-09,cod,48.0,48,False,mg/l,empri-2018
1268,BUBSKGmrg_kr1-1265,Muppatu Kavalu Sakari (New),,12.935639,77.435972,2018-02-09,bod,3.6,3.6,False,mg/l,empri-2018
1268,BUBSKGmrg_kr1-1265,Muppatu Kavalu Sakari (New),,12.935639,77.435972,2018-02-09,totalPhosphate,,ND,True,mg/l,empri-2018
1268,BUBSKGmrg_kr1-1265,Muppatu Kavalu Sakari (New),,12.935639,77.435972,2018-02-09,tkn,7.0,7,False,mg/l,empri-2018
1268,BUBSKGmrg_kr1-1265,Muppatu Kavalu Sakari (New),,12.935639,77.435972,2018-02-09,totalColiform,1600.0,>1600,False,MPN/100ml,empri-2018
1269,BUBSKGmrg_kr2-1266,Maragondanahalli Govt. Lake,,12.935194,77.421,2018-02-09,waterTemperature,23.1,23.1,False,°C,empri-2018
1269,BUBSKGmrg_kr2-1266,Maragondanahalli Govt. Lake,,12.935194,77.421,2018-02-09,lightTransparency,14.0,14,False,cm,empri-2018
1269,BUBSKGmrg_kr2-1266,Maragondanahalli Govt. Lake,,12.935194,77.421,2018-02-09,ph,8.4,8.4,False,,empri-2018
1269,BUBSKGmrg_kr2-1266,Maragondanahalli Govt. Lake,,12.935194,77.421,2018-02-09,conductivity,820.0,820,False,µS/cm,empri-2018
1269,BUBSKGmrg_kr2-1266,Maragondanahalli Govt. Lake,,12.935194,77.421,2018-02-09,tds,580.0,580,False,mg/l,empri-2018
1269,BUBSKGmrg_kr2-1266,Maragondanahalli Govt. Lake,,12.935194,77.421,2018-02-09,tss,42.0,42,False,mg/l,empri-2018
1269,BUBSKGmrg_kr2-1266,Maragondanahalli Govt. Lake,,12.935194,77.421,2018-02-09,turbidity,46.0,46,False,NTU,empri-2018
1269,BUBSKGmrg_kr2-1266,Maragondanahalli Govt. Lake,,12.935194,77.421,2018-02-09,dissolvedOxygen,4.4,4.4,False,mg/l,empri-2018
1269,BUBSKGmrg_kr2-1266,Maragondanahalli Govt. Lake,,12.935194,77.421,2018-02-09,cod,36.0,36,False,mg/l,empri-2018
1269,BUBSKGmrg_kr2-1266,Maragondanahalli Govt. Lake,,12.935194,77.421,2018-02-09,bod,13.3,13.3,False,mg/l,empri-2018
1269,BUBSKGmrg_kr2-1266,Maragondanahalli Govt. Lake,,12.935194,77.421,2018-02-09,totalPhosphate,,ND,True,mg/l,empri-2018
1269,BUBSKGmrg_kr2-1266,Maragondanahalli Govt. Lake,,12.935194,77.421,2018-02-09,tkn,10.0,10,False,mg/l,empri-2018
1269,BUBSKGmrg_kr2-1266,Maragondanahalli Govt. Lake,,12.935194,77.421,2018-02-09,totalColiform,1600.0,>1600,False,MPN/100ml,empri-2018
1281,BUBSKGrms_kr1-1278,Chikkakere,,12.945833,77.471472,2018-02-09,waterTemperature,21.5,21.5,False,°C,empri-2018
1281,BUBSKGrms_kr1-1278,Chikkakere,,12.945833,77.471472,2018-02-09,lightTransparency,,UM,False,cm,empri-2018
1281,BUBSKGrms_kr1-1278,Chikkakere,,12.945833,77.471472,2018-02-09,ph,8.4,8.4,False,,empri-2018
1281,BUBSKGrms_kr1-1278,Chikkakere,,12.945833,77.471472,2018-02-09,conductivity,984.0,984,False,µS/cm,empri-2018
1281,BUBSKGrms_kr1-1278,Chikkakere,,12.945833,77.471472,2018-02-09,tds,960.0,960,False,mg/l,empri-2018
1281,BUBSKGrms_kr1-1278,Chikkakere,,12.945833,77.471472,2018-02-09,tss,40.0,40,False,mg/l,empri-2018
1281,BUBSKGrms_kr1-1278,Chikkakere,,12.945833,77.471472,2018-02-09,turbidity,59.0,59,False,NTU,empri-2018
1281,BUBSKGrms_kr1-1278,Chikkakere,,12.945833,77.471472,2018-02-09,dissolvedOxygen,4.1,4.1,False,mg/l,empri-2018
1281,BUBSKGrms_kr1-1278,Chikkakere,,12.945833,77.471472,2018-02-09,cod,56.0,56,False,mg/l,empri-2018
1281,BUBSKGrms_kr1-1278,Chikkakere,,12.945833,77.471472,2018-02-09,bod,4.8,4.8,False,mg/l,empri-2018
1281,BUBSKGrms_kr1-1278,Chikkakere,,12.945833,77.471472,2018-02-09,totalPhosphate,2.0,2,False,mg/l,empri-2018
1281,BUBSKGrms_kr1-1278,Chikkakere,,12.945833,77.471472,2018-02-09,tkn,14.0,14,False,mg/l,empri-2018
1281,BUBSKGrms_kr1-1278,Chikkakere,,12.945833,77.471472,2018-02-09,totalColiform,1600.0,>1600,False,MPN/100ml,empri-2018
1291,BUBSKGrmh_kr6-1288,Kallapanakatte kere,,12.909778,77.428056,2018-02-09,waterTemperature,22.2,22.2,False,°C,empri-2018
1291,BUBSKGrmh_kr6-1288,Kallapanakatte kere,,12.909778,77.428056,2018-02-09,lightTransparency,25.0,25,False,cm,empri-2018
1291,BUBSKGrmh_kr6-1288,Kallapanakatte kere,,12.909778,77.428056,2018-02-09,ph,7.6,7.6,False,,empri-2018
1291,BUBSKGrmh_kr6-1288,Kallapanakatte kere,,12.909778,77.428056,2018-02-09,conductivity,280.0,280,False,µS/cm,empri-2018
1291,BUBSKGrmh_kr6-1288,Kallapanakatte kere,,12.909778,77.428056,2018-02-09,tds,152.0,152,False,mg/l,empri-2018
1291,BUBSKGrmh_kr6-1288,Kallapanakatte kere,,12.909778,77.428056,2018-02-09,tss,12.0,12,False,mg/l,empri-2018
1291,BUBSKGrmh_kr6-1288,Kallapanakatte kere,,12.909778,77.428056,2018-02-09,turbidity,3.4,3.4,False,NTU,empri-2018
1291,BUBSKGrmh_kr6-1288,Kallapanakatte kere,,12.909778,77.428056,2018-02-09,dissolvedOxygen,4.11,4.11,False,mg/l,empri-2018
1291,BUBSKGrmh_kr6-1288,Kallapanakatte kere,,12.909778,77.428056,2018-02-09,cod,16.0,16,False,mg/l,empri-2018
1291,BUBSKGrmh_kr6-1288,Kallapanakatte kere,,12.909778,77.428056,2018-02-09,bod,1.07,1.07,False,mg/l,empri-2018
1291,BUBSKGrmh_kr6-1288,Kallapanakatte kere,,12.909778,77.428056,2018-02-09,totalPhosphate,0.4,0.4,False,mg/l,empri-2018
1291,BUBSKGrmh_kr6-1288,Kallapanakatte kere,,12.909778,77.428056,2018-02-09,tkn,30.8,30.8,False,mg/l,empri-2018
1291,BUBSKGrmh_kr6-1288,Kallapanakatte kere,,12.909778,77.428056,2018-02-09,totalColiform,110.0,110,False,MPN/100ml,empri-2018
1295,BUBSKGrmh_kr10-1292,Thimappana kere,,12.905222,77.420556,2018-02-09,waterTemperature,19.8,19.8,False,°C,empri-2018
1295,BUBSKGrmh_kr10-1292,Thimappana kere,,12.905222,77.420556,2018-02-09,lightTransparency,,UM,False,cm,empri-2018
1295,BUBSKGrmh_kr10-1292,Thimappana kere,,12.905222,77.420556,2018-02-09,ph,7.6,7.6,False,,empri-2018
1295,BUBSKGrmh_kr10-1292,Thimappana kere,,12.905222,77.420556,2018-02-09,conductivity,1116.0,1116,False,µS/cm,empri-2018
1295,BUBSKGrmh_kr10-1292,Thimappana kere,,12.905222,77.420556,2018-02-09,tds,664.0,664,False,mg/l,empri-2018
1295,BUBSKGrmh_kr10-1292,Thimappana kere,,12.905222,77.420556,2018-02-09,tss,31.0,31,False,mg/l,empri-2018
1295,BUBSKGrmh_kr10-1292,Thimappana kere,,12.905222,77.420556,2018-02-09,turbidity,14.5,14.5,False,NTU,empri-2018
1295,BUBSKGrmh_kr10-1292,Thimappana kere,,12.905222,77.420556,2018-02-09,dissolvedOxygen,2.05,2.05,False,mg/l,empri-2018
1295,BUBSKGrmh_kr10-1292,Thimappana kere,,12.905222,77.420556,2018-02-09,cod,32.0,32,False,mg/l,empri-2018
1295,BUBSKGrmh_kr10-1292,Thimappana kere,,12.905222,77.420556,2018-02-09,bod,7.32,7.32,False,mg/l,empri-2018
1295,BUBSKGrmh_kr10-1292,Thimappana kere,,12.905222,77.420556,2018-02-09,totalPhosphate,2.0,2,False,mg/l,empri-2018
1295,BUBSKGrmh_kr10-1292,Thimappana kere,,12.905222,77.420556,2018-02-09,tkn,29.4,29.4,False,mg/l,empri-2018
1295,BUBSKGrmh_kr10-1292,Thimappana kere,,12.905222,77.420556,2018-02-09,totalColiform,1600.0,>1600,False,MPN/100ml,empri-2018
1301,BUBSKGsmp_kr3-1298,Sompura Govt.lake,Inlet,12.875333,77.499667,2018-02-06,waterTemperature,25.9,25.9,False,°C,empri-2018
1301,BUBSKGsmp_kr3-1298,Sompura Govt.lake,Inlet,12.875333,77.499667,2018-02-06,lightTransparency,12.0,12,False,cm,empri-2018
1301,BUBSKGsmp_kr3-1298,Sompura Govt.lake,Inlet,12.875333,77.499667,2018-02-06,ph,8.3,8.3,False,,empri-2018
1301,BUBSKGsmp_kr3-1298,Sompura Govt.lake,Inlet,12.875333,77.499667,2018-02-06,conductivity,714.0,714,False,µS/cm,empri-2018
1301,BUBSKGsmp_kr3-1298,Sompura Govt.lake,Inlet,12.875333,77.499667,2018-02-06,tds,498.0,498,False,mg/l,empri-2018
1301,BUBSKGsmp_kr3-1298,Sompura Govt.lake,Inlet,12.875333,77.499667,2018-02-06,tss,13.0,13,False,mg/l,empri-2018
1301,BUBSKGsmp_kr3-1298,Sompura Govt.lake,Inlet,12.875333,77.499667,2018-02-06,turbidity,17.4,17.4,False,NTU,empri-2018
1301,BUBSKGsmp_kr3-1298,Sompura Govt.lake,Inlet,12.875333,77.499667,2018-02-06,dissolvedOxygen,3.92,3.92,False,mg/l,empri-2018
1301,BUBSKGsmp_kr3-1298,Sompura Govt.lake,Inlet,12.875333,77.499667,2018-02-06,cod,62.7,62.7,False,mg/l,empri-2018
1301,BUBSKGsmp_kr3-1298,Sompura Govt.lake,Inlet,12.875333,77.499667,2018-02-06,bod,6.76,6.76,False,mg/l,empri-2018
1301,BUBSKGsmp_kr3-1298,Sompura Govt.lake,Inlet,12.875333,77.499667,2018-02-06,totalPhosphate,1.8,1.8,False,mg/l,empri-2018
1301,BUBSKGsmp_kr3-1298,Sompura Govt.lake,Inlet,12.875333,77.499667,2018-02-06,tkn,7.0,7,False,mg/l,empri-2018
1301,BUBSKGsmp_kr3-1298,Sompura Govt.lake,Inlet,12.875333,77.499667,2018-02-06,totalColiform,1600.0,>1600,False,MPN/100ml,empri-2018
1301,BUBSKGsmp_kr3-1298,Sompura Govt.lake,Inlet,12.875333,77.499667,2018-02-06,sewageInflow,,No Flow,False,cumecs,empri-2018
1301,BUBSKGsmp_kr3-1298,Sompura Govt.lake,Outlet,12.87375,77.497861,2018-02-06,waterTemperature,25.2,25.2,False,°C,empri-2018
1301,BUBSKGsmp_kr3-1298,Sompura Govt.lake,Outlet,12.87375,77.497861,2018-02-06,lightTransparency,25.0,25,False,cm,empri-2018
1301,BUBSKGsmp_kr3-1298,Sompura Govt.lake,Outlet,12.87375,77.497861,2018-02-06,ph,8.5,8.5,False,,empri-2018
1301,BUBSKGsmp_kr3-1298,Sompura Govt.lake,Outlet,12.87375,77.497861,2018-02-06,conductivity,672.0,672,False,µS/cm,empri-2018
1301,BUBSKGsmp_kr3-1298,Sompura Govt.lake,Outlet,12.87375,77.497861,2018-02-06,tds,486.0,486,False,mg/l,empri-2018
1301,BUBSKGsmp_kr3-1298,Sompura Govt.lake,Outlet,12.87375,77.497861,2018-02-06,tss,6.0,6,False,mg/l,empri-2018
1301,BUBSKGsmp_kr3-1298,Sompura Govt.lake,Outlet,12.87375,77.497861,2018-02-06,turbidity,9.2,9.2,False,NTU,empri-2018
1301,BUBSKGsmp_kr3-1298,Sompura Govt.lake,Outlet,12.87375,77.497861,2018-02-06,dissolvedOxygen,8.03,8.03,False,mg/l,empri-2018
1301,BUBSKGsmp_kr3-1298,Sompura Govt.lake,Outlet,12.87375,77.497861,2018-02-06,cod,15.6,15.6,False,mg/l,empri-2018
1301,BUBSKGsmp_kr3-1298,Sompura Govt.lake,Outlet,12.87375,77.497861,2018-02-06,bod,1.43,1.43,False,mg/l,empri-2018
1301,BUBSKGsmp_kr3-1298,Sompura Govt.lake,Outlet,12.87375,77.497861,2018-02-06,totalPhosphate,0.9,0.9,False,mg/l,empri-2018
1301,BUBSKGsmp_kr3-1298,Sompura Govt.lake,Outlet,12.87375,77.497861,2018-02-06,tkn,16.8,16.8,False,mg/l,empri-2018
1301,BUBSKGsmp_kr3-1298,Sompura Govt.lake,Outlet,12.87375,77.497861,2018-02-06,totalColiform,500.0,500,False,MPN/100ml,empri-2018
1309,BUBSKGvlg_kr1-1306,Valagerehalli kere,,12.931167,77.495889,2018-02-06,waterTemperature,18.2,18.2,False,°C,empri-2018
1309,BUBSKGvlg_kr1-1306,Valagerehalli kere,,12.931167,77.495889,2018-02-06,lightTransparency,12.0,12,False,cm,empri-2018
1309,BUBSKGvlg_kr1-1306,Valagerehalli kere,,12.931167,77.495889,2018-02-06,ph,8.3,8.3,False,,empri-2018
1309,BUBSKGvlg_kr1-1306,Valagerehalli kere,,12.931167,77.495889,2018-02-06,conductivity,890.0,890,False,µS/cm,empri-2018
1309,BUBSKGvlg_kr1-1306,Valagerehalli kere,,12.931167,77.495889,2018-02-06,tds,720.0,720,False,mg/l,empri-2018
1309,BUBSKGvlg_kr1-1306,Valagerehalli kere,,12.931167,77.495889,2018-02-06,tss,48.0,48,False,mg/l,empri-2018
1309,BUBSKGvlg_kr1-1306,Valagerehalli kere,,12.931167,77.495889,2018-02-06,turbidity,36.0,36,False,NTU,empri-2018
1309,BUBSKGvlg_kr1-1306,Valagerehalli kere,,12.931167,77.495889,2018-02-06,dissolvedOxygen,5.2,5.2,False,mg/l,empri-2018
1309,BUBSKGvlg_kr1-1306,Valagerehalli kere,,12.931167,77.495889,2018-02-06,cod,40.0,40,False,mg/l,empri-2018
1309,BUBSKGvlg_kr1-1306,Valagerehalli kere,,12.931167,77.495889,2018-02-06,bod,4.8,4.8,False,mg/l,empri-2018
1309,BUBSKGvlg_kr1-1306,Valagerehalli kere,,12.931167,77.495889,2018-02-06,totalPhosphate,2.0,2,False,mg/l,empri-2018
1309,BUBSKGvlg_kr1-1306,Valagerehalli kere,,12.931167,77.495889,2018-02-06,tkn,14.0,14,False,mg/l,empri-2018
1309,BUBSKGvlg_kr1-1306,Valagerehalli kere,,12.931167,77.495889,2018-02-06,totalColiform,1600.0,>1600,False,MPN/100ml,empri-2018
1312,BUBSKGvrs_kr1-1309,Narasapana kere,,12.881222,77.490667,2018-02-06,waterTemperature,26.2,26.2,False,°C,empri-2018
1312,BUBSKGvrs_kr1-1309,Narasapana kere,,12.881222,77.490667,2018-02-06,lightTransparency,19.0,19,False,cm,empri-2018
1312,BUBSKGvrs_kr1-1309,Narasapana kere,,12.881222,77.490667,2018-02-06,ph,8.9,8.9,False,,empri-2018
1312,BUBSKGvrs_kr1-1309,Narasapana kere,,12.881222,77.490667,2018-02-06,conductivity,827.0,827,False,µS/cm,empri-2018
1312,BUBSKGvrs_kr1-1309,Narasapana kere,,12.881222,77.490667,2018-02-06,tds,568.0,568,False,mg/l,empri-2018
1312,BUBSKGvrs_kr1-1309,Narasapana kere,,12.881222,77.490667,2018-02-06,tss,1.0,1,False,mg/l,empri-2018
1312,BUBSKGvrs_kr1-1309,Narasapana kere,,12.881222,77.490667,2018-02-06,turbidity,2.6,2.6,False,NTU,empri-2018
1312,BUBSKGvrs_kr1-1309,Narasapana kere,,12.881222,77.490667,2018-02-06,dissolvedOxygen,6.53,6.53,False,mg/l,empri-2018
1312,BUBSKGvrs_kr1-1309,Narasapana kere,,12.881222,77.490667,2018-02-06,cod,15.6,15.6,False,mg/l,empri-2018
1312,BUBSKGvrs_kr1-1309,Narasapana kere,,12.881222,77.490667,2018-02-06,bod,5.02,5.02,False,mg/l,empri-2018
1312,BUBSKGvrs_kr1-1309,Narasapana kere,,12.881222,77.490667,2018-02-06,totalPhosphate,1.5,1.5,False,mg/l,empri-2018
1312,BUBSKGvrs_kr1-1309,Narasapana kere,,12.881222,77.490667,2018-02-06,tkn,12.6,12.6,False,mg/l,empri-2018
1312,BUBSKGvrs_kr1-1309,Narasapana kere,,12.881222,77.490667,2018-02-06,totalColiform,1600.0,>1600,False,MPN/100ml,empri-2018
1316,BUBSUHalh_kr1-1313,Alahalli Kere,Inlet,12.867028,77.567139,2018-02-05,waterTemperature,26.0,26,False,°C,empri-2018
1316,BUBSUHalh_kr1-1313,Alahalli Kere,Inlet,12.867028,77.567139,2018-02-05,lightTransparency,7.0,7,False,cm,empri-2018
1316,BUBSUHalh_kr1-1313,Alahalli Kere,Inlet,12.867028,77.567139,2018-02-05,ph,8.1,8.1,False,,empri-2018
1316,BUBSUHalh_kr1-1313,Alahalli Kere,Inlet,12.867028,77.567139,2018-02-05,conductivity,1026.0,1026,False,µS/cm,empri-2018
1316,BUBSUHalh_kr1-1313,Alahalli Kere,Inlet,12.867028,77.567139,2018-02-05,tds,636.0,636,False,mg/l,empri-2018
1316,BUBSUHalh_kr1-1313,Alahalli Kere,Inlet,12.867028,77.567139,2018-02-05,tss,109.0,109,False,mg/l,empri-2018
1316,BUBSUHalh_kr1-1313,Alahalli Kere,Inlet,12.867028,77.567139,2018-02-05,turbidity,126.0,126,False,NTU,empri-2018
1316,BUBSUHalh_kr1-1313,Alahalli Kere,Inlet,12.867028,77.567139,2018-02-05,dissolvedOxygen,6.53,6.53,False,mg/l,empri-2018
1316,BUBSUHalh_kr1-1313,Alahalli Kere,Inlet,12.867028,77.567139,2018-02-05,cod,176.0,176,False,mg/l,empri-2018
1316,BUBSUHalh_kr1-1313,Alahalli Kere,Inlet,12.867028,77.567139,2018-02-05,bod,26.07,26.07,False,mg/l,empri-2018
1316,BUBSUHalh_kr1-1313,Alahalli Kere,Inlet,12.867028,77.567139,2018-02-05,totalPhosphate,2.7,2.7,False,mg/l,empri-2018
1316,BUBSUHalh_kr1-1313,Alahalli Kere,Inlet,12.867028,77.567139,2018-02-05,tkn,30.8,30.8,False,mg/l,empri-2018
1316,BUBSUHalh_kr1-1313,Alahalli Kere,Inlet,12.867028,77.567139,2018-02-05,totalColiform,500.0,500,False,MPN/100ml,empri-2018
1316,BUBSUHalh_kr1-1313,Alahalli Kere,Inlet,12.867028,77.567139,2018-02-05,sewageInflow,,UM,False,cumecs,empri-2018
1316,BUBSUHalh_kr1-1313,Alahalli Kere,Outlet,12.862417,77.564583,2018-02-05,waterTemperature,26.3,26.3,False,°C,empri-2018
1316,BUBSUHalh_kr1-1313,Alahalli Kere,Outlet,12.862417,77.564583,2018-02-05,lightTransparency,10.0,10,False,cm,empri-2018
1316,BUBSUHalh_kr1-1313,Alahalli Kere,Outlet,12.862417,77.564583,2018-02-05,ph,8.4,8.4,False,,empri-2018
1316,BUBSUHalh_kr1-1313,Alahalli Kere,Outlet,12.862417,77.564583,2018-02-05,conductivity,1008.0,1008,False,µS/cm,empri-2018
1316,BUBSUHalh_kr1-1313,Alahalli Kere,Outlet,12.862417,77.564583,2018-02-05,tds,640.0,640,False,mg/l,empri-2018
1316,BUBSUHalh_kr1-1313,Alahalli Kere,Outlet,12.862417,77.564583,2018-02-05,tss,108.0,108,False,mg/l,empri-2018
1316,BUBSUHalh_kr1-1313,Alahalli Kere,Outlet,12.862417,77.564583,2018-02-05,turbidity,150.0,150,False,NTU,empri-2018
1316,BUBSUHalh_kr1-1313,Alahalli Kere,Outlet,12.862417,77.564583,2018-02-05,dissolvedOxygen,11.2,11.2,False,mg/l,empri-2018
1316,BUBSUHalh_kr1-1313,Alahalli Kere,Outlet,12.862417,77.564583,2018-02-05,cod,144.0,144,False,mg/l,empri-2018
1316,BUBSUHalh_kr1-1313,Alahalli Kere,Outlet,12.862417,77.564583,2018-02-05,bod,21.89,21.89,False,mg/l,empri-2018
1316,BUBSUHalh_kr1-1313,Alahalli Kere,Outlet,12.862417,77.564583,2018-02-05,totalPhosphate,2.0,2,False,mg/l,empri-2018
1316,BUBSUHalh_kr1-1313,Alahalli Kere,Outlet,12.862417,77.564583,2018-02-05,tkn,22.4,22.4,False,mg/l,empri-2018
1316,BUBSUHalh_kr1-1313,Alahalli Kere,Outlet,12.862417,77.564583,2018-02-05,totalColiform,500.0,500,False,MPN/100ml,empri-2018
1317,BUBSUHarh_kr1-1314,Arehalli Kere,,12.914,77.534056,2018-02-06,waterTemperature,27.6,27.6,False,°C,empri-2018
1317,BUBSUHarh_kr1-1314,Arehalli Kere,,12.914,77.534056,2018-02-06,lightTransparency,4.0,4,False,cm,empri-2018
1317,BUBSUHarh_kr1-1314,Arehalli Kere,,12.914,77.534056,2018-02-06,ph,8.6,8.6,False,,empri-2018
1317,BUBSUHarh_kr1-1314,Arehalli Kere,,12.914,77.534056,2018-02-06,conductivity,1650.0,1650,False,µS/cm,empri-2018
1317,BUBSUHarh_kr1-1314,Arehalli Kere,,12.914,77.534056,2018-02-06,tds,1040.0,1040,False,mg/l,empri-2018
1317,BUBSUHarh_kr1-1314,Arehalli Kere,,12.914,77.534056,2018-02-06,tss,109.0,109,False,mg/l,empri-2018
1317,BUBSUHarh_kr1-1314,Arehalli Kere,,12.914,77.534056,2018-02-06,turbidity,120.0,120,False,NTU,empri-2018
1317,BUBSUHarh_kr1-1314,Arehalli Kere,,12.914,77.534056,2018-02-06,dissolvedOxygen,11.2,11.2,False,mg/l,empri-2018
1317,BUBSUHarh_kr1-1314,Arehalli Kere,,12.914,77.534056,2018-02-06,cod,203.8,203.8,False,mg/l,empri-2018
1317,BUBSUHarh_kr1-1314,Arehalli Kere,,12.914,77.534056,2018-02-06,bod,42.86,42.86,False,mg/l,empri-2018
1317,BUBSUHarh_kr1-1314,Arehalli Kere,,12.914,77.534056,2018-02-06,totalPhosphate,1.4,1.4,False,mg/l,empri-2018
1317,BUBSUHarh_kr1-1314,Arehalli Kere,,12.914,77.534056,2018-02-06,tkn,53.2,53.2,False,mg/l,empri-2018
1317,BUBSUHarh_kr1-1314,Arehalli Kere,,12.914,77.534056,2018-02-06,totalColiform,1600.0,>1600,False,MPN/100ml,empri-2018
1322,BUBSUHbkp_kr2-1319,Devarakere,,12.898222,77.554833,2018-02-06,waterTemperature,23.1,23.1,False,°C,empri-2018
1322,BUBSUHbkp_kr2-1319,Devarakere,,12.898222,77.554833,2018-02-06,lightTransparency,21.0,21,False,cm,empri-2018
1322,BUBSUHbkp_kr2-1319,Devarakere,,12.898222,77.554833,2018-02-06,ph,8.4,8.4,False,,empri-2018
1322,BUBSUHbkp_kr2-1319,Devarakere,,12.898222,77.554833,2018-02-06,conductivity,873.0,873,False,µS/cm,empri-2018
1322,BUBSUHbkp_kr2-1319,Devarakere,,12.898222,77.554833,2018-02-06,tds,320.0,320,False,mg/l,empri-2018
1322,BUBSUHbkp_kr2-1319,Devarakere,,12.898222,77.554833,2018-02-06,tss,4.0,4,False,mg/l,empri-2018
1322,BUBSUHbkp_kr2-1319,Devarakere,,12.898222,77.554833,2018-02-06,turbidity,29.0,29,False,NTU,empri-2018
1322,BUBSUHbkp_kr2-1319,Devarakere,,12.898222,77.554833,2018-02-06,dissolvedOxygen,4.2,4.2,False,mg/l,empri-2018
1322,BUBSUHbkp_kr2-1319,Devarakere,,12.898222,77.554833,2018-02-06,cod,8.0,8,False,mg/l,empri-2018
1322,BUBSUHbkp_kr2-1319,Devarakere,,12.898222,77.554833,2018-02-06,bod,14.4,14.4,False,mg/l,empri-2018
1322,BUBSUHbkp_kr2-1319,Devarakere,,12.898222,77.554833,2018-02-06,totalPhosphate,2.0,2,False,mg/l,empri-2018
1322,BUBSUHbkp_kr2-1319,Devarakere,,12.898222,77.554833,2018-02-06,tkn,14.0,14,False,mg/l,empri-2018
1322,BUBSUHbkp_kr2-1319,Devarakere,,12.898222,77.554833,2018-02-06,totalColiform,1600.0,>1600,False,MPN/100ml,empri-2018
1323,BUBSUHbys_kr1-1320,Byrasandra Kere,,12.931028,77.595889,2018-02-09,waterTemperature,23.5,23.5,False,°C,empri-2018
1323,BUBSUHbys_kr1-1320,Byrasandra Kere,,12.931028,77.595889,2018-02-09,lightTransparency,50.0,50,False,cm,empri-2018
1323,BUBSUHbys_kr1-1320,Byrasandra Kere,,12.931028,77.595889,2018-02-09,ph,7.7,7.7,False,,empri-2018
1323,BUBSUHbys_kr1-1320,Byrasandra Kere,,12.931028,77.595889,2018-02-09,conductivity,605.0,605,False,µS/cm,empri-2018
1323,BUBSUHbys_kr1-1320,Byrasandra Kere,,12.931028,77.595889,2018-02-09,tds,428.0,428,False,mg/l,empri-2018
1323,BUBSUHbys_kr1-1320,Byrasandra Kere,,12.931028,77.595889,2018-02-09,tss,15.0,15,False,mg/l,empri-2018
1323,BUBSUHbys_kr1-1320,Byrasandra Kere,,12.931028,77.595889,2018-02-09,turbidity,5.6,5.6,False,NTU,empri-2018
1323,BUBSUHbys_kr1-1320,Byrasandra Kere,,12.931028,77.595889,2018-02-09,dissolvedOxygen,3.92,3.92,False,mg/l,empri-2018
1323,BUBSUHbys_kr1-1320,Byrasandra Kere,,12.931028,77.595889,2018-02-09,cod,16.0,16,False,mg/l,empri-2018
1323,BUBSUHbys_kr1-1320,Byrasandra Kere,,12.931028,77.595889,2018-02-09,bod,0.36,0.36,False,mg/l,empri-2018
1323,BUBSUHbys_kr1-1320,Byrasandra Kere,,12.931028,77.595889,2018-02-09,totalPhosphate,1.6,1.6,False,mg/l,empri-2018
1323,BUBSUHbys_kr1-1320,Byrasandra Kere,,12.931028,77.595889,2018-02-09,tkn,8.4,8.4,False,mg/l,empri-2018
1323,BUBSUHbys_kr1-1320,Byrasandra Kere,,12.931028,77.595889,2018-02-09,totalColiform,1600.0,1600,False,MPN/100ml,empri-2018
1326,BUBSUHcuk_kr1-1323,Chunchana ghatta Kere,,12.889278,77.575139,2018-02-06,waterTemperature,19.4,19.4,False,°C,empri-2018
1326,BUBSUHcuk_kr1-1323,Chunchana ghatta Kere,,12.889278,77.575139,2018-02-06,lightTransparency,5.0,5,False,cm,empri-2018
1326,BUBSUHcuk_kr1-1323,Chunchana ghatta Kere,,12.889278,77.575139,2018-02-06,ph,7.3,7.3,False,,empri-2018
1326,BUBSUHcuk_kr1-1323,Chunchana ghatta Kere,,12.889278,77.575139,2018-02-06,conductivity,865.0,865,False,µS/cm,empri-2018
1326,BUBSUHcuk_kr1-1323,Chunchana ghatta Kere,,12.889278,77.575139,2018-02-06,tds,548.0,548,False,mg/l,empri-2018
1326,BUBSUHcuk_kr1-1323,Chunchana ghatta Kere,,12.889278,77.575139,2018-02-06,tss,8.0,8,False,mg/l,empri-2018
1326,BUBSUHcuk_kr1-1323,Chunchana ghatta Kere,,12.889278,77.575139,2018-02-06,turbidity,5.2,5.2,False,NTU,empri-2018
1326,BUBSUHcuk_kr1-1323,Chunchana ghatta Kere,,12.889278,77.575139,2018-02-06,dissolvedOxygen,1.68,1.68,False,mg/l,empri-2018
1326,BUBSUHcuk_kr1-1323,Chunchana ghatta Kere,,12.889278,77.575139,2018-02-06,cod,31.3,31.3,False,mg/l,empri-2018
1326,BUBSUHcuk_kr1-1323,Chunchana ghatta Kere,,12.889278,77.575139,2018-02-06,bod,2.25,2.25,False,mg/l,empri-2018
1326,BUBSUHcuk_kr1-1323,Chunchana ghatta Kere,,12.889278,77.575139,2018-02-06,totalPhosphate,1.7,1.7,False,mg/l,empri-2018
1326,BUBSUHcuk_kr1-1323,Chunchana ghatta Kere,,12.889278,77.575139,2018-02-06,tkn,16.8,16.8,False,mg/l,empri-2018
1326,BUBSUHcuk_kr1-1323,Chunchana ghatta Kere,,12.889278,77.575139,2018-02-06,totalColiform,1600.0,1600,False,MPN/100ml,empri-2018
1328,BUBSUHdks_kr1-1325,Doddakallasandra kere,Inlet,12.881194,77.562167,2018-02-06,waterTemperature,24.4,24.4,False,°C,empri-2018
1328,BUBSUHdks_kr1-1325,Doddakallasandra kere,Inlet,12.881194,77.562167,2018-02-06,lightTransparency,4.0,4,False,cm,empri-2018
1328,BUBSUHdks_kr1-1325,Doddakallasandra kere,Inlet,12.881194,77.562167,2018-02-06,ph,9.9,9.9,False,,empri-2018
1328,BUBSUHdks_kr1-1325,Doddakallasandra kere,Inlet,12.881194,77.562167,2018-02-06,conductivity,768.0,768,False,µS/cm,empri-2018
1328,BUBSUHdks_kr1-1325,Doddakallasandra kere,Inlet,12.881194,77.562167,2018-02-06,tds,540.0,540,False,mg/l,empri-2018
1328,BUBSUHdks_kr1-1325,Doddakallasandra kere,Inlet,12.881194,77.562167,2018-02-06,tss,113.0,113,False,mg/l,empri-2018
1328,BUBSUHdks_kr1-1325,Doddakallasandra kere,Inlet,12.881194,77.562167,2018-02-06,turbidity,218.0,218,False,NTU,empri-2018
1328,BUBSUHdks_kr1-1325,Doddakallasandra kere,Inlet,12.881194,77.562167,2018-02-06,dissolvedOxygen,11.2,11.2,False,mg/l,empri-2018
1328,BUBSUHdks_kr1-1325,Doddakallasandra kere,Inlet,12.881194,77.562167,2018-02-06,cod,141.1,141.1,False,mg/l,empri-2018
1328,BUBSUHdks_kr1-1325,Doddakallasandra kere,Inlet,12.881194,77.562167,2018-02-06,bod,18.39,18.39,False,mg/l,empri-2018
1328,BUBSUHdks_kr1-1325,Doddakallasandra kere,Inlet,12.881194,77.562167,2018-02-06,totalPhosphate,1.4,1.4,False,mg/l,empri-2018
1328,BUBSUHdks_kr1-1325,Doddakallasandra kere,Inlet,12.881194,77.562167,2018-02-06,tkn,8.4,8.4,False,mg/l,empri-2018
1328,BUBSUHdks_kr1-1325,Doddakallasandra kere,Inlet,12.881194,77.562167,2018-02-06,totalColiform,60.0,60,False,MPN/100ml,empri-2018
1328,BUBSUHdks_kr1-1325,Doddakallasandra kere,Inlet,12.881194,77.562167,2018-02-06,sewageInflow,,No Flow,False,cumecs,empri-2018
1328,BUBSUHdks_kr1-1325,Doddakallasandra kere,Outlet,12.880778,77.561556,2018-02-06,waterTemperature,27.4,27.4,False,°C,empri-2018
1328,BUBSUHdks_kr1-1325,Doddakallasandra kere,Outlet,12.880778,77.561556,2018-02-06,lightTransparency,6.0,6,False,cm,empri-2018
1328,BUBSUHdks_kr1-1325,Doddakallasandra kere,Outlet,12.880778,77.561556,2018-02-06,ph,9.8,9.8,False,,empri-2018
1328,BUBSUHdks_kr1-1325,Doddakallasandra kere,Outlet,12.880778,77.561556,2018-02-06,conductivity,677.0,677,False,µS/cm,empri-2018
1328,BUBSUHdks_kr1-1325,Doddakallasandra kere,Outlet,12.880778,77.561556,2018-02-06,tds,474.0,474,False,mg/l,empri-2018
1328,BUBSUHdks_kr1-1325,Doddakallasandra kere,Outlet,12.880778,77.561556,2018-02-06,tss,84.0,84,False,mg/l,empri-2018
1328,BUBSUHdks_kr1-1325,Doddakallasandra kere,Outlet,12.880778,77.561556,2018-02-06,turbidity,154.0,154,False,NTU,empri-2018
1328,BUBSUHdks_kr1-1325,Doddakallasandra kere,Outlet,12.880778,77.561556,2018-02-06,dissolvedOxygen,11.2,11.2,False,mg/l,empri-2018
1328,BUBSUHdks_kr1-1325,Doddakallasandra kere,Outlet,12.880778,77.561556,2018-02-06,cod,109.7,109.7,False,mg/l,empri-2018
1328,BUBSUHdks_kr1-1325,Doddakallasandra kere,Outlet,12.880778,77.561556,2018-02-06,bod,2.36,2.36,False,mg/l,empri-2018
1328,BUBSUHdks_kr1-1325,Doddakallasandra kere,Outlet,12.880778,77.561556,2018-02-06,totalPhosphate,1.1,1.1,False,mg/l,empri-2018
1328,BUBSUHdks_kr1-1325,Doddakallasandra kere,Outlet,12.880778,77.561556,2018-02-06,tkn,12.6,12.6,False,mg/l,empri-2018
1328,BUBSUHdks_kr1-1325,Doddakallasandra kere,Outlet,12.880778,77.561556,2018-02-06,totalColiform,70.0,70,False,MPN/100ml,empri-2018
1331,BUBSUHglh_kr1-1328,Subbedarana kere,,12.847583,77.566806,2018-02-05,waterTemperature,22.6,22.6,False,°C,empri-2018
1331,BUBSUHglh_kr1-1328,Subbedarana kere,,12.847583,77.566806,2018-02-05,lightTransparency,16.0,16,False,cm,empri-2018
1331,BUBSUHglh_kr1-1328,Subbedarana kere,,12.847583,77.566806,2018-02-05,ph,7.3,7.3,False,,empri-2018
1331,BUBSUHglh_kr1-1328,Subbedarana kere,,12.847583,77.566806,2018-02-05,conductivity,1045.0,1045,False,µS/cm,empri-2018
1331,BUBSUHglh_kr1-1328,Subbedarana kere,,12.847583,77.566806,2018-02-05,tds,690.0,690,False,mg/l,empri-2018
1331,BUBSUHglh_kr1-1328,Subbedarana kere,,12.847583,77.566806,2018-02-05,tss,10.0,10,False,mg/l,empri-2018
1331,BUBSUHglh_kr1-1328,Subbedarana kere,,12.847583,77.566806,2018-02-05,turbidity,13.6,13.6,False,NTU,empri-2018
1331,BUBSUHglh_kr1-1328,Subbedarana kere,,12.847583,77.566806,2018-02-05,dissolvedOxygen,0.19,0.19,False,mg/l,empri-2018
1331,BUBSUHglh_kr1-1328,Subbedarana kere,,12.847583,77.566806,2018-02-05,cod,16.0,16,False,mg/l,empri-2018
1331,BUBSUHglh_kr1-1328,Subbedarana kere,,12.847583,77.566806,2018-02-05,bod,0.7,0.70,False,mg/l,empri-2018
1331,BUBSUHglh_kr1-1328,Subbedarana kere,,12.847583,77.566806,2018-02-05,totalPhosphate,1.9,1.9,False,mg/l,empri-2018
1331,BUBSUHglh_kr1-1328,Subbedarana kere,,12.847583,77.566806,2018-02-05,tkn,14.0,14,False,mg/l,empri-2018
1331,BUBSUHglh_kr1-1328,Subbedarana kere,,12.847583,77.566806,2018-02-05,totalColiform,9.0,9,False,MPN/100ml,empri-2018
1333,BUBSUHgtg_kr2-1330,Gottigere Kere,Inlet,12.852167,77.588833,2018-02-05,waterTemperature,22.3,22.3,False,°C,empri-2018
1333,BUBSUHgtg_kr2-1330,Gottigere Kere,Inlet,12.852167,77.588833,2018-02-05,lightTransparency,,UM,False,cm,empri-2018
1333,BUBSUHgtg_kr2-1330,Gottigere Kere,Inlet,12.852167,77.588833,2018-02-05,ph,6.3,6.3,False,,empri-2018
1333,BUBSUHgtg_kr2-1330,Gottigere Kere,Inlet,12.852167,77.588833,2018-02-05,conductivity,1065.0,1065,False,µS/cm,empri-2018
1333,BUBSUHgtg_kr2-1330,Gottigere Kere,Inlet,12.852167,77.588833,2018-02-05,tds,615.0,615,False,mg/l,empri-2018
1333,BUBSUHgtg_kr2-1330,Gottigere Kere,Inlet,12.852167,77.588833,2018-02-05,tss,418.0,418,False,mg/l,empri-2018
1333,BUBSUHgtg_kr2-1330,Gottigere Kere,Inlet,12.852167,77.588833,2018-02-05,turbidity,274.0,274,False,NTU,empri-2018
1333,BUBSUHgtg_kr2-1330,Gottigere Kere,Inlet,12.852167,77.588833,2018-02-05,dissolvedOxygen,0.19,0.19,False,mg/l,empri-2018
1333,BUBSUHgtg_kr2-1330,Gottigere Kere,Inlet,12.852167,77.588833,2018-02-05,cod,112.0,112,False,mg/l,empri-2018
1333,BUBSUHgtg_kr2-1330,Gottigere Kere,Inlet,12.852167,77.588833,2018-02-05,bod,15.06,15.06,False,mg/l,empri-2018
1333,BUBSUHgtg_kr2-1330,Gottigere Kere,Inlet,12.852167,77.588833,2018-02-05,totalPhosphate,1.8,1.8,False,mg/l,empri-2018
1333,BUBSUHgtg_kr2-1330,Gottigere Kere,Inlet,12.852167,77.588833,2018-02-05,tkn,33.6,33.6,False,mg/l,empri-2018
1333,BUBSUHgtg_kr2-1330,Gottigere Kere,Inlet,12.852167,77.588833,2018-02-05,totalColiform,1600.0,>1600,False,MPN/100ml,empri-2018
1333,BUBSUHgtg_kr2-1330,Gottigere Kere,Inlet,12.852167,77.588833,2018-02-05,sewageInflow,,UM,False,cumecs,empri-2018
1333,BUBSUHgtg_kr2-1330,Gottigere Kere,Outlet,12.854889,77.592167,2018-02-05,waterTemperature,17.7,17.7,False,°C,empri-2018
1333,BUBSUHgtg_kr2-1330,Gottigere Kere,Outlet,12.854889,77.592167,2018-02-05,lightTransparency,35.0,35,False,cm,empri-2018
1333,BUBSUHgtg_kr2-1330,Gottigere Kere,Outlet,12.854889,77.592167,2018-02-05,ph,6.7,6.7,False,,empri-2018
1333,BUBSUHgtg_kr2-1330,Gottigere Kere,Outlet,12.854889,77.592167,2018-02-05,conductivity,885.0,885,False,µS/cm,empri-2018
1333,BUBSUHgtg_kr2-1330,Gottigere Kere,Outlet,12.854889,77.592167,2018-02-05,tds,524.0,524,False,mg/l,empri-2018
1333,BUBSUHgtg_kr2-1330,Gottigere Kere,Outlet,12.854889,77.592167,2018-02-05,tss,2.0,2,False,mg/l,empri-2018
1333,BUBSUHgtg_kr2-1330,Gottigere Kere,Outlet,12.854889,77.592167,2018-02-05,turbidity,2.9,2.9,False,NTU,empri-2018
1333,BUBSUHgtg_kr2-1330,Gottigere Kere,Outlet,12.854889,77.592167,2018-02-05,dissolvedOxygen,0.56,0.56,False,mg/l,empri-2018
1333,BUBSUHgtg_kr2-1330,Gottigere Kere,Outlet,12.854889,77.592167,2018-02-05,cod,32.0,32,False,mg/l,empri-2018
1333,BUBSUHgtg_kr2-1330,Gottigere Kere,Outlet,12.854889,77.592167,2018-02-05,bod,3.31,3.31,False,mg/l,empri-2018
1333,BUBSUHgtg_kr2-1330,Gottigere Kere,Outlet,12.854889,77.592167,2018-02-05,totalPhosphate,0.2,0.2,False,mg/l,empri-2018
1333,BUBSUHgtg_kr2-1330,Gottigere Kere,Outlet,12.854889,77.592167,2018-02-05,tkn,28.0,28,False,mg/l,empri-2018
1333,BUBSUHgtg_kr2-1330,Gottigere Kere,Outlet,12.854889,77.592167,2018-02-05,totalColiform,1600.0,>1600,False,MPN/100ml,empri-2018
1336,BUBSUHgtg_kr5-1333,Subarayana kere,Inlet,12.863222,77.5845,2018-02-05,waterTemperature,23.9,23.9,False,°C,empri-2018
1336,BUBSUHgtg_kr5-1333,Subarayana kere,Inlet,12.863222,77.5845,2018-02-05,lightTransparency,,UM,False,cm,empri-2018
1336,BUBSUHgtg_kr5-1333,Subarayana kere,Inlet,12.863222,77.5845,2018-02-05,ph,6.9,6.9,False,,empri-2018
1336,BUBSUHgtg_kr5-1333,Subarayana kere,Inlet,12.863222,77.5845,2018-02-05,conductivity,1018.0,1018,False,µS/cm,empri-2018
1336,BUBSUHgtg_kr5-1333,Subarayana kere,Inlet,12.863222,77.5845,2018-02-05,tds,626.0,626,False,mg/l,empri-2018
1336,BUBSUHgtg_kr5-1333,Subarayana kere,Inlet,12.863222,77.5845,2018-02-05,tss,91.0,91,False,mg/l,empri-2018
1336,BUBSUHgtg_kr5-1333,Subarayana kere,Inlet,12.863222,77.5845,2018-02-05,turbidity,62.4,62.4,False,NTU,empri-2018
1336,BUBSUHgtg_kr5-1333,Subarayana kere,Inlet,12.863222,77.5845,2018-02-05,dissolvedOxygen,0.19,0.19,False,mg/l,empri-2018
1336,BUBSUHgtg_kr5-1333,Subarayana kere,Inlet,12.863222,77.5845,2018-02-05,cod,128.0,128,False,mg/l,empri-2018
1336,BUBSUHgtg_kr5-1333,Subarayana kere,Inlet,12.863222,77.5845,2018-02-05,bod,32.44,32.44,False,mg/l,empri-2018
1336,BUBSUHgtg_kr5-1333,Subarayana kere,Inlet,12.863222,77.5845,2018-02-05,totalPhosphate,3.6,3.6,False,mg/l,empri-2018
1336,BUBSUHgtg_kr5-1333,Subarayana kere,Inlet,12.863222,77.5845,2018-02-05,tkn,42.0,42,False,mg/l,empri-2018
1336,BUBSUHgtg_kr5-1333,Subarayana kere,Inlet,12.863222,77.5845,2018-02-05,totalColiform,34.0,34,False,MPN/100ml,empri-2018
1336,BUBSUHgtg_kr5-1333,Subarayana kere,Inlet,12.863222,77.5845,2018-02-05,sewageInflow,,UM,False,cumecs,empri-2018
1336,BUBSUHgtg_kr5-1333,Subarayana kere,Outlet,12.862556,77.585167,2018-02-05,waterTemperature,20.5,20.5,False,°C,empri-2018
1336,BUBSUHgtg_kr5-1333,Subarayana kere,Outlet,12.862556,77.585167,2018-02-05,lightTransparency,6.0,6,False,cm,empri-2018
1336,BUBSUHgtg_kr5-1333,Subarayana kere,Outlet,12.862556,77.585167,2018-02-05,ph,7.1,7.1,False,,empri-2018
1336,BUBSUHgtg_kr5-1333,Subarayana kere,Outlet,12.862556,77.585167,2018-02-05,conductivity,1042.0,1042,False,µS/cm,empri-2018
1336,BUBSUHgtg_kr5-1333,Subarayana kere,Outlet,12.862556,77.585167,2018-02-05,tds,570.0,570,False,mg/l,empri-2018
1336,BUBSUHgtg_kr5-1333,Subarayana kere,Outlet,12.862556,77.585167,2018-02-05,tss,13.0,13,False,mg/l,empri-2018
1336,BUBSUHgtg_kr5-1333,Subarayana kere,Outlet,12.862556,77.585167,2018-02-05,turbidity,21.9,21.9,False,NTU,empri-2018
1336,BUBSUHgtg_kr5-1333,Subarayana kere,Outlet,12.862556,77.585167,2018-02-05,dissolvedOxygen,0.19,0.19,False,mg/l,empri-2018
1336,BUBSUHgtg_kr5-1333,Subarayana kere,Outlet,12.862556,77.585167,2018-02-05,cod,64.0,64,False,mg/l,empri-2018
1336,BUBSUHgtg_kr5-1333,Subarayana kere,Outlet,12.862556,77.585167,2018-02-05,bod,12.48,12.48,False,mg/l,empri-2018
1336,BUBSUHgtg_kr5-1333,Subarayana kere,Outlet,12.862556,77.585167,2018-02-05,totalPhosphate,2.8,2.8,False,mg/l,empri-2018
1336,BUBSUHgtg_kr5-1333,Subarayana kere,Outlet,12.862556,77.585167,2018-02-05,tkn,40.6,40.6,False,mg/l,empri-2018
1336,BUBSUHgtg_kr5-1333,Subarayana kere,Outlet,12.862556,77.585167,2018-02-05,totalColiform,1600.0,>1600,False,MPN/100ml,empri-2018
1338,BUBSUHgbl_kr2-1335,Gubbalal kere,,12.881167,77.540833,2018-02-06,waterTemperature,21.2,21.2,False,°C,empri-2018
1338,BUBSUHgbl_kr2-1335,Gubbalal kere,,12.881167,77.540833,2018-02-06,lightTransparency,8.0,8,False,cm,empri-2018
1338,BUBSUHgbl_kr2-1335,Gubbalal kere,,12.881167,77.540833,2018-02-06,ph,7.8,7.8,False,,empri-2018
1338,BUBSUHgbl_kr2-1335,Gubbalal kere,,12.881167,77.540833,2018-02-06,conductivity,1536.0,1536,False,µS/cm,empri-2018
1338,BUBSUHgbl_kr2-1335,Gubbalal kere,,12.881167,77.540833,2018-02-06,tds,916.0,916,False,mg/l,empri-2018
1338,BUBSUHgbl_kr2-1335,Gubbalal kere,,12.881167,77.540833,2018-02-06,tss,20.0,20,False,mg/l,empri-2018
1338,BUBSUHgbl_kr2-1335,Gubbalal kere,,12.881167,77.540833,2018-02-06,turbidity,15.1,15.1,False,NTU,empri-2018
1338,BUBSUHgbl_kr2-1335,Gubbalal kere,,12.881167,77.540833,2018-02-06,dissolvedOxygen,0.56,0.56,False,mg/l,empri-2018
1338,BUBSUHgbl_kr2-1335,Gubbalal kere,,12.881167,77.540833,2018-02-06,cod,64.0,64,False,mg/l,empri-2018
1338,BUBSUHgbl_kr2-1335,Gubbalal kere,,12.881167,77.540833,2018-02-06,bod,8.02,8.02,False,mg/l,empri-2018
1338,BUBSUHgbl_kr2-1335,Gubbalal kere,,12.881167,77.540833,2018-02-06,totalPhosphate,1.5,1.5,False,mg/l,empri-2018
1338,BUBSUHgbl_kr2-1335,Gubbalal kere,,12.881167,77.540833,2018-02-06,tkn,35.0,35,False,mg/l,empri-2018
1338,BUBSUHgbl_kr2-1335,Gubbalal kere,,12.881167,77.540833,2018-02-06,totalColiform,1600.0,>1600,False,MPN/100ml,empri-2018
1352,BUBSUHknk_kr1-1349,Konanakunte kere,,12.891194,77.568972,2018-02-06,waterTemperature,25.2,25.2,False,°C,empri-2018
1352,BUBSUHknk_kr1-1349,Konanakunte kere,,12.891194,77.568972,2018-02-06,lightTransparency,,UM,False,cm,empri-2018
1352,BUBSUHknk_kr1-1349,Konanakunte kere,,12.891194,77.568972,2018-02-06,ph,7.0,7,False,,empri-2018
1352,BUBSUHknk_kr1-1349,Konanakunte kere,,12.891194,77.568972,2018-02-06,conductivity,1685.0,1685,False,µS/cm,empri-2018
1352,BUBSUHknk_kr1-1349,Konanakunte kere,,12.891194,77.568972,2018-02-06,tds,1318.0,1318,False,mg/l,empri-2018
1352,BUBSUHknk_kr1-1349,Konanakunte kere,,12.891194,77.568972,2018-02-06,tss,130.0,130,False,mg/l,empri-2018
1352,BUBSUHknk_kr1-1349,Konanakunte kere,,12.891194,77.568972,2018-02-06,turbidity,146.0,146,False,NTU,empri-2018
1352,BUBSUHknk_kr1-1349,Konanakunte kere,,12.891194,77.568972,2018-02-06,dissolvedOxygen,0.19,0.19,False,mg/l,empri-2018
1352,BUBSUHknk_kr1-1349,Konanakunte kere,,12.891194,77.568972,2018-02-06,cod,78.4,78.4,False,mg/l,empri-2018
1352,BUBSUHknk_kr1-1349,Konanakunte kere,,12.891194,77.568972,2018-02-06,bod,6.9,6.90,False,mg/l,empri-2018
1352,BUBSUHknk_kr1-1349,Konanakunte kere,,12.891194,77.568972,2018-02-06,totalPhosphate,1.4,1.4,False,mg/l,empri-2018
1352,BUBSUHknk_kr1-1349,Konanakunte kere,,12.891194,77.568972,2018-02-06,tkn,12.6,12.6,False,mg/l,empri-2018
1352,BUBSUHknk_kr1-1349,Konanakunte kere,,12.891194,77.568972,2018-02-06,totalColiform,1600.0,>1600,False,MPN/100ml,empri-2018
1354,BUBSUHkot_kr1-1351,Krishna Nagar kere,Inlet,12.872639,77.579167,2018-02-06,waterTemperature,22.9,22.9,False,°C,empri-2018
1354,BUBSUHkot_kr1-1351,Krishna Nagar kere,Inlet,12.872639,77.579167,2018-02-06,lightTransparency,25.0,25,False,cm,empri-2018
1354,BUBSUHkot_kr1-1351,Krishna Nagar kere,Inlet,12.872639,77.579167,2018-02-06,ph,7.6,7.6,False,,empri-2018
1354,BUBSUHkot_kr1-1351,Krishna Nagar kere,Inlet,12.872639,77.579167,2018-02-06,conductivity,400.0,400,False,µS/cm,empri-2018
1354,BUBSUHkot_kr1-1351,Krishna Nagar kere,Inlet,12.872639,77.579167,2018-02-06,tds,250.0,250,False,mg/l,empri-2018
1354,BUBSUHkot_kr1-1351,Krishna Nagar kere,Inlet,12.872639,77.579167,2018-02-06,tss,10.0,10,False,mg/l,empri-2018
1354,BUBSUHkot_kr1-1351,Krishna Nagar kere,Inlet,12.872639,77.579167,2018-02-06,turbidity,12.7,12.7,False,NTU,empri-2018
1354,BUBSUHkot_kr1-1351,Krishna Nagar kere,Inlet,12.872639,77.579167,2018-02-06,dissolvedOxygen,2.99,2.99,False,mg/l,empri-2018
1354,BUBSUHkot_kr1-1351,Krishna Nagar kere,Inlet,12.872639,77.579167,2018-02-06,cod,15.6,15.6,False,mg/l,empri-2018
1354,BUBSUHkot_kr1-1351,Krishna Nagar kere,Inlet,12.872639,77.579167,2018-02-06,bod,2.11,2.11,False,mg/l,empri-2018
1354,BUBSUHkot_kr1-1351,Krishna Nagar kere,Inlet,12.872639,77.579167,2018-02-06,totalPhosphate,0.4,0.4,False,mg/l,empri-2018
1354,BUBSUHkot_kr1-1351,Krishna Nagar kere,Inlet,12.872639,77.579167,2018-02-06,tkn,14.0,14,False,mg/l,empri-2018
1354,BUBSUHkot_kr1-1351,Krishna Nagar kere,Inlet,12.872639,77.579167,2018-02-06,totalColiform,1600.0,>1600,False,MPN/100ml,empri-2018
1354,BUBSUHkot_kr1-1351,Krishna Nagar kere,Inlet,12.872639,77.579167,2018-02-06,sewageInflow,,No Flow,False,cumecs,empri-2018
1354,BUBSUHkot_kr1-1351,Krishna Nagar kere,Outlet,12.874694,77.580917,2018-02-06,waterTemperature,22.6,22.6,False,°C,empri-2018
1354,BUBSUHkot_kr1-1351,Krishna Nagar kere,Outlet,12.874694,77.580917,2018-02-06,lightTransparency,30.0,30,False,cm,empri-2018
1354,BUBSUHkot_kr1-1351,Krishna Nagar kere,Outlet,12.874694,77.580917,2018-02-06,ph,8.0,8,False,,empri-2018
1354,BUBSUHkot_kr1-1351,Krishna Nagar kere,Outlet,12.874694,77.580917,2018-02-06,conductivity,431.0,431,False,µS/cm,empri-2018
1354,BUBSUHkot_kr1-1351,Krishna Nagar kere,Outlet,12.874694,77.580917,2018-02-06,tds,246.0,246,False,mg/l,empri-2018
1354,BUBSUHkot_kr1-1351,Krishna Nagar kere,Outlet,12.874694,77.580917,2018-02-06,tss,6.0,6,False,mg/l,empri-2018
1354,BUBSUHkot_kr1-1351,Krishna Nagar kere,Outlet,12.874694,77.580917,2018-02-06,turbidity,9.7,9.7,False,NTU,empri-2018
1354,BUBSUHkot_kr1-1351,Krishna Nagar kere,Outlet,12.874694,77.580917,2018-02-06,dissolvedOxygen,6.72,6.72,False,mg/l,empri-2018
1354,BUBSUHkot_kr1-1351,Krishna Nagar kere,Outlet,12.874694,77.580917,2018-02-06,cod,32.0,32,False,mg/l,empri-2018
1354,BUBSUHkot_kr1-1351,Krishna Nagar kere,Outlet,12.874694,77.580917,2018-02-06,bod,2.21,2.21,False,mg/l,empri-2018
1354,BUBSUHkot_kr1-1351,Krishna Nagar kere,Outlet,12.874694,77.580917,2018-02-06,totalPhosphate,0.3,0.3,False,mg/l,empri-2018
1354,BUBSUHkot_kr1-1351,Krishna Nagar kere,Outlet,12.874694,77.580917,2018-02-06,tkn,15.4,15.4,False,mg/l,empri-2018
1354,BUBSUHkot_kr1-1351,Krishna Nagar kere,Outlet,12.874694,77.580917,2018-02-06,totalColiform,1600.0,1600,False,MPN/100ml,empri-2018
1358,BUBSUHmls_kr3-1355,Jogi kere,,12.863028,77.538833,2018-02-06,waterTemperature,27.6,27.6,False,°C,empri-2018
1358,BUBSUHmls_kr3-1355,Jogi kere,,12.863028,77.538833,2018-02-06,lightTransparency,9.0,9,False,cm,empri-2018
1358,BUBSUHmls_kr3-1355,Jogi kere,,12.863028,77.538833,2018-02-06,ph,8.4,8.4,False,,empri-2018
1358,BUBSUHmls_kr3-1355,Jogi kere,,12.863028,77.538833,2018-02-06,conductivity,732.0,732,False,µS/cm,empri-2018
1358,BUBSUHmls_kr3-1355,Jogi kere,,12.863028,77.538833,2018-02-06,tds,476.0,476,False,mg/l,empri-2018
1358,BUBSUHmls_kr3-1355,Jogi kere,,12.863028,77.538833,2018-02-06,tss,26.0,26,False,mg/l,empri-2018
1358,BUBSUHmls_kr3-1355,Jogi kere,,12.863028,77.538833,2018-02-06,turbidity,55.2,55.2,False,NTU,empri-2018
1358,BUBSUHmls_kr3-1355,Jogi kere,,12.863028,77.538833,2018-02-06,dissolvedOxygen,11.57,11.57,False,mg/l,empri-2018
1358,BUBSUHmls_kr3-1355,Jogi kere,,12.863028,77.538833,2018-02-06,cod,32.0,32,False,mg/l,empri-2018
1358,BUBSUHmls_kr3-1355,Jogi kere,,12.863028,77.538833,2018-02-06,bod,1.66,1.66,False,mg/l,empri-2018
1358,BUBSUHmls_kr3-1355,Jogi kere,,12.863028,77.538833,2018-02-06,totalPhosphate,0.6,0.6,False,mg/l,empri-2018
1358,BUBSUHmls_kr3-1355,Jogi kere,,12.863028,77.538833,2018-02-06,tkn,21.0,21,False,mg/l,empri-2018
1358,BUBSUHmls_kr3-1355,Jogi kere,,12.863028,77.538833,2018-02-06,totalColiform,34.0,34,False,MPN/100ml,empri-2018
1361,BUBSUHput_kr1-1358,Puttenahalli Kere,,12.891167,77.58775,2018-02-06,waterTemperature,23.4,23.4,False,°C,empri-2018
1361,BUBSUHput_kr1-1358,Puttenahalli Kere,,12.891167,77.58775,2018-02-06,lightTransparency,72.0,72,False,cm,empri-2018
1361,BUBSUHput_kr1-1358,Puttenahalli Kere,,12.891167,77.58775,2018-02-06,ph,8.2,8.2,False,,empri-2018
1361,BUBSUHput_kr1-1358,Puttenahalli Kere,,12.891167,77.58775,2018-02-06,conductivity,567.0,567,False,µS/cm,empri-2018
1361,BUBSUHput_kr1-1358,Puttenahalli Kere,,12.891167,77.58775,2018-02-06,tds,480.0,480,False,mg/l,empri-2018
1361,BUBSUHput_kr1-1358,Puttenahalli Kere,,12.891167,77.58775,2018-02-06,tss,8.0,8,False,mg/l,empri-2018
1361,BUBSUHput_kr1-1358,Puttenahalli Kere,,12.891167,77.58775,2018-02-06,turbidity,16.0,16,False,NTU,empri-2018
1361,BUBSUHput_kr1-1358,Puttenahalli Kere,,12.891167,77.58775,2018-02-06,dissolvedOxygen,5.1,5.1,False,mg/l,empri-2018
1361,BUBSUHput_kr1-1358,Puttenahalli Kere,,12.891167,77.58775,2018-02-06,cod,24.0,24,False,mg/l,empri-2018
1361,BUBSUHput_kr1-1358,Puttenahalli Kere,,12.891167,77.58775,2018-02-06,bod,7.7,7.7,False,mg/l,empri-2018
1361,BUBSUHput_kr1-1358,Puttenahalli Kere,,12.891167,77.58775,2018-02-06,totalPhosphate,2.0,2,False,mg/l,empri-2018
1361,BUBSUHput_kr1-1358,Puttenahalli Kere,,12.891167,77.58775,2018-02-06,tkn,14.0,14,False,mg/l,empri-2018
1361,BUBSUHput_kr1-1358,Puttenahalli Kere,,12.891167,77.58775,2018-02-06,totalColiform,1600.0,>1600,False,MPN/100ml,empri-2018
1366,BUBSUHskk_kr1-1363,Sarrakki kere,,12.898694,77.581333,2018-02-06,waterTemperature,24.0,24,False,°C,empri-2018
1366,BUBSUHskk_kr1-1363,Sarrakki kere,,12.898694,77.581333,2018-02-06,lightTransparency,12.0,12,False,cm,empri-2018
1366,BUBSUHskk_kr1-1363,Sarrakki kere,,12.898694,77.581333,2018-02-06,ph,8.1,8.1,False,,empri-2018
1366,BUBSUHskk_kr1-1363,Sarrakki kere,,12.898694,77.581333,2018-02-06,conductivity,960.0,960,False,µS/cm,empri-2018
1366,BUBSUHskk_kr1-1363,Sarrakki kere,,12.898694,77.581333,2018-02-06,tds,760.0,760,False,mg/l,empri-2018
1366,BUBSUHskk_kr1-1363,Sarrakki kere,,12.898694,77.581333,2018-02-06,tss,6.0,6,False,mg/l,empri-2018
1366,BUBSUHskk_kr1-1363,Sarrakki kere,,12.898694,77.581333,2018-02-06,turbidity,70.0,70,False,NTU,empri-2018
1366,BUBSUHskk_kr1-1363,Sarrakki kere,,12.898694,77.581333,2018-02-06,dissolvedOxygen,4.1,4.1,False,mg/l,empri-2018
1366,BUBSUHskk_kr1-1363,Sarrakki kere,,12.898694,77.581333,2018-02-06,cod,8.0,8,False,mg/l,empri-2018
1366,BUBSUHskk_kr1-1363,Sarrakki kere,,12.898694,77.581333,2018-02-06,bod,24.1,24.1,False,mg/l,empri-2018
1366,BUBSUHskk_kr1-1363,Sarrakki kere,,12.898694,77.581333,2018-02-06,totalPhosphate,2.0,2,False,mg/l,empri-2018
1366,BUBSUHskk_kr1-1363,Sarrakki kere,,12.898694,77.581333,2018-02-06,tkn,28.0,28,False,mg/l,empri-2018
1366,BUBSUHskk_kr1-1363,Sarrakki kere,,12.898694,77.581333,2018-02-06,totalColiform,1600.0,>1600,False,MPN/100ml,empri-2018
1367,BUBSUHtlg_kr1-1364,Gowdarakere,Inlet,12.867556,77.531972,2018-02-06,waterTemperature,20.5,20.5,False,°C,empri-2018
1367,BUBSUHtlg_kr1-1364,Gowdarakere,Inlet,12.867556,77.531972,2018-02-06,lightTransparency,,UM,False,cm,empri-2018
1367,BUBSUHtlg_kr1-1364,Gowdarakere,Inlet,12.867556,77.531972,2018-02-06,ph,7.0,7,False,,empri-2018
1367,BUBSUHtlg_kr1-1364,Gowdarakere,Inlet,12.867556,77.531972,2018-02-06,conductivity,1102.0,1102,False,µS/cm,empri-2018
1367,BUBSUHtlg_kr1-1364,Gowdarakere,Inlet,12.867556,77.531972,2018-02-06,tds,754.0,754,False,mg/l,empri-2018
1367,BUBSUHtlg_kr1-1364,Gowdarakere,Inlet,12.867556,77.531972,2018-02-06,tss,5.0,5,False,mg/l,empri-2018
1367,BUBSUHtlg_kr1-1364,Gowdarakere,Inlet,12.867556,77.531972,2018-02-06,turbidity,9.2,9.2,False,NTU,empri-2018
1367,BUBSUHtlg_kr1-1364,Gowdarakere,Inlet,12.867556,77.531972,2018-02-06,dissolvedOxygen,1.12,1.12,False,mg/l,empri-2018
1367,BUBSUHtlg_kr1-1364,Gowdarakere,Inlet,12.867556,77.531972,2018-02-06,cod,64.0,64,False,mg/l,empri-2018
1367,BUBSUHtlg_kr1-1364,Gowdarakere,Inlet,12.867556,77.531972,2018-02-06,bod,8.91,8.91,False,mg/l,empri-2018
1367,BUBSUHtlg_kr1-1364,Gowdarakere,Inlet,12.867556,77.531972,2018-02-06,totalPhosphate,1.3,1.3,False,mg/l,empri-2018
1367,BUBSUHtlg_kr1-1364,Gowdarakere,Inlet,12.867556,77.531972,2018-02-06,tkn,28.0,28,False,mg/l,empri-2018
1367,BUBSUHtlg_kr1-1364,Gowdarakere,Inlet,12.867556,77.531972,2018-02-06,totalColiform,1600.0,>1600,False,MPN/100ml,empri-2018
1367,BUBSUHtlg_kr1-1364,Gowdarakere,Inlet,12.867556,77.531972,2018-02-06,sewageInflow,,No Flow,False,cumecs,empri-2018
1367,BUBSUHtlg_kr1-1364,Gowdarakere,Outlet,12.865861,77.529889,2018-02-06,waterTemperature,25.9,25.9,False,°C,empri-2018
1367,BUBSUHtlg_kr1-1364,Gowdarakere,Outlet,12.865861,77.529889,2018-02-06,lightTransparency,,UM,False,cm,empri-2018
1367,BUBSUHtlg_kr1-1364,Gowdarakere,Outlet,12.865861,77.529889,2018-02-06,ph,6.9,6.9,False,,empri-2018
1367,BUBSUHtlg_kr1-1364,Gowdarakere,Outlet,12.865861,77.529889,2018-02-06,conductivity,1029.0,1029,False,µS/cm,empri-2018
1367,BUBSUHtlg_kr1-1364,Gowdarakere,Outlet,12.865861,77.529889,2018-02-06,tds,704.0,704,False,mg/l,empri-2018
1367,BUBSUHtlg_kr1-1364,Gowdarakere,Outlet,12.865861,77.529889,2018-02-06,tss,2.0,2,False,mg/l,empri-2018
1367,BUBSUHtlg_kr1-1364,Gowdarakere,Outlet,12.865861,77.529889,2018-02-06,turbidity,12.1,12.1,False,NTU,empri-2018
1367,BUBSUHtlg_kr1-1364,Gowdarakere,Outlet,12.865861,77.529889,2018-02-06,dissolvedOxygen,1.68,1.68,False,mg/l,empri-2018
1367,BUBSUHtlg_kr1-1364,Gowdarakere,Outlet,12.865861,77.529889,2018-02-06,cod,32.0,32,False,mg/l,empri-2018
1367,BUBSUHtlg_kr1-1364,Gowdarakere,Outlet,12.865861,77.529889,2018-02-06,bod,3.86,3.86,False,mg/l,empri-2018
1367,BUBSUHtlg_kr1-1364,Gowdarakere,Outlet,12.865861,77.529889,2018-02-06,totalPhosphate,1.2,1.2,False,mg/l,empri-2018
1367,BUBSUHtlg_kr1-1364,Gowdarakere,Outlet,12.865861,77.529889,2018-02-06,tkn,14.0,14,False,mg/l,empri-2018
1367,BUBSUHtlg_kr1-1364,Gowdarakere,Outlet,12.865861,77.529889,2018-02-06,totalColiform,900.0,900,False,MPN/100ml,empri-2018
1372,BUBSUHuth_kr1-1369,Moge kere,,12.908222,77.5405,2018-02-06,waterTemperature,19.7,19.7,False,°C,empri-2018
1372,BUBSUHuth_kr1-1369,Moge kere,,12.908222,77.5405,2018-02-06,lightTransparency,4.0,4,False,cm,empri-2018
1372,BUBSUHuth_kr1-1369,Moge kere,,12.908222,77.5405,2018-02-06,ph,8.2,8.2,False,,empri-2018
1372,BUBSUHuth_kr1-1369,Moge kere,,12.908222,77.5405,2018-02-06,conductivity,575.0,575,False,µS/cm,empri-2018
1372,BUBSUHuth_kr1-1369,Moge kere,,12.908222,77.5405,2018-02-06,tds,520.0,520,False,mg/l,empri-2018
1372,BUBSUHuth_kr1-1369,Moge kere,,12.908222,77.5405,2018-02-06,tss,692.0,692,False,mg/l,empri-2018
1372,BUBSUHuth_kr1-1369,Moge kere,,12.908222,77.5405,2018-02-06,turbidity,287.0,287,False,NTU,empri-2018
1372,BUBSUHuth_kr1-1369,Moge kere,,12.908222,77.5405,2018-02-06,dissolvedOxygen,4.6,4.6,False,mg/l,empri-2018
1372,BUBSUHuth_kr1-1369,Moge kere,,12.908222,77.5405,2018-02-06,cod,48.0,48,False,mg/l,empri-2018
1372,BUBSUHuth_kr1-1369,Moge kere,,12.908222,77.5405,2018-02-06,bod,9.5,9.5,False,mg/l,empri-2018
1372,BUBSUHuth_kr1-1369,Moge kere,,12.908222,77.5405,2018-02-06,totalPhosphate,2.0,2,False,mg/l,empri-2018
1372,BUBSUHuth_kr1-1369,Moge kere,,12.908222,77.5405,2018-02-06,tkn,14.0,14,False,mg/l,empri-2018
1372,BUBSUHuth_kr1-1369,Moge kere,,12.908222,77.5405,2018-02-06,totalColiform,1600.0,>1600,False,MPN/100ml,empri-2018
1374,BUBSUHuth_kr3-1371,Doraikere,,12.904,77.54925,2018-02-06,waterTemperature,21.8,21.8,False,°C,empri-2018
1374,BUBSUHuth_kr3-1371,Doraikere,,12.904,77.54925,2018-02-06,lightTransparency,8.0,8,False,cm,empri-2018
1374,BUBSUHuth_kr3-1371,Doraikere,,12.904,77.54925,2018-02-06,ph,7.9,7.9,False,,empri-2018
1374,BUBSUHuth_kr3-1371,Doraikere,,12.904,77.54925,2018-02-06,conductivity,688.0,688,False,µS/cm,empri-2018
1374,BUBSUHuth_kr3-1371,Doraikere,,12.904,77.54925,2018-02-06,tds,280.0,280,False,mg/l,empri-2018
1374,BUBSUHuth_kr3-1371,Doraikere,,12.904,77.54925,2018-02-06,tss,42.0,42,False,mg/l,empri-2018
1374,BUBSUHuth_kr3-1371,Doraikere,,12.904,77.54925,2018-02-06,turbidity,181.0,181,False,NTU,empri-2018
1374,BUBSUHuth_kr3-1371,Doraikere,,12.904,77.54925,2018-02-06,dissolvedOxygen,5.1,5.1,False,mg/l,empri-2018
1374,BUBSUHuth_kr3-1371,Doraikere,,12.904,77.54925,2018-02-06,cod,136.0,136,False,mg/l,empri-2018
1374,BUBSUHuth_kr3-1371,Doraikere,,12.904,77.54925,2018-02-06,bod,11.3,11.3,False,mg/l,empri-2018
1374,BUBSUHuth_kr3-1371,Doraikere,,12.904,77.54925,2018-02-06,totalPhosphate,2.0,2,False,mg/l,empri-2018
1374,BUBSUHuth_kr3-1371,Doraikere,,12.904,77.54925,2018-02-06,tkn,35.0,35,False,mg/l,empri-2018
1374,BUBSUHuth_kr3-1371,Doraikere,,12.904,77.54925,2018-02-06,totalColiform,1600.0,>1600,False,MPN/100ml,empri-2018
1387,BUBSUHvsp_kr2-1384,Janaradhan kere,,12.891111,77.55525,2018-02-06,waterTemperature,20.7,20.7,False,°C,empri-2018
1387,BUBSUHvsp_kr2-1384,Janaradhan kere,,12.891111,77.55525,2018-02-06,lightTransparency,,UM,False,cm,empri-2018
1387,BUBSUHvsp_kr2-1384,Janaradhan kere,,12.891111,77.55525,2018-02-06,ph,7.7,7.7,False,,empri-2018
1387,BUBSUHvsp_kr2-1384,Janaradhan kere,,12.891111,77.55525,2018-02-06,conductivity,1687.0,1687,False,µS/cm,empri-2018
1387,BUBSUHvsp_kr2-1384,Janaradhan kere,,12.891111,77.55525,2018-02-06,tds,986.0,986,False,mg/l,empri-2018
1387,BUBSUHvsp_kr2-1384,Janaradhan kere,,12.891111,77.55525,2018-02-06,tss,21.0,21,False,mg/l,empri-2018
1387,BUBSUHvsp_kr2-1384,Janaradhan kere,,12.891111,77.55525,2018-02-06,turbidity,14.8,14.8,False,NTU,empri-2018
1387,BUBSUHvsp_kr2-1384,Janaradhan kere,,12.891111,77.55525,2018-02-06,dissolvedOxygen,0.19,0.19,False,mg/l,empri-2018
1387,BUBSUHvsp_kr2-1384,Janaradhan kere,,12.891111,77.55525,2018-02-06,cod,96.0,96,False,mg/l,empri-2018
1387,BUBSUHvsp_kr2-1384,Janaradhan kere,,12.891111,77.55525,2018-02-06,bod,7.37,7.37,False,mg/l,empri-2018
1387,BUBSUHvsp_kr2-1384,Janaradhan kere,,12.891111,77.55525,2018-02-06,totalPhosphate,1.9,1.9,False,mg/l,empri-2018
1387,BUBSUHvsp_kr2-1384,Janaradhan kere,,12.891111,77.55525,2018-02-06,tkn,18.2,18.2,False,mg/l,empri-2018
1387,BUBSUHvsp_kr2-1384,Janaradhan kere,,12.891111,77.55525,2018-02-06,totalColiform,1600.0,>1600,False,MPN/100ml,empri-2018
1387,BUBSUHvsp_kr2-1384,Janaradhan kere,,12.891111,77.55525,2018-02-06,sewageInflow,,UM,False,cumecs,empri-2018
1391,BUBSUHydy_kr1-1388,Yediyur kere,,12.934278,77.575444,2018-02-06,waterTemperature,21.5,21.5,False,°C,empri-2018
1391,BUBSUHydy_kr1-1388,Yediyur kere,,12.934278,77.575444,2018-02-06,lightTransparency,19.0,19,False,cm,empri-2018
1391,BUBSUHydy_kr1-1388,Yediyur kere,,12.934278,77.575444,2018-02-06,ph,8.0,8,False,,empri-2018
1391,BUBSUHydy_kr1-1388,Yediyur kere,,12.934278,77.575444,2018-02-06,conductivity,414.0,414,False,µS/cm,empri-2018
1391,BUBSUHydy_kr1-1388,Yediyur kere,,12.934278,77.575444,2018-02-06,tds,200.0,200,False,mg/l,empri-2018
1391,BUBSUHydy_kr1-1388,Yediyur kere,,12.934278,77.575444,2018-02-06,tss,24.0,24,False,mg/l,empri-2018
1391,BUBSUHydy_kr1-1388,Yediyur kere,,12.934278,77.575444,2018-02-06,turbidity,59.0,59,False,NTU,empri-2018
1391,BUBSUHydy_kr1-1388,Yediyur kere,,12.934278,77.575444,2018-02-06,dissolvedOxygen,5.7,5.7,False,mg/l,empri-2018
1391,BUBSUHydy_kr1-1388,Yediyur kere,,12.934278,77.575444,2018-02-06,cod,48.0,48,False,mg/l,empri-2018
1391,BUBSUHydy_kr1-1388,Yediyur kere,,12.934278,77.575444,2018-02-06,bod,28.5,28.5,False,mg/l,empri-2018
1391,BUBSUHydy_kr1-1388,Yediyur kere,,12.934278,77.575444,2018-02-06,totalPhosphate,2.0,2,False,mg/l,empri-2018
1391,BUBSUHydy_kr1-1388,Yediyur kere,,12.934278,77.575444,2018-02-06,tkn,7.0,7,False,mg/l,empri-2018
1391,BUBSUHydy_kr1-1388,Yediyur kere,,12.934278,77.575444,2018-02-06,totalColiform,1600.0,>1600,False,MPN/100ml,empri-2018
1402,BUBSBGark_kr1-1399,Arekere Govt. lake,,12.883722,77.6,2018-02-06,waterTemperature,19.7,19.7,False,°C,empri-2018
1402,BUBSBGark_kr1-1399,Arekere Govt. lake,,12.883722,77.6,2018-02-06,lightTransparency,,UM,False,cm,empri-2018
1402,BUBSBGark_kr1-1399,Arekere Govt. lake,,12.883722,77.6,2018-02-06,ph,7.1,7.1,False,,empri-2018
1402,BUBSBGark_kr1-1399,Arekere Govt. lake,,12.883722,77.6,2018-02-06,conductivity,763.0,763,False,µS/cm,empri-2018
1402,BUBSBGark_kr1-1399,Arekere Govt. lake,,12.883722,77.6,2018-02-06,tds,480.0,480,False,mg/l,empri-2018
1402,BUBSBGark_kr1-1399,Arekere Govt. lake,,12.883722,77.6,2018-02-06,tss,28.0,28,False,mg/l,empri-2018
1402,BUBSBGark_kr1-1399,Arekere Govt. lake,,12.883722,77.6,2018-02-06,turbidity,17.0,17,False,NTU,empri-2018
1402,BUBSBGark_kr1-1399,Arekere Govt. lake,,12.883722,77.6,2018-02-06,dissolvedOxygen,4.1,4.1,False,mg/l,empri-2018
1402,BUBSBGark_kr1-1399,Arekere Govt. lake,,12.883722,77.6,2018-02-06,cod,40.0,40,False,mg/l,empri-2018
1402,BUBSBGark_kr1-1399,Arekere Govt. lake,,12.883722,77.6,2018-02-06,bod,24.0,24,False,mg/l,empri-2018
1402,BUBSBGark_kr1-1399,Arekere Govt. lake,,12.883722,77.6,2018-02-06,totalPhosphate,2.0,2,False,mg/l,empri-2018
1402,BUBSBGark_kr1-1399,Arekere Govt. lake,,12.883722,77.6,2018-02-06,tkn,7.0,7,False,mg/l,empri-2018
1402,BUBSBGark_kr1-1399,Arekere Govt. lake,,12.883722,77.6,2018-02-06,totalColiform,1600.0,>1600,False,MPN/100ml,empri-2018
1403,BUBSBGbsp_kr1-1400,Basapura lake,,12.870278,77.649,2018-01-10,waterTemperature,24.7,24.7,False,°C,empri-2018
1403,BUBSBGbsp_kr1-1400,Basapura lake,,12.870278,77.649,2018-01-10,lightTransparency,,UM,False,cm,empri-2018
1403,BUBSBGbsp_kr1-1400,Basapura lake,,12.870278,77.649,2018-01-10,ph,7.6,7.6,False,,empri-2018
1403,BUBSBGbsp_kr1-1400,Basapura lake,,12.870278,77.649,2018-01-10,conductivity,913.0,913,False,µS/cm,empri-2018
1403,BUBSBGbsp_kr1-1400,Basapura lake,,12.870278,77.649,2018-01-10,tds,564.0,564,False,mg/l,empri-2018
1403,BUBSBGbsp_kr1-1400,Basapura lake,,12.870278,77.649,2018-01-10,tss,14.0,14,False,mg/l,empri-2018
1403,BUBSBGbsp_kr1-1400,Basapura lake,,12.870278,77.649,2018-01-10,turbidity,5.3,5.3,False,NTU,empri-2018
1403,BUBSBGbsp_kr1-1400,Basapura lake,,12.870278,77.649,2018-01-10,dissolvedOxygen,0.8,0.8,False,mg/l,empri-2018
1403,BUBSBGbsp_kr1-1400,Basapura lake,,12.870278,77.649,2018-01-10,cod,16.0,16,False,mg/l,empri-2018
1403,BUBSBGbsp_kr1-1400,Basapura lake,,12.870278,77.649,2018-01-10,bod,2.15,2.15,False,mg/l,empri-2018
1403,BUBSBGbsp_kr1-1400,Basapura lake,,12.870278,77.649,2018-01-10,totalPhosphate,0.6,0.6,False,mg/l,empri-2018
1403,BUBSBGbsp_kr1-1400,Basapura lake,,12.870278,77.649,2018-01-10,tkn,2.1,2.1,False,mg/l,empri-2018
1403,BUBSBGbsp_kr1-1400,Basapura lake,,12.870278,77.649,2018-01-10,totalColiform,1600.0,>1600,False,MPN/100ml,empri-2018
1405,BUBSBGbsp_kr3-1402,Basapura Govt.lake,Inlet,12.868667,77.645056,2018-01-10,waterTemperature,25.8,25.8,False,°C,empri-2018
1405,BUBSBGbsp_kr3-1402,Basapura Govt.lake,Inlet,12.868667,77.645056,2018-01-10,lightTransparency,6.0,6,False,cm,empri-2018
1405,BUBSBGbsp_kr3-1402,Basapura Govt.lake,Inlet,12.868667,77.645056,2018-01-10,ph,8.3,8.3,False,,empri-2018
1405,BUBSBGbsp_kr3-1402,Basapura Govt.lake,Inlet,12.868667,77.645056,2018-01-10,conductivity,1268.0,1268,False,µS/cm,empri-2018
1405,BUBSBGbsp_kr3-1402,Basapura Govt.lake,Inlet,12.868667,77.645056,2018-01-10,tds,804.0,804,False,mg/l,empri-2018
1405,BUBSBGbsp_kr3-1402,Basapura Govt.lake,Inlet,12.868667,77.645056,2018-01-10,tss,393.0,393,False,mg/l,empri-2018
1405,BUBSBGbsp_kr3-1402,Basapura Govt.lake,Inlet,12.868667,77.645056,2018-01-10,turbidity,50.9,50.9,False,NTU,empri-2018
1405,BUBSBGbsp_kr3-1402,Basapura Govt.lake,Inlet,12.868667,77.645056,2018-01-10,dissolvedOxygen,6.9,6.9,False,mg/l,empri-2018
1405,BUBSBGbsp_kr3-1402,Basapura Govt.lake,Inlet,12.868667,77.645056,2018-01-10,cod,128.0,128,False,mg/l,empri-2018
1405,BUBSBGbsp_kr3-1402,Basapura Govt.lake,Inlet,12.868667,77.645056,2018-01-10,bod,15.37,15.37,False,mg/l,empri-2018
1405,BUBSBGbsp_kr3-1402,Basapura Govt.lake,Inlet,12.868667,77.645056,2018-01-10,totalPhosphate,1.2,1.2,False,mg/l,empri-2018
1405,BUBSBGbsp_kr3-1402,Basapura Govt.lake,Inlet,12.868667,77.645056,2018-01-10,tkn,9.1,9.1,False,mg/l,empri-2018
1405,BUBSBGbsp_kr3-1402,Basapura Govt.lake,Inlet,12.868667,77.645056,2018-01-10,totalColiform,1600.0,>1600,False,MPN/100ml,empri-2018
1405,BUBSBGbsp_kr3-1402,Basapura Govt.lake,Inlet,12.868667,77.645056,2018-01-10,sewageInflow,,No Flow,False,cumecs,empri-2018
1405,BUBSBGbsp_kr3-1402,Basapura Govt.lake,Outlet,12.869694,77.642639,2018-01-10,waterTemperature,27.1,27.1,False,°C,empri-2018
1405,BUBSBGbsp_kr3-1402,Basapura Govt.lake,Outlet,12.869694,77.642639,2018-01-10,lightTransparency,,UM,False,cm,empri-2018
1405,BUBSBGbsp_kr3-1402,Basapura Govt.lake,Outlet,12.869694,77.642639,2018-01-10,ph,7.5,7.5,False,,empri-2018
1405,BUBSBGbsp_kr3-1402,Basapura Govt.lake,Outlet,12.869694,77.642639,2018-01-10,conductivity,1128.0,1128,False,µS/cm,empri-2018
1405,BUBSBGbsp_kr3-1402,Basapura Govt.lake,Outlet,12.869694,77.642639,2018-01-10,tds,736.0,736,False,mg/l,empri-2018
1405,BUBSBGbsp_kr3-1402,Basapura Govt.lake,Outlet,12.869694,77.642639,2018-01-10,tss,814.0,814,False,mg/l,empri-2018
1405,BUBSBGbsp_kr3-1402,Basapura Govt.lake,Outlet,12.869694,77.642639,2018-01-10,turbidity,77.6,77.6,False,NTU,empri-2018
1405,BUBSBGbsp_kr3-1402,Basapura Govt.lake,Outlet,12.869694,77.642639,2018-01-10,dissolvedOxygen,4.8,4.8,False,mg/l,empri-2018
1405,BUBSBGbsp_kr3-1402,Basapura Govt.lake,Outlet,12.869694,77.642639,2018-01-10,cod,336.0,336,False,mg/l,empri-2018
1405,BUBSBGbsp_kr3-1402,Basapura Govt.lake,Outlet,12.869694,77.642639,2018-01-10,bod,93.6,93.60,False,mg/l,empri-2018
1405,BUBSBGbsp_kr3-1402,Basapura Govt.lake,Outlet,12.869694,77.642639,2018-01-10,totalPhosphate,1.6,1.6,False,mg/l,empri-2018
1405,BUBSBGbsp_kr3-1402,Basapura Govt.lake,Outlet,12.869694,77.642639,2018-01-10,tkn,24.5,24.5,False,mg/l,empri-2018
1405,BUBSBGbsp_kr3-1402,Basapura Govt.lake,Outlet,12.869694,77.642639,2018-01-10,totalColiform,34.0,34,False,MPN/100ml,empri-2018
1406,BUBSBGbvp_kr1-1403,Basavanapura Kere,,12.845,77.588833,2018-01-10,waterTemperature,26.4,26.4,False,°C,empri-2018
1406,BUBSBGbvp_kr1-1403,Basavanapura Kere,,12.845,77.588833,2018-01-10,lightTransparency,,UM,False,cm,empri-2018
1406,BUBSBGbvp_kr1-1403,Basavanapura Kere,,12.845,77.588833,2018-01-10,ph,7.4,7.4,False,,empri-2018
1406,BUBSBGbvp_kr1-1403,Basavanapura Kere,,12.845,77.588833,2018-01-10,conductivity,434.0,434,False,µS/cm,empri-2018
1406,BUBSBGbvp_kr1-1403,Basavanapura Kere,,12.845,77.588833,2018-01-10,tds,354.0,354,False,mg/l,empri-2018
1406,BUBSBGbvp_kr1-1403,Basavanapura Kere,,12.845,77.588833,2018-01-10,tss,190.0,190,False,mg/l,empri-2018
1406,BUBSBGbvp_kr1-1403,Basavanapura Kere,,12.845,77.588833,2018-01-10,turbidity,10.2,10.2,False,NTU,empri-2018
1406,BUBSBGbvp_kr1-1403,Basavanapura Kere,,12.845,77.588833,2018-01-10,dissolvedOxygen,1.0,1,False,mg/l,empri-2018
1406,BUBSBGbvp_kr1-1403,Basavanapura Kere,,12.845,77.588833,2018-01-10,cod,80.0,80,False,mg/l,empri-2018
1406,BUBSBGbvp_kr1-1403,Basavanapura Kere,,12.845,77.588833,2018-01-10,bod,0.49,0.49,False,mg/l,empri-2018
1406,BUBSBGbvp_kr1-1403,Basavanapura Kere,,12.845,77.588833,2018-01-10,totalPhosphate,0.8,0.8,False,mg/l,empri-2018
1406,BUBSBGbvp_kr1-1403,Basavanapura Kere,,12.845,77.588833,2018-01-10,tkn,5.6,5.6,False,mg/l,empri-2018
1406,BUBSBGbvp_kr1-1403,Basavanapura Kere,,12.845,77.588833,2018-01-10,totalColiform,300.0,300,False,MPN/100ml,empri-2018
1408,BUBSBGbgu_kr2-1405,Chikkabegur kere,Inlet,12.883694,77.637833,2018-01-10,waterTemperature,24.0,24,False,°C,empri-2018
1408,BUBSBGbgu_kr2-1405,Chikkabegur kere,Inlet,12.883694,77.637833,2018-01-10,lightTransparency,,UM,False,cm,empri-2018
1408,BUBSBGbgu_kr2-1405,Chikkabegur kere,Inlet,12.883694,77.637833,2018-01-10,ph,7.5,7.5,False,,empri-2018
1408,BUBSBGbgu_kr2-1405,Chikkabegur kere,Inlet,12.883694,77.637833,2018-01-10,conductivity,1548.0,1548,False,µS/cm,empri-2018
1408,BUBSBGbgu_kr2-1405,Chikkabegur kere,Inlet,12.883694,77.637833,2018-01-10,tds,1146.0,1146,False,mg/l,empri-2018
1408,BUBSBGbgu_kr2-1405,Chikkabegur kere,Inlet,12.883694,77.637833,2018-01-10,tss,118.0,118,False,mg/l,empri-2018
1408,BUBSBGbgu_kr2-1405,Chikkabegur kere,Inlet,12.883694,77.637833,2018-01-10,turbidity,63.1,63.1,False,NTU,empri-2018
1408,BUBSBGbgu_kr2-1405,Chikkabegur kere,Inlet,12.883694,77.637833,2018-01-10,dissolvedOxygen,0.6,0.6,False,mg/l,empri-2018
1408,BUBSBGbgu_kr2-1405,Chikkabegur kere,Inlet,12.883694,77.637833,2018-01-10,cod,192.0,192,False,mg/l,empri-2018
1408,BUBSBGbgu_kr2-1405,Chikkabegur kere,Inlet,12.883694,77.637833,2018-01-10,bod,35.47,35.47,False,mg/l,empri-2018
1408,BUBSBGbgu_kr2-1405,Chikkabegur kere,Inlet,12.883694,77.637833,2018-01-10,totalPhosphate,4.6,4.6,False,mg/l,empri-2018
1408,BUBSBGbgu_kr2-1405,Chikkabegur kere,Inlet,12.883694,77.637833,2018-01-10,tkn,24.5,24.5,False,mg/l,empri-2018
1408,BUBSBGbgu_kr2-1405,Chikkabegur kere,Inlet,12.883694,77.637833,2018-01-10,totalColiform,1600.0,>1600,False,MPN/100ml,empri-2018
1408,BUBSBGbgu_kr2-1405,Chikkabegur kere,Inlet,12.883694,77.637833,2018-01-10,sewageInflow,,UM,False,cumecs,empri-2018
1408,BUBSBGbgu_kr2-1405,Chikkabegur kere,Outlet,12.887833,77.635194,2018-01-10,waterTemperature,21.9,21.9,False,°C,empri-2018
1408,BUBSBGbgu_kr2-1405,Chikkabegur kere,Outlet,12.887833,77.635194,2018-01-10,lightTransparency,,UM,False,cm,empri-2018
1408,BUBSBGbgu_kr2-1405,Chikkabegur kere,Outlet,12.887833,77.635194,2018-01-10,ph,7.5,7.5,False,,empri-2018
1408,BUBSBGbgu_kr2-1405,Chikkabegur kere,Outlet,12.887833,77.635194,2018-01-10,conductivity,1418.0,1418,False,µS/cm,empri-2018
1408,BUBSBGbgu_kr2-1405,Chikkabegur kere,Outlet,12.887833,77.635194,2018-01-10,tds,830.0,830,False,mg/l,empri-2018
1408,BUBSBGbgu_kr2-1405,Chikkabegur kere,Outlet,12.887833,77.635194,2018-01-10,tss,32.0,32,False,mg/l,empri-2018
1408,BUBSBGbgu_kr2-1405,Chikkabegur kere,Outlet,12.887833,77.635194,2018-01-10,turbidity,61.6,61.6,False,NTU,empri-2018
1408,BUBSBGbgu_kr2-1405,Chikkabegur kere,Outlet,12.887833,77.635194,2018-01-10,dissolvedOxygen,0.6,0.6,False,mg/l,empri-2018
1408,BUBSBGbgu_kr2-1405,Chikkabegur kere,Outlet,12.887833,77.635194,2018-01-10,cod,64.0,64,False,mg/l,empri-2018
1408,BUBSBGbgu_kr2-1405,Chikkabegur kere,Outlet,12.887833,77.635194,2018-01-10,bod,11.1,11.10,False,mg/l,empri-2018
1408,BUBSBGbgu_kr2-1405,Chikkabegur kere,Outlet,12.887833,77.635194,2018-01-10,totalPhosphate,3.4,3.4,False,mg/l,empri-2018
1408,BUBSBGbgu_kr2-1405,Chikkabegur kere,Outlet,12.887833,77.635194,2018-01-10,tkn,31.5,31.5,False,mg/l,empri-2018
1408,BUBSBGbgu_kr2-1405,Chikkabegur kere,Outlet,12.887833,77.635194,2018-01-10,totalColiform,1600.0,>1600,False,MPN/100ml,empri-2018
1409,BUBSBGbgu_kr3-1406,Begur Lake1,,,77.632722,2018-02-05,waterTemperature,21.8,21.8,False,°C,empri-2018
1409,BUBSBGbgu_kr3-1406,Begur Lake1,,,77.632722,2018-02-05,lightTransparency,25.0,25,False,cm,empri-2018
1409,BUBSBGbgu_kr3-1406,Begur Lake1,,,77.632722,2018-02-05,ph,7.6,7.6,False,,empri-2018
1409,BUBSBGbgu_kr3-1406,Begur Lake1,,,77.632722,2018-02-05,conductivity,754.0,754,False,µS/cm,empri-2018
1409,BUBSBGbgu_kr3-1406,Begur Lake1,,,77.632722,2018-02-05,tds,600.0,600,False,mg/l,empri-2018
1409,BUBSBGbgu_kr3-1406,Begur Lake1,,,77.632722,2018-02-05,tss,116.0,116,False,mg/l,empri-2018
1409,BUBSBGbgu_kr3-1406,Begur Lake1,,,77.632722,2018-02-05,turbidity,6.0,6,False,NTU,empri-2018
1409,BUBSBGbgu_kr3-1406,Begur Lake1,,,77.632722,2018-02-05,dissolvedOxygen,5.0,5,False,mg/l,empri-2018
1409,BUBSBGbgu_kr3-1406,Begur Lake1,,,77.632722,2018-02-05,cod,440.0,440,False,mg/l,empri-2018
1409,BUBSBGbgu_kr3-1406,Begur Lake1,,,77.632722,2018-02-05,bod,16.0,16,False,mg/l,empri-2018
1409,BUBSBGbgu_kr3-1406,Begur Lake1,,,77.632722,2018-02-05,totalPhosphate,2.0,2,False,mg/l,empri-2018
1409,BUBSBGbgu_kr3-1406,Begur Lake1,,,77.632722,2018-02-05,tkn,17.0,17,False,mg/l,empri-2018
1409,BUBSBGbgu_kr3-1406,Begur Lake1,,,77.632722,2018-02-05,totalColiform,1600.0,>1600,False,MPN/100ml,empri-2018
1412,BUBSBGbgu_kr6-1409,Begur Lake2,Inlet,12.857944,77.621583,2018-02-05,waterTemperature,28.5,28.5,False,°C,empri-2018
1412,BUBSBGbgu_kr6-1409,Begur Lake2,Inlet,12.857944,77.621583,2018-02-05,lightTransparency,,UM,False,cm,empri-2018
1412,BUBSBGbgu_kr6-1409,Begur Lake2,Inlet,12.857944,77.621583,2018-02-05,ph,7.0,7,False,,empri-2018
1412,BUBSBGbgu_kr6-1409,Begur Lake2,Inlet,12.857944,77.621583,2018-02-05,conductivity,632.0,632,False,µS/cm,empri-2018
1412,BUBSBGbgu_kr6-1409,Begur Lake2,Inlet,12.857944,77.621583,2018-02-05,tds,332.0,332,False,mg/l,empri-2018
1412,BUBSBGbgu_kr6-1409,Begur Lake2,Inlet,12.857944,77.621583,2018-02-05,tss,164.0,164,False,mg/l,empri-2018
1412,BUBSBGbgu_kr6-1409,Begur Lake2,Inlet,12.857944,77.621583,2018-02-05,turbidity,7.9,7.9,False,NTU,empri-2018
1412,BUBSBGbgu_kr6-1409,Begur Lake2,Inlet,12.857944,77.621583,2018-02-05,dissolvedOxygen,0.7,0.7,False,mg/l,empri-2018
1412,BUBSBGbgu_kr6-1409,Begur Lake2,Inlet,12.857944,77.621583,2018-02-05,cod,128.0,128,False,mg/l,empri-2018
1412,BUBSBGbgu_kr6-1409,Begur Lake2,Inlet,12.857944,77.621583,2018-02-05,bod,17.38,17.38,False,mg/l,empri-2018
1412,BUBSBGbgu_kr6-1409,Begur Lake2,Inlet,12.857944,77.621583,2018-02-05,totalPhosphate,1.6,1.6,False,mg/l,empri-2018
1412,BUBSBGbgu_kr6-1409,Begur Lake2,Inlet,12.857944,77.621583,2018-02-05,tkn,12.6,12.6,False,mg/l,empri-2018
1412,BUBSBGbgu_kr6-1409,Begur Lake2,Inlet,12.857944,77.621583,2018-02-05,totalColiform,350.0,350.00,False,MPN/100ml,empri-2018
1412,BUBSBGbgu_kr6-1409,Begur Lake2,Inlet,12.857944,77.621583,2018-02-05,sewageInflow,,No Flow,False,cumecs,empri-2018
1412,BUBSBGbgu_kr6-1409,Begur Lake2,Outlet,12.858,77.624889,2018-02-05,waterTemperature,24.5,24.5,False,°C,empri-2018
1412,BUBSBGbgu_kr6-1409,Begur Lake2,Outlet,12.858,77.624889,2018-02-05,lightTransparency,22.0,22,False,cm,empri-2018
1412,BUBSBGbgu_kr6-1409,Begur Lake2,Outlet,12.858,77.624889,2018-02-05,ph,7.7,7.7,False,,empri-2018
1412,BUBSBGbgu_kr6-1409,Begur Lake2,Outlet,12.858,77.624889,2018-02-05,conductivity,556.0,556,False,µS/cm,empri-2018
1412,BUBSBGbgu_kr6-1409,Begur Lake2,Outlet,12.858,77.624889,2018-02-05,tds,378.0,378,False,mg/l,empri-2018
1412,BUBSBGbgu_kr6-1409,Begur Lake2,Outlet,12.858,77.624889,2018-02-05,tss,14.0,14,False,mg/l,empri-2018
1412,BUBSBGbgu_kr6-1409,Begur Lake2,Outlet,12.858,77.624889,2018-02-05,turbidity,12.3,12.3,False,NTU,empri-2018
1412,BUBSBGbgu_kr6-1409,Begur Lake2,Outlet,12.858,77.624889,2018-02-05,dissolvedOxygen,7.1,7.1,False,mg/l,empri-2018
1412,BUBSBGbgu_kr6-1409,Begur Lake2,Outlet,12.858,77.624889,2018-02-05,cod,16.0,16,False,mg/l,empri-2018
1412,BUBSBGbgu_kr6-1409,Begur Lake2,Outlet,12.858,77.624889,2018-02-05,bod,2.81,2.81,False,mg/l,empri-2018
1412,BUBSBGbgu_kr6-1409,Begur Lake2,Outlet,12.858,77.624889,2018-02-05,totalPhosphate,0.4,0.4,False,mg/l,empri-2018
1412,BUBSBGbgu_kr6-1409,Begur Lake2,Outlet,12.858,77.624889,2018-02-05,tkn,24.5,24.5,False,mg/l,empri-2018
1412,BUBSBGbgu_kr6-1409,Begur Lake2,Outlet,12.858,77.624889,2018-02-05,totalColiform,1600.0,>1600,False,MPN/100ml,empri-2018
1413,BUBSBGbgu_kr7-1410,Subbedarana kere,Inlet,,77.616556,2018-01-10,waterTemperature,22.5,22.5,False,°C,empri-2018
1413,BUBSBGbgu_kr7-1410,Subbedarana kere,Inlet,,77.616556,2018-01-10,lightTransparency,12.0,12,False,cm,empri-2018
1413,BUBSBGbgu_kr7-1410,Subbedarana kere,Inlet,,77.616556,2018-01-10,ph,8.2,8.2,False,,empri-2018
1413,BUBSBGbgu_kr7-1410,Subbedarana kere,Inlet,,77.616556,2018-01-10,conductivity,951.0,951,False,µS/cm,empri-2018
1413,BUBSBGbgu_kr7-1410,Subbedarana kere,Inlet,,77.616556,2018-01-10,tds,838.0,838,False,mg/l,empri-2018
1413,BUBSBGbgu_kr7-1410,Subbedarana kere,Inlet,,77.616556,2018-01-10,tss,299.0,299,False,mg/l,empri-2018
1413,BUBSBGbgu_kr7-1410,Subbedarana kere,Inlet,,77.616556,2018-01-10,turbidity,13.0,13,False,NTU,empri-2018
1413,BUBSBGbgu_kr7-1410,Subbedarana kere,Inlet,,77.616556,2018-01-10,dissolvedOxygen,2.7,2.7,False,mg/l,empri-2018
1413,BUBSBGbgu_kr7-1410,Subbedarana kere,Inlet,,77.616556,2018-01-10,cod,400.0,400,False,mg/l,empri-2018
1413,BUBSBGbgu_kr7-1410,Subbedarana kere,Inlet,,77.616556,2018-01-10,bod,157.64,157.64,False,mg/l,empri-2018
1413,BUBSBGbgu_kr7-1410,Subbedarana kere,Inlet,,77.616556,2018-01-10,totalPhosphate,2.6,2.6,False,mg/l,empri-2018
1413,BUBSBGbgu_kr7-1410,Subbedarana kere,Inlet,,77.616556,2018-01-10,tkn,11.2,11.2,False,mg/l,empri-2018
1413,BUBSBGbgu_kr7-1410,Subbedarana kere,Inlet,,77.616556,2018-01-10,totalColiform,1600.0,>1600,False,MPN/100ml,empri-2018
1413,BUBSBGbgu_kr7-1410,Subbedarana kere,Inlet,,77.616556,2018-01-10,sewageInflow,,UM,False,cumecs,empri-2018
1413,BUBSBGbgu_kr7-1410,Subbedarana kere,Outlet,,77.618361,2018-01-10,waterTemperature,22.3,22.3,False,°C,empri-2018
1413,BUBSBGbgu_kr7-1410,Subbedarana kere,Outlet,,77.618361,2018-01-10,lightTransparency,13.0,13,False,cm,empri-2018
1413,BUBSBGbgu_kr7-1410,Subbedarana kere,Outlet,,77.618361,2018-01-10,ph,8.5,8.5,False,,empri-2018
1413,BUBSBGbgu_kr7-1410,Subbedarana kere,Outlet,,77.618361,2018-01-10,conductivity,1001.0,1001,False,µS/cm,empri-2018
1413,BUBSBGbgu_kr7-1410,Subbedarana kere,Outlet,,77.618361,2018-01-10,tds,812.0,812,False,mg/l,empri-2018
1413,BUBSBGbgu_kr7-1410,Subbedarana kere,Outlet,,77.618361,2018-01-10,tss,103.0,103,False,mg/l,empri-2018
1413,BUBSBGbgu_kr7-1410,Subbedarana kere,Outlet,,77.618361,2018-01-10,turbidity,9.7,9.7,False,NTU,empri-2018
1413,BUBSBGbgu_kr7-1410,Subbedarana kere,Outlet,,77.618361,2018-01-10,dissolvedOxygen,8.8,8.8,False,mg/l,empri-2018
1413,BUBSBGbgu_kr7-1410,Subbedarana kere,Outlet,,77.618361,2018-01-10,cod,192.0,192,False,mg/l,empri-2018
1413,BUBSBGbgu_kr7-1410,Subbedarana kere,Outlet,,77.618361,2018-01-10,bod,27.0,27.00,False,mg/l,empri-2018
1413,BUBSBGbgu_kr7-1410,Subbedarana kere,Outlet,,77.618361,2018-01-10,totalPhosphate,2.4,2.4,False,mg/l,empri-2018
1413,BUBSBGbgu_kr7-1410,Subbedarana kere,Outlet,,77.618361,2018-01-10,tkn,7.0,7,False,mg/l,empri-2018
1413,BUBSBGbgu_kr7-1410,Subbedarana kere,Outlet,,77.618361,2018-01-10,totalColiform,34.0,34,False,MPN/100ml,empri-2018
1416,BUBSBGbgu_kr10-1413,Nyanappanahalli Kere,,12.871833,77.6135,2018-01-10,waterTemperature,23.2,23.2,False,°C,empri-2018
1416,BUBSBGbgu_kr10-1413,Nyanappanahalli Kere,,12.871833,77.6135,2018-01-10,lightTransparency,19.0,19,False,cm,empri-2018
1416,BUBSBGbgu_kr10-1413,Nyanappanahalli Kere,,12.871833,77.6135,2018-01-10,ph,7.8,7.8,False,,empri-2018
1416,BUBSBGbgu_kr10-1413,Nyanappanahalli Kere,,12.871833,77.6135,2018-01-10,conductivity,515.0,515,False,µS/cm,empri-2018
1416,BUBSBGbgu_kr10-1413,Nyanappanahalli Kere,,12.871833,77.6135,2018-01-10,tds,206.0,206,False,mg/l,empri-2018
1416,BUBSBGbgu_kr10-1413,Nyanappanahalli Kere,,12.871833,77.6135,2018-01-10,tss,8.0,8,False,mg/l,empri-2018
1416,BUBSBGbgu_kr10-1413,Nyanappanahalli Kere,,12.871833,77.6135,2018-01-10,turbidity,5.5,5.5,False,NTU,empri-2018
1416,BUBSBGbgu_kr10-1413,Nyanappanahalli Kere,,12.871833,77.6135,2018-01-10,dissolvedOxygen,4.4,4.4,False,mg/l,empri-2018
1416,BUBSBGbgu_kr10-1413,Nyanappanahalli Kere,,12.871833,77.6135,2018-01-10,cod,16.0,16,False,mg/l,empri-2018
1416,BUBSBGbgu_kr10-1413,Nyanappanahalli Kere,,12.871833,77.6135,2018-01-10,bod,0.72,0.72,False,mg/l,empri-2018
1416,BUBSBGbgu_kr10-1413,Nyanappanahalli Kere,,12.871833,77.6135,2018-01-10,totalPhosphate,0.2,0.2,False,mg/l,empri-2018
1416,BUBSBGbgu_kr10-1413,Nyanappanahalli Kere,,12.871833,77.6135,2018-01-10,tkn,7.7,7.7,False,mg/l,empri-2018
1416,BUBSBGbgu_kr10-1413,Nyanappanahalli Kere,,12.871833,77.6135,2018-01-10,totalColiform,350.0,350,False,MPN/100ml,empri-2018
1428,BUBSBGcsp_kr1-1425,Gudde Lake,,12.862889,77.608056,2018-01-10,waterTemperature,21.4,21.4,False,°C,empri-2018
1428,BUBSBGcsp_kr1-1425,Gudde Lake,,12.862889,77.608056,2018-01-10,lightTransparency,,UM,False,cm,empri-2018
1428,BUBSBGcsp_kr1-1425,Gudde Lake,,12.862889,77.608056,2018-01-10,ph,7.4,7.4,False,,empri-2018
1428,BUBSBGcsp_kr1-1425,Gudde Lake,,12.862889,77.608056,2018-01-10,conductivity,894.0,894,False,µS/cm,empri-2018
1428,BUBSBGcsp_kr1-1425,Gudde Lake,,12.862889,77.608056,2018-01-10,tds,658.0,658,False,mg/l,empri-2018
1428,BUBSBGcsp_kr1-1425,Gudde Lake,,12.862889,77.608056,2018-01-10,tss,45.0,45,False,mg/l,empri-2018
1428,BUBSBGcsp_kr1-1425,Gudde Lake,,12.862889,77.608056,2018-01-10,turbidity,8.3,8.3,False,NTU,empri-2018
1428,BUBSBGcsp_kr1-1425,Gudde Lake,,12.862889,77.608056,2018-01-10,dissolvedOxygen,0.6,0.6,False,mg/l,empri-2018
1428,BUBSBGcsp_kr1-1425,Gudde Lake,,12.862889,77.608056,2018-01-10,cod,64.0,64,False,mg/l,empri-2018
1428,BUBSBGcsp_kr1-1425,Gudde Lake,,12.862889,77.608056,2018-01-10,bod,3.18,3.18,False,mg/l,empri-2018
1428,BUBSBGcsp_kr1-1425,Gudde Lake,,12.862889,77.608056,2018-01-10,totalPhosphate,0.8,0.8,False,mg/l,empri-2018
1428,BUBSBGcsp_kr1-1425,Gudde Lake,,12.862889,77.608056,2018-01-10,tkn,3.5,3.5,False,mg/l,empri-2018
1428,BUBSBGcsp_kr1-1425,Gudde Lake,,12.862889,77.608056,2018-01-10,totalColiform,34.0,34,False,MPN/100ml,empri-2018
1431,BUBSBGddt_kr1-1428,Doddatogur lake,Inlet,12.856444,77.657583,2018-01-10,waterTemperature,24.4,24.4,False,°C,empri-2018
1431,BUBSBGddt_kr1-1428,Doddatogur lake,Inlet,12.856444,77.657583,2018-01-10,lightTransparency,,UM,False,cm,empri-2018
1431,BUBSBGddt_kr1-1428,Doddatogur lake,Inlet,12.856444,77.657583,2018-01-10,ph,7.8,7.8,False,,empri-2018
1431,BUBSBGddt_kr1-1428,Doddatogur lake,Inlet,12.856444,77.657583,2018-01-10,conductivity,1964.0,1964,False,µS/cm,empri-2018
1431,BUBSBGddt_kr1-1428,Doddatogur lake,Inlet,12.856444,77.657583,2018-01-10,tds,1366.0,1366,False,mg/l,empri-2018
1431,BUBSBGddt_kr1-1428,Doddatogur lake,Inlet,12.856444,77.657583,2018-01-10,tss,84.0,84,False,mg/l,empri-2018
1431,BUBSBGddt_kr1-1428,Doddatogur lake,Inlet,12.856444,77.657583,2018-01-10,turbidity,18.8,18.8,False,NTU,empri-2018
1431,BUBSBGddt_kr1-1428,Doddatogur lake,Inlet,12.856444,77.657583,2018-01-10,dissolvedOxygen,0.6,0.6,False,mg/l,empri-2018
1431,BUBSBGddt_kr1-1428,Doddatogur lake,Inlet,12.856444,77.657583,2018-01-10,cod,192.0,192,False,mg/l,empri-2018
1431,BUBSBGddt_kr1-1428,Doddatogur lake,Inlet,12.856444,77.657583,2018-01-10,bod,29.56,29.56,False,mg/l,empri-2018
1431,BUBSBGddt_kr1-1428,Doddatogur lake,Inlet,12.856444,77.657583,2018-01-10,totalPhosphate,0.2,0.2,False,mg/l,empri-2018
1431,BUBSBGddt_kr1-1428,Doddatogur lake,Inlet,12.856444,77.657583,2018-01-10,tkn,57.4,57.4,False,mg/l,empri-2018
1431,BUBSBGddt_kr1-1428,Doddatogur lake,Inlet,12.856444,77.657583,2018-01-10,totalColiform,1600.0,>1600,False,MPN/100ml,empri-2018
1431,BUBSBGddt_kr1-1428,Doddatogur lake,Inlet,12.856444,77.657583,2018-01-10,sewageInflow,,UM,False,cumecs,empri-2018
1434,BUBSBGddt_kr4-1431,Chikkatogur kere,,12.850306,77.645417,2018-01-10,waterTemperature,25.3,25.3,False,°C,empri-2018
1434,BUBSBGddt_kr4-1431,Chikkatogur kere,,12.850306,77.645417,2018-01-10,lightTransparency,18.0,18,False,cm,empri-2018
1434,BUBSBGddt_kr4-1431,Chikkatogur kere,,12.850306,77.645417,2018-01-10,ph,7.9,7.9,False,,empri-2018
1434,BUBSBGddt_kr4-1431,Chikkatogur kere,,12.850306,77.645417,2018-01-10,conductivity,540.0,540,False,µS/cm,empri-2018
1434,BUBSBGddt_kr4-1431,Chikkatogur kere,,12.850306,77.645417,2018-01-10,tds,280.0,280,False,mg/l,empri-2018
1434,BUBSBGddt_kr4-1431,Chikkatogur kere,,12.850306,77.645417,2018-01-10,tss,34.0,34,False,mg/l,empri-2018
1434,BUBSBGddt_kr4-1431,Chikkatogur kere,,12.850306,77.645417,2018-01-10,turbidity,19.7,19.7,False,NTU,empri-2018
1434,BUBSBGddt_kr4-1431,Chikkatogur kere,,12.850306,77.645417,2018-01-10,dissolvedOxygen,0.8,0.8,False,mg/l,empri-2018
1434,BUBSBGddt_kr4-1431,Chikkatogur kere,,12.850306,77.645417,2018-01-10,cod,48.0,48,False,mg/l,empri-2018
1434,BUBSBGddt_kr4-1431,Chikkatogur kere,,12.850306,77.645417,2018-01-10,bod,1.58,1.58,False,mg/l,empri-2018
1434,BUBSBGddt_kr4-1431,Chikkatogur kere,,12.850306,77.645417,2018-01-10,totalPhosphate,0.2,0.2,False,mg/l,empri-2018
1434,BUBSBGddt_kr4-1431,Chikkatogur kere,,12.850306,77.645417,2018-01-10,tkn,4.2,4.2,False,mg/l,empri-2018
1434,BUBSBGddt_kr4-1431,Chikkatogur kere,,12.850306,77.645417,2018-01-10,totalColiform,1600.0,1600,False,MPN/100ml,empri-2018
1443,BUBSBGhrk_kr5-1440,Kythasandra Govt. Lake,,12.899,77.647417,2018-01-10,waterTemperature,22.2,22.2,False,°C,empri-2018
1443,BUBSBGhrk_kr5-1440,Kythasandra Govt. Lake,,12.899,77.647417,2018-01-10,lightTransparency,6.0,6,False,cm,empri-2018
1443,BUBSBGhrk_kr5-1440,Kythasandra Govt. Lake,,12.899,77.647417,2018-01-10,ph,8.2,8.2,False,,empri-2018
1443,BUBSBGhrk_kr5-1440,Kythasandra Govt. Lake,,12.899,77.647417,2018-01-10,conductivity,804.0,804,False,µS/cm,empri-2018
1443,BUBSBGhrk_kr5-1440,Kythasandra Govt. Lake,,12.899,77.647417,2018-01-10,tds,740.0,740,False,mg/l,empri-2018
1443,BUBSBGhrk_kr5-1440,Kythasandra Govt. Lake,,12.899,77.647417,2018-01-10,tss,40.0,40,False,mg/l,empri-2018
1443,BUBSBGhrk_kr5-1440,Kythasandra Govt. Lake,,12.899,77.647417,2018-01-10,turbidity,73.0,73,False,NTU,empri-2018
1443,BUBSBGhrk_kr5-1440,Kythasandra Govt. Lake,,12.899,77.647417,2018-01-10,dissolvedOxygen,4.3,4.3,False,mg/l,empri-2018
1443,BUBSBGhrk_kr5-1440,Kythasandra Govt. Lake,,12.899,77.647417,2018-01-10,cod,48.0,48,False,mg/l,empri-2018
1443,BUBSBGhrk_kr5-1440,Kythasandra Govt. Lake,,12.899,77.647417,2018-01-10,bod,83.0,83,False,mg/l,empri-2018
1443,BUBSBGhrk_kr5-1440,Kythasandra Govt. Lake,,12.899,77.647417,2018-01-10,totalPhosphate,2.0,2,False,mg/l,empri-2018
1443,BUBSBGhrk_kr5-1440,Kythasandra Govt. Lake,,12.899,77.647417,2018-01-10,tkn,35.0,35,False,mg/l,empri-2018
1443,BUBSBGhrk_kr5-1440,Kythasandra Govt. Lake,,12.899,77.647417,2018-01-10,totalColiform,1600.0,>1600,False,MPN/100ml,empri-2018
1445,BUBSBGhmd_kr2-1442,Hommedevanahalli Kere1,,12.835,77.601472,2018-01-10,waterTemperature,24.4,24.4,False,°C,empri-2018
1445,BUBSBGhmd_kr2-1442,Hommedevanahalli Kere1,,12.835,77.601472,2018-01-10,lightTransparency,13.0,13,False,cm,empri-2018
1445,BUBSBGhmd_kr2-1442,Hommedevanahalli Kere1,,12.835,77.601472,2018-01-10,ph,7.7,7.7,False,,empri-2018
1445,BUBSBGhmd_kr2-1442,Hommedevanahalli Kere1,,12.835,77.601472,2018-01-10,conductivity,192.0,192,False,µS/cm,empri-2018
1445,BUBSBGhmd_kr2-1442,Hommedevanahalli Kere1,,12.835,77.601472,2018-01-10,tds,144.0,144,False,mg/l,empri-2018
1445,BUBSBGhmd_kr2-1442,Hommedevanahalli Kere1,,12.835,77.601472,2018-01-10,tss,122.0,122,False,mg/l,empri-2018
1445,BUBSBGhmd_kr2-1442,Hommedevanahalli Kere1,,12.835,77.601472,2018-01-10,turbidity,13.5,13.5,False,NTU,empri-2018
1445,BUBSBGhmd_kr2-1442,Hommedevanahalli Kere1,,12.835,77.601472,2018-01-10,dissolvedOxygen,7.2,7.2,False,mg/l,empri-2018
1445,BUBSBGhmd_kr2-1442,Hommedevanahalli Kere1,,12.835,77.601472,2018-01-10,cod,48.0,48,False,mg/l,empri-2018
1445,BUBSBGhmd_kr2-1442,Hommedevanahalli Kere1,,12.835,77.601472,2018-01-10,bod,5.91,5.91,False,mg/l,empri-2018
1445,BUBSBGhmd_kr2-1442,Hommedevanahalli Kere1,,12.835,77.601472,2018-01-10,totalPhosphate,0.3,0.3,False,mg/l,empri-2018
1445,BUBSBGhmd_kr2-1442,Hommedevanahalli Kere1,,12.835,77.601472,2018-01-10,tkn,5.6,5.6,False,mg/l,empri-2018
1445,BUBSBGhmd_kr2-1442,Hommedevanahalli Kere1,,12.835,77.601472,2018-01-10,totalColiform,1600.0,>1600,False,MPN/100ml,empri-2018
1449,BUBSBGhgs_kr1-1446,Hongasandra Govt. Lake,,12.896472,77.638056,2018-02-05,waterTemperature,24.8,24.8,False,°C,empri-2018
1449,BUBSBGhgs_kr1-1446,Hongasandra Govt. Lake,,12.896472,77.638056,2018-02-05,lightTransparency,,UM,False,cm,empri-2018
1449,BUBSBGhgs_kr1-1446,Hongasandra Govt. Lake,,12.896472,77.638056,2018-02-05,ph,6.9,6.9,False,,empri-2018
1449,BUBSBGhgs_kr1-1446,Hongasandra Govt. Lake,,12.896472,77.638056,2018-02-05,conductivity,1424.0,1424,False,µS/cm,empri-2018
1449,BUBSBGhgs_kr1-1446,Hongasandra Govt. Lake,,12.896472,77.638056,2018-02-05,tds,886.0,886,False,mg/l,empri-2018
1449,BUBSBGhgs_kr1-1446,Hongasandra Govt. Lake,,12.896472,77.638056,2018-02-05,tss,162.0,162,False,mg/l,empri-2018
1449,BUBSBGhgs_kr1-1446,Hongasandra Govt. Lake,,12.896472,77.638056,2018-02-05,turbidity,128.6,128.6,False,NTU,empri-2018
1449,BUBSBGhgs_kr1-1446,Hongasandra Govt. Lake,,12.896472,77.638056,2018-02-05,dissolvedOxygen,0.19,0.19,False,mg/l,empri-2018
1449,BUBSBGhgs_kr1-1446,Hongasandra Govt. Lake,,12.896472,77.638056,2018-02-05,cod,480.0,480,False,mg/l,empri-2018
1449,BUBSBGhgs_kr1-1446,Hongasandra Govt. Lake,,12.896472,77.638056,2018-02-05,bod,44.69,44.69,False,mg/l,empri-2018
1449,BUBSBGhgs_kr1-1446,Hongasandra Govt. Lake,,12.896472,77.638056,2018-02-05,totalPhosphate,2.1,2.1,False,mg/l,empri-2018
1449,BUBSBGhgs_kr1-1446,Hongasandra Govt. Lake,,12.896472,77.638056,2018-02-05,tkn,26.6,26.6,False,mg/l,empri-2018
1449,BUBSBGhgs_kr1-1446,Hongasandra Govt. Lake,,12.896472,77.638056,2018-02-05,totalColiform,1600.0,>1600,False,MPN/100ml,empri-2018
1451,BUBSBGhum_kr1-1448,Hulimavu Kere,,12.874556,77.608833,2018-02-05,waterTemperature,22.6,22.6,False,°C,empri-2018
1451,BUBSBGhum_kr1-1448,Hulimavu Kere,,12.874556,77.608833,2018-02-05,lightTransparency,5.0,5,False,cm,empri-2018
1451,BUBSBGhum_kr1-1448,Hulimavu Kere,,12.874556,77.608833,2018-02-05,ph,7.6,7.6,False,,empri-2018
1451,BUBSBGhum_kr1-1448,Hulimavu Kere,,12.874556,77.608833,2018-02-05,conductivity,953.0,953,False,µS/cm,empri-2018
1451,BUBSBGhum_kr1-1448,Hulimavu Kere,,12.874556,77.608833,2018-02-05,tds,660.0,660,False,mg/l,empri-2018
1451,BUBSBGhum_kr1-1448,Hulimavu Kere,,12.874556,77.608833,2018-02-05,tss,10.0,10,False,mg/l,empri-2018
1451,BUBSBGhum_kr1-1448,Hulimavu Kere,,12.874556,77.608833,2018-02-05,turbidity,4.0,4,False,NTU,empri-2018
1451,BUBSBGhum_kr1-1448,Hulimavu Kere,,12.874556,77.608833,2018-02-05,dissolvedOxygen,4.2,4.2,False,mg/l,empri-2018
1451,BUBSBGhum_kr1-1448,Hulimavu Kere,,12.874556,77.608833,2018-02-05,cod,48.0,48,False,mg/l,empri-2018
1451,BUBSBGhum_kr1-1448,Hulimavu Kere,,12.874556,77.608833,2018-02-05,bod,20.0,20,False,mg/l,empri-2018
1451,BUBSBGhum_kr1-1448,Hulimavu Kere,,12.874556,77.608833,2018-02-05,totalPhosphate,2.0,2,False,mg/l,empri-2018
1451,BUBSBGhum_kr1-1448,Hulimavu Kere,,12.874556,77.608833,2018-02-05,tkn,12.0,12,False,mg/l,empri-2018
1451,BUBSBGhum_kr1-1448,Hulimavu Kere,,12.874556,77.608833,2018-02-05,totalColiform,240.0,240,False,MPN/100ml,empri-2018
1453,BUBSBGiba_kr2-1450,Ibbalur Govt. Lake,Inlet,12.921583,77.666389,2018-02-05,waterTemperature,16.8,16.8,False,°C,empri-2018
1453,BUBSBGiba_kr2-1450,Ibbalur Govt. Lake,Inlet,12.921583,77.666389,2018-02-05,lightTransparency,,UM,False,cm,empri-2018
1453,BUBSBGiba_kr2-1450,Ibbalur Govt. Lake,Inlet,12.921583,77.666389,2018-02-05,ph,7.1,7.1,False,,empri-2018
1453,BUBSBGiba_kr2-1450,Ibbalur Govt. Lake,Inlet,12.921583,77.666389,2018-02-05,conductivity,1662.0,1662,False,µS/cm,empri-2018
1453,BUBSBGiba_kr2-1450,Ibbalur Govt. Lake,Inlet,12.921583,77.666389,2018-02-05,tds,1296.0,1296,False,mg/l,empri-2018
1453,BUBSBGiba_kr2-1450,Ibbalur Govt. Lake,Inlet,12.921583,77.666389,2018-02-05,tss,27.0,27,False,mg/l,empri-2018
1453,BUBSBGiba_kr2-1450,Ibbalur Govt. Lake,Inlet,12.921583,77.666389,2018-02-05,turbidity,108.3,108.3,False,NTU,empri-2018
1453,BUBSBGiba_kr2-1450,Ibbalur Govt. Lake,Inlet,12.921583,77.666389,2018-02-05,dissolvedOxygen,0.19,0.19,False,mg/l,empri-2018
1453,BUBSBGiba_kr2-1450,Ibbalur Govt. Lake,Inlet,12.921583,77.666389,2018-02-05,cod,64.0,64,False,mg/l,empri-2018
1453,BUBSBGiba_kr2-1450,Ibbalur Govt. Lake,Inlet,12.921583,77.666389,2018-02-05,bod,7.13,7.13,False,mg/l,empri-2018
1453,BUBSBGiba_kr2-1450,Ibbalur Govt. Lake,Inlet,12.921583,77.666389,2018-02-05,totalPhosphate,1.8,1.8,False,mg/l,empri-2018
1453,BUBSBGiba_kr2-1450,Ibbalur Govt. Lake,Inlet,12.921583,77.666389,2018-02-05,tkn,42.0,42,False,mg/l,empri-2018
1453,BUBSBGiba_kr2-1450,Ibbalur Govt. Lake,Inlet,12.921583,77.666389,2018-02-05,totalColiform,1600.0,>1600,False,MPN/100ml,empri-2018
1453,BUBSBGiba_kr2-1450,Ibbalur Govt. Lake,Inlet,12.921583,77.666389,2018-02-05,sewageInflow,,UM,False,cumecs,empri-2018
1457,BUBSBGkla_kr1-1454,Kalena Agrahara Govt. Lake,,12.864722,77.589194,2018-01-10,waterTemperature,24.1,24.1,False,°C,empri-2018
1457,BUBSBGkla_kr1-1454,Kalena Agrahara Govt. Lake,,12.864722,77.589194,2018-01-10,lightTransparency,11.0,11,False,cm,empri-2018
1457,BUBSBGkla_kr1-1454,Kalena Agrahara Govt. Lake,,12.864722,77.589194,2018-01-10,ph,8.4,8.4,False,,empri-2018
1457,BUBSBGkla_kr1-1454,Kalena Agrahara Govt. Lake,,12.864722,77.589194,2018-01-10,conductivity,608.0,608,False,µS/cm,empri-2018
1457,BUBSBGkla_kr1-1454,Kalena Agrahara Govt. Lake,,12.864722,77.589194,2018-01-10,tds,680.0,680,False,mg/l,empri-2018
1457,BUBSBGkla_kr1-1454,Kalena Agrahara Govt. Lake,,12.864722,77.589194,2018-01-10,tss,108.0,108,False,mg/l,empri-2018
1457,BUBSBGkla_kr1-1454,Kalena Agrahara Govt. Lake,,12.864722,77.589194,2018-01-10,turbidity,24.0,24,False,NTU,empri-2018
1457,BUBSBGkla_kr1-1454,Kalena Agrahara Govt. Lake,,12.864722,77.589194,2018-01-10,dissolvedOxygen,4.8,4.8,False,mg/l,empri-2018
1457,BUBSBGkla_kr1-1454,Kalena Agrahara Govt. Lake,,12.864722,77.589194,2018-01-10,cod,392.0,392,False,mg/l,empri-2018
1457,BUBSBGkla_kr1-1454,Kalena Agrahara Govt. Lake,,12.864722,77.589194,2018-01-10,bod,33.4,33.4,False,mg/l,empri-2018
1457,BUBSBGkla_kr1-1454,Kalena Agrahara Govt. Lake,,12.864722,77.589194,2018-01-10,totalPhosphate,2.0,2,False,mg/l,empri-2018
1457,BUBSBGkla_kr1-1454,Kalena Agrahara Govt. Lake,,12.864722,77.589194,2018-01-10,tkn,31.0,31,False,mg/l,empri-2018
1457,BUBSBGkla_kr1-1454,Kalena Agrahara Govt. Lake,,12.864722,77.589194,2018-01-10,totalColiform,1600.0,>1600,False,MPN/100ml,empri-2018
1459,BUBSBGkmn_kr1-1456,Kammanahalli Govt. Lake,Inlet,12.854083,77.603528,2018-01-10,waterTemperature,24.0,24,False,°C,empri-2018
1459,BUBSBGkmn_kr1-1456,Kammanahalli Govt. Lake,Inlet,12.854083,77.603528,2018-01-10,lightTransparency,7.0,7,False,cm,empri-2018
1459,BUBSBGkmn_kr1-1456,Kammanahalli Govt. Lake,Inlet,12.854083,77.603528,2018-01-10,ph,8.1,8.1,False,,empri-2018
1459,BUBSBGkmn_kr1-1456,Kammanahalli Govt. Lake,Inlet,12.854083,77.603528,2018-01-10,conductivity,613.0,613,False,µS/cm,empri-2018
1459,BUBSBGkmn_kr1-1456,Kammanahalli Govt. Lake,Inlet,12.854083,77.603528,2018-01-10,tds,400.0,400,False,mg/l,empri-2018
1459,BUBSBGkmn_kr1-1456,Kammanahalli Govt. Lake,Inlet,12.854083,77.603528,2018-01-10,tss,55.0,55,False,mg/l,empri-2018
1459,BUBSBGkmn_kr1-1456,Kammanahalli Govt. Lake,Inlet,12.854083,77.603528,2018-01-10,turbidity,13.1,13.1,False,NTU,empri-2018
1459,BUBSBGkmn_kr1-1456,Kammanahalli Govt. Lake,Inlet,12.854083,77.603528,2018-01-10,dissolvedOxygen,6.9,6.9,False,mg/l,empri-2018
1459,BUBSBGkmn_kr1-1456,Kammanahalli Govt. Lake,Inlet,12.854083,77.603528,2018-01-10,cod,96.0,96,False,mg/l,empri-2018
1459,BUBSBGkmn_kr1-1456,Kammanahalli Govt. Lake,Inlet,12.854083,77.603528,2018-01-10,bod,5.42,5.42,False,mg/l,empri-2018
1459,BUBSBGkmn_kr1-1456,Kammanahalli Govt. Lake,Inlet,12.854083,77.603528,2018-01-10,totalPhosphate,0.2,0.2,False,mg/l,empri-2018
1459,BUBSBGkmn_kr1-1456,Kammanahalli Govt. Lake,Inlet,12.854083,77.603528,2018-01-10,tkn,8.4,8.4,False,mg/l,empri-2018
1459,BUBSBGkmn_kr1-1456,Kammanahalli Govt. Lake,Inlet,12.854083,77.603528,2018-01-10,totalColiform,1600.0,1600,False,MPN/100ml,empri-2018
1459,BUBSBGkmn_kr1-1456,Kammanahalli Govt. Lake,Inlet,12.854083,77.603528,2018-01-10,sewageInflow,,UM,False,cumecs,empri-2018
1459,BUBSBGkmn_kr1-1456,Kammanahalli Govt. Lake,Outlet,12.856889,77.604917,2018-01-10,waterTemperature,23.9,23.9,False,°C,empri-2018
1459,BUBSBGkmn_kr1-1456,Kammanahalli Govt. Lake,Outlet,12.856889,77.604917,2018-01-10,lightTransparency,17.0,17,False,cm,empri-2018
1459,BUBSBGkmn_kr1-1456,Kammanahalli Govt. Lake,Outlet,12.856889,77.604917,2018-01-10,ph,7.7,7.7,False,,empri-2018
1459,BUBSBGkmn_kr1-1456,Kammanahalli Govt. Lake,Outlet,12.856889,77.604917,2018-01-10,conductivity,610.0,610,False,µS/cm,empri-2018
1459,BUBSBGkmn_kr1-1456,Kammanahalli Govt. Lake,Outlet,12.856889,77.604917,2018-01-10,tds,432.0,432,False,mg/l,empri-2018
1459,BUBSBGkmn_kr1-1456,Kammanahalli Govt. Lake,Outlet,12.856889,77.604917,2018-01-10,tss,48.0,48,False,mg/l,empri-2018
1459,BUBSBGkmn_kr1-1456,Kammanahalli Govt. Lake,Outlet,12.856889,77.604917,2018-01-10,turbidity,8.5,8.5,False,NTU,empri-2018
1459,BUBSBGkmn_kr1-1456,Kammanahalli Govt. Lake,Outlet,12.856889,77.604917,2018-01-10,dissolvedOxygen,4.2,4.2,False,mg/l,empri-2018
1459,BUBSBGkmn_kr1-1456,Kammanahalli Govt. Lake,Outlet,12.856889,77.604917,2018-01-10,cod,80.0,80,False,mg/l,empri-2018
1459,BUBSBGkmn_kr1-1456,Kammanahalli Govt. Lake,Outlet,12.856889,77.604917,2018-01-10,bod,8.87,8.87,False,mg/l,empri-2018
1459,BUBSBGkmn_kr1-1456,Kammanahalli Govt. Lake,Outlet,12.856889,77.604917,2018-01-10,totalPhosphate,0.2,0.2,False,mg/l,empri-2018
1459,BUBSBGkmn_kr1-1456,Kammanahalli Govt. Lake,Outlet,12.856889,77.604917,2018-01-10,tkn,4.2,4.2,False,mg/l,empri-2018
1459,BUBSBGkmn_kr1-1456,Kammanahalli Govt. Lake,Outlet,12.856889,77.604917,2018-01-10,totalColiform,1600.0,>1600,False,MPN/100ml,empri-2018
1461,BUBSBGkmn_kr3-1458,Kammanahalli Lake,Inlet,12.848306,77.603,2018-01-10,waterTemperature,23.1,23.1,False,°C,empri-2018
1461,BUBSBGkmn_kr3-1458,Kammanahalli Lake,Inlet,12.848306,77.603,2018-01-10,lightTransparency,,UM,False,cm,empri-2018
1461,BUBSBGkmn_kr3-1458,Kammanahalli Lake,Inlet,12.848306,77.603,2018-01-10,ph,7.5,7.5,False,,empri-2018
1461,BUBSBGkmn_kr3-1458,Kammanahalli Lake,Inlet,12.848306,77.603,2018-01-10,conductivity,677.0,677,False,µS/cm,empri-2018
1461,BUBSBGkmn_kr3-1458,Kammanahalli Lake,Inlet,12.848306,77.603,2018-01-10,tds,462.0,462,False,mg/l,empri-2018
1461,BUBSBGkmn_kr3-1458,Kammanahalli Lake,Inlet,12.848306,77.603,2018-01-10,tss,33.0,33,False,mg/l,empri-2018
1461,BUBSBGkmn_kr3-1458,Kammanahalli Lake,Inlet,12.848306,77.603,2018-01-10,turbidity,5.8,5.8,False,NTU,empri-2018
1461,BUBSBGkmn_kr3-1458,Kammanahalli Lake,Inlet,12.848306,77.603,2018-01-10,dissolvedOxygen,1.1,1.1,False,mg/l,empri-2018
1461,BUBSBGkmn_kr3-1458,Kammanahalli Lake,Inlet,12.848306,77.603,2018-01-10,cod,48.0,48,False,mg/l,empri-2018
1461,BUBSBGkmn_kr3-1458,Kammanahalli Lake,Inlet,12.848306,77.603,2018-01-10,bod,10.25,10.25,False,mg/l,empri-2018
1461,BUBSBGkmn_kr3-1458,Kammanahalli Lake,Inlet,12.848306,77.603,2018-01-10,totalPhosphate,0.2,0.2,False,mg/l,empri-2018
1461,BUBSBGkmn_kr3-1458,Kammanahalli Lake,Inlet,12.848306,77.603,2018-01-10,tkn,12.6,12.6,False,mg/l,empri-2018
1461,BUBSBGkmn_kr3-1458,Kammanahalli Lake,Inlet,12.848306,77.603,2018-01-10,totalColiform,1600.0,1600,False,MPN/100ml,empri-2018
1461,BUBSBGkmn_kr3-1458,Kammanahalli Lake,Inlet,12.848306,77.603,2018-01-10,sewageInflow,,No Flow,False,cumecs,empri-2018
1461,BUBSBGkmn_kr3-1458,Kammanahalli Lake,Outlet,12.848972,77.604083,2018-01-10,waterTemperature,24.0,24,False,°C,empri-2018
1461,BUBSBGkmn_kr3-1458,Kammanahalli Lake,Outlet,12.848972,77.604083,2018-01-10,lightTransparency,15.0,15,False,cm,empri-2018
1461,BUBSBGkmn_kr3-1458,Kammanahalli Lake,Outlet,12.848972,77.604083,2018-01-10,ph,7.8,7.8,False,,empri-2018
1461,BUBSBGkmn_kr3-1458,Kammanahalli Lake,Outlet,12.848972,77.604083,2018-01-10,conductivity,671.0,671,False,µS/cm,empri-2018
1461,BUBSBGkmn_kr3-1458,Kammanahalli Lake,Outlet,12.848972,77.604083,2018-01-10,tds,458.0,458,False,mg/l,empri-2018
1461,BUBSBGkmn_kr3-1458,Kammanahalli Lake,Outlet,12.848972,77.604083,2018-01-10,tss,50.0,50,False,mg/l,empri-2018
1461,BUBSBGkmn_kr3-1458,Kammanahalli Lake,Outlet,12.848972,77.604083,2018-01-10,turbidity,35.2,35.2,False,NTU,empri-2018
1461,BUBSBGkmn_kr3-1458,Kammanahalli Lake,Outlet,12.848972,77.604083,2018-01-10,dissolvedOxygen,4.2,4.2,False,mg/l,empri-2018
1461,BUBSBGkmn_kr3-1458,Kammanahalli Lake,Outlet,12.848972,77.604083,2018-01-10,cod,48.0,48,False,mg/l,empri-2018
1461,BUBSBGkmn_kr3-1458,Kammanahalli Lake,Outlet,12.848972,77.604083,2018-01-10,bod,12.22,12.22,False,mg/l,empri-2018
1461,BUBSBGkmn_kr3-1458,Kammanahalli Lake,Outlet,12.848972,77.604083,2018-01-10,totalPhosphate,0.6,0.6,False,mg/l,empri-2018
1461,BUBSBGkmn_kr3-1458,Kammanahalli Lake,Outlet,12.848972,77.604083,2018-01-10,tkn,18.2,18.2,False,mg/l,empri-2018
1461,BUBSBGkmn_kr3-1458,Kammanahalli Lake,Outlet,12.848972,77.604083,2018-01-10,totalColiform,220.0,220,False,MPN/100ml,empri-2018
1463,BUBSBGkpa_kr1-1460,Konappana Agrahara lake,Inlet,12.85675,77.673194,2018-02-05,waterTemperature,21.1,21.1,False,°C,empri-2018
1463,BUBSBGkpa_kr1-1460,Konappana Agrahara lake,Inlet,12.85675,77.673194,2018-02-05,lightTransparency,,UM,False,cm,empri-2018
1463,BUBSBGkpa_kr1-1460,Konappana Agrahara lake,Inlet,12.85675,77.673194,2018-02-05,ph,7.0,7,False,,empri-2018
1463,BUBSBGkpa_kr1-1460,Konappana Agrahara lake,Inlet,12.85675,77.673194,2018-02-05,conductivity,2200.0,2200,False,µS/cm,empri-2018
1463,BUBSBGkpa_kr1-1460,Konappana Agrahara lake,Inlet,12.85675,77.673194,2018-02-05,tds,1580.0,1580,False,mg/l,empri-2018
1463,BUBSBGkpa_kr1-1460,Konappana Agrahara lake,Inlet,12.85675,77.673194,2018-02-05,tss,22.0,22,False,mg/l,empri-2018
1463,BUBSBGkpa_kr1-1460,Konappana Agrahara lake,Inlet,12.85675,77.673194,2018-02-05,turbidity,11.5,11.5,False,NTU,empri-2018
1463,BUBSBGkpa_kr1-1460,Konappana Agrahara lake,Inlet,12.85675,77.673194,2018-02-05,dissolvedOxygen,1.49,1.49,False,mg/l,empri-2018
1463,BUBSBGkpa_kr1-1460,Konappana Agrahara lake,Inlet,12.85675,77.673194,2018-02-05,cod,48.0,48,False,mg/l,empri-2018
1463,BUBSBGkpa_kr1-1460,Konappana Agrahara lake,Inlet,12.85675,77.673194,2018-02-05,bod,0.72,0.72,False,mg/l,empri-2018
1463,BUBSBGkpa_kr1-1460,Konappana Agrahara lake,Inlet,12.85675,77.673194,2018-02-05,totalPhosphate,3.6,3.6,False,mg/l,empri-2018
1463,BUBSBGkpa_kr1-1460,Konappana Agrahara lake,Inlet,12.85675,77.673194,2018-02-05,tkn,23.8,23.8,False,mg/l,empri-2018
1463,BUBSBGkpa_kr1-1460,Konappana Agrahara lake,Inlet,12.85675,77.673194,2018-02-05,totalColiform,1600.0,>1600,False,MPN/100ml,empri-2018
1463,BUBSBGkpa_kr1-1460,Konappana Agrahara lake,Inlet,12.85675,77.673194,2018-02-05,sewageInflow,,No Flow,False,cumecs,empri-2018
1463,BUBSBGkpa_kr1-1460,Konappana Agrahara lake,Outlet,12.858667,77.6715,2018-02-05,waterTemperature,30.1,30.1,False,°C,empri-2018
1463,BUBSBGkpa_kr1-1460,Konappana Agrahara lake,Outlet,12.858667,77.6715,2018-02-05,lightTransparency,,UM,False,cm,empri-2018
1463,BUBSBGkpa_kr1-1460,Konappana Agrahara lake,Outlet,12.858667,77.6715,2018-02-05,ph,7.1,7.1,False,,empri-2018
1463,BUBSBGkpa_kr1-1460,Konappana Agrahara lake,Outlet,12.858667,77.6715,2018-02-05,conductivity,1903.0,1903,False,µS/cm,empri-2018
1463,BUBSBGkpa_kr1-1460,Konappana Agrahara lake,Outlet,12.858667,77.6715,2018-02-05,tds,1290.0,1290,False,mg/l,empri-2018
1463,BUBSBGkpa_kr1-1460,Konappana Agrahara lake,Outlet,12.858667,77.6715,2018-02-05,tss,33.0,33,False,mg/l,empri-2018
1463,BUBSBGkpa_kr1-1460,Konappana Agrahara lake,Outlet,12.858667,77.6715,2018-02-05,turbidity,13.7,13.7,False,NTU,empri-2018
1463,BUBSBGkpa_kr1-1460,Konappana Agrahara lake,Outlet,12.858667,77.6715,2018-02-05,dissolvedOxygen,2.99,2.99,False,mg/l,empri-2018
1463,BUBSBGkpa_kr1-1460,Konappana Agrahara lake,Outlet,12.858667,77.6715,2018-02-05,cod,64.0,64,False,mg/l,empri-2018
1463,BUBSBGkpa_kr1-1460,Konappana Agrahara lake,Outlet,12.858667,77.6715,2018-02-05,bod,8.02,8.02,False,mg/l,empri-2018
1463,BUBSBGkpa_kr1-1460,Konappana Agrahara lake,Outlet,12.858667,77.6715,2018-02-05,totalPhosphate,2.0,2,False,mg/l,empri-2018
1463,BUBSBGkpa_kr1-1460,Konappana Agrahara lake,Outlet,12.858667,77.6715,2018-02-05,tkn,22.4,22.4,False,mg/l,empri-2018
1463,BUBSBGkpa_kr1-1460,Konappana Agrahara lake,Outlet,12.858667,77.6715,2018-02-05,totalColiform,1600.0,>1600,False,MPN/100ml,empri-2018
1476,BUBSBGmdw_kr1-1473,Madivala Kere,,12.912306,77.621194,2018-01-09,waterTemperature,22.5,22.5,False,°C,empri-2018
1476,BUBSBGmdw_kr1-1473,Madivala Kere,,12.912306,77.621194,2018-01-09,lightTransparency,3.0,3,False,cm,empri-2018
1476,BUBSBGmdw_kr1-1473,Madivala Kere,,12.912306,77.621194,2018-01-09,ph,7.3,7.3,False,,empri-2018
1476,BUBSBGmdw_kr1-1473,Madivala Kere,,12.912306,77.621194,2018-01-09,conductivity,572.0,572,False,µS/cm,empri-2018
1476,BUBSBGmdw_kr1-1473,Madivala Kere,,12.912306,77.621194,2018-01-09,tds,400.0,400,False,mg/l,empri-2018
1476,BUBSBGmdw_kr1-1473,Madivala Kere,,12.912306,77.621194,2018-01-09,tss,18.0,18,False,mg/l,empri-2018
1476,BUBSBGmdw_kr1-1473,Madivala Kere,,12.912306,77.621194,2018-01-09,turbidity,14.0,14,False,NTU,empri-2018
1476,BUBSBGmdw_kr1-1473,Madivala Kere,,12.912306,77.621194,2018-01-09,dissolvedOxygen,4.9,4.9,False,mg/l,empri-2018
1476,BUBSBGmdw_kr1-1473,Madivala Kere,,12.912306,77.621194,2018-01-09,cod,80.0,80,False,mg/l,empri-2018
1476,BUBSBGmdw_kr1-1473,Madivala Kere,,12.912306,77.621194,2018-01-09,bod,26.3,26.3,False,mg/l,empri-2018
1476,BUBSBGmdw_kr1-1473,Madivala Kere,,12.912306,77.621194,2018-01-09,totalPhosphate,2.0,2,False,mg/l,empri-2018
1476,BUBSBGmdw_kr1-1473,Madivala Kere,,12.912306,77.621194,2018-01-09,tkn,14.0,14,False,mg/l,empri-2018
1476,BUBSBGmdw_kr1-1473,Madivala Kere,,12.912306,77.621194,2018-01-09,totalColiform,1600.0,>1600,False,MPN/100ml,empri-2018
1477,BUBSBGmyl_kr1-1474,Mylasandra Buddagana katte,,12.855222,77.625667,2018-01-09,waterTemperature,25.0,25,False,°C,empri-2018
1477,BUBSBGmyl_kr1-1474,Mylasandra Buddagana katte,,12.855222,77.625667,2018-01-09,lightTransparency,100.0,100,False,cm,empri-2018
1477,BUBSBGmyl_kr1-1474,Mylasandra Buddagana katte,,12.855222,77.625667,2018-01-09,ph,8.5,8.5,False,,empri-2018
1477,BUBSBGmyl_kr1-1474,Mylasandra Buddagana katte,,12.855222,77.625667,2018-01-09,conductivity,411.0,411,False,µS/cm,empri-2018
1477,BUBSBGmyl_kr1-1474,Mylasandra Buddagana katte,,12.855222,77.625667,2018-01-09,tds,390.0,390,False,mg/l,empri-2018
1477,BUBSBGmyl_kr1-1474,Mylasandra Buddagana katte,,12.855222,77.625667,2018-01-09,tss,13.0,13,False,mg/l,empri-2018
1477,BUBSBGmyl_kr1-1474,Mylasandra Buddagana katte,,12.855222,77.625667,2018-01-09,turbidity,8.0,8,False,NTU,empri-2018
1477,BUBSBGmyl_kr1-1474,Mylasandra Buddagana katte,,12.855222,77.625667,2018-01-09,dissolvedOxygen,7.8,7.8,False,mg/l,empri-2018
1477,BUBSBGmyl_kr1-1474,Mylasandra Buddagana katte,,12.855222,77.625667,2018-01-09,cod,16.0,16,False,mg/l,empri-2018
1477,BUBSBGmyl_kr1-1474,Mylasandra Buddagana katte,,12.855222,77.625667,2018-01-09,bod,1.7,1.70,False,mg/l,empri-2018
1477,BUBSBGmyl_kr1-1474,Mylasandra Buddagana katte,,12.855222,77.625667,2018-01-09,totalPhosphate,0.1,0.1,False,mg/l,empri-2018
1477,BUBSBGmyl_kr1-1474,Mylasandra Buddagana katte,,12.855222,77.625667,2018-01-09,tkn,2.8,2.8,False,mg/l,empri-2018
1477,BUBSBGmyl_kr1-1474,Mylasandra Buddagana katte,,12.855222,77.625667,2018-01-09,totalColiform,2.0,<2,False,MPN/100ml,empri-2018
1478,BUBSBGmyl_kr2-1475,Mylasandra Urumundina kere,Inlet,12.848944,77.622833,2018-01-09,waterTemperature,24.5,24.5,False,°C,empri-2018
1478,BUBSBGmyl_kr2-1475,Mylasandra Urumundina kere,Inlet,12.848944,77.622833,2018-01-09,lightTransparency,,UM,False,cm,empri-2018
1478,BUBSBGmyl_kr2-1475,Mylasandra Urumundina kere,Inlet,12.848944,77.622833,2018-01-09,ph,8.2,8.2,False,,empri-2018
1478,BUBSBGmyl_kr2-1475,Mylasandra Urumundina kere,Inlet,12.848944,77.622833,2018-01-09,conductivity,352.0,352,False,µS/cm,empri-2018
1478,BUBSBGmyl_kr2-1475,Mylasandra Urumundina kere,Inlet,12.848944,77.622833,2018-01-09,tds,278.0,278,False,mg/l,empri-2018
1478,BUBSBGmyl_kr2-1475,Mylasandra Urumundina kere,Inlet,12.848944,77.622833,2018-01-09,tss,14.0,14,False,mg/l,empri-2018
1478,BUBSBGmyl_kr2-1475,Mylasandra Urumundina kere,Inlet,12.848944,77.622833,2018-01-09,turbidity,9.2,9.2,False,NTU,empri-2018
1478,BUBSBGmyl_kr2-1475,Mylasandra Urumundina kere,Inlet,12.848944,77.622833,2018-01-09,dissolvedOxygen,6.7,6.7,False,mg/l,empri-2018
1478,BUBSBGmyl_kr2-1475,Mylasandra Urumundina kere,Inlet,12.848944,77.622833,2018-01-09,cod,16.0,16,False,mg/l,empri-2018
1478,BUBSBGmyl_kr2-1475,Mylasandra Urumundina kere,Inlet,12.848944,77.622833,2018-01-09,bod,3.4,3.40,False,mg/l,empri-2018
1478,BUBSBGmyl_kr2-1475,Mylasandra Urumundina kere,Inlet,12.848944,77.622833,2018-01-09,totalPhosphate,0.1,0.1,False,mg/l,empri-2018
1478,BUBSBGmyl_kr2-1475,Mylasandra Urumundina kere,Inlet,12.848944,77.622833,2018-01-09,tkn,7.0,7,False,mg/l,empri-2018
1478,BUBSBGmyl_kr2-1475,Mylasandra Urumundina kere,Inlet,12.848944,77.622833,2018-01-09,totalColiform,1600.0,>1600,False,MPN/100ml,empri-2018
1478,BUBSBGmyl_kr2-1475,Mylasandra Urumundina kere,Inlet,12.848944,77.622833,2018-01-09,sewageInflow,,No Flow,False,cumecs,empri-2018
1478,BUBSBGmyl_kr2-1475,Mylasandra Urumundina kere,Outlet,12.849972,77.623083,2018-01-09,waterTemperature,24.1,24.1,False,°C,empri-2018
1478,BUBSBGmyl_kr2-1475,Mylasandra Urumundina kere,Outlet,12.849972,77.623083,2018-01-09,lightTransparency,16.0,16,False,cm,empri-2018
1478,BUBSBGmyl_kr2-1475,Mylasandra Urumundina kere,Outlet,12.849972,77.623083,2018-01-09,ph,8.3,8.3,False,,empri-2018
1478,BUBSBGmyl_kr2-1475,Mylasandra Urumundina kere,Outlet,12.849972,77.623083,2018-01-09,conductivity,352.0,352,False,µS/cm,empri-2018
1478,BUBSBGmyl_kr2-1475,Mylasandra Urumundina kere,Outlet,12.849972,77.623083,2018-01-09,tds,316.0,316,False,mg/l,empri-2018
1478,BUBSBGmyl_kr2-1475,Mylasandra Urumundina kere,Outlet,12.849972,77.623083,2018-01-09,tss,18.0,18,False,mg/l,empri-2018
1478,BUBSBGmyl_kr2-1475,Mylasandra Urumundina kere,Outlet,12.849972,77.623083,2018-01-09,turbidity,10.3,10.3,False,NTU,empri-2018
1478,BUBSBGmyl_kr2-1475,Mylasandra Urumundina kere,Outlet,12.849972,77.623083,2018-01-09,dissolvedOxygen,5.9,5.9,False,mg/l,empri-2018
1478,BUBSBGmyl_kr2-1475,Mylasandra Urumundina kere,Outlet,12.849972,77.623083,2018-01-09,cod,16.0,16,False,mg/l,empri-2018
1478,BUBSBGmyl_kr2-1475,Mylasandra Urumundina kere,Outlet,12.849972,77.623083,2018-01-09,bod,0.9,0.90,False,mg/l,empri-2018
1478,BUBSBGmyl_kr2-1475,Mylasandra Urumundina kere,Outlet,12.849972,77.623083,2018-01-09,totalPhosphate,2.8,2.8,False,mg/l,empri-2018
1478,BUBSBGmyl_kr2-1475,Mylasandra Urumundina kere,Outlet,12.849972,77.623083,2018-01-09,tkn,14.0,14,False,mg/l,empri-2018
1478,BUBSBGmyl_kr2-1475,Mylasandra Urumundina kere,Outlet,12.849972,77.623083,2018-01-09,totalColiform,300.0,300,False,MPN/100ml,empri-2018
1479,BUBSBGmyl_kr3-1476,Sullu Kunte Kere,Inlet,12.844528,77.6225,2018-01-09,waterTemperature,24.2,24.2,False,°C,empri-2018
1479,BUBSBGmyl_kr3-1476,Sullu Kunte Kere,Inlet,12.844528,77.6225,2018-01-09,lightTransparency,13.0,13,False,cm,empri-2018
1479,BUBSBGmyl_kr3-1476,Sullu Kunte Kere,Inlet,12.844528,77.6225,2018-01-09,ph,8.1,8.1,False,,empri-2018
1479,BUBSBGmyl_kr3-1476,Sullu Kunte Kere,Inlet,12.844528,77.6225,2018-01-09,conductivity,212.0,212,False,µS/cm,empri-2018
1479,BUBSBGmyl_kr3-1476,Sullu Kunte Kere,Inlet,12.844528,77.6225,2018-01-09,tds,190.0,190,False,mg/l,empri-2018
1479,BUBSBGmyl_kr3-1476,Sullu Kunte Kere,Inlet,12.844528,77.6225,2018-01-09,tss,26.0,26,False,mg/l,empri-2018
1479,BUBSBGmyl_kr3-1476,Sullu Kunte Kere,Inlet,12.844528,77.6225,2018-01-09,turbidity,45.7,45.7,False,NTU,empri-2018
1479,BUBSBGmyl_kr3-1476,Sullu Kunte Kere,Inlet,12.844528,77.6225,2018-01-09,dissolvedOxygen,7.0,7,False,mg/l,empri-2018
1479,BUBSBGmyl_kr3-1476,Sullu Kunte Kere,Inlet,12.844528,77.6225,2018-01-09,cod,16.0,16,False,mg/l,empri-2018
1479,BUBSBGmyl_kr3-1476,Sullu Kunte Kere,Inlet,12.844528,77.6225,2018-01-09,bod,0.18,0.18,False,mg/l,empri-2018
1479,BUBSBGmyl_kr3-1476,Sullu Kunte Kere,Inlet,12.844528,77.6225,2018-01-09,totalPhosphate,0.6,0.6,False,mg/l,empri-2018
1479,BUBSBGmyl_kr3-1476,Sullu Kunte Kere,Inlet,12.844528,77.6225,2018-01-09,tkn,21.0,21,False,mg/l,empri-2018
1479,BUBSBGmyl_kr3-1476,Sullu Kunte Kere,Inlet,12.844528,77.6225,2018-01-09,totalColiform,30.0,30,False,MPN/100ml,empri-2018
1479,BUBSBGmyl_kr3-1476,Sullu Kunte Kere,Inlet,12.844528,77.6225,2018-01-09,sewageInflow,,No Flow,False,cumecs,empri-2018
1479,BUBSBGmyl_kr3-1476,Sullu Kunte Kere,Outlet,12.846056,77.622472,2018-01-09,waterTemperature,25.5,25.5,False,°C,empri-2018
1479,BUBSBGmyl_kr3-1476,Sullu Kunte Kere,Outlet,12.846056,77.622472,2018-01-09,lightTransparency,14.0,14,False,cm,empri-2018
1479,BUBSBGmyl_kr3-1476,Sullu Kunte Kere,Outlet,12.846056,77.622472,2018-01-09,ph,8.2,8.2,False,,empri-2018
1479,BUBSBGmyl_kr3-1476,Sullu Kunte Kere,Outlet,12.846056,77.622472,2018-01-09,conductivity,226.0,226,False,µS/cm,empri-2018
1479,BUBSBGmyl_kr3-1476,Sullu Kunte Kere,Outlet,12.846056,77.622472,2018-01-09,tds,194.0,194,False,mg/l,empri-2018
1479,BUBSBGmyl_kr3-1476,Sullu Kunte Kere,Outlet,12.846056,77.622472,2018-01-09,tss,32.0,32,False,mg/l,empri-2018
1479,BUBSBGmyl_kr3-1476,Sullu Kunte Kere,Outlet,12.846056,77.622472,2018-01-09,turbidity,54.0,54,False,NTU,empri-2018
1479,BUBSBGmyl_kr3-1476,Sullu Kunte Kere,Outlet,12.846056,77.622472,2018-01-09,dissolvedOxygen,7.4,7.4,False,mg/l,empri-2018
1479,BUBSBGmyl_kr3-1476,Sullu Kunte Kere,Outlet,12.846056,77.622472,2018-01-09,cod,16.0,16,False,mg/l,empri-2018
1479,BUBSBGmyl_kr3-1476,Sullu Kunte Kere,Outlet,12.846056,77.622472,2018-01-09,bod,0.18,0.18,False,mg/l,empri-2018
1479,BUBSBGmyl_kr3-1476,Sullu Kunte Kere,Outlet,12.846056,77.622472,2018-01-09,totalPhosphate,0.2,0.2,False,mg/l,empri-2018
1479,BUBSBGmyl_kr3-1476,Sullu Kunte Kere,Outlet,12.846056,77.622472,2018-01-09,tkn,5.6,5.6,False,mg/l,empri-2018
1479,BUBSBGmyl_kr3-1476,Sullu Kunte Kere,Outlet,12.846056,77.622472,2018-01-09,totalColiform,140.0,140,False,MPN/100ml,empri-2018
1481,BUBSBGmyl_kr5-1478,Mylasandra Hosakere,,12.848528,77.614083,2018-01-09,waterTemperature,26.0,26,False,°C,empri-2018
1481,BUBSBGmyl_kr5-1478,Mylasandra Hosakere,,12.848528,77.614083,2018-01-09,lightTransparency,22.0,22,False,cm,empri-2018
1481,BUBSBGmyl_kr5-1478,Mylasandra Hosakere,,12.848528,77.614083,2018-01-09,ph,7.8,7.8,False,,empri-2018
1481,BUBSBGmyl_kr5-1478,Mylasandra Hosakere,,12.848528,77.614083,2018-01-09,conductivity,215.0,215,False,µS/cm,empri-2018
1481,BUBSBGmyl_kr5-1478,Mylasandra Hosakere,,12.848528,77.614083,2018-01-09,tds,168.0,168,False,mg/l,empri-2018
1481,BUBSBGmyl_kr5-1478,Mylasandra Hosakere,,12.848528,77.614083,2018-01-09,tss,12.0,12,False,mg/l,empri-2018
1481,BUBSBGmyl_kr5-1478,Mylasandra Hosakere,,12.848528,77.614083,2018-01-09,turbidity,10.0,10,False,NTU,empri-2018
1481,BUBSBGmyl_kr5-1478,Mylasandra Hosakere,,12.848528,77.614083,2018-01-09,dissolvedOxygen,7.4,7.4,False,mg/l,empri-2018
1481,BUBSBGmyl_kr5-1478,Mylasandra Hosakere,,12.848528,77.614083,2018-01-09,cod,16.0,16,False,mg/l,empri-2018
1481,BUBSBGmyl_kr5-1478,Mylasandra Hosakere,,12.848528,77.614083,2018-01-09,bod,1.61,1.61,False,mg/l,empri-2018
1481,BUBSBGmyl_kr5-1478,Mylasandra Hosakere,,12.848528,77.614083,2018-01-09,totalPhosphate,0.2,0.2,False,mg/l,empri-2018
1481,BUBSBGmyl_kr5-1478,Mylasandra Hosakere,,12.848528,77.614083,2018-01-09,tkn,11.2,11.2,False,mg/l,empri-2018
1481,BUBSBGmyl_kr5-1478,Mylasandra Hosakere,,12.848528,77.614083,2018-01-09,totalColiform,70.0,70,False,MPN/100ml,empri-2018
1482,BUBSBGmyl_kr6-1479,Mylasandra Govt. Lake,Inlet,12.854917,77.6175,2018-01-09,waterTemperature,26.7,26.7,False,°C,empri-2018
1482,BUBSBGmyl_kr6-1479,Mylasandra Govt. Lake,Inlet,12.854917,77.6175,2018-01-09,lightTransparency,12.0,12,False,cm,empri-2018
1482,BUBSBGmyl_kr6-1479,Mylasandra Govt. Lake,Inlet,12.854917,77.6175,2018-01-09,ph,7.8,7.8,False,,empri-2018
1482,BUBSBGmyl_kr6-1479,Mylasandra Govt. Lake,Inlet,12.854917,77.6175,2018-01-09,conductivity,240.0,240,False,µS/cm,empri-2018
1482,BUBSBGmyl_kr6-1479,Mylasandra Govt. Lake,Inlet,12.854917,77.6175,2018-01-09,tds,168.0,168,False,mg/l,empri-2018
1482,BUBSBGmyl_kr6-1479,Mylasandra Govt. Lake,Inlet,12.854917,77.6175,2018-01-09,tss,18.0,18,False,mg/l,empri-2018
1482,BUBSBGmyl_kr6-1479,Mylasandra Govt. Lake,Inlet,12.854917,77.6175,2018-01-09,turbidity,15.1,15.1,False,NTU,empri-2018
1482,BUBSBGmyl_kr6-1479,Mylasandra Govt. Lake,Inlet,12.854917,77.6175,2018-01-09,dissolvedOxygen,5.3,5.3,False,mg/l,empri-2018
1482,BUBSBGmyl_kr6-1479,Mylasandra Govt. Lake,Inlet,12.854917,77.6175,2018-01-09,cod,16.0,16,False,mg/l,empri-2018
1482,BUBSBGmyl_kr6-1479,Mylasandra Govt. Lake,Inlet,12.854917,77.6175,2018-01-09,bod,0.4,0.40,False,mg/l,empri-2018
1482,BUBSBGmyl_kr6-1479,Mylasandra Govt. Lake,Inlet,12.854917,77.6175,2018-01-09,totalPhosphate,0.2,0.2,False,mg/l,empri-2018
1482,BUBSBGmyl_kr6-1479,Mylasandra Govt. Lake,Inlet,12.854917,77.6175,2018-01-09,tkn,8.4,8.4,False,mg/l,empri-2018
1482,BUBSBGmyl_kr6-1479,Mylasandra Govt. Lake,Inlet,12.854917,77.6175,2018-01-09,totalColiform,80.0,80,False,MPN/100ml,empri-2018
1482,BUBSBGmyl_kr6-1479,Mylasandra Govt. Lake,Inlet,12.854917,77.6175,2018-01-09,sewageInflow,,No Flow,False,cumecs,empri-2018
1482,BUBSBGmyl_kr6-1479,Mylasandra Govt. Lake,Outlet,12.853028,77.618056,2018-01-09,waterTemperature,24.2,24.2,False,°C,empri-2018
1482,BUBSBGmyl_kr6-1479,Mylasandra Govt. Lake,Outlet,12.853028,77.618056,2018-01-09,lightTransparency,15.0,15,False,cm,empri-2018
1482,BUBSBGmyl_kr6-1479,Mylasandra Govt. Lake,Outlet,12.853028,77.618056,2018-01-09,ph,8.3,8.3,False,,empri-2018
1482,BUBSBGmyl_kr6-1479,Mylasandra Govt. Lake,Outlet,12.853028,77.618056,2018-01-09,conductivity,124.0,124,False,µS/cm,empri-2018
1482,BUBSBGmyl_kr6-1479,Mylasandra Govt. Lake,Outlet,12.853028,77.618056,2018-01-09,tds,106.0,106,False,mg/l,empri-2018
1482,BUBSBGmyl_kr6-1479,Mylasandra Govt. Lake,Outlet,12.853028,77.618056,2018-01-09,tss,29.0,29,False,mg/l,empri-2018
1482,BUBSBGmyl_kr6-1479,Mylasandra Govt. Lake,Outlet,12.853028,77.618056,2018-01-09,turbidity,16.8,16.8,False,NTU,empri-2018
1482,BUBSBGmyl_kr6-1479,Mylasandra Govt. Lake,Outlet,12.853028,77.618056,2018-01-09,dissolvedOxygen,7.4,7.4,False,mg/l,empri-2018
1482,BUBSBGmyl_kr6-1479,Mylasandra Govt. Lake,Outlet,12.853028,77.618056,2018-01-09,cod,32.0,32,False,mg/l,empri-2018
1482,BUBSBGmyl_kr6-1479,Mylasandra Govt. Lake,Outlet,12.853028,77.618056,2018-01-09,bod,3.1,3.10,False,mg/l,empri-2018
1482,BUBSBGmyl_kr6-1479,Mylasandra Govt. Lake,Outlet,12.853028,77.618056,2018-01-09,totalPhosphate,0.1,0.1,False,mg/l,empri-2018
1482,BUBSBGmyl_kr6-1479,Mylasandra Govt. Lake,Outlet,12.853028,77.618056,2018-01-09,tkn,4.9,4.9,False,mg/l,empri-2018
1482,BUBSBGmyl_kr6-1479,Mylasandra Govt. Lake,Outlet,12.853028,77.618056,2018-01-09,totalColiform,23.0,23,False,MPN/100ml,empri-2018
1484,BUBSBGngp_kr1-1481,Naganathapura kere,,12.878361,77.669139,2018-02-05,waterTemperature,23.5,23.5,False,°C,empri-2018
1484,BUBSBGngp_kr1-1481,Naganathapura kere,,12.878361,77.669139,2018-02-05,lightTransparency,9.0,9,False,cm,empri-2018
1484,BUBSBGngp_kr1-1481,Naganathapura kere,,12.878361,77.669139,2018-02-05,ph,7.8,7.8,False,,empri-2018
1484,BUBSBGngp_kr1-1481,Naganathapura kere,,12.878361,77.669139,2018-02-05,conductivity,1699.0,1699,False,µS/cm,empri-2018
1484,BUBSBGngp_kr1-1481,Naganathapura kere,,12.878361,77.669139,2018-02-05,tds,1062.0,1062,False,mg/l,empri-2018
1484,BUBSBGngp_kr1-1481,Naganathapura kere,,12.878361,77.669139,2018-02-05,tss,42.0,42,False,mg/l,empri-2018
1484,BUBSBGngp_kr1-1481,Naganathapura kere,,12.878361,77.669139,2018-02-05,turbidity,33.6,33.6,False,NTU,empri-2018
1484,BUBSBGngp_kr1-1481,Naganathapura kere,,12.878361,77.669139,2018-02-05,dissolvedOxygen,9.15,9.15,False,mg/l,empri-2018
1484,BUBSBGngp_kr1-1481,Naganathapura kere,,12.878361,77.669139,2018-02-05,cod,144.0,144,False,mg/l,empri-2018
1484,BUBSBGngp_kr1-1481,Naganathapura kere,,12.878361,77.669139,2018-02-05,bod,11.59,11.59,False,mg/l,empri-2018
1484,BUBSBGngp_kr1-1481,Naganathapura kere,,12.878361,77.669139,2018-02-05,totalPhosphate,2.2,2.2,False,mg/l,empri-2018
1484,BUBSBGngp_kr1-1481,Naganathapura kere,,12.878361,77.669139,2018-02-05,tkn,56.0,56,False,mg/l,empri-2018
1484,BUBSBGngp_kr1-1481,Naganathapura kere,,12.878361,77.669139,2018-02-05,totalColiform,900.0,900,False,MPN/100ml,empri-2018
1492,BUBSBGppa_kr2-1489,Parapana Agahara Lake,Inlet,12.878139,77.6605,2018-02-05,waterTemperature,23.4,23.4,False,°C,empri-2018
1492,BUBSBGppa_kr2-1489,Parapana Agahara Lake,Inlet,12.878139,77.6605,2018-02-05,lightTransparency,,UM,False,cm,empri-2018
1492,BUBSBGppa_kr2-1489,Parapana Agahara Lake,Inlet,12.878139,77.6605,2018-02-05,ph,7.4,7.4,False,,empri-2018
1492,BUBSBGppa_kr2-1489,Parapana Agahara Lake,Inlet,12.878139,77.6605,2018-02-05,conductivity,608.0,608,False,µS/cm,empri-2018
1492,BUBSBGppa_kr2-1489,Parapana Agahara Lake,Inlet,12.878139,77.6605,2018-02-05,tds,556.0,556,False,mg/l,empri-2018
1492,BUBSBGppa_kr2-1489,Parapana Agahara Lake,Inlet,12.878139,77.6605,2018-02-05,tss,3.0,3,False,mg/l,empri-2018
1492,BUBSBGppa_kr2-1489,Parapana Agahara Lake,Inlet,12.878139,77.6605,2018-02-05,turbidity,7.2,7.2,False,NTU,empri-2018
1492,BUBSBGppa_kr2-1489,Parapana Agahara Lake,Inlet,12.878139,77.6605,2018-02-05,dissolvedOxygen,3.92,3.92,False,mg/l,empri-2018
1492,BUBSBGppa_kr2-1489,Parapana Agahara Lake,Inlet,12.878139,77.6605,2018-02-05,cod,32.0,32,False,mg/l,empri-2018
1492,BUBSBGppa_kr2-1489,Parapana Agahara Lake,Inlet,12.878139,77.6605,2018-02-05,bod,0.55,0.55,False,mg/l,empri-2018
1492,BUBSBGppa_kr2-1489,Parapana Agahara Lake,Inlet,12.878139,77.6605,2018-02-05,totalPhosphate,1.8,1.8,False,mg/l,empri-2018
1492,BUBSBGppa_kr2-1489,Parapana Agahara Lake,Inlet,12.878139,77.6605,2018-02-05,tkn,12.6,12.6,False,mg/l,empri-2018
1492,BUBSBGppa_kr2-1489,Parapana Agahara Lake,Inlet,12.878139,77.6605,2018-02-05,totalColiform,1600.0,>1600,False,MPN/100ml,empri-2018
1492,BUBSBGppa_kr2-1489,Parapana Agahara Lake,Inlet,12.878139,77.6605,2018-02-05,sewageInflow,,No Flow,False,cumecs,empri-2018
1492,BUBSBGppa_kr2-1489,Parapana Agahara Lake,Outlet,12.879528,77.662667,2018-02-05,waterTemperature,22.8,22.8,False,°C,empri-2018
1492,BUBSBGppa_kr2-1489,Parapana Agahara Lake,Outlet,12.879528,77.662667,2018-02-05,lightTransparency,22.0,22,False,cm,empri-2018
1492,BUBSBGppa_kr2-1489,Parapana Agahara Lake,Outlet,12.879528,77.662667,2018-02-05,ph,7.5,7.5,False,,empri-2018
1492,BUBSBGppa_kr2-1489,Parapana Agahara Lake,Outlet,12.879528,77.662667,2018-02-05,conductivity,583.0,583,False,µS/cm,empri-2018
1492,BUBSBGppa_kr2-1489,Parapana Agahara Lake,Outlet,12.879528,77.662667,2018-02-05,tds,350.0,350,False,mg/l,empri-2018
1492,BUBSBGppa_kr2-1489,Parapana Agahara Lake,Outlet,12.879528,77.662667,2018-02-05,tss,15.0,15,False,mg/l,empri-2018
1492,BUBSBGppa_kr2-1489,Parapana Agahara Lake,Outlet,12.879528,77.662667,2018-02-05,turbidity,20.3,20.3,False,NTU,empri-2018
1492,BUBSBGppa_kr2-1489,Parapana Agahara Lake,Outlet,12.879528,77.662667,2018-02-05,dissolvedOxygen,5.6,5.6,False,mg/l,empri-2018
1492,BUBSBGppa_kr2-1489,Parapana Agahara Lake,Outlet,12.879528,77.662667,2018-02-05,cod,32.0,32,False,mg/l,empri-2018
1492,BUBSBGppa_kr2-1489,Parapana Agahara Lake,Outlet,12.879528,77.662667,2018-02-05,bod,9.93,9.93,False,mg/l,empri-2018
1492,BUBSBGppa_kr2-1489,Parapana Agahara Lake,Outlet,12.879528,77.662667,2018-02-05,totalPhosphate,1.1,1.1,False,mg/l,empri-2018
1492,BUBSBGppa_kr2-1489,Parapana Agahara Lake,Outlet,12.879528,77.662667,2018-02-05,tkn,16.8,16.8,False,mg/l,empri-2018
1492,BUBSBGppa_kr2-1489,Parapana Agahara Lake,Outlet,12.879528,77.662667,2018-02-05,totalColiform,1600.0,>1600,False,MPN/100ml,empri-2018
1500,BUBSBGsgs_kr2-1497,Govt. Jungu Kere,,12.862278,77.644639,2018-02-05,waterTemperature,23.0,23,False,°C,empri-2018
1500,BUBSBGsgs_kr2-1497,Govt. Jungu Kere,,12.862278,77.644639,2018-02-05,lightTransparency,7.0,7,False,cm,empri-2018
1500,BUBSBGsgs_kr2-1497,Govt. Jungu Kere,,12.862278,77.644639,2018-02-05,ph,8.1,8.1,False,,empri-2018
1500,BUBSBGsgs_kr2-1497,Govt. Jungu Kere,,12.862278,77.644639,2018-02-05,conductivity,502.0,502,False,µS/cm,empri-2018
1500,BUBSBGsgs_kr2-1497,Govt. Jungu Kere,,12.862278,77.644639,2018-02-05,tds,460.0,460,False,mg/l,empri-2018
1500,BUBSBGsgs_kr2-1497,Govt. Jungu Kere,,12.862278,77.644639,2018-02-05,tss,6.0,6,False,mg/l,empri-2018
1500,BUBSBGsgs_kr2-1497,Govt. Jungu Kere,,12.862278,77.644639,2018-02-05,turbidity,88.0,88,False,NTU,empri-2018
1500,BUBSBGsgs_kr2-1497,Govt. Jungu Kere,,12.862278,77.644639,2018-02-05,dissolvedOxygen,5.2,5.2,False,mg/l,empri-2018
1500,BUBSBGsgs_kr2-1497,Govt. Jungu Kere,,12.862278,77.644639,2018-02-05,cod,240.0,240,False,mg/l,empri-2018
1500,BUBSBGsgs_kr2-1497,Govt. Jungu Kere,,12.862278,77.644639,2018-02-05,bod,31.0,31,False,mg/l,empri-2018
1500,BUBSBGsgs_kr2-1497,Govt. Jungu Kere,,12.862278,77.644639,2018-02-05,totalPhosphate,2.0,2,False,mg/l,empri-2018
1500,BUBSBGsgs_kr2-1497,Govt. Jungu Kere,,12.862278,77.644639,2018-02-05,tkn,25.0,25,False,mg/l,empri-2018
1500,BUBSBGsgs_kr2-1497,Govt. Jungu Kere,,12.862278,77.644639,2018-02-05,totalColiform,1600.0,>1600,False,MPN/100ml,empri-2018
1510,BUBSBGvkk_kr1-1507,Agara kere,,12.923389,77.640278,2018-01-09,waterTemperature,23.2,23.2,False,°C,empri-2018
1510,BUBSBGvkk_kr1-1507,Agara kere,,12.923389,77.640278,2018-01-09,lightTransparency,55.0,55,False,cm,empri-2018
1510,BUBSBGvkk_kr1-1507,Agara kere,,12.923389,77.640278,2018-01-09,ph,7.3,7.3,False,,empri-2018
1510,BUBSBGvkk_kr1-1507,Agara kere,,12.923389,77.640278,2018-01-09,conductivity,926.0,926,False,µS/cm,empri-2018
1510,BUBSBGvkk_kr1-1507,Agara kere,,12.923389,77.640278,2018-01-09,tds,660.0,660,False,mg/l,empri-2018
1510,BUBSBGvkk_kr1-1507,Agara kere,,12.923389,77.640278,2018-01-09,tss,14.0,14,False,mg/l,empri-2018
1510,BUBSBGvkk_kr1-1507,Agara kere,,12.923389,77.640278,2018-01-09,turbidity,9.0,9,False,NTU,empri-2018
1510,BUBSBGvkk_kr1-1507,Agara kere,,12.923389,77.640278,2018-01-09,dissolvedOxygen,4.4,4.4,False,mg/l,empri-2018
1510,BUBSBGvkk_kr1-1507,Agara kere,,12.923389,77.640278,2018-01-09,cod,32.0,32,False,mg/l,empri-2018
1510,BUBSBGvkk_kr1-1507,Agara kere,,12.923389,77.640278,2018-01-09,bod,6.0,6,False,mg/l,empri-2018
1510,BUBSBGvkk_kr1-1507,Agara kere,,12.923389,77.640278,2018-01-09,totalPhosphate,2.0,2,False,mg/l,empri-2018
1510,BUBSBGvkk_kr1-1507,Agara kere,,12.923389,77.640278,2018-01-09,tkn,25.0,25,False,mg/l,empri-2018
1510,BUBSBGvkk_kr1-1507,Agara kere,,12.923389,77.640278,2018-01-09,totalColiform,1600.0,>1600,False,MPN/100ml,empri-2018
1513,BUBSBGvts_kr3-1510,Vitasandra Govt. Lake,Inlet,12.851778,77.633083,2018-01-09,waterTemperature,21.8,21.8,False,°C,empri-2018
1513,BUBSBGvts_kr3-1510,Vitasandra Govt. Lake,Inlet,12.851778,77.633083,2018-01-09,lightTransparency,9.0,9,False,cm,empri-2018
1513,BUBSBGvts_kr3-1510,Vitasandra Govt. Lake,Inlet,12.851778,77.633083,2018-01-09,ph,8.6,8.6,False,,empri-2018
1513,BUBSBGvts_kr3-1510,Vitasandra Govt. Lake,Inlet,12.851778,77.633083,2018-01-09,conductivity,977.0,977,False,µS/cm,empri-2018
1513,BUBSBGvts_kr3-1510,Vitasandra Govt. Lake,Inlet,12.851778,77.633083,2018-01-09,tds,744.0,744,False,mg/l,empri-2018
1513,BUBSBGvts_kr3-1510,Vitasandra Govt. Lake,Inlet,12.851778,77.633083,2018-01-09,tss,90.0,90,False,mg/l,empri-2018
1513,BUBSBGvts_kr3-1510,Vitasandra Govt. Lake,Inlet,12.851778,77.633083,2018-01-09,turbidity,39.0,39,False,NTU,empri-2018
1513,BUBSBGvts_kr3-1510,Vitasandra Govt. Lake,Inlet,12.851778,77.633083,2018-01-09,dissolvedOxygen,4.4,4.4,False,mg/l,empri-2018
1513,BUBSBGvts_kr3-1510,Vitasandra Govt. Lake,Inlet,12.851778,77.633083,2018-01-09,cod,144.0,144,False,mg/l,empri-2018
1513,BUBSBGvts_kr3-1510,Vitasandra Govt. Lake,Inlet,12.851778,77.633083,2018-01-09,bod,1.97,1.97,False,mg/l,empri-2018
1513,BUBSBGvts_kr3-1510,Vitasandra Govt. Lake,Inlet,12.851778,77.633083,2018-01-09,totalPhosphate,3.0,3,False,mg/l,empri-2018
1513,BUBSBGvts_kr3-1510,Vitasandra Govt. Lake,Inlet,12.851778,77.633083,2018-01-09,tkn,12.6,12.6,False,mg/l,empri-2018
1513,BUBSBGvts_kr3-1510,Vitasandra Govt. Lake,Inlet,12.851778,77.633083,2018-01-09,totalColiform,1600.0,>1600,False,MPN/100ml,empri-2018
1513,BUBSBGvts_kr3-1510,Vitasandra Govt. Lake,Inlet,12.851778,77.633083,2018-01-09,sewageInflow,,No Flow,False,cumecs,empri-2018
1513,BUBSBGvts_kr3-1510,Vitasandra Govt. Lake,Outlet,12.8535,77.632028,2018-01-09,waterTemperature,21.5,21.5,False,°C,empri-2018
1513,BUBSBGvts_kr3-1510,Vitasandra Govt. Lake,Outlet,12.8535,77.632028,2018-01-09,lightTransparency,,UM,False,cm,empri-2018
1513,BUBSBGvts_kr3-1510,Vitasandra Govt. Lake,Outlet,12.8535,77.632028,2018-01-09,ph,8.3,8.3,False,,empri-2018
1513,BUBSBGvts_kr3-1510,Vitasandra Govt. Lake,Outlet,12.8535,77.632028,2018-01-09,conductivity,989.0,989,False,µS/cm,empri-2018
1513,BUBSBGvts_kr3-1510,Vitasandra Govt. Lake,Outlet,12.8535,77.632028,2018-01-09,tds,738.0,738,False,mg/l,empri-2018
1513,BUBSBGvts_kr3-1510,Vitasandra Govt. Lake,Outlet,12.8535,77.632028,2018-01-09,tss,69.0,69,False,mg/l,empri-2018
1513,BUBSBGvts_kr3-1510,Vitasandra Govt. Lake,Outlet,12.8535,77.632028,2018-01-09,turbidity,27.0,27,False,NTU,empri-2018
1513,BUBSBGvts_kr3-1510,Vitasandra Govt. Lake,Outlet,12.8535,77.632028,2018-01-09,dissolvedOxygen,0.6,0.6,False,mg/l,empri-2018
1513,BUBSBGvts_kr3-1510,Vitasandra Govt. Lake,Outlet,12.8535,77.632028,2018-01-09,cod,112.0,112,False,mg/l,empri-2018
1513,BUBSBGvts_kr3-1510,Vitasandra Govt. Lake,Outlet,12.8535,77.632028,2018-01-09,bod,18.0,18.00,False,mg/l,empri-2018
1513,BUBSBGvts_kr3-1510,Vitasandra Govt. Lake,Outlet,12.8535,77.632028,2018-01-09,totalPhosphate,2.4,2.4,False,mg/l,empri-2018
1513,BUBSBGvts_kr3-1510,Vitasandra Govt. Lake,Outlet,12.8535,77.632028,2018-01-09,tkn,21.0,21,False,mg/l,empri-2018
1513,BUBSBGvts_kr3-1510,Vitasandra Govt. Lake,Outlet,12.8535,77.632028,2018-01-09,totalColiform,1600.0,>1600,False,MPN/100ml,empri-2018
1518,BUBSBGyln_kr2-1515,Yelenahalli Lake,Inlet,12.867056,77.614611,2018-01-10,waterTemperature,25.2,25.2,False,°C,empri-2018
1518,BUBSBGyln_kr2-1515,Yelenahalli Lake,Inlet,12.867056,77.614611,2018-01-10,lightTransparency,15.0,15,False,cm,empri-2018
1518,BUBSBGyln_kr2-1515,Yelenahalli Lake,Inlet,12.867056,77.614611,2018-01-10,ph,8.1,8.1,False,,empri-2018
1518,BUBSBGyln_kr2-1515,Yelenahalli Lake,Inlet,12.867056,77.614611,2018-01-10,conductivity,340.0,340,False,µS/cm,empri-2018
1518,BUBSBGyln_kr2-1515,Yelenahalli Lake,Inlet,12.867056,77.614611,2018-01-10,tds,284.0,284,False,mg/l,empri-2018
1518,BUBSBGyln_kr2-1515,Yelenahalli Lake,Inlet,12.867056,77.614611,2018-01-10,tss,51.0,51,False,mg/l,empri-2018
1518,BUBSBGyln_kr2-1515,Yelenahalli Lake,Inlet,12.867056,77.614611,2018-01-10,turbidity,31.1,31.1,False,NTU,empri-2018
1518,BUBSBGyln_kr2-1515,Yelenahalli Lake,Inlet,12.867056,77.614611,2018-01-10,dissolvedOxygen,6.7,6.7,False,mg/l,empri-2018
1518,BUBSBGyln_kr2-1515,Yelenahalli Lake,Inlet,12.867056,77.614611,2018-01-10,cod,16.0,16,False,mg/l,empri-2018
1518,BUBSBGyln_kr2-1515,Yelenahalli Lake,Inlet,12.867056,77.614611,2018-01-10,bod,4.84,4.84,False,mg/l,empri-2018
1518,BUBSBGyln_kr2-1515,Yelenahalli Lake,Inlet,12.867056,77.614611,2018-01-10,totalPhosphate,0.4,0.4,False,mg/l,empri-2018
1518,BUBSBGyln_kr2-1515,Yelenahalli Lake,Inlet,12.867056,77.614611,2018-01-10,tkn,11.2,11.2,False,mg/l,empri-2018
1518,BUBSBGyln_kr2-1515,Yelenahalli Lake,Inlet,12.867056,77.614611,2018-01-10,totalColiform,1600.0,>1600,False,MPN/100ml,empri-2018
1518,BUBSBGyln_kr2-1515,Yelenahalli Lake,Inlet,12.867056,77.614611,2018-01-10,sewageInflow,,No Flow,False,cumecs,empri-2018
1518,BUBSBGyln_kr2-1515,Yelenahalli Lake,Outlet,12.867389,77.612917,2018-01-10,waterTemperature,25.7,25.7,False,°C,empri-2018
1518,BUBSBGyln_kr2-1515,Yelenahalli Lake,Outlet,12.867389,77.612917,2018-01-10,lightTransparency,18.0,18,False,cm,empri-2018
1518,BUBSBGyln_kr2-1515,Yelenahalli Lake,Outlet,12.867389,77.612917,2018-01-10,ph,8.2,8.2,False,,empri-2018
1518,BUBSBGyln_kr2-1515,Yelenahalli Lake,Outlet,12.867389,77.612917,2018-01-10,conductivity,353.0,353,False,µS/cm,empri-2018
1518,BUBSBGyln_kr2-1515,Yelenahalli Lake,Outlet,12.867389,77.612917,2018-01-10,tds,262.0,262,False,mg/l,empri-2018
1518,BUBSBGyln_kr2-1515,Yelenahalli Lake,Outlet,12.867389,77.612917,2018-01-10,tss,20.0,20,False,mg/l,empri-2018
1518,BUBSBGyln_kr2-1515,Yelenahalli Lake,Outlet,12.867389,77.612917,2018-01-10,turbidity,20.0,20,False,NTU,empri-2018
1518,BUBSBGyln_kr2-1515,Yelenahalli Lake,Outlet,12.867389,77.612917,2018-01-10,dissolvedOxygen,7.2,7.2,False,mg/l,empri-2018
1518,BUBSBGyln_kr2-1515,Yelenahalli Lake,Outlet,12.867389,77.612917,2018-01-10,cod,16.0,16,False,mg/l,empri-2018
1518,BUBSBGyln_kr2-1515,Yelenahalli Lake,Outlet,12.867389,77.612917,2018-01-10,bod,0.36,0.36,False,mg/l,empri-2018
1518,BUBSBGyln_kr2-1515,Yelenahalli Lake,Outlet,12.867389,77.612917,2018-01-10,totalPhosphate,0.4,0.4,False,mg/l,empri-2018
1518,BUBSBGyln_kr2-1515,Yelenahalli Lake,Outlet,12.867389,77.612917,2018-01-10,tkn,9.8,9.8,False,mg/l,empri-2018
1518,BUBSBGyln_kr2-1515,Yelenahalli Lake,Outlet,12.867389,77.612917,2018-01-10,totalColiform,1600.0,>1600,False,MPN/100ml,empri-2018
