id,onMap1927,overlapPct1927,historicArea1927M2,onMap1945,overlapPct1945,historicArea1945M2,onMap1955,overlapPct1955,historicArea1955M2,source
abbigere-kere,True,81.9,171805,,,,True,52.2,226531,ams-nd44-9-1955;soi-57g12-1927
abbigere-kunte1,,0.0,0,,,,,0.0,0,ams-nd44-9-1955;soi-57g12-1927
acchanakere,,,,,0.0,0,,0.0,0,ams-nd44-13-1955;soi-57h9-1945
achanakere,,,,True,91.9,37413,,0.0,0,ams-nd44-13-1955;soi-57h9-1945
adarang-lake,,,,,,,,0.0,0,ams-nd43-12-1955
adde-lake,True,52.9,76314,,,,True,97.2,996026,ams-nd44-9-1955;soi-57g12-1927
addevishwanathapura-lake,True,72.2,192949,,,,True,78.8,367628,ams-nd44-9-1955;soi-57g12-1927
addiganahalli-lake,False,0.0,0,,,,,0.0,0,ams-nd44-9-1955;soi-57g12-1927
addigenakere,,,,True,63.3,49215,,0.0,0,ams-nd44-13-1955;soi-57h9-1945
adesonatti-lake,,,,True,68.1,95752,False,0.0,0,ams-nd44-13-1955;soi-57h9-1945
adiganahalli-kunte,,0.0,0,,,,,0.0,0,ams-nd44-9-1955;soi-57g12-1927
adigondanahalli-kere,,,,,,,,0.0,0,ams-nd44-13-1955
adikamaranahalli-kunte,,,,,,,,0.0,0,ams-nd43-12-1955
adikelallanapalya-kere,,,,,,,,0.0,0,ams-nd43-12-1955
adkepalya-lake,,,,,,,True,6.4,82245,ams-nd43-12-1955
adugodi-kunte1,,,,,0.0,0,,0.0,0,ams-nd44-13-1955;soi-57h9-1945
adugodi-kunte2,,,,,0.0,0,,0.0,0,ams-nd44-13-1955;soi-57h9-1945
aduru-kunte1,,0.0,0,,,,,0.0,0,ams-nd44-9-1955;soi-57g12-1927
aduru-kunte2,,0.0,0,,,,,0.0,0,ams-nd44-9-1955;soi-57g12-1927
aduru-kunte3,,0.0,0,,,,,0.0,0,ams-nd44-9-1955;soi-57g12-1927
aduru-kunte4,,0.0,0,,,,,0.0,0,ams-nd44-9-1955;soi-57g12-1927
aduru-lake,,,,,,,,0.0,0,ams-nd44-13-1955
adurupalya-lake,,,,,,,,0.0,0,ams-nd44-13-1955
agara-kere,,,,,,,False,0.0,0,ams-nd43-16-1955
agara-kunte-2,,,,,0.0,0,,0.0,0,ams-nd44-13-1955;soi-57h9-1945
agara-kunte-3,,,,,0.0,0,,0.0,0,ams-nd44-13-1955;soi-57h9-1945
agara-kunte-4,,,,,,,,0.0,0,ams-nd43-16-1955
agara-kunte-4-2,,,,,0.0,0,,0.0,0,ams-nd44-13-1955;soi-57h9-1945
agara-kunte-5,,,,,,,,0.0,0,ams-nd43-16-1955
agara-kunte-6,,,,,,,,0.0,0,ams-nd43-16-1955
agara-kunte-7,,,,,,,,0.0,0,ams-nd43-16-1955
agara-kunte-8,,,,,,,,0.0,0,ams-nd43-16-1955
agara-kunte1,,,,,0.0,0,,0.0,0,ams-nd44-13-1955;soi-57h9-1945
agara-kunte1-2,,,,,0.0,0,,0.0,0,ams-nd44-13-1955;soi-57h9-1945
agara-kunte2,,,,,0.0,0,,0.0,0,ams-nd44-13-1955;soi-57h9-1945
agara-kunte3,,,,,0.0,0,,0.0,0,ams-nd44-13-1955;soi-57h9-1945
agara-lake,,,,True,5.6,65393,True,90.3,470852,ams-nd44-13-1955;soi-57h9-1945
agrahara-kere,,,,,0.0,0,,0.0,0,ams-nd44-13-1955;soi-57h9-1945
agrahara-lake,True,52.8,30011,,,,True,99.8,133958,ams-nd44-9-1955;soi-57g12-1927
aiyanapalya-lake,,,,,,,,0.0,0,ams-nd44-13-1955
ajjanahalli-kere,,,,,,,,0.0,0,ams-nd43-16-1955
ajjegowdana-katte,,,,,,,,0.0,0,ams-nd43-16-1955
akkithimmanahalli-kere,,,,,0.0,0,,,,soi-57h9-1945
alagondahalli-lake,,,,,,,False,0.0,0,ams-nd44-9-1955
alahalli-kere,,,,True,55.6,39431,False,0.0,0,ams-nd44-13-1955;soi-57h9-1945
alijenahalli-kere,,,,,,,,0.0,0,ams-nd44-9-1955
allasandra-lake,True,60.8,92547,,,,True,60.7,144621,ams-nd44-9-1955;soi-57g12-1927
alur-kere,,,,,,,True,81.9,345219,ams-nd43-12-1955
aluru-lake1,,,,,,,,0.0,0,ams-nd43-12-1955
amalgunte-lake,,,,,,,,0.0,0,ams-nd43-12-1955
amanimulli-kere,True,77.0,353405,,,,True,81.0,449649,ams-nd44-9-1955;soi-57g12-1927
ambalagere-n,,,,,,,True,47.7,54581,ams-nd43-12-1955
ambalagere-w,,,,,,,True,60.8,58123,ams-nd43-12-1955
ambalipura-kelagina-kere,,,,,0.0,0,,0.0,0,ams-nd44-13-1955;soi-57h9-1945
ambalipura-kunte1,,,,,0.0,0,,0.0,0,ams-nd44-13-1955;soi-57h9-1945
ampapura-lake,,,,,,,,0.0,0,ams-nd43-16-1955
amruthahalli-lake,True,91.0,121829,,,,True,78.3,89054,ams-nd44-9-1955;soi-57g12-1927
amruthalli-kunte1,,0.0,0,,,,,0.0,0,ams-nd44-9-1955;soi-57g12-1927
amrutnagar-lake,,,,True,51.4,35974,,0.0,0,ams-nd44-13-1955;soi-57h9-1945
anagalapura-kunte1,,0.0,0,,,,,0.0,0,ams-nd44-9-1955;soi-57g12-1927
anagalapura-kunte2,False,0.0,0,,,,,0.0,0,ams-nd44-9-1955;soi-57g12-1927
anantapura-kere,,,,,,,,0.0,0,ams-nd43-12-1955
ananthapura-kunte,,0.0,0,,,,,0.0,0,ams-nd44-9-1955;soi-57g12-1927
ananthapura-kunte1,,0.0,0,,,,,0.0,0,ams-nd44-9-1955;soi-57g12-1927
ananthapura-kunte2,False,0.0,0,,,,,0.0,0,ams-nd44-9-1955;soi-57g12-1927
andhrahalli-lake,,,,,,,,0.0,0,ams-nd43-12-1955
annamma-kere,,,,,0.0,0,,0.0,0,ams-nd44-13-1955;soi-57h9-1945
antarahalli-kere,,,,,,,False,0.0,0,ams-nd44-9-1955
anurah-katte-newly-created,,0.0,0,,,,,0.0,0,ams-nd44-9-1955;soi-57g12-1927
aradeshanahalli-kere,True,66.3,706651,,,,True,94.3,1355884,ams-nd44-9-1955;soi-57g12-1927
aradeshanahalli-kere-2,False,0.0,0,,,,False,0.0,0,ams-nd44-9-1955;soi-57g12-1927
aralakunte,False,0.0,0,,,,,0.0,0,ams-nd44-9-1955;soi-57g12-1927
aralamallige-kere,,,,,,,True,77.5,2876907,ams-nd44-9-1955
arasanahalli-lake,True,36.1,71809,,,,True,55.5,126105,ams-nd44-9-1955;soi-57g12-1927
arebommanahalli-2r,,,,,,,True,99.3,472111,ams-nd43-12-1955
arebommanahalli-low,,,,,,,,0.0,0,ams-nd43-12-1955
arebommanahalli-up-kere,,,,,,,,0.0,0,ams-nd43-12-1955
arehalii-kere,,,,,,,True,96.7,1031664,ams-nd44-13-1955
arehalli-kere,,,,,0.0,0,,0.0,0,ams-nd44-13-1955;soi-57h9-1945
arehalli-kunte,,,,,0.0,0,,0.0,0,ams-nd44-13-1955;soi-57h9-1945
arehalli-lake,,,,,,,True,73.5,310799,ams-nd44-9-1955
arehalli-lake-2,,,,,,,False,0.0,0,ams-nd44-13-1955
arekere-lake,,,,True,92.8,119417,True,48.6,58944,ams-nd44-13-1955;soi-57h9-1945
arekere-lake-2,True,73.3,38073,,,,,0.0,0,ams-nd44-9-1955;soi-57g12-1927
arenur-kere,,,,,,,False,0.0,0,ams-nd44-13-1955
arjunabettahalli-kere,,,,,,,,0.0,0,ams-nd43-12-1955
arluru-kere-s,,,,,,,False,0.0,0,ams-nd44-9-1955
asirvanam-ashram-1,,,,,,,,0.0,0,ams-nd43-16-1955
asirvanam-ashram-2,,,,,,,,0.0,0,ams-nd43-16-1955
attibele-kere,,,,,,,False,0.0,0,ams-nd44-13-1955
attur-kere,,,,,,,True,61.3,280107,ams-nd44-9-1955
atturu-kere,True,86.6,432212,,,,True,97.4,698912,ams-nd44-9-1955;soi-57g12-1927
atturu-kunte,,0.0,0,,,,,0.0,0,ams-nd44-9-1955;soi-57g12-1927
avadenahlli-lake,,,,,,,True,49.7,114015,ams-nd44-13-1955
avalahali-kunte,,0.0,0,,,,,0.0,0,ams-nd44-9-1955;soi-57g12-1927
avalahalli-katte1,False,0.0,0,,,,,0.0,0,ams-nd44-9-1955;soi-57g12-1927
avalahalli-katte2,False,0.0,0,,,,,0.0,0,ams-nd44-9-1955;soi-57g12-1927
avalahalli-kere,True,36.9,31505,,,,,0.0,0,ams-nd44-9-1955;soi-57g12-1927
avalahalli-kere-2,True,51.8,35692,,,,,0.0,0,ams-nd44-9-1955;soi-57g12-1927
avalahalli-kere-3,,,,,0.0,0,,0.0,0,ams-nd44-13-1955;soi-57h9-1945
avalahalli-kunte-1,,,,,0.0,0,,0.0,0,ams-nd44-13-1955;soi-57h9-1945
avalahalli-kunte-2,,,,,0.0,0,,0.0,0,ams-nd44-13-1955;soi-57h9-1945
avalahalli-kunte-3,,,,,0.0,0,,0.0,0,ams-nd44-13-1955;soi-57h9-1945
avalahalli-kunte-4,,,,,0.0,0,,0.0,0,ams-nd44-13-1955;soi-57h9-1945
avalahalli-kunte1,,,,,0.0,0,,0.0,0,ams-nd44-13-1955;soi-57h9-1945
avalahalli-kunte2,,,,,0.0,0,,0.0,0,ams-nd44-13-1955;soi-57h9-1945
avalahalli-lake,False,0.0,0,,,,False,0.0,0,ams-nd44-9-1955;soi-57g12-1927
avalahalli-lake-2,False,0.0,0,,,,,0.0,0,ams-nd44-9-1955;soi-57g12-1927
avalakuppe-lake,,,,,,,True,0.0,10283282,ams-nd43-16-1955
averahalli-kere,,,,,,,,0.0,0,ams-nd43-12-1955
averhalli-kere,,,,,,,False,0.0,0,ams-nd43-12-1955
ayyana-kere,,,,,0.0,0,,0.0,0,ams-nd44-13-1955;soi-57h9-1945
ayyannanapalya-lake,,,,,,,True,63.6,89307,ams-nd43-12-1955
b-channasandra-lake,,,,True,14.6,34139,False,0.0,0,ams-nd44-13-1955;soi-57h9-1945
b-narayanapura-kere,,,,,0.0,0,,0.0,0,ams-nd44-13-1955;soi-57h9-1945
bachchahalli-kere,,,,,,,True,98.6,860711,ams-nd44-9-1955
badakukere,,,,,,,,0.0,0,ams-nd43-16-1955
badamanavartha-kaval-kere,,,,,,,,0.0,0,ams-nd43-16-1955
badavamavarthe-kavalu-kunte1,,,,,0.0,0,,0.0,0,ams-nd44-13-1955;soi-57h9-1945
badavamavarthe-kavalu-kunte2,,,,,,,,0.0,0,ams-nd43-16-1955
badavamavarthekavalu-hosakere-1,,,,,0.0,0,,0.0,0,ams-nd44-13-1955;soi-57h9-1945
badavamavarthekavalu-kunte3,,,,,,,,0.0,0,ams-nd43-16-1955
badavamavarthekavalu-kunte4,,,,,,,,0.0,0,ams-nd43-16-1955
badavamavarthekavalu-kunte5,,,,,,,,0.0,0,ams-nd43-16-1955
badavamavarthekavalu-kunte6,,,,,,,,0.0,0,ams-nd43-16-1955
badavamavarthekavalu-kunte7,,,,,0.0,0,,0.0,0,ams-nd44-13-1955;soi-57h9-1945
bagalagunte-govt-lake,False,0.0,0,,,,,0.0,0,ams-nd43-12-1955;ams-nd44-9-1955;soi-57g12-1927
bagalagunte-kunte1,,0.0,0,,,,,0.0,0,ams-nd44-9-1955;soi-57g12-1927
bagalakunte-kere1,,,,,,,,0.0,0,ams-nd43-12-1955
bagalakunte-kunte2,False,0.0,0,,,,,0.0,0,ams-nd44-9-1955;soi-57g12-1927
bagalakunte-kunte3,,,,,,,,0.0,0,ams-nd43-12-1955
bagaluru-majare-kunte,,0.0,0,,,,,0.0,0,ams-nd44-9-1955;soi-57g12-1927
bagur-lake,,,,,,,True,58.4,115564,ams-nd44-13-1955
bail-narsapur-lake-1,,,,,,,True,71.3,923182,ams-nd44-9-1955
bail-narsapur-lake-2,,,,,,,True,94.8,923182,ams-nd44-9-1955
bail-narsapur-lake-3,,,,,,,True,29.1,981639,ams-nd44-9-1955
bail-narsapur-lake-4,,,,,,,True,35.5,923182,ams-nd44-9-1955
bailakonnenahalli-kunte,,,,,,,,0.0,0,ams-nd43-12-1955
bainahalli-lake,True,56.2,143504,,,,True,86.6,405455,ams-nd44-9-1955;soi-57g12-1927
bairasandra-kere,,,,,,,True,92.3,120324,ams-nd43-16-1955
baiyappanahalli-kere,True,36.1,67671,,,,True,50.7,811609,ams-nd44-9-1955;soi-57g12-1927
balagere-kunte1,,,,,0.0,0,,0.0,0,ams-nd44-13-1955;soi-57h9-1945
balagere-kunte2,,,,,0.0,0,,0.0,0,ams-nd44-13-1955;soi-57h9-1945
balagere-kunte3,,,,,0.0,0,,0.0,0,ams-nd44-13-1955;soi-57h9-1945
balchakuppe-lake,,,,,,,,0.0,0,ams-nd43-16-1955
balchakuppe-lake-1,,,,,,,,0.0,0,ams-nd43-16-1955
balekere,,,,,0.0,0,,0.0,0,ams-nd44-13-1955;soi-57h9-1945
balligere-lake,,,,,,,True,32.9,63082,ams-nd43-12-1955
bammasandra-kunte-1,,0.0,0,,,,,0.0,0,ams-nd44-9-1955;soi-57g12-1927
banahalli-kere-w,,,,,,,True,47.6,263784,ams-nd44-9-1955
banahallli-kere,,,,,,,False,0.0,0,ams-nd44-9-1955
banasavadi-kere-1,True,12.6,31717,,,,True,39.0,106872,ams-nd44-9-1955;soi-57g12-1927
banasavadi-kunte-4,,0.0,0,,,,,,,soi-57g12-1927
banasavadi-kunte-5,,,,,0.0,0,,,,soi-57h9-1945
banasavadi-kunte-6,,0.0,0,,,,,0.0,0,ams-nd44-9-1955;soi-57g12-1927
banasavadi-kunte-7,,0.0,0,,,,,0.0,0,ams-nd44-9-1955;soi-57g12-1927
banasavadi-kunte1,,0.0,0,,,,,0.0,0,ams-nd44-9-1955;soi-57g12-1927
banasavadi-kunte2,,0.0,0,,,,,0.0,0,ams-nd44-9-1955;soi-57g12-1927
banasavadi-kunte3,,0.0,0,,,,,0.0,0,ams-nd44-9-1955;soi-57g12-1927
banasavadi-kunte8,,0.0,0,,,,,0.0,0,ams-nd44-9-1955;soi-57g12-1927
banaswadi-kere2,True,41.8,97392,,,,True,37.4,127527,ams-nd44-9-1955;soi-57g12-1927
banavati-lake,,,,,,,True,89.2,272942,ams-nd43-12-1955
bande-mahadevapura-kere,,,,,0.0,0,,0.0,0,ams-nd44-13-1955;soi-57h9-1945
bandekere,,,,,0.0,0,,0.0,0,ams-nd44-13-1955;soi-57h9-1945
bandenalasandra-lake,,,,True,36.7,75242,True,93.7,117134,ams-nd44-13-1955;soi-57h9-1945
bandikodigenahalli-amani-kere,True,55.0,562085,,,,True,74.5,907093,ams-nd44-9-1955;soi-57g12-1927
bangalapet-lake,,,,True,40.8,421213,True,77.1,666347,ams-nd44-13-1955;soi-57h9-1945
banhalli-lake,,,,,,,False,0.0,0,ams-nd44-13-1955
bannamangala-n-kere,,,,,,,,0.0,0,ams-nd44-9-1955
bannerghatta-lake,,,,,0.0,0,,0.0,0,ams-nd44-13-1955;soi-57h9-1945
bannerghatta-lake-2,,,,,0.0,0,,0.0,0,ams-nd44-13-1955;soi-57h9-1945
bannerughatta-kavalu-kunte,,,,,0.0,0,,0.0,0,ams-nd44-13-1955;soi-57h9-1945
bannerughatta-kunte,,,,,0.0,0,,0.0,0,ams-nd44-13-1955;soi-57h9-1945
bannerughatta-kunte2,,,,,0.0,0,,0.0,0,ams-nd44-13-1955;soi-57h9-1945
baradi-kere,,,,,,,True,71.6,298467,ams-nd43-12-1955
bariga-mudinahalli-kunte,,,,,0.0,0,,,,soi-57h9-1945
basammanahalli-kere,,,,,,,,0.0,0,ams-nd43-16-1955
basapura-kunte,,,,,0.0,0,,0.0,0,ams-nd44-13-1955;soi-57h9-1945
basavanagar-lake,,,,True,0.0,33299,,0.0,0,ams-nd44-13-1955;soi-57h9-1945
basavanapalya-lake,,,,,,,,0.0,0,ams-nd43-16-1955
basavanapura-kere,False,0.0,0,,,,,0.0,0,ams-nd44-9-1955;soi-57g12-1927
basavanapura-kere-2,,,,True,17.8,24671,,0.0,0,ams-nd44-13-1955;soi-57h9-1945
basavanapura-kunte1,False,0.0,0,,,,,0.0,0,ams-nd44-9-1955;soi-57g12-1927
basavanapura-lake,,,,,,,,0.0,0,ams-nd43-12-1955
bashettihalli-kere,,,,,,,True,75.2,202320,ams-nd44-9-1955
bavikere-kere,,,,,,,True,71.4,264416,ams-nd43-12-1955
bayappanahalli-lake,False,0.0,0,,,,,0.0,0,ams-nd44-9-1955;soi-57g12-1927
beemanakuppe-kunte1,,,,,,,,0.0,0,ams-nd43-16-1955
beesegowdan-a-katte,,,,,,,,0.0,0,ams-nd43-16-1955
begihalli-govt-kere,,,,,0.0,0,,0.0,0,ams-nd44-13-1955;soi-57h9-1945
begihalli-kunte1,,,,,0.0,0,,0.0,0,ams-nd44-13-1955;soi-57h9-1945
begihalli-kunte2,,,,,0.0,0,,0.0,0,ams-nd44-13-1955;soi-57h9-1945
begur-kere,,,,,,,True,71.9,310057,ams-nd44-9-1955
begur-kunte-1,,,,,0.0,0,,0.0,0,ams-nd44-13-1955;soi-57h9-1945
begur-kunte2,,,,,0.0,0,,0.0,0,ams-nd44-13-1955;soi-57h9-1945
begur-kunte3,,,,,0.0,0,,0.0,0,ams-nd44-13-1955;soi-57h9-1945
begur-kunte4,,,,,0.0,0,True,0.0,590315,ams-nd44-13-1955;soi-57h9-1945
begur-kunte5,,,,,0.0,0,,0.0,0,ams-nd44-13-1955;soi-57h9-1945
begur-kunte6,,,,,0.0,0,True,100.0,590315,ams-nd44-13-1955;soi-57h9-1945
begur-kunte7,,,,,0.0,0,,0.0,0,ams-nd44-13-1955;soi-57h9-1945
begur-kunte8,,,,,0.0,0,,0.0,0,ams-nd44-13-1955;soi-57h9-1945
begur-lake,,,,True,69.3,357103,True,90.2,496481,ams-nd44-13-1955;soi-57h9-1945
beguru-kere,,,,,,,True,89.1,747197,ams-nd43-12-1955
belalu-kere,,,,,,,,0.0,0,ams-nd43-16-1955
belathuru-kunte,,,,,,,,0.0,0,ams-nd44-9-1955
belkere-lake,,,,,,,False,0.0,0,ams-nd44-13-1955
bellandur-lake,,,,True,54.0,1882478,True,90.1,3200357,ams-nd44-13-1955;soi-57h9-1945
bellekanahalli-kere,,,,True,50.7,130928,True,50.2,272280,ams-nd44-13-1955;soi-57h9-1945
bellekanahalli-kunte-2,,,,True,86.4,33259,,0.0,0,ams-nd44-13-1955;soi-57h9-1945
bellekanahalli-kunte1,,,,,0.0,0,,0.0,0,ams-nd44-13-1955;soi-57h9-1945
bellihalli-kere,True,16.1,14350,,,,False,0.0,0,ams-nd44-9-1955;soi-57g12-1927
belur-kunte,,,,,0.0,0,,0.0,0,ams-nd44-13-1955;soi-57h9-1945
belur-nagasandra-kunte,,,,,0.0,0,,0.0,0,ams-nd44-13-1955;soi-57h9-1945
benachikal-lake,,,,,0.0,0,,0.0,0,ams-nd44-13-1955;soi-57h9-1945
bendiganahalli-lake,,,,True,83.9,92169,False,0.0,0,ams-nd44-13-1955;soi-57h9-1945
benniganahalli-kunte,,,,,0.0,0,,0.0,0,ams-nd44-13-1955;soi-57h9-1945
beratena-agrahara-lake,,,,,0.0,0,,0.0,0,ams-nd44-13-1955;soi-57h9-1945
bettadasanapura-kunte1,,,,,0.0,0,,0.0,0,ams-nd44-13-1955;soi-57h9-1945
bettadasanapura-kunte2,,,,,0.0,0,,0.0,0,ams-nd44-13-1955;soi-57h9-1945
bettadasanapura-kunte3,,,,,0.0,0,,0.0,0,ams-nd44-13-1955;soi-57h9-1945
bettahalli-kere,,,,,,,True,49.8,148885,ams-nd43-12-1955
bettahalli-kere-2,,,,,,,True,100.0,264420,ams-nd43-12-1955
bettahallikaval-lake,,,,,,,True,97.4,95413,ams-nd44-13-1955
bettahalsur-kere,True,30.6,30902,,,,False,0.0,0,ams-nd44-9-1955;soi-57g12-1927
bettahalsur-kunte-1,,0.0,0,,,,,0.0,0,ams-nd44-9-1955;soi-57g12-1927
bettahalsur-kunte-2,,0.0,0,,,,,0.0,0,ams-nd44-9-1955;soi-57g12-1927
bettahalsur-kunte-3,,0.0,0,,,,,0.0,0,ams-nd44-9-1955;soi-57g12-1927
bettahalsur-narayanapura-kunte-newly-created,,0.0,0,,,,,0.0,0,ams-nd44-9-1955;soi-57g12-1927
bettakote-amani-kere,True,62.0,1156206,,,,True,97.5,2309690,ams-nd44-9-1955;soi-57g12-1927
bettenahalli-lake,True,70.3,143586,,,,True,67.0,202353,ams-nd44-9-1955;soi-57g12-1927
bettrayandoddi-lake,,,,,0.0,0,,0.0,0,ams-nd44-13-1955;soi-57h9-1945
bhaaktarahalli-lake-2,,,,,,,,0.0,0,ams-nd43-12-1955
bhadripura-lake,,,,,,,,0.0,0,ams-nd44-13-1955
bhairagaudanahalli-kere,,,,,,,True,92.9,1032163,ams-nd43-12-1955
bhairanahali-lake-1,,,,,,,,0.0,0,ams-nd44-9-1955
bhairanahalli-5r,,,,,,,True,96.1,309086,ams-nd43-12-1955
bhairanayakanahalli,,,,,,,True,73.3,243866,ams-nd43-12-1955
bhairanayakanahallipalya,,,,,,,True,68.8,272930,ams-nd43-12-1955
bhairapur-lake,True,46.9,149985,,,,True,69.6,3019268,ams-nd44-9-1955;soi-57g12-1927
bhairasandrapalya-lake,True,48.8,89716,,,,True,75.8,195188,ams-nd44-9-1955;soi-57g12-1927
bhairashettihalli-kere,,,,,,,True,72.1,1312165,ams-nd43-12-1955
bhairathi-kunte1,,0.0,0,,,,,0.0,0,ams-nd44-9-1955;soi-57g12-1927
bhairathi-kunte2,,0.0,0,,,,,0.0,0,ams-nd44-9-1955;soi-57g12-1927
bhairathi-kunte3,,0.0,0,,,,,0.0,0,ams-nd44-9-1955;soi-57g12-1927
bhairathi-kunte4,,0.0,0,,,,,0.0,0,ams-nd44-9-1955;soi-57g12-1927
bhairathikhane-kere,False,0.0,0,,,,,0.0,0,ams-nd44-9-1955;soi-57g12-1927
bhaktarahalli-kere,,,,,,,True,82.2,346306,ams-nd44-9-1955
bhaktarahalli-lake,,,,,,,False,0.0,0,ams-nd43-12-1955
bhaktipura-kere,,,,,,,False,0.0,0,ams-nd44-13-1955
bhandarapura-katte,False,0.0,0,,,,,0.0,0,ams-nd44-9-1955;soi-57g12-1927
bhandarapura-kunte-2,,,,,,,,0.0,0,ams-nd44-9-1955
bhandarapura-kunte1,,0.0,0,,,,,0.0,0,ams-nd44-9-1955;soi-57g12-1927
bhattarahalli-kere,True,79.5,49043,,,,True,8.9,121829,ams-nd44-9-1955;soi-57g12-1927
bhattarahalli-kunte,True,0.0,55106,,,,True,34.4,121829,ams-nd44-9-1955;soi-57g12-1927
bheemanakuppe-hosakere,,,,,,,False,0.0,0,ams-nd43-16-1955
bheemanakuppe-kere,,,,,,,,0.0,0,ams-nd43-16-1955
bhimapura-kere,,,,,,,True,61.4,241629,ams-nd44-9-1955
bhimaravutanahalli-lake,,,,,,,False,0.0,0,ams-nd43-12-1955
bhimmanakuppe-govt-lake,,,,,0.0,0,,0.0,0,ams-nd44-13-1955;soi-57h9-1945
bhoganahalli-kere,,,,True,86.7,66886,,0.0,0,ams-nd44-13-1955;soi-57h9-1945
bhoganahalli-kunte1,,,,,0.0,0,,0.0,0,ams-nd44-13-1955;soi-57h9-1945
bhoganahalli-kunte2,,,,,0.0,0,,0.0,0,ams-nd44-13-1955;soi-57h9-1945
bhoganahalli-kunte3,,,,,0.0,0,,0.0,0,ams-nd44-13-1955;soi-57h9-1945
bhoganahalli-kunte4,,,,,0.0,0,,0.0,0,ams-nd44-13-1955;soi-57h9-1945
bhoganahalli-kunte5,,,,,0.0,0,,0.0,0,ams-nd44-13-1955;soi-57h9-1945
bhoganahalli-kunte6,,,,,0.0,0,,0.0,0,ams-nd44-13-1955;soi-57h9-1945
bhov-palya-lake,,,,,,,,0.0,0,ams-nd43-12-1955
bhovihalli-lake,True,44.8,21467,,,,,0.0,0,ams-nd44-9-1955;soi-57g12-1927
bhujangadasana-amanikere-govt-lake,,,,True,44.1,89266,True,37.6,179969,ams-nd44-13-1955;soi-57h9-1945
bhusandra-kere,,,,,,,True,0.0,92171,ams-nd43-12-1955
bhutanahlli-lake,,,,,0.0,0,,0.0,0,ams-nd44-13-1955;soi-57h9-1945
bhuthanahalli-kunte-1,,,,,0.0,0,,0.0,0,ams-nd44-13-1955;soi-57h9-1945
bhuthanahalli-kunte-2,,,,,0.0,0,,0.0,0,ams-nd44-13-1955;soi-57h9-1945
bhuthanahalli-kunte-3,,,,,0.0,0,,0.0,0,ams-nd44-13-1955;soi-57h9-1945
bhuthanahalli-kunte-4,,,,,0.0,0,,0.0,0,ams-nd44-13-1955;soi-57h9-1945
bhuthanahalli-kunte-5,,,,,0.0,0,,0.0,0,ams-nd44-13-1955;soi-57h9-1945
bhuthanahalli-kunte-6,,,,,0.0,0,,0.0,0,ams-nd44-13-1955;soi-57h9-1945
bidaluru-kere,,,,,,,False,0.0,0,ams-nd44-9-1955
bidaluru-kere-2,,,,,,,False,0.0,0,ams-nd44-9-1955
bidara-amanikere,,,,,,,True,53.9,505031,ams-nd44-13-1955
bidarahalli-kere,True,41.5,126937,,,,True,96.8,811609,ams-nd44-9-1955;soi-57g12-1927
bidareagrahara-kere,False,0.0,0,,,,,0.0,0,ams-nd44-9-1955;soi-57g12-1927
bidarena-agarahara-kunte,,,,,,,,0.0,0,ams-nd44-9-1955
bidarguppe-kere,,,,,,,True,25.5,63616,ams-nd44-13-1955
bidarpura-lake,,,,,,,True,56.0,166053,ams-nd44-9-1955
bidikere,,,,,,,True,46.8,221611,ams-nd44-9-1955
bikasipura-kunte,,,,,0.0,0,,0.0,0,ams-nd44-13-1955;soi-57h9-1945
bikkanhalli-lake,,,,,,,True,45.7,65148,ams-nd44-13-1955
bilekalli-kere,,,,,0.0,0,,,,soi-57h9-1945
bilekalli-kunte,,,,,0.0,0,,,,soi-57h9-1945
bilijaji-kere,,,,,,,True,0.0,80124,ams-nd43-12-1955
billapura-govt-kere,,,,,,,,0.0,0,ams-nd44-13-1955
billishivale-katte,False,0.0,0,,,,,0.0,0,ams-nd44-9-1955;soi-57g12-1927
billishivale-kunte,,0.0,0,,,,,0.0,0,ams-nd44-9-1955;soi-57g12-1927
bilnirkatte,,,,,,,,0.0,0,ams-nd43-16-1955
bilwaradahalli-kere,,,,True,80.0,35295,,0.0,0,ams-nd44-13-1955;soi-57h9-1945
bilwaradahalli-kunte,,,,,0.0,0,,0.0,0,ams-nd44-13-1955;soi-57h9-1945
bimanakuppe-kere,,,,,,,,0.0,0,ams-nd43-16-1955
bingipura-kunte1,,,,,0.0,0,,0.0,0,ams-nd44-13-1955;soi-57h9-1945
bingipura-kunte2,,,,,0.0,0,,0.0,0,ams-nd44-13-1955;soi-57h9-1945
bingipura-kunte3,,,,,0.0,0,,0.0,0,ams-nd44-13-1955;soi-57h9-1945
bingipura-kunte4,,,,,0.0,0,,0.0,0,ams-nd44-13-1955;soi-57h9-1945
bingipura-lake,,,,,0.0,0,,0.0,0,ams-nd44-13-1955;soi-57h9-1945
binnamangala-kere-1,,,,,0.0,0,True,0.0,79888,ams-nd44-13-1955;soi-57h9-1945
binnamangala-kere-2,,,,True,23.0,33656,,0.0,0,ams-nd44-13-1955;soi-57h9-1945
binnamangala-kere-l,,,,,,,True,96.2,426915,ams-nd44-9-1955
binnamangala-kere-u,,,,,,,True,96.9,426915,ams-nd44-9-1955
binnamangala-kunte1,,,,True,0.0,33656,,0.0,0,ams-nd44-13-1955;soi-57h9-1945
binnamangala-kunte2,,,,,0.0,0,,0.0,0,ams-nd44-13-1955;soi-57h9-1945
binnamangala-manavarthe-kaval-kunte1,,,,,0.0,0,,0.0,0,ams-nd44-13-1955;soi-57h9-1945
binnamangala-manavarthe-kaval-kunte2,,,,,0.0,0,,0.0,0,ams-nd44-13-1955;soi-57h9-1945
biranapalya-kere,,,,,,,True,45.3,199925,ams-nd43-12-1955
birgondanahalli-kere,,,,,,,True,98.6,209852,ams-nd43-12-1955
bodanahosahalli-kere-n,,,,,,,False,0.0,0,ams-nd44-13-1955
bodanahosahalli-lake,,,,,,,False,0.0,0,ams-nd44-13-1955
bommalingayyanapalya-lake,,,,,,,,0.0,0,ams-nd43-12-1955
bommanahalli-lake,True,40.6,84346,,,,True,40.7,76955,ams-nd44-9-1955;soi-57g12-1927
bommanahalli-lake-2,,,,,,,,0.0,0,ams-nd43-12-1955
bommanahalli-lower,,,,,,,,0.0,0,ams-nd43-12-1955
bommanahalli-up3r,,,,,,,,0.0,0,ams-nd43-12-1955
bommasandra-lake,,,,True,81.3,98703,False,0.0,0,ams-nd44-13-1955;soi-57h9-1945
bommashettihalli-kere,,,,,,,True,77.9,258022,ams-nd43-12-1955
budamanahalli-lake,True,21.9,59654,,,,True,41.4,93329,ams-nd44-9-1955;soi-57g12-1927
budigere-amani-kere,True,60.0,847235,,,,True,66.7,1286270,ams-nd44-9-1955;soi-57g12-1927
bukkasagara-lake,,,,,0.0,0,,0.0,0,ams-nd44-13-1955;soi-57h9-1945
buragkunte-lake,,,,,,,False,0.0,0,ams-nd44-13-1955
byadarahalli-kere,,,,,,,False,0.0,0,ams-nd43-12-1955
byadarahalli-kere-2,False,0.0,0,,,,,0.0,0,ams-nd44-9-1955;soi-57g12-1927
byadarahalli-kunte,,0.0,0,,,,,0.0,0,ams-nd44-9-1955;soi-57g12-1927
byadarahalli-lake,,,,,,,True,95.4,486254,ams-nd43-12-1955
byagadadenhalli-kere-2,,,,True,59.0,28054,,0.0,0,ams-nd44-13-1955;soi-57h9-1945
byalhalli-lake,,,,,,,False,0.0,0,ams-nd44-13-1955
byandahalli-kunte1,,,,,,,,0.0,0,ams-nd43-12-1955
byandahalli-kunte2,,,,,,,,0.0,0,ams-nd43-12-1955
byappanahalli-kere,,,,,0.0,0,,,,soi-57h9-1945
byappanahalli-kere-2,,,,,0.0,0,,0.0,0,ams-nd44-13-1955;soi-57h9-1945
byappanahalli-kunte1,,,,,0.0,0,,0.0,0,ams-nd44-13-1955;soi-57h9-1945
byappanahalli-kunte1-2,,0.0,0,,,,True,31.6,811609,ams-nd44-9-1955;soi-57g12-1927
byappanahalli-kunte2,,0.0,0,,,,True,29.4,811609,ams-nd44-9-1955;soi-57g12-1927
byappanahalli-kunte3,False,0.0,0,,,,,0.0,0,ams-nd44-9-1955;soi-57g12-1927
byappanahalli-lake,True,62.1,53674,,,,True,88.0,99042,ams-nd44-9-1955;soi-57g12-1927
byatarayanapura-kunte1,,,,,0.0,0,,0.0,0,ams-nd44-13-1955;soi-57h9-1945
byatarayapura-lake,,,,True,92.5,21733,,0.0,0,ams-nd44-13-1955;soi-57h9-1945
byatarayapura-lake-2,False,0.0,0,,,,,0.0,0,ams-nd44-9-1955;soi-57g12-1927
byataryapura-kunte,,,,,0.0,0,,0.0,0,ams-nd44-13-1955;soi-57h9-1945
byatgutapalya-lake,False,0.0,0,,,,,0.0,0,ams-nd44-9-1955;soi-57g12-1927
bydarahalli-kere-s,,,,,,,,0.0,0,ams-nd44-9-1955
byrappanahalli-kunte1,,,,,0.0,0,,0.0,0,ams-nd44-13-1955;soi-57h9-1945
byrappanahalli-kunte2,,,,,0.0,0,,0.0,0,ams-nd44-13-1955;soi-57h9-1945
byrasandra,,,,,0.0,0,,0.0,0,ams-nd44-13-1955;soi-57h9-1945
byrasandra-2,,,,True,70.4,32253,,0.0,0,ams-nd44-13-1955;soi-57h9-1945
byrasandra-kere,,,,True,76.6,84420,,0.0,0,ams-nd44-13-1955;soi-57h9-1945
byrasandra-kunte,,,,,0.0,0,,0.0,0,ams-nd44-13-1955;soi-57h9-1945
byyandanahalli-kere,,,,,,,,0.0,0,ams-nd43-12-1955
cannammakere,,,,,0.0,0,,0.0,0,ams-nd44-13-1955;soi-57h9-1945
carmelarm,,,,True,77.7,23711,,0.0,0,ams-nd44-13-1955;soi-57h9-1945
chagalatti-kunte-1,,0.0,0,,,,,0.0,0,ams-nd44-9-1955;soi-57g12-1927
chagalatti-kunte-2,,0.0,0,,,,,0.0,0,ams-nd44-9-1955;soi-57g12-1927
chagalatti-kunte-3,,0.0,0,,,,,0.0,0,ams-nd44-9-1955;soi-57g12-1927
chagalatti-kunte-4,,0.0,0,,,,,0.0,0,ams-nd44-9-1955;soi-57g12-1927
chagalatti-kunte-5,,0.0,0,,,,,0.0,0,ams-nd44-9-1955;soi-57g12-1927
chagalatti-lake,True,35.6,58997,,,,False,0.0,0,ams-nd44-9-1955;soi-57g12-1927
chalamakunti-lake,False,0.0,0,,,,False,0.0,0,ams-nd44-9-1955;soi-57g12-1927
chalamakunti-lake-2,True,42.2,25513,,,,True,61.0,54165,ams-nd44-9-1955;soi-57g12-1927
challagatta-kunte1,,,,,,,,0.0,0,ams-nd43-16-1955
challagatta-kunte2,,,,,,,,0.0,0,ams-nd43-16-1955
challahalli-lake,True,52.0,108019,,,,True,60.4,143194,ams-nd44-9-1955;soi-57g12-1927
chaluvekere,,,,,,,,0.0,0,ams-nd43-16-1955
chandrappa-circle-kere,,,,,,,,0.0,0,ams-nd43-16-1955
chandrashekarapura-kere,,,,,0.0,0,,0.0,0,ams-nd44-13-1955;soi-57h9-1945
chanenahalli-kunte-1,,,,,,,,0.0,0,ams-nd43-16-1955
chanenahalli-kunte-2,,,,,,,,0.0,0,ams-nd43-16-1955
chanenahalli-kunte-3,,,,,,,,0.0,0,ams-nd43-16-1955
chanenahalli-kunte-4,,,,,,,,0.0,0,ams-nd43-16-1955
channabasappana-katte-new,,,,,,,,0.0,0,ams-nd43-16-1955
channadevi-agrahara,,,,,,,True,96.2,5833024,ams-nd43-12-1955
channamanakere,,,,True,86.1,36804,,0.0,0,ams-nd44-13-1955;soi-57h9-1945
channarayapatna-lake,,,,,,,True,61.4,1255115,ams-nd44-9-1955
channasandra-kunte,,,,,0.0,0,,0.0,0,ams-nd44-13-1955;soi-57h9-1945
channasandra-kunte1,,0.0,0,,,,,0.0,0,ams-nd44-9-1955;soi-57g12-1927
channasandra-kunte2,,0.0,0,,,,,0.0,0,ams-nd44-9-1955;soi-57g12-1927
channatimmayyanapalya-lake,,,,,,,,0.0,0,ams-nd43-12-1955
channenahalli-lake,,,,,,,,0.0,0,ams-nd43-16-1955
chaugondanahalli-kere,,,,,,,True,84.7,510233,ams-nd44-9-1955
chavdappanhalli-lake,,,,,,,True,76.1,134687,ams-nd44-9-1955
chellaghatta-kere,,,,True,56.7,329384,True,80.6,465413,ams-nd44-13-1955;soi-57h9-1945
chellakere-kere,True,76.3,84195,,,,True,76.3,252932,ams-nd44-9-1955;soi-57g12-1927
chengirayanapura-kere,,,,,,,,0.0,0,ams-nd44-9-1955
chennadasipalya-lake,,,,,,,,0.0,0,ams-nd43-16-1955
chennapura-kere,,,,,,,True,48.4,123277,ams-nd44-9-1955
chenvinayanahalli-kere,,,,,,,False,0.0,0,ams-nd43-16-1955
chichuruaganapalli-lake,,,,,,,False,0.0,0,ams-nd44-13-1955
chikadasarahalli-kere-n,,,,,,,,0.0,0,ams-nd44-13-1955
chikadasarahalli-kere-s,,,,,,,,0.0,0,ams-nd44-13-1955
chikka-hejjaji-lake,,,,,,,True,1.4,1835464,ams-nd43-12-1955
chikka-jala-amani-kere,True,32.3,102170,,,,True,59.8,222335,ams-nd44-9-1955;soi-57g12-1927
chikka-kammanahalli,,,,True,85.0,28954,,0.0,0,ams-nd44-13-1955;soi-57h9-1945
chikka-kammanahalli-e,,,,True,90.0,80454,,0.0,0,ams-nd44-13-1955;soi-57h9-1945
chikka-mankalal-lake,,,,,,,,0.0,0,ams-nd43-12-1955
chikka-sanne-kere,True,88.0,1116235,,,,True,90.6,1436576,ams-nd44-9-1955;soi-57g12-1927
chikka-taggali-kere,,,,,,,True,50.9,272976,ams-nd44-9-1955
chikkaamani-kere,,,,,,,True,100.0,14415973,ams-nd44-9-1955
chikkabanahalli-kere,,,,,,,False,0.0,0,ams-nd44-13-1955
chikkabanahalli-kunte,,,,,,,,0.0,0,ams-nd44-9-1955
chikkabanavara-kere,True,35.9,171591,,,,True,99.9,648252,ams-nd44-9-1955;soi-57g12-1927
chikkabanavara-kunte-1,,,,,,,,0.0,0,ams-nd43-12-1955
chikkabanavara-kunte-2,,,,,,,,0.0,0,ams-nd43-12-1955
chikkabegur-kere,,,,True,80.1,128155,True,80.4,141971,ams-nd44-13-1955;soi-57h9-1945
chikkabellanduru-kere,,,,True,18.5,122743,True,58.1,367649,ams-nd44-13-1955;soi-57h9-1945
chikkabettahalli,False,0.0,0,,,,,0.0,0,ams-nd44-9-1955;soi-57g12-1927
chikkabettahalli-katte-2,False,0.0,0,,,,,0.0,0,ams-nd44-9-1955;soi-57g12-1927
chikkabettahalli-kunte-3,,0.0,0,,,,,0.0,0,ams-nd44-9-1955;soi-57g12-1927
chikkabettahalli-kunte1,,0.0,0,,,,,0.0,0,ams-nd44-9-1955;soi-57g12-1927
chikkabettahalli-kunte2,,0.0,0,,,,,0.0,0,ams-nd44-9-1955;soi-57g12-1927
chikkagollarahatti,,,,,,,,0.0,0,ams-nd43-16-1955
chikkagubbi-kere,False,0.0,0,,,,,0.0,0,ams-nd44-9-1955;soi-57g12-1927
chikkakalenahalli-lake,,,,,,,True,86.6,210534,ams-nd43-12-1955
chikkakalenahalli-lake-2,,,,,,,,0.0,0,ams-nd43-12-1955
chikkakallasandra-kere,,,,True,47.2,48432,False,0.0,0,ams-nd44-13-1955;soi-57h9-1945
chikkakere,,,,,,,,0.0,0,ams-nd43-16-1955
chikkaluru-kere,,,,,,,True,74.0,186840,ams-nd43-16-1955
chikkaluru-rampura-kere,,,,,,,,0.0,0,ams-nd43-16-1955
chikkanaga-mangala-kere,,,,,0.0,0,,0.0,0,ams-nd44-13-1955;soi-57h9-1945
chikkanaga-mangala-kunte-1,,,,,0.0,0,,0.0,0,ams-nd44-13-1955;soi-57h9-1945
chikkanagamangala-govt-kere,,,,True,71.6,52517,,0.0,0,ams-nd44-13-1955;soi-57h9-1945
chikkanagamangala-kunte-2,,,,,0.0,0,,0.0,0,ams-nd44-13-1955;soi-57h9-1945
chikkanagamangala-kunte-3,,,,,0.0,0,,0.0,0,ams-nd44-13-1955;soi-57h9-1945
chikkanahalli-down-kere,,,,,,,True,72.4,285698,ams-nd43-12-1955
chikkanahalli-kere-n,,,,,,,,0.0,0,ams-nd43-16-1955
chikkanahalli-lake,,,,,,,,0.0,0,ams-nd44-13-1955
chikkanahalli-lake-2,,,,,,,True,5.3,199910,ams-nd43-12-1955
chikkanahalli-lake-2-2,,,,,,,,0.0,0,ams-nd43-12-1955
chikkanahalli-lake-3,,,,,,,,0.0,0,ams-nd43-12-1955
chikkanahalli-up,,,,,,,,0.0,0,ams-nd43-12-1955
chikkanayakanahalli-kunte1,,,,,0.0,0,,0.0,0,ams-nd44-13-1955;soi-57h9-1945
chikkanayakanahalli-kunte2,,,,,0.0,0,,0.0,0,ams-nd44-13-1955;soi-57h9-1945
chikkanayakanahalli-kunte3,,,,,0.0,0,,0.0,0,ams-nd44-13-1955;soi-57h9-1945
chikkanayakanahalli-kunte4,,,,,0.0,0,,0.0,0,ams-nd44-13-1955;soi-57h9-1945
chikkanekundi-lake-land,,,,,,,True,0.0,483232,ams-nd44-13-1955
chikkannayyan-kere,,,,,,,True,66.2,875524,ams-nd43-12-1955
chikkasandra-kunte1,,0.0,0,,,,,0.0,0,ams-nd44-9-1955;soi-57g12-1927
chikkasandra-kunte2,,0.0,0,,,,,0.0,0,ams-nd44-9-1955;soi-57g12-1927
chikkasandra-kunte3,,0.0,0,,,,,0.0,0,ams-nd44-9-1955;soi-57g12-1927
chikkasandra-kunte4,,0.0,0,,,,,0.0,0,ams-nd44-9-1955;soi-57g12-1927
chikkatogur-kere,,,,True,73.1,31420,,0.0,0,ams-nd44-13-1955;soi-57h9-1945
chikkavaderap-ura-govt-kunte-1,,,,,,,,0.0,0,ams-nd44-13-1955
chikkavaderapura-govt-karabu-kere-land,,,,,0.0,0,,0.0,0,ams-nd44-13-1955;soi-57h9-1945
chikkavaderapura-govt-karabu-kunte,,,,,,,,0.0,0,ams-nd44-13-1955
chikkavaderapura-govt-kunte-2,,,,,,,,0.0,0,ams-nd44-13-1955
chikkelluru-kere,,,,,,,,0.0,0,ams-nd43-16-1955
chikkelluru-kunte-1,,,,,,,,0.0,0,ams-nd43-16-1955
chikkelluru-kunte-2,,,,,,,,0.0,0,ams-nd43-16-1955
chikkelluru-kunte-3,,,,,,,,0.0,0,ams-nd43-16-1955
chikkelluru-venkatapura-kunte,,,,,,,True,0.0,186840,ams-nd43-16-1955
chikkobanahalli-kere,,,,,,,True,67.1,185300,ams-nd44-9-1955
chikkondahalli-lake-2,,,,,,,True,44.1,1358779,ams-nd44-9-1955
chikkondahalli-lake-3,,,,,,,True,95.5,1251135,ams-nd44-9-1955
chimachanahalli-lake,,,,,,,True,87.4,1089704,ams-nd44-9-1955
chimasandra-kere,True,41.3,81078,,,,True,93.5,223024,ams-nd44-9-1955;soi-57g12-1927
chimasandra-kunte,,0.0,0,,,,,0.0,0,ams-nd44-9-1955;soi-57g12-1927
chinakurchi-kunte1,,,,,,,,0.0,0,ams-nd43-16-1955
chinakurchi-kunte2,,,,,,,,0.0,0,ams-nd43-16-1955
chindanahalli-kere,,,,,,,,0.0,0,ams-nd44-9-1955
chinna-agraharam-lake,,,,,,,,0.0,0,ams-nd44-13-1955
chinna-kempanahalli-kere,,,,,,,,0.0,0,ams-nd44-9-1955
chinnakurchi-kere-1,,,,,,,,0.0,0,ams-nd43-16-1955
chinnakurchi-kere-2,,,,,,,,0.0,0,ams-nd43-16-1955
chinnammanakere,,,,,0.0,0,,0.0,0,ams-nd44-13-1955;soi-57h9-1945
chinnappanahalli-kere1,,,,True,55.4,30627,,0.0,0,ams-nd44-13-1955;soi-57h9-1945
chinnappanahalli-kere1-2,,,,True,13.7,30627,,0.0,0,ams-nd44-13-1955;soi-57h9-1945
chittekarepalya-lake,,,,True,4.8,24216,,0.0,0,ams-nd44-13-1955;soi-57h9-1945
chokkanahalli-katte,False,0.0,0,,,,,0.0,0,ams-nd44-9-1955;soi-57g12-1927
chokkanahalli-kunte-1,,0.0,0,,,,,0.0,0,ams-nd44-9-1955;soi-57g12-1927
chokkanahalli-kunte2,,0.0,0,,,,,0.0,0,ams-nd44-9-1955;soi-57g12-1927
chokkanahalli-lake,False,0.0,0,,,,,0.0,0,ams-nd44-9-1955;soi-57g12-1927
chokkanahalli-lake-2,True,50.6,63886,,,,True,78.4,3019268,ams-nd44-9-1955;soi-57g12-1927
chokkanahalli-lake-2-kere,True,60.4,43694,,,,True,93.9,94759,ams-nd44-9-1955;soi-57g12-1927
chokkasandra-lake,,,,,0.0,0,,0.0,0,ams-nd44-13-1955;soi-57h9-1945
cholana-katte,,,,,,,,0.0,0,ams-nd43-16-1955
cholanayakanahalli-kere-l,,,,,,,,0.0,0,ams-nd43-16-1955
cholapanahalli-kere,,,,,,,True,74.9,4162944,ams-nd44-9-1955
choodasandra-govt-karab-katte,,,,,0.0,0,,0.0,0,ams-nd44-13-1955;soi-57h9-1945
choodasandra-govt-karabu-kunte-2,,,,,0.0,0,,0.0,0,ams-nd44-13-1955;soi-57h9-1945
choodasandra-govt-lake,,,,,0.0,0,,0.0,0,ams-nd44-13-1955;soi-57h9-1945
choodasandra-kunte-1,,,,,0.0,0,,0.0,0,ams-nd44-13-1955;soi-57h9-1945
choudahalli-lake,,,,,,,True,50.2,112561,ams-nd43-16-1955
chudasandra-kere,,,,,0.0,0,,0.0,0,ams-nd44-13-1955;soi-57h9-1945
chunchanaghatta-kere,,,,True,48.5,27685,False,0.0,0,ams-nd44-13-1955;soi-57h9-1945
chunchnakuppe-kere,,,,,,,,0.0,0,ams-nd43-16-1955
chunchnakuppe-kere-e,,,,,,,,0.0,0,ams-nd43-16-1955
chunchnakuppe-kere-s,,,,,,,,0.0,0,ams-nd43-16-1955
cihkkamaranahalli-lake,True,36.8,114616,,,,True,57.1,227976,ams-nd44-9-1955;soi-57g12-1927
city-railway-kere,,,,,0.0,0,,,,soi-57h9-1945
city-railway-kunte,,,,,0.0,0,,,,soi-57h9-1945
d-shettihalli-kere,,,,,,,True,99.1,553111,ams-nd44-9-1955
dakshina-pinakini-r,,,,,,,,0.0,0,ams-nd44-13-1955
damarasanakunte,,,,True,100.0,56019,,0.0,0,ams-nd44-13-1955;soi-57h9-1945
dandu-upparahalli-kere,,,,,0.0,0,,,,soi-57h9-1945
dandupalya-lake,,,,,,,True,95.0,297895,ams-nd44-9-1955
dasanakatte-1,,,,,0.0,0,,0.0,0,ams-nd44-13-1955;soi-57h9-1945
dasanakatte-2,,,,,0.0,0,,0.0,0,ams-nd44-13-1955;soi-57h9-1945
dasanapura-kunte-1,,,,,,,,0.0,0,ams-nd43-12-1955
dasanapura-kunte-2,,,,,,,,0.0,0,ams-nd43-12-1955
dasanapura-lake,,,,,,,,0.0,0,ams-nd44-13-1955
dasanayakanahalli-kere,False,0.0,0,,,,False,0.0,0,ams-nd44-9-1955;soi-57g12-1927
dasanayakanahalli-kunte,,0.0,0,,,,,0.0,0,ams-nd44-9-1955;soi-57g12-1927
dasarahalli-kere,True,77.8,72549,,,,True,9.7,134647,ams-nd44-9-1955;soi-57g12-1927
dasarahalli-kere-2,,,,,,,True,87.6,1093264,ams-nd44-9-1955
dasarahalli-kunte,,,,,0.0,0,,0.0,0,ams-nd44-13-1955;soi-57h9-1945
dasarahalli-kunte1,False,0.0,0,,,,,0.0,0,ams-nd44-9-1955;soi-57g12-1927
dasarahalli-kunte2,,0.0,0,,,,True,67.8,50602,ams-nd44-9-1955;soi-57g12-1927
deevatige-ramanahalli-kunte,,,,,0.0,0,,0.0,0,ams-nd44-13-1955;soi-57h9-1945
deevatigeramnahalli-kere,,,,,0.0,0,,0.0,0,ams-nd44-13-1955;soi-57h9-1945
degonahalli-kere,,,,,,,True,6.1,78694,ams-nd43-12-1955
degonahalli-lower-kere,,,,,,,True,0.0,409048,ams-nd43-12-1955
deshpande-guttahalli-lake,,,,,,,False,0.0,0,ams-nd44-13-1955
devaganahalli-lake,,,,,,,True,45.4,152428,ams-nd43-12-1955
devagere-kere,,,,,,,,0.0,0,ams-nd43-16-1955
devagere-kunte-2,,,,,,,,0.0,0,ams-nd43-16-1955
devageri-kunte-1,,,,,,,,0.0,0,ams-nd43-16-1955
devagondi-kere,,,,,,,False,0.0,0,ams-nd44-13-1955
devamachehalli-lake,,,,,,,,0.0,0,ams-nd43-16-1955
devanahalli-kere,,,,,,,True,78.6,265106,ams-nd44-9-1955
devangondi-lake,,,,,,,True,38.0,58942,ams-nd44-13-1955
devara-jeevanahalli-lake,True,12.3,7859,,,,False,0.0,0,ams-nd44-9-1955;soi-57g12-1927
devara-kere,,,,,,,True,62.3,550802,ams-nd43-12-1955
devarabisanahalli-kere,,,,True,70.6,54380,,0.0,0,ams-nd44-13-1955;soi-57h9-1945
devarabisanahalli-kunte1,,,,,0.0,0,,0.0,0,ams-nd44-13-1955;soi-57h9-1945
devarabisanahalli-kunte2,,,,,0.0,0,,0.0,0,ams-nd44-13-1955;soi-57h9-1945
devarachikkanahalli-kunte,,,,,0.0,0,,0.0,0,ams-nd44-13-1955;soi-57h9-1945
devarahalli-lake,True,18.4,6470,,,,,0.0,0,ams-nd44-9-1955;soi-57g12-1927
devarakere,,,,,0.0,0,,0.0,0,ams-nd44-13-1955;soi-57h9-1945
devasandra-kunte1,,,,,0.0,0,,0.0,0,ams-nd44-13-1955;soi-57h9-1945
dhandithimmayyanapalya-lake,,,,,,,True,95.3,87184,ams-nd43-12-1955
dharmambudy-lake,,,,True,50.8,97133,,,,soi-57h9-1945
dibburu-kere,True,89.0,115552,,,,True,90.6,175971,ams-nd44-9-1955;soi-57g12-1927
dinne-soluru-kere,,,,,,,False,0.0,0,ams-nd44-9-1955
dinnehalli-tanda-lake,,,,,,,True,0.0,1978032,ams-nd43-12-1955
dinnepalya-lake,,,,,,,,0.0,0,ams-nd43-16-1955
dobbasapete-lake,,,,,,,,0.0,0,ams-nd43-12-1955
dobhi-ghat,,,,,,,,0.0,0,ams-nd43-16-1955
dodbele-kere,,,,,,,True,87.8,489868,ams-nd43-12-1955
dodda-bettahalli,False,0.0,0,,,,,0.0,0,ams-nd44-9-1955;soi-57g12-1927
dodda-bommasandra-lake,True,69.4,284323,,,,True,87.8,450958,ams-nd44-9-1955;soi-57g12-1927
dodda-chimanahalli,False,0.0,0,,,,,0.0,0,ams-nd44-9-1955;soi-57g12-1927
dodda-hejjaji-lake,,,,,,,True,49.2,325390,ams-nd43-12-1955
dodda-jala-amani-kere,True,42.1,314584,,,,True,68.0,712529,ams-nd44-9-1955;soi-57g12-1927
dodda-koliga-kere,,,,,,,True,100.0,298613,ams-nd44-9-1955
dodda-nallala-kere,,,,,,,True,100.0,263005,ams-nd44-9-1955
dodda-sagarahalli-kere,,,,,,,True,86.2,288637,ams-nd44-9-1955
dodda-sanne-kere,True,57.9,274769,,,,True,17.3,88375,ams-nd44-9-1955;soi-57g12-1927
dodda-thimmasandra-kere-s,,,,,,,True,16.3,59719,ams-nd44-13-1955
dodda-tumkur-kere,True,42.1,487546,,,,True,78.1,1406389,ams-nd44-9-1955;soi-57g12-1927
dodda-vadagere-kere,,,,,,,True,68.4,231107,ams-nd43-12-1955
doddaballapur-kere,,,,,,,True,80.7,728858,ams-nd44-9-1955
doddabanahalli-kere,,,,,,,True,95.1,141079,ams-nd44-9-1955
doddabanahalli-kere-2,False,0.0,0,,,,False,0.0,0,ams-nd44-9-1955;soi-57g12-1927
doddabanahalli-kunte1,,,,,,,,0.0,0,ams-nd44-9-1955
doddabanahalli-kunte2,,0.0,0,,,,,0.0,0,ams-nd44-9-1955;soi-57g12-1927
doddabanahalli-kunte3,,0.0,0,,,,,0.0,0,ams-nd44-9-1955;soi-57g12-1927
doddabele-kunte1,,,,,,,,0.0,0,ams-nd43-16-1955
doddabele-kunte2,,,,,,,,0.0,0,ams-nd43-16-1955
doddabele-small-2r,,,,,,,,0.0,0,ams-nd43-12-1955
doddabettahalli-kunte-1,,0.0,0,,,,,0.0,0,ams-nd44-9-1955;soi-57g12-1927
doddabettahalli-kunte-2,,0.0,0,,,,,0.0,0,ams-nd44-9-1955;soi-57g12-1927
doddabidarakallu-kunte1,,,,,,,,0.0,0,ams-nd43-12-1955
doddabidarakallu-kunte10,,,,,,,,0.0,0,ams-nd43-12-1955
doddabidarakallu-kunte11,,,,,,,,0.0,0,ams-nd43-12-1955
doddabidarakallu-kunte2,,,,,,,,0.0,0,ams-nd43-12-1955
doddabidarakallu-kunte3,,,,,,,,0.0,0,ams-nd43-12-1955
doddabidarakallu-kunte4,,,,,,,,0.0,0,ams-nd43-12-1955
doddabidarakallu-kunte5,,,,,,,,0.0,0,ams-nd43-12-1955
doddabidarakallu-kunte6,,,,,,,,0.0,0,ams-nd43-12-1955
doddabidarakallu-kunte7,,,,,,,,0.0,0,ams-nd43-12-1955
doddabidarakallu-kunte8,,,,,,,,0.0,0,ams-nd43-12-1955
doddabidarakallu-kunte9,,,,,,,,0.0,0,ams-nd43-12-1955
doddabidarakallu-lake,,,,,,,True,57.1,79421,ams-nd43-12-1955
doddabommasandra-kunte-1,,0.0,0,,,,,0.0,0,ams-nd44-9-1955;soi-57g12-1927
doddabommasandra-kunte-2,,0.0,0,,,,,0.0,0,ams-nd44-9-1955;soi-57g12-1927
doddadunnasandra-lake,,,,,,,False,0.0,0,ams-nd44-13-1955
doddaganahalli-lake,,,,,,,True,64.6,449102,ams-nd44-9-1955
doddaghataginebbe-lake,,,,,,,True,92.2,243726,ams-nd44-9-1955
doddagubbi-kere,True,94.4,430028,,,,True,89.0,563606,ams-nd44-9-1955;soi-57g12-1927
doddagubbi-kunte1,False,0.0,0,,,,,0.0,0,ams-nd44-9-1955;soi-57g12-1927
doddagubbi-kunte2,,0.0,0,,,,,0.0,0,ams-nd44-9-1955;soi-57g12-1927
doddakallasandra-katte,,,,,0.0,0,,0.0,0,ams-nd44-13-1955;soi-57h9-1945
doddakallasandra-lake,,,,True,27.5,47663,False,0.0,0,ams-nd44-13-1955;soi-57h9-1945
doddakannalli-kunte1,,,,,0.0,0,,0.0,0,ams-nd44-13-1955;soi-57h9-1945
doddakannalli-kunte2,,,,,0.0,0,,0.0,0,ams-nd44-13-1955;soi-57h9-1945
doddakannalli-kunte3,,,,,0.0,0,,0.0,0,ams-nd44-13-1955;soi-57h9-1945
doddakannalli-kunte4,,,,,0.0,0,,0.0,0,ams-nd44-13-1955;soi-57h9-1945
doddakannalli-kunte5,,,,,0.0,0,,0.0,0,ams-nd44-13-1955;soi-57h9-1945
doddakannalli-kunte6,,,,,0.0,0,,0.0,0,ams-nd44-13-1955;soi-57h9-1945
doddakannalli-kunte7,,,,,0.0,0,,0.0,0,ams-nd44-13-1955;soi-57h9-1945
doddakanneli-gramadakere,,,,True,90.4,106167,False,0.0,0,ams-nd44-13-1955;soi-57h9-1945
doddakarenahalli-kere,,,,,,,,0.0,0,ams-nd43-12-1955
doddakodlu,,,,True,59.2,120004,False,0.0,0,ams-nd44-13-1955;soi-57h9-1945
doddakunte-rudrabhomi-kunte,,,,,0.0,0,,0.0,0,ams-nd44-13-1955;soi-57h9-1945
doddanagamanagala-lake,,,,True,56.0,279145,True,76.9,322668,ams-nd44-13-1955;soi-57h9-1945
doddanagamangala-kunte1,,,,,0.0,0,,0.0,0,ams-nd44-13-1955;soi-57h9-1945
doddanagamangala-kunte2,,,,,0.0,0,,0.0,0,ams-nd44-13-1955;soi-57h9-1945
doddanagamangala-kunte3,,,,,0.0,0,,0.0,0,ams-nd44-13-1955;soi-57h9-1945
doddanekkudi-kunte1,,,,,0.0,0,,0.0,0,ams-nd44-13-1955;soi-57h9-1945
doddanekkudi-kunte2,,,,,0.0,0,,0.0,0,ams-nd44-13-1955;soi-57h9-1945
doddanekkudi-kunte3,,,,,0.0,0,,0.0,0,ams-nd44-13-1955;soi-57h9-1945
doddanekkudi-kunte4,,,,,0.0,0,,0.0,0,ams-nd44-13-1955;soi-57h9-1945
doddanekkudi-kunte5,,,,,0.0,0,,0.0,0,ams-nd44-13-1955;soi-57h9-1945
doddanekundi-kere,,,,True,61.0,297546,True,89.1,456050,ams-nd44-13-1955;soi-57h9-1945
doddanekundi-kere1,,,,,0.0,0,False,0.0,0,ams-nd44-13-1955;soi-57h9-1945
doddanekundi-kunte,,,,True,67.8,33299,,0.0,0,ams-nd44-13-1955;soi-57h9-1945
doddastadamaradapala-kere,,,,,,,False,0.0,0,ams-nd43-16-1955
doddatogur-kunte-1,,,,,0.0,0,,0.0,0,ams-nd44-13-1955;soi-57h9-1945
doddatogur-kunte-2,,,,,0.0,0,,0.0,0,ams-nd44-13-1955;soi-57h9-1945
doddatogur-lake,,,,True,66.2,135562,False,0.0,0,ams-nd44-13-1955;soi-57h9-1945
doddebele-kere,,,,,,,True,71.7,121038,ams-nd43-16-1955
doddenahalli-kere,,,,,,,True,100.0,453346,ams-nd44-9-1955
doddenahalli-kunte,False,0.0,0,,,,,0.0,0,ams-nd44-9-1955;soi-57g12-1927
dodderi-kere,,,,,,,,0.0,0,ams-nd43-16-1955
dodderi-kere-2,,,,,,,False,0.0,0,ams-nd43-12-1955
dodderi-kere-2-2,,,,,,,,0.0,0,ams-nd43-16-1955
dodderi-kere-se,,,,,,,,0.0,0,ams-nd43-16-1955
dodderi-kere-sw,,,,,,,,0.0,0,ams-nd43-16-1955
dodkunte-kunte1,,,,,,,,,,
dodkunte-kunte2,,,,,0.0,0,,0.0,0,ams-nd44-13-1955;soi-57h9-1945
dodkunte-kunte3,,0.0,0,,,,,0.0,0,ams-nd44-9-1955;soi-57g12-1927
dodkunte-kunte4,,0.0,0,,,,,0.0,0,ams-nd44-9-1955;soi-57g12-1927
dodmaranhalli-lake,,,,,,,,0.0,0,ams-nd43-16-1955
dokkanahalli-kunte,,,,,0.0,0,,0.0,0,ams-nd44-13-1955;soi-57h9-1945
dombarahalli-kunte,,,,,,,,0.0,0,ams-nd43-12-1955
domluru-kere,,,,True,41.1,80541,True,15.7,123338,ams-nd44-13-1955;soi-57h9-1945
dommasandra-govt-kunte-4,,,,,,,,0.0,0,ams-nd44-13-1955
dommasandra-govt-lake-2,,,,,0.0,0,,0.0,0,ams-nd44-13-1955;soi-57h9-1945
dommasandra-kere-s,,,,,,,False,0.0,0,ams-nd44-13-1955
dommasandra-kunte-1,,,,,0.0,0,,0.0,0,ams-nd44-13-1955;soi-57h9-1945
dommasandra-kunte-10,,,,,0.0,0,,0.0,0,ams-nd44-13-1955;soi-57h9-1945
dommasandra-kunte-11,,,,,0.0,0,,0.0,0,ams-nd44-13-1955;soi-57h9-1945
dommasandra-kunte-12,,,,,0.0,0,,0.0,0,ams-nd44-13-1955;soi-57h9-1945
dommasandra-kunte-13,,,,,0.0,0,,0.0,0,ams-nd44-13-1955;soi-57h9-1945
dommasandra-kunte-14,,,,,0.0,0,,0.0,0,ams-nd44-13-1955;soi-57h9-1945
dommasandra-kunte-15,,,,,0.0,0,,0.0,0,ams-nd44-13-1955;soi-57h9-1945
dommasandra-kunte-2,,,,,0.0,0,,0.0,0,ams-nd44-13-1955;soi-57h9-1945
dommasandra-kunte-5,,,,,,,,0.0,0,ams-nd44-13-1955
dommasandra-kunte-6,,,,,,,,0.0,0,ams-nd44-13-1955
dommasandra-kunte-7,,,,,,,,0.0,0,ams-nd44-13-1955
dommasandra-kunte-8,,,,,,,,0.0,0,ams-nd44-13-1955
dommasandra-kunte-9,,,,,0.0,0,,0.0,0,ams-nd44-13-1955;soi-57h9-1945
donenahalli-kere-lower,,,,,,,,0.0,0,ams-nd43-16-1955
donenahalli-kere-upper,,,,,,,,0.0,0,ams-nd43-16-1955
doraikere,,,,True,22.9,41974,False,0.0,0,ams-nd44-13-1955;soi-57h9-1945
dummy,,,,,,,,0.0,0,ams-nd44-9-1955
dummy-2,,,,,,,,0.0,0,ams-nd44-9-1955
dyavasandra-lake,,,,True,8.5,62385,True,74.0,203233,ams-nd44-13-1955;soi-57h9-1945
dyavasandra-lake-2,,,,,,,True,46.3,177936,ams-nd43-12-1955
earannana-kunte,False,0.0,0,,,,,0.0,0,ams-nd44-9-1955;soi-57g12-1927
ejipura-kunte,,,,,0.0,0,,0.0,0,ams-nd44-13-1955;soi-57h9-1945
elenahalli-lake,,,,,0.0,0,,0.0,0,ams-nd44-13-1955;soi-57h9-1945
ettakodi-lake,,,,,,,True,39.0,72888,ams-nd44-13-1955
ettakodi-lake-2,,,,,,,False,0.0,0,ams-nd44-13-1955
gabburu-lower-tank,,,,,,,,0.0,0,ams-nd43-12-1955
gaddam-bachchahalli-kere,,,,,,,,0.0,0,ams-nd44-9-1955
gadenahali-lake,False,0.0,0,,,,,0.0,0,ams-nd44-9-1955;soi-57g12-1927
gadenahalli-lake,False,0.0,0,,,,,0.0,0,ams-nd44-9-1955;soi-57g12-1927
gadigarapalya-kere,,,,,,,True,21.8,436698,ams-nd43-12-1955
gadipalya-lake,,,,,0.0,0,,0.0,0,ams-nd44-13-1955;soi-57h9-1945
gadipalya-lake-2,,,,,0.0,0,,0.0,0,ams-nd44-13-1955;soi-57h9-1945
gadipalyada-halla-lake,,,,,0.0,0,,0.0,0,ams-nd44-13-1955;soi-57h9-1945
gajagadahalli-kere,,,,,,,True,34.1,191416,ams-nd43-12-1955
gajagadahalli-lake,,,,,,,True,6.0,191416,ams-nd43-12-1955
galibilikote-lake,,,,,,,,0.0,0,ams-nd43-12-1955
ganadalu-lake,,,,,,,True,0.0,384955,ams-nd43-12-1955
ganakallu-kere,,,,,,,,0.0,0,ams-nd43-16-1955
ganapathihalli-kere,,,,,,,,0.0,0,ams-nd43-16-1955
ganapathihalli-lake,,,,,,,False,0.0,0,ams-nd43-16-1955
gandaragolipura-kere,,,,,,,True,100.0,337459,ams-nd43-12-1955
gandarajapura-kere,,,,,,,,0.0,0,ams-nd44-9-1955
gandhigram-lower,,,,,,,,0.0,0,ams-nd43-12-1955
gandhinagar-lake,,,,,,,,0.0,0,ams-nd44-13-1955
gandigram-n,,,,,,,,0.0,0,ams-nd43-12-1955
gangasandra-kere,,,,,,,True,84.4,712550,ams-nd44-9-1955
gangasandra-kunte,,,,,,,,0.0,0,ams-nd43-16-1955
gangavara-lake,,,,,,,True,84.2,523811,ams-nd44-9-1955
gangenahalli-lake,,,,,,,True,59.7,99766,ams-nd43-16-1955
gangondanahalli-kere,,,,,,,True,80.2,508288,ams-nd43-12-1955
gangondanahalli-kunte,,,,,0.0,0,,0.0,0,ams-nd44-13-1955;soi-57h9-1945
gangondanahalli-kunte1,,,,,,,,0.0,0,ams-nd43-12-1955
gangondanahalli-kunte2,,,,,,,,0.0,0,ams-nd43-12-1955
gangondanahalli-kunte3,,,,,,,,0.0,0,ams-nd43-12-1955
gangondanahalli-lake,,,,,,,,0.0,0,ams-nd43-12-1955
ganigarahalli-kere,True,47.8,44704,,,,True,94.1,175247,ams-nd44-9-1955;soi-57g12-1927
gantiganahalli-kere,False,0.0,0,,,,True,58.9,193780,ams-nd44-9-1955;soi-57g12-1927
gantiganahalli-kunte-1,,0.0,0,,,,,0.0,0,ams-nd44-9-1955;soi-57g12-1927
gantiganahalli-kunte-2,False,0.0,0,,,,,0.0,0,ams-nd44-9-1955;soi-57g12-1927
gantiganahalli-kunte-3,,0.0,0,,,,,0.0,0,ams-nd44-9-1955;soi-57g12-1927
gantiganahalli-kunte-4,,0.0,0,,,,,0.0,0,ams-nd44-9-1955;soi-57g12-1927
gantiganahalli-kunte-5,,0.0,0,,,,,0.0,0,ams-nd44-9-1955;soi-57g12-1927
garudacharpalya-lake,,,,,0.0,0,,0.0,0,ams-nd44-13-1955;soi-57h9-1945
garvebhavipalya-lake,,,,,0.0,0,False,0.0,0,ams-nd44-13-1955;soi-57h9-1945
gattihalli-govt-lake,,,,True,64.0,222665,True,70.6,261391,ams-nd44-13-1955;soi-57h9-1945
gattihalli-kunte-1,,,,,0.0,0,,0.0,0,ams-nd44-13-1955;soi-57h9-1945
gattihalli-kunte-2,,,,,0.0,0,,0.0,0,ams-nd44-13-1955;soi-57h9-1945
gavipura-kunte-1,,,,True,0.0,35999,True,64.7,141954,ams-nd44-13-1955;soi-57h9-1945
gavipura-kunte-2,,,,,0.0,0,,0.0,0,ams-nd44-13-1955;soi-57h9-1945
gavipura-lake,,,,True,98.7,21733,,0.0,0,ams-nd44-13-1955;soi-57h9-1945
geddalahalli-kunte,False,0.0,0,,,,,0.0,0,ams-nd44-9-1955;soi-57g12-1927
geddalahalli-lake,True,0.8,31190,,,,True,28.6,302758,ams-nd44-9-1955;soi-57g12-1927
giddanahalli-lake,,,,,,,False,0.0,0,ams-nd43-16-1955
giddatapura-lake,,,,,,,False,0.0,0,ams-nd44-13-1955
giddenahalli-lake,,,,,0.0,0,,0.0,0,ams-nd44-13-1955;soi-57h9-1945
giddenahalli-lake-2,,,,True,0.0,24442,,0.0,0,ams-nd44-13-1955;soi-57h9-1945
giddlahallipura-kere,,,,,,,True,44.1,271574,ams-nd44-9-1955
girupalya-kere,,,,,,,,0.0,0,ams-nd43-16-1955
gollahalli-govt-lake,,,,True,74.3,61946,,0.0,0,ams-nd44-13-1955;soi-57h9-1945
gollahalli-kere,,,,,,,True,60.7,348069,ams-nd43-12-1955
gollahalli-kunte,,,,,0.0,0,,0.0,0,ams-nd44-13-1955;soi-57h9-1945
gollahalli-kunte-2,,,,,0.0,0,,0.0,0,ams-nd44-13-1955;soi-57h9-1945
gollapura3r,,,,,,,,0.0,0,ams-nd43-12-1955
gollarapalya-kere,,,,,,,True,0.0,81509,ams-nd43-12-1955
gollarapalya-lake,,,,,,,,0.0,0,ams-nd43-16-1955
gonakanahalli-kere,,,,,,,True,98.2,479669,ams-nd44-9-1955
gongadipura-kere,,,,,,,False,0.0,0,ams-nd43-16-1955
gongadipura-kunte,,,,,,,,0.0,0,ams-nd43-16-1955
gonigatpura-lake,,,,,,,,0.0,0,ams-nd44-13-1955
gonigatpura-lake-2,,,,,,,,0.0,0,ams-nd44-13-1955
gonigatpura-lake-3,,,,,,,False,0.0,0,ams-nd44-13-1955
gonipura-1,,,,,,,,0.0,0,ams-nd43-16-1955
gonipura-2,,,,,,,,0.0,0,ams-nd43-16-1955
gonipura-lake,,,,,,,,0.0,0,ams-nd43-16-1955
gonur-lake,,,,,,,False,0.0,0,ams-nd44-9-1955
gopalpura-kere,,,,,,,,0.0,0,ams-nd43-12-1955
gopenahalli-lake,,,,,,,True,34.0,99228,ams-nd43-12-1955
gopsandra-lake,,,,,,,True,75.5,605834,ams-nd44-9-1955
goravigere-kunte1,,,,,,,,0.0,0,ams-nd44-9-1955
goravigere-kunte2,,,,,,,,0.0,0,ams-nd44-9-1955
goravigere-kunte3,,,,,,,,0.0,0,ams-nd44-9-1955
goravigere-kunte4,,,,,,,,0.0,0,ams-nd44-9-1955
gottamaranahalli-lake,,,,True,66.5,135628,True,40.4,72904,ams-nd44-13-1955;soi-57h9-1945
gottigere-kere,,,,True,61.7,90912,False,0.0,0,ams-nd44-13-1955;soi-57h9-1945
gottigere-kunte1,,,,,0.0,0,,0.0,0,ams-nd44-13-1955;soi-57h9-1945
gottigere-kunte2,,,,,0.0,0,,0.0,0,ams-nd44-13-1955;soi-57h9-1945
gottigere-kunte3,,,,,0.0,0,,0.0,0,ams-nd44-13-1955;soi-57h9-1945
goudanakere,,,,,0.0,0,,0.0,0,ams-nd44-13-1955;soi-57h9-1945
govanhalli-kere,,,,,,,,0.0,0,ams-nd43-12-1955
governament-attikere,,,,,0.0,0,False,0.0,0,ams-nd44-13-1955;soi-57h9-1945
govindaehettipalya-lake,,,,True,70.6,51731,,0.0,0,ams-nd44-13-1955;soi-57h9-1945
govindapur-kere,,,,,,,True,19.1,81970,ams-nd44-9-1955
govindapura-kere,,,,,,,True,64.3,129726,ams-nd44-9-1955
govindapura-lo-kere,,,,,,,,0.0,0,ams-nd43-12-1955
govt-dinnekere,,,,True,100.0,61381,,0.0,0,ams-nd44-13-1955;soi-57h9-1945
govt-gulimangalada-lake,,,,True,43.6,133895,False,0.0,0,ams-nd44-13-1955;soi-57h9-1945
govt-karabu,,,,,,,,0.0,0,ams-nd43-12-1955
govt-karabu-katte,,,,,0.0,0,,0.0,0,ams-nd44-13-1955;soi-57h9-1945
govt-katte,,0.0,0,,,,,0.0,0,ams-nd44-9-1955;soi-57g12-1927
govt-kere,,,,,0.0,0,,0.0,0,ams-nd44-13-1955;soi-57h9-1945
govt-kere-1,,,,,,,False,0.0,0,ams-nd44-13-1955
govt-kere-2,,,,,,,,0.0,0,ams-nd44-13-1955
govt-lake,,,,,,,,0.0,0,ams-nd43-16-1955
govt-lake-newly-created,,,,,,,,0.0,0,ams-nd43-16-1955
govt-maggekere,,,,,,,,0.0,0,ams-nd43-16-1955
govt-mutsandra-kere,,,,,,,True,65.3,483232,ams-nd44-13-1955
govt-vaddakere,,,,,0.0,0,,0.0,0,ams-nd44-13-1955;soi-57h9-1945
govt-vadenakere,,,,,0.0,0,,0.0,0,ams-nd44-13-1955;soi-57h9-1945
govt-vodanakunte,,,,,0.0,0,,0.0,0,ams-nd44-13-1955;soi-57h9-1945
gowdana-kere,,,,,,,,0.0,0,ams-nd43-16-1955
gramada-kere,,,,,,,False,0.0,0,ams-nd43-12-1955
gramadakere,,,,,0.0,0,False,0.0,0,ams-nd44-13-1955;soi-57h9-1945
gramadakere-2,,,,True,22.3,159815,True,68.4,419622,ams-nd44-13-1955;soi-57h9-1945
gubbalal-kere,,,,True,94.5,116156,,0.0,0,ams-nd44-13-1955;soi-57h9-1945
gubbalal-kunte,,,,,0.0,0,,0.0,0,ams-nd44-13-1955;soi-57h9-1945
gublai-lske,,,,,0.0,0,,0.0,0,ams-nd44-13-1955;soi-57h9-1945
guddadahalli-kere,,,,,,,True,68.5,155317,ams-nd44-9-1955
guddadahalli-kere-e,,,,,,,,0.0,0,ams-nd44-9-1955
guddadahalli-lake,,,,,,,,0.0,0,ams-nd43-12-1955
guddegaudanachannoha,,,,,,,,0.0,0,ams-nd43-12-1955
guddehatti-lake,,,,True,74.7,95906,False,0.0,0,ams-nd44-13-1955;soi-57h9-1945
guddehatti-lake-2,,,,True,96.1,72360,,0.0,0,ams-nd44-13-1955;soi-57h9-1945
gudimavu-kunte,,,,,,,,0.0,0,ams-nd43-16-1955
guduppana-lake,,,,,0.0,0,False,0.0,0,ams-nd44-13-1955;soi-57h9-1945
guduppana-lake-2,,,,,0.0,0,,0.0,0,ams-nd44-13-1955;soi-57h9-1945
guduvanahalli-lake,,,,,,,True,3.9,186739,ams-nd44-9-1955
gulagunganahalli-lak,,,,,,,,0.0,0,ams-nd43-16-1955
gulakayipura-govt-lake,,,,,,,,0.0,0,ams-nd44-13-1955
gulimangala-kunte-1,,,,,0.0,0,,0.0,0,ams-nd44-13-1955;soi-57h9-1945
gulimangala-kunte-2,,,,,0.0,0,,0.0,0,ams-nd44-13-1955;soi-57h9-1945
gulya-down,,,,,,,True,79.2,258764,ams-nd43-12-1955
gundappanayakanahalli-lake,,,,,,,,0.0,0,ams-nd43-12-1955
gundarahalli-lake-2,,,,,,,False,0.0,0,ams-nd44-9-1955
gundenahalli-kere,,,,,,,True,21.1,171584,ams-nd43-12-1955
gundur-kere-n,,,,,,,True,71.8,359870,ams-nd44-13-1955
gunduru-kere,True,72.3,70113,,,,True,94.8,252291,ams-nd44-9-1955;soi-57g12-1927
gunduru-lake,False,0.0,0,,,,False,0.0,0,ams-nd44-9-1955;soi-57g12-1927
guniagrahara-kere-2,False,0.0,0,,,,,0.0,0,ams-nd44-9-1955;soi-57g12-1927
guniagrahara-kunte,,0.0,0,,,,,0.0,0,ams-nd44-9-1955;soi-57g12-1927
gunjuru-kunte1,,,,,0.0,0,,0.0,0,ams-nd44-13-1955;soi-57h9-1945
gunjuru-kunte2,,,,,0.0,0,,0.0,0,ams-nd44-13-1955;soi-57h9-1945
gunjuru-kunte3,,,,,0.0,0,,0.0,0,ams-nd44-13-1955;soi-57h9-1945
gunjuru-kunte4,,,,,0.0,0,,0.0,0,ams-nd44-13-1955;soi-57h9-1945
gunjuru-kunte5,,,,,0.0,0,,0.0,0,ams-nd44-13-1955;soi-57h9-1945
gunjuru-kunte6,,,,,0.0,0,,0.0,0,ams-nd44-13-1955;soi-57h9-1945
gunjuru-kunte7,,,,,0.0,0,,0.0,0,ams-nd44-13-1955;soi-57h9-1945
gunjuru-kunte8,,,,,0.0,0,,0.0,0,ams-nd44-13-1955;soi-57h9-1945
gunjuru-kunte9,,,,,0.0,0,,0.0,0,ams-nd44-13-1955;soi-57h9-1945
gunjuruplaya-kere,,,,True,76.1,158387,True,60.8,107028,ams-nd44-13-1955;soi-57h9-1945
gururvanahalli-kere,,,,,,,False,0.0,0,ams-nd43-12-1955
guruvanahalli-kere,,,,,,,,0.0,0,ams-nd43-12-1955
guttepalya-lake,,,,True,0.5,45178,True,48.7,176917,ams-nd44-13-1955;soi-57h9-1945
guttepalya-lake-2,,,,,0.0,0,,0.0,0,ams-nd44-13-1955;soi-57h9-1945
hado-shiddapura-kere,,,,True,59.5,59657,False,0.0,0,ams-nd44-13-1955;soi-57h9-1945
hadonahalli-kere,,,,,,,False,0.0,0,ams-nd44-9-1955
hadosiddapur-a-kunte,,,,,0.0,0,,0.0,0,ams-nd44-13-1955;soi-57h9-1945
hadyalu-kere,,,,,,,True,54.5,1500719,ams-nd43-12-1955
hagaduru-kunte1,,,,,,,,0.0,0,ams-nd44-13-1955
hagaduru-kunte2,,,,,,,,0.0,0,ams-nd44-13-1955
haji-hosahalli-kere,,,,,,,False,0.0,0,ams-nd44-9-1955
haji-hosahalli-kere-s,,,,,,,True,8.2,52734,ams-nd44-9-1955
haji-hosahalli-n,,,,,,,True,100.0,327869,ams-nd44-9-1955
hakkibikki-lake,,,,,0.0,0,,0.0,0,ams-nd44-13-1955;soi-57h9-1945
hakkibikki-lake-2,,,,,0.0,0,,0.0,0,ams-nd44-13-1955;soi-57h9-1945
hakkibikki-lake-3,,,,,0.0,0,,0.0,0,ams-nd44-13-1955;soi-57h9-1945
halagevaderahalli-kere-1,,,,True,38.6,81945,False,0.0,0,ams-nd44-13-1955;soi-57h9-1945
halagevaderahalli-kere-2,,,,True,87.8,57757,,0.0,0,ams-nd44-13-1955;soi-57h9-1945
halammanapalya-lake,,,,,,,,0.0,0,ams-nd43-16-1955
halammanapalya-lake-1,,,,,,,,0.0,0,ams-nd43-16-1955
halanayakanahalli-kere,,,,True,70.9,225343,True,39.7,110141,ams-nd44-13-1955;soi-57h9-1945
halasahalli-thippasandra-kunte-1,,,,,,,,0.0,0,ams-nd44-13-1955
halasahalli-thippasandra-kunte-2,,,,,,,,0.0,0,ams-nd44-13-1955
halasahalli-thippasandra-kunte-3,,,,,,,,0.0,0,ams-nd44-13-1955
halasahalli-thippasandra-kunte-4,,,,,,,,0.0,0,ams-nd44-13-1955
halasahalli-thippasandra-kunte-5,,,,,,,,0.0,0,ams-nd44-13-1955
haldenahalli-lake,,,,,,,,0.0,0,ams-nd44-13-1955
hale-chandapura-lake,,,,True,80.6,337149,True,80.8,308695,ams-nd44-13-1955;soi-57h9-1945
hale-chandapura-lake-2,,,,,0.0,0,,0.0,0,ams-nd44-13-1955;soi-57h9-1945
halehalli-kunte,False,0.0,0,,,,,0.0,0,ams-nd44-9-1955;soi-57g12-1927
halehalli-south-lake,,,,,,,,0.0,0,ams-nd44-13-1955
halenahalli-kere,,,,,,,True,23.0,233962,ams-nd43-12-1955
halenahalli-kere-s,,,,,,,True,72.7,233962,ams-nd43-12-1955
halenahalli-sw,,,,,,,,0.0,0,ams-nd43-12-1955
halenahalli-up,,,,,,,True,11.6,233962,ams-nd43-12-1955
halesampigehalli-kunte,,,,,0.0,0,True,0.0,62053,ams-nd44-13-1955;soi-57h9-1945
haleuru-lake,,,,True,53.2,310098,True,57.5,450643,ams-nd44-13-1955;soi-57h9-1945
hallimarandapalya-lake,,,,,,,,0.0,0,ams-nd43-16-1955
hancharahalli-lake,False,0.0,0,,,,True,3.0,79833,ams-nd44-9-1955;soi-57g12-1927
handenhalli-lake,,,,,,,True,75.1,110139,ams-nd44-13-1955
handrahalli-kere,,,,,,,,0.0,0,ams-nd43-12-1955
hanpalya-kere,,,,,,,,0.0,0,ams-nd43-12-1955
hanuman-kunte-new,,0.0,0,,,,,0.0,0,ams-nd44-9-1955;soi-57g12-1927
hanumantapura-lake,,,,,,,True,100.0,1251135,ams-nd44-9-1955
hanumanthapura-kere,,,,,0.0,0,,,,soi-57h9-1945
hanumanthas-agara-kunte,,,,,,,True,0.0,1050581,ams-nd43-12-1955
hanumanttanapalya-kere,,,,,,,True,31.5,91454,ams-nd43-12-1955
haralakunte,,,,,0.0,0,False,0.0,0,ams-nd44-13-1955;soi-57h9-1945
haralakunte-kunte1,,,,,0.0,0,,0.0,0,ams-nd44-13-1955;soi-57h9-1945
haralakunte-kunte2,,,,,0.0,0,,0.0,0,ams-nd44-13-1955;soi-57h9-1945
haralakunte-kunte3,,,,,0.0,0,,0.0,0,ams-nd44-13-1955;soi-57h9-1945
haraluru-kere,,,,True,65.9,72107,True,14.0,100836,ams-nd44-13-1955;soi-57h9-1945
haraluru-kunte,,,,,0.0,0,,0.0,0,ams-nd44-13-1955;soi-57h9-1945
harana-katte,,,,,,,,0.0,0,ams-nd43-16-1955
haranakatte,,,,,,,,0.0,0,ams-nd43-16-1955
haregadde-lank,,,,,0.0,0,,0.0,0,ams-nd44-13-1955;soi-57h9-1945
harohali-lake,,,,,,,,0.0,0,ams-nd43-12-1955
harohali-lake-2,,,,,,,,0.0,0,ams-nd43-12-1955
harohall-govt-lake,,,,,0.0,0,,0.0,0,ams-nd44-13-1955;soi-57h9-1945
harohalli-kere,True,94.6,380876,,,,True,92.6,452423,ams-nd44-9-1955;soi-57g12-1927
harohalli-kunte-1,,0.0,0,,,,,0.0,0,ams-nd44-9-1955;soi-57g12-1927
harohalli-kunte-3,,0.0,0,,,,,0.0,0,ams-nd44-9-1955;soi-57g12-1927
harohalli-kunte2,,0.0,0,,,,,0.0,0,ams-nd44-9-1955;soi-57g12-1927
harohallipalya-lake,False,0.0,0,,,,False,0.0,0,ams-nd44-9-1955;soi-57g12-1927
harokyathanahalli-kere,,,,,,,True,96.1,107762,ams-nd43-12-1955
harokyathanahalli-kunte1,,,,,,,True,7.3,323962,ams-nd43-12-1955
harokyathanahalli-kunte2,,,,,,,,0.0,0,ams-nd43-12-1955
harokyathanahalli-kunte3,,,,,,,,0.0,0,ams-nd43-12-1955
harokyathanahalli-kunte4,,,,,,,,0.0,0,ams-nd43-12-1955
hasarahalli-kere,,,,,,,,0.0,0,ams-nd43-12-1955
hebbagodi-kunte-1,,,,True,0.0,100264,True,0.0,666347,ams-nd44-13-1955;soi-57h9-1945
hebbagodi-kunte-2,,,,,0.0,0,,0.0,0,ams-nd44-13-1955;soi-57h9-1945
hebbal-lake,True,85.1,591267,,,,True,84.0,799312,ams-nd44-9-1955;soi-57g12-1927
heggadadevanapura-kere,,,,,,,True,62.8,1050581,ams-nd43-12-1955
heggadadevanapura-lake,,,,,,,,0.0,0,ams-nd43-12-1955
heggadaevanapura-kere-2,,,,,,,,0.0,0,ams-nd43-12-1955
hegganahalli-kunte1,False,0.0,0,,,,,0.0,0,ams-nd44-9-1955;soi-57g12-1927
hegganahalli-kunte2,,,,,0.0,0,,0.0,0,ams-nd44-13-1955;soi-57h9-1945
hegganahalli-lake,True,73.5,124783,,,,True,54.3,239408,ams-nd44-9-1955;soi-57g12-1927
heggondahalli-kunte-1,,,,,0.0,0,,0.0,0,ams-nd44-13-1955;soi-57h9-1945
heggondahalli-kunte-2,,,,,0.0,0,,0.0,0,ams-nd44-13-1955;soi-57h9-1945
heggondahalli-kunte-3,,,,,0.0,0,,0.0,0,ams-nd44-13-1955;soi-57h9-1945
heggondahalli-kunte-4,,,,True,0.0,95363,,0.0,0,ams-nd44-13-1955;soi-57h9-1945
heggondanalli-govt-lake,,,,,0.0,0,,0.0,0,ams-nd44-13-1955;soi-57h9-1945
hejjala-e,,,,,,,,0.0,0,ams-nd43-16-1955
hejjala-kere,,,,,,,False,0.0,0,ams-nd43-16-1955
hemigepura-kunte-1,,,,,,,,0.0,0,ams-nd43-16-1955
hemigepura-kunte-2,,,,,,,,0.0,0,ams-nd43-16-1955
hemigepura-kunte-3,,,,,0.0,0,,0.0,0,ams-nd44-13-1955;soi-57h9-1945
hempapura-kere,,,,,,,,0.0,0,ams-nd43-12-1955
hennagara-kere,,,,True,18.6,454586,True,97.7,2057175,ams-nd44-13-1955;soi-57h9-1945
hennur-kunte-1,,0.0,0,,,,,0.0,0,ams-nd44-9-1955;soi-57g12-1927
hennur-kunte-2,,0.0,0,,,,,0.0,0,ams-nd44-9-1955;soi-57g12-1927
hennur-lake,True,29.1,158158,,,,True,53.6,329135,ams-nd44-9-1955;soi-57g12-1927
herohalli-kunte1,,,,,,,,0.0,0,ams-nd43-16-1955
herohalli-kunte2,,,,,,,,0.0,0,ams-nd43-16-1955
herohalli-kunte3,,,,,,,,0.0,0,ams-nd43-16-1955
herohalli-kunte4,,,,,,,,0.0,0,ams-nd43-16-1955
herohalli-kunte5,,,,,,,,0.0,0,ams-nd43-16-1955
herohalli-kunte6-newly-created,,,,,,,,0.0,0,ams-nd43-16-1955
herohalli-lake,,,,,,,False,0.0,0,ams-nd43-16-1955
herohalli-thotadakere,,,,,,,,0.0,0,ams-nd43-16-1955
hesaraghatta-kere-east,,,,,,,True,93.8,7637173,ams-nd43-12-1955
hesaraghatta-lake,,,,,,,True,78.3,10656442,ams-nd43-12-1955
hettakki-lake,,,,,,,True,80.8,447002,ams-nd44-9-1955
hilaligi-lake,,,,True,80.1,116212,True,98.6,169899,ams-nd44-13-1955;soi-57h9-1945
hilaligi-lake-2,,,,,0.0,0,,0.0,0,ams-nd44-13-1955;soi-57h9-1945
hinnakki-lake,,,,True,46.3,193303,True,78.7,728368,ams-nd44-13-1955;soi-57h9-1945
hirandahalli-kunte-1,,0.0,0,,,,,0.0,0,ams-nd44-9-1955;soi-57g12-1927
hirandahalli-kunte-2,,0.0,0,,,,,0.0,0,ams-nd44-9-1955;soi-57g12-1927
hirandahalli-kunte-3,,0.0,0,,,,,0.0,0,ams-nd44-9-1955;soi-57g12-1927
hirandahalli-kunte-4,,0.0,0,,,,,0.0,0,ams-nd44-9-1955;soi-57g12-1927
hire-kere,,,,,,,True,95.7,1621996,ams-nd43-12-1955
hiregenahalli-kere,,,,,,,True,70.8,92650,ams-nd44-9-1955
hittarahalli-lake,True,34.3,104965,,,,True,52.8,185275,ams-nd44-9-1955;soi-57g12-1927
holegeripura-lake,,,,,,,True,56.5,1990656,ams-nd44-9-1955
hommadevanahalli-kere2,,,,,0.0,0,,0.0,0,ams-nd44-13-1955;soi-57h9-1945
hommadevanahalli-kunte1,,,,,0.0,0,,0.0,0,ams-nd44-13-1955;soi-57h9-1945
hommadevanahalli-kunte1-2,,,,,0.0,0,,0.0,0,ams-nd44-13-1955;soi-57h9-1945
hommadevanahalli-kunte2,,,,,0.0,0,,0.0,0,ams-nd44-13-1955;soi-57h9-1945
hommedevanahalli-kere,,,,,0.0,0,,0.0,0,ams-nd44-13-1955;soi-57h9-1945
hompalaghatta-east-lake,,,,,,,,0.0,0,ams-nd44-13-1955
hompalaghatta-lake,,,,,,,,0.0,0,ams-nd44-13-1955
honepalya-kere,,,,,,,,0.0,0,ams-nd43-12-1955
hongasandra-kunte,,,,,0.0,0,,0.0,0,ams-nd44-13-1955;soi-57h9-1945
hongekere,,,,,0.0,0,,0.0,0,ams-nd44-13-1955;soi-57h9-1945
honna-kalashapura-lake,,,,,,,,0.0,0,ams-nd44-13-1955
honnadevipura-kere,,,,,,,True,33.1,248838,ams-nd43-12-1955
honnadevipura-lake,,,,,,,,0.0,0,ams-nd43-12-1955
honnasandra-kere,,,,,,,True,92.4,740812,ams-nd43-12-1955
honnashetti-kere,,,,,0.0,0,,0.0,0,ams-nd44-13-1955;soi-57h9-1945
honnenahalli-kere,True,18.9,6720,,,,,0.0,0,ams-nd44-9-1955;soi-57g12-1927
honnenahalli-kunte-1,,0.0,0,,,,,0.0,0,ams-nd44-9-1955;soi-57g12-1927
honnenahalli-kunte-2,,0.0,0,,,,,0.0,0,ams-nd44-9-1955;soi-57g12-1927
honnenahalli-lake,,,,,,,True,0.0,131833,ams-nd43-12-1955
hoodi-kere-2,,,,,0.0,0,,,,soi-57h9-1945
hoodi-kunte1,,,,,0.0,0,,0.0,0,ams-nd44-13-1955;soi-57h9-1945
hoodi-kunte10,,,,,0.0,0,,0.0,0,ams-nd44-13-1955;soi-57h9-1945
hoodi-kunte11,,,,,0.0,0,,0.0,0,ams-nd44-13-1955;soi-57h9-1945
hoodi-kunte2,,,,,0.0,0,,0.0,0,ams-nd44-13-1955;soi-57h9-1945
hoodi-kunte3,,,,,0.0,0,,0.0,0,ams-nd44-13-1955;soi-57h9-1945
hoodi-kunte4,,,,,0.0,0,,0.0,0,ams-nd44-13-1955;soi-57h9-1945
hoodi-kunte5,,,,,0.0,0,,0.0,0,ams-nd44-13-1955;soi-57h9-1945
hoodi-kunte6,,,,,0.0,0,,0.0,0,ams-nd44-13-1955;soi-57h9-1945
hoodi-kunte7,,,,,0.0,0,,0.0,0,ams-nd44-13-1955;soi-57h9-1945
hoodi-kunte8,,,,,0.0,0,,0.0,0,ams-nd44-13-1955;soi-57h9-1945
hoodi-kunte9,,,,,0.0,0,,0.0,0,ams-nd44-13-1955;soi-57h9-1945
horamavu-agara,True,95.7,173936,,,,True,74.3,156721,ams-nd44-9-1955;soi-57g12-1927
horamavu-kere,True,56.1,42143,,,,True,100.0,265090,ams-nd44-9-1955;soi-57g12-1927
hosa-bairohalli,,,,,,,,0.0,0,ams-nd43-16-1955
hosa-dimbahalli-kere,,,,,,,,0.0,0,ams-nd44-9-1955
hosa-katte-newly-created,,,,,,,,0.0,0,ams-nd43-16-1955
hosa-kere,True,9.0,14651,,,,False,0.0,0,ams-nd44-9-1955;soi-57g12-1927
hosadoddi-lake,,,,,,,False,0.0,0,ams-nd43-16-1955
hosadoddi-lake-1,,,,,,,,0.0,0,ams-nd43-16-1955
hosahalli-golarapalya-kunte,,,,,,,,0.0,0,ams-nd43-16-1955
hosahalli-govt-lake,,,,,,,,0.0,0,ams-nd44-13-1955
hosahalli-kere,,,,,,,True,80.9,593355,ams-nd43-12-1955
hosahalli-kunte,,,,,0.0,0,,0.0,0,ams-nd44-13-1955;soi-57h9-1945
hosahalli-kunte-1,,,,,,,,0.0,0,ams-nd44-13-1955
hosahalli-kunte-2,,,,,,,,0.0,0,ams-nd44-13-1955
hosahalli-kunte-3,,,,,,,,0.0,0,ams-nd44-13-1955
hosahalli-kunte-4,,,,,,,,0.0,0,ams-nd44-13-1955
hosahalli-kunte-5,,,,,,,,0.0,0,ams-nd44-13-1955
hosahalli-kunte-6,,,,,,,,0.0,0,ams-nd44-13-1955
hosahalli-lake,True,88.2,773445,,,,True,100.0,1234839,ams-nd44-9-1955;soi-57g12-1927
hosahalli-lake-2,,,,,,,,0.0,0,ams-nd43-12-1955
hosahalli-lake-3,,,,,,,True,88.4,117669,ams-nd43-12-1955
hosakere,,,,True,65.8,35298,,0.0,0,ams-nd44-13-1955;soi-57h9-1945
hosakere-2,,,,,0.0,0,False,0.0,0,ams-nd44-13-1955;soi-57h9-1945
hosakere-3,,,,True,49.7,173400,True,51.9,182309,ams-nd44-13-1955;soi-57h9-1945
hosakere-lake,,,,,,,,0.0,0,ams-nd43-16-1955
hosakerehalli-kere,,,,True,12.7,28898,True,45.4,122581,ams-nd44-13-1955;soi-57h9-1945
hosakote-doddaamanikere,,,,,,,True,93.5,14512179,ams-nd44-9-1955
hosapalya-2r,,,,,,,,0.0,0,ams-nd43-12-1955
hosapalya-4r,,,,,,,True,0.0,53171,ams-nd43-12-1955
hosapalya-lake,,,,,,,,0.0,0,ams-nd43-16-1955
hosapalya-lake-1,,,,,,,,0.0,0,ams-nd43-16-1955
hosavenkatapura-kere,,,,,,,True,46.4,143983,ams-nd44-9-1955
hosuru-kere,,,,,,,,0.0,0,ams-nd44-9-1955
hoysalanagara-lake,,,,,0.0,0,True,62.9,79888,ams-nd44-13-1955;soi-57h9-1945
huchchanapalya-kere,,,,,,,True,47.9,221160,ams-nd43-12-1955
huchegowdanpalya-kere,,,,,,,True,64.3,95684,ams-nd43-12-1955
hulavanhalli-lake-1,,,,,,,False,0.0,0,ams-nd44-9-1955
hulavanhalli-lake-2,,,,,,,,0.0,0,ams-nd44-9-1955
hulimangala-govt-kodi-kere,,,,,0.0,0,,0.0,0,ams-nd44-13-1955;soi-57h9-1945
hulimangala-kunte1,,,,,0.0,0,,0.0,0,ams-nd44-13-1955;soi-57h9-1945
hulimangala-kunte2,,,,,0.0,0,,0.0,0,ams-nd44-13-1955;soi-57h9-1945
hulimangala-kunte3,,,,,0.0,0,,0.0,0,ams-nd44-13-1955;soi-57h9-1945
hulimangala-kunte4,,,,,0.0,0,,0.0,0,ams-nd44-13-1955;soi-57h9-1945
hulimangala-kunte5,,,,,0.0,0,True,99.1,121807,ams-nd44-13-1955;soi-57h9-1945
hulimangala-kunte6,,,,,0.0,0,,0.0,0,ams-nd44-13-1955;soi-57h9-1945
hulimangala-kunte7,,,,,0.0,0,,0.0,0,ams-nd44-13-1955;soi-57h9-1945
hulimavu-kere,,,,True,38.2,194337,True,99.5,590315,ams-nd44-13-1955;soi-57h9-1945
hulkur-kere,,,,,,,,0.0,0,ams-nd43-12-1955
hullahalli-kere,,,,,0.0,0,False,0.0,0,ams-nd44-13-1955;soi-57h9-1945
hullahalli-kunte1,,,,,0.0,0,,0.0,0,ams-nd44-13-1955;soi-57h9-1945
hullahalli-kunte2,,,,,0.0,0,,0.0,0,ams-nd44-13-1955;soi-57h9-1945
hullahalli-kunte3,,,,True,0.0,61110,,0.0,0,ams-nd44-13-1955;soi-57h9-1945
hullur-kere,,,,,,,True,94.9,4744528,ams-nd44-9-1955
hulvenahalli-lake,,,,,,,,0.0,0,ams-nd43-16-1955
hulvenahalli-lake-1,,,,,,,,0.0,0,ams-nd43-16-1955
hunasuru-lake,True,13.1,40385,,,,True,39.9,151098,ams-nd44-9-1955;soi-57g12-1927
hunisemaradapalya-kere,,,,,,,False,0.0,0,ams-nd43-16-1955
hunisemaradapalya-la,,,,,,,,0.0,0,ams-nd43-16-1955
hunnaganahalli-lake,,,,,,,,0.0,0,ams-nd43-16-1955
hunnegere-low-kere,,,,,,,True,35.4,136826,ams-nd43-12-1955
hunnegere-up-kere,,,,,,,,0.0,0,ams-nd43-12-1955
hunnigere-lake,,,,,,,,0.0,0,ams-nd43-16-1955
huralichikkanahalli-kunte,,,,,,,,0.0,0,ams-nd43-12-1955
huralihalli-kere,,,,,,,True,54.1,106322,ams-nd43-12-1955
huskur-govt-lake,,,,True,33.4,252871,True,96.0,427367,ams-nd44-13-1955;soi-57h9-1945
huskuru-kere,,,,,,,,0.0,0,ams-nd44-9-1955
huskuru-kere-2,,,,,0.0,0,,0.0,0,ams-nd44-13-1955;soi-57h9-1945
huskuru-kunte-2,,,,,0.0,0,,0.0,0,ams-nd44-13-1955;soi-57h9-1945
huskuru-kunte-3,,,,,0.0,0,,0.0,0,ams-nd44-13-1955;soi-57h9-1945
huvinaikanahalli-lake,True,17.5,31418,,,,True,35.9,69836,ams-nd44-9-1955;soi-57g12-1927
ibbalur-govt-lake,,,,True,87.8,76031,,0.0,0,ams-nd44-13-1955;soi-57h9-1945
ibbalur-kunte,,,,,0.0,0,,0.0,0,ams-nd44-13-1955;soi-57h9-1945
ichanguru-lake,,,,,0.0,0,False,0.0,0,ams-nd44-13-1955;soi-57h9-1945
indlabele-kere,,,,,,,True,84.8,902843,ams-nd44-13-1955
indlavadi-lake,,,,,,,,0.0,0,ams-nd44-13-1955
indlavadipura-lake,,,,,,,,0.0,0,ams-nd44-13-1955
ishvanahalli-5r,,,,,,,True,38.1,637250,ams-nd43-12-1955
islur-kere,,,,,,,True,93.9,322217,ams-nd44-9-1955
itgalpura-lake,False,0.0,0,,,,False,0.0,0,ams-nd44-9-1955;soi-57g12-1927
ittagalapura-kere,True,50.1,8937,,,,,0.0,0,ams-nd44-9-1955;soi-57g12-1927
ittagalapura-kunte,,0.0,0,,,,,0.0,0,ams-nd44-9-1955;soi-57g12-1927
ittamadu-kere,,,,,0.0,0,,0.0,0,ams-nd44-13-1955;soi-57h9-1945
ittamadu-kunte,,,,,0.0,0,,0.0,0,ams-nd44-13-1955;soi-57h9-1945
ittangur-kere,,,,,,,True,22.3,55827,ams-nd44-13-1955
ivarakangapura-kere,True,85.3,472013,,,,True,92.1,1104191,ams-nd44-9-1955;soi-57g12-1927
j-p-park-kere,True,62.1,222364,,,,True,100.0,484449,ams-nd44-9-1955;soi-57g12-1927
jadigenahalli-kere,,,,,,,True,98.5,553094,ams-nd44-9-1955
jajura-lake1,,,,,,,,0.0,0,ams-nd43-12-1955
jajura-lake2,,,,,,,,0.0,0,ams-nd43-12-1955
jakkanahalli-6r,,,,,,,True,63.5,233233,ams-nd43-12-1955
jakkanahalli-small,,,,,,,,0.0,0,ams-nd43-12-1955
jakkasandra-kere,,,,,,,,0.0,0,ams-nd43-12-1955
jakkasandra-kunte,,0.0,0,,,,,0.0,0,ams-nd44-9-1955;soi-57g12-1927
jakkasandra-kunte-1,,,,,0.0,0,,0.0,0,ams-nd44-13-1955;soi-57h9-1945
jakkasandra-kunte-2,,,,,0.0,0,,0.0,0,ams-nd44-13-1955;soi-57h9-1945
jakkur-lake,True,84.2,588340,,,,True,99.9,1184130,ams-nd44-9-1955;soi-57g12-1927
jalahalli-kunte,,0.0,0,,,,,0.0,0,ams-nd44-9-1955;soi-57g12-1927
jalamaranahalli-lake,,,,,,,False,0.0,0,ams-nd43-12-1955
jalige-kere,True,79.9,312082,,,,True,96.9,532221,ams-nd44-9-1955;soi-57g12-1927
jaligere-lake,,,,,,,,0.0,0,ams-nd43-12-1955
janaradhan-kere,,,,True,78.6,32077,,0.0,0,ams-nd44-13-1955;soi-57h9-1945
jaraganahalli-kere,,,,,0.0,0,,0.0,0,ams-nd44-13-1955;soi-57h9-1945
jaraganahalli-kere-2,,,,,0.0,0,,0.0,0,ams-nd44-13-1955;soi-57h9-1945
jarakabande,False,0.0,0,,,,,0.0,0,ams-nd44-9-1955;soi-57g12-1927
jarakabande-kavalu-kunte1,False,0.0,0,,,,,0.0,0,ams-nd44-9-1955;soi-57g12-1927
jarakabande-kavalu-kunte1-2,False,0.0,0,,,,,0.0,0,ams-nd44-9-1955;soi-57g12-1927
jarakabande-kavalu-kunte2,False,0.0,0,,,,,0.0,0,ams-nd44-9-1955;soi-57g12-1927
jarakabande-kavalu-kunte2-2,,0.0,0,,,,,0.0,0,ams-nd44-9-1955;soi-57g12-1927
jarakabandi-kaval-kelge-kere,True,91.7,245790,,,,True,100.0,320577,ams-nd44-9-1955;soi-57g12-1927
jarganahalli-lake,,,,,0.0,0,,0.0,0,ams-nd44-13-1955;soi-57h9-1945
javarayanapalya-lake,,,,,,,True,0.0,91428,ams-nd43-12-1955
jedihalli-lake,,,,,0.0,0,,0.0,0,ams-nd44-13-1955;soi-57h9-1945
jeltipalya-lake,,,,,,,,0.0,0,ams-nd43-16-1955
jigani-kere,,,,True,34.6,424857,True,76.9,854026,ams-nd44-13-1955;soi-57h9-1945
jigani-lake-2,,,,,0.0,0,False,0.0,0,ams-nd44-13-1955;soi-57h9-1945
jigla-kere,,,,,,,False,0.0,0,ams-nd44-13-1955
jimkenahalli-kere,True,22.4,6639,,,,,0.0,0,ams-nd44-9-1955;soi-57g12-1927
jinnagar-lake,,,,,,,True,76.6,110475,ams-nd44-9-1955
jogi-kere,,,,,0.0,0,,0.0,0,ams-nd44-13-1955;soi-57h9-1945
jogipalya-low-kere,,,,,,,,0.0,0,ams-nd43-12-1955
jogiplya-kere,,,,,,,,0.0,0,ams-nd43-12-1955
jomala-kunte,False,0.0,0,,,,,0.0,0,ams-nd44-9-1955;soi-57g12-1927
junnasandra-kere,,,,True,30.8,67060,False,0.0,0,ams-nd44-13-1955;soi-57h9-1945
juzuvadi-kere,,,,,,,True,52.2,307170,ams-nd44-13-1955
jyarakabande-kavalu-kunte,False,0.0,0,,,,,0.0,0,ams-nd44-9-1955;soi-57g12-1927
jyarakabande-kavalu-kunte-2,,0.0,0,,,,,0.0,0,ams-nd44-9-1955;soi-57g12-1927
jyotipura-lake,True,22.9,25394,,,,False,0.0,0,ams-nd44-9-1955;soi-57g12-1927
k-agrahara-kunte-4,,,,,0.0,0,,0.0,0,ams-nd44-13-1955;soi-57h9-1945
k-g-thippasandra-kere,,,,,0.0,0,,0.0,0,ams-nd44-13-1955;soi-57h9-1945
kaanurpalya-lake,,,,,,,True,82.7,384268,ams-nd43-12-1955
kachamaranahalli-govt-lake,,,,True,78.8,95363,,0.0,0,ams-nd44-13-1955;soi-57h9-1945
kachamaranahalli-kunte1,,,,True,0.0,95363,,0.0,0,ams-nd44-13-1955;soi-57h9-1945
kachamaranahalli-kunte2,,,,True,0.2,95363,,0.0,0,ams-nd44-13-1955;soi-57h9-1945
kachamaranahalli-kunte3,,,,,0.0,0,,0.0,0,ams-nd44-13-1955;soi-57h9-1945
kachamaranahalli-kunte4,,,,,0.0,0,,0.0,0,ams-nd44-13-1955;soi-57h9-1945
kachamaranahalli-kunte5,,,,,0.0,0,,0.0,0,ams-nd44-13-1955;soi-57h9-1945
kachamaranahalli-kunte6,,,,,0.0,0,,0.0,0,ams-nd44-13-1955;soi-57h9-1945
kachanahalli-kere,,,,,,,True,71.2,126883,ams-nd43-12-1955
kachanayakanahalli-lake,,,,True,70.0,81341,False,0.0,0,ams-nd44-13-1955;soi-57h9-1945
kacharkanahalli-lake,,,,,,,False,0.0,0,ams-nd44-13-1955
kachiganal-kere,,,,,,,,0.0,0,ams-nd44-9-1955
kachiganal-n-kere,,,,,,,True,78.2,489561,ams-nd44-9-1955
kachohalli-katte,,,,,,,,0.0,0,ams-nd43-16-1955
kachohalli-kere,,,,,,,True,51.4,140115,ams-nd43-12-1955;ams-nd43-16-1955
kachohalli-kunte-1,,,,,,,,0.0,0,ams-nd43-16-1955
kachohalli-kunte-2,,,,,,,,0.0,0,ams-nd43-16-1955
kada-agrahara-kunte,False,0.0,0,,,,,0.0,0,ams-nd44-9-1955;soi-57g12-1927
kada-agrahara-kunte-1,,,,,,,,0.0,0,ams-nd44-13-1955
kada-agrahara-kunte-2,,,,,,,,0.0,0,ams-nd44-13-1955
kadabisanahalli-kunte1,,,,,0.0,0,,0.0,0,ams-nd44-13-1955;soi-57h9-1945
kadabisanahalli-kunte2,,,,,0.0,0,,0.0,0,ams-nd44-13-1955;soi-57h9-1945
kadanur-kere,,,,,,,True,90.3,472823,ams-nd43-12-1955
kadaranahalli-kunte,,,,,,,,0.0,0,ams-nd43-12-1955
kade-agrahara-lake,,,,,,,False,0.0,0,ams-nd44-13-1955
kadegere-kere,True,54.6,53593,,,,True,74.6,88332,ams-nd44-9-1955;soi-57g12-1927
kadugodi-kunte-1,,,,,,,,0.0,0,ams-nd44-13-1955
kadugodi-kunte-2,,,,,,,,0.0,0,ams-nd44-13-1955
kadugodi-kunte-3,,,,,,,,0.0,0,ams-nd44-13-1955
kadugodi-kunte-4,,,,,,,,0.0,0,ams-nd44-13-1955
kadugodi-plantation-kunte,,,,,,,,0.0,0,ams-nd44-13-1955
kadusiddanapalya-lak,,,,,,,,0.0,0,ams-nd43-16-1955
kadusonnappanahalli-kere,False,0.0,0,,,,,0.0,0,ams-nd44-9-1955;soi-57g12-1927
kadusonnappanahalli-kunte,,0.0,0,,,,,0.0,0,ams-nd44-9-1955;soi-57g12-1927
kagalipura-kunte,,,,,0.0,0,,0.0,0,ams-nd44-13-1955;soi-57h9-1945
kaggadasapura-lake,,,,True,63.3,96258,True,91.1,240455,ams-nd44-13-1955;soi-57h9-1945
kaggalhalli-lake,,,,,,,False,0.0,0,ams-nd43-16-1955
kaggalipura-govt-lake,,,,True,88.3,65503,,0.0,0,ams-nd44-13-1955;soi-57h9-1945
kaggalipura-lake,,,,,0.0,0,False,0.0,0,ams-nd44-13-1955;soi-57h9-1945
kagganur-n,,,,,,,True,58.2,135730,ams-nd44-13-1955
kagur-lake,,,,,,,False,0.0,0,ams-nd44-13-1955
kaikondanahalli-kere,,,,True,73.8,202790,True,32.8,69800,ams-nd44-13-1955;soi-57h9-1945
kajarakanahalli-kunte,,0.0,0,,,,,0.0,0,ams-nd44-9-1955;soi-57g12-1927
kajarakanahalli-lake,True,77.2,165879,,,,True,100.0,241512,ams-nd44-9-1955;soi-57g12-1927
kakolu-kere,True,61.3,1068872,,,,True,97.0,3019268,ams-nd44-9-1955;soi-57g12-1927
kalagondanahalli-lake,True,54.2,75147,,,,True,73.9,102597,ams-nd44-9-1955;soi-57g12-1927
kalalghatta-kere,,,,,,,True,66.1,637250,ams-nd43-12-1955
kalanayakanapalya-la,,,,,,,,0.0,0,ams-nd43-16-1955
kalatammanahalli-kunte,,0.0,0,,,,,0.0,0,ams-nd44-9-1955;soi-57g12-1927
kalatammanahalli-lake,True,36.9,16062,,,,,0.0,0,ams-nd44-9-1955;soi-57g12-1927
kalena-agrahara-govt-lake,,,,,0.0,0,,0.0,0,ams-nd44-13-1955;soi-57h9-1945
kalena-agrahara-kunte,,,,,0.0,0,,0.0,0,ams-nd44-13-1955;soi-57h9-1945
kalenahalli-kere,True,69.2,37444,,,,True,100.0,1104191,ams-nd44-9-1955;soi-57g12-1927
kalenahalli-kunte,,0.0,0,,,,True,96.3,1104191,ams-nd44-9-1955;soi-57g12-1927
kalenahalli-lake,,,,,,,False,0.0,0,ams-nd43-12-1955
kalkere-kere,True,70.5,464538,,,,True,95.0,961231,ams-nd44-9-1955;soi-57g12-1927
kalkere-kunte1,,0.0,0,,,,,0.0,0,ams-nd44-9-1955;soi-57g12-1927
kalkere-kunte2,False,0.0,0,,,,,0.0,0,ams-nd44-9-1955;soi-57g12-1927
kalkere-kunte3,,0.0,0,,,,,0.0,0,ams-nd44-9-1955;soi-57g12-1927
kalkere-kunte4,,0.0,0,,,,,0.0,0,ams-nd44-9-1955;soi-57g12-1927
kalkere-sarkari-kunte,,,,,0.0,0,,0.0,0,ams-nd44-13-1955;soi-57h9-1945
kalkunte-agrahara-kere-e,,,,,,,False,0.0,0,ams-nd44-13-1955
kalkunte-agrahara-kere-upper,,,,,,,,0.0,0,ams-nd44-13-1955
kalkunte-agrahara-lake,,,,,,,True,53.2,88415,ams-nd44-13-1955
kallabalu-lake,,,,True,69.2,34202,,0.0,0,ams-nd44-13-1955;soi-57h9-1945
kallakatte,False,0.0,0,,,,,0.0,0,ams-nd44-9-1955;soi-57g12-1927
kallakere-lake-land,,,,,0.0,0,,0.0,0,ams-nd44-13-1955;soi-57h9-1945
kallanayakanahalli-lake,,,,,,,,0.0,0,ams-nd43-12-1955
kallapanakatte-kere,,,,,,,,0.0,0,ams-nd43-16-1955
kallodu-kere,,,,,,,True,41.0,136091,ams-nd43-12-1955
kallu-kunte-lake,,,,,,,,0.0,0,ams-nd43-12-1955
kalludevanahalli-lake,,,,,,,,0.0,0,ams-nd43-12-1955
kallukere-kunte,,,,,0.0,0,,0.0,0,ams-nd44-13-1955;soi-57h9-1945
kallukunte-lake-2,,,,,,,,0.0,0,ams-nd43-12-1955
kallupallya-kere,,,,,,,,0.0,0,ams-nd43-16-1955
kamakshipura-lake,,,,,,,,0.0,0,ams-nd43-12-1955
kamanhalli-lake,,,,,,,False,0.0,0,ams-nd44-13-1955
kambalipura-lake,,,,True,34.8,337419,True,96.6,822198,ams-nd44-13-1955;soi-57h9-1945
kambasandra-kere,,,,,,,,0.0,0,ams-nd43-12-1955
kambhipura-govt-karabu-kere-1,,,,,,,,0.0,0,ams-nd43-16-1955
kambhipura-govt-karabu-kere-2,,,,,,,,0.0,0,ams-nd43-16-1955
kambipura-kunte1,,,,,,,,0.0,0,ams-nd43-16-1955
kambipura-kunte2,,,,,,,,0.0,0,ams-nd43-16-1955
kambipura-kunte3,,,,,,,,0.0,0,ams-nd43-16-1955
kamblipura-lake,,,,,,,True,80.8,518097,ams-nd44-9-1955
kamenahalli-lake,True,7.8,4624,,,,,0.0,0,ams-nd44-9-1955;soi-57g12-1927
kammagondanahalli-kunte1,,0.0,0,,,,,0.0,0,ams-nd44-9-1955;soi-57g12-1927
kammagondanahalli-kunte2,,0.0,0,,,,,0.0,0,ams-nd44-9-1955;soi-57g12-1927
kammagondanahalli-lake,True,79.3,59780,,,,True,72.4,85496,ams-nd44-9-1955;soi-57g12-1927
kammanahalli-kunte1,,,,,0.0,0,,0.0,0,ams-nd44-13-1955;soi-57h9-1945
kammanahalli-kunte2,,,,,0.0,0,,0.0,0,ams-nd44-13-1955;soi-57h9-1945
kammanahalli-lake,,,,,0.0,0,False,0.0,0,ams-nd44-13-1955;soi-57h9-1945
kanakal-tanday-kere,,,,,,,,0.0,0,ams-nd43-16-1955
kanakal-tanday-kere-upper,,,,,,,,0.0,0,ams-nd43-16-1955
kanakenahalli-lake,,,,,,,False,0.0,0,ams-nd43-12-1955
kanaminiki-govt-kere,,,,,,,,0.0,0,ams-nd43-16-1955
kanavalli-lake,,,,,,,True,72.1,764166,ams-nd43-12-1955
kanavapalli-lake,,,,,,,True,55.9,128001,ams-nd44-13-1955
kanekallu-lake,,,,,,,False,0.0,0,ams-nd44-13-1955
kangondanahalli-kere,,,,,,,True,38.7,279276,ams-nd43-12-1955
kaniminike-kunte1,,,,,,,,0.0,0,ams-nd43-16-1955
kaniminike-kunte2,,,,,,,,0.0,0,ams-nd43-16-1955
kaniminike-kunte3,,,,,,,,0.0,0,ams-nd43-16-1955
kaniminike-kunte4,,,,,,,,0.0,0,ams-nd43-16-1955
kaniminike-kunte5,,,,,,,,0.0,0,ams-nd43-16-1955
kaniminike-kunte6,,,,,,,,0.0,0,ams-nd43-16-1955
kaniminike-kunte7,,,,,,,,0.0,0,ams-nd43-16-1955
kaniminike-kunte8,,,,,,,,0.0,0,ams-nd43-16-1955
kaniminike-kunte9,,,,,,,,0.0,0,ams-nd43-16-1955
kannaikana-agrahara-kere,,,,,0.0,0,,0.0,0,ams-nd44-13-1955;soi-57h9-1945
kannaikana-agrahara-kunte,,,,,0.0,0,,0.0,0,ams-nd44-13-1955;soi-57h9-1945
kannalli-katte-1-newly-created,,,,,,,,0.0,0,ams-nd43-16-1955
kannalli-katte-2-newly-created,,,,,,,,0.0,0,ams-nd43-16-1955
kannalli-kere,,,,,,,False,0.0,0,ams-nd43-16-1955
kannalli-kunte-1,,,,,,,,0.0,0,ams-nd43-16-1955
kannalli-kunte-2,,,,,,,,0.0,0,ams-nd43-16-1955
kannalli-kunte-3,,,,,,,,0.0,0,ams-nd43-16-1955
kannalli-kunte-4,,,,,,,,0.0,0,ams-nd43-16-1955
kannamangala-katte-1,,,,,,,,0.0,0,ams-nd44-9-1955
kannamangala-katte-2,,,,,,,,0.0,0,ams-nd44-9-1955
kannamangala-kere,,,,,,,True,48.1,138218,ams-nd43-12-1955
kannamangala-kere-2,True,58.3,202402,,,,True,76.6,292159,ams-nd44-9-1955;soi-57g12-1927
kannamangala-kere-3,,,,,,,,0.0,0,ams-nd44-9-1955
kannamangala-kunte1,,,,,,,,0.0,0,ams-nd44-9-1955
kannamangala-kunte2,,,,,,,,0.0,0,ams-nd44-9-1955
kannamangala-kunte3,,,,,,,,0.0,0,ams-nd44-9-1955
kannamangala-kunte4,,,,,,,,0.0,0,ams-nd44-9-1955
kannamangala-kunte5,,,,,,,,0.0,0,ams-nd44-9-1955
kannurhalli-lake,,,,,,,True,87.3,376276,ams-nd44-9-1955
kannuru-katte,False,0.0,0,,,,,0.0,0,ams-nd44-9-1955;soi-57g12-1927
kannuru-kere,True,67.8,158960,,,,True,92.8,267947,ams-nd44-9-1955;soi-57g12-1927
kannuru-kere1,False,0.0,0,,,,,0.0,0,ams-nd44-9-1955;soi-57g12-1927
kannuru-kunte-1,,0.0,0,,,,,0.0,0,ams-nd44-9-1955;soi-57g12-1927
kannuru-kunte-3,,0.0,0,,,,,0.0,0,ams-nd44-9-1955;soi-57g12-1927
kannuru-kunte2,,0.0,0,,,,,0.0,0,ams-nd44-9-1955;soi-57g12-1927
karabu-kere,True,50.2,45380,,,,False,0.0,0,ams-nd44-9-1955;soi-57g12-1927
karabu-kere-konappana-agrahara-lake,,,,,0.0,0,,0.0,0,ams-nd44-13-1955;soi-57h9-1945
karadipalya-lake,,,,,,,True,37.9,124780,ams-nd43-12-1955
karakalaghatta-colony-2-lake,,,,,,,True,100.0,108602,ams-nd44-13-1955
karakalaghatta-colony1-lake,,,,,,,True,96.6,108602,ams-nd44-13-1955
karakalaghatta-lake,,,,,,,,0.0,0,ams-nd44-13-1955
karanalu-kere,,,,,,,False,0.0,0,ams-nd44-9-1955
karanji-tank,,,,,0.0,0,,,,soi-57h9-1945
karehalli-kere,,,,,,,True,29.2,109161,ams-nd43-12-1955
karenahalli-lake,,,,,,,False,0.0,0,ams-nd43-16-1955
karepura-lake,,,,,,,,0.0,0,ams-nd43-12-1955
karethimmanahalli-lake,,,,True,94.5,21733,,0.0,0,ams-nd44-13-1955;soi-57h9-1945
karimsonnenahalli-kere,,,,,,,True,97.6,853595,ams-nd43-12-1955
karisandra-katte,,,,,0.0,0,,0.0,0,ams-nd44-13-1955;soi-57h9-1945
karisandra-kunte,,,,,0.0,0,,0.0,0,ams-nd44-13-1955;soi-57h9-1945
kariyanakunte-newly-created,,,,,,,,0.0,0,ams-nd43-16-1955
karpuru-lake,,,,,,,True,72.7,245151,ams-nd44-13-1955
karukunte-lake,,,,,,,,0.0,0,ams-nd43-12-1955
karunkunte-lake-2,,,,,,,False,0.0,0,ams-nd43-12-1955
kasaba-yeshwanthpura-kunte1,False,0.0,0,,,,,0.0,0,ams-nd44-9-1955;soi-57g12-1927
kasaba-yeshwanthpura-kunte2,,0.0,0,,,,,0.0,0,ams-nd44-9-1955;soi-57g12-1927
kasaba-yeshwantpur-kere,False,0.0,0,,,,,0.0,0,ams-nd44-9-1955;soi-57g12-1927
kasagattapura-kere-1,True,77.5,22306,,,,,0.0,0,ams-nd44-9-1955;soi-57g12-1927
kasagattapura-kere-1-2,False,0.0,0,,,,,0.0,0,ams-nd44-9-1955;soi-57g12-1927
kasagattapura-kere-3,True,42.0,29348,,,,,0.0,0,ams-nd44-9-1955;soi-57g12-1927
kasagattapura-kunte,,0.0,0,,,,,0.0,0,ams-nd44-9-1955;soi-57g12-1927
kasaghatta-lake,,,,,,,True,50.7,331045,ams-nd43-12-1955
kasaranghatta-kere,,,,,,,,0.0,0,ams-nd43-12-1955
kasavanahalli-kere,,,,True,76.0,134484,False,0.0,0,ams-nd44-13-1955;soi-57h9-1945
kasavanahalli-kunte1,,,,,0.0,0,,0.0,0,ams-nd44-13-1955;soi-57h9-1945
kasavanahalli-kunte2,,,,,0.0,0,,0.0,0,ams-nd44-13-1955;soi-57h9-1945
kasavanahalli-kunte3,,,,,0.0,0,,0.0,0,ams-nd44-13-1955;soi-57h9-1945
kasavanahalli-kunte4,,,,,0.0,0,,0.0,0,ams-nd44-13-1955;soi-57h9-1945
kasavanahalli-kunte5,,,,,0.0,0,,0.0,0,ams-nd44-13-1955;soi-57h9-1945
katamnalluru-kere,,,,,,,,0.0,0,ams-nd44-9-1955
katamnalluru-kunte1,,,,,,,,0.0,0,ams-nd44-9-1955
katamnalluru-kunte2,,,,,,,,0.0,0,ams-nd44-9-1955
kathriguppe-kunte-1,,,,,,,,0.0,0,ams-nd44-13-1955
kathriguppe-kunte-2,,,,,,,,0.0,0,ams-nd44-13-1955
kathriguppe-kunte-3,,,,,,,,0.0,0,ams-nd44-13-1955
kathriguppe-kunte-4,,,,,,,,0.0,0,ams-nd44-13-1955
katigenahalli-n,,,,,,,,0.0,0,ams-nd44-9-1955
kattalepalya-lake,,,,,,,,0.0,0,ams-nd43-16-1955
kattalepalya-lake-1,,,,,,,,0.0,0,ams-nd43-16-1955
kattigenahalli-lake,True,36.3,35314,,,,True,60.9,81211,ams-nd44-9-1955;soi-57g12-1927
kattigenahalli-lower,,,,,,,True,14.9,101922,ams-nd44-9-1955
kattihosahalli-lake,,,,,,,,0.0,0,ams-nd43-12-1955
kebbapalya-ne,False,0.0,0,,,,,0.0,0,ams-nd44-9-1955;soi-57g12-1927
kebliganahalli-kere,,,,,,,,0.0,0,ams-nd44-9-1955
kelaginakere,,,,True,36.1,39066,,0.0,0,ams-nd44-13-1955;soi-57h9-1945
kembathahali-kere,,,,,0.0,0,,0.0,0,ams-nd44-13-1955;soi-57h9-1945
kembathahali-kunte,,,,,0.0,0,,0.0,0,ams-nd44-13-1955;soi-57h9-1945
kembliganahalli-kere,,,,,,,True,100.0,1865281,ams-nd44-9-1955
kemp-agrah-kunte-3,,,,,0.0,0,,0.0,0,ams-nd44-13-1955;soi-57h9-1945
kemp-agrah-kunte-5,,,,,0.0,0,,0.0,0,ams-nd44-13-1955;soi-57h9-1945
kemp-agrah-kunte-6,,,,,0.0,0,,0.0,0,ams-nd44-13-1955;soi-57h9-1945
kemp-agrah-kunte-7,,,,,0.0,0,,0.0,0,ams-nd44-13-1955;soi-57h9-1945
kemp-agrah-kunte-8,,,,,0.0,0,,0.0,0,ams-nd44-13-1955;soi-57h9-1945
kempadevanahalli-kere,,,,,,,,0.0,0,ams-nd43-16-1955
kempaguddanahalli-lake,,,,,,,,0.0,0,ams-nd43-16-1955
kempalinganahalli-kere,,,,,,,False,0.0,0,ams-nd43-12-1955
kempambudhi-lake,,,,True,14.7,35999,True,21.9,141954,ams-nd44-13-1955;soi-57h9-1945
kempanahali-kunte,,0.0,0,,,,,0.0,0,ams-nd44-9-1955;soi-57g12-1927
kempanayanakere,,,,,0.0,0,False,0.0,0,ams-nd44-13-1955;soi-57h9-1945
kempapura-agrahara-kere,,,,,0.0,0,,0.0,0,ams-nd44-13-1955;soi-57h9-1945
kempapura-agrahara-kunte-1,,,,,0.0,0,,0.0,0,ams-nd44-13-1955;soi-57h9-1945
kempapura-agrahara-kunte-10,,,,,0.0,0,,0.0,0,ams-nd44-13-1955;soi-57h9-1945
kempapura-agrahara-kunte-2,,,,,0.0,0,,0.0,0,ams-nd44-13-1955;soi-57h9-1945
kempapura-agrahara-kunte-9,,,,,0.0,0,,0.0,0,ams-nd44-13-1955;soi-57h9-1945
kempapura-kunte,,0.0,0,,,,,0.0,0,ams-nd44-9-1955;soi-57g12-1927
kempapura-kunte-1,,0.0,0,,,,,0.0,0,ams-nd44-9-1955;soi-57g12-1927
kempapura-kunte-2,,0.0,0,,,,,0.0,0,ams-nd44-9-1955;soi-57g12-1927
kempapura-lake,,,,,,,True,94.2,365596,ams-nd44-9-1955
kempaura-agrahara-lo-kere,,,,,,,,0.0,0,ams-nd43-12-1955
kempaura-agrahara-up-kere,,,,,,,False,0.0,0,ams-nd43-12-1955
kempegowda-nagar-lake,,,,,,,,0.0,0,ams-nd44-13-1955
kempegowdanagar-lake-1,,,,,,,,0.0,0,ams-nd43-16-1955
kempohalli-lake,,,,,,,,0.0,0,ams-nd43-12-1955
kempu-vaderahalli-lake,,,,,,,True,50.7,282356,ams-nd44-13-1955
kenchanapura-govt-lake,,,,,,,,0.0,0,ams-nd43-16-1955
kenchanapura-kere,,,,,,,True,71.0,246689,ams-nd43-12-1955
kenchanapura-kunte1,,,,,,,,0.0,0,ams-nd43-16-1955
kenchanapura-kunte2,,,,,,,,0.0,0,ams-nd43-16-1955
kenchanapura-kunte3,,,,,,,,0.0,0,ams-nd43-16-1955
kenchinahalli-kere,,,,True,95.8,53601,,0.0,0,ams-nd44-13-1955;soi-57h9-1945
kengal-lake,,,,,,,True,37.4,70197,ams-nd43-12-1955
kengalkempohalli-kere,,,,,,,,0.0,0,ams-nd43-12-1955
kenganahalli-kere,,,,,,,False,0.0,0,ams-nd43-12-1955
kengeri-1,,,,,,,True,61.8,142269,ams-nd43-16-1955
kengeri-2,,,,,,,True,55.4,142269,ams-nd43-16-1955
kengeri-kunte-1,,,,,,,,0.0,0,ams-nd43-16-1955
kengeri-kunte-10,,,,,,,,0.0,0,ams-nd43-16-1955
kengeri-kunte-11,,,,,,,,0.0,0,ams-nd43-16-1955
kengeri-kunte-12,,,,,,,,0.0,0,ams-nd43-16-1955
kengeri-kunte-2,,,,,,,,0.0,0,ams-nd43-16-1955
kengeri-kunte-3,,,,,,,,0.0,0,ams-nd43-16-1955
kengeri-kunte-4,,,,,,,,0.0,0,ams-nd43-16-1955
kengeri-kunte-5,,,,,,,,0.0,0,ams-nd43-16-1955
kengeri-kunte-6,,,,,,,,0.0,0,ams-nd43-16-1955
kengeri-kunte-7,,,,,,,,0.0,0,ams-nd43-16-1955
kengeri-kunte-8,,,,,,,,0.0,0,ams-nd43-16-1955
kengeri-kunte-9,,,,,,,,0.0,0,ams-nd43-16-1955
keregulladahalli-kunte,,0.0,0,,,,,0.0,0,ams-nd44-9-1955;soi-57g12-1927
kerekattiganuru-kere,,,,,,,True,15.7,267970,ams-nd43-12-1955
keremare-katte,,,,,,,,0.0,0,ams-nd43-16-1955
kethamaranahalli-kere-1,False,0.0,0,,,,,0.0,0,ams-nd44-9-1955;soi-57g12-1927
kethamaranahalli-kere-2,,,,True,98.9,84884,True,24.5,91520,ams-nd44-13-1955;soi-57h9-1945
kethamaranahalli-kere-3,,,,,0.0,0,,0.0,0,ams-nd44-13-1955;soi-57h9-1945
kethamaranahalli-kere-4,False,0.0,0,,,,,0.0,0,ams-nd44-9-1955;soi-57g12-1927
kethamaranahalli-kunte1,,,,,0.0,0,,0.0,0,ams-nd44-13-1955;soi-57h9-1945
kethamaranahalli-kunte2,,,,,0.0,0,,,,soi-57h9-1945
kethamaranahalli-kunte3,,,,,0.0,0,,0.0,0,ams-nd44-13-1955;soi-57h9-1945
kethohalli-kunte,,,,,,,,0.0,0,ams-nd43-16-1955
ketohalli-kere,,,,,,,,0.0,0,ams-nd43-16-1955
ketohalli-kere-n,,,,,,,,0.0,0,ams-nd43-16-1955
ketohalli-kere-s,,,,,,,,0.0,0,ams-nd43-16-1955
khajisonnenahalli-kunte1,,,,,,,,0.0,0,ams-nd44-9-1955
khajisonnenahalli-kunte10,,,,,,,,0.0,0,ams-nd44-9-1955
khajisonnenahalli-kunte2,,,,,,,,0.0,0,ams-nd44-9-1955
khajisonnenahalli-kunte3,,,,,,,,0.0,0,ams-nd44-9-1955
khajisonnenahalli-kunte4,,,,,,,,0.0,0,ams-nd44-9-1955
khajisonnenahalli-kunte4-2,,,,,,,,0.0,0,ams-nd44-9-1955
khajisonnenahalli-kunte5,,,,,,,,0.0,0,ams-nd44-9-1955
khajisonnenahalli-kunte6,,,,,,,,0.0,0,ams-nd44-9-1955
khajisonnenahalli-kunte8,,,,,,,,0.0,0,ams-nd44-9-1955
khajisonnenahalli-kunte9,,,,,,,,0.0,0,ams-nd44-9-1955
kilaranahalli-lake,,,,,,,,0.0,0,ams-nd43-12-1955
kiribirana-hosahalli-kere,,,,,,,,0.0,0,ams-nd44-9-1955
kithaganuru-katte,False,0.0,0,,,,,0.0,0,ams-nd44-9-1955;soi-57g12-1927
kithaganuru-kunte-1,,0.0,0,,,,,0.0,0,ams-nd44-9-1955;soi-57g12-1927
kithaganuru-kunte-2,,0.0,0,,,,,0.0,0,ams-nd44-9-1955;soi-57g12-1927
kithaganuru-kunte-3,,0.0,0,,,,,0.0,0,ams-nd44-9-1955;soi-57g12-1927
kithaganuru-kunte-4,,0.0,0,,,,,0.0,0,ams-nd44-9-1955;soi-57g12-1927
kithaganuru-kunte-5,,0.0,0,,,,,0.0,0,ams-nd44-9-1955;soi-57g12-1927
kithaganuru-kunte-6,,0.0,0,,,,,0.0,0,ams-nd44-9-1955;soi-57g12-1927
kittanahalli-kere,,,,,,,False,0.0,0,ams-nd43-12-1955
kittanahallipalya-kere,,,,,,,,0.0,0,ams-nd43-12-1955
kittanahallipalya-lo-kere,,,,,,,,0.0,0,ams-nd43-12-1955
kitthaganuru-kere,True,65.6,61322,,,,True,82.4,94774,ams-nd44-9-1955;soi-57g12-1927
kittiganahalli-lake,,,,True,51.4,58168,True,57.7,89984,ams-nd44-13-1955;soi-57h9-1945
kodagi-singasandra-kere,,,,True,97.9,76323,,0.0,0,ams-nd44-13-1955;soi-57h9-1945
kodagikere,,,,,,,False,0.0,0,ams-nd44-13-1955
kodagithirumalapura-kunte,,,,,,,,0.0,0,ams-nd43-12-1955
kodagithirumalpura-kere,,,,,,,,0.0,0,ams-nd43-12-1955
kodathi-kunte-17,,,,,0.0,0,,0.0,0,ams-nd44-13-1955;soi-57h9-1945
kodathi-kunte1,,,,,0.0,0,,0.0,0,ams-nd44-13-1955;soi-57h9-1945
kodathi-kunte10,,,,,0.0,0,,0.0,0,ams-nd44-13-1955;soi-57h9-1945
kodathi-kunte11,,,,,0.0,0,,0.0,0,ams-nd44-13-1955;soi-57h9-1945
kodathi-kunte12,,,,,0.0,0,,0.0,0,ams-nd44-13-1955;soi-57h9-1945
kodathi-kunte13,,,,,0.0,0,,0.0,0,ams-nd44-13-1955;soi-57h9-1945
kodathi-kunte14,,,,,0.0,0,,0.0,0,ams-nd44-13-1955;soi-57h9-1945
kodathi-kunte15,,,,,0.0,0,,0.0,0,ams-nd44-13-1955;soi-57h9-1945
kodathi-kunte16,,,,True,71.2,48162,,0.0,0,ams-nd44-13-1955;soi-57h9-1945
kodathi-kunte2,,,,,0.0,0,,0.0,0,ams-nd44-13-1955;soi-57h9-1945
kodathi-kunte3,,,,,0.0,0,,0.0,0,ams-nd44-13-1955;soi-57h9-1945
kodathi-kunte4,,,,,0.0,0,,0.0,0,ams-nd44-13-1955;soi-57h9-1945
kodathi-kunte5,,,,,0.0,0,,0.0,0,ams-nd44-13-1955;soi-57h9-1945
kodathi-kunte6,,,,,0.0,0,,0.0,0,ams-nd44-13-1955;soi-57h9-1945
kodathi-kunte7,,,,,0.0,0,,0.0,0,ams-nd44-13-1955;soi-57h9-1945
kodathi-kunte8,,,,,0.0,0,,0.0,0,ams-nd44-13-1955;soi-57h9-1945
kodathi-kunte9,,,,,0.0,0,,0.0,0,ams-nd44-13-1955;soi-57h9-1945
kodatti-kere,True,75.4,85594,,,,True,63.9,98330,ams-nd44-9-1955;soi-57g12-1927
kodaturu-kere,True,55.2,486365,,,,True,68.8,996026,ams-nd44-9-1955;soi-57g12-1927
kodgibommanahalli-kere,,,,,,,False,0.0,0,ams-nd43-12-1955
kodigehalli-kere,,,,,,,,0.0,0,ams-nd43-16-1955
kodigehalli-kere-2,,,,,,,True,67.9,57726,ams-nd44-9-1955
kodigehalli-kere-2-2,,,,,,,,0.0,0,ams-nd44-9-1955
kodigehalli-kunte,,,,,,,,0.0,0,ams-nd43-16-1955
kodigehalli-kunte-4,,0.0,0,,,,,0.0,0,ams-nd44-9-1955;soi-57g12-1927
kodigehalli-kunte1,,0.0,0,,,,,0.0,0,ams-nd44-9-1955;soi-57g12-1927
kodigehalli-kunte1-2,,0.0,0,,,,,0.0,0,ams-nd44-9-1955;soi-57g12-1927
kodigehalli-kunte2,,0.0,0,,,,,0.0,0,ams-nd44-9-1955;soi-57g12-1927
kodigehalli-kunte2-2,,0.0,0,,,,,0.0,0,ams-nd44-9-1955;soi-57g12-1927
kodigehalli-kunte3,,0.0,0,,,,,0.0,0,ams-nd44-9-1955;soi-57g12-1927
kodigehalli-kunte3-2,,0.0,0,,,,,0.0,0,ams-nd44-9-1955;soi-57g12-1927
kodigehalli-kunte4,,0.0,0,,,,,0.0,0,ams-nd44-9-1955;soi-57g12-1927
kodigehalli-lake,,,,True,31.0,64760,False,0.0,0,ams-nd44-13-1955;soi-57h9-1945
kodigehalli-lake-2,False,0.0,0,,,,,0.0,0,ams-nd44-9-1955;soi-57g12-1927
kodigehalli-plantation-kunte-1,False,0.0,0,,,,,0.0,0,ams-nd44-9-1955;soi-57g12-1927
kodigehalli-plantation-kunte-2,False,0.0,0,,,,,0.0,0,ams-nd44-9-1955;soi-57g12-1927
kodihalli-kere,,,,,,,True,36.1,393418,ams-nd43-12-1955
kodihalli-kere-2,,,,,,,True,96.3,685560,ams-nd44-9-1955
kodihalli-kere-3,,,,True,12.7,62119,False,0.0,0,ams-nd44-13-1955;soi-57h9-1945
kodihalli-kunte1,,,,,0.0,0,,0.0,0,ams-nd44-13-1955;soi-57h9-1945
kodihalli-kunte2,,,,,0.0,0,,0.0,0,ams-nd44-13-1955;soi-57h9-1945
kodipalya-kere,,,,,,,True,58.8,309046,ams-nd43-12-1955
kodipura-lake,,,,,,,,0.0,0,ams-nd44-13-1955
kodlu-kunte-1,,,,,0.0,0,,0.0,0,ams-nd44-13-1955;soi-57h9-1945
kodlu-kunte-2,,,,,0.0,0,,0.0,0,ams-nd44-13-1955;soi-57h9-1945
kogilu-kere,True,56.4,156419,,,,True,93.1,346264,ams-nd44-9-1955;soi-57g12-1927
kogilu-kunte,,0.0,0,,,,,0.0,0,ams-nd44-9-1955;soi-57g12-1927
kolapurapalya-kere,,,,,,,True,51.9,110603,ams-nd43-12-1955
kolatur-kere,,,,,,,True,76.1,507456,ams-nd44-9-1955
kolipura-kere,,,,,,,,0.0,0,ams-nd44-9-1955
kollipaya-2r,,,,,,,,0.0,0,ams-nd43-12-1955
kolur-kere,,,,,,,,0.0,0,ams-nd43-16-1955
kolur-kere-2,,,,,,,True,77.9,517983,ams-nd44-9-1955
koluru-gururayanapura-kunte2,,,,,,,,0.0,0,ams-nd43-16-1955
koluru-gururayanapura-kunte3,,,,,,,,0.0,0,ams-nd43-16-1955
koluru-kunte-1,,,,,,,,0.0,0,ams-nd43-16-1955
koluru-kunte-2,,,,,,,,0.0,0,ams-nd43-16-1955
koluru-kunte-3,,,,,,,,0.0,0,ams-nd43-16-1955
koluru-kunte-4,,,,,,,,0.0,0,ams-nd43-16-1955
koluru-nanjunadapura-kunte,,,,,,,,0.0,0,ams-nd43-16-1955
koluvarayanahalli-lake,True,40.1,48053,,,,True,52.4,156001,ams-nd44-9-1955;soi-57g12-1927
komaranappali-south-lake,,,,,,,,0.0,0,ams-nd44-13-1955
kommaghatta-gokatte,,,,,,,,0.0,0,ams-nd43-16-1955
kommaghatta-govt-lake,,,,,,,True,85.3,150028,ams-nd43-16-1955
kommaghatta-katte,,,,,,,,0.0,0,ams-nd43-16-1955
kommaghatta-krishnasagara-kunte1,,,,,,,,0.0,0,ams-nd43-16-1955
kommaghatta-kunte,,,,,,,,0.0,0,ams-nd43-16-1955
kommasandra-kere-1,,,,,0.0,0,False,0.0,0,ams-nd44-13-1955;soi-57h9-1945
kommasandra-kunte-1,,,,,0.0,0,,0.0,0,ams-nd44-13-1955;soi-57h9-1945
kommasandra-kunte-2,,,,,,,,0.0,0,ams-nd44-13-1955
kommasandra-kunte-3,,,,,0.0,0,,0.0,0,ams-nd44-13-1955;soi-57h9-1945
kommasandra-kunte-4,,,,,0.0,0,,0.0,0,ams-nd44-13-1955;soi-57h9-1945
kommasandra-kunte-5,,,,,0.0,0,,0.0,0,ams-nd44-13-1955;soi-57h9-1945
kommasandra-kunte-6,,,,,0.0,0,,0.0,0,ams-nd44-13-1955;soi-57h9-1945
kommasandra-kunte-7,,,,,0.0,0,,0.0,0,ams-nd44-13-1955;soi-57h9-1945
kommasandra-kunte-8,,,,,0.0,0,,0.0,0,ams-nd44-13-1955;soi-57h9-1945
konadasapura-kunte-5,,,,,,,,0.0,0,ams-nd44-9-1955
konadasapura-kunte-6,,,,,,,,0.0,0,ams-nd44-9-1955
konadasapura-kunte1,,,,,,,,0.0,0,ams-nd44-9-1955
konadasapura-kunte2,,,,,,,,0.0,0,ams-nd44-9-1955
konadasapura-kunte3,,,,,,,,0.0,0,ams-nd44-9-1955
konadasapura-kunte4,,,,,,,,0.0,0,ams-nd44-9-1955
konadaspur-lake,,,,,,,,0.0,0,ams-nd44-9-1955
konaghatta-kere,,,,,,,True,95.0,1114437,ams-nd44-9-1955
konana-kere,,,,,,,True,58.1,156656,ams-nd43-12-1955
konanakunte-kere,,,,True,72.5,30686,,0.0,0,ams-nd44-13-1955;soi-57h9-1945
konanakunte-kunte,,,,,0.0,0,,0.0,0,ams-nd44-13-1955;soi-57h9-1945
konappana-agrahara-kunte-1,,,,,0.0,0,,0.0,0,ams-nd44-13-1955;soi-57h9-1945
konappana-agrahara-kunte-2,,,,,0.0,0,,0.0,0,ams-nd44-13-1955;soi-57h9-1945
konappana-agrahara-kunte-3,,,,,0.0,0,,0.0,0,ams-nd44-13-1955;soi-57h9-1945
konappana-agrahara-kunte-4,,,,,0.0,0,,0.0,0,ams-nd44-13-1955;soi-57h9-1945
konappana-agrahara-kunte-5,,,,,0.0,0,,0.0,0,ams-nd44-13-1955;soi-57h9-1945
konappana-agrahara-kunte-6,,,,,0.0,0,,0.0,0,ams-nd44-13-1955;soi-57h9-1945
konappana-agrahara-kunte-7,,,,,0.0,0,,0.0,0,ams-nd44-13-1955;soi-57h9-1945
konappana-agrahara-kunte-8,,,,,0.0,0,,0.0,0,ams-nd44-13-1955;soi-57h9-1945
konappana-agrahara-kunte-9,,,,,0.0,0,,0.0,0,ams-nd44-13-1955;soi-57h9-1945
konappana-agrahara-lake,,,,True,99.5,92116,False,0.0,0,ams-nd44-13-1955;soi-57h9-1945
konasandra-lake,,,,,0.0,0,True,74.3,70595,ams-nd44-13-1955;soi-57h9-1945
konasandra-lake-2,,,,,0.0,0,,0.0,0,ams-nd44-13-1955;soi-57h9-1945
konashetty-kere,,,,,0.0,0,,0.0,0,ams-nd44-13-1955;soi-57h9-1945
kondashettihalli-kunte,,0.0,0,,,,,0.0,0,ams-nd44-9-1955;soi-57g12-1927
kondrahalli-lake,,,,,,,True,83.1,1251748,ams-nd44-9-1955
konena-agrahara-kere,,,,True,76.5,43345,True,78.0,54299,ams-nd44-13-1955;soi-57h9-1945
konenaagrahara-kunte1,,,,,0.0,0,,0.0,0,ams-nd44-13-1955;soi-57h9-1945
konenaagrahara-kunte2,,,,,0.0,0,,0.0,0,ams-nd44-13-1955;soi-57h9-1945
koppa-lake,,,,,0.0,0,,0.0,0,ams-nd44-13-1955;soi-57h9-1945
koralahalli-kere,,,,,,,True,59.8,142534,ams-nd44-9-1955
koramangala-kere,,,,,0.0,0,,0.0,0,ams-nd44-13-1955;soi-57h9-1945
koramangala-kere-2,,,,,0.0,0,True,100.0,527501,ams-nd44-13-1955;soi-57h9-1945
koramangala-kunte,,,,,0.0,0,,0.0,0,ams-nd44-13-1955;soi-57h9-1945
koratagere-kere,,,,,,,True,10.8,139638,ams-nd43-12-1955
kotanahalli-kere,,,,,,,,0.0,0,ams-nd43-12-1955
kothanaru-kere,,,,True,70.4,66631,,0.0,0,ams-nd44-13-1955;soi-57h9-1945
kothanaru-kunte,,,,,0.0,0,,0.0,0,ams-nd44-13-1955;soi-57h9-1945
kothihosahalli-kunte1,,0.0,0,,,,,0.0,0,ams-nd44-9-1955;soi-57g12-1927
kothnur-kunte1,False,0.0,0,,,,,0.0,0,ams-nd44-9-1955;soi-57g12-1927
kothnur-kunte2,,0.0,0,,,,,0.0,0,ams-nd44-9-1955;soi-57g12-1927
kotiganahalli-kere,,,,,,,,0.0,0,ams-nd44-13-1955
kowdenahalli-kere,True,74.5,132541,,,,True,23.4,59863,ams-nd44-9-1955;soi-57g12-1927
kowdenahalli-kunte1,,0.0,0,,,,,0.0,0,ams-nd44-9-1955;soi-57g12-1927
kowdenahalli-kunte2,,0.0,0,,,,,0.0,0,ams-nd44-9-1955;soi-57g12-1927
krishnanadoddi-lake,,,,,,,,0.0,0,ams-nd44-13-1955
krishnapura-kere-ne,,,,,,,,0.0,0,ams-nd43-16-1955
krishnapura-kere-nw,,,,,,,True,0.0,76443,ams-nd43-16-1955
krishnaraja-puram-kere,True,89.5,78136,,,,True,70.6,79808,ams-nd44-9-1955;soi-57g12-1927
krishnaraja-puram-kere-2-newly-created,False,0.0,0,,,,,0.0,0,ams-nd44-9-1955;soi-57g12-1927
krishnaraja-puram-kunte,,0.0,0,,,,,0.0,0,ams-nd44-9-1955;soi-57g12-1927
krishnarajapura-karabu-katte,True,63.7,19590,,,,,0.0,0,ams-nd44-9-1955;soi-57g12-1927
krishnarajapura-kunte,,0.0,0,,,,,0.0,0,ams-nd44-9-1955;soi-57g12-1927
krishnarajapuram-kere,True,56.0,132493,,,,True,30.7,150352,ams-nd44-9-1955;soi-57g12-1927
krishnasagara-kunte-newly-created,False,0.0,0,,,,,0.0,0,ams-nd44-9-1955;soi-57g12-1927
krishnasagara-lake,,,,,,,,0.0,0,ams-nd44-13-1955
krishnasagara-lake-2,,,,,,,,0.0,0,ams-nd44-13-1955
krishnasagara-lake-3,,,,,,,,0.0,0,ams-nd43-16-1955
kudlu-chikere,,,,,0.0,0,,0.0,0,ams-nd44-13-1955;soi-57h9-1945
kuduregere-kunte,,,,,,,,0.0,0,ams-nd43-12-1955
kukkalahalli-kere,,,,,,,True,73.1,146733,ams-nd43-12-1955
kukkalahalli-kere-1,,,,,,,True,0.0,146733,ams-nd43-12-1955
kukkalahalli-lake,,,,,,,True,34.9,336735,ams-nd43-12-1955
kukkalahalli-lake-2,,,,,,,True,0.0,511855,ams-nd43-12-1955
kukkanahalli-kere,,,,,,,True,44.3,59531,ams-nd43-12-1955
kukkonallipalya-lake,,,,,,,,0.0,0,ams-nd43-12-1955
kulaghatta,,,,,,,False,0.0,0,ams-nd43-12-1955
kulavanahalli-kere,,,,,,,True,0.0,220410,ams-nd43-12-1955
kumbalagodu-gollahalli-kunte1,,,,,,,,0.0,0,ams-nd43-16-1955
kumbalagodu-gollahalli-kunte2,,,,,,,,0.0,0,ams-nd43-16-1955
kumbalagodu-gollahalli-kunte3,,,,,,,,0.0,0,ams-nd43-16-1955
kumbalagodu-kere,,,,,,,False,0.0,0,ams-nd43-16-1955
kumbalagodu-kere-2,,,,,,,,0.0,0,ams-nd43-16-1955
kumbalagodu-kunte1,,,,,,,,0.0,0,ams-nd43-16-1955
kumbalagodu-kunte2,,,,,,,,0.0,0,ams-nd43-16-1955
kumbalagodu-kunte3,,,,,,,,0.0,0,ams-nd43-16-1955
kumbalagodu-kunte4,,,,,,,,0.0,0,ams-nd43-16-1955
kumbalagodu-kunte5,,,,,,,,0.0,0,ams-nd43-16-1955
kumbalagodu-kunte6,,,,,,,,0.0,0,ams-nd43-16-1955
kumbalagodu-kunte7,,,,,,,,0.0,0,ams-nd43-16-1955
kumbalagodu-kunte8,,,,,,,,0.0,0,ams-nd43-16-1955
kumbarahalli-kere,,,,,,,False,0.0,0,ams-nd43-12-1955
kumbarahalli-kere-2,,,,,,,,0.0,0,ams-nd43-12-1955
kumbarakere,,,,,0.0,0,,0.0,0,ams-nd44-13-1955;soi-57h9-1945
kumbenaagrahara-kunte,,,,,0.0,0,,0.0,0,ams-nd44-13-1955;soi-57h9-1945
kun-madiwala-lake,,,,,,,True,68.4,190853,ams-nd44-13-1955
kundalahalli-kere,,,,True,33.0,36428,False,0.0,0,ams-nd44-13-1955;soi-57h9-1945
kundarahalli-kunte1,,,,,0.0,0,,0.0,0,ams-nd44-13-1955;soi-57h9-1945
kuppareddy-kere,,,,True,39.7,24247,,0.0,0,ams-nd44-13-1955;soi-57h9-1945
kuppemala-kere,,,,,,,True,75.4,245278,ams-nd43-12-1955
kurubalahalli-kere,,,,,,,True,88.8,355587,ams-nd44-9-1955
kurubarahalli-kere,,,,,,,True,74.3,56288,ams-nd44-9-1955
kurubarahalli-lake,,,,,,,True,61.2,61571,ams-nd43-16-1955
kurubarahalli-lake-1,,,,,,,,0.0,0,ams-nd43-16-1955
kurubarapalya-kere,,,,,,,True,19.1,52380,ams-nd43-16-1955
kurubarhalli-lake,,,,,,,False,0.0,0,ams-nd44-9-1955
kuruvegere-kere,,,,,,,True,52.7,119725,ams-nd44-9-1955
kuvempu-nagara-lake,,,,,,,True,25.3,69050,ams-nd44-13-1955
kuvempunagar-lake,False,0.0,0,,,,,0.0,0,ams-nd44-9-1955;soi-57g12-1927
kyalasanahalli-govt-lake,,,,True,31.1,76279,False,0.0,0,ams-nd44-13-1955;soi-57h9-1945
kyalasanahalli-lake,False,0.0,0,,,,,0.0,0,ams-nd44-9-1955;soi-57g12-1927
lagamenahalli-lake,,,,,,,,0.0,0,ams-nd44-9-1955
laggere-kunte1,False,0.0,0,,,,,0.0,0,ams-nd44-9-1955;soi-57g12-1927
laggere-kunte2,False,0.0,0,,,,,0.0,0,ams-nd44-9-1955;soi-57g12-1927
laggere-kunte3,False,0.0,0,,,,,0.0,0,ams-nd44-9-1955;soi-57g12-1927
laggere-kunte4,,0.0,0,,,,,0.0,0,ams-nd44-9-1955;soi-57g12-1927
laggere-kunte5,,0.0,0,,,,,0.0,0,ams-nd44-9-1955;soi-57g12-1927
laggeri-govt-katte,,,,,0.0,0,,0.0,0,ams-nd44-13-1955;soi-57h9-1945
laggeri-katte,,,,,0.0,0,,0.0,0,ams-nd44-13-1955;soi-57h9-1945
laggeri-lake,False,0.0,0,,,,,0.0,0,ams-nd44-9-1955;soi-57g12-1927
lakkanapalya-lake,,,,,,,,0.0,0,ams-nd43-12-1955
lakkanapalya-lake-2,,,,,,,,0.0,0,ams-nd43-12-1955
lakkayanapalya-kere,,,,,,,True,49.2,104755,ams-nd43-16-1955
lakkayanapalya-kere-2,,,,,,,,0.0,0,ams-nd43-16-1955
lakkayanapalya-kere-3,,,,,,,,0.0,0,ams-nd43-16-1955
lakkenahalli-kere,,,,,,,,0.0,0,ams-nd43-12-1955
lakkenahalli-kere-2,,,,,,,False,0.0,0,ams-nd43-12-1955
lakkenahalli-kere-3,,,,,,,,0.0,0,ams-nd43-12-1955
lakkenahalli-kunte-1,,,,,,,,0.0,0,ams-nd43-12-1955
lakkuru-lake,,,,,,,True,51.7,77976,ams-nd43-12-1955
lakshmipura-kere,False,0.0,0,,,,,0.0,0,ams-nd44-9-1955;soi-57g12-1927
lakshmipura-kere-2,,,,,,,True,98.0,576343,ams-nd43-12-1955
lakshmipura-kunte,False,0.0,0,,,,,0.0,0,ams-nd44-9-1955;soi-57g12-1927
lakshmipura-kunte1,,,,,0.0,0,,0.0,0,ams-nd44-13-1955;soi-57h9-1945
lakshmipura-kunte2,,,,True,0.0,99722,,0.0,0,ams-nd44-13-1955;soi-57h9-1945
lakshmipura-lake,,,,True,82.7,99722,,0.0,0,ams-nd44-13-1955;soi-57h9-1945
lakshmipura-lake-2,True,20.6,12931,,,,,0.0,0,ams-nd44-9-1955;soi-57g12-1927
lakshmisagar-a-kunte1,,0.0,0,,,,,0.0,0,ams-nd44-9-1955;soi-57g12-1927
lakshmisagar-a-kunte2,,0.0,0,,,,,0.0,0,ams-nd44-9-1955;soi-57g12-1927
lakshmisagara-kere,True,69.2,14657,,,,,0.0,0,ams-nd44-9-1955;soi-57g12-1927
lalagondanahalli-kere,,,,,,,,0.0,0,ams-nd44-9-1955
lalbagh-kere,,,,True,41.1,100910,True,37.7,92333,ams-nd44-13-1955;soi-57h9-1945
lingadeeranahalli-kunte,,,,,,,,0.0,0,ams-nd43-12-1955
lingadheeranahalli-karabu-katte,,,,,,,,0.0,0,ams-nd43-12-1955
lingadhiragollonahalli-kere,,,,,,,,0.0,0,ams-nd44-9-1955
linganahalli-kere,False,0.0,0,,,,True,0.0,636156,ams-nd44-9-1955;soi-57g12-1927
linganahalli-kunte-1,,0.0,0,,,,,0.0,0,ams-nd44-9-1955;soi-57g12-1927
linganahalli-kunte-2,,0.0,0,,,,True,0.0,636156,ams-nd44-9-1955;soi-57g12-1927
lingapura-lake,,,,,,,True,46.3,75555,ams-nd44-9-1955
lingapura-lake-2,,,,,,,,0.0,0,ams-nd43-16-1955
lingapura-lake-3,,,,,,,,0.0,0,ams-nd43-16-1955
lingaraja-sagara-kunte-1,False,0.0,0,,,,,0.0,0,ams-nd44-9-1955;soi-57g12-1927
lingaraja-sagara-kunte2,,0.0,0,,,,,0.0,0,ams-nd44-9-1955;soi-57g12-1927
lingarajapura-lake,False,0.0,0,,,,,0.0,0,ams-nd44-9-1955;soi-57g12-1927
lingarajapura-lake-1,False,0.0,0,,,,True,89.0,111866,ams-nd44-9-1955;soi-57g12-1927
lingarajapura-lake-2,False,0.0,0,,,,,0.0,0,ams-nd44-9-1955;soi-57g12-1927
lingdir-malasandra-lake,,,,,,,False,0.0,0,ams-nd44-13-1955
lower-medhalli-kere,,,,,,,,0.0,0,ams-nd44-13-1955
machanahalli-kere,,,,,,,False,0.0,0,ams-nd43-12-1955
machohalli-chikkere,,,,,,,True,74.3,254548,ams-nd43-12-1955
madagondanahalli-kere,,,,,,,True,96.4,656230,ams-nd44-9-1955
madapatna-lake,,,,,,,,0.0,0,ams-nd43-16-1955
madappanahalli-kunte-1,False,0.0,0,,,,,0.0,0,ams-nd44-9-1955;soi-57g12-1927
madappanahalli-kunte-2,,0.0,0,,,,,0.0,0,ams-nd44-9-1955;soi-57g12-1927
madappanahalli-kunte-3,,0.0,0,,,,,0.0,0,ams-nd44-9-1955;soi-57g12-1927
madappanahalli-kunte-4,,0.0,0,,,,,0.0,0,ams-nd44-9-1955;soi-57g12-1927
madappanahalli-kunte-5,,0.0,0,,,,,0.0,0,ams-nd44-9-1955;soi-57g12-1927
madappanahalli-lake,False,0.0,0,,,,,0.0,0,ams-nd44-9-1955;soi-57g12-1927
madappanahalli-lake-2,False,0.0,0,,,,,0.0,0,ams-nd44-9-1955;soi-57g12-1927
madappanahalli-lake-2-2,True,35.2,19238,,,,,0.0,0,ams-nd44-9-1955;soi-57g12-1927
madavara-kere,,,,,,,True,52.6,302693,ams-nd43-12-1955
madenahalli-lake,,,,,,,,0.0,0,ams-nd43-12-1955
madhagar-kunte,,,,,0.0,0,True,0.0,516586,ams-nd44-13-1955;soi-57h9-1945
madhure-kere,,,,,,,True,97.8,5396326,ams-nd43-12-1955
madivala-lake,,,,True,75.6,74934,,0.0,0,ams-nd44-13-1955;soi-57h9-1945
madivalam-lake,,,,,,,,0.0,0,ams-nd44-13-1955
madiwala-lake,,,,True,66.2,629938,True,78.9,817563,ams-nd44-13-1955;soi-57h9-1945
mahadeva-kodigehalli-lake,True,71.6,421365,,,,True,99.0,1273455,ams-nd44-9-1955;soi-57g12-1927
mahadevanakodag-lake,True,89.5,568592,,,,True,98.7,973399,ams-nd44-9-1955;soi-57g12-1927
mahadevapura-kere,,,,True,83.0,107633,False,0.0,0,ams-nd44-13-1955;soi-57h9-1945
mahalchouadenahalli-kere-n,,,,,,,True,41.5,65136,ams-nd44-13-1955
mahalchoudadenahalli-kere-e,,,,,,,False,0.0,0,ams-nd44-13-1955
mahanthalingapura-lake,,,,,0.0,0,,0.0,0,ams-nd44-13-1955;soi-57h9-1945
mahimanapalya-lake,,,,,,,True,37.3,59449,ams-nd43-16-1955
mahimpura-kere,,,,,,,True,0.0,220410,ams-nd43-12-1955
mailapura-kere,,,,,,,False,0.0,0,ams-nd43-12-1955
mailasandra-kere,,,,,,,False,0.0,0,ams-nd43-16-1955
maitanahalli-kere,,,,,,,True,92.7,1312165,ams-nd43-12-1955
majarevaradahalli-kunte,,,,,0.0,0,,0.0,0,ams-nd44-13-1955;soi-57h9-1945
makali-kere,,,,,,,True,100.0,323962,ams-nd43-12-1955
makanahalli-kere,,,,,,,True,80.6,431891,ams-nd44-9-1955
makanahalli-kere-s,,,,,,,True,97.2,233037,ams-nd44-9-1955
malagondanahalli-kere,,,,,,,,0.0,0,ams-nd43-16-1955
malgalu-kunte,,,,,0.0,0,,0.0,0,ams-nd44-13-1955;soi-57h9-1945
malgalu-lake,,,,True,68.5,39230,,0.0,0,ams-nd44-13-1955;soi-57h9-1945
maligenahalli-kere,,,,,,,,0.0,0,ams-nd44-9-1955
maligondanahalli-kunte1,,,,,,,,0.0,0,ams-nd43-16-1955
maligondanahalli-kunte2,,,,,,,,0.0,0,ams-nd43-16-1955
mallammana-katte,,,,,,,,0.0,0,ams-nd43-16-1955
mallanayakanahalli-lake,,,,,,,True,73.3,336723,ams-nd43-12-1955
mallarabanavadi-kere,,,,,,,False,0.0,0,ams-nd43-12-1955
mallarabanavadi-kere-2,,,,,,,True,73.8,1032163,ams-nd43-12-1955
mallasandra-gudde-lake,True,33.5,11948,,,,,0.0,0,ams-nd44-9-1955;soi-57g12-1927
mallasandra-kunte1,,0.0,0,,,,,0.0,0,ams-nd44-9-1955;soi-57g12-1927
mallasandra-kunte1-2,,,,,0.0,0,,0.0,0,ams-nd44-13-1955;soi-57h9-1945
mallasandra-kunte2,,0.0,0,,,,,0.0,0,ams-nd44-9-1955;soi-57g12-1927
mallasandra-kunte2-2,,,,,0.0,0,,0.0,0,ams-nd44-13-1955;soi-57h9-1945
mallasandra-kunte3,,0.0,0,,,,,0.0,0,ams-nd44-9-1955;soi-57g12-1927
mallasandra-kunte4,,0.0,0,,,,,0.0,0,ams-nd44-9-1955;soi-57g12-1927
mallasandra-lake,,,,,,,True,37.7,55612,ams-nd44-9-1955
mallasandra-lake-2,True,33.6,10545,,,,,0.0,0,ams-nd44-9-1955;soi-57g12-1927
mallathahalli-kunte1,,,,,0.0,0,,0.0,0,ams-nd44-13-1955;soi-57h9-1945
mallathahalli-kunte2,,,,,0.0,0,,0.0,0,ams-nd44-13-1955;soi-57h9-1945
mallathahalli-kunte3,,,,,0.0,0,,0.0,0,ams-nd44-13-1955;soi-57h9-1945
mallathahalli-kunte4,,,,,0.0,0,,0.0,0,ams-nd44-13-1955;soi-57h9-1945
mallathahalli-kunte5,,,,,0.0,0,,0.0,0,ams-nd44-13-1955;soi-57h9-1945
mallathahalli-kunte6,,,,,0.0,0,,0.0,0,ams-nd44-13-1955;soi-57h9-1945
mallathahalli-lake,,,,,,,False,0.0,0,ams-nd43-16-1955
mallenahalli-lake,True,29.7,22228,,,,True,74.1,54871,ams-nd44-9-1955;soi-57g12-1927
mallikere,,,,,,,,0.0,0,ams-nd43-12-1955
mallipalya-lake,,,,,,,,0.0,0,ams-nd43-16-1955
mallohalli-kere,,,,,,,True,100.0,5396326,ams-nd43-12-1955
mallonalli-lake,,,,,,,True,0.0,148182,ams-nd43-12-1955
malluru-kunte,,,,,0.0,0,,0.0,0,ams-nd44-13-1955;soi-57h9-1945
managondanahalli-kere,,,,,,,True,81.6,82655,ams-nd44-9-1955
manchanha-left,,,,,,,True,0.0,1031664,ams-nd44-13-1955
manchenahalli-kere,,,,,,,,0.0,0,ams-nd43-12-1955
mande-katte-newly-created,,,,,,,,0.0,0,ams-nd43-16-1955
manganahalli-lake,,,,,,,True,62.7,354518,ams-nd43-16-1955
manne-kere,,,,,,,True,68.9,988872,ams-nd43-12-1955
mantakurchi-kere,,,,,,,,0.0,0,ams-nd43-12-1955
mantakurchi-low-kere,,,,,,,True,28.7,377798,ams-nd43-12-1955
mantapa-kunte,,,,,0.0,0,,0.0,0,ams-nd44-13-1955;soi-57h9-1945
maragondanahalli-govt-lake,,,,,,,,0.0,0,ams-nd43-16-1955
maragondanahalli-kere,,,,,0.0,0,,0.0,0,ams-nd44-13-1955;soi-57h9-1945
maragondanahalli-krishnasagara-lake,,,,,,,,0.0,0,ams-nd43-16-1955
maragondanahalli-kunte,,,,,0.0,0,,0.0,0,ams-nd44-13-1955;soi-57h9-1945
maragondanahalli-lak,,,,,,,,0.0,0,ams-nd43-16-1955
maragondanahalli-quarry,False,0.0,0,,,,,0.0,0,ams-nd44-9-1955;soi-57g12-1927
maralajunte-lake,False,0.0,0,,,,True,82.4,158904,ams-nd44-9-1955;soi-57g12-1927
marappanahalli-lake,,,,,,,,0.0,0,ams-nd43-16-1955
marasandhalli-lake-1,,,,,,,True,83.4,209607,ams-nd44-9-1955
marasandhalli-lake-2,,,,,,,True,93.7,133307,ams-nd44-9-1955
marasandra-lake,True,51.8,103053,,,,True,87.1,189500,ams-nd44-9-1955;soi-57g12-1927
marasur-lake,,,,True,86.9,87445,,0.0,0,ams-nd44-13-1955;soi-57h9-1945
marenahalli-chokkanahalli-kunte-new,,0.0,0,,,,,0.0,0,ams-nd44-9-1955;soi-57g12-1927
marenahalli-kere,False,0.0,0,,,,True,40.6,86215,ams-nd44-9-1955;soi-57g12-1927
marenahalli-kere-2,,,,True,4.2,46837,True,44.9,64393,ams-nd44-13-1955;soi-57h9-1945
marenahalli-kunte-1,,0.0,0,,,,,0.0,0,ams-nd44-9-1955;soi-57g12-1927
marenahalli-kunte-2,,0.0,0,,,,,0.0,0,ams-nd44-9-1955;soi-57g12-1927
marenahalli-kunte-3,,0.0,0,,,,True,100.0,86215,ams-nd44-9-1955;soi-57g12-1927
margondanahalli-kere,,,,,,,,0.0,0,ams-nd43-12-1955
marimakanaha-lake,,,,,,,True,0.0,148163,ams-nd43-12-1955
marohalli-kere,,,,,,,False,0.0,0,ams-nd43-12-1955
mastenahalli-lake,,,,True,19.3,20544,False,0.0,0,ams-nd44-13-1955;soi-57h9-1945
matadakere,,,,True,32.8,24216,,0.0,0,ams-nd44-13-1955;soi-57h9-1945
mathkuru-kere,True,98.3,423089,,,,True,97.3,636156,ams-nd44-9-1955;soi-57g12-1927
mavalipura-kere-1,True,79.3,147894,,,,True,98.5,535745,ams-nd44-9-1955;soi-57g12-1927
mavalipura-kere-2,True,54.1,26169,,,,True,86.3,91214,ams-nd44-9-1955;soi-57g12-1927
mavalipura-kere-2-newly-created,False,0.0,0,,,,,0.0,0,ams-nd44-9-1955;soi-57g12-1927
mavalipura-kere-4,True,16.7,8890,,,,True,0.0,535745,ams-nd44-9-1955;soi-57g12-1927
mavallipura-kere-se,False,0.0,0,,,,,0.0,0,ams-nd44-9-1955;soi-57g12-1927
mavallipura-kunte-2,,0.0,0,,,,,0.0,0,ams-nd44-9-1955;soi-57g12-1927
mavallipura-kunte-3,,0.0,0,,,,True,0.0,535745,ams-nd44-9-1955;soi-57g12-1927
mavinakunte-lake-2,,,,,,,False,0.0,0,ams-nd43-12-1955
mayasandra,,,,,,,,0.0,0,ams-nd44-13-1955
mayasandra-east-lake,,,,,,,,0.0,0,ams-nd44-13-1955
mayasandra-kere,,,,,,,,0.0,0,ams-nd44-9-1955
medhalli-kere,,,,,,,True,16.4,65158,ams-nd44-13-1955
medhalli-lake,,,,,,,False,0.0,0,ams-nd44-13-1955
medi-agrahara-kere,True,98.5,20148,,,,,0.0,0,ams-nd44-9-1955;soi-57g12-1927
medi-agrahara-s,True,73.0,37433,,,,,0.0,0,ams-nd44-9-1955;soi-57g12-1927
medihalli-kere,False,0.0,0,,,,,0.0,0,ams-nd44-9-1955;soi-57g12-1927
medihalli-kunte1,,0.0,0,,,,,0.0,0,ams-nd44-9-1955;soi-57g12-1927
medihalli-kunte2,,0.0,0,,,,,0.0,0,ams-nd44-9-1955;soi-57g12-1927
medihalli-kunte3,,0.0,0,,,,,0.0,0,ams-nd44-9-1955;soi-57g12-1927
medihalli-kunte4,,0.0,0,,,,,0.0,0,ams-nd44-9-1955;soi-57g12-1927
medihalli-lake,,,,,,,,0.0,0,ams-nd44-13-1955
medimalasandra-kere,,,,,,,False,0.0,0,ams-nd44-13-1955
medimalsandra-lake,,,,,,,False,0.0,0,ams-nd44-13-1955
medimalsandra-lake-2,,,,,,,False,0.0,0,ams-nd44-13-1955
melangavimath-lake,,,,,,,True,9.3,486254,ams-nd43-12-1955
melinakere,,,,True,83.6,47173,,0.0,0,ams-nd44-13-1955;soi-57h9-1945
melinakere-2,,,,,0.0,0,,0.0,0,ams-nd44-13-1955;soi-57h9-1945
melinatota-kere,,,,,,,True,90.0,828784,ams-nd44-9-1955
menasi-lake,,,,,,,True,33.7,464390,ams-nd43-12-1955
menasiganahalli-lake,,,,,,,,0.0,0,ams-nd44-13-1955
mestripalya-lake,,,,True,35.4,26245,,0.0,0,ams-nd44-13-1955;soi-57h9-1945
mettubande-lake,,,,,0.0,0,,0.0,0,ams-nd44-13-1955;soi-57h9-1945
minnapura-kere,,,,,,,True,71.6,148853,ams-nd43-12-1955
mishiganahalli-kere,,,,,,,True,69.7,1180181,ams-nd44-9-1955
moge-kere,,,,,0.0,0,,0.0,0,ams-nd44-13-1955;soi-57h9-1945
moogana-katte,,,,,,,,0.0,0,ams-nd43-16-1955
muddenahalli-lake,True,86.8,1104399,,,,True,98.5,1538252,ams-nd44-9-1955;soi-57g12-1927
muddenahallipalya-lake,,,,,,,,0.0,0,ams-nd43-12-1955
muddinapalya-lake,,,,,,,,0.0,0,ams-nd43-16-1955
mudukappana-katte-newly-created,,,,,,,,0.0,0,ams-nd43-16-1955
mugalur-kere-nw,,,,,,,True,56.2,104695,ams-nd44-13-1955
muganahalli-kere,,,,,,,True,82.7,264381,ams-nd43-12-1955
mugbal-kere,,,,,,,True,95.9,1865281,ams-nd44-9-1955
mullur-lake,,,,True,14.3,42607,,0.0,0,ams-nd44-13-1955;soi-57h9-1945
mulluru-kere,,,,True,46.9,100024,False,0.0,0,ams-nd44-13-1955;soi-57h9-1945
mummenahalli-lake,,,,,,,True,16.5,10283282,ams-nd43-16-1955
munekolalu-kunte1,,,,,0.0,0,,0.0,0,ams-nd44-13-1955;soi-57h9-1945
munekolalu-kunte2,,,,,0.0,0,,0.0,0,ams-nd44-13-1955;soi-57h9-1945
munekolalu-kunte3,,,,,0.0,0,,0.0,0,ams-nd44-13-1955;soi-57h9-1945
munekolalu-kunte4,,,,,0.0,0,,0.0,0,ams-nd44-13-1955;soi-57h9-1945
munganahalli-up-kere,,,,,,,,0.0,0,ams-nd43-12-1955
muppatu-kavalu-hosa-kere,,,,,,,False,0.0,0,ams-nd43-16-1955
muppatu-kavalu-sakari,,,,,,,False,0.0,0,ams-nd43-16-1955
mutagadahalli-lake,,,,,,,True,39.8,177936,ams-nd43-12-1955
muthakarahalli-kunte-2,False,0.0,0,,,,,0.0,0,ams-nd44-9-1955;soi-57g12-1927
muthakarahalli-kunte-3,,0.0,0,,,,,0.0,0,ams-nd44-9-1955;soi-57g12-1927
muthukadhahalli-muthakarahalli-kunte-1,,0.0,0,,,,,0.0,0,ams-nd44-9-1955;soi-57g12-1927
mutsandra-lake,,,,,,,False,0.0,0,ams-nd44-13-1955
mutsandra-lake-2,,,,,,,False,0.0,0,ams-nd44-9-1955
muttagatti-north-lake,,,,,,,True,43.7,159030,ams-nd44-13-1955
muttagatti-south-lake,,,,,,,,0.0,0,ams-nd44-13-1955
muttanallur-kere,,,,True,69.1,1419501,True,94.3,2012830,ams-nd44-13-1955;soi-57h9-1945
muttayyanapalya-lake,,,,,,,,0.0,0,ams-nd43-12-1955
mutturayappan-a-katte,,,,,,,,0.0,0,ams-nd43-16-1955
mutturu-kere,,,,,,,True,35.4,79809,ams-nd44-9-1955
mylappanahalli-kere-1,False,0.0,0,,,,,0.0,0,ams-nd44-9-1955;soi-57g12-1927
mylappanahalli-kere-2,True,80.4,47894,,,,True,53.7,66251,ams-nd44-9-1955;soi-57g12-1927
mylasandra-buddagana-katte,,,,,0.0,0,,0.0,0,ams-nd44-13-1955;soi-57h9-1945
mylasandra-dodda-agrahara-kere,,,,True,79.7,100502,False,0.0,0,ams-nd44-13-1955;soi-57h9-1945
mylasandra-hosakere,,,,,0.0,0,,0.0,0,ams-nd44-13-1955;soi-57h9-1945
mylasandra-kunte,,,,,,,,0.0,0,ams-nd43-16-1955
mylasandra-kunte-2,,,,,0.0,0,,0.0,0,ams-nd44-13-1955;soi-57h9-1945
mylasandra-urumundinakere,,,,True,59.7,25386,,0.0,0,ams-nd44-13-1955;soi-57h9-1945
mysorammanadoddi-lake,,,,,,,,0.0,0,ams-nd44-13-1955
n-hosahalli-lake,,,,,,,True,80.5,1251748,ams-nd44-9-1955
nadagudi-kere,,,,,,,True,27.6,183921,ams-nd44-9-1955
naduvinapur-lake,,,,,,,True,74.3,923182,ams-nd44-9-1955
nadvatti-kere-s,,,,,,,,0.0,0,ams-nd44-13-1955
nadvatti-lake,,,,,,,True,92.6,149641,ams-nd44-9-1955
nagadenahalli-kere,,,,,,,True,80.5,290009,ams-nd44-9-1955
nagadevanahalli-katte,,,,,,,,0.0,0,ams-nd43-16-1955
nagana-kere,,,,,,,True,0.0,246261,ams-nd43-16-1955
naganahalli-lake,,,,,,,,0.0,0,ams-nd43-16-1955
naganathapura-kunte1,,,,,0.0,0,,0.0,0,ams-nd44-13-1955;soi-57h9-1945
naganayakanahalli-lake,,,,True,48.8,30578,False,0.0,0,ams-nd44-13-1955;soi-57h9-1945
naganhalli-lake,,,,,,,True,69.4,99778,ams-nd44-9-1955
nagarabhavi-kunte-1,,,,,0.0,0,,0.0,0,ams-nd44-13-1955;soi-57h9-1945
nagarabhavi-kunte-2,,,,,0.0,0,,0.0,0,ams-nd44-13-1955;soi-57h9-1945
nagarabhavi-kunte-3,,,,,0.0,0,,0.0,0,ams-nd44-13-1955;soi-57h9-1945
nagarabhavi-kunte-4,,,,,0.0,0,,0.0,0,ams-nd44-13-1955;soi-57h9-1945
nagarabhavi-un-named-lake-on-map,,,,True,89.1,59063,,0.0,0,ams-nd44-13-1955;soi-57h9-1945
nagareshvara-nagenahalli-kere,False,0.0,0,,,,,0.0,0,ams-nd44-9-1955;soi-57g12-1927
nagareswaranagenahalli,,0.0,0,,,,,0.0,0,ams-nd44-9-1955;soi-57g12-1927
nagashettyhalli-kunte-1,,0.0,0,,,,,0.0,0,ams-nd44-9-1955;soi-57g12-1927
nagashettyhalli-kunte-2,,0.0,0,,,,,0.0,0,ams-nd44-9-1955;soi-57g12-1927
nagashettyhalli-kunte-3,,0.0,0,,,,,0.0,0,ams-nd44-9-1955;soi-57g12-1927
nagawara-kunte,,0.0,0,,,,,0.0,0,ams-nd44-9-1955;soi-57g12-1927
nagawara-lake,True,50.6,194546,,,,True,94.9,403978,ams-nd44-9-1955;soi-57g12-1927
nagenahalli-kere,,,,,,,,0.0,0,ams-nd43-12-1955
nagondanahalli-kunte,,,,,,,,0.0,0,ams-nd44-13-1955
nallurahallikere,,,,True,70.8,100978,False,0.0,0,ams-nd44-13-1955;soi-57h9-1945
nallurahallin-kunte1,,,,,0.0,0,,0.0,0,ams-nd44-13-1955;soi-57h9-1945
nallurahallin-kunte2,,,,,0.0,0,,0.0,0,ams-nd44-13-1955;soi-57h9-1945
nallurhalli-lake,,,,,,,True,98.3,1309417,ams-nd44-9-1955
nandagokulanagar-kere,,,,,,,,0.0,0,ams-nd43-12-1955
nandagudi-kere-s,,,,,,,,0.0,0,ams-nd44-9-1955
nanjapura-kunte,,,,,0.0,0,,0.0,0,ams-nd44-13-1955;soi-57h9-1945
nanjapura-lake,,,,,0.0,0,,0.0,0,ams-nd44-13-1955;soi-57h9-1945
naraganahalli-lake,False,0.0,0,,,,,0.0,0,ams-nd44-9-1955;soi-57g12-1927
narasapana-kere,,,,,,,True,25.4,73623,ams-nd43-16-1955
narasapanakere,,,,,,,True,0.0,73623,ams-nd43-16-1955
narasappanahalli-kere,,,,,,,True,79.9,265140,ams-nd43-12-1955
narasimhapalya-kere,,,,,,,True,93.5,158808,ams-nd43-12-1955
narasipura-kunte-1,,,,,,,True,0.0,94989,ams-nd43-12-1955
narasipura-kunte-2,,,,,,,True,0.0,345219,ams-nd43-12-1955
narasipura-lake,,,,,,,,0.0,0,ams-nd43-12-1955
narasipura-lake-1,True,100.0,106286,,,,,0.0,0,ams-nd44-9-1955;soi-57g12-1927
narasipura-lake-2,True,49.0,30222,,,,,0.0,0,ams-nd44-9-1955;soi-57g12-1927
narayanapura-lake,,,,,,,True,93.6,148954,ams-nd44-13-1955
narayankere-lake,,,,,,,False,0.0,0,ams-nd44-13-1955
nayanahalli-lake,,,,True,47.2,62716,True,66.1,86097,ams-nd44-13-1955;soi-57h9-1945
nayandanahalli-kere,,,,True,31.1,24457,False,0.0,0,ams-nd44-13-1955;soi-57h9-1945
neelasandra-kere,,,,,0.0,0,,,,soi-57h9-1945
nekkundi-dommasandra-kunte-1,,,,,,,,0.0,0,ams-nd44-13-1955
nekkundi-dommasandra-kunte-2,,,,,,,,0.0,0,ams-nd44-13-1955
nekkundi-dommasandra-sarkari-karabu-kere,,,,,,,False,0.0,0,ams-nd44-13-1955
nelagadiranahalli-hosakere,True,24.2,14895,,,,True,54.7,54839,ams-nd44-9-1955;soi-57g12-1927
nelagadiranahalli-kunte,,0.0,0,,,,,0.0,0,ams-nd44-9-1955;soi-57g12-1927
nelagadiranahalli-lake,True,30.0,6946,,,,,0.0,0,ams-nd44-9-1955;soi-57g12-1927
nelaguli-lake,,,,,,,,0.0,0,ams-nd43-16-1955
nelamangala-big-kere,,,,,,,True,76.8,243859,ams-nd43-12-1955
nelamangala-kere,,,,,,,,0.0,0,ams-nd43-12-1955
nelavagilu-lake,,,,,,,True,55.4,455505,ams-nd44-9-1955
nellakunte-kere,True,16.0,71097,,,,False,0.0,0,ams-nd44-9-1955;soi-57g12-1927
neriga-lake,,,,,,,False,0.0,0,ams-nd44-13-1955
nidigatte-kere,,,,,,,True,99.1,548829,ams-nd44-9-1955
nidvanda-kere,,,,,,,True,79.9,574200,ams-nd43-12-1955
nijagal-lake,,,,,,,,0.0,0,ams-nd43-12-1955
nijagal-lake-2,,,,,,,,0.0,0,ams-nd43-12-1955
nijagal-lake1,,,,,,,False,0.0,0,ams-nd43-12-1955
nimbekaipura-katte,,,,,,,True,0.0,141093,ams-nd44-9-1955
nimbekaipura-kunte-1,,,,,,,,0.0,0,ams-nd44-9-1955
nimbekaipura-kunte-2,,,,,,,,0.0,0,ams-nd44-9-1955
nimbekaipura-kunte-3,,,,,,,,0.0,0,ams-nd44-9-1955
nimbekayipura-kere,,,,,,,True,88.4,141093,ams-nd44-9-1955
nosenuru-gollahalli-lake,,,,,,,False,0.0,0,ams-nd44-13-1955
nosenuru-gollahalli-lake-2,,,,,,,,0.0,0,ams-nd44-13-1955
nosenuru-gollahalli2-lake,,,,,,,True,54.0,52751,ams-nd44-13-1955
nosenuru-lake,,,,,,,True,58.9,116367,ams-nd44-13-1955
nullvenkateshpuram-1-lake,,,,,,,True,84.2,80668,ams-nd44-13-1955
nyanappanahalli-kere,,,,,0.0,0,,0.0,0,ams-nd44-13-1955;soi-57h9-1945
nyanappanashetty-palya-kunte1,,,,,0.0,0,,0.0,0,ams-nd44-13-1955;soi-57h9-1945
nyanappanashetty-palya-kunte2,,,,,0.0,0,,0.0,0,ams-nd44-13-1955;soi-57h9-1945
nyanappanashetty-palya-kunte3,,,,,0.0,0,,0.0,0,ams-nd44-13-1955;soi-57h9-1945
nyanappanashetty-palya-kunte4,,,,,0.0,0,,0.0,0,ams-nd44-13-1955;soi-57h9-1945
nynappanashettypalya-kere-n-s-palya,,,,,0.0,0,,0.0,0,ams-nd44-13-1955;soi-57h9-1945
o-b-chudahalli-kunte1,,,,,0.0,0,,0.0,0,ams-nd44-13-1955;soi-57h9-1945
o-b-chudahalli-kunte2,,,,,0.0,0,,0.0,0,ams-nd44-13-1955;soi-57h9-1945
o-b-chudanahalli-lake,,,,,0.0,0,False,0.0,0,ams-nd44-13-1955;soi-57h9-1945
obalapura-kere,,,,,,,True,26.8,398395,ams-nd43-12-1955
obalapura-kere-2,,,,,,,True,66.5,398395,ams-nd43-12-1955
obalapura-kere-3,,,,,,,True,65.0,398395,ams-nd43-12-1955
obanayakanahalli-2r,,,,,,,,0.0,0,ams-nd43-12-1955
oblapura-lake,,,,,,,True,96.8,458288,ams-nd44-13-1955
ontekere,,,,,0.0,0,,0.0,0,ams-nd44-13-1955;soi-57h9-1945
oora-mundina-kere,True,0.2,12874,,,,True,81.9,65530,ams-nd44-9-1955;soi-57g12-1927
p-agrahara-kunte2,,,,,,,,0.0,0,ams-nd44-13-1955
p-agrahara-kunte3,,,,,0.0,0,,0.0,0,ams-nd44-13-1955;soi-57h9-1945
pachapalya-kere-e,,,,,,,,0.0,0,ams-nd43-16-1955
pachcharanahalli-lake,,,,,,,,0.0,0,ams-nd43-12-1955
pachepalya-kere,,,,,,,,0.0,0,ams-nd43-16-1955
palana-kere,,,,,,,True,87.3,696094,ams-nd44-9-1955
palanahalli,True,29.2,32654,,,,True,59.4,81919,ams-nd44-9-1955;soi-57g12-1927
panattur-govt-kere,,,,True,82.2,109481,,0.0,0,ams-nd44-13-1955;soi-57h9-1945
panditapur-lake,True,73.3,66322,,,,True,67.9,1355884,ams-nd44-9-1955;soi-57g12-1927
pantharapalya-kunte,,,,True,56.9,22678,,0.0,0,ams-nd44-13-1955;soi-57h9-1945
panthuru-kunte1,,,,,0.0,0,,0.0,0,ams-nd44-13-1955;soi-57h9-1945
panthuru-kunte2,,,,,0.0,0,,0.0,0,ams-nd44-13-1955;soi-57h9-1945
panthuru-kunte3,,,,True,0.0,61381,,0.0,0,ams-nd44-13-1955;soi-57h9-1945
panthuru-kunte4,,,,,0.0,0,,0.0,0,ams-nd44-13-1955;soi-57h9-1945
panthuru-kunte5,,,,,0.0,0,,0.0,0,ams-nd44-13-1955;soi-57h9-1945
panthuru-kunte6,,,,True,0.0,109481,,0.0,0,ams-nd44-13-1955;soi-57h9-1945
panthuru-kunte7,,,,,0.0,0,,0.0,0,ams-nd44-13-1955;soi-57h9-1945
pappayanna-kunte,False,0.0,0,,,,,0.0,0,ams-nd44-9-1955;soi-57g12-1927
parapana-agahara-lake,,,,True,52.1,49260,False,0.0,0,ams-nd44-13-1955;soi-57h9-1945
parappana-agrahara-kunte1,,,,,0.0,0,,0.0,0,ams-nd44-13-1955;soi-57h9-1945
parappana-agrahara-kunte2,,,,,0.0,0,,0.0,0,ams-nd44-13-1955;soi-57h9-1945
parappana-agrahara-kunte3,,,,,0.0,0,,0.0,0,ams-nd44-13-1955;soi-57h9-1945
parappana-agrahara-kunte4,,,,,0.0,0,,0.0,0,ams-nd44-13-1955;soi-57h9-1945
parappana-agrahara-kunte5,,,,,0.0,0,,0.0,0,ams-nd44-13-1955;soi-57h9-1945
parappana-agrahara-kunte6,,,,,0.0,0,,0.0,0,ams-nd44-13-1955;soi-57h9-1945
parmanahalli-kere,,,,,,,True,82.7,310023,ams-nd44-9-1955
parvatana-katte,,,,,,,,0.0,0,ams-nd43-16-1955
patnagere-gollahalli-lake,,,,,,,,0.0,0,ams-nd44-13-1955
pattaduru-agrahara-kere-1,,,,,0.0,0,,0.0,0,ams-nd44-13-1955;soi-57h9-1945
pattaduru-agrahara-kere-2,,,,True,44.7,25297,,0.0,0,ams-nd44-13-1955;soi-57h9-1945
pattanagere-kunte,,,,,0.0,0,,0.0,0,ams-nd44-13-1955;soi-57h9-1945
pattandur-agrahara-kunte1,,,,,,,,0.0,0,ams-nd44-13-1955
pattandur-agrahara-kunte10,,,,,0.0,0,,0.0,0,ams-nd44-13-1955;soi-57h9-1945
pattandur-agrahara-kunte12,,,,,0.0,0,,0.0,0,ams-nd44-13-1955;soi-57h9-1945
pattandur-agrahara-kunte13,,,,,0.0,0,,0.0,0,ams-nd44-13-1955;soi-57h9-1945
pattandur-agrahara-kunte4,,,,,0.0,0,,0.0,0,ams-nd44-13-1955;soi-57h9-1945
pattandur-agrahara-kunte5,,,,,,,,0.0,0,ams-nd44-13-1955
pattandur-agrahara-kunte6,,,,,,,,0.0,0,ams-nd44-13-1955
pattandur-agrahara-kunte7,,,,,0.0,0,,0.0,0,ams-nd44-13-1955;soi-57h9-1945
pattandur-agrahara-kunte8,,,,,0.0,0,,0.0,0,ams-nd44-13-1955;soi-57h9-1945
pattandur-agrahara-kunte9,,,,,0.0,0,,0.0,0,ams-nd44-13-1955;soi-57h9-1945
peddanapalya-lake,,,,,,,,0.0,0,ams-nd43-16-1955
peenya-kunte1,,0.0,0,,,,,0.0,0,ams-nd44-9-1955;soi-57g12-1927
peenya-kunte10,,0.0,0,,,,,0.0,0,ams-nd44-9-1955;soi-57g12-1927
peenya-kunte11,,0.0,0,,,,,0.0,0,ams-nd44-9-1955;soi-57g12-1927
peenya-kunte2,,0.0,0,,,,,0.0,0,ams-nd44-9-1955;soi-57g12-1927
peenya-kunte3,,0.0,0,,,,,0.0,0,ams-nd44-9-1955;soi-57g12-1927
peenya-kunte4,,0.0,0,,,,,0.0,0,ams-nd44-9-1955;soi-57g12-1927
peenya-kunte5,,0.0,0,,,,,0.0,0,ams-nd44-9-1955;soi-57g12-1927
peenya-kunte6,,0.0,0,,,,,0.0,0,ams-nd44-9-1955;soi-57g12-1927
peenya-kunte7,,0.0,0,,,,,0.0,0,ams-nd44-9-1955;soi-57g12-1927
peenya-kunte8,,0.0,0,,,,,0.0,0,ams-nd44-9-1955;soi-57g12-1927
peenya-kunte9,,0.0,0,,,,,0.0,0,ams-nd44-9-1955;soi-57g12-1927
peenya-plantation-kunte,,0.0,0,,,,,0.0,0,ams-nd44-9-1955;soi-57g12-1927
peltanahalli-lake,,,,,,,True,91.5,381998,ams-nd44-9-1955
pillaganahalli-kunte,,,,,0.0,0,,0.0,0,ams-nd44-13-1955;soi-57h9-1945
pindkur,,,,,,,,0.0,0,ams-nd44-9-1955
pindkur-timmanahalli-kere,,,,,,,True,96.3,1155028,ams-nd44-9-1955
prabhakarnagar-2r,,,,,,,,0.0,0,ams-nd43-12-1955
purushanahalli-kere,,,,,,,True,37.7,243862,ams-nd43-12-1955
puttayyanahalli-kere,,,,,,,True,0.6,113418,ams-nd43-12-1955
puttenahalli-kere,,,,,,,True,89.6,465031,ams-nd43-12-1955
puttenahalli-kunte-3,,0.0,0,,,,,0.0,0,ams-nd44-9-1955;soi-57g12-1927
puttenahalli-kunte-5,,0.0,0,,,,,0.0,0,ams-nd44-9-1955;soi-57g12-1927
puttenahalli-kunte1,,0.0,0,,,,,0.0,0,ams-nd44-9-1955;soi-57g12-1927
puttenahalli-kunte2,,0.0,0,,,,,0.0,0,ams-nd44-9-1955;soi-57g12-1927
puttenahalli-kunte4,,0.0,0,,,,,0.0,0,ams-nd44-9-1955;soi-57g12-1927
puttenahalli-lake,True,27.8,95879,,,,True,49.5,126083,ams-nd44-9-1955;soi-57g12-1927
puttenahalli-lake-2,,,,True,87.9,47691,,0.0,0,ams-nd44-13-1955;soi-57h9-1945
rabbanahalli-kere,,,,,,,False,0.0,0,ams-nd44-9-1955
rabbanahalli-kere-2,,,,,,,,0.0,0,ams-nd44-9-1955
rabbanahalli-kere-3,,,,,,,,0.0,0,ams-nd44-9-1955
rabbanahalli-kere-4,,,,,,,,0.0,0,ams-nd44-9-1955
rachamanahalli-lake,,,,,,,,0.0,0,ams-nd44-13-1955
rachamanahalli-north-lake,,,,,,,True,65.8,123330,ams-nd44-13-1955
rachenahalli-kunte1,,0.0,0,,,,,0.0,0,ams-nd44-9-1955;soi-57g12-1927
rachenahalli-lake,True,75.9,570465,,,,True,98.2,880580,ams-nd44-9-1955;soi-57g12-1927
raghunathpura-kere,,,,,,,,0.0,0,ams-nd44-9-1955
raghuvanapalya-kunte,,,,,0.0,0,,0.0,0,ams-nd44-13-1955;soi-57h9-1945
ragihalli,,,,,,,,0.0,0,ams-nd44-13-1955
ragihalli-lake,,,,True,20.4,32483,False,0.0,0,ams-nd44-13-1955;soi-57h9-1945
rajaghatta-kere,,,,,,,True,94.9,636318,ams-nd44-9-1955
rajamahal-kere,,,,,,,,,,
rajamahal-kunte1,,,,,0.0,0,,,,soi-57h9-1945
rajamahal-kunte2,,,,,0.0,0,,,,soi-57h9-1945
rajanakunte-1,,0.0,0,,,,,0.0,0,ams-nd44-9-1955;soi-57g12-1927
rajanakunte-2,,0.0,0,,,,,0.0,0,ams-nd44-9-1955;soi-57g12-1927
rajanakunte-3,,0.0,0,,,,,0.0,0,ams-nd44-9-1955;soi-57g12-1927
rajanakunte-4,,0.0,0,,,,,0.0,0,ams-nd44-9-1955;soi-57g12-1927
rajanakunte-5,,0.0,0,,,,,0.0,0,ams-nd44-9-1955;soi-57g12-1927
rajanakunte-6,,0.0,0,,,,,0.0,0,ams-nd44-9-1955;soi-57g12-1927
rajanakunte-7-new,False,0.0,0,,,,,0.0,0,ams-nd44-9-1955;soi-57g12-1927
rajanakunte-8,,0.0,0,,,,,0.0,0,ams-nd44-9-1955;soi-57g12-1927
rajanakunte-9,,0.0,0,,,,,0.0,0,ams-nd44-9-1955;soi-57g12-1927
rajapalya-hoodikere,,,,,0.0,0,False,0.0,0,ams-nd44-13-1955;soi-57h9-1945
ramachandrapura-katte,False,0.0,0,,,,,0.0,0,ams-nd44-9-1955;soi-57g12-1927
ramadevanahalli-lake,,,,,,,,0.0,0,ams-nd43-12-1955
ramagondanahalli-kunte,,,,,0.0,0,,0.0,0,ams-nd44-13-1955;soi-57h9-1945
ramagondanahalli-kunte-1,,0.0,0,,,,,0.0,0,ams-nd44-9-1955;soi-57g12-1927
ramagondanahalli-kunte-2,True,0.0,245790,,,,True,0.0,320577,ams-nd44-9-1955;soi-57g12-1927
ramagonddanahalli-kere,True,95.9,245790,,,,True,96.6,320577,ams-nd44-9-1955;soi-57g12-1927
ramakrishnapura-lake,,,,,0.0,0,True,36.1,310276,ams-nd44-13-1955;soi-57h9-1945
ramakrishnapura-lake-2,,,,,0.0,0,True,39.1,728368,ams-nd44-13-1955;soi-57h9-1945
ramanathapura-kere-1,,,,,,,True,80.8,153223,ams-nd44-9-1955
ramanathapura-kere-2,,,,,,,,0.0,0,ams-nd44-9-1955
ramanayakanahalli-kunte-1,,,,,,,,0.0,0,ams-nd44-13-1955
ramanayakanahalli-kunte-2,,,,,,,,0.0,0,ams-nd44-13-1955
ramapura-kunte,,0.0,0,,,,True,100.0,96187,ams-nd44-9-1955;soi-57g12-1927
ramasagara-lake,,,,,0.0,0,,0.0,0,ams-nd44-13-1955;soi-57h9-1945
ramasandra-kere,,,,,,,True,49.2,354518,ams-nd43-16-1955
ramasandra-kunte1,,,,,,,,0.0,0,ams-nd43-16-1955
ramasandra-kunte2,,,,,,,,0.0,0,ams-nd43-16-1955
ramasandra-lake-1,,,,,,,True,94.9,286543,ams-nd44-9-1955
ramaswamypalya-lake,,,,,,,False,0.0,0,ams-nd44-13-1955
ramayyanapalya-kere,,,,,,,,0.0,0,ams-nd44-9-1955
ramdevanahalli-kere,,,,,,,True,0.0,136091,ams-nd43-12-1955
ramegowdanakere,,,,,0.0,0,,0.0,0,ams-nd44-13-1955;soi-57h9-1945
ramohalli-kere,,,,,,,True,30.8,73608,ams-nd43-16-1955
ramohalli-kunte-1,,,,,,,,0.0,0,ams-nd43-16-1955
ramohalli-kunte-10,,,,,,,,0.0,0,ams-nd43-16-1955
ramohalli-kunte-2,,,,,,,,0.0,0,ams-nd43-16-1955
ramohalli-kunte-3,,,,,,,,0.0,0,ams-nd43-16-1955
ramohalli-kunte-4,,,,,,,,0.0,0,ams-nd43-16-1955
ramohalli-kunte-6,,,,,,,,0.0,0,ams-nd43-16-1955
ramohalli-kunte-7,,,,,,,,0.0,0,ams-nd43-16-1955
ramohalli-kunte-8,,,,,,,,0.0,0,ams-nd43-16-1955
ramohalli-kunte-9,,,,,,,,0.0,0,ams-nd43-16-1955
rampalya-kere,,,,,,,,0.0,0,ams-nd43-12-1955
rampura-kere,True,68.6,598594,,,,True,88.0,1051704,ams-nd44-9-1955;soi-57g12-1927
rampura-kere-2,,,,,,,False,0.0,0,ams-nd43-16-1955
rampura-lake,,,,,,,,0.0,0,ams-nd43-12-1955
rampura-lake-2,,,,,,,True,62.4,316892,ams-nd43-12-1955
ranchanamadu-kunte,,,,,0.0,0,,0.0,0,ams-nd44-13-1955;soi-57h9-1945
rayaradoddi-lake,,,,,0.0,0,True,0.0,363053,ams-nd44-13-1955;soi-57h9-1945
rayarapalya-lake,,,,,,,,0.0,0,ams-nd43-12-1955
rayarapalya-lake-1,,,,,,,,0.0,0,ams-nd43-12-1955
rayasandra-kunte-1,,,,,0.0,0,,0.0,0,ams-nd44-13-1955;soi-57h9-1945
rayasandra-kunte-2,,,,,0.0,0,,0.0,0,ams-nd44-13-1955;soi-57h9-1945
rayasandra-kunte-3,,,,,0.0,0,,0.0,0,ams-nd44-13-1955;soi-57h9-1945
rayasandra-kunte-4,,,,,0.0,0,,0.0,0,ams-nd44-13-1955;soi-57h9-1945
rayasandra-lake-2,,,,,0.0,0,,0.0,0,ams-nd44-13-1955;soi-57h9-1945
rocherenvu,,,,,0.0,0,False,0.0,0,ams-nd44-13-1955;soi-57h9-1945
s-golahalli-kere,,,,,,,,0.0,0,ams-nd43-16-1955
sadahalli-kere,True,69.9,308730,,,,True,72.5,467419,ams-nd44-9-1955;soi-57g12-1927
sadappanhalli-lake,,,,,,,True,45.6,89784,ams-nd44-9-1955
sadenahalli-lake,True,58.7,76597,,,,True,70.7,99755,ams-nd44-9-1955;soi-57g12-1927
sadenahalli-lake-2,True,9.1,8019,,,,,0.0,0,ams-nd44-9-1955;soi-57g12-1927
sadenahalli-lake-3,True,16.9,13290,,,,,0.0,0,ams-nd44-9-1955;soi-57g12-1927
sakalavara-govt-kharabu-lake,,,,True,33.4,61110,False,0.0,0,ams-nd44-13-1955;soi-57h9-1945
sakalavara-kunte,,,,,0.0,0,,0.0,0,ams-nd44-13-1955;soi-57h9-1945
sakkare-gollahalli-lake,,,,,,,False,0.0,0,ams-nd43-12-1955
salindradoddi-lake,,,,,0.0,0,,0.0,0,ams-nd44-13-1955;soi-57h9-1945
sametanahali-lake,,,,,,,False,0.0,0,ams-nd44-13-1955
sampangee-kunte,,,,,0.0,0,,,,soi-57h9-1945
sampinge-kere,,,,True,11.2,104093,,,,soi-57h9-1945
sandekuppe-kere,,,,,,,True,80.3,638019,ams-nd43-12-1955
saneguruvanahalli-kunte1,,,,,0.0,0,,0.0,0,ams-nd44-13-1955;soi-57h9-1945
saneguruvanahalli-kunte2,,,,,0.0,0,,0.0,0,ams-nd44-13-1955;soi-57h9-1945
saneguruvanahalli-kunte3,,,,,0.0,0,,0.0,0,ams-nd44-13-1955;soi-57h9-1945
saneguruvanahalli-lake-1,,,,,0.0,0,,0.0,0,ams-nd44-13-1955;soi-57h9-1945
saneguruvanahalli-lake-1-2,,,,,0.0,0,False,0.0,0,ams-nd44-13-1955;soi-57h9-1945
saneguruvanahalli-lake-2,,,,,0.0,0,,0.0,0,ams-nd44-13-1955;soi-57h9-1945
saneguruvanahalli-lake-2-2,,,,,0.0,0,,0.0,0,ams-nd44-13-1955;soi-57h9-1945
sankey-tank,True,4.3,6261,,,,True,64.8,203040,ams-nd44-9-1955;soi-57g12-1927
sarakki-kunte1,,,,,0.0,0,,0.0,0,ams-nd44-13-1955;soi-57h9-1945
sarakki-kunte2,,,,,0.0,0,,0.0,0,ams-nd44-13-1955;soi-57h9-1945
sarakki-kunte3,,,,,0.0,0,,0.0,0,ams-nd44-13-1955;soi-57h9-1945
sarakki-lake,,,,True,86.4,303785,True,91.3,321173,ams-nd44-13-1955;soi-57h9-1945
sarjapur-lake,,,,,,,True,64.4,226469,ams-nd44-13-1955
sarka-kunte,,,,,0.0,0,,0.0,0,ams-nd44-13-1955;soi-57h9-1945
sarkaari-katte,,,,,,,,0.0,0,ams-nd43-16-1955
sasalu-lake,,,,,,,True,0.0,121954,ams-nd43-12-1955
sasiveghatta-kunte-1,,,,,,,,0.0,0,ams-nd43-12-1955
sasiveghatta-kunte-2,,,,,,,,0.0,0,ams-nd43-12-1955
sathanoor-kunte-5,,0.0,0,,,,,0.0,0,ams-nd44-9-1955;soi-57g12-1927
sathanoor-kunte-7,False,0.0,0,,,,,0.0,0,ams-nd44-9-1955;soi-57g12-1927
sathanur-kere,False,0.0,0,,,,True,88.4,164572,ams-nd44-9-1955;soi-57g12-1927
sathanuru-kunte-1,False,0.0,0,,,,True,42.8,1234839,ams-nd44-9-1955;soi-57g12-1927
sathanuru-kunte-10,False,0.0,0,,,,,0.0,0,ams-nd44-9-1955;soi-57g12-1927
sathanuru-kunte-2,,0.0,0,,,,,0.0,0,ams-nd44-9-1955;soi-57g12-1927
sathanuru-kunte-3,,0.0,0,,,,True,0.0,1234839,ams-nd44-9-1955;soi-57g12-1927
sathanuru-kunte-8,False,0.0,0,,,,,0.0,0,ams-nd44-9-1955;soi-57g12-1927
sathanuru-kunte-9,False,0.0,0,,,,,0.0,0,ams-nd44-9-1955;soi-57g12-1927
sattigenahalli-lake-1,,,,,,,False,0.0,0,ams-nd44-9-1955
sattigenahalli-lake-2,,,,,,,,0.0,0,ams-nd44-9-1955
seegehalli-kere,,,,,,,,0.0,0,ams-nd43-16-1955
seegehalli-kunte,,,,,,,,0.0,0,ams-nd43-16-1955
seegihalli-katte-1,,,,,,,,0.0,0,ams-nd44-9-1955
seegihalli-katte-2,,,,,,,,0.0,0,ams-nd44-9-1955
seegihalli-kunte1,,,,,,,True,0.0,247261,ams-nd44-9-1955
seegihalli-kunte2,,,,,,,True,100.0,247261,ams-nd44-9-1955
settyhalli-kunte1,,0.0,0,,,,,0.0,0,ams-nd44-9-1955;soi-57g12-1927
settyhalli-kunte2,,0.0,0,,,,,0.0,0,ams-nd44-9-1955;soi-57g12-1927
shantegaudanapalya-lake,,,,,,,True,53.5,73014,ams-nd43-12-1955
shanthi-nagar-kunte,,,,,,,,0.0,0,ams-nd43-12-1955
shantinagar-kere,,,,,,,,0.0,0,ams-nd43-16-1955
shantinagar-kere-2,,,,,,,,0.0,0,ams-nd43-16-1955
shanuboganahalli-lake,,,,,0.0,0,,0.0,0,ams-nd44-13-1955;soi-57h9-1945
shastripalya-kere,,,,,,,,0.0,0,ams-nd43-12-1955
shegehalli-kere,True,43.5,62680,,,,True,49.5,58428,ams-nd44-9-1955;soi-57g12-1927
sheshayyanakere,,,,True,61.7,48162,,0.0,0,ams-nd44-13-1955;soi-57h9-1945
shiresandra-kere,,,,,,,True,39.7,106321,ams-nd43-12-1955
shivakote-katte,,0.0,0,,,,,0.0,0,ams-nd44-9-1955;soi-57g12-1927
shivakote-kunte-1,,0.0,0,,,,,0.0,0,ams-nd44-9-1955;soi-57g12-1927
shivakote-kunte-2,,0.0,0,,,,,0.0,0,ams-nd44-9-1955;soi-57g12-1927
shivakote-kunte-3,,0.0,0,,,,,0.0,0,ams-nd44-9-1955;soi-57g12-1927
shivakote-kunte-4,,0.0,0,,,,True,0.0,535745,ams-nd44-9-1955;soi-57g12-1927
shivanahalli-lake,False,0.0,0,,,,True,66.6,99755,ams-nd44-9-1955;soi-57g12-1927
shivanapura-kere,,,,,,,True,79.2,356390,ams-nd44-9-1955
shravanur-lake,,,,,,,True,100.0,802504,ams-nd43-12-1955
shravanur-lake-2,,,,,,,True,60.0,802504,ams-nd43-12-1955
shyanapanahalli-kere,,,,,,,True,96.4,64124,ams-nd44-9-1955
shyanapanahalli-kere-2,,,,,,,,0.0,0,ams-nd44-9-1955
shyanapanahalli-kere-u,,,,,,,,0.0,0,ams-nd44-9-1955
siddanhalli-lake-1,,,,,,,True,67.8,607292,ams-nd44-9-1955
siddapur-kere,,,,,0.0,0,False,0.0,0,ams-nd44-13-1955;soi-57h9-1945
siddapura-kere,,,,True,50.9,103800,False,0.0,0,ams-nd44-13-1955;soi-57h9-1945
siddapura-kunte1,,,,,0.0,0,,0.0,0,ams-nd44-13-1955;soi-57h9-1945
siddapura-kunte2,,,,,0.0,0,,0.0,0,ams-nd44-13-1955;soi-57h9-1945
siddapura-kunte3,,,,,0.0,0,,0.0,0,ams-nd44-13-1955;soi-57h9-1945
siddapura-kunte4,,,,,0.0,0,,0.0,0,ams-nd44-13-1955;soi-57h9-1945
siddapura-kunte5,,,,,0.0,0,,0.0,0,ams-nd44-13-1955;soi-57h9-1945
siddapura-kunte6,,,,,0.0,0,,0.0,0,ams-nd44-13-1955;soi-57h9-1945
siddapura-kunte7,,,,,0.0,0,,0.0,0,ams-nd44-13-1955;soi-57h9-1945
siddayyanpalya-lake,,,,,,,True,5.2,321159,ams-nd43-12-1955
siddenayakanahalli-kere-l,,,,,,,True,0.0,99037,ams-nd44-9-1955
siddenayakanahalli-kere-u,,,,,,,True,63.4,99037,ams-nd44-9-1955
siddenhalli-lake,,,,,,,True,89.6,1990656,ams-nd44-9-1955
siddi-hosakote-west,,,,,,,,0.0,0,ams-nd44-13-1955
sidedahalli-kunte,,,,,,,,0.0,0,ams-nd43-12-1955
sidi-hoskote-lake-east,,,,,,,True,100.0,278470,ams-nd44-13-1955
sigepalya-lake,,,,,,,True,94.3,72296,ams-nd43-12-1955
sigepalya-lake-2,,,,,,,,0.0,0,ams-nd43-12-1955
sikayanahalli-kere,,,,,,,True,100.0,184572,ams-nd44-9-1955
singahalli-lake,False,0.0,0,,,,False,0.0,0,ams-nd44-9-1955;soi-57g12-1927
singanayakanahalli-katte-2,False,0.0,0,,,,,0.0,0,ams-nd44-9-1955;soi-57g12-1927
singanayakanahalli-kunte-1,,0.0,0,,,,,0.0,0,ams-nd44-9-1955;soi-57g12-1927
singanayakayahalli-katte-1,False,0.0,0,,,,,0.0,0,ams-nd44-9-1955;soi-57g12-1927
singanayakayahalli-kere,False,0.0,0,,,,,0.0,0,ams-nd44-9-1955;soi-57g12-1927
singapura-kunte,,0.0,0,,,,,0.0,0,ams-nd44-9-1955;soi-57g12-1927
singapura-lake,True,30.4,41699,,,,True,64.9,101148,ams-nd44-9-1955;soi-57g12-1927
singasadanapalli-kere-e,,,,,,,False,0.0,0,ams-nd44-13-1955
singasadanapalli-kere-s,,,,,,,False,0.0,0,ams-nd44-13-1955
singasandra,,,,,0.0,0,,0.0,0,ams-nd44-13-1955;soi-57h9-1945
singasandra-kunte-1,,,,True,69.0,21684,,0.0,0,ams-nd44-13-1955;soi-57h9-1945
singasandra-kunte2,,,,,0.0,0,,0.0,0,ams-nd44-13-1955;soi-57h9-1945
singasandra-kunte3,,,,,0.0,0,,0.0,0,ams-nd44-13-1955;soi-57h9-1945
singasandra-kunte4,,,,,0.0,0,,0.0,0,ams-nd44-13-1955;soi-57h9-1945
singasandra-kunte5,,,,True,0.0,76323,,0.0,0,ams-nd44-13-1955;soi-57h9-1945
singasandra-lake,,,,,,,,0.0,0,ams-nd44-13-1955
singena-agrahara-govt-sanna-kere,,,,True,45.1,334726,True,95.5,516586,ams-nd44-13-1955;soi-57h9-1945
singena-agrahara-kunte-1,,,,,0.0,0,,0.0,0,ams-nd44-13-1955;soi-57h9-1945
singena-agrahara-kunte-2,,,,,0.0,0,,0.0,0,ams-nd44-13-1955;soi-57h9-1945
singena-agrahara-kunte-3,,,,,0.0,0,,0.0,0,ams-nd44-13-1955;soi-57h9-1945
singena-agrahara-kunte-4,,,,,0.0,0,,0.0,0,ams-nd44-13-1955;soi-57h9-1945
singena-agrahara-kunte-5,,,,,0.0,0,,0.0,0,ams-nd44-13-1955;soi-57h9-1945
singrayanapalya-lake,,,,,,,True,0.0,400553,ams-nd43-12-1955
sinivagilu-govt-lake,,,,,0.0,0,True,22.0,294752,ams-nd44-13-1955;soi-57h9-1945
sirigonahalli-lake,,,,,,,False,0.0,0,ams-nd43-12-1955
sitanayakanahalli-lake,,,,,,,True,88.4,343520,ams-nd44-9-1955
sokkarasanapalli-kere-e,,,,,,,False,0.0,0,ams-nd44-13-1955
soladevanahalli-kunte,,,,,,,,0.0,0,ams-nd43-12-1955
soldevanahalli-kere,,,,,,,,0.0,0,ams-nd43-12-1955
soldevanahalli-kere-2,,,,,,,,0.0,0,ams-nd43-12-1955
soldevanahalli-lower,,,,,,,,0.0,0,ams-nd43-12-1955
soldevanahalli-scrub,,,,,,,,0.0,0,ams-nd43-12-1955
solekere,False,0.0,0,,,,,0.0,0,ams-nd44-9-1955;soi-57g12-1927
solikunte-kere,,,,True,25.0,49799,,0.0,0,ams-nd44-13-1955;soi-57h9-1945
sollepura-kere,,,,,,,False,0.0,0,ams-nd44-13-1955
solluru-kere,,,,,,,True,89.9,204522,ams-nd44-9-1955
solur-kere,,,,,,,True,95.4,243737,ams-nd44-9-1955
somanahalli-lake,,,,True,27.4,80553,True,32.1,67494,ams-nd44-13-1955;soi-57h9-1945
somanathapura-lake,,,,,,,,0.0,0,ams-nd43-16-1955
somapura-kere,,,,,,,True,51.6,73623,ams-nd43-16-1955
somasagara-lake,,,,,,,True,53.7,158068,ams-nd43-12-1955
somasagara-lake-2,,,,,,,,0.0,0,ams-nd43-12-1955
somashettihalli-kunte,,0.0,0,,,,,0.0,0,ams-nd44-9-1955;soi-57g12-1927
somasundrapalya-lake,,,,True,59.0,44716,,0.0,0,ams-nd44-13-1955;soi-57h9-1945
sompura-govt-lake,,,,,0.0,0,False,0.0,0,ams-nd44-13-1955;soi-57h9-1945
sompura-kere-w,,,,,,,False,0.0,0,ams-nd44-13-1955
sompura-kunte-1,,,,,0.0,0,,0.0,0,ams-nd44-13-1955;soi-57h9-1945
sompura-kunte-2,,,,,0.0,0,,0.0,0,ams-nd44-13-1955;soi-57h9-1945
sondilvadi-kere,,,,,,,True,89.0,953458,ams-nd43-12-1955
sonehalli-kere,,,,,,,True,79.3,1180181,ams-nd44-9-1955
sonnahallipura-lake,,,,,,,True,70.8,366329,ams-nd44-9-1955
sonnanaikanahalli-lake,,,,,,,True,93.2,424828,ams-nd44-9-1955
sonnathimmanahalli-kunte,,0.0,0,,,,,0.0,0,ams-nd44-9-1955;soi-57g12-1927
sonnayakanapura-lake,,,,,,,,0.0,0,ams-nd44-13-1955
sonnenahalli-kere,,,,,,,True,86.5,329668,ams-nd43-12-1955
sonnenahalli-kere-2,,,,,,,True,63.9,1180181,ams-nd44-9-1955
sonnenahalli-kere-3,,,,,0.0,0,False,0.0,0,ams-nd44-13-1955;soi-57h9-1945
sonnenahalli-kunte1,,,,,0.0,0,,0.0,0,ams-nd44-13-1955;soi-57h9-1945
sonnenahalli-kunte2,,,,,0.0,0,,0.0,0,ams-nd44-13-1955;soi-57h9-1945
sonnenahalli-kunte3,,,,,0.0,0,,0.0,0,ams-nd44-13-1955;soi-57h9-1945
sonnenahalli-lake,,,,,,,True,0.0,356558,ams-nd43-12-1955
sonnenahalli-lake-2,,,,,,,True,12.1,68047,ams-nd43-12-1955
sorahunase-kunte1,,,,,,,,0.0,0,ams-nd44-13-1955
sorahunase-kunte2,,,,,,,,0.0,0,ams-nd44-13-1955
sorahunase-kunte3,,,,,,,,0.0,0,ams-nd44-13-1955
sorahunase-kunte4,,,,,,,,0.0,0,ams-nd44-13-1955
southegaudanahalli-lake,True,28.7,19710,,,,True,89.7,520225,ams-nd44-9-1955;soi-57g12-1927
sowl-kere,,,,True,60.9,122445,True,54.4,173757,ams-nd44-13-1955;soi-57h9-1945
srigandha-kavalu-kunte1,,,,,0.0,0,,0.0,0,ams-nd44-13-1955;soi-57h9-1945
srigandha-kavalu-kunte2,,,,,0.0,0,,0.0,0,ams-nd44-13-1955;soi-57h9-1945
srigandha-kavalu-kunte3,,,,,,,,0.0,0,ams-nd44-13-1955
srigandha-kavalu-kunte4,,,,,,,,0.0,0,ams-nd43-16-1955
srigandha-kavalu-kunte5,,,,,0.0,0,,0.0,0,ams-nd44-13-1955;soi-57h9-1945
srigandha-kavalu-kunte6,,,,,0.0,0,,0.0,0,ams-nd44-13-1955;soi-57h9-1945
srigandha-kavalu-kunte7,,,,,0.0,0,,0.0,0,ams-nd44-13-1955;soi-57h9-1945
srigandha-kavalu-kunte8,,,,,0.0,0,,0.0,0,ams-nd44-13-1955;soi-57h9-1945
srigandhakavalu-karabu-katte,,,,,0.0,0,,0.0,0,ams-nd44-13-1955;soi-57h9-1945
srinivasapura-kere,,,,,,,True,58.7,865511,ams-nd43-12-1955
srinivasapura-kere-2,,,,,,,True,66.2,314049,ams-nd43-12-1955
srinivasapura-kunte1,,,,,0.0,0,,0.0,0,ams-nd44-13-1955;soi-57h9-1945
srinivasapura-kunte2,,,,,0.0,0,,0.0,0,ams-nd44-13-1955;soi-57h9-1945
srinivasapura-kunte3,,,,,0.0,0,,0.0,0,ams-nd44-13-1955;soi-57h9-1945
srinivasapura-kunte4,,,,,0.0,0,,0.0,0,ams-nd44-13-1955;soi-57h9-1945
srinivasapura-lake,,0.0,0,,,,,0.0,0,ams-nd44-9-1955;soi-57g12-1927
srinivasapura-lake-2,False,0.0,0,,,,,0.0,0,ams-nd44-9-1955;soi-57g12-1927
sriramanahalli-lake,True,62.9,22622,,,,,0.0,0,ams-nd44-9-1955;soi-57g12-1927
sriramanahalli-lake-2,,,,,,,False,0.0,0,ams-nd43-12-1955
subarayanakere,,,,,0.0,0,,0.0,0,ams-nd44-13-1955;soi-57h9-1945
subbedarana-kere,,,,,0.0,0,,0.0,0,ams-nd44-13-1955;soi-57h9-1945
subbedarana-kere-2,,,,,0.0,0,,0.0,0,ams-nd44-13-1955;soi-57h9-1945
subramanyanagar-lake,,,,,,,True,56.7,83649,ams-nd43-12-1955
subramhanyapura-kere,,,,True,45.8,24132,,0.0,0,ams-nd44-13-1955;soi-57h9-1945
suggata-kere,False,0.0,0,,,,,0.0,0,ams-nd44-9-1955;soi-57g12-1927
suggatta-lake,True,74.3,71097,,,,False,0.0,0,ams-nd44-9-1955;soi-57g12-1927
suggatta-lake-2,False,0.0,0,,,,,0.0,0,ams-nd44-9-1955;soi-57g12-1927
sukaligarahath-lake,,,,,,,False,0.0,0,ams-nd43-12-1955
sulakunte-kunte1,,,,,0.0,0,,0.0,0,ams-nd44-13-1955;soi-57h9-1945
sulakunte-kunte2,,,,,0.0,0,,0.0,0,ams-nd44-13-1955;soi-57h9-1945
sulakunte-kunte3,,,,,0.0,0,,0.0,0,ams-nd44-13-1955;soi-57h9-1945
sulakunte-kunte4,,,,,0.0,0,,0.0,0,ams-nd44-13-1955;soi-57h9-1945
sulakunte-kunte5,,,,,0.0,0,,0.0,0,ams-nd44-13-1955;soi-57h9-1945
sulakunte-kunte6,,,,,0.0,0,,0.0,0,ams-nd44-13-1955;soi-57h9-1945
sulakunte-kunte7,,,,,0.0,0,,0.0,0,ams-nd44-13-1955;soi-57h9-1945
sulibelekere,,,,,,,True,68.3,1990656,ams-nd44-9-1955
sulikere-kunte-2,,,,,,,,0.0,0,ams-nd43-16-1955
sulikere-lake,,,,,,,,0.0,0,ams-nd43-16-1955
sulukunte-kere,,,,,,,,0.0,0,ams-nd43-12-1955
suluvara-kere,,,,,,,,0.0,0,ams-nd43-16-1955
sunkanahalli-kunte-1,,,,,0.0,0,,0.0,0,ams-nd44-13-1955;soi-57h9-1945
sunkanahalli-kunte-2,,,,,0.0,0,,0.0,0,ams-nd44-13-1955;soi-57h9-1945
sunnakall-kere,,,,,0.0,0,False,0.0,0,ams-nd44-13-1955;soi-57h9-1945
suradhenupur-lake,True,66.2,132381,,,,True,82.3,253712,ams-nd44-9-1955;soi-57g12-1927
suradhenupur-lake-2,True,51.9,47316,,,,True,84.6,111155,ams-nd44-9-1955;soi-57g12-1927
suragajakkanahalli-west-lake,,,,,,,,0.0,0,ams-nd44-13-1955
suragajakkaratahalli-lake,,,,,,,,0.0,0,ams-nd44-13-1955
swarna-kunte-gudde-lake,,,,,0.0,0,,0.0,0,ams-nd44-13-1955;soi-57h9-1945
tadipalya-lake,,,,,,,,0.0,0,ams-nd43-12-1955
tadsighatta-kere,,,,,,,True,88.0,266575,ams-nd43-12-1955
tagachikuppe-kere,,,,,,,,0.0,0,ams-nd43-16-1955
taggali-hosahalli-kere,,,,,,,,0.0,0,ams-nd44-9-1955
talagavara-kere,,,,,,,True,99.6,1117840,ams-nd44-9-1955
talakuppe-lake,,,,,,,,0.0,0,ams-nd43-16-1955
tambenahalli-lake,,,,,,,,0.0,0,ams-nd43-12-1955
tammaganhalli-lake,,,,,,,,0.0,0,ams-nd43-12-1955
tammrayasandra-kere,,,,,,,True,15.2,579460,ams-nd44-9-1955
tankasalahosahalli-kere,,,,,,,False,0.0,0,ams-nd44-9-1955
tanniranhalli-lake,,,,,,,False,0.0,0,ams-nd43-12-1955
tapasihalli-kere,,,,,,,False,0.0,0,ams-nd44-9-1955
tapasipura-kere,,,,,,,False,0.0,0,ams-nd44-9-1955
tapasipura-kere-2,,,,,,,,0.0,0,ams-nd44-9-1955
tarabahalli-lake,,,,,,,True,59.2,265875,ams-nd44-9-1955
tarabanahalli-kunte,,,,,,,,0.0,0,ams-nd43-12-1955
tarabanahalli-lake,False,0.0,0,,,,False,0.0,0,ams-nd44-9-1955;soi-57g12-1927
tarabhalli-lake,,,,,,,,0.0,0,ams-nd44-13-1955
tarahunase-lake,True,71.0,102915,,,,True,83.4,147489,ams-nd44-9-1955;soi-57g12-1927
taralu-lake,,,,,0.0,0,,0.0,0,ams-nd44-13-1955;soi-57h9-1945
tataguni-lake,,,,,0.0,0,,0.0,0,ams-nd44-13-1955;soi-57h9-1945
tattaguppe-lake,,,,,0.0,0,True,78.6,450002,ams-nd44-13-1955;soi-57h9-1945
tattanahalli-lake,,,,,,,,0.0,0,ams-nd44-13-1955
tattanur-lake,,,,,,,False,0.0,0,ams-nd44-13-1955
tattekere,,,,,,,True,0.0,126162,ams-nd43-12-1955
tavarekere-kere,,,,,,,True,88.1,898874,ams-nd44-9-1955
tavarekere-kunte1,,,,,0.0,0,,0.0,0,ams-nd44-13-1955;soi-57h9-1945
tavarekere-kunte2,,,,,0.0,0,,0.0,0,ams-nd44-13-1955;soi-57h9-1945
tavarekere-kunte3,,,,,0.0,0,,0.0,0,ams-nd44-13-1955;soi-57h9-1945
tavarekere-lake,,,,True,51.3,29374,,0.0,0,ams-nd44-13-1955;soi-57h9-1945
tavarekere-lake-1,,,,,,,,0.0,0,ams-nd43-16-1955
tavarekere-lake-2,,,,,,,True,52.1,61560,ams-nd43-16-1955
tavatahalli-kere,,,,,,,False,0.0,0,ams-nd44-9-1955
tayappanahalli-kunte,,,,,0.0,0,,0.0,0,ams-nd44-13-1955;soi-57h9-1945
telagarahalli-lake,,,,,,,True,6.1,100076,ams-nd44-13-1955
telegarahalli-lake-2,,,,,,,,0.0,0,ams-nd44-13-1955
tellohalli-lake,,,,,,,True,81.5,520225,ams-nd44-9-1955
teniyur-kere,,,,,,,True,76.9,714170,ams-nd44-9-1955
thagachikuppi-kunte-1,,,,,,,,0.0,0,ams-nd43-16-1955
thagachikuppi-kunte-2,,,,,,,,0.0,0,ams-nd43-16-1955
thagachikuppi-kunte-3,,,,,,,,0.0,0,ams-nd43-16-1955
thalagattapura-kere,,,,,0.0,0,,0.0,0,ams-nd44-13-1955;soi-57h9-1945
thalagattapura-lake,,,,,0.0,0,,0.0,0,ams-nd44-13-1955;soi-57h9-1945
thammenahalli-kunte-1,,,,,,,,0.0,0,ams-nd43-12-1955
thammenahalli-kunte-2,,,,,,,,0.0,0,ams-nd43-12-1955
thannisandra-kunte1,False,0.0,0,,,,,0.0,0,ams-nd44-9-1955;soi-57g12-1927
thannisandra-kunte2,,0.0,0,,,,,0.0,0,ams-nd44-9-1955;soi-57g12-1927
thigala-choudenahalli-kunte-1,,,,,,,,0.0,0,ams-nd44-13-1955
thigala-choudenahalli-kunte-2,,,,,,,,0.0,0,ams-nd44-13-1955
thigala-choudenahalli-kunte-3,,,,,,,,0.0,0,ams-nd44-13-1955
thigala-choudenahalli-kunte-4,,,,,,,,0.0,0,ams-nd44-13-1955
thimappanakere,,,,,,,,0.0,0,ams-nd43-16-1955
thimmagowdana-kere,,,,,,,,0.0,0,ams-nd43-12-1955
thimmasandra-govt-lake,,,,,,,,0.0,0,ams-nd44-13-1955
thimmasandra-kunte,,0.0,0,,,,,0.0,0,ams-nd44-9-1955;soi-57g12-1927
thindlu-katte,False,0.0,0,,,,,0.0,0,ams-nd44-9-1955;soi-57g12-1927
thindlu-kunte-1,,0.0,0,,,,,0.0,0,ams-nd44-9-1955;soi-57g12-1927
thindlu-kunte-2,,0.0,0,,,,,0.0,0,ams-nd44-9-1955;soi-57g12-1927
thindlu-kunte3,,0.0,0,,,,,0.0,0,ams-nd44-9-1955;soi-57g12-1927
thindlu-plantation-katte,False,0.0,0,,,,,0.0,0,ams-nd44-9-1955;soi-57g12-1927
thippasandra-kere,,,,,0.0,0,,0.0,0,ams-nd44-13-1955;soi-57h9-1945
thippasandra-kunte1,,,,,0.0,0,,0.0,0,ams-nd44-13-1955;soi-57h9-1945
thippasandra-kunte2,,,,,0.0,0,,0.0,0,ams-nd44-13-1955;soi-57h9-1945
thirumenahalli-lake,True,9.7,6046,,,,False,0.0,0,ams-nd44-9-1955;soi-57g12-1927
thotadaguddadahalli-kunte1,,,,,,,,0.0,0,ams-nd43-12-1955
thotadaguddadahalli-kunte2,,,,,,,,0.0,0,ams-nd43-12-1955
thubarahalli-kunte1,,,,,0.0,0,,0.0,0,ams-nd44-13-1955;soi-57h9-1945
thubarahalli-kunte2,,,,,0.0,0,,0.0,0,ams-nd44-13-1955;soi-57h9-1945
thubarahalli-kunte3,,,,,0.0,0,,0.0,0,ams-nd44-13-1955;soi-57h9-1945
thupinkere,True,37.1,20530,,,,True,68.0,97588,ams-nd44-9-1955;soi-57g12-1927
thurahalli-kunte,,,,,0.0,0,,0.0,0,ams-nd44-13-1955;soi-57h9-1945
tigalara-chowddenahalli-govt-karabukere,,,,,,,,0.0,0,ams-nd44-13-1955
timmaboyipalya-kere,,,,,,,True,65.8,543751,ams-nd43-12-1955
timmanayayakanahalli-lake-1,,,,,,,,0.0,0,ams-nd43-12-1955
timmasadra-kere,True,56.8,154535,,,,True,69.0,286399,ams-nd44-9-1955;soi-57g12-1927
timmasandra-kere,,,,,,,,0.0,0,ams-nd43-12-1955
timmasandra-kere-2,,,,,,,True,95.5,208089,ams-nd44-9-1955
timmayyanadoddi-lake,,,,,0.0,0,,0.0,0,ams-nd44-13-1955;soi-57h9-1945
tindlu-kere-e,,,,,,,False,0.0,0,ams-nd44-13-1955
tindlu-lake,True,30.7,28011,,,,True,31.1,106851,ams-nd44-9-1955;soi-57g12-1927
tindlu-lake-2,False,0.0,0,,,,,0.0,0,ams-nd44-9-1955;soi-57g12-1927
tippagondanahalli-lower-kere,,,,,,,,0.0,0,ams-nd43-12-1955
tippagondanahalli-up-kere,,,,,,,,0.0,0,ams-nd43-12-1955
tippagondanhalli-low-kere,,,,,,,,0.0,0,ams-nd43-12-1955
tippapura-kere,,,,,,,,0.0,0,ams-nd44-9-1955
tippasandra-lake,,,,,,,,0.0,0,ams-nd44-13-1955
tippenhalli-kere,,,,,,,True,72.7,277169,ams-nd44-9-1955
tirumagondanahalli-lake,,,,,0.0,0,,0.0,0,ams-nd44-13-1955;soi-57h9-1945
tirumagondanapalya-kere,,,,,,,True,92.2,1312165,ams-nd43-12-1955
tirumalapura-kere,,,,,,,,0.0,0,ams-nd43-12-1955
tiruvaranga-lake,,,,,,,False,0.0,0,ams-nd44-13-1955
togarighatta-kere,,,,,,,False,0.0,0,ams-nd44-9-1955
toli-katte,,,,,,,True,68.6,1050581,ams-nd43-12-1955
tonachinakuppre-kere,,,,,,,,0.0,0,ams-nd43-12-1955
torenagasandra-kunte1,,,,,,,,0.0,0,ams-nd43-12-1955
torenagasandra-kunte2,,,,,,,,0.0,0,ams-nd43-12-1955
torenagasandra-urkunte-newly-created,,,,,,,,0.0,0,ams-nd43-12-1955
totagere-kere,,,,,,,,0.0,0,ams-nd43-12-1955
totanahalli-lake,,,,,,,,0.0,0,ams-nd43-12-1955
tubagere-kere,,,,,,,True,51.6,114738,ams-nd44-9-1955
tubinkere,False,0.0,0,,,,,0.0,0,ams-nd44-9-1955;soi-57g12-1927
tubukunte-lake,,,,,,,,0.0,0,ams-nd43-12-1955
tyamagondal-kere,,,,,,,True,23.0,59557,ams-nd43-12-1955
tyavakanahalli-kere,,,,,,,,0.0,0,ams-nd44-13-1955
udanahalli-kere,,,,,,,True,82.5,267250,ams-nd44-9-1955
uddichikkanahalli-kere,,,,,,,True,0.0,92855,ams-nd43-12-1955
ujjani-lake,,,,,,,False,0.0,0,ams-nd43-12-1955
ullalu-kunte1,,,,,,,,0.0,0,ams-nd43-16-1955
ullalu-kunte2,,,,,,,,0.0,0,ams-nd43-16-1955
ullalu-kunte3,,,,,,,,0.0,0,ams-nd43-16-1955
ullalu-lake-1,,,,,,,,0.0,0,ams-nd43-16-1955
ullalu-lake-2,,,,,,,False,0.0,0,ams-nd43-16-1955
ulsoor-kunte,,,,,0.0,0,,,,soi-57h9-1945
ulsoor-lake,,,,,0.0,0,,,,soi-57h9-1945
unnamed-lake,,,,,,,,0.0,0,ams-nd43-12-1955
unnamed-tank-near-abdul-kalam-nagar,,,,True,92.6,64019,False,0.0,0,ams-nd44-13-1955;soi-57h9-1945
unnamed-tank-near-adarangi,,,,,,,True,56.5,85045,ams-nd43-12-1955
unnamed-tank-near-adisanahatty,,,,,0.0,0,True,58.0,126427,ams-nd44-13-1955;soi-57h9-1945
unnamed-tank-near-agasarahalli,,,,,,,True,54.0,187832,ams-nd43-12-1955
unnamed-tank-near-ajjahalli,,,,,,,True,68.3,743600,ams-nd43-12-1955
unnamed-tank-near-alambadi,,,,,,,True,73.6,86079,ams-nd44-13-1955
unnamed-tank-near-alappanahalli,,,,,,,True,70.9,92856,ams-nd43-12-1955
unnamed-tank-near-alur,,,,,,,True,84.0,106332,ams-nd43-12-1955
unnamed-tank-near-ambiga,,,,,,,True,58.1,276575,ams-nd44-9-1955
unnamed-tank-near-anagalapura,False,0.0,0,,,,True,64.1,205929,ams-nd44-9-1955;soi-57g12-1927
unnamed-tank-near-araledibba,,,,,,,True,86.8,96417,ams-nd43-12-1955
unnamed-tank-near-arasanahalli,,,,,,,True,90.4,171042,ams-nd44-9-1955
unnamed-tank-near-arishinakunte,,,,,,,True,64.7,355120,ams-nd43-12-1955
unnamed-tank-near-avalakuppe,,,,,,,True,57.2,214092,ams-nd43-12-1955
unnamed-tank-near-badamanavarthakaval-p2,,,,,0.0,0,True,77.5,79898,ams-nd44-13-1955;soi-57h9-1945
unnamed-tank-near-bagalur,,,,,,,True,57.9,546769,ams-nd44-13-1955
unnamed-tank-near-bagalur-2,,,,,,,True,85.7,135733,ams-nd44-13-1955
unnamed-tank-near-bairagondlu,,,,,,,True,34.6,397717,ams-nd43-12-1955
unnamed-tank-near-bairasandra,,,,,,,True,78.0,121928,ams-nd43-12-1955
unnamed-tank-near-bairasandra-2,,,,,,,True,84.4,166741,ams-nd44-9-1955
unnamed-tank-near-banasawadi,,,,,,,True,46.1,323927,ams-nd43-12-1955
unnamed-tank-near-banavadi,,,,,,,True,78.1,108445,ams-nd43-12-1955
unnamed-tank-near-banavadi-2,,,,,,,True,87.2,143195,ams-nd43-12-1955
unnamed-tank-near-banavati,,,,,,,True,71.8,85091,ams-nd43-12-1955
unnamed-tank-near-banavati-2,,,,,,,True,46.9,400553,ams-nd43-12-1955
unnamed-tank-near-bandaiahana-palya,,,,,,,True,30.3,1097396,ams-nd43-12-1955
unnamed-tank-near-baraguru,,,,,,,True,57.6,321159,ams-nd43-12-1955
unnamed-tank-near-basavanahalli,,,,,,,True,80.3,101369,ams-nd43-12-1955
unnamed-tank-near-begepalli,,,,,,,True,78.2,238109,ams-nd44-13-1955
unnamed-tank-near-belagondapalli,,,,,,,True,71.9,591062,ams-nd44-13-1955
unnamed-tank-near-benakina-madagu,,,,,,,True,70.8,80099,ams-nd43-12-1955
unnamed-tank-near-benakina-madagu-2,,,,,,,True,52.5,168047,ams-nd43-12-1955
unnamed-tank-near-bennagere,,,,,,,True,87.4,154540,ams-nd43-12-1955
unnamed-tank-near-bhimapura,,,,,,,True,84.5,134716,ams-nd44-9-1955
unnamed-tank-near-bhimasagara,,,,,,,True,82.6,103486,ams-nd43-12-1955
unnamed-tank-near-bhusandra,,,,,,,True,39.4,319694,ams-nd43-12-1955
unnamed-tank-near-bidanapalya,,,,,,,True,31.3,402619,ams-nd43-12-1955
unnamed-tank-near-bidarahalli,False,0.0,0,,,,True,78.1,136124,ams-nd44-9-1955;soi-57g12-1927
unnamed-tank-near-bolamaranahalli,,,,,,,True,95.3,75121,ams-nd43-12-1955
unnamed-tank-near-bommandapalli,,,,,,,True,89.7,131095,ams-nd44-13-1955
unnamed-tank-near-brundavana-layout,,,,,,,True,35.0,282811,ams-nd43-12-1955
unnamed-tank-near-buchanahalli,,,,,,,True,80.4,167305,ams-nd43-12-1955
unnamed-tank-near-byadarahalli,,,,,,,True,92.7,82204,ams-nd43-12-1955
unnamed-tank-near-byata,,,,,,,True,38.0,163048,ams-nd43-12-1955
unnamed-tank-near-byata-2,,,,,,,True,58.6,370752,ams-nd43-12-1955
unnamed-tank-near-channadevi-agrahara,,,,,,,True,89.6,148182,ams-nd43-12-1955
unnamed-tank-near-channarayapatna,,,,,,,True,64.4,1079747,ams-nd44-9-1955
unnamed-tank-near-channenahalli,,,,,,,True,82.4,246261,ams-nd43-16-1955
unnamed-tank-near-chikka-koratagere,,,,,,,True,68.8,82225,ams-nd43-12-1955
unnamed-tank-near-chikka-kukkanahalli,,,,,,,True,90.1,76575,ams-nd43-12-1955
unnamed-tank-near-chikka-kukkanahalli-2,,,,,,,True,62.3,138243,ams-nd43-12-1955
unnamed-tank-near-chikka-saggere,,,,,,,True,78.1,159512,ams-nd43-12-1955
unnamed-tank-near-chikka-saggere-2,,,,,,,True,87.6,91471,ams-nd43-12-1955
unnamed-tank-near-chikkahosahalli,,,,,,,True,65.4,108309,ams-nd44-9-1955
unnamed-tank-near-chikkahosahalli-2,,,,,,,True,51.7,112557,ams-nd44-9-1955
unnamed-tank-near-chikkamuddenahalli,,,,,,,True,58.4,271486,ams-nd44-9-1955
unnamed-tank-near-chikkanahalli,,,,,,,True,63.7,92159,ams-nd43-12-1955
unnamed-tank-near-chikkanahalli-2,,,,,,,True,63.1,2262238,ams-nd44-9-1955
unnamed-tank-near-chikkondahalli,,,,,,,True,68.8,107644,ams-nd44-9-1955
unnamed-tank-near-chilenahalli,,,,,,,True,41.0,263030,ams-nd43-12-1955
unnamed-tank-near-chimachanahalli,,,,,,,True,69.5,320699,ams-nd44-9-1955
unnamed-tank-near-chinnahalli,,,,,,,True,62.3,195649,ams-nd43-12-1955
unnamed-tank-near-chokkandahalli,,,,,,,True,76.2,230221,ams-nd44-9-1955
unnamed-tank-near-chunchanakuppe,,,,,,,True,66.5,76443,ams-nd43-16-1955
unnamed-tank-near-dadagattamadagu,,,,,,,True,53.9,234697,ams-nd43-12-1955
unnamed-tank-near-dalasagere,,,,,,,True,45.7,1382323,ams-nd44-9-1955
unnamed-tank-near-dasanapura,,,,,,,True,72.9,323272,ams-nd43-12-1955
unnamed-tank-near-devaganahalli,True,61.3,152121,,,,True,67.7,256534,ams-nd44-9-1955;soi-57g12-1927
unnamed-tank-near-devanahalli,,,,,,,True,72.0,94767,ams-nd44-9-1955
unnamed-tank-near-devashettihalli,,,,,,,True,67.5,110467,ams-nd44-9-1955
unnamed-tank-near-dharmapura,,,,,,,True,80.6,217390,ams-nd44-9-1955
unnamed-tank-near-dodda-hosahalli,False,0.0,0,,,,True,86.4,102646,ams-nd44-9-1955;soi-57g12-1927
unnamed-tank-near-dodda-saggere,,,,,,,True,63.0,97807,ams-nd43-12-1955
unnamed-tank-near-doddabettahalli,True,85.4,42077,,,,True,87.7,61274,ams-nd44-9-1955;soi-57g12-1927
unnamed-tank-near-doddahulluru,,,,,,,True,34.0,581584,ams-nd44-9-1955
unnamed-tank-near-dombarahalli,,,,,,,True,84.9,212691,ams-nd43-12-1955
unnamed-tank-near-dyapenahalli,,,,,,,True,82.6,102079,ams-nd43-12-1955
unnamed-tank-near-dyavasandra,,,,,,,True,87.9,103521,ams-nd43-12-1955
unnamed-tank-near-dyavasandra-2,,,,,,,True,45.9,805360,ams-nd43-12-1955
unnamed-tank-near-eluvapalli,,,,,,,True,82.2,90750,ams-nd44-13-1955
unnamed-tank-near-ennigere,,,,,,,True,43.9,258769,ams-nd43-12-1955
unnamed-tank-near-gangodanahalli,,,,,,,True,41.1,508288,ams-nd43-12-1955
unnamed-tank-near-garudagallu,,,,,,,True,65.6,204161,ams-nd43-12-1955
unnamed-tank-near-garudagallu-2,,,,,,,True,42.1,355167,ams-nd43-12-1955
unnamed-tank-near-gaudanakunte,,,,,,,True,63.8,91428,ams-nd43-12-1955
unnamed-tank-near-giddenahalli,,,,,,,True,71.0,98369,ams-nd43-16-1955
unnamed-tank-near-giduganahalli,,,,,,,True,69.3,104210,ams-nd43-12-1955
unnamed-tank-near-giduganahalli-2,,,,,,,True,76.2,162333,ams-nd43-12-1955
unnamed-tank-near-gollahalli,,,,,,,True,54.5,221822,ams-nd43-12-1955
unnamed-tank-near-guddadahalli,,,,,,,True,73.8,336735,ams-nd43-12-1955
unnamed-tank-near-gudemaranahalli,,,,,,,True,76.9,92144,ams-nd43-12-1955
unnamed-tank-near-gummanahalli,,,,,,,True,86.4,159515,ams-nd43-12-1955
unnamed-tank-near-gummanahalli-2,,,,,,,True,75.4,121954,ams-nd43-12-1955
unnamed-tank-near-gundammanapalya,,,,,,,True,72.1,94289,ams-nd43-12-1955
unnamed-tank-near-gundlahalli,,,,,,,True,70.3,107051,ams-nd43-12-1955
unnamed-tank-near-hakkinalu,,,,,,,True,38.4,188577,ams-nd43-12-1955
unnamed-tank-near-harti,,,,,,,True,84.1,153071,ams-nd43-12-1955
unnamed-tank-near-hebbagodi,,,,,0.0,0,True,30.0,333550,ams-nd44-13-1955;soi-57h9-1945
unnamed-tank-near-heggadadevanapura,,,,,,,True,60.4,1050581,ams-nd43-12-1955
unnamed-tank-near-hemapura,,,,,,,True,92.0,87199,ams-nd43-12-1955
unnamed-tank-near-hodekallu,,,,,,,True,74.9,191373,ams-nd43-12-1955
unnamed-tank-near-honnarayanahalli,,,,,,,True,61.4,111295,ams-nd43-12-1955
unnamed-tank-near-honnenahalli,,,,,,,True,81.6,131833,ams-nd43-12-1955
unnamed-tank-near-hosakote,,,,,,,True,85.0,82939,ams-nd43-12-1955
unnamed-tank-near-hosakote-2,,,,,,,True,62.2,102083,ams-nd43-12-1955
unnamed-tank-near-hullegaudanahalli,,,,,,,True,41.7,543751,ams-nd43-12-1955
unnamed-tank-near-huskur-kodi,,,,,,,True,57.6,290718,ams-nd44-9-1955
unnamed-tank-near-huskuru,,,,,,,True,71.0,149601,ams-nd43-12-1955
unnamed-tank-near-huskuru-2,,,,,,,True,55.4,105645,ams-nd43-12-1955
unnamed-tank-near-huvinayakanahalli,False,0.0,0,,,,True,85.3,245811,ams-nd44-9-1955;soi-57g12-1927
unnamed-tank-near-isturu-hosahalli,,,,,,,True,69.9,130433,ams-nd44-9-1955
unnamed-tank-near-jigani,,,,,0.0,0,True,64.6,159812,ams-nd44-13-1955;soi-57h9-1945
unnamed-tank-near-kadaranahalli,,,,,,,True,48.4,155959,ams-nd43-12-1955
unnamed-tank-near-kadatippuru,,,,,,,True,83.0,92872,ams-nd43-12-1955
unnamed-tank-near-kadirenahalli,,,,,,,True,54.6,205268,ams-nd43-16-1955
unnamed-tank-near-kadugujjanahalli,,,,,,,True,67.3,135390,ams-nd43-12-1955
unnamed-tank-near-kadugujjanahalli-2,,,,,,,True,73.0,199917,ams-nd43-12-1955
unnamed-tank-near-kadukunte,,,,,,,True,34.1,511855,ams-nd43-12-1955
unnamed-tank-near-kaggadasapura,,,,,0.0,0,True,69.3,165243,ams-nd44-13-1955;soi-57h9-1945
unnamed-tank-near-kalanayakanahalli,,,,,,,True,73.3,89204,ams-nd44-13-1955
unnamed-tank-near-kalkere,,,,,,,True,77.9,328030,ams-nd44-13-1955
unnamed-tank-near-kalludevanahalli,,,,,,,True,24.8,2189275,ams-nd43-12-1955
unnamed-tank-near-kallukunte,,,,,,,True,35.9,306970,ams-nd43-12-1955
unnamed-tank-near-kamalapura,,,,,,,True,69.0,102068,ams-nd43-12-1955
unnamed-tank-near-kamaluru,,,,,,,True,91.0,121254,ams-nd43-12-1955
unnamed-tank-near-kamaluru-palya,,,,,,,True,78.7,211243,ams-nd43-12-1955
unnamed-tank-near-kammasandra,,,,,,,True,74.1,116964,ams-nd43-12-1955
unnamed-tank-near-kanakenahalli,,,,,,,True,78.6,118384,ams-nd43-12-1955
unnamed-tank-near-kanakenahalli-2,,,,,,,True,75.0,100634,ams-nd43-12-1955
unnamed-tank-near-kanegaudanahalli,,,,,,,True,64.8,279276,ams-nd43-12-1955
unnamed-tank-near-kannaikana-agrahara,,,,,0.0,0,True,63.1,270720,ams-nd44-13-1955;soi-57h9-1945
unnamed-tank-near-karimanne,,,,,,,True,82.0,197800,ams-nd43-12-1955
unnamed-tank-near-karlapura,,,,,,,True,82.5,200645,ams-nd43-12-1955
unnamed-tank-near-kasaraghatta,,,,,,,True,71.6,96424,ams-nd43-12-1955
unnamed-tank-near-katenahalli,,,,,,,True,46.4,686983,ams-nd43-12-1955
unnamed-tank-near-kattugollahalli,False,0.0,0,,,,True,49.5,255832,ams-nd44-9-1955;soi-57g12-1927
unnamed-tank-near-kempalinganahalli,,,,,,,True,45.9,270810,ams-nd43-12-1955
unnamed-tank-near-kempohalli,,,,,,,True,39.5,224718,ams-nd43-12-1955
unnamed-tank-near-kenchanakuppe,,,,,,,True,76.9,80709,ams-nd43-16-1955
unnamed-tank-near-ketaganahalli,,,,,,,True,85.0,114700,ams-nd43-16-1955
unnamed-tank-near-kodappanahalli,,,,,,,True,44.1,1032163,ams-nd43-12-1955
unnamed-tank-near-kodihalli,,,,,,,True,35.5,353079,ams-nd43-12-1955
unnamed-tank-near-kodihalli-2,,,,,,,True,60.4,285701,ams-nd43-12-1955
unnamed-tank-near-kodihalli-3,,,,,,,True,84.0,201038,ams-nd43-16-1955
unnamed-tank-near-kolala,,,,,,,True,64.3,145350,ams-nd43-12-1955
unnamed-tank-near-kolala-2,,,,,,,True,71.4,193538,ams-nd43-12-1955
unnamed-tank-near-konenahalli,,,,,,,True,74.1,114130,ams-nd43-12-1955
unnamed-tank-near-korlahalli,,,,,,,True,85.9,91924,ams-nd44-9-1955
unnamed-tank-near-kottaganahalli,,,,,,,True,82.6,189963,ams-nd43-12-1955
unnamed-tank-near-kugonahalli,,,,,,,True,88.0,89322,ams-nd43-12-1955
unnamed-tank-near-kugonahalli-2,,,,,,,True,78.0,306275,ams-nd43-12-1955
unnamed-tank-near-kuluvanahally,,,,,,,True,48.2,220410,ams-nd43-12-1955
unnamed-tank-near-kuruvelu,,,,,,,True,62.2,342414,ams-nd43-12-1955
unnamed-tank-near-lakkenahalli,,,,,,,True,63.2,180080,ams-nd43-12-1955
unnamed-tank-near-lingadaviranahalli,,,,,,,True,74.7,148163,ams-nd43-12-1955
unnamed-tank-near-lingapura,,,,,,,True,41.8,269429,ams-nd43-12-1955
unnamed-tank-near-lingapura-2,,,,,,,True,51.2,237395,ams-nd44-9-1955
unnamed-tank-near-machonayakanahalli,,,,,,,True,62.4,104205,ams-nd43-12-1955
unnamed-tank-near-madanayakanahalli,,,,,,,True,91.9,75835,ams-nd43-12-1955
unnamed-tank-near-madhya-venkatapura,,,,,,,True,52.4,303269,ams-nd43-12-1955
unnamed-tank-near-madhya-venkatapura-2,,,,,,,True,66.6,247407,ams-nd43-12-1955
unnamed-tank-near-madigondanahalli,,,,,,,True,74.6,131849,ams-nd43-12-1955
unnamed-tank-near-mahadevapura,,,,,,,True,75.3,107055,ams-nd43-12-1955
unnamed-tank-near-makenahalli,,,,,,,True,69.2,82217,ams-nd43-12-1955
unnamed-tank-near-mallasandra,,,,,,,True,55.1,107751,ams-nd43-12-1955
unnamed-tank-near-mallegaudanahalli,,,,,,,True,47.3,223323,ams-nd43-12-1955
unnamed-tank-near-malluru,,,,,,,True,77.1,100655,ams-nd43-12-1955
unnamed-tank-near-malluru-2,,,,,,,True,65.0,307910,ams-nd44-9-1955
unnamed-tank-near-manchenahalli,,,,,,,True,76.3,163047,ams-nd43-12-1955
unnamed-tank-near-mandibyadarahalli,,,,,,,True,77.4,226160,ams-nd43-12-1955
unnamed-tank-near-mandigere,,,,,,,True,74.5,85777,ams-nd43-12-1955
unnamed-tank-near-mannerampura,,,,,,,True,85.9,275776,ams-nd43-12-1955
unnamed-tank-near-mannerampura-2,,,,,,,True,87.5,97113,ams-nd43-12-1955
unnamed-tank-near-mantanakurchi,,,,,,,True,50.2,377798,ams-nd43-12-1955
unnamed-tank-near-maragondanahalli,True,87.5,11068,,,,,0.0,0,ams-nd44-9-1955;soi-57g12-1927
unnamed-tank-near-minakunte-hosuru,False,0.0,0,,,,True,84.6,76944,ams-nd44-9-1955;soi-57g12-1927
unnamed-tank-near-minasandra,,,,,,,True,77.2,320258,ams-nd44-13-1955
unnamed-tank-near-mitrahalli,,,,,,,True,67.0,106377,ams-nd43-12-1955
unnamed-tank-near-muddalinganahalli,,,,,,,True,65.6,224706,ams-nd43-12-1955
unnamed-tank-near-muppenahalli,,,,,,,True,51.8,774071,ams-nd43-12-1955
unnamed-tank-near-muthkuru,True,83.6,54431,,,,True,26.5,6326439,ams-nd44-9-1955;soi-57g12-1927
unnamed-tank-near-naganahalli,,,,,,,True,42.3,10283282,ams-nd43-16-1955
unnamed-tank-near-nakkalahall,,,,,,,True,83.9,229480,ams-nd44-9-1955
unnamed-tank-near-nallappanahalli,,,,,,,True,51.6,1089704,ams-nd44-9-1955
unnamed-tank-near-nallenahalli,,,,,,,True,81.0,320050,ams-nd44-9-1955
unnamed-tank-near-nallenahalli-2,,,,,,,True,85.2,673642,ams-nd44-9-1955
unnamed-tank-near-nandihalli,,,,,,,True,74.7,230354,ams-nd43-12-1955
unnamed-tank-near-nandihalli-2,,,,,,,True,74.2,250950,ams-nd43-12-1955
unnamed-tank-near-narasapura,,,,,,,True,82.1,93585,ams-nd43-12-1955
unnamed-tank-near-narasapura-2,,,,,,,True,75.4,85074,ams-nd43-12-1955
unnamed-tank-near-narasapura-3,,,,,,,True,82.6,110593,ams-nd43-12-1955
unnamed-tank-near-neralaghatta,,,,,,,True,61.8,829495,ams-nd43-12-1955
unnamed-tank-near-obanaykanapalya,,,,,,,True,70.4,586286,ams-nd43-12-1955
unnamed-tank-near-ojenahalli,,,,,,,True,43.3,731646,ams-nd43-12-1955
unnamed-tank-near-pataganahalli,,,,,,,True,51.7,102048,ams-nd43-12-1955
unnamed-tank-near-pattadevarapalya,,,,,,,True,31.2,628838,ams-nd43-12-1955
unnamed-tank-near-pemmanahalli,,,,,,,True,43.9,642965,ams-nd43-12-1955
unnamed-tank-near-poonapalli,,,,,,,True,67.7,130297,ams-nd44-13-1955
unnamed-tank-near-poonapalli-2,,,,,,,True,87.9,107041,ams-nd44-13-1955
unnamed-tank-near-pura,,,,,,,True,40.0,391983,ams-nd44-9-1955
unnamed-tank-near-purushanahalli,,,,,,,True,76.6,173710,ams-nd43-12-1955
unnamed-tank-near-puttasandra,,,,,,,True,79.7,177943,ams-nd43-12-1955
unnamed-tank-near-puttayyana-agrahara,,,,,,,True,69.8,76567,ams-nd43-12-1955
unnamed-tank-near-ramadevanahalli,,,,,,,True,51.5,240316,ams-nd43-12-1955
unnamed-tank-near-rampura,,,,,,,True,56.2,316892,ams-nd43-12-1955
unnamed-tank-near-ravutanahalli,,,,,,,True,59.6,165210,ams-nd43-12-1955
unnamed-tank-near-ravutanahalli-2,,,,,,,True,36.3,213319,ams-nd43-12-1955
unnamed-tank-near-sampangere,,,,,,,True,75.1,84523,ams-nd44-13-1955
unnamed-tank-near-sasalu,,,,,,,True,46.0,384955,ams-nd43-12-1955
unnamed-tank-near-shashimakanahalli,,,,,,,True,70.5,579460,ams-nd44-9-1955
unnamed-tank-near-shrigiripura,,,,,,,True,68.5,104198,ams-nd43-12-1955
unnamed-tank-near-shrinivasapura,,,,,,,True,40.5,865511,ams-nd43-12-1955
unnamed-tank-near-shyakaladevanapura,,,,,,,True,84.5,111313,ams-nd43-12-1955
unnamed-tank-near-siddanahalli,,,,,,,True,73.8,107025,ams-nd44-13-1955
unnamed-tank-near-siddanapura,,,,,,,True,43.0,577775,ams-nd44-13-1955
unnamed-tank-near-sitanayakanahalli,,,,,,,True,79.8,310205,ams-nd44-13-1955
unnamed-tank-near-soladevanahalli,,,,,,,True,55.1,224004,ams-nd43-12-1955
unnamed-tank-near-soluru,,,,,,,True,54.6,725203,ams-nd43-12-1955
unnamed-tank-near-soluru-2,,,,,,,True,81.4,266049,ams-nd44-13-1955
unnamed-tank-near-somasagara,,,,,,,True,52.5,303419,ams-nd43-12-1955
unnamed-tank-near-somasagara-2,,,,,,,True,73.5,155977,ams-nd43-12-1955
unnamed-tank-near-sonnenahalli,,,,,,,True,38.0,356558,ams-nd43-12-1955
unnamed-tank-near-subramanya-ghati,,,,,,,True,82.2,128250,ams-nd44-9-1955
unnamed-tank-near-suddahalli,,,,,,,True,82.6,111181,ams-nd44-9-1955
unnamed-tank-near-sunkadahalli,,,,,,,True,90.1,75145,ams-nd43-12-1955
unnamed-tank-near-sunkadahalli-2,,,,,,,True,64.4,176513,ams-nd43-12-1955
unnamed-tank-near-suttahalli,,,,,,,True,79.4,117691,ams-nd43-12-1955
unnamed-tank-near-talakuppe,,,,,,,True,93.8,579772,ams-nd43-16-1955
unnamed-tank-near-talakuppe-2,,,,,,,True,81.1,77871,ams-nd43-16-1955
unnamed-tank-near-tattekere,,,,,,,True,70.5,126162,ams-nd43-12-1955
unnamed-tank-near-tattekere-2,,,,,,,True,80.8,115554,ams-nd43-12-1955
unnamed-tank-near-tattekere-3,,,,,,,True,37.1,496881,ams-nd43-12-1955
unnamed-tank-near-teppada-beguru,,,,,,,True,84.2,75854,ams-nd43-12-1955
unnamed-tank-near-thotadhaguddadhahalli,,,,,,,True,74.3,119094,ams-nd43-12-1955
unnamed-tank-near-timmanayakanahalli,,,,,,,True,47.1,216181,ams-nd43-12-1955
unnamed-tank-near-timmasandra,,,,,,,True,69.1,85779,ams-nd43-12-1955
unnamed-tank-near-udukunte,,,,,,,True,83.7,222556,ams-nd43-12-1955
unnamed-tank-near-uganavadi,False,0.0,0,,,,True,71.6,230910,ams-nd44-9-1955;soi-57g12-1927
unnamed-tank-near-uliveeranapalli,,,,,,,True,90.3,201691,ams-nd44-13-1955
unnamed-tank-near-upasapura,,,,,,,True,54.4,214794,ams-nd43-12-1955
unnamed-tank-near-urati-agrahara,,,,,,,True,58.8,191065,ams-nd44-9-1955
unnamed-tank-near-urdigere,,,,,,,True,72.0,95708,ams-nd43-12-1955
unnamed-tank-near-vaddarahalli,,,,,,,True,41.9,181498,ams-nd43-12-1955
unnamed-tank-near-vanigarahalli,,,,,,,True,85.9,381416,ams-nd43-12-1955
unnamed-tank-near-vengalammanahalli,,,,,,,True,78.5,89332,ams-nd43-12-1955
unnamed-tank-near-vidyaranyanagara,,,,True,23.2,106581,True,86.4,366135,ams-nd44-13-1955;soi-57h9-1945
unnamed-tank-near-viniyaka-layout,,,,,,,True,86.6,182200,ams-nd43-12-1955
unnamed-tank-near-virasagara,,,,,,,True,67.5,384895,ams-nd43-12-1955
unnamed-tank-near-vobichudahalli-obichudanahalli,,,,,0.0,0,True,57.2,363053,ams-nd44-13-1955;soi-57h9-1945
unnamed-tank-near-yaluvahalli,,,,,,,True,80.1,143974,ams-nd44-9-1955
unnamed-tank-near-yaramanchanahalli,,,,,,,True,85.3,236078,ams-nd43-12-1955
unnamed-tank-near-yekashipura,,,,,,,True,72.5,1181277,ams-nd44-9-1955
unnamed-tank-near-yennur,,,,,,,True,65.8,538973,ams-nd44-9-1955
ura-kunte,,0.0,0,,,,,0.0,0,ams-nd44-9-1955;soi-57g12-1927
uramundinakere,,,,True,52.6,75625,False,0.0,0,ams-nd44-13-1955;soi-57h9-1945
uramundinakere-2,,,,,0.0,0,,0.0,0,ams-nd44-13-1955;soi-57h9-1945
uramundinakere-3,,,,True,28.8,43936,False,0.0,0,ams-nd44-13-1955;soi-57h9-1945
uttarahalli-kunte,,,,,0.0,0,,0.0,0,ams-nd44-13-1955;soi-57h9-1945
uttarahalli-manavarthe-kaval-kunte4,,,,,0.0,0,,0.0,0,ams-nd44-13-1955;soi-57h9-1945
uttarahalli-manavarthe-kaval-kunte5,,,,,0.0,0,,0.0,0,ams-nd44-13-1955;soi-57h9-1945
uttarahalli-manavarthekaval-kunte1,,,,,0.0,0,,0.0,0,ams-nd44-13-1955;soi-57h9-1945
uttarahalli-manavarthekaval-kunte2,,,,,0.0,0,,0.0,0,ams-nd44-13-1955;soi-57h9-1945
uttarahalli-manavarthekaval-kunte3,,,,,0.0,0,,0.0,0,ams-nd44-13-1955;soi-57h9-1945
uttarsipalya-kere,,,,,,,True,58.2,58828,ams-nd43-12-1955
vabasandra-kunte1,,,,,0.0,0,,0.0,0,ams-nd44-13-1955;soi-57h9-1945
vabasandra-kunte2,,,,,0.0,0,,0.0,0,ams-nd44-13-1955;soi-57h9-1945
vabasandra-kunte3,,,,,0.0,0,,0.0,0,ams-nd44-13-1955;soi-57h9-1945
vabasandra-kunte4,,,,,0.0,0,,0.0,0,ams-nd44-13-1955;soi-57h9-1945
vabasandra-lake,,,,,,,True,99.7,103324,ams-nd44-9-1955
vadagehalli-kere,,,,,,,True,55.7,161073,ams-nd44-9-1955
vadakunte-4r,,,,,,,True,87.1,81528,ams-nd43-12-1955
vadakunte-low-4r,,,,,,,False,0.0,0,ams-nd43-12-1955
vadarahalli-kunte,,,,,,,,0.0,0,ams-nd43-12-1955
vaddahalli-lake,,,,,,,True,51.6,809727,ams-nd44-9-1955
vaddarapalya-kere,,,,,,,True,13.2,73719,ams-nd43-12-1955
vaddarapalya-lake,,,,,,,,0.0,0,ams-nd44-13-1955
vaddarapalya-lake-2,,,,,0.0,0,False,0.0,0,ams-nd44-13-1955;soi-57h9-1945
vaddarapalya-lake-3,,,,True,25.0,122257,True,30.5,52749,ams-nd44-13-1955;soi-57h9-1945
vaddarapalya-lake-4,,,,,0.0,0,,0.0,0,ams-nd44-13-1955;soi-57h9-1945
vaderahalli-govt-lake,,,,,0.0,0,,0.0,0,ams-nd44-13-1955;soi-57h9-1945
vaderahalli-kere,True,5.0,9748,,,,,0.0,0,ams-nd44-9-1955;soi-57g12-1927
vaderahalli-lake,,,,,,,,0.0,0,ams-nd43-16-1955
vaderahalli-lake-2,,,,,,,,0.0,0,ams-nd43-12-1955
vagata-kere,,,,,,,True,75.5,384126,ams-nd44-9-1955
vajarahalli-govt-katte,,,,,0.0,0,,0.0,0,ams-nd44-13-1955;soi-57h9-1945
vajarahalli-kere,,,,,,,True,45.6,212654,ams-nd43-12-1955
vajarahalli-kunte1,,,,,0.0,0,,0.0,0,ams-nd44-13-1955;soi-57h9-1945
vajarahalli-kunte2,,,,,0.0,0,,0.0,0,ams-nd44-13-1955;soi-57h9-1945
valagerahalli-kunte1,,,,,,,,0.0,0,ams-nd43-16-1955
valagerehalli-kere,,,,,,,,0.0,0,ams-nd43-16-1955
valagerekalahalli-kere,,,,,,,True,96.8,631333,ams-nd44-13-1955
valagerekalahalli-kere-nw,,,,,,,False,0.0,0,ams-nd44-13-1955
valyalikaval-kunte,,0.0,0,,,,,0.0,0,ams-nd44-9-1955;soi-57g12-1927
vanakanahalli-lake,,,,,,,,0.0,0,ams-nd44-13-1955
vanigarahalli-lake,,,,,,,True,92.7,277943,ams-nd43-12-1955
vannasandra-e,,,,,,,,0.0,0,ams-nd43-12-1955
vannasandra-s,,,,,,,True,48.0,194923,ams-nd43-12-1955
vannasandra-s-2,,,,,,,True,0.1,194923,ams-nd43-12-1955
vannasandra-w,,,,,,,,0.0,0,ams-nd43-12-1955
varadanakere,,,,,0.0,0,,0.0,0,ams-nd44-13-1955;soi-57h9-1945
varadanakunte,,,,True,58.5,164672,True,80.1,373858,ams-nd44-13-1955;soi-57h9-1945
varadapura-lake,,,,,,,True,83.4,376276,ams-nd44-9-1955
varahasandra-kunte1,,,,,,,,0.0,0,ams-nd43-16-1955
varahasandra-kunte2,,,,,,,,0.0,0,ams-nd43-16-1955
varanasi-kunte1,,0.0,0,,,,,0.0,0,ams-nd44-9-1955;soi-57g12-1927
varanasi-kunte2,,0.0,0,,,,,0.0,0,ams-nd44-9-1955;soi-57g12-1927
varattur-lake,,,,,,,,0.0,0,ams-nd43-16-1955
varthur-lake,,,,True,77.4,1445740,True,85.2,1494611,ams-nd44-13-1955;soi-57h9-1945
varthuru-kunte1,,,,,,,,0.0,0,ams-nd44-13-1955
varthuru-kunte10,,,,,0.0,0,,0.0,0,ams-nd44-13-1955;soi-57h9-1945
varthuru-kunte2,,,,,,,,0.0,0,ams-nd44-13-1955
varthuru-kunte3,,,,,,,,0.0,0,ams-nd44-13-1955
varthuru-kunte4,,,,,,,,0.0,0,ams-nd44-13-1955
varthuru-kunte5,,,,,,,,0.0,0,ams-nd44-13-1955
varthuru-kunte6,,,,,,,,0.0,0,ams-nd44-13-1955
varthuru-kunte7,,,,,,,,0.0,0,ams-nd44-13-1955
varthuru-kunte8,,,,,,,,0.0,0,ams-nd44-13-1955
varthuru-kunte9,,,,,0.0,0,,0.0,0,ams-nd44-13-1955;soi-57h9-1945
vasanthapura-katte,,,,,0.0,0,,0.0,0,ams-nd44-13-1955;soi-57h9-1945
vasanthapura-kunte,,,,,0.0,0,,0.0,0,ams-nd44-13-1955;soi-57h9-1945
vasantpur-lake,,,,,0.0,0,,0.0,0,ams-nd44-13-1955;soi-57h9-1945
vaudevapura-lake,,,,,0.0,0,,0.0,0,ams-nd44-13-1955;soi-57h9-1945
veeranahalli-kunte-1,,0.0,0,,,,,0.0,0,ams-nd44-9-1955;soi-57g12-1927
veeranahalli-kunte-2,,0.0,0,,,,True,0.0,1285473,ams-nd44-9-1955;soi-57g12-1927
veerasagara-kere,True,69.4,65445,,,,True,68.7,698912,ams-nd44-9-1955;soi-57g12-1927
veerasandra-govt-kunte-1,,,,,0.0,0,,0.0,0,ams-nd44-13-1955;soi-57h9-1945
veerasandra-govt-kunte-2,,,,,0.0,0,,0.0,0,ams-nd44-13-1955;soi-57h9-1945
venateshpuram-2-lake,,,,,,,,0.0,0,ams-nd44-13-1955
venkatappana-kere,,,,,,,True,0.0,1050581,ams-nd43-12-1955
venkatapura-kunte,,,,,,,,0.0,0,ams-nd43-16-1955
venkatapura-lake,,,,,,,False,0.0,0,ams-nd44-9-1955
venkateshapura-lake,False,0.0,0,,,,False,0.0,0,ams-nd44-9-1955;soi-57g12-1927
vibhuthipura-kunte1,,,,,0.0,0,,0.0,0,ams-nd44-13-1955;soi-57h9-1945
vibhuthipura-kunte2,,,,,0.0,0,,0.0,0,ams-nd44-13-1955;soi-57h9-1945
vibhuthipura-kunte3,,,,,0.0,0,,0.0,0,ams-nd44-13-1955;soi-57h9-1945
vibhuthipura-kunte4,,,,,0.0,0,,0.0,0,ams-nd44-13-1955;soi-57h9-1945
vibhuthipura-kunte5,,,,,0.0,0,,0.0,0,ams-nd44-13-1955;soi-57h9-1945
vibhuthipura-kunte6,,,,,0.0,0,,0.0,0,ams-nd44-13-1955;soi-57h9-1945
vibhutipura-lake,,,,True,66.0,103206,True,38.5,54298,ams-nd44-13-1955;soi-57h9-1945
vidyanagar-lake,,,,True,62.2,320950,True,81.0,666347,ams-nd44-13-1955;soi-57h9-1945
vijinapura-kere,True,31.5,37465,,,,False,0.0,0,ams-nd44-9-1955;soi-57g12-1927
vijinapura-kere2,True,83.4,34976,,,,,0.0,0,ams-nd44-9-1955;soi-57g12-1927
vijinapura-kunte1,,0.0,0,,,,,0.0,0,ams-nd44-9-1955;soi-57g12-1927
vijinapura-kunte2,,0.0,0,,,,,0.0,0,ams-nd44-9-1955;soi-57g12-1927
vinayakanagar-lake,,,,,,,True,100.0,1621996,ams-nd43-12-1955
vinayakanagar-lake-1,,,,,,,,0.0,0,ams-nd43-12-1955
virapanjipura-5r,,,,,,,True,77.1,409048,ams-nd43-12-1955
virapanjipura-lower5,,,,,,,True,0.0,223272,ams-nd43-12-1955
virapura-kere,,,,,,,True,74.4,455986,ams-nd44-9-1955
virapura-s-kere,,,,,,,,0.0,0,ams-nd44-9-1955
viraraghavaahalli-kere,,,,,,,,0.0,0,ams-nd43-12-1955
virasagara-lake,,,,,,,,0.0,0,ams-nd43-12-1955
virasagara-lake-2,,,,,,,,0.0,0,ams-nd43-12-1955
virasandra-lake,,,,,0.0,0,,0.0,0,ams-nd44-13-1955;soi-57h9-1945
viswanathapura-kere,,,,,,,True,92.8,248666,ams-nd44-9-1955
visweswaraihnagar-lake,,,,,,,,0.0,0,ams-nd44-13-1955
visweswaraiihnagar-east-lake,,,,,,,,0.0,0,ams-nd44-13-1955
vitasandra-govt-lake,,,,,0.0,0,,0.0,0,ams-nd44-13-1955;soi-57h9-1945
vitasandra-kunte1,,,,,0.0,0,,0.0,0,ams-nd44-13-1955;soi-57h9-1945
vitasandra-kunte2,,,,,0.0,0,,0.0,0,ams-nd44-13-1955;soi-57h9-1945
white-field-kunte1,,,,,,,,0.0,0,ams-nd44-13-1955
white-field-kunte2,,,,,,,,0.0,0,ams-nd44-13-1955
white-field-kunte3,,,,,,,,0.0,0,ams-nd44-13-1955
white-field-kunte4,,,,,0.0,0,,0.0,0,ams-nd44-13-1955;soi-57h9-1945
whitefield-kere,,,,,0.0,0,,0.0,0,ams-nd44-13-1955;soi-57h9-1945
yadamadu-lake,,,,,,,,0.0,0,ams-nd43-16-1955
yadgondahalli-lake,,,,,,,False,0.0,0,ams-nd44-13-1955
yadlahalli-kere,,,,,,,True,40.2,523886,ams-nd43-12-1955
yalachegere-kere,,,,,,,True,37.2,120517,ams-nd43-12-1955
yamalur-kunte1,,,,,0.0,0,,0.0,0,ams-nd44-13-1955;soi-57h9-1945
yamalur-kunte2,,,,,0.0,0,,0.0,0,ams-nd44-13-1955;soi-57h9-1945
yamalur-kunte3,,,,,0.0,0,,0.0,0,ams-nd44-13-1955;soi-57h9-1945
yantiganahalli-kere,,,,,,,True,99.9,185002,ams-nd43-12-1955
yarandahalli-lake,,,,,0.0,0,,0.0,0,ams-nd44-13-1955;soi-57h9-1945
yarappanahalli-kere,False,0.0,0,,,,,0.0,0,ams-nd44-9-1955;soi-57g12-1927
yarappanahalli-kere-2,False,0.0,0,,,,,0.0,0,ams-nd44-9-1955;soi-57g12-1927
yartiganahalli-lake,False,0.0,0,,,,False,0.0,0,ams-nd44-9-1955;soi-57g12-1927
yedahala-lake,,,,,,,True,79.1,1255115,ams-nd44-9-1955
yediyur-kere,,,,,0.0,0,False,0.0,0,ams-nd44-13-1955;soi-57h9-1945
yekkalagatta-kere-mahadevepura-kere,,,,True,99.5,81133,,0.0,0,ams-nd44-13-1955;soi-57h9-1945
yelachaguppe-karabu-katte,,,,,,,,0.0,0,ams-nd43-16-1955
yelachaguppe-kunte1,,,,,,,,0.0,0,ams-nd43-16-1955
yelachaguppe-kunte2,,,,,,,,0.0,0,ams-nd43-16-1955
yelachaguppe-kunte3,,,,,,,,0.0,0,ams-nd43-16-1955
yelachaguppe-kunte4,,,,,,,,0.0,0,ams-nd43-16-1955
yelachagupperamapura-kere,,,,,,,False,0.0,0,ams-nd43-16-1955
yelachammanahalli-kere,,,,,,,False,0.0,0,ams-nd44-9-1955
yelachchahalli-kere,,,,,,,True,87.3,884591,ams-nd44-9-1955
yelahanka-lake,True,88.8,993863,,,,True,91.0,1359402,ams-nd44-9-1955;soi-57g12-1927
yelenahalli-kunte-1,,,,,0.0,0,,0.0,0,ams-nd44-13-1955;soi-57h9-1945
yelenahalli-kunte-2,,,,,0.0,0,,0.0,0,ams-nd44-13-1955;soi-57h9-1945
yelenahalli-kunte-3,,,,,0.0,0,,0.0,0,ams-nd44-13-1955;soi-57h9-1945
yelenahalli-kunte-4,,,,True,0.0,20078,,0.0,0,ams-nd44-13-1955;soi-57h9-1945
yellachikuppe-lake,,,,,,,,0.0,0,ams-nd43-16-1955
yellakunte-kere-1,,,,True,18.1,88770,False,0.0,0,ams-nd44-13-1955;soi-57h9-1945
yellakunte-kere-2,,,,,0.0,0,,0.0,0,ams-nd44-13-1955;soi-57h9-1945
yellamallappashetti-kere,True,82.4,1484355,,,,True,78.4,1942491,ams-nd44-9-1955;soi-57g12-1927
yellammanapalya-lake,,,,,0.0,0,False,0.0,0,ams-nd44-13-1955;soi-57h9-1945
yellukunte-govt-lake,,,,True,66.5,31670,,0.0,0,ams-nd44-13-1955;soi-57h9-1945
