{"type":"FeatureCollection","features":[{"type":"Feature","properties":{"histId":"soi-57g12-1927-0001","sheet":"soi-57g12-1927","year":1927,"scale":63360,"areaM2":73783,"name":null,"confidence":"high","source":"soi-57g12-1927"},"geometry":{"type":"Polygon","coordinates":[[[77.738024,13.250771],[77.737761,13.250369],[77.737761,13.25026],[77.737611,13.250077],[77.737573,13.249492],[77.737797,13.248833],[77.738548,13.247881],[77.738548,13.247734],[77.738773,13.247551],[77.738773,13.247478],[77.738623,13.247442],[77.738022,13.247699],[77.737759,13.247699],[77.737195,13.247554],[77.736594,13.247189],[77.736444,13.247299],[77.736369,13.247921],[77.736107,13.248141],[77.735806,13.248215],[77.735806,13.248288],[77.735694,13.248398],[77.735694,13.248581],[77.735807,13.24869],[77.735807,13.248946],[77.735957,13.249275],[77.735995,13.249824],[77.736371,13.250152],[77.736597,13.250225],[77.736709,13.250334],[77.73671,13.250517],[77.736597,13.250737],[77.736635,13.250956],[77.738062,13.250954],[77.738024,13.250771]]]}},{"type":"Feature","properties":{"histId":"soi-57g12-1927-0002","sheet":"soi-57g12-1927","year":1927,"scale":63360,"areaM2":152115,"name":null,"confidence":"high","source":"soi-57g12-1927"},"geometry":{"type":"Polygon","coordinates":[[[77.646187,13.249619],[77.64615,13.249436],[77.646187,13.248997],[77.645963,13.248851],[77.645963,13.248157],[77.64585,13.248121],[77.645738,13.248011],[77.645738,13.247938],[77.645439,13.247756],[77.645215,13.24783],[77.644916,13.247831],[77.644767,13.247904],[77.644617,13.247868],[77.644243,13.247942],[77.644057,13.247869],[77.64372,13.247614],[77.643571,13.247578],[77.643384,13.247396],[77.643122,13.247397],[77.642823,13.247617],[77.642786,13.247946],[77.642562,13.248093],[77.642338,13.247947],[77.642338,13.247582],[77.642039,13.247473],[77.64174,13.247473],[77.641441,13.247657],[77.641329,13.247804],[77.641105,13.247877],[77.64088,13.247805],[77.640731,13.247842],[77.640507,13.247989],[77.640507,13.248098],[77.640395,13.248208],[77.640283,13.248245],[77.640246,13.24905],[77.640395,13.249086],[77.640507,13.249232],[77.640619,13.249268],[77.640732,13.249377],[77.640732,13.249487],[77.641105,13.249559],[77.641404,13.249778],[77.641404,13.249997],[77.641741,13.250106],[77.641853,13.250252],[77.642152,13.250434],[77.642488,13.250469],[77.642974,13.250322],[77.642974,13.250212],[77.642749,13.250067],[77.642749,13.249847],[77.642488,13.249775],[77.642301,13.249483],[77.642301,13.248642],[77.642562,13.248458],[77.642786,13.248604],[77.642786,13.248823],[77.643123,13.248969],[77.643235,13.249078],[77.643235,13.249188],[77.643459,13.249333],[77.643459,13.250028],[77.643646,13.250174],[77.643646,13.250284],[77.64402,13.250319],[77.644581,13.250537],[77.645403,13.250571],[77.645552,13.250498],[77.645851,13.250497],[77.64615,13.250277],[77.646262,13.249692],[77.646187,13.249619]]]}},{"type":"Feature","properties":{"histId":"soi-57g12-1927-0003","sheet":"soi-57g12-1927","year":1927,"scale":63360,"areaM2":66315,"name":null,"confidence":"high","source":"soi-57g12-1927"},"geometry":{"type":"Polygon","coordinates":[[[77.575654,13.24318],[77.575654,13.243326],[77.575989,13.243471],[77.576324,13.243762],[77.576324,13.243981],[77.57625,13.244055],[77.57625,13.244164],[77.576101,13.244275],[77.576101,13.244604],[77.576324,13.244749],[77.576287,13.245371],[77.576585,13.245552],[77.576846,13.245551],[77.577069,13.245331],[77.577181,13.245294],[77.577181,13.245185],[77.577627,13.244854],[77.577665,13.244744],[77.577888,13.244598],[77.577888,13.244524],[77.578,13.244414],[77.578149,13.244377],[77.578149,13.244268],[77.578372,13.244121],[77.578372,13.244011],[77.578595,13.243864],[77.578595,13.243535],[77.578819,13.243388],[77.579042,13.243387],[77.579042,13.243058],[77.578558,13.24306],[77.578298,13.242805],[77.578,13.242879],[77.577776,13.242807],[77.577479,13.242991],[77.577479,13.243064],[77.577367,13.243174],[77.577218,13.243211],[77.57692,13.242993],[77.57666,13.242993],[77.576548,13.242884],[77.576548,13.242811],[77.576436,13.242775],[77.576325,13.242629],[77.575803,13.242375],[77.575654,13.242412],[77.575654,13.242485],[77.575543,13.242595],[77.575431,13.242632],[77.575431,13.243034],[77.575654,13.24318]]]}},{"type":"Feature","properties":{"histId":"soi-57g12-1927-0004","sheet":"soi-57g12-1927","year":1927,"scale":63360,"areaM2":353402,"name":null,"confidence":"high","source":"soi-57g12-1927"},"geometry":{"type":"Polygon","coordinates":[[[77.65856,13.244321],[77.658784,13.244138],[77.659383,13.243954],[77.660056,13.243952],[77.66028,13.244098],[77.66028,13.244317],[77.660355,13.244353],[77.660654,13.244353],[77.660916,13.244425],[77.661215,13.244388],[77.661739,13.244606],[77.662263,13.244422],[77.662263,13.244275],[77.662524,13.244055],[77.662524,13.243909],[77.662749,13.243762],[77.662749,13.243689],[77.662861,13.243579],[77.663235,13.243432],[77.663235,13.243249],[77.663347,13.243139],[77.663609,13.243102],[77.663908,13.242918],[77.664357,13.242917],[77.664806,13.242733],[77.664806,13.242331],[77.664169,13.241711],[77.663907,13.241127],[77.66387,13.240615],[77.664056,13.239956],[77.664056,13.239517],[77.663944,13.239225],[77.663794,13.239189],[77.663682,13.23908],[77.663682,13.238897],[77.663757,13.238823],[77.663794,13.238604],[77.663794,13.238019],[77.663681,13.237983],[77.663569,13.237873],[77.663569,13.2378],[77.66327,13.237618],[77.662671,13.237912],[77.662672,13.238168],[77.662447,13.238315],[77.662447,13.238424],[77.662223,13.238608],[77.662186,13.238901],[77.661849,13.239194],[77.66155,13.239195],[77.661213,13.239378],[77.660914,13.239416],[77.660465,13.239709],[77.660129,13.23982],[77.660129,13.239893],[77.660017,13.240003],[77.659905,13.24004],[77.659792,13.240186],[77.659643,13.240223],[77.659643,13.240516],[77.659194,13.240846],[77.659194,13.240919],[77.65897,13.241066],[77.65897,13.241139],[77.658858,13.241249],[77.658484,13.241323],[77.658484,13.241396],[77.658372,13.241506],[77.65826,13.241543],[77.657773,13.241471],[77.657325,13.241619],[77.657325,13.241838],[77.657101,13.241985],[77.657063,13.24279],[77.657288,13.242935],[77.657288,13.24352],[77.657513,13.243666],[77.657513,13.243849],[77.658261,13.244322],[77.65856,13.244321]]]}},{"type":"Feature","properties":{"histId":"soi-57g12-1927-0005","sheet":"soi-57g12-1927","year":1927,"scale":63360,"areaM2":39425,"name":null,"confidence":"high","source":"soi-57g12-1927"},"geometry":{"type":"Polygon","coordinates":[[[77.571746,13.243083],[77.572007,13.243009],[77.572007,13.242644],[77.572044,13.242498],[77.57223,13.242351],[77.572267,13.241839],[77.572491,13.241692],[77.572528,13.241472],[77.572528,13.240924],[77.572305,13.240779],[77.572305,13.240669],[77.571635,13.240489],[77.570965,13.240747],[77.570965,13.240857],[77.570742,13.241003],[77.570742,13.241332],[77.570928,13.241588],[77.570928,13.241807],[77.571151,13.241952],[77.571114,13.243012],[77.571337,13.243158],[77.571337,13.243268],[77.571411,13.243304],[77.57156,13.243267],[77.571746,13.243083]]]}},{"type":"Feature","properties":{"histId":"soi-57g12-1927-0006","sheet":"soi-57g12-1927","year":1927,"scale":63360,"areaM2":1116249,"name":null,"confidence":"high","source":"soi-57g12-1927"},"geometry":{"type":"Polygon","coordinates":[[[77.672813,13.241324],[77.673037,13.24147],[77.673038,13.241726],[77.673262,13.241872],[77.673262,13.242018],[77.673449,13.242164],[77.673487,13.242456],[77.673599,13.242492],[77.673712,13.242602],[77.673712,13.242712],[77.673936,13.242857],[77.673937,13.243186],[77.674685,13.24355],[77.674798,13.24366],[77.674798,13.243842],[77.675022,13.243988],[77.67506,13.244244],[77.675472,13.244536],[77.675472,13.244645],[77.675921,13.244973],[77.675921,13.245047],[77.676034,13.245083],[77.676146,13.245229],[77.67682,13.245447],[77.677232,13.245409],[77.677719,13.245518],[77.677756,13.245481],[77.678093,13.245626],[77.678468,13.245882],[77.678804,13.245881],[77.679067,13.245953],[77.679291,13.24588],[77.679403,13.245733],[77.679965,13.245476],[77.679965,13.245293],[77.680451,13.244963],[77.680451,13.244743],[77.680713,13.24456],[77.680713,13.244487],[77.680863,13.24434],[77.681088,13.244303],[77.68135,13.24412],[77.681612,13.244046],[77.681612,13.2439],[77.682061,13.243606],[77.682061,13.243496],[77.682211,13.24335],[77.682547,13.243129],[77.68266,13.242983],[77.682997,13.242872],[77.682996,13.242543],[77.683109,13.242433],[77.683521,13.242359],[77.683783,13.242103],[77.68397,13.242066],[77.684569,13.241772],[77.684756,13.241625],[77.685206,13.241551],[77.685468,13.241367],[77.68573,13.24133],[77.686217,13.241146],[77.686441,13.240963],[77.686853,13.240926],[77.687565,13.240595],[77.687864,13.240594],[77.688351,13.24041],[77.688464,13.240446],[77.688838,13.240372],[77.689362,13.240079],[77.6894,13.239932],[77.688913,13.239933],[77.688501,13.240081],[77.688351,13.240264],[77.688239,13.240301],[77.687939,13.240082],[77.687976,13.239789],[77.687901,13.239424],[77.687751,13.239205],[77.687713,13.238766],[77.687526,13.238108],[77.687451,13.238035],[77.687188,13.236756],[77.687113,13.236646],[77.687075,13.23639],[77.687,13.236317],[77.687,13.235952],[77.686888,13.235806],[77.686888,13.235623],[77.686475,13.235221],[77.686101,13.235149],[77.685914,13.235223],[77.685764,13.235406],[77.685502,13.235553],[77.68509,13.2357],[77.68494,13.23592],[77.684678,13.235994],[77.684229,13.236324],[77.684079,13.236361],[77.683443,13.236874],[77.683256,13.236911],[77.682919,13.237095],[77.682731,13.237059],[77.68232,13.237169],[77.68202,13.237133],[77.681795,13.237317],[77.681683,13.237354],[77.681458,13.237281],[77.681121,13.237355],[77.680934,13.237538],[77.680672,13.237539],[77.680373,13.237686],[77.679886,13.237504],[77.679287,13.237469],[77.678426,13.237581],[77.678201,13.237728],[77.677864,13.237802],[77.676854,13.237767],[77.676629,13.237878],[77.676329,13.237842],[77.67603,13.237952],[77.675469,13.237954],[77.675282,13.238173],[77.675132,13.238247],[77.674795,13.238284],[77.674458,13.238468],[77.674084,13.238469],[77.673897,13.238542],[77.67371,13.238726],[77.67356,13.238763],[77.67356,13.238836],[77.673448,13.238946],[77.673111,13.239093],[77.673111,13.239276],[77.672887,13.239422],[77.672887,13.239642],[77.672775,13.239752],[77.672625,13.239789],[77.672625,13.240959],[77.672813,13.241105],[77.672813,13.241324]]]}},{"type":"Feature","properties":{"histId":"soi-57g12-1927-0007","sheet":"soi-57g12-1927","year":1927,"scale":63360,"areaM2":63887,"name":null,"confidence":"high","source":"soi-57g12-1927"},"geometry":{"type":"Polygon","coordinates":[[[77.645362,13.241248],[77.645474,13.241211],[77.645474,13.240626],[77.645287,13.240481],[77.645287,13.240334],[77.645362,13.240261],[77.645362,13.240115],[77.645511,13.240005],[77.645549,13.239493],[77.645735,13.239346],[77.645735,13.239017],[77.645548,13.238871],[77.645548,13.238798],[77.645212,13.238689],[77.644465,13.238728],[77.644016,13.238839],[77.643643,13.239096],[77.643269,13.239133],[77.643269,13.239462],[77.643493,13.239535],[77.64368,13.23979],[77.64368,13.239973],[77.643456,13.24012],[77.643456,13.240339],[77.643195,13.240523],[77.643195,13.240925],[77.643307,13.240961],[77.643531,13.24118],[77.644092,13.241361],[77.644503,13.241324],[77.645026,13.241505],[77.64525,13.241431],[77.64525,13.241358],[77.645362,13.241248]]]}},{"type":"Feature","properties":{"histId":"soi-57g12-1927-0008","sheet":"soi-57g12-1927","year":1927,"scale":63360,"areaM2":7937,"name":null,"confidence":"medium","source":"soi-57g12-1927"},"geometry":{"type":"Polygon","coordinates":[[[77.641326,13.239358],[77.641102,13.239285],[77.64099,13.239322],[77.640953,13.239432],[77.640766,13.239579],[77.640729,13.239981],[77.640841,13.240017],[77.641028,13.240236],[77.641326,13.240235],[77.641625,13.240125],[77.641625,13.239576],[77.641326,13.239358]]]}},{"type":"Feature","properties":{"histId":"soi-57g12-1927-0009","sheet":"soi-57g12-1927","year":1927,"scale":63360,"areaM2":6471,"name":null,"confidence":"medium","source":"soi-57g12-1927"},"geometry":{"type":"Polygon","coordinates":[[[77.604713,13.238661],[77.604601,13.238515],[77.60434,13.23848],[77.604153,13.238627],[77.604004,13.238664],[77.60393,13.238883],[77.604004,13.238956],[77.604004,13.239212],[77.604452,13.239393],[77.604675,13.239319],[77.604713,13.238661]]]}},{"type":"Feature","properties":{"histId":"soi-57g12-1927-0010","sheet":"soi-57g12-1927","year":1927,"scale":63360,"areaM2":89719,"name":null,"confidence":"high","source":"soi-57g12-1927"},"geometry":{"type":"Polygon","coordinates":[[[77.51041,13.240319],[77.511189,13.240645],[77.5113,13.240754],[77.5113,13.2409],[77.511745,13.241008],[77.512153,13.241006],[77.512487,13.241224],[77.512635,13.241187],[77.512746,13.24104],[77.513043,13.240893],[77.51334,13.241001],[77.513525,13.241147],[77.513859,13.241109],[77.513971,13.240999],[77.514193,13.240925],[77.514193,13.240815],[77.514008,13.240597],[77.51386,13.239793],[77.513711,13.239648],[77.513711,13.239502],[77.513897,13.239355],[77.51386,13.239063],[77.513934,13.238916],[77.514305,13.238659],[77.514305,13.238549],[77.514454,13.238366],[77.514639,13.237963],[77.514639,13.237853],[77.514306,13.237855],[77.513898,13.238039],[77.513712,13.238223],[77.513564,13.23826],[77.513489,13.238479],[77.513526,13.238772],[77.513044,13.239212],[77.512784,13.239213],[77.512599,13.239068],[77.512339,13.239032],[77.512228,13.238923],[77.51208,13.238887],[77.51182,13.239034],[77.511412,13.238963],[77.510967,13.239074],[77.510707,13.239222],[77.510448,13.239259],[77.510336,13.239406],[77.510188,13.23948],[77.510188,13.240064],[77.51041,13.24021],[77.51041,13.240319]]]}},{"type":"Feature","properties":{"histId":"soi-57g12-1927-0011","sheet":"soi-57g12-1927","year":1927,"scale":63360,"areaM2":259827,"name":null,"confidence":"high","source":"soi-57g12-1927"},"geometry":{"type":"Polygon","coordinates":[[[77.527663,13.241675],[77.527812,13.241638],[77.527923,13.241491],[77.528517,13.241379],[77.528555,13.240392],[77.528778,13.240245],[77.528778,13.23988],[77.528555,13.239734],[77.528555,13.239406],[77.528332,13.239333],[77.528147,13.239188],[77.52785,13.239335],[77.527738,13.239299],[77.527442,13.239081],[77.527442,13.238971],[77.527367,13.238935],[77.527107,13.239046],[77.526848,13.238974],[77.526551,13.239121],[77.526551,13.239231],[77.526328,13.239378],[77.526216,13.239342],[77.526068,13.239123],[77.525845,13.238978],[77.525845,13.238649],[77.525957,13.238539],[77.526105,13.238502],[77.526105,13.238429],[77.526254,13.238282],[77.526551,13.238208],[77.526588,13.237074],[77.526811,13.236927],[77.526811,13.236818],[77.526923,13.236708],[77.527034,13.236671],[77.527182,13.236707],[77.527368,13.236889],[77.527554,13.236924],[77.527739,13.23718],[77.527739,13.237399],[77.527331,13.237693],[77.527034,13.237767],[77.527033,13.238059],[77.527256,13.238205],[77.527256,13.238314],[77.527702,13.238386],[77.527924,13.238312],[77.527924,13.238092],[77.528073,13.237946],[77.528333,13.237908],[77.528518,13.237688],[77.528853,13.237614],[77.528853,13.237066],[77.52863,13.23692],[77.52863,13.236774],[77.528742,13.236664],[77.529076,13.23659],[77.529113,13.236151],[77.529224,13.236041],[77.529224,13.235895],[77.529336,13.235785],[77.529336,13.235675],[77.529559,13.235528],[77.529559,13.235455],[77.529707,13.235308],[77.530041,13.235197],[77.530227,13.235014],[77.53097,13.234791],[77.53097,13.234718],[77.531155,13.234571],[77.531155,13.234206],[77.530896,13.233988],[77.530561,13.234099],[77.530264,13.234063],[77.52967,13.234175],[77.529225,13.234433],[77.528779,13.234581],[77.528557,13.234582],[77.528334,13.234802],[77.528222,13.234839],[77.527925,13.234803],[77.527777,13.234658],[77.527777,13.234548],[77.527666,13.234512],[77.527554,13.234366],[77.527332,13.234294],[77.52696,13.234296],[77.526775,13.234479],[77.526589,13.234553],[77.526218,13.234445],[77.525921,13.234556],[77.52555,13.234594],[77.525513,13.235032],[77.525438,13.235106],[77.525438,13.235215],[77.525215,13.235362],[77.525215,13.235508],[77.525067,13.235619],[77.525067,13.235948],[77.52529,13.23602],[77.525401,13.236129],[77.525401,13.236421],[77.525289,13.236531],[77.525029,13.236642],[77.524918,13.237008],[77.52477,13.237118],[77.524732,13.239348],[77.524954,13.239493],[77.524954,13.239785],[77.525622,13.240075],[77.526031,13.239927],[77.526142,13.239781],[77.526253,13.239744],[77.526847,13.239887],[77.526959,13.239997],[77.527107,13.240033],[77.527293,13.239813],[77.527441,13.239775],[77.527441,13.239702],[77.527553,13.239592],[77.527775,13.239591],[77.527887,13.239701],[77.527887,13.239956],[77.528109,13.240102],[77.528109,13.240284],[77.527998,13.240394],[77.527812,13.240432],[77.527144,13.240361],[77.526959,13.240435],[77.526958,13.240691],[77.526847,13.240801],[77.526253,13.24084],[77.52603,13.240914],[77.52603,13.241206],[77.526253,13.241352],[77.526253,13.241461],[77.52681,13.241751],[77.526995,13.241933],[77.527292,13.241932],[77.527663,13.241675]]]}},{"type":"Feature","properties":{"histId":"soi-57g12-1927-0012","sheet":"soi-57g12-1927","year":1927,"scale":63360,"areaM2":28014,"name":null,"confidence":"high","source":"soi-57g12-1927"},"geometry":{"type":"Polygon","coordinates":[[[77.597034,13.236383],[77.597033,13.236273],[77.596884,13.236237],[77.596773,13.236128],[77.596773,13.236018],[77.596474,13.235946],[77.596325,13.2358],[77.595915,13.235619],[77.595506,13.23562],[77.595207,13.235804],[77.595207,13.235913],[77.595431,13.236059],[77.595431,13.236278],[77.595207,13.236425],[77.595207,13.236498],[77.595431,13.236644],[77.595431,13.236936],[77.595878,13.237044],[77.595953,13.237008],[77.596847,13.23737],[77.596996,13.237333],[77.596996,13.23726],[77.597108,13.23715],[77.59722,13.237113],[77.59722,13.236528],[77.597034,13.236383]]]}},{"type":"Feature","properties":{"histId":"soi-57g12-1927-0013","sheet":"soi-57g12-1927","year":1927,"scale":63360,"areaM2":252328,"name":null,"confidence":"high","source":"soi-57g12-1927"},"geometry":{"type":"Polygon","coordinates":[[[77.572044,13.23972],[77.572342,13.239536],[77.572342,13.239463],[77.572454,13.239353],[77.572565,13.239316],[77.57264,13.237269],[77.572863,13.237122],[77.572863,13.236354],[77.572677,13.236208],[77.572677,13.236062],[77.572528,13.235953],[77.572528,13.235551],[77.572677,13.235441],[77.572714,13.234344],[77.572938,13.234197],[77.572938,13.233905],[77.573049,13.233795],[77.573198,13.233758],[77.573198,13.233648],[77.573422,13.233501],[77.573422,13.232953],[77.572752,13.232663],[77.57238,13.232664],[77.572045,13.232775],[77.57171,13.232776],[77.571635,13.232813],[77.571635,13.232995],[77.571412,13.233142],[77.5713,13.233106],[77.571152,13.232924],[77.570817,13.232816],[77.570221,13.233147],[77.569886,13.232929],[77.569737,13.232966],[77.569589,13.232893],[77.569068,13.232895],[77.568844,13.233115],[77.568658,13.233189],[77.568658,13.233371],[77.568807,13.233517],[77.568807,13.233663],[77.568733,13.233883],[77.568733,13.234175],[77.568584,13.234322],[77.568584,13.234395],[77.569254,13.23516],[77.569291,13.235343],[77.569402,13.235452],[77.569402,13.235562],[77.5697,13.235634],[77.569886,13.23578],[77.569886,13.235926],[77.569737,13.236036],[77.569737,13.236401],[77.569923,13.236693],[77.569923,13.237205],[77.570072,13.237314],[77.570147,13.23746],[77.570146,13.237789],[77.570333,13.237935],[77.57037,13.238263],[77.570556,13.238409],[77.570556,13.239286],[77.571077,13.23976],[77.5713,13.239686],[77.572044,13.23972]]]}},{"type":"Feature","properties":{"histId":"soi-57g12-1927-0014","sheet":"soi-57g12-1927","year":1927,"scale":63360,"areaM2":9402,"name":null,"confidence":"medium","source":"soi-57g12-1927"},"geometry":{"type":"Polygon","coordinates":[[[77.565161,13.235102],[77.565421,13.235028],[77.565756,13.234771],[77.56598,13.234697],[77.566277,13.234403],[77.566538,13.234293],[77.566538,13.23422],[77.566389,13.234111],[77.566277,13.234148],[77.566054,13.234039],[77.565682,13.234296],[77.565273,13.23448],[77.565012,13.2347],[77.564863,13.23492],[77.564901,13.235139],[77.565012,13.235212],[77.565161,13.235102]]]}},{"type":"Feature","properties":{"histId":"soi-57g12-1927-0015","sheet":"soi-57g12-1927","year":1927,"scale":63360,"areaM2":19709,"name":null,"confidence":"high","source":"soi-57g12-1927"},"geometry":{"type":"Polygon","coordinates":[[[77.747928,13.232319],[77.747702,13.232173],[77.747702,13.231661],[77.747514,13.231515],[77.747513,13.231296],[77.747588,13.231149],[77.747926,13.230929],[77.747926,13.2306],[77.748039,13.23049],[77.748189,13.230453],[77.748189,13.23038],[77.747888,13.230197],[77.747287,13.230235],[77.747287,13.230381],[77.746836,13.230711],[77.746837,13.231041],[77.74695,13.23115],[77.74695,13.231553],[77.7468,13.231663],[77.7468,13.231772],[77.747101,13.231955],[77.747326,13.231991],[77.747477,13.232137],[77.747477,13.232503],[77.747552,13.232539],[77.747928,13.232502],[77.747928,13.232319]]]}},{"type":"Feature","properties":{"histId":"soi-57g12-1927-0016","sheet":"soi-57g12-1927","year":1927,"scale":63360,"areaM2":5085,"name":null,"confidence":"low","source":"soi-57g12-1927"},"geometry":{"type":"Polygon","coordinates":[[[77.56691,13.232939],[77.56691,13.232647],[77.566835,13.232537],[77.566501,13.232319],[77.566389,13.232356],[77.566314,13.233197],[77.566389,13.233233],[77.566798,13.233086],[77.566947,13.233158],[77.567059,13.233085],[77.56691,13.232939]]]}},{"type":"Feature","properties":{"histId":"soi-57g12-1927-0017","sheet":"soi-57g12-1927","year":1927,"scale":63360,"areaM2":227748,"name":null,"confidence":"high","source":"soi-57g12-1927"},"geometry":{"type":"Polygon","coordinates":[[[77.532084,13.232996],[77.532084,13.232887],[77.531453,13.232341],[77.531453,13.232268],[77.531156,13.232196],[77.530933,13.232051],[77.530599,13.232198],[77.530376,13.232053],[77.530451,13.231687],[77.530117,13.231396],[77.529931,13.231068],[77.529932,13.229679],[77.529857,13.22935],[77.52982,13.22862],[77.529746,13.228474],[77.529598,13.228438],[77.529449,13.228292],[77.529449,13.228146],[77.529561,13.228036],[77.529561,13.227963],[77.529449,13.22778],[77.529412,13.227452],[77.529301,13.227269],[77.529301,13.227087],[77.529004,13.22654],[77.528893,13.226467],[77.528782,13.226504],[77.528781,13.227344],[77.528856,13.227417],[77.529078,13.228403],[77.529078,13.229244],[77.528744,13.229647],[77.528447,13.229831],[77.52789,13.229979],[77.526776,13.229984],[77.525069,13.229771],[77.52492,13.229882],[77.524735,13.229919],[77.524623,13.229883],[77.524438,13.229664],[77.524252,13.229592],[77.524141,13.229629],[77.523881,13.229557],[77.523473,13.229559],[77.523287,13.229486],[77.522953,13.229634],[77.522656,13.229452],[77.522508,13.229526],[77.522545,13.229635],[77.523065,13.229926],[77.523436,13.230034],[77.52377,13.230252],[77.524029,13.230287],[77.524215,13.230433],[77.524586,13.230577],[77.524697,13.230687],[77.525217,13.23094],[77.525773,13.231486],[77.52581,13.231632],[77.525959,13.231778],[77.526144,13.232435],[77.526107,13.232874],[77.526515,13.233347],[77.526664,13.23342],[77.526924,13.233309],[77.527183,13.233454],[77.527406,13.233453],[77.527629,13.233343],[77.527889,13.233342],[77.527889,13.233269],[77.527777,13.233159],[77.527777,13.232977],[77.527852,13.23283],[77.527777,13.232757],[77.527778,13.232575],[77.527963,13.232318],[77.528075,13.232281],[77.52826,13.232353],[77.528669,13.232352],[77.528928,13.232278],[77.529374,13.232386],[77.529634,13.232311],[77.530005,13.232347],[77.530302,13.232601],[77.530302,13.233076],[77.53019,13.233186],[77.529968,13.233187],[77.529708,13.233298],[77.529968,13.233407],[77.530339,13.233295],[77.530636,13.233404],[77.530821,13.233586],[77.531341,13.233474],[77.531638,13.233583],[77.53201,13.233581],[77.532195,13.233361],[77.532307,13.233324],[77.532307,13.233142],[77.532084,13.232996]]]}},{"type":"Feature","properties":{"histId":"soi-57g12-1927-0018","sheet":"soi-57g12-1927","year":1927,"scale":63360,"areaM2":400439,"name":null,"confidence":"high","source":"soi-57g12-1927"},"geometry":{"type":"Polygon","coordinates":[[[77.57625,13.228885],[77.57625,13.228666],[77.576027,13.228521],[77.576064,13.228045],[77.575767,13.227827],[77.575469,13.227938],[77.574799,13.22794],[77.574241,13.228125],[77.57398,13.228308],[77.573645,13.228383],[77.573385,13.22853],[77.57264,13.228459],[77.571784,13.228791],[77.571412,13.229012],[77.570966,13.228904],[77.570519,13.22865],[77.569701,13.228689],[77.569366,13.228507],[77.568845,13.228509],[77.56877,13.228546],[77.56877,13.228656],[77.568659,13.228766],[77.568547,13.228803],[77.568435,13.228767],[77.568101,13.228439],[77.567915,13.228366],[77.56758,13.228441],[77.567282,13.228369],[77.566798,13.228407],[77.566389,13.228664],[77.566315,13.228884],[77.566315,13.22998],[77.566426,13.230199],[77.566538,13.230711],[77.566798,13.230893],[77.566798,13.231075],[77.566538,13.231259],[77.566463,13.231808],[77.566612,13.231917],[77.566984,13.231915],[77.567133,13.232024],[77.567394,13.231877],[77.567691,13.231876],[77.567989,13.232021],[77.568286,13.231838],[77.568435,13.231837],[77.568807,13.231982],[77.569068,13.231835],[77.569403,13.232016],[77.5697,13.231833],[77.569961,13.231978],[77.570221,13.231867],[77.570445,13.23194],[77.570593,13.231866],[77.570779,13.231902],[77.570928,13.231828],[77.5713,13.231863],[77.571486,13.231644],[77.571598,13.231607],[77.571896,13.231788],[77.571896,13.231898],[77.572194,13.232043],[77.573161,13.232076],[77.57331,13.231966],[77.573533,13.231929],[77.573794,13.232038],[77.574017,13.232293],[77.574501,13.232291],[77.574799,13.232071],[77.574836,13.231924],[77.574948,13.231814],[77.575283,13.231703],[77.575283,13.23163],[77.575394,13.23152],[77.575506,13.231483],[77.575506,13.231301],[77.575729,13.231154],[77.575767,13.230898],[77.57599,13.230751],[77.57599,13.230458],[77.576064,13.230385],[77.576064,13.230275],[77.576213,13.230165],[77.576213,13.229982],[77.576437,13.229835],[77.576474,13.229616],[77.576474,13.229031],[77.57625,13.228885]]]}},{"type":"Feature","properties":{"histId":"soi-57g12-1927-0019","sheet":"soi-57g12-1927","year":1927,"scale":63360,"areaM2":7157,"name":null,"confidence":"medium","source":"soi-57g12-1927"},"geometry":{"type":"Polygon","coordinates":[[[77.656946,13.229699],[77.657058,13.229589],[77.65717,13.229552],[77.65717,13.229406],[77.657394,13.229259],[77.657432,13.229003],[77.657282,13.228967],[77.65717,13.228858],[77.65717,13.228748],[77.657095,13.228712],[77.656759,13.228749],[77.656759,13.229042],[77.656534,13.229188],[77.656497,13.229518],[77.656647,13.229554],[77.656759,13.229663],[77.656759,13.229773],[77.656834,13.229809],[77.656946,13.229772],[77.656946,13.229699]]]}},{"type":"Feature","properties":{"histId":"soi-57g12-1927-0020","sheet":"soi-57g12-1927","year":1927,"scale":63360,"areaM2":103058,"name":null,"confidence":"high","source":"soi-57g12-1927"},"geometry":{"type":"Polygon","coordinates":[[[77.545494,13.231958],[77.545568,13.231884],[77.545568,13.231775],[77.545494,13.231702],[77.545531,13.230971],[77.545605,13.230897],[77.545605,13.230788],[77.545531,13.230715],[77.545531,13.229655],[77.54542,13.229546],[77.54542,13.22918],[77.545345,13.229107],[77.545383,13.227718],[77.545234,13.227609],[77.54516,13.227244],[77.544714,13.227173],[77.544082,13.227431],[77.543897,13.227359],[77.543785,13.227249],[77.543785,13.22714],[77.543674,13.227104],[77.543562,13.226958],[77.543265,13.226813],[77.542968,13.226814],[77.542671,13.226961],[77.542671,13.227217],[77.542819,13.227326],[77.542819,13.227509],[77.542893,13.227582],[77.542893,13.227911],[77.543116,13.228056],[77.543116,13.228275],[77.543339,13.228421],[77.543339,13.228676],[77.543562,13.228822],[77.543562,13.229187],[77.543748,13.229333],[77.543748,13.229552],[77.543971,13.229697],[77.54397,13.230209],[77.544193,13.230354],[77.544193,13.231049],[77.544379,13.231194],[77.544379,13.23156],[77.544602,13.231705],[77.544602,13.231961],[77.545048,13.232288],[77.545048,13.232361],[77.545419,13.232397],[77.545493,13.23236],[77.545494,13.231958]]]}},{"type":"Feature","properties":{"histId":"soi-57g12-1927-0021","sheet":"soi-57g12-1927","year":1927,"scale":63360,"areaM2":4620,"name":null,"confidence":"low","source":"soi-57g12-1927"},"geometry":{"type":"Polygon","coordinates":[[[77.596473,13.223078],[77.596473,13.223626],[77.596921,13.223698],[77.597107,13.22366],[77.597144,13.223075],[77.596473,13.223078]]]}},{"type":"Feature","properties":{"histId":"soi-57g12-1927-0022","sheet":"soi-57g12-1927","year":1927,"scale":63360,"areaM2":6779,"name":null,"confidence":"medium","source":"soi-57g12-1927"},"geometry":{"type":"Polygon","coordinates":[[[77.499925,13.224138],[77.499999,13.224065],[77.499999,13.223955],[77.499925,13.223883],[77.499925,13.223517],[77.499555,13.223373],[77.499258,13.22352],[77.499258,13.224214],[77.49948,13.224287],[77.499851,13.224285],[77.499925,13.224248],[77.499925,13.224138]]]}},{"type":"Feature","properties":{"histId":"soi-57g12-1927-0023","sheet":"soi-57g12-1927","year":1927,"scale":63360,"areaM2":263413,"name":null,"confidence":"high","source":"soi-57g12-1927"},"geometry":{"type":"Polygon","coordinates":[[[77.694823,13.224267],[77.69471,13.223609],[77.69471,13.223317],[77.694635,13.223244],[77.694559,13.222366],[77.694409,13.221854],[77.694409,13.221672],[77.694221,13.22127],[77.693622,13.220796],[77.693059,13.220541],[77.692685,13.220249],[77.692048,13.219885],[77.691748,13.220178],[77.691711,13.220398],[77.691449,13.220581],[77.691299,13.220545],[77.691036,13.220289],[77.691036,13.220107],[77.691111,13.21996],[77.690999,13.219924],[77.690924,13.219961],[77.690924,13.220143],[77.690812,13.220253],[77.690474,13.220291],[77.690287,13.220547],[77.690175,13.220584],[77.690025,13.220511],[77.689688,13.220732],[77.689351,13.220659],[77.689164,13.220733],[77.688864,13.220514],[77.688864,13.220258],[77.688939,13.220185],[77.688939,13.220075],[77.688864,13.220002],[77.688901,13.219673],[77.689051,13.219526],[77.689163,13.219489],[77.689463,13.219635],[77.689725,13.219488],[77.690062,13.219707],[77.690287,13.219633],[77.690474,13.219706],[77.690774,13.219522],[77.691036,13.219631],[77.691111,13.219594],[77.691111,13.219485],[77.690549,13.219303],[77.690436,13.21934],[77.690212,13.219231],[77.690062,13.219268],[77.68935,13.21916],[77.6892,13.219197],[77.688488,13.219125],[77.688189,13.219199],[77.687889,13.219126],[77.687552,13.219237],[77.68714,13.219201],[77.687028,13.219275],[77.686991,13.219567],[77.687065,13.219604],[77.687215,13.21953],[77.68744,13.219603],[77.68759,13.21953],[77.687815,13.219639],[77.688077,13.219492],[77.688264,13.219491],[77.688639,13.219746],[77.688639,13.219929],[77.688452,13.220076],[77.688414,13.220222],[77.688264,13.220369],[77.688002,13.220516],[77.687665,13.220297],[77.687216,13.220518],[77.687066,13.220445],[77.686879,13.220482],[77.686429,13.2203],[77.686205,13.220374],[77.685905,13.220265],[77.68568,13.220485],[77.685306,13.220522],[77.685044,13.220413],[77.684931,13.220304],[77.684931,13.220011],[77.685156,13.219864],[77.685155,13.219243],[77.685005,13.219206],[77.684706,13.219427],[77.684481,13.219391],[77.684257,13.219464],[77.684257,13.220196],[77.684145,13.220306],[77.684145,13.220379],[77.683995,13.220489],[77.683995,13.220818],[77.684295,13.221037],[77.68467,13.221146],[77.685081,13.221072],[77.685231,13.221144],[77.685606,13.221143],[77.685831,13.221289],[77.685831,13.221362],[77.68613,13.221508],[77.686467,13.221507],[77.68673,13.22158],[77.687179,13.221396],[77.687179,13.221249],[77.687291,13.221139],[77.687516,13.221139],[77.687703,13.221321],[77.68804,13.22143],[77.68834,13.221686],[77.688827,13.221721],[77.689389,13.222012],[77.690026,13.22223],[77.690251,13.222449],[77.690513,13.222412],[77.690701,13.222485],[77.691075,13.222776],[77.691413,13.222885],[77.691562,13.223031],[77.6916,13.223214],[77.69205,13.223432],[77.692237,13.223432],[77.692987,13.22365],[77.693211,13.223832],[77.693586,13.223904],[77.693886,13.224196],[77.694373,13.224415],[77.694523,13.224597],[77.694673,13.22467],[77.694898,13.224596],[77.694898,13.22434],[77.694823,13.224267]]]}},{"type":"Feature","properties":{"histId":"soi-57g12-1927-0024","sheet":"soi-57g12-1927","year":1927,"scale":63360,"areaM2":124784,"name":null,"confidence":"high","source":"soi-57g12-1927"},"geometry":{"type":"Polygon","coordinates":[[[77.616159,13.223015],[77.616458,13.223014],[77.616756,13.22283],[77.617391,13.222828],[77.617577,13.222608],[77.617689,13.222571],[77.617689,13.221511],[77.617465,13.221366],[77.617465,13.221256],[77.617353,13.221147],[77.617353,13.220708],[77.617502,13.220598],[77.617539,13.219281],[77.617427,13.219245],[77.61724,13.219026],[77.617091,13.21899],[77.616718,13.219138],[77.616644,13.219101],[77.616382,13.219175],[77.616084,13.219066],[77.615338,13.219105],[77.615263,13.219142],[77.615263,13.219252],[77.615151,13.219362],[77.614816,13.219473],[77.614704,13.219619],[77.614555,13.219656],[77.614555,13.219985],[77.614331,13.220132],[77.614331,13.220205],[77.614518,13.220351],[77.614555,13.220899],[77.614742,13.221045],[77.614779,13.221264],[77.615003,13.22141],[77.614965,13.221666],[77.615189,13.221811],[77.615189,13.221994],[77.614966,13.222141],[77.614966,13.222397],[77.615189,13.222543],[77.61519,13.222872],[77.615488,13.22309],[77.615861,13.223125],[77.616159,13.223015]]]}},{"type":"Feature","properties":{"histId":"soi-57g12-1927-0025","sheet":"soi-57g12-1927","year":1927,"scale":63360,"areaM2":312095,"name":null,"confidence":"high","source":"soi-57g12-1927"},"geometry":{"type":"Polygon","coordinates":[[[77.585707,13.224612],[77.585707,13.224539],[77.586154,13.224209],[77.586303,13.224025],[77.586638,13.223842],[77.58675,13.223695],[77.587123,13.223584],[77.587234,13.223437],[77.587346,13.2234],[77.587346,13.222816],[77.587569,13.222669],[77.587569,13.22234],[77.587793,13.222193],[77.58783,13.221973],[77.58783,13.221169],[77.587607,13.221023],[77.587607,13.220658],[77.58742,13.220512],[77.58742,13.220183],[77.587197,13.220038],[77.587234,13.219416],[77.587085,13.21927],[77.587085,13.219161],[77.587011,13.219088],[77.586973,13.21854],[77.586787,13.218394],[77.586787,13.218028],[77.586564,13.217883],[77.586564,13.217627],[77.586228,13.217482],[77.586117,13.217336],[77.586005,13.2173],[77.585893,13.217191],[77.585893,13.217081],[77.585633,13.217009],[77.585297,13.217046],[77.584999,13.217194],[77.584999,13.217303],[77.584515,13.217671],[77.584515,13.217853],[77.584292,13.218],[77.584292,13.21822],[77.584069,13.218367],[77.584031,13.21855],[77.583845,13.218697],[77.583808,13.218989],[77.583585,13.219136],[77.583585,13.219282],[77.583473,13.219392],[77.583324,13.219429],[77.583324,13.219503],[77.583212,13.219613],[77.583101,13.21965],[77.583101,13.219979],[77.582877,13.220126],[77.582877,13.220235],[77.582765,13.220345],[77.582654,13.220382],[77.582617,13.220675],[77.582393,13.220822],[77.582393,13.221114],[77.58217,13.221298],[77.58217,13.221371],[77.582356,13.221517],[77.582356,13.221736],[77.582505,13.221772],[77.58284,13.222063],[77.583212,13.222135],[77.583473,13.222317],[77.58351,13.222646],[77.583734,13.222791],[77.583734,13.222901],[77.583845,13.222937],[77.583957,13.223046],[77.583957,13.22312],[77.584181,13.223265],[77.584181,13.223338],[77.58459,13.223739],[77.58459,13.223958],[77.584814,13.224104],[77.584814,13.224433],[77.584963,13.224542],[77.584963,13.224651],[77.585112,13.224724],[77.585409,13.224723],[77.585707,13.224612]]]}},{"type":"Feature","properties":{"histId":"soi-57g12-1927-0026","sheet":"soi-57g12-1927","year":1927,"scale":63360,"areaM2":6626,"name":null,"confidence":"medium","source":"soi-57g12-1927"},"geometry":{"type":"Polygon","coordinates":[[[77.68201,13.219433],[77.68201,13.21936],[77.681748,13.219287],[77.681336,13.219362],[77.681299,13.21991],[77.681748,13.220019],[77.68201,13.220018],[77.682235,13.219908],[77.682197,13.219579],[77.68201,13.219433]]]}},{"type":"Feature","properties":{"histId":"soi-57g12-1927-0027","sheet":"soi-57g12-1927","year":1927,"scale":63360,"areaM2":4736,"name":null,"confidence":"low","source":"soi-57g12-1927"},"geometry":{"type":"Polygon","coordinates":[[[77.683807,13.219721],[77.683807,13.219209],[77.683358,13.219137],[77.683133,13.219211],[77.683133,13.219723],[77.683583,13.219795],[77.683807,13.219721]]]}},{"type":"Feature","properties":{"histId":"soi-57g12-1927-0028","sheet":"soi-57g12-1927","year":1927,"scale":63360,"areaM2":32340,"name":null,"confidence":"high","source":"soi-57g12-1927"},"geometry":{"type":"Polygon","coordinates":[[[77.655371,13.219867],[77.655671,13.219976],[77.656418,13.219827],[77.65668,13.219571],[77.656792,13.219534],[77.657166,13.219533],[77.657727,13.219678],[77.658026,13.219677],[77.658362,13.21953],[77.658587,13.219346],[77.658587,13.21909],[77.658362,13.218945],[77.658362,13.218835],[77.658063,13.218726],[77.657465,13.218691],[77.657053,13.218875],[77.656754,13.218876],[77.656381,13.219023],[77.655782,13.219098],[77.655222,13.219063],[77.655147,13.219099],[77.655147,13.219648],[77.655371,13.219794],[77.655371,13.219867]]]}},{"type":"Feature","properties":{"histId":"soi-57g12-1927-0029","sheet":"soi-57g12-1927","year":1927,"scale":63360,"areaM2":170069,"name":null,"confidence":"high","source":"soi-57g12-1927"},"geometry":{"type":"Polygon","coordinates":[[[77.663335,13.216957],[77.662812,13.217141],[77.662363,13.217142],[77.662138,13.217252],[77.661802,13.21718],[77.661428,13.217218],[77.661203,13.217401],[77.660904,13.217475],[77.660792,13.217622],[77.660456,13.217769],[77.660344,13.217915],[77.660007,13.217989],[77.65997,13.218209],[77.659858,13.218319],[77.659521,13.218356],[77.659521,13.21843],[77.659596,13.218466],[77.659858,13.218465],[77.65997,13.218575],[77.65997,13.218648],[77.660194,13.218793],[77.660195,13.219159],[77.660307,13.219195],[77.660494,13.219414],[77.660718,13.21945],[77.660943,13.219596],[77.661728,13.219557],[77.662327,13.219629],[77.662439,13.219738],[77.662439,13.220177],[77.662327,13.220287],[77.66214,13.220361],[77.661766,13.220362],[77.661429,13.220143],[77.660831,13.220035],[77.660532,13.220146],[77.660307,13.220146],[77.660045,13.220037],[77.659933,13.219928],[77.659933,13.219782],[77.659821,13.219745],[77.659746,13.219782],[77.659746,13.219892],[77.659634,13.220002],[77.659447,13.220075],[77.658325,13.220042],[77.657951,13.220189],[77.657241,13.220191],[77.657166,13.220228],[77.657166,13.220703],[77.65754,13.220739],[77.65769,13.220811],[77.657989,13.220811],[77.658139,13.220883],[77.658774,13.220991],[77.65941,13.220953],[77.659784,13.221062],[77.660457,13.22106],[77.660831,13.221205],[77.661467,13.221204],[77.661953,13.221312],[77.662365,13.221274],[77.662851,13.221383],[77.6633,13.221272],[77.663337,13.220723],[77.663187,13.220614],[77.663112,13.220249],[77.662963,13.220139],[77.662963,13.220066],[77.662663,13.219884],[77.662663,13.219738],[77.662775,13.219628],[77.662925,13.219591],[77.662925,13.219518],[77.663112,13.219371],[77.663149,13.218932],[77.663224,13.218859],[77.663224,13.218749],[77.663373,13.218639],[77.663373,13.218493],[77.663485,13.218383],[77.663635,13.218346],[77.663635,13.218236],[77.663859,13.218089],[77.663859,13.217979],[77.664084,13.217832],[77.664083,13.217503],[77.664345,13.217283],[77.664308,13.216808],[77.663522,13.216773],[77.663335,13.216957]]]}},{"type":"Feature","properties":{"histId":"soi-57g12-1927-0030","sheet":"soi-57g12-1927","year":1927,"scale":63360,"areaM2":102366,"name":null,"confidence":"high","source":"soi-57g12-1927"},"geometry":{"type":"Polygon","coordinates":[[[77.515611,13.219065],[77.515499,13.218956],[77.515499,13.218883],[77.515277,13.218738],[77.515277,13.218665],[77.51498,13.218593],[77.514832,13.218447],[77.514832,13.218192],[77.514609,13.218046],[77.51461,13.217462],[77.514535,13.217425],[77.514239,13.217427],[77.514165,13.217463],[77.514164,13.217573],[77.514053,13.217683],[77.513311,13.217942],[77.513089,13.218089],[77.512199,13.218276],[77.511642,13.21857],[77.511642,13.218643],[77.511531,13.218754],[77.510975,13.218975],[77.510826,13.219195],[77.510492,13.21927],[77.510492,13.219525],[77.510826,13.219634],[77.511011,13.219816],[77.511456,13.219741],[77.511716,13.219886],[77.512272,13.219883],[77.512606,13.220028],[77.512977,13.2201],[77.513607,13.220097],[77.514089,13.220278],[77.514497,13.22024],[77.51472,13.220019],[77.515054,13.219981],[77.515388,13.220126],[77.515536,13.219943],[77.515536,13.219833],[77.515722,13.219686],[77.515722,13.219101],[77.515611,13.219065]]]}},{"type":"Feature","properties":{"histId":"soi-57g12-1927-0031","sheet":"soi-57g12-1927","year":1927,"scale":63360,"areaM2":308760,"name":null,"confidence":"high","source":"soi-57g12-1927"},"geometry":{"type":"Polygon","coordinates":[[[77.638891,13.218121],[77.638779,13.218011],[77.638779,13.217865],[77.638667,13.217829],[77.63848,13.21761],[77.636725,13.217579],[77.636164,13.21769],[77.63594,13.217544],[77.63594,13.217361],[77.636164,13.217141],[77.636762,13.217103],[77.637173,13.216919],[77.637583,13.217064],[77.637845,13.216881],[77.638106,13.216807],[77.638106,13.216734],[77.638218,13.216623],[77.638368,13.216586],[77.638367,13.216038],[77.638069,13.215966],[77.637919,13.21582],[77.637919,13.215747],[77.63777,13.215711],[77.637583,13.215492],[77.637023,13.215457],[77.636724,13.215275],[77.636462,13.215239],[77.63635,13.21513],[77.63635,13.21502],[77.636164,13.214984],[77.635828,13.215168],[77.635491,13.215205],[77.635342,13.215279],[77.634931,13.215207],[77.634595,13.215062],[77.634259,13.215209],[77.633214,13.215175],[77.632915,13.215286],[77.632915,13.215359],[77.632803,13.215469],[77.632467,13.215653],[77.632467,13.215726],[77.632355,13.215836],[77.631758,13.21613],[77.631758,13.216313],[77.631534,13.21646],[77.631534,13.216643],[77.63131,13.21679],[77.631123,13.21701],[77.630825,13.217084],[77.630825,13.21723],[77.630601,13.217377],[77.630601,13.217487],[77.630489,13.217597],[77.630377,13.217634],[77.63034,13.217926],[77.630116,13.218073],[77.630116,13.218183],[77.630004,13.218293],[77.629892,13.21833],[77.629892,13.218622],[77.630116,13.218768],[77.630116,13.218914],[77.630415,13.219023],[77.630862,13.218839],[77.631161,13.218838],[77.631422,13.218691],[77.631833,13.21869],[77.631908,13.218653],[77.631908,13.218434],[77.63202,13.218324],[77.632356,13.218249],[77.632505,13.218286],[77.632617,13.218395],[77.632617,13.218687],[77.632841,13.218833],[77.632841,13.218906],[77.633514,13.21905],[77.634746,13.218864],[77.63497,13.218973],[77.635269,13.219009],[77.635567,13.219154],[77.635941,13.219117],[77.636165,13.219189],[77.636426,13.219042],[77.636464,13.219078],[77.636987,13.219004],[77.637995,13.219001],[77.638144,13.218927],[77.63863,13.218926],[77.638854,13.219035],[77.639228,13.219034],[77.639452,13.21896],[77.639451,13.218412],[77.638891,13.218121]]]}},{"type":"Feature","properties":{"histId":"soi-57g12-1927-0032","sheet":"soi-57g12-1927","year":1927,"scale":63360,"areaM2":569048,"name":null,"confidence":"high","source":"soi-57g12-1927"},"geometry":{"type":"Polygon","coordinates":[[[77.712326,13.218889],[77.712513,13.219072],[77.712926,13.219217],[77.713076,13.219326],[77.713676,13.219471],[77.714126,13.219434],[77.714426,13.219324],[77.714801,13.219359],[77.715176,13.219212],[77.715402,13.219212],[77.715852,13.218991],[77.716527,13.218844],[77.716789,13.218587],[77.717239,13.21844],[77.717389,13.21833],[77.717914,13.218329],[77.718102,13.218109],[77.718439,13.218035],[77.718477,13.217852],[77.718702,13.217705],[77.718701,13.217413],[77.718926,13.217266],[77.718926,13.217046],[77.719151,13.2169],[77.719188,13.215949],[77.719413,13.215802],[77.71945,13.215143],[77.719713,13.21496],[77.719938,13.215106],[77.720013,13.215508],[77.720276,13.215763],[77.720576,13.215763],[77.720726,13.215836],[77.720876,13.215799],[77.721139,13.215908],[77.721589,13.215834],[77.722189,13.215577],[77.722415,13.215722],[77.722415,13.216088],[77.722753,13.216124],[77.723053,13.216014],[77.723053,13.215904],[77.723353,13.215684],[77.723766,13.215829],[77.724066,13.215719],[77.724366,13.215792],[77.724591,13.215572],[77.725042,13.215534],[77.725267,13.215424],[77.725754,13.215313],[77.725979,13.21513],[77.72628,13.215056],[77.726279,13.214727],[77.726504,13.21458],[77.726767,13.214763],[77.726767,13.214836],[77.72688,13.214872],[77.726955,13.214835],[77.726955,13.214726],[77.727068,13.214616],[77.72718,13.214579],[77.727217,13.214067],[77.726992,13.213921],[77.726992,13.213775],[77.726616,13.213666],[77.726466,13.21352],[77.726541,13.213227],[77.726353,13.213081],[77.72639,13.212678],[77.72669,13.212458],[77.726953,13.212531],[77.727178,13.212421],[77.727441,13.212493],[77.727629,13.21242],[77.727553,13.211944],[77.727628,13.211798],[77.727103,13.211616],[77.726652,13.211654],[77.726127,13.211472],[77.725864,13.211545],[77.725489,13.211436],[77.725263,13.211437],[77.725113,13.211547],[77.725113,13.21162],[77.724963,13.211767],[77.724964,13.211913],[77.724851,13.212023],[77.724814,13.212462],[77.724889,13.212498],[77.725152,13.212425],[77.725377,13.212534],[77.725602,13.212424],[77.72579,13.212423],[77.725977,13.212496],[77.726203,13.212715],[77.726203,13.213008],[77.726128,13.213081],[77.726128,13.213228],[77.725903,13.213447],[77.725603,13.213521],[77.725378,13.213412],[77.725002,13.213669],[77.724852,13.213632],[77.724665,13.213487],[77.724364,13.21367],[77.724139,13.213707],[77.723726,13.213598],[77.723501,13.213708],[77.723163,13.21349],[77.722938,13.213527],[77.722713,13.213454],[77.722376,13.213674],[77.722075,13.213528],[77.721813,13.213675],[77.721512,13.213456],[77.721512,13.21331],[77.721437,13.213274],[77.721175,13.213347],[77.721175,13.213457],[77.721025,13.213604],[77.720837,13.213677],[77.720612,13.214043],[77.720387,13.21419],[77.720162,13.214044],[77.720162,13.213788],[77.719937,13.213642],[77.719936,13.212801],[77.719748,13.212655],[77.719748,13.212545],[77.71941,13.212327],[77.719148,13.212327],[77.718998,13.212401],[77.71866,13.212438],[77.718473,13.212621],[77.71746,13.213172],[77.71746,13.213318],[77.71731,13.213465],[77.71701,13.213575],[77.716973,13.213758],[77.716748,13.213905],[77.716748,13.214015],[77.716073,13.214492],[77.716073,13.214675],[77.715923,13.214858],[77.715661,13.214968],[77.715436,13.214969],[77.715098,13.215152],[77.714761,13.215226],[77.714573,13.215373],[77.714198,13.21552],[77.714086,13.215666],[77.713974,13.215703],[77.713974,13.215886],[77.713749,13.216033],[77.713749,13.216179],[77.713636,13.216289],[77.713486,13.216326],[77.713486,13.216436],[77.713262,13.216583],[77.713262,13.216692],[77.713149,13.216802],[77.712812,13.216949],[77.712437,13.217389],[77.712325,13.217426],[77.712325,13.217536],[77.7121,13.217682],[77.712063,13.218524],[77.712288,13.218706],[77.712326,13.218889]]]}},{"type":"Feature","properties":{"histId":"soi-57g12-1927-0033","sheet":"soi-57g12-1927","year":1927,"scale":63360,"areaM2":5647,"name":null,"confidence":"low","source":"soi-57g12-1927"},"geometry":{"type":"Polygon","coordinates":[[[77.515537,13.217238],[77.515574,13.216507],[77.515129,13.216509],[77.515129,13.216728],[77.514832,13.216949],[77.514869,13.217314],[77.515055,13.21735],[77.515537,13.217238]]]}},{"type":"Feature","properties":{"histId":"soi-57g12-1927-0034","sheet":"soi-57g12-1927","year":1927,"scale":63360,"areaM2":6791,"name":null,"confidence":"medium","source":"soi-57g12-1927"},"geometry":{"type":"Polygon","coordinates":[[[77.722825,13.212429],[77.723125,13.212392],[77.723125,13.212282],[77.723312,13.212136],[77.723312,13.211733],[77.723425,13.211623],[77.723424,13.211367],[77.723274,13.211368],[77.723087,13.211624],[77.722712,13.211918],[77.722674,13.212101],[77.722374,13.212284],[77.722412,13.212503],[77.7226,13.21254],[77.722825,13.212429]]]}},{"type":"Feature","properties":{"histId":"soi-57g12-1927-0035","sheet":"soi-57g12-1927","year":1927,"scale":63360,"areaM2":6601,"name":null,"confidence":"medium","source":"soi-57g12-1927"},"geometry":{"type":"Polygon","coordinates":[[[77.721361,13.212469],[77.721699,13.212505],[77.721774,13.212468],[77.721811,13.212102],[77.721961,13.211956],[77.722262,13.211882],[77.722261,13.211662],[77.722111,13.211626],[77.721886,13.2117],[77.721661,13.211627],[77.721361,13.211774],[77.721361,13.21192],[77.721136,13.212067],[77.721136,13.212177],[77.721324,13.212323],[77.721361,13.212469]]]}},{"type":"Feature","properties":{"histId":"soi-57g12-1927-0036","sheet":"soi-57g12-1927","year":1927,"scale":63360,"areaM2":21461,"name":null,"confidence":"high","source":"soi-57g12-1927"},"geometry":{"type":"Polygon","coordinates":[[[77.611756,13.213011],[77.611756,13.212828],[77.611644,13.212791],[77.611532,13.212682],[77.611532,13.212572],[77.611308,13.212427],[77.611308,13.212317],[77.61101,13.212172],[77.610637,13.21221],[77.610637,13.212392],[77.610413,13.212539],[77.610413,13.212722],[77.610637,13.212868],[77.610637,13.213307],[77.610824,13.213452],[77.610861,13.213635],[77.611085,13.21378],[77.611085,13.213927],[77.611271,13.213963],[77.611682,13.213888],[77.61198,13.213705],[77.61198,13.213156],[77.611756,13.213011]]]}},{"type":"Feature","properties":{"histId":"soi-57g12-1927-0037","sheet":"soi-57g12-1927","year":1927,"scale":63360,"areaM2":112550,"name":null,"confidence":"high","source":"soi-57g12-1927"},"geometry":{"type":"Polygon","coordinates":[[[77.565572,13.212474],[77.565572,13.211487],[77.565274,13.211268],[77.564456,13.211271],[77.563898,13.211091],[77.563601,13.211092],[77.56334,13.211275],[77.563191,13.211495],[77.56308,13.211532],[77.56308,13.211715],[77.562857,13.211862],[77.562857,13.212045],[77.562634,13.212192],[77.562634,13.212265],[77.562522,13.212375],[77.562299,13.212449],[77.561555,13.212525],[77.561369,13.212708],[77.561072,13.212783],[77.560774,13.212966],[77.560774,13.213222],[77.561072,13.213441],[77.562336,13.213363],[77.562857,13.213544],[77.563043,13.213689],[77.56334,13.213798],[77.563563,13.213797],[77.563786,13.213906],[77.564047,13.213905],[77.56427,13.21405],[77.564456,13.214269],[77.565237,13.214229],[77.565423,13.214009],[77.565535,13.213973],[77.565535,13.213899],[77.565646,13.213789],[77.565758,13.213752],[77.565758,13.212619],[77.565572,13.212474]]]}},{"type":"Feature","properties":{"histId":"soi-57g12-1927-0038","sheet":"soi-57g12-1927","year":1927,"scale":63360,"areaM2":486363,"name":null,"confidence":"high","source":"soi-57g12-1927"},"geometry":{"type":"Polygon","coordinates":[[[77.544902,13.213685],[77.544902,13.213575],[77.544828,13.213502],[77.544828,13.213283],[77.544642,13.213137],[77.544642,13.212845],[77.544531,13.212809],[77.544382,13.212627],[77.544048,13.212445],[77.543714,13.212154],[77.543379,13.212046],[77.543194,13.2119],[77.542822,13.212011],[77.542711,13.212158],[77.542302,13.212379],[77.542079,13.212343],[77.541968,13.212197],[77.541782,13.212308],[77.541522,13.212309],[77.541299,13.212419],[77.540853,13.212311],[77.540556,13.212422],[77.540445,13.212569],[77.540333,13.212606],[77.540333,13.212679],[77.540222,13.212789],[77.539925,13.21279],[77.539739,13.212535],[77.539813,13.21206],[77.539739,13.211914],[77.539739,13.211731],[77.539888,13.211584],[77.540333,13.211582],[77.54089,13.211909],[77.54115,13.211798],[77.541411,13.211797],[77.541708,13.211906],[77.541782,13.211869],[77.541893,13.211905],[77.542005,13.212051],[77.542228,13.211867],[77.542376,13.21183],[77.542376,13.211392],[77.542079,13.211247],[77.541782,13.211211],[77.541634,13.211102],[77.541299,13.211067],[77.540965,13.210885],[77.540816,13.21074],[77.540816,13.210667],[77.540594,13.210521],[77.540594,13.210412],[77.540371,13.210266],[77.540371,13.209718],[77.540148,13.209573],[77.540148,13.2095],[77.539517,13.2091],[77.539108,13.209065],[77.53896,13.208993],[77.538105,13.209069],[77.537586,13.208706],[77.536991,13.208671],[77.536768,13.208745],[77.536397,13.208747],[77.5361,13.208931],[77.5361,13.209077],[77.535989,13.209187],[77.535803,13.209224],[77.535617,13.209152],[77.535394,13.209153],[77.534838,13.208936],[77.53454,13.209083],[77.534281,13.208902],[77.534318,13.208646],[77.534206,13.208609],[77.534095,13.208683],[77.534058,13.208976],[77.534169,13.209231],[77.53428,13.209998],[77.53428,13.211314],[77.534131,13.213617],[77.53428,13.21369],[77.534837,13.213541],[77.535059,13.213687],[77.535059,13.213943],[77.535133,13.213979],[77.535728,13.214013],[77.536173,13.213902],[77.53673,13.214009],[77.536879,13.214155],[77.537102,13.214227],[77.537547,13.214225],[77.537807,13.214151],[77.538253,13.214186],[77.538513,13.214075],[77.538773,13.214074],[77.538996,13.214183],[77.539219,13.214109],[77.539441,13.214181],[77.54089,13.214139],[77.54141,13.214283],[77.542042,13.214281],[77.54219,13.214207],[77.54245,13.214279],[77.542599,13.214205],[77.543899,13.2142],[77.544159,13.214272],[77.544233,13.214235],[77.544456,13.214344],[77.544754,13.214343],[77.544939,13.214123],[77.545051,13.214086],[77.545051,13.213794],[77.544902,13.213685]]]}},{"type":"Feature","properties":{"histId":"soi-57g12-1927-0039","sheet":"soi-57g12-1927","year":1927,"scale":63360,"areaM2":573792,"name":null,"confidence":"high","source":"soi-57g12-1927"},"geometry":{"type":"Polygon","coordinates":[[[77.726126,13.210155],[77.726388,13.210118],[77.726951,13.210299],[77.727102,13.210409],[77.727327,13.210372],[77.72759,13.210481],[77.727965,13.210444],[77.72819,13.210553],[77.728453,13.210516],[77.728791,13.210625],[77.728941,13.210734],[77.729091,13.210734],[77.729317,13.210953],[77.729392,13.211209],[77.729355,13.211612],[77.72928,13.211721],[77.72928,13.212087],[77.729205,13.21227],[77.72928,13.212307],[77.729505,13.212197],[77.729581,13.212233],[77.729881,13.212123],[77.729993,13.212159],[77.730369,13.212012],[77.730594,13.212158],[77.730594,13.212304],[77.730332,13.212561],[77.729844,13.212708],[77.729656,13.212891],[77.729318,13.213038],[77.729319,13.213294],[77.729206,13.213404],[77.729056,13.213441],[77.729056,13.213734],[77.729282,13.213807],[77.729657,13.213769],[77.729844,13.213586],[77.730182,13.213476],[77.730407,13.213292],[77.730407,13.213146],[77.73052,13.213036],[77.730895,13.212926],[77.731008,13.212779],[77.73112,13.212742],[77.73112,13.212596],[77.730895,13.21245],[77.730894,13.21223],[77.731007,13.212121],[77.731195,13.212084],[77.73172,13.212339],[77.731946,13.212228],[77.732171,13.212228],[77.732884,13.211751],[77.733109,13.211677],[77.733447,13.211384],[77.733672,13.211347],[77.733935,13.211164],[77.734235,13.211127],[77.735211,13.210649],[77.735511,13.210758],[77.735962,13.210538],[77.736074,13.210428],[77.736638,13.210244],[77.736825,13.210244],[77.737163,13.210097],[77.738065,13.210095],[77.73859,13.21024],[77.738891,13.210203],[77.739267,13.210459],[77.739642,13.210568],[77.740131,13.210603],[77.740544,13.210749],[77.740657,13.210712],[77.740995,13.210821],[77.741408,13.210857],[77.741483,13.21082],[77.741483,13.210747],[77.74137,13.210674],[77.740506,13.21042],[77.740055,13.210347],[77.739943,13.210384],[77.739792,13.210311],[77.739717,13.210348],[77.739041,13.21013],[77.738252,13.209729],[77.737538,13.209072],[77.737312,13.208779],[77.737349,13.20845],[77.737274,13.208377],[77.737199,13.207682],[77.737123,13.207536],[77.737048,13.207499],[77.736785,13.207646],[77.736485,13.207574],[77.73626,13.207684],[77.735772,13.207612],[77.735621,13.207685],[77.735358,13.207539],[77.735133,13.207613],[77.734833,13.207577],[77.73457,13.207285],[77.734644,13.206955],[77.734569,13.206882],[77.734569,13.20659],[77.734719,13.206443],[77.735019,13.206369],[77.735282,13.206479],[77.735545,13.206332],[77.73577,13.206441],[77.735958,13.206367],[77.736296,13.206513],[77.736484,13.206366],[77.736634,13.206366],[77.736784,13.206256],[77.737085,13.206182],[77.737084,13.205817],[77.737159,13.205487],[77.737459,13.20523],[77.737797,13.205084],[77.738173,13.205156],[77.738435,13.205009],[77.738736,13.205009],[77.738961,13.205081],[77.739374,13.204934],[77.739525,13.205007],[77.739825,13.204933],[77.740351,13.204713],[77.740651,13.20442],[77.740651,13.204346],[77.740313,13.20431],[77.7399,13.204458],[77.739599,13.204458],[77.739374,13.204568],[77.739111,13.204569],[77.738773,13.204679],[77.738623,13.204643],[77.738172,13.204754],[77.737459,13.204755],[77.737309,13.204828],[77.737196,13.204792],[77.737046,13.204865],[77.736483,13.20494],[77.736332,13.205013],[77.736145,13.205013],[77.735957,13.20516],[77.735469,13.205271],[77.734906,13.205491],[77.734718,13.205492],[77.734118,13.205713],[77.733705,13.205786],[77.733329,13.206007],[77.732766,13.206191],[77.732391,13.206411],[77.731565,13.206742],[77.731378,13.206925],[77.731153,13.206999],[77.730327,13.207586],[77.72999,13.207879],[77.72984,13.207916],[77.72969,13.208099],[77.729465,13.208246],[77.729277,13.208283],[77.728151,13.208834],[77.727401,13.208982],[77.726875,13.209239],[77.726725,13.209239],[77.726463,13.209422],[77.726087,13.209533],[77.725637,13.209753],[77.725525,13.209863],[77.7253,13.209937],[77.7253,13.210083],[77.725975,13.210082],[77.726126,13.210155]]]}},{"type":"Feature","properties":{"histId":"soi-57g12-1927-0040","sheet":"soi-57g12-1927","year":1927,"scale":63360,"areaM2":37557,"name":null,"confidence":"high","source":"soi-57g12-1927"},"geometry":{"type":"Polygon","coordinates":[[[77.550551,13.209605],[77.550142,13.20957],[77.549548,13.209646],[77.549325,13.209574],[77.549102,13.209684],[77.548953,13.209685],[77.548656,13.209576],[77.548433,13.209687],[77.54821,13.209688],[77.547913,13.209798],[77.547912,13.210091],[77.548135,13.210236],[77.548135,13.210346],[77.548507,13.210454],[77.548656,13.210563],[77.54899,13.210562],[77.54951,13.210706],[77.549696,13.210852],[77.549696,13.210925],[77.549845,13.210961],[77.550216,13.211215],[77.550811,13.21092],[77.550811,13.20986],[77.550551,13.209605]]]}},{"type":"Feature","properties":{"histId":"soi-57g12-1927-0041","sheet":"soi-57g12-1927","year":1927,"scale":63360,"areaM2":19809,"name":null,"confidence":"high","source":"soi-57g12-1927"},"geometry":{"type":"Polygon","coordinates":[[[77.564493,13.210357],[77.564716,13.21043],[77.5652,13.210355],[77.566018,13.210352],[77.566279,13.210131],[77.566279,13.209875],[77.566093,13.20973],[77.566093,13.209657],[77.56587,13.209511],[77.56587,13.209402],[77.565646,13.209256],[77.565274,13.209221],[77.564977,13.209332],[77.564977,13.209405],[77.564754,13.209552],[77.564754,13.209625],[77.564642,13.209735],[77.564493,13.209772],[77.564493,13.209845],[77.564307,13.209992],[77.564307,13.210139],[77.564493,13.210284],[77.564493,13.210357]]]}},{"type":"Feature","properties":{"histId":"soi-57g12-1927-0042","sheet":"soi-57g12-1927","year":1927,"scale":63360,"areaM2":11072,"name":null,"confidence":"medium","source":"soi-57g12-1927"},"geometry":{"type":"Polygon","coordinates":[[[77.571636,13.209088],[77.571785,13.209051],[77.571785,13.208868],[77.572045,13.208648],[77.572045,13.208429],[77.571748,13.208211],[77.571152,13.208249],[77.571152,13.208359],[77.570892,13.208579],[77.570892,13.209164],[77.571264,13.209346],[77.571636,13.209088]]]}},{"type":"Feature","properties":{"histId":"soi-57g12-1927-0043","sheet":"soi-57g12-1927","year":1927,"scale":63360,"areaM2":38757,"name":null,"confidence":"high","source":"soi-57g12-1927"},"geometry":{"type":"Polygon","coordinates":[[[77.549436,13.208769],[77.549734,13.208877],[77.55018,13.208876],[77.550625,13.208728],[77.550626,13.208509],[77.550886,13.208288],[77.550886,13.207923],[77.550663,13.207777],[77.550663,13.207192],[77.55044,13.207047],[77.55044,13.206974],[77.550217,13.206902],[77.549771,13.206976],[77.549771,13.20705],[77.549325,13.20738],[77.549325,13.20749],[77.548619,13.208041],[77.548619,13.208333],[77.548396,13.208481],[77.548396,13.208554],[77.549065,13.208843],[77.549436,13.208769]]]}},{"type":"Feature","properties":{"histId":"soi-57g12-1927-0044","sheet":"soi-57g12-1927","year":1927,"scale":63360,"areaM2":143589,"name":null,"confidence":"high","source":"soi-57g12-1927"},"geometry":{"type":"Polygon","coordinates":[[[77.591591,13.208836],[77.591815,13.208908],[77.592187,13.20887],[77.59256,13.208686],[77.592746,13.208722],[77.593156,13.208647],[77.593752,13.208975],[77.593864,13.209084],[77.593864,13.209157],[77.594236,13.209302],[77.594423,13.209448],[77.594609,13.209447],[77.594832,13.209556],[77.594981,13.209519],[77.594981,13.209336],[77.595093,13.209226],[77.595242,13.209189],[77.595242,13.207397],[77.595279,13.206776],[77.595354,13.206702],[77.595316,13.20641],[77.595503,13.206263],[77.595652,13.206043],[77.595987,13.205932],[77.596136,13.205749],[77.596359,13.205712],[77.596546,13.205565],[77.596695,13.205528],[77.596657,13.205016],[77.596322,13.204981],[77.596173,13.205091],[77.595689,13.205239],[77.595167,13.205131],[77.594944,13.205278],[77.594385,13.205462],[77.593789,13.205391],[77.593416,13.205575],[77.593267,13.205539],[77.592895,13.20565],[77.592597,13.205834],[77.592597,13.206017],[77.592373,13.206164],[77.592373,13.206456],[77.592559,13.206602],[77.59256,13.207224],[77.592336,13.207371],[77.592299,13.207736],[77.592075,13.207883],[77.592075,13.207993],[77.59174,13.208287],[77.591368,13.208398],[77.591368,13.20858],[77.591591,13.208726],[77.591591,13.208836]]]}},{"type":"Feature","properties":{"histId":"soi-57g12-1927-0045","sheet":"soi-57g12-1927","year":1927,"scale":63360,"areaM2":47319,"name":null,"confidence":"high","source":"soi-57g12-1927"},"geometry":{"type":"Polygon","coordinates":[[[77.565312,13.2018],[77.566353,13.202198],[77.566725,13.20216],[77.566763,13.201648],[77.566688,13.201246],[77.566763,13.201173],[77.566763,13.201027],[77.566874,13.200917],[77.567172,13.200842],[77.567469,13.200659],[77.567469,13.200074],[77.567246,13.199928],[77.567246,13.199855],[77.567023,13.199783],[77.566577,13.199748],[77.566353,13.199822],[77.566019,13.200152],[77.56587,13.200189],[77.565424,13.200483],[77.565424,13.20063],[77.565312,13.20074],[77.565163,13.200777],[77.56494,13.200997],[77.56494,13.201143],[77.564717,13.20129],[77.564717,13.201583],[77.565014,13.201801],[77.565312,13.2018]]]}},{"type":"Feature","properties":{"histId":"soi-57g12-1927-0046","sheet":"soi-57g12-1927","year":1927,"scale":63360,"areaM2":11843,"name":null,"confidence":"medium","source":"soi-57g12-1927"},"geometry":{"type":"Polygon","coordinates":[[[77.576511,13.198907],[77.576771,13.198906],[77.577032,13.198723],[77.577032,13.198394],[77.576362,13.198177],[77.575953,13.198251],[77.575953,13.198361],[77.575841,13.198471],[77.575692,13.198508],[77.575692,13.198581],[77.57558,13.198691],[77.575469,13.198728],[77.575469,13.199057],[77.576064,13.199092],[77.576511,13.198907]]]}},{"type":"Feature","properties":{"histId":"soi-57g12-1927-0047","sheet":"soi-57g12-1927","year":1927,"scale":63360,"areaM2":8014,"name":null,"confidence":"medium","source":"soi-57g12-1927"},"geometry":{"type":"Polygon","coordinates":[[[77.579302,13.198897],[77.579526,13.19875],[77.579563,13.198275],[77.579414,13.198239],[77.579228,13.19802],[77.579116,13.198057],[77.579116,13.19813],[77.579004,13.19824],[77.578856,13.198277],[77.578669,13.198461],[77.578669,13.198863],[77.578781,13.198972],[77.578781,13.199045],[77.57893,13.199118],[77.579302,13.199007],[77.579302,13.198897]]]}},{"type":"Feature","properties":{"histId":"soi-57g12-1927-0048","sheet":"soi-57g12-1927","year":1927,"scale":63360,"areaM2":22626,"name":null,"confidence":"high","source":"soi-57g12-1927"},"geometry":{"type":"Polygon","coordinates":[[[77.560031,13.198347],[77.559994,13.198201],[77.559548,13.198056],[77.559474,13.198093],[77.559251,13.197984],[77.558656,13.197986],[77.558433,13.19806],[77.558433,13.198609],[77.558618,13.198754],[77.558656,13.198973],[77.558841,13.199119],[77.558841,13.199192],[77.559139,13.199337],[77.559436,13.199409],[77.559734,13.199298],[77.559734,13.199189],[77.559845,13.199079],[77.560217,13.198931],[77.560217,13.198492],[77.560031,13.198347]]]}},{"type":"Feature","properties":{"histId":"soi-57g12-1927-0049","sheet":"soi-57g12-1927","year":1927,"scale":63360,"areaM2":14625,"name":null,"confidence":"high","source":"soi-57g12-1927"},"geometry":{"type":"Polygon","coordinates":[[[77.700013,13.197408],[77.700013,13.196713],[77.699713,13.196641],[77.699563,13.196495],[77.699563,13.196348],[77.699488,13.196312],[77.699113,13.196349],[77.699113,13.196679],[77.698889,13.196825],[77.698889,13.19763],[77.699077,13.197703],[77.699564,13.197665],[77.700013,13.197408]]]}},{"type":"Feature","properties":{"histId":"soi-57g12-1927-0050","sheet":"soi-57g12-1927","year":1927,"scale":63360,"areaM2":13295,"name":null,"confidence":"high","source":"soi-57g12-1927"},"geometry":{"type":"Polygon","coordinates":[[[77.583434,13.198627],[77.583658,13.19848],[77.583658,13.198224],[77.583434,13.198078],[77.583434,13.197786],[77.583211,13.197567],[77.582839,13.197532],[77.582764,13.197569],[77.582764,13.197678],[77.582653,13.197789],[77.582541,13.197826],[77.582541,13.19863],[77.582839,13.198665],[77.583025,13.198884],[77.583323,13.198883],[77.583434,13.198773],[77.583434,13.198627]]]}},{"type":"Feature","properties":{"histId":"soi-57g12-1927-0051","sheet":"soi-57g12-1927","year":1927,"scale":63360,"areaM2":64770,"name":null,"confidence":"high","source":"soi-57g12-1927"},"geometry":{"type":"Polygon","coordinates":[[[77.574129,13.197307],[77.574352,13.197453],[77.574352,13.197562],[77.574464,13.197599],[77.574576,13.197744],[77.575022,13.197779],[77.575469,13.197558],[77.575952,13.197666],[77.576548,13.197664],[77.576734,13.197517],[77.576995,13.19748],[77.577292,13.197296],[77.577329,13.196967],[77.577553,13.19682],[77.577553,13.196747],[77.577329,13.196601],[77.577329,13.196382],[77.577106,13.196236],[77.577106,13.196127],[77.576138,13.195545],[77.575766,13.195546],[77.575543,13.19562],[77.575431,13.195767],[77.574799,13.196208],[77.574389,13.196283],[77.574389,13.196356],[77.574278,13.196466],[77.574166,13.196503],[77.574166,13.196613],[77.573943,13.19676],[77.573943,13.196942],[77.574129,13.197088],[77.574129,13.197307]]]}},{"type":"Feature","properties":{"histId":"soi-57g12-1927-0052","sheet":"soi-57g12-1927","year":1927,"scale":63360,"areaM2":1068879,"name":null,"confidence":"high","source":"soi-57g12-1927"},"geometry":{"type":"Polygon","coordinates":[[[77.51888,13.203336],[77.518138,13.203375],[77.517915,13.20323],[77.517915,13.203084],[77.518064,13.202937],[77.518398,13.20279],[77.518398,13.202241],[77.518212,13.202096],[77.518212,13.201986],[77.51799,13.201841],[77.51799,13.201549],[77.518064,13.201475],[77.518064,13.201366],[77.518213,13.201255],[77.518213,13.201182],[77.518101,13.201073],[77.518101,13.20089],[77.518027,13.200817],[77.518028,13.199355],[77.518139,13.199245],[77.51851,13.199134],[77.51851,13.198769],[77.518288,13.198623],[77.518288,13.198221],[77.518139,13.198112],[77.518139,13.198003],[77.51788,13.197821],[77.51788,13.19698],[77.518103,13.196833],[77.518103,13.196541],[77.51788,13.196395],[77.51788,13.196286],[77.517509,13.196214],[77.516879,13.195961],[77.516545,13.19567],[77.516545,13.195524],[77.516471,13.195488],[77.515952,13.19549],[77.515803,13.195563],[77.514691,13.195568],[77.514209,13.195351],[77.513949,13.195352],[77.51317,13.195063],[77.5128,13.195101],[77.512577,13.195212],[77.512429,13.195176],[77.511836,13.194594],[77.511836,13.194447],[77.512058,13.1943],[77.512132,13.193971],[77.512281,13.193861],[77.512318,13.193276],[77.512096,13.193094],[77.512096,13.192692],[77.511873,13.192547],[77.511873,13.192437],[77.511651,13.192292],[77.511651,13.192182],[77.511428,13.192037],[77.511429,13.191964],[77.510909,13.191747],[77.510539,13.191748],[77.510316,13.191676],[77.509834,13.191642],[77.509538,13.191753],[77.509426,13.191716],[77.509056,13.191389],[77.508908,13.191097],[77.508203,13.190845],[77.508129,13.190881],[77.508166,13.191539],[77.507981,13.191723],[77.507795,13.191797],[77.507499,13.191688],[77.507313,13.191762],[77.506943,13.191691],[77.506646,13.191765],[77.506424,13.191656],[77.506127,13.191767],[77.505905,13.191695],[77.505682,13.191477],[77.505682,13.191331],[77.505534,13.191295],[77.505312,13.191479],[77.505312,13.191552],[77.504978,13.192028],[77.50483,13.192541],[77.504607,13.192944],[77.504236,13.193347],[77.504051,13.193458],[77.504051,13.193677],[77.503791,13.193898],[77.503532,13.193899],[77.503309,13.194046],[77.503309,13.194119],[77.503458,13.194191],[77.503643,13.194191],[77.504532,13.193967],[77.5052,13.193928],[77.505385,13.194],[77.505644,13.193999],[77.505941,13.194144],[77.506163,13.19418],[77.506275,13.194289],[77.506274,13.194472],[77.505941,13.194765],[77.505941,13.195094],[77.506126,13.19524],[77.506126,13.195422],[77.506348,13.195568],[77.506348,13.195714],[77.506571,13.195859],[77.50657,13.196225],[77.506756,13.19637],[77.506755,13.196991],[77.506978,13.197137],[77.506978,13.197246],[77.507126,13.197282],[77.507311,13.197428],[77.507423,13.197391],[77.507423,13.197062],[77.507645,13.196914],[77.507756,13.19695],[77.507942,13.197169],[77.507942,13.197242],[77.508127,13.197351],[77.508461,13.197203],[77.509388,13.197236],[77.509573,13.197162],[77.50987,13.197343],[77.510129,13.197342],[77.510314,13.197524],[77.510462,13.198401],[77.510203,13.198585],[77.509647,13.198441],[77.509461,13.198515],[77.509461,13.198917],[77.509906,13.199244],[77.509906,13.199353],[77.510054,13.199389],[77.510314,13.199608],[77.510351,13.199973],[77.510536,13.200118],[77.510573,13.200228],[77.510795,13.200373],[77.5115,13.200662],[77.51213,13.200769],[77.512316,13.200695],[77.512316,13.20033],[77.512538,13.200183],[77.512835,13.200328],[77.513317,13.200728],[77.513577,13.200727],[77.51391,13.200542],[77.51417,13.200651],[77.514504,13.200503],[77.514875,13.200538],[77.515023,13.200684],[77.514986,13.200976],[77.515134,13.201086],[77.515134,13.201232],[77.515023,13.201342],[77.514652,13.20149],[77.514355,13.201418],[77.513984,13.201492],[77.513576,13.201348],[77.513391,13.201422],[77.513205,13.201386],[77.512983,13.20146],[77.512872,13.201607],[77.51276,13.201644],[77.51276,13.2019],[77.513205,13.20219],[77.513205,13.202446],[77.513316,13.202482],[77.513428,13.202591],[77.513428,13.202664],[77.51365,13.20281],[77.51365,13.203029],[77.513872,13.203174],[77.513872,13.203978],[77.514095,13.204124],[77.514095,13.204489],[77.514577,13.204706],[77.514873,13.204742],[77.515022,13.204851],[77.515355,13.204849],[77.515504,13.204775],[77.516023,13.204846],[77.51632,13.204735],[77.51632,13.20448],[77.516431,13.20437],[77.517247,13.204001],[77.517248,13.203525],[77.517433,13.203378],[77.517693,13.203377],[77.517841,13.203523],[77.518101,13.203595],[77.518991,13.203482],[77.518991,13.203408],[77.51888,13.203336]]]}},{"type":"Feature","properties":{"histId":"soi-57g12-1927-0053","sheet":"soi-57g12-1927","year":1927,"scale":63360,"areaM2":75177,"name":null,"confidence":"high","source":"soi-57g12-1927"},"geometry":{"type":"Polygon","coordinates":[[[77.521478,13.199451],[77.521663,13.199121],[77.521812,13.198974],[77.521849,13.198389],[77.521775,13.19817],[77.521775,13.197731],[77.521961,13.197036],[77.522183,13.196889],[77.522406,13.196961],[77.522629,13.196924],[77.522629,13.196814],[77.52274,13.196704],[77.523111,13.196593],[77.523334,13.196409],[77.523334,13.196336],[77.523445,13.196226],[77.523779,13.196042],[77.523779,13.195968],[77.52389,13.195858],[77.524039,13.195821],[77.524039,13.195748],[77.52415,13.195638],[77.524262,13.195601],[77.524262,13.195309],[77.524039,13.195163],[77.524039,13.19509],[77.523816,13.195018],[77.523334,13.195093],[77.522778,13.195059],[77.522592,13.195242],[77.522072,13.195464],[77.521924,13.195428],[77.521739,13.195283],[77.521442,13.19532],[77.520997,13.195578],[77.521182,13.196418],[77.521182,13.197332],[77.521107,13.197771],[77.521144,13.1981],[77.521033,13.198283],[77.521033,13.198466],[77.520921,13.198685],[77.520884,13.198978],[77.52081,13.199051],[77.52081,13.19949],[77.520884,13.199599],[77.521144,13.199635],[77.521478,13.199451]]]}},{"type":"Feature","properties":{"histId":"soi-57g12-1927-0054","sheet":"soi-57g12-1927","year":1927,"scale":63360,"areaM2":59652,"name":null,"confidence":"high","source":"soi-57g12-1927"},"geometry":{"type":"Polygon","coordinates":[[[77.533318,13.194979],[77.533652,13.195124],[77.533764,13.195233],[77.533764,13.195306],[77.533949,13.195451],[77.533949,13.196073],[77.534283,13.196145],[77.534394,13.19629],[77.534543,13.196326],[77.53484,13.196142],[77.53484,13.196033],[77.535063,13.195885],[77.535063,13.195776],[77.535174,13.195666],[77.535546,13.195481],[77.535546,13.195408],[77.535768,13.195261],[77.535768,13.195188],[77.53588,13.195078],[77.535991,13.195041],[77.535991,13.194895],[77.536214,13.194748],[77.536251,13.194455],[77.536326,13.194382],[77.536326,13.194272],[77.536474,13.194162],[77.536474,13.194015],[77.536697,13.193868],[77.53692,13.193867],[77.537031,13.193721],[77.537143,13.193684],[77.537143,13.193355],[77.536734,13.193356],[77.536734,13.193649],[77.536511,13.193796],[77.536251,13.193724],[77.535992,13.193798],[77.535657,13.193763],[77.535286,13.194057],[77.534729,13.194096],[77.534469,13.194243],[77.533912,13.194245],[77.533689,13.194136],[77.533392,13.194138],[77.533207,13.194358],[77.533095,13.194395],[77.533095,13.19476],[77.533318,13.194906],[77.533318,13.194979]]]}},{"type":"Feature","properties":{"histId":"soi-57g12-1927-0055","sheet":"soi-57g12-1927","year":1927,"scale":63360,"areaM2":74812,"name":null,"confidence":"high","source":"soi-57g12-1927"},"geometry":{"type":"Polygon","coordinates":[[[77.523854,13.193665],[77.523854,13.193373],[77.523631,13.193228],[77.523632,13.192643],[77.523186,13.192316],[77.523186,13.192206],[77.522852,13.192098],[77.522667,13.191952],[77.522185,13.191954],[77.521665,13.192249],[77.521405,13.192323],[77.521405,13.192542],[77.521294,13.192653],[77.520997,13.192727],[77.520738,13.192874],[77.520552,13.192838],[77.520255,13.192949],[77.520255,13.193498],[77.52007,13.193645],[77.519736,13.193756],[77.519736,13.193829],[77.520218,13.194046],[77.52044,13.194265],[77.520552,13.194556],[77.520663,13.194629],[77.520885,13.194592],[77.521182,13.194444],[77.521182,13.194261],[77.521108,13.194189],[77.521145,13.19375],[77.521368,13.193603],[77.521591,13.193602],[77.521591,13.193492],[77.521702,13.193382],[77.521962,13.193271],[77.522184,13.193307],[77.522296,13.193416],[77.522296,13.193489],[77.522592,13.193561],[77.522741,13.193707],[77.522741,13.193962],[77.522518,13.19411],[77.522518,13.194621],[77.522592,13.194658],[77.522852,13.194656],[77.523074,13.194582],[77.523297,13.194655],[77.523483,13.194434],[77.52378,13.194433],[77.523965,13.194213],[77.524076,13.194176],[77.524076,13.193811],[77.523854,13.193665]]]}},{"type":"Feature","properties":{"histId":"soi-57g12-1927-0056","sheet":"soi-57g12-1927","year":1927,"scale":63360,"areaM2":38071,"name":null,"confidence":"high","source":"soi-57g12-1927"},"geometry":{"type":"Polygon","coordinates":[[[77.541488,13.191546],[77.541822,13.191289],[77.54238,13.19114],[77.542565,13.19092],[77.542714,13.190883],[77.542714,13.190591],[77.542937,13.190444],[77.542937,13.19037],[77.542714,13.190225],[77.542714,13.190042],[77.542603,13.190006],[77.542417,13.189788],[77.542045,13.189716],[77.541897,13.189753],[77.541303,13.189536],[77.540968,13.189538],[77.540894,13.189574],[77.540894,13.189721],[77.540708,13.189868],[77.540671,13.190672],[77.540857,13.190817],[77.540894,13.191366],[77.541191,13.191547],[77.541488,13.191546]]]}},{"type":"Feature","properties":{"histId":"soi-57g12-1927-0057","sheet":"soi-57g12-1927","year":1927,"scale":63360,"areaM2":22224,"name":null,"confidence":"high","source":"soi-57g12-1927"},"geometry":{"type":"Polygon","coordinates":[[[77.664705,13.189194],[77.664817,13.189157],[77.664817,13.188608],[77.664667,13.188572],[77.664517,13.188426],[77.664592,13.188134],[77.664405,13.187988],[77.664405,13.187878],[77.664181,13.187732],[77.66418,13.187623],[77.664031,13.187586],[77.663807,13.187843],[77.663507,13.187917],[77.66347,13.188393],[77.663283,13.188539],[77.663283,13.188613],[77.663471,13.188758],[77.663471,13.188941],[77.66362,13.189051],[77.663695,13.189343],[77.664294,13.189451],[77.664593,13.189341],[77.664705,13.189194]]]}},{"type":"Feature","properties":{"histId":"soi-57g12-1927-0058","sheet":"soi-57g12-1927","year":1927,"scale":63360,"areaM2":122745,"name":null,"confidence":"high","source":"soi-57g12-1927"},"geometry":{"type":"Polygon","coordinates":[[[77.558693,13.188006],[77.558693,13.187786],[77.558247,13.187715],[77.557764,13.187936],[77.557467,13.187937],[77.557095,13.187792],[77.556574,13.187794],[77.556203,13.187503],[77.556203,13.187174],[77.55598,13.187029],[77.55598,13.186517],[77.555757,13.186372],[77.555757,13.185823],[77.555682,13.185787],[77.554493,13.185792],[77.554196,13.185683],[77.553973,13.185757],[77.553787,13.185904],[77.553601,13.185941],[77.553192,13.18576],[77.552672,13.185762],[77.552486,13.185982],[77.552374,13.186019],[77.552374,13.186129],[77.552263,13.186239],[77.552151,13.186276],[77.552151,13.186459],[77.552672,13.186749],[77.552969,13.186638],[77.553192,13.186638],[77.553452,13.18649],[77.554344,13.18656],[77.554567,13.186486],[77.555199,13.186703],[77.555311,13.186812],[77.555311,13.186885],[77.555534,13.187031],[77.555534,13.188201],[77.555719,13.188346],[77.555719,13.189187],[77.555496,13.189334],[77.555496,13.1897],[77.555682,13.189991],[77.555682,13.190174],[77.555831,13.19021],[77.556017,13.190429],[77.556351,13.190208],[77.556834,13.190243],[77.557504,13.189984],[77.557504,13.189875],[77.557727,13.189728],[77.557727,13.189654],[77.557838,13.189544],[77.557987,13.189507],[77.558136,13.18936],[77.558433,13.189286],[77.558582,13.189103],[77.558879,13.189029],[77.558916,13.188151],[77.558693,13.188006]]]}},{"type":"Feature","properties":{"histId":"soi-57g12-1927-0059","sheet":"soi-57g12-1927","year":1927,"scale":63360,"areaM2":63879,"name":null,"confidence":"high","source":"soi-57g12-1927"},"geometry":{"type":"Polygon","coordinates":[[[77.526972,13.188791],[77.527417,13.188972],[77.528011,13.188823],[77.528197,13.188603],[77.528457,13.188419],[77.528754,13.188345],[77.528791,13.188052],[77.529014,13.187905],[77.529014,13.187539],[77.529236,13.187392],[77.529236,13.186624],[77.529051,13.186479],[77.529051,13.186369],[77.52868,13.186298],[77.528457,13.186152],[77.52816,13.186336],[77.5279,13.186338],[77.527678,13.186412],[77.527678,13.186558],[77.527529,13.186705],[77.527307,13.186742],[77.52701,13.18689],[77.526898,13.187036],[77.526527,13.187148],[77.526527,13.188354],[77.52675,13.188499],[77.526749,13.188609],[77.526861,13.188645],[77.526972,13.188791]]]}},{"type":"Feature","properties":{"histId":"soi-57g12-1927-0060","sheet":"soi-57g12-1927","year":1927,"scale":63360,"areaM2":102906,"name":null,"confidence":"high","source":"soi-57g12-1927"},"geometry":{"type":"Polygon","coordinates":[[[77.593749,13.186854],[77.593972,13.186707],[77.593972,13.186597],[77.594233,13.186413],[77.594233,13.186267],[77.594457,13.18612],[77.594531,13.185864],[77.59468,13.185754],[77.594717,13.185534],[77.594941,13.185387],[77.594941,13.184107],[77.594643,13.183925],[77.594456,13.183707],[77.594158,13.183708],[77.593897,13.183855],[77.593674,13.183856],[77.593339,13.183966],[77.592966,13.183968],[77.592706,13.184115],[77.592333,13.18397],[77.592147,13.183788],[77.591849,13.183789],[77.591663,13.184009],[77.591551,13.184046],[77.591551,13.184156],[77.5917,13.184265],[77.591774,13.184411],[77.591774,13.18463],[77.591551,13.184777],[77.591514,13.185765],[77.591737,13.18591],[77.591737,13.186093],[77.591849,13.186129],[77.591961,13.186275],[77.592259,13.186457],[77.592743,13.186565],[77.592855,13.186674],[77.592855,13.186893],[77.59319,13.187002],[77.593302,13.187148],[77.593451,13.187184],[77.593749,13.186963],[77.593749,13.186854]]]}},{"type":"Feature","properties":{"histId":"soi-57g12-1927-0061","sheet":"soi-57g12-1927","year":1927,"scale":63360,"areaM2":143503,"name":null,"confidence":"high","source":"soi-57g12-1927"},"geometry":{"type":"Polygon","coordinates":[[[77.625738,13.185102],[77.625738,13.184554],[77.62585,13.184444],[77.625775,13.184298],[77.625775,13.183603],[77.625439,13.183531],[77.625327,13.183421],[77.625327,13.183202],[77.625252,13.183166],[77.625141,13.183203],[77.625141,13.183312],[77.625029,13.183422],[77.624879,13.183459],[77.624767,13.183423],[77.624581,13.183204],[77.624282,13.183278],[77.623984,13.18317],[77.623499,13.183317],[77.623275,13.183172],[77.623275,13.183062],[77.622566,13.182808],[77.622454,13.182809],[77.622118,13.182993],[77.621782,13.182884],[77.621596,13.183031],[77.62126,13.183105],[77.621036,13.183289],[77.620999,13.183618],[77.62085,13.183765],[77.620701,13.183802],[77.620701,13.184094],[77.62085,13.18413],[77.620962,13.18424],[77.620962,13.184861],[77.621111,13.184898],[77.621223,13.185007],[77.621223,13.185153],[77.621485,13.185372],[77.62182,13.185371],[77.622119,13.185443],[77.622492,13.185369],[77.623164,13.185659],[77.62335,13.185805],[77.624358,13.185765],[77.624731,13.185837],[77.62488,13.185946],[77.625627,13.185907],[77.625701,13.18587],[77.625738,13.185614],[77.625962,13.185467],[77.625962,13.185248],[77.625738,13.185102]]]}},{"type":"Feature","properties":{"histId":"soi-57g12-1927-0062","sheet":"soi-57g12-1927","year":1927,"scale":63360,"areaM2":70195,"name":null,"confidence":"high","source":"soi-57g12-1927"},"geometry":{"type":"Polygon","coordinates":[[[77.553601,13.185064],[77.553973,13.185063],[77.554679,13.185206],[77.554939,13.185132],[77.555125,13.185168],[77.555497,13.185093],[77.555868,13.184836],[77.556017,13.184799],[77.556054,13.183629],[77.555943,13.183519],[77.555943,13.1833],[77.556054,13.18319],[77.556054,13.183117],[77.555868,13.182971],[77.555868,13.182642],[77.555645,13.182497],[77.555645,13.182168],[77.555274,13.18206],[77.554753,13.182354],[77.554716,13.182866],[77.554567,13.183013],[77.55427,13.183087],[77.55427,13.18316],[77.554159,13.18327],[77.554047,13.183307],[77.554047,13.1836],[77.553936,13.18371],[77.553787,13.183747],[77.553787,13.18382],[77.553675,13.18393],[77.553564,13.183967],[77.553564,13.184077],[77.553341,13.184224],[77.553341,13.18437],[77.553118,13.184554],[77.553118,13.18481],[77.553229,13.184919],[77.553229,13.185102],[77.553452,13.185138],[77.553601,13.185064]]]}},{"type":"Feature","properties":{"histId":"soi-57g12-1927-0063","sheet":"soi-57g12-1927","year":1927,"scale":63360,"areaM2":43691,"name":null,"confidence":"high","source":"soi-57g12-1927"},"geometry":{"type":"Polygon","coordinates":[[[77.5341,13.182071],[77.5341,13.181742],[77.534323,13.181595],[77.53436,13.180498],[77.534434,13.180425],[77.534434,13.180315],[77.534583,13.180205],[77.534583,13.180095],[77.53436,13.17995],[77.53436,13.179877],[77.5341,13.179768],[77.533209,13.180064],[77.532356,13.180068],[77.532133,13.180142],[77.532133,13.18069],[77.532355,13.180836],[77.532355,13.180909],[77.532578,13.181091],[77.532578,13.181164],[77.532689,13.1812],[77.532801,13.181346],[77.533098,13.181454],[77.533209,13.181563],[77.533209,13.181856],[77.533432,13.182001],[77.533432,13.182147],[77.533506,13.182183],[77.533803,13.182182],[77.5341,13.182071]]]}},{"type":"Feature","properties":{"histId":"soi-57g12-1927-0064","sheet":"soi-57g12-1927","year":1927,"scale":63360,"areaM2":362370,"name":null,"confidence":"high","source":"soi-57g12-1927"},"geometry":{"type":"Polygon","coordinates":[[[77.681348,13.178176],[77.681461,13.178286],[77.681461,13.178395],[77.68206,13.178613],[77.682697,13.179014],[77.682809,13.179123],[77.682809,13.179197],[77.683258,13.179488],[77.683259,13.179598],[77.683633,13.179633],[77.683857,13.179523],[77.684082,13.179669],[77.684082,13.179779],[77.684157,13.179852],[77.684157,13.180291],[77.68427,13.1804],[77.68427,13.180656],[77.684195,13.180803],[77.68442,13.181058],[77.68442,13.181168],[77.68457,13.181204],[77.68472,13.18135],[77.684795,13.181862],[77.684907,13.181898],[77.685057,13.182044],[77.685057,13.182154],[77.685507,13.182299],[77.685731,13.182116],[77.685956,13.182042],[77.686555,13.181565],[77.687341,13.18127],[77.687378,13.181307],[77.68794,13.181049],[77.688426,13.181048],[77.688614,13.181121],[77.688838,13.18112],[77.689101,13.18101],[77.689325,13.181119],[77.690074,13.181117],[77.690074,13.181044],[77.689887,13.180861],[77.689886,13.180313],[77.689774,13.18013],[77.689774,13.179581],[77.689998,13.179288],[77.68996,13.178922],[77.690035,13.178849],[77.690035,13.178703],[77.69011,13.178593],[77.69011,13.177898],[77.690184,13.177751],[77.690147,13.177385],[77.690072,13.177239],[77.689622,13.176984],[77.689472,13.176838],[77.689322,13.176802],[77.689135,13.17662],[77.688573,13.176511],[77.688086,13.176293],[77.687637,13.176294],[77.687337,13.176112],[77.687,13.176113],[77.686551,13.175895],[77.686364,13.175932],[77.686101,13.175786],[77.685989,13.175786],[77.685764,13.175897],[77.685952,13.176116],[77.685952,13.176445],[77.685765,13.176665],[77.685615,13.176702],[77.685353,13.176556],[77.685054,13.176667],[77.684791,13.176521],[77.684604,13.176595],[77.684455,13.176522],[77.68438,13.176559],[77.684342,13.176815],[77.684455,13.176888],[77.684642,13.176887],[77.684979,13.176667],[77.685091,13.176703],[77.685353,13.176959],[77.68569,13.176811],[77.686139,13.176774],[77.686364,13.176883],[77.686739,13.176882],[77.686888,13.176955],[77.687001,13.176918],[77.687151,13.176991],[77.6873,13.176917],[77.687488,13.176953],[77.687824,13.176696],[77.687974,13.176659],[77.688236,13.176805],[77.688386,13.176731],[77.688536,13.176768],[77.688723,13.17695],[77.688948,13.177023],[77.68906,13.177132],[77.689061,13.177388],[77.688911,13.177535],[77.688387,13.177756],[77.688274,13.177719],[77.68805,13.177464],[77.687825,13.177501],[77.687563,13.177429],[77.687376,13.177502],[77.687113,13.177357],[77.686964,13.17743],[77.686776,13.177431],[77.686589,13.177358],[77.686177,13.177469],[77.685878,13.177469],[77.685653,13.177397],[77.685503,13.177507],[77.685092,13.177654],[77.684755,13.177509],[77.684455,13.177619],[77.684193,13.177474],[77.683969,13.17773],[77.683856,13.177767],[77.683669,13.177731],[77.683519,13.177585],[77.68337,13.177549],[77.683033,13.177769],[77.682321,13.177405],[77.681535,13.177444],[77.681011,13.177738],[77.681049,13.178067],[77.681348,13.178176]]]}},{"type":"Feature","properties":{"histId":"soi-57g12-1927-0065","sheet":"soi-57g12-1927","year":1927,"scale":63360,"areaM2":353900,"name":null,"confidence":"high","source":"soi-57g12-1927"},"geometry":{"type":"Polygon","coordinates":[[[77.50472,13.186949],[77.504387,13.186694],[77.504387,13.186512],[77.504498,13.186402],[77.504498,13.186292],[77.504387,13.18611],[77.504387,13.185781],[77.504128,13.185343],[77.504128,13.185197],[77.503906,13.184869],[77.503757,13.18476],[77.503757,13.184614],[77.503609,13.184468],[77.503572,13.184139],[77.50335,13.183885],[77.503313,13.183702],[77.503165,13.183556],[77.503165,13.183483],[77.502868,13.183229],[77.502868,13.183083],[77.502757,13.182973],[77.502757,13.1829],[77.502572,13.182755],[77.502387,13.1825],[77.502276,13.182062],[77.502165,13.181953],[77.502165,13.18177],[77.50198,13.181442],[77.50198,13.181149],[77.501832,13.180967],[77.501832,13.180821],[77.501943,13.180711],[77.502202,13.180637],[77.502202,13.180308],[77.50198,13.180162],[77.50198,13.179175],[77.501795,13.17903],[77.501795,13.178628],[77.501684,13.178519],[77.501202,13.178484],[77.501091,13.178375],[77.501092,13.17779],[77.500943,13.177499],[77.500944,13.177206],[77.500832,13.177061],[77.500425,13.176843],[77.499943,13.176334],[77.499795,13.175603],[77.499536,13.175348],[77.499536,13.175202],[77.499722,13.175055],[77.499722,13.174909],[77.499647,13.1748],[77.499648,13.173447],[77.499759,13.172643],[77.49976,13.171729],[77.499871,13.171107],[77.499871,13.1699],[77.499834,13.169681],[77.499723,13.169572],[77.499761,13.16928],[77.499612,13.169244],[77.499464,13.169098],[77.499538,13.168805],[77.499464,13.168696],[77.49939,13.168038],[77.499205,13.167966],[77.499131,13.168003],[77.499094,13.168807],[77.499168,13.169794],[77.49913,13.170379],[77.499353,13.170561],[77.499352,13.170744],[77.49913,13.170927],[77.499093,13.171183],[77.49913,13.171987],[77.499352,13.172206],[77.499352,13.172352],[77.49913,13.172572],[77.499128,13.177726],[77.499202,13.178676],[77.499387,13.178822],[77.499387,13.179004],[77.499164,13.179188],[77.499127,13.179919],[77.499164,13.181089],[77.499312,13.181271],[77.499312,13.181417],[77.499497,13.181636],[77.499497,13.181818],[77.499608,13.181928],[77.499608,13.182074],[77.499423,13.182221],[77.499422,13.182806],[77.499571,13.182915],[77.499645,13.18306],[77.499645,13.18328],[77.500089,13.183607],[77.500089,13.18368],[77.500311,13.183825],[77.500534,13.183897],[77.500719,13.183677],[77.500941,13.183676],[77.501978,13.184731],[77.502127,13.185023],[77.502349,13.185168],[77.502497,13.185424],[77.502719,13.185569],[77.502719,13.185642],[77.503016,13.186043],[77.503016,13.186152],[77.503386,13.186443],[77.503423,13.186808],[77.503164,13.186992],[77.503163,13.187321],[77.50346,13.187466],[77.503905,13.187501],[77.504127,13.187683],[77.504423,13.187572],[77.504646,13.187571],[77.50472,13.187534],[77.50472,13.186949]]]}},{"type":"Feature","properties":{"histId":"soi-57g12-1927-0066","sheet":"soi-57g12-1927","year":1927,"scale":63360,"areaM2":199708,"name":null,"confidence":"high","source":"soi-57g12-1927"},"geometry":{"type":"Polygon","coordinates":[[[77.678353,13.175916],[77.678353,13.176245],[77.67854,13.176391],[77.67869,13.176427],[77.678802,13.176537],[77.678802,13.17661],[77.679027,13.176756],[77.679027,13.176865],[77.679289,13.176974],[77.679626,13.17701],[77.680188,13.177374],[77.680599,13.177373],[77.681273,13.176969],[77.682096,13.176967],[77.682171,13.17693],[77.682171,13.176711],[77.682396,13.176564],[77.682733,13.176782],[77.68307,13.176855],[77.683294,13.176818],[77.683481,13.17689],[77.683631,13.176817],[77.683593,13.176561],[77.683706,13.176451],[77.683706,13.176231],[77.683893,13.176048],[77.684117,13.176011],[77.684454,13.176083],[77.684604,13.176009],[77.685166,13.176191],[77.685502,13.175897],[77.685577,13.175897],[77.68509,13.175642],[77.684866,13.17568],[77.684529,13.175534],[77.684117,13.175462],[77.684004,13.175353],[77.684004,13.175206],[77.684266,13.174986],[77.684266,13.174767],[77.683592,13.174329],[77.683068,13.174184],[77.682843,13.173965],[77.682057,13.173931],[77.68172,13.173785],[77.68142,13.17375],[77.681121,13.173604],[77.680522,13.173606],[77.680335,13.173789],[77.679998,13.1739],[77.679998,13.173973],[77.679886,13.174083],[77.679512,13.174157],[77.679512,13.17423],[77.6794,13.17434],[77.679287,13.174377],[77.679288,13.174633],[77.679138,13.17478],[77.678389,13.174855],[77.67839,13.174965],[77.678165,13.175112],[77.678128,13.175295],[77.678128,13.17577],[77.678353,13.175916]]]}},{"type":"Feature","properties":{"histId":"soi-57g12-1927-0067","sheet":"soi-57g12-1927","year":1927,"scale":63360,"areaM2":38831,"name":null,"confidence":"high","source":"soi-57g12-1927"},"geometry":{"type":"Polygon","coordinates":[[[77.630736,13.17598],[77.630736,13.175541],[77.6304,13.175286],[77.6304,13.17514],[77.630325,13.175067],[77.630325,13.174738],[77.630138,13.174592],[77.630101,13.174446],[77.630101,13.17408],[77.629653,13.174082],[77.629653,13.174265],[77.629578,13.174375],[77.629355,13.174522],[77.628869,13.174523],[77.628645,13.174414],[77.628459,13.174524],[77.628459,13.174671],[77.62831,13.174781],[77.62831,13.174891],[77.628422,13.174927],[77.628534,13.175036],[77.628534,13.175109],[77.629094,13.175473],[77.629392,13.175765],[77.629393,13.176131],[77.629617,13.176276],[77.629617,13.176386],[77.630139,13.17664],[77.630512,13.176529],[77.630512,13.176127],[77.630736,13.17598]]]}},{"type":"Feature","properties":{"histId":"soi-57g12-1927-0068","sheet":"soi-57g12-1927","year":1927,"scale":63360,"areaM2":314590,"name":null,"confidence":"high","source":"soi-57g12-1927"},"geometry":{"type":"Polygon","coordinates":[[[77.645784,13.174764],[77.645784,13.174654],[77.64556,13.174508],[77.64556,13.174326],[77.645784,13.174179],[77.646083,13.174361],[77.646307,13.17425],[77.646569,13.174286],[77.647017,13.174029],[77.647278,13.174174],[77.647503,13.174137],[77.647727,13.174209],[77.647988,13.174465],[77.647989,13.17483],[77.648063,13.174867],[77.648437,13.174829],[77.648586,13.174902],[77.648923,13.174901],[77.649259,13.17501],[77.649782,13.175081],[77.650156,13.1753],[77.650492,13.175372],[77.650679,13.175481],[77.650903,13.175444],[77.650903,13.175297],[77.650455,13.174969],[77.650193,13.174861],[77.649632,13.174314],[77.649445,13.174021],[77.649258,13.173547],[77.649221,13.173035],[77.649108,13.172669],[77.649108,13.171645],[77.649182,13.171059],[77.649107,13.170694],[77.648771,13.170512],[77.648622,13.170512],[77.648099,13.17088],[77.647613,13.171357],[77.647389,13.171431],[77.64709,13.171651],[77.646829,13.171725],[77.646119,13.172422],[77.64612,13.172605],[77.646008,13.172715],[77.645746,13.172825],[77.645485,13.172753],[77.645372,13.172827],[77.645373,13.1729],[77.645447,13.172936],[77.645709,13.172826],[77.645821,13.172862],[77.64597,13.173008],[77.645933,13.173264],[77.646008,13.1733],[77.646269,13.173007],[77.646568,13.173006],[77.646755,13.173188],[77.646755,13.173334],[77.646904,13.17348],[77.646905,13.173663],[77.64668,13.173883],[77.646456,13.173921],[77.646157,13.173775],[77.645933,13.173886],[77.645672,13.17385],[77.645448,13.173631],[77.645149,13.173742],[77.645037,13.173705],[77.644812,13.173487],[77.644775,13.173304],[77.6447,13.173267],[77.644514,13.173451],[77.644514,13.173597],[77.644364,13.173744],[77.644066,13.173855],[77.643916,13.173818],[77.643804,13.173709],[77.643804,13.173599],[77.643729,13.173563],[77.643393,13.173564],[77.643132,13.173638],[77.643132,13.17415],[77.643207,13.174186],[77.643431,13.174039],[77.643617,13.174002],[77.643729,13.174038],[77.643842,13.174184],[77.64414,13.174293],[77.644327,13.17422],[77.644701,13.174218],[77.645,13.174437],[77.644925,13.17484],[77.644701,13.174987],[77.644402,13.174914],[77.64429,13.174951],[77.644141,13.174878],[77.643954,13.174952],[77.643767,13.174953],[77.643618,13.17488],[77.643431,13.174917],[77.643356,13.175173],[77.643394,13.175356],[77.643543,13.175502],[77.643543,13.175648],[77.643431,13.175758],[77.64317,13.175759],[77.643058,13.17565],[77.643058,13.175577],[77.642908,13.175541],[77.642759,13.175395],[77.642833,13.174956],[77.642647,13.17481],[77.642647,13.174737],[77.642348,13.174628],[77.642124,13.174372],[77.64175,13.174483],[77.641601,13.174447],[77.641489,13.174338],[77.641489,13.174228],[77.641376,13.174192],[77.641302,13.174229],[77.641302,13.174558],[77.641041,13.174741],[77.641041,13.17529],[77.640779,13.175474],[77.64078,13.17584],[77.640556,13.175987],[77.640556,13.176352],[77.640406,13.176499],[77.640145,13.176536],[77.639809,13.176684],[77.639436,13.176685],[77.639323,13.176649],[77.639025,13.176357],[77.63895,13.176211],[77.63895,13.175991],[77.638502,13.17592],[77.63824,13.175994],[77.638315,13.176323],[77.638203,13.176433],[77.637792,13.176507],[77.637568,13.176361],[77.637568,13.175849],[77.637232,13.175741],[77.637045,13.175924],[77.636896,13.175961],[77.636896,13.17651],[77.637344,13.176655],[77.637718,13.176544],[77.637867,13.176616],[77.638278,13.176652],[77.638465,13.176871],[77.638465,13.177273],[77.638614,13.177382],[77.638614,13.177529],[77.638689,13.177601],[77.638689,13.178004],[77.638801,13.17804],[77.638913,13.178149],[77.638913,13.178223],[77.639137,13.178368],[77.639138,13.178478],[77.639212,13.178514],[77.639511,13.17844],[77.63981,13.178549],[77.640034,13.178475],[77.640034,13.178256],[77.640146,13.178146],[77.640482,13.178108],[77.640482,13.178035],[77.640407,13.177999],[77.640258,13.178036],[77.640034,13.17789],[77.640033,13.177597],[77.640145,13.177487],[77.640332,13.17745],[77.640594,13.177559],[77.640743,13.177522],[77.640967,13.177668],[77.640967,13.177777],[77.641042,13.177814],[77.641453,13.177813],[77.64205,13.177701],[77.642386,13.177371],[77.642722,13.177333],[77.643021,13.177149],[77.643245,13.177149],[77.643283,13.177039],[77.643507,13.176892],[77.643507,13.176819],[77.643619,13.176709],[77.643731,13.176672],[77.643731,13.176526],[77.643843,13.176416],[77.644104,13.176305],[77.644291,13.176378],[77.644403,13.176341],[77.64444,13.176085],[77.644179,13.176085],[77.643954,13.17594],[77.643954,13.175757],[77.64429,13.175536],[77.644813,13.175535],[77.644926,13.175644],[77.644926,13.176083],[77.645038,13.176119],[77.645112,13.176083],[77.645112,13.17579],[77.645038,13.175717],[77.645038,13.175571],[77.64515,13.175461],[77.645336,13.17546],[77.645486,13.175387],[77.645598,13.175423],[77.645971,13.175275],[77.645747,13.175239],[77.645598,13.175094],[77.645598,13.174911],[77.645784,13.174764]]]}},{"type":"Feature","properties":{"histId":"soi-57g12-1927-0069","sheet":"soi-57g12-1927","year":1927,"scale":63360,"areaM2":40387,"name":null,"confidence":"high","source":"soi-57g12-1927"},"geometry":{"type":"Polygon","coordinates":[[[77.722303,13.172188],[77.722303,13.171895],[77.72189,13.171457],[77.72189,13.171274],[77.721777,13.171238],[77.721664,13.171092],[77.721514,13.171055],[77.721327,13.171202],[77.721102,13.171239],[77.720764,13.171094],[77.720351,13.171094],[77.720052,13.171241],[77.720052,13.171461],[77.720277,13.171607],[77.720277,13.171826],[77.72039,13.171863],[77.720502,13.171972],[77.720502,13.172045],[77.720728,13.172191],[77.720728,13.172338],[77.72084,13.172374],[77.720953,13.172483],[77.720953,13.172593],[77.721178,13.172739],[77.721178,13.172849],[77.721554,13.172958],[77.721929,13.173176],[77.722154,13.173103],[77.722417,13.173175],[77.722754,13.173138],[77.722754,13.172479],[77.722303,13.172188]]]}},{"type":"Feature","properties":{"histId":"soi-57g12-1927-0070","sheet":"soi-57g12-1927","year":1927,"scale":63360,"areaM2":63354,"name":null,"confidence":"high","source":"soi-57g12-1927"},"geometry":{"type":"Polygon","coordinates":[[[77.626443,13.172483],[77.626443,13.172666],[77.626331,13.172776],[77.626331,13.172849],[77.626518,13.172995],[77.626518,13.173507],[77.626742,13.173652],[77.626742,13.173762],[77.626966,13.173907],[77.626966,13.174017],[77.627041,13.174053],[77.627339,13.174016],[77.627563,13.173906],[77.627638,13.173942],[77.628011,13.173758],[77.628272,13.173757],[77.628533,13.173646],[77.62857,13.173281],[77.628794,13.173097],[77.628794,13.172951],[77.628906,13.172841],[77.629205,13.172693],[77.629354,13.172766],[77.629503,13.172729],[77.629503,13.172363],[77.629242,13.172364],[77.628981,13.172219],[77.628645,13.172147],[77.628346,13.171928],[77.628346,13.171818],[77.628047,13.171636],[77.627637,13.171674],[77.627376,13.171529],[77.627002,13.17142],[77.626555,13.171568],[77.626555,13.171641],[77.626443,13.171751],[77.626331,13.171788],[77.626331,13.172373],[77.626443,13.172483]]]}},{"type":"Feature","properties":{"histId":"soi-57g12-1927-0071","sheet":"soi-57g12-1927","year":1927,"scale":63360,"areaM2":154529,"name":null,"confidence":"high","source":"soi-57g12-1927"},"geometry":{"type":"Polygon","coordinates":[[[77.591363,13.172857],[77.591363,13.172638],[77.591177,13.172492],[77.591177,13.172346],[77.590953,13.1722],[77.590953,13.172091],[77.590804,13.171981],[77.59073,13.171653],[77.590506,13.171507],[77.590506,13.171105],[77.590059,13.170777],[77.590059,13.170631],[77.589873,13.170485],[77.589836,13.170376],[77.589091,13.170159],[77.588867,13.169904],[77.588867,13.169758],[77.588979,13.169648],[77.589203,13.169574],[77.589202,13.169025],[77.588979,13.168953],[77.588607,13.168954],[77.588309,13.169175],[77.588309,13.169577],[77.588383,13.16965],[77.588383,13.169796],[77.588272,13.169906],[77.588048,13.16998],[77.588048,13.17009],[77.587899,13.170237],[77.586745,13.170277],[77.586447,13.170461],[77.586112,13.170462],[77.585591,13.170245],[77.585479,13.170136],[77.585479,13.169989],[77.585703,13.169842],[77.585777,13.169879],[77.586075,13.169768],[77.586224,13.169804],[77.586447,13.16973],[77.586447,13.169035],[77.586037,13.168781],[77.586,13.168525],[77.585777,13.168379],[77.585777,13.168306],[77.585256,13.168125],[77.584883,13.168163],[77.584883,13.168273],[77.584697,13.16842],[77.584697,13.16853],[77.584883,13.168675],[77.584883,13.169516],[77.585107,13.169662],[77.585107,13.169808],[77.58533,13.169953],[77.58533,13.1701],[77.585219,13.17021],[77.58507,13.170247],[77.58507,13.170942],[77.58574,13.171122],[77.586149,13.171084],[77.586522,13.171265],[77.58682,13.171264],[77.586969,13.171337],[77.587229,13.171226],[77.587862,13.171261],[77.588011,13.171443],[77.588346,13.171551],[77.588458,13.171661],[77.588458,13.17199],[77.588756,13.172062],[77.588905,13.172208],[77.588905,13.172354],[77.589128,13.172499],[77.589129,13.172719],[77.58924,13.172755],[77.589501,13.17301],[77.589501,13.17312],[77.58965,13.173156],[77.590097,13.17363],[77.590469,13.173665],[77.590804,13.17359],[77.591363,13.173369],[77.591363,13.173259],[77.591586,13.173112],[77.591586,13.173003],[77.591363,13.172857]]]}},{"type":"Feature","properties":{"histId":"soi-57g12-1927-0072","sheet":"soi-57g12-1927","year":1927,"scale":63360,"areaM2":8933,"name":null,"confidence":"medium","source":"soi-57g12-1927"},"geometry":{"type":"Polygon","coordinates":[[[77.54008,13.169836],[77.54008,13.169726],[77.540265,13.169579],[77.540265,13.169287],[77.540005,13.169215],[77.539783,13.168996],[77.539411,13.169144],[77.539411,13.169217],[77.539188,13.169401],[77.539188,13.169694],[77.539411,13.169912],[77.539634,13.169984],[77.539782,13.169984],[77.54008,13.169836]]]}},{"type":"Feature","properties":{"histId":"soi-57g12-1927-0073","sheet":"soi-57g12-1927","year":1927,"scale":63360,"areaM2":54426,"name":null,"confidence":"high","source":"soi-57g12-1927"},"geometry":{"type":"Polygon","coordinates":[[[77.502465,13.169377],[77.502465,13.169487],[77.502576,13.169596],[77.502762,13.169997],[77.502761,13.170216],[77.502873,13.170289],[77.50328,13.169958],[77.504022,13.169589],[77.504578,13.169112],[77.5048,13.168708],[77.504837,13.168379],[77.504726,13.168234],[77.50443,13.168089],[77.504319,13.168126],[77.503948,13.168018],[77.503614,13.168019],[77.50317,13.167838],[77.503059,13.167839],[77.502799,13.167986],[77.501613,13.167992],[77.50165,13.168247],[77.502465,13.169377]]]}},{"type":"Feature","properties":{"histId":"soi-57g12-1927-0074","sheet":"soi-57g12-1927","year":1927,"scale":63360,"areaM2":5342,"name":null,"confidence":"low","source":"soi-57g12-1927"},"geometry":{"type":"Polygon","coordinates":[[[77.502058,13.167222],[77.501873,13.16704],[77.501614,13.167005],[77.501392,13.16675],[77.501243,13.166751],[77.501243,13.167043],[77.501317,13.167116],[77.501391,13.167591],[77.501465,13.167627],[77.501762,13.167443],[77.502169,13.167477],[77.502281,13.167404],[77.502281,13.167331],[77.502058,13.167222]]]}},{"type":"Feature","properties":{"histId":"soi-57g12-1927-0075","sheet":"soi-57g12-1927","year":1927,"scale":63360,"areaM2":413206,"name":null,"confidence":"high","source":"soi-57g12-1927"},"geometry":{"type":"Polygon","coordinates":[[[77.567767,13.169324],[77.568027,13.169067],[77.568362,13.168956],[77.568696,13.168955],[77.568882,13.168771],[77.56918,13.168624],[77.56944,13.168696],[77.569812,13.168658],[77.569961,13.168548],[77.570593,13.168363],[77.570593,13.167997],[77.570817,13.16785],[77.570816,13.167777],[77.570928,13.167667],[77.57104,13.16763],[77.572118,13.167662],[77.572267,13.167588],[77.572565,13.167587],[77.572788,13.167477],[77.572974,13.167549],[77.573718,13.167546],[77.573867,13.167436],[77.574239,13.167325],[77.574239,13.167032],[77.574462,13.166885],[77.574537,13.164655],[77.574648,13.164544],[77.574797,13.164507],[77.574797,13.164398],[77.574983,13.164251],[77.574983,13.164177],[77.574871,13.164068],[77.574871,13.163922],[77.57502,13.163812],[77.57502,13.162971],[77.574574,13.162863],[77.573941,13.162865],[77.573681,13.162683],[77.573681,13.162573],[77.573606,13.162537],[77.573271,13.162538],[77.573197,13.162575],[77.573197,13.162685],[77.573085,13.162795],[77.572565,13.16309],[77.572081,13.162909],[77.571709,13.162947],[77.571449,13.163094],[77.571411,13.163057],[77.571151,13.163132],[77.570853,13.162913],[77.570035,13.162843],[77.569737,13.162954],[77.56944,13.162882],[77.569068,13.16314],[77.568845,13.163214],[77.567989,13.163253],[77.567989,13.163802],[77.568175,13.163947],[77.568175,13.164862],[77.568324,13.164971],[77.568399,13.165117],[77.568399,13.165336],[77.56851,13.165445],[77.56851,13.165628],[77.568585,13.165701],[77.568585,13.16603],[77.568361,13.166177],[77.568361,13.166323],[77.56825,13.166434],[77.568138,13.166471],[77.568101,13.166727],[77.567655,13.167057],[77.567655,13.16746],[77.567432,13.167607],[77.567432,13.16768],[77.567171,13.167864],[77.567171,13.168083],[77.566948,13.16823],[77.566948,13.168559],[77.567171,13.168705],[77.567171,13.169034],[77.567469,13.169252],[77.567767,13.169324]]]}},{"type":"Feature","properties":{"histId":"soi-57g12-1927-0076","sheet":"soi-57g12-1927","year":1927,"scale":63360,"areaM2":20699,"name":null,"confidence":"high","source":"soi-57g12-1927"},"geometry":{"type":"Polygon","coordinates":[[[77.576062,13.166441],[77.576099,13.166331],[77.576285,13.166184],[77.576285,13.165891],[77.576099,13.165599],[77.576136,13.164027],[77.576062,13.163991],[77.575727,13.164028],[77.57569,13.16454],[77.575467,13.164688],[77.57543,13.165858],[77.575206,13.166188],[77.575206,13.166334],[77.575467,13.166589],[77.575765,13.166588],[77.576062,13.166441]]]}},{"type":"Feature","properties":{"histId":"soi-57g12-1927-0077","sheet":"soi-57g12-1927","year":1927,"scale":63360,"areaM2":20478,"name":null,"confidence":"high","source":"soi-57g12-1927"},"geometry":{"type":"Polygon","coordinates":[[[77.627522,13.163884],[77.627223,13.163593],[77.627223,13.16352],[77.626925,13.163447],[77.626701,13.163302],[77.626402,13.163303],[77.626216,13.163523],[77.625843,13.163634],[77.625843,13.164219],[77.626589,13.164582],[77.627336,13.16458],[77.62741,13.164543],[77.62741,13.164397],[77.627634,13.16425],[77.627634,13.163921],[77.627522,13.163884]]]}},{"type":"Feature","properties":{"histId":"soi-57g12-1927-0078","sheet":"soi-57g12-1927","year":1927,"scale":63360,"areaM2":115555,"name":null,"confidence":"high","source":"soi-57g12-1927"},"geometry":{"type":"Polygon","coordinates":[[[77.536738,13.167254],[77.536849,13.167144],[77.537147,13.16707],[77.537221,13.166265],[77.537444,13.166118],[77.537444,13.165533],[77.537221,13.165388],[77.537221,13.164803],[77.537073,13.164694],[77.537073,13.164547],[77.537258,13.1644],[77.537258,13.164327],[77.53711,13.164218],[77.53711,13.163999],[77.537258,13.163888],[77.537296,13.163084],[77.537184,13.163048],[77.537073,13.162939],[77.537073,13.162865],[77.53685,13.16272],[77.53685,13.16261],[77.536627,13.162465],[77.535736,13.162103],[77.535514,13.162177],[77.535514,13.16247],[77.535291,13.162617],[77.535291,13.16269],[77.535179,13.1628],[77.535068,13.162837],[77.535068,13.16291],[77.535254,13.163056],[77.535254,13.163641],[77.535476,13.163786],[77.535476,13.164188],[77.535625,13.164297],[77.535588,13.1647],[77.535439,13.16481],[77.535439,13.165103],[77.535328,13.165213],[77.535216,13.16525],[77.535105,13.165396],[77.534734,13.165471],[77.534734,13.165617],[77.534511,13.165764],[77.534511,13.16624],[77.535253,13.166346],[77.535402,13.166492],[77.535402,13.166784],[77.535847,13.167075],[77.535847,13.167221],[77.536255,13.167439],[77.536664,13.167474],[77.536738,13.167437],[77.536738,13.167254]]]}},{"type":"Feature","properties":{"histId":"soi-57g12-1927-0079","sheet":"soi-57g12-1927","year":1927,"scale":63360,"areaM2":14641,"name":null,"confidence":"high","source":"soi-57g12-1927"},"geometry":{"type":"Polygon","coordinates":[[[77.542828,13.164158],[77.5432,13.16401],[77.543423,13.163863],[77.543423,13.16379],[77.543534,13.16368],[77.543645,13.163643],[77.543645,13.163204],[77.543423,13.163059],[77.543423,13.162985],[77.5432,13.162913],[77.542531,13.163135],[77.542308,13.163282],[77.542308,13.163941],[77.54268,13.164049],[77.542828,13.164158]]]}},{"type":"Feature","properties":{"histId":"soi-57g12-1927-0080","sheet":"soi-57g12-1927","year":1927,"scale":63360,"areaM2":6726,"name":null,"confidence":"medium","source":"soi-57g12-1927"},"geometry":{"type":"Polygon","coordinates":[[[77.563229,13.160895],[77.562895,13.160714],[77.562709,13.160934],[77.562597,13.160971],[77.562597,13.161483],[77.562783,13.161628],[77.562783,13.161774],[77.563155,13.161809],[77.563229,13.161773],[77.563229,13.160895]]]}},{"type":"Feature","properties":{"histId":"soi-57g12-1927-0081","sheet":"soi-57g12-1927","year":1927,"scale":63360,"areaM2":30892,"name":null,"confidence":"high","source":"soi-57g12-1927"},"geometry":{"type":"Polygon","coordinates":[[[77.612153,13.161741],[77.612601,13.161593],[77.612825,13.161446],[77.612824,13.161373],[77.612936,13.161262],[77.613085,13.161225],[77.613085,13.161043],[77.613309,13.160895],[77.613458,13.160676],[77.61357,13.160639],[77.61357,13.160565],[77.613905,13.160235],[77.614278,13.160234],[77.614465,13.16016],[77.614502,13.160014],[77.614726,13.159867],[77.614726,13.159757],[77.614576,13.159721],[77.614465,13.159612],[77.614465,13.159538],[77.614278,13.159502],[77.613793,13.15976],[77.613122,13.159835],[77.612712,13.159983],[77.612675,13.160349],[77.612451,13.160496],[77.612451,13.160569],[77.612228,13.160716],[77.612079,13.1609],[77.611967,13.160937],[77.611967,13.16101],[77.611855,13.16112],[77.611743,13.161157],[77.611743,13.161596],[77.612004,13.161741],[77.612153,13.161741]]]}},{"type":"Feature","properties":{"histId":"soi-57g12-1927-0082","sheet":"soi-57g12-1927","year":1927,"scale":63360,"areaM2":48054,"name":null,"confidence":"high","source":"soi-57g12-1927"},"geometry":{"type":"Polygon","coordinates":[[[77.522266,13.161539],[77.522562,13.161721],[77.522674,13.161866],[77.522896,13.161939],[77.523787,13.161789],[77.523787,13.161679],[77.524009,13.161532],[77.524046,13.160983],[77.523861,13.160838],[77.523898,13.160472],[77.524046,13.160362],[77.524047,13.15974],[77.523898,13.159631],[77.523898,13.159521],[77.52349,13.159487],[77.523416,13.159523],[77.523416,13.159633],[77.523305,13.159743],[77.523156,13.15978],[77.522785,13.160075],[77.522563,13.160112],[77.522266,13.16026],[77.522266,13.160369],[77.522043,13.160517],[77.522043,13.16059],[77.521932,13.1607],[77.521561,13.160811],[77.521524,13.16136],[77.521858,13.161504],[77.522266,13.161539]]]}},{"type":"Feature","properties":{"histId":"soi-57g12-1927-0083","sheet":"soi-57g12-1927","year":1927,"scale":63360,"areaM2":670509,"name":null,"confidence":"high","source":"soi-57g12-1927"},"geometry":{"type":"Polygon","coordinates":[[[77.568584,13.16241],[77.568956,13.162226],[77.569217,13.162225],[77.56944,13.162334],[77.569737,13.162332],[77.569961,13.162222],[77.570295,13.16233],[77.570705,13.162146],[77.570965,13.162108],[77.570965,13.161999],[77.571077,13.161889],[77.571188,13.161852],[77.571188,13.161778],[77.571039,13.161669],[77.571039,13.161523],[77.571151,13.161413],[77.571895,13.161044],[77.572006,13.160898],[77.572118,13.160861],[77.572341,13.161006],[77.572341,13.161152],[77.57249,13.161225],[77.572788,13.161224],[77.573011,13.161516],[77.573011,13.161662],[77.572788,13.161809],[77.572192,13.161701],[77.571895,13.161812],[77.571895,13.162251],[77.571969,13.162287],[77.572713,13.162321],[77.572788,13.162284],[77.572788,13.161955],[77.573011,13.161808],[77.573569,13.162025],[77.573718,13.161952],[77.573867,13.161988],[77.574201,13.162315],[77.575057,13.162422],[77.575504,13.162384],[77.575615,13.162237],[77.575727,13.1622],[77.575801,13.161834],[77.575727,13.161761],[77.575727,13.161396],[77.575541,13.16125],[77.575541,13.160445],[77.575429,13.160336],[77.575429,13.160153],[77.575578,13.160043],[77.575652,13.159677],[77.575801,13.159567],[77.575801,13.159165],[77.576024,13.159018],[77.576173,13.158834],[77.576508,13.158687],[77.576508,13.158613],[77.57662,13.158503],[77.576731,13.158466],[77.576768,13.1581],[77.576992,13.157953],[77.576992,13.15788],[77.577103,13.15777],[77.577438,13.157696],[77.577438,13.157111],[77.577326,13.157074],[77.577215,13.156965],[77.577215,13.156892],[77.577066,13.156856],[77.576917,13.15671],[77.576917,13.156564],[77.577215,13.156307],[77.577215,13.156234],[77.577438,13.156014],[77.577549,13.155977],[77.577847,13.156085],[77.577922,13.156048],[77.577922,13.155939],[77.578219,13.155718],[77.578777,13.155533],[77.578963,13.15535],[77.579298,13.155239],[77.579298,13.154909],[77.579001,13.154691],[77.578703,13.154692],[77.578517,13.154547],[77.578145,13.154475],[77.577586,13.154185],[77.57714,13.15404],[77.576433,13.154079],[77.576098,13.154227],[77.575763,13.154265],[77.575354,13.154449],[77.57528,13.154413],[77.57487,13.154487],[77.57461,13.154598],[77.573866,13.154528],[77.57301,13.154275],[77.571708,13.153695],[77.571411,13.153623],[77.571113,13.153441],[77.571039,13.153478],[77.570964,13.1541],[77.571076,13.154209],[77.571113,13.154502],[77.571002,13.154612],[77.570481,13.15476],[77.570444,13.155272],[77.57022,13.155419],[77.570258,13.156224],[77.570444,13.156369],[77.570407,13.157174],[77.570221,13.157321],[77.570109,13.157833],[77.56996,13.157944],[77.569923,13.158821],[77.5697,13.158968],[77.5697,13.159224],[77.569588,13.159371],[77.569588,13.1597],[77.56944,13.159811],[77.569365,13.16003],[77.569217,13.16014],[77.569217,13.160214],[77.568993,13.160361],[77.568993,13.160507],[77.56877,13.160691],[77.56877,13.160764],[77.568622,13.160911],[77.56851,13.160948],[77.56851,13.16124],[77.568287,13.161387],[77.56825,13.161643],[77.568027,13.161791],[77.568027,13.162376],[77.567803,13.162523],[77.567803,13.162596],[77.568398,13.16263],[77.568584,13.16241]]]}},{"type":"Feature","properties":{"histId":"soi-57g12-1927-0084","sheet":"soi-57g12-1927","year":1927,"scale":63360,"areaM2":14655,"name":null,"confidence":"high","source":"soi-57g12-1927"},"geometry":{"type":"Polygon","coordinates":[[[77.584733,13.157339],[77.584919,13.157192],[77.584956,13.156644],[77.584733,13.156498],[77.584733,13.156279],[77.584658,13.156243],[77.58436,13.156244],[77.5841,13.156391],[77.584063,13.157049],[77.583839,13.157233],[77.583839,13.157708],[77.5841,13.157854],[77.584696,13.157559],[77.584733,13.157339]]]}},{"type":"Feature","properties":{"histId":"soi-57g12-1927-0085","sheet":"soi-57g12-1927","year":1927,"scale":63360,"areaM2":19239,"name":null,"confidence":"high","source":"soi-57g12-1927"},"geometry":{"type":"Polygon","coordinates":[[[77.54346,13.157099],[77.54346,13.156733],[77.543349,13.156624],[77.543349,13.156441],[77.543163,13.156295],[77.543126,13.156076],[77.542903,13.156004],[77.542569,13.156005],[77.541789,13.156521],[77.541789,13.156996],[77.542086,13.157104],[77.542309,13.15703],[77.542829,13.157211],[77.543015,13.157393],[77.543386,13.157355],[77.543386,13.157172],[77.54346,13.157099]]]}},{"type":"Feature","properties":{"histId":"soi-57g12-1927-0086","sheet":"soi-57g12-1927","year":1927,"scale":63360,"areaM2":71097,"name":null,"confidence":"high","source":"soi-57g12-1927"},"geometry":{"type":"Polygon","coordinates":[[[77.599555,13.156079],[77.599629,13.155713],[77.599778,13.155603],[77.599778,13.155273],[77.599554,13.155128],[77.599554,13.155018],[77.599368,13.154873],[77.599368,13.154434],[77.599144,13.154288],[77.599181,13.152898],[77.599032,13.152862],[77.59892,13.152753],[77.59892,13.15268],[77.598734,13.152607],[77.598101,13.152646],[77.597766,13.152867],[77.597356,13.152941],[77.597356,13.153015],[77.597244,13.153125],[77.597132,13.153162],[77.597133,13.153747],[77.597468,13.153819],[77.59758,13.153928],[77.597542,13.154623],[77.597766,13.154769],[77.597803,13.154951],[77.598101,13.155023],[77.598213,13.155133],[77.598213,13.155937],[77.598437,13.156083],[77.598437,13.156375],[77.598735,13.156484],[77.598996,13.156483],[77.599219,13.156263],[77.599555,13.156079]]]}},{"type":"Feature","properties":{"histId":"soi-57g12-1927-0087","sheet":"soi-57g12-1927","year":1927,"scale":63360,"areaM2":423076,"name":null,"confidence":"high","source":"soi-57g12-1927"},"geometry":{"type":"Polygon","coordinates":[[[77.516889,13.15692],[77.516889,13.156737],[77.517148,13.15637],[77.517149,13.155273],[77.517223,13.1552],[77.517223,13.15509],[77.517408,13.154943],[77.517408,13.154834],[77.517631,13.154686],[77.517631,13.153882],[77.517446,13.153737],[77.517446,13.153627],[77.517297,13.153591],[77.517186,13.153482],[77.517186,13.153372],[77.516964,13.15319],[77.516964,13.153044],[77.517186,13.15286],[77.517223,13.152604],[77.517001,13.152422],[77.517001,13.152057],[77.516778,13.151912],[77.516778,13.151509],[77.516556,13.151364],[77.516556,13.151218],[77.516482,13.151182],[77.515963,13.151147],[77.515444,13.15093],[77.515147,13.151078],[77.51485,13.151116],[77.514628,13.151226],[77.514405,13.151154],[77.514294,13.151009],[77.513849,13.150828],[77.513479,13.150866],[77.51333,13.150794],[77.513034,13.150795],[77.512663,13.150614],[77.512366,13.150615],[77.512218,13.150543],[77.511847,13.150544],[77.511588,13.150619],[77.511551,13.151935],[77.511365,13.152082],[77.51155,13.152447],[77.51155,13.15369],[77.511291,13.15402],[77.51129,13.154788],[77.511068,13.154935],[77.511031,13.155447],[77.510808,13.155594],[77.510771,13.156143],[77.511068,13.156288],[77.511401,13.156286],[77.511772,13.156431],[77.512217,13.156429],[77.512439,13.156537],[77.512736,13.156463],[77.513218,13.156607],[77.5137,13.156897],[77.513922,13.15686],[77.514219,13.156932],[77.514404,13.157077],[77.514404,13.15726],[77.514701,13.157405],[77.514997,13.15744],[77.515368,13.157621],[77.515665,13.157547],[77.515887,13.157619],[77.516369,13.157361],[77.516518,13.157433],[77.516629,13.157396],[77.516666,13.157067],[77.516889,13.15692]]]}},{"type":"Feature","properties":{"histId":"soi-57g12-1927-0088","sheet":"soi-57g12-1927","year":1927,"scale":63360,"areaM2":31419,"name":null,"confidence":"high","source":"soi-57g12-1927"},"geometry":{"type":"Polygon","coordinates":[[[77.694509,13.150118],[77.694508,13.149826],[77.694583,13.149752],[77.694583,13.149642],[77.69477,13.149496],[77.694845,13.149093],[77.694995,13.148983],[77.694994,13.148654],[77.694882,13.148544],[77.694807,13.148178],[77.694657,13.148142],[77.694545,13.148033],[77.694544,13.147923],[77.694469,13.147886],[77.694132,13.147924],[77.694095,13.14829],[77.693796,13.148547],[77.693646,13.148584],[77.693646,13.14884],[77.693534,13.14895],[77.693384,13.148987],[77.693385,13.149792],[77.693535,13.149901],[77.69361,13.15023],[77.69391,13.150339],[77.694209,13.150339],[77.694509,13.150118]]]}},{"type":"Feature","properties":{"histId":"soi-57g12-1927-0089","sheet":"soi-57g12-1927","year":1927,"scale":63360,"areaM2":847212,"name":null,"confidence":"high","source":"soi-57g12-1927"},"geometry":{"type":"Polygon","coordinates":[[[77.742594,13.155203],[77.742744,13.155166],[77.742744,13.155092],[77.742856,13.154982],[77.743194,13.154799],[77.743194,13.154726],[77.743607,13.154395],[77.74372,13.154359],[77.744058,13.154504],[77.744283,13.154357],[77.744583,13.154284],[77.744583,13.154101],[77.744696,13.153991],[77.745034,13.15388],[77.745034,13.153807],[77.745146,13.153697],[77.745259,13.15366],[77.745259,13.15355],[77.745484,13.153403],[77.745521,13.153037],[77.745483,13.152891],[77.745408,13.152891],[77.745295,13.152782],[77.745295,13.152599],[77.745145,13.152562],[77.744807,13.152673],[77.744619,13.1526],[77.744394,13.152674],[77.744168,13.152528],[77.744168,13.152272],[77.743943,13.152126],[77.743942,13.151504],[77.744055,13.151394],[77.74443,13.151246],[77.744543,13.151283],[77.744731,13.151502],[77.744994,13.151465],[77.745182,13.151538],[77.74537,13.151757],[77.745632,13.151756],[77.745745,13.151866],[77.745746,13.152708],[77.746047,13.152707],[77.746347,13.152816],[77.746648,13.152706],[77.746647,13.152523],[77.746798,13.152376],[77.747098,13.152302],[77.747135,13.151717],[77.746909,13.151571],[77.746909,13.151132],[77.747059,13.150985],[77.747284,13.150984],[77.747548,13.151277],[77.748111,13.151276],[77.748562,13.151128],[77.748787,13.151128],[77.749012,13.151018],[77.74901,13.148858],[77.749084,13.147358],[77.749008,13.146809],[77.749042,13.143844],[77.749005,13.143625],[77.748817,13.143479],[77.748816,13.143332],[77.748929,13.143222],[77.748929,13.143149],[77.748816,13.14304],[77.748816,13.142857],[77.749041,13.142673],[77.749078,13.141831],[77.749002,13.140843],[77.749076,13.140367],[77.749038,13.140148],[77.748963,13.140112],[77.748625,13.140185],[77.74855,13.140259],[77.74855,13.140405],[77.748325,13.140589],[77.748325,13.140698],[77.748025,13.140882],[77.747837,13.141139],[77.7475,13.141286],[77.747387,13.141249],[77.747237,13.141359],[77.746974,13.141433],[77.746974,13.141689],[77.746824,13.141836],[77.746711,13.141873],[77.746373,13.141691],[77.746148,13.141691],[77.745585,13.141985],[77.744946,13.141986],[77.745134,13.142206],[77.745134,13.142352],[77.744872,13.142536],[77.744383,13.142244],[77.744383,13.142097],[77.744496,13.141987],[77.744683,13.14195],[77.744645,13.141475],[77.74442,13.141402],[77.744044,13.141439],[77.743669,13.14166],[77.74303,13.141624],[77.742505,13.141845],[77.74228,13.141736],[77.742054,13.141773],[77.741829,13.141664],[77.741604,13.141737],[77.740778,13.141702],[77.739727,13.142071],[77.739539,13.141998],[77.739276,13.141998],[77.739088,13.142218],[77.738938,13.142255],[77.738788,13.142439],[77.738488,13.142513],[77.738338,13.142696],[77.738,13.14277],[77.737662,13.142734],[77.737437,13.142991],[77.737175,13.143028],[77.736949,13.143138],[77.736724,13.143138],[77.736349,13.143359],[77.735974,13.143433],[77.735974,13.143543],[77.735861,13.143653],[77.735599,13.14369],[77.735261,13.14391],[77.735261,13.144166],[77.735562,13.144276],[77.735862,13.144202],[77.736012,13.144275],[77.736237,13.144274],[77.7365,13.14442],[77.736801,13.144419],[77.737289,13.144638],[77.737852,13.14449],[77.739053,13.144561],[77.739128,13.144524],[77.739128,13.144158],[77.73924,13.144048],[77.73924,13.143975],[77.739165,13.143902],[77.739165,13.143719],[77.739015,13.143609],[77.739015,13.143426],[77.739165,13.143316],[77.739165,13.143243],[77.739277,13.143133],[77.739465,13.143059],[77.73969,13.143132],[77.740028,13.143095],[77.740366,13.143204],[77.741004,13.143093],[77.741192,13.143129],[77.741417,13.143055],[77.74153,13.142945],[77.742281,13.142761],[77.742656,13.14254],[77.742881,13.142686],[77.742882,13.142796],[77.74322,13.142942],[77.743407,13.142905],[77.743746,13.14305],[77.744196,13.142866],[77.744421,13.142976],[77.744609,13.143158],[77.74461,13.14378],[77.74401,13.144221],[77.743333,13.143966],[77.743145,13.143783],[77.742695,13.143967],[77.742394,13.143858],[77.742132,13.144005],[77.741794,13.14386],[77.741568,13.143933],[77.741193,13.143897],[77.74078,13.143971],[77.740367,13.143789],[77.740104,13.143973],[77.739804,13.144047],[77.739804,13.144376],[77.739917,13.144412],[77.740067,13.144632],[77.74033,13.144851],[77.740706,13.144923],[77.740781,13.144886],[77.741156,13.145032],[77.741307,13.145032],[77.741569,13.144885],[77.74187,13.144921],[77.742057,13.144847],[77.74217,13.144883],[77.742283,13.14503],[77.742546,13.145102],[77.742846,13.144992],[77.743184,13.145137],[77.743522,13.145027],[77.743898,13.145063],[77.744311,13.145391],[77.744312,13.145867],[77.7445,13.146159],[77.744501,13.147587],[77.744652,13.147696],[77.744652,13.147843],[77.744464,13.147989],[77.744465,13.148465],[77.74439,13.148612],[77.74424,13.148722],[77.744203,13.14982],[77.743978,13.150003],[77.743978,13.15015],[77.743753,13.150296],[77.743754,13.151101],[77.743904,13.151211],[77.743904,13.151357],[77.743792,13.151467],[77.743491,13.151541],[77.743492,13.151871],[77.743379,13.151981],[77.743229,13.152017],[77.743154,13.152127],[77.743154,13.15242],[77.743042,13.15253],[77.742816,13.152604],[77.74278,13.153409],[77.742968,13.153555],[77.742968,13.153921],[77.742593,13.154214],[77.742368,13.154252],[77.742067,13.154399],[77.741955,13.154545],[77.741842,13.154582],[77.741767,13.154875],[77.741842,13.154948],[77.741843,13.155204],[77.741918,13.155241],[77.742368,13.15513],[77.742594,13.155203]]]}},{"type":"Feature","properties":{"histId":"soi-57g12-1927-0090","sheet":"soi-57g12-1927","year":1927,"scale":63360,"areaM2":37450,"name":null,"confidence":"high","source":"soi-57g12-1927"},"geometry":{"type":"Polygon","coordinates":[[[77.50577,13.147135],[77.505992,13.147281],[77.505992,13.1475],[77.506288,13.147608],[77.506474,13.147827],[77.507067,13.147824],[77.507326,13.147713],[77.507363,13.147457],[77.507586,13.14731],[77.507586,13.146908],[77.50766,13.146834],[77.507623,13.146578],[77.507845,13.146431],[77.507845,13.146321],[77.507734,13.146285],[77.507512,13.146031],[77.505881,13.146038],[77.505585,13.146222],[77.505585,13.14688],[77.50577,13.147026],[77.50577,13.147135]]]}},{"type":"Feature","properties":{"histId":"soi-57g12-1927-0091","sheet":"soi-57g12-1927","year":1927,"scale":63360,"areaM2":173898,"name":null,"confidence":"high","source":"soi-57g12-1927"},"geometry":{"type":"Polygon","coordinates":[[[77.718342,13.146327],[77.717929,13.145926],[77.717629,13.145817],[77.717516,13.145707],[77.717516,13.145524],[77.717328,13.145305],[77.717328,13.144756],[77.717403,13.144646],[77.717402,13.144427],[77.717852,13.14395],[77.717927,13.14373],[77.718227,13.143364],[77.718226,13.143217],[77.718376,13.143107],[77.718376,13.142997],[77.718601,13.14285],[77.718751,13.142887],[77.718901,13.142813],[77.719126,13.142812],[77.719201,13.142776],[77.719201,13.142666],[77.718901,13.14241],[77.718301,13.142339],[77.718075,13.142156],[77.718038,13.14201],[77.717813,13.141974],[77.717438,13.141792],[77.7171,13.141427],[77.716837,13.141427],[77.716687,13.141281],[77.716649,13.141062],[77.716199,13.14088],[77.716012,13.140734],[77.715787,13.140844],[77.715524,13.140699],[77.715262,13.140772],[77.715412,13.140918],[77.715412,13.141065],[77.71515,13.141248],[77.714887,13.141066],[77.714887,13.14092],[77.715037,13.140773],[77.715112,13.140773],[77.714924,13.140627],[77.714699,13.140884],[77.714587,13.14092],[77.714287,13.140811],[77.713912,13.140885],[77.71365,13.14074],[77.713462,13.14085],[77.713162,13.140924],[77.713012,13.140851],[77.712862,13.140888],[77.712863,13.141034],[77.712638,13.141218],[77.712638,13.141291],[77.713689,13.142533],[77.713951,13.142715],[77.714176,13.142751],[77.714364,13.142897],[77.714514,13.142933],[77.714664,13.143079],[77.715152,13.143334],[77.715264,13.143444],[77.715264,13.143517],[77.715527,13.143589],[77.715677,13.143736],[77.715677,13.143809],[77.715902,13.143845],[77.716165,13.144137],[77.716165,13.144247],[77.716315,13.144393],[77.716278,13.144649],[77.716503,13.145087],[77.716616,13.145197],[77.716691,13.145416],[77.716841,13.145526],[77.716879,13.145672],[77.717329,13.146074],[77.717854,13.146255],[77.718492,13.14662],[77.718567,13.146583],[77.718492,13.1464],[77.718342,13.146327]]]}},{"type":"Feature","properties":{"histId":"soi-57g12-1927-0092","sheet":"soi-57g12-1927","year":1927,"scale":63360,"areaM2":45388,"name":null,"confidence":"high","source":"soi-57g12-1927"},"geometry":{"type":"Polygon","coordinates":[[[77.616771,13.141791],[77.616696,13.141718],[77.616696,13.141535],[77.61677,13.141462],[77.61677,13.141316],[77.616584,13.14117],[77.616583,13.139707],[77.616248,13.139635],[77.616024,13.139489],[77.615838,13.139673],[77.615688,13.13971],[77.615689,13.139856],[77.615577,13.139966],[77.615204,13.140151],[77.615204,13.140224],[77.615092,13.140334],[77.61498,13.140371],[77.61498,13.140554],[77.614757,13.140701],[77.614757,13.14103],[77.614981,13.141175],[77.614981,13.141505],[77.615093,13.141541],[77.615204,13.14165],[77.615204,13.141723],[77.615428,13.141869],[77.615428,13.142015],[77.615764,13.142087],[77.615876,13.142233],[77.6161,13.142306],[77.616771,13.14212],[77.616771,13.141791]]]}},{"type":"Feature","properties":{"histId":"soi-57g12-1927-0093","sheet":"soi-57g12-1927","year":1927,"scale":63360,"areaM2":31511,"name":null,"confidence":"high","source":"soi-57g12-1927"},"geometry":{"type":"Polygon","coordinates":[[[77.560552,13.141013],[77.560366,13.140867],[77.560329,13.140502],[77.560217,13.140393],[77.560217,13.140246],[77.560143,13.140137],[77.559771,13.139956],[77.559362,13.140323],[77.559251,13.14036],[77.559214,13.140689],[77.558991,13.140836],[77.558916,13.141202],[77.558991,13.141275],[77.558991,13.141677],[77.559288,13.141896],[77.559511,13.141931],[77.559734,13.142113],[77.559957,13.142112],[77.560255,13.142257],[77.560552,13.142073],[77.560552,13.141013]]]}},{"type":"Feature","properties":{"histId":"soi-57g12-1927-0094","sheet":"soi-57g12-1927","year":1927,"scale":63360,"areaM2":773459,"name":null,"confidence":"high","source":"soi-57g12-1927"},"geometry":{"type":"Polygon","coordinates":[[[77.665463,13.141308],[77.665462,13.141161],[77.665313,13.140906],[77.665201,13.140869],[77.664901,13.140577],[77.664901,13.140285],[77.664789,13.140139],[77.664751,13.139736],[77.664564,13.139261],[77.664564,13.138822],[77.664489,13.138749],[77.664451,13.138201],[77.664526,13.138054],[77.664638,13.137395],[77.66475,13.137285],[77.66475,13.137102],[77.664637,13.137029],[77.664264,13.137213],[77.664151,13.137177],[77.663927,13.137361],[77.663778,13.137398],[77.663778,13.137544],[77.663628,13.137654],[77.663666,13.13791],[77.663554,13.13802],[77.663217,13.138021],[77.663068,13.138241],[77.662134,13.138793],[77.661722,13.138794],[77.660825,13.139089],[77.660676,13.139017],[77.660339,13.139054],[77.66004,13.138982],[77.659367,13.138984],[77.659218,13.138911],[77.658956,13.138985],[77.658844,13.138949],[77.658022,13.139281],[77.657648,13.139245],[77.657387,13.139392],[77.657349,13.139356],[77.657125,13.139466],[77.656901,13.139467],[77.656677,13.139321],[77.656676,13.139175],[77.656751,13.139102],[77.656751,13.138553],[77.656676,13.138517],[77.656078,13.138518],[77.655854,13.138592],[77.655742,13.138739],[77.655555,13.138776],[77.655256,13.138704],[77.655069,13.138485],[77.654733,13.138486],[77.654396,13.138304],[77.65406,13.138342],[77.653724,13.138233],[77.653163,13.138198],[77.65279,13.138053],[77.652677,13.137943],[77.652677,13.137834],[77.652453,13.137688],[77.652453,13.137578],[77.652229,13.137433],[77.652229,13.137213],[77.652004,13.137067],[77.652004,13.136848],[77.65178,13.136702],[77.65178,13.136373],[77.651668,13.136337],[77.651481,13.136118],[77.650958,13.136046],[77.650659,13.136194],[77.650659,13.13634],[77.650472,13.136487],[77.649501,13.13649],[77.648829,13.136821],[77.648829,13.136894],[77.648717,13.137004],[77.648605,13.137041],[77.648605,13.137151],[77.648381,13.137444],[77.648381,13.137518],[77.648269,13.137628],[77.648119,13.137665],[77.64812,13.138031],[77.647896,13.138178],[77.647858,13.138507],[77.647634,13.138654],[77.647635,13.13913],[77.647859,13.139275],[77.647859,13.139495],[77.648046,13.139641],[77.648046,13.140811],[77.648271,13.140957],[77.648271,13.141176],[77.648943,13.141357],[77.650512,13.141352],[77.650774,13.141534],[77.650998,13.141607],[77.652306,13.141603],[77.652679,13.141638],[77.652978,13.141747],[77.653501,13.14149],[77.653501,13.141233],[77.653613,13.141123],[77.654099,13.141122],[77.654062,13.140829],[77.654174,13.140719],[77.654174,13.140646],[77.654061,13.140537],[77.654061,13.140317],[77.654211,13.14017],[77.654659,13.140132],[77.654995,13.140241],[77.655257,13.140167],[77.655406,13.14024],[77.655668,13.140129],[77.655892,13.139946],[77.656228,13.139872],[77.65649,13.140054],[77.65649,13.140127],[77.656827,13.140199],[77.656939,13.140308],[77.656939,13.140711],[77.65679,13.140858],[77.656192,13.141116],[77.655668,13.140861],[77.655407,13.141191],[77.655295,13.141228],[77.655071,13.141192],[77.654809,13.140973],[77.654585,13.141194],[77.654435,13.141231],[77.654435,13.14134],[77.654921,13.141522],[77.655295,13.14174],[77.655482,13.141703],[77.655856,13.141848],[77.656005,13.141775],[77.656416,13.141956],[77.657314,13.142173],[77.657762,13.142391],[77.658248,13.142463],[77.658622,13.142755],[77.658958,13.142717],[77.65922,13.142826],[77.659444,13.142825],[77.659669,13.142751],[77.660117,13.142933],[77.661351,13.142929],[77.661986,13.142708],[77.662398,13.142743],[77.662734,13.142596],[77.66322,13.142595],[77.663706,13.1423],[77.663893,13.142337],[77.664229,13.142226],[77.664603,13.142261],[77.665014,13.14215],[77.665388,13.142186],[77.6655,13.142112],[77.665538,13.141929],[77.665687,13.141782],[77.665762,13.141782],[77.665687,13.141453],[77.665463,13.141308]]]}},{"type":"Feature","properties":{"histId":"soi-57g12-1927-0095","sheet":"soi-57g12-1927","year":1927,"scale":63360,"areaM2":568590,"name":null,"confidence":"high","source":"soi-57g12-1927"},"geometry":{"type":"Polygon","coordinates":[[[77.695775,13.141517],[77.695401,13.141591],[77.695176,13.141482],[77.694689,13.141483],[77.694352,13.141374],[77.694127,13.141374],[77.693191,13.140609],[77.692928,13.140463],[77.692291,13.139696],[77.692141,13.139257],[77.69214,13.137794],[77.692215,13.137501],[77.692139,13.136806],[77.691952,13.136697],[77.691765,13.13677],[77.691465,13.136698],[77.691203,13.136772],[77.690941,13.136699],[77.690379,13.136664],[77.690267,13.136738],[77.690267,13.137104],[77.690005,13.137287],[77.689705,13.137105],[77.689369,13.137216],[77.688994,13.137144],[77.68862,13.137218],[77.688395,13.137072],[77.688395,13.136633],[77.68832,13.136597],[77.687122,13.136563],[77.686822,13.13671],[77.686823,13.13715],[77.687085,13.137222],[77.687235,13.137368],[77.687235,13.137551],[77.68731,13.137587],[77.687646,13.137257],[77.688245,13.137255],[77.68847,13.137474],[77.688396,13.137914],[77.688283,13.138024],[77.687984,13.138061],[77.687684,13.137879],[77.68746,13.137953],[77.68731,13.13788],[77.687235,13.137917],[77.687235,13.138027],[77.68746,13.138172],[77.68746,13.138319],[77.687273,13.138502],[77.686974,13.138503],[77.686824,13.138357],[77.686824,13.138247],[77.686524,13.138175],[77.686337,13.138322],[77.686337,13.138468],[77.686075,13.138652],[77.68585,13.138506],[77.68585,13.138213],[77.685438,13.137922],[77.685438,13.137739],[77.685588,13.137592],[77.685962,13.137518],[77.685962,13.137408],[77.686112,13.137298],[77.686111,13.136969],[77.685962,13.136859],[77.685887,13.136713],[77.685886,13.136274],[77.685175,13.135873],[77.685025,13.135727],[77.685025,13.135618],[77.6848,13.135472],[77.6848,13.135399],[77.684501,13.135253],[77.684126,13.135181],[77.683976,13.135218],[77.683677,13.135109],[77.683191,13.135293],[77.682143,13.135296],[77.681769,13.13548],[77.681469,13.135408],[77.680796,13.135666],[77.680496,13.135667],[77.680272,13.135741],[77.680272,13.13607],[77.680497,13.136252],[77.680497,13.136325],[77.681133,13.13658],[77.681358,13.136543],[77.681882,13.136687],[77.682031,13.136833],[77.682406,13.136942],[77.68293,13.137307],[77.68323,13.137415],[77.683379,13.137561],[77.683716,13.137707],[77.684128,13.137816],[77.68439,13.137815],[77.684765,13.13796],[77.685027,13.137959],[77.685139,13.138069],[77.685139,13.138179],[77.685289,13.138215],[77.685401,13.138324],[77.685401,13.138763],[77.685626,13.138836],[77.686,13.138689],[77.68615,13.138725],[77.6863,13.138871],[77.6863,13.139127],[77.686413,13.139236],[77.686488,13.139565],[77.687125,13.140405],[77.687387,13.140661],[77.687687,13.141209],[77.687912,13.141464],[77.687912,13.141611],[77.688174,13.142012],[77.688586,13.142414],[77.689335,13.142704],[77.689485,13.142814],[77.689822,13.142886],[77.690122,13.143032],[77.690309,13.143214],[77.690609,13.143323],[77.691096,13.143761],[77.691208,13.14398],[77.691358,13.144053],[77.691396,13.144016],[77.691695,13.144125],[77.69192,13.144015],[77.691995,13.144051],[77.692669,13.143683],[77.69323,13.143536],[77.69338,13.143316],[77.693605,13.143242],[77.693941,13.142912],[77.693978,13.142509],[77.694091,13.142399],[77.694278,13.142399],[77.69484,13.142141],[77.695027,13.142141],[77.695177,13.14203],[77.695439,13.141956],[77.69585,13.141663],[77.69585,13.141553],[77.695775,13.141517]]]}},{"type":"Feature","properties":{"histId":"soi-57g12-1927-0096","sheet":"soi-57g12-1927","year":1927,"scale":63360,"areaM2":35693,"name":null,"confidence":"high","source":"soi-57g12-1927"},"geometry":{"type":"Polygon","coordinates":[[[77.569438,13.141124],[77.569661,13.140977],[77.569661,13.140904],[77.569438,13.140758],[77.569475,13.139441],[77.56914,13.139333],[77.569029,13.139187],[77.568917,13.139151],[77.568731,13.139335],[77.568099,13.139666],[77.568099,13.139739],[77.567876,13.139923],[77.567876,13.139996],[77.567653,13.14018],[77.567653,13.140692],[77.567876,13.140837],[77.567876,13.140947],[77.568174,13.141092],[77.568397,13.141091],[77.568806,13.141236],[77.569066,13.141418],[77.569364,13.141417],[77.569438,13.14138],[77.569438,13.141124]]]}},{"type":"Feature","properties":{"histId":"soi-57g12-1927-0097","sheet":"soi-57g12-1927","year":1927,"scale":63360,"areaM2":247476,"name":null,"confidence":"high","source":"soi-57g12-1927"},"geometry":{"type":"Polygon","coordinates":[[[77.709563,13.140347],[77.709788,13.14042],[77.709938,13.140529],[77.710163,13.140565],[77.710313,13.140711],[77.710838,13.141003],[77.711213,13.141038],[77.711663,13.140928],[77.711662,13.140305],[77.711775,13.140195],[77.711925,13.140158],[77.712074,13.139975],[77.712524,13.139864],[77.712824,13.139973],[77.713311,13.139826],[77.713536,13.139898],[77.713911,13.139861],[77.714061,13.139934],[77.714586,13.139859],[77.714886,13.139968],[77.715111,13.139895],[77.71511,13.139272],[77.714698,13.138871],[77.714698,13.138725],[77.714472,13.138542],[77.714472,13.138286],[77.714247,13.13814],[77.714247,13.137957],[77.713909,13.137812],[77.713797,13.137702],[77.713797,13.137629],[77.713422,13.13752],[77.713122,13.137301],[77.713121,13.136935],[77.712896,13.136789],[77.712896,13.13668],[77.712596,13.136607],[77.712446,13.136425],[77.712221,13.136352],[77.711734,13.136463],[77.711546,13.13639],[77.711134,13.136428],[77.710947,13.136355],[77.710384,13.13654],[77.710272,13.136686],[77.709748,13.136907],[77.70956,13.137164],[77.709335,13.137201],[77.709148,13.137348],[77.708773,13.137495],[77.708774,13.137678],[77.708549,13.137825],[77.708549,13.137935],[77.708437,13.138045],[77.708324,13.138082],[77.708287,13.138484],[77.708212,13.138558],[77.708288,13.139399],[77.708513,13.139545],[77.708513,13.139655],[77.708738,13.139874],[77.708738,13.14002],[77.708963,13.140166],[77.708963,13.140239],[77.709263,13.140348],[77.709563,13.140347]]]}},{"type":"Feature","properties":{"histId":"soi-57g12-1927-0098","sheet":"soi-57g12-1927","year":1927,"scale":63360,"areaM2":19593,"name":null,"confidence":"high","source":"soi-57g12-1927"},"geometry":{"type":"Polygon","coordinates":[[[77.545429,13.140709],[77.545429,13.14038],[77.545355,13.140307],[77.545355,13.139869],[77.545244,13.139832],[77.545132,13.139723],[77.545132,13.13965],[77.545021,13.139614],[77.54491,13.139468],[77.54465,13.13936],[77.544464,13.139141],[77.544352,13.139105],[77.544055,13.139216],[77.544018,13.139874],[77.544241,13.140019],[77.544241,13.140202],[77.544464,13.140348],[77.544464,13.14053],[77.544687,13.140676],[77.544687,13.140895],[77.545058,13.14093],[77.545207,13.141003],[77.545355,13.140966],[77.545355,13.140783],[77.545429,13.140709]]]}},{"type":"Feature","properties":{"histId":"soi-57g12-1927-0099","sheet":"soi-57g12-1927","year":1927,"scale":63360,"areaM2":85602,"name":null,"confidence":"high","source":"soi-57g12-1927"},"geometry":{"type":"Polygon","coordinates":[[[77.626468,13.140478],[77.626655,13.140514],[77.626916,13.14044],[77.627102,13.140476],[77.627774,13.140328],[77.627774,13.140254],[77.627886,13.140144],[77.628035,13.140107],[77.628035,13.139997],[77.628147,13.139887],[77.628259,13.13985],[77.628258,13.139265],[77.628109,13.139156],[77.628109,13.13901],[77.628034,13.138937],[77.628072,13.138498],[77.628295,13.13835],[77.628295,13.138021],[77.628519,13.137874],[77.628519,13.137325],[77.62837,13.137216],[77.628369,13.13707],[77.628183,13.137034],[77.628108,13.137071],[77.628108,13.13718],[77.627996,13.137291],[77.627773,13.137365],[77.627474,13.137366],[77.62725,13.137586],[77.627027,13.137623],[77.626728,13.137807],[77.626728,13.13788],[77.626616,13.13799],[77.626467,13.138027],[77.626131,13.138431],[77.626019,13.138468],[77.62602,13.138541],[77.625908,13.138651],[77.625572,13.138762],[77.625572,13.138872],[77.625348,13.139019],[77.625348,13.139128],[77.625236,13.139239],[77.625087,13.139276],[77.625087,13.139568],[77.625386,13.13964],[77.625498,13.13975],[77.625535,13.140079],[77.625759,13.140224],[77.625759,13.140371],[77.626207,13.140552],[77.626468,13.140478]]]}},{"type":"Feature","properties":{"histId":"soi-57g12-1927-0100","sheet":"soi-57g12-1927","year":1927,"scale":63360,"areaM2":380871,"name":null,"confidence":"high","source":"soi-57g12-1927"},"geometry":{"type":"Polygon","coordinates":[[[77.576581,13.143546],[77.576767,13.143363],[77.577101,13.143252],[77.577139,13.142886],[77.577362,13.142739],[77.577362,13.142337],[77.577585,13.142189],[77.577585,13.141933],[77.577696,13.141823],[77.577845,13.141786],[77.577845,13.141676],[77.578069,13.141529],[77.578069,13.14131],[77.578292,13.141163],[77.578292,13.141053],[77.578403,13.140943],[77.578552,13.140906],[77.578887,13.140502],[77.578999,13.140465],[77.578999,13.140282],[77.579557,13.139878],[77.580152,13.139729],[77.580487,13.139435],[77.580859,13.139361],[77.580859,13.138959],[77.58071,13.138923],[77.580487,13.138997],[77.580301,13.138924],[77.580189,13.138815],[77.580189,13.138705],[77.579966,13.13856],[77.579966,13.138377],[77.579742,13.138231],[77.579742,13.138122],[77.579445,13.137903],[77.579221,13.137904],[77.578924,13.137796],[77.578775,13.13765],[77.578775,13.137504],[77.578849,13.13743],[77.578886,13.136113],[77.57911,13.135966],[77.579109,13.135418],[77.579333,13.13527],[77.57937,13.135051],[77.57937,13.13421],[77.579221,13.134101],[77.579221,13.133918],[77.579072,13.133809],[77.5787,13.133956],[77.5787,13.134066],[77.578477,13.134213],[77.578477,13.134286],[77.57803,13.134617],[77.577993,13.134764],[77.57777,13.134947],[77.57777,13.13502],[77.577658,13.135131],[77.577547,13.135168],[77.577547,13.135277],[77.577323,13.135425],[77.577323,13.135534],[77.577212,13.135644],[77.576617,13.135939],[77.576617,13.136049],[77.576207,13.136343],[77.576021,13.1366],[77.575761,13.136674],[77.575463,13.136858],[77.575464,13.137004],[77.57524,13.137151],[77.57524,13.137261],[77.575129,13.137371],[77.575017,13.137408],[77.57498,13.137701],[77.574757,13.137848],[77.574757,13.138397],[77.574534,13.138544],[77.574497,13.139349],[77.574645,13.139458],[77.574645,13.139933],[77.574497,13.140044],[77.574459,13.140263],[77.57446,13.141068],[77.574646,13.141213],[77.574683,13.141359],[77.574906,13.141505],[77.574906,13.14209],[77.575092,13.142236],[77.575092,13.142821],[77.575315,13.142966],[77.575316,13.143076],[77.575539,13.143221],[77.575539,13.143294],[77.575874,13.143439],[77.57606,13.143622],[77.576208,13.143658],[77.576581,13.143546]]]}},{"type":"Feature","properties":{"histId":"soi-57g12-1927-0101","sheet":"soi-57g12-1927","year":1927,"scale":63360,"areaM2":472008,"name":null,"confidence":"high","source":"soi-57g12-1927"},"geometry":{"type":"Polygon","coordinates":[[[77.504771,13.141692],[77.504771,13.141583],[77.504993,13.141436],[77.50503,13.140009],[77.505068,13.139863],[77.505253,13.139716],[77.50529,13.139606],[77.50529,13.139204],[77.505512,13.139057],[77.505512,13.138874],[77.505327,13.138728],[77.505327,13.138473],[77.50555,13.138325],[77.505587,13.136278],[77.50581,13.136057],[77.505847,13.135545],[77.506069,13.135398],[77.506106,13.13474],[77.506329,13.134592],[77.506329,13.134373],[77.506551,13.134226],[77.506588,13.1328],[77.506366,13.132654],[77.506366,13.132435],[77.506144,13.13229],[77.506144,13.132217],[77.505699,13.131926],[77.505699,13.131707],[77.505181,13.131453],[77.50481,13.131601],[77.50481,13.131711],[77.504588,13.131858],[77.504588,13.132187],[77.504365,13.132335],[77.504365,13.132408],[77.504217,13.132555],[77.503995,13.132629],[77.503921,13.132812],[77.503772,13.132959],[77.502883,13.133585],[77.50255,13.133586],[77.502327,13.133514],[77.501846,13.133224],[77.501253,13.132678],[77.501105,13.132679],[77.501142,13.133044],[77.501364,13.133519],[77.501364,13.133665],[77.501586,13.133993],[77.501623,13.134212],[77.501734,13.134321],[77.501734,13.134541],[77.501845,13.134942],[77.502105,13.135124],[77.502105,13.13527],[77.501993,13.13538],[77.501993,13.136331],[77.501845,13.136917],[77.501585,13.137283],[77.501585,13.137393],[77.501141,13.137907],[77.501141,13.13809],[77.501029,13.1382],[77.500548,13.138202],[77.50014,13.138277],[77.499844,13.138169],[77.499622,13.138243],[77.499436,13.13839],[77.499177,13.138465],[77.499177,13.13905],[77.499473,13.139231],[77.499733,13.139303],[77.499844,13.139412],[77.499844,13.139485],[77.500399,13.139775],[77.500733,13.140066],[77.50114,13.140174],[77.501733,13.140427],[77.501844,13.140536],[77.501844,13.140646],[77.502177,13.140754],[77.502325,13.140936],[77.502659,13.141081],[77.50277,13.14119],[77.50277,13.141263],[77.502918,13.141299],[77.503289,13.141553],[77.503585,13.141625],[77.504104,13.141878],[77.504474,13.14184],[77.504771,13.141692]]]}},{"type":"Feature","properties":{"histId":"soi-57g12-1927-0102","sheet":"soi-57g12-1927","year":1927,"scale":63360,"areaM2":47896,"name":null,"confidence":"high","source":"soi-57g12-1927"},"geometry":{"type":"Polygon","coordinates":[[[77.538003,13.13489],[77.538003,13.134597],[77.537781,13.134452],[77.537781,13.134233],[77.537558,13.134087],[77.537558,13.133978],[77.537335,13.133832],[77.537335,13.133723],[77.537113,13.133577],[77.537113,13.133468],[77.536741,13.133396],[77.536296,13.133544],[77.53611,13.133765],[77.535999,13.133802],[77.535999,13.133875],[77.53585,13.134022],[77.535628,13.134059],[77.535368,13.134207],[77.534848,13.134136],[77.534663,13.13421],[77.534663,13.134685],[77.534922,13.134794],[77.535294,13.134865],[77.535665,13.134827],[77.535813,13.134899],[77.536147,13.134898],[77.53663,13.135006],[77.536741,13.134969],[77.536927,13.135041],[77.537075,13.135186],[77.537075,13.13526],[77.537409,13.135441],[77.537632,13.135659],[77.537892,13.135658],[77.538078,13.135438],[77.538189,13.135401],[77.538226,13.135072],[77.538003,13.13489]]]}},{"type":"Feature","properties":{"histId":"soi-57g12-1927-0103","sheet":"soi-57g12-1927","year":1927,"scale":63360,"areaM2":104966,"name":null,"confidence":"high","source":"soi-57g12-1927"},"geometry":{"type":"Polygon","coordinates":[[[77.743093,13.129986],[77.743093,13.129583],[77.742905,13.129437],[77.742867,13.128998],[77.742566,13.128889],[77.742454,13.12878],[77.742454,13.128633],[77.742378,13.128597],[77.741815,13.128598],[77.741552,13.128525],[77.741252,13.128599],[77.740952,13.128563],[77.740726,13.128637],[77.740576,13.128564],[77.740051,13.128565],[77.739487,13.128347],[77.738886,13.128348],[77.738661,13.128422],[77.738286,13.12824],[77.737985,13.12824],[77.737835,13.128131],[77.737685,13.128168],[77.737685,13.128241],[77.737573,13.128351],[77.73746,13.128388],[77.73746,13.128644],[77.737686,13.12879],[77.737686,13.1289],[77.737986,13.128972],[77.738212,13.129228],[77.738887,13.129263],[77.739038,13.129409],[77.739038,13.129629],[77.739263,13.129775],[77.739263,13.129885],[77.739564,13.129957],[77.739714,13.13014],[77.740203,13.130431],[77.740541,13.130467],[77.740804,13.130577],[77.741104,13.130539],[77.741329,13.130649],[77.741705,13.130648],[77.741968,13.13072],[77.742118,13.13072],[77.742381,13.130573],[77.742681,13.130755],[77.742869,13.130718],[77.742869,13.130609],[77.742981,13.130499],[77.743319,13.130315],[77.743319,13.130132],[77.743093,13.129986]]]}},{"type":"Feature","properties":{"histId":"soi-57g12-1927-0104","sheet":"soi-57g12-1927","year":1927,"scale":63360,"areaM2":147913,"name":null,"confidence":"high","source":"soi-57g12-1927"},"geometry":{"type":"Polygon","coordinates":[[[77.520082,13.133213],[77.520416,13.132919],[77.520676,13.132845],[77.520898,13.13299],[77.520898,13.133173],[77.520972,13.133209],[77.521343,13.133171],[77.521306,13.132477],[77.52138,13.13233],[77.521529,13.132183],[77.521974,13.131998],[77.522196,13.132144],[77.522271,13.132326],[77.522345,13.132362],[77.522716,13.132288],[77.522716,13.132178],[77.522938,13.132031],[77.522938,13.131884],[77.523161,13.131737],[77.523198,13.131335],[77.52342,13.131187],[77.523495,13.130858],[77.523643,13.130748],[77.523643,13.130528],[77.523754,13.130418],[77.523903,13.130381],[77.523903,13.130052],[77.524125,13.129904],[77.524125,13.129319],[77.52394,13.129174],[77.52394,13.129101],[77.523717,13.128956],[77.523718,13.128846],[77.523421,13.128847],[77.523198,13.128739],[77.522902,13.12874],[77.522716,13.128887],[77.522123,13.129109],[77.522011,13.129256],[77.5219,13.129293],[77.5219,13.129768],[77.521677,13.129915],[77.521307,13.129771],[77.520973,13.129919],[77.520899,13.129882],[77.520491,13.13003],[77.520009,13.130106],[77.519823,13.13007],[77.519415,13.130182],[77.51923,13.130146],[77.518636,13.130295],[77.518636,13.130368],[77.518785,13.130477],[77.519007,13.130549],[77.51923,13.130731],[77.519452,13.13073],[77.519638,13.130912],[77.5196,13.131168],[77.519712,13.131277],[77.519786,13.131569],[77.519897,13.131715],[77.519934,13.13219],[77.51986,13.132593],[77.519749,13.132776],[77.519786,13.133032],[77.5196,13.133179],[77.5196,13.133289],[77.519711,13.133325],[77.520082,13.133213]]]}},{"type":"Feature","properties":{"histId":"soi-57g12-1927-0105","sheet":"soi-57g12-1927","year":1927,"scale":63360,"areaM2":26173,"name":null,"confidence":"high","source":"soi-57g12-1927"},"geometry":{"type":"Polygon","coordinates":[[[77.52828,13.130617],[77.529505,13.130575],[77.529653,13.130465],[77.530024,13.130354],[77.530024,13.129805],[77.529913,13.129769],[77.529802,13.129623],[77.529245,13.129406],[77.52906,13.129188],[77.528763,13.129335],[77.528577,13.129263],[77.528392,13.129483],[77.528169,13.129557],[77.528021,13.129778],[77.528021,13.130216],[77.527946,13.13029],[77.527946,13.130399],[77.528095,13.130435],[77.52828,13.130617]]]}},{"type":"Feature","properties":{"histId":"soi-57g12-1927-0106","sheet":"soi-57g12-1927","year":1927,"scale":63360,"areaM2":8893,"name":null,"confidence":"medium","source":"soi-57g12-1927"},"geometry":{"type":"Polygon","coordinates":[[[77.524015,13.125188],[77.524163,13.125041],[77.524274,13.125004],[77.524274,13.124455],[77.523978,13.124274],[77.523384,13.124533],[77.523384,13.125118],[77.523681,13.125372],[77.524015,13.125261],[77.524015,13.125188]]]}},{"type":"Feature","properties":{"histId":"soi-57g12-1927-0107","sheet":"soi-57g12-1927","year":1927,"scale":63360,"areaM2":53675,"name":null,"confidence":"high","source":"soi-57g12-1927"},"geometry":{"type":"Polygon","coordinates":[[[77.652781,13.123821],[77.652781,13.123455],[77.652594,13.123309],[77.652594,13.122724],[77.65237,13.122578],[77.65237,13.122249],[77.651846,13.121921],[77.651473,13.121959],[77.651473,13.122069],[77.651249,13.122216],[77.651249,13.122289],[77.651137,13.122399],[77.650801,13.12251],[77.650763,13.122693],[77.650539,13.122877],[77.650539,13.12306],[77.650315,13.123207],[77.650316,13.123426],[77.650091,13.12361],[77.650054,13.124012],[77.650353,13.124194],[77.650652,13.124084],[77.650727,13.12412],[77.650988,13.124046],[77.651661,13.124044],[77.651773,13.12408],[77.65196,13.124299],[77.652782,13.124333],[77.653006,13.124259],[77.653006,13.123967],[77.652781,13.123821]]]}},{"type":"Feature","properties":{"histId":"soi-57g12-1927-0108","sheet":"soi-57g12-1927","year":1927,"scale":63360,"areaM2":35975,"name":null,"confidence":"high","source":"soi-57g12-1927"},"geometry":{"type":"Polygon","coordinates":[[[77.588076,13.122509],[77.588114,13.122106],[77.5883,13.121959],[77.588337,13.120935],[77.588597,13.120605],[77.588597,13.12002],[77.58815,13.119765],[77.587778,13.11973],[77.587257,13.120025],[77.58722,13.122037],[77.587406,13.122182],[77.587406,13.122475],[77.587518,13.122584],[77.587853,13.122583],[77.588076,13.122509]]]}},{"type":"Feature","properties":{"histId":"soi-57g12-1927-0109","sheet":"soi-57g12-1927","year":1927,"scale":63360,"areaM2":59008,"name":null,"confidence":"high","source":"soi-57g12-1927"},"geometry":{"type":"Polygon","coordinates":[[[77.664103,13.119688],[77.664776,13.119723],[77.665187,13.119465],[77.665224,13.119136],[77.665,13.11899],[77.665,13.118807],[77.665074,13.118661],[77.664999,13.118588],[77.664999,13.118039],[77.664812,13.117893],[77.664812,13.117418],[77.664587,13.117199],[77.664587,13.116906],[77.664512,13.11687],[77.664176,13.116871],[77.663951,13.116798],[77.66369,13.116909],[77.66369,13.117238],[77.663466,13.117385],[77.663429,13.117897],[77.663205,13.118044],[77.663168,13.11863],[77.663093,13.118703],[77.663093,13.118813],[77.662944,13.11896],[77.662944,13.119728],[77.663243,13.119874],[77.663505,13.119946],[77.664103,13.119688]]]}},{"type":"Feature","properties":{"histId":"soi-57g12-1927-0110","sheet":"soi-57g12-1927","year":1927,"scale":63360,"areaM2":245786,"name":null,"confidence":"high","source":"soi-57g12-1927"},"geometry":{"type":"Polygon","coordinates":[[[77.548884,13.118351],[77.549106,13.118496],[77.549441,13.118604],[77.549626,13.11875],[77.550072,13.118529],[77.550332,13.118637],[77.550444,13.118746],[77.550444,13.118856],[77.550592,13.118892],[77.550704,13.119001],[77.550704,13.119111],[77.550889,13.119257],[77.550889,13.11933],[77.551112,13.119548],[77.55141,13.119693],[77.551558,13.119839],[77.551558,13.119912],[77.552078,13.120239],[77.552413,13.120274],[77.552561,13.120347],[77.553379,13.120234],[77.553527,13.120087],[77.553824,13.119976],[77.553936,13.119866],[77.554753,13.119496],[77.554753,13.119423],[77.554865,13.119313],[77.555199,13.119165],[77.555199,13.119092],[77.555348,13.118945],[77.555682,13.118944],[77.555905,13.11887],[77.556128,13.118723],[77.556128,13.118613],[77.556239,13.118503],[77.556351,13.118466],[77.556351,13.118137],[77.556128,13.117991],[77.556128,13.117625],[77.555942,13.11748],[77.555942,13.117078],[77.555719,13.116932],[77.555719,13.116091],[77.555496,13.115946],[77.555496,13.115653],[77.555422,13.115617],[77.555125,13.115618],[77.55453,13.115986],[77.554233,13.116061],[77.553861,13.116282],[77.553378,13.11643],[77.552598,13.116543],[77.552375,13.11669],[77.551929,13.116838],[77.551855,13.116802],[77.551558,13.116913],[77.551261,13.116768],[77.550889,13.116989],[77.550555,13.117027],[77.550332,13.117138],[77.549886,13.116957],[77.549664,13.117141],[77.549366,13.117215],[77.549366,13.117325],[77.549255,13.117435],[77.548884,13.117546],[77.548884,13.117656],[77.548661,13.117803],[77.548661,13.117876],[77.548884,13.118022],[77.548884,13.118351]]]}},{"type":"Feature","properties":{"histId":"soi-57g12-1927-0111","sheet":"soi-57g12-1927","year":1927,"scale":63360,"areaM2":22308,"name":null,"confidence":"high","source":"soi-57g12-1927"},"geometry":{"type":"Polygon","coordinates":[[[77.502479,13.118559],[77.50285,13.118448],[77.50285,13.118301],[77.502961,13.118191],[77.503109,13.118154],[77.503109,13.117642],[77.502739,13.117534],[77.502627,13.117425],[77.502331,13.117317],[77.501775,13.117356],[77.501516,13.11754],[77.501516,13.1186],[77.502071,13.11889],[77.502479,13.118559]]]}},{"type":"Feature","properties":{"histId":"soi-57g12-1927-0112","sheet":"soi-57g12-1927","year":1927,"scale":63360,"areaM2":32658,"name":null,"confidence":"high","source":"soi-57g12-1927"},"geometry":{"type":"Polygon","coordinates":[[[77.615792,13.117066],[77.616165,13.117138],[77.616351,13.117357],[77.616873,13.117355],[77.617022,13.117245],[77.617321,13.117207],[77.617656,13.117023],[77.618104,13.116985],[77.618215,13.116838],[77.618327,13.116801],[77.618327,13.116655],[77.618551,13.116508],[77.618551,13.116435],[77.618327,13.116289],[77.618327,13.116179],[77.618103,13.116034],[77.618103,13.115961],[77.61773,13.115925],[77.617507,13.116109],[77.617134,13.11622],[77.616276,13.116187],[77.615605,13.116372],[77.615605,13.116847],[77.615792,13.116993],[77.615792,13.117066]]]}},{"type":"Feature","properties":{"histId":"soi-57g12-1927-0113","sheet":"soi-57g12-1927","year":1927,"scale":63360,"areaM2":25515,"name":null,"confidence":"high","source":"soi-57g12-1927"},"geometry":{"type":"Polygon","coordinates":[[[77.725739,13.115093],[77.726601,13.115091],[77.727089,13.114797],[77.727126,13.114724],[77.727088,13.114138],[77.7269,13.113992],[77.7269,13.113846],[77.7263,13.113591],[77.726112,13.113811],[77.72585,13.113958],[77.72555,13.114032],[77.725438,13.114179],[77.725325,13.114216],[77.725288,13.114545],[77.725063,13.114692],[77.725063,13.114765],[77.725363,13.114984],[77.725739,13.115093]]]}},{"type":"Feature","properties":{"histId":"soi-57g12-1927-0114","sheet":"soi-57g12-1927","year":1927,"scale":63360,"areaM2":35313,"name":null,"confidence":"high","source":"soi-57g12-1927"},"geometry":{"type":"Polygon","coordinates":[[[77.627539,13.114757],[77.627613,13.114794],[77.628136,13.114792],[77.628434,13.114681],[77.628621,13.114497],[77.62918,13.114276],[77.629441,13.114348],[77.629814,13.11431],[77.629814,13.114018],[77.629889,13.113871],[77.629814,13.113798],[77.629814,13.113652],[77.629404,13.11358],[77.62918,13.113691],[77.628844,13.113582],[77.628695,13.1134],[77.628471,13.113254],[77.628471,13.113144],[77.628247,13.112999],[77.628247,13.112743],[77.627874,13.112707],[77.627799,13.112744],[77.627799,13.112854],[77.627687,13.112964],[77.627575,13.113001],[77.627538,13.114099],[77.627315,13.114246],[77.627315,13.114502],[77.627539,13.114647],[77.627539,13.114757]]]}},{"type":"Feature","properties":{"histId":"soi-57g12-1927-0115","sheet":"soi-57g12-1927","year":1927,"scale":63360,"areaM2":12871,"name":null,"confidence":"high","source":"soi-57g12-1927"},"geometry":{"type":"Polygon","coordinates":[[[77.528653,13.114965],[77.528838,13.115],[77.529061,13.114926],[77.529061,13.114853],[77.528912,13.114744],[77.528912,13.114634],[77.528838,13.114562],[77.528838,13.114159],[77.528541,13.113941],[77.52817,13.11398],[77.52817,13.114053],[77.528059,13.114163],[77.527948,13.1142],[77.527948,13.11431],[77.527725,13.114457],[77.527688,13.115006],[77.528504,13.115039],[77.528653,13.114965]]]}},{"type":"Feature","properties":{"histId":"soi-57g12-1927-0116","sheet":"soi-57g12-1927","year":1927,"scale":63360,"areaM2":957857,"name":null,"confidence":"high","source":"soi-57g12-1927"},"geometry":{"type":"Polygon","coordinates":[[[77.589676,13.119101],[77.5899,13.118881],[77.590011,13.118844],[77.590011,13.118734],[77.590346,13.11844],[77.590681,13.118292],[77.59083,13.118109],[77.591277,13.117815],[77.591426,13.117778],[77.591575,13.117594],[77.591873,13.11752],[77.591873,13.117447],[77.592059,13.1173],[77.592468,13.117261],[77.592654,13.117078],[77.592915,13.116967],[77.59325,13.117076],[77.593548,13.116965],[77.593846,13.116964],[77.594032,13.116743],[77.594777,13.116594],[77.594963,13.116411],[77.595335,13.11619],[77.596229,13.11626],[77.596676,13.116038],[77.597123,13.11611],[77.597793,13.115925],[77.597942,13.115741],[77.598277,13.115594],[77.598389,13.115447],[77.598501,13.11541],[77.598501,13.1153],[77.598612,13.11519],[77.598724,13.115153],[77.598724,13.115043],[77.5985,13.114898],[77.598426,13.114569],[77.598538,13.114459],[77.598947,13.114274],[77.598947,13.113982],[77.599096,13.113688],[77.59917,13.11303],[77.599356,13.112663],[77.599394,13.112334],[77.599468,13.11226],[77.599617,13.111821],[77.599803,13.111564],[77.59984,13.111344],[77.599766,13.111308],[77.599431,13.111565],[77.599095,13.111676],[77.598872,13.111641],[77.598611,13.111386],[77.598537,13.111203],[77.59835,13.111057],[77.598276,13.110801],[77.597866,13.110181],[77.597791,13.109962],[77.597642,13.109816],[77.597605,13.109597],[77.597381,13.109305],[77.597381,13.109232],[77.597307,13.109196],[77.597009,13.109343],[77.596748,13.109161],[77.596748,13.109015],[77.596897,13.108868],[77.597158,13.10883],[77.597158,13.108721],[77.596934,13.108429],[77.596897,13.108246],[77.596748,13.108137],[77.596748,13.108027],[77.596636,13.107918],[77.596636,13.107808],[77.596413,13.10748],[77.596338,13.10726],[77.596115,13.107225],[77.596003,13.107115],[77.596003,13.106457],[77.595779,13.106311],[77.595779,13.106238],[77.595369,13.10624],[77.595221,13.106423],[77.595109,13.10646],[77.595109,13.106643],[77.594886,13.10679],[77.594848,13.10712],[77.594737,13.10723],[77.594402,13.107304],[77.594402,13.10756],[77.594178,13.107708],[77.594178,13.10789],[77.593955,13.108074],[77.593918,13.108294],[77.593694,13.108441],[77.593695,13.10888],[77.593471,13.109027],[77.593471,13.109173],[77.593322,13.10932],[77.593211,13.109357],[77.593211,13.10954],[77.592987,13.109687],[77.592987,13.110017],[77.592876,13.110127],[77.592727,13.110164],[77.592727,13.11042],[77.592504,13.110567],[77.592504,13.110677],[77.592392,13.110787],[77.592243,13.110824],[77.592243,13.110934],[77.59202,13.111081],[77.59202,13.111154],[77.591908,13.111265],[77.591796,13.111302],[77.591796,13.111411],[77.591536,13.111595],[77.591462,13.111998],[77.591201,13.112255],[77.590829,13.112512],[77.590605,13.112513],[77.590308,13.112624],[77.589489,13.112627],[77.589005,13.112775],[77.588893,13.112922],[77.588558,13.113106],[77.588558,13.113216],[77.588335,13.113363],[77.588335,13.113436],[77.588223,13.113547],[77.588111,13.113584],[77.588074,13.113803],[77.587851,13.11395],[77.587851,13.114024],[77.588074,13.114169],[77.588074,13.114388],[77.588298,13.114534],[77.588298,13.115266],[77.588,13.11545],[77.587591,13.115524],[77.587591,13.115597],[77.587479,13.115708],[77.58733,13.115745],[77.58733,13.11633],[77.587107,13.116477],[77.587107,13.116806],[77.587331,13.116952],[77.587293,13.117318],[77.58707,13.117538],[77.587033,13.118416],[77.58707,13.118526],[77.587257,13.118671],[77.587257,13.118854],[77.587405,13.11889],[77.587517,13.119036],[77.589081,13.119286],[77.589676,13.119101]]]}},{"type":"Feature","properties":{"histId":"soi-57g12-1927-0117","sheet":"soi-57g12-1927","year":1927,"scale":63360,"areaM2":95874,"name":null,"confidence":"high","source":"soi-57g12-1927"},"geometry":{"type":"Polygon","coordinates":[[[77.579105,13.112448],[77.578919,13.112595],[77.578733,13.112633],[77.578547,13.11256],[77.578398,13.112597],[77.578026,13.112452],[77.57758,13.112454],[77.577282,13.112126],[77.577282,13.111943],[77.577431,13.111833],[77.577431,13.111357],[77.577357,13.111321],[77.577059,13.111322],[77.576538,13.111178],[77.57572,13.111218],[77.575571,13.111145],[77.574827,13.111112],[77.574567,13.111259],[77.573637,13.111263],[77.573451,13.11119],[77.573376,13.111227],[77.573376,13.11141],[77.573153,13.111557],[77.573153,13.111631],[77.573377,13.111849],[77.573377,13.111995],[77.5736,13.112141],[77.5736,13.112214],[77.574232,13.112431],[77.574567,13.112466],[77.574716,13.112612],[77.574716,13.112685],[77.575013,13.112757],[77.575236,13.112939],[77.575348,13.112902],[77.576278,13.113118],[77.576576,13.113043],[77.576799,13.113152],[77.577208,13.113151],[77.577655,13.113368],[77.578138,13.113293],[77.57851,13.113292],[77.578771,13.113364],[77.579143,13.113326],[77.57944,13.113142],[77.57944,13.112557],[77.579105,13.112448]]]}},{"type":"Feature","properties":{"histId":"soi-57g12-1927-0118","sheet":"soi-57g12-1927","year":1927,"scale":63360,"areaM2":36693,"name":null,"confidence":"high","source":"soi-57g12-1927"},"geometry":{"type":"Polygon","coordinates":[[[77.617095,13.112086],[77.617393,13.112195],[77.617729,13.112194],[77.618064,13.112376],[77.618661,13.112337],[77.618959,13.112226],[77.619481,13.112224],[77.619779,13.112077],[77.619817,13.11193],[77.62004,13.111783],[77.62004,13.11171],[77.620152,13.1116],[77.620301,13.111563],[77.620301,13.11127],[77.620003,13.111235],[77.619704,13.111089],[77.619555,13.111163],[77.619145,13.111128],[77.618399,13.111277],[77.617542,13.11128],[77.617318,13.111354],[77.617132,13.111501],[77.616871,13.111575],[77.616871,13.111831],[77.617095,13.111977],[77.617095,13.112086]]]}},{"type":"Feature","properties":{"histId":"soi-57g12-1927-0119","sheet":"soi-57g12-1927","year":1927,"scale":63360,"areaM2":53595,"name":null,"confidence":"high","source":"soi-57g12-1927"},"geometry":{"type":"Polygon","coordinates":[[[77.532437,13.113119],[77.532623,13.112899],[77.532771,13.112825],[77.533105,13.112824],[77.533402,13.112603],[77.533773,13.112601],[77.533996,13.112381],[77.534293,13.112307],[77.534293,13.112233],[77.534404,13.112123],[77.534515,13.112086],[77.534553,13.111757],[77.534775,13.111536],[77.534775,13.110805],[77.534478,13.11066],[77.534107,13.110625],[77.533439,13.110884],[77.533439,13.110957],[77.533328,13.111067],[77.533217,13.111105],[77.532994,13.111032],[77.532549,13.111034],[77.532326,13.111108],[77.532289,13.112206],[77.532066,13.112353],[77.532066,13.112426],[77.531955,13.112536],[77.531844,13.112573],[77.531844,13.113085],[77.532066,13.113158],[77.532437,13.113119]]]}},{"type":"Feature","properties":{"histId":"soi-57g12-1927-0120","sheet":"soi-57g12-1927","year":1927,"scale":63360,"areaM2":432225,"name":null,"confidence":"high","source":"soi-57g12-1927"},"geometry":{"type":"Polygon","coordinates":[[[77.56672,13.112242],[77.56672,13.11184],[77.566534,13.111694],[77.566497,13.111438],[77.566088,13.111111],[77.566088,13.110745],[77.565865,13.110599],[77.565865,13.110197],[77.565679,13.110052],[77.565679,13.109101],[77.565381,13.108955],[77.565158,13.10903],[77.564675,13.108812],[77.564489,13.108813],[77.564266,13.108704],[77.563894,13.108706],[77.563448,13.108488],[77.563077,13.108489],[77.562705,13.108381],[77.562556,13.108199],[77.562408,13.108163],[77.562296,13.108017],[77.561962,13.107836],[77.56185,13.10769],[77.561553,13.107581],[77.561404,13.107363],[77.560735,13.10689],[77.560735,13.106744],[77.560512,13.106598],[77.560512,13.106415],[77.560103,13.106015],[77.560103,13.105942],[77.559954,13.105906],[77.559843,13.105796],[77.559843,13.105723],[77.559285,13.105579],[77.559025,13.10558],[77.558728,13.105764],[77.558728,13.105947],[77.558505,13.106095],[77.558468,13.107375],[77.558691,13.10752],[77.558691,13.107776],[77.558914,13.107922],[77.558914,13.108178],[77.559137,13.108323],[77.559137,13.108506],[77.559323,13.108651],[77.559323,13.108725],[77.559546,13.108906],[77.559546,13.10898],[77.559769,13.109125],[77.559806,13.109235],[77.560141,13.109306],[77.560252,13.109416],[77.560252,13.109745],[77.560475,13.10989],[77.560475,13.11],[77.560735,13.110072],[77.560921,13.110254],[77.560921,13.110327],[77.561107,13.110473],[77.561107,13.110802],[77.560884,13.110949],[77.560847,13.111791],[77.560661,13.111938],[77.560624,13.112303],[77.560401,13.112451],[77.560364,13.112926],[77.560141,13.113074],[77.560141,13.113147],[77.560364,13.113292],[77.560364,13.113658],[77.560141,13.113805],[77.560104,13.11439],[77.560253,13.114426],[77.560438,13.114572],[77.560922,13.114606],[77.561702,13.114347],[77.561702,13.114274],[77.561925,13.114127],[77.562074,13.113943],[77.562743,13.113721],[77.563449,13.113718],[77.564378,13.113385],[77.564824,13.113347],[77.565456,13.112869],[77.565977,13.112794],[77.566497,13.112499],[77.566497,13.112389],[77.56672,13.112242]]]}},{"type":"Feature","properties":{"histId":"soi-57g12-1927-0121","sheet":"soi-57g12-1927","year":1927,"scale":63360,"areaM2":119736,"name":null,"confidence":"high","source":"soi-57g12-1927"},"geometry":{"type":"Polygon","coordinates":[[[77.618623,13.110508],[77.618847,13.110397],[77.620674,13.110354],[77.62086,13.110207],[77.621084,13.110133],[77.621233,13.110169],[77.621457,13.110095],[77.621457,13.109986],[77.621569,13.109875],[77.621718,13.109838],[77.621718,13.109546],[77.621568,13.10951],[77.621456,13.1094],[77.621456,13.109291],[77.621233,13.109145],[77.62127,13.108559],[77.621381,13.108449],[77.621754,13.108375],[77.621754,13.108082],[77.621046,13.108011],[77.620859,13.108085],[77.620747,13.108232],[77.620598,13.108269],[77.620374,13.108124],[77.620374,13.108014],[77.620263,13.107978],[77.620151,13.107832],[77.619815,13.107687],[77.619628,13.107468],[77.618845,13.107471],[77.618696,13.107544],[77.618211,13.107363],[77.618025,13.107144],[77.617876,13.107181],[77.617876,13.107328],[77.617652,13.107475],[77.617615,13.108719],[77.617839,13.108864],[77.617839,13.108974],[77.617988,13.109083],[77.617988,13.109303],[77.617839,13.109413],[77.617803,13.110474],[77.61825,13.110546],[77.618623,13.110508]]]}},{"type":"Feature","properties":{"histId":"soi-57g12-1927-0122","sheet":"soi-57g12-1927","year":1927,"scale":63360,"areaM2":29354,"name":null,"confidence":"high","source":"soi-57g12-1927"},"geometry":{"type":"Polygon","coordinates":[[[77.508928,13.109095],[77.508446,13.108914],[77.508335,13.108805],[77.508335,13.108695],[77.508187,13.108659],[77.50789,13.108441],[77.50789,13.108185],[77.507372,13.108078],[77.507149,13.10786],[77.506557,13.108009],[77.506556,13.108448],[77.506742,13.108593],[77.506742,13.109178],[77.506964,13.109323],[77.50752,13.109321],[77.507742,13.109429],[77.508335,13.10939],[77.508854,13.109644],[77.509224,13.109605],[77.509224,13.10913],[77.508928,13.109095]]]}},{"type":"Feature","properties":{"histId":"soi-57g12-1927-0123","sheet":"soi-57g12-1927","year":1927,"scale":63360,"areaM2":42086,"name":null,"confidence":"high","source":"soi-57g12-1927"},"geometry":{"type":"Polygon","coordinates":[[[77.571665,13.107064],[77.571962,13.107173],[77.572929,13.107169],[77.573115,13.106949],[77.573487,13.106764],[77.573487,13.105704],[77.573301,13.105558],[77.573301,13.105412],[77.573041,13.10523],[77.572706,13.105195],[77.572074,13.105709],[77.571739,13.105711],[77.571219,13.106079],[77.571219,13.106262],[77.570958,13.106445],[77.570996,13.106811],[77.57133,13.10681],[77.571665,13.107064]]]}},{"type":"Feature","properties":{"histId":"soi-57g12-1927-0124","sheet":"soi-57g12-1927","year":1927,"scale":63360,"areaM2":14350,"name":null,"confidence":"high","source":"soi-57g12-1927"},"geometry":{"type":"Polygon","coordinates":[[[77.642462,13.104097],[77.642723,13.104096],[77.64291,13.103949],[77.643059,13.103912],[77.643059,13.103838],[77.643171,13.103728],[77.643283,13.103691],[77.643283,13.103252],[77.64276,13.102888],[77.642163,13.10311],[77.642163,13.103476],[77.642051,13.103659],[77.642051,13.103805],[77.641902,13.103916],[77.641902,13.104062],[77.642238,13.104207],[77.642462,13.104097]]]}},{"type":"Feature","properties":{"histId":"soi-57g12-1927-0125","sheet":"soi-57g12-1927","year":1927,"scale":63360,"areaM2":16063,"name":null,"confidence":"high","source":"soi-57g12-1927"},"geometry":{"type":"Polygon","coordinates":[[[77.501148,13.105073],[77.501741,13.105362],[77.501926,13.105142],[77.50226,13.105067],[77.502408,13.104884],[77.502519,13.104847],[77.502519,13.104518],[77.502297,13.104372],[77.502297,13.10408],[77.502075,13.104008],[77.501704,13.10401],[77.501408,13.104121],[77.501408,13.104413],[77.500963,13.104781],[77.500963,13.104854],[77.501148,13.105],[77.501148,13.105073]]]}},{"type":"Feature","properties":{"histId":"soi-57g12-1927-0126","sheet":"soi-57g12-1927","year":1927,"scale":63360,"areaM2":25396,"name":null,"confidence":"high","source":"soi-57g12-1927"},"geometry":{"type":"Polygon","coordinates":[[[77.74036,13.101808],[77.74036,13.101698],[77.740247,13.101662],[77.740134,13.101516],[77.739796,13.101407],[77.739683,13.101261],[77.739421,13.101188],[77.73912,13.101006],[77.738595,13.1013],[77.738558,13.101849],[77.738596,13.102032],[77.738784,13.102178],[77.738784,13.102288],[77.739234,13.102397],[77.739272,13.10236],[77.739535,13.102506],[77.73991,13.102578],[77.740285,13.102467],[77.740585,13.102284],[77.740585,13.101954],[77.74036,13.101808]]]}},{"type":"Feature","properties":{"histId":"soi-57g12-1927-0127","sheet":"soi-57g12-1927","year":1927,"scale":63360,"areaM2":20518,"name":null,"confidence":"high","source":"soi-57g12-1927"},"geometry":{"type":"Polygon","coordinates":[[[77.525055,13.103425],[77.52513,13.103461],[77.525426,13.10346],[77.525946,13.103677],[77.526391,13.103602],[77.526391,13.103309],[77.526613,13.103162],[77.526613,13.103015],[77.526391,13.10287],[77.526428,13.102321],[77.52576,13.102288],[77.525538,13.102362],[77.525389,13.102582],[77.525055,13.102693],[77.524944,13.10284],[77.524833,13.102877],[77.524833,13.10317],[77.525055,13.103315],[77.525055,13.103425]]]}},{"type":"Feature","properties":{"histId":"soi-57g12-1927-0128","sheet":"soi-57g12-1927","year":1927,"scale":63360,"areaM2":65451,"name":null,"confidence":"high","source":"soi-57g12-1927"},"geometry":{"type":"Polygon","coordinates":[[[77.55661,13.103615],[77.556721,13.103578],[77.556721,13.103469],[77.557056,13.103175],[77.557427,13.103063],[77.55765,13.102916],[77.55765,13.102806],[77.557762,13.102696],[77.557873,13.102659],[77.557873,13.10211],[77.557687,13.101965],[77.557687,13.101819],[77.557464,13.101637],[77.557464,13.10149],[77.557241,13.101308],[77.557241,13.101235],[77.556795,13.100908],[77.556795,13.100835],[77.556312,13.10069],[77.555978,13.100692],[77.555755,13.100766],[77.555569,13.10095],[77.555421,13.100987],[77.555421,13.102267],[77.555606,13.102413],[77.555607,13.103254],[77.555755,13.103363],[77.55583,13.103728],[77.556052,13.103801],[77.556498,13.103762],[77.55661,13.103615]]]}},{"type":"Feature","properties":{"histId":"soi-57g12-1927-0129","sheet":"soi-57g12-1927","year":1927,"scale":63360,"areaM2":158951,"name":null,"confidence":"high","source":"soi-57g12-1927"},"geometry":{"type":"Polygon","coordinates":[[[77.653814,13.101059],[77.653813,13.100437],[77.653589,13.100291],[77.653589,13.100182],[77.653402,13.100036],[77.653402,13.09978],[77.653028,13.099708],[77.652841,13.099489],[77.652692,13.099526],[77.652692,13.099599],[77.65258,13.099709],[77.652468,13.099746],[77.651609,13.099749],[77.651497,13.099713],[77.651347,13.09953],[77.651123,13.099385],[77.651123,13.099238],[77.651347,13.099091],[77.651347,13.099018],[77.651459,13.098908],[77.651571,13.098871],[77.652729,13.098867],[77.652728,13.098062],[77.652542,13.097916],[77.652541,13.097587],[77.652168,13.097478],[77.652056,13.097332],[77.651944,13.097296],[77.65172,13.09748],[77.651495,13.097517],[77.650861,13.097775],[77.650338,13.097777],[77.649964,13.097961],[77.649553,13.097889],[77.64918,13.097927],[77.648919,13.098038],[77.648881,13.098258],[77.648657,13.098405],[77.648658,13.099466],[77.648845,13.099612],[77.648845,13.099977],[77.649069,13.100123],[77.649069,13.100233],[77.649293,13.100379],[77.649293,13.100452],[77.64963,13.100597],[77.649742,13.100743],[77.651012,13.100995],[77.651386,13.10114],[77.651572,13.101103],[77.651871,13.101322],[77.652095,13.101357],[77.65232,13.101576],[77.652544,13.101575],[77.652918,13.101721],[77.65359,13.101462],[77.65359,13.101206],[77.653814,13.101059]]]}},{"type":"Feature","properties":{"histId":"soi-57g12-1927-0130","sheet":"soi-57g12-1927","year":1927,"scale":63360,"areaM2":37425,"name":null,"confidence":"high","source":"soi-57g12-1927"},"geometry":{"type":"Polygon","coordinates":[[[77.535889,13.098987],[77.535778,13.098878],[77.535778,13.098585],[77.535518,13.098513],[77.534961,13.098552],[77.534776,13.0987],[77.534553,13.098774],[77.534182,13.098775],[77.533737,13.098924],[77.533699,13.099509],[77.533737,13.099619],[77.534033,13.09969],[77.534182,13.099873],[77.534516,13.099981],[77.53485,13.100272],[77.535184,13.100417],[77.53574,13.100122],[77.53574,13.099975],[77.535963,13.099828],[77.535963,13.099499],[77.536186,13.099352],[77.536186,13.099059],[77.535889,13.098987]]]}},{"type":"Feature","properties":{"histId":"soi-57g12-1927-0131","sheet":"soi-57g12-1927","year":1927,"scale":63360,"areaM2":20153,"name":null,"confidence":"high","source":"soi-57g12-1927"},"geometry":{"type":"Polygon","coordinates":[[[77.527504,13.099647],[77.527615,13.09961],[77.527615,13.099281],[77.527726,13.099134],[77.527726,13.098987],[77.527838,13.098877],[77.527838,13.098767],[77.527652,13.098622],[77.527652,13.098403],[77.527207,13.098258],[77.526947,13.098333],[77.526317,13.098372],[77.526317,13.098957],[77.526502,13.099103],[77.526502,13.099176],[77.526725,13.099321],[77.526725,13.09965],[77.527096,13.099758],[77.527244,13.099867],[77.527392,13.09983],[77.527392,13.099757],[77.527504,13.099647]]]}},{"type":"Feature","properties":{"histId":"soi-57g12-1927-0132","sheet":"soi-57g12-1927","year":1927,"scale":63360,"areaM2":9752,"name":null,"confidence":"medium","source":"soi-57g12-1927"},"geometry":{"type":"Polygon","coordinates":[[[77.542125,13.094095],[77.542347,13.094094],[77.542422,13.094057],[77.542422,13.093947],[77.542533,13.093837],[77.542644,13.0938],[77.542644,13.093581],[77.542422,13.093435],[77.542422,13.093289],[77.542347,13.093253],[77.542087,13.093254],[77.541865,13.093365],[77.541605,13.093366],[77.541531,13.093403],[77.541531,13.094061],[77.541828,13.094243],[77.542125,13.094095]]]}},{"type":"Feature","properties":{"histId":"soi-57g12-1927-0133","sheet":"soi-57g12-1927","year":1927,"scale":63360,"areaM2":6042,"name":null,"confidence":"medium","source":"soi-57g12-1927"},"geometry":{"type":"Polygon","coordinates":[[[77.628983,13.092727],[77.628983,13.092361],[77.629207,13.092214],[77.629207,13.09214],[77.628908,13.091922],[77.628535,13.09196],[77.628535,13.092326],[77.628311,13.092473],[77.628349,13.092765],[77.628759,13.092801],[77.628983,13.092727]]]}},{"type":"Feature","properties":{"histId":"soi-57g12-1927-0134","sheet":"soi-57g12-1927","year":1927,"scale":63360,"areaM2":10442,"name":null,"confidence":"medium","source":"soi-57g12-1927"},"geometry":{"type":"Polygon","coordinates":[[[77.512821,13.092949],[77.512821,13.092876],[77.512599,13.092731],[77.512599,13.092621],[77.512228,13.092586],[77.511932,13.092807],[77.511932,13.093136],[77.512117,13.093282],[77.512117,13.093428],[77.512228,13.093464],[77.51234,13.09361],[77.51271,13.093718],[77.513007,13.09357],[77.513044,13.093131],[77.512821,13.092949]]]}},{"type":"Feature","properties":{"histId":"soi-57g12-1927-0135","sheet":"soi-57g12-1927","year":1927,"scale":63360,"areaM2":7585,"name":null,"confidence":"medium","source":"soi-57g12-1927"},"geometry":{"type":"Polygon","coordinates":[[[77.597525,13.091415],[77.597748,13.091268],[77.597748,13.091085],[77.597524,13.09094],[77.597524,13.09083],[77.59745,13.090794],[77.597078,13.090941],[77.597078,13.0916],[77.597003,13.091673],[77.597003,13.09182],[77.596854,13.09193],[77.596854,13.092003],[77.596929,13.09204],[77.597488,13.092001],[77.597525,13.091415]]]}},{"type":"Feature","properties":{"histId":"soi-57g12-1927-0136","sheet":"soi-57g12-1927","year":1927,"scale":63360,"areaM2":34253,"name":null,"confidence":"high","source":"soi-57g12-1927"},"geometry":{"type":"Polygon","coordinates":[[[77.511228,13.092884],[77.51145,13.092736],[77.51145,13.092444],[77.511561,13.092333],[77.511932,13.092259],[77.511932,13.09171],[77.511821,13.091674],[77.51171,13.091528],[77.511562,13.091492],[77.511265,13.091201],[77.511265,13.090982],[77.511043,13.090836],[77.511043,13.09069],[77.51045,13.090656],[77.510376,13.090693],[77.510376,13.091315],[77.510302,13.091389],[77.510376,13.091535],[77.510376,13.091754],[77.510116,13.091938],[77.510116,13.092011],[77.510005,13.092121],[77.509894,13.092159],[77.509894,13.092561],[77.510338,13.092705],[77.510635,13.092667],[77.510894,13.092775],[77.511005,13.092885],[77.511005,13.093141],[77.511154,13.093177],[77.511228,13.09314],[77.511228,13.092884]]]}},{"type":"Feature","properties":{"histId":"soi-57g12-1927-0137","sheet":"soi-57g12-1927","year":1927,"scale":63360,"areaM2":92532,"name":null,"confidence":"high","source":"soi-57g12-1927"},"geometry":{"type":"Polygon","coordinates":[[[77.590004,13.091774],[77.590004,13.091701],[77.589669,13.091519],[77.58952,13.091373],[77.58952,13.091117],[77.589334,13.090972],[77.589334,13.090752],[77.58911,13.090607],[77.58911,13.090351],[77.588887,13.090205],[77.588887,13.089729],[77.588738,13.089584],[77.588663,13.089218],[77.58844,13.089146],[77.587993,13.089221],[77.587882,13.089368],[77.58777,13.089405],[77.58777,13.089478],[77.587658,13.089588],[77.587323,13.089699],[77.587323,13.089772],[77.587212,13.089882],[77.586616,13.090104],[77.58643,13.090288],[77.585947,13.090436],[77.585947,13.090546],[77.585835,13.090656],[77.58524,13.090841],[77.585128,13.090988],[77.585016,13.091025],[77.584979,13.091135],[77.584979,13.091611],[77.585686,13.091791],[77.586059,13.09168],[77.586431,13.091459],[77.586728,13.091494],[77.58684,13.091603],[77.58684,13.091713],[77.586915,13.091749],[77.587436,13.091747],[77.587771,13.091563],[77.588031,13.091708],[77.588403,13.091707],[77.588701,13.091596],[77.588887,13.091595],[77.589111,13.091741],[77.589111,13.09185],[77.589408,13.091959],[77.58952,13.092068],[77.589557,13.092251],[77.58993,13.092396],[77.59019,13.092249],[77.59019,13.091919],[77.590004,13.091774]]]}},{"type":"Feature","properties":{"histId":"soi-57g12-1927-0138","sheet":"soi-57g12-1927","year":1927,"scale":63360,"areaM2":70111,"name":null,"confidence":"high","source":"soi-57g12-1927"},"geometry":{"type":"Polygon","coordinates":[[[77.715927,13.090338],[77.716152,13.090447],[77.716902,13.090372],[77.717539,13.090005],[77.718176,13.089783],[77.7184,13.089563],[77.7184,13.088977],[77.718287,13.088941],[77.718175,13.088795],[77.717612,13.088577],[77.717499,13.088431],[77.717349,13.088394],[77.716974,13.088139],[77.716337,13.088141],[77.716074,13.087995],[77.715775,13.087996],[77.715475,13.088143],[77.715438,13.088949],[77.715213,13.089096],[77.715177,13.090304],[77.715402,13.090376],[77.715927,13.090338]]]}},{"type":"Feature","properties":{"histId":"soi-57g12-1927-0139","sheet":"soi-57g12-1927","year":1927,"scale":63360,"areaM2":30015,"name":null,"confidence":"high","source":"soi-57g12-1927"},"geometry":{"type":"Polygon","coordinates":[[[77.626296,13.090248],[77.626296,13.090138],[77.626408,13.090028],[77.62652,13.089991],[77.62652,13.089662],[77.626333,13.089516],[77.626333,13.089443],[77.626109,13.089297],[77.626109,13.089224],[77.625885,13.089079],[77.625885,13.089005],[77.625661,13.08886],[77.625214,13.088752],[77.62499,13.088826],[77.62499,13.088972],[77.624878,13.089082],[77.624878,13.089155],[77.624766,13.089266],[77.624505,13.08934],[77.624505,13.089632],[77.624282,13.08978],[77.624282,13.090145],[77.624729,13.090217],[77.62514,13.090179],[77.625476,13.090397],[77.625849,13.090469],[77.626072,13.090432],[77.626184,13.090285],[77.626296,13.090248]]]}},{"type":"Feature","properties":{"histId":"soi-57g12-1927-0140","sheet":"soi-57g12-1927","year":1927,"scale":63360,"areaM2":588352,"name":null,"confidence":"high","source":"soi-57g12-1927"},"geometry":{"type":"Polygon","coordinates":[[[77.607658,13.094743],[77.608105,13.094375],[77.608105,13.094266],[77.608217,13.094155],[77.608366,13.094118],[77.608366,13.093935],[77.608589,13.093788],[77.608626,13.093422],[77.60885,13.093275],[77.60885,13.093202],[77.608961,13.093092],[77.609073,13.093055],[77.609073,13.092945],[77.609185,13.092835],[77.609297,13.092798],[77.609334,13.092541],[77.609557,13.092394],[77.609557,13.091809],[77.609371,13.091663],[77.609371,13.091517],[77.609929,13.091112],[77.610078,13.090636],[77.61019,13.090526],[77.61019,13.090416],[77.610563,13.090012],[77.610711,13.089719],[77.610711,13.089609],[77.611009,13.089242],[77.611009,13.089059],[77.611233,13.088912],[77.611904,13.08891],[77.611941,13.08869],[77.612164,13.088543],[77.612164,13.08836],[77.612388,13.088213],[77.612425,13.087481],[77.612648,13.087334],[77.612648,13.087151],[77.612872,13.087004],[77.612872,13.086674],[77.613058,13.086418],[77.613207,13.08638],[77.613207,13.086234],[77.613356,13.086124],[77.613356,13.085099],[77.612983,13.085027],[77.612871,13.084918],[77.612871,13.084735],[77.612722,13.084663],[77.612275,13.084701],[77.612237,13.085067],[77.612051,13.08525],[77.611865,13.085288],[77.611716,13.085215],[77.611567,13.085289],[77.611269,13.085253],[77.61112,13.085327],[77.61097,13.085255],[77.610672,13.085439],[77.610486,13.085366],[77.610151,13.085587],[77.609592,13.085369],[77.60948,13.08526],[77.60948,13.084931],[77.609293,13.084785],[77.60907,13.084383],[77.60907,13.084164],[77.609368,13.08398],[77.609666,13.084198],[77.61015,13.084123],[77.610411,13.084196],[77.61056,13.084158],[77.61097,13.08423],[77.611417,13.084155],[77.61179,13.0843],[77.612051,13.084153],[77.6122,13.084225],[77.612498,13.084151],[77.612684,13.084224],[77.612833,13.08415],[77.613057,13.084259],[77.613206,13.084185],[77.61328,13.083636],[77.613392,13.083489],[77.613504,13.08305],[77.61369,13.08283],[77.613764,13.08239],[77.613951,13.08206],[77.613913,13.081475],[77.614099,13.081328],[77.614211,13.080925],[77.614323,13.080778],[77.614323,13.080668],[77.614248,13.080632],[77.614099,13.080706],[77.613652,13.081073],[77.613354,13.081184],[77.61272,13.081626],[77.612348,13.08181],[77.611901,13.081921],[77.611752,13.081885],[77.611491,13.081557],[77.611453,13.081338],[77.611341,13.081155],[77.611005,13.07951],[77.610707,13.078889],[77.610409,13.078634],[77.610111,13.078672],[77.609999,13.078855],[77.61,13.080575],[77.609925,13.080685],[77.609925,13.080831],[77.609813,13.080941],[77.609776,13.081271],[77.609665,13.081418],[77.60959,13.081747],[77.609591,13.082845],[77.609367,13.082992],[77.608883,13.08303],[77.608883,13.083469],[77.608659,13.08369],[77.608622,13.084019],[77.608846,13.084165],[77.608846,13.084311],[77.608734,13.084421],[77.608585,13.084458],[77.608585,13.084532],[77.608399,13.084679],[77.608362,13.084825],[77.608138,13.085046],[77.608139,13.085924],[77.607878,13.086254],[77.607878,13.087278],[77.607692,13.087499],[77.607543,13.087572],[77.607543,13.087682],[77.607394,13.087792],[77.607395,13.088853],[77.607358,13.089],[77.607134,13.089147],[77.607098,13.091123],[77.607321,13.091268],[77.607321,13.091415],[77.607508,13.09156],[77.607508,13.091853],[77.607321,13.092],[77.607284,13.092366],[77.607061,13.092513],[77.607024,13.092953],[77.606837,13.0931],[77.606764,13.0946],[77.606987,13.094782],[77.607024,13.094892],[77.607285,13.095037],[77.607658,13.094889],[77.607658,13.094743]]]}},{"type":"Feature","properties":{"histId":"soi-57g12-1927-0141","sheet":"soi-57g12-1927","year":1927,"scale":63360,"areaM2":12929,"name":null,"confidence":"high","source":"soi-57g12-1927"},"geometry":{"type":"Polygon","coordinates":[[[77.538338,13.084748],[77.538338,13.084602],[77.537893,13.084421],[77.537225,13.084497],[77.537188,13.085046],[77.537522,13.085118],[77.537633,13.085227],[77.537633,13.0853],[77.537782,13.085336],[77.537967,13.085555],[77.538524,13.085406],[77.538561,13.084894],[77.538338,13.084748]]]}},{"type":"Feature","properties":{"histId":"soi-57g12-1927-0142","sheet":"soi-57g12-1927","year":1927,"scale":63360,"areaM2":5711,"name":null,"confidence":"low","source":"soi-57g12-1927"},"geometry":{"type":"Polygon","coordinates":[[[77.506301,13.084679],[77.505116,13.084721],[77.50519,13.084977],[77.505449,13.085122],[77.505597,13.085048],[77.506005,13.085229],[77.50619,13.085118],[77.506375,13.084825],[77.506375,13.084715],[77.506301,13.084679]]]}},{"type":"Feature","properties":{"histId":"soi-57g12-1927-0143","sheet":"soi-57g12-1927","year":1927,"scale":63360,"areaM2":6644,"name":null,"confidence":"medium","source":"soi-57g12-1927"},"geometry":{"type":"Polygon","coordinates":[[[77.71873,13.081875],[77.718355,13.081913],[77.718355,13.082023],[77.718131,13.08217],[77.718131,13.082462],[77.718806,13.08268],[77.719031,13.082607],[77.71903,13.082094],[77.71873,13.081875]]]}},{"type":"Feature","properties":{"histId":"soi-57g12-1927-0144","sheet":"soi-57g12-1927","year":1927,"scale":63360,"areaM2":88727,"name":null,"confidence":"high","source":"soi-57g12-1927"},"geometry":{"type":"Polygon","coordinates":[[[77.513416,13.082999],[77.513119,13.08311],[77.512785,13.083002],[77.512526,13.083003],[77.512155,13.082858],[77.511266,13.082899],[77.511266,13.083302],[77.511118,13.083449],[77.510858,13.08356],[77.510599,13.083414],[77.510377,13.083525],[77.510006,13.083308],[77.509747,13.083382],[77.509487,13.083566],[77.509265,13.083567],[77.50908,13.083495],[77.508932,13.083569],[77.508709,13.08346],[77.508376,13.083133],[77.508079,13.083427],[77.507968,13.083464],[77.507672,13.083282],[77.50745,13.08332],[77.507301,13.083248],[77.507079,13.083505],[77.506968,13.083542],[77.506598,13.083288],[77.506375,13.083325],[77.50619,13.083253],[77.505894,13.083328],[77.505486,13.083585],[77.505264,13.083513],[77.505079,13.083587],[77.505079,13.083807],[77.50493,13.083954],[77.50493,13.084027],[77.505042,13.084136],[77.506486,13.084129],[77.506634,13.084202],[77.506783,13.084128],[77.507079,13.084236],[77.507561,13.084014],[77.507635,13.084051],[77.507857,13.08394],[77.508265,13.083901],[77.508413,13.083827],[77.509302,13.083933],[77.510043,13.084258],[77.510562,13.084329],[77.510858,13.084145],[77.511007,13.084217],[77.511266,13.084106],[77.511674,13.084251],[77.512007,13.084249],[77.512229,13.084358],[77.5126,13.084356],[77.513415,13.084096],[77.513712,13.083948],[77.513712,13.083875],[77.513823,13.083765],[77.513934,13.083728],[77.513971,13.083289],[77.513601,13.083181],[77.513416,13.082999]]]}},{"type":"Feature","properties":{"histId":"soi-57g12-1927-0145","sheet":"soi-57g12-1927","year":1927,"scale":63360,"areaM2":28771,"name":null,"confidence":"high","source":"soi-57g12-1927"},"geometry":{"type":"Polygon","coordinates":[[[77.535481,13.082457],[77.535258,13.082312],[77.535258,13.082129],[77.535035,13.081984],[77.535035,13.081727],[77.534813,13.081546],[77.534813,13.08129],[77.534627,13.081217],[77.534219,13.081219],[77.534145,13.081256],[77.534145,13.081805],[77.533922,13.081952],[77.533922,13.082062],[77.533811,13.082172],[77.5337,13.082209],[77.5337,13.082794],[77.533922,13.082866],[77.534219,13.082865],[77.53459,13.083193],[77.534887,13.083301],[77.535184,13.083226],[77.535481,13.083042],[77.535481,13.082457]]]}},{"type":"Feature","properties":{"histId":"soi-57g12-1927-0146","sheet":"soi-57g12-1927","year":1927,"scale":63360,"areaM2":77156,"name":null,"confidence":"high","source":"soi-57g12-1927"},"geometry":{"type":"Polygon","coordinates":[[[77.510377,13.081441],[77.510377,13.081294],[77.510155,13.081149],[77.510155,13.081039],[77.509636,13.080786],[77.50934,13.080787],[77.509117,13.080862],[77.508747,13.081083],[77.508413,13.081048],[77.508154,13.081122],[77.507857,13.08105],[77.507746,13.080941],[77.507746,13.080758],[77.507895,13.080648],[77.507895,13.079843],[77.507339,13.079627],[77.507043,13.079738],[77.507043,13.079811],[77.506931,13.079921],[77.506561,13.080069],[77.506561,13.080764],[77.506746,13.08091],[77.506783,13.081056],[77.506783,13.081421],[77.506709,13.081495],[77.506709,13.081678],[77.506857,13.081823],[77.506857,13.082335],[77.507079,13.082334],[77.507227,13.082407],[77.507487,13.082332],[77.507672,13.082405],[77.507931,13.082294],[77.508265,13.082511],[77.508561,13.082181],[77.508672,13.082144],[77.509006,13.082362],[77.509339,13.082287],[77.509562,13.082395],[77.509932,13.082211],[77.51034,13.082245],[77.510599,13.082171],[77.510599,13.081622],[77.510377,13.081441]]]}},{"type":"Feature","properties":{"histId":"soi-57g12-1927-0147","sheet":"soi-57g12-1927","year":1927,"scale":63360,"areaM2":171807,"name":null,"confidence":"high","source":"soi-57g12-1927"},"geometry":{"type":"Polygon","coordinates":[[[77.532438,13.079508],[77.532438,13.079435],[77.531919,13.079145],[77.531548,13.079146],[77.531288,13.079221],[77.530991,13.079186],[77.530843,13.07904],[77.530843,13.07893],[77.53062,13.078785],[77.53062,13.078712],[77.530249,13.07864],[77.529953,13.078422],[77.529953,13.078239],[77.529841,13.078203],[77.52973,13.078058],[77.529396,13.077949],[77.529285,13.07784],[77.529285,13.077657],[77.528988,13.077512],[77.528617,13.077441],[77.528209,13.077479],[77.52795,13.077298],[77.527727,13.077226],[77.527356,13.077264],[77.527059,13.077375],[77.527059,13.077448],[77.526948,13.077558],[77.526651,13.077633],[77.526355,13.077817],[77.526355,13.078512],[77.527096,13.078728],[77.527245,13.07891],[77.527579,13.079092],[77.52769,13.079201],[77.52769,13.079347],[77.528135,13.079674],[77.528135,13.079821],[77.528246,13.079857],[77.528357,13.079966],[77.528357,13.080039],[77.52858,13.080184],[77.52858,13.080404],[77.528765,13.080549],[77.528803,13.080805],[77.529099,13.080877],[77.529211,13.080986],[77.529211,13.081352],[77.529433,13.081497],[77.529433,13.081717],[77.52973,13.081788],[77.529952,13.08197],[77.530323,13.081895],[77.530323,13.081676],[77.530435,13.081566],[77.530954,13.08149],[77.531177,13.081306],[77.531473,13.081232],[77.531844,13.080864],[77.532178,13.08068],[77.532178,13.080497],[77.532401,13.08035],[77.532438,13.08013],[77.532624,13.079983],[77.532624,13.079654],[77.532438,13.079508]]]}},{"type":"Feature","properties":{"histId":"soi-57g12-1927-0148","sheet":"soi-57g12-1927","year":1927,"scale":63360,"areaM2":84351,"name":null,"confidence":"high","source":"soi-57g12-1927"},"geometry":{"type":"Polygon","coordinates":[[[77.744089,13.079359],[77.744125,13.078041],[77.74435,13.077894],[77.74435,13.077748],[77.744124,13.077602],[77.744124,13.077236],[77.743936,13.07709],[77.743935,13.076687],[77.744085,13.07654],[77.744311,13.076503],[77.744573,13.076319],[77.744836,13.076246],[77.744948,13.076099],[77.745549,13.075988],[77.745549,13.075878],[77.745661,13.075768],[77.745962,13.075694],[77.746224,13.075547],[77.746224,13.075327],[77.746036,13.075181],[77.746036,13.075071],[77.745773,13.074999],[77.745285,13.075036],[77.745022,13.074891],[77.744196,13.074893],[77.743971,13.074966],[77.743821,13.075113],[77.743521,13.075187],[77.743521,13.075407],[77.743033,13.075737],[77.743034,13.07614],[77.742921,13.07625],[77.742771,13.076287],[77.742771,13.07636],[77.742584,13.076507],[77.742585,13.077313],[77.742772,13.077459],[77.742773,13.077568],[77.743036,13.077751],[77.742999,13.078227],[77.743224,13.078373],[77.743225,13.079032],[77.743337,13.079141],[77.743413,13.079434],[77.743788,13.079506],[77.744089,13.079359]]]}},{"type":"Feature","properties":{"histId":"soi-57g12-1927-0149","sheet":"soi-57g12-1927","year":1927,"scale":63360,"areaM2":430035,"name":null,"confidence":"high","source":"soi-57g12-1927"},"geometry":{"type":"Polygon","coordinates":[[[77.670057,13.080368],[77.670057,13.080441],[77.670581,13.080659],[77.670917,13.080658],[77.671179,13.080731],[77.671777,13.080692],[77.671964,13.080508],[77.672562,13.08025],[77.672562,13.080031],[77.672786,13.079884],[77.672786,13.079701],[77.67301,13.079554],[77.67301,13.079371],[77.673235,13.079224],[77.673272,13.079077],[77.673384,13.078967],[77.67372,13.078783],[77.673832,13.078636],[77.673982,13.078599],[77.673982,13.078196],[77.674094,13.078086],[77.674243,13.078049],[77.674393,13.078122],[77.67458,13.078048],[77.674842,13.078047],[77.676001,13.077678],[77.676038,13.077714],[77.676188,13.077641],[77.676375,13.07764],[77.676674,13.077456],[77.676936,13.077455],[77.677123,13.077382],[77.676935,13.076357],[77.676971,13.075406],[77.677083,13.075149],[77.677121,13.07482],[77.67727,13.074709],[77.67727,13.0746],[77.677532,13.074343],[77.677606,13.074086],[77.677681,13.074013],[77.677681,13.07383],[77.677494,13.073794],[77.677269,13.073868],[77.67697,13.073795],[77.676447,13.07398],[77.676297,13.073944],[77.675886,13.074055],[77.675587,13.074019],[77.675437,13.074093],[77.67525,13.07402],[77.674539,13.074022],[77.67439,13.07395],[77.674128,13.07395],[77.673717,13.073805],[77.673455,13.073623],[77.672968,13.073149],[77.672968,13.073002],[77.672893,13.07293],[77.672744,13.07293],[77.672632,13.073553],[77.672483,13.073846],[77.672333,13.073993],[77.672147,13.074542],[77.67196,13.074726],[77.671922,13.074909],[77.671698,13.075056],[77.671324,13.074911],[77.671175,13.074948],[77.670539,13.075352],[77.670166,13.0755],[77.670166,13.07561],[77.669941,13.075757],[77.669942,13.07583],[77.669829,13.07594],[77.669717,13.075977],[77.669717,13.076197],[77.669905,13.076343],[77.669905,13.076818],[77.66998,13.076965],[77.66998,13.077148],[77.669905,13.077331],[77.669905,13.07755],[77.669681,13.077698],[77.669608,13.079381],[77.669646,13.080077],[77.669907,13.080222],[77.670057,13.080368]]]}},{"type":"Feature","properties":{"histId":"soi-57g12-1927-0150","sheet":"soi-57g12-1927","year":1927,"scale":63360,"areaM2":30227,"name":null,"confidence":"high","source":"soi-57g12-1927"},"geometry":{"type":"Polygon","coordinates":[[[77.553858,13.076596],[77.554229,13.076411],[77.554229,13.076301],[77.554452,13.076154],[77.5546,13.075971],[77.554935,13.075969],[77.555343,13.075821],[77.55538,13.075748],[77.55538,13.075235],[77.555046,13.075091],[77.554935,13.074981],[77.554935,13.074908],[77.554489,13.074618],[77.554489,13.074508],[77.554414,13.074472],[77.554043,13.07451],[77.554006,13.074949],[77.55382,13.075096],[77.55382,13.075279],[77.55356,13.075646],[77.55356,13.076085],[77.553338,13.076232],[77.553338,13.076744],[77.553412,13.07678],[77.553746,13.076742],[77.553858,13.076596]]]}},{"type":"Feature","properties":{"histId":"soi-57g12-1927-0151","sheet":"soi-57g12-1927","year":1927,"scale":63360,"areaM2":45110,"name":null,"confidence":"high","source":"soi-57g12-1927"},"geometry":{"type":"Polygon","coordinates":[[[77.724009,13.074064],[77.724196,13.073991],[77.724196,13.073551],[77.724683,13.073257],[77.72472,13.073147],[77.724908,13.073],[77.724944,13.072341],[77.725169,13.072194],[77.725169,13.071975],[77.725244,13.071901],[77.725244,13.071791],[77.725431,13.071644],[77.725431,13.071535],[77.724831,13.071316],[77.724756,13.071353],[77.724719,13.071683],[77.724606,13.071793],[77.724344,13.07183],[77.724044,13.071977],[77.723932,13.072124],[77.723669,13.072161],[77.723519,13.072089],[77.723219,13.072089],[77.722919,13.0722],[77.722883,13.073042],[77.723108,13.073188],[77.723108,13.073664],[77.723296,13.07381],[77.723334,13.074029],[77.723559,13.074102],[77.724009,13.074064]]]}},{"type":"Feature","properties":{"histId":"soi-57g12-1927-0152","sheet":"soi-57g12-1927","year":1927,"scale":63360,"areaM2":106275,"name":null,"confidence":"high","source":"soi-57g12-1927"},"geometry":{"type":"Polygon","coordinates":[[[77.557906,13.073871],[77.558315,13.073869],[77.558575,13.073722],[77.558761,13.073794],[77.559132,13.073646],[77.559504,13.073645],[77.559987,13.073789],[77.560247,13.073678],[77.560619,13.07364],[77.560879,13.073383],[77.560879,13.07309],[77.560656,13.072945],[77.560656,13.072798],[77.56047,13.072653],[77.56047,13.072543],[77.560247,13.072398],[77.56021,13.072251],[77.560024,13.072106],[77.560024,13.071777],[77.559801,13.071631],[77.559801,13.071448],[77.559578,13.071266],[77.559578,13.071047],[77.559355,13.070902],[77.559355,13.070426],[77.559243,13.07039],[77.559058,13.070171],[77.558797,13.070099],[77.558575,13.070283],[77.55824,13.070394],[77.55824,13.07076],[77.558017,13.070907],[77.55798,13.071456],[77.557757,13.071604],[77.557757,13.071896],[77.557535,13.072043],[77.557386,13.072227],[77.557275,13.072264],[77.557275,13.07263],[77.557052,13.072777],[77.557052,13.07285],[77.5572,13.072959],[77.5572,13.073142],[77.557052,13.073253],[77.557015,13.073838],[77.557126,13.073874],[77.557312,13.074093],[77.557609,13.074092],[77.557906,13.073871]]]}},{"type":"Feature","properties":{"histId":"soi-57g12-1927-0153","sheet":"soi-57g12-1927","year":1927,"scale":63360,"areaM2":22555,"name":null,"confidence":"high","source":"soi-57g12-1927"},"geometry":{"type":"Polygon","coordinates":[[[77.724304,13.069597],[77.724529,13.06945],[77.724566,13.068645],[77.724453,13.068608],[77.724265,13.068389],[77.72374,13.068281],[77.72359,13.068171],[77.72299,13.068466],[77.722991,13.068759],[77.723178,13.068905],[77.723178,13.069014],[77.723404,13.06916],[77.723404,13.069746],[77.723704,13.069892],[77.724042,13.069818],[77.724229,13.06989],[77.724304,13.069853],[77.724304,13.069597]]]}},{"type":"Feature","properties":{"histId":"soi-57g12-1927-0154","sheet":"soi-57g12-1927","year":1927,"scale":63360,"areaM2":59780,"name":null,"confidence":"high","source":"soi-57g12-1927"},"geometry":{"type":"Polygon","coordinates":[[[77.522943,13.068579],[77.522943,13.068799],[77.523166,13.068944],[77.523166,13.069529],[77.523388,13.069674],[77.523388,13.069784],[77.523685,13.069893],[77.523981,13.069891],[77.524352,13.069743],[77.524983,13.069704],[77.524983,13.069594],[77.525131,13.069447],[77.525428,13.069336],[77.525502,13.068969],[77.525613,13.068859],[77.525873,13.068785],[77.525873,13.068273],[77.52565,13.068128],[77.52565,13.068018],[77.525242,13.0678],[77.523055,13.067811],[77.522869,13.068031],[77.522758,13.068068],[77.522758,13.068434],[77.522943,13.068579]]]}},{"type":"Feature","properties":{"histId":"soi-57g12-1927-0155","sheet":"soi-57g12-1927","year":1927,"scale":63360,"areaM2":13672,"name":null,"confidence":"high","source":"soi-57g12-1927"},"geometry":{"type":"Polygon","coordinates":[[[77.722612,13.065611],[77.722725,13.065501],[77.723287,13.065207],[77.723324,13.065097],[77.723249,13.065134],[77.722949,13.065061],[77.722837,13.064952],[77.722837,13.064769],[77.722724,13.064732],[77.722611,13.064586],[77.722011,13.064441],[77.721936,13.064478],[77.721936,13.064588],[77.721862,13.064661],[77.722012,13.064954],[77.721937,13.065357],[77.722162,13.065503],[77.722163,13.065979],[77.722313,13.066015],[77.722613,13.065831],[77.722612,13.065611]]]}},{"type":"Feature","properties":{"histId":"soi-57g12-1927-0156","sheet":"soi-57g12-1927","year":1927,"scale":63360,"areaM2":90695,"name":null,"confidence":"high","source":"soi-57g12-1927"},"geometry":{"type":"Polygon","coordinates":[[[77.726028,13.068128],[77.725952,13.068055],[77.725952,13.067872],[77.726065,13.067762],[77.726215,13.067725],[77.726177,13.067396],[77.725989,13.06725],[77.725989,13.067067],[77.726064,13.06692],[77.725989,13.066847],[77.725988,13.066627],[77.725763,13.066482],[77.725763,13.066152],[77.725388,13.06608],[77.725275,13.06597],[77.72535,13.065567],[77.725348,13.064359],[77.725123,13.064214],[77.725123,13.064067],[77.724823,13.063995],[77.724673,13.063849],[77.724673,13.063629],[77.724448,13.063483],[77.724484,13.06297],[77.724259,13.062788],[77.724259,13.062678],[77.724034,13.062532],[77.724034,13.062386],[77.723884,13.062276],[77.723884,13.062203],[77.723584,13.062094],[77.723171,13.062169],[77.723171,13.062242],[77.723359,13.062388],[77.72336,13.06301],[77.723135,13.063157],[77.723098,13.063633],[77.722873,13.06378],[77.722873,13.063853],[77.723248,13.063889],[77.723473,13.063779],[77.723698,13.063924],[77.723698,13.064071],[77.723548,13.064181],[77.723474,13.065023],[77.723624,13.065023],[77.723737,13.065132],[77.723737,13.065206],[77.724037,13.065278],[77.724187,13.065424],[77.724187,13.065607],[77.724262,13.06568],[77.724188,13.06601],[77.724075,13.06612],[77.723813,13.066121],[77.723513,13.066268],[77.723513,13.066488],[77.723851,13.066523],[77.724076,13.066413],[77.724338,13.066412],[77.724638,13.066265],[77.724751,13.066301],[77.724863,13.066411],[77.724864,13.067472],[77.725127,13.067545],[77.725277,13.067728],[77.725727,13.068056],[77.725728,13.068202],[77.725953,13.068238],[77.726028,13.068202],[77.726028,13.068128]]]}},{"type":"Feature","properties":{"histId":"soi-57g12-1927-0157","sheet":"soi-57g12-1927","year":1927,"scale":63360,"areaM2":570468,"name":null,"confidence":"high","source":"soi-57g12-1927"},"geometry":{"type":"Polygon","coordinates":[[[77.613163,13.071342],[77.613498,13.071231],[77.613498,13.070938],[77.613722,13.070791],[77.613759,13.070425],[77.613983,13.070278],[77.613982,13.069875],[77.614243,13.069692],[77.614243,13.069143],[77.614466,13.068995],[77.614466,13.068666],[77.614727,13.068446],[77.614727,13.067604],[77.61495,13.067457],[77.614987,13.067237],[77.614987,13.066139],[77.614763,13.065994],[77.614763,13.065189],[77.614539,13.065116],[77.614427,13.065007],[77.614464,13.064751],[77.614315,13.064678],[77.614241,13.064715],[77.614092,13.064642],[77.613943,13.064716],[77.613682,13.064571],[77.613384,13.064572],[77.613123,13.064426],[77.612787,13.064647],[77.612452,13.064429],[77.612154,13.06443],[77.61193,13.064541],[77.611707,13.064542],[77.61152,13.064689],[77.611297,13.064763],[77.61085,13.064618],[77.610477,13.064327],[77.610477,13.064071],[77.610588,13.06396],[77.610737,13.063923],[77.610737,13.063813],[77.610961,13.063666],[77.61111,13.063483],[77.611408,13.063408],[77.611408,13.063335],[77.611594,13.063188],[77.611818,13.063151],[77.612265,13.062929],[77.612526,13.062965],[77.612749,13.062891],[77.612898,13.062964],[77.613196,13.062962],[77.613569,13.062815],[77.613681,13.062851],[77.613793,13.06296],[77.613793,13.063033],[77.613979,13.063179],[77.613905,13.063655],[77.614091,13.063728],[77.61424,13.06369],[77.614389,13.063763],[77.614688,13.063762],[77.614837,13.063908],[77.614837,13.064127],[77.614911,13.064164],[77.615098,13.063943],[77.615209,13.063906],[77.615247,13.06365],[77.615507,13.063356],[77.615582,13.0631],[77.615954,13.062732],[77.616029,13.06233],[77.616178,13.062183],[77.616252,13.061999],[77.61655,13.061706],[77.616625,13.061413],[77.616997,13.060862],[77.617034,13.060606],[77.617146,13.060496],[77.617295,13.060459],[77.617295,13.060312],[77.617593,13.059799],[77.617742,13.059652],[77.617891,13.059615],[77.618152,13.059248],[77.618152,13.059175],[77.61804,13.059065],[77.617518,13.059104],[77.61722,13.058995],[77.616959,13.059033],[77.616437,13.058888],[77.616064,13.058707],[77.615393,13.058124],[77.615169,13.057686],[77.615057,13.057613],[77.614908,13.057687],[77.614908,13.05776],[77.61502,13.057869],[77.61502,13.058015],[77.614722,13.058236],[77.614499,13.05831],[77.614387,13.058274],[77.6142,13.058055],[77.613828,13.058093],[77.613828,13.058898],[77.613605,13.059045],[77.613605,13.059265],[77.613791,13.059411],[77.613792,13.060472],[77.613568,13.060619],[77.613568,13.061022],[77.613456,13.061132],[77.613456,13.061242],[77.613307,13.061352],[77.613308,13.061498],[77.612972,13.061792],[77.6126,13.061904],[77.6126,13.061977],[77.612488,13.062087],[77.611966,13.062309],[77.611706,13.062346],[77.611706,13.062419],[77.611557,13.062566],[77.611408,13.062603],[77.611408,13.062713],[77.611184,13.06286],[77.611184,13.062934],[77.611072,13.063044],[77.610588,13.063082],[77.61029,13.063266],[77.610066,13.063194],[77.609843,13.063268],[77.609843,13.063378],[77.609619,13.063525],[77.609582,13.063635],[77.609396,13.063782],[77.609359,13.064221],[77.609136,13.064405],[77.609136,13.064551],[77.608912,13.064699],[77.608875,13.064918],[77.609099,13.06532],[77.609099,13.065503],[77.609285,13.065649],[77.609323,13.065978],[77.609658,13.06616],[77.60977,13.066269],[77.60977,13.066488],[77.61018,13.06678],[77.610217,13.067219],[77.610329,13.067328],[77.610329,13.067767],[77.61018,13.067877],[77.610181,13.068426],[77.610367,13.068572],[77.610404,13.068828],[77.610665,13.068973],[77.610814,13.069119],[77.610814,13.069229],[77.610963,13.069265],[77.611075,13.069374],[77.611075,13.069447],[77.611336,13.069593],[77.611746,13.069628],[77.611858,13.069737],[77.611858,13.06981],[77.612156,13.069992],[77.612157,13.071419],[77.612679,13.071673],[77.613051,13.071489],[77.613163,13.071342]]]}},{"type":"Feature","properties":{"histId":"soi-57g12-1927-0158","sheet":"soi-57g12-1927","year":1927,"scale":63360,"areaM2":284314,"name":null,"confidence":"high","source":"soi-57g12-1927"},"geometry":{"type":"Polygon","coordinates":[[[77.562996,13.067959],[77.563293,13.067775],[77.563405,13.067628],[77.563776,13.067517],[77.563776,13.067407],[77.563888,13.067297],[77.564222,13.067112],[77.564222,13.066929],[77.564445,13.066782],[77.564445,13.066709],[77.564557,13.066599],[77.564705,13.066562],[77.564705,13.066488],[77.564817,13.066378],[77.564928,13.066341],[77.564928,13.066231],[77.565151,13.066084],[77.565151,13.066011],[77.565411,13.065827],[77.565411,13.065754],[77.565523,13.065643],[77.565634,13.065606],[77.565634,13.065497],[77.565746,13.065386],[77.565857,13.065349],[77.565857,13.065057],[77.56608,13.064909],[77.566117,13.064653],[77.56634,13.064506],[77.56634,13.06403],[77.566563,13.063883],[77.566563,13.063773],[77.566712,13.063626],[77.566972,13.063515],[77.567046,13.063552],[77.567269,13.063477],[77.567269,13.063038],[77.567046,13.062966],[77.566749,13.062967],[77.5666,13.062785],[77.566377,13.06264],[77.566377,13.062567],[77.566154,13.062421],[77.566154,13.062238],[77.565708,13.061911],[77.565708,13.061801],[77.565485,13.061656],[77.565522,13.060741],[77.565224,13.060559],[77.564853,13.060598],[77.564407,13.061038],[77.564407,13.061185],[77.564258,13.061332],[77.563961,13.061516],[77.563701,13.06159],[77.563664,13.0617],[77.563329,13.062031],[77.563218,13.062068],[77.563218,13.062178],[77.562995,13.062325],[77.562995,13.062508],[77.562772,13.062655],[77.562772,13.062838],[77.562549,13.062986],[77.562549,13.063168],[77.562438,13.063279],[77.562289,13.063316],[77.562178,13.063463],[77.561843,13.063574],[77.561843,13.063684],[77.56162,13.063831],[77.561546,13.066136],[77.561769,13.066282],[77.561807,13.066757],[77.561732,13.067599],[77.561844,13.067635],[77.561955,13.067744],[77.561955,13.067817],[77.562253,13.067999],[77.562624,13.068034],[77.562996,13.067959]]]}},{"type":"Feature","properties":{"histId":"soi-57g12-1927-0159","sheet":"soi-57g12-1927","year":1927,"scale":63360,"areaM2":5519,"name":null,"confidence":"low","source":"soi-57g12-1927"},"geometry":{"type":"Polygon","coordinates":[[[77.512194,13.062998],[77.511824,13.062853],[77.51175,13.06289],[77.51175,13.063],[77.511639,13.06311],[77.511527,13.063148],[77.511527,13.06344],[77.511824,13.063731],[77.51212,13.06373],[77.512194,13.063693],[77.512194,13.062998]]]}},{"type":"Feature","properties":{"histId":"soi-57g12-1927-0160","sheet":"soi-57g12-1927","year":1927,"scale":63360,"areaM2":121819,"name":null,"confidence":"high","source":"soi-57g12-1927"},"geometry":{"type":"Polygon","coordinates":[[[77.595838,13.062298],[77.596769,13.062551],[77.596956,13.062733],[77.597216,13.062768],[77.59744,13.062877],[77.5977,13.062876],[77.597924,13.062766],[77.598184,13.062765],[77.598482,13.062873],[77.599413,13.062723],[77.600307,13.062829],[77.600716,13.062718],[77.600754,13.062608],[77.600753,13.062023],[77.60053,13.061877],[77.60053,13.061621],[77.600753,13.061474],[77.60079,13.060742],[77.600678,13.060632],[77.600455,13.060633],[77.600231,13.060524],[77.599785,13.060709],[77.599412,13.060637],[77.598965,13.060639],[77.598444,13.060824],[77.598072,13.060716],[77.59796,13.060753],[77.597588,13.060608],[77.596769,13.060611],[77.596322,13.060759],[77.596024,13.060944],[77.596024,13.061017],[77.595764,13.061201],[77.595764,13.061274],[77.595652,13.061384],[77.59554,13.061421],[77.595503,13.062007],[77.595652,13.062079],[77.595838,13.062298]]]}},{"type":"Feature","properties":{"histId":"soi-57g12-1927-0161","sheet":"soi-57g12-1927","year":1927,"scale":63360,"areaM2":11945,"name":null,"confidence":"medium","source":"soi-57g12-1927"},"geometry":{"type":"Polygon","coordinates":[[[77.517754,13.058106],[77.517754,13.057996],[77.517642,13.05796],[77.517531,13.057815],[77.517309,13.057742],[77.516938,13.057744],[77.516642,13.057855],[77.516642,13.058441],[77.517012,13.058549],[77.517383,13.058766],[77.517976,13.058544],[77.517976,13.058251],[77.517754,13.058106]]]}},{"type":"Feature","properties":{"histId":"soi-57g12-1927-0162","sheet":"soi-57g12-1927","year":1927,"scale":63360,"areaM2":10546,"name":null,"confidence":"medium","source":"soi-57g12-1927"},"geometry":{"type":"Polygon","coordinates":[[[77.520163,13.056558],[77.52046,13.05652],[77.520756,13.056189],[77.520756,13.05586],[77.520571,13.055715],[77.520534,13.055532],[77.5202,13.055497],[77.520052,13.055608],[77.519644,13.055719],[77.519644,13.056268],[77.519978,13.056376],[77.520163,13.056558]]]}},{"type":"Feature","properties":{"histId":"soi-57g12-1927-0163","sheet":"soi-57g12-1927","year":1927,"scale":63360,"areaM2":287684,"name":null,"confidence":"high","source":"soi-57g12-1927"},"geometry":{"type":"Polygon","coordinates":[[[77.678746,13.050327],[77.678971,13.050473],[77.678971,13.050546],[77.67912,13.050582],[77.679345,13.050508],[77.680018,13.050762],[77.680318,13.051091],[77.680842,13.051345],[77.681141,13.051308],[77.681365,13.051197],[77.681814,13.051306],[77.682151,13.051122],[77.682338,13.051158],[77.682562,13.051084],[77.682674,13.050937],[77.682973,13.050863],[77.683235,13.050716],[77.683272,13.050386],[77.683497,13.050239],[77.683496,13.049836],[77.683721,13.049689],[77.683832,13.049359],[77.683982,13.049249],[77.684019,13.048627],[77.684206,13.04848],[77.684243,13.04826],[77.684242,13.047491],[77.684354,13.047381],[77.684354,13.047235],[77.684466,13.047124],[77.684466,13.047051],[77.684279,13.046905],[77.684279,13.046832],[77.684017,13.04676],[77.683793,13.046834],[77.683307,13.047128],[77.68297,13.047166],[77.682558,13.047021],[77.682446,13.046874],[77.68166,13.046474],[77.681323,13.046219],[77.68065,13.046002],[77.680425,13.046002],[77.679939,13.04615],[77.679528,13.046078],[77.679042,13.046153],[77.67893,13.0463],[77.678817,13.046337],[77.678818,13.046447],[77.678631,13.046594],[77.678594,13.047729],[77.678482,13.047839],[77.678333,13.047876],[77.678333,13.048608],[77.678445,13.048644],[77.678558,13.048754],[77.678558,13.048827],[77.678745,13.048973],[77.678745,13.049119],[77.678558,13.049266],[77.678521,13.050072],[77.678746,13.050217],[77.678746,13.050327]]]}},{"type":"Feature","properties":{"histId":"soi-57g12-1927-0164","sheet":"soi-57g12-1927","year":1927,"scale":63360,"areaM2":310915,"name":null,"confidence":"high","source":"soi-57g12-1927"},"geometry":{"type":"Polygon","coordinates":[[[77.684395,13.050566],[77.684844,13.050747],[77.685143,13.050637],[77.685442,13.050636],[77.685629,13.050489],[77.685929,13.050451],[77.686265,13.050267],[77.686602,13.050266],[77.686826,13.050082],[77.687275,13.049934],[77.687724,13.049933],[77.688098,13.049712],[77.688435,13.049784],[77.68851,13.049748],[77.68851,13.049455],[77.688809,13.049271],[77.689969,13.04956],[77.690044,13.049523],[77.690269,13.049632],[77.690381,13.049595],[77.690755,13.049741],[77.691129,13.04974],[77.691354,13.049849],[77.691654,13.049848],[77.691878,13.049957],[77.69199,13.04992],[77.69199,13.049847],[77.691728,13.049518],[77.691316,13.049153],[77.691091,13.049081],[77.690979,13.048971],[77.690904,13.048752],[77.690717,13.048606],[77.690717,13.048533],[77.690492,13.048277],[77.690417,13.047838],[77.690304,13.047692],[77.690229,13.046777],[77.690154,13.046741],[77.689817,13.046925],[77.689592,13.046779],[77.689592,13.046669],[77.689405,13.046597],[77.689405,13.046816],[77.689293,13.046926],[77.689069,13.046927],[77.688844,13.047147],[77.688582,13.047148],[77.688171,13.047369],[77.687946,13.04726],[77.687759,13.047078],[77.687759,13.046931],[77.687946,13.046784],[77.687946,13.046674],[77.687796,13.046638],[77.687646,13.046492],[77.687646,13.046346],[77.687908,13.046162],[77.688357,13.046453],[77.688582,13.046343],[77.688731,13.046342],[77.688956,13.046452],[77.68918,13.046378],[77.68933,13.04645],[77.68933,13.046377],[77.689442,13.046267],[77.689554,13.04623],[77.689891,13.046375],[77.690078,13.046338],[77.690078,13.046155],[77.690415,13.045935],[77.690415,13.045861],[77.690527,13.045751],[77.690527,13.045605],[77.690751,13.045421],[77.690751,13.045311],[77.690601,13.045129],[77.690601,13.044946],[77.690489,13.044909],[77.69019,13.045057],[77.689703,13.045131],[77.689554,13.045205],[77.689441,13.045169],[77.689292,13.045242],[77.688917,13.045244],[77.688656,13.045354],[77.688393,13.045172],[77.688393,13.044842],[77.688318,13.044806],[77.687121,13.0447],[77.686971,13.044774],[77.686447,13.044812],[77.686148,13.044959],[77.685961,13.045143],[77.685662,13.045217],[77.685662,13.045766],[77.685737,13.045839],[77.685738,13.045986],[77.685476,13.046169],[77.685289,13.046683],[77.685215,13.047488],[77.684991,13.048148],[77.685029,13.048623],[77.684655,13.048991],[77.684656,13.049357],[77.684431,13.049504],[77.684431,13.049614],[77.684207,13.049907],[77.68417,13.050347],[77.684395,13.050492],[77.684395,13.050566]]]}},{"type":"Feature","properties":{"histId":"soi-57g12-1927-0165","sheet":"soi-57g12-1927","year":1927,"scale":63360,"areaM2":464535,"name":null,"confidence":"high","source":"soi-57g12-1927"},"geometry":{"type":"Polygon","coordinates":[[[77.67022,13.049879],[77.67022,13.049769],[77.669921,13.04944],[77.669846,13.049221],[77.669659,13.049075],[77.669397,13.048161],[77.669284,13.048015],[77.669284,13.047612],[77.669134,13.047466],[77.669134,13.047247],[77.668909,13.046625],[77.668834,13.04604],[77.66861,13.045711],[77.668572,13.045565],[77.668497,13.045528],[77.668049,13.045676],[77.667712,13.045677],[77.667413,13.045605],[77.667264,13.045679],[77.666965,13.04568],[77.666778,13.045607],[77.666554,13.045718],[77.666404,13.045682],[77.666255,13.045755],[77.665881,13.045757],[77.665882,13.046342],[77.665956,13.046379],[77.66633,13.046158],[77.666442,13.046194],[77.666554,13.046303],[77.666555,13.046779],[77.666405,13.046926],[77.666069,13.046927],[77.665882,13.047074],[77.665883,13.048538],[77.665622,13.048722],[77.66536,13.04854],[77.665397,13.048284],[77.665323,13.048211],[77.665322,13.047113],[77.665209,13.047077],[77.664985,13.047151],[77.664836,13.047078],[77.664612,13.047262],[77.664462,13.047299],[77.663864,13.046861],[77.663864,13.046459],[77.663976,13.046349],[77.664275,13.046311],[77.664275,13.046238],[77.664424,13.046091],[77.664536,13.046054],[77.664798,13.046199],[77.664947,13.046126],[77.665171,13.046198],[77.665358,13.046161],[77.665395,13.045685],[77.664835,13.045504],[77.66461,13.045578],[77.664311,13.045432],[77.663975,13.045653],[77.663639,13.045764],[77.663265,13.045582],[77.663004,13.045693],[77.662742,13.045694],[77.66248,13.045512],[77.66248,13.045036],[77.662032,13.044928],[77.661509,13.045149],[77.66121,13.04515],[77.661023,13.045297],[77.660799,13.045371],[77.659753,13.045338],[77.658893,13.045377],[77.658744,13.045451],[77.658595,13.045415],[77.658146,13.0456],[77.658147,13.045709],[77.657475,13.046187],[77.656316,13.046118],[77.65598,13.046229],[77.655831,13.046193],[77.655607,13.046267],[77.655346,13.046451],[77.654785,13.046526],[77.654599,13.04671],[77.654263,13.046821],[77.654263,13.04737],[77.65445,13.047516],[77.65445,13.047589],[77.654674,13.047661],[77.655421,13.047622],[77.656131,13.047949],[77.656804,13.04813],[77.657028,13.048275],[77.657327,13.048274],[77.657551,13.0482],[77.658111,13.047869],[77.658634,13.047904],[77.658783,13.04805],[77.658784,13.048233],[77.659307,13.048451],[77.659419,13.04856],[77.659419,13.048633],[77.659793,13.048742],[77.659905,13.048851],[77.659905,13.048998],[77.660129,13.049143],[77.660129,13.049253],[77.660204,13.04929],[77.660764,13.049141],[77.660801,13.048336],[77.661062,13.048115],[77.661062,13.047456],[77.661286,13.047309],[77.661847,13.047381],[77.661996,13.047344],[77.662407,13.047489],[77.662594,13.047488],[77.662706,13.047597],[77.662706,13.04778],[77.662408,13.048001],[77.662408,13.048257],[77.662931,13.048585],[77.663305,13.04862],[77.663529,13.048546],[77.663529,13.048253],[77.663753,13.048106],[77.664052,13.048288],[77.664388,13.048287],[77.664687,13.048433],[77.664874,13.048652],[77.665136,13.048651],[77.665435,13.048833],[77.665659,13.048869],[77.665884,13.049051],[77.666445,13.049269],[77.666856,13.049341],[77.667005,13.049267],[77.667342,13.049449],[77.668202,13.049702],[77.668389,13.049811],[77.669174,13.049772],[77.669585,13.049917],[77.66966,13.04988],[77.670482,13.050354],[77.670557,13.050317],[77.670557,13.050207],[77.67022,13.049879]]]}},{"type":"Feature","properties":{"histId":"soi-57g12-1927-0166","sheet":"soi-57g12-1927","year":1927,"scale":63360,"areaM2":8916,"name":null,"confidence":"medium","source":"soi-57g12-1927"},"geometry":{"type":"Polygon","coordinates":[[[77.591292,13.048009],[77.591329,13.047534],[77.591105,13.047388],[77.591105,13.047205],[77.591031,13.047169],[77.590733,13.04717],[77.590547,13.047354],[77.590398,13.047391],[77.590399,13.047976],[77.590696,13.048158],[77.590994,13.048157],[77.591292,13.048009]]]}},{"type":"Feature","properties":{"histId":"soi-57g12-1927-0167","sheet":"soi-57g12-1927","year":1927,"scale":63360,"areaM2":582335,"name":null,"confidence":"high","source":"soi-57g12-1927"},"geometry":{"type":"Polygon","coordinates":[[[77.578718,13.051794],[77.579201,13.051609],[77.579536,13.051754],[77.579834,13.05157],[77.580057,13.051642],[77.581098,13.051564],[77.581359,13.051417],[77.581582,13.051416],[77.582214,13.050938],[77.582549,13.05079],[77.583181,13.051007],[77.583702,13.050785],[77.583813,13.050638],[77.583962,13.050601],[77.583962,13.050491],[77.584185,13.050344],[77.584185,13.050198],[77.584297,13.050087],[77.584595,13.049976],[77.585041,13.049974],[77.585562,13.04968],[77.585711,13.049533],[77.586194,13.049494],[77.586566,13.049236],[77.586975,13.049088],[77.587571,13.049013],[77.587794,13.048902],[77.587868,13.048938],[77.588166,13.048827],[77.588464,13.048826],[77.588761,13.048715],[77.588873,13.048568],[77.589022,13.048531],[77.589133,13.048384],[77.589245,13.048347],[77.589245,13.048274],[77.589505,13.04809],[77.589505,13.047504],[77.589021,13.04747],[77.588054,13.047547],[77.587831,13.047402],[77.587831,13.047219],[77.587942,13.047108],[77.588128,13.047108],[77.588426,13.046923],[77.588686,13.046995],[77.589021,13.046848],[77.589282,13.046847],[77.589431,13.046919],[77.589654,13.046845],[77.590063,13.04688],[77.590138,13.046843],[77.590138,13.04666],[77.590249,13.04655],[77.590398,13.046513],[77.590584,13.046585],[77.590882,13.046328],[77.590732,13.04373],[77.590508,13.042633],[77.590322,13.042305],[77.590173,13.042269],[77.590024,13.042343],[77.589838,13.042343],[77.589689,13.04249],[77.58928,13.042675],[77.589131,13.042822],[77.588871,13.042896],[77.588462,13.043154],[77.588387,13.043337],[77.588127,13.043595],[77.587755,13.043706],[77.587643,13.043963],[77.587643,13.044146],[77.587271,13.044586],[77.586862,13.044844],[77.586862,13.045064],[77.586602,13.045248],[77.586453,13.045175],[77.586379,13.045212],[77.586453,13.045358],[77.586453,13.045724],[77.586305,13.045871],[77.586044,13.045872],[77.585784,13.045727],[77.585672,13.045617],[77.585672,13.045544],[77.585523,13.045508],[77.584853,13.045804],[77.584072,13.045807],[77.583663,13.045992],[77.583254,13.04603],[77.583068,13.046214],[77.582696,13.046325],[77.582696,13.046654],[77.582473,13.046802],[77.582473,13.046875],[77.582622,13.046984],[77.582622,13.047094],[77.582733,13.047203],[77.582734,13.04735],[77.582622,13.04746],[77.582473,13.047497],[77.582473,13.04757],[77.582362,13.04768],[77.581841,13.047683],[77.581543,13.047794],[77.581432,13.04794],[77.58106,13.048162],[77.58106,13.048235],[77.580948,13.048345],[77.580837,13.048382],[77.5808,13.048638],[77.580614,13.048786],[77.580614,13.048895],[77.580502,13.049006],[77.580205,13.04908],[77.580056,13.049007],[77.579684,13.048972],[77.579238,13.049157],[77.579201,13.049706],[77.578903,13.05],[77.578754,13.050037],[77.578755,13.050147],[77.578643,13.050257],[77.578308,13.050369],[77.57816,13.050589],[77.578048,13.050626],[77.578048,13.051541],[77.578346,13.051759],[77.578718,13.051794]]]}},{"type":"Feature","properties":{"histId":"soi-57g12-1927-0168","sheet":"soi-57g12-1927","year":1927,"scale":63360,"areaM2":81073,"name":null,"confidence":"high","source":"soi-57g12-1927"},"geometry":{"type":"Polygon","coordinates":[[[77.742472,13.045459],[77.742172,13.045241],[77.741759,13.045168],[77.741571,13.045022],[77.741495,13.044693],[77.741383,13.044657],[77.74127,13.044547],[77.74127,13.044437],[77.741044,13.044291],[77.741044,13.044145],[77.740594,13.043816],[77.740593,13.04367],[77.740406,13.043524],[77.740405,13.043231],[77.740293,13.043195],[77.74018,13.043085],[77.74018,13.042975],[77.739954,13.042829],[77.739954,13.042646],[77.739729,13.042464],[77.739728,13.042061],[77.73939,13.041952],[77.739053,13.042063],[77.739053,13.042209],[77.739203,13.042319],[77.739242,13.043197],[77.739017,13.043345],[77.739017,13.043418],[77.739242,13.043564],[77.73928,13.044003],[77.739243,13.044406],[77.739018,13.044553],[77.738982,13.045651],[77.739508,13.045906],[77.739808,13.045906],[77.740108,13.046015],[77.740484,13.04594],[77.740859,13.045756],[77.741647,13.045791],[77.741872,13.045717],[77.742097,13.04579],[77.742622,13.045569],[77.742622,13.045496],[77.742472,13.045459]]]}},{"type":"Feature","properties":{"histId":"soi-57g12-1927-0169","sheet":"soi-57g12-1927","year":1927,"scale":63360,"areaM2":138734,"name":null,"confidence":"high","source":"soi-57g12-1927"},"geometry":{"type":"Polygon","coordinates":[[[77.608345,13.046367],[77.608717,13.046549],[77.608941,13.046548],[77.609165,13.046657],[77.6095,13.046656],[77.609798,13.046764],[77.611139,13.046759],[77.611586,13.046611],[77.611586,13.046245],[77.611847,13.046061],[77.61207,13.045804],[77.612294,13.045437],[77.612368,13.045181],[77.612405,13.044156],[77.612181,13.043974],[77.612181,13.043827],[77.612404,13.043644],[77.612553,13.043606],[77.612591,13.043387],[77.613038,13.043092],[77.613038,13.043019],[77.612516,13.042765],[77.612218,13.042766],[77.611994,13.04284],[77.611696,13.042731],[77.611323,13.042769],[77.611174,13.042843],[77.610318,13.04281],[77.609796,13.042995],[77.609424,13.042996],[77.608716,13.043219],[77.608716,13.043695],[77.60894,13.043767],[77.609349,13.043729],[77.609498,13.043618],[77.609722,13.043581],[77.609983,13.04369],[77.610095,13.043799],[77.610132,13.044092],[77.609946,13.044275],[77.609648,13.044423],[77.609387,13.044314],[77.608903,13.044316],[77.608493,13.044427],[77.608493,13.044537],[77.608679,13.044683],[77.608679,13.044939],[77.608903,13.045011],[77.609313,13.044973],[77.609573,13.044862],[77.609573,13.044533],[77.609685,13.044423],[77.609834,13.044385],[77.610058,13.044531],[77.610058,13.044677],[77.610356,13.044859],[77.611436,13.044855],[77.611548,13.044964],[77.611548,13.045111],[77.611437,13.045258],[77.611437,13.045514],[77.611325,13.045624],[77.611139,13.045661],[77.610505,13.045481],[77.609648,13.04585],[77.60935,13.045668],[77.60935,13.045522],[77.608903,13.045414],[77.607823,13.045491],[77.607525,13.045675],[77.607525,13.046115],[77.607823,13.04626],[77.608345,13.046367]]]}},{"type":"Feature","properties":{"histId":"soi-57g12-1927-0170","sheet":"soi-57g12-1927","year":1927,"scale":63360,"areaM2":55825,"name":null,"confidence":"high","source":"soi-57g12-1927"},"geometry":{"type":"Polygon","coordinates":[[[77.605178,13.046087],[77.605327,13.045977],[77.605737,13.045829],[77.606147,13.045827],[77.606147,13.045608],[77.60596,13.045462],[77.60596,13.045023],[77.606444,13.044728],[77.606742,13.044837],[77.607078,13.044835],[77.607301,13.044761],[77.607338,13.044651],[77.607524,13.044504],[77.607561,13.043699],[77.607338,13.043554],[77.607338,13.043444],[77.607263,13.043407],[77.606965,13.043409],[77.606742,13.043336],[77.605773,13.043816],[77.605513,13.043744],[77.605066,13.043746],[77.604842,13.04382],[77.604842,13.044003],[77.604619,13.04415],[77.604619,13.044223],[77.604842,13.044369],[77.604843,13.044588],[77.605066,13.044734],[77.605066,13.045136],[77.604955,13.045246],[77.604806,13.045284],[77.604806,13.045357],[77.604694,13.045467],[77.604582,13.045504],[77.604582,13.045943],[77.60488,13.046088],[77.605178,13.046087]]]}},{"type":"Feature","properties":{"histId":"soi-57g12-1927-0171","sheet":"soi-57g12-1927","year":1927,"scale":63360,"areaM2":72540,"name":null,"confidence":"high","source":"soi-57g12-1927"},"geometry":{"type":"Polygon","coordinates":[[[77.511936,13.041674],[77.512121,13.041453],[77.512418,13.041415],[77.512714,13.041523],[77.513381,13.041484],[77.513603,13.041409],[77.513603,13.041336],[77.513715,13.041226],[77.513863,13.041189],[77.513863,13.039872],[77.513641,13.039726],[77.513641,13.039507],[77.513233,13.039216],[77.513233,13.039143],[77.512714,13.039072],[77.512381,13.038928],[77.512084,13.039149],[77.511788,13.039223],[77.511788,13.039333],[77.51164,13.039444],[77.51164,13.039553],[77.511084,13.039995],[77.511084,13.040141],[77.510936,13.040252],[77.510936,13.040581],[77.511121,13.040727],[77.511121,13.041312],[77.511343,13.041457],[77.511343,13.04164],[77.511566,13.041712],[77.511936,13.041674]]]}},{"type":"Feature","properties":{"histId":"soi-57g12-1927-0172","sheet":"soi-57g12-1927","year":1927,"scale":63360,"areaM2":35432,"name":null,"confidence":"high","source":"soi-57g12-1927"},"geometry":{"type":"Polygon","coordinates":[[[77.732107,13.037504],[77.731882,13.037358],[77.731881,13.037175],[77.731694,13.037029],[77.731656,13.036553],[77.731468,13.036407],[77.731467,13.036004],[77.731317,13.035895],[77.731317,13.035749],[77.731092,13.035603],[77.731092,13.035529],[77.730792,13.035494],[77.730717,13.03553],[77.730717,13.03564],[77.730567,13.035751],[77.730567,13.03619],[77.730343,13.036337],[77.730343,13.03641],[77.73023,13.03652],[77.730118,13.036557],[77.730119,13.037143],[77.730644,13.037398],[77.730757,13.037508],[77.730757,13.037581],[77.731057,13.037653],[77.731207,13.037836],[77.731657,13.038164],[77.732033,13.0382],[77.732108,13.038163],[77.732107,13.037504]]]}},{"type":"Feature","properties":{"histId":"soi-57g12-1927-0173","sheet":"soi-57g12-1927","year":1927,"scale":63360,"areaM2":448690,"name":null,"confidence":"high","source":"soi-57g12-1927"},"geometry":{"type":"Polygon","coordinates":[[[77.720449,13.041417],[77.720449,13.041051],[77.720524,13.040977],[77.720524,13.040794],[77.720786,13.040574],[77.721161,13.040426],[77.72116,13.040207],[77.721348,13.04006],[77.721385,13.039693],[77.721609,13.039546],[77.721646,13.038924],[77.721871,13.038777],[77.721871,13.038337],[77.721983,13.038227],[77.722433,13.038226],[77.722545,13.038336],[77.722546,13.038519],[77.722921,13.038664],[77.723108,13.038444],[77.72337,13.038406],[77.723557,13.038223],[77.723782,13.038149],[77.724307,13.038148],[77.724607,13.037927],[77.724832,13.038],[77.725244,13.037889],[77.725432,13.037961],[77.725507,13.037925],[77.725507,13.037705],[77.725694,13.037521],[77.726294,13.037337],[77.726519,13.037409],[77.726819,13.037408],[77.727081,13.037261],[77.727269,13.037297],[77.727606,13.03715],[77.727793,13.037003],[77.727943,13.036783],[77.728055,13.036746],[77.728055,13.036673],[77.728168,13.036563],[77.72828,13.036526],[77.728317,13.036306],[77.728505,13.036159],[77.728505,13.035976],[77.728729,13.035792],[77.728767,13.035646],[77.728954,13.035499],[77.729216,13.035425],[77.729253,13.034949],[77.729478,13.034801],[77.729478,13.034216],[77.729702,13.034069],[77.729702,13.033373],[77.729514,13.033227],[77.729513,13.032787],[77.729288,13.032642],[77.729288,13.032422],[77.729063,13.032276],[77.729063,13.03213],[77.728875,13.031984],[77.728875,13.031837],[77.728575,13.031655],[77.727037,13.031659],[77.72655,13.03188],[77.726287,13.031844],[77.725987,13.031589],[77.725987,13.031259],[77.726137,13.031149],[77.726136,13.030307],[77.725798,13.030198],[77.72561,13.030015],[77.72531,13.030016],[77.725048,13.030237],[77.724898,13.030457],[77.724786,13.030494],[77.724787,13.030933],[77.725012,13.031079],[77.724976,13.032653],[77.724751,13.032801],[77.724751,13.03302],[77.724939,13.033166],[77.724939,13.033532],[77.724752,13.033789],[77.72449,13.033863],[77.72449,13.034156],[77.724378,13.034266],[77.724228,13.034303],[77.724229,13.034962],[77.724004,13.035109],[77.723967,13.035402],[77.723779,13.035549],[77.723668,13.036062],[77.723518,13.036173],[77.723518,13.036575],[77.723218,13.036759],[77.723031,13.036723],[77.722806,13.036797],[77.722806,13.036907],[77.722694,13.037017],[77.722319,13.037055],[77.721869,13.037276],[77.721532,13.037679],[77.72142,13.037716],[77.72142,13.037826],[77.721308,13.037936],[77.721045,13.037974],[77.720746,13.038121],[77.720746,13.038231],[77.720521,13.038378],[77.720521,13.038524],[77.720296,13.038671],[77.720297,13.038818],[77.720072,13.038965],[77.720035,13.039954],[77.719848,13.040101],[77.719548,13.040175],[77.719436,13.040321],[77.719324,13.040358],[77.719324,13.040907],[77.719549,13.041053],[77.71955,13.041273],[77.719775,13.041419],[77.719775,13.041492],[77.72015,13.041528],[77.720449,13.041417]]]}},{"type":"Feature","properties":{"histId":"soi-57g12-1927-0174","sheet":"soi-57g12-1927","year":1927,"scale":63360,"areaM2":59542,"name":null,"confidence":"high","source":"soi-57g12-1927"},"geometry":{"type":"Polygon","coordinates":[[[77.625969,13.037589],[77.626156,13.037625],[77.626342,13.037478],[77.626864,13.037403],[77.62705,13.037256],[77.627311,13.037218],[77.627572,13.037034],[77.627833,13.03696],[77.627945,13.036813],[77.628989,13.036297],[77.628989,13.036224],[77.629101,13.036114],[77.629474,13.035929],[77.629473,13.035417],[77.6291,13.035235],[77.628205,13.035678],[77.627982,13.035605],[77.627795,13.03546],[77.627422,13.035388],[77.626825,13.035427],[77.626676,13.035537],[77.626304,13.035612],[77.626304,13.035685],[77.626192,13.035795],[77.626043,13.035832],[77.625856,13.036016],[77.625856,13.036126],[77.626043,13.036272],[77.626043,13.03693],[77.625969,13.037004],[77.625969,13.03715],[77.62582,13.037261],[77.62582,13.037407],[77.625969,13.037516],[77.625969,13.037589]]]}},{"type":"Feature","properties":{"histId":"soi-57g12-1927-0175","sheet":"soi-57g12-1927","year":1927,"scale":63360,"areaM2":61321,"name":null,"confidence":"high","source":"soi-57g12-1927"},"geometry":{"type":"Polygon","coordinates":[[[77.710288,13.036393],[77.710513,13.036246],[77.710513,13.035953],[77.710737,13.035806],[77.710887,13.035622],[77.710999,13.035586],[77.710999,13.035512],[77.711673,13.034998],[77.711673,13.034558],[77.711448,13.034413],[77.711448,13.034303],[77.711298,13.034267],[77.710923,13.034011],[77.710623,13.034012],[77.710436,13.03394],[77.710323,13.03383],[77.710323,13.033757],[77.710023,13.033538],[77.709723,13.033539],[77.709237,13.033906],[77.7092,13.034309],[77.708975,13.034456],[77.708975,13.034713],[77.709163,13.034859],[77.709164,13.035811],[77.709389,13.035956],[77.709389,13.036176],[77.709614,13.036322],[77.709614,13.036505],[77.709689,13.036541],[77.710288,13.036503],[77.710288,13.036393]]]}},{"type":"Feature","properties":{"histId":"soi-57g12-1927-0176","sheet":"soi-57g12-1927","year":1927,"scale":63360,"areaM2":173934,"name":null,"confidence":"high","source":"soi-57g12-1927"},"geometry":{"type":"Polygon","coordinates":[[[77.660158,13.037613],[77.660157,13.037247],[77.660008,13.037138],[77.660045,13.036771],[77.65997,13.036698],[77.659969,13.035674],[77.660007,13.035564],[77.660193,13.035417],[77.660193,13.035307],[77.660006,13.035161],[77.660006,13.034136],[77.659781,13.03399],[77.659744,13.033368],[77.659818,13.033002],[77.659594,13.032856],[77.659593,13.032563],[77.659294,13.032418],[77.659033,13.032419],[77.658809,13.032529],[77.658435,13.032604],[77.658174,13.032568],[77.65795,13.032423],[77.657352,13.032534],[77.657352,13.032644],[77.65724,13.032754],[77.657128,13.032791],[77.657091,13.033011],[77.657055,13.034366],[77.657092,13.034512],[77.657242,13.034621],[77.65728,13.035353],[77.657205,13.035427],[77.657205,13.035537],[77.657056,13.035647],[77.657018,13.03583],[77.657019,13.037148],[77.657281,13.03733],[77.657505,13.037293],[77.658103,13.037547],[77.658514,13.037619],[77.658664,13.037728],[77.659187,13.037799],[77.659486,13.037908],[77.659859,13.03787],[77.660046,13.03765],[77.660158,13.037613]]]}},{"type":"Feature","properties":{"histId":"soi-57g12-1927-0177","sheet":"soi-57g12-1927","year":1927,"scale":63360,"areaM2":114612,"name":null,"confidence":"high","source":"soi-57g12-1927"},"geometry":{"type":"Polygon","coordinates":[[[77.568415,13.037092],[77.568861,13.03709],[77.569158,13.037272],[77.56953,13.037344],[77.569902,13.037305],[77.570682,13.037558],[77.57098,13.037813],[77.571314,13.037775],[77.571351,13.037555],[77.571537,13.037408],[77.571537,13.037262],[77.571649,13.037151],[77.571649,13.037005],[77.571797,13.036895],[77.571797,13.036565],[77.57202,13.036418],[77.572057,13.034625],[77.571871,13.034479],[77.571834,13.03393],[77.571722,13.033821],[77.571722,13.033675],[77.571833,13.033565],[77.572094,13.03349],[77.572131,13.032941],[77.571908,13.032723],[77.571647,13.032651],[77.571461,13.032688],[77.571461,13.032798],[77.571238,13.032945],[77.571239,13.033274],[77.571387,13.033383],[77.571424,13.033493],[77.571387,13.033786],[77.570979,13.034081],[77.570718,13.034448],[77.570496,13.034595],[77.570496,13.034778],[77.570384,13.034888],[77.569901,13.035],[77.569715,13.03522],[77.569566,13.035258],[77.569567,13.03555],[77.569306,13.035734],[77.569306,13.035808],[77.569195,13.035918],[77.568898,13.035992],[77.568898,13.036102],[77.568786,13.036212],[77.568638,13.03625],[77.568638,13.036433],[77.56834,13.036653],[77.567931,13.036765],[77.567932,13.037277],[77.56808,13.037313],[77.568415,13.037092]]]}},{"type":"Feature","properties":{"histId":"soi-57g12-1927-0178","sheet":"soi-57g12-1927","year":1927,"scale":63360,"areaM2":84082,"name":null,"confidence":"high","source":"soi-57g12-1927"},"geometry":{"type":"Polygon","coordinates":[[[77.550658,13.036879],[77.550732,13.036842],[77.551252,13.037023],[77.551437,13.037168],[77.552366,13.037201],[77.552477,13.03731],[77.552477,13.037456],[77.552663,13.037455],[77.552663,13.037053],[77.552848,13.036906],[77.553108,13.036831],[77.553182,13.036063],[77.553331,13.03555],[77.553554,13.035256],[77.553702,13.03445],[77.553293,13.034123],[77.553293,13.03394],[77.553442,13.03383],[77.553442,13.033756],[77.553553,13.033646],[77.553776,13.033572],[77.553776,13.033462],[77.553925,13.033352],[77.553925,13.033242],[77.553813,13.033206],[77.553627,13.032987],[77.55333,13.032952],[77.553033,13.0331],[77.553033,13.033356],[77.552922,13.033466],[77.552328,13.033615],[77.552328,13.033908],[77.552402,13.033981],[77.552402,13.034164],[77.552142,13.034384],[77.552142,13.03464],[77.55192,13.034824],[77.551697,13.034862],[77.551437,13.034753],[77.551288,13.034827],[77.551029,13.034828],[77.550843,13.034756],[77.550583,13.034867],[77.55036,13.034758],[77.550286,13.034795],[77.550323,13.034905],[77.550769,13.035159],[77.551214,13.034901],[77.551437,13.03501],[77.551697,13.034899],[77.551883,13.034971],[77.552068,13.034897],[77.55218,13.034933],[77.552365,13.035115],[77.552365,13.03592],[77.552328,13.036067],[77.552106,13.036214],[77.551808,13.036032],[77.551549,13.036107],[77.551326,13.035998],[77.55114,13.035999],[77.550843,13.035744],[77.550286,13.035747],[77.550026,13.036004],[77.549989,13.036589],[77.550286,13.036808],[77.550658,13.036879]]]}},{"type":"Feature","properties":{"histId":"soi-57g12-1927-0179","sheet":"soi-57g12-1927","year":1927,"scale":63360,"areaM2":98606,"name":null,"confidence":"high","source":"soi-57g12-1927"},"geometry":{"type":"Polygon","coordinates":[[[77.628577,13.034322],[77.628577,13.033773],[77.628391,13.033627],[77.628391,13.033518],[77.628167,13.033372],[77.628166,13.033043],[77.627943,13.032897],[77.627942,13.032202],[77.627979,13.031945],[77.628054,13.031872],[77.627979,13.031726],[77.627979,13.031323],[77.627531,13.031215],[77.626935,13.03129],[77.626525,13.031146],[77.626338,13.030927],[77.62604,13.030928],[77.625742,13.031112],[77.625518,13.031332],[77.625481,13.031625],[77.625257,13.031919],[77.625257,13.031992],[77.625034,13.03214],[77.625071,13.032652],[77.624922,13.032835],[77.62481,13.032872],[77.624773,13.033092],[77.624774,13.03419],[77.625333,13.034225],[77.625408,13.034188],[77.625445,13.033895],[77.625557,13.033785],[77.625818,13.033674],[77.626265,13.033709],[77.62634,13.033672],[77.62634,13.033562],[77.626451,13.033452],[77.626824,13.033267],[77.627048,13.033413],[77.627048,13.033523],[77.627197,13.033559],[77.62757,13.033814],[77.627831,13.033886],[77.627943,13.033995],[77.627943,13.034178],[77.627832,13.034288],[77.627906,13.034581],[77.628056,13.034617],[77.628354,13.034506],[77.628466,13.034359],[77.628577,13.034322]]]}},{"type":"Feature","properties":{"histId":"soi-57g12-1927-0180","sheet":"soi-57g12-1927","year":1927,"scale":63360,"areaM2":138271,"name":null,"confidence":"high","source":"soi-57g12-1927"},"geometry":{"type":"Polygon","coordinates":[[[77.547539,13.034479],[77.547761,13.034624],[77.547761,13.034697],[77.547984,13.034842],[77.547984,13.034952],[77.548207,13.035098],[77.548207,13.035427],[77.548541,13.035535],[77.548727,13.035717],[77.549024,13.035716],[77.549209,13.035495],[77.549321,13.035458],[77.549395,13.035275],[77.549543,13.035165],[77.549543,13.034616],[77.549358,13.03447],[77.549358,13.034324],[77.54958,13.034177],[77.54958,13.034103],[77.549692,13.033993],[77.549914,13.033919],[77.550731,13.033915],[77.550954,13.033841],[77.55114,13.033657],[77.551585,13.033618],[77.551882,13.033507],[77.551882,13.033215],[77.552105,13.033067],[77.552105,13.032775],[77.551882,13.032629],[77.551882,13.032519],[77.551659,13.032374],[77.551659,13.032301],[77.551325,13.032229],[77.551214,13.03212],[77.551214,13.032047],[77.550917,13.031829],[77.550471,13.031831],[77.550025,13.031686],[77.549877,13.031541],[77.549543,13.031396],[77.548577,13.0314],[77.54828,13.031512],[77.548281,13.031768],[77.548058,13.031915],[77.548058,13.032281],[77.547835,13.032428],[77.547798,13.032794],[77.547613,13.032942],[77.547613,13.033015],[77.547724,13.033124],[77.547724,13.033344],[77.547575,13.033454],[77.547538,13.034003],[77.547353,13.03415],[77.547353,13.034223],[77.547539,13.034369],[77.547539,13.034479]]]}},{"type":"Feature","properties":{"histId":"soi-57g12-1927-0181","sheet":"soi-57g12-1927","year":1927,"scale":63360,"areaM2":6641,"name":null,"confidence":"medium","source":"soi-57g12-1927"},"geometry":{"type":"Polygon","coordinates":[[[77.68774,13.026613],[77.68774,13.02654],[77.687366,13.026504],[77.687067,13.026652],[77.687067,13.026761],[77.687254,13.026907],[77.687292,13.0272],[77.687778,13.027382],[77.687965,13.027308],[77.687965,13.026759],[77.68774,13.026613]]]}},{"type":"Feature","properties":{"histId":"soi-57g12-1927-0182","sheet":"soi-57g12-1927","year":1927,"scale":63360,"areaM2":31180,"name":null,"confidence":"high","source":"soi-57g12-1927"},"geometry":{"type":"Polygon","coordinates":[[[77.574323,13.02876],[77.574732,13.028722],[77.574732,13.028429],[77.575066,13.028135],[77.57581,13.028131],[77.576107,13.02802],[77.576107,13.027837],[77.57633,13.02769],[77.576367,13.026738],[77.575698,13.026668],[77.575028,13.026891],[77.574768,13.027185],[77.574768,13.027477],[77.574545,13.027625],[77.574546,13.028027],[77.574434,13.028137],[77.574099,13.028212],[77.574062,13.028798],[77.574174,13.028834],[77.574323,13.02876]]]}},{"type":"Feature","properties":{"histId":"soi-57g12-1927-0183","sheet":"soi-57g12-1927","year":1927,"scale":63360,"areaM2":6055,"name":null,"confidence":"medium","source":"soi-57g12-1927"},"geometry":{"type":"Polygon","coordinates":[[[77.705071,13.025644],[77.704658,13.025462],[77.704396,13.025609],[77.704397,13.025756],[77.704172,13.025903],[77.704172,13.026013],[77.704509,13.026122],[77.704697,13.026341],[77.705034,13.02623],[77.705071,13.025644]]]}},{"type":"Feature","properties":{"histId":"soi-57g12-1927-0184","sheet":"soi-57g12-1927","year":1927,"scale":63360,"areaM2":84201,"name":null,"confidence":"high","source":"soi-57g12-1927"},"geometry":{"type":"Polygon","coordinates":[[[77.644653,13.027235],[77.64525,13.027013],[77.645474,13.027086],[77.645922,13.027084],[77.646221,13.027193],[77.646519,13.027082],[77.646556,13.026899],[77.646631,13.026825],[77.646631,13.026752],[77.646519,13.026643],[77.646519,13.026277],[77.646332,13.026131],[77.646332,13.025984],[77.646108,13.025839],[77.646108,13.025656],[77.645884,13.02551],[77.645883,13.025364],[77.645771,13.025328],[77.645659,13.025218],[77.645659,13.025145],[77.645435,13.024999],[77.645472,13.023974],[77.64536,13.023938],[77.645173,13.023719],[77.644427,13.023722],[77.644091,13.023833],[77.644091,13.024382],[77.643867,13.024529],[77.643867,13.024749],[77.644017,13.024858],[77.644017,13.025004],[77.643868,13.025115],[77.643831,13.025481],[77.643607,13.025628],[77.643607,13.025921],[77.643831,13.026067],[77.643832,13.027128],[77.644131,13.02731],[77.644317,13.027236],[77.644653,13.027235]]]}},{"type":"Feature","properties":{"histId":"soi-57g12-1927-0185","sheet":"soi-57g12-1927","year":1927,"scale":63360,"areaM2":49039,"name":null,"confidence":"high","source":"soi-57g12-1927"},"geometry":{"type":"Polygon","coordinates":[[[77.707805,13.025892],[77.708254,13.025818],[77.708254,13.025708],[77.708479,13.025561],[77.708891,13.025633],[77.709041,13.025559],[77.709565,13.025557],[77.709865,13.0253],[77.709865,13.025227],[77.709977,13.025117],[77.710089,13.02508],[77.710089,13.02464],[77.709901,13.024495],[77.709901,13.024165],[77.709751,13.024129],[77.709638,13.024019],[77.709638,13.02391],[77.709301,13.023801],[77.709002,13.023911],[77.708515,13.024206],[77.708515,13.024316],[77.70829,13.024463],[77.708141,13.024646],[77.707429,13.024795],[77.707242,13.024978],[77.706905,13.025126],[77.706905,13.025199],[77.706793,13.025309],[77.706681,13.025346],[77.706681,13.025639],[77.707131,13.025858],[77.707805,13.025892]]]}},{"type":"Feature","properties":{"histId":"soi-57g12-1927-0186","sheet":"soi-57g12-1927","year":1927,"scale":63360,"areaM2":6949,"name":null,"confidence":"medium","source":"soi-57g12-1927"},"geometry":{"type":"Polygon","coordinates":[[[77.504899,13.02704],[77.505121,13.026819],[77.505121,13.026234],[77.504677,13.026199],[77.504455,13.026274],[77.504455,13.02664],[77.504232,13.026787],[77.504232,13.02686],[77.504529,13.027078],[77.504899,13.02704]]]}},{"type":"Feature","properties":{"histId":"soi-57g12-1927-0187","sheet":"soi-57g12-1927","year":1927,"scale":63360,"areaM2":1035649,"name":null,"confidence":"high","source":"soi-57g12-1927"},"geometry":{"type":"Polygon","coordinates":[[[77.729885,13.030077],[77.730035,13.03004],[77.730035,13.02993],[77.73026,13.029783],[77.73026,13.0296],[77.730485,13.029453],[77.730522,13.028977],[77.730746,13.028829],[77.730745,13.027768],[77.730558,13.027622],[77.730557,13.027512],[77.730332,13.027366],[77.730331,13.026414],[77.730143,13.026268],[77.730143,13.026158],[77.729956,13.026012],[77.729955,13.025866],[77.730105,13.025755],[77.730105,13.025609],[77.730255,13.025462],[77.730255,13.025389],[77.730517,13.025168],[77.731342,13.024946],[77.731567,13.024836],[77.731717,13.024835],[77.732317,13.024541],[77.732541,13.024321],[77.732766,13.024247],[77.733066,13.02399],[77.733779,13.023731],[77.734116,13.023657],[77.734379,13.023693],[77.734829,13.023509],[77.734791,13.023216],[77.734716,13.023143],[77.734678,13.02263],[77.734452,13.022228],[77.734452,13.021972],[77.734339,13.021789],[77.734188,13.021057],[77.734,13.020911],[77.734,13.020435],[77.733849,13.019886],[77.733849,13.019593],[77.733698,13.0193],[77.73366,13.019044],[77.733548,13.018898],[77.733509,13.018202],[77.733434,13.018129],[77.733434,13.01791],[77.733059,13.017801],[77.732946,13.017691],[77.732908,13.017545],[77.732646,13.017509],[77.732308,13.017254],[77.732008,13.017145],[77.731895,13.016998],[77.731482,13.016816],[77.731257,13.01678],[77.730957,13.016598],[77.730807,13.016635],[77.730807,13.016818],[77.730545,13.017039],[77.730546,13.017442],[77.729834,13.018139],[77.729797,13.018322],[77.729534,13.01858],[77.72946,13.018763],[77.72931,13.01891],[77.729085,13.018984],[77.729085,13.019167],[77.728973,13.019277],[77.728673,13.019351],[77.728336,13.019645],[77.728186,13.019682],[77.728036,13.019902],[77.727399,13.020123],[77.727249,13.020307],[77.726949,13.020491],[77.726687,13.020748],[77.726462,13.020749],[77.725899,13.020347],[77.725262,13.020349],[77.724437,13.020644],[77.724175,13.020645],[77.7241,13.020682],[77.7241,13.020829],[77.72395,13.020975],[77.723501,13.021013],[77.723238,13.021161],[77.723051,13.021124],[77.722901,13.021198],[77.722564,13.021199],[77.722301,13.021419],[77.722302,13.021676],[77.722714,13.021931],[77.722715,13.022151],[77.72294,13.022297],[77.72294,13.022626],[77.723053,13.022662],[77.723165,13.022772],[77.723165,13.022882],[77.72339,13.023028],[77.723391,13.023211],[77.723616,13.023357],[77.723616,13.023466],[77.723803,13.023612],[77.723804,13.023795],[77.724179,13.023941],[77.724291,13.02405],[77.724291,13.02416],[77.724479,13.024306],[77.724443,13.025148],[77.72448,13.025331],[77.724705,13.025477],[77.724669,13.026759],[77.724894,13.026905],[77.724858,13.027491],[77.725083,13.027637],[77.725083,13.028003],[77.725308,13.028149],[77.725308,13.028259],[77.725534,13.028404],[77.725534,13.028478],[77.726059,13.028769],[77.726359,13.028768],[77.726696,13.028584],[77.727034,13.028583],[77.727221,13.028656],[77.727334,13.028766],[77.727334,13.028875],[77.727484,13.028985],[77.727484,13.029168],[77.727559,13.029241],[77.72756,13.029607],[77.72786,13.029826],[77.72831,13.029898],[77.72846,13.030081],[77.72861,13.030117],[77.728948,13.030336],[77.729211,13.030408],[77.729511,13.030334],[77.729885,13.030077]]]}},{"type":"Feature","properties":{"histId":"soi-57g12-1927-0188","sheet":"soi-57g12-1927","year":1927,"scale":63360,"areaM2":42142,"name":null,"confidence":"high","source":"soi-57g12-1927"},"geometry":{"type":"Polygon","coordinates":[[[77.668404,13.022832],[77.667619,13.022835],[77.66732,13.022689],[77.667208,13.02269],[77.666946,13.022837],[77.666386,13.022729],[77.666199,13.02251],[77.666236,13.022254],[77.665601,13.022256],[77.665564,13.022842],[77.665863,13.022914],[77.666012,13.02306],[77.666013,13.023609],[77.6662,13.023755],[77.6662,13.024048],[77.666312,13.024084],[77.666499,13.024303],[77.666649,13.024303],[77.667135,13.024484],[77.667321,13.024447],[77.667321,13.024373],[77.667433,13.024263],[77.66777,13.024152],[77.667807,13.023896],[77.668031,13.023749],[77.668031,13.023602],[77.668255,13.023455],[77.668292,13.023345],[77.668479,13.023198],[77.668479,13.022869],[77.668404,13.022832]]]}},{"type":"Feature","properties":{"histId":"soi-57g12-1927-0189","sheet":"soi-57g12-1927","year":1927,"scale":63360,"areaM2":75152,"name":null,"confidence":"high","source":"soi-57g12-1927"},"geometry":{"type":"Polygon","coordinates":[[[77.615933,13.022951],[77.615822,13.022842],[77.615822,13.022769],[77.615598,13.022623],[77.615598,13.02255],[77.615262,13.022405],[77.61515,13.022259],[77.615039,13.022223],[77.614927,13.022113],[77.614927,13.022004],[77.614666,13.021858],[77.614405,13.02153],[77.614181,13.021494],[77.613995,13.021385],[77.613771,13.021386],[77.613361,13.021205],[77.612989,13.021353],[77.612691,13.02139],[77.612691,13.0215],[77.612467,13.021647],[77.612468,13.022196],[77.612654,13.022342],[77.612654,13.022452],[77.612878,13.022597],[77.612878,13.023183],[77.613102,13.023329],[77.613102,13.023475],[77.6134,13.023547],[77.613773,13.023838],[77.613773,13.024058],[77.614071,13.024166],[77.614369,13.024165],[77.614667,13.024054],[77.614667,13.023945],[77.615002,13.023687],[77.615375,13.023539],[77.615487,13.023429],[77.615785,13.023391],[77.616045,13.023244],[77.616045,13.022987],[77.615933,13.022951]]]}},{"type":"Feature","properties":{"histId":"soi-57g12-1927-0190","sheet":"soi-57g12-1927","year":1927,"scale":63360,"areaM2":14892,"name":null,"confidence":"high","source":"soi-57g12-1927"},"geometry":{"type":"Polygon","coordinates":[[[77.50601,13.023229],[77.505899,13.023084],[77.505603,13.023012],[77.505344,13.02283],[77.505084,13.022832],[77.504899,13.023052],[77.504788,13.023089],[77.504788,13.023272],[77.505121,13.023453],[77.505232,13.023563],[77.505232,13.023636],[77.505455,13.023781],[77.505455,13.023891],[77.505788,13.023926],[77.505973,13.024144],[77.506121,13.024107],[77.506232,13.02396],[77.506343,13.023923],[77.506343,13.023776],[77.506566,13.023629],[77.506566,13.023373],[77.50601,13.023229]]]}},{"type":"Feature","properties":{"histId":"soi-57g12-1927-0191","sheet":"soi-57g12-1927","year":1927,"scale":63360,"areaM2":62672,"name":null,"confidence":"high","source":"soi-57g12-1927"},"geometry":{"type":"Polygon","coordinates":[[[77.714092,13.019832],[77.714092,13.019319],[77.714017,13.019246],[77.714016,13.0191],[77.714129,13.01899],[77.714128,13.01855],[77.714241,13.01844],[77.71424,13.018257],[77.714353,13.018147],[77.71439,13.017854],[77.714165,13.017708],[77.714127,13.017452],[77.71364,13.017087],[77.71334,13.017161],[77.713115,13.017089],[77.712853,13.017199],[77.712516,13.01709],[77.712366,13.017127],[77.712328,13.017274],[77.712104,13.017421],[77.712104,13.017751],[77.711655,13.018082],[77.711655,13.018228],[77.712105,13.01852],[77.712105,13.018703],[77.712218,13.018739],[77.712518,13.019031],[77.712518,13.019141],[77.71278,13.019323],[77.71278,13.019433],[77.713005,13.019652],[77.713343,13.019798],[77.713755,13.020163],[77.714093,13.020198],[77.714317,13.020124],[77.714317,13.019978],[77.714092,13.019832]]]}},{"type":"Feature","properties":{"histId":"soi-57g12-1927-0192","sheet":"soi-57g12-1927","year":1927,"scale":63360,"areaM2":132498,"name":null,"confidence":"high","source":"soi-57g12-1927"},"geometry":{"type":"Polygon","coordinates":[[[77.695178,13.017326],[77.695178,13.017473],[77.695403,13.017618],[77.695628,13.017911],[77.696564,13.017908],[77.697013,13.018199],[77.697238,13.018272],[77.697462,13.018271],[77.697762,13.01816],[77.698061,13.018159],[77.698323,13.018012],[77.699484,13.018009],[77.69997,13.01808],[77.700345,13.018042],[77.700607,13.017895],[77.700794,13.017931],[77.700944,13.017858],[77.701168,13.017857],[77.70143,13.018003],[77.70203,13.018001],[77.702254,13.017927],[77.702254,13.017378],[77.701916,13.017269],[77.701804,13.017123],[77.70128,13.016905],[77.701167,13.016758],[77.700793,13.016613],[77.70023,13.016175],[77.70023,13.016066],[77.700043,13.01592],[77.700005,13.015773],[77.699481,13.015592],[77.699219,13.015593],[77.698995,13.015667],[77.698807,13.015814],[77.698433,13.015961],[77.698433,13.016035],[77.698321,13.016145],[77.698097,13.016255],[77.697573,13.016294],[77.696899,13.016479],[77.6966,13.016626],[77.6966,13.016699],[77.696488,13.01681],[77.696338,13.016847],[77.696226,13.016993],[77.696039,13.017067],[77.695814,13.017031],[77.695589,13.016886],[77.69529,13.016887],[77.694953,13.017034],[77.694953,13.01718],[77.695178,13.017326]]]}},{"type":"Feature","properties":{"histId":"soi-57g12-1927-0193","sheet":"soi-57g12-1927","year":1927,"scale":63360,"areaM2":165873,"name":null,"confidence":"high","source":"soi-57g12-1927"},"geometry":{"type":"Polygon","coordinates":[[[77.629389,13.019861],[77.629389,13.019532],[77.629277,13.019422],[77.629276,13.01891],[77.629426,13.018799],[77.629463,13.018397],[77.629537,13.018323],[77.629537,13.018213],[77.629462,13.01814],[77.629462,13.017921],[77.629238,13.017775],[77.629238,13.017482],[77.629164,13.01741],[77.629275,13.01697],[77.629275,13.016384],[77.629126,13.016275],[77.629014,13.016056],[77.629013,13.015726],[77.628827,13.015581],[77.628827,13.015507],[77.628528,13.015399],[77.628155,13.0154],[77.627783,13.015511],[77.627634,13.015622],[77.627261,13.015733],[77.627261,13.015916],[77.627149,13.016026],[77.626925,13.0161],[77.626403,13.016102],[77.626217,13.016286],[77.625882,13.016397],[77.62577,13.016544],[77.625621,13.016581],[77.625621,13.016874],[77.625323,13.017058],[77.625286,13.017644],[77.625361,13.017717],[77.625361,13.0179],[77.62551,13.018009],[77.625585,13.018924],[77.625809,13.01907],[77.625809,13.019326],[77.625921,13.019362],[77.626107,13.019215],[77.626331,13.019141],[77.62648,13.019177],[77.62689,13.019102],[77.627226,13.019284],[77.627524,13.019319],[77.627711,13.019502],[77.628121,13.019537],[77.62827,13.019719],[77.628494,13.019865],[77.628531,13.020011],[77.628942,13.020302],[77.628942,13.020375],[77.629165,13.020374],[77.629165,13.020008],[77.629389,13.019861]]]}},{"type":"Feature","properties":{"histId":"soi-57g12-1927-0194","sheet":"soi-57g12-1927","year":1927,"scale":63360,"areaM2":132537,"name":null,"confidence":"high","source":"soi-57g12-1927"},"geometry":{"type":"Polygon","coordinates":[[[77.685522,13.015087],[77.685557,13.013],[77.685782,13.012853],[77.685782,13.01267],[77.685894,13.012559],[77.686043,13.012522],[77.686043,13.012376],[77.68623,13.012229],[77.68623,13.012009],[77.686043,13.011863],[77.686042,13.011717],[77.685668,13.011681],[77.685369,13.011756],[77.685145,13.011683],[77.684733,13.011684],[77.684247,13.01154],[77.683761,13.011541],[77.683312,13.011689],[77.6832,13.011836],[77.682863,13.01191],[77.682863,13.01213],[77.682751,13.01224],[77.682377,13.012315],[77.682191,13.012498],[77.682153,13.012645],[77.681966,13.012792],[77.68193,13.013854],[77.682042,13.01389],[77.682155,13.014],[77.682155,13.014109],[77.682454,13.014328],[77.683127,13.014436],[77.68324,13.014545],[77.683389,13.014581],[77.683502,13.014691],[77.683502,13.014764],[77.683801,13.01491],[77.6841,13.014909],[77.684437,13.015017],[77.684624,13.015163],[77.684624,13.015236],[77.684924,13.015345],[77.685223,13.015344],[77.68541,13.015124],[77.685522,13.015087]]]}},{"type":"Feature","properties":{"histId":"soi-57g12-1927-0195","sheet":"soi-57g12-1927","year":1927,"scale":63360,"areaM2":97395,"name":null,"confidence":"high","source":"soi-57g12-1927"},"geometry":{"type":"Polygon","coordinates":[[[77.644084,13.014608],[77.644121,13.014022],[77.644792,13.01358],[77.645352,13.013652],[77.645689,13.013943],[77.645726,13.014163],[77.646025,13.014308],[77.646323,13.014307],[77.646584,13.01416],[77.646584,13.01383],[77.646398,13.013684],[77.646397,13.012733],[77.646285,13.012623],[77.646209,13.011708],[77.646097,13.011672],[77.645985,13.011526],[77.645463,13.011345],[77.645201,13.011346],[77.645015,13.01153],[77.644716,13.011641],[77.643709,13.011534],[77.643112,13.011646],[77.642813,13.011794],[77.642814,13.012343],[77.643,13.012489],[77.643,13.012672],[77.643224,13.012817],[77.643225,13.013403],[77.643374,13.013439],[77.643524,13.013585],[77.643449,13.013915],[77.643599,13.014024],[77.643599,13.014207],[77.643412,13.014354],[77.643412,13.014428],[77.643599,13.014573],[77.643599,13.014646],[77.643748,13.014719],[77.644084,13.014608]]]}},{"type":"Feature","properties":{"histId":"soi-57g12-1927-0196","sheet":"soi-57g12-1927","year":1927,"scale":63360,"areaM2":4097,"name":null,"confidence":"low","source":"soi-57g12-1927"},"geometry":{"type":"Polygon","coordinates":[[[77.681591,13.011219],[77.681292,13.01133],[77.681292,13.011586],[77.681816,13.011877],[77.681966,13.01184],[77.681965,13.011254],[77.681591,13.011219]]]}},{"type":"Feature","properties":{"histId":"soi-57g12-1927-0197","sheet":"soi-57g12-1927","year":1927,"scale":63360,"areaM2":7861,"name":null,"confidence":"medium","source":"soi-57g12-1927"},"geometry":{"type":"Polygon","coordinates":[[[77.605198,13.010696],[77.604751,13.010771],[77.604752,13.011357],[77.605348,13.011574],[77.605645,13.011353],[77.605645,13.010768],[77.605198,13.010696]]]}},{"type":"Feature","properties":{"histId":"soi-57g12-1927-0198","sheet":"soi-57g12-1927","year":1927,"scale":63360,"areaM2":6261,"name":null,"confidence":"medium","source":"soi-57g12-1927"},"geometry":{"type":"Polygon","coordinates":[[[77.574725,13.010717],[77.574725,13.010643],[77.574837,13.010533],[77.574948,13.010496],[77.574948,13.010167],[77.574651,13.010022],[77.574502,13.010022],[77.574056,13.010207],[77.574056,13.01061],[77.574502,13.010791],[77.574725,13.010717]]]}},{"type":"Feature","properties":{"histId":"soi-57g12-1927-0199","sheet":"soi-57g12-1927","year":1927,"scale":63360,"areaM2":34980,"name":null,"confidence":"high","source":"soi-57g12-1927"},"geometry":{"type":"Polygon","coordinates":[[[77.676542,13.010137],[77.676766,13.00999],[77.676766,13.009917],[77.676616,13.009807],[77.676616,13.009661],[77.676803,13.009514],[77.676803,13.009404],[77.676915,13.009294],[77.677027,13.009257],[77.677064,13.008854],[77.677139,13.008781],[77.677064,13.008415],[77.676503,13.008014],[77.675755,13.007943],[77.675232,13.008238],[77.675232,13.008787],[77.675419,13.008933],[77.675457,13.009299],[77.675681,13.009444],[77.675681,13.009554],[77.67613,13.009882],[77.676131,13.010248],[77.676467,13.010357],[77.676542,13.01032],[77.676542,13.010137]]]}},{"type":"Feature","properties":{"histId":"soi-57g12-1927-0200","sheet":"soi-57g12-1927","year":1927,"scale":63360,"areaM2":20775,"name":null,"confidence":"high","source":"soi-57g12-1927"},"geometry":{"type":"Polygon","coordinates":[[[77.663197,13.007034],[77.663196,13.006925],[77.663308,13.006814],[77.663421,13.006777],[77.66342,13.006192],[77.663308,13.006082],[77.663308,13.005972],[77.662897,13.005717],[77.662635,13.005682],[77.662448,13.005829],[77.66215,13.005867],[77.661888,13.005977],[77.661851,13.006563],[77.6623,13.006855],[77.6623,13.007001],[77.662636,13.007073],[77.662748,13.007182],[77.662748,13.007256],[77.662861,13.007292],[77.663047,13.007072],[77.663197,13.007034]]]}},{"type":"Feature","properties":{"histId":"soi-57g12-1927-0201","sheet":"soi-57g12-1927","year":1927,"scale":63360,"areaM2":10928,"name":null,"confidence":"medium","source":"soi-57g12-1927"},"geometry":{"type":"Polygon","coordinates":[[[77.660021,13.00635],[77.66002,13.005654],[77.659796,13.005509],[77.659796,13.005399],[77.659721,13.005363],[77.659123,13.005401],[77.659124,13.006353],[77.659423,13.006499],[77.659685,13.006498],[77.660021,13.00635]]]}},{"type":"Feature","properties":{"histId":"soi-57g12-1927-0202","sheet":"soi-57g12-1927","year":1927,"scale":63360,"areaM2":78148,"name":null,"confidence":"high","source":"soi-57g12-1927"},"geometry":{"type":"Polygon","coordinates":[[[77.692584,13.005508],[77.692809,13.005653],[77.692809,13.005763],[77.693071,13.005945],[77.693295,13.005981],[77.693445,13.006127],[77.693446,13.006567],[77.693933,13.006858],[77.694269,13.006857],[77.694344,13.00682],[77.694343,13.006088],[77.694568,13.005941],[77.694568,13.005684],[77.69468,13.005574],[77.694942,13.005573],[77.695241,13.005426],[77.695764,13.004985],[77.696176,13.00491],[77.696176,13.004837],[77.696363,13.00469],[77.696363,13.00436],[77.696063,13.004215],[77.695951,13.004069],[77.695651,13.00396],[77.695427,13.003961],[77.695202,13.003851],[77.69494,13.003926],[77.694678,13.003853],[77.694304,13.004001],[77.69378,13.004039],[77.693518,13.00415],[77.693406,13.004297],[77.693107,13.004334],[77.692882,13.004445],[77.692583,13.004446],[77.692583,13.004556],[77.692359,13.004703],[77.692322,13.005032],[77.692546,13.005178],[77.692584,13.005508]]]}},{"type":"Feature","properties":{"histId":"soi-57g12-1927-0203","sheet":"soi-57g12-1927","year":1927,"scale":63360,"areaM2":37469,"name":null,"confidence":"high","source":"soi-57g12-1927"},"geometry":{"type":"Polygon","coordinates":[[[77.671678,13.005833],[77.671865,13.005686],[77.671902,13.00543],[77.672126,13.005283],[77.672126,13.00488],[77.67235,13.004733],[77.67235,13.004659],[77.672163,13.004514],[77.672163,13.004221],[77.671378,13.004004],[77.671228,13.004041],[77.670892,13.003896],[77.670705,13.004079],[77.670555,13.004116],[77.670557,13.005398],[77.670781,13.005544],[77.670781,13.006129],[77.670968,13.006275],[77.670969,13.006385],[77.671193,13.006457],[77.671641,13.006383],[77.671678,13.005833]]]}},{"type":"Feature","properties":{"histId":"soi-57g12-1927-0204","sheet":"soi-57g12-1927","year":1927,"scale":63360,"areaM2":5727,"name":null,"confidence":"low","source":"soi-57g12-1927"},"geometry":{"type":"Polygon","coordinates":[[[77.730039,13.001329],[77.729589,13.001184],[77.729326,13.001331],[77.729326,13.001405],[77.729627,13.001697],[77.729964,13.001842],[77.730227,13.001695],[77.730526,13.001328],[77.730526,13.001255],[77.730414,13.001182],[77.730039,13.001329]]]}},{"type":"Feature","properties":{"histId":"soi-57h9-1945-0001","sheet":"soi-57h9-1945","year":1945,"scale":63360,"areaM2":20156,"name":null,"confidence":"low","source":"soi-57h9-1945"},"geometry":{"type":"Polygon","coordinates":[[[77.640436,12.999735],[77.639358,12.999698],[77.639134,12.999843],[77.63913,13.000918],[77.640543,13.000918],[77.640547,12.999845],[77.640436,12.999735]]]}},{"type":"Feature","properties":{"histId":"soi-57h9-1945-0002","sheet":"soi-57h9-1945","year":1945,"scale":63360,"areaM2":34141,"name":null,"confidence":"low","source":"soi-57h9-1945"},"geometry":{"type":"Polygon","coordinates":[[[77.6662,12.999915],[77.666201,12.999661],[77.665757,12.999187],[77.66572,12.998932],[77.665609,12.998823],[77.664568,12.998712],[77.664345,12.998858],[77.664339,13.000459],[77.66445,13.000568],[77.66564,13.00057],[77.6662,12.999915]]]}},{"type":"Feature","properties":{"histId":"soi-57h9-1945-0003","sheet":"soi-57h9-1945","year":1945,"scale":63360,"areaM2":64762,"name":null,"confidence":"medium","source":"soi-57h9-1945"},"geometry":{"type":"Polygon","coordinates":[[[77.727847,12.998968],[77.728183,12.998677],[77.728185,12.998058],[77.727999,12.997913],[77.727702,12.997839],[77.727442,12.997548],[77.72681,12.997402],[77.726476,12.997146],[77.72603,12.99711],[77.725806,12.997182],[77.725582,12.9974],[77.725359,12.997437],[77.725209,12.997691],[77.724836,12.997982],[77.724835,12.99831],[77.725131,12.998565],[77.725168,12.998783],[77.725391,12.998929],[77.725763,12.998966],[77.726059,12.999294],[77.726692,12.999404],[77.727697,12.999296],[77.727809,12.999187],[77.727847,12.998968]]]}},{"type":"Feature","properties":{"histId":"soi-57h9-1945-0004","sheet":"soi-57h9-1945","year":1945,"scale":63360,"areaM2":84889,"name":null,"confidence":"medium","source":"soi-57h9-1945"},"geometry":{"type":"Polygon","coordinates":[[[77.555849,12.998477],[77.557,12.998479],[77.557373,12.998152],[77.557558,12.998116],[77.557968,12.997753],[77.558047,12.996663],[77.557975,12.996226],[77.557567,12.996044],[77.557271,12.995752],[77.5569,12.995606],[77.555786,12.995604],[77.555563,12.995677],[77.555452,12.995786],[77.555413,12.996113],[77.555264,12.996294],[77.555226,12.996512],[77.555077,12.996694],[77.555075,12.997094],[77.555259,12.997458],[77.555257,12.998003],[77.555626,12.998404],[77.555849,12.998477]]]}},{"type":"Feature","properties":{"histId":"soi-57h9-1945-0005","sheet":"soi-57h9-1945","year":1945,"scale":63360,"areaM2":37412,"name":null,"confidence":"low","source":"soi-57h9-1945"},"geometry":{"type":"Polygon","coordinates":[[[77.696172,12.991362],[77.696544,12.991253],[77.696843,12.99089],[77.696847,12.989871],[77.69655,12.989615],[77.696327,12.989542],[77.695434,12.989541],[77.695136,12.989723],[77.694987,12.989905],[77.694982,12.991142],[77.69513,12.991288],[77.695353,12.991361],[77.696172,12.991362]]]}},{"type":"Feature","properties":{"histId":"soi-57h9-1945-0006","sheet":"soi-57h9-1945","year":1945,"scale":63360,"areaM2":107630,"name":null,"confidence":"medium","source":"soi-57h9-1945"},"geometry":{"type":"Polygon","coordinates":[[[77.691644,12.988372],[77.692463,12.988373],[77.693022,12.988083],[77.693283,12.987828],[77.693618,12.987719],[77.693768,12.987574],[77.693843,12.987174],[77.694292,12.986592],[77.694293,12.986264],[77.694443,12.986082],[77.694445,12.985427],[77.694186,12.985136],[77.693926,12.98499],[77.693033,12.984952],[77.692287,12.985607],[77.692026,12.985679],[77.691877,12.985825],[77.691393,12.985933],[77.691206,12.986115],[77.690871,12.98626],[77.690721,12.986551],[77.690717,12.987643],[77.690791,12.987825],[77.691421,12.988299],[77.691644,12.988372]]]}},{"type":"Feature","properties":{"histId":"soi-57h9-1945-0007","sheet":"soi-57h9-1945","year":1945,"scale":63360,"areaM2":36507,"name":null,"confidence":"low","source":"soi-57h9-1945"},"geometry":{"type":"Polygon","coordinates":[[[77.705154,12.986785],[77.705043,12.986494],[77.705045,12.98613],[77.70486,12.985802],[77.704488,12.985729],[77.704228,12.985547],[77.703708,12.985546],[77.703185,12.985946],[77.703182,12.986747],[77.703442,12.987002],[77.703478,12.98722],[77.703849,12.987548],[77.704295,12.987585],[77.704706,12.987331],[77.705154,12.986785]]]}},{"type":"Feature","properties":{"histId":"soi-57h9-1945-0008","sheet":"soi-57h9-1945","year":1945,"scale":63360,"areaM2":81117,"name":null,"confidence":"medium","source":"soi-57h9-1945"},"geometry":{"type":"Polygon","coordinates":[[[77.698417,12.987688],[77.698641,12.987616],[77.699051,12.987288],[77.699056,12.98576],[77.698908,12.985578],[77.698909,12.985432],[77.699096,12.985214],[77.699137,12.984195],[77.699323,12.983976],[77.699547,12.98394],[77.699659,12.983831],[77.69966,12.983576],[77.699548,12.983467],[77.699139,12.98343],[77.698469,12.983611],[77.698282,12.983793],[77.698244,12.984084],[77.698057,12.984266],[77.698018,12.984885],[77.697197,12.985503],[77.697122,12.985758],[77.696935,12.985939],[77.696931,12.987141],[77.697301,12.987578],[77.69771,12.987687],[77.698417,12.987688]]]}},{"type":"Feature","properties":{"histId":"soi-57h9-1945-0009","sheet":"soi-57h9-1945","year":1945,"scale":63360,"areaM2":33300,"name":null,"confidence":"low","source":"soi-57h9-1945"},"geometry":{"type":"Polygon","coordinates":[[[77.714173,12.982608],[77.714176,12.981589],[77.714065,12.98148],[77.713619,12.981297],[77.712764,12.981296],[77.712353,12.981623],[77.71235,12.98257],[77.712683,12.982971],[77.713576,12.983008],[77.714173,12.982608]]]}},{"type":"Feature","properties":{"histId":"soi-57h9-1945-0010","sheet":"soi-57h9-1945","year":1945,"scale":63360,"areaM2":96266,"name":null,"confidence":"medium","source":"soi-57h9-1945"},"geometry":{"type":"Polygon","coordinates":[[[77.671583,12.982162],[77.67177,12.981944],[77.671772,12.981471],[77.671476,12.981071],[77.671477,12.980707],[77.671144,12.980415],[77.671034,12.980015],[77.670885,12.979869],[77.670477,12.97965],[77.669771,12.979649],[77.669174,12.980013],[77.669136,12.980413],[77.668912,12.980667],[77.668945,12.981723],[77.669056,12.981868],[77.669092,12.982232],[77.669388,12.982487],[77.669424,12.982815],[77.670055,12.983289],[77.67065,12.983326],[77.671581,12.982854],[77.671583,12.982162]]]}},{"type":"Feature","properties":{"histId":"soi-57h9-1945-0011","sheet":"soi-57h9-1945","year":1945,"scale":63360,"areaM2":25304,"name":null,"confidence":"low","source":"soi-57h9-1945"},"geometry":{"type":"Polygon","coordinates":[[[77.738146,12.980701],[77.738481,12.980483],[77.738485,12.979463],[77.738077,12.979172],[77.737481,12.979171],[77.736959,12.979498],[77.736956,12.980445],[77.737067,12.980554],[77.737401,12.9807],[77.738146,12.980701]]]}},{"type":"Feature","properties":{"histId":"soi-57h9-1945-0012","sheet":"soi-57h9-1945","year":1945,"scale":63360,"areaM2":33653,"name":null,"confidence":"low","source":"soi-57h9-1945"},"geometry":{"type":"Polygon","coordinates":[[[77.642884,12.9814],[77.642885,12.981218],[77.643109,12.980928],[77.643111,12.980418],[77.642964,12.980127],[77.642593,12.979763],[77.641813,12.979725],[77.641291,12.980161],[77.64125,12.980998],[77.641657,12.981508],[77.642661,12.981546],[77.642884,12.9814]]]}},{"type":"Feature","properties":{"histId":"soi-57h9-1945-0013","sheet":"soi-57h9-1945","year":1945,"scale":63360,"areaM2":32245,"name":null,"confidence":"low","source":"soi-57h9-1945"},"geometry":{"type":"Polygon","coordinates":[[[77.661854,12.97884],[77.662486,12.97884],[77.662859,12.97855],[77.662862,12.977603],[77.662566,12.977312],[77.661599,12.977274],[77.661077,12.977638],[77.661073,12.978911],[77.661184,12.979021],[77.661444,12.979057],[77.661854,12.97884]]]}},{"type":"Feature","properties":{"histId":"soi-57h9-1945-0014","sheet":"soi-57h9-1945","year":1945,"scale":63360,"areaM2":39224,"name":null,"confidence":"low","source":"soi-57h9-1945"},"geometry":{"type":"Polygon","coordinates":[[[77.527718,12.979268],[77.528016,12.97905],[77.528058,12.97785],[77.527651,12.977377],[77.526575,12.977339],[77.526315,12.97752],[77.526165,12.977884],[77.526161,12.978792],[77.526494,12.979157],[77.526753,12.979266],[77.527718,12.979268]]]}},{"type":"Feature","properties":{"histId":"soi-57h9-1945-0015","sheet":"soi-57h9-1945","year":1945,"scale":63360,"areaM2":97142,"name":null,"confidence":"medium","source":"soi-57h9-1945"},"geometry":{"type":"Polygon","coordinates":[[[77.572565,12.978648],[77.572825,12.978576],[77.573422,12.977958],[77.573793,12.977886],[77.574092,12.977414],[77.574465,12.977087],[77.574507,12.975814],[77.5741,12.975559],[77.573134,12.975558],[77.572203,12.976211],[77.571051,12.976536],[77.570864,12.976863],[77.570861,12.977664],[77.571045,12.977882],[77.571044,12.978137],[77.571229,12.978464],[77.571488,12.978646],[77.572565,12.978648]]]}},{"type":"Feature","properties":{"histId":"soi-57h9-1945-0016","sheet":"soi-57h9-1945","year":1945,"scale":63360,"areaM2":297551,"name":null,"confidence":"medium","source":"soi-57h9-1945"},"geometry":{"type":"Polygon","coordinates":[[[77.683025,12.975551],[77.684026,12.976426],[77.684695,12.976426],[77.684956,12.976172],[77.685478,12.975954],[77.685961,12.976137],[77.686109,12.976282],[77.686219,12.97661],[77.686218,12.977083],[77.685919,12.977483],[77.685917,12.978066],[77.686176,12.978393],[77.686174,12.978794],[77.686397,12.979012],[77.686657,12.979085],[77.687252,12.979123],[77.68781,12.97905],[77.688406,12.97876],[77.688891,12.97836],[77.688929,12.978105],[77.689153,12.977887],[77.689193,12.977086],[77.689604,12.976614],[77.689939,12.976541],[77.690051,12.976432],[77.690054,12.97574],[77.690613,12.975377],[77.690948,12.975305],[77.691657,12.97465],[77.691736,12.973267],[77.6917,12.973121],[77.691477,12.972976],[77.690324,12.972865],[77.689318,12.973374],[77.689019,12.97381],[77.689016,12.974611],[77.688755,12.974902],[77.688679,12.975302],[77.688381,12.975484],[77.687861,12.975229],[77.687416,12.974755],[77.687119,12.974682],[77.686823,12.974354],[77.686266,12.974099],[77.685894,12.974098],[77.685633,12.97428],[77.685186,12.974352],[77.685036,12.974643],[77.684775,12.974898],[77.684626,12.974934],[77.684106,12.974897],[77.683327,12.974314],[77.682806,12.97435],[77.682694,12.974459],[77.682691,12.975369],[77.682839,12.975515],[77.683025,12.975551]]]}},{"type":"Feature","properties":{"histId":"soi-57h9-1945-0017","sheet":"soi-57h9-1945","year":1945,"scale":63360,"areaM2":100976,"name":null,"confidence":"medium","source":"soi-57h9-1945"},"geometry":{"type":"Polygon","coordinates":[[[77.736486,12.976221],[77.736488,12.97582],[77.736749,12.975529],[77.736753,12.974437],[77.736271,12.973854],[77.736011,12.973745],[77.735566,12.973344],[77.734524,12.973306],[77.733814,12.973961],[77.733771,12.975891],[77.733956,12.976073],[77.734179,12.97611],[77.734735,12.976693],[77.73507,12.976839],[77.735442,12.976839],[77.736113,12.976548],[77.736486,12.976221]]]}},{"type":"Feature","properties":{"histId":"soi-57h9-1945-0018","sheet":"soi-57h9-1945","year":1945,"scale":63360,"areaM2":36424,"name":null,"confidence":"low","source":"soi-57h9-1945"},"geometry":{"type":"Polygon","coordinates":[[[77.721094,12.972021],[77.72117,12.971729],[77.721173,12.97071],[77.720765,12.970346],[77.719798,12.970345],[77.719499,12.970599],[77.719498,12.970781],[77.719312,12.971],[77.719309,12.971655],[77.719605,12.972129],[77.72087,12.972166],[77.721094,12.972021]]]}},{"type":"Feature","properties":{"histId":"soi-57h9-1945-0019","sheet":"soi-57h9-1945","year":1945,"scale":63360,"areaM2":34455,"name":null,"confidence":"low","source":"soi-57h9-1945"},"geometry":{"type":"Polygon","coordinates":[[[77.51298,12.971935],[77.513205,12.971536],[77.513208,12.970773],[77.512542,12.970335],[77.511651,12.97037],[77.51139,12.970733],[77.511349,12.971606],[77.511644,12.972115],[77.512683,12.972117],[77.51298,12.971935]]]}},{"type":"Feature","properties":{"histId":"soi-57h9-1945-0020","sheet":"soi-57h9-1945","year":1945,"scale":63360,"areaM2":104087,"name":null,"confidence":"medium","source":"soi-57h9-1945"},"geometry":{"type":"Polygon","coordinates":[[[77.594289,12.96995],[77.594329,12.969186],[77.594257,12.968786],[77.594072,12.968531],[77.592809,12.968457],[77.592512,12.968565],[77.592326,12.968529],[77.592141,12.96831],[77.592142,12.968019],[77.59192,12.967873],[77.590732,12.967872],[77.590508,12.968017],[77.590502,12.969472],[77.590947,12.969691],[77.591169,12.969909],[77.591205,12.9702],[77.591316,12.97031],[77.592169,12.970638],[77.592391,12.970857],[77.592725,12.970966],[77.593802,12.970968],[77.5941,12.970786],[77.59414,12.970132],[77.594289,12.96995]]]}},{"type":"Feature","properties":{"histId":"soi-57h9-1945-0021","sheet":"soi-57h9-1945","year":1945,"scale":63360,"areaM2":80531,"name":null,"confidence":"medium","source":"soi-57h9-1945"},"geometry":{"type":"Polygon","coordinates":[[[77.635457,12.970039],[77.635425,12.968693],[77.63524,12.968511],[77.635167,12.96811],[77.634945,12.967782],[77.634166,12.967381],[77.632977,12.967453],[77.632865,12.967562],[77.632827,12.96778],[77.63264,12.967962],[77.632637,12.968835],[77.633266,12.969454],[77.633561,12.97],[77.633932,12.970328],[77.63434,12.970511],[77.635158,12.970475],[77.635419,12.970257],[77.635457,12.970039]]]}},{"type":"Feature","properties":{"histId":"soi-57h9-1945-0022","sheet":"soi-57h9-1945","year":1945,"scale":63360,"areaM2":103201,"name":null,"confidence":"medium","source":"soi-57h9-1945"},"geometry":{"type":"Polygon","coordinates":[[[77.676278,12.969539],[77.677097,12.96943],[77.677358,12.969249],[77.677362,12.968011],[77.677475,12.967866],[77.677513,12.967502],[77.677737,12.967284],[77.677741,12.966265],[77.67763,12.966155],[77.676774,12.966118],[77.676401,12.966409],[77.67603,12.966408],[77.675174,12.966626],[77.674726,12.96688],[77.674725,12.967353],[77.674501,12.967608],[77.674535,12.968372],[77.674831,12.968664],[77.674904,12.969137],[77.675015,12.969246],[77.675646,12.969538],[77.676278,12.969539]]]}},{"type":"Feature","properties":{"histId":"soi-57h9-1945-0023","sheet":"soi-57h9-1945","year":1945,"scale":63360,"areaM2":62103,"name":null,"confidence":"medium","source":"soi-57h9-1945"},"geometry":{"type":"Polygon","coordinates":[[[77.647105,12.966377],[77.645953,12.966121],[77.645284,12.966121],[77.644912,12.966193],[77.644539,12.966484],[77.644536,12.967284],[77.64498,12.967831],[77.645462,12.968122],[77.646577,12.968269],[77.647135,12.968051],[77.647434,12.967833],[77.647475,12.966742],[77.647105,12.966377]]]}},{"type":"Feature","properties":{"histId":"soi-57h9-1945-0024","sheet":"soi-57h9-1945","year":1945,"scale":63360,"areaM2":30619,"name":null,"confidence":"low","source":"soi-57h9-1945"},"geometry":{"type":"Polygon","coordinates":[[[77.708387,12.967022],[77.708392,12.965748],[77.70802,12.965529],[77.707053,12.965528],[77.706792,12.96571],[77.706787,12.96702],[77.706936,12.967166],[77.708052,12.967204],[77.708387,12.967022]]]}},{"type":"Feature","properties":{"histId":"soi-57h9-1945-0025","sheet":"soi-57h9-1945","year":1945,"scale":63360,"areaM2":106583,"name":null,"confidence":"medium","source":"soi-57h9-1945"},"geometry":{"type":"Polygon","coordinates":[[[77.545799,12.968898],[77.545947,12.969044],[77.546354,12.969262],[77.546763,12.969263],[77.546986,12.969118],[77.547357,12.969046],[77.547767,12.968755],[77.548252,12.968247],[77.548772,12.968139],[77.548884,12.96803],[77.548888,12.966975],[77.548555,12.966648],[77.548184,12.966574],[77.547888,12.966356],[77.546886,12.966281],[77.546553,12.966136],[77.546033,12.966135],[77.545736,12.966207],[77.545512,12.966425],[77.545178,12.966497],[77.545066,12.966606],[77.545062,12.967697],[77.545579,12.968316],[77.545799,12.968898]]]}},{"type":"Feature","properties":{"histId":"soi-57h9-1945-0026","sheet":"soi-57h9-1945","year":1945,"scale":63360,"areaM2":20396,"name":null,"confidence":"low","source":"soi-57h9-1945"},"geometry":{"type":"Polygon","coordinates":[[[77.566899,12.965584],[77.566418,12.965183],[77.565676,12.965218],[77.565564,12.965327],[77.56556,12.966309],[77.565967,12.966564],[77.566338,12.966674],[77.566598,12.966638],[77.566896,12.966347],[77.566899,12.965584]]]}},{"type":"Feature","properties":{"histId":"soi-57h9-1945-0027","sheet":"soi-57h9-1945","year":1945,"scale":63360,"areaM2":59035,"name":null,"confidence":"low","source":"soi-57h9-1945"},"geometry":{"type":"Polygon","coordinates":[[[77.508403,12.966402],[77.508663,12.966294],[77.509595,12.965459],[77.509601,12.964041],[77.509453,12.963896],[77.509231,12.963822],[77.508303,12.963857],[77.507557,12.964692],[77.507185,12.964946],[77.50718,12.966109],[77.507291,12.966219],[77.50781,12.966438],[77.508403,12.966402]]]}},{"type":"Feature","properties":{"histId":"soi-57h9-1945-0028","sheet":"soi-57h9-1945","year":1945,"scale":63360,"areaM2":27434,"name":null,"confidence":"low","source":"soi-57h9-1945"},"geometry":{"type":"Polygon","coordinates":[[[77.691552,12.962493],[77.690734,12.962456],[77.69051,12.962601],[77.690507,12.963657],[77.690618,12.963766],[77.691397,12.964167],[77.69203,12.963986],[77.692142,12.963876],[77.692145,12.963076],[77.691552,12.962493]]]}},{"type":"Feature","properties":{"histId":"soi-57h9-1945-0029","sheet":"soi-57h9-1945","year":1945,"scale":63360,"areaM2":103787,"name":null,"confidence":"medium","source":"soi-57h9-1945"},"geometry":{"type":"Polygon","coordinates":[[[77.724896,12.959682],[77.725269,12.959354],[77.725345,12.958918],[77.726316,12.958008],[77.72632,12.956734],[77.726172,12.956588],[77.72528,12.956296],[77.724461,12.956368],[77.72379,12.95655],[77.723193,12.957132],[77.723191,12.957678],[77.723078,12.958151],[77.723189,12.958297],[77.723186,12.958989],[77.723556,12.959717],[77.724672,12.959754],[77.724896,12.959682]]]}},{"type":"Feature","properties":{"histId":"soi-57h9-1945-0030","sheet":"soi-57h9-1945","year":1945,"scale":63360,"areaM2":43340,"name":null,"confidence":"low","source":"soi-57h9-1945"},"geometry":{"type":"Polygon","coordinates":[[[77.657913,12.958857],[77.65836,12.958784],[77.658733,12.958457],[77.6587,12.957147],[77.658478,12.957001],[77.65792,12.956964],[77.656953,12.957072],[77.65658,12.957509],[77.656577,12.958418],[77.657058,12.958819],[77.657913,12.958857]]]}},{"type":"Feature","properties":{"histId":"soi-57h9-1945-0031","sheet":"soi-57h9-1945","year":1945,"scale":63360,"areaM2":51470,"name":null,"confidence":"low","source":"soi-57h9-1945"},"geometry":{"type":"Polygon","coordinates":[[[77.579961,12.958728],[77.580815,12.958729],[77.581484,12.958439],[77.58182,12.958148],[77.581825,12.956948],[77.581528,12.956766],[77.580452,12.956692],[77.579931,12.956909],[77.579372,12.957345],[77.579368,12.9584],[77.579516,12.958545],[77.579961,12.958728]]]}},{"type":"Feature","properties":{"histId":"soi-57h9-1945-0032","sheet":"soi-57h9-1945","year":1945,"scale":63360,"areaM2":30222,"name":null,"confidence":"low","source":"soi-57h9-1945"},"geometry":{"type":"Polygon","coordinates":[[[77.544028,12.957332],[77.544401,12.956933],[77.544405,12.95606],[77.544072,12.955805],[77.543404,12.955804],[77.54318,12.955949],[77.54266,12.956057],[77.542548,12.956166],[77.542545,12.95693],[77.542841,12.957294],[77.5431,12.957367],[77.544028,12.957332]]]}},{"type":"Feature","properties":{"histId":"soi-57h9-1945-0033","sheet":"soi-57h9-1945","year":1945,"scale":63360,"areaM2":329396,"name":null,"confidence":"medium","source":"soi-57h9-1945"},"geometry":{"type":"Polygon","coordinates":[[[77.646432,12.957389],[77.646955,12.95688],[77.64703,12.956516],[77.647217,12.956298],[77.647219,12.955716],[77.647667,12.955243],[77.647744,12.954443],[77.648117,12.954079],[77.648155,12.953897],[77.648715,12.953243],[77.648718,12.952515],[77.648311,12.952078],[77.647531,12.951932],[77.646527,12.951894],[77.646193,12.951749],[77.646008,12.95153],[77.646046,12.951312],[77.646382,12.951094],[77.646531,12.950839],[77.64683,12.950585],[77.646905,12.950294],[77.647166,12.950039],[77.647204,12.949857],[77.647503,12.949603],[77.647541,12.949348],[77.648212,12.948621],[77.648697,12.948331],[77.648701,12.947166],[77.648479,12.94702],[77.647698,12.947056],[77.646952,12.947637],[77.646803,12.947928],[77.64643,12.948255],[77.646095,12.948328],[77.645647,12.948764],[77.645608,12.949201],[77.64531,12.949455],[77.645272,12.949673],[77.644974,12.949928],[77.645007,12.951092],[77.645229,12.951238],[77.645786,12.951275],[77.645971,12.951494],[77.645971,12.951639],[77.645784,12.951857],[77.645449,12.95193],[77.644816,12.952257],[77.644443,12.952693],[77.644365,12.953675],[77.644439,12.953784],[77.644472,12.954949],[77.644433,12.955313],[77.644246,12.955531],[77.644243,12.956368],[77.644131,12.956659],[77.644129,12.956986],[77.644388,12.957496],[77.644907,12.957824],[77.645799,12.957789],[77.646432,12.957389]]]}},{"type":"Feature","properties":{"histId":"soi-57h9-1945-0034","sheet":"soi-57h9-1945","year":1945,"scale":63360,"areaM2":42250,"name":null,"confidence":"low","source":"soi-57h9-1945"},"geometry":{"type":"Polygon","coordinates":[[[77.657381,12.952015],[77.65753,12.951869],[77.657606,12.951578],[77.657904,12.951324],[77.657871,12.950341],[77.65776,12.950232],[77.657277,12.950158],[77.657054,12.950013],[77.65672,12.950012],[77.656198,12.950267],[77.656086,12.950376],[77.656046,12.951213],[77.655673,12.951613],[77.655672,12.951904],[77.656154,12.952122],[77.657381,12.952015]]]}},{"type":"Feature","properties":{"histId":"soi-57h9-1945-0035","sheet":"soi-57h9-1945","year":1945,"scale":63360,"areaM2":21744,"name":null,"confidence":"low","source":"soi-57h9-1945"},"geometry":{"type":"Polygon","coordinates":[[[77.549802,12.952322],[77.550248,12.952323],[77.550584,12.951705],[77.550587,12.951014],[77.550365,12.950869],[77.549437,12.950904],[77.548953,12.951194],[77.548952,12.951594],[77.549507,12.951995],[77.549802,12.952322]]]}},{"type":"Feature","properties":{"histId":"soi-57h9-1945-0036","sheet":"soi-57h9-1945","year":1945,"scale":63360,"areaM2":36003,"name":null,"confidence":"low","source":"soi-57h9-1945"},"geometry":{"type":"Polygon","coordinates":[[[77.56228,12.951321],[77.562281,12.950921],[77.562505,12.950667],[77.562507,12.950158],[77.561989,12.949612],[77.561024,12.949574],[77.560764,12.949755],[77.560651,12.95001],[77.560648,12.950737],[77.560907,12.950992],[77.560943,12.951392],[77.561054,12.951501],[77.561982,12.951539],[77.56228,12.951321]]]}},{"type":"Feature","properties":{"histId":"soi-57h9-1945-0037","sheet":"soi-57h9-1945","year":1945,"scale":63360,"areaM2":1445778,"name":null,"confidence":"medium","source":"soi-57h9-1945"},"geometry":{"type":"Polygon","coordinates":[[[77.745042,12.945241],[77.744335,12.945095],[77.742996,12.945094],[77.74266,12.945239],[77.741879,12.945057],[77.741731,12.944911],[77.741173,12.944729],[77.740654,12.944182],[77.739799,12.943817],[77.739427,12.943817],[77.738497,12.943598],[77.737195,12.94367],[77.736598,12.944143],[77.736151,12.944216],[77.735705,12.943997],[77.735184,12.943924],[77.734665,12.943341],[77.73463,12.942685],[77.734408,12.942467],[77.734334,12.942176],[77.732961,12.941301],[77.731918,12.941373],[77.73162,12.941518],[77.730799,12.942319],[77.729905,12.942391],[77.72916,12.942609],[77.729048,12.942718],[77.72901,12.943046],[77.728413,12.943628],[77.728226,12.943664],[77.727855,12.943482],[77.727334,12.943373],[77.725027,12.943371],[77.724394,12.943589],[77.723872,12.943953],[77.723573,12.944389],[77.72357,12.945154],[77.723681,12.9453],[77.72368,12.945482],[77.72394,12.945737],[77.724534,12.946138],[77.725946,12.946648],[77.726874,12.947377],[77.727283,12.947523],[77.728473,12.94756],[77.729255,12.947379],[77.729739,12.947379],[77.730148,12.947525],[77.730741,12.948181],[77.731076,12.948254],[77.731447,12.948509],[77.732897,12.948983],[77.733864,12.949057],[77.734755,12.949749],[77.735015,12.949822],[77.735349,12.95015],[77.735385,12.950514],[77.735719,12.950769],[77.735942,12.950806],[77.737017,12.951972],[77.737649,12.9523],[77.738355,12.952446],[77.738728,12.95241],[77.739062,12.952629],[77.739545,12.952702],[77.739805,12.952884],[77.740847,12.952885],[77.741294,12.952739],[77.741444,12.952594],[77.741449,12.951028],[77.741153,12.950627],[77.741154,12.950154],[77.741379,12.949899],[77.741417,12.949608],[77.742201,12.948807],[77.742387,12.948771],[77.743059,12.948189],[77.743395,12.948116],[77.744067,12.947389],[77.744514,12.94728],[77.745224,12.946552],[77.745227,12.945569],[77.745042,12.945241]]]}},{"type":"Feature","properties":{"histId":"soi-57h9-1945-0038","sheet":"soi-57h9-1945","year":1945,"scale":63360,"areaM2":35519,"name":null,"confidence":"low","source":"soi-57h9-1945"},"geometry":{"type":"Polygon","coordinates":[[[77.666734,12.946419],[77.666994,12.946237],[77.667441,12.946165],[77.66774,12.945583],[77.667743,12.944891],[77.667335,12.944563],[77.666517,12.944563],[77.66607,12.944817],[77.665771,12.945254],[77.665769,12.945872],[77.666065,12.9462],[77.666436,12.946419],[77.666734,12.946419]]]}},{"type":"Feature","properties":{"histId":"soi-57h9-1945-0039","sheet":"soi-57h9-1945","year":1945,"scale":63360,"areaM2":37221,"name":null,"confidence":"low","source":"soi-57h9-1945"},"geometry":{"type":"Polygon","coordinates":[[[77.661462,12.944267],[77.661465,12.94343],[77.660984,12.942993],[77.660277,12.942992],[77.659681,12.943428],[77.659606,12.94361],[77.659602,12.944556],[77.660084,12.944994],[77.66079,12.944994],[77.661462,12.944267]]]}},{"type":"Feature","properties":{"histId":"soi-57h9-1945-0040","sheet":"soi-57h9-1945","year":1945,"scale":63360,"areaM2":20554,"name":null,"confidence":"low","source":"soi-57h9-1945"},"geometry":{"type":"Polygon","coordinates":[[[77.591974,12.94514],[77.591978,12.944085],[77.591867,12.943976],[77.590864,12.943938],[77.590641,12.944083],[77.590636,12.945138],[77.590747,12.945247],[77.59175,12.945285],[77.591974,12.94514]]]}},{"type":"Feature","properties":{"histId":"soi-57h9-1945-0041","sheet":"soi-57h9-1945","year":1945,"scale":63360,"areaM2":100917,"name":null,"confidence":"medium","source":"soi-57h9-1945"},"geometry":{"type":"Polygon","coordinates":[[[77.583582,12.944657],[77.583398,12.944329],[77.583363,12.943711],[77.583105,12.943383],[77.582177,12.943127],[77.581733,12.942909],[77.580544,12.942943],[77.580283,12.943234],[77.580281,12.943816],[77.580687,12.944326],[77.580723,12.944617],[77.581019,12.944908],[77.581242,12.944945],[77.581685,12.945491],[77.58172,12.946146],[77.58209,12.946473],[77.582423,12.946619],[77.583055,12.94662],[77.583576,12.946293],[77.583582,12.944657]]]}},{"type":"Feature","properties":{"histId":"soi-57h9-1945-0042","sheet":"soi-57h9-1945","year":1945,"scale":63360,"areaM2":25761,"name":null,"confidence":"low","source":"soi-57h9-1945"},"geometry":{"type":"Polygon","coordinates":[[[77.694676,12.942184],[77.69468,12.940983],[77.694569,12.940874],[77.693453,12.9408],[77.693192,12.940982],[77.693188,12.942147],[77.693336,12.942292],[77.694452,12.94233],[77.694676,12.942184]]]}},{"type":"Feature","properties":{"histId":"soi-57h9-1945-0043","sheet":"soi-57h9-1945","year":1945,"scale":63360,"areaM2":24453,"name":null,"confidence":"low","source":"soi-57h9-1945"},"geometry":{"type":"Polygon","coordinates":[[[77.521871,12.940284],[77.521875,12.939411],[77.521653,12.939084],[77.520615,12.939046],[77.520391,12.939191],[77.520316,12.939373],[77.520349,12.940318],[77.52046,12.940427],[77.52161,12.940465],[77.521871,12.940284]]]}},{"type":"Feature","properties":{"histId":"soi-57h9-1945-0044","sheet":"soi-57h9-1945","year":1945,"scale":63360,"areaM2":59669,"name":null,"confidence":"low","source":"soi-57h9-1945"},"geometry":{"type":"Polygon","coordinates":[[[77.628631,12.937758],[77.629004,12.937468],[77.629487,12.937395],[77.630307,12.936741],[77.63031,12.936014],[77.629977,12.935649],[77.629532,12.935576],[77.629309,12.93543],[77.629012,12.93543],[77.628788,12.935576],[77.628119,12.935757],[77.627821,12.936048],[77.627446,12.936738],[77.627443,12.937612],[77.627665,12.937757],[77.628631,12.937758]]]}},{"type":"Feature","properties":{"histId":"soi-57h9-1945-0045","sheet":"soi-57h9-1945","year":1945,"scale":63360,"areaM2":22674,"name":null,"confidence":"low","source":"soi-57h9-1945"},"geometry":{"type":"Polygon","coordinates":[[[77.529048,12.936549],[77.529012,12.936331],[77.528716,12.936003],[77.527863,12.935966],[77.52764,12.936111],[77.527635,12.937129],[77.527746,12.937238],[77.529007,12.937313],[77.529342,12.937131],[77.529344,12.936804],[77.529048,12.936549]]]}},{"type":"Feature","properties":{"histId":"soi-57h9-1945-0046","sheet":"soi-57h9-1945","year":1945,"scale":63360,"areaM2":1544604,"name":null,"confidence":"medium","source":"soi-57h9-1945"},"geometry":{"type":"Polygon","coordinates":[[[77.674413,12.930958],[77.674004,12.930848],[77.673708,12.93052],[77.67315,12.930447],[77.672779,12.930265],[77.671292,12.930373],[77.671068,12.930446],[77.670919,12.9307],[77.670546,12.930991],[77.670137,12.931027],[77.669766,12.930845],[77.669506,12.930554],[77.669284,12.930517],[77.669098,12.930335],[77.66869,12.930189],[77.66698,12.930151],[77.666422,12.930296],[77.665526,12.931133],[77.665229,12.931132],[77.664859,12.93055],[77.664935,12.93015],[77.665196,12.929895],[77.665164,12.928694],[77.664794,12.928257],[77.664088,12.928111],[77.663195,12.928328],[77.662896,12.928656],[77.662487,12.928801],[77.662337,12.928946],[77.661519,12.929201],[77.66122,12.929528],[77.661071,12.929564],[77.660477,12.929309],[77.660291,12.929309],[77.659807,12.929599],[77.659472,12.929672],[77.658802,12.930108],[77.658542,12.930072],[77.658171,12.929671],[77.658136,12.929125],[77.658025,12.929016],[77.656947,12.929015],[77.656499,12.929451],[77.656495,12.930579],[77.656308,12.930797],[77.65616,12.930834],[77.655602,12.93076],[77.655195,12.930396],[77.655159,12.929996],[77.655048,12.929887],[77.654825,12.92985],[77.654566,12.929559],[77.653934,12.929522],[77.653711,12.929667],[77.653707,12.930577],[77.654116,12.930759],[77.654411,12.931196],[77.654519,12.932179],[77.654927,12.932543],[77.65619,12.932653],[77.656487,12.932836],[77.656523,12.933127],[77.656224,12.933454],[77.656185,12.934109],[77.656221,12.9344],[77.65648,12.934655],[77.656516,12.934873],[77.656739,12.935019],[77.657259,12.93502],[77.657816,12.935202],[77.658001,12.935421],[77.657999,12.935894],[77.658407,12.936185],[77.659558,12.93655],[77.66004,12.936951],[77.660411,12.937097],[77.660857,12.937134],[77.661005,12.937279],[77.661079,12.937534],[77.661264,12.937753],[77.661373,12.938408],[77.661706,12.938772],[77.661666,12.939536],[77.661404,12.939973],[77.661328,12.940409],[77.661104,12.940627],[77.6611,12.941683],[77.661582,12.942047],[77.662103,12.941975],[77.6624,12.942084],[77.662733,12.942376],[77.663811,12.942559],[77.664034,12.942522],[77.664183,12.942377],[77.665114,12.94216],[77.665785,12.941578],[77.666083,12.941433],[77.666382,12.941032],[77.667052,12.940705],[77.668059,12.939833],[77.668097,12.939615],[77.668694,12.939142],[77.668699,12.937868],[77.667773,12.936848],[77.667736,12.936703],[77.667477,12.936557],[77.667032,12.936083],[77.666698,12.93601],[77.665993,12.935609],[77.665435,12.935609],[77.664728,12.935827],[77.664171,12.935753],[77.663537,12.936117],[77.662832,12.935971],[77.662459,12.936116],[77.662274,12.936079],[77.661829,12.93557],[77.661757,12.935096],[77.66187,12.934587],[77.662317,12.934333],[77.663171,12.934806],[77.663394,12.93477],[77.663802,12.934916],[77.664323,12.934917],[77.66477,12.934699],[77.665329,12.934226],[77.665552,12.93419],[77.666149,12.933572],[77.666893,12.933609],[77.667376,12.933718],[77.667598,12.933864],[77.668304,12.933864],[77.668937,12.933647],[77.670127,12.933538],[77.670575,12.933284],[77.671541,12.933285],[77.671988,12.932994],[77.672918,12.932958],[77.673216,12.93274],[77.673737,12.932631],[77.674147,12.932304],[77.674185,12.932086],[77.674521,12.931831],[77.674524,12.931067],[77.674413,12.930958]]]}},{"type":"Feature","properties":{"histId":"soi-57h9-1945-0047","sheet":"soi-57h9-1945","year":1945,"scale":63360,"areaM2":61367,"name":null,"confidence":"medium","source":"soi-57h9-1945"},"geometry":{"type":"Polygon","coordinates":[[[77.717435,12.933609],[77.717956,12.933464],[77.718143,12.933282],[77.718111,12.931716],[77.717703,12.931206],[77.71655,12.931169],[77.716215,12.931387],[77.716176,12.931679],[77.71599,12.931897],[77.715951,12.932334],[77.715727,12.932588],[77.715724,12.933244],[77.716095,12.933572],[77.716504,12.933681],[77.717435,12.933609]]]}},{"type":"Feature","properties":{"histId":"soi-57h9-1945-0048","sheet":"soi-57h9-1945","year":1945,"scale":63360,"areaM2":26250,"name":null,"confidence":"low","source":"soi-57h9-1945"},"geometry":{"type":"Polygon","coordinates":[[[77.627236,12.933355],[77.627277,12.932518],[77.627092,12.932336],[77.627055,12.932117],[77.626944,12.932008],[77.626016,12.931971],[77.625792,12.932116],[77.625791,12.932334],[77.625642,12.932516],[77.62564,12.933135],[77.625898,12.933462],[77.627013,12.9335],[77.627236,12.933355]]]}},{"type":"Feature","properties":{"histId":"soi-57h9-1945-0049","sheet":"soi-57h9-1945","year":1945,"scale":63360,"areaM2":109488,"name":null,"confidence":"medium","source":"soi-57h9-1945"},"geometry":{"type":"Polygon","coordinates":[[[77.7084,12.932147],[77.708811,12.931601],[77.708814,12.930618],[77.708481,12.930254],[77.708408,12.92989],[77.707815,12.92938],[77.707183,12.929052],[77.706588,12.929051],[77.706029,12.929269],[77.705619,12.929742],[77.705541,12.930725],[77.705615,12.930834],[77.705648,12.931927],[77.706019,12.932327],[77.706204,12.9324],[77.707394,12.932474],[77.7084,12.932147]]]}},{"type":"Feature","properties":{"histId":"soi-57h9-1945-0050","sheet":"soi-57h9-1945","year":1945,"scale":63360,"areaM2":30921,"name":null,"confidence":"low","source":"soi-57h9-1945"},"geometry":{"type":"Polygon","coordinates":[[[77.567666,12.932308],[77.567668,12.931908],[77.567187,12.931507],[77.56715,12.931289],[77.567039,12.93118],[77.566706,12.93107],[77.566148,12.931179],[77.565812,12.931651],[77.565809,12.932451],[77.56655,12.932961],[77.567032,12.932889],[77.567666,12.932308]]]}},{"type":"Feature","properties":{"histId":"soi-57h9-1945-0051","sheet":"soi-57h9-1945","year":1945,"scale":63360,"areaM2":84420,"name":null,"confidence":"medium","source":"soi-57h9-1945"},"geometry":{"type":"Polygon","coordinates":[[[77.597075,12.93245],[77.597077,12.932014],[77.597264,12.931541],[77.597197,12.929904],[77.596974,12.929758],[77.596603,12.929722],[77.59627,12.929467],[77.595675,12.929502],[77.595339,12.929975],[77.594744,12.930229],[77.594558,12.930411],[77.59452,12.930592],[77.594554,12.931429],[77.595181,12.932303],[77.5957,12.93274],[77.596591,12.932741],[77.597075,12.93245]]]}},{"type":"Feature","properties":{"histId":"soi-57h9-1945-0052","sheet":"soi-57h9-1945","year":1945,"scale":63360,"areaM2":300636,"name":null,"confidence":"medium","source":"soi-57h9-1945"},"geometry":{"type":"Polygon","coordinates":[[[77.652442,12.930867],[77.651774,12.930684],[77.651478,12.930393],[77.651516,12.930175],[77.651926,12.929775],[77.651891,12.929302],[77.652003,12.929156],[77.652005,12.928465],[77.651895,12.928319],[77.651895,12.928064],[77.651339,12.9277],[77.650633,12.927627],[77.650373,12.927772],[77.649852,12.927844],[77.649219,12.928099],[77.648774,12.927989],[77.647658,12.928279],[77.647024,12.928606],[77.646615,12.928715],[77.646056,12.929115],[77.64572,12.929551],[77.645642,12.930606],[77.645937,12.931152],[77.646566,12.931808],[77.647605,12.932246],[77.647753,12.932391],[77.648497,12.932428],[77.648943,12.932247],[77.649205,12.931992],[77.649502,12.931847],[77.649503,12.931665],[77.64969,12.931447],[77.64995,12.931411],[77.65073,12.93152],[77.650915,12.931739],[77.650913,12.932285],[77.651246,12.932613],[77.651916,12.93254],[77.652213,12.93265],[77.652622,12.93265],[77.652994,12.932432],[77.652998,12.931413],[77.652442,12.930867]]]}},{"type":"Feature","properties":{"histId":"soi-57h9-1945-0053","sheet":"soi-57h9-1945","year":1945,"scale":63360,"areaM2":29378,"name":null,"confidence":"low","source":"soi-57h9-1945"},"geometry":{"type":"Polygon","coordinates":[[[77.60288,12.929801],[77.603103,12.929656],[77.603108,12.928383],[77.602775,12.928164],[77.601772,12.928163],[77.601548,12.928308],[77.601544,12.929509],[77.601729,12.929727],[77.601914,12.9298],[77.60288,12.929801]]]}},{"type":"Feature","properties":{"histId":"soi-57h9-1945-0054","sheet":"soi-57h9-1945","year":1945,"scale":63360,"areaM2":28904,"name":null,"confidence":"low","source":"soi-57h9-1945"},"geometry":{"type":"Polygon","coordinates":[[[77.535915,12.927177],[77.535953,12.92685],[77.536065,12.926705],[77.536067,12.926305],[77.535845,12.926014],[77.535252,12.925977],[77.534509,12.926121],[77.53436,12.926266],[77.534356,12.927248],[77.534651,12.927612],[77.535542,12.927613],[77.535915,12.927177]]]}},{"type":"Feature","properties":{"histId":"soi-57h9-1945-0055","sheet":"soi-57h9-1945","year":1945,"scale":63360,"areaM2":53600,"name":null,"confidence":"low","source":"soi-57h9-1945"},"geometry":{"type":"Polygon","coordinates":[[[77.508722,12.926523],[77.508872,12.926269],[77.508876,12.925178],[77.508803,12.924924],[77.508397,12.92456],[77.507655,12.924522],[77.507061,12.924703],[77.506838,12.924848],[77.506688,12.925102],[77.506683,12.926229],[77.507237,12.926848],[77.508276,12.92685],[77.508722,12.926523]]]}},{"type":"Feature","properties":{"histId":"soi-57h9-1945-0056","sheet":"soi-57h9-1945","year":1945,"scale":63360,"areaM2":54371,"name":null,"confidence":"low","source":"soi-57h9-1945"},"geometry":{"type":"Polygon","coordinates":[[[77.688717,12.923943],[77.688721,12.922997],[77.688647,12.922778],[77.688276,12.922414],[77.68731,12.922377],[77.686527,12.92285],[77.686487,12.923651],[77.686596,12.924379],[77.686966,12.924743],[77.688082,12.924744],[77.688717,12.923943]]]}},{"type":"Feature","properties":{"histId":"soi-57h9-1945-0057","sheet":"soi-57h9-1945","year":1945,"scale":63360,"areaM2":64023,"name":null,"confidence":"medium","source":"soi-57h9-1945"},"geometry":{"type":"Polygon","coordinates":[[[77.605276,12.924965],[77.605722,12.92482],[77.606431,12.92413],[77.606432,12.923802],[77.606581,12.92362],[77.606583,12.923148],[77.606398,12.923002],[77.606101,12.922929],[77.605769,12.922456],[77.60484,12.922455],[77.604057,12.923145],[77.604018,12.923691],[77.603905,12.923982],[77.603902,12.924818],[77.604124,12.924964],[77.605276,12.924965]]]}},{"type":"Feature","properties":{"histId":"soi-57h9-1945-0058","sheet":"soi-57h9-1945","year":1945,"scale":63360,"areaM2":66876,"name":null,"confidence":"medium","source":"soi-57h9-1945"},"geometry":{"type":"Polygon","coordinates":[[[77.699399,12.921511],[77.699177,12.921438],[77.698135,12.921474],[77.697949,12.921547],[77.697463,12.922093],[77.697424,12.922639],[77.697609,12.922893],[77.697645,12.923185],[77.698016,12.923513],[77.698462,12.923586],[77.698796,12.923804],[77.699205,12.923805],[77.699764,12.92355],[77.700136,12.923477],[77.700435,12.923259],[77.700438,12.92224],[77.699399,12.921511]]]}},{"type":"Feature","properties":{"histId":"soi-57h9-1945-0059","sheet":"soi-57h9-1945","year":1945,"scale":63360,"areaM2":57751,"name":null,"confidence":"low","source":"soi-57h9-1945"},"geometry":{"type":"Polygon","coordinates":[[[77.516187,12.924643],[77.516224,12.924461],[77.516411,12.92428],[77.516526,12.923225],[77.516417,12.922898],[77.516418,12.922534],[77.516086,12.922207],[77.514973,12.922169],[77.51475,12.922314],[77.514712,12.922496],[77.514563,12.922641],[77.514561,12.923005],[77.514372,12.923804],[77.514557,12.924059],[77.514628,12.924677],[77.514813,12.924859],[77.515889,12.924861],[77.516187,12.924643]]]}},{"type":"Feature","properties":{"histId":"soi-57h9-1945-0060","sheet":"soi-57h9-1945","year":1945,"scale":63360,"areaM2":76042,"name":null,"confidence":"medium","source":"soi-57h9-1945"},"geometry":{"type":"Polygon","coordinates":[[[77.667119,12.922836],[77.667974,12.922727],[77.669054,12.922182],[77.669058,12.921127],[77.668502,12.920799],[77.667572,12.920762],[77.667274,12.920907],[77.666679,12.921016],[77.665861,12.921052],[77.665376,12.921488],[77.665373,12.922434],[77.665929,12.922835],[77.667119,12.922836]]]}},{"type":"Feature","properties":{"histId":"soi-57h9-1945-0061","sheet":"soi-57h9-1945","year":1945,"scale":63360,"areaM2":36241,"name":null,"confidence":"low","source":"soi-57h9-1945"},"geometry":{"type":"Polygon","coordinates":[[[77.644193,12.920635],[77.644157,12.920307],[77.644009,12.920161],[77.643786,12.920088],[77.643043,12.920088],[77.642522,12.920342],[77.642518,12.921215],[77.642852,12.92158],[77.64326,12.921689],[77.643482,12.921908],[77.643705,12.921981],[77.644262,12.921908],[77.644598,12.921617],[77.6446,12.921181],[77.644193,12.920635]]]}},{"type":"Feature","properties":{"histId":"soi-57h9-1945-0062","sheet":"soi-57h9-1945","year":1945,"scale":63360,"areaM2":36797,"name":null,"confidence":"low","source":"soi-57h9-1945"},"geometry":{"type":"Polygon","coordinates":[[[77.560136,12.921825],[77.560141,12.920479],[77.559623,12.920151],[77.558732,12.92015],[77.558509,12.920296],[77.558285,12.92055],[77.558281,12.921386],[77.558466,12.921568],[77.558502,12.921823],[77.558613,12.921932],[77.559912,12.92197],[77.560136,12.921825]]]}},{"type":"Feature","properties":{"histId":"soi-57h9-1945-0063","sheet":"soi-57h9-1945","year":1945,"scale":63360,"areaM2":158404,"name":null,"confidence":"medium","source":"soi-57h9-1945"},"geometry":{"type":"Polygon","coordinates":[[[77.724147,12.918467],[77.72214,12.918102],[77.721954,12.917883],[77.721958,12.916973],[77.721846,12.916864],[77.721251,12.916791],[77.720955,12.916572],[77.720322,12.916572],[77.719837,12.916972],[77.719835,12.917664],[77.720205,12.918174],[77.720613,12.918392],[77.720947,12.918757],[77.720909,12.918975],[77.72076,12.919121],[77.72072,12.919922],[77.720756,12.920067],[77.721386,12.920759],[77.722762,12.921015],[77.723804,12.920906],[77.724214,12.920797],[77.724885,12.920288],[77.72489,12.918941],[77.724147,12.918467]]]}},{"type":"Feature","properties":{"histId":"soi-57h9-1945-0064","sheet":"soi-57h9-1945","year":1945,"scale":63360,"areaM2":122448,"name":null,"confidence":"medium","source":"soi-57h9-1945"},"geometry":{"type":"Polygon","coordinates":[[[77.68014,12.92037],[77.680811,12.920152],[77.681592,12.92008],[77.682486,12.919644],[77.682489,12.918698],[77.682082,12.918261],[77.681785,12.918151],[77.681377,12.917751],[77.681343,12.917023],[77.681009,12.916731],[77.679894,12.91673],[77.679558,12.917021],[77.679518,12.91764],[77.679108,12.918077],[77.67881,12.918222],[77.678772,12.918404],[77.678623,12.918549],[77.678618,12.919823],[77.678988,12.920224],[77.679471,12.92037],[77.68014,12.92037]]]}},{"type":"Feature","properties":{"histId":"soi-57h9-1945-0065","sheet":"soi-57h9-1945","year":1945,"scale":63360,"areaM2":46838,"name":null,"confidence":"low","source":"soi-57h9-1945"},"geometry":{"type":"Polygon","coordinates":[[[77.587692,12.919964],[77.587952,12.919891],[77.588101,12.919746],[77.588696,12.919601],[77.588845,12.919456],[77.588849,12.918364],[77.588664,12.918182],[77.588145,12.918073],[77.587886,12.917891],[77.587551,12.91789],[77.587068,12.918108],[77.586546,12.91858],[77.586579,12.919708],[77.587135,12.919963],[77.587692,12.919964]]]}},{"type":"Feature","properties":{"histId":"soi-57h9-1945-0066","sheet":"soi-57h9-1945","year":1945,"scale":63360,"areaM2":23720,"name":null,"confidence":"low","source":"soi-57h9-1945"},"geometry":{"type":"Polygon","coordinates":[[[77.711165,12.918169],[77.711169,12.916968],[77.710873,12.916785],[77.710091,12.916785],[77.709868,12.91693],[77.709863,12.918241],[77.709974,12.91835],[77.710755,12.918387],[77.711165,12.918169]]]}},{"type":"Feature","properties":{"histId":"soi-57h9-1945-0067","sheet":"soi-57h9-1945","year":1945,"scale":63360,"areaM2":29143,"name":null,"confidence":"low","source":"soi-57h9-1945"},"geometry":{"type":"Polygon","coordinates":[[[77.639225,12.917647],[77.63956,12.917465],[77.639563,12.916628],[77.639193,12.916191],[77.638785,12.916082],[77.638339,12.916081],[77.638004,12.916263],[77.637854,12.916445],[77.63785,12.917464],[77.637961,12.917573],[77.638333,12.917682],[77.639225,12.917647]]]}},{"type":"Feature","properties":{"histId":"soi-57h9-1945-0068","sheet":"soi-57h9-1945","year":1945,"scale":63360,"areaM2":48424,"name":null,"confidence":"low","source":"soi-57h9-1945"},"geometry":{"type":"Polygon","coordinates":[[[77.55444,12.9168],[77.554441,12.916582],[77.554553,12.916436],[77.554556,12.9156],[77.554224,12.91509],[77.553965,12.915017],[77.553037,12.915053],[77.552478,12.915452],[77.552477,12.91567],[77.552365,12.915816],[77.552362,12.916543],[77.552805,12.917125],[77.553993,12.917163],[77.55444,12.9168]]]}},{"type":"Feature","properties":{"histId":"soi-57h9-1945-0069","sheet":"soi-57h9-1945","year":1945,"scale":63360,"areaM2":81949,"name":null,"confidence":"medium","source":"soi-57h9-1945"},"geometry":{"type":"Polygon","coordinates":[[[77.522452,12.91698],[77.522599,12.917125],[77.522822,12.917198],[77.523824,12.917163],[77.524196,12.916945],[77.524643,12.916473],[77.524791,12.916437],[77.525052,12.91611],[77.525057,12.91502],[77.524835,12.914874],[77.52439,12.914873],[77.52376,12.914618],[77.522535,12.914762],[77.522275,12.914871],[77.521791,12.915379],[77.521786,12.916361],[77.522155,12.916907],[77.522452,12.91698]]]}},{"type":"Feature","properties":{"histId":"soi-57h9-1945-0070","sheet":"soi-57h9-1945","year":1945,"scale":63360,"areaM2":202798,"name":null,"confidence":"medium","source":"soi-57h9-1945"},"geometry":{"type":"Polygon","coordinates":[[[77.674919,12.914689],[77.674549,12.914288],[77.674624,12.913888],[77.674591,12.912796],[77.673999,12.912031],[77.673257,12.911558],[77.671994,12.911266],[77.671622,12.911484],[77.670952,12.911593],[77.670579,12.911993],[77.670504,12.912284],[77.670354,12.912429],[77.670351,12.913266],[77.670536,12.913485],[77.670535,12.913849],[77.670868,12.91414],[77.671314,12.914323],[77.671944,12.914796],[77.671978,12.915633],[77.672126,12.915925],[77.672571,12.916325],[77.673164,12.916617],[77.673871,12.916617],[77.674206,12.916508],[77.674914,12.915926],[77.674919,12.914689]]]}},{"type":"Feature","properties":{"histId":"soi-57h9-1945-0071","sheet":"soi-57h9-1945","year":1945,"scale":63360,"areaM2":47170,"name":null,"confidence":"low","source":"soi-57h9-1945"},"geometry":{"type":"Polygon","coordinates":[[[77.664143,12.913408],[77.663624,12.913007],[77.663068,12.912388],[77.662065,12.912387],[77.661729,12.912787],[77.661727,12.913261],[77.662282,12.913916],[77.662466,12.914353],[77.662986,12.914608],[77.663729,12.914608],[77.664139,12.914354],[77.664143,12.913408]]]}},{"type":"Feature","properties":{"histId":"soi-57h9-1945-0072","sheet":"soi-57h9-1945","year":1945,"scale":63360,"areaM2":106163,"name":null,"confidence":"medium","source":"soi-57h9-1945"},"geometry":{"type":"Polygon","coordinates":[[[77.695012,12.910843],[77.694418,12.910588],[77.694159,12.910296],[77.693676,12.910223],[77.693453,12.910078],[77.692932,12.910077],[77.692485,12.910295],[77.692112,12.910732],[77.692072,12.911424],[77.691886,12.911642],[77.691885,12.911788],[77.69207,12.912006],[77.692142,12.912588],[77.69255,12.913026],[77.693628,12.913135],[77.694372,12.913027],[77.695228,12.912772],[77.695676,12.912336],[77.69568,12.911353],[77.695012,12.910843]]]}},{"type":"Feature","properties":{"histId":"soi-57h9-1945-0073","sheet":"soi-57h9-1945","year":1945,"scale":63360,"areaM2":88765,"name":null,"confidence":"medium","source":"soi-57h9-1945"},"geometry":{"type":"Polygon","coordinates":[[[77.640212,12.912117],[77.641067,12.911972],[77.641514,12.91179],[77.642184,12.911317],[77.642189,12.910117],[77.642041,12.909935],[77.642042,12.909789],[77.641708,12.909607],[77.64089,12.909606],[77.640332,12.909788],[77.639774,12.910115],[77.638919,12.910187],[77.638434,12.910514],[77.638431,12.911315],[77.638616,12.911497],[77.638653,12.911715],[77.638986,12.91197],[77.640212,12.912117]]]}},{"type":"Feature","properties":{"histId":"soi-57h9-1945-0074","sheet":"soi-57h9-1945","year":1945,"scale":63360,"areaM2":24736,"name":null,"confidence":"low","source":"soi-57h9-1945"},"geometry":{"type":"Polygon","coordinates":[[[77.621079,12.911592],[77.621191,12.911483],[77.621192,12.91101],[77.620415,12.910281],[77.619784,12.910244],[77.619523,12.910317],[77.619411,12.910426],[77.619409,12.911154],[77.619704,12.911627],[77.620818,12.911664],[77.621079,12.911592]]]}},{"type":"Feature","properties":{"histId":"soi-57h9-1945-0075","sheet":"soi-57h9-1945","year":1945,"scale":63360,"areaM2":122751,"name":null,"confidence":"medium","source":"soi-57h9-1945"},"geometry":{"type":"Polygon","coordinates":[[[77.720675,12.911402],[77.719971,12.910746],[77.719971,12.910564],[77.720121,12.910382],[77.720162,12.909326],[77.720125,12.909072],[77.719977,12.90889],[77.719979,12.908343],[77.719831,12.908161],[77.719758,12.907652],[77.719313,12.907251],[77.718234,12.907287],[77.717675,12.90776],[77.71752,12.909471],[77.717556,12.909799],[77.717741,12.910017],[77.71774,12.910272],[77.718334,12.910709],[77.718668,12.910819],[77.719225,12.911292],[77.719258,12.912275],[77.71937,12.912384],[77.720336,12.912531],[77.720709,12.912276],[77.720675,12.911402]]]}},{"type":"Feature","properties":{"histId":"soi-57h9-1945-0076","sheet":"soi-57h9-1945","year":1945,"scale":63360,"areaM2":95368,"name":null,"confidence":"medium","source":"soi-57h9-1945"},"geometry":{"type":"Polygon","coordinates":[[[77.739399,12.908934],[77.740404,12.908898],[77.740703,12.90857],[77.741485,12.908316],[77.742082,12.907915],[77.742086,12.90675],[77.741678,12.906277],[77.741232,12.906058],[77.740339,12.906058],[77.739818,12.906239],[77.739295,12.906822],[77.738661,12.90704],[77.738475,12.907222],[77.738471,12.908351],[77.73899,12.908788],[77.739399,12.908934]]]}},{"type":"Feature","properties":{"histId":"soi-57h9-1945-0077","sheet":"soi-57h9-1945","year":1945,"scale":63360,"areaM2":100017,"name":null,"confidence":"medium","source":"soi-57h9-1945"},"geometry":{"type":"Polygon","coordinates":[[[77.714961,12.907249],[77.714964,12.906412],[77.715151,12.906193],[77.715227,12.90572],[77.715414,12.905502],[77.715492,12.904409],[77.715419,12.903936],[77.715308,12.903827],[77.714936,12.903754],[77.714602,12.903499],[77.713895,12.903535],[77.713559,12.904081],[77.71326,12.904372],[77.713259,12.904736],[77.712997,12.905027],[77.712957,12.905828],[77.712845,12.905974],[77.71288,12.906702],[77.713065,12.90692],[77.713101,12.907284],[77.71362,12.907649],[77.714513,12.907649],[77.714961,12.907249]]]}},{"type":"Feature","properties":{"histId":"soi-57h9-1945-0078","sheet":"soi-57h9-1945","year":1945,"scale":63360,"areaM2":605219,"name":null,"confidence":"medium","source":"soi-57h9-1945"},"geometry":{"type":"Polygon","coordinates":[[[77.617444,12.91017],[77.617816,12.909879],[77.618672,12.909625],[77.618968,12.909698],[77.619526,12.909589],[77.620085,12.909299],[77.620125,12.908425],[77.620274,12.908244],[77.620279,12.906934],[77.620206,12.906643],[77.618727,12.905004],[77.61858,12.904495],[77.618173,12.904131],[77.618136,12.903985],[77.617395,12.903439],[77.616877,12.902929],[77.61673,12.902529],[77.61599,12.901764],[77.615954,12.901582],[77.615436,12.901072],[77.615213,12.901036],[77.61425,12.900344],[77.614215,12.899834],[77.613659,12.899507],[77.613399,12.899506],[77.613176,12.899652],[77.613171,12.900707],[77.613319,12.900889],[77.613318,12.901253],[77.613019,12.90158],[77.612759,12.901725],[77.612721,12.90198],[77.612012,12.902852],[77.611897,12.903689],[77.611673,12.903943],[77.611634,12.904489],[77.611745,12.904635],[77.611779,12.905326],[77.611852,12.905544],[77.612778,12.906382],[77.613927,12.906856],[77.61441,12.906893],[77.614817,12.907257],[77.614854,12.907475],[77.614742,12.907621],[77.61474,12.907948],[77.614851,12.908239],[77.615147,12.908494],[77.615294,12.908858],[77.615664,12.909149],[77.615738,12.909441],[77.616367,12.909987],[77.616366,12.910278],[77.616217,12.91046],[77.616215,12.910787],[77.616438,12.910933],[77.617106,12.910933],[77.617442,12.910606],[77.617444,12.91017]]]}},{"type":"Feature","properties":{"histId":"soi-57h9-1945-0079","sheet":"soi-57h9-1945","year":1945,"scale":63360,"areaM2":134484,"name":null,"confidence":"medium","source":"soi-57h9-1945"},"geometry":{"type":"Polygon","coordinates":[[[77.669113,12.906423],[77.669152,12.90595],[77.669338,12.905732],[77.669376,12.905514],[77.669675,12.905186],[77.669675,12.905004],[77.669825,12.904822],[77.669826,12.904458],[77.669604,12.904203],[77.669569,12.90373],[77.669346,12.903512],[77.66931,12.903257],[77.668977,12.902929],[77.668978,12.902565],[77.668867,12.902456],[77.667938,12.902419],[77.667604,12.902273],[77.66712,12.902564],[77.667118,12.903001],[77.666857,12.903292],[77.666855,12.903838],[77.666631,12.904092],[77.666629,12.904529],[77.666405,12.904784],[77.666404,12.904966],[77.666626,12.905221],[77.666625,12.905621],[77.66681,12.905876],[77.666809,12.906094],[77.667401,12.906786],[77.667624,12.906859],[77.668553,12.90686],[77.668777,12.906787],[77.669113,12.906423]]]}},{"type":"Feature","properties":{"histId":"soi-57h9-1945-0080","sheet":"soi-57h9-1945","year":1945,"scale":63360,"areaM2":44612,"name":null,"confidence":"low","source":"soi-57h9-1945"},"geometry":{"type":"Polygon","coordinates":[[[77.698605,12.904547],[77.698939,12.904693],[77.699274,12.904693],[77.699498,12.904548],[77.699574,12.904147],[77.699947,12.903674],[77.699948,12.903346],[77.699577,12.903055],[77.699541,12.902727],[77.69943,12.902618],[77.698798,12.902581],[77.69824,12.902763],[77.69768,12.903309],[77.697677,12.904001],[77.6979,12.904256],[77.697898,12.904583],[77.69801,12.904692],[77.698158,12.904729],[77.698605,12.904547]]]}},{"type":"Feature","properties":{"histId":"soi-57h9-1945-0081","sheet":"soi-57h9-1945","year":1945,"scale":63360,"areaM2":67069,"name":null,"confidence":"medium","source":"soi-57h9-1945"},"geometry":{"type":"Polygon","coordinates":[[[77.681395,12.902572],[77.681099,12.902281],[77.681063,12.902099],[77.680692,12.901698],[77.680061,12.901553],[77.679838,12.901407],[77.67954,12.901552],[77.679057,12.901625],[77.678721,12.901989],[77.678718,12.902826],[77.679088,12.903299],[77.679829,12.903955],[77.680311,12.90421],[77.680794,12.904246],[77.681167,12.904101],[77.681354,12.90381],[77.681395,12.902572]]]}},{"type":"Feature","properties":{"histId":"soi-57h9-1945-0082","sheet":"soi-57h9-1945","year":1945,"scale":63360,"areaM2":130930,"name":null,"confidence":"medium","source":"soi-57h9-1945"},"geometry":{"type":"Polygon","coordinates":[[[77.598526,12.903568],[77.598527,12.90335],[77.598342,12.903168],[77.598306,12.90295],[77.597418,12.902112],[77.59675,12.902003],[77.596119,12.902002],[77.595561,12.902147],[77.595153,12.902074],[77.594781,12.902292],[77.593963,12.902328],[77.59374,12.902473],[77.593698,12.903782],[77.594698,12.904475],[77.595328,12.90473],[77.596071,12.904658],[77.596405,12.904803],[77.596813,12.90484],[77.59763,12.904768],[77.598301,12.904296],[77.59834,12.903823],[77.598526,12.903568]]]}},{"type":"Feature","properties":{"histId":"soi-57h9-1945-0083","sheet":"soi-57h9-1945","year":1945,"scale":63360,"areaM2":41974,"name":null,"confidence":"low","source":"soi-57h9-1945"},"geometry":{"type":"Polygon","coordinates":[[[77.550927,12.90465],[77.551373,12.904396],[77.551783,12.90396],[77.551787,12.90316],[77.551343,12.902686],[77.550601,12.902613],[77.550267,12.902722],[77.549671,12.903267],[77.549667,12.904067],[77.550037,12.904503],[77.550333,12.904649],[77.550927,12.90465]]]}},{"type":"Feature","properties":{"histId":"soi-57h9-1945-0084","sheet":"soi-57h9-1945","year":1945,"scale":63360,"areaM2":31671,"name":null,"confidence":"low","source":"soi-57h9-1945"},"geometry":{"type":"Polygon","coordinates":[[[77.639279,12.903492],[77.639763,12.903128],[77.639768,12.901891],[77.639657,12.901782],[77.638579,12.901745],[77.638132,12.901999],[77.638128,12.903236],[77.638239,12.903346],[77.638573,12.903491],[77.639279,12.903492]]]}},{"type":"Feature","properties":{"histId":"soi-57h9-1945-0085","sheet":"soi-57h9-1945","year":1945,"scale":63360,"areaM2":48165,"name":null,"confidence":"low","source":"soi-57h9-1945"},"geometry":{"type":"Polygon","coordinates":[[[77.710041,12.899711],[77.711082,12.899638],[77.71153,12.899238],[77.711533,12.898328],[77.711126,12.897927],[77.71001,12.897745],[77.709489,12.897854],[77.709116,12.898181],[77.709113,12.899055],[77.709372,12.899419],[77.709558,12.899565],[77.710041,12.899711]]]}},{"type":"Feature","properties":{"histId":"soi-57h9-1945-0086","sheet":"soi-57h9-1945","year":1945,"scale":63360,"areaM2":44723,"name":null,"confidence":"low","source":"soi-57h9-1945"},"geometry":{"type":"Polygon","coordinates":[[[77.648025,12.899859],[77.648324,12.899386],[77.648326,12.898804],[77.64818,12.898294],[77.647883,12.898076],[77.646805,12.898111],[77.646619,12.898293],[77.646432,12.898693],[77.646391,12.899567],[77.646465,12.899676],[77.646464,12.90004],[77.646834,12.900258],[77.647912,12.900332],[77.648024,12.900223],[77.648025,12.899859]]]}},{"type":"Feature","properties":{"histId":"soi-57h9-1945-0087","sheet":"soi-57h9-1945","year":1945,"scale":63360,"areaM2":225363,"name":null,"confidence":"medium","source":"soi-57h9-1945"},"geometry":{"type":"Polygon","coordinates":[[[77.692032,12.902141],[77.692627,12.90196],[77.692739,12.90185],[77.692743,12.900686],[77.692261,12.900394],[77.692225,12.900176],[77.694016,12.898356],[77.694017,12.898138],[77.694129,12.897992],[77.694133,12.896791],[77.693874,12.8965],[77.693839,12.89599],[77.693506,12.895553],[77.692837,12.895444],[77.69213,12.895553],[77.691645,12.895953],[77.691161,12.896062],[77.690676,12.896571],[77.690638,12.896862],[77.690414,12.897117],[77.690375,12.897517],[77.690151,12.897772],[77.690186,12.898427],[77.690408,12.898682],[77.690517,12.899338],[77.690925,12.899629],[77.690961,12.899847],[77.690737,12.900102],[77.690403,12.900175],[77.689955,12.900539],[77.689951,12.901667],[77.690099,12.901849],[77.691511,12.902177],[77.692032,12.902141]]]}},{"type":"Feature","properties":{"histId":"soi-57h9-1945-0088","sheet":"soi-57h9-1945","year":1945,"scale":63360,"areaM2":42607,"name":null,"confidence":"low","source":"soi-57h9-1945"},"geometry":{"type":"Polygon","coordinates":[[[77.729577,12.897898],[77.729581,12.896878],[77.729395,12.896696],[77.729322,12.896332],[77.729211,12.896223],[77.728207,12.896186],[77.727721,12.896586],[77.727716,12.898152],[77.727827,12.898261],[77.729129,12.898298],[77.729577,12.897898]]]}},{"type":"Feature","properties":{"histId":"soi-57h9-1945-0089","sheet":"soi-57h9-1945","year":1945,"scale":63360,"areaM2":303780,"name":null,"confidence":"medium","source":"soi-57h9-1945"},"geometry":{"type":"Polygon","coordinates":[[[77.581195,12.901007],[77.580899,12.900788],[77.580602,12.900715],[77.580344,12.90046],[77.580196,12.900133],[77.580197,12.899914],[77.580423,12.899296],[77.580944,12.898824],[77.580947,12.898024],[77.580801,12.897587],[77.580393,12.897405],[77.580208,12.897223],[77.579504,12.896931],[77.578613,12.896785],[77.5778,12.895984],[77.577095,12.895911],[77.576096,12.89511],[77.575873,12.895037],[77.574685,12.895072],[77.574387,12.895435],[77.574382,12.896454],[77.575158,12.897473],[77.575528,12.897728],[77.575751,12.897764],[77.576194,12.898238],[77.576711,12.899038],[77.577415,12.899257],[77.577563,12.899403],[77.577599,12.899767],[77.577784,12.899985],[77.577817,12.900858],[77.578334,12.901586],[77.578333,12.90195],[77.578703,12.902205],[77.579964,12.902497],[77.580819,12.902316],[77.581192,12.901916],[77.581195,12.901007]]]}},{"type":"Feature","properties":{"histId":"soi-57h9-1945-0090","sheet":"soi-57h9-1945","year":1945,"scale":63360,"areaM2":72110,"name":null,"confidence":"medium","source":"soi-57h9-1945"},"geometry":{"type":"Polygon","coordinates":[[[77.663605,12.898085],[77.663794,12.897285],[77.664018,12.896921],[77.664057,12.896375],[77.663946,12.89623],[77.663949,12.895538],[77.663838,12.895429],[77.663541,12.895356],[77.66276,12.895392],[77.662089,12.895937],[77.661827,12.896519],[77.661677,12.896665],[77.6616,12.897538],[77.66182,12.898194],[77.662228,12.898485],[77.663157,12.898522],[77.663605,12.898085]]]}},{"type":"Feature","properties":{"histId":"soi-57h9-1945-0091","sheet":"soi-57h9-1945","year":1945,"scale":63360,"areaM2":33250,"name":null,"confidence":"low","source":"soi-57h9-1945"},"geometry":{"type":"Polygon","coordinates":[[[77.599668,12.896658],[77.599673,12.895384],[77.599562,12.895275],[77.599339,12.895202],[77.5983,12.895201],[77.597927,12.895529],[77.597923,12.896511],[77.598256,12.896875],[77.599333,12.896912],[77.599668,12.896658]]]}},{"type":"Feature","properties":{"histId":"soi-57h9-1945-0092","sheet":"soi-57h9-1945","year":1945,"scale":63360,"areaM2":29976,"name":null,"confidence":"low","source":"soi-57h9-1945"},"geometry":{"type":"Polygon","coordinates":[[[77.52361,12.897457],[77.523945,12.89713],[77.523949,12.896148],[77.523839,12.896039],[77.523394,12.895929],[77.522726,12.895929],[77.522205,12.896255],[77.522201,12.897346],[77.522423,12.897492],[77.52361,12.897457]]]}},{"type":"Feature","properties":{"histId":"soi-57h9-1945-0093","sheet":"soi-57h9-1945","year":1945,"scale":63360,"areaM2":24134,"name":null,"confidence":"low","source":"soi-57h9-1945"},"geometry":{"type":"Polygon","coordinates":[[[77.543242,12.896423],[77.543246,12.895478],[77.543024,12.895259],[77.542097,12.895222],[77.541724,12.895513],[77.541721,12.896385],[77.541979,12.89664],[77.542907,12.896677],[77.543242,12.896423]]]}},{"type":"Feature","properties":{"histId":"soi-57h9-1945-0094","sheet":"soi-57h9-1945","year":1945,"scale":63360,"areaM2":59656,"name":null,"confidence":"low","source":"soi-57h9-1945"},"geometry":{"type":"Polygon","coordinates":[[[77.702782,12.89097],[77.703043,12.890716],[77.703008,12.890097],[77.702082,12.889113],[77.700818,12.889149],[77.700333,12.88955],[77.70033,12.890387],[77.700737,12.89097],[77.701702,12.89148],[77.702297,12.89148],[77.702744,12.891189],[77.702782,12.89097]]]}},{"type":"Feature","properties":{"histId":"soi-57h9-1945-0095","sheet":"soi-57h9-1945","year":1945,"scale":63360,"areaM2":30688,"name":null,"confidence":"low","source":"soi-57h9-1945"},"geometry":{"type":"Polygon","coordinates":[[[77.569017,12.892084],[77.569092,12.891903],[77.569096,12.89103],[77.5688,12.890702],[77.567909,12.890665],[77.567351,12.891101],[77.567348,12.891828],[77.567791,12.892338],[77.568608,12.892375],[77.569017,12.892084]]]}},{"type":"Feature","properties":{"histId":"soi-57h9-1945-0096","sheet":"soi-57h9-1945","year":1945,"scale":63360,"areaM2":32075,"name":null,"confidence":"low","source":"soi-57h9-1945"},"geometry":{"type":"Polygon","coordinates":[[[77.556991,12.892219],[77.557511,12.892037],[77.557697,12.891856],[77.557701,12.890983],[77.557479,12.890728],[77.556997,12.890582],[77.556181,12.890618],[77.555845,12.891017],[77.555842,12.891781],[77.555915,12.891927],[77.556285,12.892218],[77.556991,12.892219]]]}},{"type":"Feature","properties":{"histId":"soi-57h9-1945-0097","sheet":"soi-57h9-1945","year":1945,"scale":63360,"areaM2":35565,"name":null,"confidence":"low","source":"soi-57h9-1945"},"geometry":{"type":"Polygon","coordinates":[[[77.63015,12.890714],[77.630299,12.890677],[77.630596,12.890787],[77.630819,12.890641],[77.630672,12.890168],[77.630043,12.889586],[77.630006,12.889404],[77.629747,12.889222],[77.629041,12.889258],[77.62863,12.889876],[77.62859,12.890494],[77.628924,12.890749],[77.628997,12.891077],[77.629219,12.891222],[77.629777,12.891186],[77.63015,12.890714]]]}},{"type":"Feature","properties":{"histId":"soi-57h9-1945-0098","sheet":"soi-57h9-1945","year":1945,"scale":63360,"areaM2":47692,"name":null,"confidence":"low","source":"soi-57h9-1945"},"geometry":{"type":"Polygon","coordinates":[[[77.588103,12.891337],[77.588401,12.891046],[77.588402,12.890864],[77.588551,12.890683],[77.588591,12.890101],[77.588407,12.889628],[77.588074,12.889264],[77.586849,12.889263],[77.586363,12.889953],[77.586362,12.890208],[77.58651,12.89039],[77.586545,12.890936],[77.586952,12.891409],[77.587843,12.891446],[77.588103,12.891337]]]}},{"type":"Feature","properties":{"histId":"soi-57h9-1945-0099","sheet":"soi-57h9-1945","year":1945,"scale":63360,"areaM2":159813,"name":null,"confidence":"medium","source":"soi-57h9-1945"},"geometry":{"type":"Polygon","coordinates":[[[77.724817,12.886718],[77.724408,12.886536],[77.723442,12.886426],[77.72281,12.886171],[77.722661,12.886208],[77.722252,12.886098],[77.72121,12.886207],[77.720426,12.887008],[77.720426,12.88719],[77.720202,12.887481],[77.719829,12.887518],[77.719606,12.887663],[77.719604,12.888209],[77.720012,12.888391],[77.720272,12.888646],[77.721202,12.888683],[77.721649,12.888428],[77.72217,12.888501],[77.722355,12.888647],[77.722578,12.888684],[77.722949,12.889121],[77.723765,12.889776],[77.724286,12.88974],[77.724995,12.889012],[77.725145,12.888539],[77.725332,12.888357],[77.725262,12.887155],[77.724817,12.886718]]]}},{"type":"Feature","properties":{"histId":"soi-57h9-1945-0100","sheet":"soi-57h9-1945","year":1945,"scale":63360,"areaM2":27690,"name":null,"confidence":"low","source":"soi-57h9-1945"},"geometry":{"type":"Polygon","coordinates":[[[77.575678,12.888198],[77.575902,12.887944],[77.57594,12.887617],[77.576127,12.887435],[77.576128,12.887071],[77.575684,12.886671],[77.574756,12.886706],[77.574346,12.887179],[77.574343,12.887943],[77.574787,12.888234],[77.575678,12.888198]]]}},{"type":"Feature","properties":{"histId":"soi-57h9-1945-0101","sheet":"soi-57h9-1945","year":1945,"scale":63360,"areaM2":21694,"name":null,"confidence":"low","source":"soi-57h9-1945"},"geometry":{"type":"Polygon","coordinates":[[[77.645175,12.886975],[77.645179,12.88592],[77.644475,12.885519],[77.64414,12.885555],[77.643954,12.885737],[77.643949,12.887047],[77.644171,12.887193],[77.644952,12.88712],[77.645175,12.886975]]]}},{"type":"Feature","properties":{"histId":"soi-57h9-1945-0102","sheet":"soi-57h9-1945","year":1945,"scale":63360,"areaM2":119995,"name":null,"confidence":"medium","source":"soi-57h9-1945"},"geometry":{"type":"Polygon","coordinates":[[[77.666849,12.885276],[77.666255,12.885203],[77.665774,12.884621],[77.664956,12.884584],[77.664512,12.884183],[77.664292,12.883382],[77.66418,12.883273],[77.663251,12.883236],[77.663028,12.883382],[77.663025,12.884219],[77.663247,12.884365],[77.663842,12.884401],[77.664027,12.88462],[77.663988,12.884911],[77.663428,12.885675],[77.663425,12.886476],[77.664166,12.887167],[77.664389,12.887277],[77.66502,12.887277],[77.665356,12.887059],[77.665653,12.886986],[77.666806,12.886987],[77.667327,12.886841],[77.667439,12.886732],[77.667442,12.88575],[77.666849,12.885276]]]}},{"type":"Feature","properties":{"histId":"soi-57h9-1945-0103","sheet":"soi-57h9-1945","year":1945,"scale":63360,"areaM2":128167,"name":null,"confidence":"medium","source":"soi-57h9-1945"},"geometry":{"type":"Polygon","coordinates":[[[77.636664,12.887552],[77.637858,12.886388],[77.638452,12.88628],[77.638714,12.885989],[77.638718,12.884933],[77.63857,12.884679],[77.638199,12.88446],[77.637753,12.884533],[77.636713,12.884423],[77.636343,12.884132],[77.636046,12.884131],[77.635785,12.884313],[77.635004,12.884531],[77.634892,12.88464],[77.634854,12.884895],[77.63463,12.885113],[77.634552,12.886168],[77.634734,12.887005],[77.635364,12.887588],[77.636664,12.887552]]]}},{"type":"Feature","properties":{"histId":"soi-57h9-1945-0104","sheet":"soi-57h9-1945","year":1945,"scale":63360,"areaM2":47665,"name":null,"confidence":"low","source":"soi-57h9-1945"},"geometry":{"type":"Polygon","coordinates":[[[77.563185,12.884114],[77.563558,12.883605],[77.563559,12.883351],[77.563671,12.883205],[77.563673,12.882878],[77.563562,12.88266],[77.563266,12.882368],[77.562822,12.88215],[77.562228,12.882186],[77.562041,12.882367],[77.561707,12.88244],[77.561521,12.882585],[77.561334,12.882876],[77.561333,12.883058],[77.561444,12.883203],[77.561441,12.884076],[77.561588,12.884222],[77.56285,12.884259],[77.563185,12.884114]]]}},{"type":"Feature","properties":{"histId":"soi-57h9-1945-0105","sheet":"soi-57h9-1945","year":1945,"scale":63360,"areaM2":119426,"name":null,"confidence":"medium","source":"soi-57h9-1945"},"geometry":{"type":"Polygon","coordinates":[[[77.600285,12.881488],[77.59958,12.88127],[77.599023,12.881378],[77.598354,12.881378],[77.597427,12.881122],[77.596647,12.881122],[77.596312,12.881231],[77.596014,12.881485],[77.59601,12.882686],[77.596713,12.883195],[77.597714,12.883596],[77.598492,12.884033],[77.599458,12.883998],[77.600428,12.882834],[77.600433,12.881634],[77.600285,12.881488]]]}},{"type":"Feature","properties":{"histId":"soi-57h9-1945-0106","sheet":"soi-57h9-1945","year":1945,"scale":63360,"areaM2":49799,"name":null,"confidence":"low","source":"soi-57h9-1945"},"geometry":{"type":"Polygon","coordinates":[[[77.728633,12.880493],[77.729228,12.880748],[77.72934,12.880711],[77.730198,12.879801],[77.730422,12.879765],[77.730646,12.87951],[77.730648,12.879],[77.730314,12.878709],[77.729198,12.878636],[77.728751,12.878927],[77.728229,12.879],[77.727856,12.879437],[77.727853,12.88031],[77.728113,12.880493],[77.728633,12.880493]]]}},{"type":"Feature","properties":{"histId":"soi-57h9-1945-0107","sheet":"soi-57h9-1945","year":1945,"scale":63360,"areaM2":49259,"name":null,"confidence":"low","source":"soi-57h9-1945"},"geometry":{"type":"Polygon","coordinates":[[[77.662115,12.878868],[77.661819,12.878577],[77.661374,12.878322],[77.660631,12.878322],[77.660407,12.878394],[77.659997,12.878831],[77.659993,12.87985],[77.6604,12.88036],[77.66092,12.880433],[77.661143,12.880578],[77.6617,12.880542],[77.662148,12.880142],[77.662115,12.878868]]]}},{"type":"Feature","properties":{"histId":"soi-57h9-1945-0108","sheet":"soi-57h9-1945","year":1945,"scale":63360,"areaM2":116150,"name":null,"confidence":"medium","source":"soi-57h9-1945"},"geometry":{"type":"Polygon","coordinates":[[[77.542414,12.881295],[77.542526,12.88115],[77.542528,12.880568],[77.542234,12.880059],[77.542162,12.879549],[77.541534,12.878858],[77.54109,12.87853],[77.540051,12.878493],[77.539642,12.878674],[77.539493,12.87882],[77.539342,12.879438],[77.539155,12.879801],[77.53915,12.881001],[77.539372,12.881219],[77.539408,12.881438],[77.539889,12.881765],[77.540667,12.882057],[77.541261,12.882094],[77.541966,12.881986],[77.542376,12.881586],[77.542414,12.881295]]]}},{"type":"Feature","properties":{"histId":"soi-57h9-1945-0109","sheet":"soi-57h9-1945","year":1945,"scale":63360,"areaM2":76328,"name":null,"confidence":"medium","source":"soi-57h9-1945"},"geometry":{"type":"Polygon","coordinates":[[[77.642861,12.879914],[77.642863,12.879514],[77.643012,12.879332],[77.643016,12.87824],[77.643128,12.878095],[77.64313,12.877694],[77.642612,12.877039],[77.642315,12.876966],[77.642056,12.876784],[77.641163,12.877038],[77.640678,12.877657],[77.640675,12.878312],[77.640785,12.878749],[77.641117,12.87944],[77.641116,12.879622],[77.641597,12.880095],[77.642749,12.880023],[77.642861,12.879914]]]}},{"type":"Feature","properties":{"histId":"soi-57h9-1945-0110","sheet":"soi-57h9-1945","year":1945,"scale":63360,"areaM2":222664,"name":null,"confidence":"medium","source":"soi-57h9-1945"},"geometry":{"type":"Polygon","coordinates":[[[77.695585,12.875715],[77.695363,12.87546],[77.69533,12.874368],[77.694923,12.873894],[77.69418,12.873603],[77.69392,12.873566],[77.693436,12.873712],[77.692878,12.873712],[77.692358,12.873566],[77.692173,12.873384],[77.69195,12.873384],[77.691465,12.87382],[77.690907,12.873857],[77.690384,12.874584],[77.689936,12.875021],[77.68949,12.875057],[77.689117,12.875276],[77.689113,12.876368],[77.689373,12.87655],[77.690079,12.876586],[77.690822,12.876805],[77.691566,12.876842],[77.691789,12.876769],[77.692346,12.876988],[77.69335,12.877024],[77.693684,12.87717],[77.694204,12.877207],[77.694464,12.877389],[77.695208,12.877353],[77.695581,12.876952],[77.69551,12.876079],[77.695585,12.875715]]]}},{"type":"Feature","properties":{"histId":"soi-57h9-1945-0111","sheet":"soi-57h9-1945","year":1945,"scale":63360,"areaM2":32540,"name":null,"confidence":"low","source":"soi-57h9-1945"},"geometry":{"type":"Polygon","coordinates":[[[77.603804,12.874215],[77.603805,12.874069],[77.603546,12.873778],[77.603547,12.873596],[77.603919,12.873269],[77.60392,12.873123],[77.603439,12.872723],[77.603477,12.872505],[77.603812,12.87225],[77.603814,12.871741],[77.603592,12.871595],[77.602849,12.871595],[77.602626,12.87174],[77.602624,12.87225],[77.602994,12.872577],[77.602956,12.872795],[77.602583,12.873086],[77.602583,12.873268],[77.602953,12.873596],[77.602915,12.873814],[77.602579,12.874068],[77.602579,12.874287],[77.602801,12.874432],[77.603432,12.874433],[77.603804,12.874215]]]}},{"type":"Feature","properties":{"histId":"soi-57h9-1945-0112","sheet":"soi-57h9-1945","year":1945,"scale":63360,"areaM2":66628,"name":null,"confidence":"medium","source":"soi-57h9-1945"},"geometry":{"type":"Polygon","coordinates":[[[77.580598,12.87409],[77.580601,12.873362],[77.580453,12.87318],[77.580419,12.872525],[77.580012,12.872234],[77.579939,12.871798],[77.579717,12.871652],[77.578789,12.871688],[77.578639,12.871942],[77.578304,12.872196],[77.578226,12.873033],[77.578298,12.87376],[77.578483,12.873943],[77.578519,12.874161],[77.578963,12.874525],[77.580002,12.874562],[77.580598,12.87409]]]}},{"type":"Feature","properties":{"histId":"soi-57h9-1945-0113","sheet":"soi-57h9-1945","year":1945,"scale":63360,"areaM2":357087,"name":null,"confidence":"medium","source":"soi-57h9-1945"},"geometry":{"type":"Polygon","coordinates":[[[77.63266,12.875687],[77.632921,12.875397],[77.633,12.874159],[77.632852,12.873977],[77.632744,12.873031],[77.632522,12.872776],[77.632375,12.872412],[77.632341,12.871721],[77.632156,12.871357],[77.632125,12.869756],[77.632052,12.869501],[77.631572,12.868737],[77.631128,12.868264],[77.630942,12.868227],[77.630609,12.867972],[77.630052,12.867972],[77.629455,12.868481],[77.629156,12.86899],[77.629117,12.869573],[77.628967,12.869754],[77.628892,12.870082],[77.62889,12.870664],[77.628703,12.870882],[77.628507,12.873648],[77.628357,12.873829],[77.628318,12.874448],[77.627759,12.874811],[77.627754,12.876121],[77.627977,12.876267],[77.629054,12.876268],[77.629651,12.875686],[77.630357,12.87565],[77.63058,12.875504],[77.631026,12.875468],[77.631174,12.875505],[77.631396,12.87576],[77.631394,12.876305],[77.631505,12.876415],[77.632137,12.876451],[77.632621,12.876015],[77.63266,12.875687]]]}},{"type":"Feature","properties":{"histId":"soi-57h9-1945-0114","sheet":"soi-57h9-1945","year":1945,"scale":63360,"areaM2":279143,"name":null,"confidence":"medium","source":"soi-57h9-1945"},"geometry":{"type":"Polygon","coordinates":[[[77.677455,12.872214],[77.678015,12.871377],[77.678575,12.87094],[77.678577,12.870322],[77.678243,12.870067],[77.677984,12.869666],[77.677985,12.869448],[77.677652,12.869157],[77.677504,12.868902],[77.676762,12.868538],[77.67628,12.868137],[77.675537,12.867991],[77.675278,12.867736],[77.675242,12.867336],[77.675131,12.867227],[77.6732,12.866716],[77.672791,12.866716],[77.672456,12.866825],[77.672046,12.867226],[77.672043,12.86799],[77.672525,12.868281],[77.67334,12.869046],[77.673376,12.869264],[77.673115,12.869555],[77.673114,12.869847],[77.673595,12.870356],[77.67404,12.870648],[77.674113,12.871085],[77.674668,12.871703],[77.674705,12.871885],[77.675557,12.872723],[77.675592,12.873233],[77.67574,12.873451],[77.676855,12.873451],[77.677453,12.87276],[77.677455,12.872214]]]}},{"type":"Feature","properties":{"histId":"soi-57h9-1945-0115","sheet":"soi-57h9-1945","year":1945,"scale":63360,"areaM2":39064,"name":null,"confidence":"low","source":"soi-57h9-1945"},"geometry":{"type":"Polygon","coordinates":[[[77.643417,12.870417],[77.643753,12.870235],[77.644014,12.869944],[77.644018,12.868743],[77.64361,12.868524],[77.642904,12.868524],[77.642532,12.868633],[77.642123,12.86896],[77.642118,12.870198],[77.642526,12.870416],[77.643417,12.870417]]]}},{"type":"Feature","properties":{"histId":"soi-57h9-1945-0116","sheet":"soi-57h9-1945","year":1945,"scale":63360,"areaM2":25293,"name":null,"confidence":"low","source":"soi-57h9-1945"},"geometry":{"type":"Polygon","coordinates":[[[77.52647,12.87019],[77.526619,12.870045],[77.526624,12.868917],[77.526402,12.868772],[77.525474,12.868771],[77.525214,12.868843],[77.525103,12.868952],[77.525098,12.870043],[77.525468,12.870225],[77.52647,12.87019]]]}},{"type":"Feature","properties":{"histId":"soi-57h9-1945-0117","sheet":"soi-57h9-1945","year":1945,"scale":63360,"areaM2":161807,"name":null,"confidence":"medium","source":"soi-57h9-1945"},"geometry":{"type":"Polygon","coordinates":[[[77.602744,12.870067],[77.604232,12.869231],[77.604235,12.868467],[77.604459,12.868212],[77.604757,12.868067],[77.60461,12.867594],[77.604983,12.867267],[77.605245,12.866794],[77.605286,12.865739],[77.605028,12.865302],[77.603765,12.865302],[77.603466,12.865702],[77.603354,12.866029],[77.603018,12.866356],[77.602684,12.866429],[77.602497,12.866611],[77.602459,12.866974],[77.602123,12.867338],[77.601566,12.867447],[77.601268,12.867628],[77.600822,12.867628],[77.600562,12.86781],[77.600487,12.867955],[77.600483,12.868901],[77.600779,12.869156],[77.600927,12.869411],[77.601816,12.869993],[77.602744,12.870067]]]}},{"type":"Feature","properties":{"histId":"soi-57h9-1945-0118","sheet":"soi-57h9-1945","year":1945,"scale":63360,"areaM2":252867,"name":null,"confidence":"medium","source":"soi-57h9-1945"},"geometry":{"type":"Polygon","coordinates":[[[77.710083,12.866945],[77.710828,12.866726],[77.711312,12.866326],[77.712392,12.865926],[77.712766,12.865598],[77.712804,12.86538],[77.713475,12.864761],[77.714331,12.864688],[77.714705,12.864178],[77.71504,12.863887],[77.715302,12.863523],[77.715306,12.862467],[77.71486,12.862212],[77.714451,12.862212],[77.71393,12.862321],[77.713669,12.86254],[77.713334,12.862649],[77.713037,12.862467],[77.712815,12.862139],[77.712743,12.86152],[77.712632,12.861411],[77.711628,12.861375],[77.71133,12.86152],[77.71118,12.861666],[77.711104,12.862103],[77.71088,12.862357],[77.710879,12.862685],[77.710655,12.86294],[77.71058,12.863268],[77.710169,12.863668],[77.709797,12.863777],[77.709051,12.864396],[77.708975,12.86476],[77.708378,12.865379],[77.708376,12.865888],[77.708673,12.866143],[77.708746,12.866544],[77.709637,12.866981],[77.710083,12.866945]]]}},{"type":"Feature","properties":{"histId":"soi-57h9-1945-0119","sheet":"soi-57h9-1945","year":1945,"scale":63360,"areaM2":39435,"name":null,"confidence":"low","source":"soi-57h9-1945"},"geometry":{"type":"Polygon","coordinates":[[[77.567639,12.865787],[77.567678,12.865533],[77.567864,12.865351],[77.567867,12.86466],[77.567534,12.864259],[77.567238,12.86415],[77.566458,12.86415],[77.566086,12.864368],[77.565973,12.864731],[77.565824,12.864877],[77.565822,12.865531],[77.566117,12.866004],[77.56723,12.866041],[77.567639,12.865787]]]}},{"type":"Feature","properties":{"histId":"soi-57h9-1945-0120","sheet":"soi-57h9-1945","year":1945,"scale":63360,"areaM2":65496,"name":null,"confidence":"medium","source":"soi-57h9-1945"},"geometry":{"type":"Polygon","coordinates":[[[77.725667,12.856606],[77.725482,12.856315],[77.725259,12.856242],[77.724403,12.856242],[77.724031,12.856351],[77.72377,12.856533],[77.723694,12.856861],[77.72347,12.85708],[77.723467,12.858026],[77.723838,12.858427],[77.725064,12.858718],[77.725697,12.858536],[77.726107,12.858245],[77.726149,12.857007],[77.725667,12.856606]]]}},{"type":"Feature","properties":{"histId":"soi-57h9-1945-0121","sheet":"soi-57h9-1945","year":1945,"scale":63360,"areaM2":135571,"name":null,"confidence":"medium","source":"soi-57h9-1945"},"geometry":{"type":"Polygon","coordinates":[[[77.657732,12.858522],[77.658435,12.859177],[77.659327,12.85936],[77.659996,12.859324],[77.660406,12.858887],[77.660407,12.858669],[77.660818,12.858159],[77.660856,12.857941],[77.66149,12.857177],[77.661493,12.856376],[77.661197,12.856012],[77.66038,12.855903],[77.659896,12.856121],[77.657814,12.856375],[77.657553,12.85663],[77.657181,12.856666],[77.656958,12.856811],[77.656916,12.858012],[77.657323,12.858449],[77.657732,12.858522]]]}},{"type":"Feature","properties":{"histId":"soi-57h9-1945-0122","sheet":"soi-57h9-1945","year":1945,"scale":63360,"areaM2":100500,"name":null,"confidence":"medium","source":"soi-57h9-1945"},"geometry":{"type":"Polygon","coordinates":[[[77.624224,12.857235],[77.622962,12.856834],[77.622185,12.856252],[77.62107,12.856251],[77.62081,12.856433],[77.620696,12.85687],[77.62077,12.856979],[77.620804,12.857925],[77.621579,12.859162],[77.622099,12.859272],[77.622916,12.859272],[77.62366,12.858872],[77.624255,12.858691],[77.624404,12.858545],[77.624409,12.857417],[77.624224,12.857235]]]}},{"type":"Feature","properties":{"histId":"soi-57h9-1945-0123","sheet":"soi-57h9-1945","year":1945,"scale":63360,"areaM2":92121,"name":null,"confidence":"medium","source":"soi-57h9-1945"},"geometry":{"type":"Polygon","coordinates":[[[77.672189,12.858745],[77.673122,12.85769],[77.673755,12.857253],[77.67376,12.856016],[77.673649,12.855906],[77.672795,12.855579],[77.671605,12.855651],[77.67127,12.855833],[77.670448,12.856961],[77.670447,12.857361],[77.670706,12.857616],[77.670779,12.858089],[77.671186,12.858599],[77.671594,12.858781],[77.672189,12.858745]]]}},{"type":"Feature","properties":{"histId":"soi-57h9-1945-0124","sheet":"soi-57h9-1945","year":1945,"scale":63360,"areaM2":133881,"name":null,"confidence":"medium","source":"soi-57h9-1945"},"geometry":{"type":"Polygon","coordinates":[[[77.692794,12.855911],[77.693054,12.856093],[77.693759,12.856275],[77.695024,12.856239],[77.69629,12.85562],[77.696738,12.855183],[77.696742,12.854127],[77.69626,12.853618],[77.695926,12.853508],[77.695741,12.853326],[77.694663,12.85329],[77.693509,12.853617],[77.69336,12.853726],[77.692727,12.853836],[77.692504,12.854018],[77.692317,12.854054],[77.692206,12.854163],[77.692168,12.854382],[77.691981,12.854563],[77.691979,12.855219],[77.692348,12.855765],[77.692794,12.855911]]]}},{"type":"Feature","properties":{"histId":"soi-57h9-1945-0125","sheet":"soi-57h9-1945","year":1945,"scale":63360,"areaM2":52507,"name":null,"confidence":"low","source":"soi-57h9-1945"},"geometry":{"type":"Polygon","coordinates":[[[77.690834,12.852998],[77.690612,12.85278],[77.690538,12.852561],[77.690353,12.852379],[77.689982,12.85227],[77.689722,12.852088],[77.68883,12.852124],[77.68868,12.85227],[77.688638,12.853616],[77.688971,12.854017],[77.689008,12.854199],[77.689379,12.854454],[77.690457,12.854418],[77.690868,12.854017],[77.690834,12.852998]]]}},{"type":"Feature","properties":{"histId":"soi-57h9-1945-0126","sheet":"soi-57h9-1945","year":1945,"scale":63360,"areaM2":90921,"name":null,"confidence":"medium","source":"soi-57h9-1945"},"geometry":{"type":"Polygon","coordinates":[[[77.591776,12.85489],[77.59226,12.854563],[77.592228,12.85329],[77.591969,12.852962],[77.591933,12.852562],[77.591711,12.852417],[77.591377,12.85238],[77.591008,12.851761],[77.590897,12.851725],[77.5906,12.851834],[77.589892,12.852525],[77.589631,12.852597],[77.589445,12.852852],[77.589443,12.853361],[77.589293,12.853761],[77.58929,12.854416],[77.589585,12.854962],[77.590809,12.855144],[77.591776,12.85489]]]}},{"type":"Feature","properties":{"histId":"soi-57h9-1945-0127","sheet":"soi-57h9-1945","year":1945,"scale":63360,"areaM2":20078,"name":null,"confidence":"low","source":"soi-57h9-1945"},"geometry":{"type":"Polygon","coordinates":[[[77.60979,12.853699],[77.609829,12.853044],[77.609794,12.852681],[77.609683,12.852571],[77.60868,12.852535],[77.608457,12.85268],[77.608453,12.853589],[77.608601,12.853808],[77.609566,12.853845],[77.60979,12.853699]]]}},{"type":"Feature","properties":{"histId":"soi-57h9-1945-0128","sheet":"soi-57h9-1945","year":1945,"scale":63360,"areaM2":80448,"name":null,"confidence":"medium","source":"soi-57h9-1945"},"geometry":{"type":"Polygon","coordinates":[[[77.618481,12.853449],[77.618779,12.853194],[77.618781,12.852648],[77.618485,12.852357],[77.618449,12.852175],[77.617709,12.851338],[77.617487,12.851265],[77.616633,12.851265],[77.616261,12.851337],[77.615888,12.851774],[77.615883,12.852902],[77.615956,12.853229],[77.616141,12.853411],[77.616252,12.853739],[77.61677,12.854103],[77.618033,12.85414],[77.618293,12.854031],[77.618443,12.853849],[77.618481,12.853449]]]}},{"type":"Feature","properties":{"histId":"soi-57h9-1945-0129","sheet":"soi-57h9-1945","year":1945,"scale":63360,"areaM2":57186,"name":null,"confidence":"low","source":"soi-57h9-1945"},"geometry":{"type":"Polygon","coordinates":[[[77.741272,12.851472],[77.741278,12.849834],[77.740945,12.849324],[77.740946,12.849032],[77.740723,12.848887],[77.739644,12.848923],[77.739307,12.84936],[77.739304,12.850343],[77.739415,12.850489],[77.73945,12.851181],[77.739895,12.851618],[77.741048,12.851618],[77.741272,12.851472]]]}},{"type":"Feature","properties":{"histId":"soi-57h9-1945-0130","sheet":"soi-57h9-1945","year":1945,"scale":63360,"areaM2":31425,"name":null,"confidence":"low","source":"soi-57h9-1945"},"geometry":{"type":"Polygon","coordinates":[[[77.645125,12.851203],[77.64546,12.851021],[77.645498,12.850839],[77.645722,12.850621],[77.645724,12.849966],[77.645354,12.849602],[77.644723,12.849456],[77.644202,12.849602],[77.643941,12.849893],[77.643938,12.850766],[77.644197,12.85113],[77.644419,12.851203],[77.645125,12.851203]]]}},{"type":"Feature","properties":{"histId":"soi-57h9-1945-0131","sheet":"soi-57h9-1945","year":1945,"scale":63360,"areaM2":25389,"name":null,"confidence":"low","source":"soi-57h9-1945"},"geometry":{"type":"Polygon","coordinates":[[[77.623358,12.850685],[77.623507,12.85054],[77.623509,12.850031],[77.623695,12.849812],[77.623734,12.849376],[77.623512,12.84923],[77.622212,12.849302],[77.6221,12.849411],[77.622095,12.850539],[77.622355,12.850721],[77.623358,12.850685]]]}},{"type":"Feature","properties":{"histId":"soi-57h9-1945-0132","sheet":"soi-57h9-1945","year":1945,"scale":63360,"areaM2":135648,"name":null,"confidence":"medium","source":"soi-57h9-1945"},"geometry":{"type":"Polygon","coordinates":[[[77.709555,12.848013],[77.709333,12.847758],[77.709301,12.846411],[77.709079,12.846156],[77.709042,12.845865],[77.70856,12.845537],[77.707482,12.845391],[77.707147,12.845428],[77.706775,12.84561],[77.706366,12.845646],[77.705956,12.845974],[77.705952,12.847066],[77.706025,12.847321],[77.706285,12.847576],[77.706469,12.847867],[77.706469,12.848012],[77.70695,12.848595],[77.707543,12.849141],[77.70836,12.849578],[77.70888,12.849578],[77.709402,12.849323],[77.709514,12.849214],[77.709555,12.848013]]]}},{"type":"Feature","properties":{"histId":"soi-57h9-1945-0133","sheet":"soi-57h9-1945","year":1945,"scale":63360,"areaM2":334752,"name":null,"confidence":"medium","source":"soi-57h9-1945"},"geometry":{"type":"Polygon","coordinates":[[[77.716981,12.851472],[77.717503,12.851071],[77.717507,12.850052],[77.717731,12.849797],[77.717695,12.849469],[77.717807,12.849215],[77.718031,12.84896],[77.718183,12.848049],[77.71852,12.847685],[77.718892,12.847576],[77.719265,12.847139],[77.719305,12.846375],[77.719529,12.84612],[77.71953,12.845974],[77.719307,12.845719],[77.719383,12.845282],[77.719645,12.845027],[77.719683,12.8447],[77.71935,12.844226],[77.719352,12.843789],[77.71924,12.84368],[77.718683,12.843607],[77.718236,12.843826],[77.717083,12.843826],[77.716784,12.844044],[77.715854,12.844226],[77.714883,12.845428],[77.714844,12.845901],[77.71462,12.846156],[77.714535,12.849032],[77.714795,12.849324],[77.714866,12.85027],[77.715162,12.850525],[77.715198,12.851035],[77.715568,12.851508],[77.716609,12.851581],[77.716981,12.851472]]]}},{"type":"Feature","properties":{"histId":"soi-57h9-1945-0134","sheet":"soi-57h9-1945","year":1945,"scale":63360,"areaM2":28952,"name":null,"confidence":"low","source":"soi-57h9-1945"},"geometry":{"type":"Polygon","coordinates":[[[77.604238,12.849003],[77.60435,12.848785],[77.604354,12.847839],[77.604132,12.847584],[77.603055,12.847548],[77.602832,12.847693],[77.60272,12.847875],[77.602716,12.848784],[77.602938,12.849112],[77.604014,12.849149],[77.604238,12.849003]]]}},{"type":"Feature","properties":{"histId":"soi-57h9-1945-0135","sheet":"soi-57h9-1945","year":1945,"scale":63360,"areaM2":35981,"name":null,"confidence":"low","source":"soi-57h9-1945"},"geometry":{"type":"Polygon","coordinates":[[[77.559432,12.848906],[77.559655,12.84876],[77.559656,12.848469],[77.559805,12.848288],[77.559809,12.847378],[77.559624,12.847196],[77.559402,12.847087],[77.5584,12.847087],[77.557991,12.847377],[77.55795,12.848286],[77.558135,12.848468],[77.558171,12.848687],[77.558541,12.848905],[77.559432,12.848906]]]}},{"type":"Feature","properties":{"histId":"soi-57h9-1945-0136","sheet":"soi-57h9-1945","year":1945,"scale":63360,"areaM2":24673,"name":null,"confidence":"low","source":"soi-57h9-1945"},"geometry":{"type":"Polygon","coordinates":[[[77.590623,12.84605],[77.590627,12.844959],[77.590442,12.84474],[77.589514,12.844704],[77.589216,12.844958],[77.589212,12.846049],[77.589397,12.846231],[77.590325,12.846268],[77.590623,12.84605]]]}},{"type":"Feature","properties":{"histId":"soi-57h9-1945-0137","sheet":"soi-57h9-1945","year":1945,"scale":63360,"areaM2":35286,"name":null,"confidence":"low","source":"soi-57h9-1945"},"geometry":{"type":"Polygon","coordinates":[[[77.623747,12.846065],[77.624194,12.845774],[77.624306,12.845592],[77.62431,12.844573],[77.624162,12.844391],[77.623865,12.844245],[77.622974,12.844245],[77.622452,12.844645],[77.622449,12.845482],[77.622856,12.845919],[77.623227,12.846064],[77.623747,12.846065]]]}},{"type":"Feature","properties":{"histId":"soi-57h9-1945-0138","sheet":"soi-57h9-1945","year":1945,"scale":63360,"areaM2":24244,"name":null,"confidence":"low","source":"soi-57h9-1945"},"geometry":{"type":"Polygon","coordinates":[[[77.518465,12.842222],[77.51847,12.841023],[77.518322,12.840877],[77.517432,12.840804],[77.517061,12.841021],[77.517056,12.84204],[77.517389,12.842331],[77.518242,12.842368],[77.518465,12.842222]]]}},{"type":"Feature","properties":{"histId":"soi-57h9-1945-0139","sheet":"soi-57h9-1945","year":1945,"scale":63360,"areaM2":51742,"name":null,"confidence":"low","source":"soi-57h9-1945"},"geometry":{"type":"Polygon","coordinates":[[[77.674931,12.84091],[77.675192,12.840728],[77.675526,12.840656],[77.675863,12.840182],[77.675866,12.839163],[77.675459,12.838836],[77.675236,12.838763],[77.674418,12.838763],[77.673823,12.838981],[77.673711,12.83909],[77.673672,12.839563],[77.673523,12.839745],[77.673557,12.840473],[77.673742,12.840728],[77.674001,12.84091],[77.674931,12.84091]]]}},{"type":"Feature","properties":{"histId":"soi-57h9-1945-0140","sheet":"soi-57h9-1945","year":1945,"scale":63360,"areaM2":292991,"name":null,"confidence":"medium","source":"soi-57h9-1945"},"geometry":{"type":"Polygon","coordinates":[[[77.740334,12.843097],[77.74041,12.842405],[77.74056,12.842223],[77.740566,12.840366],[77.740641,12.840147],[77.740903,12.839892],[77.740905,12.839127],[77.741092,12.838909],[77.741131,12.838545],[77.741355,12.838326],[77.741394,12.837561],[77.741656,12.83727],[77.741694,12.837015],[77.741918,12.836797],[77.741921,12.835886],[77.741513,12.835486],[77.740882,12.835158],[77.740584,12.835158],[77.740137,12.835304],[77.73969,12.835632],[77.73928,12.835741],[77.739056,12.835959],[77.738498,12.835959],[77.7382,12.836069],[77.738088,12.836178],[77.73801,12.837198],[77.737824,12.837416],[77.737742,12.839419],[77.737555,12.839638],[77.737551,12.840876],[77.737811,12.841167],[77.737845,12.842077],[77.738548,12.842951],[77.738697,12.842988],[77.739365,12.84357],[77.739923,12.843534],[77.740334,12.843097]]]}},{"type":"Feature","properties":{"histId":"soi-57h9-1945-0141","sheet":"soi-57h9-1945","year":1945,"scale":63360,"areaM2":56021,"name":null,"confidence":"low","source":"soi-57h9-1945"},"geometry":{"type":"Polygon","coordinates":[[[77.618132,12.838131],[77.618135,12.837403],[77.618247,12.837257],[77.618249,12.836784],[77.617843,12.836093],[77.617807,12.835729],[77.617437,12.835511],[77.616545,12.835547],[77.616134,12.836202],[77.616131,12.837075],[77.616611,12.837693],[77.616684,12.83813],[77.616906,12.838276],[77.617909,12.838276],[77.618132,12.838131]]]}},{"type":"Feature","properties":{"histId":"soi-57h9-1945-0142","sheet":"soi-57h9-1945","year":1945,"scale":63360,"areaM2":35297,"name":null,"confidence":"low","source":"soi-57h9-1945"},"geometry":{"type":"Polygon","coordinates":[[[77.576422,12.832511],[77.57672,12.832257],[77.576725,12.831202],[77.576281,12.830802],[77.575353,12.830801],[77.575167,12.830874],[77.574869,12.831201],[77.574864,12.832256],[77.575346,12.832547],[77.576422,12.832511]]]}},{"type":"Feature","properties":{"histId":"soi-57h9-1945-0143","sheet":"soi-57h9-1945","year":1945,"scale":63360,"areaM2":75600,"name":null,"confidence":"medium","source":"soi-57h9-1945"},"geometry":{"type":"Polygon","coordinates":[[[77.675191,12.830901],[77.675237,12.828425],[77.675015,12.828171],[77.674979,12.827916],[77.674756,12.82777],[77.67379,12.827806],[77.673379,12.828207],[77.673377,12.828716],[77.673153,12.828971],[77.673112,12.830063],[77.673334,12.830318],[77.67337,12.830828],[77.673814,12.831228],[77.674743,12.831228],[77.675191,12.830901]]]}},{"type":"Feature","properties":{"histId":"soi-57h9-1945-0144","sheet":"soi-57h9-1945","year":1945,"scale":63360,"areaM2":24228,"name":null,"confidence":"low","source":"soi-57h9-1945"},"geometry":{"type":"Polygon","coordinates":[[[77.622581,12.8306],[77.622768,12.8302],[77.622771,12.829399],[77.622364,12.829217],[77.621324,12.829254],[77.621212,12.829363],[77.621282,12.830491],[77.621504,12.830636],[77.622581,12.8306]]]}},{"type":"Feature","properties":{"histId":"soi-57h9-1945-0145","sheet":"soi-57h9-1945","year":1945,"scale":63360,"areaM2":100248,"name":null,"confidence":"medium","source":"soi-57h9-1945"},"geometry":{"type":"Polygon","coordinates":[[[77.685273,12.828462],[77.685458,12.828535],[77.687206,12.828499],[77.687429,12.828426],[77.687839,12.828062],[77.687843,12.827042],[77.687398,12.826678],[77.686915,12.826606],[77.686544,12.826387],[77.686209,12.826569],[77.68554,12.826642],[77.685242,12.826569],[77.684983,12.826387],[77.684165,12.826387],[77.683532,12.826606],[77.683346,12.826751],[77.683341,12.827989],[77.684381,12.828462],[77.685273,12.828462]]]}},{"type":"Feature","properties":{"histId":"soi-57h9-1945-0146","sheet":"soi-57h9-1945","year":1945,"scale":63360,"areaM2":61933,"name":null,"confidence":"medium","source":"soi-57h9-1945"},"geometry":{"type":"Polygon","coordinates":[[[77.662719,12.826786],[77.66179,12.826677],[77.661159,12.826532],[77.660936,12.826386],[77.660342,12.826386],[77.659783,12.826713],[77.659779,12.827732],[77.65989,12.827842],[77.660744,12.828097],[77.661264,12.828133],[77.66182,12.828497],[77.662638,12.828424],[77.663011,12.82817],[77.663014,12.82715],[77.662719,12.826786]]]}},{"type":"Feature","properties":{"histId":"soi-57h9-1945-0147","sheet":"soi-57h9-1945","year":1945,"scale":63360,"areaM2":61101,"name":null,"confidence":"medium","source":"soi-57h9-1945"},"geometry":{"type":"Polygon","coordinates":[[[77.608035,12.827612],[77.607777,12.827248],[77.607296,12.826812],[77.607223,12.826302],[77.607112,12.826193],[77.606147,12.826193],[77.605476,12.826775],[77.605474,12.827321],[77.605695,12.827684],[77.605805,12.828157],[77.606545,12.828813],[77.607696,12.828813],[77.608031,12.828558],[77.608035,12.827612]]]}},{"type":"Feature","properties":{"histId":"soi-57h9-1945-0148","sheet":"soi-57h9-1945","year":1945,"scale":63360,"areaM2":320968,"name":null,"confidence":"medium","source":"soi-57h9-1945"},"geometry":{"type":"Polygon","coordinates":[[[77.696878,12.826605],[77.69647,12.826496],[77.696098,12.826569],[77.695577,12.826569],[77.695169,12.82646],[77.694648,12.826533],[77.694499,12.826496],[77.694314,12.826278],[77.694356,12.824895],[77.694692,12.824494],[77.69473,12.824312],[77.694917,12.82413],[77.695215,12.824057],[77.695812,12.823365],[77.695814,12.82271],[77.695407,12.822346],[77.694328,12.822383],[77.693433,12.823256],[77.692763,12.823402],[77.691648,12.823402],[77.691387,12.823584],[77.691089,12.823657],[77.69094,12.823803],[77.690605,12.823912],[77.689822,12.82464],[77.689412,12.824895],[77.688815,12.825623],[77.688811,12.826496],[77.68933,12.827006],[77.69104,12.827006],[77.691263,12.826933],[77.691746,12.827115],[77.693567,12.827188],[77.693938,12.827588],[77.693936,12.828062],[77.694084,12.828207],[77.695161,12.828535],[77.695868,12.828389],[77.696574,12.828426],[77.697468,12.827989],[77.697472,12.827042],[77.696878,12.826605]]]}},{"type":"Feature","properties":{"histId":"soi-57h9-1945-0149","sheet":"soi-57h9-1945","year":1945,"scale":63360,"areaM2":99723,"name":null,"confidence":"medium","source":"soi-57h9-1945"},"geometry":{"type":"Polygon","coordinates":[[[77.59252,12.826334],[77.59278,12.826516],[77.593039,12.826516],[77.593374,12.826407],[77.594007,12.825971],[77.59412,12.82557],[77.594455,12.82528],[77.594752,12.825207],[77.59505,12.824916],[77.595053,12.824225],[77.594868,12.824006],[77.594869,12.823752],[77.594722,12.823606],[77.594202,12.823461],[77.593386,12.823387],[77.593014,12.823606],[77.59201,12.82386],[77.591526,12.82426],[77.591413,12.824696],[77.59141,12.825497],[77.591558,12.825642],[77.591742,12.826079],[77.59189,12.826225],[77.59252,12.826334]]]}},{"type":"Feature","properties":{"histId":"soi-57h9-1945-0150","sheet":"soi-57h9-1945","year":1945,"scale":63360,"areaM2":89273,"name":null,"confidence":"medium","source":"soi-57h9-1945"},"geometry":{"type":"Polygon","coordinates":[[[77.613953,12.824121],[77.614139,12.823939],[77.61414,12.823685],[77.61429,12.823503],[77.614291,12.823175],[77.614143,12.822993],[77.614145,12.822448],[77.614072,12.822302],[77.614078,12.820665],[77.61393,12.820446],[77.613486,12.820228],[77.613262,12.820374],[77.61263,12.820483],[77.612519,12.820592],[77.612518,12.820846],[77.612331,12.821065],[77.612143,12.821719],[77.611994,12.821901],[77.611992,12.822338],[77.61188,12.822483],[77.611877,12.823175],[77.611988,12.82332],[77.611987,12.823502],[77.61269,12.824157],[77.612876,12.82423],[77.613618,12.82423],[77.613953,12.824121]]]}},{"type":"Feature","properties":{"histId":"soi-57h9-1945-0151","sheet":"soi-57h9-1945","year":1945,"scale":63360,"areaM2":77270,"name":null,"confidence":"medium","source":"soi-57h9-1945"},"geometry":{"type":"Polygon","coordinates":[[[77.732115,12.820921],[77.7326,12.82063],[77.732749,12.820375],[77.732717,12.819064],[77.732457,12.818845],[77.731789,12.818554],[77.730859,12.818591],[77.73056,12.818809],[77.730225,12.818882],[77.729702,12.819574],[77.7297,12.820303],[77.730255,12.820958],[77.731221,12.821176],[77.732115,12.820921]]]}},{"type":"Feature","properties":{"histId":"soi-57h9-1945-0152","sheet":"soi-57h9-1945","year":1945,"scale":63360,"areaM2":164686,"name":null,"confidence":"medium","source":"soi-57h9-1945"},"geometry":{"type":"Polygon","coordinates":[[[77.631125,12.820741],[77.631644,12.820887],[77.632238,12.820887],[77.632795,12.821032],[77.63339,12.82096],[77.633613,12.820741],[77.633948,12.820669],[77.634209,12.820378],[77.63436,12.819723],[77.634065,12.819213],[77.634066,12.818958],[77.633696,12.818558],[77.633702,12.816884],[77.633591,12.816775],[77.633258,12.816629],[77.632329,12.816666],[77.632217,12.816775],[77.632214,12.817539],[77.631655,12.818048],[77.631432,12.818085],[77.630578,12.817903],[77.630169,12.818048],[77.629722,12.818485],[77.629647,12.818667],[77.629644,12.819467],[77.629939,12.820049],[77.630346,12.820413],[77.630866,12.820486],[77.631125,12.820741]]]}},{"type":"Feature","properties":{"histId":"soi-57h9-1945-0153","sheet":"soi-57h9-1945","year":1945,"scale":63360,"areaM2":1342187,"name":null,"confidence":"medium","source":"soi-57h9-1945"},"geometry":{"type":"Polygon","coordinates":[[[77.725802,12.828751],[77.725805,12.827732],[77.725992,12.827513],[77.726402,12.827331],[77.72696,12.827258],[77.727632,12.82653],[77.728153,12.826457],[77.728638,12.826165],[77.729196,12.826056],[77.72983,12.825655],[77.729868,12.825437],[77.730091,12.825218],[77.730095,12.82409],[77.729985,12.823653],[77.72891,12.822706],[77.728019,12.822342],[77.727574,12.821905],[77.727314,12.821832],[77.726943,12.821468],[77.726907,12.821214],[77.726759,12.821031],[77.726797,12.820813],[77.727058,12.820522],[77.727803,12.820303],[77.728361,12.820267],[77.728771,12.819939],[77.728773,12.81932],[77.728848,12.819101],[77.729035,12.818919],[77.729036,12.818591],[77.728517,12.818118],[77.728519,12.817463],[77.727369,12.816771],[77.727183,12.816735],[77.726516,12.816116],[77.726071,12.815497],[77.725589,12.815133],[77.725292,12.815024],[77.724511,12.815097],[77.723802,12.815607],[77.723244,12.815752],[77.722463,12.815753],[77.722017,12.815607],[77.721832,12.815389],[77.721833,12.815206],[77.721945,12.815061],[77.721911,12.814078],[77.721689,12.813823],[77.721653,12.813422],[77.721061,12.812621],[77.720355,12.812403],[77.71976,12.812367],[77.719204,12.811857],[77.718647,12.811712],[77.718201,12.811457],[77.717867,12.811421],[77.716496,12.810001],[77.716385,12.809782],[77.716387,12.809309],[77.716016,12.808909],[77.715981,12.808362],[77.715759,12.808144],[77.715723,12.807707],[77.715464,12.807379],[77.715204,12.807198],[77.714014,12.807234],[77.713604,12.807671],[77.713563,12.808764],[77.713599,12.808946],[77.713784,12.809164],[77.713819,12.809929],[77.713705,12.810438],[77.71322,12.810985],[77.713216,12.811968],[77.713624,12.812441],[77.714218,12.812769],[77.714514,12.81306],[77.71455,12.813315],[77.714736,12.813497],[77.714772,12.813679],[77.715292,12.814043],[77.715476,12.814443],[77.715847,12.814662],[77.715882,12.815208],[77.716067,12.815463],[77.716959,12.815754],[77.71744,12.8163],[77.717886,12.816591],[77.718033,12.816846],[77.719109,12.817683],[77.720929,12.818229],[77.722376,12.819248],[77.72312,12.819394],[77.723379,12.819685],[77.723414,12.820122],[77.723934,12.820595],[77.725045,12.821869],[77.725042,12.822707],[77.724818,12.822962],[77.724777,12.823981],[77.724142,12.824746],[77.724104,12.824928],[77.723581,12.82562],[77.723541,12.826421],[77.723354,12.82664],[77.723495,12.828934],[77.724051,12.829589],[77.724943,12.829589],[77.725353,12.829334],[77.725802,12.828751]]]}},{"type":"Feature","properties":{"histId":"soi-57h9-1945-0154","sheet":"soi-57h9-1945","year":1945,"scale":63360,"areaM2":116192,"name":null,"confidence":"medium","source":"soi-57h9-1945"},"geometry":{"type":"Polygon","coordinates":[[[77.701257,12.818778],[77.701888,12.819033],[77.703115,12.819033],[77.703674,12.818559],[77.704121,12.818341],[77.704495,12.817867],[77.704533,12.81743],[77.704757,12.817176],[77.704723,12.816375],[77.704278,12.816047],[77.70413,12.815792],[77.703387,12.815756],[77.703163,12.815901],[77.703125,12.81612],[77.702603,12.81652],[77.701636,12.816593],[77.700966,12.816739],[77.700519,12.817176],[77.700552,12.818232],[77.700997,12.818487],[77.701257,12.818778]]]}},{"type":"Feature","properties":{"histId":"soi-57h9-1945-0155","sheet":"soi-57h9-1945","year":1945,"scale":63360,"areaM2":49231,"name":null,"confidence":"low","source":"soi-57h9-1945"},"geometry":{"type":"Polygon","coordinates":[[[77.595165,12.814657],[77.595426,12.814475],[77.595427,12.814111],[77.595688,12.81382],[77.595655,12.812984],[77.595063,12.812474],[77.594209,12.812438],[77.593502,12.812947],[77.593534,12.81422],[77.593904,12.814547],[77.594237,12.814657],[77.595165,12.814657]]]}},{"type":"Feature","properties":{"histId":"soi-57h9-1945-0156","sheet":"soi-57h9-1945","year":1945,"scale":63360,"areaM2":92173,"name":null,"confidence":"medium","source":"soi-57h9-1945"},"geometry":{"type":"Polygon","coordinates":[[[77.742004,12.811742],[77.742043,12.811305],[77.742192,12.811159],[77.742453,12.811086],[77.742901,12.810613],[77.74305,12.810576],[77.743424,12.810103],[77.743426,12.809447],[77.742759,12.808719],[77.742388,12.808501],[77.741569,12.808464],[77.741086,12.808537],[77.74045,12.809412],[77.740407,12.811196],[77.740666,12.811451],[77.740702,12.811742],[77.740814,12.811851],[77.741892,12.811851],[77.742004,12.811742]]]}},{"type":"Feature","properties":{"histId":"soi-57h9-1945-0157","sheet":"soi-57h9-1945","year":1945,"scale":63360,"areaM2":98697,"name":null,"confidence":"medium","source":"soi-57h9-1945"},"geometry":{"type":"Polygon","coordinates":[[[77.691181,12.808768],[77.690292,12.807894],[77.690182,12.807312],[77.689886,12.806911],[77.688697,12.806911],[77.688398,12.807239],[77.688322,12.807639],[77.688136,12.807858],[77.688096,12.808513],[77.68791,12.808732],[77.687907,12.80935],[77.688314,12.80986],[77.688685,12.810042],[77.689243,12.810078],[77.689986,12.81026],[77.690804,12.810115],[77.691177,12.809787],[77.691181,12.808768]]]}},{"type":"Feature","properties":{"histId":"soi-57h9-1945-0158","sheet":"soi-57h9-1945","year":1945,"scale":63360,"areaM2":43942,"name":null,"confidence":"low","source":"soi-57h9-1945"},"geometry":{"type":"Polygon","coordinates":[[[77.601014,12.809601],[77.601018,12.808583],[77.600649,12.80811],[77.599832,12.808073],[77.599311,12.808328],[77.598902,12.808655],[77.598898,12.809565],[77.59949,12.81011],[77.600455,12.810111],[77.601014,12.809601]]]}},{"type":"Feature","properties":{"histId":"soi-57h9-1945-0159","sheet":"soi-57h9-1945","year":1945,"scale":63360,"areaM2":58170,"name":null,"confidence":"low","source":"soi-57h9-1945"},"geometry":{"type":"Polygon","coordinates":[[[77.70658,12.80669],[77.706803,12.806471],[77.706805,12.805962],[77.706546,12.80567],[77.70651,12.805197],[77.706325,12.805015],[77.706289,12.804833],[77.705955,12.804542],[77.704803,12.804542],[77.704691,12.804651],[77.704615,12.805015],[77.704428,12.805197],[77.704427,12.805634],[77.704649,12.805889],[77.704684,12.806399],[77.705276,12.807163],[77.706392,12.807163],[77.706504,12.807054],[77.70658,12.80669]]]}},{"type":"Feature","properties":{"histId":"soi-57h9-1945-0160","sheet":"soi-57h9-1945","year":1945,"scale":63360,"areaM2":22863,"name":null,"confidence":"low","source":"soi-57h9-1945"},"geometry":{"type":"Polygon","coordinates":[[[77.684876,12.804655],[77.685064,12.804291],[77.685065,12.803963],[77.684769,12.803417],[77.684063,12.803417],[77.683429,12.803963],[77.683427,12.804655],[77.683538,12.804764],[77.684653,12.804801],[77.684876,12.804655]]]}},{"type":"Feature","properties":{"histId":"soi-57h9-1945-0161","sheet":"soi-57h9-1945","year":1945,"scale":63360,"areaM2":76279,"name":null,"confidence":"medium","source":"soi-57h9-1945"},"geometry":{"type":"Polygon","coordinates":[[[77.656933,12.803966],[77.657716,12.803274],[77.657718,12.802583],[77.657423,12.802182],[77.657014,12.802073],[77.656681,12.801782],[77.65605,12.8016],[77.655864,12.801709],[77.655381,12.801782],[77.654934,12.802073],[77.65493,12.803092],[77.655707,12.80393],[77.655703,12.804876],[77.655926,12.805021],[77.656632,12.805021],[77.656855,12.804876],[77.656933,12.803966]]]}},{"type":"Feature","properties":{"histId":"soi-57h9-1945-0162","sheet":"soi-57h9-1945","year":1945,"scale":63360,"areaM2":81342,"name":null,"confidence":"medium","source":"soi-57h9-1945"},"geometry":{"type":"Polygon","coordinates":[[[77.676889,12.803709],[77.677336,12.803418],[77.677894,12.803309],[77.67849,12.802872],[77.678532,12.801562],[77.678273,12.801234],[77.678087,12.801198],[77.677902,12.801016],[77.677866,12.800797],[77.677755,12.800688],[77.676937,12.800652],[77.676714,12.800725],[77.676602,12.800834],[77.676526,12.801271],[77.676004,12.801744],[77.675481,12.802399],[77.675479,12.803091],[77.675886,12.803491],[77.676331,12.80371],[77.676889,12.803709]]]}},{"type":"Feature","properties":{"histId":"soi-57h9-1945-0163","sheet":"soi-57h9-1945","year":1945,"scale":63360,"areaM2":72349,"name":null,"confidence":"medium","source":"soi-57h9-1945"},"geometry":{"type":"Polygon","coordinates":[[[77.739661,12.801],[77.74063,12.800562],[77.740631,12.800234],[77.740855,12.799979],[77.740858,12.799033],[77.740599,12.798741],[77.740564,12.798122],[77.740452,12.798013],[77.739671,12.797977],[77.738963,12.798414],[77.738962,12.798742],[77.7387,12.79907],[77.738662,12.799361],[77.738215,12.799653],[77.738212,12.800563],[77.73836,12.800782],[77.739103,12.800963],[77.739661,12.801]]]}},{"type":"Feature","properties":{"histId":"soi-57h9-1945-0164","sheet":"soi-57h9-1945","year":1945,"scale":63360,"areaM2":173404,"name":null,"confidence":"medium","source":"soi-57h9-1945"},"geometry":{"type":"Polygon","coordinates":[[[77.6127,12.802763],[77.612702,12.802181],[77.613,12.801854],[77.613038,12.801599],[77.613411,12.801272],[77.613783,12.801163],[77.614192,12.800835],[77.614198,12.799489],[77.614087,12.79938],[77.613345,12.799125],[77.61316,12.798943],[77.612826,12.79887],[77.61253,12.798652],[77.611602,12.798652],[77.610411,12.799197],[77.610262,12.799343],[77.609668,12.799416],[77.609445,12.799561],[77.609439,12.801089],[77.609808,12.80149],[77.610031,12.801526],[77.610808,12.802217],[77.610843,12.802654],[77.611288,12.802909],[77.612402,12.802945],[77.6127,12.802763]]]}},{"type":"Feature","properties":{"histId":"soi-57h9-1945-0165","sheet":"soi-57h9-1945","year":1945,"scale":63360,"areaM2":162997,"name":null,"confidence":"medium","source":"soi-57h9-1945"},"geometry":{"type":"Polygon","coordinates":[[[77.631345,12.802001],[77.631941,12.801673],[77.632537,12.801018],[77.63254,12.800472],[77.632726,12.800254],[77.632764,12.800072],[77.6331,12.799745],[77.633248,12.799708],[77.633545,12.79989],[77.633653,12.800691],[77.633986,12.801055],[77.634022,12.801273],[77.63417,12.801419],[77.63521,12.801455],[77.635396,12.801382],[77.635844,12.800873],[77.635882,12.800472],[77.636182,12.799745],[77.636259,12.799199],[77.636151,12.798325],[77.635928,12.79818],[77.634666,12.798143],[77.634405,12.798216],[77.634144,12.798471],[77.63381,12.798507],[77.63344,12.798253],[77.633105,12.798253],[77.632583,12.798871],[77.632137,12.798944],[77.631838,12.799417],[77.631466,12.799635],[77.631167,12.799999],[77.630981,12.800036],[77.630683,12.80029],[77.630459,12.800581],[77.630458,12.800873],[77.630309,12.801055],[77.630306,12.801746],[77.630825,12.802001],[77.631345,12.802001]]]}},{"type":"Feature","properties":{"histId":"soi-57h9-1945-0166","sheet":"soi-57h9-1945","year":1945,"scale":63360,"areaM2":95895,"name":null,"confidence":"medium","source":"soi-57h9-1945"},"geometry":{"type":"Polygon","coordinates":[[[77.746219,12.797865],[77.745997,12.797574],[77.744957,12.797101],[77.74425,12.796955],[77.743953,12.796737],[77.743656,12.796774],[77.743395,12.796919],[77.742837,12.796847],[77.742613,12.796993],[77.74261,12.798085],[77.742758,12.798231],[77.742981,12.798267],[77.743648,12.798995],[77.743684,12.799323],[77.744092,12.79976],[77.745319,12.799796],[77.745617,12.79965],[77.746065,12.799213],[77.746216,12.798739],[77.746219,12.797865]]]}},{"type":"Feature","properties":{"histId":"soi-57h9-1945-0167","sheet":"soi-57h9-1945","year":1945,"scale":63360,"areaM2":337149,"name":null,"confidence":"medium","source":"soi-57h9-1945"},"geometry":{"type":"Polygon","coordinates":[[[77.719883,12.79853],[77.720218,12.798603],[77.720626,12.798931],[77.721072,12.799003],[77.721479,12.799513],[77.721552,12.799877],[77.721885,12.800241],[77.722926,12.800277],[77.723374,12.799986],[77.723412,12.799804],[77.724233,12.798857],[77.724271,12.798675],[77.724532,12.79842],[77.72457,12.798274],[77.724943,12.79791],[77.725204,12.797837],[77.72539,12.797655],[77.726246,12.797472],[77.726804,12.797472],[77.727139,12.79729],[77.727144,12.796015],[77.726847,12.795761],[77.726662,12.795433],[77.726291,12.79536],[77.725586,12.794887],[77.725177,12.794778],[77.723838,12.794961],[77.72354,12.79507],[77.722945,12.79507],[77.722423,12.795289],[77.721754,12.795398],[77.721269,12.795726],[77.721083,12.79569],[77.720787,12.795362],[77.72049,12.795326],[77.72008,12.795508],[77.719596,12.795508],[77.719373,12.795654],[77.719372,12.795982],[77.719073,12.796309],[77.719068,12.79762],[77.719142,12.797839],[77.719883,12.79853]]]}},{"type":"Feature","properties":{"histId":"soi-57h9-1945-0168","sheet":"soi-57h9-1945","year":1945,"scale":63360,"areaM2":75253,"name":null,"confidence":"medium","source":"soi-57h9-1945"},"geometry":{"type":"Polygon","coordinates":[[[77.654212,12.79625],[77.654732,12.796505],[77.655103,12.796468],[77.655438,12.796323],[77.655847,12.796323],[77.656182,12.796141],[77.656368,12.795959],[77.656408,12.795231],[77.65652,12.795085],[77.656411,12.794394],[77.65619,12.794139],[77.656153,12.793921],[77.655931,12.793775],[77.654816,12.793812],[77.654554,12.794358],[77.654069,12.794867],[77.653623,12.794867],[77.653176,12.795304],[77.653175,12.795486],[77.653508,12.795813],[77.653507,12.796032],[77.653655,12.796177],[77.654212,12.79625]]]}},{"type":"Feature","properties":{"histId":"soi-57h9-1945-0169","sheet":"soi-57h9-1945","year":1945,"scale":63360,"areaM2":198035,"name":null,"confidence":"medium","source":"soi-57h9-1945"},"geometry":{"type":"Polygon","coordinates":[[[77.629061,12.797052],[77.630252,12.796651],[77.630622,12.796797],[77.631031,12.796797],[77.631254,12.796651],[77.631626,12.796579],[77.632111,12.796069],[77.632485,12.795341],[77.632932,12.794941],[77.633119,12.79465],[77.633122,12.793922],[77.632974,12.79374],[77.633051,12.793122],[77.632828,12.792976],[77.632122,12.793049],[77.631973,12.793194],[77.631341,12.793304],[77.63123,12.793413],[77.63119,12.794031],[77.631041,12.794177],[77.63052,12.794323],[77.630298,12.794286],[77.630076,12.794068],[77.629966,12.793704],[77.629337,12.793013],[77.628632,12.792976],[77.628111,12.793194],[77.627999,12.793304],[77.627961,12.793522],[77.627775,12.793704],[77.627735,12.794286],[77.62766,12.794395],[77.627658,12.794941],[77.627732,12.79505],[77.627692,12.795814],[77.627986,12.796579],[77.628356,12.797015],[77.629061,12.797052]]]}},{"type":"Feature","properties":{"histId":"soi-57h9-1945-0170","sheet":"soi-57h9-1945","year":1945,"scale":63360,"areaM2":20575,"name":null,"confidence":"low","source":"soi-57h9-1945"},"geometry":{"type":"Polygon","coordinates":[[[77.715885,12.79347],[77.715365,12.793216],[77.714659,12.793216],[77.714435,12.793362],[77.714432,12.794199],[77.714543,12.794308],[77.715435,12.794526],[77.715994,12.794199],[77.715996,12.79358],[77.715885,12.79347]]]}},{"type":"Feature","properties":{"histId":"soi-57h9-1945-0171","sheet":"soi-57h9-1945","year":1945,"scale":63360,"areaM2":20543,"name":null,"confidence":"low","source":"soi-57h9-1945"},"geometry":{"type":"Polygon","coordinates":[[[77.664624,12.794065],[77.664736,12.793956],[77.664737,12.793701],[77.664849,12.793556],[77.664702,12.793046],[77.66448,12.7929],[77.663402,12.792937],[77.663178,12.793374],[77.663287,12.793956],[77.663509,12.794102],[77.664624,12.794065]]]}},{"type":"Feature","properties":{"histId":"soi-57h9-1945-0172","sheet":"soi-57h9-1945","year":1945,"scale":63360,"areaM2":45175,"name":null,"confidence":"low","source":"soi-57h9-1945"},"geometry":{"type":"Polygon","coordinates":[[[77.542844,12.795618],[77.543253,12.795364],[77.543333,12.794054],[77.542963,12.793618],[77.541777,12.793545],[77.541405,12.793799],[77.541367,12.794054],[77.541218,12.794235],[77.541216,12.79449],[77.541364,12.794672],[77.541398,12.795399],[77.541546,12.795545],[77.541768,12.795618],[77.542844,12.795618]]]}},{"type":"Feature","properties":{"histId":"soi-57h9-1945-0173","sheet":"soi-57h9-1945","year":1945,"scale":63360,"areaM2":21590,"name":null,"confidence":"low","source":"soi-57h9-1945"},"geometry":{"type":"Polygon","coordinates":[[[77.71013,12.791178],[77.710242,12.791069],[77.710244,12.790487],[77.710319,12.790377],[77.710245,12.790086],[77.710023,12.789941],[77.709354,12.789941],[77.708907,12.79005],[77.708758,12.790196],[77.708755,12.79107],[77.708977,12.791215],[77.71013,12.791178]]]}},{"type":"Feature","properties":{"histId":"soi-57h9-1945-0174","sheet":"soi-57h9-1945","year":1945,"scale":63360,"areaM2":63809,"name":null,"confidence":"medium","source":"soi-57h9-1945"},"geometry":{"type":"Polygon","coordinates":[[[77.634093,12.792539],[77.63439,12.79243],[77.635059,12.792394],[77.635432,12.791993],[77.63547,12.791848],[77.636103,12.791266],[77.636326,12.791229],[77.636661,12.791011],[77.636665,12.790101],[77.636368,12.789919],[77.635329,12.789919],[77.635068,12.790101],[77.63503,12.790247],[77.634694,12.790611],[77.633951,12.790756],[77.633802,12.790902],[77.633763,12.791338],[77.633315,12.791921],[77.633314,12.792248],[77.633647,12.792467],[77.634093,12.792539]]]}},{"type":"Feature","properties":{"histId":"soi-57h9-1945-0175","sheet":"soi-57h9-1945","year":1945,"scale":63360,"areaM2":32481,"name":null,"confidence":"low","source":"soi-57h9-1945"},"geometry":{"type":"Polygon","coordinates":[[[77.551819,12.787219],[77.552081,12.786674],[77.552084,12.78591],[77.551899,12.785692],[77.550898,12.785655],[77.550377,12.785946],[77.550228,12.786237],[77.550226,12.786637],[77.550374,12.786819],[77.550373,12.787037],[77.550631,12.787328],[77.551596,12.787365],[77.551819,12.787219]]]}},{"type":"Feature","properties":{"histId":"soi-57h9-1945-0176","sheet":"soi-57h9-1945","year":1945,"scale":63360,"areaM2":231153,"name":null,"confidence":"medium","source":"soi-57h9-1945"},"geometry":{"type":"Polygon","coordinates":[[[77.654116,12.782347],[77.654415,12.782019],[77.654453,12.781801],[77.654863,12.781437],[77.655086,12.781401],[77.655273,12.781073],[77.655275,12.780381],[77.654645,12.780018],[77.65372,12.779108],[77.653764,12.777288],[77.654547,12.776414],[77.654548,12.776269],[77.654697,12.776087],[77.654698,12.775832],[77.655034,12.775359],[77.655035,12.775213],[77.654665,12.77474],[77.654071,12.774558],[77.653699,12.774813],[77.653067,12.774886],[77.652694,12.77525],[77.652618,12.775578],[77.652766,12.775942],[77.652728,12.77616],[77.651348,12.77758],[77.651273,12.777835],[77.651123,12.77798],[77.651048,12.778381],[77.651082,12.778999],[77.651193,12.779145],[77.651229,12.779509],[77.651451,12.7798],[77.651523,12.780382],[77.651855,12.780964],[77.652557,12.781947],[77.652927,12.782311],[77.65341,12.782493],[77.653818,12.782493],[77.654116,12.782347]]]}},{"type":"Feature","properties":{"histId":"soi-57h9-1945-0177","sheet":"soi-57h9-1945","year":1945,"scale":63360,"areaM2":122261,"name":null,"confidence":"medium","source":"soi-57h9-1945"},"geometry":{"type":"Polygon","coordinates":[[[77.73859,12.777329],[77.739447,12.776891],[77.739856,12.777],[77.74034,12.776818],[77.741121,12.776818],[77.741456,12.776672],[77.742687,12.775651],[77.742837,12.775396],[77.742839,12.774595],[77.742432,12.774231],[77.741912,12.773977],[77.741428,12.773977],[77.740311,12.774232],[77.740125,12.774415],[77.739529,12.774561],[77.739417,12.77467],[77.739378,12.775143],[77.738931,12.775581],[77.738447,12.775581],[77.738074,12.775909],[77.73807,12.777111],[77.738255,12.777256],[77.73859,12.777329]]]}},{"type":"Feature","properties":{"histId":"soi-57h9-1945-0178","sheet":"soi-57h9-1945","year":1945,"scale":63360,"areaM2":45047,"name":null,"confidence":"low","source":"soi-57h9-1945"},"geometry":{"type":"Polygon","coordinates":[[[77.71179,12.774029],[77.711455,12.773956],[77.710974,12.773519],[77.710751,12.773483],[77.710565,12.773301],[77.710268,12.773228],[77.70997,12.773447],[77.709487,12.773483],[77.709263,12.773629],[77.709259,12.774722],[77.70937,12.774831],[77.710114,12.774903],[77.71067,12.775267],[77.711043,12.775048],[77.711675,12.775012],[77.711898,12.774866],[77.711901,12.774138],[77.71179,12.774029]]]}},{"type":"Feature","properties":{"histId":"soi-57h9-1945-0179","sheet":"soi-57h9-1945","year":1945,"scale":63360,"areaM2":223408,"name":null,"confidence":"medium","source":"soi-57h9-1945"},"geometry":{"type":"Polygon","coordinates":[[[77.663026,12.774338],[77.662804,12.774083],[77.662768,12.773646],[77.662361,12.773282],[77.661878,12.773137],[77.661619,12.772882],[77.659727,12.772264],[77.658537,12.772446],[77.658238,12.772956],[77.657977,12.773211],[77.657568,12.773393],[77.657491,12.774084],[77.656782,12.77474],[77.656815,12.775904],[77.657149,12.776086],[77.658004,12.77605],[77.658376,12.775722],[77.658525,12.775686],[77.659342,12.775795],[77.659862,12.775685],[77.660828,12.775794],[77.661532,12.776376],[77.662646,12.776376],[77.66287,12.77623],[77.662908,12.776048],[77.663057,12.775903],[77.663098,12.774774],[77.663026,12.774338]]]}},{"type":"Feature","properties":{"histId":"soi-57h9-1945-0180","sheet":"soi-57h9-1945","year":1945,"scale":63360,"areaM2":95763,"name":null,"confidence":"medium","source":"soi-57h9-1945"},"geometry":{"type":"Polygon","coordinates":[[[77.721052,12.772932],[77.720459,12.772349],[77.720423,12.772022],[77.720238,12.77184],[77.720164,12.771549],[77.719719,12.771185],[77.718716,12.771185],[77.718306,12.77144],[77.718305,12.771695],[77.718118,12.771987],[77.718078,12.772715],[77.718186,12.773734],[77.718371,12.773916],[77.718408,12.774098],[77.718778,12.774462],[77.719819,12.774571],[77.720266,12.774498],[77.721048,12.774024],[77.721052,12.772932]]]}},{"type":"Feature","properties":{"histId":"soi-57h9-1945-0181","sheet":"soi-57h9-1945","year":1945,"scale":63360,"areaM2":34207,"name":null,"confidence":"low","source":"soi-57h9-1945"},"geometry":{"type":"Polygon","coordinates":[[[77.621274,12.774855],[77.621795,12.774673],[77.622354,12.7742],[77.622356,12.773545],[77.622061,12.773072],[77.62091,12.773036],[77.620538,12.773254],[77.620496,12.774528],[77.620977,12.774855],[77.621274,12.774855]]]}},{"type":"Feature","properties":{"histId":"soi-57h9-1945-0182","sheet":"soi-57h9-1945","year":1945,"scale":63360,"areaM2":193315,"name":null,"confidence":"medium","source":"soi-57h9-1945"},"geometry":{"type":"Polygon","coordinates":[[[77.678157,12.772149],[77.677972,12.771931],[77.677936,12.771567],[77.677159,12.770693],[77.677123,12.770293],[77.676494,12.769674],[77.676421,12.769201],[77.675717,12.768692],[77.674714,12.768692],[77.674081,12.769093],[77.674079,12.769602],[77.673855,12.769857],[77.673816,12.770294],[77.673629,12.770512],[77.673624,12.772041],[77.674475,12.773097],[77.675218,12.773133],[77.675553,12.772878],[77.675962,12.772769],[77.676259,12.77295],[77.676406,12.77346],[77.676739,12.773824],[77.677965,12.773824],[77.678227,12.773277],[77.678157,12.772149]]]}},{"type":"Feature","properties":{"histId":"soi-57h9-1945-0183","sheet":"soi-57h9-1945","year":1945,"scale":63360,"areaM2":30575,"name":null,"confidence":"low","source":"soi-57h9-1945"},"geometry":{"type":"Polygon","coordinates":[[[77.692808,12.770105],[77.693069,12.769923],[77.693072,12.768903],[77.692628,12.768394],[77.691922,12.768394],[77.691325,12.768904],[77.691323,12.769414],[77.691509,12.769596],[77.691545,12.76985],[77.691693,12.770032],[77.691916,12.770105],[77.692808,12.770105]]]}},{"type":"Feature","properties":{"histId":"soi-57h9-1945-0184","sheet":"soi-57h9-1945","year":1945,"scale":63360,"areaM2":80556,"name":null,"confidence":"medium","source":"soi-57h9-1945"},"geometry":{"type":"Polygon","coordinates":[[[77.499307,12.769932],[77.499677,12.770151],[77.500752,12.770115],[77.501161,12.769751],[77.50157,12.769642],[77.501942,12.769206],[77.501945,12.768515],[77.501724,12.768261],[77.501725,12.768042],[77.501503,12.767897],[77.499798,12.767824],[77.499613,12.767751],[77.499242,12.76786],[77.499093,12.768005],[77.498537,12.768078],[77.498536,12.769501],[77.498863,12.769823],[77.499307,12.769932]]]}},{"type":"Feature","properties":{"histId":"soi-57h9-1945-0185","sheet":"soi-57h9-1945","year":1945,"scale":63360,"areaM2":44209,"name":null,"confidence":"low","source":"soi-57h9-1945"},"geometry":{"type":"Polygon","coordinates":[[[77.678994,12.766834],[77.679255,12.766688],[77.679332,12.76596],[77.679258,12.765851],[77.67926,12.765159],[77.679149,12.76505],[77.67822,12.765014],[77.677997,12.76516],[77.677959,12.765415],[77.677623,12.765779],[77.67751,12.766143],[77.677361,12.766325],[77.677396,12.76698],[77.677469,12.767271],[77.677617,12.767453],[77.67836,12.767453],[77.678994,12.766834]]]}},{"type":"Feature","properties":{"histId":"soi-57h9-1945-0186","sheet":"soi-57h9-1945","year":1945,"scale":63360,"areaM2":74937,"name":null,"confidence":"medium","source":"soi-57h9-1945"},"geometry":{"type":"Polygon","coordinates":[[[77.725725,12.765974],[77.727103,12.765172],[77.727141,12.76499],[77.727477,12.764699],[77.72748,12.763715],[77.727073,12.763242],[77.726627,12.763097],[77.726032,12.763134],[77.725361,12.763498],[77.724914,12.763899],[77.724913,12.764227],[77.724614,12.764555],[77.72461,12.76572],[77.724721,12.765829],[77.725055,12.765975],[77.725725,12.765974]]]}},{"type":"Feature","properties":{"histId":"soi-57h9-1945-0187","sheet":"soi-57h9-1945","year":1945,"scale":63360,"areaM2":87445,"name":null,"confidence":"medium","source":"soi-57h9-1945"},"geometry":{"type":"Polygon","coordinates":[[[77.70856,12.762306],[77.709231,12.761687],[77.70927,12.761323],[77.709531,12.761067],[77.709569,12.760849],[77.709755,12.760667],[77.709759,12.759538],[77.709352,12.759138],[77.708943,12.758992],[77.708088,12.758993],[77.707604,12.759321],[77.707602,12.759794],[77.707341,12.760086],[77.707041,12.760741],[77.706855,12.760923],[77.706852,12.761615],[77.707482,12.76227],[77.707667,12.762343],[77.70856,12.762306]]]}},{"type":"Feature","properties":{"histId":"soi-57h9-1945-0188","sheet":"soi-57h9-1945","year":1945,"scale":63360,"areaM2":24445,"name":null,"confidence":"low","source":"soi-57h9-1945"},"geometry":{"type":"Polygon","coordinates":[[[77.614498,12.760556],[77.614501,12.759683],[77.614243,12.759283],[77.613352,12.759246],[77.613129,12.759392],[77.612942,12.759683],[77.612939,12.760374],[77.613235,12.760665],[77.614275,12.760702],[77.614498,12.760556]]]}},{"type":"Feature","properties":{"histId":"soi-57h9-1945-0189","sheet":"soi-57h9-1945","year":1945,"scale":63360,"areaM2":337400,"name":null,"confidence":"medium","source":"soi-57h9-1945"},"geometry":{"type":"Polygon","coordinates":[[[77.72961,12.760801],[77.730505,12.759963],[77.73073,12.759671],[77.730842,12.759344],[77.731178,12.759052],[77.731699,12.759088],[77.732332,12.758796],[77.732666,12.758796],[77.733337,12.758541],[77.733671,12.758541],[77.733858,12.758431],[77.734751,12.758249],[77.735569,12.758212],[77.735793,12.758066],[77.736165,12.757993],[77.736314,12.757847],[77.736318,12.756791],[77.736021,12.756573],[77.735315,12.756427],[77.734944,12.756209],[77.734535,12.756136],[77.73435,12.755918],[77.734351,12.755663],[77.734538,12.755445],[77.734835,12.755335],[77.735022,12.755153],[77.735803,12.755043],[77.73599,12.754861],[77.7364,12.754715],[77.736698,12.754423],[77.737741,12.753986],[77.738077,12.753694],[77.73808,12.752602],[77.737969,12.752492],[77.737523,12.752456],[77.737226,12.752311],[77.736333,12.752384],[77.736035,12.752676],[77.735774,12.752749],[77.7354,12.753259],[77.735066,12.753332],[77.734618,12.753733],[77.734395,12.753769],[77.733984,12.754134],[77.733575,12.754171],[77.733277,12.754316],[77.733128,12.754462],[77.733088,12.755227],[77.732864,12.755482],[77.731747,12.755774],[77.731635,12.755884],[77.731708,12.756284],[77.73167,12.756721],[77.731035,12.757268],[77.730887,12.757304],[77.730028,12.758215],[77.729396,12.758288],[77.729061,12.758434],[77.728388,12.759199],[77.728313,12.759454],[77.728164,12.7596],[77.728161,12.760328],[77.728347,12.76051],[77.728383,12.760692],[77.728606,12.760838],[77.72961,12.760801]]]}},{"type":"Feature","properties":{"histId":"soi-57h9-1945-0190","sheet":"soi-57h9-1945","year":1945,"scale":63360,"areaM2":32495,"name":null,"confidence":"low","source":"soi-57h9-1945"},"geometry":{"type":"Polygon","coordinates":[[[77.635538,12.754692],[77.635018,12.754656],[77.634423,12.754802],[77.634311,12.754911],[77.634307,12.756003],[77.634418,12.756112],[77.634826,12.756184],[77.634974,12.75633],[77.635234,12.756403],[77.635754,12.756403],[77.636163,12.756148],[77.636166,12.755383],[77.635538,12.754692]]]}},{"type":"Feature","properties":{"histId":"soi-57h9-1945-0191","sheet":"soi-57h9-1945","year":1945,"scale":63360,"areaM2":62390,"name":null,"confidence":"medium","source":"soi-57h9-1945"},"geometry":{"type":"Polygon","coordinates":[[[77.65195,12.755779],[77.652432,12.756033],[77.653732,12.755996],[77.654142,12.755596],[77.65418,12.755414],[77.654367,12.755232],[77.65437,12.754213],[77.654186,12.753994],[77.653963,12.753922],[77.653034,12.753922],[77.652104,12.754286],[77.651881,12.754505],[77.651472,12.754578],[77.65136,12.754687],[77.651356,12.755597],[77.651467,12.755706],[77.65195,12.755779]]]}},{"type":"Feature","properties":{"histId":"soi-57h9-1945-0192","sheet":"soi-57h9-1945","year":1945,"scale":63360,"areaM2":310080,"name":null,"confidence":"medium","source":"soi-57h9-1945"},"geometry":{"type":"Polygon","coordinates":[[[77.711719,12.752182],[77.711904,12.752437],[77.711827,12.753019],[77.711267,12.753748],[77.711192,12.754039],[77.710445,12.75495],[77.710441,12.755969],[77.710812,12.756297],[77.711295,12.756406],[77.711852,12.75666],[77.712298,12.75666],[77.7136,12.756441],[77.714383,12.755712],[77.714421,12.75553],[77.714607,12.755348],[77.714683,12.754984],[77.715801,12.754219],[77.715839,12.754036],[77.7161,12.753781],[77.716138,12.75349],[77.716325,12.753271],[77.716363,12.753089],[77.716624,12.752834],[77.716699,12.752579],[77.716848,12.752434],[77.717109,12.752361],[77.717483,12.751851],[77.717485,12.751086],[77.717366,12.750918],[77.71415,12.750918],[77.713991,12.751052],[77.713952,12.751489],[77.713654,12.751671],[77.713357,12.751489],[77.713327,12.750918],[77.711703,12.750918],[77.711686,12.751053],[77.711719,12.752182]]]}},{"type":"Feature","properties":{"histId":"soi-57h9-1945-0193","sheet":"soi-57h9-1945","year":1945,"scale":63360,"areaM2":62724,"name":null,"confidence":"medium","source":"soi-57h9-1945"},"geometry":{"type":"Polygon","coordinates":[[[77.676216,12.754276],[77.67644,12.75413],[77.677444,12.753948],[77.677593,12.753802],[77.67756,12.752565],[77.677227,12.752201],[77.676819,12.752092],[77.676634,12.75191],[77.676039,12.751874],[77.675816,12.751947],[77.674847,12.752675],[77.674843,12.753876],[77.674954,12.753986],[77.675845,12.754094],[77.676216,12.754276]]]}},{"type":"Feature","properties":{"histId":"soi-57h9-1945-0194","sheet":"soi-57h9-1945","year":1945,"scale":63360,"areaM2":28056,"name":null,"confidence":"low","source":"soi-57h9-1945"},"geometry":{"type":"Polygon","coordinates":[[[77.697295,12.752409],[77.698187,12.752408],[77.698559,12.75219],[77.698563,12.751134],[77.698344,12.750918],[77.696929,12.750918],[77.696924,12.752191],[77.697295,12.752409]]]}},{"type":"Feature","properties":{"histId":"ams-nd43-12-1955-0001","sheet":"ams-nd43-12-1955","year":1955,"scale":250000,"areaM2":138956,"name":null,"confidence":"medium","source":"ams-nd43-12-1955"},"geometry":{"type":"Polygon","coordinates":[[[77.365478,13.510319],[77.366175,13.510316],[77.366525,13.510655],[77.368615,13.510646],[77.369309,13.510304],[77.369299,13.508945],[77.3686,13.508608],[77.366162,13.508618],[77.365817,13.508959],[77.364076,13.508966],[77.362688,13.509651],[77.362695,13.51067],[77.36409,13.511004],[77.365478,13.510319]]]}},{"type":"Feature","properties":{"histId":"ams-nd43-12-1955-0002","sheet":"ams-nd43-12-1955","year":1955,"scale":250000,"areaM2":290676,"name":null,"confidence":"high","source":"ams-nd43-12-1955"},"geometry":{"type":"Polygon","coordinates":[[[77.405159,13.507781],[77.405156,13.507441],[77.403753,13.506088],[77.403397,13.50507],[77.402345,13.504056],[77.401646,13.503719],[77.400602,13.503723],[77.400256,13.504064],[77.39956,13.504067],[77.399214,13.504408],[77.397823,13.504754],[77.397831,13.505773],[77.398878,13.506108],[77.39993,13.507123],[77.400637,13.508479],[77.402035,13.509152],[77.403074,13.508469],[77.40447,13.508802],[77.404821,13.509141],[77.405863,13.508797],[77.405858,13.508117],[77.405159,13.507781]]]}},{"type":"Feature","properties":{"histId":"ams-nd43-12-1955-0003","sheet":"ams-nd43-12-1955","year":1955,"scale":250000,"areaM2":199218,"name":null,"confidence":"high","source":"ams-nd43-12-1955"},"geometry":{"type":"Polygon","coordinates":[[[77.37553,13.503825],[77.379,13.502113],[77.379691,13.501431],[77.379686,13.500751],[77.378987,13.500415],[77.376908,13.501782],[77.376212,13.501784],[77.374461,13.500433],[77.373414,13.500097],[77.37272,13.50044],[77.372376,13.50112],[77.372391,13.503158],[77.373441,13.503834],[77.37553,13.503825]]]}},{"type":"Feature","properties":{"histId":"ams-nd43-12-1955-0004","sheet":"ams-nd43-12-1955","year":1955,"scale":250000,"areaM2":85784,"name":null,"confidence":"medium","source":"ams-nd43-12-1955"},"geometry":{"type":"Polygon","coordinates":[[[77.364691,13.497754],[77.363992,13.497417],[77.362952,13.498101],[77.362972,13.500818],[77.363323,13.501156],[77.363328,13.501836],[77.364026,13.502173],[77.36472,13.50183],[77.364691,13.497754]]]}},{"type":"Feature","properties":{"histId":"ams-nd43-12-1955-0005","sheet":"ams-nd43-12-1955","year":1955,"scale":250000,"areaM2":187878,"name":null,"confidence":"high","source":"ams-nd43-12-1955"},"geometry":{"type":"Polygon","coordinates":[[[77.449998,13.497062],[77.448603,13.496728],[77.447551,13.495713],[77.44753,13.492996],[77.446831,13.49266],[77.446137,13.493002],[77.446145,13.494021],[77.445799,13.494362],[77.445815,13.4964],[77.448969,13.499104],[77.449322,13.499782],[77.45037,13.500117],[77.451063,13.499774],[77.451048,13.497736],[77.449998,13.497062]]]}},{"type":"Feature","properties":{"histId":"ams-nd43-12-1955-0006","sheet":"ams-nd43-12-1955","year":1955,"scale":250000,"areaM2":143921,"name":null,"confidence":"medium","source":"ams-nd43-12-1955"},"geometry":{"type":"Polygon","coordinates":[[[77.437763,13.49066],[77.437415,13.490662],[77.436014,13.489649],[77.434972,13.489993],[77.433935,13.491016],[77.43394,13.491696],[77.434639,13.492032],[77.43638,13.492025],[77.437079,13.492362],[77.438134,13.493716],[77.438833,13.494052],[77.439875,13.493708],[77.439867,13.492689],[77.437763,13.49066]]]}},{"type":"Feature","properties":{"histId":"ams-nd43-12-1955-0007","sheet":"ams-nd43-12-1955","year":1955,"scale":250000,"areaM2":106345,"name":null,"confidence":"medium","source":"ams-nd43-12-1955"},"geometry":{"type":"Polygon","coordinates":[[[77.408172,13.491464],[77.408164,13.490445],[77.407114,13.48977],[77.405025,13.489778],[77.404331,13.490121],[77.404342,13.49148],[77.404695,13.492158],[77.405744,13.492833],[77.408172,13.491464]]]}},{"type":"Feature","properties":{"histId":"ams-nd43-12-1955-0008","sheet":"ams-nd43-12-1955","year":1955,"scale":250000,"areaM2":209853,"name":null,"confidence":"high","source":"ams-nd43-12-1955"},"geometry":{"type":"Polygon","coordinates":[[[77.401178,13.487417],[77.399777,13.486403],[77.399083,13.486746],[77.399104,13.489463],[77.399454,13.489801],[77.399474,13.492519],[77.399828,13.493197],[77.400875,13.493532],[77.401568,13.493189],[77.401558,13.491831],[77.401208,13.491493],[77.401203,13.490813],[77.402934,13.489447],[77.404331,13.490121],[77.403282,13.489446],[77.403274,13.488427],[77.402924,13.488089],[77.401178,13.487417]]]}},{"type":"Feature","properties":{"histId":"ams-nd43-12-1955-0009","sheet":"ams-nd43-12-1955","year":1955,"scale":250000,"areaM2":76567,"name":null,"confidence":"medium","source":"ams-nd43-12-1955"},"geometry":{"type":"Polygon","coordinates":[[[77.341994,13.489011],[77.34234,13.48867],[77.343036,13.488668],[77.344424,13.487983],[77.344419,13.487304],[77.34372,13.486967],[77.341979,13.486973],[77.341633,13.487314],[77.340937,13.487317],[77.340243,13.48766],[77.34025,13.488679],[77.340949,13.489016],[77.341994,13.489011]]]}},{"type":"Feature","properties":{"histId":"ams-nd43-12-1955-0010","sheet":"ams-nd43-12-1955","year":1955,"scale":250000,"areaM2":341714,"name":null,"confidence":"high","source":"ams-nd43-12-1955"},"geometry":{"type":"Polygon","coordinates":[[[77.333646,13.490402],[77.333642,13.489723],[77.333291,13.489385],[77.333279,13.487686],[77.333622,13.487006],[77.335006,13.485642],[77.335692,13.48428],[77.335687,13.483601],[77.336377,13.482579],[77.336369,13.48156],[77.335671,13.481223],[77.334977,13.481566],[77.334979,13.481905],[77.333942,13.482928],[77.333248,13.483271],[77.33185,13.482597],[77.331156,13.482939],[77.331872,13.485654],[77.331185,13.487015],[77.330493,13.487697],[77.330503,13.489056],[77.330854,13.489394],[77.330863,13.490753],[77.331913,13.491428],[77.332955,13.491084],[77.333646,13.490402]]]}},{"type":"Feature","properties":{"histId":"ams-nd43-12-1955-0011","sheet":"ams-nd43-12-1955","year":1955,"scale":250000,"areaM2":244594,"name":null,"confidence":"high","source":"ams-nd43-12-1955"},"geometry":{"type":"Polygon","coordinates":[[[77.434578,13.48388],[77.434573,13.483201],[77.433518,13.481847],[77.432123,13.481513],[77.431772,13.481175],[77.429683,13.481184],[77.429332,13.480846],[77.428639,13.481188],[77.428999,13.482885],[77.431803,13.485251],[77.432509,13.486607],[77.433556,13.486942],[77.43425,13.486599],[77.434232,13.484222],[77.434578,13.48388]]]}},{"type":"Feature","properties":{"histId":"ams-nd43-12-1955-0012","sheet":"ams-nd43-12-1955","year":1955,"scale":250000,"areaM2":313361,"name":null,"confidence":"high","source":"ams-nd43-12-1955"},"geometry":{"type":"Polygon","coordinates":[[[77.398001,13.481655],[77.398335,13.479616],[77.397631,13.4786],[77.396932,13.478263],[77.393102,13.478278],[77.392751,13.47794],[77.391707,13.477944],[77.391356,13.477606],[77.390314,13.47795],[77.390321,13.478969],[77.390672,13.479307],[77.392067,13.479641],[77.392418,13.47998],[77.393114,13.479977],[77.394512,13.48065],[77.395915,13.482003],[77.39592,13.482683],[77.396974,13.484037],[77.39733,13.485055],[77.398029,13.485391],[77.398723,13.485049],[77.398352,13.481993],[77.398001,13.481655]]]}},{"type":"Feature","properties":{"histId":"ams-nd43-12-1955-0013","sheet":"ams-nd43-12-1955","year":1955,"scale":250000,"areaM2":103510,"name":null,"confidence":"medium","source":"ams-nd43-12-1955"},"geometry":{"type":"Polygon","coordinates":[[[77.447079,13.479411],[77.446024,13.478057],[77.444629,13.477724],[77.443935,13.478066],[77.443945,13.479425],[77.444296,13.479763],[77.444301,13.480442],[77.445003,13.481119],[77.44605,13.481454],[77.447089,13.48077],[77.447079,13.479411]]]}},{"type":"Feature","properties":{"histId":"ams-nd43-12-1955-0014","sheet":"ams-nd43-12-1955","year":1955,"scale":250000,"areaM2":252392,"name":null,"confidence":"high","source":"ams-nd43-12-1955"},"geometry":{"type":"Polygon","coordinates":[[[77.424786,13.478147],[77.423383,13.476795],[77.421988,13.476461],[77.420948,13.477144],[77.420958,13.478503],[77.421309,13.478841],[77.421314,13.479521],[77.420625,13.480542],[77.42063,13.481222],[77.421685,13.482576],[77.42308,13.48291],[77.424814,13.481884],[77.424786,13.478147]]]}},{"type":"Feature","properties":{"histId":"ams-nd43-12-1955-0015","sheet":"ams-nd43-12-1955","year":1955,"scale":250000,"areaM2":361580,"name":null,"confidence":"high","source":"ams-nd43-12-1955"},"geometry":{"type":"Polygon","coordinates":[[[77.497908,13.478849],[77.49825,13.478168],[77.498245,13.477488],[77.497894,13.47715],[77.496148,13.476479],[77.495795,13.475801],[77.495096,13.475465],[77.494054,13.475809],[77.494057,13.476149],[77.491293,13.478878],[77.490599,13.479221],[77.490607,13.48024],[77.491308,13.480916],[77.493756,13.482264],[77.494798,13.48192],[77.497908,13.478849]]]}},{"type":"Feature","properties":{"histId":"ams-nd43-12-1955-0016","sheet":"ams-nd43-12-1955","year":1955,"scale":250000,"areaM2":85076,"name":null,"confidence":"medium","source":"ams-nd43-12-1955"},"geometry":{"type":"Polygon","coordinates":[[[77.409126,13.479232],[77.407725,13.478218],[77.406333,13.478224],[77.405639,13.478567],[77.405644,13.479246],[77.405994,13.479584],[77.408091,13.480595],[77.409484,13.480589],[77.410178,13.480246],[77.410173,13.479567],[77.409126,13.479232]]]}},{"type":"Feature","properties":{"histId":"ams-nd43-12-1955-0017","sheet":"ams-nd43-12-1955","year":1955,"scale":250000,"areaM2":805395,"name":null,"confidence":"high","source":"ams-nd43-12-1955"},"geometry":{"type":"Polygon","coordinates":[[[77.456484,13.48005],[77.457529,13.480046],[77.457874,13.479705],[77.46066,13.479692],[77.461005,13.479351],[77.462398,13.479345],[77.463448,13.48002],[77.463801,13.480698],[77.4645,13.481034],[77.465544,13.48103],[77.467277,13.480003],[77.470063,13.479991],[77.47145,13.479306],[77.471801,13.479644],[77.473196,13.479977],[77.474597,13.48099],[77.475989,13.480984],[77.477029,13.4803],[77.477016,13.478602],[77.475264,13.477251],[77.474906,13.475894],[77.474207,13.475557],[77.473165,13.475902],[77.47178,13.476927],[77.471437,13.477607],[77.469356,13.478636],[77.466919,13.478646],[77.465869,13.477971],[77.464128,13.477979],[77.462728,13.476966],[77.462367,13.475269],[77.461668,13.474933],[77.460974,13.475275],[77.460977,13.475615],[77.45994,13.476639],[77.459246,13.476981],[77.458199,13.476646],[77.457498,13.47597],[77.457495,13.47563],[77.456796,13.475294],[77.456103,13.475636],[77.45576,13.476317],[77.455767,13.477336],[77.454731,13.478359],[77.454744,13.480058],[77.456139,13.480391],[77.456484,13.48005]]]}},{"type":"Feature","properties":{"histId":"ams-nd43-12-1955-0018","sheet":"ams-nd43-12-1955","year":1955,"scale":250000,"areaM2":53881,"name":null,"confidence":"low","source":"ams-nd43-12-1955"},"geometry":{"type":"Polygon","coordinates":[[[77.373616,13.480055],[77.37431,13.479713],[77.374303,13.478694],[77.373253,13.478019],[77.372557,13.478022],[77.371517,13.478705],[77.371522,13.479384],[77.372571,13.48006],[77.373616,13.480055]]]}},{"type":"Feature","properties":{"histId":"ams-nd43-12-1955-0019","sheet":"ams-nd43-12-1955","year":1955,"scale":250000,"areaM2":55596,"name":null,"confidence":"low","source":"ams-nd43-12-1955"},"geometry":{"type":"Polygon","coordinates":[[[77.332854,13.476818],[77.331807,13.476482],[77.330164,13.477454],[77.330772,13.477845],[77.330779,13.478864],[77.331826,13.4792],[77.33252,13.478858],[77.332854,13.476818]]]}},{"type":"Feature","properties":{"histId":"ams-nd43-12-1955-0020","sheet":"ams-nd43-12-1955","year":1955,"scale":250000,"areaM2":247629,"name":null,"confidence":"high","source":"ams-nd43-12-1955"},"geometry":{"type":"Polygon","coordinates":[[[77.326584,13.476502],[77.325892,13.477184],[77.324502,13.477529],[77.324156,13.47787],[77.323111,13.477874],[77.320665,13.476525],[77.31962,13.476529],[77.318926,13.476871],[77.31894,13.478909],[77.31999,13.479585],[77.320686,13.479582],[77.323114,13.478214],[77.324862,13.479226],[77.326255,13.479221],[77.328337,13.478194],[77.329665,13.477212],[77.328673,13.476494],[77.32832,13.475816],[77.327621,13.475479],[77.326581,13.476163],[77.326584,13.476502]]]}},{"type":"Feature","properties":{"histId":"ams-nd43-12-1955-0021","sheet":"ams-nd43-12-1955","year":1955,"scale":250000,"areaM2":159514,"name":null,"confidence":"high","source":"ams-nd43-12-1955"},"geometry":{"type":"Polygon","coordinates":[[[77.341916,13.478142],[77.342961,13.478138],[77.344349,13.477453],[77.34468,13.475074],[77.343285,13.47474],[77.340509,13.476109],[77.339472,13.477132],[77.33983,13.47849],[77.340877,13.478825],[77.341916,13.478142]]]}},{"type":"Feature","properties":{"histId":"ams-nd43-12-1955-0022","sheet":"ams-nd43-12-1955","year":1955,"scale":250000,"areaM2":91454,"name":null,"confidence":"medium","source":"ams-nd43-12-1955"},"geometry":{"type":"Polygon","coordinates":[[[77.33666,13.473407],[77.336645,13.471369],[77.335946,13.471032],[77.334904,13.471375],[77.333869,13.472738],[77.333876,13.473757],[77.335276,13.474771],[77.336316,13.474087],[77.33666,13.473407]]]}},{"type":"Feature","properties":{"histId":"ams-nd43-12-1955-0023","sheet":"ams-nd43-12-1955","year":1955,"scale":250000,"areaM2":272948,"name":null,"confidence":"high","source":"ams-nd43-12-1955"},"geometry":{"type":"Polygon","coordinates":[[[77.382281,13.474586],[77.384022,13.474579],[77.384716,13.474236],[77.384706,13.472878],[77.385051,13.472537],[77.385037,13.470499],[77.382589,13.46915],[77.381199,13.469495],[77.381209,13.470854],[77.379834,13.473237],[77.379846,13.474935],[77.381241,13.475269],[77.382281,13.474586]]]}},{"type":"Feature","properties":{"histId":"ams-nd43-12-1955-0024","sheet":"ams-nd43-12-1955","year":1955,"scale":250000,"areaM2":97835,"name":null,"confidence":"medium","source":"ams-nd43-12-1955"},"geometry":{"type":"Polygon","coordinates":[[[77.345347,13.470995],[77.346392,13.470991],[77.348123,13.469626],[77.348118,13.468946],[77.347419,13.46861],[77.34638,13.469293],[77.345335,13.469297],[77.343587,13.468285],[77.342893,13.468627],[77.342898,13.469306],[77.34395,13.470321],[77.345347,13.470995]]]}},{"type":"Feature","properties":{"histId":"ams-nd43-12-1955-0025","sheet":"ams-nd43-12-1955","year":1955,"scale":250000,"areaM2":247422,"name":null,"confidence":"high","source":"ams-nd43-12-1955"},"geometry":{"type":"Polygon","coordinates":[[[77.327926,13.469364],[77.327573,13.468686],[77.326874,13.468349],[77.325133,13.468355],[77.324788,13.468696],[77.324091,13.468699],[77.323393,13.468362],[77.32199,13.467009],[77.321637,13.466331],[77.320939,13.465994],[77.320245,13.466336],[77.320252,13.467355],[77.323054,13.469722],[77.323407,13.4704],[77.323755,13.470399],[77.324807,13.471414],[77.324809,13.471754],[77.32551,13.47243],[77.326557,13.472766],[77.327251,13.472424],[77.327938,13.471062],[77.327926,13.469364]]]}},{"type":"Feature","properties":{"histId":"ams-nd43-12-1955-0026","sheet":"ams-nd43-12-1955","year":1955,"scale":250000,"areaM2":400562,"name":null,"confidence":"high","source":"ams-nd43-12-1955"},"geometry":{"type":"Polygon","coordinates":[[[77.400343,13.468738],[77.400336,13.467719],[77.401368,13.466016],[77.401355,13.464318],[77.400656,13.463981],[77.399963,13.464324],[77.399274,13.465346],[77.399281,13.466365],[77.398244,13.467388],[77.396857,13.468073],[77.39616,13.468076],[77.393711,13.466387],[77.393706,13.465708],[77.393002,13.464692],[77.392997,13.464012],[77.392298,13.463676],[77.391604,13.464018],[77.392321,13.466733],[77.392671,13.467071],[77.392691,13.469788],[77.393741,13.470463],[77.395482,13.470456],[77.395827,13.470115],[77.396524,13.470112],[77.398272,13.471124],[77.39966,13.470439],[77.399998,13.469079],[77.400343,13.468738]]]}},{"type":"Feature","properties":{"histId":"ams-nd43-12-1955-0027","sheet":"ams-nd43-12-1955","year":1955,"scale":250000,"areaM2":585593,"name":null,"confidence":"high","source":"ams-nd43-12-1955"},"geometry":{"type":"Polygon","coordinates":[[[77.354755,13.471978],[77.356146,13.471633],[77.357185,13.470949],[77.358578,13.470944],[77.359966,13.470259],[77.362057,13.47059],[77.362751,13.470248],[77.362746,13.469569],[77.362396,13.46923],[77.36065,13.468558],[77.359949,13.467881],[77.358551,13.467207],[77.358546,13.466528],[77.357842,13.465512],[77.357838,13.464832],[77.359569,13.463467],[77.359917,13.463465],[77.36026,13.462785],[77.360245,13.460747],[77.359542,13.45973],[77.358843,13.459394],[77.358149,13.459736],[77.357119,13.461778],[77.357141,13.464835],[77.35645,13.465517],[77.356102,13.465519],[77.354726,13.467902],[77.353341,13.468926],[77.353358,13.471304],[77.353012,13.471645],[77.353019,13.472664],[77.353718,13.473001],[77.354412,13.472658],[77.354755,13.471978]]]}},{"type":"Feature","properties":{"histId":"ams-nd43-12-1955-0028","sheet":"ams-nd43-12-1955","year":1955,"scale":250000,"areaM2":60971,"name":null,"confidence":"low","source":"ams-nd43-12-1955"},"geometry":{"type":"Polygon","coordinates":[[[77.452874,13.463083],[77.453562,13.462061],[77.453554,13.461042],[77.452507,13.460706],[77.45112,13.461392],[77.451133,13.46309],[77.45218,13.463425],[77.452874,13.463083]]]}},{"type":"Feature","properties":{"histId":"ams-nd43-12-1955-0029","sheet":"ams-nd43-12-1955","year":1955,"scale":250000,"areaM2":82950,"name":null,"confidence":"medium","source":"ams-nd43-12-1955"},"geometry":{"type":"Polygon","coordinates":[[[77.463658,13.462017],[77.465391,13.46099],[77.465383,13.459971],[77.463986,13.459298],[77.461905,13.460326],[77.461915,13.461685],[77.462614,13.462021],[77.463658,13.462017]]]}},{"type":"Feature","properties":{"histId":"ams-nd43-12-1955-0030","sheet":"ams-nd43-12-1955","year":1955,"scale":250000,"areaM2":306981,"name":null,"confidence":"high","source":"ams-nd43-12-1955"},"geometry":{"type":"Polygon","coordinates":[[[77.423261,13.460491],[77.423607,13.46015],[77.424651,13.460145],[77.425002,13.460484],[77.426046,13.460479],[77.426397,13.460817],[77.427439,13.460473],[77.427434,13.459794],[77.427083,13.459456],[77.42707,13.457758],[77.427761,13.457075],[77.429149,13.45639],[77.429141,13.455371],[77.429487,13.45503],[77.429469,13.452652],[77.42877,13.452316],[77.428076,13.452658],[77.427744,13.454698],[77.426709,13.456061],[77.426717,13.45708],[77.426371,13.457421],[77.425329,13.457765],[77.42428,13.45709],[77.423584,13.457093],[77.422196,13.457778],[77.421159,13.458801],[77.421167,13.45982],[77.422217,13.460495],[77.423261,13.460491]]]}},{"type":"Feature","properties":{"histId":"ams-nd43-12-1955-0031","sheet":"ams-nd43-12-1955","year":1955,"scale":250000,"areaM2":269398,"name":null,"confidence":"high","source":"ams-nd43-12-1955"},"geometry":{"type":"Polygon","coordinates":[[[77.321945,13.460555],[77.322639,13.460213],[77.322977,13.458853],[77.323323,13.458512],[77.323318,13.457832],[77.324012,13.45749],[77.324356,13.456809],[77.324341,13.454771],[77.323991,13.454433],[77.323983,13.453414],[77.322934,13.452738],[77.32224,13.453081],[77.322247,13.4541],[77.322951,13.455116],[77.322961,13.456475],[77.321575,13.457499],[77.321577,13.457839],[77.32054,13.458862],[77.319152,13.459546],[77.318456,13.459549],[77.317416,13.460232],[77.317423,13.461251],[77.319171,13.462264],[77.320562,13.461919],[77.321945,13.460555]]]}},{"type":"Feature","properties":{"histId":"ams-nd43-12-1955-0032","sheet":"ams-nd43-12-1955","year":1955,"scale":250000,"areaM2":62390,"name":null,"confidence":"low","source":"ams-nd43-12-1955"},"geometry":{"type":"Polygon","coordinates":[[[77.479979,13.456511],[77.481361,13.455146],[77.482054,13.454803],[77.482049,13.454124],[77.48135,13.453787],[77.479963,13.454473],[77.478581,13.455838],[77.478586,13.456517],[77.479285,13.456854],[77.479979,13.456511]]]}},{"type":"Feature","properties":{"histId":"ams-nd43-12-1955-0033","sheet":"ams-nd43-12-1955","year":1955,"scale":250000,"areaM2":102092,"name":null,"confidence":"medium","source":"ams-nd43-12-1955"},"geometry":{"type":"Polygon","coordinates":[[[77.465357,13.456575],[77.465349,13.455556],[77.465695,13.455215],[77.465674,13.452498],[77.464975,13.452161],[77.463936,13.452845],[77.463954,13.455222],[77.463609,13.455563],[77.463622,13.457262],[77.464321,13.457598],[77.465014,13.457256],[77.465357,13.456575]]]}},{"type":"Feature","properties":{"histId":"ams-nd43-12-1955-0034","sheet":"ams-nd43-12-1955","year":1955,"scale":250000,"areaM2":91454,"name":null,"confidence":"medium","source":"ams-nd43-12-1955"},"geometry":{"type":"Polygon","coordinates":[[[77.359816,13.449539],[77.360505,13.448517],[77.3605,13.447838],[77.359802,13.447501],[77.35876,13.447845],[77.358421,13.449205],[77.358076,13.449546],[77.358081,13.450225],[77.357735,13.450566],[77.357745,13.451925],[77.358443,13.452262],[77.359483,13.451578],[77.359816,13.449539]]]}},{"type":"Feature","properties":{"histId":"ams-nd43-12-1955-0035","sheet":"ams-nd43-12-1955","year":1955,"scale":250000,"areaM2":65932,"name":null,"confidence":"low","source":"ams-nd43-12-1955"},"geometry":{"type":"Polygon","coordinates":[[[77.343809,13.45062],[77.343797,13.448922],[77.342748,13.448247],[77.341708,13.44893],[77.341718,13.450289],[77.342068,13.450627],[77.342073,13.451306],[77.342772,13.451643],[77.343466,13.451301],[77.343809,13.45062]]]}},{"type":"Feature","properties":{"histId":"ams-nd43-12-1955-0036","sheet":"ams-nd43-12-1955","year":1955,"scale":250000,"areaM2":234662,"name":null,"confidence":"high","source":"ams-nd43-12-1955"},"geometry":{"type":"Polygon","coordinates":[[[77.368527,13.450524],[77.369577,13.451199],[77.370967,13.450854],[77.371312,13.450513],[77.371305,13.449494],[77.371651,13.449153],[77.371643,13.448134],[77.371987,13.447453],[77.373715,13.445748],[77.37371,13.445068],[77.373011,13.444731],[77.372666,13.445072],[77.371621,13.445077],[77.370927,13.445419],[77.370236,13.446101],[77.370246,13.44746],[77.369209,13.448483],[77.368515,13.448825],[77.367471,13.448829],[77.36712,13.448491],[77.366424,13.448494],[77.36573,13.448836],[77.365735,13.449516],[77.366784,13.450191],[77.368527,13.450524]]]}},{"type":"Feature","properties":{"histId":"ams-nd43-12-1955-0037","sheet":"ams-nd43-12-1955","year":1955,"scale":250000,"areaM2":628825,"name":null,"confidence":"high","source":"ams-nd43-12-1955"},"geometry":{"type":"Polygon","coordinates":[[[77.296142,13.455216],[77.296121,13.452159],[77.295771,13.451821],[77.295733,13.446386],[77.296422,13.445364],[77.297464,13.445021],[77.298513,13.445696],[77.298523,13.447055],[77.29957,13.447391],[77.300264,13.447048],[77.300259,13.446369],[77.299908,13.446031],[77.299897,13.444332],[77.300932,13.44297],[77.300922,13.441611],[77.300224,13.441274],[77.299184,13.441957],[77.298485,13.44162],[77.297784,13.440943],[77.296726,13.438909],[77.296027,13.438572],[77.295333,13.438914],[77.295338,13.439593],[77.294992,13.439934],[77.294672,13.444012],[77.294326,13.444353],[77.29435,13.44775],[77.294004,13.448091],[77.294035,13.452506],[77.293689,13.452847],[77.293696,13.453866],[77.29335,13.454207],[77.293359,13.455566],[77.294409,13.456242],[77.295799,13.455897],[77.296142,13.455216]]]}},{"type":"Feature","properties":{"histId":"ams-nd43-12-1955-0038","sheet":"ams-nd43-12-1955","year":1955,"scale":250000,"areaM2":70897,"name":null,"confidence":"low","source":"ams-nd43-12-1955"},"geometry":{"type":"Polygon","coordinates":[[[77.478144,13.444291],[77.478139,13.443612],[77.477089,13.442937],[77.475356,13.443964],[77.475369,13.445662],[77.476068,13.445998],[77.47711,13.445654],[77.478144,13.444291]]]}},{"type":"Feature","properties":{"histId":"ams-nd43-12-1955-0039","sheet":"ams-nd43-12-1955","year":1955,"scale":250000,"areaM2":660759,"name":null,"confidence":"high","source":"ams-nd43-12-1955"},"geometry":{"type":"Polygon","coordinates":[[[77.467727,13.447733],[77.468423,13.44773],[77.469462,13.447046],[77.469451,13.445688],[77.468402,13.445013],[77.467708,13.445356],[77.466659,13.444681],[77.466305,13.444003],[77.466295,13.442645],[77.467334,13.441961],[77.470828,13.443644],[77.472221,13.443638],[77.473605,13.442613],[77.473948,13.441932],[77.47394,13.440913],[77.472891,13.440238],[77.471496,13.439905],[77.470096,13.438892],[77.469402,13.439234],[77.468358,13.439239],[77.467659,13.438902],[77.466604,13.437548],[77.466602,13.437209],[77.465555,13.436873],[77.464516,13.437557],[77.464534,13.439935],[77.464188,13.440276],[77.464196,13.441295],[77.463851,13.441636],[77.463861,13.442995],[77.464212,13.443333],[77.464222,13.444692],[77.464573,13.44503],[77.464583,13.446388],[77.465633,13.447063],[77.465638,13.447742],[77.466337,13.448079],[77.467376,13.447395],[77.467727,13.447733]]]}},{"type":"Feature","properties":{"histId":"ams-nd43-12-1955-0040","sheet":"ams-nd43-12-1955","year":1955,"scale":250000,"areaM2":148171,"name":null,"confidence":"medium","source":"ams-nd43-12-1955"},"geometry":{"type":"Polygon","coordinates":[[[77.382376,13.439938],[77.382717,13.438918],[77.383408,13.438236],[77.384085,13.435516],[77.383386,13.435179],[77.381305,13.436206],[77.380618,13.437568],[77.380623,13.438247],[77.380278,13.438588],[77.38029,13.440286],[77.381337,13.440622],[77.382376,13.439938]]]}},{"type":"Feature","properties":{"histId":"ams-nd43-12-1955-0041","sheet":"ams-nd43-12-1955","year":1955,"scale":250000,"areaM2":2971880,"name":null,"confidence":"high","source":"ams-nd43-12-1955"},"geometry":{"type":"Polygon","coordinates":[[[77.339259,13.447241],[77.339256,13.446901],[77.341679,13.444854],[77.342022,13.444173],[77.342013,13.442815],[77.342702,13.441793],[77.342685,13.439415],[77.341983,13.438739],[77.341976,13.43772],[77.343016,13.437036],[77.343013,13.436697],[77.343705,13.436015],[77.343697,13.434996],[77.342992,13.43364],[77.342977,13.431602],[77.343323,13.431261],[77.343303,13.428543],[77.343995,13.427861],[77.34399,13.427182],[77.343291,13.426845],[77.341203,13.426853],[77.339452,13.425501],[77.339099,13.424823],[77.33908,13.422105],[77.33873,13.421767],[77.338725,13.421088],[77.337325,13.420074],[77.336286,13.420757],[77.33629,13.421437],[77.335599,13.422119],[77.335604,13.422798],[77.333544,13.426882],[77.333566,13.429939],[77.333916,13.430278],[77.333931,13.432316],[77.333585,13.432657],[77.33359,13.433336],[77.332555,13.434699],[77.330473,13.435726],[77.329782,13.436408],[77.330157,13.440143],[77.329811,13.440484],[77.329828,13.442861],[77.331585,13.445232],[77.331588,13.445572],[77.332639,13.446587],[77.333338,13.446924],[77.335775,13.446915],[77.337523,13.447927],[77.337869,13.447586],[77.339259,13.447241]]]}},{"type":"Feature","properties":{"histId":"ams-nd43-12-1955-0042","sheet":"ams-nd43-12-1955","year":1955,"scale":250000,"areaM2":177942,"name":null,"confidence":"high","source":"ams-nd43-12-1955"},"geometry":{"type":"Polygon","coordinates":[[[77.302599,13.432433],[77.302246,13.431755],[77.300851,13.431421],[77.300157,13.431763],[77.30016,13.432103],[77.299468,13.432785],[77.299482,13.434823],[77.300541,13.436857],[77.301588,13.437193],[77.302627,13.436509],[77.302599,13.432433]]]}},{"type":"Feature","properties":{"histId":"ams-nd43-12-1955-0043","sheet":"ams-nd43-12-1955","year":1955,"scale":250000,"areaM2":68061,"name":null,"confidence":"low","source":"ams-nd43-12-1955"},"geometry":{"type":"Polygon","coordinates":[[[77.491593,13.427928],[77.491583,13.426569],[77.49123,13.425892],[77.490531,13.425555],[77.489492,13.426239],[77.489508,13.428277],[77.490557,13.428951],[77.491251,13.428609],[77.491593,13.427928]]]}},{"type":"Feature","properties":{"histId":"ams-nd43-12-1955-0044","sheet":"ams-nd43-12-1955","year":1955,"scale":250000,"areaM2":511869,"name":null,"confidence":"high","source":"ams-nd43-12-1955"},"geometry":{"type":"Polygon","coordinates":[[[77.438359,13.431216],[77.439741,13.429851],[77.441825,13.429163],[77.441817,13.428144],[77.441118,13.427807],[77.439726,13.427813],[77.438339,13.428499],[77.436941,13.427825],[77.43519,13.426474],[77.435185,13.425795],[77.434482,13.424779],[77.434471,13.42342],[77.435162,13.422738],[77.435848,13.421376],[77.435841,13.420357],[77.435142,13.42002],[77.433757,13.421045],[77.432022,13.421732],[77.431331,13.422414],[77.431336,13.423093],[77.431687,13.423432],[77.432045,13.424789],[77.433798,13.42648],[77.434497,13.426816],[77.434502,13.427496],[77.435206,13.428512],[77.435211,13.429191],[77.434525,13.430553],[77.434533,13.431572],[77.435938,13.433264],[77.436637,13.433601],[77.437676,13.432917],[77.438359,13.431216]]]}},{"type":"Feature","properties":{"histId":"ams-nd43-12-1955-0045","sheet":"ams-nd43-12-1955","year":1955,"scale":250000,"areaM2":89326,"name":null,"confidence":"medium","source":"ams-nd43-12-1955"},"geometry":{"type":"Polygon","coordinates":[[[77.32481,13.422499],[77.323761,13.421824],[77.322719,13.422168],[77.321684,13.42353],[77.321689,13.42421],[77.323437,13.425222],[77.324822,13.424198],[77.32481,13.422499]]]}},{"type":"Feature","properties":{"histId":"ams-nd43-12-1955-0046","sheet":"ams-nd43-12-1955","year":1955,"scale":250000,"areaM2":159513,"name":null,"confidence":"high","source":"ams-nd43-12-1955"},"geometry":{"type":"Polygon","coordinates":[[[77.381561,13.423637],[77.381904,13.422957],[77.381892,13.421258],[77.381188,13.420242],[77.38049,13.419905],[77.379793,13.419908],[77.378408,13.420933],[77.377367,13.421276],[77.377374,13.422295],[77.377722,13.422294],[77.379124,13.423647],[77.379823,13.423984],[77.380867,13.42398],[77.381561,13.423637]]]}},{"type":"Feature","properties":{"histId":"ams-nd43-12-1955-0047","sheet":"ams-nd43-12-1955","year":1955,"scale":250000,"areaM2":586294,"name":null,"confidence":"high","source":"ams-nd43-12-1955"},"geometry":{"type":"Polygon","coordinates":[[[77.345365,13.424799],[77.346064,13.425136],[77.347456,13.42513],[77.349535,13.423764],[77.351624,13.423755],[77.356135,13.4217],[77.356128,13.420681],[77.354733,13.420347],[77.354387,13.420688],[77.352995,13.420693],[77.351247,13.419681],[77.351232,13.417643],[77.350183,13.416967],[77.348795,13.417652],[77.348452,13.418333],[77.346724,13.420038],[77.344643,13.421065],[77.344299,13.421746],[77.344309,13.423104],[77.345363,13.424459],[77.345365,13.424799]]]}},{"type":"Feature","properties":{"histId":"ams-nd43-12-1955-0048","sheet":"ams-nd43-12-1955","year":1955,"scale":250000,"areaM2":102086,"name":null,"confidence":"medium","source":"ams-nd43-12-1955"},"geometry":{"type":"Polygon","coordinates":[[[77.295883,13.417852],[77.295185,13.417514],[77.294491,13.417857],[77.294531,13.423631],[77.295229,13.423968],[77.295923,13.423626],[77.295883,13.417852]]]}},{"type":"Feature","properties":{"histId":"ams-nd43-12-1955-0049","sheet":"ams-nd43-12-1955","year":1955,"scale":250000,"areaM2":214810,"name":null,"confidence":"high","source":"ams-nd43-12-1955"},"geometry":{"type":"Polygon","coordinates":[[[77.363781,13.419971],[77.362737,13.419976],[77.361339,13.419302],[77.360288,13.418287],[77.359932,13.417269],[77.359231,13.416593],[77.358184,13.416257],[77.357491,13.416599],[77.3575,13.417958],[77.357848,13.417957],[77.359952,13.419986],[77.359969,13.422364],[77.360668,13.422701],[77.361707,13.422018],[77.363796,13.422009],[77.364835,13.421326],[77.36483,13.420647],[77.363781,13.419971]]]}},{"type":"Feature","properties":{"histId":"ams-nd43-12-1955-0050","sheet":"ams-nd43-12-1955","year":1955,"scale":250000,"areaM2":73024,"name":null,"confidence":"low","source":"ams-nd43-12-1955"},"geometry":{"type":"Polygon","coordinates":[[[77.497769,13.416352],[77.497753,13.414314],[77.497054,13.413978],[77.49567,13.415003],[77.495327,13.415684],[77.495686,13.417041],[77.496385,13.417377],[77.497426,13.417033],[77.497769,13.416352]]]}},{"type":"Feature","properties":{"histId":"ams-nd43-12-1955-0051","sheet":"ams-nd43-12-1955","year":1955,"scale":250000,"areaM2":121939,"name":null,"confidence":"medium","source":"ams-nd43-12-1955"},"geometry":{"type":"Polygon","coordinates":[[[77.390527,13.412052],[77.392608,13.411025],[77.392603,13.410346],[77.391554,13.40967],[77.388421,13.409683],[77.387727,13.410026],[77.387389,13.411386],[77.388439,13.412061],[77.390527,13.412052]]]}},{"type":"Feature","properties":{"histId":"ams-nd43-12-1955-0052","sheet":"ams-nd43-12-1955","year":1955,"scale":250000,"areaM2":105630,"name":null,"confidence":"medium","source":"ams-nd43-12-1955"},"geometry":{"type":"Polygon","coordinates":[[[77.303807,13.405933],[77.303454,13.405255],[77.302756,13.404918],[77.302062,13.40526],[77.302067,13.40594],[77.301721,13.406281],[77.301738,13.408658],[77.302438,13.409335],[77.302441,13.409675],[77.303139,13.410012],[77.303833,13.40967],[77.303807,13.405933]]]}},{"type":"Feature","properties":{"histId":"ams-nd43-12-1955-0053","sheet":"ams-nd43-12-1955","year":1955,"scale":250000,"areaM2":397712,"name":null,"confidence":"high","source":"ams-nd43-12-1955"},"geometry":{"type":"Polygon","coordinates":[[[77.333769,13.409558],[77.334105,13.407858],[77.33514,13.406495],[77.33513,13.405137],[77.335476,13.404796],[77.335471,13.404116],[77.337202,13.402751],[77.338942,13.402744],[77.339636,13.402402],[77.339622,13.400364],[77.338923,13.400027],[77.338229,13.400369],[77.337879,13.400031],[77.337183,13.400033],[77.334737,13.398684],[77.334043,13.399026],[77.334422,13.403441],[77.333733,13.404462],[77.333743,13.405821],[77.333054,13.406843],[77.33236,13.407185],[77.331664,13.407188],[77.331314,13.406849],[77.33062,13.407192],[77.330627,13.408211],[77.331683,13.409905],[77.33273,13.410241],[77.333769,13.409558]]]}},{"type":"Feature","properties":{"histId":"ams-nd43-12-1955-0054","sheet":"ams-nd43-12-1955","year":1955,"scale":250000,"areaM2":167308,"name":null,"confidence":"high","source":"ams-nd43-12-1955"},"geometry":{"type":"Polygon","coordinates":[[[77.325034,13.404835],[77.325379,13.404494],[77.326423,13.40449],[77.327117,13.404148],[77.328166,13.404823],[77.32886,13.404481],[77.328846,13.402443],[77.327446,13.401429],[77.326402,13.401433],[77.325708,13.401775],[77.325358,13.401437],[77.32397,13.402122],[77.323632,13.403482],[77.324335,13.404498],[77.325034,13.404835]]]}},{"type":"Feature","properties":{"histId":"ams-nd43-12-1955-0055","sheet":"ams-nd43-12-1955","year":1955,"scale":250000,"areaM2":384956,"name":null,"confidence":"high","source":"ams-nd43-12-1955"},"geometry":{"type":"Polygon","coordinates":[[[77.380724,13.404279],[77.382111,13.403594],[77.382109,13.403255],[77.383145,13.402231],[77.382785,13.400535],[77.383131,13.400194],[77.383123,13.399175],[77.38416,13.398151],[77.385895,13.397465],[77.385885,13.396106],[77.384834,13.395092],[77.384831,13.394752],[77.384133,13.394415],[77.383439,13.394757],[77.383444,13.395437],[77.382755,13.396459],[77.38276,13.397138],[77.382069,13.39782],[77.381027,13.398164],[77.380353,13.401224],[77.378971,13.402588],[77.378277,13.40293],[77.37653,13.401918],[77.375836,13.402261],[77.375843,13.40328],[77.376196,13.403958],[77.376895,13.404294],[77.380724,13.404279]]]}},{"type":"Feature","properties":{"histId":"ams-nd43-12-1955-0056","sheet":"ams-nd43-12-1955","year":1955,"scale":250000,"areaM2":204174,"name":null,"confidence":"high","source":"ams-nd43-12-1955"},"geometry":{"type":"Polygon","coordinates":[[[77.349721,13.401004],[77.350765,13.401],[77.351459,13.400658],[77.352856,13.401332],[77.354243,13.400647],[77.35528,13.399624],[77.355628,13.399623],[77.356315,13.398261],[77.35631,13.397582],[77.354913,13.396908],[77.354219,13.39725],[77.353876,13.397931],[77.353528,13.397932],[77.352143,13.398957],[77.350057,13.399305],[77.348324,13.40033],[77.348328,13.40101],[77.349375,13.401345],[77.349721,13.401004]]]}},{"type":"Feature","properties":{"histId":"ams-nd43-12-1955-0057","sheet":"ams-nd43-12-1955","year":1955,"scale":250000,"areaM2":80111,"name":null,"confidence":"medium","source":"ams-nd43-12-1955"},"geometry":{"type":"Polygon","coordinates":[[[77.422108,13.399355],[77.423147,13.398672],[77.423132,13.396634],[77.422086,13.396298],[77.421392,13.396641],[77.420358,13.398004],[77.420366,13.399023],[77.421064,13.39936],[77.422108,13.399355]]]}},{"type":"Feature","properties":{"histId":"ams-nd43-12-1955-0058","sheet":"ams-nd43-12-1955","year":1955,"scale":250000,"areaM2":117687,"name":null,"confidence":"medium","source":"ams-nd43-12-1955"},"geometry":{"type":"Polygon","coordinates":[[[77.461074,13.397152],[77.459669,13.39546],[77.458971,13.395123],[77.457927,13.395128],[77.45654,13.395813],[77.456545,13.396492],[77.457246,13.397169],[77.459342,13.398179],[77.460734,13.398173],[77.461428,13.39783],[77.461423,13.397151],[77.461074,13.397152]]]}},{"type":"Feature","properties":{"histId":"ams-nd43-12-1955-0059","sheet":"ams-nd43-12-1955","year":1955,"scale":250000,"areaM2":355177,"name":null,"confidence":"high","source":"ams-nd43-12-1955"},"geometry":{"type":"Polygon","coordinates":[[[77.345539,13.400341],[77.346233,13.399999],[77.346223,13.39864],[77.349327,13.394552],[77.349314,13.392854],[77.351388,13.390808],[77.351383,13.390128],[77.350682,13.389452],[77.349288,13.389117],[77.348594,13.38946],[77.348599,13.390139],[77.348253,13.39048],[77.348263,13.391839],[77.347577,13.3932],[77.345851,13.395245],[77.34551,13.396265],[77.344819,13.396947],[77.344471,13.396948],[77.344127,13.397629],[77.34274,13.398314],[77.3431,13.400011],[77.343799,13.400348],[77.345539,13.400341]]]}},{"type":"Feature","properties":{"histId":"ams-nd43-12-1955-0060","sheet":"ams-nd43-12-1955","year":1955,"scale":250000,"areaM2":75147,"name":null,"confidence":"medium","source":"ams-nd43-12-1955"},"geometry":{"type":"Polygon","coordinates":[[[77.328104,13.395992],[77.329143,13.395309],[77.329136,13.39429],[77.328087,13.393614],[77.326695,13.393619],[77.326001,13.393962],[77.326011,13.39532],[77.32706,13.395996],[77.328104,13.395992]]]}},{"type":"Feature","properties":{"histId":"ams-nd43-12-1955-0061","sheet":"ams-nd43-12-1955","year":1955,"scale":250000,"areaM2":63803,"name":null,"confidence":"low","source":"ams-nd43-12-1955"},"geometry":{"type":"Polygon","coordinates":[[[77.309291,13.393684],[77.307901,13.394029],[77.307906,13.394709],[77.308607,13.395385],[77.308609,13.395725],[77.309308,13.396062],[77.310352,13.396058],[77.311046,13.395716],[77.310688,13.394359],[77.309291,13.393684]]]}},{"type":"Feature","properties":{"histId":"ams-nd43-12-1955-0062","sheet":"ams-nd43-12-1955","year":1955,"scale":250000,"areaM2":168020,"name":null,"confidence":"high","source":"ams-nd43-12-1955"},"geometry":{"type":"Polygon","coordinates":[[[77.39976,13.389597],[77.400802,13.389253],[77.402898,13.390263],[77.403591,13.389921],[77.403586,13.389241],[77.403236,13.388903],[77.403226,13.387544],[77.402176,13.386869],[77.401831,13.38721],[77.400441,13.387556],[77.399057,13.38858],[77.397664,13.388586],[77.396625,13.38927],[77.396633,13.390289],[77.39803,13.390962],[77.39976,13.389597]]]}},{"type":"Feature","properties":{"histId":"ams-nd43-12-1955-0063","sheet":"ams-nd43-12-1955","year":1955,"scale":250000,"areaM2":118393,"name":null,"confidence":"medium","source":"ams-nd43-12-1955"},"geometry":{"type":"Polygon","coordinates":[[[77.3712,13.386994],[77.372245,13.386989],[77.372938,13.386647],[77.372928,13.385288],[77.371534,13.384954],[77.370485,13.384279],[77.369443,13.384623],[77.368757,13.385984],[77.368767,13.387343],[77.370161,13.387677],[77.3712,13.386994]]]}},{"type":"Feature","properties":{"histId":"ams-nd43-12-1955-0064","sheet":"ams-nd43-12-1955","year":1955,"scale":250000,"areaM2":176524,"name":null,"confidence":"high","source":"ams-nd43-12-1955"},"geometry":{"type":"Polygon","coordinates":[[[77.337084,13.386107],[77.337079,13.385428],[77.33603,13.384752],[77.33429,13.384759],[77.333939,13.384421],[77.332199,13.384427],[77.331505,13.384769],[77.331513,13.385788],[77.332562,13.386464],[77.333606,13.38646],[77.335003,13.387134],[77.336405,13.388487],[77.337103,13.388824],[77.337797,13.388482],[77.33779,13.387463],[77.337084,13.386107]]]}},{"type":"Feature","properties":{"histId":"ams-nd43-12-1955-0065","sheet":"ams-nd43-12-1955","year":1955,"scale":250000,"areaM2":195664,"name":null,"confidence":"high","source":"ams-nd43-12-1955"},"geometry":{"type":"Polygon","coordinates":[[[77.318971,13.384137],[77.324888,13.384115],[77.325581,13.383773],[77.325577,13.383093],[77.324525,13.382078],[77.323131,13.381744],[77.32278,13.381406],[77.321736,13.38141],[77.319655,13.382436],[77.31826,13.382102],[77.317566,13.382444],[77.317574,13.383463],[77.318971,13.384137]]]}},{"type":"Feature","properties":{"histId":"ams-nd43-12-1955-0066","sheet":"ams-nd43-12-1955","year":1955,"scale":250000,"areaM2":70185,"name":null,"confidence":"low","source":"ams-nd43-12-1955"},"geometry":{"type":"Polygon","coordinates":[[[77.387872,13.382172],[77.388217,13.381831],[77.388203,13.379793],[77.387504,13.379456],[77.38681,13.379798],[77.386467,13.380479],[77.386487,13.383196],[77.387186,13.383533],[77.387879,13.383191],[77.387872,13.382172]]]}},{"type":"Feature","properties":{"histId":"ams-nd43-12-1955-0067","sheet":"ams-nd43-12-1955","year":1955,"scale":250000,"areaM2":216221,"name":null,"confidence":"high","source":"ams-nd43-12-1955"},"geometry":{"type":"Polygon","coordinates":[[[77.297727,13.382517],[77.297026,13.381841],[77.295968,13.379806],[77.295963,13.379127],[77.295613,13.378789],[77.295608,13.378109],[77.295258,13.377771],[77.2949,13.376413],[77.293854,13.376078],[77.29316,13.37642],[77.292822,13.37778],[77.293172,13.378118],[77.293177,13.378798],[77.294931,13.380829],[77.295305,13.384564],[77.296351,13.3849],[77.297391,13.384217],[77.297727,13.382517]]]}},{"type":"Feature","properties":{"histId":"ams-nd43-12-1955-0068","sheet":"ams-nd43-12-1955","year":1955,"scale":250000,"areaM2":263022,"name":null,"confidence":"high","source":"ams-nd43-12-1955"},"geometry":{"type":"Polygon","coordinates":[[[77.460888,13.372697],[77.46019,13.372361],[77.459146,13.372365],[77.458452,13.372708],[77.45707,13.374072],[77.456377,13.374415],[77.455333,13.37442],[77.453585,13.373408],[77.453222,13.371372],[77.452521,13.370695],[77.451822,13.370359],[77.451129,13.370701],[77.451136,13.37172],[77.451489,13.372398],[77.452191,13.373074],[77.453588,13.373748],[77.453951,13.375784],[77.455351,13.376797],[77.456741,13.376452],[77.458122,13.375087],[77.458816,13.374744],[77.460904,13.374735],[77.461597,13.374393],[77.461592,13.373713],[77.460888,13.372697]]]}},{"type":"Feature","properties":{"histId":"ams-nd43-12-1955-0069","sheet":"ams-nd43-12-1955","year":1955,"scale":250000,"areaM2":93580,"name":null,"confidence":"medium","source":"ams-nd43-12-1955"},"geometry":{"type":"Polygon","coordinates":[[[77.401378,13.372946],[77.401721,13.372265],[77.401713,13.371246],[77.400664,13.370571],[77.399275,13.370917],[77.398586,13.371938],[77.398599,13.373637],[77.399297,13.373974],[77.401378,13.372946]]]}},{"type":"Feature","properties":{"histId":"ams-nd43-12-1955-0070","sheet":"ams-nd43-12-1955","year":1955,"scale":250000,"areaM2":50334,"name":null,"confidence":"low","source":"ams-nd43-12-1955"},"geometry":{"type":"Polygon","coordinates":[[[77.34638,13.371805],[77.34637,13.370446],[77.345672,13.370109],[77.344978,13.370452],[77.34498,13.370791],[77.344289,13.371473],[77.344296,13.372492],[77.344995,13.372829],[77.346037,13.372486],[77.34638,13.371805]]]}},{"type":"Feature","properties":{"histId":"ams-nd43-12-1955-0071","sheet":"ams-nd43-12-1955","year":1955,"scale":250000,"areaM2":181486,"name":null,"confidence":"high","source":"ams-nd43-12-1955"},"geometry":{"type":"Polygon","coordinates":[[[77.331424,13.373221],[77.331769,13.37288],[77.331762,13.371861],[77.332108,13.37152],[77.332101,13.370501],[77.332446,13.37016],[77.332437,13.368801],[77.331037,13.367787],[77.32965,13.368472],[77.32966,13.369831],[77.330365,13.371187],[77.330382,13.373564],[77.329691,13.374246],[77.328649,13.37459],[77.328654,13.375269],[77.330051,13.375943],[77.331436,13.374919],[77.331424,13.373221]]]}},{"type":"Feature","properties":{"histId":"ams-nd43-12-1955-0072","sheet":"ams-nd43-12-1955","year":1955,"scale":250000,"areaM2":92870,"name":null,"confidence":"medium","source":"ams-nd43-12-1955"},"geometry":{"type":"Polygon","coordinates":[[[77.364132,13.372076],[77.363075,13.370381],[77.363068,13.369362],[77.36237,13.369026],[77.360985,13.37005],[77.36099,13.370729],[77.362044,13.372084],[77.362046,13.372424],[77.363445,13.373437],[77.364139,13.373095],[77.364132,13.372076]]]}},{"type":"Feature","properties":{"histId":"ams-nd43-12-1955-0073","sheet":"ams-nd43-12-1955","year":1955,"scale":250000,"areaM2":145330,"name":null,"confidence":"medium","source":"ams-nd43-12-1955"},"geometry":{"type":"Polygon","coordinates":[[[77.31678,13.369539],[77.316077,13.368523],[77.314682,13.368188],[77.313297,13.369212],[77.313304,13.370231],[77.315757,13.3726],[77.31576,13.37294],[77.316458,13.373277],[77.317152,13.372935],[77.31678,13.369539]]]}},{"type":"Feature","properties":{"histId":"ams-nd43-12-1955-0074","sheet":"ams-nd43-12-1955","year":1955,"scale":250000,"areaM2":223315,"name":null,"confidence":"high","source":"ams-nd43-12-1955"},"geometry":{"type":"Polygon","coordinates":[[[77.383977,13.373016],[77.382925,13.372001],[77.382219,13.370646],[77.382209,13.369287],[77.383589,13.367583],[77.383937,13.367582],[77.384628,13.3669],[77.384618,13.365541],[77.383569,13.364866],[77.381839,13.366231],[77.381498,13.367252],[77.380462,13.368275],[77.380484,13.371332],[77.381888,13.373025],[77.381891,13.373364],[77.383288,13.374038],[77.383982,13.373696],[77.383977,13.373016]]]}},{"type":"Feature","properties":{"histId":"ams-nd43-12-1955-0075","sheet":"ams-nd43-12-1955","year":1955,"scale":250000,"areaM2":121232,"name":null,"confidence":"medium","source":"ams-nd43-12-1955"},"geometry":{"type":"Polygon","coordinates":[[[77.493893,13.365421],[77.493888,13.364741],[77.492137,13.36339],[77.490748,13.363736],[77.490057,13.364419],[77.490068,13.365777],[77.490421,13.366455],[77.49147,13.36713],[77.492512,13.366785],[77.493893,13.365421]]]}},{"type":"Feature","properties":{"histId":"ams-nd43-12-1955-0076","sheet":"ams-nd43-12-1955","year":1955,"scale":250000,"areaM2":85073,"name":null,"confidence":"medium","source":"ams-nd43-12-1955"},"geometry":{"type":"Polygon","coordinates":[[[77.405128,13.362401],[77.406856,13.360696],[77.406846,13.359337],[77.405799,13.359002],[77.404415,13.360026],[77.40442,13.360706],[77.403729,13.361388],[77.403736,13.362407],[77.404435,13.362744],[77.405128,13.362401]]]}},{"type":"Feature","properties":{"histId":"ams-nd43-12-1955-0077","sheet":"ams-nd43-12-1955","year":1955,"scale":250000,"areaM2":87198,"name":null,"confidence":"medium","source":"ams-nd43-12-1955"},"geometry":{"type":"Polygon","coordinates":[[[77.353971,13.362604],[77.356044,13.360558],[77.356039,13.359879],[77.354645,13.359545],[77.353951,13.359887],[77.352569,13.361251],[77.352231,13.362611],[77.353277,13.362947],[77.353971,13.362604]]]}},{"type":"Feature","properties":{"histId":"ams-nd43-12-1955-0078","sheet":"ams-nd43-12-1955","year":1955,"scale":250000,"areaM2":193535,"name":null,"confidence":"high","source":"ams-nd43-12-1955"},"geometry":{"type":"Polygon","coordinates":[[[77.30801,13.359721],[77.308001,13.358362],[77.30695,13.357347],[77.306947,13.357007],[77.306599,13.357009],[77.3052,13.355995],[77.304507,13.356337],[77.304511,13.357016],[77.304862,13.357355],[77.304873,13.359053],[77.303836,13.360076],[77.303488,13.360077],[77.303496,13.361096],[77.304544,13.361772],[77.305936,13.361767],[77.307667,13.360402],[77.30801,13.359721]]]}},{"type":"Feature","properties":{"histId":"ams-nd43-12-1955-0079","sheet":"ams-nd43-12-1955","year":1955,"scale":250000,"areaM2":52460,"name":null,"confidence":"low","source":"ams-nd43-12-1955"},"geometry":{"type":"Polygon","coordinates":[[[77.281191,13.356761],[77.280145,13.356425],[77.279451,13.356767],[77.279461,13.358126],[77.279813,13.358804],[77.28086,13.35914],[77.281553,13.358798],[77.281191,13.356761]]]}},{"type":"Feature","properties":{"histId":"ams-nd43-12-1955-0080","sheet":"ams-nd43-12-1955","year":1955,"scale":250000,"areaM2":103503,"name":null,"confidence":"medium","source":"ams-nd43-12-1955"},"geometry":{"type":"Polygon","coordinates":[[[77.314945,13.355959],[77.314592,13.355281],[77.313894,13.354944],[77.312509,13.355968],[77.312523,13.358006],[77.313226,13.359022],[77.313924,13.359359],[77.314964,13.358676],[77.314945,13.355959]]]}},{"type":"Feature","properties":{"histId":"ams-nd43-12-1955-0081","sheet":"ams-nd43-12-1955","year":1955,"scale":250000,"areaM2":106338,"name":null,"confidence":"medium","source":"ams-nd43-12-1955"},"geometry":{"type":"Polygon","coordinates":[[[77.292686,13.358079],[77.295122,13.35807],[77.296507,13.357046],[77.2965,13.356027],[77.295801,13.355689],[77.294757,13.355693],[77.291289,13.357404],[77.291293,13.358084],[77.29234,13.358419],[77.292686,13.358079]]]}},{"type":"Feature","properties":{"histId":"ams-nd43-12-1955-0082","sheet":"ams-nd43-12-1955","year":1955,"scale":250000,"areaM2":95702,"name":null,"confidence":"medium","source":"ams-nd43-12-1955"},"geometry":{"type":"Polygon","coordinates":[[[77.235249,13.356582],[77.235235,13.354544],[77.234537,13.354206],[77.233495,13.35455],[77.233497,13.354889],[77.232462,13.356252],[77.232467,13.356931],[77.233168,13.357608],[77.23317,13.357948],[77.233868,13.358285],[77.234562,13.357943],[77.235249,13.356582]]]}},{"type":"Feature","properties":{"histId":"ams-nd43-12-1955-0083","sheet":"ams-nd43-12-1955","year":1955,"scale":250000,"areaM2":686951,"name":null,"confidence":"high","source":"ams-nd43-12-1955"},"geometry":{"type":"Polygon","coordinates":[[[77.345616,13.362297],[77.346302,13.360935],[77.34594,13.358899],[77.345589,13.35856],[77.345563,13.354824],[77.346595,13.353122],[77.34659,13.352442],[77.345543,13.352107],[77.34485,13.352449],[77.34345,13.351435],[77.343436,13.349397],[77.345157,13.346673],[77.345149,13.345654],[77.344451,13.345317],[77.34237,13.346344],[77.34238,13.347703],[77.340304,13.349409],[77.340314,13.350768],[77.341367,13.352123],[77.341725,13.35348],[77.342075,13.353818],[77.342085,13.355177],[77.342791,13.356533],[77.342798,13.357552],[77.343148,13.35789],[77.343158,13.359249],[77.341773,13.360273],[77.340729,13.360277],[77.340035,13.36062],[77.34004,13.361299],[77.341089,13.361974],[77.342481,13.361969],[77.343878,13.362643],[77.344922,13.362639],[77.345616,13.362297]]]}},{"type":"Feature","properties":{"histId":"ams-nd43-12-1955-0084","sheet":"ams-nd43-12-1955","year":1955,"scale":250000,"areaM2":277907,"name":null,"confidence":"high","source":"ams-nd43-12-1955"},"geometry":{"type":"Polygon","coordinates":[[[77.443657,13.348994],[77.441576,13.350022],[77.440192,13.351047],[77.440202,13.352406],[77.440901,13.352742],[77.441945,13.352738],[77.44229,13.352397],[77.442986,13.352394],[77.444734,13.353406],[77.445778,13.353401],[77.446817,13.352717],[77.446811,13.352038],[77.447157,13.351697],[77.447144,13.349999],[77.445394,13.348647],[77.443657,13.348994]]]}},{"type":"Feature","properties":{"histId":"ams-nd43-12-1955-0085","sheet":"ams-nd43-12-1955","year":1955,"scale":250000,"areaM2":56713,"name":null,"confidence":"low","source":"ams-nd43-12-1955"},"geometry":{"type":"Polygon","coordinates":[[[77.243222,13.351799],[77.241823,13.350785],[77.240783,13.351468],[77.240793,13.352826],[77.242189,13.353501],[77.243229,13.352818],[77.243222,13.351799]]]}},{"type":"Feature","properties":{"histId":"ams-nd43-12-1955-0086","sheet":"ams-nd43-12-1955","year":1955,"scale":250000,"areaM2":58132,"name":null,"confidence":"low","source":"ams-nd43-12-1955"},"geometry":{"type":"Polygon","coordinates":[[[77.331606,13.349782],[77.330908,13.349445],[77.330214,13.349787],[77.330224,13.351146],[77.331971,13.352158],[77.333013,13.351815],[77.333008,13.351135],[77.331606,13.349782]]]}},{"type":"Feature","properties":{"histId":"ams-nd43-12-1955-0087","sheet":"ams-nd43-12-1955","year":1955,"scale":250000,"areaM2":211268,"name":null,"confidence":"high","source":"ams-nd43-12-1955"},"geometry":{"type":"Polygon","coordinates":[[[77.478817,13.350882],[77.480201,13.349857],[77.480196,13.349177],[77.479843,13.3485],[77.478449,13.348166],[77.477399,13.347491],[77.47566,13.347499],[77.47358,13.348527],[77.47359,13.349885],[77.475686,13.350895],[77.478817,13.350882]]]}},{"type":"Feature","properties":{"histId":"ams-nd43-12-1955-0088","sheet":"ams-nd43-12-1955","year":1955,"scale":250000,"areaM2":82236,"name":null,"confidence":"medium","source":"ams-nd43-12-1955"},"geometry":{"type":"Polygon","coordinates":[[[77.386249,13.350589],[77.386247,13.350249],[77.387283,13.349226],[77.387276,13.348207],[77.386577,13.34787],[77.385533,13.347874],[77.38484,13.348217],[77.384151,13.349238],[77.384509,13.350596],[77.385556,13.350931],[77.386249,13.350589]]]}},{"type":"Feature","properties":{"histId":"ams-nd43-12-1955-0089","sheet":"ams-nd43-12-1955","year":1955,"scale":250000,"areaM2":1977972,"name":null,"confidence":"high","source":"ams-nd43-12-1955"},"geometry":{"type":"Polygon","coordinates":[[[77.466449,13.371655],[77.467139,13.370972],[77.469222,13.370284],[77.469217,13.369605],[77.46817,13.369269],[77.467469,13.368593],[77.466763,13.367238],[77.466758,13.366558],[77.466407,13.36622],[77.466012,13.360108],[77.465662,13.35977],[77.465651,13.358411],[77.465301,13.358073],[77.465296,13.357394],[77.465989,13.357051],[77.466316,13.354332],[77.469072,13.350584],[77.469064,13.349565],[77.468017,13.34923],[77.466267,13.347879],[77.466241,13.344483],[77.466587,13.344141],[77.466579,13.343122],[77.466922,13.342442],[77.467958,13.341418],[77.468986,13.339376],[77.469321,13.337676],[77.470352,13.335973],[77.470347,13.335294],[77.473805,13.332562],[77.474143,13.331202],[77.474488,13.330861],[77.474483,13.330181],[77.472733,13.32883],[77.472388,13.329171],[77.470996,13.329177],[77.468919,13.330545],[77.46822,13.330208],[77.467867,13.329531],[77.467519,13.329532],[77.466818,13.328856],[77.46646,13.327499],[77.465761,13.327162],[77.465068,13.327505],[77.464725,13.328185],[77.464779,13.335318],[77.464434,13.335659],[77.464439,13.336338],[77.461674,13.338728],[77.461679,13.339407],[77.463424,13.340079],[77.464475,13.341094],[77.464486,13.342452],[77.464836,13.34279],[77.464867,13.346866],[77.463148,13.349591],[77.463169,13.352308],[77.464226,13.354002],[77.464244,13.356379],[77.464948,13.357395],[77.464953,13.358075],[77.464259,13.358417],[77.46428,13.361134],[77.464631,13.361473],[77.464719,13.373021],[77.465417,13.373357],[77.466111,13.373015],[77.466449,13.371655]]]}},{"type":"Feature","properties":{"histId":"ams-nd43-12-1955-0090","sheet":"ams-nd43-12-1955","year":1955,"scale":250000,"areaM2":381413,"name":null,"confidence":"high","source":"ams-nd43-12-1955"},"geometry":{"type":"Polygon","coordinates":[[[77.4509,13.340472],[77.450199,13.339796],[77.448802,13.339122],[77.44741,13.339128],[77.446026,13.340153],[77.446036,13.341512],[77.44709,13.342866],[77.447098,13.343885],[77.447451,13.344563],[77.448851,13.345576],[77.449894,13.345571],[77.451281,13.344886],[77.451969,13.343864],[77.452317,13.343863],[77.453354,13.342839],[77.453343,13.341481],[77.4509,13.340472]]]}},{"type":"Feature","properties":{"histId":"ams-nd43-12-1955-0091","sheet":"ams-nd43-12-1955","year":1955,"scale":250000,"areaM2":110591,"name":null,"confidence":"medium","source":"ams-nd43-12-1955"},"geometry":{"type":"Polygon","coordinates":[[[77.313105,13.341699],[77.311704,13.340345],[77.311701,13.340006],[77.310655,13.33967],[77.309616,13.340353],[77.309625,13.341712],[77.311377,13.343404],[77.312075,13.343741],[77.313114,13.343058],[77.313105,13.341699]]]}},{"type":"Feature","properties":{"histId":"ams-nd43-12-1955-0092","sheet":"ams-nd43-12-1955","year":1955,"scale":250000,"areaM2":52461,"name":null,"confidence":"low","source":"ams-nd43-12-1955"},"geometry":{"type":"Polygon","coordinates":[[[77.372944,13.339432],[77.371896,13.338757],[77.370857,13.339441],[77.370869,13.341139],[77.371567,13.341476],[77.372954,13.340791],[77.372944,13.339432]]]}},{"type":"Feature","properties":{"histId":"ams-nd43-12-1955-0093","sheet":"ams-nd43-12-1955","year":1955,"scale":250000,"areaM2":210554,"name":null,"confidence":"high","source":"ams-nd43-12-1955"},"geometry":{"type":"Polygon","coordinates":[[[77.406002,13.3393],[77.408776,13.33793],[77.40982,13.337926],[77.410513,13.337583],[77.410506,13.336564],[77.40841,13.335554],[77.405279,13.335567],[77.403892,13.336252],[77.403902,13.33761],[77.404956,13.338965],[77.406002,13.3393]]]}},{"type":"Feature","properties":{"histId":"ams-nd43-12-1955-0094","sheet":"ams-nd43-12-1955","year":1955,"scale":250000,"areaM2":58842,"name":null,"confidence":"low","source":"ams-nd43-12-1955"},"geometry":{"type":"Polygon","coordinates":[[[77.442168,13.336094],[77.440771,13.33542],[77.440077,13.335763],[77.439739,13.337123],[77.440441,13.337799],[77.441487,13.338134],[77.44218,13.337792],[77.442168,13.336094]]]}},{"type":"Feature","properties":{"histId":"ams-nd43-12-1955-0095","sheet":"ams-nd43-12-1955","year":1955,"scale":250000,"areaM2":114138,"name":null,"confidence":"medium","source":"ams-nd43-12-1955"},"geometry":{"type":"Polygon","coordinates":[[[77.383011,13.335996],[77.383361,13.336334],[77.384405,13.33633],[77.385792,13.335645],[77.385787,13.334966],[77.383692,13.333955],[77.381952,13.333962],[77.381259,13.334304],[77.380926,13.336344],[77.381624,13.336681],[77.383011,13.335996]]]}},{"type":"Feature","properties":{"histId":"ams-nd43-12-1955-0096","sheet":"ams-nd43-12-1955","year":1955,"scale":250000,"areaM2":92869,"name":null,"confidence":"medium","source":"ams-nd43-12-1955"},"geometry":{"type":"Polygon","coordinates":[[[77.356528,13.331005],[77.356521,13.329986],[77.355472,13.32931],[77.354085,13.329995],[77.35409,13.330674],[77.353399,13.331356],[77.353409,13.332715],[77.354107,13.333052],[77.355149,13.332708],[77.356528,13.331005]]]}},{"type":"Feature","properties":{"histId":"ams-nd43-12-1955-0097","sheet":"ams-nd43-12-1955","year":1955,"scale":250000,"areaM2":55294,"name":null,"confidence":"low","source":"ams-nd43-12-1955"},"geometry":{"type":"Polygon","coordinates":[[[77.220109,13.330137],[77.220104,13.329457],[77.21871,13.329122],[77.218016,13.329464],[77.216979,13.330487],[77.216983,13.331166],[77.21803,13.331502],[77.220109,13.330137]]]}},{"type":"Feature","properties":{"histId":"ams-nd43-12-1955-0098","sheet":"ams-nd43-12-1955","year":1955,"scale":250000,"areaM2":92163,"name":null,"confidence":"medium","source":"ams-nd43-12-1955"},"geometry":{"type":"Polygon","coordinates":[[[77.446957,13.325204],[77.448001,13.3252],[77.448699,13.325536],[77.450083,13.324512],[77.450431,13.32451],[77.450426,13.323831],[77.449728,13.323494],[77.447295,13.323844],[77.446944,13.323506],[77.446248,13.323509],[77.44521,13.324192],[77.445215,13.324872],[77.446264,13.325547],[77.446957,13.325204]]]}},{"type":"Feature","properties":{"histId":"ams-nd43-12-1955-0099","sheet":"ams-nd43-12-1955","year":1955,"scale":250000,"areaM2":135401,"name":null,"confidence":"medium","source":"ams-nd43-12-1955"},"geometry":{"type":"Polygon","coordinates":[[[77.266,13.323526],[77.265307,13.323868],[77.262859,13.322178],[77.26182,13.322861],[77.261827,13.32388],[77.262527,13.324557],[77.26532,13.325906],[77.26671,13.325561],[77.267399,13.32454],[77.267394,13.323861],[77.266,13.323526]]]}},{"type":"Feature","properties":{"histId":"ams-nd43-12-1955-0100","sheet":"ams-nd43-12-1955","year":1955,"scale":250000,"areaM2":60259,"name":null,"confidence":"low","source":"ams-nd43-12-1955"},"geometry":{"type":"Polygon","coordinates":[[[77.378038,13.322089],[77.37699,13.321414],[77.375948,13.321758],[77.375965,13.324135],[77.376664,13.324472],[77.378048,13.323448],[77.378038,13.322089]]]}},{"type":"Feature","properties":{"histId":"ams-nd43-12-1955-0101","sheet":"ams-nd43-12-1955","year":1955,"scale":250000,"areaM2":104210,"name":null,"confidence":"medium","source":"ams-nd43-12-1955"},"geometry":{"type":"Polygon","coordinates":[[[77.296949,13.320358],[77.296599,13.32002],[77.296594,13.31934],[77.295548,13.319005],[77.294854,13.319347],[77.294871,13.321724],[77.295221,13.322063],[77.295228,13.323082],[77.295581,13.32376],[77.296279,13.324097],[77.296973,13.323755],[77.296949,13.320358]]]}},{"type":"Feature","properties":{"histId":"ams-nd43-12-1955-0102","sheet":"ams-nd43-12-1955","year":1955,"scale":250000,"areaM2":107048,"name":null,"confidence":"medium","source":"ams-nd43-12-1955"},"geometry":{"type":"Polygon","coordinates":[[[77.382547,13.320033],[77.382892,13.319692],[77.38287,13.316635],[77.382172,13.316298],[77.381478,13.316641],[77.381135,13.317321],[77.381143,13.31834],[77.380454,13.319362],[77.380464,13.320721],[77.381513,13.321396],[77.382552,13.320712],[77.382547,13.320033]]]}},{"type":"Feature","properties":{"histId":"ams-nd43-12-1955-0103","sheet":"ams-nd43-12-1955","year":1955,"scale":250000,"areaM2":59547,"name":null,"confidence":"low","source":"ams-nd43-12-1955"},"geometry":{"type":"Polygon","coordinates":[[[77.217267,13.321314],[77.218306,13.320631],[77.218302,13.319952],[77.217253,13.319276],[77.216209,13.31928],[77.21517,13.319962],[77.215174,13.320642],[77.216223,13.321318],[77.217267,13.321314]]]}},{"type":"Feature","properties":{"histId":"ams-nd43-12-1955-0104","sheet":"ams-nd43-12-1955","year":1955,"scale":250000,"areaM2":802524,"name":null,"confidence":"high","source":"ams-nd43-12-1955"},"geometry":{"type":"Polygon","coordinates":[[[77.466764,13.321723],[77.465367,13.32105],[77.465351,13.319012],[77.465696,13.318671],[77.465686,13.317312],[77.464988,13.316976],[77.461856,13.316989],[77.460127,13.318355],[77.458738,13.318701],[77.456988,13.317349],[77.456985,13.31701],[77.455934,13.315995],[77.455926,13.314976],[77.45731,13.313951],[77.457305,13.313272],[77.455558,13.312261],[77.454862,13.312264],[77.453813,13.311589],[77.453117,13.311592],[77.452767,13.311253],[77.451723,13.311258],[77.450684,13.311942],[77.450692,13.312961],[77.451393,13.313637],[77.451395,13.313977],[77.452442,13.314312],[77.453844,13.315664],[77.453851,13.316683],[77.454555,13.317699],[77.454563,13.318718],[77.453527,13.319742],[77.453534,13.320761],[77.454233,13.321097],[77.459452,13.321075],[77.461184,13.320049],[77.46188,13.320046],[77.463975,13.321056],[77.464676,13.321732],[77.464681,13.322411],[77.465735,13.323766],[77.466782,13.324101],[77.467475,13.323758],[77.467465,13.322399],[77.466764,13.321723]]]}},{"type":"Feature","properties":{"histId":"ams-nd43-12-1955-0105","sheet":"ams-nd43-12-1955","year":1955,"scale":250000,"areaM2":163046,"name":null,"confidence":"high","source":"ams-nd43-12-1955"},"geometry":{"type":"Polygon","coordinates":[[[77.222482,13.320617],[77.224208,13.318574],[77.224902,13.318232],[77.227688,13.318562],[77.228728,13.317879],[77.228723,13.3172],[77.228371,13.316521],[77.227672,13.316184],[77.225933,13.31619],[77.223508,13.317897],[77.22316,13.317898],[77.222816,13.318578],[77.221775,13.318921],[77.221083,13.319603],[77.22109,13.320622],[77.221788,13.320959],[77.222482,13.320617]]]}},{"type":"Feature","properties":{"histId":"ams-nd43-12-1955-0106","sheet":"ams-nd43-12-1955","year":1955,"scale":250000,"areaM2":336743,"name":null,"confidence":"high","source":"ams-nd43-12-1955"},"geometry":{"type":"Polygon","coordinates":[[[77.409304,13.31517],[77.409994,13.314488],[77.411023,13.312446],[77.411018,13.311767],[77.409969,13.311092],[77.40858,13.311437],[77.407183,13.310763],[77.405454,13.312129],[77.405466,13.313827],[77.40617,13.314843],[77.406185,13.316881],[77.406538,13.317559],[77.407239,13.318236],[77.408285,13.318571],[77.409324,13.317888],[77.409304,13.31517]]]}},{"type":"Feature","properties":{"histId":"ams-nd43-12-1955-0107","sheet":"ams-nd43-12-1955","year":1955,"scale":250000,"areaM2":89327,"name":null,"confidence":"medium","source":"ams-nd43-12-1955"},"geometry":{"type":"Polygon","coordinates":[[[77.466707,13.314251],[77.4674,13.313908],[77.467389,13.31255],[77.465642,13.311538],[77.46391,13.312565],[77.463921,13.313923],[77.464619,13.31426],[77.466707,13.314251]]]}},{"type":"Feature","properties":{"histId":"ams-nd43-12-1955-0108","sheet":"ams-nd43-12-1955","year":1955,"scale":250000,"areaM2":321139,"name":null,"confidence":"high","source":"ams-nd43-12-1955"},"geometry":{"type":"Polygon","coordinates":[[[77.327191,13.315831],[77.32579,13.314477],[77.325782,13.313458],[77.326469,13.312097],[77.326462,13.311078],[77.324715,13.310066],[77.323671,13.310069],[77.32159,13.311096],[77.3216,13.312455],[77.321953,13.313133],[77.322301,13.313132],[77.323702,13.314485],[77.323704,13.314825],[77.325806,13.316855],[77.326853,13.317191],[77.327904,13.318206],[77.3293,13.31888],[77.329994,13.318538],[77.329987,13.317519],[77.327191,13.315831]]]}},{"type":"Feature","properties":{"histId":"ams-nd43-12-1955-0109","sheet":"ams-nd43-12-1955","year":1955,"scale":250000,"areaM2":316894,"name":null,"confidence":"high","source":"ams-nd43-12-1955"},"geometry":{"type":"Polygon","coordinates":[[[77.424938,13.312049],[77.424232,13.310693],[77.423183,13.310018],[77.422139,13.310023],[77.421789,13.309685],[77.420395,13.309351],[77.419694,13.308674],[77.419681,13.306976],[77.418282,13.305963],[77.417243,13.306646],[77.417251,13.307665],[77.418305,13.309019],[77.419351,13.309355],[77.420052,13.310031],[77.420412,13.311728],[77.421814,13.313081],[77.422878,13.315794],[77.423576,13.316131],[77.42427,13.315788],[77.424961,13.315106],[77.424938,13.312049]]]}},{"type":"Feature","properties":{"histId":"ams-nd43-12-1955-0110","sheet":"ams-nd43-12-1955","year":1955,"scale":250000,"areaM2":2832724,"name":null,"confidence":"high","source":"ams-nd43-12-1955"},"geometry":{"type":"Polygon","coordinates":[[[77.18029,13.307507],[77.180299,13.308865],[77.179607,13.309547],[77.179611,13.310226],[77.18031,13.310564],[77.181353,13.31056],[77.181699,13.31022],[77.182743,13.310216],[77.183437,13.309874],[77.184485,13.31055],[77.184492,13.31157],[77.18519,13.311907],[77.187278,13.3119],[77.187624,13.31156],[77.189372,13.312913],[77.189392,13.31597],[77.188705,13.317331],[77.188709,13.31801],[77.188363,13.318351],[77.188368,13.319031],[77.189771,13.320724],[77.190469,13.321062],[77.192557,13.321055],[77.195332,13.319688],[77.198812,13.319676],[77.2002,13.318992],[77.201931,13.317628],[77.203668,13.317283],[77.206095,13.315916],[77.207139,13.315912],[77.208179,13.31523],[77.209227,13.315906],[77.209243,13.318283],[77.209943,13.318961],[77.210641,13.319298],[77.212027,13.318274],[77.212011,13.315896],[77.211311,13.315219],[77.209566,13.314546],[77.208864,13.313529],[77.208859,13.31285],[77.209899,13.312167],[77.210597,13.312504],[77.211989,13.3125],[77.213028,13.311817],[77.213017,13.310118],[77.211967,13.309103],[77.211964,13.308763],[77.211266,13.308426],[77.210224,13.308769],[77.209533,13.30945],[77.209537,13.31013],[77.209192,13.310471],[77.209203,13.312169],[77.208163,13.312852],[77.207813,13.312513],[77.206769,13.312517],[77.206423,13.312858],[77.204683,13.312863],[77.203287,13.312188],[77.201188,13.310497],[77.198398,13.309487],[77.196995,13.307793],[77.196984,13.306094],[77.196286,13.305757],[77.195244,13.3061],[77.195246,13.30644],[77.193863,13.307803],[77.193169,13.308145],[77.191777,13.308149],[77.191079,13.307812],[77.189692,13.308496],[77.188996,13.308498],[77.18865,13.308839],[77.186562,13.308845],[77.186212,13.308507],[77.18482,13.308511],[77.184126,13.308853],[77.183078,13.308177],[77.183074,13.307498],[77.182023,13.306482],[77.182006,13.303764],[77.181308,13.303427],[77.180614,13.303769],[77.179231,13.305132],[77.17959,13.306829],[77.18029,13.307507]]]}},{"type":"Feature","properties":{"histId":"ams-nd43-12-1955-0111","sheet":"ams-nd43-12-1955","year":1955,"scale":250000,"areaM2":102083,"name":null,"confidence":"medium","source":"ams-nd43-12-1955"},"geometry":{"type":"Polygon","coordinates":[[[77.280896,13.313622],[77.281935,13.312939],[77.281928,13.31192],[77.280532,13.311246],[77.279836,13.311248],[77.279486,13.31091],[77.27879,13.310912],[77.27775,13.311595],[77.277757,13.312614],[77.279504,13.313627],[77.280896,13.313622]]]}},{"type":"Feature","properties":{"histId":"ams-nd43-12-1955-0112","sheet":"ams-nd43-12-1955","year":1955,"scale":250000,"areaM2":829468,"name":null,"confidence":"high","source":"ams-nd43-12-1955"},"geometry":{"type":"Polygon","coordinates":[[[77.47575,13.313872],[77.478196,13.31522],[77.479239,13.315216],[77.483399,13.31316],[77.483388,13.311801],[77.484079,13.311119],[77.484772,13.310776],[77.486164,13.31077],[77.486509,13.310429],[77.487205,13.310426],[77.488591,13.30974],[77.488586,13.309061],[77.487885,13.308385],[77.488207,13.304987],[77.487508,13.30465],[77.485429,13.305678],[77.483689,13.305686],[77.48264,13.305011],[77.481599,13.305355],[77.481254,13.305697],[77.481615,13.307393],[77.48127,13.307734],[77.481277,13.308753],[77.480249,13.310796],[77.478868,13.31216],[77.477827,13.312505],[77.477128,13.312168],[77.475726,13.310815],[77.474332,13.310482],[77.473639,13.310824],[77.472953,13.312186],[77.472959,13.312865],[77.474358,13.313878],[77.47575,13.313872]]]}},{"type":"Feature","properties":{"histId":"ams-nd43-12-1955-0113","sheet":"ams-nd43-12-1955","year":1955,"scale":250000,"areaM2":199911,"name":null,"confidence":"high","source":"ams-nd43-12-1955"},"geometry":{"type":"Polygon","coordinates":[[[77.266281,13.313674],[77.268717,13.313665],[77.270104,13.312981],[77.270098,13.311962],[77.269747,13.311624],[77.268353,13.311289],[77.268003,13.31095],[77.267307,13.310953],[77.266258,13.310277],[77.264171,13.310284],[77.263477,13.310627],[77.263488,13.312325],[77.266281,13.313674]]]}},{"type":"Feature","properties":{"histId":"ams-nd43-12-1955-0114","sheet":"ams-nd43-12-1955","year":1955,"scale":250000,"areaM2":162341,"name":null,"confidence":"high","source":"ams-nd43-12-1955"},"geometry":{"type":"Polygon","coordinates":[[[77.300027,13.312534],[77.302801,13.311165],[77.303492,13.310484],[77.303483,13.309125],[77.302434,13.308449],[77.30139,13.308453],[77.299658,13.309478],[77.299662,13.310158],[77.29828,13.311522],[77.298285,13.312201],[77.298983,13.312538],[77.300027,13.312534]]]}},{"type":"Feature","properties":{"histId":"ams-nd43-12-1955-0115","sheet":"ams-nd43-12-1955","year":1955,"scale":250000,"areaM2":342399,"name":null,"confidence":"high","source":"ams-nd43-12-1955"},"geometry":{"type":"Polygon","coordinates":[[[77.245742,13.312386],[77.246088,13.312045],[77.250959,13.312029],[77.251999,13.311346],[77.252338,13.309986],[77.251635,13.308969],[77.251628,13.30795],[77.250582,13.307614],[77.248157,13.309321],[77.245722,13.309329],[77.243295,13.310696],[77.241905,13.311041],[77.241912,13.31206],[77.24261,13.312397],[77.245742,13.312386]]]}},{"type":"Feature","properties":{"histId":"ams-nd43-12-1955-0116","sheet":"ams-nd43-12-1955","year":1955,"scale":250000,"areaM2":60256,"name":null,"confidence":"low","source":"ams-nd43-12-1955"},"geometry":{"type":"Polygon","coordinates":[[[77.234248,13.310727],[77.23529,13.310384],[77.235635,13.310043],[77.235631,13.309363],[77.234585,13.309027],[77.233197,13.309711],[77.232506,13.310393],[77.232158,13.310394],[77.232165,13.311413],[77.232863,13.311751],[77.234248,13.310727]]]}},{"type":"Feature","properties":{"histId":"ams-nd43-12-1955-0117","sheet":"ams-nd43-12-1955","year":1955,"scale":250000,"areaM2":226153,"name":null,"confidence":"high","source":"ams-nd43-12-1955"},"geometry":{"type":"Polygon","coordinates":[[[77.468392,13.307111],[77.46734,13.306096],[77.466634,13.304741],[77.465933,13.304064],[77.464539,13.303731],[77.4635,13.304415],[77.463508,13.305433],[77.464565,13.307127],[77.46458,13.309165],[77.464933,13.309843],[77.465632,13.31018],[77.468054,13.308471],[77.468392,13.307111]]]}},{"type":"Feature","properties":{"histId":"ams-nd43-12-1955-0118","sheet":"ams-nd43-12-1955","year":1955,"scale":250000,"areaM2":124771,"name":null,"confidence":"medium","source":"ams-nd43-12-1955"},"geometry":{"type":"Polygon","coordinates":[[[77.390786,13.304715],[77.387993,13.303368],[77.386951,13.303711],[77.386956,13.304391],[77.389407,13.306419],[77.38976,13.307097],[77.391156,13.307771],[77.39185,13.307428],[77.391842,13.306409],[77.390786,13.304715]]]}},{"type":"Feature","properties":{"histId":"ams-nd43-12-1955-0119","sheet":"ams-nd43-12-1955","year":1955,"scale":250000,"areaM2":356592,"name":null,"confidence":"high","source":"ams-nd43-12-1955"},"geometry":{"type":"Polygon","coordinates":[[[77.406823,13.309066],[77.408197,13.306683],[77.408888,13.306001],[77.408886,13.305661],[77.410267,13.304297],[77.410265,13.303957],[77.412337,13.301911],[77.41303,13.301568],[77.414074,13.301564],[77.415461,13.300879],[77.415456,13.3002],[77.41441,13.299864],[77.413008,13.298512],[77.413005,13.298172],[77.412307,13.297835],[77.411614,13.298178],[77.410938,13.300898],[77.409551,13.301583],[77.409554,13.301922],[77.408518,13.302945],[77.407148,13.306008],[77.404378,13.307718],[77.404383,13.308397],[77.405083,13.309073],[77.40613,13.309409],[77.406823,13.309066]]]}},{"type":"Feature","properties":{"histId":"ams-nd43-12-1955-0120","sheet":"ams-nd43-12-1955","year":1955,"scale":250000,"areaM2":191401,"name":null,"confidence":"high","source":"ams-nd43-12-1955"},"geometry":{"type":"Polygon","coordinates":[[[77.211949,13.306385],[77.211944,13.305706],[77.212982,13.304683],[77.215411,13.303656],[77.215054,13.302299],[77.214353,13.301622],[77.212959,13.301287],[77.212266,13.301629],[77.210537,13.303333],[77.210193,13.304013],[77.210209,13.306391],[77.211255,13.306727],[77.211949,13.306385]]]}},{"type":"Feature","properties":{"histId":"ams-nd43-12-1955-0121","sheet":"ams-nd43-12-1955","year":1955,"scale":250000,"areaM2":82232,"name":null,"confidence":"medium","source":"ams-nd43-12-1955"},"geometry":{"type":"Polygon","coordinates":[[[77.236977,13.302565],[77.236973,13.301886],[77.235924,13.30121],[77.234885,13.301893],[77.234892,13.302912],[77.233857,13.304274],[77.233862,13.304954],[77.23456,13.305291],[77.23629,13.303926],[77.236977,13.302565]]]}},{"type":"Feature","properties":{"histId":"ams-nd43-12-1955-0122","sheet":"ams-nd43-12-1955","year":1955,"scale":250000,"areaM2":306262,"name":null,"confidence":"high","source":"ams-nd43-12-1955"},"geometry":{"type":"Polygon","coordinates":[[[77.461024,13.298991],[77.459632,13.298996],[77.459287,13.299338],[77.455795,13.297654],[77.454408,13.298339],[77.454416,13.299358],[77.455117,13.300035],[77.455473,13.301052],[77.456519,13.301387],[77.458271,13.303078],[77.45897,13.303415],[77.460014,13.30341],[77.460707,13.303068],[77.461044,13.301708],[77.462078,13.300345],[77.462073,13.299665],[77.461024,13.298991]]]}},{"type":"Feature","properties":{"histId":"ams-nd43-12-1955-0123","sheet":"ams-nd43-12-1955","year":1955,"scale":250000,"areaM2":59549,"name":null,"confidence":"low","source":"ams-nd43-12-1955"},"geometry":{"type":"Polygon","coordinates":[[[77.317337,13.299903],[77.31594,13.299228],[77.315247,13.299571],[77.315258,13.301269],[77.316657,13.302283],[77.317351,13.301941],[77.317337,13.299903]]]}},{"type":"Feature","properties":{"histId":"ams-nd43-12-1955-0124","sheet":"ams-nd43-12-1955","year":1955,"scale":250000,"areaM2":199912,"name":null,"confidence":"high","source":"ams-nd43-12-1955"},"geometry":{"type":"Polygon","coordinates":[[[77.2902,13.300341],[77.292626,13.298974],[77.294363,13.298628],[77.29679,13.29726],[77.297481,13.296578],[77.297476,13.295899],[77.29643,13.295563],[77.293658,13.297272],[77.291225,13.29762],[77.290879,13.297961],[77.289835,13.297965],[77.288448,13.298649],[77.28811,13.300009],[77.288808,13.300346],[77.2902,13.300341]]]}},{"type":"Feature","properties":{"histId":"ams-nd43-12-1955-0125","sheet":"ams-nd43-12-1955","year":1955,"scale":250000,"areaM2":105631,"name":null,"confidence":"medium","source":"ams-nd43-12-1955"},"geometry":{"type":"Polygon","coordinates":[[[77.439766,13.294325],[77.438016,13.292974],[77.43697,13.292638],[77.436277,13.292981],[77.436285,13.294],[77.438037,13.295691],[77.438735,13.296028],[77.439779,13.296023],[77.440817,13.29534],[77.440812,13.29466],[77.439766,13.294325]]]}},{"type":"Feature","properties":{"histId":"ams-nd43-12-1955-0126","sheet":"ams-nd43-12-1955","year":1955,"scale":250000,"areaM2":154540,"name":null,"confidence":"high","source":"ams-nd43-12-1955"},"geometry":{"type":"Polygon","coordinates":[[[77.270996,13.290559],[77.272035,13.289876],[77.272374,13.288516],[77.271321,13.287161],[77.269927,13.286826],[77.269233,13.287168],[77.267851,13.288532],[77.26786,13.28989],[77.268908,13.290566],[77.270996,13.290559]]]}},{"type":"Feature","properties":{"histId":"ams-nd43-12-1955-0127","sheet":"ams-nd43-12-1955","year":1955,"scale":250000,"areaM2":464357,"name":null,"confidence":"high","source":"ams-nd43-12-1955"},"geometry":{"type":"Polygon","coordinates":[[[77.477305,13.28975],[77.478691,13.289065],[77.480417,13.287359],[77.481804,13.286673],[77.484587,13.286661],[77.48528,13.286319],[77.485968,13.285297],[77.485962,13.284617],[77.485612,13.284279],[77.485601,13.282921],[77.484553,13.282246],[77.483164,13.282592],[77.482818,13.282933],[77.481775,13.282937],[77.480726,13.282263],[77.480703,13.279206],[77.480004,13.278869],[77.479311,13.279212],[77.479345,13.283627],[77.479695,13.283965],[77.479708,13.285664],[77.479366,13.286344],[77.477639,13.28805],[77.476946,13.288393],[77.475207,13.2884],[77.474514,13.288743],[77.474519,13.289422],[77.475217,13.289759],[77.477305,13.28975]]]}},{"type":"Feature","properties":{"histId":"ams-nd43-12-1955-0128","sheet":"ams-nd43-12-1955","year":1955,"scale":250000,"areaM2":210555,"name":null,"confidence":"high","source":"ams-nd43-12-1955"},"geometry":{"type":"Polygon","coordinates":[[[77.472733,13.283316],[77.471684,13.282641],[77.469945,13.282649],[77.469594,13.282311],[77.468551,13.282315],[77.468205,13.282656],[77.466466,13.282664],[77.465773,13.283006],[77.465783,13.284365],[77.466829,13.2847],[77.468216,13.284015],[77.468914,13.284351],[77.470316,13.285704],[77.471713,13.286377],[77.473096,13.285352],[77.473086,13.283994],[77.472733,13.283316]]]}},{"type":"Feature","properties":{"histId":"ams-nd43-12-1955-0129","sheet":"ams-nd43-12-1955","year":1955,"scale":250000,"areaM2":303413,"name":null,"confidence":"high","source":"ams-nd43-12-1955"},"geometry":{"type":"Polygon","coordinates":[[[77.319334,13.286987],[77.318633,13.286311],[77.318619,13.284273],[77.319653,13.28291],[77.319639,13.280872],[77.318243,13.280198],[77.316853,13.280543],[77.31651,13.281223],[77.316524,13.283261],[77.316875,13.2836],[77.316882,13.284619],[77.316536,13.28496],[77.316541,13.285639],[77.315855,13.287],[77.31482,13.288363],[77.314825,13.289042],[77.315874,13.289718],[77.319341,13.288006],[77.319334,13.286987]]]}},{"type":"Feature","properties":{"histId":"ams-nd43-12-1955-0130","sheet":"ams-nd43-12-1955","year":1955,"scale":250000,"areaM2":177938,"name":null,"confidence":"high","source":"ams-nd43-12-1955"},"geometry":{"type":"Polygon","coordinates":[[[77.363484,13.282065],[77.362441,13.282069],[77.361044,13.281395],[77.359288,13.279024],[77.358589,13.278687],[77.357896,13.279029],[77.357915,13.281746],[77.358966,13.282761],[77.359665,13.283098],[77.361404,13.283092],[77.361754,13.28343],[77.363146,13.283425],[77.363496,13.283763],[77.364538,13.283419],[77.364533,13.28274],[77.363484,13.282065]]]}},{"type":"Feature","properties":{"histId":"ams-nd43-12-1955-0131","sheet":"ams-nd43-12-1955","year":1955,"scale":250000,"areaM2":155960,"name":null,"confidence":"high","source":"ams-nd43-12-1955"},"geometry":{"type":"Polygon","coordinates":[[[77.310939,13.280564],[77.310243,13.280567],[77.309195,13.279891],[77.308499,13.279894],[77.307114,13.280918],[77.307124,13.282277],[77.307822,13.282614],[77.309214,13.282609],[77.31061,13.283283],[77.311654,13.283279],[77.312004,13.283618],[77.312697,13.283275],[77.312338,13.281578],[77.310939,13.280564]]]}},{"type":"Feature","properties":{"histId":"ams-nd43-12-1955-0132","sheet":"ams-nd43-12-1955","year":1955,"scale":250000,"areaM2":89321,"name":null,"confidence":"medium","source":"ams-nd43-12-1955"},"geometry":{"type":"Polygon","coordinates":[[[77.254231,13.281106],[77.253528,13.280089],[77.25283,13.279752],[77.251445,13.280776],[77.251455,13.282134],[77.252155,13.282811],[77.252157,13.283151],[77.252855,13.283488],[77.25424,13.282465],[77.254231,13.281106]]]}},{"type":"Feature","properties":{"histId":"ams-nd43-12-1955-0133","sheet":"ams-nd43-12-1955","year":1955,"scale":250000,"areaM2":297729,"name":null,"confidence":"high","source":"ams-nd43-12-1955"},"geometry":{"type":"Polygon","coordinates":[[[77.169014,13.285462],[77.168662,13.284783],[77.167964,13.284446],[77.167951,13.282408],[77.168988,13.281385],[77.17003,13.281042],[77.172126,13.282395],[77.173168,13.282052],[77.173157,13.280353],[77.171408,13.279],[77.171063,13.279341],[77.169323,13.279346],[77.167242,13.280372],[77.165502,13.280377],[77.164808,13.280719],[77.164817,13.282078],[77.166567,13.283771],[77.167266,13.284108],[77.167281,13.286486],[77.167979,13.286824],[77.16902,13.286481],[77.169014,13.285462]]]}},{"type":"Feature","properties":{"histId":"ams-nd43-12-1955-0134","sheet":"ams-nd43-12-1955","year":1955,"scale":250000,"areaM2":235359,"name":null,"confidence":"high","source":"ams-nd43-12-1955"},"geometry":{"type":"Polygon","coordinates":[[[77.343656,13.28248],[77.34435,13.282138],[77.345729,13.280434],[77.345712,13.278057],[77.345014,13.27772],[77.34397,13.277724],[77.342932,13.278407],[77.341192,13.278414],[77.340499,13.278756],[77.340511,13.280454],[77.341214,13.281471],[77.341219,13.28215],[77.341917,13.282487],[77.343656,13.28248]]]}},{"type":"Feature","properties":{"histId":"ams-nd43-12-1955-0135","sheet":"ams-nd43-12-1955","year":1955,"scale":250000,"areaM2":325397,"name":null,"confidence":"high","source":"ams-nd43-12-1955"},"geometry":{"type":"Polygon","coordinates":[[[77.403119,13.278511],[77.403469,13.27885],[77.405557,13.278841],[77.40625,13.278499],[77.40624,13.27714],[77.405892,13.277141],[77.405191,13.276465],[77.405174,13.274087],[77.404823,13.273749],[77.403777,13.273414],[77.403432,13.273755],[77.403082,13.273416],[77.401004,13.274783],[77.400309,13.274786],[77.399963,13.275127],[77.399613,13.274789],[77.399633,13.277506],[77.400336,13.278522],[77.401034,13.278859],[77.403119,13.278511]]]}},{"type":"Feature","properties":{"histId":"ams-nd43-12-1955-0136","sheet":"ams-nd43-12-1955","year":1955,"scale":250000,"areaM2":68762,"name":null,"confidence":"low","source":"ams-nd43-12-1955"},"geometry":{"type":"Polygon","coordinates":[[[77.222902,13.278834],[77.223248,13.278493],[77.223237,13.276795],[77.222191,13.276459],[77.220458,13.277483],[77.220464,13.278502],[77.221513,13.279178],[77.222902,13.278834]]]}},{"type":"Feature","properties":{"histId":"ams-nd43-12-1955-0137","sheet":"ams-nd43-12-1955","year":1955,"scale":250000,"areaM2":99246,"name":null,"confidence":"medium","source":"ams-nd43-12-1955"},"geometry":{"type":"Polygon","coordinates":[[[77.295955,13.277222],[77.295948,13.276203],[77.295245,13.275187],[77.294547,13.274849],[77.293854,13.275192],[77.292472,13.276555],[77.292476,13.277235],[77.293525,13.27791],[77.294919,13.278245],[77.295612,13.277903],[77.295955,13.277222]]]}},{"type":"Feature","properties":{"histId":"ams-nd43-12-1955-0138","sheet":"ams-nd43-12-1955","year":1955,"scale":250000,"areaM2":119102,"name":null,"confidence":"medium","source":"ams-nd43-12-1955"},"geometry":{"type":"Polygon","coordinates":[[[77.492153,13.27542],[77.489697,13.272713],[77.488999,13.272377],[77.488306,13.272719],[77.488314,13.273738],[77.489017,13.274754],[77.489025,13.275773],[77.490775,13.277124],[77.492158,13.276099],[77.492153,13.27542]]]}},{"type":"Feature","properties":{"histId":"ams-nd43-12-1955-0139","sheet":"ams-nd43-12-1955","year":1955,"scale":250000,"areaM2":1835417,"name":null,"confidence":"high","source":"ams-nd43-12-1955"},"geometry":{"type":"Polygon","coordinates":[[[77.432384,13.284166],[77.430289,13.283156],[77.427486,13.28045],[77.425741,13.279778],[77.425038,13.278762],[77.425028,13.277403],[77.4271,13.275357],[77.427786,13.273995],[77.429167,13.272631],[77.42986,13.272288],[77.430906,13.272624],[77.433359,13.274991],[77.434057,13.275328],[77.435096,13.274644],[77.435091,13.273965],[77.433689,13.272612],[77.430896,13.271265],[77.430543,13.270587],[77.430195,13.270588],[77.429495,13.269912],[77.429492,13.269572],[77.428438,13.268218],[77.427044,13.267884],[77.426699,13.268225],[77.426349,13.267887],[77.424955,13.267553],[77.424254,13.266877],[77.423893,13.26518],[77.422845,13.264505],[77.421806,13.265188],[77.421111,13.265191],[77.420765,13.265532],[77.419376,13.265878],[77.419384,13.266897],[77.421476,13.267567],[77.422527,13.268582],[77.422537,13.269941],[77.421158,13.271645],[77.421161,13.271984],[77.418401,13.275053],[77.417014,13.275738],[77.415623,13.275743],[77.413876,13.274731],[77.412136,13.274738],[77.411443,13.275081],[77.411448,13.27576],[77.412845,13.276434],[77.414236,13.276428],[77.417029,13.277776],[77.418433,13.279468],[77.418441,13.280487],[77.419139,13.280824],[77.42018,13.28048],[77.421564,13.279455],[77.423652,13.279447],[77.425048,13.28012],[77.426457,13.282492],[77.426465,13.283511],[77.425777,13.284533],[77.425787,13.285892],[77.426836,13.286567],[77.427879,13.286562],[77.428225,13.286221],[77.429268,13.286217],[77.429614,13.285876],[77.431005,13.28587],[77.432392,13.285185],[77.432384,13.284166]]]}},{"type":"Feature","properties":{"histId":"ams-nd43-12-1955-0140","sheet":"ams-nd43-12-1955","year":1955,"scale":250000,"areaM2":149586,"name":null,"confidence":"medium","source":"ams-nd43-12-1955"},"geometry":{"type":"Polygon","coordinates":[[[77.465353,13.273498],[77.463951,13.272145],[77.463598,13.271467],[77.462552,13.271132],[77.461858,13.271475],[77.461526,13.273514],[77.46293,13.275206],[77.463629,13.275543],[77.463974,13.275202],[77.465018,13.275197],[77.465368,13.275536],[77.466061,13.275193],[77.466051,13.273834],[77.465353,13.273498]]]}},{"type":"Feature","properties":{"histId":"ams-nd43-12-1955-0141","sheet":"ams-nd43-12-1955","year":1955,"scale":250000,"areaM2":55296,"name":null,"confidence":"low","source":"ams-nd43-12-1955"},"geometry":{"type":"Polygon","coordinates":[[[77.397856,13.272418],[77.396462,13.272084],[77.395769,13.272427],[77.395774,13.273106],[77.396124,13.273444],[77.398219,13.274455],[77.398564,13.274114],[77.398915,13.274452],[77.398907,13.273433],[77.397856,13.272418]]]}},{"type":"Feature","properties":{"histId":"ams-nd43-12-1955-0142","sheet":"ams-nd43-12-1955","year":1955,"scale":250000,"areaM2":331066,"name":null,"confidence":"high","source":"ams-nd43-12-1955"},"geometry":{"type":"Polygon","coordinates":[[[77.386388,13.274162],[77.386734,13.273821],[77.387777,13.273817],[77.388826,13.274492],[77.389519,13.27415],[77.38987,13.274488],[77.392305,13.274479],[77.392998,13.274136],[77.392993,13.273457],[77.390898,13.272446],[77.390198,13.27177],[77.390193,13.27109],[77.390884,13.270408],[77.390879,13.269729],[77.390526,13.269051],[77.38948,13.268715],[77.389134,13.269057],[77.387745,13.269402],[77.386364,13.270766],[77.386023,13.271786],[77.384294,13.273152],[77.384299,13.273831],[77.384997,13.274168],[77.386388,13.274162]]]}},{"type":"Feature","properties":{"histId":"ams-nd43-12-1955-0143","sheet":"ams-nd43-12-1955","year":1955,"scale":250000,"areaM2":180055,"name":null,"confidence":"high","source":"ams-nd43-12-1955"},"geometry":{"type":"Polygon","coordinates":[[[77.178341,13.274902],[77.179035,13.27456],[77.179026,13.273201],[77.180409,13.271838],[77.181796,13.271154],[77.18179,13.270135],[77.181092,13.269798],[77.180048,13.269801],[77.179354,13.270143],[77.178319,13.271505],[77.177971,13.271506],[77.175895,13.273211],[77.175547,13.273212],[77.175553,13.274231],[77.176601,13.274907],[77.178341,13.274902]]]}},{"type":"Feature","properties":{"histId":"ams-nd43-12-1955-0144","sheet":"ams-nd43-12-1955","year":1955,"scale":250000,"areaM2":105632,"name":null,"confidence":"medium","source":"ams-nd43-12-1955"},"geometry":{"type":"Polygon","coordinates":[[[77.469143,13.268726],[77.467398,13.268054],[77.466695,13.267038],[77.465997,13.266702],[77.464956,13.267046],[77.464963,13.268065],[77.466708,13.268737],[77.467409,13.269413],[77.467762,13.270091],[77.467769,13.27111],[77.468468,13.271446],[77.469506,13.270763],[77.469496,13.269404],[77.469143,13.268726]]]}},{"type":"Feature","properties":{"histId":"ams-nd43-12-1955-0145","sheet":"ams-nd43-12-1955","year":1955,"scale":250000,"areaM2":275763,"name":null,"confidence":"high","source":"ams-nd43-12-1955"},"geometry":{"type":"Polygon","coordinates":[[[77.296614,13.271785],[77.298341,13.27008],[77.298332,13.268722],[77.299023,13.26804],[77.299016,13.267021],[77.297968,13.266345],[77.296228,13.266351],[77.294841,13.267036],[77.293461,13.268739],[77.293469,13.269758],[77.293821,13.270436],[77.294522,13.271113],[77.294876,13.272131],[77.295575,13.272468],[77.296616,13.272125],[77.296614,13.271785]]]}},{"type":"Feature","properties":{"histId":"ams-nd43-12-1955-0146","sheet":"ams-nd43-12-1955","year":1955,"scale":250000,"areaM2":271521,"name":null,"confidence":"high","source":"ams-nd43-12-1955"},"geometry":{"type":"Polygon","coordinates":[[[77.45451,13.265732],[77.453464,13.265396],[77.452425,13.26608],[77.450686,13.266087],[77.448589,13.264738],[77.447895,13.26508],[77.447903,13.266099],[77.448604,13.266775],[77.451397,13.268122],[77.45385,13.27049],[77.454896,13.270825],[77.455589,13.270482],[77.455564,13.267086],[77.45451,13.265732]]]}},{"type":"Feature","properties":{"histId":"ams-nd43-12-1955-0147","sheet":"ams-nd43-12-1955","year":1955,"scale":250000,"areaM2":73016,"name":null,"confidence":"low","source":"ams-nd43-12-1955"},"geometry":{"type":"Polygon","coordinates":[[[77.251015,13.268548],[77.252405,13.268204],[77.252403,13.267864],[77.253094,13.267183],[77.253787,13.266841],[77.254137,13.267179],[77.254831,13.266837],[77.254824,13.265818],[77.254126,13.265481],[77.252739,13.266165],[77.252741,13.266504],[77.25205,13.267186],[77.249619,13.267874],[77.249624,13.268553],[77.25067,13.268889],[77.251015,13.268548]]]}},{"type":"Feature","properties":{"histId":"ams-nd43-12-1955-0148","sheet":"ams-nd43-12-1955","year":1955,"scale":250000,"areaM2":230387,"name":null,"confidence":"high","source":"ams-nd43-12-1955"},"geometry":{"type":"Polygon","coordinates":[[[77.213091,13.268336],[77.213078,13.266298],[77.212373,13.264941],[77.211675,13.264604],[77.209936,13.26461],[77.20854,13.263935],[77.207846,13.264277],[77.207853,13.265296],[77.210306,13.268005],[77.210308,13.268345],[77.211361,13.2697],[77.212754,13.270036],[77.213448,13.269694],[77.213441,13.268675],[77.213091,13.268336]]]}},{"type":"Feature","properties":{"histId":"ams-nd43-12-1955-0149","sheet":"ams-nd43-12-1955","year":1955,"scale":250000,"areaM2":76564,"name":null,"confidence":"medium","source":"ams-nd43-12-1955"},"geometry":{"type":"Polygon","coordinates":[[[77.42805,13.262785],[77.428736,13.261424],[77.428728,13.260405],[77.42803,13.260068],[77.427337,13.26041],[77.426651,13.261772],[77.425615,13.262795],[77.42562,13.263474],[77.426666,13.26381],[77.42805,13.262785]]]}},{"type":"Feature","properties":{"histId":"ams-nd43-12-1955-0150","sheet":"ams-nd43-12-1955","year":1955,"scale":250000,"areaM2":97119,"name":null,"confidence":"medium","source":"ams-nd43-12-1955"},"geometry":{"type":"Polygon","coordinates":[[[77.295142,13.260241],[77.292714,13.261269],[77.293072,13.262626],[77.29377,13.262963],[77.294813,13.26296],[77.295511,13.263297],[77.29655,13.262614],[77.296541,13.261255],[77.295142,13.260241]]]}},{"type":"Feature","properties":{"histId":"ams-nd43-12-1955-0151","sheet":"ams-nd43-12-1955","year":1955,"scale":250000,"areaM2":197781,"name":null,"confidence":"high","source":"ams-nd43-12-1955"},"geometry":{"type":"Polygon","coordinates":[[[77.262789,13.260355],[77.260695,13.259344],[77.258955,13.25935],[77.257916,13.260033],[77.257923,13.261052],[77.260374,13.263421],[77.261768,13.263756],[77.263153,13.262732],[77.263142,13.261034],[77.262789,13.260355]]]}},{"type":"Feature","properties":{"histId":"ams-nd43-12-1955-0152","sheet":"ams-nd43-12-1955","year":1955,"scale":250000,"areaM2":250944,"name":null,"confidence":"high","source":"ams-nd43-12-1955"},"geometry":{"type":"Polygon","coordinates":[[[77.202623,13.263614],[77.20401,13.262931],[77.205393,13.261567],[77.205388,13.260888],[77.204343,13.260552],[77.203997,13.260892],[77.203301,13.260895],[77.201207,13.259882],[77.198772,13.25989],[77.197387,13.260914],[77.197393,13.261933],[77.200883,13.26362],[77.202623,13.263614]]]}},{"type":"Feature","properties":{"histId":"ams-nd43-12-1955-0153","sheet":"ams-nd43-12-1955","year":1955,"scale":250000,"areaM2":80103,"name":null,"confidence":"medium","source":"ams-nd43-12-1955"},"geometry":{"type":"Polygon","coordinates":[[[77.165744,13.263731],[77.167127,13.262368],[77.167467,13.261008],[77.16816,13.260666],[77.168156,13.259987],[77.167458,13.259649],[77.166764,13.259991],[77.166769,13.260671],[77.166075,13.261012],[77.166077,13.261352],[77.164348,13.263056],[77.164353,13.263735],[77.165051,13.264073],[77.165744,13.263731]]]}},{"type":"Feature","properties":{"histId":"ams-nd43-12-1955-0154","sheet":"ams-nd43-12-1955","year":1955,"scale":250000,"areaM2":59546,"name":null,"confidence":"low","source":"ams-nd43-12-1955"},"geometry":{"type":"Polygon","coordinates":[[[77.234219,13.253999],[77.232825,13.253664],[77.232132,13.254006],[77.232138,13.255025],[77.232839,13.255702],[77.234233,13.256037],[77.234926,13.255695],[77.234919,13.254676],[77.234219,13.253999]]]}},{"type":"Feature","properties":{"histId":"ams-nd43-12-1955-0155","sheet":"ams-nd43-12-1955","year":1955,"scale":250000,"areaM2":111301,"name":null,"confidence":"medium","source":"ams-nd43-12-1955"},"geometry":{"type":"Polygon","coordinates":[[[77.434238,13.252909],[77.434217,13.250192],[77.433519,13.249855],[77.432478,13.250199],[77.431445,13.251562],[77.431808,13.253599],[77.432857,13.254274],[77.433895,13.25359],[77.434238,13.252909]]]}},{"type":"Feature","properties":{"histId":"ams-nd43-12-1955-0156","sheet":"ams-nd43-12-1955","year":1955,"scale":250000,"areaM2":126183,"name":null,"confidence":"medium","source":"ams-nd43-12-1955"},"geometry":{"type":"Polygon","coordinates":[[[77.265886,13.255249],[77.267959,13.253204],[77.267954,13.252525],[77.266208,13.251512],[77.265167,13.251855],[77.26413,13.252878],[77.264146,13.255255],[77.265192,13.255591],[77.265886,13.255249]]]}},{"type":"Feature","properties":{"histId":"ams-nd43-12-1955-0157","sheet":"ams-nd43-12-1955","year":1955,"scale":250000,"areaM2":63093,"name":null,"confidence":"low","source":"ams-nd43-12-1955"},"geometry":{"type":"Polygon","coordinates":[[[77.366383,13.249785],[77.36603,13.249107],[77.365332,13.24877],[77.364294,13.249453],[77.364299,13.250132],[77.364649,13.250471],[77.364656,13.25149],[77.365705,13.252165],[77.366398,13.251823],[77.366383,13.249785]]]}},{"type":"Feature","properties":{"histId":"ams-nd43-12-1955-0158","sheet":"ams-nd43-12-1955","year":1955,"scale":250000,"areaM2":398404,"name":null,"confidence":"high","source":"ams-nd43-12-1955"},"geometry":{"type":"Polygon","coordinates":[[[77.324312,13.252661],[77.3243,13.250963],[77.324645,13.250622],[77.324641,13.249943],[77.32394,13.249266],[77.322894,13.24893],[77.322201,13.249273],[77.321858,13.249953],[77.320817,13.250297],[77.319068,13.248944],[77.316275,13.247596],[77.314188,13.247604],[77.313838,13.247265],[77.313142,13.247268],[77.312449,13.24761],[77.312456,13.248629],[77.314553,13.24998],[77.315596,13.249976],[77.318739,13.251663],[77.320478,13.251657],[77.321527,13.252332],[77.321879,13.25301],[77.323973,13.254021],[77.324667,13.253679],[77.324662,13.253],[77.324312,13.252661]]]}},{"type":"Feature","properties":{"histId":"ams-nd43-12-1955-0159","sheet":"ams-nd43-12-1955","year":1955,"scale":250000,"areaM2":54587,"name":null,"confidence":"low","source":"ams-nd43-12-1955"},"geometry":{"type":"Polygon","coordinates":[[[77.391066,13.24765],[77.390367,13.247313],[77.389326,13.247657],[77.389344,13.250034],[77.390042,13.250371],[77.39108,13.249688],[77.391066,13.24765]]]}},{"type":"Feature","properties":{"histId":"ams-nd43-12-1955-0160","sheet":"ams-nd43-12-1955","year":1955,"scale":250000,"areaM2":764190,"name":null,"confidence":"high","source":"ams-nd43-12-1955"},"geometry":{"type":"Polygon","coordinates":[[[77.283959,13.252808],[77.285357,13.253822],[77.286396,13.253139],[77.286394,13.252799],[77.287776,13.251436],[77.287762,13.249398],[77.288451,13.248376],[77.289144,13.248034],[77.290193,13.24871],[77.290538,13.248369],[77.291582,13.248365],[77.291932,13.248703],[77.292628,13.248701],[77.294012,13.247677],[77.294005,13.246658],[77.294351,13.246317],[77.294339,13.244619],[77.293987,13.24394],[77.293288,13.243603],[77.289464,13.243957],[77.287734,13.245322],[77.287737,13.245661],[77.286702,13.247024],[77.285316,13.247708],[77.28462,13.24771],[77.284274,13.248051],[77.283579,13.248054],[77.283233,13.248395],[77.282537,13.248397],[77.279764,13.249766],[77.279773,13.251124],[77.282565,13.252473],[77.283959,13.252808]]]}},{"type":"Feature","properties":{"histId":"ams-nd43-12-1955-0161","sheet":"ams-nd43-12-1955","year":1955,"scale":250000,"areaM2":248831,"name":null,"confidence":"high","source":"ams-nd43-12-1955"},"geometry":{"type":"Polygon","coordinates":[[[77.407777,13.249621],[77.407769,13.248602],[77.407419,13.248264],[77.407404,13.246226],[77.408092,13.245204],[77.408077,13.243166],[77.407379,13.242829],[77.404944,13.242839],[77.404251,13.243181],[77.404258,13.2442],[77.404606,13.244199],[77.405657,13.245214],[77.40567,13.246912],[77.404298,13.249635],[77.404303,13.250314],[77.405002,13.250651],[77.406738,13.250304],[77.407777,13.249621]]]}},{"type":"Feature","properties":{"histId":"ams-nd43-12-1955-0162","sheet":"ams-nd43-12-1955","year":1955,"scale":250000,"areaM2":53168,"name":null,"confidence":"low","source":"ams-nd43-12-1955"},"geometry":{"type":"Polygon","coordinates":[[[77.346522,13.245105],[77.345824,13.244768],[77.34513,13.245111],[77.345138,13.24613],[77.345841,13.247146],[77.346887,13.247482],[77.34758,13.247139],[77.347222,13.245782],[77.346522,13.245105]]]}},{"type":"Feature","properties":{"histId":"ams-nd43-12-1955-0163","sheet":"ams-nd43-12-1955","year":1955,"scale":250000,"areaM2":58131,"name":null,"confidence":"low","source":"ams-nd43-12-1955"},"geometry":{"type":"Polygon","coordinates":[[[77.382347,13.244627],[77.381649,13.24429],[77.380611,13.244974],[77.380268,13.245654],[77.380275,13.246673],[77.381323,13.247349],[77.382362,13.246665],[77.382347,13.244627]]]}},{"type":"Feature","properties":{"histId":"ams-nd43-12-1955-0164","sheet":"ams-nd43-12-1955","year":1955,"scale":250000,"areaM2":53878,"name":null,"confidence":"low","source":"ams-nd43-12-1955"},"geometry":{"type":"Polygon","coordinates":[[[77.445302,13.244032],[77.444604,13.243695],[77.443218,13.244381],[77.44323,13.246079],[77.443929,13.246415],[77.445315,13.24573],[77.445302,13.244032]]]}},{"type":"Feature","properties":{"histId":"ams-nd43-12-1955-0165","sheet":"ams-nd43-12-1955","year":1955,"scale":250000,"areaM2":472858,"name":null,"confidence":"high","source":"ams-nd43-12-1955"},"geometry":{"type":"Polygon","coordinates":[[[77.467594,13.248014],[77.468975,13.246649],[77.470361,13.245964],[77.47035,13.244606],[77.468248,13.242577],[77.468245,13.242237],[77.466841,13.240545],[77.465447,13.240211],[77.464754,13.240554],[77.464417,13.241914],[77.463386,13.243616],[77.463399,13.245314],[77.464102,13.24633],[77.46445,13.246329],[77.465151,13.247005],[77.465172,13.249722],[77.46587,13.250059],[77.466908,13.249375],[77.467594,13.248014]]]}},{"type":"Feature","properties":{"histId":"ams-nd43-12-1955-0166","sheet":"ams-nd43-12-1955","year":1955,"scale":250000,"areaM2":224721,"name":null,"confidence":"high","source":"ams-nd43-12-1955"},"geometry":{"type":"Polygon","coordinates":[[[77.303043,13.245606],[77.301639,13.243913],[77.301637,13.243573],[77.300939,13.243236],[77.300246,13.243578],[77.298506,13.243585],[77.298156,13.243246],[77.29746,13.243249],[77.296422,13.243932],[77.296429,13.244951],[77.296779,13.245289],[77.297825,13.245625],[77.29817,13.245284],[77.298866,13.245282],[77.299564,13.245619],[77.300967,13.247312],[77.301665,13.247649],[77.303405,13.247643],[77.304098,13.247301],[77.304088,13.245942],[77.303043,13.245606]]]}},{"type":"Feature","properties":{"histId":"ams-nd43-12-1955-0167","sheet":"ams-nd43-12-1955","year":1955,"scale":250000,"areaM2":191413,"name":null,"confidence":"high","source":"ams-nd43-12-1955"},"geometry":{"type":"Polygon","coordinates":[[[77.495061,13.246537],[77.49505,13.245178],[77.4947,13.24484],[77.494695,13.244161],[77.495733,13.243477],[77.496073,13.242456],[77.497108,13.241433],[77.497103,13.240753],[77.496405,13.240417],[77.495709,13.24042],[77.495364,13.240761],[77.493973,13.240767],[77.492587,13.241453],[77.492597,13.242811],[77.494347,13.244162],[77.494352,13.244841],[77.493659,13.245184],[77.492974,13.246546],[77.492982,13.247565],[77.49368,13.247901],[77.494718,13.247217],[77.495061,13.246537]]]}},{"type":"Feature","properties":{"histId":"ams-nd43-12-1955-0168","sheet":"ams-nd43-12-1955","year":1955,"scale":250000,"areaM2":243867,"name":null,"confidence":"high","source":"ams-nd43-12-1955"},"geometry":{"type":"Polygon","coordinates":[[[77.394179,13.24526],[77.394872,13.244917],[77.39485,13.24186],[77.395888,13.241177],[77.396584,13.241174],[77.39798,13.241848],[77.399379,13.242861],[77.40042,13.242517],[77.400412,13.241499],[77.398661,13.239807],[77.397963,13.23947],[77.396571,13.239476],[77.395533,13.240159],[77.394489,13.240163],[77.393791,13.239827],[77.391712,13.240854],[77.392064,13.241532],[77.393466,13.242885],[77.393481,13.244923],[77.394179,13.24526]]]}},{"type":"Feature","properties":{"histId":"ams-nd43-12-1955-0169","sheet":"ams-nd43-12-1955","year":1955,"scale":250000,"areaM2":173684,"name":null,"confidence":"high","source":"ams-nd43-12-1955"},"geometry":{"type":"Polygon","coordinates":[[[77.388214,13.23815],[77.386119,13.23714],[77.385078,13.237483],[77.385083,13.238163],[77.386134,13.239178],[77.386141,13.240197],[77.386844,13.241213],[77.387543,13.24155],[77.388586,13.241546],[77.388931,13.241205],[77.389975,13.2412],[77.391014,13.240517],[77.391712,13.240854],[77.390663,13.240179],[77.390658,13.239499],[77.388914,13.238827],[77.388214,13.23815]]]}},{"type":"Feature","properties":{"histId":"ams-nd43-12-1955-0170","sheet":"ams-nd43-12-1955","year":1955,"scale":250000,"areaM2":574200,"name":null,"confidence":"high","source":"ams-nd43-12-1955"},"geometry":{"type":"Polygon","coordinates":[[[77.261583,13.236242],[77.260885,13.235905],[77.260539,13.236246],[77.25706,13.236258],[77.256367,13.2366],[77.256024,13.23728],[77.256028,13.23796],[77.257429,13.239313],[77.257784,13.240331],[77.258834,13.241347],[77.259539,13.242703],[77.260239,13.24338],[77.260246,13.244399],[77.261294,13.245075],[77.262336,13.244731],[77.26232,13.242354],[77.263359,13.241671],[77.264402,13.241667],[77.2651,13.242004],[77.266139,13.241321],[77.266132,13.240302],[77.261583,13.236242]]]}},{"type":"Feature","properties":{"histId":"ams-nd43-12-1955-0171","sheet":"ams-nd43-12-1955","year":1955,"scale":250000,"areaM2":258756,"name":null,"confidence":"high","source":"ams-nd43-12-1955"},"geometry":{"type":"Polygon","coordinates":[[[77.410149,13.24112],[77.41153,13.239755],[77.412571,13.239412],[77.412211,13.237715],[77.413595,13.23669],[77.414293,13.237027],[77.414986,13.236684],[77.414978,13.235666],[77.413585,13.235331],[77.412536,13.234656],[77.411495,13.235],[77.409769,13.236706],[77.409428,13.237726],[77.408392,13.238749],[77.40841,13.241127],[77.409456,13.241462],[77.410149,13.24112]]]}},{"type":"Feature","properties":{"histId":"ams-nd43-12-1955-0172","sheet":"ams-nd43-12-1955","year":1955,"scale":250000,"areaM2":246700,"name":null,"confidence":"high","source":"ams-nd43-12-1955"},"geometry":{"type":"Polygon","coordinates":[[[77.361051,13.233841],[77.358964,13.233849],[77.358266,13.233512],[77.357921,13.233853],[77.35757,13.233514],[77.356875,13.233517],[77.356181,13.233859],[77.356201,13.236577],[77.3576,13.23759],[77.358295,13.237588],[77.359691,13.238262],[77.361075,13.237237],[77.361414,13.235877],[77.362104,13.235195],[77.362099,13.234516],[77.361051,13.233841]]]}},{"type":"Feature","properties":{"histId":"ams-nd43-12-1955-0173","sheet":"ams-nd43-12-1955","year":1955,"scale":250000,"areaM2":266548,"name":null,"confidence":"high","source":"ams-nd43-12-1955"},"geometry":{"type":"Polygon","coordinates":[[[77.343688,13.237983],[77.345418,13.236618],[77.345766,13.236616],[77.347838,13.23457],[77.347834,13.233891],[77.346783,13.232876],[77.345389,13.232542],[77.342966,13.234249],[77.341575,13.234254],[77.341225,13.233916],[77.340531,13.234258],[77.340536,13.234938],[77.342292,13.237309],[77.343688,13.237983]]]}},{"type":"Feature","properties":{"histId":"ams-nd43-12-1955-0174","sheet":"ams-nd43-12-1955","year":1955,"scale":250000,"areaM2":384240,"name":null,"confidence":"high","source":"ams-nd43-12-1955"},"geometry":{"type":"Polygon","coordinates":[[[77.469938,13.236116],[77.470631,13.235773],[77.470628,13.235434],[77.471319,13.234751],[77.471313,13.234072],[77.470265,13.233397],[77.468534,13.234424],[77.467488,13.234088],[77.466787,13.233412],[77.466774,13.231714],[77.467464,13.231032],[77.467452,13.229333],[77.466753,13.228997],[77.465362,13.229003],[77.464324,13.229686],[77.464334,13.231045],[77.465035,13.231721],[77.46505,13.233759],[77.464017,13.235122],[77.464025,13.236141],[77.465424,13.237154],[77.46612,13.237151],[77.467516,13.237825],[77.469595,13.236797],[77.469938,13.236116]]]}},{"type":"Feature","properties":{"histId":"ams-nd43-12-1955-0175","sheet":"ams-nd43-12-1955","year":1955,"scale":250000,"areaM2":102078,"name":null,"confidence":"medium","source":"ams-nd43-12-1955"},"geometry":{"type":"Polygon","coordinates":[[[77.18158,13.237525],[77.183309,13.235821],[77.1833,13.234462],[77.182254,13.234126],[77.181561,13.234468],[77.179491,13.237192],[77.179495,13.237871],[77.180193,13.238209],[77.18158,13.237525]]]}},{"type":"Feature","properties":{"histId":"ams-nd43-12-1955-0176","sheet":"ams-nd43-12-1955","year":1955,"scale":250000,"areaM2":77977,"name":null,"confidence":"medium","source":"ams-nd43-12-1955"},"geometry":{"type":"Polygon","coordinates":[[[77.246961,13.234594],[77.246952,13.233235],[77.245904,13.232559],[77.244519,13.233583],[77.244176,13.234263],[77.244181,13.234943],[77.245579,13.235957],[77.246618,13.235274],[77.246961,13.234594]]]}},{"type":"Feature","properties":{"histId":"ams-nd43-12-1955-0177","sheet":"ams-nd43-12-1955","year":1955,"scale":250000,"areaM2":97115,"name":null,"confidence":"medium","source":"ams-nd43-12-1955"},"geometry":{"type":"Polygon","coordinates":[[[77.16904,13.234847],[77.169733,13.234505],[77.169729,13.233825],[77.168335,13.23349],[77.167985,13.233151],[77.165202,13.23316],[77.164163,13.233843],[77.164167,13.234522],[77.164865,13.23486],[77.16904,13.234847]]]}},{"type":"Feature","properties":{"histId":"ams-nd43-12-1955-0178","sheet":"ams-nd43-12-1955","year":1955,"scale":250000,"areaM2":337446,"name":null,"confidence":"high","source":"ams-nd43-12-1955"},"geometry":{"type":"Polygon","coordinates":[[[77.424312,13.227815],[77.422915,13.227142],[77.421166,13.22579],[77.420125,13.226134],[77.41979,13.227834],[77.419099,13.228516],[77.419107,13.229535],[77.421547,13.230204],[77.422247,13.230881],[77.42226,13.232579],[77.423308,13.233254],[77.424352,13.23325],[77.425738,13.232565],[77.42572,13.230187],[77.424312,13.227815]]]}},{"type":"Feature","properties":{"histId":"ams-nd43-12-1955-0179","sheet":"ams-nd43-12-1955","year":1955,"scale":250000,"areaM2":853557,"name":null,"confidence":"high","source":"ams-nd43-12-1955"},"geometry":{"type":"Polygon","coordinates":[[[77.491135,13.233647],[77.492867,13.23262],[77.494603,13.232273],[77.496334,13.231247],[77.497725,13.231241],[77.49807,13.230899],[77.499114,13.230895],[77.499807,13.230552],[77.49943,13.226818],[77.500118,13.225796],[77.500452,13.224096],[77.499404,13.223421],[77.498708,13.223424],[77.497325,13.224449],[77.495939,13.225135],[77.495243,13.225138],[77.494898,13.225479],[77.489684,13.225841],[77.489334,13.225503],[77.488638,13.225506],[77.487945,13.225849],[77.48795,13.226528],[77.488301,13.226866],[77.491091,13.227873],[77.492142,13.228887],[77.4925,13.230244],[77.491462,13.230928],[77.490767,13.230931],[77.490416,13.230593],[77.489721,13.230596],[77.488324,13.229923],[77.487631,13.230266],[77.487639,13.231284],[77.489041,13.232637],[77.491135,13.233647]]]}},{"type":"Feature","properties":{"histId":"ams-nd43-12-1955-0180","sheet":"ams-nd43-12-1955","year":1955,"scale":250000,"areaM2":73014,"name":null,"confidence":"low","source":"ams-nd43-12-1955"},"geometry":{"type":"Polygon","coordinates":[[[77.191277,13.230701],[77.190927,13.230362],[77.190923,13.229683],[77.189875,13.229007],[77.189181,13.229348],[77.189199,13.232066],[77.190247,13.232742],[77.191286,13.232059],[77.191277,13.230701]]]}},{"type":"Feature","properties":{"histId":"ams-nd43-12-1955-0181","sheet":"ams-nd43-12-1955","year":1955,"scale":250000,"areaM2":420846,"name":null,"confidence":"high","source":"ams-nd43-12-1955"},"geometry":{"type":"Polygon","coordinates":[[[77.1492,13.233209],[77.151975,13.231842],[77.153018,13.231838],[77.156486,13.230129],[77.157534,13.230806],[77.15754,13.231825],[77.158243,13.232842],[77.159636,13.233177],[77.159986,13.233516],[77.161028,13.233173],[77.161374,13.232832],[77.161369,13.232153],[77.160667,13.231136],[77.160302,13.228419],[77.159254,13.227743],[77.157515,13.227748],[77.156821,13.22809],[77.156825,13.22877],[77.15648,13.22911],[77.155438,13.229453],[77.155088,13.229115],[77.153355,13.230139],[77.15266,13.230141],[77.144162,13.23465],[77.145734,13.235257],[77.146773,13.234575],[77.148163,13.234231],[77.1492,13.233209]]]}},{"type":"Feature","properties":{"histId":"ams-nd43-12-1955-0182","sheet":"ams-nd43-12-1955","year":1955,"scale":250000,"areaM2":58129,"name":null,"confidence":"low","source":"ams-nd43-12-1955"},"geometry":{"type":"Polygon","coordinates":[[[77.275453,13.22974],[77.276146,13.229398],[77.276139,13.228379],[77.275441,13.228041],[77.273702,13.228047],[77.273009,13.228389],[77.273016,13.229409],[77.273714,13.229746],[77.275453,13.22974]]]}},{"type":"Feature","properties":{"histId":"ams-nd43-12-1955-0183","sheet":"ams-nd43-12-1955","year":1955,"scale":250000,"areaM2":489851,"name":null,"confidence":"high","source":"ams-nd43-12-1955"},"geometry":{"type":"Polygon","coordinates":[[[77.338754,13.22883],[77.338749,13.228151],[77.336293,13.225103],[77.33594,13.224425],[77.335933,13.223406],[77.335235,13.223069],[77.334191,13.223073],[77.33246,13.224098],[77.331762,13.223761],[77.331068,13.224104],[77.33108,13.225802],[77.331783,13.226818],[77.33179,13.227837],[77.332143,13.228515],[77.333544,13.229869],[77.334242,13.230206],[77.336329,13.230198],[77.338425,13.231549],[77.339119,13.231207],[77.339104,13.229169],[77.338754,13.22883]]]}},{"type":"Feature","properties":{"histId":"ams-nd43-12-1955-0184","sheet":"ams-nd43-12-1955","year":1955,"scale":250000,"areaM2":109170,"name":null,"confidence":"medium","source":"ams-nd43-12-1955"},"geometry":{"type":"Polygon","coordinates":[[[77.319964,13.227881],[77.320298,13.225842],[77.319945,13.225164],[77.319247,13.224827],[77.317858,13.225172],[77.31786,13.225511],[77.31717,13.226193],[77.317181,13.227891],[77.31823,13.228567],[77.318925,13.228564],[77.319964,13.227881]]]}},{"type":"Feature","properties":{"histId":"ams-nd43-12-1955-0185","sheet":"ams-nd43-12-1955","year":1955,"scale":250000,"areaM2":1621953,"name":null,"confidence":"high","source":"ams-nd43-12-1955"},"geometry":{"type":"Polygon","coordinates":[[[77.306787,13.233704],[77.306436,13.233365],[77.306432,13.232686],[77.307468,13.231663],[77.308161,13.231321],[77.30921,13.231997],[77.309903,13.231654],[77.309886,13.229277],[77.307783,13.226907],[77.307762,13.22385],[77.310173,13.220444],[77.310166,13.219425],[77.309813,13.218747],[77.309465,13.218748],[77.308065,13.217395],[77.307367,13.217058],[77.306671,13.21706],[77.304939,13.218085],[77.302852,13.218093],[77.301468,13.219117],[77.301475,13.220136],[77.301825,13.220474],[77.301846,13.223531],[77.301501,13.223872],[77.301506,13.224552],[77.300819,13.225913],[77.300128,13.226595],[77.298739,13.226939],[77.296993,13.225927],[77.296297,13.225929],[77.295259,13.226612],[77.294915,13.227293],[77.294925,13.228652],[77.29563,13.230008],[77.297024,13.230342],[77.298756,13.229317],[77.299799,13.229313],[77.300497,13.229651],[77.302248,13.231343],[77.302596,13.231341],[77.303296,13.232018],[77.304001,13.233374],[77.304013,13.235073],[77.305061,13.235748],[77.306448,13.235064],[77.306787,13.233704]]]}},{"type":"Feature","properties":{"histId":"ams-nd43-12-1955-0186","sheet":"ams-nd43-12-1955","year":1955,"scale":250000,"areaM2":148166,"name":null,"confidence":"medium","source":"ams-nd43-12-1955"},"geometry":{"type":"Polygon","coordinates":[[[77.467758,13.223898],[77.467748,13.222539],[77.466344,13.220847],[77.465298,13.220511],[77.463914,13.221536],[77.463927,13.223235],[77.465329,13.224587],[77.466722,13.224921],[77.467415,13.224578],[77.467758,13.223898]]]}},{"type":"Feature","properties":{"histId":"ams-nd43-12-1955-0187","sheet":"ams-nd43-12-1955","year":1955,"scale":250000,"areaM2":5396320,"name":null,"confidence":"high","source":"ams-nd43-12-1955"},"geometry":{"type":"Polygon","coordinates":[[[77.446998,13.238251],[77.448719,13.235866],[77.449412,13.235523],[77.450803,13.235518],[77.451154,13.235856],[77.451847,13.235513],[77.451839,13.234494],[77.451138,13.233818],[77.448348,13.232811],[77.447647,13.232134],[77.447279,13.229419],[77.446228,13.228404],[77.446215,13.226706],[77.446901,13.225344],[77.447233,13.223305],[77.449305,13.221258],[77.449647,13.220578],[77.449642,13.219898],[77.448942,13.219222],[77.448936,13.218543],[77.45032,13.217518],[77.453112,13.218865],[77.454849,13.218518],[77.455194,13.218177],[77.456585,13.218171],[77.457971,13.217486],[77.458656,13.216124],[77.456562,13.215114],[77.455866,13.215117],[77.455516,13.214779],[77.454823,13.215121],[77.453432,13.215127],[77.453087,13.215468],[77.452391,13.215471],[77.451343,13.214796],[77.451657,13.210379],[77.451307,13.210041],[77.451302,13.209362],[77.451995,13.209019],[77.45199,13.20834],[77.451292,13.208003],[77.451286,13.207324],[77.450586,13.206648],[77.450238,13.206649],[77.449537,13.205973],[77.449532,13.205293],[77.45057,13.20461],[77.451962,13.204604],[77.454056,13.205614],[77.454749,13.205272],[77.454741,13.204253],[77.45404,13.203576],[77.452647,13.203242],[77.4509,13.202231],[77.449857,13.202235],[77.449164,13.202578],[77.449179,13.204616],[77.447793,13.205301],[77.447806,13.206999],[77.450599,13.208346],[77.450959,13.210043],[77.449228,13.211069],[77.447141,13.211078],[77.446796,13.211419],[77.446098,13.211082],[77.445055,13.211086],[77.444357,13.21075],[77.441554,13.208044],[77.440856,13.207707],[77.439122,13.208394],[77.437393,13.209759],[77.436698,13.209762],[77.434619,13.21079],[77.433225,13.210456],[77.431827,13.209443],[77.431133,13.209785],[77.431144,13.211144],[77.43011,13.212507],[77.42699,13.213878],[77.425262,13.215244],[77.425264,13.215584],[77.424574,13.216266],[77.424226,13.216267],[77.423535,13.216949],[77.42354,13.217629],[77.424238,13.217965],[77.427008,13.216256],[77.427704,13.216253],[77.428049,13.215912],[77.42944,13.215906],[77.431189,13.217258],[77.432585,13.217931],[77.436063,13.217917],[77.437812,13.219268],[77.43783,13.221646],[77.437485,13.221987],[77.437162,13.225385],[77.436817,13.225726],[77.436485,13.227765],[77.435451,13.229128],[77.435459,13.230147],[77.435812,13.230825],[77.437213,13.232178],[77.439331,13.236245],[77.442134,13.23895],[77.44353,13.239624],[77.444584,13.240978],[77.445282,13.241315],[77.44632,13.240631],[77.446998,13.238251]]]}},{"type":"Feature","properties":{"histId":"ams-nd43-12-1955-0188","sheet":"ams-nd43-12-1955","year":1955,"scale":250000,"areaM2":233941,"name":null,"confidence":"high","source":"ams-nd43-12-1955"},"geometry":{"type":"Polygon","coordinates":[[[77.389469,13.219464],[77.390157,13.218442],[77.390152,13.217763],[77.388751,13.21641],[77.387007,13.215737],[77.386314,13.21608],[77.386319,13.216759],[77.387017,13.217096],[77.387019,13.217435],[77.38772,13.218112],[77.387732,13.21981],[77.386701,13.221513],[77.386366,13.223212],[77.387414,13.223888],[77.388805,13.223882],[77.389499,13.22354],[77.389469,13.219464]]]}},{"type":"Feature","properties":{"histId":"ams-nd43-12-1955-0189","sheet":"ams-nd43-12-1955","year":1955,"scale":250000,"areaM2":81524,"name":null,"confidence":"medium","source":"ams-nd43-12-1955"},"geometry":{"type":"Polygon","coordinates":[[[77.367197,13.217852],[77.367195,13.217513],[77.366149,13.217177],[77.36511,13.21786],[77.365468,13.219218],[77.366519,13.220233],[77.367565,13.220568],[77.368258,13.220226],[77.36825,13.219207],[77.367197,13.217852]]]}},{"type":"Feature","properties":{"histId":"ams-nd43-12-1955-0190","sheet":"ams-nd43-12-1955","year":1955,"scale":250000,"areaM2":231106,"name":null,"confidence":"high","source":"ams-nd43-12-1955"},"geometry":{"type":"Polygon","coordinates":[[[77.401649,13.220434],[77.401995,13.220093],[77.403383,13.219748],[77.404419,13.218725],[77.405805,13.21804],[77.406504,13.218377],[77.407197,13.218034],[77.407184,13.216336],[77.404742,13.215327],[77.403013,13.216693],[77.401972,13.217036],[77.3999,13.219083],[77.399905,13.219762],[77.400954,13.220437],[77.401649,13.220434]]]}},{"type":"Feature","properties":{"histId":"ams-nd43-12-1955-0191","sheet":"ams-nd43-12-1955","year":1955,"scale":250000,"areaM2":209831,"name":null,"confidence":"high","source":"ams-nd43-12-1955"},"geometry":{"type":"Polygon","coordinates":[[[77.277482,13.22124],[77.278869,13.220556],[77.280248,13.218853],[77.280942,13.218511],[77.280937,13.217831],[77.279891,13.217495],[77.279546,13.217836],[77.277459,13.217844],[77.275365,13.216832],[77.274326,13.217515],[77.274335,13.218874],[77.276088,13.220906],[77.277482,13.22124]]]}},{"type":"Feature","properties":{"histId":"ams-nd43-12-1955-0192","sheet":"ams-nd43-12-1955","year":1955,"scale":250000,"areaM2":51038,"name":null,"confidence":"low","source":"ams-nd43-12-1955"},"geometry":{"type":"Polygon","coordinates":[[[77.145284,13.218953],[77.144238,13.218617],[77.143545,13.218958],[77.143903,13.220656],[77.145297,13.220991],[77.14599,13.22065],[77.145984,13.219631],[77.145284,13.218953]]]}},{"type":"Feature","properties":{"histId":"ams-nd43-12-1955-0193","sheet":"ams-nd43-12-1955","year":1955,"scale":250000,"areaM2":200627,"name":null,"confidence":"high","source":"ams-nd43-12-1955"},"geometry":{"type":"Polygon","coordinates":[[[77.48128,13.218405],[77.482326,13.21874],[77.483019,13.218398],[77.484745,13.216692],[77.48543,13.21533],[77.485425,13.214651],[77.484028,13.213978],[77.482297,13.215004],[77.481254,13.215009],[77.480556,13.214672],[77.479863,13.215015],[77.479876,13.216713],[77.481277,13.218066],[77.48128,13.218405]]]}},{"type":"Feature","properties":{"histId":"ams-nd43-12-1955-0194","sheet":"ams-nd43-12-1955","year":1955,"scale":250000,"areaM2":165164,"name":null,"confidence":"high","source":"ams-nd43-12-1955"},"geometry":{"type":"Polygon","coordinates":[[[77.139021,13.218632],[77.137621,13.217278],[77.136923,13.21694],[77.135879,13.216943],[77.135186,13.217285],[77.134149,13.218307],[77.134157,13.219666],[77.134855,13.220003],[77.139031,13.220331],[77.139725,13.219989],[77.139368,13.218631],[77.139021,13.218632]]]}},{"type":"Feature","properties":{"histId":"ams-nd43-12-1955-0195","sheet":"ams-nd43-12-1955","year":1955,"scale":250000,"areaM2":436698,"name":null,"confidence":"high","source":"ams-nd43-12-1955"},"geometry":{"type":"Polygon","coordinates":[[[77.47013,13.215736],[77.468744,13.216421],[77.467348,13.215748],[77.466297,13.214733],[77.465236,13.21236],[77.464538,13.212023],[77.462448,13.211693],[77.461755,13.212035],[77.461758,13.212375],[77.460722,13.213398],[77.460375,13.2134],[77.459684,13.214082],[77.460047,13.216118],[77.461441,13.216452],[77.461792,13.21679],[77.462835,13.216786],[77.465282,13.218474],[77.466323,13.21813],[77.467704,13.216765],[77.468397,13.216422],[77.469443,13.216758],[77.469796,13.217435],[77.470494,13.217772],[77.471534,13.217428],[77.471529,13.216749],[77.47013,13.215736]]]}},{"type":"Feature","properties":{"histId":"ams-nd43-12-1955-0196","sheet":"ams-nd43-12-1955","year":1955,"scale":250000,"areaM2":110593,"name":null,"confidence":"medium","source":"ams-nd43-12-1955"},"geometry":{"type":"Polygon","coordinates":[[[77.491658,13.211228],[77.49096,13.210891],[77.489221,13.210898],[77.488528,13.211241],[77.488539,13.2126],[77.489938,13.213613],[77.491331,13.213946],[77.49237,13.213262],[77.492359,13.211904],[77.491658,13.211228]]]}},{"type":"Feature","properties":{"histId":"ams-nd43-12-1955-0197","sheet":"ams-nd43-12-1955","year":1955,"scale":250000,"areaM2":465049,"name":null,"confidence":"high","source":"ams-nd43-12-1955"},"geometry":{"type":"Polygon","coordinates":[[[77.423482,13.209817],[77.419657,13.209832],[77.419307,13.209494],[77.41722,13.209502],[77.416527,13.209845],[77.416557,13.213921],[77.417951,13.214255],[77.418999,13.21493],[77.419695,13.214927],[77.420045,13.215265],[77.421088,13.215261],[77.421786,13.215598],[77.422479,13.215255],[77.423858,13.213551],[77.424543,13.21219],[77.424531,13.210492],[77.423482,13.209817]]]}},{"type":"Feature","properties":{"histId":"ams-nd43-12-1955-0198","sheet":"ams-nd43-12-1955","year":1955,"scale":250000,"areaM2":65930,"name":null,"confidence":"low","source":"ams-nd43-12-1955"},"geometry":{"type":"Polygon","coordinates":[[[77.480883,13.211953],[77.480179,13.210938],[77.480174,13.210258],[77.479128,13.209923],[77.478435,13.210266],[77.478448,13.211964],[77.478801,13.212642],[77.480195,13.212975],[77.480888,13.212633],[77.480883,13.211953]]]}},{"type":"Feature","properties":{"histId":"ams-nd43-12-1955-0199","sheet":"ams-nd43-12-1955","year":1955,"scale":250000,"areaM2":59547,"name":null,"confidence":"low","source":"ams-nd43-12-1955"},"geometry":{"type":"Polygon","coordinates":[[[77.286115,13.212039],[77.285417,13.211701],[77.284378,13.212384],[77.284035,13.213065],[77.284044,13.214424],[77.284742,13.214761],[77.286472,13.213396],[77.286115,13.212039]]]}},{"type":"Feature","properties":{"histId":"ams-nd43-12-1955-0200","sheet":"ams-nd43-12-1955","year":1955,"scale":250000,"areaM2":156667,"name":null,"confidence":"high","source":"ams-nd43-12-1955"},"geometry":{"type":"Polygon","coordinates":[[[77.349421,13.212486],[77.347669,13.210794],[77.346273,13.21012],[77.345235,13.210803],[77.34524,13.211483],[77.34594,13.212159],[77.346298,13.213517],[77.346998,13.214193],[77.347696,13.21453],[77.349435,13.214524],[77.350128,13.214181],[77.350119,13.212823],[77.349421,13.212486]]]}},{"type":"Feature","properties":{"histId":"ams-nd43-12-1955-0201","sheet":"ams-nd43-12-1955","year":1955,"scale":250000,"areaM2":70179,"name":null,"confidence":"low","source":"ams-nd43-12-1955"},"geometry":{"type":"Polygon","coordinates":[[[77.228727,13.212575],[77.227679,13.211899],[77.226638,13.212243],[77.226294,13.212923],[77.226303,13.214282],[77.227351,13.214958],[77.228738,13.214274],[77.228727,13.212575]]]}},{"type":"Feature","properties":{"histId":"ams-nd43-12-1955-0202","sheet":"ams-nd43-12-1955","year":1955,"scale":250000,"areaM2":158078,"name":null,"confidence":"high","source":"ams-nd43-12-1955"},"geometry":{"type":"Polygon","coordinates":[[[77.18595,13.213733],[77.185939,13.212034],[77.185239,13.211357],[77.185237,13.211018],[77.184187,13.210002],[77.183839,13.210003],[77.182441,13.208988],[77.181748,13.20933],[77.181752,13.210009],[77.183152,13.211364],[77.183504,13.212042],[77.183865,13.214079],[77.184565,13.214756],[77.185961,13.215431],[77.186654,13.215089],[77.18665,13.21441],[77.18595,13.213733]]]}},{"type":"Feature","properties":{"histId":"ams-nd43-12-1955-0203","sheet":"ams-nd43-12-1955","year":1955,"scale":250000,"areaM2":131852,"name":null,"confidence":"medium","source":"ams-nd43-12-1955"},"geometry":{"type":"Polygon","coordinates":[[[77.245052,13.209124],[77.244356,13.209126],[77.242972,13.21015],[77.241931,13.210493],[77.241935,13.211172],[77.242981,13.211508],[77.243681,13.212185],[77.245077,13.21286],[77.246464,13.212176],[77.24645,13.210138],[77.245052,13.209124]]]}},{"type":"Feature","properties":{"histId":"ams-nd43-12-1955-0204","sheet":"ams-nd43-12-1955","year":1955,"scale":250000,"areaM2":65928,"name":null,"confidence":"low","source":"ams-nd43-12-1955"},"geometry":{"type":"Polygon","coordinates":[[[77.334784,13.208465],[77.334086,13.208128],[77.333045,13.208471],[77.332354,13.209153],[77.332712,13.210511],[77.33376,13.211186],[77.334799,13.210503],[77.334784,13.208465]]]}},{"type":"Feature","properties":{"histId":"ams-nd43-12-1955-0205","sheet":"ams-nd43-12-1955","year":1955,"scale":250000,"areaM2":83650,"name":null,"confidence":"medium","source":"ams-nd43-12-1955"},"geometry":{"type":"Polygon","coordinates":[[[77.323321,13.210545],[77.323666,13.210204],[77.323657,13.208846],[77.323307,13.208507],[77.3233,13.207488],[77.322602,13.207151],[77.321908,13.207493],[77.321913,13.208173],[77.321568,13.208514],[77.32158,13.210212],[77.32193,13.21055],[77.321935,13.21123],[77.322633,13.211567],[77.323326,13.211225],[77.323321,13.210545]]]}},{"type":"Feature","properties":{"histId":"ams-nd43-12-1955-0206","sheet":"ams-nd43-12-1955","year":1955,"scale":250000,"areaM2":593336,"name":null,"confidence":"high","source":"ams-nd43-12-1955"},"geometry":{"type":"Polygon","coordinates":[[[77.261079,13.213145],[77.261765,13.211784],[77.262457,13.211102],[77.264537,13.210076],[77.266623,13.210069],[77.267317,13.209727],[77.26904,13.207343],[77.271122,13.206656],[77.272159,13.205634],[77.271801,13.204276],[77.270051,13.202584],[77.269699,13.201906],[77.269001,13.201569],[77.268307,13.201911],[77.265891,13.204636],[77.265893,13.204976],[77.264163,13.206341],[77.264166,13.206681],[77.262784,13.208044],[77.26244,13.208725],[77.262104,13.210424],[77.260024,13.21145],[77.259333,13.212132],[77.25934,13.213151],[77.260386,13.213487],[77.261079,13.213145]]]}},{"type":"Feature","properties":{"histId":"ams-nd43-12-1955-0207","sheet":"ams-nd43-12-1955","year":1955,"scale":250000,"areaM2":272929,"name":null,"confidence":"high","source":"ams-nd43-12-1955"},"geometry":{"type":"Polygon","coordinates":[[[77.379995,13.207952],[77.382064,13.205567],[77.382042,13.20251],[77.380994,13.201834],[77.379953,13.202178],[77.379955,13.202518],[77.379265,13.2032],[77.378572,13.203542],[77.377886,13.204904],[77.37792,13.209659],[77.378618,13.209996],[77.380004,13.209311],[77.379995,13.207952]]]}},{"type":"Feature","properties":{"histId":"ams-nd43-12-1955-0208","sheet":"ams-nd43-12-1955","year":1955,"scale":250000,"areaM2":138238,"name":null,"confidence":"medium","source":"ams-nd43-12-1955"},"geometry":{"type":"Polygon","coordinates":[[[77.410927,13.205112],[77.410925,13.204773],[77.408123,13.202067],[77.40777,13.201389],[77.407072,13.201052],[77.406379,13.201394],[77.406742,13.203431],[77.407792,13.204445],[77.409886,13.205456],[77.410239,13.206134],[77.411635,13.206808],[77.412328,13.206465],[77.412323,13.205786],[77.410927,13.205112]]]}},{"type":"Feature","properties":{"histId":"ams-nd43-12-1955-0209","sheet":"ams-nd43-12-1955","year":1955,"scale":250000,"areaM2":866940,"name":null,"confidence":"high","source":"ams-nd43-12-1955"},"geometry":{"type":"Polygon","coordinates":[[[77.157393,13.208386],[77.157401,13.209745],[77.158449,13.210421],[77.160182,13.209397],[77.161225,13.209394],[77.162264,13.208711],[77.162962,13.209049],[77.164006,13.209045],[77.167813,13.205976],[77.169208,13.206651],[77.171982,13.205284],[77.175458,13.204934],[77.176845,13.20425],[77.177882,13.203228],[77.177874,13.201869],[77.176828,13.201532],[77.174404,13.203238],[77.171626,13.203926],[77.17128,13.204267],[77.170584,13.204269],[77.170239,13.20461],[77.168845,13.204275],[77.167447,13.20326],[77.164673,13.204627],[77.162239,13.204635],[77.161191,13.203959],[77.159452,13.203964],[77.159106,13.204305],[77.158063,13.204308],[77.157023,13.20499],[77.156328,13.204992],[77.154941,13.205676],[77.154945,13.206355],[77.155643,13.206693],[77.157393,13.208386]]]}},{"type":"Feature","properties":{"histId":"ams-nd43-12-1955-0210","sheet":"ams-nd43-12-1955","year":1955,"scale":250000,"areaM2":329653,"name":null,"confidence":"high","source":"ams-nd43-12-1955"},"geometry":{"type":"Polygon","coordinates":[[[77.495112,13.208156],[77.495105,13.207137],[77.495795,13.206454],[77.496835,13.20611],[77.497863,13.204068],[77.497842,13.201351],[77.497492,13.201013],[77.497478,13.199314],[77.497824,13.198973],[77.497813,13.197615],[77.499541,13.196249],[77.500226,13.194887],[77.500221,13.194208],[77.499523,13.193871],[77.49814,13.194896],[77.497455,13.196258],[77.497465,13.197616],[77.496775,13.198299],[77.496427,13.1983],[77.496435,13.199319],[77.495745,13.200001],[77.494717,13.202044],[77.495086,13.204759],[77.495437,13.205097],[77.495447,13.206456],[77.494757,13.207138],[77.492678,13.208166],[77.492683,13.208846],[77.493381,13.209182],[77.494422,13.208838],[77.495112,13.208156]]]}},{"type":"Feature","properties":{"histId":"ams-nd43-12-1955-0211","sheet":"ams-nd43-12-1955","year":1955,"scale":250000,"areaM2":953455,"name":null,"confidence":"high","source":"ams-nd43-12-1955"},"geometry":{"type":"Polygon","coordinates":[[[77.299973,13.204177],[77.299278,13.204179],[77.298239,13.204862],[77.296846,13.204527],[77.293697,13.201821],[77.292989,13.200125],[77.291237,13.198094],[77.288445,13.196745],[77.285642,13.193698],[77.284248,13.193363],[77.282518,13.194728],[77.282523,13.195407],[77.283221,13.195744],[77.285308,13.195737],[77.286704,13.196411],[77.287404,13.197088],[77.287411,13.198107],[77.286374,13.19913],[77.286381,13.200149],[77.289171,13.201158],[77.291276,13.203868],[77.291285,13.205227],[77.290942,13.205907],[77.288524,13.208294],[77.288529,13.208973],[77.289227,13.20931],[77.290618,13.209305],[77.292002,13.208281],[77.294082,13.207255],[77.296874,13.208603],[77.297567,13.208261],[77.298949,13.206898],[77.298947,13.206558],[77.299983,13.205535],[77.300676,13.205193],[77.300671,13.204514],[77.299973,13.204177]]]}},{"type":"Feature","properties":{"histId":"ams-nd43-12-1955-0212","sheet":"ams-nd43-12-1955","year":1955,"scale":250000,"areaM2":637298,"name":null,"confidence":"high","source":"ams-nd43-12-1955"},"geometry":{"type":"Polygon","coordinates":[[[77.339586,13.198936],[77.338543,13.19894],[77.338197,13.199281],[77.336111,13.199289],[77.334724,13.199973],[77.334036,13.200995],[77.33265,13.201679],[77.330911,13.201686],[77.330213,13.201349],[77.327761,13.19898],[77.327759,13.19864],[77.327059,13.197964],[77.326013,13.197628],[77.32532,13.19797],[77.325339,13.200687],[77.32465,13.201709],[77.324665,13.203747],[77.325363,13.204084],[77.326406,13.20408],[77.326756,13.204418],[77.328495,13.204412],[77.328845,13.20475],[77.330932,13.204743],[77.331278,13.204402],[77.331973,13.204399],[77.333369,13.205073],[77.334062,13.204731],[77.334405,13.20405],[77.334396,13.202692],[77.335086,13.20201],[77.336475,13.201665],[77.336821,13.201324],[77.337864,13.20132],[77.340289,13.199952],[77.340284,13.199273],[77.339586,13.198936]]]}},{"type":"Feature","properties":{"histId":"ams-nd43-12-1955-0213","sheet":"ams-nd43-12-1955","year":1955,"scale":250000,"areaM2":152408,"name":null,"confidence":"high","source":"ams-nd43-12-1955"},"geometry":{"type":"Polygon","coordinates":[[[77.21196,13.20176],[77.21056,13.200406],[77.210212,13.200407],[77.209162,13.199392],[77.20916,13.199052],[77.208462,13.198714],[77.207768,13.199056],[77.208129,13.201093],[77.20848,13.201432],[77.208488,13.202791],[77.209186,13.203128],[77.209532,13.202787],[77.210575,13.202784],[77.212321,13.203797],[77.213014,13.203455],[77.213006,13.202097],[77.21196,13.20176]]]}},{"type":"Feature","properties":{"histId":"ams-nd43-12-1955-0214","sheet":"ams-nd43-12-1955","year":1955,"scale":250000,"areaM2":243863,"name":null,"confidence":"high","source":"ams-nd43-12-1955"},"geometry":{"type":"Polygon","coordinates":[[[77.367742,13.196791],[77.367734,13.195772],[77.367036,13.195435],[77.366341,13.195438],[77.364612,13.196803],[77.36253,13.19749],[77.362537,13.198509],[77.363931,13.198844],[77.364281,13.199182],[77.365324,13.199178],[77.367771,13.200867],[77.368464,13.200524],[77.36915,13.199163],[77.369138,13.197465],[77.367742,13.196791]]]}},{"type":"Feature","properties":{"histId":"ams-nd43-12-1955-0215","sheet":"ams-nd43-12-1955","year":1955,"scale":250000,"areaM2":393435,"name":null,"confidence":"high","source":"ams-nd43-12-1955"},"geometry":{"type":"Polygon","coordinates":[[[77.311063,13.198362],[77.311411,13.198361],[77.311754,13.19768],[77.31174,13.195642],[77.310689,13.194627],[77.310668,13.19157],[77.30997,13.191233],[77.308929,13.191576],[77.307893,13.192599],[77.307907,13.194637],[77.306868,13.19532],[77.305825,13.195324],[77.304441,13.196348],[77.304448,13.197367],[77.305146,13.197704],[77.306189,13.1977],[77.308983,13.199388],[77.310372,13.199044],[77.311063,13.198362]]]}},{"type":"Feature","properties":{"histId":"ams-nd43-12-1955-0216","sheet":"ams-nd43-12-1955","year":1955,"scale":250000,"areaM2":106339,"name":null,"confidence":"medium","source":"ams-nd43-12-1955"},"geometry":{"type":"Polygon","coordinates":[[[77.479359,13.194638],[77.479336,13.191581],[77.47794,13.190908],[77.476902,13.191591],[77.47691,13.19261],[77.47726,13.192948],[77.47727,13.194307],[77.477621,13.194645],[77.477626,13.195324],[77.478324,13.195661],[77.479017,13.195319],[77.479359,13.194638]]]}},{"type":"Feature","properties":{"histId":"ams-nd43-12-1955-0217","sheet":"ams-nd43-12-1955","year":1955,"scale":250000,"areaM2":353042,"name":null,"confidence":"high","source":"ams-nd43-12-1955"},"geometry":{"type":"Polygon","coordinates":[[[77.457436,13.192693],[77.456045,13.192699],[77.455695,13.192361],[77.454999,13.192364],[77.454306,13.192706],[77.454316,13.194065],[77.453971,13.194406],[77.452931,13.19475],[77.451882,13.194075],[77.451877,13.193396],[77.452567,13.192713],[77.452915,13.192712],[77.452565,13.192374],[77.45256,13.191694],[77.451161,13.190681],[77.446293,13.190702],[77.4456,13.191044],[77.445605,13.191723],[77.446998,13.192057],[77.447349,13.192396],[77.448044,13.192393],[77.450836,13.19374],[77.451537,13.194416],[77.451547,13.195775],[77.452946,13.196788],[77.453987,13.196444],[77.453982,13.195764],[77.45502,13.195081],[77.457106,13.195072],[77.458492,13.194387],[77.458484,13.193368],[77.457436,13.192693]]]}},{"type":"Feature","properties":{"histId":"ams-nd43-12-1955-0218","sheet":"ams-nd43-12-1955","year":1955,"scale":250000,"areaM2":82229,"name":null,"confidence":"medium","source":"ams-nd43-12-1955"},"geometry":{"type":"Polygon","coordinates":[[[77.187573,13.195724],[77.188965,13.19572],[77.190004,13.195037],[77.189999,13.194358],[77.189301,13.19402],[77.187215,13.194027],[77.185484,13.195391],[77.185489,13.19607],[77.186186,13.196408],[77.187573,13.195724]]]}},{"type":"Feature","properties":{"histId":"ams-nd43-12-1955-0219","sheet":"ams-nd43-12-1955","year":1955,"scale":250000,"areaM2":523885,"name":null,"confidence":"high","source":"ams-nd43-12-1955"},"geometry":{"type":"Polygon","coordinates":[[[77.405996,13.19664],[77.406687,13.195958],[77.406684,13.195619],[77.409792,13.192549],[77.409784,13.19153],[77.411863,13.190503],[77.412554,13.189821],[77.412531,13.186764],[77.412181,13.186426],[77.412173,13.185407],[77.411821,13.184729],[77.411123,13.184392],[77.410084,13.185075],[77.409742,13.185756],[77.409409,13.187795],[77.409064,13.188137],[77.409076,13.189835],[77.408731,13.190176],[77.408736,13.190855],[77.406669,13.193581],[77.405283,13.194266],[77.40424,13.19427],[77.402494,13.193258],[77.401798,13.193261],[77.401105,13.193603],[77.400762,13.194284],[77.400767,13.194963],[77.401117,13.195301],[77.402861,13.195974],[77.403562,13.19665],[77.403917,13.197668],[77.405316,13.198681],[77.406009,13.198339],[77.405996,13.19664]]]}},{"type":"Feature","properties":{"histId":"ams-nd43-12-1955-0220","sheet":"ams-nd43-12-1955","year":1955,"scale":250000,"areaM2":398385,"name":null,"confidence":"high","source":"ams-nd43-12-1955"},"geometry":{"type":"Polygon","coordinates":[[[77.206357,13.196004],[77.206709,13.196682],[77.207407,13.197019],[77.208101,13.196677],[77.208098,13.196338],[77.20879,13.195656],[77.210176,13.194972],[77.211915,13.194967],[77.212609,13.194625],[77.213298,13.193603],[77.213291,13.192584],[77.212239,13.191229],[77.211193,13.190893],[77.210154,13.191576],[77.208415,13.191581],[77.207029,13.192265],[77.204942,13.192272],[77.204248,13.192614],[77.203909,13.193973],[77.205659,13.195666],[77.206357,13.196004]]]}},{"type":"Feature","properties":{"histId":"ams-nd43-12-1955-0221","sheet":"ams-nd43-12-1955","year":1955,"scale":250000,"areaM2":285695,"name":null,"confidence":"high","source":"ams-nd43-12-1955"},"geometry":{"type":"Polygon","coordinates":[[[77.466799,13.189257],[77.467144,13.188916],[77.467139,13.188236],[77.467484,13.187895],[77.467101,13.183142],[77.466403,13.182805],[77.465362,13.183149],[77.465375,13.184847],[77.462626,13.189275],[77.462634,13.190293],[77.463332,13.19063],[77.463677,13.190289],[77.465424,13.191301],[77.466462,13.190617],[77.466799,13.189257]]]}},{"type":"Feature","properties":{"histId":"ams-nd43-12-1955-0222","sheet":"ams-nd43-12-1955","year":1955,"scale":250000,"areaM2":240323,"name":null,"confidence":"high","source":"ams-nd43-12-1955"},"geometry":{"type":"Polygon","coordinates":[[[77.43933,13.189712],[77.441069,13.189704],[77.441419,13.190043],[77.442115,13.19004],[77.442808,13.189697],[77.442803,13.189018],[77.441757,13.188683],[77.440703,13.187328],[77.440675,13.183592],[77.439627,13.182917],[77.438934,13.18326],[77.438944,13.184618],[77.438599,13.184959],[77.438619,13.187677],[77.437584,13.1887],[77.436543,13.189044],[77.436551,13.190063],[77.437249,13.190399],[77.438292,13.190395],[77.43933,13.189712]]]}},{"type":"Feature","properties":{"histId":"ams-nd43-12-1955-0223","sheet":"ams-nd43-12-1955","year":1955,"scale":250000,"areaM2":233227,"name":null,"confidence":"high","source":"ams-nd43-12-1955"},"geometry":{"type":"Polygon","coordinates":[[[77.349933,13.186669],[77.351312,13.184965],[77.351302,13.183607],[77.349909,13.183272],[77.348177,13.184298],[77.346781,13.183624],[77.34574,13.183967],[77.345395,13.184308],[77.345412,13.186686],[77.345764,13.187364],[77.34716,13.188038],[77.349933,13.186669]]]}},{"type":"Feature","properties":{"histId":"ams-nd43-12-1955-0224","sheet":"ams-nd43-12-1955","year":1955,"scale":250000,"areaM2":285689,"name":null,"confidence":"high","source":"ams-nd43-12-1955"},"geometry":{"type":"Polygon","coordinates":[[[77.383322,13.18722],[77.384015,13.186877],[77.385762,13.187889],[77.386805,13.187885],[77.387498,13.187543],[77.388184,13.186182],[77.388179,13.185502],[77.388872,13.18516],[77.390253,13.183796],[77.390596,13.183115],[77.390238,13.181758],[77.38919,13.181083],[77.387801,13.181428],[77.387113,13.182449],[77.387133,13.185167],[77.386095,13.18585],[77.384704,13.185856],[77.38261,13.184845],[77.381571,13.185528],[77.381581,13.186887],[77.382279,13.187224],[77.383322,13.18722]]]}},{"type":"Feature","properties":{"histId":"ams-nd43-12-1955-0225","sheet":"ams-nd43-12-1955","year":1955,"scale":250000,"areaM2":136111,"name":null,"confidence":"medium","source":"ams-nd43-12-1955"},"geometry":{"type":"Polygon","coordinates":[[[77.42919,13.182281],[77.428142,13.181606],[77.427104,13.182289],[77.427114,13.183648],[77.42574,13.186031],[77.425745,13.18671],[77.426443,13.187047],[77.42887,13.186018],[77.42919,13.182281]]]}},{"type":"Feature","properties":{"histId":"ams-nd43-12-1955-0226","sheet":"ams-nd43-12-1955","year":1955,"scale":250000,"areaM2":180058,"name":null,"confidence":"high","source":"ams-nd43-12-1955"},"geometry":{"type":"Polygon","coordinates":[[[77.306448,13.184792],[77.305038,13.182079],[77.303287,13.180387],[77.302589,13.18005],[77.301896,13.180392],[77.301905,13.181751],[77.303661,13.184122],[77.30367,13.185481],[77.304023,13.186159],[77.305416,13.186494],[77.306109,13.186151],[77.306448,13.184792]]]}},{"type":"Feature","properties":{"histId":"ams-nd43-12-1955-0227","sheet":"ams-nd43-12-1955","year":1955,"scale":250000,"areaM2":171550,"name":null,"confidence":"high","source":"ams-nd43-12-1955"},"geometry":{"type":"Polygon","coordinates":[[[77.277214,13.181838],[77.276516,13.181501],[77.274429,13.181508],[77.273736,13.181851],[77.273741,13.18253],[77.275493,13.184562],[77.277587,13.185574],[77.278283,13.185571],[77.279321,13.184888],[77.279317,13.184209],[77.277214,13.181838]]]}},{"type":"Feature","properties":{"histId":"ams-nd43-12-1955-0228","sheet":"ams-nd43-12-1955","year":1955,"scale":250000,"areaM2":1310799,"name":null,"confidence":"high","source":"ams-nd43-12-1955"},"geometry":{"type":"Polygon","coordinates":[[[77.482787,13.18817],[77.482779,13.187151],[77.481033,13.186139],[77.481025,13.18512],[77.483444,13.183072],[77.483441,13.182732],[77.485857,13.180344],[77.48655,13.180002],[77.486537,13.178304],[77.484085,13.175937],[77.483729,13.174919],[77.48233,13.173906],[77.481287,13.173911],[77.479902,13.174596],[77.477135,13.176646],[77.47542,13.17971],[77.475433,13.181408],[77.475088,13.181749],[77.475093,13.182428],[77.474058,13.183452],[77.474068,13.18481],[77.47582,13.186501],[77.476173,13.187179],[77.477218,13.187514],[77.478256,13.18683],[77.479655,13.187843],[77.479658,13.188183],[77.481054,13.188856],[77.481749,13.188853],[77.482787,13.18817]]]}},{"type":"Feature","properties":{"histId":"ams-nd43-12-1955-0229","sheet":"ams-nd43-12-1955","year":1955,"scale":250000,"areaM2":92867,"name":null,"confidence":"medium","source":"ams-nd43-12-1955"},"geometry":{"type":"Polygon","coordinates":[[[77.4038,13.181704],[77.404145,13.181363],[77.403788,13.180006],[77.40309,13.179669],[77.402051,13.180352],[77.402054,13.180692],[77.401363,13.181374],[77.401376,13.183072],[77.402424,13.183747],[77.403807,13.182723],[77.4038,13.181704]]]}},{"type":"Feature","properties":{"histId":"ams-nd43-12-1955-0230","sheet":"ams-nd43-12-1955","year":1955,"scale":250000,"areaM2":199915,"name":null,"confidence":"high","source":"ams-nd43-12-1955"},"geometry":{"type":"Polygon","coordinates":[[[77.452133,13.181167],[77.452826,13.180824],[77.455587,13.178096],[77.455577,13.176737],[77.454879,13.1764],[77.45211,13.17811],[77.451061,13.177435],[77.450369,13.177778],[77.449678,13.17846],[77.449688,13.179818],[77.450041,13.180496],[77.45109,13.181171],[77.452133,13.181167]]]}},{"type":"Feature","properties":{"histId":"ams-nd43-12-1955-0231","sheet":"ams-nd43-12-1955","year":1955,"scale":250000,"areaM2":298447,"name":null,"confidence":"high","source":"ams-nd43-12-1955"},"geometry":{"type":"Polygon","coordinates":[[[77.373191,13.180805],[77.372841,13.180467],[77.372809,13.176052],[77.371756,13.174697],[77.371058,13.17436],[77.370365,13.174702],[77.370372,13.175721],[77.368643,13.177087],[77.368653,13.178445],[77.370054,13.179798],[77.370066,13.181497],[77.370419,13.182175],[77.371815,13.182849],[77.373201,13.182164],[77.373191,13.180805]]]}},{"type":"Feature","properties":{"histId":"ams-nd43-12-1955-0232","sheet":"ams-nd43-12-1955","year":1955,"scale":250000,"areaM2":143189,"name":null,"confidence":"medium","source":"ams-nd43-12-1955"},"geometry":{"type":"Polygon","coordinates":[[[77.162786,13.181194],[77.163477,13.180513],[77.163466,13.178814],[77.162421,13.178478],[77.160673,13.177124],[77.15998,13.177466],[77.159986,13.178485],[77.160336,13.178824],[77.160345,13.180182],[77.160695,13.180521],[77.160703,13.18188],[77.161751,13.182556],[77.162445,13.182214],[77.162786,13.181194]]]}},{"type":"Feature","properties":{"histId":"ams-nd43-12-1955-0233","sheet":"ams-nd43-12-1955","year":1955,"scale":250000,"areaM2":59549,"name":null,"confidence":"low","source":"ams-nd43-12-1955"},"geometry":{"type":"Polygon","coordinates":[[[77.436091,13.17512],[77.435043,13.174445],[77.434348,13.174447],[77.433655,13.17479],[77.433668,13.176488],[77.434716,13.177163],[77.435754,13.17648],[77.436091,13.17512]]]}},{"type":"Feature","properties":{"histId":"ams-nd43-12-1955-0234","sheet":"ams-nd43-12-1955","year":1955,"scale":250000,"areaM2":267956,"name":null,"confidence":"high","source":"ams-nd43-12-1955"},"geometry":{"type":"Polygon","coordinates":[[[77.267799,13.178135],[77.267787,13.176436],[77.266737,13.175421],[77.264644,13.174409],[77.264291,13.173731],[77.263593,13.173394],[77.262555,13.174077],[77.262559,13.174756],[77.261873,13.176117],[77.261182,13.176799],[77.260834,13.1768],[77.260836,13.17714],[77.259454,13.178503],[77.259459,13.179182],[77.260505,13.179519],[77.261889,13.178495],[77.261887,13.178155],[77.262923,13.177132],[77.264309,13.176448],[77.266753,13.177799],[77.267453,13.178476],[77.267462,13.179834],[77.268508,13.18017],[77.269201,13.179828],[77.269197,13.179149],[77.267799,13.178135]]]}},{"type":"Feature","properties":{"histId":"ams-nd43-12-1955-0235","sheet":"ams-nd43-12-1955","year":1955,"scale":250000,"areaM2":165171,"name":null,"confidence":"high","source":"ams-nd43-12-1955"},"geometry":{"type":"Polygon","coordinates":[[[77.30258,13.178691],[77.304305,13.176647],[77.304652,13.176646],[77.305689,13.175623],[77.306027,13.174263],[77.304634,13.173928],[77.30325,13.174952],[77.302209,13.175296],[77.300482,13.177],[77.300839,13.178358],[77.301887,13.179033],[77.30258,13.178691]]]}},{"type":"Feature","properties":{"histId":"ams-nd43-12-1955-0236","sheet":"ams-nd43-12-1955","year":1955,"scale":250000,"areaM2":148867,"name":null,"confidence":"medium","source":"ams-nd43-12-1955"},"geometry":{"type":"Polygon","coordinates":[[[77.334902,13.175856],[77.333849,13.174501],[77.331756,13.17349],[77.330717,13.174173],[77.330374,13.174853],[77.330384,13.176212],[77.331084,13.176889],[77.331782,13.177226],[77.333869,13.177218],[77.334907,13.176535],[77.334902,13.175856]]]}},{"type":"Feature","properties":{"histId":"ams-nd43-12-1955-0237","sheet":"ams-nd43-12-1955","year":1955,"scale":250000,"areaM2":220463,"name":null,"confidence":"high","source":"ams-nd43-12-1955"},"geometry":{"type":"Polygon","coordinates":[[[77.290716,13.172959],[77.291064,13.172958],[77.294175,13.170229],[77.294868,13.169887],[77.295566,13.170224],[77.296259,13.169882],[77.296602,13.169202],[77.296595,13.168183],[77.295898,13.167846],[77.293125,13.169214],[77.291741,13.170238],[77.291045,13.170241],[77.2907,13.170581],[77.289311,13.170926],[77.28793,13.17229],[77.287939,13.173648],[77.289332,13.173983],[77.290716,13.172959]]]}},{"type":"Feature","properties":{"histId":"ams-nd43-12-1955-0238","sheet":"ams-nd43-12-1955","year":1955,"scale":250000,"areaM2":370765,"name":null,"confidence":"high","source":"ams-nd43-12-1955"},"geometry":{"type":"Polygon","coordinates":[[[77.480535,13.166442],[77.478796,13.166449],[77.478451,13.16679],[77.475322,13.166803],[77.474629,13.167146],[77.474632,13.167486],[77.473941,13.168168],[77.473248,13.168511],[77.47255,13.168174],[77.471165,13.168859],[77.471173,13.169878],[77.472566,13.170212],[77.473949,13.169187],[77.47499,13.168843],[77.476386,13.169516],[77.47882,13.169506],[77.47917,13.169844],[77.479865,13.169841],[77.481959,13.170851],[77.482997,13.170167],[77.482976,13.16745],[77.481227,13.166099],[77.480535,13.166442]]]}},{"type":"Feature","properties":{"histId":"ams-nd43-12-1955-0239","sheet":"ams-nd43-12-1955","year":1955,"scale":250000,"areaM2":1097401,"name":null,"confidence":"high","source":"ams-nd43-12-1955"},"geometry":{"type":"Polygon","coordinates":[[[77.439196,13.17171],[77.440924,13.170344],[77.443696,13.168974],[77.444046,13.169313],[77.451348,13.169282],[77.451698,13.16962],[77.453084,13.168935],[77.454475,13.168929],[77.456569,13.16994],[77.457954,13.169255],[77.45865,13.169252],[77.458995,13.168911],[77.460388,13.169244],[77.460739,13.169583],[77.461434,13.16958],[77.461779,13.169238],[77.462475,13.169236],[77.46386,13.16855],[77.465259,13.169563],[77.465619,13.17126],[77.466317,13.171597],[77.46701,13.171254],[77.467353,13.170574],[77.467345,13.169555],[77.468033,13.168533],[77.468028,13.167853],[77.467677,13.167515],[77.467319,13.166158],[77.466621,13.165821],[77.465231,13.165827],[77.4635,13.166854],[77.457934,13.166537],[77.457589,13.166879],[77.454807,13.16689],[77.454457,13.166552],[77.453414,13.166556],[77.453063,13.166218],[77.452718,13.166559],[77.450635,13.166908],[77.450289,13.167249],[77.449939,13.16691],[77.448896,13.166915],[77.447848,13.16624],[77.446805,13.166244],[77.44646,13.166585],[77.440896,13.166608],[77.440551,13.166949],[77.438812,13.166957],[77.437427,13.167642],[77.437452,13.171038],[77.4385,13.171713],[77.439196,13.17171]]]}},{"type":"Feature","properties":{"histId":"ams-nd43-12-1955-0240","sheet":"ams-nd43-12-1955","year":1955,"scale":250000,"areaM2":530246,"name":null,"confidence":"high","source":"ams-nd43-12-1955"},"geometry":{"type":"Polygon","coordinates":[[[77.300797,13.172244],[77.301844,13.172919],[77.302883,13.172236],[77.303224,13.171216],[77.304262,13.170533],[77.30426,13.170193],[77.304951,13.169512],[77.308416,13.167801],[77.308762,13.16746],[77.308755,13.166441],[77.307007,13.165088],[77.305611,13.164414],[77.304572,13.165097],[77.304229,13.165778],[77.303536,13.16612],[77.301443,13.165108],[77.30075,13.16545],[77.300411,13.16681],[77.299375,13.167833],[77.299032,13.168514],[77.299039,13.169533],[77.300442,13.171226],[77.300797,13.172244]]]}},{"type":"Feature","properties":{"histId":"ams-nd43-12-1955-0241","sheet":"ams-nd43-12-1955","year":1955,"scale":250000,"areaM2":117671,"name":null,"confidence":"medium","source":"ams-nd43-12-1955"},"geometry":{"type":"Polygon","coordinates":[[[77.203394,13.168159],[77.201992,13.166465],[77.200946,13.166128],[77.200253,13.16647],[77.200612,13.168168],[77.201312,13.168845],[77.202018,13.170541],[77.203066,13.171217],[77.203759,13.170875],[77.203394,13.168159]]]}},{"type":"Feature","properties":{"histId":"ams-nd43-12-1955-0242","sheet":"ams-nd43-12-1955","year":1955,"scale":250000,"areaM2":264420,"name":null,"confidence":"high","source":"ams-nd43-12-1955"},"geometry":{"type":"Polygon","coordinates":[[[77.385589,13.164113],[77.383503,13.164122],[77.383158,13.164463],[77.381769,13.164808],[77.381781,13.166506],[77.38283,13.167181],[77.383525,13.167179],[77.384573,13.167854],[77.385269,13.167851],[77.386317,13.168526],[77.388403,13.168518],[77.389096,13.168176],[77.389086,13.166817],[77.385589,13.164113]]]}},{"type":"Feature","properties":{"histId":"ams-nd43-12-1955-0243","sheet":"ams-nd43-12-1955","year":1955,"scale":250000,"areaM2":85776,"name":null,"confidence":"medium","source":"ams-nd43-12-1955"},"geometry":{"type":"Polygon","coordinates":[[[77.365426,13.164871],[77.363687,13.164878],[77.362639,13.164202],[77.362294,13.164543],[77.361944,13.164205],[77.361951,13.165224],[77.362304,13.165902],[77.363702,13.166916],[77.364397,13.166913],[77.364743,13.166572],[77.366131,13.166227],[77.366124,13.165208],[77.365426,13.164871]]]}},{"type":"Feature","properties":{"histId":"ams-nd43-12-1955-0244","sheet":"ams-nd43-12-1955","year":1955,"scale":250000,"areaM2":96407,"name":null,"confidence":"medium","source":"ams-nd43-12-1955"},"geometry":{"type":"Polygon","coordinates":[[[77.254499,13.165612],[77.252413,13.165619],[77.251715,13.165282],[77.251022,13.165624],[77.251026,13.166303],[77.253469,13.167654],[77.254863,13.167989],[77.255901,13.167306],[77.255897,13.166626],[77.254499,13.165612]]]}},{"type":"Feature","properties":{"histId":"ams-nd43-12-1955-0245","sheet":"ams-nd43-12-1955","year":1955,"scale":250000,"areaM2":309078,"name":null,"confidence":"high","source":"ams-nd43-12-1955"},"geometry":{"type":"Polygon","coordinates":[[[77.348759,13.168331],[77.348754,13.167652],[77.34944,13.16629],[77.350819,13.164587],[77.351167,13.164586],[77.351857,13.163904],[77.351853,13.163224],[77.351155,13.162887],[77.350116,13.16357],[77.349421,13.163573],[77.349071,13.163235],[77.347677,13.1629],[77.346291,13.163585],[77.344219,13.165631],[77.344229,13.166989],[77.347371,13.168676],[77.348759,13.168331]]]}},{"type":"Feature","properties":{"histId":"ams-nd43-12-1955-0246","sheet":"ams-nd43-12-1955","year":1955,"scale":250000,"areaM2":59544,"name":null,"confidence":"low","source":"ams-nd43-12-1955"},"geometry":{"type":"Polygon","coordinates":[[[77.155382,13.165251],[77.155032,13.164912],[77.155027,13.164233],[77.15433,13.163895],[77.153636,13.164237],[77.153653,13.166955],[77.154699,13.167291],[77.155392,13.166949],[77.155382,13.165251]]]}},{"type":"Feature","properties":{"histId":"ams-nd43-12-1955-0247","sheet":"ams-nd43-12-1955","year":1955,"scale":250000,"areaM2":148869,"name":null,"confidence":"medium","source":"ams-nd43-12-1955"},"geometry":{"type":"Polygon","coordinates":[[[77.375513,13.165172],[77.376899,13.164487],[77.377594,13.164484],[77.37898,13.1638],[77.378973,13.162781],[77.378275,13.162444],[77.376884,13.162449],[77.376534,13.162111],[77.375491,13.162115],[77.37514,13.161776],[77.373757,13.162801],[77.373771,13.164839],[77.374469,13.165176],[77.375513,13.165172]]]}},{"type":"Feature","properties":{"histId":"ams-nd43-12-1955-0248","sheet":"ams-nd43-12-1955","year":1955,"scale":250000,"areaM2":6324497,"name":null,"confidence":"high","source":"ams-nd43-12-1955"},"geometry":{"type":"Polygon","coordinates":[[[77.481819,13.15251],[77.482782,13.152819],[77.482901,13.152883],[77.486003,13.155878],[77.488086,13.159535],[77.488125,13.159636],[77.488145,13.161539],[77.488119,13.161642],[77.488064,13.161734],[77.487803,13.161995],[77.487807,13.162574],[77.487784,13.162702],[77.485748,13.16608],[77.485777,13.169815],[77.486064,13.170103],[77.486111,13.170199],[77.486128,13.170303],[77.486166,13.175248],[77.487915,13.176599],[77.491299,13.176917],[77.491368,13.176937],[77.491461,13.176991],[77.491745,13.177262],[77.492353,13.177259],[77.492454,13.177273],[77.494515,13.178262],[77.495235,13.178945],[77.495502,13.178951],[77.495635,13.179004],[77.498386,13.181648],[77.499083,13.181985],[77.499167,13.18197],[77.499276,13.18198],[77.499376,13.18202],[77.499461,13.182087],[77.499569,13.182227],[77.49961,13.182318],[77.499623,13.182417],[77.499623,13.182636],[77.501354,13.184678],[77.501705,13.185695],[77.502664,13.186634],[77.502704,13.186694],[77.502741,13.186794],[77.502747,13.187054],[77.503451,13.187389],[77.504494,13.186714],[77.504498,13.185844],[77.504514,13.185739],[77.504583,13.185615],[77.504848,13.185354],[77.504858,13.182976],[77.502788,13.180949],[77.50244,13.180271],[77.502426,13.180171],[77.502434,13.178217],[77.501748,13.177195],[77.501399,13.175159],[77.501124,13.174887],[77.501067,13.174791],[77.501047,13.17472],[77.500735,13.170221],[77.500769,13.170081],[77.500855,13.169966],[77.502094,13.169064],[77.502195,13.169023],[77.503521,13.1687],[77.503526,13.167341],[77.502482,13.166662],[77.501085,13.166662],[77.500808,13.166794],[77.500704,13.166817],[77.500564,13.1668],[77.50044,13.166733],[77.500369,13.166655],[77.500324,13.166561],[77.50031,13.166493],[77.500307,13.166267],[77.499647,13.165001],[77.497912,13.163322],[77.497569,13.162678],[77.497542,13.162547],[77.497535,13.161613],[77.497237,13.161314],[77.497201,13.161247],[77.497176,13.161137],[77.49679,13.155163],[77.496502,13.154875],[77.496455,13.15478],[77.496439,13.154675],[77.496399,13.149541],[77.496414,13.149436],[77.49646,13.149339],[77.496743,13.149049],[77.496732,13.147691],[77.49569,13.146014],[77.495315,13.144301],[77.494609,13.143263],[77.494254,13.141928],[77.493554,13.141252],[77.491664,13.14034],[77.491602,13.140302],[77.491525,13.140223],[77.491476,13.140126],[77.491458,13.140018],[77.491441,13.137864],[77.490125,13.13659],[77.490084,13.136532],[77.490047,13.136432],[77.490038,13.136172],[77.48934,13.135836],[77.488648,13.136178],[77.488664,13.138216],[77.490067,13.139907],[77.491259,13.140483],[77.491375,13.140571],[77.491434,13.140663],[77.491464,13.140804],[77.491468,13.141441],[77.491442,13.141545],[77.491408,13.141608],[77.491306,13.141708],[77.490505,13.142236],[77.490413,13.14228],[77.487654,13.142636],[77.48739,13.142894],[77.487297,13.142949],[77.487192,13.142975],[77.484567,13.142982],[77.484435,13.142929],[77.483479,13.142314],[77.482092,13.14266],[77.481404,13.143681],[77.481416,13.145229],[77.481388,13.145368],[77.481309,13.145486],[77.480727,13.146062],[77.480732,13.146741],[77.480998,13.147],[77.481054,13.147091],[77.481081,13.147193],[77.481104,13.149986],[77.481089,13.150091],[77.481043,13.150187],[77.480761,13.150477],[77.480769,13.151496],[77.481819,13.15251]]]}},{"type":"Feature","properties":{"histId":"ams-nd43-12-1955-0249","sheet":"ams-nd43-12-1955","year":1955,"scale":250000,"areaM2":146745,"name":null,"confidence":"medium","source":"ams-nd43-12-1955"},"geometry":{"type":"Polygon","coordinates":[[[77.440523,13.163213],[77.442262,13.163206],[77.442954,13.162864],[77.443297,13.162183],[77.443282,13.160145],[77.441888,13.159811],[77.43981,13.160839],[77.438767,13.160843],[77.438074,13.161185],[77.438079,13.161865],[77.439125,13.1622],[77.440523,13.163213]]]}},{"type":"Feature","properties":{"histId":"ams-nd43-12-1955-0250","sheet":"ams-nd43-12-1955","year":1955,"scale":250000,"areaM2":150286,"name":null,"confidence":"high","source":"ams-nd43-12-1955"},"geometry":{"type":"Polygon","coordinates":[[[77.359505,13.163535],[77.3602,13.163532],[77.360551,13.163871],[77.360896,13.16353],[77.361246,13.163868],[77.360872,13.160133],[77.360174,13.159796],[77.359828,13.160137],[77.359131,13.1598],[77.358438,13.160142],[77.35844,13.160482],[77.357749,13.161164],[77.357421,13.163882],[77.358467,13.164218],[77.359505,13.163535]]]}},{"type":"Feature","properties":{"histId":"ams-nd43-12-1955-0251","sheet":"ams-nd43-12-1955","year":1955,"scale":250000,"areaM2":95700,"name":null,"confidence":"medium","source":"ams-nd43-12-1955"},"geometry":{"type":"Polygon","coordinates":[[[77.329943,13.162967],[77.329936,13.161948],[77.329586,13.161609],[77.329581,13.16093],[77.328533,13.160254],[77.32784,13.160597],[77.327497,13.161277],[77.327164,13.163316],[77.328562,13.16433],[77.3296,13.163647],[77.329943,13.162967]]]}},{"type":"Feature","properties":{"histId":"ams-nd43-12-1955-0252","sheet":"ams-nd43-12-1955","year":1955,"scale":250000,"areaM2":76563,"name":null,"confidence":"medium","source":"ams-nd43-12-1955"},"geometry":{"type":"Polygon","coordinates":[[[77.455802,13.160433],[77.455098,13.159417],[77.454053,13.159081],[77.453015,13.159765],[77.452677,13.161125],[77.454424,13.162137],[77.455807,13.161112],[77.455802,13.160433]]]}},{"type":"Feature","properties":{"histId":"ams-nd43-12-1955-0253","sheet":"ams-nd43-12-1955","year":1955,"scale":250000,"areaM2":60964,"name":null,"confidence":"low","source":"ams-nd43-12-1955"},"geometry":{"type":"Polygon","coordinates":[[[77.30489,13.16068],[77.30454,13.160342],[77.304533,13.159323],[77.303835,13.158986],[77.303142,13.159328],[77.303156,13.161366],[77.303506,13.161704],[77.30351,13.162383],[77.304208,13.162721],[77.304901,13.162378],[77.30489,13.16068]]]}},{"type":"Feature","properties":{"histId":"ams-nd43-12-1955-0254","sheet":"ams-nd43-12-1955","year":1955,"scale":250000,"areaM2":384912,"name":null,"confidence":"high","source":"ams-nd43-12-1955"},"geometry":{"type":"Polygon","coordinates":[[[77.199524,13.161377],[77.198827,13.16104],[77.198474,13.160362],[77.198127,13.160363],[77.197427,13.159686],[77.196729,13.159348],[77.194643,13.159355],[77.192197,13.157664],[77.191504,13.158006],[77.191508,13.158685],[77.19221,13.159702],[77.192215,13.160381],[77.195364,13.163429],[77.197458,13.164441],[77.198501,13.164438],[77.198851,13.164776],[77.199546,13.164774],[77.200933,13.16409],[77.200924,13.162732],[77.199524,13.161377]]]}},{"type":"Feature","properties":{"histId":"ams-nd43-12-1955-0255","sheet":"ams-nd43-12-1955","year":1955,"scale":250000,"areaM2":348073,"name":null,"confidence":"high","source":"ams-nd43-12-1955"},"geometry":{"type":"Polygon","coordinates":[[[77.418552,13.154472],[77.416106,13.152783],[77.414717,13.153129],[77.41438,13.154489],[77.414732,13.155167],[77.416128,13.15584],[77.416829,13.156517],[77.416841,13.158215],[77.416153,13.159237],[77.416163,13.160595],[77.417557,13.160929],[77.417907,13.161268],[77.419993,13.161259],[77.420686,13.160917],[77.420318,13.158201],[77.418552,13.154472]]]}},{"type":"Feature","properties":{"histId":"ams-nd43-12-1955-0256","sheet":"ams-nd43-12-1955","year":1955,"scale":250000,"areaM2":336735,"name":null,"confidence":"high","source":"ams-nd43-12-1955"},"geometry":{"type":"Polygon","coordinates":[[[77.463781,13.158021],[77.465877,13.159371],[77.466918,13.159027],[77.466902,13.156989],[77.467247,13.156648],[77.467237,13.15529],[77.47,13.1529],[77.469995,13.152221],[77.469297,13.151884],[77.468952,13.152225],[77.467561,13.152231],[77.466524,13.152915],[77.465135,13.153261],[77.462374,13.155989],[77.462032,13.15667],[77.46204,13.157689],[77.462738,13.158026],[77.463781,13.158021]]]}},{"type":"Feature","properties":{"histId":"ams-nd43-12-1955-0257","sheet":"ams-nd43-12-1955","year":1955,"scale":250000,"areaM2":486284,"name":null,"confidence":"high","source":"ams-nd43-12-1955"},"geometry":{"type":"Polygon","coordinates":[[[77.239514,13.160907],[77.238464,13.159891],[77.238457,13.158872],[77.239148,13.158191],[77.239139,13.156832],[77.238441,13.156495],[77.23705,13.156499],[77.236003,13.155823],[77.235996,13.154804],[77.236685,13.153783],[77.236676,13.152424],[77.235973,13.151408],[77.23458,13.151073],[77.233887,13.151415],[77.233546,13.152435],[77.231819,13.154139],[77.229737,13.154825],[77.229743,13.155844],[77.231137,13.156179],[77.231482,13.155838],[77.232873,13.155834],[77.233571,13.156171],[77.234971,13.157525],[77.235675,13.158882],[77.236723,13.159558],[77.236739,13.161935],[77.238137,13.16295],[77.239521,13.161926],[77.239514,13.160907]]]}},{"type":"Feature","properties":{"histId":"ams-nd43-12-1955-0258","sheet":"ams-nd43-12-1955","year":1955,"scale":250000,"areaM2":72304,"name":null,"confidence":"low","source":"ams-nd43-12-1955"},"geometry":{"type":"Polygon","coordinates":[[[77.226961,13.155853],[77.227655,13.155511],[77.227648,13.154492],[77.226252,13.153818],[77.224861,13.153822],[77.224168,13.154164],[77.224175,13.155183],[77.225223,13.155859],[77.226961,13.155853]]]}},{"type":"Feature","properties":{"histId":"ams-nd43-12-1955-0259","sheet":"ams-nd43-12-1955","year":1955,"scale":250000,"areaM2":126892,"name":null,"confidence":"medium","source":"ams-nd43-12-1955"},"geometry":{"type":"Polygon","coordinates":[[[77.376472,13.153619],[77.376463,13.152261],[77.374714,13.150909],[77.373676,13.151592],[77.373679,13.151932],[77.3723,13.153635],[77.371259,13.153979],[77.372302,13.153975],[77.37335,13.15465],[77.375089,13.154644],[77.376472,13.153619]]]}},{"type":"Feature","properties":{"histId":"ams-nd43-12-1955-0260","sheet":"ams-nd43-12-1955","year":1955,"scale":250000,"areaM2":747171,"name":null,"confidence":"high","source":"ams-nd43-12-1955"},"geometry":{"type":"Polygon","coordinates":[[[77.353891,13.156423],[77.351785,13.153714],[77.351416,13.150658],[77.35036,13.148964],[77.350351,13.147605],[77.351041,13.146923],[77.351036,13.146244],[77.350684,13.145566],[77.349986,13.145229],[77.348248,13.145235],[77.347897,13.144897],[77.347204,13.145239],[77.347209,13.145919],[77.348262,13.147273],[77.348267,13.147953],[77.346883,13.148977],[77.345145,13.148983],[77.344452,13.149326],[77.344454,13.149665],[77.343763,13.150347],[77.343435,13.153066],[77.344138,13.154082],[77.344835,13.154419],[77.346922,13.154411],[77.347272,13.15475],[77.350056,13.155079],[77.350754,13.155416],[77.351804,13.156431],[77.351812,13.15745],[77.352164,13.158128],[77.35321,13.158464],[77.353903,13.158121],[77.353891,13.156423]]]}},{"type":"Feature","properties":{"histId":"ams-nd43-12-1955-0261","sheet":"ams-nd43-12-1955","year":1955,"scale":250000,"areaM2":104202,"name":null,"confidence":"medium","source":"ams-nd43-12-1955"},"geometry":{"type":"Polygon","coordinates":[[[77.188339,13.152581],[77.187294,13.152244],[77.185546,13.150891],[77.184505,13.151234],[77.18451,13.151913],[77.185911,13.153607],[77.188005,13.15462],[77.189046,13.154277],[77.189039,13.153258],[77.188339,13.152581]]]}},{"type":"Feature","properties":{"histId":"ams-nd43-12-1955-0262","sheet":"ams-nd43-12-1955","year":1955,"scale":250000,"areaM2":306935,"name":null,"confidence":"high","source":"ams-nd43-12-1955"},"geometry":{"type":"Polygon","coordinates":[[[77.176883,13.155674],[77.176863,13.152617],[77.17755,13.151256],[77.177546,13.150576],[77.180319,13.149209],[77.180313,13.14819],[77.179267,13.147853],[77.174416,13.150586],[77.174073,13.151266],[77.174088,13.153644],[77.173399,13.154665],[77.173405,13.155684],[77.174105,13.156362],[77.175498,13.156697],[77.176883,13.155674]]]}},{"type":"Feature","properties":{"histId":"ams-nd43-12-1955-0263","sheet":"ams-nd43-12-1955","year":1955,"scale":250000,"areaM2":158793,"name":null,"confidence":"high","source":"ams-nd43-12-1955"},"geometry":{"type":"Polygon","coordinates":[[[77.389643,13.147794],[77.388598,13.147458],[77.3872,13.146445],[77.386504,13.146447],[77.385466,13.147131],[77.385826,13.148828],[77.387227,13.150181],[77.387925,13.150518],[77.388968,13.150514],[77.390351,13.149489],[77.390344,13.14847],[77.389643,13.147794]]]}},{"type":"Feature","properties":{"histId":"ams-nd43-12-1955-0264","sheet":"ams-nd43-12-1955","year":1955,"scale":250000,"areaM2":63802,"name":null,"confidence":"low","source":"ams-nd43-12-1955"},"geometry":{"type":"Polygon","coordinates":[[[77.467878,13.148154],[77.46787,13.147135],[77.467518,13.146457],[77.46682,13.146121],[77.465434,13.146806],[77.465447,13.148504],[77.466145,13.148841],[77.46684,13.148838],[77.467878,13.148154]]]}},{"type":"Feature","properties":{"histId":"ams-nd43-12-1955-0265","sheet":"ams-nd43-12-1955","year":1955,"scale":250000,"areaM2":138237,"name":null,"confidence":"medium","source":"ams-nd43-12-1955"},"geometry":{"type":"Polygon","coordinates":[[[77.44318,13.146559],[77.443875,13.146556],[77.445969,13.147567],[77.446662,13.147224],[77.447,13.145864],[77.446297,13.144848],[77.445251,13.144513],[77.44283,13.146221],[77.441782,13.145546],[77.440739,13.14555],[77.440046,13.145893],[77.440053,13.146912],[77.441449,13.147585],[77.44318,13.146559]]]}},{"type":"Feature","properties":{"histId":"ams-nd43-12-1955-0266","sheet":"ams-nd43-12-1955","year":1955,"scale":250000,"areaM2":1312177,"name":null,"confidence":"high","source":"ams-nd43-12-1955"},"geometry":{"type":"Polygon","coordinates":[[[77.400494,13.157601],[77.400839,13.15726],[77.400834,13.156581],[77.401867,13.155218],[77.401865,13.154878],[77.402901,13.153855],[77.402896,13.153176],[77.403241,13.152835],[77.403589,13.152834],[77.405315,13.151128],[77.406355,13.150785],[77.409464,13.148055],[77.41085,13.14737],[77.412596,13.148382],[77.413639,13.148378],[77.414677,13.147694],[77.41466,13.145317],[77.41431,13.144978],[77.414305,13.144299],[77.41465,13.143958],[77.414642,13.142939],[77.414988,13.142598],[77.414978,13.14124],[77.413234,13.140567],[77.411156,13.141595],[77.410458,13.141258],[77.409057,13.139905],[77.408702,13.138887],[77.408001,13.13821],[77.405908,13.1372],[77.403126,13.137211],[77.402776,13.136873],[77.401733,13.136877],[77.399987,13.135865],[77.398597,13.13587],[77.397904,13.136213],[77.397561,13.136893],[77.397569,13.137912],[77.398269,13.138589],[77.399314,13.138924],[77.39966,13.138583],[77.400703,13.138579],[77.401048,13.138238],[77.402439,13.138233],[77.402789,13.138571],[77.404179,13.138565],[77.404877,13.138902],[77.409079,13.142961],[77.409432,13.143639],[77.40944,13.144658],[77.408061,13.146362],[77.406675,13.147047],[77.405627,13.146372],[77.404932,13.146375],[77.403894,13.147058],[77.403901,13.148077],[77.403216,13.149438],[77.402526,13.15012],[77.40253,13.1508],[77.4015,13.152502],[77.401505,13.153181],[77.398743,13.15591],[77.398395,13.155911],[77.397705,13.156593],[77.397717,13.158291],[77.399118,13.159645],[77.399816,13.159981],[77.400509,13.159639],[77.400494,13.157601]]]}},{"type":"Feature","properties":{"histId":"ams-nd43-12-1955-0267","sheet":"ams-nd43-12-1955","year":1955,"scale":250000,"areaM2":75851,"name":null,"confidence":"medium","source":"ams-nd43-12-1955"},"geometry":{"type":"Polygon","coordinates":[[[77.337828,13.146973],[77.338519,13.146291],[77.338855,13.144591],[77.337462,13.144257],[77.336423,13.14494],[77.336428,13.145619],[77.335737,13.146301],[77.335742,13.14698],[77.337135,13.147315],[77.337828,13.146973]]]}},{"type":"Feature","properties":{"histId":"ams-nd43-12-1955-0268","sheet":"ams-nd43-12-1955","year":1955,"scale":250000,"areaM2":82230,"name":null,"confidence":"medium","source":"ams-nd43-12-1955"},"geometry":{"type":"Polygon","coordinates":[[[77.31523,13.147395],[77.316268,13.146712],[77.316256,13.145014],[77.315558,13.144677],[77.314168,13.144682],[77.313475,13.145024],[77.313489,13.147062],[77.314186,13.147399],[77.31523,13.147395]]]}},{"type":"Feature","properties":{"histId":"ams-nd43-12-1955-0269","sheet":"ams-nd43-12-1955","year":1955,"scale":250000,"areaM2":96408,"name":null,"confidence":"medium","source":"ams-nd43-12-1955"},"geometry":{"type":"Polygon","coordinates":[[[77.326006,13.147016],[77.326699,13.146674],[77.327038,13.145314],[77.32564,13.1443],[77.324249,13.144305],[77.323556,13.144648],[77.32357,13.146686],[77.324268,13.147023],[77.326006,13.147016]]]}},{"type":"Feature","properties":{"histId":"ams-nd43-12-1955-0270","sheet":"ams-nd43-12-1955","year":1955,"scale":250000,"areaM2":104208,"name":null,"confidence":"medium","source":"ams-nd43-12-1955"},"geometry":{"type":"Polygon","coordinates":[[[77.383368,13.145441],[77.382662,13.144085],[77.382648,13.142047],[77.38195,13.14171],[77.381257,13.142052],[77.381277,13.144769],[77.380931,13.14511],[77.380936,13.14579],[77.381639,13.146806],[77.382337,13.147143],[77.383375,13.14646],[77.383368,13.145441]]]}},{"type":"Feature","properties":{"histId":"ams-nd43-12-1955-0271","sheet":"ams-nd43-12-1955","year":1955,"scale":250000,"areaM2":264409,"name":null,"confidence":"high","source":"ams-nd43-12-1955"},"geometry":{"type":"Polygon","coordinates":[[[77.255394,13.14353],[77.253656,13.143536],[77.252269,13.14422],[77.250878,13.144224],[77.250533,13.144565],[77.247749,13.144235],[77.247056,13.144577],[77.247062,13.145596],[77.24776,13.145933],[77.249151,13.145929],[77.250547,13.146603],[77.251599,13.147958],[77.252297,13.148296],[77.25299,13.147954],[77.253328,13.146594],[77.254019,13.145912],[77.256449,13.145224],[77.256442,13.144205],[77.255394,13.14353]]]}},{"type":"Feature","properties":{"histId":"ams-nd43-12-1955-0272","sheet":"ams-nd43-12-1955","year":1955,"scale":250000,"areaM2":472114,"name":null,"confidence":"high","source":"ams-nd43-12-1955"},"geometry":{"type":"Polygon","coordinates":[[[77.302343,13.144385],[77.300943,13.143031],[77.300936,13.142012],[77.29954,13.141338],[77.299195,13.141679],[77.298499,13.141681],[77.296752,13.140329],[77.295356,13.139654],[77.293965,13.139659],[77.293272,13.140001],[77.293279,13.14102],[77.295022,13.141694],[77.296073,13.142709],[77.296425,13.143387],[77.296432,13.144406],[77.297484,13.145761],[77.298182,13.146098],[77.300616,13.146089],[77.302012,13.146764],[77.302717,13.14812],[77.303414,13.148457],[77.304453,13.147774],[77.30445,13.147434],[77.305141,13.146753],[77.305132,13.145394],[77.302343,13.144385]]]}},{"type":"Feature","properties":{"histId":"ams-nd43-12-1955-0273","sheet":"ams-nd43-12-1955","year":1955,"scale":250000,"areaM2":78687,"name":null,"confidence":"medium","source":"ams-nd43-12-1955"},"geometry":{"type":"Polygon","coordinates":[[[77.361791,13.142806],[77.360738,13.141452],[77.359345,13.141117],[77.358652,13.14146],[77.358659,13.142479],[77.359712,13.143833],[77.360758,13.144169],[77.361796,13.143486],[77.361791,13.142806]]]}},{"type":"Feature","properties":{"histId":"ams-nd43-12-1955-0274","sheet":"ams-nd43-12-1955","year":1955,"scale":250000,"areaM2":188568,"name":null,"confidence":"high","source":"ams-nd43-12-1955"},"geometry":{"type":"Polygon","coordinates":[[[77.418107,13.141227],[77.4188,13.140884],[77.419485,13.139523],[77.420525,13.139179],[77.421211,13.137818],[77.421543,13.135778],[77.420498,13.135443],[77.418769,13.136809],[77.418422,13.13681],[77.418082,13.13783],[77.416356,13.139536],[77.416366,13.140894],[77.417064,13.141231],[77.418107,13.141227]]]}},{"type":"Feature","properties":{"histId":"ams-nd43-12-1955-0275","sheet":"ams-nd43-12-1955","year":1955,"scale":250000,"areaM2":187855,"name":null,"confidence":"high","source":"ams-nd43-12-1955"},"geometry":{"type":"Polygon","coordinates":[[[77.339519,13.140173],[77.339517,13.139833],[77.338116,13.13848],[77.337769,13.138481],[77.336718,13.137466],[77.334975,13.136793],[77.334273,13.135777],[77.333575,13.13544],[77.332882,13.135782],[77.332887,13.136461],[77.334632,13.137474],[77.334635,13.137813],[77.335685,13.138829],[77.33604,13.139846],[77.33779,13.141538],[77.339186,13.142212],[77.340224,13.141529],[77.340219,13.14085],[77.339519,13.140173]]]}},{"type":"Feature","properties":{"histId":"ams-nd43-12-1955-0276","sheet":"ams-nd43-12-1955","year":1955,"scale":250000,"areaM2":221872,"name":null,"confidence":"high","source":"ams-nd43-12-1955"},"geometry":{"type":"Polygon","coordinates":[[[77.175047,13.140393],[77.17714,13.141406],[77.178183,13.141403],[77.178533,13.141741],[77.18201,13.14173],[77.182356,13.14139],[77.183399,13.141386],[77.184785,13.140703],[77.184779,13.139684],[77.183731,13.139008],[77.181645,13.139014],[77.179567,13.140379],[77.178176,13.140384],[77.175036,13.138695],[77.174343,13.139037],[77.174347,13.139716],[77.175047,13.140393]]]}},{"type":"Feature","properties":{"histId":"ams-nd43-12-1955-0277","sheet":"ams-nd43-12-1955","year":1955,"scale":250000,"areaM2":73725,"name":null,"confidence":"low","source":"ams-nd43-12-1955"},"geometry":{"type":"Polygon","coordinates":[[[77.384354,13.137624],[77.384344,13.136266],[77.383296,13.135591],[77.382601,13.135593],[77.381563,13.136277],[77.38157,13.137296],[77.381923,13.137974],[77.382621,13.138311],[77.383316,13.138308],[77.384354,13.137624]]]}},{"type":"Feature","properties":{"histId":"ams-nd43-12-1955-0278","sheet":"ams-nd43-12-1955","year":1955,"scale":250000,"areaM2":85774,"name":null,"confidence":"medium","source":"ams-nd43-12-1955"},"geometry":{"type":"Polygon","coordinates":[[[77.301951,13.137932],[77.304023,13.135887],[77.304016,13.134868],[77.302623,13.134533],[77.30193,13.134875],[77.301589,13.135896],[77.300555,13.137258],[77.30056,13.137937],[77.301258,13.138275],[77.301951,13.137932]]]}},{"type":"Feature","properties":{"histId":"ams-nd43-12-1955-0279","sheet":"ams-nd43-12-1955","year":1955,"scale":250000,"areaM2":73726,"name":null,"confidence":"low","source":"ams-nd43-12-1955"},"geometry":{"type":"Polygon","coordinates":[[[77.449694,13.134305],[77.447946,13.132953],[77.447253,13.133296],[77.447271,13.135673],[77.448667,13.136347],[77.449704,13.135663],[77.449694,13.134305]]]}},{"type":"Feature","properties":{"histId":"ams-nd43-12-1955-0280","sheet":"ams-nd43-12-1955","year":1955,"scale":250000,"areaM2":80107,"name":null,"confidence":"medium","source":"ams-nd43-12-1955"},"geometry":{"type":"Polygon","coordinates":[[[77.466372,13.132876],[77.464981,13.132882],[77.464288,13.133225],[77.463951,13.134585],[77.466045,13.135595],[77.467085,13.135251],[77.46707,13.133213],[77.466372,13.132876]]]}},{"type":"Feature","properties":{"histId":"ams-nd43-12-1955-0281","sheet":"ams-nd43-12-1955","year":1955,"scale":250000,"areaM2":222584,"name":null,"confidence":"high","source":"ams-nd43-12-1955"},"geometry":{"type":"Polygon","coordinates":[[[77.233793,13.137148],[77.235879,13.137141],[77.236572,13.136799],[77.23657,13.13646],[77.237261,13.135778],[77.237254,13.134759],[77.236202,13.133404],[77.235504,13.133066],[77.234461,13.13307],[77.230995,13.13478],[77.231,13.135459],[77.2317,13.136136],[77.233793,13.137148]]]}},{"type":"Feature","properties":{"histId":"ams-nd43-12-1955-0282","sheet":"ams-nd43-12-1955","year":1955,"scale":250000,"areaM2":409031,"name":null,"confidence":"high","source":"ams-nd43-12-1955"},"geometry":{"type":"Polygon","coordinates":[[[77.371483,13.136655],[77.370082,13.135302],[77.369037,13.134966],[77.368336,13.13429],[77.368329,13.133271],[77.369367,13.132587],[77.372844,13.132574],[77.373882,13.131891],[77.373877,13.131211],[77.372829,13.130536],[77.371091,13.130543],[77.370746,13.130884],[77.366226,13.130901],[77.365533,13.131243],[77.36519,13.131924],[77.365207,13.134302],[77.367305,13.135992],[77.367308,13.136332],[77.368708,13.137685],[77.370802,13.138696],[77.371842,13.138352],[77.371835,13.137333],[77.371483,13.136655]]]}},{"type":"Feature","properties":{"histId":"ams-nd43-12-1955-0283","sheet":"ams-nd43-12-1955","year":1955,"scale":250000,"areaM2":60255,"name":null,"confidence":"low","source":"ams-nd43-12-1955"},"geometry":{"type":"Polygon","coordinates":[[[77.296002,13.132519],[77.297391,13.132174],[77.298082,13.131492],[77.298077,13.130813],[77.297379,13.130476],[77.296336,13.13048],[77.295643,13.130822],[77.294955,13.131843],[77.294959,13.132523],[77.295657,13.13286],[77.296002,13.132519]]]}},{"type":"Feature","properties":{"histId":"ams-nd43-12-1955-0284","sheet":"ams-nd43-12-1955","year":1955,"scale":250000,"areaM2":258041,"name":null,"confidence":"high","source":"ams-nd43-12-1955"},"geometry":{"type":"Polygon","coordinates":[[[77.429174,13.13337],[77.430563,13.133025],[77.431253,13.132342],[77.431248,13.131663],[77.431593,13.131322],[77.431578,13.129284],[77.432266,13.128262],[77.432603,13.126902],[77.433293,13.12622],[77.433286,13.125201],[77.432588,13.124865],[77.430512,13.126232],[77.429142,13.128955],[77.429157,13.130992],[77.427779,13.132696],[77.427431,13.132698],[77.427436,13.133377],[77.428829,13.133711],[77.429174,13.13337]]]}},{"type":"Feature","properties":{"histId":"ams-nd43-12-1955-0285","sheet":"ams-nd43-12-1955","year":1955,"scale":250000,"areaM2":182191,"name":null,"confidence":"high","source":"ams-nd43-12-1955"},"geometry":{"type":"Polygon","coordinates":[[[77.479562,13.130103],[77.480605,13.130099],[77.480955,13.130437],[77.481995,13.130093],[77.481988,13.129074],[77.482675,13.128052],[77.48267,13.127373],[77.481964,13.126017],[77.480919,13.125682],[77.480226,13.126024],[77.477811,13.128412],[77.477818,13.129431],[77.479212,13.129765],[77.479562,13.130103]]]}},{"type":"Feature","properties":{"histId":"ams-nd43-12-1955-0286","sheet":"ams-nd43-12-1955","year":1955,"scale":250000,"areaM2":223300,"name":null,"confidence":"high","source":"ams-nd43-12-1955"},"geometry":{"type":"Polygon","coordinates":[[[77.350894,13.126204],[77.351252,13.127561],[77.351949,13.127898],[77.352992,13.127894],[77.354031,13.127211],[77.356464,13.127202],[77.357512,13.127877],[77.359243,13.126852],[77.359236,13.125833],[77.358538,13.125496],[77.357495,13.1255],[77.35715,13.125841],[77.354369,13.125851],[77.352275,13.12484],[77.350877,13.123826],[77.349837,13.12417],[77.349842,13.124849],[77.350894,13.126204]]]}},{"type":"Feature","properties":{"histId":"ams-nd43-12-1955-0287","sheet":"ams-nd43-12-1955","year":1955,"scale":250000,"areaM2":279304,"name":null,"confidence":"high","source":"ams-nd43-12-1955"},"geometry":{"type":"Polygon","coordinates":[[[77.379063,13.127115],[77.380106,13.127111],[77.380451,13.12677],[77.384276,13.126755],[77.386004,13.12539],[77.385997,13.124371],[77.384949,13.123696],[77.383558,13.123701],[77.383208,13.123363],[77.382513,13.123366],[77.380782,13.124391],[77.378696,13.124399],[77.377658,13.125083],[77.377315,13.125763],[77.377325,13.127122],[77.378718,13.127456],[77.379063,13.127115]]]}},{"type":"Feature","properties":{"histId":"ams-nd43-12-1955-0288","sheet":"ams-nd43-12-1955","year":1955,"scale":250000,"areaM2":85063,"name":null,"confidence":"medium","source":"ams-nd43-12-1955"},"geometry":{"type":"Polygon","coordinates":[[[77.207302,13.127384],[77.207297,13.126704],[77.207643,13.126363],[77.209725,13.125677],[77.210416,13.124996],[77.210409,13.123977],[77.209016,13.123642],[77.208323,13.123983],[77.207632,13.124665],[77.207638,13.125684],[77.206947,13.126366],[77.205907,13.126709],[77.205911,13.127388],[77.206609,13.127725],[77.207302,13.127384]]]}},{"type":"Feature","properties":{"histId":"ams-nd43-12-1955-0289","sheet":"ams-nd43-12-1955","year":1955,"scale":250000,"areaM2":51038,"name":null,"confidence":"low","source":"ams-nd43-12-1955"},"geometry":{"type":"Polygon","coordinates":[[[77.242397,13.123872],[77.2417,13.123535],[77.241004,13.123537],[77.239966,13.12422],[77.239973,13.125239],[77.24102,13.125915],[77.242404,13.124891],[77.242397,13.123872]]]}},{"type":"Feature","properties":{"histId":"ams-nd43-12-1955-0290","sheet":"ams-nd43-12-1955","year":1955,"scale":250000,"areaM2":314041,"name":null,"confidence":"high","source":"ams-nd43-12-1955"},"geometry":{"type":"Polygon","coordinates":[[[77.409968,13.121899],[77.40822,13.120547],[77.407524,13.12055],[77.405793,13.121576],[77.404751,13.12158],[77.4044,13.121242],[77.400228,13.121258],[77.399536,13.121601],[77.399543,13.12262],[77.400243,13.123296],[77.401639,13.12397],[77.402682,13.123966],[77.40372,13.123282],[77.405458,13.123276],[77.405808,13.123614],[77.406851,13.12361],[77.407202,13.123948],[77.408592,13.123942],[77.408942,13.124281],[77.41033,13.123935],[77.41032,13.122577],[77.409968,13.121899]]]}},{"type":"Feature","properties":{"histId":"ams-nd43-12-1955-0291","sheet":"ams-nd43-12-1955","year":1955,"scale":250000,"areaM2":740805,"name":null,"confidence":"high","source":"ams-nd43-12-1955"},"geometry":{"type":"Polygon","coordinates":[[[77.436732,13.121111],[77.437427,13.121109],[77.439521,13.122119],[77.44232,13.124485],[77.442322,13.124825],[77.443023,13.125501],[77.444068,13.125836],[77.446491,13.124468],[77.44788,13.124122],[77.448912,13.12276],[77.448905,13.121741],[77.44994,13.120717],[77.450633,13.120375],[77.452371,13.120368],[77.453064,13.120025],[77.453058,13.119346],[77.451663,13.118672],[77.45062,13.118677],[77.448889,13.119703],[77.447846,13.119707],[77.446809,13.120391],[77.444723,13.120399],[77.443675,13.119724],[77.442979,13.119727],[77.440886,13.118717],[77.437062,13.118732],[77.435676,13.119417],[77.434986,13.1201],[77.434996,13.121458],[77.435694,13.121795],[77.436732,13.121111]]]}},{"type":"Feature","properties":{"histId":"ams-nd43-12-1955-0292","sheet":"ams-nd43-12-1955","year":1955,"scale":250000,"areaM2":224716,"name":null,"confidence":"high","source":"ams-nd43-12-1955"},"geometry":{"type":"Polygon","coordinates":[[[77.330736,13.127298],[77.331422,13.125937],[77.331412,13.124578],[77.332103,13.123896],[77.332443,13.122876],[77.333825,13.121512],[77.33382,13.120833],[77.335206,13.120148],[77.335894,13.119127],[77.335887,13.118108],[77.335537,13.117769],[77.334491,13.117434],[77.333798,13.117776],[77.333122,13.120496],[77.332429,13.120838],[77.330012,13.123225],[77.330024,13.124923],[77.329679,13.125264],[77.329345,13.127303],[77.330043,13.12764],[77.330736,13.127298]]]}},{"type":"Feature","properties":{"histId":"ams-nd43-12-1955-0293","sheet":"ams-nd43-12-1955","year":1955,"scale":250000,"areaM2":106333,"name":null,"confidence":"medium","source":"ams-nd43-12-1955"},"geometry":{"type":"Polygon","coordinates":[[[77.348079,13.121459],[77.347029,13.120444],[77.347026,13.120104],[77.345633,13.11977],[77.34425,13.120794],[77.34426,13.122153],[77.345307,13.122828],[77.346,13.122486],[77.34635,13.122824],[77.347393,13.12282],[77.348086,13.122478],[77.348079,13.121459]]]}},{"type":"Feature","properties":{"histId":"ams-nd43-12-1955-0294","sheet":"ams-nd43-12-1955","year":1955,"scale":250000,"areaM2":60253,"name":null,"confidence":"low","source":"ams-nd43-12-1955"},"geometry":{"type":"Polygon","coordinates":[[[77.19752,13.120281],[77.196472,13.119605],[77.195779,13.119947],[77.195786,13.120966],[77.196136,13.121305],[77.196147,13.123003],[77.196844,13.123341],[77.197537,13.122999],[77.19752,13.120281]]]}},{"type":"Feature","properties":{"histId":"ams-nd43-12-1955-0295","sheet":"ams-nd43-12-1955","year":1955,"scale":250000,"areaM2":134693,"name":null,"confidence":"medium","source":"ams-nd43-12-1955"},"geometry":{"type":"Polygon","coordinates":[[[77.480185,13.12059],[77.480875,13.119908],[77.481222,13.119906],[77.481562,13.118886],[77.48294,13.117182],[77.482927,13.115484],[77.482229,13.115147],[77.481189,13.115491],[77.481199,13.11685],[77.479827,13.119233],[77.479837,13.120592],[77.478454,13.121617],[77.478462,13.122635],[77.47916,13.122972],[77.480198,13.122288],[77.480185,13.12059]]]}},{"type":"Feature","properties":{"histId":"ams-nd43-12-1955-0296","sheet":"ams-nd43-12-1955","year":1955,"scale":250000,"areaM2":60964,"name":null,"confidence":"low","source":"ams-nd43-12-1955"},"geometry":{"type":"Polygon","coordinates":[[[77.313988,13.118867],[77.313291,13.11853],[77.312598,13.118872],[77.312259,13.120232],[77.312959,13.120909],[77.314352,13.121244],[77.315045,13.120902],[77.315041,13.120222],[77.313988,13.118867]]]}},{"type":"Feature","properties":{"histId":"ams-nd43-12-1955-0297","sheet":"ams-nd43-12-1955","year":1955,"scale":250000,"areaM2":87191,"name":null,"confidence":"medium","source":"ams-nd43-12-1955"},"geometry":{"type":"Polygon","coordinates":[[[77.276789,13.119339],[77.277132,13.118658],[77.276773,13.116961],[77.276075,13.116624],[77.273996,13.11765],[77.274003,13.118669],[77.274355,13.119347],[77.275053,13.119685],[77.276096,13.119681],[77.276789,13.119339]]]}},{"type":"Feature","properties":{"histId":"ams-nd43-12-1955-0298","sheet":"ams-nd43-12-1955","year":1955,"scale":250000,"areaM2":108457,"name":null,"confidence":"medium","source":"ams-nd43-12-1955"},"geometry":{"type":"Polygon","coordinates":[[[77.261489,13.119052],[77.262529,13.118709],[77.262875,13.118368],[77.262868,13.117349],[77.261473,13.116674],[77.26043,13.116678],[77.259391,13.117361],[77.259403,13.119059],[77.259057,13.1194],[77.259062,13.120079],[77.259759,13.120416],[77.261489,13.119052]]]}},{"type":"Feature","properties":{"histId":"ams-nd43-12-1955-0299","sheet":"ams-nd43-12-1955","year":1955,"scale":250000,"areaM2":143191,"name":null,"confidence":"medium","source":"ams-nd43-12-1955"},"geometry":{"type":"Polygon","coordinates":[[[77.268792,13.119367],[77.269835,13.119363],[77.270528,13.119021],[77.270519,13.117662],[77.269119,13.116308],[77.269117,13.115969],[77.268419,13.115631],[77.26669,13.116996],[77.266695,13.117675],[77.266349,13.118016],[77.266356,13.119035],[77.267404,13.119711],[77.268447,13.119707],[77.268792,13.119367]]]}},{"type":"Feature","properties":{"histId":"ams-nd43-12-1955-0300","sheet":"ams-nd43-12-1955","year":1955,"scale":250000,"areaM2":743585,"name":null,"confidence":"high","source":"ams-nd43-12-1955"},"geometry":{"type":"Polygon","coordinates":[[[77.18048,13.119995],[77.18083,13.120334],[77.182569,13.120328],[77.183964,13.121003],[77.185007,13.121],[77.1857,13.120658],[77.185689,13.11896],[77.187071,13.117597],[77.18846,13.117253],[77.188805,13.116912],[77.192285,13.117241],[77.192978,13.116899],[77.192973,13.116219],[77.190881,13.115207],[77.190181,13.11453],[77.189829,13.113851],[77.189822,13.112832],[77.188777,13.112496],[77.187738,13.113179],[77.187041,13.112841],[77.186341,13.112164],[77.186334,13.111145],[77.185637,13.110807],[77.184944,13.111149],[77.184946,13.111489],[77.183909,13.112511],[77.183914,13.113191],[77.183227,13.114551],[77.181502,13.116595],[77.181504,13.116935],[77.180467,13.117957],[77.180119,13.117958],[77.178735,13.118981],[77.178739,13.119661],[77.179437,13.119998],[77.18048,13.119995]]]}},{"type":"Feature","properties":{"histId":"ams-nd43-12-1955-0301","sheet":"ams-nd43-12-1955","year":1955,"scale":250000,"areaM2":111293,"name":null,"confidence":"medium","source":"ams-nd43-12-1955"},"geometry":{"type":"Polygon","coordinates":[[[77.299017,13.115864],[77.299365,13.115863],[77.300401,13.11484],[77.301442,13.114497],[77.301787,13.114156],[77.30178,13.113137],[77.301082,13.1128],[77.299006,13.114166],[77.297617,13.11451],[77.296581,13.115533],[77.296588,13.116552],[77.297634,13.116888],[77.299017,13.115864]]]}},{"type":"Feature","properties":{"histId":"ams-nd43-12-1955-0302","sheet":"ams-nd43-12-1955","year":1955,"scale":250000,"areaM2":101372,"name":null,"confidence":"medium","source":"ams-nd43-12-1955"},"geometry":{"type":"Polygon","coordinates":[[[77.399824,13.113448],[77.399816,13.112429],[77.399464,13.111751],[77.398416,13.111076],[77.397378,13.111759],[77.39739,13.113457],[77.397045,13.113798],[77.397055,13.115157],[77.397753,13.115494],[77.399481,13.114128],[77.399824,13.113448]]]}},{"type":"Feature","properties":{"histId":"ams-nd43-12-1955-0303","sheet":"ams-nd43-12-1955","year":1955,"scale":250000,"areaM2":57419,"name":null,"confidence":"low","source":"ams-nd43-12-1955"},"geometry":{"type":"Polygon","coordinates":[[[77.333393,13.109625],[77.332346,13.10895],[77.331653,13.109292],[77.332015,13.111329],[77.331669,13.11167],[77.331674,13.112349],[77.332372,13.112686],[77.333065,13.112344],[77.333393,13.109625]]]}},{"type":"Feature","properties":{"histId":"ams-nd43-12-1955-0304","sheet":"ams-nd43-12-1955","year":1955,"scale":250000,"areaM2":94994,"name":null,"confidence":"medium","source":"ams-nd43-12-1955"},"geometry":{"type":"Polygon","coordinates":[[[77.467214,13.10638],[77.466516,13.106043],[77.465823,13.106386],[77.465481,13.107066],[77.465504,13.110123],[77.465857,13.110801],[77.466555,13.111138],[77.467247,13.110795],[77.467214,13.10638]]]}},{"type":"Feature","properties":{"histId":"ams-nd43-12-1955-0305","sheet":"ams-nd43-12-1955","year":1955,"scale":250000,"areaM2":221176,"name":null,"confidence":"high","source":"ams-nd43-12-1955"},"geometry":{"type":"Polygon","coordinates":[[[77.422741,13.10962],[77.424479,13.109613],[77.424824,13.109272],[77.427953,13.109259],[77.428645,13.108917],[77.428288,13.10756],[77.426539,13.106208],[77.425149,13.106214],[77.424804,13.106555],[77.422718,13.106563],[77.42168,13.107247],[77.421693,13.108945],[77.422741,13.10962]]]}},{"type":"Feature","properties":{"histId":"ams-nd43-12-1955-0306","sheet":"ams-nd43-12-1955","year":1955,"scale":250000,"areaM2":774078,"name":null,"confidence":"high","source":"ams-nd43-12-1955"},"geometry":{"type":"Polygon","coordinates":[[[77.255867,13.110239],[77.254467,13.108885],[77.254462,13.108206],[77.253765,13.107869],[77.252035,13.109233],[77.250647,13.109578],[77.248899,13.108225],[77.248897,13.107885],[77.248197,13.107208],[77.2475,13.106871],[77.247497,13.106531],[77.246102,13.105856],[77.244364,13.105862],[77.244014,13.105524],[77.242623,13.105528],[77.242273,13.10519],[77.241578,13.105192],[77.240539,13.105875],[77.238803,13.10622],[77.237417,13.106904],[77.237074,13.107585],[77.239167,13.108597],[77.240557,13.108592],[77.242982,13.107225],[77.244373,13.107221],[77.24542,13.107897],[77.245423,13.108236],[77.246123,13.108913],[77.246132,13.110272],[77.246834,13.111289],[77.247531,13.111626],[77.248574,13.111623],[77.249961,13.110939],[77.250658,13.111276],[77.25171,13.112631],[77.251719,13.11399],[77.252417,13.114327],[77.254496,13.113301],[77.256242,13.114314],[77.256935,13.113972],[77.257621,13.112611],[77.257609,13.110913],[77.255867,13.110239]]]}},{"type":"Feature","properties":{"histId":"ams-nd43-12-1955-0307","sheet":"ams-nd43-12-1955","year":1955,"scale":250000,"areaM2":120511,"name":null,"confidence":"medium","source":"ams-nd43-12-1955"},"geometry":{"type":"Polygon","coordinates":[[[77.357722,13.108515],[77.358079,13.109873],[77.359472,13.110207],[77.360858,13.109523],[77.361544,13.108161],[77.362582,13.107478],[77.361186,13.106804],[77.359796,13.106809],[77.359103,13.107152],[77.357722,13.108515]]]}},{"type":"Feature","properties":{"histId":"ams-nd43-12-1955-0308","sheet":"ams-nd43-12-1955","year":1955,"scale":250000,"areaM2":56711,"name":null,"confidence":"low","source":"ams-nd43-12-1955"},"geometry":{"type":"Polygon","coordinates":[[[77.398041,13.107341],[77.396993,13.106666],[77.395608,13.10735],[77.395617,13.108709],[77.396665,13.109384],[77.398048,13.10836],[77.398041,13.107341]]]}},{"type":"Feature","properties":{"histId":"ams-nd43-12-1955-0309","sheet":"ams-nd43-12-1955","year":1955,"scale":250000,"areaM2":245270,"name":null,"confidence":"high","source":"ams-nd43-12-1955"},"geometry":{"type":"Polygon","coordinates":[[[77.297223,13.107718],[77.295828,13.107044],[77.295132,13.107046],[77.294782,13.106708],[77.292349,13.106716],[77.291999,13.106378],[77.291303,13.10638],[77.29061,13.106722],[77.290267,13.107403],[77.290629,13.10944],[77.291327,13.109777],[77.292022,13.109775],[77.293753,13.108749],[77.294449,13.108747],[77.296894,13.110437],[77.297589,13.110434],[77.298627,13.109751],[77.298623,13.109072],[77.297223,13.107718]]]}},{"type":"Feature","properties":{"histId":"ams-nd43-12-1955-0310","sheet":"ams-nd43-12-1955","year":1955,"scale":250000,"areaM2":150284,"name":null,"confidence":"high","source":"ams-nd43-12-1955"},"geometry":{"type":"Polygon","coordinates":[[[77.366425,13.110181],[77.367118,13.109838],[77.367113,13.109159],[77.366766,13.10916],[77.366065,13.108484],[77.365713,13.107806],[77.365701,13.106107],[77.366394,13.105765],[77.366736,13.105085],[77.367084,13.105083],[77.367067,13.102706],[77.366369,13.102369],[77.365676,13.102711],[77.365343,13.10475],[77.364998,13.105091],[77.365005,13.10611],[77.36466,13.106451],[77.362582,13.107478],[77.365025,13.108827],[77.365725,13.109504],[77.365727,13.109844],[77.366425,13.110181]]]}},{"type":"Feature","properties":{"histId":"ams-nd43-12-1955-0311","sheet":"ams-nd43-12-1955","year":1955,"scale":250000,"areaM2":155956,"name":null,"confidence":"high","source":"ams-nd43-12-1955"},"geometry":{"type":"Polygon","coordinates":[[[77.393149,13.103963],[77.392449,13.103287],[77.391752,13.10295],[77.390361,13.102955],[77.388975,13.10364],[77.388988,13.105338],[77.389688,13.106015],[77.391083,13.106689],[77.392126,13.106685],[77.393164,13.106001],[77.393149,13.103963]]]}},{"type":"Feature","properties":{"histId":"ams-nd43-12-1955-0312","sheet":"ams-nd43-12-1955","year":1955,"scale":250000,"areaM2":121927,"name":null,"confidence":"medium","source":"ams-nd43-12-1955"},"geometry":{"type":"Polygon","coordinates":[[[77.337167,13.102478],[77.33577,13.101464],[77.335077,13.101807],[77.333351,13.103511],[77.333003,13.103513],[77.333008,13.104192],[77.333705,13.104529],[77.336834,13.104518],[77.337184,13.104856],[77.337877,13.104514],[77.337872,13.103834],[77.337167,13.102478]]]}},{"type":"Feature","properties":{"histId":"ams-nd43-12-1955-0313","sheet":"ams-nd43-12-1955","year":1955,"scale":250000,"areaM2":345236,"name":null,"confidence":"high","source":"ams-nd43-12-1955"},"geometry":{"type":"Polygon","coordinates":[[[77.461269,13.10165],[77.461614,13.101309],[77.461575,13.096214],[77.459824,13.094523],[77.458431,13.094189],[77.457739,13.094532],[77.457772,13.098947],[77.458122,13.099285],[77.458143,13.102002],[77.460238,13.103352],[77.461276,13.102669],[77.461269,13.10165]]]}},{"type":"Feature","properties":{"histId":"ams-nd43-12-1955-0314","sheet":"ams-nd43-12-1955","year":1955,"scale":250000,"areaM2":309080,"name":null,"confidence":"high","source":"ams-nd43-12-1955"},"geometry":{"type":"Polygon","coordinates":[[[77.437283,13.101749],[77.437273,13.10039],[77.436573,13.099714],[77.436565,13.098695],[77.438988,13.097326],[77.438981,13.096307],[77.43863,13.095969],[77.436537,13.094959],[77.435494,13.094963],[77.434457,13.095647],[77.434482,13.099043],[77.434137,13.099384],[77.434152,13.101422],[77.433807,13.101763],[77.433817,13.103122],[77.434515,13.103458],[77.435555,13.103114],[77.437283,13.101749]]]}},{"type":"Feature","properties":{"histId":"ams-nd43-12-1955-0315","sheet":"ams-nd43-12-1955","year":1955,"scale":250000,"areaM2":52456,"name":null,"confidence":"low","source":"ams-nd43-12-1955"},"geometry":{"type":"Polygon","coordinates":[[[77.242933,13.099753],[77.242921,13.098054],[77.242224,13.097717],[77.241531,13.098059],[77.241187,13.098739],[77.241199,13.100438],[77.241896,13.100775],[77.242589,13.100433],[77.242933,13.099753]]]}},{"type":"Feature","properties":{"histId":"ams-nd43-12-1955-0316","sheet":"ams-nd43-12-1955","year":1955,"scale":250000,"areaM2":355136,"name":null,"confidence":"high","source":"ams-nd43-12-1955"},"geometry":{"type":"Polygon","coordinates":[[[77.216138,13.096104],[77.214752,13.096788],[77.213704,13.096112],[77.212666,13.096795],[77.209887,13.097143],[77.208839,13.096467],[77.207796,13.096471],[77.207103,13.096812],[77.20711,13.097831],[77.209898,13.098842],[77.212699,13.10189],[77.213396,13.102227],[77.21409,13.101885],[77.213731,13.100188],[77.214074,13.099508],[77.215456,13.098144],[77.216842,13.09746],[77.218233,13.097456],[77.218926,13.097114],[77.218921,13.096435],[77.218224,13.096097],[77.216138,13.096104]]]}},{"type":"Feature","properties":{"histId":"ams-nd43-12-1955-0317","sheet":"ams-nd43-12-1955","year":1955,"scale":250000,"areaM2":100659,"name":null,"confidence":"medium","source":"ams-nd43-12-1955"},"geometry":{"type":"Polygon","coordinates":[[[77.279031,13.091138],[77.276938,13.090126],[77.276246,13.090468],[77.276255,13.091827],[77.277655,13.093181],[77.278352,13.093518],[77.279395,13.093514],[77.280088,13.093172],[77.280083,13.092493],[77.279031,13.091138]]]}},{"type":"Feature","properties":{"histId":"ams-nd43-12-1955-0318","sheet":"ams-nd43-12-1955","year":1955,"scale":250000,"areaM2":106335,"name":null,"confidence":"medium","source":"ams-nd43-12-1955"},"geometry":{"type":"Polygon","coordinates":[[[77.460481,13.089425],[77.460471,13.088067],[77.459773,13.08773],[77.457003,13.0891],[77.457013,13.090459],[77.458411,13.091472],[77.459796,13.090787],[77.460481,13.089425]]]}},{"type":"Feature","properties":{"histId":"ams-nd43-12-1955-0319","sheet":"ams-nd43-12-1955","year":1955,"scale":250000,"areaM2":243859,"name":null,"confidence":"high","source":"ams-nd43-12-1955"},"geometry":{"type":"Polygon","coordinates":[[[77.414953,13.09063],[77.41564,13.089609],[77.415623,13.087231],[77.414575,13.086556],[77.413535,13.0869],[77.412154,13.088264],[77.411469,13.089625],[77.410779,13.090307],[77.410789,13.091666],[77.412182,13.092],[77.413927,13.093012],[77.41462,13.09267],[77.414953,13.09063]]]}},{"type":"Feature","properties":{"histId":"ams-nd43-12-1955-0320","sheet":"ams-nd43-12-1955","year":1955,"scale":250000,"areaM2":258737,"name":null,"confidence":"high","source":"ams-nd43-12-1955"},"geometry":{"type":"Polygon","coordinates":[[[77.301297,13.093437],[77.299197,13.091407],[77.29814,13.089372],[77.294992,13.086666],[77.293597,13.085992],[77.292904,13.086334],[77.292911,13.087353],[77.294659,13.088705],[77.295006,13.088704],[77.296406,13.090058],[77.298168,13.093448],[77.298515,13.093447],[77.300265,13.095139],[77.300963,13.095477],[77.301656,13.095134],[77.301649,13.094115],[77.301297,13.093437]]]}},{"type":"Feature","properties":{"histId":"ams-nd43-12-1955-0321","sheet":"ams-nd43-12-1955","year":1955,"scale":250000,"areaM2":264413,"name":null,"confidence":"high","source":"ams-nd43-12-1955"},"geometry":{"type":"Polygon","coordinates":[[[77.361055,13.088462],[77.361058,13.088802],[77.36211,13.090157],[77.362118,13.091176],[77.363165,13.091851],[77.364901,13.091505],[77.365251,13.091843],[77.365944,13.091501],[77.366979,13.090478],[77.366975,13.089799],[77.368358,13.088774],[77.368353,13.088095],[77.367655,13.087758],[77.366617,13.088441],[77.364879,13.088448],[77.363484,13.087774],[77.362789,13.087777],[77.361043,13.086764],[77.360003,13.087108],[77.360008,13.087787],[77.361055,13.088462]]]}},{"type":"Feature","properties":{"histId":"ams-nd43-12-1955-0322","sheet":"ams-nd43-12-1955","year":1955,"scale":250000,"areaM2":865539,"name":null,"confidence":"high","source":"ams-nd43-12-1955"},"geometry":{"type":"Polygon","coordinates":[[[77.345384,13.084445],[77.344338,13.08411],[77.343646,13.084452],[77.341574,13.086498],[77.340189,13.087182],[77.339493,13.087185],[77.339148,13.087526],[77.333934,13.087545],[77.332886,13.086869],[77.332191,13.086872],[77.328703,13.085186],[77.327653,13.084171],[77.32765,13.083831],[77.326953,13.083494],[77.325912,13.083838],[77.325229,13.085539],[77.324538,13.086221],[77.324543,13.0869],[77.325241,13.087237],[77.325934,13.086895],[77.328715,13.086885],[77.329065,13.087223],[77.32976,13.08722],[77.33255,13.088569],[77.3336,13.089584],[77.333603,13.089924],[77.334653,13.090939],[77.335008,13.091957],[77.335708,13.092633],[77.33572,13.094332],[77.333641,13.095358],[77.333296,13.095699],[77.3333,13.096379],[77.335051,13.09807],[77.335053,13.09841],[77.335751,13.098747],[77.336444,13.098405],[77.336436,13.097386],[77.337124,13.096364],[77.337117,13.095345],[77.337805,13.094324],[77.337789,13.091946],[77.336739,13.090931],[77.336731,13.089912],[77.338462,13.088887],[77.341243,13.088876],[77.342629,13.088192],[77.343672,13.088188],[77.34471,13.087505],[77.346101,13.0875],[77.347139,13.086816],[77.347134,13.086137],[77.345384,13.084445]]]}},{"type":"Feature","properties":{"histId":"ams-nd43-12-1955-0323","sheet":"ams-nd43-12-1955","year":1955,"scale":250000,"areaM2":115544,"name":null,"confidence":"medium","source":"ams-nd43-12-1955"},"geometry":{"type":"Polygon","coordinates":[[[77.245637,13.088194],[77.244939,13.087857],[77.243896,13.087861],[77.242858,13.088543],[77.242863,13.089223],[77.244262,13.090577],[77.244614,13.091255],[77.246007,13.09159],[77.2467,13.091248],[77.246337,13.088871],[77.245637,13.088194]]]}},{"type":"Feature","properties":{"histId":"ams-nd43-12-1955-0324","sheet":"ams-nd43-12-1955","year":1955,"scale":250000,"areaM2":91446,"name":null,"confidence":"medium","source":"ams-nd43-12-1955"},"geometry":{"type":"Polygon","coordinates":[[[77.353413,13.089171],[77.354801,13.088826],[77.355146,13.088485],[77.355139,13.087466],[77.354441,13.087129],[77.352008,13.087138],[77.351315,13.08748],[77.351677,13.089517],[77.352375,13.089854],[77.353413,13.089171]]]}},{"type":"Feature","properties":{"histId":"ams-nd43-12-1955-0325","sheet":"ams-nd43-12-1955","year":1955,"scale":250000,"areaM2":113420,"name":null,"confidence":"medium","source":"ams-nd43-12-1955"},"geometry":{"type":"Polygon","coordinates":[[[77.317945,13.087943],[77.318291,13.087602],[77.318286,13.086923],[77.317236,13.085907],[77.315843,13.085573],[77.314805,13.086256],[77.314812,13.087275],[77.316564,13.089306],[77.317262,13.089644],[77.317955,13.089301],[77.317945,13.087943]]]}},{"type":"Feature","properties":{"histId":"ams-nd43-12-1955-0326","sheet":"ams-nd43-12-1955","year":1955,"scale":250000,"areaM2":70176,"name":null,"confidence":"low","source":"ams-nd43-12-1955"},"geometry":{"type":"Polygon","coordinates":[[[77.215,13.081501],[77.213605,13.080826],[77.212566,13.081509],[77.212575,13.082868],[77.213275,13.083545],[77.21432,13.083881],[77.215013,13.083539],[77.215,13.081501]]]}},{"type":"Feature","properties":{"histId":"ams-nd43-12-1955-0327","sheet":"ams-nd43-12-1955","year":1955,"scale":250000,"areaM2":58838,"name":null,"confidence":"low","source":"ams-nd43-12-1955"},"geometry":{"type":"Polygon","coordinates":[[[77.399241,13.081182],[77.399936,13.081179],[77.401322,13.080495],[77.401314,13.079476],[77.399921,13.079142],[77.398536,13.079826],[77.398198,13.081186],[77.398896,13.081523],[77.399241,13.081182]]]}},{"type":"Feature","properties":{"histId":"ams-nd43-12-1955-0328","sheet":"ams-nd43-12-1955","year":1955,"scale":250000,"areaM2":496908,"name":null,"confidence":"high","source":"ams-nd43-12-1955"},"geometry":{"type":"Polygon","coordinates":[[[77.241461,13.087529],[77.241456,13.08685],[77.239009,13.08482],[77.238993,13.082442],[77.239339,13.082101],[77.239334,13.081422],[77.241061,13.079718],[77.241404,13.079037],[77.241395,13.077678],[77.241043,13.077],[77.239646,13.075986],[77.238951,13.075988],[77.237912,13.076671],[77.235479,13.076679],[77.234786,13.077021],[77.23479,13.0777],[77.235138,13.077699],[77.236537,13.079053],[77.236894,13.080411],[77.237244,13.080749],[77.237614,13.084145],[77.237269,13.084486],[77.237289,13.087543],[77.237639,13.087881],[77.237643,13.088561],[77.238341,13.088898],[77.239036,13.088896],[77.241461,13.087529]]]}},{"type":"Feature","properties":{"histId":"ams-nd43-12-1955-0329","sheet":"ams-nd43-12-1955","year":1955,"scale":250000,"areaM2":1050592,"name":null,"confidence":"high","source":"ams-nd43-12-1955"},"geometry":{"type":"Polygon","coordinates":[[[77.474284,13.076121],[77.473592,13.076464],[77.471867,13.078169],[77.471519,13.078171],[77.470832,13.079193],[77.470484,13.079194],[77.469449,13.080217],[77.468409,13.080561],[77.467711,13.080225],[77.467008,13.079209],[77.467001,13.07819],[77.466653,13.078191],[77.465953,13.077515],[77.465948,13.076835],[77.466985,13.076152],[77.467322,13.074792],[77.46801,13.07377],[77.468002,13.072751],[77.467649,13.072073],[77.466604,13.071738],[77.465912,13.072081],[77.465917,13.07276],[77.464537,13.074124],[77.463844,13.074467],[77.462449,13.073793],[77.461754,13.073796],[77.460706,13.073121],[77.460013,13.073464],[77.460018,13.074143],[77.460368,13.074481],[77.460381,13.076179],[77.459346,13.077203],[77.458306,13.077547],[77.457616,13.078229],[77.457618,13.078568],[77.456583,13.079592],[77.456588,13.080271],[77.457286,13.080608],[77.459372,13.080599],[77.46145,13.079571],[77.46424,13.080918],[77.465641,13.082271],[77.465649,13.08329],[77.466001,13.083968],[77.4674,13.084981],[77.469127,13.083615],[77.469812,13.082254],[77.472572,13.079525],[77.475342,13.078155],[77.475685,13.077474],[77.475677,13.076455],[77.474284,13.076121]]]}},{"type":"Feature","properties":{"histId":"ams-nd43-12-1955-0330","sheet":"ams-nd43-12-1955","year":1955,"scale":250000,"areaM2":92153,"name":null,"confidence":"medium","source":"ams-nd43-12-1955"},"geometry":{"type":"Polygon","coordinates":[[[77.319603,13.076388],[77.319948,13.076047],[77.320644,13.076045],[77.321682,13.075361],[77.321675,13.074342],[77.320977,13.074005],[77.319587,13.07401],[77.319241,13.074351],[77.318546,13.074354],[77.317508,13.075037],[77.317515,13.076056],[77.318213,13.076393],[77.319603,13.076388]]]}},{"type":"Feature","properties":{"histId":"ams-nd43-12-1955-0331","sheet":"ams-nd43-12-1955","year":1955,"scale":250000,"areaM2":319702,"name":null,"confidence":"high","source":"ams-nd43-12-1955"},"geometry":{"type":"Polygon","coordinates":[[[77.32621,13.076704],[77.326903,13.076361],[77.326891,13.074663],[77.32827,13.07296],[77.332081,13.071247],[77.333819,13.071241],[77.335215,13.071915],[77.33591,13.071913],[77.33626,13.072251],[77.336953,13.071909],[77.336945,13.07089],[77.335898,13.070214],[77.334157,13.069881],[77.33311,13.069206],[77.331719,13.069211],[77.329991,13.070576],[77.327565,13.071604],[77.326529,13.072626],[77.324796,13.073312],[77.324105,13.073994],[77.324115,13.075353],[77.324463,13.075351],[77.32621,13.076704]]]}},{"type":"Feature","properties":{"histId":"ams-nd43-12-1955-0332","sheet":"ams-nd43-12-1955","year":1955,"scale":250000,"areaM2":1032132,"name":null,"confidence":"high","source":"ams-nd43-12-1955"},"geometry":{"type":"Polygon","coordinates":[[[77.384216,13.070372],[77.384211,13.069692],[77.383861,13.069354],[77.383824,13.064259],[77.384169,13.063918],[77.384157,13.06222],[77.383807,13.061882],[77.381714,13.060871],[77.380671,13.060875],[77.380326,13.061216],[77.378243,13.061563],[77.377898,13.061904],[77.375812,13.061912],[77.373022,13.060564],[77.372329,13.060907],[77.370949,13.062271],[77.370601,13.062272],[77.370609,13.063291],[77.371306,13.063628],[77.374782,13.063615],[77.377575,13.065302],[77.37827,13.0653],[77.379665,13.065974],[77.380018,13.066652],[77.380715,13.066989],[77.381068,13.067667],[77.3811,13.072082],[77.38145,13.07242],[77.381831,13.077174],[77.382529,13.077511],[77.383222,13.077169],[77.384945,13.075124],[77.386678,13.074438],[77.386668,13.073079],[77.384216,13.070372]]]}},{"type":"Feature","properties":{"histId":"ams-nd43-12-1955-0333","sheet":"ams-nd43-12-1955","year":1955,"scale":250000,"areaM2":107039,"name":null,"confidence":"medium","source":"ams-nd43-12-1955"},"geometry":{"type":"Polygon","coordinates":[[[77.318158,13.068581],[77.319542,13.067557],[77.320582,13.067213],[77.320577,13.066534],[77.31988,13.066197],[77.316404,13.066209],[77.315711,13.066552],[77.31572,13.06791],[77.317116,13.068585],[77.318158,13.068581]]]}},{"type":"Feature","properties":{"histId":"ams-nd43-12-1955-0334","sheet":"ams-nd43-12-1955","year":1955,"scale":250000,"areaM2":119096,"name":null,"confidence":"medium","source":"ams-nd43-12-1955"},"geometry":{"type":"Polygon","coordinates":[[[77.488802,13.06553],[77.489492,13.064848],[77.489476,13.06281],[77.488428,13.062136],[77.487043,13.062821],[77.486011,13.064184],[77.486016,13.064863],[77.486716,13.065539],[77.488112,13.066213],[77.488804,13.06587],[77.488802,13.06553]]]}},{"type":"Feature","properties":{"histId":"ams-nd43-12-1955-0335","sheet":"ams-nd43-12-1955","year":1955,"scale":250000,"areaM2":75852,"name":null,"confidence":"medium","source":"ams-nd43-12-1955"},"geometry":{"type":"Polygon","coordinates":[[[77.467233,13.062904],[77.466535,13.062568],[77.465495,13.062912],[77.464805,13.063594],[77.464815,13.064952],[77.465863,13.065627],[77.467595,13.064941],[77.467233,13.062904]]]}},{"type":"Feature","properties":{"histId":"ams-nd43-12-1955-0336","sheet":"ams-nd43-12-1955","year":1955,"scale":250000,"areaM2":323254,"name":null,"confidence":"high","source":"ams-nd43-12-1955"},"geometry":{"type":"Polygon","coordinates":[[[77.425548,13.066133],[77.425533,13.064095],[77.425878,13.063754],[77.425868,13.062395],[77.42412,13.061043],[77.422029,13.060373],[77.421337,13.060715],[77.420994,13.061396],[77.421002,13.062415],[77.421354,13.063092],[77.422402,13.063768],[77.42241,13.064787],[77.421719,13.065469],[77.421724,13.066148],[77.421379,13.066489],[77.421387,13.067508],[77.422435,13.068183],[77.423477,13.068179],[77.425205,13.066813],[77.425548,13.066133]]]}},{"type":"Feature","properties":{"histId":"ams-nd43-12-1955-0337","sheet":"ams-nd43-12-1955","year":1955,"scale":250000,"areaM2":323965,"name":null,"confidence":"high","source":"ams-nd43-12-1955"},"geometry":{"type":"Polygon","coordinates":[[[77.445694,13.064352],[77.448137,13.065701],[77.449522,13.065016],[77.45194,13.062968],[77.452288,13.062967],[77.452282,13.062287],[77.452972,13.061605],[77.452965,13.060586],[77.452265,13.05991],[77.452262,13.05957],[77.451217,13.059235],[77.450524,13.059577],[77.449842,13.061278],[77.449152,13.061961],[77.447767,13.062646],[77.447072,13.062648],[77.446024,13.061973],[77.444634,13.061979],[77.443941,13.062322],[77.443954,13.06402],[77.444651,13.064357],[77.445694,13.064352]]]}},{"type":"Feature","properties":{"histId":"ams-nd43-12-1955-0338","sheet":"ams-nd43-12-1955","year":1955,"scale":250000,"areaM2":543717,"name":null,"confidence":"high","source":"ams-nd43-12-1955"},"geometry":{"type":"Polygon","coordinates":[[[77.410607,13.066872],[77.410952,13.066531],[77.410945,13.065512],[77.412673,13.064146],[77.413013,13.063126],[77.413703,13.062444],[77.413698,13.061764],[77.415078,13.0604],[77.417156,13.059373],[77.418534,13.057669],[77.418529,13.05699],[77.417479,13.055975],[77.417119,13.054278],[77.416421,13.053941],[77.413998,13.05531],[77.41366,13.05667],[77.414011,13.057008],[77.414015,13.057687],[77.412988,13.059729],[77.41091,13.060757],[77.410912,13.061096],[77.410222,13.061778],[77.409875,13.06178],[77.409882,13.062799],[77.410232,13.063137],[77.410247,13.065175],[77.408172,13.066542],[77.408186,13.068579],[77.409234,13.069255],[77.410272,13.068571],[77.410607,13.066872]]]}},{"type":"Feature","properties":{"histId":"ams-nd43-12-1955-0339","sheet":"ams-nd43-12-1955","year":1955,"scale":250000,"areaM2":131845,"name":null,"confidence":"medium","source":"ams-nd43-12-1955"},"geometry":{"type":"Polygon","coordinates":[[[77.211041,13.060793],[77.209303,13.060799],[77.20861,13.061141],[77.208616,13.06216],[77.212101,13.063507],[77.212794,13.063165],[77.213481,13.061804],[77.213472,13.060446],[77.212079,13.06011],[77.211041,13.060793]]]}},{"type":"Feature","properties":{"histId":"ams-nd43-12-1955-0340","sheet":"ams-nd43-12-1955","year":1955,"scale":250000,"areaM2":72303,"name":null,"confidence":"low","source":"ams-nd43-12-1955"},"geometry":{"type":"Polygon","coordinates":[[[77.226692,13.062101],[77.228076,13.061078],[77.228071,13.060398],[77.227024,13.059723],[77.226329,13.059725],[77.224945,13.060748],[77.224597,13.060749],[77.224604,13.061769],[77.225302,13.062106],[77.226692,13.062101]]]}},{"type":"Feature","properties":{"histId":"ams-nd43-12-1955-0341","sheet":"ams-nd43-12-1955","year":1955,"scale":250000,"areaM2":725156,"name":null,"confidence":"high","source":"ams-nd43-12-1955"},"geometry":{"type":"Polygon","coordinates":[[[77.236773,13.062068],[77.237123,13.062407],[77.238165,13.062403],[77.238515,13.062742],[77.240601,13.062735],[77.241987,13.062051],[77.244073,13.062044],[77.244422,13.062383],[77.249289,13.062367],[77.249982,13.062025],[77.25032,13.060665],[77.249971,13.060326],[77.249957,13.058288],[77.249253,13.056932],[77.248203,13.055916],[77.247158,13.05558],[77.246465,13.055922],[77.246131,13.057961],[77.244402,13.059326],[77.239533,13.059002],[77.239188,13.059343],[77.238145,13.059346],[77.2378,13.059687],[77.236757,13.059691],[77.236412,13.060031],[77.234326,13.060038],[77.23294,13.060722],[77.232945,13.061402],[77.233992,13.062078],[77.236773,13.062068]]]}},{"type":"Feature","properties":{"histId":"ams-nd43-12-1955-0342","sheet":"ams-nd43-12-1955","year":1955,"scale":250000,"areaM2":102784,"name":null,"confidence":"medium","source":"ams-nd43-12-1955"},"geometry":{"type":"Polygon","coordinates":[[[77.26492,13.060615],[77.263175,13.059602],[77.263161,13.057564],[77.262464,13.057227],[77.261425,13.05791],[77.26143,13.058589],[77.261782,13.059267],[77.26248,13.059605],[77.262493,13.061643],[77.263541,13.062318],[77.264236,13.062316],[77.264929,13.061974],[77.26492,13.060615]]]}},{"type":"Feature","properties":{"histId":"ams-nd43-12-1955-0343","sheet":"ams-nd43-12-1955","year":1955,"scale":250000,"areaM2":185016,"name":null,"confidence":"high","source":"ams-nd43-12-1955"},"geometry":{"type":"Polygon","coordinates":[[[77.35111,13.058609],[77.348315,13.056582],[77.346922,13.056247],[77.34623,13.056589],[77.345901,13.059308],[77.346949,13.059983],[77.348339,13.059978],[77.348684,13.059637],[77.351117,13.059628],[77.352165,13.060304],[77.352858,13.059961],[77.352853,13.059282],[77.35111,13.058609]]]}},{"type":"Feature","properties":{"histId":"ams-nd43-12-1955-0344","sheet":"ams-nd43-12-1955","year":1955,"scale":250000,"areaM2":139648,"name":null,"confidence":"medium","source":"ams-nd43-12-1955"},"geometry":{"type":"Polygon","coordinates":[[[77.344461,13.05218],[77.343423,13.052864],[77.341337,13.052871],[77.340645,13.053214],[77.340652,13.054232],[77.342397,13.055245],[77.344485,13.055577],[77.345523,13.054894],[77.345508,13.052856],[77.344461,13.05218]]]}},{"type":"Feature","properties":{"histId":"ams-nd43-12-1955-0345","sheet":"ams-nd43-12-1955","year":1955,"scale":250000,"areaM2":212669,"name":null,"confidence":"high","source":"ams-nd43-12-1955"},"geometry":{"type":"Polygon","coordinates":[[[77.469591,13.053045],[77.467843,13.051693],[77.467135,13.049998],[77.466437,13.049661],[77.465745,13.050004],[77.465747,13.050344],[77.464367,13.051708],[77.46438,13.053406],[77.465781,13.054759],[77.466478,13.055096],[77.467521,13.055091],[77.469596,13.053724],[77.469591,13.053045]]]}},{"type":"Feature","properties":{"histId":"ams-nd43-12-1955-0346","sheet":"ams-nd43-12-1955","year":1955,"scale":250000,"areaM2":107752,"name":null,"confidence":"medium","source":"ams-nd43-12-1955"},"geometry":{"type":"Polygon","coordinates":[[[77.446653,13.05314],[77.446643,13.051781],[77.445595,13.051106],[77.444552,13.051111],[77.44386,13.051453],[77.443172,13.052475],[77.44318,13.053494],[77.444578,13.054507],[77.445618,13.054163],[77.446653,13.05314]]]}},{"type":"Feature","properties":{"histId":"ams-nd43-12-1955-0347","sheet":"ams-nd43-12-1955","year":1955,"scale":250000,"areaM2":92151,"name":null,"confidence":"medium","source":"ams-nd43-12-1955"},"geometry":{"type":"Polygon","coordinates":[[[77.272878,13.055153],[77.272862,13.052776],[77.271814,13.0521],[77.270431,13.053124],[77.270088,13.053804],[77.270097,13.055163],[77.270795,13.0555],[77.272185,13.055495],[77.272878,13.055153]]]}},{"type":"Feature","properties":{"histId":"ams-nd43-12-1955-0348","sheet":"ams-nd43-12-1955","year":1955,"scale":250000,"areaM2":64509,"name":null,"confidence":"low","source":"ams-nd43-12-1955"},"geometry":{"type":"Polygon","coordinates":[[[77.429598,13.049813],[77.429248,13.049475],[77.429243,13.048795],[77.428545,13.048458],[77.427508,13.049142],[77.427518,13.0505],[77.42822,13.051517],[77.428918,13.051853],[77.42961,13.051511],[77.429598,13.049813]]]}},{"type":"Feature","properties":{"histId":"ams-nd43-12-1955-0349","sheet":"ams-nd43-12-1955","year":1955,"scale":250000,"areaM2":302700,"name":null,"confidence":"high","source":"ams-nd43-12-1955"},"geometry":{"type":"Polygon","coordinates":[[[77.480007,13.051642],[77.480699,13.0513],[77.481389,13.050617],[77.481384,13.049938],[77.481729,13.049597],[77.481724,13.048918],[77.480323,13.047565],[77.479955,13.04485],[77.4803,13.044508],[77.480295,13.043829],[77.479597,13.043492],[77.478557,13.043837],[77.47822,13.045197],[77.477875,13.045538],[77.47788,13.046217],[77.477535,13.046558],[77.47754,13.047237],[77.477195,13.047578],[77.477201,13.048258],[77.476856,13.048599],[77.476874,13.050976],[77.477921,13.051651],[77.479309,13.051306],[77.480007,13.051642]]]}},{"type":"Feature","properties":{"histId":"ams-nd43-12-1955-0350","sheet":"ams-nd43-12-1955","year":1955,"scale":250000,"areaM2":79397,"name":null,"confidence":"medium","source":"ams-nd43-12-1955"},"geometry":{"type":"Polygon","coordinates":[[[77.49731,13.042058],[77.495915,13.041385],[77.49453,13.04207],[77.494535,13.04275],[77.495238,13.043766],[77.496634,13.044439],[77.497671,13.043755],[77.497663,13.042736],[77.49731,13.042058]]]}},{"type":"Feature","properties":{"histId":"ams-nd43-12-1955-0351","sheet":"ams-nd43-12-1955","year":1955,"scale":250000,"areaM2":59547,"name":null,"confidence":"low","source":"ams-nd43-12-1955"},"geometry":{"type":"Polygon","coordinates":[[[77.467421,13.041845],[77.466376,13.04151],[77.465683,13.041853],[77.465696,13.043551],[77.466046,13.043889],[77.466051,13.044568],[77.466749,13.044905],[77.467441,13.044563],[77.467421,13.041845]]]}},{"type":"Feature","properties":{"histId":"ams-nd43-12-1955-0352","sheet":"ams-nd43-12-1955","year":1955,"scale":250000,"areaM2":188556,"name":null,"confidence":"high","source":"ams-nd43-12-1955"},"geometry":{"type":"Polygon","coordinates":[[[77.278713,13.044264],[77.279404,13.043582],[77.280444,13.043239],[77.281135,13.042557],[77.283215,13.04187],[77.283208,13.040851],[77.282511,13.040514],[77.27974,13.041882],[77.278356,13.042906],[77.277314,13.04291],[77.275221,13.041898],[77.274528,13.04224],[77.27489,13.044277],[77.276635,13.04529],[77.278713,13.044264]]]}},{"type":"Feature","properties":{"histId":"ams-nd43-12-1955-0353","sheet":"ams-nd43-12-1955","year":1955,"scale":250000,"areaM2":116967,"name":null,"confidence":"medium","source":"ams-nd43-12-1955"},"geometry":{"type":"Polygon","coordinates":[[[77.445866,13.040916],[77.445516,13.040577],[77.445501,13.03854],[77.444454,13.037865],[77.443758,13.037867],[77.442721,13.038551],[77.442731,13.039909],[77.443429,13.040246],[77.443431,13.040586],[77.444131,13.041262],[77.444136,13.041942],[77.445184,13.042617],[77.445877,13.042274],[77.445866,13.040916]]]}},{"type":"Feature","properties":{"histId":"ams-nd43-12-1955-0354","sheet":"ams-nd43-12-1955","year":1955,"scale":250000,"areaM2":377832,"name":null,"confidence":"high","source":"ams-nd43-12-1955"},"geometry":{"type":"Polygon","coordinates":[[[77.382257,13.03981],[77.38329,13.038447],[77.383628,13.037087],[77.384666,13.036404],[77.385016,13.036742],[77.385711,13.036739],[77.387788,13.035712],[77.389884,13.037063],[77.390576,13.036721],[77.390571,13.036041],[77.389174,13.035028],[77.389171,13.034688],[77.388471,13.034011],[77.388114,13.032654],[77.387411,13.031638],[77.386714,13.031301],[77.385676,13.031984],[77.385334,13.032665],[77.385341,13.033684],[77.384653,13.034706],[77.383961,13.035048],[77.382918,13.035052],[77.381188,13.036077],[77.381193,13.036757],[77.380505,13.037778],[77.38052,13.039816],[77.381565,13.040152],[77.382257,13.03981]]]}},{"type":"Feature","properties":{"histId":"ams-nd43-12-1955-0355","sheet":"ams-nd43-12-1955","year":1955,"scale":250000,"areaM2":163041,"name":null,"confidence":"high","source":"ams-nd43-12-1955"},"geometry":{"type":"Polygon","coordinates":[[[77.364508,13.036481],[77.364496,13.034782],[77.363794,13.033766],[77.363789,13.033087],[77.362741,13.032411],[77.361701,13.032755],[77.361361,13.033775],[77.360328,13.035138],[77.360685,13.036495],[77.361383,13.036832],[77.363815,13.036823],[77.364508,13.036481]]]}},{"type":"Feature","properties":{"histId":"ams-nd43-12-1955-0356","sheet":"ams-nd43-12-1955","year":1955,"scale":250000,"areaM2":576330,"name":null,"confidence":"high","source":"ams-nd43-12-1955"},"geometry":{"type":"Polygon","coordinates":[[[77.471869,13.032656],[77.471172,13.03232],[77.470129,13.032324],[77.468734,13.03165],[77.467681,13.030296],[77.466984,13.02996],[77.460751,13.033042],[77.458656,13.031692],[77.457961,13.031695],[77.456924,13.032379],[77.456929,13.033058],[77.457276,13.033057],[77.458674,13.03407],[77.459369,13.034067],[77.461446,13.033039],[77.462844,13.034053],[77.463889,13.034388],[77.46529,13.035741],[77.465295,13.03642],[77.465645,13.036758],[77.465658,13.038456],[77.466355,13.038793],[77.467048,13.03845],[77.467043,13.037771],[77.467388,13.03743],[77.467377,13.036072],[77.468065,13.03505],[77.469105,13.034706],[77.469455,13.035044],[77.470497,13.03504],[77.471195,13.035376],[77.471887,13.035034],[77.471885,13.034694],[77.472575,13.034012],[77.472569,13.033333],[77.471869,13.032656]]]}},{"type":"Feature","properties":{"histId":"ams-nd43-12-1955-0357","sheet":"ams-nd43-12-1955","year":1955,"scale":250000,"areaM2":155956,"name":null,"confidence":"high","source":"ams-nd43-12-1955"},"geometry":{"type":"Polygon","coordinates":[[[77.453116,13.034432],[77.453106,13.033074],[77.452753,13.032396],[77.452056,13.032059],[77.452051,13.03138],[77.452743,13.031037],[77.452731,13.029339],[77.451683,13.028664],[77.45099,13.029007],[77.451006,13.031045],[77.451703,13.031381],[77.451708,13.032061],[77.451016,13.032403],[77.450686,13.034782],[77.449996,13.035464],[77.450001,13.036144],[77.450699,13.03648],[77.451739,13.036136],[77.453116,13.034432]]]}},{"type":"Feature","properties":{"histId":"ams-nd43-12-1955-0358","sheet":"ams-nd43-12-1955","year":1955,"scale":250000,"areaM2":194939,"name":null,"confidence":"high","source":"ams-nd43-12-1955"},"geometry":{"type":"Polygon","coordinates":[[[77.344317,13.031801],[77.343619,13.031464],[77.339797,13.031478],[77.338759,13.032161],[77.338766,13.03318],[77.341553,13.034189],[77.343301,13.035541],[77.344341,13.035197],[77.344669,13.032479],[77.344317,13.031801]]]}},{"type":"Feature","properties":{"histId":"ams-nd43-12-1955-0359","sheet":"ams-nd43-12-1955","year":1955,"scale":250000,"areaM2":165170,"name":null,"confidence":"high","source":"ams-nd43-12-1955"},"geometry":{"type":"Polygon","coordinates":[[[77.420782,13.032526],[77.421127,13.032185],[77.421104,13.029128],[77.419706,13.028115],[77.418666,13.028458],[77.418676,13.029817],[77.419026,13.030155],[77.419056,13.034231],[77.418711,13.034572],[77.418716,13.035251],[77.419414,13.035588],[77.420454,13.035244],[77.420782,13.032526]]]}},{"type":"Feature","properties":{"histId":"ams-nd43-12-1955-0360","sheet":"ams-nd43-12-1955","year":1955,"scale":250000,"areaM2":136814,"name":null,"confidence":"medium","source":"ams-nd43-12-1955"},"geometry":{"type":"Polygon","coordinates":[[[77.400613,13.030907],[77.400263,13.030569],[77.400255,13.02955],[77.398858,13.028536],[77.398165,13.028879],[77.398168,13.029219],[77.397477,13.029901],[77.397492,13.031938],[77.39784,13.031937],[77.39924,13.03329],[77.399937,13.033627],[77.40063,13.033285],[77.400613,13.030907]]]}},{"type":"Feature","properties":{"histId":"ams-nd43-12-1955-0361","sheet":"ams-nd43-12-1955","year":1955,"scale":250000,"areaM2":94279,"name":null,"confidence":"medium","source":"ams-nd43-12-1955"},"geometry":{"type":"Polygon","coordinates":[[[77.330065,13.031514],[77.329013,13.030159],[77.329008,13.029479],[77.328311,13.029142],[77.327618,13.029484],[77.327987,13.03254],[77.328337,13.032879],[77.328342,13.033558],[77.329387,13.033894],[77.33008,13.033552],[77.330065,13.031514]]]}},{"type":"Feature","properties":{"histId":"ams-nd43-12-1955-0362","sheet":"ams-nd43-12-1955","year":1955,"scale":250000,"areaM2":213374,"name":null,"confidence":"high","source":"ams-nd43-12-1955"},"geometry":{"type":"Polygon","coordinates":[[[77.432947,13.032817],[77.430497,13.030449],[77.429102,13.029775],[77.429074,13.026039],[77.428029,13.025704],[77.427337,13.026046],[77.426652,13.027407],[77.426659,13.028426],[77.427709,13.029441],[77.429105,13.030115],[77.429475,13.03317],[77.43122,13.034182],[77.431915,13.034179],[77.432952,13.033496],[77.432947,13.032817]]]}},{"type":"Feature","properties":{"histId":"ams-nd43-12-1955-0363","sheet":"ams-nd43-12-1955","year":1955,"scale":250000,"areaM2":75140,"name":null,"confidence":"medium","source":"ams-nd43-12-1955"},"geometry":{"type":"Polygon","coordinates":[[[77.362688,13.024939],[77.362336,13.024261],[77.360943,13.023927],[77.359906,13.02461],[77.359913,13.025629],[77.360615,13.026645],[77.361313,13.026982],[77.362695,13.025958],[77.362688,13.024939]]]}},{"type":"Feature","properties":{"histId":"ams-nd43-12-1955-0364","sheet":"ams-nd43-12-1955","year":1955,"scale":250000,"areaM2":72304,"name":null,"confidence":"low","source":"ams-nd43-12-1955"},"geometry":{"type":"Polygon","coordinates":[[[77.339756,13.025704],[77.339746,13.024345],[77.341824,13.023318],[77.341817,13.022299],[77.34112,13.021962],[77.339734,13.022647],[77.339044,13.023329],[77.339054,13.024687],[77.338361,13.02503],[77.338366,13.025709],[77.339063,13.026046],[77.339756,13.025704]]]}},{"type":"Feature","properties":{"histId":"ams-nd43-12-1955-0365","sheet":"ams-nd43-12-1955","year":1955,"scale":250000,"areaM2":265127,"name":null,"confidence":"high","source":"ams-nd43-12-1955"},"geometry":{"type":"Polygon","coordinates":[[[77.495774,13.023045],[77.496125,13.023383],[77.497514,13.023377],[77.498207,13.023034],[77.498199,13.022016],[77.497849,13.021677],[77.497823,13.018281],[77.49643,13.017947],[77.495738,13.01829],[77.494014,13.019996],[77.492281,13.020682],[77.491944,13.022042],[77.493339,13.022716],[77.495774,13.023045]]]}},{"type":"Feature","properties":{"histId":"ams-nd43-12-1955-0366","sheet":"ams-nd43-12-1955","year":1955,"scale":250000,"areaM2":81521,"name":null,"confidence":"medium","source":"ams-nd43-12-1955"},"geometry":{"type":"Polygon","coordinates":[[[77.397756,13.020389],[77.396363,13.020055],[77.395671,13.020397],[77.395676,13.021076],[77.396733,13.02311],[77.397778,13.023446],[77.398471,13.023103],[77.398458,13.021405],[77.397756,13.020389]]]}},{"type":"Feature","properties":{"histId":"ams-nd43-12-1955-0367","sheet":"ams-nd43-12-1955","year":1955,"scale":250000,"areaM2":153111,"name":null,"confidence":"high","source":"ams-nd43-12-1955"},"geometry":{"type":"Polygon","coordinates":[[[77.24658,13.020935],[77.247275,13.020932],[77.248322,13.021608],[77.249015,13.021266],[77.249008,13.020247],[77.247952,13.018213],[77.24656,13.017878],[77.245867,13.01822],[77.244486,13.019583],[77.244143,13.020263],[77.244149,13.021282],[77.245542,13.021617],[77.24658,13.020935]]]}},{"type":"Feature","properties":{"histId":"ams-nd43-12-1955-0368","sheet":"ams-nd43-12-1955","year":1955,"scale":250000,"areaM2":637987,"name":null,"confidence":"high","source":"ams-nd43-12-1955"},"geometry":{"type":"Polygon","coordinates":[[[77.391846,13.020072],[77.391838,13.019053],[77.389401,13.018383],[77.387646,13.016013],[77.385206,13.015003],[77.384856,13.014665],[77.384846,13.013306],[77.384496,13.012968],[77.383452,13.012632],[77.382759,13.012975],[77.382074,13.014336],[77.382088,13.016374],[77.382438,13.016712],[77.38281,13.020107],[77.382465,13.020448],[77.382475,13.021807],[77.381437,13.02249],[77.38145,13.024188],[77.382147,13.024525],[77.38284,13.024183],[77.383168,13.021464],[77.38386,13.021122],[77.384203,13.020442],[77.38559,13.020096],[77.385936,13.019756],[77.386978,13.019751],[77.387676,13.020088],[77.389075,13.021442],[77.389088,13.02314],[77.38944,13.023818],[77.390485,13.024154],[77.391178,13.023811],[77.390811,13.021095],[77.391846,13.020072]]]}},{"type":"Feature","properties":{"histId":"ams-nd43-12-1955-0369","sheet":"ams-nd43-12-1955","year":1955,"scale":250000,"areaM2":402634,"name":null,"confidence":"high","source":"ams-nd43-12-1955"},"geometry":{"type":"Polygon","coordinates":[[[77.32619,13.024055],[77.328278,13.024387],[77.32897,13.024045],[77.329304,13.022006],[77.329649,13.021665],[77.329637,13.019966],[77.328935,13.01895],[77.328237,13.018613],[77.328228,13.017254],[77.327878,13.016916],[77.328183,13.010801],[77.327136,13.010125],[77.326098,13.010808],[77.326469,13.014204],[77.325781,13.015225],[77.325786,13.015904],[77.326843,13.017939],[77.32754,13.018276],[77.327561,13.021333],[77.326526,13.022355],[77.325833,13.022698],[77.324443,13.022703],[77.32306,13.023727],[77.323069,13.025085],[77.323767,13.025422],[77.324807,13.025079],[77.32619,13.024055]]]}},{"type":"Feature","properties":{"histId":"ams-nd43-12-1955-0370","sheet":"ams-nd43-12-1955","year":1955,"scale":250000,"areaM2":69469,"name":null,"confidence":"low","source":"ams-nd43-12-1955"},"geometry":{"type":"Polygon","coordinates":[[[77.336569,13.017224],[77.335181,13.017569],[77.33519,13.018927],[77.336238,13.019603],[77.337628,13.019598],[77.33832,13.019255],[77.337963,13.017898],[77.336569,13.017224]]]}},{"type":"Feature","properties":{"histId":"ams-nd43-12-1955-0371","sheet":"ams-nd43-12-1955","year":1955,"scale":250000,"areaM2":508275,"name":null,"confidence":"high","source":"ams-nd43-12-1955"},"geometry":{"type":"Polygon","coordinates":[[[77.465841,13.016718],[77.466886,13.017053],[77.467586,13.01773],[77.467589,13.018069],[77.467936,13.018068],[77.468986,13.019082],[77.471079,13.020093],[77.473164,13.020084],[77.473856,13.019741],[77.474546,13.019059],[77.476624,13.018031],[77.477311,13.01701],[77.478003,13.016667],[77.479398,13.01734],[77.480093,13.017338],[77.480443,13.017676],[77.481136,13.017333],[77.481131,13.016654],[77.479733,13.015641],[77.47869,13.015645],[77.476961,13.016671],[77.474171,13.015325],[77.473478,13.015667],[77.471754,13.017373],[77.470366,13.017718],[77.468968,13.016705],[77.468948,13.013988],[77.468248,13.013311],[77.46755,13.012975],[77.465128,13.014343],[77.465141,13.016042],[77.465841,13.016718]]]}},{"type":"Feature","properties":{"histId":"ams-nd43-12-1955-0372","sheet":"ams-nd43-12-1955","year":1955,"scale":250000,"areaM2":323953,"name":null,"confidence":"high","source":"ams-nd43-12-1955"},"geometry":{"type":"Polygon","coordinates":[[[77.36195,13.018828],[77.363335,13.018143],[77.364377,13.018139],[77.36507,13.017797],[77.366117,13.018472],[77.367845,13.017107],[77.368185,13.016087],[77.368876,13.015405],[77.370608,13.014719],[77.370601,13.0137],[77.369204,13.012687],[77.367476,13.014052],[77.367478,13.014391],[77.366443,13.015414],[77.365058,13.016099],[77.364015,13.016103],[77.363665,13.015764],[77.36158,13.015772],[77.360195,13.016457],[77.359505,13.017139],[77.359512,13.018158],[77.360559,13.018833],[77.36195,13.018828]]]}},{"type":"Feature","properties":{"histId":"ams-nd43-12-1955-0373","sheet":"ams-nd43-12-1955","year":1955,"scale":250000,"areaM2":642933,"name":null,"confidence":"high","source":"ams-nd43-12-1955"},"geometry":{"type":"Polygon","coordinates":[[[77.291782,13.023838],[77.293162,13.022474],[77.294548,13.02179],[77.295943,13.022465],[77.297333,13.02246],[77.298026,13.022118],[77.298716,13.021436],[77.298707,13.020077],[77.299392,13.018716],[77.299383,13.017357],[77.299728,13.017016],[77.299724,13.016337],[77.301445,13.013953],[77.30283,13.013269],[77.303521,13.012587],[77.304909,13.012243],[77.305254,13.011902],[77.306644,13.011897],[77.307691,13.012573],[77.308734,13.012569],[77.309426,13.012227],[77.309417,13.010868],[77.308018,13.009514],[77.30732,13.009177],[77.306278,13.009181],[77.304892,13.009865],[77.303859,13.011227],[77.299703,13.01328],[77.299005,13.012943],[77.297268,13.012949],[77.29623,13.013632],[77.296241,13.01533],[77.297296,13.017025],[77.29731,13.019063],[77.296967,13.019744],[77.295931,13.020766],[77.295584,13.020767],[77.2942,13.021791],[77.293153,13.021116],[77.291765,13.02146],[77.290384,13.022824],[77.290391,13.023843],[77.291089,13.02418],[77.291782,13.023838]]]}},{"type":"Feature","properties":{"histId":"ams-nd43-12-1955-0374","sheet":"ams-nd43-12-1955","year":1955,"scale":250000,"areaM2":254490,"name":null,"confidence":"high","source":"ams-nd43-12-1955"},"geometry":{"type":"Polygon","coordinates":[[[77.457808,13.011317],[77.456765,13.011321],[77.453973,13.009634],[77.453278,13.009637],[77.451548,13.010663],[77.449461,13.010332],[77.448768,13.010675],[77.448776,13.011694],[77.449823,13.012369],[77.451213,13.012363],[77.451911,13.0127],[77.452256,13.012359],[77.452951,13.012356],[77.454696,13.013368],[77.457473,13.013017],[77.458511,13.012333],[77.458505,13.011654],[77.457808,13.011317]]]}},{"type":"Feature","properties":{"histId":"ams-nd43-12-1955-0375","sheet":"ams-nd43-12-1955","year":1955,"scale":250000,"areaM2":63800,"name":null,"confidence":"low","source":"ams-nd43-12-1955"},"geometry":{"type":"Polygon","coordinates":[[[77.443556,13.010696],[77.442163,13.010362],[77.441471,13.010705],[77.441481,13.012063],[77.442529,13.012738],[77.443571,13.012734],[77.444264,13.012391],[77.444256,13.011372],[77.443556,13.010696]]]}},{"type":"Feature","properties":{"histId":"ams-nd43-12-1955-0376","sheet":"ams-nd43-12-1955","year":1955,"scale":250000,"areaM2":189973,"name":null,"confidence":"high","source":"ams-nd43-12-1955"},"geometry":{"type":"Polygon","coordinates":[[[77.287898,13.01502],[77.289284,13.014336],[77.289282,13.013996],[77.289972,13.013314],[77.289963,13.011956],[77.289613,13.011617],[77.289608,13.010938],[77.288216,13.010603],[77.287523,13.010945],[77.286487,13.011968],[77.28614,13.011969],[77.284757,13.012993],[77.284764,13.014012],[77.286856,13.015023],[77.287898,13.01502]]]}},{"type":"Feature","properties":{"histId":"ams-nd43-12-1955-0377","sheet":"ams-nd43-12-1955","year":1955,"scale":250000,"areaM2":100657,"name":null,"confidence":"medium","source":"ams-nd43-12-1955"},"geometry":{"type":"Polygon","coordinates":[[[77.296876,13.006497],[77.295486,13.006502],[77.294793,13.006844],[77.2948,13.007863],[77.296197,13.008877],[77.297592,13.009551],[77.298632,13.009208],[77.298621,13.00751],[77.296876,13.006497]]]}},{"type":"Feature","properties":{"histId":"ams-nd43-12-1955-0378","sheet":"ams-nd43-12-1955","year":1955,"scale":250000,"areaM2":282843,"name":null,"confidence":"high","source":"ams-nd43-12-1955"},"geometry":{"type":"Polygon","coordinates":[[[77.434164,13.009376],[77.433819,13.009717],[77.433121,13.00938],[77.432071,13.008365],[77.431011,13.005992],[77.428564,13.003964],[77.427866,13.003627],[77.427174,13.003969],[77.426476,13.003632],[77.425424,13.002278],[77.424726,13.001941],[77.423684,13.001945],[77.422646,13.002629],[77.422656,13.003987],[77.423009,13.004665],[77.423706,13.005002],[77.425781,13.003635],[77.426826,13.003971],[77.427179,13.004648],[77.427876,13.004985],[77.429276,13.006338],[77.429279,13.006678],[77.429979,13.007354],[77.429984,13.008034],[77.430686,13.00905],[77.430694,13.010069],[77.431394,13.010745],[77.432439,13.011081],[77.433476,13.010397],[77.434174,13.010734],[77.434866,13.010392],[77.434861,13.009712],[77.434164,13.009376]]]}},{"type":"Feature","properties":{"histId":"ams-nd43-12-1955-0379","sheet":"ams-nd43-12-1955","year":1955,"scale":250000,"areaM2":224001,"name":null,"confidence":"high","source":"ams-nd43-12-1955"},"geometry":{"type":"Polygon","coordinates":[[[77.345182,13.006662],[77.344485,13.006325],[77.3424,13.006333],[77.341003,13.005319],[77.34065,13.004641],[77.340643,13.003622],[77.340988,13.003281],[77.340979,13.001923],[77.340281,13.001586],[77.339589,13.001928],[77.339251,13.003288],[77.338906,13.003629],[77.338915,13.004987],[77.33857,13.005328],[77.338582,13.007026],[77.339629,13.007702],[77.341367,13.007696],[77.341717,13.008034],[77.344149,13.008025],[77.345187,13.007342],[77.345182,13.006662]]]}},{"type":"Feature","properties":{"histId":"ams-nd43-12-1955-0380","sheet":"ams-nd43-12-1955","year":1955,"scale":250000,"areaM2":73013,"name":null,"confidence":"low","source":"ams-nd43-12-1955"},"geometry":{"type":"Polygon","coordinates":[[[77.369141,13.003856],[77.367403,13.003862],[77.367053,13.003524],[77.366016,13.004207],[77.36602,13.004886],[77.36637,13.005225],[77.367763,13.005559],[77.368113,13.005897],[77.369845,13.005212],[77.369838,13.004193],[77.369141,13.003856]]]}},{"type":"Feature","properties":{"histId":"ams-nd43-12-1955-0381","sheet":"ams-nd43-12-1955","year":1955,"scale":250000,"areaM2":107749,"name":null,"confidence":"medium","source":"ams-nd43-12-1955"},"geometry":{"type":"Polygon","coordinates":[[[77.388265,13.005481],[77.387215,13.004466],[77.3872,13.002428],[77.386848,13.00175],[77.386151,13.001413],[77.385458,13.001755],[77.385465,13.002774],[77.385815,13.003113],[77.385835,13.00583],[77.386187,13.006508],[77.38758,13.006842],[77.388272,13.0065],[77.388265,13.005481]]]}},{"type":"Feature","properties":{"histId":"ams-nd43-12-1955-0382","sheet":"ams-nd43-12-1955","year":1955,"scale":250000,"areaM2":214076,"name":null,"confidence":"high","source":"ams-nd43-12-1955"},"geometry":{"type":"Polygon","coordinates":[[[77.325367,13.005716],[77.326757,13.005711],[77.328502,13.006724],[77.330232,13.005698],[77.330916,13.003997],[77.331949,13.002635],[77.331944,13.001956],[77.331246,13.001619],[77.329518,13.002983],[77.328133,13.003668],[77.327091,13.003672],[77.326746,13.004013],[77.324313,13.004021],[77.32362,13.004364],[77.323625,13.005043],[77.325017,13.005377],[77.325367,13.005716]]]}},{"type":"Feature","properties":{"histId":"ams-nd43-12-1955-0383","sheet":"ams-nd43-12-1955","year":1955,"scale":250000,"areaM2":69469,"name":null,"confidence":"low","source":"ams-nd43-12-1955"},"geometry":{"type":"Polygon","coordinates":[[[77.359063,13.003894],[77.359051,13.002195],[77.357656,13.001521],[77.356964,13.001863],[77.356978,13.003901],[77.357331,13.004579],[77.358028,13.004916],[77.358721,13.004574],[77.359063,13.003894]]]}},{"type":"Feature","properties":{"histId":"ams-nd43-16-1955-0001","sheet":"ams-nd43-16-1955","year":1955,"scale":250000,"areaM2":140104,"name":null,"confidence":"medium","source":"ams-nd43-16-1955"},"geometry":{"type":"Polygon","coordinates":[[[77.468137,12.999537],[77.468137,12.998858],[77.46779,12.998519],[77.467789,12.997161],[77.467442,12.996483],[77.466748,12.996145],[77.465013,12.997505],[77.465014,12.998184],[77.464667,12.998524],[77.464667,12.999543],[77.465015,13.000221],[77.466056,13.000899],[77.467791,13.000217],[77.468137,12.999537]]]}},{"type":"Feature","properties":{"histId":"ams-nd43-16-1955-0002","sheet":"ams-nd43-16-1955","year":1955,"scale":250000,"areaM2":51659,"name":null,"confidence":"low","source":"ams-nd43-16-1955"},"geometry":{"type":"Polygon","coordinates":[[[77.407756,12.9942],[77.407756,12.993521],[77.406368,12.993183],[77.40602,12.992844],[77.40498,12.993525],[77.40498,12.994543],[77.406368,12.99522],[77.407756,12.9942]]]}},{"type":"Feature","properties":{"histId":"ams-nd43-16-1955-0003","sheet":"ams-nd43-16-1955","year":1955,"scale":250000,"areaM2":98363,"name":null,"confidence":"medium","source":"ams-nd43-16-1955"},"geometry":{"type":"Polygon","coordinates":[[[77.415043,12.992152],[77.414349,12.992153],[77.413307,12.991475],[77.412266,12.991816],[77.412267,12.992835],[77.412961,12.993513],[77.414349,12.99419],[77.415737,12.994188],[77.416085,12.994527],[77.416778,12.994186],[77.416778,12.993168],[77.415043,12.992152]]]}},{"type":"Feature","properties":{"histId":"ams-nd43-16-1955-0004","sheet":"ams-nd43-16-1955","year":1955,"scale":250000,"areaM2":59442,"name":null,"confidence":"low","source":"ams-nd43-16-1955"},"geometry":{"type":"Polygon","coordinates":[[[77.435515,12.989065],[77.435514,12.988047],[77.434473,12.987369],[77.432738,12.988051],[77.432739,12.98907],[77.43378,12.989747],[77.434474,12.989746],[77.435515,12.989065]]]}},{"type":"Feature","properties":{"histId":"ams-nd43-16-1955-0005","sheet":"ams-nd43-16-1955","year":1955,"scale":250000,"areaM2":246264,"name":null,"confidence":"high","source":"ams-nd43-16-1955"},"geometry":{"type":"Polygon","coordinates":[[[77.426489,12.980591],[77.426836,12.980251],[77.426836,12.978893],[77.425794,12.978216],[77.424059,12.978218],[77.423019,12.978899],[77.422325,12.980258],[77.422325,12.980937],[77.42302,12.981615],[77.42302,12.982294],[77.424409,12.98365],[77.424409,12.98399],[77.42545,12.984328],[77.426837,12.983307],[77.426489,12.980591]]]}},{"type":"Feature","properties":{"histId":"ams-nd43-16-1955-0006","sheet":"ams-nd43-16-1955","year":1955,"scale":250000,"areaM2":10283224,"name":null,"confidence":"high","source":"ams-nd43-16-1955"},"geometry":{"type":"Polygon","coordinates":[[[77.322728,12.967485],[77.325505,12.968161],[77.325852,12.9685],[77.32724,12.968498],[77.327587,12.968837],[77.328628,12.968836],[77.328975,12.969175],[77.330016,12.969174],[77.330363,12.969513],[77.331752,12.969851],[77.332793,12.970869],[77.333487,12.972226],[77.333487,12.973924],[77.333834,12.974263],[77.333835,12.978338],[77.333488,12.979017],[77.331752,12.980717],[77.331753,12.981056],[77.330711,12.982416],[77.330712,12.983095],[77.330365,12.983435],[77.330365,12.988188],[77.330018,12.988528],[77.330018,12.989547],[77.327242,12.994304],[77.327242,12.994983],[77.327936,12.995661],[77.327936,12.996],[77.32863,12.996339],[77.330018,12.995998],[77.330712,12.995318],[77.332101,12.99294],[77.332795,12.99226],[77.332795,12.99192],[77.333489,12.991241],[77.333836,12.989542],[77.33453,12.988523],[77.33453,12.987844],[77.336265,12.986484],[77.337306,12.987162],[77.337653,12.98784],[77.337653,12.988519],[77.338,12.988859],[77.338,12.990217],[77.336612,12.992595],[77.335918,12.993275],[77.335918,12.993615],[77.335224,12.994294],[77.334877,12.994974],[77.334877,12.995992],[77.336266,12.997009],[77.338348,12.997007],[77.340431,12.998363],[77.340778,12.999041],[77.341472,12.99938],[77.34286,12.998699],[77.34286,12.997002],[77.343207,12.996662],[77.343207,12.995983],[77.343901,12.994624],[77.344942,12.993604],[77.344942,12.993264],[77.34633,12.991565],[77.346677,12.988848],[77.34737,12.987829],[77.34737,12.98681],[77.347023,12.986132],[77.345288,12.984096],[77.344593,12.982739],[77.344593,12.981041],[77.344246,12.980702],[77.344246,12.979684],[77.342163,12.97663],[77.342163,12.975951],[77.343204,12.975271],[77.344246,12.975609],[77.345634,12.976626],[77.34841,12.976623],[77.349451,12.975942],[77.350145,12.975942],[77.351186,12.976619],[77.351187,12.982731],[77.351534,12.98307],[77.351535,12.986126],[77.352923,12.988841],[77.353618,12.989519],[77.353965,12.990537],[77.355006,12.991894],[77.355006,12.992573],[77.355701,12.993591],[77.355701,12.994609],[77.356048,12.995288],[77.357436,12.996305],[77.358477,12.996303],[77.359518,12.995623],[77.359518,12.993925],[77.357783,12.99189],[77.357782,12.990193],[77.358823,12.989512],[77.362294,12.989508],[77.362641,12.989168],[77.365417,12.989164],[77.368194,12.990519],[77.369235,12.990518],[77.370276,12.991195],[77.370276,12.992553],[77.369929,12.992893],[77.369929,12.993912],[77.370624,12.994251],[77.372012,12.994249],[77.372359,12.993909],[77.3734,12.993908],[77.373747,12.993568],[77.375135,12.993566],[77.375482,12.993905],[77.37687,12.993903],[77.377217,12.994242],[77.381035,12.994237],[77.382076,12.994915],[77.384158,12.994912],[77.384505,12.994572],[77.387629,12.994567],[77.388669,12.993887],[77.391099,12.993884],[77.391793,12.993543],[77.391792,12.991846],[77.390751,12.991168],[77.390057,12.991508],[77.389016,12.99151],[77.388669,12.99185],[77.387628,12.991851],[77.387281,12.991512],[77.384157,12.991516],[77.383117,12.992197],[77.382075,12.992198],[77.381381,12.992539],[77.377911,12.990846],[77.375829,12.991188],[77.375481,12.990849],[77.374093,12.990851],[77.373052,12.990173],[77.372358,12.990514],[77.371664,12.990175],[77.37097,12.989497],[77.37097,12.989157],[77.368887,12.987462],[77.368887,12.987123],[77.366457,12.984749],[77.36611,12.98475],[77.365069,12.983732],[77.365069,12.982714],[77.367151,12.981693],[77.367845,12.980673],[77.367844,12.978975],[77.368538,12.977956],[77.368538,12.975919],[77.367496,12.975581],[77.366802,12.975921],[77.366109,12.976601],[77.366109,12.97694],[77.363333,12.97966],[77.362639,12.980001],[77.361251,12.980002],[77.360557,12.979664],[77.359515,12.978307],[77.359515,12.976949],[77.358474,12.974913],[77.35778,12.974235],[77.356738,12.972199],[77.356738,12.97152],[77.356391,12.97118],[77.356043,12.968465],[77.357084,12.966766],[77.357084,12.965068],[77.356043,12.964051],[77.356043,12.963711],[77.355696,12.963711],[77.354654,12.962694],[77.354307,12.962694],[77.352572,12.961338],[77.351184,12.962359],[77.350838,12.965075],[77.350491,12.965415],[77.350491,12.966434],[77.350144,12.966774],[77.350144,12.967793],[77.34945,12.968812],[77.348756,12.969152],[77.34598,12.969156],[77.344592,12.968139],[77.344592,12.96746],[77.345285,12.966101],[77.345979,12.965421],[77.34702,12.963382],[77.346673,12.962024],[77.345979,12.961686],[77.344938,12.962027],[77.343203,12.963726],[77.342856,12.964745],[77.341468,12.965766],[77.34008,12.965767],[77.337998,12.964751],[77.337304,12.965091],[77.336263,12.965093],[77.334874,12.964415],[77.333833,12.964416],[77.333486,12.964077],[77.331751,12.965437],[77.330363,12.966118],[77.322728,12.965787],[77.322034,12.966127],[77.322034,12.967146],[77.322728,12.967485]]]}},{"type":"Feature","properties":{"histId":"ams-nd43-16-1955-0007","sheet":"ams-nd43-16-1955","year":1955,"scale":250000,"areaM2":61568,"name":null,"confidence":"low","source":"ams-nd43-16-1955"},"geometry":{"type":"Polygon","coordinates":[[[77.410527,12.978578],[77.410526,12.977899],[77.409138,12.976882],[77.40775,12.977903],[77.407751,12.978921],[77.408792,12.979599],[77.409833,12.979258],[77.410527,12.978578]]]}},{"type":"Feature","properties":{"histId":"ams-nd43-16-1955-0008","sheet":"ams-nd43-16-1955","year":1955,"scale":250000,"areaM2":99784,"name":null,"confidence":"medium","source":"ams-nd43-16-1955"},"geometry":{"type":"Polygon","coordinates":[[[77.39491,12.974865],[77.394563,12.973508],[77.393522,12.97283],[77.392481,12.973171],[77.391787,12.973851],[77.391788,12.975548],[77.393176,12.976565],[77.394564,12.975545],[77.39491,12.974865]]]}},{"type":"Feature","properties":{"histId":"ams-nd43-16-1955-0009","sheet":"ams-nd43-16-1955","year":1955,"scale":250000,"areaM2":61570,"name":null,"confidence":"low","source":"ams-nd43-16-1955"},"geometry":{"type":"Polygon","coordinates":[[[77.398376,12.961619],[77.397682,12.960941],[77.396641,12.960603],[77.3956,12.961283],[77.395601,12.962302],[77.396989,12.963318],[77.398377,12.962298],[77.398376,12.961619]]]}},{"type":"Feature","properties":{"histId":"ams-nd43-16-1955-0010","sheet":"ams-nd43-16-1955","year":1955,"scale":250000,"areaM2":354539,"name":null,"confidence":"high","source":"ams-nd43-16-1955"},"geometry":{"type":"Polygon","coordinates":[[[77.461867,12.952696],[77.46256,12.951337],[77.462559,12.949979],[77.462212,12.94964],[77.462212,12.948961],[77.460824,12.947945],[77.457701,12.94795],[77.456314,12.94897],[77.456315,12.951007],[77.457357,12.953043],[77.458745,12.95372],[77.459786,12.953718],[77.461867,12.952696]]]}},{"type":"Feature","properties":{"histId":"ams-nd43-16-1955-0011","sheet":"ams-nd43-16-1955","year":1955,"scale":250000,"areaM2":150028,"name":null,"confidence":"high","source":"ams-nd43-16-1955"},"geometry":{"type":"Polygon","coordinates":[[[77.468792,12.9279],[77.467404,12.927223],[77.466364,12.927904],[77.466017,12.928584],[77.466018,12.929602],[77.46706,12.931638],[77.46706,12.932656],[77.468101,12.933334],[77.468795,12.932993],[77.468792,12.9279]]]}},{"type":"Feature","properties":{"histId":"ams-nd43-16-1955-0012","sheet":"ams-nd43-16-1955","year":1955,"scale":250000,"areaM2":52378,"name":null,"confidence":"low","source":"ams-nd43-16-1955"},"geometry":{"type":"Polygon","coordinates":[[[77.359503,12.907001],[77.358809,12.906662],[77.357769,12.907003],[77.357769,12.909041],[77.358463,12.909379],[77.359851,12.908699],[77.359503,12.907001]]]}},{"type":"Feature","properties":{"histId":"ams-nd43-16-1955-0013","sheet":"ams-nd43-16-1955","year":1955,"scale":250000,"areaM2":142245,"name":null,"confidence":"medium","source":"ams-nd43-16-1955"},"geometry":{"type":"Polygon","coordinates":[[[77.496878,12.906464],[77.496877,12.905105],[77.495489,12.904768],[77.495142,12.905108],[77.494102,12.90511],[77.492715,12.905792],[77.491675,12.906812],[77.491676,12.90817],[77.492716,12.908508],[77.496878,12.906464]]]}},{"type":"Feature","properties":{"histId":"ams-nd43-16-1955-0014","sheet":"ams-nd43-16-1955","year":1955,"scale":250000,"areaM2":73607,"name":null,"confidence":"low","source":"ams-nd43-16-1955"},"geometry":{"type":"Polygon","coordinates":[[[77.416399,12.904212],[77.416398,12.902853],[77.41501,12.901837],[77.41397,12.902517],[77.41397,12.903536],[77.414317,12.903875],[77.414318,12.904894],[77.415358,12.905232],[77.416052,12.904891],[77.416399,12.904212]]]}},{"type":"Feature","properties":{"histId":"ams-nd43-16-1955-0015","sheet":"ams-nd43-16-1955","year":1955,"scale":250000,"areaM2":76442,"name":null,"confidence":"medium","source":"ams-nd43-16-1955"},"geometry":{"type":"Polygon","coordinates":[[[77.384134,12.899161],[77.384481,12.898821],[77.384481,12.897802],[77.38344,12.897125],[77.382746,12.897465],[77.382746,12.898144],[77.382399,12.898484],[77.3824,12.900861],[77.383094,12.9012],[77.384134,12.900519],[77.384134,12.899161]]]}},{"type":"Feature","properties":{"histId":"ams-nd43-16-1955-0016","sheet":"ams-nd43-16-1955","year":1955,"scale":250000,"areaM2":121019,"name":null,"confidence":"medium","source":"ams-nd43-16-1955"},"geometry":{"type":"Polygon","coordinates":[[[77.485076,12.893242],[77.486463,12.892221],[77.486463,12.891202],[77.485075,12.890186],[77.484034,12.890188],[77.4823,12.891209],[77.482301,12.892567],[77.483342,12.893245],[77.485076,12.893242]]]}},{"type":"Feature","properties":{"histId":"ams-nd43-16-1955-0017","sheet":"ams-nd43-16-1955","year":1955,"scale":250000,"areaM2":186850,"name":null,"confidence":"high","source":"ams-nd43-16-1955"},"geometry":{"type":"Polygon","coordinates":[[[77.427842,12.89333],[77.427148,12.892652],[77.427148,12.891293],[77.428535,12.889594],[77.428534,12.888236],[77.42784,12.887897],[77.426453,12.888918],[77.426453,12.889257],[77.425413,12.890617],[77.425414,12.891635],[77.426108,12.892314],[77.426108,12.892993],[77.425414,12.894012],[77.425415,12.89571],[77.426456,12.896388],[77.427843,12.895367],[77.427842,12.89333]]]}},{"type":"Feature","properties":{"histId":"ams-nd43-16-1955-0018","sheet":"ams-nd43-16-1955","year":1955,"scale":250000,"areaM2":104753,"name":null,"confidence":"medium","source":"ams-nd43-16-1955"},"geometry":{"type":"Polygon","coordinates":[[[77.408414,12.885207],[77.407026,12.885209],[77.405986,12.88589],[77.405986,12.886908],[77.407721,12.888264],[77.409108,12.887923],[77.409802,12.887243],[77.409802,12.886224],[77.408414,12.885207]]]}},{"type":"Feature","properties":{"histId":"ams-nd43-16-1955-0019","sheet":"ams-nd43-16-1955","year":1955,"scale":250000,"areaM2":73603,"name":null,"confidence":"low","source":"ams-nd43-16-1955"},"geometry":{"type":"Polygon","coordinates":[[[77.494087,12.880325],[77.494086,12.878966],[77.493045,12.878289],[77.492351,12.87829],[77.491311,12.878971],[77.491312,12.880329],[77.492353,12.881007],[77.493047,12.881005],[77.494087,12.880325]]]}},{"type":"Feature","properties":{"histId":"ams-nd43-16-1955-0020","sheet":"ams-nd43-16-1955","year":1955,"scale":250000,"areaM2":120323,"name":null,"confidence":"medium","source":"ams-nd43-16-1955"},"geometry":{"type":"Polygon","coordinates":[[[77.490591,12.833813],[77.49059,12.832455],[77.489896,12.832116],[77.488509,12.832118],[77.487816,12.832459],[77.487123,12.833479],[77.487123,12.834837],[77.488511,12.835853],[77.489898,12.835172],[77.490591,12.833813]]]}},{"type":"Feature","properties":{"histId":"ams-nd43-16-1955-0021","sheet":"ams-nd43-16-1955","year":1955,"scale":250000,"areaM2":579740,"name":null,"confidence":"high","source":"ams-nd43-16-1955"},"geometry":{"type":"Polygon","coordinates":[[[77.429894,12.817943],[77.430241,12.817264],[77.43024,12.813528],[77.429199,12.812171],[77.426424,12.811156],[77.425037,12.811837],[77.423997,12.812857],[77.422957,12.814896],[77.422958,12.816594],[77.42504,12.819308],[77.425733,12.819647],[77.427814,12.819644],[77.428508,12.819303],[77.429894,12.817943]]]}},{"type":"Feature","properties":{"histId":"ams-nd43-16-1955-0022","sheet":"ams-nd43-16-1955","year":1955,"scale":250000,"areaM2":72915,"name":null,"confidence":"low","source":"ams-nd43-16-1955"},"geometry":{"type":"Polygon","coordinates":[[[77.373016,12.816317],[77.37371,12.815976],[77.374056,12.814278],[77.373016,12.8136],[77.371628,12.813941],[77.371282,12.814621],[77.371282,12.815979],[77.371976,12.816318],[77.373016,12.816317]]]}},{"type":"Feature","properties":{"histId":"ams-nd43-16-1955-0023","sheet":"ams-nd43-16-1955","year":1955,"scale":250000,"areaM2":114680,"name":null,"confidence":"medium","source":"ams-nd43-16-1955"},"geometry":{"type":"Polygon","coordinates":[[[77.385155,12.816302],[77.387236,12.815281],[77.387236,12.814262],[77.384461,12.812907],[77.383767,12.813248],[77.38342,12.813927],[77.383421,12.815965],[77.384115,12.816304],[77.385155,12.816302]]]}},{"type":"Feature","properties":{"histId":"ams-nd43-16-1955-0024","sheet":"ams-nd43-16-1955","year":1955,"scale":250000,"areaM2":77864,"name":null,"confidence":"medium","source":"ams-nd43-16-1955"},"geometry":{"type":"Polygon","coordinates":[[[77.44723,12.808411],[77.447576,12.806373],[77.446535,12.806035],[77.445149,12.807055],[77.444802,12.807735],[77.444803,12.809093],[77.445843,12.809432],[77.44723,12.808411]]]}},{"type":"Feature","properties":{"histId":"ams-nd43-16-1955-0025","sheet":"ams-nd43-16-1955","year":1955,"scale":250000,"areaM2":80705,"name":null,"confidence":"medium","source":"ams-nd43-16-1955"},"geometry":{"type":"Polygon","coordinates":[[[77.363996,12.801045],[77.365036,12.800025],[77.365036,12.798666],[77.363649,12.798328],[77.362955,12.798668],[77.361915,12.800028],[77.361915,12.800707],[77.362956,12.801385],[77.363996,12.801045]]]}},{"type":"Feature","properties":{"histId":"ams-nd43-16-1955-0026","sheet":"ams-nd43-16-1955","year":1955,"scale":250000,"areaM2":112549,"name":null,"confidence":"medium","source":"ams-nd43-16-1955"},"geometry":{"type":"Polygon","coordinates":[[[77.492639,12.77846],[77.491598,12.777103],[77.490558,12.776765],[77.489518,12.777446],[77.489519,12.778805],[77.49056,12.780501],[77.4916,12.780839],[77.49264,12.780158],[77.492639,12.77846]]]}},{"type":"Feature","properties":{"histId":"ams-nd43-16-1955-0027","sheet":"ams-nd43-16-1955","year":1955,"scale":250000,"areaM2":136624,"name":null,"confidence":"medium","source":"ams-nd43-16-1955"},"geometry":{"type":"Polygon","coordinates":[[[77.446523,12.77683],[77.444442,12.775814],[77.443402,12.776155],[77.442709,12.776835],[77.443056,12.778193],[77.44479,12.77921],[77.446524,12.779207],[77.447564,12.778527],[77.447564,12.777848],[77.446523,12.77683]]]}},{"type":"Feature","properties":{"histId":"ams-nd43-16-1955-0028","sheet":"ams-nd43-16-1955","year":1955,"scale":250000,"areaM2":205285,"name":null,"confidence":"high","source":"ams-nd43-16-1955"},"geometry":{"type":"Polygon","coordinates":[[[77.469061,12.778156],[77.467674,12.777479],[77.466633,12.776122],[77.466632,12.773406],[77.466978,12.773066],[77.466978,12.771707],[77.466284,12.771369],[77.464898,12.772389],[77.464898,12.773069],[77.464552,12.773409],[77.464553,12.776465],[77.465247,12.777822],[77.465941,12.7785],[77.467328,12.779178],[77.468368,12.779176],[77.469062,12.778835],[77.469061,12.778156]]]}},{"type":"Feature","properties":{"histId":"ams-nd43-16-1955-0029","sheet":"ams-nd43-16-1955","year":1955,"scale":250000,"areaM2":424064,"name":null,"confidence":"high","source":"ams-nd43-16-1955"},"geometry":{"type":"Polygon","coordinates":[[[77.386533,12.777246],[77.386533,12.775209],[77.385839,12.774191],[77.385839,12.772832],[77.384798,12.771814],[77.384798,12.771475],[77.384105,12.771136],[77.383064,12.771137],[77.381677,12.771818],[77.380637,12.772838],[77.380638,12.776234],[77.381679,12.777591],[77.382025,12.777591],[77.383066,12.778609],[77.384453,12.778947],[77.385147,12.778606],[77.386533,12.777246]]]}},{"type":"Feature","properties":{"histId":"ams-nd43-16-1955-0030","sheet":"ams-nd43-16-1955","year":1955,"scale":250000,"areaM2":56636,"name":null,"confidence":"low","source":"ams-nd43-16-1955"},"geometry":{"type":"Polygon","coordinates":[[[77.408027,12.757523],[77.407334,12.757184],[77.406294,12.757525],[77.406294,12.759902],[77.406988,12.760241],[77.408028,12.7599],[77.408027,12.757523]]]}},{"type":"Feature","properties":{"histId":"ams-nd43-16-1955-0031","sheet":"ams-nd43-16-1955","year":1955,"scale":250000,"areaM2":186186,"name":null,"confidence":"high","source":"ams-nd43-16-1955"},"geometry":{"type":"Polygon","coordinates":[[[77.448937,12.746942],[77.449631,12.747281],[77.450324,12.74728],[77.452057,12.746259],[77.453097,12.746257],[77.454831,12.747274],[77.455525,12.746933],[77.455524,12.746254],[77.454137,12.745576],[77.453791,12.745917],[77.453097,12.745578],[77.451709,12.743882],[77.450322,12.743204],[77.448936,12.743546],[77.448589,12.744226],[77.44859,12.746263],[77.448937,12.746942]]]}},{"type":"Feature","properties":{"histId":"ams-nd43-16-1955-0032","sheet":"ams-nd43-16-1955","year":1955,"scale":250000,"areaM2":171325,"name":null,"confidence":"high","source":"ams-nd43-16-1955"},"geometry":{"type":"Polygon","coordinates":[[[77.426054,12.745614],[77.42744,12.744933],[77.428133,12.744253],[77.428133,12.743574],[77.426746,12.741877],[77.426052,12.741539],[77.424666,12.74222],[77.423973,12.743579],[77.422933,12.744259],[77.422933,12.745278],[77.423627,12.745617],[77.426054,12.745614]]]}},{"type":"Feature","properties":{"histId":"ams-nd43-16-1955-0033","sheet":"ams-nd43-16-1955","year":1955,"scale":250000,"areaM2":242127,"name":null,"confidence":"high","source":"ams-nd43-16-1955"},"geometry":{"type":"Polygon","coordinates":[[[77.418769,12.736453],[77.419116,12.736453],[77.419116,12.735434],[77.417035,12.733399],[77.416341,12.73306],[77.415301,12.733062],[77.413915,12.734082],[77.413915,12.73612],[77.414262,12.736459],[77.414262,12.737138],[77.414956,12.738156],[77.41565,12.738495],[77.417036,12.738154],[77.418769,12.736453]]]}},{"type":"Feature","properties":{"histId":"ams-nd43-16-1955-0034","sheet":"ams-nd43-16-1955","year":1955,"scale":250000,"areaM2":56636,"name":null,"confidence":"low","source":"ams-nd43-16-1955"},"geometry":{"type":"Polygon","coordinates":[[[77.448585,12.734377],[77.447198,12.73336],[77.446158,12.734041],[77.446159,12.735399],[77.447546,12.736076],[77.448586,12.735396],[77.448585,12.734377]]]}},{"type":"Feature","properties":{"histId":"ams-nd43-16-1955-0035","sheet":"ams-nd43-16-1955","year":1955,"scale":250000,"areaM2":201063,"name":null,"confidence":"high","source":"ams-nd43-16-1955"},"geometry":{"type":"Polygon","coordinates":[[[77.427783,12.734065],[77.427782,12.731348],[77.426742,12.73067],[77.425355,12.730672],[77.424662,12.731012],[77.424662,12.732031],[77.423276,12.733391],[77.423276,12.73407],[77.42397,12.734749],[77.42397,12.735088],[77.42501,12.735766],[77.426397,12.735425],[77.427783,12.734065]]]}},{"type":"Feature","properties":{"histId":"ams-nd43-16-1955-0036","sheet":"ams-nd43-16-1955","year":1955,"scale":250000,"areaM2":489913,"name":null,"confidence":"high","source":"ams-nd43-16-1955"},"geometry":{"type":"Polygon","coordinates":[[[77.441996,12.729292],[77.442342,12.728952],[77.442341,12.725216],[77.441994,12.724877],[77.441993,12.72216],[77.440952,12.720803],[77.440606,12.720803],[77.439219,12.719786],[77.437486,12.721147],[77.437488,12.72726],[77.437835,12.727939],[77.439916,12.729974],[77.441303,12.730311],[77.441996,12.729971],[77.441996,12.729292]]]}},{"type":"Feature","properties":{"histId":"ams-nd43-16-1955-0037","sheet":"ams-nd43-16-1955","year":1955,"scale":250000,"areaM2":124604,"name":null,"confidence":"medium","source":"ams-nd43-16-1955"},"geometry":{"type":"Polygon","coordinates":[[[77.448229,12.712982],[77.446842,12.711285],[77.445108,12.710608],[77.444069,12.711289],[77.444069,12.712648],[77.44511,12.713665],[77.446497,12.714342],[77.447883,12.714001],[77.44823,12.713661],[77.448229,12.712982]]]}},{"type":"Feature","properties":{"histId":"ams-nd43-16-1955-0038","sheet":"ams-nd43-16-1955","year":1955,"scale":250000,"areaM2":50264,"name":null,"confidence":"low","source":"ams-nd43-16-1955"},"geometry":{"type":"Polygon","coordinates":[[[77.483933,12.708517],[77.484626,12.707837],[77.484625,12.707157],[77.483585,12.70648],[77.482545,12.706821],[77.482546,12.708858],[77.48324,12.709197],[77.483933,12.708856],[77.483933,12.708517]]]}},{"type":"Feature","properties":{"histId":"ams-nd44-13-1955-0001","sheet":"ams-nd44-13-1955","year":1955,"scale":250000,"areaM2":121741,"name":null,"confidence":"medium","source":"ams-nd44-13-1955"},"geometry":{"type":"Polygon","coordinates":[[[77.915159,12.998211],[77.916976,12.998213],[77.918431,12.997504],[77.918433,12.996794],[77.918071,12.996084],[77.917345,12.995728],[77.914802,12.99537],[77.914075,12.995724],[77.914072,12.997144],[77.914433,12.997855],[77.915159,12.998211]]]}},{"type":"Feature","properties":{"histId":"ams-nd44-13-1955-0002","sheet":"ams-nd44-13-1955","year":1955,"scale":250000,"areaM2":91535,"name":null,"confidence":"medium","source":"ams-nd44-13-1955"},"geometry":{"type":"Polygon","coordinates":[[[77.557884,12.996495],[77.558613,12.995786],[77.558618,12.994366],[77.557893,12.994009],[77.556438,12.994005],[77.555345,12.994713],[77.55534,12.996133],[77.556428,12.996846],[77.557884,12.996495]]]}},{"type":"Feature","properties":{"histId":"ams-nd44-13-1955-0003","sheet":"ams-nd44-13-1955","year":1955,"scale":250000,"areaM2":501702,"name":null,"confidence":"high","source":"ams-nd44-13-1955"},"geometry":{"type":"Polygon","coordinates":[[[77.912272,12.989686],[77.911548,12.98862],[77.911551,12.9872],[77.910464,12.985779],[77.910104,12.984713],[77.90829,12.983291],[77.90611,12.983288],[77.905383,12.983643],[77.90429,12.984706],[77.904287,12.986127],[77.904649,12.986837],[77.909361,12.991458],[77.910814,12.991815],[77.911541,12.991461],[77.91227,12.990396],[77.912272,12.989686]]]}},{"type":"Feature","properties":{"histId":"ams-nd44-13-1955-0004","sheet":"ams-nd44-13-1955","year":1955,"scale":250000,"areaM2":79892,"name":null,"confidence":"medium","source":"ams-nd44-13-1955"},"geometry":{"type":"Polygon","coordinates":[[[77.637896,12.987095],[77.638627,12.986031],[77.639355,12.985678],[77.639357,12.984967],[77.637904,12.984609],[77.637542,12.984253],[77.636814,12.984607],[77.636446,12.986026],[77.635717,12.98638],[77.635715,12.98709],[77.637168,12.987448],[77.637896,12.987095]]]}},{"type":"Feature","properties":{"histId":"ams-nd44-13-1955-0005","sheet":"ams-nd44-13-1955","year":1955,"scale":250000,"areaM2":165207,"name":null,"confidence":"high","source":"ams-nd44-13-1955"},"geometry":{"type":"Polygon","coordinates":[[[77.679703,12.985763],[77.678977,12.985407],[77.678984,12.983276],[77.678621,12.98292],[77.678623,12.98221],[77.677898,12.981853],[77.676807,12.981851],[77.675714,12.982559],[77.67571,12.98398],[77.67716,12.985048],[77.677155,12.986823],[77.678606,12.987537],[77.679699,12.986829],[77.679703,12.985763]]]}},{"type":"Feature","properties":{"histId":"ams-nd44-13-1955-0006","sheet":"ams-nd44-13-1955","year":1955,"scale":250000,"areaM2":63605,"name":null,"confidence":"low","source":"ams-nd44-13-1955"},"geometry":{"type":"Polygon","coordinates":[[[77.620468,12.981018],[77.61938,12.980306],[77.618287,12.981013],[77.618282,12.982434],[77.619733,12.983503],[77.620461,12.983149],[77.620468,12.981018]]]}},{"type":"Feature","properties":{"histId":"ams-nd44-13-1955-0007","sheet":"ams-nd44-13-1955","year":1955,"scale":250000,"areaM2":240444,"name":null,"confidence":"high","source":"ams-nd44-13-1955"},"geometry":{"type":"Polygon","coordinates":[[[77.673538,12.981134],[77.67354,12.980424],[77.673178,12.980068],[77.673184,12.978292],[77.672096,12.97758],[77.671004,12.977933],[77.670275,12.978641],[77.669907,12.980061],[77.669542,12.980416],[77.669535,12.982546],[77.669171,12.982901],[77.669168,12.983611],[77.670257,12.984323],[77.672441,12.983263],[77.673538,12.981134]]]}},{"type":"Feature","properties":{"histId":"ams-nd44-13-1955-0008","sheet":"ams-nd44-13-1955","year":1955,"scale":250000,"areaM2":86845,"name":null,"confidence":"medium","source":"ams-nd44-13-1955"},"geometry":{"type":"Polygon","coordinates":[[[77.943189,12.973744],[77.943916,12.973389],[77.944281,12.97268],[77.944284,12.971259],[77.943558,12.970904],[77.942468,12.970903],[77.941741,12.971257],[77.941376,12.971966],[77.941373,12.973387],[77.942099,12.973742],[77.943189,12.973744]]]}},{"type":"Feature","properties":{"histId":"ams-nd44-13-1955-0009","sheet":"ams-nd44-13-1955","year":1955,"scale":250000,"areaM2":456062,"name":null,"confidence":"high","source":"ams-nd44-13-1955"},"geometry":{"type":"Polygon","coordinates":[[[77.688085,12.978678],[77.688813,12.978324],[77.688814,12.977969],[77.689908,12.976906],[77.690271,12.976907],[77.691365,12.975844],[77.692096,12.974425],[77.692099,12.973715],[77.691014,12.971937],[77.690288,12.97158],[77.688471,12.971577],[77.688108,12.971221],[77.686655,12.971218],[77.685562,12.971926],[77.685544,12.977608],[77.685905,12.978319],[77.686631,12.978675],[77.688085,12.978678]]]}},{"type":"Feature","properties":{"histId":"ams-nd44-13-1955-0010","sheet":"ams-nd44-13-1955","year":1955,"scale":250000,"areaM2":58937,"name":null,"confidence":"low","source":"ams-nd44-13-1955"},"geometry":{"type":"Polygon","coordinates":[[[77.844377,12.969361],[77.842925,12.968648],[77.841833,12.969357],[77.841831,12.970422],[77.842919,12.971134],[77.843646,12.971135],[77.844373,12.970781],[77.844377,12.969361]]]}},{"type":"Feature","properties":{"histId":"ams-nd44-13-1955-0011","sheet":"ams-nd44-13-1955","year":1955,"scale":250000,"areaM2":54294,"name":null,"confidence":"low","source":"ams-nd44-13-1955"},"geometry":{"type":"Polygon","coordinates":[[[77.677581,12.967293],[77.67649,12.967291],[77.675762,12.967644],[77.67576,12.968354],[77.677574,12.969424],[77.678665,12.969071],[77.678669,12.968005],[77.677581,12.967293]]]}},{"type":"Feature","properties":{"histId":"ams-nd44-13-1955-0012","sheet":"ams-nd44-13-1955","year":1955,"scale":250000,"areaM2":366146,"name":null,"confidence":"high","source":"ams-nd44-13-1955"},"geometry":{"type":"Polygon","coordinates":[[[77.551441,12.968777],[77.549993,12.966997],[77.548904,12.966639],[77.547454,12.96557],[77.545269,12.96663],[77.544902,12.967339],[77.544899,12.968405],[77.545622,12.969472],[77.545619,12.970182],[77.546706,12.971251],[77.547432,12.971608],[77.548522,12.97161],[77.54961,12.972323],[77.551066,12.971972],[77.551432,12.971263],[77.551441,12.968777]]]}},{"type":"Feature","properties":{"histId":"ams-nd44-13-1955-0013","sheet":"ams-nd44-13-1955","year":1955,"scale":250000,"areaM2":123330,"name":null,"confidence":"medium","source":"ams-nd44-13-1955"},"geometry":{"type":"Polygon","coordinates":[[[77.636878,12.96543],[77.636152,12.965073],[77.635061,12.965426],[77.633603,12.966488],[77.633598,12.967908],[77.635411,12.969333],[77.636869,12.968271],[77.636878,12.96543]]]}},{"type":"Feature","properties":{"histId":"ams-nd44-13-1955-0014","sheet":"ams-nd44-13-1955","year":1955,"scale":250000,"areaM2":1965765,"name":null,"confidence":"high","source":"ams-nd44-13-1955"},"geometry":{"type":"Polygon","coordinates":[[[77.905037,12.976186],[77.903952,12.974055],[77.902502,12.972633],[77.900693,12.969435],[77.898518,12.967302],[77.89852,12.966237],[77.898158,12.965881],[77.898163,12.963751],[77.897439,12.96233],[77.897442,12.961265],[77.897079,12.960909],[77.897083,12.959489],[77.89672,12.959134],[77.896722,12.958424],[77.895999,12.957002],[77.894186,12.955225],[77.892735,12.954513],[77.886922,12.954506],[77.886195,12.95486],[77.885466,12.955924],[77.885457,12.959474],[77.885093,12.959829],[77.88509,12.961249],[77.885451,12.96196],[77.886539,12.963026],[77.887628,12.963383],[77.88944,12.96516],[77.89307,12.966585],[77.895608,12.968719],[77.895971,12.968719],[77.897059,12.969786],[77.898506,12.972273],[77.900319,12.97405],[77.901042,12.975471],[77.902854,12.977249],[77.903943,12.977605],[77.905035,12.976896],[77.905037,12.976186]]]}},{"type":"Feature","properties":{"histId":"ams-nd44-13-1955-0015","sheet":"ams-nd44-13-1955","year":1955,"scale":250000,"areaM2":110119,"name":null,"confidence":"medium","source":"ams-nd44-13-1955"},"geometry":{"type":"Polygon","coordinates":[[[77.849851,12.959781],[77.848398,12.959779],[77.84767,12.960133],[77.847305,12.960843],[77.847303,12.961553],[77.849116,12.962976],[77.851299,12.961914],[77.851302,12.960849],[77.849851,12.959781]]]}},{"type":"Feature","properties":{"histId":"ams-nd44-13-1955-0016","sheet":"ams-nd44-13-1955","year":1955,"scale":250000,"areaM2":458322,"name":null,"confidence":"high","source":"ams-nd44-13-1955"},"geometry":{"type":"Polygon","coordinates":[[[77.835676,12.961536],[77.836767,12.961183],[77.836772,12.959408],[77.835683,12.959051],[77.833147,12.956207],[77.832421,12.95585],[77.831694,12.956204],[77.829508,12.958332],[77.829507,12.958687],[77.827686,12.960459],[77.827684,12.961169],[77.82841,12.961526],[77.829863,12.961528],[77.832403,12.962952],[77.833493,12.962953],[77.834948,12.962245],[77.835676,12.961536]]]}},{"type":"Feature","properties":{"histId":"ams-nd44-13-1955-0017","sheet":"ams-nd44-13-1955","year":1955,"scale":250000,"areaM2":310172,"name":null,"confidence":"high","source":"ams-nd44-13-1955"},"geometry":{"type":"Polygon","coordinates":[[[77.919976,12.957031],[77.92034,12.956677],[77.922519,12.956679],[77.923247,12.956325],[77.924703,12.954906],[77.924709,12.952421],[77.923983,12.952065],[77.92253,12.952063],[77.920711,12.953126],[77.919258,12.953125],[77.918531,12.953479],[77.917802,12.954188],[77.917798,12.956319],[77.918886,12.95703],[77.919976,12.957031]]]}},{"type":"Feature","properties":{"histId":"ams-nd44-13-1955-0018","sheet":"ams-nd44-13-1955","year":1955,"scale":250000,"areaM2":54295,"name":null,"confidence":"low","source":"ams-nd44-13-1955"},"geometry":{"type":"Polygon","coordinates":[[[77.658715,12.956599],[77.657263,12.956241],[77.65617,12.956949],[77.656168,12.957659],[77.657618,12.958728],[77.658711,12.95802],[77.658715,12.956599]]]}},{"type":"Feature","properties":{"histId":"ams-nd44-13-1955-0019","sheet":"ams-nd44-13-1955","year":1955,"scale":250000,"areaM2":465395,"name":null,"confidence":"high","source":"ams-nd44-13-1955"},"geometry":{"type":"Polygon","coordinates":[[[77.646724,12.955863],[77.647815,12.95551],[77.649275,12.953738],[77.650731,12.953031],[77.650738,12.9509],[77.650374,12.950899],[77.64965,12.950187],[77.648929,12.94841],[77.647479,12.947341],[77.646751,12.947695],[77.645292,12.949112],[77.644926,12.949822],[77.644922,12.951242],[77.644557,12.951597],[77.644553,12.952662],[77.644916,12.953018],[77.64491,12.954794],[77.644545,12.955148],[77.644539,12.956924],[77.645265,12.95728],[77.646358,12.956572],[77.646724,12.955863]]]}},{"type":"Feature","properties":{"histId":"ams-nd44-13-1955-0020","sheet":"ams-nd44-13-1955","year":1955,"scale":250000,"areaM2":141958,"name":null,"confidence":"medium","source":"ams-nd44-13-1955"},"geometry":{"type":"Polygon","coordinates":[[[77.563135,12.952114],[77.563138,12.951049],[77.563869,12.949985],[77.563874,12.948564],[77.562424,12.947495],[77.561331,12.948203],[77.561326,12.949623],[77.560961,12.949978],[77.560954,12.952109],[77.561314,12.95282],[77.56204,12.953177],[77.562768,12.952823],[77.563135,12.952114]]]}},{"type":"Feature","properties":{"histId":"ams-nd44-13-1955-0021","sheet":"ams-nd44-13-1955","year":1955,"scale":250000,"areaM2":527467,"name":null,"confidence":"high","source":"ams-nd44-13-1955"},"geometry":{"type":"Polygon","coordinates":[[[77.617665,12.950115],[77.616579,12.949047],[77.616586,12.946916],[77.6155,12.945493],[77.614775,12.945136],[77.612955,12.945843],[77.611861,12.946905],[77.610405,12.947612],[77.608949,12.947964],[77.608584,12.948673],[77.608581,12.949384],[77.609306,12.950096],[77.614386,12.952594],[77.616202,12.952953],[77.618023,12.951892],[77.618026,12.950826],[77.617665,12.950115]]]}},{"type":"Feature","properties":{"histId":"ams-nd44-13-1955-0022","sheet":"ams-nd44-13-1955","year":1955,"scale":250000,"areaM2":1494555,"name":null,"confidence":"high","source":"ams-nd44-13-1955"},"geometry":{"type":"Polygon","coordinates":[[[77.744132,12.952863],[77.74414,12.950022],[77.744504,12.949668],[77.744506,12.948958],[77.745601,12.947539],[77.745606,12.945764],[77.74488,12.945407],[77.74379,12.945405],[77.742698,12.946114],[77.740881,12.94611],[77.738342,12.94433],[77.735799,12.944325],[77.735073,12.943969],[77.733986,12.942902],[77.733626,12.941836],[77.7329,12.941479],[77.732172,12.941833],[77.73217,12.942543],[77.731806,12.942897],[77.731801,12.944318],[77.730709,12.945026],[77.729257,12.944668],[77.727084,12.942178],[77.726358,12.941822],[77.724902,12.942529],[77.724537,12.943239],[77.72453,12.945369],[77.725255,12.946081],[77.725254,12.946436],[77.725617,12.946437],[77.726342,12.947148],[77.727795,12.947506],[77.728883,12.948218],[77.7307,12.948222],[77.731062,12.948578],[77.732152,12.94858],[77.732514,12.948936],[77.733605,12.948938],[77.73687,12.950719],[77.738319,12.952142],[77.738681,12.952853],[77.740495,12.953567],[77.741946,12.954635],[77.742673,12.954636],[77.743765,12.953928],[77.743767,12.953218],[77.744132,12.952863]]]}},{"type":"Feature","properties":{"histId":"ams-nd44-13-1955-0023","sheet":"ams-nd44-13-1955","year":1955,"scale":250000,"areaM2":70566,"name":null,"confidence":"low","source":"ams-nd44-13-1955"},"geometry":{"type":"Polygon","coordinates":[[[77.907649,12.94601],[77.908741,12.945301],[77.908743,12.944236],[77.907655,12.943525],[77.906201,12.943878],[77.905837,12.944233],[77.905834,12.945653],[77.90656,12.946009],[77.907649,12.94601]]]}},{"type":"Feature","properties":{"histId":"ams-nd44-13-1955-0024","sheet":"ams-nd44-13-1955","year":1955,"scale":250000,"areaM2":127953,"name":null,"confidence":"medium","source":"ams-nd44-13-1955"},"geometry":{"type":"Polygon","coordinates":[[[77.876783,12.940645],[77.876058,12.940289],[77.874968,12.940288],[77.873876,12.940996],[77.873874,12.942061],[77.875687,12.943484],[77.876776,12.943485],[77.877139,12.943841],[77.87823,12.943132],[77.878233,12.942067],[77.876783,12.940645]]]}},{"type":"Feature","properties":{"histId":"ams-nd44-13-1955-0025","sheet":"ams-nd44-13-1955","year":1955,"scale":250000,"areaM2":92310,"name":null,"confidence":"medium","source":"ams-nd44-13-1955"},"geometry":{"type":"Polygon","coordinates":[[[77.584247,12.943998],[77.583522,12.943286],[77.582433,12.942928],[77.58134,12.943636],[77.581335,12.945056],[77.582058,12.946124],[77.582784,12.946481],[77.584242,12.945419],[77.584247,12.943998]]]}},{"type":"Feature","properties":{"histId":"ams-nd44-13-1955-0026","sheet":"ams-nd44-13-1955","year":1955,"scale":250000,"areaM2":88407,"name":null,"confidence":"medium","source":"ams-nd44-13-1955"},"geometry":{"type":"Polygon","coordinates":[[[77.846275,12.937052],[77.844827,12.935274],[77.844101,12.934918],[77.843009,12.935627],[77.843008,12.936337],[77.844093,12.938114],[77.845182,12.938471],[77.846274,12.937762],[77.846275,12.937052]]]}},{"type":"Feature","properties":{"histId":"ams-nd44-13-1955-0027","sheet":"ams-nd44-13-1955","year":1955,"scale":250000,"areaM2":483172,"name":null,"confidence":"high","source":"ams-nd44-13-1955"},"geometry":{"type":"Polygon","coordinates":[[[77.781238,12.938015],[77.781242,12.936594],[77.780517,12.935883],[77.777977,12.934813],[77.777252,12.934102],[77.777254,12.933392],[77.776167,12.932324],[77.776168,12.931969],[77.774717,12.930902],[77.773625,12.93161],[77.773619,12.93374],[77.774703,12.935873],[77.774701,12.936583],[77.775424,12.938005],[77.775421,12.93907],[77.775783,12.939781],[77.777233,12.940849],[77.77796,12.94085],[77.778687,12.940496],[77.781238,12.938015]]]}},{"type":"Feature","properties":{"histId":"ams-nd44-13-1955-0028","sheet":"ams-nd44-13-1955","year":1955,"scale":250000,"areaM2":1491992,"name":null,"confidence":"high","source":"ams-nd44-13-1955"},"geometry":{"type":"Polygon","coordinates":[[[77.889127,12.943857],[77.889128,12.943502],[77.89022,12.942438],[77.890951,12.940663],[77.891679,12.939954],[77.892774,12.937825],[77.892779,12.93605],[77.893143,12.935695],[77.893144,12.934985],[77.896056,12.932504],[77.896421,12.931794],[77.896426,12.929664],[77.896064,12.929308],[77.89607,12.926468],[77.894982,12.925756],[77.892439,12.926108],[77.890988,12.925041],[77.890989,12.924686],[77.890263,12.92433],[77.889173,12.924684],[77.888808,12.925393],[77.888804,12.926813],[77.889167,12.927169],[77.889158,12.93072],[77.888794,12.931074],[77.888793,12.931784],[77.88624,12.935687],[77.885507,12.938526],[77.885143,12.938881],[77.88514,12.939946],[77.884776,12.9403],[77.88477,12.942786],[77.886583,12.944208],[77.8884,12.944211],[77.889127,12.943857]]]}},{"type":"Feature","properties":{"histId":"ams-nd44-13-1955-0029","sheet":"ams-nd44-13-1955","year":1955,"scale":250000,"areaM2":53505,"name":null,"confidence":"low","source":"ams-nd44-13-1955"},"geometry":{"type":"Polygon","coordinates":[[[77.925476,12.933959],[77.92693,12.933606],[77.927297,12.932186],[77.926208,12.93183],[77.92548,12.932184],[77.924388,12.933248],[77.924387,12.933958],[77.925112,12.934314],[77.925476,12.933959]]]}},{"type":"Feature","properties":{"histId":"ams-nd44-13-1955-0030","sheet":"ams-nd44-13-1955","year":1955,"scale":250000,"areaM2":3200333,"name":null,"confidence":"high","source":"ams-nd44-13-1955"},"geometry":{"type":"Polygon","coordinates":[[[77.677676,12.937463],[77.677318,12.935687],[77.676955,12.935331],[77.67696,12.93391],[77.677691,12.932491],[77.677695,12.931426],[77.676607,12.930713],[77.671156,12.930702],[77.670791,12.931056],[77.669337,12.931053],[77.668975,12.930697],[77.667885,12.930695],[77.667523,12.930339],[77.665706,12.930335],[77.663166,12.928909],[77.66171,12.929616],[77.660984,12.929615],[77.659891,12.930322],[77.658801,12.93032],[77.658075,12.929963],[77.657711,12.930318],[77.655897,12.929248],[77.65408,12.929244],[77.652987,12.929952],[77.651532,12.930304],[77.649719,12.929235],[77.649725,12.927459],[77.648999,12.927102],[77.647544,12.927454],[77.647543,12.927809],[77.646085,12.929227],[77.64608,12.930647],[77.646441,12.931358],[77.646804,12.931359],[77.647529,12.932071],[77.648255,12.932428],[77.650072,12.932432],[77.65116,12.933144],[77.651887,12.933146],[77.653338,12.933859],[77.655876,12.935641],[77.656966,12.935643],[77.657329,12.935999],[77.658781,12.936357],[77.66023,12.937781],[77.660952,12.939203],[77.660947,12.940979],[77.660582,12.941333],[77.66058,12.942043],[77.660942,12.942399],[77.660939,12.943464],[77.661664,12.943821],[77.662391,12.943823],[77.665303,12.942408],[77.666035,12.940989],[77.667492,12.939927],[77.669309,12.939931],[77.669671,12.940287],[77.670398,12.940289],[77.671124,12.940645],[77.672935,12.942425],[77.67475,12.943139],[77.676207,12.942076],[77.676571,12.942077],[77.678029,12.94066],[77.678394,12.93995],[77.678399,12.93853],[77.677676,12.937463]]]}},{"type":"Feature","properties":{"histId":"ams-nd44-13-1955-0031","sheet":"ams-nd44-13-1955","year":1955,"scale":250000,"areaM2":294758,"name":null,"confidence":"high","source":"ams-nd44-13-1955"},"geometry":{"type":"Polygon","coordinates":[[[77.629704,12.937003],[77.631888,12.935942],[77.633343,12.93559],[77.634074,12.934527],[77.634081,12.932396],[77.632631,12.931327],[77.631539,12.93168],[77.627893,12.935223],[77.627161,12.936642],[77.627158,12.937707],[77.628247,12.938065],[77.629704,12.937003]]]}},{"type":"Feature","properties":{"histId":"ams-nd44-13-1955-0032","sheet":"ams-nd44-13-1955","year":1955,"scale":250000,"areaM2":72897,"name":null,"confidence":"low","source":"ams-nd44-13-1955"},"geometry":{"type":"Polygon","coordinates":[[[77.853937,12.92428],[77.853212,12.923569],[77.852123,12.923213],[77.851031,12.923921],[77.851029,12.924986],[77.851754,12.925697],[77.852842,12.926054],[77.853934,12.925346],[77.853937,12.92428]]]}},{"type":"Feature","properties":{"histId":"ams-nd44-13-1955-0033","sheet":"ams-nd44-13-1955","year":1955,"scale":250000,"areaM2":122571,"name":null,"confidence":"medium","source":"ams-nd44-13-1955"},"geometry":{"type":"Polygon","coordinates":[[[77.534147,12.926823],[77.535242,12.92576],[77.535246,12.924695],[77.53452,12.924337],[77.531972,12.925396],[77.531242,12.926105],[77.531238,12.92717],[77.53305,12.928596],[77.533778,12.928242],[77.534147,12.926823]]]}},{"type":"Feature","properties":{"histId":"ams-nd44-13-1955-0034","sheet":"ams-nd44-13-1955","year":1955,"scale":250000,"areaM2":470835,"name":null,"confidence":"high","source":"ams-nd44-13-1955"},"geometry":{"type":"Polygon","coordinates":[[[77.644656,12.921766],[77.639945,12.917493],[77.637768,12.916423],[77.63704,12.916777],[77.636675,12.917486],[77.636666,12.919972],[77.637391,12.920684],[77.637388,12.921394],[77.638474,12.922817],[77.638473,12.923172],[77.639924,12.923886],[77.642105,12.923891],[77.642467,12.924247],[77.64392,12.92425],[77.645013,12.923542],[77.645017,12.922477],[77.644656,12.921766]]]}},{"type":"Feature","properties":{"histId":"ams-nd44-13-1955-0035","sheet":"ams-nd44-13-1955","year":1955,"scale":250000,"areaM2":173744,"name":null,"confidence":"high","source":"ams-nd44-13-1955"},"geometry":{"type":"Polygon","coordinates":[[[77.681725,12.921136],[77.682454,12.920427],[77.682458,12.919006],[77.680646,12.917582],[77.679191,12.917934],[77.677733,12.919352],[77.67773,12.920417],[77.679542,12.921841],[77.680269,12.921843],[77.681725,12.921136]]]}},{"type":"Feature","properties":{"histId":"ams-nd44-13-1955-0036","sheet":"ams-nd44-13-1955","year":1955,"scale":250000,"areaM2":320258,"name":null,"confidence":"high","source":"ams-nd44-13-1955"},"geometry":{"type":"Polygon","coordinates":[[[77.925514,12.916917],[77.924427,12.915851],[77.922976,12.915139],[77.921164,12.913361],[77.920438,12.913006],[77.919347,12.913714],[77.919345,12.914424],[77.920069,12.91549],[77.920066,12.916911],[77.919702,12.917265],[77.919699,12.918686],[77.921876,12.919753],[77.923329,12.919755],[77.924783,12.919047],[77.925511,12.918337],[77.925514,12.916917]]]}},{"type":"Feature","properties":{"histId":"ams-nd44-13-1955-0037","sheet":"ams-nd44-13-1955","year":1955,"scale":250000,"areaM2":107034,"name":null,"confidence":"medium","source":"ams-nd44-13-1955"},"geometry":{"type":"Polygon","coordinates":[[[77.721708,12.91731],[77.721709,12.916955],[77.720983,12.916599],[77.719891,12.917307],[77.719525,12.918016],[77.719885,12.919437],[77.720972,12.92015],[77.723518,12.919444],[77.72352,12.918734],[77.721708,12.91731]]]}},{"type":"Feature","properties":{"histId":"ams-nd44-13-1955-0038","sheet":"ams-nd44-13-1955","year":1955,"scale":250000,"areaM2":64385,"name":null,"confidence":"low","source":"ams-nd44-13-1955"},"geometry":{"type":"Polygon","coordinates":[[[77.589789,12.918441],[77.589792,12.917375],[77.588705,12.916662],[77.587613,12.917015],[77.586884,12.917723],[77.586881,12.918434],[77.587969,12.919147],[77.588696,12.919148],[77.589789,12.918441]]]}},{"type":"Feature","properties":{"histId":"ams-nd44-13-1955-0039","sheet":"ams-nd44-13-1955","year":1955,"scale":250000,"areaM2":69809,"name":null,"confidence":"low","source":"ams-nd44-13-1955"},"geometry":{"type":"Polygon","coordinates":[[[77.674118,12.913307],[77.673394,12.912595],[77.672305,12.912238],[77.671213,12.912946],[77.67121,12.913656],[77.671934,12.914723],[77.673023,12.91508],[77.673751,12.914727],[77.674118,12.913307]]]}},{"type":"Feature","properties":{"histId":"ams-nd44-13-1955-0040","sheet":"ams-nd44-13-1955","year":1955,"scale":250000,"areaM2":260606,"name":null,"confidence":"high","source":"ams-nd44-13-1955"},"geometry":{"type":"Polygon","coordinates":[[[77.72209,12.910919],[77.721728,12.910563],[77.72173,12.909853],[77.721368,12.909497],[77.721009,12.908076],[77.720283,12.907719],[77.718462,12.909136],[77.718097,12.909846],[77.718088,12.912687],[77.719536,12.914465],[77.720989,12.914823],[77.722081,12.914115],[77.72209,12.910919]]]}},{"type":"Feature","properties":{"histId":"ams-nd44-13-1955-0041","sheet":"ams-nd44-13-1955","year":1955,"scale":250000,"areaM2":507159,"name":null,"confidence":"high","source":"ams-nd44-13-1955"},"geometry":{"type":"Polygon","coordinates":[[[77.894293,12.909778],[77.892123,12.905869],[77.892127,12.904094],[77.891039,12.903382],[77.889948,12.904091],[77.889945,12.905156],[77.888126,12.906574],[77.888122,12.908349],[77.888847,12.90906],[77.888845,12.909771],[77.889569,12.910837],[77.889567,12.911547],[77.890292,12.912258],[77.890291,12.912613],[77.890654,12.912613],[77.892466,12.914391],[77.893555,12.914748],[77.894282,12.914393],[77.894293,12.909778]]]}},{"type":"Feature","properties":{"histId":"ams-nd44-13-1955-0042","sheet":"ams-nd44-13-1955","year":1955,"scale":250000,"areaM2":319491,"name":null,"confidence":"high","source":"ams-nd44-13-1955"},"geometry":{"type":"Polygon","coordinates":[[[77.905195,12.907661],[77.90447,12.90695],[77.904473,12.905885],[77.905929,12.904467],[77.906292,12.904467],[77.906295,12.903402],[77.905569,12.903046],[77.901573,12.903396],[77.900481,12.904105],[77.90084,12.906235],[77.901927,12.907302],[77.901921,12.909787],[77.903009,12.910499],[77.905191,12.909436],[77.905195,12.907661]]]}},{"type":"Feature","properties":{"histId":"ams-nd44-13-1955-0043","sheet":"ams-nd44-13-1955","year":1955,"scale":250000,"areaM2":817589,"name":null,"confidence":"high","source":"ams-nd44-13-1955"},"geometry":{"type":"Polygon","coordinates":[[[77.621069,12.911058],[77.620347,12.909635],[77.620351,12.90857],[77.619266,12.907147],[77.617814,12.906433],[77.617819,12.905012],[77.617458,12.904301],[77.616007,12.903588],[77.615654,12.90039],[77.614567,12.899678],[77.613113,12.899674],[77.61202,12.900382],[77.612016,12.901802],[77.611285,12.902866],[77.610916,12.904641],[77.612003,12.905354],[77.613457,12.905357],[77.614545,12.90607],[77.614541,12.907136],[77.615989,12.908915],[77.61598,12.911401],[77.61525,12.912464],[77.615246,12.91353],[77.615607,12.914241],[77.616333,12.914598],[77.617423,12.9146],[77.617788,12.914246],[77.619241,12.91425],[77.621062,12.913188],[77.621069,12.911058]]]}},{"type":"Feature","properties":{"histId":"ams-nd44-13-1955-0044","sheet":"ams-nd44-13-1955","year":1955,"scale":250000,"areaM2":58162,"name":null,"confidence":"low","source":"ams-nd44-13-1955"},"geometry":{"type":"Polygon","coordinates":[[[77.874694,12.90336],[77.873242,12.903003],[77.87215,12.903712],[77.872149,12.904422],[77.872873,12.905133],[77.873962,12.90549],[77.87469,12.905136],[77.874694,12.90336]]]}},{"type":"Feature","properties":{"histId":"ams-nd44-13-1955-0045","sheet":"ams-nd44-13-1955","year":1955,"scale":250000,"areaM2":115552,"name":null,"confidence":"medium","source":"ams-nd44-13-1955"},"geometry":{"type":"Polygon","coordinates":[[[77.84346,12.901185],[77.841649,12.899407],[77.84056,12.89905],[77.839468,12.899759],[77.839464,12.901179],[77.840189,12.90189],[77.84164,12.902603],[77.843094,12.90225],[77.843458,12.901895],[77.84346,12.901185]]]}},{"type":"Feature","properties":{"histId":"ams-nd44-13-1955-0046","sheet":"ams-nd44-13-1955","year":1955,"scale":250000,"areaM2":272277,"name":null,"confidence":"high","source":"ams-nd44-13-1955"},"geometry":{"type":"Polygon","coordinates":[[[77.598938,12.90035],[77.597847,12.900348],[77.596391,12.901055],[77.595301,12.901052],[77.594573,12.901405],[77.594203,12.90318],[77.59638,12.904251],[77.597105,12.904963],[77.597103,12.905318],[77.598555,12.906032],[77.600012,12.90497],[77.600025,12.901063],[77.598938,12.90035]]]}},{"type":"Feature","properties":{"histId":"ams-nd44-13-1955-0047","sheet":"ams-nd44-13-1955","year":1955,"scale":250000,"areaM2":86079,"name":null,"confidence":"medium","source":"ams-nd44-13-1955"},"geometry":{"type":"Polygon","coordinates":[[[77.884879,12.897338],[77.883064,12.896625],[77.881973,12.897334],[77.881971,12.898044],[77.883421,12.899466],[77.88451,12.899823],[77.885237,12.899469],[77.88524,12.898049],[77.884879,12.897338]]]}},{"type":"Feature","properties":{"histId":"ams-nd44-13-1955-0048","sheet":"ams-nd44-13-1955","year":1955,"scale":250000,"areaM2":110141,"name":null,"confidence":"medium","source":"ams-nd44-13-1955"},"geometry":{"type":"Polygon","coordinates":[[[77.693782,12.900208],[77.694155,12.897013],[77.693429,12.896657],[77.691975,12.897009],[77.691968,12.899139],[77.691239,12.899848],[77.691236,12.900913],[77.691962,12.90127],[77.693053,12.900917],[77.693782,12.900208]]]}},{"type":"Feature","properties":{"histId":"ams-nd44-13-1955-0049","sheet":"ams-nd44-13-1955","year":1955,"scale":250000,"areaM2":107014,"name":null,"confidence":"medium","source":"ams-nd44-13-1955"},"geometry":{"type":"Polygon","coordinates":[[[77.909215,12.897014],[77.909219,12.895239],[77.908495,12.894173],[77.907769,12.893817],[77.907042,12.894171],[77.907037,12.896302],[77.906673,12.896656],[77.90667,12.898076],[77.907396,12.898432],[77.908486,12.898079],[77.909215,12.897014]]]}},{"type":"Feature","properties":{"histId":"ams-nd44-13-1955-0050","sheet":"ams-nd44-13-1955","year":1955,"scale":250000,"areaM2":321154,"name":null,"confidence":"high","source":"ams-nd44-13-1955"},"geometry":{"type":"Polygon","coordinates":[[[77.582951,12.899246],[77.581866,12.897822],[77.58114,12.897465],[77.579687,12.897462],[77.578235,12.896748],[77.577511,12.896036],[77.577512,12.89568],[77.576787,12.895323],[77.575695,12.895676],[77.575691,12.896741],[77.577502,12.898522],[77.577863,12.899233],[77.577859,12.900298],[77.578945,12.901722],[77.580396,12.902436],[77.581123,12.902437],[77.582579,12.901731],[77.582945,12.901021],[77.582951,12.899246]]]}},{"type":"Feature","properties":{"histId":"ams-nd44-13-1955-0051","sheet":"ams-nd44-13-1955","year":1955,"scale":250000,"areaM2":100837,"name":null,"confidence":"medium","source":"ams-nd44-13-1955"},"geometry":{"type":"Polygon","coordinates":[[[77.662537,12.898722],[77.662541,12.897656],[77.661091,12.896588],[77.658907,12.897648],[77.658902,12.899069],[77.660353,12.899782],[77.661808,12.89943],[77.662537,12.898722]]]}},{"type":"Feature","properties":{"histId":"ams-nd44-13-1955-0052","sheet":"ams-nd44-13-1955","year":1955,"scale":250000,"areaM2":104698,"name":null,"confidence":"medium","source":"ams-nd44-13-1955"},"geometry":{"type":"Polygon","coordinates":[[[77.816231,12.895462],[77.815505,12.895105],[77.814415,12.895104],[77.813324,12.895812],[77.813321,12.896877],[77.814045,12.897589],[77.814771,12.897945],[77.815861,12.897947],[77.816223,12.898302],[77.816951,12.897948],[77.816954,12.896528],[77.816231,12.895462]]]}},{"type":"Feature","properties":{"histId":"ams-nd44-13-1955-0053","sheet":"ams-nd44-13-1955","year":1955,"scale":250000,"areaM2":381543,"name":null,"confidence":"high","source":"ams-nd44-13-1955"},"geometry":{"type":"Polygon","coordinates":[[[77.879815,12.888454],[77.878364,12.887742],[77.878366,12.886677],[77.876554,12.885254],[77.873648,12.88525],[77.872557,12.885959],[77.872556,12.886314],[77.871828,12.887023],[77.871825,12.888088],[77.872549,12.889155],[77.873275,12.889511],[77.874728,12.889513],[77.875819,12.888804],[77.876907,12.889516],[77.876903,12.890936],[77.877991,12.891648],[77.879445,12.891295],[77.880173,12.890585],[77.880177,12.889165],[77.879815,12.888454]]]}},{"type":"Feature","properties":{"histId":"ams-nd44-13-1955-0054","sheet":"ams-nd44-13-1955","year":1955,"scale":250000,"areaM2":58937,"name":null,"confidence":"low","source":"ams-nd44-13-1955"},"geometry":{"type":"Polygon","coordinates":[[[77.888895,12.888467],[77.889987,12.887758],[77.889988,12.887048],[77.8889,12.886336],[77.887811,12.886335],[77.887083,12.886689],[77.887081,12.887754],[77.888169,12.888466],[77.888895,12.888467]]]}},{"type":"Feature","properties":{"histId":"ams-nd44-13-1955-0055","sheet":"ams-nd44-13-1955","year":1955,"scale":250000,"areaM2":419610,"name":null,"confidence":"high","source":"ams-nd44-13-1955"},"geometry":{"type":"Polygon","coordinates":[[[77.72615,12.889975],[77.726516,12.88891],[77.728338,12.887138],[77.728341,12.886073],[77.72798,12.885362],[77.726167,12.884293],[77.724347,12.885355],[77.72253,12.885351],[77.721074,12.886414],[77.721065,12.889255],[77.721427,12.889966],[77.722151,12.890677],[77.723602,12.891391],[77.725057,12.891038],[77.72615,12.889975]]]}},{"type":"Feature","properties":{"histId":"ams-nd44-13-1955-0056","sheet":"ams-nd44-13-1955","year":1955,"scale":250000,"areaM2":55841,"name":null,"confidence":"low","source":"ams-nd44-13-1955"},"geometry":{"type":"Polygon","coordinates":[[[77.790465,12.885831],[77.790467,12.884766],[77.789742,12.88441],[77.788287,12.885118],[77.788282,12.886893],[77.789008,12.887249],[77.790099,12.886541],[77.790465,12.885831]]]}},{"type":"Feature","properties":{"histId":"ams-nd44-13-1955-0057","sheet":"ams-nd44-13-1955","year":1955,"scale":250000,"areaM2":141952,"name":null,"confidence":"medium","source":"ams-nd44-13-1955"},"geometry":{"type":"Polygon","coordinates":[[[77.638959,12.886239],[77.638964,12.884818],[77.637514,12.88375],[77.636059,12.884101],[77.63533,12.88481],[77.635324,12.886586],[77.636047,12.887653],[77.636773,12.88801],[77.637864,12.887657],[77.638959,12.886239]]]}},{"type":"Feature","properties":{"histId":"ams-nd44-13-1955-0058","sheet":"ams-nd44-13-1955","year":1955,"scale":250000,"areaM2":359845,"name":null,"confidence":"high","source":"ams-nd44-13-1955"},"geometry":{"type":"Polygon","coordinates":[[[77.835878,12.88342],[77.838788,12.881649],[77.840242,12.881296],[77.842062,12.879523],[77.844244,12.878816],[77.844246,12.877751],[77.843521,12.877395],[77.842431,12.877393],[77.84134,12.878102],[77.838797,12.878098],[77.837705,12.878806],[77.836253,12.878804],[77.835525,12.879158],[77.834432,12.880577],[77.834428,12.881997],[77.834064,12.882352],[77.834062,12.883062],[77.834788,12.883418],[77.835878,12.88342]]]}},{"type":"Feature","properties":{"histId":"ams-nd44-13-1955-0059","sheet":"ams-nd44-13-1955","year":1955,"scale":250000,"areaM2":65147,"name":null,"confidence":"low","source":"ams-nd44-13-1955"},"geometry":{"type":"Polygon","coordinates":[[[77.7992,12.879455],[77.798111,12.879098],[77.797384,12.879452],[77.79738,12.880872],[77.798468,12.881584],[77.799558,12.881586],[77.800285,12.881232],[77.800287,12.880522],[77.7992,12.879455]]]}},{"type":"Feature","properties":{"histId":"ams-nd44-13-1955-0060","sheet":"ams-nd44-13-1955","year":1955,"scale":250000,"areaM2":58955,"name":null,"confidence":"low","source":"ams-nd44-13-1955"},"geometry":{"type":"Polygon","coordinates":[[[77.600093,12.88153],[77.59864,12.881527],[77.597912,12.88188],[77.597908,12.882945],[77.599359,12.883659],[77.600815,12.882953],[77.600819,12.881887],[77.600093,12.88153]]]}},{"type":"Feature","properties":{"histId":"ams-nd44-13-1955-0061","sheet":"ams-nd44-13-1955","year":1955,"scale":250000,"areaM2":328039,"name":null,"confidence":"high","source":"ams-nd44-13-1955"},"geometry":{"type":"Polygon","coordinates":[[[77.866765,12.878139],[77.866405,12.876718],[77.86568,12.876007],[77.864228,12.87565],[77.863137,12.876359],[77.862772,12.877068],[77.862764,12.880264],[77.863489,12.880975],[77.864214,12.881331],[77.866394,12.881334],[77.868207,12.882402],[77.869661,12.882049],[77.869663,12.880984],[77.866765,12.878139]]]}},{"type":"Feature","properties":{"histId":"ams-nd44-13-1955-0062","sheet":"ams-nd44-13-1955","year":1955,"scale":250000,"areaM2":59717,"name":null,"confidence":"low","source":"ams-nd44-13-1955"},"geometry":{"type":"Polygon","coordinates":[[[77.816646,12.875577],[77.815194,12.87522],[77.814467,12.875574],[77.814464,12.876639],[77.814827,12.87664],[77.815552,12.877351],[77.816641,12.877708],[77.817368,12.877354],[77.81737,12.876644],[77.816646,12.875577]]]}},{"type":"Feature","properties":{"histId":"ams-nd44-13-1955-0063","sheet":"ams-nd44-13-1955","year":1955,"scale":250000,"areaM2":261394,"name":null,"confidence":"high","source":"ams-nd44-13-1955"},"geometry":{"type":"Polygon","coordinates":[[[77.692398,12.877833],[77.694941,12.877838],[77.695669,12.877484],[77.696037,12.876065],[77.695313,12.874998],[77.695316,12.874288],[77.694591,12.873576],[77.693502,12.873218],[77.692047,12.873926],[77.690226,12.875342],[77.689136,12.87534],[77.688408,12.875694],[77.688406,12.876404],[77.69131,12.87712],[77.692398,12.877833]]]}},{"type":"Feature","properties":{"histId":"ams-nd44-13-1955-0064","sheet":"ams-nd44-13-1955","year":1955,"scale":250000,"areaM2":496450,"name":null,"confidence":"high","source":"ams-nd44-13-1955"},"geometry":{"type":"Polygon","coordinates":[[[77.633182,12.875216],[77.63282,12.87486],[77.632823,12.873795],[77.632461,12.873439],[77.632464,12.872373],[77.632102,12.872017],[77.632107,12.870597],[77.631745,12.870241],[77.631756,12.867045],[77.630667,12.866687],[77.629574,12.867395],[77.629568,12.86917],[77.629204,12.869525],[77.629194,12.872366],[77.628465,12.873074],[77.628096,12.874849],[77.627731,12.875203],[77.627725,12.876979],[77.628086,12.87769],[77.628812,12.878047],[77.631718,12.878409],[77.633175,12.877347],[77.633182,12.875216]]]}},{"type":"Feature","properties":{"histId":"ams-nd44-13-1955-0065","sheet":"ams-nd44-13-1955","year":1955,"scale":250000,"areaM2":631320,"name":null,"confidence":"high","source":"ams-nd44-13-1955"},"geometry":{"type":"Polygon","coordinates":[[[77.782866,12.87481],[77.783229,12.875166],[77.783955,12.875167],[77.78541,12.87446],[77.786503,12.873396],[77.786516,12.86878],[77.784339,12.867711],[77.782523,12.867708],[77.781068,12.868415],[77.777062,12.871959],[77.777058,12.87338],[77.778872,12.874448],[77.782866,12.87481]]]}},{"type":"Feature","properties":{"histId":"ams-nd44-13-1955-0066","sheet":"ams-nd44-13-1955","year":1955,"scale":250000,"areaM2":322677,"name":null,"confidence":"high","source":"ams-nd44-13-1955"},"geometry":{"type":"Polygon","coordinates":[[[77.678607,12.872832],[77.679337,12.871768],[77.679343,12.869992],[77.676805,12.868211],[77.675716,12.867854],[77.674992,12.867142],[77.673903,12.866784],[77.673176,12.867138],[77.673171,12.868558],[77.674256,12.869981],[77.674616,12.871047],[77.675341,12.871759],[77.675337,12.872825],[77.675698,12.873536],[77.677148,12.874604],[77.678605,12.873542],[77.678607,12.872832]]]}},{"type":"Feature","properties":{"histId":"ams-nd44-13-1955-0067","sheet":"ams-nd44-13-1955","year":1955,"scale":250000,"areaM2":590327,"name":null,"confidence":"high","source":"ams-nd44-13-1955"},"geometry":{"type":"Polygon","coordinates":[[[77.607747,12.874801],[77.60884,12.874093],[77.608845,12.872673],[77.608483,12.872317],[77.608485,12.871606],[77.607763,12.870184],[77.605954,12.868049],[77.605234,12.865916],[77.604509,12.865559],[77.603054,12.865911],[77.603053,12.866266],[77.601959,12.867329],[77.601231,12.867682],[77.601225,12.869458],[77.601948,12.870525],[77.601942,12.872301],[77.602304,12.872657],[77.602297,12.874788],[77.603384,12.875501],[77.605568,12.87444],[77.607747,12.874801]]]}},{"type":"Feature","properties":{"histId":"ams-nd44-13-1955-0068","sheet":"ams-nd44-13-1955","year":1955,"scale":250000,"areaM2":66692,"name":null,"confidence":"low","source":"ams-nd44-13-1955"},"geometry":{"type":"Polygon","coordinates":[[[77.897666,12.865399],[77.896578,12.864688],[77.895852,12.864687],[77.895125,12.865041],[77.895121,12.866461],[77.896571,12.867528],[77.897663,12.866819],[77.897666,12.865399]]]}},{"type":"Feature","properties":{"histId":"ams-nd44-13-1955-0069","sheet":"ams-nd44-13-1955","year":1955,"scale":250000,"areaM2":427377,"name":null,"confidence":"high","source":"ams-nd44-13-1955"},"geometry":{"type":"Polygon","coordinates":[[[77.711324,12.866863],[77.711328,12.865442],[77.71242,12.864734],[77.714237,12.864738],[77.716057,12.863321],[77.716058,12.862966],[77.716787,12.862257],[77.716795,12.859771],[77.71607,12.85906],[77.715345,12.858703],[77.713165,12.858699],[77.711344,12.860115],[77.710979,12.860825],[77.710969,12.864021],[77.71024,12.86473],[77.708785,12.865437],[77.708782,12.866502],[77.709144,12.866858],[77.710596,12.867216],[77.711324,12.866863]]]}},{"type":"Feature","properties":{"histId":"ams-nd44-13-1955-0070","sheet":"ams-nd44-13-1955","year":1955,"scale":250000,"areaM2":577768,"name":null,"confidence":"high","source":"ams-nd44-13-1955"},"geometry":{"type":"Polygon","coordinates":[[[77.847921,12.860713],[77.848288,12.859293],[77.850838,12.856456],[77.850838,12.856101],[77.851931,12.855037],[77.853021,12.854684],[77.85448,12.852201],[77.857756,12.849365],[77.857761,12.847234],[77.85631,12.846522],[77.855583,12.846876],[77.853758,12.850424],[77.85121,12.852906],[77.848665,12.853967],[77.847937,12.854676],[77.846478,12.85716],[77.845749,12.857869],[77.845748,12.858579],[77.845383,12.858933],[77.845376,12.861774],[77.846102,12.86213],[77.847921,12.860713]]]}},{"type":"Feature","properties":{"histId":"ams-nd44-13-1955-0071","sheet":"ams-nd44-13-1955","year":1955,"scale":250000,"areaM2":226469,"name":null,"confidence":"high","source":"ams-nd44-13-1955"},"geometry":{"type":"Polygon","coordinates":[[[77.792736,12.852101],[77.790563,12.849967],[77.789111,12.849609],[77.788019,12.850317],[77.787654,12.851027],[77.78765,12.852447],[77.789098,12.854225],[77.789824,12.854582],[77.79164,12.854585],[77.792731,12.853877],[77.792736,12.852101]]]}},{"type":"Feature","properties":{"histId":"ams-nd44-13-1955-0072","sheet":"ams-nd44-13-1955","year":1955,"scale":250000,"areaM2":135724,"name":null,"confidence":"medium","source":"ams-nd44-13-1955"},"geometry":{"type":"Polygon","coordinates":[[[77.806537,12.85248],[77.806902,12.852125],[77.806908,12.849639],[77.806185,12.848573],[77.805459,12.848217],[77.804368,12.848925],[77.804357,12.852831],[77.805808,12.853544],[77.806536,12.85319],[77.806537,12.85248]]]}},{"type":"Feature","properties":{"histId":"ams-nd44-13-1955-0073","sheet":"ams-nd44-13-1955","year":1955,"scale":250000,"areaM2":84529,"name":null,"confidence":"medium","source":"ams-nd44-13-1955"},"geometry":{"type":"Polygon","coordinates":[[[77.893348,12.84835],[77.892984,12.848705],[77.892258,12.848349],[77.891531,12.848703],[77.891528,12.850123],[77.893704,12.851191],[77.895159,12.850483],[77.89516,12.849773],[77.893348,12.84835]]]}},{"type":"Feature","properties":{"histId":"ams-nd44-13-1955-0074","sheet":"ams-nd44-13-1955","year":1955,"scale":250000,"areaM2":76011,"name":null,"confidence":"medium","source":"ams-nd44-13-1955"},"geometry":{"type":"Polygon","coordinates":[[[77.742251,12.850588],[77.740801,12.84952],[77.739709,12.850228],[77.739707,12.850939],[77.740429,12.85236],[77.741517,12.853073],[77.742244,12.852719],[77.742251,12.850588]]]}},{"type":"Feature","properties":{"histId":"ams-nd44-13-1955-0075","sheet":"ams-nd44-13-1955","year":1955,"scale":250000,"areaM2":72911,"name":null,"confidence":"low","source":"ams-nd44-13-1955"},"geometry":{"type":"Polygon","coordinates":[[[77.708841,12.846971],[77.708117,12.846259],[77.707028,12.845902],[77.705936,12.84661],[77.705933,12.847675],[77.706657,12.848387],[77.707746,12.848744],[77.708838,12.848036],[77.708841,12.846971]]]}},{"type":"Feature","properties":{"histId":"ams-nd44-13-1955-0076","sheet":"ams-nd44-13-1955","year":1955,"scale":250000,"areaM2":516577,"name":null,"confidence":"high","source":"ams-nd44-13-1955"},"geometry":{"type":"Polygon","coordinates":[[[77.71901,12.848057],[77.720104,12.846638],[77.720467,12.846639],[77.720841,12.843089],[77.721205,12.842734],[77.721209,12.841314],[77.720484,12.840957],[77.719031,12.840954],[77.718667,12.841309],[77.716487,12.841304],[77.715395,12.842012],[77.71503,12.842722],[77.715025,12.844142],[77.715388,12.844498],[77.715375,12.84876],[77.715737,12.849116],[77.716096,12.850537],[77.716821,12.850893],[77.718642,12.849477],[77.71901,12.848057]]]}},{"type":"Feature","properties":{"histId":"ams-nd44-13-1955-0077","sheet":"ams-nd44-13-1955","year":1955,"scale":250000,"areaM2":71347,"name":null,"confidence":"low","source":"ams-nd44-13-1955"},"geometry":{"type":"Polygon","coordinates":[[[77.879562,12.84265],[77.878837,12.841939],[77.877749,12.841582],[77.877021,12.841936],[77.876655,12.843356],[77.877379,12.844067],[77.878468,12.844424],[77.879559,12.843715],[77.879562,12.84265]]]}},{"type":"Feature","properties":{"histId":"ams-nd44-13-1955-0078","sheet":"ams-nd44-13-1955","year":1955,"scale":250000,"areaM2":270747,"name":null,"confidence":"high","source":"ams-nd44-13-1955"},"geometry":{"type":"Polygon","coordinates":[[[77.556252,12.845547],[77.553717,12.843055],[77.552996,12.841632],[77.55191,12.840564],[77.550821,12.840206],[77.549728,12.840913],[77.549726,12.841623],[77.551533,12.844114],[77.551529,12.84518],[77.552254,12.845892],[77.552252,12.846247],[77.553704,12.846606],[77.554069,12.846252],[77.555882,12.847322],[77.557337,12.846971],[77.557341,12.845906],[77.556252,12.845547]]]}},{"type":"Feature","properties":{"histId":"ams-nd44-13-1955-0079","sheet":"ams-nd44-13-1955","year":1955,"scale":250000,"areaM2":546744,"name":null,"confidence":"high","source":"ams-nd44-13-1955"},"geometry":{"type":"Polygon","coordinates":[[[77.859584,12.844396],[77.859946,12.844752],[77.861036,12.844754],[77.86249,12.844046],[77.862492,12.843335],[77.863948,12.841917],[77.865043,12.839788],[77.868682,12.836598],[77.868685,12.835178],[77.867235,12.834465],[77.863599,12.836235],[77.862143,12.837654],[77.861412,12.839428],[77.857772,12.842618],[77.857769,12.844039],[77.858494,12.844395],[77.859584,12.844396]]]}},{"type":"Feature","properties":{"histId":"ams-nd44-13-1955-0080","sheet":"ams-nd44-13-1955","year":1955,"scale":250000,"areaM2":65151,"name":null,"confidence":"low","source":"ams-nd44-13-1955"},"geometry":{"type":"Polygon","coordinates":[[[77.763346,12.84104],[77.762987,12.839619],[77.762261,12.839263],[77.760807,12.839615],[77.760442,12.840325],[77.76044,12.841035],[77.761528,12.841747],[77.762254,12.841748],[77.763346,12.84104]]]}},{"type":"Feature","properties":{"histId":"ams-nd44-13-1955-0081","sheet":"ams-nd44-13-1955","year":1955,"scale":250000,"areaM2":61274,"name":null,"confidence":"low","source":"ams-nd44-13-1955"},"geometry":{"type":"Polygon","coordinates":[[[77.741925,12.837804],[77.741927,12.837093],[77.740839,12.836381],[77.740475,12.836735],[77.739748,12.836734],[77.738657,12.837442],[77.738655,12.838152],[77.739742,12.838865],[77.741925,12.837804]]]}},{"type":"Feature","properties":{"histId":"ams-nd44-13-1955-0082","sheet":"ams-nd44-13-1955","year":1955,"scale":250000,"areaM2":135718,"name":null,"confidence":"medium","source":"ams-nd44-13-1955"},"geometry":{"type":"Polygon","coordinates":[[[77.853806,12.83125],[77.855259,12.831252],[77.855986,12.830898],[77.857078,12.829834],[77.85708,12.829124],[77.855267,12.827701],[77.854177,12.828054],[77.85272,12.829828],[77.852717,12.831248],[77.853442,12.831604],[77.853806,12.83125]]]}},{"type":"Feature","properties":{"histId":"ams-nd44-13-1955-0083","sheet":"ams-nd44-13-1955","year":1955,"scale":250000,"areaM2":666301,"name":null,"confidence":"high","source":"ams-nd44-13-1955"},"geometry":{"type":"Polygon","coordinates":[[[77.688914,12.829883],[77.691462,12.828468],[77.695094,12.828475],[77.695822,12.828122],[77.69655,12.827413],[77.696554,12.826348],[77.695832,12.824925],[77.695835,12.82386],[77.695474,12.823149],[77.694386,12.822436],[77.693297,12.822434],[77.691841,12.823141],[77.688928,12.825621],[77.6882,12.825975],[77.686747,12.825971],[77.686383,12.826326],[77.684929,12.826678],[77.683834,12.828096],[77.68383,12.829517],[77.684555,12.829873],[77.688914,12.829883]]]}},{"type":"Feature","properties":{"histId":"ams-nd44-13-1955-0084","sheet":"ams-nd44-13-1955","year":1955,"scale":250000,"areaM2":79907,"name":null,"confidence":"medium","source":"ams-nd44-13-1955"},"geometry":{"type":"Polygon","coordinates":[[[77.538161,12.824544],[77.537072,12.824186],[77.536344,12.824539],[77.53634,12.825604],[77.536701,12.826316],[77.537064,12.826317],[77.538876,12.827742],[77.539604,12.827389],[77.539245,12.825967],[77.538161,12.824544]]]}},{"type":"Feature","properties":{"histId":"ams-nd44-13-1955-0085","sheet":"ams-nd44-13-1955","year":1955,"scale":250000,"areaM2":65150,"name":null,"confidence":"low","source":"ams-nd44-13-1955"},"geometry":{"type":"Polygon","coordinates":[[[77.780116,12.818699],[77.778662,12.819051],[77.778658,12.820472],[77.779746,12.821184],[77.780472,12.821185],[77.781564,12.820477],[77.781566,12.819767],[77.780116,12.818699]]]}},{"type":"Feature","properties":{"histId":"ams-nd44-13-1955-0086","sheet":"ams-nd44-13-1955","year":1955,"scale":250000,"areaM2":121788,"name":null,"confidence":"medium","source":"ams-nd44-13-1955"},"geometry":{"type":"Polygon","coordinates":[[[77.638457,12.818405],[77.637368,12.818047],[77.636276,12.818755],[77.636265,12.821951],[77.636989,12.823018],[77.637714,12.823375],[77.638442,12.823022],[77.638457,12.818405]]]}},{"type":"Feature","properties":{"histId":"ams-nd44-13-1955-0087","sheet":"ams-nd44-13-1955","year":1955,"scale":250000,"areaM2":2012800,"name":null,"confidence":"high","source":"ams-nd44-13-1955"},"geometry":{"type":"Polygon","coordinates":[[[77.73651,12.826429],[77.736511,12.826074],[77.73325,12.823227],[77.732889,12.822516],[77.732894,12.82074],[77.73435,12.819678],[77.734352,12.818967],[77.73399,12.818611],[77.728183,12.817179],[77.726371,12.815755],[77.726373,12.815045],[77.726011,12.814689],[77.720933,12.812193],[77.71948,12.81219],[77.718031,12.811122],[77.717668,12.811121],[77.716219,12.809697],[77.716221,12.808987],[77.715134,12.808275],[77.714043,12.808628],[77.713314,12.809336],[77.712949,12.810046],[77.712945,12.811466],[77.713669,12.812178],[77.714758,12.812535],[77.716206,12.813959],[77.716565,12.81538],[77.716927,12.815736],[77.716924,12.816801],[77.716197,12.817155],[77.716194,12.817865],[77.71692,12.818222],[77.717284,12.817868],[77.718737,12.817871],[77.720912,12.819295],[77.721638,12.819297],[77.723815,12.820367],[77.724539,12.821078],[77.725261,12.8225],[77.725253,12.825341],[77.724525,12.825695],[77.723794,12.827114],[77.723066,12.827823],[77.723061,12.829598],[77.724149,12.829956],[77.724877,12.829602],[77.726334,12.828185],[77.726339,12.826409],[77.727795,12.825346],[77.729248,12.825349],[77.72961,12.825705],[77.732515,12.826066],[77.733241,12.826423],[77.735414,12.828558],[77.735413,12.828913],[77.736501,12.82927],[77.737229,12.828916],[77.737234,12.827141],[77.73651,12.826429]]]}},{"type":"Feature","properties":{"histId":"ams-nd44-13-1955-0088","sheet":"ams-nd44-13-1955","year":1955,"scale":250000,"areaM2":179971,"name":null,"confidence":"high","source":"ams-nd44-13-1955"},"geometry":{"type":"Polygon","coordinates":[[[77.614107,12.821188],[77.616296,12.818707],[77.616298,12.817997],[77.61521,12.817284],[77.612304,12.817277],[77.611212,12.817984],[77.611209,12.818695],[77.612293,12.820473],[77.612291,12.821183],[77.61338,12.821541],[77.614107,12.821188]]]}},{"type":"Feature","properties":{"histId":"ams-nd44-13-1955-0089","sheet":"ams-nd44-13-1955","year":1955,"scale":250000,"areaM2":333544,"name":null,"confidence":"high","source":"ams-nd44-13-1955"},"geometry":{"type":"Polygon","coordinates":[[[77.683131,12.820637],[77.68314,12.817795],[77.682778,12.81744],[77.682781,12.816374],[77.681333,12.81495],[77.680607,12.814594],[77.679155,12.814591],[77.677699,12.815298],[77.675876,12.817424],[77.675871,12.8192],[77.676958,12.819913],[77.677686,12.819559],[77.678416,12.818495],[77.678419,12.81743],[77.679148,12.816721],[77.679875,12.816368],[77.680601,12.816725],[77.681687,12.817792],[77.681682,12.819568],[77.680587,12.820986],[77.679132,12.821693],[77.67913,12.822404],[77.680582,12.822762],[77.682037,12.822055],[77.683131,12.820637]]]}},{"type":"Feature","properties":{"histId":"ams-nd44-13-1955-0090","sheet":"ams-nd44-13-1955","year":1955,"scale":250000,"areaM2":169871,"name":null,"confidence":"high","source":"ams-nd44-13-1955"},"geometry":{"type":"Polygon","coordinates":[[[77.704205,12.818906],[77.705661,12.817844],[77.705663,12.817133],[77.704579,12.815355],[77.70349,12.814998],[77.702035,12.815705],[77.702034,12.81606],[77.700941,12.817123],[77.700578,12.817123],[77.700575,12.818188],[77.701662,12.818901],[77.704205,12.818906]]]}},{"type":"Feature","properties":{"histId":"ams-nd44-13-1955-0091","sheet":"ams-nd44-13-1955","year":1955,"scale":250000,"areaM2":373899,"name":null,"confidence":"high","source":"ams-nd44-13-1955"},"geometry":{"type":"Polygon","coordinates":[[[77.633379,12.815907],[77.631929,12.815193],[77.630839,12.81519],[77.630474,12.815545],[77.629024,12.814831],[77.628297,12.814829],[77.627205,12.815537],[77.626837,12.816957],[77.627561,12.817669],[77.627559,12.818379],[77.629007,12.819803],[77.630458,12.820517],[77.631548,12.820519],[77.63191,12.820875],[77.632636,12.820877],[77.633728,12.820169],[77.63374,12.816618],[77.633379,12.815907]]]}},{"type":"Feature","properties":{"histId":"ams-nd44-13-1955-0092","sheet":"ams-nd44-13-1955","year":1955,"scale":250000,"areaM2":62061,"name":null,"confidence":"low","source":"ams-nd44-13-1955"},"geometry":{"type":"Polygon","coordinates":[[[77.591232,12.817579],[77.59196,12.817226],[77.591963,12.816161],[77.590876,12.815448],[77.590149,12.815446],[77.589057,12.816153],[77.589053,12.817219],[77.589778,12.817576],[77.591232,12.817579]]]}},{"type":"Feature","properties":{"histId":"ams-nd44-13-1955-0093","sheet":"ams-nd44-13-1955","year":1955,"scale":250000,"areaM2":55858,"name":null,"confidence":"low","source":"ams-nd44-13-1955"},"geometry":{"type":"Polygon","coordinates":[[[77.525832,12.817761],[77.52656,12.817408],[77.526564,12.816343],[77.525839,12.815985],[77.524385,12.815981],[77.523657,12.816335],[77.523653,12.8174],[77.524379,12.817757],[77.525832,12.817761]]]}},{"type":"Feature","properties":{"histId":"ams-nd44-13-1955-0094","sheet":"ams-nd44-13-1955","year":1955,"scale":250000,"areaM2":363078,"name":null,"confidence":"high","source":"ams-nd44-13-1955"},"geometry":{"type":"Polygon","coordinates":[[[77.535643,12.817433],[77.532022,12.814227],[77.532025,12.813516],[77.530576,12.812092],[77.529126,12.811377],[77.529128,12.810667],[77.528404,12.809954],[77.527679,12.809597],[77.526951,12.80995],[77.526947,12.811016],[77.529123,12.812088],[77.52912,12.812798],[77.529843,12.813865],[77.529838,12.815286],[77.52911,12.815639],[77.529106,12.816705],[77.529469,12.816706],[77.52983,12.817417],[77.530919,12.817775],[77.533818,12.819914],[77.534909,12.819562],[77.535641,12.818144],[77.535643,12.817433]]]}},{"type":"Feature","properties":{"histId":"ams-nd44-13-1955-0095","sheet":"ams-nd44-13-1955","year":1955,"scale":250000,"areaM2":90738,"name":null,"confidence":"medium","source":"ams-nd44-13-1955"},"geometry":{"type":"Polygon","coordinates":[[[77.861485,12.809601],[77.860397,12.809244],[77.85967,12.809598],[77.859667,12.810664],[77.860753,12.812086],[77.862205,12.812443],[77.863296,12.811734],[77.863297,12.811024],[77.861485,12.809601]]]}},{"type":"Feature","properties":{"histId":"ams-nd44-13-1955-0096","sheet":"ams-nd44-13-1955","year":1955,"scale":250000,"areaM2":63599,"name":null,"confidence":"low","source":"ams-nd44-13-1955"},"geometry":{"type":"Polygon","coordinates":[[[77.792855,12.808423],[77.791767,12.808066],[77.791039,12.80842],[77.791399,12.809841],[77.792123,12.810553],[77.793212,12.81091],[77.793939,12.810556],[77.79358,12.809135],[77.792855,12.808423]]]}},{"type":"Feature","properties":{"histId":"ams-nd44-13-1955-0097","sheet":"ams-nd44-13-1955","year":1955,"scale":250000,"areaM2":107031,"name":null,"confidence":"medium","source":"ams-nd44-13-1955"},"geometry":{"type":"Polygon","coordinates":[[[77.806658,12.807382],[77.807022,12.807028],[77.807028,12.804897],[77.806302,12.804541],[77.805212,12.804894],[77.804847,12.805604],[77.804839,12.808444],[77.805201,12.809155],[77.805926,12.809512],[77.806653,12.809158],[77.806658,12.807382]]]}},{"type":"Feature","properties":{"histId":"ams-nd44-13-1955-0098","sheet":"ams-nd44-13-1955","year":1955,"scale":250000,"areaM2":89977,"name":null,"confidence":"medium","source":"ams-nd44-13-1955"},"geometry":{"type":"Polygon","coordinates":[[[77.706055,12.807546],[77.707512,12.806483],[77.707515,12.805418],[77.706789,12.805061],[77.70461,12.805057],[77.703883,12.80541],[77.703878,12.806831],[77.705329,12.807544],[77.706055,12.807546]]]}},{"type":"Feature","properties":{"histId":"ams-nd44-13-1955-0099","sheet":"ams-nd44-13-1955","year":1955,"scale":250000,"areaM2":902814,"name":null,"confidence":"high","source":"ams-nd44-13-1955"},"geometry":{"type":"Polygon","coordinates":[[[77.767071,12.808022],[77.768528,12.806604],[77.769258,12.805185],[77.772536,12.801995],[77.77399,12.801287],[77.776166,12.802357],[77.776893,12.802358],[77.777255,12.802714],[77.77871,12.802006],[77.780166,12.800588],[77.780171,12.798813],[77.779086,12.79739],[77.779087,12.797035],[77.777637,12.795967],[77.775458,12.795963],[77.773639,12.797025],[77.771823,12.797022],[77.770369,12.797729],[77.768181,12.800921],[77.767813,12.802696],[77.765623,12.806598],[77.765619,12.808019],[77.766344,12.808375],[77.767071,12.808022]]]}},{"type":"Feature","properties":{"histId":"ams-nd44-13-1955-0100","sheet":"ams-nd44-13-1955","year":1955,"scale":250000,"areaM2":182300,"name":null,"confidence":"high","source":"ams-nd44-13-1955"},"geometry":{"type":"Polygon","coordinates":[[[77.614177,12.800589],[77.613092,12.799165],[77.612367,12.798808],[77.610551,12.798804],[77.609823,12.799157],[77.609457,12.799867],[77.609454,12.800932],[77.611264,12.802713],[77.612716,12.803071],[77.613444,12.802718],[77.614174,12.801654],[77.614177,12.800589]]]}},{"type":"Feature","properties":{"histId":"ams-nd44-13-1955-0101","sheet":"ams-nd44-13-1955","year":1955,"scale":250000,"areaM2":308711,"name":null,"confidence":"high","source":"ams-nd44-13-1955"},"geometry":{"type":"Polygon","coordinates":[[[77.726059,12.798353],[77.726064,12.796933],[77.723892,12.794443],[77.723167,12.794086],[77.72062,12.795501],[77.719526,12.79692],[77.719523,12.797985],[77.720972,12.799408],[77.721697,12.799765],[77.72315,12.799768],[77.726059,12.798353]]]}},{"type":"Feature","properties":{"histId":"ams-nd44-13-1955-0102","sheet":"ams-nd44-13-1955","year":1955,"scale":250000,"areaM2":854080,"name":null,"confidence":"high","source":"ams-nd44-13-1955"},"geometry":{"type":"Polygon","coordinates":[[[77.631611,12.801341],[77.633791,12.801346],[77.635248,12.800284],[77.635249,12.799929],[77.636342,12.798866],[77.636705,12.798867],[77.637798,12.797804],[77.638162,12.797805],[77.638164,12.797095],[77.635266,12.794602],[77.634905,12.793891],[77.634909,12.792825],[77.635273,12.792471],[77.635276,12.791761],[77.634915,12.79105],[77.63419,12.790693],[77.632733,12.791755],[77.632732,12.79211],[77.631273,12.793882],[77.630545,12.794236],[77.629092,12.794232],[77.62873,12.793876],[77.627638,12.794584],[77.627632,12.796359],[77.627994,12.796716],[77.627979,12.801333],[77.629066,12.802045],[77.630156,12.802048],[77.631611,12.801341]]]}},{"type":"Feature","properties":{"histId":"ams-nd44-13-1955-0103","sheet":"ams-nd44-13-1955","year":1955,"scale":250000,"areaM2":117133,"name":null,"confidence":"medium","source":"ams-nd44-13-1955"},"geometry":{"type":"Polygon","coordinates":[[[77.654886,12.793227],[77.653798,12.792514],[77.653072,12.792513],[77.65198,12.793221],[77.651612,12.79464],[77.652697,12.796063],[77.653786,12.796421],[77.654878,12.795713],[77.654886,12.793227]]]}},{"type":"Feature","properties":{"histId":"ams-nd44-13-1955-0104","sheet":"ams-nd44-13-1955","year":1955,"scale":250000,"areaM2":121764,"name":null,"confidence":"medium","source":"ams-nd44-13-1955"},"geometry":{"type":"Polygon","coordinates":[[[77.83576,12.787545],[77.835037,12.786124],[77.835039,12.785413],[77.834314,12.785057],[77.832495,12.786475],[77.832493,12.787185],[77.832855,12.78754],[77.833215,12.788961],[77.834665,12.789674],[77.835756,12.788966],[77.83576,12.787545]]]}},{"type":"Feature","properties":{"histId":"ams-nd44-13-1955-0105","sheet":"ams-nd44-13-1955","year":1955,"scale":250000,"areaM2":176886,"name":null,"confidence":"high","source":"ams-nd44-13-1955"},"geometry":{"type":"Polygon","coordinates":[[[77.537219,12.784406],[77.536857,12.784049],[77.536859,12.783339],[77.535775,12.781915],[77.534686,12.781557],[77.533229,12.782619],[77.533224,12.784039],[77.533584,12.784751],[77.535394,12.786532],[77.536483,12.78689],[77.537211,12.786537],[77.537219,12.784406]]]}},{"type":"Feature","properties":{"histId":"ams-nd44-13-1955-0106","sheet":"ams-nd44-13-1955","year":1955,"scale":250000,"areaM2":238107,"name":null,"confidence":"high","source":"ams-nd44-13-1955"},"geometry":{"type":"Polygon","coordinates":[[[77.80818,12.781107],[77.808545,12.780753],[77.808554,12.777202],[77.807467,12.776489],[77.806377,12.776488],[77.804196,12.777549],[77.804192,12.77897],[77.805641,12.780392],[77.805638,12.781458],[77.805999,12.782169],[77.807086,12.782881],[77.808178,12.782172],[77.80818,12.781107]]]}},{"type":"Feature","properties":{"histId":"ams-nd44-13-1955-0107","sheet":"ams-nd44-13-1955","year":1955,"scale":250000,"areaM2":310271,"name":null,"confidence":"high","source":"ams-nd44-13-1955"},"geometry":{"type":"Polygon","coordinates":[[[77.708326,12.777364],[77.707964,12.777008],[77.706875,12.777006],[77.706513,12.77665],[77.705423,12.776647],[77.702876,12.778418],[77.701063,12.777348],[77.699972,12.777701],[77.699967,12.779477],[77.701055,12.779834],[77.703238,12.778774],[77.704325,12.779486],[77.704322,12.780552],[77.705409,12.781264],[77.706499,12.781266],[77.707955,12.780204],[77.709773,12.779498],[77.709778,12.777722],[77.708326,12.777364]]]}},{"type":"Feature","properties":{"histId":"ams-nd44-13-1955-0108","sheet":"ams-nd44-13-1955","year":1955,"scale":250000,"areaM2":126433,"name":null,"confidence":"medium","source":"ams-nd44-13-1955"},"geometry":{"type":"Polygon","coordinates":[[[77.724305,12.777752],[77.724669,12.777398],[77.724671,12.776688],[77.723223,12.775264],[77.722497,12.774907],[77.72177,12.775261],[77.721767,12.776326],[77.722852,12.777749],[77.722849,12.778815],[77.722119,12.779879],[77.722117,12.780589],[77.722843,12.780945],[77.724298,12.779883],[77.724305,12.777752]]]}},{"type":"Feature","properties":{"histId":"ams-nd44-13-1955-0109","sheet":"ams-nd44-13-1955","year":1955,"scale":250000,"areaM2":2057196,"name":null,"confidence":"high","source":"ams-nd44-13-1955"},"geometry":{"type":"Polygon","coordinates":[[[77.669811,12.782962],[77.669813,12.782252],[77.670907,12.780834],[77.67127,12.780834],[77.671999,12.780126],[77.672001,12.779415],[77.670915,12.778348],[77.670552,12.778347],[77.669102,12.777278],[77.668013,12.777276],[77.666562,12.776562],[77.664027,12.774425],[77.661126,12.772998],[77.660399,12.772996],[77.660037,12.77264],[77.658221,12.772636],[77.657857,12.77299],[77.656767,12.772988],[77.655318,12.771919],[77.653866,12.771561],[77.652779,12.770848],[77.651689,12.770845],[77.650962,12.771199],[77.65096,12.771909],[77.652408,12.773333],[77.652769,12.774044],[77.652399,12.776174],[77.650571,12.779721],[77.650565,12.781497],[77.651289,12.782209],[77.651288,12.782564],[77.652377,12.782922],[77.654925,12.781152],[77.656741,12.781156],[77.657105,12.780802],[77.659648,12.780808],[77.66001,12.781164],[77.660736,12.781166],[77.662187,12.781879],[77.665445,12.785083],[77.666171,12.78544],[77.669803,12.785448],[77.67053,12.785094],[77.670534,12.784029],[77.669811,12.782962]]]}},{"type":"Feature","properties":{"histId":"ams-nd44-13-1955-0110","sheet":"ams-nd44-13-1955","year":1955,"scale":250000,"areaM2":52744,"name":null,"confidence":"low","source":"ams-nd44-13-1955"},"geometry":{"type":"Polygon","coordinates":[[[77.738469,12.777426],[77.73956,12.776718],[77.739563,12.776008],[77.738837,12.775651],[77.737385,12.775648],[77.736657,12.776002],[77.736654,12.777067],[77.73738,12.777424],[77.738469,12.777426]]]}},{"type":"Feature","properties":{"histId":"ams-nd44-13-1955-0111","sheet":"ams-nd44-13-1955","year":1955,"scale":250000,"areaM2":159801,"name":null,"confidence":"high","source":"ams-nd44-13-1955"},"geometry":{"type":"Polygon","coordinates":[[[77.640042,12.778276],[77.639319,12.777209],[77.639329,12.774368],[77.637878,12.773654],[77.636786,12.774362],[77.636418,12.775781],[77.637865,12.777561],[77.637858,12.779692],[77.638584,12.780048],[77.640039,12.779342],[77.640042,12.778276]]]}},{"type":"Feature","properties":{"histId":"ams-nd44-13-1955-0112","sheet":"ams-nd44-13-1955","year":1955,"scale":250000,"areaM2":728380,"name":null,"confidence":"high","source":"ams-nd44-13-1955"},"geometry":{"type":"Polygon","coordinates":[[[77.67456,12.774094],[77.676733,12.77623],[77.677453,12.778362],[77.678178,12.778719],[77.681083,12.778725],[77.681445,12.779081],[77.687621,12.77874],[77.688346,12.779097],[77.68871,12.778742],[77.690889,12.778747],[77.691252,12.779103],[77.694883,12.779111],[77.695975,12.778403],[77.695977,12.777693],[77.695252,12.777336],[77.688716,12.776966],[77.687629,12.776254],[77.686176,12.776251],[77.684721,12.776958],[77.680726,12.776949],[77.680001,12.776592],[77.678552,12.775168],[77.678557,12.773748],[77.677473,12.77197],[77.677475,12.771259],[77.676753,12.769837],[77.675666,12.769124],[77.67421,12.770187],[77.6742,12.773383],[77.67456,12.774094]]]}},{"type":"Feature","properties":{"histId":"ams-nd44-13-1955-0113","sheet":"ams-nd44-13-1955","year":1955,"scale":250000,"areaM2":449976,"name":null,"confidence":"high","source":"ams-nd44-13-1955"},"geometry":{"type":"Polygon","coordinates":[[[77.537609,12.776948],[77.537975,12.776238],[77.537983,12.774107],[77.538348,12.773753],[77.53835,12.773043],[77.537988,12.772687],[77.537995,12.770911],[77.538727,12.769492],[77.538729,12.768782],[77.538004,12.768424],[77.537276,12.768777],[77.534359,12.771611],[77.533996,12.77161],[77.532536,12.773382],[77.532526,12.776223],[77.534337,12.777649],[77.536517,12.777655],[77.537609,12.776948]]]}},{"type":"Feature","properties":{"histId":"ams-nd44-13-1955-0114","sheet":"ams-nd44-13-1955","year":1955,"scale":250000,"areaM2":307145,"name":null,"confidence":"high","source":"ams-nd44-13-1955"},"geometry":{"type":"Polygon","coordinates":[[[77.780969,12.772891],[77.783153,12.771119],[77.783157,12.769344],[77.782071,12.768276],[77.780621,12.767564],[77.779166,12.768271],[77.776618,12.770397],[77.776615,12.771462],[77.777702,12.77253],[77.779152,12.773243],[77.780242,12.773245],[77.780969,12.772891]]]}},{"type":"Feature","properties":{"histId":"ams-nd44-13-1955-0115","sheet":"ams-nd44-13-1955","year":1955,"scale":250000,"areaM2":67499,"name":null,"confidence":"low","source":"ams-nd44-13-1955"},"geometry":{"type":"Polygon","coordinates":[[[77.502039,12.768322],[77.500952,12.767609],[77.499861,12.767961],[77.499131,12.768669],[77.499129,12.76938],[77.500578,12.770449],[77.502035,12.769388],[77.502039,12.768322]]]}},{"type":"Feature","properties":{"histId":"ams-nd44-13-1955-0116","sheet":"ams-nd44-13-1955","year":1955,"scale":250000,"areaM2":1031602,"name":null,"confidence":"high","source":"ams-nd44-13-1955"},"geometry":{"type":"Polygon","coordinates":[[[77.763552,12.768242],[77.762105,12.766463],[77.762109,12.765043],[77.762473,12.764688],[77.762475,12.763978],[77.763203,12.763269],[77.763209,12.761139],[77.762487,12.759717],[77.761763,12.759005],[77.760312,12.758292],[77.759585,12.758646],[77.757409,12.757576],[77.755957,12.757573],[77.754506,12.75686],[77.753054,12.756857],[77.752327,12.757211],[77.751234,12.758274],[77.751232,12.758985],[77.750503,12.760048],[77.750501,12.760759],[77.751949,12.762182],[77.752674,12.762539],[77.753401,12.76254],[77.755213,12.763609],[77.756303,12.763611],[77.757028,12.763968],[77.758838,12.765747],[77.760283,12.768591],[77.761007,12.769302],[77.762459,12.76966],[77.76355,12.768952],[77.763552,12.768242]]]}},{"type":"Feature","properties":{"histId":"ams-nd44-13-1955-0117","sheet":"ams-nd44-13-1955","year":1955,"scale":250000,"areaM2":70592,"name":null,"confidence":"low","source":"ams-nd44-13-1955"},"geometry":{"type":"Polygon","coordinates":[[[77.643732,12.760882],[77.643734,12.760172],[77.642285,12.759103],[77.640829,12.75981],[77.640825,12.76123],[77.641912,12.761943],[77.643003,12.761591],[77.643732,12.760882]]]}},{"type":"Feature","properties":{"histId":"ams-nd44-13-1955-0118","sheet":"ams-nd44-13-1955","year":1955,"scale":250000,"areaM2":66702,"name":null,"confidence":"low","source":"ams-nd44-13-1955"},"geometry":{"type":"Polygon","coordinates":[[[77.807155,12.756958],[77.806068,12.756246],[77.805341,12.7566],[77.804976,12.757309],[77.804972,12.75873],[77.806423,12.759442],[77.80715,12.759089],[77.807155,12.756958]]]}},{"type":"Feature","properties":{"histId":"ams-nd44-13-1955-0119","sheet":"ams-nd44-13-1955","year":1955,"scale":250000,"areaM2":203241,"name":null,"confidence":"high","source":"ams-nd44-13-1955"},"geometry":{"type":"Polygon","coordinates":[[[77.654647,12.75487],[77.653196,12.754156],[77.65174,12.755219],[77.651375,12.755928],[77.651367,12.758414],[77.652088,12.759836],[77.653538,12.760905],[77.654265,12.760552],[77.654647,12.75487]]]}},{"type":"Feature","properties":{"histId":"ams-nd44-13-1955-0120","sheet":"ams-nd44-13-1955","year":1955,"scale":250000,"areaM2":822200,"name":null,"confidence":"high","source":"ams-nd44-13-1955"},"geometry":{"type":"Polygon","coordinates":[[[77.732349,12.759302],[77.734892,12.758952],[77.735256,12.758597],[77.741066,12.758609],[77.741793,12.758256],[77.741799,12.756125],[77.741437,12.755769],[77.741439,12.755059],[77.74217,12.75364],[77.742173,12.752574],[77.741812,12.751863],[77.741086,12.751507],[77.739997,12.751504],[77.738543,12.752212],[77.736364,12.752207],[77.735637,12.752561],[77.733453,12.754332],[77.733452,12.754687],[77.731631,12.756459],[77.730176,12.757167],[77.728719,12.758584],[77.728715,12.760005],[77.729803,12.760717],[77.732349,12.759302]]]}},{"type":"Feature","properties":{"histId":"ams-nd44-13-1955-0121","sheet":"ams-nd44-13-1955","year":1955,"scale":250000,"areaM2":336644,"name":null,"confidence":"high","source":"ams-nd44-13-1955"},"geometry":{"type":"Polygon","coordinates":[[[77.717466,12.75714],[77.717469,12.75643],[77.718198,12.755366],[77.718206,12.752525],[77.716394,12.751456],[77.71494,12.751808],[77.712755,12.753934],[77.71239,12.754644],[77.712749,12.756065],[77.714559,12.757844],[77.715284,12.758201],[77.716738,12.757849],[77.717466,12.75714]]]}},{"type":"Feature","properties":{"histId":"ams-nd44-13-1955-0122","sheet":"ams-nd44-13-1955","year":1955,"scale":250000,"areaM2":86104,"name":null,"confidence":"medium","source":"ams-nd44-13-1955"},"geometry":{"type":"Polygon","coordinates":[[[77.677531,12.753502],[77.676809,12.75208],[77.675721,12.751722],[77.674993,12.752076],[77.674626,12.753495],[77.675711,12.754919],[77.676436,12.755275],[77.677528,12.754567],[77.677531,12.753502]]]}},{"type":"Feature","properties":{"histId":"ams-nd44-13-1955-0123","sheet":"ams-nd44-13-1955","year":1955,"scale":250000,"areaM2":114024,"name":null,"confidence":"medium","source":"ams-nd44-13-1955"},"geometry":{"type":"Polygon","coordinates":[[[77.723296,12.75076],[77.7233,12.749339],[77.722577,12.748273],[77.721488,12.747915],[77.720761,12.748269],[77.72076,12.748624],[77.720032,12.749333],[77.720029,12.750398],[77.721115,12.751466],[77.722203,12.751823],[77.72293,12.751469],[77.723296,12.75076]]]}},{"type":"Feature","properties":{"histId":"ams-nd44-13-1955-0124","sheet":"ams-nd44-13-1955","year":1955,"scale":250000,"areaM2":190821,"name":null,"confidence":"high","source":"ams-nd44-13-1955"},"geometry":{"type":"Polygon","coordinates":[[[77.701879,12.747873],[77.701521,12.746452],[77.700797,12.74574],[77.700799,12.74503],[77.699711,12.744317],[77.698258,12.744669],[77.697894,12.745024],[77.697891,12.745734],[77.699335,12.748578],[77.700783,12.750002],[77.701509,12.750359],[77.702599,12.750006],[77.702602,12.74894],[77.701879,12.747873]]]}},{"type":"Feature","properties":{"histId":"ams-nd44-13-1955-0125","sheet":"ams-nd44-13-1955","year":1955,"scale":250000,"areaM2":116360,"name":null,"confidence":"medium","source":"ams-nd44-13-1955"},"geometry":{"type":"Polygon","coordinates":[[[77.660131,12.743518],[77.660135,12.742097],[77.658686,12.741029],[77.657231,12.741735],[77.656503,12.742444],[77.656498,12.743865],[77.657585,12.744578],[77.658675,12.74458],[77.660131,12.743518]]]}},{"type":"Feature","properties":{"histId":"ams-nd44-13-1955-0126","sheet":"ams-nd44-13-1955","year":1955,"scale":250000,"areaM2":421928,"name":null,"confidence":"high","source":"ams-nd44-13-1955"},"geometry":{"type":"Polygon","coordinates":[[[77.818816,12.740643],[77.817368,12.73922],[77.817371,12.738155],[77.815923,12.736377],[77.815198,12.736021],[77.814109,12.736019],[77.813747,12.735663],[77.811569,12.735659],[77.810842,12.736013],[77.810475,12.737433],[77.812285,12.739211],[77.812646,12.739922],[77.81301,12.739923],[77.814458,12.741346],[77.816271,12.742059],[77.816996,12.742771],[77.816995,12.743126],[77.81772,12.743482],[77.818811,12.742774],[77.819178,12.741354],[77.818816,12.740643]]]}},{"type":"Feature","properties":{"histId":"ams-nd44-13-1955-0127","sheet":"ams-nd44-13-1955","year":1955,"scale":250000,"areaM2":282355,"name":null,"confidence":"high","source":"ams-nd44-13-1955"},"geometry":{"type":"Polygon","coordinates":[[[77.69792,12.7365],[77.696835,12.735077],[77.69611,12.734721],[77.69502,12.734718],[77.694293,12.735072],[77.693562,12.736491],[77.693557,12.738266],[77.69464,12.7404],[77.69609,12.741113],[77.696816,12.741115],[77.698272,12.740052],[77.69792,12.7365]]]}},{"type":"Feature","properties":{"histId":"ams-nd44-13-1955-0128","sheet":"ams-nd44-13-1955","year":1955,"scale":250000,"areaM2":52751,"name":null,"confidence":"low","source":"ams-nd44-13-1955"},"geometry":{"type":"Polygon","coordinates":[[[77.641628,12.737792],[77.641996,12.736372],[77.641271,12.736015],[77.640181,12.736012],[77.639454,12.736366],[77.639449,12.737786],[77.640901,12.738145],[77.641628,12.737792]]]}},{"type":"Feature","properties":{"histId":"ams-nd44-13-1955-0129","sheet":"ams-nd44-13-1955","year":1955,"scale":250000,"areaM2":278481,"name":null,"confidence":"high","source":"ams-nd44-13-1955"},"geometry":{"type":"Polygon","coordinates":[[[77.683392,12.737178],[77.683398,12.735403],[77.683036,12.735047],[77.683038,12.734336],[77.681953,12.732913],[77.681228,12.732557],[77.679773,12.733264],[77.679408,12.733973],[77.679405,12.735038],[77.678675,12.736102],[77.678669,12.737878],[77.680481,12.739303],[77.681934,12.738951],[77.683392,12.737178]]]}},{"type":"Feature","properties":{"histId":"ams-nd44-13-1955-0130","sheet":"ams-nd44-13-1955","year":1955,"scale":250000,"areaM2":95430,"name":null,"confidence":"medium","source":"ams-nd44-13-1955"},"geometry":{"type":"Polygon","coordinates":[[[77.512695,12.736385],[77.5127,12.734965],[77.511251,12.733895],[77.509796,12.734601],[77.509788,12.736732],[77.510875,12.737446],[77.511966,12.737094],[77.512695,12.736385]]]}},{"type":"Feature","properties":{"histId":"ams-nd44-13-1955-0131","sheet":"ams-nd44-13-1955","year":1955,"scale":250000,"areaM2":54297,"name":null,"confidence":"low","source":"ams-nd44-13-1955"},"geometry":{"type":"Polygon","coordinates":[[[77.744781,12.729496],[77.744784,12.728431],[77.744059,12.728074],[77.74297,12.728072],[77.742243,12.728425],[77.742239,12.729846],[77.74369,12.730204],[77.744781,12.729496]]]}},{"type":"Feature","properties":{"histId":"ams-nd44-13-1955-0132","sheet":"ams-nd44-13-1955","year":1955,"scale":250000,"areaM2":245118,"name":null,"confidence":"high","source":"ams-nd44-13-1955"},"geometry":{"type":"Polygon","coordinates":[[[77.71647,12.726241],[77.716471,12.725886],[77.715385,12.724818],[77.714659,12.724461],[77.713204,12.725524],[77.713193,12.729075],[77.714279,12.730143],[77.715004,12.7305],[77.715369,12.730145],[77.716458,12.730148],[77.716822,12.729793],[77.718276,12.729441],[77.717917,12.72802],[77.71647,12.726241]]]}},{"type":"Feature","properties":{"histId":"ams-nd44-13-1955-0133","sheet":"ams-nd44-13-1955","year":1955,"scale":250000,"areaM2":355227,"name":null,"confidence":"high","source":"ams-nd44-13-1955"},"geometry":{"type":"Polygon","coordinates":[[[77.822844,12.727511],[77.822847,12.726446],[77.82176,12.725734],[77.820671,12.725732],[77.818495,12.724663],[77.817048,12.722885],[77.816323,12.722528],[77.815233,12.722882],[77.815229,12.724302],[77.815951,12.725724],[77.815949,12.726434],[77.816674,12.727145],[77.816673,12.727501],[77.81957,12.729991],[77.820659,12.730348],[77.821386,12.729994],[77.821389,12.728574],[77.822844,12.727511]]]}},{"type":"Feature","properties":{"histId":"ams-nd44-13-1955-0134","sheet":"ams-nd44-13-1955","year":1955,"scale":250000,"areaM2":131082,"name":null,"confidence":"medium","source":"ams-nd44-13-1955"},"geometry":{"type":"Polygon","coordinates":[[[77.784735,12.723892],[77.783285,12.722823],[77.782196,12.722821],[77.781105,12.72353],[77.781101,12.72495],[77.782549,12.726373],[77.783638,12.72673],[77.784729,12.726022],[77.784735,12.723892]]]}},{"type":"Feature","properties":{"histId":"ams-nd44-13-1955-0135","sheet":"ams-nd44-13-1955","year":1955,"scale":250000,"areaM2":123333,"name":null,"confidence":"medium","source":"ams-nd44-13-1955"},"geometry":{"type":"Polygon","coordinates":[[[77.729908,12.724849],[77.729912,12.723428],[77.729551,12.722717],[77.728826,12.722361],[77.727373,12.722713],[77.726279,12.724131],[77.726277,12.724841],[77.728089,12.726266],[77.729179,12.725913],[77.729908,12.724849]]]}},{"type":"Feature","properties":{"histId":"ams-nd44-13-1955-0136","sheet":"ams-nd44-13-1955","year":1955,"scale":250000,"areaM2":504993,"name":null,"confidence":"high","source":"ams-nd44-13-1955"},"geometry":{"type":"Polygon","coordinates":[[[77.683454,12.71729],[77.683819,12.716936],[77.685634,12.71694],[77.687089,12.716233],[77.688541,12.716236],[77.689269,12.715882],[77.689282,12.711621],[77.688195,12.710908],[77.687105,12.710905],[77.685287,12.711967],[77.683836,12.711253],[77.682747,12.711251],[77.681656,12.711959],[77.681651,12.713379],[77.681287,12.713734],[77.681278,12.716575],[77.682365,12.717288],[77.683454,12.71729]]]}},{"type":"Feature","properties":{"histId":"ams-nd44-13-1955-0137","sheet":"ams-nd44-13-1955","year":1955,"scale":250000,"areaM2":241217,"name":null,"confidence":"high","source":"ams-nd44-13-1955"},"geometry":{"type":"Polygon","coordinates":[[[77.809448,12.713993],[77.809819,12.710798],[77.809096,12.709731],[77.808737,12.70831],[77.807649,12.707598],[77.806923,12.707597],[77.806196,12.707951],[77.80619,12.710436],[77.806912,12.711858],[77.806905,12.714699],[77.807992,12.715411],[77.809083,12.714703],[77.809448,12.713993]]]}},{"type":"Feature","properties":{"histId":"ams-nd44-13-1955-0138","sheet":"ams-nd44-13-1955","year":1955,"scale":250000,"areaM2":159016,"name":null,"confidence":"high","source":"ams-nd44-13-1955"},"geometry":{"type":"Polygon","coordinates":[[[77.724138,12.711696],[77.724142,12.710276],[77.722693,12.709207],[77.720878,12.709204],[77.72015,12.709557],[77.719782,12.711332],[77.721593,12.712757],[77.721592,12.713112],[77.722317,12.713468],[77.723773,12.712406],[77.724138,12.711696]]]}},{"type":"Feature","properties":{"histId":"ams-nd44-13-1955-0139","sheet":"ams-nd44-13-1955","year":1955,"scale":250000,"areaM2":80676,"name":null,"confidence":"medium","source":"ams-nd44-13-1955"},"geometry":{"type":"Polygon","coordinates":[[[77.681308,12.706986],[77.681312,12.705565],[77.680225,12.704852],[77.679499,12.704851],[77.678408,12.705558],[77.678403,12.706979],[77.67949,12.707692],[77.680216,12.707693],[77.681308,12.706986]]]}},{"type":"Feature","properties":{"histId":"ams-nd44-13-1955-0140","sheet":"ams-nd44-13-1955","year":1955,"scale":250000,"areaM2":148937,"name":null,"confidence":"medium","source":"ams-nd44-13-1955"},"geometry":{"type":"Polygon","coordinates":[[[77.698375,12.706314],[77.69838,12.704893],[77.696931,12.703824],[77.696566,12.704179],[77.695114,12.704176],[77.694387,12.704529],[77.694022,12.705239],[77.694018,12.706304],[77.695829,12.707729],[77.697283,12.707377],[77.698375,12.706314]]]}},{"type":"Feature","properties":{"histId":"ams-nd44-13-1955-0141","sheet":"ams-nd44-13-1955","year":1955,"scale":250000,"areaM2":108604,"name":null,"confidence":"medium","source":"ams-nd44-13-1955"},"geometry":{"type":"Polygon","coordinates":[[[77.660979,12.705518],[77.659893,12.70445],[77.658442,12.704091],[77.65735,12.704799],[77.657348,12.705509],[77.658072,12.706221],[77.658431,12.707288],[77.659883,12.707646],[77.660974,12.706939],[77.660979,12.705518]]]}},{"type":"Feature","properties":{"histId":"ams-nd44-13-1955-0142","sheet":"ams-nd44-13-1955","year":1955,"scale":250000,"areaM2":69037,"name":null,"confidence":"low","source":"ams-nd44-13-1955"},"geometry":{"type":"Polygon","coordinates":[[[77.719818,12.699257],[77.718732,12.69819],[77.717644,12.697832],[77.716917,12.698186],[77.716913,12.699251],[77.717636,12.700318],[77.718725,12.700676],[77.719816,12.699968],[77.719818,12.699257]]]}},{"type":"Feature","properties":{"histId":"ams-nd44-13-1955-0143","sheet":"ams-nd44-13-1955","year":1955,"scale":250000,"areaM2":636793,"name":null,"confidence":"high","source":"ams-nd44-13-1955"},"geometry":{"type":"Polygon","coordinates":[[[77.804768,12.69907],[77.804406,12.698714],[77.804409,12.697649],[77.803323,12.696582],[77.801147,12.695867],[77.799336,12.694088],[77.797161,12.693019],[77.795342,12.694436],[77.795338,12.695857],[77.796422,12.697989],[77.797869,12.699768],[77.797868,12.700123],[77.799678,12.701902],[77.800403,12.702258],[77.801855,12.702261],[77.802219,12.701906],[77.803308,12.701908],[77.804035,12.701555],[77.804763,12.700846],[77.804768,12.69907]]]}},{"type":"Feature","properties":{"histId":"ams-nd44-13-1955-0144","sheet":"ams-nd44-13-1955","year":1955,"scale":250000,"areaM2":100068,"name":null,"confidence":"medium","source":"ams-nd44-13-1955"},"geometry":{"type":"Polygon","coordinates":[[[77.696231,12.695299],[77.697325,12.693526],[77.697328,12.69246],[77.69624,12.692103],[77.695513,12.692456],[77.693692,12.694228],[77.69369,12.694938],[77.694777,12.695651],[77.696231,12.695299]]]}},{"type":"Feature","properties":{"histId":"ams-nd44-13-1955-0145","sheet":"ams-nd44-13-1955","year":1955,"scale":250000,"areaM2":119464,"name":null,"confidence":"medium","source":"ams-nd44-13-1955"},"geometry":{"type":"Polygon","coordinates":[[[77.677732,12.689575],[77.678459,12.689221],[77.678462,12.688156],[77.676287,12.687085],[77.675197,12.687438],[77.674835,12.687082],[77.673379,12.688144],[77.673377,12.688854],[77.674464,12.689567],[77.677732,12.689575]]]}},{"type":"Feature","properties":{"histId":"ams-nd44-13-1955-0146","sheet":"ams-nd44-13-1955","year":1955,"scale":250000,"areaM2":130309,"name":null,"confidence":"medium","source":"ams-nd44-13-1955"},"geometry":{"type":"Polygon","coordinates":[[[77.787751,12.682703],[77.789205,12.681995],[77.790657,12.681998],[77.791384,12.681644],[77.791386,12.680934],[77.787033,12.679861],[77.785578,12.680923],[77.785575,12.681989],[77.786662,12.682701],[77.787751,12.682703]]]}},{"type":"Feature","properties":{"histId":"ams-nd44-13-1955-0147","sheet":"ams-nd44-13-1955","year":1955,"scale":250000,"areaM2":89211,"name":null,"confidence":"medium","source":"ams-nd44-13-1955"},"geometry":{"type":"Polygon","coordinates":[[[77.665054,12.679956],[77.663966,12.679598],[77.663239,12.679952],[77.663236,12.681017],[77.664321,12.682085],[77.665046,12.682442],[77.666136,12.682445],[77.666498,12.682801],[77.667225,12.682447],[77.667227,12.681737],[77.665054,12.679956]]]}},{"type":"Feature","properties":{"histId":"ams-nd44-13-1955-0148","sheet":"ams-nd44-13-1955","year":1955,"scale":250000,"areaM2":107041,"name":null,"confidence":"medium","source":"ams-nd44-13-1955"},"geometry":{"type":"Polygon","coordinates":[[[77.776506,12.67984],[77.775782,12.679129],[77.775784,12.678418],[77.774697,12.677706],[77.773242,12.678769],[77.772875,12.680188],[77.774324,12.681257],[77.775776,12.681259],[77.776503,12.680906],[77.776506,12.67984]]]}},{"type":"Feature","properties":{"histId":"ams-nd44-13-1955-0149","sheet":"ams-nd44-13-1955","year":1955,"scale":250000,"areaM2":108598,"name":null,"confidence":"medium","source":"ams-nd44-13-1955"},"geometry":{"type":"Polygon","coordinates":[[[77.7297,12.672287],[77.728614,12.67122],[77.727526,12.670862],[77.726799,12.671216],[77.726796,12.672281],[77.727878,12.674414],[77.728965,12.675127],[77.730056,12.674419],[77.7297,12.672287]]]}},{"type":"Feature","properties":{"histId":"ams-nd44-13-1955-0150","sheet":"ams-nd44-13-1955","year":1955,"scale":250000,"areaM2":591067,"name":null,"confidence":"high","source":"ams-nd44-13-1955"},"geometry":{"type":"Polygon","coordinates":[[[77.759107,12.670928],[77.755119,12.669144],[77.754755,12.669498],[77.753302,12.66985],[77.751847,12.670913],[77.750035,12.669844],[77.748946,12.669842],[77.747127,12.671258],[77.747125,12.671969],[77.748211,12.673036],[77.749661,12.67375],[77.75075,12.673752],[77.751114,12.673397],[77.752564,12.674111],[77.754012,12.675534],[77.754737,12.675891],[77.75619,12.675538],[77.756919,12.674475],[77.758373,12.673767],[77.759465,12.672704],[77.759468,12.671639],[77.759107,12.670928]]]}},{"type":"Feature","properties":{"histId":"ams-nd44-13-1955-0151","sheet":"ams-nd44-13-1955","year":1955,"scale":250000,"areaM2":52745,"name":null,"confidence":"low","source":"ams-nd44-13-1955"},"geometry":{"type":"Polygon","coordinates":[[[77.776167,12.671317],[77.77508,12.670604],[77.773626,12.671312],[77.773985,12.672733],[77.77471,12.673089],[77.776164,12.672382],[77.776167,12.671317]]]}},{"type":"Feature","properties":{"histId":"ams-nd44-13-1955-0152","sheet":"ams-nd44-13-1955","year":1955,"scale":250000,"areaM2":65161,"name":null,"confidence":"low","source":"ams-nd44-13-1955"},"geometry":{"type":"Polygon","coordinates":[[[77.704296,12.669746],[77.702846,12.669033],[77.701754,12.669741],[77.70175,12.671161],[77.7032,12.671875],[77.704291,12.671167],[77.704296,12.669746]]]}},{"type":"Feature","properties":{"histId":"ams-nd44-13-1955-0153","sheet":"ams-nd44-13-1955","year":1955,"scale":250000,"areaM2":127993,"name":null,"confidence":"medium","source":"ams-nd44-13-1955"},"geometry":{"type":"Polygon","coordinates":[[[77.712646,12.669409],[77.714465,12.668348],[77.714467,12.667638],[77.713742,12.667281],[77.709385,12.667271],[77.708658,12.667625],[77.708655,12.66869],[77.710105,12.669404],[77.712646,12.669409]]]}},{"type":"Feature","properties":{"histId":"ams-nd44-13-1955-0154","sheet":"ams-nd44-13-1955","year":1955,"scale":250000,"areaM2":201680,"name":null,"confidence":"high","source":"ams-nd44-13-1955"},"geometry":{"type":"Polygon","coordinates":[[[77.744254,12.660598],[77.744617,12.660599],[77.744623,12.658468],[77.743537,12.6574],[77.742812,12.657044],[77.741723,12.657041],[77.741361,12.656686],[77.74027,12.657394],[77.740264,12.659524],[77.740986,12.660947],[77.742436,12.66166],[77.743162,12.661661],[77.743889,12.661308],[77.744254,12.660598]]]}},{"type":"Feature","properties":{"histId":"ams-nd44-13-1955-0155","sheet":"ams-nd44-13-1955","year":1955,"scale":250000,"areaM2":266080,"name":null,"confidence":"high","source":"ams-nd44-13-1955"},"geometry":{"type":"Polygon","coordinates":[[[77.685099,12.655496],[77.685103,12.654076],[77.685467,12.653722],[77.685474,12.651591],[77.683663,12.650166],[77.68221,12.650518],[77.681845,12.651227],[77.681118,12.65158],[77.681107,12.655132],[77.682917,12.656557],[77.684371,12.656205],[77.685099,12.655496]]]}},{"type":"Feature","properties":{"histId":"ams-nd44-13-1955-0156","sheet":"ams-nd44-13-1955","year":1955,"scale":250000,"areaM2":51197,"name":null,"confidence":"low","source":"ams-nd44-13-1955"},"geometry":{"type":"Polygon","coordinates":[[[77.720695,12.648473],[77.720698,12.647408],[77.719973,12.647051],[77.718883,12.647404],[77.718518,12.648113],[77.718515,12.649179],[77.71924,12.649535],[77.72033,12.649183],[77.720695,12.648473]]]}},{"type":"Feature","properties":{"histId":"ams-nd44-13-1955-0157","sheet":"ams-nd44-13-1955","year":1955,"scale":250000,"areaM2":52748,"name":null,"confidence":"low","source":"ams-nd44-13-1955"},"geometry":{"type":"Polygon","coordinates":[[[77.733797,12.636781],[77.732348,12.635713],[77.731621,12.636066],[77.731617,12.637487],[77.733065,12.638556],[77.733792,12.638202],[77.733797,12.636781]]]}},{"type":"Feature","properties":{"histId":"ams-nd44-13-1955-0158","sheet":"ams-nd44-13-1955","year":1955,"scale":250000,"areaM2":146618,"name":null,"confidence":"medium","source":"ams-nd44-13-1955"},"geometry":{"type":"Polygon","coordinates":[[[77.682651,12.625302],[77.682656,12.623881],[77.68302,12.623527],[77.682661,12.622105],[77.681575,12.621393],[77.680849,12.621391],[77.679758,12.622099],[77.679748,12.625295],[77.680834,12.626008],[77.68156,12.62601],[77.682651,12.625302]]]}},{"type":"Feature","properties":{"histId":"ams-nd44-13-1955-0159","sheet":"ams-nd44-13-1955","year":1955,"scale":250000,"areaM2":347528,"name":null,"confidence":"high","source":"ams-nd44-13-1955"},"geometry":{"type":"Polygon","coordinates":[[[77.714958,12.624665],[77.715322,12.624311],[77.715331,12.62147],[77.714609,12.620047],[77.713523,12.618979],[77.712798,12.618623],[77.711709,12.61862],[77.710254,12.619682],[77.710249,12.621458],[77.711334,12.622881],[77.71169,12.625013],[77.712053,12.625014],[77.713138,12.626437],[77.713863,12.626794],[77.714954,12.626086],[77.714958,12.624665]]]}},{"type":"Feature","properties":{"histId":"ams-nd44-9-1955-0001","sheet":"ams-nd44-9-1955","year":1955,"scale":250000,"areaM2":108307,"name":null,"confidence":"medium","source":"ams-nd44-9-1955"},"geometry":{"type":"Polygon","coordinates":[[[77.521873,13.462372],[77.520486,13.459653],[77.51944,13.458973],[77.518739,13.459313],[77.518731,13.461353],[77.520471,13.463392],[77.521168,13.463732],[77.521869,13.463392],[77.521873,13.462372]]]}},{"type":"Feature","properties":{"histId":"ams-nd44-9-1955-0002","sheet":"ams-nd44-9-1955","year":1955,"scale":250000,"areaM2":112582,"name":null,"confidence":"medium","source":"ams-nd44-9-1955"},"geometry":{"type":"Polygon","coordinates":[[[77.524004,13.454214],[77.522958,13.453534],[77.522963,13.452514],[77.522616,13.451834],[77.521918,13.451495],[77.521218,13.451835],[77.521212,13.453194],[77.522258,13.453874],[77.522599,13.455913],[77.523297,13.456253],[77.524695,13.456253],[77.525396,13.455913],[77.525401,13.454553],[77.524004,13.454214]]]}},{"type":"Feature","properties":{"histId":"ams-nd44-9-1955-0003","sheet":"ams-nd44-9-1955","year":1955,"scale":250000,"areaM2":711817,"name":null,"confidence":"high","source":"ams-nd44-9-1955"},"geometry":{"type":"Polygon","coordinates":[[[77.51776,13.442657],[77.517762,13.441977],[77.518815,13.440958],[77.519172,13.439258],[77.519877,13.437898],[77.521632,13.436198],[77.521637,13.434839],[77.519899,13.43246],[77.519559,13.43008],[77.518862,13.42974],[77.517461,13.43042],[77.517452,13.43246],[77.518146,13.433819],[77.517789,13.435519],[77.516387,13.436539],[77.515341,13.435859],[77.51394,13.436539],[77.51253,13.439259],[77.512522,13.441298],[77.513566,13.442318],[77.514963,13.442658],[77.516009,13.443337],[77.516708,13.443337],[77.51776,13.442657]]]}},{"type":"Feature","properties":{"histId":"ams-nd44-9-1955-0004","sheet":"ams-nd44-9-1955","year":1955,"scale":250000,"areaM2":106184,"name":null,"confidence":"medium","source":"ams-nd44-9-1955"},"geometry":{"type":"Polygon","coordinates":[[[77.633847,13.434458],[77.633854,13.432419],[77.633505,13.432419],[77.633158,13.431739],[77.63246,13.4314],[77.631759,13.43174],[77.631407,13.43242],[77.631396,13.435479],[77.632094,13.435819],[77.633144,13.435478],[77.633847,13.434458]]]}},{"type":"Feature","properties":{"histId":"ams-nd44-9-1955-0005","sheet":"ams-nd44-9-1955","year":1955,"scale":250000,"areaM2":111181,"name":null,"confidence":"medium","source":"ams-nd44-9-1955"},"geometry":{"type":"Polygon","coordinates":[[[77.697891,13.411978],[77.698241,13.411638],[77.698246,13.410278],[77.696851,13.40926],[77.695803,13.409261],[77.695102,13.409601],[77.6951,13.410281],[77.695795,13.41164],[77.69579,13.413],[77.696838,13.413339],[77.697888,13.412658],[77.697891,13.411978]]]}},{"type":"Feature","properties":{"histId":"ams-nd44-9-1955-0006","sheet":"ams-nd44-9-1955","year":1955,"scale":250000,"areaM2":57730,"name":null,"confidence":"low","source":"ams-nd44-9-1955"},"geometry":{"type":"Polygon","coordinates":[[[77.717831,13.406522],[77.717484,13.405842],[77.716786,13.405503],[77.716086,13.405844],[77.715734,13.406524],[77.715731,13.407544],[77.716078,13.408223],[77.716776,13.408562],[77.717476,13.408222],[77.717831,13.406522]]]}},{"type":"Feature","properties":{"histId":"ams-nd44-9-1955-0007","sheet":"ams-nd44-9-1955","year":1955,"scale":250000,"areaM2":128253,"name":null,"confidence":"medium","source":"ams-nd44-9-1955"},"geometry":{"type":"Polygon","coordinates":[[[77.52389,13.397108],[77.522142,13.397108],[77.521442,13.397448],[77.521786,13.398808],[77.522483,13.399148],[77.523876,13.400507],[77.524923,13.400847],[77.525623,13.400507],[77.525633,13.398128],[77.52389,13.397108]]]}},{"type":"Feature","properties":{"histId":"ams-nd44-9-1955-0008","sheet":"ams-nd44-9-1955","year":1955,"scale":250000,"areaM2":271491,"name":null,"confidence":"high","source":"ams-nd44-9-1955"},"geometry":{"type":"Polygon","coordinates":[[[77.583308,13.396412],[77.582259,13.396413],[77.57912,13.394714],[77.577369,13.395735],[77.575273,13.395396],[77.574573,13.395736],[77.574567,13.397095],[77.575963,13.397775],[77.577011,13.397774],[77.57736,13.398114],[77.578758,13.398114],[77.580158,13.397433],[77.58225,13.398792],[77.583298,13.398792],[77.58435,13.398112],[77.584353,13.397092],[77.583308,13.396412]]]}},{"type":"Feature","properties":{"histId":"ams-nd44-9-1955-0009","sheet":"ams-nd44-9-1955","year":1955,"scale":250000,"areaM2":91926,"name":null,"confidence":"medium","source":"ams-nd44-9-1955"},"geometry":{"type":"Polygon","coordinates":[[[77.612666,13.396399],[77.612669,13.39538],[77.611275,13.394361],[77.610225,13.394701],[77.609873,13.395381],[77.609865,13.39776],[77.610562,13.3981],[77.611263,13.39776],[77.612666,13.396399]]]}},{"type":"Feature","properties":{"histId":"ams-nd44-9-1955-0010","sheet":"ams-nd44-9-1955","year":1955,"scale":250000,"areaM2":300777,"name":null,"confidence":"high","source":"ams-nd44-9-1955"},"geometry":{"type":"Polygon","coordinates":[[[77.747938,13.390857],[77.748288,13.390516],[77.748297,13.387797],[77.74725,13.387118],[77.746202,13.387119],[77.745504,13.38678],[77.74446,13.385422],[77.744461,13.385082],[77.743763,13.384742],[77.742715,13.384744],[77.742015,13.385084],[77.741314,13.385765],[77.741311,13.386445],[77.74166,13.386784],[77.743057,13.387123],[77.743405,13.387462],[77.743756,13.387122],[77.744802,13.387801],[77.745145,13.38984],[77.744794,13.39018],[77.744792,13.39086],[77.745141,13.391199],[77.745486,13.392559],[77.746883,13.392897],[77.747583,13.392556],[77.747934,13.391876],[77.747938,13.390857]]]}},{"type":"Feature","properties":{"histId":"ams-nd44-9-1955-0011","sheet":"ams-nd44-9-1955","year":1955,"scale":250000,"areaM2":171051,"name":null,"confidence":"high","source":"ams-nd44-9-1955"},"geometry":{"type":"Polygon","coordinates":[[[77.719639,13.387825],[77.718248,13.385787],[77.717201,13.385448],[77.715799,13.386469],[77.715448,13.387149],[77.715443,13.388509],[77.715791,13.389188],[77.717884,13.390206],[77.719635,13.389185],[77.719639,13.387825]]]}},{"type":"Feature","properties":{"histId":"ams-nd44-9-1955-0012","sheet":"ams-nd44-9-1955","year":1955,"scale":250000,"areaM2":183164,"name":null,"confidence":"high","source":"ams-nd44-9-1955"},"geometry":{"type":"Polygon","coordinates":[[[77.709157,13.387155],[77.70916,13.386135],[77.708114,13.385456],[77.705662,13.387158],[77.704614,13.387159],[77.703914,13.387499],[77.70391,13.388519],[77.704608,13.388858],[77.706006,13.388857],[77.70775,13.389875],[77.708799,13.389874],[77.709499,13.389534],[77.709505,13.387494],[77.709157,13.387155]]]}},{"type":"Feature","properties":{"histId":"ams-nd44-9-1955-0013","sheet":"ams-nd44-9-1955","year":1955,"scale":250000,"areaM2":59865,"name":null,"confidence":"low","source":"ams-nd44-9-1955"},"geometry":{"type":"Polygon","coordinates":[[[77.690638,13.386151],[77.689244,13.385132],[77.688193,13.385813],[77.688189,13.386833],[77.688537,13.387512],[77.689933,13.387851],[77.690633,13.38751],[77.690638,13.386151]]]}},{"type":"Feature","properties":{"histId":"ams-nd44-9-1955-0014","sheet":"ams-nd44-9-1955","year":1955,"scale":250000,"areaM2":129716,"name":null,"confidence":"medium","source":"ams-nd44-9-1955"},"geometry":{"type":"Polygon","coordinates":[[[77.73363,13.384073],[77.731884,13.383735],[77.731534,13.384075],[77.730135,13.384416],[77.730131,13.385436],[77.730481,13.385435],[77.730828,13.386115],[77.731178,13.386115],[77.732572,13.387133],[77.733971,13.386792],[77.734672,13.386111],[77.734677,13.384752],[77.73363,13.384073]]]}},{"type":"Feature","properties":{"histId":"ams-nd44-9-1955-0015","sheet":"ams-nd44-9-1955","year":1955,"scale":250000,"areaM2":181038,"name":null,"confidence":"high","source":"ams-nd44-9-1955"},"geometry":{"type":"Polygon","coordinates":[[[77.753549,13.384392],[77.754601,13.383372],[77.755304,13.382011],[77.754963,13.379292],[77.754265,13.378953],[77.753216,13.379294],[77.752515,13.379975],[77.752513,13.380654],[77.751811,13.381675],[77.751803,13.384054],[77.75215,13.384734],[77.752848,13.385073],[77.753548,13.384732],[77.753549,13.384392]]]}},{"type":"Feature","properties":{"histId":"ams-nd44-9-1955-0016","sheet":"ams-nd44-9-1955","year":1955,"scale":250000,"areaM2":51309,"name":null,"confidence":"low","source":"ams-nd44-9-1955"},"geometry":{"type":"Polygon","coordinates":[[[77.634049,13.378712],[77.633003,13.378033],[77.632304,13.378034],[77.631604,13.378374],[77.631601,13.379054],[77.632297,13.380073],[77.632994,13.380412],[77.634045,13.379732],[77.634049,13.378712]]]}},{"type":"Feature","properties":{"histId":"ams-nd44-9-1955-0017","sheet":"ams-nd44-9-1955","year":1955,"scale":250000,"areaM2":114722,"name":null,"confidence":"medium","source":"ams-nd44-9-1955"},"geometry":{"type":"Polygon","coordinates":[[[77.576753,13.374321],[77.576404,13.373981],[77.57606,13.372621],[77.575014,13.371942],[77.573963,13.372622],[77.573611,13.373302],[77.573606,13.374662],[77.574649,13.376021],[77.575347,13.376361],[77.576398,13.37568],[77.576753,13.374321]]]}},{"type":"Feature","properties":{"histId":"ams-nd44-9-1955-0018","sheet":"ams-nd44-9-1955","year":1955,"scale":250000,"areaM2":123284,"name":null,"confidence":"medium","source":"ams-nd44-9-1955"},"geometry":{"type":"Polygon","coordinates":[[[77.638271,13.370892],[77.640024,13.369191],[77.640724,13.368851],[77.640728,13.367831],[77.64003,13.367492],[77.638982,13.367492],[77.638282,13.367833],[77.637579,13.368853],[77.636179,13.369534],[77.636173,13.371233],[77.636871,13.371573],[77.638271,13.370892]]]}},{"type":"Feature","properties":{"histId":"ams-nd44-9-1955-0019","sheet":"ams-nd44-9-1955","year":1955,"scale":250000,"areaM2":229510,"name":null,"confidence":"high","source":"ams-nd44-9-1955"},"geometry":{"type":"Polygon","coordinates":[[[77.776667,13.367031],[77.777017,13.366691],[77.779463,13.366688],[77.780163,13.366348],[77.780166,13.365328],[77.779123,13.363629],[77.779125,13.36295],[77.778428,13.362271],[77.77773,13.361932],[77.77703,13.362272],[77.777029,13.362612],[77.775628,13.363973],[77.775627,13.364313],[77.774225,13.365675],[77.774223,13.366354],[77.775269,13.367033],[77.776667,13.367031]]]}},{"type":"Feature","properties":{"histId":"ams-nd44-9-1955-0020","sheet":"ams-nd44-9-1955","year":1955,"scale":250000,"areaM2":143967,"name":null,"confidence":"medium","source":"ams-nd44-9-1955"},"geometry":{"type":"Polygon","coordinates":[[[77.722862,13.364028],[77.722166,13.363009],[77.721821,13.36165],[77.720426,13.360632],[77.719726,13.360972],[77.719375,13.361652],[77.719715,13.364371],[77.720411,13.36539],[77.721808,13.365729],[77.722858,13.365048],[77.722862,13.364028]]]}},{"type":"Feature","properties":{"histId":"ams-nd44-9-1955-0021","sheet":"ams-nd44-9-1955","year":1955,"scale":250000,"areaM2":282236,"name":null,"confidence":"high","source":"ams-nd44-9-1955"},"geometry":{"type":"Polygon","coordinates":[[[77.73055,13.363681],[77.731247,13.36436],[77.731945,13.3647],[77.732993,13.364699],[77.734394,13.363677],[77.734746,13.362997],[77.735106,13.359598],[77.734408,13.359259],[77.733358,13.35994],[77.730562,13.359942],[77.728811,13.361304],[77.728809,13.361983],[77.730201,13.363682],[77.73055,13.363681]]]}},{"type":"Feature","properties":{"histId":"ams-nd44-9-1955-0022","sheet":"ams-nd44-9-1955","year":1955,"scale":250000,"areaM2":277180,"name":null,"confidence":"high","source":"ams-nd44-9-1955"},"geometry":{"type":"Polygon","coordinates":[[[77.569463,13.361747],[77.569115,13.361407],[77.569117,13.360727],[77.567726,13.359028],[77.567727,13.358688],[77.566332,13.358009],[77.565633,13.358009],[77.563881,13.359369],[77.563529,13.360049],[77.563521,13.362088],[77.564567,13.362768],[77.565615,13.362768],[77.565963,13.363107],[77.567011,13.363107],[77.567359,13.363447],[77.568759,13.363107],[77.56946,13.362426],[77.569463,13.361747]]]}},{"type":"Feature","properties":{"histId":"ams-nd44-9-1955-0023","sheet":"ams-nd44-9-1955","year":1955,"scale":250000,"areaM2":119713,"name":null,"confidence":"medium","source":"ams-nd44-9-1955"},"geometry":{"type":"Polygon","coordinates":[[[77.600217,13.361055],[77.600226,13.358675],[77.598831,13.357996],[77.59813,13.358336],[77.596727,13.359697],[77.596724,13.360716],[77.598118,13.361735],[77.599166,13.361735],[77.600217,13.361055]]]}},{"type":"Feature","properties":{"histId":"ams-nd44-9-1955-0024","sheet":"ams-nd44-9-1955","year":1955,"scale":250000,"areaM2":510227,"name":null,"confidence":"high","source":"ams-nd44-9-1955"},"geometry":{"type":"Polygon","coordinates":[[[77.626421,13.362061],[77.627466,13.36308],[77.628513,13.36342],[77.629213,13.363079],[77.629223,13.36036],[77.629575,13.35968],[77.630977,13.35866],[77.631325,13.358999],[77.631675,13.358659],[77.633073,13.358658],[77.633773,13.358318],[77.633778,13.356958],[77.633081,13.356619],[77.630984,13.35662],[77.630633,13.35696],[77.629585,13.356961],[77.62819,13.356282],[77.627491,13.356282],[77.627143,13.355942],[77.625395,13.355943],[77.623643,13.357304],[77.623633,13.360023],[77.624677,13.361382],[77.626421,13.362061]]]}},{"type":"Feature","properties":{"histId":"ams-nd44-9-1955-0025","sheet":"ams-nd44-9-1955","year":1955,"scale":250000,"areaM2":712527,"name":null,"confidence":"high","source":"ams-nd44-9-1955"},"geometry":{"type":"Polygon","coordinates":[[[77.553748,13.359032],[77.551653,13.358693],[77.54956,13.357674],[77.548864,13.356994],[77.548519,13.355974],[77.546777,13.354615],[77.545378,13.354955],[77.543983,13.354276],[77.543284,13.354276],[77.542936,13.353936],[77.542236,13.354276],[77.542232,13.355296],[77.545712,13.358694],[77.546753,13.360733],[77.546747,13.362093],[77.547095,13.362433],[77.547087,13.364472],[77.547782,13.365492],[77.54848,13.365832],[77.54988,13.365151],[77.550586,13.363452],[77.55164,13.362092],[77.55374,13.361072],[77.554789,13.361071],[77.555489,13.360731],[77.555492,13.360051],[77.553748,13.359032]]]}},{"type":"Feature","properties":{"histId":"ams-nd44-9-1955-0026","sheet":"ams-nd44-9-1955","year":1955,"scale":250000,"areaM2":846071,"name":null,"confidence":"high","source":"ams-nd44-9-1955"},"geometry":{"type":"Polygon","coordinates":[[[77.793807,13.360893],[77.795907,13.35987],[77.797309,13.358509],[77.798708,13.357828],[77.799409,13.357147],[77.801158,13.356465],[77.802911,13.354423],[77.803268,13.352043],[77.801874,13.350686],[77.800478,13.350008],[77.79943,13.350009],[77.79873,13.35035],[77.79067,13.358517],[77.790318,13.359197],[77.790314,13.360557],[77.791012,13.360896],[77.793807,13.360893]]]}},{"type":"Feature","properties":{"histId":"ams-nd44-9-1955-0027","sheet":"ams-nd44-9-1955","year":1955,"scale":250000,"areaM2":221615,"name":null,"confidence":"high","source":"ams-nd44-9-1955"},"geometry":{"type":"Polygon","coordinates":[[[77.609676,13.354592],[77.612471,13.354591],[77.612822,13.354251],[77.61422,13.35425],[77.61562,13.353569],[77.615623,13.35289],[77.613879,13.351871],[77.612481,13.351871],[77.611784,13.351532],[77.611433,13.351872],[77.610734,13.351872],[77.609339,13.351193],[77.607939,13.351874],[77.607934,13.353233],[77.609676,13.354592]]]}},{"type":"Feature","properties":{"histId":"ams-nd44-9-1955-0028","sheet":"ams-nd44-9-1955","year":1955,"scale":250000,"areaM2":307926,"name":null,"confidence":"high","source":"ams-nd44-9-1955"},"geometry":{"type":"Polygon","coordinates":[[[77.812365,13.347613],[77.815161,13.347609],[77.816211,13.346928],[77.816218,13.344209],[77.815172,13.343531],[77.814124,13.343532],[77.813424,13.343873],[77.810972,13.345915],[77.808523,13.347278],[77.807822,13.347959],[77.807472,13.347959],[77.807122,13.3483],[77.807119,13.349319],[77.808166,13.349658],[77.812365,13.347613]]]}},{"type":"Feature","properties":{"histId":"ams-nd44-9-1955-0029","sheet":"ams-nd44-9-1955","year":1955,"scale":250000,"areaM2":489535,"name":null,"confidence":"high","source":"ams-nd44-9-1955"},"geometry":{"type":"Polygon","coordinates":[[[77.596419,13.34882],[77.597818,13.348479],[77.599222,13.346779],[77.599226,13.345759],[77.597839,13.343041],[77.596445,13.342022],[77.595046,13.342362],[77.594343,13.343382],[77.593643,13.343722],[77.592245,13.343723],[77.591194,13.344403],[77.591189,13.345763],[77.591536,13.346443],[77.592232,13.347122],[77.592925,13.348821],[77.593971,13.349501],[77.596068,13.34916],[77.596419,13.34882]]]}},{"type":"Feature","properties":{"histId":"ams-nd44-9-1955-0030","sheet":"ams-nd44-9-1955","year":1955,"scale":250000,"areaM2":517976,"name":null,"confidence":"high","source":"ams-nd44-9-1955"},"geometry":{"type":"Polygon","coordinates":[[[77.511859,13.348503],[77.513256,13.348503],[77.514657,13.347823],[77.515709,13.346803],[77.516062,13.346123],[77.516076,13.342724],[77.515379,13.342044],[77.514682,13.341705],[77.513282,13.342385],[77.510137,13.342385],[77.509437,13.342725],[77.509084,13.343405],[77.509069,13.347144],[77.508718,13.347484],[77.508712,13.348843],[77.50906,13.349183],[77.510107,13.349523],[77.511859,13.348503]]]}},{"type":"Feature","properties":{"histId":"ams-nd44-9-1955-0031","sheet":"ams-nd44-9-1955","year":1955,"scale":250000,"areaM2":267229,"name":null,"confidence":"high","source":"ams-nd44-9-1955"},"geometry":{"type":"Polygon","coordinates":[[[77.634878,13.342682],[77.636275,13.343021],[77.638725,13.34166],[77.640472,13.341659],[77.641173,13.341318],[77.641874,13.340638],[77.641877,13.339618],[77.64118,13.339279],[77.639083,13.33928],[77.638038,13.338601],[77.63664,13.338602],[77.63524,13.339282],[77.634887,13.340302],[77.633836,13.340983],[77.633834,13.341663],[77.634879,13.342342],[77.634878,13.342682]]]}},{"type":"Feature","properties":{"histId":"ams-nd44-9-1955-0032","sheet":"ams-nd44-9-1955","year":1955,"scale":250000,"areaM2":92651,"name":null,"confidence":"medium","source":"ams-nd44-9-1955"},"geometry":{"type":"Polygon","coordinates":[[[77.730281,13.338528],[77.729236,13.33751],[77.729238,13.33717],[77.72854,13.336831],[77.72784,13.337171],[77.727831,13.33989],[77.728178,13.34057],[77.729226,13.340909],[77.730276,13.340228],[77.730281,13.338528]]]}},{"type":"Feature","properties":{"histId":"ams-nd44-9-1955-0033","sheet":"ams-nd44-9-1955","year":1955,"scale":250000,"areaM2":57722,"name":null,"confidence":"low","source":"ams-nd44-9-1955"},"geometry":{"type":"Polygon","coordinates":[[[77.647832,13.335536],[77.647836,13.334516],[77.64679,13.333837],[77.645389,13.334857],[77.645384,13.336217],[77.646081,13.336557],[77.647131,13.336216],[77.647832,13.335536]]]}},{"type":"Feature","properties":{"histId":"ams-nd44-9-1955-0034","sheet":"ams-nd44-9-1955","year":1955,"scale":250000,"areaM2":288630,"name":null,"confidence":"high","source":"ams-nd44-9-1955"},"geometry":{"type":"Polygon","coordinates":[[[77.696062,13.331761],[77.694666,13.331422],[77.693615,13.332103],[77.693261,13.333463],[77.69256,13.334143],[77.692557,13.335163],[77.693953,13.335502],[77.694302,13.335841],[77.695699,13.33584],[77.697791,13.337198],[77.69954,13.336517],[77.699546,13.334817],[77.696062,13.331761]]]}},{"type":"Feature","properties":{"histId":"ams-nd44-9-1955-0035","sheet":"ams-nd44-9-1955","year":1955,"scale":250000,"areaM2":54173,"name":null,"confidence":"low","source":"ams-nd44-9-1955"},"geometry":{"type":"Polygon","coordinates":[[[77.829189,13.328896],[77.828492,13.328217],[77.828493,13.327877],[77.827795,13.327538],[77.827095,13.327879],[77.827092,13.329239],[77.827789,13.329918],[77.827788,13.330258],[77.828485,13.330597],[77.829185,13.330256],[77.829189,13.328896]]]}},{"type":"Feature","properties":{"histId":"ams-nd44-9-1955-0036","sheet":"ams-nd44-9-1955","year":1955,"scale":250000,"areaM2":355583,"name":null,"confidence":"high","source":"ams-nd44-9-1955"},"geometry":{"type":"Polygon","coordinates":[[[77.627932,13.331129],[77.626539,13.32977],[77.62619,13.32977],[77.62375,13.328072],[77.622701,13.328413],[77.620245,13.331133],[77.620241,13.332153],[77.621635,13.333172],[77.62478,13.33317],[77.625128,13.33351],[77.626176,13.333509],[77.626524,13.333849],[77.628275,13.332828],[77.628279,13.331809],[77.627932,13.331129]]]}},{"type":"Feature","properties":{"histId":"ams-nd44-9-1955-0037","sheet":"ams-nd44-9-1955","year":1955,"scale":250000,"areaM2":636311,"name":null,"confidence":"high","source":"ams-nd44-9-1955"},"geometry":{"type":"Polygon","coordinates":[[[77.592984,13.333186],[77.591941,13.331827],[77.591942,13.331487],[77.5902,13.330128],[77.590202,13.329788],[77.589157,13.328769],[77.588811,13.328089],[77.588816,13.326729],[77.587422,13.32571],[77.586722,13.32605],[77.584975,13.326051],[77.584275,13.326391],[77.583574,13.327071],[77.583571,13.327751],[77.584266,13.328771],[77.584263,13.32945],[77.584611,13.32979],[77.584606,13.33115],[77.5853,13.332509],[77.58704,13.334208],[77.58739,13.334208],[77.588783,13.335227],[77.591228,13.335566],[77.591928,13.335226],[77.59298,13.334205],[77.592984,13.333186]]]}},{"type":"Feature","properties":{"histId":"ams-nd44-9-1955-0038","sheet":"ams-nd44-9-1955","year":1955,"scale":250000,"areaM2":656189,"name":null,"confidence":"high","source":"ams-nd44-9-1955"},"geometry":{"type":"Polygon","coordinates":[[[77.514045,13.326749],[77.515451,13.324709],[77.515457,13.32335],[77.51511,13.32267],[77.514063,13.32233],[77.511961,13.32369],[77.510214,13.32369],[77.50882,13.323011],[77.508121,13.323011],[77.50777,13.323351],[77.507422,13.323011],[77.506722,13.323351],[77.506719,13.324031],[77.507068,13.324031],[77.50846,13.32539],[77.509153,13.32675],[77.509149,13.327769],[77.509497,13.328109],[77.509484,13.331168],[77.509134,13.331508],[77.509131,13.332188],[77.510526,13.332868],[77.511224,13.332868],[77.511572,13.333207],[77.512271,13.333207],[77.512619,13.333547],[77.51332,13.333207],[77.514021,13.332527],[77.514045,13.326749]]]}},{"type":"Feature","properties":{"histId":"ams-nd44-9-1955-0039","sheet":"ams-nd44-9-1955","year":1955,"scale":250000,"areaM2":696116,"name":null,"confidence":"high","source":"ams-nd44-9-1955"},"geometry":{"type":"Polygon","coordinates":[[[77.544786,13.328103],[77.543052,13.325044],[77.543057,13.323685],[77.542711,13.323005],[77.541314,13.322666],[77.540964,13.323006],[77.540265,13.323006],[77.538174,13.321647],[77.537475,13.321647],[77.537127,13.321307],[77.536427,13.321647],[77.534669,13.324366],[77.534664,13.325726],[77.53536,13.326406],[77.537452,13.327425],[77.538151,13.327425],[77.539546,13.328104],[77.540938,13.329464],[77.540936,13.329804],[77.542675,13.331843],[77.543373,13.332182],[77.544073,13.331842],[77.544777,13.330483],[77.544786,13.328103]]]}},{"type":"Feature","properties":{"histId":"ams-nd44-9-1955-0040","sheet":"ams-nd44-9-1955","year":1955,"scale":250000,"areaM2":208059,"name":null,"confidence":"high","source":"ams-nd44-9-1955"},"geometry":{"type":"Polygon","coordinates":[[[77.569251,13.326397],[77.569602,13.326057],[77.569606,13.325037],[77.569956,13.324697],[77.56996,13.323677],[77.569614,13.322998],[77.568916,13.322658],[77.567868,13.322658],[77.566466,13.323678],[77.566114,13.324358],[77.566106,13.326398],[77.566453,13.327077],[77.567845,13.328437],[77.568543,13.328776],[77.569243,13.328436],[77.569251,13.326397]]]}},{"type":"Feature","properties":{"histId":"ams-nd44-9-1955-0041","sheet":"ams-nd44-9-1955","year":1955,"scale":250000,"areaM2":1093258,"name":null,"confidence":"high","source":"ams-nd44-9-1955"},"geometry":{"type":"Polygon","coordinates":[[[77.715297,13.326306],[77.715645,13.326645],[77.716695,13.325965],[77.718441,13.326303],[77.718792,13.325963],[77.723683,13.325958],[77.724383,13.325618],[77.724737,13.324258],[77.723345,13.32256],[77.723354,13.31984],[77.723005,13.319501],[77.723368,13.315422],[77.72267,13.315082],[77.72127,13.315763],[77.719518,13.317465],[77.71812,13.317806],[77.717769,13.318146],[77.716721,13.318147],[77.713222,13.31985],[77.711821,13.320871],[77.711817,13.32189],[77.714256,13.323928],[77.714254,13.324607],[77.713553,13.325288],[77.713549,13.326647],[77.714246,13.326987],[77.715297,13.326306]]]}},{"type":"Feature","properties":{"histId":"ams-nd44-9-1955-0042","sheet":"ams-nd44-9-1955","year":1955,"scale":250000,"areaM2":54177,"name":null,"confidence":"low","source":"ams-nd44-9-1955"},"geometry":{"type":"Polygon","coordinates":[[[77.886515,13.317935],[77.887215,13.317594],[77.887218,13.316234],[77.88652,13.315895],[77.885472,13.315897],[77.884773,13.316238],[77.884769,13.317598],[77.885467,13.317936],[77.886515,13.317935]]]}},{"type":"Feature","properties":{"histId":"ams-nd44-9-1955-0043","sheet":"ams-nd44-9-1955","year":1955,"scale":250000,"areaM2":1114439,"name":null,"confidence":"high","source":"ams-nd44-9-1955"},"geometry":{"type":"Polygon","coordinates":[[[77.603869,13.318905],[77.603525,13.317545],[77.603177,13.317206],[77.603179,13.316526],[77.60388,13.315846],[77.603887,13.314146],[77.601796,13.312788],[77.600049,13.312788],[77.598998,13.313469],[77.596203,13.31347],[77.595855,13.31313],[77.593409,13.313131],[77.593061,13.312792],[77.590266,13.312793],[77.589216,13.313473],[77.588864,13.314153],[77.588855,13.316532],[77.587801,13.317892],[77.587797,13.318912],[77.588495,13.319252],[77.594784,13.319249],[77.595134,13.318909],[77.596183,13.318908],[77.596533,13.318568],[77.600028,13.318227],[77.600726,13.318566],[77.602466,13.320265],[77.602465,13.320605],[77.603161,13.321285],[77.603859,13.321624],[77.604559,13.321284],[77.604565,13.319584],[77.603869,13.318905]]]}},{"type":"Feature","properties":{"histId":"ams-nd44-9-1955-0044","sheet":"ams-nd44-9-1955","year":1955,"scale":250000,"areaM2":1180133,"name":null,"confidence":"high","source":"ams-nd44-9-1955"},"geometry":{"type":"Polygon","coordinates":[[[77.691919,13.317149],[77.691921,13.316469],[77.691574,13.315789],[77.690179,13.315111],[77.688432,13.315112],[77.687037,13.314433],[77.686338,13.314434],[77.68599,13.314094],[77.684941,13.314095],[77.684593,13.313756],[77.683545,13.313756],[77.683195,13.314097],[77.680749,13.314098],[77.679703,13.313419],[77.678306,13.313421],[77.676911,13.312742],[77.67517,13.311044],[77.674472,13.310704],[77.673073,13.311045],[77.672372,13.311725],[77.670972,13.312406],[77.669227,13.312068],[77.668879,13.311728],[77.66783,13.311729],[77.667131,13.312069],[77.666776,13.313429],[77.665024,13.31513],[77.665021,13.31581],[77.666068,13.316149],[77.668868,13.314787],[77.669566,13.315127],[77.669916,13.314786],[77.671311,13.315465],[77.671658,13.316145],[77.672008,13.316144],[77.673052,13.317163],[77.674447,13.317842],[77.675845,13.317841],[77.678295,13.31648],[77.679693,13.316479],[77.680041,13.316818],[77.680391,13.316478],[77.68144,13.316477],[77.681788,13.316817],[77.683535,13.316816],[77.683885,13.316475],[77.685283,13.316474],[77.686678,13.317153],[77.689812,13.32021],[77.69051,13.320549],[77.69156,13.319868],[77.691568,13.317489],[77.691919,13.317149]]]}},{"type":"Feature","properties":{"histId":"ams-nd44-9-1955-0045","sheet":"ams-nd44-9-1955","year":1955,"scale":250000,"areaM2":2262229,"name":null,"confidence":"high","source":"ams-nd44-9-1955"},"geometry":{"type":"Polygon","coordinates":[[[77.760744,13.317423],[77.761093,13.317763],[77.762839,13.317761],[77.763188,13.3181],[77.766682,13.318096],[77.768431,13.317075],[77.770179,13.316733],[77.77053,13.316392],[77.771927,13.316391],[77.775416,13.318086],[77.776115,13.318086],[77.777514,13.317404],[77.779266,13.315703],[77.779615,13.315702],[77.781018,13.314001],[77.785566,13.311956],[77.786617,13.310935],[77.786968,13.310255],[77.786976,13.307536],[77.787327,13.307196],[77.78733,13.306176],[77.786283,13.305497],[77.785233,13.306178],[77.78104,13.306523],[77.78069,13.306864],[77.779642,13.306865],[77.779291,13.307205],[77.778243,13.307206],[77.777893,13.307547],[77.776495,13.307548],[77.776145,13.307889],[77.775447,13.307549],[77.77405,13.307551],[77.772299,13.308913],[77.771596,13.310273],[77.770195,13.311634],[77.769495,13.311975],[77.767749,13.311637],[77.767401,13.311297],[77.764955,13.3113],[77.763556,13.311982],[77.761453,13.314023],[77.761102,13.314703],[77.760753,13.314704],[77.759701,13.315725],[77.758652,13.316066],[77.75865,13.316745],[77.759696,13.317424],[77.760744,13.317423]]]}},{"type":"Feature","properties":{"histId":"ams-nd44-9-1955-0046","sheet":"ams-nd44-9-1955","year":1955,"scale":250000,"areaM2":153209,"name":null,"confidence":"high","source":"ams-nd44-9-1955"},"geometry":{"type":"Polygon","coordinates":[[[77.639519,13.315147],[77.64057,13.314466],[77.640574,13.313447],[77.63883,13.312428],[77.637433,13.312429],[77.636735,13.312089],[77.634984,13.31345],[77.634981,13.31413],[77.636375,13.315149],[77.639519,13.315147]]]}},{"type":"Feature","properties":{"histId":"ams-nd44-9-1955-0047","sheet":"ams-nd44-9-1955","year":1955,"scale":250000,"areaM2":1155008,"name":null,"confidence":"high","source":"ams-nd44-9-1955"},"geometry":{"type":"Polygon","coordinates":[[[77.578719,13.317556],[77.578368,13.317896],[77.577322,13.317217],[77.577325,13.316537],[77.576977,13.316197],[77.576982,13.314837],[77.577333,13.314497],[77.577336,13.313817],[77.576638,13.313478],[77.575587,13.314158],[77.575239,13.313818],[77.573492,13.313819],[77.56896,13.311441],[77.565133,13.307364],[77.564086,13.307024],[77.563386,13.307364],[77.56338,13.308724],[77.563728,13.309064],[77.563712,13.313142],[77.562662,13.313822],[77.561264,13.313823],[77.560564,13.314163],[77.560561,13.314843],[77.561607,13.315522],[77.561606,13.315862],[77.563002,13.316202],[77.56335,13.316541],[77.564747,13.316541],[77.566142,13.31722],[77.566841,13.31722],[77.567189,13.31756],[77.568237,13.31756],[77.568585,13.317899],[77.571728,13.318238],[77.572076,13.318578],[77.574522,13.318577],[77.574873,13.318237],[77.57662,13.318236],[77.57697,13.317896],[77.579061,13.319255],[77.580111,13.318915],[77.580114,13.318235],[77.578719,13.317556]]]}},{"type":"Feature","properties":{"histId":"ams-nd44-9-1955-0048","sheet":"ams-nd44-9-1955","year":1955,"scale":250000,"areaM2":1117872,"name":null,"confidence":"high","source":"ams-nd44-9-1955"},"geometry":{"type":"Polygon","coordinates":[[[77.52352,13.316551],[77.521434,13.314172],[77.521445,13.311453],[77.520752,13.310093],[77.520054,13.309753],[77.517967,13.307714],[77.516572,13.307035],[77.515174,13.307035],[77.514474,13.307375],[77.513771,13.308394],[77.513416,13.309754],[77.512013,13.311114],[77.509565,13.311794],[77.509558,13.313493],[77.510254,13.314173],[77.513043,13.315532],[77.514091,13.315532],[77.514442,13.315192],[77.516534,13.316212],[77.517578,13.317231],[77.518973,13.317911],[77.519672,13.317911],[77.52002,13.318251],[77.522116,13.31825],[77.522464,13.31859],[77.523512,13.31859],[77.52386,13.31893],[77.524908,13.31893],[77.525608,13.31859],[77.525613,13.31757],[77.52352,13.316551]]]}},{"type":"Feature","properties":{"histId":"ams-nd44-9-1955-0049","sheet":"ams-nd44-9-1955","year":1955,"scale":250000,"areaM2":392016,"name":null,"confidence":"high","source":"ams-nd44-9-1955"},"geometry":{"type":"Polygon","coordinates":[[[77.79151,13.31025],[77.791512,13.30957],[77.791163,13.30923],[77.791167,13.307871],[77.792568,13.306849],[77.796411,13.306845],[77.796761,13.306504],[77.799207,13.306501],[77.799557,13.306161],[77.801303,13.306499],[77.802703,13.305477],[77.802706,13.304458],[77.80201,13.303439],[77.801313,13.3031],[77.799563,13.304122],[77.798515,13.304123],[77.798164,13.304463],[77.796418,13.304465],[77.796067,13.304806],[77.793273,13.304809],[77.792922,13.30515],[77.792223,13.30515],[77.790823,13.306172],[77.790474,13.306172],[77.790473,13.306512],[77.789772,13.307193],[77.789072,13.307533],[77.789068,13.308893],[77.789417,13.309233],[77.789415,13.309912],[77.790461,13.310591],[77.79151,13.31025]]]}},{"type":"Feature","properties":{"histId":"ams-nd44-9-1955-0050","sheet":"ams-nd44-9-1955","year":1955,"scale":250000,"areaM2":56286,"name":null,"confidence":"low","source":"ams-nd44-9-1955"},"geometry":{"type":"Polygon","coordinates":[[[77.527047,13.308393],[77.526704,13.307033],[77.526006,13.306693],[77.524605,13.307713],[77.524599,13.309073],[77.525296,13.309413],[77.526346,13.309072],[77.527047,13.308393]]]}},{"type":"Feature","properties":{"histId":"ams-nd44-9-1955-0051","sheet":"ams-nd44-9-1955","year":1955,"scale":250000,"areaM2":320062,"name":null,"confidence":"high","source":"ams-nd44-9-1955"},"geometry":{"type":"Polygon","coordinates":[[[77.875019,13.305037],[77.873974,13.304018],[77.873977,13.302659],[77.87328,13.30198],[77.870489,13.300625],[77.86944,13.300966],[77.869437,13.302326],[77.868385,13.303687],[77.868382,13.305047],[77.869079,13.305725],[77.869776,13.306064],[77.870825,13.306063],[77.871173,13.306402],[77.873968,13.306398],[77.875018,13.305716],[77.875019,13.305037]]]}},{"type":"Feature","properties":{"histId":"ams-nd44-9-1955-0052","sheet":"ams-nd44-9-1955","year":1955,"scale":250000,"areaM2":82660,"name":null,"confidence":"medium","source":"ams-nd44-9-1955"},"geometry":{"type":"Polygon","coordinates":[[[77.62768,13.304277],[77.627331,13.304277],[77.625937,13.303258],[77.624888,13.303599],[77.625231,13.305298],[77.626275,13.306317],[77.626973,13.306657],[77.628023,13.305976],[77.628028,13.304617],[77.62768,13.304277]]]}},{"type":"Feature","properties":{"histId":"ams-nd44-9-1955-0053","sheet":"ams-nd44-9-1955","year":1955,"scale":250000,"areaM2":94786,"name":null,"confidence":"medium","source":"ams-nd44-9-1955"},"geometry":{"type":"Polygon","coordinates":[[[77.718175,13.300811],[77.717477,13.300471],[77.715726,13.301833],[77.715374,13.302513],[77.71537,13.303872],[77.716416,13.304551],[77.717815,13.30387],[77.718175,13.300811]]]}},{"type":"Feature","properties":{"histId":"ams-nd44-9-1955-0054","sheet":"ams-nd44-9-1955","year":1955,"scale":250000,"areaM2":9048818,"name":null,"confidence":"high","source":"ams-nd44-9-1955"},"geometry":{"type":"Polygon","coordinates":[[[77.803689,13.32723],[77.804039,13.32689],[77.805783,13.327907],[77.80753,13.327905],[77.80823,13.327564],[77.814535,13.321778],[77.814884,13.321777],[77.816285,13.320756],[77.817682,13.320754],[77.819426,13.321771],[77.821173,13.321769],[77.821871,13.322108],[77.823961,13.324144],[77.825009,13.324483],[77.825708,13.324142],[77.825709,13.323802],[77.82641,13.323121],[77.826414,13.321762],[77.826764,13.321421],[77.826425,13.317683],[77.826775,13.317343],[77.826783,13.314623],[77.828887,13.311901],[77.828887,13.311561],[77.830989,13.309519],[77.832388,13.309177],[77.832738,13.308837],[77.835534,13.308493],[77.835882,13.308833],[77.837279,13.309171],[77.838329,13.308489],[77.838335,13.30611],[77.83764,13.304751],[77.837643,13.303732],[77.837294,13.303392],[77.837298,13.302033],[77.839404,13.298291],[77.839407,13.297271],[77.839757,13.296931],[77.84011,13.295571],[77.842562,13.293188],[77.842565,13.292168],[77.841171,13.290811],[77.841172,13.290471],[77.840127,13.289452],[77.840128,13.289112],[77.839084,13.287754],[77.839086,13.286735],[77.838738,13.286395],[77.838744,13.284016],[77.83805,13.282657],[77.837004,13.281639],[77.835615,13.278922],[77.834923,13.276204],[77.833876,13.275865],[77.831427,13.277568],[77.830028,13.27791],[77.829678,13.27825],[77.82898,13.278251],[77.828629,13.278591],[77.824087,13.278937],[77.822337,13.280299],[77.821984,13.281659],[77.821283,13.28234],[77.819527,13.285742],[77.819524,13.286761],[77.820222,13.2871],[77.820572,13.28676],[77.82162,13.286758],[77.821969,13.287098],[77.824414,13.287095],[77.825112,13.287434],[77.826505,13.288791],[77.826846,13.29185],[77.827194,13.292189],[77.827188,13.294569],[77.825436,13.296271],[77.824037,13.296952],[77.821591,13.297295],[77.821241,13.297636],[77.817398,13.297641],[77.817048,13.297981],[77.816349,13.297982],[77.815299,13.298663],[77.8146,13.298664],[77.813201,13.299346],[77.813197,13.300705],[77.813545,13.301045],[77.817383,13.303079],[77.81982,13.305795],[77.820164,13.307834],[77.820859,13.309193],[77.820854,13.310892],[77.8198,13.312933],[77.817348,13.315316],[77.816648,13.315657],[77.8156,13.315658],[77.81525,13.315998],[77.811757,13.315663],[77.809658,13.316685],[77.808957,13.317366],[77.806849,13.321787],[77.805446,13.323489],[77.805445,13.323829],[77.804394,13.32485],[77.804045,13.32485],[77.804044,13.32519],[77.802993,13.326211],[77.80299,13.327231],[77.80334,13.32689],[77.803689,13.32723]]]}},{"type":"Feature","properties":{"histId":"ams-nd44-9-1955-0055","sheet":"ams-nd44-9-1955","year":1955,"scale":250000,"areaM2":538930,"name":null,"confidence":"high","source":"ams-nd44-9-1955"},"geometry":{"type":"Polygon","coordinates":[[[77.914159,13.299535],[77.913463,13.298516],[77.913464,13.297837],[77.912769,13.296478],[77.910331,13.293423],[77.909984,13.292404],[77.909287,13.291725],[77.90824,13.291387],[77.90719,13.292069],[77.907187,13.293428],[77.90858,13.295126],[77.908573,13.298185],[77.908223,13.298525],[77.90822,13.299885],[77.907869,13.300225],[77.907866,13.301585],[77.908564,13.301924],[77.911009,13.30192],[77.911358,13.302259],[77.912406,13.302257],[77.914156,13.300895],[77.914159,13.299535]]]}},{"type":"Feature","properties":{"histId":"ams-nd44-9-1955-0056","sheet":"ams-nd44-9-1955","year":1955,"scale":250000,"areaM2":52724,"name":null,"confidence":"low","source":"ams-nd44-9-1955"},"geometry":{"type":"Polygon","coordinates":[[[77.541401,13.300912],[77.540007,13.300232],[77.539307,13.300573],[77.539301,13.301932],[77.539648,13.302612],[77.540345,13.302952],[77.541396,13.302272],[77.541401,13.300912]]]}},{"type":"Feature","properties":{"histId":"ams-nd44-9-1955-0057","sheet":"ams-nd44-9-1955","year":1955,"scale":250000,"areaM2":67725,"name":null,"confidence":"low","source":"ams-nd44-9-1955"},"geometry":{"type":"Polygon","coordinates":[[[77.938971,13.295413],[77.937924,13.295075],[77.937225,13.295416],[77.937223,13.296096],[77.938617,13.297453],[77.940014,13.29779],[77.940713,13.297449],[77.940715,13.296769],[77.938971,13.295413]]]}},{"type":"Feature","properties":{"histId":"ams-nd44-9-1955-0058","sheet":"ams-nd44-9-1955","year":1955,"scale":250000,"areaM2":673614,"name":null,"confidence":"high","source":"ams-nd44-9-1955"},"geometry":{"type":"Polygon","coordinates":[[[77.866659,13.295872],[77.863174,13.292478],[77.862477,13.292139],[77.861079,13.292141],[77.85968,13.292823],[77.857583,13.293166],[77.856534,13.293848],[77.856182,13.294528],[77.856177,13.296567],[77.856873,13.297586],[77.858269,13.297924],[77.858618,13.298263],[77.859317,13.298262],[77.861758,13.299618],[77.862806,13.299617],[77.867004,13.297571],[77.867006,13.296551],[77.866659,13.295872]]]}},{"type":"Feature","properties":{"histId":"ams-nd44-9-1955-0059","sheet":"ams-nd44-9-1955","year":1955,"scale":250000,"areaM2":99041,"name":null,"confidence":"medium","source":"ams-nd44-9-1955"},"geometry":{"type":"Polygon","coordinates":[[[77.571454,13.298864],[77.571459,13.297504],[77.570066,13.296485],[77.569017,13.296825],[77.568315,13.297505],[77.568309,13.299205],[77.569354,13.299884],[77.570753,13.299544],[77.571454,13.298864]]]}},{"type":"Feature","properties":{"histId":"ams-nd44-9-1955-0060","sheet":"ams-nd44-9-1955","year":1955,"scale":250000,"areaM2":728885,"name":null,"confidence":"high","source":"ams-nd44-9-1955"},"geometry":{"type":"Polygon","coordinates":[[[77.548034,13.30227],[77.548385,13.30193],[77.548401,13.297851],[77.548053,13.297511],[77.54806,13.295812],[77.54841,13.295472],[77.548416,13.294112],[77.548766,13.293772],[77.548772,13.292413],[77.549476,13.291053],[77.549478,13.290373],[77.549829,13.290033],[77.549833,13.289013],[77.550184,13.288673],[77.550187,13.287994],[77.549141,13.287314],[77.548441,13.287654],[77.548439,13.288334],[77.547736,13.289354],[77.545636,13.290374],[77.544232,13.292074],[77.544198,13.300571],[77.544546,13.300911],[77.544538,13.302951],[77.546279,13.30431],[77.548031,13.30295],[77.548034,13.30227]]]}},{"type":"Feature","properties":{"histId":"ams-nd44-9-1955-0061","sheet":"ams-nd44-9-1955","year":1955,"scale":250000,"areaM2":185266,"name":null,"confidence":"high","source":"ams-nd44-9-1955"},"geometry":{"type":"Polygon","coordinates":[[[77.616554,13.289667],[77.615161,13.288648],[77.613417,13.287969],[77.612372,13.28695],[77.612374,13.28661],[77.611676,13.286271],[77.609924,13.287631],[77.609922,13.288311],[77.610618,13.28899],[77.611665,13.28933],[77.612365,13.28899],[77.61341,13.289669],[77.613408,13.290349],[77.614452,13.291368],[77.615499,13.291707],[77.616199,13.291367],[77.616551,13.290687],[77.616554,13.289667]]]}},{"type":"Feature","properties":{"histId":"ams-nd44-9-1955-0062","sheet":"ams-nd44-9-1955","year":1955,"scale":250000,"areaM2":1695637,"name":null,"confidence":"high","source":"ams-nd44-9-1955"},"geometry":{"type":"Polygon","coordinates":[[[77.506132,13.297179],[77.506483,13.296839],[77.506495,13.29378],[77.506846,13.29344],[77.506852,13.29208],[77.508614,13.288341],[77.510718,13.286301],[77.514917,13.284601],[77.516323,13.282562],[77.516327,13.281542],[77.51563,13.281202],[77.513185,13.281203],[77.512837,13.280863],[77.512138,13.280863],[77.510046,13.279843],[77.509004,13.278484],[77.509007,13.277804],[77.508659,13.277464],[77.508667,13.275425],[77.50797,13.275085],[77.506921,13.275425],[77.506911,13.277804],[77.50656,13.278144],[77.506555,13.279504],[77.506204,13.279844],[77.506198,13.281203],[77.505847,13.281543],[77.505842,13.282903],[77.505491,13.283243],[77.505488,13.283923],[77.504784,13.285282],[77.500927,13.288682],[77.500924,13.289361],[77.500573,13.289701],[77.500555,13.29412],[77.501942,13.296499],[77.502638,13.297179],[77.502983,13.298199],[77.503679,13.298878],[77.503678,13.299218],[77.504375,13.299558],[77.505774,13.299218],[77.506132,13.297179]]]}},{"type":"Feature","properties":{"histId":"ams-nd44-9-1955-0063","sheet":"ams-nd44-9-1955","year":1955,"scale":250000,"areaM2":186729,"name":null,"confidence":"high","source":"ams-nd44-9-1955"},"geometry":{"type":"Polygon","coordinates":[[[77.756302,13.285137],[77.758054,13.283436],[77.758403,13.283436],[77.758406,13.282416],[77.756313,13.281398],[77.754214,13.28242],[77.753863,13.2831],[77.75386,13.28412],[77.752807,13.285481],[77.752805,13.286161],[77.753852,13.286499],[77.756302,13.285137]]]}},{"type":"Feature","properties":{"histId":"ams-nd44-9-1955-0064","sheet":"ams-nd44-9-1955","year":1955,"scale":250000,"areaM2":64134,"name":null,"confidence":"low","source":"ams-nd44-9-1955"},"geometry":{"type":"Polygon","coordinates":[[[77.648368,13.282851],[77.647323,13.282172],[77.645922,13.283192],[77.645919,13.283872],[77.646614,13.284891],[77.647312,13.285231],[77.648362,13.28455],[77.648368,13.282851]]]}},{"type":"Feature","properties":{"histId":"ams-nd44-9-1955-0065","sheet":"ams-nd44-9-1955","year":1955,"scale":250000,"areaM2":79800,"name":null,"confidence":"medium","source":"ams-nd44-9-1955"},"geometry":{"type":"Polygon","coordinates":[[[77.555097,13.282894],[77.554399,13.282894],[77.553348,13.283574],[77.553345,13.284254],[77.555087,13.285613],[77.556135,13.285613],[77.556835,13.285273],[77.556839,13.284253],[77.555097,13.282894]]]}},{"type":"Feature","properties":{"histId":"ams-nd44-9-1955-0066","sheet":"ams-nd44-9-1955","year":1955,"scale":250000,"areaM2":290008,"name":null,"confidence":"high","source":"ams-nd44-9-1955"},"geometry":{"type":"Polygon","coordinates":[[[77.60644,13.285254],[77.606445,13.283894],[77.605749,13.283215],[77.605754,13.281855],[77.605405,13.281855],[77.604708,13.281176],[77.604362,13.280496],[77.602966,13.280157],[77.602615,13.280497],[77.601916,13.280497],[77.600517,13.281178],[77.600514,13.281857],[77.602601,13.284236],[77.602596,13.285595],[77.602943,13.286275],[77.604338,13.286954],[77.605038,13.286614],[77.60644,13.285254]]]}},{"type":"Feature","properties":{"histId":"ams-nd44-9-1955-0067","sheet":"ams-nd44-9-1955","year":1955,"scale":250000,"areaM2":265104,"name":null,"confidence":"high","source":"ams-nd44-9-1955"},"geometry":{"type":"Polygon","coordinates":[[[77.699027,13.280773],[77.695195,13.277718],[77.693796,13.278059],[77.692745,13.279079],[77.692741,13.280099],[77.695533,13.281116],[77.697274,13.282814],[77.697971,13.283154],[77.699718,13.283152],[77.700068,13.282812],[77.701467,13.282471],[77.70147,13.281451],[77.699027,13.280773]]]}},{"type":"Feature","properties":{"histId":"ams-nd44-9-1955-0068","sheet":"ams-nd44-9-1955","year":1955,"scale":250000,"areaM2":251632,"name":null,"confidence":"high","source":"ams-nd44-9-1955"},"geometry":{"type":"Polygon","coordinates":[[[77.890107,13.278501],[77.889065,13.276463],[77.889069,13.274764],[77.889419,13.274423],[77.889421,13.273743],[77.887678,13.272387],[77.886978,13.272728],[77.886627,13.273408],[77.886625,13.274428],[77.885224,13.275789],[77.88522,13.277489],[77.886614,13.278506],[77.887313,13.278505],[77.889406,13.279522],[77.890106,13.279181],[77.890107,13.278501]]]}},{"type":"Feature","properties":{"histId":"ams-nd44-9-1955-0069","sheet":"ams-nd44-9-1955","year":1955,"scale":250000,"areaM2":64853,"name":null,"confidence":"low","source":"ams-nd44-9-1955"},"geometry":{"type":"Polygon","coordinates":[[[77.719648,13.277356],[77.718253,13.276678],[77.717204,13.277019],[77.7172,13.278038],[77.719292,13.279396],[77.720342,13.278715],[77.720344,13.278035],[77.719648,13.277356]]]}},{"type":"Feature","properties":{"histId":"ams-nd44-9-1955-0070","sheet":"ams-nd44-9-1955","year":1955,"scale":250000,"areaM2":264495,"name":null,"confidence":"high","source":"ams-nd44-9-1955"},"geometry":{"type":"Polygon","coordinates":[[[77.973245,13.276655],[77.973248,13.275295],[77.973948,13.274614],[77.97395,13.273595],[77.972207,13.271899],[77.97151,13.27156],[77.97081,13.271901],[77.96941,13.273263],[77.969404,13.276323],[77.970449,13.27768],[77.971844,13.278357],[77.972544,13.278016],[77.973245,13.276655]]]}},{"type":"Feature","properties":{"histId":"ams-nd44-9-1955-0071","sheet":"ams-nd44-9-1955","year":1955,"scale":250000,"areaM2":248696,"name":null,"confidence":"high","source":"ams-nd44-9-1955"},"geometry":{"type":"Polygon","coordinates":[[[77.652225,13.278769],[77.654321,13.278768],[77.655371,13.278087],[77.655375,13.277068],[77.65433,13.276049],[77.652238,13.27503],[77.650841,13.275031],[77.650141,13.275372],[77.649438,13.276732],[77.649435,13.277412],[77.649085,13.277752],[77.649079,13.279451],[77.650126,13.27979],[77.652225,13.278769]]]}},{"type":"Feature","properties":{"histId":"ams-nd44-9-1955-0072","sheet":"ams-nd44-9-1955","year":1955,"scale":250000,"areaM2":217388,"name":null,"confidence":"high","source":"ams-nd44-9-1955"},"geometry":{"type":"Polygon","coordinates":[[[77.803487,13.275905],[77.803837,13.275565],[77.803847,13.272166],[77.802801,13.271487],[77.802102,13.271488],[77.800703,13.27217],[77.799651,13.273531],[77.799649,13.27421],[77.800344,13.275569],[77.801388,13.276927],[77.802086,13.277266],[77.803485,13.276585],[77.803487,13.275905]]]}},{"type":"Feature","properties":{"histId":"ams-nd44-9-1955-0073","sheet":"ams-nd44-9-1955","year":1955,"scale":250000,"areaM2":155327,"name":null,"confidence":"high","source":"ams-nd44-9-1955"},"geometry":{"type":"Polygon","coordinates":[[[77.57119,13.276771],[77.571197,13.275071],[77.570154,13.273712],[77.568758,13.273373],[77.567708,13.274053],[77.567356,13.274733],[77.56735,13.276092],[77.568742,13.277451],[77.570138,13.277791],[77.570838,13.277451],[77.57119,13.276771]]]}},{"type":"Feature","properties":{"histId":"ams-nd44-9-1955-0074","sheet":"ams-nd44-9-1955","year":1955,"scale":250000,"areaM2":184557,"name":null,"confidence":"high","source":"ams-nd44-9-1955"},"geometry":{"type":"Polygon","coordinates":[[[77.634443,13.269603],[77.631998,13.269605],[77.630947,13.270285],[77.630942,13.271645],[77.631987,13.272664],[77.632336,13.272664],[77.633729,13.273682],[77.63548,13.272662],[77.636183,13.271302],[77.636186,13.270622],[77.634443,13.269603]]]}},{"type":"Feature","properties":{"histId":"ams-nd44-9-1955-0075","sheet":"ams-nd44-9-1955","year":1955,"scale":250000,"areaM2":71985,"name":null,"confidence":"low","source":"ams-nd44-9-1955"},"geometry":{"type":"Polygon","coordinates":[[[77.784299,13.267771],[77.782904,13.267093],[77.782204,13.267434],[77.782198,13.269473],[77.782545,13.270152],[77.783592,13.270491],[77.784292,13.27015],[77.784299,13.267771]]]}},{"type":"Feature","properties":{"histId":"ams-nd44-9-1955-0076","sheet":"ams-nd44-9-1955","year":1955,"scale":250000,"areaM2":69858,"name":null,"confidence":"low","source":"ams-nd44-9-1955"},"geometry":{"type":"Polygon","coordinates":[[[77.886995,13.26593],[77.886997,13.26525],[77.886299,13.264911],[77.8856,13.265252],[77.885245,13.267292],[77.885943,13.267631],[77.886991,13.267629],[77.887339,13.267968],[77.888388,13.267627],[77.88839,13.266947],[77.886995,13.26593]]]}},{"type":"Feature","properties":{"histId":"ams-nd44-9-1955-0077","sheet":"ams-nd44-9-1955","year":1955,"scale":250000,"areaM2":82683,"name":null,"confidence":"medium","source":"ams-nd44-9-1955"},"geometry":{"type":"Polygon","coordinates":[[[77.837393,13.267023],[77.837048,13.265664],[77.83635,13.265325],[77.834252,13.266348],[77.834249,13.267367],[77.834596,13.268047],[77.835294,13.268385],[77.836692,13.268044],[77.837393,13.267023]]]}},{"type":"Feature","properties":{"histId":"ams-nd44-9-1955-0078","sheet":"ams-nd44-9-1955","year":1955,"scale":250000,"areaM2":915970,"name":null,"confidence":"high","source":"ams-nd44-9-1955"},"geometry":{"type":"Polygon","coordinates":[[[77.864634,13.268683],[77.867429,13.268339],[77.867779,13.267999],[77.880004,13.26798],[77.880704,13.267639],[77.880705,13.267299],[77.881405,13.266618],[77.882104,13.266277],[77.882106,13.265597],[77.881758,13.265258],[77.881762,13.263559],[77.880716,13.26288],[77.880017,13.262881],[77.879318,13.263222],[77.877917,13.264584],[77.876518,13.265266],[77.874772,13.265269],[77.874424,13.264929],[77.872677,13.264932],[77.872329,13.264593],[77.870582,13.264595],[77.868489,13.263579],[77.866744,13.263242],[77.866395,13.262902],[77.8643,13.262905],[77.8636,13.263246],[77.863249,13.263927],[77.863591,13.266645],[77.86254,13.268006],[77.862537,13.269026],[77.863584,13.269365],[77.864634,13.268683]]]}},{"type":"Feature","properties":{"histId":"ams-nd44-9-1955-0079","sheet":"ams-nd44-9-1955","year":1955,"scale":250000,"areaM2":202349,"name":null,"confidence":"high","source":"ams-nd44-9-1955"},"geometry":{"type":"Polygon","coordinates":[[[77.558653,13.266918],[77.55726,13.265898],[77.556211,13.266239],[77.55586,13.266579],[77.555854,13.268278],[77.557245,13.269637],[77.557591,13.270657],[77.558983,13.272016],[77.55968,13.272356],[77.560729,13.272016],[77.560733,13.270996],[77.558653,13.266918]]]}},{"type":"Feature","properties":{"histId":"ams-nd44-9-1955-0080","sheet":"ams-nd44-9-1955","year":1955,"scale":250000,"areaM2":73423,"name":null,"confidence":"low","source":"ams-nd44-9-1955"},"geometry":{"type":"Polygon","coordinates":[[[77.903767,13.263523],[77.903769,13.262843],[77.902374,13.261826],[77.901325,13.262168],[77.900625,13.262849],[77.900622,13.263868],[77.901669,13.264546],[77.903067,13.264204],[77.903767,13.263523]]]}},{"type":"Feature","properties":{"histId":"ams-nd44-9-1955-0081","sheet":"ams-nd44-9-1955","year":1955,"scale":250000,"areaM2":828803,"name":null,"confidence":"high","source":"ams-nd44-9-1955"},"geometry":{"type":"Polygon","coordinates":[[[77.701507,13.270235],[77.703254,13.270233],[77.704654,13.269212],[77.705006,13.268532],[77.705017,13.265133],[77.705367,13.264793],[77.705732,13.260034],[77.705035,13.259695],[77.702936,13.260716],[77.702237,13.260717],[77.701192,13.260038],[77.699794,13.260039],[77.699095,13.26038],[77.698392,13.26174],[77.698385,13.263779],[77.698034,13.264119],[77.698023,13.267518],[77.698717,13.268877],[77.698714,13.269897],[77.699061,13.270576],[77.699758,13.270916],[77.701157,13.270575],[77.701507,13.270235]]]}},{"type":"Feature","properties":{"histId":"ams-nd44-9-1955-0082","sheet":"ams-nd44-9-1955","year":1955,"scale":250000,"areaM2":1181243,"name":null,"confidence":"high","source":"ams-nd44-9-1955"},"geometry":{"type":"Polygon","coordinates":[[[77.513565,13.273725],[77.514265,13.273385],[77.515324,13.270666],[77.51743,13.268286],[77.517432,13.267606],[77.518134,13.266927],[77.518493,13.264547],[77.518844,13.264207],[77.518848,13.263188],[77.519552,13.261828],[77.520253,13.261148],[77.520259,13.259788],[77.519563,13.259109],[77.516773,13.258089],[77.514322,13.259449],[77.51327,13.260469],[77.512921,13.260469],[77.510115,13.263189],[77.509763,13.263868],[77.509759,13.264888],[77.511497,13.266927],[77.51149,13.268627],[77.511139,13.268967],[77.511136,13.269647],[77.510083,13.271006],[77.510073,13.273385],[77.51077,13.273725],[77.513565,13.273725]]]}},{"type":"Feature","properties":{"histId":"ams-nd44-9-1955-0083","sheet":"ams-nd44-9-1955","year":1955,"scale":250000,"areaM2":130285,"name":null,"confidence":"medium","source":"ams-nd44-9-1955"},"geometry":{"type":"Polygon","coordinates":[[[77.81994,13.262968],[77.820986,13.263646],[77.822035,13.263305],[77.822037,13.262625],[77.821341,13.261606],[77.821345,13.260247],[77.822046,13.259226],[77.822048,13.258546],[77.821001,13.258208],[77.818682,13.259499],[77.818902,13.25957],[77.81925,13.25991],[77.819246,13.261269],[77.819942,13.262288],[77.81994,13.262968]]]}},{"type":"Feature","properties":{"histId":"ams-nd44-9-1955-0084","sheet":"ams-nd44-9-1955","year":1955,"scale":250000,"areaM2":426898,"name":null,"confidence":"high","source":"ams-nd44-9-1955"},"geometry":{"type":"Polygon","coordinates":[[[77.743093,13.264077],[77.743444,13.263737],[77.744142,13.263736],[77.745192,13.263056],[77.745891,13.263055],[77.747641,13.262033],[77.747647,13.259994],[77.74695,13.259315],[77.746953,13.258635],[77.746256,13.257956],[77.744861,13.257278],[77.743813,13.257279],[77.743114,13.257619],[77.742061,13.25898],[77.741709,13.26],[77.741008,13.260681],[77.741007,13.26102],[77.740306,13.261701],[77.7403,13.26374],[77.740998,13.26408],[77.743093,13.264077]]]}},{"type":"Feature","properties":{"histId":"ams-nd44-9-1955-0085","sheet":"ams-nd44-9-1955","year":1955,"scale":250000,"areaM2":204513,"name":null,"confidence":"high","source":"ams-nd44-9-1955"},"geometry":{"type":"Polygon","coordinates":[[[77.652632,13.262454],[77.653683,13.261434],[77.653689,13.259734],[77.652993,13.259055],[77.651598,13.258376],[77.650549,13.258717],[77.649496,13.260077],[77.649489,13.262116],[77.650183,13.263475],[77.65088,13.263815],[77.652279,13.263474],[77.652632,13.262454]]]}},{"type":"Feature","properties":{"histId":"ams-nd44-9-1955-0086","sheet":"ams-nd44-9-1955","year":1955,"scale":250000,"areaM2":455983,"name":null,"confidence":"high","source":"ams-nd44-9-1955"},"geometry":{"type":"Polygon","coordinates":[[[77.541196,13.264883],[77.541898,13.264203],[77.541904,13.262504],[77.540165,13.260804],[77.539471,13.259445],[77.53948,13.257406],[77.538084,13.257066],[77.536684,13.257746],[77.536681,13.258426],[77.536331,13.258766],[77.536322,13.260805],[77.535272,13.261485],[77.534917,13.262845],[77.537005,13.264884],[77.539096,13.265903],[77.539795,13.265903],[77.540143,13.266243],[77.540843,13.265903],[77.541196,13.264883]]]}},{"type":"Feature","properties":{"histId":"ams-nd44-9-1955-0087","sheet":"ams-nd44-9-1955","year":1955,"scale":250000,"areaM2":860735,"name":null,"confidence":"high","source":"ams-nd44-9-1955"},"geometry":{"type":"Polygon","coordinates":[[[77.597087,13.264184],[77.596739,13.263845],[77.596743,13.262825],[77.596395,13.262485],[77.596403,13.260446],[77.596055,13.260106],[77.596067,13.256707],[77.596771,13.255347],[77.596777,13.253648],[77.595732,13.252968],[77.594682,13.253649],[77.593634,13.253649],[77.593286,13.253309],[77.59189,13.25297],[77.59084,13.25365],[77.590488,13.25433],[77.590479,13.25671],[77.589423,13.258749],[77.589419,13.259769],[77.590462,13.261128],[77.590461,13.261468],[77.592549,13.263507],[77.593588,13.265885],[77.594284,13.266565],[77.59533,13.266904],[77.597082,13.265544],[77.597087,13.264184]]]}},{"type":"Feature","properties":{"histId":"ams-nd44-9-1955-0088","sheet":"ams-nd44-9-1955","year":1955,"scale":250000,"areaM2":191053,"name":null,"confidence":"high","source":"ams-nd44-9-1955"},"geometry":{"type":"Polygon","coordinates":[[[77.945347,13.256653],[77.943604,13.254957],[77.942561,13.25292],[77.941165,13.252582],[77.939416,13.253605],[77.939414,13.254285],[77.941508,13.255301],[77.942205,13.255979],[77.942552,13.256658],[77.942549,13.258358],[77.943596,13.258696],[77.945344,13.257673],[77.945347,13.256653]]]}},{"type":"Feature","properties":{"histId":"ams-nd44-9-1955-0089","sheet":"ams-nd44-9-1955","year":1955,"scale":250000,"areaM2":1255122,"name":null,"confidence":"high","source":"ams-nd44-9-1955"},"geometry":{"type":"Polygon","coordinates":[[[77.786768,13.259611],[77.787814,13.260289],[77.788862,13.260288],[77.78921,13.260627],[77.789908,13.260626],[77.790259,13.260286],[77.792354,13.260284],[77.792705,13.259943],[77.797944,13.259937],[77.798644,13.259596],[77.799344,13.258915],[77.799348,13.257556],[77.799,13.257216],[77.799005,13.255517],[77.799355,13.255177],[77.799364,13.252118],[77.799015,13.251778],[77.799022,13.249399],[77.797976,13.24872],[77.795881,13.248723],[77.795533,13.248383],[77.794485,13.248385],[77.793785,13.248725],[77.793084,13.249746],[77.793075,13.252805],[77.792023,13.254166],[77.792022,13.254506],[77.790972,13.255187],[77.788527,13.25519],[77.787828,13.255531],[77.785726,13.257572],[77.785026,13.257913],[77.785023,13.258933],[77.786069,13.259611],[77.786768,13.259611]]]}},{"type":"Feature","properties":{"histId":"ams-nd44-9-1955-0090","sheet":"ams-nd44-9-1955","year":1955,"scale":250000,"areaM2":58441,"name":null,"confidence":"low","source":"ams-nd44-9-1955"},"geometry":{"type":"Polygon","coordinates":[[[77.76128,13.256241],[77.762681,13.255219],[77.762683,13.25454],[77.761288,13.253861],[77.759887,13.254883],[77.759538,13.254883],[77.759536,13.255563],[77.760582,13.256241],[77.76128,13.256241]]]}},{"type":"Feature","properties":{"histId":"ams-nd44-9-1955-0091","sheet":"ams-nd44-9-1955","year":1955,"scale":250000,"areaM2":1147082,"name":null,"confidence":"high","source":"ams-nd44-9-1955"},"geometry":{"type":"Polygon","coordinates":[[[77.969093,13.258309],[77.970141,13.258307],[77.97154,13.257624],[77.973289,13.255921],[77.975387,13.254898],[77.975389,13.253878],[77.974692,13.253539],[77.972949,13.251843],[77.972951,13.250824],[77.974,13.250142],[77.974698,13.25048],[77.976441,13.252177],[77.977139,13.252515],[77.978536,13.252512],[77.979935,13.25149],[77.979936,13.25115],[77.981335,13.249788],[77.982734,13.249105],[77.98413,13.249442],[77.984829,13.249101],[77.984831,13.248421],[77.983784,13.248084],[77.983434,13.248424],[77.98134,13.247409],[77.980643,13.24673],[77.980646,13.24571],[77.980296,13.246051],[77.979598,13.245712],[77.975407,13.245721],[77.97086,13.248788],[77.970509,13.249469],[77.970507,13.250488],[77.969807,13.25117],[77.969806,13.251849],[77.968753,13.253891],[77.967353,13.255253],[77.967004,13.255254],[77.966651,13.256954],[77.967,13.257293],[77.967346,13.258652],[77.968044,13.258991],[77.969093,13.258309]]]}},{"type":"Feature","properties":{"histId":"ams-nd44-9-1955-0092","sheet":"ams-nd44-9-1955","year":1955,"scale":250000,"areaM2":293699,"name":null,"confidence":"high","source":"ams-nd44-9-1955"},"geometry":{"type":"Polygon","coordinates":[[[77.919855,13.254659],[77.921253,13.253977],[77.925105,13.249891],[77.927202,13.249208],[77.927204,13.248188],[77.926157,13.24785],[77.92406,13.248873],[77.922313,13.248877],[77.921614,13.249218],[77.920914,13.249899],[77.920562,13.250919],[77.918812,13.252621],[77.917763,13.252963],[77.91776,13.254323],[77.918458,13.254661],[77.919855,13.254659]]]}},{"type":"Feature","properties":{"histId":"ams-nd44-9-1955-0093","sheet":"ams-nd44-9-1955","year":1955,"scale":250000,"areaM2":94782,"name":null,"confidence":"medium","source":"ams-nd44-9-1955"},"geometry":{"type":"Polygon","coordinates":[[[77.710643,13.253572],[77.711696,13.252211],[77.7117,13.250852],[77.710653,13.250513],[77.709254,13.251194],[77.708553,13.251874],[77.708548,13.253573],[77.709944,13.253912],[77.710643,13.253572]]]}},{"type":"Feature","properties":{"histId":"ams-nd44-9-1955-0094","sheet":"ams-nd44-9-1955","year":1955,"scale":250000,"areaM2":183869,"name":null,"confidence":"high","source":"ams-nd44-9-1955"},"geometry":{"type":"Polygon","coordinates":[[[77.739988,13.251844],[77.738595,13.250486],[77.738605,13.247427],[77.737558,13.247088],[77.736158,13.248109],[77.735807,13.248789],[77.735801,13.250489],[77.736148,13.251168],[77.737889,13.252866],[77.739285,13.253205],[77.739985,13.252864],[77.739988,13.251844]]]}},{"type":"Feature","properties":{"histId":"ams-nd44-9-1955-0095","sheet":"ams-nd44-9-1955","year":1955,"scale":250000,"areaM2":166714,"name":null,"confidence":"high","source":"ams-nd44-9-1955"},"geometry":{"type":"Polygon","coordinates":[[[77.526575,13.25265],[77.527626,13.25197],[77.527981,13.25061],[77.526585,13.25027],[77.524843,13.249251],[77.524144,13.249251],[77.522743,13.250271],[77.522736,13.251971],[77.524129,13.25299],[77.526575,13.25265]]]}},{"type":"Feature","properties":{"histId":"ams-nd44-9-1955-0096","sheet":"ams-nd44-9-1955","year":1955,"scale":250000,"areaM2":107636,"name":null,"confidence":"medium","source":"ams-nd44-9-1955"},"geometry":{"type":"Polygon","coordinates":[[[77.886693,13.247236],[77.887744,13.245875],[77.887748,13.244175],[77.887051,13.243836],[77.886002,13.244178],[77.885649,13.245878],[77.885298,13.246218],[77.885296,13.247238],[77.884946,13.247579],[77.884942,13.248938],[77.88564,13.249277],[77.886339,13.248936],[77.886693,13.247236]]]}},{"type":"Feature","properties":{"histId":"ams-nd44-9-1955-0097","sheet":"ams-nd44-9-1955","year":1955,"scale":250000,"areaM2":256527,"name":null,"confidence":"high","source":"ams-nd44-9-1955"},"geometry":{"type":"Polygon","coordinates":[[[77.643954,13.247164],[77.640112,13.247167],[77.63836,13.248527],[77.638358,13.249207],[77.639054,13.249887],[77.639751,13.250226],[77.641149,13.250225],[77.641497,13.250565],[77.643243,13.250564],[77.643591,13.250903],[77.644639,13.250903],[77.645339,13.250562],[77.64569,13.249882],[77.645695,13.248523],[77.643954,13.247164]]]}},{"type":"Feature","properties":{"histId":"ams-nd44-9-1955-0098","sheet":"ams-nd44-9-1955","year":1955,"scale":250000,"areaM2":57018,"name":null,"confidence":"low","source":"ams-nd44-9-1955"},"geometry":{"type":"Polygon","coordinates":[[[77.796943,13.243623],[77.795897,13.243285],[77.795197,13.243625],[77.795194,13.244645],[77.796239,13.245663],[77.796936,13.246002],[77.797636,13.245662],[77.79764,13.244302],[77.796943,13.243623]]]}},{"type":"Feature","properties":{"histId":"ams-nd44-9-1955-0099","sheet":"ams-nd44-9-1955","year":1955,"scale":250000,"areaM2":3108384,"name":null,"confidence":"high","source":"ams-nd44-9-1955"},"geometry":{"type":"Polygon","coordinates":[[[77.982043,13.245368],[77.983091,13.245366],[77.98414,13.244684],[77.984491,13.244003],[77.984495,13.241964],[77.985544,13.241282],[77.986591,13.24196],[77.986936,13.243659],[77.987285,13.243998],[77.987281,13.246037],[77.989724,13.246712],[77.99042,13.247731],[77.990413,13.251129],[77.990762,13.251469],[77.99076,13.252148],[77.991808,13.252486],[77.992857,13.251804],[77.994604,13.251461],[77.996002,13.250778],[77.997402,13.249416],[77.998101,13.249075],[77.998452,13.248054],[78.000553,13.245331],[78.000905,13.244311],[78.001605,13.243629],[78.001957,13.241929],[78.00371,13.238527],[78.00581,13.236143],[78.006512,13.234782],[78.006513,13.234102],[78.006863,13.233762],[78.006517,13.232063],[78.004772,13.231387],[78.003723,13.232069],[78.003373,13.232749],[78.002673,13.233091],[78.002325,13.232751],[78.001626,13.233093],[78.000926,13.233774],[77.999878,13.234116],[77.999527,13.234796],[77.998828,13.235138],[77.997432,13.234461],[77.996734,13.234462],[77.996385,13.234123],[77.995687,13.234124],[77.995338,13.233785],[77.99464,13.233787],[77.994291,13.233447],[77.992545,13.233451],[77.992195,13.233791],[77.990798,13.234134],[77.989398,13.235497],[77.989395,13.236856],[77.986595,13.239921],[77.985896,13.240262],[77.984152,13.239246],[77.983104,13.239248],[77.981006,13.240271],[77.981003,13.241631],[77.9817,13.242309],[77.981345,13.245369],[77.981695,13.245029],[77.982043,13.245368]]]}},{"type":"Feature","properties":{"histId":"ams-nd44-9-1955-0100","sheet":"ams-nd44-9-1955","year":1955,"scale":250000,"areaM2":76992,"name":null,"confidence":"medium","source":"ams-nd44-9-1955"},"geometry":{"type":"Polygon","coordinates":[[[77.953765,13.240323],[77.953767,13.239643],[77.952372,13.238626],[77.951674,13.238628],[77.950624,13.239309],[77.950621,13.240669],[77.951668,13.241347],[77.953065,13.241004],[77.953765,13.240323]]]}},{"type":"Feature","properties":{"histId":"ams-nd44-9-1955-0101","sheet":"ams-nd44-9-1955","year":1955,"scale":250000,"areaM2":1436620,"name":null,"confidence":"high","source":"ams-nd44-9-1955"},"geometry":{"type":"Polygon","coordinates":[[[77.676769,13.2519],[77.677122,13.25088],[77.678522,13.249859],[77.678178,13.2485],[77.677133,13.247481],[77.677137,13.246462],[77.677487,13.246121],[77.678886,13.24578],[77.685183,13.242716],[77.685884,13.242036],[77.688682,13.240674],[77.688687,13.239315],[77.686946,13.237617],[77.686252,13.236258],[77.685555,13.235918],[77.684507,13.235919],[77.679609,13.238302],[77.676117,13.238305],[77.674718,13.238986],[77.67332,13.238987],[77.67297,13.239327],[77.671572,13.239668],[77.671914,13.241707],[77.672608,13.243066],[77.673304,13.243745],[77.674351,13.244084],[77.674698,13.244764],[77.675047,13.244764],[77.676441,13.245782],[77.676438,13.246462],[77.675039,13.247143],[77.673986,13.248503],[77.673981,13.250203],[77.675023,13.251901],[77.676069,13.252241],[77.676769,13.2519]]]}},{"type":"Feature","properties":{"histId":"ams-nd44-9-1955-0102","sheet":"ams-nd44-9-1955","year":1955,"scale":250000,"areaM2":449645,"name":null,"confidence":"high","source":"ams-nd44-9-1955"},"geometry":{"type":"Polygon","coordinates":[[[77.660026,13.245454],[77.661423,13.245453],[77.663874,13.243752],[77.664923,13.243411],[77.665624,13.242731],[77.665629,13.241372],[77.665279,13.241372],[77.664583,13.240693],[77.664584,13.240353],[77.663888,13.239673],[77.662492,13.239334],[77.662144,13.238995],[77.657246,13.241377],[77.656545,13.242058],[77.656543,13.242738],[77.658631,13.244775],[77.660026,13.245454]]]}},{"type":"Feature","properties":{"histId":"ams-nd44-9-1955-0103","sheet":"ams-nd44-9-1955","year":1955,"scale":250000,"areaM2":142581,"name":null,"confidence":"medium","source":"ams-nd44-9-1955"},"geometry":{"type":"Polygon","coordinates":[[[77.973676,13.238586],[77.972282,13.236889],[77.971585,13.236551],[77.971235,13.236891],[77.970536,13.236893],[77.969137,13.237915],[77.969135,13.238935],[77.969832,13.239613],[77.971228,13.23995],[77.971577,13.24029],[77.972624,13.240288],[77.973674,13.239606],[77.973676,13.238586]]]}},{"type":"Feature","properties":{"histId":"ams-nd44-9-1955-0104","sheet":"ams-nd44-9-1955","year":1955,"scale":250000,"areaM2":126125,"name":null,"confidence":"medium","source":"ams-nd44-9-1955"},"geometry":{"type":"Polygon","coordinates":[[[77.643287,13.238328],[77.64119,13.238669],[77.64014,13.239349],[77.640137,13.240029],[77.640833,13.240708],[77.642229,13.241047],[77.642577,13.241387],[77.643625,13.241386],[77.645026,13.240366],[77.645028,13.239686],[77.643287,13.238328]]]}},{"type":"Feature","properties":{"histId":"ams-nd44-9-1955-0105","sheet":"ams-nd44-9-1955","year":1955,"scale":250000,"areaM2":195208,"name":null,"confidence":"high","source":"ams-nd44-9-1955"},"geometry":{"type":"Polygon","coordinates":[[[77.509858,13.240756],[77.511253,13.241435],[77.51265,13.241435],[77.5151,13.240075],[77.516841,13.241435],[77.51789,13.241095],[77.517894,13.240075],[77.516848,13.239735],[77.515797,13.240415],[77.514057,13.239056],[77.514058,13.238716],[77.513361,13.238376],[77.510218,13.238377],[77.509167,13.239056],[77.509163,13.240076],[77.509858,13.240756]]]}},{"type":"Feature","properties":{"histId":"ams-nd44-9-1955-0106","sheet":"ams-nd44-9-1955","year":1955,"scale":250000,"areaM2":188188,"name":null,"confidence":"high","source":"ams-nd44-9-1955"},"geometry":{"type":"Polygon","coordinates":[[[77.902786,13.235993],[77.902788,13.235314],[77.90209,13.234975],[77.902093,13.233955],[77.89965,13.233279],[77.8993,13.23362],[77.898252,13.233622],[77.897553,13.233963],[77.89755,13.234982],[77.898946,13.23532],[77.899295,13.235659],[77.899993,13.235658],[77.901388,13.236676],[77.901383,13.238375],[77.902429,13.239053],[77.903829,13.238031],[77.903831,13.237351],[77.902786,13.235993]]]}},{"type":"Feature","properties":{"histId":"ams-nd44-9-1955-0107","sheet":"ams-nd44-9-1955","year":1955,"scale":250000,"areaM2":1079790,"name":null,"confidence":"high","source":"ams-nd44-9-1955"},"geometry":{"type":"Polygon","coordinates":[[[77.804629,13.242934],[77.80638,13.241232],[77.806385,13.239533],[77.804989,13.239195],[77.803943,13.238516],[77.804296,13.237156],[77.806048,13.235114],[77.809195,13.233751],[77.810596,13.23239],[77.810598,13.23171],[77.808155,13.231033],[77.806757,13.231715],[77.805706,13.232736],[77.805704,13.233415],[77.804654,13.234097],[77.803608,13.233418],[77.803611,13.232398],[77.802915,13.231719],[77.802923,13.229],[77.801877,13.228322],[77.801177,13.228663],[77.800822,13.230702],[77.799773,13.231384],[77.798725,13.231385],[77.796982,13.230367],[77.796631,13.230708],[77.796283,13.230368],[77.795924,13.233768],[77.796271,13.234447],[77.797318,13.234785],[77.798015,13.235464],[77.798012,13.236484],[77.798361,13.236484],[77.799754,13.237842],[77.800103,13.237841],[77.801496,13.239199],[77.801493,13.240558],[77.801841,13.240898],[77.801834,13.243277],[77.803228,13.244295],[77.804628,13.243274],[77.804629,13.242934]]]}},{"type":"Feature","properties":{"histId":"ams-nd44-9-1955-0108","sheet":"ams-nd44-9-1955","year":1955,"scale":250000,"areaM2":88392,"name":null,"confidence":"medium","source":"ams-nd44-9-1955"},"geometry":{"type":"Polygon","coordinates":[[[77.907327,13.235646],[77.908026,13.235305],[77.908028,13.234625],[77.908728,13.233944],[77.90873,13.233264],[77.908032,13.232926],[77.906984,13.232927],[77.905586,13.23361],[77.905235,13.23429],[77.905233,13.23531],[77.90593,13.235648],[77.907327,13.235646]]]}},{"type":"Feature","properties":{"histId":"ams-nd44-9-1955-0109","sheet":"ams-nd44-9-1955","year":1955,"scale":250000,"areaM2":107643,"name":null,"confidence":"medium","source":"ams-nd44-9-1955"},"geometry":{"type":"Polygon","coordinates":[[[77.930729,13.234586],[77.933522,13.234582],[77.934921,13.233899],[77.934923,13.233219],[77.934225,13.232881],[77.933177,13.232883],[77.932829,13.232543],[77.930384,13.232548],[77.929685,13.232889],[77.929683,13.233569],[77.930031,13.234248],[77.930729,13.234586]]]}},{"type":"Feature","properties":{"histId":"ams-nd44-9-1955-0110","sheet":"ams-nd44-9-1955","year":1955,"scale":250000,"areaM2":1251103,"name":null,"confidence":"high","source":"ams-nd44-9-1955"},"geometry":{"type":"Polygon","coordinates":[[[77.936322,13.232197],[77.936319,13.233217],[77.937017,13.233556],[77.939113,13.233552],[77.940162,13.23287],[77.941208,13.233548],[77.941206,13.234228],[77.940506,13.234909],[77.940505,13.235589],[77.941901,13.235926],[77.942947,13.236604],[77.942943,13.238304],[77.941894,13.238985],[77.940498,13.238648],[77.940149,13.238309],[77.938752,13.238651],[77.93875,13.239331],[77.940494,13.240347],[77.94224,13.240344],[77.942939,13.240003],[77.942943,13.238643],[77.944691,13.237621],[77.944694,13.236261],[77.945393,13.23592],[77.945394,13.23558],[77.946094,13.234899],[77.946793,13.234558],[77.947491,13.234896],[77.950634,13.234891],[77.953424,13.236585],[77.954123,13.236584],[77.954473,13.236243],[77.955171,13.236242],[77.957269,13.235218],[77.958319,13.234197],[77.958321,13.233177],[77.956578,13.231821],[77.955529,13.232502],[77.951687,13.232509],[77.950293,13.231492],[77.950293,13.231152],[77.949596,13.230814],[77.947847,13.231837],[77.9468,13.231499],[77.946103,13.23082],[77.946105,13.23014],[77.945756,13.229801],[77.945761,13.227762],[77.945063,13.227423],[77.943317,13.227426],[77.942618,13.227767],[77.941218,13.22913],[77.940866,13.23015],[77.940166,13.230831],[77.938768,13.231513],[77.937373,13.230836],[77.936325,13.230838],[77.935626,13.231179],[77.935624,13.231859],[77.936322,13.232197]]]}},{"type":"Feature","properties":{"histId":"ams-nd44-9-1955-0111","sheet":"ams-nd44-9-1955","year":1955,"scale":250000,"areaM2":1355879,"name":null,"confidence":"high","source":"ams-nd44-9-1955"},"geometry":{"type":"Polygon","coordinates":[[[77.574447,13.247539],[77.5755,13.246179],[77.575849,13.246179],[77.578303,13.243798],[77.578652,13.243798],[77.578655,13.243119],[77.577261,13.242439],[77.576562,13.242439],[77.57481,13.2438],[77.574808,13.244479],[77.573757,13.24516],[77.572712,13.24448],[77.572724,13.241421],[77.573075,13.241081],[77.573094,13.235983],[77.573445,13.235643],[77.573451,13.233943],[77.575907,13.231223],[77.57661,13.229863],[77.577311,13.229183],[77.577666,13.227824],[77.576969,13.227484],[77.57627,13.227484],[77.574171,13.228505],[77.572774,13.228505],[77.572423,13.228845],[77.567535,13.228507],[77.565784,13.229867],[77.565432,13.230547],[77.565424,13.232586],[77.565073,13.232926],[77.565069,13.233946],[77.567858,13.235305],[77.569598,13.237004],[77.569942,13.238363],[77.57029,13.238703],[77.570274,13.242782],[77.570967,13.244141],[77.570959,13.24618],[77.572002,13.24754],[77.572699,13.247879],[77.573747,13.247879],[77.574447,13.247539]]]}},{"type":"Feature","properties":{"histId":"ams-nd44-9-1955-0112","sheet":"ams-nd44-9-1955","year":1955,"scale":250000,"areaM2":158254,"name":null,"confidence":"high","source":"ams-nd44-9-1955"},"geometry":{"type":"Polygon","coordinates":[[[77.928992,13.230511],[77.927599,13.228814],[77.925505,13.228138],[77.924456,13.228819],[77.924454,13.229499],[77.925845,13.232216],[77.926542,13.232554],[77.929339,13.23119],[77.929341,13.23051],[77.928992,13.230511]]]}},{"type":"Feature","properties":{"histId":"ams-nd44-9-1955-0113","sheet":"ams-nd44-9-1955","year":1955,"scale":250000,"areaM2":1239663,"name":null,"confidence":"high","source":"ams-nd44-9-1955"},"geometry":{"type":"Polygon","coordinates":[[[77.526615,13.242793],[77.528361,13.242793],[77.529061,13.242453],[77.529413,13.241773],[77.52943,13.237694],[77.529782,13.237014],[77.530834,13.235994],[77.532232,13.235654],[77.533283,13.234974],[77.532939,13.233615],[77.531547,13.232255],[77.530856,13.230556],[77.529813,13.229197],[77.529823,13.226817],[77.528779,13.225798],[77.527385,13.225118],[77.527388,13.224439],[77.525994,13.223759],[77.525294,13.224099],[77.525291,13.224779],[77.526685,13.225458],[77.527381,13.226138],[77.527376,13.227498],[77.527024,13.228177],[77.525272,13.229537],[77.523875,13.229538],[77.522481,13.228858],[77.52143,13.229538],[77.521426,13.230558],[77.523517,13.231577],[77.524909,13.232936],[77.525255,13.233616],[77.524892,13.237015],[77.524542,13.237355],[77.524529,13.240414],[77.523476,13.241774],[77.523469,13.243473],[77.524166,13.243813],[77.524865,13.243813],[77.526615,13.242793]]]}},{"type":"Feature","properties":{"histId":"ams-nd44-9-1955-0114","sheet":"ams-nd44-9-1955","year":1955,"scale":250000,"areaM2":106878,"name":null,"confidence":"medium","source":"ams-nd44-9-1955"},"geometry":{"type":"Polygon","coordinates":[[[77.597549,13.234274],[77.59895,13.233253],[77.599301,13.232573],[77.599305,13.231554],[77.598608,13.231214],[77.59721,13.231555],[77.596509,13.232235],[77.596848,13.234954],[77.595797,13.235634],[77.595795,13.236314],[77.596492,13.236653],[77.597542,13.235973],[77.597549,13.234274]]]}},{"type":"Feature","properties":{"histId":"ams-nd44-9-1955-0115","sheet":"ams-nd44-9-1955","year":1955,"scale":250000,"areaM2":143994,"name":null,"confidence":"medium","source":"ams-nd44-9-1955"},"geometry":{"type":"Polygon","coordinates":[[[77.911527,13.2319],[77.912226,13.231559],[77.913977,13.229857],[77.913979,13.228837],[77.913631,13.228158],[77.912584,13.22782],[77.911885,13.228161],[77.911884,13.228501],[77.911184,13.229182],[77.910136,13.229523],[77.909784,13.230544],[77.909085,13.230885],[77.909083,13.231564],[77.909781,13.231903],[77.911527,13.2319]]]}},{"type":"Feature","properties":{"histId":"ams-nd44-9-1955-0116","sheet":"ams-nd44-9-1955","year":1955,"scale":250000,"areaM2":520255,"name":null,"confidence":"high","source":"ams-nd44-9-1955"},"geometry":{"type":"Polygon","coordinates":[[[77.754032,13.228037],[77.753333,13.228378],[77.753332,13.228718],[77.752281,13.229739],[77.751932,13.229739],[77.750532,13.23076],[77.749135,13.230762],[77.748786,13.230422],[77.746342,13.230425],[77.744942,13.231446],[77.744592,13.231446],[77.744589,13.232466],[77.746681,13.233483],[77.747729,13.233482],[77.748429,13.233142],[77.749824,13.23382],[77.751216,13.235178],[77.751215,13.235518],[77.751913,13.235857],[77.752612,13.235516],[77.752614,13.234837],[77.753315,13.234156],[77.753316,13.233816],[77.756118,13.231094],[77.75647,13.230414],[77.756474,13.229054],[77.75508,13.228036],[77.754032,13.228037]]]}},{"type":"Feature","properties":{"histId":"ams-nd44-9-1955-0117","sheet":"ams-nd44-9-1955","year":1955,"scale":250000,"areaM2":230883,"name":null,"confidence":"high","source":"ams-nd44-9-1955"},"geometry":{"type":"Polygon","coordinates":[[[77.678227,13.233885],[77.678231,13.232865],[77.678932,13.232185],[77.678938,13.230485],[77.677545,13.229127],[77.676848,13.228787],[77.676149,13.228788],[77.675099,13.229468],[77.675097,13.230148],[77.676142,13.230827],[77.67614,13.231507],[77.674737,13.233208],[77.674731,13.234907],[77.676126,13.235586],[77.676826,13.235245],[77.678227,13.233885]]]}},{"type":"Feature","properties":{"histId":"ams-nd44-9-1955-0118","sheet":"ams-nd44-9-1955","year":1955,"scale":250000,"areaM2":54179,"name":null,"confidence":"low","source":"ams-nd44-9-1955"},"geometry":{"type":"Polygon","coordinates":[[[77.952043,13.22979],[77.952742,13.229449],[77.952745,13.228089],[77.951349,13.227752],[77.94995,13.228434],[77.949949,13.229114],[77.950995,13.229792],[77.952043,13.22979]]]}},{"type":"Feature","properties":{"histId":"ams-nd44-9-1955-0119","sheet":"ams-nd44-9-1955","year":1955,"scale":250000,"areaM2":605837,"name":null,"confidence":"high","source":"ams-nd44-9-1955"},"geometry":{"type":"Polygon","coordinates":[[[77.819673,13.233737],[77.821422,13.232715],[77.821426,13.231356],[77.821776,13.231015],[77.821778,13.230336],[77.823529,13.228634],[77.824926,13.228292],[77.825277,13.227952],[77.825625,13.228291],[77.827371,13.228289],[77.828071,13.227948],[77.828072,13.227268],[77.829122,13.226587],[77.830168,13.227265],[77.830867,13.226924],[77.83087,13.225905],[77.830172,13.225566],[77.828423,13.226588],[77.827028,13.22591],[77.824235,13.225914],[77.823884,13.226254],[77.822138,13.226256],[77.821788,13.226597],[77.82074,13.226598],[77.820392,13.226259],[77.818297,13.226261],[77.817597,13.226602],[77.816897,13.227283],[77.816892,13.228982],[77.818284,13.23068],[77.818281,13.2317],[77.817232,13.232381],[77.816884,13.232042],[77.815834,13.232723],[77.815832,13.233402],[77.81653,13.233741],[77.819673,13.233737]]]}},{"type":"Feature","properties":{"histId":"ams-nd44-9-1955-0120","sheet":"ams-nd44-9-1955","year":1955,"scale":250000,"areaM2":130441,"name":null,"confidence":"medium","source":"ams-nd44-9-1955"},"geometry":{"type":"Polygon","coordinates":[[[77.866486,13.227893],[77.866138,13.227554],[77.865794,13.225515],[77.864747,13.225177],[77.864048,13.225518],[77.863697,13.226198],[77.863694,13.227218],[77.864042,13.227557],[77.864039,13.228916],[77.864386,13.229596],[77.865781,13.230613],[77.86648,13.230272],[77.866486,13.227893]]]}},{"type":"Feature","properties":{"histId":"ams-nd44-9-1955-0121","sheet":"ams-nd44-9-1955","year":1955,"scale":250000,"areaM2":320724,"name":null,"confidence":"high","source":"ams-nd44-9-1955"},"geometry":{"type":"Polygon","coordinates":[[[77.794539,13.22969],[77.794887,13.23003],[77.795237,13.22969],[77.795586,13.230029],[77.79559,13.22867],[77.794894,13.227651],[77.794897,13.226631],[77.795598,13.22595],[77.796297,13.22561],[77.798737,13.227306],[77.799785,13.226965],[77.799787,13.226285],[77.798393,13.225267],[77.797694,13.225608],[77.796996,13.225269],[77.795953,13.223911],[77.794557,13.223572],[77.793157,13.224594],[77.792808,13.224594],[77.791406,13.226295],[77.791048,13.229355],[77.791745,13.229694],[77.794539,13.22969]]]}},{"type":"Feature","properties":{"histId":"ams-nd44-9-1955-0122","sheet":"ams-nd44-9-1955","year":1955,"scale":250000,"areaM2":189515,"name":null,"confidence":"high","source":"ams-nd44-9-1955"},"geometry":{"type":"Polygon","coordinates":[[[77.545182,13.228853],[77.544834,13.228514],[77.544842,13.226474],[77.543448,13.225795],[77.542748,13.226135],[77.542044,13.227495],[77.54204,13.228514],[77.542388,13.228854],[77.542384,13.229874],[77.542732,13.230214],[77.542729,13.230893],[77.543422,13.232253],[77.544468,13.232592],[77.545168,13.232252],[77.545182,13.228853]]]}},{"type":"Feature","properties":{"histId":"ams-nd44-9-1955-0123","sheet":"ams-nd44-9-1955","year":1955,"scale":250000,"areaM2":419892,"name":null,"confidence":"high","source":"ams-nd44-9-1955"},"geometry":{"type":"Polygon","coordinates":[[[77.957641,13.225021],[77.95869,13.224339],[77.960087,13.224337],[77.960437,13.223996],[77.962532,13.223992],[77.965329,13.222287],[77.965683,13.220247],[77.965334,13.220248],[77.964288,13.21923],[77.963941,13.218551],[77.962545,13.218214],[77.961845,13.218555],[77.959746,13.220598],[77.959394,13.221619],[77.958694,13.2223],[77.957995,13.222641],[77.956249,13.222644],[77.95555,13.222985],[77.955547,13.224345],[77.956593,13.225023],[77.957641,13.225021]]]}},{"type":"Feature","properties":{"histId":"ams-nd44-9-1955-0124","sheet":"ams-nd44-9-1955","year":1955,"scale":250000,"areaM2":177443,"name":null,"confidence":"high","source":"ams-nd44-9-1955"},"geometry":{"type":"Polygon","coordinates":[[[77.700959,13.224689],[77.702358,13.224008],[77.703059,13.223328],[77.704108,13.222987],[77.70586,13.221286],[77.705862,13.220606],[77.704466,13.220268],[77.703766,13.220608],[77.703765,13.220948],[77.703065,13.221628],[77.701665,13.222309],[77.70027,13.221971],[77.699919,13.222311],[77.699221,13.222311],[77.698521,13.222652],[77.698518,13.223672],[77.699911,13.22469],[77.700959,13.224689]]]}},{"type":"Feature","properties":{"histId":"ams-nd44-9-1955-0125","sheet":"ams-nd44-9-1955","year":1955,"scale":250000,"areaM2":1296059,"name":null,"confidence":"high","source":"ams-nd44-9-1955"},"geometry":{"type":"Polygon","coordinates":[[[77.982792,13.221234],[77.982445,13.220555],[77.98245,13.217836],[77.98315,13.217155],[77.983151,13.216475],[77.982106,13.215457],[77.981408,13.215119],[77.977218,13.215127],[77.976868,13.215468],[77.97617,13.215129],[77.973034,13.212076],[77.972338,13.210718],[77.971641,13.210379],[77.970243,13.210722],[77.969543,13.211403],[77.96954,13.212763],[77.970934,13.214119],[77.970929,13.216839],[77.969177,13.219221],[77.969176,13.219901],[77.969874,13.220239],[77.97267,13.218875],[77.974065,13.219892],[77.974064,13.220231],[77.976504,13.222606],[77.976853,13.222605],[77.977898,13.223623],[77.98034,13.224978],[77.981039,13.224636],[77.982087,13.224634],[77.984534,13.22327],[77.984536,13.22259],[77.982792,13.221234]]]}},{"type":"Feature","properties":{"histId":"ams-nd44-9-1955-0126","sheet":"ams-nd44-9-1955","year":1955,"scale":250000,"areaM2":271582,"name":null,"confidence":"high","source":"ams-nd44-9-1955"},"geometry":{"type":"Polygon","coordinates":[[[77.888151,13.222761],[77.888502,13.222081],[77.888505,13.221061],[77.889206,13.219701],[77.890256,13.219019],[77.891653,13.219017],[77.892003,13.218677],[77.8934,13.218334],[77.893751,13.217654],[77.893754,13.216634],[77.891661,13.215618],[77.890962,13.215959],[77.888861,13.218002],[77.887114,13.218684],[77.886063,13.220046],[77.886058,13.221745],[77.886407,13.222084],[77.886405,13.222764],[77.887452,13.223102],[77.888151,13.222761]]]}},{"type":"Feature","properties":{"histId":"ams-nd44-9-1955-0127","sheet":"ams-nd44-9-1955","year":1955,"scale":250000,"areaM2":322182,"name":null,"confidence":"high","source":"ams-nd44-9-1955"},"geometry":{"type":"Polygon","coordinates":[[[77.866154,13.221436],[77.866153,13.221776],[77.86685,13.222114],[77.86755,13.221773],[77.870701,13.21871],[77.872448,13.218027],[77.872798,13.217687],[77.872801,13.216667],[77.871755,13.215989],[77.870358,13.215991],[77.86791,13.217354],[77.865116,13.217698],[77.864416,13.218039],[77.864413,13.219399],[77.86476,13.220078],[77.866154,13.221436]]]}},{"type":"Feature","properties":{"histId":"ams-nd44-9-1955-0128","sheet":"ams-nd44-9-1955","year":1955,"scale":250000,"areaM2":239411,"name":null,"confidence":"high","source":"ams-nd44-9-1955"},"geometry":{"type":"Polygon","coordinates":[[[77.617849,13.222367],[77.616458,13.220669],[77.616461,13.219989],[77.615765,13.219309],[77.615766,13.21897],[77.614721,13.21829],[77.613321,13.218971],[77.612267,13.220671],[77.612264,13.221691],[77.613657,13.222709],[77.614006,13.222709],[77.61505,13.223728],[77.615747,13.224068],[77.616795,13.224067],[77.617845,13.223387],[77.617849,13.222367]]]}},{"type":"Feature","properties":{"histId":"ams-nd44-9-1955-0129","sheet":"ams-nd44-9-1955","year":1955,"scale":250000,"areaM2":88363,"name":null,"confidence":"medium","source":"ams-nd44-9-1955"},"geometry":{"type":"Polygon","coordinates":[[[77.687355,13.219942],[77.687007,13.219602],[77.685263,13.218924],[77.684912,13.219264],[77.683514,13.219605],[77.683511,13.220625],[77.68386,13.220625],[77.685254,13.221643],[77.686301,13.221642],[77.687351,13.220962],[77.687355,13.219942]]]}},{"type":"Feature","properties":{"histId":"ams-nd44-9-1955-0130","sheet":"ams-nd44-9-1955","year":1955,"scale":250000,"areaM2":310813,"name":null,"confidence":"high","source":"ams-nd44-9-1955"},"geometry":{"type":"Polygon","coordinates":[[[77.951024,13.216536],[77.950678,13.215177],[77.949632,13.214499],[77.948235,13.214502],[77.945794,13.213147],[77.945095,13.213488],[77.94544,13.215186],[77.947874,13.219941],[77.949268,13.220958],[77.950317,13.220616],[77.950323,13.217897],[77.951024,13.216536]]]}},{"type":"Feature","properties":{"histId":"ams-nd44-9-1955-0131","sheet":"ams-nd44-9-1955","year":1955,"scale":250000,"areaM2":714190,"name":null,"confidence":"high","source":"ams-nd44-9-1955"},"geometry":{"type":"Polygon","coordinates":[[[77.835423,13.22114],[77.83612,13.221819],[77.837516,13.222157],[77.838914,13.221475],[77.841015,13.219433],[77.841714,13.219092],[77.844509,13.218748],[77.845559,13.218067],[77.847306,13.217724],[77.850094,13.21976],[77.850793,13.219419],[77.850796,13.218399],[77.849752,13.217041],[77.848357,13.216363],[77.846262,13.216366],[77.844169,13.21535],[77.837534,13.215359],[77.835784,13.216721],[77.835435,13.216721],[77.834385,13.217743],[77.834381,13.219102],[77.835425,13.22046],[77.835423,13.22114]]]}},{"type":"Feature","properties":{"histId":"ams-nd44-9-1955-0132","sheet":"ams-nd44-9-1955","year":1955,"scale":250000,"areaM2":532240,"name":null,"confidence":"high","source":"ams-nd44-9-1955"},"geometry":{"type":"Polygon","coordinates":[[[77.587111,13.223741],[77.588164,13.222381],[77.588513,13.222381],[77.588865,13.221701],[77.58887,13.220342],[77.587129,13.218983],[77.587492,13.215244],[77.586795,13.214904],[77.585396,13.215585],[77.584691,13.217284],[77.582938,13.218985],[77.582937,13.219324],[77.581885,13.220345],[77.581884,13.220684],[77.580831,13.222044],[77.580829,13.222724],[77.581176,13.223064],[77.582223,13.223403],[77.582919,13.224083],[77.584313,13.224762],[77.585012,13.224762],[77.587111,13.223741]]]}},{"type":"Feature","properties":{"histId":"ams-nd44-9-1955-0133","sheet":"ams-nd44-9-1955","year":1955,"scale":250000,"areaM2":292157,"name":null,"confidence":"high","source":"ams-nd44-9-1955"},"geometry":{"type":"Polygon","coordinates":[[[77.662912,13.218941],[77.662917,13.217581],[77.66222,13.217242],[77.660472,13.217583],[77.660122,13.217923],[77.659074,13.217924],[77.657675,13.218604],[77.656627,13.218605],[77.655228,13.219286],[77.655224,13.220306],[77.65662,13.220644],[77.656968,13.220984],[77.658714,13.220983],[77.659062,13.221323],[77.660459,13.221322],[77.660807,13.221661],[77.662554,13.22166],[77.663253,13.22132],[77.66326,13.21928],[77.662912,13.218941]]]}},{"type":"Feature","properties":{"histId":"ams-nd44-9-1955-0134","sheet":"ams-nd44-9-1955","year":1955,"scale":250000,"areaM2":263746,"name":null,"confidence":"high","source":"ams-nd44-9-1955"},"geometry":{"type":"Polygon","coordinates":[[[77.901084,13.217982],[77.901434,13.217642],[77.902482,13.21764],[77.902832,13.217299],[77.903879,13.217638],[77.904578,13.217297],[77.905628,13.216275],[77.90563,13.215595],[77.90598,13.215255],[77.905983,13.213895],[77.904589,13.212878],[77.90389,13.212879],[77.902492,13.213561],[77.899341,13.216625],[77.899339,13.217645],[77.900036,13.217984],[77.901084,13.217982]]]}},{"type":"Feature","properties":{"histId":"ams-nd44-9-1955-0135","sheet":"ams-nd44-9-1955","year":1955,"scale":250000,"areaM2":455518,"name":null,"confidence":"high","source":"ams-nd44-9-1955"},"geometry":{"type":"Polygon","coordinates":[[[77.938797,13.218597],[77.93881,13.213159],[77.93916,13.212819],[77.939164,13.211119],[77.938466,13.21078],[77.937768,13.210782],[77.93497,13.212486],[77.933923,13.212488],[77.932873,13.21317],[77.932868,13.215549],[77.933563,13.216907],[77.934608,13.217925],[77.936004,13.218602],[77.936702,13.218601],[77.937051,13.21894],[77.938098,13.218938],[77.938797,13.218597]]]}},{"type":"Feature","properties":{"histId":"ams-nd44-9-1955-0136","sheet":"ams-nd44-9-1955","year":1955,"scale":250000,"areaM2":129730,"name":null,"confidence":"medium","source":"ams-nd44-9-1955"},"geometry":{"type":"Polygon","coordinates":[[[77.878388,13.216998],[77.879785,13.216656],[77.881186,13.215295],[77.881189,13.213935],[77.879793,13.213597],[77.879094,13.213938],[77.876644,13.215982],[77.876641,13.217341],[77.877338,13.21768],[77.878388,13.216998]]]}},{"type":"Feature","properties":{"histId":"ams-nd44-9-1955-0137","sheet":"ams-nd44-9-1955","year":1955,"scale":250000,"areaM2":467434,"name":null,"confidence":"high","source":"ams-nd44-9-1955"},"geometry":{"type":"Polygon","coordinates":[[[77.637426,13.216918],[77.637427,13.216578],[77.636383,13.215559],[77.633943,13.214201],[77.632544,13.214882],[77.632191,13.215901],[77.629038,13.218622],[77.629036,13.219302],[77.630081,13.219981],[77.631827,13.21998],[77.632175,13.22032],[77.634969,13.220318],[77.635669,13.219978],[77.636714,13.220657],[77.637412,13.220657],[77.638462,13.219976],[77.63847,13.217937],[77.637426,13.216918]]]}},{"type":"Feature","properties":{"histId":"ams-nd44-9-1955-0138","sheet":"ams-nd44-9-1955","year":1955,"scale":250000,"areaM2":143198,"name":null,"confidence":"medium","source":"ams-nd44-9-1955"},"geometry":{"type":"Polygon","coordinates":[[[77.511689,13.220362],[77.512039,13.220022],[77.513436,13.220022],[77.515187,13.219002],[77.515191,13.217983],[77.514495,13.217303],[77.513449,13.216963],[77.510649,13.218323],[77.509948,13.219003],[77.509944,13.220023],[77.510641,13.220362],[77.511689,13.220362]]]}},{"type":"Feature","properties":{"histId":"ams-nd44-9-1955-0139","sheet":"ams-nd44-9-1955","year":1955,"scale":250000,"areaM2":607342,"name":null,"confidence":"high","source":"ams-nd44-9-1955"},"geometry":{"type":"Polygon","coordinates":[[[77.924834,13.216243],[77.923788,13.215905],[77.922395,13.214207],[77.92205,13.212509],[77.921701,13.212169],[77.921707,13.20979],[77.921358,13.209451],[77.921362,13.207751],[77.920665,13.207413],[77.919966,13.207754],[77.919614,13.208774],[77.918214,13.210136],[77.915067,13.211841],[77.915066,13.212521],[77.915414,13.21286],[77.91541,13.214559],[77.91506,13.2149],[77.915057,13.215919],[77.916103,13.216597],[77.922738,13.216586],[77.924134,13.217263],[77.924833,13.216922],[77.924834,13.216243]]]}},{"type":"Feature","properties":{"histId":"ams-nd44-9-1955-0140","sheet":"ams-nd44-9-1955","year":1955,"scale":250000,"areaM2":2309679,"name":null,"confidence":"high","source":"ams-nd44-9-1955"},"geometry":{"type":"Polygon","coordinates":[[[77.714595,13.219919],[77.715292,13.220258],[77.716336,13.221277],[77.716682,13.222296],[77.717728,13.222975],[77.718427,13.222634],[77.718432,13.221275],[77.718782,13.220935],[77.718784,13.220255],[77.720536,13.218554],[77.721934,13.218212],[77.722984,13.217532],[77.723682,13.217531],[77.725432,13.21651],[77.72613,13.216509],[77.729628,13.214806],[77.731728,13.213105],[77.733126,13.212763],[77.734176,13.212083],[77.735573,13.212081],[77.735923,13.211741],[77.739765,13.211737],[77.740464,13.211397],[77.740467,13.210377],[77.739421,13.210038],[77.73768,13.20834],[77.738034,13.206981],[77.739084,13.20596],[77.739088,13.20494],[77.73839,13.204601],[77.736644,13.204603],[77.736294,13.204943],[77.734897,13.204944],[77.7342,13.204605],[77.732801,13.205286],[77.73105,13.206647],[77.729304,13.206649],[77.728605,13.20699],[77.726503,13.209031],[77.720907,13.211756],[77.719859,13.211756],[77.717419,13.210399],[77.71672,13.21074],[77.716713,13.212779],[77.716363,13.213119],[77.716361,13.213799],[77.712506,13.217881],[77.712155,13.218561],[77.712151,13.219581],[77.712849,13.21992],[77.714595,13.219919]]]}},{"type":"Feature","properties":{"histId":"ams-nd44-9-1955-0141","sheet":"ams-nd44-9-1955","year":1955,"scale":250000,"areaM2":253642,"name":null,"confidence":"high","source":"ams-nd44-9-1955"},"geometry":{"type":"Polygon","coordinates":[[[77.564446,13.214573],[77.565146,13.214233],[77.566199,13.212873],[77.566205,13.211173],[77.565859,13.210494],[77.564814,13.209814],[77.563415,13.210154],[77.559911,13.213214],[77.559907,13.214234],[77.560604,13.214574],[77.564446,13.214573]]]}},{"type":"Feature","properties":{"histId":"ams-nd44-9-1955-0142","sheet":"ams-nd44-9-1955","year":1955,"scale":250000,"areaM2":68434,"name":null,"confidence":"low","source":"ams-nd44-9-1955"},"geometry":{"type":"Polygon","coordinates":[[[77.933581,13.20909],[77.934281,13.208409],[77.934284,13.207049],[77.933587,13.20671],[77.932538,13.207052],[77.931838,13.207733],[77.931834,13.209433],[77.932532,13.209771],[77.93358,13.20943],[77.933581,13.20909]]]}},{"type":"Feature","properties":{"histId":"ams-nd44-9-1955-0143","sheet":"ams-nd44-9-1955","year":1955,"scale":250000,"areaM2":996013,"name":null,"confidence":"high","source":"ams-nd44-9-1955"},"geometry":{"type":"Polygon","coordinates":[[[77.537906,13.21424],[77.538254,13.21458],[77.541746,13.214579],[77.542094,13.214919],[77.543491,13.214918],[77.545232,13.216278],[77.545919,13.218996],[77.546964,13.219676],[77.547664,13.219336],[77.547331,13.215257],[77.549431,13.214237],[77.549786,13.212538],[77.550842,13.210498],[77.550846,13.209478],[77.551197,13.209138],[77.551209,13.206079],[77.550861,13.20574],[77.550866,13.20438],[77.550169,13.20404],[77.548768,13.20506],[77.548411,13.2071],[77.547006,13.209139],[77.547002,13.210159],[77.548043,13.211858],[77.548038,13.213218],[77.547334,13.214578],[77.546634,13.214918],[77.545937,13.214578],[77.54559,13.213898],[77.544199,13.212539],[77.54385,13.212539],[77.542457,13.21152],[77.541758,13.21152],[77.538622,13.209821],[77.537225,13.209821],[77.536877,13.209482],[77.535131,13.209482],[77.53373,13.210502],[77.533378,13.211182],[77.533372,13.212881],[77.533718,13.213561],[77.534763,13.214241],[77.537906,13.21424]]]}},{"type":"Feature","properties":{"histId":"ams-nd44-9-1955-0144","sheet":"ams-nd44-9-1955","year":1955,"scale":250000,"areaM2":1457209,"name":null,"confidence":"high","source":"ams-nd44-9-1955"},"geometry":{"type":"Polygon","coordinates":[[[78.003064,13.212697],[78.003763,13.212015],[78.005162,13.211333],[78.006559,13.21099],[78.007259,13.210309],[78.007264,13.20759],[78.006217,13.207252],[78.005867,13.207592],[78.00482,13.207595],[78.004121,13.207936],[78.002028,13.206921],[78.000982,13.205903],[78.000287,13.204205],[77.998894,13.202508],[77.998895,13.202168],[77.9975,13.201152],[77.996453,13.200814],[77.995756,13.200135],[77.995759,13.198776],[77.995061,13.198437],[77.994012,13.199119],[77.994011,13.199799],[77.994359,13.200138],[77.994357,13.201498],[77.994007,13.201838],[77.990161,13.203885],[77.989114,13.203887],[77.988415,13.204229],[77.988413,13.204908],[77.989809,13.205586],[77.990506,13.206264],[77.990504,13.206944],[77.990154,13.207284],[77.990151,13.208984],[77.990499,13.209323],[77.990498,13.210003],[77.991544,13.21068],[77.992243,13.210679],[77.995738,13.208973],[77.999229,13.209305],[77.999927,13.209644],[78.000972,13.211001],[78.000968,13.212701],[78.000619,13.213041],[78.000617,13.214061],[78.000965,13.2144],[78.001311,13.215759],[78.002009,13.216098],[78.003058,13.215416],[78.003064,13.212697]]]}},{"type":"Feature","properties":{"histId":"ams-nd44-9-1955-0145","sheet":"ams-nd44-9-1955","year":1955,"scale":250000,"areaM2":183908,"name":null,"confidence":"high","source":"ams-nd44-9-1955"},"geometry":{"type":"Polygon","coordinates":[[[77.901107,13.208465],[77.901461,13.206765],[77.902161,13.205744],[77.901816,13.204385],[77.90077,13.203707],[77.899722,13.203709],[77.899023,13.20405],[77.898672,13.20473],[77.898661,13.209149],[77.899359,13.209488],[77.900407,13.209146],[77.901107,13.208465]]]}},{"type":"Feature","properties":{"histId":"ams-nd44-9-1955-0146","sheet":"ams-nd44-9-1955","year":1955,"scale":250000,"areaM2":1089718,"name":null,"confidence":"high","source":"ams-nd44-9-1955"},"geometry":{"type":"Polygon","coordinates":[[[77.785505,13.214066],[77.785856,13.213386],[77.787606,13.212025],[77.787262,13.210325],[77.786219,13.208627],[77.786228,13.205568],[77.78588,13.205229],[77.785883,13.204209],[77.784839,13.202851],[77.784844,13.201151],[77.785895,13.20013],[77.786943,13.199789],[77.786946,13.19877],[77.7859,13.198431],[77.78485,13.199112],[77.784153,13.198773],[77.783457,13.197754],[77.783459,13.197074],[77.782763,13.196395],[77.781367,13.196057],[77.779968,13.197078],[77.779966,13.197758],[77.781704,13.200135],[77.781699,13.201835],[77.782394,13.203194],[77.782386,13.205913],[77.781334,13.207273],[77.781331,13.208293],[77.780631,13.208974],[77.779582,13.209315],[77.778531,13.210336],[77.777829,13.211696],[77.777827,13.212376],[77.778873,13.213054],[77.780619,13.213052],[77.781318,13.212712],[77.782016,13.213051],[77.784106,13.214748],[77.784451,13.216107],[77.785149,13.216446],[77.785848,13.216105],[77.785505,13.214066]]]}},{"type":"Feature","properties":{"histId":"ams-nd44-9-1955-0147","sheet":"ams-nd44-9-1955","year":1955,"scale":250000,"areaM2":86261,"name":null,"confidence":"medium","source":"ams-nd44-9-1955"},"geometry":{"type":"Polygon","coordinates":[[[77.984575,13.203557],[77.98353,13.202199],[77.982484,13.201861],[77.981435,13.202543],[77.981433,13.203563],[77.982826,13.204919],[77.983524,13.205258],[77.984573,13.204576],[77.984575,13.203557]]]}},{"type":"Feature","properties":{"histId":"ams-nd44-9-1955-0148","sheet":"ams-nd44-9-1955","year":1955,"scale":250000,"areaM2":753522,"name":null,"confidence":"high","source":"ams-nd44-9-1955"},"geometry":{"type":"Polygon","coordinates":[[[77.971658,13.202222],[77.970963,13.200864],[77.967479,13.197132],[77.966083,13.196794],[77.965034,13.197476],[77.965033,13.198156],[77.964333,13.198837],[77.963634,13.199178],[77.963631,13.200198],[77.965372,13.202574],[77.965367,13.204953],[77.964316,13.206315],[77.964314,13.207334],[77.96571,13.207671],[77.967808,13.206648],[77.969204,13.206645],[77.970599,13.207662],[77.970598,13.208342],[77.971295,13.208681],[77.971994,13.208339],[77.971658,13.202222]]]}},{"type":"Feature","properties":{"histId":"ams-nd44-9-1955-0149","sheet":"ams-nd44-9-1955","year":1955,"scale":250000,"areaM2":202352,"name":null,"confidence":"high","source":"ams-nd44-9-1955"},"geometry":{"type":"Polygon","coordinates":[[[77.592755,13.208784],[77.594151,13.209123],[77.595201,13.208443],[77.596256,13.206403],[77.596261,13.205044],[77.595564,13.204704],[77.595214,13.205044],[77.593468,13.205045],[77.59312,13.204705],[77.592421,13.204705],[77.591371,13.205386],[77.591019,13.206066],[77.591015,13.207085],[77.592408,13.208104],[77.592755,13.208784]]]}},{"type":"Feature","properties":{"histId":"ams-nd44-9-1955-0150","sheet":"ams-nd44-9-1955","year":1955,"scale":250000,"areaM2":202446,"name":null,"confidence":"high","source":"ams-nd44-9-1955"},"geometry":{"type":"Polygon","coordinates":[[[77.921023,13.203673],[77.922074,13.202312],[77.922077,13.200952],[77.921379,13.200614],[77.919633,13.200617],[77.918936,13.200278],[77.918237,13.200619],[77.917886,13.201299],[77.917883,13.202659],[77.919273,13.205376],[77.919271,13.206056],[77.919969,13.206394],[77.921018,13.205713],[77.921023,13.203673]]]}},{"type":"Feature","properties":{"histId":"ams-nd44-9-1955-0151","sheet":"ams-nd44-9-1955","year":1955,"scale":250000,"areaM2":102623,"name":null,"confidence":"medium","source":"ams-nd44-9-1955"},"geometry":{"type":"Polygon","coordinates":[[[77.749217,13.20425],[77.749224,13.201871],[77.747829,13.201192],[77.74713,13.201533],[77.746427,13.202893],[77.746425,13.203573],[77.747468,13.204932],[77.748166,13.205271],[77.748865,13.20493],[77.749217,13.20425]]]}},{"type":"Feature","properties":{"histId":"ams-nd44-9-1955-0152","sheet":"ams-nd44-9-1955","year":1955,"scale":250000,"areaM2":111146,"name":null,"confidence":"medium","source":"ams-nd44-9-1955"},"geometry":{"type":"Polygon","coordinates":[[[77.568341,13.200636],[77.567299,13.199277],[77.566602,13.198937],[77.565202,13.199617],[77.564501,13.200297],[77.564499,13.200977],[77.56589,13.202336],[77.566587,13.202676],[77.568339,13.201316],[77.568341,13.200636]]]}},{"type":"Feature","properties":{"histId":"ams-nd44-9-1955-0153","sheet":"ams-nd44-9-1955","year":1955,"scale":250000,"areaM2":3019247,"name":null,"confidence":"high","source":"ams-nd44-9-1955"},"geometry":{"type":"Polygon","coordinates":[[[77.520461,13.210164],[77.521864,13.208805],[77.523962,13.208125],[77.523967,13.206765],[77.52467,13.205745],[77.524679,13.203366],[77.524333,13.202686],[77.522242,13.201667],[77.521198,13.200647],[77.521201,13.199968],[77.524004,13.197588],[77.524006,13.197248],[77.525058,13.196228],[77.525414,13.194529],[77.525764,13.194189],[77.525774,13.19181],[77.526126,13.19113],[77.530331,13.18739],[77.529987,13.186031],[77.52929,13.185691],[77.527542,13.186371],[77.52614,13.187731],[77.525433,13.18977],[77.524381,13.19079],[77.522982,13.19147],[77.520886,13.191471],[77.518787,13.192491],[77.518782,13.19385],[77.520874,13.19453],[77.521918,13.195549],[77.521912,13.196909],[77.520511,13.197928],[77.519814,13.197589],[77.518075,13.19589],[77.518076,13.19555],[77.515287,13.19453],[77.512157,13.191472],[77.509021,13.189773],[77.507973,13.189773],[77.506574,13.190453],[77.504822,13.191812],[77.503775,13.191813],[77.503075,13.192152],[77.503418,13.193512],[77.504463,13.194192],[77.504462,13.194532],[77.505853,13.195891],[77.506199,13.196571],[77.506194,13.19793],[77.506541,13.19827],[77.506885,13.19963],[77.507582,13.199969],[77.508632,13.19929],[77.50933,13.199629],[77.510025,13.200309],[77.510374,13.200309],[77.513157,13.203028],[77.513155,13.203368],[77.514199,13.204387],[77.514198,13.204727],[77.516284,13.206766],[77.517322,13.209145],[77.518018,13.209825],[77.518711,13.211184],[77.518705,13.212544],[77.519402,13.212884],[77.520453,13.212204],[77.520461,13.210164]]]}},{"type":"Feature","properties":{"histId":"ams-nd44-9-1955-0154","sheet":"ams-nd44-9-1955","year":1955,"scale":250000,"areaM2":579477,"name":null,"confidence":"high","source":"ams-nd44-9-1955"},"geometry":{"type":"Polygon","coordinates":[[[77.846313,13.197333],[77.847707,13.19835],[77.849103,13.198348],[77.849453,13.198008],[77.850851,13.197666],[77.8533,13.195963],[77.855048,13.195281],[77.856448,13.193919],[77.856451,13.19256],[77.855754,13.192221],[77.85331,13.192224],[77.85296,13.192565],[77.851912,13.192566],[77.851562,13.192906],[77.850165,13.192909],[77.849817,13.192569],[77.847723,13.192232],[77.846677,13.191554],[77.845979,13.191555],[77.84528,13.191896],[77.845274,13.193935],[77.846318,13.195293],[77.846313,13.197333]]]}},{"type":"Feature","properties":{"histId":"ams-nd44-9-1955-0155","sheet":"ams-nd44-9-1955","year":1955,"scale":250000,"areaM2":69862,"name":null,"confidence":"low","source":"ams-nd44-9-1955"},"geometry":{"type":"Polygon","coordinates":[[[77.962951,13.192042],[77.961904,13.191704],[77.961205,13.192045],[77.961202,13.193405],[77.962248,13.194083],[77.963295,13.194081],[77.963644,13.19442],[77.964343,13.194079],[77.964345,13.193059],[77.962951,13.192042]]]}},{"type":"Feature","properties":{"histId":"ams-nd44-9-1955-0156","sheet":"ams-nd44-9-1955","year":1955,"scale":250000,"areaM2":75567,"name":null,"confidence":"medium","source":"ams-nd44-9-1955"},"geometry":{"type":"Polygon","coordinates":[[[77.983897,13.193701],[77.985296,13.193019],[77.985298,13.191999],[77.9846,13.19166],[77.982505,13.191665],[77.981806,13.192006],[77.981803,13.193365],[77.982501,13.193704],[77.983897,13.193701]]]}},{"type":"Feature","properties":{"histId":"ams-nd44-9-1955-0157","sheet":"ams-nd44-9-1955","year":1955,"scale":250000,"areaM2":99748,"name":null,"confidence":"medium","source":"ams-nd44-9-1955"},"geometry":{"type":"Polygon","coordinates":[[[77.577085,13.197234],[77.57709,13.195874],[77.57744,13.195534],[77.577443,13.194855],[77.576746,13.194515],[77.576046,13.194855],[77.574294,13.196555],[77.574288,13.197915],[77.575333,13.198594],[77.576733,13.197914],[77.577085,13.197234]]]}},{"type":"Feature","properties":{"histId":"ams-nd44-9-1955-0158","sheet":"ams-nd44-9-1955","year":1955,"scale":250000,"areaM2":65554,"name":null,"confidence":"low","source":"ams-nd44-9-1955"},"geometry":{"type":"Polygon","coordinates":[[[77.634713,13.194147],[77.634019,13.193128],[77.633322,13.192788],[77.632622,13.193129],[77.632616,13.194828],[77.633311,13.195847],[77.634008,13.196187],[77.634707,13.195847],[77.634713,13.194147]]]}},{"type":"Feature","properties":{"histId":"ams-nd44-9-1955-0159","sheet":"ams-nd44-9-1955","year":1955,"scale":250000,"areaM2":93330,"name":null,"confidence":"medium","source":"ams-nd44-9-1955"},"geometry":{"type":"Polygon","coordinates":[[[77.535884,13.195886],[77.536936,13.194867],[77.536939,13.194187],[77.536242,13.193847],[77.534496,13.193847],[77.532745,13.194867],[77.532743,13.195547],[77.534485,13.196566],[77.535884,13.195886]]]}},{"type":"Feature","properties":{"histId":"ams-nd44-9-1955-0160","sheet":"ams-nd44-9-1955","year":1955,"scale":250000,"areaM2":93389,"name":null,"confidence":"medium","source":"ams-nd44-9-1955"},"geometry":{"type":"Polygon","coordinates":[[[77.97762,13.189975],[77.977622,13.188955],[77.976925,13.188277],[77.975879,13.187939],[77.97483,13.18862],[77.974826,13.19032],[77.975523,13.190998],[77.975522,13.191338],[77.97622,13.191677],[77.976919,13.191336],[77.97762,13.189975]]]}},{"type":"Feature","properties":{"histId":"ams-nd44-9-1955-0161","sheet":"ams-nd44-9-1955","year":1955,"scale":250000,"areaM2":449102,"name":null,"confidence":"high","source":"ams-nd44-9-1955"},"geometry":{"type":"Polygon","coordinates":[[[77.951431,13.190704],[77.950033,13.191386],[77.948987,13.190708],[77.948988,13.190028],[77.950038,13.189007],[77.95004,13.188327],[77.949692,13.187648],[77.948297,13.186971],[77.945504,13.186976],[77.943411,13.18596],[77.941664,13.186643],[77.941662,13.187323],[77.944449,13.190037],[77.945145,13.191395],[77.946538,13.192752],[77.947236,13.193091],[77.948982,13.193087],[77.95073,13.192065],[77.952127,13.191722],[77.952129,13.191042],[77.951431,13.190704]]]}},{"type":"Feature","properties":{"histId":"ams-nd44-9-1955-0162","sheet":"ams-nd44-9-1955","year":1955,"scale":250000,"areaM2":54868,"name":null,"confidence":"low","source":"ams-nd44-9-1955"},"geometry":{"type":"Polygon","coordinates":[[[77.664059,13.190389],[77.665111,13.189029],[77.665113,13.188349],[77.664067,13.18801],[77.663367,13.18835],[77.662667,13.189031],[77.662662,13.19039],[77.663359,13.19073],[77.664059,13.190389]]]}},{"type":"Feature","properties":{"histId":"ams-nd44-9-1955-0163","sheet":"ams-nd44-9-1955","year":1955,"scale":250000,"areaM2":1231905,"name":null,"confidence":"high","source":"ams-nd44-9-1955"},"geometry":{"type":"Polygon","coordinates":[[[77.99298,13.191644],[77.992632,13.191305],[77.992634,13.190285],[77.993683,13.189263],[77.994382,13.188922],[77.998572,13.188914],[77.99997,13.188231],[78.001021,13.186529],[78.001024,13.18517],[78.001374,13.184829],[78.001379,13.18245],[78.001031,13.181771],[77.99824,13.180417],[77.9958,13.178383],[77.995451,13.178383],[77.994407,13.177026],[77.993709,13.176688],[77.992661,13.17703],[77.992659,13.178049],[77.991959,13.17873],[77.991958,13.17941],[77.991608,13.179751],[77.991606,13.18077],[77.991954,13.18111],[77.99195,13.183149],[77.991249,13.18451],[77.991247,13.18519],[77.990898,13.18553],[77.99089,13.189269],[77.991238,13.189608],[77.991236,13.190968],[77.990537,13.191309],[77.990535,13.191989],[77.991231,13.193347],[77.991928,13.193685],[77.992977,13.193343],[77.99298,13.191644]]]}},{"type":"Feature","properties":{"histId":"ams-nd44-9-1955-0164","sheet":"ams-nd44-9-1955","year":1955,"scale":250000,"areaM2":1251745,"name":null,"confidence":"high","source":"ams-nd44-9-1955"},"geometry":{"type":"Polygon","coordinates":[[[77.937825,13.18563],[77.93818,13.18291],[77.936785,13.182233],[77.93469,13.182237],[77.933993,13.181898],[77.932948,13.18088],[77.933301,13.17918],[77.932953,13.178501],[77.932256,13.178162],[77.929812,13.178167],[77.929462,13.178507],[77.928414,13.178509],[77.928064,13.178849],[77.927017,13.178851],[77.926667,13.179192],[77.925619,13.179194],[77.924221,13.179876],[77.923521,13.180557],[77.923172,13.180557],[77.923168,13.182257],[77.92142,13.183279],[77.920374,13.182601],[77.919326,13.182943],[77.915127,13.186689],[77.915123,13.188388],[77.915471,13.188728],[77.915817,13.190087],[77.916863,13.190765],[77.91826,13.190762],[77.919659,13.18974],[77.920008,13.18974],[77.922109,13.187357],[77.922112,13.185997],[77.921067,13.184979],[77.92107,13.18362],[77.922119,13.182938],[77.923514,13.183616],[77.924213,13.183275],[77.924216,13.181915],[77.924566,13.181575],[77.926664,13.180551],[77.92841,13.180548],[77.93085,13.182243],[77.931897,13.182242],[77.932943,13.18292],[77.932942,13.183599],[77.933638,13.184278],[77.933636,13.185298],[77.932585,13.186659],[77.932584,13.187339],[77.932932,13.187678],[77.932931,13.188358],[77.933976,13.189376],[77.933973,13.190395],[77.934322,13.190734],[77.935369,13.191073],[77.936068,13.190731],[77.936069,13.190052],[77.937819,13.188349],[77.938518,13.188008],[77.938522,13.186309],[77.937825,13.18563]]]}},{"type":"Feature","properties":{"histId":"ams-nd44-9-1955-0165","sheet":"ams-nd44-9-1955","year":1955,"scale":250000,"areaM2":1990623,"name":null,"confidence":"high","source":"ams-nd44-9-1955"},"geometry":{"type":"Polygon","coordinates":[[[77.822576,13.194306],[77.822578,13.193626],[77.821882,13.192948],[77.821883,13.192608],[77.819096,13.190232],[77.819098,13.189552],[77.817356,13.188195],[77.817006,13.188196],[77.815614,13.186838],[77.814224,13.18446],[77.812134,13.182424],[77.81179,13.180725],[77.809698,13.179708],[77.808305,13.17835],[77.808306,13.17801],[77.807259,13.177672],[77.80656,13.178012],[77.805509,13.179373],[77.80481,13.179714],[77.803416,13.178696],[77.803069,13.178017],[77.802371,13.177678],[77.800973,13.178359],[77.800274,13.17836],[77.797834,13.177004],[77.796787,13.177005],[77.796087,13.177346],[77.796425,13.181424],[77.797121,13.182103],[77.797818,13.182442],[77.798169,13.182102],[77.799914,13.182099],[77.800265,13.181759],[77.801312,13.181758],[77.80166,13.182097],[77.802708,13.182096],[77.805147,13.183792],[77.805494,13.184472],[77.805488,13.186511],[77.806185,13.18719],[77.806882,13.187529],[77.808279,13.187527],[77.808629,13.187187],[77.808977,13.187526],[77.809676,13.187525],[77.811418,13.188883],[77.811765,13.189562],[77.81316,13.19024],[77.814208,13.189899],[77.815254,13.190577],[77.814901,13.191937],[77.814202,13.192278],[77.814198,13.193637],[77.814546,13.193977],[77.815942,13.194315],[77.81629,13.194654],[77.817338,13.194653],[77.821521,13.197027],[77.823266,13.197364],[77.823614,13.197704],[77.824662,13.197702],[77.825361,13.197361],[77.825363,13.196682],[77.822576,13.194306]]]}},{"type":"Feature","properties":{"histId":"ams-nd44-9-1955-0166","sheet":"ams-nd44-9-1955","year":1955,"scale":250000,"areaM2":166054,"name":null,"confidence":"high","source":"ams-nd44-9-1955"},"geometry":{"type":"Polygon","coordinates":[[[77.770221,13.186893],[77.771968,13.186551],[77.773366,13.18587],[77.77337,13.18451],[77.772674,13.183831],[77.77128,13.183153],[77.770231,13.183494],[77.76883,13.184855],[77.768479,13.185535],[77.768475,13.186895],[77.769871,13.187233],[77.770221,13.186893]]]}},{"type":"Feature","properties":{"histId":"ams-nd44-9-1955-0167","sheet":"ams-nd44-9-1955","year":1955,"scale":250000,"areaM2":367628,"name":null,"confidence":"high","source":"ams-nd44-9-1955"},"geometry":{"type":"Polygon","coordinates":[[[77.557912,13.188743],[77.557916,13.187724],[77.556526,13.186025],[77.556528,13.185345],[77.55618,13.185005],[77.556186,13.183645],[77.555838,13.183306],[77.555494,13.181946],[77.554448,13.181607],[77.552697,13.182967],[77.552342,13.184326],[77.551991,13.184666],[77.551987,13.185686],[77.552334,13.186366],[77.554421,13.188404],[77.554413,13.190444],[77.55511,13.190783],[77.55756,13.189423],[77.557912,13.188743]]]}},{"type":"Feature","properties":{"histId":"ams-nd44-9-1955-0168","sheet":"ams-nd44-9-1955","year":1955,"scale":250000,"areaM2":147486,"name":null,"confidence":"medium","source":"ams-nd44-9-1955"},"geometry":{"type":"Polygon","coordinates":[[[77.594592,13.184651],[77.593552,13.182612],[77.592507,13.181933],[77.591457,13.182613],[77.591454,13.183293],[77.591104,13.183633],[77.591099,13.184992],[77.592489,13.186691],[77.593186,13.187031],[77.594587,13.186011],[77.594592,13.184651]]]}},{"type":"Feature","properties":{"histId":"ams-nd44-9-1955-0169","sheet":"ams-nd44-9-1955","year":1955,"scale":250000,"areaM2":405426,"name":null,"confidence":"high","source":"ams-nd44-9-1955"},"geometry":{"type":"Polygon","coordinates":[[[77.619381,13.185319],[77.620773,13.186678],[77.621819,13.187017],[77.624968,13.185316],[77.625322,13.183956],[77.626373,13.182936],[77.626377,13.181916],[77.625332,13.181237],[77.623237,13.181238],[77.622187,13.181918],[77.620091,13.182259],[77.61974,13.182599],[77.617296,13.182601],[77.616596,13.182941],[77.616594,13.183621],[77.617638,13.18464],[77.619381,13.185319]]]}},{"type":"Feature","properties":{"histId":"ams-nd44-9-1955-0170","sheet":"ams-nd44-9-1955","year":1955,"scale":250000,"areaM2":174659,"name":null,"confidence":"high","source":"ams-nd44-9-1955"},"geometry":{"type":"Polygon","coordinates":[[[77.983224,13.181806],[77.983574,13.181466],[77.984272,13.181465],[77.985321,13.180783],[77.985324,13.179423],[77.984976,13.178744],[77.983233,13.177388],[77.982185,13.17773],[77.982184,13.17807],[77.981485,13.178751],[77.98078,13.181811],[77.981477,13.18215],[77.981827,13.181809],[77.983224,13.181806]]]}},{"type":"Feature","properties":{"histId":"ams-nd44-9-1955-0171","sheet":"ams-nd44-9-1955","year":1955,"scale":250000,"areaM2":76954,"name":null,"confidence":"medium","source":"ams-nd44-9-1955"},"geometry":{"type":"Polygon","coordinates":[[[77.635106,13.181911],[77.635112,13.180212],[77.634415,13.179872],[77.632666,13.180893],[77.632658,13.182932],[77.633356,13.183272],[77.634404,13.182931],[77.635106,13.181911]]]}},{"type":"Feature","properties":{"histId":"ams-nd44-9-1955-0172","sheet":"ams-nd44-9-1955","year":1955,"scale":250000,"areaM2":94753,"name":null,"confidence":"medium","source":"ams-nd44-9-1955"},"geometry":{"type":"Polygon","coordinates":[[[77.533494,13.182291],[77.534546,13.181272],[77.53455,13.180252],[77.533505,13.179572],[77.532458,13.179573],[77.531758,13.179913],[77.531757,13.180253],[77.531055,13.180932],[77.531399,13.182292],[77.532795,13.182632],[77.533494,13.182291]]]}},{"type":"Feature","properties":{"histId":"ams-nd44-9-1955-0173","sheet":"ams-nd44-9-1955","year":1955,"scale":250000,"areaM2":140383,"name":null,"confidence":"medium","source":"ams-nd44-9-1955"},"geometry":{"type":"Polygon","coordinates":[[[77.703559,13.177442],[77.701115,13.177445],[77.700765,13.177785],[77.699019,13.177786],[77.698319,13.178127],[77.698317,13.178806],[77.699711,13.179485],[77.70076,13.179144],[77.702503,13.180162],[77.70355,13.180162],[77.70425,13.179821],[77.704256,13.177782],[77.703559,13.177442]]]}},{"type":"Feature","properties":{"histId":"ams-nd44-9-1955-0174","sheet":"ams-nd44-9-1955","year":1955,"scale":250000,"areaM2":850828,"name":null,"confidence":"high","source":"ams-nd44-9-1955"},"geometry":{"type":"Polygon","coordinates":[[[77.688548,13.176435],[77.685062,13.174739],[77.683667,13.1744],[77.682971,13.173721],[77.681576,13.173042],[77.680179,13.173383],[77.677728,13.175424],[77.677724,13.176444],[77.680862,13.177801],[77.683645,13.180858],[77.684686,13.182896],[77.685731,13.183575],[77.687131,13.182554],[77.691328,13.180512],[77.691333,13.179152],[77.688548,13.176435]]]}},{"type":"Feature","properties":{"histId":"ams-nd44-9-1955-0175","sheet":"ams-nd44-9-1955","year":1955,"scale":250000,"areaM2":77676,"name":null,"confidence":"medium","source":"ams-nd44-9-1955"},"geometry":{"type":"Polygon","coordinates":[[[77.719274,13.176749],[77.719623,13.176748],[77.719628,13.175049],[77.718233,13.17471],[77.717533,13.175051],[77.716833,13.175731],[77.716827,13.177431],[77.717874,13.17777],[77.719274,13.176749]]]}},{"type":"Feature","properties":{"histId":"ams-nd44-9-1955-0176","sheet":"ams-nd44-9-1955","year":1955,"scale":250000,"areaM2":923126,"name":null,"confidence":"high","source":"ams-nd44-9-1955"},"geometry":{"type":"Polygon","coordinates":[[[77.945881,13.174399],[77.944133,13.175422],[77.943785,13.175083],[77.943086,13.175424],[77.942737,13.175085],[77.942039,13.175086],[77.940993,13.174408],[77.939946,13.17441],[77.939596,13.174751],[77.93855,13.174073],[77.938554,13.172033],[77.937857,13.171695],[77.934715,13.1717],[77.934365,13.172041],[77.93297,13.171024],[77.932623,13.170344],[77.931228,13.169667],[77.929831,13.170009],[77.92878,13.171371],[77.927732,13.171712],[77.925292,13.170017],[77.924245,13.169679],[77.923546,13.17002],[77.923542,13.17172],[77.921442,13.174103],[77.92144,13.174782],[77.922135,13.176141],[77.923531,13.176478],[77.926328,13.174774],[77.928772,13.17477],[77.930521,13.173407],[77.93087,13.173406],[77.931221,13.172726],[77.932618,13.172384],[77.932968,13.172043],[77.933666,13.172382],[77.935059,13.173739],[77.935058,13.174079],[77.935407,13.174078],[77.936104,13.174757],[77.937499,13.175434],[77.938897,13.175092],[77.940989,13.176108],[77.942731,13.177804],[77.94273,13.178484],[77.943775,13.179162],[77.945174,13.178479],[77.946924,13.176437],[77.946579,13.174738],[77.945881,13.174399]]]}},{"type":"Feature","properties":{"histId":"ams-nd44-9-1955-0177","sheet":"ams-nd44-9-1955","year":1955,"scale":250000,"areaM2":58454,"name":null,"confidence":"low","source":"ams-nd44-9-1955"},"geometry":{"type":"Polygon","coordinates":[[[77.942746,13.171006],[77.942047,13.171347],[77.942044,13.172707],[77.942741,13.173385],[77.943788,13.173723],[77.944487,13.173382],[77.94449,13.172023],[77.942746,13.171006]]]}},{"type":"Feature","properties":{"histId":"ams-nd44-9-1955-0178","sheet":"ams-nd44-9-1955","year":1955,"scale":250000,"areaM2":50601,"name":null,"confidence":"low","source":"ams-nd44-9-1955"},"geometry":{"type":"Polygon","coordinates":[[[77.785623,13.17362],[77.784578,13.172941],[77.783529,13.173282],[77.783178,13.173962],[77.783176,13.174642],[77.784222,13.175321],[77.78562,13.174639],[77.785623,13.17362]]]}},{"type":"Feature","properties":{"histId":"ams-nd44-9-1955-0179","sheet":"ams-nd44-9-1955","year":1955,"scale":250000,"areaM2":99772,"name":null,"confidence":"medium","source":"ams-nd44-9-1955"},"geometry":{"type":"Polygon","coordinates":[[[77.75559,13.175693],[77.756987,13.175351],[77.758038,13.174331],[77.758391,13.172971],[77.757345,13.172632],[77.756995,13.172972],[77.755947,13.172973],[77.755248,13.173314],[77.754546,13.174334],[77.754542,13.175694],[77.75524,13.176033],[77.75559,13.175693]]]}},{"type":"Feature","properties":{"histId":"ams-nd44-9-1955-0180","sheet":"ams-nd44-9-1955","year":1955,"scale":250000,"areaM2":712544,"name":null,"confidence":"high","source":"ams-nd44-9-1955"},"geometry":{"type":"Polygon","coordinates":[[[77.640357,13.178169],[77.640708,13.177829],[77.642803,13.177828],[77.643153,13.177488],[77.647343,13.177485],[77.648742,13.176804],[77.649794,13.175444],[77.649798,13.174424],[77.64945,13.174085],[77.649456,13.172385],[77.651208,13.170685],[77.651211,13.169665],[77.649816,13.169326],[77.648065,13.170687],[77.646317,13.171368],[77.645616,13.172048],[77.643518,13.173069],[77.64282,13.173069],[77.64177,13.17375],[77.640373,13.173751],[77.639673,13.174091],[77.638973,13.174771],[77.63827,13.176131],[77.638265,13.177491],[77.63931,13.17817],[77.640357,13.178169]]]}},{"type":"Feature","properties":{"histId":"ams-nd44-9-1955-0181","sheet":"ams-nd44-9-1955","year":1955,"scale":250000,"areaM2":73400,"name":null,"confidence":"low","source":"ams-nd44-9-1955"},"geometry":{"type":"Polygon","coordinates":[[[77.722772,13.174706],[77.723471,13.174365],[77.723825,13.173006],[77.723478,13.172326],[77.722431,13.171987],[77.721033,13.172668],[77.721027,13.174368],[77.721724,13.174707],[77.722772,13.174706]]]}},{"type":"Feature","properties":{"histId":"ams-nd44-9-1955-0182","sheet":"ams-nd44-9-1955","year":1955,"scale":250000,"areaM2":142563,"name":null,"confidence":"medium","source":"ams-nd44-9-1955"},"geometry":{"type":"Polygon","coordinates":[[[77.909927,13.171063],[77.90923,13.170384],[77.909584,13.168345],[77.908887,13.168006],[77.907839,13.168347],[77.907835,13.170047],[77.906782,13.172088],[77.906779,13.173447],[77.907477,13.173786],[77.909923,13.172762],[77.909927,13.171063]]]}},{"type":"Feature","properties":{"histId":"ams-nd44-9-1955-0183","sheet":"ams-nd44-9-1955","year":1955,"scale":250000,"areaM2":222308,"name":null,"confidence":"high","source":"ams-nd44-9-1955"},"geometry":{"type":"Polygon","coordinates":[[[77.630944,13.174096],[77.629554,13.172397],[77.627463,13.171379],[77.626764,13.171379],[77.626416,13.17104],[77.625018,13.17138],[77.625016,13.17206],[77.626056,13.174099],[77.627448,13.175458],[77.628843,13.175797],[77.629191,13.176136],[77.630589,13.175796],[77.630941,13.175116],[77.630944,13.174096]]]}},{"type":"Feature","properties":{"histId":"ams-nd44-9-1955-0184","sheet":"ams-nd44-9-1955","year":1955,"scale":250000,"areaM2":56293,"name":null,"confidence":"low","source":"ams-nd44-9-1955"},"geometry":{"type":"Polygon","coordinates":[[[77.6718,13.173049],[77.672148,13.173389],[77.672151,13.172369],[77.671454,13.17203],[77.670407,13.172031],[77.668657,13.173052],[77.668655,13.173731],[77.670051,13.17407],[77.6718,13.173049]]]}},{"type":"Feature","properties":{"histId":"ams-nd44-9-1955-0185","sheet":"ams-nd44-9-1955","year":1955,"scale":250000,"areaM2":153269,"name":null,"confidence":"high","source":"ams-nd44-9-1955"},"geometry":{"type":"Polygon","coordinates":[[[77.975222,13.168227],[77.975226,13.166527],[77.973482,13.165511],[77.972435,13.165513],[77.971037,13.166195],[77.971034,13.167555],[77.972427,13.169252],[77.973125,13.16959],[77.974522,13.168908],[77.975222,13.168227]]]}},{"type":"Feature","properties":{"histId":"ams-nd44-9-1955-0186","sheet":"ams-nd44-9-1955","year":1955,"scale":250000,"areaM2":286419,"name":null,"confidence":"high","source":"ams-nd44-9-1955"},"geometry":{"type":"Polygon","coordinates":[[[77.591147,13.172077],[77.590454,13.170718],[77.59046,13.169018],[77.589766,13.167999],[77.589069,13.167659],[77.588021,13.16766],[77.586621,13.16868],[77.586269,13.16936],[77.58626,13.171739],[77.587652,13.173098],[77.590091,13.174456],[77.591141,13.173776],[77.591147,13.172077]]]}},{"type":"Feature","properties":{"histId":"ams-nd44-9-1955-0187","sheet":"ams-nd44-9-1955","year":1955,"scale":250000,"areaM2":117626,"name":null,"confidence":"medium","source":"ams-nd44-9-1955"},"geometry":{"type":"Polygon","coordinates":[[[77.983955,13.16617],[77.984305,13.16549],[77.984309,13.163791],[77.983613,13.162772],[77.982915,13.162434],[77.981517,13.163456],[77.981514,13.164816],[77.981164,13.165156],[77.981162,13.165836],[77.982208,13.166514],[77.983256,13.166512],[77.983955,13.16617]]]}},{"type":"Feature","properties":{"histId":"ams-nd44-9-1955-0188","sheet":"ams-nd44-9-1955","year":1955,"scale":250000,"areaM2":523806,"name":null,"confidence":"high","source":"ams-nd44-9-1955"},"geometry":{"type":"Polygon","coordinates":[[[77.760492,13.170929],[77.762243,13.169228],[77.763642,13.168546],[77.764342,13.167866],[77.765391,13.167525],[77.766091,13.166844],[77.76644,13.166844],[77.767141,13.166163],[77.767145,13.164804],[77.765053,13.163786],[77.763312,13.162089],[77.762615,13.16175],[77.761567,13.162091],[77.760514,13.163791],[77.760511,13.164811],[77.759809,13.166171],[77.759805,13.167191],[77.758405,13.168552],[77.758397,13.170931],[77.759793,13.17127],[77.760492,13.170929]]]}},{"type":"Feature","properties":{"histId":"ams-nd44-9-1955-0189","sheet":"ams-nd44-9-1955","year":1955,"scale":250000,"areaM2":298636,"name":null,"confidence":"high","source":"ams-nd44-9-1955"},"geometry":{"type":"Polygon","coordinates":[[[77.83243,13.166082],[77.834176,13.16608],[77.835222,13.166758],[77.836269,13.166757],[77.838018,13.165735],[77.839415,13.165393],[77.839765,13.165053],[77.839768,13.164033],[77.839072,13.163014],[77.83698,13.161998],[77.835933,13.161999],[77.834884,13.16268],[77.834531,13.16404],[77.834181,13.164381],[77.832783,13.164722],[77.832435,13.164383],[77.830687,13.165405],[77.830684,13.166425],[77.831381,13.166764],[77.83243,13.166082]]]}},{"type":"Feature","properties":{"histId":"ams-nd44-9-1955-0190","sheet":"ams-nd44-9-1955","year":1955,"scale":250000,"areaM2":175970,"name":null,"confidence":"high","source":"ams-nd44-9-1955"},"geometry":{"type":"Polygon","coordinates":[[[77.537745,13.166996],[77.537398,13.166656],[77.537406,13.164617],[77.537756,13.164277],[77.537759,13.163597],[77.537413,13.162917],[77.536366,13.162578],[77.534615,13.163938],[77.534263,13.164617],[77.534257,13.166317],[77.535648,13.167676],[77.537042,13.168356],[77.537741,13.168015],[77.537745,13.166996]]]}},{"type":"Feature","properties":{"histId":"ams-nd44-9-1955-0191","sheet":"ams-nd44-9-1955","year":1955,"scale":250000,"areaM2":133303,"name":null,"confidence":"medium","source":"ams-nd44-9-1955"},"geometry":{"type":"Polygon","coordinates":[[[77.948358,13.15978],[77.948009,13.159441],[77.947663,13.158082],[77.946617,13.157404],[77.945918,13.157745],[77.945911,13.161144],[77.946259,13.161483],[77.946605,13.162842],[77.947652,13.16318],[77.948351,13.162839],[77.948358,13.15978]]]}},{"type":"Feature","properties":{"histId":"ams-nd44-9-1955-0192","sheet":"ams-nd44-9-1955","year":1955,"scale":250000,"areaM2":50605,"name":null,"confidence":"low","source":"ams-nd44-9-1955"},"geometry":{"type":"Polygon","coordinates":[[[77.843966,13.160968],[77.843968,13.160288],[77.842922,13.15961],[77.841524,13.160292],[77.84152,13.161651],[77.842217,13.16199],[77.843266,13.161649],[77.843966,13.160968]]]}},{"type":"Feature","properties":{"histId":"ams-nd44-9-1955-0193","sheet":"ams-nd44-9-1955","year":1955,"scale":250000,"areaM2":356404,"name":null,"confidence":"high","source":"ams-nd44-9-1955"},"geometry":{"type":"Polygon","coordinates":[[[77.909951,13.161206],[77.910652,13.159846],[77.911352,13.159165],[77.911355,13.157805],[77.910309,13.157467],[77.909959,13.157808],[77.908911,13.157809],[77.907168,13.156793],[77.90647,13.156794],[77.905421,13.157475],[77.905067,13.159515],[77.904717,13.159856],[77.904715,13.160875],[77.907502,13.16325],[77.908548,13.163588],[77.909598,13.162906],[77.909951,13.161206]]]}},{"type":"Feature","properties":{"histId":"ams-nd44-9-1955-0194","sheet":"ams-nd44-9-1955","year":1955,"scale":250000,"areaM2":89799,"name":null,"confidence":"medium","source":"ams-nd44-9-1955"},"geometry":{"type":"Polygon","coordinates":[[[77.795088,13.160693],[77.796138,13.159672],[77.796491,13.158312],[77.795794,13.157973],[77.794747,13.157974],[77.792998,13.158996],[77.792994,13.160355],[77.794389,13.161033],[77.795088,13.160693]]]}},{"type":"Feature","properties":{"histId":"ams-nd44-9-1955-0195","sheet":"ams-nd44-9-1955","year":1955,"scale":250000,"areaM2":1538209,"name":null,"confidence":"high","source":"ams-nd44-9-1955"},"geometry":{"type":"Polygon","coordinates":[[[77.568457,13.170726],[77.569859,13.169366],[77.571258,13.168686],[77.571956,13.168685],[77.572307,13.168345],[77.573705,13.168005],[77.575107,13.166645],[77.575458,13.165965],[77.575462,13.164946],[77.575813,13.164605],[77.575817,13.163586],[77.576167,13.163246],[77.576171,13.162226],[77.576521,13.161886],[77.576527,13.160527],[77.579335,13.156447],[77.579338,13.155767],[77.578643,13.154748],[77.577946,13.154408],[77.574804,13.154409],[77.572365,13.153051],[77.571667,13.153051],[77.570617,13.153731],[77.569562,13.155771],[77.569557,13.15713],[77.569206,13.15747],[77.569198,13.15951],[77.568495,13.160869],[77.568492,13.161549],[77.567438,13.163249],[77.567434,13.164269],[77.567084,13.164609],[77.56706,13.170726],[77.567757,13.171066],[77.568457,13.170726]]]}},{"type":"Feature","properties":{"histId":"ams-nd44-9-1955-0196","sheet":"ams-nd44-9-1955","year":1955,"scale":250000,"areaM2":911796,"name":null,"confidence":"high","source":"ams-nd44-9-1955"},"geometry":{"type":"Polygon","coordinates":[[[78.002128,13.156957],[78.002828,13.156276],[78.002829,13.155597],[78.002132,13.154918],[78.001085,13.15458],[78.000389,13.153562],[77.998993,13.153225],[77.998645,13.152886],[77.995154,13.152893],[77.994806,13.152554],[77.993409,13.152557],[77.99062,13.150863],[77.989572,13.150865],[77.989224,13.150526],[77.988176,13.150868],[77.988175,13.151547],[77.98957,13.152224],[77.990617,13.152222],[77.993057,13.153917],[77.993045,13.160035],[77.993742,13.160713],[77.995137,13.16139],[77.995486,13.161049],[77.996883,13.161047],[77.997233,13.160706],[77.997931,13.160705],[77.998281,13.160364],[77.999677,13.160361],[78.000723,13.161039],[78.001772,13.160357],[78.002123,13.159677],[78.002128,13.156957]]]}},{"type":"Feature","properties":{"histId":"ams-nd44-9-1955-0197","sheet":"ams-nd44-9-1955","year":1955,"scale":250000,"areaM2":209574,"name":null,"confidence":"high","source":"ams-nd44-9-1955"},"geometry":{"type":"Polygon","coordinates":[[[77.935791,13.159123],[77.937889,13.157759],[77.939634,13.157756],[77.939983,13.158096],[77.941032,13.157414],[77.941034,13.156394],[77.939988,13.155716],[77.939638,13.156057],[77.938242,13.156059],[77.936848,13.155042],[77.935801,13.154704],[77.934752,13.155386],[77.934401,13.156066],[77.934397,13.158105],[77.934744,13.158785],[77.935791,13.159123]]]}},{"type":"Feature","properties":{"histId":"ams-nd44-9-1955-0198","sheet":"ams-nd44-9-1955","year":1955,"scale":250000,"areaM2":156018,"name":null,"confidence":"high","source":"ams-nd44-9-1955"},"geometry":{"type":"Polygon","coordinates":[[[77.524506,13.159861],[77.522768,13.158162],[77.522071,13.157822],[77.521023,13.157822],[77.520323,13.158162],[77.520321,13.158842],[77.521014,13.160201],[77.522058,13.160881],[77.522057,13.161221],[77.522752,13.1619],[77.523449,13.16224],[77.524497,13.16224],[77.525196,13.1619],[77.525199,13.16122],[77.524506,13.159861]]]}},{"type":"Feature","properties":{"histId":"ams-nd44-9-1955-0199","sheet":"ams-nd44-9-1955","year":1955,"scale":250000,"areaM2":553113,"name":null,"confidence":"high","source":"ams-nd44-9-1955"},"geometry":{"type":"Polygon","coordinates":[[[77.880631,13.158535],[77.882381,13.156832],[77.882731,13.156152],[77.882737,13.154113],[77.88204,13.153434],[77.882043,13.152414],[77.881345,13.152076],[77.880297,13.152417],[77.880295,13.153097],[77.879246,13.153778],[77.8782,13.15344],[77.877851,13.153101],[77.877856,13.151401],[77.878556,13.15072],[77.878558,13.149701],[77.877163,13.149363],[77.875764,13.150385],[77.875762,13.151065],[77.875412,13.151405],[77.875407,13.153444],[77.874357,13.154466],[77.874354,13.155485],[77.876098,13.156162],[77.87749,13.15786],[77.877488,13.158879],[77.878882,13.159557],[77.880282,13.158535],[77.880631,13.158535]]]}},{"type":"Feature","properties":{"histId":"ams-nd44-9-1955-0200","sheet":"ams-nd44-9-1955","year":1955,"scale":250000,"areaM2":237372,"name":null,"confidence":"high","source":"ams-nd44-9-1955"},"geometry":{"type":"Polygon","coordinates":[[[77.93546,13.151306],[77.934066,13.150289],[77.933018,13.150291],[77.93127,13.151313],[77.929176,13.150977],[77.928131,13.150299],[77.927083,13.150301],[77.926384,13.150642],[77.926382,13.151662],[77.928474,13.152678],[77.929172,13.152677],[77.929521,13.153016],[77.93371,13.153008],[77.934058,13.153348],[77.935106,13.153346],[77.935805,13.153005],[77.935807,13.151985],[77.93546,13.151306]]]}},{"type":"Feature","properties":{"histId":"ams-nd44-9-1955-0201","sheet":"ams-nd44-9-1955","year":1955,"scale":250000,"areaM2":134691,"name":null,"confidence":"medium","source":"ams-nd44-9-1955"},"geometry":{"type":"Polygon","coordinates":[[[77.758805,13.151897],[77.758806,13.151557],[77.75741,13.151219],[77.756711,13.15156],[77.756705,13.153599],[77.758097,13.154957],[77.759491,13.155635],[77.760541,13.154954],[77.760545,13.153595],[77.758805,13.151897]]]}},{"type":"Feature","properties":{"histId":"ams-nd44-9-1955-0202","sheet":"ams-nd44-9-1955","year":1955,"scale":250000,"areaM2":51320,"name":null,"confidence":"low","source":"ams-nd44-9-1955"},"geometry":{"type":"Polygon","coordinates":[[[77.888332,13.150365],[77.887634,13.150027],[77.886237,13.150369],[77.886233,13.152068],[77.88693,13.152407],[77.888328,13.152065],[77.888332,13.150365]]]}},{"type":"Feature","properties":{"histId":"ams-nd44-9-1955-0203","sheet":"ams-nd44-9-1955","year":1955,"scale":250000,"areaM2":54162,"name":null,"confidence":"low","source":"ams-nd44-9-1955"},"geometry":{"type":"Polygon","coordinates":[[[77.772421,13.151542],[77.771376,13.150864],[77.770678,13.150865],[77.769628,13.151546],[77.769626,13.152225],[77.77102,13.153243],[77.772419,13.152222],[77.772421,13.151542]]]}},{"type":"Feature","properties":{"histId":"ams-nd44-9-1955-0204","sheet":"ams-nd44-9-1955","year":1955,"scale":250000,"areaM2":241642,"name":null,"confidence":"high","source":"ams-nd44-9-1955"},"geometry":{"type":"Polygon","coordinates":[[[77.913112,13.153044],[77.913814,13.151683],[77.913817,13.150324],[77.91312,13.149645],[77.913122,13.148965],[77.913472,13.148625],[77.913475,13.147265],[77.912779,13.146247],[77.912082,13.145908],[77.910684,13.14659],[77.910682,13.14761],[77.91103,13.147949],[77.911026,13.149649],[77.909976,13.15067],[77.91032,13.152709],[77.911366,13.153387],[77.912413,13.153385],[77.913112,13.153044]]]}},{"type":"Feature","properties":{"histId":"ams-nd44-9-1955-0205","sheet":"ams-nd44-9-1955","year":1955,"scale":250000,"areaM2":636174,"name":null,"confidence":"high","source":"ams-nd44-9-1955"},"geometry":{"type":"Polygon","coordinates":[[[77.517558,13.151365],[77.517559,13.151025],[77.516166,13.150345],[77.515118,13.150346],[77.513377,13.149326],[77.51198,13.149326],[77.511632,13.148987],[77.510933,13.149327],[77.51093,13.150006],[77.510229,13.150686],[77.510225,13.151706],[77.510573,13.152046],[77.510567,13.153405],[77.51126,13.154765],[77.511257,13.155444],[77.5123,13.156464],[77.513694,13.157143],[77.515789,13.157143],[77.516137,13.157483],[77.517184,13.157483],[77.518583,13.156803],[77.5186,13.152724],[77.517558,13.151365]]]}},{"type":"Feature","properties":{"histId":"ams-nd44-9-1955-0206","sheet":"ams-nd44-9-1955","year":1955,"scale":250000,"areaM2":69833,"name":null,"confidence":"low","source":"ams-nd44-9-1955"},"geometry":{"type":"Polygon","coordinates":[[[77.69387,13.15094],[77.69492,13.150259],[77.694926,13.14856],[77.694229,13.14822],[77.69283,13.148901],[77.692129,13.149582],[77.692126,13.150601],[77.692823,13.15094],[77.69387,13.15094]]]}},{"type":"Feature","properties":{"histId":"ams-nd44-9-1955-0207","sheet":"ams-nd44-9-1955","year":1955,"scale":250000,"areaM2":75559,"name":null,"confidence":"medium","source":"ams-nd44-9-1955"},"geometry":{"type":"Polygon","coordinates":[[[77.923952,13.145888],[77.923254,13.145549],[77.921856,13.146231],[77.921855,13.146911],[77.9229,13.147929],[77.924294,13.148606],[77.924993,13.148265],[77.924997,13.146906],[77.923952,13.145888]]]}},{"type":"Feature","properties":{"histId":"ams-nd44-9-1955-0208","sheet":"ams-nd44-9-1955","year":1955,"scale":250000,"areaM2":245835,"name":null,"confidence":"high","source":"ams-nd44-9-1955"},"geometry":{"type":"Polygon","coordinates":[[[77.677814,13.149933],[77.678164,13.149593],[77.678172,13.147213],[77.677826,13.146534],[77.677128,13.146195],[77.674683,13.146536],[77.673984,13.146877],[77.673633,13.147557],[77.673976,13.149256],[77.67467,13.150615],[77.675712,13.151974],[77.676409,13.152313],[77.677809,13.151292],[77.677814,13.149933]]]}},{"type":"Feature","properties":{"histId":"ams-nd44-9-1955-0209","sheet":"ams-nd44-9-1955","year":1955,"scale":250000,"areaM2":277309,"name":null,"confidence":"high","source":"ams-nd44-9-1955"},"geometry":{"type":"Polygon","coordinates":[[[77.979455,13.147486],[77.981199,13.148502],[77.981898,13.148161],[77.981899,13.147481],[77.982249,13.14714],[77.982601,13.14578],[77.984699,13.144077],[77.984701,13.143057],[77.983655,13.142379],[77.982957,13.142381],[77.981559,13.143403],[77.981209,13.143404],[77.97981,13.144766],[77.977015,13.145791],[77.976665,13.146132],[77.976664,13.146811],[77.978059,13.147488],[77.979455,13.147486]]]}},{"type":"Feature","properties":{"histId":"ams-nd44-9-1955-0210","sheet":"ams-nd44-9-1955","year":1955,"scale":250000,"areaM2":1286304,"name":null,"confidence":"high","source":"ams-nd44-9-1955"},"geometry":{"type":"Polygon","coordinates":[[[77.744131,13.155312],[77.74448,13.155311],[77.745881,13.15395],[77.748329,13.152588],[77.749029,13.151908],[77.749378,13.151907],[77.750079,13.151227],[77.750428,13.151226],[77.751828,13.149865],[77.75183,13.149186],[77.751136,13.147827],[77.75009,13.147488],[77.749394,13.146809],[77.7487,13.14545],[77.748702,13.144771],[77.748354,13.144431],[77.748009,13.143072],[77.746268,13.141714],[77.738936,13.141722],[77.737538,13.142403],[77.735442,13.142745],[77.734393,13.143425],[77.73439,13.144105],[77.735436,13.144784],[77.738927,13.144781],[77.739275,13.14512],[77.742068,13.145117],[77.743461,13.146135],[77.743808,13.146815],[77.743801,13.149194],[77.742747,13.151234],[77.742744,13.152254],[77.74169,13.154294],[77.740638,13.155655],[77.740636,13.156335],[77.741333,13.156674],[77.742731,13.156333],[77.744131,13.155312]]]}},{"type":"Feature","properties":{"histId":"ams-nd44-9-1955-0211","sheet":"ams-nd44-9-1955","year":1955,"scale":250000,"areaM2":134721,"name":null,"confidence":"medium","source":"ams-nd44-9-1955"},"geometry":{"type":"Polygon","coordinates":[[[77.919418,13.143856],[77.91942,13.142837],[77.919072,13.142497],[77.919077,13.140458],[77.91838,13.14012],[77.917332,13.140121],[77.915933,13.141143],[77.91593,13.142503],[77.916278,13.143182],[77.917672,13.144199],[77.918719,13.144197],[77.919418,13.143856]]]}},{"type":"Feature","properties":{"histId":"ams-nd44-9-1955-0212","sheet":"ams-nd44-9-1955","year":1955,"scale":250000,"areaM2":1273420,"name":null,"confidence":"high","source":"ams-nd44-9-1955"},"geometry":{"type":"Polygon","coordinates":[[[77.720065,13.147858],[77.721115,13.146837],[77.722514,13.146156],[77.722865,13.145476],[77.722869,13.144456],[77.722522,13.143777],[77.719737,13.14106],[77.719738,13.14072],[77.716253,13.139024],[77.714166,13.136647],[77.712772,13.135968],[77.710677,13.13597],[77.710329,13.135631],[77.708933,13.135632],[77.707883,13.136313],[77.70788,13.137332],[77.708575,13.138351],[77.708917,13.14039],[77.709961,13.141409],[77.70996,13.141749],[77.711004,13.142768],[77.712398,13.143446],[77.713446,13.143445],[77.714143,13.143785],[77.714838,13.144804],[77.715182,13.146163],[77.717274,13.14718],[77.717271,13.1482],[77.716569,13.14922],[77.716563,13.15126],[77.717608,13.151939],[77.719706,13.150917],[77.720408,13.149557],[77.720065,13.147858]]]}},{"type":"Feature","properties":{"histId":"ams-nd44-9-1955-0213","sheet":"ams-nd44-9-1955","year":1955,"scale":250000,"areaM2":310041,"name":null,"confidence":"high","source":"ams-nd44-9-1955"},"geometry":{"type":"Polygon","coordinates":[[[77.850655,13.139886],[77.849958,13.139547],[77.848212,13.139549],[77.847167,13.138871],[77.845771,13.138533],[77.844372,13.139555],[77.844021,13.140235],[77.844367,13.141594],[77.845411,13.142612],[77.847503,13.143629],[77.8489,13.143627],[77.850298,13.142945],[77.850998,13.142265],[77.851351,13.140905],[77.850655,13.139886]]]}},{"type":"Feature","properties":{"histId":"ams-nd44-9-1955-0214","sheet":"ams-nd44-9-1955","year":1955,"scale":250000,"areaM2":453324,"name":null,"confidence":"high","source":"ams-nd44-9-1955"},"geometry":{"type":"Polygon","coordinates":[[[77.882413,13.143917],[77.883809,13.143915],[77.884509,13.143574],[77.884859,13.142893],[77.886258,13.141872],[77.886259,13.141532],[77.886959,13.140851],[77.887661,13.13949],[77.887663,13.138471],[77.886269,13.137453],[77.885919,13.137793],[77.884174,13.137796],[77.882431,13.136779],[77.881732,13.13712],[77.881031,13.138141],[77.881026,13.14018],[77.880676,13.140521],[77.880674,13.14154],[77.880324,13.141881],[77.880318,13.14392],[77.881364,13.144598],[77.882413,13.143917]]]}},{"type":"Feature","properties":{"histId":"ams-nd44-9-1955-0215","sheet":"ams-nd44-9-1955","year":1955,"scale":250000,"areaM2":366312,"name":null,"confidence":"high","source":"ams-nd44-9-1955"},"geometry":{"type":"Polygon","coordinates":[[[77.781868,13.144734],[77.785718,13.141331],[77.785722,13.139971],[77.784677,13.139292],[77.780836,13.139297],[77.779442,13.138619],[77.778393,13.1393],[77.778389,13.140659],[77.779084,13.141678],[77.779081,13.142698],[77.779429,13.143037],[77.779774,13.144396],[77.780819,13.145075],[77.781868,13.144734]]]}},{"type":"Feature","properties":{"histId":"ams-nd44-9-1955-0216","sheet":"ams-nd44-9-1955","year":1955,"scale":250000,"areaM2":193793,"name":null,"confidence":"high","source":"ams-nd44-9-1955"},"geometry":{"type":"Polygon","coordinates":[[[77.589513,13.142508],[77.59021,13.142847],[77.593352,13.142846],[77.594051,13.142506],[77.594056,13.141146],[77.59371,13.140467],[77.593014,13.139787],[77.59162,13.139108],[77.590224,13.139109],[77.589524,13.139449],[77.588822,13.140469],[77.588818,13.141488],[77.589514,13.142168],[77.589513,13.142508]]]}},{"type":"Feature","properties":{"histId":"ams-nd44-9-1955-0217","sheet":"ams-nd44-9-1955","year":1955,"scale":250000,"areaM2":1234831,"name":null,"confidence":"high","source":"ams-nd44-9-1955"},"geometry":{"type":"Polygon","coordinates":[[[77.664582,13.139746],[77.664589,13.137707],[77.663892,13.137367],[77.661098,13.137709],[77.660748,13.138049],[77.65586,13.138053],[77.655513,13.137713],[77.654116,13.137714],[77.653419,13.137375],[77.652376,13.136016],[77.650982,13.135337],[77.650283,13.135677],[77.649932,13.136357],[77.646434,13.138059],[77.645733,13.139079],[77.645723,13.141798],[77.64642,13.142138],[77.64712,13.141797],[77.647467,13.142137],[77.652006,13.142134],[77.652354,13.142474],[77.656542,13.142811],[77.65689,13.14315],[77.663872,13.143145],[77.664223,13.142805],[77.66527,13.142805],[77.66632,13.142124],[77.666322,13.141444],[77.664582,13.139746]]]}},{"type":"Feature","properties":{"histId":"ams-nd44-9-1955-0218","sheet":"ams-nd44-9-1955","year":1955,"scale":250000,"areaM2":152517,"name":null,"confidence":"high","source":"ams-nd44-9-1955"},"geometry":{"type":"Polygon","coordinates":[[[77.810861,13.13858],[77.80982,13.136543],[77.808425,13.135865],[77.807026,13.136886],[77.807021,13.138585],[77.808762,13.140283],[77.809808,13.140621],[77.810857,13.13994],[77.810861,13.13858]]]}},{"type":"Feature","properties":{"histId":"ams-nd44-9-1955-0219","sheet":"ams-nd44-9-1955","year":1955,"scale":250000,"areaM2":98326,"name":null,"confidence":"medium","source":"ams-nd44-9-1955"},"geometry":{"type":"Polygon","coordinates":[[[77.627576,13.13977],[77.627579,13.13909],[77.626186,13.138071],[77.624787,13.138752],[77.624776,13.141811],[77.625473,13.14215],[77.626873,13.14113],[77.627576,13.13977]]]}},{"type":"Feature","properties":{"histId":"ams-nd44-9-1955-0220","sheet":"ams-nd44-9-1955","year":1955,"scale":250000,"areaM2":973374,"name":null,"confidence":"high","source":"ams-nd44-9-1955"},"geometry":{"type":"Polygon","coordinates":[[[77.694253,13.140743],[77.692861,13.139384],[77.692169,13.137686],[77.690777,13.136327],[77.69008,13.135988],[77.688334,13.135989],[77.687984,13.13633],[77.687636,13.13599],[77.68624,13.135991],[77.684149,13.134973],[77.683106,13.133614],[77.683107,13.133274],[77.682062,13.132596],[77.681013,13.132936],[77.681012,13.133276],[77.679611,13.134637],[77.679262,13.134637],[77.679258,13.135997],[77.679606,13.136336],[77.68344,13.138033],[77.684484,13.139051],[77.684833,13.139051],[77.68866,13.143127],[77.690054,13.143805],[77.690752,13.143805],[77.6911,13.144144],[77.692846,13.144143],[77.693194,13.144482],[77.694241,13.144482],[77.695991,13.143121],[77.695997,13.141421],[77.694253,13.140743]]]}},{"type":"Feature","properties":{"histId":"ams-nd44-9-1955-0221","sheet":"ams-nd44-9-1955","year":1955,"scale":250000,"areaM2":452411,"name":null,"confidence":"high","source":"ams-nd44-9-1955"},"geometry":{"type":"Polygon","coordinates":[[[77.577294,13.142513],[77.579046,13.140813],[77.579395,13.140812],[77.580446,13.139792],[77.580795,13.139792],[77.580796,13.139452],[77.581497,13.138772],[77.5815,13.138093],[77.580803,13.137753],[77.580103,13.138093],[77.579059,13.137414],[77.578368,13.135375],[77.577671,13.135035],[77.576273,13.135376],[77.575222,13.136396],[77.574519,13.137755],[77.574516,13.138435],[77.574166,13.138775],[77.574155,13.141494],[77.574503,13.141834],[77.574501,13.142514],[77.575195,13.143533],[77.575892,13.143873],[77.576941,13.143532],[77.577294,13.142513]]]}},{"type":"Feature","properties":{"histId":"ams-nd44-9-1955-0222","sheet":"ams-nd44-9-1955","year":1955,"scale":250000,"areaM2":1104194,"name":null,"confidence":"high","source":"ams-nd44-9-1955"},"geometry":{"type":"Polygon","coordinates":[[[77.508849,13.146608],[77.508501,13.146268],[77.508507,13.144908],[77.506421,13.142869],[77.506074,13.14219],[77.506087,13.139131],[77.506791,13.137771],[77.506794,13.137091],[77.507144,13.136751],[77.507503,13.134372],[77.508205,13.133352],[77.508211,13.131993],[77.50647,13.130974],[77.504724,13.130974],[77.502974,13.131993],[77.501578,13.131994],[77.500878,13.132334],[77.500526,13.133013],[77.500515,13.135732],[77.499109,13.138112],[77.499106,13.138791],[77.499799,13.140151],[77.500494,13.140831],[77.502934,13.14185],[77.503977,13.14287],[77.505362,13.145588],[77.505355,13.147288],[77.506048,13.148647],[77.507092,13.149327],[77.507791,13.149327],[77.50849,13.148987],[77.508849,13.146608]]]}},{"type":"Feature","properties":{"histId":"ams-nd44-9-1955-0223","sheet":"ams-nd44-9-1955","year":1955,"scale":250000,"areaM2":365608,"name":null,"confidence":"high","source":"ams-nd44-9-1955"},"geometry":{"type":"Polygon","coordinates":[[[77.80075,13.134175],[77.799355,13.133837],[77.799006,13.133497],[77.797959,13.133498],[77.79621,13.13486],[77.796205,13.13656],[77.797598,13.137577],[77.801788,13.137572],[77.802136,13.137912],[77.802834,13.137911],[77.803883,13.13723],[77.803892,13.134171],[77.804242,13.133831],[77.804245,13.132811],[77.803199,13.132472],[77.80075,13.134175]]]}},{"type":"Feature","properties":{"histId":"ams-nd44-9-1955-0224","sheet":"ams-nd44-9-1955","year":1955,"scale":250000,"areaM2":884586,"name":null,"confidence":"high","source":"ams-nd44-9-1955"},"geometry":{"type":"Polygon","coordinates":[[[77.914191,13.139787],[77.915243,13.138086],[77.915246,13.136726],[77.915596,13.136386],[77.915948,13.135025],[77.918398,13.132302],[77.918401,13.130943],[77.918054,13.130264],[77.916658,13.129926],[77.91631,13.129587],[77.911424,13.128915],[77.910725,13.129256],[77.908976,13.130959],[77.908625,13.131639],[77.908624,13.132319],[77.909319,13.133337],[77.908964,13.136057],[77.911749,13.139111],[77.912097,13.13979],[77.912094,13.14081],[77.913141,13.141148],[77.91419,13.140466],[77.914191,13.139787]]]}},{"type":"Feature","properties":{"histId":"ams-nd44-9-1955-0225","sheet":"ams-nd44-9-1955","year":1955,"scale":250000,"areaM2":1269653,"name":null,"confidence":"high","source":"ams-nd44-9-1955"},"geometry":{"type":"Polygon","coordinates":[[[77.992053,13.132846],[77.993447,13.134203],[77.994842,13.13488],[77.995889,13.134878],[77.997981,13.135893],[78.000076,13.135889],[78.000425,13.135548],[78.001473,13.135546],[78.001822,13.135206],[78.00287,13.135204],[78.004966,13.13418],[78.006714,13.132817],[78.008807,13.133832],[78.009855,13.13349],[78.009857,13.132131],[78.008462,13.131793],[78.008112,13.132134],[78.007414,13.132136],[78.005671,13.13078],[78.005322,13.13078],[78.004277,13.129763],[78.002882,13.129086],[78.00009,13.128752],[77.998695,13.128075],[77.996953,13.126379],[77.996954,13.126039],[77.996256,13.1257],[77.993461,13.127066],[77.992064,13.127408],[77.991015,13.12843],[77.99101,13.130809],[77.992053,13.132846]]]}},{"type":"Feature","properties":{"histId":"ams-nd44-9-1955-0226","sheet":"ams-nd44-9-1955","year":1955,"scale":250000,"areaM2":66255,"name":null,"confidence":"low","source":"ams-nd44-9-1955"},"geometry":{"type":"Polygon","coordinates":[[[77.537881,13.133008],[77.537184,13.132668],[77.536137,13.132668],[77.535437,13.133008],[77.535433,13.134028],[77.535781,13.134368],[77.537176,13.134707],[77.537524,13.135047],[77.538572,13.134707],[77.538576,13.133687],[77.537881,13.133008]]]}},{"type":"Feature","properties":{"histId":"ams-nd44-9-1955-0227","sheet":"ams-nd44-9-1955","year":1955,"scale":250000,"areaM2":158909,"name":null,"confidence":"high","source":"ams-nd44-9-1955"},"geometry":{"type":"Polygon","coordinates":[[[77.715928,13.131547],[77.71558,13.131208],[77.713837,13.130529],[77.713141,13.12985],[77.711746,13.129172],[77.711047,13.129512],[77.711042,13.131212],[77.71313,13.133249],[77.713827,13.133588],[77.714874,13.133587],[77.715573,13.133247],[77.715925,13.132567],[77.715928,13.131547]]]}},{"type":"Feature","properties":{"histId":"ams-nd44-9-1955-0228","sheet":"ams-nd44-9-1955","year":1955,"scale":250000,"areaM2":898871,"name":null,"confidence":"high","source":"ams-nd44-9-1955"},"geometry":{"type":"Polygon","coordinates":[[[77.937944,13.133288],[77.938294,13.132947],[77.942483,13.13294],[77.943532,13.132258],[77.943534,13.131239],[77.942141,13.129882],[77.941795,13.128523],[77.941447,13.128183],[77.941453,13.125464],[77.942153,13.124444],[77.942155,13.123764],[77.941108,13.123426],[77.937264,13.125472],[77.934122,13.125477],[77.933774,13.125138],[77.93168,13.125142],[77.930981,13.125483],[77.930978,13.126503],[77.932025,13.126841],[77.933416,13.128877],[77.933413,13.130237],[77.934108,13.131595],[77.934805,13.132274],[77.936897,13.13329],[77.937944,13.133288]]]}},{"type":"Feature","properties":{"histId":"ams-nd44-9-1955-0229","sheet":"ams-nd44-9-1955","year":1955,"scale":250000,"areaM2":157837,"name":null,"confidence":"high","source":"ams-nd44-9-1955"},"geometry":{"type":"Polygon","coordinates":[[[77.978098,13.129135],[77.978796,13.129134],[77.979844,13.128452],[77.979847,13.127432],[77.979498,13.127093],[77.979152,13.125734],[77.978106,13.125056],[77.97601,13.12608],[77.974693,13.127042],[77.975309,13.127441],[77.975656,13.12812],[77.977051,13.128797],[77.977749,13.128796],[77.978098,13.129135]]]}},{"type":"Feature","properties":{"histId":"ams-nd44-9-1955-0230","sheet":"ams-nd44-9-1955","year":1955,"scale":250000,"areaM2":185282,"name":null,"confidence":"high","source":"ams-nd44-9-1955"},"geometry":{"type":"Polygon","coordinates":[[[77.743862,13.129481],[77.741422,13.128124],[77.73898,13.127786],[77.738632,13.127447],[77.737234,13.127788],[77.737232,13.128468],[77.738276,13.129487],[77.739323,13.129825],[77.741761,13.131522],[77.742808,13.131521],[77.743507,13.131181],[77.743509,13.130841],[77.744209,13.13016],[77.744212,13.129141],[77.743862,13.129481]]]}},{"type":"Feature","properties":{"histId":"ams-nd44-9-1955-0231","sheet":"ams-nd44-9-1955","year":1955,"scale":250000,"areaM2":112083,"name":null,"confidence":"medium","source":"ams-nd44-9-1955"},"geometry":{"type":"Polygon","coordinates":[[[77.970775,13.12541],[77.96903,13.125414],[77.968331,13.125755],[77.968328,13.127114],[77.969374,13.127792],[77.969723,13.127452],[77.970422,13.12745],[77.97077,13.127789],[77.971819,13.127108],[77.972517,13.127106],[77.972865,13.127446],[77.974209,13.126789],[77.972869,13.125746],[77.972171,13.125748],[77.971821,13.126088],[77.970775,13.12541]]]}},{"type":"Feature","properties":{"histId":"ams-nd44-9-1955-0232","sheet":"ams-nd44-9-1955","year":1955,"scale":250000,"areaM2":535723,"name":null,"confidence":"high","source":"ams-nd44-9-1955"},"geometry":{"type":"Polygon","coordinates":[[[77.520423,13.133691],[77.523214,13.13403],[77.523914,13.13369],[77.523921,13.131991],[77.525325,13.129951],[77.525342,13.125873],[77.524995,13.125193],[77.524299,13.124853],[77.523249,13.125533],[77.523246,13.126213],[77.522895,13.126553],[77.522541,13.127913],[77.521139,13.129272],[77.52009,13.129612],[77.51869,13.130632],[77.515894,13.131312],[77.515891,13.131992],[77.517282,13.133351],[77.517279,13.134031],[77.517975,13.134711],[77.518672,13.135051],[77.520423,13.133691]]]}},{"type":"Feature","properties":{"histId":"ams-nd44-9-1955-0233","sheet":"ams-nd44-9-1955","year":1955,"scale":250000,"areaM2":164594,"name":null,"confidence":"high","source":"ams-nd44-9-1955"},"geometry":{"type":"Polygon","coordinates":[[[77.648558,13.129901],[77.648553,13.13126],[77.649947,13.131939],[77.651345,13.131598],[77.652046,13.130578],[77.652059,13.126839],[77.651362,13.1265],[77.651364,13.12616],[77.650663,13.12684],[77.650314,13.12684],[77.649611,13.1282],[77.649609,13.12888],[77.648558,13.129901]]]}},{"type":"Feature","properties":{"histId":"ams-nd44-9-1955-0234","sheet":"ams-nd44-9-1955","year":1955,"scale":250000,"areaM2":91188,"name":null,"confidence":"medium","source":"ams-nd44-9-1955"},"geometry":{"type":"Polygon","coordinates":[[[77.530559,13.13063],[77.531259,13.13029],[77.531263,13.12927],[77.529871,13.128251],[77.528474,13.128251],[77.527424,13.128931],[77.52742,13.129951],[77.528465,13.130631],[77.530559,13.13063]]]}},{"type":"Feature","properties":{"histId":"ams-nd44-9-1955-0235","sheet":"ams-nd44-9-1955","year":1955,"scale":250000,"areaM2":1865332,"name":null,"confidence":"high","source":"ams-nd44-9-1955"},"geometry":{"type":"Polygon","coordinates":[[[77.887323,13.134732],[77.888724,13.133031],[77.888727,13.132011],[77.889428,13.13065],[77.891178,13.128948],[77.892576,13.128266],[77.893972,13.128264],[77.894322,13.127924],[77.895369,13.127922],[77.895719,13.127581],[77.898163,13.127578],[77.898513,13.127237],[77.901654,13.127232],[77.902353,13.126891],[77.902356,13.125871],[77.902007,13.125532],[77.899218,13.124177],[77.897477,13.12248],[77.897479,13.121801],[77.898528,13.121119],[77.899924,13.121117],[77.900973,13.120436],[77.900977,13.118736],[77.901327,13.118396],[77.901329,13.117376],[77.900632,13.117037],[77.899236,13.11704],[77.898886,13.11738],[77.898188,13.117381],[77.897838,13.117722],[77.896441,13.118064],[77.895741,13.118745],[77.895738,13.119764],[77.896435,13.120443],[77.896433,13.121123],[77.895733,13.121804],[77.894335,13.122486],[77.89259,13.122488],[77.891195,13.121811],[77.890497,13.121812],[77.888405,13.120796],[77.886663,13.119439],[77.885269,13.118761],[77.883871,13.119443],[77.883867,13.121143],[77.884563,13.121821],[77.88456,13.122841],[77.884211,13.123181],[77.884206,13.124881],[77.885599,13.126238],[77.885947,13.126917],[77.885594,13.128277],[77.884194,13.129639],[77.884188,13.132358],[77.884536,13.132697],[77.884534,13.133377],[77.884184,13.133718],[77.884182,13.134397],[77.884879,13.135076],[77.885925,13.135414],[77.887323,13.134732]]]}},{"type":"Feature","properties":{"histId":"ams-nd44-9-1955-0236","sheet":"ams-nd44-9-1955","year":1955,"scale":250000,"areaM2":76988,"name":null,"confidence":"medium","source":"ams-nd44-9-1955"},"geometry":{"type":"Polygon","coordinates":[[[77.963804,13.120665],[77.962757,13.120327],[77.962059,13.120668],[77.962056,13.122028],[77.962752,13.123046],[77.964147,13.123384],[77.964846,13.123042],[77.964849,13.121683],[77.963804,13.120665]]]}},{"type":"Feature","properties":{"histId":"ams-nd44-9-1955-0237","sheet":"ams-nd44-9-1955","year":1955,"scale":250000,"areaM2":99041,"name":null,"confidence":"medium","source":"ams-nd44-9-1955"},"geometry":{"type":"Polygon","coordinates":[[[77.652429,13.121061],[77.651732,13.120722],[77.650682,13.121402],[77.650331,13.122082],[77.650322,13.124461],[77.650669,13.125141],[77.651366,13.12548],[77.652065,13.12514],[77.652068,13.12446],[77.652418,13.12412],[77.652429,13.121061]]]}},{"type":"Feature","properties":{"histId":"ams-nd44-9-1955-0238","sheet":"ams-nd44-9-1955","year":1955,"scale":250000,"areaM2":103337,"name":null,"confidence":"medium","source":"ams-nd44-9-1955"},"geometry":{"type":"Polygon","coordinates":[[[77.789969,13.119913],[77.788574,13.119575],[77.787875,13.119915],[77.787872,13.120935],[77.788915,13.122293],[77.788914,13.122633],[77.790309,13.123311],[77.791357,13.12297],[77.791361,13.121611],[77.789969,13.119913]]]}},{"type":"Feature","properties":{"histId":"ams-nd44-9-1955-0239","sheet":"ams-nd44-9-1955","year":1955,"scale":250000,"areaM2":1309325,"name":null,"confidence":"high","source":"ams-nd44-9-1955"},"geometry":{"type":"Polygon","coordinates":[[[77.865719,13.119471],[77.867811,13.120488],[77.869203,13.122185],[77.8699,13.122524],[77.870598,13.122523],[77.871996,13.121841],[77.873395,13.120819],[77.877933,13.120812],[77.878281,13.121151],[77.880376,13.121148],[77.881425,13.120467],[77.881429,13.118767],[77.877948,13.115034],[77.876553,13.114356],[77.870619,13.114365],[77.870271,13.114026],[77.868876,13.113688],[77.867134,13.112331],[77.866086,13.112673],[77.865386,13.113354],[77.865384,13.114033],[77.864683,13.115054],[77.86468,13.116414],[77.863978,13.117774],[77.864324,13.119133],[77.865719,13.119471]]]}},{"type":"Feature","properties":{"histId":"ams-nd44-9-1955-0240","sheet":"ams-nd44-9-1955","year":1955,"scale":250000,"areaM2":286558,"name":null,"confidence":"high","source":"ams-nd44-9-1955"},"geometry":{"type":"Polygon","coordinates":[[[77.948799,13.118314],[77.949497,13.118652],[77.953343,13.115586],[77.953347,13.113887],[77.952301,13.113209],[77.950905,13.113212],[77.949507,13.113894],[77.948809,13.113895],[77.948459,13.114236],[77.947761,13.114237],[77.946364,13.114919],[77.946361,13.116279],[77.947755,13.116956],[77.948799,13.118314]]]}},{"type":"Feature","properties":{"histId":"ams-nd44-9-1955-0241","sheet":"ams-nd44-9-1955","year":1955,"scale":250000,"areaM2":153977,"name":null,"confidence":"high","source":"ams-nd44-9-1955"},"geometry":{"type":"Polygon","coordinates":[[[77.974638,13.114527],[77.974639,13.114187],[77.97429,13.114188],[77.972896,13.112831],[77.972199,13.112492],[77.9715,13.112833],[77.971495,13.115213],[77.972538,13.11691],[77.973585,13.117248],[77.973935,13.116907],[77.974982,13.116905],[77.975681,13.116564],[77.975683,13.115544],[77.974638,13.114527]]]}},{"type":"Feature","properties":{"histId":"ams-nd44-9-1955-0242","sheet":"ams-nd44-9-1955","year":1955,"scale":250000,"areaM2":320591,"name":null,"confidence":"high","source":"ams-nd44-9-1955"},"geometry":{"type":"Polygon","coordinates":[[[77.551198,13.120089],[77.552245,13.120089],[77.552593,13.120429],[77.554338,13.120428],[77.555388,13.119748],[77.556443,13.117708],[77.556447,13.116689],[77.55575,13.116349],[77.5554,13.116689],[77.554702,13.116689],[77.554354,13.11635],[77.551561,13.11635],[77.550864,13.116011],[77.550514,13.116351],[77.549116,13.116691],[77.548765,13.117371],[77.548758,13.11907],[77.550498,13.120429],[77.551198,13.120089]]]}},{"type":"Feature","properties":{"histId":"ams-nd44-9-1955-0243","sheet":"ams-nd44-9-1955","year":1955,"scale":250000,"areaM2":99090,"name":null,"confidence":"medium","source":"ams-nd44-9-1955"},"geometry":{"type":"Polygon","coordinates":[[[77.998026,13.113461],[77.997678,13.113122],[77.99768,13.112442],[77.996984,13.111084],[77.995938,13.110747],[77.995239,13.111088],[77.995235,13.113127],[77.99593,13.114485],[77.996977,13.114823],[77.998025,13.114141],[77.998026,13.113461]]]}},{"type":"Feature","properties":{"histId":"ams-nd44-9-1955-0244","sheet":"ams-nd44-9-1955","year":1955,"scale":250000,"areaM2":51312,"name":null,"confidence":"low","source":"ams-nd44-9-1955"},"geometry":{"type":"Polygon","coordinates":[[[77.789288,13.114136],[77.788243,13.113457],[77.787194,13.114138],[77.78719,13.115498],[77.788235,13.116176],[77.789284,13.115495],[77.789288,13.114136]]]}},{"type":"Feature","properties":{"histId":"ams-nd44-9-1955-0245","sheet":"ams-nd44-9-1955","year":1955,"scale":250000,"areaM2":81936,"name":null,"confidence":"medium","source":"ams-nd44-9-1955"},"geometry":{"type":"Polygon","coordinates":[[[77.617533,13.117683],[77.619282,13.116663],[77.619285,13.115643],[77.618588,13.115304],[77.616494,13.115305],[77.615795,13.115645],[77.61579,13.117004],[77.616834,13.117684],[77.617533,13.117683]]]}},{"type":"Feature","properties":{"histId":"ams-nd44-9-1955-0246","sheet":"ams-nd44-9-1955","year":1955,"scale":250000,"areaM2":424832,"name":null,"confidence":"high","source":"ams-nd44-9-1955"},"geometry":{"type":"Polygon","coordinates":[[[77.929609,13.114949],[77.928218,13.112572],[77.92822,13.111893],[77.927175,13.110875],[77.927176,13.110535],[77.926131,13.109517],[77.924736,13.10884],[77.92404,13.108161],[77.923342,13.107823],[77.922644,13.108164],[77.92264,13.109863],[77.924377,13.113259],[77.924371,13.115638],[77.926113,13.116994],[77.926463,13.116654],[77.928209,13.116651],[77.928557,13.11699],[77.929606,13.116309],[77.929609,13.114949]]]}},{"type":"Feature","properties":{"histId":"ams-nd44-9-1955-0247","sheet":"ams-nd44-9-1955","year":1955,"scale":250000,"areaM2":54158,"name":null,"confidence":"low","source":"ams-nd44-9-1955"},"geometry":{"type":"Polygon","coordinates":[[[77.727151,13.115222],[77.727154,13.114203],[77.726109,13.113524],[77.72471,13.114205],[77.724706,13.115565],[77.725403,13.115904],[77.726101,13.115903],[77.727151,13.115222]]]}},{"type":"Feature","properties":{"histId":"ams-nd44-9-1955-0248","sheet":"ams-nd44-9-1955","year":1955,"scale":250000,"areaM2":1359381,"name":null,"confidence":"high","source":"ams-nd44-9-1955"},"geometry":{"type":"Polygon","coordinates":[[[77.588188,13.123475],[77.588891,13.122115],[77.590993,13.120075],[77.591345,13.119395],[77.593443,13.118375],[77.59484,13.118374],[77.596589,13.117354],[77.597287,13.117353],[77.597637,13.117013],[77.599035,13.116673],[77.599387,13.115993],[77.599392,13.114633],[77.600094,13.113613],[77.600104,13.110894],[77.599059,13.110215],[77.597664,13.109876],[77.595925,13.108177],[77.594879,13.107838],[77.593479,13.108858],[77.593478,13.109198],[77.589974,13.112598],[77.588575,13.113279],[77.587528,13.113279],[77.586829,13.113619],[77.586477,13.114299],[77.586473,13.115319],[77.587169,13.115998],[77.587512,13.117697],[77.587161,13.118037],[77.586802,13.120757],[77.586451,13.121097],[77.586442,13.123476],[77.587488,13.123815],[77.588188,13.123475]]]}},{"type":"Feature","properties":{"histId":"ams-nd44-9-1955-0249","sheet":"ams-nd44-9-1955","year":1955,"scale":250000,"areaM2":81225,"name":null,"confidence":"medium","source":"ams-nd44-9-1955"},"geometry":{"type":"Polygon","coordinates":[[[77.628712,13.115298],[77.629761,13.114618],[77.629765,13.113598],[77.62872,13.112919],[77.627324,13.11292],[77.626274,13.1136],[77.626271,13.11462],[77.627664,13.115298],[77.628712,13.115298]]]}},{"type":"Feature","properties":{"histId":"ams-nd44-9-1955-0250","sheet":"ams-nd44-9-1955","year":1955,"scale":250000,"areaM2":65540,"name":null,"confidence":"low","source":"ams-nd44-9-1955"},"geometry":{"type":"Polygon","coordinates":[[[77.527476,13.116016],[77.528878,13.114656],[77.528882,13.113637],[77.528185,13.113297],[77.526786,13.113977],[77.526084,13.114997],[77.52608,13.116016],[77.526776,13.116356],[77.527476,13.116016]]]}},{"type":"Feature","properties":{"histId":"ams-nd44-9-1955-0251","sheet":"ams-nd44-9-1955","year":1955,"scale":250000,"areaM2":77698,"name":null,"confidence":"medium","source":"ams-nd44-9-1955"},"geometry":{"type":"Polygon","coordinates":[[[77.951612,13.109132],[77.951264,13.108793],[77.950918,13.107434],[77.950221,13.107095],[77.949522,13.107436],[77.949516,13.109816],[77.950212,13.110834],[77.95091,13.111173],[77.951608,13.110831],[77.951612,13.109132]]]}},{"type":"Feature","properties":{"histId":"ams-nd44-9-1955-0252","sheet":"ams-nd44-9-1955","year":1955,"scale":250000,"areaM2":86219,"name":null,"confidence":"medium","source":"ams-nd44-9-1955"},"geometry":{"type":"Polygon","coordinates":[[[77.682134,13.111183],[77.681438,13.110504],[77.680741,13.110165],[77.679694,13.110165],[77.678995,13.110506],[77.678992,13.111186],[77.680384,13.112544],[77.680383,13.112884],[77.681429,13.113223],[77.682478,13.112542],[77.682483,13.111183],[77.682134,13.111183]]]}},{"type":"Feature","properties":{"histId":"ams-nd44-9-1955-0253","sheet":"ams-nd44-9-1955","year":1955,"scale":250000,"areaM2":126103,"name":null,"confidence":"medium","source":"ams-nd44-9-1955"},"geometry":{"type":"Polygon","coordinates":[[[77.574961,13.113284],[77.576358,13.113283],[77.576708,13.112943],[77.577406,13.112943],[77.577754,13.113283],[77.578801,13.113282],[77.579501,13.112942],[77.579503,13.112263],[77.578111,13.111244],[77.575667,13.111244],[77.57532,13.110905],[77.574621,13.110905],[77.573572,13.111585],[77.573569,13.112265],[77.574961,13.113284]]]}},{"type":"Feature","properties":{"histId":"ams-nd44-9-1955-0254","sheet":"ams-nd44-9-1955","year":1955,"scale":250000,"areaM2":88338,"name":null,"confidence":"medium","source":"ams-nd44-9-1955"},"geometry":{"type":"Polygon","coordinates":[[[77.534121,13.112956],[77.535172,13.111936],[77.535176,13.110916],[77.534132,13.110237],[77.532734,13.110577],[77.532733,13.110917],[77.531681,13.111937],[77.531679,13.112616],[77.532723,13.113296],[77.534121,13.112956]]]}},{"type":"Feature","properties":{"histId":"ams-nd44-9-1955-0255","sheet":"ams-nd44-9-1955","year":1955,"scale":250000,"areaM2":346269,"name":null,"confidence":"high","source":"ams-nd44-9-1955"},"geometry":{"type":"Polygon","coordinates":[[[77.617203,13.112245],[77.617554,13.111905],[77.617901,13.112245],[77.621043,13.112243],[77.622442,13.111563],[77.622448,13.109863],[77.6221,13.109524],[77.622103,13.108844],[77.620363,13.107146],[77.618968,13.106806],[77.617568,13.107827],[77.617566,13.108507],[77.614763,13.111227],[77.614761,13.111907],[77.615806,13.112586],[77.617203,13.112245]]]}},{"type":"Feature","properties":{"histId":"ams-nd44-9-1955-0256","sheet":"ams-nd44-9-1955","year":1955,"scale":250000,"areaM2":4162956,"name":null,"confidence":"high","source":"ams-nd44-9-1955"},"geometry":{"type":"Polygon","coordinates":[[[77.859454,13.112683],[77.855968,13.110649],[77.854921,13.11065],[77.854571,13.11099],[77.850383,13.110997],[77.846897,13.109302],[77.8462,13.108623],[77.843062,13.107268],[77.83958,13.104214],[77.838534,13.103876],[77.835749,13.101161],[77.83575,13.100821],[77.834358,13.099123],[77.834366,13.096064],[77.834018,13.095725],[77.83402,13.095045],[77.832629,13.093348],[77.831932,13.093009],[77.828788,13.093693],[77.827739,13.094374],[77.827388,13.095054],[77.82599,13.095736],[77.823547,13.095739],[77.822148,13.096761],[77.822145,13.09778],[77.822841,13.098799],[77.823531,13.101517],[77.827006,13.10729],[77.827001,13.10899],[77.827349,13.109329],[77.827347,13.110009],[77.828393,13.110687],[77.828743,13.110347],[77.830139,13.110345],[77.830489,13.110005],[77.831187,13.110004],[77.831537,13.109663],[77.834679,13.109659],[77.835027,13.109998],[77.83712,13.110335],[77.840954,13.112369],[77.841652,13.112368],[77.843047,13.113046],[77.845136,13.115083],[77.845481,13.116442],[77.845829,13.116781],[77.845824,13.11882],[77.844774,13.119841],[77.844772,13.120521],[77.84512,13.12086],[77.845118,13.12188],[77.845812,13.123239],[77.846509,13.123578],[77.847558,13.122896],[77.84826,13.121536],[77.848262,13.120856],[77.848612,13.120516],[77.848614,13.119836],[77.850714,13.117794],[77.854905,13.116768],[77.857701,13.115404],[77.860495,13.11506],[77.860845,13.11472],[77.862242,13.114378],[77.862244,13.113358],[77.859454,13.112683]]]}},{"type":"Feature","properties":{"histId":"ams-nd44-9-1955-0257","sheet":"ams-nd44-9-1955","year":1955,"scale":250000,"areaM2":698893,"name":null,"confidence":"high","source":"ams-nd44-9-1955"},"geometry":{"type":"Polygon","coordinates":[[[77.566241,13.111588],[77.565893,13.111248],[77.565896,13.110568],[77.564853,13.109549],[77.564854,13.109209],[77.563111,13.10853],[77.560328,13.106151],[77.559981,13.105472],[77.558936,13.105132],[77.55824,13.104453],[77.558247,13.102753],[77.557205,13.101394],[77.55581,13.101055],[77.555462,13.100715],[77.554414,13.101055],[77.554411,13.101735],[77.555454,13.102754],[77.555453,13.103094],[77.556496,13.104113],[77.55789,13.104793],[77.557883,13.106492],[77.559269,13.109211],[77.559611,13.11091],[77.559959,13.11125],[77.559955,13.112269],[77.558901,13.113969],[77.558897,13.114989],[77.559594,13.115328],[77.56099,13.115328],[77.561341,13.114988],[77.562388,13.114988],[77.563787,13.114307],[77.564834,13.114307],[77.565534,13.113967],[77.566235,13.113287],[77.566241,13.111588]]]}},{"type":"Feature","properties":{"histId":"ams-nd44-9-1955-0258","sheet":"ams-nd44-9-1955","year":1955,"scale":250000,"areaM2":280104,"name":null,"confidence":"high","source":"ams-nd44-9-1955"},"geometry":{"type":"Polygon","coordinates":[[[77.858773,13.105886],[77.860168,13.106564],[77.861913,13.106561],[77.862962,13.10588],[77.862965,13.10486],[77.862269,13.103842],[77.861926,13.101463],[77.860881,13.100785],[77.860182,13.101126],[77.858081,13.103508],[77.856334,13.10419],[77.856332,13.10521],[77.857377,13.105888],[77.858773,13.105886]]]}},{"type":"Feature","properties":{"histId":"ams-nd44-9-1955-0259","sheet":"ams-nd44-9-1955","year":1955,"scale":250000,"areaM2":61270,"name":null,"confidence":"low","source":"ams-nd44-9-1955"},"geometry":{"type":"Polygon","coordinates":[[[77.573944,13.105467],[77.573247,13.105128],[77.572549,13.105128],[77.571499,13.105808],[77.571494,13.107167],[77.572539,13.107847],[77.573939,13.106827],[77.573944,13.105467]]]}},{"type":"Feature","properties":{"histId":"ams-nd44-9-1955-0260","sheet":"ams-nd44-9-1955","year":1955,"scale":250000,"areaM2":97597,"name":null,"confidence":"medium","source":"ams-nd44-9-1955"},"geometry":{"type":"Polygon","coordinates":[[[77.526485,13.102081],[77.526488,13.101402],[77.525791,13.101062],[77.524393,13.101402],[77.523692,13.102082],[77.523688,13.103101],[77.524733,13.103781],[77.526826,13.10412],[77.527525,13.10378],[77.527528,13.103101],[77.526485,13.102081]]]}},{"type":"Feature","properties":{"histId":"ams-nd44-9-1955-0261","sheet":"ams-nd44-9-1955","year":1955,"scale":250000,"areaM2":69142,"name":null,"confidence":"low","source":"ams-nd44-9-1955"},"geometry":{"type":"Polygon","coordinates":[[[77.936978,13.097942],[77.936981,13.096583],[77.935934,13.096245],[77.934536,13.097267],[77.934187,13.097268],[77.933837,13.097608],[77.933835,13.098628],[77.93523,13.098965],[77.936978,13.097942]]]}},{"type":"Feature","properties":{"histId":"ams-nd44-9-1955-0262","sheet":"ams-nd44-9-1955","year":1955,"scale":250000,"areaM2":548815,"name":null,"confidence":"high","source":"ams-nd44-9-1955"},"geometry":{"type":"Polygon","coordinates":[[[77.873094,13.102126],[77.874493,13.101104],[77.874842,13.101104],[77.877291,13.098721],[77.879388,13.097698],[77.880784,13.097696],[77.881483,13.097355],[77.881485,13.096335],[77.88044,13.095657],[77.878695,13.09566],[77.878347,13.095321],[77.876253,13.094984],[77.875905,13.094645],[77.872764,13.094649],[77.871715,13.095331],[77.871364,13.096011],[77.871351,13.101109],[77.872048,13.101788],[77.873094,13.102126]]]}},{"type":"Feature","properties":{"histId":"ams-nd44-9-1955-0263","sheet":"ams-nd44-9-1955","year":1955,"scale":250000,"areaM2":79813,"name":null,"confidence":"medium","source":"ams-nd44-9-1955"},"geometry":{"type":"Polygon","coordinates":[[[77.752335,13.098543],[77.750244,13.097526],[77.748844,13.098547],[77.748842,13.099227],[77.750235,13.100245],[77.751282,13.100244],[77.752332,13.099563],[77.752335,13.098543]]]}},{"type":"Feature","properties":{"histId":"ams-nd44-9-1955-0264","sheet":"ams-nd44-9-1955","year":1955,"scale":250000,"areaM2":267906,"name":null,"confidence":"high","source":"ams-nd44-9-1955"},"geometry":{"type":"Polygon","coordinates":[[[77.653901,13.099308],[77.65251,13.097609],[77.650419,13.096931],[77.650068,13.097271],[77.648671,13.097612],[77.64797,13.098292],[77.647619,13.098972],[77.647615,13.099992],[77.650055,13.10101],[77.651448,13.102029],[77.652844,13.102028],[77.653543,13.101687],[77.653895,13.101007],[77.653901,13.099308]]]}},{"type":"Feature","properties":{"histId":"ams-nd44-9-1955-0265","sheet":"ams-nd44-9-1955","year":1955,"scale":250000,"areaM2":14415941,"name":null,"confidence":"high","source":"ams-nd44-9-1955"},"geometry":{"type":"Polygon","coordinates":[[[77.769304,13.143389],[77.769652,13.143728],[77.77105,13.143047],[77.771054,13.141687],[77.770706,13.141348],[77.770712,13.139309],[77.771063,13.138968],[77.771066,13.137949],[77.769671,13.13727],[77.768279,13.135912],[77.767932,13.135233],[77.767934,13.134553],[77.767586,13.134214],[77.767593,13.131835],[77.766899,13.130476],[77.766901,13.129796],[77.766553,13.129457],[77.766555,13.128777],[77.766207,13.128437],[77.76621,13.127418],[77.765862,13.127078],[77.765868,13.125039],[77.766568,13.124358],[77.766575,13.121979],[77.766227,13.12164],[77.766236,13.118581],[77.766586,13.118241],[77.76659,13.117221],[77.76694,13.116881],[77.767299,13.113482],[77.768001,13.112121],[77.768003,13.111441],[77.768703,13.110761],[77.769757,13.10872],[77.769767,13.105322],[77.770117,13.104981],[77.770472,13.102942],[77.771873,13.101241],[77.771874,13.100901],[77.772924,13.09988],[77.772925,13.09954],[77.773975,13.098859],[77.776414,13.100216],[77.778161,13.099534],[77.777819,13.097155],[77.776083,13.094099],[77.776089,13.092059],[77.775741,13.09172],[77.775745,13.09036],[77.775397,13.090021],[77.775403,13.087982],[77.776453,13.086961],[77.77785,13.086619],[77.778198,13.086959],[77.781339,13.086955],[77.784824,13.08899],[77.791106,13.088983],[77.791456,13.088643],[77.792503,13.088641],[77.792853,13.088301],[77.79425,13.088299],[77.7946,13.087959],[77.795995,13.088297],[77.796343,13.088637],[77.79739,13.088635],[77.798089,13.088295],[77.79809,13.087955],[77.79949,13.086593],[77.800189,13.086253],[77.804027,13.086588],[77.804726,13.086247],[77.805428,13.084887],[77.805432,13.083527],[77.805085,13.082848],[77.801599,13.081153],[77.800556,13.079795],[77.800557,13.079455],[77.79986,13.079116],[77.798813,13.079117],[77.797764,13.079798],[77.796717,13.079799],[77.795672,13.079121],[77.794277,13.078783],[77.791481,13.080146],[77.790082,13.081167],[77.787987,13.081509],[77.787637,13.08185],[77.784849,13.080493],[77.783453,13.080495],[77.782054,13.081176],[77.781009,13.080498],[77.779265,13.08016],[77.777871,13.079482],[77.777175,13.078803],[77.776134,13.076765],[77.774395,13.074728],[77.774054,13.072009],[77.771618,13.069633],[77.77162,13.068953],[77.771272,13.068613],[77.770927,13.067254],[77.769883,13.066236],[77.769534,13.066236],[77.767793,13.064879],[77.767096,13.06488],[77.765697,13.065561],[77.762898,13.067943],[77.762192,13.070663],[77.761142,13.071684],[77.759744,13.072365],[77.758344,13.073726],[77.758339,13.075425],[77.757988,13.076105],[77.75589,13.077127],[77.75449,13.078488],[77.754488,13.079168],[77.755185,13.079507],[77.756925,13.081205],[77.757272,13.081884],[77.757269,13.082904],[77.757617,13.083243],[77.757611,13.085282],[77.758652,13.08732],[77.758646,13.08902],[77.756897,13.090381],[77.754454,13.090384],[77.754104,13.090724],[77.753057,13.090725],[77.752707,13.091065],[77.75201,13.090726],[77.75026,13.092088],[77.749912,13.091748],[77.749213,13.092089],[77.749211,13.092769],[77.749908,13.093108],[77.751656,13.092086],[77.752004,13.092426],[77.752704,13.092085],[77.753052,13.092425],[77.755844,13.092422],[77.757238,13.0931],[77.75863,13.094458],[77.758977,13.095137],[77.758624,13.096497],[77.756874,13.097859],[77.756872,13.098538],[77.758611,13.100576],[77.75857,13.114171],[77.758918,13.11451],[77.758914,13.11587],[77.759262,13.116209],[77.759252,13.119608],[77.7582,13.120969],[77.756453,13.12165],[77.756442,13.125389],[77.75609,13.126069],[77.75469,13.12743],[77.754688,13.12811],[77.756081,13.129128],[77.758525,13.129126],[77.760266,13.130483],[77.760257,13.133542],[77.758855,13.135243],[77.758156,13.135584],[77.758153,13.136603],[77.75885,13.136942],[77.759897,13.136941],[77.760247,13.136601],[77.761295,13.1366],[77.761994,13.136259],[77.762691,13.136598],[77.763735,13.137617],[77.764075,13.140675],[77.764771,13.141354],[77.764767,13.142714],[77.765464,13.143393],[77.765463,13.143733],[77.76616,13.144072],[77.768954,13.143729],[77.769304,13.143389]]]}},{"type":"Feature","properties":{"histId":"ams-nd44-9-1955-0266","sheet":"ams-nd44-9-1955","year":1955,"scale":250000,"areaM2":195305,"name":null,"confidence":"high","source":"ams-nd44-9-1955"},"geometry":{"type":"Polygon","coordinates":[[[77.92163,13.093891],[77.921631,13.093551],[77.921282,13.093551],[77.919192,13.091516],[77.919193,13.091176],[77.918496,13.090837],[77.917797,13.091178],[77.917446,13.091859],[77.917444,13.092878],[77.917791,13.093557],[77.91814,13.093557],[77.918837,13.094235],[77.918834,13.095595],[77.919181,13.096274],[77.919878,13.096613],[77.921623,13.09661],[77.922322,13.096269],[77.922326,13.094569],[77.92163,13.093891]]]}},{"type":"Feature","properties":{"histId":"ams-nd44-9-1955-0267","sheet":"ams-nd44-9-1955","year":1955,"scale":250000,"areaM2":71286,"name":null,"confidence":"low","source":"ams-nd44-9-1955"},"geometry":{"type":"Polygon","coordinates":[[[77.986555,13.090713],[77.98621,13.088674],[77.985513,13.088335],[77.983765,13.089698],[77.984111,13.091057],[77.984808,13.091396],[77.985506,13.091394],[77.986555,13.090713]]]}},{"type":"Feature","properties":{"histId":"ams-nd44-9-1955-0268","sheet":"ams-nd44-9-1955","year":1955,"scale":250000,"areaM2":255823,"name":null,"confidence":"high","source":"ams-nd44-9-1955"},"geometry":{"type":"Polygon","coordinates":[[[77.737698,13.091081],[77.736651,13.091082],[77.736303,13.090742],[77.735256,13.090743],[77.734906,13.091084],[77.728274,13.09109],[77.727575,13.091431],[77.727572,13.09245],[77.728966,13.093129],[77.734201,13.093124],[77.734549,13.093463],[77.735247,13.093462],[77.737346,13.092101],[77.738393,13.0921],[77.739092,13.091759],[77.739094,13.091079],[77.738397,13.09074],[77.737698,13.091081]]]}},{"type":"Feature","properties":{"histId":"ams-nd44-9-1955-0269","sheet":"ams-nd44-9-1955","year":1955,"scale":250000,"areaM2":252254,"name":null,"confidence":"high","source":"ams-nd44-9-1955"},"geometry":{"type":"Polygon","coordinates":[[[77.719557,13.088379],[77.718861,13.0877],[77.717815,13.087361],[77.716417,13.088042],[77.714666,13.089743],[77.714664,13.090423],[77.715011,13.091103],[77.716754,13.091781],[77.717798,13.092799],[77.718143,13.093819],[77.71884,13.094158],[77.71954,13.093817],[77.719557,13.088379]]]}},{"type":"Feature","properties":{"histId":"ams-nd44-9-1955-0270","sheet":"ams-nd44-9-1955","year":1955,"scale":250000,"areaM2":99744,"name":null,"confidence":"medium","source":"ams-nd44-9-1955"},"geometry":{"type":"Polygon","coordinates":[[[77.597387,13.090503],[77.595992,13.090164],[77.595644,13.089824],[77.594595,13.090504],[77.594591,13.091524],[77.595634,13.092543],[77.597377,13.093222],[77.598427,13.092542],[77.598083,13.091182],[77.597387,13.090503]]]}},{"type":"Feature","properties":{"histId":"ams-nd44-9-1955-0271","sheet":"ams-nd44-9-1955","year":1955,"scale":250000,"areaM2":581549,"name":null,"confidence":"high","source":"ams-nd44-9-1955"},"geometry":{"type":"Polygon","coordinates":[[[77.824262,13.08962],[77.822868,13.088943],[77.820077,13.088606],[77.816243,13.086572],[77.814848,13.086234],[77.813804,13.085216],[77.813457,13.084197],[77.812064,13.083179],[77.811017,13.08318],[77.810669,13.082841],[77.808924,13.082843],[77.808225,13.083184],[77.808222,13.084203],[77.80857,13.084543],[77.810661,13.08556],[77.812054,13.086917],[77.814494,13.087934],[77.81519,13.088613],[77.816236,13.088951],[77.816933,13.08963],[77.818327,13.090308],[77.819723,13.090306],[77.820071,13.090646],[77.821466,13.090984],[77.822162,13.091663],[77.822508,13.093022],[77.823553,13.0937],[77.8246,13.093699],[77.825999,13.092677],[77.826003,13.091318],[77.824262,13.08962]]]}},{"type":"Feature","properties":{"histId":"ams-nd44-9-1955-0272","sheet":"ams-nd44-9-1955","year":1955,"scale":250000,"areaM2":175243,"name":null,"confidence":"high","source":"ams-nd44-9-1955"},"geometry":{"type":"Polygon","coordinates":[[[77.511525,13.089848],[77.510479,13.089508],[77.509087,13.088489],[77.508388,13.088829],[77.508382,13.090188],[77.50873,13.090528],[77.508727,13.091208],[77.510813,13.093247],[77.512207,13.093926],[77.513255,13.093586],[77.513261,13.092227],[77.511525,13.089848]]]}},{"type":"Feature","properties":{"histId":"ams-nd44-9-1955-0273","sheet":"ams-nd44-9-1955","year":1955,"scale":250000,"areaM2":144627,"name":null,"confidence":"medium","source":"ams-nd44-9-1955"},"geometry":{"type":"Polygon","coordinates":[[[77.58656,13.092207],[77.587958,13.091867],[77.590056,13.090846],[77.590756,13.090166],[77.59076,13.089146],[77.590063,13.088807],[77.588318,13.088808],[77.587968,13.089148],[77.58727,13.089148],[77.58552,13.090508],[77.585517,13.091188],[77.585863,13.091868],[77.58656,13.092207]]]}},{"type":"Feature","properties":{"histId":"ams-nd44-9-1955-0274","sheet":"ams-nd44-9-1955","year":1955,"scale":250000,"areaM2":133947,"name":null,"confidence":"medium","source":"ams-nd44-9-1955"},"geometry":{"type":"Polygon","coordinates":[[[77.626016,13.088449],[77.625318,13.08845],[77.62497,13.08811],[77.623574,13.088111],[77.622524,13.088791],[77.62252,13.089811],[77.623913,13.09083],[77.626355,13.091168],[77.627404,13.090488],[77.627408,13.089468],[77.626016,13.088449]]]}},{"type":"Feature","properties":{"histId":"ams-nd44-9-1955-0275","sheet":"ams-nd44-9-1955","year":1955,"scale":250000,"areaM2":263008,"name":null,"confidence":"high","source":"ams-nd44-9-1955"},"geometry":{"type":"Polygon","coordinates":[[[77.893378,13.08612],[77.893728,13.08578],[77.89408,13.08442],[77.895129,13.083399],[77.895133,13.082039],[77.894088,13.081021],[77.892345,13.080344],[77.890946,13.081366],[77.890596,13.082046],[77.89059,13.084425],[77.891982,13.086123],[77.891977,13.087822],[77.892675,13.088161],[77.893373,13.08782],[77.893378,13.08612]]]}},{"type":"Feature","properties":{"histId":"ams-nd44-9-1955-0276","sheet":"ams-nd44-9-1955","year":1955,"scale":250000,"areaM2":1184124,"name":null,"confidence":"high","source":"ams-nd44-9-1955"},"geometry":{"type":"Polygon","coordinates":[[[77.605048,13.095258],[77.607143,13.095257],[77.607842,13.094916],[77.609593,13.093216],[77.610296,13.091856],[77.611347,13.090836],[77.611349,13.090496],[77.612399,13.089476],[77.613798,13.088796],[77.61485,13.087436],[77.614507,13.085736],[77.614858,13.085396],[77.614863,13.084037],[77.615213,13.083697],[77.615223,13.080978],[77.614181,13.079619],[77.614182,13.079279],[77.613138,13.07826],[77.61314,13.07792],[77.611747,13.076901],[77.610699,13.077242],[77.609998,13.077922],[77.609643,13.079621],[77.609293,13.079961],[77.609289,13.080981],[77.608586,13.082341],[77.608584,13.08302],[77.608233,13.083361],[77.608231,13.08404],[77.607881,13.08438],[77.607878,13.08506],[77.607528,13.0854],[77.607522,13.0871],[77.607171,13.08744],[77.607168,13.088459],[77.606817,13.088799],[77.606806,13.091858],[77.606455,13.092538],[77.605053,13.093898],[77.603306,13.094579],[77.603303,13.095259],[77.604,13.095598],[77.604698,13.095598],[77.605048,13.095258]]]}},{"type":"Feature","properties":{"histId":"ams-nd44-9-1955-0277","sheet":"ams-nd44-9-1955","year":1955,"scale":250000,"areaM2":201017,"name":null,"confidence":"high","source":"ams-nd44-9-1955"},"geometry":{"type":"Polygon","coordinates":[[[77.961092,13.083624],[77.961093,13.082944],[77.960745,13.082605],[77.960748,13.081245],[77.9604,13.080906],[77.960402,13.079887],[77.959707,13.078528],[77.958661,13.07819],[77.957962,13.078532],[77.957261,13.079892],[77.957257,13.081592],[77.958301,13.082949],[77.958648,13.083968],[77.960043,13.084645],[77.960741,13.084304],[77.961092,13.083624]]]}},{"type":"Feature","properties":{"histId":"ams-nd44-9-1955-0278","sheet":"ams-nd44-9-1955","year":1955,"scale":250000,"areaM2":648249,"name":null,"confidence":"high","source":"ams-nd44-9-1955"},"geometry":{"type":"Polygon","coordinates":[[[77.507701,13.08611],[77.508752,13.08509],[77.509452,13.08475],[77.51015,13.08475],[77.5105,13.08441],[77.512943,13.08441],[77.513643,13.08407],[77.513648,13.08271],[77.512604,13.082031],[77.511209,13.081691],[77.510166,13.080672],[77.509823,13.079312],[77.508779,13.078633],[77.50773,13.078973],[77.50633,13.079992],[77.503535,13.080672],[77.502484,13.081692],[77.502479,13.082712],[77.503867,13.084751],[77.503863,13.08577],[77.504906,13.08679],[77.506301,13.08713],[77.506648,13.08747],[77.507348,13.08713],[77.507701,13.08611]]]}},{"type":"Feature","properties":{"histId":"ams-nd44-9-1955-0279","sheet":"ams-nd44-9-1955","year":1955,"scale":250000,"areaM2":101159,"name":null,"confidence":"medium","source":"ams-nd44-9-1955"},"geometry":{"type":"Polygon","coordinates":[[[77.536338,13.082027],[77.535295,13.081007],[77.534599,13.080668],[77.534248,13.081008],[77.533201,13.081008],[77.532502,13.081348],[77.532496,13.082707],[77.532845,13.082707],[77.534237,13.083727],[77.535284,13.083726],[77.535984,13.083386],[77.536338,13.082027]]]}},{"type":"Feature","properties":{"histId":"ams-nd44-9-1955-0280","sheet":"ams-nd44-9-1955","year":1955,"scale":250000,"areaM2":243746,"name":null,"confidence":"high","source":"ams-nd44-9-1955"},"geometry":{"type":"Polygon","coordinates":[[[77.850817,13.078708],[77.84838,13.076332],[77.848033,13.075653],[77.846639,13.074975],[77.84489,13.076337],[77.844887,13.077697],[77.846277,13.079734],[77.846974,13.080073],[77.848021,13.080071],[77.848369,13.080411],[77.849416,13.080409],[77.850115,13.080068],[77.850815,13.079387],[77.850817,13.078708]]]}},{"type":"Feature","properties":{"histId":"ams-nd44-9-1955-0281","sheet":"ams-nd44-9-1955","year":1955,"scale":250000,"areaM2":83398,"name":null,"confidence":"medium","source":"ams-nd44-9-1955"},"geometry":{"type":"Polygon","coordinates":[[[77.941912,13.076861],[77.941915,13.075502],[77.941218,13.075163],[77.940868,13.075504],[77.939471,13.075846],[77.93947,13.076186],[77.938771,13.076867],[77.938769,13.077547],[77.940163,13.078564],[77.941561,13.077542],[77.941912,13.076861]]]}},{"type":"Feature","properties":{"histId":"ams-nd44-9-1955-0282","sheet":"ams-nd44-9-1955","year":1955,"scale":250000,"areaM2":507440,"name":null,"confidence":"high","source":"ams-nd44-9-1955"},"geometry":{"type":"Polygon","coordinates":[[[77.836854,13.079747],[77.836855,13.079407],[77.839654,13.076684],[77.839309,13.075325],[77.838263,13.074987],[77.837566,13.074308],[77.837567,13.073968],[77.83687,13.073629],[77.835473,13.073971],[77.832674,13.076694],[77.830577,13.077716],[77.830574,13.078736],[77.831967,13.080094],[77.831966,13.080433],[77.83301,13.081452],[77.833009,13.081792],[77.833706,13.08213],[77.835103,13.081789],[77.836854,13.079747]]]}},{"type":"Feature","properties":{"histId":"ams-nd44-9-1955-0283","sheet":"ams-nd44-9-1955","year":1955,"scale":250000,"areaM2":563611,"name":null,"confidence":"high","source":"ams-nd44-9-1955"},"geometry":{"type":"Polygon","coordinates":[[[77.671762,13.081622],[77.673512,13.080261],[77.673861,13.080261],[77.674912,13.07924],[77.677706,13.078558],[77.678407,13.077878],[77.678415,13.075499],[77.678067,13.075159],[77.678069,13.07448],[77.677024,13.073801],[77.675975,13.074481],[77.675277,13.074482],[77.673883,13.073803],[77.673533,13.074143],[77.672136,13.074484],[77.670386,13.075845],[77.670037,13.075845],[77.669687,13.076185],[77.669674,13.079924],[77.670022,13.080264],[77.67002,13.080943],[77.671064,13.081622],[77.671762,13.081622]]]}},{"type":"Feature","properties":{"histId":"ams-nd44-9-1955-0284","sheet":"ams-nd44-9-1955","year":1955,"scale":250000,"areaM2":76961,"name":null,"confidence":"medium","source":"ams-nd44-9-1955"},"geometry":{"type":"Polygon","coordinates":[[[77.745424,13.075779],[77.744031,13.074761],[77.742982,13.075441],[77.742976,13.077481],[77.74437,13.078159],[77.745419,13.077478],[77.745424,13.075779]]]}},{"type":"Feature","properties":{"histId":"ams-nd44-9-1955-0285","sheet":"ams-nd44-9-1955","year":1955,"scale":250000,"areaM2":125379,"name":null,"confidence":"medium","source":"ams-nd44-9-1955"},"geometry":{"type":"Polygon","coordinates":[[[77.530063,13.080329],[77.530762,13.079989],[77.531465,13.078629],[77.531468,13.077949],[77.530076,13.07693],[77.527281,13.07761],[77.527276,13.07897],[77.527971,13.079649],[77.529364,13.080329],[77.529715,13.079989],[77.530063,13.080329]]]}},{"type":"Feature","properties":{"histId":"ams-nd44-9-1955-0286","sheet":"ams-nd44-9-1955","year":1955,"scale":250000,"areaM2":297898,"name":null,"confidence":"high","source":"ams-nd44-9-1955"},"geometry":{"type":"Polygon","coordinates":[[[77.816275,13.075016],[77.816975,13.074336],[77.817324,13.074335],[77.818374,13.073314],[77.818031,13.071276],[77.816986,13.070257],[77.816988,13.069577],[77.816291,13.069239],[77.814894,13.06958],[77.813493,13.071621],[77.813482,13.07536],[77.814177,13.076379],[77.814874,13.076718],[77.815573,13.076377],[77.816275,13.075016]]]}},{"type":"Feature","properties":{"histId":"ams-nd44-9-1955-0287","sheet":"ams-nd44-9-1955","year":1955,"scale":250000,"areaM2":59871,"name":null,"confidence":"low","source":"ams-nd44-9-1955"},"geometry":{"type":"Polygon","coordinates":[[[77.889231,13.069473],[77.889234,13.068114],[77.888537,13.067775],[77.88749,13.067777],[77.886791,13.068118],[77.886787,13.069817],[77.888182,13.070155],[77.889231,13.069473]]]}},{"type":"Feature","properties":{"histId":"ams-nd44-9-1955-0288","sheet":"ams-nd44-9-1955","year":1955,"scale":250000,"areaM2":85485,"name":null,"confidence":"medium","source":"ams-nd44-9-1955"},"geometry":{"type":"Polygon","coordinates":[[[77.524868,13.070134],[77.526267,13.069454],[77.526968,13.068774],[77.52697,13.068094],[77.526274,13.067754],[77.52418,13.067755],[77.52313,13.068434],[77.523126,13.069454],[77.52417,13.070134],[77.524868,13.070134]]]}},{"type":"Feature","properties":{"histId":"ams-nd44-9-1955-0289","sheet":"ams-nd44-9-1955","year":1955,"scale":250000,"areaM2":811625,"name":null,"confidence":"high","source":"ams-nd44-9-1955"},"geometry":{"type":"Polygon","coordinates":[[[77.725536,13.074099],[77.725538,13.073419],[77.725888,13.073079],[77.725892,13.07172],[77.726595,13.070359],[77.726597,13.06968],[77.727649,13.067979],[77.727652,13.06696],[77.725917,13.063902],[77.725924,13.061863],[77.725227,13.061524],[77.724877,13.061864],[77.721741,13.060168],[77.720692,13.060849],[77.720682,13.063907],[77.720332,13.064248],[77.72033,13.064927],[77.717883,13.066289],[77.717877,13.067988],[77.718574,13.068328],[77.719621,13.068327],[77.721718,13.067305],[77.722763,13.067984],[77.72311,13.068663],[77.723107,13.069683],[77.723455,13.070023],[77.723441,13.074441],[77.724486,13.07512],[77.725185,13.074779],[77.725536,13.074099]]]}},{"type":"Feature","properties":{"histId":"ams-nd44-9-1955-0290","sheet":"ams-nd44-9-1955","year":1955,"scale":250000,"areaM2":205921,"name":null,"confidence":"high","source":"ams-nd44-9-1955"},"geometry":{"type":"Polygon","coordinates":[[[77.679133,13.069381],[77.679145,13.065982],[77.679495,13.065642],[77.679498,13.064622],[77.677758,13.063264],[77.67671,13.063605],[77.677047,13.067003],[77.676347,13.067684],[77.676339,13.070063],[77.677384,13.070742],[77.678432,13.070401],[77.679133,13.069381]]]}},{"type":"Feature","properties":{"histId":"ams-nd44-9-1955-0291","sheet":"ams-nd44-9-1955","year":1955,"scale":250000,"areaM2":856796,"name":null,"confidence":"high","source":"ams-nd44-9-1955"},"geometry":{"type":"Polygon","coordinates":[[[77.950304,13.069709],[77.951698,13.070386],[77.952746,13.070044],[77.952749,13.068685],[77.953098,13.068344],[77.953103,13.066305],[77.953453,13.065965],[77.953459,13.062906],[77.953809,13.062565],[77.953812,13.061206],[77.954512,13.060185],[77.954515,13.059165],[77.95347,13.058148],[77.952076,13.05747],[77.950331,13.057474],[77.949981,13.057814],[77.948934,13.057816],[77.947536,13.058838],[77.947879,13.061557],[77.948227,13.061896],[77.948216,13.066994],[77.947166,13.068015],[77.947166,13.068355],[77.946116,13.069717],[77.946114,13.070396],[77.946811,13.070735],[77.948908,13.069712],[77.950304,13.069709]]]}},{"type":"Feature","properties":{"histId":"ams-nd44-9-1955-0292","sheet":"ams-nd44-9-1955","year":1955,"scale":250000,"areaM2":450957,"name":null,"confidence":"high","source":"ams-nd44-9-1955"},"geometry":{"type":"Polygon","coordinates":[[[77.565014,13.067744],[77.565365,13.067064],[77.565714,13.067064],[77.567116,13.065704],[77.56712,13.064685],[77.566078,13.063326],[77.566083,13.061966],[77.565039,13.061287],[77.563291,13.061967],[77.56189,13.063327],[77.561541,13.063327],[77.55979,13.064687],[77.559785,13.066047],[77.560478,13.067406],[77.561867,13.069105],[77.562564,13.069444],[77.563612,13.069104],[77.565014,13.067744]]]}},{"type":"Feature","properties":{"histId":"ams-nd44-9-1955-0293","sheet":"ams-nd44-9-1955","year":1955,"scale":250000,"areaM2":96205,"name":null,"confidence":"medium","source":"ams-nd44-9-1955"},"geometry":{"type":"Polygon","coordinates":[[[77.778966,13.063167],[77.778975,13.060108],[77.778278,13.059769],[77.77723,13.06011],[77.777228,13.06079],[77.776878,13.06113],[77.77687,13.063849],[77.777567,13.064188],[77.778615,13.063847],[77.778966,13.063167]]]}},{"type":"Feature","properties":{"histId":"ams-nd44-9-1955-0294","sheet":"ams-nd44-9-1955","year":1955,"scale":250000,"areaM2":880604,"name":null,"confidence":"high","source":"ams-nd44-9-1955"},"geometry":{"type":"Polygon","coordinates":[[[77.614214,13.070442],[77.615266,13.069082],[77.615268,13.068403],[77.615619,13.068062],[77.615632,13.064324],[77.615984,13.063644],[77.617385,13.062284],[77.617737,13.061264],[77.618438,13.060584],[77.618789,13.059904],[77.618794,13.058544],[77.620193,13.057864],[77.620544,13.057184],[77.62055,13.055485],[77.619853,13.055145],[77.618805,13.055486],[77.6188,13.056845],[77.618449,13.057525],[77.617399,13.058205],[77.615658,13.057187],[77.61461,13.057527],[77.613556,13.059567],[77.613552,13.060586],[77.611801,13.062287],[77.610402,13.062967],[77.609704,13.062967],[77.608655,13.063648],[77.60865,13.065007],[77.611429,13.068405],[77.611427,13.069084],[77.612121,13.070104],[77.612119,13.070783],[77.613163,13.071462],[77.614213,13.070782],[77.614214,13.070442]]]}},{"type":"Feature","properties":{"histId":"ams-nd44-9-1955-0295","sheet":"ams-nd44-9-1955","year":1955,"scale":250000,"areaM2":343561,"name":null,"confidence":"high","source":"ams-nd44-9-1955"},"geometry":{"type":"Polygon","coordinates":[[[77.925542,13.062616],[77.926589,13.062614],[77.927287,13.062273],[77.930435,13.059208],[77.930437,13.058529],[77.929043,13.057512],[77.929044,13.057172],[77.928347,13.056833],[77.9273,13.056835],[77.925902,13.057857],[77.923806,13.05888],[77.922409,13.059222],[77.922059,13.059563],[77.922057,13.060582],[77.9238,13.061259],[77.925542,13.062616]]]}},{"type":"Feature","properties":{"histId":"ams-nd44-9-1955-0296","sheet":"ams-nd44-9-1955","year":1955,"scale":250000,"areaM2":272980,"name":null,"confidence":"high","source":"ams-nd44-9-1955"},"geometry":{"type":"Polygon","coordinates":[[[77.890996,13.061313],[77.889602,13.060636],[77.888905,13.059957],[77.888558,13.059278],[77.888565,13.056559],[77.887869,13.055541],[77.887172,13.055202],[77.885424,13.056564],[77.883677,13.057247],[77.884721,13.058604],[77.88507,13.058604],[77.885766,13.059282],[77.885765,13.059622],[77.88681,13.06064],[77.886809,13.06098],[77.887853,13.061998],[77.889248,13.062676],[77.889597,13.062335],[77.890295,13.062334],[77.890994,13.061993],[77.890996,13.061313]]]}},{"type":"Feature","properties":{"histId":"ams-nd44-9-1955-0297","sheet":"ams-nd44-9-1955","year":1955,"scale":250000,"areaM2":89056,"name":null,"confidence":"medium","source":"ams-nd44-9-1955"},"geometry":{"type":"Polygon","coordinates":[[[77.598885,13.062973],[77.600634,13.061952],[77.600638,13.060933],[77.599941,13.060593],[77.597847,13.060594],[77.596798,13.061274],[77.596794,13.062294],[77.597838,13.062973],[77.598885,13.062973]]]}},{"type":"Feature","properties":{"histId":"ams-nd44-9-1955-0298","sheet":"ams-nd44-9-1955","year":1955,"scale":250000,"areaM2":376283,"name":null,"confidence":"high","source":"ams-nd44-9-1955"},"geometry":{"type":"Polygon","coordinates":[[[77.810028,13.062449],[77.808983,13.061771],[77.808285,13.061772],[77.805497,13.060416],[77.805149,13.060076],[77.805151,13.059397],[77.804455,13.058718],[77.804463,13.055999],[77.805165,13.054638],[77.80517,13.052939],[77.803775,13.052601],[77.802026,13.053962],[77.801675,13.054643],[77.801671,13.056002],[77.802366,13.057021],[77.802361,13.05872],[77.802709,13.05906],[77.802707,13.059739],[77.804798,13.060756],[77.804793,13.062796],[77.805489,13.063475],[77.806186,13.063814],[77.808978,13.06381],[77.810027,13.063129],[77.810028,13.062449]]]}},{"type":"Feature","properties":{"histId":"ams-nd44-9-1955-0299","sheet":"ams-nd44-9-1955","year":1955,"scale":250000,"areaM2":274439,"name":null,"confidence":"high","source":"ams-nd44-9-1955"},"geometry":{"type":"Polygon","coordinates":[[[77.972316,13.057433],[77.973713,13.05675],[77.974413,13.056069],[77.976159,13.055386],[77.977558,13.054024],[77.977559,13.053344],[77.976165,13.052667],[77.974419,13.05301],[77.974071,13.052671],[77.973373,13.052673],[77.973023,13.053013],[77.972325,13.053014],[77.970927,13.054037],[77.970226,13.055397],[77.970223,13.056757],[77.971269,13.057435],[77.972316,13.057433]]]}},{"type":"Feature","properties":{"histId":"ams-nd44-9-1955-0300","sheet":"ams-nd44-9-1955","year":1955,"scale":250000,"areaM2":479667,"name":null,"confidence":"high","source":"ams-nd44-9-1955"},"geometry":{"type":"Polygon","coordinates":[[[77.881934,13.056569],[77.880542,13.055212],[77.879496,13.054874],[77.877756,13.052837],[77.876362,13.05216],[77.874617,13.052162],[77.874269,13.051823],[77.87322,13.052504],[77.873216,13.054204],[77.874259,13.055562],[77.874255,13.057261],[77.875301,13.057599],[77.876345,13.058617],[77.876694,13.058617],[77.877042,13.059296],[77.878088,13.059634],[77.879486,13.058612],[77.88263,13.057248],[77.882283,13.056569],[77.881934,13.056569]]]}},{"type":"Feature","properties":{"histId":"ams-nd44-9-1955-0301","sheet":"ams-nd44-9-1955","year":1955,"scale":250000,"areaM2":381978,"name":null,"confidence":"high","source":"ams-nd44-9-1955"},"geometry":{"type":"Polygon","coordinates":[[[77.799575,13.056684],[77.799227,13.056345],[77.799229,13.055665],[77.798535,13.054307],[77.796447,13.05227],[77.795053,13.051592],[77.793656,13.051934],[77.792956,13.052614],[77.79295,13.054653],[77.79225,13.055674],[77.792248,13.056354],[77.793641,13.057372],[77.795387,13.05703],[77.798174,13.058386],[77.798873,13.058045],[77.799573,13.057364],[77.799575,13.056684]]]}},{"type":"Feature","properties":{"histId":"ams-nd44-9-1955-0302","sheet":"ams-nd44-9-1955","year":1955,"scale":250000,"areaM2":290752,"name":null,"confidence":"high","source":"ams-nd44-9-1955"},"geometry":{"type":"Polygon","coordinates":[[[77.781434,13.054667],[77.780039,13.054329],[77.778641,13.05501],[77.777943,13.055011],[77.77655,13.053993],[77.776557,13.051614],[77.775512,13.051275],[77.774113,13.052296],[77.774111,13.052976],[77.773761,13.053316],[77.773756,13.055016],[77.775497,13.056373],[77.776891,13.056712],[77.777241,13.056371],[77.778286,13.05705],[77.779682,13.057048],[77.78003,13.057388],[77.780728,13.057387],[77.781777,13.056706],[77.78213,13.055346],[77.781434,13.054667]]]}},{"type":"Feature","properties":{"histId":"ams-nd44-9-1955-0303","sheet":"ams-nd44-9-1955","year":1955,"scale":250000,"areaM2":54872,"name":null,"confidence":"low","source":"ams-nd44-9-1955"},"geometry":{"type":"Polygon","coordinates":[[[77.770964,13.055019],[77.770967,13.053999],[77.77027,13.05366],[77.769572,13.053661],[77.768523,13.054342],[77.76852,13.055362],[77.769565,13.05604],[77.770613,13.055699],[77.770964,13.055019]]]}},{"type":"Feature","properties":{"histId":"ams-nd44-9-1955-0304","sheet":"ams-nd44-9-1955","year":1955,"scale":250000,"areaM2":136100,"name":null,"confidence":"medium","source":"ams-nd44-9-1955"},"geometry":{"type":"Polygon","coordinates":[[[77.719666,13.054392],[77.720365,13.054051],[77.720367,13.053372],[77.71967,13.053032],[77.719672,13.052353],[77.718975,13.052013],[77.717926,13.052694],[77.717575,13.053374],[77.716876,13.053715],[77.71687,13.055414],[77.717914,13.056433],[77.717913,13.056773],[77.71861,13.057112],[77.719659,13.056431],[77.719666,13.054392]]]}},{"type":"Feature","properties":{"histId":"ams-nd44-9-1955-0305","sheet":"ams-nd44-9-1955","year":1955,"scale":250000,"areaM2":553064,"name":null,"confidence":"high","source":"ams-nd44-9-1955"},"geometry":{"type":"Polygon","coordinates":[[[77.865889,13.053535],[77.864845,13.052517],[77.863451,13.051839],[77.862753,13.05184],[77.862405,13.051501],[77.86101,13.051163],[77.858921,13.049127],[77.858224,13.048788],[77.856827,13.04947],[77.856475,13.05049],[77.855775,13.051171],[77.855074,13.052531],[77.855419,13.05389],[77.856115,13.054569],[77.856812,13.054908],[77.857859,13.054906],[77.858207,13.055246],[77.86065,13.055242],[77.860998,13.055582],[77.864139,13.055577],[77.864489,13.055237],[77.865536,13.055235],[77.866235,13.054894],[77.866238,13.053535],[77.865889,13.053535]]]}},{"type":"Feature","properties":{"histId":"ams-nd44-9-1955-0306","sheet":"ams-nd44-9-1955","year":1955,"scale":250000,"areaM2":141095,"name":null,"confidence":"medium","source":"ams-nd44-9-1955"},"geometry":{"type":"Polygon","coordinates":[[[77.754568,13.052998],[77.755269,13.051977],[77.755271,13.051298],[77.754574,13.050958],[77.752825,13.05232],[77.752472,13.05368],[77.752122,13.05402],[77.752117,13.055719],[77.75351,13.056737],[77.754908,13.056056],[77.754568,13.052998]]]}},{"type":"Feature","properties":{"histId":"ams-nd44-9-1955-0307","sheet":"ams-nd44-9-1955","year":1955,"scale":250000,"areaM2":652207,"name":null,"confidence":"high","source":"ams-nd44-9-1955"},"geometry":{"type":"Polygon","coordinates":[[[77.939186,13.047637],[77.937788,13.04866],[77.937084,13.05138],[77.936734,13.05172],[77.936732,13.0524],[77.936383,13.05274],[77.93638,13.05376],[77.937077,13.054099],[77.938124,13.054097],[77.939173,13.053415],[77.940918,13.053072],[77.942313,13.05375],[77.943011,13.053748],[77.946148,13.055442],[77.947196,13.05476],[77.947197,13.054081],[77.946154,13.052383],[77.945463,13.049665],[77.944071,13.047629],[77.943025,13.047291],[77.942329,13.046612],[77.942327,13.047292],[77.941279,13.047974],[77.939534,13.047977],[77.939186,13.047637]]]}},{"type":"Feature","properties":{"histId":"ams-nd44-9-1955-0308","sheet":"ams-nd44-9-1955","year":1955,"scale":250000,"areaM2":1051693,"name":null,"confidence":"high","source":"ams-nd44-9-1955"},"geometry":{"type":"Polygon","coordinates":[[[77.680934,13.052726],[77.681631,13.053065],[77.683728,13.052044],[77.685124,13.052043],[77.685474,13.051702],[77.691058,13.051698],[77.692107,13.051017],[77.692111,13.049998],[77.691068,13.048639],[77.691428,13.04524],[77.688293,13.043543],[77.687245,13.043884],[77.684795,13.046265],[77.684095,13.046605],[77.680257,13.046609],[77.679907,13.046949],[77.679209,13.046949],[77.67781,13.04763],[77.676061,13.048991],[77.676059,13.049671],[77.679195,13.051028],[77.680934,13.052726]]]}},{"type":"Feature","properties":{"histId":"ams-nd44-9-1955-0309","sheet":"ams-nd44-9-1955","year":1955,"scale":250000,"areaM2":69821,"name":null,"confidence":"low","source":"ams-nd44-9-1955"},"geometry":{"type":"Polygon","coordinates":[[[77.619183,13.047668],[77.61779,13.046649],[77.616741,13.04733],[77.616734,13.049369],[77.618128,13.049708],[77.619178,13.049028],[77.619183,13.047668]]]}},{"type":"Feature","properties":{"histId":"ams-nd44-9-1955-0310","sheet":"ams-nd44-9-1955","year":1955,"scale":250000,"areaM2":96193,"name":null,"confidence":"medium","source":"ams-nd44-9-1955"},"geometry":{"type":"Polygon","coordinates":[[[77.698053,13.046934],[77.697359,13.045915],[77.695965,13.045236],[77.695266,13.045577],[77.695263,13.046596],[77.69561,13.046936],[77.695605,13.048635],[77.696649,13.049314],[77.698049,13.048293],[77.698053,13.046934]]]}},{"type":"Feature","properties":{"histId":"ams-nd44-9-1955-0311","sheet":"ams-nd44-9-1955","year":1955,"scale":250000,"areaM2":961170,"name":null,"confidence":"high","source":"ams-nd44-9-1955"},"geometry":{"type":"Polygon","coordinates":[[[77.669433,13.048316],[77.669443,13.045257],[77.668051,13.044239],[77.662815,13.044582],[77.661422,13.043903],[77.65863,13.043905],[77.656532,13.044926],[77.654783,13.046287],[77.65478,13.046967],[77.655475,13.047986],[77.658959,13.049683],[77.659657,13.049683],[77.660701,13.050362],[77.663493,13.05036],[77.663843,13.050019],[77.665239,13.050018],[77.665587,13.050358],[77.666983,13.050357],[77.667331,13.050697],[77.668029,13.050696],[77.668377,13.051036],[77.669424,13.051035],[77.670123,13.050695],[77.670126,13.049675],[77.669433,13.048316]]]}},{"type":"Feature","properties":{"histId":"ams-nd44-9-1955-0312","sheet":"ams-nd44-9-1955","year":1955,"scale":250000,"areaM2":799341,"name":null,"confidence":"high","source":"ams-nd44-9-1955"},"geometry":{"type":"Polygon","coordinates":[[[77.579735,13.051085],[77.581129,13.051765],[77.582873,13.051764],[77.584971,13.050743],[77.586721,13.049383],[77.58707,13.049383],[77.588121,13.048363],[77.589169,13.048023],[77.58987,13.047343],[77.589876,13.045643],[77.58849,13.042925],[77.587097,13.042246],[77.584653,13.042587],[77.583603,13.043267],[77.582897,13.045646],[77.581846,13.046666],[77.581147,13.047006],[77.5801,13.047007],[77.577652,13.048367],[77.577646,13.049727],[77.578692,13.050066],[77.579735,13.051085]]]}},{"type":"Feature","properties":{"histId":"ams-nd44-9-1955-0313","sheet":"ams-nd44-9-1955","year":1955,"scale":250000,"areaM2":223039,"name":null,"confidence":"high","source":"ams-nd44-9-1955"},"geometry":{"type":"Polygon","coordinates":[[[77.743069,13.047232],[77.743072,13.046552],[77.743422,13.046212],[77.743426,13.044852],[77.74134,13.042136],[77.740295,13.041797],[77.739246,13.042478],[77.73889,13.044517],[77.740281,13.046215],[77.740974,13.047914],[77.742019,13.048253],[77.742718,13.047912],[77.743069,13.047232]]]}},{"type":"Feature","properties":{"histId":"ams-nd44-9-1955-0314","sheet":"ams-nd44-9-1955","year":1955,"scale":250000,"areaM2":403958,"name":null,"confidence":"high","source":"ams-nd44-9-1955"},"geometry":{"type":"Polygon","coordinates":[[[77.606289,13.042577],[77.604889,13.043597],[77.602443,13.044618],[77.602439,13.045638],[77.603834,13.045977],[77.604182,13.046317],[77.605228,13.046316],[77.605576,13.046656],[77.60767,13.046655],[77.608018,13.046994],[77.609065,13.046994],[77.609761,13.047333],[77.611511,13.045973],[77.611512,13.045633],[77.612213,13.044953],[77.612568,13.043254],[77.611524,13.042574],[77.606289,13.042577]]]}},{"type":"Feature","properties":{"histId":"ams-nd44-9-1955-0315","sheet":"ams-nd44-9-1955","year":1955,"scale":250000,"areaM2":243720,"name":null,"confidence":"high","source":"ams-nd44-9-1955"},"geometry":{"type":"Polygon","coordinates":[[[77.789146,13.042762],[77.790544,13.042081],[77.791244,13.0414],[77.792991,13.040719],[77.793341,13.040378],[77.793343,13.039359],[77.792299,13.03868],[77.78881,13.038345],[77.788462,13.038005],[77.787413,13.038686],[77.787062,13.039366],[77.787403,13.042085],[77.788448,13.042763],[77.789146,13.042762]]]}},{"type":"Feature","properties":{"histId":"ams-nd44-9-1955-0316","sheet":"ams-nd44-9-1955","year":1955,"scale":250000,"areaM2":853917,"name":null,"confidence":"high","source":"ams-nd44-9-1955"},"geometry":{"type":"Polygon","coordinates":[[[77.942343,13.040495],[77.942344,13.039815],[77.943043,13.039134],[77.943047,13.037435],[77.940957,13.035739],[77.940958,13.035399],[77.939219,13.033023],[77.938873,13.031664],[77.937828,13.030986],[77.93713,13.030988],[77.936431,13.031329],[77.933983,13.033712],[77.933981,13.034732],[77.934328,13.035411],[77.934677,13.03541],[77.93607,13.036767],[77.936069,13.037107],[77.937113,13.038465],[77.937111,13.039144],[77.937807,13.040163],[77.937805,13.040843],[77.938501,13.041861],[77.938845,13.044239],[77.940237,13.045596],[77.941981,13.046273],[77.942329,13.046612],[77.942332,13.045253],[77.942682,13.044912],[77.942691,13.040834],[77.942343,13.040495]]]}},{"type":"Feature","properties":{"histId":"ams-nd44-9-1955-0317","sheet":"ams-nd44-9-1955","year":1955,"scale":250000,"areaM2":161069,"name":null,"confidence":"high","source":"ams-nd44-9-1955"},"geometry":{"type":"Polygon","coordinates":[[[77.85092,13.039622],[77.851621,13.038602],[77.851625,13.036902],[77.850928,13.036564],[77.849532,13.036566],[77.848834,13.036906],[77.848132,13.038267],[77.84813,13.038947],[77.849519,13.041664],[77.850216,13.042002],[77.850915,13.041662],[77.85092,13.039622]]]}},{"type":"Feature","properties":{"histId":"ams-nd44-9-1955-0318","sheet":"ams-nd44-9-1955","year":1955,"scale":250000,"areaM2":111858,"name":null,"confidence":"medium","source":"ams-nd44-9-1955"},"geometry":{"type":"Polygon","coordinates":[[[77.635959,13.040521],[77.635612,13.039842],[77.634915,13.039502],[77.634917,13.039163],[77.63422,13.038823],[77.63282,13.039844],[77.632813,13.041883],[77.634205,13.042902],[77.635954,13.041881],[77.635959,13.040521]]]}},{"type":"Feature","properties":{"histId":"ams-nd44-9-1955-0319","sheet":"ams-nd44-9-1955","year":1955,"scale":250000,"areaM2":104071,"name":null,"confidence":"medium","source":"ams-nd44-9-1955"},"geometry":{"type":"Polygon","coordinates":[[[77.969217,13.037726],[77.969219,13.036707],[77.967478,13.03535],[77.96608,13.036033],[77.966076,13.038072],[77.966423,13.038751],[77.967121,13.03909],[77.968168,13.038748],[77.969217,13.037726]]]}},{"type":"Feature","properties":{"histId":"ams-nd44-9-1955-0320","sheet":"ams-nd44-9-1955","year":1955,"scale":250000,"areaM2":50576,"name":null,"confidence":"low","source":"ams-nd44-9-1955"},"geometry":{"type":"Polygon","coordinates":[[[77.507188,13.040907],[77.506141,13.040907],[77.505091,13.041587],[77.50474,13.042267],[77.506133,13.042947],[77.507882,13.041927],[77.507885,13.041247],[77.507188,13.040907]]]}},{"type":"Feature","properties":{"histId":"ams-nd44-9-1955-0321","sheet":"ams-nd44-9-1955","year":1955,"scale":250000,"areaM2":656985,"name":null,"confidence":"high","source":"ams-nd44-9-1955"},"geometry":{"type":"Polygon","coordinates":[[[77.720399,13.043176],[77.721098,13.042835],[77.722854,13.039435],[77.724604,13.037734],[77.726002,13.037053],[77.727398,13.037051],[77.729495,13.03603],[77.730888,13.037048],[77.731581,13.038407],[77.732278,13.038746],[77.733326,13.038405],[77.733329,13.037385],[77.732634,13.036366],[77.731589,13.036028],[77.730893,13.035349],[77.730897,13.033989],[77.729853,13.03297],[77.726716,13.031954],[77.725317,13.032975],[77.724264,13.035015],[77.721113,13.038077],[77.720765,13.038077],[77.720763,13.038417],[77.720063,13.039097],[77.718316,13.039779],[77.717616,13.040459],[77.717613,13.041479],[77.719005,13.042837],[77.720399,13.043176]]]}},{"type":"Feature","properties":{"histId":"ams-nd44-9-1955-0322","sheet":"ams-nd44-9-1955","year":1955,"scale":250000,"areaM2":134634,"name":null,"confidence":"medium","source":"ams-nd44-9-1955"},"geometry":{"type":"Polygon","coordinates":[[[77.513472,13.040227],[77.514522,13.039547],[77.514527,13.038187],[77.51209,13.036828],[77.510341,13.037848],[77.510333,13.039887],[77.511029,13.040227],[77.513472,13.040227]]]}},{"type":"Feature","properties":{"histId":"ams-nd44-9-1955-0323","sheet":"ams-nd44-9-1955","year":1955,"scale":250000,"areaM2":81960,"name":null,"confidence":"medium","source":"ams-nd44-9-1955"},"geometry":{"type":"Polygon","coordinates":[[[77.856518,13.033837],[77.856522,13.032477],[77.855129,13.031459],[77.85443,13.0318],[77.854079,13.032481],[77.854076,13.03384],[77.854424,13.034179],[77.854422,13.034859],[77.855119,13.035198],[77.856168,13.034517],[77.856518,13.033837]]]}},{"type":"Feature","properties":{"histId":"ams-nd44-9-1955-0324","sheet":"ams-nd44-9-1955","year":1955,"scale":250000,"areaM2":94769,"name":null,"confidence":"medium","source":"ams-nd44-9-1955"},"geometry":{"type":"Polygon","coordinates":[[[77.710311,13.033329],[77.709264,13.033329],[77.708565,13.03367],[77.708562,13.03469],[77.709953,13.036048],[77.711348,13.036386],[77.712047,13.036046],[77.712053,13.034347],[77.710311,13.033329]]]}},{"type":"Feature","properties":{"histId":"ams-nd44-9-1955-0325","sheet":"ams-nd44-9-1955","year":1955,"scale":250000,"areaM2":110462,"name":null,"confidence":"medium","source":"ams-nd44-9-1955"},"geometry":{"type":"Polygon","coordinates":[[[77.817088,13.033891],[77.817089,13.033211],[77.816393,13.032532],[77.815,13.031854],[77.813252,13.032876],[77.813247,13.034576],[77.814292,13.035254],[77.815689,13.034912],[77.817088,13.033891]]]}},{"type":"Feature","properties":{"histId":"ams-nd44-9-1955-0326","sheet":"ams-nd44-9-1955","year":1955,"scale":250000,"areaM2":156749,"name":null,"confidence":"high","source":"ams-nd44-9-1955"},"geometry":{"type":"Polygon","coordinates":[[[77.660757,13.034048],[77.660064,13.032689],[77.659019,13.03235],[77.657269,13.03371],[77.657262,13.03575],[77.658305,13.036768],[77.6597,13.037107],[77.660749,13.036427],[77.660757,13.034048]]]}},{"type":"Feature","properties":{"histId":"ams-nd44-9-1955-0327","sheet":"ams-nd44-9-1955","year":1955,"scale":250000,"areaM2":227970,"name":null,"confidence":"high","source":"ams-nd44-9-1955"},"geometry":{"type":"Polygon","coordinates":[[[77.569316,13.037834],[77.570014,13.037834],[77.570711,13.038174],[77.572111,13.037154],[77.572116,13.035794],[77.572466,13.035454],[77.572823,13.033415],[77.573173,13.033075],[77.573177,13.032055],[77.572131,13.031716],[77.571432,13.032056],[77.570378,13.034095],[77.567926,13.036475],[77.567574,13.037155],[77.56757,13.038175],[77.568267,13.038514],[77.569316,13.037834]]]}},{"type":"Feature","properties":{"histId":"ams-nd44-9-1955-0328","sheet":"ams-nd44-9-1955","year":1955,"scale":250000,"areaM2":230223,"name":null,"confidence":"high","source":"ams-nd44-9-1955"},"geometry":{"type":"Polygon","coordinates":[[[77.923166,13.033731],[77.924213,13.033729],[77.924912,13.033388],[77.924916,13.031689],[77.923872,13.030331],[77.923877,13.028292],[77.92318,13.027953],[77.922481,13.028294],[77.921779,13.029995],[77.92108,13.030676],[77.920028,13.032717],[77.920026,13.033736],[77.920723,13.034075],[77.922816,13.034071],[77.923166,13.033731]]]}},{"type":"Feature","properties":{"histId":"ams-nd44-9-1955-0329","sheet":"ams-nd44-9-1955","year":1955,"scale":250000,"areaM2":484422,"name":null,"confidence":"high","source":"ams-nd44-9-1955"},"geometry":{"type":"Polygon","coordinates":[[[77.551868,13.03784],[77.553616,13.03716],[77.553627,13.034101],[77.554328,13.033421],[77.554333,13.032061],[77.552939,13.031722],[77.551895,13.031042],[77.549103,13.031043],[77.547354,13.032063],[77.547348,13.033763],[77.548733,13.036481],[77.548727,13.037841],[77.549075,13.03818],[77.549072,13.03886],[77.549769,13.0392],[77.551168,13.03852],[77.551868,13.03784]]]}},{"type":"Feature","properties":{"histId":"ams-nd44-9-1955-0330","sheet":"ams-nd44-9-1955","year":1955,"scale":250000,"areaM2":329157,"name":null,"confidence":"high","source":"ams-nd44-9-1955"},"geometry":{"type":"Polygon","coordinates":[[[77.629344,13.036107],[77.62935,13.034408],[77.628308,13.033049],[77.627963,13.032029],[77.625529,13.029652],[77.624483,13.029313],[77.623784,13.029653],[77.623779,13.031012],[77.624127,13.031352],[77.62412,13.033391],[77.624813,13.03475],[77.62481,13.03543],[77.625852,13.036789],[77.626549,13.037128],[77.627596,13.037128],[77.628995,13.036107],[77.629344,13.036107]]]}},{"type":"Feature","properties":{"histId":"ams-nd44-9-1955-0331","sheet":"ams-nd44-9-1955","year":1955,"scale":250000,"areaM2":394896,"name":null,"confidence":"high","source":"ams-nd44-9-1955"},"geometry":{"type":"Polygon","coordinates":[[[77.960503,13.033324],[77.962252,13.031622],[77.96295,13.031281],[77.965042,13.032296],[77.966438,13.031954],[77.966439,13.031614],[77.967138,13.030933],[77.968535,13.03025],[77.968536,13.029911],[77.969235,13.02923],[77.969238,13.02787],[77.968543,13.026852],[77.968544,13.026172],[77.968195,13.026173],[77.966802,13.025156],[77.965754,13.025498],[77.965404,13.025838],[77.9654,13.027877],[77.96505,13.028558],[77.964001,13.029579],[77.963652,13.02958],[77.963301,13.03026],[77.962603,13.030601],[77.961557,13.030264],[77.961207,13.030604],[77.959811,13.030947],[77.959111,13.031628],[77.959108,13.033327],[77.959805,13.033665],[77.960503,13.033324]]]}},{"type":"Feature","properties":{"histId":"ams-nd44-9-1955-0332","sheet":"ams-nd44-9-1955","year":1955,"scale":250000,"areaM2":69106,"name":null,"confidence":"low","source":"ams-nd44-9-1955"},"geometry":{"type":"Polygon","coordinates":[[[77.602134,13.033742],[77.602138,13.032723],[77.601791,13.032043],[77.601095,13.031704],[77.600744,13.032044],[77.599347,13.032384],[77.599342,13.033744],[77.600387,13.034423],[77.601085,13.034423],[77.602134,13.033742]]]}},{"type":"Feature","properties":{"histId":"ams-nd44-9-1955-0333","sheet":"ams-nd44-9-1955","year":1955,"scale":250000,"areaM2":101918,"name":null,"confidence":"medium","source":"ams-nd44-9-1955"},"geometry":{"type":"Polygon","coordinates":[[[77.877128,13.024969],[77.875733,13.024631],[77.874688,13.023953],[77.87399,13.024294],[77.873639,13.024974],[77.873636,13.025994],[77.874681,13.027012],[77.876076,13.02735],[77.877124,13.026668],[77.877128,13.024969]]]}},{"type":"Feature","properties":{"histId":"ams-nd44-9-1955-0334","sheet":"ams-nd44-9-1955","year":1955,"scale":250000,"areaM2":74803,"name":null,"confidence":"low","source":"ams-nd44-9-1955"},"geometry":{"type":"Polygon","coordinates":[[[77.575631,13.028995],[77.575639,13.026956],[77.574942,13.026617],[77.573193,13.027977],[77.573186,13.029676],[77.573883,13.030016],[77.574931,13.029675],[77.575631,13.028995]]]}},{"type":"Feature","properties":{"histId":"ams-nd44-9-1955-0335","sheet":"ams-nd44-9-1955","year":1955,"scale":250000,"areaM2":384134,"name":null,"confidence":"high","source":"ams-nd44-9-1955"},"geometry":{"type":"Polygon","coordinates":[[[77.844315,13.030115],[77.843967,13.029776],[77.843974,13.027397],[77.841888,13.024341],[77.841891,13.023321],[77.842591,13.022301],[77.842595,13.020941],[77.8412,13.020604],[77.84085,13.020944],[77.840153,13.020945],[77.838755,13.021627],[77.837706,13.022648],[77.837703,13.023667],[77.83805,13.024346],[77.838399,13.024346],[77.840835,13.026722],[77.841529,13.02808],[77.841527,13.02876],[77.84257,13.030458],[77.842568,13.031138],[77.843613,13.031816],[77.844312,13.031475],[77.844315,13.030115]]]}},{"type":"Feature","properties":{"histId":"ams-nd44-9-1955-0336","sheet":"ams-nd44-9-1955","year":1955,"scale":250000,"areaM2":81971,"name":null,"confidence":"medium","source":"ams-nd44-9-1955"},"geometry":{"type":"Polygon","coordinates":[[[77.954592,13.023819],[77.953897,13.022801],[77.952851,13.022463],[77.951802,13.023144],[77.951799,13.024504],[77.953541,13.02586],[77.954589,13.025178],[77.954592,13.023819]]]}},{"type":"Feature","properties":{"histId":"ams-nd44-9-1955-0337","sheet":"ams-nd44-9-1955","year":1955,"scale":250000,"areaM2":121845,"name":null,"confidence":"medium","source":"ams-nd44-9-1955"},"geometry":{"type":"Polygon","coordinates":[[[77.708585,13.027552],[77.708935,13.027212],[77.709633,13.027211],[77.711031,13.026531],[77.711034,13.025511],[77.70999,13.024832],[77.709292,13.024833],[77.707894,13.025514],[77.707196,13.025514],[77.705798,13.026195],[77.705795,13.027215],[77.706491,13.027554],[77.708585,13.027552]]]}},{"type":"Feature","properties":{"histId":"ams-nd44-9-1955-0338","sheet":"ams-nd44-9-1955","year":1955,"scale":250000,"areaM2":110461,"name":null,"confidence":"medium","source":"ams-nd44-9-1955"},"geometry":{"type":"Polygon","coordinates":[[[77.817806,13.026413],[77.819206,13.025052],[77.81921,13.023352],[77.818513,13.023013],[77.817117,13.023355],[77.816067,13.024376],[77.816062,13.026415],[77.817106,13.027094],[77.817805,13.026753],[77.817806,13.026413]]]}},{"type":"Feature","properties":{"histId":"ams-nd44-9-1955-0339","sheet":"ams-nd44-9-1955","year":1955,"scale":250000,"areaM2":265050,"name":null,"confidence":"high","source":"ams-nd44-9-1955"},"geometry":{"type":"Polygon","coordinates":[[[77.667413,13.026566],[77.668463,13.025546],[77.668465,13.025206],[77.669516,13.023845],[77.669523,13.021806],[77.668478,13.021127],[77.66638,13.022488],[77.664983,13.022829],[77.663933,13.023849],[77.663928,13.025209],[77.664276,13.025549],[77.664274,13.026228],[77.664969,13.026908],[77.666015,13.027247],[77.667413,13.026566]]]}},{"type":"Feature","properties":{"histId":"ams-nd44-9-1955-0340","sheet":"ams-nd44-9-1955","year":1955,"scale":250000,"areaM2":252929,"name":null,"confidence":"high","source":"ams-nd44-9-1955"},"geometry":{"type":"Polygon","coordinates":[[[77.647527,13.02556],[77.645792,13.022842],[77.645796,13.021483],[77.64545,13.020803],[77.644404,13.020464],[77.643705,13.020804],[77.643354,13.021484],[77.643349,13.022844],[77.642999,13.023184],[77.642988,13.026243],[77.64438,13.027261],[77.645776,13.02726],[77.647524,13.02624],[77.647527,13.02556]]]}},{"type":"Feature","properties":{"histId":"ams-nd44-9-1955-0341","sheet":"ams-nd44-9-1955","year":1955,"scale":250000,"areaM2":1285462,"name":null,"confidence":"high","source":"ams-nd44-9-1955"},"geometry":{"type":"Polygon","coordinates":[[[77.734426,13.02141],[77.734437,13.018012],[77.731998,13.016655],[77.729902,13.017676],[77.728502,13.019037],[77.725706,13.020399],[77.723611,13.020741],[77.720825,13.019044],[77.720126,13.019385],[77.720125,13.019725],[77.718725,13.021086],[77.717677,13.021426],[77.717674,13.022446],[77.718719,13.023125],[77.721514,13.021763],[77.722211,13.022102],[77.723603,13.02346],[77.7236,13.02414],[77.723948,13.024479],[77.724293,13.025839],[77.725684,13.027197],[77.728821,13.028553],[77.729516,13.029232],[77.729515,13.029572],[77.730212,13.029911],[77.73161,13.02923],[77.731618,13.026511],[77.73197,13.025831],[77.733368,13.02481],[77.733717,13.02481],[77.734767,13.023789],[77.734774,13.02175],[77.734426,13.02141]]]}},{"type":"Feature","properties":{"histId":"ams-nd44-9-1955-0342","sheet":"ams-nd44-9-1955","year":1955,"scale":250000,"areaM2":141093,"name":null,"confidence":"medium","source":"ams-nd44-9-1955"},"geometry":{"type":"Polygon","coordinates":[[[77.757805,13.021047],[77.757109,13.020707],[77.755713,13.020709],[77.755365,13.020369],[77.753968,13.020711],[77.753965,13.02173],[77.754312,13.02241],[77.756053,13.023767],[77.757098,13.024106],[77.758497,13.023085],[77.758501,13.021726],[77.757805,13.021047]]]}},{"type":"Feature","properties":{"histId":"ams-nd44-9-1955-0343","sheet":"ams-nd44-9-1955","year":1955,"scale":250000,"areaM2":102592,"name":null,"confidence":"medium","source":"ams-nd44-9-1955"},"geometry":{"type":"Polygon","coordinates":[[[77.615435,13.02252],[77.614392,13.021501],[77.613346,13.021162],[77.612647,13.021502],[77.612641,13.023201],[77.613334,13.02456],[77.614378,13.02524],[77.615428,13.024559],[77.615435,13.02252]]]}},{"type":"Feature","properties":{"histId":"ams-nd44-9-1955-0344","sheet":"ams-nd44-9-1955","year":1955,"scale":250000,"areaM2":54850,"name":null,"confidence":"low","source":"ams-nd44-9-1955"},"geometry":{"type":"Polygon","coordinates":[[[77.507613,13.022215],[77.506917,13.021875],[77.505869,13.022215],[77.505168,13.022895],[77.505165,13.023574],[77.506209,13.024254],[77.507957,13.023574],[77.507613,13.022215]]]}},{"type":"Feature","properties":{"histId":"ams-nd44-9-1955-0345","sheet":"ams-nd44-9-1955","year":1955,"scale":250000,"areaM2":58429,"name":null,"confidence":"low","source":"ams-nd44-9-1955"},"geometry":{"type":"Polygon","coordinates":[[[77.713853,13.017012],[77.712807,13.016673],[77.712108,13.017013],[77.712106,13.017693],[77.7128,13.019052],[77.713845,13.019391],[77.714544,13.01905],[77.714549,13.017691],[77.713853,13.017012]]]}},{"type":"Feature","properties":{"histId":"ams-nd44-9-1955-0346","sheet":"ams-nd44-9-1955","year":1955,"scale":250000,"areaM2":150344,"name":null,"confidence":"high","source":"ams-nd44-9-1955"},"geometry":{"type":"Polygon","coordinates":[[[77.700942,13.017363],[77.699548,13.016684],[77.696757,13.016687],[77.695358,13.017708],[77.695355,13.018387],[77.69675,13.018726],[77.697098,13.019066],[77.700238,13.019063],[77.700935,13.019402],[77.701634,13.019062],[77.701637,13.018042],[77.700942,13.017363]]]}},{"type":"Feature","properties":{"histId":"ams-nd44-9-1955-0347","sheet":"ams-nd44-9-1955","year":1955,"scale":250000,"areaM2":73384,"name":null,"confidence":"low","source":"ams-nd44-9-1955"},"geometry":{"type":"Polygon","coordinates":[[[77.641616,13.019446],[77.642315,13.019106],[77.643017,13.018086],[77.64302,13.017066],[77.642324,13.016727],[77.640227,13.017748],[77.639876,13.018088],[77.639873,13.019107],[77.640569,13.019447],[77.641616,13.019446]]]}},{"type":"Feature","properties":{"histId":"ams-nd44-9-1955-0348","sheet":"ams-nd44-9-1955","year":1955,"scale":250000,"areaM2":241523,"name":null,"confidence":"high","source":"ams-nd44-9-1955"},"geometry":{"type":"Polygon","coordinates":[[[77.628354,13.020134],[77.629753,13.019453],[77.629761,13.017074],[77.629414,13.016395],[77.62837,13.015716],[77.626277,13.015717],[77.624878,13.016397],[77.624525,13.017757],[77.624872,13.018097],[77.624866,13.019796],[77.625563,13.020135],[77.628354,13.020134]]]}},{"type":"Feature","properties":{"histId":"ams-nd44-9-1955-0349","sheet":"ams-nd44-9-1955","year":1955,"scale":250000,"areaM2":685570,"name":null,"confidence":"high","source":"ams-nd44-9-1955"},"geometry":{"type":"Polygon","coordinates":[[[77.822022,13.015871],[77.820284,13.013495],[77.817845,13.012478],[77.816801,13.01146],[77.815407,13.010782],[77.814709,13.010783],[77.813661,13.011464],[77.813306,13.013504],[77.812256,13.014525],[77.812253,13.015884],[77.813297,13.016902],[77.814342,13.017241],[77.816082,13.018938],[77.816779,13.019277],[77.817477,13.019276],[77.818526,13.018595],[77.822365,13.01825],[77.823762,13.017569],[77.823765,13.016549],[77.822022,13.015871]]]}},{"type":"Feature","properties":{"histId":"ams-nd44-9-1955-0350","sheet":"ams-nd44-9-1955","year":1955,"scale":250000,"areaM2":431876,"name":null,"confidence":"high","source":"ams-nd44-9-1955"},"geometry":{"type":"Polygon","coordinates":[[[77.835975,13.017552],[77.837373,13.01653],[77.837726,13.01517],[77.837379,13.014491],[77.835987,13.013134],[77.83529,13.012795],[77.833894,13.012797],[77.8325,13.012119],[77.831453,13.01212],[77.830055,13.013142],[77.830048,13.015521],[77.829699,13.015861],[77.829695,13.017221],[77.83074,13.017899],[77.835975,13.017552]]]}},{"type":"Feature","properties":{"histId":"ams-nd44-9-1955-0351","sheet":"ams-nd44-9-1955","year":1955,"scale":250000,"areaM2":327842,"name":null,"confidence":"high","source":"ams-nd44-9-1955"},"geometry":{"type":"Polygon","coordinates":[[[77.863194,13.016154],[77.86773,13.016147],[77.868778,13.015466],[77.868783,13.013766],[77.868435,13.013427],[77.868436,13.012747],[77.86774,13.012068],[77.867043,13.01173],[77.865648,13.011732],[77.8653,13.011392],[77.864602,13.011393],[77.863557,13.010715],[77.862858,13.011056],[77.862851,13.013775],[77.862152,13.014456],[77.86215,13.015136],[77.862497,13.015815],[77.863194,13.016154]]]}},{"type":"Feature","properties":{"histId":"ams-nd44-9-1955-0352","sheet":"ams-nd44-9-1955","year":1955,"scale":250000,"areaM2":310015,"name":null,"confidence":"high","source":"ams-nd44-9-1955"},"geometry":{"type":"Polygon","coordinates":[[[77.843999,13.017881],[77.847498,13.014137],[77.849244,13.013455],[77.849247,13.012435],[77.848202,13.011757],[77.846806,13.011759],[77.846458,13.01142],[77.844016,13.011423],[77.843317,13.011764],[77.842618,13.012445],[77.842614,13.013804],[77.843309,13.014823],[77.843305,13.016522],[77.842605,13.017203],[77.842603,13.017883],[77.8433,13.018222],[77.843999,13.017881]]]}},{"type":"Feature","properties":{"histId":"ams-nd44-9-1955-0353","sheet":"ams-nd44-9-1955","year":1955,"scale":250000,"areaM2":346333,"name":null,"confidence":"high","source":"ams-nd44-9-1955"},"geometry":{"type":"Polygon","coordinates":[[[77.787474,13.017614],[77.788174,13.016934],[77.788523,13.016933],[77.790972,13.014551],[77.79272,13.01353],[77.792722,13.01285],[77.791677,13.012171],[77.79063,13.012173],[77.788889,13.011155],[77.787144,13.011157],[77.786095,13.011838],[77.786087,13.014897],[77.785737,13.015237],[77.785731,13.017276],[77.786776,13.017955],[77.787474,13.017614]]]}},{"type":"Feature","properties":{"histId":"ams-nd44-9-1955-0354","sheet":"ams-nd44-9-1955","year":1955,"scale":250000,"areaM2":59851,"name":null,"confidence":"low","source":"ams-nd44-9-1955"},"geometry":{"type":"Polygon","coordinates":[[[77.685251,13.013977],[77.684904,13.013298],[77.684208,13.012958],[77.68281,13.013639],[77.682806,13.014659],[77.683153,13.015338],[77.68385,13.015678],[77.685248,13.014997],[77.685251,13.013977]]]}},{"type":"Feature","properties":{"histId":"ams-nd44-9-1955-0355","sheet":"ams-nd44-9-1955","year":1955,"scale":250000,"areaM2":247273,"name":null,"confidence":"high","source":"ams-nd44-9-1955"},"geometry":{"type":"Polygon","coordinates":[[[77.773877,13.013892],[77.773879,13.013212],[77.773185,13.012193],[77.773189,13.010834],[77.772492,13.010494],[77.770745,13.011176],[77.768997,13.012538],[77.7676,13.012879],[77.766899,13.013899],[77.766897,13.014579],[77.767594,13.014918],[77.76864,13.014917],[77.770388,13.013895],[77.771086,13.013895],[77.772479,13.014913],[77.772478,13.015253],[77.773871,13.015931],[77.77457,13.01559],[77.774572,13.01491],[77.773877,13.013892]]]}},{"type":"Feature","properties":{"histId":"ams-nd44-9-1955-0356","sheet":"ams-nd44-9-1955","year":1955,"scale":250000,"areaM2":127533,"name":null,"confidence":"medium","source":"ams-nd44-9-1955"},"geometry":{"type":"Polygon","coordinates":[[[77.64687,13.013665],[77.646874,13.012645],[77.645134,13.011287],[77.644086,13.011628],[77.643386,13.012308],[77.643376,13.015027],[77.644073,13.015366],[77.64547,13.015025],[77.64687,13.013665]]]}},{"type":"Feature","properties":{"histId":"ams-nd44-9-1955-0357","sheet":"ams-nd44-9-1955","year":1955,"scale":250000,"areaM2":60574,"name":null,"confidence":"low","source":"ams-nd44-9-1955"},"geometry":{"type":"Polygon","coordinates":[[[77.806333,13.011813],[77.806682,13.011473],[77.806686,13.010114],[77.805292,13.009775],[77.804593,13.010116],[77.803893,13.010797],[77.803891,13.011477],[77.804936,13.012155],[77.806333,13.011813]]]}},{"type":"Feature","properties":{"histId":"ams-nd44-9-1955-0358","sheet":"ams-nd44-9-1955","year":1955,"scale":250000,"areaM2":601572,"name":null,"confidence":"high","source":"ams-nd44-9-1955"},"geometry":{"type":"Polygon","coordinates":[[[77.934726,13.013999],[77.934729,13.012639],[77.930899,13.009247],[77.930204,13.007889],[77.930207,13.006529],[77.930557,13.006189],[77.930563,13.00381],[77.929517,13.003472],[77.928468,13.004153],[77.926724,13.004156],[77.926027,13.003818],[77.924979,13.004499],[77.924976,13.005519],[77.925673,13.006197],[77.926366,13.007896],[77.927063,13.008574],[77.928105,13.010611],[77.929149,13.011629],[77.929148,13.011969],[77.931237,13.014005],[77.931586,13.014004],[77.932978,13.015361],[77.933675,13.0157],[77.933674,13.016379],[77.934371,13.016718],[77.93507,13.016377],[77.935074,13.014338],[77.934726,13.013999]]]}},{"type":"Feature","properties":{"histId":"ams-nd44-9-1955-0359","sheet":"ams-nd44-9-1955","year":1955,"scale":250000,"areaM2":180993,"name":null,"confidence":"high","source":"ams-nd44-9-1955"},"geometry":{"type":"Polygon","coordinates":[[[77.744577,13.010864],[77.74563,13.008824],[77.746681,13.007464],[77.746684,13.006444],[77.745988,13.006105],[77.74459,13.006786],[77.74284,13.008487],[77.742836,13.009847],[77.743532,13.010526],[77.74353,13.011205],[77.742829,13.012226],[77.742823,13.013925],[77.74352,13.014264],[77.744219,13.013924],[77.744577,13.010864]]]}},{"type":"Feature","properties":{"histId":"ams-nd44-9-1955-0360","sheet":"ams-nd44-9-1955","year":1955,"scale":250000,"areaM2":203033,"name":null,"confidence":"high","source":"ams-nd44-9-1955"},"geometry":{"type":"Polygon","coordinates":[[[77.572552,13.013023],[77.573251,13.012683],[77.575703,13.009963],[77.577801,13.008943],[77.577803,13.008263],[77.577107,13.007923],[77.575362,13.007924],[77.573964,13.008604],[77.571513,13.010984],[77.571164,13.010984],[77.570463,13.011664],[77.570459,13.012684],[77.571156,13.013023],[77.572552,13.013023]]]}},{"type":"Feature","properties":{"histId":"ams-nd44-9-1955-0361","sheet":"ams-nd44-9-1955","year":1955,"scale":250000,"areaM2":233042,"name":null,"confidence":"high","source":"ams-nd44-9-1955"},"geometry":{"type":"Polygon","coordinates":[[[77.83774,13.009733],[77.83809,13.009392],[77.838093,13.008373],[77.837745,13.008033],[77.837749,13.006334],[77.838099,13.005994],[77.838104,13.004294],[77.837757,13.003615],[77.836711,13.003277],[77.836012,13.003617],[77.834613,13.004979],[77.834262,13.005659],[77.834259,13.006679],[77.835998,13.009055],[77.835995,13.010075],[77.83704,13.010753],[77.837738,13.010412],[77.83774,13.009733]]]}},{"type":"Feature","properties":{"histId":"ams-nd44-9-1955-0362","sheet":"ams-nd44-9-1955","year":1955,"scale":250000,"areaM2":111856,"name":null,"confidence":"medium","source":"ams-nd44-9-1955"},"geometry":{"type":"Polygon","coordinates":[[[77.633981,13.007895],[77.633632,13.007896],[77.632936,13.007216],[77.632938,13.006876],[77.631543,13.006537],[77.630844,13.006878],[77.630839,13.008237],[77.631879,13.010276],[77.632924,13.010615],[77.633973,13.009935],[77.633981,13.007895]]]}},{"type":"Feature","properties":{"histId":"ams-nd44-9-1955-0363","sheet":"ams-nd44-9-1955","year":1955,"scale":250000,"areaM2":149654,"name":null,"confidence":"medium","source":"ams-nd44-9-1955"},"geometry":{"type":"Polygon","coordinates":[[[77.809139,13.006372],[77.809489,13.006032],[77.809492,13.005012],[77.809145,13.004333],[77.808448,13.003994],[77.80775,13.003995],[77.806702,13.004676],[77.806004,13.004677],[77.804955,13.005358],[77.8053,13.006717],[77.806346,13.007055],[77.807739,13.008073],[77.809136,13.007392],[77.809139,13.006372]]]}},{"type":"Feature","properties":{"histId":"ams-nd44-9-1955-0364","sheet":"ams-nd44-9-1955","year":1955,"scale":250000,"areaM2":106873,"name":null,"confidence":"medium","source":"ams-nd44-9-1955"},"geometry":{"type":"Polygon","coordinates":[[[77.661545,13.007877],[77.661893,13.008217],[77.663638,13.008216],[77.664337,13.007875],[77.664342,13.006176],[77.663646,13.005837],[77.662947,13.006177],[77.6619,13.006178],[77.661552,13.005838],[77.660854,13.005839],[77.659805,13.006519],[77.659802,13.007539],[77.660498,13.007878],[77.661545,13.007877]]]}},{"type":"Feature","properties":{"histId":"ams-nd44-9-1955-0365","sheet":"ams-nd44-9-1955","year":1955,"scale":250000,"areaM2":79802,"name":null,"confidence":"medium","source":"ams-nd44-9-1955"},"geometry":{"type":"Polygon","coordinates":[[[77.694347,13.006833],[77.695745,13.006152],[77.695748,13.005132],[77.694703,13.004453],[77.692959,13.004455],[77.69226,13.004795],[77.692257,13.005815],[77.693649,13.006833],[77.694347,13.006833]]]}},{"type":"Feature","properties":{"histId":"ams-nd44-9-1955-0366","sheet":"ams-nd44-9-1955","year":1955,"scale":250000,"areaM2":52739,"name":null,"confidence":"low","source":"ams-nd44-9-1955"},"geometry":{"type":"Polygon","coordinates":[[[77.861482,13.003581],[77.862878,13.003239],[77.863228,13.002899],[77.863231,13.001879],[77.862185,13.001541],[77.860438,13.002563],[77.860435,13.003583],[77.861132,13.003921],[77.861482,13.003581]]]}},{"type":"Feature","properties":{"histId":"ams-nd44-9-1955-0367","sheet":"ams-nd44-9-1955","year":1955,"scale":250000,"areaM2":55584,"name":null,"confidence":"low","source":"ams-nd44-9-1955"},"geometry":{"type":"Polygon","coordinates":[[[77.784027,13.003344],[77.784031,13.001984],[77.782636,13.001646],[77.781587,13.002327],[77.781583,13.003687],[77.782978,13.004025],[77.784027,13.003344]]]}}]}
