id,observations,researchGrade,species,observers,lastObserved,topTaxa,source
abbigere-kere,3,1,2,1,2025-11-28,Cyrtophora jabalpurensis;Leptotes plinius (Zebra Blue),inaturalist-2026-09
abbigere-kunte1,0,0,0,0,,,inaturalist-2026-09
acchanakere,366,305,102,17,2026-04-14,Ardea cinerea (Grey Heron);Mycteria leucocephala (Painted Stork);Nycticorax nycticorax (Black-crowned Night Heron);Ardeola grayii (Indian Pond-Heron);Phalacrocorax carbo (Great Cormorant);Vanellus indicus (Red-wattled Lapwing);Anas poecilorhyncha (Indian Spot-billed Duck);Amaurornis phoenicurus (White-breasted Waterhen);Egretta garzetta (Little Egret);Fulica atra (Eurasian Coot),inaturalist-2026-09
achanakere,7,4,5,4,2023-11-24,Duranta erecta (Skyflower);Lissachatina fulica (African Giant Snail);Papilio polytes (Common Mormon Swallowtail);Spathodea campanulata (African tulip tree);Syzygium cumini (Java plum),inaturalist-2026-09
adarang-lake,1,0,0,1,2025-04-12,,inaturalist-2026-09
adde-lake,34,11,12,1,2026-06-27,Myriochila undulata (Rippled Tiger Beetle);Agnara fragilis;Amphiesma stolatum (Buff Striped Keelback);Apis cerana (Asian Honey Bee);Brachythemis contaminata (Ditch Jewel);Cylindera belli;Diplacodes trivialis (Chalky Percher);Episomus turritus;Ischnura senegalensis (Common Bluetail);Plegadis falcinellus (Glossy Ibis),inaturalist-2026-09
addevishwanathapura-lake,65,19,23,2,2025-12-23,Myrmicaria brunnea (Brown Droptail Ant);Aphaenogaster beccarii;Camponotus parius;Camponotus sericeus (Silky Sugar ant);Wadicosa fidelis;Aloa lactinea (Red Costate Tiger Moth);Amata cyssea (Seven-spotted Handmaiden Moth);Boltonopone sulcata;Camponotus compressus (Indian Black Ant);Cheilomenes sexmaculata (Six-spotted Zigzag Ladybird),inaturalist-2026-09
addiganahalli-lake,0,0,0,0,,,inaturalist-2026-09
addigenakere,0,0,0,0,,,inaturalist-2026-09
adesonatti-lake,0,0,0,0,,,inaturalist-2026-09
adiganahalli-kunte,0,0,0,0,,,inaturalist-2026-09
adigondanahalli-kere,0,0,0,0,,,inaturalist-2026-09
adikamaranahalli-kunte,0,0,0,0,,,inaturalist-2026-09
adikelallanapalya-kere,0,0,0,0,,,inaturalist-2026-09
adkepalya-lake,0,0,0,0,,,inaturalist-2026-09
adugodi-kunte1,0,0,0,0,,,inaturalist-2026-09
adugodi-kunte2,0,0,0,0,,,inaturalist-2026-09
aduru-kunte1,0,0,0,0,,,inaturalist-2026-09
aduru-kunte2,0,0,0,0,,,inaturalist-2026-09
aduru-kunte3,0,0,0,0,,,inaturalist-2026-09
aduru-kunte4,0,0,0,0,,,inaturalist-2026-09
aduru-lake,0,0,0,0,,,inaturalist-2026-09
adurupalya-lake,0,0,0,0,,,inaturalist-2026-09
agara-kere,346,247,186,26,2026-08-01,Actitis hypoleucos (Common Sandpiper);Ardea cinerea (Grey Heron);Motacilla maderaspatensis (White-browed Wagtail);Alcedo atthis (Common Kingfisher);Brachythemis contaminata (Ditch Jewel);Dicrurus leucophaeus (Ashy Drongo);Haliastur indus (Brahminy Kite);Merops orientalis (Asian Green Bee-eater);Parus cinereus (Asian Tit);Pernis ptilorhynchus (Oriental Honey-buzzard),inaturalist-2026-09
agara-kunte-2,0,0,0,0,,,inaturalist-2026-09
agara-kunte-3,0,0,0,0,,,inaturalist-2026-09
agara-kunte-4,0,0,0,0,,,inaturalist-2026-09
agara-kunte-4-2,23,7,9,4,2026-05-01,Chrysomya megacephala (Oriental Latrine Fly);Dacrymyces spathularia (Fan-shaped Jelly Fungus);Euploea core (Common Crow);Maruca vitrata (Mung Bean Moth);Melanitis leda (Common Evening Brown);Mitragyna parvifolia (True Kadamb);Pluteus longistriatus (Pleated Pluteus);Syntomoides imaon (Handmaiden moth);Talicada nyseus (Red Pierrot),inaturalist-2026-09
agara-kunte-5,0,0,0,0,,,inaturalist-2026-09
agara-kunte-6,0,0,0,0,,,inaturalist-2026-09
agara-kunte-7,0,0,0,0,,,inaturalist-2026-09
agara-kunte-8,0,0,0,0,,,inaturalist-2026-09
agara-kunte1,3,2,2,2,2023-08-26,Psilopogon haemacephalus (Coppersmith Barbet);Sagra femorata (Frog-legged leaf beetle),inaturalist-2026-09
agara-kunte1-2,2,1,2,2,2026-06-19,Amaranthus blitum (purple amaranth);Junonia lemonias (Lemon Pansy),inaturalist-2026-09
agara-kunte2,6,2,3,2,2023-07-20,Helopeltis antonii;Psilopogon haemacephalus (Coppersmith Barbet);Sphadasmus brahminus,inaturalist-2026-09
agara-kunte3,5,1,1,3,2025-06-09,Duttaphrynus melanostictus (Asian Common Toad),inaturalist-2026-09
agara-lake,410,278,143,51,2026-08-29,Ardeola grayii (Indian Pond-Heron);Haliastur indus (Brahminy Kite);Microcarbo niger (Little Cormorant);Ceriagrion coromandelianum (Coromandel Marsh Dart);Porphyrio poliocephalus (Gray-headed Swamphen);Brachythemis contaminata (Ditch Jewel);Anas poecilorhyncha (Indian Spot-billed Duck);Ischnura senegalensis (Common Bluetail);Ardea cinerea (Grey Heron);Milvus migrans (Black Kite),inaturalist-2026-09
agrahara-kere,0,0,0,0,,,inaturalist-2026-09
agrahara-lake,7,7,6,2,2025-02-27,Egretta garzetta (Little Egret);Ardea cinerea (Grey Heron);Columba livia (Rock Pigeon);Himantopus himantopus (Black-winged Stilt);Motacilla cinerea (Grey Wagtail);Motacilla maderaspatensis (White-browed Wagtail),inaturalist-2026-09
aiyanapalya-lake,0,0,0,0,,,inaturalist-2026-09
ajjanahalli-kere,0,0,0,0,,,inaturalist-2026-09
ajjegowdana-katte,0,0,0,0,,,inaturalist-2026-09
akkithimmanahalli-kere,6,5,6,4,2026-07-09,Apis cerana (Asian Honey Bee);Euthalia aconthea (Common Baron);Mansoa alliacea (Garlic Vine);Milvus migrans (Black Kite);Rivina humilis (pigeonberry);Samanea saman (Monkey pod tree),inaturalist-2026-09
alagondahalli-lake,0,0,0,0,,,inaturalist-2026-09
alahalli-kere,103,70,52,7,2026-03-14,Ardea cinerea (Grey Heron);Phalacrocorax carbo (Great Cormorant);Danaus chrysippus (Plain Tiger Butterfly);Saxicola caprata (Pied Bushchat);Vanellus indicus (Red-wattled Lapwing);Ardeola grayii (Indian Pond-Heron);Athene brama (Spotted Owlet);Diplacodes trivialis (Chalky Percher);Fulica atra (Eurasian Coot);Haliastur indus (Brahminy Kite),inaturalist-2026-09
alijenahalli-kere,0,0,0,0,,,inaturalist-2026-09
allasandra-lake,83,42,27,14,2026-08-13,Calyptocarpus vialis (straggler daisy);Ardea cinerea (Grey Heron);Fowlea piscator (Chequered Keelback);Sphagneticola trilobata (Trailing Daisy);Erigeron canadensis (horseweed);Ricinus communis (castor bean);Anas platyrhynchos (Mallard);Ardeola grayii (Indian Pond-Heron);Camponotus compressus (Indian Black Ant);Himantopus himantopus (Black-winged Stilt),inaturalist-2026-09
alur-kere,2,2,2,1,2025-07-20,Coracias benghalensis (Indian Roller);Psittacula krameri (Rose-ringed Parakeet),inaturalist-2026-09
aluru-lake1,0,0,0,0,,,inaturalist-2026-09
amalgunte-lake,0,0,0,0,,,inaturalist-2026-09
amanimulli-kere,0,0,0,0,,,inaturalist-2026-09
ambalagere-n,0,0,0,0,,,inaturalist-2026-09
ambalagere-w,0,0,0,0,,,inaturalist-2026-09
ambalipura-kelagina-kere,348,235,103,17,2026-08-19,Halcyon smyrnensis (White-throated Kingfisher);Anas poecilorhyncha (Indian Spot-billed Duck);Haliastur indus (Brahminy Kite);Psilopogon viridis (White-cheeked Barbet);Ardea cinerea (Grey Heron);Porphyrio poliocephalus (Gray-headed Swamphen);Tachybaptus ruficollis (Little Grebe);Egretta garzetta (Little Egret);Microcarbo niger (Little Cormorant);Alcedo atthis (Common Kingfisher),inaturalist-2026-09
ambalipura-kunte1,0,0,0,0,,,inaturalist-2026-09
ampapura-lake,0,0,0,0,,,inaturalist-2026-09
amruthahalli-lake,7,6,6,3,2026-08-21,Porphyrio poliocephalus (Gray-headed Swamphen);Ardea cinerea (Grey Heron);Ardeola grayii (Indian Pond-Heron);Colocasia esculenta (Taro);Egretta garzetta (Little Egret);Mycteria leucocephala (Painted Stork),inaturalist-2026-09
amruthalli-kunte1,0,0,0,0,,,inaturalist-2026-09
amrutnagar-lake,5,0,1,1,2026-05-14,Curcuma aromatica (wild turmeric),inaturalist-2026-09
anagalapura-kunte1,0,0,0,0,,,inaturalist-2026-09
anagalapura-kunte2,0,0,0,0,,,inaturalist-2026-09
anantapura-kere,0,0,0,0,,,inaturalist-2026-09
ananthapura-kunte,0,0,0,0,,,inaturalist-2026-09
ananthapura-kunte1,0,0,0,0,,,inaturalist-2026-09
ananthapura-kunte2,0,0,0,0,,,inaturalist-2026-09
andhrahalli-lake,23,23,15,1,2021-02-14,Metopidius indicus (Bronze-winged Jacana);Spatula clypeata (Northern Shoveler);Ardeola grayii (Indian Pond-Heron);Fulica atra (Eurasian Coot);Porphyrio poliocephalus (Gray-headed Swamphen);Tachybaptus ruficollis (Little Grebe);Actitis hypoleucos (Common Sandpiper);Anas poecilorhyncha (Indian Spot-billed Duck);Cinnyris asiaticus (Purple Sunbird);Eudynamys scolopaceus (Asian Koel),inaturalist-2026-09
annamma-kere,1,1,1,1,2023-04-25,Microcarbo niger (Little Cormorant),inaturalist-2026-09
antarahalli-kere,0,0,0,0,,,inaturalist-2026-09
anurah-katte-newly-created,0,0,0,0,,,inaturalist-2026-09
aradeshanahalli-kere,32,10,19,4,2025-12-07,Zizina otis (Lesser Grass Blue);Minervarya agricola (Common Paddy Field Frog);Oreochromis niloticus (Nile Tilapia);Psammophilus dorsalis (Rock Dragon);Abutilon hirtum (Florida Keys Indian mallow);Abutilon indicum (Indian Mallow);Agrilus acutus (Spiral borer);Altica birmanensis;Euodice malabarica (Indian Silverbill);Freyeria putli (Jewelled Grass-blue),inaturalist-2026-09
aradeshanahalli-kere-2,24,23,18,2,2026-01-12,Saxicola caprata (Pied Bushchat);Alcedo atthis (Common Kingfisher);Ardea intermedia (Medium Egret);Tringa glareola (Wood Sandpiper);Actitis hypoleucos (Common Sandpiper);Amaurornis phoenicurus (White-breasted Waterhen);Ceryle rudis (Pied Kingfisher);Dicaeum erythrorhynchos (Pale-billed Flowerpecker);Dicrurus macrocercus (Black Drongo);Elanus caeruleus (Black-winged Kite),inaturalist-2026-09
aralakunte,0,0,0,0,,,inaturalist-2026-09
aralamallige-kere,0,0,0,0,,,inaturalist-2026-09
arasanahalli-lake,0,0,0,0,,,inaturalist-2026-09
arebommanahalli-2r,0,0,0,0,,,inaturalist-2026-09
arebommanahalli-low,0,0,0,0,,,inaturalist-2026-09
arebommanahalli-up-kere,0,0,0,0,,,inaturalist-2026-09
arehalii-kere,0,0,0,0,,,inaturalist-2026-09
arehalli-kere,0,0,0,0,,,inaturalist-2026-09
arehalli-kunte,0,0,0,0,,,inaturalist-2026-09
arehalli-lake,0,0,0,0,,,inaturalist-2026-09
arehalli-lake-2,0,0,0,0,,,inaturalist-2026-09
arekere-lake,32,29,29,9,2026-08-16,Milvus migrans (Black Kite);Porphyrio poliocephalus (Gray-headed Swamphen);Acridotheres fuscus (Jungle Myna);Acridotheres tristis (Common Myna);Acrocephalus dumetorum (Blyth's Reed Warbler);Ardea cinerea (Grey Heron);Ardea coromanda (Eastern Cattle-Egret);Ardea intermedia (Medium Egret);Ardea purpurea (Purple Heron);Argya malcolmi (Large Grey Babbler),inaturalist-2026-09
arekere-lake-2,0,0,0,0,,,inaturalist-2026-09
arenur-kere,3,1,2,2,2023-12-10,Chromolaena odorata (Siam weed);Poecilia reticulata (Guppy),inaturalist-2026-09
arjunabettahalli-kere,0,0,0,0,,,inaturalist-2026-09
arluru-kere-s,0,0,0,0,,,inaturalist-2026-09
asirvanam-ashram-1,330,223,149,12,2026-09-05,Fowlea piscator (Chequered Keelback);Amandava amandava (Red Avadavat);Ardea coromanda (Eastern Cattle-Egret);Hycleus biundulatus;Colotis danae (Banded Scarlet Tip);Lonchura malacca (Tricolored Munia);Urena lobata (Caesar weed);Aspidomorpha miliaris (Sweetpotato Leaf Beetle);Cadaba fruticosa;Cepora nerissa (Common Gull),inaturalist-2026-09
asirvanam-ashram-2,16,13,11,5,2025-05-21,Fowlea piscator (Chequered Keelback);Ahaetulla oxyrhynca (Indian Vine Snake);Daboia russelii (Russell's Viper);Euphlyctis cyanophlyctis (Common skittering frog);Haliastur indus (Brahminy Kite);Laevicaulis haroldi (Harold Dundee's Leatherback Slug);Lonchura punctulata (Scaly-breasted Munia);Motacilla maderaspatensis (White-browed Wagtail);Papilio polytes (Common Mormon Swallowtail);Polypedates maculatus (Chunam Tree Frog),inaturalist-2026-09
attibele-kere,0,0,0,0,,,inaturalist-2026-09
attur-kere,0,0,0,0,,,inaturalist-2026-09
atturu-kere,61,34,42,14,2026-08-26,Ardea cinerea (Grey Heron);Copsychus saularis (Oriental Magpie-Robin);Gallinula chloropus (Eurasian Moorhen);Ipomoea cairica (Mile-a-minute vine);Merops orientalis (Asian Green Bee-eater);Porphyrio poliocephalus (Gray-headed Swamphen);Agriocnemis pygmaea (Wandering Midget);Anas platyrhynchos (Mallard);Anas poecilorhyncha (Indian Spot-billed Duck);Anhinga melanogaster (Oriental Darter),inaturalist-2026-09
atturu-kunte,0,0,0,0,,,inaturalist-2026-09
avadenahlli-lake,3,3,3,1,2025-10-05,Cepora nerissa (Common Gull);Pareronia hippia (Indian Wanderer);Xylocopa tenuiscapa (Slender-scaped Carpenter Bee),inaturalist-2026-09
avalahali-kunte,0,0,0,0,,,inaturalist-2026-09
avalahalli-katte1,1,0,0,1,2025-11-02,,inaturalist-2026-09
avalahalli-katte2,3,1,1,2,2023-10-06,Talicada nyseus (Red Pierrot),inaturalist-2026-09
avalahalli-kere,21,18,20,1,2023-09-02,Alcedo atthis (Common Kingfisher);Amandava amandava (Red Avadavat);Ardea cinerea (Grey Heron);Ardea purpurea (Purple Heron);Calligrapha bicolorata (Parthenium beetle);Clamator jacobinus (Pied Cuckoo);Corvus macrorhynchos (Large-billed Crow);Creobroter gemmatus (Jeweled Flower Mantis);Euodice malabarica (Indian Silverbill);Hierococcyx varius (Common Hawk-Cuckoo),inaturalist-2026-09
avalahalli-kere-2,368,199,140,20,2025-06-03,Anhinga melanogaster (Oriental Darter);Ardea intermedia (Medium Egret);Porphyrio poliocephalus (Gray-headed Swamphen);Tectona grandis (Teak);Terminalia catappa (Sea Almond);Ardea purpurea (Purple Heron);Biancaea decapetala (Mysore Thorn);Crotalaria pallida (Streaked Rattlepod);Metopidius indicus (Bronze-winged Jacana);Spilopelia chinensis (Spotted Dove),inaturalist-2026-09
avalahalli-kere-3,0,0,0,0,,,inaturalist-2026-09
avalahalli-kunte-1,0,0,0,0,,,inaturalist-2026-09
avalahalli-kunte-2,0,0,0,0,,,inaturalist-2026-09
avalahalli-kunte-3,0,0,0,0,,,inaturalist-2026-09
avalahalli-kunte-4,0,0,0,0,,,inaturalist-2026-09
avalahalli-kunte1,0,0,0,0,,,inaturalist-2026-09
avalahalli-kunte2,0,0,0,0,,,inaturalist-2026-09
avalahalli-lake,9,2,3,2,2024-10-13,Canarium subulatum;Cocos nucifera (coconut palm);Tagetes patula (French marigold),inaturalist-2026-09
avalahalli-lake-2,0,0,0,0,,,inaturalist-2026-09
avalakuppe-lake,0,0,0,0,,,inaturalist-2026-09
averahalli-kere,0,0,0,0,,,inaturalist-2026-09
averhalli-kere,0,0,0,0,,,inaturalist-2026-09
ayyana-kere,0,0,0,0,,,inaturalist-2026-09
ayyannanapalya-lake,0,0,0,0,,,inaturalist-2026-09
b-channasandra-lake,2,2,2,2,2025-07-07,Anhinga melanogaster (Oriental Darter);Appias libythea (Striped Albatross),inaturalist-2026-09
b-narayanapura-kere,1,0,0,1,2026-08-23,,inaturalist-2026-09
bachchahalli-kere,0,0,0,0,,,inaturalist-2026-09
badakukere,0,0,0,0,,,inaturalist-2026-09
badamanavartha-kaval-kere,2,2,2,1,2016-09-03,Perdicula asiatica (Jungle Bush-Quail);Rhipidura albogularis (Spot-breasted Fantail),inaturalist-2026-09
badavamavarthe-kavalu-kunte1,0,0,0,0,,,inaturalist-2026-09
badavamavarthe-kavalu-kunte2,0,0,0,0,,,inaturalist-2026-09
badavamavarthekavalu-hosakere-1,36,7,12,11,2026-08-23,Amata cyssea (Seven-spotted Handmaiden Moth);Belenois aurota (Pioneer White);Geastrum pectinatum (Beaked Earthstar);Ichnocarpus frutescens (Black creeper);Junonia lemonias (Lemon Pansy);Micronia aculeata (Grey Swallowtail Moth);Nephila pilipes (Giant Golden Orbweaver);Peucetia viridana (Indian Green Lynx Spider);Phallus luteus;Polypedates maculatus (Chunam Tree Frog),inaturalist-2026-09
badavamavarthekavalu-kunte3,0,0,0,0,,,inaturalist-2026-09
badavamavarthekavalu-kunte4,0,0,0,0,,,inaturalist-2026-09
badavamavarthekavalu-kunte5,0,0,0,0,,,inaturalist-2026-09
badavamavarthekavalu-kunte6,0,0,0,0,,,inaturalist-2026-09
badavamavarthekavalu-kunte7,5,2,3,2,2025-10-31,Gloriosa superba (flame lily);Saccharum spontaneum (Wild Cane);Taractrocera maevius (Common Grass-dart),inaturalist-2026-09
bagalagunte-govt-lake,2,2,2,2,2025-09-12,Plumbago auriculata (blue plumbago);Telamonia dimidiata (Two-striped Telamonia),inaturalist-2026-09
bagalagunte-kunte1,1,0,0,1,2022-05-11,,inaturalist-2026-09
bagalakunte-kere1,0,0,0,0,,,inaturalist-2026-09
bagalakunte-kunte2,0,0,0,0,,,inaturalist-2026-09
bagalakunte-kunte3,0,0,0,0,,,inaturalist-2026-09
bagaluru-majare-kunte,0,0,0,0,,,inaturalist-2026-09
bagur-lake,0,0,0,0,,,inaturalist-2026-09
bail-narsapur-lake-1,0,0,0,0,,,inaturalist-2026-09
bail-narsapur-lake-2,0,0,0,0,,,inaturalist-2026-09
bail-narsapur-lake-3,0,0,0,0,,,inaturalist-2026-09
bail-narsapur-lake-4,0,0,0,0,,,inaturalist-2026-09
bailakonnenahalli-kunte,0,0,0,0,,,inaturalist-2026-09
bainahalli-lake,0,0,0,0,,,inaturalist-2026-09
bairasandra-kere,0,0,0,0,,,inaturalist-2026-09
baiyappanahalli-kere,0,0,0,0,,,inaturalist-2026-09
balagere-kunte1,0,0,0,0,,,inaturalist-2026-09
balagere-kunte2,0,0,0,0,,,inaturalist-2026-09
balagere-kunte3,0,0,0,0,,,inaturalist-2026-09
balchakuppe-lake,1,1,1,1,2022-09-10,Hirundo smithii (Wire-tailed Swallow),inaturalist-2026-09
balchakuppe-lake-1,0,0,0,0,,,inaturalist-2026-09
balekere,0,0,0,0,,,inaturalist-2026-09
balligere-lake,0,0,0,0,,,inaturalist-2026-09
bammasandra-kunte-1,0,0,0,0,,,inaturalist-2026-09
banahalli-kere-w,0,0,0,0,,,inaturalist-2026-09
banahallli-kere,0,0,0,0,,,inaturalist-2026-09
banasavadi-kere-1,70,29,35,7,2026-09-11,Jamides celeno (Common Cerulean);Tirumala septentrionis (Dark Blue Tiger);Magnolia champaca (Champak Tree);Peltophorum pterocarpum (Yellow Flame Tree);Terminalia arjuna (Arjun tree);Tinospora cordifolia (Guduchi);Vachellia nilotica (Egyptian acacia);Ariadne merione (Common Castor Butterfly);Blattella germanica (German Cockroach);Cascabela thevetia (Be-still tree),inaturalist-2026-09
banasavadi-kunte-4,0,0,0,0,,,inaturalist-2026-09
banasavadi-kunte-5,0,0,0,0,,,inaturalist-2026-09
banasavadi-kunte-6,0,0,0,0,,,inaturalist-2026-09
banasavadi-kunte-7,0,0,0,0,,,inaturalist-2026-09
banasavadi-kunte1,0,0,0,0,,,inaturalist-2026-09
banasavadi-kunte2,0,0,0,0,,,inaturalist-2026-09
banasavadi-kunte3,0,0,0,0,,,inaturalist-2026-09
banasavadi-kunte8,0,0,0,0,,,inaturalist-2026-09
banaswadi-kere2,10,5,8,6,2026-07-06,Apis dorsata (Giant Honey Bee);Cinnamomum verum (Ceylon cinnamon);Eudocima materna (Dot-underwing Moth);Euthalia aconthea (Common Baron);Papilio agenor (Great Mormon);Parkia biglandulosa;Phimenes flavopictus;Psittacula krameri (Rose-ringed Parakeet),inaturalist-2026-09
banavati-lake,0,0,0,0,,,inaturalist-2026-09
bande-mahadevapura-kere,2,1,2,1,2026-08-15,Bidens alba (White beggarticks);Thespesia populnea (Indian tulip tree),inaturalist-2026-09
bandekere,0,0,0,0,,,inaturalist-2026-09
bandenalasandra-lake,0,0,0,0,,,inaturalist-2026-09
bandikodigenahalli-amani-kere,0,0,0,0,,,inaturalist-2026-09
bangalapet-lake,2,1,1,1,2016-10-14,Ariadne merione (Common Castor Butterfly),inaturalist-2026-09
banhalli-lake,0,0,0,0,,,inaturalist-2026-09
bannamangala-n-kere,0,0,0,0,,,inaturalist-2026-09
bannerghatta-lake,0,0,0,0,,,inaturalist-2026-09
bannerghatta-lake-2,1,0,1,1,2024-09-07,Nycticorax nycticorax (Black-crowned Night Heron),inaturalist-2026-09
bannerughatta-kavalu-kunte,11,4,5,3,2024-05-25,Artocarpus heterophyllus (Jackfruit);Cinnyris asiaticus (Purple Sunbird);Eudocima homaena;Harmochirus zabkai;Nyctemera coleta (Marbled White Moth),inaturalist-2026-09
bannerughatta-kunte,2,0,0,2,2025-04-27,,inaturalist-2026-09
bannerughatta-kunte2,3,3,3,1,2026-04-25,Apis dorsata (Giant Honey Bee);Milvus migrans (Black Kite);Pavo cristatus (Indian Peafowl),inaturalist-2026-09
baradi-kere,0,0,0,0,,,inaturalist-2026-09
bariga-mudinahalli-kunte,2,2,2,2,2024-03-24,Cataulacus latus;Psittacula krameri (Rose-ringed Parakeet),inaturalist-2026-09
basammanahalli-kere,0,0,0,0,,,inaturalist-2026-09
basapura-kunte,0,0,0,0,,,inaturalist-2026-09
basavanagar-lake,6,4,6,3,2026-03-10,Carica papaya (Papaya);Cestrum diurnum (day jessamine);Egretta garzetta (Little Egret);Fowlea piscator (Chequered Keelback);Phalacrocorax carbo (Great Cormorant);Samanea saman (Monkey pod tree),inaturalist-2026-09
basavanapalya-lake,1,0,0,1,2024-07-10,,inaturalist-2026-09
basavanapura-kere,0,0,0,0,,,inaturalist-2026-09
basavanapura-kere-2,17,7,7,2,2025-11-22,Apis dorsata (Giant Honey Bee);Duttaphrynus melanostictus (Asian Common Toad);Eriovixia laglaizei (Laglaise's Garden Spider);Myrmaplata plataleoides (Red Weaver Ant-mimicking Spider);Paratrechina longicornis (Longhorn Crazy Ant);Polyrhachis lacteipennis;Rhene flavigera (Beige Beetle Jumper),inaturalist-2026-09
basavanapura-kunte1,0,0,0,0,,,inaturalist-2026-09
basavanapura-lake,0,0,0,0,,,inaturalist-2026-09
bashettihalli-kere,2,1,1,1,2023-06-08,Brachythemis contaminata (Ditch Jewel),inaturalist-2026-09
bavikere-kere,0,0,0,0,,,inaturalist-2026-09
bayappanahalli-lake,0,0,0,0,,,inaturalist-2026-09
beemanakuppe-kunte1,1,1,1,1,2024-04-30,Calotes versicolor (Indian Garden Lizard),inaturalist-2026-09
beesegowdan-a-katte,0,0,0,0,,,inaturalist-2026-09
begihalli-govt-kere,0,0,0,0,,,inaturalist-2026-09
begihalli-kunte1,0,0,0,0,,,inaturalist-2026-09
begihalli-kunte2,0,0,0,0,,,inaturalist-2026-09
begur-kere,0,0,0,0,,,inaturalist-2026-09
begur-kunte-1,0,0,0,0,,,inaturalist-2026-09
begur-kunte2,0,0,0,0,,,inaturalist-2026-09
begur-kunte3,0,0,0,0,,,inaturalist-2026-09
begur-kunte4,0,0,0,0,,,inaturalist-2026-09
begur-kunte5,2,1,1,1,2025-01-22,Leptocoma zeylonica (Purple-rumped Sunbird),inaturalist-2026-09
begur-kunte6,1,1,1,1,2024-07-13,Barleria mysorensis,inaturalist-2026-09
begur-kunte7,0,0,0,0,,,inaturalist-2026-09
begur-kunte8,0,0,0,0,,,inaturalist-2026-09
begur-lake,638,528,165,29,2026-09-07,Porphyrio poliocephalus (Gray-headed Swamphen);Egretta gularis (Western Reef Heron);Ardea cinerea (Grey Heron);Anastomus oscitans (Asian Openbill);Himantopus himantopus (Black-winged Stilt);Ardeola grayii (Indian Pond-Heron);Anthus rufulus (Paddyfield Pipit);Plegadis falcinellus (Glossy Ibis);Metopidius indicus (Bronze-winged Jacana);Anas poecilorhyncha (Indian Spot-billed Duck),inaturalist-2026-09
beguru-kere,0,0,0,0,,,inaturalist-2026-09
belalu-kere,0,0,0,0,,,inaturalist-2026-09
belathuru-kunte,0,0,0,0,,,inaturalist-2026-09
belkere-lake,0,0,0,0,,,inaturalist-2026-09
bellandur-lake,63,43,44,14,2026-01-24,Anthus rufulus (Paddyfield Pipit);Circus aeruginosus (Western Marsh Harrier);Hirundo rustica (Barn Swallow);Ixias pyrene (Yellow Orange Tip);Junonia hierta (Yellow Pansy);Motacilla flava (Western Yellow Wagtail);Prinia inornata (Plain Prinia);Tirumala septentrionis (Dark Blue Tiger);Abutilon hirtum (Florida Keys Indian mallow);Amandava amandava (Red Avadavat),inaturalist-2026-09
bellekanahalli-kere,408,200,151,38,2026-08-22,Castalius rosimon (Common Pierrot);Junonia lemonias (Lemon Pansy);Mycalesis subdita (Tamil Bushbrown);Junonia iphita (Chocolate Pansy);Neptis hylas (Common Sailer);Mycalesis perseus (Dingy Bushbrown);Catopsilia pomona (Lemon Migrant);Luthrodes pandava (Plains Cupid);Acytolepis puspa (Common Hedge Blue);Chilades lajus (Lime Blue),inaturalist-2026-09
bellekanahalli-kunte-2,1,1,1,1,2018-09-01,Caesalpinia pulcherrima (peacock flower),inaturalist-2026-09
bellekanahalli-kunte1,0,0,0,0,,,inaturalist-2026-09
bellihalli-kere,0,0,0,0,,,inaturalist-2026-09
belur-kunte,1,1,1,1,2020-09-29,Graphium agamemnon (Tailed Jay),inaturalist-2026-09
belur-nagasandra-kunte,0,0,0,0,,,inaturalist-2026-09
benachikal-lake,1,0,1,1,2024-01-07,Butea monosperma (Flame of The Forest),inaturalist-2026-09
bendiganahalli-lake,0,0,0,0,,,inaturalist-2026-09
benniganahalli-kunte,0,0,0,0,,,inaturalist-2026-09
beratena-agrahara-lake,1,0,0,1,2026-03-31,,inaturalist-2026-09
bettadasanapura-kunte1,0,0,0,0,,,inaturalist-2026-09
bettadasanapura-kunte2,0,0,0,0,,,inaturalist-2026-09
bettadasanapura-kunte3,1,0,0,1,2023-08-29,,inaturalist-2026-09
bettahalli-kere,0,0,0,0,,,inaturalist-2026-09
bettahalli-kere-2,20,13,15,1,2025-08-22,Ficus benghalensis (Indian banyan);Ypthima huebneri (Common Four-ring);Argya affinis (Yellow-billed Babbler);Capparis zeylanica (Indian caper);Copsychus fulicatus (Indian Robin);Dicaeum erythrorhynchos (Pale-billed Flowerpecker);Dicrurus macrocercus (Black Drongo);Dinopium benghalense (Black-rumped Flameback);Eurema hecabe (Common Grass Yellow);Hierococcyx varius (Common Hawk-Cuckoo),inaturalist-2026-09
bettahallikaval-lake,1,0,0,1,2021-01-03,,inaturalist-2026-09
bettahalsur-kere,0,0,0,0,,,inaturalist-2026-09
bettahalsur-kunte-1,0,0,0,0,,,inaturalist-2026-09
bettahalsur-kunte-2,0,0,0,0,,,inaturalist-2026-09
bettahalsur-kunte-3,0,0,0,0,,,inaturalist-2026-09
bettahalsur-narayanapura-kunte-newly-created,0,0,0,0,,,inaturalist-2026-09
bettakote-amani-kere,56,46,41,11,2026-02-24,Ardea intermedia (Medium Egret);Brachythemis contaminata (Ditch Jewel);Hydrophasianus chirurgus (Pheasant-tailed Jacana);Ixias pyrene (Yellow Orange Tip);Xylocopa tenuiscapa (Slender-scaped Carpenter Bee);Zizina otis (Lesser Grass Blue);Anas poecilorhyncha (Indian Spot-billed Duck);Ardea coromanda (Eastern Cattle-Egret);Ardeola grayii (Indian Pond-Heron);Argemone mexicana (Mexican prickly poppy),inaturalist-2026-09
bettenahalli-lake,0,0,0,0,,,inaturalist-2026-09
bettrayandoddi-lake,930,669,268,56,2026-09-08,Lanius schach (Long-tailed Shrike);Prinia inornata (Plain Prinia);Saxicola caprata (Pied Bushchat);Himantopus himantopus (Black-winged Stilt);Pernis ptilorhynchus (Oriental Honey-buzzard);Tringa glareola (Wood Sandpiper);Cecropis daurica (Eastern Red-rumped Swallow);Porphyrio poliocephalus (Gray-headed Swamphen);Plocealauda affinis (Jerdon's Bushlark);Brachythemis contaminata (Ditch Jewel),inaturalist-2026-09
bhaaktarahalli-lake-2,0,0,0,0,,,inaturalist-2026-09
bhadripura-lake,0,0,0,0,,,inaturalist-2026-09
bhairagaudanahalli-kere,0,0,0,0,,,inaturalist-2026-09
bhairanahali-lake-1,0,0,0,0,,,inaturalist-2026-09
bhairanahalli-5r,0,0,0,0,,,inaturalist-2026-09
bhairanayakanahalli,0,0,0,0,,,inaturalist-2026-09
bhairanayakanahallipalya,0,0,0,0,,,inaturalist-2026-09
bhairapur-lake,1,0,0,1,2024-11-18,,inaturalist-2026-09
bhairasandrapalya-lake,0,0,0,0,,,inaturalist-2026-09
bhairashettihalli-kere,0,0,0,0,,,inaturalist-2026-09
bhairathi-kunte1,0,0,0,0,,,inaturalist-2026-09
bhairathi-kunte2,0,0,0,0,,,inaturalist-2026-09
bhairathi-kunte3,0,0,0,0,,,inaturalist-2026-09
bhairathi-kunte4,1,0,0,1,2022-07-19,,inaturalist-2026-09
bhairathikhane-kere,0,0,0,0,,,inaturalist-2026-09
bhaktarahalli-kere,0,0,0,0,,,inaturalist-2026-09
bhaktarahalli-lake,0,0,0,0,,,inaturalist-2026-09
bhaktipura-kere,0,0,0,0,,,inaturalist-2026-09
bhandarapura-katte,1,0,0,1,2024-03-30,,inaturalist-2026-09
bhandarapura-kunte-2,0,0,0,0,,,inaturalist-2026-09
bhandarapura-kunte1,0,0,0,0,,,inaturalist-2026-09
bhattarahalli-kere,3,1,1,1,2026-06-21,Egretta garzetta (Little Egret),inaturalist-2026-09
bhattarahalli-kunte,0,0,0,0,,,inaturalist-2026-09
bheemanakuppe-hosakere,14,13,10,4,2026-06-28,Anas poecilorhyncha (Indian Spot-billed Duck);Pavo cristatus (Indian Peafowl);Trithemis aurora (Crimson Marsh Glider);Acridotheres tristis (Common Myna);Argya affinis (Yellow-billed Babbler);Haliastur indus (Brahminy Kite);Hieraaetus pennatus (Booted Eagle);Phalacrocorax carbo (Great Cormorant);Tachypompilus analis (Asian Red-tailed Spider Wasp);Tachyspiza badia (Shikra),inaturalist-2026-09
bheemanakuppe-kere,0,0,0,0,,,inaturalist-2026-09
bhimapura-kere,0,0,0,0,,,inaturalist-2026-09
bhimaravutanahalli-lake,0,0,0,0,,,inaturalist-2026-09
bhimmanakuppe-govt-lake,15,7,11,7,2026-03-13,Ageratum conyzoides (billygoat weed);Amaurornis phoenicurus (White-breasted Waterhen);Butorides atricapilla (Little Heron);Citharexylum spinosum (Spiny Fiddlewood);Coleus strobilifer;Justicia adhatoda (Malabar nut);Muntingia calabura (calabur tree);Strychnos nux-vomica (Strychnine Tree);Terpsiphone paradisi (Indian Paradise-Flycatcher);Vanellus indicus (Red-wattled Lapwing),inaturalist-2026-09
bhoganahalli-kere,13,3,5,1,2025-10-03,Aquarius adelaidis;Camponotus compressus (Indian Black Ant);Ischnura senegalensis (Common Bluetail);Nylanderia bourbonica (Robust Crazy ant);Tramea basilaris (Keyhole Glider),inaturalist-2026-09
bhoganahalli-kunte1,0,0,0,0,,,inaturalist-2026-09
bhoganahalli-kunte2,0,0,0,0,,,inaturalist-2026-09
bhoganahalli-kunte3,0,0,0,0,,,inaturalist-2026-09
bhoganahalli-kunte4,0,0,0,0,,,inaturalist-2026-09
bhoganahalli-kunte5,0,0,0,0,,,inaturalist-2026-09
bhoganahalli-kunte6,0,0,0,0,,,inaturalist-2026-09
bhov-palya-lake,0,0,0,0,,,inaturalist-2026-09
bhovihalli-lake,1,1,1,1,2025-12-28,Iduna caligata (Booted Warbler),inaturalist-2026-09
bhujangadasana-amanikere-govt-lake,68,40,37,9,2024-11-08,Fulica atra (Eurasian Coot);Ardea purpurea (Purple Heron);Egretta garzetta (Little Egret);Mallotus philippensis (Kamala);Metopidius indicus (Bronze-winged Jacana);Neurothemis tullia (Pied Paddy Skimmer);Pistia stratiotes (Water Lettuce);Porphyrio poliocephalus (Gray-headed Swamphen);Acisoma panorpoides (Grizzled Pintail);Acridotheres tristis (Common Myna),inaturalist-2026-09
bhusandra-kere,0,0,0,0,,,inaturalist-2026-09
bhutanahlli-lake,1,1,1,1,2022-12-17,Botyodes asialis (Asian Tear Sucker),inaturalist-2026-09
bhuthanahalli-kunte-1,0,0,0,0,,,inaturalist-2026-09
bhuthanahalli-kunte-2,1,0,0,1,2026-04-03,,inaturalist-2026-09
bhuthanahalli-kunte-3,6,6,6,1,2022-06-30,Lonchura punctulata (Scaly-breasted Munia);Micropternus brachyurus (Rufous Woodpecker);Neptis hylas (Common Sailer);Plocealauda affinis (Jerdon's Bushlark);Prinia hodgsonii (Gray-breasted Prinia);Prinia socialis (Ashy Prinia),inaturalist-2026-09
bhuthanahalli-kunte-4,36,20,29,4,2025-10-18,Drosera burmanni (tropical sundew);Butastur teesa (White-eyed Buzzard);Lanius cristatus (Brown Shrike);Cajanus cajan (Pigeon Pea);Cajanus scarabaeoides (Showy Pigeonpea);Clerodendrum chinense (Chinese Glorybower);Clitoria ternatea (Blue Pea);Coleus strobilifer;Dicrurus caerulescens (White-bellied Drongo);Eurema hecabe (Common Grass Yellow),inaturalist-2026-09
bhuthanahalli-kunte-5,18,5,14,4,2025-10-18,Pigea enneasperma (Spade Flower);Chrysomma sinense (Yellow-eyed Babbler);Cipadessa baccifera;Crotalaria calycina (Hairy Rattlepod);Cyanotis arachnoidea;Flavoparmelia baltimorensis (rock greenshield lichen);Grewia flavescens (Sandpaper Raisin);Gymnosporia senegalensis (confetti spikethorn);Indigofera tinctoria (True Indigo);Indigofera trifoliata,inaturalist-2026-09
bhuthanahalli-kunte-6,0,0,0,0,,,inaturalist-2026-09
bidaluru-kere,0,0,0,0,,,inaturalist-2026-09
bidaluru-kere-2,0,0,0,0,,,inaturalist-2026-09
bidara-amanikere,80,72,54,13,2025-10-19,Cheilomenes sexmaculata (Six-spotted Zigzag Ladybird);Fulica atra (Eurasian Coot);Prinia inornata (Plain Prinia);Zapornia fusca (Ruddy-breasted Crake);Zapornia pusilla (Baillon's Crake);Amandava amandava (Red Avadavat);Cinnyris asiaticus (Purple Sunbird);Circus aeruginosus (Western Marsh Harrier);Colotis amata (Small Salmon Arab);Ischnura senegalensis (Common Bluetail),inaturalist-2026-09
bidarahalli-kere,0,0,0,0,,,inaturalist-2026-09
bidareagrahara-kere,0,0,0,0,,,inaturalist-2026-09
bidarena-agarahara-kunte,0,0,0,0,,,inaturalist-2026-09
bidarguppe-kere,0,0,0,0,,,inaturalist-2026-09
bidarpura-lake,0,0,0,0,,,inaturalist-2026-09
bidikere,0,0,0,0,,,inaturalist-2026-09
bikasipura-kunte,34,16,18,4,2022-10-23,Acherontia lachesis (Greater Death's Head Hawkmoth);Amata passalis (sandalwood defoliator);Clinteria klugi;Cocos nucifera (coconut palm);Dacrymyces spathularia (Fan-shaped Jelly Fungus);Delta pyriforme;Euthalia lubentina (Gaudy Baron);Graphium doson (Common Jay);Hasarius adansoni (Adanson's House Jumper);Hasora chromus (Common Banded Awl),inaturalist-2026-09
bikkanhalli-lake,100,54,65,22,2026-09-03,Ocyceros birostris (Indian Grey Hornbill);Merops orientalis (Asian Green Bee-eater);Oecophylla smaragdina (Asian Weaver Ant);Pergularia daemia (Trellis-vine);Psilopogon viridis (White-cheeked Barbet);Saxicola caprata (Pied Bushchat);Solanum seaforthianum (Brazilian Nightshade);Uperodon variegatus (White-bellied pug-snout frog);Abutilon indicum (Indian Mallow);Alcedo atthis (Common Kingfisher),inaturalist-2026-09
bilekalli-kere,32,9,10,10,2024-02-15,Messena sinuata (Ferguson squathopper);Aedes albopictus (Asian Tiger Mosquito);Brettus cingulatus;Cataulacus taprobanae;Catopsilia pomona (Lemon Migrant);Commelina benghalensis (Benghal Dayflower);Junonia almana (Peacock Pansy);Kigelia africana (Sausage tree);Perina nuda (Banyan tussock moth);Phoenix sylvestris (sugar date palm),inaturalist-2026-09
bilekalli-kunte,1,0,0,1,2020-10-11,,inaturalist-2026-09
bilijaji-kere,0,0,0,0,,,inaturalist-2026-09
billapura-govt-kere,1,0,0,1,2024-10-12,,inaturalist-2026-09
billishivale-katte,0,0,0,0,,,inaturalist-2026-09
billishivale-kunte,0,0,0,0,,,inaturalist-2026-09
bilnirkatte,0,0,0,0,,,inaturalist-2026-09
bilwaradahalli-kere,1,0,1,1,2024-12-07,Salvinia molesta (Giant Salvinia),inaturalist-2026-09
bilwaradahalli-kunte,2,1,1,1,2019-09-14,Neolamarckia cadamba (Burflower-tree),inaturalist-2026-09
bimanakuppe-kere,1,0,0,1,2024-01-20,,inaturalist-2026-09
bingipura-kunte1,0,0,0,0,,,inaturalist-2026-09
bingipura-kunte2,0,0,0,0,,,inaturalist-2026-09
bingipura-kunte3,0,0,0,0,,,inaturalist-2026-09
bingipura-kunte4,0,0,0,0,,,inaturalist-2026-09
bingipura-lake,0,0,0,0,,,inaturalist-2026-09
binnamangala-kere-1,2,1,1,2,2024-12-24,Haliastur indus (Brahminy Kite),inaturalist-2026-09
binnamangala-kere-2,0,0,0,0,,,inaturalist-2026-09
binnamangala-kere-l,0,0,0,0,,,inaturalist-2026-09
binnamangala-kere-u,0,0,0,0,,,inaturalist-2026-09
binnamangala-kunte1,1,0,1,1,2018-09-20,Senna spectabilis (whitebark senna),inaturalist-2026-09
binnamangala-kunte2,2,1,2,2,2023-02-22,Elymnias caudata (Tailed Palmfly);Vespa tropica (Greater Banded Hornet),inaturalist-2026-09
binnamangala-manavarthe-kaval-kunte1,0,0,0,0,,,inaturalist-2026-09
binnamangala-manavarthe-kaval-kunte2,1,0,1,1,2026-07-09,Messena sinuata (Ferguson squathopper),inaturalist-2026-09
biranapalya-kere,0,0,0,0,,,inaturalist-2026-09
birgondanahalli-kere,0,0,0,0,,,inaturalist-2026-09
bodanahosahalli-kere-n,0,0,0,0,,,inaturalist-2026-09
bodanahosahalli-lake,0,0,0,0,,,inaturalist-2026-09
bommalingayyanapalya-lake,0,0,0,0,,,inaturalist-2026-09
bommanahalli-lake,9,9,9,1,2022-03-16,Amaurornis phoenicurus (White-breasted Waterhen);Ardea cinerea (Grey Heron);Ardeola grayii (Indian Pond-Heron);Corvus macrorhynchos (Large-billed Crow);Hebomoia glaucippe (Great Orange Tip);Hirundo rustica (Barn Swallow);Ixias pyrene (Yellow Orange Tip);Pareronia hippia (Indian Wanderer);Phalacrocorax carbo (Great Cormorant),inaturalist-2026-09
bommanahalli-lake-2,0,0,0,0,,,inaturalist-2026-09
bommanahalli-lower,0,0,0,0,,,inaturalist-2026-09
bommanahalli-up3r,0,0,0,0,,,inaturalist-2026-09
bommasandra-lake,0,0,0,0,,,inaturalist-2026-09
bommashettihalli-kere,0,0,0,0,,,inaturalist-2026-09
budamanahalli-lake,0,0,0,0,,,inaturalist-2026-09
budigere-amani-kere,5,5,4,3,2026-02-24,Ardea cinerea (Grey Heron);Haliastur indus (Brahminy Kite);Motacilla maderaspatensis (White-browed Wagtail);Tringa glareola (Wood Sandpiper),inaturalist-2026-09
bukkasagara-lake,9,8,9,5,2026-05-30,Amaurornis phoenicurus (White-breasted Waterhen);Anas platyrhynchos × Cairina moschata (Mallard × Muscovy Duck);Ardea cinerea (Grey Heron);Ardea purpurea (Purple Heron);Haliastur indus (Brahminy Kite);Perina nuda (Banyan tussock moth);Rostratula benghalensis (Greater Painted-Snipe);Solanum diphyllum (twoleaf nightshade);Xylocopa ruficornis (Yellow-headed Carpenter),inaturalist-2026-09
buragkunte-lake,111,58,56,15,2026-08-09,Jamides celeno (Common Cerulean);Duttaphrynus melanostictus (Asian Common Toad);Psittacula krameri (Rose-ringed Parakeet);Syntomoides imaon (Handmaiden moth);Anoplocnemis phasianus;Ariadne merione (Common Castor Butterfly);Dicrurus macrocercus (Black Drongo);Heterorhina elegans;Mariaella dussumieri (Brown Slug);Oriolus kundoo (Indian Golden Oriole),inaturalist-2026-09
byadarahalli-kere,0,0,0,0,,,inaturalist-2026-09
byadarahalli-kere-2,1,1,1,1,2026-01-18,Milvus migrans (Black Kite),inaturalist-2026-09
byadarahalli-kunte,1,1,1,1,2021-08-08,Coccinella transversalis (Small Transverse Ladybird Beetle),inaturalist-2026-09
byadarahalli-lake,0,0,0,0,,,inaturalist-2026-09
byagadadenhalli-kere-2,0,0,0,0,,,inaturalist-2026-09
byalhalli-lake,0,0,0,0,,,inaturalist-2026-09
byandahalli-kunte1,0,0,0,0,,,inaturalist-2026-09
byandahalli-kunte2,0,0,0,0,,,inaturalist-2026-09
byappanahalli-kere,7,4,7,3,2025-06-17,Ariadne merione (Common Castor Butterfly);Asota producta;Crotalaria pallida (Streaked Rattlepod);Funambulus palmarum (Three-striped Palm Squirrel);Ocyceros birostris (Indian Grey Hornbill);Solanum americanum (American black nightshade);Spilopelia chinensis (Spotted Dove),inaturalist-2026-09
byappanahalli-kere-2,0,0,0,0,,,inaturalist-2026-09
byappanahalli-kunte1,0,0,0,0,,,inaturalist-2026-09
byappanahalli-kunte1-2,0,0,0,0,,,inaturalist-2026-09
byappanahalli-kunte2,0,0,0,0,,,inaturalist-2026-09
byappanahalli-kunte3,0,0,0,0,,,inaturalist-2026-09
byappanahalli-lake,149,96,67,3,2025-12-12,Pongamia pinnata (Indian beech tree);Ipomoea carnea (Bush Morning Glory);Pontederia crassipes (common water hyacinth);Samanea saman (Monkey pod tree);Anas poecilorhyncha (Indian Spot-billed Duck);Microcarbo niger (Little Cormorant);Parus cinereus (Asian Tit);Porphyrio poliocephalus (Gray-headed Swamphen);Prinia inornata (Plain Prinia);Saxicola caprata (Pied Bushchat),inaturalist-2026-09
byatarayanapura-kunte1,1,0,1,1,2025-02-09,Psammophilus dorsalis (Rock Dragon),inaturalist-2026-09
byatarayapura-lake,0,0,0,0,,,inaturalist-2026-09
byatarayapura-lake-2,2,0,0,2,2023-10-21,,inaturalist-2026-09
byataryapura-kunte,0,0,0,0,,,inaturalist-2026-09
byatgutapalya-lake,0,0,0,0,,,inaturalist-2026-09
bydarahalli-kere-s,0,0,0,0,,,inaturalist-2026-09
byrappanahalli-kunte1,1,1,1,1,2023-12-17,Jamides celeno (Common Cerulean),inaturalist-2026-09
byrappanahalli-kunte2,729,525,231,68,2026-07-31,Papilio polytes (Common Mormon Swallowtail);Ariadne merione (Common Castor Butterfly);Danaus genutia (Common Tiger Butterfly);Phalanta phalantha (Common Leopard);Catopsilia pomona (Lemon Migrant);Euploea core (Common Crow);Talicada nyseus (Red Pierrot);Cepora nerissa (Common Gull);Papilio demoleus (Lime Swallowtail);Papilio agenor (Great Mormon),inaturalist-2026-09
byrasandra,5,2,2,2,2026-09-06,Fowlea piscator (Chequered Keelback);Nyctemera coleta (Marbled White Moth),inaturalist-2026-09
byrasandra-2,19,17,14,5,2026-04-27,Anas poecilorhyncha (Indian Spot-billed Duck);Anastomus oscitans (Asian Openbill);Egretta garzetta (Little Egret);Mycteria leucocephala (Painted Stork);Ardeola grayii (Indian Pond-Heron);Cnaphalocrocis medinalis (Rice Leaf-roller);Ficus pumila (Climbing fig);Fowlea piscator (Chequered Keelback);Mimosa pudica (Sensitive Plant);Motacilla maderaspatensis (White-browed Wagtail),inaturalist-2026-09
byrasandra-kere,60,34,28,4,2026-04-25,Broussonetia papyrifera (Paper mulberry);Ceiba pentandra (Kapok Tree);Parthenium hysterophorus (Santa Maria feverfew);Passiflora foetida (Stinking Passionflower);Terminalia catappa (Sea Almond);Dalbergia sissoo (Indian Rosewood);Duranta erecta (Skyflower);Ficus racemosa (Cluster Fig);Ficus religiosa (Sacred fig);Icius alboterminus,inaturalist-2026-09
byrasandra-kunte,9,4,5,1,2026-08-28,Achaea janata (Castor Semi-looper);Dysgonia torrida (Jigsaw);Leptocoma zeylonica (Purple-rumped Sunbird);Metochus uniguttatus (One-spotted Seed Bug);Riptortus pedestris,inaturalist-2026-09
byyandanahalli-kere,0,0,0,0,,,inaturalist-2026-09
cannammakere,0,0,0,0,,,inaturalist-2026-09
carmelarm,0,0,0,0,,,inaturalist-2026-09
chagalatti-kunte-1,0,0,0,0,,,inaturalist-2026-09
chagalatti-kunte-2,0,0,0,0,,,inaturalist-2026-09
chagalatti-kunte-3,0,0,0,0,,,inaturalist-2026-09
chagalatti-kunte-4,0,0,0,0,,,inaturalist-2026-09
chagalatti-kunte-5,0,0,0,0,,,inaturalist-2026-09
chagalatti-lake,0,0,0,0,,,inaturalist-2026-09
chalamakunti-lake,0,0,0,0,,,inaturalist-2026-09
chalamakunti-lake-2,0,0,0,0,,,inaturalist-2026-09
challagatta-kunte1,0,0,0,0,,,inaturalist-2026-09
challagatta-kunte2,0,0,0,0,,,inaturalist-2026-09
challahalli-lake,0,0,0,0,,,inaturalist-2026-09
chaluvekere,0,0,0,0,,,inaturalist-2026-09
chandrappa-circle-kere,0,0,0,0,,,inaturalist-2026-09
chandrashekarapura-kere,3,1,1,1,2024-09-08,Crotalaria pallida (Streaked Rattlepod),inaturalist-2026-09
chanenahalli-kunte-1,1,0,0,1,2026-06-05,,inaturalist-2026-09
chanenahalli-kunte-2,0,0,0,0,,,inaturalist-2026-09
chanenahalli-kunte-3,0,0,0,0,,,inaturalist-2026-09
chanenahalli-kunte-4,0,0,0,0,,,inaturalist-2026-09
channabasappana-katte-new,6,1,2,3,2026-01-18,Hycleus biundulatus;Danaus chrysippus (Plain Tiger Butterfly),inaturalist-2026-09
channadevi-agrahara,0,0,0,0,,,inaturalist-2026-09
channamanakere,8,3,6,5,2026-08-14,Croton bonplandianus (Bonpland's croton);Erigeron bonariensis (Flax-leaved Horseweed);Hymenocallis littoralis (Beach Spider Lily);Podranea ricasoliana (Pink Trumpet Vine);Tachyspiza badia (Shikra);Tecoma stans (yellow trumpet flower),inaturalist-2026-09
channarayapatna-lake,0,0,0,0,,,inaturalist-2026-09
channasandra-kunte,0,0,0,0,,,inaturalist-2026-09
channasandra-kunte1,0,0,0,0,,,inaturalist-2026-09
channasandra-kunte2,0,0,0,0,,,inaturalist-2026-09
channatimmayyanapalya-lake,0,0,0,0,,,inaturalist-2026-09
channenahalli-lake,0,0,0,0,,,inaturalist-2026-09
chaugondanahalli-kere,0,0,0,0,,,inaturalist-2026-09
chavdappanhalli-lake,0,0,0,0,,,inaturalist-2026-09
chellaghatta-kere,16,13,14,8,2026-07-31,Ardea coromanda (Eastern Cattle-Egret);Corvus macrorhynchos (Large-billed Crow);Duttaphrynus melanostictus (Asian Common Toad);Euthalia aconthea (Common Baron);Haliastur indus (Brahminy Kite);Hemiphyllodactylus jnana (Jnana Slender Gecko);Ipomoea parasitica (Yellow-Throated Morning Glory);Lantana camara (common lantana);Lycodon aulicus (Indian Wolf Snake);Mirabilis jalapa (marvel of Peru),inaturalist-2026-09
chellakere-kere,42,29,29,10,2026-08-13,Kigelia africana (Sausage tree);Ardea cinerea (Grey Heron);Oecophylla smaragdina (Asian Weaver Ant);Pteropus medius (Indian Flying Fox);Wodyetia bifurcata (Foxtail Palm);Actitis hypoleucos (Common Sandpiper);Anas platyrhynchos (Mallard);Ardeola grayii (Indian Pond-Heron);Ceiba pentandra (Kapok Tree);Clitoria ternatea (Blue Pea),inaturalist-2026-09
chengirayanapura-kere,0,0,0,0,,,inaturalist-2026-09
chennadasipalya-lake,0,0,0,0,,,inaturalist-2026-09
chennapura-kere,0,0,0,0,,,inaturalist-2026-09
chenvinayanahalli-kere,35,22,23,1,2021-03-28,Aeschynomene americana (shyleaf);Anastomus oscitans (Asian Openbill);Ardea cinerea (Grey Heron);Ardea intermedia (Medium Egret);Ardea purpurea (Purple Heron);Ardeola grayii (Indian Pond-Heron);Brachythemis contaminata (Ditch Jewel);Cardiospermum halicacabum (Lesser Balloon Vine);Cepora nerissa (Common Gull);Clitoria ternatea (Blue Pea),inaturalist-2026-09
chichuruaganapalli-lake,0,0,0,0,,,inaturalist-2026-09
chikadasarahalli-kere-n,1,0,0,1,2026-08-09,,inaturalist-2026-09
chikadasarahalli-kere-s,1,0,0,1,2026-01-25,,inaturalist-2026-09
chikka-hejjaji-lake,0,0,0,0,,,inaturalist-2026-09
chikka-jala-amani-kere,1,1,1,1,2024-06-18,Curetis thetis (Indian Sunbeam),inaturalist-2026-09
chikka-kammanahalli,1,0,0,1,2024-08-09,,inaturalist-2026-09
chikka-kammanahalli-e,0,0,0,0,,,inaturalist-2026-09
chikka-mankalal-lake,0,0,0,0,,,inaturalist-2026-09
chikka-sanne-kere,0,0,0,0,,,inaturalist-2026-09
chikka-taggali-kere,0,0,0,0,,,inaturalist-2026-09
chikkaamani-kere,0,0,0,0,,,inaturalist-2026-09
chikkabanahalli-kere,0,0,0,0,,,inaturalist-2026-09
chikkabanahalli-kunte,0,0,0,0,,,inaturalist-2026-09
chikkabanavara-kere,3,3,2,2,2025-02-14,Calidris temminckii (Temminck's Stint);Tachybaptus ruficollis (Little Grebe),inaturalist-2026-09
chikkabanavara-kunte-1,0,0,0,0,,,inaturalist-2026-09
chikkabanavara-kunte-2,0,0,0,0,,,inaturalist-2026-09
chikkabegur-kere,0,0,0,0,,,inaturalist-2026-09
chikkabellanduru-kere,2,2,2,2,2025-04-18,Delonix regia (Flamboyant);Pavo cristatus (Indian Peafowl),inaturalist-2026-09
chikkabettahalli,0,0,0,0,,,inaturalist-2026-09
chikkabettahalli-katte-2,7,1,2,1,2026-07-24,Hermetia illucens (Black Soldier Fly);Junonia lemonias (Lemon Pansy),inaturalist-2026-09
chikkabettahalli-kunte-3,0,0,0,0,,,inaturalist-2026-09
chikkabettahalli-kunte1,7,3,5,1,2026-06-07,Bradinopyga geminata (Granite Ghost);Creatonotos transiens (Clouded Tiger Moth);Eudynamys scolopaceus (Asian Koel);Hierodula tenuidentata;Pycnonotus jocosus (Red-whiskered Bulbul),inaturalist-2026-09
chikkabettahalli-kunte2,0,0,0,0,,,inaturalist-2026-09
chikkagollarahatti,0,0,0,0,,,inaturalist-2026-09
chikkagubbi-kere,4,1,2,2,2025-04-27,Alcedo atthis (Common Kingfisher);Phrynoderma hexadactylum (Indian Five-fingered Frog),inaturalist-2026-09
chikkakalenahalli-lake,0,0,0,0,,,inaturalist-2026-09
chikkakalenahalli-lake-2,0,0,0,0,,,inaturalist-2026-09
chikkakallasandra-kere,1,1,1,1,2022-08-16,Graphium agamemnon (Tailed Jay),inaturalist-2026-09
chikkakere,2,2,2,1,2023-04-29,Himantopus himantopus (Black-winged Stilt);Mycteria leucocephala (Painted Stork),inaturalist-2026-09
chikkaluru-kere,0,0,0,0,,,inaturalist-2026-09
chikkaluru-rampura-kere,0,0,0,0,,,inaturalist-2026-09
chikkanaga-mangala-kere,0,0,0,0,,,inaturalist-2026-09
chikkanaga-mangala-kunte-1,0,0,0,0,,,inaturalist-2026-09
chikkanagamangala-govt-kere,21,16,18,1,2025-03-01,Anas poecilorhyncha (Indian Spot-billed Duck);Ardea coromanda (Eastern Cattle-Egret);Ardeola grayii (Indian Pond-Heron);Dicrurus macrocercus (Black Drongo);Fulica atra (Eurasian Coot);Henosepilachna vigintioctopunctata (Hadda Beetle);Himantopus himantopus (Black-winged Stilt);Lanius cristatus (Brown Shrike);Microcarbo niger (Little Cormorant);Pastor roseus (Rosy Starling),inaturalist-2026-09
chikkanagamangala-kunte-2,0,0,0,0,,,inaturalist-2026-09
chikkanagamangala-kunte-3,0,0,0,0,,,inaturalist-2026-09
chikkanahalli-down-kere,0,0,0,0,,,inaturalist-2026-09
chikkanahalli-kere-n,0,0,0,0,,,inaturalist-2026-09
chikkanahalli-lake,0,0,0,0,,,inaturalist-2026-09
chikkanahalli-lake-2,0,0,0,0,,,inaturalist-2026-09
chikkanahalli-lake-2-2,0,0,0,0,,,inaturalist-2026-09
chikkanahalli-lake-3,0,0,0,0,,,inaturalist-2026-09
chikkanahalli-up,0,0,0,0,,,inaturalist-2026-09
chikkanayakanahalli-kunte1,0,0,0,0,,,inaturalist-2026-09
chikkanayakanahalli-kunte2,0,0,0,0,,,inaturalist-2026-09
chikkanayakanahalli-kunte3,0,0,0,0,,,inaturalist-2026-09
chikkanayakanahalli-kunte4,0,0,0,0,,,inaturalist-2026-09
chikkanekundi-lake-land,4,1,3,2,2025-07-27,Butea monosperma (Flame of The Forest);Evolvulus alsinoides (tropical speedwell);Storozhenkotilla binghami,inaturalist-2026-09
chikkannayyan-kere,0,0,0,0,,,inaturalist-2026-09
chikkasandra-kunte1,0,0,0,0,,,inaturalist-2026-09
chikkasandra-kunte2,0,0,0,0,,,inaturalist-2026-09
chikkasandra-kunte3,0,0,0,0,,,inaturalist-2026-09
chikkasandra-kunte4,1,1,1,1,2025-06-12,Duttaphrynus melanostictus (Asian Common Toad),inaturalist-2026-09
chikkatogur-kere,0,0,0,0,,,inaturalist-2026-09
chikkavaderap-ura-govt-kunte-1,0,0,0,0,,,inaturalist-2026-09
chikkavaderapura-govt-karabu-kere-land,0,0,0,0,,,inaturalist-2026-09
chikkavaderapura-govt-karabu-kunte,0,0,0,0,,,inaturalist-2026-09
chikkavaderapura-govt-kunte-2,0,0,0,0,,,inaturalist-2026-09
chikkelluru-kere,0,0,0,0,,,inaturalist-2026-09
chikkelluru-kunte-1,0,0,0,0,,,inaturalist-2026-09
chikkelluru-kunte-2,0,0,0,0,,,inaturalist-2026-09
chikkelluru-kunte-3,0,0,0,0,,,inaturalist-2026-09
chikkelluru-venkatapura-kunte,0,0,0,0,,,inaturalist-2026-09
chikkobanahalli-kere,1,0,0,1,2025-12-29,,inaturalist-2026-09
chikkondahalli-lake-2,0,0,0,0,,,inaturalist-2026-09
chikkondahalli-lake-3,0,0,0,0,,,inaturalist-2026-09
chimachanahalli-lake,0,0,0,0,,,inaturalist-2026-09
chimasandra-kere,0,0,0,0,,,inaturalist-2026-09
chimasandra-kunte,0,0,0,0,,,inaturalist-2026-09
chinakurchi-kunte1,0,0,0,0,,,inaturalist-2026-09
chinakurchi-kunte2,0,0,0,0,,,inaturalist-2026-09
chindanahalli-kere,0,0,0,0,,,inaturalist-2026-09
chinna-agraharam-lake,0,0,0,0,,,inaturalist-2026-09
chinna-kempanahalli-kere,0,0,0,0,,,inaturalist-2026-09
chinnakurchi-kere-1,0,0,0,0,,,inaturalist-2026-09
chinnakurchi-kere-2,0,0,0,0,,,inaturalist-2026-09
chinnammanakere,7,3,2,2,2026-08-17,Cyornis tickelliae (Tickell's Blue Flycatcher);Ypthima huebneri (Common Four-ring),inaturalist-2026-09
chinnappanahalli-kere1,166,126,59,9,2026-07-30,Ardea cinerea (Grey Heron);Microcarbo niger (Little Cormorant);Phalacrocorax carbo (Great Cormorant);Egretta garzetta (Little Egret);Mycteria leucocephala (Painted Stork);Nycticorax nycticorax (Black-crowned Night Heron);Gallinula chloropus (Eurasian Moorhen);Phalacrocorax fuscicollis (Indian Cormorant);Amaurornis phoenicurus (White-breasted Waterhen);Haliastur indus (Brahminy Kite),inaturalist-2026-09
chinnappanahalli-kere1-2,53,39,23,5,2025-10-18,Amaurornis phoenicurus (White-breasted Waterhen);Nycticorax nycticorax (Black-crowned Night Heron);Ardea cinerea (Grey Heron);Microcarbo niger (Little Cormorant);Anhinga melanogaster (Oriental Darter);Ardeola grayii (Indian Pond-Heron);Caesalpinia pulcherrima (peacock flower);Gallinula chloropus (Eurasian Moorhen);Leptocoma zeylonica (Purple-rumped Sunbird);Phalacrocorax fuscicollis (Indian Cormorant),inaturalist-2026-09
chittekarepalya-lake,0,0,0,0,,,inaturalist-2026-09
chokkanahalli-katte,0,0,0,0,,,inaturalist-2026-09
chokkanahalli-kunte-1,2,0,1,2,2025-01-20,Nesticodes rufipes (Red House Spider),inaturalist-2026-09
chokkanahalli-kunte2,1,1,1,1,2022-09-29,Nepita conferta (Footman moth),inaturalist-2026-09
chokkanahalli-lake,9,4,6,4,2026-02-08,Alstonia scholaris (White Cheesewood);Ficus drupacea (Brown-woolly Fig);Fowlea piscator (Chequered Keelback);Motacilla maderaspatensis (White-browed Wagtail);Nepita conferta (Footman moth);Spathodea campanulata (African tulip tree),inaturalist-2026-09
chokkanahalli-lake-2,0,0,0,0,,,inaturalist-2026-09
chokkanahalli-lake-2-kere,28,9,19,2,2026-09-07,Herpetogramma licarsisalis (Grass Webworm Moth);Heterorhina elegans;Isturgia disputaria (Maltese bloom);Jamides celeno (Common Cerulean);Lagerstroemia speciosa (Giant Crepe-myrtle);Lonchura striata (White-rumped Munia);Odontomantis planiceps (Asian Ant Mantis);Oligodon arnensis (Banded kukri snake);Oryctes rhinoceros (Coconut Rhinoceros Beetle);Ploceus philippinus (Baya Weaver),inaturalist-2026-09
chokkasandra-lake,1,0,0,1,2023-11-10,,inaturalist-2026-09
cholana-katte,0,0,0,0,,,inaturalist-2026-09
cholanayakanahalli-kere-l,0,0,0,0,,,inaturalist-2026-09
cholapanahalli-kere,0,0,0,0,,,inaturalist-2026-09
choodasandra-govt-karab-katte,0,0,0,0,,,inaturalist-2026-09
choodasandra-govt-karabu-kunte-2,0,0,0,0,,,inaturalist-2026-09
choodasandra-govt-lake,4,2,3,2,2026-03-23,Fowlea piscator (Chequered Keelback);Minervarya agricola (Common Paddy Field Frog);Ropalidia marginata,inaturalist-2026-09
choodasandra-kunte-1,0,0,0,0,,,inaturalist-2026-09
choudahalli-lake,55,42,40,9,2025-02-05,Anastomus oscitans (Asian Openbill);Mycteria leucocephala (Painted Stork);Fulica atra (Eurasian Coot);Glinus oppositifolius (Slender Carpet-weed);Halcyon smyrnensis (White-throated Kingfisher);Tachybaptus ruficollis (Little Grebe);Tringa ochropus (Green Sandpiper);Abutilon hirtum (Florida Keys Indian mallow);Acisoma panorpoides (Grizzled Pintail);Alcedo atthis (Common Kingfisher),inaturalist-2026-09
chudasandra-kere,0,0,0,0,,,inaturalist-2026-09
chunchanaghatta-kere,52,38,33,10,2026-05-29,Brachythemis contaminata (Ditch Jewel);Egretta garzetta (Little Egret);Crocothemis servilia (Scarlet Skimmer);Haliastur indus (Brahminy Kite);Milvus migrans (Black Kite);Alcedo atthis (Common Kingfisher);Anas poecilorhyncha (Indian Spot-billed Duck);Anhinga melanogaster (Oriental Darter);Ardea cinerea (Grey Heron);Camponotus compressus (Indian Black Ant),inaturalist-2026-09
chunchnakuppe-kere,0,0,0,0,,,inaturalist-2026-09
chunchnakuppe-kere-e,0,0,0,0,,,inaturalist-2026-09
chunchnakuppe-kere-s,0,0,0,0,,,inaturalist-2026-09
cihkkamaranahalli-lake,57,35,35,9,2026-05-02,Ficus racemosa (Cluster Fig);Cinnyris asiaticus (Purple Sunbird);Leptocoma zeylonica (Purple-rumped Sunbird);Orthotomus sutorius (Common Tailorbird);Psilopogon viridis (White-cheeked Barbet);Talicada nyseus (Red Pierrot);Acridotheres fuscus (Jungle Myna);Amata passalis (sandalwood defoliator);Anomala ruficapilla;Apis dorsata (Giant Honey Bee),inaturalist-2026-09
city-railway-kere,1,1,1,1,2025-01-08,Syntomoides imaon (Handmaiden moth),inaturalist-2026-09
city-railway-kunte,0,0,0,0,,,inaturalist-2026-09
d-shettihalli-kere,0,0,0,0,,,inaturalist-2026-09
dakshina-pinakini-r,0,0,0,0,,,inaturalist-2026-09
damarasanakunte,0,0,0,0,,,inaturalist-2026-09
dandu-upparahalli-kere,7,5,6,6,2026-01-12,Azadirachta indica (Neem);Cocos nucifera (coconut palm);Jatropha integerrima (Peregrina);Nepita conferta (Footman moth);Streptopelia decaocto (Eurasian Collared-Dove);Vespa tropica (Greater Banded Hornet),inaturalist-2026-09
dandupalya-lake,0,0,0,0,,,inaturalist-2026-09
dasanakatte-1,1,0,1,1,2023-11-02,Hygrophila auriculata (Kokilasha),inaturalist-2026-09
dasanakatte-2,0,0,0,0,,,inaturalist-2026-09
dasanapura-kunte-1,0,0,0,0,,,inaturalist-2026-09
dasanapura-kunte-2,0,0,0,0,,,inaturalist-2026-09
dasanapura-lake,0,0,0,0,,,inaturalist-2026-09
dasanayakanahalli-kere,0,0,0,0,,,inaturalist-2026-09
dasanayakanahalli-kunte,0,0,0,0,,,inaturalist-2026-09
dasarahalli-kere,0,0,0,0,,,inaturalist-2026-09
dasarahalli-kere-2,64,54,13,3,2026-08-04,Jansenia westermanni (Flightless Tethys Tiger Beetle);Myriochila fastidiosa (Yellow-legged Tiger Beetle);Cicindela goryi (Lowland Tiger Beetle);Cicindela bicolor (Bicoloured Tiger Beetle);Calotropis gigantea (crown flower);Eublemma accedens (Oriental Banner);Glinus oppositifolius (Slender Carpet-weed);Grangea maderaspatana (Madras carpet);Junonia lemonias (Lemon Pansy);Liris subtessellatus,inaturalist-2026-09
dasarahalli-kunte,4,3,1,1,2023-02-23,Pantala flavescens (Wandering Glider),inaturalist-2026-09
dasarahalli-kunte1,0,0,0,0,,,inaturalist-2026-09
dasarahalli-kunte2,0,0,0,0,,,inaturalist-2026-09
deevatige-ramanahalli-kunte,0,0,0,0,,,inaturalist-2026-09
deevatigeramnahalli-kere,0,0,0,0,,,inaturalist-2026-09
degonahalli-kere,0,0,0,0,,,inaturalist-2026-09
degonahalli-lower-kere,0,0,0,0,,,inaturalist-2026-09
deshpande-guttahalli-lake,0,0,0,0,,,inaturalist-2026-09
devaganahalli-lake,0,0,0,0,,,inaturalist-2026-09
devagere-kere,0,0,0,0,,,inaturalist-2026-09
devagere-kunte-2,0,0,0,0,,,inaturalist-2026-09
devageri-kunte-1,0,0,0,0,,,inaturalist-2026-09
devagondi-kere,0,0,0,0,,,inaturalist-2026-09
devamachehalli-lake,0,0,0,0,,,inaturalist-2026-09
devanahalli-kere,0,0,0,0,,,inaturalist-2026-09
devangondi-lake,0,0,0,0,,,inaturalist-2026-09
devara-jeevanahalli-lake,0,0,0,0,,,inaturalist-2026-09
devara-kere,0,0,0,0,,,inaturalist-2026-09
devarabisanahalli-kere,4,3,3,4,2026-01-05,Delonix regia (Flamboyant);Microcarbo niger (Little Cormorant);Porphyrio poliocephalus (Gray-headed Swamphen),inaturalist-2026-09
devarabisanahalli-kunte1,0,0,0,0,,,inaturalist-2026-09
devarabisanahalli-kunte2,1,1,1,1,2026-03-12,Trithemis aurora (Crimson Marsh Glider),inaturalist-2026-09
devarachikkanahalli-kunte,0,0,0,0,,,inaturalist-2026-09
devarahalli-lake,0,0,0,0,,,inaturalist-2026-09
devarakere,58,36,34,11,2026-07-04,Tachybaptus ruficollis (Little Grebe);Cyornis tickelliae (Tickell's Blue Flycatcher);Fulica atra (Eurasian Coot);Haliastur indus (Brahminy Kite);Laevicaulis alte (Tropical Leatherleaf Slug);Microcarbo niger (Little Cormorant);Milvus migrans (Black Kite);Phoenix sylvestris (sugar date palm);Amata passalis (sandalwood defoliator);Anas poecilorhyncha (Indian Spot-billed Duck),inaturalist-2026-09
devasandra-kunte1,4,0,2,4,2026-02-17,Mesembryanthemum cordifolium (heart-leaf ice plant);Tagetes erecta (Mexican Marigold),inaturalist-2026-09
dhandithimmayyanapalya-lake,0,0,0,0,,,inaturalist-2026-09
dharmambudy-lake,23,8,13,13,2026-04-13,Corvus splendens (House Crow);Caltoris kumara (Blank Swift);Canis familiaris (Domestic Dog);Clanis bilineata;Cyrtacanthacris tatarica (Brown‐spotted Locust);Elymnias caudata (Tailed Palmfly);Ficus benghalensis (Indian banyan);Ficus religiosa (Sacred fig);Muntingia calabura (calabur tree);Periplaneta americana (American Cockroach),inaturalist-2026-09
dibburu-kere,0,0,0,0,,,inaturalist-2026-09
dinne-soluru-kere,0,0,0,0,,,inaturalist-2026-09
dinnehalli-tanda-lake,0,0,0,0,,,inaturalist-2026-09
dinnepalya-lake,0,0,0,0,,,inaturalist-2026-09
dobbasapete-lake,0,0,0,0,,,inaturalist-2026-09
dobhi-ghat,0,0,0,0,,,inaturalist-2026-09
dodbele-kere,0,0,0,0,,,inaturalist-2026-09
dodda-bettahalli,0,0,0,0,,,inaturalist-2026-09
dodda-bommasandra-lake,359,266,107,37,2026-07-11,Ardea purpurea (Purple Heron);Anas poecilorhyncha (Indian Spot-billed Duck);Porphyrio poliocephalus (Gray-headed Swamphen);Ardeola grayii (Indian Pond-Heron);Asystasia gangetica (Chinese violet);Fulica atra (Eurasian Coot);Vanellus indicus (Red-wattled Lapwing);Halcyon smyrnensis (White-throated Kingfisher);Acridotheres tristis (Common Myna);Ardea coromanda (Eastern Cattle-Egret),inaturalist-2026-09
dodda-chimanahalli,0,0,0,0,,,inaturalist-2026-09
dodda-hejjaji-lake,0,0,0,0,,,inaturalist-2026-09
dodda-jala-amani-kere,42,21,24,3,2025-11-26,Anas poecilorhyncha (Indian Spot-billed Duck);Psilopogon haemacephalus (Coppersmith Barbet);Acridotheres tristis (Common Myna);Ardea coromanda (Eastern Cattle-Egret);Ardea purpurea (Purple Heron);Ardeola grayii (Indian Pond-Heron);Cinnyris asiaticus (Purple Sunbird);Cisticola juncidis (Zitting Cisticola);Crocothemis servilia (Scarlet Skimmer);Danaus genutia (Common Tiger Butterfly),inaturalist-2026-09
dodda-koliga-kere,0,0,0,0,,,inaturalist-2026-09
dodda-nallala-kere,0,0,0,0,,,inaturalist-2026-09
dodda-sagarahalli-kere,0,0,0,0,,,inaturalist-2026-09
dodda-sanne-kere,0,0,0,0,,,inaturalist-2026-09
dodda-thimmasandra-kere-s,0,0,0,0,,,inaturalist-2026-09
dodda-tumkur-kere,19,13,16,5,2025-07-20,Ploceus philippinus (Baya Weaver);Calotropis gigantea (crown flower);Cepora nerissa (Common Gull);Chrysocolaptes festivus (White-naped Woodpecker);Copsychus fulicatus (Indian Robin);Dendrocygna javanica (Lesser Whistling-Duck);Euodice malabarica (Indian Silverbill);Gomphrena globosa (Globe amaranth);Guilandina bonduc (Nickernut);Ipomoea carnea (Bush Morning Glory),inaturalist-2026-09
dodda-vadagere-kere,0,0,0,0,,,inaturalist-2026-09
doddaballapur-kere,10,3,4,5,2026-04-18,Ceriagrion coromandelianum (Coromandel Marsh Dart);Conosia irrorata (Spider Cranefly);Lagerstroemia speciosa (Giant Crepe-myrtle);Urothemis signata (Scarlet Basker),inaturalist-2026-09
doddabanahalli-kere,0,0,0,0,,,inaturalist-2026-09
doddabanahalli-kere-2,0,0,0,0,,,inaturalist-2026-09
doddabanahalli-kunte1,0,0,0,0,,,inaturalist-2026-09
doddabanahalli-kunte2,0,0,0,0,,,inaturalist-2026-09
doddabanahalli-kunte3,0,0,0,0,,,inaturalist-2026-09
doddabele-kunte1,0,0,0,0,,,inaturalist-2026-09
doddabele-kunte2,0,0,0,0,,,inaturalist-2026-09
doddabele-small-2r,0,0,0,0,,,inaturalist-2026-09
doddabettahalli-kunte-1,0,0,0,0,,,inaturalist-2026-09
doddabettahalli-kunte-2,0,0,0,0,,,inaturalist-2026-09
doddabidarakallu-kunte1,0,0,0,0,,,inaturalist-2026-09
doddabidarakallu-kunte10,0,0,0,0,,,inaturalist-2026-09
doddabidarakallu-kunte11,0,0,0,0,,,inaturalist-2026-09
doddabidarakallu-kunte2,0,0,0,0,,,inaturalist-2026-09
doddabidarakallu-kunte3,0,0,0,0,,,inaturalist-2026-09
doddabidarakallu-kunte4,0,0,0,0,,,inaturalist-2026-09
doddabidarakallu-kunte5,0,0,0,0,,,inaturalist-2026-09
doddabidarakallu-kunte6,0,0,0,0,,,inaturalist-2026-09
doddabidarakallu-kunte7,0,0,0,0,,,inaturalist-2026-09
doddabidarakallu-kunte8,0,0,0,0,,,inaturalist-2026-09
doddabidarakallu-kunte9,0,0,0,0,,,inaturalist-2026-09
doddabidarakallu-lake,88,80,48,1,2025-10-18,Tringa glareola (Wood Sandpiper);Pavo cristatus (Indian Peafowl);Himantopus himantopus (Black-winged Stilt);Plegadis falcinellus (Glossy Ibis);Thinornis dubius (Little Ringed Plover);Halcyon smyrnensis (White-throated Kingfisher);Motacilla cinerea (Grey Wagtail);Motacilla maderaspatensis (White-browed Wagtail);Tringa ochropus (Green Sandpiper);Vanellus indicus (Red-wattled Lapwing),inaturalist-2026-09
doddabommasandra-kunte-1,0,0,0,0,,,inaturalist-2026-09
doddabommasandra-kunte-2,0,0,0,0,,,inaturalist-2026-09
doddadunnasandra-lake,0,0,0,0,,,inaturalist-2026-09
doddaganahalli-lake,0,0,0,0,,,inaturalist-2026-09
doddaghataginebbe-lake,0,0,0,0,,,inaturalist-2026-09
doddagubbi-kere,70,55,46,12,2026-07-30,Tringa ochropus (Green Sandpiper);Ardea alba (Great Egret);Ardea purpurea (Purple Heron);Anhinga melanogaster (Oriental Darter);Ardea cinerea (Grey Heron);Brachythemis contaminata (Ditch Jewel);Ceryle rudis (Pied Kingfisher);Microcarbo niger (Little Cormorant);Phalacrocorax carbo (Great Cormorant);Tachybaptus ruficollis (Little Grebe),inaturalist-2026-09
doddagubbi-kunte1,0,0,0,0,,,inaturalist-2026-09
doddagubbi-kunte2,1,0,1,1,2021-06-21,Pisolithus albus,inaturalist-2026-09
doddakallasandra-katte,0,0,0,0,,,inaturalist-2026-09
doddakallasandra-lake,82,69,53,12,2026-06-28,Anas poecilorhyncha (Indian Spot-billed Duck);Milvus migrans (Black Kite);Ardea cinerea (Grey Heron);Pavo cristatus (Indian Peafowl);Porphyrio poliocephalus (Gray-headed Swamphen);Threskiornis melanocephalus (Black-headed Ibis);Ceriagrion coromandelianum (Coromandel Marsh Dart);Danaus chrysippus (Plain Tiger Butterfly);Egretta garzetta (Little Egret);Haliastur indus (Brahminy Kite),inaturalist-2026-09
doddakannalli-kunte1,0,0,0,0,,,inaturalist-2026-09
doddakannalli-kunte2,0,0,0,0,,,inaturalist-2026-09
doddakannalli-kunte3,0,0,0,0,,,inaturalist-2026-09
doddakannalli-kunte4,0,0,0,0,,,inaturalist-2026-09
doddakannalli-kunte5,22,9,12,6,2026-08-26,Dicaeum erythrorhynchos (Pale-billed Flowerpecker);Merops orientalis (Asian Green Bee-eater);Tradescantia pallida (Purple Heart);Agaricus incultorum (Poor-ground Agaricus);Amata passalis (sandalwood defoliator);Apis dorsata (Giant Honey Bee);Conocybe apala (milky conecap);Curinus coeruleus (Metallic Blue Lady Beetle);Hesperocyparis lusitanica (Mexican cypress);Milvus migrans (Black Kite),inaturalist-2026-09
doddakannalli-kunte6,0,0,0,0,,,inaturalist-2026-09
doddakannalli-kunte7,1,1,1,1,2026-07-19,Haliastur indus (Brahminy Kite),inaturalist-2026-09
doddakanneli-gramadakere,11,11,7,2,2026-05-03,Ardeola grayii (Indian Pond-Heron);Metopidius indicus (Bronze-winged Jacana);Anthus rufulus (Paddyfield Pipit);Coracias benghalensis (Indian Roller);Egretta garzetta (Little Egret);Mycteria leucocephala (Painted Stork);Urva edwardsii (Indian Grey Mongoose),inaturalist-2026-09
doddakarenahalli-kere,0,0,0,0,,,inaturalist-2026-09
doddakodlu,11,6,9,5,2026-07-05,Argiope anasuja (Signature Spider);Brachythemis contaminata (Ditch Jewel);Dysdercus cingulatus (Indian Cotton Stainer);Ficus racemosa (Cluster Fig);Laevicaulis haroldi (Harold Dundee's Leatherback Slug);Myrmicaria brunnea (Brown Droptail Ant);Orvasca subnotata;Peucetia viridana (Indian Green Lynx Spider);Prinia inornata (Plain Prinia),inaturalist-2026-09
doddakunte-rudrabhomi-kunte,0,0,0,0,,,inaturalist-2026-09
doddanagamanagala-lake,8,6,7,2,2020-02-01,Andrographis serpyllifolia;Cucumis dipsaceus (Teasel Gourd);Evolvulus nummularius (Dwarf Morning Glory);Limnophila repens;Mesosphaerum suaveolens (Wide Spikenard);Pigea enneasperma (Spade Flower);Scutellera perplexa,inaturalist-2026-09
doddanagamangala-kunte1,0,0,0,0,,,inaturalist-2026-09
doddanagamangala-kunte2,0,0,0,0,,,inaturalist-2026-09
doddanagamangala-kunte3,0,0,0,0,,,inaturalist-2026-09
doddanekkudi-kunte1,0,0,0,0,,,inaturalist-2026-09
doddanekkudi-kunte2,1,0,1,1,2022-05-09,Arhopala amantes (Large Oakblue),inaturalist-2026-09
doddanekkudi-kunte3,1,0,1,1,2022-05-09,Arhopala amantes (Large Oakblue),inaturalist-2026-09
doddanekkudi-kunte4,0,0,0,0,,,inaturalist-2026-09
doddanekkudi-kunte5,3,1,2,2,2021-12-11,Aristolochia gigantea (Brazilian Dutchman's Pipe);Ypthima huebneri (Common Four-ring),inaturalist-2026-09
doddanekundi-kere,1265,908,334,47,2026-09-05,Ardea cinerea (Grey Heron);Porphyrio poliocephalus (Gray-headed Swamphen);Egretta garzetta (Little Egret);Halcyon smyrnensis (White-throated Kingfisher);Ardea purpurea (Purple Heron);Ardeola grayii (Indian Pond-Heron);Acrocephalus dumetorum (Blyth's Reed Warbler);Dicrurus macrocercus (Black Drongo);Mycteria leucocephala (Painted Stork);Threskiornis melanocephalus (Black-headed Ibis),inaturalist-2026-09
doddanekundi-kere1,3,3,3,3,2026-09-01,Acridotheres tristis (Common Myna);Butea monosperma (Flame of The Forest);Melanitis leda (Common Evening Brown),inaturalist-2026-09
doddanekundi-kunte,109,90,51,10,2026-08-11,Mycteria leucocephala (Painted Stork);Tachybaptus ruficollis (Little Grebe);Phalacrocorax carbo (Great Cormorant);Ardea cinerea (Grey Heron);Artamus fuscus (Ashy Woodswallow);Fowlea piscator (Chequered Keelback);Dicrurus macrocercus (Black Drongo);Anas poecilorhyncha (Indian Spot-billed Duck);Brachythemis contaminata (Ditch Jewel);Fulica atra (Eurasian Coot),inaturalist-2026-09
doddastadamaradapala-kere,0,0,0,0,,,inaturalist-2026-09
doddatogur-kunte-1,1,0,0,1,2024-08-17,,inaturalist-2026-09
doddatogur-kunte-2,0,0,0,0,,,inaturalist-2026-09
doddatogur-lake,0,0,0,0,,,inaturalist-2026-09
doddebele-kere,19,11,10,4,2026-06-12,Ardea purpurea (Purple Heron);Ardea cinerea (Grey Heron);Brachythemis contaminata (Ditch Jewel);Camponotus compressus (Indian Black Ant);Camponotus sericeus (Silky Sugar ant);Centropus sinensis (Greater Coucal);Eurema hecabe (Common Grass Yellow);Haliastur indus (Brahminy Kite);Milvus migrans (Black Kite);Pachliopta hector (Crimson Rose),inaturalist-2026-09
doddenahalli-kere,0,0,0,0,,,inaturalist-2026-09
doddenahalli-kunte,0,0,0,0,,,inaturalist-2026-09
dodderi-kere,0,0,0,0,,,inaturalist-2026-09
dodderi-kere-2,0,0,0,0,,,inaturalist-2026-09
dodderi-kere-2-2,0,0,0,0,,,inaturalist-2026-09
dodderi-kere-se,0,0,0,0,,,inaturalist-2026-09
dodderi-kere-sw,0,0,0,0,,,inaturalist-2026-09
dodkunte-kunte1,1,1,1,1,2021-07-08,Ficus racemosa (Cluster Fig),inaturalist-2026-09
dodkunte-kunte2,0,0,0,0,,,inaturalist-2026-09
dodkunte-kunte3,5,3,3,2,2024-11-06,Livistona chinensis (Chinese fan palm);Combretum indicum (Rangoon Creeper);Solanum diphyllum (twoleaf nightshade),inaturalist-2026-09
dodkunte-kunte4,5,4,4,2,2025-06-15,Ariophanta exilis (Two-Striated Ariophanta);Junonia iphita (Chocolate Pansy);Oxalis corniculata (Creeping Woodsorrel);Talicada nyseus (Red Pierrot),inaturalist-2026-09
dodmaranhalli-lake,0,0,0,0,,,inaturalist-2026-09
dokkanahalli-kunte,2,1,2,2,2025-08-23,Coprinellus disseminatus (Trooping Crumble Cap);Muntingia calabura (calabur tree),inaturalist-2026-09
dombarahalli-kunte,0,0,0,0,,,inaturalist-2026-09
domluru-kere,1,0,0,1,2025-06-01,,inaturalist-2026-09
dommasandra-govt-kunte-4,0,0,0,0,,,inaturalist-2026-09
dommasandra-govt-lake-2,0,0,0,0,,,inaturalist-2026-09
dommasandra-kere-s,0,0,0,0,,,inaturalist-2026-09
dommasandra-kunte-1,0,0,0,0,,,inaturalist-2026-09
dommasandra-kunte-10,0,0,0,0,,,inaturalist-2026-09
dommasandra-kunte-11,0,0,0,0,,,inaturalist-2026-09
dommasandra-kunte-12,0,0,0,0,,,inaturalist-2026-09
dommasandra-kunte-13,0,0,0,0,,,inaturalist-2026-09
dommasandra-kunte-14,0,0,0,0,,,inaturalist-2026-09
dommasandra-kunte-15,0,0,0,0,,,inaturalist-2026-09
dommasandra-kunte-2,0,0,0,0,,,inaturalist-2026-09
dommasandra-kunte-5,0,0,0,0,,,inaturalist-2026-09
dommasandra-kunte-6,0,0,0,0,,,inaturalist-2026-09
dommasandra-kunte-7,0,0,0,0,,,inaturalist-2026-09
dommasandra-kunte-8,0,0,0,0,,,inaturalist-2026-09
dommasandra-kunte-9,0,0,0,0,,,inaturalist-2026-09
donenahalli-kere-lower,0,0,0,0,,,inaturalist-2026-09
donenahalli-kere-upper,0,0,0,0,,,inaturalist-2026-09
doraikere,309,183,113,19,2026-08-15,Ardea cinerea (Grey Heron);Vanellus indicus (Red-wattled Lapwing);Ardeola grayii (Indian Pond-Heron);Threskiornis melanocephalus (Black-headed Ibis);Phalacrocorax carbo (Great Cormorant);Plegadis falcinellus (Glossy Ibis);Himantopus himantopus (Black-winged Stilt);Mycteria leucocephala (Painted Stork);Amaurornis phoenicurus (White-breasted Waterhen);Egretta garzetta (Little Egret),inaturalist-2026-09
dummy,0,0,0,0,,,inaturalist-2026-09
dummy-2,0,0,0,0,,,inaturalist-2026-09
dyavasandra-lake,8,7,8,2,2021-07-14,Anthus trivialis (Tree Pipit);Athene brama (Spotted Owlet);Calotes versicolor (Indian Garden Lizard);Ficus virens (White fig);Merops orientalis (Asian Green Bee-eater);Nettapus coromandelianus (Cotton Pygmy-Goose);Rhyothemis variegata (Common Picture Wing);Rostratula benghalensis (Greater Painted-Snipe),inaturalist-2026-09
dyavasandra-lake-2,0,0,0,0,,,inaturalist-2026-09
earannana-kunte,0,0,0,0,,,inaturalist-2026-09
ejipura-kunte,0,0,0,0,,,inaturalist-2026-09
elenahalli-lake,11,10,11,4,2025-09-20,Anas poecilorhyncha (Indian Spot-billed Duck);Ardea cinerea (Grey Heron);Fulica atra (Eurasian Coot);Gallinula chloropus (Eurasian Moorhen);Holoptelea integrifolia (Indian elm);Ichnocarpus frutescens (Black creeper);Junonia iphita (Chocolate Pansy);Otus bakkamoena (Indian Scops-Owl);Psittacula krameri (Rose-ringed Parakeet);Spilopelia chinensis (Spotted Dove),inaturalist-2026-09
ettakodi-lake,0,0,0,0,,,inaturalist-2026-09
ettakodi-lake-2,0,0,0,0,,,inaturalist-2026-09
gabburu-lower-tank,0,0,0,0,,,inaturalist-2026-09
gaddam-bachchahalli-kere,0,0,0,0,,,inaturalist-2026-09
gadenahali-lake,0,0,0,0,,,inaturalist-2026-09
gadenahalli-lake,0,0,0,0,,,inaturalist-2026-09
gadigarapalya-kere,0,0,0,0,,,inaturalist-2026-09
gadipalya-lake,0,0,0,0,,,inaturalist-2026-09
gadipalya-lake-2,0,0,0,0,,,inaturalist-2026-09
gadipalyada-halla-lake,0,0,0,0,,,inaturalist-2026-09
gajagadahalli-kere,0,0,0,0,,,inaturalist-2026-09
gajagadahalli-lake,0,0,0,0,,,inaturalist-2026-09
galibilikote-lake,0,0,0,0,,,inaturalist-2026-09
ganadalu-lake,0,0,0,0,,,inaturalist-2026-09
ganakallu-kere,0,0,0,0,,,inaturalist-2026-09
ganapathihalli-kere,0,0,0,0,,,inaturalist-2026-09
ganapathihalli-lake,0,0,0,0,,,inaturalist-2026-09
gandaragolipura-kere,0,0,0,0,,,inaturalist-2026-09
gandarajapura-kere,0,0,0,0,,,inaturalist-2026-09
gandhigram-lower,0,0,0,0,,,inaturalist-2026-09
gandhinagar-lake,0,0,0,0,,,inaturalist-2026-09
gandigram-n,0,0,0,0,,,inaturalist-2026-09
gangasandra-kere,0,0,0,0,,,inaturalist-2026-09
gangasandra-kunte,0,0,0,0,,,inaturalist-2026-09
gangavara-lake,1,0,0,1,2025-10-24,,inaturalist-2026-09
gangenahalli-lake,0,0,0,0,,,inaturalist-2026-09
gangondanahalli-kere,0,0,0,0,,,inaturalist-2026-09
gangondanahalli-kunte,4,1,2,1,2025-07-27,Catharanthus roseus (Madagascar Periwinkle);Cyrtococcum patens,inaturalist-2026-09
gangondanahalli-kunte1,0,0,0,0,,,inaturalist-2026-09
gangondanahalli-kunte2,0,0,0,0,,,inaturalist-2026-09
gangondanahalli-kunte3,0,0,0,0,,,inaturalist-2026-09
gangondanahalli-lake,0,0,0,0,,,inaturalist-2026-09
ganigarahalli-kere,0,0,0,0,,,inaturalist-2026-09
gantiganahalli-kere,33,22,21,12,2025-11-03,Anas poecilorhyncha (Indian Spot-billed Duck);Anhinga melanogaster (Oriental Darter);Solanum torvum (Turkey Berry);Amandava amandava (Red Avadavat);Ampulex compressa (Emerald Cockroach Wasp);Ardea cinerea (Grey Heron);Chamaecrista rotundifolia (roundleaf sensitive pea);Coccinella transversalis (Small Transverse Ladybird Beetle);Euchrysops cnejus (Gram Blue);Eurema hecabe (Common Grass Yellow),inaturalist-2026-09
gantiganahalli-kunte-1,0,0,0,0,,,inaturalist-2026-09
gantiganahalli-kunte-2,0,0,0,0,,,inaturalist-2026-09
gantiganahalli-kunte-3,0,0,0,0,,,inaturalist-2026-09
gantiganahalli-kunte-4,0,0,0,0,,,inaturalist-2026-09
gantiganahalli-kunte-5,0,0,0,0,,,inaturalist-2026-09
garudacharpalya-lake,0,0,0,0,,,inaturalist-2026-09
garvebhavipalya-lake,0,0,0,0,,,inaturalist-2026-09
gattihalli-govt-lake,32,13,16,6,2026-07-19,Aspidomorpha miliaris (Sweetpotato Leaf Beetle);Brachythemis contaminata (Ditch Jewel);Ceriagrion coromandelianum (Coromandel Marsh Dart);Chromolaena odorata (Siam weed);Chrysocolaptes festivus (White-naped Woodpecker);Danaus chrysippus (Plain Tiger Butterfly);Fowlea piscator (Chequered Keelback);Haliastur indus (Brahminy Kite);Ischnura senegalensis (Common Bluetail);Lantana camara (common lantana),inaturalist-2026-09
gattihalli-kunte-1,0,0,0,0,,,inaturalist-2026-09
gattihalli-kunte-2,0,0,0,0,,,inaturalist-2026-09
gavipura-kunte-1,1,1,1,1,2022-06-19,Centropus sinensis (Greater Coucal),inaturalist-2026-09
gavipura-kunte-2,0,0,0,0,,,inaturalist-2026-09
gavipura-lake,0,0,0,0,,,inaturalist-2026-09
geddalahalli-kunte,0,0,0,0,,,inaturalist-2026-09
geddalahalli-lake,79,35,37,5,2026-09-10,Apis cerana (Asian Honey Bee);Leptocoma zeylonica (Purple-rumped Sunbird);Oxyopes shweta (White Lynx Spider);Pycnonotus jocosus (Red-whiskered Bulbul);Agenioideus nubecula;Ardea coromanda (Eastern Cattle-Egret);Belenois aurota (Pioneer White);Brachythemis contaminata (Ditch Jewel);Carica papaya (Papaya);Euagoras plagiatus,inaturalist-2026-09
giddanahalli-lake,0,0,0,0,,,inaturalist-2026-09
giddatapura-lake,0,0,0,0,,,inaturalist-2026-09
giddenahalli-lake,0,0,0,0,,,inaturalist-2026-09
giddenahalli-lake-2,0,0,0,0,,,inaturalist-2026-09
giddlahallipura-kere,0,0,0,0,,,inaturalist-2026-09
girupalya-kere,2,2,2,2,2022-11-14,Crocothemis servilia (Scarlet Skimmer);Naja naja (Indian Cobra),inaturalist-2026-09
gollahalli-govt-lake,36,33,23,1,2024-07-28,Porphyrio poliocephalus (Gray-headed Swamphen);Fulica atra (Eurasian Coot);Metopidius indicus (Bronze-winged Jacana);Danaus chrysippus (Plain Tiger Butterfly);Acridotheres tristis (Common Myna);Amaurornis phoenicurus (White-breasted Waterhen);Anas poecilorhyncha (Indian Spot-billed Duck);Ardeola grayii (Indian Pond-Heron);Ariadne merione (Common Castor Butterfly);Catopsilia pyranthe (Mottled Emigrant),inaturalist-2026-09
gollahalli-kere,0,0,0,0,,,inaturalist-2026-09
gollahalli-kunte,0,0,0,0,,,inaturalist-2026-09
gollahalli-kunte-2,0,0,0,0,,,inaturalist-2026-09
gollapura3r,0,0,0,0,,,inaturalist-2026-09
gollarapalya-kere,0,0,0,0,,,inaturalist-2026-09
gollarapalya-lake,0,0,0,0,,,inaturalist-2026-09
gonakanahalli-kere,0,0,0,0,,,inaturalist-2026-09
gongadipura-kere,0,0,0,0,,,inaturalist-2026-09
gongadipura-kunte,0,0,0,0,,,inaturalist-2026-09
gonigatpura-lake,0,0,0,0,,,inaturalist-2026-09
gonigatpura-lake-2,0,0,0,0,,,inaturalist-2026-09
gonigatpura-lake-3,0,0,0,0,,,inaturalist-2026-09
gonipura-1,0,0,0,0,,,inaturalist-2026-09
gonipura-2,1,1,1,1,2021-01-12,Calotes versicolor (Indian Garden Lizard),inaturalist-2026-09
gonipura-lake,0,0,0,0,,,inaturalist-2026-09
gonur-lake,0,0,0,0,,,inaturalist-2026-09
gopalpura-kere,0,0,0,0,,,inaturalist-2026-09
gopenahalli-lake,0,0,0,0,,,inaturalist-2026-09
gopsandra-lake,0,0,0,0,,,inaturalist-2026-09
goravigere-kunte1,0,0,0,0,,,inaturalist-2026-09
goravigere-kunte2,1,0,0,1,2023-07-23,,inaturalist-2026-09
goravigere-kunte3,0,0,0,0,,,inaturalist-2026-09
goravigere-kunte4,0,0,0,0,,,inaturalist-2026-09
gottamaranahalli-lake,0,0,0,0,,,inaturalist-2026-09
gottigere-kere,24,13,16,8,2026-08-20,Fulica atra (Eurasian Coot);Acherontia styx (Eastern Death's Head hawkmoth);Amata passalis (sandalwood defoliator);Brachythemis contaminata (Ditch Jewel);Carrhotus viduus;Dicaeum erythrorhynchos (Pale-billed Flowerpecker);Egretta garzetta (Little Egret);Erionota torus (Rounded Palm-redeye);Euthalia aconthea (Common Baron);Laevicaulis alte (Tropical Leatherleaf Slug),inaturalist-2026-09
gottigere-kunte1,1,0,0,1,2022-07-14,,inaturalist-2026-09
gottigere-kunte2,0,0,0,0,,,inaturalist-2026-09
gottigere-kunte3,0,0,0,0,,,inaturalist-2026-09
goudanakere,3,1,2,2,2023-11-25,Datura metel (metel devil's trumpet);Tirumala limniace (Blue Tiger),inaturalist-2026-09
govanhalli-kere,0,0,0,0,,,inaturalist-2026-09
governament-attikere,0,0,0,0,,,inaturalist-2026-09
govindaehettipalya-lake,48,30,25,3,2026-03-31,Psammophilus dorsalis (Rock Dragon);Calotes versicolor (Indian Garden Lizard);Merops orientalis (Asian Green Bee-eater);Phalacrocorax carbo (Great Cormorant);Phalacrocorax fuscicollis (Indian Cormorant);Anas poecilorhyncha (Indian Spot-billed Duck);Anoplolepis gracilipes (Yellow Crazy Ant);Apis dorsata (Giant Honey Bee);Apus affinis (Little Swift);Ardea cinerea (Grey Heron),inaturalist-2026-09
govindapur-kere,0,0,0,0,,,inaturalist-2026-09
govindapura-kere,0,0,0,0,,,inaturalist-2026-09
govindapura-lo-kere,0,0,0,0,,,inaturalist-2026-09
govt-dinnekere,0,0,0,0,,,inaturalist-2026-09
govt-gulimangalada-lake,173,158,71,9,2026-08-02,Himantopus himantopus (Black-winged Stilt);Microcarbo niger (Little Cormorant);Anhinga melanogaster (Oriental Darter);Ardeola grayii (Indian Pond-Heron);Egretta garzetta (Little Egret);Phalacrocorax fuscicollis (Indian Cormorant);Anas poecilorhyncha (Indian Spot-billed Duck);Mycteria leucocephala (Painted Stork);Calotes versicolor (Indian Garden Lizard);Psammophilus dorsalis (Rock Dragon),inaturalist-2026-09
govt-karabu,0,0,0,0,,,inaturalist-2026-09
govt-karabu-katte,0,0,0,0,,,inaturalist-2026-09
govt-katte,0,0,0,0,,,inaturalist-2026-09
govt-kere,19,17,14,1,2024-08-15,Acridotheres tristis (Common Myna);Gallinula chloropus (Eurasian Moorhen);Porphyrio poliocephalus (Gray-headed Swamphen);Acridotheres fuscus (Jungle Myna);Ardeola grayii (Indian Pond-Heron);Ariadne merione (Common Castor Butterfly);Eudynamys scolopaceus (Asian Koel);Halcyon smyrnensis (White-throated Kingfisher);Merops orientalis (Asian Green Bee-eater);Orthotomus sutorius (Common Tailorbird),inaturalist-2026-09
govt-kere-1,0,0,0,0,,,inaturalist-2026-09
govt-kere-2,3,2,3,2,2026-03-05,Mimosa pudica (Sensitive Plant);Parthenium hysterophorus (Santa Maria feverfew);Pithecellobium dulce (Madras Thorn),inaturalist-2026-09
govt-lake,0,0,0,0,,,inaturalist-2026-09
govt-lake-newly-created,0,0,0,0,,,inaturalist-2026-09
govt-maggekere,4,3,4,2,2024-04-25,Calotes versicolor (Indian Garden Lizard);Diplacodes trivialis (Chalky Percher);Ficus benghalensis (Indian banyan);Solanum diphyllum (twoleaf nightshade),inaturalist-2026-09
govt-mutsandra-kere,0,0,0,0,,,inaturalist-2026-09
govt-vaddakere,1,1,1,1,2023-10-27,Fowlea piscator (Chequered Keelback),inaturalist-2026-09
govt-vadenakere,153,106,108,12,2026-08-30,Anthus rufulus (Paddyfield Pipit);Danaus chrysippus (Plain Tiger Butterfly);Junonia almana (Peacock Pansy);Plocealauda affinis (Jerdon's Bushlark);Saxicola caprata (Pied Bushchat);Acraea terpsicore (Tawny Coster);Argya affinis (Yellow-billed Babbler);Argyreia cuneata (Purple Morning Glory);Capparis zeylanica (Indian caper);Chloropsis aurifrons (Golden-fronted Leafbird),inaturalist-2026-09
govt-vodanakunte,3,3,3,1,2023-05-31,Gongylus gongylodes (Wandering Violin Mantis);Numida meleagris (Helmeted Guineafowl);Rhynchophorus ferrugineus (Red Palm Weevil),inaturalist-2026-09
gowdana-kere,0,0,0,0,,,inaturalist-2026-09
gramada-kere,4,3,4,2,2024-02-25,Ardea purpurea (Purple Heron);Dicrurus macrocercus (Black Drongo);Eriovixia laglaizei (Laglaise's Garden Spider);Microcarbo niger (Little Cormorant),inaturalist-2026-09
gramadakere,24,23,19,1,2025-01-18,Anas poecilorhyncha (Indian Spot-billed Duck);Ceryle rudis (Pied Kingfisher);Euodice malabarica (Indian Silverbill);Halcyon smyrnensis (White-throated Kingfisher);Anhinga melanogaster (Oriental Darter);Ardea purpurea (Purple Heron);Dicrurus macrocercus (Black Drongo);Egretta garzetta (Little Egret);Eudynamys scolopaceus (Asian Koel);Lanius cristatus (Brown Shrike),inaturalist-2026-09
gramadakere-2,1,0,0,1,2023-11-10,,inaturalist-2026-09
gubbalal-kere,2,1,1,1,2024-11-21,Pavo cristatus (Indian Peafowl),inaturalist-2026-09
gubbalal-kunte,7,2,4,2,2020-11-16,Solanum seaforthianum (Brazilian Nightshade);Gymnopleurus miliaris;Lycostomus praeustus;Solanum torvum (Turkey Berry),inaturalist-2026-09
gublai-lske,0,0,0,0,,,inaturalist-2026-09
guddadahalli-kere,1,1,1,1,2022-07-06,Theriophonum minutum,inaturalist-2026-09
guddadahalli-kere-e,0,0,0,0,,,inaturalist-2026-09
guddadahalli-lake,0,0,0,0,,,inaturalist-2026-09
guddegaudanachannoha,0,0,0,0,,,inaturalist-2026-09
guddehatti-lake,0,0,0,0,,,inaturalist-2026-09
guddehatti-lake-2,0,0,0,0,,,inaturalist-2026-09
gudimavu-kunte,0,0,0,0,,,inaturalist-2026-09
guduppana-lake,4,4,3,1,2023-12-09,Alcedo atthis (Common Kingfisher);Danaus genutia (Common Tiger Butterfly);Motacilla maderaspatensis (White-browed Wagtail),inaturalist-2026-09
guduppana-lake-2,0,0,0,0,,,inaturalist-2026-09
guduvanahalli-lake,2,0,1,1,2023-12-29,Sphaeranthus indicus (East Indian globe thistle),inaturalist-2026-09
gulagunganahalli-lak,0,0,0,0,,,inaturalist-2026-09
gulakayipura-govt-lake,0,0,0,0,,,inaturalist-2026-09
gulimangala-kunte-1,0,0,0,0,,,inaturalist-2026-09
gulimangala-kunte-2,0,0,0,0,,,inaturalist-2026-09
gulya-down,0,0,0,0,,,inaturalist-2026-09
gundappanayakanahalli-lake,0,0,0,0,,,inaturalist-2026-09
gundarahalli-lake-2,0,0,0,0,,,inaturalist-2026-09
gundenahalli-kere,0,0,0,0,,,inaturalist-2026-09
gundur-kere-n,1,1,1,1,2022-11-26,Hyllus semicupreus (Heavy-bodied Jumper),inaturalist-2026-09
gunduru-kere,1,1,1,1,2021-08-22,Calotes versicolor (Indian Garden Lizard),inaturalist-2026-09
gunduru-lake,0,0,0,0,,,inaturalist-2026-09
guniagrahara-kere-2,0,0,0,0,,,inaturalist-2026-09
guniagrahara-kunte,0,0,0,0,,,inaturalist-2026-09
gunjuru-kunte1,2,0,0,1,2022-09-29,,inaturalist-2026-09
gunjuru-kunte2,0,0,0,0,,,inaturalist-2026-09
gunjuru-kunte3,0,0,0,0,,,inaturalist-2026-09
gunjuru-kunte4,0,0,0,0,,,inaturalist-2026-09
gunjuru-kunte5,0,0,0,0,,,inaturalist-2026-09
gunjuru-kunte6,0,0,0,0,,,inaturalist-2026-09
gunjuru-kunte7,0,0,0,0,,,inaturalist-2026-09
gunjuru-kunte8,0,0,0,0,,,inaturalist-2026-09
gunjuru-kunte9,0,0,0,0,,,inaturalist-2026-09
gunjuruplaya-kere,29,28,26,4,2026-09-05,Microcarbo niger (Little Cormorant);Mycteria leucocephala (Painted Stork);Anas poecilorhyncha (Indian Spot-billed Duck);Anhinga melanogaster (Oriental Darter);Ardea coromanda (Eastern Cattle-Egret);Ardea purpurea (Purple Heron);Ardeola grayii (Indian Pond-Heron);Artamus fuscus (Ashy Woodswallow);Ceryle rudis (Pied Kingfisher);Cheilomenes sexmaculata (Six-spotted Zigzag Ladybird),inaturalist-2026-09
gururvanahalli-kere,0,0,0,0,,,inaturalist-2026-09
guruvanahalli-kere,0,0,0,0,,,inaturalist-2026-09
guttepalya-lake,18,6,8,7,2026-08-01,Cenchrus setosus (feathery pennisetum);Ceratina smaragdula (Emerald Small Carpenter);Ipomoea cairica (Mile-a-minute vine);Leptotes plinius (Zebra Blue);Paratrechina longicornis (Longhorn Crazy Ant);Rhabdophis plumbicolor (Green Keelback);Rhinacanthus nasutus (Snake Jasmine);Zizula hylax (Tiny Grass Blue),inaturalist-2026-09
guttepalya-lake-2,0,0,0,0,,,inaturalist-2026-09
hado-shiddapura-kere,120,52,64,7,2026-08-02,Argiope aemula (Oval Saint Andrew's Cross Spider);Ardea cinerea (Grey Heron);Ardeola grayii (Indian Pond-Heron);Argiope anasuja (Signature Spider);Batocera rufomaculata (Mango Stem Borer);Calotropis gigantea (crown flower);Fowlea piscator (Chequered Keelback);Microcarbo niger (Little Cormorant);Phalacrocorax carbo (Great Cormorant);Phimenes flavopictus,inaturalist-2026-09
hadonahalli-kere,0,0,0,0,,,inaturalist-2026-09
hadosiddapur-a-kunte,0,0,0,0,,,inaturalist-2026-09
hadyalu-kere,1,1,1,1,2023-05-27,Aquila fasciata (Bonelli's Eagle),inaturalist-2026-09
hagaduru-kunte1,0,0,0,0,,,inaturalist-2026-09
hagaduru-kunte2,0,0,0,0,,,inaturalist-2026-09
haji-hosahalli-kere,0,0,0,0,,,inaturalist-2026-09
haji-hosahalli-kere-s,0,0,0,0,,,inaturalist-2026-09
haji-hosahalli-n,0,0,0,0,,,inaturalist-2026-09
hakkibikki-lake,197,38,68,36,2026-06-27,Catacanthus incarnatus (Man-faced Stink Bug);Chiridopsis bipunctata (Indian Green Tortoise Beetle);Amata passalis (sandalwood defoliator);Axis axis (Chital);Corinnomma severum (Black Corinnomma);Crematogaster contemta (Indian Orange Acrobat Ant);Illeis cincta;Jamides bochus (Dark Cerulean);Lepista tarda;Polypedates maculatus (Chunam Tree Frog),inaturalist-2026-09
hakkibikki-lake-2,18,3,5,5,2026-06-20,Chromolaena odorata (Siam weed);Erthesina acuminata;Leucas aspera (Common leucas);Schizophyllum commune (splitgill mushroom);Zizeeria karsandra (Dark Grass Blue),inaturalist-2026-09
hakkibikki-lake-3,317,186,136,79,2026-08-05,Nephila pilipes (Giant Golden Orbweaver);Papilio polytes (Common Mormon Swallowtail);Talicada nyseus (Red Pierrot);Ariadne merione (Common Castor Butterfly);Coracina macei (Indian Cuckooshrike);Euchrysops cnejus (Gram Blue);Euploea core (Common Crow);Nyctemera coleta (Marbled White Moth);Papilio agenor (Great Mormon);Danaus genutia (Common Tiger Butterfly),inaturalist-2026-09
halagevaderahalli-kere-1,64,24,25,16,2026-04-05,Dysdercus cingulatus (Indian Cotton Stainer);Otus bakkamoena (Indian Scops-Owl);Amphiesma stolatum (Buff Striped Keelback);Ampittia dioscorides (Common Bush Hopper);Apis florea (Red Dwarf Honey Bee);Ariadne merione (Common Castor Butterfly);Azanus ubaldus (Bright Babul Blue);Caprimulgus asiaticus (Indian Nightjar);Cassia fistula (Golden Shower Tree);Catopsilia pyranthe (Mottled Emigrant),inaturalist-2026-09
halagevaderahalli-kere-2,85,62,31,5,2026-04-25,Ardeola grayii (Indian Pond-Heron);Anas poecilorhyncha (Indian Spot-billed Duck);Egretta garzetta (Little Egret);Milvus migrans (Black Kite);Mycteria leucocephala (Painted Stork);Ardea cinerea (Grey Heron);Halcyon smyrnensis (White-throated Kingfisher);Diplacodes trivialis (Chalky Percher);Fulica atra (Eurasian Coot);Microcarbo niger (Little Cormorant),inaturalist-2026-09
halammanapalya-lake,0,0,0,0,,,inaturalist-2026-09
halammanapalya-lake-1,0,0,0,0,,,inaturalist-2026-09
halanayakanahalli-kere,129,47,58,8,2026-08-17,Catharanthus roseus (Madagascar Periwinkle);Cosmos sulphureus (Yellow Cosmos);Myrmicaria brunnea (Brown Droptail Ant);Alternanthera brasiliana (Ruby Leaf);Apis cerana (Asian Honey Bee);Ardea cinerea (Grey Heron);Artocarpus heterophyllus (Jackfruit);Atractomorpha crenulata;Axonopus compressus (broadleaf carpetgrass);Butastur teesa (White-eyed Buzzard),inaturalist-2026-09
halasahalli-thippasandra-kunte-1,0,0,0,0,,,inaturalist-2026-09
halasahalli-thippasandra-kunte-2,0,0,0,0,,,inaturalist-2026-09
halasahalli-thippasandra-kunte-3,40,14,14,2,2020-01-27,Coccinella transversalis (Small Transverse Ladybird Beetle);Eristalinus arvorum;Euthalia aconthea (Common Baron);Hasarius adansoni (Adanson's House Jumper);Junonia orithya (Blue Pansy);Lampides boeticus (Pea Blue);Odontomutilla trichocondyla;Papilio demoleus (Lime Swallowtail);Parasa lepida (Blue-striped Nettle Grub);Perina nuda (Banyan tussock moth),inaturalist-2026-09
halasahalli-thippasandra-kunte-4,0,0,0,0,,,inaturalist-2026-09
halasahalli-thippasandra-kunte-5,0,0,0,0,,,inaturalist-2026-09
haldenahalli-lake,0,0,0,0,,,inaturalist-2026-09
hale-chandapura-lake,1,1,1,1,2021-10-22,Psittacula krameri (Rose-ringed Parakeet),inaturalist-2026-09
hale-chandapura-lake-2,0,0,0,0,,,inaturalist-2026-09
halehalli-kunte,0,0,0,0,,,inaturalist-2026-09
halehalli-south-lake,0,0,0,0,,,inaturalist-2026-09
halenahalli-kere,0,0,0,0,,,inaturalist-2026-09
halenahalli-kere-s,0,0,0,0,,,inaturalist-2026-09
halenahalli-sw,0,0,0,0,,,inaturalist-2026-09
halenahalli-up,0,0,0,0,,,inaturalist-2026-09
halesampigehalli-kunte,0,0,0,0,,,inaturalist-2026-09
haleuru-lake,149,91,98,7,2026-07-04,Leptotes plinius (Zebra Blue);Coccinia grandis (Ivy gourd);Sturnia malabarica (Chestnut-tailed Starling);Ypthima huebneri (Common Four-ring);Gomalia elma (Green-marbled Sandman);Lonchura punctulata (Scaly-breasted Munia);Nephila pilipes (Giant Golden Orbweaver);Brachythemis contaminata (Ditch Jewel);Cacomantis passerinus (Grey-bellied Cuckoo);Clamator jacobinus (Pied Cuckoo),inaturalist-2026-09
hallimarandapalya-lake,0,0,0,0,,,inaturalist-2026-09
hancharahalli-lake,0,0,0,0,,,inaturalist-2026-09
handenhalli-lake,1,0,0,1,2026-08-26,,inaturalist-2026-09
handrahalli-kere,0,0,0,0,,,inaturalist-2026-09
hanpalya-kere,0,0,0,0,,,inaturalist-2026-09
hanuman-kunte-new,0,0,0,0,,,inaturalist-2026-09
hanumantapura-lake,0,0,0,0,,,inaturalist-2026-09
hanumanthapura-kere,3,1,1,3,2026-07-21,Terminalia catappa (Sea Almond),inaturalist-2026-09
hanumanthas-agara-kunte,0,0,0,0,,,inaturalist-2026-09
hanumanttanapalya-kere,0,0,0,0,,,inaturalist-2026-09
haralakunte,97,33,40,6,2026-08-31,Centella asiatica (Indian pennywort);Euthalia aconthea (Common Baron);Myrmaplata plataleoides (Red Weaver Ant-mimicking Spider);Oecophylla smaragdina (Asian Weaver Ant);Oxalis latifolia (Garden pink-sorrel);Acanthaspis siva;Alternanthera philoxeroides (Alligatorweed);Alternanthera pungens (creeping chaffweed);Apis florea (Red Dwarf Honey Bee);Auricularia polytricha (Wood Ear mushroom),inaturalist-2026-09
haralakunte-kunte1,0,0,0,0,,,inaturalist-2026-09
haralakunte-kunte2,0,0,0,0,,,inaturalist-2026-09
haralakunte-kunte3,0,0,0,0,,,inaturalist-2026-09
haraluru-kere,174,101,85,21,2026-08-26,Microcarbo niger (Little Cormorant);Phalacrocorax carbo (Great Cormorant);Ardeola grayii (Indian Pond-Heron);Fowlea piscator (Chequered Keelback);Haliastur indus (Brahminy Kite);Brachythemis contaminata (Ditch Jewel);Egretta garzetta (Little Egret);Anas platyrhynchos (Mallard);Antheraea paphia (Tasar Silk Moth);Ardea cinerea (Grey Heron),inaturalist-2026-09
haraluru-kunte,3,1,1,1,2025-07-07,Nymphaea rubra (Red water lily),inaturalist-2026-09
harana-katte,0,0,0,0,,,inaturalist-2026-09
haranakatte,2,1,2,1,2020-11-01,Annona squamosa (Sweetsop);Zonopterus consanguineus,inaturalist-2026-09
haregadde-lank,0,0,0,0,,,inaturalist-2026-09
harohali-lake,0,0,0,0,,,inaturalist-2026-09
harohali-lake-2,0,0,0,0,,,inaturalist-2026-09
harohall-govt-lake,3,3,2,1,2025-08-16,Amaurornis phoenicurus (White-breasted Waterhen);Hierococcyx varius (Common Hawk-Cuckoo),inaturalist-2026-09
harohalli-kere,279,188,112,38,2026-09-03,Anas poecilorhyncha (Indian Spot-billed Duck);Anhinga melanogaster (Oriental Darter);Fowlea piscator (Chequered Keelback);Haliastur indus (Brahminy Kite);Porphyrio poliocephalus (Gray-headed Swamphen);Spilopelia chinensis (Spotted Dove);Vachellia nilotica (Egyptian acacia);Alcedo atthis (Common Kingfisher);Ardea purpurea (Purple Heron);Fulica atra (Eurasian Coot),inaturalist-2026-09
harohalli-kunte-1,0,0,0,0,,,inaturalist-2026-09
harohalli-kunte-3,0,0,0,0,,,inaturalist-2026-09
harohalli-kunte2,0,0,0,0,,,inaturalist-2026-09
harohallipalya-lake,0,0,0,0,,,inaturalist-2026-09
harokyathanahalli-kere,0,0,0,0,,,inaturalist-2026-09
harokyathanahalli-kunte1,0,0,0,0,,,inaturalist-2026-09
harokyathanahalli-kunte2,0,0,0,0,,,inaturalist-2026-09
harokyathanahalli-kunte3,0,0,0,0,,,inaturalist-2026-09
harokyathanahalli-kunte4,0,0,0,0,,,inaturalist-2026-09
hasarahalli-kere,0,0,0,0,,,inaturalist-2026-09
hebbagodi-kunte-1,0,0,0,0,,,inaturalist-2026-09
hebbagodi-kunte-2,0,0,0,0,,,inaturalist-2026-09
hebbal-lake,141,99,84,28,2026-04-30,Ceriagrion coromandelianum (Coromandel Marsh Dart);Rhyothemis variegata (Common Picture Wing);Fulica atra (Eurasian Coot);Funambulus palmarum (Three-striped Palm Squirrel);Melanitis leda (Common Evening Brown);Acisoma panorpoides (Grizzled Pintail);Anas poecilorhyncha (Indian Spot-billed Duck);Ardeola grayii (Indian Pond-Heron);Brachythemis contaminata (Ditch Jewel);Chiasmia emersaria,inaturalist-2026-09
heggadadevanapura-kere,0,0,0,0,,,inaturalist-2026-09
heggadadevanapura-lake,0,0,0,0,,,inaturalist-2026-09
heggadaevanapura-kere-2,0,0,0,0,,,inaturalist-2026-09
hegganahalli-kunte1,1,1,1,1,2023-11-16,Hyllus semicupreus (Heavy-bodied Jumper),inaturalist-2026-09
hegganahalli-kunte2,0,0,0,0,,,inaturalist-2026-09
hegganahalli-lake,1,0,1,1,2026-01-15,Ceroplastes cirripediformis (Barnacle Scale),inaturalist-2026-09
heggondahalli-kunte-1,1,0,0,1,2019-01-05,,inaturalist-2026-09
heggondahalli-kunte-2,0,0,0,0,,,inaturalist-2026-09
heggondahalli-kunte-3,0,0,0,0,,,inaturalist-2026-09
heggondahalli-kunte-4,0,0,0,0,,,inaturalist-2026-09
heggondanalli-govt-lake,0,0,0,0,,,inaturalist-2026-09
hejjala-e,0,0,0,0,,,inaturalist-2026-09
hejjala-kere,4,2,3,2,2024-02-18,Anthus rufulus (Paddyfield Pipit);Stachytarpheta jamaicensis (Blue Porterweed);Tridax procumbens (Tridax Daisy),inaturalist-2026-09
hemigepura-kunte-1,0,0,0,0,,,inaturalist-2026-09
hemigepura-kunte-2,0,0,0,0,,,inaturalist-2026-09
hemigepura-kunte-3,124,45,59,2,2025-09-05,Minervarya agricola (Common Paddy Field Frog);Calligrapha bicolorata (Parthenium beetle);Camponotus compressus (Indian Black Ant);Diplacodes trivialis (Chalky Percher);Euphranta crux;Freyeria trochylus (Brown Grass Jewel);Microhyla ornata (Ornate Narrow-mouthed Toad);Sagra femorata (Frog-legged leaf beetle);Zizina otis (Lesser Grass Blue);Acanthospermum hispidum (Bindii),inaturalist-2026-09
hempapura-kere,0,0,0,0,,,inaturalist-2026-09
hennagara-kere,116,77,77,11,2026-01-17,Ypthima huebneri (Common Four-ring);Merops philippinus (Blue-tailed Bee-eater);Haliastur indus (Brahminy Kite);Phalacrocorax carbo (Great Cormorant);Anhinga melanogaster (Oriental Darter);Aphanamixis polystachya (pithraj tree);Ardea coromanda (Eastern Cattle-Egret);Ariadne ariadne (Angled Castor);Cecropis daurica (Eastern Red-rumped Swallow);Ceriagrion coromandelianum (Coromandel Marsh Dart),inaturalist-2026-09
hennur-kunte-1,0,0,0,0,,,inaturalist-2026-09
hennur-kunte-2,0,0,0,0,,,inaturalist-2026-09
hennur-lake,98,36,55,13,2026-05-28,Myrmicaria brunnea (Brown Droptail Ant);Cnemaspis mysoriensis (Mysore Round-eyed Gecko);Luprops tristis (Rubber plantation litter beetle);Riptortus pedestris;Tetramorium lanuginosum (Downy Pennant Ant);Anochetus graeffei;Apis florea (Red Dwarf Honey Bee);Ariadne merione (Common Castor Butterfly);Camponotus parius;Catochrysops strabo (Forget-me-not),inaturalist-2026-09
herohalli-kunte1,0,0,0,0,,,inaturalist-2026-09
herohalli-kunte2,0,0,0,0,,,inaturalist-2026-09
herohalli-kunte3,0,0,0,0,,,inaturalist-2026-09
herohalli-kunte4,0,0,0,0,,,inaturalist-2026-09
herohalli-kunte5,0,0,0,0,,,inaturalist-2026-09
herohalli-kunte6-newly-created,25,6,11,1,2026-06-29,Carrhotus viduus;Chalybion bengalense (Oriental Mud-dauber Wasp);Ropalidia cyathiformis;Telamonia dimidiata (Two-striped Telamonia);Chrysocoris stollii (Lychee Shield Bug);Graphium agamemnon (Tailed Jay);Heliconia rostrata (Hanging Lobster Claw Heliconia);Myrmaplata plataleoides (Red Weaver Ant-mimicking Spider);Plexippus paykulli (Pantropical Jumping Spider);Portulaca umbraticola (wingpod purslane),inaturalist-2026-09
herohalli-lake,12,12,12,2,2020-11-05,Anas poecilorhyncha (Indian Spot-billed Duck);Ardea cinerea (Grey Heron);Ardea coromanda (Eastern Cattle-Egret);Ardea purpurea (Purple Heron);Ardeola grayii (Indian Pond-Heron);Egretta garzetta (Little Egret);Euphorbia hirta (Asthma Plant);Fulica atra (Eurasian Coot);Halcyon smyrnensis (White-throated Kingfisher);Ischnura senegalensis (Common Bluetail),inaturalist-2026-09
herohalli-thotadakere,0,0,0,0,,,inaturalist-2026-09
hesaraghatta-kere-east,85,68,60,10,2026-07-12,Alcedo atthis (Common Kingfisher);Pycnonotus luteolus (White-browed Bulbul);Anhinga melanogaster (Oriental Darter);Ardea cinerea (Grey Heron);Circus aeruginosus (Western Marsh Harrier);Clitoria ternatea (Blue Pea);Dicrurus macrocercus (Black Drongo);Haliastur indus (Brahminy Kite);Merops orientalis (Asian Green Bee-eater);Pavo cristatus (Indian Peafowl),inaturalist-2026-09
hesaraghatta-lake,1929,1489,407,168,2026-08-24,Cigaritis lilacinus (Lilac Silverline);Colotis amata (Small Salmon Arab);Haliastur indus (Brahminy Kite);Anthus rufulus (Paddyfield Pipit);Chilades parrhasius (Small Cupid);Saxicola caprata (Pied Bushchat);Zizina otis (Lesser Grass Blue);Brachythemis contaminata (Ditch Jewel);Alcedo atthis (Common Kingfisher);Pareronia hippia (Indian Wanderer),inaturalist-2026-09
hettakki-lake,0,0,0,0,,,inaturalist-2026-09
hilaligi-lake,0,0,0,0,,,inaturalist-2026-09
hilaligi-lake-2,0,0,0,0,,,inaturalist-2026-09
hinnakki-lake,24,23,19,4,2023-08-25,Amaurornis phoenicurus (White-breasted Waterhen);Halcyon smyrnensis (White-throated Kingfisher);Microcarbo niger (Little Cormorant);Neolamarckia cadamba (Burflower-tree);Alcedo atthis (Common Kingfisher);Anas poecilorhyncha (Indian Spot-billed Duck);Apis cerana (Asian Honey Bee);Ardea purpurea (Purple Heron);Clitoria ternatea (Blue Pea);Dicrurus macrocercus (Black Drongo),inaturalist-2026-09
hirandahalli-kunte-1,0,0,0,0,,,inaturalist-2026-09
hirandahalli-kunte-2,0,0,0,0,,,inaturalist-2026-09
hirandahalli-kunte-3,0,0,0,0,,,inaturalist-2026-09
hirandahalli-kunte-4,0,0,0,0,,,inaturalist-2026-09
hire-kere,0,0,0,0,,,inaturalist-2026-09
hiregenahalli-kere,0,0,0,0,,,inaturalist-2026-09
hittarahalli-lake,0,0,0,0,,,inaturalist-2026-09
holegeripura-lake,0,0,0,0,,,inaturalist-2026-09
hommadevanahalli-kere2,0,0,0,0,,,inaturalist-2026-09
hommadevanahalli-kunte1,0,0,0,0,,,inaturalist-2026-09
hommadevanahalli-kunte1-2,0,0,0,0,,,inaturalist-2026-09
hommadevanahalli-kunte2,1,0,0,1,2024-07-27,,inaturalist-2026-09
hommedevanahalli-kere,0,0,0,0,,,inaturalist-2026-09
hompalaghatta-east-lake,0,0,0,0,,,inaturalist-2026-09
hompalaghatta-lake,0,0,0,0,,,inaturalist-2026-09
honepalya-kere,0,0,0,0,,,inaturalist-2026-09
hongasandra-kunte,0,0,0,0,,,inaturalist-2026-09
hongekere,0,0,0,0,,,inaturalist-2026-09
honna-kalashapura-lake,0,0,0,0,,,inaturalist-2026-09
honnadevipura-kere,0,0,0,0,,,inaturalist-2026-09
honnadevipura-lake,0,0,0,0,,,inaturalist-2026-09
honnasandra-kere,0,0,0,0,,,inaturalist-2026-09
honnashetti-kere,0,0,0,0,,,inaturalist-2026-09
honnenahalli-kere,0,0,0,0,,,inaturalist-2026-09
honnenahalli-kunte-1,0,0,0,0,,,inaturalist-2026-09
honnenahalli-kunte-2,0,0,0,0,,,inaturalist-2026-09
honnenahalli-lake,0,0,0,0,,,inaturalist-2026-09
hoodi-kere-2,0,0,0,0,,,inaturalist-2026-09
hoodi-kunte1,0,0,0,0,,,inaturalist-2026-09
hoodi-kunte10,0,0,0,0,,,inaturalist-2026-09
hoodi-kunte11,0,0,0,0,,,inaturalist-2026-09
hoodi-kunte2,1,1,1,1,2024-12-01,Spilopelia chinensis (Spotted Dove),inaturalist-2026-09
hoodi-kunte3,0,0,0,0,,,inaturalist-2026-09
hoodi-kunte4,1,0,0,1,2019-05-12,,inaturalist-2026-09
hoodi-kunte5,0,0,0,0,,,inaturalist-2026-09
hoodi-kunte6,0,0,0,0,,,inaturalist-2026-09
hoodi-kunte7,1,1,1,1,2026-08-01,Ariadne merione (Common Castor Butterfly),inaturalist-2026-09
hoodi-kunte8,0,0,0,0,,,inaturalist-2026-09
hoodi-kunte9,0,0,0,0,,,inaturalist-2026-09
horamavu-agara,66,51,28,5,2026-04-26,Ardeola grayii (Indian Pond-Heron);Phalacrocorax carbo (Great Cormorant);Brachythemis contaminata (Ditch Jewel);Microcarbo niger (Little Cormorant);Egretta garzetta (Little Egret);Haliastur indus (Brahminy Kite);Anhinga melanogaster (Oriental Darter);Argiope anasuja (Signature Spider);Dicrurus macrocercus (Black Drongo);Fowlea piscator (Chequered Keelback),inaturalist-2026-09
horamavu-kere,0,0,0,0,,,inaturalist-2026-09
hosa-bairohalli,0,0,0,0,,,inaturalist-2026-09
hosa-dimbahalli-kere,0,0,0,0,,,inaturalist-2026-09
hosa-katte-newly-created,0,0,0,0,,,inaturalist-2026-09
hosa-kere,0,0,0,0,,,inaturalist-2026-09
hosadoddi-lake,0,0,0,0,,,inaturalist-2026-09
hosadoddi-lake-1,0,0,0,0,,,inaturalist-2026-09
hosahalli-golarapalya-kunte,0,0,0,0,,,inaturalist-2026-09
hosahalli-govt-lake,40,15,24,10,2026-09-02,Trithemis aurora (Crimson Marsh Glider);Anthia sexguttata (Six-spot ground beetle);Ardea coromanda (Eastern Cattle-Egret);Artocarpus heterophyllus (Jackfruit);Belenois aurota (Pioneer White);Benincasa hispida (Winter Melon);Bombax ceiba (Red Silk Cotton Tree);Cenchrus ciliaris (buffelgrass);Danaus genutia (Common Tiger Butterfly);Ficus benghalensis (Indian banyan),inaturalist-2026-09
hosahalli-kere,1,1,1,1,2024-01-17,Vanellus indicus (Red-wattled Lapwing),inaturalist-2026-09
hosahalli-kunte,2,1,2,2,2026-06-06,Neocollyris bonellii;Passer domesticus (House Sparrow),inaturalist-2026-09
hosahalli-kunte-1,11,6,7,2,2021-09-10,Agrius convolvuli (Convolvulus Hawkmoth);Ascalohybris subjacens;Coelognathus helena (Trinket Snake);Lissachatina fulica (African Giant Snail);Microhyla rubra (Red Narrow-mouthed Frog);Papilio polytes (Common Mormon Swallowtail);Pareronia hippia (Indian Wanderer),inaturalist-2026-09
hosahalli-kunte-2,0,0,0,0,,,inaturalist-2026-09
hosahalli-kunte-3,9,5,5,2,2022-10-23,Coracias benghalensis (Indian Roller);Euodice malabarica (Indian Silverbill);Halcyon smyrnensis (White-throated Kingfisher);Saxicola caprata (Pied Bushchat);Trichodesma indicum (Indian borage),inaturalist-2026-09
hosahalli-kunte-4,1,0,0,1,2024-06-29,,inaturalist-2026-09
hosahalli-kunte-5,0,0,0,0,,,inaturalist-2026-09
hosahalli-kunte-6,0,0,0,0,,,inaturalist-2026-09
hosahalli-lake,3,1,2,3,2025-11-27,Ecpyrrhorrhoe damastesalis (Teak Leaf Skeletonizer);Funambulus palmarum (Three-striped Palm Squirrel),inaturalist-2026-09
hosahalli-lake-2,0,0,0,0,,,inaturalist-2026-09
hosahalli-lake-3,0,0,0,0,,,inaturalist-2026-09
hosakere,0,0,0,0,,,inaturalist-2026-09
hosakere-2,324,277,87,2,2025-12-26,Merops orientalis (Asian Green Bee-eater);Ardea cinerea (Grey Heron);Tachybaptus ruficollis (Little Grebe);Egretta garzetta (Little Egret);Ardea purpurea (Purple Heron);Actitis hypoleucos (Common Sandpiper);Aloa lactinea (Red Costate Tiger Moth);Anhinga melanogaster (Oriental Darter);Dicrurus macrocercus (Black Drongo);Anas poecilorhyncha (Indian Spot-billed Duck),inaturalist-2026-09
hosakere-3,101,92,58,12,2026-08-22,Hydrophasianus chirurgus (Pheasant-tailed Jacana);Brachythemis contaminata (Ditch Jewel);Anhinga melanogaster (Oriental Darter);Haliastur indus (Brahminy Kite);Merops orientalis (Asian Green Bee-eater);Ceryle rudis (Pied Kingfisher);Neurothemis tullia (Pied Paddy Skimmer);Nycticorax nycticorax (Black-crowned Night Heron);Parus cinereus (Asian Tit);Porphyrio poliocephalus (Gray-headed Swamphen),inaturalist-2026-09
hosakere-lake,0,0,0,0,,,inaturalist-2026-09
hosakerehalli-kere,143,87,73,6,2025-08-17,Ariadne merione (Common Castor Butterfly);Threskiornis melanocephalus (Black-headed Ibis);Ipomoea parasitica (Yellow-Throated Morning Glory);Justicia adhatoda (Malabar nut);Acridotheres fuscus (Jungle Myna);Asclepias curassavica (tropical milkweed);Croton bonplandianus (Bonpland's croton);Danaus chrysippus (Plain Tiger Butterfly);Euchrysops cnejus (Gram Blue);Haliastur indus (Brahminy Kite),inaturalist-2026-09
hosakote-doddaamanikere,1993,1651,375,92,2026-09-09,Saxicola caprata (Pied Bushchat);Lanius schach (Long-tailed Shrike);Ploceus philippinus (Baya Weaver);Cinnyris asiaticus (Purple Sunbird);Dicrurus macrocercus (Black Drongo);Porphyrio poliocephalus (Gray-headed Swamphen);Ardea cinerea (Grey Heron);Metopidius indicus (Bronze-winged Jacana);Spilopelia chinensis (Spotted Dove);Anthus rufulus (Paddyfield Pipit),inaturalist-2026-09
hosapalya-2r,0,0,0,0,,,inaturalist-2026-09
hosapalya-4r,0,0,0,0,,,inaturalist-2026-09
hosapalya-lake,0,0,0,0,,,inaturalist-2026-09
hosapalya-lake-1,0,0,0,0,,,inaturalist-2026-09
hosavenkatapura-kere,0,0,0,0,,,inaturalist-2026-09
hosuru-kere,0,0,0,0,,,inaturalist-2026-09
hoysalanagara-lake,0,0,0,0,,,inaturalist-2026-09
huchchanapalya-kere,10,4,7,2,2025-05-26,Azadirachta indica (Neem);Flacourtia indica (governors-plum);Ipomoea carnea (Bush Morning Glory);Laevicaulis alte (Tropical Leatherleaf Slug);Parthenium hysterophorus (Santa Maria feverfew);Senna spectabilis (whitebark senna);Ziziphus mauritiana (Chinese Apple),inaturalist-2026-09
huchegowdanpalya-kere,0,0,0,0,,,inaturalist-2026-09
hulavanhalli-lake-1,0,0,0,0,,,inaturalist-2026-09
hulavanhalli-lake-2,0,0,0,0,,,inaturalist-2026-09
hulimangala-govt-kodi-kere,0,0,0,0,,,inaturalist-2026-09
hulimangala-kunte1,0,0,0,0,,,inaturalist-2026-09
hulimangala-kunte2,0,0,0,0,,,inaturalist-2026-09
hulimangala-kunte3,0,0,0,0,,,inaturalist-2026-09
hulimangala-kunte4,0,0,0,0,,,inaturalist-2026-09
hulimangala-kunte5,0,0,0,0,,,inaturalist-2026-09
hulimangala-kunte6,0,0,0,0,,,inaturalist-2026-09
hulimangala-kunte7,0,0,0,0,,,inaturalist-2026-09
hulimavu-kere,178,148,76,15,2026-08-08,Euchrysops cnejus (Gram Blue);Zizina otis (Lesser Grass Blue);Lampides boeticus (Pea Blue);Zizeeria karsandra (Dark Grass Blue);Taractrocera maevius (Common Grass-dart);Freyeria putli (Jewelled Grass-blue);Ampittia dioscorides (Common Bush Hopper);Anthus rufulus (Paddyfield Pipit);Belenois aurota (Pioneer White);Junonia hierta (Yellow Pansy),inaturalist-2026-09
hulkur-kere,0,0,0,0,,,inaturalist-2026-09
hullahalli-kere,0,0,0,0,,,inaturalist-2026-09
hullahalli-kunte1,0,0,0,0,,,inaturalist-2026-09
hullahalli-kunte2,0,0,0,0,,,inaturalist-2026-09
hullahalli-kunte3,3,1,2,2,2024-03-28,Ardea intermedia (Medium Egret);Canthium coromandelicum (coromandel boxwood),inaturalist-2026-09
hullur-kere,0,0,0,0,,,inaturalist-2026-09
hulvenahalli-lake,0,0,0,0,,,inaturalist-2026-09
hulvenahalli-lake-1,0,0,0,0,,,inaturalist-2026-09
hunasuru-lake,4,4,4,1,2025-10-22,Anastomus oscitans (Asian Openbill);Halcyon smyrnensis (White-throated Kingfisher);Phalacrocorax carbo (Great Cormorant);Psilopogon haemacephalus (Coppersmith Barbet),inaturalist-2026-09
hunisemaradapalya-kere,41,32,24,12,2026-06-28,Neurothemis tullia (Pied Paddy Skimmer);Trithemis aurora (Crimson Marsh Glider);Anas poecilorhyncha (Indian Spot-billed Duck);Ariadne merione (Common Castor Butterfly);Ceriagrion coromandelianum (Coromandel Marsh Dart);Fulica atra (Eurasian Coot);Acridotheres tristis (Common Myna);Ardeola grayii (Indian Pond-Heron);Aspidomorpha miliaris (Sweetpotato Leaf Beetle);Brachythemis contaminata (Ditch Jewel),inaturalist-2026-09
hunisemaradapalya-la,18,12,11,5,2026-02-28,Fulica atra (Eurasian Coot);Diabolocatantops innotabilis;Gallinula chloropus (Eurasian Moorhen);Halcyon smyrnensis (White-throated Kingfisher);Ictinogomphus rapax (Indian Common Clubtail);Phalacrocorax carbo (Great Cormorant);Psammophilus dorsalis (Rock Dragon);Racesina luteola;Tringa glareola (Wood Sandpiper);Trithemis aurora (Crimson Marsh Glider),inaturalist-2026-09
hunnaganahalli-lake,0,0,0,0,,,inaturalist-2026-09
hunnegere-low-kere,0,0,0,0,,,inaturalist-2026-09
hunnegere-up-kere,0,0,0,0,,,inaturalist-2026-09
hunnigere-lake,0,0,0,0,,,inaturalist-2026-09
huralichikkanahalli-kunte,0,0,0,0,,,inaturalist-2026-09
huralihalli-kere,0,0,0,0,,,inaturalist-2026-09
huskur-govt-lake,8,6,6,4,2024-05-06,Actitis hypoleucos (Common Sandpiper);Athene brama (Spotted Owlet);Chloropsis jerdoni (Jerdon's Leafbird);Funambulus palmarum (Three-striped Palm Squirrel);Ischnura senegalensis (Common Bluetail);Vanellus indicus (Red-wattled Lapwing),inaturalist-2026-09
huskuru-kere,1,0,0,1,2021-06-20,,inaturalist-2026-09
huskuru-kere-2,0,0,0,0,,,inaturalist-2026-09
huskuru-kunte-2,0,0,0,0,,,inaturalist-2026-09
huskuru-kunte-3,0,0,0,0,,,inaturalist-2026-09
huvinaikanahalli-lake,5,2,3,1,2025-10-10,Ipomoea indica (oceanblue morning glory);Parthenium hysterophorus (Santa Maria feverfew);Sphagneticola trilobata (Trailing Daisy),inaturalist-2026-09
ibbalur-govt-lake,40,30,30,8,2026-09-01,Anastomus oscitans (Asian Openbill);Ardea cinerea (Grey Heron);Thunbergia erecta (Bush Thunbergia);Ardea purpurea (Purple Heron);Ardeola grayii (Indian Pond-Heron);Bougainvillea spectabilis (beautiful bougainvillea);Chrysomya megacephala (Oriental Latrine Fly);Corvus macrorhynchos (Large-billed Crow);Delonix regia (Flamboyant);Delta pyriforme,inaturalist-2026-09
ibbalur-kunte,2,1,1,1,2019-04-16,Danaus genutia (Common Tiger Butterfly),inaturalist-2026-09
ichanguru-lake,0,0,0,0,,,inaturalist-2026-09
indlabele-kere,16,6,8,4,2025-08-30,Aloa lactinea (Red Costate Tiger Moth);Ceriagrion coromandelianum (Coromandel Marsh Dart);Gametis versicolor (Indian Flower Chafer);Moringa oleifera (Moringa tree);Peucetia viridana (Indian Green Lynx Spider);Plegadis falcinellus (Glossy Ibis);Porphyrio poliocephalus (Gray-headed Swamphen);Pteropus medius (Indian Flying Fox),inaturalist-2026-09
indlavadi-lake,0,0,0,0,,,inaturalist-2026-09
indlavadipura-lake,0,0,0,0,,,inaturalist-2026-09
ishvanahalli-5r,0,0,0,0,,,inaturalist-2026-09
islur-kere,0,0,0,0,,,inaturalist-2026-09
itgalpura-lake,0,0,0,0,,,inaturalist-2026-09
ittagalapura-kere,6,3,4,1,2026-08-16,Euploea core (Common Crow);Haliastur indus (Brahminy Kite);Psilopogon haemacephalus (Coppersmith Barbet);Vitex trifolia (simpleleaf chastetree),inaturalist-2026-09
ittagalapura-kunte,0,0,0,0,,,inaturalist-2026-09
ittamadu-kere,0,0,0,0,,,inaturalist-2026-09
ittamadu-kunte,0,0,0,0,,,inaturalist-2026-09
ittangur-kere,0,0,0,0,,,inaturalist-2026-09
ivarakangapura-kere,299,255,115,21,2026-07-11,Milvus migrans (Black Kite);Lanius vittatus (Bay-backed Shrike);Anthus rufulus (Paddyfield Pipit);Lanius schach (Long-tailed Shrike);Copsychus fulicatus (Indian Robin);Pastor roseus (Rosy Starling);Anastomus oscitans (Asian Openbill);Eremopterix griseus (Ashy-crowned Sparrow-Lark);Motacilla maderaspatensis (White-browed Wagtail);Thinornis dubius (Little Ringed Plover),inaturalist-2026-09
j-p-park-kere,46,26,27,11,2026-07-23,Caryota urens (Jaggery palm);Acalypha hispida (Chenille-plant);Adenanthera pavonina (Saga Tree);Amaurornis phoenicurus (White-breasted Waterhen);Annona squamosa (Sweetsop);Ardeola grayii (Indian Pond-Heron);Bambusa vulgaris (common bamboo);Broussonetia papyrifera (Paper mulberry);Carica papaya (Papaya);Clarias gariepinus (Sharptooth Catfish),inaturalist-2026-09
jadigenahalli-kere,1,0,1,1,2026-08-09,Hemithea tritonaria,inaturalist-2026-09
jajura-lake1,0,0,0,0,,,inaturalist-2026-09
jajura-lake2,0,0,0,0,,,inaturalist-2026-09
jakkanahalli-6r,0,0,0,0,,,inaturalist-2026-09
jakkanahalli-small,0,0,0,0,,,inaturalist-2026-09
jakkasandra-kere,1,1,1,1,2026-08-08,Polypedates maculatus (Chunam Tree Frog),inaturalist-2026-09
jakkasandra-kunte,0,0,0,0,,,inaturalist-2026-09
jakkasandra-kunte-1,0,0,0,0,,,inaturalist-2026-09
jakkasandra-kunte-2,9,4,5,2,2025-04-26,Graphium doson (Common Jay);Lathrecista asiatica (Asian Blood Tail);Telamonia dimidiata (Two-striped Telamonia);Udaspes folus (Grass Demon);Ypthima huebneri (Common Four-ring),inaturalist-2026-09
jakkur-lake,1793,1031,415,178,2026-09-05,Mycteria leucocephala (Painted Stork);Argiope anasuja (Signature Spider);Fulica atra (Eurasian Coot);Ardea cinerea (Grey Heron);Anas poecilorhyncha (Indian Spot-billed Duck);Herennia multipuncta (Ornamental Tree Trunk Spider);Leptocoma zeylonica (Purple-rumped Sunbird);Phalacrocorax carbo (Great Cormorant);Threskiornis melanocephalus (Black-headed Ibis);Halcyon smyrnensis (White-throated Kingfisher),inaturalist-2026-09
jalahalli-kunte,0,0,0,0,,,inaturalist-2026-09
jalamaranahalli-lake,44,6,15,10,2026-03-03,Calliandra haematocephala (scarlet powder-puff);Ardea purpurea (Purple Heron);Ardeola grayii (Indian Pond-Heron);Centratherum punctatum (Brazilian bachelor's button);Cnemaspis mysoriensis (Mysore Round-eyed Gecko);Curinus coeruleus (Metallic Blue Lady Beetle);Cyclosa bifida (Long-bellied Cyclosa Spider);Gardenia ternifolia (powderbark gardenia);Jasminum multipartitum (Wild Jasmine);Larsenaikia ochreata (native gardenia),inaturalist-2026-09
jalige-kere,2,0,1,1,2026-09-01,Oryctes rhinoceros (Coconut Rhinoceros Beetle),inaturalist-2026-09
jaligere-lake,0,0,0,0,,,inaturalist-2026-09
janaradhan-kere,9,4,5,2,2024-01-06,Crotalaria pallida (Streaked Rattlepod);Datura metel (metel devil's trumpet);Milvus migrans (Black Kite);Plumbago zeylanica (wild leadwort);Solanum erianthum (potato tree),inaturalist-2026-09
jaraganahalli-kere,0,0,0,0,,,inaturalist-2026-09
jaraganahalli-kere-2,2,2,2,1,2020-06-14,Luffa aegyptiaca (Sponge Gourd);Senna occidentalis (Coffee Senna),inaturalist-2026-09
jarakabande,0,0,0,0,,,inaturalist-2026-09
jarakabande-kavalu-kunte1,0,0,0,0,,,inaturalist-2026-09
jarakabande-kavalu-kunte1-2,0,0,0,0,,,inaturalist-2026-09
jarakabande-kavalu-kunte2,0,0,0,0,,,inaturalist-2026-09
jarakabande-kavalu-kunte2-2,1,0,0,1,2024-11-08,,inaturalist-2026-09
jarakabandi-kaval-kelge-kere,1,0,1,1,2024-09-21,Alocasia macrorrhizos (giant taro),inaturalist-2026-09
jarganahalli-lake,1,0,0,1,2026-02-28,,inaturalist-2026-09
javarayanapalya-lake,0,0,0,0,,,inaturalist-2026-09
jedihalli-lake,0,0,0,0,,,inaturalist-2026-09
jeltipalya-lake,0,0,0,0,,,inaturalist-2026-09
jigani-kere,198,160,112,19,2026-07-12,Metopidius indicus (Bronze-winged Jacana);Porphyrio poliocephalus (Gray-headed Swamphen);Aponogeton natans;Ardea intermedia (Medium Egret);Brachythemis contaminata (Ditch Jewel);Elanus caeruleus (Black-winged Kite);Halcyon smyrnensis (White-throated Kingfisher);Microcarbo niger (Little Cormorant);Anhinga melanogaster (Oriental Darter);Ariadne merione (Common Castor Butterfly),inaturalist-2026-09
jigani-lake-2,1,0,1,1,2022-07-11,Oryctes rhinoceros (Coconut Rhinoceros Beetle),inaturalist-2026-09
jigla-kere,0,0,0,0,,,inaturalist-2026-09
jimkenahalli-kere,4,3,3,2,2026-05-27,Cnemaspis mysoriensis (Mysore Round-eyed Gecko);Eudocima materna (Dot-underwing Moth);Fowlea piscator (Chequered Keelback),inaturalist-2026-09
jinnagar-lake,0,0,0,0,,,inaturalist-2026-09
jogi-kere,184,93,74,7,2026-05-02,Danaus chrysippus (Plain Tiger Butterfly);Ischnura senegalensis (Common Bluetail);Apis florea (Red Dwarf Honey Bee);Microcarbo niger (Little Cormorant);Alcedo atthis (Common Kingfisher);Anhinga melanogaster (Oriental Darter);Ardeola grayii (Indian Pond-Heron);Brachythemis contaminata (Ditch Jewel);Fulica atra (Eurasian Coot);Junonia lemonias (Lemon Pansy),inaturalist-2026-09
jogipalya-low-kere,0,0,0,0,,,inaturalist-2026-09
jogiplya-kere,0,0,0,0,,,inaturalist-2026-09
jomala-kunte,0,0,0,0,,,inaturalist-2026-09
junnasandra-kere,0,0,0,0,,,inaturalist-2026-09
juzuvadi-kere,0,0,0,0,,,inaturalist-2026-09
jyarakabande-kavalu-kunte,0,0,0,0,,,inaturalist-2026-09
jyarakabande-kavalu-kunte-2,0,0,0,0,,,inaturalist-2026-09
jyotipura-lake,0,0,0,0,,,inaturalist-2026-09
k-agrahara-kunte-4,0,0,0,0,,,inaturalist-2026-09
k-g-thippasandra-kere,2,2,2,2,2026-08-12,Euthalia aconthea (Common Baron);Kigelia africana (Sausage tree),inaturalist-2026-09
kaanurpalya-lake,0,0,0,0,,,inaturalist-2026-09
kachamaranahalli-govt-lake,0,0,0,0,,,inaturalist-2026-09
kachamaranahalli-kunte1,0,0,0,0,,,inaturalist-2026-09
kachamaranahalli-kunte2,0,0,0,0,,,inaturalist-2026-09
kachamaranahalli-kunte3,1,1,1,1,2023-06-04,Daboia russelii (Russell's Viper),inaturalist-2026-09
kachamaranahalli-kunte4,0,0,0,0,,,inaturalist-2026-09
kachamaranahalli-kunte5,0,0,0,0,,,inaturalist-2026-09
kachamaranahalli-kunte6,0,0,0,0,,,inaturalist-2026-09
kachanahalli-kere,0,0,0,0,,,inaturalist-2026-09
kachanayakanahalli-lake,1,0,0,1,2021-09-15,,inaturalist-2026-09
kacharkanahalli-lake,1,0,0,1,2025-06-13,,inaturalist-2026-09
kachiganal-kere,0,0,0,0,,,inaturalist-2026-09
kachiganal-n-kere,16,15,9,1,2025-12-17,Anas acuta (Northern Pintail);Dendrocygna javanica (Lesser Whistling-Duck);Anas crecca (Green-winged Teal);Circus aeruginosus (Western Marsh Harrier);Anastomus oscitans (Asian Openbill);Cecropis daurica (Eastern Red-rumped Swallow);Cinnyris asiaticus (Purple Sunbird);Dicrurus macrocercus (Black Drongo);Spatula querquedula (Garganey),inaturalist-2026-09
kachohalli-katte,0,0,0,0,,,inaturalist-2026-09
kachohalli-kere,0,0,0,0,,,inaturalist-2026-09
kachohalli-kunte-1,0,0,0,0,,,inaturalist-2026-09
kachohalli-kunte-2,0,0,0,0,,,inaturalist-2026-09
kada-agrahara-kunte,0,0,0,0,,,inaturalist-2026-09
kada-agrahara-kunte-1,0,0,0,0,,,inaturalist-2026-09
kada-agrahara-kunte-2,0,0,0,0,,,inaturalist-2026-09
kadabisanahalli-kunte1,2,2,2,2,2025-09-30,Duttaphrynus melanostictus (Asian Common Toad);Graphium agamemnon (Tailed Jay),inaturalist-2026-09
kadabisanahalli-kunte2,2,2,2,1,2025-11-18,Haliastur indus (Brahminy Kite);Motacilla maderaspatensis (White-browed Wagtail),inaturalist-2026-09
kadanur-kere,0,0,0,0,,,inaturalist-2026-09
kadaranahalli-kunte,0,0,0,0,,,inaturalist-2026-09
kade-agrahara-lake,48,18,21,2,2025-07-04,Latrodectus geometricus (Brown Widow);Columba livia (Rock Pigeon);Messena sinuata (Ferguson squathopper);Polionemobius taprobanensis;Brassica juncea (Brown Mustard);Chrysomya rufifacies (Hairy Maggot Blow Fly);Coccinella transversalis (Small Transverse Ladybird Beetle);Conocephalus maculatus (Spotted Meadow Katydid);Cucumis maderaspatanus (Madras Pea Pumpkin);Eucorynus crassicornis,inaturalist-2026-09
kadegere-kere,1,0,0,1,2019-11-28,,inaturalist-2026-09
kadugodi-kunte-1,0,0,0,0,,,inaturalist-2026-09
kadugodi-kunte-2,0,0,0,0,,,inaturalist-2026-09
kadugodi-kunte-3,1,0,1,1,2025-05-20,Anoplolepis gracilipes (Yellow Crazy Ant),inaturalist-2026-09
kadugodi-kunte-4,0,0,0,0,,,inaturalist-2026-09
kadugodi-plantation-kunte,0,0,0,0,,,inaturalist-2026-09
kadusiddanapalya-lak,0,0,0,0,,,inaturalist-2026-09
kadusonnappanahalli-kere,0,0,0,0,,,inaturalist-2026-09
kadusonnappanahalli-kunte,0,0,0,0,,,inaturalist-2026-09
kagalipura-kunte,0,0,0,0,,,inaturalist-2026-09
kaggadasapura-lake,57,40,36,7,2026-01-04,Prinia socialis (Ashy Prinia);Anas poecilorhyncha (Indian Spot-billed Duck);Anhinga melanogaster (Oriental Darter);Ardea cinerea (Grey Heron);Herpetogramma licarsisalis (Grass Webworm Moth);Orvasca subnotata;Threskiornis melanocephalus (Black-headed Ibis);Acridotheres fuscus (Jungle Myna);Ardea alba (Great Egret);Ardeola grayii (Indian Pond-Heron),inaturalist-2026-09
kaggalhalli-lake,11,4,5,1,2026-05-20,Altica birmanensis;Gonypetyllis semuncialis;Myriochila undulata (Rippled Tiger Beetle);Phalacrocorax carbo (Great Cormorant);Xya variegata (Colourful Molehopper),inaturalist-2026-09
kaggalipura-govt-lake,1,1,1,1,2023-05-21,Himantopus himantopus (Black-winged Stilt),inaturalist-2026-09
kaggalipura-lake,26,25,20,5,2024-01-22,Himantopus himantopus (Black-winged Stilt);Tringa glareola (Wood Sandpiper);Anas poecilorhyncha (Indian Spot-billed Duck);Anastomus oscitans (Asian Openbill);Anhinga melanogaster (Oriental Darter);Calidris temminckii (Temminck's Stint);Dicrurus macrocercus (Black Drongo);Egretta garzetta (Little Egret);Haliastur indus (Brahminy Kite);Lonchura punctulata (Scaly-breasted Munia),inaturalist-2026-09
kagganur-n,0,0,0,0,,,inaturalist-2026-09
kagur-lake,0,0,0,0,,,inaturalist-2026-09
kaikondanahalli-kere,1261,601,268,58,2026-07-09,Porphyrio poliocephalus (Gray-headed Swamphen);Phalacrocorax carbo (Great Cormorant);Ardeola grayii (Indian Pond-Heron);Ardea cinerea (Grey Heron);Egretta garzetta (Little Egret);Fulica atra (Eurasian Coot);Halcyon smyrnensis (White-throated Kingfisher);Mycteria leucocephala (Painted Stork);Rhene flavicomans (Wasp-mimic Jumping Spider);Milvus migrans (Black Kite),inaturalist-2026-09
kajarakanahalli-kunte,1,1,1,1,2019-05-28,Acridotheres fuscus (Jungle Myna),inaturalist-2026-09
kajarakanahalli-lake,81,19,22,3,2023-07-23,Argiope anasuja (Signature Spider);Laevicaulis alte (Tropical Leatherleaf Slug);Nesticodes rufipes (Red House Spider);Apis cerana (Asian Honey Bee);Belenois aurota (Pioneer White);Dicrurus macrocercus (Black Drongo);Dysdercus cingulatus (Indian Cotton Stainer);Halyomorpha picus;Hermetia illucens (Black Soldier Fly);Heterorhina elegans,inaturalist-2026-09
kakolu-kere,121,81,75,10,2026-08-15,Euodice malabarica (Indian Silverbill);Junonia lemonias (Lemon Pansy);Argiope anasuja (Signature Spider);Brachythemis contaminata (Ditch Jewel);Copsychus fulicatus (Indian Robin);Eurema hecabe (Common Grass Yellow);Hypolimnas misippus (Danaid Eggfly);Lanius schach (Long-tailed Shrike);Merops orientalis (Asian Green Bee-eater);Neptis hylas (Common Sailer),inaturalist-2026-09
kalagondanahalli-lake,0,0,0,0,,,inaturalist-2026-09
kalalghatta-kere,0,0,0,0,,,inaturalist-2026-09
kalanayakanapalya-la,0,0,0,0,,,inaturalist-2026-09
kalatammanahalli-kunte,0,0,0,0,,,inaturalist-2026-09
kalatammanahalli-lake,0,0,0,0,,,inaturalist-2026-09
kalena-agrahara-govt-lake,1,0,0,1,2026-04-22,,inaturalist-2026-09
kalena-agrahara-kunte,0,0,0,0,,,inaturalist-2026-09
kalenahalli-kere,0,0,0,0,,,inaturalist-2026-09
kalenahalli-kunte,0,0,0,0,,,inaturalist-2026-09
kalenahalli-lake,0,0,0,0,,,inaturalist-2026-09
kalkere-kere,179,105,83,27,2026-08-13,Fowlea piscator (Chequered Keelback);Argiope anasuja (Signature Spider);Brachythemis contaminata (Ditch Jewel);Danaus genutia (Common Tiger Butterfly);Circus aeruginosus (Western Marsh Harrier);Danaus chrysippus (Plain Tiger Butterfly);Oreochromis niloticus (Nile Tilapia);Spatula clypeata (Northern Shoveler);Anas acuta (Northern Pintail);Anas poecilorhyncha (Indian Spot-billed Duck),inaturalist-2026-09
kalkere-kunte1,7,0,5,1,2026-08-29,Anthurium brownii;Heptapleurum actinophyllum (Australian Umbrella Tree);Philodendron hastatum;Phlegmariurus squarrosus;Syngonium chiapense,inaturalist-2026-09
kalkere-kunte2,2,1,2,1,2025-08-25,Malvastrum coromandelianum (three-lobe false mallow);Nephrolepis exaltata (southern sword fern),inaturalist-2026-09
kalkere-kunte3,0,0,0,0,,,inaturalist-2026-09
kalkere-kunte4,0,0,0,0,,,inaturalist-2026-09
kalkere-sarkari-kunte,1,1,1,1,2025-08-10,Herennia multipuncta (Ornamental Tree Trunk Spider),inaturalist-2026-09
kalkunte-agrahara-kere-e,0,0,0,0,,,inaturalist-2026-09
kalkunte-agrahara-kere-upper,0,0,0,0,,,inaturalist-2026-09
kalkunte-agrahara-lake,0,0,0,0,,,inaturalist-2026-09
kallabalu-lake,21,19,16,2,2024-10-05,Egretta gularis (Western Reef Heron);Anastomus oscitans (Asian Openbill);Egretta garzetta (Little Egret);Fowlea piscator (Chequered Keelback);Acridotheres fuscus (Jungle Myna);Alcedo atthis (Common Kingfisher);Anas platyrhynchos (Mallard);Ardea intermedia (Medium Egret);Ardeola grayii (Indian Pond-Heron);Cnemaspis mysoriensis (Mysore Round-eyed Gecko),inaturalist-2026-09
kallakatte,0,0,0,0,,,inaturalist-2026-09
kallakere-lake-land,12,5,7,7,2025-08-10,Anthia sexguttata (Six-spot ground beetle);Asianopleura octoguttata;Euchrysops cnejus (Gram Blue);Lepista tarda;Passiflora vesicaria (Orangefruit Passionflower);Phrynarachne ceylonica;Rhynchosia hirta,inaturalist-2026-09
kallanayakanahalli-lake,0,0,0,0,,,inaturalist-2026-09
kallapanakatte-kere,0,0,0,0,,,inaturalist-2026-09
kallodu-kere,0,0,0,0,,,inaturalist-2026-09
kallu-kunte-lake,0,0,0,0,,,inaturalist-2026-09
kalludevanahalli-lake,0,0,0,0,,,inaturalist-2026-09
kallukere-kunte,0,0,0,0,,,inaturalist-2026-09
kallukunte-lake-2,0,0,0,0,,,inaturalist-2026-09
kallupallya-kere,0,0,0,0,,,inaturalist-2026-09
kamakshipura-lake,0,0,0,0,,,inaturalist-2026-09
kamanhalli-lake,0,0,0,0,,,inaturalist-2026-09
kambalipura-lake,415,256,207,12,2026-06-27,Psilopogon haemacephalus (Coppersmith Barbet);Ceryle rudis (Pied Kingfisher);Ploceus philippinus (Baya Weaver);Alcedo atthis (Common Kingfisher);Anhinga melanogaster (Oriental Darter);Argya affinis (Yellow-billed Babbler);Circus aeruginosus (Western Marsh Harrier);Lanius cristatus (Brown Shrike);Pastor roseus (Rosy Starling);Pithecellobium dulce (Madras Thorn),inaturalist-2026-09
kambasandra-kere,10,9,7,1,2024-08-24,Nephila pilipes (Giant Golden Orbweaver);Troides minos (Southern Birdwing);Argiope anasuja (Signature Spider);Jamides celeno (Common Cerulean);Jatropha gossypiifolia (Bellyache Bush);Leptosia nina (Psyche);Leptotes plinius (Zebra Blue),inaturalist-2026-09
kambhipura-govt-karabu-kere-1,4,3,4,2,2025-06-01,Daboia russelii (Russell's Viper);Fowlea piscator (Chequered Keelback);Naja naja (Indian Cobra);Tachybaptus ruficollis (Little Grebe),inaturalist-2026-09
kambhipura-govt-karabu-kere-2,42,30,28,9,2025-07-13,Cucumis dipsaceus (Teasel Gourd);Ahaetulla oxyrhynca (Indian Vine Snake);Calligrapha bicolorata (Parthenium beetle);Capparis zeylanica (Indian caper);Hycleus biundulatus;Xanthium strumarium (rough cocklebur);Ariophanta exilis (Two-Striated Ariophanta);Belenois aurota (Pioneer White);Cocculus hirsutus (Bushveld Moonseed Creeper);Datura innoxia (downy thorn-apple),inaturalist-2026-09
kambipura-kunte1,1,1,1,1,2020-08-16,Copsychus saularis (Oriental Magpie-Robin),inaturalist-2026-09
kambipura-kunte2,0,0,0,0,,,inaturalist-2026-09
kambipura-kunte3,0,0,0,0,,,inaturalist-2026-09
kamblipura-lake,0,0,0,0,,,inaturalist-2026-09
kamenahalli-lake,0,0,0,0,,,inaturalist-2026-09
kammagondanahalli-kunte1,0,0,0,0,,,inaturalist-2026-09
kammagondanahalli-kunte2,0,0,0,0,,,inaturalist-2026-09
kammagondanahalli-lake,5,1,1,1,2022-06-02,Amata passalis (sandalwood defoliator),inaturalist-2026-09
kammanahalli-kunte1,0,0,0,0,,,inaturalist-2026-09
kammanahalli-kunte2,0,0,0,0,,,inaturalist-2026-09
kammanahalli-lake,3,3,3,1,2024-08-09,Anthus rufulus (Paddyfield Pipit);Hirundo smithii (Wire-tailed Swallow);Hypolimnas bolina (Great Eggfly),inaturalist-2026-09
kanakal-tanday-kere,0,0,0,0,,,inaturalist-2026-09
kanakal-tanday-kere-upper,0,0,0,0,,,inaturalist-2026-09
kanakenahalli-lake,0,0,0,0,,,inaturalist-2026-09
kanaminiki-govt-kere,0,0,0,0,,,inaturalist-2026-09
kanavalli-lake,0,0,0,0,,,inaturalist-2026-09
kanavapalli-lake,0,0,0,0,,,inaturalist-2026-09
kanekallu-lake,1,1,1,1,2025-12-24,Psammophilus dorsalis (Rock Dragon),inaturalist-2026-09
kangondanahalli-kere,0,0,0,0,,,inaturalist-2026-09
kaniminike-kunte1,3,1,2,2,2026-09-10,Rhipidura albogularis (Spot-breasted Fantail);Zosterops palpebrosus (Indian White-eye),inaturalist-2026-09
kaniminike-kunte2,12,3,10,4,2026-09-10,Argya affinis (Yellow-billed Babbler);Bauhinia purpurea (Orchid Tree);Cissus quadrangularis (Adamant creeper);Funambulus palmarum (Three-striped Palm Squirrel);Haliastur indus (Brahminy Kite);Hasora chromus (Common Banded Awl);Ixora casei (giant red);Mucuna bennettii (Scarlet jade vine);Nymphaea pubescens (Hairy water-lily);Ptyonoprogne concolor (Dusky Crag-Martin),inaturalist-2026-09
kaniminike-kunte3,0,0,0,0,,,inaturalist-2026-09
kaniminike-kunte4,0,0,0,0,,,inaturalist-2026-09
kaniminike-kunte5,1,0,0,1,2025-09-15,,inaturalist-2026-09
kaniminike-kunte6,0,0,0,0,,,inaturalist-2026-09
kaniminike-kunte7,0,0,0,0,,,inaturalist-2026-09
kaniminike-kunte8,0,0,0,0,,,inaturalist-2026-09
kaniminike-kunte9,0,0,0,0,,,inaturalist-2026-09
kannaikana-agrahara-kere,0,0,0,0,,,inaturalist-2026-09
kannaikana-agrahara-kunte,0,0,0,0,,,inaturalist-2026-09
kannalli-katte-1-newly-created,0,0,0,0,,,inaturalist-2026-09
kannalli-katte-2-newly-created,0,0,0,0,,,inaturalist-2026-09
kannalli-kere,114,78,69,7,2026-07-11,Hycleus biundulatus;Tringa glareola (Wood Sandpiper);Anthus rufulus (Paddyfield Pipit);Himantopus himantopus (Black-winged Stilt);Iduna caligata (Booted Warbler);Plocealauda affinis (Jerdon's Bushlark);Ardea purpurea (Purple Heron);Cuculus canorus (Common Cuckoo);Dicrurus macrocercus (Black Drongo);Merops orientalis (Asian Green Bee-eater),inaturalist-2026-09
kannalli-kunte-1,17,13,16,3,2026-01-18,Ariadne ariadne (Angled Castor);Ariadne merione (Common Castor Butterfly);Belenois aurota (Pioneer White);Butea monosperma (Flame of The Forest);Cuculus canorus (Common Cuckoo);Haliastur indus (Brahminy Kite);Hierococcyx varius (Common Hawk-Cuckoo);Ipomoea campanulata (Tambarvel);Pachliopta aristolochiae (Common Rose Swallowtail);Pachliopta hector (Crimson Rose),inaturalist-2026-09
kannalli-kunte-2,18,11,12,4,2026-07-11,Hycleus biundulatus;Belenois aurota (Pioneer White);Butea monosperma (Flame of The Forest);Cuculus canorus (Common Cuckoo);Dicrurus macrocercus (Black Drongo);Jamides bochus (Dark Cerulean);Pachliopta hector (Crimson Rose);Phoenix sylvestris (sugar date palm);Pontederia crassipes (common water hyacinth);Pseudagrion decorum (Three Striped Blue Dart),inaturalist-2026-09
kannalli-kunte-3,0,0,0,0,,,inaturalist-2026-09
kannalli-kunte-4,0,0,0,0,,,inaturalist-2026-09
kannamangala-katte-1,2,2,2,2,2025-12-23,Cnemaspis mysoriensis (Mysore Round-eyed Gecko);Elymnias hypermnestra (Common Palmfly),inaturalist-2026-09
kannamangala-katte-2,0,0,0,0,,,inaturalist-2026-09
kannamangala-kere,0,0,0,0,,,inaturalist-2026-09
kannamangala-kere-2,10,10,10,1,2024-09-22,Anas platyrhynchos (Mallard);Anas poecilorhyncha (Indian Spot-billed Duck);Ardea intermedia (Medium Egret);Ardeola grayii (Indian Pond-Heron);Dicrurus macrocercus (Black Drongo);Egretta garzetta (Little Egret);Fulica atra (Eurasian Coot);Halcyon smyrnensis (White-throated Kingfisher);Psittacula krameri (Rose-ringed Parakeet);Pycnonotus jocosus (Red-whiskered Bulbul),inaturalist-2026-09
kannamangala-kere-3,32,13,19,10,2026-08-09,Cucumis maderaspatanus (Madras Pea Pumpkin);Pongamia pinnata (Indian beech tree);Ariadne merione (Common Castor Butterfly);Camponotus compressus (Indian Black Ant);Cocculus hirsutus (Bushveld Moonseed Creeper);Passiflora vesicaria (Orangefruit Passionflower);Anoplocnemis phasianus;Aulacophora indica (Pumpkin Beetle);Azadirachta indica (Neem);Bauhinia purpurea (Orchid Tree),inaturalist-2026-09
kannamangala-kunte1,0,0,0,0,,,inaturalist-2026-09
kannamangala-kunte2,0,0,0,0,,,inaturalist-2026-09
kannamangala-kunte3,0,0,0,0,,,inaturalist-2026-09
kannamangala-kunte4,2,1,2,1,2026-03-28,Artocarpus heterophyllus (Jackfruit);Xylocopa ruficornis (Yellow-headed Carpenter),inaturalist-2026-09
kannamangala-kunte5,0,0,0,0,,,inaturalist-2026-09
kannurhalli-lake,0,0,0,0,,,inaturalist-2026-09
kannuru-katte,0,0,0,0,,,inaturalist-2026-09
kannuru-kere,35,25,26,3,2025-11-18,Brachythemis contaminata (Ditch Jewel);Ariadne merione (Common Castor Butterfly);Anax ephippiger (Vagrant Emperor);Brachydiplax sobrina (Little Blue Marsh Hawk);Capparis zeylanica (Indian caper);Cordia dichotoma (Clammy Cherry);Crocothemis servilia (Scarlet Skimmer);Croton bonplandianus (Bonpland's croton);Danaus chrysippus (Plain Tiger Butterfly);Eurema drona (No-brand Grass-yellow),inaturalist-2026-09
kannuru-kere1,0,0,0,0,,,inaturalist-2026-09
kannuru-kunte-1,0,0,0,0,,,inaturalist-2026-09
kannuru-kunte-3,0,0,0,0,,,inaturalist-2026-09
kannuru-kunte2,0,0,0,0,,,inaturalist-2026-09
karabu-kere,1,1,1,1,2021-11-20,Halcyon smyrnensis (White-throated Kingfisher),inaturalist-2026-09
karabu-kere-konappana-agrahara-lake,0,0,0,0,,,inaturalist-2026-09
karadipalya-lake,1,0,0,1,2023-05-31,,inaturalist-2026-09
karakalaghatta-colony-2-lake,0,0,0,0,,,inaturalist-2026-09
karakalaghatta-colony1-lake,0,0,0,0,,,inaturalist-2026-09
karakalaghatta-lake,0,0,0,0,,,inaturalist-2026-09
karanalu-kere,0,0,0,0,,,inaturalist-2026-09
karanji-tank,34,10,13,10,2026-09-01,Funambulus palmarum (Three-striped Palm Squirrel);Tessaratoma papillosa (Lychee Stink Bug);Acridotheres tristis (Common Myna);Argiope aemula (Oval Saint Andrew's Cross Spider);Blattella asahinai (Asian Cockroach);Catacanthus incarnatus (Man-faced Stink Bug);Corvus splendens (House Crow);Duttaphrynus melanostictus (Asian Common Toad);Melanitis leda (Common Evening Brown);Menemerus bivittatus (Gray Wall Jumping Spider),inaturalist-2026-09
karehalli-kere,0,0,0,0,,,inaturalist-2026-09
karenahalli-lake,6,5,5,2,2023-12-09,Coldenia procumbens;Egretta garzetta (Little Egret);Himantopus himantopus (Black-winged Stilt);Motacilla flava (Western Yellow Wagtail);Tringa glareola (Wood Sandpiper),inaturalist-2026-09
karepura-lake,0,0,0,0,,,inaturalist-2026-09
karethimmanahalli-lake,0,0,0,0,,,inaturalist-2026-09
karimsonnenahalli-kere,0,0,0,0,,,inaturalist-2026-09
karisandra-katte,0,0,0,0,,,inaturalist-2026-09
karisandra-kunte,0,0,0,0,,,inaturalist-2026-09
kariyanakunte-newly-created,0,0,0,0,,,inaturalist-2026-09
karpuru-lake,0,0,0,0,,,inaturalist-2026-09
karukunte-lake,0,0,0,0,,,inaturalist-2026-09
karunkunte-lake-2,0,0,0,0,,,inaturalist-2026-09
kasaba-yeshwanthpura-kunte1,2,0,2,2,2026-09-11,Rhene flavigera (Beige Beetle Jumper);Telamonia dimidiata (Two-striped Telamonia),inaturalist-2026-09
kasaba-yeshwanthpura-kunte2,0,0,0,0,,,inaturalist-2026-09
kasaba-yeshwantpur-kere,2,2,2,2,2025-02-02,Columba livia (Rock Pigeon);Nepita conferta (Footman moth),inaturalist-2026-09
kasagattapura-kere-1,0,0,0,0,,,inaturalist-2026-09
kasagattapura-kere-1-2,0,0,0,0,,,inaturalist-2026-09
kasagattapura-kere-3,0,0,0,0,,,inaturalist-2026-09
kasagattapura-kunte,0,0,0,0,,,inaturalist-2026-09
kasaghatta-lake,0,0,0,0,,,inaturalist-2026-09
kasaranghatta-kere,0,0,0,0,,,inaturalist-2026-09
kasavanahalli-kere,654,387,191,50,2026-09-04,Anastomus oscitans (Asian Openbill);Anas poecilorhyncha (Indian Spot-billed Duck);Fulica atra (Eurasian Coot);Porphyrio poliocephalus (Gray-headed Swamphen);Ardea intermedia (Medium Egret);Ardea purpurea (Purple Heron);Dicaeum erythrorhynchos (Pale-billed Flowerpecker);Egretta garzetta (Little Egret);Phalacrocorax carbo (Great Cormorant);Alcedo atthis (Common Kingfisher),inaturalist-2026-09
kasavanahalli-kunte1,1,0,1,1,2015-02-05,Graphium doson (Common Jay),inaturalist-2026-09
kasavanahalli-kunte2,4,3,2,3,2025-06-14,Thespesia populnea (Indian tulip tree);Cascabela thevetia (Be-still tree),inaturalist-2026-09
kasavanahalli-kunte3,0,0,0,0,,,inaturalist-2026-09
kasavanahalli-kunte4,1,1,1,1,2020-02-02,Psilopogon viridis (White-cheeked Barbet),inaturalist-2026-09
kasavanahalli-kunte5,2,2,2,1,2021-06-30,Motacilla maderaspatensis (White-browed Wagtail);Spilopelia chinensis (Spotted Dove),inaturalist-2026-09
katamnalluru-kere,2,0,1,1,2023-07-24,Allamanda schottii (Bush Allamanda),inaturalist-2026-09
katamnalluru-kunte1,0,0,0,0,,,inaturalist-2026-09
katamnalluru-kunte2,0,0,0,0,,,inaturalist-2026-09
kathriguppe-kunte-1,0,0,0,0,,,inaturalist-2026-09
kathriguppe-kunte-2,0,0,0,0,,,inaturalist-2026-09
kathriguppe-kunte-3,0,0,0,0,,,inaturalist-2026-09
kathriguppe-kunte-4,0,0,0,0,,,inaturalist-2026-09
katigenahalli-n,0,0,0,0,,,inaturalist-2026-09
kattalepalya-lake,0,0,0,0,,,inaturalist-2026-09
kattalepalya-lake-1,0,0,0,0,,,inaturalist-2026-09
kattigenahalli-lake,3,0,0,2,2026-07-25,,inaturalist-2026-09
kattigenahalli-lower,0,0,0,0,,,inaturalist-2026-09
kattihosahalli-lake,0,0,0,0,,,inaturalist-2026-09
kebbapalya-ne,0,0,0,0,,,inaturalist-2026-09
kebliganahalli-kere,0,0,0,0,,,inaturalist-2026-09
kelaginakere,25,22,21,2,2026-06-12,Prinia inornata (Plain Prinia);Acridotheres fuscus (Jungle Myna);Ardea coromanda (Eastern Cattle-Egret);Ardeola grayii (Indian Pond-Heron);Calotropis gigantea (crown flower);Cinnyris asiaticus (Purple Sunbird);Delonix regia (Flamboyant);Egretta garzetta (Little Egret);Euchrysops cnejus (Gram Blue);Fulica atra (Eurasian Coot),inaturalist-2026-09
kembathahali-kere,1,1,1,1,2025-05-24,Egretta garzetta (Little Egret),inaturalist-2026-09
kembathahali-kunte,0,0,0,0,,,inaturalist-2026-09
kembliganahalli-kere,0,0,0,0,,,inaturalist-2026-09
kemp-agrah-kunte-3,0,0,0,0,,,inaturalist-2026-09
kemp-agrah-kunte-5,0,0,0,0,,,inaturalist-2026-09
kemp-agrah-kunte-6,0,0,0,0,,,inaturalist-2026-09
kemp-agrah-kunte-7,19,9,9,1,2021-06-27,Milvus migrans (Black Kite);Cepora nerissa (Common Gull);Clitoria ternatea (Blue Pea);Funambulus palmarum (Three-striped Palm Squirrel);Leptocoma zeylonica (Purple-rumped Sunbird);Nerium oleander (oleander);Pycnonotus jocosus (Red-whiskered Bulbul);Zephyranthes candida (White rain-lily);Zephyranthes carinata (Rose Pink Zephyr Lily),inaturalist-2026-09
kemp-agrah-kunte-8,0,0,0,0,,,inaturalist-2026-09
kempadevanahalli-kere,0,0,0,0,,,inaturalist-2026-09
kempaguddanahalli-lake,0,0,0,0,,,inaturalist-2026-09
kempalinganahalli-kere,0,0,0,0,,,inaturalist-2026-09
kempambudhi-lake,82,79,31,7,2026-08-01,Ardeola grayii (Indian Pond-Heron);Milvus migrans (Black Kite);Anas poecilorhyncha (Indian Spot-billed Duck);Ardea cinerea (Grey Heron);Tachybaptus ruficollis (Little Grebe);Fulica atra (Eurasian Coot);Nycticorax nycticorax (Black-crowned Night Heron);Porphyrio poliocephalus (Gray-headed Swamphen);Ardea coromanda (Eastern Cattle-Egret);Halcyon smyrnensis (White-throated Kingfisher),inaturalist-2026-09
kempanahali-kunte,0,0,0,0,,,inaturalist-2026-09
kempanayanakere,13,3,6,3,2024-08-30,Calliandra surinamensis (Suriname stickpea);Daboia russelii (Russell's Viper);Lethe europa (Bamboo Treebrown);Messena sinuata (Ferguson squathopper);Podoscypha petalodes (Wine Glass Fungus);Sathrophyllia rugosa,inaturalist-2026-09
kempapura-agrahara-kere,0,0,0,0,,,inaturalist-2026-09
kempapura-agrahara-kunte-1,0,0,0,0,,,inaturalist-2026-09
kempapura-agrahara-kunte-10,0,0,0,0,,,inaturalist-2026-09
kempapura-agrahara-kunte-2,0,0,0,0,,,inaturalist-2026-09
kempapura-agrahara-kunte-9,0,0,0,0,,,inaturalist-2026-09
kempapura-kunte,0,0,0,0,,,inaturalist-2026-09
kempapura-kunte-1,0,0,0,0,,,inaturalist-2026-09
kempapura-kunte-2,0,0,0,0,,,inaturalist-2026-09
kempapura-lake,0,0,0,0,,,inaturalist-2026-09
kempaura-agrahara-lo-kere,0,0,0,0,,,inaturalist-2026-09
kempaura-agrahara-up-kere,0,0,0,0,,,inaturalist-2026-09
kempegowda-nagar-lake,0,0,0,0,,,inaturalist-2026-09
kempegowdanagar-lake-1,0,0,0,0,,,inaturalist-2026-09
kempohalli-lake,0,0,0,0,,,inaturalist-2026-09
kempu-vaderahalli-lake,1,1,1,1,2022-09-03,Schizocephala bicornis (Indian Grass Mantis),inaturalist-2026-09
kenchanapura-govt-lake,2,2,2,1,2024-06-09,Fowlea piscator (Chequered Keelback);Junonia lemonias (Lemon Pansy),inaturalist-2026-09
kenchanapura-kere,0,0,0,0,,,inaturalist-2026-09
kenchanapura-kunte1,0,0,0,0,,,inaturalist-2026-09
kenchanapura-kunte2,0,0,0,0,,,inaturalist-2026-09
kenchanapura-kunte3,0,0,0,0,,,inaturalist-2026-09
kenchinahalli-kere,0,0,0,0,,,inaturalist-2026-09
kengal-lake,0,0,0,0,,,inaturalist-2026-09
kengalkempohalli-kere,0,0,0,0,,,inaturalist-2026-09
kenganahalli-kere,0,0,0,0,,,inaturalist-2026-09
kengeri-1,53,22,24,5,2025-08-02,Eudocima phalonia (Common Fruit-piercing Moth);Terminalia arjuna (Arjun tree);Acacia auriculiformis (Earpod Wattle);Anas poecilorhyncha (Indian Spot-billed Duck);Apis dorsata (Giant Honey Bee);Bixa orellana (Lipsticktree);Coldenia procumbens;Cyana peregrina;Erebus hieroglyphica (White-barred Owl moth);Euploea core (Common Crow),inaturalist-2026-09
kengeri-2,35,24,26,13,2026-04-04,Ardea cinerea (Grey Heron);Anhinga melanogaster (Oriental Darter);Ardea purpurea (Purple Heron);Ardeola grayii (Indian Pond-Heron);Fulica atra (Eurasian Coot);Gallinula chloropus (Eurasian Moorhen);Holoptelea integrifolia (Indian elm);Matapa aria (Common Redeye);Merops orientalis (Asian Green Bee-eater);Milvus migrans (Black Kite),inaturalist-2026-09
kengeri-kunte-1,0,0,0,0,,,inaturalist-2026-09
kengeri-kunte-10,0,0,0,0,,,inaturalist-2026-09
kengeri-kunte-11,0,0,0,0,,,inaturalist-2026-09
kengeri-kunte-12,0,0,0,0,,,inaturalist-2026-09
kengeri-kunte-2,0,0,0,0,,,inaturalist-2026-09
kengeri-kunte-3,1,0,0,1,2022-05-26,,inaturalist-2026-09
kengeri-kunte-4,0,0,0,0,,,inaturalist-2026-09
kengeri-kunte-5,0,0,0,0,,,inaturalist-2026-09
kengeri-kunte-6,7,3,5,2,2026-06-28,Apis florea (Red Dwarf Honey Bee);Catopsilia pyranthe (Mottled Emigrant);Gigantometrus swammerdami (Giant Forest Scorpion);Runcinia insecta;Sesamum indicum (Sesame),inaturalist-2026-09
kengeri-kunte-7,0,0,0,0,,,inaturalist-2026-09
kengeri-kunte-8,1,0,0,1,2024-12-05,,inaturalist-2026-09
kengeri-kunte-9,0,0,0,0,,,inaturalist-2026-09
keregulladahalli-kunte,0,0,0,0,,,inaturalist-2026-09
kerekattiganuru-kere,0,0,0,0,,,inaturalist-2026-09
keremare-katte,0,0,0,0,,,inaturalist-2026-09
kethamaranahalli-kere-1,2,0,0,1,2024-11-05,,inaturalist-2026-09
kethamaranahalli-kere-2,1,0,0,1,2025-03-05,,inaturalist-2026-09
kethamaranahalli-kere-3,0,0,0,0,,,inaturalist-2026-09
kethamaranahalli-kere-4,15,4,5,3,2023-11-13,Armigeres subalbatus;Duttaphrynus melanostictus (Asian Common Toad);Elymnias caudata (Tailed Palmfly);Oecophylla smaragdina (Asian Weaver Ant);Papilio polytes (Common Mormon Swallowtail),inaturalist-2026-09
kethamaranahalli-kunte1,0,0,0,0,,,inaturalist-2026-09
kethamaranahalli-kunte2,0,0,0,0,,,inaturalist-2026-09
kethamaranahalli-kunte3,1,1,1,1,2016-02-15,Canis familiaris (Domestic Dog),inaturalist-2026-09
kethohalli-kunte,0,0,0,0,,,inaturalist-2026-09
ketohalli-kere,0,0,0,0,,,inaturalist-2026-09
ketohalli-kere-n,0,0,0,0,,,inaturalist-2026-09
ketohalli-kere-s,0,0,0,0,,,inaturalist-2026-09
khajisonnenahalli-kunte1,0,0,0,0,,,inaturalist-2026-09
khajisonnenahalli-kunte10,0,0,0,0,,,inaturalist-2026-09
khajisonnenahalli-kunte2,0,0,0,0,,,inaturalist-2026-09
khajisonnenahalli-kunte3,0,0,0,0,,,inaturalist-2026-09
khajisonnenahalli-kunte4,0,0,0,0,,,inaturalist-2026-09
khajisonnenahalli-kunte4-2,2,0,1,2,2026-08-09,Passiflora vesicaria (Orangefruit Passionflower),inaturalist-2026-09
khajisonnenahalli-kunte5,0,0,0,0,,,inaturalist-2026-09
khajisonnenahalli-kunte6,0,0,0,0,,,inaturalist-2026-09
khajisonnenahalli-kunte8,0,0,0,0,,,inaturalist-2026-09
khajisonnenahalli-kunte9,0,0,0,0,,,inaturalist-2026-09
kilaranahalli-lake,0,0,0,0,,,inaturalist-2026-09
kiribirana-hosahalli-kere,0,0,0,0,,,inaturalist-2026-09
kithaganuru-katte,0,0,0,0,,,inaturalist-2026-09
kithaganuru-kunte-1,0,0,0,0,,,inaturalist-2026-09
kithaganuru-kunte-2,0,0,0,0,,,inaturalist-2026-09
kithaganuru-kunte-3,0,0,0,0,,,inaturalist-2026-09
kithaganuru-kunte-4,0,0,0,0,,,inaturalist-2026-09
kithaganuru-kunte-5,0,0,0,0,,,inaturalist-2026-09
kithaganuru-kunte-6,0,0,0,0,,,inaturalist-2026-09
kittanahalli-kere,0,0,0,0,,,inaturalist-2026-09
kittanahallipalya-kere,0,0,0,0,,,inaturalist-2026-09
kittanahallipalya-lo-kere,0,0,0,0,,,inaturalist-2026-09
kitthaganuru-kere,0,0,0,0,,,inaturalist-2026-09
kittiganahalli-lake,4,2,3,1,2025-02-03,Ariadne merione (Common Castor Butterfly);Lepidium didymum (Lesser swine-cress);Prinia socialis (Ashy Prinia),inaturalist-2026-09
kodagi-singasandra-kere,9,5,5,3,2026-08-08,Fowlea piscator (Chequered Keelback);Neolamarckia cadamba (Burflower-tree);Porphyrio poliocephalus (Gray-headed Swamphen);Thunbergia erecta (Bush Thunbergia);Vanellus indicus (Red-wattled Lapwing),inaturalist-2026-09
kodagikere,1,1,1,1,2026-08-10,Acacia auriculiformis (Earpod Wattle),inaturalist-2026-09
kodagithirumalapura-kunte,0,0,0,0,,,inaturalist-2026-09
kodagithirumalpura-kere,0,0,0,0,,,inaturalist-2026-09
kodathi-kunte-17,0,0,0,0,,,inaturalist-2026-09
kodathi-kunte1,0,0,0,0,,,inaturalist-2026-09
kodathi-kunte10,0,0,0,0,,,inaturalist-2026-09
kodathi-kunte11,0,0,0,0,,,inaturalist-2026-09
kodathi-kunte12,1,1,1,1,2019-03-03,Calotes versicolor (Indian Garden Lizard),inaturalist-2026-09
kodathi-kunte13,0,0,0,0,,,inaturalist-2026-09
kodathi-kunte14,9,4,6,1,2025-06-12,Apis dorsata (Giant Honey Bee);Ariadne ariadne (Angled Castor);Belenois aurota (Pioneer White);Lantana montevidensis (creeping lantana);Papilio demoleus (Lime Swallowtail);Pycnonotus cafer (Red-vented Bulbul),inaturalist-2026-09
kodathi-kunte15,2,2,2,1,2025-06-05,Apis dorsata (Giant Honey Bee);Papilio demoleus (Lime Swallowtail),inaturalist-2026-09
kodathi-kunte16,3,2,2,3,2025-11-15,Bauhinia variegata (Orchid tree);Trithemis aurora (Crimson Marsh Glider),inaturalist-2026-09
kodathi-kunte2,0,0,0,0,,,inaturalist-2026-09
kodathi-kunte3,0,0,0,0,,,inaturalist-2026-09
kodathi-kunte4,0,0,0,0,,,inaturalist-2026-09
kodathi-kunte5,0,0,0,0,,,inaturalist-2026-09
kodathi-kunte6,0,0,0,0,,,inaturalist-2026-09
kodathi-kunte7,0,0,0,0,,,inaturalist-2026-09
kodathi-kunte8,0,0,0,0,,,inaturalist-2026-09
kodathi-kunte9,0,0,0,0,,,inaturalist-2026-09
kodatti-kere,0,0,0,0,,,inaturalist-2026-09
kodaturu-kere,3,0,0,1,2023-07-22,,inaturalist-2026-09
kodgibommanahalli-kere,0,0,0,0,,,inaturalist-2026-09
kodigehalli-kere,0,0,0,0,,,inaturalist-2026-09
kodigehalli-kere-2,0,0,0,0,,,inaturalist-2026-09
kodigehalli-kere-2-2,0,0,0,0,,,inaturalist-2026-09
kodigehalli-kunte,0,0,0,0,,,inaturalist-2026-09
kodigehalli-kunte-4,0,0,0,0,,,inaturalist-2026-09
kodigehalli-kunte1,52,31,32,15,2026-05-31,Castalius rosimon (Common Pierrot);Catopsilia pomona (Lemon Migrant);Eurema hecabe (Common Grass Yellow);Heterorhina elegans;Junonia lemonias (Lemon Pansy);Mycalesis mineus (Dark-branded Bushbrown);Acytolepis puspa (Common Hedge Blue);Ariadne merione (Common Castor Butterfly);Belenois aurota (Pioneer White);Chilades lajus (Lime Blue),inaturalist-2026-09
kodigehalli-kunte1-2,0,0,0,0,,,inaturalist-2026-09
kodigehalli-kunte2,0,0,0,0,,,inaturalist-2026-09
kodigehalli-kunte2-2,0,0,0,0,,,inaturalist-2026-09
kodigehalli-kunte3,2,0,0,1,2024-07-15,,inaturalist-2026-09
kodigehalli-kunte3-2,0,0,0,0,,,inaturalist-2026-09
kodigehalli-kunte4,0,0,0,0,,,inaturalist-2026-09
kodigehalli-lake,0,0,0,0,,,inaturalist-2026-09
kodigehalli-lake-2,0,0,0,0,,,inaturalist-2026-09
kodigehalli-plantation-kunte-1,45,24,29,20,2026-08-22,Ipomoea cairica (Mile-a-minute vine);Lagenaria siceraria (Calabash);Athene brama (Spotted Owlet);Belenois aurota (Pioneer White);Bixa orellana (Lipsticktree);Bungarus caeruleus (Common Krait);Calotropis gigantea (crown flower);Cardiospermum halicacabum (Lesser Balloon Vine);Centrosema pubescens (Sentro);Coelognathus helena (Trinket Snake),inaturalist-2026-09
kodigehalli-plantation-kunte-2,2,2,2,2,2024-05-13,Hemidactylus frenatus (Asian House Gecko);Hemidactylus whitakeri (Whitaker’s Termite Hill Gecko),inaturalist-2026-09
kodihalli-kere,0,0,0,0,,,inaturalist-2026-09
kodihalli-kere-2,1,1,1,1,2022-12-02,Neostylopyga rhombifolia (Harlequin Cockroach),inaturalist-2026-09
kodihalli-kere-3,8,4,5,4,2026-03-24,Euphorbia hirta (Asthma Plant);Lagerstroemia speciosa (Giant Crepe-myrtle);Mesembryanthemum cordifolium (heart-leaf ice plant);Oxalis corniculata (Creeping Woodsorrel);Samanea saman (Monkey pod tree),inaturalist-2026-09
kodihalli-kunte1,0,0,0,0,,,inaturalist-2026-09
kodihalli-kunte2,1,0,0,1,2022-02-11,,inaturalist-2026-09
kodipalya-kere,2,2,2,2,2025-07-20,Leptocoma zeylonica (Purple-rumped Sunbird);Motacilla maderaspatensis (White-browed Wagtail),inaturalist-2026-09
kodipura-lake,0,0,0,0,,,inaturalist-2026-09
kodlu-kunte-1,0,0,0,0,,,inaturalist-2026-09
kodlu-kunte-2,3,0,1,1,2026-01-19,Acheta domesticus (House Cricket),inaturalist-2026-09
kogilu-kere,82,46,39,12,2026-01-25,Ischnura senegalensis (Common Bluetail);Tholymis tillarga (Twister);Acrocephalus dumetorum (Blyth's Reed Warbler);Hirundo smithii (Wire-tailed Swallow);Lanius cristatus (Brown Shrike);Nephila pilipes (Giant Golden Orbweaver);Papilio demoleus (Lime Swallowtail);Rostratula benghalensis (Greater Painted-Snipe);Aegithina tiphia (Common Iora);Amaurornis phoenicurus (White-breasted Waterhen),inaturalist-2026-09
kogilu-kunte,0,0,0,0,,,inaturalist-2026-09
kolapurapalya-kere,0,0,0,0,,,inaturalist-2026-09
kolatur-kere,0,0,0,0,,,inaturalist-2026-09
kolipura-kere,0,0,0,0,,,inaturalist-2026-09
kollipaya-2r,0,0,0,0,,,inaturalist-2026-09
kolur-kere,0,0,0,0,,,inaturalist-2026-09
kolur-kere-2,0,0,0,0,,,inaturalist-2026-09
koluru-gururayanapura-kunte2,0,0,0,0,,,inaturalist-2026-09
koluru-gururayanapura-kunte3,0,0,0,0,,,inaturalist-2026-09
koluru-kunte-1,0,0,0,0,,,inaturalist-2026-09
koluru-kunte-2,0,0,0,0,,,inaturalist-2026-09
koluru-kunte-3,0,0,0,0,,,inaturalist-2026-09
koluru-kunte-4,0,0,0,0,,,inaturalist-2026-09
koluru-nanjunadapura-kunte,0,0,0,0,,,inaturalist-2026-09
koluvarayanahalli-lake,0,0,0,0,,,inaturalist-2026-09
komaranappali-south-lake,0,0,0,0,,,inaturalist-2026-09
kommaghatta-gokatte,0,0,0,0,,,inaturalist-2026-09
kommaghatta-govt-lake,750,527,203,21,2026-08-15,Ardea cinerea (Grey Heron);Spatula clypeata (Northern Shoveler);Fulica atra (Eurasian Coot);Phalacrocorax carbo (Great Cormorant);Tringa glareola (Wood Sandpiper);Tachybaptus ruficollis (Little Grebe);Ardeola grayii (Indian Pond-Heron);Metopidius indicus (Bronze-winged Jacana);Porphyrio poliocephalus (Gray-headed Swamphen);Anas poecilorhyncha (Indian Spot-billed Duck),inaturalist-2026-09
kommaghatta-katte,2,1,1,1,2026-08-09,Jatropha gossypiifolia (Bellyache Bush),inaturalist-2026-09
kommaghatta-krishnasagara-kunte1,0,0,0,0,,,inaturalist-2026-09
kommaghatta-kunte,1,1,1,1,2023-10-21,Hypolimnas misippus (Danaid Eggfly),inaturalist-2026-09
kommasandra-kere-1,0,0,0,0,,,inaturalist-2026-09
kommasandra-kunte-1,0,0,0,0,,,inaturalist-2026-09
kommasandra-kunte-2,0,0,0,0,,,inaturalist-2026-09
kommasandra-kunte-3,1,1,1,1,2023-09-24,Anhinga melanogaster (Oriental Darter),inaturalist-2026-09
kommasandra-kunte-4,0,0,0,0,,,inaturalist-2026-09
kommasandra-kunte-5,0,0,0,0,,,inaturalist-2026-09
kommasandra-kunte-6,0,0,0,0,,,inaturalist-2026-09
kommasandra-kunte-7,0,0,0,0,,,inaturalist-2026-09
kommasandra-kunte-8,0,0,0,0,,,inaturalist-2026-09
konadasapura-kunte-5,0,0,0,0,,,inaturalist-2026-09
konadasapura-kunte-6,0,0,0,0,,,inaturalist-2026-09
konadasapura-kunte1,0,0,0,0,,,inaturalist-2026-09
konadasapura-kunte2,0,0,0,0,,,inaturalist-2026-09
konadasapura-kunte3,1,1,1,1,2023-09-29,Lonchura punctulata (Scaly-breasted Munia),inaturalist-2026-09
konadasapura-kunte4,0,0,0,0,,,inaturalist-2026-09
konadaspur-lake,0,0,0,0,,,inaturalist-2026-09
konaghatta-kere,4,0,1,1,2025-04-05,Ardea cinerea (Grey Heron),inaturalist-2026-09
konana-kere,0,0,0,0,,,inaturalist-2026-09
konanakunte-kere,1,1,1,1,2026-02-02,Menemerus bivittatus (Gray Wall Jumping Spider),inaturalist-2026-09
konanakunte-kunte,1,0,1,1,2021-09-09,Neolamarckia cadamba (Burflower-tree),inaturalist-2026-09
konappana-agrahara-kunte-1,0,0,0,0,,,inaturalist-2026-09
konappana-agrahara-kunte-2,0,0,0,0,,,inaturalist-2026-09
konappana-agrahara-kunte-3,1,1,1,1,2016-12-04,Psammophilus dorsalis (Rock Dragon),inaturalist-2026-09
konappana-agrahara-kunte-4,0,0,0,0,,,inaturalist-2026-09
konappana-agrahara-kunte-5,0,0,0,0,,,inaturalist-2026-09
konappana-agrahara-kunte-6,2,1,1,2,2024-09-04,Belenois aurota (Pioneer White),inaturalist-2026-09
konappana-agrahara-kunte-7,4,4,4,2,2019-10-24,Bradinopyga geminata (Granite Ghost);Catopsilia pyranthe (Mottled Emigrant);Luthrodes pandava (Plains Cupid);Thunbergia coccinea (Scarlet clock vine),inaturalist-2026-09
konappana-agrahara-kunte-8,2,1,2,2,2025-09-02,Cnemaspis mysoriensis (Mysore Round-eyed Gecko);Hieraaetus pennatus (Booted Eagle),inaturalist-2026-09
konappana-agrahara-kunte-9,0,0,0,0,,,inaturalist-2026-09
konappana-agrahara-lake,0,0,0,0,,,inaturalist-2026-09
konasandra-lake,0,0,0,0,,,inaturalist-2026-09
konasandra-lake-2,0,0,0,0,,,inaturalist-2026-09
konashetty-kere,74,46,42,9,2026-04-12,Copsychus fulicatus (Indian Robin);Lanius schach (Long-tailed Shrike);Neptis hylas (Common Sailer);Oriolus kundoo (Indian Golden Oriole);Prinia socialis (Ashy Prinia);Psittacula krameri (Rose-ringed Parakeet);Pycnonotus cafer (Red-vented Bulbul);Sturnia malabarica (Chestnut-tailed Starling);Zizina otis (Lesser Grass Blue);Acridotheres tristis (Common Myna),inaturalist-2026-09
kondashettihalli-kunte,0,0,0,0,,,inaturalist-2026-09
kondrahalli-lake,0,0,0,0,,,inaturalist-2026-09
konena-agrahara-kere,5,0,1,2,2025-07-23,Agaeus tessellatus,inaturalist-2026-09
konenaagrahara-kunte1,0,0,0,0,,,inaturalist-2026-09
konenaagrahara-kunte2,0,0,0,0,,,inaturalist-2026-09
koppa-lake,39,24,20,1,2024-07-22,Amaurornis phoenicurus (White-breasted Waterhen);Ardea coromanda (Eastern Cattle-Egret);Ardea intermedia (Medium Egret);Halcyon smyrnensis (White-throated Kingfisher);Metopidius indicus (Bronze-winged Jacana);Acridotheres tristis (Common Myna);Anas poecilorhyncha (Indian Spot-billed Duck);Ardeola grayii (Indian Pond-Heron);Camponotus sericeus (Silky Sugar ant);Egretta garzetta (Little Egret),inaturalist-2026-09
koralahalli-kere,0,0,0,0,,,inaturalist-2026-09
koramangala-kere,4,1,2,4,2026-05-06,Coffea arabica (Coffee);Parthenium hysterophorus (Santa Maria feverfew),inaturalist-2026-09
koramangala-kere-2,0,0,0,0,,,inaturalist-2026-09
koramangala-kunte,0,0,0,0,,,inaturalist-2026-09
koratagere-kere,0,0,0,0,,,inaturalist-2026-09
kotanahalli-kere,0,0,0,0,,,inaturalist-2026-09
kothanaru-kere,26,15,16,6,2026-08-14,Halcyon smyrnensis (White-throated Kingfisher);Anaciaeschna jaspidea (Rusty Darner);Ardea coromanda (Eastern Cattle-Egret);Ceryle rudis (Pied Kingfisher);Danaus chrysippus (Plain Tiger Butterfly);Hirundo rustica (Barn Swallow);Ischnura senegalensis (Common Bluetail);Junonia lemonias (Lemon Pansy);Oecophylla smaragdina (Asian Weaver Ant);Orthotomus sutorius (Common Tailorbird),inaturalist-2026-09
kothanaru-kunte,0,0,0,0,,,inaturalist-2026-09
kothihosahalli-kunte1,2,1,1,2,2023-04-26,Thunbergia fragrans (Sweet clockvine),inaturalist-2026-09
kothnur-kunte1,0,0,0,0,,,inaturalist-2026-09
kothnur-kunte2,0,0,0,0,,,inaturalist-2026-09
kotiganahalli-kere,8,7,8,2,2026-04-15,Anax parthenope (Lesser Emperor);Apis dorsata (Giant Honey Bee);Ariophanta exilis (Two-Striated Ariophanta);Asianopleura octoguttata;Cinnyris asiaticus (Purple Sunbird);Diabolocatantops innotabilis;Samanea saman (Monkey pod tree);Stegodyphus sarasinorum (Indian Cooperative Spider),inaturalist-2026-09
kowdenahalli-kere,17,10,13,5,2025-07-03,Aristolochia gigantea (Brazilian Dutchman's Pipe);Calotropis gigantea (crown flower);Hypolimnas misippus (Danaid Eggfly);Labeo catla (Catla);Ocyceros birostris (Indian Grey Hornbill);Porphyrio poliocephalus (Gray-headed Swamphen);Pterocarpus rotundifolius (Round-leaved Bloodwood);Senna spectabilis (whitebark senna);Spirodela polyrhiza (greater duckweed);Tachybaptus ruficollis (Little Grebe),inaturalist-2026-09
kowdenahalli-kunte1,0,0,0,0,,,inaturalist-2026-09
kowdenahalli-kunte2,0,0,0,0,,,inaturalist-2026-09
krishnanadoddi-lake,0,0,0,0,,,inaturalist-2026-09
krishnapura-kere-ne,0,0,0,0,,,inaturalist-2026-09
krishnapura-kere-nw,0,0,0,0,,,inaturalist-2026-09
krishnaraja-puram-kere,0,0,0,0,,,inaturalist-2026-09
krishnaraja-puram-kere-2-newly-created,1,1,1,1,2025-07-04,Ocyceros birostris (Indian Grey Hornbill),inaturalist-2026-09
krishnaraja-puram-kunte,0,0,0,0,,,inaturalist-2026-09
krishnarajapura-karabu-katte,2,0,0,2,2025-01-04,,inaturalist-2026-09
krishnarajapura-kunte,3,1,2,2,2024-05-25,Danaus chrysippus (Plain Tiger Butterfly);Psammophilus dorsalis (Rock Dragon),inaturalist-2026-09
krishnarajapuram-kere,10,6,6,1,2024-02-18,Ardea coromanda (Eastern Cattle-Egret);Ardeola grayii (Indian Pond-Heron);Monomorium floricola (Flower Ant);Porphyrio poliocephalus (Gray-headed Swamphen);Solanum torvum (Turkey Berry);Threskiornis melanocephalus (Black-headed Ibis),inaturalist-2026-09
krishnasagara-kunte-newly-created,0,0,0,0,,,inaturalist-2026-09
krishnasagara-lake,0,0,0,0,,,inaturalist-2026-09
krishnasagara-lake-2,0,0,0,0,,,inaturalist-2026-09
krishnasagara-lake-3,0,0,0,0,,,inaturalist-2026-09
kudlu-chikere,10,10,1,1,2022-12-09,Fowlea piscator (Chequered Keelback),inaturalist-2026-09
kuduregere-kunte,0,0,0,0,,,inaturalist-2026-09
kukkalahalli-kere,0,0,0,0,,,inaturalist-2026-09
kukkalahalli-kere-1,0,0,0,0,,,inaturalist-2026-09
kukkalahalli-lake,0,0,0,0,,,inaturalist-2026-09
kukkalahalli-lake-2,0,0,0,0,,,inaturalist-2026-09
kukkanahalli-kere,0,0,0,0,,,inaturalist-2026-09
kukkonallipalya-lake,0,0,0,0,,,inaturalist-2026-09
kulaghatta,0,0,0,0,,,inaturalist-2026-09
kulavanahalli-kere,0,0,0,0,,,inaturalist-2026-09
kumbalagodu-gollahalli-kunte1,0,0,0,0,,,inaturalist-2026-09
kumbalagodu-gollahalli-kunte2,0,0,0,0,,,inaturalist-2026-09
kumbalagodu-gollahalli-kunte3,0,0,0,0,,,inaturalist-2026-09
kumbalagodu-kere,0,0,0,0,,,inaturalist-2026-09
kumbalagodu-kere-2,0,0,0,0,,,inaturalist-2026-09
kumbalagodu-kunte1,0,0,0,0,,,inaturalist-2026-09
kumbalagodu-kunte2,0,0,0,0,,,inaturalist-2026-09
kumbalagodu-kunte3,2,1,1,1,2021-07-21,Asclepias curassavica (tropical milkweed),inaturalist-2026-09
kumbalagodu-kunte4,0,0,0,0,,,inaturalist-2026-09
kumbalagodu-kunte5,0,0,0,0,,,inaturalist-2026-09
kumbalagodu-kunte6,0,0,0,0,,,inaturalist-2026-09
kumbalagodu-kunte7,0,0,0,0,,,inaturalist-2026-09
kumbalagodu-kunte8,0,0,0,0,,,inaturalist-2026-09
kumbarahalli-kere,0,0,0,0,,,inaturalist-2026-09
kumbarahalli-kere-2,2,1,1,1,2025-05-14,Muntingia calabura (calabur tree),inaturalist-2026-09
kumbarakere,9,5,7,2,2024-05-29,Ichnocarpus frutescens (Black creeper);Nymphaea rubra (Red water lily);Phyllanthus reticulatus (Potato-smell);Plumbago zeylanica (wild leadwort);Polyrhachis rastellata;Senna hirsuta (hairy senna);Solanum violaceum (Indian Nightshade),inaturalist-2026-09
kumbenaagrahara-kunte,0,0,0,0,,,inaturalist-2026-09
kun-madiwala-lake,0,0,0,0,,,inaturalist-2026-09
kundalahalli-kere,91,71,59,12,2026-08-12,Acrocephalus dumetorum (Blyth's Reed Warbler);Egretta garzetta (Little Egret);Leptocoma zeylonica (Purple-rumped Sunbird);Phalacrocorax carbo (Great Cormorant);Artamus fuscus (Ashy Woodswallow);Cinnyris asiaticus (Purple Sunbird);Dicaeum erythrorhynchos (Pale-billed Flowerpecker);Fulica atra (Eurasian Coot);Gallinula chloropus (Eurasian Moorhen);Tachybaptus ruficollis (Little Grebe),inaturalist-2026-09
kundarahalli-kunte1,0,0,0,0,,,inaturalist-2026-09
kuppareddy-kere,0,0,0,0,,,inaturalist-2026-09
kuppemala-kere,1,0,1,1,2025-03-03,Ypthima huebneri (Common Four-ring),inaturalist-2026-09
kurubalahalli-kere,0,0,0,0,,,inaturalist-2026-09
kurubarahalli-kere,0,0,0,0,,,inaturalist-2026-09
kurubarahalli-lake,0,0,0,0,,,inaturalist-2026-09
kurubarahalli-lake-1,0,0,0,0,,,inaturalist-2026-09
kurubarapalya-kere,0,0,0,0,,,inaturalist-2026-09
kurubarhalli-lake,0,0,0,0,,,inaturalist-2026-09
kuruvegere-kere,1,1,1,1,2025-06-01,Sturnia pagodarum (Brahminy Starling),inaturalist-2026-09
kuvempu-nagara-lake,0,0,0,0,,,inaturalist-2026-09
kuvempunagar-lake,0,0,0,0,,,inaturalist-2026-09
kyalasanahalli-govt-lake,4,4,4,3,2025-09-07,Apis cerana (Asian Honey Bee);Apis dorsata (Giant Honey Bee);Nelumbo nucifera (Sacred Lotus);Nephila pilipes (Giant Golden Orbweaver),inaturalist-2026-09
kyalasanahalli-lake,0,0,0,0,,,inaturalist-2026-09
lagamenahalli-lake,1,0,0,1,2020-11-08,,inaturalist-2026-09
laggere-kunte1,0,0,0,0,,,inaturalist-2026-09
laggere-kunte2,0,0,0,0,,,inaturalist-2026-09
laggere-kunte3,0,0,0,0,,,inaturalist-2026-09
laggere-kunte4,0,0,0,0,,,inaturalist-2026-09
laggere-kunte5,0,0,0,0,,,inaturalist-2026-09
laggeri-govt-katte,0,0,0,0,,,inaturalist-2026-09
laggeri-katte,0,0,0,0,,,inaturalist-2026-09
laggeri-lake,0,0,0,0,,,inaturalist-2026-09
lakkanapalya-lake,0,0,0,0,,,inaturalist-2026-09
lakkanapalya-lake-2,0,0,0,0,,,inaturalist-2026-09
lakkayanapalya-kere,0,0,0,0,,,inaturalist-2026-09
lakkayanapalya-kere-2,0,0,0,0,,,inaturalist-2026-09
lakkayanapalya-kere-3,0,0,0,0,,,inaturalist-2026-09
lakkenahalli-kere,0,0,0,0,,,inaturalist-2026-09
lakkenahalli-kere-2,0,0,0,0,,,inaturalist-2026-09
lakkenahalli-kere-3,0,0,0,0,,,inaturalist-2026-09
lakkenahalli-kunte-1,0,0,0,0,,,inaturalist-2026-09
lakkuru-lake,0,0,0,0,,,inaturalist-2026-09
lakshmipura-kere,0,0,0,0,,,inaturalist-2026-09
lakshmipura-kere-2,0,0,0,0,,,inaturalist-2026-09
lakshmipura-kunte,0,0,0,0,,,inaturalist-2026-09
lakshmipura-kunte1,0,0,0,0,,,inaturalist-2026-09
lakshmipura-kunte2,0,0,0,0,,,inaturalist-2026-09
lakshmipura-lake,5,5,5,4,2026-07-20,Bradinopyga geminata (Granite Ghost);Plegadis falcinellus (Glossy Ibis);Porphyrio poliocephalus (Gray-headed Swamphen);Solanum torvum (Turkey Berry);Tachybaptus ruficollis (Little Grebe),inaturalist-2026-09
lakshmipura-lake-2,5,2,4,1,2021-11-16,Cynodon dactylon (Bermuda grass);Distimake quinquefolius (Rock Rosemary);Fowlea piscator (Chequered Keelback);Senna tora (Sickle Senna),inaturalist-2026-09
lakshmisagar-a-kunte1,0,0,0,0,,,inaturalist-2026-09
lakshmisagar-a-kunte2,0,0,0,0,,,inaturalist-2026-09
lakshmisagara-kere,0,0,0,0,,,inaturalist-2026-09
lalagondanahalli-kere,0,0,0,0,,,inaturalist-2026-09
lalbagh-kere,1654,839,283,302,2026-08-29,Ardeola grayii (Indian Pond-Heron);Microcarbo niger (Little Cormorant);Probergrothius sanguinolens (Indian Red Bug);Porphyrio poliocephalus (Gray-headed Swamphen);Anas poecilorhyncha (Indian Spot-billed Duck);Egretta garzetta (Little Egret);Acridotheres tristis (Common Myna);Milvus migrans (Black Kite);Phalacrocorax carbo (Great Cormorant);Mycteria leucocephala (Painted Stork),inaturalist-2026-09
lingadeeranahalli-kunte,0,0,0,0,,,inaturalist-2026-09
lingadheeranahalli-karabu-katte,1,1,1,1,2022-08-19,Threskiornis melanocephalus (Black-headed Ibis),inaturalist-2026-09
lingadhiragollonahalli-kere,0,0,0,0,,,inaturalist-2026-09
linganahalli-kere,3,2,2,2,2025-01-21,Egretta garzetta (Little Egret);Vanellus indicus (Red-wattled Lapwing),inaturalist-2026-09
linganahalli-kunte-1,0,0,0,0,,,inaturalist-2026-09
linganahalli-kunte-2,0,0,0,0,,,inaturalist-2026-09
lingapura-lake,0,0,0,0,,,inaturalist-2026-09
lingapura-lake-2,0,0,0,0,,,inaturalist-2026-09
lingapura-lake-3,1,1,1,1,2020-12-19,Mycteria leucocephala (Painted Stork),inaturalist-2026-09
lingaraja-sagara-kunte-1,0,0,0,0,,,inaturalist-2026-09
lingaraja-sagara-kunte2,2,1,2,2,2023-05-10,Cecropis daurica (Eastern Red-rumped Swallow);Ptyas mucosa (Oriental Rat Snake),inaturalist-2026-09
lingarajapura-lake,9,4,5,7,2024-10-29,Ariadne merione (Common Castor Butterfly);Asparagus racemosus (Bottlebrush Asparagus);Diplacodes trivialis (Chalky Percher);Micronia aculeata (Grey Swallowtail Moth);Papilio demoleus (Lime Swallowtail),inaturalist-2026-09
lingarajapura-lake-1,0,0,0,0,,,inaturalist-2026-09
lingarajapura-lake-2,0,0,0,0,,,inaturalist-2026-09
lingdir-malasandra-lake,0,0,0,0,,,inaturalist-2026-09
lower-medhalli-kere,0,0,0,0,,,inaturalist-2026-09
machanahalli-kere,0,0,0,0,,,inaturalist-2026-09
machohalli-chikkere,0,0,0,0,,,inaturalist-2026-09
madagondanahalli-kere,0,0,0,0,,,inaturalist-2026-09
madapatna-lake,0,0,0,0,,,inaturalist-2026-09
madappanahalli-kunte-1,0,0,0,0,,,inaturalist-2026-09
madappanahalli-kunte-2,4,2,2,1,2025-09-14,Leptocentrus taurus (eggplant horned planthopper);Spalgis epius (Apefly),inaturalist-2026-09
madappanahalli-kunte-3,0,0,0,0,,,inaturalist-2026-09
madappanahalli-kunte-4,0,0,0,0,,,inaturalist-2026-09
madappanahalli-kunte-5,0,0,0,0,,,inaturalist-2026-09
madappanahalli-lake,0,0,0,0,,,inaturalist-2026-09
madappanahalli-lake-2,0,0,0,0,,,inaturalist-2026-09
madappanahalli-lake-2-2,0,0,0,0,,,inaturalist-2026-09
madavara-kere,2,1,1,2,2021-10-23,Echis carinatus (Saw-scaled Viper),inaturalist-2026-09
madenahalli-lake,0,0,0,0,,,inaturalist-2026-09
madhagar-kunte,0,0,0,0,,,inaturalist-2026-09
madhure-kere,152,91,81,21,2026-09-06,Diplacodes trivialis (Chalky Percher);Zizina otis (Lesser Grass Blue);Brachythemis contaminata (Ditch Jewel);Chromolaena odorata (Siam weed);Fejervarya limnocharis (Paddy Field Frog);Fowlea piscator (Chequered Keelback);Stegodyphus sarasinorum (Indian Cooperative Spider);Streptopelia tranquebarica (Red Collared-Dove);Ardea alba (Great Egret);Catopsilia pyranthe (Mottled Emigrant),inaturalist-2026-09
madivala-lake,0,0,0,0,,,inaturalist-2026-09
madivalam-lake,0,0,0,0,,,inaturalist-2026-09
madiwala-lake,624,367,210,59,2026-08-22,Brachythemis contaminata (Ditch Jewel);Ardea purpurea (Purple Heron);Porphyrio poliocephalus (Gray-headed Swamphen);Ardea cinerea (Grey Heron);Junonia lemonias (Lemon Pansy);Ardeola grayii (Indian Pond-Heron);Phalacrocorax carbo (Great Cormorant);Egretta garzetta (Little Egret);Jamides celeno (Common Cerulean);Anas poecilorhyncha (Indian Spot-billed Duck),inaturalist-2026-09
mahadeva-kodigehalli-lake,1,1,1,1,2019-09-22,Cylas formicarius (Sweet Potato Weevil),inaturalist-2026-09
mahadevanakodag-lake,19,12,11,8,2026-09-09,Brachythemis contaminata (Ditch Jewel);Junonia atlites (Grey Pansy);Pareronia hippia (Indian Wanderer);Cyprinus carpio (European Carp);Funambulus palmarum (Three-striped Palm Squirrel);Hypolimnas bolina (Great Eggfly);Jamides celeno (Common Cerulean);Orthetrum sabina (Slender Skimmer);Passiflora vesicaria (Orangefruit Passionflower);Rhyothemis variegata (Common Picture Wing),inaturalist-2026-09
mahadevapura-kere,12,2,4,4,2025-09-10,Eriovixia excelsa (Hump Back Araneid Spider);Erythrina crista-galli (Cockspur coral tree);Plumbago auriculata (blue plumbago);Probergrothius sanguinolens (Indian Red Bug),inaturalist-2026-09
mahalchouadenahalli-kere-n,0,0,0,0,,,inaturalist-2026-09
mahalchoudadenahalli-kere-e,0,0,0,0,,,inaturalist-2026-09
mahanthalingapura-lake,22,19,15,1,2025-01-14,Gallinula chloropus (Eurasian Moorhen);Lanius cristatus (Brown Shrike);Anas poecilorhyncha (Indian Spot-billed Duck);Dendrocygna javanica (Lesser Whistling-Duck);Motacilla maderaspatensis (White-browed Wagtail);Actitis hypoleucos (Common Sandpiper);Anhinga melanogaster (Oriental Darter);Ardeola grayii (Indian Pond-Heron);Egretta garzetta (Little Egret);Fulica atra (Eurasian Coot),inaturalist-2026-09
mahimanapalya-lake,0,0,0,0,,,inaturalist-2026-09
mahimpura-kere,0,0,0,0,,,inaturalist-2026-09
mailapura-kere,0,0,0,0,,,inaturalist-2026-09
mailasandra-kere,18,8,13,6,2026-08-26,Argiope anasuja (Signature Spider);Asystasia gangetica (Chinese violet);Cyrtophora citricola (Tropical Tent-web Spider);Eudocima phalonia (Common Fruit-piercing Moth);Fulica atra (Eurasian Coot);Ganoderma resinaceum;Leucauge fastigata (Orange-and-black Pear Spider);Ludwigia adscendens (Water-dragon);Pavo cristatus (Indian Peafowl);Plumbago zeylanica (wild leadwort),inaturalist-2026-09
maitanahalli-kere,0,0,0,0,,,inaturalist-2026-09
majarevaradahalli-kunte,2,1,1,2,2023-06-07,Catopsilia pyranthe (Mottled Emigrant),inaturalist-2026-09
makali-kere,0,0,0,0,,,inaturalist-2026-09
makanahalli-kere,0,0,0,0,,,inaturalist-2026-09
makanahalli-kere-s,0,0,0,0,,,inaturalist-2026-09
malagondanahalli-kere,0,0,0,0,,,inaturalist-2026-09
malgalu-kunte,1,0,0,1,2023-05-10,,inaturalist-2026-09
malgalu-lake,0,0,0,0,,,inaturalist-2026-09
maligenahalli-kere,1,1,1,1,2020-06-14,Lantana camara (common lantana),inaturalist-2026-09
maligondanahalli-kunte1,0,0,0,0,,,inaturalist-2026-09
maligondanahalli-kunte2,0,0,0,0,,,inaturalist-2026-09
mallammana-katte,0,0,0,0,,,inaturalist-2026-09
mallanayakanahalli-lake,0,0,0,0,,,inaturalist-2026-09
mallarabanavadi-kere,0,0,0,0,,,inaturalist-2026-09
mallarabanavadi-kere-2,1,0,0,1,2022-10-30,,inaturalist-2026-09
mallasandra-gudde-lake,0,0,0,0,,,inaturalist-2026-09
mallasandra-kunte1,0,0,0,0,,,inaturalist-2026-09
mallasandra-kunte1-2,1,0,0,1,2025-05-22,,inaturalist-2026-09
mallasandra-kunte2,0,0,0,0,,,inaturalist-2026-09
mallasandra-kunte2-2,0,0,0,0,,,inaturalist-2026-09
mallasandra-kunte3,0,0,0,0,,,inaturalist-2026-09
mallasandra-kunte4,0,0,0,0,,,inaturalist-2026-09
mallasandra-lake,0,0,0,0,,,inaturalist-2026-09
mallasandra-lake-2,0,0,0,0,,,inaturalist-2026-09
mallathahalli-kunte1,0,0,0,0,,,inaturalist-2026-09
mallathahalli-kunte2,0,0,0,0,,,inaturalist-2026-09
mallathahalli-kunte3,0,0,0,0,,,inaturalist-2026-09
mallathahalli-kunte4,0,0,0,0,,,inaturalist-2026-09
mallathahalli-kunte5,570,284,222,34,2026-06-21,Euthalia nais (Baronet);Cigaritis vulcanus (Common Silverline);Danaus chrysippus (Plain Tiger Butterfly);Prosotas dubiosa (Tailless Lineblue);Acraea terpsicore (Tawny Coster);Catopsilia pomona (Lemon Migrant);Chilades parrhasius (Small Cupid);Hyllus semicupreus (Heavy-bodied Jumper);Oriolus kundoo (Indian Golden Oriole);Junonia hierta (Yellow Pansy),inaturalist-2026-09
mallathahalli-kunte6,1,1,1,1,2023-09-24,Junonia lemonias (Lemon Pansy),inaturalist-2026-09
mallathahalli-lake,438,215,138,7,2026-06-24,Herennia multipuncta (Ornamental Tree Trunk Spider);Tringa glareola (Wood Sandpiper);Mycteria leucocephala (Painted Stork);Telamonia dimidiata (Two-striped Telamonia);Thomisus projectus;Ardea cinerea (Grey Heron);Danaus chrysippus (Plain Tiger Butterfly);Hierodula tenuidentata;Himantopus himantopus (Black-winged Stilt);Myrmaplata plataleoides (Red Weaver Ant-mimicking Spider),inaturalist-2026-09
mallenahalli-lake,0,0,0,0,,,inaturalist-2026-09
mallikere,0,0,0,0,,,inaturalist-2026-09
mallipalya-lake,0,0,0,0,,,inaturalist-2026-09
mallohalli-kere,0,0,0,0,,,inaturalist-2026-09
mallonalli-lake,0,0,0,0,,,inaturalist-2026-09
malluru-kunte,0,0,0,0,,,inaturalist-2026-09
managondanahalli-kere,0,0,0,0,,,inaturalist-2026-09
manchanha-left,0,0,0,0,,,inaturalist-2026-09
manchenahalli-kere,0,0,0,0,,,inaturalist-2026-09
mande-katte-newly-created,0,0,0,0,,,inaturalist-2026-09
manganahalli-lake,2,2,2,2,2023-06-17,Ceriagrion coromandelianum (Coromandel Marsh Dart);Haliastur indus (Brahminy Kite),inaturalist-2026-09
manne-kere,0,0,0,0,,,inaturalist-2026-09
mantakurchi-kere,0,0,0,0,,,inaturalist-2026-09
mantakurchi-low-kere,0,0,0,0,,,inaturalist-2026-09
mantapa-kunte,0,0,0,0,,,inaturalist-2026-09
maragondanahalli-govt-lake,0,0,0,0,,,inaturalist-2026-09
maragondanahalli-kere,24,21,16,2,2025-05-29,Danaus chrysippus (Plain Tiger Butterfly);Jamides celeno (Common Cerulean);Prinia socialis (Ashy Prinia);Ardeola grayii (Indian Pond-Heron);Catopsilia pyranthe (Mottled Emigrant);Eurema hecabe (Common Grass Yellow);Fulica atra (Eurasian Coot);Halcyon smyrnensis (White-throated Kingfisher);Junonia hierta (Yellow Pansy);Leptocoma zeylonica (Purple-rumped Sunbird),inaturalist-2026-09
maragondanahalli-krishnasagara-lake,0,0,0,0,,,inaturalist-2026-09
maragondanahalli-kunte,0,0,0,0,,,inaturalist-2026-09
maragondanahalli-lak,0,0,0,0,,,inaturalist-2026-09
maragondanahalli-quarry,0,0,0,0,,,inaturalist-2026-09
maralajunte-lake,0,0,0,0,,,inaturalist-2026-09
marappanahalli-lake,0,0,0,0,,,inaturalist-2026-09
marasandhalli-lake-1,0,0,0,0,,,inaturalist-2026-09
marasandhalli-lake-2,0,0,0,0,,,inaturalist-2026-09
marasandra-lake,4,4,4,2,2025-03-16,Clitoria ternatea (Blue Pea);Lantana camara (common lantana);Phalacrocorax fuscicollis (Indian Cormorant);Zephyranthes candida (White rain-lily),inaturalist-2026-09
marasur-lake,1,0,0,1,2025-10-12,,inaturalist-2026-09
marenahalli-chokkanahalli-kunte-new,0,0,0,0,,,inaturalist-2026-09
marenahalli-kere,0,0,0,0,,,inaturalist-2026-09
marenahalli-kere-2,2,0,1,1,2020-04-17,Conogethes punctiferalis (Yellow Peach Moth),inaturalist-2026-09
marenahalli-kunte-1,0,0,0,0,,,inaturalist-2026-09
marenahalli-kunte-2,0,0,0,0,,,inaturalist-2026-09
marenahalli-kunte-3,0,0,0,0,,,inaturalist-2026-09
margondanahalli-kere,0,0,0,0,,,inaturalist-2026-09
marimakanaha-lake,0,0,0,0,,,inaturalist-2026-09
marohalli-kere,6,4,4,2,2024-01-21,Croton bonplandianus (Bonpland's croton);Foeniculum vulgare (fennel);Macroptilium atropurpureum (Purple Bush-Bean);Tirumala limniace (Blue Tiger),inaturalist-2026-09
mastenahalli-lake,1,1,1,1,2025-11-14,Bactrocera cucurbitae (Melon Fly),inaturalist-2026-09
matadakere,0,0,0,0,,,inaturalist-2026-09
mathkuru-kere,0,0,0,0,,,inaturalist-2026-09
mavalipura-kere-1,1,1,1,1,2021-12-18,Agriocnemis pygmaea (Wandering Midget),inaturalist-2026-09
mavalipura-kere-2,8,8,8,1,2022-03-16,Ardeola grayii (Indian Pond-Heron);Argiope anasuja (Signature Spider);Cepora nerissa (Common Gull);Cinnyris asiaticus (Purple Sunbird);Leptocoma zeylonica (Purple-rumped Sunbird);Leptosia nina (Psyche);Pareronia hippia (Indian Wanderer);Zosterops palpebrosus (Indian White-eye),inaturalist-2026-09
mavalipura-kere-2-newly-created,0,0,0,0,,,inaturalist-2026-09
mavalipura-kere-4,1,1,1,1,2026-06-05,Erythroxylum monogynum (Deccan Coca),inaturalist-2026-09
mavallipura-kere-se,0,0,0,0,,,inaturalist-2026-09
mavallipura-kunte-2,0,0,0,0,,,inaturalist-2026-09
mavallipura-kunte-3,0,0,0,0,,,inaturalist-2026-09
mavinakunte-lake-2,0,0,0,0,,,inaturalist-2026-09
mayasandra,0,0,0,0,,,inaturalist-2026-09
mayasandra-east-lake,0,0,0,0,,,inaturalist-2026-09
mayasandra-kere,0,0,0,0,,,inaturalist-2026-09
medhalli-kere,0,0,0,0,,,inaturalist-2026-09
medhalli-lake,0,0,0,0,,,inaturalist-2026-09
medi-agrahara-kere,0,0,0,0,,,inaturalist-2026-09
medi-agrahara-s,1,0,0,1,2025-03-24,,inaturalist-2026-09
medihalli-kere,0,0,0,0,,,inaturalist-2026-09
medihalli-kunte1,0,0,0,0,,,inaturalist-2026-09
medihalli-kunte2,0,0,0,0,,,inaturalist-2026-09
medihalli-kunte3,0,0,0,0,,,inaturalist-2026-09
medihalli-kunte4,0,0,0,0,,,inaturalist-2026-09
medihalli-lake,0,0,0,0,,,inaturalist-2026-09
medimalasandra-kere,0,0,0,0,,,inaturalist-2026-09
medimalsandra-lake,0,0,0,0,,,inaturalist-2026-09
medimalsandra-lake-2,0,0,0,0,,,inaturalist-2026-09
melangavimath-lake,0,0,0,0,,,inaturalist-2026-09
melinakere,389,330,134,18,2026-07-04,Merops orientalis (Asian Green Bee-eater);Terpsiphone paradisi (Indian Paradise-Flycatcher);Milvus migrans (Black Kite);Saxicola caprata (Pied Bushchat);Tachyspiza badia (Shikra);Dicrurus macrocercus (Black Drongo);Haliastur indus (Brahminy Kite);Mycteria leucocephala (Painted Stork);Pastor roseus (Rosy Starling);Pavo cristatus (Indian Peafowl),inaturalist-2026-09
melinakere-2,0,0,0,0,,,inaturalist-2026-09
melinatota-kere,1,1,1,1,2024-12-13,Syntomoides imaon (Handmaiden moth),inaturalist-2026-09
menasi-lake,2,2,2,1,2026-07-17,Dendrocygna javanica (Lesser Whistling-Duck);Tringa ochropus (Green Sandpiper),inaturalist-2026-09
menasiganahalli-lake,0,0,0,0,,,inaturalist-2026-09
mestripalya-lake,117,80,70,20,2026-08-22,Ficus benghalensis (Indian banyan);Halcyon smyrnensis (White-throated Kingfisher);Ipomoea cairica (Mile-a-minute vine);Papilio polytes (Common Mormon Swallowtail);Parthenium hysterophorus (Santa Maria feverfew);Ardea alba (Great Egret);Calotropis gigantea (crown flower);Camponotus compressus (Indian Black Ant);Chiasmia emersaria;Coccinella transversalis (Small Transverse Ladybird Beetle),inaturalist-2026-09
mettubande-lake,0,0,0,0,,,inaturalist-2026-09
minnapura-kere,0,0,0,0,,,inaturalist-2026-09
mishiganahalli-kere,0,0,0,0,,,inaturalist-2026-09
moge-kere,42,29,23,7,2026-04-04,Ardeola grayii (Indian Pond-Heron);Nycticorax nycticorax (Black-crowned Night Heron);Halcyon smyrnensis (White-throated Kingfisher);Ardea cinerea (Grey Heron);Egretta garzetta (Little Egret);Acridotheres tristis (Common Myna);Brachythemis contaminata (Ditch Jewel);Dirinaria applanata (Dirinaria Lichen);Eudynamys scolopaceus (Asian Koel);Himantopus himantopus (Black-winged Stilt),inaturalist-2026-09
moogana-katte,0,0,0,0,,,inaturalist-2026-09
muddenahalli-lake,103,89,80,17,2026-08-16,Tirumala septentrionis (Dark Blue Tiger);Zizina otis (Lesser Grass Blue);Amandava amandava (Red Avadavat);Calotropis gigantea (crown flower);Danaus chrysippus (Plain Tiger Butterfly);Euploea core (Common Crow);Himantopus himantopus (Black-winged Stilt);Pachliopta hector (Crimson Rose);Platalea leucorodia (Eurasian Spoonbill);Ploceus philippinus (Baya Weaver),inaturalist-2026-09
muddenahallipalya-lake,0,0,0,0,,,inaturalist-2026-09
muddinapalya-lake,0,0,0,0,,,inaturalist-2026-09
mudukappana-katte-newly-created,0,0,0,0,,,inaturalist-2026-09
mugalur-kere-nw,82,39,57,3,2025-12-16,Acacia auriculiformis (Earpod Wattle);Anhinga melanogaster (Oriental Darter);Ardeola grayii (Indian Pond-Heron);Herennia multipuncta (Ornamental Tree Trunk Spider);Pernis ptilorhynchus (Oriental Honey-buzzard);Saxicola caprata (Pied Bushchat);Zizina otis (Lesser Grass Blue);Acmella uliginosa (marsh para cress);Alternanthera ficoidea (sanguinaria);Alysicarpus vaginalis (White Moneywort),inaturalist-2026-09
muganahalli-kere,0,0,0,0,,,inaturalist-2026-09
mugbal-kere,0,0,0,0,,,inaturalist-2026-09
mullur-lake,0,0,0,0,,,inaturalist-2026-09
mulluru-kere,162,129,100,12,2026-08-25,Fulica atra (Eurasian Coot);Calotes versicolor (Indian Garden Lizard);Porphyrio poliocephalus (Gray-headed Swamphen);Cecropis daurica (Eastern Red-rumped Swallow);Fowlea piscator (Chequered Keelback);Leptocoma zeylonica (Purple-rumped Sunbird);Merops orientalis (Asian Green Bee-eater);Prinia socialis (Ashy Prinia);Pycnonotus cafer (Red-vented Bulbul);Ypthima huebneri (Common Four-ring),inaturalist-2026-09
mummenahalli-lake,0,0,0,0,,,inaturalist-2026-09
munekolalu-kunte1,3,2,3,1,2023-08-06,Achaea janata (Castor Semi-looper);Dysgonia algira (The Passenger);Psilogramma increta (Plain grey hawkmoth),inaturalist-2026-09
munekolalu-kunte2,0,0,0,0,,,inaturalist-2026-09
munekolalu-kunte3,0,0,0,0,,,inaturalist-2026-09
munekolalu-kunte4,0,0,0,0,,,inaturalist-2026-09
munganahalli-up-kere,0,0,0,0,,,inaturalist-2026-09
muppatu-kavalu-hosa-kere,16,16,15,1,2025-12-27,Acrocephalus dumetorum (Blyth's Reed Warbler);Alcedo atthis (Common Kingfisher);Anthus trivialis (Tree Pipit);Argya affinis (Yellow-billed Babbler);Corvus macrorhynchos (Large-billed Crow);Dendrocitta vagabunda (Rufous Treepie);Halcyon smyrnensis (White-throated Kingfisher);Haliastur indus (Brahminy Kite);Leptocoma zeylonica (Purple-rumped Sunbird);Lonchura striata (White-rumped Munia),inaturalist-2026-09
muppatu-kavalu-sakari,100,87,52,11,2025-12-27,Ploceus philippinus (Baya Weaver);Castalius rosimon (Common Pierrot);Pavo cristatus (Indian Peafowl);Trithemis aurora (Crimson Marsh Glider);Anastomus oscitans (Asian Openbill);Ardea purpurea (Purple Heron);Centropus sinensis (Greater Coucal);Disparoneura quadrimaculata (Black-winged Bambootail);Eudynamys scolopaceus (Asian Koel);Haliastur indus (Brahminy Kite),inaturalist-2026-09
mutagadahalli-lake,0,0,0,0,,,inaturalist-2026-09
muthakarahalli-kunte-2,0,0,0,0,,,inaturalist-2026-09
muthakarahalli-kunte-3,0,0,0,0,,,inaturalist-2026-09
muthukadhahalli-muthakarahalli-kunte-1,0,0,0,0,,,inaturalist-2026-09
mutsandra-lake,495,144,232,2,2026-07-31,Euchrysops cnejus (Gram Blue);Calotropis gigantea (crown flower);Phyllanthus reticulatus (Potato-smell);Malvastrum coromandelianum (three-lobe false mallow);Abutilon hirtum (Florida Keys Indian mallow);Amandava amandava (Red Avadavat);Croton bonplandianus (Bonpland's croton);Mimosa pudica (Sensitive Plant);Passiflora foetida (Stinking Passionflower);Sida spinosa (prickly fanpetals),inaturalist-2026-09
mutsandra-lake-2,0,0,0,0,,,inaturalist-2026-09
muttagatti-north-lake,0,0,0,0,,,inaturalist-2026-09
muttagatti-south-lake,0,0,0,0,,,inaturalist-2026-09
muttanallur-kere,2579,1895,457,65,2026-08-28,Colotis amata (Small Salmon Arab);Ploceus philippinus (Baya Weaver);Saxicola caprata (Pied Bushchat);Dicrurus macrocercus (Black Drongo);Ceriagrion coromandelianum (Coromandel Marsh Dart);Spilopelia chinensis (Spotted Dove);Athene brama (Spotted Owlet);Onychargia atrocyana (Marsh Dancer);Haliastur indus (Brahminy Kite);Ypthima huebneri (Common Four-ring),inaturalist-2026-09
muttayyanapalya-lake,0,0,0,0,,,inaturalist-2026-09
mutturayappan-a-katte,0,0,0,0,,,inaturalist-2026-09
mutturu-kere,0,0,0,0,,,inaturalist-2026-09
mylappanahalli-kere-1,0,0,0,0,,,inaturalist-2026-09
mylappanahalli-kere-2,7,2,3,4,2024-09-18,Andrographis serpyllifolia;Embelia viridiflora;Rostellularia vahliana (Indian justicia),inaturalist-2026-09
mylasandra-buddagana-katte,0,0,0,0,,,inaturalist-2026-09
mylasandra-dodda-agrahara-kere,0,0,0,0,,,inaturalist-2026-09
mylasandra-hosakere,1,0,1,1,2025-08-29,Vachellia farnesiana (Sweet acacia),inaturalist-2026-09
mylasandra-kunte,0,0,0,0,,,inaturalist-2026-09
mylasandra-kunte-2,0,0,0,0,,,inaturalist-2026-09
mylasandra-urumundinakere,0,0,0,0,,,inaturalist-2026-09
mysorammanadoddi-lake,3,2,2,1,2023-02-12,Coccinella transversalis (Small Transverse Ladybird Beetle);Mus musculus (House Mouse),inaturalist-2026-09
n-hosahalli-lake,0,0,0,0,,,inaturalist-2026-09
nadagudi-kere,0,0,0,0,,,inaturalist-2026-09
naduvinapur-lake,0,0,0,0,,,inaturalist-2026-09
nadvatti-kere-s,0,0,0,0,,,inaturalist-2026-09
nadvatti-lake,0,0,0,0,,,inaturalist-2026-09
nagadenahalli-kere,1,0,1,1,2026-01-16,Solanum violaceum (Indian Nightshade),inaturalist-2026-09
nagadevanahalli-katte,0,0,0,0,,,inaturalist-2026-09
nagana-kere,3,0,0,1,2026-04-11,,inaturalist-2026-09
naganahalli-lake,0,0,0,0,,,inaturalist-2026-09
naganathapura-kunte1,0,0,0,0,,,inaturalist-2026-09
naganayakanahalli-lake,0,0,0,0,,,inaturalist-2026-09
naganhalli-lake,0,0,0,0,,,inaturalist-2026-09
nagarabhavi-kunte-1,0,0,0,0,,,inaturalist-2026-09
nagarabhavi-kunte-2,1,1,1,1,2025-06-21,Euthalia aconthea (Common Baron),inaturalist-2026-09
nagarabhavi-kunte-3,0,0,0,0,,,inaturalist-2026-09
nagarabhavi-kunte-4,0,0,0,0,,,inaturalist-2026-09
nagarabhavi-un-named-lake-on-map,0,0,0,0,,,inaturalist-2026-09
nagareshvara-nagenahalli-kere,2,1,1,2,2026-07-11,Indotyphlops braminus (Brahminy Blindsnake),inaturalist-2026-09
nagareswaranagenahalli,0,0,0,0,,,inaturalist-2026-09
nagashettyhalli-kunte-1,1,0,0,1,2025-09-24,,inaturalist-2026-09
nagashettyhalli-kunte-2,0,0,0,0,,,inaturalist-2026-09
nagashettyhalli-kunte-3,1,0,0,1,2021-06-22,,inaturalist-2026-09
nagawara-kunte,0,0,0,0,,,inaturalist-2026-09
nagawara-lake,19,13,14,6,2025-12-17,Ardeola grayii (Indian Pond-Heron);Acridotheres tristis (Common Myna);Alcedo atthis (Common Kingfisher);Ardea coromanda (Eastern Cattle-Egret);Benincasa hispida (Winter Melon);Ceriagrion coromandelianum (Coromandel Marsh Dart);Eurybrachys tomentosus;Halcyon smyrnensis (White-throated Kingfisher);Haliastur indus (Brahminy Kite);Jamides celeno (Common Cerulean),inaturalist-2026-09
nagenahalli-kere,0,0,0,0,,,inaturalist-2026-09
nagondanahalli-kunte,0,0,0,0,,,inaturalist-2026-09
nallurahallikere,38,29,28,11,2026-07-16,Mycteria leucocephala (Painted Stork);Ocyceros birostris (Indian Grey Hornbill);Psittacula krameri (Rose-ringed Parakeet);Acridotheres tristis (Common Myna);Anas poecilorhyncha (Indian Spot-billed Duck);Ardea cinerea (Grey Heron);Ardea purpurea (Purple Heron);Ardeola grayii (Indian Pond-Heron);Athene brama (Spotted Owlet);Cecropis daurica (Eastern Red-rumped Swallow),inaturalist-2026-09
nallurahallin-kunte1,0,0,0,0,,,inaturalist-2026-09
nallurahallin-kunte2,0,0,0,0,,,inaturalist-2026-09
nallurhalli-lake,0,0,0,0,,,inaturalist-2026-09
nandagokulanagar-kere,0,0,0,0,,,inaturalist-2026-09
nandagudi-kere-s,0,0,0,0,,,inaturalist-2026-09
nanjapura-kunte,0,0,0,0,,,inaturalist-2026-09
nanjapura-lake,0,0,0,0,,,inaturalist-2026-09
naraganahalli-lake,0,0,0,0,,,inaturalist-2026-09
narasapana-kere,1,1,1,1,2021-07-29,Psittacula krameri (Rose-ringed Parakeet),inaturalist-2026-09
narasapanakere,15,11,14,1,2021-03-28,Boerhavia diffusa (Wineflower);Cadaba fruticosa;Colotis aurora (Plain Orange-tip);Fulica atra (Eurasian Coot);Halcyon smyrnensis (White-throated Kingfisher);Holoptelea integrifolia (Indian elm);Nymphaea pubescens (Hairy water-lily);Ocyceros birostris (Indian Grey Hornbill);Ortygornis pondicerianus (Grey Francolin);Plocealauda affinis (Jerdon's Bushlark),inaturalist-2026-09
narasappanahalli-kere,0,0,0,0,,,inaturalist-2026-09
narasimhapalya-kere,0,0,0,0,,,inaturalist-2026-09
narasipura-kunte-1,0,0,0,0,,,inaturalist-2026-09
narasipura-kunte-2,0,0,0,0,,,inaturalist-2026-09
narasipura-lake,0,0,0,0,,,inaturalist-2026-09
narasipura-lake-1,35,26,28,9,2026-07-18,Amaurornis phoenicurus (White-breasted Waterhen);Microcarbo niger (Little Cormorant);Vanellus indicus (Red-wattled Lapwing);Acacia auriculiformis (Earpod Wattle);Anhinga melanogaster (Oriental Darter);Ardea cinerea (Grey Heron);Ardea intermedia (Medium Egret);Ardea purpurea (Purple Heron);Ardeola grayii (Indian Pond-Heron);Dicrurus aeneus (Bronzed Drongo),inaturalist-2026-09
narasipura-lake-2,2,1,1,2,2022-11-21,Porphyrio poliocephalus (Gray-headed Swamphen),inaturalist-2026-09
narayanapura-lake,0,0,0,0,,,inaturalist-2026-09
narayankere-lake,601,185,280,1,2026-08-23,Brachythemis contaminata (Ditch Jewel);Mesosphaerum suaveolens (Wide Spikenard);Canthium coromandelicum (coromandel boxwood);Pergularia daemia (Trellis-vine);Psammophilus dorsalis (Rock Dragon);Scolia binotata;Flueggea leucopyrus (Indian snowberry);Apis cerana (Asian Honey Bee);Capparis zeylanica (Indian caper);Indigofera linnaei (Birdsville Indigo),inaturalist-2026-09
nayanahalli-lake,0,0,0,0,,,inaturalist-2026-09
nayandanahalli-kere,0,0,0,0,,,inaturalist-2026-09
neelasandra-kere,1,1,1,1,2018-07-21,Nepita conferta (Footman moth),inaturalist-2026-09
nekkundi-dommasandra-kunte-1,0,0,0,0,,,inaturalist-2026-09
nekkundi-dommasandra-kunte-2,0,0,0,0,,,inaturalist-2026-09
nekkundi-dommasandra-sarkari-karabu-kere,0,0,0,0,,,inaturalist-2026-09
nelagadiranahalli-hosakere,0,0,0,0,,,inaturalist-2026-09
nelagadiranahalli-kunte,0,0,0,0,,,inaturalist-2026-09
nelagadiranahalli-lake,0,0,0,0,,,inaturalist-2026-09
nelaguli-lake,5,5,5,1,2023-12-09,Anthus rufulus (Paddyfield Pipit);Ardea purpurea (Purple Heron);Dicrurus macrocercus (Black Drongo);Halcyon smyrnensis (White-throated Kingfisher);Mycteria leucocephala (Painted Stork),inaturalist-2026-09
nelamangala-big-kere,0,0,0,0,,,inaturalist-2026-09
nelamangala-kere,0,0,0,0,,,inaturalist-2026-09
nelavagilu-lake,0,0,0,0,,,inaturalist-2026-09
nellakunte-kere,0,0,0,0,,,inaturalist-2026-09
neriga-lake,0,0,0,0,,,inaturalist-2026-09
nidigatte-kere,0,0,0,0,,,inaturalist-2026-09
nidvanda-kere,0,0,0,0,,,inaturalist-2026-09
nijagal-lake,0,0,0,0,,,inaturalist-2026-09
nijagal-lake-2,0,0,0,0,,,inaturalist-2026-09
nijagal-lake1,5,3,3,1,2024-10-06,Alangium salviifolium (Sage Leaved Alangium);Albizia amara (Krishna Siris);Leonotis nepetifolia (lion's ear),inaturalist-2026-09
nimbekaipura-katte,0,0,0,0,,,inaturalist-2026-09
nimbekaipura-kunte-1,0,0,0,0,,,inaturalist-2026-09
nimbekaipura-kunte-2,0,0,0,0,,,inaturalist-2026-09
nimbekaipura-kunte-3,13,5,8,1,2024-08-17,Cheilomenes sexmaculata (Six-spotted Zigzag Ladybird);Cinnyris asiaticus (Purple Sunbird);Coccinella transversalis (Small Transverse Ladybird Beetle);Cordia sebestena (Scarlet Cordia);Mentha spicata (spearmint);Orvasca subnotata;Pseudozizeeria maha (Pale Grass Blue);Talicada nyseus (Red Pierrot),inaturalist-2026-09
nimbekayipura-kere,75,46,42,8,2026-09-02,Fowlea piscator (Chequered Keelback);Ardea coromanda (Eastern Cattle-Egret);Dicrurus macrocercus (Black Drongo);Actitis hypoleucos (Common Sandpiper);Anas poecilorhyncha (Indian Spot-billed Duck);Ardeola grayii (Indian Pond-Heron);Passiflora vesicaria (Orangefruit Passionflower);Psammophilus dorsalis (Rock Dragon);Alternanthera ficoidea (sanguinaria);Anthus rufulus (Paddyfield Pipit),inaturalist-2026-09
nosenuru-gollahalli-lake,1,1,1,1,2024-09-28,Athene brama (Spotted Owlet),inaturalist-2026-09
nosenuru-gollahalli-lake-2,0,0,0,0,,,inaturalist-2026-09
nosenuru-gollahalli2-lake,0,0,0,0,,,inaturalist-2026-09
nosenuru-lake,207,178,98,5,2025-11-27,Mycteria leucocephala (Painted Stork);Alcedo atthis (Common Kingfisher);Ardea cinerea (Grey Heron);Anhinga melanogaster (Oriental Darter);Ceryle rudis (Pied Kingfisher);Egretta garzetta (Little Egret);Phalacrocorax carbo (Great Cormorant);Thinornis dubius (Little Ringed Plover);Vanellus indicus (Red-wattled Lapwing);Motacilla maderaspatensis (White-browed Wagtail),inaturalist-2026-09
nullvenkateshpuram-1-lake,0,0,0,0,,,inaturalist-2026-09
nyanappanahalli-kere,31,27,24,6,2026-03-27,Alcedo atthis (Common Kingfisher);Lissachatina fulica (African Giant Snail);Melanitis leda (Common Evening Brown);Tachybaptus ruficollis (Little Grebe);Aloa lactinea (Red Costate Tiger Moth);Anas platyrhynchos (Mallard);Anas poecilorhyncha (Indian Spot-billed Duck);Anhinga melanogaster (Oriental Darter);Ardea cinerea (Grey Heron);Brachythemis contaminata (Ditch Jewel),inaturalist-2026-09
nyanappanashetty-palya-kunte1,0,0,0,0,,,inaturalist-2026-09
nyanappanashetty-palya-kunte2,0,0,0,0,,,inaturalist-2026-09
nyanappanashetty-palya-kunte3,0,0,0,0,,,inaturalist-2026-09
nyanappanashetty-palya-kunte4,0,0,0,0,,,inaturalist-2026-09
nynappanashettypalya-kere-n-s-palya,4,2,1,4,2026-04-16,Graphium agamemnon (Tailed Jay),inaturalist-2026-09
o-b-chudahalli-kunte1,0,0,0,0,,,inaturalist-2026-09
o-b-chudahalli-kunte2,0,0,0,0,,,inaturalist-2026-09
o-b-chudanahalli-lake,89,68,57,9,2026-01-31,Anas poecilorhyncha (Indian Spot-billed Duck);Ardeola grayii (Indian Pond-Heron);Cinnyris asiaticus (Purple Sunbird);Himantopus himantopus (Black-winged Stilt);Pericrocotus cinnamomeus (Small Minivet);Tachybaptus ruficollis (Little Grebe);Cacomantis passerinus (Grey-bellied Cuckoo);Haliastur indus (Brahminy Kite);Microcarbo niger (Little Cormorant);Motacilla maderaspatensis (White-browed Wagtail),inaturalist-2026-09
obalapura-kere,0,0,0,0,,,inaturalist-2026-09
obalapura-kere-2,0,0,0,0,,,inaturalist-2026-09
obalapura-kere-3,0,0,0,0,,,inaturalist-2026-09
obanayakanahalli-2r,0,0,0,0,,,inaturalist-2026-09
oblapura-lake,0,0,0,0,,,inaturalist-2026-09
ontekere,0,0,0,0,,,inaturalist-2026-09
oora-mundina-kere,0,0,0,0,,,inaturalist-2026-09
p-agrahara-kunte2,3,0,0,1,2019-04-03,,inaturalist-2026-09
p-agrahara-kunte3,0,0,0,0,,,inaturalist-2026-09
pachapalya-kere-e,0,0,0,0,,,inaturalist-2026-09
pachcharanahalli-lake,0,0,0,0,,,inaturalist-2026-09
pachepalya-kere,0,0,0,0,,,inaturalist-2026-09
palana-kere,1,0,1,1,2020-05-07,Phyllogonostreptus nigrolabiatus,inaturalist-2026-09
palanahalli,1,1,1,1,2023-09-29,Spathodea campanulata (African tulip tree),inaturalist-2026-09
panattur-govt-kere,8,7,8,2,2026-03-25,Anastomus oscitans (Asian Openbill);Ardea cinerea (Grey Heron);Ardeola grayii (Indian Pond-Heron);Canis familiaris (Domestic Dog);Haliastur indus (Brahminy Kite);Motacilla maderaspatensis (White-browed Wagtail);Nymphaea rubra (Red water lily);Phalacrocorax carbo (Great Cormorant),inaturalist-2026-09
panditapur-lake,0,0,0,0,,,inaturalist-2026-09
pantharapalya-kunte,0,0,0,0,,,inaturalist-2026-09
panthuru-kunte1,0,0,0,0,,,inaturalist-2026-09
panthuru-kunte2,0,0,0,0,,,inaturalist-2026-09
panthuru-kunte3,0,0,0,0,,,inaturalist-2026-09
panthuru-kunte4,0,0,0,0,,,inaturalist-2026-09
panthuru-kunte5,0,0,0,0,,,inaturalist-2026-09
panthuru-kunte6,0,0,0,0,,,inaturalist-2026-09
panthuru-kunte7,1,0,1,1,2024-06-26,Agaricus bernardii (Salt-loving Agaricus),inaturalist-2026-09
pappayanna-kunte,0,0,0,0,,,inaturalist-2026-09
parapana-agahara-lake,1,0,0,1,2026-01-11,,inaturalist-2026-09
parappana-agrahara-kunte1,0,0,0,0,,,inaturalist-2026-09
parappana-agrahara-kunte2,0,0,0,0,,,inaturalist-2026-09
parappana-agrahara-kunte3,0,0,0,0,,,inaturalist-2026-09
parappana-agrahara-kunte4,0,0,0,0,,,inaturalist-2026-09
parappana-agrahara-kunte5,0,0,0,0,,,inaturalist-2026-09
parappana-agrahara-kunte6,0,0,0,0,,,inaturalist-2026-09
parmanahalli-kere,0,0,0,0,,,inaturalist-2026-09
parvatana-katte,0,0,0,0,,,inaturalist-2026-09
patnagere-gollahalli-lake,0,0,0,0,,,inaturalist-2026-09
pattaduru-agrahara-kere-1,0,0,0,0,,,inaturalist-2026-09
pattaduru-agrahara-kere-2,1,1,1,1,2022-08-15,Plexippus paykulli (Pantropical Jumping Spider),inaturalist-2026-09
pattanagere-kunte,2,1,1,2,2023-09-24,Eurema hecabe (Common Grass Yellow),inaturalist-2026-09
pattandur-agrahara-kunte1,0,0,0,0,,,inaturalist-2026-09
pattandur-agrahara-kunte10,0,0,0,0,,,inaturalist-2026-09
pattandur-agrahara-kunte12,0,0,0,0,,,inaturalist-2026-09
pattandur-agrahara-kunte13,0,0,0,0,,,inaturalist-2026-09
pattandur-agrahara-kunte4,1,1,1,1,2026-07-17,Acridotheres tristis (Common Myna),inaturalist-2026-09
pattandur-agrahara-kunte5,1,1,1,1,2024-04-28,Parthenium hysterophorus (Santa Maria feverfew),inaturalist-2026-09
pattandur-agrahara-kunte6,0,0,0,0,,,inaturalist-2026-09
pattandur-agrahara-kunte7,23,12,14,2,2025-03-08,Pongamia pinnata (Indian beech tree);Amaurornis phoenicurus (White-breasted Waterhen);Azadirachta indica (Neem);Bougainvillea glabra (lesser bougainvillea);Camptomastix hisbonalis;Fowlea piscator (Chequered Keelback);Haliastur indus (Brahminy Kite);Jamides bochus (Dark Cerulean);Lantana camara (common lantana);Lepiota cristata (Stinking Dapperling),inaturalist-2026-09
pattandur-agrahara-kunte8,0,0,0,0,,,inaturalist-2026-09
pattandur-agrahara-kunte9,4,0,0,2,2023-07-27,,inaturalist-2026-09
peddanapalya-lake,0,0,0,0,,,inaturalist-2026-09
peenya-kunte1,0,0,0,0,,,inaturalist-2026-09
peenya-kunte10,0,0,0,0,,,inaturalist-2026-09
peenya-kunte11,0,0,0,0,,,inaturalist-2026-09
peenya-kunte2,0,0,0,0,,,inaturalist-2026-09
peenya-kunte3,0,0,0,0,,,inaturalist-2026-09
peenya-kunte4,0,0,0,0,,,inaturalist-2026-09
peenya-kunte5,0,0,0,0,,,inaturalist-2026-09
peenya-kunte6,0,0,0,0,,,inaturalist-2026-09
peenya-kunte7,0,0,0,0,,,inaturalist-2026-09
peenya-kunte8,0,0,0,0,,,inaturalist-2026-09
peenya-kunte9,0,0,0,0,,,inaturalist-2026-09
peenya-plantation-kunte,0,0,0,0,,,inaturalist-2026-09
peltanahalli-lake,1,1,1,1,2026-02-13,Lycodon flavicollis (Yellow-collared Wolf Snake),inaturalist-2026-09
pillaganahalli-kunte,14,0,1,1,2026-05-14,Bauhinia racemosa (Bidi leaf tree),inaturalist-2026-09
pindkur,0,0,0,0,,,inaturalist-2026-09
pindkur-timmanahalli-kere,3,0,0,1,2023-12-16,,inaturalist-2026-09
prabhakarnagar-2r,0,0,0,0,,,inaturalist-2026-09
purushanahalli-kere,0,0,0,0,,,inaturalist-2026-09
puttayyanahalli-kere,0,0,0,0,,,inaturalist-2026-09
puttenahalli-kere,0,0,0,0,,,inaturalist-2026-09
puttenahalli-kunte-3,2,1,1,1,2023-03-31,Crassocephalum crepidioides (redflower ragleaf),inaturalist-2026-09
puttenahalli-kunte-5,0,0,0,0,,,inaturalist-2026-09
puttenahalli-kunte1,0,0,0,0,,,inaturalist-2026-09
puttenahalli-kunte2,0,0,0,0,,,inaturalist-2026-09
puttenahalli-kunte4,0,0,0,0,,,inaturalist-2026-09
puttenahalli-lake,1386,735,392,72,2026-08-16,Ceriagrion coromandelianum (Coromandel Marsh Dart);Ischnura senegalensis (Common Bluetail);Brachythemis contaminata (Ditch Jewel);Myrmaplata plataleoides (Red Weaver Ant-mimicking Spider);Rhyothemis variegata (Common Picture Wing);Ariadne merione (Common Castor Butterfly);Carrhotus viduus;Creobroter gemmatus (Jeweled Flower Mantis);Egretta garzetta (Little Egret);Porphyrio poliocephalus (Gray-headed Swamphen),inaturalist-2026-09
puttenahalli-lake-2,646,439,204,56,2026-09-06,Porphyrio poliocephalus (Gray-headed Swamphen);Anas poecilorhyncha (Indian Spot-billed Duck);Anhinga melanogaster (Oriental Darter);Fulica atra (Eurasian Coot);Phalacrocorax carbo (Great Cormorant);Tachybaptus ruficollis (Little Grebe);Ardea cinerea (Grey Heron);Halcyon smyrnensis (White-throated Kingfisher);Ischnura senegalensis (Common Bluetail);Trachemys scripta (Pond Slider),inaturalist-2026-09
rabbanahalli-kere,0,0,0,0,,,inaturalist-2026-09
rabbanahalli-kere-2,0,0,0,0,,,inaturalist-2026-09
rabbanahalli-kere-3,0,0,0,0,,,inaturalist-2026-09
rabbanahalli-kere-4,0,0,0,0,,,inaturalist-2026-09
rachamanahalli-lake,0,0,0,0,,,inaturalist-2026-09
rachamanahalli-north-lake,0,0,0,0,,,inaturalist-2026-09
rachenahalli-kunte1,0,0,0,0,,,inaturalist-2026-09
rachenahalli-lake,451,274,187,44,2026-09-07,Ardeola grayii (Indian Pond-Heron);Fulica atra (Eurasian Coot);Anas poecilorhyncha (Indian Spot-billed Duck);Phalacrocorax carbo (Great Cormorant);Porphyrio poliocephalus (Gray-headed Swamphen);Spatula clypeata (Northern Shoveler);Haliastur indus (Brahminy Kite);Plegadis falcinellus (Glossy Ibis);Spilopelia chinensis (Spotted Dove);Amata passalis (sandalwood defoliator),inaturalist-2026-09
raghunathpura-kere,0,0,0,0,,,inaturalist-2026-09
raghuvanapalya-kunte,0,0,0,0,,,inaturalist-2026-09
ragihalli,27,17,14,6,2025-11-11,Phrynoderma hexadactylum (Indian Five-fingered Frog);Acisoma panorpoides (Grizzled Pintail);Circaetus gallicus (Short-toed Snake-Eagle);Agriocnemis pygmaea (Wandering Midget);Aspidomorpha furcata (Furcated Tortoise Beetle);Eriovixia excelsa (Hump Back Araneid Spider);Hydrophasianus chirurgus (Pheasant-tailed Jacana);Hygrophila auriculata (Kokilasha);Neptis hylas (Common Sailer);Neurothemis tullia (Pied Paddy Skimmer),inaturalist-2026-09
ragihalli-lake,1,0,0,1,2025-02-17,,inaturalist-2026-09
rajaghatta-kere,3,2,3,2,2026-03-02,Ardea alba (Great Egret);Ardea cinerea (Grey Heron);Threskiornis melanocephalus (Black-headed Ibis),inaturalist-2026-09
rajamahal-kere,15,6,9,4,2025-02-08,Alternanthera ficoidea (sanguinaria);Anhinga melanogaster (Oriental Darter);Apis dorsata (Giant Honey Bee);Caryota urens (Jaggery palm);Phoenix sylvestris (sugar date palm);Plexippus paykulli (Pantropical Jumping Spider);Ptyas mucosa (Oriental Rat Snake);Tamarindus indica (Tamarind);Ypthima asterope (Common Three-ring),inaturalist-2026-09
rajamahal-kunte1,0,0,0,0,,,inaturalist-2026-09
rajamahal-kunte2,0,0,0,0,,,inaturalist-2026-09
rajanakunte-1,0,0,0,0,,,inaturalist-2026-09
rajanakunte-2,0,0,0,0,,,inaturalist-2026-09
rajanakunte-3,0,0,0,0,,,inaturalist-2026-09
rajanakunte-4,0,0,0,0,,,inaturalist-2026-09
rajanakunte-5,0,0,0,0,,,inaturalist-2026-09
rajanakunte-6,0,0,0,0,,,inaturalist-2026-09
rajanakunte-7-new,0,0,0,0,,,inaturalist-2026-09
rajanakunte-8,0,0,0,0,,,inaturalist-2026-09
rajanakunte-9,0,0,0,0,,,inaturalist-2026-09
rajapalya-hoodikere,4,2,2,3,2022-03-06,Danaus chrysippus (Plain Tiger Butterfly);Plumbago auriculata (blue plumbago),inaturalist-2026-09
ramachandrapura-katte,0,0,0,0,,,inaturalist-2026-09
ramadevanahalli-lake,0,0,0,0,,,inaturalist-2026-09
ramagondanahalli-kunte,7,0,1,3,2019-06-16,Spathodea campanulata (African tulip tree),inaturalist-2026-09
ramagondanahalli-kunte-1,0,0,0,0,,,inaturalist-2026-09
ramagondanahalli-kunte-2,0,0,0,0,,,inaturalist-2026-09
ramagonddanahalli-kere,2,2,2,1,2026-07-25,Orthetrum sabina (Slender Skimmer);Pseudagrion decorum (Three Striped Blue Dart),inaturalist-2026-09
ramakrishnapura-lake,0,0,0,0,,,inaturalist-2026-09
ramakrishnapura-lake-2,11,10,8,2,2026-06-04,Ardea purpurea (Purple Heron);Nycticorax nycticorax (Black-crowned Night Heron);Anhinga melanogaster (Oriental Darter);Catopsilia pomona (Lemon Migrant);Egretta garzetta (Little Egret);Phalacrocorax fuscicollis (Indian Cormorant);Pycnonotus jocosus (Red-whiskered Bulbul);Tachybaptus ruficollis (Little Grebe),inaturalist-2026-09
ramanathapura-kere-1,0,0,0,0,,,inaturalist-2026-09
ramanathapura-kere-2,47,25,23,4,2026-07-19,Kalanchoe × houghtonii (Alligator plant);Ardea cinerea (Grey Heron);Brachythemis contaminata (Ditch Jewel);Ipomoea carnea (Bush Morning Glory);Mycteria leucocephala (Painted Stork);Acacia auriculiformis (Earpod Wattle);Anas poecilorhyncha (Indian Spot-billed Duck);Ardea intermedia (Medium Egret);Bougainvillea glabra (lesser bougainvillea);Catharanthus roseus (Madagascar Periwinkle),inaturalist-2026-09
ramanayakanahalli-kunte-1,0,0,0,0,,,inaturalist-2026-09
ramanayakanahalli-kunte-2,0,0,0,0,,,inaturalist-2026-09
ramapura-kunte,0,0,0,0,,,inaturalist-2026-09
ramasagara-lake,16,15,14,1,2024-09-24,Gallinula chloropus (Eurasian Moorhen);Alcedo atthis (Common Kingfisher);Amaurornis phoenicurus (White-breasted Waterhen);Aquarius adelaidis;Asclepias curassavica (tropical milkweed);Ceryle rudis (Pied Kingfisher);Columba livia (Rock Pigeon);Halcyon smyrnensis (White-throated Kingfisher);Lanius cristatus (Brown Shrike);Merops orientalis (Asian Green Bee-eater),inaturalist-2026-09
ramasandra-kere,3,3,3,3,2023-08-03,Ceriagrion coromandelianum (Coromandel Marsh Dart);Eudocima materna (Dot-underwing Moth);Haliastur indus (Brahminy Kite),inaturalist-2026-09
ramasandra-kunte1,0,0,0,0,,,inaturalist-2026-09
ramasandra-kunte2,0,0,0,0,,,inaturalist-2026-09
ramasandra-lake-1,0,0,0,0,,,inaturalist-2026-09
ramaswamypalya-lake,0,0,0,0,,,inaturalist-2026-09
ramayyanapalya-kere,0,0,0,0,,,inaturalist-2026-09
ramdevanahalli-kere,0,0,0,0,,,inaturalist-2026-09
ramegowdanakere,0,0,0,0,,,inaturalist-2026-09
ramohalli-kere,8,8,5,1,2024-08-10,Trithemis aurora (Crimson Marsh Glider);Ariadne ariadne (Angled Castor);Brachythemis contaminata (Ditch Jewel);Hypolimnas bolina (Great Eggfly);Trithemis pallidinervis (Dancing Dropwing),inaturalist-2026-09
ramohalli-kunte-1,0,0,0,0,,,inaturalist-2026-09
ramohalli-kunte-10,0,0,0,0,,,inaturalist-2026-09
ramohalli-kunte-2,0,0,0,0,,,inaturalist-2026-09
ramohalli-kunte-3,0,0,0,0,,,inaturalist-2026-09
ramohalli-kunte-4,0,0,0,0,,,inaturalist-2026-09
ramohalli-kunte-6,0,0,0,0,,,inaturalist-2026-09
ramohalli-kunte-7,1,1,1,1,2022-08-15,Neptis hylas (Common Sailer),inaturalist-2026-09
ramohalli-kunte-8,0,0,0,0,,,inaturalist-2026-09
ramohalli-kunte-9,0,0,0,0,,,inaturalist-2026-09
rampalya-kere,0,0,0,0,,,inaturalist-2026-09
rampura-kere,4,4,3,2,2023-02-12,Oreochromis niloticus (Nile Tilapia);Ardea coromanda (Eastern Cattle-Egret);Phalacrocorax carbo (Great Cormorant),inaturalist-2026-09
rampura-kere-2,0,0,0,0,,,inaturalist-2026-09
rampura-lake,0,0,0,0,,,inaturalist-2026-09
rampura-lake-2,0,0,0,0,,,inaturalist-2026-09
ranchanamadu-kunte,0,0,0,0,,,inaturalist-2026-09
rayaradoddi-lake,260,205,136,26,2026-07-18,Anastomus oscitans (Asian Openbill);Tachybaptus ruficollis (Little Grebe);Phalacrocorax carbo (Great Cormorant);Fulica atra (Eurasian Coot);Haliastur indus (Brahminy Kite);Acrocephalus dumetorum (Blyth's Reed Warbler);Ardea coromanda (Eastern Cattle-Egret);Ardea purpurea (Purple Heron);Calotes versicolor (Indian Garden Lizard);Cinnyris asiaticus (Purple Sunbird),inaturalist-2026-09
rayarapalya-lake,0,0,0,0,,,inaturalist-2026-09
rayarapalya-lake-1,0,0,0,0,,,inaturalist-2026-09
rayasandra-kunte-1,0,0,0,0,,,inaturalist-2026-09
rayasandra-kunte-2,0,0,0,0,,,inaturalist-2026-09
rayasandra-kunte-3,0,0,0,0,,,inaturalist-2026-09
rayasandra-kunte-4,3,0,2,1,2025-09-22,Pselliophora laeta (Antlered Crane Fly);Stomorhina discolor,inaturalist-2026-09
rayasandra-lake-2,0,0,0,0,,,inaturalist-2026-09
rocherenvu,8,6,6,1,2026-03-22,Anhinga melanogaster (Oriental Darter);Chloropsis jerdoni (Jerdon's Leafbird);Milvus migrans (Black Kite);Nycticorax nycticorax (Black-crowned Night Heron);Tachybaptus ruficollis (Little Grebe);Ypthima huebneri (Common Four-ring),inaturalist-2026-09
s-golahalli-kere,0,0,0,0,,,inaturalist-2026-09
sadahalli-kere,1,0,0,1,2024-05-26,,inaturalist-2026-09
sadappanhalli-lake,0,0,0,0,,,inaturalist-2026-09
sadenahalli-lake,0,0,0,0,,,inaturalist-2026-09
sadenahalli-lake-2,0,0,0,0,,,inaturalist-2026-09
sadenahalli-lake-3,1,0,1,1,2020-10-18,Chrysocoris stollii (Lychee Shield Bug),inaturalist-2026-09
sakalavara-govt-kharabu-lake,4,1,2,2,2024-03-28,Ardea intermedia (Medium Egret);Canthium coromandelicum (coromandel boxwood),inaturalist-2026-09
sakalavara-kunte,0,0,0,0,,,inaturalist-2026-09
sakkare-gollahalli-lake,0,0,0,0,,,inaturalist-2026-09
salindradoddi-lake,14,8,10,4,2024-11-13,Crematogaster aberrans;Crematogaster contemta (Indian Orange Acrobat Ant);Danaus genutia (Common Tiger Butterfly);Euploea core (Common Crow);Euploea sylvester (Double-branded Crow Butterfly);Nephila pilipes (Giant Golden Orbweaver);Nymphaea rubra (Red water lily);Paratrechina longicornis (Longhorn Crazy Ant);Tirumala limniace (Blue Tiger);Tirumala septentrionis (Dark Blue Tiger),inaturalist-2026-09
sametanahali-lake,0,0,0,0,,,inaturalist-2026-09
sampangee-kunte,2,2,2,1,2023-07-28,Carrhotus viduus;Ricania fenestrata,inaturalist-2026-09
sampinge-kere,121,34,48,31,2026-06-06,Ardeola grayii (Indian Pond-Heron);Apis dorsata (Giant Honey Bee);Camponotus meghalayaensis;Cataulacus taprobanae;Columba livia (Rock Pigeon);Commelina diffusa (Scrambling Dayflower);Junonia iphita (Chocolate Pansy);Leucauge fastigata (Orange-and-black Pear Spider);Phlebiopsis crassa;Psilopogon viridis (White-cheeked Barbet),inaturalist-2026-09
sandekuppe-kere,140,120,85,5,2026-03-15,Amandava amandava (Red Avadavat);Lonchura punctulata (Scaly-breasted Munia);Vanellus indicus (Red-wattled Lapwing);Ardea cinerea (Grey Heron);Euodice malabarica (Indian Silverbill);Dicrurus macrocercus (Black Drongo);Elanus caeruleus (Black-winged Kite);Haliastur indus (Brahminy Kite);Junonia atlites (Grey Pansy);Lonchura malacca (Tricolored Munia),inaturalist-2026-09
saneguruvanahalli-kunte1,0,0,0,0,,,inaturalist-2026-09
saneguruvanahalli-kunte2,0,0,0,0,,,inaturalist-2026-09
saneguruvanahalli-kunte3,0,0,0,0,,,inaturalist-2026-09
saneguruvanahalli-lake-1,0,0,0,0,,,inaturalist-2026-09
saneguruvanahalli-lake-1-2,0,0,0,0,,,inaturalist-2026-09
saneguruvanahalli-lake-2,0,0,0,0,,,inaturalist-2026-09
saneguruvanahalli-lake-2-2,0,0,0,0,,,inaturalist-2026-09
sankey-tank,662,357,148,93,2026-09-06,Phalacrocorax carbo (Great Cormorant);Anas platyrhynchos (Mallard);Trachemys scripta (Pond Slider);Haliastur indus (Brahminy Kite);Halcyon smyrnensis (White-throated Kingfisher);Microcarbo niger (Little Cormorant);Anas poecilorhyncha (Indian Spot-billed Duck);Ardea cinerea (Grey Heron);Brachythemis contaminata (Ditch Jewel);Egretta garzetta (Little Egret),inaturalist-2026-09
sarakki-kunte1,3,0,2,1,2025-10-18,Argiope anasuja (Signature Spider);Oriens goloides (Smaller Dartlet),inaturalist-2026-09
sarakki-kunte2,93,38,47,18,2026-06-29,Catopsilia pomona (Lemon Migrant);Euploea core (Common Crow);Luthrodes pandava (Plains Cupid);Coprinellus disseminatus (Trooping Crumble Cap);Danaus genutia (Common Tiger Butterfly);Graphium doson (Common Jay);Oecophylla smaragdina (Asian Weaver Ant);Papilio demoleus (Lime Swallowtail);Ariophanta exilis (Two-Striated Ariophanta);Bactrocera dorsalis (Oriental Fruit Fly),inaturalist-2026-09
sarakki-kunte3,0,0,0,0,,,inaturalist-2026-09
sarakki-lake,362,141,94,54,2026-08-22,Ardea cinerea (Grey Heron);Pavo cristatus (Indian Peafowl);Ardeola grayii (Indian Pond-Heron);Haliastur indus (Brahminy Kite);Neolamarckia cadamba (Burflower-tree);Anas poecilorhyncha (Indian Spot-billed Duck);Jatropha integerrima (Peregrina);Phalacrocorax carbo (Great Cormorant);Plumbago auriculata (blue plumbago);Threskiornis melanocephalus (Black-headed Ibis),inaturalist-2026-09
sarjapur-lake,3,2,2,2,2024-10-02,Grewia hirsuta (Nagbala crossberry);Sabdariffa surattensis (Bush Sorrel),inaturalist-2026-09
sarka-kunte,0,0,0,0,,,inaturalist-2026-09
sarkaari-katte,0,0,0,0,,,inaturalist-2026-09
sasalu-lake,0,0,0,0,,,inaturalist-2026-09
sasiveghatta-kunte-1,0,0,0,0,,,inaturalist-2026-09
sasiveghatta-kunte-2,3,3,3,1,2015-12-20,Euthalia nais (Baronet);Junonia lemonias (Lemon Pansy);Pachliopta aristolochiae (Common Rose Swallowtail),inaturalist-2026-09
sathanoor-kunte-5,0,0,0,0,,,inaturalist-2026-09
sathanoor-kunte-7,0,0,0,0,,,inaturalist-2026-09
sathanur-kere,0,0,0,0,,,inaturalist-2026-09
sathanuru-kunte-1,0,0,0,0,,,inaturalist-2026-09
sathanuru-kunte-10,0,0,0,0,,,inaturalist-2026-09
sathanuru-kunte-2,0,0,0,0,,,inaturalist-2026-09
sathanuru-kunte-3,0,0,0,0,,,inaturalist-2026-09
sathanuru-kunte-8,1,0,0,1,2019-11-17,,inaturalist-2026-09
sathanuru-kunte-9,0,0,0,0,,,inaturalist-2026-09
sattigenahalli-lake-1,0,0,0,0,,,inaturalist-2026-09
sattigenahalli-lake-2,0,0,0,0,,,inaturalist-2026-09
seegehalli-kere,0,0,0,0,,,inaturalist-2026-09
seegehalli-kunte,0,0,0,0,,,inaturalist-2026-09
seegihalli-katte-1,0,0,0,0,,,inaturalist-2026-09
seegihalli-katte-2,0,0,0,0,,,inaturalist-2026-09
seegihalli-kunte1,0,0,0,0,,,inaturalist-2026-09
seegihalli-kunte2,0,0,0,0,,,inaturalist-2026-09
settyhalli-kunte1,0,0,0,0,,,inaturalist-2026-09
settyhalli-kunte2,0,0,0,0,,,inaturalist-2026-09
shantegaudanapalya-lake,0,0,0,0,,,inaturalist-2026-09
shanthi-nagar-kunte,0,0,0,0,,,inaturalist-2026-09
shantinagar-kere,0,0,0,0,,,inaturalist-2026-09
shantinagar-kere-2,0,0,0,0,,,inaturalist-2026-09
shanuboganahalli-lake,1,0,0,1,2025-04-25,,inaturalist-2026-09
shastripalya-kere,0,0,0,0,,,inaturalist-2026-09
shegehalli-kere,4,3,4,1,2023-02-19,Anas poecilorhyncha (Indian Spot-billed Duck);Fulica atra (Eurasian Coot);Lagerstroemia speciosa (Giant Crepe-myrtle);Phalacrocorax carbo (Great Cormorant),inaturalist-2026-09
sheshayyanakere,150,46,49,24,2026-08-29,Camponotus compressus (Indian Black Ant);Apis cerana (Asian Honey Bee);Oecophylla smaragdina (Asian Weaver Ant);Oxalis corniculata (Creeping Woodsorrel);Acacia auriculiformis (Earpod Wattle);Camponotus sericeus (Silky Sugar ant);Egretta garzetta (Little Egret);Gryllotalpa orientalis (Oriental Mole Cricket);Orthetrum sabina (Slender Skimmer);Polionemobius taprobanensis,inaturalist-2026-09
shiresandra-kere,0,0,0,0,,,inaturalist-2026-09
shivakote-katte,0,0,0,0,,,inaturalist-2026-09
shivakote-kunte-1,0,0,0,0,,,inaturalist-2026-09
shivakote-kunte-2,0,0,0,0,,,inaturalist-2026-09
shivakote-kunte-3,0,0,0,0,,,inaturalist-2026-09
shivakote-kunte-4,0,0,0,0,,,inaturalist-2026-09
shivanahalli-lake,4,2,3,4,2024-07-14,Cnemaspis mysoriensis (Mysore Round-eyed Gecko);Neolamarckia cadamba (Burflower-tree);Pentas lanceolata (Egyptian Star-cluster),inaturalist-2026-09
shivanapura-kere,0,0,0,0,,,inaturalist-2026-09
shravanur-lake,0,0,0,0,,,inaturalist-2026-09
shravanur-lake-2,0,0,0,0,,,inaturalist-2026-09
shyanapanahalli-kere,0,0,0,0,,,inaturalist-2026-09
shyanapanahalli-kere-2,0,0,0,0,,,inaturalist-2026-09
shyanapanahalli-kere-u,0,0,0,0,,,inaturalist-2026-09
siddanhalli-lake-1,0,0,0,0,,,inaturalist-2026-09
siddapur-kere,2,1,1,2,2025-04-28,Acridotheres tristis (Common Myna),inaturalist-2026-09
siddapura-kere,2163,1621,377,4,2026-06-13,Dicrurus macrocercus (Black Drongo);Sturnia malabarica (Chestnut-tailed Starling);Motacilla maderaspatensis (White-browed Wagtail);Cecropis daurica (Eastern Red-rumped Swallow);Artamus fuscus (Ashy Woodswallow);Dicrurus leucophaeus (Ashy Drongo);Ptyonoprogne concolor (Dusky Crag-Martin);Tachybaptus ruficollis (Little Grebe);Himantopus himantopus (Black-winged Stilt);Lonchura punctulata (Scaly-breasted Munia),inaturalist-2026-09
siddapura-kunte1,0,0,0,0,,,inaturalist-2026-09
siddapura-kunte2,0,0,0,0,,,inaturalist-2026-09
siddapura-kunte3,0,0,0,0,,,inaturalist-2026-09
siddapura-kunte4,0,0,0,0,,,inaturalist-2026-09
siddapura-kunte5,6,2,3,2,2021-04-28,Cocos nucifera (coconut palm);Megacopta cribraria (Kudzu Bug);Tectona grandis (Teak),inaturalist-2026-09
siddapura-kunte6,10,4,3,1,2019-08-04,Cocos nucifera (coconut palm);Tectona grandis (Teak);Ficus religiosa (Sacred fig),inaturalist-2026-09
siddapura-kunte7,0,0,0,0,,,inaturalist-2026-09
siddayyanpalya-lake,0,0,0,0,,,inaturalist-2026-09
siddenayakanahalli-kere-l,1,0,1,1,2021-08-28,Mimosa pudica (Sensitive Plant),inaturalist-2026-09
siddenayakanahalli-kere-u,409,155,190,1,2026-03-24,Ipomoea carnea (Bush Morning Glory);Mesosphaerum suaveolens (Wide Spikenard);Croton bonplandianus (Bonpland's croton);Mycteria leucocephala (Painted Stork);Leptotes plinius (Zebra Blue);Phyllanthus reticulatus (Potato-smell);Pluchea indica (Indian marsh fleabane);Blumea axillaris;Grangea maderaspatana (Madras carpet);Platalea leucorodia (Eurasian Spoonbill),inaturalist-2026-09
siddenhalli-lake,0,0,0,0,,,inaturalist-2026-09
siddi-hosakote-west,0,0,0,0,,,inaturalist-2026-09
sidedahalli-kunte,0,0,0,0,,,inaturalist-2026-09
sidi-hoskote-lake-east,0,0,0,0,,,inaturalist-2026-09
sigepalya-lake,0,0,0,0,,,inaturalist-2026-09
sigepalya-lake-2,0,0,0,0,,,inaturalist-2026-09
sikayanahalli-kere,0,0,0,0,,,inaturalist-2026-09
singahalli-lake,0,0,0,0,,,inaturalist-2026-09
singanayakanahalli-katte-2,0,0,0,0,,,inaturalist-2026-09
singanayakanahalli-kunte-1,0,0,0,0,,,inaturalist-2026-09
singanayakayahalli-katte-1,0,0,0,0,,,inaturalist-2026-09
singanayakayahalli-kere,0,0,0,0,,,inaturalist-2026-09
singapura-kunte,0,0,0,0,,,inaturalist-2026-09
singapura-lake,6,4,4,1,2021-11-15,Crotalaria pallida (Streaked Rattlepod);Fowlea piscator (Chequered Keelback);Indigofera linnaei (Birdsville Indigo);Tribulus terrestris (puncture vine),inaturalist-2026-09
singasadanapalli-kere-e,0,0,0,0,,,inaturalist-2026-09
singasadanapalli-kere-s,0,0,0,0,,,inaturalist-2026-09
singasandra,9,8,7,3,2024-07-28,Halcyon smyrnensis (White-throated Kingfisher);Ardea cinerea (Grey Heron);Ardea purpurea (Purple Heron);Bradinopyga geminata (Granite Ghost);Fowlea piscator (Chequered Keelback);Microcarbo niger (Little Cormorant);Motacilla maderaspatensis (White-browed Wagtail),inaturalist-2026-09
singasandra-kunte-1,0,0,0,0,,,inaturalist-2026-09
singasandra-kunte2,0,0,0,0,,,inaturalist-2026-09
singasandra-kunte3,0,0,0,0,,,inaturalist-2026-09
singasandra-kunte4,0,0,0,0,,,inaturalist-2026-09
singasandra-kunte5,0,0,0,0,,,inaturalist-2026-09
singasandra-lake,0,0,0,0,,,inaturalist-2026-09
singena-agrahara-govt-sanna-kere,220,181,117,5,2026-07-05,Haliastur indus (Brahminy Kite);Cinnyris asiaticus (Purple Sunbird);Dicrurus leucophaeus (Ashy Drongo);Alcedo atthis (Common Kingfisher);Anas poecilorhyncha (Indian Spot-billed Duck);Merops orientalis (Asian Green Bee-eater);Ardeola grayii (Indian Pond-Heron);Gallinula chloropus (Eurasian Moorhen);Psittacula krameri (Rose-ringed Parakeet);Terpsiphone paradisi (Indian Paradise-Flycatcher),inaturalist-2026-09
singena-agrahara-kunte-1,0,0,0,0,,,inaturalist-2026-09
singena-agrahara-kunte-2,0,0,0,0,,,inaturalist-2026-09
singena-agrahara-kunte-3,0,0,0,0,,,inaturalist-2026-09
singena-agrahara-kunte-4,0,0,0,0,,,inaturalist-2026-09
singena-agrahara-kunte-5,0,0,0,0,,,inaturalist-2026-09
singrayanapalya-lake,0,0,0,0,,,inaturalist-2026-09
sinivagilu-govt-lake,221,100,104,17,2026-09-08,Ariadne merione (Common Castor Butterfly);Luthrodes pandava (Plains Cupid);Papilio polytes (Common Mormon Swallowtail);Elymnias caudata (Tailed Palmfly);Eurema hecabe (Common Grass Yellow);Jamides celeno (Common Cerulean);Chiasmia emersaria;Leptocorisa acuta (Paddy Bug);Leptotes plinius (Zebra Blue);Neptis hylas (Common Sailer),inaturalist-2026-09
sirigonahalli-lake,0,0,0,0,,,inaturalist-2026-09
sitanayakanahalli-lake,0,0,0,0,,,inaturalist-2026-09
sokkarasanapalli-kere-e,0,0,0,0,,,inaturalist-2026-09
soladevanahalli-kunte,0,0,0,0,,,inaturalist-2026-09
soldevanahalli-kere,0,0,0,0,,,inaturalist-2026-09
soldevanahalli-kere-2,0,0,0,0,,,inaturalist-2026-09
soldevanahalli-lower,0,0,0,0,,,inaturalist-2026-09
soldevanahalli-scrub,0,0,0,0,,,inaturalist-2026-09
solekere,9,7,6,5,2023-10-02,Phalanta phalantha (Common Leopard);Ardeola grayii (Indian Pond-Heron);Leonotis nepetifolia (lion's ear);Oecophylla smaragdina (Asian Weaver Ant);Parapoynx fluctuosalis (Waved China-mark);Phrynoderma hexadactylum (Indian Five-fingered Frog),inaturalist-2026-09
solikunte-kere,0,0,0,0,,,inaturalist-2026-09
sollepura-kere,10,6,7,8,2026-08-26,Aloa lactinea (Red Costate Tiger Moth);Brachythemis contaminata (Ditch Jewel);Calotropis gigantea (crown flower);Cyrtacanthacris tatarica (Brown‐spotted Locust);Ictinogomphus rapax (Indian Common Clubtail);Motacilla maderaspatensis (White-browed Wagtail);Porphyrio poliocephalus (Gray-headed Swamphen),inaturalist-2026-09
solluru-kere,0,0,0,0,,,inaturalist-2026-09
solur-kere,0,0,0,0,,,inaturalist-2026-09
somanahalli-lake,20,19,15,5,2026-02-21,Himantopus himantopus (Black-winged Stilt);Ardeola grayii (Indian Pond-Heron);Vanellus indicus (Red-wattled Lapwing);Alcedo atthis (Common Kingfisher);Amegilla violacea;Ardea alba (Great Egret);Ardea purpurea (Purple Heron);Clamator jacobinus (Pied Cuckoo);Egretta garzetta (Little Egret);Hirundo smithii (Wire-tailed Swallow),inaturalist-2026-09
somanathapura-lake,0,0,0,0,,,inaturalist-2026-09
somapura-kere,1,1,1,1,2021-07-29,Psittacula krameri (Rose-ringed Parakeet),inaturalist-2026-09
somasagara-lake,0,0,0,0,,,inaturalist-2026-09
somasagara-lake-2,0,0,0,0,,,inaturalist-2026-09
somashettihalli-kunte,0,0,0,0,,,inaturalist-2026-09
somasundrapalya-lake,5,3,4,2,2022-10-11,Ardea cinerea (Grey Heron);Gallinula chloropus (Eurasian Moorhen);Gossypium barbadense (Sea Island Cotton);Ricinus communis (castor bean),inaturalist-2026-09
sompura-govt-lake,295,200,138,14,2026-06-28,Cinnyris asiaticus (Purple Sunbird);Saxicola caprata (Pied Bushchat);Tringa ochropus (Green Sandpiper);Copsychus fulicatus (Indian Robin);Pericrocotus cinnamomeus (Small Minivet);Prosotas dubiosa (Tailless Lineblue);Vanellus indicus (Red-wattled Lapwing);Anas poecilorhyncha (Indian Spot-billed Duck);Centropus sinensis (Greater Coucal);Psittacula krameri (Rose-ringed Parakeet),inaturalist-2026-09
sompura-kere-w,82,38,64,7,2026-04-01,Dendrocygna javanica (Lesser Whistling-Duck);Gallinula chloropus (Eurasian Moorhen);Amaurornis phoenicurus (White-breasted Waterhen);Anas poecilorhyncha (Indian Spot-billed Duck);Hemidesmus indicus (Indian Sarsaparilla);Ipomoea triloba (Littlebell);Jasminum multipartitum (Wild Jasmine);Passiflora vesicaria (Orangefruit Passionflower);Acridotheres fuscus (Jungle Myna);Andrographis serpyllifolia,inaturalist-2026-09
sompura-kunte-1,1,1,1,1,2023-07-30,Solanum torvum (Turkey Berry),inaturalist-2026-09
sompura-kunte-2,0,0,0,0,,,inaturalist-2026-09
sondilvadi-kere,0,0,0,0,,,inaturalist-2026-09
sonehalli-kere,0,0,0,0,,,inaturalist-2026-09
sonnahallipura-lake,0,0,0,0,,,inaturalist-2026-09
sonnanaikanahalli-lake,0,0,0,0,,,inaturalist-2026-09
sonnathimmanahalli-kunte,0,0,0,0,,,inaturalist-2026-09
sonnayakanapura-lake,0,0,0,0,,,inaturalist-2026-09
sonnenahalli-kere,0,0,0,0,,,inaturalist-2026-09
sonnenahalli-kere-2,2,1,2,1,2023-06-27,Eristalinus arvorum;Zinnia peruviana (Peruvian zinnia),inaturalist-2026-09
sonnenahalli-kere-3,46,24,23,13,2025-07-07,Psilopogon viridis (White-cheeked Barbet);Ganoderma applanatum (artist's bracket);Prinia socialis (Ashy Prinia);Pycnonotus jocosus (Red-whiskered Bulbul);Acridotheres fuscus (Jungle Myna);Acridotheres tristis (Common Myna);Azadirachta indica (Neem);Camponotus compressus (Indian Black Ant);Columba livia (Rock Pigeon);Corvus macrorhynchos (Large-billed Crow),inaturalist-2026-09
sonnenahalli-kunte1,0,0,0,0,,,inaturalist-2026-09
sonnenahalli-kunte2,0,0,0,0,,,inaturalist-2026-09
sonnenahalli-kunte3,0,0,0,0,,,inaturalist-2026-09
sonnenahalli-lake,0,0,0,0,,,inaturalist-2026-09
sonnenahalli-lake-2,5,3,3,4,2026-08-16,Cinnyris asiaticus (Purple Sunbird);Orthotomus sutorius (Common Tailorbird);Pernis ptilorhynchus (Oriental Honey-buzzard),inaturalist-2026-09
sorahunase-kunte1,0,0,0,0,,,inaturalist-2026-09
sorahunase-kunte2,0,0,0,0,,,inaturalist-2026-09
sorahunase-kunte3,0,0,0,0,,,inaturalist-2026-09
sorahunase-kunte4,0,0,0,0,,,inaturalist-2026-09
southegaudanahalli-lake,0,0,0,0,,,inaturalist-2026-09
sowl-kere,3577,2254,507,124,2026-09-06,Metopidius indicus (Bronze-winged Jacana);Plegadis falcinellus (Glossy Ibis);Prinia socialis (Ashy Prinia);Porphyrio poliocephalus (Gray-headed Swamphen);Ardea cinerea (Grey Heron);Acrocephalus dumetorum (Blyth's Reed Warbler);Mycteria leucocephala (Painted Stork);Egretta garzetta (Little Egret);Himantopus himantopus (Black-winged Stilt);Dicrurus macrocercus (Black Drongo),inaturalist-2026-09
srigandha-kavalu-kunte1,0,0,0,0,,,inaturalist-2026-09
srigandha-kavalu-kunte2,0,0,0,0,,,inaturalist-2026-09
srigandha-kavalu-kunte3,0,0,0,0,,,inaturalist-2026-09
srigandha-kavalu-kunte4,0,0,0,0,,,inaturalist-2026-09
srigandha-kavalu-kunte5,2,1,1,1,2026-08-02,Herennia multipuncta (Ornamental Tree Trunk Spider),inaturalist-2026-09
srigandha-kavalu-kunte6,0,0,0,0,,,inaturalist-2026-09
srigandha-kavalu-kunte7,0,0,0,0,,,inaturalist-2026-09
srigandha-kavalu-kunte8,0,0,0,0,,,inaturalist-2026-09
srigandhakavalu-karabu-katte,8,3,6,3,2026-08-02,Ceratina smaragdula (Emerald Small Carpenter);Colotis aurora (Plain Orange-tip);Egretta garzetta (Little Egret);Herennia multipuncta (Ornamental Tree Trunk Spider);Macroptilium atropurpureum (Purple Bush-Bean);Milvus migrans (Black Kite),inaturalist-2026-09
srinivasapura-kere,0,0,0,0,,,inaturalist-2026-09
srinivasapura-kere-2,0,0,0,0,,,inaturalist-2026-09
srinivasapura-kunte1,0,0,0,0,,,inaturalist-2026-09
srinivasapura-kunte2,0,0,0,0,,,inaturalist-2026-09
srinivasapura-kunte3,0,0,0,0,,,inaturalist-2026-09
srinivasapura-kunte4,0,0,0,0,,,inaturalist-2026-09
srinivasapura-lake,0,0,0,0,,,inaturalist-2026-09
srinivasapura-lake-2,0,0,0,0,,,inaturalist-2026-09
sriramanahalli-lake,2,2,2,1,2021-01-09,Orthetrum sabina (Slender Skimmer);Thunbergia fragrans (Sweet clockvine),inaturalist-2026-09
sriramanahalli-lake-2,0,0,0,0,,,inaturalist-2026-09
subarayanakere,1,0,0,1,2026-08-09,,inaturalist-2026-09
subbedarana-kere,0,0,0,0,,,inaturalist-2026-09
subbedarana-kere-2,1,0,0,1,2017-03-09,,inaturalist-2026-09
subramanyanagar-lake,0,0,0,0,,,inaturalist-2026-09
subramhanyapura-kere,38,24,23,3,2024-09-16,Ariadne merione (Common Castor Butterfly);Lampides boeticus (Pea Blue);Onychargia atrocyana (Marsh Dancer);Trachemys scripta (Pond Slider);Acraea terpsicore (Tawny Coster);Aiolopus thalassinus (Slender Green-winged Grasshopper);Ardea coromanda (Eastern Cattle-Egret);Ariadne ariadne (Angled Castor);Clinteria klugi;Diabolocatantops innotabilis,inaturalist-2026-09
suggata-kere,0,0,0,0,,,inaturalist-2026-09
suggatta-lake,0,0,0,0,,,inaturalist-2026-09
suggatta-lake-2,0,0,0,0,,,inaturalist-2026-09
sukaligarahath-lake,0,0,0,0,,,inaturalist-2026-09
sulakunte-kunte1,0,0,0,0,,,inaturalist-2026-09
sulakunte-kunte2,0,0,0,0,,,inaturalist-2026-09
sulakunte-kunte3,0,0,0,0,,,inaturalist-2026-09
sulakunte-kunte4,0,0,0,0,,,inaturalist-2026-09
sulakunte-kunte5,0,0,0,0,,,inaturalist-2026-09
sulakunte-kunte6,0,0,0,0,,,inaturalist-2026-09
sulakunte-kunte7,0,0,0,0,,,inaturalist-2026-09
sulibelekere,0,0,0,0,,,inaturalist-2026-09
sulikere-kunte-2,0,0,0,0,,,inaturalist-2026-09
sulikere-lake,0,0,0,0,,,inaturalist-2026-09
sulukunte-kere,0,0,0,0,,,inaturalist-2026-09
suluvara-kere,0,0,0,0,,,inaturalist-2026-09
sunkanahalli-kunte-1,7,2,2,5,2026-06-01,Pteropus medius (Indian Flying Fox);Ficus elastica (rubber plant),inaturalist-2026-09
sunkanahalli-kunte-2,0,0,0,0,,,inaturalist-2026-09
sunnakall-kere,114,62,63,50,2026-08-24,Talicada nyseus (Red Pierrot);Pteris vittata (Ladder brake);Adiantum capillus-veneris (black maidenhair fern);Graphium agamemnon (Tailed Jay);Euthalia lubentina (Gaudy Baron);Junonia iphita (Chocolate Pansy);Luthrodes pandava (Plains Cupid);Megacopta cribraria (Kudzu Bug);Milvus migrans (Black Kite);Oxalis corniculata (Creeping Woodsorrel),inaturalist-2026-09
suradhenupur-lake,0,0,0,0,,,inaturalist-2026-09
suradhenupur-lake-2,1,1,1,1,2026-06-10,Dalbergia sissoo (Indian Rosewood),inaturalist-2026-09
suragajakkanahalli-west-lake,0,0,0,0,,,inaturalist-2026-09
suragajakkaratahalli-lake,1,0,0,1,2021-06-19,,inaturalist-2026-09
swarna-kunte-gudde-lake,0,0,0,0,,,inaturalist-2026-09
tadipalya-lake,0,0,0,0,,,inaturalist-2026-09
tadsighatta-kere,0,0,0,0,,,inaturalist-2026-09
tagachikuppe-kere,0,0,0,0,,,inaturalist-2026-09
taggali-hosahalli-kere,0,0,0,0,,,inaturalist-2026-09
talagavara-kere,0,0,0,0,,,inaturalist-2026-09
talakuppe-lake,0,0,0,0,,,inaturalist-2026-09
tambenahalli-lake,0,0,0,0,,,inaturalist-2026-09
tammaganhalli-lake,0,0,0,0,,,inaturalist-2026-09
tammrayasandra-kere,0,0,0,0,,,inaturalist-2026-09
tankasalahosahalli-kere,0,0,0,0,,,inaturalist-2026-09
tanniranhalli-lake,0,0,0,0,,,inaturalist-2026-09
tapasihalli-kere,0,0,0,0,,,inaturalist-2026-09
tapasipura-kere,0,0,0,0,,,inaturalist-2026-09
tapasipura-kere-2,0,0,0,0,,,inaturalist-2026-09
tarabahalli-lake,0,0,0,0,,,inaturalist-2026-09
tarabanahalli-kunte,0,0,0,0,,,inaturalist-2026-09
tarabanahalli-lake,0,0,0,0,,,inaturalist-2026-09
tarabhalli-lake,0,0,0,0,,,inaturalist-2026-09
tarahunase-lake,178,92,89,11,2026-07-24,Phalacrocorax carbo (Great Cormorant);Camponotus compressus (Indian Black Ant);Merops orientalis (Asian Green Bee-eater);Alcedo atthis (Common Kingfisher);Ardea cinerea (Grey Heron);Camponotus parius;Camponotus sericeus (Silky Sugar ant);Euodice malabarica (Indian Silverbill);Microcarbo niger (Little Cormorant);Milvus migrans (Black Kite),inaturalist-2026-09
taralu-lake,9,6,5,3,2026-05-30,Tachybaptus ruficollis (Little Grebe);Fulica atra (Eurasian Coot);Haliastur indus (Brahminy Kite);Phalacrocorax carbo (Great Cormorant);Phalacrocorax fuscicollis (Indian Cormorant),inaturalist-2026-09
tataguni-lake,1,1,1,1,2018-02-13,Pyrostegia venusta (Flame vine),inaturalist-2026-09
tattaguppe-lake,11,8,11,4,2026-04-19,Carrhotus viduus;Cyornis tickelliae (Tickell's Blue Flycatcher);Disparoneura quadrimaculata (Black-winged Bambootail);Haliastur indus (Brahminy Kite);Ipomoea staphylina (Clustered Morning Glory);Mesosphaerum suaveolens (Wide Spikenard);Minervarya agricola (Common Paddy Field Frog);Ottelia alismoides (duck-lettuce);Pirithoicus ophthalmicus (Little Clown Grasshopper);Popillia complanata,inaturalist-2026-09
tattanahalli-lake,0,0,0,0,,,inaturalist-2026-09
tattanur-lake,0,0,0,0,,,inaturalist-2026-09
tattekere,0,0,0,0,,,inaturalist-2026-09
tavarekere-kere,9,6,6,1,2024-12-30,Milvus migrans (Black Kite);Anhinga melanogaster (Oriental Darter);Elanus caeruleus (Black-winged Kite);Euodice malabarica (Indian Silverbill);Haliastur indus (Brahminy Kite);Saxicola caprata (Pied Bushchat),inaturalist-2026-09
tavarekere-kunte1,0,0,0,0,,,inaturalist-2026-09
tavarekere-kunte2,0,0,0,0,,,inaturalist-2026-09
tavarekere-kunte3,0,0,0,0,,,inaturalist-2026-09
tavarekere-lake,191,79,88,12,2026-01-02,Anax indicus (Elephant Emperor);Caltoris canaraica (Canara Swift);Carrhotus viduus;Chalybion bengalense (Oriental Mud-dauber Wasp);Cnemaspis mysoriensis (Mysore Round-eyed Gecko);Eriovixia excelsa (Hump Back Araneid Spider);Iambrix salsala (Chestnut Bob);Jamides celeno (Common Cerulean);Leptotes plinius (Zebra Blue);Luthrodes pandava (Plains Cupid),inaturalist-2026-09
tavarekere-lake-1,0,0,0,0,,,inaturalist-2026-09
tavarekere-lake-2,0,0,0,0,,,inaturalist-2026-09
tavatahalli-kere,0,0,0,0,,,inaturalist-2026-09
tayappanahalli-kunte,0,0,0,0,,,inaturalist-2026-09
telagarahalli-lake,1,1,1,1,2026-09-03,Zosterops palpebrosus (Indian White-eye),inaturalist-2026-09
telegarahalli-lake-2,0,0,0,0,,,inaturalist-2026-09
tellohalli-lake,0,0,0,0,,,inaturalist-2026-09
teniyur-kere,0,0,0,0,,,inaturalist-2026-09
thagachikuppi-kunte-1,0,0,0,0,,,inaturalist-2026-09
thagachikuppi-kunte-2,0,0,0,0,,,inaturalist-2026-09
thagachikuppi-kunte-3,1,1,1,1,2022-10-03,Lycostomus similis,inaturalist-2026-09
thalagattapura-kere,2,1,1,1,2019-10-21,Euthalia nais (Baronet),inaturalist-2026-09
thalagattapura-lake,30,27,19,5,2026-08-02,Dendrocygna javanica (Lesser Whistling-Duck);Spatula querquedula (Garganey);Gallinago gallinago (Common Snipe);Gallinago stenura (Pin-tailed Snipe);Porphyrio poliocephalus (Gray-headed Swamphen);Tringa glareola (Wood Sandpiper);Anas poecilorhyncha (Indian Spot-billed Duck);Ardea coromanda (Eastern Cattle-Egret);Ardeola grayii (Indian Pond-Heron);Euploea sylvester (Double-branded Crow Butterfly),inaturalist-2026-09
thammenahalli-kunte-1,0,0,0,0,,,inaturalist-2026-09
thammenahalli-kunte-2,0,0,0,0,,,inaturalist-2026-09
thannisandra-kunte1,0,0,0,0,,,inaturalist-2026-09
thannisandra-kunte2,0,0,0,0,,,inaturalist-2026-09
thigala-choudenahalli-kunte-1,0,0,0,0,,,inaturalist-2026-09
thigala-choudenahalli-kunte-2,0,0,0,0,,,inaturalist-2026-09
thigala-choudenahalli-kunte-3,0,0,0,0,,,inaturalist-2026-09
thigala-choudenahalli-kunte-4,0,0,0,0,,,inaturalist-2026-09
thimappanakere,0,0,0,0,,,inaturalist-2026-09
thimmagowdana-kere,0,0,0,0,,,inaturalist-2026-09
thimmasandra-govt-lake,0,0,0,0,,,inaturalist-2026-09
thimmasandra-kunte,0,0,0,0,,,inaturalist-2026-09
thindlu-katte,10,4,6,7,2025-10-16,Crotalaria pallida (Streaked Rattlepod);Gasteracantha geminata (Oriental Spiny Orb-weaver);Ipomoea cairica (Mile-a-minute vine);Jamides celeno (Common Cerulean);Tinospora cordifolia (Guduchi);Uperodon taprobanicus (Painted Globular Frog),inaturalist-2026-09
thindlu-kunte-1,15,4,6,7,2026-09-01,Apis cerana (Asian Honey Bee);Batocera rufomaculata (Mango Stem Borer);Eristalinus quinquestriatus;Junonia iphita (Chocolate Pansy);Neolamarckia cadamba (Burflower-tree);Terminalia bellirica (Bibhitaki),inaturalist-2026-09
thindlu-kunte-2,0,0,0,0,,,inaturalist-2026-09
thindlu-kunte3,37,10,17,4,2025-08-11,Pselliophora laeta (Antlered Crane Fly);Amata passalis (sandalwood defoliator);Armigeres subalbatus;Chiasmia emersaria;Crossopriza lyoni (Tailed Cellar Spider);Evania appendigaster (Blue-eyed Ensign Wasp);Graphium agamemnon (Tailed Jay);Hasora chromus (Common Banded Awl);Junonia lemonias (Lemon Pansy);Ocimum tenuiflorum (Holy Basil),inaturalist-2026-09
thindlu-plantation-katte,0,0,0,0,,,inaturalist-2026-09
thippasandra-kere,60,51,40,3,2023-09-24,Muscicapa dauurica (Asian Brown Flycatcher);Aegithina tiphia (Common Iora);Ardeola grayii (Indian Pond-Heron);Centropus sinensis (Greater Coucal);Copsychus fulicatus (Indian Robin);Danaus chrysippus (Plain Tiger Butterfly);Fulica atra (Eurasian Coot);Iduna caligata (Booted Warbler);Lonchura punctulata (Scaly-breasted Munia);Motacilla cinerea (Grey Wagtail),inaturalist-2026-09
thippasandra-kunte1,1,0,1,1,2026-07-09,Messena sinuata (Ferguson squathopper),inaturalist-2026-09
thippasandra-kunte2,2,2,2,2,2025-08-15,Ardeola grayii (Indian Pond-Heron);Pseuderanthemum carruthersii (Carruthers' falseface),inaturalist-2026-09
thirumenahalli-lake,4,4,4,1,2025-02-27,Anas poecilorhyncha (Indian Spot-billed Duck);Anastomus oscitans (Asian Openbill);Ardea purpurea (Purple Heron);Himantopus himantopus (Black-winged Stilt),inaturalist-2026-09
thotadaguddadahalli-kunte1,0,0,0,0,,,inaturalist-2026-09
thotadaguddadahalli-kunte2,0,0,0,0,,,inaturalist-2026-09
thubarahalli-kunte1,0,0,0,0,,,inaturalist-2026-09
thubarahalli-kunte2,0,0,0,0,,,inaturalist-2026-09
thubarahalli-kunte3,0,0,0,0,,,inaturalist-2026-09
thupinkere,0,0,0,0,,,inaturalist-2026-09
thurahalli-kunte,1,0,1,1,2025-07-05,Heterorhina elegans,inaturalist-2026-09
tigalara-chowddenahalli-govt-karabukere,0,0,0,0,,,inaturalist-2026-09
timmaboyipalya-kere,0,0,0,0,,,inaturalist-2026-09
timmanayayakanahalli-lake-1,0,0,0,0,,,inaturalist-2026-09
timmasadra-kere,25,12,13,5,2026-07-23,Apis dorsata (Giant Honey Bee);Calotropis gigantea (crown flower);Argiope catenulata (Grass Cross Spider);Conocybe tenera (common conecap);Euploea core (Common Crow);Evolvulus nummularius (Dwarf Morning Glory);Fowlea piscator (Chequered Keelback);Laevicaulis alte (Tropical Leatherleaf Slug);Naja naja (Indian Cobra);Plumbago zeylanica (wild leadwort),inaturalist-2026-09
timmasandra-kere,0,0,0,0,,,inaturalist-2026-09
timmasandra-kere-2,0,0,0,0,,,inaturalist-2026-09
timmayyanadoddi-lake,0,0,0,0,,,inaturalist-2026-09
tindlu-kere-e,0,0,0,0,,,inaturalist-2026-09
tindlu-lake,0,0,0,0,,,inaturalist-2026-09
tindlu-lake-2,0,0,0,0,,,inaturalist-2026-09
tippagondanahalli-lower-kere,0,0,0,0,,,inaturalist-2026-09
tippagondanahalli-up-kere,0,0,0,0,,,inaturalist-2026-09
tippagondanhalli-low-kere,0,0,0,0,,,inaturalist-2026-09
tippapura-kere,0,0,0,0,,,inaturalist-2026-09
tippasandra-lake,0,0,0,0,,,inaturalist-2026-09
tippenhalli-kere,0,0,0,0,,,inaturalist-2026-09
tirumagondanahalli-lake,0,0,0,0,,,inaturalist-2026-09
tirumagondanapalya-kere,0,0,0,0,,,inaturalist-2026-09
tirumalapura-kere,0,0,0,0,,,inaturalist-2026-09
tiruvaranga-lake,0,0,0,0,,,inaturalist-2026-09
togarighatta-kere,0,0,0,0,,,inaturalist-2026-09
toli-katte,0,0,0,0,,,inaturalist-2026-09
tonachinakuppre-kere,0,0,0,0,,,inaturalist-2026-09
torenagasandra-kunte1,0,0,0,0,,,inaturalist-2026-09
torenagasandra-kunte2,0,0,0,0,,,inaturalist-2026-09
torenagasandra-urkunte-newly-created,0,0,0,0,,,inaturalist-2026-09
totagere-kere,0,0,0,0,,,inaturalist-2026-09
totanahalli-lake,0,0,0,0,,,inaturalist-2026-09
tubagere-kere,0,0,0,0,,,inaturalist-2026-09
tubinkere,0,0,0,0,,,inaturalist-2026-09
tubukunte-lake,0,0,0,0,,,inaturalist-2026-09
tyamagondal-kere,0,0,0,0,,,inaturalist-2026-09
tyavakanahalli-kere,0,0,0,0,,,inaturalist-2026-09
udanahalli-kere,0,0,0,0,,,inaturalist-2026-09
uddichikkanahalli-kere,0,0,0,0,,,inaturalist-2026-09
ujjani-lake,2,0,1,1,2022-10-15,Peucetia viridana (Indian Green Lynx Spider),inaturalist-2026-09
ullalu-kunte1,0,0,0,0,,,inaturalist-2026-09
ullalu-kunte2,0,0,0,0,,,inaturalist-2026-09
ullalu-kunte3,0,0,0,0,,,inaturalist-2026-09
ullalu-lake-1,0,0,0,0,,,inaturalist-2026-09
ullalu-lake-2,74,57,34,5,2026-05-03,Spatula querquedula (Garganey);Spatula clypeata (Northern Shoveler);Halcyon smyrnensis (White-throated Kingfisher);Oriolus kundoo (Indian Golden Oriole);Pavo cristatus (Indian Peafowl);Tringa ochropus (Green Sandpiper);Anas poecilorhyncha (Indian Spot-billed Duck);Cinnyris asiaticus (Purple Sunbird);Lonchura punctulata (Scaly-breasted Munia);Phalacrocorax carbo (Great Cormorant),inaturalist-2026-09
ulsoor-kunte,0,0,0,0,,,inaturalist-2026-09
ulsoor-lake,217,135,82,30,2026-08-10,Ardea cinerea (Grey Heron);Ardeola grayii (Indian Pond-Heron);Corvus splendens (House Crow);Egretta garzetta (Little Egret);Columba livia (Rock Pigeon);Himantopus himantopus (Black-winged Stilt);Motacilla maderaspatensis (White-browed Wagtail);Porphyrio poliocephalus (Gray-headed Swamphen);Anas poecilorhyncha (Indian Spot-billed Duck);Apis dorsata (Giant Honey Bee),inaturalist-2026-09
unnamed-lake,0,0,0,0,,,inaturalist-2026-09
unnamed-tank-near-abdul-kalam-nagar,0,0,0,0,,,inaturalist-2026-09
unnamed-tank-near-adarangi,0,0,0,0,,,inaturalist-2026-09
unnamed-tank-near-adisanahatty,0,0,0,0,,,inaturalist-2026-09
unnamed-tank-near-agasarahalli,0,0,0,0,,,inaturalist-2026-09
unnamed-tank-near-ajjahalli,0,0,0,0,,,inaturalist-2026-09
unnamed-tank-near-alambadi,0,0,0,0,,,inaturalist-2026-09
unnamed-tank-near-alappanahalli,0,0,0,0,,,inaturalist-2026-09
unnamed-tank-near-alur,1,0,0,1,2021-09-15,,inaturalist-2026-09
unnamed-tank-near-ambiga,0,0,0,0,,,inaturalist-2026-09
unnamed-tank-near-anagalapura,1,0,0,1,2020-02-16,,inaturalist-2026-09
unnamed-tank-near-araledibba,0,0,0,0,,,inaturalist-2026-09
unnamed-tank-near-arasanahalli,0,0,0,0,,,inaturalist-2026-09
unnamed-tank-near-arishinakunte,0,0,0,0,,,inaturalist-2026-09
unnamed-tank-near-avalakuppe,0,0,0,0,,,inaturalist-2026-09
unnamed-tank-near-badamanavarthakaval-p2,1,1,1,1,2024-06-29,Barytelphusa cunicularis (Brown Freshwater Crab),inaturalist-2026-09
unnamed-tank-near-bagalur,0,0,0,0,,,inaturalist-2026-09
unnamed-tank-near-bagalur-2,0,0,0,0,,,inaturalist-2026-09
unnamed-tank-near-bairagondlu,0,0,0,0,,,inaturalist-2026-09
unnamed-tank-near-bairasandra,0,0,0,0,,,inaturalist-2026-09
unnamed-tank-near-bairasandra-2,0,0,0,0,,,inaturalist-2026-09
unnamed-tank-near-banasawadi,0,0,0,0,,,inaturalist-2026-09
unnamed-tank-near-banavadi,0,0,0,0,,,inaturalist-2026-09
unnamed-tank-near-banavadi-2,0,0,0,0,,,inaturalist-2026-09
unnamed-tank-near-banavati,0,0,0,0,,,inaturalist-2026-09
unnamed-tank-near-banavati-2,0,0,0,0,,,inaturalist-2026-09
unnamed-tank-near-bandaiahana-palya,0,0,0,0,,,inaturalist-2026-09
unnamed-tank-near-baraguru,0,0,0,0,,,inaturalist-2026-09
unnamed-tank-near-basavanahalli,0,0,0,0,,,inaturalist-2026-09
unnamed-tank-near-begepalli,0,0,0,0,,,inaturalist-2026-09
unnamed-tank-near-belagondapalli,59,59,14,1,2022-02-27,Tachybaptus ruficollis (Little Grebe);Fulica atra (Eurasian Coot);Anastomus oscitans (Asian Openbill);Microcarbo niger (Little Cormorant);Vanellus indicus (Red-wattled Lapwing);Himantopus himantopus (Black-winged Stilt);Ardeola grayii (Indian Pond-Heron);Egretta garzetta (Little Egret);Anas poecilorhyncha (Indian Spot-billed Duck);Ardea intermedia (Medium Egret),inaturalist-2026-09
unnamed-tank-near-benakina-madagu,1,1,1,1,2025-05-28,Ochna obtusata,inaturalist-2026-09
unnamed-tank-near-benakina-madagu-2,0,0,0,0,,,inaturalist-2026-09
unnamed-tank-near-bennagere,0,0,0,0,,,inaturalist-2026-09
unnamed-tank-near-bhimapura,0,0,0,0,,,inaturalist-2026-09
unnamed-tank-near-bhimasagara,0,0,0,0,,,inaturalist-2026-09
unnamed-tank-near-bhusandra,0,0,0,0,,,inaturalist-2026-09
unnamed-tank-near-bidanapalya,0,0,0,0,,,inaturalist-2026-09
unnamed-tank-near-bidarahalli,0,0,0,0,,,inaturalist-2026-09
unnamed-tank-near-bolamaranahalli,0,0,0,0,,,inaturalist-2026-09
unnamed-tank-near-bommandapalli,9,9,4,2,2025-08-03,Saxicola caprata (Pied Bushchat);Tachybaptus ruficollis (Little Grebe);Fowlea piscator (Chequered Keelback);Porphyrio poliocephalus (Gray-headed Swamphen),inaturalist-2026-09
unnamed-tank-near-brundavana-layout,0,0,0,0,,,inaturalist-2026-09
unnamed-tank-near-buchanahalli,0,0,0,0,,,inaturalist-2026-09
unnamed-tank-near-byadarahalli,0,0,0,0,,,inaturalist-2026-09
unnamed-tank-near-byata,0,0,0,0,,,inaturalist-2026-09
unnamed-tank-near-byata-2,37,24,21,1,2025-12-21,Emberiza melanocephala (Black-headed Bunting);Hieraaetus pennatus (Booted Eagle);Lanius cristatus (Brown Shrike);Merops philippinus (Blue-tailed Bee-eater);Pastor roseus (Rosy Starling);Ploceus philippinus (Baya Weaver);Prinia inornata (Plain Prinia);Abutilon indicum (Indian Mallow);Ardea coromanda (Eastern Cattle-Egret);Celosia argentea (Quail Grass),inaturalist-2026-09
unnamed-tank-near-channadevi-agrahara,0,0,0,0,,,inaturalist-2026-09
unnamed-tank-near-channarayapatna,0,0,0,0,,,inaturalist-2026-09
unnamed-tank-near-channenahalli,0,0,0,0,,,inaturalist-2026-09
unnamed-tank-near-chikka-koratagere,0,0,0,0,,,inaturalist-2026-09
unnamed-tank-near-chikka-kukkanahalli,0,0,0,0,,,inaturalist-2026-09
unnamed-tank-near-chikka-kukkanahalli-2,0,0,0,0,,,inaturalist-2026-09
unnamed-tank-near-chikka-saggere,0,0,0,0,,,inaturalist-2026-09
unnamed-tank-near-chikka-saggere-2,0,0,0,0,,,inaturalist-2026-09
unnamed-tank-near-chikkahosahalli,0,0,0,0,,,inaturalist-2026-09
unnamed-tank-near-chikkahosahalli-2,0,0,0,0,,,inaturalist-2026-09
unnamed-tank-near-chikkamuddenahalli,0,0,0,0,,,inaturalist-2026-09
unnamed-tank-near-chikkanahalli,0,0,0,0,,,inaturalist-2026-09
unnamed-tank-near-chikkanahalli-2,0,0,0,0,,,inaturalist-2026-09
unnamed-tank-near-chikkondahalli,0,0,0,0,,,inaturalist-2026-09
unnamed-tank-near-chilenahalli,0,0,0,0,,,inaturalist-2026-09
unnamed-tank-near-chimachanahalli,0,0,0,0,,,inaturalist-2026-09
unnamed-tank-near-chinnahalli,0,0,0,0,,,inaturalist-2026-09
unnamed-tank-near-chokkandahalli,0,0,0,0,,,inaturalist-2026-09
unnamed-tank-near-chunchanakuppe,0,0,0,0,,,inaturalist-2026-09
unnamed-tank-near-dadagattamadagu,0,0,0,0,,,inaturalist-2026-09
unnamed-tank-near-dalasagere,0,0,0,0,,,inaturalist-2026-09
unnamed-tank-near-dasanapura,1,1,1,1,2021-12-12,Volkameria inermis (scrambling clerodendrum),inaturalist-2026-09
unnamed-tank-near-devaganahalli,0,0,0,0,,,inaturalist-2026-09
unnamed-tank-near-devanahalli,0,0,0,0,,,inaturalist-2026-09
unnamed-tank-near-devashettihalli,0,0,0,0,,,inaturalist-2026-09
unnamed-tank-near-dharmapura,0,0,0,0,,,inaturalist-2026-09
unnamed-tank-near-dodda-hosahalli,0,0,0,0,,,inaturalist-2026-09
unnamed-tank-near-dodda-saggere,0,0,0,0,,,inaturalist-2026-09
unnamed-tank-near-doddabettahalli,2,2,2,2,2020-09-27,Amata passalis (sandalwood defoliator);Asystasia gangetica (Chinese violet),inaturalist-2026-09
unnamed-tank-near-doddahulluru,0,0,0,0,,,inaturalist-2026-09
unnamed-tank-near-dombarahalli,0,0,0,0,,,inaturalist-2026-09
unnamed-tank-near-dyapenahalli,0,0,0,0,,,inaturalist-2026-09
unnamed-tank-near-dyavasandra,0,0,0,0,,,inaturalist-2026-09
unnamed-tank-near-dyavasandra-2,0,0,0,0,,,inaturalist-2026-09
unnamed-tank-near-eluvapalli,0,0,0,0,,,inaturalist-2026-09
unnamed-tank-near-ennigere,0,0,0,0,,,inaturalist-2026-09
unnamed-tank-near-gangodanahalli,0,0,0,0,,,inaturalist-2026-09
unnamed-tank-near-garudagallu,0,0,0,0,,,inaturalist-2026-09
unnamed-tank-near-garudagallu-2,0,0,0,0,,,inaturalist-2026-09
unnamed-tank-near-gaudanakunte,0,0,0,0,,,inaturalist-2026-09
unnamed-tank-near-giddenahalli,0,0,0,0,,,inaturalist-2026-09
unnamed-tank-near-giduganahalli,0,0,0,0,,,inaturalist-2026-09
unnamed-tank-near-giduganahalli-2,0,0,0,0,,,inaturalist-2026-09
unnamed-tank-near-gollahalli,0,0,0,0,,,inaturalist-2026-09
unnamed-tank-near-guddadahalli,1,0,0,1,2023-07-23,,inaturalist-2026-09
unnamed-tank-near-gudemaranahalli,0,0,0,0,,,inaturalist-2026-09
unnamed-tank-near-gummanahalli,0,0,0,0,,,inaturalist-2026-09
unnamed-tank-near-gummanahalli-2,0,0,0,0,,,inaturalist-2026-09
unnamed-tank-near-gundammanapalya,0,0,0,0,,,inaturalist-2026-09
unnamed-tank-near-gundlahalli,0,0,0,0,,,inaturalist-2026-09
unnamed-tank-near-hakkinalu,0,0,0,0,,,inaturalist-2026-09
unnamed-tank-near-harti,0,0,0,0,,,inaturalist-2026-09
unnamed-tank-near-hebbagodi,0,0,0,0,,,inaturalist-2026-09
unnamed-tank-near-heggadadevanapura,0,0,0,0,,,inaturalist-2026-09
unnamed-tank-near-hemapura,0,0,0,0,,,inaturalist-2026-09
unnamed-tank-near-hodekallu,0,0,0,0,,,inaturalist-2026-09
unnamed-tank-near-honnarayanahalli,0,0,0,0,,,inaturalist-2026-09
unnamed-tank-near-honnenahalli,0,0,0,0,,,inaturalist-2026-09
unnamed-tank-near-hosakote,0,0,0,0,,,inaturalist-2026-09
unnamed-tank-near-hosakote-2,0,0,0,0,,,inaturalist-2026-09
unnamed-tank-near-hullegaudanahalli,0,0,0,0,,,inaturalist-2026-09
unnamed-tank-near-huskur-kodi,0,0,0,0,,,inaturalist-2026-09
unnamed-tank-near-huskuru,0,0,0,0,,,inaturalist-2026-09
unnamed-tank-near-huskuru-2,0,0,0,0,,,inaturalist-2026-09
unnamed-tank-near-huvinayakanahalli,0,0,0,0,,,inaturalist-2026-09
unnamed-tank-near-isturu-hosahalli,0,0,0,0,,,inaturalist-2026-09
unnamed-tank-near-jigani,0,0,0,0,,,inaturalist-2026-09
unnamed-tank-near-kadaranahalli,0,0,0,0,,,inaturalist-2026-09
unnamed-tank-near-kadatippuru,0,0,0,0,,,inaturalist-2026-09
unnamed-tank-near-kadirenahalli,0,0,0,0,,,inaturalist-2026-09
unnamed-tank-near-kadugujjanahalli,0,0,0,0,,,inaturalist-2026-09
unnamed-tank-near-kadugujjanahalli-2,0,0,0,0,,,inaturalist-2026-09
unnamed-tank-near-kadukunte,0,0,0,0,,,inaturalist-2026-09
unnamed-tank-near-kaggadasapura,1,1,1,1,2021-10-03,Indothemis carnatica (White-tipped Demon),inaturalist-2026-09
unnamed-tank-near-kalanayakanahalli,1,1,1,1,2026-03-23,Nyctyornis athertoni (Blue-bearded Bee-eater),inaturalist-2026-09
unnamed-tank-near-kalkere,0,0,0,0,,,inaturalist-2026-09
unnamed-tank-near-kalludevanahalli,0,0,0,0,,,inaturalist-2026-09
unnamed-tank-near-kallukunte,0,0,0,0,,,inaturalist-2026-09
unnamed-tank-near-kamalapura,0,0,0,0,,,inaturalist-2026-09
unnamed-tank-near-kamaluru,0,0,0,0,,,inaturalist-2026-09
unnamed-tank-near-kamaluru-palya,0,0,0,0,,,inaturalist-2026-09
unnamed-tank-near-kammasandra,0,0,0,0,,,inaturalist-2026-09
unnamed-tank-near-kanakenahalli,0,0,0,0,,,inaturalist-2026-09
unnamed-tank-near-kanakenahalli-2,0,0,0,0,,,inaturalist-2026-09
unnamed-tank-near-kanegaudanahalli,0,0,0,0,,,inaturalist-2026-09
unnamed-tank-near-kannaikana-agrahara,0,0,0,0,,,inaturalist-2026-09
unnamed-tank-near-karimanne,0,0,0,0,,,inaturalist-2026-09
unnamed-tank-near-karlapura,0,0,0,0,,,inaturalist-2026-09
unnamed-tank-near-kasaraghatta,0,0,0,0,,,inaturalist-2026-09
unnamed-tank-near-katenahalli,0,0,0,0,,,inaturalist-2026-09
unnamed-tank-near-kattugollahalli,0,0,0,0,,,inaturalist-2026-09
unnamed-tank-near-kempalinganahalli,0,0,0,0,,,inaturalist-2026-09
unnamed-tank-near-kempohalli,0,0,0,0,,,inaturalist-2026-09
unnamed-tank-near-kenchanakuppe,0,0,0,0,,,inaturalist-2026-09
unnamed-tank-near-ketaganahalli,0,0,0,0,,,inaturalist-2026-09
unnamed-tank-near-kodappanahalli,0,0,0,0,,,inaturalist-2026-09
unnamed-tank-near-kodihalli,0,0,0,0,,,inaturalist-2026-09
unnamed-tank-near-kodihalli-2,0,0,0,0,,,inaturalist-2026-09
unnamed-tank-near-kodihalli-3,0,0,0,0,,,inaturalist-2026-09
unnamed-tank-near-kolala,0,0,0,0,,,inaturalist-2026-09
unnamed-tank-near-kolala-2,0,0,0,0,,,inaturalist-2026-09
unnamed-tank-near-konenahalli,0,0,0,0,,,inaturalist-2026-09
unnamed-tank-near-korlahalli,0,0,0,0,,,inaturalist-2026-09
unnamed-tank-near-kottaganahalli,0,0,0,0,,,inaturalist-2026-09
unnamed-tank-near-kugonahalli,0,0,0,0,,,inaturalist-2026-09
unnamed-tank-near-kugonahalli-2,0,0,0,0,,,inaturalist-2026-09
unnamed-tank-near-kuluvanahally,0,0,0,0,,,inaturalist-2026-09
unnamed-tank-near-kuruvelu,0,0,0,0,,,inaturalist-2026-09
unnamed-tank-near-lakkenahalli,0,0,0,0,,,inaturalist-2026-09
unnamed-tank-near-lingadaviranahalli,0,0,0,0,,,inaturalist-2026-09
unnamed-tank-near-lingapura,0,0,0,0,,,inaturalist-2026-09
unnamed-tank-near-lingapura-2,0,0,0,0,,,inaturalist-2026-09
unnamed-tank-near-machonayakanahalli,0,0,0,0,,,inaturalist-2026-09
unnamed-tank-near-madanayakanahalli,0,0,0,0,,,inaturalist-2026-09
unnamed-tank-near-madhya-venkatapura,0,0,0,0,,,inaturalist-2026-09
unnamed-tank-near-madhya-venkatapura-2,0,0,0,0,,,inaturalist-2026-09
unnamed-tank-near-madigondanahalli,0,0,0,0,,,inaturalist-2026-09
unnamed-tank-near-mahadevapura,1,0,0,1,2026-06-27,,inaturalist-2026-09
unnamed-tank-near-makenahalli,0,0,0,0,,,inaturalist-2026-09
unnamed-tank-near-mallasandra,0,0,0,0,,,inaturalist-2026-09
unnamed-tank-near-mallegaudanahalli,0,0,0,0,,,inaturalist-2026-09
unnamed-tank-near-malluru,0,0,0,0,,,inaturalist-2026-09
unnamed-tank-near-malluru-2,0,0,0,0,,,inaturalist-2026-09
unnamed-tank-near-manchenahalli,0,0,0,0,,,inaturalist-2026-09
unnamed-tank-near-mandibyadarahalli,0,0,0,0,,,inaturalist-2026-09
unnamed-tank-near-mandigere,0,0,0,0,,,inaturalist-2026-09
unnamed-tank-near-mannerampura,0,0,0,0,,,inaturalist-2026-09
unnamed-tank-near-mannerampura-2,0,0,0,0,,,inaturalist-2026-09
unnamed-tank-near-mantanakurchi,0,0,0,0,,,inaturalist-2026-09
unnamed-tank-near-maragondanahalli,0,0,0,0,,,inaturalist-2026-09
unnamed-tank-near-minakunte-hosuru,0,0,0,0,,,inaturalist-2026-09
unnamed-tank-near-minasandra,0,0,0,0,,,inaturalist-2026-09
unnamed-tank-near-mitrahalli,0,0,0,0,,,inaturalist-2026-09
unnamed-tank-near-muddalinganahalli,0,0,0,0,,,inaturalist-2026-09
unnamed-tank-near-muppenahalli,0,0,0,0,,,inaturalist-2026-09
unnamed-tank-near-muthkuru,0,0,0,0,,,inaturalist-2026-09
unnamed-tank-near-naganahalli,0,0,0,0,,,inaturalist-2026-09
unnamed-tank-near-nakkalahall,0,0,0,0,,,inaturalist-2026-09
unnamed-tank-near-nallappanahalli,0,0,0,0,,,inaturalist-2026-09
unnamed-tank-near-nallenahalli,0,0,0,0,,,inaturalist-2026-09
unnamed-tank-near-nallenahalli-2,0,0,0,0,,,inaturalist-2026-09
unnamed-tank-near-nandihalli,0,0,0,0,,,inaturalist-2026-09
unnamed-tank-near-nandihalli-2,0,0,0,0,,,inaturalist-2026-09
unnamed-tank-near-narasapura,0,0,0,0,,,inaturalist-2026-09
unnamed-tank-near-narasapura-2,0,0,0,0,,,inaturalist-2026-09
unnamed-tank-near-narasapura-3,0,0,0,0,,,inaturalist-2026-09
unnamed-tank-near-neralaghatta,0,0,0,0,,,inaturalist-2026-09
unnamed-tank-near-obanaykanapalya,0,0,0,0,,,inaturalist-2026-09
unnamed-tank-near-ojenahalli,0,0,0,0,,,inaturalist-2026-09
unnamed-tank-near-pataganahalli,0,0,0,0,,,inaturalist-2026-09
unnamed-tank-near-pattadevarapalya,0,0,0,0,,,inaturalist-2026-09
unnamed-tank-near-pemmanahalli,0,0,0,0,,,inaturalist-2026-09
unnamed-tank-near-poonapalli,1,1,1,1,2023-08-12,Milvus migrans (Black Kite),inaturalist-2026-09
unnamed-tank-near-poonapalli-2,0,0,0,0,,,inaturalist-2026-09
unnamed-tank-near-pura,0,0,0,0,,,inaturalist-2026-09
unnamed-tank-near-purushanahalli,0,0,0,0,,,inaturalist-2026-09
unnamed-tank-near-puttasandra,0,0,0,0,,,inaturalist-2026-09
unnamed-tank-near-puttayyana-agrahara,0,0,0,0,,,inaturalist-2026-09
unnamed-tank-near-ramadevanahalli,0,0,0,0,,,inaturalist-2026-09
unnamed-tank-near-rampura,0,0,0,0,,,inaturalist-2026-09
unnamed-tank-near-ravutanahalli,0,0,0,0,,,inaturalist-2026-09
unnamed-tank-near-ravutanahalli-2,0,0,0,0,,,inaturalist-2026-09
unnamed-tank-near-sampangere,0,0,0,0,,,inaturalist-2026-09
unnamed-tank-near-sasalu,0,0,0,0,,,inaturalist-2026-09
unnamed-tank-near-shashimakanahalli,0,0,0,0,,,inaturalist-2026-09
unnamed-tank-near-shrigiripura,0,0,0,0,,,inaturalist-2026-09
unnamed-tank-near-shrinivasapura,0,0,0,0,,,inaturalist-2026-09
unnamed-tank-near-shyakaladevanapura,0,0,0,0,,,inaturalist-2026-09
unnamed-tank-near-siddanahalli,0,0,0,0,,,inaturalist-2026-09
unnamed-tank-near-siddanapura,0,0,0,0,,,inaturalist-2026-09
unnamed-tank-near-sitanayakanahalli,0,0,0,0,,,inaturalist-2026-09
unnamed-tank-near-soladevanahalli,0,0,0,0,,,inaturalist-2026-09
unnamed-tank-near-soluru,0,0,0,0,,,inaturalist-2026-09
unnamed-tank-near-soluru-2,0,0,0,0,,,inaturalist-2026-09
unnamed-tank-near-somasagara,0,0,0,0,,,inaturalist-2026-09
unnamed-tank-near-somasagara-2,1,0,0,1,2026-04-01,,inaturalist-2026-09
unnamed-tank-near-sonnenahalli,0,0,0,0,,,inaturalist-2026-09
unnamed-tank-near-subramanya-ghati,0,0,0,0,,,inaturalist-2026-09
unnamed-tank-near-suddahalli,0,0,0,0,,,inaturalist-2026-09
unnamed-tank-near-sunkadahalli,0,0,0,0,,,inaturalist-2026-09
unnamed-tank-near-sunkadahalli-2,0,0,0,0,,,inaturalist-2026-09
unnamed-tank-near-suttahalli,0,0,0,0,,,inaturalist-2026-09
unnamed-tank-near-talakuppe,0,0,0,0,,,inaturalist-2026-09
unnamed-tank-near-talakuppe-2,0,0,0,0,,,inaturalist-2026-09
unnamed-tank-near-tattekere,0,0,0,0,,,inaturalist-2026-09
unnamed-tank-near-tattekere-2,0,0,0,0,,,inaturalist-2026-09
unnamed-tank-near-tattekere-3,0,0,0,0,,,inaturalist-2026-09
unnamed-tank-near-teppada-beguru,0,0,0,0,,,inaturalist-2026-09
unnamed-tank-near-thotadhaguddadhahalli,0,0,0,0,,,inaturalist-2026-09
unnamed-tank-near-timmanayakanahalli,0,0,0,0,,,inaturalist-2026-09
unnamed-tank-near-timmasandra,0,0,0,0,,,inaturalist-2026-09
unnamed-tank-near-udukunte,0,0,0,0,,,inaturalist-2026-09
unnamed-tank-near-uganavadi,0,0,0,0,,,inaturalist-2026-09
unnamed-tank-near-uliveeranapalli,0,0,0,0,,,inaturalist-2026-09
unnamed-tank-near-upasapura,0,0,0,0,,,inaturalist-2026-09
unnamed-tank-near-urati-agrahara,0,0,0,0,,,inaturalist-2026-09
unnamed-tank-near-urdigere,0,0,0,0,,,inaturalist-2026-09
unnamed-tank-near-vaddarahalli,0,0,0,0,,,inaturalist-2026-09
unnamed-tank-near-vanigarahalli,7,7,7,1,2025-07-16,Ariadne ariadne (Angled Castor);Belenois aurota (Pioneer White);Euphlyctis cyanophlyctis (Common skittering frog);Himantopus himantopus (Black-winged Stilt);Plocealauda affinis (Jerdon's Bushlark);Pycnonotus luteolus (White-browed Bulbul);Tachybaptus ruficollis (Little Grebe),inaturalist-2026-09
unnamed-tank-near-vengalammanahalli,0,0,0,0,,,inaturalist-2026-09
unnamed-tank-near-vidyaranyanagara,0,0,0,0,,,inaturalist-2026-09
unnamed-tank-near-viniyaka-layout,1,1,1,1,2023-10-01,Lestes decipiens (Scalloped Spreadwing),inaturalist-2026-09
unnamed-tank-near-virasagara,0,0,0,0,,,inaturalist-2026-09
unnamed-tank-near-vobichudahalli-obichudanahalli,0,0,0,0,,,inaturalist-2026-09
unnamed-tank-near-yaluvahalli,0,0,0,0,,,inaturalist-2026-09
unnamed-tank-near-yaramanchanahalli,0,0,0,0,,,inaturalist-2026-09
unnamed-tank-near-yekashipura,0,0,0,0,,,inaturalist-2026-09
unnamed-tank-near-yennur,0,0,0,0,,,inaturalist-2026-09
ura-kunte,0,0,0,0,,,inaturalist-2026-09
uramundinakere,13,11,6,1,2023-07-29,Passer domesticus (House Sparrow);Himantopus himantopus (Black-winged Stilt);Saxicola caprata (Pied Bushchat);Orthotomus sutorius (Common Tailorbird);Physiphora alceae;Porphyrio poliocephalus (Gray-headed Swamphen),inaturalist-2026-09
uramundinakere-2,0,0,0,0,,,inaturalist-2026-09
uramundinakere-3,32,25,21,3,2026-05-15,Alcedo atthis (Common Kingfisher);Anhinga melanogaster (Oriental Darter);Ardea purpurea (Purple Heron);Metopidius indicus (Bronze-winged Jacana);Tachybaptus ruficollis (Little Grebe);Acrida cinerea (Oriental Longheaded Locust);Acridotheres fuscus (Jungle Myna);Anthus trivialis (Tree Pipit);Ardea coromanda (Eastern Cattle-Egret);Ardea intermedia (Medium Egret),inaturalist-2026-09
uttarahalli-kunte,0,0,0,0,,,inaturalist-2026-09
uttarahalli-manavarthe-kaval-kunte4,0,0,0,0,,,inaturalist-2026-09
uttarahalli-manavarthe-kaval-kunte5,0,0,0,0,,,inaturalist-2026-09
uttarahalli-manavarthekaval-kunte1,3,2,2,2,2023-07-30,Eutropis macularia (Bronze Grass Skink);Pachliopta hector (Crimson Rose),inaturalist-2026-09
uttarahalli-manavarthekaval-kunte2,0,0,0,0,,,inaturalist-2026-09
uttarahalli-manavarthekaval-kunte3,0,0,0,0,,,inaturalist-2026-09
uttarsipalya-kere,0,0,0,0,,,inaturalist-2026-09
vabasandra-kunte1,0,0,0,0,,,inaturalist-2026-09
vabasandra-kunte2,0,0,0,0,,,inaturalist-2026-09
vabasandra-kunte3,0,0,0,0,,,inaturalist-2026-09
vabasandra-kunte4,0,0,0,0,,,inaturalist-2026-09
vabasandra-lake,0,0,0,0,,,inaturalist-2026-09
vadagehalli-kere,0,0,0,0,,,inaturalist-2026-09
vadakunte-4r,0,0,0,0,,,inaturalist-2026-09
vadakunte-low-4r,0,0,0,0,,,inaturalist-2026-09
vadarahalli-kunte,0,0,0,0,,,inaturalist-2026-09
vaddahalli-lake,0,0,0,0,,,inaturalist-2026-09
vaddarapalya-kere,0,0,0,0,,,inaturalist-2026-09
vaddarapalya-lake,0,0,0,0,,,inaturalist-2026-09
vaddarapalya-lake-2,0,0,0,0,,,inaturalist-2026-09
vaddarapalya-lake-3,0,0,0,0,,,inaturalist-2026-09
vaddarapalya-lake-4,0,0,0,0,,,inaturalist-2026-09
vaderahalli-govt-lake,0,0,0,0,,,inaturalist-2026-09
vaderahalli-kere,0,0,0,0,,,inaturalist-2026-09
vaderahalli-lake,0,0,0,0,,,inaturalist-2026-09
vaderahalli-lake-2,0,0,0,0,,,inaturalist-2026-09
vagata-kere,0,0,0,0,,,inaturalist-2026-09
vajarahalli-govt-katte,2,0,0,1,2026-05-11,,inaturalist-2026-09
vajarahalli-kere,9,9,5,1,2023-07-27,Papilio demoleus (Lime Swallowtail);Danaus genutia (Common Tiger Butterfly);Euploea core (Common Crow);Papilio polytes (Common Mormon Swallowtail);Talicada nyseus (Red Pierrot),inaturalist-2026-09
vajarahalli-kunte1,0,0,0,0,,,inaturalist-2026-09
vajarahalli-kunte2,0,0,0,0,,,inaturalist-2026-09
valagerahalli-kunte1,1,0,1,1,2026-05-29,Samanea saman (Monkey pod tree),inaturalist-2026-09
valagerehalli-kere,10,5,9,1,2026-08-27,Abutilon hirtum (Florida Keys Indian mallow);Calotropis gigantea (crown flower);Chromolaena odorata (Siam weed);Ipomoea carnea (Bush Morning Glory);Lantana strigocamara (Lantana);Mesosphaerum suaveolens (Wide Spikenard);Parthenium hysterophorus (Santa Maria feverfew);Pongamia pinnata (Indian beech tree);Vachellia farnesiana (Sweet acacia),inaturalist-2026-09
valagerekalahalli-kere,1,1,1,1,2026-08-20,Nycticorax nycticorax (Black-crowned Night Heron),inaturalist-2026-09
valagerekalahalli-kere-nw,0,0,0,0,,,inaturalist-2026-09
valyalikaval-kunte,0,0,0,0,,,inaturalist-2026-09
vanakanahalli-lake,0,0,0,0,,,inaturalist-2026-09
vanigarahalli-lake,0,0,0,0,,,inaturalist-2026-09
vannasandra-e,0,0,0,0,,,inaturalist-2026-09
vannasandra-s,0,0,0,0,,,inaturalist-2026-09
vannasandra-s-2,0,0,0,0,,,inaturalist-2026-09
vannasandra-w,0,0,0,0,,,inaturalist-2026-09
varadanakere,3,0,3,3,2026-09-07,Canthium coromandelicum (coromandel boxwood);Myllocerus paetus;Pavonia zeylonica (Ceylon Swamp Mallow),inaturalist-2026-09
varadanakunte,78,48,55,12,2026-07-25,Platycorynus peregrinus;Ploceus philippinus (Baya Weaver);Alcedo atthis (Common Kingfisher);Argemone mexicana (Mexican prickly poppy);Chiridopsis bipunctata (Indian Green Tortoise Beetle);Leptocoma zeylonica (Purple-rumped Sunbird);Ocyceros birostris (Indian Grey Hornbill);Acrida cinerea (Oriental Longheaded Locust);Anas poecilorhyncha (Indian Spot-billed Duck);Apis dorsata (Giant Honey Bee),inaturalist-2026-09
varadapura-lake,0,0,0,0,,,inaturalist-2026-09
varahasandra-kunte1,0,0,0,0,,,inaturalist-2026-09
varahasandra-kunte2,0,0,0,0,,,inaturalist-2026-09
varanasi-kunte1,0,0,0,0,,,inaturalist-2026-09
varanasi-kunte2,0,0,0,0,,,inaturalist-2026-09
varattur-lake,0,0,0,0,,,inaturalist-2026-09
varthur-lake,1391,1171,252,50,2026-08-23,Anthus rufulus (Paddyfield Pipit);Tringa glareola (Wood Sandpiper);Circus aeruginosus (Western Marsh Harrier);Prinia inornata (Plain Prinia);Spatula clypeata (Northern Shoveler);Anas poecilorhyncha (Indian Spot-billed Duck);Spatula querquedula (Garganey);Saxicola caprata (Pied Bushchat);Acrocephalus dumetorum (Blyth's Reed Warbler);Clamator jacobinus (Pied Cuckoo),inaturalist-2026-09
varthuru-kunte1,1,0,0,1,2025-06-03,,inaturalist-2026-09
varthuru-kunte10,0,0,0,0,,,inaturalist-2026-09
varthuru-kunte2,0,0,0,0,,,inaturalist-2026-09
varthuru-kunte3,0,0,0,0,,,inaturalist-2026-09
varthuru-kunte4,0,0,0,0,,,inaturalist-2026-09
varthuru-kunte5,0,0,0,0,,,inaturalist-2026-09
varthuru-kunte6,0,0,0,0,,,inaturalist-2026-09
varthuru-kunte7,0,0,0,0,,,inaturalist-2026-09
varthuru-kunte8,0,0,0,0,,,inaturalist-2026-09
varthuru-kunte9,0,0,0,0,,,inaturalist-2026-09
vasanthapura-katte,0,0,0,0,,,inaturalist-2026-09
vasanthapura-kunte,3,0,2,2,2025-08-10,Ficus racemosa (Cluster Fig);Peltophorum pterocarpum (Yellow Flame Tree),inaturalist-2026-09
vasantpur-lake,7,5,7,3,2023-11-02,Andrographis serpyllifolia;Barleria mysorensis;Dicrurus macrocercus (Black Drongo);Hygrophila auriculata (Kokilasha);Pavo cristatus (Indian Peafowl);Senna obtusifolia (American Sicklepod);Tephrosia villosa,inaturalist-2026-09
vaudevapura-lake,28,11,12,3,2024-07-31,Ariadne merione (Common Castor Butterfly);Fulica atra (Eurasian Coot);Anhinga melanogaster (Oriental Darter);Ariadne ariadne (Angled Castor);Butea monosperma (Flame of The Forest);Cletus trigonus;Ipomoea carnea (Bush Morning Glory);Leptocoma zeylonica (Purple-rumped Sunbird);Phalacrocorax carbo (Great Cormorant);Pycnonotus jocosus (Red-whiskered Bulbul),inaturalist-2026-09
veeranahalli-kunte-1,0,0,0,0,,,inaturalist-2026-09
veeranahalli-kunte-2,0,0,0,0,,,inaturalist-2026-09
veerasagara-kere,1,1,1,1,2022-08-27,Fulica atra (Eurasian Coot),inaturalist-2026-09
veerasandra-govt-kunte-1,0,0,0,0,,,inaturalist-2026-09
veerasandra-govt-kunte-2,0,0,0,0,,,inaturalist-2026-09
venateshpuram-2-lake,0,0,0,0,,,inaturalist-2026-09
venkatappana-kere,0,0,0,0,,,inaturalist-2026-09
venkatapura-kunte,2,2,2,2,2021-06-05,Micronia aculeata (Grey Swallowtail Moth);Pseudozizeeria maha (Pale Grass Blue),inaturalist-2026-09
venkatapura-lake,0,0,0,0,,,inaturalist-2026-09
venkateshapura-lake,42,25,28,13,2026-08-24,Ardea cinerea (Grey Heron);Cnemaspis mysoriensis (Mysore Round-eyed Gecko);Vanellus malabaricus (Yellow-wattled Lapwing);Actitis hypoleucos (Common Sandpiper);Anas poecilorhyncha (Indian Spot-billed Duck);Ardeola grayii (Indian Pond-Heron);Buddleja davidii (Butterfly bush);Cenchrus setaceus (Fountain Grass);Ceriagrion coromandelianum (Coromandel Marsh Dart);Corvus macrorhynchos (Large-billed Crow),inaturalist-2026-09
vibhuthipura-kunte1,0,0,0,0,,,inaturalist-2026-09
vibhuthipura-kunte2,0,0,0,0,,,inaturalist-2026-09
vibhuthipura-kunte3,0,0,0,0,,,inaturalist-2026-09
vibhuthipura-kunte4,0,0,0,0,,,inaturalist-2026-09
vibhuthipura-kunte5,0,0,0,0,,,inaturalist-2026-09
vibhuthipura-kunte6,0,0,0,0,,,inaturalist-2026-09
vibhutipura-lake,19,12,12,5,2026-05-02,Argiope anasuja (Signature Spider);Terpsiphone paradisi (Indian Paradise-Flycatcher);Ariadne merione (Common Castor Butterfly);Ceriagrion coromandelianum (Coromandel Marsh Dart);Elymnias caudata (Tailed Palmfly);Ficus racemosa (Cluster Fig);Gasteracantha geminata (Oriental Spiny Orb-weaver);Hypothymis azurea (Black-naped Monarch);Oriolus kundoo (Indian Golden Oriole);Tachyspiza badia (Shikra),inaturalist-2026-09
vidyanagar-lake,1,1,1,1,2016-10-04,Pycnonotus jocosus (Red-whiskered Bulbul),inaturalist-2026-09
vijinapura-kere,0,0,0,0,,,inaturalist-2026-09
vijinapura-kere2,0,0,0,0,,,inaturalist-2026-09
vijinapura-kunte1,0,0,0,0,,,inaturalist-2026-09
vijinapura-kunte2,0,0,0,0,,,inaturalist-2026-09
vinayakanagar-lake,0,0,0,0,,,inaturalist-2026-09
vinayakanagar-lake-1,0,0,0,0,,,inaturalist-2026-09
virapanjipura-5r,0,0,0,0,,,inaturalist-2026-09
virapanjipura-lower5,0,0,0,0,,,inaturalist-2026-09
virapura-kere,0,0,0,0,,,inaturalist-2026-09
virapura-s-kere,0,0,0,0,,,inaturalist-2026-09
viraraghavaahalli-kere,0,0,0,0,,,inaturalist-2026-09
virasagara-lake,0,0,0,0,,,inaturalist-2026-09
virasagara-lake-2,0,0,0,0,,,inaturalist-2026-09
virasandra-lake,22,21,12,2,2024-07-10,Tachybaptus ruficollis (Little Grebe);Ardea cinerea (Grey Heron);Fulica atra (Eurasian Coot);Egretta garzetta (Little Egret);Haliastur indus (Brahminy Kite);Ardea purpurea (Purple Heron);Ardeola grayii (Indian Pond-Heron);Gallinula chloropus (Eurasian Moorhen);Mycteria leucocephala (Painted Stork);Nycticorax nycticorax (Black-crowned Night Heron),inaturalist-2026-09
viswanathapura-kere,7,4,4,1,2024-04-29,Fulica atra (Eurasian Coot);Ardea cinerea (Grey Heron);Egretta garzetta (Little Egret);Nerium oleander (oleander),inaturalist-2026-09
visweswaraihnagar-lake,0,0,0,0,,,inaturalist-2026-09
visweswaraiihnagar-east-lake,0,0,0,0,,,inaturalist-2026-09
vitasandra-govt-lake,0,0,0,0,,,inaturalist-2026-09
vitasandra-kunte1,0,0,0,0,,,inaturalist-2026-09
vitasandra-kunte2,0,0,0,0,,,inaturalist-2026-09
white-field-kunte1,9,1,1,5,2024-06-23,Pongamia pinnata (Indian beech tree),inaturalist-2026-09
white-field-kunte2,0,0,0,0,,,inaturalist-2026-09
white-field-kunte3,0,0,0,0,,,inaturalist-2026-09
white-field-kunte4,0,0,0,0,,,inaturalist-2026-09
whitefield-kere,50,26,28,9,2026-09-04,Ceiba pentandra (Kapok Tree);Ipomoea cairica (Mile-a-minute vine);Justicia adhatoda (Malabar nut);Nerium oleander (oleander);Passiflora foetida (Stinking Passionflower);Plexippus paykulli (Pantropical Jumping Spider);Plumbago auriculata (blue plumbago);Solanum diphyllum (twoleaf nightshade);Brachythemis contaminata (Ditch Jewel);Caesalpinia pulcherrima (peacock flower),inaturalist-2026-09
yadamadu-lake,0,0,0,0,,,inaturalist-2026-09
yadgondahalli-lake,0,0,0,0,,,inaturalist-2026-09
yadlahalli-kere,0,0,0,0,,,inaturalist-2026-09
yalachegere-kere,0,0,0,0,,,inaturalist-2026-09
yamalur-kunte1,0,0,0,0,,,inaturalist-2026-09
yamalur-kunte2,0,0,0,0,,,inaturalist-2026-09
yamalur-kunte3,0,0,0,0,,,inaturalist-2026-09
yantiganahalli-kere,0,0,0,0,,,inaturalist-2026-09
yarandahalli-lake,0,0,0,0,,,inaturalist-2026-09
yarappanahalli-kere,0,0,0,0,,,inaturalist-2026-09
yarappanahalli-kere-2,0,0,0,0,,,inaturalist-2026-09
yartiganahalli-lake,0,0,0,0,,,inaturalist-2026-09
yedahala-lake,0,0,0,0,,,inaturalist-2026-09
yediyur-kere,104,79,44,17,2026-06-13,Nycticorax nycticorax (Black-crowned Night Heron);Ardea cinerea (Grey Heron);Ardeola grayii (Indian Pond-Heron);Egretta garzetta (Little Egret);Haliastur indus (Brahminy Kite);Anas poecilorhyncha (Indian Spot-billed Duck);Eudynamys scolopaceus (Asian Koel);Phalacrocorax carbo (Great Cormorant);Trachemys scripta (Pond Slider);Halcyon smyrnensis (White-throated Kingfisher),inaturalist-2026-09
yekkalagatta-kere-mahadevepura-kere,0,0,0,0,,,inaturalist-2026-09
yelachaguppe-karabu-katte,0,0,0,0,,,inaturalist-2026-09
yelachaguppe-kunte1,0,0,0,0,,,inaturalist-2026-09
yelachaguppe-kunte2,0,0,0,0,,,inaturalist-2026-09
yelachaguppe-kunte3,0,0,0,0,,,inaturalist-2026-09
yelachaguppe-kunte4,0,0,0,0,,,inaturalist-2026-09
yelachagupperamapura-kere,0,0,0,0,,,inaturalist-2026-09
yelachammanahalli-kere,1,0,1,1,2025-02-28,Cochlospermum religiosum,inaturalist-2026-09
yelachchahalli-kere,1,0,0,1,2022-01-11,,inaturalist-2026-09
yelahanka-lake,280,178,148,35,2026-09-03,Brachythemis contaminata (Ditch Jewel);Porphyrio poliocephalus (Gray-headed Swamphen);Fowlea piscator (Chequered Keelback);Calotes versicolor (Indian Garden Lizard);Carrhotus viduus;Fulica atra (Eurasian Coot);Hirundo smithii (Wire-tailed Swallow);Anas poecilorhyncha (Indian Spot-billed Duck);Anhinga melanogaster (Oriental Darter);Ardea cinerea (Grey Heron),inaturalist-2026-09
yelenahalli-kunte-1,47,26,36,1,2026-09-07,Cyrtacanthacris tatarica (Brown‐spotted Locust);Jamides celeno (Common Cerulean);Milvus migrans (Black Kite);Nepita conferta (Footman moth);Agriocnemis pygmaea (Wandering Midget);Anthomyia illocata (Root Maggot Fly);Ariadne merione (Common Castor Butterfly);Athene brama (Spotted Owlet);Calyptocarpus vialis (straggler daisy);Campsiura nigripennis,inaturalist-2026-09
yelenahalli-kunte-2,2,1,1,1,2023-05-20,Hyllus semicupreus (Heavy-bodied Jumper),inaturalist-2026-09
yelenahalli-kunte-3,2,0,2,1,2025-07-01,Oxycarenus hyalinipennis (Cotton Seed Bug);Stachytarpheta jamaicensis (Blue Porterweed),inaturalist-2026-09
yelenahalli-kunte-4,0,0,0,0,,,inaturalist-2026-09
yellachikuppe-lake,0,0,0,0,,,inaturalist-2026-09
yellakunte-kere-1,6,3,3,4,2026-01-05,Ficus auriculata (Roxburgh fig);Hemidactylus frenatus (Asian House Gecko);Solenopsis geminata (Tropical Fire Ant),inaturalist-2026-09
yellakunte-kere-2,1,1,1,1,2025-09-18,Oxalis corniculata (Creeping Woodsorrel),inaturalist-2026-09
yellamallappashetti-kere,136,121,59,4,2025-09-10,Colotis amata (Small Salmon Arab);Cepora nerissa (Common Gull);Merops orientalis (Asian Green Bee-eater);Acrocephalus dumetorum (Blyth's Reed Warbler);Castalius rosimon (Common Pierrot);Circus aeruginosus (Western Marsh Harrier);Himantopus himantopus (Black-winged Stilt);Spilopelia chinensis (Spotted Dove);Gomalia elma (Green-marbled Sandman);Hebomoia glaucippe (Great Orange Tip),inaturalist-2026-09
yellammanapalya-lake,4,3,3,1,2021-09-04,Cardiospermum halicacabum (Lesser Balloon Vine);Indigofera spicata (Creeping Indigo);Microstachys chamaelea (Creeping Sebastiana),inaturalist-2026-09
yellukunte-govt-lake,3,1,1,2,2026-06-26,Fowlea piscator (Chequered Keelback),inaturalist-2026-09
