{"type":"FeatureCollection","features":[{"type":"Feature","properties":{"kgisWetlandId":246,"wetlandCode":"1106","wetlandClass":"River/Stream","forestBeatId":2333,"areaM2":45931,"shapeAreaM2":272531.1,"shapeLengthM":10264.8,"labelPoint":[77.492408,12.742711],"source":"kgis-wetlands"},"geometry":{"type":"Polygon","coordinates":[[[77.4924491547118,12.7401187714612],[77.4918880252396,12.7414613567706],[77.4917477853434,12.7415219764857],[77.4912962636458,12.7422681180728],[77.4912976951841,12.7425934260826],[77.4914150997844,12.7425923570844],[77.4916858730676,12.7426550142926],[77.4919842154425,12.7424436345436],[77.4921592425597,12.7424586965579],[77.4922125689755,12.742544314085],[77.4922146982648,12.7427662634556],[77.4922170587385,12.7430407372232],[77.492237910852,12.7433320742365],[77.4923262181703,12.7435197669676],[77.4926611408857,12.7437724782943],[77.4931337384595,12.7439229371898],[77.4936771525409,12.7442092026629],[77.4940121502013,12.7444788556041],[77.4941914505904,12.7449400744901],[77.4941941929466,12.7453003921997],[77.4942834241498,12.7454361205891],[77.4946665630845,12.7453983233379],[77.4946828399801,12.745174600621],[77.4945872043132,12.7443707659938],[77.4944781942358,12.7439267521685],[77.4941793252205,12.7437580407573],[77.493635989295,12.7434892846477],[77.4931635454565,12.7433738425046],[77.4927957730215,12.743241005886],[77.492618760301,12.7430367514694],[77.4925973818882,12.7426262481038],[77.4925931881192,12.742197032743],[77.492623225201,12.7416998957901],[77.492367590095,12.7414157805524],[77.4925693492378,12.7407061139269],[77.4926682861632,12.7401719703225],[77.4926748303765,12.7400908733171],[77.4924491547118,12.7401187714612]]]}},{"type":"Feature","properties":{"kgisWetlandId":254,"wetlandCode":"1106","wetlandClass":"River/Stream","forestBeatId":2296,"areaM2":1079713,"shapeAreaM2":1373358.7,"shapeLengthM":51296.7,"labelPoint":[77.47836,12.884444],"source":"kgis-wetlands"},"geometry":{"type":"MultiPolygon","coordinates":[[[[77.4353487608444,12.8478649238853],[77.4361768899213,12.8486001357213],[77.437120530956,12.8500844613694],[77.4379914441206,12.8512516717231],[77.4381878138354,12.8513943175117],[77.4387422786586,12.8517986753741],[77.4389734992461,12.8522845662129],[77.4393223173805,12.8533460521947],[77.4400595574265,12.8547583579126],[77.4411861258846,12.8564616096724],[77.441204610945,12.8564756520667],[77.4419059201598,12.8572866047494],[77.4430403370758,12.8592044313915],[77.4435393480149,12.8603731601792],[77.4435660870547,12.8604323518838],[77.4440485576345,12.8615017455816],[77.4440869220214,12.8615863039905],[77.4441686133289,12.8618395532669],[77.4444302650832,12.8624354437183],[77.4457751825675,12.8659044064421],[77.4462676353621,12.8671488355683],[77.4464407460364,12.8675039292232],[77.4469089519756,12.8687320792613],[77.448252142719,12.8717802657177],[77.448563479611,12.8734857423371],[77.4490635568932,12.8738140531464],[77.449676112125,12.8740520944297],[77.4502417470636,12.8740909613653],[77.4508285999158,12.8739749874928],[77.4512554750624,12.8736151314944],[77.4514134645635,12.8733958995739],[77.4516561625943,12.8730571446761],[77.4517189909964,12.872937712669],[77.4525220385456,12.8714083105777],[77.4531491056381,12.8707364186802],[77.453713107274,12.8706651535156],[77.4541229766228,12.8709051635193],[77.4541741438449,12.8710201642157],[77.4543311155578,12.8713685417937],[77.4543161260358,12.872167206125],[77.4544568991489,12.8727652842812],[77.4547793354444,12.8732936983502],[77.4553026418953,12.8736659525848],[77.4558704795973,12.8739487833265],[77.4562242717878,12.8740026466916],[77.4562784390295,12.8740114559317],[77.4566163471389,12.8738535915456],[77.4567636347659,12.8735575917959],[77.4568606892405,12.8733634641501],[77.4568780646797,12.8728528284683],[77.4568722201086,12.8722988018279],[77.4568875818079,12.871588242666],[77.4572189683949,12.8707204751416],[77.4573893253559,12.8696325547428],[77.4574730163245,12.8690109422779],[77.4578087085948,12.8686079716466],[77.4578224450287,12.8685887115393],[77.4579197392256,12.8684510610903],[77.4581683918241,12.8684274235404],[77.4584868985006,12.8685791399854],[77.4585611471395,12.8687047743744],[77.4589897241251,12.8687436343083],[77.4593193105376,12.8690602194175],[77.4593953144691,12.8690593344054],[77.4597096005856,12.868767147917],[77.4597540944826,12.8686698190512],[77.4598419402011,12.868477987418],[77.4598611312873,12.8681220939335],[77.4598804275409,12.8677904862185],[77.4599229355969,12.8675005751558],[77.4601927002538,12.8672995058475],[77.4605542987859,12.8672962881489],[77.4607814495077,12.8673608453961],[77.4609200218993,12.8677138143487],[77.4609917925554,12.8680653703502],[77.4610153147834,12.8681782264371],[77.4612681879378,12.8685979220269],[77.4612832527447,12.8686193196439],[77.4616122240935,12.8690595914839],[77.4618425492644,12.8695906422769],[77.4621634580798,12.8700298168946],[77.462414221824,12.8702275609883],[77.462896077205,12.8708665528546],[77.4634232289185,12.8715928920072],[77.4636764956932,12.8721012528118],[77.4637116353677,12.8732984384774],[77.4635773126715,12.8757834752355],[77.4631195640215,12.8775175919008],[77.4628618998601,12.8789165118081],[77.4628643064678,12.8792056697461],[77.4628684374053,12.8796269778522],[77.4629402263887,12.8799807915483],[77.4632360129557,12.8802003703866],[77.4632843698021,12.8801973413059],[77.4636424434329,12.8801738011085],[77.4639201167953,12.8799354186366],[77.4642700828097,12.8796362984813],[77.4645380206768,12.8792782236915],[77.4646345333652,12.8792252904888],[77.4647850423126,12.8791421954078],[77.4652164320407,12.8792939890006],[77.4654027382424,12.8797619664647],[77.4654714412136,12.8799350621316],[77.4657515984444,12.8807974231645],[77.4661174484943,12.8812375309453],[77.4663236962991,12.8815235644292],[77.4664103596999,12.8815892750941],[77.466650719087,12.8817746337426],[77.4666945692642,12.8817942145755],[77.4669828322515,12.8818720606769],[77.4673905156128,12.8818680712972],[77.4677055855508,12.8817543427174],[77.468290321376,12.8814158147576],[77.4686203124169,12.8812907264674],[77.4695516476492,12.8809388634284],[77.4706321534612,12.8804621106285],[77.4725709076452,12.8797783747808],[77.4735389354126,12.8793924553616],[77.4741917026506,12.8790756511236],[77.4747335369668,12.8789372251393],[77.4750916957939,12.878934000725],[77.4751400639047,12.8789332290993],[77.4755252955874,12.8790631756475],[77.4755970066425,12.8793955233001],[77.4754805545316,12.8796275798719],[77.475397218932,12.8797956752254],[77.4750847705727,12.8802426208435],[77.4750441066027,12.8806867106838],[77.4750290877627,12.8814633443785],[77.4752295759821,12.8817471358017],[77.4754648336433,12.8820804785502],[77.476991125479,12.8831955962945],[77.4773224951404,12.8836465636489],[77.4776909599622,12.8838900985],[77.4783858066933,12.8850206282411],[77.4784795933204,12.8851337471815],[77.4785100572261,12.8852516544227],[77.478668233824,12.8858637598759],[77.4786728831856,12.8863963247502],[77.4789257011878,12.8867922787892],[77.4792890645849,12.8869223124229],[77.4793386001528,12.8869249231917],[77.4798996410862,12.8869603546659],[77.4799571664622,12.8869465532052],[77.481253783789,12.8866371312108],[77.4820216504723,12.8865632320712],[77.4824744520263,12.8866036420015],[77.4827598982297,12.8868238047336],[77.4828153720038,12.8868670543978],[77.482865698741,12.8873090573464],[77.4827361028434,12.887954026012],[77.4822738187722,12.8891561662519],[77.4819868288474,12.8898904809311],[77.4817242453504,12.8901536670479],[77.481650857878,12.8902268391531],[77.4813501207864,12.8904568666655],[77.4812580441694,12.8904708182486],[77.4807848091267,12.8904993971757],[77.4804987085713,12.8903927542971],[77.480134750616,12.8901294375572],[77.4798860885731,12.8901547916907],[77.4795261994841,12.8902913188467],[77.4794083224062,12.8904618227554],[77.479280151044,12.8906481850526],[77.4792859539445,12.8911807440089],[77.47917937732,12.8918244825838],[77.4790947847755,12.8924912827906],[77.478948213319,12.8926845009712],[77.4787386588207,12.8929598823033],[77.4783244220042,12.8933101271984],[77.4779973970129,12.8935877062397],[77.4774376154491,12.8941034890553],[77.4769676638043,12.8946183209548],[77.4766309952325,12.8947987974042],[77.4763588984498,12.8947344496528],[77.475951001343,12.8946944032932],[77.4756579984279,12.894852100577],[77.4754811402866,12.8952306935196],[77.4755083298243,12.8956519010503],[77.475739955829,12.8962038262955],[77.4762189148941,12.8966880482026],[77.47676373065,12.8969573725],[77.4775370987702,12.8973403650112],[77.4784000507833,12.8976653622304],[77.4785844822112,12.8979605144912],[77.4786761098779,12.8981052685765],[77.4787016667059,12.8984157865091],[77.4787486158309,12.8986149506981],[77.4787352516578,12.8995022717629],[77.4788777371869,12.9002098902334],[77.4790860544858,12.9006969622738],[77.4794056907699,12.9010926271207],[77.4794986568727,12.901279167959],[77.4796137076972,12.9015113623895],[77.4797305466603,12.9018875657495],[77.479642846321,12.9021110300089],[77.479633726523,12.9021325306326],[77.4792667815871,12.9030230649233],[77.4789157860453,12.9041354884681],[77.4786773688188,12.9051807849702],[77.4786137697083,12.9056464336541],[77.4786389395807,12.9058688472708],[77.4785974346088,12.9061209158534],[77.4786394050079,12.906235385712],[77.4787233394026,12.9064631942513],[77.4790571766847,12.9066820229348],[77.4794949943276,12.9067117679845],[77.4802461999805,12.9067633213271],[77.4809801239365,12.9068138167864],[77.4816798791828,12.9066910713433],[77.482393904233,12.9064095603925],[77.4829152076853,12.9060447267873],[77.4832940115609,12.905493566063],[77.4832212335576,12.9051849486279],[77.4831379040693,12.9048345817642],[77.4831960853327,12.9044480247537],[77.4832453199142,12.9041219369517],[77.4836110396727,12.9039978029825],[77.4839802818894,12.9041486991437],[77.4840877650435,12.9044910550123],[77.4844748907839,12.904778547928],[77.484846992252,12.9050542467175],[77.4853013645058,12.9051816170133],[77.4857211477905,12.9053006652444],[77.4863058381316,12.9054647459089],[77.4866882796746,12.9057341830551],[77.4869886940149,12.9059469344114],[77.4870433855675,12.9063313085004],[77.4870814603293,12.9066050590832],[77.4867166497313,12.9069342078656],[77.4861605707556,12.9072483691056],[77.4856713761233,12.9073210814303],[77.4850498181341,12.9074152604537],[77.4846619145669,12.9074728488138],[77.4844347572661,12.9076760192774],[77.4844031845008,12.908088441897],[77.484565332476,12.9085497282604],[77.4850075873403,12.9090595043324],[77.4857621338358,12.9093431493152],[77.486935701991,12.90957245387],[77.487656214753,12.9097133510751],[77.4880689205184,12.9097934561489],[77.488374241962,12.9100722612334],[77.4883941237088,12.910398614903],[77.4880838250832,12.9108128097948],[77.4879145759415,12.9113461255896],[77.487551372186,12.9117786212806],[77.487280978089,12.9121017146884],[77.4873308991728,12.9124488342604],[77.48759580069,12.912703530655],[77.4878433545762,12.9129419228172],[77.4881926460297,12.9130064878169],[77.4885943114599,12.9129335846932],[77.4891555364348,12.9129972295569],[77.4896164998082,12.9130488834113],[77.4899110155122,12.9134864349333],[77.490239158164,12.9139735396362],[77.4904339010237,12.91502486812],[77.4906864951263,12.9163916537086],[77.4910516108101,12.9174190844044],[77.4914248925541,12.9184690706386],[77.4914170156735,12.919026536574],[77.4917032728281,12.9196753458555],[77.4921813483599,12.9202024594258],[77.4925263107103,12.9205844383646],[77.4930624793464,12.9209650207522],[77.4940551002654,12.9216723101011],[77.4945947194899,12.9217936420943],[77.4945561597818,12.9216712555618],[77.4945995065624,12.9215767489535],[77.4946947255213,12.9214904879888],[77.4948546340534,12.9214457380784],[77.4950066807019,12.921445639224],[77.494873648612,12.921319145783],[77.4944629391143,12.9211752263802],[77.4937811138827,12.9209359098157],[77.4932118568562,12.920368534427],[77.4927036593336,12.9200606862351],[77.4922720662816,12.9196248653348],[77.4920834546261,12.9191749977148],[77.4917108891488,12.9182865345013],[77.4915585540428,12.9174479429298],[77.4914357068669,12.9167639716749],[77.4911841588061,12.9153745918634],[77.4908452567619,12.9142837920542],[77.4904380716303,12.9136360699995],[77.4900784705516,12.913068339484],[77.48956214926,12.9127424466977],[77.4889423107119,12.912707859487],[77.4883593374932,12.9126748070032],[77.4878908954567,12.9124955440327],[77.4876775156623,12.9121711587043],[77.487884536009,12.911842692755],[77.4881784775806,12.9113760452489],[77.4885376161903,12.910806889175],[77.488794959925,12.9103991361863],[77.4887921107937,12.9100179267088],[77.488474846709,12.9096437254988],[77.4877675728403,12.9093717450173],[77.4869322557896,12.9093154960986],[77.4862386507271,12.909267667381],[77.4855877350578,12.9089767992728],[77.4851653319394,12.9087877306129],[77.4848436041095,12.908444608014],[77.4848411551658,12.9081520647336],[77.4850314344665,12.9079445346463],[77.4855895828691,12.9078365097462],[77.4863928543072,12.9076811115907],[77.4868617547702,12.9074475247126],[77.4872937576057,12.9069463942922],[77.4874817398009,12.9064819005726],[77.4874242412372,12.9059845826396],[77.4871056066234,12.905559556607],[77.4865245224616,12.9051701171357],[77.4857528648606,12.9049209990092],[77.4852078688318,12.9046172456259],[77.484654794761,12.9043095723517],[77.4842924978904,12.9039067574634],[77.4837650105405,12.9036543194707],[77.4832583190177,12.9036762725149],[77.4828307485186,12.903878611222],[77.4826890152939,12.9043846965444],[77.4827485595919,12.9050864564788],[77.4826123246961,12.9055337814234],[77.4823533176562,12.9058274517664],[77.4817442537386,12.906141832746],[77.4811374895941,12.9064556359681],[77.4804360009065,12.9064467946423],[77.4798946209988,12.9064395220972],[77.4792576353503,12.9064309653607],[77.4790823721921,12.906127304529],[77.4790162201753,12.9060140679616],[77.4790920655289,12.9059747721675],[77.4791198929236,12.9057555196661],[77.479155463319,12.9054639426373],[77.4791960200785,12.9049972630214],[77.4793239980129,12.9042433013501],[77.479474608552,12.9033983131201],[77.479738876569,12.9027307416747],[77.4799071505731,12.9024956356102],[77.4800731246481,12.9022611042569],[77.4802727195041,12.9018157674862],[77.4802471633503,12.9015058148545],[77.4800626649908,12.9011965460896],[77.4798181153497,12.9008513900677],[77.4797196000932,12.9007123128272],[77.4793165203439,12.9004610248092],[77.4792633974599,12.9004290609052],[77.4789671858858,12.900121400582],[77.4789633176653,12.8997667375768],[77.4790700851737,12.8991659209505],[77.479133777592,12.898721733525],[77.4792819523762,12.8983692411715],[77.4793104375838,12.8982990862731],[77.4793062756981,12.8978777812799],[77.4792575206393,12.8977915796253],[77.4791449170113,12.8975915671051],[77.478712512006,12.897218412098],[77.4778961189827,12.8970039123192],[77.4770097502487,12.8965914722734],[77.4769543615659,12.8965679887539],[77.4765332116959,12.8963958419974],[77.4762372015972,12.8961322296101],[77.4760975373905,12.895801868541],[77.476318917116,12.8953332848315],[77.4768138427589,12.8949968164298],[77.4772417850453,12.8948808977055],[77.47784822993,12.8944993315194],[77.4784303585731,12.8938275732733],[77.4785129723495,12.8937566218929],[77.4791704675668,12.8931997536851],[77.4794596941825,12.8927088494363],[77.4796578392972,12.8921968756815],[77.4796523314388,12.891731522727],[77.4796942391824,12.8913100204097],[77.4798265599019,12.8910197210743],[77.479823845154,12.890665617249],[77.4799132832229,12.8905754338794],[77.4801159787984,12.8905734338694],[77.4803434489319,12.8907046140131],[77.4807300458,12.8908780321969],[77.4808891789365,12.8909219662002],[77.4811827572382,12.8908964181243],[77.4816783485161,12.8907141234791],[77.4820782368479,12.8902464614777],[77.4822145930356,12.8900883022163],[77.4825890828442,12.8890864708379],[77.4828255774084,12.8883936019954],[77.4830063488906,12.8878619330262],[77.4832700627624,12.8873344255001],[77.4832680718526,12.8868843068459],[77.4832426126493,12.8865963812426],[77.4831273209818,12.886308841779],[77.4829445724761,12.8861328525694],[77.4825598236637,12.88611530712],[77.4821984952429,12.8861852002502],[77.4816116371682,12.8863018098937],[77.4811374449741,12.8863727510708],[77.4805507780348,12.8865328453881],[77.480144534775,12.88660349409],[77.4797380969154,12.8866300888036],[77.4797173670284,12.8866301786145],[77.4795123704242,12.886632187824],[77.4792397973251,12.8864577116422],[77.4791914021399,12.8861913448775],[77.4792297601042,12.8857483951393],[77.4792319587916,12.8857246652466],[77.479249097037,12.8851705450854],[77.4790412878315,12.8847952952714],[77.4783345022843,12.8840929190285],[77.4769401250209,12.8825977151212],[77.476051293408,12.8818746502636],[77.4757497377272,12.8816551120653],[77.4753904125931,12.8813934620133],[77.4753518270456,12.8812614691461],[77.4752500755501,12.880907222418],[77.4754034002136,12.8804169052667],[77.4756284393727,12.8799968775207],[77.4757141170488,12.8798378086654],[77.4759603559185,12.8795249982972],[77.4760465178894,12.8792140015486],[77.4760459127797,12.8790761987102],[77.4760442950531,12.8789700266495],[77.4759971510766,12.8787251158215],[77.4758824624783,12.8785719856673],[77.4755868676322,12.8783976038616],[77.475179188724,12.8784010412182],[77.4745933017907,12.8784735761054],[77.474007038733,12.8787228879749],[77.4734004307026,12.8790603915763],[77.4724098622877,12.8795587977609],[77.4706068085924,12.8801967724618],[77.4692320479168,12.8805420528146],[77.4681714921899,12.8808408104912],[77.4675403041691,12.8810908640561],[77.4672253335919,12.8812271829866],[77.4670965061567,12.8812644402373],[77.4669101662003,12.88131832112],[77.4666147647545,12.8811879806903],[77.4664296281382,12.8807245158016],[77.4661052261475,12.8800170936177],[77.4655776606222,12.8792015286379],[77.4652352323645,12.878849991517],[77.465182174727,12.8788315794303],[77.4648038498871,12.8786998927608],[77.46439780113,12.8788140038602],[77.4641515481956,12.8791268040109],[77.4638755399608,12.8794832187501],[77.4638400350836,12.8795285509571],[77.4636830342044,12.8797082507233],[77.463412782765,12.8797991941044],[77.4632879825795,12.8797031447159],[77.4631851394458,12.8796239453904],[77.4633383021154,12.8790907092687],[77.463388548451,12.8789922251672],[77.4633963647072,12.8789357149149],[77.4637508193155,12.8775488101753],[77.4640662259057,12.8759226018953],[77.4640458231684,12.875202593612],[77.4641636466998,12.8734275566866],[77.4641715856097,12.8718082978282],[77.463634978577,12.8710266518682],[77.4635515299699,12.8709044472235],[77.4630261994146,12.8703322844409],[77.4625818774746,12.8698501448651],[77.4625008786394,12.8697618159939],[77.4621932954417,12.8684110292623],[77.4621517360052,12.8681220373577],[77.4620721825686,12.8675694523559],[77.4619975902951,12.8673647514368],[77.4618857195765,12.8670613717296],[77.4616346759976,12.8667981136674],[77.4612496625299,12.866712761485],[77.4607060163636,12.8666952855392],[77.4601652563909,12.8668122150426],[77.4598061529618,12.8671260514941],[77.4594714232943,12.8674838385377],[77.4591342891171,12.8678184787635],[77.4587787864068,12.8679001737075],[77.4587293152864,12.8679116780532],[77.4583895960556,12.8679148010706],[77.4581178218879,12.8679176387013],[77.4581074575491,12.8679176826115],[77.4577343411215,12.8679209463749],[77.4574625668034,12.8679237824244],[77.4571926146601,12.8680819254969],[77.4569705451888,12.8683946185482],[77.4569746663884,12.8688159279364],[77.4569773448352,12.869170035668],[77.4569813723559,12.8695698835332],[77.4569852057733,12.8699245514438],[77.4569431686047,12.8703245927182],[77.4567215724229,12.8707474150776],[77.4564537254035,12.8711275086215],[77.4563683047702,12.8716158391881],[77.4563727114149,12.8721037919531],[77.456378175443,12.8725697140245],[77.4563822951889,12.8729910234841],[77.4563669411408,12.8731695598341],[77.456361465561,12.8732350970103],[77.4561807535867,12.8732578825148],[77.4557943940145,12.8731296043153],[77.4554072657317,12.8728228588686],[77.4549970095807,12.8724936183425],[77.4547436644474,12.8719632207302],[77.4547166121088,12.8715645981671],[77.4547139116067,12.8712048430817],[77.4547116362987,12.8709439236603],[77.4546612629225,12.8704781895097],[77.4545187690707,12.8702828073523],[77.454500238608,12.8702586001354],[77.454161570748,12.8702391237565],[77.4536640770068,12.870243466846],[77.4533704183888,12.8702463910714],[77.4526730164313,12.870629974867],[77.4520670627189,12.871123305995],[77.4516475558729,12.8721252900997],[77.4512712360266,12.8729938043245],[77.450892434347,12.8735528282675],[77.4506008731782,12.873777135154],[77.4501712230628,12.8737585985781],[77.4495570423168,12.8734098693557],[77.4488063043683,12.8729063913069],[77.4484542622852,12.8716466996989],[77.4481791154706,12.8705933960851],[77.44803160413,12.8700314870489],[77.4476808534277,12.869071687624],[77.4473140122545,12.8681187317588],[77.4470253664856,12.8674077409474],[77.4464460422011,12.8660473305386],[77.4455430526306,12.8641319501678],[77.4453175349263,12.8633687351686],[77.4451594603633,12.86302769782],[77.4445599580898,12.8617916160202],[77.444495957442,12.8616365662222],[77.4440502830857,12.8605545950626],[77.4428983079924,12.8583024940845],[77.442046094886,12.8566692790721],[77.4415918915458,12.8560148799288],[77.4413114971282,12.8556122182721],[77.4405570202275,12.854753477844],[77.4400855293596,12.8540940628437],[77.439846896137,12.8537618260581],[77.4397207698425,12.8533477952348],[77.4395432725609,12.8527679285552],[77.4395583111972,12.851968695674],[77.439373620686,12.8515933111604],[77.4388955736782,12.8512869117607],[77.4385220075929,12.850906658098],[77.438096403141,12.8504746590456],[77.4371351112,12.8491750962571],[77.4359450847234,12.8477008211486],[77.4358222732954,12.8475912202798],[77.4353487608444,12.8478649238853]]],[[[77.434637043581,12.8410472626086],[77.4337267306779,12.8432148991869],[77.4340621541874,12.8451768315152],[77.4343036648353,12.8454894988866],[77.4341795280797,12.8451880032016],[77.4339910539101,12.8444579440145],[77.4340756709559,12.8437696866327],[77.4343591507572,12.8427247968887],[77.4344577194515,12.8426148226598],[77.4347167289011,12.8423217649213],[77.4348701227081,12.8418325942009],[77.4348657653311,12.841345200843],[77.4350281444336,12.8394366839687],[77.4350663208591,12.838659380565],[77.4349653925314,12.8376623821851],[77.4346618074659,12.8366673461936],[77.434288295451,12.835472661908],[77.4342013146953,12.833411546387],[77.4340704541108,12.8315940335481],[77.4340321762417,12.8298862743412],[77.4339720883201,12.8284677756828],[77.433844842504,12.8269603159415],[77.4339258525385,12.8259625689467],[77.4338519431719,12.8253636320491],[77.4341213178367,12.8245272071045],[77.4342682300542,12.8238674980337],[77.4344130487263,12.8235314205099],[77.4354336681019,12.8225428078186],[77.4357134339749,12.8219881680233],[77.4358121986257,12.8211066940168],[77.4356805907474,12.8204780616969],[77.4353962718432,12.8199511520807],[77.4351635534428,12.8193732000605],[77.4350577950571,12.8185936626733],[77.4346432514659,12.8177645618268],[77.4346635228974,12.8171093241799],[77.4353193820714,12.8159092845213],[77.4355319118529,12.815521532897],[77.4358632690039,12.8149158505439],[77.4363728793525,12.8142597341254],[77.4368061769011,12.8135282493189],[77.4368289623137,12.8129243970071],[77.4367748019745,12.8120938176055],[77.4366146894654,12.8107107469655],[77.4366632438185,12.8103075729058],[77.4360441576313,12.8103540575121],[77.4360445643513,12.8103922877411],[77.4360473138299,12.8107718135784],[77.4360510814888,12.8111197068807],[77.436041267183,12.811213219045],[77.436044468264,12.8118869055052],[77.4360583525118,12.8120261614429],[77.4360721806065,12.8120289292743],[77.4360468218933,12.812295612517],[77.4360464214422,12.8122979625228],[77.4360468389549,12.8123858302755],[77.4361253521038,12.8126251258236],[77.4361497337894,12.8126730327035],[77.4361797210668,12.8132320498148],[77.4360778000932,12.8133634985377],[77.4360117407187,12.8138082574942],[77.4351707732034,12.8150700551946],[77.4346406854854,12.815786120851],[77.4345256069204,12.8160746338492],[77.4342638718086,12.8165354446093],[77.4340887181301,12.8167761973962],[77.4340897536979,12.8168821456898],[77.4350405317393,12.8191466952406],[77.4349129761319,12.8199907690902],[77.4351173536254,12.8207068525218],[77.4351201091405,12.8213614303067],[77.4347905287274,12.8221179035284],[77.4340145769955,12.8229665732594],[77.4337944028012,12.8234548869187],[77.4335764969801,12.8239352852639],[77.4334497268267,12.8244565385089],[77.4334253190797,12.8246763409365],[77.4333909451318,12.8249905041485],[77.4333518985786,12.8250149495497],[77.4333542949991,12.825310888552],[77.4333565285403,12.8255684221215],[77.4336060908346,12.8279604036772],[77.4335142831361,12.8302238819895],[77.4335825265937,12.8324861398288],[77.4337118565107,12.8342144227556],[77.4339775281269,12.8360522784666],[77.4341168160834,12.8365888188003],[77.4343270286997,12.8383805894883],[77.4344226173307,12.8397503699376],[77.4342644694137,12.8407049344511],[77.434637043581,12.8410472626086]]]]}},{"type":"Feature","properties":{"kgisWetlandId":256,"wetlandCode":"1106","wetlandClass":"River/Stream","forestBeatId":2548,"areaM2":104504,"shapeAreaM2":492710.1,"shapeLengthM":17492.3,"labelPoint":[77.815547,12.923605],"source":"kgis-wetlands"},"geometry":{"type":"MultiPolygon","coordinates":[[[[77.8314884780965,12.8769546942607],[77.8320345965664,12.8749115942706],[77.831491055874,12.8757104262793],[77.8313982147734,12.8767776818389],[77.8314715131591,12.8769614190695],[77.8314884780965,12.8769546942607]]],[[[77.8299678258176,12.8783784922019],[77.8297524838792,12.8785318940919],[77.8296042993831,12.879190612382],[77.829753052514,12.8794246938347],[77.8297335974773,12.8794456976446],[77.8298443747913,12.8796839453262],[77.8301258611192,12.8797721489536],[77.8305335737131,12.879982183931],[77.8306938048002,12.8804082002861],[77.8307028424068,12.8811721984798],[77.8308627220336,12.881537227065],[77.8311467843027,12.8818704988272],[77.8315621561337,12.8820690378068],[77.8314422074701,12.8814030474151],[77.8313278312525,12.8813188897009],[77.8311329626936,12.8806790450758],[77.831003820625,12.8802528528365],[77.830781761209,12.8798881741218],[77.830278215497,12.8794352909949],[77.830274550493,12.8792003929257],[77.8304423956211,12.8791004041646],[77.8299678258176,12.8783784922019]]],[[[77.8315381260902,12.8841777935763],[77.83133316743,12.8846195715337],[77.8313293631933,12.8846856600657],[77.8315381260902,12.8841777935763]]],[[[77.8250483763426,12.8976714780263],[77.8246618009155,12.8957324713687],[77.8249765356695,12.8952614223772],[77.8245301112493,12.8954454498588],[77.8243950665074,12.8959900220669],[77.824422279991,12.896713260651],[77.8246133622431,12.8968974109198],[77.8247917630676,12.8972781529986],[77.8250108816691,12.8975310405195],[77.8250302912537,12.8977010199995],[77.8250483763426,12.8976714780263]]],[[[77.8213937378906,12.9028275982967],[77.8213447419943,12.9024423706527],[77.8212299780717,12.9024990977691],[77.8211557817288,12.9026135852592],[77.8210918546843,12.9027116386229],[77.8210179406957,12.9030745960428],[77.8210704575925,12.9031945842998],[77.8211813433032,12.9034509057507],[77.8212839248256,12.9035687084454],[77.8213937378906,12.9028275982967]]],[[[77.8212853116845,12.9052153310846],[77.8212803372547,12.9052376530195],[77.8209968459578,12.9056051730408],[77.8210582769377,12.9062717493134],[77.8212592197054,12.906766436011],[77.8215697913709,12.9071981363979],[77.821863624488,12.9065521660368],[77.8214394954503,12.9062746939725],[77.8215313231901,12.9058229768281],[77.82151556858,12.9057015187383],[77.8212853116845,12.9052153310846]]],[[[77.8212738835781,12.9079347078399],[77.8211561724856,12.9080675373887],[77.8210034026094,12.9083366307931],[77.8208112573805,12.9085681083947],[77.8207352425861,12.9091659970414],[77.8209417626383,12.9098283705859],[77.8209503405036,12.9105161375385],[77.8209331409006,12.9109530412256],[77.8210509521285,12.9107866019876],[77.8211649197024,12.909328653586],[77.8210740893629,12.9092098380666],[77.8210728011767,12.9091861281042],[77.8211343980292,12.9086843213601],[77.8212280920412,12.9085205076832],[77.8212738835781,12.9079347078399]]],[[[77.8163856626098,12.915101557918],[77.8163132033336,12.9154392544582],[77.8162563818131,12.9161720002508],[77.8161952453302,12.9165552147676],[77.8161992003182,12.9168420653804],[77.8162020034784,12.9171289220884],[77.8162702674097,12.9173832236237],[77.8164032050414,12.9176682229864],[77.816536146597,12.9179537867299],[77.8168976648272,12.9183323786386],[77.817069976511,12.9188543355014],[77.8172656708185,12.9194365843523],[77.8172774462349,12.9194713414957],[77.8174919989343,12.9191742200199],[77.81745420189,12.918640388148],[77.8174438472036,12.918578358831],[77.8168264133105,12.9177595979074],[77.8166595230789,12.9173787885411],[77.8165925930174,12.9171561023134],[77.8164875824185,12.9165208265498],[77.8165449455527,12.9158823845555],[77.8165869805417,12.9156208128293],[77.8163856626098,12.915101557918]]],[[[77.8167973265732,12.9202415830766],[77.8166950085024,12.9203393584635],[77.81646042772,12.9206038241972],[77.816444882001,12.9207044293878],[77.8163772898086,12.920966833018],[77.8162330634153,12.9211218054412],[77.8161095553247,12.9212744026419],[77.8160339562627,12.9215464503541],[77.8160049453877,12.9219085906479],[77.815998985042,12.9220735194304],[77.8159920614162,12.9222712064011],[77.8158562929599,12.9226949321912],[77.8156876715544,12.9230138065147],[77.815160361478,12.923846877648],[77.8150554479137,12.9240287348591],[77.8150607653565,12.9245521899795],[77.8151109995542,12.9250753953374],[77.8152957347981,12.9255543651593],[77.8156624046881,12.9264253538911],[77.815848401384,12.927122858805],[77.8158493246211,12.9272197970734],[77.8161586600299,12.9269755772615],[77.8157890192878,12.9258119368443],[77.8154675213119,12.9249847426511],[77.8155033009477,12.9241979025724],[77.8158946920192,12.9233627683696],[77.8163302359709,12.9223952450746],[77.8165401996481,12.9212561820418],[77.817024582947,12.920770080501],[77.8171515276475,12.9206232528406],[77.8167973265732,12.9202415830766]]]]}},{"type":"Feature","properties":{"kgisWetlandId":259,"wetlandCode":"1106","wetlandClass":"River/Stream","forestBeatId":2363,"areaM2":345140,"shapeAreaM2":594090.4,"shapeLengthM":15961.9,"labelPoint":[77.338019,12.957234],"source":"kgis-wetlands"},"geometry":{"type":"MultiPolygon","coordinates":[[[[77.3344799453909,12.9487932627492],[77.3344463736919,12.9490218450523],[77.3342146689332,12.9507798007494],[77.3340382096367,12.951925872469],[77.3339550433613,12.9524678262772],[77.3339589287097,12.9528784187648],[77.3340524227447,12.9535225033644],[77.3341568237479,12.9537079289295],[77.3344842011741,12.954355087371],[77.3347325938243,12.954536018626],[77.3345624528613,12.9546309791581],[77.3345202333784,12.9547367556634],[77.3344895326979,12.9548419219983],[77.3344272867442,12.9557300182987],[77.3345546069675,12.9567800625771],[77.3346529972889,12.9574981158842],[77.334472901975,12.9588966668248],[77.3343692801882,12.959212777093],[77.3340929698231,12.9595617307268],[77.333945123398,12.9597627886742],[77.3339133937719,12.959900153948],[77.3338844933328,12.9601736250053],[77.3339268133006,12.960990727303],[77.3339355808527,12.9611731243235],[77.3341094029706,12.9620320928325],[77.3342497618579,12.9622795116666],[77.3342998475653,12.9624210868476],[77.3343563988273,12.9630438459879],[77.3343568991988,12.9640700812231],[77.3341685610485,12.9645271442591],[77.334097766422,12.9646923310483],[77.3340869076329,12.964864070803],[77.334128154039,12.9651033902518],[77.334341971047,12.9652782381591],[77.3344022246028,12.9653672493363],[77.3344710165265,12.9655787899418],[77.3344714954182,12.9657030434592],[77.3343278733853,12.9661040242653],[77.3338731055205,12.9664864068842],[77.3343918106739,12.9665505384897],[77.3346801719594,12.9666358684896],[77.3347401164723,12.9666446801463],[77.3348092802661,12.9666540217046],[77.3349114806985,12.9665660930676],[77.3348777968803,12.9664956194755],[77.3348151168146,12.9663749890939],[77.3347975385354,12.966298242799],[77.3347799677822,12.9662231906728],[77.334801264385,12.9660694861359],[77.3348596191355,12.9659647790324],[77.3349030941332,12.965885544024],[77.3349084359252,12.965777082845],[77.3349115962836,12.9657002589086],[77.3348937653271,12.9655579970605],[77.3348367871632,12.9654220953377],[77.3347071864287,12.9652763001745],[77.3346585170981,12.9652036242541],[77.3346225969025,12.9651506687529],[77.3345677659729,12.9649740931383],[77.334572106627,12.9646058294593],[77.334579171761,12.9640477828464],[77.334593870806,12.9633784433731],[77.3346008861372,12.9631061842982],[77.3346210971701,12.9629694273896],[77.3346703170742,12.9628862166364],[77.3348102341529,12.9627202055787],[77.3348411967328,12.9626828126933],[77.3348915731425,12.9626007273619],[77.3349017110664,12.9625408211736],[77.3348911724594,12.96249680674],[77.3348623066708,12.9624805353125],[77.3346192191069,12.9624825792805],[77.334564829151,12.9624200910727],[77.33456458575,12.9623568352983],[77.3346274611291,12.9622295196194],[77.3347017806823,12.9620823929853],[77.3346999396284,12.9619039233424],[77.3346823446813,12.9618226582338],[77.3346659236369,12.9617470381926],[77.3346334212322,12.9616839027715],[77.334527927253,12.9615148601223],[77.3343934470788,12.9612979184454],[77.3342322561669,12.960726949089],[77.3343368262639,12.9603577440678],[77.3344260004118,12.9601789317288],[77.3344740198291,12.9600833010852],[77.3345816597933,12.9599128928319],[77.334747703579,12.9596507673043],[77.3347992847892,12.9595822333178],[77.3348118921202,12.9595652420082],[77.33484758432,12.9595594596862],[77.3349293229981,12.9595439022514],[77.3349869879813,12.9595595006883],[77.3350042866567,12.9595639538735],[77.3350631066676,12.9595801121009],[77.3351127017359,12.9595946100206],[77.3352625509603,12.9596143784318],[77.3353431675224,12.9596067328667],[77.3353811738551,12.9596032022543],[77.3353891983141,12.9595930054971],[77.3354235957952,12.9595499515025],[77.3354281340825,12.9595318605903],[77.3354338026269,12.9595081174958],[77.3354127865547,12.9594359028038],[77.33538359295,12.9593343494621],[77.3351435802171,12.9589381986942],[77.3350124263143,12.9586873578923],[77.3350075302148,12.9586128227091],[77.3350001738352,12.9584976315622],[77.335020222626,12.9583190803589],[77.3350931453031,12.9581087011458],[77.3351561368064,12.9577131063187],[77.3351797663184,12.9575667352564],[77.3351421057235,12.9570625129467],[77.3351415827694,12.956926963067],[77.3351112488177,12.9568282381516],[77.3350750636017,12.9567063776488],[77.3349661665109,12.956550338261],[77.3348553411255,12.9561932382103],[77.3348489527018,12.9560300357619],[77.3348412554643,12.9558267371751],[77.3348601610612,12.9556504488817],[77.3348801583775,12.9554583433109],[77.3349844866218,12.9550270112021],[77.335035641181,12.954848341955],[77.3350351529851,12.9547218294904],[77.3353032951506,12.9549450456276],[77.3354533265021,12.9550128225393],[77.3355375724995,12.9550503469245],[77.3360429519903,12.9552500789468],[77.3361641048867,12.9552976299433],[77.3361941320708,12.9553167200886],[77.3363997302451,12.9554537571698],[77.3366007822714,12.9556066251449],[77.3367151729255,12.9556931732757],[77.3370301150867,12.9561014642046],[77.337096605171,12.9563141426954],[77.3371502684486,12.9564867688245],[77.3371957739973,12.956635138891],[77.3372382191835,12.9567747363107],[77.3372786247008,12.9569076238653],[77.337652765018,12.9577274279795],[77.3378491294096,12.9581570629188],[77.3378808951549,12.9583275116056],[77.3379362201226,12.9586317289864],[77.3379397962215,12.9589604276184],[77.3380115168389,12.959333487928],[77.3380162307588,12.9593605795875],[77.3381947193884,12.9603488932672],[77.3382281484215,12.9605339939827],[77.3382339966998,12.9605565628982],[77.3382585726695,12.9606553099569],[77.3385325590411,12.9614929992435],[77.3387634258826,12.9619055592543],[77.3389940802717,12.962263333331],[77.3390949195616,12.9624194010113],[77.3392003960298,12.9625833595914],[77.3393479550871,12.9629036064658],[77.3394423188325,12.9631726576174],[77.3394871373035,12.9637378490392],[77.3395695776533,12.9642001056898],[77.3397147745376,12.9648021954195],[77.339796742714,12.9651424576758],[77.3399056540197,12.9655972725753],[77.3400415028409,12.9655713423456],[77.3400541680479,12.9655690354431],[77.3401140320658,12.9655569483334],[77.3401416954264,12.9655602326167],[77.3401970196326,12.965566236452],[77.3404321552501,12.96559245667],[77.3405006802193,12.9654374437658],[77.3405129330198,12.9653289559463],[77.3405110791696,12.9651482281917],[77.3403970496343,12.9648589199077],[77.3401426681162,12.9640290666281],[77.3400043585399,12.9637178211463],[77.3399135435372,12.9631753947546],[77.3399075600063,12.9625236427408],[77.3392753597858,12.9614139474368],[77.3391110996919,12.9609457868849],[77.339020615626,12.9604880774468],[77.3389940644751,12.9603004013377],[77.3387233015212,12.9583864614883],[77.3387008154624,12.9579347090451],[77.3387001277244,12.9579292349333],[77.3386342452268,12.9574046161617],[77.3385678176305,12.956910670144],[77.3385622644524,12.9563690504989],[77.3385518578025,12.956294681585],[77.3385504155669,12.9562843755072],[77.3384143777609,12.95566474118],[77.3381823178208,12.9552397605578],[77.3378965030681,12.9549160787523],[77.3376999549385,12.9547623861618],[77.3376226339309,12.9547019240828],[77.3369681742595,12.954382454947],[77.3364250088331,12.9542427359755],[77.3360422090233,12.9541617161803],[77.3356577461803,12.9539485401059],[77.3353847461172,12.9536603902576],[77.3350605508913,12.9532413994066],[77.3347787773577,12.9527685936172],[77.3346773877914,12.952467937434],[77.3346364056975,12.9519976147357],[77.3347522308937,12.9512612479732],[77.334800241566,12.9511639224444],[77.334952368663,12.9508792583649],[77.3349744820603,12.9506385710154],[77.33498197474,12.9501912233339],[77.3350955330206,12.9491662532832],[77.3351193054067,12.9490571579066],[77.335317501515,12.9484707184318],[77.3353779543743,12.9483134769432],[77.3353890064397,12.9481920042812],[77.3353872503689,12.9480355616271],[77.3353888065674,12.9479736316828],[77.3344799453909,12.9487932627492]]],[[[77.3360502910123,12.9325181913743],[77.3363479759091,12.9337179005971],[77.3363681079074,12.9326241853576],[77.3368336567281,12.926388757684],[77.3367785997846,12.9261511839801],[77.3368594474522,12.9253093309902],[77.336638261618,12.9235118438406],[77.3366266029151,12.9204851315438],[77.3366772644537,12.9177874621117],[77.3364681133979,12.9170527959166],[77.3360502910123,12.9325181913743]]]]}},{"type":"Feature","properties":{"kgisWetlandId":271,"wetlandCode":"1106","wetlandClass":"River/Stream","forestBeatId":2257,"areaM2":1904885,"shapeAreaM2":1934025.2,"shapeLengthM":56283.1,"labelPoint":[77.454985,13.064871],"source":"kgis-wetlands"},"geometry":{"type":"Polygon","coordinates":[[[77.3716800074847,12.9931756893087],[77.3723143778226,12.9933660563765],[77.3722061023431,12.9936618651969],[77.3725829525898,12.9936784630145],[77.3731001604906,12.9936414222045],[77.3734159533136,12.9936610823154],[77.3735646261554,12.9936695372556],[77.3740322218051,12.9939026563809],[77.3749817696329,12.9942135217582],[77.3751190026521,12.9942423519357],[77.3752527760561,12.9942706317794],[77.3767415936649,12.9945855856929],[77.3772087906789,12.9947187330134],[77.3775179450866,12.9948061899853],[77.3777694277426,12.9948786233234],[77.3782436710065,12.9950444990482],[77.3783325175555,12.9950752135169],[77.3793128496079,12.9955881340678],[77.3801880349328,12.99602804365],[77.3802076634266,12.996038132753],[77.3807816137368,12.9963544093303],[77.3812562297136,12.9966112092301],[77.3815608156989,12.9967077148047],[77.3817015698708,12.9967517772861],[77.3820624528646,12.9968079601586],[77.382277916445,12.9968059788455],[77.3824807044453,12.996804048606],[77.3829098226901,12.9966385633778],[77.3832250739515,12.9965237934087],[77.3837680580685,12.9963075910729],[77.3842692245421,12.9960085282274],[77.3847907722191,12.9956218423141],[77.3850975024748,12.995395841436],[77.385417175781,12.9952358685199],[77.3860546758305,12.9950288876045],[77.3869529465333,12.9949112371991],[77.3869794315719,12.9949071780098],[77.3870704164433,12.9948966500634],[77.3871199364986,12.9948902421917],[77.3880205465485,12.9947816131995],[77.3884086614896,12.9947348879769],[77.3885975386355,12.9947126760532],[77.3890720928022,12.9946712529222],[77.389462317361,12.9945770761675],[77.3897327853759,12.9945014477775],[77.3897523134761,12.9944866855128],[77.3899085485112,12.9943719765155],[77.390157343416,12.9940682600011],[77.3907280756303,12.993314819247],[77.3908978319064,12.9931255040343],[77.3909321345756,12.9930609821923],[77.3911516818775,12.9926500722018],[77.3912648789344,12.9924366953243],[77.3914388954004,12.9921620799084],[77.3915666678672,12.9918503735413],[77.391721831215,12.9914741718707],[77.3917770013711,12.9911593652482],[77.3918096474562,12.9909717251593],[77.3920331734803,12.9904077415343],[77.3922437172124,12.9900499566759],[77.3922689175681,12.9900137087363],[77.392220136971,12.9896377550695],[77.392216151043,12.9892271710897],[77.3926292343835,12.9885274457899],[77.3931073565829,12.9879539744546],[77.3936197967174,12.9876017597518],[77.3940699045584,12.9875028194595],[77.3947152454838,12.9875284796111],[77.3955559502957,12.9877103682036],[77.3975953347628,12.9885448623459],[77.3987973350704,12.9891635655946],[77.3988065663731,12.98916691748],[77.3991838738404,12.9892964329508],[77.3998509976506,12.989573887813],[77.4000506725021,12.989656673671],[77.4004004150835,12.9898071955444],[77.4006969090057,12.9898980629941],[77.4010094369879,12.9899651458022],[77.4013460670056,12.9900095394451],[77.4013783537718,12.9900156218787],[77.4016989518605,12.9900838002032],[77.4020586913885,12.9901439142793],[77.4022709342562,12.9902006672018],[77.4024476360611,12.9903004876007],[77.4026974108582,12.9905169239852],[77.4027274801351,12.9905439123701],[77.403214343604,12.9909740110228],[77.4033831800343,12.9911218693817],[77.4037702947601,12.9913925352351],[77.4040126340969,12.9914824872755],[77.4040875548786,12.9914889635348],[77.4042869334693,12.9914994542831],[77.4043203172203,12.9914919773912],[77.4044849430512,12.9914579906711],[77.4046079732808,12.9913959324736],[77.404757144315,12.9912467918683],[77.4049334355414,12.9909693352343],[77.4054718481625,12.9899369930295],[77.4058324340617,12.9893679269034],[77.4059446147405,12.989190696435],[77.4063581047225,12.988876134654],[77.4066342220474,12.9887767452212],[77.4069913932355,12.9887736061444],[77.4075091977928,12.9888850327266],[77.407868731734,12.9891727476265],[77.4086345634617,12.9893565899552],[77.4096222968978,12.9894260090248],[77.4101398205579,12.9894696564542],[77.4102205685997,12.9894919206734],[77.4106266291836,12.989607748407],[77.4109685250086,12.9898096818369],[77.411311088823,12.990171447927],[77.4113621267441,12.9902531337535],[77.4115245400777,12.9905173575959],[77.4117258875296,12.9912761740546],[77.4118546461708,12.9931388728379],[77.4118519561662,12.9938742334793],[77.411851363588,12.994284268707],[77.4119668696267,12.994903930991],[77.4122321534234,12.9952445472165],[77.4123917193747,12.9953777520866],[77.4125559048567,12.9955137618886],[77.4128510311996,12.99582601592],[77.4130464872972,12.9960003035179],[77.41307193525,12.9960239206495],[77.4133499720703,12.9961069413122],[77.4136414779061,12.9961040601096],[77.4139488820895,12.9960457653974],[77.414298841488,12.9959692233198],[77.414586323671,12.9958313743448],[77.4148839191472,12.9956319212989],[77.4151826173881,12.9954211688379],[77.4153826889202,12.9953215154141],[77.4156454865722,12.9953424708228],[77.4157563383681,12.9953990613378],[77.4158591057678,12.9954511668208],[77.416450209754,12.9960022419319],[77.4170277542076,12.9968911102939],[77.4173563467674,12.9974884370199],[77.417705896921,12.9981370725659],[77.4178953362895,12.9987976589034],[77.4179195337592,12.9990720447337],[77.4180289423838,12.999333091159],[77.418236248541,12.9995835711881],[77.4184686115618,12.9997644814591],[77.4187270497748,12.9998436219246],[77.419280488391,12.9999283327496],[77.4197301505348,12.9999953949352],[77.4197878011403,13.0000041947386],[77.4202561336065,13.0001270924789],[77.4203369775462,13.0001713784521],[77.4211234697034,13.0005996466523],[77.4213535689653,13.0007895994996],[77.4217927636929,13.0011063341501],[77.4220023051858,13.0013392932421],[77.4220914070697,13.0014287282158],[77.4222337427312,13.0015727272191],[77.4222674529905,13.0016426222385],[77.4223244157695,13.0017615567504],[77.4223674348672,13.0018528745534],[77.4227094762568,13.0020830303593],[77.4228283457296,13.0021271591981],[77.4231272562182,13.0022394516941],[77.4238411165205,13.002383359044],[77.4246131728281,13.0026648328864],[77.4248604165455,13.0028208229829],[77.4249611668641,13.0029395779321],[77.4251814390682,13.003256642306],[77.4252822513549,13.0033900808022],[77.4253683476561,13.0035857045688],[77.4254790477569,13.0038772402406],[77.4256621556396,13.0043972146433],[77.4258464361574,13.0049217009218],[77.4264349411496,13.0062086696617],[77.4266884905386,13.0064917087997],[77.426764903997,13.0065772403819],[77.4267764787378,13.0065896181066],[77.426931419493,13.0067154890412],[77.4271012468768,13.0068198383883],[77.4272628440024,13.00688524986],[77.4274635926679,13.006944288201],[77.4276549601064,13.0069649596164],[77.4279486262684,13.0069259066641],[77.4281939914374,13.0069090788645],[77.4284555174597,13.0068989619346],[77.4285615714428,13.0069092535304],[77.4286699298627,13.0069195379667],[77.4288706450112,13.0069706677205],[77.4291557266603,13.0070807501324],[77.4294328054507,13.0072055507305],[77.429663666823,13.007300608423],[77.4298659176161,13.0074420954699],[77.4299386912442,13.007484153829],[77.430092329955,13.0075744462454],[77.4301709453267,13.0076356824626],[77.4312338186127,13.0090980152227],[77.4314643525044,13.0104683451118],[77.4318397384288,13.0120289701768],[77.4318529020837,13.0121435657657],[77.4318923813163,13.0124845299807],[77.4319702068268,13.0131709784792],[77.4320432791789,13.013553032004],[77.4320408507692,13.0140647323525],[77.4320331591709,13.0144228343071],[77.4320133253426,13.0154468624219],[77.4320019154711,13.0160139486551],[77.431948851303,13.0168116378683],[77.4319423565517,13.0169099364036],[77.4317614467349,13.0177222748316],[77.4317557819297,13.0177448901104],[77.4315409563902,13.0187109893346],[77.431473864924,13.0189213658987],[77.4309899744689,13.0208362817043],[77.4305361635405,13.0227804403064],[77.4300967988647,13.0240592281858],[77.429898744619,13.0246361237291],[77.4296039459531,13.0254969396751],[77.4295948235605,13.0255195693078],[77.4293029699575,13.0262606392279],[77.4291281470429,13.0266109614924],[77.4291007266584,13.0266664236563],[77.4287827482118,13.0274974024637],[77.4287725076368,13.0275279421794],[77.4286702004055,13.0278587620825],[77.4286342225506,13.0280701380685],[77.4286051265593,13.0282735797501],[77.4286302515179,13.0284909163742],[77.4287389272881,13.0288445829171],[77.4289174443771,13.0290912177138],[77.4290955149694,13.0292328043266],[77.4291429401504,13.0292744010774],[77.4292158148653,13.0293390486693],[77.4294980627412,13.0295892070071],[77.4300196030449,13.0300145833449],[77.4302243350997,13.0304632993136],[77.4301709584915,13.0311886973607],[77.4298684472674,13.0318631686818],[77.4298651828941,13.0319083642718],[77.4298241632854,13.0325591600134],[77.4298167608517,13.0327150701365],[77.4298104004986,13.0328449965854],[77.4298124527633,13.0330562145819],[77.4296540054136,13.0334640774497],[77.4295195036145,13.0338119739531],[77.4296928887583,13.0342054708292],[77.4299957270631,13.034418267475],[77.430138859865,13.0344730219559],[77.4305509373983,13.0346294511689],[77.4321518532216,13.035219776163],[77.432172644787,13.0352309852539],[77.4325653902701,13.0354473574635],[77.4330886731054,13.0357371720258],[77.433617558743,13.036259086989],[77.4338263774998,13.0365824008983],[77.4339570987376,13.0369681644769],[77.4342114838052,13.0379752358695],[77.4343123091747,13.0383763727099],[77.4343509837598,13.0385270080497],[77.4345292182084,13.0389735700101],[77.4347084295299,13.0393794636524],[77.4349644344807,13.0396867660415],[77.4354259624852,13.0400852693986],[77.4360312815555,13.0404216117449],[77.4362852735194,13.0405278606787],[77.4365701113811,13.0405712892788],[77.4370586564768,13.0405506123742],[77.4373003289471,13.0404716641793],[77.4376893031007,13.0403435282472],[77.4384456291325,13.0401517319246],[77.4387138669993,13.0400867908583],[77.4400155986238,13.0399661286394],[77.4413415905314,13.0398594780606],[77.4423084237917,13.0401135265111],[77.4425497360298,13.0402186922598],[77.4426571135326,13.0402651176807],[77.4429021775667,13.040438604791],[77.442959974052,13.0404790260536],[77.4431347196281,13.0406477255928],[77.4436876224416,13.041386391059],[77.4437593370296,13.0417142248558],[77.4437793379307,13.0418090226992],[77.4438910084667,13.0423157240369],[77.4438933614687,13.0423270085298],[77.4443506810745,13.0444136301193],[77.4444647302703,13.0449366991036],[77.4444732026491,13.0450304157567],[77.4445179792274,13.0455244067811],[77.444518106608,13.0455537746422],[77.4445226206994,13.0460648783931],[77.4445264691252,13.0464218001576],[77.4445937583866,13.0467914458403],[77.4446537950997,13.0470831831343],[77.4446596988464,13.0471159153424],[77.4447672852266,13.0474763544753],[77.4447743120763,13.0475023041481],[77.4449049837538,13.047871118411],[77.4450489605101,13.0481184490428],[77.4451942812848,13.0484103918859],[77.4455268521878,13.0488286208308],[77.4456763346427,13.0490166258931],[77.4459470084949,13.0492464790537],[77.4459863443153,13.0492813300532],[77.4459932828604,13.0492869476042],[77.4461540950908,13.0494297240918],[77.4468689899878,13.0497785655974],[77.4472176307717,13.0499154659958],[77.4475188852994,13.0500209370787],[77.4481847937074,13.0502350022968],[77.4495670929491,13.0508752654798],[77.4496633478875,13.0510132286374],[77.4497292285931,13.0513218826014],[77.4497474586734,13.0515386787495],[77.4497193109778,13.0519567316693],[77.4496917119121,13.0522358476829],[77.4496633874621,13.0526132375126],[77.4496492551657,13.052808709004],[77.4496677474842,13.0530859355494],[77.4497338303729,13.0534408992341],[77.4498435102937,13.0537504969561],[77.4500010442832,13.0541982620311],[77.4500453833102,13.0543234547824],[77.4501273361765,13.0546173560744],[77.4502399956658,13.0548168104471],[77.4503838448355,13.0550325099052],[77.4505585373014,13.0551853896964],[77.4507343828536,13.0553382647268],[77.4509886610034,13.055505491211],[77.4512120956818,13.0557355378933],[77.4515978344392,13.056184593581],[77.4517580220663,13.0564465354284],[77.45177476366,13.0565859640977],[77.4517786883243,13.0569575697297],[77.4517332631853,13.057112509579],[77.4516395780524,13.0573009768152],[77.4515013343254,13.0575788668817],[77.4512824929683,13.057874605841],[77.4508103334613,13.0582245073089],[77.450341332892,13.0587709353943],[77.4502799057798,13.0589570067667],[77.4502821325018,13.0592038029932],[77.4503326339202,13.0594204636613],[77.4503431234126,13.0594475276545],[77.4504293020486,13.0596521765838],[77.4506056218238,13.0599134853093],[77.4507346214275,13.0601591806577],[77.4512510393057,13.0612374083782],[77.451535411388,13.0616970591104],[77.4516526483863,13.0618880207212],[77.4519250328556,13.0622409794914],[77.4521971523732,13.0625335084903],[77.4524519102191,13.0628086031182],[77.4524855053883,13.0628479948406],[77.4526592844817,13.0630539650882],[77.4529487606243,13.06336166818],[77.4529626548448,13.0633762934541],[77.4540924287933,13.0642333410214],[77.4544081748052,13.0644855838887],[77.4545968796722,13.0646779346068],[77.4549777141759,13.0650547134227],[77.4551796505275,13.0653735169421],[77.4553270294885,13.0656033173435],[77.4554757115691,13.0658675635459],[77.4560646335017,13.0669138421481],[77.4564690633812,13.0676768236002],[77.4565870796173,13.0680439888827],[77.4567768609394,13.0692704323528],[77.456785409376,13.0693799619544],[77.4568615342582,13.0704448008211],[77.4568790060499,13.0704865188919],[77.4569477158725,13.0706483164634],[77.4570330574425,13.0709229973045],[77.4571503577714,13.0711263803056],[77.4573382303077,13.0713898937983],[77.457563215218,13.0717057722219],[77.4577118636723,13.0719609802849],[77.4577966667522,13.0721125428777],[77.4578504442039,13.0722856992683],[77.4580210435938,13.0730779126111],[77.4581445503686,13.0736444179029],[77.4581704823501,13.073775333349],[77.4581987752429,13.073919230596],[77.4582524229482,13.0740624536658],[77.4583474714466,13.0741846038141],[77.4584632611184,13.0743055363613],[77.458524517852,13.0743442433366],[77.4586840228655,13.0744463513131],[77.4589227824271,13.0744859962173],[77.4591625557242,13.0744940082445],[77.4593365483746,13.0744830990793],[77.4593607473879,13.0744818665912],[77.4595690882562,13.0744188506414],[77.4598188285818,13.0743341976425],[77.4598844575166,13.0743186680583],[77.4600053595393,13.0742916070707],[77.4601620621474,13.0742802061526],[77.4603085663709,13.07430894783],[77.4604967878519,13.0743883412858],[77.4606759290006,13.074499965401],[77.4612023740895,13.0749585664073],[77.4613092624812,13.0751518261875],[77.4613306804126,13.0753042234776],[77.4613323298988,13.0754171712176],[77.4613239197411,13.0756013221985],[77.4613053151624,13.0758261814478],[77.4612967663993,13.0759787062936],[77.4612784770635,13.0762752905928],[77.4612418499751,13.0768571621336],[77.4612639193536,13.0776810716737],[77.4612748849729,13.0780774943423],[77.4613164219774,13.0786110253326],[77.4613591313864,13.0791490707818],[77.4613924828828,13.0793940400731],[77.4614684788725,13.0796382602368],[77.4615639333926,13.0798519006235],[77.4620214306285,13.0806163361886],[77.4621907395557,13.0808494271821],[77.4624742923785,13.0811130897387],[77.462736915791,13.08133504855],[77.4631773649606,13.0816302298626],[77.4632964388411,13.0817104816034],[77.4633565451923,13.0817491934393],[77.4640628048378,13.0822041918729],[77.4640766760937,13.0822131695213],[77.4643575679871,13.0823955144666],[77.4645561700384,13.0824748587426],[77.4646923538085,13.0825143732572],[77.4651110619407,13.0825837352244],[77.4653716792839,13.0826119838057],[77.4656232090584,13.0826702034227],[77.4656613201138,13.0826869824689],[77.4658945623683,13.082780297167],[77.4660736432466,13.0828761033953],[77.4661579842878,13.0829214865641],[77.4663048099207,13.0830213838507],[77.4664204778524,13.083112944008],[77.4668598018045,13.0834126414958],[77.4669673216775,13.0834861638875],[77.4672088883856,13.0836370477596],[77.4673246917036,13.0837591040341],[77.4675147092124,13.0839819353069],[77.4681932778069,13.0849475944356],[77.468353874882,13.085293671822],[77.4684704004365,13.0855783789069],[77.4685461342187,13.085761603011],[77.4687468505173,13.0865768308017],[77.4687741323916,13.0870104565411],[77.4687965811482,13.0873938392879],[77.4687920195182,13.0879247440692],[77.4687948940207,13.0883127286531],[77.4688086589976,13.0885577789565],[77.4688956310449,13.0889352350351],[77.4689910956173,13.0891488716689],[77.4691307196241,13.0894430794874],[77.4691948868929,13.0896167516982],[77.4692691986636,13.0897389867848],[77.469634600163,13.0902603877039],[77.469831977346,13.0905814542441],[77.4698730790715,13.0907524025001],[77.470403306511,13.0920502133301],[77.470464727056,13.0923837269982],[77.470545065879,13.0925646713488],[77.470614605862,13.0926502158338],[77.4712854156578,13.0934182268175],[77.4715791562786,13.0936343940088],[77.4718487669755,13.0938676072296],[77.4719829950044,13.0939839323725],[77.4721314243789,13.0941832193177],[77.4723008985493,13.0944490570829],[77.4724681074485,13.0947239405975],[77.4727594736767,13.0954416315327],[77.4728188957909,13.0955842607201],[77.4728422461792,13.0959094672715],[77.4728360644177,13.0960744061658],[77.4728340000012,13.0961286326125],[77.4728164541646,13.0963297673753],[77.472818416106,13.0965116140358],[77.4728312139781,13.0967967682397],[77.4728816788764,13.0969987368746],[77.472902801943,13.0970827959556],[77.4731954960737,13.0978388835363],[77.4736025809522,13.0983973706019],[77.47382376241,13.0986251435486],[77.4739997237709,13.0987938121028],[77.474099278687,13.0988888257634],[77.4741224336736,13.0989113157737],[77.4741594805567,13.0989472999756],[77.4742588397556,13.0989982633221],[77.474472910997,13.0991825793069],[77.4746991975365,13.0995210238041],[77.4747178523132,13.0995683834036],[77.4750104594592,13.100303008207],[77.475102612987,13.1005471531537],[77.4751112098052,13.1006651520661],[77.475085134013,13.1010210699287],[77.4749466932189,13.1015113254478],[77.474740346365,13.1020250311835],[77.4744621814486,13.1027186453707],[77.4741113933239,13.1039287721528],[77.4741239866825,13.1044257143453],[77.4741299654345,13.1044771005907],[77.4741479600958,13.1046317511711],[77.4741730296486,13.1048247932176],[77.4742512154387,13.1050385014638],[77.4742606585153,13.1050881603598],[77.4742983487265,13.1052681574562],[77.4744097547302,13.1056929454379],[77.4744269134085,13.1059216026568],[77.4745201221164,13.1061431515748],[77.4745816793282,13.1062468028218],[77.4746071723391,13.1062766238047],[77.4746963877665,13.1063784598265],[77.4748641877504,13.1065251361249],[77.4750366998013,13.1066938178859],[77.4756144451499,13.1072605952551],[77.4757128224177,13.1073488362896],[77.4758274033238,13.1074516910833],[77.4760323113952,13.1076473400032],[77.4762058231378,13.1078148979777],[77.4762337574996,13.1078418745356],[77.4764548436423,13.1080459245439],[77.4765395583816,13.1081720637667],[77.4766013774571,13.1083338837026],[77.4766153717207,13.1083699678068],[77.4768894498021,13.1090815130171],[77.476991392006,13.1094509924877],[77.477284196987,13.1099676116595],[77.4774152822075,13.1101517202085],[77.4775148794233,13.1102546385164],[77.4776513612611,13.1103568324027],[77.4779044204889,13.1104924047591],[77.4781540138058,13.1106262971321],[77.4783137206203,13.1107662285633],[77.4784366032186,13.1109204398962],[77.4785945068088,13.1111722037879],[77.4787184478159,13.1115624820077],[77.4787259674334,13.1116968648572],[77.4787285659116,13.111762366169],[77.4787073989609,13.111926241609],[77.4786561893936,13.112074433249],[77.478611934494,13.1122310671089],[77.4785674078041,13.1123272711896],[77.478486164159,13.1124614757019],[77.4782182576245,13.1128715344787],[77.4780617623993,13.1131913102362],[77.4780573716855,13.1134974339387],[77.4780535141573,13.1136657515732],[77.4780517833442,13.113793961343],[77.4780395963821,13.1141611128977],[77.4780344450168,13.1142978096364],[77.4780893532688,13.1144602237894],[77.4781126791999,13.1145205518537],[77.4781278564957,13.1145634078567],[77.4781894818361,13.114681175914],[77.4782010550394,13.1146912921378],[77.4782739663555,13.1147553577226],[77.4784866667425,13.1148871510946],[77.478757169441,13.1150554032278],[77.4805028747253,13.1156605593714],[77.4806565257927,13.1157344378986],[77.4808113311166,13.1158088753026],[77.4808945146217,13.11584974034],[77.4817032278423,13.1165002071516],[77.4818178488215,13.1166104004158],[77.4819025639245,13.1167354083725],[77.4819412367798,13.1168758663903],[77.4819658759632,13.1169717691],[77.4819896299528,13.1171269759748],[77.4819835480384,13.1173122461777],[77.4819321721762,13.1176795696457],[77.4818727350876,13.1177922179781],[77.4816410811405,13.1180609299207],[77.4813274985495,13.1183113632166],[77.4806922836395,13.1188173462638],[77.4803250405426,13.1191843547087],[77.4802655002554,13.1192744127627],[77.4802359597981,13.1193705522874],[77.4802267424511,13.1196281255149],[77.4802186920014,13.1198890828432],[77.4802001455534,13.1203793823555],[77.4801857651147,13.1207708288067],[77.4801609804457,13.121412512664],[77.4801404171995,13.1219672040516],[77.4801384632398,13.1220451505196],[77.4800810365946,13.1223492451048],[77.4800433643212,13.1224318662895],[77.4799537802323,13.1225062419125],[77.4798674463289,13.1225342927349],[77.4798329092244,13.1225446092309],[77.4797038647842,13.1225604208161],[77.4792960602997,13.122624324573],[77.4792833889697,13.1226266403562],[77.4787662651025,13.1227345073657],[77.4786535273485,13.1227875219635],[77.4784283831388,13.1229669698146],[77.478345850678,13.1230718117329],[77.4780995381173,13.1234151349108],[77.4780251418035,13.1235346254556],[77.478003937015,13.1236905929974],[77.4780057210881,13.1238312127505],[77.4780608290538,13.1240376773642],[77.4783143494733,13.1245296141206],[77.4785422653769,13.1249674444062],[77.4787801453933,13.1253131741322],[77.4789193328126,13.1255023285638],[77.4793751769623,13.126122712385],[77.4801757901496,13.1267590979449],[77.4803565270894,13.1269588001556],[77.4808002781242,13.1274521621684],[77.4808019442778,13.1275662370694],[77.480812766867,13.1276655897108],[77.4808961273635,13.1277448564039],[77.4810485164754,13.1277927609371],[77.4815207712623,13.1284712393461],[77.481940362881,13.1292307090115],[77.4820846081629,13.1300297871126],[77.48216411662,13.1305332106435],[77.4821819376166,13.1306506043304],[77.4822137711597,13.1308074702473],[77.4824401444992,13.1319230222803],[77.4825504924024,13.133130009206],[77.4826508681484,13.1334029168651],[77.4827287400356,13.1335426378307],[77.4827971563835,13.1336310058997],[77.4829280215646,13.1337625886461],[77.483049469186,13.1338507245902],[77.4832470314097,13.1339447398427],[77.4835128459936,13.1340904125741],[77.4837415684148,13.1341916335378],[77.4841351567395,13.1342943893166],[77.4841813234115,13.1343060464802],[77.484378723659,13.1343639161631],[77.484727365616,13.1344702566372],[77.4848105720567,13.134514507974],[77.4848718680938,13.1345577260246],[77.4852608851048,13.1349242459773],[77.4855362256973,13.1351365173742],[77.4861590138166,13.1357002424548],[77.4865930002012,13.1360676918205],[77.4869682185089,13.1364410457065],[77.4876405618403,13.1375083181522],[77.4877112718244,13.1375932867591],[77.4881158379357,13.1380817220771],[77.4884395340994,13.139041526986],[77.4885248318099,13.1392924718837],[77.4888322146041,13.1412299558811],[77.4889104278082,13.1414436566288],[77.4890104479321,13.141635801117],[77.4890871388793,13.141768181469],[77.4891637944518,13.1418926574775],[77.4893166782128,13.1420472935246],[77.4896095761412,13.1423153949575],[77.4902279476461,13.1419003890753],[77.4904223432536,13.141802957392],[77.4906168441882,13.1417286792267],[77.4909478172797,13.141749243821],[77.4911386417939,13.1413733977511],[77.4914794814921,13.1407749364111],[77.491839791927,13.1401487160904],[77.491781460695,13.1399976163794],[77.4917224983807,13.1399611675314],[77.4911432170414,13.1398434304877],[77.4907181664606,13.139923244566],[77.4898030351349,13.1399798052459],[77.4894058162266,13.1398414941204],[77.4892889086112,13.1397386580735],[77.4890685389034,13.1394470807496],[77.488938435425,13.1389766402193],[77.4889035168567,13.1389033744814],[77.488465934728,13.1379988545281],[77.4883664938322,13.1376796348813],[77.4882716210325,13.1373507948103],[77.4880760197518,13.136672808174],[77.4875129164941,13.1357976402626],[77.4868019287121,13.1351061065906],[77.4859933864564,13.1342557351262],[77.485702109253,13.1340881487005],[77.4855912202961,13.1340406308017],[77.4852666497497,13.1339036887234],[77.4851465889883,13.1338675059579],[77.4840268096907,13.1335329954358],[77.4833770617908,13.1331241290157],[77.4831431759355,13.1329003764929],[77.4829761914156,13.1326842383429],[77.4828781652317,13.1324209222254],[77.4827972167785,13.1321100898148],[77.4827720207999,13.1308682797132],[77.4827602194071,13.1302962230275],[77.4827600356756,13.1302555602415],[77.4827587348872,13.1302228093139],[77.4827539050246,13.130174261393],[77.4827333171029,13.1299546575629],[77.4827236476013,13.1298553003575],[77.4827140534278,13.1297728856891],[77.4826458633981,13.1294789417738],[77.4822312500568,13.1285455043646],[77.4818302374631,13.1278158853689],[77.4818209649186,13.1278046314295],[77.4817502640709,13.127720790517],[77.4816204559482,13.1275671762439],[77.4811823658942,13.1270512010321],[77.4806260614727,13.1263956801519],[77.480570420248,13.1263275860815],[77.4800012839688,13.1256376679397],[77.4795322779775,13.1251670062359],[77.4792146603453,13.1247781384076],[77.4789847972876,13.1244205131758],[77.4788884440608,13.1242712709565],[77.4787255215583,13.1239308616617],[77.4786942925168,13.1236508735872],[77.4787228275286,13.1235874947043],[77.4791368669423,13.123371077805],[77.4792553327895,13.1233101301712],[77.4795532021052,13.1231523903294],[77.4800086892752,13.1229244950662],[77.4802778409699,13.1227900343785],[77.4806363949535,13.1225405347625],[77.4806855190884,13.1224414868528],[77.4807823118968,13.1221756228321],[77.4808023666461,13.1220207885947],[77.4808134249277,13.1219162584069],[77.4808354996684,13.121698162553],[77.4807981310565,13.1213351801856],[77.4807354570721,13.1207283300984],[77.4807079912776,13.1205166613049],[77.4806828942614,13.1203191021827],[77.4806661771999,13.1201904082199],[77.480657008503,13.1199459051919],[77.480677001159,13.1197775163757],[77.4806826900139,13.1197605489622],[77.4807396804576,13.1196162847299],[77.4813073002694,13.118946814471],[77.4815587091461,13.1187130311385],[77.4823404995764,13.11798953522],[77.4823829725322,13.1179498153613],[77.4824219839441,13.1179089814392],[77.4824816401178,13.1178449020079],[77.4825089258644,13.1177600679142],[77.4825003104349,13.1173828406575],[77.4824975019939,13.1172710292496],[77.4824377366847,13.117054984925],[77.4823671505193,13.1167395888359],[77.4821533733177,13.116113067154],[77.4820478967672,13.1159853266735],[77.4819076446393,13.1158148155174],[77.4813962212968,13.1153929103842],[77.4809834145359,13.1151106361576],[77.4806969340415,13.114978602822],[77.4796861715404,13.1145131272925],[77.4792622309063,13.1143178726647],[77.4790258269954,13.1137846339518],[77.4790180307325,13.1130747544453],[77.4794247775259,13.1125212034335],[77.4794417376602,13.111933770081],[77.479468710227,13.1110085628491],[77.47924241544,13.1101584441342],[77.4788182874141,13.1096627330387],[77.4782137614489,13.1087820694488],[77.4777252823469,13.1080731533208],[77.4772855333906,13.1074340549923],[77.476592109143,13.1072930552456],[77.4764669109939,13.1071360295698],[77.4759649204323,13.1067547344227],[77.4759290627688,13.1067272159644],[77.4757344128007,13.1065055431417],[77.4756359187812,13.106407895011],[77.4752874788847,13.1060624470528],[77.4750845080047,13.1057843321883],[77.4747565805945,13.1051441795404],[77.4746760784979,13.1049282223709],[77.4745660968511,13.1044275536951],[77.4744995824126,13.1041247574048],[77.4745267385994,13.1032362575322],[77.4745672679601,13.1030192110416],[77.4747417530715,13.1025982658017],[77.475108290599,13.1020765225711],[77.4755003196834,13.1013265019393],[77.4755220867963,13.1010383746504],[77.4755372300934,13.1008157896133],[77.4755364476394,13.100640715532],[77.4754916848716,13.100425732443],[77.4752999916354,13.0998324283263],[77.4751833514744,13.0995256998474],[77.4751681799862,13.0994839736143],[77.4747327462157,13.0985150242605],[77.4746644149818,13.0984430314149],[77.4744362634328,13.0982028632781],[77.4740099695319,13.0977314358166],[77.4737199058309,13.0973074215616],[77.4735815007362,13.0970301560822],[77.4735324283292,13.0968823981047],[77.4735230891302,13.0968558948859],[77.4734168247137,13.0962898916666],[77.4733716211687,13.0959755111365],[77.4728700343115,13.0943850331647],[77.4726501055597,13.0939194857007],[77.4714869691514,13.0923448578969],[77.4712492413132,13.092022837331],[77.4702064531718,13.0905504699131],[77.4698376466633,13.089781715386],[77.4697143347277,13.089526970705],[77.4696473327213,13.0892341442583],[77.4695296762613,13.0889550915166],[77.4693840492924,13.0886066912415],[77.469172010395,13.088098183595],[77.4691070043219,13.0877353159042],[77.4691660575818,13.0864970841896],[77.4691417355284,13.0862108510014],[77.4691105903414,13.0859455432707],[77.4688298036318,13.0852690286452],[77.468821640616,13.0852476032801],[77.4684806709435,13.084775230423],[77.4679956716368,13.0840532834221],[77.4676120623857,13.0835816581866],[77.4674570760161,13.0834609001209],[77.4669770876917,13.083088523101],[77.466446155773,13.0826644063235],[77.4660413119707,13.082341968573],[77.4652488214708,13.0819364802087],[77.4651136575107,13.0818670292498],[77.465020085404,13.0818194253487],[77.4638787834372,13.0812499533373],[77.4632482876447,13.0807240324682],[77.462631214603,13.080366352687],[77.462372269228,13.080194078722],[77.4622853945251,13.0800967445959],[77.4620533389175,13.0797487101271],[77.4616412641788,13.0785672768566],[77.4614783196206,13.0779467254574],[77.4614710455384,13.077865429016],[77.4614541011897,13.0776819507978],[77.4614612078825,13.0769398102558],[77.4614741138224,13.0767296594224],[77.4614999161942,13.0765691538009],[77.4615670280242,13.0763666773814],[77.4617433092377,13.0758282596506],[77.4618317079229,13.0754867592095],[77.4619291848641,13.0751130270507],[77.4620462648859,13.0747414706564],[77.4620731913198,13.0745741825125],[77.4620725767719,13.0744346860959],[77.4620571009942,13.0743229282591],[77.4620127157117,13.0741898322521],[77.4619489247576,13.0740991758123],[77.4619407970462,13.074085656351],[77.4616889936286,13.0739630498074],[77.4614881124493,13.0738876648235],[77.4606636679805,13.0738087357568],[77.4598142848654,13.0738247920967],[77.4598004531414,13.0738248515787],[77.4593599580949,13.0737775977232],[77.4592065913626,13.073760745078],[77.4587771686558,13.0736100904735],[77.4586765315141,13.0735274980459],[77.4585303260236,13.0733044715936],[77.4584802016278,13.0731759179208],[77.4584767788524,13.072921219068],[77.4584423673386,13.0726965869327],[77.4584259537047,13.0723707831697],[77.4584221049515,13.072281566128],[77.4583693334079,13.0720750832486],[77.4583377854268,13.0719775121545],[77.4580878183093,13.0714844022264],[77.4573423219455,13.0704828502388],[77.4572755843041,13.0702453655378],[77.45722886404,13.0695785675327],[77.4571684786617,13.0686864831701],[77.4571290041487,13.0680947686782],[77.4569748004546,13.0673600905974],[77.4563927685913,13.0663092670746],[77.4560110755445,13.0657370821903],[77.4556970684995,13.0653560669802],[77.4553834121209,13.0650552467445],[77.4549749540907,13.0646870579042],[77.4546845179193,13.0644245427778],[77.4545059512924,13.0641784955315],[77.4542961037682,13.0638953061541],[77.453895038464,13.0633717698163],[77.4532808722996,13.0626108035008],[77.4529937553298,13.0623155152273],[77.4524264728639,13.061732816036],[77.4524021612833,13.0617080689595],[77.4517689012577,13.0610595689513],[77.4517341638999,13.0610224412834],[77.4514030610615,13.0606827198428],[77.451231119776,13.0603688686669],[77.4510033041995,13.0599276150726],[77.4509566480236,13.0598001733023],[77.4508689371953,13.0595079926045],[77.4508669976534,13.0593272726887],[77.450880326129,13.0592120017403],[77.4508880438931,13.0591317709911],[77.4509335859681,13.0590033745608],[77.4510010564826,13.0588822269555],[77.4511754151613,13.0586928538673],[77.45168002186,13.0583834785047],[77.4517865813706,13.0582401391536],[77.4519275527684,13.0577950638631],[77.4522423767256,13.0570448383948],[77.4522404074393,13.0568573416105],[77.4522087634392,13.0567366135605],[77.4521295791368,13.0565500090656],[77.4519805896968,13.0562129050675],[77.4518399607076,13.0559429741932],[77.4513278598244,13.0550595761062],[77.4506525465931,13.0542768339778],[77.4506397759956,13.0542554259289],[77.4505038549757,13.0540075005624],[77.4503007371993,13.0536785308574],[77.4502060487834,13.0533711287805],[77.4500684143552,13.0527289968982],[77.450124675502,13.0521504292606],[77.4502466918877,13.0513213880939],[77.4502990516102,13.0511709365181],[77.4502819337727,13.0509450992536],[77.4501103582864,13.0507131374315],[77.4498318723265,13.0505431875015],[77.4485533502775,13.0499149123057],[77.4481824706208,13.0496996043541],[77.4478524538155,13.0496055493588],[77.4476136413851,13.0495478207797],[77.4471210958706,13.0494465448025],[77.4468509384167,13.0493364221601],[77.446687956347,13.0492247189651],[77.4461846670932,13.0487716311604],[77.4458746430932,13.0485035390812],[77.4455646206688,13.0482354464979],[77.4452805521527,13.0478396046106],[77.4452472718359,13.0476059272626],[77.4449765958939,13.0455100524547],[77.4449316273264,13.0447054354327],[77.4449303433557,13.0446749427768],[77.4448301263091,13.0438863710966],[77.4446584661286,13.0428326554074],[77.4445889179028,13.0424731855378],[77.4445476649283,13.0422610038635],[77.4445123183177,13.0420821181877],[77.4444642536062,13.0418936849067],[77.4444089208873,13.0416233895215],[77.4442008852676,13.0412187545097],[77.4438972104673,13.0408167796306],[77.4436480122155,13.0404868673907],[77.4434611463012,13.0401804146087],[77.4431742535792,13.0399280339762],[77.4430195423173,13.0398620406103],[77.4428026220214,13.039800824786],[77.4426583918953,13.0397602017534],[77.4419787234046,13.0395546510494],[77.4418484411324,13.0395410776241],[77.4415948861017,13.0395364932766],[77.4413102135207,13.0395314748231],[77.4410268890326,13.0395716314359],[77.4408574870917,13.0395729054324],[77.4407409986997,13.0395513677871],[77.4406648780853,13.0395375667538],[77.4405045672023,13.0395088697273],[77.4398642501305,13.0393421189875],[77.439632362584,13.0392843518924],[77.4394410822511,13.0392896702154],[77.4392958948537,13.0392942314885],[77.4392164249474,13.0393052941294],[77.4390425041458,13.0393274846035],[77.4385671170328,13.039459370949],[77.4382609071763,13.0395380254029],[77.4369943084394,13.0397889954213],[77.4366176392917,13.039830102069],[77.4363788078905,13.0397655847532],[77.4362403588308,13.0397288872044],[77.4361284420011,13.0396982916845],[77.4359484493557,13.0396487771455],[77.4354758328087,13.039351980131],[77.4353368370478,13.039187643625],[77.4351734483438,13.0389787918441],[77.4349229154318,13.0386031293684],[77.4348311810016,13.0384414208177],[77.4347824115601,13.0383557766438],[77.4347031852197,13.0381544814322],[77.4345979175728,13.0375234985032],[77.4344612556562,13.0368271302353],[77.4344235668932,13.0366375217157],[77.4343834208824,13.0364123416717],[77.434279250557,13.0360371982122],[77.4340530296422,13.0356868474601],[77.4339370177034,13.0355066010648],[77.4337819221643,13.0353496734649],[77.4334303487501,13.035059711271],[77.4326740033644,13.0347053510965],[77.4315617412928,13.0343920017208],[77.4305666132338,13.0339815842609],[77.4301887295463,13.0337363427922],[77.430009344559,13.0335574874243],[77.430224794327,13.033004805084],[77.4307924075261,13.0326121881688],[77.4311327187305,13.0316139396412],[77.4310365118836,13.0306722873601],[77.4309391380721,13.0297272512415],[77.4305812815364,13.0290419638459],[77.4297426671068,13.0285766736051],[77.4295653366396,13.0277968823715],[77.4297996714072,13.0270792064102],[77.4300920248588,13.0261850780638],[77.4305834565877,13.0246846812367],[77.430907668261,13.0236961020995],[77.4317141772925,13.0212303176561],[77.4323875954353,13.019173983734],[77.4327572962486,13.0180468435502],[77.4330655620655,13.0171057706791],[77.4330032587552,13.0162774974071],[77.4329153572113,13.01512119338],[77.4328017602111,13.0136137035394],[77.4326930640402,13.0121739666623],[77.4325379170538,13.0117306935263],[77.4322031475484,13.0107787344246],[77.4315254397545,13.0088488673373],[77.4308212131708,13.0077244843798],[77.4305412313728,13.0071885382178],[77.4305330934648,13.0071716288962],[77.4304230546305,13.0070371005185],[77.4303397959734,13.0069679775193],[77.4301524707688,13.0068140042096],[77.4297944655662,13.0066262837612],[77.4297424956738,13.0065988240858],[77.428719755129,13.006442092029],[77.4275021602699,13.0062573557472],[77.4272875566572,13.0061915972387],[77.4271013445025,13.0060274506106],[77.4269382429173,13.0058790206262],[77.426614615881,13.0053737478436],[77.4265600924466,13.0052875605725],[77.426412772163,13.0050560431891],[77.4262128725591,13.0043808253761],[77.4261558147002,13.0042398638773],[77.4258437962168,13.0034820847545],[77.4257577050719,13.0032875905757],[77.4254059052563,13.0026587440834],[77.4252116304532,13.0024946282923],[77.4244754928089,13.0022598860841],[77.4242748208483,13.0022177880157],[77.4232580115889,13.0015510102089],[77.4227354070557,13.001129007631],[77.4219989137087,13.0005350580045],[77.4210728154766,12.9997899578978],[77.4202472782755,12.999392347059],[77.419360552268,12.9989656157015],[77.4187996407613,12.9984731630011],[77.4182618585636,12.998000381151],[77.4178103148521,12.9969359179931],[77.4171537835782,12.9958965772799],[77.4169498564355,12.9956263145178],[77.4168386200313,12.99547823076],[77.4165052868634,12.9951232141186],[77.4164706043943,12.995095681498],[77.4162474826811,12.9949192498459],[77.4161135779518,12.9948604949799],[77.4159438947727,12.9947877652711],[77.4156775860981,12.9947538353007],[77.4151938957056,12.9948128506579],[77.4149938271481,12.9949130694755],[77.4146488983854,12.9950901228208],[77.4144192546251,12.9952819557024],[77.4139014159569,12.9951660255707],[77.41336857929,12.9950456373709],[77.4129906640472,12.994774385377],[77.4127884587638,12.9943634807451],[77.4124932785739,12.9937620574915],[77.4124198493538,12.9930094986259],[77.4123163345381,12.9919503853282],[77.4122248662987,12.9910166047754],[77.4121225241621,12.9899620032606],[77.4121200743499,12.9899269972873],[77.4116583104943,12.9888879762628],[77.4110092120429,12.9885144675302],[77.410234564641,12.9884266806485],[77.4101423499666,12.9884174534336],[77.409104920823,12.9883109621937],[77.4083946644766,12.9881912816745],[77.4079732061638,12.9879738510654],[77.4074208972556,12.9875993753136],[77.4069689897103,12.9875407718025],[77.4068399468415,12.9875418579059],[77.4066786441941,12.9875430756118],[77.4062623508362,12.987736784612],[77.405846843771,12.9881202586172],[77.4055913550209,12.9884703280636],[77.405465927806,12.9887876790787],[77.4054306702037,12.9891763934671],[77.4052878286601,12.9894621874523],[77.4049234760889,12.9902345906393],[77.404515876094,12.9908591934267],[77.4043946387039,12.9910759953102],[77.4042428317058,12.9911449473023],[77.4041194947998,12.9911330198999],[77.4039394731983,12.9910665356067],[77.4037035936415,12.9908669887146],[77.4035358540869,12.9907055716476],[77.403355221839,12.9904916815423],[77.4031038044969,12.9901566481027],[77.4028053996803,12.9898828001993],[77.4025423155451,12.9897912350592],[77.4024985249629,12.9897897163893],[77.4024453606105,12.98975039571],[77.4018278862353,12.9894987282476],[77.4014179145858,12.9892722043084],[77.4013414477324,12.989170286409],[77.4006961161938,12.9891480309159],[77.3996609270813,12.9887466754583],[77.3989090607429,12.9885949421993],[77.3984003065149,12.9884422327885],[77.3976867066375,12.9880695112222],[77.3966801954179,12.9876352700836],[77.3961330376878,12.9873889535349],[77.3958078067746,12.9873140091325],[77.3953242013707,12.9871114918658],[77.3949046865199,12.9870837995425],[77.3942272165252,12.9870904605486],[77.3936465273986,12.9870956038585],[77.39313382962,12.9873851273939],[77.3928131518336,12.9875773050818],[77.3924965934463,12.988212824605],[77.3920200097192,12.9888811736612],[77.3919921384965,12.9893907233321],[77.3914622598481,12.9899881208911],[77.3912238731435,12.9902997041659],[77.3909226159824,12.9907340959713],[77.3907069575944,12.9912506059159],[77.3904829663934,12.9919834623268],[77.3902649629102,12.9927722093579],[77.3900473125296,12.9930837088571],[77.3897061059676,12.9936120133224],[77.3892674400606,12.9939763523422],[77.389038950738,12.9941738069382],[77.3885464368333,12.9943316472165],[77.388409361502,12.9943417935615],[77.3878748766197,12.9943794989438],[77.38703389708,12.9944178548293],[77.3863622092731,12.9944346403198],[77.3855693325271,12.9946845967208],[77.3846980688576,12.9952099143115],[77.3838648779344,12.9957480666441],[77.3828026455155,12.9960662913467],[77.3823882317661,12.996163943562],[77.3823053438993,12.9961823443421],[77.3820322033086,12.9961681739947],[77.3818616338401,12.9961592464887],[77.3815466392349,12.9960531802379],[77.3814174083732,12.9960090733615],[77.3810015395315,12.9957475233975],[77.3808802784381,12.9956796624849],[77.3808721944214,12.9956751763107],[77.3801677267615,12.9952809084053],[77.3798963325435,12.995128920345],[77.3791641362476,12.9947155561384],[77.3787060318447,12.9945513124854],[77.3781571299343,12.9944439043292],[77.3779276538569,12.9943996237526],[77.3776680567091,12.9943147973621],[77.377422311027,12.9942361290948],[77.3770611891682,12.9941195078169],[77.3769042769432,12.9940681638902],[77.3767935793586,12.9940477019243],[77.3763611531385,12.9939646825727],[77.3759748501029,12.993889952692],[77.3749197314386,12.993686815788],[77.3744236344611,12.9935294909981],[77.3740590642084,12.9934145736853],[77.3734866877381,12.9931993720553],[77.373382830542,12.9931608080372],[77.3725161218895,12.9928179851188],[77.3721883630575,12.9926876714842],[77.3717660614999,12.9925208450466],[77.3716800074847,12.9931756893087]]]}},{"type":"Feature","properties":{"kgisWetlandId":565,"wetlandCode":"1201","wetlandClass":"Reservoir/Barrage","forestBeatId":2500,"areaM2":602681,"shapeAreaM2":2930762.8,"shapeLengthM":19094.0,"labelPoint":[77.338704,12.882801],"source":"kgis-wetlands"},"geometry":{"type":"Polygon","coordinates":[[[77.335710639505,12.8879230420672],[77.339527554693,12.8879077243082],[77.3396117317628,12.8877805161349],[77.3398453172859,12.8874238142069],[77.3402303482352,12.88691517645],[77.34029338772,12.8865365238813],[77.3404526778796,12.8860292991244],[77.3407088379842,12.8855539037795],[77.3409973719608,12.8851111448996],[77.3411439294198,12.8848863677234],[77.3412858984619,12.8846666907757],[77.3417026895218,12.8840331105792],[77.3420552224369,12.8834619008921],[77.342151114235,12.8832407031551],[77.3421498953778,12.8829249853575],[77.3421806783263,12.8825453238889],[77.3421692235309,12.8824058110176],[77.34214683735,12.882133147311],[77.3422092615613,12.8815963531489],[77.3422727800543,12.8813430828357],[77.3422971668949,12.8810967389672],[77.3423038074531,12.8810266789658],[77.3422489652284,12.8808427603129],[77.3421089751102,12.8806794959506],[77.3419808353956,12.8809008148429],[77.3418421819189,12.8810837680239],[77.341692434424,12.8813763334201],[77.3415652502051,12.8815468164337],[77.3415537895181,12.8815615445274],[77.3415182643005,12.8816079916934],[77.3414048169211,12.8817569609938],[77.3409860250385,12.8821697113065],[77.3407850310695,12.8823150555035],[77.3405354644246,12.8824086222634],[77.3401978324829,12.8823641421251],[77.3399382624312,12.8822527230013],[77.3396806314041,12.8820469751873],[77.3393722711725,12.8818272968894],[77.3393225785852,12.8817839932788],[77.3390486967982,12.881544982096],[77.3388393793686,12.8813232362145],[77.3388312657937,12.8813097113669],[77.338627402234,12.8810088734741],[77.3384967043452,12.8805659960322],[77.3383652785147,12.8799339134774],[77.338266591952,12.8794287874776],[77.3382019122772,12.8790816779208],[77.338005994623,12.8784504011206],[77.3379702804962,12.8778484586142],[77.3380054552008,12.8776993157324],[77.3356603308466,12.878082675548],[77.3349734542543,12.8790625132175],[77.3349896766125,12.8792884336209],[77.3351126322809,12.8792914931356],[77.3352540113779,12.8795180134242],[77.3352218164704,12.8798321638908],[77.3351316898955,12.8800567259077],[77.3351076295114,12.880089574866],[77.3350526389671,12.8801652758795],[77.3352329343102,12.8826761334869],[77.3354199357876,12.8842992112537],[77.3344075145419,12.8857926214175],[77.3344558007253,12.8861150450038],[77.3344245822976,12.8866844807098],[77.3342255963273,12.8873705349664],[77.335710639505,12.8879230420672]]]}},{"type":"Feature","properties":{"kgisWetlandId":568,"wetlandCode":"1201","wetlandClass":"Reservoir/Barrage","forestBeatId":2382,"areaM2":3038791,"shapeAreaM2":6704404.3,"shapeLengthM":36993.1,"labelPoint":[77.355344,12.976018],"source":"kgis-wetlands"},"geometry":{"type":"MultiPolygon","coordinates":[[[[77.3672328679253,12.9907497922639],[77.366886751995,12.9903390586417],[77.3665187634625,12.9896548336197],[77.3662179652985,12.9890607128451],[77.3659420662079,12.98864214527],[77.3656689117139,12.9883337016595],[77.3654704900742,12.9881736966478],[77.3660273119538,12.9898593387839],[77.3661136967365,12.9900732243216],[77.3661241709838,12.9900991636154],[77.3661519821493,12.99013859078],[77.366160207472,12.9901786598734],[77.3662678149321,12.9904232152413],[77.3672328679253,12.9907497922639]]],[[[77.3330256283292,12.9786547885858],[77.3360530127113,12.9783488583703],[77.3378187017849,12.9752950646454],[77.3423065551155,12.9735018644402],[77.3454769302986,12.9748178125243],[77.3481841400065,12.9745789694025],[77.3514155428049,12.9758111383781],[77.352756880812,12.9763972821205],[77.3552563381898,12.9808343941361],[77.355316999098,12.9840514261896],[77.3571582401902,12.9862520854524],[77.359426330594,12.9886201928638],[77.361121391528,12.9895531368552],[77.3633044366842,12.9880225049515],[77.3645664770608,12.9876205560614],[77.3642974604461,12.9876770905306],[77.3638564784111,12.9877567431492],[77.3630769635762,12.9878913612733],[77.3626624850826,12.9879720386446],[77.3624805408856,12.9879987231012],[77.3622201474977,12.988000861209],[77.3622151027634,12.9878913113069],[77.3622145554755,12.9877535045113],[77.3622588490104,12.9875918024493],[77.3624921040231,12.9874293690045],[77.3626321173043,12.9872893227334],[77.3628181314507,12.9871270710532],[77.362887772241,12.986965271286],[77.3628859776575,12.9868037479607],[77.3627908630198,12.9866442804136],[77.3626947733901,12.9865299996164],[77.362483927953,12.986531945627],[77.3622962114948,12.9865558287741],[77.3619941964728,12.9868117196213],[77.3617366615697,12.9869527850027],[77.3614558051281,12.9870244703927],[77.3613220632456,12.9870029608768],[77.3612676391332,12.986934832357],[77.3612283599306,12.986909003625],[77.3608164030011,12.9867535852809],[77.3607494752967,12.986728426929],[77.3604021243292,12.9865936549393],[77.3602114120173,12.9864430277331],[77.3601153965298,12.9863468202826],[77.3599973911395,12.9862258448219],[77.3597801636821,12.9857810630668],[77.3596442768286,12.985508793692],[77.3596305188326,12.9852354866523],[77.3597211541407,12.984846559422],[77.3598208326361,12.9847044113932],[77.3600092219014,12.9845602270838],[77.3602748935103,12.984437204682],[77.3603566066156,12.9844137330246],[77.36066504466,12.9843249975685],[77.3609653711767,12.9842244335412],[77.36128741146,12.9840791661905],[77.361391759228,12.9839528141368],[77.3614465824985,12.9838311706167],[77.3614448274296,12.983679249056],[77.3613543931699,12.9835378358411],[77.3611856576,12.9834080220685],[77.3609397298767,12.983279634951],[77.3598645775706,12.9829505618482],[77.3590724849623,12.9828158101664],[77.3586411680635,12.9827158111905],[77.3583051980981,12.9825437162481],[77.3577303314461,12.9819811390283],[77.3574255882708,12.9815468575903],[77.3571097559758,12.9806387572288],[77.3570641294617,12.980463846499],[77.3570727394954,12.9803101895551],[77.3575289728308,12.9794279205552],[77.3590033143101,12.9784411917782],[77.3606712864974,12.9774740401466],[77.3605858959035,12.9771507442092],[77.3603791812563,12.9770306774276],[77.3600899962448,12.9770329229069],[77.3594713045056,12.9770387004432],[77.3586557596076,12.9770870299718],[77.3585932302557,12.9770081996151],[77.3585799961276,12.9768664874395],[77.3585720244765,12.9765988064408],[77.3586379856585,12.9763805411674],[77.35875800754,12.9761389122991],[77.3588331838308,12.9759200474834],[77.3588645769283,12.9757007873874],[77.3588741688964,12.9755042025012],[77.3588053718776,12.975297188422],[77.3586263611706,12.975189438252],[77.3585306925459,12.9751796400699],[77.3583793099826,12.9750661363223],[77.3580486522611,12.9750691049468],[77.3578424224045,12.9750710281616],[77.3575514511043,12.9749123128578],[77.3574634762406,12.9742252975545],[77.3574580991572,12.9737390319402],[77.3574561079825,12.9735266768965],[77.3563729747041,12.9732072182916],[77.3559374411478,12.9729101165857],[77.3556296044905,12.9722719544137],[77.3555388237775,12.9711636125316],[77.3555690570077,12.970357536092],[77.355235975248,12.9700363176803],[77.3552338662512,12.9697934647134],[77.3553984566885,12.9697516025379],[77.3555645176758,12.9697905008616],[77.3557294286825,12.9698299669938],[77.3561417176301,12.9697854583008],[77.3564691070334,12.9695396437447],[77.356714376561,12.969213379666],[77.3568771767819,12.9690099933137],[77.3572076666745,12.968966361527],[77.3574138906669,12.9689644387837],[77.3577848633303,12.9689607509172],[77.3580325633541,12.9689586677599],[77.3582789556346,12.968917053731],[77.3583441096351,12.9687863358096],[77.3583625430387,12.9687862644983],[77.358430515967,12.9687854378074],[77.3584522761068,12.9687525960009],[77.3584404514456,12.9686758292793],[77.3582194173975,12.9684287364457],[77.3572186048827,12.967651479554],[77.3564550060972,12.9671336764229],[77.3562525324848,12.9669175741864],[77.3561032136062,12.9664493699901],[77.3560444038367,12.9661440426867],[77.3559146574575,12.9659643717513],[77.3557460678603,12.9658678746945],[77.3556456238393,12.9658146051687],[77.3556327234695,12.9657570453878],[77.3555878055089,12.9657606072966],[77.3555048827296,12.9657682675913],[77.3554785182183,12.9658022559356],[77.3554511608864,12.96587691447],[77.3554535862049,12.9659074037819],[77.3552796235269,12.9659092015391],[77.3551148765211,12.9659109636661],[77.3549502842411,12.9659516958074],[77.3549522368045,12.9661550140446],[77.3551208802038,12.9665576295364],[77.3549310812055,12.9666340401263],[77.3549126168225,12.9666262041972],[77.354595919367,12.966368179535],[77.3543653518046,12.9660392245643],[77.3541118249955,12.9651455622175],[77.3538964311011,12.9639874306504],[77.3538165487022,12.9635963349537],[77.3537782183687,12.9632242814247],[77.3537541753215,12.9629696521656],[77.3537503680165,12.9628804297134],[77.3537582147557,12.9628250495052],[77.3537645810126,12.9626860849464],[77.3537708801351,12.9625301788035],[77.3537603248992,12.962482775578],[77.3534319868329,12.9624857282038],[77.3532244567453,12.9624469884202],[77.3530583983931,12.962407522966],[77.3528521791669,12.9624094431401],[77.3526056388544,12.9624120817939],[77.3526062782083,12.9625747392427],[77.3525264252762,12.9627772412746],[77.3525288514493,12.9631014244604],[77.3525324242199,12.963424473216],[77.3524133668995,12.9639117815473],[77.3519221895836,12.9644022090233],[77.3515500688674,12.9644053276371],[77.3513453150631,12.9644874412529],[77.351222361368,12.9645698060559],[77.3512243074475,12.9647719945068],[77.3512685235695,12.965176783256],[77.3512706288035,12.9654196369922],[77.3515632117508,12.9656992207337],[77.3517734896895,12.9661434752663],[77.3521516090552,12.9667870231343],[77.3527741729477,12.9671862075702],[77.352780172828,12.9678334391943],[77.3527430704121,12.9683599694857],[77.3522945111019,12.9688496700794],[77.3517636318665,12.9695012152648],[77.3509827893502,12.9698730136716],[77.350697349428,12.9702406566641],[77.3506994515634,12.970482945697],[77.3507494421371,12.9705974073666],[77.3509122362656,12.9709780206403],[77.351386663325,12.9720865926026],[77.3513274678943,12.9725623760552],[77.3508439351787,12.9729505452128],[77.3501472431958,12.9730424459839],[77.3493588324062,12.9729562201578],[77.3487197231753,12.9724537332987],[77.3476530022171,12.9713191753001],[77.3472400759549,12.971202141783],[77.3470704435033,12.9708390596882],[77.3469031199873,12.9704770996016],[77.3466100545154,12.9700743877856],[77.3465232194437,12.9696708888992],[77.346152244543,12.9696745608824],[77.3454389699552,12.9705346326802],[77.343837999302,12.9718482177402],[77.3418309661049,12.970369853927],[77.3419504375737,12.969983080124],[77.3425884770132,12.9693271937788],[77.3426743895357,12.9691992245859],[77.3430945759793,12.9688146988286],[77.3468023481342,12.9644415168552],[77.3470518894303,12.9640271367381],[77.3478443486074,12.9630933354378],[77.3479278048366,12.9629275334268],[77.3479388618327,12.9628088839858],[77.3479486295439,12.9626552222427],[77.3479297086085,12.9625304738331],[77.3475598879975,12.96253188396],[77.3474989436846,12.9625620495827],[77.3468946859693,12.963009974515],[77.3452943475556,12.9644721043844],[77.3435111532974,12.9660241574601],[77.3421218417323,12.9672482541579],[77.3416070783758,12.9673095087775],[77.3410915073377,12.9671629194343],[77.3406640714293,12.9665703721604],[77.3406515814302,12.9657271775019],[77.3404321552501,12.96559245667],[77.3401970196326,12.965566236452],[77.3401416954264,12.9655602326167],[77.3401140320658,12.9655569483334],[77.3400541680479,12.9655690354431],[77.3400415028409,12.9655713423456],[77.3399056540197,12.9655972725753],[77.339796742714,12.9651424576758],[77.3396838298117,12.9651411903579],[77.3396388929629,12.9651402308335],[77.3393900162514,12.9651355222574],[77.3391344801642,12.9651957927627],[77.3388999012153,12.9653130259799],[77.338813661897,12.9653568409383],[77.3387022509169,12.9654459342874],[77.3386034761132,12.9655253793417],[77.3384567199961,12.9657100568752],[77.3383099520349,12.9658919107388],[77.3382744119309,12.9659372280818],[77.3381826864067,12.9660522283951],[77.3380645913186,12.966200086208],[77.3380427275541,12.9662069457405],[77.3380323664707,12.9662092445014],[77.3379840280599,12.9662224167476],[77.3378160493799,12.9662823549143],[77.3377873045109,12.9662971474423],[77.3377769591512,12.9663033992705],[77.3377493659123,12.9663181877742],[77.3375493306365,12.9664307724568],[77.3372074920364,12.9665196047842],[77.3372095788402,12.9667613296876],[77.3368823290712,12.9670472208665],[77.3366465945701,12.96716445744],[77.3365592025114,12.9672082767408],[77.3364706619425,12.9672532285928],[77.3364050849978,12.9672777626497],[77.3362532262762,12.9673353784749],[77.3361416304131,12.9673770294841],[77.3357330535693,12.9677863514091],[77.3354855091178,12.9678290788728],[77.3352771945015,12.9675881294049],[77.3350734547376,12.9667411350759],[77.3349475667091,12.9666619731434],[77.3349312586669,12.9666157208141],[77.3349266107273,12.9666055726874],[77.3349114806985,12.9665660930676],[77.3348092802661,12.9666540217046],[77.3347401164723,12.9666446801463],[77.3346801719594,12.9666358684896],[77.3343918106739,12.9665505384897],[77.3338731055205,12.9664864068842],[77.3337393889051,12.966468271014],[77.3336370490754,12.9665200521802],[77.3334105134388,12.966632732498],[77.3334122924542,12.9667953880725],[77.3334558537391,12.9670375223741],[77.3334577849189,12.9672397124748],[77.3335860747138,12.967643059896],[77.3335881623052,12.9678859148603],[77.3335905617319,12.9682095348607],[77.3336595358855,12.9684685181483],[77.3337191650313,12.9686942127432],[77.333746946655,12.969026773796],[77.3337651296657,12.9692605315134],[77.3337689932263,12.9696649115528],[77.3336297491805,12.9697077946464],[77.3333581604088,12.9697901455108],[77.3331897707243,12.9697444645905],[77.3330686701713,12.9697115962389],[77.3329418478106,12.9693901382736],[77.3329058672731,12.9693213684032],[77.3327306041435,12.9689865367729],[77.3325022395894,12.9689241370662],[77.3324422666067,12.9689079826066],[77.3319852552749,12.9687097587477],[77.3315313278931,12.9687137203047],[77.3313137074501,12.9687484239363],[77.3309061028729,12.9688143382744],[77.3308922947624,12.968818908579],[77.3308681525356,12.9688325541177],[77.3307520545278,12.9689024590984],[77.3305886096426,12.968943736631],[77.3303973614382,12.968945582559],[77.330301480653,12.9688798607248],[77.3302456669358,12.968746777379],[77.3301715170656,12.9686391788236],[77.3301634043097,12.9686267827473],[77.3300397699257,12.9685340550506],[77.3298208188312,12.9685224482547],[77.3296503866158,12.9685445483585],[77.3296055660304,12.9685740852672],[77.3295285707067,12.9686257709793],[77.3294480466672,12.9686582651368],[77.329392827206,12.9686799344265],[77.3292155608133,12.9687223920615],[77.3290380854755,12.9687106301782],[77.3288062060235,12.9686324256538],[77.3286353896612,12.9685545572021],[77.3285176696771,12.9685019063393],[77.3281347088787,12.9683841645009],[77.3279571348443,12.9683464224578],[77.3277255100369,12.9683348621884],[77.3275563772153,12.9683953612725],[77.3272825397812,12.9684923995317],[77.3270301920737,12.9685215190649],[77.3263274190237,12.9699162026952],[77.326804563997,12.9700400358094],[77.3275014117944,12.9702882049951],[77.3276399957804,12.9703735370198],[77.3280803924872,12.9704453159491],[77.3289894063516,12.9704373990381],[77.3297891720071,12.9704829798527],[77.3301856013777,12.9705063464759],[77.3309317929559,12.9707017951622],[77.3311426606778,12.9713075976068],[77.3312278546577,12.9715902416437],[77.3314792613037,12.9719513343085],[77.3315590079917,12.9720159874488],[77.331770527673,12.9721914103285],[77.3320183897554,12.9722300163248],[77.332430845951,12.9722262088085],[77.3328859329278,12.9722222414837],[77.3333360035255,12.9718138972941],[77.3333634940701,12.9717719985849],[77.333416180653,12.9716910346356],[77.3336650384468,12.9716889702111],[77.3341623818382,12.9718876033512],[77.3340435923234,12.9724545408077],[77.33392627202,12.9731039343554],[77.3340103167033,12.9733860160829],[77.3343433734361,12.9737061333877],[77.3343660487856,12.973909375006],[77.3343887176039,12.9741109224334],[77.3343638348784,12.974530095406],[77.3343530370826,12.9747176474535],[77.3342890679425,12.9754577719009],[77.3342791260491,12.9755685098604],[77.3337932159939,12.9765440471187],[77.3335496820205,12.9767324753113],[77.3334244732305,12.9768306558355],[77.3333114590763,12.9768045350323],[77.3330923471107,12.9767528321005],[77.3329640328213,12.9766431791451],[77.3327178088531,12.9764328698154],[77.3326600946402,12.9764054113479],[77.3320552371696,12.9761151178156],[77.3311618282977,12.9753927039497],[77.3310150467844,12.9752740817648],[77.3309503888445,12.9752387424721],[77.3307252413925,12.9751153304307],[77.3304762246701,12.9750767276556],[77.3301486444687,12.9752818472589],[77.330152663038,12.9757280225914],[77.3306123899084,12.9763300685989],[77.3306583501983,12.976896386781],[77.330714091865,12.9770102679651],[77.3309533301007,12.9775013088447],[77.330958806546,12.978026550801],[77.3309589568523,12.9780448177414],[77.3330256283292,12.9786547885858]]]]}},{"type":"Feature","properties":{"kgisWetlandId":2034,"wetlandCode":"1202","wetlandClass":"Tank/Pond","forestBeatId":2551,"areaM2":50370,"shapeAreaM2":50438.5,"shapeLengthM":1083.1,"labelPoint":[77.715364,12.692823],"source":"kgis-wetlands"},"geometry":{"type":"Polygon","coordinates":[[[77.7155032854277,12.6910357319027],[77.7153351312321,12.6910077909742],[77.7151523299123,12.6910392228684],[77.7150305185322,12.691070907953],[77.7147279972565,12.6913130357704],[77.7145321716004,12.6914936249379],[77.7145166379073,12.6916032641223],[77.7145654584518,12.6919153163549],[77.7145927934485,12.6922991993477],[77.7145972360596,12.6927063542114],[77.7146016811318,12.6931140736436],[77.7146037803981,12.6932942157372],[77.7145597368767,12.6934531335978],[77.7143854777977,12.6935777030049],[77.7143588591524,12.6937675917321],[77.7142691307047,12.6939922534938],[77.7141642120716,12.6941729427981],[77.7140740940587,12.6943236243244],[77.7140760291926,12.6944727057753],[77.7140858226937,12.6945844744479],[77.7141137013613,12.6946340282282],[77.7143415390579,12.6946317329702],[77.7145022765625,12.694562011664],[77.7146615058342,12.6944239648813],[77.7151648761553,12.6940802843589],[77.7160926024871,12.6934667419857],[77.7161692396787,12.6933788141322],[77.7162126985979,12.693327764411],[77.716210751263,12.6931764240034],[77.7162082684587,12.6929234338895],[77.716051864293,12.6927231876889],[77.7157913666152,12.6924229511772],[77.7154719420991,12.6922958273193],[77.7154821876857,12.6922748799531],[77.7155151722802,12.6922012936678],[77.7156959594811,12.6920055320296],[77.7157859173571,12.6918249196775],[77.7157835840872,12.6916001654388],[77.7157965296482,12.6914363244212],[77.7157497147261,12.6912869073919],[77.7156256535045,12.6911096502073],[77.7155032854277,12.6910357319027]]]}},{"type":"Feature","properties":{"kgisWetlandId":2056,"wetlandCode":"1202","wetlandClass":"Tank/Pond","forestBeatId":2551,"areaM2":57317,"shapeAreaM2":57394.9,"shapeLengthM":1101.6,"labelPoint":[77.718598,12.698974],"source":"kgis-wetlands"},"geometry":{"type":"Polygon","coordinates":[[[77.7188423795792,12.6996952609488],[77.719208383613,12.6994883791087],[77.7194615403473,12.6994859491481],[77.7196222804181,12.6994162244035],[77.7197125838761,12.6993011175821],[77.7197103621882,12.699098387978],[77.7196848842292,12.698850033814],[77.7195690974969,12.698715657246],[77.7193374445865,12.698649643596],[77.7190110382472,12.6982915822417],[77.7187265663379,12.6975933324879],[77.7185163682404,12.697013295392],[77.7182303371984,12.6971096397011],[77.7180384810902,12.6971704877164],[77.7177087647119,12.6974935166415],[77.7174910493412,12.6976697029228],[77.7172300985832,12.6979398575924],[77.7173177842368,12.6984194372707],[77.7174475308704,12.6988010999562],[77.717534272758,12.6991016596911],[77.7175949050405,12.6994701237787],[77.7178327419049,12.699617429183],[77.7179874439433,12.69971207524],[77.7180583569345,12.6998478139566],[77.7180608069287,12.700094027765],[77.7180634053383,12.7003684774976],[77.7181358266508,12.7005719767062],[77.7182634879706,12.7007757561992],[77.7185549543181,12.700836380396],[77.7185531660108,12.7007155354788],[77.7185927637859,12.7001505922366],[77.7188423795792,12.6996952609488]]]}},{"type":"Feature","properties":{"kgisWetlandId":2076,"wetlandCode":"1202","wetlandClass":"Tank/Pond","forestBeatId":2551,"areaM2":75139,"shapeAreaM2":75233.5,"shapeLengthM":1287.2,"labelPoint":[77.659378,12.705892],"source":"kgis-wetlands"},"geometry":{"type":"Polygon","coordinates":[[[77.6608510280131,12.7056496302927],[77.6605214525213,12.7055625861077],[77.6602494958295,12.7054910711113],[77.6599490615985,12.7054772999164],[77.6596797077793,12.705465071306],[77.6595637538917,12.7055204225079],[77.6594248414135,12.7055871808857],[77.6593016662965,12.7055798800117],[77.6592114872537,12.7054978698005],[77.6590612002686,12.7053630674019],[77.6587568682775,12.7052612137947],[77.6585516741273,12.7051921929878],[77.6584091378559,12.7049969241626],[77.6582677613324,12.7048033447065],[77.658054174942,12.7046677234438],[77.6578466801297,12.7045987132792],[77.6576004166256,12.7046010514407],[77.6574431026278,12.7046701586778],[77.6570717786755,12.7045194972729],[77.656887589901,12.7045079769112],[77.6567486140518,12.7045623108802],[77.6567164538893,12.7045748932466],[77.6566937060493,12.7046280906886],[77.6566265856123,12.7047825973168],[77.6566147057155,12.7049373969932],[77.6566308347382,12.7051694311839],[77.6566587732793,12.705232546126],[77.6567111563688,12.7053508872083],[77.656817541934,12.7054520210975],[77.657056337151,12.705566058566],[77.6572421961709,12.705680355276],[77.6577602628391,12.7059471986661],[77.6583574922648,12.7063938074706],[77.6584199602982,12.7064578822283],[77.6585437422579,12.7065854732039],[77.6587569513022,12.706645983738],[77.658991185655,12.7067679479402],[77.6592196487966,12.7068865521915],[77.6595277362536,12.7070482503662],[77.6598205509144,12.7071479009289],[77.6600603407853,12.7072303050345],[77.6603597406041,12.7072666694256],[77.6605656310685,12.707245325521],[77.6607699060184,12.7071319352511],[77.6609680355714,12.7069412045843],[77.6610980025213,12.7066982862025],[77.6611816113293,12.7063912152543],[77.661171971037,12.7060778259195],[77.6610832913363,12.7058371138061],[77.6608510280131,12.7056496302927]]]}},{"type":"Feature","properties":{"kgisWetlandId":2093,"wetlandCode":"1202","wetlandClass":"Tank/Pond","forestBeatId":2551,"areaM2":25783,"shapeAreaM2":25818.9,"shapeLengthM":590.8,"labelPoint":[77.735427,12.709254],"source":"kgis-wetlands"},"geometry":{"type":"Polygon","coordinates":[[[77.7358776471409,12.7083848701942],[77.7356185361669,12.7083512050659],[77.7351472564346,12.7084541797711],[77.7348492658165,12.7086821888673],[77.7345615276638,12.7091061074371],[77.7346563255949,12.7094021002818],[77.7347441338983,12.7096823166966],[77.7349765480001,12.709888366027],[77.7354070908021,12.709914362523],[77.7360091572638,12.7099501949967],[77.73630245988,12.709706396217],[77.7362710565738,12.7094292759379],[77.7362161959664,12.7090698248778],[77.7361407844612,12.7087409774483],[77.7359447030796,12.7084426883812],[77.7358776471409,12.7083848701942]]]}},{"type":"Feature","properties":{"kgisWetlandId":2111,"wetlandCode":"1202","wetlandClass":"Tank/Pond","forestBeatId":2551,"areaM2":231940,"shapeAreaM2":232255.6,"shapeLengthM":2485.2,"labelPoint":[77.720676,12.711607],"source":"kgis-wetlands"},"geometry":{"type":"Polygon","coordinates":[[[77.7220227216036,12.7133167616369],[77.722197617428,12.7130939173476],[77.7223384721209,12.7127447476496],[77.722543012007,12.7122523711229],[77.7226181684384,12.7121017644365],[77.7228105948531,12.7117122310614],[77.7230011815808,12.7114102434109],[77.7231440220442,12.7112191905612],[77.7232548918973,12.7110757391656],[77.7233814521789,12.7108531445926],[77.7234759598702,12.7106623407831],[77.7235542739011,12.7104563723983],[77.7235519506578,12.7102350073284],[77.7235491220905,12.7099187681471],[77.7235471845237,12.7097702526132],[77.7235471369718,12.7097612176661],[77.7235130935487,12.7096348915983],[77.7234321223576,12.7095568102988],[77.7232547370736,12.709526665514],[77.7230936328875,12.7095286259913],[77.7229327779604,12.7095774575263],[77.7227413566413,12.7097218879298],[77.7225014352919,12.7098349439301],[77.7222782935898,12.7100744130669],[77.7219238607609,12.7100779338785],[77.7215854541412,12.7100655593764],[77.7213432956809,12.7099736252315],[77.7211961451696,12.7097851963952],[77.7210829524421,12.70970727973],[77.720873096958,12.7096304266399],[77.7206778675088,12.7094902473142],[77.720548399851,12.7093813548082],[77.7203871265399,12.7093511239425],[77.7202997828704,12.7093735981212],[77.7202584082542,12.709383976916],[77.7200670697582,12.7095442182055],[77.7199059627985,12.7095456121703],[77.7198090479373,12.7094992368596],[77.7196947064492,12.7094213258594],[77.719597457931,12.7093117029279],[77.7194992266799,12.7092337096319],[77.719337955794,12.7092040435655],[77.7191688594246,12.7092179023432],[77.7190334246192,12.7092863665729],[77.7190338386158,12.7093648639276],[77.7190357414401,12.7095071679129],[77.7190378115624,12.709681097023],[77.7189599978499,12.7099825029305],[77.7187876738547,12.7106927002377],[77.7185249617309,12.7115027560147],[77.7183565318993,12.7118611019677],[77.7181623763739,12.7121422101483],[77.7181406770703,12.7121739466506],[77.7181315252054,12.7121841591261],[77.7180057100812,12.7123310740336],[77.7178262745655,12.7123489373332],[77.7174416006981,12.7125107355633],[77.7171839934865,12.7125448132939],[77.7170067762389,12.7125468525359],[77.7168293092797,12.7125014556912],[77.7165714522252,12.7124880959586],[77.7162322080601,12.7123175928397],[77.7160531728008,12.7121931397006],[77.7158114281036,12.7121796962314],[77.7155858780969,12.7121819831588],[77.7155068925082,12.7122620161043],[77.7155073913866,12.7123568899514],[77.7155091266338,12.7124675700098],[77.7156311970485,12.712483321421],[77.7156220979224,12.712503698892],[77.7156029396221,12.7125806011083],[77.7155950444302,12.7126111381677],[77.7156105045018,12.7127059354775],[77.7156803296975,12.7128529730104],[77.7158536174226,12.7129785855503],[77.7161587719193,12.7132317171825],[77.7163594000248,12.7133041026749],[77.716661181113,12.7133539454261],[77.717403642885,12.7133868396424],[77.7179396913433,12.7133411656932],[77.7186539671585,12.7132669009163],[77.7192524779045,12.713281330381],[77.7196787549071,12.7133700592388],[77.7199003475763,12.7134897725738],[77.7200388655315,12.7135686879026],[77.7201900448905,12.7136481028114],[77.7203562547961,12.7137404286742],[77.7204254424549,12.7137666151511],[77.7205763385175,12.7137923800638],[77.7208100889767,12.7138171550281],[77.7209941459002,12.7138026522888],[77.7210033470261,12.7138014764778],[77.7211559519748,12.7137154149981],[77.7212213539107,12.7136783693983],[77.7218047301158,12.7136601155271],[77.7218797106847,12.7134761901309],[77.7220227216036,12.7133167616369]]]}},{"type":"Feature","properties":{"kgisWetlandId":2116,"wetlandCode":"1202","wetlandClass":"Tank/Pond","forestBeatId":2551,"areaM2":46751,"shapeAreaM2":46817.6,"shapeLengthM":976.5,"labelPoint":[77.755699,12.71281],"source":"kgis-wetlands"},"geometry":{"type":"Polygon","coordinates":[[[77.7572424076543,12.7115911556305],[77.7570628898406,12.7115926691698],[77.7567913160223,12.7115957987354],[77.7564955074002,12.7115866327002],[77.756185886759,12.7115769731202],[77.7557094065954,12.7115687601018],[77.7553871984014,12.7115721563689],[77.7551818341246,12.7116884457751],[77.7550174311496,12.7119304536077],[77.7549079308622,12.7123229546039],[77.7548427191481,12.7123938898912],[77.7545637532198,12.7125196035478],[77.7544029014422,12.7125678897246],[77.7545025813299,12.7126989456454],[77.7545626706681,12.7127443715801],[77.7546641631857,12.7127850617806],[77.7548082900627,12.7128356917266],[77.7549467949219,12.7129106338391],[77.7550612277708,12.7130032109368],[77.7551999557545,12.7131193781442],[77.7554266009234,12.7133192253248],[77.7555580356751,12.713363709436],[77.7557262068939,12.7133916226599],[77.7558277914834,12.7134492526166],[77.755906520498,12.7135363703997],[77.7559554208369,12.7136405878758],[77.7560158990367,12.7137577318584],[77.756083340414,12.713885568496],[77.75616222925,12.7140020520883],[77.7562038475059,12.7140368449346],[77.7562637463368,12.7140472579693],[77.7563085472936,12.7140323384934],[77.7563383463746,12.7140095922507],[77.7563564663995,12.7139558465252],[77.7563674043641,12.7138507483555],[77.7563712444599,12.7137101107384],[77.7564186632059,12.7133297972609],[77.7564263936599,12.7132698940482],[77.7565272671885,12.7129847370323],[77.7566105729952,12.712854973751],[77.7567342827449,12.7127487151],[77.7568351321177,12.7126708143026],[77.7570129605146,12.7125699175466],[77.7571734615474,12.7124572516024],[77.7572443009925,12.7123631318134],[77.7572910040173,12.7122747870711],[77.7573147498597,12.7121972936249],[77.7573362342428,12.7121271534065],[77.7573894313072,12.7119630999533],[77.7574603953854,12.711892134151],[77.7574314268305,12.7118555793166],[77.7574116364761,12.7118138946684],[77.7574092856413,12.7118048703761],[77.757391612834,12.7117292902649],[77.7573702331091,12.7116068572641],[77.7573655381367,12.7115899395887],[77.7572424076543,12.7115911556305]]]}},{"type":"Feature","properties":{"kgisWetlandId":2141,"wetlandCode":"1202","wetlandClass":"Tank/Pond","forestBeatId":2551,"areaM2":33834,"shapeAreaM2":33880.5,"shapeLengthM":815.6,"labelPoint":[77.730432,12.718564],"source":"kgis-wetlands"},"geometry":{"type":"Polygon","coordinates":[[[77.7314907073395,12.7185130505899],[77.7315069936368,12.7181142628145],[77.7315443131819,12.717775228413],[77.7314808949582,12.7175366733979],[77.7313587005895,12.7174983419028],[77.7311047858457,12.7175775934239],[77.7308559433629,12.7179606457642],[77.7308187308785,12.7183200110097],[77.7305362735345,12.7184423304093],[77.7303544498652,12.7184444033759],[77.7301295161861,12.7183473063611],[77.729906262822,12.7183495937167],[77.7295017164713,12.7184533443058],[77.729320737064,12.7186141017537],[77.7292227430844,12.719013879204],[77.7293680763323,12.7192909756194],[77.7296543210864,12.7194470521311],[77.73006108262,12.7195426420602],[77.7304064267697,12.7195589218042],[77.7308126589644,12.7195551195257],[77.731156216552,12.7194522485256],[77.7313577976768,12.7192704858244],[77.7314547460409,12.7188910463361],[77.7314907073395,12.7185130505899]]]}},{"type":"Feature","properties":{"kgisWetlandId":2143,"wetlandCode":"1202","wetlandClass":"Tank/Pond","forestBeatId":2551,"areaM2":411727,"shapeAreaM2":412264.5,"shapeLengthM":3298.9,"labelPoint":[77.685365,12.71679],"source":"kgis-wetlands"},"geometry":{"type":"Polygon","coordinates":[[[77.6893031707864,12.7182103183794],[77.6890090383275,12.716969360925],[77.6882061797552,12.7166097041025],[77.6876538462911,12.7157337379111],[77.6873765272947,12.7152951948414],[77.6873718365948,12.7152782759048],[77.6859966551258,12.7130640399122],[77.6852994717383,12.7126620502938],[77.6842569657866,12.7124696167092],[77.6829761427676,12.7124828109466],[77.6817392630457,12.7132090516458],[77.6817483218384,12.71407589189],[77.6817550102158,12.7147055509132],[77.6825990425704,12.7194926296295],[77.6828056054261,12.7198242298873],[77.6829966959914,12.7193855947502],[77.6837134564008,12.7184456553801],[77.6842095132532,12.7177812871019],[77.6850172627047,12.7175270543287],[77.6859665354839,12.717489534652],[77.686976766769,12.7178910764171],[77.6882786306423,12.7194951844355],[77.6894812516825,12.7208219286589],[77.6899848618592,12.7205076540539],[77.6900724391581,12.7198617115151],[77.6895713949801,12.7193367628335],[77.6893031707864,12.7182103183794]]]}},{"type":"Feature","properties":{"kgisWetlandId":2167,"wetlandCode":"1202","wetlandClass":"Tank/Pond","forestBeatId":2372,"areaM2":34641,"shapeAreaM2":34690.3,"shapeLengthM":807.5,"labelPoint":[77.763786,12.723718],"source":"kgis-wetlands"},"geometry":{"type":"Polygon","coordinates":[[[77.7642254730927,12.7223269065269],[77.7640569538732,12.7222363168043],[77.7639581281962,12.7222633842284],[77.763925892291,12.7222612970448],[77.7639109321113,12.7222613764072],[77.7638740962159,12.7222598783265],[77.7636646496867,12.7222615557144],[77.7634818726951,12.7222997998408],[77.7633785800871,12.7223517391297],[77.7633648075255,12.7223585883072],[77.7631249948125,12.7224897509477],[77.7629468535103,12.7227448254088],[77.7629508053263,12.7230469344257],[77.7629800844186,12.723350602084],[77.7630361226521,12.7234965689957],[77.7630442158089,12.7235033029162],[77.7630858082696,12.7235330131823],[77.7632762713592,12.7238482487906],[77.7635035312301,12.7241576421584],[77.7636317245382,12.724450054094],[77.7637403810218,12.7247476535403],[77.7637807750422,12.7249789769167],[77.763822621906,12.7250549928811],[77.7638725394584,12.7251337899569],[77.7639360357079,12.7251701592748],[77.7640039630202,12.7251748800663],[77.7640711832132,12.7250502823732],[77.7640779829037,12.7250310453405],[77.7641573883095,12.7250300582405],[77.7642714016363,12.7246234126621],[77.764356059765,12.7243202677611],[77.7643771433851,12.7239666362345],[77.7643768660807,12.7239158121327],[77.7643739209522,12.723587720312],[77.7643195214753,12.7228996061374],[77.7643879071409,12.7227778255704],[77.7644174154739,12.7227019951658],[77.764421518286,12.7226104870418],[77.7644108283811,12.7225495540276],[77.7643735593406,12.7224689953193],[77.7643029027483,12.7223857905819],[77.7642254730927,12.7223269065269]]]}},{"type":"Feature","properties":{"kgisWetlandId":2176,"wetlandCode":"1202","wetlandClass":"Tank/Pond","forestBeatId":2551,"areaM2":61961,"shapeAreaM2":62045.5,"shapeLengthM":1073.2,"labelPoint":[77.726929,12.725619],"source":"kgis-wetlands"},"geometry":{"type":"Polygon","coordinates":[[[77.7281240587103,12.7240575836915],[77.7276255976618,12.7240330590712],[77.7272088914679,12.7242328746039],[77.7269417892569,12.7244307856899],[77.7266166808475,12.7247583217595],[77.7262495122048,12.7249674807446],[77.7258239078183,12.7252260730236],[77.725626694065,12.7253648893494],[77.7255976065593,12.7255220366055],[77.7256205091246,12.7257167523749],[77.7257497134099,12.7257742517102],[77.7260100104019,12.7258113068467],[77.7264083512295,12.725836352755],[77.7266286812723,12.7259323466257],[77.7268106098501,12.7261652054779],[77.7268427740379,12.7263700389335],[77.7269556004961,12.7265936543343],[77.7270670173501,12.7267687105212],[77.72715871426,12.7269145021962],[77.727169906932,12.7270714413624],[77.7273515725276,12.7272546039675],[77.7276882485753,12.7271540311325],[77.727924955097,12.7268670483483],[77.7280014901734,12.7265430576967],[77.7281427439372,12.7258375349813],[77.7283191990577,12.7254746241965],[77.7285138460555,12.7250703941754],[77.7286289416929,12.7246394685697],[77.7285349458296,12.7242779609519],[77.7281240587103,12.7240575836915]]]}},{"type":"Feature","properties":{"kgisWetlandId":2186,"wetlandCode":"1202","wetlandClass":"Tank/Pond","forestBeatId":2295,"areaM2":58891,"shapeAreaM2":58960.7,"shapeLengthM":1165.4,"labelPoint":[77.607507,12.729628],"source":"kgis-wetlands"},"geometry":{"type":"Polygon","coordinates":[[[77.6085775507213,12.730488584086],[77.6085902932452,12.7300316330016],[77.6085686751309,12.7296092951986],[77.6084466861079,12.7293749320955],[77.6081935311723,12.7291490961026],[77.6077786330113,12.7290347178057],[77.6074788420458,12.7289226190326],[77.6073808349983,12.7288863735829],[77.6071887180724,12.7286681537103],[77.6069615044197,12.7283326306545],[77.6067719308181,12.7281640988645],[77.6067176054463,12.7281163503825],[77.6064755888505,12.7280508516741],[77.6059845249714,12.7281316728879],[77.6055041089728,12.7282717426851],[77.6051781519935,12.7284602166781],[77.6051459247378,12.7286975687179],[77.6052168672694,12.7288491545],[77.6052867354867,12.7290165583227],[77.605703440188,12.729266475173],[77.6064833290798,12.7296468286545],[77.6069005247461,12.7299972677069],[77.6070469912934,12.7300581335058],[77.6072637984031,12.7301463418495],[77.6076435945773,12.7301422859275],[77.6077300783335,12.730175763647],[77.60776690612,12.7304122237968],[77.6077533380608,12.7306991858268],[77.6077038483382,12.7309366193094],[77.6077404269781,12.7311216870519],[77.6078166154612,12.7311682015581],[77.6078777945171,12.7312046225534],[77.6079976030694,12.7312272105329],[77.6080517467811,12.7312371198314],[77.6082747761827,12.7311841070927],[77.6083926109306,12.7310372762373],[77.6084109137693,12.731014035581],[77.6085122764139,12.7307932986319],[77.6085775507213,12.730488584086]]]}},{"type":"Feature","properties":{"kgisWetlandId":2197,"wetlandCode":"1202","wetlandClass":"Tank/Pond","forestBeatId":2551,"areaM2":347815,"shapeAreaM2":348285.0,"shapeLengthM":2881.3,"labelPoint":[77.714464,12.728045],"source":"kgis-wetlands"},"geometry":{"type":"Polygon","coordinates":[[[77.7169059114385,12.7302795966781],[77.7172434252907,12.7301180398833],[77.7175484838716,12.7301305892583],[77.7177759531696,12.7302706031769],[77.7180034236227,12.7304106177417],[77.7181976013395,12.7305666148737],[77.718439527856,12.7306111131195],[77.7186489821744,12.7306089055749],[77.7188584397122,12.7306072624347],[77.7190354183957,12.7305577835952],[77.7191906589469,12.7300978529487],[77.7193471341448,12.7296537275369],[77.7192801141687,12.7293858231919],[77.7190540461899,12.7292932399975],[77.7187963400552,12.7293115091901],[77.7184583262993,12.729378194067],[77.7181519509012,12.7293340277586],[77.7177162640695,12.72921202602],[77.7166936789269,12.7284486765835],[77.7161344507741,12.7273796772024],[77.7161156847018,12.7270951447232],[77.7161310817977,12.7269595286642],[77.7160873865574,12.7269670946127],[77.7159468592548,12.7269446622072],[77.71580039873,12.7268883763769],[77.7157539739005,12.7265966449355],[77.7157516644693,12.7257230058127],[77.7157499219413,12.7251746534914],[77.7157254246025,12.724458126078],[77.7156665527025,12.7242065548736],[77.7156397651518,12.7241462660507],[77.7156094736154,12.7240763941021],[77.7155408843178,12.7239462917297],[77.7153953613141,12.7238493387353],[77.7150036790716,12.7237768037856],[77.714355940065,12.7238162712302],[77.7140344605382,12.7239619284306],[77.7137763599983,12.7243416264269],[77.7136672047321,12.7245940596773],[77.7135461404619,12.7247703146294],[77.7134580440777,12.7248695961843],[77.7133365797335,12.7249701772558],[77.7131470396256,12.72503778824],[77.7130802899254,12.7250381298716],[77.7128998311834,12.7255190827412],[77.7128116275288,12.7262536959018],[77.7127593604971,12.7268187036303],[77.712689076899,12.7274594782036],[77.7125783734304,12.7278553624733],[77.7123133636051,12.7282350956959],[77.7121052955226,12.7285004596268],[77.7119547690458,12.7287649638124],[77.7119177817246,12.7289537766805],[77.7119196283251,12.7290859162442],[77.7120191326493,12.7294044836249],[77.7122331754078,12.7298365418963],[77.7123060486107,12.7299061974021],[77.7123619425976,12.7300295876613],[77.7124182050009,12.7302230051236],[77.7124749314473,12.730504518894],[77.7125873701228,12.7308749764546],[77.71268157447,12.7312794113295],[77.7128188813253,12.7317824550548],[77.7129037501255,12.7319441001992],[77.7131747711518,12.7318308920112],[77.7137086989663,12.7315937863784],[77.7139879119399,12.7315065132041],[77.7142797107238,12.7314050569864],[77.7143405970496,12.7313838492548],[77.7146024510227,12.7312785931559],[77.7147991750548,12.7312628999688],[77.7151580413595,12.7310029718152],[77.7153724395819,12.7308471327943],[77.715527304484,12.7307508961991],[77.7161673204734,12.7305533385428],[77.7167401047001,12.7304831893971],[77.7169059114385,12.7302795966781]]]}},{"type":"Feature","properties":{"kgisWetlandId":2214,"wetlandCode":"1202","wetlandClass":"Tank/Pond","forestBeatId":2372,"areaM2":119763,"shapeAreaM2":119932.4,"shapeLengthM":1688.1,"labelPoint":[77.753104,12.732792],"source":"kgis-wetlands"},"geometry":{"type":"Polygon","coordinates":[[[77.7542789677229,12.7306602530381],[77.7542057432395,12.7305279277115],[77.7540482245896,12.7305564323191],[77.7536775122999,12.7305335419168],[77.7534689783305,12.7304928526033],[77.7533223865253,12.730413999316],[77.7532493528371,12.7303166869483],[77.7527219347541,12.7302601742082],[77.7526023159438,12.7302737941418],[77.7525369824399,12.7303232703757],[77.7524672827608,12.7304162535977],[77.7524022386543,12.7305188135013],[77.7523244447605,12.7306050633634],[77.7523219783819,12.7307869191269],[77.752308859541,12.7309146174016],[77.7522908313806,12.7309858690111],[77.7522408669059,12.7311103732504],[77.7521609343728,12.7312265649447],[77.7519559095106,12.7314083601204],[77.7517357076562,12.7315507041535],[77.751654338543,12.7316143831422],[77.7515797305105,12.7316514832255],[77.7514706028805,12.7316898961423],[77.7512623629259,12.7317034180669],[77.7511129360921,12.7317386545237],[77.751096891847,12.7317511627929],[77.7509535838408,12.7318535695665],[77.7508160394839,12.7319576408512],[77.7506899347959,12.7320492273078],[77.7506101086225,12.7321851836667],[77.7505772865538,12.7322875728097],[77.7505642661267,12.7324333424323],[77.7506943394794,12.732437173714],[77.7508889866265,12.7324638196498],[77.7513890633826,12.7325713060891],[77.7515480975802,12.7326099993106],[77.7516967777659,12.732649310488],[77.7519744414037,12.7327037544024],[77.7521047990977,12.7327601041176],[77.7521822543127,12.7328235098748],[77.7522541722997,12.7329270409313],[77.7522833507128,12.7330019966597],[77.7523186427446,12.7331429926428],[77.7523275239169,12.7335071963846],[77.7523909801854,12.7337480022884],[77.752411188173,12.7338664893852],[77.7524278519338,12.7339680531033],[77.7524320372275,12.7343153399777],[77.7524345240721,12.7345615497255],[77.7524348424673,12.7346202789867],[77.7523832936164,12.7350892774921],[77.7525234423285,12.7352528752935],[77.7527081535557,12.7353569398073],[77.7528474081945,12.735355638973],[77.7530918813323,12.7352318024457],[77.7533201658969,12.7350939318844],[77.7534705221845,12.7348056899718],[77.7535581629995,12.7344133041661],[77.7536146511222,12.7340064007032],[77.7536119422357,12.7337195314001],[77.7537326198175,12.7334766254305],[77.753868265738,12.7332347687169],[77.7539427506943,12.732963304692],[77.7540000035279,12.7329093529818],[77.7541561550299,12.7326289865743],[77.754286247504,12.7324244314321],[77.7543845958508,12.732308706062],[77.7544945496489,12.7322104280328],[77.7546032660815,12.7320963426534],[77.7548159285534,12.7318377012206],[77.7548901482509,12.7317294455241],[77.7549311503241,12.7316501670036],[77.7549502053486,12.7315563202516],[77.7549486865664,12.731488561156],[77.7549402447268,12.7314174495695],[77.7549146523779,12.7313673240635],[77.7548626047649,12.7313201622965],[77.754804874709,12.7312860180858],[77.7546803085735,12.7312364160543],[77.7545891844628,12.7311990602331],[77.7545001903609,12.7311300688988],[77.7544144649778,12.7310271763603],[77.7543644316972,12.7309269186202],[77.7542789677229,12.7306602530381]]]}},{"type":"Feature","properties":{"kgisWetlandId":2215,"wetlandCode":"1202","wetlandClass":"Tank/Pond","forestBeatId":2372,"areaM2":113308,"shapeAreaM2":113466.1,"shapeLengthM":1599.2,"labelPoint":[77.743654,12.733139],"source":"kgis-wetlands"},"geometry":{"type":"Polygon","coordinates":[[[77.7445529153194,12.7343246156473],[77.7447405029033,12.7343225016465],[77.745023615628,12.7343198860585],[77.7451943363406,12.7343912759071],[77.7454018852793,12.7344624713708],[77.7457148152582,12.7346534019415],[77.7458275016585,12.7346341736616],[77.745913747806,12.7346207310697],[77.7459597461527,12.7346137134346],[77.7459959775741,12.7345028355628],[77.7460325035652,12.7344467353548],[77.7460315090748,12.7342626382982],[77.74603006335,12.7342078662583],[77.7459164798628,12.7340610679423],[77.7458017472237,12.7339142760562],[77.7456490355343,12.7337676830847],[77.7454445330612,12.7336213608983],[77.7453451699925,12.7335501620924],[77.7449649430036,12.7332579329075],[77.744698951686,12.7330204470084],[77.7443931378315,12.7326544109853],[77.7442932575479,12.7324872092406],[77.7441062919724,12.7321775881043],[77.7440360794771,12.7319627927953],[77.7437751283926,12.7311650655293],[77.7437165412278,12.7307581997809],[77.7435084769115,12.7308044700003],[77.7431460629361,12.7308267002721],[77.7426801844638,12.7308709320313],[77.7425629448746,12.7308992176869],[77.7424643558411,12.7309714557775],[77.7424381719413,12.7310246769105],[77.7424054641473,12.7313625584827],[77.7424100552794,12.7317877777312],[77.7425080121558,12.7324530852405],[77.7424377106065,12.7339313590568],[77.7424845189744,12.7347155270369],[77.7426601239337,12.7352663500055],[77.7427948223912,12.7354875846781],[77.7429082029237,12.7355971126993],[77.7430027737708,12.7356333248166],[77.743136469625,12.735668202568],[77.7432676642112,12.7356663841803],[77.7434745246969,12.7356093913876],[77.7435490309473,12.7355530926465],[77.7436609199333,12.7353859096043],[77.7438263038002,12.7351077582589],[77.7440125957323,12.7348650758666],[77.7441792279711,12.7346049892733],[77.7443659237113,12.7344374131949],[77.7445529153194,12.7343246156473]]]}},{"type":"Feature","properties":{"kgisWetlandId":2260,"wetlandCode":"1202","wetlandClass":"Tank/Pond","forestBeatId":2295,"areaM2":116877,"shapeAreaM2":117017.1,"shapeLengthM":1689.8,"labelPoint":[77.617094,12.746809],"source":"kgis-wetlands"},"geometry":{"type":"Polygon","coordinates":[[[77.615988155847,12.744997062257],[77.6153650268657,12.7449096701973],[77.6147958846339,12.7450349331434],[77.6144256562615,12.7451168914306],[77.6141895726423,12.7453269750434],[77.6141361303368,12.7456965815842],[77.6143221476689,12.7458402745573],[77.6146029138819,12.74605862875],[77.6149818824762,12.7463516285773],[77.6152892227513,12.7465901862384],[77.6158207142075,12.7470027518508],[77.6162466901399,12.747022181905],[77.6166979987944,12.7470437491759],[77.6170972578237,12.7472485464816],[77.617340949741,12.7474168110055],[77.6175511574922,12.7475637741405],[77.6177740569904,12.7477168893195],[77.6180581835302,12.7479154574929],[77.6180828578587,12.7482524992649],[77.6183200000297,12.7484930829719],[77.6186254030584,12.7488050649365],[77.6190043337828,12.7488540826223],[77.6193567781314,12.7489004016767],[77.6197126734517,12.7489461412632],[77.6198439742815,12.7489630195783],[77.619942835982,12.7482340114026],[77.6196205633804,12.7477684977031],[77.6190907954088,12.7474739672924],[77.6187813358749,12.747038888201],[77.6184788388747,12.7466150713126],[77.6182273352746,12.7462621696232],[77.6178506593695,12.7457330956781],[77.6174763032441,12.7452073984402],[77.6168013400926,12.7451123497771],[77.615988155847,12.744997062257]]]}},{"type":"Feature","properties":{"kgisWetlandId":2261,"wetlandCode":"1202","wetlandClass":"Tank/Pond","forestBeatId":2295,"areaM2":48097,"shapeAreaM2":48156.4,"shapeLengthM":1172.9,"labelPoint":[77.63536,12.747308],"source":"kgis-wetlands"},"geometry":{"type":"Polygon","coordinates":[[[77.6372340667784,12.7480971120123],[77.6370146022242,12.7479423036142],[77.6367177366633,12.7479623794208],[77.6364921745848,12.7477386995356],[77.6362492628715,12.7474981620497],[77.6359519881726,12.7472042349058],[77.636061510533,12.7467767503957],[77.63614846549,12.7464403008642],[77.6362279233225,12.7462162726431],[77.6363266908298,12.745940760221],[77.6362936176404,12.7457709300639],[77.6361514311799,12.7456479370811],[77.6358656747591,12.7455866326416],[77.6358576903458,12.7456013548756],[77.6356278191479,12.7456679791603],[77.6352496806504,12.7457776774042],[77.6352657044716,12.7459910762711],[77.635282955491,12.7462197180487],[77.6353088042738,12.7465573169162],[77.6350383940072,12.7468048574001],[77.6346533863796,12.7471540436022],[77.6346684769317,12.7474114981326],[77.6347469554758,12.7476850250872],[77.6348768572683,12.7478837547533],[77.6350965992377,12.7480944741893],[77.6354651574956,12.7481406947238],[77.6361124402893,12.7482222739031],[77.6365483751406,12.748623960485],[77.6365748325544,12.748851993304],[77.6367973478314,12.7489254629158],[77.6371403371735,12.7489221060324],[77.6374700463278,12.7487945681184],[77.6375827495693,12.7485438352678],[77.6375411572947,12.7482814277847],[77.6372340667784,12.7480971120123]]]}},{"type":"Feature","properties":{"kgisWetlandId":2271,"wetlandCode":"1202","wetlandClass":"Tank/Pond","forestBeatId":2281,"areaM2":38359,"shapeAreaM2":517899.5,"shapeLengthM":3649.4,"labelPoint":[77.539873,12.751323],"source":"kgis-wetlands"},"geometry":{"type":"Polygon","coordinates":[[[77.5407090726836,12.7501624302108],[77.5390328042811,12.7508759717942],[77.5387314181544,12.7512552404913],[77.5388947494046,12.751390084966],[77.5395809007197,12.7519145091684],[77.5398003715378,12.752081263411],[77.5399976885817,12.7521859913203],[77.5404800073205,12.7524396720024],[77.5411490303118,12.7524396026306],[77.5407090726836,12.7501624302108]]]}},{"type":"Feature","properties":{"kgisWetlandId":2274,"wetlandCode":"1202","wetlandClass":"Tank/Pond","forestBeatId":2372,"areaM2":95457,"shapeAreaM2":95590.6,"shapeLengthM":1313.0,"labelPoint":[77.745236,12.748442],"source":"kgis-wetlands"},"geometry":{"type":"Polygon","coordinates":[[[77.7464594143203,12.746571536256],[77.7464834216119,12.7463285760152],[77.7462671799258,12.7463545616455],[77.7460098334185,12.7464417530063],[77.7457101310176,12.7465715224751],[77.7455886283509,12.7466642130393],[77.7454315993571,12.7467853268599],[77.7452175203381,12.7469987904913],[77.7449607462897,12.7471921480724],[77.744790515761,12.7474262772732],[77.744514860614,12.7477467977934],[77.744344854194,12.748022716049],[77.7441959174425,12.7481505629356],[77.7440674709274,12.7482365111918],[77.7438312965276,12.7484082999779],[77.7437891683146,12.7484932318838],[77.7437053722008,12.7487483650674],[77.7437892821079,12.7491539666981],[77.7442335723603,12.7493690549636],[77.7446686349165,12.7495802390505],[77.7455170517893,12.7500320823088],[77.7460928874069,12.7503080316372],[77.7461771325378,12.7503493785632],[77.7465602468997,12.7505314653788],[77.7467307897265,12.7505678401775],[77.746835524459,12.7505667253529],[77.7468732302167,12.7505157000452],[77.7469258907871,12.7504629032021],[77.7469631811914,12.7503350780291],[77.7469747351729,12.7501305843136],[77.7469310864551,12.7497213838077],[77.7467244854594,12.7487641218951],[77.7466807621212,12.748553708461],[77.7466642205379,12.7484747328856],[77.7465247567645,12.7478000481976],[77.746483505234,12.7476212450231],[77.7464549852301,12.7474553637842],[77.7464523076979,12.7471730131084],[77.746449772856,12.7469172021315],[77.7464545626018,12.7467387227047],[77.7464594143203,12.746571536256]]]}},{"type":"Feature","properties":{"kgisWetlandId":2278,"wetlandCode":"1202","wetlandClass":"Tank/Pond","forestBeatId":2551,"areaM2":730188,"shapeAreaM2":731154.0,"shapeLengthM":4908.3,"labelPoint":[77.696559,12.743785],"source":"kgis-wetlands"},"geometry":{"type":"Polygon","coordinates":[[[77.696483007131,12.7367111933825],[77.6955156388257,12.736380072101],[77.6947948991296,12.7367756510294],[77.6938044520582,12.7373188612215],[77.6936984945382,12.7379699802338],[77.6935702043078,12.7387533631703],[77.6937644570111,12.7393679500226],[77.693156556304,12.7395523065945],[77.6922901011105,12.7398164672812],[77.6915983105117,12.7400266576807],[77.6910547639581,12.7401926125872],[77.6907591275835,12.7408898680838],[77.6912228022973,12.7410795399533],[77.6917764373075,12.7413049002756],[77.6926761082429,12.7416730848241],[77.6933543212817,12.7419503331717],[77.6938953232696,12.7428444076552],[77.6939549645409,12.7436895256206],[77.694780939108,12.7444917960556],[77.6955109008949,12.7452008039327],[77.6963494223356,12.7453162799612],[77.6971027108812,12.7454203250397],[77.6970161152045,12.7460306857613],[77.6968706521219,12.7470507820298],[77.6974208714244,12.747721162542],[77.6978332496238,12.7482239488115],[77.6983023891606,12.7487959080647],[77.6986776979677,12.7492525721176],[77.6992777425938,12.7499848162641],[77.7003816977684,12.7513323224204],[77.7013705492115,12.751357220547],[77.7020566532527,12.7513763170331],[77.7020807154352,12.7504759984333],[77.7021154613782,12.7491978133391],[77.7024709120051,12.748937915899],[77.7030912365611,12.748485786744],[77.7033255933739,12.7475217105628],[77.7028934382738,12.7474200005404],[77.7021224763806,12.747239258053],[77.7014172095009,12.7470751206026],[77.7005724963406,12.746877240913],[77.7000910381784,12.7461506081917],[77.6996177153435,12.7454386169148],[77.699088710585,12.7446427603324],[77.699067463631,12.7438799022396],[77.6990431251044,12.7429657092793],[77.6985987534335,12.7420649452649],[77.6981218038622,12.741096575467],[77.6973148554821,12.740631932581],[77.6968152959396,12.7397404800764],[77.6968425710908,12.7387898811026],[77.696877736983,12.737586237331],[77.696483007131,12.7367111933825]]]}},{"type":"Feature","properties":{"kgisWetlandId":2302,"wetlandCode":"1202","wetlandClass":"Tank/Pond","forestBeatId":2372,"areaM2":128266,"shapeAreaM2":128452.9,"shapeLengthM":1641.2,"labelPoint":[77.781337,12.755458],"source":"kgis-wetlands"},"geometry":{"type":"Polygon","coordinates":[[[77.7807938906578,12.7567525275685],[77.7812551641337,12.7564947845333],[77.7819768022287,12.7564875022287],[77.7822371640802,12.7567373986809],[77.7826491978088,12.7567329146706],[77.7829052930387,12.7566287512602],[77.7829024609278,12.7563260760055],[77.782891370974,12.7553655422622],[77.7823092133219,12.7539585720552],[77.7816863457566,12.7535107192027],[77.7808409920233,12.7536231407317],[77.7808133503456,12.7536199023991],[77.7807857179567,12.7536183567896],[77.7807580771892,12.753615117538],[77.7803527271722,12.7535789021911],[77.779680100497,12.7532899991854],[77.7794667362147,12.7532120875999],[77.7793629091798,12.7531691636648],[77.7793363781385,12.7531585766972],[77.7792363825899,12.7531839631818],[77.7791812151111,12.7531983778726],[77.7790904247363,12.7532231507782],[77.7790411339891,12.7532595582442],[77.7789551957933,12.7533294823286],[77.7788869150208,12.7534699020467],[77.778888822757,12.7536065546754],[77.778907368485,12.7538379913643],[77.7790316721001,12.7540451408543],[77.7790398097748,12.7540597794083],[77.779184783161,12.7542583456824],[77.7792137824555,12.7542988500031],[77.779403947261,12.7545519511882],[77.7794567390634,12.7547318135714],[77.7794708382361,12.7547836920635],[77.7796932832546,12.7550462199902],[77.7797157471178,12.7551533958111],[77.779801972941,12.7555510611521],[77.7798508566638,12.7560641312019],[77.7798594260278,12.7561567001462],[77.7799160350913,12.7566098681494],[77.7799222892485,12.7571152622578],[77.7799248429781,12.7573682449171],[77.7799276675,12.7576703563815],[77.7803397078881,12.7576664410926],[77.7806490277157,12.7576122537196],[77.7807480678513,12.7572068122666],[77.7807938906578,12.7567525275685]]]}},{"type":"Feature","properties":{"kgisWetlandId":2307,"wetlandCode":"1202","wetlandClass":"Tank/Pond","forestBeatId":2551,"areaM2":609688,"shapeAreaM2":610513.4,"shapeLengthM":4954.5,"labelPoint":[77.714756,12.752996],"source":"kgis-wetlands"},"geometry":{"type":"Polygon","coordinates":[[[77.7170343312347,12.7565155173842],[77.7171927499117,12.756218212962],[77.7173989805452,12.7558207060023],[77.7175875661844,12.7553515666442],[77.7176549174943,12.755246178357],[77.7177967664616,12.7548631207842],[77.7178621568722,12.7546046992383],[77.717914873551,12.7541266592726],[77.717949783607,12.7537639182258],[77.7180429877538,12.7533240724775],[77.7180993216555,12.7530944991278],[77.7181253778515,12.7527984415978],[77.7181123486035,12.752511622854],[77.7185496991065,12.7522879908609],[77.7189703371964,12.7521689220697],[77.7194728799054,12.7520844423761],[77.719884451569,12.7519919603174],[77.7203158637336,12.7519513315107],[77.7203675798904,12.75193638052],[77.7208504380067,12.7518299758702],[77.7213495868002,12.7517568053606],[77.7216251421331,12.751627751439],[77.7225008710574,12.7513758697528],[77.7229023439051,12.7513331325633],[77.7231696636956,12.7513870945233],[77.7234202147119,12.7515343230528],[77.7236316354968,12.7516823195721],[77.7237559860963,12.751690146416],[77.7237933677559,12.7515770063435],[77.7237915198752,12.7514459974628],[77.7237120605863,12.751222208526],[77.7236154398787,12.7510177097181],[77.7234779370845,12.7507010399985],[77.723398377053,12.7504580500597],[77.7233382836247,12.7501963233987],[77.7234309695712,12.7498773328375],[77.7235259979068,12.7497825295862],[77.7236005076125,12.7497251056466],[77.7235529882577,12.7494469374623],[77.7235494153759,12.7494243658708],[77.7235267315801,12.7490545812284],[77.7235063481142,12.7489010790061],[77.7234124919537,12.7487835342256],[77.7233662171313,12.7487391591757],[77.7232601150305,12.7486996120255],[77.7231021963753,12.7486558144942],[77.7229810598884,12.7486027912968],[77.7229163214371,12.7485494760935],[77.7228422784922,12.7484781380043],[77.7227576860348,12.7483707108703],[77.7227111671655,12.7482805937655],[77.7226539567844,12.7481278456131],[77.7226244082681,12.7479822959474],[77.7225021233714,12.7477129842773],[77.7223189588626,12.747466577311],[77.7220726536129,12.7472509908563],[77.7220658863035,12.7466269919151],[77.721771764897,12.7467267759731],[77.7215242106492,12.7467094182966],[77.7214994717823,12.7470359638571],[77.7213911442355,12.7472274040448],[77.7212258446493,12.7473107092619],[77.7210590308938,12.7473256896981],[77.7208038508434,12.7473896936289],[77.7204185118705,12.7476520260991],[77.7202830605773,12.7479379171821],[77.7202721313166,12.7482643912661],[77.7203032870827,12.748496337904],[77.7203176681288,12.7486035636231],[77.720405070779,12.7490238407576],[77.7204228417912,12.7493360488775],[77.7204252157181,12.7495664488384],[77.7203858718292,12.7497439789048],[77.7200977101367,12.7501001210727],[77.7197966739258,12.7504162329452],[77.7194940445544,12.7506493373836],[77.7190947466995,12.750885197819],[77.7187782370144,12.7511053827417],[77.7187457394037,12.7510547249013],[77.7181489260568,12.7511600185704],[77.7180844503124,12.7511563980101],[77.7179493452084,12.7512909363458],[77.7178139567944,12.7513723922346],[77.7176786420781,12.7514674004926],[77.7174343452566,12.7516313035021],[77.7171770260522,12.751726940162],[77.7169032430423,12.7517565870317],[77.7166166584269,12.7517597566111],[77.716426752912,12.7517618633817],[77.7161527548798,12.7517508494077],[77.7160029931774,12.7517262074092],[77.7158393450991,12.7516875179685],[77.7155369505006,12.7515303830193],[77.7150359186031,12.7512477675876],[77.7145681647272,12.7509457788179],[77.7142807317143,12.7507880005931],[77.7140605428097,12.750722492386],[77.7137472787611,12.7506862648634],[77.7134870959173,12.7506757419731],[77.7133374009348,12.7506635216173],[77.713201869239,12.7507178676641],[77.7128553797549,12.7509291642485],[77.7127080397432,12.7511450866749],[77.7124534926643,12.7515484870425],[77.7122656253028,12.7519368610166],[77.7123503155827,12.7522814822006],[77.7123027003039,12.7524195223378],[77.7121826792578,12.7525777001098],[77.7120355760043,12.7526208110339],[77.7118753095052,12.752568548343],[77.7117583668229,12.7524375640244],[77.7116405289123,12.7523551512108],[77.7115058018963,12.7523439832816],[77.7113966815968,12.7523868982932],[77.7113350371696,12.7524837848055],[77.7113310350345,12.752597883429],[77.7113260723633,12.7527481284731],[77.7113705984175,12.7528975549252],[77.7115856818783,12.7535227472471],[77.7116676713444,12.753791706767],[77.7117490620301,12.7539471577834],[77.7117692930102,12.7540729899239],[77.711780674999,12.7544851903788],[77.7118310102976,12.7546447533198],[77.7119308333138,12.7548029319719],[77.7120674634778,12.7549564046685],[77.712216889522,12.7551352244892],[77.7123317111572,12.7553001027695],[77.7124320406554,12.755554284969],[77.7125159227987,12.7557452999416],[77.7126121252631,12.7558718721672],[77.7126517105642,12.7559569450562],[77.7126580847186,12.756074377949],[77.7126646508212,12.7562279517128],[77.7126838680139,12.7565977566663],[77.7128151145491,12.7566032951783],[77.7128750110441,12.7566114589655],[77.7129625590516,12.7566245629197],[77.7131558023011,12.7565998512227],[77.7133489261365,12.7565525501099],[77.7135303091729,12.7564618244661],[77.7137002394923,12.7563818878528],[77.7139381991237,12.7563241914255],[77.7141430106029,12.756310714631],[77.7142456794013,12.7563536708404],[77.7143729373347,12.7564755643602],[77.7144877068501,12.7566302771591],[77.7145573547808,12.7567411732663],[77.7145809033208,12.7568410107249],[77.7145942747557,12.7569753493498],[77.7145387027678,12.7571320673602],[77.714426908162,12.7573223938479],[77.7143712212676,12.7574576526574],[77.7143618648698,12.757647452186],[77.7143868568929,12.7578026268026],[77.7144797641015,12.7579585813437],[77.7146058727389,12.758080480956],[77.7147880781412,12.7581450526147],[77.715045218528,12.7582318291492],[77.7152748535169,12.7583413368148],[77.7154010126625,12.758472835484],[77.7155054316677,12.7586287298539],[77.7155638033388,12.7587837326334],[77.7156222979476,12.758961888287],[77.7156806763325,12.7591180201473],[77.715784969699,12.7592501968425],[77.7158878249853,12.7593281655563],[77.716058048528,12.7593035697778],[77.7161714043966,12.7591906034817],[77.7162720413951,12.7590669727533],[77.7163704187734,12.7587338351082],[77.7163633989257,12.7587124117324],[77.7163617989509,12.7586277087921],[77.7163900911034,12.758536076747],[77.716454098141,12.7584510359947],[77.716546950189,12.7583788361921],[77.7166317871691,12.7583145835032],[77.7166669120879,12.7582093614116],[77.7166800131325,12.7580748872451],[77.7166781980789,12.7579495251718],[77.7165431207244,12.7576554282706],[77.7165318226444,12.7574781587851],[77.7165386776549,12.757251098817],[77.7165678209281,12.7571029877747],[77.7166478617724,12.7570026164554],[77.7168071187353,12.7568634357454],[77.7169259819679,12.7567041324471],[77.7170343312347,12.7565155173842]]]}},{"type":"Feature","properties":{"kgisWetlandId":2311,"wetlandCode":"1202","wetlandClass":"Tank/Pond","forestBeatId":2295,"areaM2":69925,"shapeAreaM2":70012.9,"shapeLengthM":1328.4,"labelPoint":[77.652684,12.758668],"source":"kgis-wetlands"},"geometry":{"type":"Polygon","coordinates":[[[77.6540270301123,12.7564485953222],[77.6538020320737,12.7563412697463],[77.6534328678917,12.7564057702187],[77.6531706848723,12.7569130733975],[77.6531464561264,12.7573582161565],[77.6529115081307,12.7577885789663],[77.6523208465148,12.7582122177951],[77.6518710754278,12.7584990590102],[77.6516080734657,12.7588448466311],[77.6515714874765,12.7593510423952],[77.6520741462073,12.759736559543],[77.6522535604684,12.7599344715524],[77.6524736862099,12.7602163311203],[77.6528592117099,12.7606560725554],[77.6530234215463,12.7608060535656],[77.6531239187093,12.7608761547413],[77.6532243250066,12.7609281823074],[77.6533108556038,12.7609678551197],[77.6533926231306,12.7609759248798],[77.6534834168128,12.7609478055673],[77.6536360526624,12.760857260904],[77.6538862448131,12.7604821671529],[77.6541000011996,12.7601863168362],[77.6542471142569,12.7599139490579],[77.6541280515708,12.7598145738705],[77.654038699731,12.7596721309423],[77.6538313660974,12.7594161886962],[77.6537266863526,12.7592015330859],[77.6536419678035,12.7588365567439],[77.6535609343882,12.7580615526233],[77.6535874710085,12.7578456878475],[77.6537140663895,12.7573853594981],[77.6537853407419,12.7571393430535],[77.6537836824072,12.7570388258367],[77.6537374895169,12.7567809614744],[77.6537356147313,12.7566375246376],[77.6537651827318,12.7565662206812],[77.6538661059137,12.7564928718652],[77.6540270301123,12.7564485953222]]]}},{"type":"Feature","properties":{"kgisWetlandId":2312,"wetlandCode":"1202","wetlandClass":"Tank/Pond","forestBeatId":2372,"areaM2":526175,"shapeAreaM2":526904.2,"shapeLengthM":3679.8,"labelPoint":[77.73661,12.756419],"source":"kgis-wetlands"},"geometry":{"type":"Polygon","coordinates":[[[77.7385343848319,12.7590914344058],[77.7387900971301,12.7589116403186],[77.7391246201795,12.7588325209312],[77.7401696968923,12.7588213990357],[77.7405418377683,12.7588877811789],[77.7407895243548,12.7589277079975],[77.7412775358361,12.7589228896922],[77.7414961461286,12.7589070594508],[77.7415193731961,12.7587318714472],[77.7415185561815,12.758580527578],[77.741489976548,12.7584033515766],[77.741283412649,12.7583050424095],[77.7410002766022,12.7583082212646],[77.7404847800714,12.7583385961045],[77.7404073920928,12.7582887401852],[77.740353357164,12.7580868495173],[77.7403507127464,12.7578095795639],[77.7403715537093,12.7574051219367],[77.740394362133,12.7571520027158],[77.7405207610835,12.7568989054105],[77.7405176996487,12.7565442688748],[77.7405140440286,12.75629298341],[77.7408036830706,12.7560017568069],[77.7408193030249,12.7559101885027],[77.7407326911663,12.7550025531726],[77.7406964566445,12.7548999617788],[77.7406996340137,12.7544216173654],[77.740722033555,12.7540928252844],[77.7409507264912,12.7538126495569],[77.7413595700806,12.7534293112102],[77.7415882608249,12.7531491342882],[77.7415861600465,12.7529729498738],[77.7413779018188,12.7527729964594],[77.7411972056398,12.7527750744332],[77.740608536792,12.7531085275708],[77.7395020125452,12.7532464709174],[77.7386845796728,12.7538476713066],[77.738613404511,12.7538824934034],[77.7383111653524,12.753971042453],[77.7379087184744,12.7540465636081],[77.7377592026419,12.7540682405801],[77.7372378864282,12.7540850841],[77.7368550591924,12.7541706661523],[77.7365927206572,12.7541878499239],[77.7364548249478,12.7542297953799],[77.7363320546623,12.754302158056],[77.7361843128067,12.7544395957193],[77.7359197455143,12.754684941728],[77.7356431477962,12.7548332168607],[77.7354994175788,12.754860510333],[77.7354234318784,12.7548569538072],[77.7353244193525,12.754852388149],[77.7352435330773,12.7547935131235],[77.7343303210254,12.7555668808437],[77.7329987293059,12.7562368224615],[77.732088975461,12.7567983899094],[77.7319189179038,12.7572832529403],[77.7318518964702,12.7576642331682],[77.7317227902846,12.7580585250921],[77.7316270665151,12.758023445064],[77.7313172386015,12.7579860921981],[77.7311861611018,12.7580121869394],[77.7307653192622,12.7580934410322],[77.7305963121692,12.7581298988962],[77.7304439662893,12.7582684867345],[77.7303469642411,12.7584248576738],[77.7303236036005,12.758576328142],[77.7303451066112,12.7587230474893],[77.7304552040824,12.7588630929186],[77.7305551055807,12.7590336876781],[77.7305508160277,12.75909244291],[77.731374910463,12.7590836339945],[77.7321495152843,12.7590756461467],[77.7322250729859,12.7589990134293],[77.7324221997478,12.7590550253627],[77.732907053101,12.7591050182981],[77.7335864436016,12.7593719832181],[77.7344618861511,12.7599231128191],[77.7346329008431,12.7600464617549],[77.7349028279452,12.7601551753788],[77.7349788185776,12.7601592962945],[77.734979145628,12.7602202854571],[77.7351197507105,12.7602534357383],[77.7352615037663,12.7602860148719],[77.7355780217844,12.7602826675878],[77.7358956900532,12.7602793134278],[77.736139549632,12.7600352044475],[77.7364538088814,12.7598257401969],[77.7367716139291,12.7596337630336],[77.736713681303,12.7595629101072],[77.736991410237,12.759410109057],[77.737265243389,12.7593889121824],[77.7373780025372,12.7593809809536],[77.7377127947855,12.7593515572995],[77.7380474595758,12.7592984161882],[77.7382782579366,12.7591944270648],[77.7385343848319,12.7590914344058]]]}},{"type":"Feature","properties":{"kgisWetlandId":2324,"wetlandCode":"1202","wetlandClass":"Tank/Pond","forestBeatId":2366,"areaM2":47844,"shapeAreaM2":67879.7,"shapeLengthM":1464.4,"labelPoint":[77.47495,12.764445],"source":"kgis-wetlands"},"geometry":{"type":"Polygon","coordinates":[[[77.4743542594337,12.765994392437],[77.474671353881,12.7655504417263],[77.4750340593848,12.7650411645278],[77.4755075992839,12.7646065331977],[77.47569907693,12.7644306383683],[77.4758705457663,12.7644180509556],[77.4760880367802,12.7644001844565],[77.4764107245243,12.7644835329001],[77.4765939690561,12.764531890879],[77.4768043421789,12.7644654838533],[77.4769774756313,12.7643066091937],[77.4770188825991,12.7640342078017],[77.4770681103128,12.7637075552543],[77.4768667450914,12.7634632936058],[77.4763258780441,12.7632391116383],[77.475680973629,12.7628869827379],[77.4748918762616,12.7636246020387],[77.4748818734898,12.7636637393249],[77.4748187888489,12.7637165315688],[77.4747671692418,12.7637585439471],[77.4747090435788,12.7637955070232],[77.4741694857211,12.7642998643563],[77.474222264362,12.7644594890017],[77.474268846985,12.7645829795637],[77.4742769985377,12.7646044060956],[77.4742774942642,12.764718490986],[77.4742792342904,12.7648540318984],[77.4742712700967,12.7648755263306],[77.4742485162945,12.7649377491852],[77.4741945997133,12.7649809015937],[77.4741375224485,12.7650274593284],[77.4743542594337,12.765994392437]]]}},{"type":"Feature","properties":{"kgisWetlandId":2331,"wetlandCode":"1202","wetlandClass":"Tank/Pond","forestBeatId":2372,"areaM2":743878,"shapeAreaM2":744933.5,"shapeLengthM":4976.9,"labelPoint":[77.756832,12.762329],"source":"kgis-wetlands"},"geometry":{"type":"Polygon","coordinates":[[[77.7630003275302,12.7649212373359],[77.7635159664048,12.7649156655143],[77.7637740664135,12.7649639854799],[77.7640318865116,12.7649614803107],[77.7642356520474,12.7647570924568],[77.7642834802497,12.764453014255],[77.7642271677694,12.764049535321],[77.7636180264463,12.7640059105078],[77.7635275327198,12.7638759414195],[77.7633952531292,12.7636823805388],[77.7632653958846,12.7635108310006],[77.7627714992298,12.7628623317712],[77.7625092476002,12.7624757617762],[77.7623735477593,12.7622878654329],[77.7623222664584,12.762171805974],[77.7622480990715,12.7618700708329],[77.7621758240475,12.7617038619548],[77.7620785690878,12.7613898263243],[77.7619168936987,12.7608722676052],[77.7616847641621,12.7603104693691],[77.7614007896099,12.7599499906252],[77.7608360398208,12.7596028641234],[77.7604797256161,12.7594844724698],[77.7602748185622,12.7594799142195],[77.7601244960996,12.7597749374069],[77.760109144599,12.7601251492705],[77.7596797126784,12.7601071018115],[77.7592491352472,12.7600901902617],[77.7587690470042,12.7600701502705],[77.7583790871479,12.7599028031015],[77.7582843552663,12.7596282839969],[77.7581896352403,12.7593560230317],[77.7581107556026,12.7594552689793],[77.7579703380659,12.7594565791654],[77.7578276450716,12.7592517751986],[77.7575256004449,12.7595865685635],[77.7571456253624,12.759561477338],[77.7569670534276,12.759320720557],[77.7567896398189,12.7590810878932],[77.7566389188408,12.7590926168442],[77.7565878989256,12.7590239907577],[77.7565861116925,12.7589071003559],[77.7565854714498,12.7587896406219],[77.7565446501751,12.7586915938508],[77.7564441915925,12.758632830551],[77.7563232907325,12.758625000259],[77.7562336766616,12.7586554068957],[77.7561035628388,12.7586464956016],[77.7560524983463,12.7585693983251],[77.7560312937622,12.7584802839842],[77.7560203994062,12.7583820792561],[77.7560886591627,12.7582348870733],[77.756188415931,12.7581648969894],[77.7563375616561,12.7580754439431],[77.7565075804161,12.7580146816033],[77.7568027381722,12.757894523004],[77.7566763537705,12.7577252097836],[77.756525494537,12.757500117856],[77.7560861200693,12.7573465826596],[77.7557339841041,12.757149099625],[77.7554257505801,12.7571930865538],[77.7551497218155,12.7572323858355],[77.7547713274175,12.7572857804444],[77.7545787737798,12.7574358883594],[77.7546734083439,12.7576934686591],[77.7545759609542,12.7577651396349],[77.7544578376055,12.7578442628608],[77.7543273091383,12.7581820971802],[77.7537622113749,12.7584036385713],[77.7534613638124,12.7583244737197],[77.7530636947279,12.7582204081514],[77.7526083980369,12.7581019642299],[77.7523203745993,12.7578408877522],[77.7522001836737,12.757751731143],[77.7518984640119,12.7579357337271],[77.7516068187345,12.7580671614251],[77.7515261036265,12.7584645934823],[77.7514779368457,12.7587088113207],[77.7514129213731,12.7590299218528],[77.7516808659089,12.7594085686935],[77.751953439393,12.7597917088588],[77.7522004983899,12.7601394054324],[77.7518277954024,12.7603938102792],[77.7517844038955,12.7606696269459],[77.751419224455,12.7606139552678],[77.7510632547318,12.760558797764],[77.7506877068594,12.7605014850601],[77.7500806082122,12.760408685385],[77.7496635662476,12.7605531989126],[77.7498233439801,12.7609375007653],[77.7499393977797,12.7611125198031],[77.7503160410983,12.7613714370835],[77.7506112529418,12.7614720936894],[77.7507579064152,12.7615588522456],[77.750857797376,12.7617249198396],[77.7508920383654,12.7618834283497],[77.7510199274974,12.7621182447094],[77.7513079058191,12.7623702871181],[77.7515528499456,12.7625401056213],[77.7521444198555,12.7629514901971],[77.7526051380713,12.7630066555574],[77.7532406056266,12.7630236248454],[77.7535666466466,12.7630778071291],[77.7540148009603,12.7631511081137],[77.7557183404728,12.7637836150922],[77.7570366915664,12.7640685879322],[77.7577132739678,12.7642366737632],[77.7584368223219,12.7643632834862],[77.7590710778952,12.7645790278222],[77.7598603152672,12.7651406903021],[77.7605987155476,12.7656670415827],[77.760933657118,12.7662954949493],[77.7609655514366,12.7668651354337],[77.7609872852053,12.7672608927656],[77.7612727287898,12.7674677583749],[77.7612794807452,12.7674394865527],[77.7615708163786,12.7661994881069],[77.7617833106155,12.7659069578173],[77.7619775208835,12.7656388073195],[77.7624365802271,12.7651800624345],[77.7630003275302,12.7649212373359]]]}},{"type":"Feature","properties":{"kgisWetlandId":2342,"wetlandCode":"1202","wetlandClass":"Tank/Pond","forestBeatId":2295,"areaM2":151190,"shapeAreaM2":151374.7,"shapeLengthM":1676.4,"labelPoint":[77.633147,12.771053],"source":"kgis-wetlands"},"geometry":{"type":"Polygon","coordinates":[[[77.6333014699332,12.7688132495459],[77.6332392745494,12.7688062090814],[77.6331449273792,12.7688151375183],[77.6330530695528,12.768861890789],[77.6328757958288,12.7690931678557],[77.6322035396722,12.7697882431116],[77.6316854559554,12.7702363392943],[77.6315504082055,12.7703945578773],[77.6314430104654,12.7705571605548],[77.6311662707675,12.7709267181259],[77.6310052183647,12.7711799412791],[77.6307123289335,12.7715427981366],[77.6304142434057,12.7717865181517],[77.6302366203654,12.7719483308695],[77.6301519739146,12.7720566068649],[77.6301440842078,12.7720905313148],[77.6297337397943,12.7724460489197],[77.6296163936681,12.772924397129],[77.6299554427905,12.7732802492049],[77.6308694012335,12.7732707515875],[77.6321460684123,12.7730494094615],[77.6335403591831,12.7724073140602],[77.6347510280491,12.7716480684921],[77.6352646247644,12.7712242738022],[77.6350764905309,12.7706615626838],[77.6350762608934,12.7706152539135],[77.6350125695792,12.7705393206118],[77.6347932202572,12.7704116198539],[77.6343860951281,12.7702554620178],[77.6340132531545,12.7700488738837],[77.6338005017851,12.7698590169329],[77.6336731678907,12.7697161858938],[77.6335615980799,12.7695026837172],[77.6334506861025,12.7691897824171],[77.6333655019978,12.7689580811926],[77.6333339309661,12.7688594021211],[77.6333014699332,12.7688132495459]]]}},{"type":"Feature","properties":{"kgisWetlandId":2353,"wetlandCode":"1202","wetlandClass":"Tank/Pond","forestBeatId":2295,"areaM2":60238,"shapeAreaM2":60311.0,"shapeLengthM":1048.0,"labelPoint":[77.620741,12.774014],"source":"kgis-wetlands"},"geometry":{"type":"Polygon","coordinates":[[[77.6220089601335,12.7725515598121],[77.6219490180265,12.7725349045163],[77.6218891626249,12.7725357567695],[77.6218385982621,12.7725529419049],[77.6217627886092,12.772586626024],[77.6216181617089,12.772671468395],[77.6209366962769,12.7729074146823],[77.6205963420578,12.7729852884365],[77.6202587827092,12.7731636756955],[77.6199546895253,12.7733588430368],[77.619778406825,12.7735607409095],[77.6196776415188,12.7736696560258],[77.6197701615685,12.7739905594974],[77.6198913089901,12.7742808279163],[77.619960962603,12.7743996589293],[77.6201733192602,12.7749780805076],[77.6206031769924,12.7753086619573],[77.621089903588,12.7754994745681],[77.6215733639105,12.775494332635],[77.6222270483458,12.7754595692628],[77.622394606858,12.7751227349197],[77.6221367825688,12.7746625676973],[77.6221700399184,12.7746369944813],[77.6221791266304,12.7746121005703],[77.6221524867212,12.7745789087316],[77.6221269550225,12.7745372389538],[77.6220414081058,12.7744636657614],[77.6218180544343,12.7742241527201],[77.6217089278984,12.7740377416162],[77.6216656386792,12.7738961954264],[77.6216638304337,12.7737629216842],[77.6216948714494,12.7735210574705],[77.6217617991215,12.7733202488803],[77.6218698407827,12.7730531646447],[77.6220193605852,12.7727932253893],[77.6220438582797,12.7726253753766],[77.6220089601335,12.7725515598121]]]}},{"type":"Feature","properties":{"kgisWetlandId":2364,"wetlandCode":"1202","wetlandClass":"Tank/Pond","forestBeatId":2366,"areaM2":170607,"shapeAreaM2":170790.1,"shapeLengthM":1826.5,"labelPoint":[77.535918,12.776651],"source":"kgis-wetlands"},"geometry":{"type":"Polygon","coordinates":[[[77.5366593993872,12.7739745879232],[77.5362054643331,12.7738941608643],[77.5358604151522,12.7739606534874],[77.5357762065628,12.7741739493788],[77.5357769846948,12.7743433765816],[77.5357803554606,12.7745760479689],[77.5358270004712,12.7749570600693],[77.5358516800823,12.7753178392543],[77.5358557294755,12.7756984774154],[77.5356852825677,12.7759336200464],[77.5355131980857,12.7760631566735],[77.5352555334345,12.7761072321554],[77.5349091389026,12.7761319355634],[77.5344775595182,12.7761575843526],[77.5339402801768,12.7764802101742],[77.533620666951,12.7768227588859],[77.533278222826,12.777207769032],[77.5331128914073,12.7775552766058],[77.5333068373823,12.777674142096],[77.5338507656782,12.7780478522843],[77.5342662202544,12.778270776241],[77.5346054807163,12.7786979214015],[77.5346354186084,12.7789502413516],[77.5346402459996,12.7789987897203],[77.5346617856148,12.7791771616397],[77.5347070374185,12.7792543323573],[77.5354379023468,12.7792216971505],[77.5361911301907,12.7790449427319],[77.5366440054136,12.7788926874126],[77.5370530306738,12.7787180357764],[77.5373960567235,12.7784606569968],[77.5376953398442,12.7782040402702],[77.5380156095595,12.7777547409882],[77.5381404785063,12.7773718312512],[77.5381358417444,12.776864123877],[77.5379587229772,12.7763995448752],[77.5376738862569,12.7760421916629],[77.53732487674,12.7757483791189],[77.5370177802709,12.7753064083342],[77.5368849911782,12.7749681394944],[77.5368824743181,12.7746710815655],[77.5368138631947,12.7742698353217],[77.5366593993872,12.7739745879232]]]}},{"type":"Feature","properties":{"kgisWetlandId":2370,"wetlandCode":"1202","wetlandClass":"Tank/Pond","forestBeatId":2366,"areaM2":183285,"shapeAreaM2":183470.5,"shapeLengthM":2093.1,"labelPoint":[77.492286,12.778419],"source":"kgis-wetlands"},"geometry":{"type":"Polygon","coordinates":[[[77.4944564521365,12.7793509577392],[77.4945462431416,12.7793500045881],[77.4946788234197,12.7793929213079],[77.4947910627584,12.7795217697034],[77.4949151997857,12.7797375440575],[77.4949940094144,12.7798563724227],[77.4950829844388,12.7799311037262],[77.4951498510044,12.7799528410764],[77.4952603138169,12.7799405030244],[77.4952935533386,12.779907603511],[77.495293023584,12.7797878720098],[77.4951984770678,12.77923536142],[77.4950508321885,12.7789106874514],[77.4950414375443,12.7788689339475],[77.4944923303201,12.7788741287053],[77.4943930093888,12.7788028307001],[77.4943236510387,12.7784783815708],[77.494158131014,12.7780159777956],[77.493647447293,12.77733875159],[77.4931466910579,12.7765626448332],[77.4927776510951,12.7758944070774],[77.4925407630628,12.77543230893],[77.492247801415,12.7753064953805],[77.4920059731756,12.7752894635998],[77.4918768946593,12.7755176265877],[77.4917112698554,12.7760723878897],[77.4916666908131,12.7766655986337],[77.491521830438,12.7772304367672],[77.4911912538129,12.7774504295581],[77.4908603758346,12.7776026488999],[77.4902193735509,12.7779143418671],[77.4901929827546,12.777934221609],[77.4902455126502,12.7783592750292],[77.4905305634872,12.7790397374877],[77.4908715342794,12.7793477707562],[77.4911813003929,12.7796282619205],[77.4914263427812,12.7798508608207],[77.4913967228444,12.7801819483746],[77.4913681637276,12.7804926996334],[77.4913428981987,12.7807672920077],[77.4914849769251,12.7811360457011],[77.4916084149232,12.7814546136986],[77.4919267958413,12.7815995207337],[77.4921644894127,12.7814612546475],[77.4925261891076,12.781249034094],[77.4928940499926,12.780868480762],[77.4932046073955,12.780546348564],[77.4937229581776,12.7803537815266],[77.4942005124031,12.7803076678996],[77.4942062182905,12.7802963480845],[77.4942312725359,12.780234678858],[77.4942525442764,12.7800990399042],[77.4942396598975,12.7797890323649],[77.4942275322995,12.7796501485526],[77.4942152608266,12.7794785093841],[77.4943472858811,12.7793960461884],[77.4944564521365,12.7793509577392]]]}},{"type":"Feature","properties":{"kgisWetlandId":2388,"wetlandCode":"1202","wetlandClass":"Tank/Pond","forestBeatId":2372,"areaM2":36755,"shapeAreaM2":36807.2,"shapeLengthM":734.9,"labelPoint":[77.759475,12.783189],"source":"kgis-wetlands"},"geometry":{"type":"Polygon","coordinates":[[[77.7602325931097,12.7824769650322],[77.7601564752876,12.78245082813],[77.7599929644169,12.7824415336805],[77.7597317336449,12.7824553485554],[77.7595981478212,12.7824453295967],[77.7593479429332,12.7823704242158],[77.7590734498342,12.782274751241],[77.7588916024339,12.7822802359204],[77.7587766561567,12.7823107790389],[77.7587333043574,12.7823821652314],[77.7586760612939,12.7824395071876],[77.758615380105,12.7824996899657],[77.7585578282534,12.7825005613388],[77.7584602856275,12.7825558588141],[77.7584042707516,12.7826273124283],[77.7583509049494,12.7827620015942],[77.7583274817536,12.7828993548773],[77.7583149793844,12.7833495092139],[77.7583191612579,12.7834827625023],[77.7583454183784,12.7836531702409],[77.758379804304,12.7838365235221],[77.7584632556053,12.7839405546181],[77.7585314793611,12.7839966641095],[77.7586502343889,12.7840310453248],[77.7588044788738,12.7840296597078],[77.7595435340327,12.7838241193605],[77.7598215444611,12.7837209877226],[77.760066215581,12.783625941041],[77.7602936693708,12.7835400201561],[77.7605035665825,12.7834011082071],[77.7606121319445,12.7832565256102],[77.7606470795718,12.7831219333153],[77.7606264838361,12.7829345536929],[77.7605890448302,12.7828246324285],[77.7604738834269,12.7826055666629],[77.760412401754,12.7825194912597],[77.7602325931097,12.7824769650322]]]}},{"type":"Feature","properties":{"kgisWetlandId":2391,"wetlandCode":"1202","wetlandClass":"Tank/Pond","forestBeatId":2295,"areaM2":1712924,"shapeAreaM2":1715091.6,"shapeLengthM":7303.0,"labelPoint":[77.659312,12.778205],"source":"kgis-wetlands"},"geometry":{"type":"Polygon","coordinates":[[[77.6681849133954,12.7857217532874],[77.6702060828682,12.785437218178],[77.670731919679,12.7856124904961],[77.6709840170329,12.7856101042031],[77.6710131501409,12.7854546537362],[77.6710102592814,12.7851152569946],[77.670722878647,12.7847467814147],[77.6701803139499,12.7842270971369],[77.6699206458985,12.7834253223834],[77.6698489323583,12.7826841687092],[77.6699950169056,12.7815381364457],[77.6700446316022,12.7804366346679],[77.670113253498,12.7803493223036],[77.6702075511796,12.7801054463185],[77.6695742342479,12.7800701991873],[77.6688524739216,12.7802979975941],[77.6683059863977,12.7801341175755],[77.6676799484304,12.7799463475858],[77.6670962942966,12.7792670361297],[77.6664871643851,12.7785573533493],[77.6658826634242,12.7778521630841],[77.6657397432033,12.7773660616557],[77.6658370375828,12.7768064791709],[77.6663286752152,12.7763748296009],[77.6671258244182,12.776259049486],[77.6676940721134,12.7761777240993],[77.6679903077888,12.7760294175286],[77.6676134889249,12.7759516626109],[77.6671438190523,12.7757252749462],[77.6669320204843,12.7757274569861],[77.6666358248721,12.7756583349455],[77.6662852964008,12.7755443036325],[77.665914922933,12.7753761537186],[77.6655720881538,12.7751903597987],[77.6651743224011,12.7750680890049],[77.6648357668529,12.7750443557261],[77.6646677092071,12.7750457543029],[77.6644441869093,12.7750062008791],[77.6639045420257,12.7748270284365],[77.6629632412586,12.7744391930148],[77.6627655752308,12.7742775254638],[77.6626518613965,12.7741001937569],[77.6625514732201,12.7738267872453],[77.6623627369404,12.7731579322209],[77.6622350775032,12.7729541258036],[77.6620804130667,12.7728730025824],[77.6618916733608,12.7728818431303],[77.6617662754464,12.7728965815472],[77.6616964118081,12.7729663911224],[77.6616143651222,12.7731305754416],[77.6614096124033,12.7736127526673],[77.6613134804838,12.7737233546677],[77.6612434012822,12.7737508085745],[77.661104123752,12.773752627193],[77.6609772980729,12.7737131575559],[77.6608376670102,12.7736455134215],[77.6605986318246,12.7734976025217],[77.6601757429899,12.7731873870352],[77.6600300870171,12.773066685776],[77.6598798135554,12.7729431843385],[77.659654660706,12.7728087575137],[77.65933881562,12.7727227816098],[77.6586793608089,12.7725238580566],[77.6585328561626,12.7724624591894],[77.6583286743783,12.772377060624],[77.6578802819626,12.7722578521136],[77.6574611558736,12.772235070059],[77.6567971619132,12.7722756180899],[77.6562672149313,12.7724182883366],[77.6559737614829,12.7724349814025],[77.655791688688,12.7723963469653],[77.6556784659637,12.7723150156052],[77.6555797909179,12.7721511589475],[77.6555071801805,12.7719058508765],[77.6553640745867,12.7716061091996],[77.6552643175664,12.7714558124921],[77.655122983996,12.7712786123724],[77.6549405625129,12.7711710779123],[77.6546883422474,12.7711463416082],[77.6545202880129,12.7711482978222],[77.6543816317126,12.7712726606478],[77.6542649533525,12.7714183756946],[77.6540880164784,12.771940509336],[77.6540491152928,12.7722151684654],[77.6540514424487,12.7724478336193],[77.6542666742171,12.7728974448236],[77.654310444148,12.7731304708385],[77.6544271425702,12.7732163029278],[77.6545697737503,12.7734222998497],[77.6546889793964,12.7740039688496],[77.6546777147644,12.774280187408],[77.6546524335426,12.7745163770702],[77.6544996574349,12.7748085400285],[77.6541644209412,12.7752134201392],[77.6536614746547,12.7756891546686],[77.6532159870318,12.776373563116],[77.6528473687403,12.7770073300598],[77.6525722315454,12.7776886407338],[77.6522865947172,12.7787986468675],[77.652213836247,12.779207883945],[77.6520903280567,12.7795976037753],[77.6518961804444,12.779904651286],[77.6516328625656,12.7804198672262],[77.6516058632353,12.7805442443227],[77.6515928872483,12.780710345217],[77.6516211728871,12.7808406627963],[77.6514519536048,12.781297247247],[77.6514581332301,12.7818371174751],[77.6516012926812,12.7823751855416],[77.6519628917173,12.7828568329092],[77.6524602489439,12.7830944071568],[77.6530104841728,12.7830888772374],[77.6538491711975,12.7829859185633],[77.654075878686,12.7829712489862],[77.6542874034981,12.7829137326721],[77.654399579452,12.7827872413601],[77.6546364597448,12.7825082183277],[77.6549447090627,12.7822282786985],[77.6553379234046,12.7819049996696],[77.6556314866083,12.7816804768015],[77.6558186923861,12.7813672482213],[77.6559262495254,12.7812385201328],[77.6568139095366,12.7808060638117],[77.6581951908196,12.7803293758717],[77.6595474729919,12.7800369329885],[77.6603059999867,12.780246092986],[77.6607821348504,12.7806113883573],[77.6619258210472,12.7814042796994],[77.6627859766866,12.7823544409903],[77.6638914127938,12.7835450946104],[77.664484324852,12.7849105336608],[77.6654940517068,12.7856148423228],[77.6665894574883,12.7857381609046],[77.6681849133954,12.7857217532874]]]}},{"type":"Feature","properties":{"kgisWetlandId":2393,"wetlandCode":"1202","wetlandClass":"Tank/Pond","forestBeatId":2366,"areaM2":150977,"shapeAreaM2":151133.0,"shapeLengthM":1762.1,"labelPoint":[77.507331,12.784501],"source":"kgis-wetlands"},"geometry":{"type":"Polygon","coordinates":[[[77.5076121340957,12.7820781870672],[77.5067919847668,12.7819722018969],[77.5059178569414,12.7821522262256],[77.505569181658,12.7824423471149],[77.5055162327673,12.7829587839848],[77.5059891233788,12.7834136264143],[77.5061708941567,12.7841572094426],[77.5062361397044,12.7848448221168],[77.5062440824629,12.7855902930472],[77.5059579569394,12.7862240905509],[77.5049098604378,12.7866358654319],[77.5053245580413,12.787205612601],[77.5060862723369,12.7873700278787],[77.5070210479998,12.7873608640968],[77.5078924967982,12.7868363342479],[77.50858703483,12.7861414467828],[77.5085766494185,12.7851096461676],[77.508331538995,12.783849571528],[77.5081466872473,12.7829337473216],[77.5076121340957,12.7820781870672]]]}},{"type":"Feature","properties":{"kgisWetlandId":2394,"wetlandCode":"1202","wetlandClass":"Tank/Pond","forestBeatId":2366,"areaM2":80086,"shapeAreaM2":80172.0,"shapeLengthM":1233.8,"labelPoint":[77.536069,12.785193],"source":"kgis-wetlands"},"geometry":{"type":"Polygon","coordinates":[[[77.5363978910054,12.7837056408365],[77.5362141430114,12.7835528452424],[77.5360153737286,12.7833876915732],[77.5357090096244,12.7833574360759],[77.5354917390457,12.7834250515275],[77.5352560692574,12.7834972671932],[77.5349548763893,12.7835906714123],[77.5346254545391,12.7835531753988],[77.5344316266234,12.7837121769956],[77.5342114152513,12.7838916294622],[77.5342067928746,12.7841390196514],[77.5342020405404,12.7843576080359],[77.5341973777712,12.7845959619682],[77.534418403913,12.7845938445047],[77.5345718125315,12.7846581080413],[77.534649221154,12.7847181926398],[77.5346781096931,12.7847417840172],[77.5348134851448,12.7848902781112],[77.534854192743,12.784980459971],[77.5349111746147,12.7851050191628],[77.5350956785284,12.7854227246546],[77.5352243792069,12.785621513539],[77.5352672766473,12.7856874003548],[77.5354893836946,12.7859202220604],[77.5356201838655,12.7860749483931],[77.5357509716567,12.7862268513676],[77.5359243411351,12.7863757398658],[77.5361550765069,12.7867322069344],[77.5363139322113,12.7869794314532],[77.5365781291224,12.7871019319616],[77.5368279379341,12.7870996841774],[77.5370247911818,12.7870976721003],[77.5372852807526,12.786914648306],[77.5372691924526,12.7866707403302],[77.5371485178788,12.7864651392316],[77.5370452465407,12.7862888285597],[77.5369640260901,12.7861508228297],[77.5371173708553,12.7859507726013],[77.537255844216,12.7857711188026],[77.5372705322632,12.7854604291862],[77.5372777643748,12.7852807998742],[77.5370697205915,12.7851021347315],[77.5369010061186,12.7849639571932],[77.5369093525353,12.7847764152683],[77.5368313367676,12.7845841777736],[77.5368017932638,12.7844182683872],[77.536673277399,12.7842595778297],[77.5365111762639,12.7840575504377],[77.5363978910054,12.7837056408365]]]}},{"type":"Feature","properties":{"kgisWetlandId":2397,"wetlandCode":"1202","wetlandClass":"Tank/Pond","forestBeatId":2366,"areaM2":53843,"shapeAreaM2":53899.8,"shapeLengthM":1024.6,"labelPoint":[77.522872,12.787645],"source":"kgis-wetlands"},"geometry":{"type":"Polygon","coordinates":[[[77.5244047492801,12.7873244776001],[77.5245178465057,12.7866259168663],[77.5245458142844,12.7864473245985],[77.5239169070417,12.7866280141033],[77.5234938014202,12.7867496216244],[77.5234163396484,12.7866771081976],[77.5231158787075,12.7866801333959],[77.5223643274313,12.7869799657804],[77.5216894097534,12.7874240401019],[77.5213920883212,12.7878653143947],[77.5214291708104,12.7879188032226],[77.521500547852,12.787918488123],[77.5217895071097,12.7879177745535],[77.5218219527718,12.7879639424141],[77.5219830346386,12.7881970459],[77.5223242057699,12.7882853354945],[77.5226296431948,12.788363617134],[77.5227877925437,12.7884577993179],[77.5228362778921,12.7884869525403],[77.5228847651885,12.7885166713179],[77.5229332505571,12.7885458245181],[77.523137350275,12.7888713597047],[77.5236682342265,12.7891587373642],[77.52403938001,12.7884968717089],[77.5240332706831,12.7879129235421],[77.5244047492801,12.7873244776001]]]}},{"type":"Feature","properties":{"kgisWetlandId":2409,"wetlandCode":"1202","wetlandClass":"Tank/Pond","forestBeatId":2366,"areaM2":30730,"shapeAreaM2":30762.1,"shapeLengthM":711.5,"labelPoint":[77.524684,12.794381],"source":"kgis-wetlands"},"geometry":{"type":"Polygon","coordinates":[[[77.5257297565901,12.7936242911537],[77.5254924432658,12.7933384399932],[77.5254211404408,12.7933551341745],[77.5244976833578,12.7935783639772],[77.5244401242673,12.7935791838304],[77.5240881105197,12.7936400463943],[77.5237394428227,12.79393019114],[77.523684603735,12.7942760744245],[77.52409637864,12.7944448117015],[77.524124815618,12.7946220242874],[77.5241592229349,12.794846086106],[77.5241997373044,12.7948944772966],[77.5243965367208,12.7951319375533],[77.5247512694221,12.7954150099725],[77.5248800433687,12.7953777283648],[77.5251329903746,12.7953043149517],[77.5251605873543,12.7952968505197],[77.5252744012049,12.7950083110489],[77.5253840424678,12.7945622187901],[77.5254439419916,12.7943168416952],[77.5257297565901,12.7936242911537]]]}},{"type":"Feature","properties":{"kgisWetlandId":2413,"wetlandCode":"1202","wetlandClass":"Tank/Pond","forestBeatId":2295,"areaM2":83510,"shapeAreaM2":83616.2,"shapeLengthM":1157.1,"labelPoint":[77.663573,12.793284],"source":"kgis-wetlands"},"geometry":{"type":"Polygon","coordinates":[[[77.6630082961532,12.7914192226084],[77.662683573591,12.7914033251246],[77.6623310844283,12.7915863563732],[77.6621431607841,12.7922102044201],[77.6621848017656,12.7927007634232],[77.6624986674917,12.793522607897],[77.6629327370888,12.7942117051909],[77.6633278457397,12.7947101100755],[77.6636593285831,12.7949219398965],[77.6640369704319,12.7949296655154],[77.6643534832493,12.7949151041209],[77.6644736237618,12.7947704970615],[77.6644692399723,12.7943627718412],[77.6644772853295,12.7939092405658],[77.6646063804784,12.7934889929782],[77.6648713741172,12.793079929852],[77.665087351854,12.7927659879463],[77.6651811293722,12.7924187669162],[77.6650195892189,12.7921208188412],[77.66470168731,12.7920879488612],[77.6643850624325,12.7920799198638],[77.6642526298248,12.7920715420968],[77.6642028519236,12.7920175741267],[77.6639403316083,12.7917833772639],[77.6637060650807,12.7916715904369],[77.6633093965828,12.7915436669784],[77.6631109035977,12.7914486454745],[77.6630082961532,12.7914192226084]]]}},{"type":"Feature","properties":{"kgisWetlandId":2422,"wetlandCode":"1202","wetlandClass":"Tank/Pond","forestBeatId":2366,"areaM2":68153,"shapeAreaM2":68226.6,"shapeLengthM":1091.6,"labelPoint":[77.541666,12.796689],"source":"kgis-wetlands"},"geometry":{"type":"Polygon","coordinates":[[[77.5417627040711,12.7984316656998],[77.542045906801,12.798428695678],[77.5424073961805,12.7984253734906],[77.5425539023987,12.7977419078439],[77.5425514684598,12.7974646161791],[77.5426783208716,12.7972612927708],[77.5427174453757,12.7972416655899],[77.542781697194,12.797209433549],[77.5428303835278,12.7970324412425],[77.5428284138687,12.7968556759582],[77.5427592397871,12.7967225812174],[77.5427238689622,12.7966545249143],[77.5424908494604,12.7965550462653],[77.5424886479843,12.7963280181967],[77.5425383676606,12.7961256074573],[77.5426560721177,12.7960247445809],[77.5427172591204,12.7959723124281],[77.5427928912168,12.7958962928793],[77.5428956821812,12.7957179272453],[77.5428939448551,12.7955914264772],[77.542891979204,12.7954152285289],[77.5428824107566,12.7953968682729],[77.5428129911867,12.7952636601931],[77.5426822018995,12.795113456437],[77.5426300479985,12.7950385772762],[77.5425781271367,12.7950139608222],[77.5422509941582,12.7949770297613],[77.5421657550627,12.7949672473096],[77.5415487910414,12.7952422443381],[77.5414005795317,12.7953078591193],[77.5412167550221,12.7953900131327],[77.5408318710255,12.7955617411033],[77.5404492257805,12.7959695305471],[77.5404511907548,12.7961457306232],[77.5404539749482,12.7964992639392],[77.5411074709367,12.7974027803194],[77.5414141989725,12.7980062688702],[77.541528067367,12.7982316648119],[77.5417627040711,12.7984316656998]]]}},{"type":"Feature","properties":{"kgisWetlandId":2429,"wetlandCode":"1202","wetlandClass":"Tank/Pond","forestBeatId":2366,"areaM2":92754,"shapeAreaM2":92849.3,"shapeLengthM":1438.4,"labelPoint":[77.505396,12.798463],"source":"kgis-wetlands"},"geometry":{"type":"Polygon","coordinates":[[[77.5059011211063,12.7976960774608],[77.5052479537123,12.7968399037643],[77.5051892413745,12.7968407250874],[77.5052457704766,12.7966094838911],[77.5052809035119,12.7964850809915],[77.505359092726,12.796205739206],[77.5050650090782,12.7960935022911],[77.504775032528,12.7963839327464],[77.5046027393938,12.7967308919455],[77.5044307023906,12.7971348930446],[77.504199950546,12.7975397143686],[77.5037335686833,12.7977733050541],[77.5036784461689,12.7980621464311],[77.5039727875523,12.7982319903138],[77.503977143898,12.7986911346569],[77.5040972699467,12.79903569032],[77.5042188036968,12.7994372804652],[77.5041636761319,12.7997249925522],[77.5039312592969,12.8000151719269],[77.503992412675,12.8003023755956],[77.5042294456218,12.8005289478317],[77.504878262078,12.8009259787953],[77.505167984875,12.8005779426162],[77.5056316723151,12.7999987167565],[77.5060925366363,12.7993042884785],[77.5067183576792,12.7989384043248],[77.5067929967109,12.7988945906297],[77.5071419446072,12.7986609425571],[77.5064931368743,12.7982650460287],[77.5059011211063,12.7976960774608]]]}},{"type":"Feature","properties":{"kgisWetlandId":2437,"wetlandCode":"1202","wetlandClass":"Tank/Pond","forestBeatId":2372,"areaM2":29856,"shapeAreaM2":29897.6,"shapeLengthM":713.1,"labelPoint":[77.739938,12.799988],"source":"kgis-wetlands"},"geometry":{"type":"Polygon","coordinates":[[[77.7408069228785,12.8009543426565],[77.7408632968323,12.8007349301192],[77.7409320746157,12.8004674514928],[77.7406162995161,12.8001912647438],[77.7405865993818,12.7998085341802],[77.7405826464399,12.7995030355256],[77.7404746707213,12.7991212812451],[77.7402118420407,12.7988431206919],[77.7397971047946,12.7990006003567],[77.7396975918662,12.7993326212003],[77.7395987353284,12.7995731505401],[77.7395703223745,12.7996410680108],[77.7393909693031,12.7998978332606],[77.7391593991235,12.80007863265],[77.7391643194363,12.8005631469773],[77.7393504369231,12.8009190789664],[77.7397924777565,12.8009139321196],[77.7399224193676,12.8008867071822],[77.7399478854838,12.8009125516086],[77.7404181075229,12.8010094713554],[77.7408069228785,12.8009543426565]]]}},{"type":"Feature","properties":{"kgisWetlandId":2438,"wetlandCode":"1202","wetlandClass":"Tank/Pond","forestBeatId":2372,"areaM2":71285,"shapeAreaM2":71384.9,"shapeLengthM":1098.0,"labelPoint":[77.745327,12.799586],"source":"kgis-wetlands"},"geometry":{"type":"Polygon","coordinates":[[[77.746478975746,12.7988326968512],[77.7452747485581,12.7983968684594],[77.7447546656894,12.7982330166127],[77.7443273778508,12.7981979972141],[77.7441651726989,12.7982191825726],[77.7440033923511,12.7983188622179],[77.7438014453796,12.7984419079502],[77.7434767748671,12.798436276977],[77.7432119557677,12.7984286364075],[77.7431741616342,12.7986773171322],[77.7431853354776,12.7988274757525],[77.7432900704703,12.7990353102568],[77.7447182588079,12.8004356531589],[77.745177986291,12.8007201110088],[77.7453929655996,12.8008771009123],[77.7455570774735,12.8009948287675],[77.745729853858,12.8010119882026],[77.745838798585,12.8007222719535],[77.7459978514643,12.8003323329924],[77.7462278842733,12.8000815092474],[77.7465097100456,12.7998287160741],[77.7467425296985,12.7996671041739],[77.746862529245,12.7995055227029],[77.7468810217585,12.7993072051678],[77.7468177728923,12.7991076246767],[77.746478975746,12.7988326968512]]]}},{"type":"Feature","properties":{"kgisWetlandId":2440,"wetlandCode":"1202","wetlandClass":"Tank/Pond","forestBeatId":2295,"areaM2":772042,"shapeAreaM2":772984.5,"shapeLengthM":5923.9,"labelPoint":[77.631994,12.796378],"source":"kgis-wetlands"},"geometry":{"type":"Polygon","coordinates":[[[77.6352656364082,12.8000571458579],[77.635384278681,12.7991473186423],[77.6356394805814,12.7988411125844],[77.6358955672915,12.7987122337561],[77.6361263264747,12.7985834781578],[77.636511095918,12.7984031458005],[77.6367583721969,12.7983545055928],[77.6367540494618,12.7979501643401],[77.636783518112,12.7976269828699],[77.6365793284675,12.7975432630145],[77.6361920217331,12.797445748596],[77.6357240259614,12.7970973119996],[77.6354080441687,12.7967583018718],[77.6352807252514,12.7966216853508],[77.6352760293763,12.7961422335822],[77.6353960684429,12.7952815330088],[77.6354783354945,12.7933112789123],[77.6357255224128,12.7923228904478],[77.6360972391182,12.791374561369],[77.6361029214227,12.7913598501906],[77.636255270163,12.7912066259922],[77.6362795865268,12.7910043271547],[77.6362503200976,12.7906763479941],[77.6362142106187,12.7905918106229],[77.636256426657,12.7905159294587],[77.6362957423504,12.7903203338883],[77.6362950778968,12.790187054892],[77.6362302022582,12.790105482118],[77.6361575256215,12.7900753375931],[77.6361149336484,12.7900761096764],[77.6360632319091,12.7900966917702],[77.6360013810727,12.790159679701],[77.6359294702788,12.7902831445374],[77.6358369930909,12.790437771588],[77.6357075482427,12.7905665990986],[77.6356399698359,12.7906352617196],[77.6354632008872,12.790739470064],[77.6352965890367,12.7908024016642],[77.6352125519051,12.7908028093668],[77.6349397597841,12.7910430233244],[77.6346300972154,12.7910462208869],[77.6341663061848,12.7910767090681],[77.6338831192225,12.7910792119606],[77.6335746069088,12.7910824013086],[77.6334689933889,12.7911422125127],[77.6333943764456,12.79118493109],[77.6332677326796,12.7914142703002],[77.6330117759758,12.7915679936553],[77.6325997826645,12.7915970979991],[77.632291900276,12.7917267882329],[77.632112822383,12.7918298758546],[77.6319086673607,12.7919833473563],[77.6314722294473,12.7921899010276],[77.6309319313163,12.7923466936942],[77.6304426828554,12.7923513193536],[77.6300821125874,12.7923039298292],[77.6297975268766,12.7922573018417],[77.6296190728871,12.7924863241511],[77.6295195235372,12.7928403413701],[77.629552840374,12.7935218372366],[77.6295862861489,12.7942293123413],[77.6294372122439,12.7948111636458],[77.6291340076921,12.7954203045058],[77.6286057527379,12.79661335666],[77.6282232601007,12.7970212616151],[77.6279924976837,12.7971500107885],[77.6277096807796,12.7972287480218],[77.6273244048231,12.7973079785703],[77.6271460728951,12.797562977804],[77.6271502488897,12.797940778249],[77.6274375047663,12.7982923623515],[77.6276458456795,12.7985172586777],[77.6280062960203,12.7985386723748],[77.6284715077279,12.7985595811473],[77.6287568602625,12.7987592539106],[77.6288899734209,12.7991358652224],[77.6290740007327,12.799564188546],[77.6289992694775,12.7998164299839],[77.628564095933,12.8000489523372],[77.6278949670386,12.800231776433],[77.627666109271,12.8005129991101],[77.6274371165429,12.800767114028],[77.6270541185568,12.8010744953722],[77.6265672575818,12.8013321129564],[77.6260263100223,12.8013623960982],[77.6255111936141,12.8014942084092],[77.625384157748,12.8016467389628],[77.6253860587768,12.801798084126],[77.6253899504131,12.8021188456404],[77.6254211320226,12.8021384624282],[77.6255056909891,12.802242533799],[77.6255678085814,12.8024647473747],[77.6255819234033,12.802525107983],[77.6262435164986,12.8024462400445],[77.6265516705788,12.8023679470322],[77.6269384780912,12.8023638213932],[77.6271180677225,12.8023618243804],[77.6271921646857,12.8022135010137],[77.6272191213329,12.8020778306843],[77.6276310326622,12.8020284026556],[77.627832790572,12.8016219342072],[77.6281388306003,12.8015820534207],[77.6281904666071,12.8013158046012],[77.6282903919261,12.8010363337236],[77.6286754233216,12.8009068395624],[77.6290118240453,12.8009532170617],[77.6291935672868,12.8011533902059],[77.6291729272394,12.8016335297806],[77.6291999108372,12.8017350551192],[77.6294582810512,12.8018326381606],[77.6297161542661,12.8018302614574],[77.6299989758812,12.8017515212049],[77.630460381817,12.8014691715854],[77.6307390158815,12.8010115030777],[77.6309650910287,12.8004032987304],[77.6310064946561,12.7994689971278],[77.6310266251245,12.7988872039559],[77.6312782788919,12.7983297043168],[77.6317675372992,12.7983245111418],[77.6322314694694,12.7983200038316],[77.6325146636468,12.7983169383222],[77.6327992646801,12.7983652566604],[77.6330068674215,12.7984410567838],[77.6331360353716,12.7984867395139],[77.6332930861238,12.7988140994265],[77.6333238794191,12.7992177479154],[77.633303084284,12.799665132701],[77.6333594635684,12.799658647002],[77.6334942393025,12.7996743711005],[77.6335450534326,12.799706315521],[77.6335892564787,12.7997975902926],[77.6336096498186,12.8001933826091],[77.6335301005158,12.800632581849],[77.6331978536634,12.8011887804879],[77.6331489302291,12.801305356324],[77.6331665246116,12.8013707821115],[77.6331804127824,12.8013853987569],[77.6329597915368,12.8014700519121],[77.6329618206527,12.8016462443419],[77.6331193919308,12.8018465320451],[77.6332236311078,12.8019719663399],[77.6334313563685,12.8020714844694],[77.633561047096,12.8022216435257],[77.6338213310184,12.8024716960842],[77.6340794523399,12.8025190113249],[77.6343099674534,12.802340561069],[77.6342538445342,12.8019370355629],[77.6348145349174,12.8012492691083],[77.6351189879358,12.8008919960347],[77.6352433547073,12.8004367670556],[77.6352656364082,12.8000571458579]]]}},{"type":"Feature","properties":{"kgisWetlandId":2444,"wetlandCode":"1202","wetlandClass":"Tank/Pond","forestBeatId":2295,"areaM2":258705,"shapeAreaM2":259012.5,"shapeLengthM":2848.4,"labelPoint":[77.611359,12.80162],"source":"kgis-wetlands"},"geometry":{"type":"Polygon","coordinates":[[[77.6132628532411,12.8033850444146],[77.6132337389807,12.8030824742472],[77.6132299450103,12.802778653541],[77.6132811302896,12.8026519044765],[77.6133372712681,12.8025962893961],[77.6133477357758,12.8023827624785],[77.6140835672976,12.8014778961722],[77.6142460714205,12.801278890327],[77.6145017981843,12.8010737920787],[77.6146042130314,12.8010637010852],[77.614784877979,12.8010464602078],[77.6150679493821,12.8010174332905],[77.6153258219803,12.8010150708616],[77.6154799616732,12.8009883549063],[77.6154792212874,12.8008375689186],[77.6154774481572,12.800711071971],[77.6154502201347,12.8005587178199],[77.6154212340157,12.8005170639761],[77.6148950349115,12.8005032031262],[77.614590045541,12.8005232974403],[77.6144693341624,12.8005583249626],[77.6143625387095,12.8006136155492],[77.6142400703423,12.8005255345189],[77.6142227354954,12.8005120639062],[77.6139782369351,12.8004245654152],[77.6133758167215,12.8003624948155],[77.6130394926612,12.8003313448673],[77.6124487520824,12.8003031026222],[77.6118177486388,12.8002812634937],[77.6114355427749,12.8002847795162],[77.6110886977112,12.8002209204598],[77.6107980393875,12.8001110485052],[77.6104596764516,12.7998986179188],[77.6100688712583,12.7995559778982],[77.6099061068117,12.7994669567765],[77.6096846841017,12.799389509818],[77.6093707270213,12.7992232712348],[77.6091261669168,12.7991227787119],[77.6088946625992,12.7991024195244],[77.6086633235797,12.7991159445192],[77.6084105033666,12.7992097670702],[77.6080191606662,12.7994635096498],[77.6076847078135,12.7995797448065],[77.6074939108036,12.7996439042737],[77.6073672770734,12.7996450714011],[77.6072291356356,12.7996474220698],[77.6068350799604,12.7995815228333],[77.6062371127833,12.7994877888752],[77.6061288103568,12.799470795586],[77.6058789986584,12.7994736760503],[77.6056996391483,12.7995225316224],[77.6054857940901,12.7995822804284],[77.6053789626179,12.7996307922262],[77.6053436152652,12.7997009893535],[77.6053441867145,12.7998184557903],[77.6053813685694,12.7998883093599],[77.6055764252227,12.7999890414617],[77.6054720489416,12.8003052354157],[77.6055775473564,12.8004555253201],[77.6059646036431,12.8005022568433],[77.606558096247,12.8006225565589],[77.6073594303888,12.8008678081585],[77.6077473298406,12.800851280832],[77.6084434647917,12.8010077972036],[77.6086800421209,12.8013590803948],[77.6087867802977,12.801762373971],[77.6089470919087,12.8022913535892],[77.6089768233362,12.8027209916435],[77.6093477274714,12.8032308964913],[77.6095081666244,12.8033148452134],[77.609618108567,12.8034312271492],[77.6096312194937,12.8035226547903],[77.6096553961706,12.803522539809],[77.6099378510728,12.8033670161077],[77.6102208134598,12.8033148399264],[77.6108636037737,12.803155904222],[77.6112757428052,12.8031516811867],[77.6116625574875,12.8031481423748],[77.6118958503515,12.8032978196532],[77.6120251594488,12.8033723157377],[77.6121279237711,12.8034333836085],[77.612456300232,12.8034865978707],[77.6124912483741,12.8035700154757],[77.6127297617879,12.8038450427052],[77.6129843065333,12.803867546797],[77.6131903772147,12.8038654335803],[77.6132658640094,12.8037639814593],[77.6132653649502,12.8036623277839],[77.6132635935406,12.8035358306268],[77.6132628532411,12.8033850444146]]]}},{"type":"Feature","properties":{"kgisWetlandId":2446,"wetlandCode":"1202","wetlandClass":"Tank/Pond","forestBeatId":2372,"areaM2":87129,"shapeAreaM2":87252.8,"shapeLengthM":1456.0,"labelPoint":[77.756925,12.802683],"source":"kgis-wetlands"},"geometry":{"type":"Polygon","coordinates":[[[77.7569502118685,12.8032249941667],[77.757403558292,12.8031819201716],[77.7575958382118,12.8031865437639],[77.7577718129134,12.8031568071614],[77.7578107589397,12.8031210218747],[77.7581064969029,12.8028879093438],[77.7581516611329,12.8025160790442],[77.7581473296581,12.8021456408282],[77.7580770257553,12.8017106115685],[77.7578934624477,12.8014055064593],[77.7575440550582,12.801087731763],[77.7569027730835,12.8010775893821],[77.7561962316501,12.8011333024537],[77.7554577255487,12.8012383153601],[77.7549322552712,12.8013546174828],[77.7546961023368,12.801326505952],[77.7545789805658,12.8013819062643],[77.7544386130042,12.8013967703923],[77.7540777080532,12.8015025967924],[77.7539123538611,12.8015797117446],[77.7538335971761,12.8017038058427],[77.7538640800289,12.8018047303293],[77.7539820904588,12.8019119668374],[77.7540490162974,12.8019404129218],[77.7542278794891,12.8020179604877],[77.7547166831604,12.8021435564962],[77.7552859462919,12.8022461361491],[77.7556243557777,12.8024476397605],[77.75570680394,12.8025776538701],[77.7557309754225,12.8027876035146],[77.7556881378612,12.80295386015],[77.7555880652557,12.8031797182017],[77.7553915638572,12.8034557848883],[77.7553400405064,12.8035074493967],[77.755190484824,12.8037369581011],[77.7551785686327,12.8038736862369],[77.7552243333079,12.8040321302738],[77.7553002686127,12.8042344641461],[77.7553743776597,12.8043131323072],[77.7554493993878,12.8043483115128],[77.7555231165003,12.8043552606464],[77.7556553409402,12.8043246273393],[77.7557724015764,12.8042579316672],[77.7559405178444,12.8040543013385],[77.7560923204868,12.803814614384],[77.7561651232381,12.8036544097812],[77.7562886151377,12.8035007114215],[77.7565006714113,12.8033324245285],[77.756566171455,12.8033106159658],[77.7567649627305,12.8032429214111],[77.7569502118685,12.8032249941667]]]}},{"type":"Feature","properties":{"kgisWetlandId":2451,"wetlandCode":"1202","wetlandClass":"Tank/Pond","forestBeatId":2372,"areaM2":572035,"shapeAreaM2":572863.5,"shapeLengthM":3721.7,"labelPoint":[77.776048,12.800507],"source":"kgis-wetlands"},"geometry":{"type":"Polygon","coordinates":[[[77.7781830989931,12.803186831333],[77.7787596057117,12.8025201684327],[77.7794522737559,12.8014202993203],[77.7796976159498,12.8010304443227],[77.7800749526217,12.8007771025946],[77.7804789331941,12.8003468585675],[77.7808599593526,12.8003431028883],[77.7816366375309,12.8006878974526],[77.7822565069881,12.8007816721931],[77.7823063146119,12.8006300578503],[77.781839573777,12.8003327177489],[77.7813842974135,12.8000268456017],[77.7808129580147,12.7993443643545],[77.7806240488297,12.7991172387701],[77.7803080947265,12.7984017515319],[77.7802998426184,12.7983667835501],[77.7802880792009,12.7983216686188],[77.7801845339896,12.7979190178446],[77.780074812629,12.7972334736787],[77.7798831136329,12.7969182649516],[77.7798368707016,12.796882938238],[77.7799919621604,12.7964116861729],[77.7799851390828,12.7958057762303],[77.7796248397766,12.7958094180695],[77.7794192115378,12.7958873305392],[77.7793171832535,12.7959641207631],[77.779319599159,12.796191689449],[77.7793489084959,12.7964942226885],[77.7792914406421,12.7969248518945],[77.7791874172723,12.797056994268],[77.7791736978306,12.7970740094497],[77.7787875451414,12.7973974222803],[77.7785519098123,12.7974619439983],[77.778224903169,12.7974495921207],[77.7776620482278,12.7974633610609],[77.7769809105372,12.7973219018201],[77.7767942032916,12.7972833781931],[77.7766074944982,12.7972442898624],[77.7759782882418,12.797125703419],[77.7757044299079,12.7971480745582],[77.7752073368129,12.797188024294],[77.7749471979528,12.7971933796377],[77.7748959969194,12.7973020821131],[77.7740770953504,12.7978525796207],[77.7731652046919,12.7986582643772],[77.7721115751863,12.7998554994306],[77.7718002190873,12.8003840597597],[77.7715431393448,12.8013595902036],[77.7714332500228,12.8020977103536],[77.7714160371549,12.8023157871288],[77.771959571861,12.8023450531622],[77.7724456194467,12.8023876169705],[77.7725471445136,12.8024271657551],[77.7725702217697,12.8024366424844],[77.7730674681819,12.8026304896625],[77.7736643229305,12.8029333571597],[77.7741161961805,12.8032488626719],[77.7742996923469,12.8033303245866],[77.7745057479615,12.8033280842494],[77.7747577492672,12.8030997076212],[77.7749979763064,12.8028239582479],[77.7752154111763,12.8027979385642],[77.7755082613291,12.8028776795051],[77.7755833868747,12.8031387415726],[77.7756157314284,12.8033661506448],[77.7756660906661,12.8035206125693],[77.7757165783052,12.8036982288752],[77.7758038983241,12.803874515497],[77.7760609053373,12.8041334668377],[77.776155587642,12.8041843451435],[77.7761451905444,12.804385442082],[77.7763162271748,12.8047109296361],[77.7766140323812,12.8048533269496],[77.7769522377405,12.8050147063866],[77.7772267500486,12.8049014097785],[77.7775173452676,12.8047818132842],[77.7778115948229,12.8040765805061],[77.7781830989931,12.803186831333]]]}},{"type":"Feature","properties":{"kgisWetlandId":2452,"wetlandCode":"1202","wetlandClass":"Tank/Pond","forestBeatId":2295,"areaM2":74120,"shapeAreaM2":74213.5,"shapeLengthM":1029.4,"labelPoint":[77.655307,12.804916],"source":"kgis-wetlands"},"geometry":{"type":"Polygon","coordinates":[[[77.6560766429853,12.8036339962214],[77.6555602127772,12.8035038293275],[77.6550227243412,12.8035341547313],[77.6543793464599,12.8035700836452],[77.654055937706,12.8035891855353],[77.6539519791165,12.8042030148062],[77.6541236454982,12.8053638545867],[77.6544516763408,12.8062556686366],[77.6550019439219,12.80647376973],[77.6551274274265,12.8064725852081],[77.6554107720406,12.8062712670157],[77.6558007938377,12.805992614151],[77.6561330547327,12.8056752791283],[77.6565279554393,12.8052243551401],[77.6565869967908,12.8046084885975],[77.6566427050403,12.8040163573883],[77.6565734776925,12.803759739742],[77.6560766429853,12.8036339962214]]]}},{"type":"Feature","properties":{"kgisWetlandId":2457,"wetlandCode":"1202","wetlandClass":"Tank/Pond","forestBeatId":2295,"areaM2":28411,"shapeAreaM2":28447.1,"shapeLengthM":701.4,"labelPoint":[77.667728,12.806868],"source":"kgis-wetlands"},"geometry":{"type":"Polygon","coordinates":[[[77.667495336208,12.8077643840438],[77.6678392274545,12.8074729563029],[77.667978034535,12.8073756926329],[77.668184536488,12.8072334771643],[77.6684231803488,12.8070730286],[77.6688236735917,12.8070433592154],[77.6686046862659,12.8065463466077],[77.6679591418939,12.806159890683],[77.6675279941539,12.8058237563911],[77.6670994703376,12.8057750641815],[77.6671299949877,12.8061154534496],[77.6668648719236,12.8062760327162],[77.6667964599158,12.8064057001202],[77.6666288531216,12.8067244858167],[77.6667914962455,12.8070105659142],[77.6671702321648,12.8074531347317],[77.6674952027333,12.8077384064526],[77.6674675730532,12.807738544668],[77.667495336208,12.8077643840438]]]}},{"type":"Feature","properties":{"kgisWetlandId":2459,"wetlandCode":"1202","wetlandClass":"Tank/Pond","forestBeatId":2366,"areaM2":166018,"shapeAreaM2":166195.1,"shapeLengthM":2563.1,"labelPoint":[77.528889,12.807104],"source":"kgis-wetlands"},"geometry":{"type":"Polygon","coordinates":[[[77.5292764280346,12.8086376645307],[77.5295834270594,12.8085481916783],[77.5301337436309,12.808542913393],[77.5306386672879,12.8084305296051],[77.5311671078883,12.8084253466154],[77.5316052511134,12.8083126944382],[77.5318461308744,12.8081162077913],[77.5318656682814,12.8078574554815],[77.5315769513835,12.8076650287391],[77.5311370619715,12.8076477900111],[77.5309387471998,12.8075854214438],[77.5309364046858,12.8073256371424],[77.5307781491583,12.8069603722373],[77.5305988636103,12.8067793156943],[77.5303721458528,12.8065487712386],[77.530198643337,12.8063733362195],[77.5301950009352,12.8060808011824],[77.530192742271,12.805839088313],[77.5305335203106,12.8058358739427],[77.5308329737653,12.8058593875992],[77.5310743464821,12.8057707714101],[77.5314049586219,12.8058105230886],[77.5315616719361,12.8060905153673],[77.5315860788147,12.8063914280741],[77.5315896717886,12.8066726688243],[77.5318334806861,12.8068641670927],[77.5321187042906,12.8067973790283],[77.5322929056525,12.8066226517347],[77.5324906265044,12.8065556896315],[77.5327962698943,12.8064227312168],[77.5329059014613,12.8062273948965],[77.5328149141018,12.8059697007841],[77.5325261064934,12.8057569436943],[77.5321079915931,12.8057170196599],[77.5316443860736,12.8055485294033],[77.5310936826964,12.8054679670563],[77.5307632693922,12.8054717004021],[77.5305648544638,12.8053873061379],[77.5305846824066,12.8051918065582],[77.5307137889587,12.8049749226334],[77.5305796734894,12.8048524010951],[77.5303504363994,12.8048251853503],[77.5301992158983,12.8049902075353],[77.530171530001,12.8052297950256],[77.5299016081093,12.8056206908487],[77.5295834537709,12.8057875872871],[77.5293227348666,12.805674101341],[77.5291629801508,12.8057352437731],[77.528965032619,12.8057530695301],[77.5289028753621,12.8062593819073],[77.5287548802229,12.8063746898999],[77.528603450975,12.8064939664059],[77.5285096594649,12.8063774765813],[77.5284158747051,12.8062621159996],[77.5282005067624,12.8059953731664],[77.5278536880185,12.805936487224],[77.5276085519906,12.8062097985932],[77.5271354776394,12.8067405297069],[77.5268580204013,12.8072478007829],[77.5266422174997,12.8076418412588],[77.5266085588038,12.8078351437652],[77.5268059074362,12.8081900722545],[77.5267804580897,12.8086679819275],[77.526906911049,12.8091294026909],[77.5271831835175,12.8093704607761],[77.5276552148115,12.8093661008579],[77.5280731346534,12.8093619807423],[77.5285125315736,12.8092707888844],[77.528861144823,12.8089659541841],[77.5292764280346,12.8086376645307]]]}},{"type":"Feature","properties":{"kgisWetlandId":2461,"wetlandCode":"1202","wetlandClass":"Tank/Pond","forestBeatId":2372,"areaM2":83236,"shapeAreaM2":83347.0,"shapeLengthM":1378.8,"labelPoint":[77.706421,12.807463],"source":"kgis-wetlands"},"geometry":{"type":"Polygon","coordinates":[[[77.7059163724682,12.8048362409233],[77.7054337677303,12.8047929706653],[77.7051155014114,12.8049126327607],[77.7049405876064,12.8051456353026],[77.7049125676639,12.8052903523142],[77.7049069782329,12.80532200604],[77.7046773341571,12.8054372600848],[77.7044815698022,12.805646086606],[77.7045249205405,12.8060078603146],[77.7047802282227,12.8063933988473],[77.7051389398973,12.8067388738697],[77.705513229125,12.8072000398534],[77.705914340642,12.8077260125164],[77.7061707427612,12.8083182358404],[77.7065208715225,12.8089997719819],[77.7067885778881,12.809333852195],[77.7070281042518,12.8095636000487],[77.7073314861877,12.8096766836121],[77.7075295607617,12.8096869611939],[77.707674208932,12.8096088499714],[77.7077641311228,12.8094141178063],[77.7077983765359,12.8089226212049],[77.7076625803543,12.8084969420544],[77.7072400276145,12.8078355464351],[77.707228144733,12.8077655790009],[77.706973053511,12.8069858574633],[77.7064812620473,12.8060746359056],[77.7061152938488,12.8050080295862],[77.7059163724682,12.8048362409233]]]}},{"type":"Feature","properties":{"kgisWetlandId":2464,"wetlandCode":"1202","wetlandClass":"Tank/Pond","forestBeatId":2295,"areaM2":27870,"shapeAreaM2":27901.9,"shapeLengthM":645.4,"labelPoint":[77.580427,12.810948],"source":"kgis-wetlands"},"geometry":{"type":"Polygon","coordinates":[[[77.5803484463428,12.8115501889835],[77.5807249137494,12.8115461777965],[77.5809954665972,12.8115437886822],[77.5813357431424,12.811435464932],[77.5815316823715,12.8112391441619],[77.5815296010768,12.8110448763909],[77.5814549909242,12.8108515099085],[77.5812920729001,12.8107302802973],[77.5809678031259,12.8105742214172],[77.58087558978,12.8103109067856],[77.5805676100489,12.8101909159308],[77.5802267466404,12.8101761234924],[77.5797951860628,12.8102154060722],[77.5794550014217,12.8103429296488],[77.5792418721786,12.8105562705574],[77.5792800600537,12.8108379100471],[77.5794990871722,12.8111362153035],[77.5797705582904,12.8113264075669],[77.5800233647539,12.8114652929206],[77.5803484463428,12.8115501889835]]]}},{"type":"Feature","properties":{"kgisWetlandId":2466,"wetlandCode":"1202","wetlandClass":"Tank/Pond","forestBeatId":2372,"areaM2":40233,"shapeAreaM2":40288.1,"shapeLengthM":811.0,"labelPoint":[77.719657,12.810322],"source":"kgis-wetlands"},"geometry":{"type":"Polygon","coordinates":[[[77.7201634546922,12.8094388001872],[77.719973201025,12.8091675853679],[77.7196394000008,12.8091800447425],[77.7193067551138,12.8091936272749],[77.7190132472349,12.809205877241],[77.7187864478514,12.8094222160122],[77.7186663295123,12.8099983017841],[77.7188139423534,12.8104775623557],[77.7191634215686,12.8105983002761],[77.7194171673994,12.8106856479663],[77.7194847043834,12.8110450347648],[77.7195356530599,12.8113158423405],[77.7197117622531,12.8115250116146],[77.7198693245529,12.8117105571735],[77.7202203562099,12.8116901010441],[77.7204879241887,12.8115627782755],[77.7205313298197,12.8112824451552],[77.7205781285092,12.8109907994152],[77.7206349258166,12.8106313335585],[77.7205046512806,12.8101655388645],[77.7203908280093,12.8097623447758],[77.7201634546922,12.8094388001872]]]}},{"type":"Feature","properties":{"kgisWetlandId":2467,"wetlandCode":"1202","wetlandClass":"Tank/Pond","forestBeatId":2295,"areaM2":157974,"shapeAreaM2":158158.7,"shapeLengthM":1945.4,"labelPoint":[77.600399,12.810533],"source":"kgis-wetlands"},"geometry":{"type":"Polygon","coordinates":[[[77.6020848509069,12.8090349394264],[77.6021470172578,12.8090340798942],[77.6022242633872,12.8090563049583],[77.6022346505927,12.8090613382924],[77.6023607201992,12.808470004557],[77.602459032702,12.8080894572916],[77.6024329703549,12.8079387893145],[77.6020699564624,12.8078665259924],[77.6019156869411,12.8078678208295],[77.6017904001313,12.8081468388412],[77.6017157690729,12.8084256189599],[77.6016642079749,12.8084766905455],[77.6016676153907,12.8087037072906],[77.6015896983184,12.8087803185508],[77.601306854026,12.808858464067],[77.6010754511286,12.8088606880928],[77.600688388197,12.808815080008],[77.6003279163691,12.8087924992555],[77.6000665041603,12.80854241803],[77.5999325498879,12.8082222677015],[77.5999076048695,12.8080642540396],[77.5997765303326,12.8078632541946],[77.5994163157316,12.8078931945008],[77.5992893805047,12.8080705630557],[77.5990592052863,12.8083257915021],[77.5990648650293,12.808780396549],[77.5990717473814,12.8094868768294],[77.599053797955,12.8102956956241],[77.5989059236455,12.8109035092845],[77.5986792737616,12.8114111686413],[77.5986794544058,12.8114484419121],[77.5986107850026,12.8122450756898],[77.5985432578855,12.8125650474673],[77.598486967632,12.8128279264594],[77.5984638910562,12.8130550679548],[77.5985700031488,12.8133312993241],[77.5987760820561,12.8133291959235],[77.5991615155645,12.8132748524547],[77.6003161002858,12.8127588529666],[77.6018274168033,12.8117334421993],[77.6018252828672,12.8115312692425],[77.6018236422249,12.8114307508262],[77.6018219136016,12.8113121590876],[77.6017942879729,12.8110767856704],[77.6017915384204,12.8107481102809],[77.60181247566,12.8103187952177],[77.601885343372,12.8099140822779],[77.601882840579,12.8096362337081],[77.602045789135,12.8090520672806],[77.6020848509069,12.8090349394264]]]}},{"type":"Feature","properties":{"kgisWetlandId":2471,"wetlandCode":"1202","wetlandClass":"Tank/Pond","forestBeatId":2550,"areaM2":106347,"shapeAreaM2":106503.9,"shapeLengthM":1543.6,"labelPoint":[77.792963,12.809251],"source":"kgis-wetlands"},"geometry":{"type":"Polygon","coordinates":[[[77.7942120921008,12.8086323085544],[77.7940611466998,12.8075844513887],[77.7939634230374,12.8071981526704],[77.7936144879797,12.8071780349111],[77.7936171815746,12.8074524732767],[77.7937605686055,12.8077701905479],[77.7936482720004,12.8080684116108],[77.793346159402,12.8081858286727],[77.7931603084426,12.8080964885724],[77.7930647598659,12.8078920178322],[77.7929676717674,12.8076186588869],[77.792618362511,12.8075319048775],[77.7922446148242,12.8073984113212],[77.7917113770965,12.8075645246086],[77.7913873902518,12.8076820595169],[77.7912278921908,12.8079805359731],[77.7912115199059,12.8085504261149],[77.791565309195,12.8090251198197],[77.7919688654395,12.8097514058843],[77.7925104349852,12.8104532196412],[77.7929817767575,12.8109492923631],[77.7930749233735,12.8111357059331],[77.7937398241602,12.8114528339647],[77.7937608919339,12.8115142728321],[77.7938395991469,12.811589514598],[77.7939168732139,12.8116145051147],[77.7941232132037,12.8116619424029],[77.7943302848326,12.8116348343206],[77.7944052678239,12.8114571022892],[77.7944011167061,12.811128459451],[77.794452531559,12.8100354491153],[77.7942444678276,12.8094763851554],[77.7942120921008,12.8086323085544]]]}},{"type":"Feature","properties":{"kgisWetlandId":2477,"wetlandCode":"1202","wetlandClass":"Tank/Pond","forestBeatId":2372,"areaM2":124771,"shapeAreaM2":124945.0,"shapeLengthM":1470.8,"labelPoint":[77.742396,12.811164],"source":"kgis-wetlands"},"geometry":{"type":"Polygon","coordinates":[[[77.7424598317662,12.8087733641677],[77.7420574730349,12.8086681856094],[77.7417237316011,12.8086908374889],[77.741281761703,12.8089241393062],[77.7411718150434,12.8090303220726],[77.7410534605381,12.809284508927],[77.7411298399072,12.8095704252425],[77.7411563706935,12.8097927883175],[77.7412094881705,12.8100347778091],[77.7411384403882,12.8103084810146],[77.7410231756851,12.8107083526456],[77.7409092762693,12.811147746794],[77.7408326250999,12.8114497162709],[77.7407399145857,12.8119754022263],[77.7407429610116,12.8123255190458],[77.7407650532462,12.8125784018406],[77.7408483129359,12.8128591984763],[77.7410390493913,12.8132151039898],[77.7410337278033,12.8132953241257],[77.7411795813953,12.813654288796],[77.7412842744726,12.813640748795],[77.7413429483201,12.8136330984749],[77.7415252832794,12.8135005555598],[77.7422776700319,12.8127618793362],[77.743210171199,12.8119070470941],[77.7434327886331,12.8117725972345],[77.7437515369787,12.8117443734044],[77.7439494453008,12.8117241295393],[77.7441280760153,12.8115458623862],[77.7439949365866,12.811408770284],[77.7438854800257,12.8111806333126],[77.7439083195739,12.8109342908833],[77.7439362373616,12.8107748892951],[77.7439396592179,12.8105568858219],[77.7438298781378,12.8102688875307],[77.7436614495239,12.809993058973],[77.7433993643637,12.8096426148997],[77.7426136111188,12.8088956651034],[77.7424598317662,12.8087733641677]]]}},{"type":"Feature","properties":{"kgisWetlandId":2478,"wetlandCode":"1202","wetlandClass":"Tank/Pond","forestBeatId":2295,"areaM2":68064,"shapeAreaM2":68142.9,"shapeLengthM":1003.5,"labelPoint":[77.595757,12.814249],"source":"kgis-wetlands"},"geometry":{"type":"Polygon","coordinates":[[[77.5971631840371,12.8150175320669],[77.5970328983174,12.8142670177733],[77.5969251041141,12.8136434677261],[77.5968398507986,12.8131570479692],[77.5965584855131,12.8128285555918],[77.5960378888035,12.8127886520294],[77.5956864005186,12.8129580418476],[77.5955151555018,12.8130209721102],[77.5953113272663,12.8132500948829],[77.5950071646844,12.8136830040103],[77.5948094959005,12.8139956821603],[77.5945066803975,12.8142309179137],[77.5943782210788,12.8143326143044],[77.5943549016693,12.814510059193],[77.5943569100675,12.8146873834811],[77.5944348984986,12.8148626565295],[77.5946095639423,12.8150306970256],[77.5946565689424,12.8149892486853],[77.5946783561867,12.8149710733312],[77.594728897569,12.8149465513373],[77.5948413147179,12.8150990710708],[77.5953093050722,12.8154492775401],[77.5958763515971,12.8155697221771],[77.5962047654959,12.8156274740494],[77.5965516165621,12.8156885262472],[77.5968168927224,12.8155472155837],[77.5970936413756,12.8153973776818],[77.5971631840371,12.8150175320669]]]}},{"type":"Feature","properties":{"kgisWetlandId":2483,"wetlandCode":"1202","wetlandClass":"Tank/Pond","forestBeatId":2550,"areaM2":106829,"shapeAreaM2":106984.2,"shapeLengthM":1448.5,"labelPoint":[77.778532,12.813685],"source":"kgis-wetlands"},"geometry":{"type":"Polygon","coordinates":[[[77.7786656259793,12.8117058764407],[77.7784579866708,12.8116313270045],[77.7782265975271,12.811633707399],[77.777866278591,12.811637912378],[77.7777372064842,12.8116143273031],[77.7775810924941,12.811489237909],[77.7773983661091,12.8113400089695],[77.7773418084143,12.8113137719947],[77.7773346118669,12.8112618573508],[77.7771973888685,12.8112213737726],[77.7770811190903,12.8112225658619],[77.7769857463159,12.8112552700853],[77.7768387955119,12.8113289133783],[77.776693167991,12.8114336087517],[77.7766406759087,12.8115174706403],[77.7766015877731,12.8117345347967],[77.7766345117582,12.811858595392],[77.7766779631133,12.8120125306038],[77.7767743707075,12.8121661787423],[77.7768292251579,12.812300286689],[77.7768506340885,12.8124238445696],[77.7768110880238,12.8125584629604],[77.7767584791193,12.812621430519],[77.7766750776324,12.8127365204203],[77.7766344480246,12.8128835672969],[77.7773279426254,12.8133762117503],[77.7773858899381,12.8134453597497],[77.7775635510049,12.8139255425418],[77.7778570689098,12.8143299920847],[77.7782396446106,12.8148079366913],[77.7786231038251,12.8152373113669],[77.7789287357216,12.8155423020879],[77.7791452461319,12.8157619363794],[77.7793726561046,12.8158713921447],[77.7796247699246,12.8158688975443],[77.7799508823939,12.815716351675],[77.7802748163003,12.8153797186847],[77.7803215838864,12.8150948461588],[77.7803041418172,12.8146505039801],[77.7800362857563,12.8143069098451],[77.7793320111304,12.8133264123448],[77.779201547435,12.8128459747648],[77.779121199476,12.812475387776],[77.7789784881091,12.8120695597711],[77.778902957933,12.8119440356218],[77.7789016564496,12.8119169362363],[77.778859754386,12.8118347133705],[77.7788181617509,12.8118083954751],[77.7787950553369,12.8117938386481],[77.7787271340503,12.8117942055719],[77.7786656259793,12.8117058764407]]]}},{"type":"Feature","properties":{"kgisWetlandId":2485,"wetlandCode":"1202","wetlandClass":"Tank/Pond","forestBeatId":2296,"areaM2":50600,"shapeAreaM2":50649.4,"shapeLengthM":930.7,"labelPoint":[77.465906,12.818869],"source":"kgis-wetlands"},"geometry":{"type":"Polygon","coordinates":[[[77.4670238129569,12.8189654770804],[77.4669210535738,12.8186343843594],[77.4666426818377,12.8181650966557],[77.4665021951212,12.8178957229717],[77.4663068324701,12.8177169477952],[77.4661829814127,12.8175666730785],[77.4661656275261,12.8175475446549],[77.4661205156007,12.8174997275863],[77.4659935529923,12.8174285366712],[77.4658999997244,12.8173617226535],[77.465730316939,12.817529048725],[77.4656833615766,12.8175874201949],[77.4656430558596,12.817851908175],[77.4654597226416,12.8185897228105],[77.4653903483374,12.8187888187634],[77.4652949364416,12.8188248024572],[77.4651878602158,12.8188258188252],[77.4650552055755,12.8187698998565],[77.4648639218886,12.8187351252549],[77.4648397984713,12.8187482166379],[77.4648170735365,12.8188183452801],[77.4648186304322,12.8189120930785],[77.4648192358457,12.8190521563464],[77.4648452731074,12.8192152687005],[77.4649671296259,12.8194367143973],[77.4651927456407,12.8199547975076],[77.4654014789349,12.8202961754343],[77.4656709980031,12.8203165003609],[77.4657791728224,12.8203030535422],[77.4659322258354,12.8202832045099],[77.4661392125685,12.8202213353767],[77.4663231399647,12.8201522192622],[77.4666693104602,12.8200586976754],[77.4669406217807,12.8199609745264],[77.4670323384362,12.8198696569526],[77.4670926761505,12.8197112625192],[77.4671067924319,12.8195146589191],[77.4670238129569,12.8189654770804]]]}},{"type":"Feature","properties":{"kgisWetlandId":2489,"wetlandCode":"1202","wetlandClass":"Tank/Pond","forestBeatId":2366,"areaM2":62186,"shapeAreaM2":62254.0,"shapeLengthM":1155.4,"labelPoint":[77.549219,12.81906],"source":"kgis-wetlands"},"geometry":{"type":"Polygon","coordinates":[[[77.5514602062221,12.8194542202131],[77.551098220965,12.8193575959756],[77.550786182097,12.819107692611],[77.5506867755183,12.8187777551204],[77.5506752720771,12.818780066646],[77.5503940909949,12.8187276909943],[77.5503697075152,12.8186837495265],[77.5502803232508,12.8185277159054],[77.5502046350426,12.8183456387657],[77.5501277059657,12.8181443658119],[77.5500501777807,12.8180616973252],[77.5499726476357,12.8179784632519],[77.5493063860185,12.8180611203264],[77.548457179452,12.8181705829472],[77.5477626009147,12.8183538928433],[77.5476378338016,12.818758831993],[77.5476401626442,12.8190118369828],[77.5478236014793,12.8193385715807],[77.5482915341844,12.8196871706109],[77.5486018311348,12.8198105772869],[77.5490421088304,12.8199068499439],[77.5492988568597,12.8199045552271],[77.5496069449567,12.8198009341353],[77.5497338014896,12.8195976065662],[77.5498102370971,12.8194459025538],[77.5499391832683,12.8194441869338],[77.5501991763922,12.8196440640646],[77.5503304494143,12.8198942242904],[77.5504345437007,12.819994844365],[77.5506412223929,12.8201192840772],[77.5507966526815,12.8201180130766],[77.5511570206849,12.8201146815013],[77.5514667292478,12.8201115798866],[77.5515162053249,12.819857773921],[77.5515143499928,12.8197069900522],[77.5514602062221,12.8194542202131]]]}},{"type":"Feature","properties":{"kgisWetlandId":2492,"wetlandCode":"1202","wetlandClass":"Tank/Pond","forestBeatId":2296,"areaM2":303123,"shapeAreaM2":303423.3,"shapeLengthM":2527.3,"labelPoint":[77.479227,12.817224],"source":"kgis-wetlands"},"geometry":{"type":"Polygon","coordinates":[[[77.4811794271996,12.8135048685457],[77.4808060718575,12.8134347384058],[77.4803802953117,12.8137505759856],[77.4800876388714,12.8139664427303],[77.4795629760751,12.8140505768989],[77.4790394607945,12.8141335761942],[77.4784825794918,12.8142223641625],[77.4781129011748,12.814466231882],[77.4779670515771,12.8148153233368],[77.4771986730296,12.8149863397171],[77.4768945257926,12.8152084656676],[77.4768423290616,12.8156469571866],[77.4768754473595,12.8161116298339],[77.4770449757515,12.8164373507203],[77.4775522159378,12.8168435246765],[77.4778075502907,12.8173066845774],[77.477812124965,12.8178256983977],[77.4775378357803,12.8182933767877],[77.4771515043742,12.8186802047748],[77.476709113599,12.8191491633359],[77.4765189903291,12.8196435913605],[77.476524837492,12.8201908393618],[77.4766681288603,12.8205720201615],[77.4770057655185,12.8208975882527],[77.4775083592431,12.8210292979077],[77.4779550903228,12.8210251326638],[77.4788195252807,12.8209615768732],[77.4794553447778,12.8204906583227],[77.4795901977191,12.8199970294322],[77.4798876555769,12.8190367627185],[77.4798287708044,12.8187371149869],[77.4798262966342,12.8184355339626],[77.4798503101915,12.8181349681017],[77.4801262271323,12.8177768483567],[77.4803748658505,12.817500172876],[77.4807889419148,12.8171403314187],[77.4812631796093,12.8171089350909],[77.481763053369,12.8168848375085],[77.4821238573971,12.816717812803],[77.482370985939,12.8163598131675],[77.4823652507771,12.8158408056254],[77.4823040065949,12.8152666870811],[77.4819658891284,12.8148315600082],[77.4816558875717,12.8145058799484],[77.4813519892889,12.8139966180537],[77.4811794271996,12.8135048685457]]]}},{"type":"Feature","properties":{"kgisWetlandId":2500,"wetlandCode":"1202","wetlandClass":"Tank/Pond","forestBeatId":2296,"areaM2":26683,"shapeAreaM2":26708.7,"shapeLengthM":840.6,"labelPoint":[77.454571,12.822789],"source":"kgis-wetlands"},"geometry":{"type":"Polygon","coordinates":[[[77.4539546553438,12.8215071110123],[77.4537354913281,12.8214154013669],[77.4537015787637,12.8215623872049],[77.4536317173135,12.821650219988],[77.4534559247136,12.8217379307823],[77.4532973330902,12.8218091903092],[77.4531837521408,12.821905113659],[77.4531141139194,12.8220449054821],[77.4531329399572,12.8221391453032],[77.4531863494758,12.8222428431806],[77.4532580344792,12.8223120128182],[77.4534901303671,12.8224657948727],[77.453799074642,12.8225497871986],[77.4539871701983,12.8226461443259],[77.4541569788459,12.8227742061324],[77.45432571259,12.822919781037],[77.4544335683833,12.823100060443],[77.4545226707591,12.8232030443091],[77.4545865212511,12.8233247700135],[77.4548729042022,12.8237861313928],[77.4550884550721,12.8241088510427],[77.4552073007263,12.8241665275439],[77.4552752351583,12.8241662436454],[77.4553267598346,12.8240988189512],[77.4553675325941,12.8239405082581],[77.4553389292716,12.8237147148034],[77.4553116638903,12.823532403891],[77.4552778797685,12.8234410499158],[77.455173007219,12.8231511891464],[77.4550857603986,12.8229437138735],[77.4549826847938,12.8228040788656],[77.4548704960447,12.8226876366854],[77.4547165757728,12.8225058549011],[77.4546551608311,12.8224151815982],[77.4545948255439,12.8223075596985],[77.4545676314082,12.8221416262158],[77.4545073382059,12.8217753337894],[77.4544572997827,12.8216524201104],[77.4544087109158,12.8215989681],[77.4543106935792,12.8215649263077],[77.454150533896,12.8215390505345],[77.4540410708864,12.8215208694315],[77.4539546553438,12.8215071110123]]]}},{"type":"Feature","properties":{"kgisWetlandId":2503,"wetlandCode":"1202","wetlandClass":"Tank/Pond","forestBeatId":2295,"areaM2":510155,"shapeAreaM2":510775.7,"shapeLengthM":4270.3,"labelPoint":[77.630308,12.819755],"source":"kgis-wetlands"},"geometry":{"type":"Polygon","coordinates":[[[77.629590760256,12.8215237904421],[77.6308646202135,12.8204598364393],[77.6309447931044,12.8208372668651],[77.6312045913967,12.8209862309859],[77.6317205021104,12.8210068836524],[77.6320807310264,12.820977463473],[77.6323785560141,12.820902034966],[77.6329431727383,12.8209924780739],[77.632983855551,12.8210696516622],[77.6330091956979,12.8210717874389],[77.6332165420904,12.8210922403503],[77.6335250900981,12.821089047035],[77.6339902158762,12.8210845287215],[77.6342469539222,12.8210815861782],[77.6343237145975,12.8210055362847],[77.6343218076082,12.8208541915271],[77.6342948194055,12.8207526685353],[77.6341135635316,12.8206541536999],[77.6338036111184,12.8206065254926],[77.6334697352039,12.8206098426136],[77.6332625017141,12.820611978656],[77.6331333017004,12.8205623432937],[77.6331313954881,12.8204109992872],[77.6331293665675,12.8202353708363],[77.6331265756774,12.8199066993283],[77.6331500369853,12.8197631380907],[77.6332555211223,12.819905509231],[77.6336445158983,12.8201035407004],[77.6338759267088,12.8201012869239],[77.6339524298087,12.8199738461597],[77.6340018248876,12.819720596957],[77.6340522293085,12.8196695250856],[77.6341567283589,12.8198452191447],[77.6342883375501,12.820146721483],[77.6346498444054,12.8201432702194],[77.6346993660157,12.8199154346574],[77.6346954228065,12.8195873324889],[77.6344352471476,12.819362697392],[77.634303388035,12.8190109332662],[77.6340886653832,12.8182049469588],[77.6340820528795,12.817572457717],[77.634077671752,12.8171562575839],[77.6340758264905,12.8170173368348],[77.6342769534393,12.8164849280643],[77.6344267805413,12.8160544244904],[77.6342453959418,12.8159293661962],[77.6341682613426,12.8159303058416],[77.6338132411148,12.8165402682739],[77.6335325638159,12.8168206195477],[77.633405526814,12.8169731543845],[77.6332123492891,12.817022661642],[77.6330458050113,12.8171030998595],[77.632736241145,12.8171322751536],[77.632195138702,12.8171377255831],[77.6317311733125,12.8171427996333],[77.6314477029289,12.8170944763456],[77.6313868297399,12.8168931550175],[77.6309355273535,12.8168976012941],[77.6307485138584,12.8167979827706],[77.6301032964782,12.8167039710339],[77.6300457333801,12.8167048149783],[77.6299473687562,12.8166042008968],[77.6296621232509,12.8164305084858],[77.6293249465138,12.8162322179497],[77.6288853039922,12.8160344234427],[77.6285739524523,12.8159359690198],[77.6283910458702,12.8159673513801],[77.6284565890563,12.8164137533126],[77.628340199366,12.8170875015664],[77.628167280287,12.8175068187929],[77.6279956798856,12.8179600164715],[77.6278236177264,12.8185521441489],[77.6274035122209,12.819043251632],[77.6266321429119,12.819746143489],[77.6259646777986,12.8202745878668],[77.624697258615,12.821016579488],[77.6236729953015,12.8213394754702],[77.6230033330049,12.8216589650491],[77.6226869541796,12.8219411718709],[77.6226574671374,12.8224970313424],[77.6227335585758,12.8229823524516],[77.6228076388089,12.8232943047532],[77.6231646049374,12.8235348635456],[77.6237669144979,12.8235635856696],[77.6242976713064,12.8235582018682],[77.6253237820288,12.8233742235976],[77.626099708301,12.8231225495506],[77.6272655862909,12.8227983943741],[77.6289234657068,12.82208612671],[77.629590760256,12.8215237904421]]]}},{"type":"Feature","properties":{"kgisWetlandId":2509,"wetlandCode":"1202","wetlandClass":"Tank/Pond","forestBeatId":2295,"areaM2":180549,"shapeAreaM2":180764.7,"shapeLengthM":2121.8,"labelPoint":[77.61378,12.822386],"source":"kgis-wetlands"},"geometry":{"type":"Polygon","coordinates":[[[77.6132871748426,12.8256871284869],[77.6134931266303,12.8256573409013],[77.6135412835643,12.8253820756518],[77.6134872074376,12.8251558668188],[77.6134340283944,12.8248776972788],[77.6134320103295,12.8247015023704],[77.613507498202,12.8245989216956],[77.6136629281636,12.8245976129729],[77.6137670468597,12.82469820543],[77.6139481758849,12.8247718867576],[77.6142320939142,12.824675649483],[77.6142503161794,12.8244010912264],[77.614263579278,12.8240542681606],[77.6142951777085,12.8239242232083],[77.6144098778282,12.8238350080256],[77.6144776150963,12.8237957145287],[77.6145533166211,12.8235028096535],[77.6147838651212,12.8233243731242],[77.6149106669398,12.8231210192242],[77.6150107379848,12.8228669642276],[77.6150317753902,12.822462499257],[77.6152604198437,12.8221315871411],[77.6154347394296,12.8215236403732],[77.6154299544268,12.8210193378189],[77.6154324571847,12.8201241889793],[77.6154334434929,12.8193888727127],[77.615426761171,12.8192008424977],[77.6153081771893,12.8192019740248],[77.615179231177,12.8192031561507],[77.6151279159753,12.8193039281737],[77.6149509602791,12.8196097434631],[77.6146176993964,12.8197384091385],[77.6143600561647,12.8197915999523],[77.6141541000541,12.8198196934494],[77.6138962080602,12.8198220557156],[77.6135876585645,12.8198252266006],[77.6131762447268,12.8197481278007],[77.6130702254025,12.8197288677396],[77.6125093492811,12.819461030009],[77.6124613174705,12.8195273366196],[77.6123073634843,12.8195941480408],[77.6122191412549,12.8196821071089],[77.6121875016574,12.8198042446168],[77.6123252944664,12.8199634127542],[77.6125064266498,12.8200382250536],[77.6126837225025,12.8202700563976],[77.6127079088721,12.8205060090627],[77.6127291623811,12.8210825228792],[77.6127058237466,12.8214881287628],[77.612662524704,12.8218147644497],[77.6126187375859,12.8220420059099],[77.6124980068747,12.8223097114461],[77.6124005580888,12.8226292639021],[77.6122684712749,12.8229292155011],[77.6121936777581,12.8231729825707],[77.6119947596047,12.8234625230339],[77.6118888067061,12.823691755409],[77.6118824918632,12.8238126430557],[77.6119036659581,12.8239040324751],[77.6118776998443,12.8240092014329],[77.6118794727462,12.8241356976262],[77.611827789554,12.8241619228034],[77.6118155239071,12.8242433065146],[77.6117787404278,12.8244902807401],[77.6117986729436,12.8247979775061],[77.6118098830189,12.8249707386029],[77.6119162614646,12.8252972241657],[77.6120472311588,12.8254728018488],[77.6122999664404,12.8255913218725],[77.6122425648544,12.8256254828305],[77.6123072739354,12.8256726122354],[77.6124880320559,12.8256706187089],[77.6127194491332,12.8256683834901],[77.6128749998114,12.825691359031],[77.6130810873496,12.8256892442912],[77.6132871748426,12.8256871284869]]]}},{"type":"Feature","properties":{"kgisWetlandId":2512,"wetlandCode":"1202","wetlandClass":"Tank/Pond","forestBeatId":2372,"areaM2":52472,"shapeAreaM2":52546.7,"shapeLengthM":945.3,"labelPoint":[77.758423,12.823467],"source":"kgis-wetlands"},"geometry":{"type":"Polygon","coordinates":[[[77.7591941492643,12.8246652845906],[77.75937319482,12.8245632416681],[77.7593713481937,12.8244367538828],[77.7593651517201,12.8243565957991],[77.7594536889942,12.8241262795348],[77.759522508972,12.8238695273884],[77.7596372857247,12.8235950228646],[77.7596968950839,12.8233383195483],[77.759694527772,12.8231169593737],[77.7596287014028,12.8228705258501],[77.7595194169719,12.8226774078747],[77.7593829894137,12.8225730976973],[77.7591838212372,12.8225747248499],[77.7589663418682,12.822596216812],[77.758748706581,12.8225894711494],[77.7583721644616,12.8225779258001],[77.7575532338763,12.8225145263867],[77.7568715966742,12.8227135547687],[77.7566728423774,12.822790850716],[77.7565051090179,12.8228561230685],[77.7565886295555,12.8229703175873],[77.7574838730951,12.8237228439631],[77.7585027531206,12.8245554635001],[77.7585478608827,12.8245930601502],[77.7588429348672,12.8246541692982],[77.7589026459376,12.8246256151106],[77.7591941492643,12.8246652845906]]]}},{"type":"Feature","properties":{"kgisWetlandId":2518,"wetlandCode":"1202","wetlandClass":"Tank/Pond","forestBeatId":2295,"areaM2":55968,"shapeAreaM2":56033.7,"shapeLengthM":1174.8,"labelPoint":[77.606829,12.826664],"source":"kgis-wetlands"},"geometry":{"type":"Polygon","coordinates":[[[77.6084608095604,12.8278545486809],[77.6085410157358,12.8277745359227],[77.6086841654744,12.8276162862125],[77.6087069214702,12.8275608316498],[77.6087066501554,12.8275054864126],[77.6086776949881,12.8274706104042],[77.6085254867947,12.8274250252393],[77.6083881673988,12.8273629924583],[77.6081618157565,12.8272245752175],[77.6080562756829,12.8270686401541],[77.6079265507044,12.8269116919481],[77.6077363469874,12.8263952810699],[77.6076158936141,12.8260152089664],[77.6076022065399,12.8258063145255],[77.6076976507556,12.8257815747742],[77.6077925590196,12.8256472763657],[77.6078797143657,12.8255757016751],[77.6080085479449,12.8255508040046],[77.6082031603414,12.8255566532962],[77.6083096421581,12.8254347235636],[77.6084620304393,12.825282078639],[77.6084618583244,12.8252470641695],[77.6078336894748,12.8253466301092],[77.6070018058306,12.8256984801182],[77.6063282085258,12.826162526075],[77.6059208276922,12.8264417590417],[77.605726116163,12.8268871488199],[77.6056117451468,12.827280198356],[77.6058751067704,12.8276883944081],[77.6062491706648,12.8278950109626],[77.6066766001156,12.8279483231533],[77.607333603302,12.8278570941376],[77.6075758023139,12.8279400890627],[77.6075884280982,12.8279321219783],[77.6077182825425,12.8278801110862],[77.6078873462753,12.8278409020844],[77.6080358036787,12.8278260760754],[77.6081924540306,12.8278383186569],[77.6082778355135,12.82787462225],[77.6083657855176,12.8279651289058],[77.6084608095604,12.8278545486809]]]}},{"type":"Feature","properties":{"kgisWetlandId":2519,"wetlandCode":"1202","wetlandClass":"Tank/Pond","forestBeatId":2367,"areaM2":49573,"shapeAreaM2":49624.4,"shapeLengthM":968.2,"labelPoint":[77.504624,12.827688],"source":"kgis-wetlands"},"geometry":{"type":"Polygon","coordinates":[[[77.5057216516893,12.8264750029183],[77.5054665290255,12.8263287126583],[77.5049957807714,12.8263703053317],[77.5048331243667,12.826559086789],[77.5044688645372,12.8269814357913],[77.5039494669319,12.8272158275003],[77.5035254457719,12.8274074443483],[77.5034973570868,12.8278198517343],[77.5034746592038,12.8281503452172],[77.5037549831432,12.8285241325362],[77.5039912828006,12.8288376797025],[77.5043260479744,12.8292829535946],[77.5048081450097,12.8292034722559],[77.5050637370886,12.8286838918685],[77.5050525902547,12.8282530171866],[77.5053799864489,12.8278263096388],[77.5060880608226,12.8275566387249],[77.5059083077214,12.827271649003],[77.5055824409601,12.8267563054224],[77.5057216516893,12.8264750029183]]]}},{"type":"Feature","properties":{"kgisWetlandId":2523,"wetlandCode":"1202","wetlandClass":"Tank/Pond","forestBeatId":2295,"areaM2":70661,"shapeAreaM2":70751.0,"shapeLengthM":1094.1,"labelPoint":[77.667886,12.826826],"source":"kgis-wetlands"},"geometry":{"type":"Polygon","coordinates":[[[77.6682013622045,12.8280239035915],[77.66836941944,12.8280151579265],[77.668551328575,12.8280136847415],[77.6686837270832,12.8280118948532],[77.6688494421987,12.8279958190466],[77.6689980364636,12.8280086295798],[77.6691890691691,12.8279901680286],[77.6693015500687,12.827921271924],[77.6693185536291,12.8278692308879],[77.6693385350013,12.8277245563821],[77.6692806796373,12.8272205293606],[77.6692031384391,12.826470372136],[77.6692009773689,12.8262738518261],[77.6691987730263,12.8260688608331],[77.6691810218123,12.8259752020265],[77.6691444945426,12.8258127381276],[77.669108279614,12.8257106999328],[77.6689670766773,12.8255673948397],[77.6688274170206,12.8255003240068],[77.6685614181812,12.8254937460691],[77.6683002508275,12.8255311935961],[77.6680312410676,12.8256110354687],[77.6678064613571,12.8257838400295],[77.667703678252,12.8259475638414],[77.6675820328095,12.8260255400736],[77.6674428980437,12.826060684055],[77.6674140974309,12.8260574395654],[77.6672862321038,12.8260450887577],[77.6671201387695,12.825987182778],[77.6669540423241,12.8259287138952],[77.6667881274779,12.8259058214547],[77.6666223819257,12.8259156842921],[77.6664315230519,12.8259680274038],[77.6662928274482,12.8260890096755],[77.6662339277654,12.8262784927052],[77.6662281133851,12.8264919950992],[77.6662818602402,12.8266447731857],[77.666422980761,12.8267722667925],[77.6666411422013,12.8268801744275],[77.6668648912783,12.8269547341394],[77.6669388895583,12.8270153580617],[77.6669779634909,12.8272258120777],[77.666972046111,12.8274189854122],[77.666982253402,12.8276132065571],[77.6670130712846,12.8277852994581],[77.6671094758642,12.8279491589595],[77.6672494104145,12.828069881248],[77.6674039816048,12.8281255839169],[77.6676158921918,12.8281369512211],[77.6679313181045,12.8281269058266],[77.6682013622045,12.8280239035915]]]}},{"type":"Feature","properties":{"kgisWetlandId":2524,"wetlandCode":"1202","wetlandClass":"Tank/Pond","forestBeatId":2372,"areaM2":186058,"shapeAreaM2":186303.6,"shapeLengthM":2018.7,"labelPoint":[77.69414,12.825334],"source":"kgis-wetlands"},"geometry":{"type":"Polygon","coordinates":[[[77.695398611166,12.8226736027987],[77.695296012388,12.8226487124889],[77.6951993398268,12.8226565458007],[77.6950950653069,12.8227513889044],[77.6949810942229,12.8229733478963],[77.6948954243261,12.8233233567028],[77.6948284795337,12.8235111918556],[77.6947143736927,12.8237077375235],[77.6941964540581,12.8241830597344],[77.6938347790668,12.82437408808],[77.6933386509873,12.8246138027282],[77.6929781976357,12.8248183782062],[77.6923474740541,12.8250802362276],[77.6921496656995,12.8251230318184],[77.6919934016985,12.8251842534721],[77.691788962736,12.8252801685211],[77.6916594265544,12.8253886927002],[77.6915398032981,12.8256315732648],[77.691459044646,12.8258206065328],[77.6914126518666,12.8259761456299],[77.6914214035996,12.8261088156078],[77.691470119832,12.8261774658257],[77.6917029950232,12.8262350146259],[77.692032477779,12.8262723082231],[77.6922861084941,12.8263359638952],[77.6924510645378,12.8263955519524],[77.6927996160985,12.8265564245388],[77.6930104031503,12.8265734235288],[77.6932616469583,12.8266207135408],[77.6938142736665,12.8268358909808],[77.6941428842017,12.8269262703556],[77.6944933699058,12.8270165388149],[77.6953850223774,12.8275513214041],[77.6958893788087,12.8280022359084],[77.6961582646193,12.8281200245633],[77.696363234541,12.8281251918334],[77.6965957593198,12.8281155345555],[77.6967451089771,12.8280532156384],[77.6969561066794,12.8278906253485],[77.6971942647493,12.8274184172481],[77.6975390120029,12.8270732975162],[77.6978078619568,12.8265263885199],[77.6979221495503,12.8263648546649],[77.6979201852165,12.8262101259429],[77.6978713411724,12.8261171940644],[77.6977755326092,12.8260702444996],[77.6975622289515,12.8260125998221],[77.6971243041219,12.8257149588045],[77.6966565563981,12.8254383643291],[77.6964551395225,12.8252321323569],[77.6962271035816,12.8249994929402],[77.6957654484372,12.8243473142247],[77.6956641188678,12.8239056405901],[77.6955520937444,12.82296083744],[77.6955157012756,12.8228271803349],[77.6954667840857,12.8227201286836],[77.695398611166,12.8226736027987]]]}},{"type":"Feature","properties":{"kgisWetlandId":2526,"wetlandCode":"1202","wetlandClass":"Tank/Pond","forestBeatId":2372,"areaM2":118922,"shapeAreaM2":119077.6,"shapeLengthM":1524.2,"labelPoint":[77.687486,12.826521],"source":"kgis-wetlands"},"geometry":{"type":"Polygon","coordinates":[[[77.687057055121,12.8281849127264],[77.6874426193352,12.8281569814901],[77.6876947555783,12.8281545753394],[77.6878884210241,12.8281999027258],[77.6881889700895,12.8282079787706],[77.6883455491332,12.8282066208651],[77.6886345254605,12.8282034611048],[77.6888380657132,12.8281549908406],[77.689018451724,12.8280823543644],[77.6891373869665,12.827927577157],[77.6891463281235,12.8276553271001],[77.6891071714215,12.8274324538171],[77.6890444237469,12.8271018336618],[77.6890631782889,12.8267239268264],[77.6892985404059,12.8261546051466],[77.689392925247,12.8259287953185],[77.6894970618602,12.8255860353251],[77.6895647651183,12.825101143608],[77.6895626532834,12.8249170491887],[77.6895923699507,12.8248751074312],[77.6896112471691,12.8247417335033],[77.6896093010973,12.8245892638129],[77.6895743076899,12.8245024719275],[77.6895326218087,12.824456939018],[77.6894450501264,12.8244438290461],[77.6893094768549,12.8244987314951],[77.6891545405653,12.8245938291376],[77.6889594817668,12.8247224496692],[77.6886954496101,12.8248717502892],[77.6883326378674,12.8252875438186],[77.6881516022401,12.8254561893132],[77.6879292227179,12.8256448103242],[77.6877847115607,12.8257522782595],[77.6876906879583,12.825826735234],[77.6875410916248,12.8258421761484],[77.6873842023692,12.825783673011],[77.6872099110143,12.8256998452341],[77.687203027246,12.8257043981933],[77.6870371738937,12.8256933787613],[77.6869082306886,12.8256951604203],[77.6868000797466,12.8257098275951],[77.6866379870204,12.8257575208944],[77.6865702670669,12.8257979601143],[77.6865508532531,12.825828554645],[77.6865074496517,12.825895413127],[77.6864316300977,12.8261493663004],[77.6860148121349,12.8263655120678],[77.6856330256679,12.8266763568279],[77.685350147685,12.827187748756],[77.6852687842695,12.8274829545648],[77.6853086191903,12.8278368460132],[77.6854321329372,12.8281191564955],[77.6856748864073,12.8283048573781],[77.6861091770664,12.8283478387693],[77.6865292827066,12.8283202992118],[77.687057055121,12.8281849127264]]]}},{"type":"Feature","properties":{"kgisWetlandId":2527,"wetlandCode":"1202","wetlandClass":"Tank/Pond","forestBeatId":2550,"areaM2":81000,"shapeAreaM2":81119.9,"shapeLengthM":1190.4,"labelPoint":[77.799357,12.82569],"source":"kgis-wetlands"},"geometry":{"type":"Polygon","coordinates":[[[77.8000728663532,12.8273544573562],[77.8002496108916,12.8272557904029],[77.8003284383302,12.8271474960924],[77.8004531536823,12.8268062864082],[77.8005174558757,12.8263688439258],[77.800551716027,12.8259123647058],[77.8005682048265,12.8247562999802],[77.8005654084842,12.8244654858647],[77.8005538923395,12.8242611222933],[77.8004621221798,12.8241164938452],[77.8003625164048,12.8240114394624],[77.8001942720409,12.82398412835],[77.8000261897868,12.8239856154397],[77.7999078883112,12.8240353957349],[77.7997211116163,12.824192283003],[77.7996032503506,12.8243199919894],[77.799484038915,12.8244126951158],[77.7993757588493,12.8244025606979],[77.7991514087726,12.8244297692736],[77.7989779915832,12.8245058279849],[77.7988354962575,12.8245529171401],[77.7987353865046,12.8245625022288],[77.7985310418937,12.8246664010711],[77.7983870500806,12.8246525093631],[77.7981562674152,12.8245600317365],[77.7981331788869,12.8245488642751],[77.7979611428186,12.8244617128993],[77.7978228279858,12.8244336706579],[77.7977100639694,12.8244450187142],[77.7976136675026,12.8245003244145],[77.797573882356,12.824590897801],[77.7975653223613,12.8247061468494],[77.7976226108735,12.8248611296706],[77.7976945891634,12.8249669020818],[77.7978756843637,12.8252313257005],[77.7980570043732,12.8255352780758],[77.7981429342608,12.8256652566676],[77.7981754479757,12.8257142083811],[77.7984332687375,12.8261092245848],[77.7986012523123,12.8264979570986],[77.7986140149078,12.8265153940799],[77.7987216838153,12.8268248316651],[77.798791688716,12.8269887802464],[77.7988823088481,12.8271334151646],[77.7989936004939,12.8272689006836],[77.7991124524272,12.8273162496649],[77.7992714351666,12.8273340124242],[77.7994498770725,12.8273319028459],[77.799706768947,12.8273581620653],[77.7998656423357,12.8273567249851],[77.8000728663532,12.8273544573562]]]}},{"type":"Feature","properties":{"kgisWetlandId":2528,"wetlandCode":"1202","wetlandClass":"Tank/Pond","forestBeatId":2550,"areaM2":41078,"shapeAreaM2":41137.5,"shapeLengthM":782.9,"labelPoint":[77.78179,12.827183],"source":"kgis-wetlands"},"geometry":{"type":"Polygon","coordinates":[[[77.7815024901639,12.8261885989605],[77.7812374480916,12.826145987934],[77.7809741259488,12.8262050177461],[77.7808841164357,12.8263743575831],[77.7808788707051,12.8264658703563],[77.7808357321627,12.8265756598473],[77.7807229105038,12.8267835236528],[77.7806301213567,12.8270737278514],[77.7805504512528,12.8274457467182],[77.7806202141256,12.8277746001547],[77.7807120505502,12.8279327892519],[77.7808636229058,12.8280669357492],[77.7810560463217,12.8280941279101],[77.7812782772341,12.8280985705484],[77.7814819485781,12.8280782652655],[77.781650854382,12.8280174889099],[77.7819426514397,12.8279029612786],[77.7823430843614,12.8276557006607],[77.7826768504899,12.8274285659345],[77.7828925327301,12.8272912967157],[77.7830696568913,12.8270531532484],[77.7831220236189,12.8269467020459],[77.7831271870951,12.826840505957],[77.7830898854575,12.8267582593525],[77.7829326224081,12.8266360033953],[77.7826557693763,12.8265398105541],[77.7824020321476,12.8264598671953],[77.7821279979963,12.8264562726516],[77.7820206545263,12.8264077239022],[77.7815024901639,12.8261885989605]]]}},{"type":"Feature","properties":{"kgisWetlandId":2533,"wetlandCode":"1202","wetlandClass":"Tank/Pond","forestBeatId":2372,"areaM2":29106,"shapeAreaM2":29148.0,"shapeLengthM":649.5,"labelPoint":[77.766136,12.829133],"source":"kgis-wetlands"},"geometry":{"type":"Polygon","coordinates":[[[77.7664681355084,12.828201622525],[77.7662563932274,12.8280118828866],[77.7659858850003,12.8280218043976],[77.7656844465935,12.8282685116675],[77.7655398225555,12.8285578620773],[77.7654198689786,12.8289363054982],[77.7653894026492,12.8292572316718],[77.765370330529,12.8295566380891],[77.7653373984902,12.8298482121939],[77.7653788554162,12.8298496836811],[77.7655354800234,12.8298573150071],[77.765944674081,12.8299420865006],[77.766249427071,12.8300867147759],[77.7665060258526,12.8300593602865],[77.7666462670976,12.8300190766223],[77.7668356464253,12.8297035086886],[77.7668708916268,12.8294141813355],[77.766895527621,12.8292886801514],[77.7668502276415,12.8290082559437],[77.7667378714386,12.8286773670222],[77.7666863763678,12.8285257320544],[77.7664750802058,12.8282083623039],[77.7664681355084,12.828201622525]]]}},{"type":"Feature","properties":{"kgisWetlandId":2536,"wetlandCode":"1202","wetlandClass":"Tank/Pond","forestBeatId":2372,"areaM2":1199854,"shapeAreaM2":1201498.5,"shapeLengthM":7600.8,"labelPoint":[77.728912,12.823316],"source":"kgis-wetlands"},"geometry":{"type":"Polygon","coordinates":[[[77.7371189621166,12.8311173287735],[77.7374088339999,12.8310672378843],[77.7376094884028,12.8311260453066],[77.737709883331,12.8311678719763],[77.7377975886498,12.8312052472602],[77.737842514383,12.8312095288762],[77.7380118384731,12.8312233216779],[77.7380942550894,12.8311342256365],[77.7381337441048,12.8309849290108],[77.7382383621388,12.8307432386237],[77.7383498161188,12.8304885238964],[77.7383529112946,12.8297837260397],[77.738304707808,12.82959931249],[77.7382729740269,12.8294797573858],[77.7381531844505,12.8292578836658],[77.7380858697867,12.8291588448322],[77.7379698158109,12.8289889069959],[77.7377463716533,12.8287608022564],[77.7367967208929,12.8281609670343],[77.7366556078687,12.828040856027],[77.7364277435428,12.8278466568864],[77.7361545415791,12.827571938068],[77.7346247838682,12.8263618425005],[77.733704959126,12.8253117483271],[77.7334952767593,12.8250722721968],[77.7327423217559,12.823793147147],[77.7325517666307,12.8234705542169],[77.7325191844004,12.8234063457937],[77.7323958554415,12.8231669805328],[77.7324517484806,12.8226426177532],[77.7324724539659,12.822211618897],[77.7324940344327,12.821729225639],[77.7326170650527,12.8212717140471],[77.7326667071153,12.8208693650475],[77.732765442929,12.8206039894539],[77.7329009145432,12.820532689093],[77.7330235384034,12.8204275716014],[77.7330360802745,12.8204049170874],[77.733093110049,12.8203052249046],[77.7331166235328,12.8201819911123],[77.7331211121884,12.8201605070412],[77.7331104050695,12.8200961841531],[77.7331020718473,12.8200454022025],[77.7330302271074,12.8199593740485],[77.7328337978503,12.8198282555286],[77.732751923289,12.8198038361534],[77.7325224638205,12.8197389637025],[77.7323349664381,12.8197698763237],[77.7321164120304,12.8198060338917],[77.7316858464927,12.8198105445279],[77.7316386039086,12.8198034507982],[77.731529131853,12.8197853873468],[77.7314784283288,12.8197766158826],[77.7313251673953,12.8197514398566],[77.7309318437245,12.819616267293],[77.7308415682718,12.8195280765635],[77.7305614556382,12.8192499987712],[77.7300796466407,12.81893118318],[77.7296804788152,12.8185650636157],[77.7294550213614,12.8183877865988],[77.7291525303251,12.8182295466215],[77.7290846440735,12.8182372431182],[77.7289868442966,12.8182484831376],[77.7288886131675,12.8183941321496],[77.7288730116194,12.8184902175524],[77.7288607352009,12.8185625671628],[77.7288090300106,12.8185820380208],[77.7287194099621,12.8186158248023],[77.7285144653229,12.8186135060361],[77.7284488391523,12.8186132845311],[77.7282767632226,12.8185142249223],[77.7281035325518,12.8184146062343],[77.727900508223,12.8181265225486],[77.727750855061,12.8179149637194],[77.7277227040971,12.8178179762033],[77.7276828431528,12.8176843427138],[77.7276757779526,12.8174404154581],[77.7276743180846,12.8173828200764],[77.7276307971362,12.8172108030481],[77.7275114383381,12.817066290157],[77.7273980599748,12.8169635350616],[77.7272605041809,12.8168609059607],[77.7271740298577,12.8168370733617],[77.7269296041364,12.8167717090283],[77.7267074446164,12.8169942423089],[77.7263285306681,12.817183708115],[77.7261999663591,12.8172549687299],[77.7259887565944,12.8173724046212],[77.7258176315664,12.8174506637135],[77.7257429766193,12.8174843720519],[77.7255511407345,12.8175649974574],[77.7255304637804,12.8175735768314],[77.7254301185084,12.8175396506032],[77.7252167401431,12.8174673458694],[77.7248328563435,12.8171587416392],[77.7245278511614,12.816745249221],[77.7242071041588,12.8164018662225],[77.723701073402,12.8158572708182],[77.7233483023528,12.8155530189571],[77.7232777462668,12.8154918306716],[77.7231530689975,12.815428663368],[77.7229051249589,12.815350889298],[77.7226702374277,12.815346462557],[77.7224675900341,12.8153429973115],[77.7218233961052,12.8154423471944],[77.721552171011,12.8155324191467],[77.7212178137025,12.8156578312161],[77.7206645037771,12.8157448477074],[77.7203501725543,12.8159554299591],[77.7203104047014,12.8160544637469],[77.7196529405273,12.8160409312086],[77.7189243083412,12.8160672970246],[77.7184518748384,12.816208104704],[77.7181791181669,12.8164433170185],[77.7181424616284,12.8166942484458],[77.7181447497774,12.8169077070496],[77.7182256280118,12.8171777953652],[77.7184067672185,12.8174660021128],[77.7186662920945,12.8177724366277],[77.719083436781,12.8180582903394],[77.7195179750179,12.8181509126003],[77.7202282916223,12.8181432767285],[77.720643943936,12.8183647542061],[77.7208749225497,12.8187148198195],[77.7209632971157,12.8188786988129],[77.7210981843465,12.819128741184],[77.7213310089662,12.8193929571148],[77.7214403381424,12.8196002114361],[77.7213407047059,12.8196995569511],[77.721151930054,12.8197073138295],[77.7209330367775,12.8196802135853],[77.7205666620002,12.8196324183191],[77.720247055577,12.8195024939623],[77.7199563836196,12.8194012198126],[77.719756223014,12.8194327533237],[77.7197342754495,12.8196350420274],[77.7199324041426,12.8198700738865],[77.7204521064042,12.8201717680641],[77.7207532282038,12.820289364515],[77.7210205973981,12.8203388036627],[77.7211701929912,12.820324472929],[77.7212323374098,12.8203196327497],[77.7214196178819,12.8202475034115],[77.721941700632,12.8201324106397],[77.7220947880939,12.8201254029201],[77.7222010712879,12.8201931836015],[77.722333428917,12.8204003181547],[77.7223599637952,12.8206260734827],[77.7224799017491,12.8208790147727],[77.7226933459759,12.8209631808214],[77.7231460972385,12.8210161720748],[77.7233577110398,12.8209732812258],[77.7236277628548,12.8208781308924],[77.7237271791022,12.8207381249458],[77.7239084622376,12.8206214103368],[77.7241804346374,12.8206702581768],[77.7246832724277,12.8210465765485],[77.724779697,12.8212081524401],[77.7249292897511,12.8214084189932],[77.7250017494743,12.821609651136],[77.7249267285409,12.8217901920637],[77.7249058761343,12.8219811798321],[77.7249779664177,12.822113516815],[77.7251857489532,12.8222152163815],[77.725359339246,12.8223814735225],[77.7254037423697,12.8225032245653],[77.725417395109,12.8226878210628],[77.725421246194,12.8229769434737],[77.7254064592477,12.8232255033232],[77.7252489816845,12.823487794768],[77.7250215462748,12.8240164396052],[77.7249258576901,12.8244224159865],[77.7248862187835,12.8247603324345],[77.7247215686193,12.8249735285159],[77.7246636354326,12.8253352592082],[77.7247899066366,12.8256949022946],[77.7253259261693,12.8260303848292],[77.7257788398484,12.8263267680306],[77.7262318615708,12.8266429163323],[77.7266026018419,12.8268589701628],[77.7269502894946,12.8268554628819],[77.7272355942631,12.8268127492553],[77.7277230590363,12.826466848365],[77.7281714086828,12.8263413962422],[77.7288840193898,12.8261140421845],[77.7295997842017,12.8260453582758],[77.7304383426311,12.8261166494387],[77.731339832417,12.8263287910969],[77.7321208614249,12.8266206214589],[77.732758532564,12.8270159823789],[77.7335651904788,12.8277899543956],[77.7339770968327,12.8281656009033],[77.7341684589129,12.8284232433062],[77.7341065457835,12.8284715708171],[77.7339767306632,12.8287382388758],[77.7339103260138,12.8290209528049],[77.7339116959964,12.8290616064432],[77.7339210108072,12.8292942259112],[77.7339677549772,12.8294221750564],[77.7339934616409,12.8294920671111],[77.7340730761711,12.8295238396591],[77.7341019263053,12.8295361122692],[77.7343390928223,12.8295337391096],[77.7344612931258,12.8293495599579],[77.7346231386204,12.8290443213958],[77.7346436520857,12.8290052467311],[77.7347804900715,12.8287600005502],[77.7350348092173,12.8285226093123],[77.7352427334893,12.8284356793136],[77.7353833443362,12.8284626132802],[77.7355850377103,12.8285010856905],[77.7357773757033,12.8287259682088],[77.7359198931771,12.8288929443211],[77.7362179938295,12.8293008084735],[77.7365809823473,12.8297845694383],[77.7368721344432,12.830184563466],[77.736905808106,12.8304503740705],[77.7368226686385,12.8306185355684],[77.7365794971785,12.8307881020591],[77.736528911485,12.8308019226278],[77.7363932539938,12.8308393421383],[77.7363829040327,12.83084165501],[77.7368381166726,12.8313463913723],[77.7369665065291,12.8312423712415],[77.7371189621166,12.8311173287735]]]}},{"type":"Feature","properties":{"kgisWetlandId":2538,"wetlandCode":"1202","wetlandClass":"Tank/Pond","forestBeatId":2366,"areaM2":43829,"shapeAreaM2":43878.4,"shapeLengthM":913.8,"labelPoint":[77.575911,12.832043],"source":"kgis-wetlands"},"geometry":{"type":"Polygon","coordinates":[[[77.5746953945134,12.8308986583897],[77.574612074967,12.8308109416652],[77.5746036337954,12.8309725025192],[77.5744801187115,12.8311487174871],[77.5744746145125,12.8314435489571],[77.5745979847286,12.831720274447],[77.5746444088452,12.8320391502007],[77.5747027804277,12.8324483329249],[77.5747038451941,12.832913691215],[77.5748006514945,12.8331730322858],[77.5749911100827,12.8332721120967],[77.5751959369628,12.8332451834079],[77.5754536940306,12.8332106652235],[77.5755463876122,12.8330905050059],[77.5756505224614,12.8329550446267],[77.5758871029468,12.8328263091898],[77.5762036086946,12.8327971662718],[77.5764943841252,12.8326845576935],[77.5768127443721,12.8325616544575],[77.5770242142069,12.8324793462858],[77.5771940107763,12.8323503560794],[77.5772175851706,12.8322237398303],[77.5771822019653,12.832047698503],[77.5770295640957,12.8319117362201],[77.5766846499092,12.8317783607018],[77.5766500465794,12.8317655322309],[77.5761018660945,12.8315032044356],[77.5752406055754,12.8312632256636],[77.5748481390595,12.8310572131258],[77.5746953945134,12.8308986583897]]]}},{"type":"Feature","properties":{"kgisWetlandId":2543,"wetlandCode":"1202","wetlandClass":"Tank/Pond","forestBeatId":2367,"areaM2":58220,"shapeAreaM2":58278.6,"shapeLengthM":953.6,"labelPoint":[77.488052,12.834431],"source":"kgis-wetlands"},"geometry":{"type":"Polygon","coordinates":[[[77.4879645856887,12.8356670278405],[77.4883743441557,12.8356291156245],[77.4885804805427,12.8356338748811],[77.4887451658121,12.8356393772848],[77.4889165530365,12.8355979745572],[77.4890243671999,12.8355020610054],[77.4890813895832,12.8353775646573],[77.4890957931789,12.835249862646],[77.4890275529293,12.8346610943487],[77.4889745501321,12.8341332560895],[77.4889374341519,12.8340724194054],[77.4888923568212,12.8337738464059],[77.488743754449,12.8334994408896],[77.4885091731848,12.833311252085],[77.4882171903241,12.8331617139984],[77.4879349218761,12.8331256556116],[77.487633335197,12.8331478511258],[77.4873632165227,12.8332557580123],[77.4871416241399,12.8334007307452],[77.4870561918397,12.8336106317017],[77.4870583969753,12.8338489577416],[77.4871315268763,12.8342422934268],[77.4870664048556,12.8346187160303],[77.4870417133082,12.8350243322578],[77.4870511748166,12.8350807689856],[77.4869955025718,12.8352504422412],[77.4869218890162,12.83552919449],[77.486901816426,12.8356772530261],[77.4869035309131,12.8358048856276],[77.4869178205775,12.8359115669285],[77.4870080215872,12.8359987201909],[77.4870910414223,12.8360243418951],[77.4872487610897,12.8360168852533],[77.4874189356289,12.8359613685253],[77.4875752293332,12.8358917926347],[77.4877531076417,12.8357560442765],[77.4879645856887,12.8356670278405]]]}},{"type":"Feature","properties":{"kgisWetlandId":2546,"wetlandCode":"1202","wetlandClass":"Tank/Pond","forestBeatId":2372,"areaM2":357499,"shapeAreaM2":357959.7,"shapeLengthM":3095.4,"labelPoint":[77.675236,12.831219],"source":"kgis-wetlands"},"geometry":{"type":"Polygon","coordinates":[[[77.6766777306871,12.8349221298426],[77.676809663043,12.8348294148507],[77.6768868120316,12.8346076472921],[77.6768680093023,12.8340887432516],[77.6768756154361,12.8335555883237],[77.6767304619985,12.8324268333793],[77.676727900719,12.8321540760469],[77.6767115899898,12.8318943763451],[77.6767094286074,12.8316989864982],[77.6767087585255,12.8315690987702],[77.6767473673062,12.8314649928403],[77.6768774101885,12.8312299704219],[77.6770344023794,12.8310851720732],[77.6773498707094,12.8308605127389],[77.6777714659535,12.8306742865824],[77.6783002702058,12.8305134985908],[77.6789343137084,12.8304425381188],[77.6795180354534,12.8304367745469],[77.6801783524157,12.8303255828475],[77.6807586856077,12.8301108791121],[77.6816659433592,12.8294393440519],[77.6819401718376,12.8290341704094],[77.682054095556,12.8285784145284],[77.6821019895917,12.8280450570364],[77.6820733555701,12.8276301166544],[77.6818472593228,12.8275476748676],[77.6812725051793,12.827504829153],[77.6806335302391,12.8275114399289],[77.6802245840299,12.8276930884517],[77.6796371837028,12.8278761993561],[77.6791455725891,12.8278809335913],[77.6787203370822,12.828029908032],[77.6777085309477,12.8285234998365],[77.6766446470494,12.8287434496476],[77.6760885614674,12.8287490673828],[77.6754819014951,12.8287713162472],[77.6750064079758,12.8287759611541],[77.6743660257892,12.828733995423],[77.6735301717797,12.8287427051677],[77.6729416105292,12.828925807894],[77.672633233833,12.8291865699964],[77.6725876861023,12.8295087018722],[77.6727379451338,12.8298445357662],[77.6728890286999,12.8301171147226],[77.6733085306919,12.8306413528049],[77.6733271977113,12.8306886983674],[77.67357396659,12.8312075889663],[77.6737595867497,12.8314788634401],[77.6741311472301,12.8323060431202],[77.6742068157193,12.8324666155494],[77.6746235267507,12.8331179313058],[77.6748768821882,12.8335735361315],[77.6754444569416,12.834452814003],[77.6756809402827,12.8347622349799],[77.6758079911789,12.8348389663491],[77.6759624676336,12.834875463166],[77.6761513111956,12.8348779025008],[77.6763665767746,12.8348689147216],[77.6766777306871,12.8349221298426]]]}},{"type":"Feature","properties":{"kgisWetlandId":2549,"wetlandCode":"1202","wetlandClass":"Tank/Pond","forestBeatId":2366,"areaM2":44135,"shapeAreaM2":44184.0,"shapeLengthM":1074.0,"labelPoint":[77.562982,12.835936],"source":"kgis-wetlands"},"geometry":{"type":"Polygon","coordinates":[[[77.5629724058211,12.8362011239383],[77.5630713796466,12.8361905028043],[77.5632304477345,12.8362259174237],[77.5633573581868,12.8362789868422],[77.5635109470656,12.836373160801],[77.5636817612799,12.8364576548639],[77.5638074156135,12.8364887035662],[77.5639881130462,12.836471494919],[77.5640374669583,12.8364379473145],[77.5640854688795,12.836362047784],[77.5640790286228,12.8362174980862],[77.5640453366687,12.8361538339159],[77.5639283134031,12.8360001916474],[77.5638252690072,12.8358803712642],[77.563480291908,12.8352460325487],[77.5633805244436,12.8350889220392],[77.5632431031938,12.8350042742881],[77.5631541796124,12.8349487714103],[77.5630607463991,12.8349136196202],[77.5629279036981,12.8348233038408],[77.5627960358665,12.8346957079288],[77.5626643480686,12.8346059498906],[77.5625140628509,12.8344795688363],[77.5623638621407,12.8343706941446],[77.5622140950523,12.8343538743633],[77.5619897431713,12.8343921785481],[77.5617485575294,12.8345231821268],[77.5616006316718,12.8346526264879],[77.5615826452675,12.8347453309799],[77.5616028179704,12.8348723102543],[77.5618866831918,12.8352454465716],[77.5619988155587,12.8353392471932],[77.562057793572,12.8353931940954],[77.5621099203904,12.8354590314278],[77.5621368501308,12.8355537886371],[77.5621371643374,12.8356204295073],[77.5620836431515,12.8359911608445],[77.5620843252453,12.8361357371547],[77.5621299373177,12.8362851902411],[77.5622019304469,12.8364130615182],[77.5623086963244,12.8365893425592],[77.5623923797187,12.8367544343863],[77.5624879403175,12.8369962786789],[77.5625776645097,12.837221208307],[77.5626288342101,12.8373282779592],[77.5627606728684,12.8374496608785],[77.5629152669261,12.8375127696732],[77.5630304600367,12.8375229703767],[77.5631282018099,12.8374948475414],[77.5631774604384,12.8374409685614],[77.563209444105,12.8373866049773],[77.5632135972893,12.8372905752143],[77.5632071514681,12.8371448952414],[77.5628987322987,12.8364493942346],[77.5629083591449,12.8362934747325],[77.5629724058211,12.8362011239383]]]}},{"type":"Feature","properties":{"kgisWetlandId":2562,"wetlandCode":"1202","wetlandClass":"Tank/Pond","forestBeatId":2372,"areaM2":82459,"shapeAreaM2":82566.0,"shapeLengthM":1160.6,"labelPoint":[77.68263,12.839585],"source":"kgis-wetlands"},"geometry":{"type":"Polygon","coordinates":[[[77.6843480786186,12.8395160232996],[77.6843026190868,12.8389667598881],[77.6837130851457,12.8385224667566],[77.6832183468866,12.8381505444527],[77.6827567820048,12.8386233052948],[77.6823696666984,12.8390205798865],[77.681874729688,12.8388321965641],[77.6812909614084,12.8386103761879],[77.681060258064,12.8391954827692],[77.6808784126142,12.8396544052458],[77.6811671020743,12.8402589158568],[77.6814034120414,12.8407541300742],[77.6821926943741,12.8408608345591],[77.6827457661999,12.8409354094945],[77.6831513512593,12.8409898346655],[77.6835726789335,12.840749949538],[77.6839790750106,12.8405174797198],[77.684410730428,12.840271328692],[77.6843480786186,12.8395160232996]]]}},{"type":"Feature","properties":{"kgisWetlandId":2563,"wetlandCode":"1202","wetlandClass":"Tank/Pond","forestBeatId":2372,"areaM2":42100,"shapeAreaM2":42153.9,"shapeLengthM":934.8,"labelPoint":[77.675246,12.839728],"source":"kgis-wetlands"},"geometry":{"type":"Polygon","coordinates":[[[77.6744031626268,12.8381627544165],[77.6742419336289,12.83815678627],[77.6741200931314,12.8381974943424],[77.6740479672226,12.8382774859004],[77.6739679872206,12.838397612814],[77.6739442971781,12.8384926078704],[77.6739480338157,12.8387704425012],[77.6739569566743,12.8389375618078],[77.6740410024091,12.839159083358],[77.6741397716134,12.8393330938092],[77.6742301480391,12.8394427653719],[77.6742720502552,12.839530089315],[77.6742583535569,12.8397763861311],[77.6742520159196,12.8398871077353],[77.6742317223051,12.8399707912133],[77.6742200800768,12.8403921475584],[77.6742301128641,12.8405513544476],[77.6742547795086,12.8406455426044],[77.674296766898,12.8407492440767],[77.6744582582141,12.8410285458297],[77.6745568230628,12.841163023887],[77.6746469159278,12.8412173528077],[77.6747288662068,12.8412559083665],[77.6748176036308,12.8412707105999],[77.6749061790103,12.8412544523336],[77.675027898573,12.8411900255102],[77.6751227270594,12.8410466689576],[77.6754028012592,12.8406544599994],[77.6758277406241,12.8402208619339],[77.6761774894059,12.8399429446128],[77.6762415177552,12.8398556525643],[77.6762573922963,12.8398081342584],[77.6762559484258,12.8397516664525],[77.676207345385,12.8397044729047],[77.6760124789193,12.8396512376311],[77.6756793672091,12.8395834481557],[77.6754266023716,12.8394666871256],[77.6752299657231,12.8392937350146],[77.6748361646256,12.8388450479784],[77.6746742206684,12.8384776487367],[77.6746077687008,12.8383187256546],[77.6745335527817,12.8382168791476],[77.6744031626268,12.8381627544165]]]}},{"type":"Feature","properties":{"kgisWetlandId":2566,"wetlandCode":"1202","wetlandClass":"Tank/Pond","forestBeatId":2366,"areaM2":30491,"shapeAreaM2":30523.4,"shapeLengthM":907.8,"labelPoint":[77.518978,12.842202],"source":"kgis-wetlands"},"geometry":{"type":"Polygon","coordinates":[[[77.5193236196198,12.8414476992747],[77.5186441846577,12.8414360243534],[77.5180562454771,12.8415402851603],[77.5175822081239,12.8416237103721],[77.5176843543946,12.8420564389257],[77.5177294327322,12.8423470977653],[77.5182696099806,12.8423746394811],[77.5187798399534,12.842400054159],[77.5193096493827,12.8424265104902],[77.5197709334267,12.8425769551559],[77.520198773862,12.8427162501696],[77.520593824016,12.8429878481038],[77.5209519997419,12.8430009435991],[77.5210871048967,12.8428314762481],[77.5207323568379,12.8425597008474],[77.5205427378616,12.8423899814315],[77.5199872459538,12.842033814442],[77.5194286322725,12.8414974975329],[77.5193236196198,12.8414476992747]]]}},{"type":"Feature","properties":{"kgisWetlandId":2567,"wetlandCode":"1202","wetlandClass":"Tank/Pond","forestBeatId":2372,"areaM2":37350,"shapeAreaM2":37402.9,"shapeLengthM":920.0,"labelPoint":[77.76152,12.839785],"source":"kgis-wetlands"},"geometry":{"type":"Polygon","coordinates":[[[77.7631270006632,12.8392819146059],[77.763065545322,12.8392037467971],[77.7629340775965,12.8391654849685],[77.7626623169592,12.8391595994468],[77.7624311197375,12.8392014975619],[77.7621399988279,12.8392341172734],[77.7616669113562,12.8392581097584],[77.7605180149833,12.8390829799801],[77.7599427484453,12.8389510861925],[77.7596654736963,12.8389892766035],[77.7596163451436,12.8390584353054],[77.7595870619035,12.8391771842769],[77.7596085436188,12.8393148619657],[77.7597209293542,12.8394424532976],[77.7602986449118,12.8398098245002],[77.7607742406614,12.8400320404342],[77.761049503726,12.8402558934235],[77.761187790394,12.8404866897832],[77.7612687616061,12.8405545879123],[77.7614198045574,12.8405927457584],[77.7615508940947,12.8405621134419],[77.7617805064424,12.8404411631517],[77.7623611736186,12.8400896191412],[77.7624504351128,12.8399903146151],[77.7625800991726,12.8399099938816],[77.7628199102708,12.8397596216375],[77.7631043033354,12.8395508450481],[77.7631486527961,12.8394500862197],[77.7631481040865,12.8393506978111],[77.7631270006632,12.8392819146059]]]}},{"type":"Feature","properties":{"kgisWetlandId":2569,"wetlandCode":"1202","wetlandClass":"Tank/Pond","forestBeatId":2296,"areaM2":31300,"shapeAreaM2":31330.5,"shapeLengthM":812.9,"labelPoint":[77.458434,12.843278],"source":"kgis-wetlands"},"geometry":{"type":"Polygon","coordinates":[[[77.4578089515552,12.8435581910115],[77.4579700049019,12.8435208049395],[77.4582052105537,12.8435892855744],[77.4583336289611,12.8437282472626],[77.45856618471,12.8437159751872],[77.4587304744557,12.8436283086727],[77.458989312858,12.8438361910495],[77.4594090611277,12.8437067852354],[77.4594841884916,12.8435042777808],[77.4595297197935,12.8433815290445],[77.459484221323,12.8429779008356],[77.4594798424088,12.8424967243772],[77.4591652024808,12.8424330971602],[77.4585169235406,12.8424392093039],[77.4579787207405,12.8426035613748],[77.4575859049839,12.8428367710165],[77.4574088676911,12.8431735594218],[77.4572683008491,12.8434220886048],[77.4571979752814,12.8436703226137],[77.4572000333608,12.8438809781082],[77.457237717406,12.8440751052849],[77.4573833331898,12.8441964873884],[77.4575271958738,12.8441783756636],[77.4577049910808,12.8440177959489],[77.4577023947678,12.8436823259088],[77.4578089515552,12.8435581910115]]]}},{"type":"Feature","properties":{"kgisWetlandId":2570,"wetlandCode":"1202","wetlandClass":"Tank/Pond","forestBeatId":2550,"areaM2":36755,"shapeAreaM2":36808.5,"shapeLengthM":816.2,"labelPoint":[77.788394,12.84015],"source":"kgis-wetlands"},"geometry":{"type":"Polygon","coordinates":[[[77.7898337711201,12.8393735078395],[77.7895326467332,12.8392639019312],[77.7890677251916,12.8393054053397],[77.7885958692558,12.8395474209513],[77.7883116736132,12.8397872821471],[77.788098513215,12.8399646365861],[77.7878492739777,12.8400732923568],[77.7875453793575,12.8400856787572],[77.7872497850771,12.8401409382162],[77.7870997037538,12.8402744656957],[77.7870293075574,12.8404510409515],[77.7870499135508,12.8406350274453],[77.7872662919382,12.8408258520539],[77.7877517350042,12.8409525260028],[77.7884511706978,12.8410497950885],[77.7889965510113,12.8409830064158],[77.7893864159062,12.8409023827489],[77.7894660803005,12.840531492387],[77.7895457411135,12.8401600384107],[77.7896557876325,12.8398686083467],[77.7897889522553,12.839593427985],[77.7898337711201,12.8393735078395]]]}},{"type":"Feature","properties":{"kgisWetlandId":2572,"wetlandCode":"1202","wetlandClass":"Tank/Pond","forestBeatId":2366,"areaM2":391683,"shapeAreaM2":392102.5,"shapeLengthM":3680.7,"labelPoint":[77.532866,12.839395],"source":"kgis-wetlands"},"geometry":{"type":"Polygon","coordinates":[[[77.5362196960633,12.8424995740586],[77.5367560530197,12.8424480272096],[77.5371929754017,12.8425578862957],[77.5373077726731,12.8427307532998],[77.5375679969268,12.8427278875496],[77.5379237586609,12.8422191252089],[77.5379195856098,12.841814769746],[77.5378456552271,12.8416180437462],[77.5376549437041,12.8411105640182],[77.5375803735163,12.8410903737416],[77.5375338862602,12.8410777876491],[77.5375304655948,12.8410808085112],[77.537267826635,12.8413127994934],[77.5370017703208,12.8415483748903],[77.5364187771781,12.8414747527441],[77.5359981589986,12.8411547252711],[77.5356790001268,12.8406128516309],[77.5352339663415,12.8394926538489],[77.534968348644,12.8388245948765],[77.5349917667242,12.8379101275079],[77.5350153824827,12.837038018772],[77.5352577641622,12.8366630524027],[77.5355325387329,12.8364985812375],[77.5355781390571,12.8364712868868],[77.5355940638413,12.8361792297031],[77.5357434874096,12.8356222610173],[77.5359253467752,12.8351075041739],[77.5355527179696,12.8350820247285],[77.5354680739475,12.8350762364395],[77.5344784927411,12.8352224344501],[77.5334565367842,12.8355901648529],[77.5324978055947,12.835935581458],[77.5315721415779,12.8364610086317],[77.5308417070969,12.8368742999831],[77.5306419420023,12.8372535897755],[77.5305102000664,12.8379025353018],[77.5305531028749,12.8387195650983],[77.5305833975274,12.8392983197491],[77.5302697309703,12.8399497720147],[77.5301900001215,12.8401150193693],[77.5298374330156,12.8408457366406],[77.5296275678459,12.8412832420704],[77.52971335416,12.8416595601039],[77.5299755152159,12.8418278184494],[77.5304283405859,12.841890742218],[77.5310685992453,12.8416467215731],[77.5316354252885,12.8409591186149],[77.5321173044087,12.8405796931854],[77.5323926683323,12.8403638475017],[77.532724475623,12.8404030249285],[77.5329873434186,12.8407248949305],[77.5330890220007,12.8410754051633],[77.5331499816404,12.8412855467392],[77.5331025649782,12.8415487644955],[77.5330668955954,12.8417467704011],[77.5329984502925,12.8421367687421],[77.5332980763615,12.8421885139251],[77.5338528298157,12.842130678056],[77.5344409618482,12.8420698680231],[77.5348795496956,12.8422915470177],[77.5349715576498,12.8427666695724],[77.5348712043093,12.843228536137],[77.5348103325945,12.8435123241703],[77.5349993832971,12.8438062843093],[77.5353127323406,12.8438370690331],[77.5355345473502,12.843495516534],[77.535581934151,12.8430344524293],[77.5355970467665,12.8428916479806],[77.5356161383924,12.84271125108],[77.5357468836049,12.8425999914477],[77.5358203025989,12.8425375141231],[77.5362196960633,12.8424995740586]]]}},{"type":"Feature","properties":{"kgisWetlandId":2580,"wetlandCode":"1202","wetlandClass":"Tank/Pond","forestBeatId":2366,"areaM2":32527,"shapeAreaM2":32561.7,"shapeLengthM":777.5,"labelPoint":[77.523481,12.845391],"source":"kgis-wetlands"},"geometry":{"type":"Polygon","coordinates":[[[77.5237886207551,12.8446177048009],[77.5235980457021,12.8439871396556],[77.5232048099104,12.8442127565712],[77.5229571842254,12.8443548302782],[77.522868606741,12.8446263140035],[77.5228390763318,12.8448097590925],[77.5227812657001,12.8451688835332],[77.5229099809022,12.8455345299456],[77.5229714289048,12.845709088412],[77.5231086345381,12.8461020449217],[77.5231604451872,12.8462504279551],[77.5234447040139,12.8469703779011],[77.5238120197118,12.8469664835706],[77.5240031052816,12.8464524468173],[77.524081614806,12.8462412481219],[77.5241090808617,12.8460702557676],[77.5241689471389,12.8456975493464],[77.5240724629437,12.8452467267553],[77.5240685115237,12.8448858562341],[77.5239759821275,12.8447964696056],[77.5237886207551,12.8446177048009]]]}},{"type":"Feature","properties":{"kgisWetlandId":2583,"wetlandCode":"1202","wetlandClass":"Tank/Pond","forestBeatId":2374,"areaM2":119315,"shapeAreaM2":119467.7,"shapeLengthM":1874.4,"labelPoint":[77.6688,12.844267],"source":"kgis-wetlands"},"geometry":{"type":"Polygon","coordinates":[[[77.6717368917807,12.8449473939614],[77.6710077909611,12.8444552024434],[77.6703598328899,12.8440676457006],[77.6696835656678,12.8435486431642],[77.6691176292525,12.8432126288171],[77.667799160405,12.8427516121829],[77.666644936588,12.8426585460782],[77.6660013143799,12.8426651475621],[77.6655188835769,12.8426698126523],[77.6652785201566,12.8427257920111],[77.6650932034566,12.8429633440127],[77.6651219207539,12.8431744144035],[77.6653397270435,12.8434348054236],[77.6657439228464,12.84366659266],[77.6660388189363,12.8436910996749],[77.6666867673496,12.8440781040225],[77.6671458998239,12.844468872563],[77.6676060424387,12.8448319633335],[77.668090298532,12.8449577403991],[77.6684114032107,12.8449284628003],[77.6688931632913,12.8447927739585],[77.6694550423213,12.8447871393957],[77.6702100776357,12.8451730334575],[77.6709108709364,12.8455343481848],[77.6714799319334,12.8460284702652],[77.6718560998918,12.846182454171],[77.6722852965903,12.8461249567699],[77.67233602791,12.8459146178846],[77.6722783155603,12.8454410882529],[77.6717368917807,12.8449473939614]]]}},{"type":"Feature","properties":{"kgisWetlandId":2587,"wetlandCode":"1202","wetlandClass":"Tank/Pond","forestBeatId":2550,"areaM2":36985,"shapeAreaM2":37038.5,"shapeLengthM":728.0,"labelPoint":[77.76682,12.846087],"source":"kgis-wetlands"},"geometry":{"type":"Polygon","coordinates":[[[77.7664643058321,12.8452212757551],[77.7663283308724,12.8452016750956],[77.7662144105352,12.8452141466649],[77.7660675861328,12.8453148911819],[77.7657974089779,12.8455964456474],[77.7656527283081,12.8458767605314],[77.7656102050982,12.8460994893984],[77.7656008917812,12.8462892861873],[77.7656361702935,12.8464223719018],[77.7657639884992,12.8466328919618],[77.7657826291094,12.8466723226336],[77.7658688393243,12.8468542644699],[77.7660630031203,12.8469853664088],[77.7664613706138,12.8469809672968],[77.7667559373944,12.8469455009175],[77.76688467044,12.846904713403],[77.7673340812288,12.846761117008],[77.7678097503617,12.8465772825819],[77.7679565676342,12.8464754071019],[77.7680454472322,12.8463072063035],[77.768031616057,12.8460966398534],[77.7680246018425,12.8460774775279],[77.7679616114455,12.845930422958],[77.7678932483204,12.8458528591226],[77.7671961685163,12.8455589990797],[77.7665485775317,12.8452609178641],[77.7665104854354,12.8452436151171],[77.7664643058321,12.8452212757551]]]}},{"type":"Feature","properties":{"kgisWetlandId":2588,"wetlandCode":"1202","wetlandClass":"Tank/Pond","forestBeatId":2366,"areaM2":28263,"shapeAreaM2":28294.5,"shapeLengthM":817.7,"labelPoint":[77.55993,12.848205],"source":"kgis-wetlands"},"geometry":{"type":"Polygon","coordinates":[[[77.5588402227078,12.8490057892571],[77.5589311507739,12.8489969014703],[77.5590003457196,12.8490191746653],[77.5591376124769,12.8490693740801],[77.5593043423089,12.8490183456411],[77.5593948647301,12.8489236145172],[77.5594808252905,12.8488379417279],[77.5595668246424,12.8487607385145],[77.5596620715254,12.8486908363135],[77.5598953758289,12.8485948857298],[77.5601301561012,12.8485678286262],[77.5605650930314,12.8484969319441],[77.5607157786938,12.8484623541369],[77.560951587071,12.8484093135501],[77.5610446152955,12.8483574928104],[77.5611144620563,12.8482735868482],[77.5611276301071,12.8481357236238],[77.5610131340044,12.8480306389872],[77.5608192956195,12.8479490732272],[77.5605968252415,12.8479003953733],[77.5600690657936,12.8478220553988],[77.5598041023942,12.8477972913506],[77.5596299512842,12.8477393551013],[77.5594590588532,12.8476396107702],[77.5590642029986,12.8474189036769],[77.5589063101516,12.8473896947906],[77.5587335606674,12.847384839886],[77.5587660062246,12.8474281771284],[77.5588217301321,12.847523932256],[77.5588440901767,12.8476260514392],[77.5588366731057,12.8477627582756],[77.5588338038138,12.8478870207208],[77.5587819117144,12.848115987525],[77.5586724218811,12.8483401367176],[77.5583902093131,12.849054162383],[77.5585286339721,12.849106051166],[77.5586116083768,12.8491197896966],[77.558726509887,12.8490667399718],[77.5588402227078,12.8490057892571]]]}},{"type":"Feature","properties":{"kgisWetlandId":2595,"wetlandCode":"1202","wetlandClass":"Tank/Pond","forestBeatId":2367,"areaM2":154627,"shapeAreaM2":154782.8,"shapeLengthM":2124.1,"labelPoint":[77.489929,12.851028],"source":"kgis-wetlands"},"geometry":{"type":"Polygon","coordinates":[[[77.4924033255628,12.8532383940345],[77.4924012844524,12.8530384720934],[77.4921940255815,12.8527840911876],[77.4920167008928,12.8525284508141],[77.4920159369399,12.8523567620851],[77.4921304549568,12.8522133774764],[77.4923780290795,12.8522111755772],[77.4927845093189,12.8522071564182],[77.4930908090421,12.8522041338288],[77.4933081871791,12.8521444550944],[77.493567537356,12.8519422703572],[77.4936679193269,12.851727785458],[77.4934920619069,12.8515433013647],[77.4931705421863,12.8514899121826],[77.4928063503786,12.851422021987],[77.4925580814533,12.8512677841963],[77.4922212053537,12.8511274850191],[77.4920892361048,12.8509716133922],[77.4917960587712,12.8508175690611],[77.4916198927794,12.8505630518776],[77.4915071136118,12.8503201218325],[77.4915012978543,12.8503071575261],[77.4914962813686,12.8502145550756],[77.4914825649514,12.8499785385037],[77.4914801490812,12.8496939008348],[77.4914762635472,12.8493375441061],[77.4914586810303,12.8490089195427],[77.4914275402662,12.848738527302],[77.4913081744266,12.8485679165577],[77.4910179967613,12.8485703007863],[77.4908580681754,12.8486003606458],[77.4907572430815,12.8487154459602],[77.4907459101162,12.8490159561019],[77.4907481975698,12.8492717904427],[77.4905466132582,12.8495166460458],[77.4903161158696,12.8497333868575],[77.4900128835957,12.8499080845704],[77.4896928932448,12.8499393998339],[77.4894872316551,12.849784410021],[77.489340294689,12.8496286008811],[77.4890925933961,12.8496014321444],[77.4888754064939,12.8497040292345],[77.4887913323978,12.8499613661099],[77.4886638207596,12.8502911815144],[77.4884320389653,12.8504785583737],[77.4880277862362,12.8507248512466],[77.4877672217962,12.8509140465017],[77.4876965822403,12.8510849138647],[77.4877556612877,12.8511637278566],[77.4877915704508,12.8512115787254],[77.4878147310478,12.8512408469339],[77.487931033457,12.8512397811617],[77.4881347891302,12.8512242168235],[77.4882950360645,12.8512653201195],[77.48836808787,12.8513790891666],[77.4884200293988,12.8514065393383],[77.4884309531279,12.8515330028085],[77.4884876211217,12.8515875413916],[77.4886190528137,12.8516225552415],[77.4888021407418,12.851620634195],[77.4889094067043,12.8516591415019],[77.4888962192052,12.8518015212514],[77.4887955174644,12.8519448450465],[77.4887094760408,12.8520180729169],[77.4886387144338,12.8521612671649],[77.4886394732629,12.852332391661],[77.4888737343692,12.8524443357396],[77.4891502850068,12.8524843701921],[77.4893978599568,12.8524821710552],[77.4896891906376,12.8524792167232],[77.4899068251648,12.8524771476456],[77.4901258017508,12.852517993993],[77.4903315917664,12.8527012216244],[77.4903926749454,12.8529720498985],[77.4905822843717,12.8531417933005],[77.4908602379992,12.8532382969803],[77.4913253882554,12.85322047008],[77.4915292048668,12.8532184593932],[77.4917044243843,12.853259493969],[77.49186499004,12.8533717536755],[77.4920842181023,12.8534690757731],[77.4922878469917,12.8534247062724],[77.4924033255628,12.8532383940345]]]}},{"type":"Feature","properties":{"kgisWetlandId":2602,"wetlandCode":"1202","wetlandClass":"Tank/Pond","forestBeatId":2550,"areaM2":31399,"shapeAreaM2":31446.2,"shapeLengthM":712.6,"labelPoint":[77.80559,12.852193],"source":"kgis-wetlands"},"geometry":{"type":"Polygon","coordinates":[[[77.8066175429685,12.85297790854],[77.8065692527313,12.852787867321],[77.8064253010121,12.8523792451925],[77.8063336640595,12.851653529435],[77.8062850596692,12.8514081472363],[77.8061711412748,12.8512184682449],[77.8060315188143,12.8511655931642],[77.8057712126762,12.8511506538438],[77.8054654132426,12.8512347922509],[77.8054092295041,12.8512763260999],[77.8052532925283,12.8513918247468],[77.8050335236536,12.8516211829633],[77.8048065798956,12.8520064423349],[77.8047454747186,12.85239756129],[77.8047004527655,12.8525796483172],[77.8047206486518,12.8526890919992],[77.804740633127,12.8527612641944],[77.8048606345311,12.852805779157],[77.8049816302736,12.8528226162741],[77.8054651508846,12.8528086514301],[77.8056876717078,12.8528605053316],[77.8059314348461,12.8530031607792],[77.8059799151905,12.8530243520156],[77.806133435908,12.85309126814],[77.8062904211788,12.8531598597431],[77.8063781481062,12.8531983410424],[77.8065450430311,12.8531872531081],[77.8066182620953,12.8531043995943],[77.8066175429685,12.85297790854]]]}},{"type":"Feature","properties":{"kgisWetlandId":2605,"wetlandCode":"1202","wetlandClass":"Tank/Pond","forestBeatId":2374,"areaM2":145500,"shapeAreaM2":145667.8,"shapeLengthM":2073.0,"labelPoint":[77.590385,12.853778],"source":"kgis-wetlands"},"geometry":{"type":"Polygon","coordinates":[[[77.5907502748606,12.8550868728273],[77.5910600211943,12.8550837209086],[77.5912666218926,12.8551821454139],[77.5914225642254,12.8552825022139],[77.5916312937181,12.8555831003459],[77.5917370543414,12.8557836566834],[77.5919450531933,12.8559329015844],[77.5921176033687,12.8563714708193],[77.5921508551262,12.8563419465183],[77.5922990308435,12.8562650056363],[77.592448535399,12.8562247674409],[77.5926198936928,12.8561793432967],[77.5924478815181,12.8560897933182],[77.5923750579617,12.8560325311431],[77.5922558314073,12.8559048932022],[77.5921906598919,12.8557634466469],[77.5921668123213,12.8555946961588],[77.5921558850056,12.8554784082525],[77.5921628893947,12.8552603781231],[77.5921264605901,12.8548714312506],[77.5920699133156,12.8546085200559],[77.5920384273879,12.8545267787527],[77.5919859319775,12.8543869657837],[77.5919299893612,12.8542488645494],[77.5918973426169,12.8541654344028],[77.591831937688,12.8539754181422],[77.5918070043858,12.8538202271877],[77.5917640900302,12.8535188489316],[77.5917545500957,12.8534511226444],[77.5917438286638,12.8533771896324],[77.5917455569604,12.8532585830415],[77.5915049007965,12.8532608459253],[77.5912467256701,12.8532123626889],[77.5910884173166,12.8528606991206],[77.5907152380359,12.8516521778137],[77.5903489318181,12.851150136476],[77.5900365760977,12.8508505891285],[77.5899847593674,12.8508508332363],[77.5895725383836,12.8508550305473],[77.5892646807079,12.8510095269377],[77.5889045195945,12.851063742733],[77.5887029043621,12.8515198857583],[77.5886534603973,12.8517731295064],[77.5886598396286,12.8523790865296],[77.5886683271534,12.8531826982484],[77.5887944476425,12.8533080469933],[77.5888802398185,12.8534279366411],[77.5889419206642,12.8535626241311],[77.5889715483592,12.8537364309019],[77.5889619975892,12.8539047736491],[77.5889916988498,12.8540938289184],[77.5890374476825,12.8542675596529],[77.589072829881,12.8544407738343],[77.5890910188594,12.854630446819],[77.5890899383991,12.8546451357461],[77.5893555232048,12.8547969361235],[77.5894606238829,12.8550997186777],[77.5894641441634,12.8553515831284],[77.5891959798224,12.8556194113603],[77.5891570142456,12.8556579972722],[77.5891375559568,12.8556823736663],[77.5889544252097,12.855913090803],[77.5889572841625,12.8562666165306],[77.5890133558925,12.8566701556073],[77.5892197176424,12.8567188837148],[77.5895275764966,12.8565632568508],[77.5897828949736,12.8562582156917],[77.5898307008245,12.8559044527848],[77.5901866097275,12.8554458887996],[77.5902945215172,12.8553770449133],[77.5907502748606,12.8550868728273]]]}},{"type":"Feature","properties":{"kgisWetlandId":2609,"wetlandCode":"1202","wetlandClass":"Tank/Pond","forestBeatId":2374,"areaM2":26925,"shapeAreaM2":26956.6,"shapeLengthM":656.3,"labelPoint":[77.604042,12.856327],"source":"kgis-wetlands"},"geometry":{"type":"Polygon","coordinates":[[[77.6046948474109,12.8571200603565],[77.6047930355733,12.8567124033152],[77.6047654225895,12.8562466121518],[77.6045858751022,12.8557945325523],[77.6044447921952,12.8554371490868],[77.6042226542664,12.8552235984362],[77.6039014442651,12.8552369864885],[77.6037217281687,12.8554564018003],[77.6034275342249,12.8558141626392],[77.603301083834,12.8560943182053],[77.6033187316274,12.856406544569],[77.6032653694764,12.856562105549],[77.6032982692649,12.8569318639316],[77.6035046308565,12.8569805811277],[77.6038143782015,12.8569774136944],[77.6041241254566,12.856974244993],[77.6042282490879,12.8570737117744],[77.6044367535968,12.8573246009272],[77.6044933511533,12.8573599105805],[77.6046948474109,12.8571200603565]]]}},{"type":"Feature","properties":{"kgisWetlandId":2613,"wetlandCode":"1202","wetlandClass":"Tank/Pond","forestBeatId":2550,"areaM2":51990,"shapeAreaM2":52067.7,"shapeLengthM":1076.7,"labelPoint":[77.803926,12.854671],"source":"kgis-wetlands"},"geometry":{"type":"Polygon","coordinates":[[[77.8060943482744,12.8551255834156],[77.8059044769902,12.8549436664023],[77.8056235444766,12.8549469131859],[77.8051066386793,12.8549627582758],[77.8048339167495,12.8549925004873],[77.8047772899458,12.854956106077],[77.8046256248229,12.854810682701],[77.8046053735292,12.8546916393781],[77.8046874324201,12.8543404994165],[77.8047571563686,12.8540475915831],[77.8047852728901,12.8539299758207],[77.8048291834901,12.8537546726768],[77.8048466610488,12.8535885506147],[77.8048539891373,12.8534597548256],[77.8048058896244,12.8533030300993],[77.8047112741196,12.8532679749416],[77.8044763438008,12.8532613664128],[77.8042429355055,12.8533196913494],[77.8040088400343,12.8534599030521],[77.8037959756456,12.8538919552023],[77.8036741780915,12.8541394073753],[77.8034697066593,12.8544274099045],[77.8032568059046,12.8546505181392],[77.8031082269844,12.8548455994897],[77.8030498740306,12.8551135964776],[77.8032408945685,12.8552955099797],[77.8034066871205,12.8554956334196],[77.8036455195693,12.855783448635],[77.8040524739453,12.8560731603425],[77.8042310411396,12.8560896808814],[77.8044842383824,12.8560685169335],[77.8057575529293,12.8556317352117],[77.8059445505494,12.8555109823146],[77.8060696011903,12.8554306670992],[77.8061347552502,12.8553467282925],[77.8061341769472,12.8552450836266],[77.8060943482744,12.8551255834156]]]}},{"type":"Feature","properties":{"kgisWetlandId":2618,"wetlandCode":"1202","wetlandClass":"Tank/Pond","forestBeatId":2550,"areaM2":244764,"shapeAreaM2":245124.0,"shapeLengthM":2429.6,"labelPoint":[77.789789,12.853613],"source":"kgis-wetlands"},"geometry":{"type":"Polygon","coordinates":[[[77.7901064186502,12.855303270967],[77.7911288391224,12.8552920317829],[77.791203960905,12.855341315291],[77.7913720739419,12.8555459527151],[77.7918033358772,12.8560648263132],[77.7921491636695,12.8563390795272],[77.7925809641401,12.8563401027553],[77.7928281233103,12.8562687252355],[77.7929576380054,12.8561624131382],[77.7930369916392,12.855941173621],[77.7930946055364,12.8557443372514],[77.7931681956442,12.8555220001805],[77.7931875215073,12.8550695562848],[77.7931137404918,12.8548497201276],[77.793066078272,12.8547692272665],[77.792229330215,12.8540142648981],[77.7920496255145,12.8537955739217],[77.7917527976089,12.8534301332259],[77.7913160746239,12.8527582510308],[77.7907371300424,12.8519804131828],[77.7906877553242,12.8517999731329],[77.7906949628047,12.8516485894614],[77.7906745402508,12.8514979224789],[77.7905668797821,12.8513951673518],[77.790469955727,12.8513589901863],[77.7902282718572,12.8513795124541],[77.7901027728033,12.851380762394],[77.7898516735603,12.8513651933607],[77.7895320578284,12.8512460908411],[77.7893848757599,12.8510769149427],[77.7893249320317,12.8508598256731],[77.7893528660041,12.8507083289927],[77.7893406603931,12.8505852870117],[77.7893114492992,12.8505097746461],[77.7891266172026,12.8504023579457],[77.7886518483545,12.8503343606703],[77.7884620763529,12.8503721037735],[77.7884391079958,12.8503829581932],[77.7884299158317,12.8503863963398],[77.7884207306285,12.8503909653572],[77.7882357850471,12.8504682120937],[77.7879616014955,12.8506475932951],[77.7877493681574,12.8507865431698],[77.7877568980442,12.8515121653302],[77.7876034527847,12.8524831881154],[77.7876133254136,12.8534211303631],[77.7878182723883,12.8540344248657],[77.7878292901803,12.8549706672956],[77.7881296792975,12.85535585962],[77.7882023966086,12.8560020647183],[77.7881106498103,12.8566824861213],[77.7884778215062,12.8570667479235],[77.7887421783796,12.8569817253775],[77.7889012905506,12.8566098367676],[77.7889255228092,12.8557998987934],[77.7893171188667,12.8554086691876],[77.7901064186502,12.855303270967]]]}},{"type":"Feature","properties":{"kgisWetlandId":2654,"wetlandCode":"1202","wetlandClass":"Tank/Pond","forestBeatId":2550,"areaM2":86314,"shapeAreaM2":86445.5,"shapeLengthM":1479.5,"labelPoint":[77.823071,12.862751],"source":"kgis-wetlands"},"geometry":{"type":"Polygon","coordinates":[[[77.8251395231115,12.8619915113021],[77.8254157648787,12.8617731158323],[77.8254074771378,12.8617336322814],[77.8248342195504,12.8615634787794],[77.8248157650694,12.8615579345723],[77.8244386876727,12.8612630096746],[77.8243804817878,12.8611532174616],[77.8239925941075,12.8613795794093],[77.8234159765387,12.8618249746849],[77.8230795364446,12.8619877998512],[77.8226684910368,12.8619923584879],[77.8217044447144,12.8619452314087],[77.8214749857432,12.8618900428158],[77.8214244039981,12.8619044427978],[77.8213049258687,12.8619519825444],[77.8212084078477,12.8619875341955],[77.821166269836,12.8620685221123],[77.8211301714181,12.8621986073371],[77.8211021264866,12.8623275183258],[77.8210669318476,12.8624146804525],[77.8215225050181,12.8629440917783],[77.8224608675322,12.8633296234269],[77.8232864281395,12.8635220867154],[77.8242885215804,12.863976150228],[77.8247501874479,12.8643626483186],[77.8250556491704,12.8646178793201],[77.8252034443224,12.8646882046536],[77.8253208873917,12.8646869818881],[77.82538618672,12.8646290150946],[77.8254226611513,12.8645644344847],[77.8254508174039,12.8644552869939],[77.8254638850914,12.8643253306307],[77.8254481315188,12.8641893249705],[77.8254008228009,12.8639727414926],[77.8252960794697,12.8637801984046],[77.8251683034497,12.8635872188338],[77.8248467422115,12.8631355595464],[77.8247870254209,12.8629636568244],[77.8247858355736,12.8625576386694],[77.824812056137,12.8623124069572],[77.8249434241565,12.8621303992672],[77.8251395231115,12.8619915113021]]]}},{"type":"Feature","properties":{"kgisWetlandId":2658,"wetlandCode":"1202","wetlandClass":"Tank/Pond","forestBeatId":2550,"areaM2":82292,"shapeAreaM2":82415.9,"shapeLengthM":1337.5,"labelPoint":[77.810757,12.86344],"source":"kgis-wetlands"},"geometry":{"type":"Polygon","coordinates":[[[77.8107263734795,12.8643640479708],[77.8107804275427,12.8643524534666],[77.8109579874124,12.8643932568097],[77.8111346524454,12.8644786769963],[77.8112675528433,12.8645626461099],[77.8114454875018,12.864668953741],[77.8116222689337,12.8647747027117],[77.8117331790397,12.864839028666],[77.8117712312378,12.8648484175194],[77.8118681103643,12.8648755508821],[77.8119707539752,12.8649037803737],[77.8120923194476,12.8648178337209],[77.8121668789157,12.8647677246667],[77.8123542796165,12.8647169891045],[77.8125102915874,12.8646139093239],[77.8126440708119,12.8644488348018],[77.812652112657,12.8642443639696],[77.812598209902,12.864080897191],[77.8124495979993,12.863867131554],[77.8123750308631,12.8637145091629],[77.8122057583136,12.8635121531959],[77.8120363083754,12.8632787392156],[77.8118869430002,12.862932835595],[77.8118413766968,12.8626162845786],[77.8118387020682,12.8623497557868],[77.8118064223491,12.8621415568144],[77.8118098244997,12.8621325018327],[77.8118229188591,12.8620059336497],[77.8117972063431,12.8619394397986],[77.8113798695293,12.8620524407663],[77.8111131377364,12.8621239455443],[77.8108405698467,12.8619803280357],[77.8106477012544,12.8618797494015],[77.8105082098588,12.8616495553992],[77.8103629164524,12.8616130908019],[77.8101415738272,12.861769049261],[77.8099874619304,12.8620031300776],[77.8099903804622,12.8623125767301],[77.8099927089053,12.8625186837102],[77.8097716621248,12.8627265946122],[77.8095483239207,12.8629367773573],[77.8092509109464,12.8630801684723],[77.8091879002071,12.863338027453],[77.8093147295442,12.8633672536198],[77.8094402248513,12.8635664662174],[77.8095793681843,12.8637356730759],[77.8096723274916,12.8640847151818],[77.8097417551026,12.8643457918735],[77.8098076506255,12.8645933361817],[77.8098558761857,12.8647709525251],[77.8098408931262,12.8651719819767],[77.8099152310084,12.8650829085906],[77.8100391649298,12.8650082447912],[77.8101696853943,12.8648770715527],[77.8102995914629,12.8646386069941],[77.8104082336225,12.8645075562981],[77.8105607537714,12.8643977195108],[77.8106274628543,12.8643843615819],[77.81068151601,12.8643727671062],[77.8107033737407,12.8643692573404],[77.8107263734795,12.8643640479708]]]}},{"type":"Feature","properties":{"kgisWetlandId":2660,"wetlandCode":"1202","wetlandClass":"Tank/Pond","forestBeatId":2296,"areaM2":22905,"shapeAreaM2":22926.4,"shapeLengthM":766.5,"labelPoint":[77.436394,12.868382],"source":"kgis-wetlands"},"geometry":{"type":"Polygon","coordinates":[[[77.4355209638241,12.8691553865093],[77.4359753751474,12.8690394272168],[77.4362871061062,12.8689528604415],[77.4368816629946,12.8687532987189],[77.437250733228,12.8686094500072],[77.4372203234141,12.8684994414522],[77.4369917140235,12.8683614476202],[77.4366180997165,12.8679755460685],[77.4364728533903,12.8676705966421],[77.4364359283261,12.8676532405045],[77.4363597580188,12.8676151488583],[77.4363041583272,12.8678113588708],[77.4361937476281,12.8681184918807],[77.4359963778926,12.8682870468963],[77.4357135578138,12.8684017337106],[77.4353729178609,12.8684601800649],[77.4349468250116,12.8684641938463],[77.4346627315104,12.8685500811756],[77.4345518505857,12.8687465182543],[77.4344396996604,12.8689147215271],[77.4344691965552,12.8690817768911],[77.4346686578748,12.8691351752187],[77.4349807416405,12.8691321958535],[77.4355209638241,12.8691553865093]]]}},{"type":"Feature","properties":{"kgisWetlandId":2661,"wetlandCode":"1202","wetlandClass":"Tank/Pond","forestBeatId":2366,"areaM2":107103,"shapeAreaM2":107223.0,"shapeLengthM":1433.3,"labelPoint":[77.566801,12.86553],"source":"kgis-wetlands"},"geometry":{"type":"Polygon","coordinates":[[[77.5653665754826,12.8632580856821],[77.5651765711129,12.8632595277095],[77.5650391941237,12.8634307196906],[77.5649392264474,12.8637203387539],[77.5649764513439,12.8640420821833],[77.5650839189412,12.8643635013688],[77.5652775887967,12.8646495068217],[77.5655853148393,12.8649457177689],[77.5655873709227,12.8651365976254],[77.5655941767083,12.8658430838017],[77.5654966283051,12.866399825908],[77.5653467824616,12.8668562810617],[77.5653699555134,12.8668861059762],[77.5653402937308,12.8674306743955],[77.5653600090972,12.8677027983916],[77.5654830341936,12.8679044159911],[77.5657613618405,12.8680714309435],[77.56607351064,12.8680852374039],[77.5663844272098,12.8680821075789],[77.5666776680832,12.8679943438079],[77.5671245727238,12.8677697635231],[77.5673482376849,12.867581228717],[77.5675863057939,12.8672728978287],[77.5677540731421,12.8667113127284],[77.567991741384,12.8663193986343],[77.5680236022902,12.8659962070307],[77.5680198529096,12.8656918174765],[77.5679998932683,12.8653688662047],[77.5677373705659,12.8651345743102],[77.5671284981368,12.8647160751629],[77.5667968835438,12.8644821018715],[77.5664320373121,12.8642827306463],[77.5659615154316,12.8638969111739],[77.5655927524402,12.8633570061978],[77.5653665754826,12.8632580856821]]]}},{"type":"Feature","properties":{"kgisWetlandId":2663,"wetlandCode":"1202","wetlandClass":"Tank/Pond","forestBeatId":2374,"areaM2":269424,"shapeAreaM2":269767.0,"shapeLengthM":2929.0,"labelPoint":[77.667163,12.86335],"source":"kgis-wetlands"},"geometry":{"type":"Polygon","coordinates":[[[77.6684415672539,12.8604175233902],[77.6684871564735,12.8596548919091],[77.6682156832756,12.8592626248587],[77.667544248728,12.8592433940198],[77.6671991468741,12.8595359625829],[77.6669876191006,12.8598284278296],[77.6666400116357,12.8598578376512],[77.6660491802469,12.8598382007859],[77.6655365805632,12.8595804139934],[77.665347948367,12.8593983789391],[77.6650231712985,12.8591645022681],[77.6644602407229,12.8591961138505],[77.664139256462,12.8592524951761],[77.6638189429723,12.8594398941401],[77.6637702995372,12.8598343282725],[77.6637481461755,12.8602297580244],[77.6638582692899,12.8605962929204],[77.664211222172,12.8609350731277],[77.6646170033752,12.8612459157612],[77.6650230643434,12.8616109728378],[77.6654278292602,12.8619477967197],[77.6657542989905,12.8622861423215],[77.6659738871297,12.8628893201515],[77.6660323330873,12.8632826540562],[77.6660632826108,12.8637032329795],[77.6663902968151,12.8641466172899],[77.6666921820062,12.8648538603898],[77.6670742664746,12.8654810726465],[77.6675330313711,12.8657922095845],[77.6680169296822,12.8658406153958],[77.6684471094542,12.8659672228147],[77.6688251330027,12.8662522192293],[77.6692578242769,12.8666425472854],[77.6696634867158,12.8669274042187],[77.6701486025184,12.8672112962638],[77.6707139243787,12.8674168498293],[77.6710893117934,12.8674132729005],[77.6712763225986,12.8672790551594],[77.6712986039277,12.8669107310172],[77.6712677849362,12.8665172602763],[77.6711300026067,12.8661491755472],[77.6705900943848,12.8657351048553],[77.6700512607665,12.8655294168264],[77.6692441406313,12.865327895635],[77.6688657101206,12.8649638371548],[77.6685651735548,12.8645197609824],[77.668291867841,12.8639964831027],[77.6682854303996,12.8634170895475],[77.6683070446327,12.8629183136843],[77.6683565599705,12.8624707887032],[77.6683778925427,12.8619172349273],[77.6683978145692,12.8613134244513],[77.6684415672539,12.8604175233902]]]}},{"type":"Feature","properties":{"kgisWetlandId":2668,"wetlandCode":"1202","wetlandClass":"Tank/Pond","forestBeatId":2367,"areaM2":71313,"shapeAreaM2":71389.3,"shapeLengthM":1118.0,"labelPoint":[77.53144,12.867671],"source":"kgis-wetlands"},"geometry":{"type":"Polygon","coordinates":[[[77.5329864439471,12.866517336874],[77.5329053512032,12.8661635906735],[77.5325950014939,12.8660401704709],[77.5322330656472,12.8659678097302],[77.5320004524118,12.8659699830306],[77.5316921854209,12.8660487395496],[77.5314614270512,12.866203391159],[77.5312825969507,12.8663815311907],[77.5310478934318,12.8664300236831],[77.531026034521,12.8664346392587],[77.5305871780939,12.8664140161115],[77.5304939184747,12.8664183877789],[77.5299942281984,12.8664415220613],[77.5299481704391,12.866442858421],[77.529812198927,12.8664248301565],[77.5299087047204,12.8668756484086],[77.5301460515889,12.8671513221326],[77.5303741277751,12.8674140469229],[77.5304360560294,12.8678582435938],[77.5304730350796,12.8681359436817],[77.5306612506267,12.8684954227194],[77.530795069232,12.8685456513096],[77.5311238580753,12.8686712505038],[77.5316809934296,12.869117743027],[77.5320470930584,12.8688433168748],[77.5320453541812,12.8687156872934],[77.5322318129767,12.8684437611867],[77.532358354818,12.8681647624818],[77.5324581789931,12.8678356186258],[77.5324808471457,12.8675068219788],[77.5326581700521,12.867251879148],[77.5328368824737,12.8670483254026],[77.5329640064134,12.8668958316402],[77.5329864439471,12.866517336874]]]}},{"type":"Feature","properties":{"kgisWetlandId":2678,"wetlandCode":"1202","wetlandClass":"Tank/Pond","forestBeatId":2374,"areaM2":31039,"shapeAreaM2":31077.8,"shapeLengthM":781.2,"labelPoint":[77.649683,12.870118],"source":"kgis-wetlands"},"geometry":{"type":"Polygon","coordinates":[[[77.6494174133132,12.8711264648603],[77.649996627086,12.871120215198],[77.6503823874535,12.8711166162378],[77.6506508772514,12.8709238408698],[77.6508399132932,12.8705055595502],[77.650527656,12.8702433658537],[77.6501380538073,12.8699437156759],[77.649825607925,12.8696442483307],[77.6495521208597,12.8693061869562],[77.6492809372318,12.8691951409103],[77.6492068625338,12.8695750161771],[77.6490961291066,12.869992910601],[77.6488673580086,12.8702973068027],[77.6487566293382,12.8707163313381],[77.6484890918094,12.8710971598278],[77.6484497533176,12.8710606453184],[77.648451859109,12.8712486966314],[77.6489535401432,12.8711682857275],[77.6494174133132,12.8711264648603]]]}},{"type":"Feature","properties":{"kgisWetlandId":2685,"wetlandCode":"1202","wetlandClass":"Tank/Pond","forestBeatId":2374,"areaM2":26375,"shapeAreaM2":26406.0,"shapeLengthM":649.4,"labelPoint":[77.61431,12.872654],"source":"kgis-wetlands"},"geometry":{"type":"Polygon","coordinates":[[[77.6140641727785,12.8730860445302],[77.6142459106059,12.8730422503246],[77.6144486768586,12.8730593484966],[77.6146333800877,12.873149951642],[77.614724441254,12.8731670208518],[77.6149960234718,12.8731273125694],[77.6151442285299,12.8730560062124],[77.6152634816082,12.8729520833501],[77.6152792292031,12.8728763310128],[77.6152904516388,12.8728169785846],[77.6152977288979,12.8726582479853],[77.6152508385575,12.8724913057961],[77.615165661518,12.8722663790444],[77.6150888575943,12.8721046636172],[77.6150042872754,12.8720028496856],[77.614888720428,12.8719203866486],[77.614764119063,12.8718741101429],[77.6146223703968,12.8718533313862],[77.614408184084,12.8718554889597],[77.6141814696602,12.8718859456606],[77.6138025407161,12.8721085830332],[77.6133728542156,12.8725466346477],[77.6133238431605,12.8726496554297],[77.6132957223282,12.8727853317884],[77.6132974254139,12.8728971446946],[77.6133021876422,12.8729287478701],[77.6133200856103,12.8730551666306],[77.6133847405706,12.8733219849382],[77.6134346683409,12.8734047638427],[77.6135051399846,12.8734501698351],[77.61364682587,12.8734579610994],[77.6137664747366,12.8734342320762],[77.6138365128511,12.8733915391552],[77.6139051223752,12.8732929428432],[77.6140641727785,12.8730860445302]]]}},{"type":"Feature","properties":{"kgisWetlandId":2687,"wetlandCode":"1202","wetlandClass":"Tank/Pond","forestBeatId":2366,"areaM2":147590,"shapeAreaM2":147751.5,"shapeLengthM":1476.3,"labelPoint":[77.551255,12.872107],"source":"kgis-wetlands"},"geometry":{"type":"Polygon","coordinates":[[[77.5514286151694,12.8693164306183],[77.5508608973737,12.8693218443827],[77.5504704595312,12.8700504770946],[77.5497955839507,12.8707820993587],[77.5498055172846,12.8716738193833],[77.5498164913741,12.8727880508339],[77.5502223077818,12.873620358792],[77.550567303551,12.8740067793068],[77.5511369654771,12.8741679628894],[77.5518765422337,12.8742171112968],[77.5522154742156,12.8740466982537],[77.5524930576727,12.8733191436682],[77.5524847915859,12.872539241335],[77.5529297184889,12.8716431867037],[77.5529228593327,12.8709180606641],[77.552799803325,12.8699720768252],[77.552338867028,12.869419017978],[77.5514286151694,12.8693164306183]]]}},{"type":"Feature","properties":{"kgisWetlandId":2695,"wetlandCode":"1202","wetlandClass":"Tank/Pond","forestBeatId":2296,"areaM2":32690,"shapeAreaM2":32723.0,"shapeLengthM":689.2,"labelPoint":[77.49813,12.875225],"source":"kgis-wetlands"},"geometry":{"type":"Polygon","coordinates":[[[77.498534672953,12.8741835450189],[77.4984687517251,12.8741217066717],[77.4982257662242,12.8741244606772],[77.4979576287862,12.8741685527873],[77.49779668576,12.874233074283],[77.4976591577414,12.8743827731808],[77.4975309819839,12.8745634949313],[77.4974683504479,12.8747219058397],[77.4974702551618,12.8748901991683],[77.4975154998715,12.8749639876807],[77.4974679325033,12.8751432288418],[77.4973915051232,12.8753073468164],[77.4973368664706,12.8754504719731],[77.4973052832267,12.8755985805587],[77.4973173856836,12.8757295560089],[77.4974023473539,12.8759285507038],[77.497396033729,12.8760618647301],[77.4974287021431,12.8761560404894],[77.4974934774455,12.8762190130234],[77.4976664553521,12.8762702182309],[77.4977955779792,12.8763007177255],[77.4980109295294,12.8762986492719],[77.4985349118367,12.8762935397209],[77.4986416323332,12.876207793969],[77.4988134773078,12.8757490120037],[77.4988347704901,12.8751039470163],[77.4988062664126,12.8749578626948],[77.498802106267,12.8749365427248],[77.4987428310296,12.8746327612974],[77.498534672953,12.8741835450189]]]}},{"type":"Feature","properties":{"kgisWetlandId":2696,"wetlandCode":"1202","wetlandClass":"Tank/Pond","forestBeatId":2296,"areaM2":50936,"shapeAreaM2":50986.9,"shapeLengthM":1242.4,"labelPoint":[77.482886,12.874941],"source":"kgis-wetlands"},"geometry":{"type":"Polygon","coordinates":[[[77.4848752018651,12.8732075302167],[77.4845515470104,12.8729378324355],[77.4841234306812,12.8730051897616],[77.4835677661598,12.8731369165108],[77.483051104664,12.8729736593556],[77.4827111576931,12.8731869133551],[77.4828429578433,12.8735636180455],[77.4828884955547,12.8737046165512],[77.4829982557408,12.8740452693842],[77.4828931459169,12.8742360517548],[77.4828428627398,12.8743243722101],[77.4826817700707,12.8746164907875],[77.4823238234767,12.8751878908545],[77.4819610259228,12.8754430354918],[77.4818900422436,12.8755382226435],[77.4817709714127,12.8756974374041],[77.4821590255878,12.8759453995491],[77.48216710751,12.8759498838763],[77.4825041976385,12.8761319872043],[77.4828292889325,12.8764655011189],[77.483235809371,12.8764614923417],[77.4833737531177,12.876142929378],[77.4833828814068,12.8761236875016],[77.4832644070996,12.8758965923119],[77.4831424526285,12.8756632994164],[77.4831811803349,12.8753056291245],[77.4833685027818,12.874694299864],[77.4835919979941,12.8744504827611],[77.4836448336679,12.8744186281647],[77.484006382222,12.8741420252671],[77.4846258836759,12.8738614863462],[77.4849439486083,12.8736483246326],[77.4848752018651,12.8732075302167]]]}},{"type":"Feature","properties":{"kgisWetlandId":2697,"wetlandCode":"1202","wetlandClass":"Tank/Pond","forestBeatId":2364,"areaM2":82582,"shapeAreaM2":82676.4,"shapeLengthM":1266.3,"labelPoint":[77.579704,12.874369],"source":"kgis-wetlands"},"geometry":{"type":"Polygon","coordinates":[[[77.5794058481926,12.8758300118669],[77.579859409517,12.8757923126962],[77.5802889948623,12.8757982118262],[77.5807071274365,12.8758171532607],[77.5811736691658,12.8758449034469],[77.581492552308,12.875820257388],[77.581541907808,12.8757861400214],[77.5815656667191,12.8756979271378],[77.5815639834673,12.8755872415181],[77.5815377467579,12.8753998638908],[77.5814618363101,12.8751805285269],[77.5813125960952,12.8750389077195],[77.5804552873894,12.8739760858829],[77.5802918041663,12.8737458623817],[77.579970027916,12.8734073809332],[77.5797948169073,12.8731331624642],[77.5796935719582,12.8729133782054],[77.5796670173882,12.8726593602352],[77.5794934376253,12.8724850956533],[77.5792963114759,12.8724430947148],[77.5790510826409,12.8724566650074],[77.5789291736061,12.8724905547562],[77.5788556869853,12.8725355129419],[77.5787344171607,12.872702684124],[77.578675542408,12.8729130493484],[77.5787260060336,12.8731099148571],[77.5787297398191,12.8734080907171],[77.578671715485,12.8737957867168],[77.5786500057855,12.8740714912982],[77.5786648817653,12.8742916773494],[77.5786045890406,12.8744467030898],[77.5784848934114,12.8747019678128],[77.5784618744086,12.8749449234902],[77.5784525714069,12.8751663513384],[77.5784066236661,12.8754308740555],[77.5783594761371,12.8756852357402],[77.5783617922985,12.8759280711933],[77.5785366320531,12.8761249217965],[77.578720994008,12.8761460866457],[77.5788187154474,12.8761111799665],[77.5789403062828,12.8760106492137],[77.5790861332278,12.8759213011562],[77.5794058481926,12.8758300118669]]]}},{"type":"Feature","properties":{"kgisWetlandId":2698,"wetlandCode":"1202","wetlandClass":"Tank/Pond","forestBeatId":2374,"areaM2":377606,"shapeAreaM2":378050.9,"shapeLengthM":3245.7,"labelPoint":[77.604516,12.871185],"source":"kgis-wetlands"},"geometry":{"type":"Polygon","coordinates":[[[77.6059743485791,12.8740645202397],[77.606384184757,12.8740365853232],[77.6071435130933,12.8741216262471],[77.6074710367152,12.8742166348191],[77.6077029045223,12.8742968512316],[77.6078923750687,12.8744201929502],[77.60804035937,12.8745380834383],[77.608173538828,12.8746893657009],[77.6084268432568,12.8749134912832],[77.6084880887234,12.8749561204017],[77.6085747427087,12.8750138755321],[77.6087548404421,12.8751045044285],[77.6087802030222,12.8751100301356],[77.6088447566128,12.8751227109039],[77.6088952872279,12.8750942310205],[77.608919108795,12.8750206993136],[77.6089037714338,12.8749462251249],[77.6088836951313,12.8748446663143],[77.6087931473609,12.8746976974585],[77.6086051636002,12.87440831373],[77.6082044006866,12.8739392242184],[77.6076693409685,12.8733250697881],[77.6075879343098,12.8731633745843],[77.6075815211533,12.8730301235676],[77.6075749435918,12.8728629873749],[77.6075037040446,12.8724267717629],[77.6072082133678,12.8715844405433],[77.6066524768347,12.8707444803576],[77.606021027672,12.8699636132461],[77.6056632354231,12.869565473087],[77.6055096724873,12.8692488138493],[77.6053750483834,12.8690365430252],[77.6053236182961,12.8686465427364],[77.6052693596124,12.8683841904004],[77.6051957350625,12.8681648514987],[77.6048813479012,12.8679285879437],[77.6041502806602,12.8670262029868],[77.60391644063,12.8667765651961],[77.6035296521912,12.8668055155359],[77.6032734804669,12.8669343696469],[77.6032759914606,12.8672122167816],[77.6032782502464,12.8674386736389],[77.6034092409878,12.8676148185598],[77.6035293874408,12.8679282504045],[77.6034856311724,12.867929023036],[77.6034428468017,12.8678930821743],[77.603410401739,12.867852010064],[77.6032969057063,12.8677209624688],[77.6032426115342,12.8676862055749],[77.6031273973526,12.8676748935843],[77.6030135728899,12.8677121445165],[77.6029240689383,12.8677775171576],[77.6028943941558,12.8678318752685],[77.6028649210161,12.8679274596216],[77.6028424970248,12.8680518124965],[77.6028004966123,12.8681762577404],[77.6027719954097,12.8682351285936],[77.6026341034473,12.8682962134878],[77.6025489462576,12.868308477819],[77.6024222497502,12.8683039984553],[77.6023367782131,12.8682518816352],[77.6021599279322,12.868117182188],[77.6019772914777,12.8679768610468],[77.6018376347572,12.8679125779588],[77.6017224274628,12.8679023954853],[77.6016385379116,12.8679383738464],[77.6015571382161,12.8680127433549],[77.6015072089967,12.8681643350604],[77.6015871180854,12.8684920787602],[77.6017740779057,12.8690457801128],[77.6017512527246,12.8693237481122],[77.6017035895888,12.8697034908305],[77.6016810134144,12.8700322854497],[77.6019725981387,12.8707865426012],[77.6026403407649,12.8731033812972],[77.6029524570756,12.874757193954],[77.60306005667,12.875329907409],[77.6030677565396,12.8754913902169],[77.6030937642786,12.8756285025009],[77.603102112783,12.8756871969495],[77.6031187155908,12.8757853851893],[77.6031665867437,12.8759190042794],[77.6032291372265,12.8759932537128],[77.6032809782549,12.8759969610387],[77.6033508827276,12.8759265987261],[77.6034022036659,12.8758241333124],[77.6034763832142,12.8756859799694],[77.6035163255679,12.8756118066727],[77.6035460130702,12.8755597077367],[77.6035869725152,12.8754578566614],[77.6036141126964,12.8753560715971],[77.6036591814234,12.8751525451648],[77.6036905386577,12.8749711093936],[77.6038772639875,12.8747697314768],[77.6039745825215,12.8746534930077],[77.6040916375509,12.87456991707],[77.6042892021094,12.8744650597336],[77.6046833232017,12.8742852845647],[77.6049051921503,12.8742051614578],[77.6051824663192,12.8741513163528],[77.6059743485791,12.8740645202397]]]}},{"type":"Feature","properties":{"kgisWetlandId":2700,"wetlandCode":"1202","wetlandClass":"Tank/Pond","forestBeatId":2372,"areaM2":314111,"shapeAreaM2":314515.9,"shapeLengthM":2675.8,"labelPoint":[77.678078,12.872229],"source":"kgis-wetlands"},"geometry":{"type":"Polygon","coordinates":[[[77.6781162565402,12.8685565317499],[77.6777060712195,12.8682897842988],[77.6774823463027,12.8682276618775],[77.677258821906,12.8682039410255],[77.6769697342779,12.8681946673546],[77.6766938446913,12.8682881108494],[77.6764982881736,12.8683280642808],[77.676247129778,12.8683050449138],[77.6759175383077,12.8682575721452],[77.6756282432662,12.868208203189],[77.6753783704733,12.8682111557479],[77.6751690679153,12.8682652944293],[77.6749991772683,12.8683694974238],[77.6748825253401,12.8685253879769],[77.6748317061045,12.868718785394],[77.6748337228366,12.8688859384352],[77.6748626924789,12.8691433158393],[77.6749039933037,12.8693356842507],[77.6749853339704,12.8694770243438],[77.6751971232407,12.8696803950928],[77.6752645756936,12.8706977186362],[77.6763021634407,12.8720360109951],[77.6761412111738,12.8725320994542],[77.6758859302019,12.8728253566641],[77.6758711945122,12.8733150622261],[77.6762078840353,12.8736200193839],[77.6766672200267,12.8740361769394],[77.677239944117,12.874555108825],[77.6775835821891,12.8748668067701],[77.6776677370528,12.8753277748895],[77.6777245913406,12.8756318827584],[77.6780437471786,12.8758855355101],[77.6784701876556,12.8759534097395],[77.678764324212,12.8758242931886],[77.6787986073737,12.8755519154206],[77.6788229276069,12.8753563929048],[77.6791085933686,12.8751488198465],[77.6792497100999,12.8750470183593],[77.679158060186,12.874695647903],[77.6790957519633,12.8744503010161],[77.6787481606607,12.8742645630627],[77.6784190329798,12.8740860723934],[77.6790733907199,12.8739144751266],[77.6794374915032,12.8735099768764],[77.6799051389303,12.8724227481479],[77.6799556457755,12.8715053556511],[77.6800025066105,12.8714373492089],[77.6803883310439,12.8712253163611],[77.6805607420083,12.8709415095991],[77.6805582042396,12.8706749651982],[77.6800071167575,12.8705518134325],[77.6799782957818,12.8705457466399],[77.6802008885538,12.8703898833957],[77.6803961735961,12.8702974079703],[77.6805395715452,12.8701922070771],[77.6806048717733,12.870126931665],[77.6806171397196,12.8700500646251],[77.6806030511145,12.8699981793151],[77.6805511003074,12.8699730294777],[77.680287276698,12.8699506435304],[77.6799854482034,12.8699278845258],[77.6797870569279,12.8698656363037],[77.6796410300726,12.869686786454],[77.6793618482539,12.8693679899865],[77.6791096126568,12.8691377193349],[77.6788451242594,12.8689871392282],[77.6786060246008,12.8688471615356],[77.6781162565402,12.8685565317499]]]}},{"type":"Feature","properties":{"kgisWetlandId":2705,"wetlandCode":"1202","wetlandClass":"Tank/Pond","forestBeatId":2296,"areaM2":34085,"shapeAreaM2":34117.2,"shapeLengthM":906.7,"labelPoint":[77.439966,12.878988],"source":"kgis-wetlands"},"geometry":{"type":"Polygon","coordinates":[[[77.4395775206222,12.8795690812176],[77.4398841519515,12.8793639249569],[77.4401848714073,12.8793937439251],[77.4406978868223,12.8795141763382],[77.4407197931034,12.8795197339919],[77.4410201805028,12.8794716124104],[77.4411536863703,12.8794501619865],[77.4412249529965,12.8794176741158],[77.4414525567726,12.8793161992035],[77.4416839355135,12.8790192939121],[77.4413819259543,12.8789567246349],[77.440847283466,12.8788962485803],[77.4405794058133,12.8787352659204],[77.4401428308389,12.8784445151077],[77.4399031329188,12.878409925885],[77.4397579288272,12.878388500628],[77.4393061815195,12.8783214652594],[77.4388381977526,12.8782279530362],[77.4384709620081,12.878263922925],[77.4384215932321,12.8783002729665],[77.438105849183,12.8785291859482],[77.4383103449024,12.8789530586588],[77.4387129653016,12.8791129235887],[77.4391495394328,12.8794036750644],[77.4391747822655,12.8796526408918],[77.439386876855,12.8796958174711],[77.4395775206222,12.8795690812176]]]}},{"type":"Feature","properties":{"kgisWetlandId":2708,"wetlandCode":"1202","wetlandClass":"Tank/Pond","forestBeatId":2550,"areaM2":753916,"shapeAreaM2":755012.8,"shapeLengthM":3791.1,"labelPoint":[77.78086,12.872354],"source":"kgis-wetlands"},"geometry":{"type":"Polygon","coordinates":[[[77.7789822082057,12.8756948833372],[77.7795012825328,12.8756463195121],[77.7799572679937,12.8756415821479],[77.78028198421,12.875638123018],[77.780673047255,12.8757613634079],[77.7813919651591,12.876030211205],[77.7820311358863,12.8762469725159],[77.7820680923622,12.8762659713121],[77.7826553436185,12.8762593854059],[77.7829984841603,12.8762558218039],[77.7833914911538,12.87631466964],[77.7836862682913,12.8763113689843],[77.7840295045726,12.8763247446236],[77.7849527615948,12.8762745325401],[77.7853108688537,12.8762703189304],[77.7855894381412,12.8762518575393],[77.7857995300915,12.8761377672662],[77.785912802965,12.8760078285728],[77.7859319531923,12.8759320520101],[77.7859661174186,12.8758640991764],[77.7860606232466,12.8756732737052],[77.7860587671582,12.8755479156743],[77.7860561937916,12.8752949364414],[77.7858601773542,12.8750447079841],[77.7856643360424,12.8748255359951],[77.7856578675087,12.8742890901833],[77.7855668873438,12.871827417277],[77.7853183411918,12.8698093425778],[77.7848922152017,12.8695925558869],[77.7849334856026,12.8695595780571],[77.7850779286549,12.8694441520399],[77.7853505843068,12.8693991815926],[77.7854550234818,12.8693370578956],[77.7855163917358,12.8691921555424],[77.7855304918975,12.8690373459916],[77.7855348057244,12.8689853678248],[77.7854482174955,12.8687401874277],[77.7852574186542,12.8685977907276],[77.7849639157275,12.8686214150335],[77.7845887815262,12.8688725007742],[77.7840441497929,12.8690838503213],[77.7839797435688,12.8690977547161],[77.7832056693767,12.8692572688024],[77.7824287945703,12.8693281358056],[77.7820918640721,12.8694107241764],[77.7814277449458,12.8692596054625],[77.7808430746148,12.8693130446289],[77.7802747962329,12.8694149593412],[77.779805898578,12.8695795825818],[77.7794516162499,12.8698542658985],[77.7791132763146,12.8700972395645],[77.7787594396494,12.8704521103159],[77.7783894764192,12.8708059395657],[77.7778111973865,12.8713862206682],[77.7775581245293,12.8716394591751],[77.7770077304821,12.8716458332142],[77.7766720778062,12.8717521267139],[77.7763398713527,12.872063394055],[77.7759262626914,12.8726450388056],[77.7754290518883,12.8733095841893],[77.7749086950596,12.8737472375059],[77.7745208933646,12.8742084563094],[77.7745843372697,12.8742278776021],[77.7746271752098,12.8742694344212],[77.7746910773121,12.8743713030854],[77.7747978193254,12.8745147284795],[77.7748649115334,12.8745691426418],[77.7749647146706,12.8751203336489],[77.7750577325862,12.8756935850061],[77.775172392882,12.8762243649701],[77.7754559276731,12.8764763874512],[77.7758037961208,12.876494267643],[77.7767572223801,12.876484014333],[77.7774933365678,12.8763269819843],[77.7781194681958,12.8760655060509],[77.7785719584621,12.8758473263898],[77.7789822082057,12.8756948833372]]]}},{"type":"Feature","properties":{"kgisWetlandId":2711,"wetlandCode":"1202","wetlandClass":"Tank/Pond","forestBeatId":2374,"areaM2":506440,"shapeAreaM2":507056.5,"shapeLengthM":3088.5,"labelPoint":[77.630923,12.873847],"source":"kgis-wetlands"},"geometry":{"type":"Polygon","coordinates":[[[77.6317326398876,12.8690727666887],[77.6310567266318,12.8686248212303],[77.6302843119724,12.8686833582132],[77.629310851889,12.8692991499774],[77.6287054494948,12.8705179979974],[77.6284108118524,12.8719352585445],[77.6286299014998,12.8738374032178],[77.6285998130634,12.8740386008752],[77.6286304142747,12.8744010213528],[77.628558900498,12.8753004517092],[77.6285174998408,12.8755423661224],[77.6284038792512,12.8758507064359],[77.628166074251,12.8761969239544],[77.627486002482,12.8769953946257],[77.6274494900317,12.8770633420889],[77.6274160589837,12.8772871452581],[77.6274352223433,12.8774350168995],[77.6275005489773,12.877602431515],[77.6276999643419,12.8778702841096],[77.6277578934937,12.8779400311456],[77.6278447895019,12.8780452176322],[77.6280064752748,12.8781370507661],[77.6282581653727,12.8782645913551],[77.6284913377158,12.8783735851877],[77.6301168148569,12.8787118732588],[77.6321970422751,12.8790213918883],[77.6324021844951,12.8790520177003],[77.6326691169127,12.8790032777004],[77.6328653770979,12.8788701699618],[77.6329966408859,12.8786362884882],[77.633029930886,12.8783853772534],[77.6329995529081,12.8780687016799],[77.6328839125992,12.8772842632685],[77.6328730336146,12.8771815315417],[77.6329463144674,12.8766378858905],[77.633555278031,12.8756720193065],[77.6338053220364,12.8750123016345],[77.6338004898527,12.8745080048044],[77.6332260316045,12.8738568260819],[77.6325992514087,12.8731053755755],[77.6320237859749,12.8722520196369],[77.6320151326409,12.8714439038319],[77.6320059767955,12.8705352672622],[77.6317326398876,12.8690727666887]]]}},{"type":"Feature","properties":{"kgisWetlandId":2724,"wetlandCode":"1202","wetlandClass":"Tank/Pond","forestBeatId":2374,"areaM2":65979,"shapeAreaM2":66060.5,"shapeLengthM":1284.6,"labelPoint":[77.642029,12.878944],"source":"kgis-wetlands"},"geometry":{"type":"Polygon","coordinates":[[[77.6431037265488,12.8785043537289],[77.64321743355,12.8784444970082],[77.6432266468093,12.8784444509766],[77.6432228525939,12.8781496711814],[77.6432206820673,12.8779480678285],[77.6432196612184,12.8777458936575],[77.6434222055388,12.8774907611189],[77.6433677058314,12.8771888892304],[77.6431596627221,12.8770396892461],[77.6429549377834,12.8770915225691],[77.6424921399584,12.8773490626358],[77.6420313873733,12.8775557637776],[77.6414130047286,12.8775621885713],[77.640845801323,12.8776694492486],[77.6404337968233,12.8777234272192],[77.6403334790745,12.8779266634482],[77.6403364168939,12.8782807460362],[77.6404424786488,12.8785315389641],[77.6408043245598,12.8785788970618],[77.6412187512154,12.8787762195323],[77.6413768982359,12.8790787125111],[77.6415890280417,12.8795808605706],[77.6416459561245,12.880135728977],[77.6417028837625,12.8806905955041],[77.6418072948113,12.8808420002086],[77.6418591174555,12.8808417455505],[77.6421170665138,12.8808387845443],[77.6423728451998,12.8806342189311],[77.6423704159566,12.8803812241],[77.6423137428455,12.879877182955],[77.6424138048261,12.8796236839892],[77.6428136914995,12.8794500364407],[77.6427831622213,12.8793338483388],[77.6427367697641,12.8790409727984],[77.6427657286998,12.8788465570746],[77.642842764049,12.8785943014187],[77.6431037265488,12.8785043537289]]]}},{"type":"Feature","properties":{"kgisWetlandId":2725,"wetlandCode":"1202","wetlandClass":"Tank/Pond","forestBeatId":2296,"areaM2":59190,"shapeAreaM2":59249.4,"shapeLengthM":1169.4,"labelPoint":[77.491939,12.881494],"source":"kgis-wetlands"},"geometry":{"type":"Polygon","coordinates":[[[77.4914070030766,12.8819220262646],[77.4915692550388,12.8818913892223],[77.491642118849,12.8819605411646],[77.4918653469369,12.8821741868721],[77.491906915945,12.882198292417],[77.4919611848632,12.8822296830874],[77.4920475573735,12.8822287434167],[77.4921707831804,12.8822276453215],[77.4923317198364,12.8821603027981],[77.4929357416702,12.8817640317421],[77.4935961445487,12.8813567844138],[77.4937189814817,12.8812687099894],[77.4937854041559,12.8811848357046],[77.4938035392129,12.8811192429844],[77.4938124645734,12.8810548194853],[77.4937452956296,12.8809715247247],[77.4936585448833,12.8808877496669],[77.4935152043915,12.880768639936],[77.4933524105773,12.880677289397],[77.4932184452828,12.8805942854391],[77.4931328950085,12.88052123596],[77.4929883585369,12.8803919655985],[77.4928741792315,12.8803557507094],[77.4927418268113,12.8803760919665],[77.4924196576229,12.8804435690477],[77.4919948024206,12.8807278008455],[77.4917683424715,12.8808225356895],[77.4916819704243,12.8808234751801],[77.4916496274572,12.8808021539913],[77.4915965005658,12.8807684980803],[77.4914623291626,12.8806391814283],[77.4913558002847,12.8805103099926],[77.4912596323208,12.8803802638322],[77.4911739996484,12.8802885768792],[77.4910965491116,12.8802239632719],[77.4909534135256,12.8801505979903],[77.4908543937171,12.8801561108755],[77.4907875999168,12.8801569649637],[77.4906829244491,12.8801856568108],[77.4905794838785,12.8802329816125],[77.4904475860142,12.8803555445424],[77.4903646350729,12.8806077936433],[77.490365339524,12.8807659275296],[77.4905118109527,12.8810714017469],[77.4905121227481,12.8811414322024],[77.4905036232655,12.8813018654057],[77.4905062430198,12.8816316823259],[77.4905307866667,12.8819710069618],[77.4905751725389,12.8823695455674],[77.4905773478987,12.8825994001304],[77.490598564483,12.8827088738824],[77.4906713435222,12.8827588238021],[77.4908231806021,12.8827169372811],[77.4909033981435,12.8826267902148],[77.4909949071027,12.8824863288112],[77.4911149861944,12.8822954789959],[77.4912555220182,12.8820435445687],[77.4914070030766,12.8819220262646]]]}},{"type":"Feature","properties":{"kgisWetlandId":2732,"wetlandCode":"1202","wetlandClass":"Tank/Pond","forestBeatId":2550,"areaM2":402574,"shapeAreaM2":403183.3,"shapeLengthM":2623.8,"labelPoint":[77.8173,12.877992],"source":"kgis-wetlands"},"geometry":{"type":"Polygon","coordinates":[[[77.8212094407364,12.8761690880823],[77.820940145261,12.8759972277993],[77.8208674018031,12.875963187946],[77.8207600178265,12.8759124003298],[77.8205213283689,12.8758561340445],[77.820194315075,12.875859656205],[77.8199260243097,12.8758622845282],[77.8196881756296,12.8759522741258],[77.8193616686035,12.8760438874777],[77.818974777676,12.8760477430303],[77.8186466119798,12.8760512693867],[77.8183192607093,12.8759960619718],[77.818109695677,12.8759983607952],[77.8177821099583,12.8759024945449],[77.8176771465602,12.8758720215532],[77.8173489816552,12.8758755471306],[77.8171124512355,12.8759948908338],[77.8169642500399,12.8760550120341],[77.8166360837741,12.876058536778],[77.816218919679,12.8760043911642],[77.8159800685672,12.8759198863324],[77.81571094366,12.875777385839],[77.8155893662062,12.8756611677983],[77.815378628953,12.8754590460524],[77.8152284419962,12.8753740468803],[77.8149308627545,12.8752893041978],[77.8146025292094,12.8752634610918],[77.8144247247376,12.8753824757023],[77.8142484054009,12.8755596471343],[77.814044298262,12.8759114704522],[77.8138383753443,12.8761475365258],[77.8134893891039,12.8769389452962],[77.8131049837637,12.8771760029814],[77.8129289947992,12.8774113378865],[77.8129190900883,12.8778936569304],[77.8130734244497,12.8783005189291],[77.813134301916,12.8784746771166],[77.8131364567676,12.8786497255117],[77.8131687151858,12.8788534063572],[77.8131996569725,12.879028295353],[77.8133513329505,12.8791720168382],[77.8137091260665,12.8793140260784],[77.81403779796,12.8793980321945],[77.8144863887582,12.8795096060656],[77.8149037278022,12.879593117476],[77.8151366507398,12.8796471615146],[77.8152623370449,12.8796763898922],[77.815799929466,12.8798456303757],[77.8162501761861,12.8800447218057],[77.8169961867135,12.8802116675332],[77.8175506308363,12.8803073981293],[77.8176026053417,12.8805346860786],[77.8178560816523,12.880758590899],[77.8182606892187,12.8808303081477],[77.818734450912,12.8809129333706],[77.8194160178242,12.8806866289634],[77.8197363835825,12.8805272843156],[77.8197532657932,12.880459424563],[77.8198988094215,12.8801372909409],[77.8202353838776,12.8795932880619],[77.8203511566058,12.8793006856005],[77.8205273052598,12.8790941463937],[77.8207029489549,12.8788000795635],[77.8209391430913,12.8786225689259],[77.8211171185009,12.8785334786063],[77.8213837535009,12.8784427625142],[77.8214717459534,12.8783253752262],[77.8215890030843,12.8780909291237],[77.8217348815153,12.8778275232133],[77.8218508143811,12.8775631555516],[77.8219366393757,12.8772695902882],[77.8218742722204,12.877037844271],[77.8217530041394,12.8767759327328],[77.821600485972,12.8764865257816],[77.8213899054802,12.8763126441228],[77.8212094407364,12.8761690880823]]]}},{"type":"Feature","properties":{"kgisWetlandId":2741,"wetlandCode":"1202","wetlandClass":"Tank/Pond","forestBeatId":2374,"areaM2":99710,"shapeAreaM2":99826.9,"shapeLengthM":1275.1,"labelPoint":[77.598549,12.883749],"source":"kgis-wetlands"},"geometry":{"type":"Polygon","coordinates":[[[77.597406339433,12.8825686989541],[77.5971322581346,12.8825711275674],[77.5967487781001,12.8825752049329],[77.5965094100465,12.8826113535626],[77.5964072099674,12.8826722670674],[77.596360449758,12.8827662376389],[77.5963416590348,12.8829278476508],[77.596336846943,12.8831221454356],[77.5963555998862,12.8836619642885],[77.5963575957202,12.8838353350496],[77.5963944082042,12.8840633210866],[77.5964784672141,12.8842972970759],[77.5965690783108,12.884457823544],[77.5967076626246,12.8845367967651],[77.5969197560802,12.8845753244905],[77.5971732729136,12.8846063128513],[77.5983458046886,12.8846352010864],[77.5988942667923,12.8846907681055],[77.5992561033673,12.8847347940192],[77.599917541849,12.8848135409907],[77.6003274487816,12.8847963444246],[77.6004906833238,12.8847345754233],[77.6006741526165,12.8845716174609],[77.600781287784,12.8843423830646],[77.6008068590008,12.8841547619155],[77.6007836966937,12.8838928260074],[77.600691168709,12.8835764381463],[77.6006144416576,12.8834294020877],[77.6003866603672,12.8832441155543],[77.600244666826,12.883174760971],[77.5997863735373,12.8829521669291],[77.5996028237435,12.8828626769256],[77.5989983407355,12.8826543293766],[77.5987090596449,12.8826099571674],[77.598544346217,12.8826045265865],[77.5980214234036,12.8825895010191],[77.5976528152285,12.8825731779467],[77.597406339433,12.8825686989541]]]}},{"type":"Feature","properties":{"kgisWetlandId":2744,"wetlandCode":"1202","wetlandClass":"Tank/Pond","forestBeatId":2550,"areaM2":210880,"shapeAreaM2":211192.6,"shapeLengthM":1880.8,"labelPoint":[77.798109,12.88086],"source":"kgis-wetlands"},"geometry":{"type":"Polygon","coordinates":[[[77.7978550252313,12.8781712892693],[77.7976843422014,12.8781264865131],[77.7974072856303,12.8782087659594],[77.7970866731116,12.8785301586977],[77.7965617447735,12.8791717400117],[77.7961273940678,12.879743926239],[77.7958889195744,12.8801326330532],[77.7958134487673,12.8806333853929],[77.7959922022966,12.8810864342156],[77.7966034097185,12.8818516476172],[77.797188580673,12.8824922021536],[77.7976213020778,12.8828512378538],[77.7981913640381,12.883060430513],[77.79875989295,12.8832024288601],[77.799339224615,12.8832184361379],[77.8000577632247,12.8832110857012],[77.8005996055018,12.8831149183114],[77.8011184004199,12.8828133214012],[77.8014867616474,12.8825859673803],[77.8015017247131,12.882584754875],[77.8017520516541,12.8824591353035],[77.8019317574772,12.8822672693078],[77.8020778135901,12.882030976983],[77.8020641257206,12.8818514743838],[77.8019479581103,12.8816736659018],[77.801763921977,12.8815086573093],[77.8015455254902,12.8813765902011],[77.8012708987749,12.8812787165667],[77.8009505910067,12.8812482957911],[77.8007005089873,12.881214098975],[77.8006634931047,12.8811849381285],[77.799941087615,12.8805101366428],[77.7995843647852,12.8801501211205],[77.7990391217272,12.8796460133953],[77.7985685278458,12.8791059161649],[77.7980036286845,12.8783839329672],[77.7978550252313,12.8781712892693]]]}},{"type":"Feature","properties":{"kgisWetlandId":2759,"wetlandCode":"1202","wetlandClass":"Tank/Pond","forestBeatId":2363,"areaM2":107048,"shapeAreaM2":107143.5,"shapeLengthM":1485.5,"labelPoint":[77.408223,12.888193],"source":"kgis-wetlands"},"geometry":{"type":"Polygon","coordinates":[[[77.4100979634341,12.8897313590652],[77.4101172544574,12.8896612471815],[77.4100558014212,12.8895620915618],[77.4099020465299,12.8894237730544],[77.409787038537,12.8891853307201],[77.4097030836595,12.8889365972668],[77.4096713323544,12.888778019484],[77.4096394926136,12.8885985450941],[77.4096375993006,12.888418950342],[77.4096550382121,12.8881794092418],[77.4097539612877,12.8878700717764],[77.4099257701359,12.8876395108443],[77.4101666791071,12.8874081065417],[77.410375377609,12.8871858689554],[77.4103891381696,12.8871711281282],[77.410488840293,12.8870504274365],[77.410528407584,12.8868706650297],[77.4105367576211,12.886661659303],[77.4105157788805,12.8866018764169],[77.4104754288233,12.8865924372732],[77.4102807094779,12.8865740190562],[77.410169285005,12.8866450661654],[77.4099177625729,12.886816646168],[77.4096041343563,12.8870093717648],[77.409391275591,12.8870610596023],[77.409034375806,12.8870946892997],[77.4086989419147,12.887027698925],[77.4085139723697,12.8868601355896],[77.4082886923288,12.8866927352104],[77.4081144565128,12.8866143648007],[77.4079312519832,12.8865953337637],[77.4077077873263,12.8865888899635],[77.4075142356103,12.8865744173845],[77.4074532384159,12.8865853937895],[77.4073417710252,12.8866462743118],[77.4073177347626,12.8866825174781],[77.406935540607,12.8867269756465],[77.406856919722,12.8872130105516],[77.4066960327508,12.8875790751877],[77.4066981856769,12.8878219259158],[77.4068826452597,12.8881453741123],[77.4067665694346,12.8882062734168],[77.4066968094786,12.8883268530829],[77.4066672375234,12.8884173379321],[77.406658764064,12.8885969750966],[77.4067117386452,12.8888752033638],[77.4069090271418,12.889237005907],[77.4070016988685,12.8893659700535],[77.4071045730232,12.8894553585093],[77.4071264930245,12.8894643062634],[77.407247627462,12.8895129569983],[77.4074608593107,12.8895510705708],[77.4078179308907,12.8895581071573],[77.4080922016645,12.8895954100084],[77.408245666523,12.8896636969232],[77.4083482893984,12.8896920889939],[77.4085718047984,12.8897103931847],[77.4088457844684,12.8896770977065],[77.4091107631568,12.8896952338468],[77.4094875992392,12.8897468066569],[77.4097123875067,12.889794473585],[77.4099254121196,12.8897823204161],[77.4100979634341,12.8897313590652]]]}},{"type":"Feature","properties":{"kgisWetlandId":2761,"wetlandCode":"1202","wetlandClass":"Tank/Pond","forestBeatId":2374,"areaM2":120734,"shapeAreaM2":120882.4,"shapeLengthM":1668.9,"labelPoint":[77.636457,12.885876],"source":"kgis-wetlands"},"geometry":{"type":"Polygon","coordinates":[[[77.6379168711667,12.8853711542939],[77.6380237762605,12.8853316627516],[77.6382506958802,12.8853407166668],[77.6384534324255,12.8853498886198],[77.6384983113678,12.8853428927487],[77.6385961169205,12.8853260355336],[77.6386775268491,12.8852550423079],[77.6387011813546,12.8851498835292],[77.6387234448287,12.8849972934696],[77.6386855965888,12.8847998164512],[77.638540415596,12.8845565571096],[77.6384429768502,12.8844175415071],[77.6383581490569,12.884267169325],[77.6382487619928,12.8840423714364],[77.6381653873102,12.8839518544348],[77.6374073018456,12.8841199079962],[77.6366334360871,12.8841276490855],[77.6359646140879,12.8841840058913],[77.6352905686396,12.8838885497417],[77.6344638679417,12.8836949259735],[77.6344086979501,12.8837166554782],[77.6343259497035,12.8837503807223],[77.6342064171989,12.8837978376469],[77.6341579129722,12.8840002549833],[77.6341605899612,12.8843040766975],[77.6343686351263,12.8844532836487],[77.6348378183409,12.8850038804304],[77.6351471207215,12.8855936606677],[77.6352110756503,12.885715898862],[77.6352129302941,12.8863139592351],[77.635220841201,12.8869712875064],[77.6352235116993,12.8872734141779],[77.6354043290977,12.8875040781778],[77.6354060200512,12.8876113711866],[77.6354537093322,12.8877048864048],[77.6355609836918,12.8877388122255],[77.6353142017955,12.8881319532672],[77.6355928881695,12.8881288968733],[77.6359523243043,12.88792326497],[77.636258023391,12.8875665427354],[77.6367674354703,12.8869552523204],[77.6372255286085,12.8864447364114],[77.6376346132498,12.8860366801927],[77.6379168711667,12.8853711542939]]]}},{"type":"Feature","properties":{"kgisWetlandId":2764,"wetlandCode":"1202","wetlandClass":"Tank/Pond","forestBeatId":2372,"areaM2":199144,"shapeAreaM2":199397.2,"shapeLengthM":2317.6,"labelPoint":[77.664731,12.885381],"source":"kgis-wetlands"},"geometry":{"type":"Polygon","coordinates":[[[77.665215011045,12.8870804864675],[77.6655844963621,12.8870430596696],[77.6660395440128,12.8870718429063],[77.6664383962841,12.8871460857202],[77.6667232788484,12.887228805992],[77.6669045188642,12.887312609387],[77.6672332899709,12.8878666688192],[77.6672904284159,12.8877805415158],[77.6673087210278,12.887754471975],[77.6673288852505,12.8876448106246],[77.6673225850181,12.8875398005025],[77.6673200789049,12.8875002809982],[77.6673013440316,12.8874405129935],[77.6672614937069,12.887305738444],[77.6672286895717,12.887197471637],[77.6672120949179,12.8871060676181],[77.6671967077967,12.8870253862874],[77.6672112311599,12.8869383437379],[77.6672568389268,12.886849450382],[77.6671108449317,12.8866773707855],[77.6669169316691,12.8865925005308],[77.666723862145,12.8862241272312],[77.6666452921851,12.8859506201974],[77.666596549476,12.8854307369593],[77.6664945940288,12.8846411723188],[77.6664721409884,12.8843063935014],[77.6664252191689,12.883916391159],[77.6663854882369,12.8838047707879],[77.6662706888799,12.8836517357629],[77.6660603948073,12.8835161205654],[77.6657178029614,12.883407709516],[77.6652897343488,12.8832494645623],[77.6649404545648,12.8831840063434],[77.6645212612738,12.8831838438513],[77.6640891733814,12.8831396928938],[77.663637517603,12.8830973357218],[77.6634425692507,12.8830344929032],[77.6633443146481,12.8829632609188],[77.6632551524927,12.8828682656344],[77.6631752009155,12.8827732235693],[77.6631275837818,12.8826949609704],[77.6631124856019,12.8826701881267],[77.6630232805726,12.8825672848472],[77.6629425042178,12.8825354986188],[77.6627832621662,12.8824736063714],[77.6625275298591,12.8824596350051],[77.6623779112254,12.8824778886443],[77.6622643122672,12.8825580848077],[77.6621682011199,12.882679983562],[77.6621343482022,12.8828156907711],[77.6621005428632,12.8829604341581],[77.662102390278,12.8830959625662],[77.6621042020284,12.8832247158728],[77.6621579555548,12.8833763631978],[77.6623990824799,12.8836857678549],[77.6624638828622,12.8837458728154],[77.662631653696,12.8838986456758],[77.6631304683745,12.8843778811642],[77.66318525199,12.8845058035264],[77.6631776843629,12.8846018481035],[77.6631255779641,12.8847709661547],[77.6630822694095,12.8848592827262],[77.6630311833586,12.8850029824298],[77.663023574458,12.8850911200228],[77.6630070023049,12.885227871036],[77.6629728690038,12.885308799334],[77.6629465850852,12.8853484629139],[77.6627972085077,12.8854141536888],[77.6626397754179,12.8854804503328],[77.6625779537363,12.8855519163091],[77.6625360852799,12.885696699328],[77.662555538796,12.8858965219955],[77.6626556939073,12.8861134477725],[77.6627619288249,12.8861688271476],[77.6629303487722,12.8862233306573],[77.6632752058857,12.8863238270465],[77.6633551983102,12.886426775837],[77.6633834517298,12.8865463596218],[77.6633855060449,12.8867219847017],[77.663378106335,12.8868507828198],[77.6632220845933,12.8871921021004],[77.6631367028083,12.8873851058691],[77.6630497968983,12.8875058301228],[77.6629895044813,12.8876507058643],[77.6629561862086,12.8878903224655],[77.6629408870317,12.8880507863786],[77.6629336090848,12.8882033028021],[77.6630228147087,12.8883062057084],[77.6631728124503,12.888361366047],[77.6633937911374,12.8883342832821],[77.6635074331537,12.8882619941093],[77.663603423161,12.8881163745474],[77.6636887239984,12.8879075584752],[77.6638020291641,12.8877697603525],[77.6641343442301,12.887446195344],[77.664344468473,12.8873242911774],[77.6646881720634,12.887200022917],[77.6649365491569,12.8871264939565],[77.665215011045,12.8870804864675]]]}},{"type":"Feature","properties":{"kgisWetlandId":2768,"wetlandCode":"1202","wetlandClass":"Tank/Pond","forestBeatId":2363,"areaM2":61311,"shapeAreaM2":61360.8,"shapeLengthM":1368.7,"labelPoint":[77.357061,12.889431],"source":"kgis-wetlands"},"geometry":{"type":"Polygon","coordinates":[[[77.3564404090415,12.8875546247553],[77.3562282573359,12.8869087421405],[77.3559393346529,12.8869516413572],[77.3559487378974,12.8878818270659],[77.3559513189966,12.8882466756739],[77.3562068737947,12.8890934594967],[77.3565513569083,12.8905888536296],[77.3567262538884,12.8917194732132],[77.3567729165982,12.8921637905636],[77.3570608531559,12.8921615588152],[77.3573896159734,12.8919970743078],[77.3575539947951,12.8919139848366],[77.3576335042549,12.8916301524595],[77.3576309257729,12.8912664338095],[77.3577505847933,12.8909412168626],[77.3578296198351,12.8905365197849],[77.3578231458321,12.8897678565601],[77.3578556714021,12.8889578136827],[77.3576908437671,12.8889262511155],[77.3574430348841,12.8888803217622],[77.3571537913384,12.8888418919849],[77.3568642345662,12.8887238280515],[77.3566977543093,12.8885640626449],[77.3565276944689,12.8880789868105],[77.3564404090415,12.8875546247553]]]}},{"type":"Feature","properties":{"kgisWetlandId":2771,"wetlandCode":"1202","wetlandClass":"Tank/Pond","forestBeatId":2366,"areaM2":397133,"shapeAreaM2":397575.7,"shapeLengthM":3526.1,"labelPoint":[77.561602,12.886084],"source":"kgis-wetlands"},"geometry":{"type":"Polygon","coordinates":[[[77.5667357836489,12.8889518235185],[77.5666768864034,12.8881913625417],[77.5666401578378,12.8877335101764],[77.5661209308321,12.887772056779],[77.5654059918898,12.8878267552136],[77.5649674681833,12.8883686930914],[77.5649072706306,12.8883034590379],[77.5640609899502,12.8873772039501],[77.5635766090017,12.8865068819152],[77.5636780625918,12.8862861568572],[77.5637988824882,12.8860207259277],[77.5640869748321,12.8858143884726],[77.5644724123663,12.8857352362507],[77.5647040495156,12.8855240749811],[77.5649081694982,12.8853390194521],[77.5648750392442,12.8851528016774],[77.5648170774335,12.8848305902254],[77.5645497199196,12.8845522670358],[77.564328655753,12.8843217355073],[77.5639034620323,12.8842739990999],[77.5635739067619,12.8842365507305],[77.5632431986077,12.884199107797],[77.5629798662862,12.8840404940019],[77.5628066757675,12.8837046943391],[77.5626555807079,12.8834139740122],[77.5627389327326,12.8830188203158],[77.5625399900721,12.8825950359734],[77.5623538535486,12.8821999951618],[77.5617890769105,12.8816158079889],[77.5611857284875,12.8813983290891],[77.5604211562456,12.881426132392],[77.5598651229647,12.881716154235],[77.5595373960756,12.8820649898571],[77.5595209814739,12.882490896849],[77.5597947782772,12.8829149046619],[77.5602743252853,12.8832543810326],[77.5608127066382,12.8833710681146],[77.5612134555837,12.8836075535121],[77.5612112619799,12.8838741311388],[77.5612085387404,12.884272302099],[77.5607629978368,12.8845488274147],[77.5603312321293,12.8848162523363],[77.5598765319283,12.8848612664162],[77.559527687136,12.8851288739084],[77.5593877595052,12.8854949192813],[77.5594098349267,12.885779458297],[77.559439211097,12.8861469829429],[77.5597190842068,12.8863936271982],[77.5600012719169,12.8866425188075],[77.5604153026809,12.8870077100186],[77.5609877696529,12.8875111016171],[77.5613146366872,12.8879529352515],[77.5622847882372,12.8892587137297],[77.562703481069,12.8896340443556],[77.5630735903763,12.8899644168859],[77.5633558014838,12.8902166930569],[77.5635049941988,12.8903481589472],[77.5639352342008,12.8907290818251],[77.5646850808604,12.8907476448152],[77.5653393244976,12.8907638238234],[77.5661814443413,12.8903267585787],[77.5668868448907,12.8899603529838],[77.5669741612763,12.8894313318482],[77.5667357836489,12.8889518235185]]]}},{"type":"Feature","properties":{"kgisWetlandId":2773,"wetlandCode":"1202","wetlandClass":"Tank/Pond","forestBeatId":2363,"areaM2":31981,"shapeAreaM2":32008.1,"shapeLengthM":727.3,"labelPoint":[77.370569,12.891667],"source":"kgis-wetlands"},"geometry":{"type":"Polygon","coordinates":[[[77.3710619036587,12.8907232965486],[77.3709006600298,12.8907244866828],[77.3708747136405,12.890861268634],[77.3708413300604,12.8908659164514],[77.3707630584647,12.8908780803642],[77.3706561365996,12.89092650239],[77.3705125474509,12.8910225101062],[77.3702227662882,12.8911394164317],[77.3700479290843,12.891197703442],[77.3699328314942,12.8912179172844],[77.3697790282544,12.8913523695671],[77.3697023522189,12.8914763573272],[77.3696647977823,12.8915905908053],[77.3696469754666,12.8917431542534],[77.3696969234506,12.8921388820126],[77.3697453229144,12.8921454725342],[77.3698411687171,12.8922077933377],[77.3698817879176,12.8922850129131],[77.3701273603881,12.8923461886224],[77.370505244813,12.8923718319433],[77.3708270320948,12.8924829781124],[77.3710023995044,12.8925574157565],[77.3710519579765,12.8925656960446],[77.3712425876268,12.8927129328313],[77.3714038324889,12.8927117422649],[77.3715957938788,12.8926149809971],[77.3717245361074,12.8925506592204],[77.3717225030959,12.8923292678672],[77.3715234161662,12.8917934859101],[77.3713904832088,12.8913839617526],[77.3713238285024,12.8911317576444],[77.3713217960717,12.8909103652994],[77.3712555184379,12.8907530441786],[77.3710619036587,12.8907232965486]]]}},{"type":"Feature","properties":{"kgisWetlandId":2775,"wetlandCode":"1202","wetlandClass":"Tank/Pond","forestBeatId":2363,"areaM2":39919,"shapeAreaM2":39954.8,"shapeLengthM":781.0,"labelPoint":[77.406599,12.891898],"source":"kgis-wetlands"},"geometry":{"type":"Polygon","coordinates":[[[77.4061616363137,12.890938327515],[77.4058223736604,12.8907815477318],[77.4058137410339,12.8909227798386],[77.4057110584507,12.8911598387821],[77.4056543685368,12.8913780747742],[77.4056276985763,12.8916142630822],[77.4056493650728,12.8918412216356],[77.4056802382351,12.8920664483312],[77.4057214842189,12.8922933289072],[77.4058101005466,12.892556164563],[77.4058892748447,12.8927636890367],[77.406025995208,12.8929608173398],[77.4061911221772,12.8930635101725],[77.4063075974052,12.8930991891059],[77.4064620085987,12.8931172068564],[77.4066451744176,12.8931255078653],[77.4067694019882,12.8930860387848],[77.4069037262856,12.8929810132195],[77.4071799283474,12.8926478073492],[77.4073878277968,12.8922301582895],[77.4075203001052,12.891955702164],[77.4076614378749,12.8915479225419],[77.4077170943923,12.8913590587556],[77.4077064962801,12.8913026235311],[77.4076682924077,12.891255335152],[77.4075610245342,12.8912179247999],[77.4072913700305,12.8911834272091],[77.4067796974551,12.8911126246086],[77.4064131759154,12.8910491455949],[77.4061616363137,12.890938327515]]]}},{"type":"Feature","properties":{"kgisWetlandId":2786,"wetlandCode":"1202","wetlandClass":"Tank/Pond","forestBeatId":2363,"areaM2":23193,"shapeAreaM2":23212.4,"shapeLengthM":593.8,"labelPoint":[77.379866,12.89482],"source":"kgis-wetlands"},"geometry":{"type":"Polygon","coordinates":[[[77.3807798064463,12.8942718508479],[77.3807264137783,12.8941698329566],[77.3806076804954,12.894144881703],[77.380424762742,12.8941986888205],[77.3801103383204,12.8942016142138],[77.3798209370473,12.8941259348214],[77.3795049478762,12.8940260742938],[77.3794058489455,12.8940146013449],[77.3792952266679,12.8940020431696],[77.379242302372,12.8940163700076],[77.3791908856613,12.8941193642392],[77.3791290339846,12.8944923694445],[77.3791183916955,12.8947104214702],[77.3790674433164,12.8949303255884],[77.3790160765965,12.8950457443928],[77.3790178213707,12.8951937129113],[77.3792963750682,12.8954360489939],[77.3793748461965,12.8954735842449],[77.379518970311,12.8955108610103],[77.3797159185559,12.8955089606874],[77.3799644373913,12.8954424716799],[77.380225213584,12.8952731420303],[77.3804328528921,12.8950656147907],[77.3807320368794,12.8947091877536],[77.3807444662129,12.8946492708397],[77.38078178385,12.8944774278866],[77.3807798064463,12.8942718508479]]]}},{"type":"Feature","properties":{"kgisWetlandId":2788,"wetlandCode":"1202","wetlandClass":"Tank/Pond","forestBeatId":2296,"areaM2":135525,"shapeAreaM2":135660.2,"shapeLengthM":1584.2,"labelPoint":[77.483811,12.893291],"source":"kgis-wetlands"},"geometry":{"type":"Polygon","coordinates":[[[77.4824131483183,12.8943594166714],[77.4826397295555,12.8942884078058],[77.4827537471617,12.8942873526477],[77.4831303546694,12.8942840350093],[77.4836551030012,12.894442735068],[77.483720469174,12.8943786329089],[77.4838964453086,12.8943242203446],[77.4848558603009,12.8940664970782],[77.4851433731645,12.8939709390716],[77.4854761844238,12.8939610302532],[77.4858516686646,12.8939644921426],[77.4862609109531,12.8940485697026],[77.4862458723954,12.8937741539103],[77.4862523552526,12.8934183172585],[77.4862670637045,12.8930991561988],[77.486283398217,12.8928867290905],[77.4862745934593,12.8927195934217],[77.4862050264548,12.8926154107085],[77.4861825582837,12.8924833498447],[77.4861731092572,12.8924303025632],[77.4861031155813,12.8922301090048],[77.4860784636948,12.8921251677713],[77.4860699768889,12.8920291920107],[77.4860925798276,12.8919319531334],[77.4861670101579,12.8918344900528],[77.4862761095566,12.8917634223163],[77.4861193088804,12.8917262595496],[77.4858300153606,12.8916795027628],[77.4857677777551,12.8916696053317],[77.4852184262512,12.891675365912],[77.4838492434296,12.8917275835752],[77.4836225401433,12.8917703541219],[77.4835618372594,12.8918468604321],[77.4831719727766,12.8919767446284],[77.4825129550825,12.8921862918233],[77.4818567666006,12.8925155574263],[77.481692884168,12.8927003793641],[77.4815303258917,12.8929241652122],[77.4815034235652,12.8930914551066],[77.4814208156881,12.8931635374898],[77.4812965132945,12.893443636671],[77.4811850617366,12.8937649088854],[77.4811305198202,12.8939328820125],[77.4811327176931,12.8941695140795],[77.4812038653105,12.8943713971905],[77.4814165364203,12.8945410456894],[77.4815749273736,12.8946770391276],[77.4817329343956,12.8947260605779],[77.4820296948269,12.8946378077348],[77.482308648405,12.8944293327115],[77.4824131483183,12.8943594166714]]]}},{"type":"Feature","properties":{"kgisWetlandId":2790,"wetlandCode":"1202","wetlandClass":"Tank/Pond","forestBeatId":2374,"areaM2":44125,"shapeAreaM2":44183.2,"shapeLengthM":907.1,"labelPoint":[77.70253,12.891498],"source":"kgis-wetlands"},"geometry":{"type":"Polygon","coordinates":[[[77.7032251817868,12.8917143706136],[77.7033371824577,12.8915517154954],[77.703513403763,12.8913379029277],[77.7036505406573,12.8911378451199],[77.7037498728023,12.8909752549094],[77.7037983326705,12.8907750892096],[77.7037959955825,12.8905514668718],[77.7036797831598,12.8903538432917],[77.7034629517136,12.8902928394882],[77.7032982109011,12.8902823925451],[77.7030701971664,12.8902846962829],[77.7028030316996,12.8902877656813],[77.7026522397192,12.8903015308011],[77.702385203102,12.8903288827741],[77.7021827273712,12.8903694559864],[77.7019421156459,12.890384811564],[77.701714561494,12.8904740820577],[77.7015249427547,12.8905501662163],[77.7013242708405,12.8907138420741],[77.7012867274337,12.8908010046204],[77.7012633381687,12.8909513435159],[77.7013036754397,12.8911747708117],[77.7013944854048,12.8913601021439],[77.701573439973,12.89144502068],[77.7018147862574,12.8915680220204],[77.7021075512032,12.8916145177967],[77.7022975630237,12.8916124112387],[77.7023233593857,12.8916992465426],[77.7023377015296,12.8917980026739],[77.7023383601945,12.8919222405346],[77.7023402416772,12.8920600262121],[77.7023420504301,12.892184258512],[77.7023554424747,12.8923208547733],[77.7023572521939,12.8924450879628],[77.7023705143639,12.8925574012321],[77.7024734012089,12.8926308515618],[77.7026144220744,12.8927289545704],[77.7027284300966,12.8927278027054],[77.7028297699865,12.8927267166581],[77.7030064571655,12.8926004365766],[77.7031309202888,12.8923993146704],[77.7031536576887,12.8921258662593],[77.7032008347378,12.8919008585699],[77.7032251817868,12.8917143706136]]]}},{"type":"Feature","properties":{"kgisWetlandId":2798,"wetlandCode":"1202","wetlandClass":"Tank/Pond","forestBeatId":2363,"areaM2":36008,"shapeAreaM2":36040.6,"shapeLengthM":891.1,"labelPoint":[77.42739,12.895108],"source":"kgis-wetlands"},"geometry":{"type":"Polygon","coordinates":[[[77.4282154962869,12.8950565291555],[77.4282547349415,12.8945277286691],[77.428340412171,12.8940862816828],[77.4282950348263,12.8939774637074],[77.4280924232257,12.8940008850641],[77.4279133088267,12.894134343024],[77.4277139308345,12.8943791482894],[77.4274462243701,12.8945349958612],[77.4271997569365,12.8945376996785],[77.4268389437543,12.8944640603475],[77.4263877895871,12.8942704917516],[77.4260962625507,12.8942394919335],[77.4258937445165,12.8942855030085],[77.4258735683543,12.8944177449577],[77.4260106764741,12.8947035302281],[77.4263042294597,12.8949423634532],[77.426643759959,12.8951589816129],[77.4268023771361,12.8953554420139],[77.4271443571037,12.8958804214628],[77.4274624694202,12.8962072596486],[77.4276655447339,12.8962934041465],[77.4278901328523,12.8962913544916],[77.4280463956224,12.8962014776231],[77.4281559473136,12.8959593003781],[77.4282215434685,12.8956726856822],[77.4282154962869,12.8950565291555]]]}},{"type":"Feature","properties":{"kgisWetlandId":2811,"wetlandCode":"1202","wetlandClass":"Tank/Pond","forestBeatId":2367,"areaM2":72810,"shapeAreaM2":72889.0,"shapeLengthM":1164.8,"labelPoint":[77.542677,12.896832],"source":"kgis-wetlands"},"geometry":{"type":"Polygon","coordinates":[[[77.5429544227331,12.8948902856234],[77.5428874370668,12.8948504912053],[77.5427354882017,12.8948675597594],[77.542610149752,12.894910485289],[77.5424678412965,12.8950190006692],[77.5423681034053,12.8951182878891],[77.5423020395107,12.8952761568407],[77.5422705598201,12.8954412101024],[77.5422402756399,12.8958626634767],[77.5422089124647,12.8960525674221],[77.5420273670213,12.8963916842276],[77.5418029835338,12.8966829918277],[77.5416618624162,12.8967994080659],[77.5414046512782,12.8972139836049],[77.5413128908256,12.8972951597882],[77.5412625572815,12.8973688076579],[77.5412824253211,12.8974308430603],[77.5413147055677,12.8974374734318],[77.5413889698494,12.897556301879],[77.5416094689405,12.897667126232],[77.5419803646669,12.8976744808917],[77.5422239038951,12.8977863292729],[77.5424449343905,12.898011232666],[77.5425996410551,12.8983380951782],[77.542787641388,12.8986422149895],[77.5430083585134,12.8987993477052],[77.5433090033717,12.8988075840022],[77.543563159566,12.8987262331727],[77.5438270934253,12.8985188946324],[77.5440427514774,12.8980858696802],[77.544084665872,12.8976892139848],[77.5438357123847,12.8971577713749],[77.5437180155635,12.8968640630792],[77.5436565427201,12.8965249188201],[77.5436297246317,12.8962076420507],[77.5434871553911,12.8957666430714],[77.5434028019939,12.8954603581568],[77.5431808885167,12.895293065619],[77.543056093988,12.8952055283971],[77.5430327805196,12.8951457690866],[77.5429544227331,12.8948902856234]]]}},{"type":"Feature","properties":{"kgisWetlandId":2814,"wetlandCode":"1202","wetlandClass":"Tank/Pond","forestBeatId":2365,"areaM2":30207,"shapeAreaM2":30240.5,"shapeLengthM":670.9,"labelPoint":[77.554673,12.898548],"source":"kgis-wetlands"},"geometry":{"type":"Polygon","coordinates":[[[77.5546844008773,12.8977475840505],[77.554451675617,12.8977317089067],[77.5543400471646,12.8977508569469],[77.5541606773136,12.8978149318999],[77.5540401696014,12.897905281866],[77.5538954768666,12.8979957424323],[77.5538014160456,12.8980769348751],[77.5537517453627,12.8982906421968],[77.5537286075468,12.8985132641575],[77.5537137860227,12.8987900669861],[77.5537173950577,12.8988228067259],[77.5537330540242,12.8989684440748],[77.5538387400513,12.8991548960537],[77.5539336350545,12.899251035541],[77.5540894102178,12.8993124464611],[77.5542357568926,12.899328154585],[77.5545191567726,12.8993432327867],[77.5550865628114,12.8992576115648],[77.5555596175255,12.8991910592983],[77.5557402229823,12.8991450495017],[77.5559271075364,12.8989645970768],[77.5559519384923,12.8988571782915],[77.555907798017,12.89877774996],[77.5557944692301,12.8986805654823],[77.5556558025987,12.8985834976009],[77.5555632516731,12.8984963840854],[77.5554487290512,12.8983901692139],[77.5552141826084,12.8982325465467],[77.5548485244617,12.897869950218],[77.5546844008773,12.8977475840505]]]}},{"type":"Feature","properties":{"kgisWetlandId":2822,"wetlandCode":"1202","wetlandClass":"Tank/Pond","forestBeatId":2374,"areaM2":38535,"shapeAreaM2":38582.9,"shapeLengthM":825.7,"labelPoint":[77.648188,12.8992],"source":"kgis-wetlands"},"geometry":{"type":"Polygon","coordinates":[[[77.6475155546972,12.9000559255787],[77.6477111193763,12.9000114741465],[77.6480084229651,12.9000433261176],[77.6483172554204,12.900077378173],[77.6486370473737,12.9000018155203],[77.6487888937098,12.8999666162394],[77.648944919632,12.8998472478479],[77.6490557271711,12.899668805154],[77.6491995820608,12.8996471979479],[77.6492260120874,12.8996357721922],[77.6490493914729,12.8991023969512],[77.6487612852532,12.8986141873018],[77.6485486710557,12.898249847712],[77.6482472980264,12.8980965971934],[77.6478877800192,12.8980599709839],[77.6475803315116,12.8980710903883],[77.6475490432803,12.8982598699073],[77.6475554154088,12.8983806934643],[77.6475580513538,12.8984461915558],[77.6475599457987,12.8985924515205],[77.6475578786299,12.8986387709962],[77.6475549397707,12.8987404391072],[77.6474914583963,12.8989401081385],[77.6472203170068,12.8992972365016],[77.6470907318657,12.8994068721732],[77.6469950653934,12.8996191244457],[77.6469636325376,12.8997796668503],[77.6469662348739,12.8998383879703],[77.6469729937223,12.9000354513544],[77.6470070124154,12.9001572679192],[77.6470674817947,12.9002716119931],[77.6471334893807,12.9003424444218],[77.6471784479244,12.900350693462],[77.6471991953716,12.9003539795407],[77.6472901760146,12.9003529660778],[77.6474076168091,12.9003461729525],[77.6474658932968,12.900255526062],[77.6475155546972,12.9000559255787]]]}},{"type":"Feature","properties":{"kgisWetlandId":2825,"wetlandCode":"1202","wetlandClass":"Tank/Pond","forestBeatId":2365,"areaM2":34651,"shapeAreaM2":34689.5,"shapeLengthM":718.2,"labelPoint":[77.565603,12.900384],"source":"kgis-wetlands"},"geometry":{"type":"Polygon","coordinates":[[[77.5662126160043,12.8993034947931],[77.5657104115879,12.8992939574731],[77.5652913367317,12.8993275233098],[77.5652062114179,12.8993493774679],[77.5650934812421,12.899378702089],[77.5650119421965,12.8994282128793],[77.5649614095651,12.8994583790903],[77.5648927842404,12.8995592241011],[77.5648322930416,12.8996752794206],[77.564791037411,12.8999612399908],[77.5647709577355,12.9005831341488],[77.5647442932721,12.9007888311571],[77.5647176691018,12.9010029985907],[77.5647195318292,12.9011526516143],[77.5647607059691,12.9013343142231],[77.5648230360795,12.9013628292464],[77.5649634747538,12.9013469309281],[77.5652004182685,12.9012803231359],[77.5653188763625,12.9012441950943],[77.5654649311406,12.9011983387879],[77.5657282624499,12.9011101473045],[77.5658683286802,12.9010163136782],[77.5658798414585,12.9010151309842],[77.5662504492108,12.9009614569603],[77.5664252034053,12.9006539828083],[77.5664321805758,12.9001840699472],[77.5663412861348,12.8999614100244],[77.5663683409196,12.8998381668385],[77.5663656579703,12.8995162653905],[77.5662126160043,12.8993034947931]]]}},{"type":"Feature","properties":{"kgisWetlandId":2827,"wetlandCode":"1202","wetlandClass":"Tank/Pond","forestBeatId":2374,"areaM2":151404,"shapeAreaM2":151596.2,"shapeLengthM":1651.5,"labelPoint":[77.663067,12.897825],"source":"kgis-wetlands"},"geometry":{"type":"Polygon","coordinates":[[[77.662704032606,12.8952993124493],[77.6625137714885,12.8952539542298],[77.6624009297661,12.8952584709286],[77.6623226317651,12.8952616855378],[77.662180038399,12.8953036245972],[77.6620308106528,12.8953992466769],[77.6620033857969,12.8954411741369],[77.6619508096993,12.8955193705348],[77.6618974387584,12.8956670352138],[77.6618854604811,12.8958015036477],[77.6618872593179,12.8959274329821],[77.6618970415824,12.8960380733057],[77.6619019721446,12.8961012995735],[77.6619055380399,12.8961227423809],[77.6619315879683,12.8962615394185],[77.6619461592157,12.8964077346582],[77.6619484070314,12.8966211956181],[77.6619260649296,12.8967557162547],[77.6619238600647,12.8967749286045],[77.6615779366146,12.8973668127638],[77.6614391262819,12.8981457205931],[77.6612980964496,12.8989410169627],[77.6614545799654,12.89958517228],[77.661562814687,12.9000285196962],[77.6619332053043,12.9003875407214],[77.6621947874882,12.9006398039058],[77.662640493178,12.9006387063957],[77.6630815917369,12.9006376306669],[77.663342670346,12.9003437891118],[77.6633949877266,12.8997674910452],[77.6634527847962,12.8991369489289],[77.6634854819226,12.8987764799046],[77.6640865091301,12.8985215988556],[77.6644634688702,12.8981430302207],[77.6648103080499,12.8975065235618],[77.6649452080554,12.896864866608],[77.6650875624767,12.8967766196034],[77.6651469992606,12.8966887876664],[77.6651327373057,12.8966030168097],[77.6651058972342,12.8965348177499],[77.6650907269854,12.8964964914673],[77.6650350026931,12.8964103653574],[77.6649875107494,12.896357516706],[77.6649540435331,12.8963441307384],[77.6648905654068,12.8963179053493],[77.6645352763782,12.8962072991264],[77.6642413045544,12.8961506018542],[77.6641790078646,12.8961300176647],[77.6640636406667,12.8960916271273],[77.6638928242624,12.8960201942776],[77.6637760269652,12.8959275965025],[77.6637667847379,12.8959219947547],[77.6635565332461,12.8957965438353],[77.6632454451986,12.8955467882749],[77.6628760676968,12.8953837300488],[77.6627247915079,12.895304856604],[77.662704032606,12.8952993124493]]]}},{"type":"Feature","properties":{"kgisWetlandId":2834,"wetlandCode":"1202","wetlandClass":"Tank/Pond","forestBeatId":2550,"areaM2":121071,"shapeAreaM2":121254.4,"shapeLengthM":1734.5,"labelPoint":[77.814659,12.897472],"source":"kgis-wetlands"},"geometry":{"type":"Polygon","coordinates":[[[77.8169445064188,12.8998655590738],[77.81695684985,12.8998090193183],[77.8169837408823,12.8996789857237],[77.8169482795459,12.8995205002316],[77.8168812579576,12.8992808727816],[77.8167144165816,12.8991061806271],[77.8165821280612,12.8989318603514],[77.8163379983367,12.8983340654699],[77.8163096978202,12.8982190230748],[77.8163407867576,12.8980178129987],[77.8164186056525,12.8975317279648],[77.816490821464,12.8970727802946],[77.8166506724979,12.8966331078073],[77.816888045683,12.8962568149461],[77.8171779236859,12.8957989105751],[77.8174084636232,12.8954362079538],[77.817415914426,12.8951300936409],[77.8172920756556,12.8950229258204],[77.8171563459594,12.8950507903358],[77.8171516935244,12.8950429095863],[77.8170375010598,12.8950113603626],[77.816644823943,12.895015246183],[77.8163511804811,12.8950185805917],[77.8160087595426,12.8951509400692],[77.8158710599468,12.8952369798361],[77.815708112896,12.8953384079628],[77.8150426088563,12.8957622654136],[77.8148494676096,12.8960202855518],[77.8145425969891,12.8963275054106],[77.8143157860674,12.8965382771427],[77.8138449340515,12.8967673518452],[77.8135520250121,12.8968988670196],[77.813062104676,12.897016233415],[77.8128348353436,12.8971473831145],[77.8127051614781,12.8972277294526],[77.8127638008461,12.8974120637628],[77.8130605734957,12.8975521526435],[77.8132900123824,12.8975983098236],[77.8136808814092,12.8976797093278],[77.8137973388241,12.897704471647],[77.8139627484493,12.8978311735914],[77.8141108829578,12.8979574082679],[77.8143085382719,12.8980839308427],[77.814507618386,12.8982578804895],[77.8146883627702,12.8984477445864],[77.8148202839975,12.8985582562773],[77.814953631784,12.8987167605595],[77.8152931110853,12.8990734577818],[77.8155731706241,12.8993107670965],[77.8159188699633,12.8995471440119],[77.8161823501672,12.8997049212259],[77.8165436134744,12.8998440809925],[77.8168545352774,12.8998406503079],[77.8169445064188,12.8998655590738]]]}},{"type":"Feature","properties":{"kgisWetlandId":2836,"wetlandCode":"1202","wetlandClass":"Tank/Pond","forestBeatId":2364,"areaM2":241806,"shapeAreaM2":242081.0,"shapeLengthM":2569.9,"labelPoint":[77.578983,12.898845],"source":"kgis-wetlands"},"geometry":{"type":"Polygon","coordinates":[[[77.574155521201,12.8950806136813],[77.5738929415237,12.8950829658763],[77.5736849825015,12.8951878497276],[77.5737391888528,12.8954445634196],[77.5742946933074,12.8960039121996],[77.5754282914865,12.8967881633192],[77.5762759896483,12.8977544652731],[77.5768850956446,12.8984411933358],[77.5772313808043,12.8990805783675],[77.5773673161561,12.8995667659411],[77.5775563507999,12.9000775538408],[77.5778492849197,12.9006386852474],[77.5779598881087,12.9011255555615],[77.5779628909897,12.9015107069373],[77.5780983346224,12.9018941094192],[77.5782843379637,12.9022524265908],[77.5786543547642,12.9025556663263],[77.5791520108937,12.9025764928426],[77.5797278600639,12.9025709745899],[77.580588463336,12.9023828344174],[77.5810567452228,12.9020440438494],[77.5814168083945,12.9014759035865],[77.5814078777765,12.900578545614],[77.5814013282718,12.8999364456482],[77.5812100198444,12.8991941200346],[77.5806290344633,12.8986094930262],[77.5797338945293,12.8980799871816],[77.5783147415908,12.8975546205964],[77.5772897145037,12.8970771060163],[77.5757359203461,12.8960920745821],[77.5750243998404,12.8956622215345],[77.5745760794144,12.8953587753942],[77.574155521201,12.8950806136813]]]}},{"type":"Feature","properties":{"kgisWetlandId":2840,"wetlandCode":"1202","wetlandClass":"Tank/Pond","forestBeatId":2363,"areaM2":24518,"shapeAreaM2":24539.7,"shapeLengthM":602.3,"labelPoint":[77.403762,12.904239],"source":"kgis-wetlands"},"geometry":{"type":"Polygon","coordinates":[[[77.4036386852331,12.9034020456125],[77.4035511232458,12.9033961843269],[77.4034015549944,12.9034368833102],[77.4032877751441,12.9034977711564],[77.4031661235164,12.9036050043242],[77.403086098854,12.9037516049646],[77.4030267813145,12.9038919098862],[77.4029937897404,12.9039920102312],[77.402968031259,12.904170586733],[77.4029641069534,12.9043366506274],[77.4029646248801,12.9044625954776],[77.4029927597157,12.9045822190345],[77.4030273936181,12.9046012828293],[77.403060983391,12.9046468964152],[77.4031705413168,12.9046797797408],[77.4033457203529,12.9047044932325],[77.4036928182201,12.9048013757381],[77.4038082375962,12.904859086117],[77.4039584899884,12.904984431674],[77.4040880082524,12.9051092955926],[77.4041699775102,12.9051552798856],[77.404237931812,12.9051544424506],[77.4043518185422,12.9051195339976],[77.4044598674051,12.9050654451951],[77.4045678367239,12.9049921547013],[77.4046412470855,12.9049178728756],[77.4047076429601,12.9048182032879],[77.4047405805892,12.9047051128905],[77.4047456558954,12.9045390449032],[77.4047258013631,12.9044724800414],[77.4046632798045,12.9043942253602],[77.4045880318369,12.9043019009934],[77.4045264678911,12.9041762007265],[77.4044231981308,12.9039919279081],[77.4042716333971,12.9038276178879],[77.404197702032,12.903775389232],[77.4041087948246,12.9037226549581],[77.4039794126915,12.9036305490353],[77.4038972285085,12.9035320400784],[77.4037746740699,12.9034201384464],[77.4036386852331,12.9034020456125]]]}},{"type":"Feature","properties":{"kgisWetlandId":2864,"wetlandCode":"1202","wetlandClass":"Tank/Pond","forestBeatId":2296,"areaM2":226293,"shapeAreaM2":226496.3,"shapeLengthM":2149.0,"labelPoint":[77.415726,12.905715],"source":"kgis-wetlands"},"geometry":{"type":"Polygon","coordinates":[[[77.4120376070153,12.9092064593336],[77.4122828979284,12.9091941717101],[77.4123934706877,12.9091931598644],[77.4126421450683,12.9091633497175],[77.412806571308,12.9090943460294],[77.4131501140774,12.9088879394141],[77.4133420687101,12.9087911481887],[77.413630832592,12.9087075209592],[77.4142648567017,12.9085535905507],[77.4145950825336,12.9084692295809],[77.4148009147028,12.9083859365315],[77.4150750670334,12.9081125979678],[77.4152644535223,12.9079525608988],[77.4162113655191,12.9071478528985],[77.4168918854058,12.9065441584383],[77.4174950262467,12.9058916396425],[77.4175569060093,12.9058151420285],[77.4176726469334,12.9056729108377],[77.4174614160732,12.9052891497237],[77.4168544215126,12.9041868901363],[77.4163809026006,12.9033275117708],[77.4157379434915,12.9021604442715],[77.4155052713786,12.9024358739629],[77.4152647335935,12.9030355239851],[77.4150908516305,12.903322575692],[77.4148872855062,12.9033956923462],[77.4145745816844,12.9035375914708],[77.4143310826814,12.9037023650758],[77.4141307984607,12.9040115505875],[77.4140314160985,12.9044875031868],[77.4140227773039,12.9049032218509],[77.4140008430438,12.9051687612221],[77.4139772375202,12.9053089239373],[77.4137959607304,12.9057575334277],[77.4137079316992,12.9059165952913],[77.4136061739718,12.9060983031389],[77.4133317916114,12.9063162915656],[77.4130584007442,12.9064953058717],[77.4128241111263,12.9066600424394],[77.4125370030867,12.9068645257873],[77.412317910504,12.9070834188549],[77.4121401165614,12.907261481278],[77.4120177688851,12.9074782902744],[77.4119379857949,12.9076819355674],[77.4118851433249,12.9079939120478],[77.4118574786122,12.9082668151444],[77.4118386698703,12.9084532713773],[77.4119242070777,12.9085257833953],[77.4120022061095,12.9087248387465],[77.4120351484524,12.9088913176922],[77.4120692492116,12.9090594864155],[77.4120376070153,12.9092064593336]]]}},{"type":"Feature","properties":{"kgisWetlandId":2873,"wetlandCode":"1202","wetlandClass":"Tank/Pond","forestBeatId":2363,"areaM2":56970,"shapeAreaM2":57016.8,"shapeLengthM":994.7,"labelPoint":[77.359285,12.910298],"source":"kgis-wetlands"},"geometry":{"type":"Polygon","coordinates":[[[77.3606852945225,12.9093519119923],[77.3607354530385,12.909218991815],[77.3607393446284,12.90903767813],[77.3607101128984,12.9089270898272],[77.3606475902519,12.9088454359077],[77.3605288861242,12.9088295119091],[77.3604333304184,12.9088417403961],[77.3603782157165,12.908886006011],[77.3602828741783,12.9089524547072],[77.360165562301,12.9089975242697],[77.3600252584429,12.9090539778704],[77.3599137502736,12.9091103204235],[77.3597517729388,12.9092205132665],[77.3595469479257,12.9092726970999],[77.3592463719122,12.9092879710678],[77.3588386298507,12.9092917951386],[77.3586553937234,12.909268777832],[77.3584193202212,12.9092832381662],[77.3582085865759,12.9092976015151],[77.3580394193161,12.9093372215464],[77.3579267623084,12.9093946977683],[77.3579083666552,12.9094032400006],[77.3578051078646,12.9095069942717],[77.3578057629745,12.9096736056689],[77.3578355228259,12.9099186132247],[77.3579942809325,12.91016086627],[77.3582857029977,12.9104540070129],[77.3586552969652,12.9107073128056],[77.3586829966695,12.9107213257997],[77.3587907299386,12.9108762312531],[77.358879859427,12.9109871546215],[77.3589817323527,12.9111161005095],[77.3591032126811,12.9112517500719],[77.3592246170256,12.9113681972901],[77.3593712127842,12.9114467058821],[77.3595981722669,12.9114571300359],[77.359857481568,12.9114922801757],[77.3600000728464,12.9114312996139],[77.3600657121914,12.9114270932202],[77.3601185464225,12.911388484729],[77.3602074263962,12.9111435861417],[77.3603349619526,12.9107697657387],[77.3604108162204,12.9104351153987],[77.3604741507031,12.9101383542501],[77.3605098431583,12.9098422648114],[77.3605094187448,12.9097349546608],[77.3605856310757,12.9094906702007],[77.3606852945225,12.9093519119923]]]}},{"type":"Feature","properties":{"kgisWetlandId":2906,"wetlandCode":"1202","wetlandClass":"Tank/Pond","forestBeatId":2374,"areaM2":1045976,"shapeAreaM2":1047225.3,"shapeLengthM":5361.0,"labelPoint":[77.61658,12.906944],"source":"kgis-wetlands"},"geometry":{"type":"Polygon","coordinates":[[[77.6194319925351,12.9130152329306],[77.6197151981885,12.9129884490999],[77.6199939178244,12.9129859713477],[77.6206484455841,12.9130494433948],[77.6209076437508,12.9130589194495],[77.6211676702692,12.9130034445544],[77.621227170716,12.9129246554801],[77.621268132704,12.9128239322049],[77.6212663341775,12.9126940483473],[77.6212288001502,12.9125581250976],[77.6210623835182,12.9122144328496],[77.6208549633526,12.911500464775],[77.6206129900039,12.9107860967052],[77.6205797998833,12.9105970663219],[77.6205595567613,12.9104638829092],[77.6206738284229,12.9102820451583],[77.620722880525,12.9101869296732],[77.6207615540048,12.9100890400058],[77.620790998188,12.9099883727594],[77.6208123700794,12.9098854845797],[77.6208245220571,12.9097815117388],[77.6208308987084,12.9096741782928],[77.6208303577261,12.9095657488318],[77.6208240539367,12.9094562180928],[77.6208142927187,12.9093461384263],[77.6207999148751,12.9092343876664],[77.6207832285437,12.9091215181362],[77.6207642381415,12.9090086599698],[77.6207440935218,12.9088952433178],[77.6207228000011,12.9087823964989],[77.6207038043476,12.9086684081893],[77.6206848180981,12.9085561145978],[77.6206669852061,12.9084443803944],[77.6206468544943,12.9083337867658],[77.6206255833376,12.9082254577027],[77.6205997205635,12.9081199743897],[77.6205681176185,12.9080184722003],[77.620528472262,12.9079209624777],[77.6204819418604,12.9078285683061],[77.6204250712149,12.9077413071687],[77.6203590070556,12.9076580446045],[77.6202860515997,12.9075787665521],[77.6202073556531,12.9075029067641],[77.6201240622206,12.9074293272067],[77.6200396239614,12.9073568829494],[77.6199517358632,12.9072855844554],[77.619864991419,12.9072125868639],[77.6197793950094,12.9071390176023],[77.6196972432252,12.9070631741855],[77.6196196871621,12.9069850486904],[77.6195478673073,12.9069023774574],[77.6194829388237,12.9068157198738],[77.6194260456544,12.9067239397177],[77.6193771990313,12.9066287344124],[77.6193352481361,12.9065306692972],[77.6193118993975,12.9064675310048],[77.6192955707365,12.906426382098],[77.6192616539411,12.9063226334026],[77.6192300296747,12.9062166121972],[77.6191995587694,12.9061111512881],[77.6191690812975,12.9060039956162],[77.6191386144986,12.905899099287],[77.6191070041352,12.9057959029065],[77.6190730875311,12.9056921523442],[77.6190380292065,12.9055901017104],[77.6189995170188,12.9054886331546],[77.6189587039205,12.9053877405405],[77.6189155961383,12.9052885521786],[77.6188678843059,12.9051899510914],[77.6188167257671,12.905093060376],[77.6187621152307,12.904996752612],[77.6187040526811,12.9049010259896],[77.6186471453223,12.9048058578301],[77.6185936922554,12.9047106722031],[77.6185448361733,12.9046137709723],[77.6185040412383,12.9045162667789],[77.618475901235,12.9044158767275],[77.6184569685052,12.9043143130233],[77.6184472417649,12.9042110110437],[77.6184432595876,12.904104856318],[77.6184427210473,12.9039964266016],[77.6184421700557,12.9038857384524],[77.6184404635759,12.9037739262765],[77.6184329810378,12.9036587534158],[77.6184197286712,12.9035413481807],[77.6183961255385,12.9034268183391],[77.6183610240015,12.9033162974339],[77.6183133138162,12.9032176961093],[77.6182507121914,12.9031355444012],[77.6181709443883,12.903075500637],[77.6180763051049,12.9030358605475],[77.6179690699627,12.9030109639664],[77.617854968857,12.9029951378134],[77.6177385752328,12.9029815804783],[77.6176221666164,12.9029646354018],[77.6175103243427,12.902939761269],[77.6174030387351,12.9029046996224],[77.617301460904,12.9028594443593],[77.6172033108096,12.9028085254951],[77.6171097280288,12.902749678484],[77.6170207187921,12.9026840325471],[77.6169328438606,12.9026149918926],[77.6168495549271,12.9025414107526],[77.6167674047035,12.9024655659413],[77.6166864021565,12.9023885848426],[77.616607693458,12.9023098994747],[77.616530140856,12.9022317725615],[77.6164525811711,12.9021525173104],[77.6163773255757,12.9020732507086],[77.6163020690887,12.9019939822781],[77.6162268051729,12.9019130208743],[77.61615385284,12.9018337428726],[77.6160797432334,12.9017533408195],[77.6160067866193,12.9016729335214],[77.6159338260141,12.9015919606902],[77.615862014362,12.9015104171122],[77.6157902089929,12.9014300045301],[77.6157172454143,12.9013484660976],[77.6156454317284,12.9012663587166],[77.6155736202683,12.9011848150217],[77.6155018088748,12.9011032731043],[77.615429992217,12.9010206001231],[77.6153581787243,12.9009384926254],[77.6152852101437,12.900855824787],[77.6152272981765,12.9007900277201],[77.615213398934,12.9007742818492],[77.6152052871742,12.9007641561048],[77.6151821241381,12.9007382878808],[77.6151682196094,12.9007214127781],[77.6151415824803,12.9006916096539],[77.615069762039,12.9006083719257],[77.6149979456736,12.9005256987685],[77.6149261346664,12.9004441566172],[77.6148543183981,12.9003614834015],[77.6147822878347,12.9002353259256],[77.6143544182811,12.899420189134],[77.6141957021676,12.8992323260461],[77.614115858798,12.8991564687199],[77.6137636337305,12.8989644527653],[77.6135027399908,12.8988420266717],[77.6133873386474,12.8987957069735],[77.6131823760676,12.8988045990886],[77.6130190393249,12.8988466111226],[77.6128869211518,12.8989133224374],[77.6127377378596,12.8990224719554],[77.612606110068,12.8991885768806],[77.6124317311635,12.899326650111],[77.6120310218789,12.8998114378758],[77.6119178544069,12.8999842314348],[77.6118291408233,12.9002111236133],[77.611777327799,12.9004474384719],[77.6117729364572,12.9011906731727],[77.6117768498712,12.9015165165113],[77.6117251876264,12.9017833277866],[77.6116124876658,12.9020509973585],[77.6114285906784,12.9023613650254],[77.6112308474894,12.9026667160088],[77.6111356045972,12.9027377671384],[77.6109849114411,12.9027752000129],[77.6108328303938,12.9027646340066],[77.6107242530371,12.9027013393705],[77.6105544616568,12.9026027565532],[77.6104091152043,12.9025565803512],[77.6101674334174,12.9025938834028],[77.6100284020891,12.902660626646],[77.6098494707764,12.9028105800862],[77.6094105142778,12.9032486743913],[77.6092188205144,12.9033800503645],[77.608990130306,12.9034828027028],[77.6087682393409,12.9035629310956],[77.6084910894121,12.9036484080469],[77.6077331164049,12.9040908512544],[77.6075587585437,12.9042345694132],[77.6074454085774,12.9043712174952],[77.6074045917077,12.904502435036],[77.6074438213377,12.9047507388969],[77.6075484941822,12.9049569367952],[77.6077013927936,12.9051329721259],[77.6079566717327,12.9052836680247],[77.6080385450424,12.9053036072431],[77.6084006034902,12.9053865855696],[77.6086781633277,12.9053841266903],[77.6088886896694,12.9053345480585],[77.6091059818955,12.9052555710056],[77.6094559491437,12.9052222662926],[77.6098857657639,12.90526538512],[77.6100863940268,12.905310732757],[77.6103756438484,12.90534322911],[77.6106488292917,12.9053876635973],[77.6118589188471,12.9053067399787],[77.6121861452502,12.9053328406078],[77.6124100429021,12.9054255128548],[77.6125256258378,12.905507975821],[77.6127198413228,12.9056538780435],[77.6127672100775,12.9056835824946],[77.6129023954024,12.9057704684758],[77.612977761839,12.9058723260272],[77.6133533293985,12.9065900128469],[77.6138258193198,12.9073428137811],[77.6141946594331,12.9080966756932],[77.6144072716132,12.9087005008033],[77.6149529913202,12.9088893226467],[77.6149820841066,12.9089496105969],[77.6151973506701,12.9093913390549],[77.6152415335255,12.9094752739036],[77.6153020173214,12.9095947091364],[77.6153581211211,12.9097599114032],[77.6154037605635,12.9101375104739],[77.6154128241915,12.9103396467458],[77.6154981279481,12.9110513875185],[77.6155116179932,12.9112167949929],[77.615574664517,12.9113881747671],[77.615667742051,12.9115769184417],[77.6159486881301,12.9124882010001],[77.6159936841754,12.9127359100195],[77.6160388298019,12.9130135488451],[77.6160778042175,12.9132082004229],[77.616036253664,12.9138872323653],[77.6160328507001,12.9141300913825],[77.6160479638121,12.9143903690338],[77.6161288725657,12.914679695748],[77.6161978217553,12.9148798496353],[77.6163020043183,12.9149849554547],[77.616423116638,12.9150199494612],[77.6165140133923,12.9150008745193],[77.6166151926848,12.9149648070223],[77.6167529301058,12.914868699362],[77.6168791165742,12.9147658702892],[77.6170222945892,12.9146053544742],[77.6171771066803,12.9144685019197],[77.6178754655228,12.9138484218066],[77.619173235591,12.9130944190928],[77.6194319925351,12.9130152329306]]]}},{"type":"Feature","properties":{"kgisWetlandId":2917,"wetlandCode":"1202","wetlandClass":"Tank/Pond","forestBeatId":2363,"areaM2":30394,"shapeAreaM2":30419.3,"shapeLengthM":693.4,"labelPoint":[77.378602,12.919121],"source":"kgis-wetlands"},"geometry":{"type":"Polygon","coordinates":[[[77.3791428441731,12.9180068983589],[77.3790205885959,12.9179684069006],[77.3788582879921,12.9179972827161],[77.3786682304435,12.9179985912294],[77.3783284379964,12.9180021805769],[77.3781383266963,12.9179899347152],[77.3780162834972,12.9180045319903],[77.3779763422047,12.9180978795911],[77.3779779209562,12.9182040547757],[77.3779938002741,12.9184293440878],[77.3779864943486,12.9186180140581],[77.3779690168701,12.9191422095971],[77.3779709172646,12.9193285837735],[77.3780448900523,12.9196779003956],[77.3781183314852,12.9198950581861],[77.3781847032744,12.9200727084135],[77.3782727440557,12.9201960526452],[77.3784238887746,12.9202570231003],[77.3786071922522,12.920294710904],[77.3787257385389,12.920269960886],[77.378835849084,12.9201526174237],[77.3789134243266,12.9199648026954],[77.3790151894268,12.9197774569707],[77.379115803944,12.9195901171955],[77.3791701539582,12.9193560804661],[77.3792393852186,12.9190988282226],[77.3792748691635,12.9187564255631],[77.3792922276804,12.918489775395],[77.3792954376453,12.9184287659474],[77.3792539570491,12.9181391888869],[77.3791428441731,12.9180068983589]]]}},{"type":"Feature","properties":{"kgisWetlandId":2918,"wetlandCode":"1202","wetlandClass":"Tank/Pond","forestBeatId":2296,"areaM2":41756,"shapeAreaM2":41795.8,"shapeLengthM":814.5,"labelPoint":[77.447047,12.91836],"source":"kgis-wetlands"},"geometry":{"type":"Polygon","coordinates":[[[77.4478050795437,12.9174216109949],[77.4476615359903,12.9172556002314],[77.4474911886262,12.9172856816076],[77.4472367527106,12.9173149833358],[77.4466707725581,12.9174873479976],[77.4464168179761,12.9176290391561],[77.4462662474779,12.9177047832708],[77.4459087849293,12.9178841812705],[77.4457968605808,12.9181077368122],[77.4458550460303,12.9182458657152],[77.4463282929072,12.9184743209167],[77.4464659678583,12.9186149412915],[77.4465162730691,12.9187954615508],[77.446526468541,12.9190241561975],[77.4465286329741,12.9192602248111],[77.4465548214848,12.9194577893283],[77.4466048527576,12.9195744903161],[77.446701978511,12.9196604961377],[77.4469830607493,12.9196660984297],[77.4472235536063,12.9196080504196],[77.4474118743426,12.9194711514118],[77.447431397757,12.9194575157419],[77.4477035319294,12.9192570093624],[77.4478388699311,12.9191214615727],[77.4479340353303,12.919018838232],[77.4479723832158,12.9188289109544],[77.4479866827323,12.918671842831],[77.4480008089323,12.9184741102731],[77.4480076424267,12.917919466055],[77.4478050795437,12.9174216109949]]]}},{"type":"Feature","properties":{"kgisWetlandId":2922,"wetlandCode":"1202","wetlandClass":"Tank/Pond","forestBeatId":2296,"areaM2":123885,"shapeAreaM2":124009.4,"shapeLengthM":1616.8,"labelPoint":[77.487433,12.916797],"source":"kgis-wetlands"},"geometry":{"type":"Polygon","coordinates":[[[77.4861809909091,12.914695403187],[77.4857451197475,12.914329055631],[77.4857284443359,12.91446467347],[77.4856682531803,12.9146575224839],[77.4856536415331,12.9147389129969],[77.4856681142986,12.9148856917542],[77.4856930380389,12.915051062781],[77.4857260980289,12.9152327775889],[77.4857792316492,12.9155256666244],[77.4857945765014,12.9156091861703],[77.485851221711,12.9159144848216],[77.4858844595088,12.9161362972895],[77.4860975964256,12.9169238008537],[77.4864156765851,12.9177390885802],[77.4867086141961,12.918080637657],[77.4869997699079,12.9182798721888],[77.4876886253987,12.9185491093939],[77.4878260516931,12.9186287115719],[77.488419645324,12.9189740393557],[77.4891493097568,12.9193532253934],[77.4893432374789,12.9194461368281],[77.4895183147349,12.919444811678],[77.4897355077485,12.9193309138802],[77.489927456849,12.9192385875034],[77.490020987354,12.919032038182],[77.4900627644925,12.9188432221882],[77.4900257443217,12.918549136046],[77.4899910431789,12.9185165297531],[77.4901379365885,12.9183944650267],[77.4902098542418,12.9182490062292],[77.4901261183465,12.9180692070963],[77.4900182400676,12.9178996787815],[77.4898396031192,12.9176191972223],[77.4894320565036,12.9171493794368],[77.4893916315359,12.9171247052357],[77.4885740937301,12.9166696549925],[77.4881806062897,12.9165109652587],[77.4875120737354,12.9158897866537],[77.4870550488928,12.9154297800971],[77.4861809909091,12.914695403187]]]}},{"type":"Feature","properties":{"kgisWetlandId":2941,"wetlandCode":"1202","wetlandClass":"Tank/Pond","forestBeatId":2296,"areaM2":542714,"shapeAreaM2":543216.0,"shapeLengthM":5547.3,"labelPoint":[77.432068,12.915893],"source":"kgis-wetlands"},"geometry":{"type":"Polygon","coordinates":[[[77.4350813999665,12.9160309105752],[77.4357402264427,12.9157503135334],[77.4358653537075,12.9156498296697],[77.4358900609348,12.9155006249201],[77.4358371684989,12.9152512098043],[77.4358591458363,12.9150014839965],[77.4359852130955,12.9148512950257],[77.4361877203013,12.9147996275818],[77.4362887637843,12.914724093554],[77.4363640460959,12.9145498290864],[77.4363093701872,12.9141518829326],[77.4363820260705,12.9139013835627],[77.4367374073765,12.9137739666642],[77.437091848054,12.9136962544327],[77.4372685873312,12.9135441610646],[77.437130823542,12.9131098479518],[77.4371203128299,12.9130760046699],[77.4371051228837,12.9130252375322],[77.4370234121578,12.9127708574195],[77.4369164319113,12.9122618668522],[77.4369156888047,12.9120867855375],[77.4367116088414,12.9120390589019],[77.436709401746,12.9117905634862],[77.4366128818706,12.9115746510669],[77.4364791543348,12.9112764336527],[77.4363198487521,12.9109224091414],[77.4362640840389,12.910810247253],[77.4362559591071,12.9107955962688],[77.4362489809704,12.9107798105896],[77.4360607808872,12.9104021846911],[77.4359325039537,12.9103027474766],[77.4356781706138,12.9103551945708],[77.4353482577342,12.9105118733283],[77.4352493991585,12.9105591589814],[77.4351183147218,12.9106122249367],[77.4348182127433,12.9107365867106],[77.4345397954869,12.9108139825873],[77.4343610572272,12.9107661478095],[77.4342834643649,12.9106670668697],[77.4340258675777,12.9102213859274],[77.4338175901478,12.9097257998871],[77.4336634014628,12.9094909210002],[77.433407280639,12.9093931402],[77.4332556685254,12.9094948622067],[77.4330512712031,12.9093714520231],[77.4324923374171,12.9093020275507],[77.4317788568745,12.9091846672286],[77.4311694559086,12.9091657132179],[77.4309405644238,12.9092423362093],[77.4307650738898,12.90941757701],[77.4307670703289,12.9096175020308],[77.4309213060015,12.9098642434125],[77.4311510426167,12.9099875505975],[77.4314832846996,12.9101087407231],[77.432144729251,12.9101771802981],[77.4324758187131,12.9102983743421],[77.4327073361867,12.9105702115704],[77.43324387347,12.9110621858314],[77.4331683366436,12.9114488098703],[77.4327621886931,12.9121005502333],[77.4325165609494,12.9123054500009],[77.4321043856952,12.9123495062389],[77.431773817541,12.9123525621082],[77.4313196649885,12.9122759272169],[77.4312033331186,12.9122769701905],[77.4308263946166,12.9124824094337],[77.4306220607496,12.9126470366656],[77.4306244099319,12.9129305485244],[77.4306683898536,12.9132528595306],[77.4309193577287,12.9134935546478],[77.4311278795253,12.9137745240687],[77.4310487946431,12.9141402641849],[77.4308862620514,12.9143843549054],[77.4307224056219,12.9145877868336],[77.430557869131,12.9146302583991],[77.4302304565223,12.9148354913266],[77.4300244528582,12.9148781334034],[77.4295293430375,12.9149230926059],[77.4289979287328,12.9153731497688],[77.4287544676105,12.915820329567],[77.4286339119078,12.9161862402372],[77.4286382607889,12.9166713726622],[77.4286402655983,12.9168735566599],[77.4284792243317,12.9171989694691],[77.428191948851,12.9173633712917],[77.4276966614113,12.9173676638197],[77.4271599100092,12.917372689584],[77.4266231583818,12.9173777142476],[77.4265015782972,12.9175007717191],[77.4264209871818,12.9177840593266],[77.4264649673763,12.918107501136],[77.4267139350999,12.9181460148929],[77.4276630434073,12.9181370387948],[77.4280429536935,12.9180874717994],[77.4284245225527,12.9178848424665],[77.4284578543698,12.9178677618399],[77.4289378480149,12.9175144942791],[77.4293013437342,12.9171238641884],[77.4295914490655,12.9168114756405],[77.4298931173099,12.9165097702811],[77.4303481892756,12.91625713417],[77.4308284380876,12.9159654243916],[77.4310325192719,12.9160131552642],[77.4313130475714,12.916161104177],[77.4315698012328,12.9164068563901],[77.4318289723711,12.9169519356264],[77.432010133258,12.9172990960229],[77.4322158936128,12.917471072053],[77.4324963171957,12.9175936037061],[77.4328523376024,12.9176152914732],[77.433208463237,12.9176618295931],[77.4334383065322,12.9178082900055],[77.433593499016,12.9180070189928],[77.4338572935542,12.9185543343815],[77.4338998180676,12.9190754538948],[77.4338977815489,12.9196820397148],[77.4338778568355,12.9198730192799],[77.4338866303791,12.9200407236131],[77.4339934085962,12.9202306150156],[77.4342512522106,12.9204599820131],[77.434409986945,12.9206784627361],[77.4344649602668,12.9208753441835],[77.4345054653563,12.9211914558275],[77.4345308353063,12.9214697889247],[77.4345782461475,12.9217847428307],[77.4345663331439,12.9219899876881],[77.4345331619977,12.922561505385],[77.4351213739026,12.9224658853913],[77.4352789349262,12.9221359652708],[77.4353053002428,12.9218342613639],[77.4353243492724,12.9217088009996],[77.4353245760443,12.9217071092696],[77.4353399821302,12.9215923916138],[77.4353075100928,12.9212694694876],[77.4353567781102,12.9209360437814],[77.4353246544192,12.9206950149955],[77.4351947127053,12.9204758507645],[77.4350045322523,12.9201761729624],[77.4349042901114,12.9198981488241],[77.4349002325576,12.9194847441654],[77.4349882744149,12.9193307599144],[77.4350696180955,12.919227067574],[77.4351738110522,12.9190792285069],[77.4352099519148,12.918909644421],[77.4352149307148,12.9187255040529],[77.4352142014636,12.9185538134534],[77.435078390136,12.9183081288301],[77.4348716777461,12.9179125054032],[77.4346637048767,12.9174909067949],[77.4345077762641,12.9171187928562],[77.4345293333239,12.9167696681353],[77.4347797341208,12.9163314913612],[77.4350813999665,12.9160309105752]]]}},{"type":"Feature","properties":{"kgisWetlandId":2945,"wetlandCode":"1202","wetlandClass":"Tank/Pond","forestBeatId":2296,"areaM2":270038,"shapeAreaM2":270313.5,"shapeLengthM":2872.9,"labelPoint":[77.498418,12.920835],"source":"kgis-wetlands"},"geometry":{"type":"Polygon","coordinates":[[[77.5012371414025,12.9227258296938],[77.501741812535,12.9225039200159],[77.502316606603,12.9222512020857],[77.5026858423483,12.9218819144717],[77.5028117934319,12.9214594773552],[77.5025655438126,12.9212594994675],[77.5022163210678,12.9212135921629],[77.501923170163,12.9210855459057],[77.5018549833612,12.9207797398221],[77.501775023566,12.9204175075187],[77.5016638441604,12.9202841435274],[77.5015388814641,12.9204151544333],[77.5013588044613,12.9205848119108],[77.5013323675368,12.9205973518688],[77.5011484649473,12.9206851339907],[77.5010552900549,12.9207132165064],[77.5009770700339,12.9207367141302],[77.5007796885775,12.9206449575778],[77.5007684465449,12.9204507257963],[77.5009007487336,12.9201592877408],[77.5009323308625,12.9197547724546],[77.5008747034263,12.9194912766177],[77.500771306279,12.9192957537429],[77.500720091966,12.9191773757112],[77.5006481924127,12.919069820004],[77.5005556927249,12.9189917222214],[77.5004783087257,12.9189451860574],[77.5004240302521,12.9189137961708],[77.5003813236796,12.9188942161921],[77.5003709365446,12.9188897439709],[77.5000423939596,12.9190871592381],[77.4996388304613,12.9192510164602],[77.4992910626783,12.919271741758],[77.4989677301638,12.9193471419109],[77.4985927713823,12.919212673357],[77.4981162898704,12.9190425016875],[77.4978273144802,12.9190736986968],[77.4973223343625,12.9189697300273],[77.496748726837,12.9189733647239],[77.4962142725941,12.9189751357605],[77.4957097690778,12.9189773376895],[77.4954971988103,12.9193510153401],[77.4954990378107,12.9195040606437],[77.4950817637224,12.9191800076416],[77.494439622667,12.9187987621048],[77.4938706165185,12.9188012423592],[77.493586895416,12.9189769935418],[77.4934453190741,12.9192571725663],[77.4935187622232,12.9197103658948],[77.4939839886408,12.9201968683769],[77.4950537186456,12.9208896976926],[77.4954720393835,12.9214464330679],[77.4950066807019,12.921445639224],[77.4948546340534,12.9214457380784],[77.4946947255213,12.9214904879888],[77.4945995065624,12.9215767489535],[77.4945561597818,12.9216712555618],[77.4945947194899,12.9217936420943],[77.4946826414392,12.9218785395406],[77.4948891413886,12.9219487999103],[77.4949859269705,12.921955156146],[77.4951391633128,12.9219635233332],[77.4951979280709,12.921967784493],[77.4957335242412,12.9219626235288],[77.4959271162625,12.9219798508189],[77.4962191908608,12.9218684445898],[77.4966994411129,12.921850533109],[77.4974157799762,12.9218231169483],[77.4981317798912,12.9219764270798],[77.4987059661315,12.9220998596205],[77.4993820212902,12.9220793911006],[77.4999791079586,12.9221722213103],[77.5002594196688,12.9225183279337],[77.5003559662103,12.9227274354623],[77.5005849760997,12.9226801200692],[77.5007647252913,12.9226928864587],[77.5009920311129,12.9227788645532],[77.5011028302983,12.9228275141619],[77.5012371414025,12.9227258296938]]]}},{"type":"Feature","properties":{"kgisWetlandId":2953,"wetlandCode":"1202","wetlandClass":"Tank/Pond","forestBeatId":2363,"areaM2":35014,"shapeAreaM2":35043.0,"shapeLengthM":738.0,"labelPoint":[77.362298,12.924148],"source":"kgis-wetlands"},"geometry":{"type":"Polygon","coordinates":[[[77.3621967597111,12.9231084554167],[77.3621079622086,12.9230833822348],[77.3620194874153,12.9231396374188],[77.3613585669528,12.9243773900574],[77.3612798330736,12.9245669002558],[77.3612572278244,12.9246765573741],[77.3612669684527,12.9248098116427],[77.3613238438457,12.924918597877],[77.3614291345766,12.9250362339478],[77.3615779895463,12.9251011764963],[77.361751965996,12.9251101072396],[77.3621586807222,12.9251311321829],[77.3626562635417,12.9251184824199],[77.3629684259505,12.9251155840412],[77.3633999802314,12.9250099965894],[77.3634950568972,12.9248752087959],[77.3634935965744,12.9247972719843],[77.3633667223172,12.9244650983398],[77.3629325849944,12.9239183574134],[77.3624255196646,12.9232804003114],[77.3622567244394,12.923125168435],[77.3621967597111,12.9231084554167]]]}},{"type":"Feature","properties":{"kgisWetlandId":2959,"wetlandCode":"1202","wetlandClass":"Tank/Pond","forestBeatId":2548,"areaM2":24484,"shapeAreaM2":141160.9,"shapeLengthM":1850.4,"labelPoint":[77.827404,12.920763],"source":"kgis-wetlands"},"geometry":{"type":"Polygon","coordinates":[[[77.8278771887871,12.9198770256936],[77.8269554900946,12.9207988466495],[77.8259325776495,12.9209749034254],[77.8254508808895,12.9209961872248],[77.8254955906707,12.9211703532119],[77.8256489696549,12.9214032793308],[77.8258825686973,12.9215668581032],[77.8261476123973,12.9215919068105],[77.8264119580084,12.9214966765502],[77.8266681083046,12.9213783394837],[77.8269197071656,12.9212696280849],[77.8271748125563,12.9211699311732],[77.8274356628774,12.921067943424],[77.8276651828966,12.9209254738715],[77.8278494572707,12.9207267873971],[77.828035985842,12.9205196181149],[77.8282596144677,12.9203545930152],[77.8285089569109,12.920254363163],[77.828773661485,12.9202212473507],[77.8290547420242,12.9202315198246],[77.8293566716441,12.9202620044732],[77.8295994808583,12.920226751365],[77.8296606580699,12.920045295502],[77.8278771887871,12.9198770256936]]]}},{"type":"Feature","properties":{"kgisWetlandId":2988,"wetlandCode":"1202","wetlandClass":"Tank/Pond","forestBeatId":2363,"areaM2":61456,"shapeAreaM2":61506.8,"shapeLengthM":996.4,"labelPoint":[77.357435,12.929829],"source":"kgis-wetlands"},"geometry":{"type":"Polygon","coordinates":[[[77.3583733456595,12.9283237991132],[77.3582245351298,12.928270714949],[77.3580541563258,12.9282984794191],[77.3579780963755,12.9282902999088],[77.3573836015319,12.9282671662158],[77.3569388808968,12.9282496702428],[77.356519201114,12.928155263804],[77.3564195008569,12.9282872434952],[77.3564040539921,12.9284601301681],[77.3564234217967,12.9286983993057],[77.3564755166397,12.9293494091687],[77.3564944958041,12.9294888405496],[77.3566114335045,12.9299317566078],[77.3566710557382,12.930153492412],[77.3568125447002,12.9306878107566],[77.3571636635285,12.9312151124517],[77.357298763257,12.9312964882572],[77.3575212723552,12.9313425129196],[77.3576342583702,12.9313663647676],[77.3578104370171,12.9313481791008],[77.357997571704,12.9311870586266],[77.3581700887736,12.9308243634128],[77.3582982360929,12.9297264742958],[77.358297991427,12.9296643470617],[77.3584923755478,12.9292970492256],[77.358528996154,12.9289433459997],[77.3585335762383,12.9286439874234],[77.3585005402038,12.9284458719313],[77.3583733456595,12.9283237991132]]]}},{"type":"Feature","properties":{"kgisWetlandId":2990,"wetlandCode":"1202","wetlandClass":"Tank/Pond","forestBeatId":2363,"areaM2":117810,"shapeAreaM2":117911.3,"shapeLengthM":1891.0,"labelPoint":[77.38558,12.9276],"source":"kgis-wetlands"},"geometry":{"type":"Polygon","coordinates":[[[77.3863363723052,12.9242579615061],[77.3859709026019,12.924180897937],[77.3854133965859,12.9241864862253],[77.3849989209368,12.9242395165477],[77.384737062706,12.9244320125798],[77.3846078228705,12.9246612619644],[77.3846099007602,12.9248905593641],[77.3847539805735,12.9251972373904],[77.3849969511872,12.9254611673687],[77.385002760831,12.9254735699502],[77.3850696375099,12.9260589943463],[77.3851147221018,12.9263830062522],[77.3850962047257,12.9266462725383],[77.3850358895069,12.9268283721122],[77.3849354232023,12.9270518605916],[77.3849375577926,12.927294712697],[77.3849009935864,12.9273682800889],[77.3848564293941,12.9274576932619],[77.3846940099014,12.9277429880959],[77.3845733776283,12.9281071881342],[77.3844542284994,12.9285532775699],[77.3844377668015,12.9290401932787],[77.384564628495,12.929361623648],[77.3847327202917,12.9296235882693],[77.3848785939629,12.9298037471729],[77.3851296225226,12.9300648195468],[77.3853175425224,12.9303871385863],[77.3853610627086,12.9306089304322],[77.3854462991513,12.9308915538342],[77.3855103891962,12.9310725991301],[77.385613156341,12.9311326257221],[77.3857378090297,12.9311925659674],[77.3858829494973,12.9311914292384],[77.3859850575978,12.9310887980732],[77.3860859357497,12.9309669710235],[77.3860852765582,12.930804313446],[77.3860836357327,12.9306834547835],[77.3859792270245,12.9305025687941],[77.3858542473236,12.9303618645161],[77.3857486865886,12.9301809825913],[77.3857464698314,12.9299177993689],[77.3856474780298,12.9296521732211],[77.3857107375693,12.9296282032471],[77.3857622569447,12.9295494941289],[77.3857832191533,12.9293212350339],[77.3857726097853,12.9292614093239],[77.3856999029575,12.9289437196412],[77.3856789962563,12.9286167871685],[77.3857378549246,12.9283595764576],[77.3859982432073,12.9280874483973],[77.38619893643,12.9278663871736],[77.3864990031456,12.9274370919534],[77.3865684978208,12.9272464833946],[77.3866191045798,12.927227079997],[77.3867687459483,12.9271999434398],[77.3868652251872,12.9271300935864],[77.3869257157154,12.9269914808252],[77.386837666752,12.9265834849195],[77.386845309866,12.9264795329301],[77.3868449608362,12.9263936865067],[77.3868133032784,12.9262565671502],[77.3868382450461,12.9258735405591],[77.3867598662015,12.9250091560681],[77.3865113527773,12.9245148150167],[77.3863363723052,12.9242579615061]]]}},{"type":"Feature","properties":{"kgisWetlandId":2996,"wetlandCode":"1202","wetlandClass":"Tank/Pond","forestBeatId":2548,"areaM2":64895,"shapeAreaM2":64993.6,"shapeLengthM":986.0,"labelPoint":[77.822304,12.926331],"source":"kgis-wetlands"},"geometry":{"type":"Polygon","coordinates":[[[77.8232267249524,12.9255550776894],[77.8226655799822,12.925115501629],[77.8223199701247,12.9252998435124],[77.8216115019193,12.9258730472231],[77.8207310789123,12.9265866987578],[77.8206247233323,12.9267177426982],[77.8207866211585,12.9270296821303],[77.8211334937093,12.9272620887029],[77.8217474191364,12.9274675834923],[77.8218838459585,12.9275571696364],[77.8223347578015,12.9278550614514],[77.8231343571848,12.9279025196471],[77.8236124217671,12.9277179962813],[77.8236111525584,12.927697673525],[77.8236094023116,12.9271967881999],[77.823605614268,12.9267416553802],[77.8236060725278,12.9266219357236],[77.8235222850364,12.9260757705219],[77.8233174844822,12.9257143794744],[77.8232418539145,12.9255820991775],[77.8232267249524,12.9255550776894]]]}},{"type":"Feature","properties":{"kgisWetlandId":3003,"wetlandCode":"1202","wetlandClass":"Tank/Pond","forestBeatId":2380,"areaM2":44379,"shapeAreaM2":44424.4,"shapeLengthM":867.5,"labelPoint":[77.494662,12.931504],"source":"kgis-wetlands"},"geometry":{"type":"Polygon","coordinates":[[[77.4951675912008,12.9303576166601],[77.4950987428508,12.9301602469573],[77.4949207228593,12.9302773671324],[77.4947794027545,12.93035874615],[77.4946760645916,12.9304331826066],[77.4945280309209,12.9305586433446],[77.4944249204949,12.9306839084764],[77.4941762110612,12.9309639909352],[77.4941437199006,12.9311680156421],[77.4939391411101,12.9312711320366],[77.4936863856813,12.9316766118089],[77.4936893489355,12.9320809759303],[77.4940017106013,12.932380637779],[77.4943624718143,12.9324276341205],[77.4949839851202,12.9328247799878],[77.4952931433299,12.9329233948403],[77.495549554313,12.932819485895],[77.4960621567115,12.9325625344598],[77.4960586293897,12.9322897647695],[77.4960144559553,12.9322007238901],[77.4957122931171,12.9318637457864],[77.4955684798397,12.9316463709333],[77.495491180005,12.9313626282518],[77.4952633560939,12.9306491861517],[77.4952212950883,12.9305172131008],[77.4951675912008,12.9303576166601]]]}},{"type":"Feature","properties":{"kgisWetlandId":3008,"wetlandCode":"1202","wetlandClass":"Tank/Pond","forestBeatId":2296,"areaM2":165120,"shapeAreaM2":165281.3,"shapeLengthM":1789.5,"labelPoint":[77.467318,12.931088],"source":"kgis-wetlands"},"geometry":{"type":"Polygon","coordinates":[[[77.4686993640658,12.9336153876575],[77.4687902792326,12.9333326111373],[77.4688795581406,12.9334649524417],[77.4688865828954,12.9334909026878],[77.4691378592923,12.9332633552215],[77.4692801594596,12.9331401915602],[77.4694648165061,12.9329569803337],[77.4696083544471,12.9328535773628],[77.4697310763276,12.9327316271011],[77.4697485306705,12.9325090307813],[77.4697461385486,12.9322260877434],[77.4696605399462,12.9318825033785],[77.4694729613793,12.931661911407],[77.4692636751975,12.9314820763224],[77.4690775105903,12.9313213438564],[77.4688483751256,12.9310805968376],[77.4686778965474,12.9305560809701],[77.468632266956,12.930132128458],[77.4685482146233,12.9296145855042],[77.4684999436312,12.9296396422795],[77.4683344656324,12.9292043396434],[77.4680395888427,12.9286809184197],[77.4678709730549,12.9283179199231],[77.4674563917126,12.9280790911554],[77.467064938245,12.9281236814128],[77.465360712547,12.9301076545484],[77.4652497553772,12.9302860303035],[77.4652310562502,12.9304883005727],[77.4652328252447,12.9306294884154],[77.4653807732248,12.9307446387084],[77.4653889386236,12.9307677593716],[77.4654987060858,12.9308446675865],[77.4656837143053,12.9310048420742],[77.46578893691,12.9310958888742],[77.465938996649,12.9311669768151],[77.4661282250146,12.9312384632592],[77.4662933055842,12.9313196539459],[77.4665684779129,12.9315517354359],[77.4667488957972,12.9317158817554],[77.4668634853146,12.9318413393248],[77.4670512603038,12.9321071147732],[77.4671117091133,12.9322328032375],[77.4671675348281,12.9323545572187],[77.4672387574388,12.9325728219834],[77.4673157994135,12.9328046178412],[77.467404112556,12.9332430732476],[77.467430995303,12.9333316292194],[77.4674613647798,12.933427512247],[77.4675220721491,12.9336119356958],[77.4675881741973,12.9337127490394],[77.4676485231886,12.933815281066],[77.4677826055598,12.9339197582036],[77.4681831484277,12.9341072505162],[77.468262647043,12.9341108648528],[77.4683213725175,12.934105531278],[77.4683811431185,12.934075908511],[77.4684500836218,12.9340355148643],[77.4684994023855,12.9339867343578],[77.4685635015459,12.9338932724117],[77.4686412567624,12.9337619124217],[77.4686993640658,12.9336153876575]]]}},{"type":"Feature","properties":{"kgisWetlandId":3012,"wetlandCode":"1202","wetlandClass":"Tank/Pond","forestBeatId":2380,"areaM2":205655,"shapeAreaM2":205859.7,"shapeLengthM":2966.4,"labelPoint":[77.482251,12.929155],"source":"kgis-wetlands"},"geometry":{"type":"Polygon","coordinates":[[[77.4834448423633,12.9340468139999],[77.4834371746399,12.9338762859312],[77.4836170155581,12.9339077004955],[77.4838245484416,12.9339497258095],[77.4838764677971,12.9339681390305],[77.4838499992746,12.9337146701704],[77.4836932595712,12.9334380426636],[77.4836351718371,12.9328085705418],[77.4836327885548,12.9325312762544],[77.4837559852954,12.9319992910943],[77.4838041730916,12.9316963643649],[77.4838304431961,12.9316459849523],[77.4840081966624,12.9314673125224],[77.4840058104352,12.9311894536203],[77.4840036509937,12.9309624238428],[77.4836390188516,12.9305618807989],[77.483403066131,12.9300856658399],[77.4831133397614,12.9294323445095],[77.4829023883745,12.9288786462851],[77.4826652821306,12.9284013053624],[77.4824049986465,12.9281522335718],[77.4822281954661,12.9280253582002],[77.4822603877337,12.9274920716639],[77.482279739597,12.9274400289168],[77.4822170064338,12.9273205666475],[77.4820601671727,12.9270196544079],[77.4819541164327,12.9267428072558],[77.4817457777,12.9265177967509],[77.4815905364853,12.9263174058373],[77.4813808267511,12.92604269962],[77.4813263868729,12.9257147999935],[77.4813241197566,12.9254629206116],[77.4813218470503,12.9252099109887],[77.4813176444813,12.9247812640556],[77.4814166231333,12.9245024027994],[77.4814144663099,12.9242753724685],[77.4812842320356,12.9239991946071],[77.4810256644179,12.9238760586099],[77.480844602447,12.9238271389281],[77.4806385335153,12.9238540064199],[77.4804605577065,12.9239818476987],[77.4803583790705,12.9240585328549],[77.4798703358431,12.9241391376108],[77.4795115218079,12.9242688862976],[77.4792805602895,12.9243975203263],[77.4792557736081,12.9245230066764],[77.4792831606076,12.9247250785449],[77.4793439348357,12.9249230529315],[77.4793246876737,12.9249988161995],[77.4794104272567,12.9251119667721],[77.479422674498,12.9252768286144],[77.479392163274,12.9254102470641],[77.4793408916503,12.9255375417964],[77.4791638153331,12.9256089009562],[77.4790617502757,12.9257115642279],[77.479012999095,12.9258879841327],[77.4790657265894,12.9260899471985],[77.4791502456546,12.9261872898432],[77.4791965578536,12.9262407433258],[77.4792013106933,12.926273480224],[77.4792549811063,12.9264279981694],[77.4793304440007,12.9265615255974],[77.4795005400346,12.926734743074],[77.4795542070382,12.9268886962434],[77.4795666408355,12.9270953499056],[77.4795271936598,12.9272920619328],[77.4795145986682,12.9273090600819],[77.4793881758078,12.9273739877362],[77.4791826611294,12.9275267977102],[77.4791073090835,12.9276790467237],[77.4790575202343,12.9278814497362],[77.4790797671153,12.9282236090076],[77.4792235652637,12.9284409932564],[77.479383071365,12.9285639920434],[77.4795618388618,12.9286140516365],[77.4797300986427,12.9286325294011],[77.480035296102,12.9286193556592],[77.4803298529046,12.9285446661064],[77.4807292264398,12.9284683933027],[77.4809918516028,12.9284661319627],[77.4811723158904,12.9286393053318],[77.4812789719617,12.9287930286236],[77.4817733796812,12.9296267637697],[77.48251878012,12.9304317392243],[77.4826669340535,12.9305914952061],[77.4827210910488,12.9308550109071],[77.4827878912196,12.9311122596785],[77.4828599734807,12.931261613675],[77.4829519231233,12.9314752663676],[77.4829306537042,12.9316142927291],[77.4829093890008,12.9317544484311],[77.4828408863008,12.931892550149],[77.4827461480788,12.9320889356662],[77.482715995317,12.9323025507169],[77.4827306241611,12.9324843444482],[77.4827705977374,12.932666595338],[77.482913437594,12.9329263393337],[77.4830506275674,12.9334701888066],[77.4831051818883,12.933822937112],[77.4831072258052,12.9340239886482],[77.4832616955476,12.93404873498],[77.4834448423633,12.9340468139999]]]}},{"type":"Feature","properties":{"kgisWetlandId":3016,"wetlandCode":"1202","wetlandClass":"Tank/Pond","forestBeatId":2550,"areaM2":83471,"shapeAreaM2":83591.2,"shapeLengthM":1127.9,"labelPoint":[77.771981,12.930927],"source":"kgis-wetlands"},"geometry":{"type":"Polygon","coordinates":[[[77.7727030451566,12.929609918905],[77.7726897813518,12.9295038234243],[77.7722004882058,12.929543185544],[77.7708658657551,12.929804550087],[77.7704413198057,12.9298881713265],[77.7701840514936,12.9302261380939],[77.7701885276383,12.9306152043543],[77.7705312591922,12.9311436171682],[77.7713254727823,12.9320795663832],[77.771676655968,12.9322645836473],[77.7720981913157,12.9322600365353],[77.7729164826455,12.9321449076809],[77.7735517468074,12.9318438510529],[77.7739580882124,12.9315942962047],[77.7737218536856,12.9313679985299],[77.7736223644347,12.9310844864658],[77.773521546165,12.9307693569993],[77.7733597743852,12.9306764926421],[77.7730994022747,12.930458795611],[77.7729337365962,12.9300813352105],[77.7729104322897,12.9300334596225],[77.7727030451566,12.929609918905]]]}},{"type":"Feature","properties":{"kgisWetlandId":3025,"wetlandCode":"1202","wetlandClass":"Tank/Pond","forestBeatId":2364,"areaM2":75212,"shapeAreaM2":75297.1,"shapeLengthM":1011.1,"labelPoint":[77.576772,12.934118],"source":"kgis-wetlands"},"geometry":{"type":"Polygon","coordinates":[[[77.5763513387301,12.9328634585536],[77.5760066729983,12.9328114183109],[77.5758132192172,12.9328247476099],[77.5756743235316,12.9329253586332],[77.5755578519879,12.9331376881853],[77.5754855705313,12.9334373477869],[77.5753923961357,12.9337037842947],[77.5753507389121,12.9339039030456],[77.5753523463761,12.9339987755109],[77.5753546432652,12.9342370916916],[77.5753568051179,12.9344471719059],[77.5753914886249,12.934713010729],[77.5754917736708,12.9349672482278],[77.5755195932305,12.9350032623007],[77.5755891148638,12.9350882153817],[77.575752273398,12.9352421957836],[77.5759682011222,12.9353507497746],[77.5761967350578,12.9354456896252],[77.5762279010094,12.9354590969744],[77.5765183779788,12.9355000957991],[77.57692733774,12.9355072177275],[77.5771115283447,12.9354837644096],[77.577217443887,12.9354714091885],[77.5777222530627,12.9352894522914],[77.57786093146,12.9351436599484],[77.5782354301047,12.9339756808485],[77.5782536730078,12.9336977347879],[77.5782410361759,12.9334656783257],[77.5782072572848,12.9333879002131],[77.5780778747496,12.9333111349097],[77.5771932971406,12.9330876805294],[77.5768046515627,12.9329923608692],[77.57656699726,12.9329166661896],[77.5763513387301,12.9328634585536]]]}},{"type":"Feature","properties":{"kgisWetlandId":3060,"wetlandCode":"1202","wetlandClass":"Tank/Pond","forestBeatId":2296,"areaM2":222986,"shapeAreaM2":223192.4,"shapeLengthM":2497.6,"labelPoint":[77.435402,12.939514],"source":"kgis-wetlands"},"geometry":{"type":"Polygon","coordinates":[[[77.4361856420922,12.937621378872],[77.4361778319153,12.9374101826026],[77.4361892556755,12.9373875434965],[77.4363068351618,12.9371357291378],[77.4363255539345,12.9369323291938],[77.4364217911476,12.9368082437714],[77.4364676181662,12.9367493161702],[77.4366313944689,12.9365249839351],[77.4366709382057,12.9363429595242],[77.4366675144458,12.9360797862036],[77.4365824784079,12.935858179098],[77.4364576416109,12.9357581639433],[77.4363550792481,12.9357489881011],[77.4360450838403,12.9357209036239],[77.4354679795776,12.9357266815278],[77.4350015561827,12.9357545922946],[77.4347029682205,12.9356999134022],[77.4346051036451,12.9357121781967],[77.4331350244587,12.9356685526938],[77.432868206161,12.9357713157319],[77.4326019919166,12.9360164009118],[77.4325427824414,12.9361798674582],[77.4323786558879,12.9363223051788],[77.4322561717618,12.9365052359061],[77.4322581807596,12.9367074199716],[77.4322381015824,12.9368622532356],[77.4322203027296,12.9370114298635],[77.4322224831052,12.9372542778696],[77.4322645542615,12.9373958647079],[77.4325139673493,12.9375349002039],[77.4326800146188,12.9375737500809],[77.4328031268292,12.9375387901698],[77.4329803120768,12.9374877929528],[77.4330576105908,12.9375151473124],[77.4332286589948,12.9376465998009],[77.433400969156,12.9378040279128],[77.4334109995881,12.9379960127975],[77.4333875517555,12.9381711917054],[77.4332872466398,12.9384229344436],[77.4332463420922,12.9385563927945],[77.4332802556309,12.9386759856493],[77.4334164666053,12.9387415029732],[77.4337068889419,12.9387713665425],[77.433920138811,12.938803242269],[77.4340581032133,12.9390105114065],[77.4340944132175,12.9391515578712],[77.4340965668778,12.939387627436],[77.4341591432374,12.9397460048274],[77.4342171609351,12.9398446027918],[77.4342461756699,12.9398953130356],[77.4344010646173,12.9400189243619],[77.4346319118534,12.9401252788473],[77.4349841102867,12.9403243192613],[77.4351309026237,12.9404400563578],[77.4352051532664,12.9405634363561],[77.4351657883866,12.9407878177952],[77.4351696404875,12.9411520866803],[77.4351336897491,12.9416379475998],[77.4351174105908,12.9421440609301],[77.4351195947336,12.9423869083185],[77.4351234417725,12.9427500468986],[77.4350845013472,12.9430743925345],[77.4350878380042,12.9433172354701],[77.4351299141447,12.9434593860104],[77.4352753118351,12.9435175226471],[77.4353985701934,12.943516446836],[77.4356462383339,12.9435142915072],[77.435893652783,12.9434522700479],[77.436054581998,12.9433702754085],[77.4359925166353,12.9431327585279],[77.4360855787342,12.9430742007135],[77.4361611062157,12.9429558481531],[77.4361847303995,12.9428224624884],[77.4361919379406,12.942621369333],[77.4362150628898,12.942370510661],[77.4362192482256,12.9420005614248],[77.436224703777,12.9416582810232],[77.4362731714365,12.9414073156102],[77.436414449435,12.9410390577226],[77.43645632443,12.9408632368196],[77.436512998708,12.9406461260799],[77.4365689816374,12.9402663592416],[77.4365670130304,12.9400743429508],[77.4365820052573,12.9398077032727],[77.4366479624152,12.9396063673524],[77.43672321072,12.9394225002826],[77.4367889892284,12.9391793721006],[77.4367442064518,12.9389423488129],[77.4367170404201,12.9387848879093],[77.4366726609259,12.9386427464807],[77.436604131311,12.9385103070067],[77.4364744038063,12.9383442333418],[77.4363192318401,12.9381539792872],[77.4362496896629,12.9380543013869],[77.4362227332537,12.9379459744727],[77.4362128455585,12.9377878767343],[77.4361856420922,12.937621378872]]]}},{"type":"Feature","properties":{"kgisWetlandId":3080,"wetlandCode":"1202","wetlandClass":"Tank/Pond","forestBeatId":2548,"areaM2":10482,"shapeAreaM2":303233.7,"shapeLengthM":2860.0,"labelPoint":[77.775339,12.937829],"source":"kgis-wetlands"},"geometry":{"type":"MultiPolygon","coordinates":[[[[77.7768086819829,12.935157629095],[77.7765961703787,12.9347559144332],[77.776536409098,12.9356010569043],[77.7765282031951,12.9357827084101],[77.7768086819829,12.935157629095]]],[[[77.7757265017124,12.9375693839554],[77.7761716418033,12.9365773443184],[77.7759872649364,12.9366770097982],[77.7756340366859,12.9369505619099],[77.775357719911,12.9371779521141],[77.7751595120406,12.9375720747738],[77.7750852209632,12.9380863715355],[77.774825728191,12.9389320517043],[77.7757265017124,12.9375693839554]]]]}},{"type":"Feature","properties":{"kgisWetlandId":3090,"wetlandCode":"1202","wetlandClass":"Tank/Pond","forestBeatId":2363,"areaM2":32518,"shapeAreaM2":32544.9,"shapeLengthM":791.8,"labelPoint":[77.356281,12.948918],"source":"kgis-wetlands"},"geometry":{"type":"Polygon","coordinates":[[[77.3559241753962,12.9476175581526],[77.3557743657187,12.9476062723844],[77.3557999057985,12.9476558758976],[77.3557763355827,12.9478141094302],[77.3557804230679,12.9482670585955],[77.3557856555436,12.9487183094995],[77.3557257563202,12.9490127975229],[77.3556657137185,12.9492705733589],[77.3555800342412,12.9494544618684],[77.3555182552825,12.9495642681571],[77.355494689999,12.9497236302341],[77.3555968353994,12.9499180930054],[77.3556975442077,12.9500402666895],[77.3558604581008,12.9501610727194],[77.3560495775837,12.9502077899907],[77.3562730190881,12.9501933774372],[77.3568461369305,12.9500409409411],[77.3571070679311,12.9498930917816],[77.3572550007105,12.9497202606456],[77.3573659255331,12.9495114249539],[77.3573895869904,12.9493769132518],[77.3573497419663,12.9492053690751],[77.3571995519002,12.9490975056349],[77.3570611195171,12.949050029653],[77.3569111646604,12.9490020343513],[77.3567227175297,12.9488333197212],[77.3565325349134,12.9485166354487],[77.3561888968209,12.9478475434905],[77.3560131669986,12.9476900756727],[77.3559241753962,12.9476175581526]]]}},{"type":"Feature","properties":{"kgisWetlandId":3096,"wetlandCode":"1202","wetlandClass":"Tank/Pond","forestBeatId":2297,"areaM2":5910330,"shapeAreaM2":5917799.7,"shapeLengthM":21796.6,"labelPoint":[77.656851,12.93232],"source":"kgis-wetlands"},"geometry":{"type":"Polygon","coordinates":[[[77.6602484606904,12.9470300806864],[77.6614779367819,12.9462090045376],[77.6622919608624,12.9452414770777],[77.662287309305,12.944786320051],[77.6623401433455,12.944533051048],[77.6624345585521,12.9440785269647],[77.6627405342003,12.9437714682312],[77.6631526324396,12.9437163167681],[77.6633588127888,12.9437141527525],[77.6633626841792,12.9440179632977],[77.6630547708674,12.9441725527705],[77.6629535591913,12.9444260641098],[77.6629557546078,12.944628229646],[77.6631134476475,12.9448284871468],[77.6632680589921,12.9448779729553],[77.6635260743478,12.9448755498584],[77.6642436287385,12.944412815281],[77.664290808711,12.9439573982141],[77.6644280272979,12.9435388015471],[77.6663848582808,12.9425988447694],[77.6688256635615,12.9405851284136],[77.6689895993529,12.9406560243811],[77.6690161244037,12.9406621026864],[77.6691072359546,12.940683668585],[77.6693126664859,12.9405374954352],[77.6694730945989,12.9403763017028],[77.6696051809118,12.9403027855025],[77.6697662855126,12.9402720419121],[77.6698850002246,12.9402855620317],[77.6700189089677,12.9403413621454],[77.6700647331449,12.9405150693117],[77.6700670828088,12.9407460366855],[77.6700543090584,12.9409482777072],[77.6699830221955,12.9411954283368],[77.6699109763998,12.9412963148879],[77.6698377872269,12.9413989015708],[77.669809588303,12.9415142493691],[77.6698700092725,12.9416150338047],[77.6700651100032,12.9419201396582],[77.6700241431453,12.9422388594707],[77.6699527799073,12.9424713263795],[77.6696622315017,12.9428635901799],[77.6698295516419,12.9429203505613],[77.669903752078,12.9430125940643],[77.6707644515268,12.9441665339674],[77.6709148409804,12.944290017589],[77.6710418666117,12.9443509335863],[77.6719772619277,12.9445817086078],[77.6722849613882,12.9446089558361],[77.6725501023269,12.9446477137691],[77.6729535203538,12.9446959379293],[77.6731965044636,12.9446828504681],[77.6736407939114,12.9446162243908],[77.6738731429217,12.9445517986278],[77.6741697188,12.944433398582],[77.6743165612662,12.9443180137925],[77.6744631348598,12.9441506754083],[77.6744880402328,12.9440669679444],[77.6745039018193,12.9440160612008],[77.6748968060726,12.9429303408522],[77.6761601137586,12.9422050353397],[77.6773300098501,12.9421228679065],[77.6775151591925,12.9425059518646],[77.6775379103556,12.9426718680592],[77.6776030075815,12.9427850506158],[77.6777415521087,12.9428459053609],[77.677942030205,12.9428550536768],[77.6780872234984,12.9428656128063],[77.678152909521,12.942870926317],[77.6781759568557,12.9428725043667],[77.6782924514575,12.9429018441818],[77.6784310550879,12.9429739919766],[77.6787238232582,12.9434508397574],[77.6787997774278,12.9436577128015],[77.6788754012836,12.943801336292],[77.679008617415,12.9439446685029],[77.6790584229696,12.9439969364792],[77.6792707390447,12.9440670150377],[77.6795580351953,12.9441576087616],[77.6798439652298,12.9442069832086],[77.6800756298594,12.944232348922],[77.6800693608612,12.9436941869564],[77.6798601763077,12.9433417236233],[77.6797032403138,12.943068058512],[77.680353096953,12.9424429815124],[77.6809947707371,12.942456098605],[77.6813860978131,12.9430561188976],[77.6818296788821,12.9437355007133],[77.6821487092305,12.9439467841667],[77.6827393609896,12.9443345761206],[77.683243337833,12.9446680282112],[77.6843842073631,12.9454195265568],[77.6860183170524,12.94599287095],[77.6867824341067,12.9460697274329],[77.6870765517994,12.9457039712451],[77.6873695320615,12.9453410451361],[77.687244767175,12.9448345484561],[77.6871341252083,12.9443850200521],[77.6866687149988,12.9439384311788],[77.6858156876394,12.9438196721983],[77.6852843257795,12.9435360613876],[77.6846790423369,12.9432138587956],[77.6846744595078,12.9427796004102],[77.6846696084231,12.9422939516689],[77.6850184333631,12.9418172309952],[77.6858444788376,12.9418440779605],[77.6865772048718,12.941868012348],[77.6870357326175,12.9418826131726],[77.6877961072808,12.94190696637],[77.6883871253025,12.9419259718843],[77.688805332248,12.9419396466496],[77.6891669279317,12.9421399727508],[77.689684595977,12.9417917067086],[77.6896148074998,12.9414447518677],[77.6894941306793,12.9408399734708],[77.6890900614859,12.9406669719137],[77.6885451382442,12.9404320038182],[77.6879425001923,12.9401741752284],[77.6870847118634,12.9398047001699],[77.6859567799905,12.9393197002106],[77.6840324636793,12.9389697710128],[77.6821173618739,12.9386192159237],[77.6806558926988,12.938668999244],[77.6797115228504,12.938701468102],[77.6790386830826,12.9386738210693],[77.6785045523529,12.9382975913184],[77.6783584019529,12.9378826865194],[77.6787393061613,12.9371505485833],[77.6796886630708,12.9363099204318],[77.6800107585048,12.9351257248169],[77.6805163131629,12.9342229670635],[77.6805035023755,12.9333143698017],[77.6800058140662,12.9330768819099],[77.6792530746153,12.9336273682732],[77.6786332312654,12.9338202639977],[77.6776327371552,12.93413085803],[77.6769218680362,12.9338763731182],[77.67678688673,12.9331722629797],[77.677012299706,12.9326628581311],[77.6770605088119,12.9324096104447],[77.6773140995865,12.9320028440832],[77.6776735547362,12.9317971532628],[77.6779814436706,12.9316425483659],[77.6780313342241,12.9314909464132],[77.6780293866281,12.9313384773672],[77.6777711311029,12.931291783401],[77.6773576384517,12.9312955719086],[77.6769993380333,12.9315018212991],[77.6765390488791,12.9318091105531],[77.6761185115581,12.9322297100831],[77.6760803384847,12.9324196550157],[77.6758056261327,12.9325311695729],[77.6743223898559,12.9319332686457],[77.6710161821263,12.9314111940618],[77.6691422433841,12.9316561294064],[77.668901764249,12.9314833998261],[77.6680770865774,12.9314920664118],[77.6675608236274,12.9314466586349],[77.6675062766007,12.9311447971447],[77.6677620767093,12.9309396403612],[77.6675031686618,12.930543929892],[77.6663386819667,12.9305492156846],[77.6663105387231,12.9304527864614],[77.6661043975635,12.9300144530099],[77.6659821007087,12.9297524632323],[77.6659549877706,12.9296323094084],[77.6659541536157,12.9294707981322],[77.6659372504294,12.9286514443786],[77.6659689997163,12.9285541491469],[77.666050319277,12.9284650768075],[77.6661477182076,12.9283668875358],[77.6662129919699,12.9282931434486],[77.6662686396961,12.9281398196497],[77.6662921965318,12.9280177170363],[77.6662996351163,12.9278968252748],[77.6662899189751,12.9277997387969],[77.6661745730759,12.9277681281269],[77.6660916920426,12.927778144499],[77.6659443893506,12.9278037322984],[77.6657290898642,12.9278217550911],[77.6654986956921,12.92781613482],[77.6654201914618,12.9277815149191],[77.6647890212651,12.9277880698871],[77.6642730285143,12.9277934805981],[77.663251222815,12.9286620902531],[77.6623796300202,12.9291769811462],[77.6621646931861,12.9292655922524],[77.661506095484,12.9295388349383],[77.66073596494,12.9298504716051],[77.6600656255367,12.9298572105348],[77.6593434587699,12.9298647715123],[77.658260781783,12.9298758255975],[77.6575904451056,12.9298831236675],[77.6568161857021,12.9298401113747],[77.655835494437,12.9297484275976],[77.6547508889615,12.9296081251137],[77.6546990609029,12.9296089470542],[77.6542867222821,12.9296132585235],[77.6534617821952,12.9295704878556],[77.6527870744405,12.92917343855],[77.6519563623361,12.9286772042075],[77.6511251381481,12.9280798786403],[77.6505026927279,12.9277655807879],[77.6498913297535,12.9275912833362],[77.6493007248692,12.9274219644519],[77.6489812012784,12.9273309288867],[77.6487845891416,12.9269478772163],[77.6488960448512,12.9266683417876],[77.6491995772642,12.925656510551],[77.649646463948,12.9256520372975],[77.6498407987783,12.9251365916353],[77.6495626915596,12.9250351874551],[77.6485462994577,12.9249408272783],[77.6475396508356,12.924723865478],[77.6465941898205,12.92408134522],[77.6447276517131,12.9223788244131],[77.6421149498129,12.9191212676644],[77.6414464496413,12.918121569486],[77.6408233655915,12.9176739692266],[77.6403557629064,12.9172239076657],[77.639809459084,12.9166985565099],[77.6396847715065,12.9166404351485],[77.6394988787663,12.9165504250893],[77.6386988757489,12.9164199450677],[77.6383399519774,12.9167340130344],[77.6382296534441,12.9199807170562],[77.6389197752116,12.9218409899189],[77.6392952376189,12.9232018772049],[77.6400022297632,12.9242951374549],[77.6400286754679,12.9242859713606],[77.6407100807592,12.9251020655304],[77.6410917101015,12.9263126953366],[77.6404817199702,12.9266353440641],[77.6400750566149,12.9268502547012],[77.6403203438374,12.9272946321467],[77.6410279838839,12.9269206753291],[77.6414813706798,12.9277435354177],[77.6413465242269,12.9286370622436],[77.6407930586426,12.9287499131533],[77.6408862558241,12.9291843087344],[77.6415398244876,12.9290500684567],[77.6425029229142,12.928853308014],[77.6428059198127,12.9290923956382],[77.6429234312612,12.9293239268704],[77.6423454951083,12.9296085840567],[77.6414492785925,12.9300478551423],[77.6409851079068,12.9300529650431],[77.6401604221965,12.9300609778323],[77.6395496977846,12.9304683416116],[77.6395993642413,12.9307227977504],[77.6393681412783,12.9310096963719],[77.6390350299917,12.9314207755869],[77.6384672404191,12.9321193342589],[77.6382982037753,12.9328594176836],[77.6387159823724,12.9332459086898],[77.6395424856661,12.9333672173658],[77.6403390417833,12.9334886692665],[77.6408327110727,12.9340752682571],[77.6408422318989,12.9350448890777],[77.640852832188,12.9359998212543],[77.6413903566871,12.9366020146598],[77.6422756149009,12.9367224587592],[77.6433333834836,12.9363360365451],[77.6442506908464,12.9355103681503],[77.6449111515988,12.9349163833774],[77.645520014733,12.9343695247877],[77.6458605570124,12.9340623141434],[77.6468042167619,12.9341169439557],[77.6484173008054,12.9342089164529],[77.6494137708301,12.9340034929879],[77.6517659469861,12.9346921010517],[77.6562255406376,12.9368515077022],[77.6596724817018,12.9380733425413],[77.6603653952328,12.938643654739],[77.6612509648415,12.9394936764946],[77.661410846934,12.9398961009434],[77.6614162750888,12.9405026057635],[77.6609584008132,12.9410622977388],[77.6605005268775,12.9416225529785],[77.6604031765621,12.9421787457972],[77.6602559310559,12.9428882324868],[77.6601563877494,12.9432428230629],[77.6601654177463,12.9441017492631],[77.6601744428545,12.9449595453125],[77.6593565534992,12.9456249489261],[77.6586411742345,12.9462892722358],[77.6581284816438,12.9464962717607],[77.6570487009876,12.9468608399394],[77.6562746487004,12.9468686559068],[77.6558666606541,12.9472773051076],[77.6556110925085,12.9475327138087],[77.655718879007,12.947885140068],[77.6561336982144,12.9481338158168],[77.6562908719935,12.9482335561849],[77.6571141960974,12.9481741019997],[77.6589142688842,12.9476500633937],[77.6602484606904,12.9470300806864]]]}},{"type":"Feature","properties":{"kgisWetlandId":3098,"wetlandCode":"1202","wetlandClass":"Tank/Pond","forestBeatId":2365,"areaM2":194707,"shapeAreaM2":194930.1,"shapeLengthM":2021.1,"labelPoint":[77.583427,12.94645],"source":"kgis-wetlands"},"geometry":{"type":"Polygon","coordinates":[[[77.5839737428621,12.94815686193],[77.5855205043152,12.9480913996145],[77.5860381955209,12.9481866581947],[77.5865530979368,12.9481819685846],[77.5866049318246,12.9481811594434],[77.5867050704078,12.9479271114296],[77.58664823296,12.9473722249026],[77.5859695441556,12.9466214815001],[77.5849864177421,12.946278229634],[77.5844118939884,12.9456269507862],[77.5838409020399,12.9452286650425],[77.5833198613123,12.9446782224214],[77.5830580657519,12.9443773102333],[77.5829027238139,12.943936402926],[77.5825962928502,12.943933326207],[77.5814966821692,12.9440350722073],[77.5812053519024,12.9440579023349],[77.5812116222243,12.9453551188908],[77.5815437507203,12.9475747434384],[77.581450117305,12.947984067741],[77.581240521464,12.9482346756377],[77.5811917204296,12.948386259314],[77.5811746893976,12.9484377319487],[77.581157656239,12.9484886408552],[77.5811406230659,12.9485395488583],[77.5811443908527,12.9488422394869],[77.5815588999074,12.9490396500033],[77.5820733191572,12.9489344439313],[77.5826868947898,12.9483718830959],[77.5839737428621,12.94815686193]]]}},{"type":"Feature","properties":{"kgisWetlandId":3102,"wetlandCode":"1202","wetlandClass":"Tank/Pond","forestBeatId":2374,"areaM2":83278,"shapeAreaM2":83377.3,"shapeLengthM":1070.6,"labelPoint":[77.614667,12.949219],"source":"kgis-wetlands"},"geometry":{"type":"Polygon","coordinates":[[[77.616365263583,12.9488086714811],[77.6159919439533,12.947632974397],[77.6145087047613,12.9477265477572],[77.6136315706126,12.9480888337474],[77.6130760314041,12.948724599583],[77.6131254438154,12.9496285268023],[77.6135726139455,12.9501352084753],[77.6142549230061,12.950205897061],[77.6152150033032,12.9503068667356],[77.6160157653185,12.9498743496618],[77.616365263583,12.9488086714811]]]}},{"type":"Feature","properties":{"kgisWetlandId":3131,"wetlandCode":"1202","wetlandClass":"Tank/Pond","forestBeatId":2365,"areaM2":158922,"shapeAreaM2":159098.5,"shapeLengthM":1932.4,"labelPoint":[77.559965,12.952088],"source":"kgis-wetlands"},"geometry":{"type":"Polygon","coordinates":[[[77.5618549920193,12.9518040239606],[77.5620004182908,12.9508940875868],[77.5616348380344,12.9508093710662],[77.5610509259155,12.9508391817376],[77.5606122755809,12.9511348845006],[77.5599989487112,12.9515200627266],[77.5596876872008,12.951472366388],[77.5595332037986,12.9514476661285],[77.5590656706392,12.9509985820012],[77.5590611487397,12.9505315465423],[77.5590589783577,12.9503169476925],[77.5587615275838,12.9495383869472],[77.5587417003782,12.949487084548],[77.5587413422179,12.9494114089427],[77.5586626504651,12.9493360943592],[77.5583520667774,12.9491878667706],[77.5581253476493,12.9497197867191],[77.5580526293237,12.9501753201967],[77.5580604740828,12.9508575137871],[77.5580675229643,12.9516148251277],[77.5580757237192,12.9523721314363],[77.5581577203851,12.9529009327946],[77.5583017376796,12.9531476332531],[77.5585514644336,12.9535790877399],[77.5590421578643,12.9542951964393],[77.5594609334833,12.9549065914734],[77.5596477058666,12.9551802018895],[77.5600485442417,12.9551681836577],[77.5602162923041,12.9548325054314],[77.5605118231936,12.9542358810031],[77.5615663722569,12.9538514845598],[77.5618721407032,12.9534705501174],[77.5618613346226,12.9524105468423],[77.5618549920193,12.9518040239606]]]}},{"type":"Feature","properties":{"kgisWetlandId":3136,"wetlandCode":"1202","wetlandClass":"Tank/Pond","forestBeatId":2549,"areaM2":119262,"shapeAreaM2":119406.5,"shapeLengthM":1283.3,"labelPoint":[77.629056,12.953576],"source":"kgis-wetlands"},"geometry":{"type":"Polygon","coordinates":[[[77.6287864591432,12.9554066624651],[77.6295478715603,12.955398422361],[77.6302401739419,12.9553916478496],[77.6309845998119,12.9547554890104],[77.6309758270645,12.953928742723],[77.6305654125222,12.9529509161018],[77.6296742899471,12.9521335685618],[77.6285106728589,12.9521059349345],[77.6276281721922,12.9520859595321],[77.6270786341302,12.9532226538321],[77.6276921705131,12.9542774314966],[77.6280194130402,12.9549817667658],[77.6287864591432,12.9554066624651]]]}},{"type":"Feature","properties":{"kgisWetlandId":3140,"wetlandCode":"1202","wetlandClass":"Tank/Pond","forestBeatId":2257,"areaM2":425329,"shapeAreaM2":425738.4,"shapeLengthM":3585.5,"labelPoint":[77.460357,12.952738],"source":"kgis-wetlands"},"geometry":{"type":"Polygon","coordinates":[[[77.4600575633136,12.9577099550423],[77.4603381527958,12.9575929859088],[77.460418652812,12.9575598882423],[77.4609762496327,12.957032844144],[77.4612260994285,12.9564715239363],[77.4613923809271,12.9557676710352],[77.4614182017764,12.9553484957924],[77.4614156364614,12.9550243246605],[77.4613736191145,12.9546353718147],[77.4613863846881,12.9543924637609],[77.4617006005377,12.9535337978841],[77.461757782292,12.9531732266798],[77.4618386067518,12.9529509270485],[77.4618950830497,12.9526931477688],[77.4619461180217,12.9525082489886],[77.4619656665881,12.9522359432215],[77.4617945106311,12.9520853098175],[77.4617112486588,12.9520128068665],[77.4616163885022,12.9519222798556],[77.4614265448602,12.9517129891637],[77.4613312808546,12.9515298397106],[77.4612728413654,12.9513374986017],[77.4612155970929,12.9511547541973],[77.4611912594712,12.9508572202006],[77.4610781744821,12.9508142113125],[77.461031615803,12.9507042772016],[77.4610400141013,12.9505167355703],[77.4610441891122,12.9504173170802],[77.4610484776056,12.9500795616383],[77.4610577185667,12.9495565387408],[77.4612195551017,12.9483619119818],[77.4609684613758,12.9483720134492],[77.4608441489705,12.948395696118],[77.4603008718231,12.948503612269],[77.4600590783418,12.9485328763758],[77.4598216847265,12.9485141154545],[77.459621983891,12.9484212079301],[77.4593828152283,12.9482595642751],[77.4591668045486,12.9481249320888],[77.4587254027869,12.9478173017054],[77.4584172364757,12.9476836233112],[77.4580198130103,12.9476875634781],[77.4577138051231,12.9477854346792],[77.4575382859952,12.9479550450615],[77.4574722393055,12.9481321005899],[77.457464257802,12.9481513368654],[77.4573033910171,12.9487772259099],[77.4572555813527,12.948909586564],[77.4571661204956,12.9490008936779],[77.4570638465446,12.9490594984543],[77.4569454004086,12.9491080052516],[77.4567152576627,12.9491677136685],[77.4565218901392,12.949206935625],[77.4562112719186,12.9493048245381],[77.4559918401568,12.949443557414],[77.4558838887721,12.9495213871792],[77.4557713388904,12.9496014964779],[77.4556660403884,12.9497600788475],[77.4556345422656,12.9499347286166],[77.4556319996522,12.9501454008746],[77.455666415599,12.9503779441806],[77.4557287716392,12.9506775790116],[77.4558659056335,12.9514846338563],[77.4558941960796,12.951632485253],[77.4559649004435,12.9517321530259],[77.4559735960659,12.9521432751219],[77.4557697715529,12.9524282191341],[77.455565772865,12.9526730645425],[77.4554030669409,12.952876506953],[77.4551163018777,12.9531629300771],[77.455159629818,12.9533248386983],[77.4552031296984,12.9535268458478],[77.4553682148352,12.9536063482191],[77.4556988342685,12.9536032572517],[77.4560260956295,12.953357327012],[77.4567632076102,12.9527837870218],[77.4572941109879,12.952211681379],[77.4573768759,12.9521701038267],[77.4573744952371,12.9518871585653],[77.4575370192609,12.9516424874934],[77.4577430479245,12.951600388387],[77.4580327226606,12.9517194605795],[77.4582407798709,12.9518789772082],[77.4583675753046,12.9521608293923],[77.4586159575608,12.9523213049367],[77.4588643289845,12.9524789567869],[77.4588196783383,12.9528078461489],[77.4587911797474,12.9531423158748],[77.4588420473115,12.953448209688],[77.4588823821614,12.9537163083342],[77.4589246454966,12.9538979877527],[77.4588837749181,12.9543014126313],[77.4588861587198,12.9545843557059],[77.458888367335,12.9548272012684],[77.458810639316,12.9552324758148],[77.4586897583695,12.9555165059449],[77.4586919660501,12.9557593515347],[77.4586945289474,12.9560835232995],[77.4586965605202,12.9562857048723],[77.4588228281066,12.9564455669883],[77.4588988173829,12.9566999603219],[77.4588810782194,12.9568593019969],[77.4589176314669,12.957052301214],[77.4589211657125,12.9570703590337],[77.4589874480363,12.9572118379098],[77.4590421682524,12.957343764605],[77.45911888743,12.9575010115765],[77.4592546185097,12.9577173117959],[77.4594006784183,12.9576596500725],[77.4597405178329,12.9576565156617],[77.4600575633136,12.9577099550423]]]}},{"type":"Feature","properties":{"kgisWetlandId":3148,"wetlandCode":"1202","wetlandClass":"Tank/Pond","forestBeatId":2297,"areaM2":4143022,"shapeAreaM2":4148686.4,"shapeLengthM":15467.1,"labelPoint":[77.733121,12.947301],"source":"kgis-wetlands"},"geometry":{"type":"Polygon","coordinates":[[[77.7441901778205,12.9560719611619],[77.7440336549968,12.955257899477],[77.7440765081012,12.955300025683],[77.7446365752299,12.9526146033617],[77.7449662156663,12.9516008621364],[77.746333450458,12.9473937244373],[77.7469384061602,12.946175211717],[77.7468319213685,12.9458725231219],[77.7463674664159,12.9458275650968],[77.7445911338186,12.9455936396494],[77.7436425086784,12.9446386617958],[77.7424207323696,12.9442848686447],[77.741913801453,12.9446862600591],[77.7418677797269,12.9451168244277],[77.7406484098094,12.9449922893638],[77.7394242248203,12.9444080885247],[77.7372646295898,12.944018020552],[77.7364617644974,12.9433830053172],[77.7359843649012,12.9426530841474],[77.7358778957528,12.9415049961518],[77.7361571894374,12.9407592090184],[77.7360503174468,12.9401713310399],[77.7354898925192,12.9402686060728],[77.7346475357553,12.9404165011251],[77.7343112632354,12.9410643259195],[77.7335564748028,12.9405826506627],[77.7324762527354,12.940835705959],[77.7313568998252,12.9410957408873],[77.7300488849969,12.94140081288],[77.7285614628937,12.9415470065547],[77.7280199184361,12.9413036351695],[77.7271908585107,12.9409307597682],[77.7265480304845,12.9409149393167],[77.7259955290296,12.9418394775417],[77.7254446937145,12.9420078367291],[77.7245380639614,12.9413490431789],[77.7229792366937,12.9402175999431],[77.7216186203287,12.9399553537855],[77.7206855917333,12.9403792676597],[77.7202256238733,12.9411655192056],[77.7202877903756,12.94222801366],[77.7203311763274,12.942584129489],[77.7198304320197,12.9426437874176],[77.7196780021514,12.941717300204],[77.7193851362612,12.9414494557707],[77.7188788576679,12.9419789953904],[77.7185805612569,12.9417721703476],[77.7183257444048,12.9410828372191],[77.718025345355,12.9402706312444],[77.7177506684972,12.9395288826859],[77.7166656940255,12.9391155177696],[77.715463002158,12.9386587119459],[77.7141217684895,12.938786553118],[77.7129302016149,12.9389006193902],[77.7119425678971,12.939455240749],[77.711176089818,12.9395795131263],[77.7104452936132,12.9396990798512],[77.7099290251137,12.9394402906279],[77.7092117952689,12.9390808921034],[77.7091458470157,12.9383792734047],[77.7084677231419,12.9384398293221],[77.7078897599105,12.9384908280628],[77.7076536021406,12.9397813344826],[77.7073132227427,12.9405364514698],[77.7064973796926,12.9411251761842],[77.7050091067739,12.9421974001742],[77.7024915751416,12.9433715063035],[77.7012139310337,12.9446346329968],[77.7012950319121,12.9451565924579],[77.7013606332811,12.9455792384271],[77.7014357238343,12.9460537908777],[77.7010443916233,12.9461128493976],[77.7004318717884,12.9466016799425],[77.6997490823902,12.9470903071822],[77.6995973956475,12.9475931362743],[77.6994468425674,12.9480925714249],[77.6998321784726,12.9482052254437],[77.7007145247482,12.9479849468321],[77.7016095240957,12.9477617745144],[77.7024683530069,12.9468023756631],[77.7025392858238,12.946277937777],[77.7032036031195,12.9453500384961],[77.7040140427897,12.9454734771023],[77.7046457953001,12.9455696010064],[77.7056660576896,12.9457258342905],[77.7069336025086,12.9451641358476],[77.7092733278526,12.9441292695715],[77.7106992812437,12.9441133923352],[77.7113513042428,12.943693231096],[77.7119141317932,12.9438252739993],[77.7122471645078,12.9442809740852],[77.7129395561067,12.9445156865546],[77.712986496974,12.9448921174714],[77.7137627852703,12.9457351696073],[77.7140209559406,12.9470507753346],[77.7143650697121,12.9472087999532],[77.7149401820624,12.9468381622445],[77.7157069932156,12.9463434125934],[77.7164267361238,12.9458788380115],[77.7175559163877,12.9455109499457],[77.7185896841228,12.9458217951435],[77.7199974272106,12.9467010555156],[77.719825290796,12.9474626454717],[77.7196745645613,12.9481360271929],[77.719931443707,12.9485644405524],[77.7203356641828,12.9483324800503],[77.7212391052223,12.9481837429059],[77.721696001756,12.9481079347668],[77.72217937886,12.9480297271986],[77.7231632592447,12.9484853853547],[77.7239090618679,12.9481556232468],[77.7248965245693,12.9484209416352],[77.7259825717654,12.9492357826737],[77.7261775092096,12.9499231609238],[77.725716549541,12.9505253252172],[77.7245959843051,12.9509965488883],[77.7242280681367,12.9515513503035],[77.7238110097414,12.9521786940568],[77.7240067101761,12.9527943486932],[77.7241086531393,12.9531134493276],[77.7247319656337,12.9529232494471],[77.7260958906542,12.9525066519689],[77.7268028590381,12.951386467883],[77.727395614063,12.9504475956123],[77.7277656543326,12.9498611555122],[77.728273014608,12.9501696473802],[77.7283889209901,12.9507264234175],[77.7285474363091,12.9514930520137],[77.7283617838802,12.9525190082526],[77.728740680976,12.9529281333717],[77.729184328163,12.9525327455482],[77.7297104662983,12.9516309269675],[77.730503745858,12.9513472030357],[77.7311763065744,12.9511064693363],[77.7326586052104,12.9512793525059],[77.7342734483926,12.9514656456442],[77.7359022050478,12.95230185296],[77.7373688700499,12.953618359753],[77.7391110345881,12.9543347848849],[77.7403301975497,12.9544130174848],[77.7416513015913,12.9552265364287],[77.7428394971175,12.9559588704725],[77.7441901778205,12.9560719611619]]]}},{"type":"Feature","properties":{"kgisWetlandId":3152,"wetlandCode":"1202","wetlandClass":"Tank/Pond","forestBeatId":2380,"areaM2":29262,"shapeAreaM2":29291.1,"shapeLengthM":730.6,"labelPoint":[77.472375,12.958725],"source":"kgis-wetlands"},"geometry":{"type":"Polygon","coordinates":[[[77.4733014003256,12.9595228743773],[77.4732467964851,12.9586352816836],[77.4731381346745,12.9580286145153],[77.4730323225053,12.9578071116964],[77.4728867297216,12.9577083357202],[77.4727219923959,12.9577096066659],[77.4725768431896,12.9577113591833],[77.4724539317188,12.9577926489688],[77.4720263747041,12.9582818824063],[77.4713916374842,12.9588143619049],[77.4712496773855,12.9590177241405],[77.4712515459277,12.9591803721818],[77.4713752526534,12.9592798076491],[77.4715607243894,12.9592778833566],[77.4717476161432,12.9593369479186],[77.4720368581035,12.9593543462626],[77.4721679031202,12.959288835032],[77.4723407714533,12.9593027780852],[77.4725298168335,12.9593273824205],[77.472664772853,12.9593652082593],[77.4727745373517,12.9594375941141],[77.4728486154896,12.959516345319],[77.4729572794034,12.9596005956069],[77.4730601013633,12.9596662329709],[77.473168594248,12.9597115135952],[77.4732423537916,12.9597179740864],[77.4732757006065,12.9597037124716],[77.4732949908148,12.9596369864644],[77.4733015846365,12.9595646663696],[77.4733014003256,12.9595228743773]]]}},{"type":"Feature","properties":{"kgisWetlandId":3168,"wetlandCode":"1202","wetlandClass":"Tank/Pond","forestBeatId":2363,"areaM2":97270,"shapeAreaM2":97354.5,"shapeLengthM":1320.5,"labelPoint":[77.397272,12.962121],"source":"kgis-wetlands"},"geometry":{"type":"Polygon","coordinates":[[[77.397690076614,12.9600295162984],[77.3975640034942,12.9599085905086],[77.3973949218557,12.9599753474553],[77.3973662435879,12.9600053955285],[77.397099327377,12.9600945696625],[77.3968447145067,12.9603745936738],[77.3966944071212,12.9608049978092],[77.3965712168192,12.9613866573065],[77.3962938592151,12.9620203281789],[77.3961414615638,12.9622225659623],[77.3961133909736,12.9624011506654],[77.3957189400121,12.9628568165904],[77.3954958841654,12.963247410718],[77.3953402962092,12.9635151765901],[77.3953521786458,12.9636032355987],[77.395443510043,12.96368024654],[77.3955104165112,12.9637008770093],[77.3955392598318,12.9637109283616],[77.3958195787027,12.9637984798399],[77.3958357299128,12.9638040633356],[77.3967319221687,12.9640506830017],[77.397320430944,12.964279327481],[77.3975950690114,12.9643861017449],[77.3978222049885,12.9644281171711],[77.3979464926525,12.9643942975713],[77.3980861993293,12.9641875910697],[77.3981004605972,12.964013579119],[77.3981169987788,12.9638327803527],[77.3981130978832,12.9634442225551],[77.3983341387614,12.962283829199],[77.398289537841,12.9612431037368],[77.398242495208,12.9610100353664],[77.3981041727882,12.9607118165656],[77.3977585007726,12.9601393758262],[77.397690076614,12.9600295162984]]]}},{"type":"Feature","properties":{"kgisWetlandId":3169,"wetlandCode":"1202","wetlandClass":"Tank/Pond","forestBeatId":2363,"areaM2":66979,"shapeAreaM2":67039.7,"shapeLengthM":1154.1,"labelPoint":[77.425594,12.962498],"source":"kgis-wetlands"},"geometry":{"type":"Polygon","coordinates":[[[77.4272421856561,12.9619998651079],[77.427225619504,12.9618965778385],[77.4271136631661,12.9618479027199],[77.4270767306366,12.9618322399836],[77.4269200936871,12.9618430512139],[77.4265817585495,12.9619319840468],[77.4264517206238,12.9619669706324],[77.4263041211632,12.9619353844678],[77.4262208708342,12.9618639992181],[77.426129483127,12.9617757050265],[77.4258886397483,12.9614886550193],[77.4258583069389,12.9613989793949],[77.4258128060047,12.9612636175353],[77.4253159041399,12.9609058925899],[77.4250910203099,12.9608514676213],[77.4249284136629,12.9608126004602],[77.4248524708247,12.9608349386676],[77.4247799772283,12.9608555686566],[77.4247396919315,12.9608642058886],[77.4246742289684,12.960913045786],[77.4246182903843,12.9610347037134],[77.4245949116443,12.9612279549606],[77.4245968103644,12.9614052898013],[77.4245812254576,12.9615341236576],[77.4244423380912,12.9616561232105],[77.4241655158422,12.9618526737387],[77.4240269327523,12.962046962668],[77.4239968473697,12.96228937847],[77.4240468604501,12.9624015644697],[77.4241479007476,12.9625937419147],[77.4245035739836,12.9627910857264],[77.4246513070294,12.9628542991811],[77.425320308198,12.963042449349],[77.4255177502725,12.9631455574871],[77.4256091663028,12.9632406308406],[77.4256685008201,12.9633776292672],[77.4257893374564,12.9638922150701],[77.4258648707119,12.9640455258275],[77.4259978632342,12.964164711814],[77.4261213326075,12.9642110816282],[77.4262446019983,12.9642100101498],[77.4263180262215,12.96413685176],[77.4263902339544,12.9640484484225],[77.426479343776,12.9638701749894],[77.4268426976539,12.9631576193307],[77.4271400352921,12.9623634407052],[77.4272421856561,12.9619998651079]]]}},{"type":"Feature","properties":{"kgisWetlandId":3171,"wetlandCode":"1202","wetlandClass":"Tank/Pond","forestBeatId":2380,"areaM2":117796,"shapeAreaM2":117912.5,"shapeLengthM":1603.9,"labelPoint":[77.480691,12.961944],"source":"kgis-wetlands"},"geometry":{"type":"Polygon","coordinates":[[[77.4811414913862,12.9640214218169],[77.4812854045696,12.9639999033414],[77.4814272292281,12.9635085018146],[77.4815147468255,12.9634996523493],[77.4816030660022,12.9634117302699],[77.4816897927659,12.9632249797585],[77.4817658630681,12.9629733262837],[77.4818474184501,12.9621416272746],[77.4820104052503,12.9617461461848],[77.4822304776466,12.9614933047357],[77.4826857480701,12.9612812386122],[77.4832736675762,12.9608466414905],[77.4836271279407,12.960538440143],[77.4837254212393,12.9603623695557],[77.483658364606,12.9603090068408],[77.483641813078,12.9602141955062],[77.4835390192499,12.960155340679],[77.4834133954419,12.9601440237951],[77.4833315682176,12.9601370360679],[77.4831251794398,12.9600983949864],[77.4827543243663,12.9601220271062],[77.4824463975495,12.9603069108886],[77.4822616434479,12.9604703650665],[77.4820154752864,12.9605538869639],[77.4817471474652,12.9605765085522],[77.4813957884924,12.9605802863702],[77.4811699048601,12.9605620609044],[77.4807335498857,12.960364015706],[77.4803963829451,12.9601909570423],[77.4802970052581,12.960123048534],[77.4800075118924,12.9600491837816],[77.4796783300651,12.9601178130847],[77.4795735924588,12.9601402907423],[77.479434540434,12.9602182642937],[77.4792954902372,12.9602968042671],[77.4791969466944,12.9604169615902],[77.4792104894935,12.9606134440937],[77.4793681322863,12.9608307659422],[77.479425454083,12.961027060896],[77.4794745735175,12.9614521235325],[77.4794379839338,12.9622937941739],[77.4794516200282,12.9625111738387],[77.4795014431993,12.9625753424726],[77.4794795953063,12.9628442691755],[77.4794801356231,12.9629662583554],[77.4795233849889,12.9631067004696],[77.4796481637532,12.9631869249391],[77.4798149498343,12.9633872643371],[77.4800233004962,12.9636077559722],[77.4801070531246,12.9637886866101],[77.4801707741672,12.9638691745584],[77.4802735738938,12.9639291608118],[77.4803981723854,12.9639687214745],[77.4805643277391,12.9640267403544],[77.4808938059027,12.96402362227],[77.4809974881305,12.964022609463],[77.4811414913862,12.9640214218169]]]}},{"type":"Feature","properties":{"kgisWetlandId":3173,"wetlandCode":"1202","wetlandClass":"Tank/Pond","forestBeatId":2297,"areaM2":114483,"shapeAreaM2":114639.0,"shapeLengthM":1531.9,"labelPoint":[77.725943,12.959567],"source":"kgis-wetlands"},"geometry":{"type":"Polygon","coordinates":[[[77.7247999818823,12.96165922442],[77.7249584070998,12.9615584349432],[77.7253241339666,12.9614480835051],[77.7257238474985,12.9610196121436],[77.7260787753741,12.9608302550287],[77.7261349118992,12.9607729223517],[77.7267533259011,12.9603133676327],[77.7270051039604,12.9602211213956],[77.7272125292805,12.9600223743403],[77.7273656465607,12.9597928537063],[77.7275763351411,12.9593461749207],[77.7275937152236,12.958940044053],[77.7275815744279,12.9586131316715],[77.7275097484763,12.9583260643554],[77.7274985753641,12.9581775998069],[77.7272748050389,12.9579110972945],[77.7270926440873,12.957882691095],[77.7267059295842,12.9579451532682],[77.7264820325321,12.9578678338957],[77.7260195977283,12.9579871661469],[77.7257388487345,12.9580473745636],[77.7257866109971,12.9579330480685],[77.7250905625969,12.9578824956467],[77.7245087885445,12.9576619211658],[77.7242161360905,12.9574381319953],[77.7238703413614,12.9576121915424],[77.7239905191548,12.9578944891489],[77.724397215431,12.9581182430986],[77.7245173965788,12.9584011039496],[77.7245812138413,12.958911847176],[77.7245859746113,12.9593658629909],[77.724241409663,12.9597675003823],[77.7241289065532,12.9600521488194],[77.7241354426348,12.9606213602404],[77.7244263302703,12.9607310824003],[77.7244579124258,12.9608195790164],[77.7244590821515,12.9608229615574],[77.7243725051782,12.9612153368121],[77.7244754302022,12.9615022425182],[77.724566845815,12.9615780006262],[77.7245875773364,12.9615773264977],[77.7247999818823,12.96165922442]]]}},{"type":"Feature","properties":{"kgisWetlandId":3184,"wetlandCode":"1202","wetlandClass":"Tank/Pond","forestBeatId":2297,"areaM2":51944,"shapeAreaM2":52013.2,"shapeLengthM":900.0,"labelPoint":[77.708465,12.961509],"source":"kgis-wetlands"},"geometry":{"type":"Polygon","coordinates":[[[77.7089856869614,12.9605638650931],[77.7089245494041,12.9605483710206],[77.7088518901242,12.9605323708166],[77.7087021417926,12.9605337133757],[77.7085973798043,12.9605461172814],[77.7084200727741,12.9605639807479],[77.7082979708672,12.9605651799289],[77.7082483957592,12.9605575312052],[77.7082311072426,12.9605559269591],[77.7081665389084,12.9605449671292],[77.707857539819,12.9604940517932],[77.7077780047062,12.9604848645839],[77.7077192204821,12.9604783919772],[77.7075360687935,12.9604804734129],[77.7073979853809,12.9605088615356],[77.7073313212315,12.9605368789069],[77.7072603139066,12.9606146163358],[77.7071186667799,12.9608384202494],[77.7071050424937,12.9608757623498],[77.7071177619981,12.9608847332193],[77.7071351200628,12.9608993253332],[77.7069707102662,12.9611752026226],[77.7069912315799,12.9613507271804],[77.7071986219475,12.9613575575763],[77.7074016321389,12.9614067648412],[77.7074407054496,12.9616047824],[77.7074599435364,12.9619711921217],[77.7075608488089,12.9623145900424],[77.7079375052738,12.9625227131825],[77.708380937769,12.9627237142033],[77.7086873096414,12.9627136509468],[77.7089631774417,12.9626004006638],[77.7092217089987,12.9622613480815],[77.7094717342994,12.9618398891753],[77.7095189882427,12.9614138365203],[77.7096475975858,12.9609066048051],[77.7095123349683,12.9606012240918],[77.7089856869614,12.9605638650931]]]}},{"type":"Feature","properties":{"kgisWetlandId":3209,"wetlandCode":"1202","wetlandClass":"Tank/Pond","forestBeatId":2380,"areaM2":250611,"shapeAreaM2":250864.9,"shapeLengthM":2516.6,"labelPoint":[77.494722,12.966029],"source":"kgis-wetlands"},"geometry":{"type":"Polygon","coordinates":[[[77.4970331469514,12.9683800459755],[77.4970312671413,12.9682185305779],[77.4970306302548,12.9680773400534],[77.4970059093255,12.9677046997529],[77.4968521869634,12.9675946790338],[77.4967562994326,12.9675357985804],[77.4967123979491,12.967508881864],[77.496603755326,12.9666644609082],[77.4965579753927,12.9662201863161],[77.4966588091885,12.9660983191965],[77.4967814344081,12.9659548951344],[77.4970474272489,12.9656690838418],[77.4970457305104,12.9655482303348],[77.4970434846736,12.9653053892581],[77.496939160931,12.9651640886704],[77.4967103342293,12.9650046974423],[77.4965245850968,12.9649456452674],[77.4963168552855,12.9648663576604],[77.4961295023015,12.9647067838892],[77.4960650493814,12.9644647796385],[77.4959185292953,12.964162704669],[77.4956442872338,12.963639232547],[77.4955170801831,12.9632766418066],[77.4954319836825,12.9630550590473],[77.4953486732874,12.9629746613742],[77.495141311964,12.9629766982168],[77.4952164365481,12.9632864289289],[77.495097595769,12.9632468503404],[77.4950088158717,12.9632308602542],[77.494914168358,12.9631911761281],[77.4948309404957,12.9631288501524],[77.4947800017023,12.963073726317],[77.4945883775616,12.9632451244382],[77.4940949806016,12.9634313986126],[77.4938474831376,12.9634748370637],[77.4934557971614,12.9634782440033],[77.4930849418977,12.9635024553594],[77.4927128402028,12.9635057747713],[77.4925479206004,12.9634669606599],[77.4924842852994,12.963406243263],[77.4923776790668,12.9632689049768],[77.4923853382191,12.9631785069527],[77.4923887035869,12.9631581613395],[77.4923374110324,12.9630239696345],[77.4923151569764,12.9629427385617],[77.4922524982345,12.9628430482911],[77.4920046332435,12.9628045952207],[77.4917984239519,12.9628066255699],[77.4917228021116,12.9628990132696],[77.4916139492523,12.9630310791773],[77.4916157340158,12.9631722647197],[77.491617341802,12.9632739165926],[77.4916193772394,12.9634710128422],[77.491797538091,12.9636368431289],[77.4921353430887,12.9639493826736],[77.4924245629873,12.9642175164483],[77.4926709865128,12.9644479961891],[77.4928653364137,12.9646267449631],[77.4929014469579,12.9649716622777],[77.4929339068371,12.9652731092391],[77.4929627390513,12.9655367306994],[77.4928978415552,12.9657081399995],[77.4927863483358,12.9657656695882],[77.4927445895454,12.9659590037859],[77.4926572811301,12.9662711390835],[77.4926475002992,12.9664022085711],[77.4925409297171,12.9665297474016],[77.4925483032551,12.9666325040394],[77.4926716671982,12.9666528616668],[77.4927454304555,12.9669162876066],[77.4927612146678,12.9673527876514],[77.492953263015,12.9677879520601],[77.4932512972444,12.9682220878753],[77.4936886802575,12.9686437545849],[77.4941019360425,12.9688238040707],[77.4944878679213,12.9688198562924],[77.4947224206102,12.9687149119857],[77.4948004579743,12.9683909562348],[77.4950108701683,12.968297977876],[77.4954223037537,12.9683289339523],[77.4959980472347,12.9685184344102],[77.4963432722434,12.9689410648613],[77.4966970350767,12.9692128624662],[77.4969321525287,12.9692332926737],[77.4971880241826,12.9690017442846],[77.4971742626477,12.9687600835672],[77.4971642616862,12.9685861778915],[77.4971388039075,12.9685614387655],[77.4970331469514,12.9683800459755]]]}},{"type":"Feature","properties":{"kgisWetlandId":3252,"wetlandCode":"1202","wetlandClass":"Tank/Pond","forestBeatId":2297,"areaM2":115682,"shapeAreaM2":115838.4,"shapeLengthM":1631.3,"labelPoint":[77.720316,12.970522],"source":"kgis-wetlands"},"geometry":{"type":"Polygon","coordinates":[[[77.7202865582794,12.9682699038395],[77.7198263244189,12.9677341297919],[77.719601746679,12.967958938923],[77.7196363571402,12.9681818251386],[77.7198350502943,12.968497031091],[77.7200327673269,12.9688449971046],[77.7200374700444,12.9692894140386],[77.7200772514219,12.9698296484676],[77.7198871097791,12.9702451559511],[77.719465670838,12.9702812486679],[77.7192701796678,12.9703460872863],[77.7191119472454,12.9706976125138],[77.7191341012014,12.9726683964736],[77.7192036565512,12.97317572331],[77.7194646878131,12.9733008540223],[77.7201143869878,12.9732934941235],[77.7208265872987,12.9731271167475],[77.7212065316272,12.9722334185215],[77.7211974582981,12.9714072701773],[77.7213528143151,12.9707372528594],[77.7215733764585,12.9701956501999],[77.7218278536677,12.9697481794451],[77.7216210607577,12.9685740681277],[77.7212614318777,12.9683229573773],[77.721138120894,12.9683140042207],[77.7205134883176,12.9682675830598],[77.7202865582794,12.9682699038395]]]}},{"type":"Feature","properties":{"kgisWetlandId":3265,"wetlandCode":"1202","wetlandClass":"Tank/Pond","forestBeatId":2363,"areaM2":98699,"shapeAreaM2":98785.1,"shapeLengthM":1248.6,"labelPoint":[77.39343,12.976746],"source":"kgis-wetlands"},"geometry":{"type":"Polygon","coordinates":[[[77.3934820322613,12.9747889781977],[77.3931739806553,12.9746845923448],[77.3930232969928,12.9747450600117],[77.392865795111,12.9748287115283],[77.3927008014057,12.9750524601685],[77.3925752809909,12.9753494748595],[77.3924604374285,12.9760033923225],[77.3924379568651,12.9764225545603],[77.3923571852693,12.9766747710737],[77.3922667467156,12.9768168928145],[77.391960800102,12.9772275835172],[77.3919518549882,12.9772942636068],[77.3918857180128,12.9777440986169],[77.3919212528411,12.9782629961747],[77.3919911972441,12.9784620882291],[77.3921138074482,12.9785796400225],[77.3922742585722,12.9786529883635],[77.3925393377917,12.9786728290474],[77.3928723017165,12.978669807154],[77.3934738145532,12.9786899990267],[77.3936757462667,12.9787637452112],[77.3937110041375,12.9786517768428],[77.3938097220165,12.978561580935],[77.393981902174,12.9784044478881],[77.3941091531055,12.9782486239182],[77.3941559730052,12.9781462099122],[77.3942199329437,12.9780092757297],[77.3944372276894,12.977334053024],[77.3944962863554,12.9771259752925],[77.3945240241458,12.976866061514],[77.3945736855141,12.9766139676348],[77.3946180369646,12.9764720293987],[77.3946625172041,12.9763611534144],[77.3948423479353,12.9761034576967],[77.3949017706206,12.975984050022],[77.3949001038177,12.9758586731524],[77.3948151763526,12.9756585129436],[77.3946393297154,12.9754830014162],[77.3938172667465,12.9750604335936],[77.3934820322613,12.9747889781977]]]}},{"type":"Feature","properties":{"kgisWetlandId":3270,"wetlandCode":"1202","wetlandClass":"Tank/Pond","forestBeatId":2297,"areaM2":62457,"shapeAreaM2":62542.9,"shapeLengthM":1221.9,"labelPoint":[77.736406,12.974976],"source":"kgis-wetlands"},"geometry":{"type":"Polygon","coordinates":[[[77.7391492957027,12.9745872789129],[77.7391467450202,12.9743320377576],[77.739014204275,12.9741108053385],[77.7386245003682,12.9740518877939],[77.7381049733852,12.9740574728931],[77.7375538877765,12.9741908512938],[77.7372310548628,12.9743523822559],[77.7371159217384,12.9743648525731],[77.7369063775291,12.9743874249945],[77.7363881810284,12.9744257533179],[77.736030896274,12.9743965899718],[77.7356074384502,12.9742745958543],[77.7353840527354,12.9738720035649],[77.735040650166,12.9740641367677],[77.7348216181229,12.9744589106869],[77.7348411241822,12.9748665378562],[77.7350242856202,12.9752868517992],[77.7353230821321,12.9755749708499],[77.7356226247821,12.9757891061086],[77.7361575278098,12.9758557300628],[77.7364703438978,12.9759687084536],[77.7368101261736,12.9761673824216],[77.7369771578432,12.9759547231518],[77.737430837573,12.9754937576356],[77.73784647526,12.9750284758808],[77.7379991238018,12.9749243205011],[77.7383085958242,12.9748475675804],[77.7386319614748,12.9747831647722],[77.7390532223284,12.9747142877186],[77.7391492957027,12.9745872789129]]]}},{"type":"Feature","properties":{"kgisWetlandId":3297,"wetlandCode":"1202","wetlandClass":"Tank/Pond","forestBeatId":2297,"areaM2":510189,"shapeAreaM2":510854.6,"shapeLengthM":3337.9,"labelPoint":[77.68891,12.975059],"source":"kgis-wetlands"},"geometry":{"type":"Polygon","coordinates":[[[77.6914934709489,12.9724187158298],[77.6912849185104,12.9721938923313],[77.6909499593415,12.9722470023066],[77.6908351698088,12.9723249603207],[77.6901002164404,12.9723326839344],[77.6898628228513,12.9723180883073],[77.6897971373909,12.9723144721623],[77.6886032788366,12.972246609663],[77.6881408701848,12.9721620091433],[77.6873786581143,12.9720247271212],[77.6872332822688,12.9719831167101],[77.6869219420917,12.971708555165],[77.6865470619093,12.970525094611],[77.686544179968,12.9701964326471],[77.6863112222194,12.9701490564801],[77.6858737403189,12.9702032491312],[77.6858516766765,12.9706077117481],[77.6861732968454,12.9717411847256],[77.6863587217643,12.9719503175461],[77.686542196115,12.9724452165255],[77.6867028569015,12.9738579247999],[77.6866871279001,12.9739336807238],[77.6863055105283,12.9743156980208],[77.6859986486111,12.974673615819],[77.6857982884175,12.9751292516219],[77.6854914248791,12.9754871682349],[77.6839531703687,12.9763110687711],[77.6839575940562,12.9767142673037],[77.6842493142199,12.9774192604602],[77.6846918959949,12.9778942007545],[77.6850331053476,12.9783702232034],[77.6852422167582,12.9784821006707],[77.6860249315234,12.9794460525413],[77.6865444448106,12.9798708989189],[77.6868829072191,12.9800431046506],[77.6874231957396,12.9800375143854],[77.6875770653188,12.9799412869749],[77.687729775828,12.979843935037],[77.6879112017741,12.9797300587994],[77.6889095940165,12.9792093407685],[77.6893708547727,12.9788557119605],[77.6894728505189,12.9787541014843],[77.6895489698619,12.9785515359354],[77.6895466122657,12.9783233957719],[77.6895176314238,12.9780711074985],[77.6895404938369,12.9778191202672],[77.6910776640592,12.9767924524657],[77.6916407042434,12.9765156659542],[77.6920520697654,12.9763142019411],[77.6920499203556,12.9761255924094],[77.6920457461652,12.975772090931],[77.6919863069529,12.9749891104982],[77.6917120568838,12.9734516211152],[77.6914934709489,12.9724187158298]]]}},{"type":"Feature","properties":{"kgisWetlandId":3299,"wetlandCode":"1202","wetlandClass":"Tank/Pond","forestBeatId":2297,"areaM2":33052,"shapeAreaM2":33093.7,"shapeLengthM":805.8,"labelPoint":[77.661961,12.979323],"source":"kgis-wetlands"},"geometry":{"type":"Polygon","coordinates":[[[77.6620254693673,12.9781829693515],[77.6617985239813,12.9781852390321],[77.6616337887223,12.9781871958841],[77.6615315761649,12.9782492646],[77.661521464329,12.9782990130375],[77.661523398776,12.9784503535591],[77.6613650994279,12.979251948991],[77.6613773501393,12.9793930722488],[77.6613781378741,12.979545547431],[77.6613071809853,12.9796368270701],[77.6612670172207,12.9796675244484],[77.6610989738904,12.9796982997401],[77.6611142301652,12.9797524382184],[77.6611855460593,12.9799536917217],[77.6613100612047,12.9801942101824],[77.6617869961153,12.9801895567759],[77.6619218842458,12.9802080797643],[77.6620362435589,12.9802668032888],[77.6620664080183,12.9803073131117],[77.6620711614752,12.9803355260729],[77.6620818514048,12.9803975941943],[77.6621766024107,12.9804518976257],[77.6624763412664,12.9804904880819],[77.6627331281602,12.9804660433636],[77.6628603531347,12.9803394669653],[77.6628581176702,12.9801299604708],[77.6628131475457,12.9798997723398],[77.6626619083264,12.9798384114441],[77.6625540177949,12.9796938161812],[77.6625516687827,12.9794622834442],[77.6625473098409,12.9790652938165],[77.6626504081866,12.9787287559528],[77.6627351123803,12.9786227247428],[77.6627325635384,12.9783527918861],[77.6623378485597,12.9782158489908],[77.6622939925452,12.9782008212652],[77.6620254693673,12.9781829693515]]]}},{"type":"Feature","properties":{"kgisWetlandId":3304,"wetlandCode":"1202","wetlandClass":"Tank/Pond","forestBeatId":2297,"areaM2":56863,"shapeAreaM2":56934.2,"shapeLengthM":1212.2,"labelPoint":[77.654853,12.979767],"source":"kgis-wetlands"},"geometry":{"type":"Polygon","coordinates":[[[77.6570554986449,12.9784151439131],[77.6569760077619,12.9784155417434],[77.6568954260805,12.9784278041219],[77.6568160605827,12.9784524847397],[77.6563253438271,12.9786887412825],[77.6561390784566,12.9787608301711],[77.6560056258653,12.9787970765065],[77.655500968848,12.9790113771618],[77.6553019064901,12.9790592452714],[77.6552639212949,12.9790656471842],[77.6541680126888,12.979233766395],[77.6540623864703,12.9793048860282],[77.653983194816,12.9793634495544],[77.6536171541341,12.980098309962],[77.6535927028546,12.9802723728678],[77.6536617446468,12.9804804173604],[77.6537552982637,12.9805262598686],[77.6539031730391,12.9806057149927],[77.6542654417271,12.9807061238393],[77.6561922989984,12.9812663176442],[77.6563121680144,12.9812764491084],[77.6564053589317,12.9812516985364],[77.6564846734863,12.9812168525127],[77.6564981369728,12.981146757016],[77.6564758327263,12.9810661114014],[77.6564558864169,12.9809961830301],[77.6563885350809,12.980893172676],[77.65598245853,12.9803394986882],[77.6559399092184,12.9801307571479],[77.655911012849,12.9798886275709],[77.6559351026521,12.9796445400542],[77.6559596688439,12.9794930672272],[77.6560385583541,12.9793757703049],[77.6561176360739,12.9792951817581],[77.6570987606247,12.9787622424914],[77.6571387851191,12.9787044389961],[77.657150561907,12.9785304389241],[77.6571226105039,12.9784718459852],[77.6570554986449,12.9784151439131]]]}},{"type":"Feature","properties":{"kgisWetlandId":3327,"wetlandCode":"1202","wetlandClass":"Tank/Pond","forestBeatId":2297,"areaM2":35247,"shapeAreaM2":35294.6,"shapeLengthM":745.9,"labelPoint":[77.713437,12.9829],"source":"kgis-wetlands"},"geometry":{"type":"Polygon","coordinates":[[[77.7132906792362,12.9815979494391],[77.7129007968434,12.9815073705578],[77.7126098494703,12.9816048922265],[77.7124519454479,12.9820202276838],[77.7125893378608,12.9827186441749],[77.7127914059116,12.9834466548711],[77.7129281144623,12.9840174473539],[77.7132197406853,12.9840458554211],[77.7133768386136,12.9839089348193],[77.7135786433651,12.9837305557362],[77.7143136282171,12.9830817964511],[77.7139800518943,12.9823222853537],[77.7132906792362,12.9815979494391]]]}},{"type":"Feature","properties":{"kgisWetlandId":3339,"wetlandCode":"1202","wetlandClass":"Tank/Pond","forestBeatId":2375,"areaM2":460135,"shapeAreaM2":460686.2,"shapeLengthM":2898.8,"labelPoint":[77.619251,12.982538],"source":"kgis-wetlands"},"geometry":{"type":"Polygon","coordinates":[[[77.6208102340865,12.9784533501297],[77.6205486002084,12.9782010505966],[77.6203539088807,12.9782031269414],[77.6202237294759,12.978204325255],[77.6200287216499,12.9781431508614],[77.6199016316871,12.9780709160892],[77.6198796833683,12.9780591633837],[77.6197017440347,12.9779555493894],[77.6190649532163,12.9791700272305],[77.6183618598115,12.9802588871876],[77.6178486004294,12.98083516321],[77.6172045349898,12.9812878265342],[77.6164278603836,12.9814864314578],[77.6158468300503,12.9818738422367],[77.6155303601213,12.9826389150824],[77.6155387728298,12.9834018501144],[77.6163880716732,12.9839026169518],[77.6180245741743,12.9851568875592],[77.6188145276186,12.9862294599927],[77.6192105668195,12.9868623112614],[77.6195396603341,12.9872402218582],[77.6201237588922,12.9872345575055],[77.6206415487461,12.987101581819],[77.6216761783992,12.9866464411268],[77.6221258727794,12.9862602223854],[77.6223756928057,12.9853034537695],[77.622497764219,12.9846037016807],[77.6226185540638,12.98364869165],[77.6229356338056,12.983009547446],[77.622929308727,12.9824374891336],[77.6229247733053,12.9819924907691],[77.6221414554462,12.9815546749881],[77.6212213274703,12.980483875922],[77.6204380200023,12.9800466189905],[77.6209476895795,12.9792150905361],[77.6209449459782,12.9788971506731],[77.6208102340865,12.9784533501297]]]}},{"type":"Feature","properties":{"kgisWetlandId":3353,"wetlandCode":"1202","wetlandClass":"Tank/Pond","forestBeatId":2297,"areaM2":32671,"shapeAreaM2":32711.8,"shapeLengthM":700.6,"labelPoint":[77.657367,12.987545],"source":"kgis-wetlands"},"geometry":{"type":"Polygon","coordinates":[[[77.6578752177965,12.9865760516177],[77.6574545408419,12.986545404536],[77.6569626181886,12.986550690601],[77.6566816990604,12.9865882401215],[77.6564751277699,12.9869687801795],[77.6564453535826,12.9874512165138],[77.6565181989526,12.9877258800305],[77.6569078591719,12.9879972636348],[77.6575070136164,12.9882314544844],[77.6583512070388,12.9883955173331],[77.6582764961881,12.9879830668264],[77.6582735667927,12.9876385901097],[77.6582334185967,12.9872259674257],[77.6582289850126,12.986813164468],[77.6578752177965,12.9865760516177]]]}},{"type":"Feature","properties":{"kgisWetlandId":3359,"wetlandCode":"1202","wetlandClass":"Tank/Pond","forestBeatId":2297,"areaM2":25148,"shapeAreaM2":25181.0,"shapeLengthM":613.1,"labelPoint":[77.698003,12.987459],"source":"kgis-wetlands"},"geometry":{"type":"Polygon","coordinates":[[[77.6977860798712,12.9865571556054],[77.6977053391736,12.9865395012279],[77.6976570042059,12.9865493511592],[77.6975926267607,12.9865756607645],[77.6975364136978,12.98662056538],[77.6974735365562,12.9867123759878],[77.6973203552297,12.9869379307319],[77.6972339573059,12.9871563618987],[77.6971947941632,12.987374551072],[77.6971551220178,12.9874973031127],[77.6971489998638,12.987645858361],[77.6971742613615,12.9878467729649],[77.6972175838895,12.987977566858],[77.697282793052,12.9881076826963],[77.6974238611958,12.9882040894285],[77.6975128922184,12.9882640553673],[77.6976526126004,12.9883237604492],[77.6977898924339,12.988357500061],[77.6979201692274,12.9883743344783],[77.6980733386475,12.9883633775027],[77.6983080303942,12.9883000456808],[77.6984459918219,12.9882456834966],[77.6984941662172,12.988205339235],[77.6989036527537,12.9878649484641],[77.6989274309551,12.9877868928045],[77.6989177938246,12.9877078798568],[77.6989011545339,12.9876119618175],[77.6988752505256,12.9875070557906],[77.6988102686381,12.9874198578808],[77.6987122083973,12.9873949518298],[77.6986476055456,12.9873789079841],[77.6985817943452,12.9873521410831],[77.6982398226444,12.9871731926774],[77.6981736872346,12.9870854365061],[77.698091196647,12.9869554091621],[77.6980086114248,12.9868073118354],[77.6978439137783,12.9866003411645],[77.6977860798712,12.9865571556054]]]}},{"type":"Feature","properties":{"kgisWetlandId":3361,"wetlandCode":"1202","wetlandClass":"Tank/Pond","forestBeatId":2297,"areaM2":72430,"shapeAreaM2":72525.3,"shapeLengthM":1200.9,"labelPoint":[77.692255,12.987511],"source":"kgis-wetlands"},"geometry":{"type":"Polygon","coordinates":[[[77.6937341923944,12.9856902848987],[77.6936661883041,12.9856844224684],[77.6935924958865,12.9856921442258],[77.6935453278675,12.9857048106415],[77.693505182112,12.9857383362006],[77.6934708661886,12.9857848206647],[77.6933517793627,12.9859226644266],[77.6933049876966,12.9860064843514],[77.6931584968377,12.9861907769989],[77.6926429449944,12.9867361367351],[77.692509966218,12.9868616270477],[77.692414689165,12.9869270617578],[77.6922802120766,12.9869870497597],[77.692192904215,12.9870343714712],[77.6920514424407,12.9870808423713],[77.6918903962777,12.9871274131531],[77.6911063545344,12.9872285769763],[77.6910051486224,12.987262415879],[77.6909178665285,12.9873148193159],[77.6908514271243,12.9873868818874],[77.6908046105867,12.9874661858693],[77.6907785906526,12.987556676777],[77.6907735167084,12.9876865906127],[77.690787897722,12.9877915578129],[77.6908368309407,12.9878946521517],[77.6911432253396,12.9881003355253],[77.6912448788893,12.9881512035795],[77.6913061118848,12.9881836442646],[77.6916474428539,12.9884597385221],[77.6917631610772,12.9885557130762],[77.6918049821657,12.9886210061554],[77.691977108631,12.9889262071846],[77.6920733132656,12.9890358349352],[77.6922225471093,12.9891514028091],[77.6923117682077,12.9892475134347],[77.6924135967472,12.9893311343405],[77.6925163366876,12.9893695718761],[77.6926246945463,12.9893808744507],[77.6926569349732,12.9893773206225],[77.6926776536947,12.9893738248034],[77.6927524338571,12.9893536741169],[77.6928328728847,12.9893142943555],[77.6928592628547,12.989293828665],[77.6929051123935,12.9892495435547],[77.6931480890322,12.9890099759615],[77.693730078136,12.9886088440069],[77.6937989473892,12.988560487079],[77.6938321836288,12.9885275615286],[77.6938314597632,12.9883909002745],[77.6937685263017,12.9882551226321],[77.6937333777299,12.988144616739],[77.6937189658928,12.9880340033027],[77.6937102843952,12.9879177132976],[77.6937192521152,12.9874359497653],[77.693688615169,12.9870899268752],[77.6936798565676,12.9869589543044],[77.6936862539602,12.9868617867161],[77.6937053539025,12.9867702012242],[77.6939417732942,12.9861635915671],[77.6939411144998,12.9860393536522],[77.6939393395979,12.9859218980539],[77.6939180906761,12.9858254390108],[77.6938705451647,12.9857669510829],[77.6937746159779,12.9857092773624],[77.6937341923944,12.9856902848987]]]}},{"type":"Feature","properties":{"kgisWetlandId":3367,"wetlandCode":"1202","wetlandClass":"Tank/Pond","forestBeatId":2297,"areaM2":136790,"shapeAreaM2":136975.5,"shapeLengthM":1649.5,"labelPoint":[77.722959,12.987874],"source":"kgis-wetlands"},"geometry":{"type":"Polygon","coordinates":[[[77.7224867106147,12.9884625952475],[77.7226807100318,12.9883328166344],[77.7229755093725,12.9885204495683],[77.7231386375729,12.9886466545003],[77.7233036002944,12.9888987839722],[77.7234028990753,12.9891518239892],[77.7235350907791,12.9893092519385],[77.7237635408237,12.9893712976279],[77.7240550032393,12.9893680693994],[77.7241851820514,12.9893668197255],[77.7244121323615,12.9893644944415],[77.7247362794945,12.9892278180133],[77.7247994985144,12.9892009424014],[77.7249575595584,12.98881779081],[77.7251477068695,12.9884028444279],[77.7243185044048,12.9867587766774],[77.7237916984073,12.9860646774213],[77.7231049945507,12.9856272397448],[77.7222002583453,12.9859866449098],[77.7216203813954,12.9863415178963],[77.7211008232874,12.9863470704724],[77.720713626362,12.9865416765506],[77.7206521592965,12.9868926945595],[77.7207529525205,12.9872095423072],[77.7209520116961,12.9875891227626],[77.7211209940253,12.9881586085395],[77.7215177934244,12.9888861511115],[77.7215243455858,12.9894581853979],[77.7215908719553,12.9896165229844],[77.72181948774,12.9897090657588],[77.7221106071795,12.9896425916417],[77.7224952795087,12.9891938710704],[77.7224905616637,12.988748326569],[77.7224867106147,12.9884625952475]]]}},{"type":"Feature","properties":{"kgisWetlandId":3389,"wetlandCode":"1202","wetlandClass":"Tank/Pond","forestBeatId":2297,"areaM2":39923,"shapeAreaM2":39973.8,"shapeLengthM":794.8,"labelPoint":[77.659145,12.993687],"source":"kgis-wetlands"},"geometry":{"type":"Polygon","coordinates":[[[77.658255361221,12.9925948361255],[77.657905130718,12.9925982863518],[77.6578758956461,12.9931846321464],[77.6581281171248,12.9938356426061],[77.6584499047135,12.9943479418544],[77.6586649990185,12.9947252379683],[77.6590873720215,12.9948586563939],[77.6595075263596,12.994785391947],[77.6597858757132,12.9944716939946],[77.660201233334,12.9939167285866],[77.6602315369986,12.9935382020464],[77.6596663938672,12.9931999365786],[77.6592784118151,12.9930324618331],[77.6588563969934,12.9929679393328],[77.658255361221,12.9925948361255]]]}},{"type":"Feature","properties":{"kgisWetlandId":3413,"wetlandCode":"1202","wetlandClass":"Tank/Pond","forestBeatId":2381,"areaM2":47566,"shapeAreaM2":47615.8,"shapeLengthM":979.3,"labelPoint":[77.516851,12.99863],"source":"kgis-wetlands"},"geometry":{"type":"Polygon","coordinates":[[[77.5164629503029,12.9972418015137],[77.5158129379921,12.9972057368032],[77.5158735815583,12.9973641648927],[77.5159855118432,12.9976511313852],[77.5161352335207,12.9978876640957],[77.5161503261666,12.9979124458162],[77.5161816867003,12.997967088085],[77.5162386271582,12.9980718804992],[77.5162761116597,12.9982055624139],[77.5162926314103,12.9982902040958],[77.516297354813,12.9983150320988],[77.5162989638532,12.9984144240091],[77.5162590260159,12.9984993174882],[77.5161032698497,12.9987050233479],[77.5156797705717,12.9990683653022],[77.5154843695883,12.999172025419],[77.5154211496234,12.9992050640521],[77.5153684366076,12.9992679892813],[77.5153558869863,12.999295153951],[77.5153479044416,12.9993132612157],[77.5153493106769,12.9993686022093],[77.5153541471648,12.9994182803584],[77.5153645685961,12.9994295289325],[77.5153854173227,12.9994531562795],[77.5153758719279,12.9996327944089],[77.5154503992724,12.9998035858648],[77.5156029141845,12.9998955262057],[77.5157943199567,12.9999251683895],[77.5159764983267,12.9999531579482],[77.5161768414435,12.9999217651573],[77.5164402558719,12.9998251427966],[77.5168658583848,12.999668494162],[77.5173079480828,12.999589708847],[77.5175378411163,12.999470079963],[77.5176486672163,12.9992657035889],[77.5176451022058,12.9989918087607],[77.5175209560508,12.9985546703825],[77.5174729351293,12.9983848911353],[77.517484195447,12.9980776070571],[77.5174923525875,12.9978471463396],[77.5174086917417,12.9976944686266],[77.5172237336267,12.9975631411635],[77.5170447865425,12.9974860039543],[77.5169245105009,12.9973888367983],[77.5168967533534,12.9973663697555],[77.5164629503029,12.9972418015137]]]}},{"type":"Feature","properties":{"kgisWetlandId":3417,"wetlandCode":"1202","wetlandClass":"Tank/Pond","forestBeatId":2297,"areaM2":43061,"shapeAreaM2":43115.8,"shapeLengthM":830.2,"labelPoint":[77.665691,12.9976],"source":"kgis-wetlands"},"geometry":{"type":"Polygon","coordinates":[[[77.6653003479001,12.9967548624249],[77.6649988398626,12.9966010791271],[77.6648921643958,12.9966925399606],[77.6645113262978,12.9974596783855],[77.6642638869788,12.9979567656675],[77.6642570452682,12.9979703541754],[77.6642204459991,12.9980224948072],[77.6646808887646,12.9981636178732],[77.6649593745538,12.9983209051231],[77.6652543133002,12.9985402311856],[77.6655652238391,12.9987289802942],[77.6658580199234,12.9987574338317],[77.6660860533843,12.9987393412555],[77.6662789448636,12.9986101731802],[77.6663424634315,12.9984172765841],[77.6663885445244,12.998194536878],[77.6665827492248,12.9980964226276],[77.6667505401955,12.9980148179677],[77.6668550218126,12.9979448280203],[77.6669074769153,12.9978400863013],[77.6669527812046,12.9976896371718],[77.6669276587677,12.9975113067711],[77.6668311051585,12.9973333370736],[77.6665881441584,12.997139164858],[77.6663799000321,12.9969741828201],[77.6659857986004,12.9969614878233],[77.6657507419303,12.9969581560534],[77.6654911895873,12.9968967782322],[77.6653003479001,12.9967548624249]]]}},{"type":"Feature","properties":{"kgisWetlandId":3458,"wetlandCode":"1202","wetlandClass":"Tank/Pond","forestBeatId":2297,"areaM2":137067,"shapeAreaM2":137254.3,"shapeLengthM":1817.4,"labelPoint":[77.729408,13.001082],"source":"kgis-wetlands"},"geometry":{"type":"Polygon","coordinates":[[[77.7296516493414,12.9994815634585],[77.7292628372557,12.9993819691701],[77.7289644520817,12.9993852420988],[77.7286803859474,12.9992675870526],[77.7282721079557,12.9989783471314],[77.7279701952865,12.9987568757794],[77.7274919268582,12.9985205244843],[77.7269980913761,12.9983875979704],[77.7264864764181,12.9983750509063],[77.7261529423192,12.9984824144409],[77.7258398397901,12.9987455347569],[77.7255258609993,12.9990594844644],[77.7254927039136,12.999318303466],[77.7255494120292,12.9995772131375],[77.7257096183269,12.9997999986857],[77.7262940633076,13.0000691132872],[77.7268404287872,13.0001153601276],[77.7273531719074,13.0003345892072],[77.7278528186137,13.0008994984807],[77.728511262455,13.0014274232875],[77.728900643895,13.0016309247],[77.7291177492614,13.0021459350094],[77.7294053256917,13.0026955840734],[77.7294991653943,13.0032129399093],[77.7297315601313,13.0035731332832],[77.7299437312395,13.0036053302183],[77.7301454424705,13.0034094318574],[77.7301282415252,13.0030017923946],[77.7303684927738,13.0026899220448],[77.7304484998639,13.0021496220284],[77.7304951578876,13.0018320000087],[77.7307854528893,13.0014012723631],[77.7309172022191,13.0012644758546],[77.7304410582368,13.0007852869776],[77.7303150336035,13.000492862906],[77.7302940404519,13.0002348948133],[77.7302912858359,12.9999412524383],[77.7300051249708,12.9996508043609],[77.7296516493414,12.9994815634585]]]}},{"type":"Feature","properties":{"kgisWetlandId":3460,"wetlandCode":"1202","wetlandClass":"Tank/Pond","forestBeatId":2297,"areaM2":46788,"shapeAreaM2":46850.1,"shapeLengthM":1064.0,"labelPoint":[77.703324,13.002668],"source":"kgis-wetlands"},"geometry":{"type":"Polygon","coordinates":[[[77.7020228626226,13.0039295108981],[77.7020906117927,13.0038868044787],[77.7021636939508,13.003763879092],[77.7023799176797,13.0034764387139],[77.7027028069277,13.0030980895419],[77.7029936168681,13.0029695158116],[77.703229658649,13.0029411846977],[77.7034658399031,13.002938828971],[77.7036663462738,13.0029445648547],[77.7038576428523,13.0029514778691],[77.7040413021701,13.0030386218888],[77.7042146442431,13.0031354199865],[77.7043352280418,13.0032771056181],[77.7045173098234,13.0032846308517],[77.7046435155009,13.0031851472785],[77.70471374771,13.0029605842933],[77.704584671024,13.0027387518203],[77.7044191581055,13.002597864251],[77.7042432240507,13.0024474300229],[77.7041045993358,13.0021635265014],[77.7040560751543,13.0019232043409],[77.7039087103835,13.0017285723481],[77.7036797383809,13.0015705075157],[77.7034143241079,13.0014922581949],[77.7031765635232,13.0014144305697],[77.7030297741569,13.0013270931454],[77.7028474570282,13.0012755202354],[77.7026020650628,13.0012784868439],[77.7022667511546,13.0014874815817],[77.702168857346,13.0017104930365],[77.7021712514223,13.0019431497233],[77.702210224657,13.0021214026703],[77.7022218819196,13.0023624824893],[77.7022148191753,13.00255000902],[77.7020892271912,13.0027646926827],[77.7019450693063,13.0029546251081],[77.7018741592885,13.0030526916675],[77.7017757959934,13.003188171338],[77.7017582179813,13.0033486460145],[77.701717308432,13.0036707537667],[77.7016783825494,13.0039329913297],[77.7018166330614,13.0039311452863],[77.7020228626226,13.0039295108981]]]}},{"type":"Feature","properties":{"kgisWetlandId":3483,"wetlandCode":"1202","wetlandClass":"Tank/Pond","forestBeatId":2297,"areaM2":40500,"shapeAreaM2":40553.3,"shapeLengthM":932.6,"labelPoint":[77.693483,13.006538],"source":"kgis-wetlands"},"geometry":{"type":"Polygon","coordinates":[[[77.6944565086629,13.0050032264666],[77.6939748703098,13.0049978030407],[77.6935833272969,13.0050348357326],[77.6931708248919,13.005247606146],[77.6928596520771,13.0054485588829],[77.6927520036894,13.0057896460556],[77.6926751198176,13.0060656325043],[77.6927154428307,13.0062822806564],[77.6927235319113,13.0062867578015],[77.6928946296964,13.0066122909812],[77.6931341825275,13.0070272648756],[77.693418201646,13.0073539097693],[77.693544378772,13.007681933053],[77.6936251578686,13.0079226582774],[77.6936836957295,13.0080974228885],[77.6937958052845,13.008162918128],[77.6939306562526,13.0081712586821],[77.6940985201773,13.0081043201983],[77.6941222594279,13.0080183576721],[77.6942095933585,13.0079744232375],[77.6942074868653,13.0077948494631],[77.694184308624,13.0075526987966],[77.6940957347618,13.0073628411585],[77.6940716783781,13.0071720857919],[77.6940695721083,13.0069925119857],[77.6940890216832,13.0067495770971],[77.6941186117708,13.0064636703319],[77.6941663249259,13.0059020809589],[77.6941745352141,13.0057122895343],[77.6942267476675,13.005564060378],[77.6943975687113,13.0054033606863],[77.6945695395382,13.0052420897956],[77.6945844331833,13.0052262002717],[77.6944565086629,13.0050032264666]]]}},{"type":"Feature","properties":{"kgisWetlandId":3493,"wetlandCode":"1202","wetlandClass":"Tank/Pond","forestBeatId":2381,"areaM2":69998,"shapeAreaM2":70075.0,"shapeLengthM":1014.9,"labelPoint":[77.553554,13.010155],"source":"kgis-wetlands"},"geometry":{"type":"Polygon","coordinates":[[[77.553900249553,13.0093632225876],[77.552654515367,13.0090888505311],[77.5519297257562,13.0098128248544],[77.5519417403827,13.0108886358678],[77.5528969943467,13.0113806531049],[77.5545036408118,13.0112213155862],[77.5552284267064,13.0104973347406],[77.5550715632632,13.0094950491076],[77.553900249553,13.0093632225876]]]}},{"type":"Feature","properties":{"kgisWetlandId":3513,"wetlandCode":"1202","wetlandClass":"Tank/Pond","forestBeatId":2377,"areaM2":171818,"shapeAreaM2":172012.5,"shapeLengthM":1933.6,"labelPoint":[77.573927,13.010823],"source":"kgis-wetlands"},"geometry":{"type":"Polygon","coordinates":[[[77.573993438621,13.0130015788124],[77.5739609371426,13.0127137068263],[77.5740223503453,13.0125462507622],[77.5743307088787,13.0124538771304],[77.5744866997155,13.0125440698402],[77.5745331575096,13.0126200942934],[77.5748889032624,13.0125574291444],[77.5750114569965,13.012404934058],[77.5751491184513,13.0120405847138],[77.5751778800974,13.0115547608061],[77.5751756782118,13.0110995784033],[77.5753589849095,13.0106435243529],[77.5756984288393,13.010308159469],[77.57616086671,13.0099117864133],[77.5764383061848,13.0096218909093],[77.5766847130595,13.0093479556514],[77.5768068980124,13.0091197850397],[77.5768058706214,13.0089074425728],[77.5767117315878,13.0087407174934],[77.5765842443552,13.0085877045056],[77.5766033952986,13.0084972529988],[77.5765405902077,13.0083766906377],[77.57635609503,13.0083481917221],[77.5757882421384,13.008389829484],[77.5734105100018,13.0082524658471],[77.572756504858,13.0083492831049],[77.5726244387613,13.0084408273114],[77.5725329458489,13.0085830102248],[77.5725244306226,13.0089676485322],[77.5725225679371,13.0090591472984],[77.5727344981652,13.0097584505266],[77.5727087359216,13.0101505118009],[77.572679987872,13.0104013967276],[77.5726507547019,13.0105517590807],[77.5725916137338,13.0107124273703],[77.5725419811814,13.0109334789587],[77.5725339705769,13.0111837028709],[77.5725567844552,13.011374484135],[77.5726231481298,13.0117553828917],[77.5727072667541,13.0119950088205],[77.5727053279445,13.0123095863791],[77.5723354073227,13.0125389178463],[77.572119446727,13.0126766012901],[77.5720735238832,13.0129501578586],[77.5722449319816,13.0131312059744],[77.5726782463451,13.0131444225953],[77.5729562802858,13.0129759495031],[77.5733116630937,13.0128381765725],[77.5736680695588,13.0129121806021],[77.5737922370067,13.0130934496947],[77.5739171915166,13.0131990364812],[77.573993438621,13.0130015788124]]]}},{"type":"Feature","properties":{"kgisWetlandId":3518,"wetlandCode":"1202","wetlandClass":"Tank/Pond","forestBeatId":2297,"areaM2":84310,"shapeAreaM2":84423.7,"shapeLengthM":1450.9,"labelPoint":[77.713156,13.01138],"source":"kgis-wetlands"},"geometry":{"type":"Polygon","coordinates":[[[77.7136178531537,13.0121932082076],[77.7137178795877,13.0119396859094],[77.7140303169853,13.012188788681],[77.7141872149447,13.0124392723947],[77.7143949649987,13.0125048221964],[77.7144738645414,13.01239315759],[77.7147014086863,13.0122835376598],[77.7148825063363,13.0123209908746],[77.7150825082291,13.0124453120422],[77.7152421515046,13.0125636336837],[77.7152942115728,13.0121759577882],[77.7152657365088,13.0120236309398],[77.7151610932033,13.0118485484776],[77.7149543132544,13.0117491106335],[77.7147467952481,13.0117264788579],[77.7145653635703,13.0116269080876],[77.7144353738078,13.0114519586298],[77.7144334475772,13.0113085281363],[77.7147594314956,13.0110786715143],[77.7149429160238,13.0102774913298],[77.7147011034657,13.0100912678597],[77.7144038561128,13.0100945190223],[77.7141096268059,13.0100164328483],[77.713954088219,13.0100178111477],[77.7136199713195,13.0100212538823],[77.7132835528457,13.0100252731173],[77.7127938979373,13.0100300934896],[77.7125104756629,13.0100332701276],[77.7120461683673,13.0100379558772],[77.711849446555,13.0100943270924],[77.7117399035829,13.0100785228102],[77.711726064582,13.0100763359464],[77.7115558103272,13.0099123250516],[77.7116389991871,13.0105974703179],[77.7116953274277,13.0110015211325],[77.7117675733739,13.011151925882],[77.7119598508052,13.0115541366744],[77.7121184428187,13.0119056979072],[77.7123767938423,13.0119534779768],[77.7125314542522,13.0120029304915],[77.7126894997697,13.0122528424333],[77.7127967941024,13.0127063230181],[77.7129526074688,13.0127557676307],[77.71307351589,13.0127421465451],[77.713468490935,13.0126994197307],[77.7136209110668,13.0125467108399],[77.7136178531537,13.0121932082076]]]}},{"type":"Feature","properties":{"kgisWetlandId":3534,"wetlandCode":"1202","wetlandClass":"Tank/Pond","forestBeatId":2373,"areaM2":61820,"shapeAreaM2":61900.5,"shapeLengthM":1002.6,"labelPoint":[77.684318,13.013878],"source":"kgis-wetlands"},"geometry":{"type":"Polygon","coordinates":[[[77.6853641789819,13.0129884131647],[77.6851993424918,13.01210206149],[77.6851177697843,13.0121465290989],[77.6846869913671,13.0121747144649],[77.6844712666929,13.0125620963303],[77.6840965441794,13.0127328707733],[77.6834836866726,13.0129743248028],[77.683145919435,13.0133798386058],[77.6831837583327,13.0137822994332],[77.6832920515686,13.014216590512],[77.6836371642981,13.0145485813955],[77.6839490373389,13.0149134968],[77.6840608539417,13.0153601937788],[77.6844913091766,13.0154878770385],[77.6850115935715,13.0151706549864],[77.6853593308537,13.0146894152376],[77.6853702673076,13.0143601184801],[77.6854592473268,13.013972820924],[77.6853362528723,13.0135916908613],[77.6853641789819,13.0129884131647]]]}},{"type":"Feature","properties":{"kgisWetlandId":3563,"wetlandCode":"1202","wetlandClass":"Tank/Pond","forestBeatId":2373,"areaM2":197244,"shapeAreaM2":197504.3,"shapeLengthM":2054.9,"labelPoint":[77.699191,13.017152],"source":"kgis-wetlands"},"geometry":{"type":"Polygon","coordinates":[[[77.6998949620245,13.0151888357385],[77.6997140142722,13.0151796086494],[77.699344412492,13.0152283957437],[77.6990350240764,13.0153333436162],[77.6988848240677,13.0156882080961],[77.6985796249456,13.0161466549906],[77.6983232275783,13.0162496332875],[77.6978769043889,13.0163886086382],[77.6976548974375,13.0164586531628],[77.6968312969049,13.0167204308209],[77.6958042931077,13.0170843429948],[77.6955489752782,13.0173906164131],[77.6956069645404,13.0178946215615],[77.6959762346111,13.0186483233045],[77.6962370898188,13.0189491062612],[77.6967041787762,13.0192465633837],[77.6971163921712,13.019192476271],[77.697630604742,13.0190350797093],[77.6979896229184,13.0187288325562],[77.6986397155674,13.0185560475495],[77.6996128136434,13.0184544381456],[77.7002277637923,13.0183902599611],[77.7009752754023,13.0183361229996],[77.7016508030816,13.0181801412831],[77.7029443722513,13.0178921893681],[77.7032822518612,13.0177283565103],[77.7034212352834,13.0176468783862],[77.703419412975,13.0175215182317],[77.7033602819945,13.0174529284819],[77.7031029818269,13.0173870619856],[77.7027506521824,13.0172189084287],[77.7018340927702,13.0166871744499],[77.7013567391758,13.016409545114],[77.7008430894942,13.016023675301],[77.700756319238,13.0159574865611],[77.7002377745194,13.0155174264975],[77.6998949620245,13.0151888357385]]]}},{"type":"Feature","properties":{"kgisWetlandId":3568,"wetlandCode":"1202","wetlandClass":"Tank/Pond","forestBeatId":2257,"areaM2":275013,"shapeAreaM2":275248.8,"shapeLengthM":3134.2,"labelPoint":[77.385892,13.01849],"source":"kgis-wetlands"},"geometry":{"type":"Polygon","coordinates":[[[77.38781808408,13.0180047753161],[77.3878011404666,13.0169605512567],[77.387843126258,13.0168011144833],[77.387922931108,13.016590696601],[77.3879812213873,13.0164735535014],[77.3881567256976,13.016276873789],[77.3883668385797,13.0160896580608],[77.389101660508,13.0154355322706],[77.3893303619753,13.0152855186464],[77.3896981206241,13.0150440183594],[77.3897554080234,13.0149635904771],[77.389797232651,13.0147651836992],[77.3897014124688,13.0147220769622],[77.3896181238525,13.0146439032228],[77.3894990818739,13.01455796572],[77.3893732763209,13.0145087650443],[77.3892626289151,13.0145029942804],[77.3890632233652,13.0144902335386],[77.3889076630278,13.0144914181642],[77.388775324405,13.0145354325692],[77.3883036952843,13.0150196384676],[77.3882474688904,13.0150780356714],[77.3882084386553,13.0151143369551],[77.3879914809434,13.0153185229061],[77.3873295505936,13.0160452138664],[77.3866401804479,13.0173904522407],[77.3865828862255,13.0174697511921],[77.3865162616467,13.0175214111565],[77.386390779492,13.0175518433745],[77.3862433140923,13.0175603361042],[77.3860140038729,13.0175623769912],[77.38597595508,13.0175568793055],[77.3857834001489,13.0175294057297],[77.3847019929981,13.0171225325302],[77.3846765063143,13.017089311657],[77.3846197107469,13.0170082071313],[77.3845708506829,13.0168948781494],[77.3843975022241,13.0164900491543],[77.3840670807105,13.0157147759318],[77.3839972907083,13.0155552186545],[77.3838731641867,13.0156353447734],[77.3836960385909,13.0157173766604],[77.3835868361595,13.015783888833],[77.3835421294722,13.0158416751362],[77.3835072029413,13.0160372290263],[77.3836172622653,13.0167478615476],[77.3836109096617,13.0168856942977],[77.3835905811603,13.0169874362195],[77.3837609467989,13.0177921478064],[77.3839183849284,13.0188177426489],[77.3839351659511,13.0189769460313],[77.3839285507955,13.0190503942073],[77.3840191988573,13.0192381096689],[77.3841000949743,13.0192948331661],[77.3846279121906,13.0195869927773],[77.384703314054,13.0197092531422],[77.3851869618188,13.0207561425628],[77.3852392018505,13.0208502548042],[77.3855076013443,13.02110786229],[77.3856417164259,13.0212157682023],[77.3859231189511,13.0212711297109],[77.3874181588157,13.0213747538624],[77.3875232280518,13.0214246013693],[77.3876204113704,13.0215185338842],[77.3883504524913,13.0222272590011],[77.3887674489895,13.0224695862123],[77.388953120196,13.0225038635917],[77.3890395819009,13.0225119901519],[77.3890937656526,13.0225174225455],[77.3892262232087,13.02250164515],[77.3892802804924,13.0224760143088],[77.3893366388183,13.02244981017],[77.3894319860193,13.0223765723231],[77.3894892167827,13.0222820248525],[77.389562403307,13.022143925103],[77.3896505385151,13.0219984229042],[77.3896553199602,13.0217589348084],[77.3896667517031,13.0214550348341],[77.3896497601354,13.0212455667236],[77.3895739444092,13.0210227776121],[77.3894529838903,13.0207504685277],[77.3893622672437,13.0205469422908],[77.3890474415823,13.019645667664],[77.3889651810759,13.0195375568041],[77.3888761534605,13.0194650533942],[77.3887490776584,13.0193876201535],[77.3886380998673,13.0193016489534],[77.3884658130839,13.0191583144587],[77.3880907331796,13.0187384774647],[77.3879564574879,13.0185910371617],[77.3878738139589,13.0183886076],[77.3878281017978,13.0182001511307],[77.38781808408,13.0180047753161]]]}},{"type":"Feature","properties":{"kgisWetlandId":3569,"wetlandCode":"1202","wetlandClass":"Tank/Pond","forestBeatId":2381,"areaM2":208142,"shapeAreaM2":208346.9,"shapeLengthM":2209.9,"labelPoint":[77.474267,13.018872],"source":"kgis-wetlands"},"geometry":{"type":"Polygon","coordinates":[[[77.4740915855725,13.0204529219729],[77.4743438592377,13.020433195414],[77.4746377710021,13.0204483060739],[77.474710466511,13.0204705836948],[77.4748189967168,13.0205181209299],[77.4748987084297,13.0205635227265],[77.4749008539918,13.0207871645741],[77.4750822123682,13.0208869111164],[77.475417753372,13.0209345976469],[77.4756251641026,13.0209325714823],[77.4757792331014,13.0208550977691],[77.4757771848739,13.0206534835331],[77.4758021984749,13.0203179008374],[77.4758250314812,13.0202697950761],[77.4758841640847,13.0200922016547],[77.4758937733584,13.0199204697875],[77.4758451692625,13.018576522214],[77.4758561400176,13.0184522249972],[77.4758843382766,13.0183148629763],[77.4759265573927,13.0182209278223],[77.4760589619274,13.0179362765237],[77.4762164871801,13.0175995565072],[77.476523538389,13.0169419644031],[77.4766051121146,13.0166281626477],[77.4766387618459,13.0164213113764],[77.4766326297129,13.0163377522329],[77.4766070182194,13.0162791252966],[77.4765641746457,13.0162324347414],[77.476265864434,13.0160038615801],[77.4761699652489,13.0159461037212],[77.476071918749,13.0159233717954],[77.4759577938038,13.015913134369],[77.4754383855307,13.0159769365552],[77.4750585588879,13.0160751517154],[77.4748183663247,13.0162196403068],[77.4746022618927,13.0163391752299],[77.4745055267747,13.0163525822543],[77.4743188603942,13.0163545164236],[77.4739002439999,13.0162806413022],[77.4735798092224,13.016259996833],[77.4734415621575,13.0162668054404],[77.4733448525507,13.0162858596249],[77.4728814344433,13.016503598404],[77.4727848044318,13.0165407254336],[77.4726823824752,13.0165710988271],[77.4725741201381,13.0165834251763],[77.4724899550659,13.0165730568337],[77.4722048714843,13.0164686715482],[77.4721080069573,13.0164527103706],[77.4720411739496,13.0164529979437],[77.4719386968618,13.0164709465166],[77.4718731540691,13.0165022916282],[77.4718191760689,13.0165431867934],[77.471789451883,13.0165964031806],[77.4717414772908,13.0166920570215],[77.4717433338157,13.0168513144924],[77.4717824862192,13.0171058591873],[77.4718708524349,13.0172845114778],[77.4721103564272,13.0177652321098],[77.4721404270051,13.0177899535945],[77.4721833509331,13.0178552817944],[77.4724313333194,13.0184285885573],[77.4726334652051,13.0185361550953],[77.4727169204746,13.0191666460637],[77.4728605291518,13.0206304834256],[77.4727602492706,13.0208844984454],[77.4724789428584,13.0211138787345],[77.4723773948171,13.0213419190737],[77.4723820469707,13.0216118603007],[77.4723037244306,13.0216201038503],[77.4722789328395,13.0217467195464],[77.4724083252203,13.0218212778731],[77.4726664384088,13.0218190358982],[77.473054534995,13.0217642756667],[77.4732829513094,13.0213013076843],[77.4733558338048,13.0211055817959],[77.4735600439201,13.0209013835885],[77.4738425016088,13.0206719976657],[77.4740219164556,13.0205932855491],[77.4740915855725,13.0204529219729]]]}},{"type":"Feature","properties":{"kgisWetlandId":3597,"wetlandCode":"1202","wetlandClass":"Tank/Pond","forestBeatId":2381,"areaM2":42240,"shapeAreaM2":42283.6,"shapeLengthM":904.3,"labelPoint":[77.50571,13.024202],"source":"kgis-wetlands"},"geometry":{"type":"Polygon","coordinates":[[[77.5049336502411,13.023245265712],[77.5048684123459,13.0230902441982],[77.504137121368,13.0231866713413],[77.5040508464644,13.0237258408582],[77.5046052390559,13.0242576549944],[77.5046131230223,13.0249760031707],[77.5048897448101,13.025241911866],[77.5049819282905,13.0252409375474],[77.5058913457005,13.024783961482],[77.5067148246532,13.0246865555561],[77.5068909702175,13.0241464218167],[77.5065209336872,13.0236115364383],[77.5056044616313,13.0235314520304],[77.5050559733765,13.0235367078312],[77.5049336502411,13.023245265712]]]}},{"type":"Feature","properties":{"kgisWetlandId":3599,"wetlandCode":"1202","wetlandClass":"Tank/Pond","forestBeatId":2381,"areaM2":191209,"shapeAreaM2":191402.5,"shapeLengthM":2409.0,"labelPoint":[77.495409,13.022105],"source":"kgis-wetlands"},"geometry":{"type":"Polygon","coordinates":[[[77.4981813148347,13.0235761278115],[77.4979686083082,13.0234268369191],[77.4976118119837,13.0232668846958],[77.497080252744,13.0224299794092],[77.4970783169315,13.0220024595142],[77.4970752788365,13.0213309626974],[77.4969475144688,13.0205990202659],[77.4969147461355,13.0202331942119],[77.4970378123469,13.0199271129827],[77.4974087596044,13.0196504375354],[77.4974988858913,13.0197048241235],[77.4975969468801,13.0197298059217],[77.4976211708129,13.0197353476402],[77.4977535851893,13.0197127393365],[77.4979624843503,13.0195310928792],[77.4980824903486,13.0193131287707],[77.4982478764736,13.0191921048558],[77.4983822342487,13.0190898536359],[77.4981228436004,13.0188091771348],[77.4978785116257,13.0188000870731],[77.4975742527193,13.0187895675075],[77.4973299158206,13.018779347601],[77.4969673849612,13.0186239370315],[77.4963927470348,13.0187049674524],[77.4959729863074,13.0188897986942],[77.495728203442,13.0192907312104],[77.4956533015588,13.019800482081],[77.4954524477567,13.0202328479054],[77.4951158576796,13.0207183340104],[77.4946087128333,13.0212017445486],[77.4940030722548,13.02156416199],[77.4937478352463,13.0219481957925],[77.4937328759724,13.0222080549612],[77.4938406845662,13.0223504682681],[77.4940973798554,13.0225447521978],[77.4942039556492,13.0226690982138],[77.494378812942,13.0231133678108],[77.4945833011773,13.0234846522064],[77.494815049813,13.0237682770157],[77.4948219437372,13.0237637284064],[77.4949896922076,13.0236545568165],[77.4950850508034,13.0235914484264],[77.4952323102247,13.023538277432],[77.4953485997774,13.0235168705905],[77.4954869207398,13.0235258628343],[77.4956241840759,13.0235557566873],[77.496009491498,13.0239047842413],[77.4964257231122,13.024211881013],[77.49727811969,13.0249011002157],[77.4978405457751,13.0251736648257],[77.4983079278322,13.0253240932751],[77.4986516882598,13.0256580494575],[77.498869200992,13.025596095391],[77.4990550479785,13.025412290837],[77.4992105181972,13.0251371280626],[77.498959079072,13.0248326983294],[77.4985380519073,13.0242313814925],[77.4985378989522,13.0239433504647],[77.4983942259107,13.0237706001765],[77.4981813148347,13.0235761278115]]]}},{"type":"Feature","properties":{"kgisWetlandId":3615,"wetlandCode":"1202","wetlandClass":"Tank/Pond","forestBeatId":2297,"areaM2":86180,"shapeAreaM2":86301.7,"shapeLengthM":1348.7,"labelPoint":[77.755899,13.022807],"source":"kgis-wetlands"},"geometry":{"type":"Polygon","coordinates":[[[77.7571553913134,13.0226890845636],[77.7572051131236,13.022307066704],[77.7572355503661,13.0221860525199],[77.7572501888121,13.0221249838629],[77.7572648333112,13.0220650451993],[77.7572850571645,13.0219723215731],[77.7572895334266,13.0219485797738],[77.7573018185649,13.0218784884728],[77.7574313972941,13.0213531650387],[77.7574298489022,13.0212820186158],[77.757428570835,13.0212594364884],[77.7574162945578,13.0211239710725],[77.7573654450727,13.020889888362],[77.7572922939966,13.0207891981798],[77.7572232447883,13.0208042541213],[77.7572036856297,13.0208094422407],[77.7571589074413,13.0208379207707],[77.7570659171773,13.0208988483196],[77.7570306008048,13.0209713228095],[77.7570032510245,13.0210256831096],[77.7569371942459,13.0211643965389],[77.7569155545533,13.0212096899534],[77.7568051221093,13.0214491633522],[77.7566209436803,13.0216879045637],[77.7564650343849,13.021830491501],[77.7563332107398,13.0219531821129],[77.7559219732494,13.0221795958621],[77.755816333114,13.0222451092275],[77.7555797977702,13.0223932134906],[77.7555245891875,13.0224110179527],[77.755475126336,13.0224259673222],[77.7554382607237,13.0224267315148],[77.755402542228,13.0224269243461],[77.7552372062807,13.0225322901379],[77.7551890066293,13.0225669979991],[77.7551189859108,13.0226148120548],[77.755040885218,13.0226598457567],[77.7549823083449,13.022693479665],[77.7547257947881,13.0227716660951],[77.7545326157224,13.0228427338009],[77.7545007461924,13.0233279982924],[77.754470958485,13.0237731574127],[77.7544423483632,13.0242228269674],[77.7546402453301,13.0245854386388],[77.7547939140132,13.024868097324],[77.7550981314907,13.0248726670877],[77.7554737968501,13.0248791097886],[77.7557687357398,13.0246657475087],[77.7563330434403,13.0246135692983],[77.7567084802993,13.0245787868222],[77.757133435421,13.0245392185893],[77.7575063756535,13.0242633140717],[77.7573366247702,13.0241964663373],[77.7572563133904,13.0240517676677],[77.7571702677477,13.0239116176858],[77.7571406950579,13.0237739867912],[77.7571075489549,13.02361548017],[77.7571315446632,13.0233725226349],[77.7571555533904,13.0231318232726],[77.75717955514,13.0228899939303],[77.7571553913134,13.0226890845636]]]}},{"type":"Feature","properties":{"kgisWetlandId":3623,"wetlandCode":"1202","wetlandClass":"Tank/Pond","forestBeatId":2381,"areaM2":40806,"shapeAreaM2":40848.1,"shapeLengthM":859.9,"labelPoint":[77.504456,13.027329],"source":"kgis-wetlands"},"geometry":{"type":"Polygon","coordinates":[[[77.5045058170987,13.0262099293101],[77.5043202196582,13.0259419235317],[77.5039553531283,13.0260355965043],[77.5037745130038,13.0263057915495],[77.5035948272052,13.0265765463815],[77.5033249296872,13.0270284243865],[77.5033288647521,13.027386469904],[77.5040653334061,13.0279174776066],[77.5043439294604,13.0283629745096],[77.504621708161,13.0286288770747],[77.5051702059715,13.0286236210786],[77.5053486684205,13.0280846070714],[77.5053447244311,13.027725433731],[77.5056180706277,13.0272724067801],[77.5055773297173,13.0271827899219],[77.5054164887385,13.0270372286768],[77.5053402771933,13.0270031163456],[77.5052271149715,13.0269522239392],[77.5050565244648,13.0269428147894],[77.504970004089,13.0269223019365],[77.5048789697514,13.0269227050843],[77.5046477450289,13.0267571248317],[77.5045101626464,13.0266577701119],[77.5045058170987,13.0262099293101]]]}},{"type":"Feature","properties":{"kgisWetlandId":3655,"wetlandCode":"1202","wetlandClass":"Tank/Pond","forestBeatId":2297,"areaM2":52920,"shapeAreaM2":52995.9,"shapeLengthM":1163.1,"labelPoint":[77.774305,13.029547],"source":"kgis-wetlands"},"geometry":{"type":"Polygon","coordinates":[[[77.7758347734317,13.0285158073667],[77.7757662899283,13.0282230955754],[77.7757100560841,13.0280590726315],[77.7756043656777,13.0279111310263],[77.7755197603201,13.0278240651394],[77.7754597814879,13.0278130984906],[77.7753782199052,13.0278570278235],[77.7752981419283,13.0279596799112],[77.7752079308876,13.0281041762163],[77.7750668426075,13.0282173262329],[77.7748290032955,13.0283372189444],[77.7746289459734,13.0284139864547],[77.7744769197235,13.0284266778447],[77.7744215725069,13.0284196395425],[77.7743189521702,13.0284072125805],[77.7741673655541,13.0282934056897],[77.7741184985271,13.0282095308969],[77.7740344586459,13.0280185522835],[77.7739901339365,13.0279227936121],[77.7739184893321,13.027886479052],[77.7738319867065,13.0278717049677],[77.7737664317048,13.0278935237046],[77.7737070303041,13.0279847673923],[77.7736972685503,13.0285015345658],[77.7736839726521,13.0287997761093],[77.7736905236321,13.0293486420865],[77.7737218487317,13.0295907328429],[77.7737435057086,13.0297532514387],[77.773812958611,13.0302181953517],[77.7738345403359,13.0303671614335],[77.7739870875117,13.0308553697016],[77.7740932554798,13.0310880147816],[77.7742234900957,13.0312973756444],[77.7742881622314,13.0313229989551],[77.7743700298127,13.0313332795578],[77.7746037470821,13.0312992463031],[77.7748809976181,13.0312203630985],[77.7749289703012,13.0311455580603],[77.7749491108632,13.0310392809251],[77.7749472388062,13.0309116668075],[77.7748803019691,13.0306889709504],[77.7747781943316,13.0303591723668],[77.7747642611431,13.0301361876299],[77.77475135479,13.0298911718752],[77.7747575606343,13.0297657719124],[77.7747732715812,13.0296911427705],[77.7748005930969,13.0296322640166],[77.7749404410207,13.0295033075888],[77.7751888570912,13.0294200641791],[77.7754408683236,13.0293610819866],[77.7756622503289,13.0291836786698],[77.7757158634849,13.0290873839188],[77.7757739588376,13.0289690401044],[77.7758113180456,13.0288513746971],[77.7758427067514,13.0286964719906],[77.7758347734317,13.0285158073667]]]}},{"type":"Feature","properties":{"kgisWetlandId":3678,"wetlandCode":"1202","wetlandClass":"Tank/Pond","forestBeatId":2297,"areaM2":57822,"shapeAreaM2":57902.8,"shapeLengthM":946.3,"labelPoint":[77.746803,13.033676],"source":"kgis-wetlands"},"geometry":{"type":"Polygon","coordinates":[[[77.7474007991529,13.03209790367],[77.7471634427199,13.032100308097],[77.7469616728236,13.0322866194945],[77.7467777238764,13.0325699662416],[77.7465411918275,13.0327214515471],[77.7461484876172,13.0329703424601],[77.7459417705902,13.0330956894372],[77.7457066275121,13.0332900857025],[77.7456199832096,13.033458272426],[77.7456312249158,13.0336157690564],[77.7457321424107,13.0337366421778],[77.7465529600652,13.0346403058652],[77.7467823603654,13.0348655265964],[77.747072873545,13.0350983252026],[77.747319695059,13.0351399186119],[77.7475477851743,13.0351285279592],[77.7477124396887,13.0351061836414],[77.7477561949671,13.0351003019766],[77.7478928221092,13.035010906424],[77.7480300670234,13.0348249402044],[77.7480473928352,13.0346243717476],[77.7480476576342,13.0342561738695],[77.7479440293888,13.0338540864132],[77.7479113137484,13.0335645607588],[77.7478974647731,13.0331444844633],[77.747893412531,13.0328288274915],[77.7478804826624,13.0325747733082],[77.7478196502073,13.0324096371852],[77.7477686133791,13.0323489222141],[77.7477094583848,13.0322786503329],[77.7475798287046,13.0321748728867],[77.7474007991529,13.03209790367]]]}},{"type":"Feature","properties":{"kgisWetlandId":3684,"wetlandCode":"1202","wetlandClass":"Tank/Pond","forestBeatId":2377,"areaM2":232047,"shapeAreaM2":232301.2,"shapeLengthM":1972.7,"labelPoint":[77.550603,13.034905],"source":"kgis-wetlands"},"geometry":{"type":"Polygon","coordinates":[[[77.5486884396988,13.0319691319075],[77.5484991926961,13.0319140925458],[77.5482158950567,13.0319526708353],[77.5480839926287,13.0320831726166],[77.5477342389837,13.0324456617749],[77.5476199919424,13.0326545836017],[77.5473690052513,13.0331900008557],[77.5470969421687,13.0338983301414],[77.5473704418039,13.0342240677162],[77.5477783727303,13.0347090135954],[77.5484341143764,13.0352046775197],[77.5492494593127,13.0358210258717],[77.5499838514667,13.0363761882544],[77.5509397824809,13.0374753158739],[77.5517178236405,13.0377563624174],[77.5523293767881,13.0376801194332],[77.552493242879,13.0374856507294],[77.5526993297607,13.0369611680102],[77.5533782176863,13.0357788157124],[77.5533715393351,13.0351017014328],[77.5524975104358,13.0342625569392],[77.5490205671326,13.0322646654096],[77.5486884396988,13.0319691319075]]]}},{"type":"Feature","properties":{"kgisWetlandId":3690,"wetlandCode":"1202","wetlandClass":"Tank/Pond","forestBeatId":2373,"areaM2":91125,"shapeAreaM2":91247.1,"shapeLengthM":1327.2,"labelPoint":[77.709357,13.035702],"source":"kgis-wetlands"},"geometry":{"type":"Polygon","coordinates":[[[77.7104827558405,13.0370276781578],[77.7104799721415,13.036724998689],[77.7104757600402,13.0363709378229],[77.7105730113567,13.0358141723595],[77.7109323013237,13.0355576011566],[77.7112882027309,13.0351000037954],[77.7112837204134,13.0346962479315],[77.7110208633904,13.0342441472644],[77.710845934188,13.0338576603102],[77.7107219604934,13.0339458401875],[77.7106176424715,13.0340463428649],[77.7105179117657,13.0341428688026],[77.7103641350947,13.0342600059316],[77.7103514774224,13.0342634609747],[77.7100189307163,13.0343504733811],[77.7096857381555,13.0343177660057],[77.7095101921383,13.0342441395984],[77.7093669786974,13.0341833329834],[77.7090066181083,13.0340270923583],[77.7089546382586,13.0340036449001],[77.7088957416125,13.0339796690651],[77.7088576381442,13.0339651858397],[77.7086152028042,13.0338811770711],[77.7086469757761,13.0342181540946],[77.7084953613054,13.0345233336923],[77.7081868343887,13.0345774643234],[77.7079289982004,13.0346296353195],[77.7079334766025,13.035033957797],[77.7079399190858,13.0355890515347],[77.7080987984054,13.035991438163],[77.708463118521,13.0362408392064],[77.7087223084345,13.0364399631277],[77.708986590642,13.0369428842163],[77.7093080705058,13.0369395106795],[77.7093993645187,13.0369881647031],[77.7096597084546,13.0371872816343],[77.7101268565356,13.0374864043141],[77.7103849598333,13.0374833595062],[77.7104847230751,13.0371790145749],[77.7104827558405,13.0370276781578]]]}},{"type":"Feature","properties":{"kgisWetlandId":3711,"wetlandCode":"1202","wetlandClass":"Tank/Pond","forestBeatId":2381,"areaM2":97382,"shapeAreaM2":97483.3,"shapeLengthM":1284.5,"labelPoint":[77.511755,13.04176],"source":"kgis-wetlands"},"geometry":{"type":"Polygon","coordinates":[[[77.5138252607788,13.0428425822861],[77.5141069099864,13.042691659778],[77.5141988003444,13.0423755449835],[77.5141764382098,13.0420237973842],[77.5139650853225,13.0416734583273],[77.5137360678786,13.0414909352648],[77.5133166491257,13.0412533497726],[77.5130122175636,13.0409604687506],[77.5125558402643,13.0407049739745],[77.512082222064,13.0407099137502],[77.5116854677912,13.0406393950012],[77.511268059302,13.0405881702288],[77.5109085225264,13.0405914687369],[77.5105688294708,13.0406500246923],[77.5104202135176,13.0409110444567],[77.5100624233048,13.0410442306179],[77.5096477441743,13.0410856119953],[77.5094591815753,13.0411802029654],[77.5094053929853,13.0415136541125],[77.5095221623376,13.0418469105758],[77.5097711102835,13.0421038985852],[77.5100386709542,13.0423986430393],[77.5103240664282,13.0425617174052],[77.5107026397169,13.0426876658217],[77.5113289713363,13.0428113783135],[77.5117817714489,13.0427890260846],[77.5123118615536,13.0427838342811],[77.5127459616895,13.042705086752],[77.5134276913814,13.0428460546434],[77.5138252607788,13.0428425822861]]]}},{"type":"Feature","properties":{"kgisWetlandId":3728,"wetlandCode":"1202","wetlandClass":"Tank/Pond","forestBeatId":2257,"areaM2":223706,"shapeAreaM2":223932.6,"shapeLengthM":2305.0,"labelPoint":[77.496915,13.043107],"source":"kgis-wetlands"},"geometry":{"type":"Polygon","coordinates":[[[77.4937420632873,13.0446513520218],[77.4938547466997,13.04459494413],[77.4939780523104,13.0445938369811],[77.4942014682237,13.0445589697574],[77.4944701967395,13.0446057931134],[77.4945557077851,13.0446568103007],[77.4946285194915,13.0447028008796],[77.4947505763237,13.0449349486099],[77.4948460345829,13.0448921702456],[77.4961673617043,13.0450320634037],[77.496318390203,13.0450449528927],[77.4965877072261,13.0447128118157],[77.4969021132386,13.044666809703],[77.4972948376136,13.0446102963488],[77.4978013435362,13.0447396517655],[77.498126715827,13.0448246263099],[77.4984101422567,13.0450622717445],[77.4987872477949,13.0451193429119],[77.4993712312382,13.0450529453493],[77.4999356270941,13.0449871974559],[77.5004329266121,13.0446122520747],[77.5005954778893,13.0441184923318],[77.5004822806937,13.0433012102502],[77.5000783634057,13.0426693275981],[77.4997865849637,13.0423684667901],[77.4994996859484,13.0423804643924],[77.4991982722549,13.0424953134257],[77.4985373151121,13.042359299099],[77.4980633352909,13.0422857119191],[77.4979676163559,13.0422708852857],[77.4978095938671,13.0422399553026],[77.4976528236725,13.0422310456861],[77.497484773193,13.0422758390828],[77.4970617955695,13.0425216826239],[77.4968938490456,13.0425896302922],[77.496760172497,13.0425907845119],[77.4961517256189,13.0423438377845],[77.4951058112183,13.0419423745273],[77.4949930213107,13.0419750616173],[77.4946815726026,13.0416550794111],[77.4946456843338,13.0416190922418],[77.4944743884305,13.0414560634718],[77.4943976984702,13.0413169028906],[77.4943133725733,13.041272656547],[77.4942984009061,13.041274980969],[77.4942166363769,13.0412877664658],[77.4941557318068,13.0413258737201],[77.4940729602489,13.0413708540574],[77.4939703987531,13.0413718695013],[77.4940232521903,13.0418466063201],[77.4938215674653,13.0423540902109],[77.4935694028836,13.0429120598752],[77.4933672590647,13.0433184524802],[77.4931651126969,13.0437242794662],[77.4931729169098,13.044431334338],[77.4931777307321,13.0449864800027],[77.4932687860378,13.045244179134],[77.4934111571074,13.0451266466857],[77.4935989539766,13.0448603804433],[77.4937420632873,13.0446513520218]]]}},{"type":"Feature","properties":{"kgisWetlandId":3740,"wetlandCode":"1202","wetlandClass":"Tank/Pond","forestBeatId":2373,"areaM2":2149460,"shapeAreaM2":2152390.7,"shapeLengthM":10451.9,"labelPoint":[77.727335,13.031521],"source":"kgis-wetlands"},"geometry":{"type":"Polygon","coordinates":[[[77.7232429534224,13.0407420151723],[77.7235415501662,13.0399215883422],[77.7238049594127,13.0391996079977],[77.7240388417388,13.0385574110806],[77.7246229217019,13.0381076270833],[77.724777413886,13.0381226232309],[77.7250342739854,13.0381031937068],[77.7257670682233,13.0378773816723],[77.7266262274538,13.0375803089146],[77.7269402106488,13.0374707853029],[77.7270746421383,13.0373994828109],[77.7272253345795,13.0373518129301],[77.7277413671764,13.037103424245],[77.727819444526,13.0370521868285],[77.7282545910664,13.0367630010915],[77.7289916040993,13.0360452842367],[77.7292696730683,13.0359009346096],[77.7295156601963,13.0357900747314],[77.7297295868606,13.0357166556575],[77.7300002376088,13.0356909362982],[77.7300716227452,13.0356803921881],[77.7297963650226,13.033387382253],[77.7296164985023,13.0318912544809],[77.7296486620137,13.0318730139201],[77.7298255593712,13.0317715548481],[77.7302261570679,13.0310663495494],[77.7304758401217,13.0299463084787],[77.7306660154457,13.0284798429916],[77.7303464922238,13.027573462637],[77.7304397349198,13.0267134590811],[77.730495934722,13.0266657249385],[77.7316667857117,13.0256407514806],[77.7342828474782,13.0242494932976],[77.7353658965754,13.024238084708],[77.7353631720991,13.0237411437924],[77.7350877833831,13.0229000429515],[77.7336288160791,13.0184385840424],[77.7335397632231,13.0181674255581],[77.7335034268279,13.0180546744874],[77.7333721883494,13.0176544182048],[77.733239881384,13.0176906976106],[77.732436039569,13.0177649924894],[77.732120658755,13.0178248325401],[77.7319113707637,13.0179010509085],[77.7315979146133,13.0181020613922],[77.73152940963,13.0182170640898],[77.7310178529136,13.0182226008053],[77.7307099002542,13.0183767096519],[77.7303005107767,13.0187346553603],[77.7299967975712,13.0192433863497],[77.7298990385444,13.0196985071419],[77.729387378355,13.0201078192019],[77.7290881902595,13.0208130495637],[77.7286979521294,13.0208806240076],[77.728162143284,13.0208772479447],[77.7268779134363,13.0207598035693],[77.726223217795,13.0207180861727],[77.7261076845304,13.0208728673815],[77.725921298099,13.020923548048],[77.7256279591321,13.0210120654224],[77.7255210473469,13.0210572432688],[77.7249129086117,13.0213134513582],[77.7243679293987,13.021742696804],[77.7240656912703,13.0218899903048],[77.7237812087432,13.0219123863394],[77.7235104093771,13.0219081675034],[77.7234078469268,13.0219058849626],[77.7229166053786,13.021834497633],[77.7224929707365,13.0216944194779],[77.7223289103639,13.0216128345441],[77.7217736416209,13.0220579406489],[77.7211585417671,13.0225191720679],[77.7206961860712,13.0226752122654],[77.7204423174437,13.0230311961879],[77.7202926961361,13.0234877176722],[77.7205051382717,13.0239914643207],[77.7209206868113,13.0243399701562],[77.7225311727177,13.0253333073996],[77.7238850063488,13.0263799408433],[77.7245104843953,13.0269786354542],[77.7247220598109,13.0275326412962],[77.7247310666121,13.0283407152786],[77.7247559441911,13.0305825397863],[77.7247631423105,13.0312697704739],[77.7245659034914,13.0320800622347],[77.7245751882753,13.0329389598496],[77.7246861942011,13.0336448434585],[77.7250971963574,13.0344236843652],[77.7248247325591,13.0353857207651],[77.7247389130258,13.035919837708],[77.7247011802856,13.0366084363004],[77.7247077863942,13.0371866790136],[77.7244448456923,13.0371474076499],[77.723973172759,13.0370781798442],[77.7234530627096,13.0370013017247],[77.7227981584249,13.03650554237],[77.7222161496457,13.0360647399606],[77.7217464809947,13.0367878056057],[77.721075477509,13.0373583280811],[77.7206769533548,13.0380273690533],[77.7202852604112,13.0386816902049],[77.7199792239721,13.0391949429796],[77.7201545214781,13.0398581361774],[77.7181621217832,13.0407032905283],[77.7170348671253,13.040439844869],[77.7167892526318,13.0393450032308],[77.7159661763294,13.0390737413437],[77.7143442756941,13.0385401188471],[77.7137059493751,13.0391912066118],[77.7136334706689,13.0402792500999],[77.7144334586264,13.0403292676638],[77.7154663051709,13.0403955659392],[77.7158111881062,13.0406704716049],[77.7150097617867,13.0416330190697],[77.7158056375313,13.0436900889385],[77.7167307569586,13.0447141557464],[77.7179993586785,13.0451140862526],[77.719948160859,13.0449344059898],[77.7203823663879,13.0444679131257],[77.7211339220586,13.0426009246489],[77.7220244240388,13.0414944488395],[77.7226744558652,13.0410923225161],[77.7232429534224,13.0407420151723]]]}},{"type":"Feature","properties":{"kgisWetlandId":3741,"wetlandCode":"1202","wetlandClass":"Tank/Pond","forestBeatId":2373,"areaM2":64578,"shapeAreaM2":64667.1,"shapeLengthM":1085.8,"labelPoint":[77.740453,13.043844],"source":"kgis-wetlands"},"geometry":{"type":"Polygon","coordinates":[[[77.7391973599655,13.0422904372271],[77.7391025937026,13.0422406847403],[77.7390335092783,13.0422506535294],[77.738974428944,13.0424034438316],[77.7389770249618,13.0426654601978],[77.7390156610398,13.042985451372],[77.7390448024882,13.0432552318062],[77.7391149638006,13.043440650054],[77.7392338546261,13.0436862320461],[77.7392560154755,13.0437346808277],[77.7392929463569,13.0439541587128],[77.7393565335542,13.0442011671029],[77.7393690912688,13.0445980983591],[77.7394670887494,13.0448161219709],[77.7395369703121,13.0449507159059],[77.7397239184965,13.0449994123262],[77.7403957883827,13.0450093729333],[77.7406818317671,13.0450569728442],[77.7408112539604,13.045122353553],[77.7409593034603,13.0452220811934],[77.7411579218121,13.0452972550915],[77.7413996597517,13.0452513489416],[77.7416922034906,13.0452238045856],[77.7419071179141,13.0451198757574],[77.7420603545977,13.0449067200623],[77.7421353778729,13.0447199603488],[77.7421425152936,13.0445516354204],[77.742131159562,13.0443732455466],[77.7420424217924,13.0441630799561],[77.7418686050093,13.0439878173897],[77.7408650245128,13.0433799025071],[77.7399446973101,13.0428229281823],[77.739501616447,13.0425073596809],[77.7391973599655,13.0422904372271]]]}},{"type":"Feature","properties":{"kgisWetlandId":3750,"wetlandCode":"1202","wetlandClass":"Tank/Pond","forestBeatId":2375,"areaM2":384674,"shapeAreaM2":385127.1,"shapeLengthM":3081.3,"labelPoint":[77.606812,13.045985],"source":"kgis-wetlands"},"geometry":{"type":"Polygon","coordinates":[[[77.6057482995251,13.0470889577019],[77.6061612951927,13.0469446475025],[77.6062119488539,13.0469342365801],[77.6062614485063,13.0469232672152],[77.6063634737176,13.0470464536061],[77.6065697434047,13.0470443283184],[77.6070594890899,13.0470391365615],[77.6079898130684,13.0471057964858],[77.6084815900149,13.0472767929545],[77.6089208877725,13.0473232344905],[77.6096189422805,13.0474932313008],[77.6100228892038,13.0476143889043],[77.6104962565766,13.0475601373663],[77.6108327403942,13.0475562472965],[77.6112432449764,13.0473752313929],[77.6116017686506,13.047169619252],[77.6121111523609,13.0464821093887],[77.6122762682118,13.0458550043363],[77.6123588442226,13.0455451226774],[77.612630874464,13.0444052741982],[77.6126515240868,13.0439257035607],[77.6126240092478,13.0437236580379],[77.6125441890862,13.0436624876406],[77.6124932936618,13.043624332477],[77.6121843393497,13.0436015479329],[77.6112560704112,13.0437127879752],[77.6093527601729,13.0442624740187],[77.6084417712287,13.0443736215716],[77.6075492115777,13.0444829812638],[77.606776998934,13.0446928472876],[77.6063647160444,13.0447479258342],[77.6061330955381,13.0447501740723],[77.6060316897346,13.0447512289148],[77.6056949183426,13.044696380696],[77.604976397816,13.0445801224277],[77.604592507587,13.044551478401],[77.604154994835,13.0446315233206],[77.603782169543,13.0447423168904],[77.6029235044313,13.0449486352024],[77.6025629111247,13.0449701387662],[77.6021620825328,13.0450116020575],[77.6019428520271,13.0451888582602],[77.6017629039103,13.0453862568763],[77.6017041475215,13.0456220401908],[77.6012652229511,13.0461154836911],[77.6012479654941,13.046586566228],[77.6014695301658,13.0468802987741],[77.6017918222428,13.0470357478601],[77.6023321906376,13.0470133786895],[77.6026342277253,13.0472671902007],[77.6030565053379,13.0475994869309],[77.6034992491675,13.0481078854823],[77.6040823727112,13.0483405729707],[77.6045027970798,13.0482990123875],[77.6048630073989,13.0481995734979],[77.605081940245,13.0479624514814],[77.6051207136124,13.0476482649884],[77.6052905844894,13.047278663925],[77.6057482995251,13.0470889577019]]]}},{"type":"Feature","properties":{"kgisWetlandId":3767,"wetlandCode":"1202","wetlandClass":"Tank/Pond","forestBeatId":2297,"areaM2":51467,"shapeAreaM2":51540.4,"shapeLengthM":883.9,"labelPoint":[77.761656,13.048904],"source":"kgis-wetlands"},"geometry":{"type":"Polygon","coordinates":[[[77.7627601108745,13.0480545747696],[77.7627722928611,13.0479664117803],[77.7627966306155,13.0477855712997],[77.7626996622641,13.0477550387888],[77.7623770256588,13.0477584865084],[77.7620885145389,13.0478882453901],[77.761669613358,13.0479870872471],[77.7610900210241,13.0479936237541],[77.7610542990241,13.0479938180986],[77.7608964384002,13.047995804004],[77.7608001755836,13.0480911995021],[77.7607014255774,13.0483599757675],[77.7606243373086,13.0483812885803],[77.7605788710249,13.0484933491889],[77.7605337760872,13.0486720446243],[77.7605366290315,13.0489758457221],[77.7605664065486,13.0497668511705],[77.7606206931216,13.0499952658902],[77.761817539399,13.0499147878661],[77.7619142484194,13.0498990156112],[77.7620385952281,13.0498797043309],[77.7622481594563,13.0498503294801],[77.7623885169871,13.0498094709068],[77.7625091404951,13.0497427442669],[77.7626329429909,13.0496263038371],[77.7627049782442,13.049525957963],[77.7627309235424,13.0494264269234],[77.7627634173901,13.0492613534374],[77.7627782967753,13.0488320886048],[77.7628038761457,13.0486670528569],[77.762822502598,13.0484952776554],[77.7628205789184,13.0483574979386],[77.7628186473063,13.048218588254],[77.7627971687681,13.0480871256514],[77.7627601108745,13.0480545747696]]]}},{"type":"Feature","properties":{"kgisWetlandId":3773,"wetlandCode":"1202","wetlandClass":"Tank/Pond","forestBeatId":2506,"areaM2":682729,"shapeAreaM2":683510.7,"shapeLengthM":3811.6,"labelPoint":[77.585685,13.048202],"source":"kgis-wetlands"},"geometry":{"type":"Polygon","coordinates":[[[77.5897193516473,13.0491848556742],[77.5901302466568,13.0490789822208],[77.5909051360693,13.0491729867482],[77.5913049467912,13.0493913306919],[77.5913807641349,13.0493418354389],[77.5915102212773,13.049185911451],[77.5915662582977,13.0488637362782],[77.5915569249775,13.0486062549557],[77.591501655399,13.0483811828279],[77.5913339459458,13.0480228027564],[77.5909027194965,13.0472737435289],[77.5906917005428,13.0470132705638],[77.590603930233,13.0465059784684],[77.5904457080674,13.0459668319761],[77.5903722061993,13.0450793947094],[77.5903000386715,13.0442286594487],[77.5898484243961,13.0440195958771],[77.5894301247147,13.0440238492402],[77.5889965112038,13.0441953407722],[77.5887914546584,13.0444448078863],[77.5882249983033,13.0445519839014],[77.588023015438,13.0449584358818],[77.587663070937,13.0451131970056],[77.5873450234536,13.0451164048734],[77.5873118484224,13.0451662602336],[77.5871718306766,13.0452838304228],[77.5869428685219,13.0453589015388],[77.5866997232413,13.0453611880635],[77.5865289575558,13.0453185140442],[77.5862543132079,13.0452424483755],[77.5858974541647,13.0450860150264],[77.5856533642911,13.044895158918],[77.5856244382238,13.0448715764968],[77.5853630154856,13.044671202087],[77.5843613450654,13.0450955687312],[77.5836957009706,13.0456589601273],[77.583139926784,13.0467752864922],[77.5830022660836,13.0471402043874],[77.5818564013725,13.0473020711584],[77.5807047702545,13.0474633961639],[77.5797115259572,13.0484389050445],[77.5795423765671,13.0494387511753],[77.5793989653993,13.0502809108557],[77.5792656639077,13.0510693704726],[77.5791726851784,13.0516187490744],[77.5797508401867,13.0522530548201],[77.5811290910776,13.0522391897288],[77.5833975751158,13.0516303646902],[77.5850576254836,13.0505630092393],[77.585963712226,13.0503841954617],[77.5876604922118,13.0497611091201],[77.5897193516473,13.0491848556742]]]}},{"type":"Feature","properties":{"kgisWetlandId":3790,"wetlandCode":"1202","wetlandClass":"Tank/Pond","forestBeatId":2373,"areaM2":3698900,"shapeAreaM2":3703688.0,"shapeLengthM":17313.1,"labelPoint":[77.695082,13.048426],"source":"kgis-wetlands"},"geometry":{"type":"Polygon","coordinates":[[[77.7053730108446,13.0509037397951],[77.705964209797,13.0504799334416],[77.7081553988923,13.0510032863502],[77.7093854235874,13.0512972897352],[77.7108226782819,13.0506996275192],[77.7118333494932,13.0502792587392],[77.7114284340834,13.0493456288437],[77.7107959652864,13.0478846056084],[77.7119629925707,13.0473984761309],[77.713028841894,13.0469557904775],[77.7135818823476,13.0467253051581],[77.7131781201996,13.045791672184],[77.7129634072905,13.0452958381657],[77.7114836538186,13.0459123687688],[77.7096922938961,13.0466570190041],[77.7085505546912,13.0471317117554],[77.7062886032636,13.0473722401455],[77.7055756993848,13.0474488082686],[77.7054497024229,13.0463041976653],[77.7038799037873,13.0456075978289],[77.7028338541475,13.0463070951831],[77.7020266317604,13.0468460926762],[77.7013754618171,13.0479060857223],[77.7006425403567,13.0474733608955],[77.7003736963128,13.0463328753809],[77.69973583054,13.045788401536],[77.6984706070825,13.0458017439384],[77.6972707960135,13.0453324640623],[77.6965675364472,13.045056566492],[77.695455498225,13.0446223998754],[77.6945246071319,13.0448790846224],[77.6935368221362,13.0444064296064],[77.6920592150712,13.0443530704363],[77.6914177586348,13.0444297956055],[77.6914062957898,13.0442242932183],[77.6913712662556,13.0441380699019],[77.6912935350738,13.0440396436203],[77.6910495429891,13.0438805176261],[77.6906456458781,13.0442067559509],[77.6901840358972,13.04451522034],[77.6897751590278,13.0447720224156],[77.6892589296236,13.044777505427],[77.6886367686759,13.0445819234278],[77.6883276838148,13.0445343839866],[77.6878621582077,13.0445396028512],[77.6875034420271,13.0446944909832],[77.6873495710319,13.0447974988432],[77.6871452643733,13.0449510274753],[77.6868918636389,13.0454086333266],[77.6865714658496,13.0458360883876],[77.6860283209096,13.0457643365977],[77.6855356450921,13.0456482742307],[77.6850029998303,13.0456007488723],[77.6846080409929,13.0456581204211],[77.6844516065403,13.0457125728776],[77.6841545045685,13.0459699212785],[77.6838437872565,13.046268000095],[77.683559141853,13.0464840584702],[77.6832079729599,13.0465417679838],[77.6831239264192,13.0465563176934],[77.6826732299217,13.0465337805826],[77.6821408625858,13.0465393333838],[77.6807974787739,13.0465930864143],[77.6801300540639,13.0467738285073],[77.6799285162245,13.0470165654685],[77.6797954559583,13.0473521319351],[77.6795955610045,13.0476880420569],[77.6792856800329,13.048146495026],[77.6789786607458,13.0487105398611],[77.6788094563655,13.0491852154594],[77.6762776734345,13.048749184039],[77.6743045564977,13.0487050301516],[77.6743195660451,13.0480515565456],[77.6743534421136,13.0466017119335],[77.6738766077096,13.0459902741712],[77.6732338949255,13.045170728564],[77.6715394862753,13.0444293791438],[77.6700978053212,13.0444163722929],[77.6693775432889,13.0452919793062],[77.6686034514205,13.0462322372316],[77.6681116603684,13.0458433693188],[77.6671361842018,13.0450723667838],[77.6658972043763,13.0450379799692],[77.6658747545277,13.0458157337913],[77.6652373949197,13.045797500249],[77.6646323072859,13.045780229977],[77.6624874197379,13.0457199091434],[77.6600278939409,13.0456521212216],[77.6564423230557,13.0455515685277],[77.6524843256663,13.0445176244607],[77.6498866202194,13.0442454309409],[77.6489792068491,13.0441494411906],[77.6489087680835,13.0447935963958],[77.6477892015067,13.044675508642],[77.6476604035197,13.0458485509153],[77.6489944356202,13.0466613247257],[77.6499888919409,13.0466507077143],[77.6514638668554,13.0466354214855],[77.6530188063709,13.0473770404917],[77.6553391534406,13.047490771677],[77.6556512354768,13.0487858428101],[77.6554666434681,13.0498592069136],[77.6564896951931,13.0500280046519],[77.661207047851,13.0508056117825],[77.6619055184863,13.0503847465823],[77.6621701440001,13.0491946402479],[77.6626631512482,13.048931242172],[77.6632366226668,13.0499578602287],[77.6647856419709,13.0502171493142],[77.6657939210403,13.0497619520835],[77.6667113679377,13.0500097431314],[77.6690586540362,13.050643897461],[77.6705173442835,13.0510374512008],[77.6728669548226,13.0516721223171],[77.6745045285555,13.0521133099823],[77.676467552432,13.0526437472127],[77.6771397305034,13.0527058229252],[77.6779194420067,13.0528362464096],[77.6786271629576,13.0528636894824],[77.6789815064842,13.0527506243282],[77.6790150510629,13.0527741719441],[77.6791786824442,13.0527722055321],[77.6795472883171,13.0527415187412],[77.6799701260562,13.0527235417332],[77.6801415732654,13.0526740972991],[77.6812139917191,13.0525855892219],[77.6821523922004,13.0524328207142],[77.6831575632207,13.0520492944587],[77.6845137398726,13.05114102159],[77.6846842834797,13.0511390171706],[77.6853030834911,13.0511324496109],[77.6856632309113,13.0510283822252],[77.6864860743834,13.0508174599072],[77.6874644805613,13.050605169808],[77.6885449028193,13.0502901344341],[77.6892063371669,13.0502833387217],[77.6892662596301,13.0502830299888],[77.6899929457827,13.0506282870672],[77.6906680535613,13.0510257645101],[77.69128739243,13.0511208310773],[77.691597638259,13.0511683613839],[77.691749162237,13.0508405994856],[77.6925571548008,13.0513051533011],[77.6937505956407,13.0512233106309],[77.695147416523,13.05038254269],[77.6969738453976,13.0503634822709],[77.6981711065515,13.0503510624675],[77.6991603909384,13.0510981461469],[77.7005396078938,13.0521385535832],[77.701430553675,13.0528110299473],[77.7030426255633,13.0525727965419],[77.7045062915204,13.051523812182],[77.7053730108446,13.0509037397951]]]}},{"type":"Feature","properties":{"kgisWetlandId":3791,"wetlandCode":"1202","wetlandClass":"Tank/Pond","forestBeatId":2257,"areaM2":253810,"shapeAreaM2":254061.2,"shapeLengthM":2267.8,"labelPoint":[77.479356,13.051399],"source":"kgis-wetlands"},"geometry":{"type":"Polygon","coordinates":[[[77.4796126479865,13.0478927344288],[77.478946420599,13.0476104177025],[77.4783214697167,13.0477972445035],[77.4782909487185,13.0484474270954],[77.4782971420841,13.0490607419248],[77.4781966224788,13.0500371004226],[77.4780899070496,13.0503995812613],[77.4775011804884,13.0504411029829],[77.477208441623,13.0506970841496],[77.4772110416134,13.051021815697],[77.477325107238,13.0512737738595],[77.4775484922395,13.0514885481558],[77.4776248493635,13.0518129606098],[77.4775900906765,13.052029981847],[77.4774094495053,13.0523555083254],[77.4771537486081,13.0526474730058],[77.4770837460445,13.0529730852062],[77.4772333748525,13.053188179335],[77.4775659213809,13.0533296245261],[77.4779751713505,13.0536147529271],[77.4779777750363,13.05394004979],[77.4779839703777,13.0545539273875],[77.4781342474384,13.0549135994038],[77.47854202607,13.0551264430088],[77.4788372141837,13.0551601770136],[77.4791320773359,13.0551210562234],[77.4794990582211,13.0549726235532],[77.4798624447357,13.0545356065061],[77.4803005782194,13.0540621187929],[77.4809958624881,13.0536219647543],[77.4812907230587,13.0535828418837],[77.481728020909,13.0531810822202],[77.4817950850959,13.0524578851517],[77.4816779287687,13.051773894309],[77.4811572368255,13.0513090937958],[77.4805998318919,13.0508811626585],[77.4803740009608,13.0503772398762],[77.4803660009064,13.0496187884741],[77.4803945593486,13.0487884525782],[77.4803162392028,13.0482833235378],[77.4796126479865,13.0478927344288]]]}},{"type":"Feature","properties":{"kgisWetlandId":3823,"wetlandCode":"1202","wetlandClass":"Tank/Pond","forestBeatId":2373,"areaM2":95602,"shapeAreaM2":95736.1,"shapeLengthM":1714.9,"labelPoint":[77.753605,13.055476],"source":"kgis-wetlands"},"geometry":{"type":"Polygon","coordinates":[[[77.7542726875923,13.0548111135044],[77.7545369849143,13.0542630380299],[77.7547715155788,13.0539568228778],[77.7547123081736,13.0538786469017],[77.7546983607953,13.0538572629896],[77.7548318473458,13.0536165359062],[77.7549909614975,13.053425366644],[77.7549561332217,13.0531725615579],[77.7546758730483,13.0531305937526],[77.7545686078884,13.0531136682689],[77.7538587884336,13.0531214571216],[77.7524403009914,13.0531364602786],[77.7524428605813,13.0533894398871],[77.7524470986219,13.053736719581],[77.7524815723452,13.0539262784325],[77.7524863320139,13.0543672959871],[77.7525209821173,13.0545884792307],[77.7525878942432,13.054808921491],[77.7527492171964,13.054806921951],[77.7531396625509,13.0549759215695],[77.7532660801657,13.055120935457],[77.7532385778423,13.0551487553601],[77.7531409421934,13.0552057543042],[77.7531868090851,13.0553715335073],[77.7531948897848,13.055581000615],[77.7531842902849,13.0557470839822],[77.753155294547,13.055920609744],[77.7530996850217,13.0560745132986],[77.7530632934885,13.0561616751138],[77.7529746962806,13.0563931235716],[77.7524469069612,13.0570149044935],[77.7521547774088,13.0573259467631],[77.7520678178402,13.057437665458],[77.752062570256,13.0575303085248],[77.7521137211557,13.0576102221465],[77.7522030657781,13.0577198594685],[77.7523418576602,13.0578105938679],[77.7524434705095,13.0578467522751],[77.7526945713723,13.0578250659009],[77.7529673822725,13.0577699445648],[77.7541786802824,13.0573799541149],[77.7543730918052,13.05731847906],[77.7546225209085,13.0572036210263],[77.7547474755949,13.0570860488314],[77.7548651329642,13.0568996208843],[77.7549197583015,13.0567762165758],[77.7547836452059,13.0565459846981],[77.7546574780551,13.0564461471071],[77.7545279523595,13.0563638335628],[77.7543280534675,13.0562677840882],[77.7540695464107,13.0562008505818],[77.7539839202052,13.0561380649655],[77.7539175396215,13.0560136211663],[77.7539100785385,13.0559154009592],[77.7539707893828,13.0556428790324],[77.7540669070976,13.0553136938098],[77.7541785886901,13.0550888979763],[77.7542726875923,13.0548111135044]]]}},{"type":"Feature","properties":{"kgisWetlandId":3852,"wetlandCode":"1202","wetlandClass":"Tank/Pond","forestBeatId":2505,"areaM2":189538,"shapeAreaM2":189750.0,"shapeLengthM":2007.1,"labelPoint":[77.567577,13.060708],"source":"kgis-wetlands"},"geometry":{"type":"Polygon","coordinates":[[[77.5709928173504,13.0587986071966],[77.5704865953851,13.0582627755157],[77.5702563915133,13.0580842653551],[77.5698456203528,13.0582211695173],[77.5696185196401,13.0584464427944],[77.5689316606426,13.058449666182],[77.5685202369161,13.0584515955358],[77.5679726836693,13.0589025770148],[77.5676544646187,13.05935248292],[77.5671988885683,13.0597584171014],[77.5666959141697,13.0598951848289],[77.5661943097483,13.0600771249144],[77.5655554852492,13.0604833494596],[77.5653283060859,13.0609328268118],[77.5653313298733,13.0615608198527],[77.5653343539823,13.0621888128633],[77.5655193234174,13.0625465660942],[77.5661618261383,13.0629027436166],[77.5665293916602,13.063125229617],[77.5668056240222,13.0635271705437],[77.567080992782,13.0637500880037],[77.5674924266634,13.063748159304],[77.5678108675646,13.0633434327435],[77.5678095668247,13.0630740505376],[77.5677620239414,13.0625360624472],[77.5677133286913,13.0619980803236],[77.5681684766259,13.0615029164639],[77.5705424534817,13.0602809427853],[77.5713624829271,13.0596936983167],[77.5709928173504,13.0587986071966]]]}},{"type":"Feature","properties":{"kgisWetlandId":3895,"wetlandCode":"1202","wetlandClass":"Tank/Pond","forestBeatId":2376,"areaM2":525747,"shapeAreaM2":526372.1,"shapeLengthM":4060.9,"labelPoint":[77.612457,13.063882],"source":"kgis-wetlands"},"geometry":{"type":"Polygon","coordinates":[[[77.6122489633832,13.068502574773],[77.6123238035165,13.0684880922421],[77.612497776621,13.0684770816618],[77.6127021492492,13.0685528935595],[77.6128305299839,13.0686431923977],[77.6129456179034,13.0688408585425],[77.6129481656409,13.0688894140285],[77.6133193345165,13.0686718760505],[77.6135108443508,13.0684806246141],[77.6136700817681,13.0682889651702],[77.6139227174057,13.0678766008183],[77.6139525656239,13.0676234496217],[77.6141435977046,13.0673373241603],[77.6142037757197,13.0669270266177],[77.6143609067766,13.0665456229914],[77.6144880349483,13.0663863108018],[77.6148429853248,13.0663828871639],[77.6150349650199,13.0662859451593],[77.6152581118965,13.0659691655968],[77.615286171232,13.0655895200597],[77.6153431779309,13.0645478537611],[77.6153291340502,13.0645050014563],[77.6155917092479,13.064007875045],[77.6160676262889,13.063307530778],[77.6163129906146,13.063055588186],[77.616631726599,13.0627264816755],[77.6169583444257,13.0621313414739],[77.6175262170906,13.0609256655617],[77.6180043982914,13.060219659381],[77.6181302430569,13.0600355036924],[77.618617658513,13.0593328408996],[77.6182483448136,13.059457193596],[77.6179118005124,13.0594520590627],[77.6175061020567,13.0594455673703],[77.6148645249801,13.058958077805],[77.6147961758672,13.0588872530078],[77.6146305231807,13.058717506365],[77.6145555595801,13.0584767253611],[77.6145723420362,13.0583761191514],[77.6144369411515,13.0584936798725],[77.614439519966,13.0587782987391],[77.6143841566847,13.0592292355028],[77.6143808190537,13.0592529713065],[77.614258529428,13.0599171418688],[77.6140692988601,13.0603320213308],[77.6140819763819,13.0603319590508],[77.6135314074282,13.0613139063748],[77.6130215848559,13.0619184053311],[77.612509350413,13.0622716017567],[77.611770918012,13.0625626456767],[77.611258834422,13.0629469008746],[77.6106818999364,13.0632687844495],[77.6101336626124,13.0633375190658],[77.609489458282,13.0633440329803],[77.6093287478595,13.0634713153391],[77.6092356675474,13.0637563989289],[77.6092382407127,13.0640410179651],[77.6093393963686,13.0644499692219],[77.6094402401993,13.0647962334185],[77.6095075093034,13.0651121655437],[77.6095117019078,13.0654899603894],[77.6095141175916,13.0657429549136],[77.6095823786561,13.0660266907902],[77.6096817577777,13.0663102757829],[77.6099082452262,13.066430032435],[77.6099124596248,13.0668123449106],[77.6101099550738,13.0671265145764],[77.6102072335517,13.0672203563078],[77.6105299165406,13.0672170955021],[77.6107557950776,13.0672148687058],[77.6108832420894,13.0671188074619],[77.6108811406383,13.0669290638079],[77.610911308011,13.0667391620464],[77.6109431024885,13.0666441308043],[77.6111041269062,13.0665789676452],[77.6112964238262,13.066545278678],[77.6114271248608,13.0666389555157],[77.6113974324126,13.0669237321675],[77.6112385073905,13.0671780754244],[77.6112430215655,13.0676196839415],[77.6111478443621,13.0677155890215],[77.6107301377691,13.0678458145622],[77.6105063590317,13.0680377842482],[77.6103795449771,13.068260345667],[77.610093167986,13.0686101833014],[77.6100957844473,13.0689032747899],[77.6104199873086,13.0687424421255],[77.6105143129153,13.0687064045296],[77.6109882550955,13.0685284675191],[77.6112278957483,13.0685126201715],[77.6112890451942,13.068525876669],[77.6113320285446,13.0685940025248],[77.6113187077463,13.0686957211624],[77.6113190528621,13.0687646186744],[77.6113359727354,13.0689215357849],[77.6114695130327,13.0691219369649],[77.6115724027807,13.0691852534275],[77.6118007471137,13.0692146399668],[77.6119075566119,13.0691401381842],[77.6119864783878,13.069020028384],[77.612063696706,13.068789801945],[77.6120997892841,13.0686326280072],[77.6122489633832,13.068502574773]]]}},{"type":"Feature","properties":{"kgisWetlandId":3897,"wetlandCode":"1202","wetlandClass":"Tank/Pond","forestBeatId":2378,"areaM2":79288,"shapeAreaM2":79371.3,"shapeLengthM":1331.2,"labelPoint":[77.523996,13.0691],"source":"kgis-wetlands"},"geometry":{"type":"Polygon","coordinates":[[[77.5239365097472,13.0706026634347],[77.5243236306644,13.0705738040541],[77.5248653028264,13.0705685308241],[77.5250697411518,13.0704151190297],[77.5254291783689,13.0701339357142],[77.525761185078,13.0699025757692],[77.5258972530844,13.0696698431256],[77.5257799596636,13.0694794846399],[77.525450185358,13.0692002908118],[77.5253689080008,13.068823963131],[77.5253648403804,13.0684455912771],[77.5252848951445,13.0681076598239],[77.5250134477592,13.0679784288366],[77.5245923431001,13.0681339488971],[77.5240927761904,13.0682700559794],[77.5235173264582,13.0684460384267],[77.5231338113921,13.068505941251],[77.5228643044254,13.0685461274951],[77.5226518956816,13.0684725377888],[77.5225344440865,13.0682477275192],[77.5224527310161,13.0677765202841],[77.5222582379479,13.0675898966606],[77.5218948632884,13.0677677428772],[77.5218966086132,13.0678953715577],[77.5219514986576,13.0682989285884],[77.5221096418177,13.0685997984917],[77.522136285772,13.0686290449333],[77.5223737648102,13.0688894583809],[77.5224745503166,13.0690002611183],[77.5227885225707,13.0693518203356],[77.5231210090357,13.0699670380143],[77.5231640044472,13.0700425224968],[77.523130205877,13.0702098445878],[77.5231165172753,13.0702404037224],[77.5233155278243,13.0704066737638],[77.5233173894572,13.0705591512113],[77.5235757782997,13.0706059878945],[77.5239365097472,13.0706026634347]]]}},{"type":"Feature","properties":{"kgisWetlandId":3918,"wetlandCode":"1202","wetlandClass":"Tank/Pond","forestBeatId":2382,"areaM2":26761,"shapeAreaM2":63481.3,"shapeLengthM":1072.4,"labelPoint":[77.407241,13.073009],"source":"kgis-wetlands"},"geometry":{"type":"Polygon","coordinates":[[[77.407457406267,13.0735554834192],[77.4080512349337,13.0735336422057],[77.4081136586504,13.0732922246255],[77.4082077184981,13.0731839674835],[77.4083029357673,13.0730768352816],[77.4084245442428,13.0729413575867],[77.4085587215924,13.0727798489669],[77.4087500329697,13.0725000665054],[77.4082521038318,13.072498142496],[77.4076493913863,13.0725209296727],[77.4075041880645,13.0725266032206],[77.4070844852811,13.0724887762687],[77.4065111477902,13.0723696805654],[77.4064438284651,13.0725331765529],[77.4063764396582,13.0726802937013],[77.4062146008642,13.0728424793015],[77.4060669832572,13.0730977963657],[77.4059544998143,13.0732106437713],[77.4059164875496,13.0733616434665],[77.407457406267,13.0735554834192]]]}},{"type":"Feature","properties":{"kgisWetlandId":4027,"wetlandCode":"1202","wetlandClass":"Tank/Pond","forestBeatId":2507,"areaM2":51780,"shapeAreaM2":51842.5,"shapeLengthM":879.8,"labelPoint":[77.624955,13.089971],"source":"kgis-wetlands"},"geometry":{"type":"Polygon","coordinates":[[[77.625480235966,13.0890967508033],[77.6242212971998,13.0890363022987],[77.6238364776232,13.0890653006052],[77.6237502839574,13.089114856756],[77.6237307529551,13.0891273770399],[77.6237136194963,13.0891579573755],[77.6236943060122,13.0892133964101],[77.6237610018361,13.0896383202312],[77.6237850588209,13.0900645820978],[77.6237674802567,13.0902352215647],[77.6237324638308,13.0903760136458],[77.6236189858896,13.0909559976599],[77.6236342267924,13.0910067487965],[77.6236504085187,13.0910157049822],[77.6243317429491,13.0910445462881],[77.6245103149528,13.0910284207825],[77.6250011434862,13.0909926874434],[77.6256711224771,13.0908278742753],[77.6259011043557,13.0907217012323],[77.6259687653421,13.0906541628205],[77.6260850124305,13.0903943741863],[77.6261141144985,13.090223678935],[77.6261249019857,13.0900779226421],[77.6261354071126,13.0898768228712],[77.6259441384474,13.0894344420753],[77.6259111847915,13.0893001951579],[77.6258669240173,13.0892089255259],[77.6258229119643,13.0891667860785],[77.6257038627476,13.0891012967926],[77.625480235966,13.0890967508033]]]}},{"type":"Feature","properties":{"kgisWetlandId":4041,"wetlandCode":"1202","wetlandClass":"Tank/Pond","forestBeatId":2505,"areaM2":181998,"shapeAreaM2":182207.0,"shapeLengthM":2152.4,"labelPoint":[77.586094,13.091499],"source":"kgis-wetlands"},"geometry":{"type":"Polygon","coordinates":[[[77.5904751521441,13.092949896688],[77.5903941073173,13.0928768671969],[77.5902150048203,13.0927862346342],[77.5901409907055,13.0927363263817],[77.5899929040198,13.0926246501447],[77.58988528748,13.0925387586856],[77.5897754513643,13.0924703834958],[77.5896354729358,13.0923665748487],[77.5894131290401,13.0921552926081],[77.5893493771546,13.0920827449216],[77.5892995545046,13.092029896695],[77.5892356919643,13.0919347588768],[77.5891278143493,13.0917957821863],[77.5889956171984,13.0916337663584],[77.5888082052008,13.0912596685643],[77.5886553480518,13.0908808880978],[77.5886140851575,13.090693588148],[77.5885661917516,13.0905644896629],[77.5885371442426,13.0905171893391],[77.5885023063475,13.0904642690596],[77.5884464283836,13.0903521520764],[77.5883888426709,13.090127091602],[77.5883071786127,13.089693189671],[77.5883056484038,13.0896163907224],[77.5882915557789,13.0895633715019],[77.588276406653,13.089529559909],[77.5882589985025,13.0895053582055],[77.5882300724787,13.0894829063945],[77.5881180800095,13.0894444743789],[77.5880488715303,13.0894340738167],[77.5878828372097,13.0894218775843],[77.5878252094477,13.0894227169029],[77.5877538615177,13.0894456481794],[77.5876307461396,13.0894891568328],[77.587538650319,13.0895121860004],[77.5874591521661,13.0895187772791],[77.5871226066228,13.0895220775166],[77.5869534755752,13.0895838785093],[77.5868880621445,13.0896417951079],[77.5868364473778,13.0896934326601],[77.5868216093457,13.0897228707823],[77.5868021863374,13.0897579778581],[77.5867759822445,13.0898202252195],[77.5867522781876,13.0899219934772],[77.5867264201587,13.090054833428],[77.5866550440645,13.0903070515165],[77.5865936868417,13.0904869342276],[77.586528413376,13.0905736526383],[77.5864595778424,13.090638926739],[77.5862941232322,13.0907453247039],[77.5861250525315,13.0908195469339],[77.585456062902,13.0909582762495],[77.5847698888508,13.0911185469315],[77.5844567241472,13.0911895019105],[77.5834717975318,13.0913043165769],[77.5833441275596,13.0913597040963],[77.5832924468301,13.091397788452],[77.5832649723513,13.0914363214444],[77.5832552127687,13.091561743733],[77.5832671701877,13.0916497865699],[77.5833512451607,13.0918713339027],[77.5835420637295,13.092236383912],[77.5836164411367,13.0923608394219],[77.583669857229,13.0924413450302],[77.5837290045577,13.0925156100863],[77.5837822438096,13.0925599728128],[77.5839893677576,13.0927238934684],[77.5841672437811,13.0927998523232],[77.5842550102427,13.0928338841372],[77.5848399469987,13.0929468723434],[77.585126098629,13.0930081953075],[77.5853383882495,13.0930501047274],[77.5858334280127,13.0931646486456],[77.5859603334801,13.0931883278498],[77.5862995331772,13.0932550438948],[77.5864102969162,13.0932776705563],[77.5865118569175,13.0933037294843],[77.5866086893674,13.093306091771],[77.5867700804378,13.0933109683672],[77.5870821274699,13.0932467926642],[77.5876210363386,13.0931408708695],[77.5882449874658,13.0929837145158],[77.5883934729714,13.0929423429025],[77.5885536254929,13.0929297187284],[77.5887911752711,13.0929517382433],[77.5890150234961,13.0930003656455],[77.5896059746185,13.0931641417109],[77.5897618982915,13.0932289064743],[77.5898404392952,13.093261850804],[77.5899028193501,13.0932897889083],[77.5899525061266,13.0933149653245],[77.5900160574316,13.0933468522718],[77.590108476874,13.0933893310321],[77.5903151319191,13.0934572419696],[77.590407626993,13.0935149679447],[77.5904399968029,13.0935345796366],[77.5905000550483,13.0935591412896],[77.5906686236576,13.0936170676911],[77.5907055904324,13.093633833424],[77.5907483008003,13.0936466187446],[77.5907713520206,13.093646508183],[77.5908519370177,13.0936263550968],[77.5909484026116,13.0935541710658],[77.5909598173074,13.0935315257192],[77.590962016709,13.0935100552845],[77.5909595713039,13.0934818295996],[77.59094789321,13.0934508237835],[77.5909061376813,13.0933979373789],[77.5907797267828,13.0932409781134],[77.590542316806,13.0930133916644],[77.5904751521441,13.092949896688]]]}},{"type":"Feature","properties":{"kgisWetlandId":4044,"wetlandCode":"1202","wetlandClass":"Tank/Pond","forestBeatId":2505,"areaM2":134690,"shapeAreaM2":134838.1,"shapeLengthM":1879.2,"labelPoint":[77.555025,13.093042],"source":"kgis-wetlands"},"geometry":{"type":"Polygon","coordinates":[[[77.5574695088784,13.0936631549172],[77.5575987651247,13.0932158307074],[77.5574083242416,13.0931625015681],[77.5575251226003,13.0927615477439],[77.5571373205332,13.0926537904381],[77.5563620861193,13.0927562312196],[77.5561955471058,13.0923989514282],[77.5562314844639,13.0919605346105],[77.5562837636045,13.0913243770941],[77.5558052408914,13.0912865059914],[77.5548366665072,13.0912102482569],[77.5539927923413,13.0919026056177],[77.553176474657,13.0925733711496],[77.5527528167574,13.092922097099],[77.5519755189716,13.0935587928232],[77.5514887122701,13.0939597666129],[77.5518422394056,13.0943726586206],[77.5525196813146,13.0940656787778],[77.5535674122954,13.0940608161951],[77.554331613405,13.0935783542467],[77.5552732505671,13.0938043988922],[77.5555237292474,13.0943600821646],[77.5556716969699,13.0946903407095],[77.5560587063968,13.0948726496722],[77.5565844887586,13.0946685848268],[77.5572540840153,13.0944090689816],[77.5574695088784,13.0936631549172]]]}},{"type":"Feature","properties":{"kgisWetlandId":4048,"wetlandCode":"1202","wetlandClass":"Tank/Pond","forestBeatId":2507,"areaM2":556233,"shapeAreaM2":556890.5,"shapeLengthM":4834.7,"labelPoint":[77.61075,13.087287],"source":"kgis-wetlands"},"geometry":{"type":"Polygon","coordinates":[[[77.6105972680243,13.0901194472569],[77.6116478837895,13.0890881965615],[77.6119124601042,13.0889841250648],[77.612054033971,13.0889450323947],[77.6120126796922,13.0885132051542],[77.6121647005373,13.0882588950453],[77.61221274229,13.0879559572681],[77.6126253504552,13.0879516897775],[77.6127312444305,13.088152787271],[77.6131479279722,13.088501464819],[77.613610739145,13.0883952957118],[77.6136083218308,13.0881434316476],[77.613603989358,13.0877396604646],[77.6131395169239,13.0877441829632],[77.6128306387945,13.0877473815217],[77.6126723720704,13.0874454494063],[77.6128224784186,13.0870397965439],[77.6131762164938,13.0863293191034],[77.613451361897,13.085346451942],[77.6131189788338,13.0852588430448],[77.6131402884661,13.0851412716322],[77.6133139654162,13.08460956583],[77.6134193333685,13.0842464870601],[77.6135522346446,13.0838578590415],[77.6137529909396,13.0834401005048],[77.613898563793,13.0830502816807],[77.6139472604406,13.0828783616046],[77.6140038669143,13.0826747779841],[77.6140813080551,13.0822593138975],[77.6141462737918,13.081884006555],[77.6143072984032,13.0815878599521],[77.6144550317611,13.0813990806828],[77.6143448001962,13.0812522197828],[77.6140512021739,13.081312948468],[77.6139685591651,13.0813811208012],[77.6138364068609,13.0814591341125],[77.6135527595087,13.0816655186578],[77.6133739464835,13.0818623564007],[77.6131856617434,13.0820089778285],[77.6129888105049,13.082056245048],[77.6126525175569,13.0823374309184],[77.612463889885,13.0824157191751],[77.6123705082802,13.0824110905035],[77.6123117150302,13.0824085535718],[77.6120706350764,13.0823701948747],[77.6119458921032,13.0823171504776],[77.6118843808391,13.0822321734245],[77.6117760826159,13.0820107552174],[77.6117320827793,13.0817404572366],[77.6117210315943,13.0816049715704],[77.6114702954509,13.0807890056517],[77.611314300249,13.0804791535321],[77.6110148709213,13.0798356702248],[77.6106224512801,13.0794953428206],[77.6106023143129,13.0798472760946],[77.6105376354556,13.0802807507392],[77.6105165520057,13.0806739156625],[77.6104910269102,13.0808705715446],[77.6102582215228,13.0808728315407],[77.6102392161391,13.0809903904578],[77.6102451117755,13.0814777376328],[77.610175272258,13.0824923585198],[77.6099270901799,13.0835682753787],[77.6097160387314,13.0842334398032],[77.609639327105,13.0845658832431],[77.6096451237069,13.0850334647261],[77.6094915036609,13.0856593828859],[77.6091615615711,13.0865205278933],[77.6089098787859,13.0871282863329],[77.6084365182386,13.08766031515],[77.6084021713663,13.0881676233363],[77.6084305657322,13.0890055672296],[77.6079990768262,13.0896141980437],[77.60776108646,13.0897339496834],[77.6075223111627,13.0896967055985],[77.6072650233647,13.0898758476134],[77.6071480618022,13.0902276869855],[77.6071343635941,13.0907156938298],[77.6069614340025,13.09140043828],[77.6067054859121,13.0916174117263],[77.606371273462,13.0920883360804],[77.6063756250134,13.0924983201837],[77.6063795859252,13.0928298064331],[77.6063679817878,13.0932760109114],[77.6060682125861,13.0937202244452],[77.6060063958408,13.0940362179359],[77.6060104354664,13.094383516013],[77.6060469022042,13.0947617193458],[77.6061782451174,13.094981332998],[77.606372192427,13.0950425150563],[77.6065680819831,13.0952618155448],[77.6068262585085,13.0952594345463],[77.6071800972284,13.095255458898],[77.6075971834728,13.0952223744984],[77.6077465920148,13.0949053919909],[77.6077922170386,13.0948091635469],[77.6079496007804,13.0944735061632],[77.6081128947895,13.0941671871206],[77.6082302598154,13.0938961034536],[77.6085370334327,13.0934704908552],[77.6085643901727,13.0934093652222],[77.6086066466933,13.0933312247282],[77.6086213423147,13.0932735499625],[77.6086426196175,13.0931492022612],[77.6090669596376,13.0924931664788],[77.6097983785372,13.0912437853746],[77.6098486683514,13.0911588294241],[77.6105972680243,13.0901194472569]]]}},{"type":"Feature","properties":{"kgisWetlandId":4049,"wetlandCode":"1202","wetlandClass":"Tank/Pond","forestBeatId":2507,"areaM2":68852,"shapeAreaM2":68935.2,"shapeLengthM":1176.2,"labelPoint":[77.628525,13.093385],"source":"kgis-wetlands"},"geometry":{"type":"Polygon","coordinates":[[[77.6301027590074,13.0935241243992],[77.629738328102,13.0923506977966],[77.6295402759415,13.0919360264847],[77.6293003457599,13.0916723479355],[77.629259810281,13.0916341451875],[77.6292079188828,13.09162931889],[77.6291803427606,13.0916463970702],[77.6291355876952,13.091685020455],[77.6291264180933,13.0916952311828],[77.628859496205,13.0920167561961],[77.6284405141652,13.0925818707016],[77.6281768100162,13.0928565055617],[77.6278415037772,13.0931038219621],[77.6277218962692,13.09315580334],[77.6276631857275,13.0931702111394],[77.6276263437792,13.0931782989763],[77.6275018390141,13.0931738302361],[77.6273310669361,13.0931373987943],[77.6271880348074,13.0931160786316],[77.6271327138351,13.0931169160352],[77.6270809330506,13.0931341141876],[77.6270144542236,13.0932072926167],[77.6269973891699,13.0932514262554],[77.6269837579844,13.093518052046],[77.6269955134874,13.0935631730722],[77.6270117581007,13.0935845529044],[77.6270695286525,13.0936119409779],[77.6271087731926,13.0936230423772],[77.6271768304889,13.0936334373258],[77.6273071497368,13.0936480427788],[77.6274109661805,13.0936639083738],[77.6276542665626,13.0936836048248],[77.62785849332,13.0937255183538],[77.6280872157657,13.0938249141779],[77.6281739665025,13.0938849131274],[77.6283222006973,13.0940225437015],[77.6287428391214,13.0946896869979],[77.6290881888343,13.0950573231653],[77.6292544462246,13.0951124120511],[77.6293282093643,13.095111482686],[77.6293708372254,13.0951078841976],[77.6294641544692,13.0950989517459],[77.6295712853085,13.0950865637719],[77.6296449044327,13.0950573989638],[77.6298025542516,13.0950063574562],[77.6299772588441,13.0949094883273],[77.6303261998198,13.0946237003591],[77.6303822799869,13.0945454887167],[77.630415108213,13.094427861173],[77.6304146880016,13.0943454108371],[77.6301027590074,13.0935241243992]]]}},{"type":"Feature","properties":{"kgisWetlandId":4074,"wetlandCode":"1202","wetlandClass":"Tank/Pond","forestBeatId":2507,"areaM2":47854,"shapeAreaM2":47910.0,"shapeLengthM":910.8,"labelPoint":[77.605875,13.097301],"source":"kgis-wetlands"},"geometry":{"type":"Polygon","coordinates":[[[77.6067782335232,13.0983358346419],[77.60685973339,13.0978068378745],[77.6069445613381,13.0972518468037],[77.6070048725812,13.0968652680177],[77.6070372474115,13.0966550256514],[77.6068184735747,13.0964697216331],[77.6065892929319,13.0962776900328],[77.606077499003,13.0962728293289],[77.6058400448961,13.0962705925031],[77.6056129643404,13.09626830481],[77.6054633091244,13.0960747571926],[77.605282355539,13.0960767630906],[77.6050894018558,13.0962149308461],[77.6049110256855,13.0965026850706],[77.6047899453844,13.0969539386888],[77.6048760893216,13.0971240749241],[77.6047942271579,13.0973503689241],[77.6047066849022,13.0975930695285],[77.6046305193023,13.0978057826505],[77.6048160691328,13.098031911162],[77.6050151288921,13.0979620489058],[77.6052602178572,13.0978772782951],[77.6055519569379,13.097901278418],[77.6058328548351,13.0980625640293],[77.6060790749125,13.0982042514752],[77.6062256241223,13.0984678412322],[77.606297724181,13.0985951240591],[77.6065586708124,13.0984543668129],[77.6067782335232,13.0983358346419]]]}},{"type":"Feature","properties":{"kgisWetlandId":4142,"wetlandCode":"1202","wetlandClass":"Tank/Pond","forestBeatId":2257,"areaM2":167710,"shapeAreaM2":167862.1,"shapeLengthM":2009.8,"labelPoint":[77.422953,13.107863],"source":"kgis-wetlands"},"geometry":{"type":"Polygon","coordinates":[[[77.4230446340391,13.1091282674483],[77.4236708530585,13.1089212238971],[77.4241296332359,13.1089170629368],[77.4244557158169,13.1088823901173],[77.4247171778334,13.1088321691381],[77.4247862169725,13.1088025149245],[77.4249127969687,13.1087500297521],[77.4250574228617,13.1086042827525],[77.4251870678841,13.1084597266488],[77.4252347307674,13.1082833185353],[77.4252328934925,13.1081229289764],[77.425182716683,13.1079802483807],[77.4250347594078,13.1078854159744],[77.4247071828611,13.1078398976461],[77.4245109480336,13.1077774573974],[77.4242957981784,13.1076043974254],[77.4239478024104,13.1070952810678],[77.4237655340705,13.1067933165771],[77.4237297925157,13.1065212410735],[77.4238073522236,13.1060566733703],[77.4238948972022,13.105771098415],[77.423973367235,13.1055200117812],[77.4239839316568,13.1052940570128],[77.4239871246722,13.1052319180764],[77.4239690839898,13.1050557822062],[77.4239191087926,13.1049605419585],[77.4236571722325,13.1048983717747],[77.4233956521008,13.1049339064467],[77.4232001704222,13.1050476711983],[77.4228907624157,13.1054781839857],[77.4228351475836,13.1056822985461],[77.4228113001455,13.1057671143917],[77.4226673525685,13.1060721242271],[77.4222673117259,13.1068763287845],[77.4219444941027,13.1074068610041],[77.4218478706078,13.1074558311345],[77.4215039862888,13.1076413710322],[77.4211943811055,13.1077556066465],[77.4209587347638,13.1079130234385],[77.420804702882,13.1080158847247],[77.4204490605248,13.108418911952],[77.4202707982718,13.1085167899948],[77.4201255342069,13.1087845298141],[77.4199815158161,13.1090737259043],[77.4198375614314,13.1093787350462],[77.4197581602197,13.1096829136313],[77.4196297869922,13.1101279238163],[77.4197283102793,13.1102545919323],[77.419763333956,13.1103583664699],[77.4197703319018,13.1103775406137],[77.4197843516705,13.110421534871],[77.4198298861098,13.1105574578283],[77.4199956787131,13.1107804259496],[77.4201596363797,13.1108424381695],[77.4201838370253,13.1108406440227],[77.4204050967375,13.1108239165992],[77.4210164793675,13.1106502625677],[77.4214722808986,13.1104868514839],[77.4218960014999,13.1103698839667],[77.422106405955,13.110240244065],[77.4223012095163,13.1099660858774],[77.4226552226029,13.1094512384544],[77.4230446340391,13.1091282674483]]]}},{"type":"Feature","properties":{"kgisWetlandId":4162,"wetlandCode":"1202","wetlandClass":"Tank/Pond","forestBeatId":2547,"areaM2":1739461,"shapeAreaM2":6079707.3,"shapeLengthM":17583.2,"labelPoint":[77.762082,13.094377],"source":"kgis-wetlands"},"geometry":{"type":"MultiPolygon","coordinates":[[[[77.7664200140693,13.0666810462968],[77.7667372907526,13.0661553207505],[77.7663324342066,13.066715315831],[77.7661003474035,13.0670855963706],[77.7664200140693,13.0666810462968]]],[[[77.7630442253974,13.1082821846925],[77.7645337760813,13.1078625341273],[77.7649728196463,13.1057023779745],[77.763466478341,13.102623882053],[77.7633851334748,13.0991031046125],[77.7648325577543,13.0968213039535],[77.7646415850671,13.0941321432475],[77.766547591421,13.0902506755894],[77.7665851587504,13.0887547155188],[77.7667934452168,13.0869786151516],[77.7668863136105,13.0855323937126],[77.7667485483938,13.0843165678164],[77.764554469874,13.0831314723168],[77.761304551923,13.0820543470505],[77.7601896601207,13.0802776424368],[77.7605980767325,13.0785206080888],[77.7605342457327,13.0785844502543],[77.7601358760731,13.0786543822048],[77.7593413298152,13.0795966941243],[77.7587178691532,13.0802207041813],[77.7580912384434,13.0804850064787],[77.7571485598306,13.0802907798793],[77.7566697125449,13.0801906000193],[77.7556115067296,13.0795339274885],[77.7545564661119,13.0790302701186],[77.7536088924924,13.0787835385373],[77.7527690657047,13.0788445543507],[77.7523541775393,13.0792596058167],[77.752359350573,13.0797740349719],[77.7524705509344,13.080287889674],[77.7527903397338,13.0807989229437],[77.7535258817543,13.0808429422876],[77.754209275337,13.0808358541797],[77.7550493980796,13.0808267847564],[77.7559433890653,13.0809704588745],[77.7563345720384,13.0810569975821],[77.7568376820178,13.0811677755643],[77.7576282470954,13.0813645226762],[77.7586297133376,13.0817656783314],[77.7593231986277,13.0827360424375],[77.7598069401655,13.0837081098784],[77.7599783793091,13.0848902540155],[77.7600437897455,13.0860724111509],[77.7602137927614,13.0872031746443],[77.7602233114541,13.0880778646503],[77.7607073594752,13.0891018811852],[77.7606653035693,13.0900276761093],[77.7602023113275,13.0909077626658],[77.759738454072,13.091634250825],[77.7596419445003,13.0925100839015],[77.7594993336875,13.0937972792026],[77.7595085670505,13.094621147195],[77.7595180871217,13.0954958372423],[77.7595290431355,13.096421344258],[77.7598033533989,13.0974476311407],[77.7602294990332,13.098008331161],[77.7611232785068,13.09810285208],[77.7617586051912,13.0985585011776],[77.7619775996139,13.0993789649314],[77.7614102955095,13.1003629655756],[77.7607326245943,13.1007822890309],[77.7604223120448,13.1011453964496],[77.7605862747012,13.1018131240672],[77.7603298484428,13.1023306697784],[77.7598665419412,13.1031582405346],[77.7597714757915,13.1040860189674],[77.7595723890937,13.1049629737541],[77.7603439301547,13.1083233342458],[77.7613030580296,13.1097829723561],[77.7625449686046,13.1098059151795],[77.7630442253974,13.1082821846925]]]]}},{"type":"Feature","properties":{"kgisWetlandId":4176,"wetlandCode":"1202","wetlandClass":"Tank/Pond","forestBeatId":2355,"areaM2":49178,"shapeAreaM2":49241.0,"shapeLengthM":859.4,"labelPoint":[77.678906,13.112398],"source":"kgis-wetlands"},"geometry":{"type":"Polygon","coordinates":[[[77.6794611405409,13.1114768649062],[77.679335343952,13.1114475794162],[77.6791854216885,13.1114336673147],[77.6790586347051,13.1114348825736],[77.6789204039057,13.1114519698189],[77.6786484602317,13.1114686141474],[77.6783361797044,13.1114865946802],[77.6780928042768,13.1114562179789],[77.6778151820681,13.1114887033099],[77.6776600853569,13.1115860682154],[77.6775283453186,13.1117409147677],[77.6774496820186,13.1119056550753],[77.6774577953853,13.1121320714617],[77.6775292475806,13.1123474313791],[77.6776596282914,13.1125895966766],[77.6777853604512,13.1128244441077],[77.6779652283689,13.1130516721244],[77.6780615469706,13.113173724898],[77.6782338361584,13.1132756217747],[77.6783965027749,13.1133018925782],[77.6785684078645,13.1133309407833],[77.6791302177974,13.1131987326216],[77.679563089159,13.1130971164299],[77.6797898834204,13.1130434309871],[77.680123826012,13.1129801591204],[77.6803505386003,13.1129112260844],[77.6803300375075,13.1127402182886],[77.6803467819181,13.1126373506341],[77.6804154827223,13.112550594835],[77.6803077388985,13.1124478026557],[77.6799717721232,13.1121287630172],[77.6797709329879,13.1118598538125],[77.6795805477314,13.1116055740781],[77.6794611405409,13.1114768649062]]]}},{"type":"Feature","properties":{"kgisWetlandId":4214,"wetlandCode":"1202","wetlandClass":"Tank/Pond","forestBeatId":2505,"areaM2":994976,"shapeAreaM2":996127.3,"shapeLengthM":4637.6,"labelPoint":[77.593581,13.11467],"source":"kgis-wetlands"},"geometry":{"type":"Polygon","coordinates":[[[77.5882767315012,13.1197916038658],[77.5886623085427,13.1194373548255],[77.5893437066251,13.1194623298308],[77.5899645867671,13.1198377351943],[77.5901036046293,13.1199771265247],[77.5905499630945,13.1197931369805],[77.5905772823381,13.1197229781496],[77.5906081271482,13.1196663551378],[77.5907077418448,13.1195297730261],[77.5907811274396,13.1194509211309],[77.5912683415674,13.1191368448073],[77.5919553784817,13.1186704539778],[77.5921552859782,13.1185350848157],[77.5922334888293,13.1184980010834],[77.5925833639198,13.1183850656479],[77.5929714686732,13.118310349014],[77.5929694386174,13.1181330284732],[77.5931734875799,13.117902760715],[77.5938438514787,13.1177956263091],[77.5947169859333,13.1174333775944],[77.5953851866329,13.1171229407909],[77.5965181653253,13.1168582665118],[77.5972316822284,13.1166210237776],[77.5974954084406,13.1165706194557],[77.5979329254507,13.116465725402],[77.5985125771077,13.1161991935751],[77.5989068749256,13.115748318303],[77.5991317117528,13.1150638903709],[77.5992477172157,13.1142839798074],[77.5992521819932,13.1142545924376],[77.5992671189265,13.1137812636035],[77.5992710668881,13.1136479642507],[77.5992233452016,13.113323465568],[77.5993730750396,13.113066913009],[77.5994289529815,13.112945222381],[77.5995567256544,13.1126774803109],[77.5995792011493,13.1125610352008],[77.5995789544863,13.1125113385601],[77.5995786788892,13.112455994008],[77.5995019360462,13.1123225200446],[77.5994451818911,13.1122680139718],[77.5993884589283,13.1122197195076],[77.5992254195376,13.1121177227496],[77.5991120320208,13.112032993237],[77.5989025098165,13.1118555443704],[77.5987574872905,13.111667618711],[77.5985727241509,13.1113691950325],[77.5980124508638,13.1101972243586],[77.5976112600197,13.1094904006017],[77.5969417205165,13.1083646973095],[77.5968062183674,13.1080039127394],[77.5967838585517,13.1079114015381],[77.5961024681551,13.1078813616472],[77.5953612256678,13.1083344665443],[77.5947946584341,13.1086799925738],[77.5945455678584,13.1093566273267],[77.5941422945567,13.1100899133828],[77.5935504315409,13.1109155940127],[77.5932042588309,13.111308625533],[77.5929001212523,13.1115777764856],[77.5926875792685,13.1117211132832],[77.5916777200418,13.1124042204246],[77.5905772745595,13.1129516546407],[77.5900871161602,13.1131341584285],[77.5900031148266,13.1131639276186],[77.5897061857258,13.1132596621894],[77.5890842610034,13.1133699431245],[77.5886796927515,13.1133775271559],[77.5880217553515,13.1141334847549],[77.587934086106,13.1150567020382],[77.5878551700668,13.1158850000342],[77.5880502115133,13.1168672935666],[77.5875059816953,13.1175413813619],[77.5869353876201,13.1182460914806],[77.5864849318246,13.1192371187842],[77.5865282953795,13.1203184039413],[77.5868600980645,13.1209820911214],[77.5873178238664,13.1212323446052],[77.5877700512734,13.1210686634659],[77.5881211074429,13.1204926345858],[77.5882767315012,13.1197916038658]]]}},{"type":"Feature","properties":{"kgisWetlandId":4215,"wetlandCode":"1202","wetlandClass":"Tank/Pond","forestBeatId":2355,"areaM2":142807,"shapeAreaM2":142988.0,"shapeLengthM":1880.0,"labelPoint":[77.664077,13.11731],"source":"kgis-wetlands"},"geometry":{"type":"Polygon","coordinates":[[[77.6666328858046,13.1202489329556],[77.6664602338142,13.1200781340785],[77.6663406269206,13.1199110168777],[77.6662870078733,13.1197977782324],[77.6662520299163,13.1197222820488],[77.6662135143179,13.1196315562979],[77.6661411476202,13.1194602456558],[77.6659017182915,13.1190847871718],[77.6657054865125,13.1188135844334],[77.6656043067217,13.1186429847998],[77.6655624393844,13.1185726060835],[77.6651807059686,13.1176574206155],[77.6650214524166,13.1169630439444],[77.6647934428321,13.116346385641],[77.6647005585679,13.1162186633305],[77.664500502456,13.1156566406624],[77.66444298069,13.1154581462655],[77.6643490707151,13.1151344675355],[77.6642998770212,13.1149856270201],[77.6642870144859,13.1149506791459],[77.6642706373888,13.1149050192164],[77.6642601749964,13.1148881303803],[77.6642497126056,13.1148712415436],[77.6642380087631,13.1148374172228],[77.6642204639608,13.1147889381752],[77.6641925871474,13.1147484200439],[77.6641647479317,13.1147152414898],[77.664122028995,13.1147019052017],[77.6640966588665,13.1146997755897],[77.6640459209847,13.1146960791399],[77.6639861186798,13.114722361231],[77.6638251107618,13.1147932055153],[77.6634040681961,13.1149545984902],[77.6631130163031,13.1150656340959],[77.6630060811042,13.1151164371403],[77.6627715036115,13.1152260562022],[77.6627371382349,13.1152674568226],[77.6625828897884,13.1155285821738],[77.6625657700317,13.1155614228305],[77.6625604327805,13.1156427715805],[77.6625759480136,13.1157443445722],[77.6625936988685,13.1158323536427],[77.6625972642101,13.1158526654455],[77.6629413636513,13.1168476744731],[77.6631558460525,13.1177439470513],[77.6631728988941,13.1181391734812],[77.6631938974744,13.1186275618338],[77.6631286283261,13.1189311545919],[77.6630678783168,13.1192172183545],[77.6630099307592,13.1195981425172],[77.6629900691481,13.119767663427],[77.6629902993754,13.1198117117365],[77.6629867043708,13.1200059976538],[77.6629868822525,13.1200398807518],[77.6630079140155,13.1200939888669],[77.6630368345657,13.1201136073481],[77.6630680282938,13.1201270032978],[77.6630818899562,13.1201325800635],[77.6635549642725,13.119999723728],[77.6639498313376,13.1199011491665],[77.6640879028176,13.1198524459461],[77.6641997081341,13.1198507482772],[77.6642757144178,13.1198368081831],[77.6643195258359,13.1198382788073],[77.6644083064728,13.1198423454021],[77.6645469316274,13.119899245022],[77.6646497430096,13.1199410775188],[77.6648137880167,13.1200097052356],[77.6650347777069,13.1201661415811],[77.6651574284143,13.1202541813401],[77.6652890925779,13.1203026436402],[77.6654288406231,13.1203538885573],[77.6655624257226,13.1203289257695],[77.6656775914417,13.1203085748579],[77.6658190319504,13.1202429101073],[77.6659213763438,13.1201955164497],[77.6660572482063,13.1201671538094],[77.6662087360298,13.1202589982955],[77.6663498064278,13.1203424263223],[77.6664377102959,13.1203990165024],[77.6665128807023,13.1204455069168],[77.6665521856,13.1204667671858],[77.666673544113,13.1205282691718],[77.6667254385296,13.1205325229235],[77.666792321404,13.120537264543],[77.6667979251191,13.1205067409173],[77.6668024168909,13.1204841288643],[77.6667895068101,13.1204401461391],[77.6667742635757,13.1203910916297],[77.6666328858046,13.1202489329556]]]}},{"type":"Feature","properties":{"kgisWetlandId":4240,"wetlandCode":"1202","wetlandClass":"Tank/Pond","forestBeatId":2257,"areaM2":388496,"shapeAreaM2":388860.5,"shapeLengthM":3300.3,"labelPoint":[77.444335,13.122407],"source":"kgis-wetlands"},"geometry":{"type":"Polygon","coordinates":[[[77.4487204441483,13.1224419179955],[77.4488624647183,13.1219652123914],[77.4493807238897,13.120793932357],[77.449611818417,13.1203885744597],[77.4497406990318,13.120071189046],[77.4499927182297,13.1194420918005],[77.450165339395,13.1191098364051],[77.4501898523556,13.1186522663037],[77.4500918245808,13.1186430827394],[77.450003885716,13.1185683414925],[77.4498889805664,13.1186541100783],[77.4497958115499,13.118701381598],[77.4497394439536,13.1187287308501],[77.4496096655937,13.1188405420207],[77.4495090676832,13.1190346858395],[77.4494137428395,13.1193801665014],[77.4492757386815,13.1197201813554],[77.4491646073675,13.1198782250411],[77.4490625301645,13.1199978246134],[77.448905203964,13.1201368622946],[77.4486719185636,13.1203050246945],[77.4480248584599,13.1207561999061],[77.4477261224833,13.12098394058],[77.4476341998369,13.1210532328665],[77.447326422746,13.1213228044442],[77.447074765144,13.1215079865658],[77.4467861851063,13.1216859842112],[77.4462670276943,13.12186043893],[77.4451364911049,13.1222108660765],[77.4449209241038,13.122212907035],[77.4447513888814,13.1221966804369],[77.4445906720595,13.122087229678],[77.4444297999005,13.1219421987402],[77.4442550358474,13.1217836709151],[77.4440286570187,13.1216852284353],[77.4437179641542,13.1215504299904],[77.4434441173387,13.1214053109202],[77.4433574450728,13.1213565413765],[77.4431898704214,13.1212606740357],[77.4427215510085,13.1209311293843],[77.4424103405083,13.1206766002202],[77.4422498295734,13.1206140222026],[77.442062964539,13.1205888306895],[77.4418750628628,13.1205901889201],[77.4416779412497,13.1205921494933],[77.4415282019506,13.1206210190664],[77.4413511937228,13.1207420625421],[77.4408613720616,13.1210361149409],[77.4406754981463,13.1212396524275],[77.4404331707585,13.1214507690446],[77.4404025882989,13.1215762773612],[77.440311840048,13.1219172184399],[77.440164087284,13.1221386670698],[77.4399598921921,13.1223710838137],[77.4398866682057,13.1224995967768],[77.439859642604,13.1226476802178],[77.4398752817929,13.1227984094207],[77.4399228249964,13.1228625939418],[77.440063581548,13.1228885447403],[77.440458028914,13.1229309370389],[77.4406369435909,13.1229832707766],[77.4407687225754,13.1230657376117],[77.441006032373,13.1232923414765],[77.4412245388607,13.1234360021229],[77.4412743005784,13.1234798450538],[77.4414316939993,13.1236203745211],[77.4416017672582,13.1237608504016],[77.4417327087056,13.1239156108195],[77.4417605907069,13.1239651935191],[77.4420898993594,13.124138884667],[77.4428397372991,13.1250506520757],[77.4434331166701,13.1257710549304],[77.4437935537071,13.1262094908076],[77.4445544293858,13.1262107920491],[77.4455986104585,13.1258804980161],[77.4463997677969,13.1253377474996],[77.4472446072062,13.1247671351891],[77.4487987544718,13.1240071348313],[77.4487272345638,13.1232048974387],[77.4487370928677,13.1230862530882],[77.4487398115115,13.122916809548],[77.4487204441483,13.1224419179955]]]}},{"type":"Feature","properties":{"kgisWetlandId":4247,"wetlandCode":"1202","wetlandClass":"Tank/Pond","forestBeatId":2298,"areaM2":84525,"shapeAreaM2":84630.4,"shapeLengthM":1277.7,"labelPoint":[77.651593,13.124],"source":"kgis-wetlands"},"geometry":{"type":"Polygon","coordinates":[[[77.6532071975416,13.1253724394362],[77.6530701172164,13.1249473186586],[77.6526587406256,13.1240893003598],[77.6523354498859,13.1231003833284],[77.6522589844903,13.1228042828933],[77.6521320649914,13.1225592615054],[77.6519383610223,13.1223286950788],[77.651779959211,13.1222368765647],[77.6517128414141,13.1221869531976],[77.6516793435777,13.1221735678052],[77.6515270536458,13.12214892084],[77.6514936572479,13.1221553014306],[77.6514533422668,13.1221611516537],[77.6512817401326,13.1221913811712],[77.6511484632179,13.1222761968735],[77.6510239277463,13.1224908587521],[77.6509096843771,13.1226896549401],[77.6508111669149,13.123031251371],[77.6507535508961,13.1234799405949],[77.6505817157248,13.1239100052089],[77.6504606990032,13.1243590134011],[77.6502868152889,13.1246162770416],[77.6500078510973,13.1248390575248],[77.6498832081063,13.1250333877376],[77.6498784457273,13.1252265517485],[77.6498735420073,13.1253926082895],[77.6498697800174,13.125556400918],[77.6499776996575,13.1256942188332],[77.6500111965053,13.1257070388638],[77.6501632539941,13.1256865084244],[77.650387695545,13.1256198702326],[77.6511772720301,13.1253860502512],[77.6512831843094,13.1253589745284],[77.651368412766,13.1253444269451],[77.6514940567209,13.1253432304176],[77.6516267127684,13.1253606345964],[77.6518114151411,13.1254110956052],[77.6519845527828,13.1254542724206],[77.6526349626681,13.125726023181],[77.6527411751779,13.1257565482996],[77.6529660200481,13.1257678399799],[77.6529878926698,13.1257620820559],[77.6530454492635,13.1257465437098],[77.6530845776518,13.1257339218381],[77.6531569620237,13.125687813476],[77.6531752054731,13.1256493198688],[77.653201349051,13.1255780313037],[77.6532087550139,13.125450364955],[77.6532071975416,13.1253724394362]]]}},{"type":"Feature","properties":{"kgisWetlandId":4262,"wetlandCode":"1202","wetlandClass":"Tank/Pond","forestBeatId":2298,"areaM2":73576,"shapeAreaM2":73663.2,"shapeLengthM":1107.3,"labelPoint":[77.615707,13.1281],"source":"kgis-wetlands"},"geometry":{"type":"Polygon","coordinates":[[[77.6168571644595,13.1267249289552],[77.6167856283918,13.1267122907286],[77.6167026333449,13.1267132615008],[77.6165943297481,13.1267245220786],[77.6165587033394,13.1267461571114],[77.6165265494179,13.1267705989512],[77.6164564477777,13.1268138627092],[77.6163379639252,13.1268635747635],[77.6162138055984,13.1269313883313],[77.6161382005869,13.1270260696717],[77.6160761312261,13.1270619529907],[77.6159724222121,13.1270698023023],[77.6157007152613,13.1271389011918],[77.6155696593066,13.1272101363044],[77.6152013606928,13.1273271455681],[77.61490497621,13.1275319026159],[77.6144171818234,13.1277268661165],[77.6143437009328,13.1277859590303],[77.6142196743478,13.1278797472097],[77.6141370710176,13.1279586506951],[77.6141118474293,13.1279858811664],[77.614106185663,13.1280062402106],[77.614103672314,13.1281937465741],[77.614119056324,13.1282727355328],[77.6142646320381,13.1287949752825],[77.6143116368484,13.1289720750583],[77.6143942590777,13.1291258452806],[77.6145414273824,13.1292776050668],[77.6146260258879,13.129365856748],[77.6147001229526,13.1294293098751],[77.614874876905,13.1295645573245],[77.6149280371254,13.1295908409326],[77.6149487869593,13.1295907392639],[77.6149764359766,13.1295872157821],[77.6151202280379,13.1295266497102],[77.6154043049796,13.1293953688616],[77.6157019490315,13.1292114994672],[77.6161942673943,13.1289990043549],[77.6164372966974,13.1289577178881],[77.6165905416178,13.1289428479781],[77.6167714156337,13.1289205011963],[77.6169211847439,13.1289022615037],[77.6176213498082,13.1287582081289],[77.6176385208114,13.1287344037527],[77.6176384123451,13.1287129443322],[77.617638286421,13.1286880972986],[77.6176311758839,13.1286497286326],[77.6176079807809,13.1286221703651],[77.6175871060665,13.1285974242857],[77.617536065923,13.1285344231118],[77.6174710580316,13.1284449477782],[77.6173487495107,13.1281942374532],[77.6172495682766,13.1279575321566],[77.6172319736889,13.1278977563122],[77.6172201839317,13.1278458569616],[77.6171943966359,13.1277612718842],[77.6171701405501,13.127523634265],[77.6171625792251,13.1271678837185],[77.6171215124678,13.1270252066365],[77.6169542630089,13.1267775387174],[77.6169033309252,13.1267359976575],[77.6168571644595,13.1267249289552]]]}},{"type":"Feature","properties":{"kgisWetlandId":4267,"wetlandCode":"1202","wetlandClass":"Tank/Pond","forestBeatId":2257,"areaM2":165581,"shapeAreaM2":165732.8,"shapeLengthM":1889.6,"labelPoint":[77.431035,13.129283],"source":"kgis-wetlands"},"geometry":{"type":"Polygon","coordinates":[[[77.4313949597928,13.1267811912925],[77.4312397828445,13.1266191843832],[77.4311977068953,13.1264855084149],[77.4309998169288,13.12657839358],[77.4307559076049,13.1266929319071],[77.4303788752488,13.126680386953],[77.4302343217869,13.1265759421428],[77.4300512826874,13.1266371369402],[77.4296757643985,13.1267087367318],[77.4294535701379,13.1267796949382],[77.4294135122084,13.1268476346192],[77.4293446942543,13.1269298153573],[77.4293312135346,13.1270123282502],[77.4294158335046,13.1271198477981],[77.4296400575561,13.127253329048],[77.4298077400689,13.1273746206454],[77.4298786463059,13.1275104361227],[77.4298942152069,13.1276459168477],[77.4297847145974,13.1279191599995],[77.4295865915617,13.1282266599458],[77.4295486381097,13.1282477155616],[77.4297582406994,13.128465972675],[77.4298445934056,13.1289772986889],[77.4298183228786,13.1295715527941],[77.4294969292573,13.1301676019003],[77.4291572810389,13.1305400760568],[77.4288749965169,13.1308473624656],[77.4288036031903,13.1311356951016],[77.4288353641111,13.131283534164],[77.428854962822,13.1312834520666],[77.4295715724664,13.1314425537313],[77.4299226258028,13.1315783279216],[77.4302413977716,13.1317136729691],[77.4305805110917,13.131753485025],[77.4308201122113,13.1317084319401],[77.4309398209072,13.1316644442391],[77.4310476372359,13.1315357899972],[77.4311655035984,13.1313314127388],[77.4314343909125,13.130858137316],[77.4315241508601,13.1305522189384],[77.4320606389974,13.1295751749525],[77.4324155204833,13.1289936664799],[77.4325453752406,13.1288965462043],[77.4326382452107,13.1287781199344],[77.4326967046595,13.1286999360088],[77.4327253619739,13.1286619770585],[77.432900010573,13.1285262644093],[77.4332785711703,13.1283575062317],[77.4334765966701,13.1282962458877],[77.4335593109726,13.1282286918469],[77.4335888318231,13.1281235203645],[77.4335951404842,13.1279823000342],[77.4335711504684,13.1277655261445],[77.4335150428818,13.1275867277163],[77.4334104409744,13.1273900599683],[77.4332034185716,13.1272361779578],[77.4327872564814,13.1269713463402],[77.4326061523317,13.1269461239226],[77.4320215093703,13.1269107292086],[77.4317988965582,13.1268839867521],[77.4316177989778,13.1268604576616],[77.4313949597928,13.1267811912925]]]}},{"type":"Feature","properties":{"kgisWetlandId":4290,"wetlandCode":"1202","wetlandClass":"Tank/Pond","forestBeatId":2298,"areaM2":92418,"shapeAreaM2":92532.8,"shapeLengthM":1468.0,"labelPoint":[77.651239,13.13139],"source":"kgis-wetlands"},"geometry":{"type":"Polygon","coordinates":[[[77.6528399814065,13.133459034554],[77.6528317964789,13.133215110422],[77.6528035529953,13.1331039996982],[77.652452928829,13.1324043676857],[77.6522093812573,13.1316787799836],[77.6521669259949,13.1314948905847],[77.6520978261997,13.1312857218337],[77.6520164502258,13.131154549001],[77.6518933063414,13.1309716298772],[77.651791287064,13.1308608912644],[77.6516962192805,13.1307568942664],[77.6516276293441,13.1306459869978],[77.6515588345036,13.1304955486263],[77.6515306587314,13.1303974267104],[77.6515231647635,13.1302862119298],[77.6515160380687,13.1293572586497],[77.6515271752563,13.1292820921043],[77.651330117001,13.1290724389611],[77.6512353428725,13.1290249130435],[77.6509274328875,13.1290016150327],[77.6508444214544,13.1289992085286],[77.6507568507115,13.1290069913396],[77.6506475777276,13.1290532843348],[77.6504042042077,13.1292487773024],[77.6502584183416,13.1293675405443],[77.6503103742957,13.1296055974897],[77.6503390648299,13.1311370165069],[77.6503601664794,13.1318716302953],[77.6503728310615,13.1323131893308],[77.6504121059871,13.1325507453282],[77.6504068636324,13.1326512950889],[77.6503775069626,13.1327700374446],[77.6502222223995,13.1330582681598],[77.6501754190531,13.133147167112],[77.6501956626134,13.1332718718893],[77.6502053307984,13.1333576637722],[77.6502638560294,13.1335284840154],[77.6502905918763,13.1335712693624],[77.6503299850504,13.1336094723238],[77.6503738984817,13.1336301471952],[77.650444240458,13.1336343102826],[77.6505583575702,13.1336326071394],[77.650786446278,13.1336009631692],[77.650900320127,13.1335523873473],[77.6509520184038,13.133518243713],[77.6510566005293,13.1334561604133],[77.6511346100789,13.1333829159936],[77.6512000071618,13.133322725493],[77.651278146057,13.1332743301231],[77.6513564833355,13.1332643348311],[77.6514706913477,13.1332801362371],[77.652784121457,13.1338015458238],[77.6528018790866,13.1336693081153],[77.6528209307112,13.1335641713294],[77.6528399814065,13.133459034554]]]}},{"type":"Feature","properties":{"kgisWetlandId":4320,"wetlandCode":"1202","wetlandClass":"Tank/Pond","forestBeatId":2298,"areaM2":49800,"shapeAreaM2":49858.9,"shapeLengthM":896.2,"labelPoint":[77.610195,13.138594],"source":"kgis-wetlands"},"geometry":{"type":"Polygon","coordinates":[[[77.6113848309696,13.1379347218422],[77.6109841502586,13.1378056571408],[77.6105363937043,13.1379433803355],[77.6100840304498,13.1380822553966],[77.6092897737145,13.1380906451256],[77.6087146299724,13.1383436290647],[77.6089221000308,13.1387949774595],[77.6088335491345,13.1392974655327],[77.6091619144826,13.1397182929881],[77.6097765250503,13.1397480525302],[77.6104072755672,13.1397777306473],[77.6110720621547,13.1392396746026],[77.6115450961448,13.1388555987095],[77.6115704383637,13.1383935158408],[77.6116908203755,13.1380320571008],[77.6113848309696,13.1379347218422]]]}},{"type":"Feature","properties":{"kgisWetlandId":4326,"wetlandCode":"1202","wetlandClass":"Tank/Pond","forestBeatId":2379,"areaM2":491356,"shapeAreaM2":491858.2,"shapeLengthM":3480.5,"labelPoint":[77.503131,13.137464],"source":"kgis-wetlands"},"geometry":{"type":"Polygon","coordinates":[[[77.506427722083,13.1345107845923],[77.5062883062706,13.1342775962923],[77.5061936654503,13.1337533557524],[77.5060109302881,13.1333757820872],[77.5057099940831,13.1331156418071],[77.5054106149673,13.1329435979784],[77.5052905953797,13.1329164612933],[77.5051120430764,13.1329466262685],[77.5048453998687,13.1331240233728],[77.5043419565514,13.1334510098018],[77.5035133362181,13.1340132576868],[77.5029800455655,13.1343686138327],[77.5027719229462,13.1344870112744],[77.5026911910954,13.134480029898],[77.5024743655301,13.1344606655227],[77.502235736019,13.1344628579722],[77.5019352054017,13.1342908148476],[77.5016656670187,13.134089265519],[77.5013633167015,13.1337715216811],[77.50088134793,13.1332512618917],[77.5007771881892,13.1331630567262],[77.5006406300517,13.1330490170224],[77.500371895684,13.1330225399684],[77.5001646614751,13.1330833267842],[77.5001371747754,13.1333748668755],[77.5003327760205,13.1337947460927],[77.5004569753104,13.1342307545919],[77.5005229190184,13.134784494377],[77.5005857547082,13.1351631698288],[77.5006781611947,13.1354536114672],[77.50071217657,13.1358324162625],[77.5008068127168,13.1363577890997],[77.5009898063428,13.1367929719493],[77.5011738246068,13.1371999115911],[77.501148162399,13.1376377170061],[77.5008253409499,13.1381367102178],[77.5005011015299,13.1385781045085],[77.4996271602556,13.1390676884977],[77.4985401431301,13.139602833596],[77.4982178475476,13.1397143948834],[77.4980410861814,13.1401376236775],[77.4984948532005,13.1402875280757],[77.4985398868377,13.1403031415927],[77.5004507602026,13.1409266120165],[77.5010957130751,13.1412851890359],[77.5018467073186,13.1418895273564],[77.5022959693635,13.1420614713647],[77.5029223587992,13.1421422624848],[77.5034595799842,13.1421370409367],[77.5037547830608,13.1419002178873],[77.5042858620599,13.1413116227345],[77.5045785710242,13.1407833916177],[77.5046910409234,13.1401706877931],[77.5046864491091,13.1396737170914],[77.5045289644519,13.138770801025],[77.5046428512933,13.138215695825],[77.5048609617039,13.1377617823421],[77.505243851876,13.1372907537218],[77.5055511275293,13.1371736038899],[77.5055722151684,13.136996174078],[77.5057510365233,13.1367734240514],[77.5062412814598,13.1360827868362],[77.5063701552595,13.1355287434913],[77.506365816661,13.1350871189379],[77.5063616771213,13.1346889796981],[77.506427722083,13.1345107845923]]]}},{"type":"Feature","properties":{"kgisWetlandId":4329,"wetlandCode":"1202","wetlandClass":"Tank/Pond","forestBeatId":2505,"areaM2":230171,"shapeAreaM2":230431.9,"shapeLengthM":2312.1,"labelPoint":[77.577139,13.137936],"source":"kgis-wetlands"},"geometry":{"type":"Polygon","coordinates":[[[77.5788507647528,13.1348831595254],[77.5788422348285,13.1340829502349],[77.5780839432738,13.135079383999],[77.5773692201141,13.1355566030116],[77.5767385562485,13.1362502861081],[77.5764197852001,13.1366013794611],[77.5754747134565,13.1380691274786],[77.5751705571201,13.1411766921098],[77.575176774758,13.1417414119699],[77.5761861650246,13.1418721626262],[77.5769064391251,13.1418184802616],[77.5776700530668,13.141433646704],[77.5777613587639,13.1410096508543],[77.5778097746392,13.1410088571086],[77.5783310744211,13.1403456225762],[77.5789475886897,13.1395864917968],[77.5798571419179,13.1393427111957],[77.5801900656862,13.1390570575077],[77.5793695114317,13.1386419190397],[77.5785929921272,13.1378018781679],[77.5785395522976,13.137012048155],[77.5785358164872,13.1369555910899],[77.5786697779636,13.136061520991],[77.5788507647528,13.1348831595254]]]}},{"type":"Feature","properties":{"kgisWetlandId":4332,"wetlandCode":"1202","wetlandClass":"Tank/Pond","forestBeatId":2481,"areaM2":218602,"shapeAreaM2":377524.5,"shapeLengthM":3055.7,"labelPoint":[77.419766,13.138621],"source":"kgis-wetlands"},"geometry":{"type":"Polygon","coordinates":[[[77.4172032456405,13.1396602564223],[77.4186821510854,13.1418662355806],[77.4189606804129,13.1417644219158],[77.4191149635441,13.1417157771031],[77.421336903664,13.1404279261333],[77.4216751369583,13.140258786506],[77.4224139242031,13.1399354947556],[77.4224242751399,13.1399298043296],[77.4224587942906,13.1399138478642],[77.423028319631,13.1396415216437],[77.4231591953404,13.1395116447034],[77.423202668272,13.1394323953484],[77.4232310279633,13.1393238405622],[77.4232212827881,13.1392018896548],[77.4231990126642,13.139116136669],[77.4231618137341,13.1390445635019],[77.4231027709161,13.1389872010023],[77.4230253616771,13.1389485530078],[77.422825855853,13.1389358262511],[77.422701409125,13.1389515922253],[77.4225331864744,13.1389748806318],[77.4224226032049,13.1389973654931],[77.4222543193767,13.1390065347978],[77.4222358584354,13.1390032229434],[77.4216633503971,13.1383052740241],[77.4204813591266,13.1368874982003],[77.4204095103653,13.1368008201339],[77.4199902168013,13.1360722986332],[77.4197706818859,13.1359579925554],[77.4197556413123,13.1359456292057],[77.4197036691847,13.1359238182408],[77.4194973732253,13.1359404847129],[77.4193697287433,13.1360172575977],[77.4192823879428,13.1360825684034],[77.41915169766,13.1362564944208],[77.4190225589713,13.1365241683101],[77.4190042291954,13.1365513528623],[77.4186354795162,13.1371351620056],[77.4184263708279,13.1375754215464],[77.4182369853771,13.1380449687936],[77.4169193548202,13.1392535926127],[77.4172032456405,13.1396602564223]]]}},{"type":"Feature","properties":{"kgisWetlandId":4341,"wetlandCode":"1202","wetlandClass":"Tank/Pond","forestBeatId":2298,"areaM2":51260,"shapeAreaM2":51321.2,"shapeLengthM":1089.8,"labelPoint":[77.615769,13.141142],"source":"kgis-wetlands"},"geometry":{"type":"Polygon","coordinates":[[[77.6166679483774,13.1422133347191],[77.6168015278719,13.1412712555386],[77.6168859754223,13.1401882315341],[77.6168334338778,13.1393724382839],[77.6162751657045,13.1395417750511],[77.6156481724244,13.1400277016116],[77.6151654717021,13.1405513215945],[77.6147631581032,13.1410135565034],[77.6146260925476,13.1414948237988],[77.6148522898431,13.1417710042444],[77.6151383823956,13.1418080054549],[77.6155660646595,13.1418036514884],[77.6158702002713,13.1417609345749],[77.6160534920313,13.1417589077463],[77.6161989004001,13.142016845404],[77.6161834225406,13.1423760971391],[77.6162018559124,13.1428300586813],[77.6167701779698,13.1428238845608],[77.6166679483774,13.1422133347191]]]}},{"type":"Feature","properties":{"kgisWetlandId":4348,"wetlandCode":"1202","wetlandClass":"Tank/Pond","forestBeatId":2355,"areaM2":932183,"shapeAreaM2":933350.6,"shapeLengthM":5234.1,"labelPoint":[77.656111,13.139791],"source":"kgis-wetlands"},"geometry":{"type":"Polygon","coordinates":[[[77.6659782228072,13.1426647931562],[77.6653590229071,13.1419812338223],[77.6646493888882,13.1411987406781],[77.6642516810367,13.1401029258593],[77.6642189185231,13.1393514332261],[77.6646889660766,13.1384155388556],[77.665180696894,13.1374383083968],[77.6651114563309,13.1374245424827],[77.6650169732382,13.1374334944812],[77.6649387454525,13.1374643881148],[77.6647582930531,13.1375669587479],[77.664202350124,13.1379509815712],[77.66348408741,13.1385984292901],[77.6629051669607,13.1389983799063],[77.6621733147688,13.1392534043737],[77.6618543759631,13.1393278754949],[77.6615181682089,13.1394069516679],[77.6610618791362,13.1394499286857],[77.6605174576684,13.1393939583773],[77.6601228537104,13.139328757407],[77.6590522735059,13.1389608972896],[77.6587916325352,13.1389407581567],[77.6581724063707,13.138908880906],[77.6579083455228,13.1388960999562],[77.656496707949,13.1390032018354],[77.6564690290267,13.1390010831287],[77.6562003392977,13.1389849343743],[77.6561738134585,13.138982810041],[77.6555020316441,13.1388207396503],[77.6537738993991,13.1383652550393],[77.6532498450962,13.1380132468879],[77.6522645860988,13.1372016087772],[77.6515858380127,13.1368068912754],[77.6509713302499,13.1365727982538],[77.6506056747527,13.1365311539354],[77.6499763242999,13.1365467454616],[77.6490161829803,13.1367972347223],[77.6488988951617,13.1368548637572],[77.6485872798932,13.1370083429969],[77.6485737333866,13.1370637556059],[77.6485383602751,13.137133961191],[77.6484546437393,13.1372185274289],[77.6480961831795,13.1376760696299],[77.6480473339377,13.1378152406355],[77.6480342607026,13.1379621374271],[77.648007079534,13.1393916199551],[77.6480017724419,13.1394797452628],[77.6479307083667,13.1406716934737],[77.6479288434674,13.1414244952119],[77.647999476929,13.1417070723213],[77.648014838178,13.1420017869138],[77.6492793247701,13.1424138982642],[77.649557360863,13.1424531599538],[77.6503724040166,13.142451316115],[77.6511260701698,13.1423961291602],[77.6514763982256,13.1423706449803],[77.6516516213284,13.1423691971636],[77.6527894042718,13.1423572474898],[77.6541527686954,13.1424955030176],[77.6543546149617,13.1425148136635],[77.6553915247558,13.1426134858902],[77.6564929407306,13.1427022262338],[77.6568574879193,13.142750643535],[77.6576008024188,13.1429213824996],[77.6584125663468,13.1431747904497],[77.6595102479918,13.1434306969368],[77.6610829278942,13.1434718476371],[77.6628525110073,13.1434690698243],[77.6641054672395,13.1434361536232],[77.6645870437586,13.143377794159],[77.6648426871392,13.1433234079656],[77.6651812387252,13.1432510921561],[77.6652870866505,13.1432104568433],[77.6657243842521,13.1430625285271],[77.6661744432846,13.1429297811977],[77.6662136085917,13.1429239346267],[77.6659782228072,13.1426647931562]]]}},{"type":"Feature","properties":{"kgisWetlandId":4421,"wetlandCode":"1202","wetlandClass":"Tank/Pond","forestBeatId":2299,"areaM2":3683,"shapeAreaM2":1146703.6,"shapeLengthM":6796.7,"labelPoint":[77.731435,13.145052],"source":"kgis-wetlands"},"geometry":{"type":"Polygon","coordinates":[[[77.731960494242,13.1448848699304],[77.7319018270928,13.1445403078216],[77.7309890962696,13.1452188885001],[77.7307451257499,13.145504811304],[77.7305793295405,13.1456417146085],[77.731960494242,13.1448848699304]]]}},{"type":"Feature","properties":{"kgisWetlandId":4499,"wetlandCode":"1202","wetlandClass":"Tank/Pond","forestBeatId":2299,"areaM2":1818,"shapeAreaM2":102053.1,"shapeLengthM":1490.4,"labelPoint":[77.729266,13.165028],"source":"kgis-wetlands"},"geometry":{"type":"Polygon","coordinates":[[[77.7297959039999,13.1641192172776],[77.7294176887508,13.1646327031674],[77.7290277547895,13.1654225715074],[77.7286466119549,13.1661344606083],[77.7286295454215,13.1662988910983],[77.7297959039999,13.1641192172776]]]}},{"type":"Feature","properties":{"kgisWetlandId":4500,"wetlandCode":"1202","wetlandClass":"Tank/Pond","forestBeatId":2505,"areaM2":1032829,"shapeAreaM2":1033990.1,"shapeLengthM":5053.0,"labelPoint":[77.571569,13.161709],"source":"kgis-wetlands"},"geometry":{"type":"Polygon","coordinates":[[[77.574825074809,13.1674289878691],[77.5753046889004,13.1674238864473],[77.5757707642768,13.1674792750128],[77.5758121343212,13.1674514059607],[77.5759908391813,13.1674499907293],[77.5761972785888,13.1674614345719],[77.5762686320243,13.1674345517009],[77.5764573777683,13.1673647554638],[77.576660129775,13.1670944057738],[77.5769859095249,13.1667545718449],[77.5771480409355,13.1664301998826],[77.577292779726,13.1658506440733],[77.577322852199,13.1653998333253],[77.5773207129062,13.1651987926868],[77.5771549354033,13.1647794086632],[77.5766533239376,13.1640589172769],[77.5763070227345,13.1637392225678],[77.5761268433873,13.1636745687458],[77.5757693761646,13.1636644065842],[77.5754806918587,13.1635737249432],[77.5750098809215,13.1632557485801],[77.5748009778943,13.1629754958702],[77.5746402648925,13.1626475755611],[77.5745609177166,13.1624542430645],[77.5743591647601,13.1622213954462],[77.5740076350535,13.1615385881182],[77.5739557575879,13.1605962687707],[77.5739812203919,13.1603804134961],[77.5739846806999,13.1599088315215],[77.5742087016792,13.1592729914112],[77.574626546284,13.1586639037912],[77.5753790757343,13.1581232557261],[77.5756506918341,13.1580259584655],[77.5757301548394,13.1577720082617],[77.5758181746459,13.1573819137881],[77.575942514305,13.1568747435344],[77.5761149601745,13.156538464217],[77.5764215189208,13.1562783518321],[77.576752881827,13.1561395438691],[77.5770659302562,13.1560279294141],[77.5773040434806,13.1559172359263],[77.5773679391371,13.155780827953],[77.5774215053142,13.1556540693831],[77.577432919404,13.1553953608816],[77.5773495601809,13.1553240331939],[77.5771359698308,13.155262927073],[77.5768868619485,13.1552471683735],[77.576148052952,13.1552907768448],[77.5754740707169,13.1553882914012],[77.5752181778392,13.155399671536],[77.5751651586506,13.1554027465659],[77.5750422262744,13.1554908659358],[77.5747389316379,13.1554753632096],[77.5743112204297,13.1554802163972],[77.5739005446584,13.1554319006146],[77.5731507588314,13.1553530032938],[77.5729900848985,13.1552673578751],[77.5727768037813,13.1552694972446],[77.5725806466157,13.155236541521],[77.5724904644211,13.1551844468159],[77.5714520778784,13.1547929090761],[77.5711875669124,13.154691940208],[77.5710017474208,13.1546510287324],[77.5708624152399,13.1546861376909],[77.5707925142868,13.1547740042309],[77.5707992616604,13.1549755879929],[77.5710020373722,13.1556568457346],[77.5710677693219,13.155896553773],[77.5711380073442,13.1563508449007],[77.5710237476611,13.1570358621892],[77.5708516903869,13.1576900910047],[77.5707906036551,13.157930398877],[77.5706966351489,13.1580477464173],[77.5703451837648,13.1583244410776],[77.5697712999345,13.1588551955909],[77.5697280336751,13.1589672199051],[77.5696792179319,13.1591233226096],[77.5696454844877,13.1595357491933],[77.5696543854604,13.1601795210049],[77.569654520042,13.1602071938319],[77.5695839914238,13.1608767555484],[77.5695356817948,13.1611367677978],[77.569480885352,13.1612488479723],[77.5692172031759,13.1615561878186],[77.5688681896768,13.1618611086262],[77.5685171652377,13.1622270296675],[77.5680107645004,13.163122854935],[77.5677878474755,13.1635158440954],[77.5673425624755,13.1641775736316],[77.5672679970694,13.1642552966068],[77.5670297754344,13.1648206056434],[77.5670276019778,13.1648477243103],[77.5670065529236,13.1650240247015],[77.5670054652781,13.1650375844959],[77.5669152743884,13.1652215531073],[77.5669165809901,13.1654903689819],[77.5669378424609,13.1655947467474],[77.5671664618115,13.1661369576385],[77.5673904563426,13.1666763649681],[77.5674566721514,13.1667782725852],[77.567492638629,13.1668244126956],[77.5676948577903,13.1673904667273],[77.5678310619753,13.1678958395167],[77.5679441602657,13.1681545250023],[77.5685644200881,13.1686186424326],[77.5697738508521,13.1686078418161],[77.5705885142413,13.1685057202976],[77.5712587147834,13.1683342520727],[77.5720713018228,13.1680435099512],[77.5731733885888,13.1677739822842],[77.5737225330594,13.167604776082],[77.5741533794415,13.1675293140744],[77.574825074809,13.1674289878691]]]}},{"type":"Feature","properties":{"kgisWetlandId":4637,"wetlandCode":"1202","wetlandClass":"Tank/Pond","forestBeatId":2379,"areaM2":8541747,"shapeAreaM2":8570852.3,"shapeLengthM":21075.1,"labelPoint":[77.491513,13.168034],"source":"kgis-wetlands"},"geometry":{"type":"Polygon","coordinates":[[[77.4748203355633,13.1836532709088],[77.4756019419742,13.1846797853454],[77.4758898567414,13.1858403210711],[77.4761006645309,13.1858508700461],[77.4763704339176,13.185838395333],[77.4766088873296,13.1857853940663],[77.4773546895506,13.1854732058863],[77.4786156748705,13.1848498327803],[77.4804976706374,13.1838605872626],[77.4811590549608,13.183497365401],[77.4817890586887,13.1830794974111],[77.481953068247,13.182884497865],[77.4821581272019,13.1825876608589],[77.4826719232127,13.1819720698489],[77.4832463242729,13.1812449519217],[77.4840691014332,13.180366513985],[77.4844919385129,13.1800370900729],[77.4848530658832,13.1798304910932],[77.4853279217294,13.1795302044312],[77.4863519150574,13.1790371719889],[77.4872430542528,13.1787435175399],[77.4882899890325,13.1784796709908],[77.4894195858085,13.1781375163686],[77.4897409973651,13.1780734071686],[77.4902923214577,13.1781088085295],[77.4904378773312,13.1781680292415],[77.4906264214042,13.1782987850735],[77.4906356946038,13.178309474487],[77.4919000940029,13.1787037282335],[77.4932828863234,13.1797729071241],[77.4937723650458,13.1801519503563],[77.4947655868011,13.181254473953],[77.4959119421474,13.1823054854068],[77.4964891697796,13.1832110546263],[77.4970165899169,13.184317899382],[77.4972287601986,13.184821287474],[77.4972333875195,13.185327292897],[77.4972357258647,13.1855859430401],[77.4973647533108,13.1858112727263],[77.4976280313388,13.1861438741086],[77.4978168162515,13.1863248867665],[77.4980263560753,13.1865058061618],[77.4985406465124,13.1870101047257],[77.4988047317489,13.1875177770754],[77.498915335827,13.187999589838],[77.4989911956039,13.1884482367027],[77.4990295218945,13.1887586843546],[77.4990320992905,13.1890687263898],[77.4992465241721,13.1893083581518],[77.4994968579223,13.1895828443069],[77.4997819374725,13.1898904966118],[77.5000684923058,13.1902681711013],[77.5008589274752,13.1916409633642],[77.5011081100612,13.1919148865329],[77.5013225405777,13.1921545165955],[77.5015371332598,13.1924291601329],[77.5017169716007,13.192668944256],[77.5022142224674,13.1929745141597],[77.5024271846314,13.1931452479285],[77.5026837962091,13.1932790776999],[77.5029442435318,13.1939945925284],[77.5037772799996,13.194347788567],[77.5047872763145,13.1940665294206],[77.5058835602037,13.1932444023014],[77.506784570389,13.1913410698281],[77.5069057832266,13.1896259152224],[77.5066037426841,13.1871485412153],[77.5061700038868,13.1868613312484],[77.5057364922945,13.1858743819163],[77.5049304255365,13.1846134981853],[77.5048581469513,13.1841930759176],[77.5051997375945,13.1837538551312],[77.5060041658843,13.1834130852284],[77.5068970529507,13.1837496283021],[77.5083034654254,13.183674974427],[77.5100441779053,13.1835807349015],[77.5119555110208,13.1834795021948],[77.5130987228069,13.1830936965379],[77.5136848058187,13.1821710585194],[77.5138222167868,13.1812216436628],[77.513449903996,13.1800090927577],[77.5118981900125,13.1793299107488],[77.5104423265427,13.1789292775421],[77.5104719986029,13.178863067463],[77.5100043763092,13.1782286889113],[77.5075092818602,13.1782534596032],[77.5041249011244,13.1772176151104],[77.503093049522,13.1779965204575],[77.501530156331,13.1786388626299],[77.5007048928312,13.1787097549041],[77.4992017266901,13.1775462752699],[77.4994659201636,13.1768244614815],[77.4996105630403,13.1764335657891],[77.499972868273,13.1762365427738],[77.5002289395174,13.1760061065823],[77.4997791504,13.1757330749333],[77.4995947962257,13.1750087430331],[77.4996240678401,13.1743523589072],[77.4996175987678,13.173696699974],[77.4998235948701,13.1731078647795],[77.5000305363125,13.1727251635818],[77.5002030550021,13.1723793239717],[77.5003770357135,13.172100685583],[77.5006211937283,13.1717878480968],[77.5008294456777,13.1714401555399],[77.5008971939929,13.171128104997],[77.5008937766448,13.1708864015857],[77.500676156232,13.1701989287239],[77.5004583258661,13.1697164641202],[77.5000800479031,13.1689438637186],[77.4998994364821,13.1685312622923],[77.4998160246957,13.1684452261087],[77.4996587306962,13.1680884329717],[77.4993838198081,13.1672267019871],[77.4985407668736,13.1659241616235],[77.4984911129652,13.1656561205997],[77.498378178269,13.1654177292963],[77.4982775449201,13.1650956972776],[77.4981163563264,13.1648942303649],[77.4979310051582,13.1647041656344],[77.4977582873744,13.1645027483103],[77.49758408185,13.1642284846453],[77.4973874593722,13.1635906117866],[77.4972365963387,13.1631259187366],[77.4970950668064,13.1624330190101],[77.4970016332236,13.1616681817058],[77.4970275210707,13.1612783802113],[77.4971449109638,13.1607277804338],[77.4973019817617,13.1605339324464],[77.4974963887603,13.1604364942871],[77.4979475669591,13.1602644948827],[77.4982882259909,13.1601291300358],[77.498540990635,13.1599348568002],[77.4985402871089,13.1592780410238],[77.4983644364157,13.1591472342244],[77.4980017397786,13.1590020093373],[77.4974503715752,13.1589474197838],[77.4969486311527,13.1589039035885],[77.4963616334928,13.1588737551138],[77.4958135399593,13.1585266009982],[77.4953224574023,13.1582921441859],[77.495039391458,13.1581629398542],[77.4948424115342,13.1579492038979],[77.4946312146724,13.1576519447782],[77.4944567525771,13.1573195089094],[77.4943690678561,13.156548430256],[77.4942411071608,13.1560469224672],[77.4942233899546,13.1554489170715],[77.4942051137059,13.1542228972768],[77.4941769044149,13.1538519724338],[77.4944195243414,13.1519403018492],[77.4945963715652,13.1512804400761],[77.4945871186336,13.1502633418586],[77.494525897236,13.1497321706724],[77.4943515450009,13.1494223233413],[77.493832163561,13.1487926529167],[77.4932743112507,13.1480688368294],[77.4930317018782,13.1477067676263],[77.4929684652226,13.1474918721486],[77.4926967659749,13.1460580081024],[77.4925381080257,13.1453956771327],[77.4923583472388,13.1446560664487],[77.4923321665981,13.1444765865413],[77.4923798779542,13.1443205012493],[77.4924884728842,13.1441161418639],[77.4926305598125,13.1436710435318],[77.4926433977237,13.1431988448716],[77.4925555729337,13.1429004719754],[77.492157263158,13.1422702618438],[77.4919972961844,13.1420795144506],[77.4918448247286,13.1420158044276],[77.4915791534012,13.1419045895666],[77.4909478172797,13.141749243821],[77.4906168441882,13.1417286792267],[77.4904223432536,13.141802957392],[77.4902279476461,13.1419003890753],[77.4896095761412,13.1423153949575],[77.4890452062383,13.1426900633324],[77.4888727904369,13.1428043410102],[77.4882760319275,13.1431559945189],[77.488107001447,13.1432544432549],[77.4875609758753,13.1436075665573],[77.4871341895131,13.1438150192554],[77.4865420859549,13.1439226713862],[77.4856754691677,13.1440032893452],[77.4852927663445,13.1440168314463],[77.4844282426127,13.1440505608071],[77.4842577873893,13.1440891483603],[77.4839583428737,13.1441576688456],[77.4837527927836,13.1443392960651],[77.4836086645605,13.1445912492611],[77.4835015912909,13.1448791846061],[77.4834671524124,13.1451673664938],[77.4833472906418,13.1454316382403],[77.4831658915165,13.1456001687132],[77.4828977649921,13.1457114741915],[77.482690545984,13.1457790245227],[77.4825385868308,13.1458288246022],[77.4820631520084,13.1459879135774],[77.4813672572007,13.1460909262802],[77.4812359167971,13.1461112676796],[77.4807197802569,13.1461931588385],[77.480053937753,13.1463135431298],[77.4799702624466,13.1464217794376],[77.4799351174512,13.1465540880206],[77.4799355447219,13.1466489673514],[77.4799486592275,13.1467449204296],[77.4800852901185,13.146875348385],[77.4803304006358,13.1470290220456],[77.4806989173656,13.1471923212534],[77.4809820150052,13.1473328383221],[77.481130285437,13.147487499662],[77.4812046586415,13.1476176355365],[77.481243677058,13.1478332050703],[77.4812773872893,13.1481498909417],[77.4812333790369,13.1486177099917],[77.4810913151328,13.1490729681165],[77.4803632868449,13.1502350552543],[77.4799385008696,13.1506345087273],[77.4796847342259,13.1508637838509],[77.4793558165784,13.15104651249],[77.4784361924979,13.1513961689206],[77.4774373151408,13.1518133754977],[77.4771338667415,13.1520197102087],[77.4769762938122,13.1521045481332],[77.4768045785056,13.1523775142615],[77.4766091046125,13.1527516772811],[77.4765309457708,13.1530620755174],[77.4764887216335,13.1534158041081],[77.4765184367219,13.1541278440635],[77.476540421731,13.1544022251431],[77.476596795071,13.1546318386177],[77.4766885900779,13.1547901378297],[77.4768718183022,13.1550265396355],[77.4772970267548,13.1554877919112],[77.4774706365968,13.1556361325043],[77.4777420460811,13.155739429312],[77.4782944133547,13.155761300948],[77.4788100018648,13.1558093123144],[77.4799649405575,13.1557370526725],[77.4800709841075,13.1557303768807],[77.4804147499804,13.1557712294095],[77.4807678582922,13.1558385837769],[77.4810885447454,13.1558750189293],[77.4813064858174,13.1558819709596],[77.4815230744803,13.1558448769139],[77.481775160465,13.1557534087026],[77.4820084407005,13.1555829569305],[77.4821440468959,13.1554846583487],[77.4822325398923,13.1554215817379],[77.4823051305226,13.1554116615022],[77.4823961744663,13.1554027906644],[77.4826348416864,13.1554040036966],[77.482862245452,13.1554640001949],[77.4829710215298,13.1555521917585],[77.4831352531766,13.1556655531035],[77.4833818984839,13.1559011070838],[77.4837315223137,13.1564728087064],[77.4839775680751,13.1570856270075],[77.4840797123666,13.1574918098375],[77.4841206696429,13.1578801886881],[77.4841058935476,13.1581818375244],[77.4841262446709,13.1588577719643],[77.484156910017,13.1592648324944],[77.4842226734674,13.1595294192517],[77.4842881173596,13.1597234100643],[77.4843350752286,13.1599090110538],[77.4845011795305,13.1606899151844],[77.4845870650362,13.1610696251682],[77.4846618538899,13.1612901195972],[77.4847181959317,13.1615106950163],[77.4851261697475,13.1629981854558],[77.4852008368183,13.1631915704928],[77.4853186356799,13.1637433923884],[77.4853112045601,13.1638846152393],[77.4852759051788,13.163982475662],[77.4851969529102,13.1641161071753],[77.4851342226681,13.1642671752654],[77.4850634600906,13.1644267507416],[77.4848245388335,13.1648807426695],[77.4845686518382,13.1651529551737],[77.4842827280321,13.1654123089379],[77.4839230134995,13.1656719875554],[77.4836352971156,13.1657901583585],[77.4834006145664,13.16590752999],[77.4828950131242,13.1662881438191],[77.4827425134446,13.1664763151222],[77.4826273784587,13.1667682389197],[77.4825764977659,13.1669904154115],[77.4825588106932,13.1671587928292],[77.4825697056809,13.1672733923088],[77.4826072398827,13.1674144186634],[77.4827499584436,13.1676131540547],[77.4829767747462,13.1677957068265],[77.4832958346335,13.1679789826472],[77.4835779546406,13.1681522562125],[77.4837421221062,13.1682492386126],[77.4839690106246,13.1684476034194],[77.4842096259587,13.1686216222959],[77.4845657965298,13.1688516105343],[77.484837715148,13.1690633299551],[77.4850262500329,13.1691940899496],[77.4852150583803,13.1693852799281],[77.4853207125,13.1695463363414],[77.485404326819,13.1696781244133],[77.4855429631978,13.1699926526091],[77.485652629048,13.1705298244368],[77.4856569217001,13.1709680632665],[77.4856314873582,13.1714617782369],[77.4855908084882,13.1716449417711],[77.4854594135331,13.1719103946676],[77.4851633732647,13.1724832393135],[77.4850445831142,13.1726616115324],[77.4848770622975,13.1729131555034],[77.4844272561105,13.1736498917818],[77.4841937256949,13.174277808005],[77.4838055282942,13.1748708236622],[77.4837646001377,13.1749170281832],[77.4834866118828,13.1752308508558],[77.4826139165184,13.1762868420294],[77.4819176481057,13.1773460093093],[77.4817020820395,13.1776135240723],[77.4813517899723,13.1779217290348],[77.4808146198013,13.1782115511865],[77.4804329906763,13.1784747112026],[77.4800601487187,13.1786412572351],[77.4797905247934,13.1786842314771],[77.4796142986107,13.1787267961055],[77.479458961297,13.1787992015801],[77.4792118884073,13.1789849623948],[77.4786563506321,13.179549901341],[77.4783772672543,13.1797967954163],[77.4782027187692,13.1799562590463],[77.4779346614367,13.1800912809497],[77.4776238492776,13.1802061587075],[77.4771270222448,13.1804952331413],[77.476158409543,13.1812579463106],[77.4756012266345,13.1817161454974],[77.4751073403302,13.1821475237456],[77.4750979813715,13.182157874269],[77.474726409147,13.1825688070626],[77.4746252045395,13.182884953587],[77.4746022061134,13.1830659611884],[77.4745770415852,13.1832640146993],[77.4748203355633,13.1836532709088]]]}},{"type":"Feature","properties":{"kgisWetlandId":4675,"wetlandCode":"1202","wetlandClass":"Tank/Pond","forestBeatId":2503,"areaM2":70370,"shapeAreaM2":104855.5,"shapeLengthM":1563.6,"labelPoint":[77.575668,13.197295],"source":"kgis-wetlands"},"geometry":{"type":"Polygon","coordinates":[[[77.577965598619,13.1983164906591],[77.5779489598528,13.1982707837094],[77.5775636194131,13.1982308310992],[77.5769498970045,13.1979429138038],[77.5766522168048,13.1969684499871],[77.5768110043984,13.1964294893202],[77.5764861185746,13.196019337583],[77.5761311233625,13.1960526559849],[77.575872610304,13.1962436415431],[77.5754876601368,13.1967520531974],[77.5750683364574,13.1970708722834],[77.574100760165,13.1975188031747],[77.5737154940257,13.197963962255],[77.573942588058,13.1981848279491],[77.5743826194369,13.1983256158867],[77.5743319580087,13.1983411053173],[77.5748758464068,13.1989676443687],[77.5748974071172,13.1989927398367],[77.577965598619,13.1983164906591]]]}},{"type":"Feature","properties":{"kgisWetlandId":4696,"wetlandCode":"1202","wetlandClass":"Tank/Pond","forestBeatId":2503,"areaM2":41091,"shapeAreaM2":41140.0,"shapeLengthM":808.5,"labelPoint":[77.620749,13.200784],"source":"kgis-wetlands"},"geometry":{"type":"Polygon","coordinates":[[[77.6218012442178,13.1997299597255],[77.6217733563991,13.1996883058009],[77.6210641822561,13.1999126241053],[77.6208880890564,13.1999778746764],[77.620547417255,13.2001054931685],[77.6201745046503,13.2002423074055],[77.6199362527058,13.2003293235963],[77.6198070835698,13.2005519035752],[77.6196792213353,13.2008049727312],[77.6196805216752,13.2010602283881],[77.6196811541745,13.2011844681734],[77.6197796267291,13.2015008001292],[77.6201028108407,13.2015618902499],[77.6203922403427,13.2015610259021],[77.6206516820189,13.2015591792026],[77.6208465293734,13.201779594525],[77.6211054673716,13.2019048163293],[77.6215088950514,13.2018723263574],[77.6215250316385,13.2018711166939],[77.6217179455238,13.2017120363218],[77.6217264739138,13.2015753280343],[77.6217489665239,13.2012375035775],[77.6218099686841,13.2007628217504],[77.6218411502191,13.2003199128435],[77.6218400912748,13.2001120946678],[77.6218382208913,13.1999714836173],[77.6218384133676,13.1997828607946],[77.6218012442178,13.1997299597255]]]}},{"type":"Feature","properties":{"kgisWetlandId":4697,"wetlandCode":"1202","wetlandClass":"Tank/Pond","forestBeatId":2503,"areaM2":118265,"shapeAreaM2":118407.4,"shapeLengthM":1599.6,"labelPoint":[77.625899,13.200641],"source":"kgis-wetlands"},"geometry":{"type":"Polygon","coordinates":[[[77.6287475196492,13.2017421301925],[77.6288641531902,13.2015501041192],[77.6287976383443,13.2011714969991],[77.628698346799,13.2006976116152],[77.6286305297392,13.2000648787355],[77.6285304314041,13.199433435829],[77.6282714278189,13.199295232438],[77.6280707163105,13.1992815465239],[77.6277841730411,13.1993947878251],[77.6277704827401,13.1994236583377],[77.6274842286701,13.1995933715639],[77.6270550670044,13.199778477547],[77.626382741261,13.1999918951778],[77.6257803953209,13.200134939117],[77.6251926099534,13.200193762701],[77.6244765467094,13.2001978752213],[77.6237454887992,13.2002009316276],[77.6236947264539,13.2001961003333],[77.6232147845893,13.2001476503088],[77.6230878612072,13.2005836907205],[77.6232625350721,13.2011441755459],[77.6236236888518,13.2014145914384],[77.6237081900369,13.2014779876532],[77.6248003766659,13.2017391330499],[77.6249733684989,13.2017439234111],[77.626149714579,13.2017759268295],[77.6265197527891,13.2017537597812],[77.6265716299683,13.2017512442893],[77.6272507977917,13.2017473069905],[77.6277677088811,13.2018085550795],[77.6282203682708,13.2019328083987],[77.6286720558107,13.2018673117333],[77.6286914868805,13.2018338959107],[77.6287475196492,13.2017421301925]]]}},{"type":"Feature","properties":{"kgisWetlandId":4710,"wetlandCode":"1202","wetlandClass":"Tank/Pond","forestBeatId":2379,"areaM2":140144,"shapeAreaM2":151480.6,"shapeLengthM":1553.9,"labelPoint":[77.566654,13.202481],"source":"kgis-wetlands"},"geometry":{"type":"Polygon","coordinates":[[[77.5677410283471,13.203625497939],[77.568758627272,13.2027634206306],[77.5687748565007,13.2025533963784],[77.5688770300631,13.201751534986],[77.5688445665011,13.2017155453948],[77.5686242781802,13.2014714885802],[77.5683970298847,13.2012189927706],[77.5683948660248,13.2007756755208],[77.5681354889542,13.2005555223581],[77.5677468904727,13.2005573611782],[77.5671983188741,13.2006232093849],[77.5668109568181,13.2008786136157],[77.5665542009869,13.2011960864614],[77.5662310210093,13.2011343631859],[77.5657440193253,13.2008204054778],[77.5652271954055,13.2010126018127],[77.5650373851732,13.2015805064774],[77.564959033667,13.2015933013217],[77.5648116222596,13.2018695947733],[77.5645236565757,13.2024091593149],[77.5645270470642,13.2031060432525],[77.564658046165,13.2034855015444],[77.5650793235452,13.2037997708335],[77.5655894701302,13.2038928026086],[77.5655976958948,13.2039243902141],[77.5660826259204,13.2040486012546],[77.5669875221418,13.2039810700031],[77.5677117258251,13.204222178692],[77.5677538996689,13.2043575196638],[77.5679982163625,13.2043423562892],[77.5677410283471,13.203625497939]]]}},{"type":"Feature","properties":{"kgisWetlandId":4744,"wetlandCode":"1202","wetlandClass":"Tank/Pond","forestBeatId":2379,"areaM2":1688025,"shapeAreaM2":1689780.6,"shapeLengthM":7560.7,"labelPoint":[77.514518,13.200871],"source":"kgis-wetlands"},"geometry":{"type":"Polygon","coordinates":[[[77.5218181098953,13.2051949183343],[77.5220300406429,13.205140866163],[77.522295501335,13.2051899191946],[77.5226654101737,13.2051345817266],[77.5229815430024,13.2049236161555],[77.5228983767814,13.2046489592833],[77.5228948699146,13.2046388090819],[77.5228925104911,13.2046275245554],[77.5228725943426,13.2045609746153],[77.522654772586,13.2040971728615],[77.5225676912436,13.2039704998456],[77.5225479539176,13.2039423526799],[77.5220681934061,13.2036875740768],[77.5217480493428,13.2035348535201],[77.5212699334702,13.2033845466306],[77.5208453430482,13.2033367799724],[77.5204193594962,13.203237626161],[77.5196393146841,13.2031299161825],[77.5193566114929,13.2030922327116],[77.5190436430128,13.2029936937407],[77.5188821821588,13.2027436751416],[77.5186034615879,13.2020779622586],[77.5185210092193,13.2007217898846],[77.5185565761286,13.1996971595896],[77.5185606499319,13.1995819297745],[77.519573726125,13.1994660714208],[77.5211856409456,13.1986878486591],[77.5226157647677,13.1979985459098],[77.5234370966602,13.1970793328971],[77.5241058612271,13.1963313705102],[77.5236775162456,13.1952360012113],[77.5230764339005,13.1936975205208],[77.5228243355316,13.1930531516309],[77.5212323642938,13.1936488750075],[77.5196806786976,13.194230851733],[77.5183518819423,13.1941459599217],[77.5174505421614,13.1947261008381],[77.5163125971441,13.1957557284338],[77.5158896578157,13.1958118612507],[77.5150697554838,13.1960539010384],[77.5144549531423,13.1960148899338],[77.5143830234564,13.195921466324],[77.5142047653017,13.1957765645016],[77.5138868215368,13.1955978439911],[77.5134296935251,13.1954931713009],[77.5130663872233,13.1954784345643],[77.5127678662879,13.1955085856523],[77.512442744433,13.1955219136826],[77.5123594235893,13.1954584718041],[77.5119306130815,13.1949956114734],[77.5116081308609,13.1945842278296],[77.5110666478824,13.1934481170184],[77.510776481718,13.1930422340459],[77.51036677278,13.1924697210012],[77.5100442899998,13.1920572049708],[77.5096706518133,13.1918024876028],[77.5096521816794,13.1917980527668],[77.5086763676529,13.191987121959],[77.507462328778,13.1925274083497],[77.5067888211624,13.1932567156431],[77.5064598299161,13.1944272453423],[77.5062522364393,13.1951685774397],[77.5062859731785,13.1952328087931],[77.5065047179342,13.1959044547463],[77.5067760302466,13.1964730787372],[77.5070410558883,13.1969287776048],[77.507045705317,13.1969366636958],[77.5076869235056,13.1974499705072],[77.5082748553471,13.1979104281665],[77.5087585856682,13.1985289215178],[77.5091876336624,13.1990426142725],[77.5095093994494,13.1992992593513],[77.5098326069943,13.1998659499172],[77.5101551003416,13.2002784651352],[77.5103186997939,13.2007430888194],[77.5106923580096,13.2009989345344],[77.511120214996,13.2012545332125],[77.5121577551391,13.2016847136919],[77.5129560043756,13.2019883364067],[77.5135962767466,13.2022932353679],[77.5138112921815,13.2026537084258],[77.5140805078127,13.2030145006027],[77.5142387463342,13.2033164944362],[77.5142422426166,13.2033243853405],[77.5142585816522,13.2033661034439],[77.5142784118651,13.2034145822547],[77.514405610073,13.2037370482396],[77.514409854183,13.2041526905789],[77.5142549609158,13.2045684892895],[77.5142570778483,13.2047751802779],[77.5142589635979,13.2049321753219],[77.5144223368421,13.2053459672658],[77.5147429596121,13.2056014815947],[77.5150626178071,13.2056502968369],[77.5156124002817,13.2058364351367],[77.5156620655202,13.2058531533477],[77.515807595573,13.2059021927835],[77.5161211265633,13.2061204622909],[77.5161327008805,13.2061294454972],[77.5161454217622,13.2061372944104],[77.516394171132,13.2063118068215],[77.516822280466,13.206618222766],[77.5171450340504,13.2070821177405],[77.5173619416814,13.2075984513552],[77.5173150274596,13.2081701990847],[77.51705404847,13.2085870449082],[77.5168456336272,13.2089008655574],[77.5166360626564,13.2092141265034],[77.5167994417388,13.2096273518264],[77.5169604561572,13.209781365618],[77.5172280465543,13.2100382456179],[77.5173874244821,13.2100889145464],[77.5177587367872,13.210084970073],[77.5179405084081,13.2097458555006],[77.5179381399815,13.2094860770151],[77.5180421039716,13.2092772101826],[77.5181463153794,13.2091214287842],[77.5184624576489,13.2089104681455],[77.5186722683436,13.2086491613987],[77.5188295176897,13.2084914444978],[77.5190926139298,13.2082812893941],[77.5195662535609,13.2079662607375],[77.5199884802539,13.207754251824],[77.5202518162355,13.2075954863615],[77.5204621114634,13.2074380917052],[77.5206683984191,13.2069175773846],[77.520824185367,13.206448684348],[77.5209819187261,13.2063948796165],[77.521140564667,13.2062896783471],[77.5212445290485,13.2060819392878],[77.5213470946553,13.2058216836612],[77.5214503227398,13.2054569462714],[77.5218181098953,13.2051949183343]]]}},{"type":"Feature","properties":{"kgisWetlandId":4828,"wetlandCode":"1202","wetlandClass":"Tank/Pond","forestBeatId":2379,"areaM2":1085943,"shapeAreaM2":1087112.7,"shapeLengthM":5545.8,"labelPoint":[77.54272,13.216075],"source":"kgis-wetlands"},"geometry":{"type":"Polygon","coordinates":[[[77.5475260458838,13.2235122752053],[77.5479371792797,13.2233923259911],[77.5480464568855,13.2233336475561],[77.5481522736929,13.2232749837229],[77.5482888553466,13.2231388068801],[77.5483849883293,13.2229847457973],[77.5485397454607,13.2227908793838],[77.5487153540289,13.2226166826237],[77.5488895244403,13.2223831913669],[77.5489660516644,13.2222292227575],[77.5490226946195,13.2220171763899],[77.5490200495933,13.2217071406604],[77.5490198811826,13.2216721264381],[77.5490163517997,13.2216574598096],[77.5488748966605,13.221019952097],[77.5488136335947,13.2207508508648],[77.5486350263613,13.2205410325435],[77.5484552680592,13.2203317838529],[77.548215402533,13.2198534282361],[77.5479510953448,13.2190882932954],[77.5478096206915,13.2186857212641],[77.547500522622,13.2181986514526],[77.5474203086926,13.2180651791827],[77.5473400957817,13.2179317068612],[77.5472009792389,13.2177798725474],[77.5470815516651,13.2176454519912],[77.5469230132081,13.2175315463605],[77.5467056676236,13.2174190432647],[77.5465071862329,13.217152275582],[77.5463858700847,13.2168642513847],[77.5462840701462,13.2165580657238],[77.5462207434844,13.2160980879287],[77.5462753108829,13.2156934719862],[77.5462908587934,13.2153285701582],[77.5461207927114,13.2149746970179],[77.5459028973472,13.21474698733],[77.5457639598193,13.214631859023],[77.5454470749536,13.2144430117735],[77.5452309745221,13.2143491380605],[77.5450513163789,13.2141590865948],[77.5448139093752,13.2139506670864],[77.5444572608671,13.2136456650617],[77.5439422735833,13.2132674138877],[77.5436251164642,13.2130209596131],[77.5433575899102,13.2127833122029],[77.5431202754291,13.2125935270544],[77.5425666288319,13.2123295327397],[77.5422511782637,13.2121982786844],[77.542041538904,13.2117666505189],[77.5420156448173,13.2114154947942],[77.5420122893451,13.2107129575093],[77.5419143392122,13.2102452314731],[77.5416018660224,13.2100123077946],[77.540861422549,13.2099925827178],[77.5405509590913,13.2101809532692],[77.540081523666,13.2104045093583],[77.5399437446528,13.2102893726781],[77.5397446725509,13.2101378101532],[77.5393006312407,13.2098829014654],[77.5390443595396,13.2098276120817],[77.5388272070228,13.2097535026482],[77.5385916007824,13.2096789157607],[77.5384333449345,13.2096226066567],[77.5380985718942,13.2095496061624],[77.5375875510579,13.2095163869069],[77.5373131949856,13.2095379849766],[77.537018174594,13.2095794442887],[77.5366069627258,13.2096796096652],[77.5363523914934,13.2097395177074],[77.5360391043088,13.2098194637622],[77.5358224955774,13.2098599951256],[77.5354891477617,13.2098440250038],[77.5352309960732,13.2096356907574],[77.5348545874727,13.2092940547273],[77.5345959753365,13.208988585143],[77.5343391591431,13.2088180823891],[77.5339437862945,13.2086109444519],[77.5335900458535,13.208671871016],[77.5334561307041,13.2088842702677],[77.5335176487775,13.2092115455405],[77.5336001853745,13.2095940678213],[77.533761328768,13.2100163277829],[77.5338824364655,13.2102642614228],[77.5339844002256,13.2106088569967],[77.5340084992141,13.2110701497083],[77.5338629982008,13.2122438143317],[77.5337815967933,13.2128304035386],[77.5336468959928,13.2131207425237],[77.5335122800397,13.2134291525548],[77.5334570487283,13.2136982298245],[77.5333423159998,13.2140652833609],[77.5332266663254,13.2142391943548],[77.5330899863709,13.2143555988557],[77.5330905319042,13.2144708053963],[77.5332098537757,13.214584901889],[77.5335249398328,13.2146393615843],[77.5341942282333,13.2147283348006],[77.5345470964007,13.214725014644],[77.5349010266469,13.2147024885801],[77.5352942526957,13.21469841578],[77.5359443988115,13.2148846100374],[77.5361729773141,13.2149355128211],[77.5367709745772,13.2150682937994],[77.5375476455642,13.2151849998496],[77.5379413349241,13.2152780588448],[77.5383755656258,13.2154082044661],[77.5386126930325,13.2155590263228],[77.5389300325392,13.2158438885049],[77.5391870437436,13.216052788741],[77.5397021273216,13.2164513792226],[77.5401871844048,13.2168405076363],[77.5403652330207,13.2169351260314],[77.540681931011,13.2170850128139],[77.5410189767661,13.2173901118885],[77.5412365985335,13.2175607882863],[77.5413954077459,13.2177317366324],[77.5415544911899,13.2179602890883],[77.5417345164352,13.2182271464923],[77.541834428911,13.218380860402],[77.5419931492813,13.2185331717295],[77.542290433238,13.2187221156613],[77.5427629998284,13.2189091138278],[77.5431765709877,13.2190585479302],[77.5433868164625,13.2193738325443],[77.5437218783452,13.2195044292965],[77.5440178337702,13.2196561021057],[77.544412771722,13.2197672168929],[77.5446500949732,13.2199569993039],[77.5448676290636,13.2201084706457],[77.5451261732379,13.2203947277156],[77.5454846223575,13.2208324368472],[77.5455675609658,13.2212934534601],[77.5457392448827,13.2217433253342],[77.5458408610264,13.222011108769],[77.5459414180853,13.2222981001161],[77.5459629089437,13.2224510472191],[77.5460042905442,13.2226632016649],[77.5461043862917,13.2228541867657],[77.5463234440312,13.2230818905413],[77.5464625659363,13.223234290368],[77.5466604064519,13.2233666498936],[77.5468580693996,13.2234617373227],[77.5471131089413,13.2234972572252],[77.5473886320782,13.2234756425909],[77.5474763885611,13.2234983874066],[77.5475260458838,13.2235122752053]]]}},{"type":"Feature","properties":{"kgisWetlandId":4841,"wetlandCode":"1202","wetlandClass":"Tank/Pond","forestBeatId":2379,"areaM2":291490,"shapeAreaM2":355527.2,"shapeLengthM":2920.3,"labelPoint":[77.555123,13.223209],"source":"kgis-wetlands"},"geometry":{"type":"Polygon","coordinates":[[[77.5575049192842,13.2262457253806],[77.5575762162811,13.2234380215642],[77.5568960206294,13.2199166686188],[77.5578063892206,13.2192049980939],[77.5574603819668,13.2190375779402],[77.556538754463,13.2189967263817],[77.55552552407,13.2190912761482],[77.5546067939286,13.2194112801586],[77.5540982700685,13.2201382374332],[77.5544751652671,13.2208102173763],[77.5548788202715,13.2215306408211],[77.5548507328505,13.2221615974065],[77.5539290930558,13.2221207375805],[77.5527790543242,13.222306844571],[77.5524594169809,13.2229849112507],[77.5529678568251,13.2234332010133],[77.5534315429501,13.2239274442407],[77.5534339369627,13.2244232833774],[77.5538489000307,13.2253351037221],[77.5548211744808,13.2255897662516],[77.555835022228,13.2258555240784],[77.5573102226453,13.2266070522672],[77.5572991370535,13.2266991582585],[77.557413742649,13.2267884139716],[77.5574560586564,13.2269531226966],[77.5574736826331,13.2270202455882],[77.5574867301273,13.2270947303891],[77.5575111666671,13.2271397952355],[77.5575402984001,13.2272017806463],[77.557586760007,13.2272698967562],[77.5576284957618,13.2273148805147],[77.5576689654794,13.2273367153507],[77.5577337931669,13.227387238149],[77.557837690768,13.2274087756768],[77.5579011164074,13.2274079119367],[77.5579945260551,13.2274069078059],[77.5580310925703,13.2274094209174],[77.5575049192842,13.2262457253806]]]}},{"type":"Feature","properties":{"kgisWetlandId":11006,"wetlandCode":"1203","wetlandClass":"Waterlogged (man-made)","forestBeatId":2374,"areaM2":526963,"shapeAreaM2":527636.4,"shapeLengthM":2825.9,"labelPoint":[77.670349,12.909992],"source":"kgis-wetlands"},"geometry":{"type":"Polygon","coordinates":[[[77.6714569623786,12.9062294782857],[77.6705586585319,12.9062385169947],[77.669896929736,12.9063384148781],[77.6693777687964,12.9063907205087],[77.6686202078702,12.9064447887844],[77.6679107789763,12.9064523041491],[77.6672015885178,12.9065061256558],[77.6666401380608,12.9070680348786],[77.6664561991494,12.9075800487169],[77.6664630100875,12.9082305967386],[77.6666586883295,12.9088773740826],[77.6669027458341,12.9095250366671],[77.6675269085639,12.9104006419403],[77.668482999156,12.9113186270597],[77.669205353895,12.9124715861399],[77.67039943507,12.913527292423],[77.6717323441511,12.9142553092143],[77.6729130335528,12.9140579131157],[77.6737584657597,12.9133991165584],[77.6745080649565,12.9126956215436],[77.6746381794249,12.9115801686612],[77.6742047436478,12.9108419821697],[77.673630377469,12.9102451261866],[77.6732937435514,12.9097385575137],[77.673143866399,12.9090435532888],[77.6731370377168,12.9083930070573],[77.6731302182209,12.9077441554526],[77.6729801038699,12.9070028437742],[77.6725490389248,12.9064973148531],[77.671836102209,12.9062721850064],[77.6714569623786,12.9062294782857]]]}},{"type":"Feature","properties":{"kgisWetlandId":11007,"wetlandCode":"1203","wetlandClass":"Waterlogged (man-made)","forestBeatId":2374,"areaM2":2828346,"shapeAreaM2":2831904.3,"shapeLengthM":8388.2,"labelPoint":[77.658467,12.916619],"source":"kgis-wetlands"},"geometry":{"type":"Polygon","coordinates":[[[77.6593434587699,12.9298647715123],[77.6600656255367,12.9298572105348],[77.66073596494,12.9298504716051],[77.661506095484,12.9295388349383],[77.6621646931861,12.9292655922524],[77.6621581689595,12.9286698235891],[77.6619445859234,12.9270082932888],[77.6619289484995,12.9255372198171],[77.6619105136016,12.9237459517262],[77.6618926091766,12.9209387103628],[77.662004781345,12.9203542066879],[77.6625765271378,12.9188762410642],[77.6616191050243,12.9147906039613],[77.6615960764653,12.9125520808917],[77.6615857103066,12.9116558861698],[77.6615761697862,12.9106964381742],[77.6615009859048,12.9097378811281],[77.6616197756171,12.9086484642112],[77.6620031189595,12.9079400559865],[77.6625113418549,12.9066555512243],[77.6624336865813,12.9054406141452],[77.6615072553189,12.9042344359491],[77.6603190754107,12.9029663071649],[77.6590767698406,12.9025952541759],[77.6577704644843,12.9025452874414],[77.6564656361671,12.9025591231938],[77.6550306667072,12.9025735995982],[77.6537258339634,12.9025868561981],[77.65294696682,12.9029787015429],[77.6526937345873,12.9036847585466],[77.6527050435005,12.9047723998415],[77.6529100058834,12.9056659373018],[77.6531976705046,12.9080946036292],[77.6540789348172,12.9112844177393],[77.6545789876723,12.9153751946975],[77.655192952069,12.9178637877695],[77.6548236883898,12.9199794586198],[77.6536024605915,12.9217192938721],[77.6516667886877,12.9238512138245],[77.6505157609145,12.9260379649949],[77.650246645478,12.9263448255693],[77.6495770626915,12.926498367803],[77.6488960448512,12.9266683417876],[77.6487845891416,12.9269478772163],[77.6489812012784,12.9273309288867],[77.6493007248692,12.9274219644519],[77.6498913297535,12.9275912833362],[77.6505026927279,12.9277655807879],[77.6511251381481,12.9280798786403],[77.6519563623361,12.9286772042075],[77.6527870744405,12.92917343855],[77.6534617821952,12.9295704878556],[77.6542867222821,12.9296132585235],[77.6546990609029,12.9296089470542],[77.6547508889615,12.9296081251137],[77.655835494437,12.9297484275976],[77.6568161857021,12.9298401113747],[77.6575904451056,12.9298831236675],[77.658260781783,12.9298758255975],[77.6593434587699,12.9298647715123]]]}},{"type":"Feature","properties":{"kgisWetlandId":11011,"wetlandCode":"1203","wetlandClass":"Waterlogged (man-made)","forestBeatId":2297,"areaM2":1297894,"shapeAreaM2":1299699.9,"shapeLengthM":6596.0,"labelPoint":[77.743691,13.01581],"source":"kgis-wetlands"},"geometry":{"type":"Polygon","coordinates":[[[77.7350877833831,13.0229000429515],[77.7361443137545,13.0224663605572],[77.7376884256665,13.0224869354831],[77.7392648147554,13.0225101526672],[77.7401649241138,13.0219202972449],[77.7407639183444,13.0210525092759],[77.7415569778673,13.0206930624465],[77.7427511533758,13.0201507572682],[77.7437970594405,13.0196758783257],[77.74518086703,13.0190478398836],[77.7459681641216,13.0186906696104],[77.7470991018063,13.018176356202],[77.7478829420715,13.0178203297461],[77.7483478072718,13.0170820041853],[77.7481578283981,13.0160648337559],[77.7484854511643,13.0153035265357],[77.7488506094847,13.014454485584],[77.7497008467612,13.0138151738245],[77.750664672775,13.0130905407915],[77.7515585014658,13.0124182342878],[77.7522446442526,13.0119017768328],[77.7532864845036,13.0111196792231],[77.7539118112617,13.010649288057],[77.754203483877,13.0098503333269],[77.7536357522981,13.009902521682],[77.7529574654989,13.0099643411235],[77.7518553937024,13.0100651457244],[77.7508519231064,13.0107024643217],[77.7502675180043,13.0110732378602],[77.7495855256288,13.0115072185491],[77.7486761908971,13.0120847286097],[77.7476995536837,13.0119516128996],[77.7469108643919,13.0118440278746],[77.7463939492271,13.0115017547179],[77.7461559684671,13.0107615522],[77.7455994600036,13.0101343046005],[77.7451125104659,13.0095840516884],[77.7444018108263,13.0087831279613],[77.7436858253866,13.008903855096],[77.7431735933291,13.0089918675448],[77.7428707085679,13.0094350981955],[77.7425221193996,13.0099480344679],[77.7428320159543,13.0101502422635],[77.743587105631,13.0106431601396],[77.744181468489,13.0110318964066],[77.7442977015194,13.01142488537],[77.7444339174021,13.0118894866971],[77.7441635725236,13.0119654760902],[77.7433675023012,13.0121911056034],[77.7414359843211,13.0127373492953],[77.7408125833101,13.0135634773939],[77.7402246364208,13.0143419792552],[77.7393060907161,13.0155559498639],[77.7383360765678,13.016840780914],[77.7373584843438,13.0175863418645],[77.7360936445893,13.0180601018596],[77.7347259600447,13.0182701125117],[77.7336288160791,13.0184385840424],[77.7350877833831,13.0229000429515]]]}},{"type":"Feature","properties":{"kgisWetlandId":11012,"wetlandCode":"1203","wetlandClass":"Waterlogged (man-made)","forestBeatId":2505,"areaM2":72587,"shapeAreaM2":72666.6,"shapeLengthM":1130.3,"labelPoint":[77.550028,13.085584],"source":"kgis-wetlands"},"geometry":{"type":"Polygon","coordinates":[[[77.5505700662889,13.0835634755272],[77.5499006152264,13.0833649541357],[77.5494009958826,13.0834926410194],[77.5488346047947,13.0836370130521],[77.5489402200414,13.0840324186192],[77.5490740051915,13.084534433804],[77.5492430088903,13.0851706978782],[77.5490980907083,13.0859625916401],[77.5489351827557,13.0868494476143],[77.5495030333148,13.0872523178988],[77.5499148423351,13.0870787265006],[77.5505498111284,13.08681148217],[77.5507979565984,13.0859140658345],[77.5509803745505,13.0852530210525],[77.5507828556444,13.0844384275229],[77.5505700662889,13.0835634755272]]]}},{"type":"Feature","properties":{"kgisWetlandId":11013,"wetlandCode":"1203","wetlandClass":"Waterlogged (man-made)","forestBeatId":2373,"areaM2":83956,"shapeAreaM2":84065.0,"shapeLengthM":1182.3,"labelPoint":[77.683061,13.093492],"source":"kgis-wetlands"},"geometry":{"type":"Polygon","coordinates":[[[77.6837538512011,13.0919642527649],[77.6833416285981,13.0918229323527],[77.6828066115995,13.0919990574291],[77.6823470065948,13.0920511177271],[77.6818887888696,13.0923652043972],[77.6817722209707,13.092770715791],[77.6816465842007,13.0932050739954],[77.6819264533426,13.09360064148],[77.6822225807215,13.0940187139346],[77.6826134335656,13.0942595373815],[77.6831326440718,13.0945793274668],[77.683571531156,13.0948485642335],[77.6836009699379,13.0948666232854],[77.6839108475696,13.0952688113338],[77.6843477845338,13.095288020556],[77.6845656799171,13.0952981927471],[77.6848304563171,13.0950206749129],[77.6848262587349,13.0946643524381],[77.6847836973825,13.0945743612696],[77.6846024480034,13.0941911327727],[77.6844066145348,13.0937770640142],[77.6842212658624,13.0933838367515],[77.6844431194295,13.0928371659713],[77.6845682534429,13.0925264837324],[77.6842896294677,13.0921489849058],[77.6837538512011,13.0919642527649]]]}},{"type":"Feature","properties":{"kgisWetlandId":11014,"wetlandCode":"1203","wetlandClass":"Waterlogged (man-made)","forestBeatId":2376,"areaM2":139068,"shapeAreaM2":139240.8,"shapeLengthM":1572.6,"labelPoint":[77.650788,13.100417],"source":"kgis-wetlands"},"geometry":{"type":"Polygon","coordinates":[[[77.6533046410382,13.1012842840935],[77.6529659444035,13.1006517898038],[77.652737857156,13.0997883257954],[77.6525417683871,13.0995385694511],[77.6522549694563,13.0986883887212],[77.6521437026441,13.0985697884703],[77.652053604619,13.0985324046131],[77.6520016407919,13.0985140295431],[77.6518656080756,13.0985096303591],[77.6517306869078,13.098497319519],[77.6514909525354,13.0984996531081],[77.6510453649721,13.0985922495528],[77.650892180854,13.0986144793616],[77.6503423612664,13.0990571691362],[77.649958973697,13.0993646165583],[77.6492501050856,13.0991417137767],[77.6487633219273,13.0995157518688],[77.6486952980948,13.1001813529932],[77.6486261851142,13.1008593833606],[77.6493093937622,13.1012461903195],[77.6499133475573,13.1012403353589],[77.6507005570862,13.1012318658631],[77.6510874283526,13.1018195083014],[77.651290731769,13.1021268322421],[77.6517707083005,13.102218731105],[77.6523995261493,13.1023398112396],[77.6532375655997,13.1019080900144],[77.6535525522958,13.101746684768],[77.6533046410382,13.1012842840935]]]}},{"type":"Feature","properties":{"kgisWetlandId":11015,"wetlandCode":"1203","wetlandClass":"Waterlogged (man-made)","forestBeatId":2507,"areaM2":332652,"shapeAreaM2":333055.3,"shapeLengthM":2927.9,"labelPoint":[77.630392,13.10935],"source":"kgis-wetlands"},"geometry":{"type":"Polygon","coordinates":[[[77.6334304924858,13.1116120956126],[77.6331502883425,13.1106901361136],[77.6328328967165,13.1103856202482],[77.6325421452386,13.1101063851555],[77.6331556972511,13.1094922965727],[77.6334550172678,13.1091926294583],[77.6330855039621,13.108838675768],[77.6328283466339,13.1085914652444],[77.6325410723235,13.1083156009267],[77.6316867677548,13.1082825589274],[77.6311893455946,13.1079354474216],[77.6307613421281,13.1076388179511],[77.6300160433686,13.107507530705],[77.6290065502239,13.1073306725182],[77.6283907269321,13.1068198012055],[77.62785709148,13.1063768540404],[77.6273871279224,13.1059878072668],[77.6270132350987,13.105676786159],[77.6264815274072,13.1062932808388],[77.6262328546901,13.1065802654558],[77.6259738757793,13.1068808546012],[77.6266058982232,13.1074046423862],[77.6267872334981,13.1081571128431],[77.6268696795606,13.1085028926034],[77.6273827465481,13.1092074162574],[77.6277333162857,13.1096907986045],[77.6281082542934,13.1102056862204],[77.6283775802152,13.1105793439112],[77.6278710426917,13.110933113933],[77.6275735444227,13.1111395829879],[77.6279984051195,13.1117242503921],[77.6282027055407,13.1120044828988],[77.6287758735251,13.1116057685224],[77.629251258124,13.1116988602775],[77.6292996380616,13.1114659483907],[77.6299550320856,13.111595987498],[77.6304569574298,13.1116945921702],[77.6303613240538,13.1121547645481],[77.6309417191686,13.1122699235092],[77.6314136480262,13.1123630281222],[77.6313090516825,13.1128735060002],[77.6322125199446,13.1130503117276],[77.6328574910775,13.1127184375248],[77.6335059117684,13.1123854155397],[77.6333185486316,13.1120373350481],[77.6334304924858,13.1116120956126]]]}},{"type":"Feature","properties":{"kgisWetlandId":11016,"wetlandCode":"1203","wetlandClass":"Waterlogged (man-made)","forestBeatId":2355,"areaM2":175998,"shapeAreaM2":176225.6,"shapeLengthM":1622.7,"labelPoint":[77.682719,13.110995],"source":"kgis-wetlands"},"geometry":{"type":"Polygon","coordinates":[[[77.682677605576,13.1085310659479],[77.6818719388426,13.1085391666271],[77.6811669540078,13.1090578276855],[77.6808915519312,13.1099436107749],[77.6805424898166,13.1110680894465],[77.6809637964625,13.1122648441501],[77.6812774314025,13.11315437509],[77.6821126167247,13.1132754468415],[77.6829777954726,13.1134008790042],[77.6836201638918,13.1123771026458],[77.6841996603645,13.1114530415964],[77.6849795032482,13.1109221270383],[77.6851117234314,13.1099919015218],[77.6841092083675,13.1093984581243],[77.6833959191702,13.1092208551875],[77.682677605576,13.1085310659479]]]}},{"type":"Feature","properties":{"kgisWetlandId":11017,"wetlandCode":"1203","wetlandClass":"Waterlogged (man-made)","forestBeatId":2373,"areaM2":2199371,"shapeAreaM2":2202111.6,"shapeLengthM":7781.3,"labelPoint":[77.65382,13.110077],"source":"kgis-wetlands"},"geometry":{"type":"Polygon","coordinates":[[[77.6569205174104,13.1179071075128],[77.6570608208466,13.1171801501648],[77.6565318319667,13.1167575760638],[77.6564323674098,13.1162509474662],[77.6563329294673,13.1157494000134],[77.6570347628025,13.1152748661447],[77.6576653615262,13.1148458705262],[77.6581167776193,13.1145397611907],[77.659054512007,13.1146530478674],[77.6596012337017,13.1147186141093],[77.6596864651436,13.1140427611512],[77.6597606075453,13.1134505442466],[77.659241563808,13.1133870976807],[77.6586105782953,13.1128560504082],[77.658280622393,13.1125798694803],[77.658501778314,13.112328007968],[77.6587767778146,13.1120120607407],[77.659449970242,13.1120165617664],[77.6605035627182,13.112023653269],[77.6613281582049,13.1114428820201],[77.661745250797,13.1107467106479],[77.6622354585209,13.1099253611765],[77.6621498664818,13.1089866430692],[77.6620948409924,13.1083826563498],[77.6613353815213,13.107748920356],[77.660835253923,13.1073318549778],[77.6598689282257,13.1072565543222],[77.6591170788911,13.107196543459],[77.6574219702946,13.1070639253583],[77.6561471728103,13.1072951254598],[77.6549177262767,13.1069376357714],[77.6540877151423,13.1066978515782],[77.6535387498297,13.1057518606485],[77.6530526064897,13.1049168046791],[77.6526118188215,13.1041583230226],[77.6517744487937,13.103831033989],[77.6509336099571,13.1035009354423],[77.6503618844027,13.1032762186683],[77.6497909971195,13.1034360817013],[77.649155643399,13.1036120788477],[77.6486584374477,13.1033090509742],[77.648858517326,13.1029929244849],[77.6487442763941,13.1025219420454],[77.6485476375439,13.1017193075411],[77.6479305969356,13.1014230893187],[77.6471768080107,13.1014308195705],[77.6464161071333,13.1014391461856],[77.645583615224,13.1022785586425],[77.6448153417378,13.1030549624146],[77.6442351080176,13.1036389775851],[77.6437901930365,13.1040884736208],[77.6433824948658,13.1039312536396],[77.6426347613814,13.1042213095688],[77.6421099059148,13.1041443010863],[77.641866777263,13.1041601979935],[77.6417705283732,13.104271930496],[77.6417728069556,13.1044910376737],[77.6417750897727,13.1047107103305],[77.6419203465927,13.1051634692094],[77.6420234449992,13.1054871150699],[77.6420088671203,13.1060146528102],[77.6424660446068,13.1063788859952],[77.6430702933067,13.1064278246223],[77.6430461626476,13.1073383027364],[77.6435739640379,13.1082098796622],[77.6446125075633,13.1084305828363],[77.6451387002425,13.108541463303],[77.6458022138917,13.1086821514417],[77.6456895740696,13.1091915433217],[77.6455814568219,13.1096839709089],[77.6454609307862,13.1102289797303],[77.6453730894796,13.1106298189879],[77.6452503029145,13.1111838750672],[77.6451399021634,13.1116808323094],[77.6454552398351,13.1122541557653],[77.6457019292852,13.1127035807129],[77.6459137046026,13.1130882357219],[77.6461138519487,13.1134531840718],[77.6462453456576,13.1136931026691],[77.6465143413952,13.1135505711263],[77.6468787612198,13.1133595579892],[77.646582033703,13.1128194623777],[77.6471004825845,13.1125452253702],[77.6475672046405,13.112298919279],[77.6479698320348,13.1130333172275],[77.6482060507407,13.1134630260587],[77.6476071243736,13.1137783300986],[77.6480062614641,13.1145059680503],[77.6477951308563,13.1151389663788],[77.6484156206123,13.1158722697697],[77.6491683207992,13.1167596450492],[77.6500781884936,13.1170549494205],[77.6510457879961,13.1173685960284],[77.6519175588367,13.1176522251991],[77.6527699606097,13.1175349877651],[77.6533758559201,13.1174517430799],[77.6540531707921,13.1173591016506],[77.6548963537313,13.1172430321183],[77.6557488473081,13.1184738058809],[77.6563630239155,13.1186525497761],[77.6568318622639,13.1183700728498],[77.6569205174104,13.1179071075128]]]}},{"type":"Feature","properties":{"kgisWetlandId":11671,"wetlandCode":"9999","wetlandClass":null,"forestBeatId":2363,"areaM2":499553,"shapeAreaM2":499948.2,"shapeLengthM":3563.7,"labelPoint":[77.336344,12.961012],"source":"kgis-wetlands"},"geometry":{"type":"Polygon","coordinates":[[[77.3391344801642,12.9651957927627],[77.3393900162514,12.9651355222574],[77.3396388929629,12.9651402308335],[77.3396838298117,12.9651411903579],[77.339796742714,12.9651424576758],[77.3397147745376,12.9648021954195],[77.3395695776533,12.9642001056898],[77.3394871373035,12.9637378490392],[77.3394423188325,12.9631726576174],[77.3393479550871,12.9629036064658],[77.3392003960298,12.9625833595914],[77.3390949195616,12.9624194010113],[77.3389940802717,12.962263333331],[77.3387634258826,12.9619055592543],[77.3385325590411,12.9614929992435],[77.3382585726695,12.9606553099569],[77.3382339966998,12.9605565628982],[77.3382281484215,12.9605339939827],[77.3381947193884,12.9603488932672],[77.3380162307588,12.9593605795875],[77.3380115168389,12.959333487928],[77.3379397962215,12.9589604276184],[77.3379362201226,12.9586317289864],[77.3378808951549,12.9583275116056],[77.3378491294096,12.9581570629188],[77.337652765018,12.9577274279795],[77.3372786247008,12.9569076238653],[77.3372382191835,12.9567747363107],[77.3371957739973,12.956635138891],[77.3371502684486,12.9564867688245],[77.337096605171,12.9563141426954],[77.3370301150867,12.9561014642046],[77.3367151729255,12.9556931732757],[77.3366007822714,12.9556066251449],[77.3363997302451,12.9554537571698],[77.3361941320708,12.9553167200886],[77.3361641048867,12.9552976299433],[77.3360429519903,12.9552500789468],[77.3355375724995,12.9550503469245],[77.3354533265021,12.9550128225393],[77.3353032951506,12.9549450456276],[77.3350351529851,12.9547218294904],[77.335035641181,12.954848341955],[77.3349844866218,12.9550270112021],[77.3348801583775,12.9554583433109],[77.3348601610612,12.9556504488817],[77.3348412554643,12.9558267371751],[77.3348489527018,12.9560300357619],[77.3348553411255,12.9561932382103],[77.3349661665109,12.956550338261],[77.3350750636017,12.9567063776488],[77.3351112488177,12.9568282381516],[77.3351415827694,12.956926963067],[77.3351421057235,12.9570625129467],[77.3351797663184,12.9575667352564],[77.3351561368064,12.9577131063187],[77.3350931453031,12.9581087011458],[77.335020222626,12.9583190803589],[77.3350001738352,12.9584976315622],[77.3350075302148,12.9586128227091],[77.3350124263143,12.9586873578923],[77.3351435802171,12.9589381986942],[77.33538359295,12.9593343494621],[77.3354127865547,12.9594359028038],[77.3354338026269,12.9595081174958],[77.3354281340825,12.9595318605903],[77.3354235957952,12.9595499515025],[77.3353891983141,12.9595930054971],[77.3353811738551,12.9596032022543],[77.3353431675224,12.9596067328667],[77.3352625509603,12.9596143784318],[77.3351127017359,12.9595946100206],[77.3350631066676,12.9595801121009],[77.3350042866567,12.9595639538735],[77.3349869879813,12.9595595006883],[77.3349293229981,12.9595439022514],[77.33484758432,12.9595594596862],[77.3348118921202,12.9595652420082],[77.3347992847892,12.9595822333178],[77.334747703579,12.9596507673043],[77.3345816597933,12.9599128928319],[77.3344740198291,12.9600833010852],[77.3344260004118,12.9601789317288],[77.3343368262639,12.9603577440678],[77.3342322561669,12.960726949089],[77.3343934470788,12.9612979184454],[77.334527927253,12.9615148601223],[77.3346334212322,12.9616839027715],[77.3346659236369,12.9617470381926],[77.3346823446813,12.9618226582338],[77.3346999396284,12.9619039233424],[77.3347017806823,12.9620823929853],[77.3346274611291,12.9622295196194],[77.33456458575,12.9623568352983],[77.334564829151,12.9624200910727],[77.3346192191069,12.9624825792805],[77.3348623066708,12.9624805353125],[77.3348911724594,12.96249680674],[77.3349017110664,12.9625408211736],[77.3348915731425,12.9626007273619],[77.3348411967328,12.9626828126933],[77.3348102341529,12.9627202055787],[77.3346703170742,12.9628862166364],[77.3346210971701,12.9629694273896],[77.3346008861372,12.9631061842982],[77.334593870806,12.9633784433731],[77.334579171761,12.9640477828464],[77.334572106627,12.9646058294593],[77.3345677659729,12.9649740931383],[77.3346225969025,12.9651506687529],[77.3346585170981,12.9652036242541],[77.3347071864287,12.9652763001745],[77.3348367871632,12.9654220953377],[77.3348937653271,12.9655579970605],[77.3349115962836,12.9657002589086],[77.3349084359252,12.965777082845],[77.3349030941332,12.965885544024],[77.3348596191355,12.9659647790324],[77.334801264385,12.9660694861359],[77.3347799677822,12.9662231906728],[77.3347975385354,12.966298242799],[77.3348151168146,12.9663749890939],[77.3348777968803,12.9664956194755],[77.3349114806985,12.9665660930676],[77.3349266107273,12.9666055726874],[77.3349312586669,12.9666157208141],[77.3349475667091,12.9666619731434],[77.3350734547376,12.9667411350759],[77.3352771945015,12.9675881294049],[77.3354855091178,12.9678290788728],[77.3357330535693,12.9677863514091],[77.3361416304131,12.9673770294841],[77.3362532262762,12.9673353784749],[77.3364050849978,12.9672777626497],[77.3364706619425,12.9672532285928],[77.3365592025114,12.9672082767408],[77.3366465945701,12.96716445744],[77.3368823290712,12.9670472208665],[77.3372095788402,12.9667613296876],[77.3372074920364,12.9665196047842],[77.3375493306365,12.9664307724568],[77.3377493659123,12.9663181877742],[77.3377769591512,12.9663033992705],[77.3377873045109,12.9662971474423],[77.3378160493799,12.9662823549143],[77.3379840280599,12.9662224167476],[77.3380323664707,12.9662092445014],[77.3380427275541,12.9662069457405],[77.3380645913186,12.966200086208],[77.3381826864067,12.9660522283951],[77.3382744119309,12.9659372280818],[77.3383099520349,12.9658919107388],[77.3384567199961,12.9657100568752],[77.3386034761132,12.9655253793417],[77.3387022509169,12.9654459342874],[77.338813661897,12.9653568409383],[77.3388999012153,12.9653130259799],[77.3391344801642,12.9651957927627]]]}}]}