source,mapId,villageCode,district,districtName,taluk,hobli,village,surveyNumber,surveyNumbers,mapImageUrl,imageFile,imageMissing,listPage,listRow
landrecords-lake-digital,1849575,18495,BENGALURU,Bengaluru Urban,BANGALORE-NORTH,YASHAVANTAPURA1,ABBAGERE,75,75,https://landrecords.karnataka.gov.in/service3/FileDownload.aspx?file=%5c%5cbhm-db-pp05%5cDistrict%5cMapshared%5cimages%5c1849575.jpg,data/cache/landrecords_lakes/images/images/1849575.jpg,False,1,0
landrecords-lake-digital,1925433,19254,BENGALURU,Bengaluru Urban,Bangalore North(Additional),YALAHANKA2,AGRAHARA,33,33,https://landrecords.karnataka.gov.in/service3/FileDownload.aspx?file=%5c%5cbhm-db-pp05%5cDistrict%5cMapshared%5cimages%5c1925433.jpg,data/cache/landrecords_lakes/images/images/1925433.jpg,False,1,1
landrecords-lake-digital,4000772,40007,BENGALURU,Bengaluru Urban,BANGALORE-NORTH,Yeshwanthapura,Agraharadasarahalli,72,72,https://landrecords.karnataka.gov.in/service3/FileDownload.aspx?file=%5c%5cbhm-db-pp05%5cDistrict%5cMapshared%5cimages%5c4000772.jpg,data/cache/landrecords_lakes/images/images/4000772.jpg,False,1,2
landrecords-lake-digital,4004280,40042,BENGALURU,Bengaluru Urban,BANGALORE-NORTH,kasaba,Akkithimmanahalli,80,80,https://landrecords.karnataka.gov.in/service3/FileDownload.aspx?file=%5c%5cbhm-db-pp05%5cDistrict%5cMapshared%5cimages%5c4004280.jpg,data/cache/landrecords_lakes/images/images/4004280.jpg,False,1,3
landrecords-lake-digital,1862330,18623,BENGALURU,Bengaluru Urban,bangalore-South,UTTARAHALLI -1,ALAHALLI,30,30,https://landrecords.karnataka.gov.in/service3/FileDownload.aspx?file=%5c%5cbhm-db-pp05%5cDistrict%5cMapshared%5cimages%5c1862330.jpg,data/cache/landrecords_lakes/images/images/1862330.jpg,False,1,4
landrecords-lake-digital,1925215,19252,BENGALURU,Bengaluru Urban,Bangalore North(Additional),YALAHANKA2,ALLALASANDRA,15,15,https://landrecords.karnataka.gov.in/service3/FileDownload.aspx?file=%5c%5cbhm-db-pp05%5cDistrict%5cMapshared%5cimages%5c1925215.jpg,data/cache/landrecords_lakes/images/images/1925215.jpg,False,1,5
landrecords-lake-digital,1925248,19252,BENGALURU,Bengaluru Urban,Bangalore North(Additional),YALAHANKA2,ALLALASANDRA,"48,38",48;38,https://landrecords.karnataka.gov.in/service3/FileDownload.aspx?file=%5c%5cbhm-db-pp05%5cDistrict%5cMapshared%5cimages%5c1925248.jpg,data/cache/landrecords_lakes/images/images/1925248.jpg,False,1,6
landrecords-lake-digital,190961,19096,BENGALURU,Bengaluru Urban,Bangalore-East,VARTURU1,AMANI BELLANDURUKHANE,1,1,https://landrecords.karnataka.gov.in/service3/FileDownload.aspx?file=%5c%5cbhm-db-pp05%5cDistrict%5cMapshared%5cimages%5c190961.jpg,data/cache/landrecords_lakes/images/images/190961.jpg,False,1,7
landrecords-lake-digital,19096319,19096,BENGALURU,Bengaluru Urban,Bangalore-East,VARTURU1,AMANI BELLANDURUKHANE,319,319,https://landrecords.karnataka.gov.in/service3/FileDownload.aspx?file=%5c%5cbhm-db-pp05%5cDistrict%5cMapshared%5cimages%5c19096319.jpg,data/cache/landrecords_lakes/images/images/19096319.jpg,False,1,8
landrecords-lake-digital,1911524,19115,BENGALURU,Bengaluru Urban,Bangalore-East,VARTURU2,AMBALEEPURA,24,24,https://landrecords.karnataka.gov.in/service3/FileDownload.aspx?file=%5c%5cbhm-db-pp05%5cDistrict%5cMapshared%5cimages%5c1911524.jpg,data/cache/landrecords_lakes/images/images/1911524.jpg,False,1,9
landrecords-lake-digital,1911536,19115,BENGALURU,Bengaluru Urban,Bangalore-East,VARTURU2,AMBALEEPURA,36,36,https://landrecords.karnataka.gov.in/service3/FileDownload.aspx?file=%5c%5cbhm-db-pp05%5cDistrict%5cMapshared%5cimages%5c1911536.jpg,data/cache/landrecords_lakes/images/images/1911536.jpg,False,1,10
landrecords-lake-digital,1911541,19115,BENGALURU,Bengaluru Urban,Bangalore-East,VARTURU2,AMBALEEPURA,41,41,https://landrecords.karnataka.gov.in/service3/FileDownload.aspx?file=%5c%5cbhm-db-pp05%5cDistrict%5cMapshared%5cimages%5c1911541.jpg,data/cache/landrecords_lakes/images/images/1911541.jpg,False,1,11
landrecords-lake-digital,19267115,19267,BENGALURU,Bengaluru Urban,Bangalore North(Additional),YALAHANKA3,AMRUTAHALLI,115,115,https://landrecords.karnataka.gov.in/service3/FileDownload.aspx?file=%5c%5cbhm-db-pp05%5cDistrict%5cMapshared%5cimages%5c19267115.jpg,data/cache/landrecords_lakes/images/images/19267115.jpg,False,1,12
landrecords-lake-digital,1923812,19238,BENGALURU,Bengaluru Urban,Bangalore North(Additional),YALAHANKA1,ANANTAPURA,"12,24",12;24,https://landrecords.karnataka.gov.in/service3/FileDownload.aspx?file=%5c%5cbhm-db-pp05%5cDistrict%5cMapshared%5cimages%5c1923812.jpg,data/cache/landrecords_lakes/images/images/1923812.jpg,False,1,13
landrecords-lake-digital,1923892,19238,BENGALURU,Bengaluru Urban,Bangalore North(Additional),YALAHANKA1,ANANTAPURA,92,92,https://landrecords.karnataka.gov.in/service3/FileDownload.aspx?file=%5c%5cbhm-db-pp05%5cDistrict%5cMapshared%5cimages%5c1923892.jpg,data/cache/landrecords_lakes/images/images/1923892.jpg,False,1,14
landrecords-lake-digital,185218,18521,BENGALURU,Bengaluru Urban,BANGALORE-NORTH,YASHAVANTAPURA2,ANDRAHALLI,8,8,https://landrecords.karnataka.gov.in/service3/FileDownload.aspx?file=%5c%5cbhm-db-pp05%5cDistrict%5cMapshared%5cimages%5c185218.jpg,data/cache/landrecords_lakes/images/images/185218.jpg,False,1,15
landrecords-lake-digital,4005210,40052,BENGALURU,Bengaluru Urban,BANGALORE-NORTH,kasaba,Annipura,10,10,https://landrecords.karnataka.gov.in/service3/FileDownload.aspx?file=%5c%5cbhm-db-pp05%5cDistrict%5cMapshared%5cimages%5c4005210.jpg,data/cache/landrecords_lakes/images/images/4005210.jpg,False,1,16
landrecords-lake-digital,1870734,18707,BENGALURU,Bengaluru Urban,bangalore-South,BEGURU - 3,ARAKERE,34,34,https://landrecords.karnataka.gov.in/service3/FileDownload.aspx?file=%5c%5cbhm-db-pp05%5cDistrict%5cMapshared%5cimages%5c1870734.jpg,data/cache/landrecords_lakes/images/images/1870734.jpg,False,1,17
landrecords-lake-digital,4004133,40041,BENGALURU,Bengaluru Urban,BANGALORE-NORTH,kasaba,Arekempanahalli,33,33,https://landrecords.karnataka.gov.in/service3/FileDownload.aspx?file=%5c%5cbhm-db-pp05%5cDistrict%5cMapshared%5cimages%5c4004133.jpg,data/cache/landrecords_lakes/images/images/4004133.jpg,False,1,18
landrecords-lake-digital,1926825,19268,BENGALURU,Bengaluru Urban,Bangalore North(Additional),YALAHANKA3,ATTURU,25,25,https://landrecords.karnataka.gov.in/service3/FileDownload.aspx?file=%5c%5cbhm-db-pp05%5cDistrict%5cMapshared%5cimages%5c1926825.jpg,data/cache/landrecords_lakes/images/images/1926825.jpg,False,1,19
landrecords-lake-digital,1926849,19268,BENGALURU,Bengaluru Urban,Bangalore North(Additional),YALAHANKA3,ATTURU,49,49,https://landrecords.karnataka.gov.in/service3/FileDownload.aspx?file=%5c%5cbhm-db-pp05%5cDistrict%5cMapshared%5cimages%5c1926849.jpg,data/cache/landrecords_lakes/images/images/1926849.jpg,False,2,0
landrecords-lake-digital,1926881,19268,BENGALURU,Bengaluru Urban,Bangalore North(Additional),YALAHANKA3,ATTURU,81,81,https://landrecords.karnataka.gov.in/service3/FileDownload.aspx?file=%5c%5cbhm-db-pp05%5cDistrict%5cMapshared%5cimages%5c1926881.jpg,data/cache/landrecords_lakes/images/images/1926881.jpg,False,2,1
landrecords-lake-digital,18502113,18502,BENGALURU,Bengaluru Urban,BANGALORE-NORTH,YASHAVANTAPURA1,BAGALAGUNTE,113,113,https://landrecords.karnataka.gov.in/service3/FileDownload.aspx?file=%5c%5cbhm-db-pp05%5cDistrict%5cMapshared%5cimages%5c18502113.jpg,data/cache/landrecords_lakes/images/images/18502113.jpg,False,2,2
landrecords-lake-digital,1850234,18502,BENGALURU,Bengaluru Urban,BANGALORE-NORTH,YASHAVANTAPURA1,BAGALAGUNTE,34,34,https://landrecords.karnataka.gov.in/service3/FileDownload.aspx?file=%5c%5cbhm-db-pp05%5cDistrict%5cMapshared%5cimages%5c1850234.jpg,data/cache/landrecords_lakes/images/images/1850234.jpg,False,2,3
landrecords-lake-digital,1850283,18502,BENGALURU,Bengaluru Urban,BANGALORE-NORTH,YASHAVANTAPURA1,BAGALAGUNTE,83,83,https://landrecords.karnataka.gov.in/service3/FileDownload.aspx?file=%5c%5cbhm-db-pp05%5cDistrict%5cMapshared%5cimages%5c1850283.jpg,data/cache/landrecords_lakes/images/images/1850283.jpg,False,2,4
landrecords-lake-digital,19207109,19207,BENGALURU,Bengaluru Urban,Bangalore-East,Marathahalli,BAIRASANDRA,109,109,https://landrecords.karnataka.gov.in/service3/FileDownload.aspx?file=%5c%5cbhm-db-pp05%5cDistrict%5cMapshared%5cimages%5c19207109.jpg,data/cache/landrecords_lakes/images/images/19207109.jpg,False,2,5
landrecords-lake-digital,19207112,19207,BENGALURU,Bengaluru Urban,Bangalore-East,Marathahalli,BAIRASANDRA,112,112,https://landrecords.karnataka.gov.in/service3/FileDownload.aspx?file=%5c%5cbhm-db-pp05%5cDistrict%5cMapshared%5cimages%5c19207112.jpg,data/cache/landrecords_lakes/images/images/19207112.jpg,False,2,6
landrecords-lake-digital,1866641,18666,BENGALURU,Bengaluru Urban,bangalore-South,UTTARAHALLI -4,BAIRASANDRA,41,41,https://landrecords.karnataka.gov.in/service3/FileDownload.aspx?file=%5c%5cbhm-db-pp05%5cDistrict%5cMapshared%5cimages%5c1866641.jpg,data/cache/landrecords_lakes/images/images/1866641.jpg,False,2,7
landrecords-lake-digital,192075,19207,BENGALURU,Bengaluru Urban,Bangalore-East,Marathahalli,BAIRASANDRA,5,5,https://landrecords.karnataka.gov.in/service3/FileDownload.aspx?file=%5c%5cbhm-db-pp05%5cDistrict%5cMapshared%5cimages%5c192075.jpg,data/cache/landrecords_lakes/images/images/192075.jpg,False,2,8
landrecords-lake-digital,1866656,18666,BENGALURU,Bengaluru Urban,bangalore-South,UTTARAHALLI -4,BAIRASANDRA,56,56,https://landrecords.karnataka.gov.in/service3/FileDownload.aspx?file=%5c%5cbhm-db-pp05%5cDistrict%5cMapshared%5cimages%5c1866656.jpg,data/cache/landrecords_lakes/images/images/1866656.jpg,False,2,9
landrecords-lake-digital,1920764,19207,BENGALURU,Bengaluru Urban,Bangalore-East,Marathahalli,BAIRASANDRA,64,64,https://landrecords.karnataka.gov.in/service3/FileDownload.aspx?file=%5c%5cbhm-db-pp05%5cDistrict%5cMapshared%5cimages%5c1920764.jpg,data/cache/landrecords_lakes/images/images/1920764.jpg,False,2,10
landrecords-lake-digital,1919413,19194,BENGALURU,Bengaluru Urban,Bangalore-East,Mahadevapura,BAIYAPPANAHALLI MA KA,13,13,https://landrecords.karnataka.gov.in/service3/FileDownload.aspx?file=%5c%5cbhm-db-pp05%5cDistrict%5cMapshared%5cimages%5c1919413.jpg,data/cache/landrecords_lakes/images/images/1919413.jpg,False,2,11
landrecords-lake-digital,191943,19194,BENGALURU,Bengaluru Urban,Bangalore-East,Mahadevapura,BAIYAPPANAHALLI MA KA,3,3,https://landrecords.karnataka.gov.in/service3/FileDownload.aspx?file=%5c%5cbhm-db-pp05%5cDistrict%5cMapshared%5cimages%5c191943.jpg,data/cache/landrecords_lakes/images/images/191943.jpg,False,2,12
landrecords-lake-digital,1910925,19109,BENGALURU,Bengaluru Urban,Bangalore-East,VARTURU2,BALAGERE,25,25,https://landrecords.karnataka.gov.in/service3/FileDownload.aspx?file=%5c%5cbhm-db-pp05%5cDistrict%5cMapshared%5cimages%5c1910925.jpg,data/cache/landrecords_lakes/images/images/1910925.jpg,False,2,13
landrecords-lake-digital,19052211,19052,BENGALURU,Bengaluru Urban,Bangalore-East,K R PURA1,BANASAVADI,211,211,https://landrecords.karnataka.gov.in/service3/FileDownload.aspx?file=%5c%5cbhm-db-pp05%5cDistrict%5cMapshared%5cimages%5c19052211.jpg,data/cache/landrecords_lakes/images/images/19052211.jpg,False,2,14
landrecords-lake-digital,1868866,18688,BENGALURU,Bengaluru Urban,bangalore-South,BEGURU - 2,BASAPURA,66,66,https://landrecords.karnataka.gov.in/service3/FileDownload.aspx?file=%5c%5cbhm-db-pp05%5cDistrict%5cMapshared%5cimages%5c1868866.jpg,data/cache/landrecords_lakes/images/images/1868866.jpg,False,2,15
landrecords-lake-digital,1870814,18708,BENGALURU,Bengaluru Urban,bangalore-South,BEGURU - 3,BASAVANAPURA,14,14,https://landrecords.karnataka.gov.in/service3/FileDownload.aspx?file=%5c%5cbhm-db-pp05%5cDistrict%5cMapshared%5cimages%5c1870814.jpg,data/cache/landrecords_lakes/images/images/1870814.jpg,False,2,16
landrecords-lake-digital,1904914,19049,BENGALURU,Bengaluru Urban,Bangalore-East,K R PURA1,BASAVANAPURA,14,14,https://landrecords.karnataka.gov.in/service3/FileDownload.aspx?file=%5c%5cbhm-db-pp05%5cDistrict%5cMapshared%5cimages%5c1904914.jpg,data/cache/landrecords_lakes/images/images/1904914.jpg,False,2,17
landrecords-lake-digital,18697334,18697,BENGALURU,Bengaluru Urban,bangalore-South,BEGURU - 3,BEGURU,334,334,https://landrecords.karnataka.gov.in/service3/FileDownload.aspx?file=%5c%5cbhm-db-pp05%5cDistrict%5cMapshared%5cimages%5c18697334.jpg,data/cache/landrecords_lakes/images/images/18697334.jpg,False,2,18
landrecords-lake-digital,18697344,18697,BENGALURU,Bengaluru Urban,bangalore-South,BEGURU - 3,BEGURU,344,344,https://landrecords.karnataka.gov.in/service3/FileDownload.aspx?file=%5c%5cbhm-db-pp05%5cDistrict%5cMapshared%5cimages%5c18697344.jpg,data/cache/landrecords_lakes/images/images/18697344.jpg,False,2,19
landrecords-lake-digital,1869748,18697,BENGALURU,Bengaluru Urban,bangalore-South,BEGURU - 3,BEGURU,48,48,https://landrecords.karnataka.gov.in/service3/FileDownload.aspx?file=%5c%5cbhm-db-pp05%5cDistrict%5cMapshared%5cimages%5c1869748.jpg,data/cache/landrecords_lakes/images/images/1869748.jpg,False,3,0
landrecords-lake-digital,1869752,18697,BENGALURU,Bengaluru Urban,bangalore-South,BEGURU - 3,BEGURU,52,52,https://landrecords.karnataka.gov.in/service3/FileDownload.aspx?file=%5c%5cbhm-db-pp05%5cDistrict%5cMapshared%5cimages%5c1869752.jpg,data/cache/landrecords_lakes/images/images/1869752.jpg,False,3,1
landrecords-lake-digital,1869794,18697,BENGALURU,Bengaluru Urban,bangalore-South,BEGURU - 3,BEGURU,94,94,https://landrecords.karnataka.gov.in/service3/FileDownload.aspx?file=%5c%5cbhm-db-pp05%5cDistrict%5cMapshared%5cimages%5c1869794.jpg,data/cache/landrecords_lakes/images/images/1869794.jpg,False,3,2
landrecords-lake-digital,1914465,19144,BENGALURU,Bengaluru Urban,Bangalore-East,BIDARAHALLI1,BELATTURU,65,65,https://landrecords.karnataka.gov.in/service3/FileDownload.aspx?file=%5c%5cbhm-db-pp05%5cDistrict%5cMapshared%5cimages%5c1914465.jpg,data/cache/landrecords_lakes/images/images/1914465.jpg,False,3,3
landrecords-lake-digital,1911365,19113,BENGALURU,Bengaluru Urban,Bangalore-East,VARTURU2,BELLANDURU,65,65,https://landrecords.karnataka.gov.in/service3/FileDownload.aspx?file=%5c%5cbhm-db-pp05%5cDistrict%5cMapshared%5cimages%5c1911365.jpg,data/cache/landrecords_lakes/images/images/1911365.jpg,False,3,4
landrecords-lake-digital,1924368,19243,BENGALURU,Bengaluru Urban,Bangalore North(Additional),YALAHANKA1,BELLIHALLI,68,68,https://landrecords.karnataka.gov.in/service3/FileDownload.aspx?file=%5c%5cbhm-db-pp05%5cDistrict%5cMapshared%5cimages%5c1924368.jpg,data/cache/landrecords_lakes/images/images/1924368.jpg,False,3,5
landrecords-lake-digital,190922,19092,BENGALURU,Bengaluru Urban,Bangalore-East,VARTURU1,BELURU,2,2,https://landrecords.karnataka.gov.in/service3/FileDownload.aspx?file=%5c%5cbhm-db-pp05%5cDistrict%5cMapshared%5cimages%5c190922.jpg,data/cache/landrecords_lakes/images/images/190922.jpg,False,3,6
landrecords-lake-digital,1909232,19092,BENGALURU,Bengaluru Urban,Bangalore-East,VARTURU1,BELURU,32,32,https://landrecords.karnataka.gov.in/service3/FileDownload.aspx?file=%5c%5cbhm-db-pp05%5cDistrict%5cMapshared%5cimages%5c1909232.jpg,data/cache/landrecords_lakes/images/images/1909232.jpg,False,3,7
landrecords-lake-digital,1919247,19192,BENGALURU,Bengaluru Urban,Bangalore-East,Mahadevapura,BENNIGANAHALLI,47,47,https://landrecords.karnataka.gov.in/service3/FileDownload.aspx?file=%5c%5cbhm-db-pp05%5cDistrict%5cMapshared%5cimages%5c1919247.jpg,data/cache/landrecords_lakes/images/images/1919247.jpg,False,3,8
landrecords-lake-digital,1919255,19192,BENGALURU,Bengaluru Urban,Bangalore-East,Mahadevapura,BENNIGANAHALLI,55,55,https://landrecords.karnataka.gov.in/service3/FileDownload.aspx?file=%5c%5cbhm-db-pp05%5cDistrict%5cMapshared%5cimages%5c1919255.jpg,data/cache/landrecords_lakes/images/images/1919255.jpg,False,3,9
landrecords-lake-digital,1869218,18692,BENGALURU,Bengaluru Urban,bangalore-South,BEGURU - 2,BERATENA AGRAHARA,18,18,https://landrecords.karnataka.gov.in/service3/FileDownload.aspx?file=%5c%5cbhm-db-pp05%5cDistrict%5cMapshared%5cimages%5c1869218.jpg,data/cache/landrecords_lakes/images/images/1869218.jpg,False,3,10
landrecords-lake-digital,1869243,18692,BENGALURU,Bengaluru Urban,bangalore-South,BEGURU - 2,BERATENA AGRAHARA,43,43,https://landrecords.karnataka.gov.in/service3/FileDownload.aspx?file=%5c%5cbhm-db-pp05%5cDistrict%5cMapshared%5cimages%5c1869243.jpg,data/cache/landrecords_lakes/images/images/1869243.jpg,False,3,11
landrecords-lake-digital,1922358,19223,BENGALURU,Bengaluru Urban,Bangalore-East,Bidharahalli3,BHAIRATI,58,58,https://landrecords.karnataka.gov.in/service3/FileDownload.aspx?file=%5c%5cbhm-db-pp05%5cDistrict%5cMapshared%5cimages%5c1922358.jpg,data/cache/landrecords_lakes/images/images/1922358.jpg,False,3,12
landrecords-lake-digital,1910821,19108,BENGALURU,Bengaluru Urban,Bangalore-East,VARTURU2,BHOGANAHALLI,21,21,https://landrecords.karnataka.gov.in/service3/FileDownload.aspx?file=%5c%5cbhm-db-pp05%5cDistrict%5cMapshared%5cimages%5c1910821.jpg,data/cache/landrecords_lakes/images/images/1910821.jpg,False,3,13
landrecords-lake-digital,18704167,18704,BENGALURU,Bengaluru Urban,bangalore-South,BEGURU - 3,BILEKAHALLI,167,167,https://landrecords.karnataka.gov.in/service3/FileDownload.aspx?file=%5c%5cbhm-db-pp05%5cDistrict%5cMapshared%5cimages%5c18704167.jpg,data/cache/landrecords_lakes/images/images/18704167.jpg,False,3,14
landrecords-lake-digital,1870464,18704,BENGALURU,Bengaluru Urban,bangalore-South,BEGURU - 3,BILEKAHALLI,64,64,https://landrecords.karnataka.gov.in/service3/FileDownload.aspx?file=%5c%5cbhm-db-pp05%5cDistrict%5cMapshared%5cimages%5c1870464.jpg,data/cache/landrecords_lakes/images/images/1870464.jpg,False,3,15
landrecords-lake-digital,4002919,40029,BENGALURU,Bengaluru Urban,BANGALORE-NORTH,kasaba,Bilekalli,19,19,https://landrecords.karnataka.gov.in/service3/FileDownload.aspx?file=%5c%5cbhm-db-pp05%5cDistrict%5cMapshared%5cimages%5c4002919.jpg,data/cache/landrecords_lakes/images/images/4002919.jpg,False,3,16
landrecords-lake-digital,19224130,19224,BENGALURU,Bengaluru Urban,Bangalore-East,Bidharahalli3,BILISHIVALE,130,130,https://landrecords.karnataka.gov.in/service3/FileDownload.aspx?file=%5c%5cbhm-db-pp05%5cDistrict%5cMapshared%5cimages%5c19224130.jpg,data/cache/landrecords_lakes/images/images/19224130.jpg,False,3,17
landrecords-lake-digital,40026148,40026,BENGALURU,Bengaluru Urban,BANGALORE-NORTH,kasaba,Binnamangala,148,148,https://landrecords.karnataka.gov.in/service3/FileDownload.aspx?file=%5c%5cbhm-db-pp05%5cDistrict%5cMapshared%5cimages%5c40026148.jpg,data/cache/landrecords_lakes/images/images/40026148.jpg,False,3,18
landrecords-lake-digital,4002699,40026,BENGALURU,Bengaluru Urban,BANGALORE-NORTH,kasaba,Binnamangala,99,99,https://landrecords.karnataka.gov.in/service3/FileDownload.aspx?file=%5c%5cbhm-db-pp05%5cDistrict%5cMapshared%5cimages%5c4002699.jpg,data/cache/landrecords_lakes/images/images/4002699.jpg,False,3,19
landrecords-lake-digital,4002395,40023,BENGALURU,Bengaluru Urban,BANGALORE-NORTH,kasaba,Byadarahalli,95,95,https://landrecords.karnataka.gov.in/service3/FileDownload.aspx?file=%5c%5cbhm-db-pp05%5cDistrict%5cMapshared%5cimages%5c4002395.jpg,data/cache/landrecords_lakes/images/images/4002395.jpg,False,4,0
landrecords-lake-digital,1925375,19253,BENGALURU,Bengaluru Urban,Bangalore North(Additional),YALAHANKA2,BYATARAYAPURA,75,75,https://landrecords.karnataka.gov.in/service3/FileDownload.aspx?file=%5c%5cbhm-db-pp05%5cDistrict%5cMapshared%5cimages%5c1925375.jpg,data/cache/landrecords_lakes/images/images/1925375.jpg,False,4,1
landrecords-lake-digital,1848214,18482,BENGALURU,Bengaluru Urban,BANGALORE-NORTH,KASABA1,BYATEGUTTEPALYA,14,14,https://landrecords.karnataka.gov.in/service3/FileDownload.aspx?file=%5c%5cbhm-db-pp05%5cDistrict%5cMapshared%5cimages%5c1848214.jpg,data/cache/landrecords_lakes/images/images/1848214.jpg,False,4,2
landrecords-lake-digital,1909516,19095,BENGALURU,Bengaluru Urban,Bangalore-East,VARTURU1,CHALLAGHATTA,16,16,https://landrecords.karnataka.gov.in/service3/FileDownload.aspx?file=%5c%5cbhm-db-pp05%5cDistrict%5cMapshared%5cimages%5c1909516.jpg,data/cache/landrecords_lakes/images/images/1909516.jpg,False,4,3
landrecords-lake-digital,187001,18700,BENGALURU,Bengaluru Urban,bangalore-South,BEGURU - 3,CHANDRASHEKHARAPURA,1,1,https://landrecords.karnataka.gov.in/service3/FileDownload.aspx?file=%5c%5cbhm-db-pp05%5cDistrict%5cMapshared%5cimages%5c187001.jpg,data/cache/landrecords_lakes/images/images/187001.jpg,False,4,4
landrecords-lake-digital,1905185,19051,BENGALURU,Bengaluru Urban,Bangalore-East,K R PURA1,CHELAKERE,85,85,https://landrecords.karnataka.gov.in/service3/FileDownload.aspx?file=%5c%5cbhm-db-pp05%5cDistrict%5cMapshared%5cimages%5c1905185.jpg,data/cache/landrecords_lakes/images/images/1905185.jpg,False,4,5
landrecords-lake-digital,191209,19120,BENGALURU,Bengaluru Urban,Bangalore-East,VARTURU2,CHIKKABELLANDURU,9,9,https://landrecords.karnataka.gov.in/service3/FileDownload.aspx?file=%5c%5cbhm-db-pp05%5cDistrict%5cMapshared%5cimages%5c191209.jpg,data/cache/landrecords_lakes/images/images/191209.jpg,False,4,6
landrecords-lake-digital,1926452,19264,BENGALURU,Bengaluru Urban,Bangalore North(Additional),YALAHANKA3,CHIKKABETTADAHALLI,52,52,https://landrecords.karnataka.gov.in/service3/FileDownload.aspx?file=%5c%5cbhm-db-pp05%5cDistrict%5cMapshared%5cimages%5c1926452.jpg,data/cache/landrecords_lakes/images/images/1926452.jpg,False,4,7
landrecords-lake-digital,1866576,18665,BENGALURU,Bengaluru Urban,bangalore-South,UTTARAHALLI -4,CHIKKAKALLASANDRA,76,76,https://landrecords.karnataka.gov.in/service3/FileDownload.aspx?file=%5c%5cbhm-db-pp05%5cDistrict%5cMapshared%5cimages%5c1866576.jpg,data/cache/landrecords_lakes/images/images/1866576.jpg,False,4,8
landrecords-lake-digital,1866583,18665,BENGALURU,Bengaluru Urban,bangalore-South,UTTARAHALLI -4,CHIKKAKALLASANDRA,83,83,https://landrecords.karnataka.gov.in/service3/FileDownload.aspx?file=%5c%5cbhm-db-pp05%5cDistrict%5cMapshared%5cimages%5c1866583.jpg,data/cache/landrecords_lakes/images/images/1866583.jpg,False,4,9
landrecords-lake-digital,4001043,40010,BENGALURU,Bengaluru Urban,BANGALORE-NORTH,kasaba,Chikkamaranahalli,43,43,https://landrecords.karnataka.gov.in/service3/FileDownload.aspx?file=%5c%5cbhm-db-pp05%5cDistrict%5cMapshared%5cimages%5c4001043.jpg,data/cache/landrecords_lakes/images/images/4001043.jpg,False,4,10
landrecords-lake-digital,1907717,19077,BENGALURU,Bengaluru Urban,Bangalore-East,K R PURA3,CHINNAPPANAHALLI,"17,15",17;15,https://landrecords.karnataka.gov.in/service3/FileDownload.aspx?file=%5c%5cbhm-db-pp05%5cDistrict%5cMapshared%5cimages%5c1907717.jpg,data/cache/landrecords_lakes/images/images/1907717.jpg,False,4,11
landrecords-lake-digital,192562,19256,BENGALURU,Bengaluru Urban,Bangalore North(Additional),YALAHANKA2,CHOKKANAHALLI,2,2,https://landrecords.karnataka.gov.in/service3/FileDownload.aspx?file=%5c%5cbhm-db-pp05%5cDistrict%5cMapshared%5cimages%5c192562.jpg,data/cache/landrecords_lakes/images/images/192562.jpg,False,4,12
landrecords-lake-digital,1925666,19256,BENGALURU,Bengaluru Urban,Bangalore North(Additional),YALAHANKA2,CHOKKANAHALLI,66,66,https://landrecords.karnataka.gov.in/service3/FileDownload.aspx?file=%5c%5cbhm-db-pp05%5cDistrict%5cMapshared%5cimages%5c1925666.jpg,data/cache/landrecords_lakes/images/images/1925666.jpg,False,4,13
landrecords-lake-digital,185165,18516,BENGALURU,Bengaluru Urban,BANGALORE-NORTH,YASHAVANTAPURA2,CHOKKASANDRA,5,5,https://landrecords.karnataka.gov.in/service3/FileDownload.aspx?file=%5c%5cbhm-db-pp05%5cDistrict%5cMapshared%5cimages%5c185165.jpg,data/cache/landrecords_lakes/images/images/185165.jpg,False,4,14
landrecords-lake-digital,1871415,18714,BENGALURU,Bengaluru Urban,bangalore-South,KENGERI - 1,CHUDENAPURA,15,15,https://landrecords.karnataka.gov.in/service3/FileDownload.aspx?file=%5c%5cbhm-db-pp05%5cDistrict%5cMapshared%5cimages%5c1871415.jpg,data/cache/landrecords_lakes/images/images/1871415.jpg,False,4,15
landrecords-lake-digital,1861570,18615,BENGALURU,Bengaluru Urban,bangalore-South,UTTARAHALLI -1,CHUNCHAGHATTA,70,70,https://landrecords.karnataka.gov.in/service3/FileDownload.aspx?file=%5c%5cbhm-db-pp05%5cDistrict%5cMapshared%5cimages%5c1861570.jpg,data/cache/landrecords_lakes/images/images/1861570.jpg,False,4,16
landrecords-lake-digital,400282,40028,BENGALURU,Bengaluru Urban,BANGALORE-NORTH,kasaba,Danduupparahalli,2,2,https://landrecords.karnataka.gov.in/service3/FileDownload.aspx?file=%5c%5cbhm-db-pp05%5cDistrict%5cMapshared%5cimages%5c400282.jpg,data/cache/landrecords_lakes/images/images/400282.jpg,False,4,17
landrecords-lake-digital,400651,40065,BENGALURU,Bengaluru Urban,BANGALORE-SOUTH,UTTARAHALLI,Dasarahalli,1,1,https://landrecords.karnataka.gov.in/service3/FileDownload.aspx?file=%5c%5cbhm-db-pp05%5cDistrict%5cMapshared%5cimages%5c400651.jpg,data/cache/landrecords_lakes/images/images/400651.jpg,False,4,18
landrecords-lake-digital,1851724,18517,BENGALURU,Bengaluru Urban,BANGALORE-NORTH,YASHAVANTAPURA2,DASARAHALLI,24,24,https://landrecords.karnataka.gov.in/service3/FileDownload.aspx?file=%5c%5cbhm-db-pp05%5cDistrict%5cMapshared%5cimages%5c1851724.jpg,data/cache/landrecords_lakes/images/images/1851724.jpg,False,4,19
landrecords-lake-digital,1851737,18517,BENGALURU,Bengaluru Urban,BANGALORE-NORTH,YASHAVANTAPURA2,DASARAHALLI,37,37,https://landrecords.karnataka.gov.in/service3/FileDownload.aspx?file=%5c%5cbhm-db-pp05%5cDistrict%5cMapshared%5cimages%5c1851737.jpg,data/cache/landrecords_lakes/images/images/1851737.jpg,False,5,0
landrecords-lake-digital,1851750,18517,BENGALURU,Bengaluru Urban,BANGALORE-NORTH,YASHAVANTAPURA2,DASARAHALLI,50,50,https://landrecords.karnataka.gov.in/service3/FileDownload.aspx?file=%5c%5cbhm-db-pp05%5cDistrict%5cMapshared%5cimages%5c1851750.jpg,data/cache/landrecords_lakes/images/images/1851750.jpg,False,5,1
landrecords-lake-digital,1907061,19070,BENGALURU,Bengaluru Urban,Bangalore-East,K R PURA2,DASARAHALLI,61,61,https://landrecords.karnataka.gov.in/service3/FileDownload.aspx?file=%5c%5cbhm-db-pp05%5cDistrict%5cMapshared%5cimages%5c1907061.jpg,data/cache/landrecords_lakes/images/images/1907061.jpg,False,5,2
landrecords-lake-digital,1881910,18819,BENGALURU,Bengaluru Urban,bangalore-South,KENGERI-4,DEEVATIGERAMANAHALLI,10,10,https://landrecords.karnataka.gov.in/service3/FileDownload.aspx?file=%5c%5cbhm-db-pp05%5cDistrict%5cMapshared%5cimages%5c1881910.jpg,data/cache/landrecords_lakes/images/images/1881910.jpg,False,5,3
landrecords-lake-digital,1911418,19114,BENGALURU,Bengaluru Urban,Bangalore-East,VARTURU2,DEVARA BEESANAHALLI,18,18,https://landrecords.karnataka.gov.in/service3/FileDownload.aspx?file=%5c%5cbhm-db-pp05%5cDistrict%5cMapshared%5cimages%5c1911418.jpg,data/cache/landrecords_lakes/images/images/1911418.jpg,False,5,4
landrecords-lake-digital,1847622,18476,BENGALURU,Bengaluru Urban,BANGALORE-NORTH,KASABA1,DEVARA JEEVANAHALLI,22,22,https://landrecords.karnataka.gov.in/service3/FileDownload.aspx?file=%5c%5cbhm-db-pp05%5cDistrict%5cMapshared%5cimages%5c1847622.jpg,data/cache/landrecords_lakes/images/images/1847622.jpg,False,5,5
landrecords-lake-digital,400437,40043,BENGALURU,Bengaluru Urban,BANGALORE-NORTH,kasaba,Doddabailakhane,7,7,https://landrecords.karnataka.gov.in/service3/FileDownload.aspx?file=%5c%5cbhm-db-pp05%5cDistrict%5cMapshared%5cimages%5c400437.jpg,data/cache/landrecords_lakes/images/images/400437.jpg,False,5,6
landrecords-lake-digital,1927533,19275,BENGALURU,Bengaluru Urban,Bangalore North(Additional),YALAHANKA3,DODDABETTADAHALLI,33,33,https://landrecords.karnataka.gov.in/service3/FileDownload.aspx?file=%5c%5cbhm-db-pp05%5cDistrict%5cMapshared%5cimages%5c1927533.jpg,data/cache/landrecords_lakes/images/images/1927533.jpg,False,5,7
landrecords-lake-digital,18503103,18503,BENGALURU,Bengaluru Urban,BANGALORE-NORTH,YASHAVANTAPURA1,DODDABIDARAKALLU,103,103,https://landrecords.karnataka.gov.in/service3/FileDownload.aspx?file=%5c%5cbhm-db-pp05%5cDistrict%5cMapshared%5cimages%5c18503103.jpg,data/cache/landrecords_lakes/images/images/18503103.jpg,False,5,8
landrecords-lake-digital,18503121,18503,BENGALURU,Bengaluru Urban,BANGALORE-NORTH,YASHAVANTAPURA1,DODDABIDARAKALLU,121,121,https://landrecords.karnataka.gov.in/service3/FileDownload.aspx?file=%5c%5cbhm-db-pp05%5cDistrict%5cMapshared%5cimages%5c18503121.jpg,data/cache/landrecords_lakes/images/images/18503121.jpg,False,5,9
landrecords-lake-digital,18503125,18503,BENGALURU,Bengaluru Urban,BANGALORE-NORTH,YASHAVANTAPURA1,DODDABIDARAKALLU,125,125,https://landrecords.karnataka.gov.in/service3/FileDownload.aspx?file=%5c%5cbhm-db-pp05%5cDistrict%5cMapshared%5cimages%5c18503125.jpg,data/cache/landrecords_lakes/images/images/18503125.jpg,False,5,10
landrecords-lake-digital,1850350,18503,BENGALURU,Bengaluru Urban,BANGALORE-NORTH,YASHAVANTAPURA1,DODDABIDARAKALLU,50,50,https://landrecords.karnataka.gov.in/service3/FileDownload.aspx?file=%5c%5cbhm-db-pp05%5cDistrict%5cMapshared%5cimages%5c1850350.jpg,data/cache/landrecords_lakes/images/images/1850350.jpg,False,5,11
landrecords-lake-digital,1850382,18503,BENGALURU,Bengaluru Urban,BANGALORE-NORTH,YASHAVANTAPURA1,DODDABIDARAKALLU,82,82,https://landrecords.karnataka.gov.in/service3/FileDownload.aspx?file=%5c%5cbhm-db-pp05%5cDistrict%5cMapshared%5cimages%5c1850382.jpg,data/cache/landrecords_lakes/images/images/1850382.jpg,False,5,12
landrecords-lake-digital,1927656,19276,BENGALURU,Bengaluru Urban,Bangalore North(Additional),YALAHANKA3,DODDABOMMASANDRA,56,56,https://landrecords.karnataka.gov.in/service3/FileDownload.aspx?file=%5c%5cbhm-db-pp05%5cDistrict%5cMapshared%5cimages%5c1927656.jpg,data/cache/landrecords_lakes/images/images/1927656.jpg,False,5,13
landrecords-lake-digital,1861427,18614,BENGALURU,Bengaluru Urban,bangalore-South,UTTARAHALLI -1,DODDAKALLASANDRA,27,27,https://landrecords.karnataka.gov.in/service3/FileDownload.aspx?file=%5c%5cbhm-db-pp05%5cDistrict%5cMapshared%5cimages%5c1861427.jpg,data/cache/landrecords_lakes/images/images/1861427.jpg,False,5,14
landrecords-lake-digital,19121109,19121,BENGALURU,Bengaluru Urban,Bangalore-East,VARTURU2,DODDAKANNALLI,109,109,https://landrecords.karnataka.gov.in/service3/FileDownload.aspx?file=%5c%5cbhm-db-pp05%5cDistrict%5cMapshared%5cimages%5c19121109.jpg,data/cache/landrecords_lakes/images/images/19121109.jpg,False,5,15
landrecords-lake-digital,19121127,19121,BENGALURU,Bengaluru Urban,Bangalore-East,VARTURU2,DODDAKANNALLI,127,127,https://landrecords.karnataka.gov.in/service3/FileDownload.aspx?file=%5c%5cbhm-db-pp05%5cDistrict%5cMapshared%5cimages%5c19121127.jpg,data/cache/landrecords_lakes/images/images/19121127.jpg,False,5,16
landrecords-lake-digital,1912168,19121,BENGALURU,Bengaluru Urban,Bangalore-East,VARTURU2,DODDAKANNALLI,68,68,https://landrecords.karnataka.gov.in/service3/FileDownload.aspx?file=%5c%5cbhm-db-pp05%5cDistrict%5cMapshared%5cimages%5c1912168.jpg,data/cache/landrecords_lakes/images/images/1912168.jpg,False,5,17
landrecords-lake-digital,1912195,19121,BENGALURU,Bengaluru Urban,Bangalore-East,VARTURU2,DODDAKANNALLI,95,95,https://landrecords.karnataka.gov.in/service3/FileDownload.aspx?file=%5c%5cbhm-db-pp05%5cDistrict%5cMapshared%5cimages%5c1912195.jpg,data/cache/landrecords_lakes/images/images/1912195.jpg,False,5,18
landrecords-lake-digital,19106145,19106,BENGALURU,Bengaluru Urban,Bangalore-East,VARTURU1,DODDANEKUNDI,145,145,https://landrecords.karnataka.gov.in/service3/FileDownload.aspx?file=%5c%5cbhm-db-pp05%5cDistrict%5cMapshared%5cimages%5c19106145.jpg,data/cache/landrecords_lakes/images/images/19106145.jpg,False,5,19
landrecords-lake-digital,19106200,19106,BENGALURU,Bengaluru Urban,Bangalore-East,VARTURU1,DODDANEKUNDI,200,200,https://landrecords.karnataka.gov.in/service3/FileDownload.aspx?file=%5c%5cbhm-db-pp05%5cDistrict%5cMapshared%5cimages%5c19106200.jpg,data/cache/landrecords_lakes/images/images/19106200.jpg,False,6,0
landrecords-lake-digital,1910621,19106,BENGALURU,Bengaluru Urban,Bangalore-East,VARTURU1,DODDANEKUNDI,21,21,https://landrecords.karnataka.gov.in/service3/FileDownload.aspx?file=%5c%5cbhm-db-pp05%5cDistrict%5cMapshared%5cimages%5c1910621.jpg,data/cache/landrecords_lakes/images/images/1910621.jpg,False,6,1
landrecords-lake-digital,1910678,19106,BENGALURU,Bengaluru Urban,Bangalore-East,VARTURU1,DODDANEKUNDI,"78,80",78;80,https://landrecords.karnataka.gov.in/service3/FileDownload.aspx?file=%5c%5cbhm-db-pp05%5cDistrict%5cMapshared%5cimages%5c1910678.jpg,data/cache/landrecords_lakes/images/images/1910678.jpg,False,6,2
landrecords-lake-digital,18696113,18696,BENGALURU,Bengaluru Urban,bangalore-South,BEGURU - 2,DODDATOGURU,113,113,https://landrecords.karnataka.gov.in/service3/FileDownload.aspx?file=%5c%5cbhm-db-pp05%5cDistrict%5cMapshared%5cimages%5c18696113.jpg,data/cache/landrecords_lakes/images/images/18696113.jpg,False,6,3
landrecords-lake-digital,1869613,18696,BENGALURU,Bengaluru Urban,bangalore-South,BEGURU - 2,DODDATOGURU,13,13,https://landrecords.karnataka.gov.in/service3/FileDownload.aspx?file=%5c%5cbhm-db-pp05%5cDistrict%5cMapshared%5cimages%5c1869613.jpg,data/cache/landrecords_lakes/images/images/1869613.jpg,False,6,4
landrecords-lake-digital,400389,40038,BENGALURU,Bengaluru Urban,BANGALORE-NORTH,kasaba,Domlur,9,9,https://landrecords.karnataka.gov.in/service3/FileDownload.aspx?file=%5c%5cbhm-db-pp05%5cDistrict%5cMapshared%5cimages%5c400389.jpg,data/cache/landrecords_lakes/images/images/400389.jpg,False,6,5
landrecords-lake-digital,400279,40027,BENGALURU,Bengaluru Urban,BANGALORE-NORTH,kasaba,Dukanahalli,9,9,https://landrecords.karnataka.gov.in/service3/FileDownload.aspx?file=%5c%5cbhm-db-pp05%5cDistrict%5cMapshared%5cimages%5c400279.jpg,data/cache/landrecords_lakes/images/images/400279.jpg,False,6,6
landrecords-lake-digital,1869955,18699,BENGALURU,Bengaluru Urban,bangalore-South,BEGURU - 3,ELENAHALLI,55,55,https://landrecords.karnataka.gov.in/service3/FileDownload.aspx?file=%5c%5cbhm-db-pp05%5cDistrict%5cMapshared%5cimages%5c1869955.jpg,data/cache/landrecords_lakes/images/images/1869955.jpg,False,6,7
landrecords-lake-digital,1868714,18687,BENGALURU,Bengaluru Urban,bangalore-South,BEGURU - 2,ELLUKUNTE,14,14,https://landrecords.karnataka.gov.in/service3/FileDownload.aspx?file=%5c%5cbhm-db-pp05%5cDistrict%5cMapshared%5cimages%5c1868714.jpg,data/cache/landrecords_lakes/images/images/1868714.jpg,False,6,8
landrecords-lake-digital,1868719,18687,BENGALURU,Bengaluru Urban,bangalore-South,BEGURU - 2,ELLUKUNTE,19,19,https://landrecords.karnataka.gov.in/service3/FileDownload.aspx?file=%5c%5cbhm-db-pp05%5cDistrict%5cMapshared%5cimages%5c1868719.jpg,data/cache/landrecords_lakes/images/images/1868719.jpg,False,6,9
landrecords-lake-digital,1868731,18687,BENGALURU,Bengaluru Urban,bangalore-South,BEGURU - 2,ELLUKUNTE,31,31,https://landrecords.karnataka.gov.in/service3/FileDownload.aspx?file=%5c%5cbhm-db-pp05%5cDistrict%5cMapshared%5cimages%5c1868731.jpg,data/cache/landrecords_lakes/images/images/1868731.jpg,False,6,10
landrecords-lake-digital,1881433,18814,BENGALURU,Bengaluru Urban,bangalore-South,KENGERI-4,GANAKALLU,33,33,https://landrecords.karnataka.gov.in/service3/FileDownload.aspx?file=%5c%5cbhm-db-pp05%5cDistrict%5cMapshared%5cimages%5c1881433.jpg,data/cache/landrecords_lakes/images/images/1881433.jpg,False,6,11
landrecords-lake-digital,1848319,18483,BENGALURU,Bengaluru Urban,BANGALORE-NORTH,KASABA2,GEDDALA HALLI,19,19,https://landrecords.karnataka.gov.in/service3/FileDownload.aspx?file=%5c%5cbhm-db-pp05%5cDistrict%5cMapshared%5cimages%5c1848319.jpg,data/cache/landrecords_lakes/images/images/1848319.jpg,False,6,12
landrecords-lake-digital,184833,18483,BENGALURU,Bengaluru Urban,BANGALORE-NORTH,KASABA2,GEDDALA HALLI,3,3,https://landrecords.karnataka.gov.in/service3/FileDownload.aspx?file=%5c%5cbhm-db-pp05%5cDistrict%5cMapshared%5cimages%5c184833.jpg,data/cache/landrecords_lakes/images/images/184833.jpg,False,6,13
landrecords-lake-digital,185286,18528,BENGALURU,Bengaluru Urban,BANGALORE-NORTH,YASHAVANTAPURA2,GIDDADAKONENAHALLI,6,6,https://landrecords.karnataka.gov.in/service3/FileDownload.aspx?file=%5c%5cbhm-db-pp05%5cDistrict%5cMapshared%5cimages%5c185286.jpg,data/cache/landrecords_lakes/images/images/185286.jpg,False,6,14
landrecords-lake-digital,186223,18622,BENGALURU,Bengaluru Urban,bangalore-South,UTTARAHALLI -1,GOLLAHALLI,3,3,https://landrecords.karnataka.gov.in/service3/FileDownload.aspx?file=%5c%5cbhm-db-pp05%5cDistrict%5cMapshared%5cimages%5c186223.jpg,data/cache/landrecords_lakes/images/images/186223.jpg,False,6,15
landrecords-lake-digital,1862234,18622,BENGALURU,Bengaluru Urban,bangalore-South,UTTARAHALLI -1,GOLLAHALLI,34,34,https://landrecords.karnataka.gov.in/service3/FileDownload.aspx?file=%5c%5cbhm-db-pp05%5cDistrict%5cMapshared%5cimages%5c1862234.jpg,data/cache/landrecords_lakes/images/images/1862234.jpg,False,6,16
landrecords-lake-digital,1862238,18622,BENGALURU,Bengaluru Urban,bangalore-South,UTTARAHALLI -1,GOLLAHALLI,38,38,https://landrecords.karnataka.gov.in/service3/FileDownload.aspx?file=%5c%5cbhm-db-pp05%5cDistrict%5cMapshared%5cimages%5c1862238.jpg,data/cache/landrecords_lakes/images/images/1862238.jpg,False,6,17
landrecords-lake-digital,1862512,18625,BENGALURU,Bengaluru Urban,bangalore-South,UTTARAHALLI -1,GOTTIGERE,12,12,https://landrecords.karnataka.gov.in/service3/FileDownload.aspx?file=%5c%5cbhm-db-pp05%5cDistrict%5cMapshared%5cimages%5c1862512.jpg,data/cache/landrecords_lakes/images/images/1862512.jpg,False,6,18
landrecords-lake-digital,1862571,18625,BENGALURU,Bengaluru Urban,bangalore-South,UTTARAHALLI -1,GOTTIGERE,71,71,https://landrecords.karnataka.gov.in/service3/FileDownload.aspx?file=%5c%5cbhm-db-pp05%5cDistrict%5cMapshared%5cimages%5c1862571.jpg,data/cache/landrecords_lakes/images/images/1862571.jpg,False,6,19
landrecords-lake-digital,1861814,18618,BENGALURU,Bengaluru Urban,bangalore-South,UTTARAHALLI -1,GOVINAGOVINAYAKANAHALLI,14,14,https://landrecords.karnataka.gov.in/service3/FileDownload.aspx?file=%5c%5cbhm-db-pp05%5cDistrict%5cMapshared%5cimages%5c1861814.jpg,data/cache/landrecords_lakes/images/images/1861814.jpg,False,7,0
landrecords-lake-digital,1865925,18659,BENGALURU,Bengaluru Urban,bangalore-South,UTTARAHALLI -4,GUBBILALA,25,25,https://landrecords.karnataka.gov.in/service3/FileDownload.aspx?file=%5c%5cbhm-db-pp05%5cDistrict%5cMapshared%5cimages%5c1865925.jpg,data/cache/landrecords_lakes/images/images/1865925.jpg,False,7,1
landrecords-lake-digital,1865943,18659,BENGALURU,Bengaluru Urban,bangalore-South,UTTARAHALLI -4,GUBBILALA,43,43,https://landrecords.karnataka.gov.in/service3/FileDownload.aspx?file=%5c%5cbhm-db-pp05%5cDistrict%5cMapshared%5cimages%5c1865943.jpg,data/cache/landrecords_lakes/images/images/1865943.jpg,False,7,2
landrecords-lake-digital,186598,18659,BENGALURU,Bengaluru Urban,bangalore-South,UTTARAHALLI -4,GUBBILALA,8,8,https://landrecords.karnataka.gov.in/service3/FileDownload.aspx?file=%5c%5cbhm-db-pp05%5cDistrict%5cMapshared%5cimages%5c186598.jpg,data/cache/landrecords_lakes/images/images/186598.jpg,False,7,3
landrecords-lake-digital,19102124,19102,BENGALURU,Bengaluru Urban,Bangalore-East,VARTURU1,GUNJURU,124,124,https://landrecords.karnataka.gov.in/service3/FileDownload.aspx?file=%5c%5cbhm-db-pp05%5cDistrict%5cMapshared%5cimages%5c19102124.jpg,data/cache/landrecords_lakes/images/images/19102124.jpg,False,7,4
landrecords-lake-digital,19102209,19102,BENGALURU,Bengaluru Urban,Bangalore-East,VARTURU1,GUNJURU,209,209,https://landrecords.karnataka.gov.in/service3/FileDownload.aspx?file=%5c%5cbhm-db-pp05%5cDistrict%5cMapshared%5cimages%5c19102209.jpg,data/cache/landrecords_lakes/images/images/19102209.jpg,False,7,5
landrecords-lake-digital,19102301,19102,BENGALURU,Bengaluru Urban,Bangalore-East,VARTURU1,GUNJURU,301,301,https://landrecords.karnataka.gov.in/service3/FileDownload.aspx?file=%5c%5cbhm-db-pp05%5cDistrict%5cMapshared%5cimages%5c19102301.jpg,data/cache/landrecords_lakes/images/images/19102301.jpg,False,7,6
landrecords-lake-digital,1910283,19102,BENGALURU,Bengaluru Urban,Bangalore-East,VARTURU1,GUNJURU,83,83,https://landrecords.karnataka.gov.in/service3/FileDownload.aspx?file=%5c%5cbhm-db-pp05%5cDistrict%5cMapshared%5cimages%5c1910283.jpg,data/cache/landrecords_lakes/images/images/1910283.jpg,False,7,7
landrecords-lake-digital,1910295,19102,BENGALURU,Bengaluru Urban,Bangalore-East,VARTURU1,GUNJURU,95,95,https://landrecords.karnataka.gov.in/service3/FileDownload.aspx?file=%5c%5cbhm-db-pp05%5cDistrict%5cMapshared%5cimages%5c1910295.jpg,data/cache/landrecords_lakes/images/images/1910295.jpg,False,7,8
landrecords-lake-digital,188181,18818,BENGALURU,Bengaluru Urban,bangalore-South,KENGERI-4,HALAGEVADERAHALLI,1,1,https://landrecords.karnataka.gov.in/service3/FileDownload.aspx?file=%5c%5cbhm-db-pp05%5cDistrict%5cMapshared%5cimages%5c188181.jpg,data/cache/landrecords_lakes/images/images/188181.jpg,False,7,9
landrecords-lake-digital,18818124,18818,BENGALURU,Bengaluru Urban,bangalore-South,KENGERI-4,HALAGEVADERAHALLI,124,124,https://landrecords.karnataka.gov.in/service3/FileDownload.aspx?file=%5c%5cbhm-db-pp05%5cDistrict%5cMapshared%5cimages%5c18818124.jpg,data/cache/landrecords_lakes/images/images/18818124.jpg,False,7,10
landrecords-lake-digital,1874761,18747,BENGALURU,Bengaluru Urban,bangalore-South,KENGERI - 3,HAMMIGEPURA,61,61,https://landrecords.karnataka.gov.in/service3/FileDownload.aspx?file=%5c%5cbhm-db-pp05%5cDistrict%5cMapshared%5cimages%5c1874761.jpg,data/cache/landrecords_lakes/images/images/1874761.jpg,False,7,11
landrecords-lake-digital,1868515,18685,BENGALURU,Bengaluru Urban,bangalore-South,BEGURU - 2,HARALUKUNTE,15,15,https://landrecords.karnataka.gov.in/service3/FileDownload.aspx?file=%5c%5cbhm-db-pp05%5cDistrict%5cMapshared%5cimages%5c1868515.jpg,data/cache/landrecords_lakes/images/images/1868515.jpg,False,7,12
landrecords-lake-digital,1868551,18685,BENGALURU,Bengaluru Urban,bangalore-South,BEGURU - 2,HARALUKUNTE,51,51,https://landrecords.karnataka.gov.in/service3/FileDownload.aspx?file=%5c%5cbhm-db-pp05%5cDistrict%5cMapshared%5cimages%5c1868551.jpg,data/cache/landrecords_lakes/images/images/1868551.jpg,False,7,13
landrecords-lake-digital,19116159,19116,BENGALURU,Bengaluru Urban,Bangalore-East,VARTURU2,HARALURU,159,159,https://landrecords.karnataka.gov.in/service3/FileDownload.aspx?file=%5c%5cbhm-db-pp05%5cDistrict%5cMapshared%5cimages%5c19116159.jpg,data/cache/landrecords_lakes/images/images/19116159.jpg,False,7,14
landrecords-lake-digital,1911632,19116,BENGALURU,Bengaluru Urban,Bangalore-East,VARTURU2,HARALURU,32,32,https://landrecords.karnataka.gov.in/service3/FileDownload.aspx?file=%5c%5cbhm-db-pp05%5cDistrict%5cMapshared%5cimages%5c1911632.jpg,data/cache/landrecords_lakes/images/images/1911632.jpg,False,7,15
landrecords-lake-digital,1911695,19116,BENGALURU,Bengaluru Urban,Bangalore-East,VARTURU2,HARALURU,95,95,https://landrecords.karnataka.gov.in/service3/FileDownload.aspx?file=%5c%5cbhm-db-pp05%5cDistrict%5cMapshared%5cimages%5c1911695.jpg,data/cache/landrecords_lakes/images/images/1911695.jpg,False,7,16
landrecords-lake-digital,1924591,19245,BENGALURU,Bengaluru Urban,Bangalore North(Additional),YALAHANKA1,HAROHALLI,91,91,https://landrecords.karnataka.gov.in/service3/FileDownload.aspx?file=%5c%5cbhm-db-pp05%5cDistrict%5cMapshared%5cimages%5c1924591.jpg,data/cache/landrecords_lakes/images/images/1924591.jpg,False,7,17
landrecords-lake-digital,1849338,18493,BENGALURU,Bengaluru Urban,BANGALORE-NORTH,KASABA2,HEBBALA,38,38,https://landrecords.karnataka.gov.in/service3/FileDownload.aspx?file=%5c%5cbhm-db-pp05%5cDistrict%5cMapshared%5cimages%5c1849338.jpg,data/cache/landrecords_lakes/images/images/1849338.jpg,False,7,18
landrecords-lake-digital,185342,18534,BENGALURU,Bengaluru Urban,BANGALORE-NORTH,YASHAVANTAPURA2,HEGGANAHALLI,2,2,https://landrecords.karnataka.gov.in/service3/FileDownload.aspx?file=%5c%5cbhm-db-pp05%5cDistrict%5cMapshared%5cimages%5c185342.jpg,data/cache/landrecords_lakes/images/images/185342.jpg,False,7,19
landrecords-lake-digital,1848053,18480,BENGALURU,Bengaluru Urban,BANGALORE-NORTH,KASABA1,HENNURU,53,53,https://landrecords.karnataka.gov.in/service3/FileDownload.aspx?file=%5c%5cbhm-db-pp05%5cDistrict%5cMapshared%5cimages%5c1848053.jpg,data/cache/landrecords_lakes/images/images/1848053.jpg,False,8,0
landrecords-lake-digital,1852099,18520,BENGALURU,Bengaluru Urban,BANGALORE-NORTH,YASHAVANTAPURA2,HEROHALLI,99,99,https://landrecords.karnataka.gov.in/service3/FileDownload.aspx?file=%5c%5cbhm-db-pp05%5cDistrict%5cMapshared%5cimages%5c1852099.jpg,data/cache/landrecords_lakes/images/images/1852099.jpg,False,8,1
landrecords-lake-digital,1868941,18689,BENGALURU,Bengaluru Urban,bangalore-South,BEGURU - 2,HONGASANDRA,41,41,https://landrecords.karnataka.gov.in/service3/FileDownload.aspx?file=%5c%5cbhm-db-pp05%5cDistrict%5cMapshared%5cimages%5c1868941.jpg,data/cache/landrecords_lakes/images/images/1868941.jpg,False,8,2
landrecords-lake-digital,1906583,19065,BENGALURU,Bengaluru Urban,Bangalore-East,K R PURA2,HORAMAVU,83,83,https://landrecords.karnataka.gov.in/service3/FileDownload.aspx?file=%5c%5cbhm-db-pp05%5cDistrict%5cMapshared%5cimages%5c1906583.jpg,data/cache/landrecords_lakes/images/images/1906583.jpg,False,8,3
landrecords-lake-digital,1906636,19066,BENGALURU,Bengaluru Urban,Bangalore-East,K R PURA2,HORAMAVUAGARA,36,36,https://landrecords.karnataka.gov.in/service3/FileDownload.aspx?file=%5c%5cbhm-db-pp05%5cDistrict%5cMapshared%5cimages%5c1906636.jpg,data/cache/landrecords_lakes/images/images/1906636.jpg,False,8,4
landrecords-lake-digital,1906677,19066,BENGALURU,Bengaluru Urban,Bangalore-East,K R PURA2,HORAMAVUAGARA,77,77,https://landrecords.karnataka.gov.in/service3/FileDownload.aspx?file=%5c%5cbhm-db-pp05%5cDistrict%5cMapshared%5cimages%5c1906677.jpg,data/cache/landrecords_lakes/images/images/1906677.jpg,False,8,5
landrecords-lake-digital,1866415,18664,BENGALURU,Bengaluru Urban,bangalore-South,UTTARAHALLI -4,HOSAKEREHALLI,15,15,https://landrecords.karnataka.gov.in/service3/FileDownload.aspx?file=%5c%5cbhm-db-pp05%5cDistrict%5cMapshared%5cimages%5c1866415.jpg,data/cache/landrecords_lakes/images/images/1866415.jpg,False,8,6
landrecords-lake-digital,19074138,19074,BENGALURU,Bengaluru Urban,Bangalore-East,K R PURA3,HUDI,138,138,https://landrecords.karnataka.gov.in/service3/FileDownload.aspx?file=%5c%5cbhm-db-pp05%5cDistrict%5cMapshared%5cimages%5c19074138.jpg,data/cache/landrecords_lakes/images/images/19074138.jpg,False,8,7
landrecords-lake-digital,1907479,19074,BENGALURU,Bengaluru Urban,Bangalore-East,K R PURA3,HUDI,79,79,https://landrecords.karnataka.gov.in/service3/FileDownload.aspx?file=%5c%5cbhm-db-pp05%5cDistrict%5cMapshared%5cimages%5c1907479.jpg,data/cache/landrecords_lakes/images/images/1907479.jpg,False,8,8
landrecords-lake-digital,1870542,18705,BENGALURU,Bengaluru Urban,bangalore-South,BEGURU - 3,HULIMAVU,42,42,https://landrecords.karnataka.gov.in/service3/FileDownload.aspx?file=%5c%5cbhm-db-pp05%5cDistrict%5cMapshared%5cimages%5c1870542.jpg,data/cache/landrecords_lakes/images/images/1870542.jpg,False,8,9
landrecords-lake-digital,1852649,18526,BENGALURU,Bengaluru Urban,BANGALORE-NORTH,YASHAVANTAPURA2,HULLALU,49,49,https://landrecords.karnataka.gov.in/service3/FileDownload.aspx?file=%5c%5cbhm-db-pp05%5cDistrict%5cMapshared%5cimages%5c1852649.jpg,data/cache/landrecords_lakes/images/images/1852649.jpg,False,8,10
landrecords-lake-digital,1852693,18526,BENGALURU,Bengaluru Urban,BANGALORE-NORTH,YASHAVANTAPURA2,HULLALU,93,93,https://landrecords.karnataka.gov.in/service3/FileDownload.aspx?file=%5c%5cbhm-db-pp05%5cDistrict%5cMapshared%5cimages%5c1852693.jpg,data/cache/landrecords_lakes/images/images/1852693.jpg,False,8,11
landrecords-lake-digital,1867636,18676,BENGALURU,Bengaluru Urban,bangalore-South,BEGURU - 1,IBBALURU,36,36,https://landrecords.karnataka.gov.in/service3/FileDownload.aspx?file=%5c%5cbhm-db-pp05%5cDistrict%5cMapshared%5cimages%5c1867636.jpg,data/cache/landrecords_lakes/images/images/1867636.jpg,False,8,12
landrecords-lake-digital,1866317,18663,BENGALURU,Bengaluru Urban,bangalore-South,UTTARAHALLI -4,ITTAMADU,17,17,https://landrecords.karnataka.gov.in/service3/FileDownload.aspx?file=%5c%5cbhm-db-pp05%5cDistrict%5cMapshared%5cimages%5c1866317.jpg,data/cache/landrecords_lakes/images/images/1866317.jpg,False,8,13
landrecords-lake-digital,1867730,18677,BENGALURU,Bengaluru Urban,bangalore-South,BEGURU - 1,JAKKASANDRA,30,30,https://landrecords.karnataka.gov.in/service3/FileDownload.aspx?file=%5c%5cbhm-db-pp05%5cDistrict%5cMapshared%5cimages%5c1867730.jpg,data/cache/landrecords_lakes/images/images/1867730.jpg,False,8,14
landrecords-lake-digital,1925915,19259,BENGALURU,Bengaluru Urban,Bangalore North(Additional),YALAHANKA2,JAKKURU,15,15,https://landrecords.karnataka.gov.in/service3/FileDownload.aspx?file=%5c%5cbhm-db-pp05%5cDistrict%5cMapshared%5cimages%5c1925915.jpg,data/cache/landrecords_lakes/images/images/1925915.jpg,False,8,15
landrecords-lake-digital,1925923,19259,BENGALURU,Bengaluru Urban,Bangalore North(Additional),YALAHANKA2,JAKKURU,23,23,https://landrecords.karnataka.gov.in/service3/FileDownload.aspx?file=%5c%5cbhm-db-pp05%5cDistrict%5cMapshared%5cimages%5c1925923.jpg,data/cache/landrecords_lakes/images/images/1925923.jpg,False,8,16
landrecords-lake-digital,1925982,19259,BENGALURU,Bengaluru Urban,Bangalore North(Additional),YALAHANKA2,JAKKURU,82,82,https://landrecords.karnataka.gov.in/service3/FileDownload.aspx?file=%5c%5cbhm-db-pp05%5cDistrict%5cMapshared%5cimages%5c1925982.jpg,data/cache/landrecords_lakes/images/images/1925982.jpg,False,8,17
landrecords-lake-digital,18509-,18509,BENGALURU,Bengaluru Urban,BANGALORE-NORTH,YASHAVANTAPURA1,JALAHALLI,,,https://landrecords.karnataka.gov.in/service3/FileDownload.aspx?file=%5c%5cbhm-db-pp05%5cDistrict%5cMapshared%5cimages%5c18509-.jpg,,True,8,18
landrecords-lake-digital,186167,18616,BENGALURU,Bengaluru Urban,bangalore-South,UTTARAHALLI -1,JARAGANAHALLI,7,7,https://landrecords.karnataka.gov.in/service3/FileDownload.aspx?file=%5c%5cbhm-db-pp05%5cDistrict%5cMapshared%5cimages%5c186167.jpg,data/cache/landrecords_lakes/images/images/186167.jpg,False,8,19
landrecords-lake-digital,4003610,40036,BENGALURU,Bengaluru Urban,BANGALORE-NORTH,kasaba,Jedahalli,10,10,https://landrecords.karnataka.gov.in/service3/FileDownload.aspx?file=%5c%5cbhm-db-pp05%5cDistrict%5cMapshared%5cimages%5c4003610.jpg,data/cache/landrecords_lakes/images/images/4003610.jpg,False,9,0
landrecords-lake-digital,1912432,19124,BENGALURU,Bengaluru Urban,Bangalore-East,VARTURU2,JUNNASANDRA,32,32,https://landrecords.karnataka.gov.in/service3/FileDownload.aspx?file=%5c%5cbhm-db-pp05%5cDistrict%5cMapshared%5cimages%5c1912432.jpg,data/cache/landrecords_lakes/images/images/1912432.jpg,False,9,1
landrecords-lake-digital,1865233,18652,BENGALURU,Bengaluru Urban,bangalore-South,UTTARAHALLI -4,KADIRENAHALLI,33,33,https://landrecords.karnataka.gov.in/service3/FileDownload.aspx?file=%5c%5cbhm-db-pp05%5cDistrict%5cMapshared%5cimages%5c1865233.jpg,data/cache/landrecords_lakes/images/images/1865233.jpg,False,9,2
landrecords-lake-digital,1865255,18652,BENGALURU,Bengaluru Urban,bangalore-South,UTTARAHALLI -4,KADIRENAHALLI,55,55,https://landrecords.karnataka.gov.in/service3/FileDownload.aspx?file=%5c%5cbhm-db-pp05%5cDistrict%5cMapshared%5cimages%5c1865255.jpg,data/cache/landrecords_lakes/images/images/1865255.jpg,False,9,3
landrecords-lake-digital,19148235,19148,BENGALURU,Bengaluru Urban,Bangalore-East,BIDARAHALLI1,KADUGODI,235,235,https://landrecords.karnataka.gov.in/service3/FileDownload.aspx?file=%5c%5cbhm-db-pp05%5cDistrict%5cMapshared%5cimages%5c19148235.jpg,data/cache/landrecords_lakes/images/images/19148235.jpg,False,9,4
landrecords-lake-digital,1847724,18477,BENGALURU,Bengaluru Urban,BANGALORE-NORTH,KASABA1,KADUGONDANAHALLI,24,24,https://landrecords.karnataka.gov.in/service3/FileDownload.aspx?file=%5c%5cbhm-db-pp05%5cDistrict%5cMapshared%5cimages%5c1847724.jpg,data/cache/landrecords_lakes/images/images/1847724.jpg,False,9,5
landrecords-lake-digital,1921323,19213,BENGALURU,Bengaluru Urban,Bangalore-East,Bidharahalli3,KADUSONNAPPANAHALLI,23,23,https://landrecords.karnataka.gov.in/service3/FileDownload.aspx?file=%5c%5cbhm-db-pp05%5cDistrict%5cMapshared%5cimages%5c1921323.jpg,data/cache/landrecords_lakes/images/images/1921323.jpg,False,9,6
landrecords-lake-digital,192138,19213,BENGALURU,Bengaluru Urban,Bangalore-East,Bidharahalli3,KADUSONNAPPANAHALLI,8,8,https://landrecords.karnataka.gov.in/service3/FileDownload.aspx?file=%5c%5cbhm-db-pp05%5cDistrict%5cMapshared%5cimages%5c192138.jpg,data/cache/landrecords_lakes/images/images/192138.jpg,False,9,7
landrecords-lake-digital,1920944330,19209,BENGALURU,Bengaluru Urban,Bangalore-East,Marathahalli,KAGGADASANAPURA,44330,44330,https://landrecords.karnataka.gov.in/service3/FileDownload.aspx?file=%5c%5cbhm-db-pp05%5cDistrict%5cMapshared%5cimages%5c1920944330.jpg,data/cache/landrecords_lakes/images/images/1920944330.jpg,False,9,8
landrecords-lake-digital,1920945320,19209,BENGALURU,Bengaluru Urban,Bangalore-East,Marathahalli,KAGGADASANAPURA,45320,45320,https://landrecords.karnataka.gov.in/service3/FileDownload.aspx?file=%5c%5cbhm-db-pp05%5cDistrict%5cMapshared%5cimages%5c1920945320.jpg,data/cache/landrecords_lakes/images/images/1920945320.jpg,False,9,9
landrecords-lake-digital,1912736,19127,BENGALURU,Bengaluru Urban,Bangalore-East,VARTURU2,KAIKONDRAHALLI,36,36,https://landrecords.karnataka.gov.in/service3/FileDownload.aspx?file=%5c%5cbhm-db-pp05%5cDistrict%5cMapshared%5cimages%5c1912736.jpg,data/cache/landrecords_lakes/images/images/1912736.jpg,False,9,10
landrecords-lake-digital,191278,19127,BENGALURU,Bengaluru Urban,Bangalore-East,VARTURU2,KAIKONDRAHALLI,8,8,https://landrecords.karnataka.gov.in/service3/FileDownload.aspx?file=%5c%5cbhm-db-pp05%5cDistrict%5cMapshared%5cimages%5c191278.jpg,data/cache/landrecords_lakes/images/images/191278.jpg,False,9,11
landrecords-lake-digital,18481153,18481,BENGALURU,Bengaluru Urban,BANGALORE-NORTH,KASABA1,KAJARAKANAHALLI,153,153,https://landrecords.karnataka.gov.in/service3/FileDownload.aspx?file=%5c%5cbhm-db-pp05%5cDistrict%5cMapshared%5cimages%5c18481153.jpg,data/cache/landrecords_lakes/images/images/18481153.jpg,False,9,12
landrecords-lake-digital,1870943,18709,BENGALURU,Bengaluru Urban,bangalore-South,BEGURU - 3,KALENA AGRAHARA,43,43,https://landrecords.karnataka.gov.in/service3/FileDownload.aspx?file=%5c%5cbhm-db-pp05%5cDistrict%5cMapshared%5cimages%5c1870943.jpg,data/cache/landrecords_lakes/images/images/1870943.jpg,False,9,13
landrecords-lake-digital,19064162,19064,BENGALURU,Bengaluru Urban,Bangalore-East,K R PURA2,KALKERE,162,162,https://landrecords.karnataka.gov.in/service3/FileDownload.aspx?file=%5c%5cbhm-db-pp05%5cDistrict%5cMapshared%5cimages%5c19064162.jpg,data/cache/landrecords_lakes/images/images/19064162.jpg,False,9,14
landrecords-lake-digital,1906445,19064,BENGALURU,Bengaluru Urban,Bangalore-East,K R PURA2,KALKERE,45,45,https://landrecords.karnataka.gov.in/service3/FileDownload.aspx?file=%5c%5cbhm-db-pp05%5cDistrict%5cMapshared%5cimages%5c1906445.jpg,data/cache/landrecords_lakes/images/images/1906445.jpg,False,9,15
landrecords-lake-digital,1851218,18512,BENGALURU,Bengaluru Urban,BANGALORE-NORTH,YASHAVANTAPURA1,KAMMAGONDANAHALLI,18,18,https://landrecords.karnataka.gov.in/service3/FileDownload.aspx?file=%5c%5cbhm-db-pp05%5cDistrict%5cMapshared%5cimages%5c1851218.jpg,data/cache/landrecords_lakes/images/images/1851218.jpg,False,9,16
landrecords-lake-digital,400478,40047,BENGALURU,Bengaluru Urban,BANGALORE-NORTH,kasaba,karithimmanahalli,8,8,https://landrecords.karnataka.gov.in/service3/FileDownload.aspx?file=%5c%5cbhm-db-pp05%5cDistrict%5cMapshared%5cimages%5c400478.jpg,data/cache/landrecords_lakes/images/images/400478.jpg,False,9,17
landrecords-lake-digital,1851940,18519,BENGALURU,Bengaluru Urban,BANGALORE-NORTH,YASHAVANTAPURA2,KARIVABANAHALLI,40,40,https://landrecords.karnataka.gov.in/service3/FileDownload.aspx?file=%5c%5cbhm-db-pp05%5cDistrict%5cMapshared%5cimages%5c1851940.jpg,data/cache/landrecords_lakes/images/images/1851940.jpg,False,9,18
landrecords-lake-digital,185198,18519,BENGALURU,Bengaluru Urban,BANGALORE-NORTH,YASHAVANTAPURA2,KARIVABANAHALLI,8,8,https://landrecords.karnataka.gov.in/service3/FileDownload.aspx?file=%5c%5cbhm-db-pp05%5cDistrict%5cMapshared%5cimages%5c185198.jpg,data/cache/landrecords_lakes/images/images/185198.jpg,False,9,19
landrecords-lake-digital,1912250,19122,BENGALURU,Bengaluru Urban,Bangalore-East,VARTURU2,KASAVANAHALLI,50,50,https://landrecords.karnataka.gov.in/service3/FileDownload.aspx?file=%5c%5cbhm-db-pp05%5cDistrict%5cMapshared%5cimages%5c1912250.jpg,data/cache/landrecords_lakes/images/images/1912250.jpg,False,10,0
landrecords-lake-digital,1912270,19122,BENGALURU,Bengaluru Urban,Bangalore-East,VARTURU2,KASAVANAHALLI,70,70,https://landrecords.karnataka.gov.in/service3/FileDownload.aspx?file=%5c%5cbhm-db-pp05%5cDistrict%5cMapshared%5cimages%5c1912270.jpg,data/cache/landrecords_lakes/images/images/1912270.jpg,False,10,1
landrecords-lake-digital,1866116,18661,BENGALURU,Bengaluru Urban,bangalore-South,UTTARAHALLI -4,KATTARIGUPPE,16,16,https://landrecords.karnataka.gov.in/service3/FileDownload.aspx?file=%5c%5cbhm-db-pp05%5cDistrict%5cMapshared%5cimages%5c1866116.jpg,data/cache/landrecords_lakes/images/images/1866116.jpg,False,10,2
landrecords-lake-digital,1866167,18661,BENGALURU,Bengaluru Urban,bangalore-South,UTTARAHALLI -4,KATTARIGUPPE,67,67,https://landrecords.karnataka.gov.in/service3/FileDownload.aspx?file=%5c%5cbhm-db-pp05%5cDistrict%5cMapshared%5cimages%5c1866167.jpg,data/cache/landrecords_lakes/images/images/1866167.jpg,False,10,3
landrecords-lake-digital,19319117,19319,BENGALURU,Bengaluru Urban,Bangalore North(Additional),JALA2,KATTIGENAHALLI,117,117,https://landrecords.karnataka.gov.in/service3/FileDownload.aspx?file=%5c%5cbhm-db-pp05%5cDistrict%5cMapshared%5cimages%5c19319117.jpg,data/cache/landrecords_lakes/images/images/19319117.jpg,False,10,4
landrecords-lake-digital,19319136,19319,BENGALURU,Bengaluru Urban,Bangalore North(Additional),JALA2,KATTIGENAHALLI,136,136,https://landrecords.karnataka.gov.in/service3/FileDownload.aspx?file=%5c%5cbhm-db-pp05%5cDistrict%5cMapshared%5cimages%5c19319136.jpg,data/cache/landrecords_lakes/images/images/19319136.jpg,False,10,5
landrecords-lake-digital,1931931,19319,BENGALURU,Bengaluru Urban,Bangalore North(Additional),JALA2,KATTIGENAHALLI,31,31,https://landrecords.karnataka.gov.in/service3/FileDownload.aspx?file=%5c%5cbhm-db-pp05%5cDistrict%5cMapshared%5cimages%5c1931931.jpg,data/cache/landrecords_lakes/images/images/1931931.jpg,False,10,6
landrecords-lake-digital,186243,18624,BENGALURU,Bengaluru Urban,bangalore-South,UTTARAHALLI -1,KEMBATTAHALLI,3,3,https://landrecords.karnataka.gov.in/service3/FileDownload.aspx?file=%5c%5cbhm-db-pp05%5cDistrict%5cMapshared%5cimages%5c186243.jpg,data/cache/landrecords_lakes/images/images/186243.jpg,False,10,7
landrecords-lake-digital,400552,40055,BENGALURU,Bengaluru Urban,BANGALORE-NORTH,kasaba,Kempambudikere,2,2,https://landrecords.karnataka.gov.in/service3/FileDownload.aspx?file=%5c%5cbhm-db-pp05%5cDistrict%5cMapshared%5cimages%5c400552.jpg,data/cache/landrecords_lakes/images/images/400552.jpg,False,10,8
landrecords-lake-digital,1927381,19273,BENGALURU,Bengaluru Urban,Bangalore North(Additional),YALAHANKA3,KEMPANAHALLI,81,81,https://landrecords.karnataka.gov.in/service3/FileDownload.aspx?file=%5c%5cbhm-db-pp05%5cDistrict%5cMapshared%5cimages%5c1927381.jpg,data/cache/landrecords_lakes/images/images/1927381.jpg,False,10,9
landrecords-lake-digital,1920124,19201,BENGALURU,Bengaluru Urban,Bangalore-East,Marathahalli,KEMPAPURA,24,24,https://landrecords.karnataka.gov.in/service3/FileDownload.aspx?file=%5c%5cbhm-db-pp05%5cDistrict%5cMapshared%5cimages%5c1920124.jpg,data/cache/landrecords_lakes/images/images/1920124.jpg,False,10,10
landrecords-lake-digital,192016,19201,BENGALURU,Bengaluru Urban,Bangalore-East,Marathahalli,KEMPAPURA,6,6,https://landrecords.karnataka.gov.in/service3/FileDownload.aspx?file=%5c%5cbhm-db-pp05%5cDistrict%5cMapshared%5cimages%5c192016.jpg,data/cache/landrecords_lakes/images/images/192016.jpg,False,10,11
landrecords-lake-digital,40033369,40033,BENGALURU,Bengaluru Urban,BANGALORE-NORTH,kasaba,Kempapura Agrahara,369,369,https://landrecords.karnataka.gov.in/service3/FileDownload.aspx?file=%5c%5cbhm-db-pp05%5cDistrict%5cMapshared%5cimages%5c40033369.jpg,data/cache/landrecords_lakes/images/images/40033369.jpg,False,10,12
landrecords-lake-digital,40033425,40033,BENGALURU,Bengaluru Urban,BANGALORE-NORTH,kasaba,Kempapura Agrahara,425,425,https://landrecords.karnataka.gov.in/service3/FileDownload.aspx?file=%5c%5cbhm-db-pp05%5cDistrict%5cMapshared%5cimages%5c40033425.jpg,data/cache/landrecords_lakes/images/images/40033425.jpg,False,10,13
landrecords-lake-digital,1924415,19244,BENGALURU,Bengaluru Urban,Bangalore North(Additional),YALAHANKA1,KENCHENAHALLI,15,15,https://landrecords.karnataka.gov.in/service3/FileDownload.aspx?file=%5c%5cbhm-db-pp05%5cDistrict%5cMapshared%5cimages%5c1924415.jpg,data/cache/landrecords_lakes/images/images/1924415.jpg,False,10,14
landrecords-lake-digital,1871215,18712,BENGALURU,Bengaluru Urban,bangalore-South,KENGERI - 1,KENGERI,15,15,https://landrecords.karnataka.gov.in/service3/FileDownload.aspx?file=%5c%5cbhm-db-pp05%5cDistrict%5cMapshared%5cimages%5c1871215.jpg,data/cache/landrecords_lakes/images/images/1871215.jpg,False,10,15
landrecords-lake-digital,1871258,18712,BENGALURU,Bengaluru Urban,bangalore-South,KENGERI - 1,KENGERI,"58,66",58;66,https://landrecords.karnataka.gov.in/service3/FileDownload.aspx?file=%5c%5cbhm-db-pp05%5cDistrict%5cMapshared%5cimages%5c1871258.jpg,data/cache/landrecords_lakes/images/images/1871258.jpg,False,10,16
landrecords-lake-digital,4000580,40005,BENGALURU,Bengaluru Urban,BANGALORE-NORTH,Yeshwanthapura,Kethamaranahalli,80,80,https://landrecords.karnataka.gov.in/service3/FileDownload.aspx?file=%5c%5cbhm-db-pp05%5cDistrict%5cMapshared%5cimages%5c4000580.jpg,data/cache/landrecords_lakes/images/images/4000580.jpg,False,10,17
landrecords-lake-digital,1868623,18686,BENGALURU,Bengaluru Urban,bangalore-South,BEGURU - 2,KODICHIKKANAHALLI,23,23,https://landrecords.karnataka.gov.in/service3/FileDownload.aspx?file=%5c%5cbhm-db-pp05%5cDistrict%5cMapshared%5cimages%5c1868623.jpg,data/cache/landrecords_lakes/images/images/1868623.jpg,False,10,18
landrecords-lake-digital,19271175,19271,BENGALURU,Bengaluru Urban,Bangalore North(Additional),YALAHANKA3,KODIGEHALLI,175,175,https://landrecords.karnataka.gov.in/service3/FileDownload.aspx?file=%5c%5cbhm-db-pp05%5cDistrict%5cMapshared%5cimages%5c19271175.jpg,data/cache/landrecords_lakes/images/images/19271175.jpg,False,10,19
landrecords-lake-digital,1927137,19271,BENGALURU,Bengaluru Urban,Bangalore North(Additional),YALAHANKA3,KODIGEHALLI,37,37,https://landrecords.karnataka.gov.in/service3/FileDownload.aspx?file=%5c%5cbhm-db-pp05%5cDistrict%5cMapshared%5cimages%5c1927137.jpg,data/cache/landrecords_lakes/images/images/1927137.jpg,False,11,0
landrecords-lake-digital,190728,19072,BENGALURU,Bengaluru Urban,Bangalore-East,K R PURA3,KODIGEHALLI,8,8,https://landrecords.karnataka.gov.in/service3/FileDownload.aspx?file=%5c%5cbhm-db-pp05%5cDistrict%5cMapshared%5cimages%5c190728.jpg,data/cache/landrecords_lakes/images/images/190728.jpg,False,11,1
landrecords-lake-digital,19198101,19198,BENGALURU,Bengaluru Urban,Bangalore-East,Marathahalli,KODIHALLI,101,101,https://landrecords.karnataka.gov.in/service3/FileDownload.aspx?file=%5c%5cbhm-db-pp05%5cDistrict%5cMapshared%5cimages%5c19198101.jpg,data/cache/landrecords_lakes/images/images/19198101.jpg,False,11,2
landrecords-lake-digital,19198107,19198,BENGALURU,Bengaluru Urban,Bangalore-East,Marathahalli,KODIHALLI,107,107,https://landrecords.karnataka.gov.in/service3/FileDownload.aspx?file=%5c%5cbhm-db-pp05%5cDistrict%5cMapshared%5cimages%5c19198107.jpg,data/cache/landrecords_lakes/images/images/19198107.jpg,False,11,3
landrecords-lake-digital,19198145,19198,BENGALURU,Bengaluru Urban,Bangalore-East,Marathahalli,KODIHALLI,145,145,https://landrecords.karnataka.gov.in/service3/FileDownload.aspx?file=%5c%5cbhm-db-pp05%5cDistrict%5cMapshared%5cimages%5c19198145.jpg,data/cache/landrecords_lakes/images/images/19198145.jpg,False,11,4
landrecords-lake-digital,191983,19198,BENGALURU,Bengaluru Urban,Bangalore-East,Marathahalli,KODIHALLI,3,3,https://landrecords.karnataka.gov.in/service3/FileDownload.aspx?file=%5c%5cbhm-db-pp05%5cDistrict%5cMapshared%5cimages%5c191983.jpg,data/cache/landrecords_lakes/images/images/191983.jpg,False,11,5
landrecords-lake-digital,1919868,19198,BENGALURU,Bengaluru Urban,Bangalore-East,Marathahalli,KODIHALLI,68,68,https://landrecords.karnataka.gov.in/service3/FileDownload.aspx?file=%5c%5cbhm-db-pp05%5cDistrict%5cMapshared%5cimages%5c1919868.jpg,data/cache/landrecords_lakes/images/images/1919868.jpg,False,11,6
landrecords-lake-digital,1923784,19237,BENGALURU,Bengaluru Urban,Bangalore North(Additional),YALAHANKA1,KOGILU,84,84,https://landrecords.karnataka.gov.in/service3/FileDownload.aspx?file=%5c%5cbhm-db-pp05%5cDistrict%5cMapshared%5cimages%5c1923784.jpg,data/cache/landrecords_lakes/images/images/1923784.jpg,False,11,7
landrecords-lake-digital,186212,18621,BENGALURU,Bengaluru Urban,bangalore-South,UTTARAHALLI -1,KONANAKUNTE,2,2,https://landrecords.karnataka.gov.in/service3/FileDownload.aspx?file=%5c%5cbhm-db-pp05%5cDistrict%5cMapshared%5cimages%5c186212.jpg,data/cache/landrecords_lakes/images/images/186212.jpg,False,11,8
landrecords-lake-digital,1909060,19090,BENGALURU,Bengaluru Urban,Bangalore-East,VARTURU1,KONENA AGRAHARA,60,60,https://landrecords.karnataka.gov.in/service3/FileDownload.aspx?file=%5c%5cbhm-db-pp05%5cDistrict%5cMapshared%5cimages%5c1909060.jpg,data/cache/landrecords_lakes/images/images/1909060.jpg,False,11,9
landrecords-lake-digital,1866836,18668,BENGALURU,Bengaluru Urban,bangalore-South,BEGURU - 1,KORAMANGALA,36,36,https://landrecords.karnataka.gov.in/service3/FileDownload.aspx?file=%5c%5cbhm-db-pp05%5cDistrict%5cMapshared%5cimages%5c1866836.jpg,data/cache/landrecords_lakes/images/images/1866836.jpg,False,11,10
landrecords-lake-digital,1862654,18626,BENGALURU,Bengaluru Urban,bangalore-South,UTTARAHALLI -1,KOTTANURU,54,54,https://landrecords.karnataka.gov.in/service3/FileDownload.aspx?file=%5c%5cbhm-db-pp05%5cDistrict%5cMapshared%5cimages%5c1862654.jpg,data/cache/landrecords_lakes/images/images/1862654.jpg,False,11,11
landrecords-lake-digital,1904527,19045,BENGALURU,Bengaluru Urban,Bangalore-East,K R PURA1,KOWDENAHALLI,27,27,https://landrecords.karnataka.gov.in/service3/FileDownload.aspx?file=%5c%5cbhm-db-pp05%5cDistrict%5cMapshared%5cimages%5c1904527.jpg,data/cache/landrecords_lakes/images/images/1904527.jpg,False,11,12
landrecords-lake-digital,1904858,19048,BENGALURU,Bengaluru Urban,Bangalore-East,K R PURA1,KRUSHNARAJAPURA,58,58,https://landrecords.karnataka.gov.in/service3/FileDownload.aspx?file=%5c%5cbhm-db-pp05%5cDistrict%5cMapshared%5cimages%5c1904858.jpg,data/cache/landrecords_lakes/images/images/1904858.jpg,False,11,13
landrecords-lake-digital,190489,19048,BENGALURU,Bengaluru Urban,Bangalore-East,K R PURA1,KRUSHNARAJAPURA,9,9,https://landrecords.karnataka.gov.in/service3/FileDownload.aspx?file=%5c%5cbhm-db-pp05%5cDistrict%5cMapshared%5cimages%5c190489.jpg,data/cache/landrecords_lakes/images/images/190489.jpg,False,11,14
landrecords-lake-digital,1904897,19048,BENGALURU,Bengaluru Urban,Bangalore-East,K R PURA1,KRUSHNARAJAPURA,97,97,https://landrecords.karnataka.gov.in/service3/FileDownload.aspx?file=%5c%5cbhm-db-pp05%5cDistrict%5cMapshared%5cimages%5c1904897.jpg,data/cache/landrecords_lakes/images/images/1904897.jpg,False,11,15
landrecords-lake-digital,19040150,19040,BENGALURU,Bengaluru Urban,Anekal,SARJAPURA2,KUDLU,150,150,https://landrecords.karnataka.gov.in/service3/FileDownload.aspx?file=%5c%5cbhm-db-pp05%5cDistrict%5cMapshared%5cimages%5c19040150.jpg,data/cache/landrecords_lakes/images/images/19040150.jpg,False,11,16
landrecords-lake-digital,1907817,19078,BENGALURU,Bengaluru Urban,Bangalore-East,K R PURA3,KUNDALAHALLI,17,17,https://landrecords.karnataka.gov.in/service3/FileDownload.aspx?file=%5c%5cbhm-db-pp05%5cDistrict%5cMapshared%5cimages%5c1907817.jpg,data/cache/landrecords_lakes/images/images/1907817.jpg,False,11,17
landrecords-lake-digital,190785,19078,BENGALURU,Bengaluru Urban,Bangalore-East,K R PURA3,KUNDALAHALLI,5,5,https://landrecords.karnataka.gov.in/service3/FileDownload.aspx?file=%5c%5cbhm-db-pp05%5cDistrict%5cMapshared%5cimages%5c190785.jpg,data/cache/landrecords_lakes/images/images/190785.jpg,False,11,18
landrecords-lake-digital,1905936,19059,BENGALURU,Bengaluru Urban,Bangalore-East,K R PURA2,KYALASANAHALLI,36,36,https://landrecords.karnataka.gov.in/service3/FileDownload.aspx?file=%5c%5cbhm-db-pp05%5cDistrict%5cMapshared%5cimages%5c1905936.jpg,data/cache/landrecords_lakes/images/images/1905936.jpg,False,11,19
landrecords-lake-digital,18508121,18508,BENGALURU,Bengaluru Urban,BANGALORE-NORTH,YASHAVANTAPURA1,LAGGERE,121,121,https://landrecords.karnataka.gov.in/service3/FileDownload.aspx?file=%5c%5cbhm-db-pp05%5cDistrict%5cMapshared%5cimages%5c18508121.jpg,data/cache/landrecords_lakes/images/images/18508121.jpg,False,12,0
landrecords-lake-digital,18508137,18508,BENGALURU,Bengaluru Urban,BANGALORE-NORTH,YASHAVANTAPURA1,LAGGERE,137,137,https://landrecords.karnataka.gov.in/service3/FileDownload.aspx?file=%5c%5cbhm-db-pp05%5cDistrict%5cMapshared%5cimages%5c18508137.jpg,data/cache/landrecords_lakes/images/images/18508137.jpg,False,12,1
landrecords-lake-digital,18508140,18508,BENGALURU,Bengaluru Urban,BANGALORE-NORTH,YASHAVANTAPURA1,LAGGERE,140,140,https://landrecords.karnataka.gov.in/service3/FileDownload.aspx?file=%5c%5cbhm-db-pp05%5cDistrict%5cMapshared%5cimages%5c18508140.jpg,data/cache/landrecords_lakes/images/images/18508140.jpg,False,12,2
landrecords-lake-digital,18508200,18508,BENGALURU,Bengaluru Urban,BANGALORE-NORTH,YASHAVANTAPURA1,LAGGERE,200,200,https://landrecords.karnataka.gov.in/service3/FileDownload.aspx?file=%5c%5cbhm-db-pp05%5cDistrict%5cMapshared%5cimages%5c18508200.jpg,data/cache/landrecords_lakes/images/images/18508200.jpg,False,12,3
landrecords-lake-digital,1850896,18508,BENGALURU,Bengaluru Urban,BANGALORE-NORTH,YASHAVANTAPURA1,LAGGERE,96,96,https://landrecords.karnataka.gov.in/service3/FileDownload.aspx?file=%5c%5cbhm-db-pp05%5cDistrict%5cMapshared%5cimages%5c1850896.jpg,data/cache/landrecords_lakes/images/images/1850896.jpg,False,12,4
landrecords-lake-digital,400502,40050,BENGALURU,Bengaluru Urban,BANGALORE-NORTH,kasaba,Lalbagh,2,2,https://landrecords.karnataka.gov.in/service3/FileDownload.aspx?file=%5c%5cbhm-db-pp05%5cDistrict%5cMapshared%5cimages%5c400502.jpg,data/cache/landrecords_lakes/images/images/400502.jpg,False,12,5
landrecords-lake-digital,185222,18522,BENGALURU,Bengaluru Urban,BANGALORE-NORTH,YASHAVANTAPURA2,LINGADHEERANAHALLI,"2,4",2;4,https://landrecords.karnataka.gov.in/service3/FileDownload.aspx?file=%5c%5cbhm-db-pp05%5cDistrict%5cMapshared%5cimages%5c185222.jpg,data/cache/landrecords_lakes/images/images/185222.jpg,False,12,6
landrecords-lake-digital,1847849,18478,BENGALURU,Bengaluru Urban,BANGALORE-NORTH,KASABA1,LINGARAJAPURA,49,49,https://landrecords.karnataka.gov.in/service3/FileDownload.aspx?file=%5c%5cbhm-db-pp05%5cDistrict%5cMapshared%5cimages%5c1847849.jpg,data/cache/landrecords_lakes/images/images/1847849.jpg,False,12,7
landrecords-lake-digital,1867376,18673,BENGALURU,Bengaluru Urban,bangalore-South,BEGURU - 1,MADIVALA,76,76,https://landrecords.karnataka.gov.in/service3/FileDownload.aspx?file=%5c%5cbhm-db-pp05%5cDistrict%5cMapshared%5cimages%5c1867376.jpg,data/cache/landrecords_lakes/images/images/1867376.jpg,False,12,8
landrecords-lake-digital,19057187,19057,BENGALURU,Bengaluru Urban,Bangalore-East,K R PURA1,MAHADEVAPURA,187,187,https://landrecords.karnataka.gov.in/service3/FileDownload.aspx?file=%5c%5cbhm-db-pp05%5cDistrict%5cMapshared%5cimages%5c19057187.jpg,data/cache/landrecords_lakes/images/images/19057187.jpg,False,12,9
landrecords-lake-digital,190577,19057,BENGALURU,Bengaluru Urban,Bangalore-East,K R PURA1,MAHADEVAPURA,"7,31,86",7;31;86,https://landrecords.karnataka.gov.in/service3/FileDownload.aspx?file=%5c%5cbhm-db-pp05%5cDistrict%5cMapshared%5cimages%5c190577.jpg,data/cache/landrecords_lakes/images/images/190577.jpg,False,12,10
landrecords-lake-digital,1871915,18719,BENGALURU,Bengaluru Urban,bangalore-South,KENGERI - 1,MAILASANDRA,15,15,https://landrecords.karnataka.gov.in/service3/FileDownload.aspx?file=%5c%5cbhm-db-pp05%5cDistrict%5cMapshared%5cimages%5c1871915.jpg,data/cache/landrecords_lakes/images/images/1871915.jpg,False,12,11
landrecords-lake-digital,1869827,18698,BENGALURU,Bengaluru Urban,bangalore-South,BEGURU - 3,MAILASANDRA,"27,37",27;37,https://landrecords.karnataka.gov.in/service3/FileDownload.aspx?file=%5c%5cbhm-db-pp05%5cDistrict%5cMapshared%5cimages%5c1869827.jpg,data/cache/landrecords_lakes/images/images/1869827.jpg,False,12,12
landrecords-lake-digital,1852320,18523,BENGALURU,Bengaluru Urban,BANGALORE-NORTH,YASHAVANTAPURA2,MALAGALU,20,20,https://landrecords.karnataka.gov.in/service3/FileDownload.aspx?file=%5c%5cbhm-db-pp05%5cDistrict%5cMapshared%5cimages%5c1852320.jpg,data/cache/landrecords_lakes/images/images/1852320.jpg,False,12,13
landrecords-lake-digital,18525101,18525,BENGALURU,Bengaluru Urban,BANGALORE-NORTH,YASHAVANTAPURA2,MALLATTAHALLI,101,101,https://landrecords.karnataka.gov.in/service3/FileDownload.aspx?file=%5c%5cbhm-db-pp05%5cDistrict%5cMapshared%5cimages%5c18525101.jpg,data/cache/landrecords_lakes/images/images/18525101.jpg,False,12,14
landrecords-lake-digital,1924919,19249,BENGALURU,Bengaluru Urban,Bangalore North(Additional),YALAHANKA1,MANCHENAHALLI,19,19,https://landrecords.karnataka.gov.in/service3/FileDownload.aspx?file=%5c%5cbhm-db-pp05%5cDistrict%5cMapshared%5cimages%5c1924919.jpg,data/cache/landrecords_lakes/images/images/1924919.jpg,False,12,15
landrecords-lake-digital,1915671,19156,BENGALURU,Bengaluru Urban,Bangalore-East,BIDARAHALLI2,MARAGONDANAHALLI,71,71,https://landrecords.karnataka.gov.in/service3/FileDownload.aspx?file=%5c%5cbhm-db-pp05%5cDistrict%5cMapshared%5cimages%5c1915671.jpg,data/cache/landrecords_lakes/images/images/1915671.jpg,False,12,16
landrecords-lake-digital,4000932,40009,BENGALURU,Bengaluru Urban,BANGALORE-NORTH,kasaba,Matthikere,32,32,https://landrecords.karnataka.gov.in/service3/FileDownload.aspx?file=%5c%5cbhm-db-pp05%5cDistrict%5cMapshared%5cimages%5c4000932.jpg,data/cache/landrecords_lakes/images/images/4000932.jpg,False,12,17
landrecords-lake-digital,191524,19152,BENGALURU,Bengaluru Urban,Bangalore-East,BIDARAHALLI2,MEDAHALLI,4,4,https://landrecords.karnataka.gov.in/service3/FileDownload.aspx?file=%5c%5cbhm-db-pp05%5cDistrict%5cMapshared%5cimages%5c191524.jpg,data/cache/landrecords_lakes/images/images/191524.jpg,False,12,18
landrecords-lake-digital,1915247,19152,BENGALURU,Bengaluru Urban,Bangalore-East,BIDARAHALLI2,MEDAHALLI,47,47,https://landrecords.karnataka.gov.in/service3/FileDownload.aspx?file=%5c%5cbhm-db-pp05%5cDistrict%5cMapshared%5cimages%5c1915247.jpg,data/cache/landrecords_lakes/images/images/1915247.jpg,False,12,19
landrecords-lake-digital,1915263,19152,BENGALURU,Bengaluru Urban,Bangalore-East,BIDARAHALLI2,MEDAHALLI,63,63,https://landrecords.karnataka.gov.in/service3/FileDownload.aspx?file=%5c%5cbhm-db-pp05%5cDistrict%5cMapshared%5cimages%5c1915263.jpg,data/cache/landrecords_lakes/images/images/1915263.jpg,False,13,0
landrecords-lake-digital,191528,19152,BENGALURU,Bengaluru Urban,Bangalore-East,BIDARAHALLI2,MEDAHALLI,8,8,https://landrecords.karnataka.gov.in/service3/FileDownload.aspx?file=%5c%5cbhm-db-pp05%5cDistrict%5cMapshared%5cimages%5c191528.jpg,data/cache/landrecords_lakes/images/images/191528.jpg,False,13,1
landrecords-lake-digital,1915295,19152,BENGALURU,Bengaluru Urban,Bangalore-East,BIDARAHALLI2,MEDAHALLI,95,95,https://landrecords.karnataka.gov.in/service3/FileDownload.aspx?file=%5c%5cbhm-db-pp05%5cDistrict%5cMapshared%5cimages%5c1915295.jpg,data/cache/landrecords_lakes/images/images/1915295.jpg,False,13,2
landrecords-lake-digital,19087103,19087,BENGALURU,Bengaluru Urban,Bangalore-East,VARTURU1,MUNNEKOLALU,103,103,https://landrecords.karnataka.gov.in/service3/FileDownload.aspx?file=%5c%5cbhm-db-pp05%5cDistrict%5cMapshared%5cimages%5c19087103.jpg,data/cache/landrecords_lakes/images/images/19087103.jpg,False,13,3
landrecords-lake-digital,1908725,19087,BENGALURU,Bengaluru Urban,Bangalore-East,VARTURU1,MUNNEKOLALU,25,25,https://landrecords.karnataka.gov.in/service3/FileDownload.aspx?file=%5c%5cbhm-db-pp05%5cDistrict%5cMapshared%5cimages%5c1908725.jpg,data/cache/landrecords_lakes/images/images/1908725.jpg,False,13,4
landrecords-lake-digital,190878,19087,BENGALURU,Bengaluru Urban,Bangalore-East,VARTURU1,MUNNEKOLALU,8,8,https://landrecords.karnataka.gov.in/service3/FileDownload.aspx?file=%5c%5cbhm-db-pp05%5cDistrict%5cMapshared%5cimages%5c190878.jpg,data/cache/landrecords_lakes/images/images/190878.jpg,False,13,5
landrecords-lake-digital,1851326,18513,BENGALURU,Bengaluru Urban,BANGALORE-NORTH,YASHAVANTAPURA1,MYADARAHALLI,26,26,https://landrecords.karnataka.gov.in/service3/FileDownload.aspx?file=%5c%5cbhm-db-pp05%5cDistrict%5cMapshared%5cimages%5c1851326.jpg,data/cache/landrecords_lakes/images/images/1851326.jpg,False,13,6
landrecords-lake-digital,1872872,18728,BENGALURU,Bengaluru Urban,bangalore-South,KENGERI - 1,NAGADEVANAHALLI,72,72,https://landrecords.karnataka.gov.in/service3/FileDownload.aspx?file=%5c%5cbhm-db-pp05%5cDistrict%5cMapshared%5cimages%5c1872872.jpg,data/cache/landrecords_lakes/images/images/1872872.jpg,False,13,7
landrecords-lake-digital,1869473,18694,BENGALURU,Bengaluru Urban,bangalore-South,BEGURU - 2,NAGANATHAPURA,73,73,https://landrecords.karnataka.gov.in/service3/FileDownload.aspx?file=%5c%5cbhm-db-pp05%5cDistrict%5cMapshared%5cimages%5c1869473.jpg,data/cache/landrecords_lakes/images/images/1869473.jpg,False,13,8
landrecords-lake-digital,1869481,18694,BENGALURU,Bengaluru Urban,bangalore-South,BEGURU - 2,NAGANATHAPURA,81,81,https://landrecords.karnataka.gov.in/service3/FileDownload.aspx?file=%5c%5cbhm-db-pp05%5cDistrict%5cMapshared%5cimages%5c1869481.jpg,data/cache/landrecords_lakes/images/images/1869481.jpg,False,13,9
landrecords-lake-digital,1906310,19063,BENGALURU,Bengaluru Urban,Bangalore-East,K R PURA2,NAGARESHVARA NAGENAHALLI,10,10,https://landrecords.karnataka.gov.in/service3/FileDownload.aspx?file=%5c%5cbhm-db-pp05%5cDistrict%5cMapshared%5cimages%5c1906310.jpg,data/cache/landrecords_lakes/images/images/1906310.jpg,False,13,10
landrecords-lake-digital,185046,18504,BENGALURU,Bengaluru Urban,BANGALORE-NORTH,YASHAVANTAPURA1,NAGASANDRA,6,6,https://landrecords.karnataka.gov.in/service3/FileDownload.aspx?file=%5c%5cbhm-db-pp05%5cDistrict%5cMapshared%5cimages%5c185046.jpg,data/cache/landrecords_lakes/images/images/185046.jpg,False,13,11
landrecords-lake-digital,1848475,18484,BENGALURU,Bengaluru Urban,BANGALORE-NORTH,KASABA2,NAGASHETTI HALLI,75,75,https://landrecords.karnataka.gov.in/service3/FileDownload.aspx?file=%5c%5cbhm-db-pp05%5cDistrict%5cMapshared%5cimages%5c1848475.jpg,data/cache/landrecords_lakes/images/images/1848475.jpg,False,13,12
landrecords-lake-digital,1847913,18479,BENGALURU,Bengaluru Urban,BANGALORE-NORTH,KASABA1,NAGAVARA,13,13,https://landrecords.karnataka.gov.in/service3/FileDownload.aspx?file=%5c%5cbhm-db-pp05%5cDistrict%5cMapshared%5cimages%5c1847913.jpg,data/cache/landrecords_lakes/images/images/1847913.jpg,False,13,13
landrecords-lake-digital,1907617,19076,BENGALURU,Bengaluru Urban,Bangalore-East,K R PURA3,NALLURAHALLI,17,17,https://landrecords.karnataka.gov.in/service3/FileDownload.aspx?file=%5c%5cbhm-db-pp05%5cDistrict%5cMapshared%5cimages%5c1907617.jpg,data/cache/landrecords_lakes/images/images/1907617.jpg,False,13,14
landrecords-lake-digital,190764,19076,BENGALURU,Bengaluru Urban,Bangalore-East,K R PURA3,NALLURAHALLI,4,4,https://landrecords.karnataka.gov.in/service3/FileDownload.aspx?file=%5c%5cbhm-db-pp05%5cDistrict%5cMapshared%5cimages%5c190764.jpg,data/cache/landrecords_lakes/images/images/190764.jpg,False,13,15
landrecords-lake-digital,1927820,19278,BENGALURU,Bengaluru Urban,Bangalore North(Additional),YALAHANKA3,NARASEEPURA,20,20,https://landrecords.karnataka.gov.in/service3/FileDownload.aspx?file=%5c%5cbhm-db-pp05%5cDistrict%5cMapshared%5cimages%5c1927820.jpg,data/cache/landrecords_lakes/images/images/1927820.jpg,False,13,16
landrecords-lake-digital,1927826,19278,BENGALURU,Bengaluru Urban,Bangalore North(Additional),YALAHANKA3,NARASEEPURA,26,26,https://landrecords.karnataka.gov.in/service3/FileDownload.aspx?file=%5c%5cbhm-db-pp05%5cDistrict%5cMapshared%5cimages%5c1927826.jpg,data/cache/landrecords_lakes/images/images/1927826.jpg,False,13,17
landrecords-lake-digital,1881631,18816,BENGALURU,Bengaluru Urban,bangalore-South,KENGERI-4,NAYANDAHALLI,31,31,https://landrecords.karnataka.gov.in/service3/FileDownload.aspx?file=%5c%5cbhm-db-pp05%5cDistrict%5cMapshared%5cimages%5c1881631.jpg,data/cache/landrecords_lakes/images/images/1881631.jpg,False,13,18
landrecords-lake-digital,4004079,40040,BENGALURU,Bengaluru Urban,BANGALORE-NORTH,kasaba,Neelasandra,79,79,https://landrecords.karnataka.gov.in/service3/FileDownload.aspx?file=%5c%5cbhm-db-pp05%5cDistrict%5cMapshared%5cimages%5c4004079.jpg,data/cache/landrecords_lakes/images/images/4004079.jpg,False,13,19
landrecords-lake-digital,4004099,40040,BENGALURU,Bengaluru Urban,BANGALORE-NORTH,kasaba,Neelasandra,99,99,https://landrecords.karnataka.gov.in/service3/FileDownload.aspx?file=%5c%5cbhm-db-pp05%5cDistrict%5cMapshared%5cimages%5c4004099.jpg,data/cache/landrecords_lakes/images/images/4004099.jpg,False,14,0
landrecords-lake-digital,1851859,18518,BENGALURU,Bengaluru Urban,BANGALORE-NORTH,YASHAVANTAPURA2,NELAGADARANAHALLI,"59,62",59;62,https://landrecords.karnataka.gov.in/service3/FileDownload.aspx?file=%5c%5cbhm-db-pp05%5cDistrict%5cMapshared%5cimages%5c1851859.jpg,data/cache/landrecords_lakes/images/images/1851859.jpg,False,14,1
landrecords-lake-digital,1851890,18518,BENGALURU,Bengaluru Urban,BANGALORE-NORTH,YASHAVANTAPURA2,NELAGADARANAHALLI,90,90,https://landrecords.karnataka.gov.in/service3/FileDownload.aspx?file=%5c%5cbhm-db-pp05%5cDistrict%5cMapshared%5cimages%5c1851890.jpg,data/cache/landrecords_lakes/images/images/1851890.jpg,False,14,2
landrecords-lake-digital,1870110,18701,BENGALURU,Bengaluru Urban,bangalore-South,BEGURU - 3,NYENAPPANASHETTI,10,10,https://landrecords.karnataka.gov.in/service3/FileDownload.aspx?file=%5c%5cbhm-db-pp05%5cDistrict%5cMapshared%5cimages%5c1870110.jpg,data/cache/landrecords_lakes/images/images/1870110.jpg,False,14,3
landrecords-lake-digital,1870124,18701,BENGALURU,Bengaluru Urban,bangalore-South,BEGURU - 3,NYENAPPANASHETTI,24,24,https://landrecords.karnataka.gov.in/service3/FileDownload.aspx?file=%5c%5cbhm-db-pp05%5cDistrict%5cMapshared%5cimages%5c1870124.jpg,data/cache/landrecords_lakes/images/images/1870124.jpg,False,14,4
landrecords-lake-digital,1911038,19110,BENGALURU,Bengaluru Urban,Bangalore-East,VARTURU2,PANATURU,38,38,https://landrecords.karnataka.gov.in/service3/FileDownload.aspx?file=%5c%5cbhm-db-pp05%5cDistrict%5cMapshared%5cimages%5c1911038.jpg,data/cache/landrecords_lakes/images/images/1911038.jpg,False,14,5
landrecords-lake-digital,1911048,19110,BENGALURU,Bengaluru Urban,Bangalore-East,VARTURU2,PANATURU,48,48,https://landrecords.karnataka.gov.in/service3/FileDownload.aspx?file=%5c%5cbhm-db-pp05%5cDistrict%5cMapshared%5cimages%5c1911048.jpg,data/cache/landrecords_lakes/images/images/1911048.jpg,False,14,6
landrecords-lake-digital,1881759,18817,BENGALURU,Bengaluru Urban,bangalore-South,KENGERI-4,PANTARAPALYA,59,59,https://landrecords.karnataka.gov.in/service3/FileDownload.aspx?file=%5c%5cbhm-db-pp05%5cDistrict%5cMapshared%5cimages%5c1881759.jpg,data/cache/landrecords_lakes/images/images/1881759.jpg,False,14,7
landrecords-lake-digital,1869123,18691,BENGALURU,Bengaluru Urban,bangalore-South,BEGURU - 2,PARAPPANA AGRAHARA,23,23,https://landrecords.karnataka.gov.in/service3/FileDownload.aspx?file=%5c%5cbhm-db-pp05%5cDistrict%5cMapshared%5cimages%5c1869123.jpg,data/cache/landrecords_lakes/images/images/1869123.jpg,False,14,8
landrecords-lake-digital,1869137,18691,BENGALURU,Bengaluru Urban,bangalore-South,BEGURU - 2,PARAPPANA AGRAHARA,37,37,https://landrecords.karnataka.gov.in/service3/FileDownload.aspx?file=%5c%5cbhm-db-pp05%5cDistrict%5cMapshared%5cimages%5c1869137.jpg,data/cache/landrecords_lakes/images/images/1869137.jpg,False,14,9
landrecords-lake-digital,1881343,18813,BENGALURU,Bengaluru Urban,bangalore-South,KENGERI-4,PATTANAGERE,43,43,https://landrecords.karnataka.gov.in/service3/FileDownload.aspx?file=%5c%5cbhm-db-pp05%5cDistrict%5cMapshared%5cimages%5c1881343.jpg,data/cache/landrecords_lakes/images/images/1881343.jpg,False,14,10
landrecords-lake-digital,19081124,19081,BENGALURU,Bengaluru Urban,Bangalore-East,K R PURA3,PATTANDURU AGRAHARA,124,124,https://landrecords.karnataka.gov.in/service3/FileDownload.aspx?file=%5c%5cbhm-db-pp05%5cDistrict%5cMapshared%5cimages%5c19081124.jpg,data/cache/landrecords_lakes/images/images/19081124.jpg,False,14,11
landrecords-lake-digital,1908185,19081,BENGALURU,Bengaluru Urban,Bangalore-East,K R PURA3,PATTANDURU AGRAHARA,85,85,https://landrecords.karnataka.gov.in/service3/FileDownload.aspx?file=%5c%5cbhm-db-pp05%5cDistrict%5cMapshared%5cimages%5c1908185.jpg,data/cache/landrecords_lakes/images/images/1908185.jpg,False,14,12
landrecords-lake-digital,1922636,19226,BENGALURU,Bengaluru Urban,Bangalore North(Additional),YALAHANKA1,PUTTENAHALLI,36,36,https://landrecords.karnataka.gov.in/service3/FileDownload.aspx?file=%5c%5cbhm-db-pp05%5cDistrict%5cMapshared%5cimages%5c1922636.jpg,data/cache/landrecords_lakes/images/images/1922636.jpg,False,14,13
landrecords-lake-digital,1861242,18612,BENGALURU,Bengaluru Urban,bangalore-South,UTTARAHALLI -1,PUTTENAHALLI,42,42,https://landrecords.karnataka.gov.in/service3/FileDownload.aspx?file=%5c%5cbhm-db-pp05%5cDistrict%5cMapshared%5cimages%5c1861242.jpg,data/cache/landrecords_lakes/images/images/1861242.jpg,False,14,14
landrecords-lake-digital,1922649,19226,BENGALURU,Bengaluru Urban,Bangalore North(Additional),YALAHANKA1,PUTTENAHALLI,49,49,https://landrecords.karnataka.gov.in/service3/FileDownload.aspx?file=%5c%5cbhm-db-pp05%5cDistrict%5cMapshared%5cimages%5c1922649.jpg,data/cache/landrecords_lakes/images/images/1922649.jpg,False,14,15
landrecords-lake-digital,186125,18612,BENGALURU,Bengaluru Urban,bangalore-South,UTTARAHALLI -1,PUTTENAHALLI,5,5,https://landrecords.karnataka.gov.in/service3/FileDownload.aspx?file=%5c%5cbhm-db-pp05%5cDistrict%5cMapshared%5cimages%5c186125.jpg,data/cache/landrecords_lakes/images/images/186125.jpg,False,14,16
landrecords-lake-digital,1906969,19069,BENGALURU,Bengaluru Urban,Bangalore-East,K R PURA2,RACHENAHALLI,69,69,https://landrecords.karnataka.gov.in/service3/FileDownload.aspx?file=%5c%5cbhm-db-pp05%5cDistrict%5cMapshared%5cimages%5c1906969.jpg,data/cache/landrecords_lakes/images/images/1906969.jpg,False,14,17
landrecords-lake-digital,1927228,19272,BENGALURU,Bengaluru Urban,Bangalore North(Additional),YALAHANKA3,RAMACHANDRAPURA,28,28,https://landrecords.karnataka.gov.in/service3/FileDownload.aspx?file=%5c%5cbhm-db-pp05%5cDistrict%5cMapshared%5cimages%5c1927228.jpg,data/cache/landrecords_lakes/images/images/1927228.jpg,False,14,18
landrecords-lake-digital,1922739,19227,BENGALURU,Bengaluru Urban,Bangalore North(Additional),YALAHANKA1,RAMAGONDANAHALLI,39,39,https://landrecords.karnataka.gov.in/service3/FileDownload.aspx?file=%5c%5cbhm-db-pp05%5cDistrict%5cMapshared%5cimages%5c1922739.jpg,data/cache/landrecords_lakes/images/images/1922739.jpg,False,14,19
landrecords-lake-digital,1866911,18669,BENGALURU,Bengaluru Urban,bangalore-South,BEGURU - 1,RUPENA AGRAHARA,11,11,https://landrecords.karnataka.gov.in/service3/FileDownload.aspx?file=%5c%5cbhm-db-pp05%5cDistrict%5cMapshared%5cimages%5c1866911.jpg,data/cache/landrecords_lakes/images/images/1866911.jpg,False,15,0
landrecords-lake-digital,1907361,19073,BENGALURU,Bengaluru Urban,Bangalore-East,K R PURA3,SADARAMANGALA,61,61,https://landrecords.karnataka.gov.in/service3/FileDownload.aspx?file=%5c%5cbhm-db-pp05%5cDistrict%5cMapshared%5cimages%5c1907361.jpg,data/cache/landrecords_lakes/images/images/1907361.jpg,False,15,1
landrecords-lake-digital,1926112,19261,BENGALURU,Bengaluru Urban,Bangalore North(Additional),YALAHANKA2,SAMPIGEHALLI,12,12,https://landrecords.karnataka.gov.in/service3/FileDownload.aspx?file=%5c%5cbhm-db-pp05%5cDistrict%5cMapshared%5cimages%5c1926112.jpg,data/cache/landrecords_lakes/images/images/1926112.jpg,False,15,2
landrecords-lake-digital,1853331,18533,BENGALURU,Bengaluru Urban,BANGALORE-NORTH,YASHAVANTAPURA2,SANEGURUVANAHALLI,31,31,https://landrecords.karnataka.gov.in/service3/FileDownload.aspx?file=%5c%5cbhm-db-pp05%5cDistrict%5cMapshared%5cimages%5c1853331.jpg,data/cache/landrecords_lakes/images/images/1853331.jpg,False,15,3
landrecords-lake-digital,1904646,19046,BENGALURU,Bengaluru Urban,Bangalore-East,K R PURA1,SANNATAMMANAHALLI,46,46,https://landrecords.karnataka.gov.in/service3/FileDownload.aspx?file=%5c%5cbhm-db-pp05%5cDistrict%5cMapshared%5cimages%5c1904646.jpg,data/cache/landrecords_lakes/images/images/1904646.jpg,False,15,4
landrecords-lake-digital,1861926,18619,BENGALURU,Bengaluru Urban,bangalore-South,UTTARAHALLI -1,SARAKKIKERE,26,26,https://landrecords.karnataka.gov.in/service3/FileDownload.aspx?file=%5c%5cbhm-db-pp05%5cDistrict%5cMapshared%5cimages%5c1861926.jpg,data/cache/landrecords_lakes/images/images/1861926.jpg,False,15,5
landrecords-lake-digital,1905032,19050,BENGALURU,Bengaluru Urban,Bangalore-East,K R PURA1,SHEEGEHALLI,32,32,https://landrecords.karnataka.gov.in/service3/FileDownload.aspx?file=%5c%5cbhm-db-pp05%5cDistrict%5cMapshared%5cimages%5c1905032.jpg,data/cache/landrecords_lakes/images/images/1905032.jpg,False,15,6
landrecords-lake-digital,1851567,18515,BENGALURU,Bengaluru Urban,BANGALORE-NORTH,YASHAVANTAPURA1,SHETTIHALLI,67,67,https://landrecords.karnataka.gov.in/service3/FileDownload.aspx?file=%5c%5cbhm-db-pp05%5cDistrict%5cMapshared%5cimages%5c1851567.jpg,data/cache/landrecords_lakes/images/images/1851567.jpg,False,15,7
landrecords-lake-digital,4000616,40006,BENGALURU,Bengaluru Urban,BANGALORE-NORTH,Yeshwanthapura,Shivanahalli,16,16,https://landrecords.karnataka.gov.in/service3/FileDownload.aspx?file=%5c%5cbhm-db-pp05%5cDistrict%5cMapshared%5cimages%5c4000616.jpg,data/cache/landrecords_lakes/images/images/4000616.jpg,False,15,8
landrecords-lake-digital,1923048,19230,BENGALURU,Bengaluru Urban,Bangalore North(Additional),YALAHANKA1,SHIVANAHALLI,48,48,https://landrecords.karnataka.gov.in/service3/FileDownload.aspx?file=%5c%5cbhm-db-pp05%5cDistrict%5cMapshared%5cimages%5c1923048.jpg,data/cache/landrecords_lakes/images/images/1923048.jpg,False,15,9
landrecords-lake-digital,1867913,18679,BENGALURU,Bengaluru Urban,bangalore-South,BEGURU - 1,SHREENIVAGILUKERE,13,13,https://landrecords.karnataka.gov.in/service3/FileDownload.aspx?file=%5c%5cbhm-db-pp05%5cDistrict%5cMapshared%5cimages%5c1867913.jpg,data/cache/landrecords_lakes/images/images/1867913.jpg,False,15,10
landrecords-lake-digital,192322,19232,BENGALURU,Bengaluru Urban,Bangalore North(Additional),YALAHANKA1,SHREENIVASAPURA,2,2,https://landrecords.karnataka.gov.in/service3/FileDownload.aspx?file=%5c%5cbhm-db-pp05%5cDistrict%5cMapshared%5cimages%5c192322.jpg,data/cache/landrecords_lakes/images/images/192322.jpg,False,15,11
landrecords-lake-digital,4005116,40051,BENGALURU,Bengaluru Urban,BANGALORE-NORTH,kasaba,Siddapura,16,16,https://landrecords.karnataka.gov.in/service3/FileDownload.aspx?file=%5c%5cbhm-db-pp05%5cDistrict%5cMapshared%5cimages%5c4005116.jpg,data/cache/landrecords_lakes/images/images/4005116.jpg,False,15,12
landrecords-lake-digital,1908618,19086,BENGALURU,Bengaluru Urban,Bangalore-East,VARTURU1,SIDDAPURA,18,18,https://landrecords.karnataka.gov.in/service3/FileDownload.aspx?file=%5c%5cbhm-db-pp05%5cDistrict%5cMapshared%5cimages%5c1908618.jpg,data/cache/landrecords_lakes/images/images/1908618.jpg,False,15,13
landrecords-lake-digital,1926993,19269,BENGALURU,Bengaluru Urban,Bangalore North(Additional),YALAHANKA3,SINGAPURA,93,93,https://landrecords.karnataka.gov.in/service3/FileDownload.aspx?file=%5c%5cbhm-db-pp05%5cDistrict%5cMapshared%5cimages%5c1926993.jpg,data/cache/landrecords_lakes/images/images/1926993.jpg,False,15,14
landrecords-lake-digital,1869052,18690,BENGALURU,Bengaluru Urban,bangalore-South,BEGURU - 2,SINGASANDRA,52,52,https://landrecords.karnataka.gov.in/service3/FileDownload.aspx?file=%5c%5cbhm-db-pp05%5cDistrict%5cMapshared%5cimages%5c1869052.jpg,data/cache/landrecords_lakes/images/images/1869052.jpg,False,15,15
landrecords-lake-digital,1869069,18690,BENGALURU,Bengaluru Urban,bangalore-South,BEGURU - 2,SINGASANDRA,69,69,https://landrecords.karnataka.gov.in/service3/FileDownload.aspx?file=%5c%5cbhm-db-pp05%5cDistrict%5cMapshared%5cimages%5c1869069.jpg,data/cache/landrecords_lakes/images/images/1869069.jpg,False,15,16
landrecords-lake-digital,1869086,18690,BENGALURU,Bengaluru Urban,bangalore-South,BEGURU - 2,SINGASANDRA,86,86,https://landrecords.karnataka.gov.in/service3/FileDownload.aspx?file=%5c%5cbhm-db-pp05%5cDistrict%5cMapshared%5cimages%5c1869086.jpg,data/cache/landrecords_lakes/images/images/1869086.jpg,False,15,17
landrecords-lake-digital,1869099,18690,BENGALURU,Bengaluru Urban,bangalore-South,BEGURU - 2,SINGASANDRA,99,99,https://landrecords.karnataka.gov.in/service3/FileDownload.aspx?file=%5c%5cbhm-db-pp05%5cDistrict%5cMapshared%5cimages%5c1869099.jpg,data/cache/landrecords_lakes/images/images/1869099.jpg,False,15,18
landrecords-lake-digital,1874811,18748,BENGALURU,Bengaluru Urban,bangalore-South,KENGERI - 3,SOMPURA,11,11,https://landrecords.karnataka.gov.in/service3/FileDownload.aspx?file=%5c%5cbhm-db-pp05%5cDistrict%5cMapshared%5cimages%5c1874811.jpg,data/cache/landrecords_lakes/images/images/1874811.jpg,False,15,19
landrecords-lake-digital,1907933,19079,BENGALURU,Bengaluru Urban,Bangalore-East,K R PURA3,SONNENAHALLI,33,33,https://landrecords.karnataka.gov.in/service3/FileDownload.aspx?file=%5c%5cbhm-db-pp05%5cDistrict%5cMapshared%5cimages%5c1907933.jpg,data/cache/landrecords_lakes/images/images/1907933.jpg,False,16,0
landrecords-lake-digital,1862973,18629,BENGALURU,Bengaluru Urban,bangalore-South,UTTARAHALLI -2,TALAGHATTAPURA,73,73,https://landrecords.karnataka.gov.in/service3/FileDownload.aspx?file=%5c%5cbhm-db-pp05%5cDistrict%5cMapshared%5cimages%5c1862973.jpg,data/cache/landrecords_lakes/images/images/1862973.jpg,False,16,1
landrecords-lake-digital,185101,18510,BENGALURU,Bengaluru Urban,BANGALORE-NORTH,YASHAVANTAPURA1,TANNEERANAHALLI,1,1,https://landrecords.karnataka.gov.in/service3/FileDownload.aspx?file=%5c%5cbhm-db-pp05%5cDistrict%5cMapshared%5cimages%5c185101.jpg,data/cache/landrecords_lakes/images/images/185101.jpg,False,16,2
landrecords-lake-digital,1867174,18671,BENGALURU,Bengaluru Urban,bangalore-South,BEGURU - 1,TAVAREKERE,74,74,https://landrecords.karnataka.gov.in/service3/FileDownload.aspx?file=%5c%5cbhm-db-pp05%5cDistrict%5cMapshared%5cimages%5c1867174.jpg,data/cache/landrecords_lakes/images/images/1867174.jpg,False,16,3
landrecords-lake-digital,1925753,19257,BENGALURU,Bengaluru Urban,Bangalore North(Additional),YALAHANKA2,TINDLU,53,53,https://landrecords.karnataka.gov.in/service3/FileDownload.aspx?file=%5c%5cbhm-db-pp05%5cDistrict%5cMapshared%5cimages%5c1925753.jpg,data/cache/landrecords_lakes/images/images/1925753.jpg,False,16,4
landrecords-lake-digital,1863311,18633,BENGALURU,Bengaluru Urban,bangalore-South,UTTARAHALLI -2,TIPPASANDRA,11,11,https://landrecords.karnataka.gov.in/service3/FileDownload.aspx?file=%5c%5cbhm-db-pp05%5cDistrict%5cMapshared%5cimages%5c1863311.jpg,data/cache/landrecords_lakes/images/images/1863311.jpg,False,16,5
landrecords-lake-digital,1922863,19228,BENGALURU,Bengaluru Urban,Bangalore North(Additional),YALAHANKA1,TIRUMENAHALLI,63,63,https://landrecords.karnataka.gov.in/service3/FileDownload.aspx?file=%5c%5cbhm-db-pp05%5cDistrict%5cMapshared%5cimages%5c1922863.jpg,data/cache/landrecords_lakes/images/images/1922863.jpg,False,16,6
landrecords-lake-digital,1865116,18651,BENGALURU,Bengaluru Urban,bangalore-South,UTTARAHALLI -4,UTTARAHALLI,16,16,https://landrecords.karnataka.gov.in/service3/FileDownload.aspx?file=%5c%5cbhm-db-pp05%5cDistrict%5cMapshared%5cimages%5c1865116.jpg,data/cache/landrecords_lakes/images/images/1865116.jpg,False,16,7
landrecords-lake-digital,1865191,18651,BENGALURU,Bengaluru Urban,bangalore-South,UTTARAHALLI -4,UTTARAHALLI,91,91,https://landrecords.karnataka.gov.in/service3/FileDownload.aspx?file=%5c%5cbhm-db-pp05%5cDistrict%5cMapshared%5cimages%5c1865191.jpg,data/cache/landrecords_lakes/images/images/1865191.jpg,False,16,8
landrecords-lake-digital,186427,18642,BENGALURU,Bengaluru Urban,bangalore-South,UTTARAHALLI -3,VADDARAPALYA,7,7,https://landrecords.karnataka.gov.in/service3/FileDownload.aspx?file=%5c%5cbhm-db-pp05%5cDistrict%5cMapshared%5cimages%5c186427.jpg,data/cache/landrecords_lakes/images/images/186427.jpg,False,16,9
landrecords-lake-digital,186557,18655,BENGALURU,Bengaluru Urban,bangalore-South,UTTARAHALLI -4,VADDARAPALYA,7,7,https://landrecords.karnataka.gov.in/service3/FileDownload.aspx?file=%5c%5cbhm-db-pp05%5cDistrict%5cMapshared%5cimages%5c186557.jpg,data/cache/landrecords_lakes/images/images/186557.jpg,False,16,10
landrecords-lake-digital,1908041,19080,BENGALURU,Bengaluru Urban,Bangalore-East,K R PURA3,VAIT FEELD,41,41,https://landrecords.karnataka.gov.in/service3/FileDownload.aspx?file=%5c%5cbhm-db-pp05%5cDistrict%5cMapshared%5cimages%5c1908041.jpg,data/cache/landrecords_lakes/images/images/1908041.jpg,False,16,11
landrecords-lake-digital,1908054,19080,BENGALURU,Bengaluru Urban,Bangalore-East,K R PURA3,VAIT FEELD,54,54,https://landrecords.karnataka.gov.in/service3/FileDownload.aspx?file=%5c%5cbhm-db-pp05%5cDistrict%5cMapshared%5cimages%5c1908054.jpg,data/cache/landrecords_lakes/images/images/1908054.jpg,False,16,12
landrecords-lake-digital,1871343,18713,BENGALURU,Bengaluru Urban,bangalore-South,KENGERI - 1,VALAGERAHALLI,43,43,https://landrecords.karnataka.gov.in/service3/FileDownload.aspx?file=%5c%5cbhm-db-pp05%5cDistrict%5cMapshared%5cimages%5c1871343.jpg,data/cache/landrecords_lakes/images/images/1871343.jpg,False,16,13
landrecords-lake-digital,1871385,18713,BENGALURU,Bengaluru Urban,bangalore-South,KENGERI - 1,VALAGERAHALLI,85,85,https://landrecords.karnataka.gov.in/service3/FileDownload.aspx?file=%5c%5cbhm-db-pp05%5cDistrict%5cMapshared%5cimages%5c1871385.jpg,data/cache/landrecords_lakes/images/images/1871385.jpg,False,16,14
landrecords-lake-digital,1867211,18672,BENGALURU,Bengaluru Urban,bangalore-South,BEGURU - 1,VANKOJIRAV KHANE,11,11,https://landrecords.karnataka.gov.in/service3/FileDownload.aspx?file=%5c%5cbhm-db-pp05%5cDistrict%5cMapshared%5cimages%5c1867211.jpg,data/cache/landrecords_lakes/images/images/1867211.jpg,False,16,15
landrecords-lake-digital,1915547,19155,BENGALURU,Bengaluru Urban,Bangalore-East,BIDARAHALLI2,VARANASI,47,47,https://landrecords.karnataka.gov.in/service3/FileDownload.aspx?file=%5c%5cbhm-db-pp05%5cDistrict%5cMapshared%5cimages%5c1915547.jpg,data/cache/landrecords_lakes/images/images/1915547.jpg,False,16,16
landrecords-lake-digital,19099134,19099,BENGALURU,Bengaluru Urban,Bangalore-East,VARTURU1,VARTURU,134,134,https://landrecords.karnataka.gov.in/service3/FileDownload.aspx?file=%5c%5cbhm-db-pp05%5cDistrict%5cMapshared%5cimages%5c19099134.jpg,data/cache/landrecords_lakes/images/images/19099134.jpg,False,16,17
landrecords-lake-digital,19099157,19099,BENGALURU,Bengaluru Urban,Bangalore-East,VARTURU1,VARTURU,157,157,https://landrecords.karnataka.gov.in/service3/FileDownload.aspx?file=%5c%5cbhm-db-pp05%5cDistrict%5cMapshared%5cimages%5c19099157.jpg,data/cache/landrecords_lakes/images/images/19099157.jpg,False,16,18
landrecords-lake-digital,1865828,18658,BENGALURU,Bengaluru Urban,bangalore-South,UTTARAHALLI -4,VASANTAPURA,28,28,https://landrecords.karnataka.gov.in/service3/FileDownload.aspx?file=%5c%5cbhm-db-pp05%5cDistrict%5cMapshared%5cimages%5c1865828.jpg,data/cache/landrecords_lakes/images/images/1865828.jpg,False,16,19
landrecords-lake-digital,186586,18658,BENGALURU,Bengaluru Urban,bangalore-South,UTTARAHALLI -4,VASANTAPURA,6,6,https://landrecords.karnataka.gov.in/service3/FileDownload.aspx?file=%5c%5cbhm-db-pp05%5cDistrict%5cMapshared%5cimages%5c186586.jpg,data/cache/landrecords_lakes/images/images/186586.jpg,False,17,0
landrecords-lake-digital,1926526,19265,BENGALURU,Bengaluru Urban,Bangalore North(Additional),YALAHANKA3,VEERASAGARA,26,26,https://landrecords.karnataka.gov.in/service3/FileDownload.aspx?file=%5c%5cbhm-db-pp05%5cDistrict%5cMapshared%5cimages%5c1926526.jpg,data/cache/landrecords_lakes/images/images/1926526.jpg,False,17,1
landrecords-lake-digital,1923939,19239,BENGALURU,Bengaluru Urban,Bangalore North(Additional),YALAHANKA1,VENKATALA,39,39,https://landrecords.karnataka.gov.in/service3/FileDownload.aspx?file=%5c%5cbhm-db-pp05%5cDistrict%5cMapshared%5cimages%5c1923939.jpg,data/cache/landrecords_lakes/images/images/1923939.jpg,False,17,2
landrecords-lake-digital,1926012,19260,BENGALURU,Bengaluru Urban,Bangalore North(Additional),YALAHANKA2,VENKATESHAPURA,12,12,https://landrecords.karnataka.gov.in/service3/FileDownload.aspx?file=%5c%5cbhm-db-pp05%5cDistrict%5cMapshared%5cimages%5c1926012.jpg,data/cache/landrecords_lakes/images/images/1926012.jpg,False,17,3
landrecords-lake-digital,1920513,19205,BENGALURU,Bengaluru Urban,Bangalore-East,Marathahalli,VIBHUTIPURA,13,13,https://landrecords.karnataka.gov.in/service3/FileDownload.aspx?file=%5c%5cbhm-db-pp05%5cDistrict%5cMapshared%5cimages%5c1920513.jpg,data/cache/landrecords_lakes/images/images/1920513.jpg,False,17,4
landrecords-lake-digital,19205175,19205,BENGALURU,Bengaluru Urban,Bangalore-East,Marathahalli,VIBHUTIPURA,175,175,https://landrecords.karnataka.gov.in/service3/FileDownload.aspx?file=%5c%5cbhm-db-pp05%5cDistrict%5cMapshared%5cimages%5c19205175.jpg,data/cache/landrecords_lakes/images/images/19205175.jpg,False,17,5
landrecords-lake-digital,1919542,19195,BENGALURU,Bengaluru Urban,Bangalore-East,Mahadevapura,VIJANAPURA,42,42,https://landrecords.karnataka.gov.in/service3/FileDownload.aspx?file=%5c%5cbhm-db-pp05%5cDistrict%5cMapshared%5cimages%5c1919542.jpg,data/cache/landrecords_lakes/images/images/1919542.jpg,False,17,6
landrecords-lake-digital,4006359,40063,BENGALURU,Bengaluru Urban,BANGALORE-SOUTH,UTTARAHALLI,Yadiyur,59,59,https://landrecords.karnataka.gov.in/service3/FileDownload.aspx?file=%5c%5cbhm-db-pp05%5cDistrict%5cMapshared%5cimages%5c4006359.jpg,data/cache/landrecords_lakes/images/images/4006359.jpg,False,17,7
landrecords-lake-digital,4006226,40062,BENGALURU,Bengaluru Urban,BANGALORE-SOUTH,UTTARAHALLI,Yadiyurnagasandra,26,26,https://landrecords.karnataka.gov.in/service3/FileDownload.aspx?file=%5c%5cbhm-db-pp05%5cDistrict%5cMapshared%5cimages%5c4006226.jpg,data/cache/landrecords_lakes/images/images/4006226.jpg,False,17,8
landrecords-lake-digital,186136,18613,BENGALURU,Bengaluru Urban,bangalore-South,UTTARAHALLI -1,YALACHENAHALLI,6,6,https://landrecords.karnataka.gov.in/service3/FileDownload.aspx?file=%5c%5cbhm-db-pp05%5cDistrict%5cMapshared%5cimages%5c186136.jpg,data/cache/landrecords_lakes/images/images/186136.jpg,False,17,9
landrecords-lake-digital,1924639,19246,BENGALURU,Bengaluru Urban,Bangalore North(Additional),YALAHANKA1,YALAHANKA,39,39,https://landrecords.karnataka.gov.in/service3/FileDownload.aspx?file=%5c%5cbhm-db-pp05%5cDistrict%5cMapshared%5cimages%5c1924639.jpg,data/cache/landrecords_lakes/images/images/1924639.jpg,False,17,10
landrecords-lake-digital,1924755,19247,BENGALURU,Bengaluru Urban,Bangalore North(Additional),YALAHANKA1,YALAHANKA A KERE,55,55,https://landrecords.karnataka.gov.in/service3/FileDownload.aspx?file=%5c%5cbhm-db-pp05%5cDistrict%5cMapshared%5cimages%5c1924755.jpg,data/cache/landrecords_lakes/images/images/1924755.jpg,False,17,11
landrecords-lake-digital,1909462,19094,BENGALURU,Bengaluru Urban,Bangalore-East,VARTURU1,YAMALURU,62,62,https://landrecords.karnataka.gov.in/service3/FileDownload.aspx?file=%5c%5cbhm-db-pp05%5cDistrict%5cMapshared%5cimages%5c1909462.jpg,data/cache/landrecords_lakes/images/images/1909462.jpg,False,17,12
landrecords-lake-digital,40003114,40003,BENGALURU,Bengaluru Urban,BANGALORE-NORTH,Yeshwanthapura,yeshwanthapura,114,114,https://landrecords.karnataka.gov.in/service3/FileDownload.aspx?file=%5c%5cbhm-db-pp05%5cDistrict%5cMapshared%5cimages%5c40003114.jpg,data/cache/landrecords_lakes/images/images/40003114.jpg,False,17,13
