osmId,name,nameKn,place,lat,lon,source
node/10012687825,Corporation Quarters,,neighbourhood,12.9669792,77.614511,osm-places-2026-09
node/10032117234,Bethel Layout,,neighbourhood,12.9568426,77.6023659,osm-places-2026-09
node/10032974928,Milk Colony,,neighbourhood,13.0093324,77.5583026,osm-places-2026-09
node/1007655139,Valmiki Nagar,ವಾಲ್ಮೀಕಿನಗರ,neighbourhood,12.9567265,77.55459,osm-places-2026-09
node/10083261482,Gantiganahalli,ಗಂಟಿಗನಹಳ್ಳಿ,village,13.1444979,77.5890869,osm-places-2026-09
node/10172010095,Central Excise Layout,ಕೇಂದ್ರ ಅಬಕಾರಿ ಬಡಾವಣೆ,neighbourhood,13.0402806,77.5812569,osm-places-2026-09
node/10172024625,Vishwanath Nagenahalli,ವಿಶ್ವನಾಥ ನಾಗೇನಹಳ್ಳಿ,quarter,13.0388225,77.6033449,osm-places-2026-09
node/10212418966,Geddalahalli,ಗೆದ್ದಲಹಳ್ಳಿ,neighbourhood,13.0298726,77.576901,osm-places-2026-09
node/10220948577,Singasandra,ಸಿಂಗಸಂದ್ರ,quarter,12.8810223,77.6490068,osm-places-2026-09
node/10220948578,ITI Layout,,neighbourhood,12.9014999,77.6409441,osm-places-2026-09
node/10220948588,Haralur,ಹರಳೂರು,suburb,12.9044856,77.6654434,osm-places-2026-09
node/10220948589,Hongasandra,,quarter,12.8974892,77.6250869,osm-places-2026-09
node/10232604909,Andapura,ಅಂದಾಪುರ,village,12.8251799,77.7047945,osm-places-2026-09
node/10233407653,Dr. Shivaram Karanth Layout,,suburb,13.1027191,77.5300455,osm-places-2026-09
node/10233407655,Banashankari 6th Stage,,suburb,12.8849238,77.5154846,osm-places-2026-09
node/10233431430,Subramanyapura,ಸುಬ್ರಮಣ್ಯಪುರ,quarter,12.8963963,77.5377864,osm-places-2026-09
node/10233698961,S Gollahalli,ಗೊಲ್ಲಹಳ್ಳಿ,hamlet,13.3925133,77.2661886,osm-places-2026-09
node/10233698981,Gudibevinahalli,ಗುಡಿಬೇವಿನಹಳ್ಳಿ,hamlet,13.4429347,77.2732803,osm-places-2026-09
node/10233698982,Yarapanahalli,ಯರಪನಹಳ್ಳಿ,hamlet,13.4362485,77.2681385,osm-places-2026-09
node/10233698988,Siddapura,ಸಿದ್ದಾಪುರ,hamlet,13.412476,77.2326422,osm-places-2026-09
node/10233698989,Thanganahalli,ತಂಗನಹಳ್ಳಿ,hamlet,13.4092825,77.2265482,osm-places-2026-09
node/10234982879,Alemaradiduddi,,hamlet,12.6767096,77.2656816,osm-places-2026-09
node/10234982898,Gollaradoddi,ಗೊಲ್ಲರದೊಡ್ಡಿ,hamlet,12.6813832,77.2615993,osm-places-2026-09
node/10235105417,Kumbapur Colony,,hamlet,12.6938126,77.2598612,osm-places-2026-09
node/10235111985,Chakkeridoddi,ಚಕ್ಕೇರಿದೊಡ್ಡಿ,hamlet,12.6563969,77.2599095,osm-places-2026-09
node/10235116147,Gendekatte Doddi,ಗೆಂಡೆಕಟ್ಟೆ ದೊಡ್ಡಿ,hamlet,12.6528168,77.2499692,osm-places-2026-09
node/10235117740,Thimmaiahnadoddi,ತಿಮ್ಮಯ್ಯನ ದೊಡ್ಡಿ,hamlet,12.6652999,77.2546095,osm-places-2026-09
node/10235931666,Suryanagar Phase 3,,suburb,12.8046036,77.7583337,osm-places-2026-09
node/10235931761,Suryanagar Phase 2,,suburb,12.7731527,77.6864397,osm-places-2026-09
node/10235940568,Arkavathy Layout 20th Block,,neighbourhood,13.0341921,77.6434654,osm-places-2026-09
node/10235940569,Arkavathy Layout 19th Block,,neighbourhood,13.0326974,77.6463836,osm-places-2026-09
node/10235940570,Venkateshapura,ವೆಂಕಟೇಶಪುರ,neighbourhood,13.0742321,77.6192558,osm-places-2026-09
node/10235940572,Byrathikhane,ಬೈರತಿಖಾನೆ,neighbourhood,13.0412474,77.6498008,osm-places-2026-09
node/10237447835,Pillana Garden,,neighbourhood,13.0104535,77.6173527,osm-places-2026-09
node/10237447836,New Bagalur Layout,,neighbourhood,13.0079918,77.6184726,osm-places-2026-09
node/10237496428,Arkavathy Layout 16th Block,,neighbourhood,13.0461279,77.6366998,osm-places-2026-09
node/10237496429,Arkavathy Layout 20th Block,,neighbourhood,13.0441008,77.6390076,osm-places-2026-09
node/10237496430,Arkavathy Layout 18th Block,ಅರ್ಕಾವತಿ ಬಡಾವಣೆ ೩ನೇ ಹಂತ,neighbourhood,13.0436932,77.6481432,osm-places-2026-09
node/10237496438,Arkavathy Layout 8th Block,ಅರ್ಕಾವತಿ ಬಡಾವಣೆ ೩ನೇ ಹಂತ,neighbourhood,13.0697382,77.6186013,osm-places-2026-09
node/10237496439,Arkavathy Layout 4th Block,ಅರ್ಕಾವತಿ ಬಡಾವಣೆ ೩ನೇ ಹಂತ,neighbourhood,13.0739708,77.6237619,osm-places-2026-09
node/10237496488,Arkavathy Layout 8th Block,,neighbourhood,13.071541,77.609455,osm-places-2026-09
node/10245038176,Srinivasapura,ಶ್ರೀನಿವಾಸಪುರ,neighbourhood,12.9083759,77.512241,osm-places-2026-09
node/10245038177,Channasandra,ಚನ್ನಸಂದ್ರ,neighbourhood,12.9029431,77.519837,osm-places-2026-09
node/10246363084,Hunasemaradapalya,,neighbourhood,12.9043601,77.4471116,osm-places-2026-09
node/10250218598,Bandihalli,ಬಂಡಿಹಳ್ಳಿ,hamlet,13.3046303,77.1814193,osm-places-2026-09
node/10253179995,Kumara Park West,,neighbourhood,12.9910265,77.577928,osm-places-2026-09
node/10253179996,Kumara Park East,,neighbourhood,12.9886274,77.5796279,osm-places-2026-09
node/10272681254,Vidyamanyanagar,ವಿದ್ಯಮಾನ್ಯ ನಗರ,neighbourhood,13.0071319,77.4896353,osm-places-2026-09
node/10272681257,Lingadeeranahalli,ಲಿಂಗದೀರನಹಳ್ಳಿ,quarter,12.9998117,77.4812722,osm-places-2026-09
node/10272681263,Chandana Layout,,neighbourhood,12.9863834,77.5067532,osm-places-2026-09
node/10272690518,Syndicate Bank Layout,,neighbourhood,12.9972558,77.4871355,osm-places-2026-09
node/10272690519,Vigneshwara Nagara,ವಿಗ್ನೇಶ್ವರ ನಗರ,neighbourhood,12.9941222,77.5048569,osm-places-2026-09
node/10272690520,Madeshwara Nagara,ಮಾದೇಶ್ವರ ನಗರ,neighbourhood,12.9920653,77.4944741,osm-places-2026-09
node/10272690521,Prasanna Layout,,neighbourhood,12.9974648,77.4970838,osm-places-2026-09
node/10272690522,Hosahalli Golarapalya,,neighbourhood,12.9936752,77.4779731,osm-places-2026-09
node/10272690523,Bharathnagar,ಭಾರತನಗರ,quarter,12.9801263,77.4784076,osm-places-2026-09
node/10272690554,Hegganahalli,ಹೆಗ್ಗನಹಳ್ಳಿ,quarter,13.0035647,77.5127828,osm-places-2026-09
node/10272690555,Kareemsab Nagar,,neighbourhood,12.9983586,77.5123483,osm-places-2026-09
node/10272690597,GKW Layout,,neighbourhood,13.0082322,77.5130081,osm-places-2026-09
node/10272871664,Jogappa Layout,,neighbourhood,13.0400678,77.6100019,osm-places-2026-09
node/10273711475,Pattadevarapalya,ಪಟ್ಟದೇವರಪಾಳ್ಯ,hamlet,13.44756,77.2955668,osm-places-2026-09
node/10273711477,Chaudappanapalya,,hamlet,13.4463704,77.2785509,osm-places-2026-09
node/10273711478,Tirukanapalya,,hamlet,13.4544833,77.2764748,osm-places-2026-09
node/10273711549,Hanumantapura,ಹನುಮಂತಪುರ,hamlet,13.4457756,77.2480488,osm-places-2026-09
node/10273711550,Chennamuddanahalli,ಚನ್ನಮುದ್ದನಹಳ್ಳಿ,hamlet,13.436165,77.1979612,osm-places-2026-09
node/10273711551,Malleyanapalya,ಮಲ್ಲೇನಪಾಳ್ಯ,hamlet,13.4371772,77.1939567,osm-places-2026-09
node/10273711552,Annadanashastripalya,,hamlet,13.4408765,77.1884018,osm-places-2026-09
node/10273711691,Setupalya,ಸೇತುಪಾಳ್ಯ,hamlet,13.3935857,77.2062492,osm-places-2026-09
node/10293686956,Gandhi Bazaar,,neighbourhood,12.9457868,77.5706743,osm-places-2026-09
node/10293831865,Maruthi Seva Nagar,ಮಾರುತಿ ಸೇವನಗರ,neighbourhood,13.00317,77.6326118,osm-places-2026-09
node/10293831866,Vivekananda Nagar,ವಿವೇಕಾನಂದ ನಗರ,neighbourhood,13.0044245,77.6280454,osm-places-2026-09
node/10293831867,Doddigunta,,neighbourhood,12.9926115,77.6225898,osm-places-2026-09
node/10293831873,Heerachand Layout,,neighbourhood,12.9959308,77.6266855,osm-places-2026-09
node/10293847376,Income Tax Layout,,neighbourhood,12.9972923,77.6563266,osm-places-2026-09
node/10293847385,Krishnaiahnapalya,,neighbourhood,12.9972741,77.6527619,osm-places-2026-09
node/10293847386,Old Baiyappanahalli,ಹಳೆ ಬೈಯಪ್ಪನಹಳ್ಳಿ,neighbourhood,12.9943495,77.6409334,osm-places-2026-09
node/10293847397,Jeevanahalli,ಜೀವನಹಳ್ಳಿ,neighbourhood,12.996409,77.6289225,osm-places-2026-09
node/10293847431,Kathalipalya,ಕತಾಳಿಪಾಳ್ಯ,neighbourhood,12.9922626,77.6381761,osm-places-2026-09
node/10295524807,Jakkasandra Block,,neighbourhood,12.9288251,77.6303011,osm-places-2026-09
node/10295532281,Sidhartha Colony,,neighbourhood,12.9230999,77.620393,osm-places-2026-09
node/10296378588,Agara,ಅಗರ,neighbourhood,12.9221405,77.6479366,osm-places-2026-09
node/10296444933,RV Layout,,neighbourhood,12.9986435,77.5834429,osm-places-2026-09
node/10298313288,D'Souza Layout,,neighbourhood,12.9696296,77.5968003,osm-places-2026-09
node/10302647654,ITI Colony,,neighbourhood,13.0338733,77.5678459,osm-places-2026-09
node/10310634652,Kuvempu Nagar 1st Stage,,neighbourhood,13.0694142,77.5401252,osm-places-2026-09
node/10310634699,Doddabettahalli,ದೊಡ್ಡಬೆಟ್ಟಹಳ್ಳಿ,neighbourhood,13.0945892,77.5544482,osm-places-2026-09
node/10310634700,Rainbow Layout,,neighbourhood,13.1007546,77.5393796,osm-places-2026-09
node/10310636348,Muneshwara Layout,,neighbourhood,13.0968412,77.5407422,osm-places-2026-09
node/10310636349,Kuvempu Nagar 2nd Stage,,neighbourhood,13.0729153,77.5402433,osm-places-2026-09
node/10310636358,Kanshiram Nagar,,neighbourhood,13.0895889,77.5389719,osm-places-2026-09
node/10310636365,Adithyanagara,ಆದಿತ್ಯನಗರ,neighbourhood,13.0857328,77.5511706,osm-places-2026-09
node/10310636385,Vinayaka Nagara,ವಿನಾಯಕ ನಗರ,neighbourhood,13.0831464,77.5446314,osm-places-2026-09
node/10314103445,Manjunath Nagar,ಮಂಜುನಾಥ ತಗರ,neighbourhood,13.0540222,77.4939162,osm-places-2026-09
node/10572417851,Prakash Nagar,ಪ್ರಕಾಶ್ ನಗರ,neighbourhood,12.9948984,77.5635409,osm-places-2026-09
node/10573135961,Mount Joy,,neighbourhood,12.9397405,77.5616822,osm-places-2026-09
node/10604644054,Lottegollahalli,ಲೊಟ್ಟೆಗೊಲ್ಲಹಳ್ಳಿ,neighbourhood,13.0441348,77.5651503,osm-places-2026-09
node/10607453283,Maruthi Nagara,,neighbourhood,13.1076199,77.6070517,osm-places-2026-09
node/10607453284,Venkatala,,neighbourhood,13.1122071,77.6026475,osm-places-2026-09
node/10632956835,Yellukunte,ಯಲ್ಲುಕುಂಟೆ,neighbourhood,12.9044961,77.6415825,osm-places-2026-09
node/10667163084,Siddhartha Nagar,ಸಿದ್ಧಾರ್ಥನಗರ,neighbourhood,12.9574233,77.6366023,osm-places-2026-09
node/10667163085,Gowtham Colony,,neighbourhood,12.9574749,77.6398407,osm-places-2026-09
node/10676129241,Royal Placid Layout,,neighbourhood,12.9007678,77.6577616,osm-places-2026-09
node/10691162170,Sonnappanahalli,ಸೊಣ್ಣಪ್ಪನಹಳ್ಳಿ,hamlet,13.1566133,77.6174047,osm-places-2026-09
node/10695343187,Gollarahatti,ಗೊಲ್ಲರಹಟ್ಟಿ,quarter,12.9893002,77.4745667,osm-places-2026-09
node/10702267161,Bhoganahalli,ಭೋಗನಹಳ್ಳಿ,neighbourhood,12.9265141,77.7009129,osm-places-2026-09
node/10729766608,Munniswamy Garden,,neighbourhood,12.9497693,77.623145,osm-places-2026-09
node/10739618731,Virannapalya,,neighbourhood,13.0406772,77.6133289,osm-places-2026-09
node/10752210897,Bodiganapalya,ಬೋದಿಗಾನ ಪಾಳ್ಯ,hamlet,13.0117195,77.2672441,osm-places-2026-09
node/10752210898,Matturayanegudipalya,ಮುತ್ತುರಾಯನ ಗುಡಿ ಪಾಳ್ಯ,hamlet,13.0176484,77.267404,osm-places-2026-09
node/10752210899,Kadarayyanpalya,ಕಡರಯ್ಯನಪಾಳ್ಯ,hamlet,13.0168525,77.2548974,osm-places-2026-09
node/10752210900,Narayanapura,ನಾರಾಯಣಪುರ,hamlet,13.0059083,77.2507718,osm-places-2026-09
node/10752210901,Kempachikkanahalli,ಕೆಂಪಚಿಕ್ಕನಹಳ್ಳಿ,hamlet,13.0346917,77.2921337,osm-places-2026-09
node/10752210902,Naganahalli,ನಾಗನಹಳ್ಳಿ,hamlet,13.0319195,77.2854499,osm-places-2026-09
node/10752210903,Tirumalapura,ತಿರುಮಲಾಪುರ,hamlet,13.020481,77.2939272,osm-places-2026-09
node/10752210904,Torechenahalli,ತೊರೆಚೇನಹಳ್ಳಿ,hamlet,12.9984027,77.2717928,osm-places-2026-09
node/10752279305,Dasegoudanapalya,ದಾಸೆಗೌಡನ ಪಾಳ್ಯ,hamlet,13.0250591,77.2865766,osm-places-2026-09
node/10752279306,Kottaganahalli,ಕೊಟ್ಟಗನಹಳ್ಳಿ,hamlet,13.0122436,77.2850962,osm-places-2026-09
node/10752279307,Hiregaudanapalya,ಹಿರೆಗೌಡನಪಾಳ್ಯ,hamlet,13.0024312,77.2654602,osm-places-2026-09
node/10752279308,Sidaganahalli,ಸಿಡಗನಹಳ್ಳಿ,village,13.0258442,77.2552367,osm-places-2026-09
node/10752279309,Koratagere,ಕೊರಟಗೆರೆ,hamlet,13.054097,77.3337241,osm-places-2026-09
node/10752279310,Kallenapalya,,hamlet,13.0423259,77.3248486,osm-places-2026-09
node/10752279311,Bidanapalya,ಬೀದನಪಾಳ್ಯ,hamlet,13.0206547,77.3278688,osm-places-2026-09
node/10752279312,Lingenahalli,ಲಿಂಗೇನಹಳ್ಳಿ,hamlet,13.0508516,77.3240094,osm-places-2026-09
node/10752279313,Kadukorenahalli,ಕಾಡು ಕೋರೇನಹಳ್ಳಿ,hamlet,13.0542299,77.3155151,osm-places-2026-09
node/10752279314,Gundammanapalya,ಗುಂಡಮ್ಮನ ಪಲ್ಯ,hamlet,13.0300959,77.3267688,osm-places-2026-09
node/10752279315,Kodihalli,ಕೋಡಿಹಳ್ಳಿ,hamlet,13.0246329,77.2981894,osm-places-2026-09
node/10752279316,Gejjagalpalya,ಗೆಜ್ಜಗಲ್ ಪಾಳ್ಯ,hamlet,13.0307422,77.3129523,osm-places-2026-09
node/10752279317,Hunsegatapalya,ಹುಣಸೆಘಟ್ಟ ಪಾಳ್ಯ,hamlet,13.0238522,77.3366013,osm-places-2026-09
node/10752279318,Magadi Rangappanapalya,ಮಾಗಡಿ ರಂಗಪ್ಪನಪಾಳ್ಯ,hamlet,13.0359993,77.2994699,osm-places-2026-09
node/10752279319,Tarehosapalya,ತಾಯಪ್ಪನ ದೊಡ್ಡಿ,hamlet,13.0260995,77.3291921,osm-places-2026-09
node/10752279320,Gandhigrama,ಗಾಂಧಿಗ್ರಾಮ,hamlet,13.0473147,77.3393355,osm-places-2026-09
node/10753151414,Judicial Officer's Layout,,neighbourhood,13.0342601,77.574479,osm-places-2026-09
node/10753151513,Ramakrishna Layout,,neighbourhood,13.027232,77.5806494,osm-places-2026-09
node/10760556149,Indira Gandhi Colony,,neighbourhood,12.9460051,77.6247597,osm-places-2026-09
node/10761806275,BDA Jnanabharathi Residential Enclave,,neighbourhood,12.9197902,77.4894315,osm-places-2026-09
node/10761808764,Vijayashree Layout,,neighbourhood,12.9139498,77.4917114,osm-places-2026-09
node/10763445357,Krishnappa Layout,ಕೃಷ್ಣಪ್ಪ ಬಡಾವಣೆ,neighbourhood,12.9233875,77.5301421,osm-places-2026-09
node/10763445378,Veerabhadra Nagara,ವೀರಭದ್ರ ನಗರ,neighbourhood,12.9382936,77.5349593,osm-places-2026-09
node/10795162705,Ashokapuram,ಅಶೋಕಪುರಂ,neighbourhood,13.0148047,77.5476086,osm-places-2026-09
node/10795162722,Shankar Nagar,ಶಂಕರನಗರ,neighbourhood,13.0159128,77.5437301,osm-places-2026-09
node/10796263247,Ramaswamypalya,,neighbourhood,13.0097427,77.6368886,osm-places-2026-09
node/10831664286,Swimming Pool Extension,,neighbourhood,12.9995765,77.5746989,osm-places-2026-09
node/10833830941,Valluvarpuram,,neighbourhood,12.9951048,77.568377,osm-places-2026-09
node/10853169837,Shakambari Nagar,ಶಾಕಾಂಬರಿನಗರ,neighbourhood,12.9135785,77.5759435,osm-places-2026-09
node/10895959920,M Nanjappa Layout,,neighbourhood,13.0643377,77.6396566,osm-places-2026-09
node/10924790341,Kuvempu Nagar,ಕುವೆಂಪು ನಗರ,neighbourhood,12.9144469,77.6137532,osm-places-2026-09
node/10931504796,JP Nagar 9th Phase,,neighbourhood,12.8681419,77.5628221,osm-places-2026-09
node/10931504797,BOOHBCS Layout,,neighbourhood,12.8720746,77.553885,osm-places-2026-09
node/10931529962,Thippasandra,ತಿಪ್ಪಸಂದ್ರ,quarter,12.8744383,77.5579029,osm-places-2026-09
node/10931529974,Narayana Nagara,ನಾರಾಯಣ ನಗರ,neighbourhood,12.8818851,77.5553977,osm-places-2026-09
node/10931529975,PNB Layout,,neighbourhood,12.8789514,77.5636965,osm-places-2026-09
node/10931529976,MKS Layout,,neighbourhood,12.8766766,77.5603169,osm-places-2026-09
node/10937785408,Vinayaka Nagara,ವಿನಾಯಕ ನಗರ,neighbourhood,12.9498895,77.5992519,osm-places-2026-09
node/10946865133,Byrathi Bande,ಬೈರತಿ ಬಂಡೆ,quarter,13.0705325,77.6552081,osm-places-2026-09
node/10978335945,Parangipalya,ಪರಂಗಿಪಾಳ್ಯ,neighbourhood,12.9074791,77.6510668,osm-places-2026-09
node/10979388393,Sapthagiri Layout,ಸಪ್ತಗಿರಿ ಬಡಾವಣೆ,neighbourhood,12.921981,77.5358552,osm-places-2026-09
node/10979969456,Mariappanapalya,ಮರಿಯಪ್ಪನ ಪಾಳ್ಯ,neighbourhood,12.9972636,77.5544858,osm-places-2026-09
node/10983994555,Isaac Layout,,neighbourhood,13.1157467,77.5772202,osm-places-2026-09
node/10983994602,KEB Layout,ಕೆಇಬಿ ಲೇಔಟ್,neighbourhood,13.125289,77.5818014,osm-places-2026-09
node/10983994603,Kenchenahalli,ಕೆಂಚೇನಹಳ್ಳಿ,neighbourhood,13.1200124,77.5849342,osm-places-2026-09
node/10984067985,Vinayaka Layout,ವಿನಾಯಕ ಬಡಾವಣೆ,neighbourhood,13.1136647,77.5780195,osm-places-2026-09
node/10984582462,Surabhi Layout,,neighbourhood,13.0930374,77.6002443,osm-places-2026-09
node/10984687880,Veerasagara,ವೀರಸಾಗರ,neighbourhood,13.1050754,77.5539386,osm-places-2026-09
node/10984720097,GKVK Layout,,neighbourhood,13.0827075,77.6034629,osm-places-2026-09
node/10990039924,Niranthara Layout,,neighbourhood,13.1313282,77.6337397,osm-places-2026-09
node/1099038300,Vakil Marina Layout,ವಕಿಲ್ ಮರಿನ ಲೇಔಟ್,neighbourhood,12.9015883,77.6176267,osm-places-2026-09
node/11051170145,Silver Springs Layout,,neighbourhood,12.9582324,77.7098778,osm-places-2026-09
node/11061935339,Arkavathy Layout 6th Block,,neighbourhood,13.0607459,77.6405073,osm-places-2026-09
node/11096503499,Ramiah Reddy Layout,,neighbourhood,12.9942742,77.7211999,osm-places-2026-09
node/11096574641,Hoody Garden,,neighbourhood,12.994363,77.7203698,osm-places-2026-09
node/11096782368,Basappa Garden,,neighbourhood,12.9959346,77.576897,osm-places-2026-09
node/11111178668,Kempapura,ಕೆಂಪಾಪುರ,neighbourhood,12.9464756,77.6725164,osm-places-2026-09
node/11119054566,Adarsh Nagar,ಆದರ್ಶ ನಗರ,neighbourhood,13.0305452,77.609433,osm-places-2026-09
node/11119054567,Kaveri Nagar,ಕಾವೇರಿನಗರ,neighbourhood,13.0326126,77.6096168,osm-places-2026-09
node/11146697522,Gruhalaxmi Layout,,neighbourhood,13.0288457,77.4985886,osm-places-2026-09
node/11148749657,Rashad Nagar,,neighbourhood,13.0281505,77.6177591,osm-places-2026-09
node/11148749699,Munirangappa Layout,,neighbourhood,13.0186149,77.6057133,osm-places-2026-09
node/11148749743,Modi Garden,,neighbourhood,13.0165243,77.6024035,osm-places-2026-09
node/11148749755,Periyar Nagar,,neighbourhood,13.0099704,77.6121074,osm-places-2026-09
node/11148749850,Sagayapura,,neighbourhood,13.0054097,77.6132409,osm-places-2026-09
node/11163238064,Yadiyurappa Nagara,,neighbourhood,13.1514508,77.5608292,osm-places-2026-09
node/11182347131,Shankarapuram,ಶಂಕರಾಪುರಂ,neighbourhood,12.9528538,77.5703309,osm-places-2026-09
node/11183843915,Avalakuppe,ಅವಲಕುಪ್ಪೆ,village,12.9999686,77.3291802,osm-places-2026-09
node/11183843916,Hosahalli,ಹೊಸಹಳ್ಳಿ,village,12.9892113,77.3353815,osm-places-2026-09
node/11183843917,Goravanahalli,ಗೊರವನಹಳ್ಳಿ,village,12.9816632,77.346282,osm-places-2026-09
node/11183843918,Narasimhapalya,ನರಸಿಂಹಪಾಳ್ಯ,village,12.998275,77.3640168,osm-places-2026-09
node/11183843919,Bolamaranahalli,ಬೋಳಮಾರನಹಳ್ಳಿ,village,13.0270949,77.3667955,osm-places-2026-09
node/11183843920,Bhattarahalli,ಭಟ್ಟರಹಳ್ಳಿ,village,13.0497553,77.3464107,osm-places-2026-09
node/11187206091,Srigandhakavalu,,quarter,12.9786535,77.5017455,osm-places-2026-09
node/11211419484,Saraipalya,ಸಾರಾಯಿ ಪಾಳ್ಯ,neighbourhood,13.0504294,77.6278389,osm-places-2026-09
node/11212690216,Rehamathnagara,,neighbourhood,13.0174886,77.5919026,osm-places-2026-09
node/11218370403,Vinayaka Nagar,,neighbourhood,12.9872184,77.5230958,osm-places-2026-09
node/11218370404,Sharada Colony,,neighbourhood,12.9900561,77.5359135,osm-places-2026-09
node/11218370405,NGOs Colony,,neighbourhood,12.9960324,77.5257991,osm-places-2026-09
node/11218370406,Kirloskar Colony,,neighbourhood,12.9971785,77.529404,osm-places-2026-09
node/11218370407,Vrishabha Nagar,,neighbourhood,12.9908822,77.5223306,osm-places-2026-09
node/11218370408,Meenakshi Nagar,ಮೀನಾಕ್ಷಿನಗರ,neighbourhood,12.9881855,77.5323333,osm-places-2026-09
node/11218370409,Teacher's Colony,,neighbourhood,12.9961064,77.5372599,osm-places-2026-09
node/11218370410,Syndicate Bank Colony,,neighbourhood,12.9798772,77.5286425,osm-places-2026-09
node/11218370411,Prem Nagar,,neighbourhood,12.9964086,77.5229642,osm-places-2026-09
node/11218370412,Shakthi Ganapathi Nagar,,neighbourhood,12.993783,77.5360361,osm-places-2026-09
node/11278785760,Annapoorneshwari Nagara,,neighbourhood,12.9807183,77.5068873,osm-places-2026-09
node/11279791943,Teacher's Colony,,neighbourhood,12.9151498,77.5675669,osm-places-2026-09
node/11292971679,Devarabeesanahalli,ದೇವರಬೀಸನಹಳ್ಳಿ,quarter,12.9268618,77.6895136,osm-places-2026-09
node/11293087531,KSRTC Layout,,neighbourhood,12.9128386,77.5934931,osm-places-2026-09
node/11293105794,BHBCS Layout,,neighbourhood,12.9151812,77.6006358,osm-places-2026-09
node/11304473527,Sarakki,ಸಾರಕ್ಕಿ,neighbourhood,12.9087511,77.5798635,osm-places-2026-09
node/1132756443,Mavatturu,ಮಾವತ್ತೂರು,village,13.4500883,77.3325872,osm-places-2026-09
node/1134502257,Devarayanadurga,ದೇವರಾಯನ ದುರ್ಗ,village,13.3726702,77.2075933,osm-places-2026-09
node/11423253044,Mathru Layout,ಮಾತೃ ಬಡಾವಣೆ,neighbourhood,13.0970606,77.5748438,osm-places-2026-09
node/11438633051,BEL Layout,ಬಿಇಎಲ್ ಲೇಔಟ್,quarter,13.0729675,77.554357,osm-places-2026-09
node/11448931999,LIG 3rd Stage,,neighbourhood,13.096158,77.5776681,osm-places-2026-09
node/11472015231,Ashraya Layout,,neighbourhood,12.9858241,77.7054539,osm-places-2026-09
node/11475161450,Shanubhoganahalli,ಶಾನುಭೋಗನಹಳ್ಳಿ,village,12.8271011,77.5611484,osm-places-2026-09
node/11518167879,AKG Colony,,neighbourhood,12.9819454,77.7619868,osm-places-2026-09
node/11518167880,VS Reddy Colony,,neighbourhood,12.9911506,77.7640629,osm-places-2026-09
node/11518309802,Navrathna Agrahara,ನವರತ್ನ ಅಗ್ರಹಾರ,village,13.1998803,77.6349682,osm-places-2026-09
node/11520857374,Narayanapura,,hamlet,13.162786,77.601462,osm-places-2026-09
node/11536170592,Seegehalli,ಸೀಗೆಹಳ್ಳಿ,village,13.0164845,77.71748,osm-places-2026-09
node/11547008940,Channahalli,,hamlet,13.1792446,77.6210099,osm-places-2026-09
node/11547018157,Maranayakanahalli,ಮಾರನಾಯಕನಹಳ್ಳಿ,neighbourhood,13.1681426,77.6476496,osm-places-2026-09
node/11547019657,Razak Palya,,neighbourhood,13.1494449,77.6586842,osm-places-2026-09
node/11554651483,Kaikondrahalli,ಕೈಕೊಂಡ್ರಹಳ್ಳಿ,quarter,12.9138348,77.6775268,osm-places-2026-09
node/11564938632,Kadiganahalli,,hamlet,13.1684639,77.6284263,osm-places-2026-09
node/11584482261,N Thyagaraju Layout,,neighbourhood,13.0008352,77.6315922,osm-places-2026-09
node/11594237409,Sector 5,ಸೆಕ್ಟರ್ ೫,quarter,12.9178503,77.6352346,osm-places-2026-09
node/11594317104,Further Extension,,neighbourhood,12.9660017,77.4906921,osm-places-2026-09
node/11594317105,6th Block,,neighbourhood,12.9601467,77.4758433,osm-places-2026-09
node/11594317106,5th Block,,neighbourhood,12.9599794,77.4821948,osm-places-2026-09
node/11594317107,4th Block,,neighbourhood,12.9444211,77.4752425,osm-places-2026-09
node/11594317108,3rd Block,,neighbourhood,12.9445884,77.4822806,osm-places-2026-09
node/11594317109,2nd Block,,neighbourhood,12.9331281,77.471981,osm-places-2026-09
node/11594317110,1st Block,,neighbourhood,12.9312041,77.4791907,osm-places-2026-09
node/11598166626,Adisanahatty,,hamlet,12.7777226,77.7157187,osm-places-2026-09
node/11613188572,Anand Nagar Colony,,neighbourhood,13.0313386,77.5906312,osm-places-2026-09
node/11618114061,JP Nagar 4th Phase,ಜೆಪಿನಗರ ೪ನೇ ಹಂತ,quarter,12.9046372,77.5976425,osm-places-2026-09
node/11622003974,HRBR Layout 1st Block,ಎಚ್‌ಆರ್‌ಬಿಆರ್ ಲೇಔಟ್,quarter,13.0198092,77.6452517,osm-places-2026-09
node/11622003975,HRBR Layout 2nd Block,ಎಚ್‌ಆರ್‌ಬಿಆರ್ ಲೇಔಟ್,quarter,13.02404,77.6400268,osm-places-2026-09
node/11622003976,HRBR Layout 1st Block,ಎಚ್ರ್‌ಬಿಆರ್ ಲೇಔಟ್ ೧ನೇ ಬ್ಲಾಕ್,quarter,13.0204703,77.6241642,osm-places-2026-09
node/11622003978,HBR Layout 3rd Block,ಎಚ್‌ಬಿಆರ್ ಲೇಔಟ್ ೩ನೇ ಬ್ಲಾಕ್,quarter,13.0279415,77.6282197,osm-places-2026-09
node/11622003979,HBR Layout 4th Block,ಎಚ್‌ಬಿಆರ್ ಲೇಔಟ್ ೪ನೇ ಬ್ಲಾಕ್,quarter,13.0340406,77.6309958,osm-places-2026-09
node/11646025951,Thayappana Doddi,ತಾಯಪ್ಪನ ದೊಡ್ಡಿ,village,12.7116968,77.4266946,osm-places-2026-09
node/11652617756,D'Costa Square,,neighbourhood,13.0040769,77.6236546,osm-places-2026-09
node/11652617757,Balaji Layout,ಬಾಲಾಜಿ ಲೇಔಟ್,neighbourhood,13.0014635,77.6236439,osm-places-2026-09
node/11652617758,Lazar Layout,ಲಾಜರ್ ಬಡಾವಣೆ,neighbourhood,13.0015994,77.6198459,osm-places-2026-09
node/11652617759,Chinnappa Garden,,neighbourhood,13.0049027,77.5986993,osm-places-2026-09
node/11652617760,Munireddypalya,,quarter,13.0070771,77.6004052,osm-places-2026-09
node/11652617761,SK Garden,,neighbourhood,13.0045682,77.6069927,osm-places-2026-09
node/11652617762,Marappa Garden,,neighbourhood,13.0067007,77.603538,osm-places-2026-09
node/11652617763,Anjanappa Garden,,neighbourhood,13.0082479,77.6001048,osm-places-2026-09
node/11652617764,Anchappa Garden,,neighbourhood,13.0100563,77.59606,osm-places-2026-09
node/11652617765,Upper Palace Orchard,,neighbourhood,13.0074952,77.5810289,osm-places-2026-09
node/11652617766,Rajajinagar 4M Block,ರಾಜಜಿನಗರ ೪ನೇ ಬ್ಲಾಕ್,neighbourhood,12.982097,77.5578707,osm-places-2026-09
node/11652675948,Dinnur,ದಿನ್ನೂರು,neighbourhood,13.0229555,77.6032161,osm-places-2026-09
node/11652753088,Jayanagar 3 East Block,,quarter,12.93157,77.5886035,osm-places-2026-09
node/11652753116,NR Colony,,neighbourhood,12.9388164,77.568326,osm-places-2026-09
node/11652753117,Jayanagar 1st Block,ಜಯನಗರ ೩ನೇ ಬ್ಲಾಕ್,quarter,12.9418488,77.5868976,osm-places-2026-09
node/11652753118,Jayanagar 2nd Block,ಜಯನಗರ ೩ನೇ ಬ್ಲಾಕ್,quarter,12.9399039,77.5826382,osm-places-2026-09
node/11652753120,Hosakerehalli Layout,,neighbourhood,12.934592,77.5423407,osm-places-2026-09
node/11689969342,Siddapura,ಸಿದ್ದಾಪುರ,neighbourhood,12.9464207,77.5920877,osm-places-2026-09
node/1170262388,Ramagondanahalli,ರಾಮಗೊಂಡನಹಳ್ಳಿ,quarter,12.9558969,77.7405826,osm-places-2026-09
node/11710396246,Chikkabellanduru,ಚಿಕ್ಕ ಬೆಳ್ಳಂದೂರು,quarter,12.912904,77.7161372,osm-places-2026-09
node/11726861076,MCHS Colony,,neighbourhood,12.9155733,77.6264629,osm-places-2026-09
node/11726921124,MCHS Colony,,neighbourhood,12.9138792,77.6391631,osm-places-2026-09
node/11738125027,OMBR Layout,,neighbourhood,13.0082113,77.652778,osm-places-2026-09
node/11745792240,Kirloskar Colony,,neighbourhood,12.9993557,77.5396827,osm-places-2026-09
node/11745822081,Gongadipura,,neighbourhood,12.9765061,77.4575815,osm-places-2026-09
node/11745822098,Chikka Kodigehalli,,neighbourhood,12.9721824,77.4650139,osm-places-2026-09
node/11758553976,Madeena Nagar,,neighbourhood,12.9067393,77.6099861,osm-places-2026-09
node/11773086779,Dwaraka Nagar,,neighbourhood,13.1208483,77.6186871,osm-places-2026-09
node/11773440438,Bangarappa Nagar,ಬಂಗಾರಪ್ಪ ನಗರ,neighbourhood,12.9250188,77.5276422,osm-places-2026-09
node/11773801243,RHB Colony,,neighbourhood,12.9938608,77.6969701,osm-places-2026-09
node/11774065733,Fatima Layout,,neighbourhood,13.0487624,77.6267123,osm-places-2026-09
node/11777696136,Ilyas Nagar,,neighbourhood,12.9070386,77.569309,osm-places-2026-09
node/11778631761,Pillaganahlli,,neighbourhood,12.8472785,77.581898,osm-places-2026-09
node/11801508329,JHBCS Layout,,neighbourhood,12.9122113,77.564076,osm-places-2026-09
node/11801880275,Kumaraswamy Layout 1st Stage,,neighbourhood,12.9078373,77.5637984,osm-places-2026-09
node/11801880276,Kumaraswamy Layout 2nd Stage,,neighbourhood,12.9059,77.5580746,osm-places-2026-09
node/11801911781,Vikram Nagar,,neighbourhood,12.8994971,77.5613308,osm-places-2026-09
node/11801911782,Chandra Nagar,,neighbourhood,12.9008645,77.5631064,osm-places-2026-09
node/11801945155,Bendre Nagar,,neighbourhood,12.910206,77.5639218,osm-places-2026-09
node/11801945156,Minaz Nagara,,neighbourhood,12.9119432,77.5617023,osm-places-2026-09
node/11808848173,Kempanahalli,,neighbourhood,13.1113607,77.5569963,osm-places-2026-09
node/11808848174,Vaderahalli,,neighbourhood,13.0949471,77.5383791,osm-places-2026-09
node/11808848182,Guni Agrahara,,neighbourhood,13.0980951,77.525062,osm-places-2026-09
node/11808848195,Kalathammanahalli,,neighbourhood,13.1042369,77.5165942,osm-places-2026-09
node/11812207736,Shamanna Reddy Layout,,neighbourhood,12.9705428,77.6932286,osm-places-2026-09
node/11817854571,Yashoda Nagar,,neighbourhood,13.0782791,77.5921065,osm-places-2026-09
node/11821173928,Kogilu,,quarter,13.103973,77.6167721,osm-places-2026-09
node/11837312647,MLA Layout,,neighbourhood,13.0179119,77.5906795,osm-places-2026-09
node/11871561131,Army Welfhare Housing,,neighbourhood,13.1542402,77.6400268,osm-places-2026-09
node/11878402414,Doddagollahalli,,hamlet,13.2949669,77.6186871,osm-places-2026-09
node/11880571706,Subramanya Nagar 2nd Stage,,neighbourhood,13.0071764,77.5559556,osm-places-2026-09
node/11880637076,Prakruthi Nagar,,neighbourhood,13.0978966,77.6157367,osm-places-2026-09
node/11881214606,Gollahalli,,hamlet,13.151362,77.7249402,osm-places-2026-09
node/11909184803,Chikka Dasarahalli,,hamlet,12.8902939,77.783997,osm-places-2026-09
node/11909184804,Ittangur,,hamlet,12.88154,77.7892434,osm-places-2026-09
node/1192792025,Bommasandra,ಬೊಮ್ಮಸಂದ್ರ,suburb,12.8162443,77.6916113,osm-places-2026-09
node/11932360084,Kaveri Layout,,neighbourhood,13.0960152,77.5599278,osm-places-2026-09
node/11934393115,Madappanahalli,,hamlet,13.1546895,77.5400233,osm-places-2026-09
node/11934393116,Linganahalli,,hamlet,13.1556611,77.5232005,osm-places-2026-09
node/11934393143,Mylappanahalli,,hamlet,13.1373359,77.535249,osm-places-2026-09
node/11936590925,Harohalli,,hamlet,13.1305028,77.5804603,osm-places-2026-09
node/11936729035,Gollahalli,ಗೊಲ್ಲಹಳ್ಳಿ,hamlet,12.8758817,77.8744653,osm-places-2026-09
node/11939488116,A Ranganathapura,,village,13.3263486,77.7965493,osm-places-2026-09
node/11969539839,Pramodha Layout,,neighbourhood,12.9361971,77.5278756,osm-places-2026-09
node/11987328050,Kenchenahalli,,neighbourhood,12.9267912,77.5132978,osm-places-2026-09
node/11987347815,Ideal Homes Layout,,neighbourhood,12.9326889,77.5142956,osm-places-2026-09
node/12025549876,Rabbanahalli Village,,village,13.3219196,77.6335734,osm-places-2026-09
node/12031544035,Chikkabommasandra,ಚಿಕ್ಕಬೊಮ್ಮಸಂದ್ರ,neighbourhood,13.0916685,77.5803933,osm-places-2026-09
node/12032654131,Doctors Layout,,neighbourhood,13.0053365,77.6581854,osm-places-2026-09
node/12040963494,Sir M. Visvesvaraya Layout,,neighbourhood,12.8819431,77.6728073,osm-places-2026-09
node/12043568634,Marasandra,,village,13.223632,77.5496042,osm-places-2026-09
node/12043756140,Kadathanamale,,village,13.2096988,77.5459134,osm-places-2026-09
node/12047214010,TC Palya,,suburb,13.0226152,77.7057327,osm-places-2026-09
node/12049114064,Karthik Nagar,,quarter,12.9693761,77.6996751,osm-places-2026-09
node/12061099245,Royal Residency Layout,,neighbourhood,12.8811713,77.6119816,osm-places-2026-09
node/12072115028,Thimmanayakananalli,ತಿಮ್ಮನಾಯಕನಹಳ್ಳಿ,hamlet,12.7033475,77.3243308,osm-places-2026-09
node/12072115029,Dasarahalli,ದಾಸರಹಳ್ಳಿ,hamlet,12.6971985,77.3207044,osm-places-2026-09
node/12072115030,Dasegaudanadoddi,ದಾಸೇಗೌಡನದೊಡ್ಡಿ,hamlet,12.7112232,77.3253822,osm-places-2026-09
node/12072115031,Tumbenahalli,ತುಂಬೇನಹಳ್ಳಿ,village,12.7151165,77.3461103,osm-places-2026-09
node/12072185386,Vadderaadoddi,,hamlet,12.7475582,77.3248672,osm-places-2026-09
node/12072185387,Basavanapura,ಬಸವನಪುರ,hamlet,12.7419178,77.3191166,osm-places-2026-09
node/12073167139,Tunga Nagar,,neighbourhood,12.9918039,77.4850273,osm-places-2026-09
node/12095364735,SHBCS Layout,,neighbourhood,12.928663,77.639603,osm-places-2026-09
node/12104424609,JK Pura,,neighbourhood,12.9513932,77.6007103,osm-places-2026-09
node/12107512071,Achaiah Chetty Layout,,neighbourhood,13.0134746,77.5830111,osm-places-2026-09
node/12107537237,MLA Layout,,neighbourhood,13.0418249,77.5638494,osm-places-2026-09
node/12107621914,Rajajinagara 1st N Block,,neighbourhood,13.0051771,77.5523052,osm-places-2026-09
node/12115115077,Kempapure,,hamlet,13.0961521,77.4998062,osm-places-2026-09
node/12120352167,Srikantan Layout,,neighbourhood,12.9880639,77.5820053,osm-places-2026-09
node/12123440858,Electronic City,ಇಲೆಕ್ಟ್ರಾನಿಕ್ ಸಿಟಿ,town,12.8436448,77.6686835,osm-places-2026-09
node/12150911601,Gorkamantapalya,,neighbourhood,12.9763286,77.6645583,osm-places-2026-09
node/12150911602,Nagavarapalaya,,neighbourhood,12.9898882,77.6640138,osm-places-2026-09
node/12150911631,Byrasandra,ಬೈರಸಂದ್ರ,neighbourhood,12.9822173,77.6657841,osm-places-2026-09
node/12161093396,Kankanpalya,ಕಂಕನಪಾಳ್ಯ,neighbourhood,12.9421193,77.5839833,osm-places-2026-09
node/12161142137,Chinnayanapalya,ಚಿನ್ನಯ್ಯನಪಾಳ್ಯ,neighbourhood,12.9479159,77.6009079,osm-places-2026-09
node/12161142138,Pudupadacheri,,neighbourhood,12.9597921,77.6004437,osm-places-2026-09
node/12174147910,D'Souza Nagar,,neighbourhood,12.9321399,77.5326392,osm-places-2026-09
node/12210283198,Abbaiah Reddy Layout,,neighbourhood,12.9792262,77.680936,osm-places-2026-09
node/12215405971,Krishnappa Garden,,neighbourhood,12.9774564,77.6593253,osm-places-2026-09
node/12248633336,Perandapalli,,village,12.7123726,77.889381,osm-places-2026-09
node/12252173604,Geleyara Balaga Layout,,neighbourhood,13.0712823,77.5061497,osm-places-2026-09
node/12257828361,Soundarya Layout,,neighbourhood,13.066906,77.4967968,osm-places-2026-09
node/12273251696,Muniswamappa Layout,,neighbourhood,13.0441126,77.4903689,osm-places-2026-09
node/12288219219,Defence Layout,,neighbourhood,13.0598706,77.5851779,osm-places-2026-09
node/12298364843,LRDE Layout,,neighbourhood,12.9691435,77.7000388,osm-places-2026-09
node/12300691416,Alfa Gardens,,neighbourhood,13.0065256,77.7205333,osm-places-2026-09
node/12303226246,Mavallipura,,village,13.1277392,77.5292462,osm-places-2026-09
node/1232740569,Eshwara Layout,ಈಶ್ವರ ಬಡಾವಣೆ,neighbourhood,12.9743818,77.6337669,osm-places-2026-09
node/1232740599,LBS Nagar,ಎಲ್ ಬಿ ಎಸ್ ನಗರ,neighbourhood,12.9764755,77.6322716,osm-places-2026-09
node/1232839896,Dollars Colony,ಡಾಲರ್ಸ್ ಕಾಲೋನಿ,neighbourhood,13.0413668,77.5678155,osm-places-2026-09
node/1232882583,Nagashettyhalli,ನಾಗಶೆಟ್ಟಿಹಳ್ಳಿ,quarter,13.046814,77.5736828,osm-places-2026-09
node/1232919267,Bhoopasandra,ಭೂಪಸಂದ್ರ,quarter,13.0420008,77.5782619,osm-places-2026-09
node/12343238242,MSR Layout,,neighbourhood,12.9519005,77.701236,osm-places-2026-09
node/12366318056,Nelagedaranahalli,,neighbourhood,13.0308565,77.5047107,osm-places-2026-09
node/12367522144,Hanuman Nagar,,neighbourhood,12.9700949,77.6561147,osm-places-2026-09
node/12381740168,Kalasthipuram,,village,12.7853736,77.8574788,osm-places-2026-09
node/12432287594,Junnasandra,ಜುನ್ನಾಸಂದ್ರ,neighbourhood,12.9064203,77.6835161,osm-places-2026-09
node/12432287595,Halanayakanahalli,,neighbourhood,12.9007312,77.6876065,osm-places-2026-09
node/12441154157,Thimanahalli,,neighbourhood,12.9768749,77.5369629,osm-places-2026-09
node/12441386569,Arkavathy Layout 17th Block,,neighbourhood,13.0560811,77.6411292,osm-places-2026-09
node/12441386574,Arkavathy Layout 5th Block,,neighbourhood,13.0634049,77.6405632,osm-places-2026-09
node/12441715408,Arkavathy Layout 11th Block,,neighbourhood,13.0596973,77.6260981,osm-places-2026-09
node/12450827690,NeoTown,,neighbourhood,12.8221373,77.6605511,osm-places-2026-09
node/12456008471,Ferrar Nagar,,neighbourhood,13.1164358,77.5642942,osm-places-2026-09
node/12458448933,GarvebhaviPalya,,neighbourhood,12.8950661,77.6345825,osm-places-2026-09
node/12459196485,Papaiah Layout,,neighbourhood,13.0271602,77.6548058,osm-places-2026-09
node/12464856195,Yarappana Bande,,neighbourhood,13.0945448,77.6834679,osm-places-2026-09
node/12468364695,Hennur,ಹೆಣ್ಣೂರು,suburb,13.037077,77.6413572,osm-places-2026-09
node/12508633929,Ganigarapalya,,neighbourhood,12.8731989,77.5317085,osm-places-2026-09
node/12511444266,Jai Bheema Nagar,,neighbourhood,12.9194294,77.6169759,osm-places-2026-09
node/12511863424,Vasanthapura,,neighbourhood,12.8982552,77.5498322,osm-places-2026-09
node/12532200073,Geetha Colony,,neighbourhood,12.9297257,77.5854935,osm-places-2026-09
node/12547095010,Telecom Layout 10th Block,,neighbourhood,13.0411786,77.6297222,osm-places-2026-09
node/12550749897,Bhovi Palya,,hamlet,13.2093776,77.6073253,osm-places-2026-09
node/12555503611,Chambenahalli,,hamlet,12.8805098,77.7627915,osm-places-2026-09
node/12555764495,Chikka Kammanahalli,ಚಿಕ್ಕ ಕಾಮನಗಳ್ಳಿ,neighbourhood,12.8487154,77.5998983,osm-places-2026-09
node/12555786507,IDBI Layout,,neighbourhood,12.861657,77.5861144,osm-places-2026-09
node/12555786567,Kalena Agrahara,,neighbourhood,12.8658068,77.5911918,osm-places-2026-09
node/12555786568,Dodda Kammanahalli,ದೊಡ್ಡ ಕಾಮನಗಳ್ಳಿ,neighbourhood,12.8583256,77.5992545,osm-places-2026-09
node/12617700138,Karlapura,,hamlet,13.198794,77.4884283,osm-places-2026-09
node/12617700252,Bandaiahana Palya,,hamlet,13.1763197,77.4531519,osm-places-2026-09
node/12629973368,BHCS Layout,,neighbourhood,12.9013482,77.5283825,osm-places-2026-09
node/12630280575,KFSC Layout,,neighbourhood,13.0123352,77.6331469,osm-places-2026-09
node/12643846128,CQAL Layout,,neighbourhood,13.107164,77.5682911,osm-places-2026-09
node/12656262841,B Channasandra,,neighbourhood,13.0099152,77.6602721,osm-places-2026-09
node/12657922332,Chikka Banasawadi,,neighbourhood,13.0071136,77.6470247,osm-places-2026-09
node/12657922333,Subbayanapalya,,neighbourhood,13.0081041,77.641848,osm-places-2026-09
node/12657922334,Saitpalya,,neighbourhood,13.0115982,77.629416,osm-places-2026-09
node/12657922335,Kariyannanapalya,,neighbourhood,13.0141331,77.6286113,osm-places-2026-09
node/12672580967,Janatha Colony,,neighbourhood,12.8694807,77.6960796,osm-places-2026-09
node/12675443759,Subbarayappana Palya,,neighbourhood,12.8791658,77.4200749,osm-places-2026-09
node/12704524925,Kasturi Nagar 2nd Stage,,neighbourhood,13.0014412,77.6618586,osm-places-2026-09
node/12712362612,Jai Jawan Nagar,,neighbourhood,13.0071751,77.642654,osm-places-2026-09
node/12765434578,RMS Colony,,neighbourhood,13.0395646,77.5767307,osm-places-2026-09
node/12770513049,Gurudarshan Layout,,neighbourhood,13.0719654,77.5610766,osm-places-2026-09
node/12772730586,Chamundeshwari Layout,ಚಾಮುಂಡೇಶ್ವರಿ ಲೇಔಟ್,neighbourhood,13.0667714,77.5555723,osm-places-2026-09
node/1278162245,Venkatpura,ವೆಂಕಟಪುರ,neighbourhood,12.9225582,77.6344738,osm-places-2026-09
node/1278162259,ST Bed Layout,ಎಸ್‌ಟಿ ಬೆಡ್ ಲೇಔಟ್,neighbourhood,12.9347699,77.6324307,osm-places-2026-09
node/12794021936,Vaishnavi Layout,,neighbourhood,13.0768415,77.5529965,osm-places-2026-09
node/12797123072,AMS Layout,,neighbourhood,13.0877316,77.5585759,osm-places-2026-09
node/12797203925,Paakegowdanapalya,,neighbourhood,13.1145032,77.5105485,osm-places-2026-09
node/12797203931,Chikka Byalakere,,hamlet,13.1196676,77.5214088,osm-places-2026-09
node/12805665230,Narasipura Layout,,neighbourhood,13.0822398,77.5604872,osm-places-2026-09
node/12805665231,HMT Layout,ಎಚ್ಎಂಟಿ ಲೇಔಟ್,neighbourhood,13.0847453,77.5625432,osm-places-2026-09
node/12805665474,HMT Colony,,neighbourhood,13.0837969,77.5575408,osm-places-2026-09
node/12806337002,Nagasandra,,suburb,13.0409678,77.5004286,osm-places-2026-09
node/12816045429,Banashankari,,suburb,12.9278196,77.556621,osm-places-2026-09
node/12817175844,Nadaprabhu Kempegowda Layout,,suburb,12.9189209,77.4518795,osm-places-2026-09
node/12820381008,Byraveshwara Nagara,,neighbourhood,13.0373801,77.491124,osm-places-2026-09
node/12820381011,Venugopala Nagara,,neighbourhood,13.0397318,77.4939859,osm-places-2026-09
node/12827725975,Chinnanna Layout,,neighbourhood,13.0256105,77.6110603,osm-places-2026-09
node/12833132934,Cholanayakanahalli,,neighbourhood,13.0364498,77.5975272,osm-places-2026-09
node/12833133744,RBI Colony,,neighbourhood,13.0287777,77.5885498,osm-places-2026-09
node/12836271367,Krishnappa Block,,neighbourhood,13.0201254,77.5900049,osm-places-2026-09
node/12850046729,Dollar Scheme Colony,,neighbourhood,12.9181537,77.6195361,osm-places-2026-09
node/12850079672,Sri Sai Layout,,neighbourhood,13.0395959,77.64454,osm-places-2026-09
node/1285911548,Nagarabhavi,ನಾಗರಭಾವಿ,suburb,12.9664182,77.5130777,osm-places-2026-09
node/1285970570,NGEF Layout,ಎನ್‌ಜಿಇಎಫ್ ಲೇಔಟ್,neighbourhood,12.9592694,77.5093895,osm-places-2026-09
node/12875676574,Balaji Layout,,neighbourhood,12.9263886,77.6068291,osm-places-2026-09
node/12887221981,Chamundi Nagara,,neighbourhood,13.0341222,77.5993048,osm-places-2026-09
node/12887357405,7th Block,,quarter,12.9203863,77.4446976,osm-places-2026-09
node/12887368987,Hunasemaradapalya,,neighbourhood,12.9155759,77.4444991,osm-places-2026-09
node/12901667664,Rahat Bagh,,neighbourhood,12.9914863,77.6613684,osm-places-2026-09
node/12944083413,Nehru Nagar,,neighbourhood,12.9869634,77.5755584,osm-places-2026-09
node/12948806709,Jogi Colony,,neighbourhood,12.9309178,77.6128131,osm-places-2026-09
node/12951136086,Sector 5,ಸೆಕ್ಟರ್ ೫,quarter,13.1104725,77.5215268,osm-places-2026-09
node/12951405529,Sector 9,ಸೆಕ್ಟರ್ ೯,quarter,13.1015488,77.5126863,osm-places-2026-09
node/12951405530,Sector 8,ಸೆಕ್ಟರ್ ೮,quarter,13.0932517,77.5084591,osm-places-2026-09
node/12951405531,Sector 7,ಸೆಕ್ಟರ್ ೭,quarter,13.0892598,77.5247669,osm-places-2026-09
node/12951405532,Sector 6,ಸೆಕ್ಟರ್ ೬,quarter,13.0997723,77.5301099,osm-places-2026-09
node/12951405533,Sector 4,ಸೆಕ್ಟರ್ ೪,quarter,13.1065018,77.534616,osm-places-2026-09
node/12951405534,Sector 3,ಸೆಕ್ಟರ್ ೩,quarter,13.1007755,77.5514388,osm-places-2026-09
node/12951405535,Sector 2,ಸೆಕ್ಟರ್ ೨,quarter,13.1096888,77.5543946,osm-places-2026-09
node/12951405536,Sector 1,ಸೆಕ್ಟರ್ ೧,quarter,13.1235755,77.5589168,osm-places-2026-09
node/12977362841,Viniyaka Layout,,neighbourhood,13.1337747,77.4709879,osm-places-2026-09
node/12981491766,Channama Layout,,neighbourhood,12.9791406,77.7126762,osm-places-2026-09
node/12994644712,Sarovara Layout,,neighbourhood,13.0531468,77.5815573,osm-places-2026-09
node/13008635705,Bestcounty2,,neighbourhood,13.0929046,77.5442803,osm-places-2026-09
node/13033330827,MCHS Layout,,neighbourhood,13.0734404,77.6053029,osm-places-2026-09
node/13037016627,Ramaswami Layout,,neighbourhood,12.9373974,77.7499679,osm-places-2026-09
node/13068033897,Maruthi Layout,ಮಾರುತಿ ಬಡಾವಣೆ,neighbourhood,12.9204015,77.6067432,osm-places-2026-09
node/13070773912,KPC Layout,,neighbourhood,12.9041861,77.6778517,osm-places-2026-09
node/13087212628,Dodda Cheemanahalli,,village,13.2462012,77.6211655,osm-places-2026-09
node/13099742332,Muneshwara Layout,ಮುನೇಶ್ವರ ಬಡಾವಣೆ,neighbourhood,13.0181811,77.67165,osm-places-2026-09
node/13121044337,Balaji Layout Phase 2,ಬಾಲಾಜಿ ಲೇಔಟ್,neighbourhood,13.1256547,77.6391095,osm-places-2026-09
node/13142973148,Dasanayakanahalli,,hamlet,13.1179122,77.6887357,osm-places-2026-09
node/13180542767,Brundavana Layout,,neighbourhood,13.0012265,77.4391673,osm-places-2026-09
node/13180542768,Balaji Layout,,neighbourhood,12.9989589,77.4393943,osm-places-2026-09
node/13245148756,Anjanapura 10th Block,,neighbourhood,12.8559982,77.5703537,osm-places-2026-09
node/13245148757,Anjanapura 9th Block,,neighbourhood,12.8566677,77.5670063,osm-places-2026-09
node/13245148758,Anjanapura 8th Block,,neighbourhood,12.8588433,77.5549257,osm-places-2026-09
node/13245148759,Anjanapura 7th Block,,neighbourhood,12.8623159,77.5544965,osm-places-2026-09
node/13245148760,Anjanapura 6th Block,,neighbourhood,12.8536761,77.5518358,osm-places-2026-09
node/13245148761,Anjanapura 3rd Block,,neighbourhood,12.8644392,77.5557411,osm-places-2026-09
node/13245148762,Anjanapura 5th Block,,neighbourhood,12.8576509,77.5584447,osm-places-2026-09
node/13245148763,Anjanapura 4th Block,,neighbourhood,12.8586864,77.5597215,osm-places-2026-09
node/13245148764,Anjanapura 2nd Block,,neighbourhood,12.8628703,77.5498187,osm-places-2026-09
node/13245148765,Anjanapura 1st Block,,neighbourhood,12.8588538,77.5477588,osm-places-2026-09
node/13284716268,Syed Block,,neighbourhood,12.9659706,77.6744108,osm-places-2026-09
node/13286934138,Gandhi Circle,,neighbourhood,12.9400923,77.7468721,osm-places-2026-09
node/13287526782,NGEF Layout,,neighbourhood,13.0377211,77.5751455,osm-places-2026-09
node/13287549690,Sulikere Palya,,neighbourhood,12.9451582,77.4485815,osm-places-2026-09
node/13287549694,Halebyrohalli,ಹಳೇ ಬೈರೋಹಳ್ಳಿ,neighbourhood,12.9238424,77.4493378,osm-places-2026-09
node/13288611810,Palanahalli,,neighbourhood,13.1163349,77.6146643,osm-places-2026-09
node/13296279145,Talacauvery Layout,ತಲಕಾವೇರಿ ಬಡಾವಣೆ,neighbourhood,12.9672445,77.6803457,osm-places-2026-09
node/13316652691,Kasavanahalli,ಕಸವನಹಳ್ಳಿ,suburb,12.8977737,77.6745075,osm-places-2026-09
node/13325810057,Akshaya Nagar,,neighbourhood,13.0985378,77.5656142,osm-places-2026-09
node/13325810058,Tirumala Nagar,,neighbourhood,13.0985808,77.5637894,osm-places-2026-09
node/13325951415,Srinivas Nagar,,neighbourhood,12.9363569,77.554129,osm-places-2026-09
node/13342712943,Panathur Dinne,,neighbourhood,12.9308276,77.7123874,osm-places-2026-09
node/13377519121,GJM Sai Garden Layout,,neighbourhood,12.9524185,77.7178296,osm-places-2026-09
node/13391097191,Maruthi House Building Co-operative Society Layout,,neighbourhood,12.9977407,77.5418368,osm-places-2026-09
node/13391097192,Bhimajyothi LIC HBCS Layout,,neighbourhood,12.9980709,77.5414636,osm-places-2026-09
node/13391115175,Waseem Layout,,neighbourhood,13.1056449,77.6267338,osm-places-2026-09
node/13391115176,Fakir Colony,,neighbourhood,13.1061674,77.6285684,osm-places-2026-09
node/13410279752,Amuthugondapalli,,village,12.8154891,77.9523861,osm-places-2026-09
node/13410279753,Karnapalli,,village,12.808192,77.9482394,osm-places-2026-09
node/13410962376,Ramapura,ರಾಮಪುರ,village,12.9425336,77.9408419,osm-places-2026-09
node/13415260807,Chudagondahalli,ಚೂಡಗೊಂಡಹಳ್ಳಿ,village,12.9412684,77.9011238,osm-places-2026-09
node/13415260808,Koduru,,village,12.942748,77.8933105,osm-places-2026-09
node/13415315599,Ambedkar Colony,,neighbourhood,12.9708934,77.6951918,osm-places-2026-09
node/13415315696,Wasa Layout,,neighbourhood,12.9706019,77.6981476,osm-places-2026-09
node/13415714173,Lingadhira Mallasandra,ಲಿಂಗಧೀರ ಮಲ್ಲಸಂದ್ರ,hamlet,12.9789136,77.8705251,osm-places-2026-09
node/13417376503,Chettupalya,,neighbourhood,12.896025,77.4852955,osm-places-2026-09
node/13420680785,Brooke Bond,,neighbourhood,12.9635616,77.7493148,osm-places-2026-09
node/13459669164,Hollywood Town,,neighbourhood,13.2082365,77.6357943,osm-places-2026-09
node/13472646799,Pai Layout,,neighbourhood,12.993111,77.6666772,osm-places-2026-09
node/13473734374,Gangappa Layout,,neighbourhood,12.9928585,77.6698294,osm-places-2026-09
node/13503143526,Vasanthappa Block,,neighbourhood,13.0258705,77.588633,osm-places-2026-09
node/13503228646,Green Leaf Layout,,neighbourhood,12.9352939,77.6294703,osm-places-2026-09
node/13503228657,Chandra Reddy Layout,,neighbourhood,12.9352292,77.6301,osm-places-2026-09
node/1350382373,Gumalapura,ಗುಮಲಪುರ,village,12.6551048,77.6663702,osm-places-2026-09
node/13544693191,Badrappa Layout,ಭದ್ರಪ್ಪ ಬಡಾವಣೆ,quarter,13.0514401,77.576034,osm-places-2026-09
node/13630287403,Kasavanahalli,,neighbourhood,12.9108663,77.680004,osm-places-2026-09
node/13649823144,1st Block,,quarter,12.9753276,77.4574756,osm-places-2026-09
node/13649823145,2nd Block,,quarter,12.9629487,77.4598789,osm-places-2026-09
node/13649823146,9th Block,,quarter,12.9555043,77.4415111,osm-places-2026-09
node/13649823147,8th Block,,quarter,12.9433754,77.4414253,osm-places-2026-09
node/13649823148,3rd Block,,quarter,12.9423716,77.4569606,osm-places-2026-09
node/13649823149,4th Block,,quarter,12.9277324,77.4581623,osm-places-2026-09
node/13649823150,6th Block,,quarter,12.9025509,77.4436569,osm-places-2026-09
node/13649823151,5th Block,,quarter,12.912172,77.4592781,osm-places-2026-09
node/1368829011,Nallurahalli,ನಲ್ಲೂರಹಳ್ಳಿ,quarter,12.9696615,77.7345023,osm-places-2026-09
node/13690404260,N. G. R. Layout,,neighbourhood,12.9119629,77.6223618,osm-places-2026-09
node/1370044733,Green Domain Layout,ಗ್ರೀನ್ ಡೊಮೆನ್ ಲೇಔಟ್,neighbourhood,12.9728468,77.7148942,osm-places-2026-09
node/13705186929,Maruthi Layout,,neighbourhood,12.9631181,77.7082171,osm-places-2026-09
node/13706213031,Thubarahalli Palya,,neighbourhood,12.9601044,77.7227717,osm-places-2026-09
node/13706426674,Nanjappa Layout,ನೆಂಜಪ್ಪ ಲೆಔಟ್,neighbourhood,13.0682587,77.5566819,osm-places-2026-09
node/13715420718,MEG Layout,,neighbourhood,12.9922767,77.677326,osm-places-2026-09
node/13730658983,LBS Nagar,,neighbourhood,13.0657381,77.6400483,osm-places-2026-09
node/13730669017,Arkavathy Layout 6th Block,,neighbourhood,13.064403,77.6376986,osm-places-2026-09
node/13730702947,Kanakashree Layout,,neighbourhood,13.0517881,77.6542613,osm-places-2026-09
node/13730702956,Evergreen Layout,,neighbourhood,13.0581531,77.6504338,osm-places-2026-09
node/13748576550,Kothnur Lake View Layout,,neighbourhood,12.8718026,77.5785586,osm-places-2026-09
node/13779003647,Wellington Paradise Layout,,neighbourhood,12.8785082,77.6408228,osm-places-2026-09
node/13781004741,Megacity Layout,,neighbourhood,13.0303273,77.6935503,osm-places-2026-09
node/13808285507,Ramanna Gardens,,neighbourhood,13.0650738,77.5548354,osm-places-2026-09
node/13824044004,Begepalli,,suburb,12.7794102,77.7998771,osm-places-2026-09
node/13824044005,Dinnur,,suburb,12.7174516,77.8172752,osm-places-2026-09
node/13824044006,Anthivadi,,neighbourhood,12.7133092,77.8008277,osm-places-2026-09
node/13824044007,Onnalvadi,,village,12.684567,77.8600384,osm-places-2026-09
node/13824044008,Karapalli,,village,12.7024755,77.8470919,osm-places-2026-09
node/13824044009,Bathalapalli,,suburb,12.7224273,77.8617188,osm-places-2026-09
node/13824044010,Sipcot Phase-II,,suburb,12.7267343,77.8748966,osm-places-2026-09
node/13824044011,Maruthi Nagar,,neighbourhood,12.7246073,77.8501554,osm-places-2026-09
node/13824044012,Chennathur,,village,12.702818,77.8608666,osm-places-2026-09
node/13824044013,Millai Nagar,,suburb,12.7215146,77.841185,osm-places-2026-09
node/13824044014,Therpet,,neighbourhood,12.7264874,77.834846,osm-places-2026-09
node/13824044015,Ballur,ಬಳ್ಳೂರು,village,12.7545754,77.7878126,osm-places-2026-09
node/13824044016,Sipcot Phase-I,,suburb,12.7588878,77.8039472,osm-places-2026-09
node/13824044017,Muneeswara Nagar,,neighbourhood,12.72648,77.8071967,osm-places-2026-09
node/13824044018,Mookandapalli,,suburb,12.746376,77.80318,osm-places-2026-09
node/13824044019,Bommandapalli,,suburb,12.7140043,77.7870231,osm-places-2026-09
node/13824044020,Vikas Nagar,,neighbourhood,12.717869,77.8046846,osm-places-2026-09
node/13824044021,Navadhi,,suburb,12.7032116,77.8195232,osm-places-2026-09
node/13824044022,Midugarapalli,,suburb,12.7094841,77.811401,osm-places-2026-09
node/13824044023,Bharathidasan Nagar,,suburb,12.7201696,77.8283385,osm-places-2026-09
node/13824044024,Shanthi Nagar East,,suburb,12.7244321,77.8292749,osm-places-2026-09
node/13824044025,Shanthi Nagar West,,suburb,12.7274781,77.8209291,osm-places-2026-09
node/13824044026,Avalapalli,,suburb,12.7449688,77.8305933,osm-places-2026-09
node/13824044027,Basthi,,suburb,12.746903,77.8395226,osm-places-2026-09
node/13824044048,Chinna Elasagiri,,suburb,12.7573026,77.8161413,osm-places-2026-09
node/13824044049,Bedarapalli,,suburb,12.7637627,77.8087057,osm-places-2026-09
node/13824044050,Poonapalli,,village,12.6885504,77.7761235,osm-places-2026-09
node/13824044051,Karnoor,,suburb,12.7058301,77.7900178,osm-places-2026-09
node/13824044052,Kuruppatti,,suburb,12.6934816,77.81854,osm-places-2026-09
node/13824044053,Achettipalli,,village,12.6768071,77.8269961,osm-places-2026-09
node/13824044054,Aggondapalli,,village,12.662514,77.841504,osm-places-2026-09
node/13824044056,Sanamavu,,village,12.6537357,77.8895145,osm-places-2026-09
node/13824044059,Appavu Nagar,,suburb,12.7332198,77.8139178,osm-places-2026-09
node/13824044060,Belagondapalli,,village,12.6701608,77.7612333,osm-places-2026-09
node/13824044061,Kalukondapalli,,village,12.6639169,77.7535347,osm-places-2026-09
node/13824044062,Uliveeranapalli,,village,12.6531636,77.7433311,osm-places-2026-09
node/13824044063,Uchanahalli,ಉಚ್ಚನಹಳ್ಳಿ,village,12.6568522,77.7008901,osm-places-2026-09
node/13824044064,Onnatti,,village,12.6512478,77.7146903,osm-places-2026-09
node/13824044065,Muthur,,village,12.6572984,77.7134948,osm-places-2026-09
node/13824044066,Kembatti,,village,12.6641118,77.7228945,osm-places-2026-09
node/13824044067,Kanamanapalli,,village,12.6705306,77.7139137,osm-places-2026-09
node/13824044068,Koranur,,village,12.6667579,77.7333901,osm-places-2026-09
node/13824044069,Komaranapalli,,village,12.6906687,77.7466892,osm-places-2026-09
node/13824044070,Kothajeegur,,village,12.6877854,77.7587325,osm-places-2026-09
node/13833503566,Akshaya Greens,,neighbourhood,12.8593687,77.7898968,osm-places-2026-09
node/13844554670,SFHS Layout,,neighbourhood,12.9141537,77.6016337,osm-places-2026-09
node/13849804027,Subedar Garden,,neighbourhood,12.9800087,77.6435459,osm-places-2026-09
node/13903989157,Ramachandrapura,,neighbourhood,13.0620949,77.5517731,osm-places-2026-09
node/13928697875,Bethel Nagar,,neighbourhood,13.0054071,77.7172101,osm-places-2026-09
node/13928697876,Muneshwara Nagar,,neighbourhood,13.0052451,77.7132511,osm-places-2026-09
node/13944469964,CQAL Layout,,neighbourhood,13.0636348,77.5832498,osm-places-2026-09
node/14030669601,Papareddypalya,,neighbourhood,12.974601,77.507928,osm-places-2026-09
node/14030669602,Nagarabhavi 9th Block,,neighbourhood,12.9696008,77.5082016,osm-places-2026-09
node/14031382189,Nagarbhavi 5th Block,,neighbourhood,12.9774865,77.5114149,osm-places-2026-09
node/14040744994,D Group Employees Layout,,neighbourhood,12.9777008,77.4987763,osm-places-2026-09
node/14040762156,RHCS Layout,,neighbourhood,12.9797081,77.4977303,osm-places-2026-09
node/14045090352,Narasipura,,neighbourhood,12.9768697,77.4944419,osm-places-2026-09
node/14046562319,Upkar Residency Layout,,neighbourhood,12.961396,77.4833965,osm-places-2026-09
node/14055650396,NGEF Layout,,neighbourhood,12.9607609,77.4906546,osm-places-2026-09
node/1405583404,Akshaynagar Layout,ಅಕ್ಷಯನಗರ ಲೇಔಟ್,neighbourhood,12.8731964,77.6145886,osm-places-2026-09
node/14076625557,Mariyappanapalya,,neighbourhood,12.9447294,77.4964669,osm-places-2026-09
node/14078047757,Doddagollarahatti,,neighbourhood,12.938487,77.4882218,osm-places-2026-09
node/14078904901,Judicial Layout,,neighbourhood,12.8659559,77.5374001,osm-places-2026-09
node/14081429037,Jnana Jyothi Nagara,,neighbourhood,12.9391928,77.494989,osm-places-2026-09
node/14081723466,Dhananayakanahalli,,neighbourhood,12.9384426,77.468234,osm-places-2026-09
node/14081723489,R Chikkanahalli,,neighbourhood,12.9345711,77.4710678,osm-places-2026-09
node/14089034838,Bharath Nagara 2nd Stage,,neighbourhood,12.9787359,77.4759614,osm-places-2026-09
node/14089034839,Bharath Nagara 1st Stage,,neighbourhood,12.9831111,77.4773562,osm-places-2026-09
node/14100194965,Guddadahalli,,neighbourhood,13.1415725,77.4624109,osm-places-2026-09
node/14100194966,Hosahalli Palya,,neighbourhood,13.1295468,77.4622768,osm-places-2026-09
node/14120197828,12th Block Nagarbhavi,,neighbourhood,12.9595506,77.5136277,osm-places-2026-09
node/14172139305,Allalasandra,,neighbourhood,13.0865924,77.5876245,osm-places-2026-09
node/1419605903,Mathigiri,ಮತ್ತಿಗಿರಿ,suburb,12.6928265,77.8062946,osm-places-2026-09
node/1420058875,Domlur Village,ದೊಮ್ಮಲೂರು ಗ್ರಾಮ,neighbourhood,12.9624344,77.635802,osm-places-2026-09
node/1420066610,Doopanahalli,ದೂಪನಹಳ್ಳಿ,neighbourhood,12.9674584,77.6396382,osm-places-2026-09
node/1433644252,Dattatreya Nagara,ದತ್ತಾತ್ರೇಯ ನಗರ,neighbourhood,12.9265788,77.5392611,osm-places-2026-09
node/1440229422,Basaveshwaranagar 2nd Stage,ಬಸವೇಶ್ವರ ನಗರ ೨ನೆ ಹಂತ,neighbourhood,12.986475,77.5385709,osm-places-2026-09
node/1453825863,Halasuru,ಹಲಸೂರು,suburb,12.9778793,77.6246697,osm-places-2026-09
node/1456740144,Ashwath Nagar,ಅಶ್ವತ್ ನಗರ,neighbourhood,13.0254406,77.5794033,osm-places-2026-09
node/1456749191,Rajpalya,ರಾಜ್‌ಪಾಳ್ಯ,neighbourhood,12.9908029,77.7214391,osm-places-2026-09
node/1457440304,Hoodi,ಹೂಡಿ,suburb,12.9919033,77.7162015,osm-places-2026-09
node/1457440309,Garudacharpalya,ಗರುಡಚಾರ್ ಪಾಳ್ಯ,neighbourhood,12.993425,77.7005156,osm-places-2026-09
node/1457440311,B. Narayanapura,ಬಿ. ನಾರಯಣಪುರ,quarter,12.9980556,77.6848622,osm-places-2026-09
node/1457470051,Prashanth Extension,ಪ್ರಶಾಂತ್ ಎಕ್ಸ್‌ಟೆನ್ಶನ್,neighbourhood,12.983525,77.7489244,osm-places-2026-09
node/1457470082,Carmelaram,ಕರ್ಮೇಲರಮ್,suburb,12.9111998,77.7065133,osm-places-2026-09
node/1457470098,Sitaramapalya,ಸೀತಾರಾಮಪಾಳ್ಯ,quarter,12.9824429,77.7164745,osm-places-2026-09
node/1459472864,Thubarahalli,ತೂಬರಹಳ್ಳಿ,neighbourhood,12.9547872,77.7213154,osm-places-2026-09
node/1459472876,Siddapura,ಸಿದ್ದಾಪುರ,neighbourhood,12.9542596,77.7309743,osm-places-2026-09
node/1459473105,Kadugodi,ಕಾಡುಗೋಡಿ,suburb,12.9985767,77.7609716,osm-places-2026-09
node/1459772969,Pattanduru Agrahara,ಪಟ್ಟಂದೂರು ಅಗ್ರಹಾರ,suburb,12.9784752,77.733422,osm-places-2026-09
node/1460725252,Manjunath Nagar,ಮಂಜುನಾಥ ನಗರ,neighbourhood,12.9536329,77.6543602,osm-places-2026-09
node/1471781213,Nelamangala,ನೆಲಮಂಗಲ,town,13.0953024,77.3963586,osm-places-2026-09
node/1471872391,R. Narayanapura,ಆರ್. ನಾರಾಯಣಪುರ,neighbourhood,12.9643292,77.7415588,osm-places-2026-09
node/1471880882,Araledibba,ಅರಳೇದಿಬ್ಬ,village,13.140653,77.3288307,osm-places-2026-09
node/1471881492,Agasarahalli,ಅಗಸರಹಳ್ಳಿ,hamlet,13.1335838,77.3350091,osm-places-2026-09
node/1471883447,Anandanagara,ಆನಂದನಗರ,hamlet,13.1385634,77.3200116,osm-places-2026-09
node/1472934965,Yelenahalli,ಎಲೇನಹಳ್ಳಿ,neighbourhood,12.8669074,77.6159019,osm-places-2026-09
node/1473221118,Cambridge Layout,ಕ್ಯಾಂಬ್ರಿಜ್ ಬಡಾವಣೆ,neighbourhood,12.9701231,77.6277757,osm-places-2026-09
node/1482351297,Darga,ದರ್ಗ,suburb,12.747197,77.8197889,osm-places-2026-09
node/1483255832,Udaya Nagar,ಉದಯನಗರ,neighbourhood,12.9963615,77.6724503,osm-places-2026-09
node/1484329787,Zuzuvadi,ಜುಜುವಾಡಿ,suburb,12.7684021,77.7914254,osm-places-2026-09
node/1485730749,Sai Layout,ಸಾಯಿ ಲೇಔಟ್,neighbourhood,12.9728917,77.7522339,osm-places-2026-09
node/1489288914,Tigalarapalya,ತಿಗಲಾರಪಾಳ್ಯ,neighbourhood,12.9933277,77.7220587,osm-places-2026-09
node/1497218663,Kadugodi Colony,ಕಾಡುಗೋಡಿ ಕಾಲೋನಿ,neighbourhood,12.9921197,77.7497624,osm-places-2026-09
node/1497326585,Maithri Layout,ಮೈತ್ರಿ ಲೇಔಟ್,neighbourhood,12.9848621,77.7559192,osm-places-2026-09
node/1584391092,Attiguppe,ಅತ್ತಿಗುಪ್ಪೆ,quarter,12.9628474,77.5291685,osm-places-2026-09
node/1584511575,Vinayaka Layout,ವಿನಾಯಕ ಬಡಾವಣೆ,neighbourhood,12.9688091,77.7521212,osm-places-2026-09
node/1585471056,Gandhipura,ಗಾಂಧಿಪುರ,village,12.9712593,77.7549625,osm-places-2026-09
node/1588150107,Pantarapalya,ಪಂತರಪಾಳ್ಯ,neighbourhood,12.9407019,77.5285915,osm-places-2026-09
node/1588150119,Laggere,ಲಗ್ಗೆರೆ,suburb,13.0108677,77.5207301,osm-places-2026-09
node/1588150120,Sunkadakatte,ಸುಂಕದಕಟ್ಟೆ,quarter,12.995024,77.5065272,osm-places-2026-09
node/1588150121,Chandra Layout,ಚಂದ್ರ ಲೇಔಟ್,quarter,12.9590406,77.5250913,osm-places-2026-09
node/1588150122,Pushpagiri Nagar,ಪುಷ್ಪಗಿರಿ ನಗರ,neighbourhood,12.9297622,77.5333268,osm-places-2026-09
node/1588150123,Pattanagere,ಪಟ್ಟಣಗೆರೆ,quarter,12.9200602,77.506701,osm-places-2026-09
node/1588150128,Kamakshipalya,ಕಾಮಾಕ್ಷಿಪಾಳ್ಯ,quarter,12.9823617,77.5226376,osm-places-2026-09
node/1588150132,Mailasandra,ಮೈಲಸಂದ್ರ,village,12.915939,77.4932278,osm-places-2026-09
node/1588432381,Kottigepalya,ಕೊಟ್ಟಿಗೆಪಾಳ್ಯ,neighbourhood,12.9845494,77.5118053,osm-places-2026-09
node/1589241314,Andrahalli,ಅಂದ್ರಹಳ್ಳಿ,quarter,13.0085936,77.4830332,osm-places-2026-09
node/1589513001,Kundalahalli,ಕುಂದಲಹಳ್ಳಿ,quarter,12.9684441,77.7187843,osm-places-2026-09
node/1601001587,Kumbena Agrahara,ಕುಂಬೇನ ಅಗ್ರಹಾರ,village,13.0017965,77.7473882,osm-places-2026-09
node/1601001714,Sadaramangala,ಸಾದರಮಂಗಲ,village,12.9989026,77.7375086,osm-places-2026-09
node/1602083168,Kannamangala,ಕನ್ನಮಂಗಲ,village,13.027721,77.7702625,osm-places-2026-09
node/1602083170,Seegehalli,ಶೀಗೇಹಳ್ಳಿ,village,13.011939,77.7650922,osm-places-2026-09
node/1613170636,Dommasandra,ದೊಮ್ಮಸಂದ್ರ,village,12.8777098,77.7534769,osm-places-2026-09
node/1615766957,Kaadubeesanahalli,ಕಾಡುಬಿಸನಹಳ್ಳಿ,quarter,12.9395328,77.6967935,osm-places-2026-09
node/1615767014,Panathur,ಪಣತೂರು,suburb,12.9351457,77.7047541,osm-places-2026-09
node/1615776524,Valepura,ವಾಲೇಪುರ,village,12.9562248,77.766079,osm-places-2026-09
node/1615776525,Valepura Dinne,ವಾಲೆಪುರ ದಿಣ್ಣೆ,village,12.9512374,77.7701131,osm-places-2026-09
node/1615776526,Sorahunase,ಸೋರಹುಣಸೆ,quarter,12.9472552,77.7538267,osm-places-2026-09
node/1615776527,Ajgondahalli,ಅಜ್ಗೊಂಡಹಳ್ಳಿ,village,12.9607526,77.7709488,osm-places-2026-09
node/1615783218,Harohalli,ಹರೋಹಳ್ಳಿ,village,12.9575957,77.7861636,osm-places-2026-09
node/1616772424,Rajajinagar 1st Block,ರಾಜಾಜಿನಗರ ೧ನೇ ಬ್ಲಾಕ್,neighbourhood,13.0031286,77.5511533,osm-places-2026-09
node/1616772428,Rajajinagar 5th Block,ರಾಜಾಜಿನಗರ 5ನೇ ಬ್ಲಾಕ್,neighbourhood,12.9833269,77.5518985,osm-places-2026-09
node/1616772430,Rajajinagar 3rd Block,ರಾಜಾಜಿನಗರ ೩ನೇ ಬ್ಲಾಕ್,neighbourhood,12.9881787,77.5526874,osm-places-2026-09
node/1619884911,Postal Colony,ಪೊಷ್ಟಲ್ ಕಾಲೋನಿ,neighbourhood,13.0351918,77.5771223,osm-places-2026-09
node/1619884912,KEB Layout,ಕೆಇಬಿ ಲೇಔಟ್,neighbourhood,13.0309281,77.5804761,osm-places-2026-09
node/1619884913,RMV 2nd Stage 1st Block,ಆರ್‌ಎಂವಿ ೨ನೇ ಹಂತ - ೧ನೇ ಬ್ಲಾಕ್,neighbourhood,13.0222132,77.5781101,osm-places-2026-09
node/1630899115,Chikkatirupati,ಚಿಕ್ಕತಿರುಪತಿ,village,12.8955112,77.8669265,osm-places-2026-09
node/1631385666,Kalkunte Agrahara,ಕಲ್ಕುಂಟೆಅಗ್ರಹಾರ,village,12.932418,77.8408056,osm-places-2026-09
node/1633870850,Kaithota,ಕೈತೋಟ,neighbourhood,12.9672769,77.765051,osm-places-2026-09
node/1633870887,Nagondanahalli,ನಾಗೊಂಡನಹಳ್ಳಿ,village,12.97516,77.7703403,osm-places-2026-09
node/1633904689,Thimmanahalli,ತಿಮ್ಮನಹಳ್ಳಿ,village,12.9626347,77.7770775,osm-places-2026-09
node/1634130640,Hagaduru,ಹಗದೂರು,neighbourhood,12.9662071,77.7572092,osm-places-2026-09
node/1660031421,Kaveri Nagara,ಕಾವೇರಿ ನಗರ,neighbourhood,12.9977886,77.7052095,osm-places-2026-09
node/1678236137,Bidaraguppe,ಬಿದರಗುಪ್ಪೆ,village,12.8060574,77.7862873,osm-places-2026-09
node/1681877266,Benniganahalli,ಬೆನ್ನಿಗಾನಹಳ್ಳಿ,neighbourhood,12.9949194,77.6626028,osm-places-2026-09
node/1684218036,Prithvi Layout,ಪೃತ್ವಿ ಲೇಔಟ್,neighbourhood,12.977178,77.7436455,osm-places-2026-09
node/1687330222,Khajisonnenahalli,ಖಾಜಿಸೊನ್ನೇನಹಳ್ಳಿ,village,13.0340422,77.7696385,osm-places-2026-09
node/1693175446,Darga Mohalla,ದರ್ಗಾ ಮೊಹಲ್ಲಾ,neighbourhood,12.9997859,77.6731578,osm-places-2026-09
node/1701916545,Hunasamaranahalli,ಹುಣಸಮಾರನಹಳ್ಳಿ,suburb,13.1440103,77.6191241,osm-places-2026-09
node/1717891654,Maheshwari Nagar,ಮಹೇಶ್ವರಿ ನಗರ,neighbourhood,12.9917803,77.6907504,osm-places-2026-09
node/1717892732,B Chikkanna Layout,ಬಿ ಚಿಕ್ಕಣ್ಣ ಲೇಔಟ್,neighbourhood,12.9924965,77.6911122,osm-places-2026-09
node/1717893278,Saraswathi Nagar,ಸರಸ್ವತೀ ನಗರ,neighbourhood,12.991282,77.688917,osm-places-2026-09
node/1717894443,Shivaganga Layout,ಶಿವಗಂಗ ಲೇಔಟ್,neighbourhood,12.989512,77.6900125,osm-places-2026-09
node/1728705120,Chikkagangavadi,ಚಿಕ್ಕ ಗಂಗಾವಾಡಿ,village,12.8008691,77.187428,osm-places-2026-09
node/1728705221,Doddagangavadi,ದೊಡ್ಡಗಂಗವಾಡಿ,village,12.7894253,77.1968931,osm-places-2026-09
node/1757013241,BTM 2nd Stage,ಬಿಟಿಎಂ ೨ನೇ ಹಂತ,neighbourhood,12.9140788,77.6188862,osm-places-2026-09
node/1769207569,Manchappana Hosahalli,ಮಂಚಪ್ಪನ ಹೊಸಹಳ್ಳಿ,hamlet,13.1344141,77.7175848,osm-places-2026-09
node/1773577331,Annasandra Palya,ಅನ್ನಸಂದ್ರ ಪಾಳ್ಯ,neighbourhood,12.963659,77.6729865,osm-places-2026-09
node/1773577354,Lal Bahadur Shastri Nagar,ಲಾಲ್ ಬಹದ್ದೂರ್ ಶಾಸ್ತ್ರೀ ನಗರ,neighbourhood,12.9678103,77.6715478,osm-places-2026-09
node/1778942637,Marenahalli,ಮರೆನಹಳ್ಳಿ,neighbourhood,12.9687739,77.5306387,osm-places-2026-09
node/1778942893,Saraswathi Nagara,ಸರಸ್ವತಿ ನಗರ,neighbourhood,12.9716073,77.5290026,osm-places-2026-09
node/1778943773,Prashanth Nagar,ಪ್ರಶಾಂತ್ ನಗರ,neighbourhood,12.9776188,77.5313254,osm-places-2026-09
node/1778944439,Malagala,ಮಲಗಲ,neighbourhood,12.9778698,77.5161012,osm-places-2026-09
node/1778951068,BCC Layout,ಬಿಸಿಸಿ ಲೇಔಟ್,quarter,12.955703,77.5313329,osm-places-2026-09
node/1778956732,Dasarahalli,ದಾಸರಹಳ್ಳಿ,neighbourhood,12.9784134,77.5427194,osm-places-2026-09
node/1782880841,Bannerughatta,ಬನ್ನೇರುಘಟ್ಟ,village,12.813337,77.5789509,osm-places-2026-09
node/1808809378,Kaveri Layout,ಕಾವೇರಿ ಬಡಾವಣೆ,neighbourhood,12.9731025,77.5268568,osm-places-2026-09
node/1808835507,HRBR Layout 2nd Block,ಎಚ್ರ್‌ಬಿಆರ್ ಲೇಔಟ್ ೨ನೇ ಬ್ಲಾಕ್,quarter,13.0234478,77.6282108,osm-places-2026-09
node/1808835508,HRBR Layout 3rd Block,ಎಚ್ರ್‌ಆರ್‌ಬಿಆರ್ ಲೇಔಟ್,quarter,13.0250556,77.6347105,osm-places-2026-09
node/1809694369,GKW Layout,ಜಿಕೆಡಬ್ಲು ಲೇಔಟ್,neighbourhood,12.9681052,77.5284446,osm-places-2026-09
node/1809694382,Vinayaka Layout,ವಿನಾಯಕ ಲೇಔಟ್,neighbourhood,12.9675066,77.5301934,osm-places-2026-09
node/1809717632,M C Layout,ಎಂ ಸಿ ಲೇಔಟ್,neighbourhood,12.9730957,77.5353937,osm-places-2026-09
node/1809717633,Binny Layout,ಬಿನ್ನಿ ಬಡಾವಣೆ,neighbourhood,12.9719088,77.534246,osm-places-2026-09
node/1809760725,Telecom Layout,ಟೆಲಿಕಾಂ ಲೇಔಟ್,neighbourhood,12.965528,77.5467051,osm-places-2026-09
node/1811327702,ITI Layout,ಐಟಿಐ ಲೇಔಟ್,neighbourhood,12.9665733,77.5016708,osm-places-2026-09
node/1813491559,NHCS Layout,ಎನ್‌ಎಚ್‌ಸಿಎಸ್ ಲೇಔಟ್,neighbourhood,12.9725171,77.5310839,osm-places-2026-09
node/1813491561,Central Excise Layout,ಕೇಂದ್ರ ಅಬಕಾರಿ ಬಡಾವಣೆ,neighbourhood,12.9738535,77.53298,osm-places-2026-09
node/1813493059,Kurubara Halli,ಕುರುಬರಹಳ್ಳಿ,quarter,13.0007963,77.5364001,osm-places-2026-09
node/1813501240,Rajajinagar 6th Block,ರಾಜಾಜಿನಗರ ೬ನೇ ಬ್ಲಾಕ್,neighbourhood,12.9783352,77.5537486,osm-places-2026-09
node/1815725495,Vittasandra,ವಿಟ್ಟಸಂದ್ರ,village,12.8533901,77.6383481,osm-places-2026-09
node/1828581707,Poojary Layout,ಪೂಜಾರಿ ಲೇಔಟ್,neighbourhood,13.0268483,77.5764654,osm-places-2026-09
node/1836982724,Srinagar,ಶ್ರೀನಗರ,quarter,12.9438817,77.5541768,osm-places-2026-09
node/1837595255,Jayamahal,ಜಯಮಹಲ್,quarter,12.9990834,77.5971229,osm-places-2026-09
node/1837595256,Sulthanpalya,ಸುಲ್ತಾನ್ ಪಾಳ್ಯ,suburb,13.0294119,77.6046949,osm-places-2026-09
node/1837948053,Kothandram Layout,ಕೋದಂಡರಾಮ ಲೇಔಟ್,neighbourhood,12.9852683,77.6178772,osm-places-2026-09
node/1843653195,Sampige Layout,ಸಂಪಿಗೆ ಲೇಔಟ್,neighbourhood,12.9764697,77.528243,osm-places-2026-09
node/1843653226,Amarjyothi Nagar,ಅಮರಜ್ಯೋತಿ ನಗರ,neighbourhood,12.9739241,77.5291201,osm-places-2026-09
node/1843665966,Kaveri Pura,ಕಾವೇರಿ ಪುರ,neighbourhood,12.9769861,77.5255041,osm-places-2026-09
node/1843719321,Govindaraj Nagara,ಗೋವಿಂದರಾಜ ನಗರ,quarter,12.9771613,77.5361122,osm-places-2026-09
node/1844365244,Lakshmipuram,ಲಕ್ಷ್ಮೀಪುರಂ,neighbourhood,12.9775466,77.6306777,osm-places-2026-09
node/1857028749,HAL 2nd Stage,ಎಚ್ಎಎಲ್ ೨ನೇ ಹಂತ,neighbourhood,12.9689409,77.6437106,osm-places-2026-09
node/1860933970,Doddathoguru,ದೋಡ್ಡತೋಗೂರು,neighbourhood,12.8529125,77.6556155,osm-places-2026-09
node/1860938873,Electronics City Phase 2 (West),ಎಲಕ್ಟ್ರಾನಿಕ್ಸ್ ಸಿಟಿ ೨ನೇ ಹಂತ (ಪಶ್ಚಿಮ),quarter,12.8371576,77.6725236,osm-places-2026-09
node/1860940083,Electronics City Phase 2 (East),ಎಲಕ್ಟ್ರಾನಿಕ್ಸ್ ಸಿಟಿ ೨ನೇ ಹಂತ (ಪೂರ್ವ),quarter,12.8468545,77.6769267,osm-places-2026-09
node/1872596502,Anugondanahalli,ಆನುಗೊಂಡನಹಳ್ಳಿ,village,12.9582608,77.8145716,osm-places-2026-09
node/1872596506,Anche Muskuru,ಅಂಚೆ ಮುಸ್ಕೂರು,village,12.9041387,77.8671,osm-places-2026-09
node/1872596547,Ganagaluru,ಗಣಗಲೂರು,village,12.9102042,77.8528521,osm-places-2026-09
node/1872601857,Medimallasandra,ಮೇಡಿಮಲ್ಲಸಂದ್ರ,village,12.9523031,77.830108,osm-places-2026-09
node/1872601859,Obalapura,ಓಬಳಾಪುರ,village,12.9602076,77.8238638,osm-places-2026-09
node/1872643712,Thathanuru,ತತ್ತನೂರು,village,12.9155182,77.8248934,osm-places-2026-09
node/1872643719,Arehalli,ಅರೇಹಳ್ಳಿ,village,12.936474,77.8289489,osm-places-2026-09
node/1872643721,Baguru,ಬಾಗೂರು,village,12.8966447,77.8416804,osm-places-2026-09
node/1872643724,Thindlu,ತಿಂಡ್ಲು,village,12.8633973,77.8071458,osm-places-2026-09
node/1872643727,Thiruvaranga,ತಿರುವರಂಗ,village,12.9015666,77.8275756,osm-places-2026-09
node/1872643730,Yattakodi,ಯಟ್ಟಕೊಡಿ,village,12.9206413,77.8544836,osm-places-2026-09
node/1872643733,Muttukadahalli,ಮುತ್ತುಕದಹಳ್ಳಿ,hamlet,12.9289651,77.820044,osm-places-2026-09
node/1872643735,Mahal Chaudadenahalli,ಮಹಲ್ ಚೌಡದೇನಹಳ್ಳಿ,village,12.8727835,77.8080556,osm-places-2026-09
node/1872643739,Mugaluru,ಮುಗಳೂರು,village,12.8932221,77.821649,osm-places-2026-09
node/1872643740,Mattanahalli,ಮಟ್ಟನಹಳ್ಳಿ,village,12.8718443,77.8298072,osm-places-2026-09
node/1872643741,Byalahalli,ಬ್ಯಾಲಹಳ್ಳಿ,village,12.9396109,77.8159456,osm-places-2026-09
node/1872643742,Arehalli Cross,ಅರೆಹಳ್ಳಿ ಕ್ರಾಸ್,hamlet,12.9426433,77.8370385,osm-places-2026-09
node/1872643743,Doddathimmasandra,ದೊಡ್ಡತಿಮ್ಮಸಂದ್ರ,village,12.8805661,77.8045516,osm-places-2026-09
node/1872737370,Huskur Kodi,ಹುಸ್ಕರ್ ಕೋಡಿ,hamlet,13.0545587,77.7677812,osm-places-2026-09
node/1872737376,Doddagattinagabbe,ದೊಡ್ಡಗಟ್ಟಿಗನಬ್ಬೆ,village,13.0334896,77.7870185,osm-places-2026-09
node/1872737380,Dodda Dunnasandra,ದೊಡ್ಡ ದುನ್ನಸಂದ್ರ,village,12.9772668,77.8161248,osm-places-2026-09
node/1872737385,Konadasapura,ಕೊನದಾಸಪುರ,village,13.0441926,77.7566409,osm-places-2026-09
node/1872737389,Belthur,ಬೆಳತ್ತೂರು,village,13.0056657,77.756275,osm-places-2026-09
node/1872737398,Koralur,ಕೊರಳೂರು,village,12.9973225,77.7844457,osm-places-2026-09
node/1872737399,Yadagondanahalli,ಯಡಗೊಂಡನಹಳ್ಳಿ,village,12.949376,77.8107743,osm-places-2026-09
node/1872737408,Pujena Agrahara,ಪೂಜೇನಅಗ್ರಹಾರ,village,13.0326661,77.7936337,osm-places-2026-09
node/1872737412,Muthkuru,ಮುತ್ಕೂರು,village,12.956005,77.807105,osm-places-2026-09
node/1872737416,Devanagondi,ದೇವನಗೊಂದಿ,village,12.9749709,77.8397207,osm-places-2026-09
node/1872737419,Samethanahalli,ಸಮೇತನಹಳ್ಳಿ,village,12.979363,77.7907328,osm-places-2026-09
node/1872737425,Bodana Hosahalli,ಬೋದನ ಹೊಸಹಳ್ಳಿ,village,12.978421,77.8019552,osm-places-2026-09
node/1872737428,Naganayakana Kote,ನಾಗನಾಯಕನ ಕೋಟೆ,village,12.9660423,77.794209,osm-places-2026-09
node/1872737430,Goravigere,ಗೊರವಿಗೆರೆ,village,13.0420207,77.7699446,osm-places-2026-09
node/1872737432,Mallasandra,ಮಲ್ಲಸಂದ್ರ,village,13.0081486,77.7837101,osm-places-2026-09
node/1872737442,Hosamanegalu,ಹೊಸಮನೆಗಳು,hamlet,12.9491669,77.8237991,osm-places-2026-09
node/1872737451,Matta Mallasandra,ಮಟ್ಟ ಮಲ್ಲಸಂದ್ರ,village,12.9483523,77.8336911,osm-places-2026-09
node/1872737460,Thirumalashettihalli,ತಿರುಮಲಶೆಟ್ಟಿಹಳ್ಳಿ,village,12.9848412,77.7838449,osm-places-2026-09
node/1872737464,Huskuru,ಹುಸ್ಕೂರು,village,13.0616259,77.7629065,osm-places-2026-09
node/1872737466,Chikka Gattiganabbe,ಚಿಕ್ಕ ಗಟ್ಟಿಗನಬ್ಬೆ,village,13.0411824,77.7946574,osm-places-2026-09
node/1872804077,Gunjur Palya,ಗುಂಜೂರು ಪಾಳ್ಯ,quarter,12.9228378,77.7188315,osm-places-2026-09
node/1872804083,Doddakannalli,ದೊಡ್ಡಕನ್ನಲ್ಲಿ,suburb,12.9082413,77.6948847,osm-places-2026-09
node/1872804090,Heggondahalli,ಹೆಗ್ಗೊಂಡಹಳ್ಳಿ,village,12.9055432,77.7471953,osm-places-2026-09
node/1877813035,Boorakunte,ಬೂರಕುಂಟೆ,hamlet,12.8424744,77.7819987,osm-places-2026-09
node/1877813108,Mayasandra,ಮಾಯಸಂದ್ರ,village,12.7512427,77.7465099,osm-places-2026-09
node/1877813247,Hompalaghatta,ಹೊಂಪಲಘಟ್ಟ,village,12.6948991,77.6998652,osm-places-2026-09
node/1877813554,Are Halli,ಅರೇ ಹಳ್ಳಿ.,village,12.7638016,77.766341,osm-places-2026-09
node/1877813620,Telagarahalli,ತೆಲಗರಹಳ್ಳಿ.,village,12.6920103,77.6909817,osm-places-2026-09
node/1877813750,Shettihalli,ಶೆಟ್ಟಿಹಳ್ಳಿ,village,12.7528354,77.7305926,osm-places-2026-09
node/1877813785,Gowrenahalli,ಗೌರೇನಹಳ್ಳಿ.,village,12.7210223,77.6797164,osm-places-2026-09
node/1877813842,Indlabele,ಇಂಡ್ಲಬೆಲೆ,village,12.7909618,77.7777758,osm-places-2026-09
node/1877813900,Manchanahalli,ಮಂಚನಹಳ್ಳಿ.,village,12.7662516,77.752579,osm-places-2026-09
node/1877813923,Guddanahalli,ಗುಡ್ಡನಹಳ್ಳಿ,village,12.6899567,77.725314,osm-places-2026-09
node/1877836577,Vajrahalli,ವಜ್ರಹಳ್ಳಿ,quarter,12.875925,77.5471883,osm-places-2026-09
node/1877836586,Thalaghattapura,ತಲಘಟ್ಟಪುರ,neighbourhood,12.8698169,77.5356688,osm-places-2026-09
node/1877836592,Udayapura,ಉದಯಪುರ,village,12.8206533,77.5127735,osm-places-2026-09
node/1877843983,Somanahalli,ಸೋಮನಹಳ್ಳಿ,village,12.7724626,77.504685,osm-places-2026-09
node/1877843986,Kaggalipura,ಕಗ್ಗಲಿಪುರ,village,12.8016986,77.5082445,osm-places-2026-09
node/1877855516,Kaggalahalli,ಕಗ್ಗಲಹಳ್ಳಿ,village,12.7283892,77.4861026,osm-places-2026-09
node/1877855517,Bolare,ಬೊಲಾರೆ,hamlet,12.7542986,77.4856295,osm-places-2026-09
node/1882499901,Jadalatimmanahalli,ಜಡಲತಿಮ್ಮನಹಳ್ಳಿ,village,13.4056915,77.7199873,osm-places-2026-09
node/1882499902,Bandahalli,ಬಂಡಹಳ್ಳಿ,village,13.4083841,77.703379,osm-places-2026-09
node/1882499903,Vishweshwaranagara,ವಿಶ್ವೇಶ್ವರಪುರ,hamlet,13.3956921,77.6994737,osm-places-2026-09
node/1882499904,Kandavara,ಕಂದವಾರ,village,13.4160652,77.7205452,osm-places-2026-09
node/1882499905,Arasanahalli,ಅರಸನಹಳ್ಳಿ,village,13.3935223,77.713035,osm-places-2026-09
node/1882499908,Chigatenahalli,ಚಿಗಟೆನಹಳ್ಳಿ,hamlet,13.4070065,77.6925214,osm-places-2026-09
node/1882499911,Kuppahalli,ಕುಪ್ಪಹಳ್ಳಿ,village,13.3839826,77.710739,osm-places-2026-09
node/1882499914,Devishettihalli,ದೇವಿಶೆಟ್ಟಿಹಳ್ಳಿ,village,13.3727089,77.718055,osm-places-2026-09
node/1882499915,Sultanapete,ಸುಲ್ತಾನಪೇಟೆ,village,13.3830631,77.6851432,osm-places-2026-09
node/1882499916,Tirnahalli,ತಿರ್ನಹಳ್ಳಿ,village,13.4016828,77.7091297,osm-places-2026-09
node/1882499921,Yaluvahalli,ಯಲುವಹಳ್ಳಿ,village,13.3693666,77.7221749,osm-places-2026-09
node/1883683099,Sulibele,ಸೂಲಿಬೆಲೆ,village,13.1843135,77.8000225,osm-places-2026-09
node/1883718431,Chowdappanahalli,ಚೌಡಪ್ಪನಹಳ್ಳಿ,hamlet,13.1489323,77.7546073,osm-places-2026-09
node/1883718446,Kammasandra,ಕಮ್ಮಸಂದ್ರ,village,13.1499855,77.782041,osm-places-2026-09
node/1883718456,Gangavara Chaudappanahalli,ಗಂಗವಾರ ಚೌಡಪ್ಪನಹಳ್ಳಿ,village,13.1523257,77.7648319,osm-places-2026-09
node/1883718462,Hasigala,ಹಸಿಗಾಳ,village,13.1345227,77.7756037,osm-places-2026-09
node/1883718464,Lakkondahalli,ಲಕ್ಕೊಂಡಹಳ್ಳಿ,village,13.1080057,77.7762788,osm-places-2026-09
node/1883718481,Alappanahalli,ಆಲಪ್ಪನಹಳ್ಳಿ,village,13.1016338,77.7761186,osm-places-2026-09
node/1883718496,Mandur,ಮಂಡೂರು,village,13.0816555,77.7370228,osm-places-2026-09
node/1883718501,Kumbalahalli,ಕುಂಬಳಹಳ್ಳಿ,village,13.0924523,77.7929664,osm-places-2026-09
node/1883718506,Upparahalli,ಉಪ್ಪಾರಹಳ್ಳಿ,village,13.0894702,77.781011,osm-places-2026-09
node/1883718553,Southe Gowdanahalli,ಸೌತೇಗೌಡನಹಳ್ಳಿ,village,13.2314551,77.7311552,osm-places-2026-09
node/1883718586,Channahalli,ಚನ್ನಹಳ್ಳಿ,village,13.2126844,77.7493845,osm-places-2026-09
node/1883718646,Nalluru,ನಲ್ಲೂರು,village,13.1912308,77.7634608,osm-places-2026-09
node/1883718651,Budihala,ಬೂದಿಹಾಳ,village,13.2287908,77.7428185,osm-places-2026-09
node/1883718698,Jonnahalli,ಜೊನ್ನಹಳ್ಳಿ,hamlet,13.1823727,77.7566587,osm-places-2026-09
node/1883718784,Somattanahalli,ಸೋಮತ್ತನಹಳ್ಳಿ,village,13.1696824,77.7691567,osm-places-2026-09
node/1883718812,Attibele,ಅತ್ತಿಬೆಲೆ,village,13.16944,77.7947246,osm-places-2026-09
node/1883718837,Nagenahalli,ನಾಗೇನಹಳ್ಳಿ,hamlet,13.1739112,77.7603494,osm-places-2026-09
node/1883718843,Satya Sai Grama,ಸತ್ಯ ಸಾಯಿ ಗ್ರಾಮ,hamlet,13.4007625,77.6976986,osm-places-2026-09
node/1883718851,Haralur,ಹರಳೂರು,hamlet,13.2184509,77.7591049,osm-places-2026-09
node/1883718854,Yanagunte,ಯನಗುಂಟೆ,village,13.1564639,77.791978,osm-places-2026-09
node/1894252814,Madure,ಮದುರೆ,village,13.202471,77.4579948,osm-places-2026-09
node/1966567908,Binnamangala,ಬಿನ್ನಮಂಗಲ,neighbourhood,12.9839881,77.6416769,osm-places-2026-09
node/1989418061,Yarandahalli,ಯಾರಂಡಹಳ್ಳಿ,neighbourhood,12.8087698,77.6673579,osm-places-2026-09
node/2019307544,RBI Layout,ಆರ್‌ಬಿಐ ಲೇಔಟ್,neighbourhood,12.8884396,77.580509,osm-places-2026-09
node/2020102551,Navodaya Nagar,ನವೋದಯ ನಗರ,neighbourhood,12.8823286,77.5828765,osm-places-2026-09
node/2020104723,Shreyas Colony,ಶ್ರೇಯಸ್ ಕಾಲೋನಿ,neighbourhood,12.8831747,77.5824835,osm-places-2026-09
node/2021561645,Sri Rama Layout,ಶ್ರೀರಾಮ ಲೇಔಟ್,neighbourhood,12.8929519,77.5810914,osm-places-2026-09
node/2021572119,Jagruthi Colony,ಜಾಗೃತಿ ಕಾಲೋನಿ,neighbourhood,12.8947001,77.5825355,osm-places-2026-09
node/2026076829,Maruthi Extension,ಮಾರುತಿ ಬಡಾವಣೆ,neighbourhood,12.9976424,77.5631012,osm-places-2026-09
node/2026076832,Gayatri Nagar,ಗಾಯತ್ರಿನಗರ,neighbourhood,13.0000366,77.5590106,osm-places-2026-09
node/2026433130,Sri Guru Raghavendra Nagar,ಶ್ರೀ ಗುರುರಾಘುವೇಂದ್ರ ನಗರ,neighbourhood,12.8918543,77.5777361,osm-places-2026-09
node/2026433977,Lakshmi Nagar,ಲಕ್ಷ್ಮೀ ನಗರ,neighbourhood,12.8925603,77.5786648,osm-places-2026-09
node/2026453731,Eshwara Layout,ಈಶ್ವರ ಲೇಔಟ್,neighbourhood,12.8917159,77.5759295,osm-places-2026-09
node/2026489565,Yadava Layout,ಯಾದವ ಲೇಔಟ್,neighbourhood,12.890563,77.5759964,osm-places-2026-09
node/2030156020,Bank of Baroda Colony,ಬ್ಯಾಂಕ್ ಆಫ್ ಬರೋಡ ಕಾಲೋನಿ,neighbourhood,12.893481,77.5837404,osm-places-2026-09
node/2034326521,Sun City Layout,ಸನ್ ಸಿಟಿ ಲೇಔಟ್,neighbourhood,12.8853616,77.5854089,osm-places-2026-09
node/2041858605,Yemaluru,ಯಮಲೂರು,quarter,12.9463287,77.6815209,osm-places-2026-09
node/2041904658,AECS Layout,ಎಇಸಿಎಸ್ ಲೇಔಟ್,neighbourhood,13.0311884,77.5753526,osm-places-2026-09
node/2046148406,Ramappa Layout,ರಾಮಪ್ಪ ಲೇಔಟ್,neighbourhood,12.8971719,77.5800418,osm-places-2026-09
node/2055469746,Malleshpalya,ಮಲ್ಲೇಶ್ ಪಾಳ್ಯ,quarter,12.9744129,77.6743533,osm-places-2026-09
node/2063164108,Nataraja Layout,ನಟರಾಜ ಲೇಔಟ್,neighbourhood,12.8900173,77.5836989,osm-places-2026-09
node/2066481132,M S Ramaiah City,ಎಂ ಎಸ್ ರಾಮಯ್ಯ ನಗರ,neighbourhood,12.8833125,77.588126,osm-places-2026-09
node/2066488017,Nrupathunga Nagar,ನೃಪತುಂಗ ನಗರ,neighbourhood,12.8829972,77.5837803,osm-places-2026-09
node/2084115337,Jaladarshini Layout,ಜಲದರ್ಶಿನಿ ಬಡಾವಣೆ,neighbourhood,13.0307999,77.5696419,osm-places-2026-09
node/2112118396,Tatanagar,ಟಾಟಾನಗರ,quarter,13.0550859,77.5737868,osm-places-2026-09
node/2119786182,Maruthi Nagar,ಮಾರುತಿ ನಗರ,neighbourhood,12.9746062,77.6756305,osm-places-2026-09
node/2126334767,Agalukote,ಆಗಲಕೋಟೆ,village,13.2134815,77.7364019,osm-places-2026-09
node/2126334768,Rayasandra,ರಾಯಸಂದ್ರ,village,13.2197274,77.7264456,osm-places-2026-09
node/2126334771,Bhattara Marenahalli,ಭಟ್ಟರ ಮಾರೇನಹಳ್ಳಿ,village,13.1665084,77.7357249,osm-places-2026-09
node/2126334780,Baladimmanahalli,ಬಾಲದಿಮ್ಮನಹಳ್ಳಿ,hamlet,13.1890813,77.7444271,osm-places-2026-09
node/2126334784,Kondenahalli,ಕೊಂಡೇನಹಳ್ಳಿ,hamlet,13.1551717,77.7383331,osm-places-2026-09
node/2126334789,Chikka Hosahalli,ಚಿಕ್ಕಹೊಸಹಳ್ಳಿ,village,13.2025341,77.7544907,osm-places-2026-09
node/2126334795,Ramanahalli,ರಾಮನಹಳ್ಳಿ,village,13.1820919,77.7462091,osm-places-2026-09
node/2126334800,Anneshvara,ಅಣ್ಣೇಶ್ವರ,village,13.2130231,77.7141996,osm-places-2026-09
node/2126334809,Dasarahalli Kavade,ದಾಸರಹಳ್ಳಿ ಕವಡೆ,hamlet,13.1696095,77.7376035,osm-places-2026-09
node/2126334813,Reddihalli,ರೆಡ್ಡಿಹಳ್ಳಿ,village,13.1896244,77.7540187,osm-places-2026-09
node/2126334814,Baichapura,ಬೈಚಾಪುರ,village,13.2244517,77.7126448,osm-places-2026-09
node/2126334817,Dodda Hosahalli,ದೊಡ್ಡ ಹೊಸಹಳ್ಳಿ,village,13.197725,77.7492132,osm-places-2026-09
node/2126334824,Kaggalahalli,ಕಗ್ಗಲಹಳ್ಳಿ,village,13.159032,77.7449217,osm-places-2026-09
node/2126334825,Bettakote,ಬೆಟ್ಟಕೋಟೆ,village,13.1992334,77.7409295,osm-places-2026-09
node/2126334829,Yerrappanahalli,ಯರಪ್ಪನಹಳ್ಳಿ,village,13.2172834,77.7027166,osm-places-2026-09
node/2126334834,Mallenahalli,ಮಲ್ಲೇನಹಳ್ಳಿ,village,13.185655,77.7620009,osm-places-2026-09
node/2126355298,Hancharahalli,ಹಂಚರಹಳ್ಳಿ,village,13.0929065,77.7501562,osm-places-2026-09
node/2126355299,Kattugollahalli,ಕಟ್ಟುಗೊಲ್ಲಹಳ್ಳಿ,village,13.0958449,77.7353505,osm-places-2026-09
node/2126355300,Singahalli,ಸಿಂಗಹಳ್ಳಿ,village,13.1617626,77.7238781,osm-places-2026-09
node/2126355301,Jyotipura,ಜ್ಯೋತಿಪುರ,village,13.1018587,77.7502432,osm-places-2026-09
node/2126355302,Arebinnamangala,ಅರೆಬಿನ್ನಮಂಗಲ,hamlet,13.1548531,77.7172842,osm-places-2026-09
node/2126355303,Thirumenahalli,ತಿರುಮೇನಹಳ್ಳಿ,hamlet,13.1109329,77.7530531,osm-places-2026-09
node/2126355304,Mahadeva Kodigehalli,ಮಹದೇವ ಕೊಡಿಗೆಹಳ್ಳಿ,hamlet,13.1442645,77.702781,osm-places-2026-09
node/2126355305,Handrahalli,ಗುಂಡೂರು,village,13.120944,77.7505854,osm-places-2026-09
node/2126355306,Hittarahalli,ಕಟ್ಟುಗೊಲ್ಲಹಳ್ಳಿ,hamlet,13.1237652,77.7473882,osm-places-2026-09
node/2126355307,Manchappanahalli,"ಮಂಚಪ್ಪನಹಳ್ಳಿ,",village,13.1413715,77.7260747,osm-places-2026-09
node/2126383119,Medahalli,ಮೇಡಹಳ್ಳಿ,village,13.0278454,77.7206079,osm-places-2026-09
node/2126383121,Nimbekaipura,ನಿಂಬೇಕಾಯಿಪುರ,hamlet,13.0585572,77.7564648,osm-places-2026-09
node/2126383122,Bandapura,ಬಂಡಪುರ,village,13.0392632,77.7478367,osm-places-2026-09
node/2126383124,Bommenahalli,ಬೊಮ್ಮೇನಹಳ್ಳಿ,village,13.0742536,77.7465943,osm-places-2026-09
node/2126383125,Madhuranagara,ಮಧುರನಗರ,neighbourhood,12.9409303,77.7592972,osm-places-2026-09
node/2126383127,Virgonagar,ವಿರ್ಗೊನಗರ,neighbourhood,13.0331172,77.734857,osm-places-2026-09
node/2126383129,Lagumenahalli,ಲಗುಮೇನಹಳ್ಳಿ,hamlet,13.0772988,77.7561532,osm-places-2026-09
node/2126383131,Kattamanallur,ಕಟ್ಟಮನಲ್ಲೂರು,village,13.0518055,77.7640608,osm-places-2026-09
node/2126383132,Veeranahalli,ವೀರನಹಳ್ಳಿ,hamlet,13.0244206,77.7376035,osm-places-2026-09
node/2126383133,Bhattarahalli,ಭಟ್ಟರಹಳ್ಳಿ,neighbourhood,13.0258004,77.714279,osm-places-2026-09
node/2126383134,Doddabanahalli,ದೊಡ್ಡಬನಹಳ್ಳಿ,village,13.0238561,77.7469162,osm-places-2026-09
node/2126383136,Bendiganahalli,ಬೆಂಡಿಗಾನಹಳ್ಳಿ,village,13.0682966,77.7592543,osm-places-2026-09
node/2126383139,Bidare Agrahara,ಬಿದರೆ ಅಗ್ರಹಾರ,village,13.0309211,77.7427748,osm-places-2026-09
node/2126388225,Kotur,ಕೋಟೂರು,hamlet,12.9451546,77.7828792,osm-places-2026-09
node/2126388226,Mutsandra,ಮುತ್ಸಂದ್ರ,village,12.9372277,77.7861837,osm-places-2026-09
node/2126388227,Bellikere,ಬೆಳ್ಳಿಕೆರೆ,village,12.9304518,77.7969984,osm-places-2026-09
node/2127078557,Kuguru,ಕೂಗೂರು,village,12.9101668,77.8102372,osm-places-2026-09
node/2127078558,Gunjur Hosahalli,ಗುಂಜೂರು ಹೊಸಹಳ್ಳಿ,neighbourhood,12.9198797,77.7423548,osm-places-2026-09
node/2127078559,Ramanayakanahalli,ರಾಮನಾಯಕನಹಳ್ಳಿ,village,12.9097581,77.7555189,osm-places-2026-09
node/2127078560,Madappanahalli,ಮಾದಪ್ಪನಹಳ್ಳಿ,hamlet,12.9228929,77.8116208,osm-places-2026-09
node/2127078561,Neriga,ನೆರಿಗಾ,village,12.9117656,77.7765251,osm-places-2026-09
node/2127078562,Katriguppe,ಕತ್ರಿಗುಪ್ಪೆ,village,12.914559,77.7651761,osm-places-2026-09
node/2140217107,Mayaganahalli,ಮಾಯಗಾನಹಳ್ಳಿ,village,12.7706442,77.3353105,osm-places-2026-09
node/2143543920,Eluvapalli,,village,12.7984336,77.850642,osm-places-2026-09
node/2180747096,K R Layout,ಕೆ ಆರ್ ಲೇಔಟ್,neighbourhood,12.9034217,77.5828148,osm-places-2026-09
node/2181320617,Srinidhi Layout,ಶ್ರೀನಿಧಿ ಲೇಔಟ್,neighbourhood,12.8830861,77.5708953,osm-places-2026-09
node/2194305511,Govinda Reddy Layout,ಗೋವಿಂದ ರೆಡ್ಡಿ ಲೇಔಟ್,neighbourhood,12.8917559,77.5946165,osm-places-2026-09
node/2194305512,Mico Arekere Layout 1st Stage,ಮಿಕೊ ಅರಕೆರೆ ಲೇಔಟ್ ೧ನೇ ಹಂತ,neighbourhood,12.8905542,77.5941914,osm-places-2026-09
node/2244866500,Chandapura,ಚಂದಾಪುರ,suburb,12.8004439,77.7062826,osm-places-2026-09
node/2257735535,Gubbalala,ಗುಬ್ಬಲಾಲ,village,12.8856635,77.5416809,osm-places-2026-09
node/2268546047,Rustum Bagh,ರುಸ್ತುಂ ಬಾಗ್,neighbourhood,12.9548407,77.6491037,osm-places-2026-09
node/2270647506,Bhuvanahalli,ಭುವನಹಳ್ಳಿ,village,13.1845236,77.8614361,osm-places-2026-09
node/2270647512,Pillagumpe,ಪಿಲ್ಲಗುಂಪೆ,village,13.1119955,77.838515,osm-places-2026-09
node/2270647513,Kumbiganahalli,ಕುಂಬಿಗಾನಹಳ್ಳಿ,village,13.2423471,77.9213888,osm-places-2026-09
node/2270647517,Chikkahulluru,ಚಿಕ್ಕಹುಲ್ಲೂರು,village,13.1069391,77.8257735,osm-places-2026-09
node/2270647520,Mallimakanapura,ಮಲ್ಲಿಮಾಕನಪುರ,village,13.1275235,77.8486688,osm-places-2026-09
node/2270647525,Cholappanahalli,ಚೋಳಪ್ಪನಹಳ್ಳಿ,village,13.1189775,77.8448493,osm-places-2026-09
node/2270647530,Ramagovindapura,ರಾಮಗೋವಿಂದಪುರ,village,13.2083823,77.8789241,osm-places-2026-09
node/2270647537,Urati Agrahara,ಉರಟಿ ಅಗ್ರಹಾರ,village,13.2497619,77.9407222,osm-places-2026-09
node/2270647540,D Settahalli,ಶೆಟ್ಟಹಳ್ಳಿ,village,13.1505518,77.8718645,osm-places-2026-09
node/2270647546,T Agrahara,ಟಿ ಅಗ್ರಹಾರ,village,13.1909562,77.8520323,osm-places-2026-09
node/2270647552,Channigalapura,ಚನ್ನಿಗಾಲಪುರ,hamlet,13.1777127,77.8742463,osm-places-2026-09
node/2270647555,Bhavapura,ಭಾವಾಪುರ,village,13.1843993,77.8706844,osm-places-2026-09
node/2270647562,B Thimmasandra,ತಿಮ್ಮಸಂದ್ರ,village,13.2547119,77.9243285,osm-places-2026-09
node/2270647566,Hindiganala Cross,ಹಿಂಡಿಗನಾಳ ಕ್ರಾಸ್,village,13.2427846,77.9307873,osm-places-2026-09
node/2270647571,Chokkasandra,ಚೊಕ್ಕಸಂದ್ರ,village,13.1879708,77.9010899,osm-places-2026-09
node/2270647583,Ekarajapura,ಏಕರಾಜಪುರ,village,13.1457251,77.8166969,osm-places-2026-09
node/2270647605,Malliappanahalli,ಮಲ್ಲಿಯಪ್ಪನಹಳ್ಳಿ,village,13.1485867,77.8829367,osm-places-2026-09
node/2270647635,Sarakanuru,ಸರಕನೂರು,village,13.2194125,77.9332995,osm-places-2026-09
node/2270647658,Nandagudi,ನಂದಗುಡಿ,village,13.2032192,77.9013892,osm-places-2026-09
node/2270647660,Chokkahalli,ಚೊಕ್ಕಹಳ್ಳಿ,village,13.111495,77.8348071,osm-places-2026-09
node/2270647662,Shivanapura,ಶಿವನಾಪುರ,village,13.1519508,77.9020555,osm-places-2026-09
node/2270647670,K Satyavara,ಸತ್ಯವಾರ,village,13.1627124,77.8712423,osm-places-2026-09
node/2270647676,Chikkondahalli,ಚಿಕ್ಕಅಂಕಂಡಹಳ್ಳಿ,village,13.2382187,77.9374066,osm-places-2026-09
node/2270647680,Bimakkanahalli,ಬೀಮಕ್ಕನಹಳ್ಳಿ,village,13.1373997,77.8524146,osm-places-2026-09
node/2270647685,Hindiganala,ಹಿಂಡಿಗನಾಳ,village,13.2217515,77.9126342,osm-places-2026-09
node/2270647689,Doddahulluru,ದೊಡ್ಡಹುಲ್ಲೂರು,village,13.0968658,77.8194005,osm-places-2026-09
node/2270647697,Geddalahallipura,ಗೆದ್ದಲಹಳ್ಳಿಪುರ,village,13.2234842,77.9155738,osm-places-2026-09
node/2270647710,Sonnadenahalli,ಸೊಣ್ಣದೇನಹಳ್ಳಿ,village,13.0908884,77.8061182,osm-places-2026-09
node/2270647715,Chikkanallurahalli,ಚಿಕ್ಕನಲ್ಲೂರಹಳ್ಳಿ,village,13.1238884,77.8504712,osm-places-2026-09
node/2270647732,Tharabahalli,ತರಬಹಳ್ಳಿ,village,13.23612,77.9210938,osm-places-2026-09
node/2270647747,Banahalli,ಬನಹಳ್ಳಿ,village,13.2141259,77.9119475,osm-places-2026-09
node/2270647754,Dinnahalli,ದಿನ್ನಹಳ್ಳಿ,village,13.1922337,77.9046304,osm-places-2026-09
node/2270647774,Birahalli,ಬೀರಹಳ್ಳಿ,village,13.1562759,77.9153378,osm-places-2026-09
node/2270647781,Halevuru,ಹಳೇವೂರು,village,13.2044956,77.8901465,osm-places-2026-09
node/2270647790,Bisanahalli,ಬಿಸನಹಳ್ಳಿ,hamlet,13.1497787,77.8904469,osm-places-2026-09
node/2270647794,Beguru,ಬೇಗೂರು,village,13.1382552,77.8431216,osm-places-2026-09
node/2270670356,Virupakshapura,ವಿರುಪಾಕ್ಷಪುರ,village,13.3026814,77.946622,osm-places-2026-09
node/2270670365,Subbarayanapete,ಸುಬ್ಬರಾಯನಪೇಟೆ,village,13.306628,77.9564045,osm-places-2026-09
node/2270670367,Amaravati,ಅಮರವತಿ,village,13.2692638,77.9340886,osm-places-2026-09
node/2270670371,Hirepalya,ಹಿರೇಪಾಳ್ಯ,village,13.2864326,77.9585954,osm-places-2026-09
node/2270670381,Haradi,ಹಾರಡಿ,village,13.263374,77.9146807,osm-places-2026-09
node/2270670390,Bichagondanahalli,ಬೀಚಗೊಂಡನಹಳ್ಳಿ,village,13.2627111,77.947653,osm-places-2026-09
node/2270670392,Bira,ಬೀರ,village,13.2931152,77.9508277,osm-places-2026-09
node/2270670394,Santekallahalli,ಸಂತೇಕಲ್ಲಹಳ್ಳಿ,village,13.27687,77.9451607,osm-places-2026-09
node/2270670400,Vaddihalli,ವಡ್ಡಿಹಳ್ಳಿ,village,13.3181835,77.9569286,osm-places-2026-09
node/2272202602,Suryanagar Phase 1,ಸೂರ್ಯನಗರ,suburb,12.7930947,77.7000382,osm-places-2026-09
node/2272206182,Jalige,ಜಾಲಿಗೆ,village,13.2265508,77.5843982,osm-places-2026-09
node/2272207812,Basavanapura,ಬಸವನಪುರ,village,13.2252819,77.576019,osm-places-2026-09
node/2272208650,Aradeshanahalli,ಅರದೇಶನಹಳ್ಳಿ,village,13.2224141,77.565338,osm-places-2026-09
node/2279036328,Narasipura,ನರಸೀಪುರ,village,13.2699901,77.2401923,osm-places-2026-09
node/2287630829,Kamdhenu Nagar,ಕಾಮಧೇನು ನಗರ್,neighbourhood,12.9960265,77.6864573,osm-places-2026-09
node/2288893087,Shivagange,ಶಿವಗಂಗೆ,village,13.1781542,77.2287036,osm-places-2026-09
node/2289167450,Chikka Banavara,ಚಿಕ್ಕಬಾಣಾವರ,suburb,13.0803772,77.5018935,osm-places-2026-09
node/2289167453,Soladevanahalli,ಸೋಲದೇವನಹಳ್ಳಿ,village,13.0919148,77.4880629,osm-places-2026-09
node/2289167455,Tharabanahalli,ತರಬನಹಳ್ಳಿ,village,13.1024779,77.4804347,osm-places-2026-09
node/2293850728,Dasarahalli,ದಾಸರಹಳ್ಳಿ,village,13.3151073,77.7163854,osm-places-2026-09
node/2293850729,Yambarahalli,ಯಂಬರಹಳ್ಳಿ,village,13.3160887,77.7014509,osm-places-2026-09
node/2293850733,Kottige Thimmanahalli,ಕೊಟ್ಟಿಗೆ ತಿಮ್ಮನಹಳ್ಳಿ,hamlet,13.3099486,77.6997128,osm-places-2026-09
node/2293850734,Kodagurki,ಕೋಡಗುರ್ಕಿ,village,13.2994716,77.7003434,osm-places-2026-09
node/2293850746,Tailagere,ತೈಲಗೆರೆ,village,13.3223936,77.6807013,osm-places-2026-09
node/2293850755,Devenahalli,ದೇವೇನಹಳ್ಳಿ,village,13.2827168,77.7034701,osm-places-2026-09
node/2293850756,Managondanahalli,ಮನಗೊಂಡನಹಳ್ಳಿ,village,13.298756,77.6349965,osm-places-2026-09
node/2293850759,Nileri,ನೀಲೇರಿ,village,13.2727781,77.7099503,osm-places-2026-09
node/2293850760,Koyira,ಕೊಯಿರಾ,village,13.3034243,77.641612,osm-places-2026-09
node/2293850762,Chikkobanahalli,ಚಿಕ್ಕೋಬನಹಳ್ಳಿ,hamlet,13.2893807,77.6219288,osm-places-2026-09
node/2293850763,Kuduvati,ಕುಡುವತಿ,village,13.3519133,77.6933163,osm-places-2026-09
node/2293850764,Misaganahalli,ಮೀಸಗಾನಹಳ್ಳಿ,village,13.3194285,77.6737919,osm-places-2026-09
node/2293850766,Maligenahalli,ಮಾಳಿಗೇನಹಳ್ಳಿ,village,13.2889777,77.7055064,osm-places-2026-09
node/2293850768,Aruvanahalli,ಅರುವನಹಳ್ಳಿ,village,13.3030368,77.6345459,osm-places-2026-09
node/2293850778,Mudiganahalli,ಮೂಡಿಗಾನಹಳ್ಳಿ,village,13.3398355,77.6882233,osm-places-2026-09
node/2293850789,Ramanathapura,ರಾಮನಾಥಪುರ,village,13.3085506,77.6381078,osm-places-2026-09
node/2293850793,Jyotipura,ಜ್ಯೋತಿಪುರ,hamlet,13.2944699,77.6276794,osm-places-2026-09
node/2293850796,Mayasandra,ಮಾಯಸಂದ್ರ,village,13.3095936,77.6600805,osm-places-2026-09
node/2295866685,Chokkahalli,ಚೊಕ್ಕಹಳ್ಳಿ,village,13.3960474,77.7353289,osm-places-2026-09
node/2295866775,Kottanuru,ಕೊತ್ತನೂರು,village,13.3898071,77.7323892,osm-places-2026-09
node/2301140139,Chikkanayakanahalli,ಚಿಕ್ಕನಾಯಕನಹಳ್ಳಿ,suburb,12.892338,77.6941986,osm-places-2026-09
node/2303835209,Thendral Avenue,,neighbourhood,12.7420198,77.8455565,osm-places-2026-09
node/2322930714,Indrasanahalli,ಇಂಡ್ರಸನಹಳ್ಳಿ,village,13.225742,77.6140746,osm-places-2026-09
node/2322933044,Singarahalli,ಸಿಂಗರಹಳ್ಳಿ,village,13.2268182,77.6249521,osm-places-2026-09
node/2322957502,Vishweshwaraiah Enclave,,neighbourhood,13.2293504,77.6214577,osm-places-2026-09
node/2324491538,Deewanarapalya,ದೀವಾನರಪಾಳ್ಯ,neighbourhood,13.0233739,77.5611156,osm-places-2026-09
node/2394990465,Mylanahalli,ಮೈಲನಹಳ್ಳಿ,village,13.1400012,77.3555514,osm-places-2026-09
node/2400079311,Malonagathihalli,ಮಾಳೋನಾಗತಿಹಳ್ಳಿ,village,13.158103,77.3339374,osm-places-2026-09
node/2400084469,Thippagondanahalli,ತಿಪ್ಪಗೊಂಡನಹಳ್ಳಿ,hamlet,13.1593881,77.3210735,osm-places-2026-09
node/2400301201,Lakkenahalli,ಲಕ್ಕೆನಹಳ್ಳಿ,village,13.1829564,77.2994846,osm-places-2026-09
node/2400307605,Hosahalli,ಹೊಸಹಳ್ಳಿ,village,13.2070288,77.2716702,osm-places-2026-09
node/2400325988,Chikkahalli,ಚಿಕ್ಕಹಳ್ಳಿ,village,13.2765754,77.1946031,osm-places-2026-09
node/2408543869,Pandithana Halli,ಪಂಡಿತನಹಳ್ಳಿ,village,13.2817315,77.1836955,osm-places-2026-09
node/2431022699,Shivanapura,ಶಿವನಪುರ,village,13.0063924,77.8694356,osm-places-2026-09
node/2431022721,Ambalipura,ಅಂಬಲೀಪುರ,hamlet,13.0698864,77.879654,osm-places-2026-09
node/2431022722,Hedaginabele,ಹೆಡಗಿನಬೆಲೆ,village,13.0414782,77.9174389,osm-places-2026-09
node/2431022733,Attivatta,ಅತ್ತಿವಟ್ಟ,village,13.0867338,77.8519458,osm-places-2026-09
node/2431022742,Bommanabande,ಬೊಮ್ಮನಬಂಡೆ,village,13.0123778,77.8731974,osm-places-2026-09
node/2431022748,Khaji Hosahalli,ಖಾಜಿ ಹೊಸಹಳ್ಳಿ,village,13.0078614,77.8664259,osm-places-2026-09
node/2431022773,Haraluru,ಹರಳೂರು,village,13.0650361,77.8381764,osm-places-2026-09
node/2431022785,Irabanahalli,ಇರಬನಹಳ್ಳಿ,village,13.0208679,77.9265369,osm-places-2026-09
node/2431022787,Alagondanahalli,ಆಲಗೊಂಡನಹಳ್ಳಿ,village,13.0558818,77.9161321,osm-places-2026-09
node/2431022791,Chikkataggali,ಚಿಕ್ಕತಗ್ಗಲಿ,village,13.0514504,77.8856193,osm-places-2026-09
node/2431022798,Appasandra,ಅಪ್ಪಸಂದ್ರ,village,13.062717,77.8963267,osm-places-2026-09
node/2431022799,Kattigenahalli,ಕಟ್ಟಿಗೇನಹಳ್ಳಿ,village,13.0236672,77.8776606,osm-places-2026-09
node/2431022809,Doddanallala,ದೊಡ್ಡನಲ್ಲಾಳ,village,13.0834921,77.8973974,osm-places-2026-09
node/2431022818,Taggali Hosahalli,ತಗ್ಗಲಿ ಹೊಸಹಳ್ಳಿ,village,13.0458262,77.8856407,osm-places-2026-09
node/2431022847,Doddataggali,ದೊಡ್ಡತಗ್ಗಲಿ,village,13.0570409,77.8906726,osm-places-2026-09
node/2431022848,Chokkandahalli,ಚೊಕ್ಕಂಡಹಳ್ಳಿ,village,13.0267215,77.9213012,osm-places-2026-09
node/2431022853,Kolathuru,ಕೊಳತೂರು,village,13.0746581,77.8297348,osm-places-2026-09
node/2431022871,Orohalli,ಓರೋಹಳ್ಳಿ,village,13.0593883,77.8742955,osm-places-2026-09
node/2431022880,Yalachamanahalli,ಯಳಚಾಮನಹಳ್ಳಿ,hamlet,13.0656433,77.9104029,osm-places-2026-09
node/2431022900,Doddadenahalli,ದೊಡ್ಡದೇನಹಳ್ಳಿ,village,13.0669382,77.9210437,osm-places-2026-09
node/2431022929,Gangapura,ಗಂಗಾಪುರ,village,13.0483984,77.8926359,osm-places-2026-09
node/2431022962,Picchaguntrahalli,ಪಿಚ್ಚಗುಂಟರಹಳ್ಳಿ,village,12.9994154,77.8840099,osm-places-2026-09
node/2431022982,Thindlu,ತಿಂಡ್ಲು,village,12.9900077,77.8653418,osm-places-2026-09
node/2431022984,Hanumanayakanahalli,ಹನುಮನಾಯಕನಹಳ್ಳಿ,village,13.0146619,77.9166932,osm-places-2026-09
node/2431022992,Injanahalli,ಇಂಜನಹಳ್ಳಿ,village,13.0621725,77.8837074,osm-places-2026-09
node/2431022995,Thavatahalli,ತವಟಹಳ್ಳಿ,village,13.0772218,77.870232,osm-places-2026-09
node/2431022996,Madivala,ಮಡಿವಾಳ,village,13.0247543,77.9280389,osm-places-2026-09
node/2431022998,Dandupalya,ದಂಡುಪಾಳ್ಯ,village,13.0745893,77.8114616,osm-places-2026-09
node/2431023012,Soluru,ಸೋಲೂರು,village,13.0728534,77.8445278,osm-places-2026-09
node/2431285337,Vagata,ವಾಗಟ,village,13.0233932,77.8361769,osm-places-2026-09
node/2431285340,Devashettihalli,ದೇವಶೆಟ್ಟಿಹಳ್ಳಿ,village,13.0240622,77.8216286,osm-places-2026-09
node/2431285380,Bhaktarahalli,ಭಕ್ತರಹಳ್ಳಿ,village,13.0205657,77.7941445,osm-places-2026-09
node/2431285384,Kodihalli,ಕೋಡಿಹಳ್ಳಿ,village,13.0191075,77.8115306,osm-places-2026-09
node/2431285415,Makanahalli,ಮಾಕನಹಳ್ಳಿ,village,13.0091351,77.8284092,osm-places-2026-09
node/2431285422,Bisanahalli,ಬಿಸನಹಳ್ಳಿ,village,13.0083427,77.8124018,osm-places-2026-09
node/2431285431,Jinnagara,ಜಿನ್ನಾಗರ,village,13.0335782,77.821995,osm-places-2026-09
node/2451396852,Agrahara Layout,ಅಗ್ರಹಾರ ಬಡಾವಣೆ,village,13.0978927,77.62596,osm-places-2026-09
node/2452395971,Doddajala,ದೊಡ್ಡಜಾಲ,village,13.1767348,77.6520502,osm-places-2026-09
node/2452397850,Shettigere Chikkajala,ಶೆಟ್ಟಿಗೆರೆ ಚಿಕ್ಕಜಾಲ,village,13.1796212,77.6658802,osm-places-2026-09
node/2452398857,Muthugadahalli,ಮುತ್ತುಗದಹಳ್ಳಿ,hamlet,13.1825978,77.6732247,osm-places-2026-09
node/2452399154,Beguru,ಬೇಗೂರು,village,13.183488,77.6808312,osm-places-2026-09
node/2452399374,Chikkanahalli,ಚಿಕ್ಕನಹಳ್ಳಿ,hamlet,13.184078,77.6892319,osm-places-2026-09
node/2452399527,Mylanahalli,ಮೈಲನಹಳ್ಳಿ,village,13.1857757,77.6967689,osm-places-2026-09
node/2452682380,Uttanahalli,ಉತ್ತನಹಳ್ಳಿ,village,13.1654662,77.651551,osm-places-2026-09
node/2452686711,Kodagalahatti,ಕೋಡಗಲಹಟ್ಟಿ,village,13.144498,77.6292417,osm-places-2026-09
node/2452691228,Hosahalli,ಹೊಸಹಳ್ಳಿ,village,13.1406199,77.641836,osm-places-2026-09
node/2452936699,Kolipura,ಕೋಳಿಪುರ,hamlet,13.1688145,77.6575913,osm-places-2026-09
node/2452938309,Misiganahalli,ಮೀಸಿಗಾನಹಳ್ಳಿ,village,13.1652573,77.668347,osm-places-2026-09
node/245608414,Channapattana,ಚನ್ನಪಟ್ಟಣ,town,12.6544559,77.2042594,osm-places-2026-09
node/245609200,Anekal,ಆನೇಕಲ್,town,12.7086373,77.6993972,osm-places-2026-09
node/245609255,Ramanagara,ರಾಮನಗರ,town,12.7252766,77.2804797,osm-places-2026-09
node/245612139,Sarjapura,ಸರ್ಜಾಪುರ,town,12.8600866,77.7861352,osm-places-2026-09
node/245614962,Magadi,ಮಾಗಡಿ,town,12.9567353,77.2242281,osm-places-2026-09
node/245616482,Maluru,ಮಾಲೂರು,town,13.0058697,77.9393648,osm-places-2026-09
node/245617420,Soluru,ಸೋಲೂರು,village,13.0719814,77.244551,osm-places-2026-09
node/245618826,Karappanahalli,ಕರಪನಹಳ್ಳಿ,village,13.1654407,77.883706,osm-places-2026-09
node/245619518,Doddabelavangala,ದೊಡ್ಡಬೆಳವಂಗಲ,village,13.2888795,77.4215754,osm-places-2026-09
node/245620464,Sidlaghatta,ಶಿಡ್ಲಘಟ್ಟ,town,13.3885218,77.8641332,osm-places-2026-09
node/245621565,Dodda Saggere,ದೊಡ್ಡಸಗ್ಗೆರೆ,village,13.4692342,77.3511528,osm-places-2026-09
node/2456812804,Singanayakanahalli,ಸಿಂಗನಾಯಕನಹಳ್ಳಿ,village,13.1478621,77.5693207,osm-places-2026-09
node/2456815716,Addiganahalli,ಅದ್ದಿಗಾನಹಳ್ಳಿ,village,13.1735343,77.5700547,osm-places-2026-09
node/2456816605,Timmasandra,ತಿಮ್ಮಸಂದ್ರ,village,13.1715432,77.5809322,osm-places-2026-09
node/2456817864,Tarahunase,ತರಹುಣಸೆ,village,13.1787744,77.5879515,osm-places-2026-09
node/2456820621,Nagenahalli,ನಾಗೇನಹಳ್ಳಿ,village,13.1310462,77.574511,osm-places-2026-09
node/2456829293,Nagadasanahalli,ನಾಗದಾಸನಹಳ್ಳಿ,village,13.1601353,77.5780542,osm-places-2026-09
node/2456873095,Anantapura,ಅನಂತಪುರ,neighbourhood,13.1150894,77.5679972,osm-places-2026-09
node/2456875081,Ramagondanahalli,ರಾಮಗೊಂಡನಹಳ್ಳಿ,neighbourhood,13.1196469,77.5586193,osm-places-2026-09
node/2456890430,Doddatumakuru,ದೊಡ್ಡತುಮಕೂರು,village,13.2271518,77.5304736,osm-places-2026-09
node/2456929145,Jinke Bachahalli,ಜಿಂಕೆಬಚ್ಚಹಳ್ಳಿ,village,13.2466758,77.5322721,osm-places-2026-09
node/2456931635,Kakkehalli,ಕಕ್ಕೆಹಳ್ಳಿ,hamlet,13.2152761,77.5284049,osm-places-2026-09
node/2456939723,Chikka Tumakuru,ಚಿಕ್ಕ ತುಮಕೂರು,village,13.2631186,77.5340004,osm-places-2026-09
node/2456960364,Muttugadahalli,ಮುತ್ತುಗದಹಳ್ಳಿ,village,13.1412357,77.5260412,osm-places-2026-09
node/2456963405,Ittagalapura,ಇಟ್ಟಗಳಪುರ,village,13.1709005,77.5422337,osm-places-2026-09
node/2456973243,Vishvanathapura,ವಿಶ್ವನಾಥಪುರ,village,13.1867447,77.5505272,osm-places-2026-09
node/2456976713,Arakere,ಅರಕೆರೆ,village,13.2001117,77.5387874,osm-places-2026-09
node/2456982886,Bairapura,ಬೈರಾಪುರ,village,13.201324,77.5231269,osm-places-2026-09
node/2456987810,Haniyuru,ಹನಿಯೂರು,village,13.2134301,77.5148913,osm-places-2026-09
node/2456989936,Gaudahalli,ಗೌಡಹಳ್ಳಿ,village,13.2270783,77.5202155,osm-places-2026-09
node/2457605435,Shyanuboganahalli,ಶ್ಯಾನುಬೋಗನಹಳ್ಳಿ,village,13.1793227,77.5317087,osm-places-2026-09
node/2457605911,Chokkenahalli,ಚೊಕ್ಕೇನಹಳ್ಳಿ,village,13.1832532,77.5395113,osm-places-2026-09
node/2457606208,Budamanahalli,ಬುಡಮನಹಳ್ಳಿ,village,13.1911399,77.5280582,osm-places-2026-09
node/2457607399,Koluvarayanahalli,ಕೊಲುವರಾಯನಹಳ್ಳಿ,village,13.1654293,77.5224075,osm-places-2026-09
node/2458141359,Sadenahalli,ಸಾದೇನಹಳ್ಳಿ,village,13.1944923,77.5730909,osm-places-2026-09
node/2458158716,Maragondanahalli,ಮಾರಗೊಂಡನಹಳ್ಳಿ,village,13.2035418,77.5760721,osm-places-2026-09
node/2458167335,Bettenahalli,ಬೆಟ್ಟೇನಹಳ್ಳಿ,village,13.2086636,77.5886003,osm-places-2026-09
node/2459123115,Kodigehalli,ಕೊಡಿಗೇಹಳ್ಳಿ,village,13.3042193,77.5112285,osm-places-2026-09
node/2459178172,Aralu Mallige,ಅರಳುಮಲ್ಲಿಗೆ,village,13.2735364,77.5096608,osm-places-2026-09
node/2459178377,Yekashipura,ಏಕಾಶಿಪುರ,village,13.2584887,77.5142689,osm-places-2026-09
node/2459325861,Sonnenahalli,ಸೊಣ್ಣೇನಹಳ್ಳಿ,village,13.1979489,77.5003487,osm-places-2026-09
node/2459336882,Challahalli,ಚಲ್ಲಹಳ್ಳಿ,village,13.2172845,77.5066675,osm-places-2026-09
node/2459382745,Suradenapura,ಸುರದೇನಪುರ,village,13.2109392,77.5619287,osm-places-2026-09
node/2460375183,Amarjyothi Nagara,ಅಮರಜ್ಯೋತಿ ನಗರ,neighbourhood,13.0357115,77.5966914,osm-places-2026-09
node/2460400524,Coffee Board Layout,ಕಾಫಿ ಬೋರ್ಡ್ ಲೇಔಟ್,neighbourhood,13.0503251,77.6060803,osm-places-2026-09
node/2460558609,Dasarahalli,ದಾಸರಹಳ್ಳಿ,neighbourhood,13.0562455,77.6115282,osm-places-2026-09
node/2461346892,Kodigehalli,ಕೊಡಿಗೆಹಳ್ಳಿ,quarter,13.0601125,77.5767725,osm-places-2026-09
node/2461361313,Thindlu,ತಿಂಡ್ಲು,quarter,13.0737171,77.5669771,osm-places-2026-09
node/2461568535,Kadayarppanhalli,ಕಾಡಯರಪ್ಪನಹಳ್ಳಿ,hamlet,13.1841872,77.7051708,osm-places-2026-09
node/2461754533,Huvinayakanahalli,ಹೂವಿನಾಯಕನಹಳ್ಳಿ,village,13.1478821,77.6896848,osm-places-2026-09
node/2461761015,Yediyur,ಯಡಿಯೂರು,hamlet,13.1312237,77.6957681,osm-places-2026-09
node/2462838200,Maralakunte,ಮರಳಕುಂಟೆ,village,13.1322875,77.7048953,osm-places-2026-09
node/2462850619,Bande Kodigehalli,ಬಂಡಿಕೊಡಗೆಹಳ್ಳಿ,village,13.1725203,77.6911517,osm-places-2026-09
node/2463032631,Shampura,ಶಾಂಪುರ,neighbourhood,13.0272035,77.6140682,osm-places-2026-09
node/2463849020,Nagavara,ನಾಗವಾರ,suburb,13.0374647,77.623602,osm-places-2026-09
node/2470184264,Bylahalli,ಬೈಲಹಳ್ಳಿ,hamlet,13.1690516,77.680815,osm-places-2026-09
node/2470198740,Kada Sonappana Halli,ಕಾಡು ಸೊನ್ನಪ್ಪನಹಳ್ಳಿ,hamlet,13.0987689,77.6640488,osm-places-2026-09
node/2470881304,Chowdanahalli,ಚೌಡನಹಳ್ಳಿ,village,13.2144928,77.6288069,osm-places-2026-09
node/2470881315,Sadahalli,ಸದಾಹಳ್ಳಿ,village,13.2111088,77.647022,osm-places-2026-09
node/2470881491,Nagamangala,ನಾಗಮಂಗಲ,village,13.2165279,77.6188304,osm-places-2026-09
node/2470885340,Neraganahalli,ನರಗನಹಳ್ಳಿ,village,13.2361351,77.6297013,osm-places-2026-09
node/2470903054,Elatthuru,ಎಲತ್ತೂರು,village,13.2208405,77.6446882,osm-places-2026-09
node/2470903322,Uganawadi,ಉಗನವಾಡಿ,village,13.2388959,77.6572785,osm-places-2026-09
node/2471150882,Kempathimmanahalli,ಕೆಂಪತಿಮ್ಮನಹಳ್ಳಿ,village,13.2234855,77.6544864,osm-places-2026-09
node/2471153226,Devaganahalli,ದೇವಗಾನಹಳ್ಳಿ,village,13.2531396,77.6485304,osm-places-2026-09
node/2471155263,Soluru,ಸೋಲೂರು,village,13.263116,77.6547117,osm-places-2026-09
node/2471197648,Poojenahalli,ಪೂಜನಹಳ್ಳಿ,village,13.216271,77.6572142,osm-places-2026-09
node/2471198638,Kannamangala,ಕನ್ನಮಂಗಲ,village,13.2151923,77.6667197,osm-places-2026-09
node/2471234167,Kannamangala Palya,ಕನ್ನಮಂಗಲ ಪಾಳ್ಯ,village,13.2215664,77.6697803,osm-places-2026-09
node/2471241005,Bhuvanahalli,ಭುವನಹಳ್ಳಿ,village,13.2176918,77.6816863,osm-places-2026-09
node/2471242067,Doddasanne,ದೊಡ್ಡಸಣ್ಣೆ,village,13.2177635,77.6941039,osm-places-2026-09
node/2471814744,Kundana,ಕುಂದನ,village,13.257088,77.6284828,osm-places-2026-09
node/2471978427,Bommawara,ಬೊಮ್ಮವಾರ,village,13.2524488,77.6709181,osm-places-2026-09
node/2472138481,Anighatta,ಅಣಿಘಟ್ಟ,village,13.2780852,77.6896935,osm-places-2026-09
node/2472285410,Balepura,ಬಾಲೇಪುರ,village,13.1988242,77.7781235,osm-places-2026-09
node/2472302035,Ankonahalli,ಅಂಕೋನಹಳ್ಳಿ,village,13.2046769,77.7990662,osm-places-2026-09
node/2472305280,Dodda Kurubarahalli,ದೊಡ್ಡ ಕುರುಬರಹಳ್ಳಿ,village,13.2253418,77.8088429,osm-places-2026-09
node/2472307253,Ibasapura,ಐಬಸಾಪುರ,village,13.2431585,77.8215484,osm-places-2026-09
node/2472309888,Dinnuru,ದಿನ್ನೂರು,village,13.252778,77.8018711,osm-places-2026-09
node/2472327299,Jangamakote,ಜಂಗಮಕೋಟೆ,village,13.2626258,77.8472033,osm-places-2026-09
node/2472336623,Chimachanahalli,ಚೀಮಾಚನಹಳ್ಳಿ,village,13.2261111,77.7904857,osm-places-2026-09
node/2472362328,Doddatattamangala,ದೊಡ್ಡತತ್ತಮಂಗಲ,village,13.2690295,77.7620407,osm-places-2026-09
node/2473040314,Tarabanahalli,ತರಬನಹಳ್ಳಿ,village,13.1905708,77.627882,osm-places-2026-09
node/2473043962,Gadenahalli,ಗಡೇನಹಳ್ಳಿ,village,13.1885367,77.6178291,osm-places-2026-09
node/2473283550,Ayyappanagara,ಅಯ್ಯಪ್ಪನಗರ,neighbourhood,13.0027899,77.7094296,osm-places-2026-09
node/2473544116,Naduvatti,ನಡುವತ್ತಿ,village,13.0064253,77.7970863,osm-places-2026-09
node/2474931873,Horamavu,ಹೊರಮಾವು,suburb,13.0273312,77.6601508,osm-places-2026-09
node/2474952651,K. Channasandra,ಕೆ. ಚನ್ನಸಂದ್ರ,quarter,13.040022,77.6796248,osm-places-2026-09
node/2477271370,Bisanahalli,ಬಿಸನಹಳ್ಳಿ,village,12.9931642,77.8227766,osm-places-2026-09
node/2477273576,Hosahalli,ಹೊಸಹಳ್ಳಿ,village,12.9687499,77.8325273,osm-places-2026-09
node/2477273609,Banarahalli,ಬಾಣಾರಹಳ್ಳಿ,hamlet,12.9570589,77.86279,osm-places-2026-09
node/2477275643,Somalapura,ಸೋಮಾಲಪುರ,village,12.9686041,77.861241,osm-places-2026-09
node/2477275877,Dommaluru,ದೊಮ್ಮಲೂರು,village,12.9680573,77.8718312,osm-places-2026-09
node/2477276743,Lakkuru,ಲಕ್ಕೂರು,village,12.9291542,77.8863665,osm-places-2026-09
node/2477276745,Pura,ಪುರ,village,12.9406862,77.8828301,osm-places-2026-09
node/2477314782,Kodihalli,ಕೋಡಿಹಳ್ಳಿ,village,12.9288587,77.8986305,osm-places-2026-09
node/2477317710,Baraguru,ಬರಗೂರು,village,12.9520869,77.8841094,osm-places-2026-09
node/2477317712,Arasanahalli,ಅರಸನಹಳ್ಳಿ,village,12.9649475,77.8884226,osm-places-2026-09
node/2477436176,Kittaganuru,ಕಿತ್ತಗನೂರು,village,13.0374788,77.7103158,osm-places-2026-09
node/2477486442,Maragondanahalli,ಮಾರಗೊಂಡನಹಳ್ಳಿ,neighbourhood,13.0375814,77.6927879,osm-places-2026-09
node/2477505097,Varanasi,ವಾರಣಾಸಿ,neighbourhood,13.0304962,77.6860657,osm-places-2026-09
node/2477612828,Kaggadasapura,ಕಗ್ಗದಾಸಪುರ,quarter,12.9819618,77.6784643,osm-places-2026-09
node/2480165994,Kannurahalli,ಕಣ್ಣೂರಹಳ್ಳಿ,village,13.0598957,77.8075369,osm-places-2026-09
node/2480198881,Kacharakanahalli,ಕಾಚರಕನಹಳ್ಳಿ,village,12.9957647,77.814568,osm-places-2026-09
node/2480203308,Kurubarahalli,ಕುರುಬರಹಳ್ಳಿ,village,13.1019041,77.7987309,osm-places-2026-09
node/2480834640,Dasarahalli,ದಾಸರಹಳ್ಳಿ,village,13.0994854,77.8361008,osm-places-2026-09
node/2480897642,Gottipura,ಗೊಟ್ಟಿಪುರ,village,13.1080522,77.8505226,osm-places-2026-09
node/2480940655,Jadigenahalli,ಜಡಿಗೇನಹಳ್ಳಿ,village,13.0510014,77.8525514,osm-places-2026-09
node/2480942367,Karibeerana Hosahalli,ಕರಿಬೀರನಹೊಸಹಳ್ಳಿ,village,13.0381929,77.8610054,osm-places-2026-09
node/2480944492,Kamarasanahalli,ಕಾಮರಸನಹಳ್ಳಿ,village,13.0168093,77.8613916,osm-places-2026-09
node/2481077451,Chimandahalli,ಚೀಮಂಡಹಳ್ಳಿ,village,13.0505883,77.8121892,osm-places-2026-09
node/2481079398,Doddanallurahalli,ದೊಡ್ಡನಲ್ಲೂರಹಳ್ಳಿ,village,13.1188137,77.8626296,osm-places-2026-09
node/2481091808,Ganagaluru,ಗಣಗಲೂರು,village,13.0498782,77.7999884,osm-places-2026-09
node/2481094936,Govindapura,ಗೋವಿಂದಪುರ,hamlet,13.0311157,77.8518389,osm-places-2026-09
node/2485111403,Kamanahalli,ಕಾಮನಹಳ್ಳಿ,village,12.9075906,77.7971779,osm-places-2026-09
node/2485116377,Jantagondanahalli,ಜಂತಗೊಂಡನಹಳ್ಳಿ,village,12.9244378,77.7860585,osm-places-2026-09
node/2485140699,Kutaganahalli,ಕೂತಗಾನಹಳ್ಳಿ,village,12.8885577,77.802044,osm-places-2026-09
node/2485942194,Devasandra,ದೇವಸಂದ್ರ,neighbourhood,13.0039325,77.7056756,osm-places-2026-09
node/2497989322,Indlavadi,ಇಂಡ್ಲವಾಡಿ,village,12.7288928,77.637932,osm-places-2026-09
node/2507534416,Narayanakere,ನಾರಾಯಣಕೆರೆ,village,12.943855,77.858466,osm-places-2026-09
node/2516173087,Ramesh Nagar,ರಮೇಶ ನಗರ,neighbourhood,12.9633466,77.6800333,osm-places-2026-09
node/2558505178,Bachenahalli,ಬಾಚೇನಹಳ್ಳಿ,village,13.4183835,77.7060375,osm-places-2026-09
node/2558505179,Madurenahalli,ಮದುರೇನಹಳ್ಳಿ,hamlet,13.4046087,77.638816,osm-places-2026-09
node/2558505180,Kachahalli,ಕಾಚಹಳ್ಳಿ,village,13.3705758,77.5774846,osm-places-2026-09
node/2558505181,Gurukulanagenahalli,ಗುರುಕುಲನಾಗೇನಹಳ್ಳಿ,village,13.4462209,77.6168423,osm-places-2026-09
node/2558505182,Poshettihalli,ಪೋಶೆಟ್ಟಿಹಳ್ಳಿ,village,13.4648357,77.6163938,osm-places-2026-09
node/2558505183,Chikkamuddenahalli,ಚಿಕ್ಕಮುದ್ದೇನಹಳ್ಳಿ,village,13.4057765,77.5763538,osm-places-2026-09
node/2558505185,Narasimhanahalli,ನರಸಿಂಹನಹಳ್ಳಿ,village,13.3801452,77.5887563,osm-places-2026-09
node/2558505186,Tubagere,ತೂಬಗೆರೆ,village,13.3737552,77.570174,osm-places-2026-09
node/2558505187,Jakkalamadagu,ಜಕ್ಕಲಮಡಗು,hamlet,13.4203455,77.6190964,osm-places-2026-09
node/2558505188,Hiremuddenahalli,ಹಿರೇಮುದ್ದೇನಹಳ್ಳಿ,village,13.4113191,77.5829262,osm-places-2026-09
node/2558505189,Kanganahalli,ಕಂಗನಹಳ್ಳಿ,village,13.4028762,77.6422492,osm-places-2026-09
node/2558505190,Nasikuntehosur,ನಸಿಕುಂಟೆ ಹೊಸೂರು,village,13.3996356,77.6448649,osm-places-2026-09
node/2558505191,Hadonahalli,ಹಾಡೋನಹಳ್ಳಿ,village,13.3692418,77.5449548,osm-places-2026-09
node/2558505192,Kanijenahalli,ಕಣಿಜೇನಹಳ್ಳಿ,village,13.4352036,77.7070675,osm-places-2026-09
node/2558505193,Chikkanahalli,ಚಿಕ್ಕನಹಳ್ಳಿ,village,13.4335997,77.6231238,osm-places-2026-09
node/2558505194,Yadlahalli,ಯದ್ಲಹಳ್ಳಿ,village,13.3793039,77.5834069,osm-places-2026-09
node/2558505195,Sothenahalli,ಸೋತೇನಹಳ್ಳಿ,village,13.3804751,77.576092,osm-places-2026-09
node/2558505196,Gungirlahalli,ಗುಂಗೀರ್ಲಹಳ್ಳಿ,village,13.4100346,77.60515,osm-places-2026-09
node/2558505197,Gowchenahalli,ಗೌಚೇನಹಳ್ಳಿ,village,13.3978666,77.6352326,osm-places-2026-09
node/2558505198,Balakuntahalli,ಬಾಲಕುಂಟಹಳ್ಳಿ,village,13.4394774,77.615577,osm-places-2026-09
node/2558505199,Kanivenarayanapura,ಕಣಿವೆನಾರಾಯಣಪುರ,village,13.4003057,77.6728897,osm-places-2026-09
node/2558505200,Suddahalli,ಸುದ್ದಹಳ್ಳಿ,village,13.4127898,77.6940212,osm-places-2026-09
node/2558505201,Gantiganahalli,ಗಂಟಿಗಾನಹಳ್ಳಿ,village,13.414877,77.6991281,osm-places-2026-09
node/2558505202,Balenahalli,ಬಾಲೇನಹಳ್ಳಿ,hamlet,13.4183428,77.6126162,osm-places-2026-09
node/2558505788,Marahalli,ಮಾರಹಳ್ಳಿ,village,13.361814,77.6151063,osm-places-2026-09
node/2558505791,Gantiganahalli,ಗಂಟಿಗಾನಹಳ್ಳಿ,village,13.3600207,77.6032617,osm-places-2026-09
node/2558508100,Malekote,ಮಳೇಕೋಟೆ,village,13.3653419,77.6264553,osm-places-2026-09
node/2558515980,Doddarayappanahalli,ದೊಡ್ಡರಾಯಪ್ಪನಹಳ್ಳಿ,village,13.376051,77.6367019,osm-places-2026-09
node/2558516212,Chikkarayappanahalli,ಚಿಕ್ಕರಾಯಪ್ಪನಹಳ್ಳಿ,village,13.3827734,77.6423345,osm-places-2026-09
node/2558517767,Heggadihalli,ಹೆಗ್ಗಡಿಹಳ್ಳಿ,village,13.3587252,77.6498881,osm-places-2026-09
node/2558519307,Seegehalli,ಸೀಗೆಹಳ್ಳಿ,village,13.3641543,77.6399972,osm-places-2026-09
node/2558519308,Chennapura,ಚೆನ್ನಾಪುರ,village,13.3713357,77.64416,osm-places-2026-09
node/2559355662,Pujanahalli,ಪೂಜನಹಳ್ಳಿ,hamlet,13.4308018,77.7531182,osm-places-2026-09
node/2559355670,Anakanuru,ಅಣಕನೂರು,village,13.4361458,77.7492344,osm-places-2026-09
node/2559355681,Andralahalli,ಅಂದರ್ಲಹಳ್ಳಿ,village,13.4333272,77.7742326,osm-places-2026-09
node/2559355682,Patrenahalli,ಪಟ್ರೇನಹಳ್ಳಿ,village,13.4277964,77.7662718,osm-places-2026-09
node/2559355689,Nayanahalli,ನಾಯನಹಳ್ಳಿ,village,13.4248964,77.7764856,osm-places-2026-09
node/2559364148,Muttugadahalli,ಮುತ್ತುಗದಹಳ್ಳಿ,village,13.4370213,77.7821076,osm-places-2026-09
node/2559364155,Tammanayakanahalli,ತಮ್ಮನಾಯಕನಹಳ್ಳಿ,village,13.426085,77.7921283,osm-places-2026-09
node/2559364159,Sabbenahalli,ಸಬ್ಬೇನಹಳ್ಳಿ,village,13.452637,77.7498834,osm-places-2026-09
node/2559364161,Ethamakalahalli,ಈತಮಾಕಲಹಳ್ಳಿ,hamlet,13.448605,77.7639308,osm-places-2026-09
node/2559364164,Manchanabale,ಮಂಚನಬಲೆ,village,13.4573369,77.7539148,osm-places-2026-09
node/2559364167,Adavigollavarahalli,ಅಡವಿಗೊಲ್ಲವಾರಹಳ್ಳಿ,village,13.445723,77.7762045,osm-places-2026-09
node/2559364171,Varadahalli,ವರದಹಳ್ಳಿ,village,13.4298846,77.7854549,osm-places-2026-09
node/2559385423,Honnenahalli,ಹೊನ್ನೇನಹಳ್ಳಿ,village,13.4571035,77.7364634,osm-places-2026-09
node/2559389464,Jatavara,ಜಾತವಾರ,village,13.4157535,77.8067624,osm-places-2026-09
node/2559389478,Handiganala,ಹಂಡಿಗನಾಳ,village,13.3841521,77.8434958,osm-places-2026-09
node/2559389483,Hosahudya,ಹೊಸಹುಡ್ಯ,village,13.3961757,77.8304925,osm-places-2026-09
node/2559389484,Giddnahalli,ಗಿಡ್ನಹಳ್ಳಿ,village,13.4069463,77.8180899,osm-places-2026-09
node/2559389486,Jatavara Hosahalli,ಜಾತವಾರಹೊಸಹಳ್ಳಿ,village,13.4208045,77.7989518,osm-places-2026-09
node/2559415399,Pindipapanahalli,ಪಿಂಡಿಪಾಪನಹಳ್ಳಿ,village,13.4002669,77.9199709,osm-places-2026-09
node/2559415403,Veerapura,ವೀರಪುರ,village,13.3911226,77.8866177,osm-places-2026-09
node/2559415416,Seegehalli,ಸೀಗೆಹಳ್ಳಿ,village,13.387352,77.9543375,osm-places-2026-09
node/2559415429,Kadirinayakanahalli,ಕದಿರಿನಾಯಕನಹಳ್ಳಿ,village,13.4035754,77.9408085,osm-places-2026-09
node/2559415445,Budala,ಬೂದಾಳ,hamlet,13.3901003,77.879247,osm-places-2026-09
node/2559415460,Hosahalli,ಹೊಸಹಳ್ಳಿ,hamlet,13.405527,77.9304874,osm-places-2026-09
node/2559415479,Taladummanahalli,ತಲದುಮ್ಮನಹಳ್ಳಿ,village,13.3934921,77.8940584,osm-places-2026-09
node/2559415487,Bommanahalli,ಬೊಮ್ಮನಹಳ್ಳಿ,village,13.4005592,77.9111776,osm-places-2026-09
node/2559415503,Sonnenahalli,ಸೊಣ್ಣೇನಹಳ್ಳಿ,village,13.4010184,77.8999295,osm-places-2026-09
node/2559415512,Bachchahalli,ಬಚ್ಚಹಳ್ಳಿ,village,13.3908528,77.9080426,osm-places-2026-09
node/2559415519,Hunasenahalli,ಹುಣಸೇನಹಳ್ಳಿ,village,13.4013106,77.9476513,osm-places-2026-09
node/2559415522,Idludu,ಇದ್ಲೂಡು,village,13.4011634,77.8753197,osm-places-2026-09
node/2571438691,Akkipete,ಅಕ್ಕಿಪೇಟೆ,village,13.2504293,77.7010404,osm-places-2026-09
node/2572847289,Talahalli,ತಾಳಹಳ್ಳಿ,village,13.3676709,77.7625966,osm-places-2026-09
node/2572847297,Kanitahalli,ಕಣಿತಹಳ್ಳಿ,village,13.357401,77.783238,osm-places-2026-09
node/2572847303,Meluru,ಮೇಲೂರು,village,13.3476372,77.8252622,osm-places-2026-09
node/2572847319,Nakkalahall,ನಕ್ಕಲಹಳ್ಳಿ,hamlet,13.3624853,77.7727938,osm-places-2026-09
node/2572847320,Varamallenahalli,ವರಮಲ್ಲೇನಹಳ್ಳಿ,hamlet,13.377325,77.7301377,osm-places-2026-09
node/2572847329,Appegaudanahalli,ಅಪ್ಪೇಗೌಡನಹಳ್ಳಿ,village,13.3689318,77.8151342,osm-places-2026-09
node/2572847335,Kadagasenahalli,ಕಡಗಸೇನಹಳ್ಳಿ,village,13.3757186,77.8062475,osm-places-2026-09
node/2572847357,Bommanahalli,ಬೊಮ್ಮನಹಳ್ಳಿ,village,13.3762271,77.7547092,osm-places-2026-09
node/2572847377,Ganganahalli,ಗಂಗನಹಳ್ಳಿ,village,13.3678045,77.7943626,osm-places-2026-09
node/2572847397,Chadalupura,ಚದಲುಪುರ,village,13.3828149,77.7256962,osm-places-2026-09
node/2572847398,Taudanahalli,ತೌಡನಹಳ್ಳಿ,village,13.3738596,77.7722586,osm-places-2026-09
node/2572847419,Mutturu,ಮುತ್ತೂರು,village,13.3466361,77.8011835,osm-places-2026-09
node/2572847421,Shrirampura,ಶ್ರೀರಾಂಪುರ,village,13.3858629,77.7623022,osm-places-2026-09
node/2572847438,Kolavanahalli,ಕೊಳವನಹಳ್ಳಿ,village,13.3814408,77.74898,osm-places-2026-09
node/2572847449,Channappana Hosur,ಚನ್ನಪ್ಪನ ಹೊಸೂರು,hamlet,13.3450712,77.7898968,osm-places-2026-09
node/2572847461,Ganganahalli,ಗಂಗನಹಳ್ಳಿ,village,13.3571167,77.8030503,osm-places-2026-09
node/2572847479,Gaviganahalli,ಗವಿಗಾನಹಳ್ಳಿ,village,13.3819066,77.7307814,osm-places-2026-09
node/2572847482,Kondenahalli,ಕೊಂಡೇನಹಳ್ಳಿ,village,13.3725246,77.7979005,osm-places-2026-09
node/2574521998,Bandahalli,ಬಂಡಹಳ್ಳಿ,hamlet,13.1608846,77.9335673,osm-places-2026-09
node/2574522093,Koratti,ಕೊರಟ್ಟಿ,village,13.1886466,77.9571877,osm-places-2026-09
node/2574522100,Guttahalli,ಗುಟ್ಟಹಳ್ಳಿ,village,13.1750608,77.9583828,osm-places-2026-09
node/2574522111,Hettakki,ಹೆತ್ತಕ್ಕಿ,village,13.1540884,77.9326983,osm-places-2026-09
node/2574522148,Nelavagilu,ನೆಲವಾಗಿಲು,village,13.2204772,77.9355841,osm-places-2026-09
node/2574522149,Hedakanahalli,ಹೆಡಕನಹಳ್ಳಿ,village,13.1795418,77.9512374,osm-places-2026-09
node/2574522204,Doddaganahalli,ದೊಡ್ಡಗಾನಹಳ್ಳಿ,village,13.1817041,77.9494243,osm-places-2026-09
node/2574522235,Chikkakorati,ಚಿಕ್ಕ ಕೊರತಿ,village,13.1951067,77.9559474,osm-places-2026-09
node/2574522248,Yeshwanthapura,ಯಶವಂತಪುರ,village,13.2120016,77.9518224,osm-places-2026-09
node/2574522347,Yetthinadevarapura,ಎತ್ತಿನೋಡೆಯಪುರ,hamlet,13.2230052,77.9457335,osm-places-2026-09
node/2574522352,Bylanarasapura,ಬೈಲನರಸಾಪುರ,village,13.1769973,77.9356007,osm-places-2026-09
node/2574522354,Arehalli,ಅರೇಹಳ್ಳಿ,village,13.2229003,77.9482656,osm-places-2026-09
node/2574541207,N Hosahalli,ಹೊಸಹಳ್ಳಿ,village,13.1843569,77.9286634,osm-places-2026-09
node/2574541209,Gopasandra,ಗೋಪಸಂದ್ರ,village,13.2337188,77.826673,osm-places-2026-09
node/2574541217,Konaginabele,ಕೊನಗಿನಬೆಲೆ,hamlet,13.2237342,77.8139271,osm-places-2026-09
node/2574541232,Muddanahalli,ಮುದ್ದನಹಳ್ಳಿ,village,13.1943024,77.9136431,osm-places-2026-09
node/2574541239,Chikka Aralagere,ಚಿಕ್ಕಅರಳಗೆರೆ,village,13.2005885,77.8243126,osm-places-2026-09
node/2574541245,Ittasandra,ಇಟ್ಟಸಂದ್ರ,village,13.2198071,77.8822913,osm-places-2026-09
node/2574541252,Teneyuru,ತೆನೆಯೂರು,village,13.2272435,77.8367152,osm-places-2026-09
node/2574541254,Balenahalli,ಬಾಲೇನಹಳ್ಲಿ,village,13.199253,77.8488736,osm-places-2026-09
node/2574541257,Isturu Hosahalli,ಈಸ್ತೂರು ಹೊಸಹಳ್ಳಿ,village,13.2280721,77.8606573,osm-places-2026-09
node/2574541258,Dodda Aralagere,ದೊಡ್ಡಅರಳಗೆರೆ,village,13.1936965,77.8382601,osm-places-2026-09
node/2574541261,Dyavasandra,ದ್ಯಾವಸಂದ್ರ,village,13.2012591,77.8407921,osm-places-2026-09
node/2574541265,Giddahalli,ಗಿಡ್ನಹಳ್ಳಿ,village,13.1998374,77.9100382,osm-places-2026-09
node/2574541270,Anupahalli,ಅನುಪಹಳ್ಳಿ,village,13.2151718,77.857057,osm-places-2026-09
node/2574541291,Bendiganahalli,ಬೆಂಡಿಗಾನಹಳ್ಳಿ,village,13.2173482,77.8337043,osm-places-2026-09
node/2574541297,Chimasandra,ಚೀಮಸಂದ್ರ,village,13.2127904,77.8683867,osm-places-2026-09
node/2574541300,Isturu,ಈಸ್ತೂರು,village,13.2243421,77.8709638,osm-places-2026-09
node/2574541309,Papanahalli,ಪಾಪನಹಳ್ಳಿ,hamlet,13.21325,77.8020825,osm-places-2026-09
node/2574541310,Byrasandra,ಬೈರಸಂದ್ರ,village,13.2243447,77.8532441,osm-places-2026-09
node/2574541321,Meduru,ಮೇಡೂರು,village,13.2054163,77.9171836,osm-places-2026-09
node/2574541325,Timmappanahalli,ತಿಮ್ಮಪ್ಪನಹಳ್ಳಿ,village,13.2189319,77.8252568,osm-places-2026-09
node/2574551817,Muttakadahalli,ಮುತ್ತಕದಹಳ್ಳಿ,village,13.1755204,77.9024422,osm-places-2026-09
node/2574551865,Obalahalli,ಓಬಳಹಳ್ಳಿ,village,13.166411,77.9158747,osm-places-2026-09
node/2574551882,Gullenahalli,ಗುಲ್ಲೇನಹಳ್ಳಿ,hamlet,13.1654708,77.9063064,osm-places-2026-09
node/2574573055,Huluvanahalli,ಹುಳುವನಹಳ್ಳಿ,village,13.1651772,77.9220974,osm-places-2026-09
node/2574573089,Kembliganahalli,ಕೆಂಬಳಿಗಾನಹಳ್ಳಿ,village,13.1303439,77.8836527,osm-places-2026-09
node/2574573176,Volegerepura,ಒಲೆಗೇರಪುರ,village,13.1117034,77.8727211,osm-places-2026-09
node/2574573202,Mugabala,ಮುಗಬಾಳ,village,13.1187669,77.8897585,osm-places-2026-09
node/2574573233,Chikkanahalli,ಚಿಕ್ಕನಹಳ್ಳಿ,village,13.1315987,77.9027211,osm-places-2026-09
node/2574573272,Gadigenahalli,ಗಡಿಗೇನಹಳ್ಳಿ,village,13.1307639,77.8985154,osm-places-2026-09
node/2574573431,Channapura,ಚನ್ನಾಪುರ,hamlet,13.108276,77.8663268,osm-places-2026-09
node/2574595537,Gollahalli,ಗೊಲ್ಲಹಳ್ಳಿ,village,13.1397071,77.8874408,osm-places-2026-09
node/2574595554,Bhimapura,ಭೀಮಾಪುರ,village,13.1443857,77.9078256,osm-places-2026-09
node/2574625147,Byranahalli,ಬೈರನಹಳ್ಳಿ,village,13.1047166,77.9296909,osm-places-2026-09
node/2574625162,Thoranahalli,ತೋರನಹಳ್ಳಿ,village,13.1022609,77.919284,osm-places-2026-09
node/2574625165,Lingapura,ಲಿಂಗಾಪುರ,village,13.1492344,77.9308303,osm-places-2026-09
node/2574625210,Ramasandra,ರಾಮಸಂದ್ರ,village,13.1199827,77.9494105,osm-places-2026-09
node/2574625228,Banamakanahalli,ಬನಮಾಕನಹಳ್ಳಿ,village,13.1383701,77.9376764,osm-places-2026-09
node/2574625261,Kalappanahalli,ಕಾಳಪ್ಪನಹಳ್ಳಿ,village,13.1218948,77.9320513,osm-places-2026-09
node/2574625357,Chinnandahalli,ಚಿನ್ನಂಡಹಳ್ಳಿ,hamlet,13.1100792,77.9053365,osm-places-2026-09
node/2574625394,Sonnanayakanahalli,ಸೊನ್ನನಾಯಕನಹಳ್ಳಿ,hamlet,13.1097427,77.921773,osm-places-2026-09
node/2574625431,Manchappanahalli,ಮಂಚಪ್ಪನಹಳ್ಳಿ,village,13.1221895,77.9227386,osm-places-2026-09
node/2574625467,Paramanahalli,ಪರಮನಹಳ್ಳಿ,village,13.0085338,77.8437594,osm-places-2026-09
node/2574625469,Mallasandra,ಮಲ್ಲಸಂದ್ರ,village,13.1091993,77.9541312,osm-places-2026-09
node/2574625475,Poojaramanahalli,ಪೂಜರಾಮನಹಳ್ಳಿ,village,13.1214058,77.9033624,osm-places-2026-09
node/2574625481,Guguttahalli,ಗೂಗುಟ್ಟಹಳ್ಳಿ,village,13.0902249,77.9074822,osm-places-2026-09
node/2575200552,Gonighattapura,ಗೋಣಿಘಟ್ಟಪುರ,hamlet,12.9132925,77.7886655,osm-places-2026-09
node/2575200566,Halasahalli,ಹಲಸಹಳ್ಳಿ,village,12.924052,77.7626459,osm-places-2026-09
node/2575200582,Nekkundi Dommasandra,ನೆಕ್ಕುಂದಿದೊಮ್ಮಸಂದ್ರ,village,12.927462,77.7761449,osm-places-2026-09
node/2575200585,Ramaswamypalya,ರಾಮಸ್ವಾಮಿಪಾಳ್ಯ,hamlet,12.9585897,77.797012,osm-places-2026-09
node/2575206063,Gullahalli,ಗುಳ್ಳಹಳ್ಳಿ,village,13.1699592,77.8353048,osm-places-2026-09
node/2575206064,Mutakadahalli,ಮುತಕದಹಳ್ಳಿ,village,13.1497755,77.844317,osm-places-2026-09
node/2575206065,Chikka Koliga,ಚಿಕ್ಕಕೋಲಿಗ,hamlet,13.1565475,77.8279663,osm-places-2026-09
node/2575206066,Doddakoliga,ದೊಡ್ಡಕೋಲಿಗ,village,13.1590548,77.8399397,osm-places-2026-09
node/2575206067,Sonnebychanahalli,ಸೊಣ್ಣೇಬೈಚನಹಳ್ಳಿ,hamlet,13.1453039,77.8475357,osm-places-2026-09
node/2575206068,Bagaluru,ಬಾಗಲೂರು,hamlet,13.1473955,77.8537155,osm-places-2026-09
node/2577178001,Kadagrahara,ಕಾಡ ಅಗ್ರಹಾರ,village,12.8629979,77.763056,osm-places-2026-09
node/2577178043,Valagere Kallahalli,ಕಲ್ಲಹಳ್ಳಿ,village,12.882201,77.7761881,osm-places-2026-09
node/2577178054,Sompura,ಸೋಂಪುರ,hamlet,12.8679557,77.7741925,osm-places-2026-09
node/2577178226,Yamare,ಯಮರೆ,village,12.8731016,77.7659742,osm-places-2026-09
node/2578488037,Vinayakanagar,ವಿನಾಯಕನಗರ,neighbourhood,12.9645584,77.7541058,osm-places-2026-09
node/2593510630,Shantinagara,ಶಾಂತಿನಗರ,hamlet,12.8797839,77.3470002,osm-places-2026-09
node/2593510652,S Golahalli,ಗೊಲ್ಲಹಳ್ಳಿ,hamlet,12.8942272,77.3615158,osm-places-2026-09
node/2593510659,Chikkanahalli,ಚಿಕ್ಕನಹಳ್ಳಿ,village,12.8811749,77.3544809,osm-places-2026-09
node/2593510662,Hagalahalli,ಹಾಗಲಹಳ್ಳಿ,village,12.8492839,77.3303078,osm-places-2026-09
node/2593510669,Pachepalya,ಪಚ್ಚೇಪಾಳ್ಯ,hamlet,12.8839161,77.3610223,osm-places-2026-09
node/2593510697,Manchanabele,ಮಂಚನಬೆಲೆ,village,12.8668921,77.3344212,osm-places-2026-09
node/2593510720,Kurubarapalya,ಕುರುಬರಪಾಳ್ಯ,hamlet,12.9112422,77.3628253,osm-places-2026-09
node/2593539137,Hunnigere,ಹುನ್ನಿಗೆರೆ,hamlet,12.9244248,77.3679288,osm-places-2026-09
node/2593539149,Byalalu,ಬ್ಯಾಲಾಳು,village,12.8922016,77.3757879,osm-places-2026-09
node/2593539150,Ganapathihalli,ಗಣಪತಿಹಳ್ಳಿ,hamlet,12.9179434,77.395783,osm-places-2026-09
node/2593539156,Dodderi,ದೊಡ್ಡೇರಿ,village,12.8667832,77.3775204,osm-places-2026-09
node/2593539161,Punugumaranahalli,ಪುನುಗುಮಾರನಹಳ್ಳಿ,hamlet,12.9164857,77.4035131,osm-places-2026-09
node/2593539174,Mayasandra,ಮಾಯಸಂದ್ರ,hamlet,12.8772445,77.3779495,osm-places-2026-09
node/2593539191,Ketohalli,ಕೇತೊಹಳ್ಳಿ,village,12.9075079,77.4044733,osm-places-2026-09
node/2593539201,Sulivara,ಸೂಲಿವಾರ,hamlet,12.9038443,77.362417,osm-places-2026-09
node/2593539211,Chunchanakuppe,ಚುಂಚನಕುಪ್ಪೆ,village,12.9095576,77.386642,osm-places-2026-09
node/2593539227,Huluvenahalli,ಹುಲುವೇನಹಳ್ಳಿ,hamlet,12.9194932,77.3643475,osm-places-2026-09
node/2593549125,Vinayaka Nagara,ವಿನಾಯಕ ನಗರ,hamlet,12.9030993,77.4285758,osm-places-2026-09
node/2593549161,Gerupalya,ಗೇರುಪಾಳ್ಯ,neighbourhood,12.8846483,77.4424749,osm-places-2026-09
node/2593549174,Anchepalya,ಅಂಚೇಪಾಳ್ಯ,neighbourhood,12.8914655,77.4588601,osm-places-2026-09
node/2593549193,Ramohalli,ರಾಮೋಹಳ್ಳಿ,village,12.906985,77.4185281,osm-places-2026-09
node/2595127070,Donnenahalli,ದೊಣ್ಣೇನಹಳ್ಳಿ,hamlet,12.8841332,77.3750021,osm-places-2026-09
node/2595127072,Donnenahalli,ದೊಣ್ಣೇನಹಳ್ಳಿ,hamlet,12.8921654,77.3925008,osm-places-2026-09
node/2595129918,Challaghatta,ಚಳ್ಳಘಟ್ಟ,suburb,12.8960653,77.4539979,osm-places-2026-09
node/2595129920,Bettana Palya,ಬೆಟ್ಟನಪಾಳ್ಯ,neighbourhood,12.9115638,77.4433764,osm-places-2026-09
node/2595139570,Bhimanakuppe,ಭೀಮನಕುಪ್ಪೆ,neighbourhood,12.9042968,77.4386455,osm-places-2026-09
node/2595161464,Aladamaradapalya,ಆಲದಮರದಪಾಳ್ಯ,hamlet,12.9100595,77.3947217,osm-places-2026-09
node/2595197392,Tavarekere,ತಾವರೆಕೆರೆ,village,12.963694,77.4014239,osm-places-2026-09
node/2595197394,Baichaguppe,ಬೈಚಗುಪ್ಪೆ,hamlet,12.9702041,77.3882945,osm-places-2026-09
node/2595197397,Devamachohalli,ದೇವಮಾಚೋಹಳ್ಳಿ,hamlet,12.9670037,77.3794754,osm-places-2026-09
node/2596515933,Hampapura,ಹಂಪಾಪುರ,village,12.8311136,77.4291715,osm-places-2026-09
node/2601175750,Dabbaguli,ದಬ್ಬಗುಳಿ,village,12.8928455,77.3220241,osm-places-2026-09
node/2604712930,Byramangala,ಬೈರಮಂಗಲ,village,12.7492546,77.4223044,osm-places-2026-09
node/2604712947,Ittamadu,ಇಟ್ಟಮಡು,village,12.7382762,77.411663,osm-places-2026-09
node/2611179244,Chikkajala,ಚಿಕ್ಕಜಾಲ,village,13.1709298,77.6346509,osm-places-2026-09
node/2619814127,Hunasuru,ಹುಣಸೂರು,hamlet,13.1803868,77.7116558,osm-places-2026-09
node/2622090537,Doddadasarahalli,ದೊಡ್ಡದಾಸರಹಳ್ಳಿ,village,13.352878,77.8984036,osm-places-2026-09
node/2622090575,Bodaguru,ಬೋದಗೂರು,village,13.3507933,77.8639661,osm-places-2026-09
node/2622090578,Hittalahalli,ಹಿತ್ತಲಹಳ್ಳಿ,village,13.3657831,77.8551685,osm-places-2026-09
node/2622090618,Thippenahalli,ತಿಪ್ಪೇನಹಳ್ಳಿ,village,13.3658222,77.9058006,osm-places-2026-09
node/2622090660,Thammanahalli,ತುಮ್ಮನಹಳ್ಳಿ,village,13.3575341,77.9122701,osm-places-2026-09
node/2622090667,Anuru,ಆನೂರು,village,13.3775154,77.8722488,osm-places-2026-09
node/2622090706,Belluti,ಬೆಳ್ಳೂಟಿ,village,13.3565138,77.8520786,osm-places-2026-09
node/2622090735,Malamachanahalli,ಮಳಮಾಚನಹಳ್ಳಿ,village,13.3399784,77.861005,osm-places-2026-09
node/2622090759,Chikkadasarahalli,ಚಿಕ್ಕದಾಸರಹಳ್ಳಿ,village,13.3470533,77.8831686,osm-places-2026-09
node/2622094354,Basavapattana,ಬಸವಾಪಟ್ಟಣ,village,13.3232749,77.8676998,osm-places-2026-09
node/2622094359,Chaudasandra,ಚೌಡಸಂದ್ರ,village,13.3599376,77.8395108,osm-places-2026-09
node/2622094364,Kakachokkandahalli,ಕಾಕಚೊಕ್ಕಂಡಹಳ್ಳಿ,village,13.3157579,77.8340177,osm-places-2026-09
node/2622094368,Bhaktarahalli,ಭಕ್ತರಹಳ್ಳಿ,village,13.3310421,77.8403262,osm-places-2026-09
node/2622094374,Taduru,ತಾದೂರು,village,13.3169664,77.8564372,osm-places-2026-09
node/2622094390,Thottaganahalli,ತೊಟ್ಲಗಾನಹಳ್ಳಿ,village,13.3107444,77.8490338,osm-places-2026-09
node/2622128834,Narayanadasarahalli,ನಾರಾಯಣ ದಾಸರಹಳ್ಳಿ,village,13.3197294,77.9132308,osm-places-2026-09
node/2622128843,Malasettipura,ಮಲ್ಲಿಶೆಟ್ಟಪುರ,hamlet,13.3573885,77.9185352,osm-places-2026-09
node/2622128856,Atturu,ಅಟ್ಟೂರು,village,13.3169731,77.9304828,osm-places-2026-09
node/2622128859,Nallenahalli,ನಲ್ಲೇನಹಳ್ಳಿ,village,13.3029785,77.8652536,osm-places-2026-09
node/2622128867,Yannanguru,ಯಣ್ಣಂಗೂರು,village,13.2899061,77.8566276,osm-places-2026-09
node/2622128872,Sorakayalahalli,ಸೊರಕಾಯಲಹಳ್ಳಿ,village,13.3499582,77.902502,osm-places-2026-09
node/2622128899,Yennur,ಯಣ್ಣೂರು,village,13.29667,77.9166233,osm-places-2026-09
node/2622128926,Kannamangala,ಕನ್ನಮಂಗಲ,village,13.3297518,77.932886,osm-places-2026-09
node/2622128954,Jakkalgunte Cross,ಜಂಗಮಕೋಟೆ,hamlet,13.2712359,77.8496324,osm-places-2026-09
node/2622128957,Gejjiganahalli,ಗೆಜ್ಜಿಗಾನಹಳ್ಳಿ,village,13.3825254,77.9588069,osm-places-2026-09
node/2622128969,Guttur,ಗುತ್ತೂರು,hamlet,13.3466146,77.9432759,osm-places-2026-09
node/2622128993,Ghattamaranahalli,ಘಟ್ಟಮಾರನಹಳ್ಳಿ,hamlet,13.2685606,77.843973,osm-places-2026-09
node/2622129021,Muthukadahali,ಮುತ್ತುಕದಹಳ್ಳಿ,village,13.3398719,77.9368171,osm-places-2026-09
node/2622129040,Nagamangala,ನಾಗಮಂಗಲ,village,13.3033523,77.8419141,osm-places-2026-09
node/2622129047,Chokkandalli,ಚೊಕ್ಕಂಡಳ್ಳಿ,village,13.2866462,77.8464588,osm-places-2026-09
node/2622129073,Jangamaseegehalli,ಜಂಗಮ ಶೀಗೇಹಳ್ಳಿ,village,13.3364885,77.9458508,osm-places-2026-09
node/2622129134,Chimangala,ಚೀಮಂಗಲ,village,13.305359,77.9130613,osm-places-2026-09
node/2622129179,Goramadagu,ಗೊರಮಡಗು,village,13.3689104,77.9412975,osm-places-2026-09
node/2622129196,Eddelatippenahalli,ಎದ್ದಲತಿಪ್ಪೇನಹಳ್ಳಿ,hamlet,13.2808385,77.8438839,osm-places-2026-09
node/2622129223,Chintadapi,ಚಿಂತಡಪಿ,village,13.3450905,77.9375037,osm-places-2026-09
node/2622129400,Sugaturu,ಸುಗಟೂರು,village,13.2564492,77.8337602,osm-places-2026-09
node/2622129409,Hosapete,ಹೊಸಪೇಟೆ,village,13.2763317,77.8447894,osm-places-2026-09
node/2622129414,Gudlanarasimhanahalli,ಗುಡ್ಲನರಸಿಂಹನಹಳ್ಳಿ,village,13.3564062,77.9331049,osm-places-2026-09
node/2622305455,Vallappanahalli,ವಲ್ಲಪ್ಪನಹಳ್ಳಿ,village,13.2741132,77.8872691,osm-places-2026-09
node/2622305523,Akkimangala,ಅಕ್ಕಿಮಂಗಲ,village,13.2942114,77.9362034,osm-places-2026-09
node/2622305533,Thataparti,ತಾಟಪರ್ತಿ,village,13.2791254,77.8947364,osm-places-2026-09
node/2622305556,Krishnahalli,ಕೃಷ್ಣಹಳ್ಳಿ,hamlet,13.2870611,77.9019462,osm-places-2026-09
node/2622305787,Mallenahalli,ಮಲ್ಲೇನಹಳ್ಳಿ,village,13.2503059,77.8865009,osm-places-2026-09
node/2622306027,Attiganahalli,ಅತ್ತಿಗಾನಹಳ್ಳಿ,village,13.2909851,77.9020749,osm-places-2026-09
node/2622306118,Kadirapura,ಕದಿರಾಪುರ,village,13.3019713,77.9302703,osm-places-2026-09
node/2622306216,Chikkaballa,ಚಿಕ್ಕಬಳ್ಳ,hamlet,13.2633408,77.8610907,osm-places-2026-09
node/2622306223,Arikere,ಅರಿಕೆರೆ,village,13.3019713,77.9043923,osm-places-2026-09
node/2622306240,Devaganahalli,ದೇವಗನಹಳ್ಳಿ,hamlet,13.2698987,77.8614341,osm-places-2026-09
node/2622306245,Hireballa,ಹಿರೇಬಲ್ಲ,village,13.2696063,77.8750382,osm-places-2026-09
node/2632734413,Thanisandra,ಥಣಿಸಂದ್ರ,quarter,13.054713,77.6339258,osm-places-2026-09
node/2633822842,Kowdenahalli,ಕೌದೇನಹಳ್ಳಿ,neighbourhood,13.0194149,77.6792809,osm-places-2026-09
node/2636508355,Venkatapura,ವೆಂಕಟಾಪುರ,village,13.2787493,77.8198017,osm-places-2026-09
node/2650303252,Vishwanathapura,ವಿಶ್ವನಾಥಪುರ,village,13.2735285,77.6490994,osm-places-2026-09
node/2651559397,Sampigehalli,ಸಂಪಿಗೆಹಳ್ಳಿ,neighbourhood,13.0816353,77.6182669,osm-places-2026-09
node/2668932463,Kesturu,ಕೆಸ್ತೂರು,village,13.3039574,77.4848333,osm-places-2026-09
node/2678513646,Dyavarahalli,ದ್ಯಾವರಹಳ್ಳಿ,village,13.2401967,77.5986857,osm-places-2026-09
node/282777706,Devanahalli,ದೇವನಹಳ್ಳಿ,town,13.2483502,77.7134377,osm-places-2026-09
node/2835305199,Bidaragere,ಬಿದರಗೆರೆ,village,12.7144716,77.7234625,osm-places-2026-09
node/2850425009,Vijaya Bank Colony,ವಿಜಯ ಬ್ಯಾಂಕ್ ಕಾಲೋನಿ,neighbourhood,13.0155749,77.6592222,osm-places-2026-09
node/2890884561,Kurudu Sonnenahalli,ಕುರುಡು ಸೊನ್ನೇನಹಳ್ಳಿ,neighbourhood,13.0138919,77.7320471,osm-places-2026-09
node/2890884564,K Dommasandra,ಕೆ ದೊಮ್ಮಸಂದ್ರ,village,13.011174,77.7405444,osm-places-2026-09
node/2890884582,Kodigehalli,ಕೊಡಿಗೇಹಳ್ಳಿ ಕೆರೆ,village,13.0031666,77.7272835,osm-places-2026-09
node/2893323814,Thore Nagasandra,ತೋರೆನಾಗಸಂದ್ರ,village,13.1149436,77.4751337,osm-places-2026-09
node/2893323815,Ganigarahalli,ಗಾಣಿಗರಹಳ್ಳಿ,neighbourhood,13.0890496,77.5109895,osm-places-2026-09
node/2893323816,Hurali Chikkanahalli,ಹುರುಳಿ ಚಿಕ್ಕನಹಳ್ಳಿ,village,13.1155298,77.4837382,osm-places-2026-09
node/2893323817,Somashettihalli,ಸೋಮಶೆಟ್ಟಿಹಳ್ಳಿ,neighbourhood,13.0869293,77.520684,osm-places-2026-09
node/2909040800,Ferns Habitat,ಫರ್ನ್ಸ್ ಹ್ಯಾಬಿಟಾಟ್,neighbourhood,12.9786665,77.6907933,osm-places-2026-09
node/2909527109,Somasundarapalya,ಸೋಮಸುಂದರಪಾಳ್ಯ,neighbourhood,12.8994357,77.6524573,osm-places-2026-09
node/2917077003,Brookes Haven Layout,ಬ್ರೂಕ್ಸ್ ಹಾವೆನ್ ಲೇಔಟ್,neighbourhood,12.8717255,77.574927,osm-places-2026-09
node/2937449063,Islampur,ಇಸ್ಲಾಂಪುರ,neighbourhood,12.9630327,77.6692313,osm-places-2026-09
node/2937449067,Chinnappanahalli,ಚಿನ್ನಪ್ಪನಹಳ್ಳಿ,neighbourhood,12.9612778,77.7044101,osm-places-2026-09
node/2937449068,Kareem Nagar,ಕರೀಮ್ ನಗರ,neighbourhood,12.963786,77.6712268,osm-places-2026-09
node/2937449074,AECS Layout D Block,ಎಇಸಿಎಸ್ ಲೇಔಟ್ ಡಿ ಬ್ಲಾಕ್,neighbourhood,12.9628131,77.7103962,osm-places-2026-09
node/2937449079,AECS Layout B Block,ಎಇಸಿಎಸ್ ಲೇಔಟ್ ಬಿ ಬ್ಲಾಕ್,neighbourhood,12.9651088,77.7158229,osm-places-2026-09
node/2937449082,AECS Layout A Block,ಎಇಸಿಎಸ್ ಲೇಔಟ್ ಎ ಬ್ಲಾಕ್,neighbourhood,12.9645343,77.711188,osm-places-2026-09
node/2937449083,Nellurupuram,ನೆಲ್ಲೂರುಪುರಂ,neighbourhood,12.9670219,77.6649676,osm-places-2026-09
node/2941483808,BTM Layout 2nd Stage,ಬಿಟಿಎಂ ಬಡಾವಣೆ ೨ನೇ ಹಂತ,quarter,12.9140082,77.607945,osm-places-2026-09
node/2941483809,BTM Layout 1st Stage,ಬಿಟಿಎಂ ಬಡಾವಣೆ ೧ನೇ ಹಂತ,quarter,12.9190004,77.6112906,osm-places-2026-09
node/2941487973,MICO Layout,ಮಿಕೊ ಬಡಾವಣೆ,neighbourhood,12.9129858,77.6037799,osm-places-2026-09
node/2941487974,Mahadeshwara Nagara,ಮಹಾದೇಶ್ವರ ನಗರ,neighbourhood,12.9076689,77.6123722,osm-places-2026-09
node/2941488876,DK Naik Nagar,ಡಿಕೆ ನಾಯ್ಕ್ ನಗರ,neighbourhood,12.9180954,77.5884756,osm-places-2026-09
node/2941488877,Jayanagar 6th Block,ಜಯನಗರ ಆರನೇ ಬಡಾವಣೆ,quarter,12.9307493,77.5782213,osm-places-2026-09
node/2941512413,Jayanagar East,ಜಯನಗರ ಪೂರ್ವ,quarter,12.933659,77.5909242,osm-places-2026-09
node/2941546952,Yediyuru,ಯಡಿಯೂರು,neighbourhood,12.9325983,77.5750504,osm-places-2026-09
node/2958270156,Rampura,ರಾಂಪುರ,village,12.672436,77.1973607,osm-places-2026-09
node/2958270158,Vandaraguppe,ವಂದಾರಗುಪ್ಪೆ,village,12.6805167,77.2262326,osm-places-2026-09
node/2978709369,Kommaghatta,ಕೊಮ್ಮಘಟ್ಟ,neighbourhood,12.9299613,77.4643962,osm-places-2026-09
node/2978709370,Ramasandra,ರಾಮಸಂದ್ರ,neighbourhood,12.9448546,77.4673094,osm-places-2026-09
node/2978709371,Sulikere,ಸೂಲಿಕೆರೆ,suburb,12.9363109,77.4494631,osm-places-2026-09
node/2989201781,Sampige Nagara,ಸಂಪಿಗೆ ನಗರ,neighbourhood,12.8347106,77.697364,osm-places-2026-09
node/3027855100,Jarakabande Kaval,ಜಾರಕಬಂಡೆ ಕವಲ್,neighbourhood,13.1203796,77.5476067,osm-places-2026-09
node/3072946880,Patlu,ಪಟ್ಲು,village,12.6781019,77.18452,osm-places-2026-09
node/3079691483,Banjarapalya,ಬಂಜಾರಪಾಳ್ಯ,neighbourhood,12.8296192,77.4854176,osm-places-2026-09
node/3079691485,Hosapalya,ಹೊಸಪಾಳ್ಯ,neighbourhood,12.8419732,77.482913,osm-places-2026-09
node/308715244,Vidyaranyapura,ವಿದ್ಯಾರಣ್ಯಪುರ,suburb,13.0766407,77.5577315,osm-places-2026-09
node/3098313563,Basavanahalli,ಬಸವನಹಳ್ಳಿ,village,13.110635,77.3874479,osm-places-2026-09
node/3098313564,Jakkanahalli,ಜಕ್ಕನಹಳ್ಳಿ,village,13.1798377,77.3447811,osm-places-2026-09
node/3098313565,Kanegaudanahalli,ಕಣೇಗೌಡನಹಳ್ಳಿ,village,13.1296991,77.3842693,osm-places-2026-09
node/3098313566,Machonayakanahalli,ಮಾಚೋನಾಯಕನಹಳ್ಳಿ,hamlet,13.1442162,77.3802567,osm-places-2026-09
node/3098313567,Mailanahalli,ಮೈಲನಹಳ್ಳಿ,village,13.1333165,77.3985381,osm-places-2026-09
node/3098313568,Teppada Beguru,ತೆಪ್ಪದ ಬೇಗೂರು,village,13.146165,77.3346451,osm-places-2026-09
node/313267749,Bidadi,ಬಿಡದಿ,town,12.7988507,77.3869947,osm-places-2026-09
node/3136415141,Alambadi,ಆಲಂಬಾಡಿ,village,12.8930484,77.8861124,osm-places-2026-09
node/3136415143,Jayamangala,ಜಯಮಂಗಲ,village,12.9146106,77.9022502,osm-places-2026-09
node/3136415145,Sampangere,ಸಂಪಂಗೆರೆ,village,12.8735881,77.8842845,osm-places-2026-09
node/3176751103,Anupanahalli,ಅನುಪನಹಳ್ಳಿ,village,13.4042504,77.2189452,osm-places-2026-09
node/3176751108,Durgadahalli,ದುರ್ಗದಹಳ್ಳಿ,village,13.388074,77.2001883,osm-places-2026-09
node/3176751109,Elerampura,ಎಲೇರಾಂಪುರ,village,13.4186975,77.2539783,osm-places-2026-09
node/3176751110,Gollahalli,ಗೊಲ್ಲಹಳ್ಳಿ,village,13.4672963,77.1873777,osm-places-2026-09
node/3176751113,Irakasandra,ಇರಕಸಂದ್ರ,village,13.4123169,77.2470635,osm-places-2026-09
node/3176751122,Tita,ತೀತ,village,13.4714286,77.2899343,osm-places-2026-09
node/3185202638,Hurulagurki,ಹುರುಳಗುರ್ಕಿ,village,13.3567129,77.7065292,osm-places-2026-09
node/3189702593,Binnamangala,ಬಿನ್ನಮಂಗಲ,village,13.4609502,77.8736182,osm-places-2026-09
node/3189702613,Rachanahalli,ರಾಚನಹಳ್ಳಿ,village,13.4768298,77.9233729,osm-places-2026-09
node/3190247489,Chikkahosahalli,ಚಿಕ್ಕಹೊಸಹಳ್ಳಿ,village,13.4563996,77.5272376,osm-places-2026-09
node/3190247495,Gerahalli,ಗೇರಹಳ್ಳಿ,village,13.4606731,77.7209924,osm-places-2026-09
node/3190247497,Gundlagurki,ಗುಂಡ್ಲಗುರ್ಕಿ,village,13.4776197,77.7659228,osm-places-2026-09
node/3190247505,Kotturu,ಕೊತ್ತೂರು,village,13.4399374,77.5287756,osm-places-2026-09
node/3190247506,Maralakunte,ಮರಳಕುಂಟೆ,village,13.455622,77.7949398,osm-places-2026-09
node/3190247507,Marasanahalli,ಮರಸನಹಳ್ಳಿ,village,13.4785591,77.7491854,osm-places-2026-09
node/3190247508,Mindenahalli,ಮಿಂಡೇನಹಳ್ಳಿ,hamlet,13.4755002,77.5330659,osm-places-2026-09
node/3190247513,Shyampura,ಶ್ಯಾಂಪುರ,hamlet,13.4743074,77.6070097,osm-places-2026-09
node/3190247515,Tippenahalli,ತಿಪ್ಪೇನಹಳ್ಳಿ,village,13.4448237,77.7025157,osm-places-2026-09
node/3191212694,Alahalli,ಆಲಹಳ್ಳಿ,village,13.2765863,77.5223369,osm-places-2026-09
node/3191212695,Bairadenahalli,ಬೈರದೇನಹಳ್ಳಿ,village,13.2848529,77.6548728,osm-places-2026-09
node/3191212696,Karanala,ಕಾರನಾಳ,village,13.3621599,77.5749179,osm-places-2026-09
node/3191212697,Kodigehalli,ಕೊಡಿಗೇಹಳ್ಳಿ,village,13.3352382,77.6378555,osm-places-2026-09
node/3191212698,Kolipura,ಕೋಳಿಪುರ,village,13.2612163,77.5537579,osm-places-2026-09
node/3191212699,Koluru,ಕೋಳೂರು,village,13.338932,77.5089711,osm-places-2026-09
node/3191212700,Konaghatta,ಕೊನಘಟ್ಟ,village,13.3118574,77.6030886,osm-places-2026-09
node/3191212701,Raghunathapura,ರಘುನಾಥಪುರ,village,13.2878865,77.5752414,osm-places-2026-09
node/3191212702,Rajaghatta,ರಾಜಘಟ್ಟ,village,13.3252905,77.5918101,osm-places-2026-09
node/3191212703,Sunnappanahalli,ಸೂಣ್ಣಪ್ಪನಹಳ್ಳಿ,village,13.3048445,77.5791654,osm-places-2026-09
node/3192025623,Baluvanahalli,ಬಳುವನಹಳ್ಳಿ,village,13.2613521,77.816611,osm-places-2026-09
node/3192025624,Bijjavara,ಬಿಜ್ಜವಾರ,village,13.3290374,77.7447034,osm-places-2026-09
node/3192025625,Dandiganahalli,ದಂಡಿಗಾನಹಳ್ಳಿ,village,13.3087221,77.7676001,osm-places-2026-09
node/3192025626,Mandibele,ಮಂಡಿಬೆಲೆ,village,13.2682778,77.7880904,osm-places-2026-09
node/3192025627,Harohalli,ಹಾರೋಹಳ್ಳಿ,village,13.3144722,77.74823,osm-places-2026-09
node/3192025628,Holerahalli,ಹೊಲೇರಹಳ್ಳಿ,village,13.3263545,77.7645296,osm-places-2026-09
node/3192025629,Koramangala,ಕೋರಮಂಗಲ,village,13.2923988,77.7519261,osm-places-2026-09
node/3192025630,Narayanapura,ನಾರಾಯಣಪುರ,village,13.3397035,77.763495,osm-places-2026-09
node/3192025631,Savakanahalli,ಸಾವಕನಹಳ್ಳಿ,village,13.2674037,77.6939273,osm-places-2026-09
node/3192025633,Venkatagirikote,ವೆಂಕಟಗಿರಿಕೋಟೆ,village,13.3274011,77.7336139,osm-places-2026-09
node/3198681423,Domlur BDA Layout,ದೊಮ್ಮಲೂರು ಬಿಡಿಎ ಬಡಾವಣೆ,neighbourhood,12.9644251,77.6349677,osm-places-2026-09
node/3199701043,Bellavi,ಬೆಳ್ಳಾವಿ,village,13.0499628,77.9298136,osm-places-2026-09
node/3199701059,Pura,ಪುರ,village,13.0746543,77.9466248,osm-places-2026-09
node/3199701663,Yashavantapura,ಯಶವಂತಪುರ,village,13.0182551,77.8992291,osm-places-2026-09
node/3200133301,Kelagina Juganahalli,ಕೆಳಗಿನ ಜೂಗಾನಹಳ್ಳಿ,village,13.423484,77.5206355,osm-places-2026-09
node/3200133302,Lakshmidevipura,ಲಕ್ಷ್ಮಿದೇವಿಪುರ,village,13.3559866,77.5580404,osm-places-2026-09
node/3200133307,Talagavara,ತಳಗವಾರ,village,13.3144137,77.5074765,osm-places-2026-09
node/3200133308,Tirumagondanahalli,ತಿರುಮಗೊಂಡನಹಳ್ಳಿ,village,13.3527219,77.537706,osm-places-2026-09
node/3201207006,Chikkadoddavadi,ಚಿಕ್ಕದೊಡ್ಡವಾಡಿ,village,13.3683924,77.2643379,osm-places-2026-09
node/3201207007,Dadagattamadagu,ದಡಗಟ್ಟಮಡಗು,village,13.4477732,77.3665732,osm-places-2026-09
node/3201207009,Gummanahalli,ಗುಮ್ಮನಹಳ್ಳಿ,village,13.4149455,77.386528,osm-places-2026-09
node/3201207010,Gundamagere,ಗುಂಡಮಗೆರೆ,village,13.4379686,77.4791041,osm-places-2026-09
node/3201207011,Kolala,ಕೋಳಾಲ,village,13.3655011,77.3099245,osm-places-2026-09
node/3201207012,Lingadaviranahalli,ಲಿಂಗದವೀರನಹಳ್ಳಿ,village,13.4409947,77.3852218,osm-places-2026-09
node/3201207014,Mallasandra,ಮಲ್ಲಸಂದ್ರ,village,13.4329559,77.4485769,osm-places-2026-09
node/3201207015,Nagenahalli,ನಾಗೇನಹಳ್ಳಿ,village,13.3934605,77.235036,osm-places-2026-09
node/3201207016,Sasalu,ಸಾಸಲು,village,13.4082992,77.3844828,osm-places-2026-09
node/3201207017,Sathghatta,ಸಾತಘಟ್ಟ,village,13.3475203,77.2506267,osm-places-2026-09
node/3201207018,Singrihalli,ಸಿಂಗ್ರಿಹಳ್ಳಿ,village,13.3863536,77.2679455,osm-places-2026-09
node/3201207019,Sitakallu,ಸೀತಕಲ್ಲು,village,13.3309379,77.2767845,osm-places-2026-09
node/3201207021,Ujjani,ಉಜ್ಜನಿ,village,13.4402025,77.4442278,osm-places-2026-09
node/3201207022,Urdigere,ಊರ್ಡಿಗೆರೆ,village,13.3428628,77.2316165,osm-places-2026-09
node/3203134182,Agalakuppe,ಅಗಳಕುಪ್ಪೆ,village,13.231851,77.2288339,osm-places-2026-09
node/3203134184,Ambalagere,ಅಂಬಲಗೆರೆ,village,13.243471,77.3876811,osm-places-2026-09
node/3203134186,Bairanayakanahalli,ಬೈರನಾಯಕನಹಳ್ಳಿ,village,13.1924513,77.3654411,osm-places-2026-09
node/3203134187,Banavati,ಬನವತಿ,village,13.4732015,77.3912531,osm-places-2026-09
node/3203134192,Chikkabelavangala,ಚಿಕ್ಕಬೆಳವಂಗಲ,village,13.2873466,77.4085631,osm-places-2026-09
node/3203134193,Chikkahejjaji,ಚಿಕ್ಕಹೆಜ್ಜಾಜಿ,village,13.2683365,77.4313509,osm-places-2026-09
node/3203134194,Chikkamankanala,ಚಿಕ್ಕಮಂಕನಾಳ,village,13.3080837,77.3603904,osm-places-2026-09
node/3203134195,Doddabele,ದೊಡ್ಡಬೆಲೆ,village,13.2230654,77.3376846,osm-places-2026-09
node/3203134196,Doddahejjaji,ದೊಡ್ಡಹೆಜ್ಜಾಜಿ,village,13.2708182,77.4152371,osm-places-2026-09
node/3203134197,Goraghatta,ಗೋರಘಟ್ಟ,village,13.2690024,77.2794658,osm-places-2026-09
node/3203134199,Gundasandra,ಗುಂಡಸಂದ್ರ,hamlet,13.3367142,77.4441077,osm-places-2026-09
node/3203134200,Hadripura,ಹಾದ್ರಿಪುರ,village,13.2588166,77.4422704,osm-places-2026-09
node/3203134201,Halekote,ಹಳೇಕೋಟೆ,village,13.3537015,77.4154474,osm-places-2026-09
node/3203134202,Hanabe,ಹಣಬೆ,village,13.3249793,77.4635565,osm-places-2026-09
node/3203134204,Hulikunte,ಹುಲಿಕುಂಟೆ,village,13.276758,77.3512141,osm-places-2026-09
node/3203134207,Kadanuru,ಕಾಡನೂರು,village,13.2438966,77.4558491,osm-places-2026-09
node/3203134209,Katti Hosahalli,ಕತ್ತಿಹೊಸಹಳ್ಳಿ,village,13.2792692,77.3795806,osm-places-2026-09
node/3203134210,Kodigehalli,ಕೊಡಿಗೇಹಳ್ಳಿ,village,13.242406,77.3406866,osm-places-2026-09
node/3203134212,Madagondanahalli,ಮದಗೊಂಡನಹಳ್ಳಿ,village,13.2449767,77.4716733,osm-places-2026-09
node/3203134213,Mallohalli,ಮಲ್ಲೋಹಳ್ಳಿ,village,13.2302977,77.4505637,osm-places-2026-09
node/3203134214,Manne,ಮಣ್ಣೆ,village,13.2553542,77.296172,osm-places-2026-09
node/3203134215,Maralukunte,ಮರಳುಕುಂಟೆ,village,13.2977662,77.290278,osm-places-2026-09
node/3203134216,Muppadighatta,ಮುಪ್ಪಡಿಘಟ್ಟ,village,13.2438079,77.4485342,osm-places-2026-09
node/3203134217,Obalapura,ಓಬಳಾಪುರ,village,13.2443556,77.3119364,osm-places-2026-09
node/3203134218,Rampura,ರಾಂಪುರ,village,13.2977828,77.4182011,osm-places-2026-09
node/3203134219,Sakkare Gollahalli,ಸಕ್ಕರೆಗೊಲ್ಲಹಳ್ಳಿ,village,13.3228378,77.3951861,osm-places-2026-09
node/3203134222,Shrigiripura,ಶ್ರೀಗಿರಿಪುರ,village,13.151935,77.1897282,osm-places-2026-09
node/3203134223,Sonnenahalli,ಸೊಣ್ಣೇನಹಳ್ಳಿ,village,13.2993006,77.4075266,osm-places-2026-09
node/3203134224,Tadasighatta,ತಡಸೀಘಟ್ಟ,village,13.2284052,77.3485193,osm-places-2026-09
node/3203134225,Tambenahalli,ಕಾಡುಕುಂಟೆ,village,13.3488804,77.4063877,osm-places-2026-09
node/3203134226,Tippuru,ತಿಪ್ಪೂರು,village,13.3498457,77.4577137,osm-places-2026-09
node/3203134228,Tyamagondlu,ತ್ಯಾಮಗೊಂಡ್ಲು,village,13.2146308,77.300428,osm-places-2026-09
node/3203134229,Vadakunte,ವಾದಕುಂಟೆ,village,13.2146879,77.3662826,osm-places-2026-09
node/3220081437,Sanjay Nagar,ಸಂಜಯ ನಗರ,neighbourhood,12.9578658,77.6958748,osm-places-2026-09
node/3221362711,Jakkasandra,ಜಕ್ಕಸಂದ್ರ,neighbourhood,12.9243496,77.637603,osm-places-2026-09
node/3221362712,Teacher's Colony,ಟೇಚರ್ಸ್ ಕಾಲೋನಿ,neighbourhood,12.9188265,77.6341185,osm-places-2026-09
node/3222889690,P R Layout,ಪಿ ಆರ್ ಲೇಔಟ್,neighbourhood,12.9530508,77.7033003,osm-places-2026-09
node/3223411550,Agara,ಅಗರ,village,12.8446015,77.4879398,osm-places-2026-09
node/3223411551,Doddamaranahalli,ದೊಡ್ಡಮಾರನಹಳ್ಳಿ,hamlet,12.9303719,77.382552,osm-places-2026-09
node/3223411552,Gulaganjanahalli,ಗುಲಗಂಜನಹಳ್ಳಿ,hamlet,12.9377252,77.4188547,osm-places-2026-09
node/3223411553,Honnaganahatti,ಹೊನ್ನಗನಹಟ್ಟಿ,hamlet,12.9799728,77.4187957,osm-places-2026-09
node/3223411554,Kambipura,ಕಂಬೀಪುರ,village,12.8726196,77.4615524,osm-places-2026-09
node/3223411555,Kaniminike,ಕಣಿಮಿಣಿಕೆ,village,12.8647242,77.4310631,osm-places-2026-09
node/3223411557,Nagadevanahalli,ನಾಗದೇವನಹಳ್ಳಿ,neighbourhood,12.9361617,77.4940345,osm-places-2026-09
node/3223411558,Tagachaguppe,ತಗಚಗುಪ್ಪೆ,village,12.8667978,77.4544988,osm-places-2026-09
node/3223411559,Yalachaguppe,ಯಲಚಗುಪ್ಪೆ,hamlet,12.959303,77.4216543,osm-places-2026-09
node/3224519827,Belagumba,ಬೆಳಗುಂಬ,village,12.9953771,77.2470273,osm-places-2026-09
node/3224519829,Gejjagaraguppe,ಗೆಜ್ಜಗಾರಗುಪ್ಪೆ,village,12.8495864,77.2002875,osm-places-2026-09
node/3224519830,Gollarapalya,ಗೊಲ್ಲರಪಾಳ್ಯ,village,12.9756012,77.2795764,osm-places-2026-09
node/3224519831,Ajjanahalli,ಅಜ್ಜನಹಳ್ಳಿ,village,12.8588301,77.2499211,osm-places-2026-09
node/3224519832,Hosuru,ಹೊಸೂರು,village,12.7666474,77.2357532,osm-places-2026-09
node/3224519833,Kalya,ಕಲ್ಯ,village,12.9792832,77.1806268,osm-places-2026-09
node/3224519834,Kondahalli,ಕೊಂಡಹಳ್ಳಿ,village,12.9344579,77.189378,osm-places-2026-09
node/3224519835,Kutagal,ಕೂಟಗಲ್,village,12.7765478,77.2402986,osm-places-2026-09
node/3224519836,Madabal,ಮಾಡಬಾಳ್,village,12.9136433,77.2289905,osm-places-2026-09
node/3224519837,Maralagondala,ಮರಲಗೊಂಡಲ,village,12.9448775,77.2725651,osm-places-2026-09
node/3224519838,Mattikere,ಮತ್ತೀಕೆರೆ,village,12.8831037,77.1827712,osm-places-2026-09
node/3224519839,Mayanayakanahalli,ಮಾಯನಾಯಕನಹಳ್ಳಿ,village,12.9916637,77.1934429,osm-places-2026-09
node/3224519840,Nagamangala,ನಾಗಮಂಗಲ,village,12.8973272,77.2541442,osm-places-2026-09
node/3224519841,Nayakanapalya,ನಾಯಕನಪಾಳ್ಯ,village,12.902591,77.281137,osm-places-2026-09
node/3224519843,Tagachaguppe,ತಗಚಗುಪ್ಪೆ,village,12.9591878,77.2892218,osm-places-2026-09
node/3224519844,Talavadi,ತಾಲವಾಡಿ,village,12.8006768,77.219407,osm-places-2026-09
node/3224519845,Tirumale,ತಿರುಮಲೆ,village,12.9567369,77.2420548,osm-places-2026-09
node/3224519846,Tubinakere,ತೂಬಿನಕೆರೆ,village,12.9151864,77.1904296,osm-places-2026-09
node/3240677957,Sector 6,ಸೆಕ್ಟರ್ ೬,quarter,12.9143405,77.631707,osm-places-2026-09
node/3245829262,Anjanapura,ಅಂಜನಾಪುರ,village,12.6847039,77.2711718,osm-places-2026-09
node/3245829263,Bannikuppe,ಬನ್ನಿಕುಪ್ಪೆ,village,12.6636564,77.2894296,osm-places-2026-09
node/3245829266,Hunasanahalli,ಹುಣಸನಹಳ್ಳಿ,village,12.6921765,77.3093987,osm-places-2026-09
node/3245829269,Kailancha,ಕೈಲಾಂಚ,village,12.6672784,77.327378,osm-places-2026-09
node/3253343175,Bannikuppe,ಬನ್ನಿಕುಪ್ಪೆ,village,12.8472345,77.3848016,osm-places-2026-09
node/3253343177,Ittamadu,ಇಟ್ಟಮಡು,village,12.7565289,77.4033809,osm-places-2026-09
node/3253343179,Kunuru,ಕೂನೂರು,village,12.6599119,77.3474563,osm-places-2026-09
node/3253343181,Lakshmisagara,ಲಕ್ಷ್ಮೀಸಾಗರ,village,12.8111235,77.724262,osm-places-2026-09
node/3253343182,Marasuru,ಮರಸೂರು,village,12.762543,77.7130783,osm-places-2026-09
node/3253343183,Shivanahalli,ಶಿವನಹಳ್ಳಿ,village,12.7238533,77.5753781,osm-places-2026-09
node/3253343184,Sidihosakote,ಸಿಡಿಹೊಸಕೋಟೆ,village,12.7291044,77.6873329,osm-places-2026-09
node/3253343185,Tatnahalli,ತಟ್ನಹಳ್ಳಿ.,village,12.7450992,77.725155,osm-places-2026-09
node/3253343188,Yadavanahalli,ಯಡವನಹಳ್ಳಿ.,village,12.7898553,77.7514537,osm-places-2026-09
node/3260352162,Allalasandra,ಅಳ್ಳಾಲಸಂದ್ರ,village,12.7329075,77.45413,osm-places-2026-09
node/3260352166,Dyavasandra,ದ್ಯಾವಸಂದ್ರ,village,12.672317,77.5022277,osm-places-2026-09
node/3260352168,Hosuru,ಹೊಸೂರು,village,12.7414497,77.4491975,osm-places-2026-09
node/3260352172,Kanchugaranahalli,ಕಂಚುಗಾರನಹಳ್ಳಿ,village,12.7229355,77.4436454,osm-places-2026-09
node/3260352173,Kempayyana Palya,ಕೆಂಪಯ್ಯನ ಪಾಳ್ಯ,village,12.7201561,77.4300414,osm-places-2026-09
node/3260352179,Yarehalli,ಯರೆಹಳ್ಳಿ,hamlet,12.7054611,77.4287912,osm-places-2026-09
node/3268838203,Shashimakanahalli,ಶಶಿಮಾಕನಹಳ್ಳಿ,village,13.1925449,77.8482929,osm-places-2026-09
node/3288299536,Basammanahalli,ಬಸಮ್ಮನಹಳ್ಳಿ,hamlet,12.8749419,77.3523824,osm-places-2026-09
node/3288299537,Bettangere,ಬೆತ್ತಂಗೆರೆ,village,12.856658,77.3641012,osm-places-2026-09
node/3288299538,Kurubara Karenahalli,ಕುರುಬರ ಕರೇನಹಳ್ಳಿ,village,12.854371,77.3838358,osm-places-2026-09
node/3288299539,Muttarayanagudipalya,ಮುತ್ತರಾಯನಗುಡಿಪಾಳ್ಯ,village,12.8492957,77.3675167,osm-places-2026-09
node/3288299540,Siddabovipalya,ಸಿದ್ದಬೋವಿಪಾಳ್ಯ,hamlet,12.8545996,77.3711724,osm-places-2026-09
node/3288299547,Ankana Halli,ಅಂಕನಹಳ್ಳಿ,hamlet,12.8561685,77.3577467,osm-places-2026-09
node/3289639268,Bittasandra,ಬಿಟ್ಟಸಂದ್ರ,village,13.1075762,77.287437,osm-places-2026-09
node/3289639269,Chikkamaranahalli,ಚಿಕ್ಕಮಾರನಹಳ್ಳಿ,hamlet,13.090672,77.3227357,osm-places-2026-09
node/3289639270,Ennigere,ಎಣ್ಣಿಗೆರೆ,village,13.0955555,77.2997485,osm-places-2026-09
node/3289639271,Hemapura,ಹೇಮಾಪುರ,village,13.1240183,77.2815752,osm-places-2026-09
node/3289639272,Rangenahalli,ರಂಗೇನಹಳ್ಳಿ,village,13.1131222,77.2852511,osm-places-2026-09
node/3289639273,Subramanyanagara,ಸುಬ್ರಮಣ್ಯನಗರ,hamlet,13.21267,77.3129306,osm-places-2026-09
node/3289639274,Tirumalapura,ತಿರುಮಲಾಪುರ,village,13.1367592,77.3233429,osm-places-2026-09
node/3292215327,Aluru,ಆಲೂರು,village,13.0856034,77.4650694,osm-places-2026-09
node/3292215328,Arishinakunte,ಅರಿಶಿನಕುಂಟೆ,village,13.0784775,77.4225682,osm-places-2026-09
node/3292215329,Bettanagere,ಬೆತ್ತನಗೆರೆ,hamlet,13.1148011,77.4111182,osm-places-2026-09
node/3292215330,Bhairagondanahalli,ಭೈರಗೊಂಡನಹಳ್ಳಿ,hamlet,13.060854,77.3888811,osm-places-2026-09
node/3292215331,Bommashettihalli,ಬೊಮ್ಮಶೆಟ್ಟಿಹಳ್ಳಿ,village,13.1312245,77.4196234,osm-places-2026-09
node/3292215332,Chikkabidarakallu,ಚಿಕ್ಕಬಿದರಕಲ್ಲು,village,13.0491569,77.4874879,osm-places-2026-09
node/3292215333,Dasanapura,ದಾಸನಪುರ,village,13.0758896,77.4364795,osm-places-2026-09
node/3292215334,Doddabidarakallu,ದೊಡ್ಡಬಿದರಕಲ್ಲು,neighbourhood,13.0352169,77.4939999,osm-places-2026-09
node/3292215335,Gangodanahalli,ಗಂಗೊಂಡನಹಳ್ಳಿ,village,13.0221902,77.4675283,osm-places-2026-09
node/3292215336,Heggadadevanapura,ಹೆಗ್ಗಡದೇವನಪುರ,village,13.0757454,77.4575528,osm-places-2026-09
node/3292215338,Honnasandra,ಹೊನ್ನಸಂದ್ರ,village,13.1170854,77.4477363,osm-places-2026-09
node/3292215339,Hullegaudanahalli,ಹುಲ್ಲೇಗೌಡನಹಳ್ಳಿ,hamlet,13.0606549,77.4071472,osm-places-2026-09
node/3292215340,Huskuru,ಹುಸ್ಕೂರು,village,13.1237336,77.4305997,osm-places-2026-09
node/3292215341,Kachohalli,ಕಾಚೋಹಳ್ಳಿ,village,12.9997576,77.4699806,osm-places-2026-09
node/3292215342,Kenganahalli,ಕೆಂಗನಹಳ್ಳಿ,hamlet,13.0516166,77.4118692,osm-places-2026-09
node/3292215343,Kittanahalli,ಕಿತ್ತನಹಳ್ಳಿ,village,13.0096828,77.419034,osm-places-2026-09
node/3292215344,Kuduregere,ಕುದುರೆಗೆರೆ,village,13.075789,77.4719555,osm-places-2026-09
node/3292215345,Lakshmipura,ಲಕ್ಷ್ಮೀಪುರ,village,13.0371838,77.462165,osm-places-2026-09
node/3292215346,Machohalli,ಮಾಚೋಹಳ್ಳಿ,village,13.0065559,77.4520643,osm-places-2026-09
node/3292215347,Mallasandra,ಮಲ್ಲಸಂದ್ರ,village,13.003125,77.3942408,osm-places-2026-09
node/3292215348,Mattahalli,ಮತ್ತಹಳ್ಳಿ,village,13.1077576,77.4572729,osm-places-2026-09
node/3292215349,Nagaruru,ನಗರೂರು,village,13.0911672,77.4339474,osm-places-2026-09
node/3292215350,Narasipura,ನರಸೀಪುರ,village,13.1100499,77.4630552,osm-places-2026-09
node/3292215351,Pillahalli,ಪಿಳ್ಳಹಳ್ಳಿ,village,13.1025289,77.4287996,osm-places-2026-09
node/3292215352,Ravutanahalli,ರಾವುತನಹಳ್ಳಿ,village,13.0264938,77.4234593,osm-places-2026-09
node/3292215353,Sondekoppa,ಸೊಂಡೇಕೊಪ್ಪ,village,13.0204419,77.3825478,osm-places-2026-09
node/3292215354,Vaderahalli,ವಡೇರಹಳ್ಳಿ,hamlet,13.0991564,77.452767,osm-places-2026-09
node/3292392480,Kallodu,ಕಲ್ಲೋಡು,hamlet,13.1781342,77.4341688,osm-places-2026-09
node/3292392481,Kannamangala,ಕನ್ನಮಂಗಲ,village,13.1970532,77.4097431,osm-places-2026-09
node/3292392482,Chikka Kukkanahalli,ಚಿಕ್ಕ ಕುಕ್ಕನಹಳ್ಳಿ,village,13.1587264,77.4479409,osm-places-2026-09
node/3292392483,Ramadevanahalli,ರಾಮದೇವನಹಳ್ಳಿ,village,13.1906528,77.4326879,osm-places-2026-09
node/3292392486,Kodipalya,ಕೋಡಿಪಾಳ್ಯ,hamlet,13.2103384,77.4521842,osm-places-2026-09
node/3292829835,Govenahalli,ಗೋವೇನಹಳ್ಳಿ,village,13.179766,77.3081442,osm-places-2026-09
node/3292829836,Honnavara,ಹೊನ್ನಾವರ,village,13.2217293,77.4189523,osm-places-2026-09
node/3292829837,Isuvanahalli,ಇಸುವನಹಳ್ಳಿ,village,13.2026844,77.3383923,osm-places-2026-09
node/3292829838,Kaggalahalli,ಕಗ್ಗಲಹಳ್ಳಿ,village,12.8307741,77.3244043,osm-places-2026-09
node/3292829839,Kakolu,ಕಾಕೋಳು,village,13.1875001,77.5198462,osm-places-2026-09
node/3292829840,Karehalli,ಕಾರೇಹಳ್ಳಿ,village,13.2262803,77.3146016,osm-places-2026-09
node/3292829841,Karlapura,ಕರ್ಲಪುರ,village,13.207004,77.4921603,osm-places-2026-09
node/3292829842,Kuppemala,ಕುಪ್ಪೇಮಾಳ,village,13.1053944,77.300367,osm-places-2026-09
node/3292829843,Lakkuru,ಲಕ್ಕೂರು,village,13.2385902,77.2439768,osm-places-2026-09
node/3292829844,Shivakote,ಶಿವಕೋಟೆ,village,13.1345489,77.5134137,osm-places-2026-09
node/3292829845,Tippagondanahalli,ತಿಪ್ಪಗೊಂಡನಹಳ್ಳಿ,hamlet,12.9525989,77.3369652,osm-places-2026-09
node/3292829846,Uddichikkanahalli,ಉದ್ದಿಚಿಕ್ಕನಹಳ್ಳಿ,hamlet,13.1774783,77.4002688,osm-places-2026-09
node/3298072118,Kaveri Nagara,ಕಾವೇರಿ ನಗರ,neighbourhood,12.9574268,77.6553966,osm-places-2026-09
node/3298072119,Thimmah Reddy Colony,ತಿಮ್ಮಯ್ಯ ರೆಡ್ಡಿ ಕಾಲೋನಿ,neighbourhood,12.9584666,77.6548187,osm-places-2026-09
node/3298076525,Belagumba,ಬೆಳಗುಂಬ,village,12.7592454,77.2566308,osm-places-2026-09
node/3298076527,Hemmigepura Gollahalli,ಹೆಮ್ಮಿಗೆಪುರ ಗೊಲ್ಲಹಳ್ಳಿ,village,12.8758241,77.4793759,osm-places-2026-09
node/3298076528,Sugganahalli,ಸುಗ್ಗನಹಳ್ಳಿ,village,12.7997421,77.319629,osm-places-2026-09
node/3298345986,BDA Layout,ಬಿಡಿಎ ಬಡಾವಣೆ,neighbourhood,12.9619868,77.6585404,osm-places-2026-09
node/3298366363,BEML Township,ಬೆಮಲ್ ಟೌನಷಿಪ್,neighbourhood,12.9721937,77.6684717,osm-places-2026-09
node/3298366364,Bhoomi Reddy Colony,ಭೂಮಿ ರೆಡ್ಡಿ ಕಾಲೋನಿ,neighbourhood,12.9752334,77.6521258,osm-places-2026-09
node/3298370234,GM Palya,ಜಿಎಂ ಪಾಳ್ಯ,quarter,12.974779,77.6654084,osm-places-2026-09
node/3298378274,HAL 3rd Stage,ಎಚ್ಎಎಲ್ ೩ನೇ ಹಂತ,neighbourhood,12.9715338,77.6497819,osm-places-2026-09
node/3298378275,Thippasandra,ತಿಪ್ಪಸಂದ್ರ,quarter,12.973936,77.6509982,osm-places-2026-09
node/3298378276,Vignananagar,ವಿಜ್ಞಾನನಗರ,quarter,12.9736159,77.6824619,osm-places-2026-09
node/3298494103,Sudgunte Palya,ಸುದಗುಂಟೆ ಪಾಳ್ಯ,neighbourhood,12.9832023,77.6566216,osm-places-2026-09
node/3298876842,Sector 2,ಸೆಕ್ಟರ್ ೨,quarter,12.9088805,77.6483163,osm-places-2026-09
node/3298916255,KR Garden,ಕೆಆರ್ ಗಾರ್ಡನ್,neighbourhood,12.9549208,77.6565969,osm-places-2026-09
node/3298916259,Sri Ram Nagar,ಶ್ರೀರಾಮ ನಗರ,neighbourhood,12.9581991,77.6571392,osm-places-2026-09
node/3299018377,NR Layout,ಎನ್ ಆರ್ ಲೇಔಟ್,neighbourhood,12.9559345,77.6511086,osm-places-2026-09
node/3299018378,SR Layout,ಎಸ್ ಆರ್ ಬಡಾವಣೆ,neighbourhood,12.954706,77.6506725,osm-places-2026-09
node/3300149441,Mangamannapalya,ಮಂಗಮ್ಮನಪಾಳ್ಯ,neighbourhood,12.905811,77.6323745,osm-places-2026-09
node/3300149442,Sector 1,ಸೆಕ್ಟರ್ ೧,quarter,12.9157227,77.649014,osm-places-2026-09
node/3300149443,Sector 3,ಸೆಕ್ಟರ್ ೩,quarter,12.9090825,77.6414091,osm-places-2026-09
node/3300149444,Sector 4,ಸೆಕ್ಟರ್ ೪,quarter,12.9144684,77.6418499,osm-places-2026-09
node/3300149445,Sector 7,ಸೆಕ್ಟರ್ ೭,quarter,12.9100092,77.6351171,osm-places-2026-09
node/3303064936,Bairashettihalli,ಬೈರಶೆಟ್ಟಿಹಳ್ಳಿ,village,13.157239,77.4030073,osm-places-2026-09
node/3303064937,Ballagere,ಬಳ್ಳಗೆರೆ,village,13.2459327,77.3605626,osm-places-2026-09
node/3303064938,Baradi,ಬರದಿ,village,13.1763046,77.3671601,osm-places-2026-09
node/3303064939,Bolamaranahalli,ಬೋಳಮಾರನಹಳ್ಳಿ,hamlet,13.1607081,77.3973334,osm-places-2026-09
node/3303064940,Byata,ಬ್ಯಾತ,village,13.192668,77.4851509,osm-places-2026-09
node/3303064941,Chikkanahalli,ಚಿಕ್ಕನಹಳ್ಳಿ,village,13.1823183,77.3835904,osm-places-2026-09
node/3303064942,Gollahalli,ಗೊಲ್ಲಹಳ್ಳಿ,village,13.1482222,77.4178307,osm-places-2026-09
node/3303064943,Hyadalu,ಹ್ಯಾಡಾಳು,village,13.1384862,77.4106624,osm-places-2026-09
node/3303064944,Kalalughatta,ಕಳಲುಘಟ್ಟ,village,13.195175,77.3226363,osm-places-2026-09
node/3303064945,Puttayyana Agrahara,ಪುಟ್ಟಯ್ಯನ ಅಗ್ರಹಾರ,village,13.2591249,77.4239013,osm-places-2026-09
node/3303064946,Kasaghatta,ಕಸಾಘಟ್ಟ,village,13.2682403,77.3886746,osm-places-2026-09
node/3303064947,Manchenahalli,ಮಂಚೇನಹಳ್ಳಿ,village,13.0357205,77.3580474,osm-places-2026-09
node/3303064948,Mandigere,ಮಂಡಿಗೆರೆ,village,13.1534755,77.3664127,osm-places-2026-09
node/3303064949,Mantanakurchi,ಮಂಟನಕುರ್ಚಿ,village,13.0440426,77.3845428,osm-places-2026-09
node/3303787617,Billamaranahalli,ಬಿಲ್ಲಮಾರನಹಳ್ಳಿ,hamlet,13.1503834,77.6374474,osm-places-2026-09
node/3303787619,Satanuru,ಸಾತನೂರು,village,13.1323718,77.6468592,osm-places-2026-09
node/3303787621,Bellahalli,ಬೆಲ್ಲಹಳ್ಳಿ,village,13.0997677,77.6427148,osm-places-2026-09
node/3304147661,Lakkasandra,ಲಕ್ಕಸಂದ್ರ,quarter,12.9432228,77.5997061,osm-places-2026-09
node/3304315699,Varthur Kodi,ವರ್ತೂರು ಕೋಡಿ,neighbourhood,12.9563879,77.7456311,osm-places-2026-09
node/3304756734,Maruthi Nagara,ಮಾರುತಿ ನಗರ,neighbourhood,12.9224501,77.6138927,osm-places-2026-09
node/3305256982,Air View Colony,ಏರ್ ವೀವ್ ಕಾಲೋನಿ,neighbourhood,12.9547408,77.6612636,osm-places-2026-09
node/3305446529,Kudlu,ಕುಡ್ಲು,suburb,12.8889126,77.6555716,osm-places-2026-09
node/3305446531,Vaikuntam Layout,ವೈಕುಂಟಂ ಲೇಔಟ್,neighbourhood,12.9595347,77.713218,osm-places-2026-09
node/3305850521,Peenya,ಪೀಣ್ಯ,suburb,13.0329419,77.5273253,osm-places-2026-09
node/3305862534,Banashankari 1st Stage,ಬನಶಂಕರಿ ೧ನೇ ಹಂತ,quarter,12.9393328,77.5539819,osm-places-2026-09
node/3305862535,Banashankari 3rd Stage,ಬನಶಂಕರಿ ೩ನೇ ಹಂತ,quarter,12.9315578,77.5479272,osm-places-2026-09
node/3305862536,Thyagaraja Nagar,ತ್ಯಾಗರಾಜ ನಗರ,quarter,12.931392,77.5683011,osm-places-2026-09
node/3307159546,Annaniappa Layout,ಅಣ್ಣನಿಯಪ್ಪ ಲೇಔಟ್,neighbourhood,12.9566767,77.660725,osm-places-2026-09
node/3307159547,Vinayaka Nagar A Block,ವಿನಾಯಕನಗರ 'ಎ' ಬ್ಲಾಕ್,neighbourhood,12.9569693,77.6591919,osm-places-2026-09
node/3307191849,Muniyappa Layout,ಮುನಿಯಪ್ಪ ಲೇಔಟ್,neighbourhood,12.9530641,77.6532017,osm-places-2026-09
node/3309239706,Kempapura,ಕೆಂಪಾಪುರ,village,13.1311691,77.8020446,osm-places-2026-09
node/3309239707,Sadappanahalli,ಸಾದಪ್ಪನಹಳ್ಳಿ,village,13.160804,77.7973268,osm-places-2026-09
node/3309239708,Satyavara,ಸತ್ಯವಾರ,village,13.1444255,77.7979319,osm-places-2026-09
node/3309239709,Shankanipura,ಶಂಕಣೀಪುರ,village,13.1049101,77.7711674,osm-places-2026-09
node/3309239710,Timmasandra,ತಿಮ್ಮಸಂದ್ರ,village,13.1242557,77.7698953,osm-places-2026-09
node/3311193161,Jogupalya,ಜೋಗುಪಾಳ್ಯ,neighbourhood,12.9746882,77.628026,osm-places-2026-09
node/3311194760,Saraswathipuram,ಸರಸ್ವತಿಪುರಂ,neighbourhood,12.9748063,77.6316363,osm-places-2026-09
node/3311194761,Gowthamapura,ಗೌತಮಪುರಂ,neighbourhood,12.9689797,77.6253437,osm-places-2026-09
node/3318195544,Nidaghatta,ನಿಡಘಟ್ಟ,village,13.0942357,77.8703675,osm-places-2026-09
node/3320366233,Bhaktarahalli,ಭಕ್ತರಹಳ್ಳಿ,village,13.4399916,77.9585189,osm-places-2026-09
node/3320366236,Chikkadasenahalli,ಚಿಕ್ಕದಾಸೇನಹಳ್ಳಿ,village,13.4230685,77.936883,osm-places-2026-09
node/3320366237,Devaramalluru,ದೇವರಮಳ್ಳೂರು,village,13.4128061,77.9081305,osm-places-2026-09
node/3320366238,Doddadasenahalli,ದೊಡ್ಡದಾಸೇನಹಳ್ಳಿ,village,13.4221034,77.9479172,osm-places-2026-09
node/3320366239,Dogaranayakanahalli,ದೊಗರನಾಯಕನಹಳ್ಳಿ,village,13.438497,77.9097666,osm-places-2026-09
node/3320366240,Donahalli,ದೊಣಹಳ್ಳಿ,village,13.4404526,77.949929,osm-places-2026-09
node/3320366243,Hujaguru,ಹುಜಗೂರು,village,13.3679623,77.9179534,osm-places-2026-09
node/3320366246,Kottanuru,ಕೊತ್ತನೂರು,village,13.3914535,77.9263308,osm-places-2026-09
node/3320366247,Kundalagurki,ಕುಂದಲಗುರ್ಕಿ,village,13.4503938,77.9462993,osm-places-2026-09
node/3320366248,Kuttandahalli,ಕುತ್ತಾಂಡಹಳ್ಳಿ,village,13.4298772,77.9035208,osm-places-2026-09
node/3320366250,Marappanahalli,ಮಾರಪ್ಪನಹಳ್ಳಿ,village,13.4236052,77.9224512,osm-places-2026-09
node/3320366252,Varahunasenahalli,ವಾರಹುಣಸೇನಹಳ್ಳಿ,village,13.4358378,77.9225739,osm-places-2026-09
node/3323252233,A Narayanapura,ಎ ನಾರಾಯಣಪುರ,neighbourhood,12.9930799,77.6753587,osm-places-2026-09
node/3329620991,Ahanya,ಅಹನ್ಯ,village,12.8580947,77.9546952,osm-places-2026-09
node/3329620992,Bagalur,ಬಾಗಲೂರು,town,12.8310442,77.865842,osm-places-2026-09
node/3329624093,Bantahalli,ಬಂಟಹಳ್ಳಿ,village,12.8353233,77.9293424,osm-places-2026-09
node/3329624094,Dadinayakanadoddi,ದಾದಿನಾಯಕನದೊಡ್ಡಿ,village,12.8603502,77.9426601,osm-places-2026-09
node/3329624095,Padavanahalli,ಪಡವನಹಳ್ಳಿ,village,12.8714709,77.9508491,osm-places-2026-09
node/3329624096,Shanamangalam,ಶಾನಮಂಗಲ,village,12.823236,77.930387,osm-places-2026-09
node/3332104031,Channakallu,ಚನ್ನಕಲ್ಲು,village,12.9764501,77.9459472,osm-places-2026-09
node/3332104042,Kudiyanuru,ಕುಡಿಯನೂರು,village,12.9435094,77.9588679,osm-places-2026-09
node/3332104053,Sonnappanahatti,ಸೊಣ್ಣಪ್ಪನಹಟ್ಟಿ,village,12.9516676,77.9445931,osm-places-2026-09
node/3335797562,Adigondanahalli,ಆದಿಗೊಂಡನಹಳ್ಳಿ.,village,12.8141478,77.7518992,osm-places-2026-09
node/3335797563,Byagadadenahalli,ಬ್ಯಾಗಡದೇನಹಳ್ಳಿ,village,12.7426294,77.7014816,osm-places-2026-09
node/3335797564,Chikkahagade,ಚಿಕ್ಕಹಾಗಡೆ,hamlet,12.7352265,77.6998335,osm-places-2026-09
node/3335797565,Guddahatti,ಗುಡ್ಡಹಟ್ಟಿ,village,12.8037087,77.7423358,osm-places-2026-09
node/3335797566,Ichchanguru,ಇಚ್ಚಂಗೂರು.,village,12.7715085,77.7424516,osm-places-2026-09
node/3335797567,Iggaluru,ಇಗ್ಗಲೂರು,neighbourhood,12.7869633,77.7048192,osm-places-2026-09
node/3335797568,Jigani,ಜಿಗಣಿ,town,12.7852528,77.6380931,osm-places-2026-09
node/3335797569,Kalanayakanahalli,ಕಾಳನಾಯಕನಹಳ್ಳಿ.,hamlet,12.6783072,77.6890716,osm-places-2026-09
node/3335797570,Karpuru,ಕರ್ಪೂರು,village,12.7266854,77.7195814,osm-places-2026-09
node/3335797571,Kittaganahalli,ಕಿತ್ತಗಾನಹಳ್ಳಿ.,village,12.8020888,77.6933342,osm-places-2026-09
node/3335797572,Muttanalluru,ಮುತ್ತಾನಲ್ಲೂರು,village,12.8322603,77.7353419,osm-places-2026-09
node/3335797573,Narayanaghatta,ನಾರಾಯಣಘಟ್ಟ,village,12.8364852,77.7260023,osm-places-2026-09
node/3335797574,Neraluru,ನೆರಳೂರು,village,12.795645,77.7286408,osm-places-2026-09
node/3335797575,Ramasagara,ರಾಮಸಾಗರ,village,12.8203279,77.7186392,osm-places-2026-09
node/3335797576,Singena Agrahara,ಸಿಂಗೇನ ಅಗ್ರಹಾರ,village,12.8382967,77.7150364,osm-places-2026-09
node/3335797577,Soluru,ಸೋಲೂರು,hamlet,12.6666727,77.6880056,osm-places-2026-09
node/3335797578,Tirumagondahalli,ತಿರುಮಗೊಂಡಹಳ್ಳಿ.,village,12.7916466,77.7201866,osm-places-2026-09
node/3335797579,Vanakanahalli,ವಣಕನಹಳ್ಳಿ.,village,12.6720709,77.694284,osm-places-2026-09
node/3336285907,Biliganakuppe,ಬಿಳಿಗನಕುಪ್ಪೆ,hamlet,12.6742379,77.5435302,osm-places-2026-09
node/3336285908,Avaremala Rampura,,village,12.656766,77.5136527,osm-places-2026-09
node/3336285909,Goduru,ಗೋದೂರು,village,12.6590833,77.5357661,osm-places-2026-09
node/3336285910,Gottigehalli,ಗೊಟ್ಟಿಗೆಹಳ್ಳಿ,village,12.7209593,77.526767,osm-places-2026-09
node/3336285912,Halegabbadi,ಹಳೆಗಬ್ಬಾಡಿ,village,12.7161466,77.4759104,osm-places-2026-09
node/3336285913,Hosagabbadi,ಹೊಸಗಬ್ಬಾಡಿ,village,12.7128868,77.4820921,osm-places-2026-09
node/3336285914,Hosakote,ಹೊಸಕೋಟೆ,village,12.6997878,77.4750823,osm-places-2026-09
node/3336285915,Kadu Jakkasandra,ಕಾಡು ಜಕ್ಕಸಂದ್ರ,village,12.7010113,77.5128689,osm-places-2026-09
node/3336285916,Mudenahalli,ಮುಡೇನಹಳ್ಳಿ,village,12.6993755,77.4666254,osm-places-2026-09
node/3336285917,Sonnaredoddi,ಸೋನ್ನಾರೆದೊಡ್ಡಿ,village,12.7101601,77.51876,osm-places-2026-09
node/3336377110,Beguru,ಬೇಗೂರು,suburb,12.8747465,77.6227293,osm-places-2026-09
node/3352043893,Lingarajapuram,ಲಿಂಗರಾಜಪುರಂ,suburb,13.0093949,77.6267881,osm-places-2026-09
node/338162934,Kannuru,ಕಣ್ಣೂರು,village,13.0923253,77.6538971,osm-places-2026-09
node/3384271515,Appareddipalaya,ಅಪ್ಪರೆಡ್ಡಿಪಾಳ್ಯ,neighbourhood,12.9741879,77.637243,osm-places-2026-09
node/3384271516,Kadiranpalaya,ಕದಿರನ್ಪಾಳ್ಯ,neighbourhood,12.9867555,77.635328,osm-places-2026-09
node/3384271517,LIC Colony,ಎಲ್ಐಸಿ ಕಾಲೋನಿ,neighbourhood,12.9690711,77.6542086,osm-places-2026-09
node/3384271518,Old Thippasandra,ಹಳೆ ತಿಪ್ಪಸಂದ್ರ,neighbourhood,12.9720823,77.6464991,osm-places-2026-09
node/3384284801,BM Kaval,ಬಿಎಂ ಕಾವಲ್,neighbourhood,12.9816939,77.6483709,osm-places-2026-09
node/3384284802,Michaelpalya,ಮೈಕಲ್ ಪಾಳ್ಯ,neighbourhood,12.981094,77.6465951,osm-places-2026-09
node/3388810808,Hemmigepura,ಹೆಮ್ಮಿಗೆಪುರ,village,12.8819289,77.4854975,osm-places-2026-09
node/3406880172,Eramma Layout,ಈರಮ್ಮಾ ಬಡಾವಣೆ,neighbourhood,12.9456451,77.6027552,osm-places-2026-09
node/3414616703,Seven Hills Layout,ಸಪ್ತಗಿರಿ ಲೇಔಟ್,neighbourhood,12.9140392,77.5521201,osm-places-2026-09
node/3415500221,Sadgunte Palya,ಸದಗುಂಟೆ ಪಾಳ್ಯ,neighbourhood,12.9315457,77.6096252,osm-places-2026-09
node/3416332352,MEI Colony,ಎಂಇಐ ಕಾಲೋನಿ,neighbourhood,13.0194736,77.5202254,osm-places-2026-09
node/3416382485,Jayanagar 3rd Block,ಜಯನಗರ ೩ನೇ ಬ್ಲಾಕ್,quarter,12.933863,77.5830336,osm-places-2026-09
node/3417085495,Rajotsava Nagar,ರಾಜೊತ್ಸವ ನಗರ,neighbourhood,12.9043655,77.5653751,osm-places-2026-09
node/3417090911,Kalyani Nagara,ಕಲ್ಯಾಣಿ ನಗರ,neighbourhood,12.8962755,77.5537191,osm-places-2026-09
node/3417117772,Chikkalasandra,ಚಿಕ್ಕಲಸಂದ್ರ,quarter,12.9121916,77.5476337,osm-places-2026-09
node/3417123994,Kadirenahalli,ಕದಿರೇನಹಳ್ಳಿ,quarter,12.9146164,77.5661511,osm-places-2026-09
node/3417139770,Lake City,ಲೇಕ್ ಸಿಟಿ,neighbourhood,12.8997376,77.6173368,osm-places-2026-09
node/3422921187,Vyalikaval,ವ್ಯಾಲಿಕಾವಲ್,neighbourhood,13.0042636,77.5751704,osm-places-2026-09
node/3422943096,Chakravarty Layout,ಚಕ್ರವರ್ತಿ ಲೇಔಟ್,neighbourhood,12.9968123,77.5857284,osm-places-2026-09
node/3440756328,Vittal Nagar,ವಿಠ್ಠಲ ನಗರ,neighbourhood,12.9012176,77.5550809,osm-places-2026-09
node/3451666071,Putanna Garden,ಪುಟ್ಟಣ್ಣ ಗಾರ್ಡನ್,neighbourhood,12.9922512,77.6633556,osm-places-2026-09
node/347261886,Domlur,ದೊಮ್ಮಲೂರು,quarter,12.9624669,77.6381958,osm-places-2026-09
node/347262164,Kodihalli,ಕೋಡಿಹಳ್ಳಿ,quarter,12.9628452,77.6479018,osm-places-2026-09
node/3474697231,Puttappa Layout,ಪುಟ್ಟಪ್ಪ ಲೇಔಟ್,neighbourhood,12.9709603,77.6527383,osm-places-2026-09
node/3481707802,Palm Grove,ಪಾಂ ಗ್ರೋ,neighbourhood,13.0295035,77.6379716,osm-places-2026-09
node/3496616935,Ashokanagara,ಅಶೋಕನಗರ,neighbourhood,12.9359484,77.5641719,osm-places-2026-09
node/3497378217,Amarjyothi Layout,ಅಮರಜ್ಯೋತಿ ಲೇಔಟ್,neighbourhood,12.9566279,77.6427434,osm-places-2026-09
node/3514760528,Kuluvanahally,ಕುಲುವನಹಳ್ಳಿ,village,13.1755427,77.2986098,osm-places-2026-09
node/3532995084,MV Garden,ಎಮ್ ವಿ ಗಾರ್ಡನ್,neighbourhood,12.9792343,77.6228944,osm-places-2026-09
node/3642086925,Gopalapura,ಗೊಪಾಲಪುರ,hamlet,13.1331985,77.6874906,osm-places-2026-09
node/3643239014,Gupta Layout,ಗುಪ್ತ ಲೇಔಟ್,neighbourhood,12.9796895,77.6247821,osm-places-2026-09
node/3648204414,Old Binnamangala,ಹಳೆ ಬಿನ್ನಮಂಗಲ,neighbourhood,12.9795785,77.6415509,osm-places-2026-09
node/3677885587,Commercial Street Market,ಕಮರ್ಷಿಯಲ್ ಸ್ಟ್ರೀಟ್ ಮಾರ್ಕೆಟ್,neighbourhood,12.9825003,77.6086395,osm-places-2026-09
node/3690776788,Vidyanagar,ವಿದ್ಯಾನಗರ,village,13.1590291,77.6243347,osm-places-2026-09
node/3713012264,Narayanappa Gardens,ನಾರಾಯಣಪ್ಪ ಗಾರ್ಡನ್ಸ್,neighbourhood,12.9657494,77.7506234,osm-places-2026-09
node/3740872036,Green Glen Layout,ಗ್ರೀನ್ ಗ್ಲೆನ್ ಲೇಔಟ್,neighbourhood,12.9269039,77.6701877,osm-places-2026-09
node/3741070642,Tasker Town,ಟಾಸ್ಕರ್ ಟೌನ್,neighbourhood,12.9801622,77.605818,osm-places-2026-09
node/3741617261,Bhimasagara,ಭೀಮಸಾಗರ,hamlet,13.3524495,77.3129111,osm-places-2026-09
node/3741617264,Chikka Saggere,ಚಿಕ್ಕ ಸಾಗ್ಗೆರೆ,village,13.4736119,77.3412265,osm-places-2026-09
node/3741617267,Chinnahalli,ಚಿನ್ನಹಳ್ಳಿ,village,13.387232,77.3139891,osm-places-2026-09
node/3741617277,Kantevaderahalli,ಕಂತೇವಡೇರಹಳ್ಳಿ,hamlet,13.3377743,77.286012,osm-places-2026-09
node/3741617278,Katenahalli,ಕಾಟೇನಹಳ್ಳಿ,village,13.3551008,77.336758,osm-places-2026-09
node/3741617279,Kenganapalya,ಕೆಂಗನಪಾಳ್ಯ,hamlet,13.4642356,77.2826718,osm-places-2026-09
node/3741617284,Malagonahalli,ಮಲಗೋನಹಳ್ಳಿ,hamlet,13.3299417,77.3002138,osm-places-2026-09
node/3741617287,Maracharahalli,ಮರಚರಹಳ್ಳಿ,hamlet,13.4562634,77.2834465,osm-places-2026-09
node/3741617290,Motagondanahalli,ಮೋಟಗೊಂಡನಹಳ್ಳಿ,village,13.4175052,77.3315108,osm-places-2026-09
node/3741617293,Narasapura,ನರಸಾಪುರ,hamlet,13.3497445,77.3060882,osm-places-2026-09
node/3741617294,Obaladevarahalli,ಓಬಳದೇವರಹಳ್ಳಿ,village,13.4764477,77.3497141,osm-places-2026-09
node/3741617298,Polenahalli,ಪೋಲೇನಹಳ್ಳಿ,hamlet,13.473746,77.357604,osm-places-2026-09
node/3741617304,Vaddarahalli,ವಡ್ಡರಹಳ್ಳಿ,village,13.3680011,77.335335,osm-places-2026-09
node/3741617305,Virapura,ವೀರಾಪುರ,hamlet,13.4605305,77.301829,osm-places-2026-09
node/3744423648,Alalasandra,ಅಳಾಲಸಂದ್ರ,village,13.451768,77.2476007,osm-places-2026-09
node/3744423649,Buchanahalli,ಬೂಚನಹಳ್ಳಿ,hamlet,13.4087716,77.3218069,osm-places-2026-09
node/3744423651,Chikka Palanahalli,ಚಿಕ್ಕ ಪಾಲನಹಳ್ಳಿ,village,13.4424036,77.2340226,osm-places-2026-09
node/3744423652,Chilenahalli,ಚೀಲೇನಹಳ್ಳಿ,hamlet,13.4633535,77.3366179,osm-places-2026-09
node/3744423653,Dodda Palanahalli,ದೊಡ್ಡ ಪಾಲನಹಳ್ಳಿ,village,13.441137,77.2214129,osm-places-2026-09
node/3744423655,Hanumantagiri,ಹನುಮಂತಗಿರಿ,hamlet,13.3730531,77.283083,osm-places-2026-09
node/3744423656,Honnenahalli,ಹೊನ್ನೇನಹಳ್ಳಿ,hamlet,13.4523031,77.2220309,osm-places-2026-09
node/3744423657,Hosakote,ಹೊಸಕೋಟೆ,village,13.4599411,77.2148778,osm-places-2026-09
node/3744423658,Hulasoppanahalli,ಹುಳಸೊಪ್ಪನಹಳ್ಳಿ,village,13.4509645,77.251682,osm-places-2026-09
node/3744423659,Huluvangala,ಹುಲುವಂಗಲ,village,13.3937108,77.2832893,osm-places-2026-09
node/3744423661,Karidugganahalli,ಕರಿದುಗ್ಗನಹಳ್ಳಿ,hamlet,13.4275959,77.2601009,osm-places-2026-09
node/3744423662,Lingapura,ಲಿಂಗಾಪುರ,village,13.4594286,77.3130453,osm-places-2026-09
node/3744423663,Madhya Venkatapura,ಮಧ್ಯ ವೆಂಕಟಾಪುರ,village,13.4705705,77.3205373,osm-places-2026-09
node/3744423664,Mitrahalli,ಮಿಟ್ರಹಳ್ಳಿ,hamlet,13.3522263,77.2933109,osm-places-2026-09
node/3744423665,Moraganahalli,ಮೋರಗಾನಹಳ್ಳಿ,village,13.447869,77.2707712,osm-places-2026-09
node/3744423666,Nilagondanahalli,ನೀಲಗೊಂಡನಹಳ್ಳಿ,village,13.4291155,77.2433612,osm-places-2026-09
node/3744423667,Pataganahalli,ಪಾತಗಾನಹಳ್ಳಿ,village,13.4223988,77.301646,osm-places-2026-09
node/3744423668,Puradahalli,ಪುರದಹಳ್ಳಿ,village,13.3777798,77.3101326,osm-places-2026-09
node/3744423669,Puttasandra,ಪುಟ್ಟಸಂದ್ರ,village,13.4410881,77.2980682,osm-places-2026-09
node/3744423670,Ravutanahalli,ರಾವುತನಹಳ್ಳಿ,hamlet,13.3733934,77.2954237,osm-places-2026-09
node/3744423671,Sankenahalli,ಸಂಕೇನಹಳ್ಳಿ,village,13.4327182,77.253712,osm-places-2026-09
node/3744423672,Tannenahalli,ತಣ್ಣೇನಹಳ್ಳಿ,village,13.4538182,77.2353029,osm-places-2026-09
node/3744423673,Timmanayakanahalli,ತಿಮ್ಮನಾಯಕನಹಳ್ಳಿ,hamlet,13.3828713,77.2901155,osm-places-2026-09
node/3744423674,Vajjanakurike,ವಜ್ಜನಕುರಿಕೆ,village,13.4261647,77.2858654,osm-places-2026-09
node/3746133045,Jakkenahalli,ಜಕ್ಕೇನಹಳ್ಳಿ,village,13.4414173,77.2030742,osm-places-2026-09
node/3749517369,Byata,ಬ್ಯಾತ,village,13.3181093,77.218567,osm-places-2026-09
node/3749517371,Giduganahalli,ಗಿಡುಗನಹಳ್ಳಿ,hamlet,13.3176996,77.2989195,osm-places-2026-09
node/3749517372,Halugondanahalli,ಹಾಲುಗೊಂಡನಹಳ್ಳಿ,village,13.3568135,77.2841636,osm-places-2026-09
node/3749517374,Hiredoddavadi,ಹಿರೇದೊಡ್ಡವಾಡಿ,village,13.3567279,77.2667168,osm-places-2026-09
node/3749517376,Hodekallu,ಹೊದೇಕಲ್ಲು,village,13.3079283,77.2134158,osm-places-2026-09
node/3749517381,Madagondanahalli,ಮಾದಗೊಂಡನಹಳ್ಳಿ,village,13.3183941,77.2008932,osm-places-2026-09
node/3749517382,Maidala,ಮೈದಾಳ,village,13.3159672,77.1806296,osm-places-2026-09
node/3749517388,Pemmanahalli,ಪೆಮ್ಮನಹಳ್ಳಿ,village,13.304692,77.2012903,osm-places-2026-09
node/3749517389,Sangapura,ಸಂಗಾಪುರ,village,13.262505,77.1926662,osm-places-2026-09
node/3750759553,Anandapuram,ಆನಂದಪುರಂ,neighbourhood,12.9645936,77.659472,osm-places-2026-09
node/3751573800,Pemmanahalli,ಪೆಮ್ಮನಹಳ್ಳಿ,village,13.2333564,77.2673694,osm-places-2026-09
node/3758767007,Kagganur,,village,12.8514603,77.8196714,osm-places-2026-09
node/3765415934,Thorapalli Agraharam,,village,12.6864464,77.881151,osm-places-2026-09
node/3771990411,Belure Ambedkar Nagar,ಬೆಲುರೆ ಅಂಬೇಡ್ಕರ್ ನಗರ್,neighbourhood,12.9460886,77.6609288,osm-places-2026-09
node/3771990412,Kaverappa Layout,ಕಾವೇರಪ್ಪ ಲೇಔಟ್,neighbourhood,12.9367661,77.7008465,osm-places-2026-09
node/377219489,Whitefield,ವೈಟ್‌ಫೀಲ್ಡ್‌,suburb,12.9696365,77.7497448,osm-places-2026-09
node/3772206672,Belur Nagasandra,ಬೇಲೂರು ನಾಗಸಂದ್ರ,neighbourhood,12.943102,77.6556269,osm-places-2026-09
node/3772206673,Challaghatta,ಚಲ್ಲಘಟ್ಟ,neighbourhood,12.9451006,77.651534,osm-places-2026-09
node/3772206674,Kariyammana Agrahara,ಕರಿಯಮ್ಮ ಅಗ್ರಹರ,neighbourhood,12.9371495,77.6873031,osm-places-2026-09
node/378717492,Brookefield,ಬ್ರೂಕ್ ಫೀಲ್ಡ್ಸ್,quarter,12.9652094,77.717936,osm-places-2026-09
node/3810310274,Basavanahalli,ಬಸವನಹಳ್ಳಿ,village,13.4686328,77.4968707,osm-places-2026-09
node/3810310279,Chilenahalli,ಚೀಲೇನಹಳ್ಳಿ,village,13.4705717,77.564976,osm-places-2026-09
node/3810310281,Doddamallekere,ದೊಡ್ಡಮಲ್ಲೇಕೆರೆ,village,13.4754224,77.4886847,osm-places-2026-09
node/3810310282,Halehalli,ಹಳೇಹಳ್ಳಿ,village,13.4649845,77.5698928,osm-places-2026-09
node/3810310284,Kallinayakanahalli,ಕಲ್ಲಿನಾಯಕನಹಳ್ಳಿ,village,13.4688495,77.5140117,osm-places-2026-09
node/3810310287,Kambalahalli,ಕಂಬಾಲಹಳ್ಳಿ,village,13.4740419,77.499113,osm-places-2026-09
node/3810310293,Nagarabhavi,ನಾಗರಭಾವಿ,hamlet,13.4451083,77.5578973,osm-places-2026-09
node/3810310299,Tippaganahalli,ತಿಪ್ಪಗಾನಹಳ್ಳಿ,village,13.4452598,77.5121401,osm-places-2026-09
node/3810947952,Ajjavara,ಅಜ್ಜವಾರ,village,13.4123084,77.7715979,osm-places-2026-09
node/3810947953,Angarekhanahalli,ಅಂಗರೇಖನಹಳ್ಳಿ,village,13.4464566,77.8213864,osm-places-2026-09
node/3810947955,Badaniganahalli,ಬದನಿಗಾನಹಳ್ಳಿ,village,13.4698248,77.8356907,osm-places-2026-09
node/3810947956,Bidaganahalli,ಬೀಡಗಾನಹಳ್ಳಿ,village,13.3571732,77.7240631,osm-places-2026-09
node/3810947960,Doddamarali Amanikere,ದೊಡ್ಡಮರಳಿ ಅಮಾನಿಕೆರೆ,village,13.3623891,77.7449778,osm-places-2026-09
node/3810947961,Doddamarali,ದೊಡ್ಡಮರಳಿ,village,13.36706,77.7366185,osm-places-2026-09
node/3810947962,Ganganamidde,ಗಂಗನಮಿದ್ದೆ,village,13.4352986,77.7184817,osm-places-2026-09
node/3810947963,Hiriyannanahalli,ಹಿರಿಯಣ್ಣನಹಳ್ಳಿ,village,13.474134,77.8198538,osm-places-2026-09
node/3810947965,Kandakanahalli,ಕಂಡಕನಹಳ್ಳಿ,village,13.4452066,77.8315078,osm-places-2026-09
node/3810947966,Kattariguppe,ಕತ್ತರಿಗುಪ್ಪೆ,village,13.4699551,77.7958812,osm-places-2026-09
node/3810947967,Keshavara,ಕೇಶವರ,village,13.3868938,77.8232104,osm-places-2026-09
node/3810947968,Motluru,ಮೋಟ್ಲೂರು,hamlet,13.437104,77.6438214,osm-places-2026-09
node/3810947970,Ramachandra Hosuru,ರಾಮಚಂದ್ರ ಹೊಸೂರು,village,13.4329574,77.8300485,osm-places-2026-09
node/3811268751,Agalagurki,ಅಗಲಗುರ್ಕಿ,village,13.4139653,77.7390633,osm-places-2026-09
node/3811268752,Ankanagondi,ಅಂಕನಗೊಂದಿ,village,13.4507402,77.7108014,osm-places-2026-09
node/3811268753,Arikere,ಅರಿಕೆರೆ,hamlet,13.467413,77.7121355,osm-places-2026-09
node/3811268754,Bannikuppe,ಬನ್ನಿಕುಪ್ಪೆ,village,13.4155253,77.75149,osm-places-2026-09
node/3811268755,Bommanahalli,ಬೊಮ್ಮನಹಳ್ಳಿ,village,13.4769495,77.6183205,osm-places-2026-09
node/3811268756,Chidachikkanahalli,ಚೀಡಚಿಕ್ಕನಹಳ್ಳಿ,village,13.4000701,77.7513713,osm-places-2026-09
node/3811270657,Dinnehosahalli,ದಿನ್ನೆಹೊಸಹಳ್ಳಿ,village,13.454183,77.7141506,osm-places-2026-09
node/3811270658,Gollahalli,ಗೊಲ್ಲಹಳ್ಳಿ,hamlet,13.4496688,77.6340176,osm-places-2026-09
node/3811270659,Harobande,ಹಾರೋಬಂಡೆ,village,13.4665065,77.7386635,osm-places-2026-09
node/3811270660,Kadadibburu,ಕಾಡದಿಬ್ಬೂರು,village,13.4705803,77.7893325,osm-places-2026-09
node/3811270662,Nallakadirenahalli,ನಲ್ಲಕದಿರೇನಹಳ್ಳಿ,village,13.4321581,77.6323215,osm-places-2026-09
node/3811270667,Sonnapura,ಸೊಣ್ಣಾಪುರ,hamlet,13.4162183,77.76354,osm-places-2026-09
node/3811315935,Ankatatti,ಅಂಕತಟ್ಟಿ,village,13.3098304,77.8158276,osm-places-2026-09
node/3811315937,Devenahalli,ದೇವೇನಹಳ್ಳಿ,hamlet,13.2602959,77.8992644,osm-places-2026-09
node/3811315941,Hemarlahalli,ಹೇಮಾರ್ಲಹಳ್ಳಿ,village,13.2785409,77.911272,osm-places-2026-09
node/3811315942,Kalinayakanahalli,ಕಾಳಿನಾಯಕನಹಳ್ಳಿ,village,13.2652529,77.9055472,osm-places-2026-09
node/3811315943,Kalyapura,ಕಲ್ಯಾಪುರ,village,13.2387482,77.871439,osm-places-2026-09
node/3811315949,Mittanahalli,ಮಿತ್ತನಹಳ್ಳಿ,village,13.2933064,77.8205647,osm-places-2026-09
node/3811315953,Sundrahalli,ಸುಂಡ್ರಹಳ್ಳಿ,hamlet,13.2496329,77.8592099,osm-places-2026-09
node/3811493126,Hunasenahalli,ಹುಣಸೇನಹಳ್ಳಿ,village,13.3815184,77.8892252,osm-places-2026-09
node/3823825596,Madhugirihalli,ಮಧುಗಿರಿಹಳ್ಳಿ,village,13.1279864,77.5074279,osm-places-2026-09
node/3823825629,Thammarasanahalli,ತಮ್ಮರಸನಹಳ್ಳಿ,village,13.1260639,77.4969136,osm-places-2026-09
node/3823826696,Kumbarahalli,ಕುಂಬಾರಹಳ್ಳಿ,village,13.1030959,77.4916565,osm-places-2026-09
node/3824202374,Abbenahalli,ಅಬ್ಬೇನಹಳ್ಳಿ,village,13.0466399,77.9449858,osm-places-2026-09
node/3824202382,Aranighatta,ಅರಣಿಘಟ್ಟ,village,12.9261228,77.9410576,osm-places-2026-09
node/3824202388,Benaghatta,ಬೆನಘಟ್ಟ,village,12.8578586,77.9351348,osm-places-2026-09
node/3824202391,Boppanahalli,ಬೊಪ್ಪನಹಳ್ಳಿ,village,12.9952685,77.9054862,osm-places-2026-09
node/3824202395,Channigarayapura,ಚನ್ನಿಗರಾಯಪುರ,village,12.9146095,77.9299831,osm-places-2026-09
node/3824202402,Chikkapura,ಚಿಕ್ಕಾಪುರ,village,12.9880525,77.9003148,osm-places-2026-09
node/3824202407,Dombarahalli,ದೊಂಬರಹಳ್ಳಿ,village,13.0894237,77.9556435,osm-places-2026-09
node/3824202408,Dyapasandra,ದ್ಯಾಪಸಂದ್ರ,village,12.982798,77.9543153,osm-places-2026-09
node/3824202410,Gerupura,ಗೇರುಪುರ,village,13.0749761,77.9270843,osm-places-2026-09
node/3824202411,Gonurukoppa,ಗೋಣೂರುಕೊಪ್ಪ,village,12.9099536,77.9457537,osm-places-2026-09
node/3824202416,Harohalli,ಹಾರೋಹಳ್ಳಿ,village,13.0244417,77.9387307,osm-places-2026-09
node/3824202418,Hulimangala,ಹುಲಿಮಂಗಲ,village,12.9568281,77.8992322,osm-places-2026-09
node/3824202420,Jagadenahalli,ಜಗದೇನಹಳ್ಳಿ,village,12.9084586,77.883079,osm-places-2026-09
node/3824202424,Kadadenahalli,ಕಾಡದೇನಹಳ್ಳಿ,village,13.0033883,77.9119314,osm-places-2026-09
node/3824202425,Kadavanapura,ಕಡವನಪುರ,hamlet,12.8935155,77.9590509,osm-places-2026-09
node/3824202428,Kalkere,ಕಲ್ಕೆರೆ,village,12.8845798,77.8609487,osm-places-2026-09
node/3824202429,Kambipura,ಕಂಬೀಪುರ,village,13.0558284,77.9387039,osm-places-2026-09
node/3824202430,Kanachikkanahalli,ಕಣಚಿಕ್ಕನಹಳ್ಳಿ,village,12.9917291,77.9298771,osm-places-2026-09
node/3824202440,Korachanuru,ಕೊರಚನೂರು,village,13.0663334,77.9535521,osm-places-2026-09
node/3824202444,Kurandahalli,ಕೂರಂಡಹಳ್ಳಿ,village,12.9834611,77.9127239,osm-places-2026-09
node/3824202445,Lakkenahalli,ಲಕ್ಕೇನಹಳ್ಳಿ,hamlet,13.0128409,77.9059031,osm-places-2026-09
node/3824202446,Lingapura,ಲಿಂಗಾಪುರ,village,13.0225639,77.9555559,osm-places-2026-09
node/3824202447,Madanahatti,ಮಾದನಹಟ್ಟಿ,village,12.9918356,77.8895882,osm-places-2026-09
node/3824202448,Mailandahalli,ಮೈಲಾಂಡಹಳ್ಳಿ,village,12.96458,77.9478832,osm-places-2026-09
node/3824202450,Mangapura,ಮಂಗಾಪುರ,village,12.9721184,77.9331591,osm-places-2026-09
node/3824202451,Marasandra,ಮಾರಸಂದ್ರ,village,12.9804018,77.8739832,osm-places-2026-09
node/3824202452,Minasandra,ಮಿಣಸಂದ್ರ,village,12.9210228,77.9172097,osm-places-2026-09
node/3824203257,Nallappanahalli,ನಲ್ಲಪ್ಪನಹಳ್ಳಿ,hamlet,13.0041503,77.9083561,osm-places-2026-09
node/3824203259,Nilakantha Agrahara,ನೀಲಕಂಠ ಅಗ್ರಹಾರ,village,12.9981778,77.9583159,osm-places-2026-09
node/3824203260,Nosagere,ನೊಸಗೆರೆ,village,12.9896373,77.9147619,osm-places-2026-09
node/3824203268,Purasanahalli,ಪುರಸನಹಳ್ಳಿ,village,12.9797563,77.9355399,osm-places-2026-09
node/3824203269,Sitanayakanahalli,ಸೀತನಾಯಕನಹಳ್ಳಿ,village,13.0634973,77.9295361,osm-places-2026-09
node/3824203272,Talakunte,ತಾಳಕುಂಟೆ,village,12.9296437,77.9195576,osm-places-2026-09
node/3824203273,Tambihalli,ತಂಬಿಹಳ್ಳಿ,village,13.0608424,77.9446567,osm-places-2026-09
node/3824203279,Upavasapura,ಉಪವಾಸಪುರ,village,12.9815142,77.9014126,osm-places-2026-09
node/3831355441,Aluru Duddanahalli,ಅಲೂರು ದುದ್ದನಹಳ್ಳಿ,village,13.2737774,77.6030366,osm-places-2026-09
node/3831355442,Arasanahalli,ಅರಸನಹಳ್ಳಿ,village,13.2018656,77.7997984,osm-places-2026-09
node/3831355443,Attibele,ಅತ್ತಿಬೆಲೆ,village,13.2843213,77.7177506,osm-places-2026-09
node/3831355444,Atturu,ಅಟ್ಟೂರು,village,13.1004095,77.8587249,osm-places-2026-09
node/3831355445,Bachchahalli,ಬಚ್ಚಹಳ್ಳಿ,village,13.252962,77.5939359,osm-places-2026-09
node/3831355446,Bannimangala,ಬನ್ನಿಮಂಗಲ,village,13.260932,77.5879117,osm-places-2026-09
node/3831355447,Batrenahalli,ಬಟ್ರೇನಹಳ್ಳಿ,village,13.3252903,77.8182811,osm-places-2026-09
node/3831355448,Bennamangala,ಬೆನ್ನಮಂಗಲ,village,13.2552449,77.7426982,osm-places-2026-09
node/3831355449,Bettahalli,ಬೆಟ್ಟಹಳ್ಳಿ,village,13.1819797,77.8215974,osm-places-2026-09
node/3831355450,Bidalapura,ಬಿದಲಪುರ,village,13.1871393,77.7756191,osm-places-2026-09
node/3831355451,Bidaluru,ಬಿದಲೂರು,village,13.2880984,77.6910029,osm-places-2026-09
node/3831355452,Bidiganahalli,ಬೀಡಿಗಾನಹಳ್ಳಿ,village,13.2544319,77.8115207,osm-places-2026-09
node/3831355453,Bommanahalli,ಬೊಮ್ಮನಹಳ್ಳಿ,village,13.2356503,77.7594545,osm-places-2026-09
node/3831355454,Chikkanahalli,ಚಿಕ್ಕನಹಳ್ಳಿ,village,13.314318,77.7871125,osm-places-2026-09
node/3831355455,Chikkanallala,ಚಿಕ್ಕನಲ್ಲಾಳ,village,13.0973286,77.8961209,osm-places-2026-09
node/3831355456,Chimachanahalli,ಚೀಮಾಚನಹಳ್ಳಿ,village,13.2182348,77.7827215,osm-places-2026-09
node/3831355857,Chinna Kempanahalli,ಚಿನ್ನ ಕೆಂಪನಹಳ್ಳಿ,village,13.2671612,77.6273252,osm-places-2026-09
node/3831355858,Dabbagunte,ದಬ್ಬಗುಂಟೆ,village,13.0964312,77.8913139,osm-places-2026-09
node/3831355859,Devanayakanahalli,ದೇವನಾಯಕನಹಳ್ಳಿ,village,13.1754621,77.7718557,osm-places-2026-09
node/3831355860,Dharmapura,ಧರ್ಮಪುರ,village,13.2683565,77.7999577,osm-places-2026-09
node/3831355861,Doddamuddenahalli,ದೊಡ್ಡಮುದ್ದೇನಹಳ್ಳಿ,village,13.3212908,77.7702297,osm-places-2026-09
node/3831355862,Giddappanahalli,ಗಿಡ್ಡಪ್ಪನಹಳ್ಲಿ,village,13.1757789,77.8140868,osm-places-2026-09
node/3831355863,Godlamuddenahalli,ಗೊಡ್ಲಮುದ್ದೇನಹಳ್ಳಿ,village,13.3291649,77.777538,osm-places-2026-09
node/3831355864,Haliyuru,ಹಳಿಯೂರು,village,13.2634077,77.7660111,osm-places-2026-09
node/3831355865,Handenahalli,ಹಂದೇನಹಳ್ಳಿ,village,12.958577,77.8477565,osm-places-2026-09
node/3831355866,Haraluru Nagenahalli,ಹರಳೂರು ನಾಗೇನಹಳ್ಳಿ,village,13.3277229,77.8111877,osm-places-2026-09
node/3831355867,Hegganahalli,ಹೆಗ್ಗನಹಳ್ಳಿ,village,13.2187326,77.6104355,osm-places-2026-09
node/3831355868,Honachanahalli,ಹೊಣಚನಹಳ್ಳಿ,village,13.0190882,77.8547532,osm-places-2026-09
node/3831355869,Hosahalli,ಹೊಸಹಳ್ಳಿ,village,13.3500993,77.7429078,osm-places-2026-09
node/3831355870,Hosahudya,ಹೊಸಹುಡ್ಯ,village,13.3303338,77.7229102,osm-places-2026-09
node/3831355871,Hyadala,ಹ್ಯಾಡಾಳ,village,13.2497999,77.7897558,osm-places-2026-09
node/3831355872,Irigenahalli,ಇರಿಗೇನಹಳ್ಳಿ,village,13.3389658,77.7329741,osm-places-2026-09
node/3831355873,Juttanahalli,ಜುಟ್ಟನಹಳ್ಳಿ,village,13.2396997,77.5780314,osm-places-2026-09
node/3831355874,Kommasandra,ಕೊಮ್ಮಸಂದ್ರ,village,13.319151,77.8037622,osm-places-2026-09
node/3831355875,Kurubarakunte,ಕುರುಬರಕುಂಟೆ,village,13.2720516,77.7378897,osm-places-2026-09
node/3831355876,Lakkondahalli,ಲಕ್ಕೊಂಡಹಳ್ಳಿ,village,13.118144,77.7704722,osm-places-2026-09
node/3831355877,Mailapura,ಮೈಲಾಪುರ,village,13.1037272,77.8786954,osm-places-2026-09
node/3831355878,Mallepura,ಮಲ್ಲೇಪುರ,village,13.2047617,77.7783223,osm-places-2026-09
node/3831355879,Malluru,ಮಳ್ಳೂರು,village,13.3399868,77.8171068,osm-places-2026-09
node/3831355880,Mattabarlu,ಮಟ್ಟಬಾರ್ಲು,village,13.2462994,77.7693806,osm-places-2026-09
node/3831355881,Medihalli,ಮೇಡಿಹಳ್ಳಿ,village,12.9681562,77.845242,osm-places-2026-09
node/3831355882,Mugabala Hosahalli,ಮುಗಬಾಳ ಹೊಸಹಳ್ಳಿ,village,13.1060681,77.8807384,osm-places-2026-09
node/3831355883,Nakkanahalli,ನಕ್ಕನಹಳ್ಳಿ,village,13.1284001,77.8687951,osm-places-2026-09
node/3831355884,Nallappanahalli,ನಲ್ಲಪ್ಪನಹಳ್ಳಿ,hamlet,13.2073279,77.7793314,osm-places-2026-09
node/3831355885,Pettanahalli,ಪೆತ್ತನಹಳ್ಳಿ,village,13.0504565,77.7917286,osm-places-2026-09
node/3831355886,Polanahalli,ಪೋಲನಹಳ್ಳಿ,village,13.2252298,77.7670061,osm-places-2026-09
node/3831355887,Pura,ಪುರ,village,13.3125631,77.7966922,osm-places-2026-09
node/3831355888,Ranganathapura,ರಂಗನಾಥಪುರ,village,13.337618,77.79034,osm-places-2026-09
node/3831355889,Sarkara Guttahalli,ಸರ್ಕಾರ ಗುಟ್ಟಹಳ್ಳಿ,village,13.0453886,77.7893069,osm-places-2026-09
node/3831355890,Siddapura,ಸಿದ್ದಾಪುರ,hamlet,13.1314924,77.8687492,osm-places-2026-09
node/3831355891,Siddenahalli,ಸಿದ್ದೇನಹಳ್ಳಿ,village,13.1902078,77.8254301,osm-places-2026-09
node/3831355892,Siddenahalli,ಸಿದ್ದೇನಹಳ್ಳಿ,village,13.208309,77.9272411,osm-places-2026-09
node/3831355893,Sunnaghatta,ಸುಣ್ಣಘಟ್ಟ,village,13.2582147,77.5830474,osm-places-2026-09
node/3831355894,Tammenahalli,ತಮ್ಮೇನಹಳ್ಳಿ,village,13.2501672,77.7512763,osm-places-2026-09
node/3831355895,Tellohalli Agrahara,ತೆಲ್ಲೋಹಳ್ಳಿ ಅಗ್ರಹಾರ,village,13.2409903,77.7532585,osm-places-2026-09
node/3831355912,Sulakunte,ಸೂಲಕುಂಟೆ,village,13.2540225,77.6005202,osm-places-2026-09
node/3833226366,Adinarayana Hosahalli,ಆದಿನಾರಾಯಣ ಹೊಸಹಳ್ಳಿ,village,13.2788452,77.5923749,osm-places-2026-09
node/3833226367,Akkatammanahalli,ಅಕ್ಕತಮ್ಮನಹಳ್ಳಿ,village,13.3175315,77.4019896,osm-places-2026-09
node/3833226368,Allalasandra,ಅಳ್ಳಾಳಸಂದ್ರ,village,13.3592126,77.5115911,osm-places-2026-09
node/3833226369,Antarahalli,ಅಂತರಹಳ್ಳಿ,village,13.354554,77.5108768,osm-places-2026-09
node/3833226370,Arehalli Guddadahalli,ಅರೆಹಳ್ಳಿ ಗುಡ್ಡದಹಳ್ಳಿ,village,13.2709759,77.5667142,osm-places-2026-09
node/3833226371,Bachchahalli,ಬಚ್ಚಹಳ್ಳಿ,village,13.3561444,77.516092,osm-places-2026-09
node/3833226372,Bairapura,ಬೈರಾಪುರ,village,13.3571601,77.441424,osm-places-2026-09
node/3833226373,Bankenahalli,ಬಂಕೇನಹಳ್ಳಿ,hamlet,13.4609593,77.4798692,osm-places-2026-09
node/3833226374,Benakina Madagu,ಬೆನಕಿನ ಮಡಗು,village,13.3868351,77.407684,osm-places-2026-09
node/3833226375,Channadevi Agrahara,ಚನ್ನಾದೇವಿ ಅಗ್ರಹಾರ,village,13.2178549,77.455611,osm-places-2026-09
node/3833226376,Channaviranahalli,ಚನ್ನವೀರನಹಳ್ಳಿ,village,13.371032,77.4175557,osm-places-2026-09
node/3833226377,Chikkanahalli,ಚಿಕ್ಕನಹಳ್ಳಿ,village,13.3191113,77.4430623,osm-places-2026-09
node/3833226378,Chilenahalli,ಚೀಲೇನಹಳ್ಳಿ,village,13.3633565,77.4604585,osm-places-2026-09
node/3833226379,Chunchegauda Hosahalli,ಚುಂಚೇಗೌಡ ಹೊಸಹಳ್ಳಿ,village,13.289896,77.4708213,osm-places-2026-09
node/3833226380,Dargajogihalli,ದರ್ಗಾಜೋಗಿಹಳ್ಳಿ,neighbourhood,13.2966514,77.5317738,osm-places-2026-09
node/3833226381,Doddavadagere,ದೊಡ್ಡವಡಗೆರೆ,village,13.2124712,77.4063564,osm-places-2026-09
node/3833226382,Durgenahalli,ದುರ್ಗೇನಹಳ್ಳಿ,village,13.3860857,77.5606948,osm-places-2026-09
node/3833226383,Gangasandra,ಗಂಗಸಂದ್ರ,village,13.3553995,77.551506,osm-places-2026-09
node/3833226384,Garudagallu,ಗರುಡಗಲ್ಲು,hamlet,13.397679,77.3486698,osm-places-2026-09
node/3833226385,Gaudanakunte,ಗೌಡನಕುಂಟೆ,hamlet,13.4527242,77.3587655,osm-places-2026-09
node/3833226386,Gundappanayakanahalli,ಗುಂಡಪ್ಪನಾಯಕನಹಳ್ಳಿ,village,13.4607739,77.3999357,osm-places-2026-09
node/3833226387,Gunjuru,ಗುಂಜೂರು,village,13.4279345,77.5131493,osm-places-2026-09
node/3833226388,Halenahalli,ಹಾಲೇನಹಳ್ಳಿ,village,13.2226448,77.3961677,osm-places-2026-09
node/3833226389,Honnaghata,ಹೊನ್ನಾಘಟ,village,13.3206938,77.5067643,osm-places-2026-09
node/3833226390,Hosahudya,ಹೊಸಹುಡ್ಯ,village,13.2385482,77.5443928,osm-places-2026-09
node/3833226391,Hosakote,ಹೊಸಕೋಟೆ,hamlet,13.4524681,77.4762302,osm-places-2026-09
node/3833226392,Huskuru,ಹುಸ್ಕೂರು,village,13.2826895,77.4755418,osm-places-2026-09
node/3833226393,Jakkasandra,ಜಕ್ಕಸಂದ್ರ,hamlet,13.2836364,77.5010643,osm-places-2026-09
node/3833226394,Jaligere,ಜಾಲಿಗೆರೆ,hamlet,13.3746135,77.4358821,osm-places-2026-09
node/3833226395,Jodi Timmasandra,ಜೋಡಿ ತಿಮ್ಮಸಂದ್ರ,village,13.2049774,77.4210235,osm-places-2026-09
node/3833226396,Kadabyadarahalli,ಕಾಡಬ್ಯಾಡರಹಳ್ಳಿ,village,13.3601995,77.4327235,osm-places-2026-09
node/3833226397,Kadatippuru,ಕಾಡತಿಪ್ಪೂರು,village,13.3431441,77.3521665,osm-places-2026-09
node/3833226398,Kalludevanahalli,ಕಲ್ಲುದೇವನಹಳ್ಳಿ,village,13.3515188,77.4690036,osm-places-2026-09
node/3833226399,Kallukote,ಕಲ್ಲುಕೋಟೆ,village,13.4183556,77.5952377,osm-places-2026-09
node/3833226400,Kallukunte,ಕಲ್ಲುಕುಂಟೆ,village,13.4487919,77.425693,osm-places-2026-09
node/3833226401,Kamaluru,ಕಮಲೂರು,village,13.3594699,77.4902768,osm-places-2026-09
node/3833226402,Kamana Agrahara,ಕಾಮನ ಅಗ್ರಹಾರ,village,13.3035288,77.3799897,osm-places-2026-09
node/3833226403,Kammasandra,ಕಮ್ಮಸಂದ್ರ,village,13.2093654,77.3790069,osm-places-2026-09
node/3833226404,Kanakenahalli,ಕನಕೇನಹಳ್ಳಿ,village,13.3838115,77.3835573,osm-places-2026-09
node/3833226405,Kanasavadi,ಕನಸವಾಡಿ,village,13.2084418,77.4364151,osm-places-2026-09
node/3833226406,Kannamangala,ಕನ್ನಮಂಗಲ,village,13.1891552,77.4184611,osm-places-2026-09
node/3833226408,Karenahalli,ಕರೇನಹಳ್ಳಿ,neighbourhood,13.2884808,77.5301474,osm-places-2026-09
node/3833226409,Killaranahalli,ಕಿಲ್ಲರನಹಳ್ಳಿ,hamlet,13.4422815,77.3737755,osm-places-2026-09
node/3833226410,Kodihalli,ಕೋಡಿಹಳ್ಳಿ,village,13.1892363,77.4545013,osm-places-2026-09
node/3833226411,Kottigemachenahalli,ಕೊಟ್ಟಿಗೆಮಾಚೇನಹಳ್ಳಿ,village,13.4238386,77.4247775,osm-places-2026-09
node/3833226412,Kugonahalli,ಕೂಗೋನಹಳ್ಳಿ,village,13.3094066,77.4613585,osm-places-2026-09
node/3833226413,Kuntanahalli,ಕುಂಟನಹಳ್ಳಿ,village,13.2802923,77.4872723,osm-places-2026-09
node/3833226414,Lagumenahalli,ಲಗುಮೇನಹಳ್ಳಿ,village,13.4158141,77.5374947,osm-places-2026-09
node/3833226415,Lakkenalli,ಲಕ್ಕೇನಳ್ಳಿ,village,13.3884702,77.3505999,osm-places-2026-09
node/3833226416,Linganahalli,ಲಿಂಗನಹಳ್ಳಿ,village,13.3198946,77.6173239,osm-places-2026-09
node/3833226417,Machchenahalli,ಮಚ್ಚೇನಹಳ್ಳಿ,village,13.4077471,77.3492354,osm-places-2026-09
node/3833226418,Madeshvara,ಮಾಡೇಶ್ವರ,hamlet,13.3330151,77.4329856,osm-places-2026-09
node/3833226419,Madhurana Hosahalli,ಮಧುರನ ಹೊಸಹಳ್ಳಿ,village,13.2819435,77.433107,osm-places-2026-09
node/3833226420,Makali,ಮಾಕಳಿ,village,13.4392417,77.4890962,osm-places-2026-09
node/3833226421,Mallattahalli,ಮಲ್ಲಾತ್ತಹಳ್ಳಿ,village,13.3317621,77.5415054,osm-places-2026-09
node/3833226422,Mandibyadarahalli,ಮಂಡಿಬ್ಯಾಡರಹಳ್ಳಿ,village,13.3060201,77.4709512,osm-places-2026-09
node/3833226423,Marasandra,ಮಾರಸಂದ್ರ,village,13.2004544,77.4426473,osm-places-2026-09
node/3833226424,Medahalli,ಮೇಡಹಳ್ಳಿ,hamlet,13.340034,77.5538491,osm-places-2026-09
node/3833226425,Melina Juganahalli,ಮೇಲಿನ ಜೂಗಾನಹಳ್ಳಿ,village,13.4301915,77.5220104,osm-places-2026-09
node/3833226426,Menasi,ಮೆಣಸಿ,village,13.2873637,77.4887069,osm-places-2026-09
node/3833226427,Mukkadighatta,ಮುಕ್ಕಡಿಘಟ್ಟ,village,13.4285664,77.5987957,osm-places-2026-09
node/3833226428,Nagenahalli,ನಾಗೇನಹಳ್ಳಿ,village,13.1989463,77.4015579,osm-places-2026-09
node/3833226429,Naranahalli,ನಾರನಹಳ್ಳಿ,village,13.2911368,77.4401671,osm-places-2026-09
node/3833226430,Narasapura,ನರಸಾಪುರ,hamlet,13.3661635,77.4048222,osm-places-2026-09
node/3833226431,Neralaghatta,ನೇರಳಘಟ್ಟ,village,13.3155603,77.4813983,osm-places-2026-09
node/3833226432,Obadenahalli,ಓಬದೇನಹಳ್ಳಿ,village,13.2758434,77.5766641,osm-places-2026-09
node/3833226433,Ojenahalli,ಓಜೇನಹಳ್ಳಿ,village,13.4353285,77.4753345,osm-places-2026-09
node/3833226434,Purushanahalli,ಪುರುಷನಹಳ್ಳಿ,village,13.2375981,77.3917084,osm-places-2026-09
node/3833226435,Rameshvara,ರಾಮೇಶ್ವರ,village,13.2852508,77.4515589,osm-places-2026-09
node/3833226436,Shimpadipura,ಶಿಂಪಾಡಿಪುರ,village,13.2270963,77.4131356,osm-places-2026-09
node/3833226437,Shivapura,ಶಿವಪುರ,village,13.3075851,77.5660059,osm-places-2026-09
node/3833226438,Shravanuru,ಶ್ರವಣೂರು,village,13.3164748,77.4562014,osm-places-2026-09
node/3833226439,Sonnenahalli,ಸೊಣ್ಣೇನಹಳ್ಳಿ,village,13.4302703,77.4851195,osm-places-2026-09
node/3833226440,Suttahalli,ಸುತ್ತಹಳ್ಳಿ,village,13.3780309,77.4411851,osm-places-2026-09
node/3833226441,Tammaganahalli,ತಮ್ಮಗಾನಹಳ್ಳಿ,hamlet,13.4109743,77.3991383,osm-places-2026-09
node/3833226442,Tapasihalli,ತಪಸೀಹಳ್ಳಿ,village,13.3490636,77.5201876,osm-places-2026-09
node/3833226443,Timmasandra,ತಿಮ್ಮಸಂದ್ರ,village,13.320256,77.5642229,osm-places-2026-09
node/3833226444,Tippapura,ತಿಪ್ಪಾಪುರ,village,13.272299,77.5391678,osm-places-2026-09
node/3833226445,Ujjani Hosahalli,ಉಜ್ಜನಿ ಹೊಸಹಳ್ಳಿ,village,13.4407625,77.4604959,osm-places-2026-09
node/3833226446,Vaddarahalli,ವಡ್ಡರಹಳ್ಳಿ,village,13.3427922,77.5405822,osm-places-2026-09
node/3833226447,Vanigarahalli,ವಾಣಿಗರಹಳ್ಳಿ,village,13.3495,77.452523,osm-places-2026-09
node/3833226449,Virapura,ವೀರಾಪುರ,village,13.2611515,77.543607,osm-places-2026-09
node/3833996483,Ajjanakatte,ಅಜ್ಜನಕಟ್ಟೆ,village,13.2913842,77.4271782,osm-places-2026-09
node/3833996484,Appagondanahalli,ಅಪ್ಪಗೊಂಡನಹಳ್ಳಿ,hamlet,13.2624291,77.3084583,osm-places-2026-09
node/3833996485,Avverahalli,ಅವ್ವೇರಹಳ್ಳಿ,village,13.192457,77.2529148,osm-places-2026-09
node/3833996486,Ayyanahalli,ಅಯ್ಯನಹಳ್ಳಿ,village,13.2581747,77.3869119,osm-places-2026-09
node/3833996487,Bairasandra,ಬೈರಸಂದ್ರ,village,13.2484093,77.5201447,osm-places-2026-09
node/3833996488,Baragenahalli,ಬರಗೇನಹಳ್ಳಿ,village,13.1941379,77.23709,osm-places-2026-09
node/3833996489,Baraguru,ಬರಗೂರು,village,13.320956,77.3249092,osm-places-2026-09
node/3833996490,Bavikere,ಬಾವೀಕೆರೆ,village,13.0864477,77.368339,osm-places-2026-09
node/3833996491,Bennagere,ಬೆಣ್ಣಗೆರೆ,hamlet,13.2918899,77.2611999,osm-places-2026-09
node/3833996492,Bettahalli,ಬೆಟ್ಟಹಳ್ಳಿ,hamlet,13.1642035,77.3865293,osm-places-2026-09
node/3833996493,Bhusandra,ಭೂಸಂದ್ರ,hamlet,13.071948,77.3214833,osm-places-2026-09
node/3833996494,Bidaluru,ಬಿದಲೂರು,village,13.194278,77.3008826,osm-places-2026-09
node/3833996495,Billinakote,ಬಿಲ್ಲಿನಕೋಟೆ,village,13.1968364,77.2705576,osm-places-2026-09
node/3833996496,Bugadihalli,ಬುಗಡಿಹಳ್ಳಿ,hamlet,13.2805373,77.2493495,osm-places-2026-09
node/3833996497,Channohalli,ಚನ್ನೋಹಳ್ಳಿ,hamlet,13.2627667,77.2417304,osm-places-2026-09
node/3833996498,Doddakarenahalli,ದೊಡ್ಡಕರೇನಹಳ್ಳಿ,village,13.0682157,77.3450953,osm-places-2026-09
node/3833996499,Gangenapura,ಗಂಗೇನಪುರ,hamlet,13.1747274,77.2112628,osm-places-2026-09
node/3833996500,Gaurapura,ಗೌರಾಪುರ,hamlet,13.1862828,77.2136247,osm-places-2026-09
node/3833996501,Geddalahalli,ಗೆದ್ದಲಹಳ್ಳಿ,village,13.1798508,77.2552288,osm-places-2026-09
node/3833996502,Gejjegadahalli,ಗೆಜ್ಜೆಗದಹಳ್ಳಿ,village,13.2457952,77.4985417,osm-places-2026-09
node/3833996503,Gollahalli,ಗೊಲ್ಲಹಳ್ಳಿ,village,13.2591462,77.5057245,osm-places-2026-09
node/3833996504,Goraghatta,ಗೋರಘಟ್ಟ,village,13.2861109,77.3395172,osm-places-2026-09
node/3833996505,Gorinabele,ಗೋರಿನಬೆಲೆ,hamlet,13.0422939,77.3645637,osm-places-2026-09
node/3833996506,Gottigere,ಗೊಟ್ಟಿಗೆರೆ,hamlet,13.1819882,77.2431441,osm-places-2026-09
node/3833996507,Gulya,ಗೂಳ್ಯ,hamlet,13.2370396,77.4065036,osm-places-2026-09
node/3833996508,Halenahalli,ಹಾಲೇನಹಳ್ಳಿ,village,13.2787963,77.241407,osm-places-2026-09
node/3833996509,Halenijagal,ಹಳೆನಿಜಗಲ್,village,13.2528905,77.2025111,osm-places-2026-09
node/3833996510,Hanchipura,ಹಂಚೀಪುರ,village,13.0669867,77.3711043,osm-places-2026-09
node/3833996511,Hanumantapura,ಹನುಮಂತಪುರ,village,13.1912693,77.2857756,osm-places-2026-09
node/3833996512,Hattukunte,ಹತ್ತುಕುಂಟೆ,village,13.2525084,77.3462435,osm-places-2026-09
node/3833996513,Heggunda,ಹೆಗ್ಗುಂದ,village,13.2775355,77.2599783,osm-places-2026-09
node/3833996514,Honnadevipura,ಹೊನ್ನಾದೇವಿಪುರ,village,13.2428824,77.4158414,osm-places-2026-09
node/3833996515,Honnasandra,ಹೊನ್ನಸಂದ್ರ,village,13.0406063,77.3373727,osm-places-2026-09
node/3833996516,Honnenahalli,ಹೊನ್ನೇನಹಳ್ಳಿ,village,13.2095248,77.2417445,osm-places-2026-09
node/3833996517,Imachenahalli,ಇಮಚೇನಹಳ್ಳಿ,village,13.2631983,77.2533488,osm-places-2026-09
node/3833996518,Indiranagara,ಇಂದಿರಾನಗರ,hamlet,13.1857242,77.2853294,osm-places-2026-09
node/3833996519,Jakkasandra,ಜಕ್ಕಸಂದ್ರ,village,13.0899115,77.3883363,osm-places-2026-09
node/3833996520,Kamalapura,ಕಾಮಲಾಪುರ,hamlet,13.2308346,77.1930705,osm-places-2026-09
node/3833996521,Kanuvanahalli,ಕನುವನಹಳ್ಳಿ,village,12.9951095,77.3643526,osm-places-2026-09
node/3833996522,Karepura,ಕಾರೇಪುರ,village,13.2513282,77.4003007,osm-places-2026-09
node/3833996523,Karimanne,ಕರಿಮಣ್ಣೆ,village,13.2583811,77.259965,osm-places-2026-09
node/3833996524,Kempalinganahalli,ಕೆಂಪಲಿಂಗನಹಳ್ಳಿ,village,13.047362,77.372442,osm-places-2026-09
node/3833996525,Kempalinganahalli,ಕೆಂಪಲಿಂಗನಹಳ್ಳಿ,village,13.0950634,77.3743271,osm-places-2026-09
node/3833996526,Kengal,ಕೆಂಗಲ್,village,13.2102096,77.2272543,osm-places-2026-09
node/3833996527,Kerekattiganuru,ಕೆರೆಕತ್ತಿಗನೂರು,village,13.175183,77.272456,osm-places-2026-09
node/3833996528,Kodappanahalli,ಕೊಡಪ್ಪನಹಳ್ಳಿ,village,13.0645114,77.3819314,osm-places-2026-09
node/3833996529,Kodihalli,ಕೋಡಿಹಳ್ಳಿ,village,13.192702,77.3121011,osm-places-2026-09
node/3833996530,Kodipalya,ಕೋಡಿಪಾಳ್ಯ,hamlet,13.2007228,77.2954886,osm-places-2026-09
node/3833996531,Kukkanahalli,ಕುಕ್ಕನಹಳ್ಳಿ,village,13.1749477,77.4417089,osm-places-2026-09
node/3833996532,Madenahalli,ಮಾದೇನಹಳ್ಳಿ,village,13.2473075,77.2497468,osm-places-2026-09
node/3833996533,Mahadevapura,ಮಹದೇವಪುರ,village,13.0671165,77.3201264,osm-places-2026-09
node/3833996534,Mallapura,ಮಲ್ಲಾಪುರ,village,13.0741989,77.3994248,osm-places-2026-09
node/3833996535,Mallarabanavadi,ಮಲ್ಲರಬಾನವಾಡಿ,village,13.0736036,77.3794648,osm-places-2026-09
node/3833996536,Mandigere,ಮಂಡಿಗೆರೆ,village,13.1641058,77.3703249,osm-places-2026-09
node/3833996537,Mannerampura,ಮಣ್ಣೇರಾಂಪುರ,hamlet,13.26573,77.2990148,osm-places-2026-09
node/3833996538,Muddalinganahalli,ಮುದ್ದಲಿಂಗನಹಳ್ಳಿ,village,13.2415596,77.2965643,osm-places-2026-09
node/3833996539,Mugenahalli,ಮೂಗೇನಹಳ್ಳಿ,hamlet,13.2785228,77.3954336,osm-places-2026-09
node/3833996540,Narasapura,ನರಸಾಪುರ,village,13.2043595,77.3245045,osm-places-2026-09
node/3833996541,Nijagal‌ Kempohalli,ನಿಜಗಲ್‌ ಕೆಂಪೊಹಳ್ಳಿ,village,13.2557649,77.2471588,osm-places-2026-09
node/3833996542,Shrinivasapura,ಶ್ರೀನಿವಾಸಪುರ,village,13.0843466,77.3408547,osm-places-2026-09
node/3833996543,Shripatihalli,ಶ್ರೀಪತಿಹಳ್ಳಿ,hamlet,13.2028847,77.2048296,osm-places-2026-09
node/3833996544,Soladevanahalli,ಸೋಲದೇವನಹಳ್ಳಿ,village,13.0071985,77.3501716,osm-places-2026-09
node/3833996545,Somasagara,ಸೋಮಸಾಗರ,village,13.2708309,77.3171562,osm-places-2026-09
node/3833996546,Tattekere,ತಟ್ಟೆಕೆರೆ,hamlet,13.2545534,77.2717139,osm-places-2026-09
node/3833996547,Tyagadahalli,ತ್ಯಾಗದಹಳ್ಳಿ,village,13.1737158,77.3942523,osm-places-2026-09
node/3833996548,Vaddarapalya,ವಡ್ಡರಪಾಳ್ಯ,village,13.0786407,77.3680832,osm-places-2026-09
node/3833996549,Virasagara,ವೀರಸಾಗರ,village,13.2160749,77.2039774,osm-places-2026-09
node/3833996550,Yantaganahalli,ಯಂಟಗಾನಹಳ್ಳಿ,village,13.0612696,77.3456126,osm-places-2026-09
node/3834506462,Bairasandra,ಬೈರಸಂದ್ರ,village,13.1102128,77.3287919,osm-places-2026-09
node/3834506463,Ghantehosahalli,ಘಂಟೆಹೊಸಹಳ್ಳಿ,village,13.1592991,77.2506873,osm-places-2026-09
node/3834506464,Hurulihalli,ಹುರುಳಿಹಳ್ಳಿ,village,13.1192777,77.353016,osm-places-2026-09
node/3834506465,Kambalu,ಕಂಬಾಳು,village,13.1668703,77.2386203,osm-places-2026-09
node/3834506466,Kasaraghatta,ಕಾಸರಘಟ್ಟ,village,13.1664301,77.262252,osm-places-2026-09
node/3834506467,Kempapura Agrahara,ಕೆಂಪಾಪುರ ಅಗ್ರಹಾರ,hamlet,13.1548482,77.2895786,osm-places-2026-09
node/3834506468,Kempohalli,ಕೆಂಪೋಹಳ್ಳಿ,village,13.1194681,77.3295627,osm-places-2026-09
node/3834506469,Lakkasandra,ಲಕ್ಕಸಂದ್ರ,village,13.1487304,77.299127,osm-places-2026-09
node/3834506470,Madalakote,ಮದಲಕೋಟೆ,village,13.1149481,77.3107842,osm-places-2026-09
node/3834506471,Maragondanahalli,ಮಾರಗೊಂಡನಹಳ್ಳಿ,hamlet,13.1556968,77.2671461,osm-places-2026-09
node/3834506472,Marohalli,ಮಾರೋಹಳ್ಳಿ,village,13.1500443,77.3386527,osm-places-2026-09
node/3834506473,Narayanapura,ನಾರಾಯಣಪುರ,hamlet,13.1517704,77.2297391,osm-places-2026-09
node/3834506474,Sulukunte,ಸೂಲುಕುಂಟೆ,village,13.1611152,77.2965174,osm-places-2026-09
node/3834506475,Timmasandra,ತಿಮ್ಮಸಂದ್ರ,village,13.1299821,77.299905,osm-places-2026-09
node/3834506476,Yalachegere,ಯಲಚೆಗೆರೆ,village,13.1030523,77.3482004,osm-places-2026-09
node/3835426049,Adakamaranahalli,ಅಡಕಮಾರನಹಳ್ಳಿ,village,12.9468593,77.3095674,osm-places-2026-09
node/3835426050,Adarangi,ಅದರಂಗಿ,village,13.1217472,77.1931641,osm-places-2026-09
node/3835426051,Ajjahalli,ಅಜ್ಜಹಳ್ಳಿ,village,13.1116631,77.1924761,osm-places-2026-09
node/3835426053,Arishinakunte,ಅರಿಶಿನಕುಂಟೆ,village,13.094563,77.2124344,osm-places-2026-09
node/3835426054,Bachenahatti,ಬಾಚೇನಹಟ್ಟಿ,village,12.9536631,77.3038281,osm-places-2026-09
node/3835426056,Banavadi,ಬಾಣವಾಡಿ,village,13.1181137,77.2566101,osm-places-2026-09
node/3835426457,Basavenahalli,ಬಸವೇನಹಳ್ಳಿ,hamlet,13.0381228,77.3139449,osm-places-2026-09
node/3835426461,Byaladakere,ಬ್ಯಾಲದಕೆರೆ,village,13.0339696,77.2272958,osm-places-2026-09
node/3835426464,Gollahalli,ಗೊಲ್ಲಹಳ್ಳಿ,village,13.1290246,77.1861306,osm-places-2026-09
node/3835426465,Gororu,ಗೊರೊರು,village,13.0800838,77.2615959,osm-places-2026-09
node/3835426466,Gudemaranahalli,ಗುಡೇಮಾರನಹಳ್ಳಿ,village,13.0514216,77.2638794,osm-places-2026-09
node/3835426467,Gudemaranahalli,ಗುಡೇಮಾರನಹಳ್ಳಿ,hamlet,13.0537908,77.2878657,osm-places-2026-09
node/3835426468,Hakkinalu,ಹಕ್ಕಿನಾಳು,village,13.0383027,77.2827805,osm-places-2026-09
node/3835426469,Harohalli,ಹಾರೋಹಳ್ಳಿ,village,12.9660114,77.1918887,osm-places-2026-09
node/3835426470,Harti,ಹರ್ತಿ,village,13.0190204,77.2442631,osm-places-2026-09
node/3835426472,Hosahalli,ಹೊಸಹಳ್ಳಿ,village,13.0492066,77.3006348,osm-places-2026-09
node/3835426473,Hosahalli,ಹೊಸಹಳ್ಳಿ,hamlet,13.172398,77.1980952,osm-places-2026-09
node/3835426475,Hujenahalli,ಹೂಜೇನಹಳ್ಳಿ,hamlet,13.0472968,77.1926876,osm-places-2026-09
node/3835426477,Kagimadu,ಕಾಗಿಮಡು,village,13.1232225,77.1812915,osm-places-2026-09
node/3835426479,Kallattipalya,ಕಲ್ಲಟ್ಟಿಪಾಳ್ಯ,hamlet,13.1223499,77.2372667,osm-places-2026-09
node/3835426480,Kalluru,ಕಲ್ಲೂರು,village,12.9449827,77.3171088,osm-places-2026-09
node/3835426481,Kanakenahalli,ಕನಕೇನಹಳ್ಳಿ,village,13.0990983,77.2704389,osm-places-2026-09
node/3835426482,Kenchanapura,ಕೆಂಚನಾಪುರ,hamlet,13.0992109,77.2003048,osm-places-2026-09
node/3835426486,Kuttinagere,ಕುತ್ತಿನಗೆರೆ,hamlet,13.1020464,77.1866842,osm-places-2026-09
node/3835426487,Madigondanahalli,ಮಾದಿಗೊಂಡನಹಳ್ಳಿ,hamlet,13.0694268,77.2084539,osm-places-2026-09
node/3835426488,Mailanahalli,ಮೈಲನಹಳ್ಳಿ,village,13.1399376,77.2404354,osm-places-2026-09
node/3835426489,Manniganahalli,ಮಣ್ಣಿಗನಹಳ್ಳಿ,village,13.0534939,77.1879262,osm-places-2026-09
node/3835426491,Marikuppe,ಮರಿಕುಪ್ಪೆ,village,13.0420279,77.2980295,osm-places-2026-09
node/3835426493,Motaganahalli,ಮೋಟಗಾನಹಳ್ಳಿ,village,13.0053464,77.3112512,osm-places-2026-09
node/3835426494,Muppenahalli,ಮುಪ್ಪೇನಹಳ್ಳಿ,hamlet,13.1022926,77.252581,osm-places-2026-09
node/3835426497,Netenahalli,ನೇತೇನಹಳ್ಳಿ,village,12.9433034,77.2198372,osm-places-2026-09
node/3835426498,Palanahalli,ಪಾಲನಹಳ್ಳಿ,hamlet,13.111431,77.235885,osm-places-2026-09
node/3835426499,Pemmanahalli,ಪೆಮ್ಮನಹಳ್ಳಿ,village,13.0171123,77.3035587,osm-places-2026-09
node/3835426501,Shyanubhoganahalli,ಶ್ಯಾನುಭೋಗನಹಳ್ಳಿ,village,12.9584546,77.3255905,osm-places-2026-09
node/3835426506,Udukunte,ಉಡುಕುಂಟೆ,village,13.1317713,77.2352971,osm-places-2026-09
node/3835426507,Vajarahalli,ವಾಜರಹಳ್ಳಿ,hamlet,13.0510136,77.2097115,osm-places-2026-09
node/3835426508,Virasagara,ವೀರಸಾಗರ,village,13.1668264,77.2039436,osm-places-2026-09
node/3835777058,Attingere,ಅತ್ತಿಂಗೆರೆ,village,12.8707557,77.2784605,osm-places-2026-09
node/3835777059,Averahalli,ಆವೇರಹಳ್ಳಿ,village,12.8997472,77.3373986,osm-places-2026-09
node/3835777060,Balenahalli,ಬಾಳೇನಹಳ್ಳಿ,village,12.8959089,77.1927548,osm-places-2026-09
node/3835777062,Chikkamaskal,ಚಿಕ್ಕಮಸ್ಕಲ್,village,12.9199377,77.3304661,osm-places-2026-09
node/3835777064,Gerahalli,ಗೇರಹಳ್ಳಿ,village,12.8442479,77.2460348,osm-places-2026-09
node/3835777065,Guddalahalli,ಗುದ್ದಲಹಳ್ಳಿ,village,12.8614892,77.2376304,osm-places-2026-09
node/3835777066,Gudepalya,ಗುಡೇಪಾಳ್ಯ,hamlet,13.0217935,77.2309205,osm-places-2026-09
node/3835777067,Halasinganahalli,ಹಾಲಸಿಂಗನಹಳ್ಳಿ,village,13.0117861,77.1872884,osm-places-2026-09
node/3835777068,Hanchikuppe,ಹಂಚಿಕುಪ್ಪೆ,village,12.8910383,77.2685179,osm-places-2026-09
node/3835777069,Heligehalli,ಹೇಳಿಗೆಹಳ್ಳಿ,village,12.8916419,77.1923303,osm-places-2026-09
node/3835777070,Hujagala,ಹೂಜಗಲ,village,13.0014246,77.1983394,osm-places-2026-09
node/3835777071,Huluvenahalli,ಹುಲುವೇನಹಳ್ಳಿ,village,12.8888178,77.1838013,osm-places-2026-09
node/3835777072,Juttanahalli,ಜುಟ್ಟನಹಳ್ಳಿ,village,12.9536998,77.1881438,osm-places-2026-09
node/3835777075,Kottagaranahalli,ಕೊಟ್ಟಗಾರನಹಳ್ಳಿ,village,12.8440053,77.209689,osm-places-2026-09
node/3835777076,Managal,ಮಾನಗಲ್,village,12.9128378,77.2043812,osm-places-2026-09
node/3835777077,Matta,ಮತ್ತ,village,12.8816493,77.2919181,osm-places-2026-09
node/3835777078,Neralavadi,ನೇರಲವಾಡಿ,village,12.8503153,77.2113651,osm-places-2026-09
node/3835777079,Pura,ಪುರ,village,12.91788,77.2327085,osm-places-2026-09
node/3835777082,Tataval,ತಟವಾಳ್,village,12.954515,77.2000989,osm-places-2026-09
node/3835777083,Vengalappanahalli,ವೆಂಗಳಪ್ಪನಹಳ್ಳಿ,village,12.9463614,77.266164,osm-places-2026-09
node/3835777084,Virapura,ವೀರಾಪುರ,hamlet,12.9160077,77.3181235,osm-places-2026-09
node/3836927661,Anumanahalli,ಅನುಮಾನಹಳ್ಳಿ,village,12.7528373,77.2094615,osm-places-2026-09
node/3836927662,Chamanahalli,ಚಾಮನಹಳ್ಳಿ,village,12.7411953,77.1948243,osm-places-2026-09
node/3836927663,Hippemaradadoddi,ಹಿಪ್ಪೆಮರದದೊಡ್ಡಿ,village,12.7344966,77.1927354,osm-places-2026-09
node/3836927664,Jayapura,ಜಯಪುರ,village,12.7388315,77.2371461,osm-places-2026-09
node/3836927665,Jogidoddi,ಜೋಗಿದೊಡ್ಡಿ,hamlet,12.8019965,77.263596,osm-places-2026-09
node/3836927666,Kurubarahalli,ಕುರುಬರಹಳ್ಳಿ,village,12.7470321,77.2468512,osm-places-2026-09
node/3836927667,Kyasapura,ಕ್ಯಾಸಾಪುರ,village,12.7463402,77.200459,osm-places-2026-09
node/3836927668,Lakshmipura,ಕಗ್ಗಲಹಳ್ಳಿ,village,12.8306075,77.294852,osm-places-2026-09
node/3836927669,Timmasandra,ತಿಮ್ಮಸಂದ್ರ,village,12.8025965,77.2778547,osm-places-2026-09
node/3841391200,Elehosahalli,ಎಲೆಹೊಸಹಳ್ಳಿ,hamlet,12.7212375,77.1892547,osm-places-2026-09
node/3841391203,Kannamangala,ಕನ್ನಮಂಗಲ,hamlet,12.7145548,77.2052895,osm-places-2026-09
node/3841391214,Nayidolle,ನಾಯಿದೊಳ್ಳೆ,village,12.7749613,77.1845784,osm-places-2026-09
node/3878756431,Kiranagere,ಕೀರಣಗೆರೆ,village,12.6517762,77.4562542,osm-places-2026-09
node/3878756432,Konasandra,ಕೋನಸಂದ್ರ,village,12.665059,77.5101575,osm-places-2026-09
node/3878756438,Tattekere,ತಟ್ಟೇಕೆರೆ,village,12.6728678,77.5737943,osm-places-2026-09
node/3878849519,Bannikuppe,ಬನ್ನಿಕುಪ್ಪೆ,village,12.6734316,77.4285699,osm-places-2026-09
node/3878849520,Belaguli,ಬೆಳಗುಳಿ,village,12.6520525,77.3926398,osm-places-2026-09
node/3878849521,Bhimasandra,ಭೀಮಸಂದ್ರ,village,12.6909512,77.4573327,osm-places-2026-09
node/3878849523,Gullahatti Kaval,ಗುಳ್ಳಹಟ್ಟಿ ಕಾವಲ್,village,12.7298601,77.5466497,osm-places-2026-09
node/3878849525,Hulugondanahalli,ಹುಳುಗೊಂಡನಹಳ್ಳಿ,village,12.6896537,77.4320237,osm-places-2026-09
node/3878849526,Kottagalu,ಕೊಟ್ಟಗಾಳು,village,12.6644649,77.3887453,osm-places-2026-09
node/3878849527,Medamaranahalli,ಮೇಡಮಾರನಹಳ್ಳಿ,village,12.7015058,77.4515986,osm-places-2026-09
node/3878849528,Narayanapura,ನಾರಾಯಣಪುರ,village,12.6926837,77.4165476,osm-places-2026-09
node/3882339487,Angarahalli,ಅಂಗರಹಳ್ಳಿ,village,12.7301487,77.2116012,osm-places-2026-09
node/3882339514,Tittamaranahalli,ತಿಟ್ಟಮಾರನಹಳ್ಳಿ,village,12.6662564,77.1849223,osm-places-2026-09
node/3887129211,ITC Colony,ಐ.ಟಿ.ಸಿ ಕಾಲೋನಿ,neighbourhood,12.9981729,77.6301239,osm-places-2026-09
node/3893985314,Anchipura,ಅಂಚಿಪುರ,village,12.7700717,77.4314208,osm-places-2026-09
node/3893985315,Angarahalli,ಅಂಗರಹಳ್ಳಿ,hamlet,12.7647784,77.3936163,osm-places-2026-09
node/3893985316,Avaragere,ಅವರಗೆರೆ,village,12.8197863,77.3802898,osm-places-2026-09
node/3893985317,Bannigiri,ಬನ್ನಿಗಿರಿ,village,12.7570104,77.4359972,osm-places-2026-09
node/3893985324,Gollarapalya,ಗೊಲ್ಲರಪಾಳ್ಯ,village,12.8020215,77.4255335,osm-places-2026-09
node/3893985329,Jogana Palya,ಜೋಗನ ಪಾಳ್ಯ,hamlet,12.7805859,77.4399839,osm-places-2026-09
node/3893985331,Kenchanakuppe,ಕೆಂಚನಕುಪ್ಪೆ,village,12.7960196,77.3749572,osm-places-2026-09
node/3893985332,Ketaganahalli,ಕೇತಗನಹಳ್ಳಿ,village,12.8132509,77.391074,osm-places-2026-09
node/3893985333,Kodipalya,ಕೋಡಿಪಾಳ್ಯ,village,12.7816985,77.4520996,osm-places-2026-09
node/3893985343,Shyanumangala,ಶ್ಯಾನುಮಂಗಲ,village,12.7935898,77.4316733,osm-places-2026-09
node/3893985344,Timmegaudanadoddi,ತಿಮ್ಮೇಗೌಡನದೊಡ್ಡಿ,village,12.7629352,77.4149441,osm-places-2026-09
node/3893985347,Vajarahalli,ವಾಜರಹಳ್ಳಿ,village,12.8238977,77.3911336,osm-places-2026-09
node/3897575412,MSO Colony,ಎಂಎಸ್ಒ ಕಾಲೋನಿ,neighbourhood,12.9995526,77.628189,osm-places-2026-09
node/391881071,Srirampura,ರಾಮಪುರ,neighbourhood,13.0660294,77.6196815,osm-places-2026-09
node/3930393428,Kirloskar Layout,ಕಿರ್ಲೋಸ್ಕರ ಬಡಾವಣೆ,neighbourhood,13.0669639,77.5009307,osm-places-2026-09
node/3949427276,Halekote,ಹಳೇಕೋಟೆ,neighbourhood,13.3830567,77.2042155,osm-places-2026-09
node/3983485478,Nagegowdanapalya,ನಾಗೇಗೌಡನಪಾಳ್ಯ,neighbourhood,12.8683303,77.5142974,osm-places-2026-09
node/3983628502,Gattigerepalya,ಗಟ್ಟಿಗೆರೆಪಾಳ್ಯ,neighbourhood,12.8819899,77.5019592,osm-places-2026-09
node/3983628610,Ganakkal,ಗಣಕಲ್ಲು,quarter,12.8971756,77.5120658,osm-places-2026-09
node/3983628624,Chikkegowdanpalya,ಚಿಕ್ಕೆಗೌಡನಪಾಳ್ಯ,neighbourhood,12.8801983,77.5144615,osm-places-2026-09
node/3983628633,Sompura,ಸೋಂಪುರ,village,12.8778283,77.4972385,osm-places-2026-09
node/4044099875,Gajendra Nagara,ಗಜೇಂದ್ರ ನಗರ,neighbourhood,12.9508013,77.6085468,osm-places-2026-09
node/4059407756,Ragihalli,ರಾಗಿಹಳ್ಳಿ,village,12.7386426,77.5745803,osm-places-2026-09
node/4076243857,Hulimavu,ಹುಳಿಮಾವು,quarter,12.8773486,77.6028031,osm-places-2026-09
node/4076612346,MES Colony,ಎಂಇಎಸ್ ಕಾಲೋನಿ,neighbourhood,12.9576935,77.6621295,osm-places-2026-09
node/4080013989,Muninagara,ಮಣಿನಗರ,village,12.7483145,77.5370162,osm-places-2026-09
node/4080013990,Tattaguppe,ತಟ್ಟಗುಪ್ಪೆ,village,12.7724323,77.5305132,osm-places-2026-09
node/410861186,R K Hegde Nagara,ಹೆಗ್ಡೆನಗರ,quarter,13.0720352,77.6333905,osm-places-2026-09
node/410861196,Shabarinagara,ಶಬರಿನಗರ,neighbourhood,13.0713622,77.6379402,osm-places-2026-09
node/410865952,Honnenahalli,ಹೊನ್ನೇನಹಳ್ಳಿ,village,13.1598635,77.5664592,osm-places-2026-09
node/410865953,Rajanakunte,ರಾಜನಕುಂಟೆ,village,13.1691901,77.5639442,osm-places-2026-09
node/411430090,Kothanur,ಕೊತನೂರು,quarter,13.0613601,77.6493895,osm-places-2026-09
node/4114865061,Bikkanahalli Hosahalli,ಬಿಕ್ಕನಹಳ್ಳಿ ಹೊಸಹಳ್ಳಿ,village,12.8478047,77.7648328,osm-places-2026-09
node/4114865062,Bikkanahalli,ಬಿಕ್ಕನಹಳ್ಳಿ,village,12.8376113,77.7599771,osm-places-2026-09
node/4114865064,Handenahalli,ಹಂದೇನಹಳ್ಳಿ,village,12.8259815,77.7673455,osm-places-2026-09
node/4114865066,Kommasandra,ಕೊಮ್ಮಸಂದ್ರ,village,12.8608656,77.7408671,osm-places-2026-09
node/4114865067,Menasiganahalli.,ಮೆಣಸಿಗನಹಳ್ಳಿ.,village,12.6637253,77.7018851,osm-places-2026-09
node/4114865068,Rachamanahalli.,ರಾಚಮಾನಹಳ್ಳಿ.,village,12.7220464,77.7386277,osm-places-2026-09
node/4114865069,Samanduru,ಸಮಂದೂರು,village,12.7145217,77.7543649,osm-places-2026-09
node/4114865070,Sollepura,ಸೊಳ್ಳೇಪುರ,village,12.8309661,77.7559609,osm-places-2026-09
node/4114868315,Attiguppe,ಅತ್ತಿಗುಪ್ಪೆ,village,12.6778268,77.5285164,osm-places-2026-09
node/4118295030,Gandhi Nagar,ಗಾಂಧಿನಗರ,neighbourhood,12.9541555,77.7069486,osm-places-2026-09
node/4124451512,Chalaganahalli,ಚಲಗನಹಳ್ಳಿ,village,12.9008561,77.9542609,osm-places-2026-09
node/4124451516,Nagondahalli,ನಾಗೊಂಡಹಳ್ಳಿ,village,12.9186278,77.9543867,osm-places-2026-09
node/4124451519,Rajakrishnapuram,ರಾಜಕೃಷ್ಣಾಪುರಂ,village,12.8831659,77.9008618,osm-places-2026-09
node/4124451520,Siddanahalli,ಸಿದ್ದನಹಳ್ಳಿ,village,12.8942382,77.9136136,osm-places-2026-09
node/4124451521,Sonnuru,ಸೊಣ್ಣೂರು,village,12.8960171,77.9006501,osm-places-2026-09
node/4125784761,Baguru Sonnahalli,ಬಾಗೂರು ಸೊಣ್ಣಹಳ್ಳಿ,village,12.9128693,77.8681289,osm-places-2026-09
node/4125784771,Hulimangala Hosakote,ಹುಲಿಮಂಗಲ ಹೊಸಕೋಟೆ,village,12.9622166,77.8990054,osm-places-2026-09
node/4125784784,Sitanayakanahalli,ಸೀತಾನಾಯಕನಹಳ್ಳಿ,village,12.9538292,77.9147154,osm-places-2026-09
node/412647768,Geddalahalli,ಗೆದ್ದೆಲಹಳ್ಳಿ,quarter,13.0486343,77.6446688,osm-places-2026-09
node/4142367865,Atturu,ಅಟ್ಟೂರು,quarter,13.1074705,77.5656853,osm-places-2026-09
node/4142396720,Gundlahalli,ಗುಂಡ್ಲಹಳ್ಳಿ,hamlet,13.3191294,77.3681822,osm-places-2026-09
node/4148394289,Singapura,ಸಿಂಗಪುರ,quarter,13.0782386,77.5377059,osm-places-2026-09
node/4162555217,Babasaheb Colony,ಬಾಬಾಸಾಹೇಬ್ ಕಾಲೋನಿ,neighbourhood,12.9659245,77.6433621,osm-places-2026-09
node/419795521,Bileshivale,ಬಿಳಿಶಿವಾಲೆ,village,13.0543306,77.6710224,osm-places-2026-09
node/419800580,Dodda Gubbi,ದೊಡ್ಡ ಗುಬ್ಬಿ,village,13.0712038,77.6731772,osm-places-2026-09
node/420076871,Kyalasanahalli,ಕ್ಯಾಲಸನಹಳ್ಳಿ,village,13.0564575,77.6591321,osm-places-2026-09
node/420080581,Anagalapura,ಅಣಗಲಪುರ,village,13.0687589,77.6821872,osm-places-2026-09
node/420082930,Bande Bommasandra,ಬಂಡೆ ಬೊಮ್ಮಸಂದ್ರ,village,13.0765576,77.6809788,osm-places-2026-09
node/420087906,Chikkabyrathi,ಚಿಕ್ಕಬೈರತಿ,neighbourhood,13.0553214,77.6495031,osm-places-2026-09
node/420088225,Byrathi,ಭೈರತಿ,neighbourhood,13.0563529,77.6520993,osm-places-2026-09
node/4203653089,Gitanjali Layout,ಗೀತಾಂಜಲಿ ಲೇಔಟ್,neighbourhood,12.9758758,77.6537885,osm-places-2026-09
node/4209390935,Ganigarpet,ಗಾಣಿಗರ್‌ಪೇಟ್,neighbourhood,12.9667841,77.5833158,osm-places-2026-09
node/4209420893,Mamulpete,ಮಾಮುಲ್‌ಪೇಟೆ,neighbourhood,12.9687279,77.5778022,osm-places-2026-09
node/4233041619,Kothnur,ಕೋತನೂರು,suburb,12.8742546,77.5837252,osm-places-2026-09
node/4233041620,Krishna Nagar,ಕೃಷ್ಣ ನಗರ,neighbourhood,12.8775024,77.5845488,osm-places-2026-09
node/4267702329,Maistripalaya,ಮೈಸ್ತ್ರೀ ಪಾಳ್ಯ,neighbourhood,12.9330208,77.6249486,osm-places-2026-09
node/427531067,Seshadripuram,ಶೇಷಾದ್ರಿಪುರಂ,quarter,12.9931876,77.5753419,osm-places-2026-09
node/427595936,Malleswaram,ಮಲ್ಲೇಶ್ವರಂ,suburb,13.0027353,77.5703253,osm-places-2026-09
node/428464052,Sampangirama Nagar,ಸಂಪಾಂಗಿರಾಮನಗರ,neighbourhood,12.9664555,77.5922609,osm-places-2026-09
node/428464054,Shanti Nagar,ಶಾಂತಿನಗರ,suburb,12.9555367,77.5924278,osm-places-2026-09
node/4284782849,Jothinagar,ಜ್ಯೋತಿನಗರ,neighbourhood,12.9661271,77.6671318,osm-places-2026-09
node/4292814903,Archakara Badavane,ಅರ್ಚಕರ ಬಡಾವಣೆ,neighbourhood,12.9186382,77.4528406,osm-places-2026-09
node/429303186,Shivajinagar,ಶಿವಾಜಿನಗರ,suburb,12.9855286,77.6054496,osm-places-2026-09
node/429697299,Gandhinagar,ಗಾಂಧಿನಗರ,suburb,12.9771534,77.5800313,osm-places-2026-09
node/429736137,VV Puram,ವಿಶ್ವೇಶ್ವರಪುರಂ,quarter,12.9531831,77.5761103,osm-places-2026-09
node/429853334,Jayanagar,ಜಯನಗರ,suburb,12.9292731,77.5824229,osm-places-2026-09
node/429853335,JP Nagar,ಜಯಪ್ರಕಾಶ ನಾರಾಯಣ ನಗರ,suburb,12.9096941,77.5866067,osm-places-2026-09
node/429853336,Banashankari 2nd Stage,ಬನಶಂಕರಿ,quarter,12.9268667,77.5637191,osm-places-2026-09
node/429853694,Chamarajapete,ಚಾಮರಾಜಪೇಟೆ,suburb,12.9584184,77.5629161,osm-places-2026-09
node/429857521,Sriramapuram,ಶ್ರೀರಾಮಪುರಂ,quarter,12.9909874,77.5638092,osm-places-2026-09
node/429857523,Rajajinagar,ರಾಜಾಜಿನಗರ,suburb,12.9882338,77.554883,osm-places-2026-09
node/429857524,Vijaya Nagar,ವಿಜಯನಗರ,suburb,12.9663993,77.5354092,osm-places-2026-09
node/429857525,Hampi Nagar,ಹಂಪಿನಗರ,quarter,12.9609115,77.5358407,osm-places-2026-09
node/429876575,Mavalli,ಮಾವಳ್ಳಿ,neighbourhood,12.9528478,77.5819643,osm-places-2026-09
node/429918281,Madiwala,ಮಡಿವಾಳ,quarter,12.9238149,77.617629,osm-places-2026-09
node/429918282,Koramangala,ಕೋರಮಂಗಲ,suburb,12.9357366,77.624081,osm-places-2026-09
node/429921850,Adugodi,ಅಡುಗೊಡಿ,quarter,12.9440234,77.6088867,osm-places-2026-09
node/429921851,Wilson Garden,ವಿಲ್ಸನ್ ಗಾರ್ಡನ್,quarter,12.9489339,77.5968273,osm-places-2026-09
node/429921852,Austin Town,ಆಸ್ಟಿನ್ ರಸ್ತೆ,suburb,12.9612736,77.6152935,osm-places-2026-09
node/429921853,Ashok Nagar,ಅಶೋಕ ನಗರ,quarter,12.9694359,77.6092319,osm-places-2026-09
node/429921854,Viveknagar,ವಿವೇಕನಗರ,neighbourhood,12.9529247,77.6231374,osm-places-2026-09
node/429921855,Ejipura,ಈಜಿಪುರ,quarter,12.945245,77.6274776,osm-places-2026-09
node/429921856,Cubbonpet,ಕಬ್ಬನ್ ಪೇಟೆ,neighbourhood,12.9684991,77.5852286,osm-places-2026-09
node/429921857,Old Tharagupete,ಹಳೆ ತರಗುಪೇಟೆ,neighbourhood,12.967815,77.576627,osm-places-2026-09
node/429921859,Sultanpete,ಸುಲ್ತಾನ್ ಪೇಟೆ,neighbourhood,12.9699379,77.5738753,osm-places-2026-09
node/429921860,Ranasingpete,ರಣಸಿಂಗಪೇಟೆ,neighbourhood,12.9675442,77.5724588,osm-places-2026-09
node/429921862,Chikkapete,ಚಿಕ್ಕಪೇಟೆ,suburb,12.9697837,77.5756901,osm-places-2026-09
node/429921863,Balepet,ಬಾಳೆಪೇಟೆ,neighbourhood,12.9731178,77.5759323,osm-places-2026-09
node/429921864,Kalasipalyam,ಕಲಾಸಿಪಾಳ್ಯಂ,quarter,12.958189,77.5768148,osm-places-2026-09
node/429937955,Marenahalli,ಮರೇನಹಳ್ಳಿ,quarter,12.9182594,77.5916651,osm-places-2026-09
node/429937956,Basavanagudi,ಬಸವನಗುಡಿ,suburb,12.9417261,77.5755021,osm-places-2026-09
node/430043564,Benson Town,ಬೆನ್ಸನ್ ಟೌನ್,quarter,12.997343,77.6036815,osm-places-2026-09
node/430043651,RT Nagar,ರವೀಂದ್ರನಾಥ ಠಾಗೋರ್ ನಗರ,suburb,13.0227204,77.595715,osm-places-2026-09
node/430043772,Ganga Nagar,ಗಂಗಾನಗರ,quarter,13.0232471,77.5883569,osm-places-2026-09
node/430051517,Frazer Town,ಫ್ರೇಜರ್ ಟೌನ್,suburb,12.9975851,77.6136744,osm-places-2026-09
node/430051518,Cox Town,ಕಾಕ್ಸ್ ಟೌನ್,quarter,12.9954832,77.6239259,osm-places-2026-09
node/430051519,Richards Town,ರಿಚರ್ಡ್ಸ್ ಟೌನ್,quarter,13.0042369,77.6170601,osm-places-2026-09
node/430143744,Yelahanka,ಯಲಹಂಕ,suburb,13.1006982,77.5963454,osm-places-2026-09
node/4304331149,"AECS Layout, A block","ಎಇಸಿಎಸ್ ಲೇಔಟ್, ಎ ಬ್ಲಾಕ್",neighbourhood,12.8843419,77.6494922,osm-places-2026-09
node/431530915,Mathikere,ಮತ್ತಿಕೆರೆ,suburb,13.0333587,77.5581786,osm-places-2026-09
node/433747869,BEL Colony,ಬಿಇಎಲ್ ಕಾಲೋನಿ,neighbourhood,13.0470701,77.5539052,osm-places-2026-09
node/433748247,Jalahalli,ಜಾಲಹಳ್ಳಿ,suburb,13.0464531,77.5483803,osm-places-2026-09
node/4353477843,Abshot Layout,ಅಬ್‌ಶಾಟ್ ಲೇಔಟ್,neighbourhood,12.9930728,77.5866428,osm-places-2026-09
node/4397421776,Gurappana Palya,ಗುರಪ್ಪನ ಪಾಳ್ಯ,neighbourhood,12.9207575,77.6033328,osm-places-2026-09
node/4401556757,Bayyandahalli,ಬಯ್ಯಂಡಹಳ್ಳಿ,hamlet,13.0055351,77.4430111,osm-places-2026-09
node/4401556758,Bettahalli,ಬೆಟ್ಟಹಳ್ಳಿ,village,13.0173894,77.4373676,osm-places-2026-09
node/4401556759,Byadarahalli,ಬ್ಯಾಡರಹಳ್ಳಿ,neighbourhood,12.9831451,77.4818006,osm-places-2026-09
node/4401556760,Channenahalli,ಚನ್ನೇನಹಳ್ಳಿ,hamlet,12.9767271,77.428935,osm-places-2026-09
node/4401556761,Cholanayakanahalli,ಚೋಳನಾಯಕನಹಳ್ಳಿ,hamlet,12.9601102,77.3614346,osm-places-2026-09
node/4401556762,Ganakallu,ಗಣಕಲ್ಲು,hamlet,12.9569943,77.3811862,osm-places-2026-09
node/4401556763,Gangapa,ಗಂಗಪ,hamlet,12.9593477,77.3517665,osm-places-2026-09
node/4401556764,Gangenahalli,ಗಂಗೇನಹಳ್ಳಿ,hamlet,12.9834173,77.3918735,osm-places-2026-09
node/4401556765,Giddenahalli,ಗಿಡ್ಡೇನಹಳ್ಳಿ,village,12.9931426,77.4187702,osm-places-2026-09
node/4401556766,Herohalli,ಹೇರೋಹಳ್ಳಿ,suburb,12.9912345,77.4870119,osm-places-2026-09
node/4401556767,Hosa Bairohalli,ಹೊಸ ಬೈರೋಹಳ್ಳಿ,neighbourhood,12.9191847,77.4560282,osm-places-2026-09
node/4401556768,Jogerahalli,ಜೋಗೇರಹಳ್ಳಿ,hamlet,12.9853331,77.3747044,osm-places-2026-09
node/4401556769,Kadabageri,ಕಡಬಗೇರಿ,village,12.9965497,77.4333751,osm-places-2026-09
node/4401556770,Kannalli,ಕನ್ನಲ್ಲಿ,neighbourhood,12.9665618,77.4587909,osm-places-2026-09
node/4401556771,Kenchanapura,ಕೆಂಚನಪುರ,neighbourhood,12.9580986,77.4500482,osm-places-2026-09
node/4401556772,Kodigehalli,ಕೊಡಿಗೇಹಳ್ಳಿ,neighbourhood,12.9766569,77.4645643,osm-places-2026-09
node/4401556773,Machohalli Kaloni,ಮಾಚೋಹಳ್ಳಿ ಕಾಲೋನಿ,village,12.9961571,77.4513037,osm-places-2026-09
node/4401556774,Maragondanahalli,ಮರಗೊಂಡನಹಳ್ಳಿ,hamlet,12.9317194,77.4246608,osm-places-2026-09
node/4401556775,Naganahalli,ನಾಗನಹಳ್ಳಿ,hamlet,12.98077,77.3610102,osm-places-2026-09
node/4403238599,Aivarakandapura,ಐವರಕಂಡಪುರ,village,13.1372991,77.4929592,osm-places-2026-09
node/4403238600,Anantapura,ಆನಂತಪುರ,hamlet,13.1314088,77.3778112,osm-places-2026-09
node/4403238601,Arjuna Bettahalli,ಅರ್ಜುನ ಬೆಟ್ಟಹಳ್ಳಿ,village,13.1598408,77.4192655,osm-places-2026-09
node/4403238602,Bairanahalli,ಬೈರನಹಳ್ಳಿ,village,13.1593755,77.3456573,osm-places-2026-09
node/4403238603,Budihala,ಬೂದಿಹಾಳ,village,13.1359521,77.3615921,osm-places-2026-09
node/4403238604,Byalakere,ಬ್ಯಾಲಕೆರೆ,neighbourhood,13.1124139,77.5250464,osm-places-2026-09
node/4403238605,Deganahalli,ದೇಗನಹಳ್ಳಿ,hamlet,13.1388398,77.3685023,osm-places-2026-09
node/4403238606,Dibburu,ದಿಬ್ಬೂರು,village,13.1679457,77.5289978,osm-places-2026-09
node/4403238607,Gangadharanapalya,ಗಂಗಾಧರನಪಾಳ್ಯ,village,13.1209102,77.386151,osm-places-2026-09
node/4403238608,Kasaghattapura,ಕಸಘಟ್ಟಪುರ,village,13.11009,77.5043316,osm-places-2026-09
node/4403238609,Mallapura,ಮಲ್ಲಾಪುರ,village,13.1032741,77.3846049,osm-places-2026-09
node/4403238610,Muthkuru,ಮುತ್ಕೂರು,village,13.1566323,77.5086613,osm-places-2026-09
node/4403238611,Tonachinakuppe,ತೊಣಚಿನಕುಪ್ಪೆ,village,13.1405021,77.3468394,osm-places-2026-09
node/4403238612,Vaddarapalya,ವಡ್ಡರಪಾಳ್ಯ,hamlet,13.1375222,77.3775603,osm-places-2026-09
node/4403238613,Varadanaykanahalli,ವರದನಾಯ್ಕನಹಳ್ಳಿ,hamlet,13.1701481,77.3547995,osm-places-2026-09
node/4403238614,Yaramanchanahalli,ಯರಮಂಚನಹಳ್ಳಿ,village,13.1560064,77.3556823,osm-places-2026-09
node/4403975046,Bananduru,ಬಾನಂದೂರು,village,12.7767253,77.397516,osm-places-2026-09
node/4403975047,Bommachanahalli,ಬೊಮ್ಮಚನಹಳ್ಳಿ,village,12.8044245,77.3140927,osm-places-2026-09
node/4403975048,Chikkakalbalu,ಚಿಕ್ಕಕಲ್ಬಾಳು,village,12.6532818,77.4099876,osm-places-2026-09
node/4403975049,Heggadagere,ಹೆಗ್ಗಡಗೆರೆ,village,12.7622112,77.3777255,osm-places-2026-09
node/4403975050,Hejjala,ಹೆಜ್ಜಾಲ,village,12.8553687,77.4169835,osm-places-2026-09
node/4403975051,Jadenahalli,ಜಡೇನಹಳ್ಳಿ,hamlet,12.8394114,77.3952835,osm-places-2026-09
node/4403975052,Kakaramanahalli,ಕಾಕರಾಮನಹಳ್ಳಿ,village,12.8296975,77.362826,osm-places-2026-09
node/4403975053,Karenahalli,ಕರೇನಹಳ್ಳಿ,village,12.8178377,77.3651779,osm-places-2026-09
node/4403975054,Kempanahalli,ಕೆಂಪನಹಳ್ಳಿ,hamlet,12.7681176,77.3605715,osm-places-2026-09
node/4403975055,Ketohalli,ಕೇತೋಹಳ್ಳಿ,village,12.7526581,77.3366953,osm-places-2026-09
node/4403975056,Lakkasandra,ಲಕ್ಕಸಂದ್ರ,village,12.7943249,77.3278888,osm-places-2026-09
node/4403975057,Sheshagirihalli,ಶೇಷಗಿರಿಹಳ್ಳಿ,village,12.8430892,77.4229732,osm-places-2026-09
node/4403975058,Toredoddi,ತೊರೆದೊಡ್ಡಿ,village,12.758082,77.3978557,osm-places-2026-09
node/440668802,Ramapura,ರಾಮಪುರ,village,13.052449,77.6912841,osm-places-2026-09
node/440670278,Aduru,ಆದೂರು,village,13.0559357,77.7051427,osm-places-2026-09
node/440670333,Hirandahalli,ಹಿರಂಡಹಳ್ಳಿ,village,13.0468085,77.7227811,osm-places-2026-09
node/440670334,Bidarahalli,ಬೀದರಹಳ್ಳಿ,village,13.0605545,77.7156056,osm-places-2026-09
node/440673983,Gundur,ಗುಂಡೂರು,village,13.0868953,77.7141892,osm-places-2026-09
node/440675871,Chimasandra,ಚೀಮಸಂದ್ರ,village,13.0478619,77.7389164,osm-places-2026-09
node/440676245,Avalahalli,ಬೀದರಹಳ್ಳಿ,village,13.0352777,77.7365655,osm-places-2026-09
node/440680091,Kalkere,ಕಾಲ್ಕೆರೆ,neighbourhood,13.0350897,77.6738079,osm-places-2026-09
node/440684547,Jayantinagara,ಜಯಂತಿನಗರ,neighbourhood,13.0276391,77.6659373,osm-places-2026-09
node/440691901,Byappanahalli,ಬೈಪನಹಳ್ಳಿ,village,13.0721257,77.7200164,osm-places-2026-09
node/4407193214,Adakamaranahalli,ಅಡಕಿಮಾರನಹಳ್ಳಿ,neighbourhood,13.0657041,77.4425319,osm-places-2026-09
node/4407193215,Arebommanahalli,ಅರೆಬೊಮ್ಮನಹಳ್ಳಿ,village,13.1431502,77.2852137,osm-places-2026-09
node/4407193216,Averahalli,ಅವೇರಹಳ್ಳಿ,village,13.035354,77.4157394,osm-places-2026-09
node/4407193217,Byadarahalli,ಬ್ಯಾಡರಹಳ್ಳಿ,village,13.1484996,77.3126103,osm-places-2026-09
node/4407193218,Chikkalluru,ಚಿಕ್ಕಲ್ಲೂರು,hamlet,12.8957518,77.4217145,osm-places-2026-09
node/4407193219,Dodderi,ದೊಡ್ಡೇರಿ,village,13.1717322,77.3094979,osm-places-2026-09
node/4407193220,Dombarahalli,ದೊಂಬರಹಳ್ಳಿ,village,13.0487558,77.4608658,osm-places-2026-09
node/4407193221,Ganakallu,ಗಾಣಕಲ್ಲು,village,12.8522396,77.3566934,osm-places-2026-09
node/4407193222,Gargeshvarapura,ಗರ್ಗೇಶ್ವರಪುರ,hamlet,13.0418389,77.2719122,osm-places-2026-09
node/4407193223,Gopalapura,ಗೋಪಾಲಪುರ,village,13.1414688,77.4277167,osm-places-2026-09
node/4407193224,Govindapura,ಗೋವಿಂದಪುರ,hamlet,13.130898,77.3081051,osm-places-2026-09
node/4407193225,Harokyatanahalli,ಹಾರೋಕ್ಯಾತನಹಳ್ಳಿ,village,13.0495627,77.4446266,osm-places-2026-09
node/4407193226,Hosahalli,ಹೊಸಹಳ್ಳಿ,village,12.9657981,77.2171111,osm-places-2026-09
node/4407193227,Hosapete,ಹೊಸಪೇಟೆ,village,12.9517672,77.2348276,osm-places-2026-09
node/4407193228,Kammasandra,ಕಮ್ಮಸಂದ್ರ,village,13.0345017,77.4391224,osm-places-2026-09
node/4407193229,Kodagi Bommanahalli,ಕೊಡಗಿ ಬೊಮ್ಮನಹಳ್ಳಿ,village,13.1302895,77.2713232,osm-places-2026-09
node/4407193230,Koluru,ಕೊಲೂರು,hamlet,12.8910987,77.4136404,osm-places-2026-09
node/4407193231,Kommaghatta,ಕೊಮ್ಮಘಟ್ಟ,neighbourhood,12.9099075,77.4506663,osm-places-2026-09
node/4407193232,Lakkenahalli,ಲಕ್ಕೇನಹಳ್ಳಿ,village,13.0434903,77.3972985,osm-places-2026-09
node/4407193233,Maligondanahalli,ಮಾಳಿಗೊಂಡನಹಳ್ಳಿ,hamlet,12.9159569,77.4145835,osm-places-2026-09
node/4407193234,Tagachaguppe,ತಗಚಗುಪ್ಪೆ,hamlet,12.8734934,77.4343507,osm-places-2026-09
node/4407193235,Talekere,ತಾಳೇಕೆರೆ,village,13.1560241,77.3087114,osm-places-2026-09
node/4407193236,Tattekere,ತಟ್ಟೇಕೆರೆ,village,13.0839543,77.2439159,osm-places-2026-09
node/4407193237,Timmasandra,ತಿಮ್ಮಸಂದ್ರ,hamlet,12.9744113,77.2447418,osm-places-2026-09
node/4407193238,Uduvegere,ಉಡುವೆಗೆರೆ,hamlet,12.9301645,77.2119063,osm-places-2026-09
node/4407193239,Vaddarahalli,ವಡ್ಡರಹಳ್ಳಿ,hamlet,13.0150279,77.4495824,osm-places-2026-09
node/4407193240,Varadenahalli,ವರದೇನಹಳ್ಳಿ,village,12.9610386,77.3128068,osm-places-2026-09
node/4407193241,Viregaudanadoddi,ವೀರೆಗೌಡನದೊಡ್ಡಿ,village,12.8945739,77.2776919,osm-places-2026-09
node/4410288500,Alappanahalli,ಅಲಪ್ಪನಹಳ್ಳಿ,hamlet,13.3588023,77.361789,osm-places-2026-09
node/4410288501,Baiyappanahalli,ಬೈಯಪ್ಪನಹಳ್ಳಿ,village,13.355337,77.3541755,osm-places-2026-09
node/4410288502,Bhaktarahalli,ಭಕ್ತರಹಳ್ಳಿ,village,13.3556463,77.3686734,osm-places-2026-09
node/4410288503,Bhumenahalli,ಭೂಮೇನಹಳ್ಳಿ,village,13.3787378,77.6110384,osm-places-2026-09
node/4410288504,Bidikere,ಬೀಡಿಕೆರೆ,village,13.3455965,77.6075744,osm-places-2026-09
node/4410288505,Bikkalahalli,ಬಿಕ್ಕಲಹಳ್ಳಿ,village,13.4400468,77.6097141,osm-places-2026-09
node/4410288506,Bommanahalli,ಬೊಮ್ಮನಹಳ್ಳಿ,village,13.3457317,77.4333346,osm-places-2026-09
node/4410288507,Chogondahalli,ಚೋಗೊಂಡಹಳ್ಳಿ,village,13.3542802,77.6269857,osm-places-2026-09
node/4410288508,Dargajogihalli,ದರ್ಗಾಜೋಗಿಹಳ್ಳಿ,village,13.3188535,77.5323651,osm-places-2026-09
node/4410288509,Dasaga,ದಾಸಗ,village,13.3205764,77.6000681,osm-places-2026-09
node/4410288510,Galibilikote,ಗಲಿಬಿಲಿಕೋಟೆ,hamlet,13.3397829,77.4328359,osm-places-2026-09
node/4410288511,Gulyanandigunda,ಗೂಳ್ಯನಂದಿಗುಂದ,village,13.3475392,77.6421779,osm-places-2026-09
node/4410288512,Hasanaghatta,ಹಸನಘಟ್ಟ,village,13.3244287,77.5253402,osm-places-2026-09
node/4410288513,Isturu,ಇಸ್ತೂರು,village,13.2263799,77.4358346,osm-places-2026-09
node/4410288514,Kanchiganala,ಕಂಚಿಗನಾಳ,village,13.3388232,77.5885911,osm-places-2026-09
node/4410288515,Kantanakunte,ಕಂಟನಕುಂಟೆ,village,13.333532,77.5278079,osm-places-2026-09
node/4410288516,Kuruvigere,ಕುರುವಿಗೆರೆ,village,13.356974,77.5944467,osm-places-2026-09
node/4410288517,Machagondahalli,ಮಾಚಗೊಂಡಹಳ್ಳಿ,village,13.350603,77.6398356,osm-places-2026-09
node/4410288518,Mallegaudanahalli,ಮಲ್ಲೇಗೌಡನಹಳ್ಳಿ,hamlet,13.3725817,77.3828693,osm-places-2026-09
node/4410288519,Maralenahalli,ಮರಳೇನಹಳ್ಳಿ,village,13.3282266,77.4767056,osm-places-2026-09
node/4410288520,Menasi Kaloni,ಮೆಣಸಿ ಕಾಲೋನಿ,village,13.2917942,77.4927274,osm-places-2026-09
node/4410288521,Nagadenahalli,ನಾಗದೇನಹಳ್ಳಿ,village,13.2840699,77.598312,osm-places-2026-09
node/4410288522,Nagenahalli,ನಾಗೇನಹಳ್ಳಿ,village,13.3797401,77.552688,osm-places-2026-09
node/4410288523,Nandigunda,ನಂದಿಗುಂದ,village,13.3397072,77.6460915,osm-places-2026-09
node/4410288524,Narasayyana Agrahara,ನರಸಯ್ಯನ ಅಗ್ರಹಾರ,hamlet,13.2542956,77.4535588,osm-places-2026-09
node/4410288525,Shyakaladevanapura,ಶ್ಯಾಕಲದೇವನಪುರ,village,13.2469014,77.4288809,osm-places-2026-09
node/4410288526,Somashettihalli,ಸೋಮಶೆಟ್ಟಿಹಳ್ಳಿ,village,13.338439,77.4705051,osm-places-2026-09
node/4410288527,Sonnamaranahalli,ಸೊಣ್ಣಮಾರನಹಳ್ಳಿ,village,13.3324654,77.6467328,osm-places-2026-09
node/4410288528,Turuvanahalli,ತುರುವನಹಳ್ಳಿ,village,13.4043566,77.5641758,osm-places-2026-09
node/4412006783,Arasanahalli,ಅರಸನಹಳ್ಳಿ,hamlet,13.2371292,77.6426193,osm-places-2026-09
node/4412006784,Birasandra,ಬೀರಸಂದ್ರ,village,13.2842554,77.6136524,osm-places-2026-09
node/4412006785,Bullahalli,ಬುಳ್ಳಹಳ್ಳಿ,village,13.3068084,77.7312692,osm-places-2026-09
node/4412006786,Byadarahalli,ಬ್ಯಾಡರಹಳ್ಳಿ,village,13.2908479,77.6083775,osm-places-2026-09
node/4412006787,Chikkagollahalli,ಚಿಕ್ಕಗೊಲ್ಲಹಳ್ಳಿ,village,13.298437,77.654218,osm-places-2026-09
node/4412006788,Chikkasanni,ಚಿಕ್ಕಸಣ್ಣಿ,village,13.2312154,77.6893976,osm-places-2026-09
node/4412006889,Chikkatattamangala,ಚಿಕ್ಕತತ್ತಮಂಗಲ,village,13.27266,77.7688915,osm-places-2026-09
node/4412006890,Doddasagarahalli,ದೊಡ್ಡಸಾಗರಹಳ್ಳಿ,village,13.3347387,77.7073134,osm-places-2026-09
node/4412006891,Ellupura,ಎಳ್ಳುಪುರ,village,13.2475279,77.5613751,osm-places-2026-09
node/4412006892,Gaddada Nagenalli,ಗಡ್ಡದ ನಾಗೇನಳ್ಳಿ,village,13.2628863,77.7802939,osm-places-2026-09
node/4412006893,Gobbaragunte,ಗೊಬ್ಬರಗುಂಟೆ,village,13.2922262,77.7328761,osm-places-2026-09
node/4412006894,Gokere,ಗೋಕೆರೆ,village,13.2476329,77.7403531,osm-places-2026-09
node/4412006895,Gonuru,ಗೋಣೂರು,village,13.3435414,77.7495634,osm-places-2026-09
node/4412006896,Kamenahalli,ಕಾಮೇನಹಳ್ಳಿ,hamlet,13.2242288,77.5925117,osm-places-2026-09
node/4412006897,Kasavanahalli,ಕಸವನಹಳ್ಳಿ,village,13.2414761,77.5675665,osm-places-2026-09
node/4412006898,Kodimanchenahalli,ಕೋಡಿಮಂಚೇನಹಳ್ಳಿ,hamlet,13.2554766,77.698994,osm-places-2026-09
node/4412006899,Kuduregere,ಕುದುರೆಗೆರೆ,village,13.1859044,77.6096602,osm-places-2026-09
node/4412006900,Muddanayakanahalli,ಮುದ್ದನಾಯಕನಹಳ್ಳಿ,hamlet,13.297116,77.6802006,osm-places-2026-09
node/4412006901,Mudugurki,ಮುದುಗುರ್ಕಿ,village,13.3420468,77.7243128,osm-places-2026-09
node/4412006902,Nelluka,ನೆಲ್ಲುಕ,village,13.2213947,77.5414033,osm-places-2026-09
node/4412006903,Palya,ಪಾಳ್ಯ,hamlet,13.1740696,77.7061858,osm-places-2026-09
node/4412006904,Panditapura,ಪಂಡಿತಪುರ,village,13.2461711,77.5799947,osm-places-2026-09
node/4412006905,Shetterahalli,ಶೆಟ್ಟೇರಹಳ್ಳಿ,village,13.2623009,77.6767241,osm-places-2026-09
node/4412006906,Shyanappanahalli,ಶ್ಯಾನಪ್ಪನಹಳ್ಳಿ,village,13.2895045,77.6458858,osm-places-2026-09
node/4412006907,Sonnenahalli,ಸೊಣ್ಣೇನಹಳ್ಳಿ,hamlet,13.3099682,77.682536,osm-places-2026-09
node/4412006908,Timmahalli,ತಿಮ್ಮಹಳ್ಳಿ,village,13.322135,77.7581831,osm-places-2026-09
node/4412006909,Timmanahalli,ತಿಮ್ಮನಹಳ್ಳಿ,hamlet,13.2665164,77.7749698,osm-places-2026-09
node/4412006910,Tindlu,ತಿಂಡ್ಲು,village,13.2338969,77.5947061,osm-places-2026-09
node/4412006911,Uganavadi,ಉಗನವಾಡಿ,hamlet,13.2365879,77.665414,osm-places-2026-09
node/4412006912,Varadanahalli,ವರದನಹಳ್ಳಿ,village,13.2566993,77.5654678,osm-places-2026-09
node/4412006913,Venkatenahalli,ವೆಂಕಟೇನಹಳ್ಳಿ,village,13.30569,77.8111558,osm-places-2026-09
node/4412006914,Yaluvahalli,ಯಲುವಹಳ್ಳಿ,village,13.2926141,77.8233305,osm-places-2026-09
node/4412006915,Yartiganahalli,ಯರ್ತಿಗಾನಹಳ್ಳಿ,village,13.1956796,77.6751617,osm-places-2026-09
node/4413741822,Agasarahalli,ಅಗಸರಹಳ್ಳಿ,hamlet,13.1530797,77.94103,osm-places-2026-09
node/4413741823,Belamangala,ಬೆಳಮಂಗಳ,village,13.0515684,77.8647628,osm-places-2026-09
node/4413741824,Dalasagere,ದಳಸಗೆರೆ,village,13.241693,77.9565122,osm-places-2026-09
node/4413741825,Geddalahallipura,ಗೆದ್ದಲಹಳ್ಳಿಪುರ,hamlet,13.2156572,77.8942873,osm-places-2026-09
node/4413741826,Gonakanahalli,ಗೊಣಕನಹಳ್ಳಿ,village,13.0511629,77.8691213,osm-places-2026-09
node/4413741827,Gundrahalli,ಗುಂಡ್ರಹಳ್ಳಿ,hamlet,13.1673811,77.9539793,osm-places-2026-09
node/4413741828,Kallahalli,ಕಲ್ಲಹಳ್ಳಿ,village,13.1065809,77.7881984,osm-places-2026-09
node/4413741829,Kondrahalli,ಕೊಂಡ್ರಹಳ್ಳಿ,village,13.1799564,77.9150976,osm-places-2026-09
node/4413741830,Marasandahalli,ಮಾರಸಂಡಹಳ್ಳಿ,village,13.1598316,77.9444926,osm-places-2026-09
node/4413741831,Tammarasanahalli,ತಮ್ಮರಸನಹಳ್ಳಿ,village,13.1958218,77.8328111,osm-places-2026-09
node/4413741832,Ummalu,ಉಮ್ಮಲು,village,13.0733142,77.938355,osm-places-2026-09
node/4413741833,Vabasandra,ವಾಬಸಂದ್ರ,village,13.1221455,77.7797076,osm-places-2026-09
node/4413741834,Venkatapura,ವೆಂಕಟಾಪುರ,village,13.1141369,77.7819989,osm-places-2026-09
node/4415294509,Annihalli,ಅಣ್ಣಿಹಳ್ಳಿ,village,12.7003417,77.3840328,osm-places-2026-09
node/4415294511,Bennahalli,ಬೆಣ್ಣಹಳ್ಳಿ,hamlet,12.7162137,77.3825051,osm-places-2026-09
node/4415294512,Chikka Ankanahalli,ಚಿಕ್ಕ ಅಂಕನಹಳ್ಳಿ,village,12.6581924,77.3068458,osm-places-2026-09
node/4415294513,Dodda Ankanahalli,ದೊಡ್ಡ ಅಂಕನಹಳ್ಳಿ,village,12.6621647,77.3071043,osm-places-2026-09
node/4415294514,Gaudanadoddi,ಗೌಡಯ್ಯನದೊಡ್ಡಿ,village,12.6734213,77.3236347,osm-places-2026-09
node/4415294515,Gopahalli,ಗೋಪಹಳ್ಳಿ,village,12.7279458,77.405396,osm-places-2026-09
node/4415294517,Huchchammanadoddi,ಹುಚ್ಚಮ್ಮನದೊಡ್ಡಿ,hamlet,12.7129413,77.3890397,osm-places-2026-09
node/4415294519,Kadirenahalli,ಕದಿರೇನಹಳ್ಳಿ,village,12.7825519,77.4679906,osm-places-2026-09
node/4415294521,Kodihalli,ಕೋಡಿಹಳ್ಳಿ,village,12.7412114,77.4227561,osm-places-2026-09
node/4415294522,Kolliganahalli,ಕೊಳ್ಳಿಗನಹಳ್ಳಿ,village,12.7111621,77.4073992,osm-places-2026-09
node/4415294525,Puttirammanadoddi,ಪುಟ್ಟೀರಮ್ಮನದೊಡ್ಡಿ,village,12.7395743,77.3772978,osm-places-2026-09
node/4415294526,Ramanahalli,ರಾಮನಹಳ್ಳಿ,village,12.7412519,77.4009508,osm-places-2026-09
node/4415294527,Talakuppe,ತಾಳಕುಪ್ಪೆ,hamlet,12.8115042,77.4330664,osm-places-2026-09
node/4415294529,Uragahalli,ಉರಗಹಳ್ಳಿ,village,12.7436101,77.3753958,osm-places-2026-09
node/4419350076,Bettahalli Kaval,ಬೆಟ್ಟಹಳ್ಳಿ ಕಾವಲ್,village,12.7354786,77.5082535,osm-places-2026-09
node/4419350077,Chikkakurubarahalli,ಚಿಕ್ಕಕುರುಬರಹಳ್ಳಿ,hamlet,12.6771291,77.4137533,osm-places-2026-09
node/4419350079,Dodda Kurubarahalli,ದೊಡ್ಡ ಕುರುಬರಹಳ್ಳಿ,hamlet,12.6703215,77.4174172,osm-places-2026-09
node/4419350080,Doddakalbalu,ದೊಡ್ಡಕಲ್ಬಾಳು,village,12.670824,77.4050735,osm-places-2026-09
node/4419350082,Manchanayakanahalli,ಮಂಚನಾಯಕನಹಳ್ಳಿ,village,12.835017,77.4172925,osm-places-2026-09
node/4419350083,Nettigere,ನೆಟ್ಟಿಗೆರೆ,village,12.7590559,77.4952108,osm-places-2026-09
node/4419350084,Ramegaudanadoddi,ರಾಮೇಗೌಡನದೊಡ್ಡಿ,hamlet,12.7021054,77.4552694,osm-places-2026-09
node/4419350085,Ravugodlu,ರಾವುಗೋಡ್ಲು,village,12.7482973,77.5006684,osm-places-2026-09
node/4419350087,Siddanahalli,ಸಿದ್ದನಹಳ್ಳಿ,village,12.6800632,77.4037604,osm-places-2026-09
node/4419350088,Tamasandra,ತಾಮಸಂದ್ರ,village,12.6729428,77.4668095,osm-places-2026-09
node/4419351189,Vaderahalli,ವಡೇರಹಳ್ಳಿ,village,12.7405372,77.4799901,osm-places-2026-09
node/442068273,Marathahalli,ಮಾರತಹಳ್ಳಿ,suburb,12.9552572,77.6984163,osm-places-2026-09
node/442068820,Ashwath Nagar,ಅಶ್ವಥ ನಗರ,neighbourhood,12.9582555,77.7031243,osm-places-2026-09
node/442068826,Ananda Nagara,ಆನಂದ ನಗರ,neighbourhood,12.9610371,77.7005306,osm-places-2026-09
node/442075234,Doddanekundi,ದೊಡ್ಡನೆಕುಂದಿ,quarter,12.9713194,77.6964768,osm-places-2026-09
node/4420845845,Ankanahalli,ಅಂಕನಹಳ್ಳಿ,village,12.8304835,77.2497581,osm-places-2026-09
node/4420845846,Chikkasulikere,ಚಿಕ್ಕಸೂಲಿಕೆರೆ,village,12.8472948,77.3037981,osm-places-2026-09
node/4420845847,Doddasulikere,ದೊಡ್ಡಸೂಲಿಕೆರೆ,village,12.8592055,77.2959299,osm-places-2026-09
node/4420845848,Harisandra,ಹರಿಸಂದ್ರ,hamlet,12.7867738,77.3040265,osm-places-2026-09
node/4420845850,Karadigaudanadoddi,ಕರಡಿಗೌಡನದೊಡ್ಡಿ,village,12.7503778,77.3739348,osm-places-2026-09
node/4420845851,Kempadyapanahalli,ಕೆಂಪದ್ಯಾಪನಹಳ್ಳಿ,hamlet,12.8674723,77.3544358,osm-places-2026-09
node/4420845852,Kempavaderahalli,ಕೆಂಪವಡೇರಹಳ್ಳಿ,hamlet,12.853954,77.2850686,osm-places-2026-09
node/4420845853,Kolamaranakuppe,ಕೋಳಮಾರನಕುಪ್ಪೆ,hamlet,12.8464752,77.2712315,osm-places-2026-09
node/4420845854,Lingegaudana Doddi,ಲಿಂಗೇಗೌಡನ ದೊಡ್ಡಿ,village,12.8556744,77.3343137,osm-places-2026-09
node/4420845855,Tadikavagilu,ತಡಿಕವಾಗಿಲು,village,12.8161523,77.2323514,osm-places-2026-09
node/4420845856,Vaderahalli,ವಡೇರಹಳ್ಳಿ,village,12.7374961,77.3013277,osm-places-2026-09
node/442134548,KR Puram,ಕೃಷ್ಣರಾಜಪುರ,suburb,13.007516,77.695935,osm-places-2026-09
node/4422165697,Aijuru,ಐಜೂರು,village,12.7206427,77.2722289,osm-places-2026-09
node/4422165698,Archakarahalli,ಅರ್ಚಕರಹಳ್ಳಿ,village,12.7125552,77.266294,osm-places-2026-09
node/4422165699,Arehalli,ಅರೇಹಳ್ಳಿ,village,12.7744807,77.2585215,osm-places-2026-09
node/4422165700,Chikkakuntanahalli,ಚಿಕ್ಕಕುಂಟನಹಳ್ಳಿ,hamlet,12.7938682,77.4389653,osm-places-2026-09
node/4422165701,Chikkenahalli,ಚಿಕ್ಕೇನಹಳ್ಳಿ,village,12.6970868,77.2724339,osm-places-2026-09
node/4422165702,Danayakanahalli,ದನಾಯಕನಹಳ್ಳಿ,village,12.752425,77.2225082,osm-places-2026-09
node/4422165703,Gungarahalli,ಗುಂಗರಹಳ್ಳಿ,village,12.82147,77.2877346,osm-places-2026-09
node/4422165704,Hallimala,ಹಳ್ಳಿಮಾಳ,hamlet,12.7568255,77.2906373,osm-places-2026-09
node/4422165705,Kannamangaladoddi,ಕನ್ನಮಂಗಲದೊಡ್ಡಿ,village,12.7103076,77.2497092,osm-places-2026-09
node/4422165706,Kempayyanadoddi,ಕೆಂಪಯ್ಯನದೊಡ್ಡಿ,village,12.7401046,77.280244,osm-places-2026-09
node/4422165707,Kumbapura,ಕುಂಬಾಪುರ,village,12.7018784,77.2641289,osm-places-2026-09
node/4422165708,Kunamuddanahalli,ಕೂನಮುದ್ದನಹಳ್ಳಿ,village,12.7804959,77.2722803,osm-places-2026-09
node/4422165709,Melehalli,ಮೆಳೆಹಳ್ಳಿ,village,12.8187795,77.27662,osm-places-2026-09
node/4422165710,Palabhavidoddi,ಪಾಲಭಾವಿದೊಡ್ಡಿ,village,12.7492251,77.2862793,osm-places-2026-09
node/4422165711,Rangarayara Doddi,ರಂಗರಾಯರ ದೊಡ್ಡಿ,village,12.7184547,77.2569967,osm-places-2026-09
node/4422165712,Yarahalli,ಯರಹಳ್ಳಿ,village,12.8018153,77.2538332,osm-places-2026-09
node/442438416,ITI Colony,ಐಟಿಐ ಕಾಲೊನಿ,quarter,13.0090688,77.6870604,osm-places-2026-09
node/442438417,Ramamurthy Nagar,ರಾಮಮೂರ್ತಿ ನಗರ,suburb,13.0120218,77.6777817,osm-places-2026-09
node/442438418,Kasturi Nagar,ಕಸ್ತೂರಿ ನಗರ,quarter,13.0044979,77.6603231,osm-places-2026-09
node/4425474914,Mukkodlu,ಮುಕ್ಕೊಡ್ಲು,village,12.7563302,77.5280118,osm-places-2026-09
node/4431297020,Begihalli,ಬೇಗಿಹಳ್ಳಿ,village,12.7950999,77.6147255,osm-places-2026-09
node/4431297021,Chatekere Palya,ಚಾತೆಕೆರೆ ಪಾಳ್ಯ,village,12.8329658,77.6087925,osm-places-2026-09
node/4431297022,Chikkahosahalli,ಚಿಕ್ಕಹೊಸಹಳ್ಳಿ,village,12.7051078,77.6450613,osm-places-2026-09
node/4431297023,Chikkanahalli,ಚಿಕ್ಕನಹಳ್ಳಿ,hamlet,12.717746,77.6466545,osm-places-2026-09
node/4431297024,Chudenahalli.,ಚೂಡೇನಹಳ್ಳಿ.,village,12.680118,77.61229,osm-places-2026-09
node/4431297025,Dodda Hagade,ದೊಡ್ಡ ಹಾಗಡೆ,village,12.7461886,77.6896369,osm-places-2026-09
node/4431297026,Haldenahalli.,ಹಾಲ್ಡೇನಹಳ್ಳಿ.,village,12.7177119,77.7084231,osm-places-2026-09
node/4431297027,Haragadde,ಹಾರಗದ್ದೆ,village,12.7637369,77.655377,osm-places-2026-09
node/4431297028,Harappanahalli,ಹರಪ್ಪನಹಳ್ಳಿ,village,12.7904755,77.6226863,osm-places-2026-09
node/4431297029,Hulimangala,ಹುಲಿಮಂಗಲ,village,12.8188956,77.6384041,osm-places-2026-09
node/4431297030,Hullahalli,ಹುಲ್ಲಹಳ್ಳಿ,village,12.8267311,77.6170537,osm-places-2026-09
node/4431297031,Kadajakkanahalli,ಕಾಡಜಕ್ಕನಹಳ್ಳಿ,village,12.7377358,77.6344478,osm-places-2026-09
node/4431297032,Kalkere,ಕಲ್ಕೆರೆ,village,12.8328089,77.5906929,osm-places-2026-09
node/4431297033,Koppa,ಕೊಪ್ಪ,village,12.805379,77.6274177,osm-places-2026-09
node/4431297034,Nanjapura,ನಂಜಾಪುರ,village,12.8092342,77.6403353,osm-places-2026-09
node/4431297035,Nosenuru,ನೊಸೆನೂರು,village,12.7498067,77.6495298,osm-places-2026-09
node/4431297036,Sab‌mangala,ಸಬ್‌ಮಂಗಲ,village,12.700065,77.7300685,osm-places-2026-09
node/4431297037,Sakalavara,ಸಕಲವಾರ,village,12.8210611,77.6084813,osm-places-2026-09
node/4431297038,Singasandra,ಸಿಂಗಸಂದ್ರ,hamlet,12.6850414,77.6975628,osm-places-2026-09
node/4431297039,Sunavara,ಸುಣವಾರ,hamlet,12.700345,77.6799729,osm-places-2026-09
node/4431297040,Tammanayakanahalli,ತಮ್ಮನಾಯಕನಹಳ್ಳಿ,village,12.6980371,77.6415422,osm-places-2026-09
node/443615519,Poojappa Layout,ಪೂಜಪ್ಪ ಲೇಔಟ್,neighbourhood,13.0347892,77.6435238,osm-places-2026-09
node/443634185,Babusabpalya,ಬಾಬುಸಪಾಳ್ಯ,neighbourhood,13.0283523,77.650469,osm-places-2026-09
node/443634193,GNR Gardens,ಜಿಎನ್ಆರ್ ಗಾರ್ಡನ್ಸ್,neighbourhood,13.0299462,77.6463658,osm-places-2026-09
node/4436681189,Avadadenahalli,ಅವಡದೇನಹಳ್ಳಿ,village,12.7471354,77.7110012,osm-places-2026-09
node/4436681190,Bandenallasandra,ಬಂಡೇನಲ್ಲಸಂದ್ರ,village,12.7938347,77.6509362,osm-places-2026-09
node/4436681191,Bukkasagara,ಬುಕ್ಕಸಾಗರ,village,12.7798042,77.6200371,osm-places-2026-09
node/4436681192,Byatarayanadoddi,ಬ್ಯಾಟರಾಯನದೊಡ್ಡಿ,village,12.8160473,77.5510074,osm-places-2026-09
node/4436681193,Halehalli,ಹಳೇಹಳ್ಳಿ,village,12.7390577,77.7513903,osm-places-2026-09
node/4436681194,Kallubalu,ಕಲ್ಲುಬಾಳು,village,12.7712034,77.6227944,osm-places-2026-09
node/4436681195,Madivala,ಮಡಿವಾಳ,hamlet,12.7105292,77.7594262,osm-places-2026-09
node/4436681196,Maranayakanahalli,ಮಾರನಾಯಕನಹಳ್ಳಿ,village,12.722277,77.7676847,osm-places-2026-09
node/4436681197,Muttagatti.,ಮುತ್ತಗಟ್ಟಿ.,village,12.7038588,77.7212847,osm-places-2026-09
node/4436681198,Rajapura,ರಾಜಾಪುರ,village,12.7764707,77.6739438,osm-places-2026-09
node/4436681199,Timmasandra,ತಿಮ್ಮಸಂದ್ರ,village,12.7074104,77.7543917,osm-places-2026-09
node/443807286,Baiyyappanahalli,ಬೈಯಪ್ಪನಹಳ್ಳಿ,suburb,12.9963408,77.6533197,osm-places-2026-09
node/443807287,Banaswadi,ಬಾಣಸವಾಡಿ,suburb,13.0141618,77.6518539,osm-places-2026-09
node/4439390539,Abludu,ಅಬ್ಲೂಡು,village,13.4400129,77.8535071,osm-places-2026-09
node/4439390540,Ambiga,ಅಂಬಿಗ,village,13.2365956,77.9087607,osm-places-2026-09
node/4439390541,Chage,ಚಾಗೆ,hamlet,13.4379051,77.8673151,osm-places-2026-09
node/4439390543,Chimanahalli,ಚೀಮನಹಳ್ಳಿ,village,13.4268801,77.8542957,osm-places-2026-09
node/4439390546,Goramillahalli,ಗೊರಮಿಳ್ಳಹಳ್ಳಿ,village,13.4771951,77.8579248,osm-places-2026-09
node/4439390547,Gudihalli,ಗುಡಿಹಳ್ಳಿ,village,13.4359119,77.8433469,osm-places-2026-09
node/4439390549,Haralahalli,ಹರಳಹಳ್ಳಿ,village,13.4257948,77.8396508,osm-places-2026-09
node/4439390551,Kachahalli,ಕಾಚಹಳ್ಳಿ,village,13.330569,77.8210068,osm-places-2026-09
node/4439390553,Kannappanahalli,ಕನ್ನಪ್ಪನಹಳ್ಳಿ,village,13.4766892,77.8903661,osm-places-2026-09
node/4439390554,Kempanahalli,ಕೆಂಪನಹಳ್ಳಿ,village,13.4454965,77.8621331,osm-places-2026-09
node/4439390557,Lakkahalli,ಲಕ್ಕಹಳ್ಳಿ,village,13.4027623,77.8385511,osm-places-2026-09
node/4439390558,Mallahalli,ಮಲ್ಲಹಳ್ಳಿ,village,13.4516894,77.8553686,osm-places-2026-09
node/4439390559,Mallenahalli,ಮಲ್ಲೇನಹಳ್ಳಿ,hamlet,13.2564458,77.8802729,osm-places-2026-09
node/4439390561,Muttakadahalli,ಮುತ್ತಕದಹಳ್ಳಿ,village,13.4160346,77.8320495,osm-places-2026-09
node/4439390563,Palicherlu,ಪಲಿಚೇರ್ಲು,village,13.4793601,77.9046354,osm-places-2026-09
node/4439390565,Saddahalli,ಸದ್ದಹಳ್ಳಿ,hamlet,13.472714,77.8739268,osm-places-2026-09
node/4439390567,Shettihalli,ಶೆಟ್ಟಿಹಳ್ಳಿ,village,13.4535989,77.852107,osm-places-2026-09
node/4439390568,Tatahalli,ತಾತಹಳ್ಳಿ,village,13.4302247,77.8766332,osm-places-2026-09
node/4439390572,Varadanayakanahalli,ವರದನಾಯಕನಹಳ್ಳಿ,village,13.4214014,77.850841,osm-places-2026-09
node/4442587328,Angatta,ಅಂಗಟ್ಟ,village,13.3631679,77.7042967,osm-places-2026-09
node/4442587329,Chimanahalli,ಚೀಮನಹಳ್ಳಿ,village,13.4597769,77.8146669,osm-places-2026-09
node/4442587330,Doddakirugumbe,ದೊಡ್ಡಕಿರುಗುಂಬೆ,village,13.4019556,77.8098738,osm-places-2026-09
node/4442587331,Elehalli,ಎಲೇಹಳ್ಳಿ,village,13.3929277,77.8169816,osm-places-2026-09
node/4442587332,Hennuru Kadirenahalli,ಹೆಣ್ಣೂರು ಕದಿರೇನಹಳ್ಳಿ,village,13.4242342,77.8258946,osm-places-2026-09
node/4442587333,Kadirenahalli,ಕದಿರೇನಹಳ್ಳಿ,village,13.391352,77.6864968,osm-places-2026-09
node/4442587334,Mannarapura,ಮನ್ನಾರಪುರ,village,13.4071895,77.8017574,osm-places-2026-09
node/4442587335,Nugatahalli,ನುಗತಹಳ್ಳಿ,village,13.4089481,77.7928578,osm-places-2026-09
node/4443887783,Alas‌timmanahalli,ಅಲಾಸ್‌ತಿಮ್ಮನಹಳ್ಳಿ,village,13.450119,77.5997734,osm-places-2026-09
node/4443887786,Dyavasandra,ದ್ಯಾವಸಂದ್ರ,hamlet,13.4744116,77.4434573,osm-places-2026-09
node/4443887788,Guyyalahalli,ಗುಯ್ಯಲಹಳ್ಳಿ,village,13.456964,77.6047355,osm-places-2026-09
node/4443887992,Kamaganahalli,ಕಾಮಗಾನಹಳ್ಳಿ,village,13.4693531,77.6033233,osm-places-2026-09
node/4443887993,Kamareddihalli,ಕಾಮರೆಡ್ಡಿಹಳ್ಳಿ,village,13.4432217,77.5991726,osm-places-2026-09
node/4443887996,Marimakalahalli,ಮರಿಮಾಕಲಹಳ್ಳಿ,village,13.4287533,77.5778759,osm-places-2026-09
node/445363393,Yeswanthpur,ಯಶ್ವಂತಪುರ,suburb,13.0221838,77.5530824,osm-places-2026-09
node/446812243,Nandini Layout,ನಂದಿನಿ ಲೇಔಟ್,quarter,13.0119743,77.5348261,osm-places-2026-09
node/447032045,Bommanahalli,ಬೊಮ್ಮನಹಳ್ಳಿ,quarter,12.9089453,77.6239038,osm-places-2026-09
node/447032046,BTM Layout,ಬಿಟಿಎಂ ಲೇಔಟ್,suburb,12.9140008,77.6102821,osm-places-2026-09
node/447032050,Puttenahalli,ಪುಟ್ಟೇನಹಳ್ಳಿ,quarter,12.895432,77.5806991,osm-places-2026-09
node/447033407,Padmanabha Nagar,ಪದ್ಮನಾಭ ನಗರ,quarter,12.916279,77.5560752,osm-places-2026-09
node/447033409,ISRO Layout,ಇಸ್ರೋ ಬಡಾವಣೆ,quarter,12.8974283,77.5573828,osm-places-2026-09
node/447033411,Kumaraswamy Layout,ಕುಮಾರಸ್ವಾಮಿ ಬಡಾವಣೆ,quarter,12.9067683,77.5595021,osm-places-2026-09
node/447063719,Rajarajeshwari Nagar,ರಾಜರಾಜೇಶ್ವರಿ ನಗರ,suburb,12.9274413,77.5155224,osm-places-2026-09
node/447063720,Jnana Bharathi,ಜ್ಞಾನ ಭಾರತಿ,suburb,12.9433485,77.5112326,osm-places-2026-09
node/447880301,Kalavara,ಕಳವಾರ,village,13.4245463,77.6991738,osm-places-2026-09
node/448112477,Goragunte Palya,ಗೊರಗುಂಟೆ ಪಾಳ್ಯ,quarter,13.0267718,77.5373998,osm-places-2026-09
node/448991617,Indiranagar,ಇಂದಿರಾನಗರ,suburb,12.9732913,77.6404672,osm-places-2026-09
node/4506781903,Hutting Colony,ಹಟ್ಟಿಂಗ್ ಕಾಲೋನಿ,neighbourhood,12.9814904,77.6431419,osm-places-2026-09
node/4531677089,HBR Layout 5th Block,ಎಚ್‌ಬಿಆರ್ ಲೇಔಟ್ ೫ನೇ ಬ್ಲಾಕ್,quarter,13.0374664,77.628799,osm-places-2026-09
node/4531677090,HBR Layout,ಎಚ್‌ಬಿಆರ್ ಲೇಔಟ್,suburb,13.031992,77.6280789,osm-places-2026-09
node/4532594194,Akshaya Nagar,ಅಕ್ಷಯ ನಗರ,neighbourhood,13.0195427,77.6831272,osm-places-2026-09
node/4533367168,Someshwarapura,ಸೋಮೇಶ್ವರಪುರ,neighbourhood,12.9693316,77.6314169,osm-places-2026-09
node/4558992323,Corporation Colony,ಕಾರ್ಪೊರೇಷನ್ ಕಾಲೋನಿ,neighbourhood,12.958343,77.6468359,osm-places-2026-09
node/456013553,Iblur,ಇಬ್ಬಲೂರು,quarter,12.922544,77.6633431,osm-places-2026-09
node/456016705,Bellanduru,ಬೆಳ್ಳಂದೂರು,suburb,12.9292114,77.6770417,osm-places-2026-09
node/456016994,HSR Layout,ಎಚ್ಎಸ್ಆರ್ ಲೇಔಟ್,suburb,12.9116225,77.6388622,osm-places-2026-09
node/456025400,Anjanapura,ಅಂಜನಾಪುರ,suburb,12.8601312,77.5540587,osm-places-2026-09
node/456112031,Okalipuram,ಓಕಳಿಪುರಂ,quarter,12.9832823,77.5660317,osm-places-2026-09
node/456112035,Ramachandra Pura,ರಾಮಚಂದ್ರಪುರ,neighbourhood,12.9851843,77.5622224,osm-places-2026-09
node/4564854862,Sivanchetti Gardens,ಶಿವನಚೆಟ್ಟಿ ಗಾರ್ಡನ್ಸ್,neighbourhood,12.9845768,77.6131984,osm-places-2026-09
node/4580733923,Avalahalli,ಆವಲಹಳ್ಳಿ,village,13.1356316,77.5651737,osm-places-2026-09
node/458104498,Kengeri,ಕೆಂಗೇರಿ,suburb,12.9229728,77.4842926,osm-places-2026-09
node/458272897,Jayamahal Extension,ಜಯಮಹಲ್ ಎಕ್ಸ್‌ಟೆನ್ಷನ್,neighbourhood,13.0011064,77.5969579,osm-places-2026-09
node/459468111,Anantnagar,ಅನಂತನಗರ,neighbourhood,12.8375953,77.6865582,osm-places-2026-09
node/459501900,Electronics City Phase 1,ಎಲ್ಕಟ್ರಾನಿಕ್ಸ್ ಸಿಟಿ ೧ನೇ ಹಂತ,quarter,12.8496783,77.6649749,osm-places-2026-09
node/459510391,Konappana Agrahara,ಕೋನಪ್ಪನ ಅಗ್ರಹಾರ,neighbourhood,12.8528618,77.668169,osm-places-2026-09
node/459514803,Hebbagodi,ಹೆಬ್ಬಗೋಡಿ,neighbourhood,12.8267016,77.6799745,osm-places-2026-09
node/459527147,Bettadasanpura,ಬೆಟ್ಟದಸನಪುರ,neighbourhood,12.8420404,77.6322514,osm-places-2026-09
node/459781784,Neelasandra,ನೀಲಸಂದ್ರ,quarter,12.9521793,77.6140918,osm-places-2026-09
node/459782030,Rajendranagar,ರಾಜೇಂದ್ರ ನಗರ,neighbourhood,12.9466371,77.6174963,osm-places-2026-09
node/459811879,Austin Town BDA Layout,ಆಷ್ಟಿನ್ ಟೌನ್,neighbourhood,12.9566722,77.6153858,osm-places-2026-09
node/459815995,Shanthala Nagar,ಶಾಂತಲಾ ನಗರ,quarter,12.9714173,77.5994394,osm-places-2026-09
node/461539035,Sadashivanagar,ಸದಾಶಿವನಗರ,suburb,13.0110193,77.5808641,osm-places-2026-09
node/461539223,Subrahmanya Nagar,ಸುಬ್ರಹ್ಮಣ್ಯ ನಗರ,quarter,13.0039052,77.557942,osm-places-2026-09
node/461755005,Guttahalli,ಗುಟ್ಟಹಳ್ಳಿ,quarter,13.0004165,77.5803858,osm-places-2026-09
node/461755226,Vasanth Nagar,ವಸಂತ ನಗರ,suburb,12.9921738,77.591459,osm-places-2026-09
node/4674414991,Munekolala,ಮುನೆಕೊಲ,quarter,12.9480839,77.7090175,osm-places-2026-09
node/4688312807,Chokkanahalli,ಚೊಕ್ಕನಹಳ್ಳಿ,neighbourhood,13.0850788,77.6263539,osm-places-2026-09
node/4692685699,Keshavaraj Layout,ಕೇಶವರಾಜ್ ಲೇಔಟ್,neighbourhood,12.9708978,77.6269272,osm-places-2026-09
node/4708760807,Banasawadi,ಬಾನಸವಾಡಿ,village,13.0150607,77.3649316,osm-places-2026-09
node/4754663075,Sadenahalli,ಸಾದೇನಹಳ್ಳಿ,village,13.4754912,77.6015103,osm-places-2026-09
node/477129532,Muddenahalli,ಮುದ್ದೇನಹಳ್ಳಿ,village,13.4072056,77.696664,osm-places-2026-09
node/477158968,Karahalli,ಕಾರಹಳ್ಳಿ,village,13.3281097,77.6903563,osm-places-2026-09
node/4794821928,Dyapenahalli,ದ್ಯಾಪೇನಹಳ್ಳಿ,hamlet,13.3238095,77.2891491,osm-places-2026-09
node/4794821930,Kadugujjanahalli,ಕಾಡುಗುಜ್ಜನಹಳ್ಳಿ,hamlet,13.3243602,77.2644996,osm-places-2026-09
node/4794821931,Bellibattalahalli,ಬೆಳ್ಳಿಬಟ್ಟಲಹಳ್ಳಿ,hamlet,13.3718078,77.2272422,osm-places-2026-09
node/4794821932,Kuruvelu,ಕುರುವೇಲು,village,13.3137096,77.2389715,osm-places-2026-09
node/4794821933,Hikkallu,ಹಿಕ್ಕಲ್ಲು,village,13.3178701,77.2402375,osm-places-2026-09
node/4794821934,Kempohalli,ಕೆಂಪೋಹಳ್ಳಿ,hamlet,13.3284537,77.2380005,osm-places-2026-09
node/4794821935,Vitravutanahalli,ವಿಟ್ರಾವುತನಹಳ್ಳಿ,hamlet,13.3287016,77.2217678,osm-places-2026-09
node/4794821936,Kodagihalli,ಕೊಡಗಿಹಳ್ಳಿ,village,13.3237688,77.2272932,osm-places-2026-09
node/4794821937,Aregujjanahalli,ಅರೇಗುಜ್ಜನಹಳ್ಳಿ,village,13.3341825,77.2129916,osm-places-2026-09
node/4803391616,Officers Colony,ಆಫಿಸರ್ಸ್ ಕಾಲೋನಿ,neighbourhood,12.9632532,77.6150863,osm-places-2026-09
node/4803391617,Yellagondanpalya,ಎಲ್ಲಗೊಂಡನಪಾಳ್ಯ,neighbourhood,12.9629186,77.6126991,osm-places-2026-09
node/4803391618,Victoria Layout,ವಿಕ್ಟೋರಿಯ ಲೇಔಟ್,quarter,12.9656579,77.6142682,osm-places-2026-09
node/4803391619,Xavier Layout,ಕ್ಸೇವಿಯರ್ ಲೇಔಟ್,neighbourhood,12.9649574,77.6120795,osm-places-2026-09
node/483402740,Hesaraghatta,ಹೆಸರಘಟ್ಟ,village,13.1393984,77.4783628,osm-places-2026-09
node/4908513642,Yelachenahalli,ಯಲಚೇನಹಳ್ಳಿ,neighbourhood,12.897971,77.5700846,osm-places-2026-09
node/4933923916,Gunduru,ಗುಂಡೂರು,village,12.8764674,77.8380918,osm-places-2026-09
node/4933923917,Siddanapura,ಸಿದ್ದನಪುರ,village,12.874067,77.8533053,osm-places-2026-09
node/493530617,Bismillah Nagar,ಬಿಸ್ಮಿಲ್ಲಾ ನಗರ,neighbourhood,12.9263385,77.6033847,osm-places-2026-09
node/493530639,NAL Layout,ಎನ್ಎಎಲ್ ಬಡಾವಣೆ,neighbourhood,12.9253908,77.5988922,osm-places-2026-09
node/493538970,Canara Bank Colony,ಕೆನರಾ ಬ್ಯಾಂಕ್ ಕಲೋನಿ,neighbourhood,12.9311905,77.5908939,osm-places-2026-09
node/493538976,Tilak Nagar,ತಿಲಕ್ ನಗರ,neighbourhood,12.9275876,77.5947124,osm-places-2026-09
node/494013059,Jayanagar 8th Block,ಜಯನಗರ ೮ನೇ ಬಡಾವಣೆ,quarter,12.9197152,77.5776307,osm-places-2026-09
node/494013065,Jayanagar 4th Block,ಜಯನಗರ ೪ನೇ ಬಡಾವಣೆ,quarter,12.9265737,77.5835041,osm-places-2026-09
node/494013068,Jayanagar 5th Block,ಜಯನಗರ ೫ನೇ ಬಡಾವಣೆ,quarter,12.9196037,77.583381,osm-places-2026-09
node/494013077,Jayanagar 7th Block,ಜಯನಗರ ೭ನೇ ಬಡಾವಣೆ,quarter,12.9254648,77.5775504,osm-places-2026-09
node/494013080,IAS Officers Colony,ಐಎಎಸ್ ಅಧಿಕಾರಿಗಳ ಕಾಲೋನಿ,neighbourhood,12.9115924,77.611496,osm-places-2026-09
node/494013086,Jayanagar 4T Block,ಜಯನಗರ ೪ನೇ ಟಿ ಹಂತ,quarter,12.9237881,77.5922433,osm-places-2026-09
node/494240021,Jayanagar 9th Block,ಜಯನಗರ ೯ನೇ ಬ್ಲಾಕ್,quarter,12.9189992,77.5921272,osm-places-2026-09
node/494248860,JP Nagar 1st Phase,ಜೆಪಿನಗರ ೧ನೇ ಹಂತ,quarter,12.9119148,77.5798871,osm-places-2026-09
node/494248872,JP Nagar 2nd Phase,ಜೆಪಿನಗರ ೨ನೇ ಹಂತ,quarter,12.9118413,77.5905671,osm-places-2026-09
node/494248874,JP Nagar 3rd Phase,ಜೆಪಿ ನಗರ ೩ನೇ ಹಂತ,quarter,12.9117853,77.5976188,osm-places-2026-09
node/4970923999,Medihalli,ಮೇಡಿಹಳ್ಳಿ,village,12.7145618,77.6773417,osm-places-2026-09
node/4970924946,Krishnadoddi,ಕೃಷ್ಣದೊಡ್ಡಿ,village,12.7526726,77.6125583,osm-places-2026-09
node/4970924947,Honnakalasapura,ಹೊನ್ನಕಳಸಾಪುರ,hamlet,12.7284285,77.6804799,osm-places-2026-09
node/4970924948,Surajakkanahalli,ಸುರಜಕ್ಕನಹಳ್ಳಿ,village,12.7391813,77.6673585,osm-places-2026-09
node/4970985575,Hennagara,ಹೆನ್ನಾಗರ,village,12.7883084,77.6733345,osm-places-2026-09
node/4970985576,Kambalipura,ಕಂಬಳೀಪುರ,village,12.7607848,77.7430772,osm-places-2026-09
node/4970985923,Attibele,ಅತ್ತಿಬೆಲೆ,town,12.7782588,77.7712834,osm-places-2026-09
node/4970985924,Kempavaderahalli,ಕೆಂಪವಡೇರಹಳ್ಳಿ,village,12.7397987,77.6878399,osm-places-2026-09
node/4974100344,Metipalya,ಮೇಟಿಪಾಳ್ಯ,village,12.9939026,77.4029195,osm-places-2026-09
node/4974100347,Peddanapalya,ಪೆದ್ದನಪಾಳ್ಯ,hamlet,12.9586619,77.389487,osm-places-2026-09
node/4986975584,Bugadihalli,ಬುಗಡಿಹಳ್ಳಿ,village,13.2740521,77.2445941,osm-places-2026-09
node/4986975585,Makenahalli,ಮಾಕೇನಹಳ್ಳಿ,village,13.2977286,77.2360378,osm-places-2026-09
node/4986975586,Bairanaykanahalli,ಬೈರನಾಯ್ಕನಹಳ್ಳಿ,hamlet,13.1986269,77.3750138,osm-places-2026-09
node/4986975587,Lakkappanahalli,ಲಕ್ಕಪ್ಪನಹಳ್ಳಿ,hamlet,13.2036354,77.3654759,osm-places-2026-09
node/4986975588,Guddegaudana Channohalli,ಗುಡ್ಡೇಗೌಡನ ಚನ್ನೋಹಳ್ಳಿ,village,13.1946367,77.3502302,osm-places-2026-09
node/4986975589,Minnapura,ಮಿಣ್ಣಾಪುರ,hamlet,13.1732327,77.3339546,osm-places-2026-09
node/4986975590,Tippashettihalli,ತಿಪ್ಪಶೆಟ್ಟಿಹಳ್ಳಿ,village,13.2231463,77.3014033,osm-places-2026-09
node/4986975591,Tavarekere,ತಾವರೇಕೆರೆ,village,13.2327079,77.3012799,osm-places-2026-09
node/4986975592,Halkuru,ಹಲ್ಕೂರು,hamlet,13.1376023,77.292611,osm-places-2026-09
node/4986975593,Honnarayanahalli,ಹೊನ್ನರಾಯನಹಳ್ಳಿ,village,13.1148611,77.2979593,osm-places-2026-09
node/5005237328,Gottigere,ಗೊಟ್ಟಿಗೆರೆ,suburb,12.8565317,77.5877237,osm-places-2026-09
node/503002343,Anchepalya,ಅಂಚೇಪಾಳ್ಯ,quarter,13.0577334,77.4804128,osm-places-2026-09
node/503002366,Madhavara,ಮಾದವಾರ,suburb,13.0531988,77.4729679,osm-places-2026-09
node/503002530,Madanayakanahalli,ಮಾದನಾಯಕನಹಳ್ಳಿ,village,13.0592472,77.4615112,osm-places-2026-09
node/503050594,Koramangala 2nd Block,ಕೋರಮಂಗಲ ೨ನೇ ಬ್ಲಾಕ್,neighbourhood,12.9243692,77.6242433,osm-places-2026-09
node/503518563,MS Palaya,ಮೊಹಮ್ಮದ್ ಸಾಬ್ ಪಾಳ್ಯ,quarter,13.0828609,77.5468052,osm-places-2026-09
node/503532428,Kammagondanahalli,ಕಮ್ಮಗೊಂಡನಹಳ್ಳಿ,quarter,13.0620306,77.5354745,osm-places-2026-09
node/503571062,Doddabomasandra,ದೊಡ್ಡಬೊಮ್ಮಸಂದ್ರ,quarter,13.0627536,77.5585125,osm-places-2026-09
node/503573878,BEL Colony,ಬಿಇಎಲ್ ಕಾಲೋನಿ,neighbourhood,13.0566583,77.5601262,osm-places-2026-09
node/5057849709,Ayyanapalya,ಅಯ್ಯನಪಾಳ್ಯ,village,13.3206198,77.1803445,osm-places-2026-09
node/5057849710,Janapanahalli,ಜನಪನಹಳ್ಳಿ,village,13.3399699,77.1816105,osm-places-2026-09
node/5057849711,Kadaranahalli,ಕದರನಹಳ್ಳಿ,village,13.3351417,77.1948123,osm-places-2026-09
node/5074122219,Chinivaranahalli,ಚಿನಿವಾರನಹಳ್ಳಿ,village,13.4442939,77.1833324,osm-places-2026-09
node/5074122220,Timmanayakanahalli,ತಿಮ್ಮನಾಯಕನಹಳ್ಳಿ,village,13.3925994,77.1992272,osm-places-2026-09
node/5074126221,Gundanapalya,ಗುಂಡಿನಪಾಳ್ಯ,village,13.3549656,77.2618675,osm-places-2026-09
node/5074126222,Dananayakanapura,ಡಣನಾಯಕನಪುರ,village,13.2911558,77.2066354,osm-places-2026-09
node/5074126223,Nandihalli,ನಂದಿಹಳ್ಳಿ,village,13.2675779,77.2042429,osm-places-2026-09
node/5074126224,Panditanahalli,ಪಂಡಿತನಹಳ್ಳಿ,village,13.2965279,77.1811652,osm-places-2026-09
node/5074126225,Pullasandra,ಪುಲ್ಲಸಂದ್ರ,hamlet,13.1909912,77.1990287,osm-places-2026-09
node/5074126226,Jolumaranahalli,ಜೋಲುಮಾರನಹಳ್ಳಿ,hamlet,13.2177083,77.1821006,osm-places-2026-09
node/5074126227,Chikka Koratagere,ಚಿಕ್ಕ ಕೊರಟಗೆರೆ,village,13.1972794,77.1953809,osm-places-2026-09
node/5074126230,Tammadihalli,ತಮ್ಮಡಿಹಳ್ಳಿ,hamlet,13.2077978,77.1823239,osm-places-2026-09
node/5077475520,Melehalli,ಮೇಳೇಹಳ್ಳಿ,hamlet,13.4666755,77.2963983,osm-places-2026-09
node/5077475625,Shingalikapura,ಶಿಂಗಳೀಕಪುರ,village,13.4350589,77.3167509,osm-places-2026-09
node/5077475626,Bevinahalli,ಬೇವಿನಹಳ್ಳಿ,hamlet,13.4420452,77.3448068,osm-places-2026-09
node/5077475627,Upasapura,ಉಪಾಸಪುರ,hamlet,13.4337701,77.3596984,osm-places-2026-09
node/5077475628,Obanaykanapalya,ಓಬನಾಯ್ಕನಪಾಳ್ಯ,hamlet,13.4180854,77.3412877,osm-places-2026-09
node/5077475629,Vengalammanahalli,ವೆಂಗಳಮ್ಮನಹಳ್ಳಿ,village,13.4206578,77.32005,osm-places-2026-09
node/5077475630,Bairagondlu,ಬೈರಗೊಂಡ್ಲು,village,13.4099296,77.3357892,osm-places-2026-09
node/5077475631,Sunkadahalli,ಸುಂಕದಹಳ್ಳಿ,village,13.3823761,77.3339438,osm-places-2026-09
node/5077475633,Duddanahalli,ದುಡ್ಡನಹಳ್ಳಿ,village,13.4400469,77.285133,osm-places-2026-09
node/5077475634,Vaddarahalli,ವಡ್ಡರಹಳ್ಳಿ,hamlet,13.4054367,77.2354799,osm-places-2026-09
node/5082065812,Kereyagalahalli,ಕೆರೆಯಾಗಲಹಳ್ಳಿ,village,13.4734575,77.2491646,osm-places-2026-09
node/5082065813,Baichenahalli,ಬೈಚೇನಹಳ್ಳಿ,village,13.3986894,77.2444868,osm-places-2026-09
node/5108136066,Siddhapura,ಸಿದ್ಢಾಪುರ,village,13.4529442,77.9345655,osm-places-2026-09
node/5112283538,Justice Bheemiah Layout,ಜಸ್ಟೀಸ್ ಭೀಮಯ್ಯ ಲೇಔಟ್,neighbourhood,13.0029155,77.6945617,osm-places-2026-09
node/5113478626,Hanumantapura,ಹನುಮಂತಪುರ,village,13.4084945,77.8562128,osm-places-2026-09
node/512072659,Kattigenahalli,ಕಟ್ಟಿಗೇನಹಳ್ಳಿ,village,13.1177735,77.6261222,osm-places-2026-09
node/512073887,Nandi,ನಂದಿ,village,13.385523,77.6983878,osm-places-2026-09
node/512220302,Vijayapura,ವಿಜಯಪುರ,town,13.2964056,77.8028933,osm-places-2026-09
node/513600978,Indiranagar 1st Stage,ಇಂದಿರಾನಗರ ೧ನೇ ಹಂತ,neighbourhood,12.979342,77.6391534,osm-places-2026-09
node/513600979,Indiranagar 2nd Stage,ಇಂದಿರಾನಗರ ೨ನೇ ಹಂತ,neighbourhood,12.9770856,77.63869,osm-places-2026-09
node/513600980,Motappanapalya,ಮೊಟ್ಟಪ್ಪನಪಾಳ್ಯ,neighbourhood,12.9731648,77.6388731,osm-places-2026-09
node/513600981,Jeevan Bhima Nagar,ಜೀವನ ಭೀಮ ನಗರ,quarter,12.9678074,77.6568367,osm-places-2026-09
node/513652499,Domlur 1st Stage,ದೊಮ್ಮಲೂರು ೧ನೇ ಹಂತ,neighbourhood,12.959142,77.6377909,osm-places-2026-09
node/513652501,New Thippasandra,ಹೊಸ ತಿಪ್ಪಸಂದ್ರ,neighbourhood,12.9736956,77.6536931,osm-places-2026-09
node/513652502,Vimanapura,ವಿಮಾನಪುರ,quarter,12.96218,77.6635462,osm-places-2026-09
node/513660180,Murugeshpalaya,ಮುರುಗೇಶಪಾಳ್ಯ,quarter,12.9561284,77.6575713,osm-places-2026-09
node/513660186,NR Colony,ನಂಜರೆಡ್ಡಿ ಕಾಲೋನಿ,neighbourhood,12.9617767,77.6567503,osm-places-2026-09
node/513660192,Konena Agrahara,ಕೊನೆನ ಅಗ್ರಹಾರ,neighbourhood,12.9586061,77.6623373,osm-places-2026-09
node/514409999,Cooke Town,ಕುಕ್ ಟೌನ್,quarter,13.0021998,77.6251814,osm-places-2026-09
node/5164714917,Richmond Town,ಮಿರ್ಜಾ ಇಸ್ಮೈಲ್ ನಗರ,suburb,12.963555,77.6015856,osm-places-2026-09
node/5222006549,Malluru,ಮಲ್ಲೂರು,village,13.0101948,77.2916937,osm-places-2026-09
node/5222006550,Nagashettihalli,ನಾಗಶೆಟ್ಟಿಹಳ್ಳಿ,village,13.0196942,77.2194725,osm-places-2026-09
node/5222006552,Basavanapalya,ಬಸವನಪಾಳ್ಯ,hamlet,12.9679463,77.1807414,osm-places-2026-09
node/5222006553,Vittalapura,ವಿಟ್ಟಲಪುರ,hamlet,12.9829648,77.1972156,osm-places-2026-09
node/5222006555,Chandurayanahalli,ಚಂದೂರಾಯನಹಳ್ಳಿ,village,12.9727713,77.1963197,osm-places-2026-09
node/5222006557,Nesepalya,ನೆಸೆಪಾಳ್ಯ,village,12.9331699,77.2137272,osm-places-2026-09
node/5222006558,Shambudevanahalli,ಶಂಭುದೇವನಹಳ್ಳಿ,village,12.9066086,77.231698,osm-places-2026-09
node/5222006559,Hombalammanapete,ಹೊಂಬಳಮ್ಮನಪೇಟೆ,village,12.9491785,77.2256791,osm-places-2026-09
node/5222006560,Bestarapalya,ಬೆಸ್ತರಪಾಳ್ಯ,village,12.9368506,77.2298312,osm-places-2026-09
node/5222006561,Polohalli,ಪೋಲೋಹಳ್ಳಿ,hamlet,12.9341946,77.2752142,osm-places-2026-09
node/5222006562,Guddahalli,ಗುಡ್ಡಹಳ್ಳಿ,village,12.9322392,77.2635627,osm-places-2026-09
node/5226859017,Gattipura,ಗಟ್ಟೀಪುರ,village,12.8666567,77.1822166,osm-places-2026-09
node/5226859164,Karalamangala,ಕರಲಮಂಗಲ,village,12.9284591,77.2597003,osm-places-2026-09
node/5226859224,Taggikuppe,ತಗ್ಗೀಕುಪ್ಪೆ,village,12.9872929,77.220304,osm-places-2026-09
node/5250142956,Gavipuram,ಗವಿಪುರಂ,neighbourhood,12.9479343,77.5623929,osm-places-2026-09
node/5277512119,Concept City,ಕಾನ್ಸೆಪ್ಟ್ ಸಿಟಿ,neighbourhood,12.9062295,77.4917699,osm-places-2026-09
node/529003770,RMV 2nd Stage,ರಾಜ್ ಮಹಲ್ ವಿಲಾಸ್,suburb,13.0360109,77.5695288,osm-places-2026-09
node/529277252,Hebbal,ಹೆಬ್ಬಾಳು,suburb,13.0382184,77.5919,osm-places-2026-09
node/529291178,Sanjay Nagara,ಸಂಜಯನಗರ,quarter,13.0364992,77.577971,osm-places-2026-09
node/529291184,RMV 2nd Stage 2nd Block,ಆರ್‌ಎಂವಿ ೨ನೇ ಹಂತ - ೨ನೇ ಬ್ಲಾಕ್,neighbourhood,13.0287429,77.5750273,osm-places-2026-09
node/529372193,Sundar Nagar,ಸುಂದರನಗರ,neighbourhood,13.0405384,77.5588323,osm-places-2026-09
node/533558712,Sahakaranagara,ಸಹಕಾರನಗರ,suburb,13.0629067,77.5858824,osm-places-2026-09
node/533581425,Arkavathy Layout,ಅರ್ಕಾವತಿ ಬಡಾವಣೆ,suburb,13.067129,77.621897,osm-places-2026-09
node/533583774,Arkavathy Layout 7th Block,ಅರ್ಕಾವತಿ ಬಡಾವಣೆ ೭ನೇ ಹಂತ,neighbourhood,13.0747163,77.6098227,osm-places-2026-09
node/533583971,Arkavathy Layout 1st Block,ಅರ್ಕಾವತಿ ಬಡಾವಣೆ ೧ನೇ ಹಂತ,neighbourhood,13.0840392,77.6083207,osm-places-2026-09
node/533588736,Jakkur,ಜಕ್ಕೂರು,suburb,13.0784743,77.6068938,osm-places-2026-09
node/533592521,Arkavathy Layout 3rd Block,ಅರ್ಕಾವತಿ ಬಡಾವಣೆ ೩ನೇ ಹಂತ,neighbourhood,13.0757551,77.6203434,osm-places-2026-09
node/533595969,MCECHS Layout,ಎಂಸಿಇಸಿಎಚ್ಎಸ್ ಲೇಔಟ್,neighbourhood,13.0725802,77.6152451,osm-places-2026-09
node/533596428,Telecom Layout,ಟೆಲಿಕಾಂ ಲೇಔಟ್,neighbourhood,13.0691775,77.6154768,osm-places-2026-09
node/5339097995,Sudhama Nagar,ಸುಧಾಮ ನಗರ,neighbourhood,12.9627471,77.6610345,osm-places-2026-09
node/5339114465,Shivalingaiah Colony,ಶಿವಲಿಂಗಯ್ಯ ಕಾಲೊನಿ,neighbourhood,12.9637948,77.6566232,osm-places-2026-09
node/5339118338,HAL Township,ಎಚ್ಎಎಲ್ ಟೌನ್‌ಷಿಪ್,neighbourhood,12.9609594,77.6631129,osm-places-2026-09
node/5469373810,Krishna Reddy Colony,ಕೃಷ್ಣರೆಡ್ಡಿ ಕಾಲೋನಿ,neighbourhood,12.9562218,77.6371896,osm-places-2026-09
node/548633836,Chikkagubbi,ಚಿಕ್ಕಗುಬ್ಬಿ,village,13.0806067,77.6662218,osm-places-2026-09
node/548633848,Gollahalli,ಗೊಲ್ಲಹಳ್ಳಿ,village,13.0830453,77.675794,osm-places-2026-09
node/548636643,Kadaagrahara,ಕಾಡಅಗ್ರಹಾರ,village,13.0806375,77.6916126,osm-places-2026-09
node/5490015858,Indiranagar 3rd Stage,ಇಂದಿರಾನಗರ ೩ನೇ ಹಂತ,neighbourhood,12.9752555,77.6388125,osm-places-2026-09
node/549691202,Bagaluru,ಬಾಗಲೂರು,village,13.1331868,77.6687093,osm-places-2026-09
node/5519076249,New Baiyyappanahalli Extension,ಹೊಸ ಬಯ್ಯಪ್ಪನಹಳ್ಳಿ ಎಕ್ಸ್‌ಟೆನ್ಷನ್,neighbourhood,12.9870838,77.6457345,osm-places-2026-09
node/5519077333,Sadananda Nagar,ಸದಾನಂದ ನಗರ,neighbourhood,12.9959987,77.6578762,osm-places-2026-09
node/5519077334,Ramaswamy Layout,ರಾಮಸ್ವಾಮಿ ಲೇಔಟ್,neighbourhood,12.9887931,77.6471078,osm-places-2026-09
node/5536506428,Betta Halasuru,ಬೆಟ್ಟಹಲಸೂರು,village,13.1616786,77.6098037,osm-places-2026-09
node/5537275042,Koramangala 7th Block,ಕೋರಮಂಗಲ ೭ನೇ ಬ್ಲಾಕ್,neighbourhood,12.9364846,77.6134783,osm-places-2026-09
node/5644388848,Ashwath Nagar,ಅಶ್ವತ್ ನಗರ,neighbourhood,13.0467537,77.6321873,osm-places-2026-09
node/5646151242,Abbanakuppe,ಅಬ್ಬನಕುಪ್ಪೆ,village,12.7705892,77.4077475,osm-places-2026-09
node/5646151243,Kumbalagodu,ಕುಂಬಳಗೋಡು,village,12.8786167,77.4467629,osm-places-2026-09
node/565301088,Hanumanthanagar,ಹನುಮಂತನಗರ,neighbourhood,13.0606148,77.6692734,osm-places-2026-09
node/565301339,Yarappanahalli,ಯರಪ್ಪನಹಳ್ಳಿ,village,13.086031,77.6862593,osm-places-2026-09
node/565301359,Chokkanahalli,ಚೊಕ್ಕನಹಳ್ಳಿ,village,13.1132252,77.6873408,osm-places-2026-09
node/565301360,Marenahalli,ಮಾರೇನಹಳ್ಳಿ,hamlet,13.1199125,77.6792469,osm-places-2026-09
node/565301361,Chagalatti,ಚಾಗಲೆಟ್ಟಿ,village,13.1223366,77.6692477,osm-places-2026-09
node/566513907,Budigere,ಬೂದಿಗೆರೆ ರಸ್ತೆ,village,13.1351506,77.7471989,osm-places-2026-09
node/567770959,Agara,ಆಗರ,neighbourhood,13.0386734,77.6468085,osm-places-2026-09
node/567771160,Chelekere,ಚೆಳ್ಳಕೆರೆ,neighbourhood,13.0286557,77.6424998,osm-places-2026-09
node/567772575,Kalyan Nagar,ಕಲ್ಯಾಣನಗರ,suburb,13.0221416,77.6403368,osm-places-2026-09
node/567773467,Shree Vinayaka Layout,ವಿನಾಯಕ ಬಡಾವಣೆ,neighbourhood,13.0115433,77.7004245,osm-places-2026-09
node/567774040,Dooravaninagar,ದೂರವಾಣಿನಗರ,quarter,13.0074103,77.6704866,osm-places-2026-09
node/568282200,Lower Palace Orchard,ಲೋಅರ್ ಪ್ಯಾಲೆಸ್ ಒರ್ಚಾರ್ಡ್,neighbourhood,13.0043153,77.5797506,osm-places-2026-09
node/568954124,Varadenahalli,ವರದೇನಹಳ್ಳಿ,village,13.2163779,77.8027272,osm-places-2026-09
node/571438211,Dabaspete,ಡಾಬಸ್ಪೇಟೆ,town,13.2274343,77.2425412,osm-places-2026-09
node/571438212,Doddaballapura,ದೊಡ್ಡಬಳ್ಳಾಪುರ,town,13.2929583,77.5431463,osm-places-2026-09
node/5724868065,Borehalli,ಬೋರೆಹಳ್ಳಿ,hamlet,12.8441312,77.3579872,osm-places-2026-09
node/5724868067,Devagere,ದೇವಗೆರೆ,village,12.8571436,77.4655706,osm-places-2026-09
node/5726430220,Jayaraj Nagar,ಜಯರಾಜ್ ನಗರ,neighbourhood,12.9810639,77.6256751,osm-places-2026-09
node/5726430821,Dodakattappa,ದೊಡ್ಡಕಟ್ಟಪ್ಪ,neighbourhood,12.9775809,77.6255794,osm-places-2026-09
node/5726430822,Hoysala Nagar,ಹೊಯ್ಸಳನಗರ,neighbourhood,12.9802093,77.6273767,osm-places-2026-09
node/5726455320,Someshwarpura,ಸೋಮೇಶ್ವರಪುರ,neighbourhood,12.9757691,77.6228178,osm-places-2026-09
node/5726457424,Hanumanthappa Layout,ಹನುಮಂತಪ್ಪ ಬಡಾವಣೆ,neighbourhood,12.976384,77.6168362,osm-places-2026-09
node/5726457434,Yellappa Chetty Layout,ಎಲ್ಲಪ್ಪಚೆಟ್ಟಿ ಲೇಔಟ್,neighbourhood,12.9775731,77.6182694,osm-places-2026-09
node/5726478799,Kundalpura,ಕುಂದಲಪುರ,hamlet,12.8954551,77.4160543,osm-places-2026-09
node/5726600589,Katammana Doddi,ಕಾಟಮ್ಮನದೊಡ್ಡಿ,village,12.8211696,77.3231989,osm-places-2026-09
node/5726600590,Rampura,ರಾಂಪುರ,village,12.8411343,77.327131,osm-places-2026-09
node/5726600591,Guddadahalli,ಗಡ್ಡದಹಳ್ಳಿ,village,12.8337491,77.345075,osm-places-2026-09
node/5726600592,Hakki Pikki Colony,ಹಕ್ಕಿ ಪಿಕ್ಕಿ ಕಾಲೋನಿ,hamlet,12.8449262,77.4011815,osm-places-2026-09
node/5727549305,Edehalli,ಎಡೇಹಳ್ಳಿ,hamlet,13.2138297,77.2546953,osm-places-2026-09
node/5727554256,Vajarahalli,ವಾಜರಹಳ್ಳಿ,village,13.1016741,77.406047,osm-places-2026-09
node/5727554257,Betta Halli Palya,ಬೆಟ್ಟಹಳ್ಳಿ ಪಾಳ್ಯ,hamlet,13.1655858,77.3938751,osm-places-2026-09
node/573534505,Uttarahalli,ಉತ್ತರಹಳ್ಳಿ,suburb,12.9055682,77.5455438,osm-places-2026-09
node/574606489,Ullalu,ಉಳ್ಳಾಲು,quarter,12.9583897,77.4797902,osm-places-2026-09
node/574853138,Mahadevapura,ಮಹಾದೇವಪುರ,suburb,12.9912395,77.6897334,osm-places-2026-09
node/574874181,Channasandra,ಚನ್ನಸಂದ್ರ,village,12.9804938,77.7683853,osm-places-2026-09
node/578936450,Hoskote,ಹೊಸಕೋಟೆ,town,13.073014,77.7921381,osm-places-2026-09
node/5810244718,Karishma Hills,ಕರಿಶ್ಮ ಹಿಲ್ಸ್,neighbourhood,12.8886141,77.5338176,osm-places-2026-09
node/582576115,Kanaka Nagar,ಕನಕ ನಗರ,neighbourhood,13.0374105,77.6082063,osm-places-2026-09
node/5881419157,Goravanahalli,ಗೊರವನಹಳ್ಳಿ,village,13.4721428,77.2827029,osm-places-2026-09
node/589789927,HMT Watch Factory Colony,ಎಚ್ಎಂಟಿ ವಾಚ್ ಫ್ಯಾಕ್ಟರಿ ಕಾಲೋನಿ,neighbourhood,13.0466974,77.5324669,osm-places-2026-09
node/595167032,Vinayaka Nagar B Block,ವಿನಾಯಕ ನಗರ ಬಿ ಬ್ಲಾಕ್,neighbourhood,12.9545209,77.658947,osm-places-2026-09
node/595301768,CNR Layout,ನಂಜುಡ್ಡರೆಡ್ಡಿ ಲೇಔಟ್,neighbourhood,13.0252226,77.6524936,osm-places-2026-09
node/595302508,Malappa Layout,ಮಲಪ್ಪ ಲೇಔಟ್,neighbourhood,13.0270728,77.6511525,osm-places-2026-09
node/595304404,Bank Avenue Colony,ಬ್ಯಾಂಕ್ ಅವೆನ್ಯೂ ಕಾಲೊನಿ,neighbourhood,13.0225678,77.6527986,osm-places-2026-09
node/595688375,Hennur Gardens,ಹೆಣ್ಣುರ್ ಗಾರ್ಡನ್ಸ್,neighbourhood,13.0376905,77.6432902,osm-places-2026-09
node/5961275280,Kotnanahalli,ಕೊತ್ತನಹಳ್ಳಿ,village,13.0109553,77.3309505,osm-places-2026-09
node/5961275281,Chowdasandra,ಚೌಡಸಂದ್ರೆ,village,13.0173893,77.3313957,osm-places-2026-09
node/597061740,Marasandra,ಮರಸಂದ್ರ,village,13.0994918,77.7148543,osm-places-2026-09
node/597066208,Sri Krishna Nagar,ಶ್ರೀಕೃಷ್ಣ ನಗರ,neighbourhood,13.0775838,77.6535472,osm-places-2026-09
node/597694337,Post & Telegraph Layout,ಪೊಸ್ಟ್ ಮತ್ತು ಟೆಲಿಗ್ರಾಫ್ ಲೇಔಟ್,neighbourhood,13.0247314,77.6580404,osm-places-2026-09
node/598947872,Mohan Kumar Nagar,ಮೋಹನ್ ಕುಮಾರ್ ನಗರ,neighbourhood,13.0310241,77.5511385,osm-places-2026-09
node/598947998,Gokula,ಗೋಕುಲ,quarter,13.040969,77.5562302,osm-places-2026-09
node/598948010,MSR Nagar,ಎಂಎಸ್ಆರ್ ನಗರ,neighbourhood,13.0333103,77.5668197,osm-places-2026-09
node/599212727,Peenya 2nd Stage,ಪೀಣ್ಯ ೨ನೇ ಹಂತ,neighbourhood,13.0283168,77.5129632,osm-places-2026-09
node/5993281801,Ambedkar Nagara,ಅಂಬೇಡ್ಕರ್ ನಗರ,quarter,12.9009289,77.7135025,osm-places-2026-09
node/6017945714,Ambalipura,ಅಂಬಲೀಪುರ,neighbourhood,12.9173303,77.667161,osm-places-2026-09
node/6058180910,Ambedkar Nagar,ಅಂಬೇಡ್ಕರ್ ನಗರ,neighbourhood,12.9798531,77.7541055,osm-places-2026-09
node/6255561099,ITI Industrial Estate,ಐಟಿಐ ಇಂಡಸ್ಟ್ರಿಯಲ್ ಎಸ್ಟೇಟ್,neighbourhood,12.9965867,77.6983434,osm-places-2026-09
node/6255561100,Devasandra Industrial Estate,ದೇವಸಂದ್ರ ಕೈಗಾರಿಕ ಪ್ರದೇಶ,neighbourhood,12.9970362,77.7004141,osm-places-2026-09
node/628634429,C V Raman Nagar,ಸಿ ವಿ ರಾಮನ್ ನಗರ,suburb,12.9856478,77.6649767,osm-places-2026-09
node/6310532126,Kalahalli,ಕಲಹಳ್ಳಿ,neighbourhood,12.9869375,77.6232254,osm-places-2026-09
node/6318681379,Papanna Layout,ಪಾಪಣ್ಣ ಬಡಾವಣೆ,neighbourhood,13.0482241,77.579307,osm-places-2026-09
node/6319011634,Vishweshwaraiah Enclave,ವಿಶ್ವೇಶ್ವರಯ್ಯ ಎನ್‌ಕ್ಲೇವ್,neighbourhood,13.0670785,77.532776,osm-places-2026-09
node/6319011641,Abbigere,ಅಬ್ಬಿಗೆರೆ,quarter,13.0742739,77.5288653,osm-places-2026-09
node/6330202097,Kammanahalli,ಕಮ್ಮನಹಳ್ಳಿ,suburb,13.0148544,77.6382029,osm-places-2026-09
node/6333611177,EPIP Zone,ಇಪಿಐಪಿ ಜೋನ್,suburb,12.9781922,77.7246451,osm-places-2026-09
node/6359847295,Anandapura,ಆನಂದಪುರ,neighbourhood,13.0239276,77.6923621,osm-places-2026-09
node/6371987178,Kalenahalli,ಕಾಳೇನಹಳ್ಳಿ,hamlet,13.1475434,77.5117206,osm-places-2026-09
node/6441441982,Govindapura,ಗೋವಿಂದಪುರ,neighbourhood,13.0341085,77.6198029,osm-places-2026-09
node/646342132,Raghavendra Colony,ರಾಘಾವೇಂದ್ರ ಕಾಲೋನಿ,neighbourhood,13.0645499,77.5275223,osm-places-2026-09
node/648975553,Cottonpete,ಕಾಟನ್ ಪೇಟೆ,neighbourhood,12.9656327,77.5658857,osm-places-2026-09
node/652356552,Prakruthi Township,ಪ್ರಕೃತಿ ಟೌನ್‌ಶಿಪ್,neighbourhood,13.0308767,77.6521533,osm-places-2026-09
node/6566428930,Panduranga Nagar,ಪಾಂಡುರಂಗ ನಗರ,neighbourhood,12.8930758,77.5961351,osm-places-2026-09
node/6566428931,Arekere,ಅರಕೆರೆ,quarter,12.8872086,77.5960493,osm-places-2026-09
node/658457698,Savandurga,ಸಾವನದುರ್ಗ,village,12.9159605,77.2977719,osm-places-2026-09
node/665045361,High Grounds,ಹೈ ಗ್ರೌಂಡ್ಸ್,quarter,12.9865133,77.5830766,osm-places-2026-09
node/666849453,L.R. Nagar 1st Stage,ಎಲ್ಆರ್ ನಗರ ೧ನೇ ಹಂತ,neighbourhood,12.9498455,77.6156693,osm-places-2026-09
node/666849455,L.R. Nagar 2nd Stage,ಎಲ್ಆರ್ ನಗರ ೨ನೇ ಹಂತ,neighbourhood,12.9496935,77.6174553,osm-places-2026-09
node/666849457,Ambedkar Nagar,ಅಂಬೇಡ್ಕರ್ ನಗರ,neighbourhood,12.9490851,77.6184873,osm-places-2026-09
node/6697922491,Devasandra,ದೇವಸಂದ್ರ,village,12.7572271,77.6472795,osm-places-2026-09
node/6697922492,Siddanapalya,ಸಿದ್ದನಪಾಳ್ಯ,village,12.7241639,77.6599771,osm-places-2026-09
node/6699236392,Adigar Kallahalli,ಅಡಿಗಾರ ಕಲ್ಲಹಳ್ಳಿ,village,12.8254221,77.80406,osm-places-2026-09
node/6699236393,Billapura,ಬಿಲ್ಲಾಪುರ,village,12.8370233,77.7856386,osm-places-2026-09
node/6699236780,Oppacchahalli,ಒಪ್ಪಚ್ಚಹಳ್ಳಿ,hamlet,12.8777696,77.9360461,osm-places-2026-09
node/6699236781,Geratiganabele,ಗೆರಟಿಗನಬೆಲೆ,village,12.6787245,77.7346256,osm-places-2026-09
node/676579031,Avati,ಆವತಿ,village,13.2974815,77.7242766,osm-places-2026-09
node/6796455293,Deverakondanahalli,ದೇವರಕೊಂಡನಹಳ್ಳಿ,hamlet,13.4259122,77.5590885,osm-places-2026-09
node/6797368827,Subramanya Ghati,ಘಾಟಿ ಸುಬ್ರಮಣ್ಯ,village,13.4091833,77.5296324,osm-places-2026-09
node/6797406797,Dyavarahalli,ದ್ಯಾವರಹಳ್ಳಿ,village,13.4667173,77.5294769,osm-places-2026-09
node/679886682,Goripalya,ಗೋರಿಪಾಳ್ಯ,neighbourhood,12.9629437,77.5494998,osm-places-2026-09
node/6800069742,Koligere,ಕೋಲಿಗೆರೆ,village,13.3021321,77.3921505,osm-places-2026-09
node/6800069776,ಕೋಡಿಹಳ್ಳಿ,ಕೋಡಿಹಳ್ಳಿ,village,13.30972,77.5887001,osm-places-2026-09
node/6800069777,Hamam,ಹಮಾಮ್,village,13.3044161,77.5581765,osm-places-2026-09
node/6800069778,ವಡ್ಡರಪಾಳ್ಯ,ವಡ್ಡರಪಾಳ್ಯ,hamlet,13.3292015,77.5538689,osm-places-2026-09
node/6800069779,Minakunte Hosuru,ಮೀನಕುಂಟೆ ಹೊಸೂರು,village,13.181851,77.6422369,osm-places-2026-09
node/6800069806,Konenahalli,ಕೋನೇನಹಳ್ಳಿ,hamlet,13.3339933,77.3935479,osm-places-2026-09
node/6800069807,Kadukunte,ಕಾಡುಕುಂಟೆ,hamlet,13.4228076,77.4397516,osm-places-2026-09
node/6800070026,Kamaluru Palya,ಕಮಲೂರು ಪಾಳ್ಯ,village,13.3546159,77.4816155,osm-places-2026-09
node/6800314360,Madagondanahalli,ಮಾದಗೊಂಡನಹಳ್ಳಿ,village,13.3238484,77.5162509,osm-places-2026-09
node/683061164,Hosahalli,ಹೊಸಹಳ್ಳಿ,neighbourhood,12.9690686,77.5427797,osm-places-2026-09
node/683259920,Harohalli,ಹಾರೋಹಳ್ಳಿ,town,12.6801695,77.473355,osm-places-2026-09
node/6942659237,Chikkakadiganahalli,ಚಿಕ್ಕಕಾಡಿಗಾನಹಳ್ಳಿ,village,13.3921663,77.7523899,osm-places-2026-09
node/6942659238,Korlahalli,ಕೊರ್ಲಹಳ್ಳಿ,hamlet,13.3924481,77.6215249,osm-places-2026-09
node/6942659239,Hanumanthapura,ಹನುಮಂತಪುರ,village,13.4685745,77.7084553,osm-places-2026-09
node/6942659323,Chikkaballapura,ಚಿಕ್ಕಬಳ್ಳಾಪುರ,town,13.4358702,77.7312434,osm-places-2026-09
node/695071972,AECS Layout,ಎಇಸಿಎಸ್ ಲೇಔಟ್,quarter,12.964118,77.7130369,osm-places-2026-09
node/695074660,Heelalige,ಹೀಲಲಿಗೆ,village,12.8175735,77.7081053,osm-places-2026-09
node/695119369,Huskur,ಹುಸ್ಕರ್,suburb,12.8607674,77.7071019,osm-places-2026-09
node/695119578,Gattahalli,ಗಟ್ಟಹಳ್ಳಿ,village,12.8685628,77.7026913,osm-places-2026-09
node/698911147,Shanuboganahalli,ಶಾನುಬೋಗನಹಳ್ಳಿ,village,12.7578327,77.2301736,osm-places-2026-09
node/698911173,Jalamangala,ಜಾಲಮಂಗಲ,village,12.820985,77.2210866,osm-places-2026-09
node/699684156,Hosakerehalli,ಹೊಸಕೆರೆಹಳ್ಳಿ,quarter,12.9301881,77.5378332,osm-places-2026-09
node/699684267,Kasturibai Nagar,ಕಸ್ತೂರಿಬಾಯಿ ನಗರ,neighbourhood,12.9541051,77.5512728,osm-places-2026-09
node/7065395268,Shivapura,ಶಿವಪುರ,neighbourhood,13.0265988,77.5066577,osm-places-2026-09
node/7074451754,Mallathahalli,ಮಲ್ಲತ್ತಹಳ್ಳಿ,quarter,12.9623214,77.5057232,osm-places-2026-09
node/7079707869,PF Layout,ಪಿಎಫ್ ಲೇಔಟ್,neighbourhood,12.9676849,77.5330469,osm-places-2026-09
node/710722699,Domlur 2nd Stage,ದೊಮ್ಮಲೂರು ೨ನೇ ಹಂತ,neighbourhood,12.9640664,77.6383676,osm-places-2026-09
node/718385669,Vannarapete,ವನ್ನರಪೇಟೆ,neighbourhood,12.9599932,77.6176375,osm-places-2026-09
node/7206360658,Meghanapalya,ಮೇಘನಪಾಳ್ಯ,neighbourhood,13.0312889,77.639375,osm-places-2026-09
node/7206419741,K Narayanapura,ಕೆ ನಾರಾಯಣಪುರ,quarter,13.0632795,77.6418078,osm-places-2026-09
node/7208904019,Grace Town,ಗ್ರೇಸ್ ಟೌನ್,neighbourhood,13.0290024,77.6328707,osm-places-2026-09
node/7219295763,West of Chord Road 2nd Stage,ವೆಸ್ಟ್ ಆಫ್ ಕಾರ್ಡ್ ರಸ್ತೆ ೨ನೇ ಅಂತ,neighbourhood,12.9988263,77.5475363,osm-places-2026-09
node/7219295764,Mahalakshmipuram,ಮಹಾಲಕ್ಷ್ಮೀಪುರಂ,quarter,13.0012021,77.5460235,osm-places-2026-09
node/7220757407,Attur Layout,ಅಟ್ಟುರು ಬಡಾವಣೆ,neighbourhood,13.0994536,77.5680336,osm-places-2026-09
node/7232106815,Doddabele,ದೊಡ್ಡಬೆಲೆ,village,12.8898598,77.4755591,osm-places-2026-09
node/7236242195,Konanakunte,ಕೋಣನಕುಂಟೆ,suburb,12.8792861,77.5697529,osm-places-2026-09
node/7257126381,Mahalakshmi Layout,ಮಹಾಲಕ್ಷ್ಮೀ ಲೇಔಟ್,suburb,13.0113153,77.5446972,osm-places-2026-09
node/7257126382,Basaveshwaranagar,ಬಸವೇಶ್ವರ ನಗರ,suburb,12.9937572,77.5391325,osm-places-2026-09
node/7257126383,Manjunath Nagar,ಮಂಜುನಾಥ ನಗರ,neighbourhood,12.9939514,77.5480532,osm-places-2026-09
node/7274156791,Shirdi Sai Nagara,ಶಿರಡಿ ಸಾಯಿ ನಗರ,neighbourhood,13.0679511,77.6366043,osm-places-2026-09
node/7276562007,NTY Layout,ಎನ್‌ಟಿವೈ ಲೇಔಟ್,neighbourhood,12.9499366,77.5426626,osm-places-2026-09
node/7289130016,Kengeri Satelite Town,ಕೆಂಗೇರಿ ಸ್ಯಾಟಿಲೈಟ್ ಟೌನ್,neighbourhood,12.9236489,77.4869639,osm-places-2026-09
node/7289170281,Sir MV Layout,,suburb,12.9437937,77.4779463,osm-places-2026-09
node/7289176012,Maruthi Nagara,ಮಾರುತಿ ನಗರ,neighbourhood,12.9381629,77.48146,osm-places-2026-09
node/7289176013,Sonnenahalli,ಸೊನ್ನೆನಹಳ್ಳಿ,quarter,12.9433048,77.4801187,osm-places-2026-09
node/7289176014,Bhuvaneshwari Nagara 2nd Stage,ಬಸವೇಶ್ವರ ನಗರ ೨ನೇ ಅಂತ,neighbourhood,12.9432604,77.4907297,osm-places-2026-09
node/7289176015,Bhuvaneshwari Nagara 1st Stage,ಬಸವೇಶ್ವರ ನಗರ ೧ನೇ ಅಂತ,neighbourhood,12.9439871,77.4876344,osm-places-2026-09
node/7289176019,Vinayaka Layout,ವಿನಾಯಕ ಲೇಔಟ್,neighbourhood,12.9631421,77.5086468,osm-places-2026-09
node/7291611547,Rajajinagara 1st R Block,ರಾಜಾಜಿನಗರ,neighbourhood,13.0078062,77.5496417,osm-places-2026-09
node/7293708126,Anepalya,ಆನೆಪಾಳ್ಯ,neighbourhood,12.9510168,77.6109188,osm-places-2026-09
node/7293721308,Craig Park Layout,ಕ್ರೇಗ್ ಪಾರ್ಕ್ ಲೇಔಟ್,neighbourhood,12.9713834,77.6158386,osm-places-2026-09
node/7298266262,Vasudevapura,ವಾಸುದೇವಪುರ,village,12.8174977,77.5201696,osm-places-2026-09
node/7298266883,Vaddarapalya,ವಡ್ಡರಪಾಳ್ಯ,village,12.8364532,77.5270414,osm-places-2026-09
node/7298320806,Choodasandra,ಚೂಡಸಂದ್ರ,suburb,12.8921555,77.680378,osm-places-2026-09
node/7298942756,Sri Banashankri Layout,,neighbourhood,13.1726164,77.5576723,osm-places-2026-09
node/7299773880,Jakkur Layout,ಜಕ್ಕೂರು ಬಡಾವಣೆ,neighbourhood,13.0701876,77.6011884,osm-places-2026-09
node/7299778023,Amrutahalli,ಅಮೃತಹಳ್ಳಿ,quarter,13.0662319,77.6007646,osm-places-2026-09
node/7299778032,Rachenahalli,ರಾಚೇನಹಳ್ಳಿ,neighbourhood,13.0588586,77.6232576,osm-places-2026-09
node/7299778050,Buvaneswari Nagara,ಭುವನೇಶ್ವರಿ ನಗರ,neighbourhood,13.0564103,77.6024303,osm-places-2026-09
node/7299778051,Amruthnagar,ಅಮೃತನಗರ,neighbourhood,13.0569904,77.5981092,osm-places-2026-09
node/7299778069,Kempapura,ಹೆಬ್ಬಾಳ ಕೆಂಪಾಪುರ,quarter,13.0533141,77.6038277,osm-places-2026-09
node/7301358178,Fair Field Layout,ಫೇರ್ ಫೀಲ್ಡ್ ಲೇಔಟ್,neighbourhood,12.9853876,77.5862887,osm-places-2026-09
node/7304848948,Dollars Colony,ಡಾಲರ್ಸ್ ಕಾಲೋನಿ,neighbourhood,12.9040098,77.5955558,osm-places-2026-09
node/7304873402,LR Bande,ಎಲ್ಆರ್ ಬಂಡೆ,neighbourhood,13.0285268,77.6091599,osm-places-2026-09
node/7304873403,JC Nagar,ಜೆಸಿ ನಗರ,quarter,13.0083576,77.5946063,osm-places-2026-09
node/7304873404,Deverajivanahalli,ದೇವರಜೀವನಹಳ್ಳಿ,quarter,13.0129937,77.6054799,osm-places-2026-09
node/7304873405,Kaval Byrasandra,ಕವಲ್ ಬೈರಸಂದ್ರ,suburb,13.0200235,77.6092887,osm-places-2026-09
node/7304873406,Postal and Telecom Colony,ಪೊಸ್ಟಲ್ ಮತ್ತು ಟೆಲಿಕಾಂ ಕಾಲೋನಿ,neighbourhood,13.0124266,77.6178262,osm-places-2026-09
node/7304873407,Kushal Nagar,ಕುಶಾಲನಗರ,neighbourhood,13.0187848,77.6151144,osm-places-2026-09
node/7304873408,Kadugondanahalli,ಕಾಡುಗೊಂಡನಹಳ್ಳಿ,quarter,13.0207029,77.6215464,osm-places-2026-09
node/7304953087,Anand Nagar,ಆನಂದನಗರ,neighbourhood,13.0346991,77.5944561,osm-places-2026-09
node/733519845,Bapuji Nagar,ಬಾಪೂಜಿ ನಗರ,quarter,12.9556699,77.5402492,osm-places-2026-09
node/733519847,Ganapathy Nagar,ಗಣಪತಿ ನಗರ,neighbourhood,12.9463411,77.5396256,osm-places-2026-09
node/733519855,Girinagar,ಗಿರಿನಗರ,quarter,12.9401439,77.5444995,osm-places-2026-09
node/733519858,Byataranyapura,ಬ್ಯಾಟರಾಯನಪುರ,quarter,12.9476325,77.5413592,osm-places-2026-09
node/733519862,KHR Colony,ಕೆಎಚ್ಆರ್ ಕಾಲೊನಿ,neighbourhood,12.9466873,77.5354516,osm-places-2026-09
node/7339673040,MEI Layout,ಎಂಇಐ ಲೇಔಟ್,neighbourhood,13.0611892,77.5038993,osm-places-2026-09
node/7339673041,Bagalagunte,ಬಾಗಲಗುಂಟೆ,quarter,13.0562928,77.506941,osm-places-2026-09
node/7339704103,Kudhurgere Colony,,village,13.0688447,77.4767393,osm-places-2026-09
node/7339711384,Achyutha Nagara,ಅಚ್ಯುತನಗರ,neighbourhood,13.0898554,77.4847269,osm-places-2026-09
node/736207253,Defence Colony,ಡಿಫೆನ್ಸ್ ಕಾಲೋನಿ,neighbourhood,12.976171,77.6435315,osm-places-2026-09
node/7391586672,Nagamma Nagar,ನಾಗಮ್ಮ ನಗರ,neighbourhood,12.9694492,77.5625271,osm-places-2026-09
node/7391586673,Shamana Nagar,ಶಾಮನ ನಗರ,neighbourhood,12.9602094,77.5427484,osm-places-2026-09
node/7391586674,RPC Layout,ಆರ್‌ಪಿಸಿ ಲೇಔಟ್,neighbourhood,12.9689605,77.545613,osm-places-2026-09
node/7391586675,Cholourpalya,ಚೊಳೌರು ಪಾಳ್ಯ,neighbourhood,12.9708424,77.5497115,osm-places-2026-09
node/7391586676,Guddadahalli,ಗುಡ್ಡದಹಳ್ಳಿ,quarter,12.9578934,77.5464445,osm-places-2026-09
node/7391606105,Kempapura Agrahara,ಕೆಂಪಾಪುರ ಅಗ್ರಹಾರ,suburb,12.9706228,77.5553763,osm-places-2026-09
node/7391606106,K H Ranganath Colony,ಕೆ ಎಚ್ ರಂಗನಾಥ ಕಾಲೋನಿ,neighbourhood,12.9641406,77.5581551,osm-places-2026-09
node/7391606107,Jagajeevanram Nagara,ಜಗಜೀವನರಾಮ ನಗರ,quarter,12.9653639,77.5558644,osm-places-2026-09
node/7413376559,Indiranagar,ಇಂದಿರನಾಗರ,neighbourhood,12.9962979,77.5452778,osm-places-2026-09
node/7447968437,Lakshmi Devi Nagar,ಲಕ್ಷ್ಮೀದೇವಿ ನಗರ,neighbourhood,13.0161192,77.527197,osm-places-2026-09
node/7448029534,Pottery Town,ಪಾಟರಿ ಟೌನ್,neighbourhood,13.001385,77.6079476,osm-places-2026-09
node/7448029535,ITI Layout,ಐಟಿಐ ಲೇಔಟ್,neighbourhood,13.004908,77.6046672,osm-places-2026-09
node/7448713682,Langford Town,ಲ್ಯಾಂಗ್‌ಫಾರ್ಡ್ ಟೌನ್,neighbourhood,12.957998,77.6037312,osm-places-2026-09
node/7617355938,Kodichikkanahalli,ಕೊಡಿಚಿಕ್ಕನಹಳ್ಳಿ,neighbourhood,12.8966996,77.6124269,osm-places-2026-09
node/7658290106,Madhav Nagar,ಮಾಧವ ನಗರ,neighbourhood,12.9851431,77.5773021,osm-places-2026-09
node/7658290169,Kacharakanahalli,ಕಚರಕನಹಳ್ಳಿ,neighbourhood,13.0215678,77.6309556,osm-places-2026-09
node/7658427995,Kamalanagara,ಕಮಲನಗರ,quarter,12.9965592,77.5280677,osm-places-2026-09
node/7658457889,Sharadhanagar,ಶಾರದನಗರ,neighbourhood,13.0942392,77.5763941,osm-places-2026-09
node/769260893,Someshwaranagar,ಸೋಮೇಶ್ವರನಗರ,neighbourhood,12.9420915,77.5921346,osm-places-2026-09
node/7890840023,Ketamaranahalli,ಕೆತಮಾರನಹಳ್ಳಿ,neighbourhood,13.0009723,77.5519539,osm-places-2026-09
node/791357660,Mailappanahalli,ಮೈಲಪ್ಪನಹಳ್ಳಿ,village,13.4246253,77.7054349,osm-places-2026-09
node/7944583325,Rajajinagar 4th Block,ರಾಜಾಜಿನಗರ ೪ನೇ ಬ್ಲಾಕ್,neighbourhood,12.9874184,77.5571278,osm-places-2026-09
node/7944583327,Rajajinagar 2nd Block,ರಾಜಾಜಿನಗರ ೨ನೇ ಬ್ಲಾಕ್,neighbourhood,12.9946609,77.5532988,osm-places-2026-09
node/7944634960,JC Nagar,ಜೆಸಿ ನಗರ,neighbourhood,13.0040406,77.5388039,osm-places-2026-09
node/7944634961,Saneguruvanahalli,ಸಾಣೆಗುರುವನಹಳ್ಳಿ,neighbourhood,12.9904292,77.5422438,osm-places-2026-09
node/7944634962,Shivanahalli,ಶಿವನಹಳ್ಳಿ,neighbourhood,12.9879221,77.5467906,osm-places-2026-09
node/7978094280,Puttenahalli,ಪುಟ್ಟೆನಹಳ್ಳಿ,neighbourhood,13.1104253,77.5807595,osm-places-2026-09
node/7984684415,Sudhama Nagara,ಸುಧಮ ನಗರ,neighbourhood,12.957551,77.5881475,osm-places-2026-09
node/821795981,Nanjappa Garden,ನಂಜಪ್ಪ ಗಾರ್ಡನ್,neighbourhood,13.0234077,77.6504121,osm-places-2026-09
node/8240244513,Kempegowda Layout,,neighbourhood,13.0007892,77.5264728,osm-places-2026-09
node/8240257841,Dubasi Palya,,neighbourhood,12.9295126,77.4966896,osm-places-2026-09
node/8302741281,Maruthi Nagara,ಮಾರುತಿ ನಗರ,neighbourhood,13.0574738,77.5811309,osm-places-2026-09
node/8302741288,Rajiv Gandhi Nagar,ರಾಜೀವ್ ಗಾಂಧಿ ನಗರ,neighbourhood,13.0702555,77.5838453,osm-places-2026-09
node/8320252560,Roopena Agrahara,ರೂಪೇನ ಅಗ್ರಹಾರ,neighbourhood,12.91064,77.6238263,osm-places-2026-09
node/833667753,Mulluru,ಮುಳ್ಳೂರು,suburb,12.9048732,77.7251308,osm-places-2026-09
node/833667754,Kachamaranahalli,ಕಾಚಮಾರನಹಳ್ಳಿ,quarter,12.9123295,77.7327804,osm-places-2026-09
node/833667755,Gunjur,ಗುಂಜೂರು,suburb,12.9209772,77.7361016,osm-places-2026-09
node/833667757,Sulikunte,ಸೂಲಿಕುಂಟೆ,suburb,12.8881819,77.7292185,osm-places-2026-09
node/833667966,Balagere,ಬಾಲಗೆರೆ,suburb,12.9377243,77.7280705,osm-places-2026-09
node/833667967,Varthur,ವರ್ತೂರು,suburb,12.9406508,77.746988,osm-places-2026-09
node/833668150,Kodati,ಕೊಡತಿ,suburb,12.8872616,77.7158986,osm-places-2026-09
node/8377203851,Canara Bank Layout,,neighbourhood,13.068572,77.5783554,osm-places-2026-09
node/841805570,Bhuvaneshwari Nagar,ಭುವನೇಶ್ವರಿ ನಗರ,neighbourhood,12.9232498,77.5493787,osm-places-2026-09
node/841805600,Ittamadu,ಇತ್ತಮಡು,neighbourhood,12.9250047,77.5444573,osm-places-2026-09
node/841805641,AGS Layout,ಎಜಿಎಸ್ ಲೇಔಟ್,neighbourhood,12.9127651,77.5340498,osm-places-2026-09
node/841805643,Hanumantha Nagar,ಹನುಮಂತ ನಗರ,quarter,12.940641,77.5635429,osm-places-2026-09
node/841805674,Katriguppe,ಕತ್ರಿಗುಪ್ಪೆ,neighbourhood,12.9280952,77.5488835,osm-places-2026-09
node/8442191514,Jooganahalli,ಜೂಗನಹಳ್ಳಿ,neighbourhood,12.9927527,77.5559972,osm-places-2026-09
node/8478290497,Kallantepalya,ಕಲ್ಲಂಟೆಪಾಳ್ಯ,hamlet,12.9743448,77.2500765,osm-places-2026-09
node/850751602,HMT Layout,ಎಚ್ಎಂಟಿ ಲೇಔಟ್,neighbourhood,13.0276524,77.5921251,osm-places-2026-09
node/850751624,VV Nagar,ವಿವಿ ನಗರ,neighbourhood,13.0279472,77.5950711,osm-places-2026-09
node/8526697566,Nagayana Palya,ನಾಗಾಯನ ಪಾಳ್ಯ,neighbourhood,13.0017718,77.6373339,osm-places-2026-09
node/8526697567,Sathyanagara,ಸತ್ಯನಗರ,neighbourhood,12.9996366,77.639603,osm-places-2026-09
node/857180976,Gangapura,ಗಂಗಾಪುರ,village,13.1353985,77.9468796,osm-places-2026-09
node/857181245,Tavarekere,ತಾವರೆಕೆರೆ,village,13.1334356,77.9290602,osm-places-2026-09
node/857189302,St. Thomas Town,ಸೆಂಟ್ ತಾಮಸ್ ಟೌನ್,neighbourhood,13.0065573,77.6224071,osm-places-2026-09
node/8699676979,Gattigere Extension,ಗಟ್ಟಿಗೆರೆ ಬಡಾವಣೆ,neighbourhood,12.9202077,77.5255006,osm-places-2026-09
node/8699676980,Giridhama Layout,,neighbourhood,12.9186123,77.5281673,osm-places-2026-09
node/8699676981,Aditya Layout,,neighbourhood,12.9266771,77.5249278,osm-places-2026-09
node/8699676982,Marappa Layout,,neighbourhood,12.9292632,77.5232906,osm-places-2026-09
node/8699676983,Javaranadoddi,ಜವರನದೊಡ್ಡಿ,neighbourhood,12.9309948,77.5233292,osm-places-2026-09
node/8699676984,Ideal Homes Layout,,neighbourhood,12.9273325,77.5182504,osm-places-2026-09
node/8699676985,BEML Layout 3rd Stage,,neighbourhood,12.9196528,77.5202202,osm-places-2026-09
node/8699676986,BEML Layout 5th Stage,,neighbourhood,12.9083587,77.5209058,osm-places-2026-09
node/8699676987,Krishna Garden Layout,,neighbourhood,12.9132852,77.506908,osm-places-2026-09
node/8699676988,Concorde Layout,,neighbourhood,12.9071376,77.5093729,osm-places-2026-09
node/8700678298,BHEL Layout,,neighbourhood,12.9184375,77.5092496,osm-places-2026-09
node/8700678299,BEML Layout 7th Phase,,neighbourhood,12.9143909,77.4982509,osm-places-2026-09
node/8700678300,Kodipalya,ಕೋಡಿಪಾಳ್ಯ,neighbourhood,12.9004224,77.4871294,osm-places-2026-09
node/8711415095,Halagevaderahalli,,neighbourhood,12.9216416,77.5142194,osm-places-2026-09
node/8711415096,Nobo Nagar,,neighbourhood,12.8679232,77.5962356,osm-places-2026-09
node/8711415097,Reflex Layout,,neighbourhood,12.9053658,77.5066931,osm-places-2026-09
node/8711415098,"Banashankari 6th Stage, 11th Block",,neighbourhood,12.901464,77.5096707,osm-places-2026-09
node/8989627050,Arab Lines,,neighbourhood,12.9653743,77.6060861,osm-places-2026-09
node/8993883078,Kote,ಕೋಟೆ,neighbourhood,12.6549314,77.1978915,osm-places-2026-09
node/9128747431,TVS Nagar,,neighbourhood,12.7208935,77.8079492,osm-places-2026-09
node/9161008292,KHB Colony,ಕೆ ಎಚ್ ಬಿ ಕಾಲೋನಿ,neighbourhood,12.9844493,77.5342619,osm-places-2026-09
node/9239892830,K G Pura,,village,13.2883001,77.91498,osm-places-2026-09
node/9457428429,Pichaguntarya Palya,ಪಿಚ್ಚಕುಂಟರಪಾಳ್ಯ,village,12.8045303,77.4222475,osm-places-2026-09
node/9457444677,Uddandahalli,ಉದ್ದಂಡಹಳ್ಳಿ,hamlet,12.8856921,77.3840743,osm-places-2026-09
node/9457598399,Girigowdana Doddi,ಗಿರಿಗೌಡನ ದೊಡ್ಡಿ,village,12.7445287,77.5233722,osm-places-2026-09
node/9457598400,Hosadoddi,ಹೊಸ ದೊಡ್ಡಿ,hamlet,12.7650278,77.4840617,osm-places-2026-09
node/9482743546,Langford Gardens,,neighbourhood,12.9631709,77.598018,osm-places-2026-09
node/951469149,Avalahalli,ಅವಲಹಳ್ಳಿ,quarter,12.9437456,77.5402044,osm-places-2026-09
node/9532859000,Akkithimmanahalli,ಅಕ್ಕಿತಿಮ್ಮನಹಳ್ಳಿ,neighbourhood,12.9598852,77.5954485,osm-places-2026-09
node/955651979,Suggatta,ಸುಗ್ಗಟ್ಟ,village,13.1453132,77.6037194,osm-places-2026-09
node/955652009,Channarayapatna,ಚನ್ನರಾಯಪಟ್ಟಣ,village,13.2455918,77.797084,osm-places-2026-09
node/955652052,Yaliyuru,ಯಲಿಯೂರು,village,13.2590186,77.7650965,osm-places-2026-09
node/959499304,Sector A,ಸೆಕ್ಟರ್ ಎ,neighbourhood,13.0968434,77.586453,osm-places-2026-09
node/959499372,Yelahanka New Town,ಯಲಹಂಕ ಹೊಸ ಪಟ್ಟಣ,quarter,13.0978039,77.5811889,osm-places-2026-09
node/959499462,Sector B,ಸೆಕ್ಟರ್ ಬಿ,neighbourhood,13.0982811,77.581801,osm-places-2026-09
node/959502436,4th Phase,೪ನೆ ಹಂತ,neighbourhood,13.1048382,77.575315,osm-places-2026-09
node/959502438,5th Phase,೫ನೆ ಹಂತ,neighbourhood,13.1051471,77.5714776,osm-places-2026-09
node/960168729,Gandhinagar,ಗಾಂಧಿನಗರ,neighbourhood,13.0987546,77.5952828,osm-places-2026-09
node/960240551,Judicial Layout,ಜುಡಿಷಿಯಲ್ ಲೇಔಟ್,quarter,13.0837692,77.5860438,osm-places-2026-09
node/961374022,Jagadish Nagar,ಜಗದೀಶ ನಗರ,neighbourhood,12.9682545,77.6648221,osm-places-2026-09
node/9623069640,Devalingayyana Palya,ದೇವಲಿಂಗಯ್ಯನಪಾಳ್ಯ,hamlet,12.8504675,77.4153087,osm-places-2026-09
node/9631297556,Sunkadakatte,ಸುಂಕದಕಟ್ಟೆ,village,12.7497504,77.5120023,osm-places-2026-09
node/9666477529,Sindhi Colony,ಸಿಂಧಿ ಕಾಲೋನಿ,neighbourhood,12.9946318,77.6165816,osm-places-2026-09
node/9666477589,Cleveland Town,,quarter,12.9940417,77.6116055,osm-places-2026-09
node/9688306946,Teacher's Colony,,neighbourhood,12.9561107,77.5151646,osm-places-2026-09
node/9690178283,Nrupatunga Nagar,ನೃಪತುಂಗ ನಗರ,neighbourhood,12.9570936,77.5098485,osm-places-2026-09
node/9779286668,Kaverappa Layout,ಕಾವೇರಪ್ಪ ಲೇಔಟ್,neighbourhood,12.9907651,77.5945915,osm-places-2026-09
node/9780918392,Nagapura,ನಾಗಪುರ,neighbourhood,13.0023468,77.5462675,osm-places-2026-09
node/9790284732,Koramangala 8th Block,,neighbourhood,12.9408685,77.617338,osm-places-2026-09
node/9790284747,Koramangala 5th Block,,neighbourhood,12.9348429,77.6189768,osm-places-2026-09
node/9790284766,Koramangala 6th Block,,neighbourhood,12.9390255,77.6238477,osm-places-2026-09
node/9790284767,Koramangala 4th Block,,neighbourhood,12.9327778,77.6294052,osm-places-2026-09
node/9790284768,Koramangala 3rd Block,ಕೋರಮಂಗಲ ೩ನೇ ಬ್ಲಾಕ್,neighbourhood,12.9282918,77.6254034,osm-places-2026-09
node/9790284784,Koramangala 1st Block,ಕೋರಮಂಗಲ ೧ನೇ ಬ್ಲಾಕ್,neighbourhood,12.9277245,77.6327822,osm-places-2026-09
node/9804317172,Rudrappa Garden,,neighbourhood,12.9569446,77.6183251,osm-places-2026-09
node/9804317186,Anglo-Indian Quarters,,neighbourhood,12.9633878,77.6139584,osm-places-2026-09
node/9811371625,Corporation Colony,ಕಾರ್ಪೊರೇಷನ್ ಕಾಲೋನಿ,neighbourhood,12.9822565,77.6295796,osm-places-2026-09
node/9828605791,SBI Colony,,neighbourhood,12.9259181,77.6325354,osm-places-2026-09
node/9836494348,JCR Layout,,neighbourhood,12.933134,77.7043284,osm-places-2026-09
node/9851002442,Williams Town,,neighbourhood,12.9991567,77.6067556,osm-places-2026-09
node/9851225174,Bilekahalli,ಬಿಳೇಕಹಳ್ಳಿ,quarter,12.8979703,77.6085699,osm-places-2026-09
node/9851225180,Vijaya Bank Layout,,neighbourhood,12.8929425,77.6077625,osm-places-2026-09
node/9851292486,Byatarayanapura,ಬ್ಯಾಟರಾಯನಪುರ,neighbourhood,13.0666526,77.591967,osm-places-2026-09
node/9859745896,Chamundipura,ಚಾಮುಂಡಿಪುರ,village,12.7367717,77.2636217,osm-places-2026-09
node/986269817,Immadihalli,ಇಮ್ಮಡಿಹಳ್ಳಿ,neighbourhood,12.9663991,77.762046,osm-places-2026-09
node/9876035840,Meenakshi Layout,ಮೀನಾಕ್ಷಿ ಬಡಾವಣೆ,neighbourhood,12.9546256,77.7244484,osm-places-2026-09
node/9922810978,Raja Ram Mohan Roy Extension,,neighbourhood,12.9610275,77.592769,osm-places-2026-09
node/9940037948,Jakkur Plantation,,neighbourhood,13.0834599,77.5980019,osm-places-2026-09
node/9940037957,Gastikempanahalli,ಗಸ್ತಿಕೆಂಪನಹಳ್ಳಿ,village,13.0904929,77.6150501,osm-places-2026-09
node/9940038116,Srinivasapura,ಶ್ರೀನಿವಾಸಪುರ,village,13.1062092,77.6239014,osm-places-2026-09
node/9940038152,Thirumenahalli,ತಿರುಮೇನಹಳ್ಳಿ,village,13.0901794,77.6334125,osm-places-2026-09
node/9940038153,Mitaganahalli,ಮಿಟಗಾನಹಳ್ಳಿ,village,13.110031,77.6438731,osm-places-2026-09
node/9954832133,Dr. Shivaram Karanth Nagar,,quarter,13.0717866,77.6247704,osm-places-2026-09
node/9967147418,HMT Layout,ಎಚ್ಎಂಟಿ ಲೇಔಟ್,neighbourhood,13.03553,77.5027084,osm-places-2026-09
node/9967192673,Sapthagiri Layout,ಸಪ್ತಗಿರಿ ಬಡಾವಣೆ,neighbourhood,13.0368052,77.4960405,osm-places-2026-09
node/9967192674,Rukmini Nagara,ರುಕ್ಮಿನಿ ನಗರ,neighbourhood,13.0426689,77.5026011,osm-places-2026-09
node/9977355585,Bharathi Nagar,ಭಾರತಿ ನಗರ,neighbourhood,13.1396031,77.6210689,osm-places-2026-09
node/9993208661,ISRO Colony,ಇಸ್ರೊ ಕಲೋನಿ,neighbourhood,12.9677163,77.633611,osm-places-2026-09
