{"type":"FeatureCollection","features":[{"type":"Feature","properties":{"osmId":"relation/15989436","kind":"lakeside_park","name":"Yelahanka Lake Park","nameKn":null,"operator":null,"capacity":null,"capacityMld":null,"areaM2":154374,"source":"osm-2026-09"},"geometry":{"type":"Polygon","coordinates":[[[77.5959594,13.1054466],[77.5959454,13.105515],[77.5956,13.1054555],[77.59547,13.1057991],[77.5954914,13.1064064],[77.5953761,13.106669],[77.594621,13.1083722],[77.5939922,13.1090679],[77.5939629,13.1091056],[77.5939129,13.1091598],[77.5933456,13.1101551],[77.5930694,13.1102557],[77.592865,13.1104778],[77.5924394,13.1107648],[77.5919723,13.1112353],[77.5912331,13.1115927],[77.5910591,13.111665],[77.5910487,13.1117708],[77.5910604,13.1118557],[77.5902363,13.112474],[77.5901011,13.1125329],[77.5899524,13.1126067],[77.5898793,13.1126782],[77.5898306,13.1126786],[77.5896241,13.1126825],[77.5893089,13.1127922],[77.5890353,13.1128445],[77.5884828,13.1128497],[77.5881878,13.1129359],[77.5872651,13.1138868],[77.5865167,13.1196389],[77.5867796,13.1197381],[77.5874716,13.120305],[77.5899875,13.1192079],[77.5935334,13.1170815],[77.5935119,13.1168778],[77.5946438,13.1165121],[77.5956201,13.1162038],[77.5975299,13.1158015],[77.5975864,13.1157814],[77.5977701,13.115728],[77.5987734,13.1154014],[77.5988217,13.1153857],[77.5988536,13.115377],[77.5988229,13.1152911],[77.5992948,13.1133408],[77.5994745,13.112881],[77.600247,13.1127452],[77.6001048,13.1122985],[77.6001171,13.1122374],[77.6002885,13.1113868],[77.6005393,13.1109715],[77.6006681,13.1109989],[77.6008187,13.1108606],[77.6008786,13.1108056],[77.6010047,13.1107964],[77.6007566,13.1102949],[77.6006323,13.1102473],[77.5998688,13.1106293],[77.5994772,13.1112719],[77.5992626,13.1113555],[77.5991178,13.1112353],[77.5981092,13.1093074],[77.597825,13.108804],[77.5976872,13.1085599],[77.5969827,13.1073117],[77.5965321,13.1063712],[77.5965141,13.1060495],[77.596599,13.1059632],[77.5966053,13.1059016],[77.5965746,13.1058178],[77.5969666,13.1045112],[77.5969741,13.1043161],[77.5970123,13.1041793],[77.5969934,13.1041677],[77.5962873,13.1042342],[77.5960922,13.1047972],[77.5959594,13.1054466]],[[77.5959594,13.1054466],[77.5960586,13.1051053],[77.5961,13.1048756],[77.5961888,13.1048116],[77.5964024,13.1042643],[77.5968469,13.1042116],[77.5968235,13.1042873],[77.5962746,13.1060629],[77.596442,13.1068304],[77.5966223,13.1072734],[77.5972231,13.1083518],[77.5973456,13.1086208],[77.5973694,13.1088564],[77.5973694,13.1089276],[77.5974039,13.1089781],[77.5980728,13.1099067],[77.5991394,13.1116935],[77.5993174,13.1116454],[77.5995029,13.1114037],[77.5999396,13.1108],[77.6002165,13.1105463],[77.6005625,13.1104076],[77.6005908,13.1104508],[77.6007457,13.1106878],[77.6004781,13.1107596],[77.6004616,13.1107821],[77.6001144,13.1112562],[77.5999946,13.1117013],[77.5999045,13.1121254],[77.5995406,13.1121712],[77.5994606,13.1122589],[77.5994678,13.112426],[77.5991523,13.1131162],[77.599007,13.1137025],[77.5986738,13.1151301],[77.5933123,13.1167003],[77.5932851,13.116718],[77.5932752,13.1167678],[77.5933008,13.1169306],[77.593282,13.1169884],[77.5932257,13.117028],[77.5897259,13.1188917],[77.5876016,13.1199366],[77.5868462,13.1195782],[77.5867459,13.1192617],[77.5870866,13.11699],[77.5877518,13.1166557],[77.5880737,13.1140878],[77.5876428,13.1137018],[77.5880352,13.1133217],[77.5884545,13.1129834],[77.5892059,13.1129476],[77.5897857,13.1127682],[77.5899786,13.112841],[77.5901333,13.1128329],[77.5903968,13.1125176],[77.5911087,13.1120054],[77.5915968,13.1116141],[77.5920164,13.111402],[77.5927743,13.1107442],[77.5934256,13.1103423],[77.5940667,13.1091752],[77.5944648,13.1087542],[77.59482,13.1082026],[77.5953332,13.1070375],[77.5955869,13.1064229],[77.5956166,13.1062232],[77.5957004,13.1062298],[77.595711,13.1061017],[77.5956303,13.1060954],[77.5957009,13.1057834],[77.595809,13.1055811],[77.5960274,13.1056024],[77.5960581,13.1054957],[77.5959594,13.1054466]]]}},{"type":"Feature","properties":{"osmId":"relation/16051428","kind":"lakeside_park","name":"Allalasandra Lake Park","nameKn":null,"operator":null,"capacity":null,"capacityMld":null,"areaM2":33354,"source":"osm-2026-09"},"geometry":{"type":"Polygon","coordinates":[[[77.5888382,13.089875],[77.5887349,13.0892702],[77.5886625,13.0890508],[77.5888261,13.0888313],[77.5887658,13.0887438],[77.5885659,13.0889149],[77.5877787,13.0892271],[77.587088,13.0895537],[77.5865637,13.0899063],[77.5855753,13.0902721],[77.5844716,13.090728],[77.5843897,13.0908024],[77.584426,13.0910885],[77.5842664,13.0911695],[77.5840035,13.0912649],[77.5836508,13.0913014],[77.5835489,13.0913432],[77.5839298,13.0923987],[77.584772,13.0922628],[77.5855444,13.0922811],[77.5857187,13.0922711],[77.5862881,13.0922385],[77.5865704,13.0922223],[77.5883366,13.0924],[77.5891869,13.0925502],[77.5897099,13.0926808],[77.5897314,13.0926207],[77.5900063,13.0927109],[77.5901726,13.0926051],[77.5902557,13.0925306],[77.59087,13.092899],[77.5910188,13.09298],[77.5912347,13.092801],[77.5912388,13.0926612],[77.591102,13.0923804],[77.5906795,13.0919101],[77.5903431,13.091565],[77.590186,13.0917521],[77.5894672,13.091321],[77.5892875,13.0910389],[77.5888454,13.0898937],[77.5888382,13.089875]],[[77.5838656,13.0916989],[77.5837882,13.0914942],[77.583866,13.0914236],[77.5839651,13.0913687],[77.5840699,13.0913191],[77.5841528,13.0912759],[77.5844941,13.0911395],[77.5845071,13.0910422],[77.584514,13.0909517],[77.5845231,13.0908776],[77.5845473,13.0908019],[77.5847431,13.0907],[77.5851501,13.0905396],[77.585354,13.090456],[77.5856336,13.090355],[77.5861774,13.0901896],[77.5864731,13.0901017],[77.5867702,13.0900067],[77.5869158,13.0899459],[77.5872476,13.0898186],[77.5874072,13.0895439],[77.5879591,13.0892631],[77.5882514,13.0891534],[77.5885459,13.0890792],[77.5886108,13.089412],[77.5886727,13.0897258],[77.5887128,13.0899371],[77.5888066,13.0901487],[77.5889676,13.0905746],[77.5893266,13.0914079],[77.5897077,13.0916434],[77.590241,13.091919],[77.5904857,13.0921133],[77.5907419,13.0922988],[77.5909705,13.0925251],[77.591113,13.092672],[77.5911381,13.0926979],[77.5911384,13.0928089],[77.5910731,13.0928945],[77.5909851,13.0929408],[77.5908478,13.0928683],[77.5907258,13.0927997],[77.5901902,13.0924636],[77.5898976,13.0923632],[77.5897132,13.0923171],[77.5895096,13.0922804],[77.5891956,13.092244],[77.5888892,13.0922299],[77.5884714,13.0922649],[77.5880979,13.0922534],[77.5876962,13.0922309],[77.5873201,13.0921986],[77.5867514,13.0921019],[77.5862284,13.0920862],[77.5857858,13.092128],[77.5854345,13.0921803],[77.5851556,13.0921985],[77.5849731,13.0921803],[77.5844876,13.0922221],[77.5844515,13.0922213],[77.5841932,13.0922152],[77.5840712,13.0921587],[77.5839572,13.0919318],[77.5838656,13.0916989]]]}},{"type":"Feature","properties":{"osmId":"relation/16057542","kind":"lakeside_park","name":"Iblur Lake Park","nameKn":"ಇಬ್ಬಲೂರು ಕೆರೆ ಉದ್ಯಾನವನ","operator":null,"capacity":null,"capacityMld":null,"areaM2":15829,"source":"osm-2026-09"},"geometry":{"type":"Polygon","coordinates":[[[77.6654708,12.9224435],[77.6654191,12.9229187],[77.6662061,12.9230154],[77.6669857,12.922989],[77.6679265,12.9230654],[77.6680014,12.9230203],[77.6680526,12.9229702],[77.6680555,12.9228871],[77.667974,12.9226448],[77.6677583,12.9220964],[77.6669042,12.9217178],[77.6658783,12.9212347],[77.6656371,12.921133],[77.6654708,12.9224435]],[[77.6661478,12.9220409],[77.6666799,12.9218888],[77.6669961,12.9217844],[77.6673719,12.9219601],[77.667622,12.9220797],[77.6677237,12.9221541],[77.6680144,12.9228866],[77.6679902,12.9229437],[77.6679489,12.9229902],[77.6678737,12.9230095],[77.6674286,12.9229822],[77.6668257,12.9229273],[77.6663963,12.9229567],[77.6658157,12.9228973],[77.6657776,12.9228934],[77.6656431,12.9228666],[77.6655443,12.9228221],[77.6654984,12.9227692],[77.6655266,12.9226123],[77.6655956,12.9225916],[77.6658819,12.9225334],[77.6659824,12.9224762],[77.6660874,12.9223543],[77.6661478,12.9220409]]]}},{"type":"Feature","properties":{"osmId":"relation/19063724","kind":"lakeside_park","name":"Kogilu Lake Park","nameKn":null,"operator":null,"capacity":null,"capacityMld":null,"areaM2":49803,"source":"osm-2026-09"},"geometry":{"type":"Polygon","coordinates":[[[77.6166205,13.1122828],[77.6171261,13.1123912],[77.6186241,13.1124879],[77.6189678,13.1125257],[77.6197748,13.1126146],[77.6201758,13.1125767],[77.6203313,13.1124631],[77.6207913,13.1119393],[77.6209741,13.11181],[77.621496,13.1114407],[77.6216885,13.1113045],[77.6225375,13.1106919],[77.6223671,13.1105052],[77.6221016,13.1102178],[77.6213746,13.108932],[77.6208607,13.1080231],[77.620841,13.1079882],[77.620798,13.1079333],[77.6182741,13.1074004],[77.6174802,13.1069955],[77.6173541,13.1071601],[77.6174211,13.1079307],[77.617456,13.1085133],[77.6174211,13.1090984],[77.6174507,13.1097176],[77.6173782,13.1101825],[77.615836,13.1105483],[77.6153934,13.1104986],[77.6144412,13.1101538],[77.6137841,13.1100781],[77.6137626,13.1101721],[77.6147309,13.110914],[77.6149046,13.1110988],[77.6149392,13.1111356],[77.6155731,13.11181],[77.6166245,13.1119067],[77.6166205,13.1122828]],[[77.6207256,13.1080587],[77.6220077,13.1102531],[77.6223725,13.1106449],[77.6207578,13.1117891],[77.620157,13.112437],[77.6170993,13.1122593],[77.6168418,13.1117891],[77.6160264,13.1116846],[77.6158128,13.1116162],[77.615418,13.1110812],[77.615109,13.1109976],[77.6149247,13.1107998],[77.6145794,13.1106754],[77.6141043,13.1102262],[77.6154008,13.1106465],[77.61583,13.110705],[77.6169973,13.1104961],[77.6175,13.1105],[77.6177001,13.1102113],[77.6176839,13.1077291],[77.6175821,13.1074736],[77.6176679,13.1073168],[77.6180971,13.1075258],[77.6207256,13.1080587]]]}},{"type":"Feature","properties":{"osmId":"relation/19063725","kind":"lakeside_park","name":"Jakkur Lake Park","nameKn":null,"operator":null,"capacity":null,"capacityMld":null,"areaM2":99499,"source":"osm-2026-09"},"geometry":{"type":"Polygon","coordinates":[[[77.6078596,13.0944159],[77.6081239,13.0944079],[77.6083882,13.094301],[77.6085345,13.0940872],[77.6089817,13.0932992],[77.6090793,13.0928755],[77.6091185,13.0927353],[77.6092419,13.0922934],[77.6093289,13.0920146],[77.6098278,13.0911172],[77.6102275,13.0905342],[77.6108523,13.0896244],[77.6117681,13.0886105],[77.6121227,13.0884409],[77.6121615,13.0879054],[77.6127087,13.0876441],[77.6129174,13.0867398],[77.6129384,13.0866486],[77.613019,13.0862993],[77.6130066,13.0860772],[77.6134195,13.0859452],[77.6134106,13.0858766],[77.6133517,13.085423],[77.613438,13.0853209],[77.6134133,13.0851289],[77.6134626,13.0848288],[77.6135612,13.0841145],[77.6135551,13.0837244],[77.6135959,13.0835059],[77.613666,13.0831302],[77.6138447,13.0824339],[77.6139446,13.0821418],[77.6140788,13.0817497],[77.6142431,13.0815659],[77.6143685,13.0814255],[77.6145472,13.0811915],[77.6147567,13.0805972],[77.6148676,13.0804412],[77.614818,13.0803574],[77.614787,13.080286],[77.6147092,13.0802446],[77.6146331,13.0802102],[77.6145431,13.0801856],[77.6144738,13.0802067],[77.6143871,13.0802619],[77.6143376,13.0803032],[77.6142898,13.0803981],[77.6142314,13.0805756],[77.6141287,13.0809738],[77.6141057,13.0810565],[77.6140438,13.0811289],[77.6138721,13.0812392],[77.6136456,13.0813823],[77.6135336,13.081461],[77.6134258,13.081539],[77.6133338,13.0815906],[77.6131592,13.0816403],[77.6129166,13.0817161],[77.6127148,13.0817776],[77.6125901,13.0818168],[77.612295,13.0819906],[77.6122119,13.0820206],[77.6119879,13.0820402],[77.611884,13.0819527],[77.6118391,13.0818821],[77.6117807,13.0817495],[77.611721,13.081551],[77.6116781,13.0814034],[77.6116225,13.0811937],[77.6115736,13.0808877],[77.611539,13.0807432],[77.6114943,13.0806026],[77.6114049,13.0804422],[77.6113032,13.080165],[77.6112748,13.0799828],[77.6112219,13.079769],[77.6112036,13.0795274],[77.6111935,13.0794324],[77.6111833,13.0793512],[77.6111406,13.079278],[77.6106406,13.0791017],[77.6105918,13.0790978],[77.6105247,13.0791532],[77.6103723,13.0792788],[77.6102013,13.079491],[77.6101497,13.0795384],[77.6102382,13.0798205],[77.6101953,13.080202],[77.6101156,13.0808935],[77.6100799,13.0812026],[77.6100385,13.0814906],[77.6100209,13.0816128],[77.6098815,13.082036],[77.6095515,13.0829975],[77.6093933,13.0834978],[77.6094008,13.0836125],[77.6093584,13.0836882],[77.6093096,13.0838308],[77.6092283,13.0840288],[77.6092283,13.084306],[77.6092527,13.0846149],[77.6092486,13.0846567],[77.6092202,13.0849475],[77.6092109,13.085174],[77.6092039,13.0853435],[77.6091714,13.0855732],[77.6090576,13.0860325],[77.6089763,13.0862543],[77.6088815,13.0865805],[77.6086273,13.0865402],[77.6081097,13.0883888],[77.6078474,13.0883257],[77.6078351,13.0883861],[77.6078133,13.0884932],[77.6075507,13.0897829],[77.6074328,13.0900585],[77.6067907,13.0913507],[77.6065465,13.091842],[77.6059855,13.0928795],[77.6057741,13.0933586],[77.6059407,13.093418],[77.6061969,13.0934774],[77.6060952,13.0941268],[77.6074694,13.0943208],[77.6078596,13.0944159]],[[77.6089831,13.0925414],[77.6084867,13.0926743],[77.6081273,13.09269],[77.6078644,13.092643],[77.6078269,13.0927736],[77.6081541,13.0928572],[77.6086852,13.0928102],[77.6089159,13.0927475],[77.6082507,13.0941008],[77.6081058,13.0942418],[77.607725,13.0942993],[77.6062819,13.0940328],[77.6062283,13.0939283],[77.6062927,13.0931707],[77.6063785,13.092852],[77.6068237,13.0919324],[77.6072797,13.0924497],[77.6076552,13.0926848],[77.6076874,13.0925542],[77.6074031,13.092387],[77.6070812,13.0920108],[77.6068778,13.0917702],[77.6075083,13.0904827],[77.6076338,13.0902551],[77.6078925,13.0900193],[77.6083618,13.0885396],[77.6087898,13.0873631],[77.6087516,13.0871244],[77.6090271,13.0865927],[77.6091472,13.0861512],[77.6093145,13.0854139],[77.6093532,13.0847634],[77.6093774,13.0845509],[77.6095404,13.084498],[77.609639,13.0843275],[77.6096857,13.0838625],[77.6096193,13.083741],[77.6099626,13.0824978],[77.6102362,13.0817717],[77.6103024,13.0812543],[77.6102954,13.0807914],[77.6103402,13.0803993],[77.6104129,13.0799638],[77.610386,13.0797025],[77.6103006,13.0794838],[77.6103266,13.0794082],[77.6104712,13.0792741],[77.6105901,13.0791527],[77.6108001,13.0791916],[77.6109411,13.0792707],[77.6111155,13.0793398],[77.6111647,13.0795426],[77.6112108,13.0799047],[77.6113002,13.080291],[77.6114646,13.0806585],[77.6115762,13.0811685],[77.6116583,13.0815371],[77.6117779,13.0819006],[77.6119394,13.0820881],[77.6121028,13.0821103],[77.6122259,13.0820542],[77.6126264,13.0818629],[77.6131424,13.0816962],[77.6134029,13.0815939],[77.6136533,13.0814109],[77.613988,13.0812186],[77.614147,13.081019],[77.6143829,13.0803157],[77.6145623,13.0802055],[77.6146747,13.0802405],[77.6147677,13.0802872],[77.6147742,13.0803444],[77.6146692,13.0804972],[77.6145841,13.080811],[77.6143829,13.0813022],[77.6140395,13.0815781],[77.6138078,13.082155],[77.6135849,13.0829077],[77.6134342,13.0836452],[77.6133076,13.0844846],[77.6132341,13.0850189],[77.6131898,13.0852901],[77.6131292,13.0857311],[77.6130745,13.0857859],[77.6129865,13.0858518],[77.6128545,13.0859818],[77.6126389,13.0867009],[77.6126346,13.0867304],[77.6125928,13.0870178],[77.6125563,13.0871776],[77.6125105,13.0873441],[77.6124689,13.0874708],[77.6123744,13.0875557],[77.6120671,13.0877195],[77.6118243,13.0882956],[77.6116454,13.0883172],[77.6110612,13.0889685],[77.6100828,13.0903229],[77.6096193,13.0910586],[77.6089831,13.0925414]]]}},{"type":"Feature","properties":{"osmId":"relation/19063726","kind":"lakeside_park","name":"Rachenahalli Lake Park","nameKn":null,"operator":null,"capacity":null,"capacityMld":null,"areaM2":107172,"source":"osm-2026-09"},"geometry":{"type":"Polygon","coordinates":[[[77.6097683,13.0656807],[77.6114438,13.0656034],[77.6114728,13.0661443],[77.6114818,13.0670718],[77.6114881,13.0678361],[77.6129673,13.0676794],[77.6132999,13.067537],[77.6135735,13.0672783],[77.6140738,13.06613],[77.6143004,13.0655813],[77.614451,13.0654907],[77.614637,13.0653788],[77.6149374,13.0646081],[77.6154266,13.0635554],[77.6155347,13.0633228],[77.6159124,13.06251],[77.6160465,13.0623075],[77.6165012,13.062024],[77.6170698,13.0607281],[77.6172261,13.0603003],[77.6172522,13.060229],[77.6180877,13.0595118],[77.618887,13.0591002],[77.6188855,13.0590839],[77.6188451,13.0586403],[77.6180622,13.0588559],[77.6170323,13.0588977],[77.616351,13.0586156],[77.6155088,13.0584692],[77.6149241,13.0576488],[77.6146344,13.0574659],[77.6144443,13.0574699],[77.6143205,13.0575051],[77.6143339,13.0580721],[77.6143795,13.0581374],[77.6143742,13.0587044],[77.6142749,13.0591983],[77.6142454,13.0593668],[77.6139396,13.0598985],[77.6136781,13.0602747],[77.6135105,13.0604524],[77.6129284,13.0611474],[77.6124805,13.0615158],[77.6119843,13.0618137],[77.6115565,13.0621403],[77.611016,13.0624395],[77.610552,13.0626093],[77.6098278,13.0628327],[77.6092364,13.063009],[77.6095542,13.0646277],[77.6097683,13.0656807]],[[77.6145262,13.0580264],[77.6144591,13.0578717],[77.6144406,13.0577003],[77.6146226,13.0576602],[77.6146665,13.0578239],[77.6147707,13.0579698],[77.6152724,13.0585827],[77.615499,13.0587443],[77.615853,13.0587909],[77.6160896,13.0588275],[77.616288,13.0588978],[77.6165397,13.0590342],[77.6167006,13.0591122],[77.6172639,13.0591724],[77.6177607,13.0591058],[77.6184214,13.0589202],[77.6185223,13.0588911],[77.6186584,13.0590007],[77.6184285,13.0590843],[77.6180095,13.0593209],[77.6176179,13.0596344],[77.6171351,13.0601622],[77.6164289,13.0618332],[77.6162873,13.0619672],[77.6160972,13.0620728],[77.615912,13.0622009],[77.6151972,13.0637794],[77.6149424,13.0643701],[77.6146081,13.0650514],[77.6142089,13.065447],[77.6134867,13.0670427],[77.6133365,13.0672671],[77.6131488,13.067295],[77.6127524,13.0671436],[77.6122052,13.0667308],[77.6117117,13.0662944],[77.6116151,13.0661377],[77.6115883,13.0655629],[77.6114864,13.0655707],[77.6114005,13.0654009],[77.6112235,13.0651291],[77.6109547,13.0648949],[77.6107537,13.0646324],[77.6105783,13.0645101],[77.6105622,13.0644615],[77.6105955,13.0643295],[77.6105905,13.064152],[77.6105047,13.0634646],[77.610375,13.0633812],[77.6100885,13.0633638],[77.6098218,13.0634095],[77.609477,13.0634092],[77.6094611,13.0633829],[77.6094253,13.0633236],[77.6094027,13.063186],[77.6094234,13.0630839],[77.6095363,13.0630064],[77.6099886,13.0628865],[77.6105101,13.0627463],[77.6111377,13.0625059],[77.6126558,13.0616176],[77.6131895,13.0611628],[77.6135517,13.0607449],[77.6139272,13.0601753],[77.6143188,13.0594986],[77.6144207,13.0592817],[77.6145441,13.0589977],[77.6145885,13.0587375],[77.6146306,13.0583835],[77.6146148,13.0581664],[77.6145262,13.0580264]]]}},{"type":"Feature","properties":{"osmId":"relation/19069908","kind":"lakeside_park","name":"Singapura Lake Park","nameKn":null,"operator":null,"capacity":null,"capacityMld":null,"areaM2":16713,"source":"osm-2026-09"},"geometry":{"type":"Polygon","coordinates":[[[77.5375289,13.0844971],[77.5375892,13.0850196],[77.5383644,13.0861796],[77.5389043,13.0869008],[77.5400857,13.0863835],[77.5402124,13.0863102],[77.539688,13.0858791],[77.5397162,13.0857354],[77.5396492,13.0856388],[77.5395352,13.0851267],[77.538937,13.0842384],[77.538697,13.0839093],[77.5383952,13.0842672],[77.5381055,13.0844305],[77.5377649,13.0844945],[77.5375289,13.0844971]],[[77.5395486,13.0859027],[77.5394037,13.0865453],[77.5390175,13.086676],[77.5389639,13.0866368],[77.5387117,13.0863965],[77.5380278,13.0853827],[77.5378051,13.085064],[77.5377139,13.0847479],[77.5377434,13.0846355],[77.5381887,13.084518],[77.5385374,13.0843743],[77.5386715,13.0843769],[77.5388834,13.0845258],[77.5391516,13.0847792],[77.539342,13.085111],[77.5395004,13.0854507],[77.5395325,13.0857903],[77.5395486,13.0859027]]]}},{"type":"Feature","properties":{"osmId":"relation/19073062","kind":"lakeside_park","name":"Thubarahalli Lake Park","nameKn":null,"operator":null,"capacity":null,"capacityMld":null,"areaM2":30962,"source":"osm-2026-09"},"geometry":{"type":"Polygon","coordinates":[[[77.725461,12.9600557],[77.7255537,12.959986],[77.7256369,12.9599414],[77.7264157,12.9595578],[77.726613,12.9594122],[77.7266589,12.959377],[77.7267429,12.9593234],[77.726986,12.9585471],[77.727067,12.9583046],[77.7275449,12.9574067],[77.7275068,12.9572666],[77.7268623,12.9571263],[77.7267184,12.9571382],[77.7264832,12.9572508],[77.7250969,12.957233],[77.7249104,12.9571796],[77.7247564,12.9570531],[77.7245715,12.9569311],[77.7243301,12.9567691],[77.7241078,12.9567313],[77.723853,12.9568128],[77.72382,12.9568467],[77.7237478,12.956921],[77.7237748,12.9573021],[77.7238283,12.9574652],[77.7238944,12.957483],[77.7242496,12.95747],[77.7243571,12.9578098],[77.7243794,12.9579737],[77.7242577,12.9588882],[77.7241695,12.9591155],[77.7240758,12.9591142],[77.7241219,12.9601469],[77.7241908,12.960144],[77.7242527,12.9602098],[77.7242925,12.9604708],[77.7243153,12.9605654],[77.7243694,12.9606331],[77.7244422,12.9606995],[77.7246104,12.9608121],[77.7248111,12.96082],[77.7249144,12.9606778],[77.7250815,12.9603024],[77.7251494,12.9602433],[77.7251939,12.9602212],[77.725312,12.9601425],[77.725461,12.9600557]],[[77.7273569,12.9573814],[77.7273367,12.957453],[77.7272871,12.9575641],[77.7271936,12.9577399],[77.7268071,12.9583146],[77.7265056,12.959147],[77.7264748,12.9592286],[77.7264473,12.9593017],[77.7263944,12.9593875],[77.7260732,12.959579],[77.7259011,12.9596867],[77.7256647,12.9598227],[77.7254534,12.9598713],[77.7252287,12.9598624],[77.7249788,12.9598365],[77.724556,12.9598253],[77.7243077,12.9598093],[77.7242643,12.9597366],[77.7242456,12.9595575],[77.7242234,12.9594127],[77.7242461,12.959302],[77.7242865,12.9591768],[77.7243682,12.9588064],[77.7244613,12.9582306],[77.7245033,12.9579363],[77.7244896,12.9577709],[77.7243394,12.9574033],[77.7242885,12.9573627],[77.7241757,12.9573367],[77.7240121,12.9573432],[77.7239358,12.957324],[77.7239086,12.9572946],[77.7238806,12.957163],[77.7238739,12.95699],[77.7238935,12.9569718],[77.7239301,12.9569631],[77.724048,12.9569333],[77.7240629,12.9569315],[77.7242348,12.9569171],[77.7243299,12.9569581],[77.7245229,12.9571193],[77.7248651,12.9573422],[77.7250797,12.9574468],[77.7254338,12.9574154],[77.7257932,12.9574298],[77.7263028,12.957418],[77.7265589,12.9573837],[77.7267561,12.9573056],[77.726921,12.9572713],[77.7273341,12.9573304],[77.7273569,12.9573814]]]}},{"type":"Feature","properties":{"osmId":"relation/19073063","kind":"lakeside_park","name":"Munekola Lake Park","nameKn":"ಮುನ್ನೆಕೊಳಾಲ ಕೆರೆ","operator":null,"capacity":null,"capacityMld":null,"areaM2":21713,"source":"osm-2026-09"},"geometry":{"type":"Polygon","coordinates":[[[77.7081218,12.9623556],[77.7088286,12.9620877],[77.7089105,12.9619238],[77.709407,12.9609309],[77.7094951,12.9607546],[77.7097462,12.9603021],[77.7098164,12.9600296],[77.7098243,12.9599696],[77.7098277,12.9598908],[77.7098599,12.9597052],[77.7097432,12.959615],[77.7096878,12.9596369],[77.70885,12.959913],[77.7086194,12.9599443],[77.7080291,12.9599234],[77.707407,12.9599402],[77.7068928,12.9598547],[77.7065016,12.9597867],[77.7064567,12.9604205],[77.7068826,12.9604057],[77.7070141,12.9606801],[77.7070959,12.9611323],[77.7070704,12.9614264],[77.7074834,12.9620498],[77.7078992,12.9621988],[77.7081218,12.9623556]],[[77.7096855,12.9599131],[77.7095554,12.9603725],[77.7091853,12.961182],[77.7089117,12.961659],[77.7088201,12.9617907],[77.7087292,12.9618293],[77.7083793,12.9620041],[77.7081415,12.9620939],[77.7079716,12.9620276],[77.7077687,12.9619528],[77.7076238,12.9619005],[77.7075895,12.961731],[77.7074141,12.9615248],[77.7072877,12.9613454],[77.7073118,12.9611585],[77.7072451,12.9608504],[77.7071802,12.9605564],[77.7070435,12.9602674],[77.7070284,12.9602329],[77.7069774,12.9602067],[77.7069788,12.9601571],[77.7069975,12.9601035],[77.7070381,12.9600464],[77.7071109,12.9600565],[77.7071384,12.9600303],[77.7073818,12.9600845],[77.7076272,12.9600962],[77.7081817,12.9601486],[77.7088076,12.960139],[77.7096277,12.9598296],[77.7096828,12.9598716],[77.7096855,12.9599131]]]}},{"type":"Feature","properties":{"osmId":"relation/19073064","kind":"lakeside_park","name":"Seetharampalya Lake Park","nameKn":null,"operator":null,"capacity":null,"capacityMld":null,"areaM2":21339,"source":"osm-2026-09"},"geometry":{"type":"Polygon","coordinates":[[[77.7123719,12.9839438],[77.713135,12.9847167],[77.7134846,12.9849742],[77.714035,12.985154],[77.7141299,12.9851739],[77.7143801,12.9852265],[77.7145984,12.9851874],[77.714547,12.9849179],[77.7144903,12.984627],[77.7142221,12.9840154],[77.7141651,12.9835541],[77.7138871,12.9830309],[77.7137559,12.9827061],[77.7138572,12.9825428],[77.7140993,12.9823513],[77.7142441,12.982305],[77.7145275,12.9821457],[77.7149247,12.9820006],[77.7149034,12.9819768],[77.7137335,12.9814949],[77.7136946,12.9814653],[77.7136672,12.9812873],[77.7136377,12.9811032],[77.713593,12.9808281],[77.7134013,12.9808475],[77.7133421,12.9808536],[77.7126636,12.980912],[77.7123034,12.9809182],[77.7122518,12.9809317],[77.712251,12.9809622],[77.7122538,12.9813819],[77.712256,12.9820006],[77.7122707,12.9826078],[77.7122469,12.9836396],[77.7122816,12.9838541],[77.712338,12.9839101],[77.7123719,12.9839438]],[[77.7135576,12.9811748],[77.7135636,12.9812929],[77.7135818,12.9813992],[77.7136239,12.9814723],[77.7137566,12.9815674],[77.7139223,12.9816406],[77.714036,12.9816978],[77.7142343,12.9818178],[77.7143528,12.98192],[77.7143896,12.9819885],[77.7143776,12.982061],[77.7143411,12.9821115],[77.7142614,12.9821589],[77.7141424,12.9822092],[77.7139799,12.9823099],[77.7138033,12.9824274],[77.7136714,12.9825853],[77.7135765,12.9827513],[77.7134725,12.9829188],[77.7133687,12.9830368],[77.7132608,12.9831351],[77.712964,12.9833775],[77.712626,12.983644],[77.7124821,12.9837362],[77.7123887,12.9837823],[77.7123559,12.9837769],[77.7123273,12.9837595],[77.7123124,12.9837407],[77.7123066,12.983717],[77.7123158,12.9836181],[77.712316,12.9833298],[77.7123237,12.9830993],[77.7123404,12.9828834],[77.7123667,12.9828141],[77.7124106,12.9827522],[77.7124402,12.9827204],[77.7124651,12.9826913],[77.7124782,12.9826453],[77.7124716,12.9825184],[77.7124002,12.9822619],[77.7123741,12.9819316],[77.7123675,12.9816715],[77.7123737,12.9813561],[77.7123706,12.9812224],[77.7123722,12.9810686],[77.7123912,12.9810379],[77.7124478,12.9810296],[77.7125804,12.9810112],[77.7132334,12.9809504],[77.7133623,12.98094],[77.7134501,12.9809519],[77.713477,12.9809614],[77.7135089,12.9809729],[77.7135576,12.9811748]],[[77.7144506,12.9851455],[77.7144011,12.9851536],[77.7143669,12.9851361],[77.71423,12.9850687],[77.7137661,12.9849877],[77.713573,12.9849041],[77.7134442,12.9848204],[77.7133316,12.9847264],[77.7127683,12.9841566],[77.7125323,12.9839789],[77.7125205,12.9839172],[77.7127344,12.9838313],[77.7128141,12.9837697],[77.7129945,12.983536],[77.7133076,12.9832658],[77.7134682,12.983192],[77.7135343,12.9831647],[77.7136107,12.9830781],[77.7136722,12.983036],[77.713713,12.9831823],[77.7136213,12.9832327],[77.7135515,12.9833281],[77.7135408,12.9834352],[77.7135949,12.9834918],[77.713632,12.9835293],[77.7137125,12.9835345],[77.7138211,12.9834927],[77.7139127,12.9833617],[77.7139647,12.9833676],[77.7140559,12.9835602],[77.7141166,12.9837802],[77.7141298,12.9840271],[77.7141695,12.9841704],[77.7143101,12.9844548],[77.7144677,12.9849926],[77.7144755,12.9850929],[77.7144506,12.9851455]]]}},{"type":"Feature","properties":{"osmId":"relation/19074657","kind":"lakeside_park","name":"Narasipura Lake Park","nameKn":null,"operator":null,"capacity":null,"capacityMld":null,"areaM2":45020,"source":"osm-2026-09"},"geometry":{"type":"Polygon","coordinates":[[[77.5573577,13.0723084],[77.5570708,13.0724966],[77.556647,13.0726984],[77.5573504,13.0741798],[77.5579874,13.0739251],[77.5580163,13.0739239],[77.5582181,13.0739159],[77.5584984,13.0739199],[77.5589047,13.0738624],[77.5589711,13.0738585],[77.5589268,13.0736789],[77.5595324,13.0735273],[77.5596169,13.0736775],[77.5597671,13.0739186],[77.5604148,13.0737304],[77.5603558,13.0735253],[77.560317,13.0734812],[77.5602924,13.0734532],[77.5602641,13.0734211],[77.5602204,13.0731978],[77.5602171,13.0731814],[77.5601725,13.0729535],[77.5600761,13.0729775],[77.5599543,13.0730079],[77.5599306,13.0730138],[77.5599054,13.0729783],[77.559818,13.0728291],[77.5594306,13.0719644],[77.5594153,13.0719303],[77.559338,13.0715956],[77.5592152,13.0716706],[77.559122,13.071527],[77.559178,13.0714845],[77.5590026,13.0712601],[77.5587894,13.0707898],[77.5585882,13.0703222],[77.558084,13.0705194],[77.5581624,13.070856],[77.5581678,13.0711502],[77.5578835,13.0711551],[77.5578359,13.0715018],[77.5577456,13.0717531],[77.5575449,13.0720936],[77.5573577,13.0723084]],[[77.5583141,13.0711309],[77.558316,13.0710185],[77.5582811,13.0707193],[77.558316,13.0705678],[77.5584286,13.0705286],[77.558497,13.0705273],[77.5585324,13.0706162],[77.5585748,13.0708499],[77.5586308,13.0709453],[77.5587653,13.0711556],[77.5588983,13.0713896],[77.5589021,13.0714744],[77.5588256,13.071511],[77.558776,13.071588],[77.5588444,13.0717265],[77.5590962,13.0718555],[77.5592642,13.0722033],[77.5594667,13.0725633],[77.5596169,13.0729035],[77.559692,13.0731047],[77.5598502,13.0732746],[77.5601462,13.0734427],[77.5601626,13.0734744],[77.5601338,13.073504],[77.5598763,13.0736005],[77.5597959,13.0736262],[77.5597206,13.0736257],[77.5595748,13.0735069],[77.5594891,13.0734671],[77.5592914,13.0734992],[77.5590632,13.0735751],[77.5588996,13.0735972],[77.5587142,13.0736651],[77.5584423,13.0737995],[77.5581823,13.0738286],[77.5581401,13.0737996],[77.5580438,13.0736867],[77.557735,13.0726496],[77.5578077,13.072364],[77.5579955,13.0722177],[77.5581054,13.0720518],[77.5581752,13.0721262],[77.55821,13.0721981],[77.5582717,13.0722177],[77.5583549,13.072202],[77.5583562,13.0720662],[77.558324,13.071942],[77.55827,13.0718396],[77.5583053,13.0716664],[77.5583079,13.0715083],[77.5584836,13.0715423],[77.5585614,13.0715332],[77.5586486,13.0714378],[77.5586432,13.0713372],[77.558544,13.0712771],[77.5584166,13.0712157],[77.5583141,13.0711309]]]}},{"type":"Feature","properties":{"osmId":"relation/19098013","kind":"lakeside_park","name":"Konanakunte Lake Park","nameKn":null,"operator":null,"capacity":null,"capacityMld":null,"areaM2":12611,"source":"osm-2026-09"},"geometry":{"type":"Polygon","coordinates":[[[77.5688032,12.8926466],[77.5688195,12.8922849],[77.5688463,12.8920025],[77.5690556,12.8912077],[77.5692581,12.8904115],[77.5692862,12.890303],[77.5690448,12.8902377],[77.5682187,12.8902886],[77.5677209,12.8903174],[77.5677209,12.8904878],[77.5677209,12.8910369],[77.5678576,12.8918926],[77.5679616,12.8925436],[77.568157,12.8925006],[77.5686358,12.8925581],[77.5688032,12.8926466]],[[77.5678995,12.8913476],[77.5678727,12.8910521],[77.5678633,12.8907645],[77.5678655,12.8907403],[77.5678732,12.8907173],[77.5678861,12.8906965],[77.567902,12.8906803],[77.567921,12.8906678],[77.5682636,12.8906174],[77.5682935,12.8906022],[77.5683186,12.8905802],[77.5683297,12.8905658],[77.5683387,12.8905501],[77.5683461,12.8904298],[77.568352,12.8904106],[77.5683641,12.8903943],[77.568381,12.8903828],[77.5683947,12.8903782],[77.5684091,12.8903769],[77.5687082,12.8903697],[77.5687591,12.8903647],[77.5688101,12.8903671],[77.568862,12.8903774],[77.5689115,12.8903954],[77.5689577,12.8904207],[77.5689897,12.8904497],[77.5690155,12.8904841],[77.5690341,12.8905226],[77.5690437,12.8905574],[77.5690475,12.8905932],[77.5688325,12.8915425],[77.5687377,12.8918352],[77.5686921,12.8923424],[77.5686876,12.8923659],[77.5686755,12.8923867],[77.5686572,12.8924025],[77.568635,12.8924117],[77.5686109,12.8924135],[77.5685875,12.8924078],[77.5681852,12.8923019],[77.568159,12.8922812],[77.5681356,12.8922576],[77.5681154,12.8922313],[77.5680963,12.8921977],[77.5680823,12.8921617],[77.5680739,12.8921241],[77.5678995,12.8913476]]]}},{"type":"Feature","properties":{"osmId":"relation/19180502","kind":"lakeside_park","name":"Herohalli Lake Park","nameKn":null,"operator":null,"capacity":null,"capacityMld":null,"areaM2":30713,"source":"osm-2026-09"},"geometry":{"type":"Polygon","coordinates":[[[77.4890104,12.9868852],[77.4888838,12.9876818],[77.4888548,12.987864],[77.4885946,12.9884886],[77.488376,12.9888258],[77.4882959,12.9888899],[77.4878007,12.9892858],[77.4874333,12.9895498],[77.4876063,12.9896935],[77.4876854,12.9900463],[77.4884029,12.9900097],[77.488541,12.9902045],[77.488938,12.9903626],[77.4893309,12.9904161],[77.4894033,12.9906893],[77.4896649,12.9905455],[77.4905272,12.9904449],[77.4910569,12.9903665],[77.4919179,12.9901247],[77.492398,12.9899849],[77.4926206,12.9898333],[77.4926461,12.9898046],[77.4926367,12.9891629],[77.4926206,12.9887709],[77.4915571,12.988554],[77.4909872,12.988337],[77.490373,12.9879241],[77.4903716,12.9870499],[77.4899384,12.9869466],[77.489657,12.986928],[77.4890104,12.9868852]],[[77.4881464,12.9898935],[77.4881752,12.9898398],[77.4880914,12.9897684],[77.4880285,12.9898322],[77.4879813,12.9895438],[77.4880154,12.9894416],[77.4884057,12.9890766],[77.4887594,12.9886223],[77.4889611,12.9881245],[77.4890135,12.9877672],[77.489134,12.9872413],[77.4891916,12.9871597],[77.4893461,12.9870907],[77.4893776,12.9869886],[77.4894247,12.9869657],[77.4900194,12.9870499],[77.4901814,12.987093],[77.4902499,12.9871112],[77.4902892,12.9871494],[77.4902997,12.9872005],[77.490284,12.9879816],[77.490318,12.9880224],[77.4903678,12.9880454],[77.4906612,12.98827],[77.4911301,12.9885227],[77.4918033,12.9887576],[77.4918505,12.9887856],[77.4918871,12.9888265],[77.4918871,12.9891558],[77.4918924,12.9892068],[77.4919212,12.9892477],[77.4920836,12.9892426],[77.4924687,12.9893013],[77.4924785,12.9893608],[77.4925211,12.9896178],[77.492527,12.9897348],[77.4925316,12.9898271],[77.4924923,12.9898628],[77.4923534,12.9899317],[77.49162,12.9901308],[77.4915571,12.989919],[77.4913292,12.9899649],[77.4913842,12.9901819],[77.4908498,12.9902942],[77.4898779,12.9903733],[77.489671,12.9903555],[77.4895662,12.9901028],[77.4895059,12.9900364],[77.4894116,12.9899904],[77.4892571,12.98997],[77.4891497,12.9899751],[77.4891051,12.9900032],[77.4890266,12.9901998],[77.4888065,12.9901819],[77.4887017,12.990141],[77.4885891,12.989919],[77.4885,12.9898679],[77.4881464,12.9898935]]]}},{"type":"Feature","properties":{"osmId":"relation/19180503","kind":"lakeside_park","name":"Srigandakaval Lake Park","nameKn":null,"operator":null,"capacity":null,"capacityMld":null,"areaM2":14762,"source":"osm-2026-09"},"geometry":{"type":"Polygon","coordinates":[[[77.5006217,12.9831164],[77.5001979,12.9833307],[77.4996936,12.9846375],[77.5002515,12.9847054],[77.5008631,12.9846218],[77.5012788,12.9847551],[77.5016999,12.9843657],[77.5016812,12.9842323],[77.5012869,12.9841043],[77.5009006,12.9836077],[77.5005466,12.9834457],[77.5006217,12.9831164]],[[77.5003602,12.9837377],[77.500395,12.9837162],[77.5005385,12.9837097],[77.5006673,12.9837868],[77.500843,12.9838965],[77.5010562,12.9841069],[77.5011072,12.9842102],[77.5011595,12.9843043],[77.5011219,12.9843879],[77.5010173,12.9843996],[77.5008523,12.9844127],[77.5006297,12.9844219],[77.5002757,12.9844088],[77.5001389,12.9843278],[77.5001241,12.9842703],[77.5001469,12.9841906],[77.5002234,12.9840311],[77.5003602,12.9837377]]]}},{"type":"Feature","properties":{"osmId":"relation/19293160","kind":"lakeside_park","name":"Mahadevapura Lake Park","nameKn":null,"operator":null,"capacity":null,"capacityMld":null,"areaM2":31827,"source":"osm-2026-09"},"geometry":{"type":"Polygon","coordinates":[[[77.693639,12.9880397],[77.6936212,12.9874937],[77.693617,12.9870982],[77.6936365,12.9866501],[77.6936737,12.9861874],[77.6936857,12.9860551],[77.6937031,12.9858633],[77.6938506,12.9857494],[77.6939875,12.9856437],[77.6944622,12.9854843],[77.6944596,12.9843422],[77.6942676,12.9845413],[77.6938401,12.9849489],[77.6936353,12.9850735],[77.6935587,12.9851213],[77.6927973,12.9855967],[77.6927718,12.9858398],[77.6926584,12.9860292],[77.6921166,12.98622],[77.6918552,12.9863507],[77.6913335,12.9865565],[77.69095,12.9864733],[77.6908098,12.9864022],[77.6907366,12.9863651],[77.690488,12.9868404],[77.6906772,12.9871867],[77.6910384,12.9879254],[77.6911846,12.9884102],[77.6914404,12.9887191],[77.691575,12.9888905],[77.6915929,12.9889133],[77.6916104,12.9889356],[77.6916458,12.9890011],[77.6918046,12.9893043],[77.6921206,12.9891983],[77.6930938,12.9888088],[77.6935173,12.9886881],[77.6936572,12.9886809],[77.6937382,12.988662],[77.6940212,12.9886206],[77.6941283,12.9886337],[77.6938925,12.9882064],[77.6939017,12.9881267],[77.693639,12.9880397]],[[77.6935646,12.9866061],[77.6935494,12.9879443],[77.6935629,12.9880377],[77.6935824,12.9883613],[77.6935929,12.9885648],[77.6935085,12.9885784],[77.6932685,12.9886103],[77.6929849,12.9887175],[77.6927355,12.988815],[77.692471,12.9888984],[77.6922358,12.9889365],[77.6919798,12.9890303],[77.691883,12.9890501],[77.6916294,12.9887422],[77.6914059,12.9884844],[77.69132,12.9881846],[77.6911169,12.9877738],[77.6909646,12.9875075],[77.6908207,12.9871961],[77.6907311,12.9870616],[77.690695,12.9869189],[77.6908613,12.9866135],[77.6911663,12.9866994],[77.691532,12.9866883],[77.6919056,12.9865373],[77.6921749,12.9864183],[77.6926518,12.9862291],[77.6927749,12.9861901],[77.6928234,12.9861478],[77.69291,12.9860041],[77.6929492,12.985962],[77.693009,12.9858698],[77.6930868,12.985796],[77.6931669,12.9856911],[77.6932965,12.9854244],[77.693431,12.9853482],[77.6935147,12.9853884],[77.6935295,12.9854375],[77.6935318,12.9854719],[77.693552,12.9855261],[77.6935743,12.9857487],[77.693571,12.9860394],[77.693536,12.9861461],[77.6934982,12.9862142],[77.6934944,12.9862786],[77.693502,12.9863577],[77.6935284,12.986457],[77.6935646,12.9866061]]]}},{"type":"Feature","properties":{"osmId":"relation/19357326","kind":"lakeside_park","name":"Horamavu Lake Park","nameKn":null,"operator":null,"capacity":null,"capacityMld":null,"areaM2":39594,"source":"osm-2026-09"},"geometry":{"type":"Polygon","coordinates":[[[77.6666826,13.0247011],[77.666527,13.0248109],[77.6661327,13.0256759],[77.6661006,13.0261175],[77.666236,13.0262638],[77.6662923,13.0262194],[77.6662199,13.0261136],[77.666633,13.0258013],[77.6672003,13.0251532],[77.6675329,13.0248592],[77.6677501,13.0245417],[77.6681538,13.0240779],[77.6682805,13.0239316],[77.6684797,13.0237016],[77.6686232,13.0235409],[77.66849,13.0234045],[77.6686446,13.0230587],[77.6689075,13.0226864],[77.6689102,13.0223401],[77.6685575,13.0222722],[77.6675436,13.0223035],[77.6671319,13.0223819],[77.6666303,13.0225387],[77.6665565,13.0223754],[77.6659664,13.0223035],[77.6659249,13.0223649],[77.6654729,13.0226929],[77.6650867,13.0230143],[77.6650988,13.0232809],[77.6651739,13.0235356],[77.6655614,13.0235748],[77.6659061,13.0236768],[77.6661113,13.0238153],[77.6664372,13.0241184],[77.6665471,13.0243065],[77.6666826,13.0247011]],[[77.6684837,13.0224093],[77.6685722,13.022591],[77.6685897,13.0227282],[77.6685481,13.0228327],[77.6683094,13.0233201],[77.6682517,13.0236376],[77.6681176,13.0238087],[77.6676455,13.0243013],[77.6673424,13.024756],[77.6672539,13.024854],[77.6665619,13.0256275],[77.6664224,13.0257464],[77.6663271,13.0257434],[77.6663983,13.0256236],[77.6667738,13.0252512],[77.6669522,13.0248161],[77.6669589,13.0245966],[77.6668341,13.0242791],[77.666574,13.0238074],[77.6662065,13.0234873],[77.6659115,13.0233384],[77.6658779,13.0232926],[77.6659664,13.0231332],[77.6664372,13.0227517],[77.6670326,13.0225256],[77.6676884,13.0224381],[77.6682061,13.0224342],[77.6684837,13.0224093]]]}},{"type":"Feature","properties":{"osmId":"relation/19357371","kind":"lakeside_park","name":"Lake Park","nameKn":null,"operator":null,"capacity":null,"capacityMld":null,"areaM2":16264,"source":"osm-2026-09"},"geometry":{"type":"Polygon","coordinates":[[[77.6860817,13.0281558],[77.6865208,13.0276719],[77.6865323,13.0276593],[77.6868488,13.0274672],[77.6870566,13.0274202],[77.6871278,13.027415],[77.6874268,13.027445],[77.6877218,13.0274541],[77.6879137,13.0275952],[77.6879498,13.0280342],[77.6884259,13.0279637],[77.6880799,13.0266793],[77.6876575,13.0267473],[77.6868971,13.0254838],[77.6866463,13.0256249],[77.6864961,13.0262063],[77.686427,13.0265366],[77.6863231,13.0270831],[77.6862158,13.0270674],[77.6861192,13.0273614],[77.6860189,13.0275297],[77.6859114,13.0277102],[77.6858215,13.0279559],[77.6858912,13.0282342],[77.6860817,13.0281558]],[[77.6862024,13.027803],[77.6861861,13.0278515],[77.6861612,13.0278964],[77.6861286,13.0279363],[77.6861013,13.0279609],[77.6860709,13.027982],[77.6860547,13.027987],[77.6860377,13.0279868],[77.6860215,13.0279815],[77.6860079,13.0279715],[77.685998,13.0279577],[77.6859932,13.0279415],[77.6859918,13.0279036],[77.6859951,13.0278549],[77.6860039,13.0278069],[77.6860213,13.0277255],[77.6860468,13.0276462],[77.6860708,13.0275894],[77.686099,13.0275344],[77.6861313,13.0274816],[77.6863767,13.0271876],[77.6864344,13.027104],[77.6865001,13.0267852],[77.6866047,13.0261606],[77.6866113,13.0261389],[77.6866216,13.0261186],[77.6866356,13.0261005],[77.6866512,13.0260861],[77.6866691,13.0260744],[77.6870553,13.0260535],[77.687081,13.0260587],[77.6871049,13.0260691],[77.6871235,13.0260819],[77.6871393,13.0260978],[77.6871519,13.0261162],[77.6875475,13.0267538],[77.6875606,13.0267794],[77.6875787,13.0268019],[77.6876011,13.0268204],[77.6876257,13.0268337],[77.6876524,13.026842],[77.6876803,13.0268453],[77.6877365,13.0268544],[77.6877906,13.026872],[77.6878412,13.0268975],[77.6878859,13.0269295],[77.6879251,13.0269677],[77.6879579,13.0270112],[77.6880026,13.0270858],[77.6880433,13.0271625],[77.6880799,13.0272412],[77.6881144,13.0273275],[77.688144,13.0274156],[77.6881684,13.0275051],[77.68818,13.027521],[77.688185,13.0275398],[77.6881828,13.0275591],[77.6881737,13.0275764],[77.6881589,13.0275895],[77.6881403,13.0275966],[77.6881214,13.0275969],[77.6881034,13.027591],[77.6880886,13.0275795],[77.6880786,13.0275639],[77.6880355,13.0275208],[77.6879887,13.0274816],[77.6879343,13.027444],[77.6878765,13.0274116],[77.6878157,13.0273849],[77.6876952,13.0273486],[77.6875727,13.0273192],[77.6874487,13.0272969],[77.6873235,13.0272817],[77.6872032,13.0272738],[77.6870826,13.0272725],[77.6869621,13.0272777],[77.6868421,13.0272895],[77.68676,13.0273123],[77.6866803,13.0273422],[77.6866038,13.0273791],[77.686531,13.0274227],[77.6864626,13.0274724],[77.6863984,13.0275286],[77.6863399,13.0275903],[77.6862874,13.027657],[77.6862415,13.0277281],[77.6862024,13.027803]]]}},{"type":"Feature","properties":{"osmId":"relation/19425228","kind":"lakeside_park","name":"Lake Park","nameKn":null,"operator":null,"capacity":null,"capacityMld":null,"areaM2":15710,"source":"osm-2026-09"},"geometry":{"type":"Polygon","coordinates":[[[77.661051,12.8668247],[77.6615515,12.8666802],[77.6616293,12.8665638],[77.6616991,12.8665207],[77.6616749,12.8663742],[77.6614805,12.8663873],[77.6614487,12.8663863],[77.6614176,12.8663801],[77.6613879,12.866369],[77.6613617,12.866354],[77.6613382,12.8663351],[77.6613182,12.8663128],[77.6612055,12.8661598],[77.6608241,12.8655096],[77.6607001,12.8652981],[77.6606543,12.8650161],[77.660819,12.864343],[77.6608818,12.8634847],[77.6604129,12.8631821],[77.6604079,12.863329],[77.6603834,12.8640418],[77.6600401,12.8648184],[77.6598068,12.8653662],[77.6597692,12.865697],[77.659796,12.8665664],[77.6598412,12.8671444],[77.6598704,12.8671375],[77.661051,12.8668247]],[[77.6613594,12.8664448],[77.6613892,12.8664496],[77.6614163,12.8664627],[77.6614381,12.8664831],[77.6614528,12.8665088],[77.661459,12.8665377],[77.6614568,12.8665644],[77.6614472,12.8665896],[77.661431,12.8666114],[77.6614094,12.866628],[77.6613839,12.8666384],[77.6609051,12.8667822],[77.6600146,12.8669783],[77.6599952,12.8669825],[77.6599753,12.8669817],[77.6599563,12.8669758],[77.6599395,12.8669652],[77.6599258,12.8669501],[77.6599168,12.8669319],[77.6599133,12.866912],[77.6599154,12.866892],[77.6598859,12.8666017],[77.6598752,12.8655166],[77.6599355,12.8653426],[77.6604009,12.8643242],[77.6604144,12.8642877],[77.6604338,12.8642538],[77.6604585,12.8642235],[77.6604869,12.8641983],[77.6605189,12.8641777],[77.6605422,12.8641604],[77.6605694,12.8641497],[77.6605985,12.8641462],[77.6606275,12.8641503],[77.6606494,12.8641588],[77.6606689,12.8641716],[77.6606852,12.8641882],[77.6606967,12.864215],[77.660704,12.8642431],[77.6607068,12.8642791],[77.6607026,12.864315],[77.660488,12.8650106],[77.6604817,12.8650522],[77.6604813,12.8650943],[77.6604859,12.8651299],[77.6604948,12.8651648],[77.6605779,12.8653806],[77.6610312,12.8661507],[77.6610481,12.866202],[77.661072,12.8662507],[77.6611023,12.8662958],[77.6611369,12.8663351],[77.6611765,12.8663697],[77.6612203,12.8663991],[77.6612885,12.866426],[77.6613594,12.8664448]]]}},{"type":"Feature","properties":{"osmId":"relation/19427512","kind":"lakeside_park","name":"Parappana Agrahara Lake Park","nameKn":null,"operator":null,"capacity":null,"capacityMld":null,"areaM2":25896,"source":"osm-2026-09"},"geometry":{"type":"Polygon","coordinates":[[[77.6616307,12.8773747],[77.660362,12.8775264],[77.6600428,12.87741],[77.659556,12.8773878],[77.6596767,12.8778205],[77.6599127,12.87835],[77.6601286,12.8791005],[77.6602158,12.8796116],[77.6601876,12.879996],[77.6601554,12.880749],[77.6603204,12.8808013],[77.6605618,12.8806771],[77.6607147,12.8800705],[77.6615596,12.8794953],[77.6622167,12.8792887],[77.6622529,12.8792971],[77.6622858,12.879314],[77.6623133,12.8793384],[77.662331,12.8793636],[77.6623428,12.879392],[77.6623481,12.8794221],[77.6624635,12.8797254],[77.6626307,12.8799018],[77.6628053,12.8799451],[77.6629865,12.8799764],[77.6631528,12.8799764],[77.6627505,12.8792626],[77.6621953,12.8785566],[77.6618814,12.8779474],[77.6616307,12.8773747]],[[77.6616105,12.8777748],[77.6616575,12.8777617],[77.6617548,12.8779882],[77.6619136,12.8783579],[77.6621202,12.8786926],[77.6623991,12.8790285],[77.6625372,12.8791658],[77.662615,12.8793358],[77.6627592,12.8795881],[77.6627628,12.8796171],[77.6627587,12.879646],[77.662747,12.8796729],[77.6627287,12.8796959],[77.6627049,12.8797136],[77.6626776,12.8797246],[77.6626484,12.8797285],[77.6626191,12.879725],[77.6625917,12.8797144],[77.6625679,12.8796974],[77.6625493,12.879675],[77.6624568,12.8795208],[77.6623756,12.8792815],[77.6623464,12.8792496],[77.6623119,12.8792231],[77.662273,12.8792031],[77.6622366,12.8791913],[77.6621988,12.8791851],[77.6621604,12.8791848],[77.6620169,12.8792194],[77.6614322,12.8794155],[77.6607656,12.8798287],[77.6607142,12.8798537],[77.6606673,12.8798861],[77.660626,12.8799251],[77.6605913,12.8799699],[77.6605673,12.8800123],[77.6605493,12.8800575],[77.6605375,12.8801047],[77.6605323,12.8801529],[77.6605175,12.8804784],[77.6604518,12.8805922],[77.6603767,12.8806288],[77.6603634,12.8806312],[77.66035,12.8806294],[77.6603378,12.8806235],[77.6603273,12.8806131],[77.6603212,12.8805998],[77.6603202,12.8805852],[77.6603244,12.8805712],[77.6603365,12.8803764],[77.660307,12.8800208],[77.6603284,12.8796391],[77.6602024,12.8789253],[77.6599368,12.8779866],[77.6616105,12.8777748]]]}},{"type":"Feature","properties":{"osmId":"relation/19470040","kind":"lakeside_park","name":"Thalaghattapura Lake Park","nameKn":null,"operator":null,"capacity":null,"capacityMld":null,"areaM2":32660,"source":"osm-2026-09"},"geometry":{"type":"Polygon","coordinates":[[[77.5296485,12.8655532],[77.5296003,12.8656891],[77.5297478,12.8659192],[77.5299972,12.8662173],[77.5302601,12.866471],[77.5304076,12.866607],[77.53048,12.8667952],[77.530472,12.8668711],[77.5303432,12.867075],[77.5303379,12.867143],[77.5308126,12.867666],[77.531046,12.8682125],[77.5310958,12.868283],[77.5312418,12.8684896],[77.5314914,12.8687771],[77.5316432,12.8689601],[77.5319428,12.8689379],[77.5320111,12.8688381],[77.5319883,12.8683721],[77.5321021,12.8680874],[77.5323146,12.8676473],[77.5323525,12.8672332],[77.5323297,12.8665823],[77.532307,12.8662495],[77.5330239,12.8660794],[77.5329404,12.865754],[77.532747,12.8657022],[77.5323866,12.8657207],[77.5322154,12.8653976],[77.5321108,12.8654133],[77.5317648,12.8655283],[77.5313061,12.865646],[77.5305846,12.8657114],[77.5300589,12.8656068],[77.5296485,12.8655532]],[[77.5299047,12.8657514],[77.5299704,12.8657807],[77.5300671,12.8658619],[77.5303675,12.8659247],[77.5307966,12.8659247],[77.5310649,12.8659247],[77.5314296,12.865841],[77.5317086,12.8657573],[77.5318694,12.8656918],[77.5320547,12.8656615],[77.5320927,12.8657096],[77.5321116,12.865913],[77.5321685,12.8664529],[77.5321685,12.8667487],[77.5321002,12.8669521],[77.5320813,12.8672036],[77.5320089,12.8676006],[77.5319333,12.8678322],[77.5317892,12.8679136],[77.531315,12.8679912],[77.5311785,12.867884],[77.5308902,12.8675068],[77.5306057,12.8670963],[77.5305716,12.8670224],[77.5306588,12.8667746],[77.5306209,12.8666674],[77.5304881,12.8664825],[77.5302492,12.8662384],[77.5301354,12.8660683],[77.5299865,12.8659572],[77.5298897,12.8658085],[77.5299047,12.8657514]]]}},{"type":"Feature","properties":{"osmId":"relation/19509694","kind":"lakeside_park","name":"Doddakammanahalli Lake Park","nameKn":null,"operator":null,"capacity":null,"capacityMld":null,"areaM2":19852,"source":"osm-2026-09"},"geometry":{"type":"Polygon","coordinates":[[[77.6022462,12.8578133],[77.60229,12.8577296],[77.6023708,12.8575757],[77.6025115,12.8570386],[77.6026893,12.8563676],[77.6030585,12.8562654],[77.6040795,12.8564387],[77.6043712,12.8565809],[77.6047815,12.8571053],[77.604859,12.857403],[77.6049573,12.8574036],[77.6050159,12.8571279],[77.604965,12.8564271],[77.6048954,12.8555899],[77.6049684,12.8550167],[77.604745,12.8541367],[77.6041524,12.8540612],[77.6034788,12.8540526],[77.603218,12.8553855],[77.6031451,12.8554433],[77.6029316,12.855517],[77.6028397,12.8555677],[77.6026346,12.8558255],[77.6022972,12.8560432],[77.6020876,12.8563321],[77.6018369,12.8565587],[77.6019007,12.8571942],[77.6017548,12.8574519],[77.6017834,12.8577712],[77.6022238,12.8578078],[77.6022462,12.8578133]],[[77.6046334,12.8542354],[77.6046592,12.8542826],[77.6047043,12.8546125],[77.6048268,12.855109],[77.6047817,12.8553761],[77.604772,12.8557563],[77.6047817,12.856146],[77.6048429,12.8565796],[77.6048989,12.8569453],[77.6048655,12.8569724],[77.6048213,12.8569657],[77.6045722,12.8565702],[77.60444,12.8564571],[77.6042627,12.8563691],[77.6040339,12.8563125],[77.6034086,12.8561585],[77.6031153,12.8561334],[77.6028284,12.8561648],[77.6025899,12.8562528],[77.6025329,12.8563433],[77.6023883,12.8568189],[77.6022391,12.8573686],[77.6021753,12.8575019],[77.6020517,12.8576103],[77.6019389,12.8576386],[77.6018586,12.8576011],[77.6018422,12.857516],[77.6018486,12.8574092],[77.6019389,12.8573149],[77.6020001,12.8571987],[77.6019904,12.8569159],[77.6019614,12.856633],[77.6020001,12.8565356],[77.6022193,12.8563439],[77.6023417,12.8561303],[77.6024997,12.8559983],[77.6026673,12.8559103],[77.6028767,12.8556564],[77.6029541,12.8555584],[77.6032668,12.8554861],[77.6033216,12.8553918],[77.6035246,12.8541789],[77.6035601,12.8541443],[77.6038566,12.8541317],[77.6046334,12.8542354]]]}},{"type":"Feature","properties":{"osmId":"relation/19509696","kind":"lakeside_park","name":"Begur Lake Park","nameKn":null,"operator":null,"capacity":null,"capacityMld":null,"areaM2":64941,"source":"osm-2026-09"},"geometry":{"type":"Polygon","coordinates":[[[77.62952,12.8686292],[77.6294117,12.8693036],[77.6291975,12.8694235],[77.6289832,12.8703701],[77.6288465,12.8706589],[77.6288237,12.8710366],[77.6287394,12.8711521],[77.6284814,12.8715618],[77.6284226,12.8721431],[77.6283223,12.872934],[77.6284089,12.8731562],[77.6283998,12.8734939],[77.6283861,12.8745826],[77.628336,12.875187],[77.6281719,12.875658],[77.6279622,12.8760579],[77.6274927,12.87684],[77.627397,12.8771332],[77.6275018,12.8775732],[77.6273457,12.8775911],[77.6273537,12.8776708],[77.6274815,12.8776925],[77.6277913,12.8777453],[77.6277884,12.877824],[77.6281945,12.8778649],[77.6288649,12.8779874],[77.6300607,12.8781319],[77.630686,12.8782168],[77.6309438,12.8782168],[77.6313177,12.8783613],[77.6317529,12.8784713],[77.6319914,12.8785059],[77.6323749,12.8785059],[77.6325812,12.8785844],[77.63281,12.8789049],[77.6329841,12.8790903],[77.6332387,12.8791154],[77.6333129,12.8791751],[77.6333934,12.8787824],[77.6331388,12.8780597],[77.6329293,12.8779183],[77.6328995,12.877759],[77.6328691,12.8770285],[77.6328841,12.8765615],[77.6329873,12.8757754],[77.6331904,12.8755366],[77.6336029,12.874872],[77.633532,12.8745138],[77.6336803,12.8737534],[77.6333773,12.8732193],[77.6325241,12.8722174],[77.6322645,12.872255],[77.6318407,12.8710626],[77.6317602,12.8706051],[77.6319909,12.8698415],[77.632289,12.8697169],[77.6318754,12.8697546],[77.6316931,12.8693858],[77.631529,12.8685815],[77.631513,12.8684226],[77.6313869,12.8682179],[77.6312292,12.8682412],[77.6307276,12.8683511],[77.6306096,12.8683484],[77.6305479,12.8683145],[77.63041,12.8686503],[77.6302831,12.8686804],[77.6298673,12.8686427],[77.6295386,12.868561],[77.62952,12.8686292]],[[77.6289217,12.8710322],[77.6289519,12.8708156],[77.6292227,12.8698163],[77.6294741,12.8693576],[77.629632,12.8687983],[77.6297448,12.8687166],[77.6298963,12.8687197],[77.6304305,12.8687348],[77.6305353,12.8687126],[77.6305854,12.8686548],[77.6305946,12.868477],[77.6306948,12.8684059],[77.6311142,12.8683926],[77.6312965,12.8683571],[77.6313968,12.8686015],[77.6315609,12.8693524],[77.631725,12.8696857],[77.6318663,12.8698679],[77.6318572,12.869979],[77.6316931,12.8705656],[77.6317022,12.8709033],[77.6316521,12.87093],[77.6308498,12.8707522],[77.6297786,12.8707744],[77.6289217,12.8710322]],[[77.6275144,12.8769929],[77.6282083,12.8758868],[77.6284727,12.8751981],[77.6285286,12.8740385],[77.6285023,12.8733102],[77.6284558,12.8728329],[77.6285071,12.8723988],[77.6286522,12.8715257],[77.6288649,12.8712177],[77.6297867,12.8708658],[77.6307537,12.8708407],[77.6317182,12.8710281],[77.6321722,12.8723997],[77.6323745,12.8724208],[77.632721,12.8728074],[77.6330081,12.8733451],[77.633309,12.8741672],[77.6332224,12.8748248],[77.6329744,12.8753151],[77.6327295,12.8757581],[77.6326811,12.8761226],[77.632711,12.8770278],[77.6327417,12.8778149],[77.6325586,12.8781304],[77.6326199,12.8782184],[77.6325425,12.8782938],[77.632427,12.8783147],[77.6318617,12.8783374],[77.6315541,12.8782797],[77.6312259,12.8781708],[77.6312195,12.8781352],[77.631206,12.8781014],[77.631186,12.8780709],[77.6311603,12.8780448],[77.6311298,12.8780241],[77.6310958,12.8780096],[77.6310595,12.878002],[77.6310193,12.8780016],[77.63098,12.8780096],[77.6309432,12.8780255],[77.6309108,12.8780487],[77.6305055,12.8780565],[77.6297217,12.8779409],[77.6297071,12.8779068],[77.6296846,12.8778771],[77.6296555,12.8778535],[77.6296215,12.8778373],[77.6295845,12.8778295],[77.629549,12.8778302],[77.6295146,12.8778387],[77.6294831,12.8778544],[77.6294559,12.8778766],[77.6294345,12.8779042],[77.6280716,12.8777131],[77.6277389,12.8775976],[77.627685,12.8775282],[77.627638,12.8774543],[77.6275981,12.8773765],[77.6275656,12.8772954],[77.6275434,12.8772216],[77.6275274,12.8771462],[77.6275177,12.8770698],[77.6275144,12.8769929]]]}},{"type":"Feature","properties":{"osmId":"relation/19509698","kind":"lakeside_park","name":"Basapura Lake Park","nameKn":null,"operator":null,"capacity":null,"capacityMld":null,"areaM2":15873,"source":"osm-2026-09"},"geometry":{"type":"Polygon","coordinates":[[[77.6457802,12.8686181],[77.6456904,12.8685998],[77.6455774,12.8685767],[77.6452902,12.8685181],[77.6451922,12.8684759],[77.6449301,12.8684515],[77.6443102,12.8682204],[77.6439352,12.867974],[77.6438977,12.8679493],[77.6437062,12.8678582],[77.6431114,12.8674339],[77.6429225,12.8674497],[77.6426687,12.867471],[77.6431435,12.8678188],[77.6433119,12.8682049],[77.6429613,12.8690795],[77.6428189,12.8691994],[77.642559,12.8694666],[77.6426261,12.8697142],[77.6433255,12.8697394],[77.6433179,12.8695225],[77.6441708,12.8694022],[77.6442111,12.8694833],[77.6458096,12.8692663],[77.6458577,12.8692224],[77.6457802,12.8686181]],[[77.6431935,12.8696334],[77.6427584,12.8696166],[77.6427203,12.8695868],[77.6427337,12.8695005],[77.6429965,12.8692887],[77.643085,12.8691998],[77.6431387,12.8690246],[77.6432165,12.8687553],[77.6434552,12.8681839],[77.6434552,12.8680323],[77.6432272,12.8677721],[77.6431078,12.8676544],[77.6431494,12.8675917],[77.6442706,12.8682846],[77.6446863,12.8684598],[77.6449948,12.8685566],[77.6450833,12.8685775],[77.645153,12.8691292],[77.6450779,12.8691815],[77.6448875,12.8691371],[77.6448043,12.8691371],[77.6446005,12.8693149],[77.6444288,12.8693332],[77.6442492,12.8692526],[77.643252,12.8694164],[77.6432192,12.8694629],[77.643219,12.869616],[77.6431935,12.8696334]],[[77.6451808,12.8686948],[77.6452332,12.8686259],[77.6453563,12.8686192],[77.6453631,12.8688747],[77.6453743,12.8688909],[77.6453912,12.8689011],[77.645411,12.8689036],[77.645427,12.8688995],[77.6454406,12.8688903],[77.6454501,12.868877],[77.6454543,12.8688614],[77.6454429,12.868637],[77.6456435,12.8686792],[77.6456959,12.868737],[77.645721,12.8691058],[77.6456435,12.8690947],[77.6456321,12.8688947],[77.645626,12.86888],[77.645615,12.8688682],[77.6456004,12.868861],[77.6455842,12.8688592],[77.6455652,12.8688647],[77.6455503,12.8688776],[77.6455425,12.8688954],[77.6455432,12.8689147],[77.6455546,12.8690836],[77.6452743,12.8691325],[77.6452423,12.8691014],[77.6451808,12.8686948]]]}},{"type":"Feature","properties":{"osmId":"relation/19509699","kind":"lakeside_park","name":"Arekere Lake Park","nameKn":null,"operator":null,"capacity":null,"capacityMld":null,"areaM2":37902,"source":"osm-2026-09"},"geometry":{"type":"Polygon","coordinates":[[[77.5965353,12.8842355],[77.5970135,12.8841084],[77.5970758,12.8840918],[77.5973174,12.8840207],[77.5985071,12.8839896],[77.5992273,12.8839363],[77.5995236,12.8839496],[77.6005948,12.8842295],[77.6012922,12.8843984],[77.6015018,12.884425],[77.6015565,12.8841895],[77.6014379,12.8840449],[77.6008403,12.8838938],[77.6006174,12.883786],[77.6005629,12.8836297],[77.6006175,12.8834297],[77.600605,12.8830276],[77.6005948,12.882701],[77.6006722,12.8823144],[77.6005629,12.8820656],[77.6003304,12.88211],[77.5999794,12.8822477],[77.5996467,12.8822344],[77.5993185,12.8820833],[77.5990632,12.8820567],[77.5990769,12.8819056],[77.5981197,12.8818612],[77.5970945,12.8818568],[77.5970268,12.8816055],[77.5967841,12.8816679],[77.5961968,12.881673],[77.5961259,12.8817673],[77.5964752,12.8838275],[77.5965353,12.8842355]],[[77.5964972,12.8824904],[77.5964691,12.8823688],[77.5964275,12.8822277],[77.5963846,12.8821557],[77.5963551,12.8819897],[77.5963927,12.8819618],[77.5964342,12.8819309],[77.5965348,12.8818851],[77.5968124,12.8818655],[77.596909,12.881906],[77.5969291,12.8819753],[77.5969116,12.8820969],[77.596866,12.8822224],[77.5968191,12.8823505],[77.5966997,12.882493],[77.5965764,12.8825532],[77.5965187,12.8825414],[77.5964972,12.8824904]],[[77.5965529,12.8826761],[77.5967331,12.8825813],[77.5968971,12.8823895],[77.596973,12.8821988],[77.5969988,12.8820056],[77.5970573,12.8819242],[77.597208,12.8819766],[77.597951,12.8820002],[77.5982621,12.8819819],[77.598415,12.8819662],[77.5986144,12.8820564],[77.5990319,12.8821573],[77.5992237,12.8821871],[77.5993119,12.8822675],[77.5994235,12.8822982],[77.5994745,12.8823349],[77.5995992,12.8823492],[77.5996958,12.8823309],[77.6000147,12.8823349],[77.6003671,12.8821942],[77.6004793,12.8822105],[77.6004964,12.8822956],[77.6004273,12.8827534],[77.600357,12.8835648],[77.6003549,12.8838995],[77.6006506,12.8840245],[77.6010125,12.8841547],[77.601343,12.884268],[77.6013251,12.8842952],[77.601309,12.8843198],[77.6010734,12.8842295],[77.600673,12.8841282],[77.5998589,12.8838633],[77.5994997,12.8838145],[77.5992293,12.8837884],[77.598601,12.8838358],[77.5978377,12.8838568],[77.5975951,12.8838434],[77.5975688,12.8836011],[77.597495,12.8834853],[77.597318,12.8833938],[77.5969961,12.883216],[77.5966744,12.8831164],[77.5965529,12.8826761]]]}},{"type":"Feature","properties":{"osmId":"relation/19522877","kind":"lakeside_park","name":"Kalkere Lake Park","nameKn":null,"operator":null,"capacity":null,"capacityMld":null,"areaM2":128692,"source":"osm-2026-09"},"geometry":{"type":"Polygon","coordinates":[[[77.6656789,13.0452193],[77.6646602,13.045112],[77.6646046,13.0450482],[77.6610074,13.0447641],[77.6610687,13.0452296],[77.6591268,13.0453289],[77.6582363,13.0457313],[77.6581451,13.0459351],[77.6580352,13.0461233],[77.657716,13.0461546],[77.6573753,13.0460187],[77.657032,13.0459586],[77.6562032,13.0462278],[77.6556601,13.0465439],[77.6555863,13.0467412],[77.6560607,13.0471353],[77.656641,13.047769],[77.6568201,13.0478975],[77.6585475,13.0487571],[77.6599923,13.0490291],[77.6622114,13.0496647],[77.6622094,13.049596],[77.6621962,13.0491547],[77.6629825,13.0486278],[77.6631166,13.0486408],[77.6648799,13.04914],[77.6662492,13.0490661],[77.6665679,13.0492028],[77.6673531,13.0495871],[77.6678007,13.0495834],[77.6694166,13.0495908],[77.6696328,13.0496906],[77.6707328,13.0505774],[77.671304,13.0510382],[77.6715696,13.0514981],[77.6716166,13.0515881],[77.6716394,13.051613],[77.6718328,13.0516536],[77.6720775,13.0515446],[77.672436,13.0513285],[77.6722321,13.0510382],[77.6718801,13.0510905],[77.6717111,13.0510317],[77.6713663,13.0506707],[77.6711203,13.0504372],[77.6707287,13.049912],[77.6706429,13.0497004],[77.6703586,13.0494287],[77.6700421,13.0489975],[77.6698811,13.0483181],[77.6697229,13.047597],[77.6696478,13.0473775],[77.6694734,13.0470247],[77.6692991,13.0463793],[77.6691999,13.0458384],[77.6691757,13.0456764],[77.6690657,13.0453995],[77.6688485,13.045355],[77.6687372,13.0453537],[77.668518,13.0453469],[77.6682463,13.0453942],[77.6680639,13.0451904],[77.6675704,13.0448351],[77.6673449,13.0448246],[77.6673344,13.0450545],[77.666865,13.0451591],[77.6660228,13.0456033],[77.665717,13.0456111],[77.6656789,13.0452193]],[[77.6699817,13.0491386],[77.6708186,13.0502152],[77.6714086,13.0508736],[77.6717627,13.0511454],[77.6722026,13.0511558],[77.6722777,13.0513335],[77.6718056,13.0515477],[77.6716554,13.0514955],[77.6713228,13.0509259],[77.6700354,13.0498075],[77.6694667,13.0494626],[77.6674819,13.0494731],[77.6665163,13.0490237],[77.6663232,13.0489505],[77.6649713,13.0490237],[77.6630509,13.0484906],[77.6621067,13.049055],[77.662096,13.049494],[77.6600253,13.0489087],[77.6587057,13.0486683],[77.6587164,13.0481143],[77.6587486,13.0474036],[77.6586306,13.0469124],[77.6582014,13.0462435],[77.6583624,13.0458986],[77.6593172,13.0455118],[77.6610768,13.0454073],[77.6619565,13.0450624],[77.6644993,13.0452296],[77.6656043,13.0457],[77.665894,13.0457418],[77.6664197,13.0455745],[77.6672888,13.0451983],[77.667793,13.045261],[77.6680827,13.0455327],[77.6688317,13.0455051],[77.668933,13.0455013],[77.6690134,13.0456242],[77.6690885,13.0461076],[77.669287,13.0470143],[77.6694855,13.0473226],[77.6697054,13.0480464],[77.6699817,13.0491386]]]}},{"type":"Feature","properties":{"osmId":"relation/19734168","kind":"lakeside_park","name":"Lake Park","nameKn":null,"operator":null,"capacity":null,"capacityMld":null,"areaM2":17283,"source":"osm-2026-09"},"geometry":{"type":"Polygon","coordinates":[[[77.6927268,13.0056867],[77.692861,13.0057181],[77.6936334,13.0067321],[77.6938212,13.0071502],[77.6938645,13.0071832],[77.6939124,13.0072095],[77.6939637,13.0072286],[77.6940174,13.00724],[77.6940722,13.0072435],[77.694127,13.0072391],[77.6941806,13.0072267],[77.6942317,13.0072067],[77.6942792,13.0071795],[77.694322,13.0071457],[77.6943592,13.007106],[77.6943898,13.0070614],[77.6942611,13.0066223],[77.6940626,13.0061467],[77.6940465,13.0059899],[77.6944005,13.0053575],[77.6946419,13.0049289],[77.6946764,13.0048862],[77.6947156,13.0048477],[77.6947591,13.0048138],[77.6948063,13.004785],[77.6948565,13.0047616],[77.6949184,13.0047415],[77.6949824,13.0047297],[77.6950412,13.0047202],[77.6951286,13.0046987],[77.6951721,13.0047094],[77.6951713,13.0047307],[77.6953568,13.0047725],[77.6954734,13.0046727],[77.695393,13.0044584],[77.6951569,13.004265],[77.6950175,13.0041344],[77.6947278,13.0037267],[77.6944596,13.0037528],[77.6943818,13.0037972],[77.694235,13.0038556],[77.6940626,13.0038443],[77.6938587,13.0039148],[77.6935127,13.0039985],[77.6931292,13.0040821],[77.692987,13.0040926],[77.6928744,13.0041631],[77.6928261,13.0043774],[77.6927268,13.0056867]],[[77.6946661,13.0038364],[77.6946981,13.0038656],[77.6947251,13.0038992],[77.6947473,13.0039384],[77.6947626,13.0039805],[77.6947707,13.0040246],[77.6947952,13.0040844],[77.6948275,13.0041405],[77.6948673,13.0041919],[77.6949106,13.0042351],[77.6949591,13.0042728],[77.6950121,13.0043042],[77.6953474,13.0045003],[77.6953125,13.0046649],[77.6952186,13.0046361],[77.6950926,13.0046048],[77.6950288,13.0045937],[77.6949641,13.0045902],[77.6948994,13.0045943],[77.6948313,13.0046071],[77.6947653,13.0046283],[77.6947082,13.0046545],[77.6946543,13.0046866],[77.6946043,13.0047242],[77.6945588,13.0047668],[77.6945129,13.0048212],[77.6944742,13.0048808],[77.6944435,13.0049445],[77.6940707,13.0056126],[77.6939607,13.0058801],[77.693938,13.0059327],[77.6939236,13.005988],[77.6939177,13.0060448],[77.6939201,13.0060982],[77.69393,13.0061508],[77.6939473,13.0062016],[77.6940867,13.0065465],[77.6940931,13.0065732],[77.6940949,13.0066005],[77.6940919,13.0066277],[77.6940865,13.0066476],[77.6940787,13.0066668],[77.6938373,13.0067321],[77.6938138,13.006736],[77.6937901,13.0067342],[77.6937675,13.0067269],[77.693749,13.0067156],[77.6937335,13.0067005],[77.6937219,13.0066824],[77.693435,13.0062643],[77.6932767,13.00605],[77.6929569,13.0056574],[77.6929387,13.005629],[77.6929245,13.0055986],[77.6929146,13.0055665],[77.6929085,13.0055262],[77.6929092,13.0054855],[77.6929066,13.0053444],[77.6929656,13.0043487],[77.692975,13.0043085],[77.6929932,13.0042713],[77.6930192,13.0042389],[77.6930477,13.0042155],[77.6930803,13.0041979],[77.6931158,13.0041866],[77.6934162,13.0041344],[77.6941082,13.003954],[77.6946661,13.0038364]]]}},{"type":"Feature","properties":{"osmId":"relation/19796501","kind":"lakeside_park","name":"Vibuthipura Lake Park","nameKn":null,"operator":null,"capacity":null,"capacityMld":null,"areaM2":58546,"source":"osm-2026-09"},"geometry":{"type":"Polygon","coordinates":[[[77.6780183,12.9660095],[77.6773692,12.9661023],[77.6772284,12.9661362],[77.677223,12.9660931],[77.6765658,12.9662306],[77.676639,12.9665701],[77.6762648,12.9666695],[77.6760972,12.9666917],[77.6759309,12.9666852],[77.6758124,12.9667047],[77.6753659,12.9667785],[77.6752509,12.9667975],[77.6752523,12.9668511],[77.6750109,12.9668747],[77.674752,12.9668498],[77.6746186,12.9668544],[77.6742786,12.9670511],[77.6742826,12.967106],[77.6740406,12.9672419],[77.674037,12.9674318],[77.6739179,12.9674157],[77.6736517,12.9673765],[77.6736121,12.9673569],[77.6735739,12.967393],[77.6735692,12.9673974],[77.6735893,12.9675242],[77.6739112,12.9674837],[77.6739522,12.967512],[77.6740117,12.9675801],[77.6742024,12.9679547],[77.6743692,12.9682528],[77.6748399,12.968639],[77.6751511,12.9693127],[77.6754735,12.9693133],[77.6758973,12.969248],[77.67591,12.969277],[77.6759617,12.969265],[77.6763318,12.9692624],[77.6768361,12.9693068],[77.6779702,12.9691649],[77.6779388,12.9699587],[77.6780186,12.9699489],[77.6780029,12.9698439],[77.6780082,12.9696636],[77.6782845,12.9696819],[77.6786399,12.9695643],[77.67877,12.9695721],[77.6787941,12.9691304],[77.6792876,12.9691225],[77.6797637,12.9690912],[77.6799354,12.9690702],[77.6801392,12.9690912],[77.6802211,12.9691147],[77.6804678,12.9692833],[77.6808393,12.9692297],[77.6810123,12.9692467],[77.681192,12.9692558],[77.6816145,12.9692192],[77.682287,12.9693793],[77.6823719,12.9693493],[77.6820785,12.9690101],[77.6821016,12.9688861],[77.6818679,12.9688287],[77.6816605,12.9687777],[77.6814513,12.9686993],[77.6807367,12.9686051],[77.680547,12.9685435],[77.679854,12.9685155],[77.6795305,12.9685863],[77.6791992,12.9686055],[77.6788436,12.9686309],[77.6787361,12.9686302],[77.6786343,12.9686075],[77.6785009,12.9684712],[77.6784392,12.9684829],[77.6784273,12.9684571],[77.6784139,12.9684298],[77.6783985,12.968013],[77.6783569,12.9679123],[77.678318,12.9678509],[77.6782188,12.9674497],[77.6781812,12.9671217],[77.6781571,12.9669034],[77.6781557,12.96648],[77.6780096,12.9664721],[77.6780183,12.9660095]],[[77.6779106,12.9662514],[77.6779304,12.9663519],[77.6779171,12.966513],[77.6779077,12.9669155],[77.6779184,12.9671779],[77.6779413,12.9673781],[77.6780297,12.9678382],[77.6781155,12.9682237],[77.6783066,12.9685026],[77.6783314,12.9685894],[77.6782812,12.9686618],[77.6780283,12.9689918],[77.6779426,12.9690575],[77.6778781,12.9690846],[77.6777709,12.9690885],[77.6769917,12.9691434],[77.6760837,12.9691853],[77.6760435,12.9691709],[77.676018,12.9691304],[77.6759871,12.9690703],[77.6759456,12.9690376],[77.6758893,12.9690558],[77.6758718,12.9691134],[77.6758437,12.9691434],[77.6756492,12.9691839],[77.6754601,12.9692127],[77.6753569,12.9692035],[77.6752563,12.9691291],[77.6750994,12.9688494],[77.6748177,12.9685109],[77.6749425,12.9684142],[77.6749479,12.968341],[77.6748976,12.9682728],[77.6747936,12.9682652],[77.6747131,12.9683959],[77.6745381,12.968328],[77.6743271,12.9679147],[77.6742305,12.9677184],[77.6741552,12.9674954],[77.6741958,12.9674657],[77.6742089,12.9673295],[77.6743591,12.9672667],[77.6744878,12.9671413],[77.6745562,12.9670668],[77.6746809,12.9670106],[77.6748693,12.9669891],[77.6748787,12.9671043],[77.6747829,12.967136],[77.6746541,12.9674967],[77.6747721,12.967549],[77.6748848,12.9675124],[77.6749554,12.9671759],[77.6749265,12.9671299],[77.6749005,12.9671075],[77.6748921,12.9669876],[77.675153,12.9670001],[77.6754051,12.9668903],[77.6761227,12.9668498],[77.6766913,12.9668093],[77.6767838,12.9667897],[77.676824,12.9667583],[77.6769568,12.9665061],[77.677056,12.9664342],[77.6772961,12.9663153],[77.677508,12.9662669],[77.6778044,12.9662225],[77.6778701,12.9662238],[77.6779106,12.9662514]]]}},{"type":"Feature","properties":{"osmId":"relation/19908854","kind":"lakeside_park","name":"Kodigehalli Lake Park","nameKn":null,"operator":null,"capacity":null,"capacityMld":null,"areaM2":69007,"source":"osm-2026-09"},"geometry":{"type":"Polygon","coordinates":[[[77.7261686,12.9972662],[77.7252835,12.9971617],[77.725254,12.9978098],[77.7243286,12.9983194],[77.7243018,12.9984057],[77.724385,12.99862],[77.7245841,12.9986827],[77.7253551,12.9990013],[77.7253714,12.998989],[77.726128,12.9991763],[77.726377,12.9993192],[77.7274856,12.9999607],[77.7274561,12.9999842],[77.7274567,13.0001228],[77.7278343,13.0003945],[77.7286363,13.0010087],[77.7290279,13.0015679],[77.7293819,13.0019626],[77.7295187,13.0021456],[77.7295375,13.0025193],[77.7295804,13.0029531],[77.7295268,13.0033817],[77.7297105,13.0033699],[77.7299653,13.0031674],[77.7301463,13.002893],[77.7301463,13.0024409],[77.7303985,13.0016987],[77.7308518,13.0010139],[77.7311173,13.0004965],[77.7310261,12.9988082],[77.7309297,12.9988176],[77.7300069,12.9989075],[77.729744,12.9983743],[77.7294162,12.9980459],[77.7294164,12.9978046],[77.7280328,12.9977471],[77.7276358,12.9977785],[77.7266756,12.9976007],[77.7264669,12.9973246],[77.7263913,12.9973694],[77.7263242,12.9973106],[77.7263163,12.9973083],[77.7261686,12.9972662]],[[77.7259467,12.9989788],[77.7267515,12.9977808],[77.7268091,12.9977746],[77.7270575,12.9978214],[77.7273549,12.9978997],[77.7277175,12.9979246],[77.7287429,12.9978918],[77.729138,12.9980202],[77.7293194,12.9982025],[77.7295853,12.9984364],[77.7297118,12.9987298],[77.7298801,12.9990154],[77.7299044,12.9990929],[77.729936,12.9991678],[77.7299748,12.9992395],[77.7300203,12.9993073],[77.7300699,12.9993682],[77.7301249,12.9994243],[77.730185,12.9994755],[77.7302495,12.9995211],[77.730318,12.9995608],[77.7304353,12.9996116],[77.7306077,12.9996863],[77.7308838,12.9997232],[77.7309066,13.0001131],[77.730897,13.0003407],[77.7309091,13.0004683],[77.7308625,13.0005826],[77.7307549,13.000724],[77.7306292,13.0009078],[77.7304736,13.0011745],[77.7303344,13.0014255],[77.7301397,13.0019175],[77.7300489,13.0021702],[77.7299377,13.0024163],[77.7299304,13.0025565],[77.7299467,13.0026958],[77.7299529,13.0028696],[77.7299015,13.0029912],[77.7298708,13.0030689],[77.7296616,13.0032311],[77.7296459,13.003203],[77.7297209,13.0030261],[77.7297029,13.0027224],[77.729661,13.002575],[77.7296463,13.0024606],[77.7296393,13.0023605],[77.7296669,13.0022611],[77.7296224,13.0021045],[77.7294829,13.0019097],[77.7293339,13.001773],[77.7291759,13.0015644],[77.728923,13.0011835],[77.7287326,13.0008593],[77.7283114,13.0005637],[77.7281411,13.0004681],[77.7279886,13.0003608],[77.7279294,13.0003158],[77.7276805,12.9999768],[77.7272606,12.9996842],[77.7266952,12.9994022],[77.7264271,12.9992219],[77.7262139,12.9990881],[77.7259467,12.9989788]]]}},{"type":"Feature","properties":{"osmId":"relation/19963642","kind":"lakeside_park","name":"Benniganahalli Lake Park","nameKn":null,"operator":null,"capacity":null,"capacityMld":null,"areaM2":28916,"source":"osm-2026-09"},"geometry":{"type":"Polygon","coordinates":[[[77.6685864,12.9971703],[77.6686701,12.9971591],[77.6686755,12.996963],[77.6685923,12.9968794],[77.6663071,12.9960143],[77.6656151,12.9957922],[77.6654541,12.9958209],[77.6653066,12.9958993],[77.6645744,12.995787],[77.6645261,12.9954551],[77.6644054,12.9954498],[77.6643786,12.995834],[77.6642097,12.9962329],[77.6641239,12.9964357],[77.6637724,12.9972662],[77.6643786,12.997653],[77.6662454,12.998573],[77.6665976,12.9987116],[77.66639,12.9982566],[77.6666689,12.9977732],[77.6672331,12.9973845],[77.6679109,12.9972771],[77.6685864,12.9971703]],[[77.6646172,12.9958997],[77.6648482,12.9959699],[77.6653471,12.9959961],[77.6656735,12.9960023],[77.6661515,12.9962104],[77.6668911,12.9964048],[77.6676369,12.9966453],[77.6682707,12.9968637],[77.6682592,12.9969327],[77.6682001,12.9969955],[77.6679803,12.9970059],[77.6674062,12.9970739],[77.6671842,12.997112],[77.6669374,12.9972401],[77.6664889,12.9975182],[77.6663333,12.997675],[77.6661035,12.9982068],[77.6660659,12.9982905],[77.6657807,12.9981379],[77.6655993,12.99805],[77.6644129,12.9974084],[77.6640811,12.9972349],[77.6640489,12.9971565],[77.6640524,12.9970119],[77.664424,12.9961141],[77.6646172,12.9958997]]]}},{"type":"Feature","properties":{"osmId":"relation/19983078","kind":"lakeside_park","name":"Kattigenahalli Lake Park","nameKn":null,"operator":null,"capacity":null,"capacityMld":null,"areaM2":29580,"source":"osm-2026-09"},"geometry":{"type":"Polygon","coordinates":[[[77.6304352,13.1144484],[77.6285094,13.1133721],[77.6277423,13.113009],[77.6276404,13.1126538],[77.6268357,13.1125049],[77.6271361,13.1126668],[77.6274312,13.1132259],[77.6274732,13.1136167],[77.6275116,13.113973],[77.627458,13.1149761],[77.6274204,13.1154306],[77.627002,13.115859],[77.6263797,13.1162874],[77.6262295,13.1164232],[77.6266587,13.1164441],[77.6266587,13.1163449],[77.6276189,13.1160837],[77.6291317,13.1158433],[77.6294428,13.115603],[77.630285,13.1154828],[77.6303601,13.1150753],[77.6304352,13.1144484]],[[77.6284534,13.1134918],[77.6287541,13.1136708],[77.6291892,13.1139075],[77.6294096,13.1140347],[77.6297034,13.1142045],[77.6300322,13.1143866],[77.6301477,13.114559],[77.630169,13.1150175],[77.6301749,13.1151447],[77.6301494,13.1153181],[77.6300622,13.1153719],[77.6297219,13.1153993],[77.6294156,13.1154542],[77.6292922,13.1154957],[77.6291441,13.1156031],[77.628988,13.1156462],[77.6287565,13.1156977],[77.6280323,13.1158317],[77.6273755,13.1159657],[77.6272219,13.1158786],[77.6273172,13.1157571],[77.6276335,13.1154604],[77.6277129,13.1152282],[77.6278079,13.1148636],[77.6278245,13.1140078],[77.6277129,13.1134561],[77.6276135,13.1131645],[77.62769,13.1131253],[77.6277837,13.1131588],[77.6282871,13.1134028],[77.6284534,13.1134918]]]}},{"type":"Feature","properties":{"osmId":"relation/20611396","kind":"lakeside_park","name":"Lakshmipura Lake Park","nameKn":null,"operator":null,"capacity":null,"capacityMld":null,"areaM2":15166,"source":"osm-2026-09"},"geometry":{"type":"Polygon","coordinates":[[[77.5292462,13.0862632],[77.5296271,13.0863233],[77.5304881,13.086386],[77.5309977,13.0862475],[77.5312579,13.0860359],[77.5314698,13.0856806],[77.5313544,13.0854219],[77.5310379,13.08497],[77.5306544,13.0842358],[77.5306115,13.0843299],[77.5305551,13.0843717],[77.5303271,13.0843273],[77.5300589,13.0849726],[77.5296298,13.0854742],[77.5291765,13.0859314],[77.5292087,13.0861064],[77.5292462,13.0862632]],[[77.5294137,13.0861924],[77.5293948,13.0861652],[77.5293842,13.086134],[77.529383,13.0861012],[77.5293901,13.0860717],[77.5294048,13.086045],[77.5294259,13.0860228],[77.5295922,13.0858504],[77.5300026,13.0853514],[77.5303513,13.0849099],[77.5306034,13.0845519],[77.5306128,13.0845305],[77.5306298,13.084514],[77.5306519,13.0845051],[77.5306758,13.0845049],[77.5306936,13.084511],[77.5307087,13.084522],[77.5307197,13.0845369],[77.5307257,13.0845543],[77.5309387,13.0850144],[77.531105,13.085239],[77.5313178,13.0855078],[77.5313388,13.0855396],[77.5313529,13.0855748],[77.5313596,13.0856121],[77.5313585,13.0856499],[77.5313488,13.0856895],[77.5313307,13.0857263],[77.5313049,13.0857584],[77.5312975,13.0857695],[77.5312868,13.0857778],[77.531274,13.0857825],[77.5312576,13.0857825],[77.5312425,13.0857767],[77.5312306,13.0857658],[77.5312238,13.0857513],[77.531223,13.0857354],[77.5311103,13.0855682],[77.5311025,13.0855517],[77.5310916,13.0855369],[77.5310767,13.0855235],[77.5310594,13.0855134],[77.53102,13.0855169],[77.5309816,13.0855264],[77.5309406,13.0855442],[77.5309036,13.0855689],[77.5308716,13.0855996],[77.5307697,13.0857433],[77.5307406,13.0857861],[77.5307053,13.0858243],[77.5306634,13.0858576],[77.5306168,13.0858844],[77.5305959,13.0858929],[77.5305793,13.0859079],[77.5305705,13.0859228],[77.530566,13.0859394],[77.5305663,13.0859567],[77.5305712,13.0859732],[77.5305766,13.0861613],[77.5305665,13.086184],[77.530552,13.0862043],[77.5305337,13.0862214],[77.5305101,13.0862357],[77.5304839,13.0862447],[77.5304563,13.086248],[77.5304287,13.0862454],[77.5304022,13.086237],[77.5296351,13.0862057],[77.5294137,13.0861924]]]}},{"type":"Feature","properties":{"osmId":"relation/20742796","kind":"lakeside_park","name":"Doddanekundi Lake Park","nameKn":null,"operator":null,"capacity":null,"capacityMld":null,"areaM2":75068,"source":"osm-2026-09"},"geometry":{"type":"Polygon","coordinates":[[[77.6917645,12.9756683],[77.6916929,12.9756347],[77.6917317,12.9755524],[77.6920086,12.9756521],[77.6918793,12.9752831],[77.6918766,12.9747892],[77.6917586,12.9741096],[77.6915842,12.9733908],[77.6914515,12.9727086],[77.6913857,12.9724028],[77.6913348,12.9720996],[77.6913375,12.9719349],[77.6914448,12.9717389],[77.6917049,12.9717441],[77.691713,12.9714409],[77.6905838,12.9713782],[77.6904818,12.9713991],[77.6906336,12.971682],[77.6907071,12.9718905],[77.6905784,12.9723976],[77.6905274,12.9724598],[77.6904697,12.9725162],[77.6904058,12.9725659],[77.6903368,12.9726085],[77.6902632,12.9726433],[77.6901909,12.9726685],[77.6901163,12.9726863],[77.6900402,12.9726964],[77.6899635,12.9726987],[77.6898869,12.9726932],[77.689827,12.9726492],[77.689384,12.972645],[77.6891672,12.9725372],[77.6890753,12.9724598],[77.6886687,12.9722867],[77.6872337,12.9716004],[77.6868904,12.9711247],[77.686657,12.9702465],[77.6866892,12.9701602],[77.6864237,12.9699563],[77.6859994,12.9699108],[77.686115,12.9703151],[77.6862627,12.9705496],[77.6863405,12.9708947],[77.6865873,12.9717598],[77.6867855,12.9722996],[77.6868244,12.9727126],[77.686881,12.973132],[77.6868682,12.9732235],[77.6868509,12.973253],[77.6866493,12.9733456],[77.6861163,12.9736886],[77.6856441,12.9741059],[77.6857477,12.9742638],[77.6856378,12.9744258],[77.6854312,12.9746715],[77.684986,12.9749878],[77.6843423,12.9753616],[77.684361,12.9754609],[77.6842756,12.9757915],[77.6842261,12.9758679],[77.6838966,12.976084],[77.684046,12.9763566],[77.684141,12.9764666],[77.684214,12.9765538],[77.684294,12.9766527],[77.6845461,12.9773584],[77.6846588,12.9775754],[77.6848733,12.9781269],[77.6851764,12.9780249],[77.6856056,12.978234],[77.6859757,12.9784379],[77.6869521,12.9791854],[77.687003,12.9792821],[77.6884568,12.9784745],[77.6888806,12.9782602],[77.6891139,12.9778864],[77.6892588,12.9774708],[77.6895162,12.9772173],[77.6905784,12.9764306],[77.691426,12.9761012],[77.6915896,12.9759967],[77.6917645,12.9756683]],[[77.6872217,12.9789946],[77.6870647,12.9789998],[77.6869011,12.9788901],[77.6867187,12.9787751],[77.6864505,12.9785607],[77.6861849,12.9783333],[77.6856171,12.9780521],[77.6853655,12.9778955],[77.6849973,12.9776412],[77.684829,12.977495],[77.6845521,12.9768409],[77.6844666,12.9766727],[77.6842327,12.9764935],[77.6840185,12.9761306],[77.68437,12.9759154],[77.6844482,12.9756373],[77.6844972,12.9755596],[77.6847661,12.9753367],[77.6852609,12.9750819],[77.6854916,12.9749983],[77.6856621,12.9748628],[77.6858443,12.9745905],[77.6859088,12.9744629],[77.6859285,12.9741268],[77.6860388,12.9739478],[77.6862601,12.9737972],[77.6865646,12.9735943],[77.6869528,12.9733314],[77.6870165,12.9732355],[77.6869869,12.9728681],[77.6869264,12.9723518],[77.6868877,12.9721872],[77.6867633,12.9718178],[77.6869685,12.9717038],[77.6871211,12.9716735],[77.6875851,12.9719916],[77.688238,12.9723152],[77.6888602,12.9725928],[77.6889821,12.9726626],[77.689125,12.972781],[77.6892304,12.9728105],[77.689401,12.9728367],[77.6896472,12.9728447],[77.689947,12.9728443],[77.6902032,12.9728095],[77.6904312,12.972718],[77.6907058,12.9724708],[77.6910465,12.9724867],[77.6912282,12.9724847],[77.6912906,12.9727794],[77.6913429,12.9731069],[77.691422,12.9734477],[77.6915943,12.9740539],[77.6916905,12.9747199],[77.6917077,12.9751127],[77.6916808,12.9753113],[77.6916205,12.9754865],[77.6914589,12.9757336],[77.6913375,12.975873],[77.6903926,12.9762721],[77.6900972,12.9765136],[77.6899179,12.9766432],[77.6893352,12.9770954],[77.6891222,12.9772935],[77.6890177,12.9775882],[77.6887787,12.9779465],[77.6885868,12.9782288],[77.688497,12.9783059],[77.6882958,12.9784314],[77.6872217,12.9789946]]]}},{"type":"Feature","properties":{"osmId":"relation/20750735","kind":"lakeside_park","name":"Ramapura Lake Park","nameKn":null,"operator":null,"capacity":null,"capacityMld":null,"areaM2":122842,"source":"osm-2026-09"},"geometry":{"type":"Polygon","coordinates":[[[77.6808286,13.0465335],[77.6807735,13.0465503],[77.6807559,13.0465556],[77.6806864,13.0465858],[77.6806253,13.0466206],[77.6805684,13.0466615],[77.6802948,13.0469176],[77.6802652,13.0469579],[77.6802408,13.0470014],[77.680222,13.0470474],[77.680209,13.0470953],[77.6802026,13.0471377],[77.6802008,13.0471805],[77.6802036,13.0472233],[77.6802626,13.047691],[77.6803324,13.0483547],[77.6803565,13.0485925],[77.6804048,13.0489165],[77.680437,13.0492484],[77.6804494,13.0492825],[77.6804674,13.0493141],[77.6804906,13.0493424],[77.6805243,13.0493708],[77.680563,13.0493921],[77.6807374,13.0494417],[77.6809707,13.049507],[77.6810164,13.0495384],[77.6813972,13.0506045],[77.6816024,13.0507077],[77.6819833,13.050594],[77.6820771,13.0505418],[77.6839453,13.0501851],[77.6845729,13.050172],[77.6848559,13.0501877],[77.6850624,13.0501707],[77.6855467,13.0500191],[77.6872471,13.0495619],[77.6877557,13.0495156],[77.6880974,13.0495149],[77.6897496,13.0496743],[77.6902699,13.0498415],[77.6910236,13.0501707],[77.6915494,13.0504451],[77.6919195,13.0505339],[77.692198,13.0506316],[77.6925408,13.0509009],[77.692754,13.0509994],[77.6928102,13.0507884],[77.6927027,13.0503432],[77.6923513,13.0500584],[77.6916861,13.0497344],[77.6912731,13.0490603],[77.6907259,13.0483965],[77.6903826,13.0476022],[77.6902592,13.0468131],[77.6900339,13.0463846],[77.6900178,13.0460606],[77.6902914,13.0457993],[77.6904309,13.0455014],[77.6904845,13.0451669],[77.6907956,13.0445921],[77.6923728,13.0440067],[77.6937032,13.0441322],[77.6938426,13.0441426],[77.6938404,13.0433984],[77.6918989,13.0434836],[77.6913497,13.0437086],[77.690685,13.0439303],[77.6906119,13.0439878],[77.6905261,13.0440283],[77.6903062,13.044076],[77.6899883,13.0442524],[77.6896208,13.0442497],[77.6894841,13.0442315],[77.6889825,13.0440303],[77.6885131,13.0437585],[77.6879713,13.0435259],[77.6878757,13.0435022],[77.6877782,13.0434871],[77.6876798,13.0434807],[77.6875811,13.0434832],[77.6874831,13.0434946],[77.6873841,13.0435153],[77.6872874,13.0435451],[77.6871941,13.0435836],[77.6871049,13.0436305],[77.6870794,13.0435177],[77.6870768,13.0436109],[77.6865068,13.0438852],[77.6862545,13.0441378],[77.685237,13.0449733],[77.6850792,13.0451245],[77.6850357,13.0450859],[77.684872,13.0451591],[77.6838836,13.0456239],[77.6836183,13.0458738],[77.6830789,13.0463819],[77.6829422,13.0464708],[77.6829043,13.0464792],[77.6821053,13.0465048],[77.6808286,13.0465335]],[[77.6859437,13.0446131],[77.6866744,13.0440446],[77.6872699,13.0437637],[77.6873627,13.0437351],[77.6874576,13.0437142],[77.687554,13.043701],[77.6876512,13.0436957],[77.6877485,13.0436984],[77.6878452,13.0437089],[77.6879293,13.0437245],[77.6880119,13.0437462],[77.6880926,13.0437737],[77.6881711,13.0438068],[77.6892252,13.0442916],[77.6893136,13.0443298],[77.6894046,13.0443616],[77.6894978,13.0443868],[77.6895927,13.0444052],[77.6897024,13.0444178],[77.6898128,13.0444214],[77.6899231,13.0444159],[77.6900326,13.0444013],[77.690345,13.0442576],[77.6905408,13.0442507],[77.6906636,13.0445284],[77.6906356,13.0446169],[77.6905616,13.0447123],[77.6903799,13.0449526],[77.6902603,13.045445],[77.6900876,13.0457209],[77.6897537,13.0459934],[77.6900092,13.0468037],[77.6901852,13.0474267],[77.6904362,13.0483182],[77.6908611,13.0488064],[77.6916141,13.0498269],[77.6916191,13.0499186],[77.6914501,13.0501263],[77.691367,13.0501446],[77.6905382,13.0497605],[77.6897657,13.0494835],[77.6887625,13.0493424],[77.6885946,13.0493144],[77.6884255,13.0492941],[77.6882556,13.0492815],[77.6880853,13.0492767],[77.687915,13.0492797],[77.6877593,13.0492893],[77.6876042,13.0493053],[77.68745,13.0493278],[77.6872969,13.0493568],[77.6871452,13.0493921],[77.685501,13.0498441],[77.6850128,13.0499826],[77.6846293,13.0499565],[77.6840258,13.0500009],[77.6839026,13.0498674],[77.6837867,13.049728],[77.6836783,13.0495829],[77.6835777,13.0494325],[77.6834851,13.0492774],[77.6834009,13.0491177],[77.6833252,13.0489541],[77.6832583,13.0487869],[77.6832003,13.0486166],[77.6831514,13.0484436],[77.6831123,13.0482718],[77.6830822,13.0480984],[77.6830612,13.0479237],[77.6830492,13.0477482],[77.6830463,13.0475723],[77.6830525,13.0473965],[77.6830678,13.0472213],[77.6830921,13.047047],[77.6831255,13.0468741],[77.6831677,13.0467031],[77.6832188,13.0465344],[77.6832785,13.0463684],[77.6838766,13.0458469],[77.6847843,13.0454618],[77.6852821,13.0451273],[77.6859437,13.0446131]],[[77.6826337,13.046638],[77.6826739,13.0465988],[77.6829529,13.046591],[77.6830253,13.046625],[77.6830253,13.0467321],[77.6830146,13.0469254],[77.6829839,13.0470426],[77.6829593,13.0471611],[77.6829409,13.0472807],[77.6829287,13.047401],[77.6829225,13.0475391],[77.6829245,13.0476774],[77.6829348,13.0478153],[77.6829532,13.0479524],[77.6829797,13.0480882],[77.6830069,13.0482673],[77.6830415,13.0484453],[77.6830834,13.0486217],[77.6831326,13.0487963],[77.6831962,13.0489893],[77.6832686,13.0491793],[77.6833498,13.0493659],[77.6835604,13.049656],[77.6838554,13.0500649],[77.6833311,13.0501812],[77.6832315,13.050043],[77.6831394,13.0499],[77.6830548,13.0497527],[77.6829776,13.0496003],[77.6829085,13.0494442],[77.6828477,13.049285],[77.6827954,13.0491228],[77.6827517,13.0489583],[77.6826993,13.0487704],[77.6826531,13.0485809],[77.6826134,13.04839],[77.6825801,13.048198],[77.6825503,13.0479809],[77.6825287,13.0477628],[77.6825154,13.0475442],[77.6825103,13.0473252],[77.6825091,13.0472134],[77.6825159,13.0471017],[77.6825306,13.0469907],[77.6825532,13.046881],[77.6825756,13.0467987],[77.6826025,13.0467176],[77.6826337,13.046638]],[[77.6820865,13.0466563],[77.6824674,13.0466223],[77.6824942,13.0466589],[77.6824915,13.0467739],[77.6824406,13.0471841],[77.682437,13.0473907],[77.6824415,13.0475972],[77.682454,13.0478034],[77.6824764,13.0480242],[77.682508,13.048244],[77.6825489,13.0484622],[77.6825988,13.0486787],[77.6826642,13.0489039],[77.6827366,13.0491269],[77.6828161,13.0493477],[77.6828889,13.049533],[77.6829667,13.0497163],[77.6830494,13.0498977],[77.6832224,13.0502112],[77.6828094,13.0502975],[77.6827008,13.0501655],[77.6825926,13.0499561],[77.6824917,13.0497433],[77.682398,13.0495273],[77.6823118,13.0493085],[77.6822418,13.0491126],[77.6821778,13.0489148],[77.6821197,13.0487152],[77.6820677,13.0485141],[77.6820403,13.0483298],[77.6820193,13.0481446],[77.6820048,13.0479589],[77.6819968,13.0477728],[77.6819953,13.0475865],[77.6820004,13.0473995],[77.6820121,13.0472127],[77.6820304,13.0470265],[77.6820552,13.0468409],[77.6820865,13.0466563]],[[77.6822448,13.0503615],[77.6821241,13.050095],[77.6818424,13.0492327],[77.6816198,13.0485089],[77.6815843,13.0483299],[77.6815555,13.0481497],[77.6815335,13.0479687],[77.6815183,13.047787],[77.6815098,13.0476048],[77.6815083,13.0474207],[77.6815137,13.0472367],[77.681526,13.0470531],[77.6815453,13.04687],[77.6815715,13.0466877],[77.6818746,13.0466668],[77.681931,13.0466929],[77.681947,13.0468366],[77.6819169,13.0470516],[77.6818961,13.0472677],[77.6818859,13.0474496],[77.6818823,13.0476317],[77.6818854,13.0478139],[77.681901,13.0480124],[77.6819242,13.0482102],[77.6819551,13.048407],[77.6819998,13.0486313],[77.6820544,13.0488535],[77.6821187,13.0490733],[77.6822179,13.0493155],[77.6823216,13.0495559],[77.6824298,13.0497945],[77.682543,13.050032],[77.6826605,13.0502674],[77.6822448,13.0503615]],[[77.6820812,13.0503745],[77.6816466,13.0504712],[77.6816135,13.0504708],[77.681581,13.0504646],[77.6815501,13.0504529],[77.6815181,13.0504332],[77.6814909,13.0504076],[77.6814696,13.0503772],[77.6812175,13.0496116],[77.6811942,13.0495536],[77.6811646,13.0494985],[77.681129,13.0494469],[77.6810885,13.0494003],[77.6810431,13.0493581],[77.6807052,13.0492823],[77.6806665,13.0492716],[77.6806311,13.049253],[77.6806006,13.0492275],[77.6805804,13.0492023],[77.680565,13.0491742],[77.680555,13.0491438],[77.6804638,13.0482293],[77.6803645,13.047286],[77.6803555,13.0472414],[77.680352,13.047196],[77.6803541,13.0471506],[77.6803619,13.0471057],[77.6803742,13.0470644],[77.6803914,13.0470247],[77.6805308,13.0469019],[77.6806065,13.0468441],[77.6806864,13.0467922],[77.6807563,13.0467534],[77.6808286,13.046719],[77.6813704,13.0467112],[77.681424,13.0467425],[77.6814267,13.0467896],[77.6813677,13.0474062],[77.6813602,13.0475734],[77.681361,13.0477408],[77.6813704,13.0479079],[77.6813849,13.048049],[77.6814054,13.0481894],[77.6814318,13.0483288],[77.6814643,13.0484671],[77.6815481,13.0487689],[77.6816366,13.0490694],[77.6817298,13.0493686],[77.681841,13.0497058],[77.6819581,13.0500412],[77.6820812,13.0503745]]]}},{"type":"Feature","properties":{"osmId":"relation/20759757","kind":"lakeside_park","name":"Bhattarahalli Lake Park","nameKn":null,"operator":null,"capacity":null,"capacityMld":null,"areaM2":15384,"source":"osm-2026-09"},"geometry":{"type":"Polygon","coordinates":[[[77.7096355,13.0251219],[77.7101679,13.0252172],[77.7104809,13.0252727],[77.7104803,13.0252459],[77.7104013,13.0251382],[77.7105221,13.0250086],[77.710155,13.0244667],[77.7099493,13.0240179],[77.7099127,13.024018],[77.7098966,13.0232706],[77.7096891,13.0232377],[77.7093351,13.0233083],[77.7090928,13.0233413],[77.7090964,13.0233579],[77.7088601,13.0233927],[77.7088699,13.0234868],[77.7086381,13.023537],[77.7086639,13.0238547],[77.708406,13.0241308],[77.7078108,13.0244137],[77.7077683,13.0245552],[77.707532,13.0246869],[77.7078411,13.0254302],[77.7078894,13.0255191],[77.7079672,13.0257255],[77.7083909,13.0256419],[77.7086243,13.0254041],[77.7089113,13.0252604],[77.7091393,13.0251872],[77.7092254,13.0251766],[77.7096355,13.0251219]],[[77.7095207,13.0250837],[77.7091534,13.0251024],[77.7089264,13.0251864],[77.7084162,13.0253557],[77.7082117,13.025382],[77.7080664,13.0253884],[77.7079377,13.0253179],[77.7078599,13.0251637],[77.7077633,13.024905],[77.7077553,13.0247691],[77.7080852,13.0244503],[77.708509,13.024283],[77.7086189,13.024202],[77.7086833,13.0240844],[77.7087504,13.0238937],[77.7089569,13.0235722],[77.7090508,13.0234808],[77.7092841,13.0234128],[77.7096194,13.0233553],[77.7097106,13.0233971],[77.7097347,13.0234991],[77.7097481,13.0239459],[77.7098232,13.0242177],[77.7098796,13.0243719],[77.7101022,13.0246672],[77.71018,13.0248187],[77.7101746,13.0249207],[77.7101317,13.0249755],[77.7099198,13.0250356],[77.7095207,13.0250837]]]}},{"type":"Feature","properties":{"osmId":"relation/20825394","kind":"lakeside_park","name":"Basavanapura Lake Park","nameKn":null,"operator":null,"capacity":null,"capacityMld":null,"areaM2":16859,"source":"osm-2026-09"},"geometry":{"type":"Polygon","coordinates":[[[77.7122024,13.0109684],[77.7124304,13.010971],[77.7125135,13.0110154],[77.7130473,13.0112166],[77.7131304,13.0112375],[77.7133423,13.0112454],[77.7136293,13.0111905],[77.7138278,13.0112741],[77.7139565,13.0115119],[77.7140611,13.0117942],[77.7141282,13.0116661],[77.7141657,13.0114884],[77.7142918,13.010464],[77.7144527,13.0098812],[77.7143776,13.0096303],[77.7136427,13.0095598],[77.7122909,13.0092906],[77.7120414,13.0092462],[77.7116767,13.0092514],[77.7114236,13.0093775],[77.7117397,13.0099518],[77.71202,13.0105215],[77.7122211,13.0108795],[77.7122024,13.0109684]],[[77.7141066,13.0106319],[77.7140343,13.010805],[77.713974,13.0111722],[77.7139404,13.0111853],[77.7138975,13.0111709],[77.7138439,13.0111278],[77.7137079,13.011055],[77.7136025,13.0110193],[77.7133262,13.0109775],[77.7129051,13.010937],[77.7125821,13.0108811],[77.7125248,13.0108767],[77.712493,13.0108425],[77.7124306,13.0108474],[77.7123402,13.0108106],[77.7122441,13.0104561],[77.7119046,13.0097149],[77.7118022,13.009492],[77.7118161,13.0094448],[77.7119207,13.0093951],[77.7119985,13.0093376],[77.7123526,13.0093925],[77.7125055,13.0094343],[77.7136695,13.0096617],[77.7141872,13.0097244],[77.7142182,13.009741],[77.7142456,13.0097627],[77.7142686,13.0097888],[77.7142864,13.0098185],[77.7142975,13.009847],[77.7143038,13.0098769],[77.7143052,13.0099074],[77.7142167,13.0101608],[77.7141309,13.0105372],[77.7141066,13.0106319]]]}},{"type":"Feature","properties":{"osmId":"relation/21020271","kind":"lakeside_park","name":"Gulimangala Lake","nameKn":null,"operator":null,"capacity":null,"capacityMld":null,"areaM2":65614,"source":"osm-2026-09"},"geometry":{"type":"Polygon","coordinates":[[[77.6940813,12.8567722],[77.6944864,12.8566834],[77.694701,12.8566415],[77.6948887,12.8566311],[77.6951194,12.8568403],[77.6951623,12.8569658],[77.6959562,12.8569605],[77.6968521,12.8567461],[77.6977318,12.8558832],[77.6981288,12.8556635],[77.698794,12.8553968],[77.6987672,12.8553366],[77.6999608,12.8548163],[77.6998025,12.8546803],[77.6995397,12.8545652],[77.6993329,12.8545621],[77.6991263,12.8545526],[77.6989201,12.8545369],[77.6987145,12.854515],[77.6985097,12.8544868],[77.6983372,12.8544581],[77.6981655,12.8544249],[77.6979947,12.8543874],[77.6976903,12.8542797],[77.6973881,12.8541663],[77.6970881,12.8540475],[77.6967997,12.853927],[77.6965135,12.8538015],[77.6962298,12.8536709],[77.696088,12.8536033],[77.6959502,12.8535283],[77.6958167,12.8534462],[77.695688,12.8533571],[77.6955594,12.8532573],[77.6954368,12.8531505],[77.6953206,12.8530372],[77.6952111,12.8529176],[77.6951087,12.8527923],[77.6950377,12.852769],[77.6949531,12.8539612],[77.6934108,12.8542514],[77.6933035,12.8546123],[77.6930031,12.8556008],[77.6929949,12.8556816],[77.6929924,12.8557629],[77.6929949,12.8558365],[77.6930021,12.8559098],[77.6930138,12.8559825],[77.6927832,12.8570128],[77.6931909,12.8570076],[77.6940277,12.8567252],[77.6940813,12.8567722]],[[77.6941189,12.8560139],[77.6934993,12.8559355],[77.6933196,12.8558963],[77.6932445,12.8558466],[77.6932016,12.8557577],[77.6931962,12.8556871],[77.693274,12.8553706],[77.6934993,12.8546385],[77.6935557,12.8545914],[77.6939473,12.8545443],[77.6942825,12.8544972],[77.6949397,12.854424],[77.695047,12.8544397],[77.6950711,12.8544868],[77.695114,12.8546306],[77.6951462,12.8546672],[77.6952079,12.8546777],[77.6953903,12.8546646],[77.6954654,12.8546332],[77.6955083,12.8545835],[77.6955539,12.8544554],[77.69557,12.8542514],[77.6955539,12.8541155],[77.695578,12.8540553],[77.6956666,12.8540056],[77.6957524,12.8540278],[77.6958127,12.8540435],[77.6958382,12.854037],[77.6958436,12.8540148],[77.6958449,12.8539912],[77.6958114,12.8539664],[77.6957618,12.8539455],[77.6957417,12.8539272],[77.695739,12.8538997],[77.6958221,12.8538017],[77.6958838,12.8537677],[77.6959509,12.853765],[77.6960716,12.853799],[77.6970667,12.8542331],[77.6976487,12.8544789],[77.6980752,12.8546018],[77.6985285,12.8546751],[77.6991293,12.8546881],[77.6992393,12.8547169],[77.6993117,12.8547823],[77.6993358,12.8548476],[77.6993385,12.8548973],[77.6992983,12.8549679],[77.6986921,12.8552164],[77.6983353,12.8553445],[77.6981476,12.8554203],[77.6978633,12.8555825],[77.6976299,12.8557367],[77.6973912,12.8559329],[77.6972437,12.8560793],[77.6971149,12.8561944],[77.6968172,12.8564637],[77.6967475,12.8565186],[77.696659,12.8565657],[77.6964927,12.8565814],[77.6963961,12.8566023],[77.6962271,12.8566886],[77.6961762,12.8567174],[77.6960045,12.8567409],[77.6958463,12.856733],[77.6957631,12.8567174],[77.695688,12.8566938],[77.6954989,12.8566402],[77.6954252,12.8565918],[77.6953876,12.8565317],[77.6952884,12.8564349],[77.695165,12.8563696],[77.6950523,12.8563722],[77.6949665,12.8564062],[77.6948699,12.8564428],[77.6945615,12.8564899],[77.6944971,12.8564951],[77.6944515,12.8564742],[77.6944166,12.8564166],[77.6943523,12.8562545],[77.6942852,12.8561394],[77.6941189,12.8560139]]]}},{"type":"Feature","properties":{"osmId":"relation/9362928","kind":"lakeside_park","name":"Yediyur Lake Park","nameKn":null,"operator":null,"capacity":null,"capacityMld":null,"areaM2":18742,"source":"osm-2026-09"},"geometry":{"type":"Polygon","coordinates":[[[77.5779699,12.9331006],[77.5770244,12.9324562],[77.575753,12.9324641],[77.575635,12.9332875],[77.5753413,12.9345175],[77.5757758,12.9344142],[77.5759971,12.9347567],[77.5767669,12.9347776],[77.5769184,12.9347711],[77.5772148,12.9347239],[77.5771893,12.9344469],[77.5779538,12.934324],[77.5779671,12.9333163],[77.5779699,12.9331006]],[[77.5757616,12.933346],[77.5760163,12.9333027],[77.5760078,12.9331403],[77.5757824,12.9330357],[77.5758038,12.9326675],[77.5759097,12.932624],[77.5769854,12.9327856],[77.5772027,12.9328465],[77.5772554,12.932908],[77.5778541,12.933212],[77.5776899,12.9341585],[77.577386,12.9341643],[77.577321,12.934152],[77.5772038,12.9341682],[77.5770004,12.934281],[77.5769688,12.9343514],[77.5769654,12.9344138],[77.57698,12.9344803],[77.5769567,12.9345248],[77.576902,12.9345962],[77.5768441,12.9346157],[77.5761452,12.9345866],[77.5760117,12.9345097],[77.5758582,12.9343348],[77.5757862,12.9342731],[77.5757228,12.9342343],[77.5756564,12.934221],[77.5755163,12.934232],[77.5757616,12.933346]]]}},{"type":"Feature","properties":{"osmId":"relation/9363116","kind":"lakeside_park","name":"B Narayanapura Lake Park","nameKn":null,"operator":null,"capacity":null,"capacityMld":null,"areaM2":6555,"source":"osm-2026-09"},"geometry":{"type":"Polygon","coordinates":[[[77.6825631,12.9975678],[77.6834134,12.9962904],[77.6832673,12.9959717],[77.6831305,12.9953444],[77.6831165,12.9951192],[77.6829777,12.9950884],[77.6828408,12.9952922],[77.682755,12.9954594],[77.6825351,12.9958266],[77.682342,12.9958841],[77.6822821,12.9959377],[77.6822828,12.9960914],[77.6822801,12.9961975],[77.6822686,12.9963161],[77.6822685,12.9964206],[77.6822927,12.9966832],[77.6822927,12.9968483],[77.6823138,12.9969506],[77.6823491,12.9970712],[77.6823854,12.9971774],[77.6824071,12.9972584],[77.6824822,12.9974335],[77.6825631,12.9975678]],[[77.6825701,12.9973358],[77.682512,12.9972449],[77.682435,12.9970284],[77.6823973,12.9968845],[77.682372,12.996526],[77.6823812,12.9961477],[77.6823881,12.9959757],[77.6824326,12.9959484],[77.6826715,12.995872],[77.6828082,12.995715],[77.6828311,12.9955262],[77.6828492,12.9954198],[77.682886,12.9953203],[77.6829337,12.9952596],[77.6829828,12.9953368],[77.6830273,12.9954521],[77.6830391,12.9955675],[77.6830528,12.9957225],[77.6830688,12.9958866],[77.683168,12.9960634],[77.6832836,12.9961708],[77.683316,12.9962027],[77.6833188,12.99625],[77.6832833,12.9963451],[77.6832062,12.9964528],[77.6830914,12.9966225],[77.6829807,12.9968001],[77.6828478,12.9970197],[77.6827825,12.9971201],[77.6827131,12.9972264],[77.6826561,12.9973126],[77.6825701,12.9973358]]]}},{"type":"Feature","properties":{"osmId":"relation/9383865","kind":"lakeside_park","name":"Andrahalli Lake Park","nameKn":null,"operator":null,"capacity":null,"capacityMld":null,"areaM2":29666,"source":"osm-2026-09"},"geometry":{"type":"Polygon","coordinates":[[[77.4848986,13.0095676],[77.4849578,13.0097627],[77.4850582,13.0101222],[77.4850863,13.0105163],[77.4851963,13.0117524],[77.485081,13.0120608],[77.4853626,13.0121757],[77.4855182,13.0120451],[77.4870765,13.0117315],[77.4871838,13.0120738],[77.4875003,13.0120137],[77.4874628,13.01187],[77.4875969,13.0117576],[77.4877015,13.0114492],[77.4876559,13.0107593],[77.4875674,13.0103464],[77.487393,13.0099126],[77.4869719,13.0097767],[77.4854645,13.0098655],[77.4853009,13.0093847],[77.4848986,13.0095676]],[[77.485384,13.0117707],[77.4853733,13.0111853],[77.4852821,13.0105058],[77.4852231,13.0100929],[77.4853143,13.009991],[77.4862164,13.0099431],[77.4863657,13.0100615],[77.4864677,13.0102523],[77.4866581,13.0103908],[77.4870465,13.0105288],[77.4871087,13.0106652],[77.4872482,13.0110154],[77.4872482,13.0112402],[77.487106,13.0115799],[77.4855798,13.0119196],[77.4854807,13.0118442],[77.485384,13.0117707]]]}},{"type":"Feature","properties":{"osmId":"relation/9431131","kind":"lakeside_park","name":"Devasandra Lake Park","nameKn":null,"operator":null,"capacity":null,"capacityMld":null,"areaM2":18085,"source":"osm-2026-09"},"geometry":{"type":"Polygon","coordinates":[[[77.7017172,12.9999941],[77.701733,13.0001404],[77.7018437,13.0001384],[77.7018464,13.0002756],[77.7019845,13.0004912],[77.7020475,13.0006128],[77.7020612,13.0009487],[77.7020618,13.000976],[77.7021106,13.0016973],[77.7020489,13.0020031],[77.7020408,13.0021469],[77.7019201,13.0025755],[77.7016599,13.00268],[77.7016854,13.0034536],[77.7017096,13.0035516],[77.7018793,13.003457],[77.7018584,13.0033987],[77.7019751,13.0033085],[77.7021977,13.0030184],[77.7024418,13.002501],[77.7025652,13.0023703],[77.7027422,13.0022736],[77.7029756,13.0022109],[77.7033001,13.0021691],[77.7040004,13.0022439],[77.704204,13.0024696],[77.7044558,13.0028205],[77.7047981,13.0026444],[77.7045365,13.0022713],[77.7043571,13.0017933],[77.7042958,13.000855],[77.7036803,13.000762],[77.7028321,13.0002613],[77.7026884,12.9999245],[77.7019854,12.9999739],[77.7017172,12.9999941]],[[77.7017364,13.0027872],[77.7018048,13.0027074],[77.7019282,13.0026761],[77.7020006,13.0026317],[77.702022,13.0025924],[77.7020971,13.0022579],[77.7021401,13.002041],[77.7022098,13.0017797],[77.7022313,13.0015863],[77.7021669,13.0007918],[77.702132,13.0005017],[77.7021883,13.0004573],[77.7027127,13.0003383],[77.7027771,13.0003619],[77.7032143,13.000618],[77.7036367,13.0008297],[77.7040002,13.0008767],[77.7041692,13.0009486],[77.7042282,13.0010688],[77.7042577,13.0013667],[77.7042738,13.0017744],[77.7043261,13.001994],[77.7044749,13.0023481],[77.7046855,13.0026016],[77.7045554,13.002714],[77.7044709,13.0025859],[77.7043274,13.0024043],[77.7042027,13.0022775],[77.7040726,13.0022083],[77.7038433,13.0021652],[77.7035724,13.0021063],[77.7033041,13.0020632],[77.7032022,13.0020671],[77.7027409,13.002156],[77.7025746,13.0022253],[77.7024874,13.0022788],[77.7023506,13.0024069],[77.702305,13.0024958],[77.7020958,13.0029596],[77.7019,13.0032092],[77.7018678,13.003238],[77.7018102,13.003238],[77.7017713,13.0032197],[77.7017552,13.0032001],[77.7017511,13.0031452],[77.7017364,13.0027872]]]}},{"type":"Feature","properties":{"osmId":"relation/9432608","kind":"lakeside_park","name":"Seegehalli Lake Park","nameKn":null,"operator":null,"capacity":null,"capacityMld":null,"areaM2":28089,"source":"osm-2026-09"},"geometry":{"type":"Polygon","coordinates":[[[77.7114862,13.0158631],[77.7116593,13.0159088],[77.7119033,13.0163349],[77.7119234,13.0166079],[77.7118108,13.0166236],[77.7117947,13.0168562],[77.711615,13.0168614],[77.7115855,13.0170313],[77.7117625,13.0178884],[77.7120978,13.018364],[77.712579,13.0186924],[77.7128944,13.0189076],[77.7129266,13.0188762],[77.7132967,13.0190775],[77.7134737,13.0192578],[77.7134335,13.0193518],[77.7136239,13.0194982],[77.7140048,13.0196367],[77.7142016,13.0200295],[77.7143937,13.0204128],[77.7145949,13.0204024],[77.7147183,13.0202926],[77.7147076,13.0202116],[77.7143964,13.0195139],[77.7141148,13.0191219],[77.7139351,13.0180452],[77.7141282,13.0176036],[77.714383,13.0172351],[77.7149811,13.0167961],[77.7151287,13.0167255],[77.71548,13.0166654],[77.7154854,13.0165609],[77.7150117,13.0164526],[77.7145271,13.0163418],[77.714225,13.0162728],[77.713932,13.0162058],[77.7138323,13.0161799],[77.7130247,13.0160318],[77.7128164,13.0156087],[77.7128336,13.0153368],[77.7124599,13.0152516],[77.7115211,13.0151497],[77.7114138,13.0152725],[77.7113816,13.015641],[77.7114862,13.0158631]],[[77.7149248,13.0165687],[77.714965,13.0166288],[77.7149489,13.0166889],[77.7146405,13.0168431],[77.714332,13.0170365],[77.7142248,13.0171698],[77.7140316,13.0174494],[77.7138787,13.0177682],[77.7138332,13.0179825],[77.7138251,13.0181863],[77.7138439,13.0183275],[77.7139458,13.0189337],[77.713978,13.0191088],[77.7140558,13.0192316],[77.7142945,13.0195714],[77.7145252,13.0199607],[77.7146164,13.0201672],[77.7145815,13.0202404],[77.7144921,13.0203224],[77.7143937,13.0201855],[77.7142757,13.0198745],[77.7141416,13.019621],[77.7140584,13.0195061],[77.7137339,13.0193754],[77.7136427,13.0193153],[77.7134845,13.0190931],[77.7133772,13.0189886],[77.7128729,13.0186959],[77.7123097,13.0183144],[77.7120817,13.0180844],[77.7119824,13.0179146],[77.7118993,13.017682],[77.7118188,13.0172926],[77.7117652,13.0170417],[77.7119368,13.0169058],[77.7120602,13.0167072],[77.7121326,13.0165086],[77.712146,13.0161872],[77.7121031,13.015965],[77.7119422,13.015803],[77.7117786,13.0157325],[77.7115667,13.0156985],[77.7115211,13.0155731],[77.711572,13.0153588],[77.7116418,13.0152751],[77.7118403,13.0152568],[77.7124652,13.0153379],[77.7125376,13.0154058],[77.7126369,13.0156175],[77.7127656,13.015675],[77.7128112,13.0157351],[77.7129722,13.0161114],[77.7130178,13.0161558],[77.7149248,13.0165687]]]}},{"type":"Feature","properties":{"osmId":"relation/9532913","kind":"lakeside_park","name":"Chelekere Lake Park","nameKn":null,"operator":null,"capacity":null,"capacityMld":null,"areaM2":37383,"source":"osm-2026-09"},"geometry":{"type":"MultiPolygon","coordinates":[[[[77.6452196,13.0258888],[77.6451939,13.0260644],[77.6452539,13.0261814],[77.6455801,13.026332],[77.6458033,13.02624],[77.6456488,13.0260309],[77.6456316,13.0258971],[77.6456659,13.0257131],[77.6453913,13.0256128],[77.6452196,13.0258888]]],[[[77.6453597,13.0244734],[77.6453504,13.0245579],[77.6453322,13.024641],[77.6453085,13.0247134],[77.645278,13.0247833],[77.645241,13.0248501],[77.6445436,13.0259607],[77.6444129,13.0261953],[77.6440018,13.0269328],[77.6434761,13.0279075],[77.6432763,13.0282499],[77.6434144,13.0282812],[77.6434386,13.0283491],[77.6438156,13.0282613],[77.6441386,13.0277939],[77.6454771,13.0273483],[77.6458043,13.0273614],[77.6462334,13.0274189],[77.646728,13.0276534],[77.646845,13.0277089],[77.6469254,13.0276854],[77.6465097,13.0262612],[77.6462039,13.0263213],[77.6458519,13.0253362],[77.6456541,13.0247822],[77.6455817,13.0242412],[77.645351,13.0243039],[77.6453599,13.0243884],[77.6453597,13.0244734]],[[77.6455441,13.0255138],[77.6457198,13.0254603],[77.6457861,13.0256881],[77.6458805,13.0259138],[77.6459557,13.0261501],[77.64608,13.0264579],[77.6461251,13.0266409],[77.6461466,13.0271682],[77.6455286,13.0271013],[77.6448505,13.0273605],[77.6443527,13.0275194],[77.6441896,13.0275528],[77.6439836,13.0276615],[77.6438723,13.0278465],[77.643709,13.0280796],[77.6436183,13.0281293],[77.6435448,13.0280177],[77.6435888,13.0279375],[77.6437948,13.0276448],[77.6439922,13.027302],[77.6446531,13.026056],[77.645079,13.0254131],[77.6452477,13.0251624],[77.6453041,13.0251915],[77.6454529,13.0254094],[77.6455441,13.0255138]]],[[[77.6442411,13.0273521],[77.6450737,13.0270344],[77.6451252,13.026934],[77.644593,13.0266414],[77.6442068,13.0272852],[77.6442411,13.0273521]]]]}},{"type":"Feature","properties":{"osmId":"way/1082660835","kind":"lakeside_park","name":"Lake Park","nameKn":null,"operator":null,"capacity":null,"capacityMld":null,"areaM2":13138,"source":"osm-2026-09"},"geometry":{"type":"Polygon","coordinates":[[[77.6852078,12.9935097],[77.6854353,12.9932793],[77.6855542,12.9933486],[77.6856713,12.9931965],[77.6863542,12.9922659],[77.6862332,12.9920954],[77.6854972,12.9917434],[77.6852441,12.9918345],[77.6853101,12.9927085],[77.685303,12.9932037],[77.6852078,12.9935097]]]}},{"type":"Feature","properties":{"osmId":"way/1123146976","kind":"lakeside_park","name":"Hoodi Lake Park","nameKn":"ಹೂಡಿ ಕೆರೆ ಉದ್ಯಾನ","operator":null,"capacity":null,"capacityMld":null,"areaM2":44409,"source":"osm-2026-09"},"geometry":{"type":"Polygon","coordinates":[[[77.7162864,13.0017089],[77.7162862,13.0012596],[77.7158634,13.0007338],[77.7158759,13.0006587],[77.7161345,13.0003486],[77.716137,13.000305],[77.7157615,12.9999803],[77.7157466,12.9999512],[77.7157267,12.9999052],[77.7157167,12.9997331],[77.7155668,12.9996643],[77.7152858,12.9995246],[77.7155053,12.9993769],[77.716331,12.9989674],[77.7165821,12.9989093],[77.7171665,12.9989723],[77.7173939,12.9990297],[77.7175122,12.9990595],[77.7178479,12.9990595],[77.7180468,12.9990474],[77.7180916,12.9993842],[77.7179256,12.9994959],[77.7178504,12.9995465],[77.7175246,12.9997622],[77.7173157,12.9999754],[77.7171367,13.0001741],[77.7168383,13.0006151],[77.7168059,13.0007774],[77.7168731,13.0009131],[77.7171193,13.0012305],[77.7171715,13.0012911],[77.7171068,13.0013662],[77.7170297,13.0015407],[77.7169725,13.0016134],[77.716893,13.001703],[77.7168208,13.0017854],[77.7167612,13.0017273],[77.716418,13.0016885],[77.7162864,13.0017089]]]}},{"type":"Feature","properties":{"osmId":"way/1150343721","kind":"lakeside_park","name":"Gunjuru Palya Lake Park","nameKn":null,"operator":null,"capacity":null,"capacityMld":null,"areaM2":147954,"source":"osm-2026-09"},"geometry":{"type":"Polygon","coordinates":[[[77.7221234,12.9210527],[77.7221965,12.9210145],[77.7224154,12.920774],[77.7226474,12.9207119],[77.724071,12.9204991],[77.7241725,12.9203932],[77.7241652,12.9201011],[77.724162,12.9196745],[77.7240983,12.9194174],[77.7234843,12.918912],[77.72212,12.9180578],[77.7216413,12.9177755],[77.7213652,12.91757],[77.7210438,12.9174042],[77.7203623,12.9171028],[77.7204276,12.9168179],[77.7199757,12.9167413],[77.719368,12.9166067],[77.7196318,12.9169481],[77.7195909,12.9171432],[77.719318,12.9174313],[77.7191724,12.9178392],[77.7189859,12.9186638],[77.7191179,12.9187569],[77.7193316,12.9192135],[77.7207734,12.920242],[77.7211691,12.9205124],[77.7215921,12.920703],[77.7218556,12.920832],[77.722093,12.9210686],[77.7221234,12.9210527]]]}},{"type":"Feature","properties":{"osmId":"way/1241556749","kind":"lakeside_park","name":"Malathhalli Lake Park","nameKn":null,"operator":null,"capacity":null,"capacityMld":null,"areaM2":290583,"source":"osm-2026-09"},"geometry":{"type":"Polygon","coordinates":[[[77.4928492,12.9679155],[77.4935217,12.9678309],[77.493692,12.9683369],[77.4937094,12.9683358],[77.4937488,12.9683332],[77.4937809,12.9683311],[77.4938196,12.9683286],[77.4946458,12.9682195],[77.4946436,12.9681293],[77.4946323,12.9676693],[77.4947288,12.9674967],[77.4953753,12.9674052],[77.4954718,12.9674837],[77.495606,12.9676196],[77.496869,12.9688782],[77.4976556,12.9697057],[77.4978189,12.9696506],[77.4981664,12.9695332],[77.4981954,12.9688124],[77.497819,12.9682357],[77.4976113,12.9681013],[77.4973627,12.9678973],[77.4968673,12.9669714],[77.4965506,12.9662132],[77.4965251,12.9660838],[77.4965165,12.9657121],[77.496537,12.965372],[77.4965425,12.9653339],[77.496554,12.9652972],[77.496571,12.9652625],[77.4965955,12.9652281],[77.4966256,12.9651981],[77.4966603,12.9651734],[77.4966987,12.9651546],[77.4968656,12.9650667],[77.4971429,12.9649489],[77.4968109,12.9643423],[77.4967006,12.9641098],[77.4963685,12.9641809],[77.4961209,12.9639188],[77.495967,12.9637182],[77.4958148,12.9633114],[77.4956891,12.9629529],[77.4955207,12.962692],[77.4957877,12.9625821],[77.4957709,12.9624553],[77.4954296,12.9624973],[77.4953384,12.9620569],[77.4952073,12.9620785],[77.4950217,12.9612456],[77.4946948,12.9613385],[77.4946488,12.9620569],[77.4943151,12.9620835],[77.4927657,12.9625364],[77.4927913,12.9627057],[77.4922975,12.9625547],[77.492255,12.9622361],[77.4919372,12.9621686],[77.4916165,12.9621847],[77.4914973,12.9625182],[77.4915416,12.962699],[77.4916523,12.9627604],[77.4919826,12.9627704],[77.4924933,12.9634308],[77.4929632,12.963741],[77.4930739,12.9639932],[77.4931437,12.964705],[77.4929564,12.9647515],[77.4929258,12.964919],[77.4926721,12.964934],[77.4927198,12.9657802],[77.4925836,12.9661153],[77.4926142,12.9663426],[77.4927215,12.9670229],[77.4928015,12.9675837],[77.4927981,12.9678691],[77.4928492,12.9679155]]]}},{"type":"Feature","properties":{"osmId":"way/1242203428","kind":"lakeside_park","name":"Byrasandra Lake Park","nameKn":null,"operator":null,"capacity":null,"capacityMld":null,"areaM2":45184,"source":"osm-2026-09"},"geometry":{"type":"Polygon","coordinates":[[[77.5942946,12.9311274],[77.5944387,12.9311038],[77.5945243,12.9310933],[77.5946104,12.9310885],[77.5947073,12.9310902],[77.5948037,12.9310992],[77.5948991,12.9311156],[77.5955857,12.9312912],[77.5955823,12.9313193],[77.5955736,12.9313902],[77.5959582,12.9316491],[77.5960275,12.9313789],[77.5965576,12.9313441],[77.5964155,12.9307824],[77.5964109,12.930627],[77.5964224,12.9303119],[77.5965148,12.9299798],[77.5965248,12.9298973],[77.5964332,12.929641],[77.5962322,12.9294182],[77.5959074,12.9293337],[77.5954274,12.9294188],[77.5953992,12.9294238],[77.5946451,12.9296388],[77.5944816,12.9300507],[77.5942749,12.9300597],[77.5942946,12.9311274]]]}},{"type":"Feature","properties":{"osmId":"way/1243254563","kind":"lakeside_park","name":"Deverabisanahalli Lake Park","nameKn":null,"operator":null,"capacity":null,"capacityMld":null,"areaM2":58053,"source":"osm-2026-09"},"geometry":{"type":"Polygon","coordinates":[[[77.6857531,12.9223483],[77.6879096,12.9222855],[77.6879628,12.922283],[77.6886626,12.922249],[77.6887662,12.9222837],[77.6888088,12.9228006],[77.6888562,12.9232375],[77.6887653,12.9232918],[77.6887158,12.9233234],[77.6885175,12.923374],[77.688322,12.9234338],[77.6881295,12.9235025],[77.6879604,12.9235714],[77.6877945,12.9236473],[77.6876146,12.9236894],[77.6874495,12.9237795],[77.6871183,12.9240867],[77.6871384,12.9246017],[77.6860414,12.9246501],[77.6860552,12.924449],[77.6860616,12.9242476],[77.6860603,12.924037],[77.6860629,12.9237718],[77.6860291,12.9235013],[77.6860093,12.9233394],[77.6859838,12.9231783],[77.6859504,12.9230092],[77.6859106,12.9228414],[77.6858644,12.9226752],[77.6858119,12.9225107],[77.6857531,12.9223483]]]}},{"type":"Feature","properties":{"osmId":"way/1243259759","kind":"lakeside_park","name":"Doddakannelli Lake Park","nameKn":null,"operator":null,"capacity":null,"capacityMld":null,"areaM2":96026,"source":"osm-2026-09"},"geometry":{"type":"Polygon","coordinates":[[[77.6924797,12.9100244],[77.692813,12.9101944],[77.6928945,12.910236],[77.6935986,12.9107655],[77.6940197,12.9110243],[77.6944783,12.9111236],[77.6945695,12.9111838],[77.6947626,12.9116047],[77.6956531,12.9112857],[77.695739,12.9115354],[77.6956907,12.9118557],[77.6955351,12.9119968],[77.6957792,12.9131498],[77.6957121,12.9132118],[77.694548,12.9129295],[77.6930728,12.9127151],[77.6927796,12.9127774],[77.6913428,12.91304],[77.6908225,12.9130269],[77.6910428,12.9127917],[77.6912168,12.912606],[77.6918846,12.9118295],[77.6919518,12.9116665],[77.6922592,12.9109208],[77.6924797,12.9100244]]]}},{"type":"Feature","properties":{"osmId":"way/1251186677","kind":"lakeside_park","name":"Byrasandra Lake Park","nameKn":null,"operator":null,"capacity":null,"capacityMld":null,"areaM2":41881,"source":"osm-2026-09"},"geometry":{"type":"Polygon","coordinates":[[[77.6610882,12.9774391],[77.6613288,12.9773907],[77.6619887,12.9773114],[77.6621249,12.9774563],[77.6625842,12.9773663],[77.6628239,12.9771952],[77.6627817,12.9768859],[77.6631208,12.9768289],[77.6631386,12.9769464],[77.6628752,12.9769977],[77.6629247,12.9772387],[77.6632247,12.9773668],[77.6631166,12.9777145],[77.6630056,12.9780719],[77.6626401,12.9782206],[77.6625784,12.9783388],[77.6625188,12.978669],[77.662998,12.9798323],[77.6628042,12.9798114],[77.6619298,12.9794088],[77.661818,12.9793292],[77.6617225,12.9792633],[77.6616402,12.9792391],[77.6613096,12.9791623],[77.6611048,12.9791725],[77.661054,12.9789069],[77.6613591,12.9788794],[77.6613518,12.9784606],[77.6613514,12.9784349],[77.6612025,12.9783213],[77.6610882,12.9774391]]]}},{"type":"Feature","properties":{"osmId":"way/1254749649","kind":"lakeside_park","name":"ITI Layout Lake Park","nameKn":null,"operator":null,"capacity":null,"capacityMld":null,"areaM2":28890,"source":"osm-2026-09"},"geometry":{"type":"Polygon","coordinates":[[[77.6387351,12.9030702],[77.6389681,12.9030489],[77.639112,12.9030897],[77.6395325,12.9030595],[77.6396943,12.9030473],[77.6398284,12.9029701],[77.6405578,12.902742],[77.6404524,12.9018988],[77.640444,12.9018313],[77.640015,12.9016788],[77.6399076,12.9016203],[77.6397346,12.9015848],[77.6395198,12.9015741],[77.6390865,12.9012423],[77.6389736,12.9012937],[77.6388625,12.9019645],[77.6387151,12.9027756],[77.6386713,12.9029449],[77.6386604,12.9029867],[77.6387351,12.9030702]]]}},{"type":"Feature","properties":{"osmId":"way/1259751387","kind":"lakeside_park","name":"Kalluballu Garden and Lake Park","nameKn":null,"operator":null,"capacity":null,"capacityMld":null,"areaM2":47144,"source":"osm-2026-09"},"geometry":{"type":"Polygon","coordinates":[[[77.6200326,12.77463],[77.621244,12.7746881],[77.6218332,12.7748108],[77.6226209,12.7748624],[77.6227037,12.7748334],[77.622654,12.7746655],[77.6221311,12.7744137],[77.6218729,12.7740813],[77.6217405,12.7736487],[77.6217273,12.7733324],[77.6218067,12.7731387],[77.6221476,12.7728837],[77.6224621,12.7725738],[77.622568,12.7723317],[77.622495,12.7723426],[77.6223926,12.7722929],[77.62229,12.77228],[77.622194,12.7723026],[77.6199863,12.7733453],[77.6199432,12.7734001],[77.6199234,12.7735164],[77.6200326,12.77463]]]}},{"type":"Feature","properties":{"osmId":"way/1265721075","kind":"lakeside_park","name":"Nayandahalli Lake Park","nameKn":null,"operator":null,"capacity":null,"capacityMld":null,"areaM2":50652,"source":"osm-2026-09"},"geometry":{"type":"Polygon","coordinates":[[[77.5206122,12.9385628],[77.5205666,12.9393288],[77.5204901,12.9397431],[77.5203976,12.9400895],[77.5203373,12.94033],[77.5202769,12.9404149],[77.520124,12.9405064],[77.5201461,12.9405729],[77.5202759,12.9406399],[77.5211927,12.9409181],[77.5219293,12.9412769],[77.5227942,12.9408227],[77.5226909,12.9406881],[77.5226279,12.9405966],[77.5224991,12.940377],[77.5224294,12.9402254],[77.5222255,12.9396516],[77.522137,12.9394464],[77.5220887,12.9393771],[77.5220083,12.9393157],[77.5214839,12.9389484],[77.5212894,12.9387746],[77.5212117,12.9386752],[77.5210802,12.9384361],[77.5210346,12.9383197],[77.5209944,12.9381943],[77.5209515,12.9380805],[77.5207315,12.9382622],[77.5206122,12.9385628]]]}},{"type":"Feature","properties":{"osmId":"way/1265835948","kind":"lakeside_park","name":"Madiwala Lake Park","nameKn":null,"operator":null,"capacity":null,"capacityMld":null,"areaM2":57325,"source":"osm-2026-09"},"geometry":{"type":"Polygon","coordinates":[[[77.6141256,12.9078047],[77.6136591,12.9079799],[77.6128853,12.9060414],[77.6124698,12.9050268],[77.6124562,12.904995],[77.6124374,12.9049658],[77.612414,12.90494],[77.6123866,12.9049183],[77.6123534,12.9049],[77.6123174,12.9048877],[77.6122798,12.9048818],[77.6122417,12.9048824],[77.6122043,12.9048895],[77.6109141,12.9050686],[77.6108524,12.9046503],[77.6114599,12.9044385],[77.6115082,12.9044359],[77.6126026,12.9042686],[77.6126602,12.9042725],[77.6127005,12.9043039],[77.6127058,12.9043483],[77.6127139,12.9044542],[77.6133925,12.9061013],[77.6134568,12.9061955],[77.6135293,12.9062399],[77.6136821,12.9063445],[77.613776,12.9064412],[77.6140255,12.9068412],[77.6142293,12.9073981],[77.614291,12.9075419],[77.6143447,12.9075968],[77.6144144,12.9076439],[77.6144841,12.9077171],[77.6147389,12.9081798],[77.6148462,12.9082739],[77.6149964,12.908355],[77.6152003,12.9084282],[77.61527,12.9084465],[77.6153022,12.9084883],[77.6153237,12.9085563],[77.6153639,12.9087027],[77.6158118,12.9105249],[77.6160093,12.9115356],[77.6165736,12.9146923],[77.6165897,12.9147419],[77.6165655,12.9147995],[77.6163791,12.9148347],[77.6163161,12.9143668],[77.6162168,12.91364],[77.6161028,12.9130191],[77.6159728,12.9121485],[77.6158172,12.9114557],[77.6156951,12.9110334],[77.6155624,12.9105328],[77.6152405,12.909453],[77.61516,12.9091471],[77.6148958,12.9085314],[77.6145887,12.9086321],[77.6141256,12.9078047]]]}},{"type":"Feature","properties":{"osmId":"way/1267711028","kind":"lakeside_park","name":"Garudacharpalya Lake Park","nameKn":null,"operator":null,"capacity":null,"capacityMld":null,"areaM2":19399,"source":"osm-2026-09"},"geometry":{"type":"Polygon","coordinates":[[[77.694316,12.9904217],[77.6944199,12.9904484],[77.6945748,12.9904737],[77.6947,12.9904701],[77.6951033,12.9908056],[77.6954657,12.9908744],[77.6954858,12.9908824],[77.6956293,12.9910505],[77.6957014,12.9911349],[77.6960837,12.9916252],[77.6962191,12.9918471],[77.6966507,12.9916293],[77.6966667,12.991621],[77.6967075,12.9916],[77.6964994,12.9911832],[77.6966225,12.9911616],[77.6965101,12.9906827],[77.6965047,12.9903064],[77.6965222,12.9901417],[77.6964323,12.9901025],[77.6961333,12.9901927],[77.6957108,12.9903168],[77.6954332,12.9903691],[77.6950483,12.9904161],[77.6946165,12.9904279],[77.6943151,12.9903832],[77.694316,12.9904217]]]}},{"type":"Feature","properties":{"osmId":"way/1269267287","kind":"lakeside_park","name":"Yelachenahalli Kere Park","nameKn":null,"operator":null,"capacity":null,"capacityMld":null,"areaM2":23077,"source":"osm-2026-09"},"geometry":{"type":"Polygon","coordinates":[[[77.5653058,12.900624],[77.5652556,12.9006067],[77.5652095,12.9005806],[77.565169,12.9005469],[77.5651412,12.9005143],[77.5651186,12.9004781],[77.5651018,12.900439],[77.5650913,12.9003978],[77.565102,12.9000553],[77.5650564,12.8996972],[77.5650604,12.8988474],[77.5650966,12.8987834],[77.5654963,12.8987285],[77.5661011,12.8986984],[77.5662138,12.8987298],[77.5662352,12.8993703],[77.566081,12.9002815],[77.5659455,12.9003678],[77.5654721,12.9004972],[77.5654949,12.9005939],[77.5653058,12.900624]]]}},{"type":"Feature","properties":{"osmId":"way/1270788423","kind":"lakeside_park","name":"Sarakki Lake Park","nameKn":null,"operator":null,"capacity":null,"capacityMld":null,"areaM2":281027,"source":"osm-2026-09"},"geometry":{"type":"Polygon","coordinates":[[[77.5778261,12.9020854],[77.5778756,12.9020835],[77.5787039,12.9020627],[77.5787055,12.9019561],[77.5789802,12.9019335],[77.5798292,12.9018701],[77.580097,12.9018805],[77.5804482,12.9018463],[77.5804603,12.9019885],[77.5816828,12.9019622],[77.5816257,12.9016136],[77.5815414,12.9013777],[77.5815357,12.9013144],[77.5815266,12.901214],[77.5815302,12.9010246],[77.5815606,12.9008364],[77.5816634,12.9000138],[77.5817742,12.8991883],[77.5818269,12.8984004],[77.5814594,12.8983977],[77.581092,12.8981585],[77.5810719,12.897884],[77.5809431,12.8978748],[77.5795323,12.8969414],[77.579421,12.8968891],[77.579311,12.89725],[77.5778237,12.8965427],[77.5772681,12.896184],[77.5755112,12.8951988],[77.5746211,12.8946537],[77.5742349,12.8945269],[77.5739694,12.8945334],[77.5739305,12.894774],[77.5745326,12.8951949],[77.57558,12.89631],[77.5759864,12.8966748],[77.5765523,12.8974957],[77.576948,12.8980657],[77.5772805,12.8987246],[77.5776453,12.8998828],[77.5777731,12.8999906],[77.5777855,12.9000393],[77.5778264,12.9003469],[77.5778261,12.9020854]]]}},{"type":"Feature","properties":{"osmId":"way/1270860707","kind":"lakeside_park","name":"Dore Kere Park","nameKn":null,"operator":null,"capacity":null,"capacityMld":null,"areaM2":113845,"source":"osm-2026-09"},"geometry":{"type":"Polygon","coordinates":[[[77.5495961,12.9012724],[77.5489041,12.9013365],[77.5485729,12.9014319],[77.5490583,12.9028672],[77.5491294,12.9038058],[77.5491026,12.9041823],[77.5502814,12.9040085],[77.5502855,12.9040947],[77.5521281,12.9036555],[77.5521938,12.9035941],[77.5528336,12.9034947],[77.5531718,12.9032209],[77.5527544,12.9019657],[77.5527437,12.90176],[77.5517446,12.9017888],[77.5516882,12.9015822],[77.5495961,12.9012724]]]}},{"type":"Feature","properties":{"osmId":"way/1278772124","kind":"lakeside_park","name":"Goshala Lake Park","nameKn":null,"operator":null,"capacity":null,"capacityMld":null,"areaM2":19076,"source":"osm-2026-09"},"geometry":{"type":"Polygon","coordinates":[[[77.6974635,12.985811],[77.6974341,12.9859757],[77.697418,12.986501],[77.6974006,12.9870943],[77.6973268,12.9875739],[77.697245,12.9877137],[77.6972249,12.9878143],[77.6976044,12.9875961],[77.6976675,12.9874942],[77.6981704,12.9873334],[77.6984717,12.9872134],[77.6985285,12.9871701],[77.698798,12.9870263],[77.6988906,12.9870263],[77.6990099,12.9869388],[77.6991078,12.9867767],[77.699084,12.9867392],[77.6989334,12.9867441],[77.6985916,12.9866395],[77.6981689,12.9864278],[77.697831,12.9861456],[77.6978138,12.9858372],[77.6974635,12.985811]]]}},{"type":"Feature","properties":{"osmId":"way/1284851967","kind":"lakeside_park","name":"Nagaraesh Nagenahalli Lake Park","nameKn":null,"operator":null,"capacity":null,"capacityMld":null,"areaM2":35892,"source":"osm-2026-09"},"geometry":{"type":"Polygon","coordinates":[[[77.6424498,13.0747654],[77.6425105,13.074428],[77.6427546,13.0746919],[77.6433635,13.0749532],[77.6441199,13.0752615],[77.6426996,13.076772],[77.641924,13.0774034],[77.6415505,13.0772506],[77.6416036,13.0769079],[77.6420146,13.0765322],[77.6424498,13.0747654]]]}},{"type":"Feature","properties":{"osmId":"way/1284852010","kind":"lakeside_park","name":"Chokkanahalli Lake Park","nameKn":null,"operator":null,"capacity":null,"capacityMld":null,"areaM2":28079,"source":"osm-2026-09"},"geometry":{"type":"Polygon","coordinates":[[[77.627812,13.084582],[77.6280373,13.084821],[77.6284397,13.0848132],[77.6288407,13.084983],[77.6295836,13.0851868],[77.6298465,13.0854415],[77.6301053,13.0856322],[77.6302622,13.0856727],[77.6303548,13.0856544],[77.630193,13.0852312],[77.630171,13.0851737],[77.6302354,13.0846695],[77.6300436,13.0841078],[77.6294792,13.0838843],[77.6293838,13.0838465],[77.6290566,13.083921],[77.6282184,13.0842711],[77.6279711,13.0844387],[77.6278388,13.0845284],[77.627812,13.084582]]]}},{"type":"Feature","properties":{"osmId":"way/1284852011","kind":"lakeside_park","name":"Agrahara Lake Park","nameKn":null,"operator":null,"capacity":null,"capacityMld":null,"areaM2":58953,"source":"osm-2026-09"},"geometry":{"type":"Polygon","coordinates":[[[77.6261947,13.0901532],[77.6260922,13.0893689],[77.6260203,13.0888182],[77.625775,13.0887235],[77.6242366,13.0881756],[77.6238719,13.0879666],[77.6238504,13.0886745],[77.6238263,13.0893564],[77.6235151,13.0901062],[77.6233596,13.0904458],[77.6234186,13.0907463],[77.6238263,13.090681],[77.623904,13.0903818],[77.6250789,13.0904628],[77.6259077,13.0904589],[77.6261947,13.0901532]]]}},{"type":"Feature","properties":{"osmId":"way/1292678252","kind":"lakeside_park","name":"Panathur Kere Park","nameKn":null,"operator":null,"capacity":null,"capacityMld":null,"areaM2":61640,"source":"osm-2026-09"},"geometry":{"type":"Polygon","coordinates":[[[77.7060507,12.9336783],[77.7063592,12.9337541],[77.7065228,12.9332143],[77.7065405,12.9331607],[77.7065637,12.9331091],[77.7065924,12.9330601],[77.7066261,12.9330143],[77.7066704,12.9329663],[77.7067204,12.9329238],[77.7067751,12.9328873],[77.7068339,12.9328575],[77.7072805,12.9327059],[77.7078821,12.9324211],[77.7078833,12.9321341],[77.7079124,12.9319738],[77.707907,12.9317091],[77.707894,12.9314445],[77.7078733,12.9311805],[77.7078469,12.9309334],[77.7078139,12.9306871],[77.7077742,12.9304417],[77.7077278,12.9301974],[77.7076748,12.9299544],[77.7072725,12.9298133],[77.7067494,12.9299178],[77.7066544,12.9300901],[77.7066153,12.930161],[77.7066341,12.93054],[77.7065456,12.9308929],[77.7059716,12.9309243],[77.7059126,12.9311308],[77.705918,12.9314929],[77.7060333,12.9327176],[77.7060159,12.9335189],[77.7060065,12.9336705],[77.7060507,12.9336783]]]}},{"type":"Feature","properties":{"osmId":"way/1294790763","kind":"lakeside_park","name":"Dasarahalli Lake Park","nameKn":null,"operator":null,"capacity":null,"capacityMld":null,"areaM2":76435,"source":"osm-2026-09"},"geometry":{"type":"Polygon","coordinates":[[[77.5140021,13.0415524],[77.5139849,13.0413496],[77.5139037,13.0409897],[77.5138697,13.0409065],[77.5138128,13.0408176],[77.5135674,13.0404739],[77.5131395,13.0403289],[77.5130525,13.040278],[77.5129142,13.0398664],[77.5128171,13.0398088],[77.5121807,13.0398586],[77.5114819,13.0398129],[77.5109589,13.0396116],[77.5106593,13.0395368],[77.510672,13.0398399],[77.5108191,13.0401779],[77.5110016,13.0412684],[77.5110451,13.0415395],[77.5110433,13.0417605],[77.5109509,13.0419438],[77.5108263,13.0420801],[77.5105301,13.042307],[77.5106761,13.0424828],[77.5111393,13.0421784],[77.5126966,13.0417762],[77.5128394,13.0417719],[77.5131598,13.0419179],[77.5133244,13.0419765],[77.5135255,13.0419279],[77.5135083,13.0422848],[77.5140207,13.0423462],[77.5143747,13.0422286],[77.5143157,13.0419294],[77.514089,13.0419764],[77.5140021,13.0415524]]]}},{"type":"Feature","properties":{"osmId":"way/1296416079","kind":"lakeside_park","name":"Saul Kere Park","nameKn":null,"operator":null,"capacity":null,"capacityMld":null,"areaM2":250919,"source":"osm-2026-09"},"geometry":{"type":"Polygon","coordinates":[[[77.6788275,12.9157679],[77.6787816,12.9157617],[77.6787277,12.9157543],[77.6786763,12.9167181],[77.678662,12.9169865],[77.678656,12.9170988],[77.6786385,12.9173563],[77.6779854,12.9174151],[77.677952,12.9175478],[77.6779391,12.9175988],[77.6779251,12.9176543],[77.6776555,12.9193641],[77.6775536,12.9196046],[77.677364,12.91991],[77.6771137,12.9203132],[77.6770608,12.9205851],[77.6770145,12.9209562],[77.6771587,12.9210022],[77.6771996,12.9210732],[77.6778235,12.9207726],[77.6780804,12.9206367],[77.678204,12.9205876],[77.6788956,12.9205356],[77.679647,12.9203908],[77.6800601,12.9202261],[77.6803011,12.9202318],[77.6809935,12.920149],[77.6814598,12.920082],[77.6824093,12.9201094],[77.6825708,12.9201166],[77.6825948,12.9201176],[77.6827172,12.9198525],[77.6828123,12.9196282],[77.6828118,12.9195629],[77.6827785,12.919483],[77.6823836,12.9182686],[77.6822988,12.917928],[77.6822849,12.9174373],[77.6823278,12.916674],[77.682692,12.9159331],[77.6826471,12.9159205],[77.6824691,12.9158705],[77.6819991,12.915806],[77.6806061,12.9155889],[77.6798927,12.9156747],[77.6795923,12.9157401],[77.6788275,12.9157679]]]}},{"type":"Feature","properties":{"osmId":"way/1312557079","kind":"lakeside_park","name":"Thirumenahalli Lake Park","nameKn":null,"operator":null,"capacity":null,"capacityMld":null,"areaM2":80234,"source":"osm-2026-09"},"geometry":{"type":"Polygon","coordinates":[[[77.6302542,13.0939204],[77.6300235,13.0931824],[77.6298371,13.0924823],[77.6299226,13.0924582],[77.6297888,13.0919297],[77.6297177,13.0918736],[77.6294262,13.0908012],[77.6289439,13.0908377],[77.6284598,13.0916006],[77.6282184,13.0919363],[77.6280722,13.09211],[77.6278402,13.0922628],[77.6275156,13.0923347],[77.6268545,13.0923464],[77.6266962,13.0923556],[77.6265084,13.0924209],[77.6265192,13.0925071],[77.6266537,13.092986],[77.6270798,13.0929094],[77.6275492,13.0931707],[77.6283672,13.0938107],[77.6287508,13.0946206],[77.6302542,13.0939204]]]}},{"type":"Feature","properties":{"osmId":"way/1312729960","kind":"lakeside_park","name":"Somasundarapalya Lake Park","nameKn":null,"operator":null,"capacity":null,"capacityMld":null,"areaM2":39550,"source":"osm-2026-09"},"geometry":{"type":"Polygon","coordinates":[[[77.6473332,12.8975349],[77.6471561,12.8990265],[77.6470442,12.8992213],[77.647144,12.8994834],[77.6470743,12.8996939],[77.6468591,12.8996762],[77.6468601,12.9000196],[77.6467635,12.9003188],[77.6468517,12.9002599],[77.6470187,12.90002],[77.6471588,12.8997096],[77.6473492,12.8994475],[77.6475424,12.8993716],[77.6488996,12.8994004],[77.6491256,12.89959],[77.6488861,12.8983258],[77.6486313,12.8975262],[77.6483349,12.8975227],[77.6482639,12.8975219],[77.6473332,12.8975349]]]}},{"type":"Feature","properties":{"osmId":"way/131610644","kind":"lakeside_park","name":"BBMP Thavarkere Park","nameKn":"ತಾವರೆಕೆರೆ ಉದ್ಯಾನವನ","operator":"ಬೃಹತ್ ಬೆಂಗಳೂರು ಮಹಾನಗರ ಪಾಲಿಕೆ","capacity":null,"capacityMld":null,"areaM2":50621,"source":"osm-2026-09"},"geometry":{"type":"Polygon","coordinates":[[[77.6039618,12.9287702],[77.6032054,12.9292068],[77.6018723,12.9299885],[77.6016337,12.9293558],[77.6012582,12.9293505],[77.6012385,12.9292496],[77.6011133,12.9286081],[77.601462,12.9283571],[77.6014736,12.9278121],[77.6014781,12.9276016],[77.6017438,12.9272807],[77.6034334,12.9280853],[77.6039618,12.9287702]]]}},{"type":"Feature","properties":{"osmId":"way/1318025057","kind":"lakeside_park","name":"Veerasandra Lake Park","nameKn":null,"operator":null,"capacity":null,"capacityMld":null,"areaM2":49864,"source":"osm-2026-09"},"geometry":{"type":"Polygon","coordinates":[[[77.6774928,12.8387855],[77.6773544,12.8387199],[77.6773109,12.8386708],[77.6769796,12.8391337],[77.6766403,12.8392749],[77.6760717,12.8394018],[77.6758826,12.8393782],[77.6748379,12.838931],[77.6747131,12.8388604],[77.6745924,12.838731],[77.67441,12.8383649],[77.6743269,12.8382498],[77.6742169,12.838174],[77.6738749,12.8380641],[77.6742035,12.840627],[77.674237,12.8409774],[77.6742344,12.8412193],[77.6742035,12.8418025],[77.674622,12.8414514],[77.674945,12.8408261],[77.6753461,12.8402059],[77.6757837,12.8399018],[77.6759067,12.8398163],[77.6764794,12.8400372],[77.6774928,12.8387855]]]}},{"type":"Feature","properties":{"osmId":"way/1328835858","kind":"lakeside_park","name":"Krishna Nagara Lake Park","nameKn":null,"operator":null,"capacity":null,"capacityMld":null,"areaM2":74207,"source":"osm-2026-09"},"geometry":{"type":"Polygon","coordinates":[[[77.5811402,12.8740226],[77.5807708,12.8741625],[77.580644,12.8739102],[77.5805099,12.8737441],[77.580404,12.873684],[77.5801914,12.8731434],[77.5798662,12.8725021],[77.5795899,12.8718968],[77.5794626,12.8718712],[77.5794116,12.8718709],[77.5791701,12.8718692],[77.5789998,12.871868],[77.578918,12.8726093],[77.5788376,12.873046],[77.5788136,12.8730951],[77.5787839,12.8731558],[77.5786746,12.8731774],[77.5786726,12.8734068],[77.5787169,12.8741847],[77.5784674,12.8742289],[77.5785103,12.874841],[77.5781643,12.8749267],[77.578226,12.875411],[77.5781268,12.8755274],[77.5782005,12.8757732],[77.5783923,12.8756967],[77.5787598,12.8753901],[77.5792801,12.875011],[77.5795081,12.8749325],[77.5796932,12.8749508],[77.5801975,12.875126],[77.5807768,12.8752463],[77.5812824,12.8753156],[77.5814232,12.8752528],[77.5814387,12.8751181],[77.5813588,12.8747338],[77.5811402,12.8740226]]]}},{"type":"Feature","properties":{"osmId":"way/133145605","kind":"lakeside_park","name":"Chenamma Kere Park","nameKn":null,"operator":null,"capacity":null,"capacityMld":null,"areaM2":4043,"source":"osm-2026-09"},"geometry":{"type":"Polygon","coordinates":[[[77.5538034,12.9264849],[77.5541161,12.9267728],[77.5545858,12.9273484],[77.5546278,12.9271609],[77.5545871,12.9268193],[77.5543219,12.9264203],[77.5541699,12.9263709],[77.5539672,12.9263747],[77.5538034,12.9264849]]]}},{"type":"Feature","properties":{"osmId":"way/1336988674","kind":"lakeside_park","name":"Abbigere Lake Park","nameKn":null,"operator":null,"capacity":null,"capacityMld":null,"areaM2":128945,"source":"osm-2026-09"},"geometry":{"type":"Polygon","coordinates":[[[77.5278569,13.0777461],[77.5271621,13.0778637],[77.5265667,13.0779368],[77.5257084,13.0780309],[77.5250941,13.0779839],[77.5250781,13.0785743],[77.5254831,13.0788643],[77.526167,13.0788068],[77.5266042,13.0789479],[77.5276905,13.079844],[77.5277978,13.0801445],[77.5279775,13.0803039],[77.5284791,13.0805939],[77.5287876,13.0810458],[77.5289914,13.0813332],[77.5291792,13.0816102],[77.529678,13.0817539],[77.5297692,13.0819002],[77.5298524,13.0823469],[77.5302332,13.0821758],[77.5302065,13.0819995],[77.5302829,13.0814286],[77.5303513,13.0811164],[77.5303929,13.0808133],[77.5304127,13.0805127],[77.5302668,13.079296],[77.5302561,13.0789714],[77.5302722,13.0786397],[77.5302091,13.078577],[77.5295225,13.0785221],[77.5289056,13.0782817],[77.5278569,13.0777461]]]}},{"type":"Feature","properties":{"osmId":"way/1346107775","kind":"lakeside_park","name":"Horamavu Agara Lake Park","nameKn":null,"operator":null,"capacity":null,"capacityMld":null,"areaM2":171334,"source":"osm-2026-09"},"geometry":{"type":"Polygon","coordinates":[[[77.6596928,13.0327797],[77.6595305,13.0328111],[77.6583436,13.032734],[77.6580258,13.0327745],[77.6576503,13.0328607],[77.6575591,13.0329261],[77.6575041,13.0331678],[77.6574256,13.0352511],[77.6573566,13.0361245],[77.6572667,13.0369097],[77.6572493,13.0373579],[77.6572198,13.0375669],[77.6574223,13.0376727],[77.6577173,13.0377472],[77.6581317,13.0378073],[77.6586896,13.0378687],[77.6596016,13.0380686],[77.6602037,13.0383652],[77.6603325,13.0384018],[77.660366,13.0383979],[77.6602976,13.0373409],[77.6602171,13.0355862],[77.6601796,13.0349578],[77.6601917,13.0346677],[77.6600187,13.0337296],[77.6598416,13.0329927],[77.6596928,13.0327797]]]}},{"type":"Feature","properties":{"osmId":"way/1352002175","kind":"lakeside_park","name":"Gubbalala Lake Park","nameKn":null,"operator":null,"capacity":null,"capacityMld":null,"areaM2":33273,"source":"osm-2026-09"},"geometry":{"type":"Polygon","coordinates":[[[77.5396009,12.8807935],[77.5400823,12.8809321],[77.5402245,12.8810314],[77.5403009,12.8812994],[77.5404873,12.8814328],[77.540592,12.8815478],[77.5407153,12.8815334],[77.5407663,12.8816328],[77.5414204,12.881453],[77.541351,12.8812341],[77.541866,12.8811765],[77.5419389,12.8811558],[77.5417727,12.8803027],[77.5413188,12.8804157],[77.5412397,12.8800718],[77.5411388,12.8798646],[77.5399917,12.8801115],[77.5392978,12.8802457],[77.5392924,12.8807203],[77.5394292,12.8808092],[77.539499,12.8807438],[77.5396009,12.8807935]]]}},{"type":"Feature","properties":{"osmId":"way/1380596863","kind":"lakeside_park","name":"Doddabommasandra Lake Park","nameKn":null,"operator":null,"capacity":null,"capacityMld":null,"areaM2":445490,"source":"osm-2026-09"},"geometry":{"type":"Polygon","coordinates":[[[77.5683809,13.0629059],[77.5682764,13.0629234],[77.5677058,13.063003],[77.567687,13.0629797],[77.5671694,13.0628541],[77.5666531,13.0626878],[77.5664415,13.0626066],[77.5658377,13.0619684],[77.5654423,13.0615657],[77.565301,13.0613078],[77.5652487,13.0610818],[77.5652242,13.0606107],[77.5652863,13.059974],[77.5653189,13.0598498],[77.5655036,13.0595028],[77.5655971,13.0591486],[77.5655794,13.0589644],[77.5655231,13.059018],[77.5652415,13.0596398],[77.5650093,13.0599486],[77.5649478,13.0600304],[77.5648302,13.060202],[77.564587,13.0605569],[77.5642906,13.0610298],[77.564013,13.0613395],[77.5633933,13.0618044],[77.5632432,13.0619169],[77.5626627,13.0624431],[77.5626062,13.0624943],[77.561945,13.0628444],[77.5611484,13.0631175],[77.5600272,13.0633356],[77.5598811,13.0633801],[77.5595585,13.0638129],[77.5594557,13.063949],[77.5593354,13.0639953],[77.5595176,13.0644761],[77.5598489,13.0651528],[77.5599763,13.0654507],[77.5601707,13.0665402],[77.560337,13.0675318],[77.560441,13.0683283],[77.5604738,13.0685795],[77.5605409,13.0687937],[77.5608815,13.0688669],[77.5620496,13.0689701],[77.5626907,13.0689897],[77.5634001,13.0689818],[77.5636643,13.0689021],[77.5638724,13.0683752],[77.5638832,13.0683478],[77.5639559,13.0681639],[77.564009,13.0680295],[77.5644515,13.0670223],[77.5645548,13.0668122],[77.5645749,13.0667714],[77.5651342,13.0656649],[77.5654138,13.0657079],[77.5654963,13.065375],[77.5656209,13.0650676],[77.5654721,13.065032],[77.5656445,13.0645199],[77.565674,13.0644853],[77.5660408,13.0642815],[77.5660756,13.0639353],[77.5662821,13.0638713],[77.5663264,13.0638419],[77.5668615,13.0636491],[77.5669044,13.063764],[77.5672247,13.0636597],[77.5672129,13.0636035],[77.5676715,13.0634859],[77.5676609,13.0634284],[77.5684159,13.0631213],[77.5684091,13.0629738],[77.5683809,13.0629059]]]}},{"type":"Feature","properties":{"osmId":"way/138449004","kind":"lakeside_park","name":"Balalayanna Kere Park","nameKn":"ಬಾಳಯ್ಯನ ಕೆರೆ ಉದ್ಯಾನ","operator":null,"capacity":null,"capacityMld":null,"areaM2":20393,"source":"osm-2026-09"},"geometry":{"type":"Polygon","coordinates":[[[77.5267987,12.9780788],[77.5269798,12.9776684],[77.5271299,12.9776945],[77.527417,12.9779246],[77.5281948,12.9780618],[77.5285113,12.9781663],[77.5288358,12.9781624],[77.5288562,12.97874],[77.5282431,12.9787936],[77.5273365,12.9789138],[77.5271058,12.978804],[77.5268483,12.9787766],[77.5267987,12.9780788]]]}},{"type":"Feature","properties":{"osmId":"way/1454919867","kind":"lakeside_park","name":"Panathur Chikka Kere Park","nameKn":null,"operator":null,"capacity":null,"capacityMld":null,"areaM2":16517,"source":"osm-2026-09"},"geometry":{"type":"Polygon","coordinates":[[[77.7080853,12.9324321],[77.7082273,12.9323307],[77.7086189,12.9322471],[77.7088228,12.9321582],[77.709032,12.9320118],[77.7093244,12.9314027],[77.7093244,12.9313478],[77.7090181,12.9311278],[77.7089569,12.9310838],[77.7088845,12.9309949],[77.7089401,12.9308918],[77.7084216,12.9304922],[77.7081736,12.9307753],[77.7082393,12.9313854],[77.7082575,12.9320357],[77.7081296,12.9320358],[77.7081118,12.9322108],[77.7080853,12.9324321]]]}},{"type":"Feature","properties":{"osmId":"way/162259366","kind":"lakeside_park","name":"SSM park (Chennammanakere park)","nameKn":"ಚನ್ನಮ್ಮನಕೆರೆ ಅಚ್ಚುಕಟ್ಟು","operator":"SSM School","capacity":null,"capacityMld":null,"areaM2":3976,"source":"osm-2026-09"},"geometry":{"type":"Polygon","coordinates":[[[77.5634281,12.9305977],[77.5636244,12.930562],[77.5639538,12.9323804],[77.5638124,12.9324596],[77.5637314,12.9320672],[77.5634281,12.9305977]]]}},{"type":"Feature","properties":{"osmId":"way/182177279","kind":"lakeside_park","name":"Ulsoor Lake Park","nameKn":null,"operator":"ಬೃಹತ್ ಬೆಂಗಳೂರು ಮಹಾನಗರ ಪಾಲಿಕೆ","capacity":null,"capacityMld":null,"areaM2":8278,"source":"osm-2026-09"},"geometry":{"type":"Polygon","coordinates":[[[77.6224391,12.9863075],[77.6221363,12.986318],[77.6220347,12.98573],[77.6220151,12.9852796],[77.6219749,12.984966],[77.6219465,12.9848015],[77.6219434,12.9846793],[77.6219266,12.984478],[77.6223446,12.9844729],[77.6223901,12.9853105],[77.6224391,12.9863075]]]}},{"type":"Feature","properties":{"osmId":"way/239716959","kind":"lakeside_park","name":"Kalkere Park","nameKn":"ಕಾಲ್ಕೆರೆ ಉದ್ಯಾನವನ","operator":null,"capacity":null,"capacityMld":null,"areaM2":1811,"source":"osm-2026-09"},"geometry":{"type":"Polygon","coordinates":[[[77.6738695,13.0337698],[77.6739987,13.0337901],[77.6740646,13.0338474],[77.6743965,13.0339896],[77.6745264,13.0336974],[77.6742115,13.0336464],[77.6737807,13.0335939],[77.6738695,13.0337698]]]}},{"type":"Feature","properties":{"osmId":"way/244032543","kind":"lakeside_park","name":"Chennamma Kere Achukattu Park","nameKn":"ಚೆನ್ನಮ್ಮನ ಕೆರೆ ಅಚ್ಚುಕಟ್ಟು ಉದ್ಯಾನವನ","operator":null,"capacity":null,"capacityMld":null,"areaM2":3546,"source":"osm-2026-09"},"geometry":{"type":"Polygon","coordinates":[[[77.5536124,12.9263899],[77.5535837,12.9263486],[77.5534371,12.9261377],[77.5533966,12.925897],[77.5534055,12.9250047],[77.5535579,12.9250034],[77.5537189,12.9263376],[77.5536124,12.9263899]]]}},{"type":"Feature","properties":{"osmId":"way/322859361","kind":"lakeside_park","name":"Raj Katte Park","nameKn":null,"operator":null,"capacity":null,"capacityMld":null,"areaM2":3829,"source":"osm-2026-09"},"geometry":{"type":"Polygon","coordinates":[[[77.5617244,12.9086565],[77.5614827,12.9084777],[77.5604194,12.9090734],[77.5605913,12.9092467],[77.5609892,12.9090447],[77.5617244,12.9086565]]]}},{"type":"Feature","properties":{"osmId":"way/41206188","kind":"lakeside_park","name":"Allalasandra Lake","nameKn":"ಅಲ್ಲಾಳಸಂದ್ರ ಕೆರೆ","operator":null,"capacity":null,"capacityMld":null,"areaM2":142282,"source":"osm-2026-09"},"geometry":{"type":"Polygon","coordinates":[[[77.5838656,13.0916989],[77.5837882,13.0914942],[77.583866,13.0914236],[77.5839651,13.0913687],[77.5840699,13.0913191],[77.5841528,13.0912759],[77.5844941,13.0911395],[77.5845071,13.0910422],[77.584514,13.0909517],[77.5845231,13.0908776],[77.5845473,13.0908019],[77.5847431,13.0907],[77.5851501,13.0905396],[77.585354,13.090456],[77.5856336,13.090355],[77.5861774,13.0901896],[77.5864731,13.0901017],[77.5867702,13.0900067],[77.5869158,13.0899459],[77.5872476,13.0898186],[77.5874072,13.0895439],[77.5879591,13.0892631],[77.5882514,13.0891534],[77.5885459,13.0890792],[77.5886108,13.089412],[77.5886727,13.0897258],[77.5887128,13.0899371],[77.5888066,13.0901487],[77.5889676,13.0905746],[77.5893266,13.0914079],[77.5897077,13.0916434],[77.590241,13.091919],[77.5904857,13.0921133],[77.5907419,13.0922988],[77.5909705,13.0925251],[77.591113,13.092672],[77.5911381,13.0926979],[77.5911384,13.0928089],[77.5910731,13.0928945],[77.5909851,13.0929408],[77.5908478,13.0928683],[77.5907258,13.0927997],[77.5901902,13.0924636],[77.5898976,13.0923632],[77.5897132,13.0923171],[77.5895096,13.0922804],[77.5891956,13.092244],[77.5888892,13.0922299],[77.5884714,13.0922649],[77.5880979,13.0922534],[77.5876962,13.0922309],[77.5873201,13.0921986],[77.5867514,13.0921019],[77.5862284,13.0920862],[77.5857858,13.092128],[77.5854345,13.0921803],[77.5851556,13.0921985],[77.5849731,13.0921803],[77.5844876,13.0922221],[77.5844515,13.0922213],[77.5841932,13.0922152],[77.5840712,13.0921587],[77.5839572,13.0919318],[77.5838656,13.0916989]]]}},{"type":"Feature","properties":{"osmId":"way/582562270","kind":"lakeside_park","name":"Chinnapanahalli Lake Park","nameKn":null,"operator":null,"capacity":null,"capacityMld":null,"areaM2":40207,"source":"osm-2026-09"},"geometry":{"type":"Polygon","coordinates":[[[77.7075467,12.9672628],[77.7077127,12.9672663],[77.707931,12.9669446],[77.7080129,12.9665671],[77.7079256,12.9665466],[77.7077666,12.966511],[77.707825,12.966233],[77.7080966,12.9657265],[77.7082146,12.9654868],[77.7085069,12.9653613],[77.7085981,12.9650333],[77.708291,12.9650218],[77.7076372,12.9651247],[77.7072443,12.9651835],[77.7070928,12.965177],[77.7066247,12.9650986],[77.7061124,12.9650659],[77.7060306,12.9650633],[77.7062291,12.9655285],[77.7063337,12.9660108],[77.7064262,12.9668106],[77.7070324,12.966629],[77.7072658,12.9673843],[77.7074053,12.9674118],[77.7075467,12.9672628]]]}},{"type":"Feature","properties":{"osmId":"way/610094122","kind":"lakeside_park","name":"Kaikondrahalli Lake Park","nameKn":"ಕೈಕೊಂಡ್ರಹಳ್ಳಿ ಕೆರೆ","operator":null,"capacity":null,"capacityMld":null,"areaM2":197023,"source":"osm-2026-09"},"geometry":{"type":"Polygon","coordinates":[[[77.6734124,12.9158843],[77.6732247,12.9160595],[77.6732892,12.9161755],[77.6734688,12.9164987],[77.6735251,12.9163379],[77.67356,12.9162412],[77.6736257,12.9161065],[77.6736847,12.9160229],[77.6737249,12.9159667],[77.6737598,12.9159131],[77.6738295,12.9157876],[77.6738939,12.9156908],[77.6739891,12.9155889],[77.6740193,12.915566],[77.6741212,12.9154863],[77.6742151,12.9154196],[77.6742674,12.9153752],[77.6743666,12.9153059],[77.6744672,12.9152497],[77.6745819,12.9151686],[77.6747549,12.9150641],[77.674942,12.9149634],[77.675168,12.9148169],[77.6754825,12.9146039],[77.6756065,12.9145236],[77.6757982,12.914432],[77.6759899,12.9143602],[77.6761946,12.914281],[77.6762496,12.9142588],[77.6762123,12.9141329],[77.6761597,12.9139556],[77.6758383,12.9139739],[77.6755232,12.9136426],[77.6754945,12.9135987],[77.6754489,12.913549],[77.6753859,12.9134824],[77.6752679,12.9133987],[77.67506,12.913285],[77.6747341,12.9131078],[77.6745517,12.9129941],[77.6744444,12.9129013],[77.6742768,12.9126255],[77.6741105,12.912398],[77.6739241,12.9121667],[77.6736666,12.9118778],[77.673456,12.9117431],[77.6732777,12.9115614],[77.6730524,12.911317],[77.6730101,12.9112863],[77.6728839,12.911255],[77.6727095,12.9110851],[77.6723409,12.9107699],[77.6720029,12.910464],[77.6717978,12.9103189],[77.6716811,12.910315],[77.6715483,12.9103843],[77.6713639,12.9104386],[77.6711252,12.9104477],[77.6710125,12.9104268],[77.6707939,12.9104333],[77.670633,12.9104176],[77.6704927,12.9102929],[77.6695512,12.9112367],[77.6693045,12.9116288],[77.6702886,12.9123001],[77.6715481,12.913606],[77.6717341,12.9137366],[77.6722933,12.9140386],[77.6729907,12.9146438],[77.6730006,12.9147138],[77.6730546,12.9148473],[77.6732359,12.9152952],[77.6732506,12.9153351],[77.6733602,12.9156327],[77.6734378,12.9158432],[77.6734124,12.9158843]]]}},{"type":"Feature","properties":{"osmId":"way/610111576","kind":"lakeside_park","name":"Agara Lake Park","nameKn":null,"operator":null,"capacity":null,"capacityMld":null,"areaM2":384908,"source":"osm-2026-09"},"geometry":{"type":"Polygon","coordinates":[[[77.6453476,12.9226735],[77.6460292,12.9233043],[77.6462964,12.9235428],[77.6464204,12.9236512],[77.6465519,12.9237428],[77.6469294,12.9239898],[77.647101,12.9240904],[77.6472627,12.9241897],[77.6474397,12.9242858],[77.647773,12.9244296],[77.6478628,12.9244532],[77.6479305,12.9244773],[77.6479369,12.9244967],[77.6479118,12.9245153],[77.6475859,12.9245139],[77.6474504,12.9245166],[77.6471487,12.9244904],[77.6467638,12.9244264],[77.6462099,12.9243976],[77.6455877,12.924416],[77.6451692,12.9243858],[77.6447762,12.9242577],[77.6445436,12.9241643],[77.6443236,12.9240911],[77.6435753,12.9238924],[77.6429678,12.9237068],[77.6414402,12.9233133],[77.6413853,12.9233107],[77.6413276,12.923299],[77.6412619,12.9233094],[77.6409843,12.9233604],[77.6403133,12.9236239],[77.6401142,12.9237021],[77.6400619,12.9236864],[77.6400244,12.9236668],[77.6400123,12.9236524],[77.6399815,12.9235923],[77.6399491,12.9235152],[77.6398364,12.9232784],[77.6397213,12.923042],[77.6395215,12.9226094],[77.6393941,12.9223545],[77.6392318,12.9220329],[77.6391138,12.9218015],[77.6389535,12.9215022],[77.6389066,12.9213597],[77.6388569,12.9211976],[77.6387309,12.920795],[77.6386518,12.9205088],[77.6386155,12.9203676],[77.6385592,12.9201702],[77.6385069,12.9198206],[77.6384761,12.9193787],[77.638464,12.9191356],[77.6383748,12.916188],[77.6384311,12.9161853],[77.6385559,12.9162036],[77.6385894,12.9162128],[77.6387886,12.9162795],[77.6388113,12.916286],[77.6389407,12.9163411],[77.6389882,12.9163599],[77.6390863,12.9163906],[77.6397008,12.9166438],[77.6399432,12.9167762],[77.6401162,12.9169174],[77.6403326,12.9171076],[77.6405283,12.9172659],[77.6409623,12.9176766],[77.6411543,12.917835],[77.6413447,12.9180481],[77.6418446,12.9185906],[77.6422282,12.91909],[77.6426385,12.9196207],[77.6428102,12.9198625],[77.6429822,12.9200909],[77.6430456,12.9201749],[77.643356,12.9205272],[77.6436779,12.9209049],[77.6436161,12.9209407],[77.6438511,12.9212221],[77.6439217,12.9211878],[77.6440516,12.921336],[77.6441392,12.9214369],[77.6445241,12.9218853],[77.644681,12.9220801],[77.6446877,12.9221428],[77.6447065,12.9221938],[77.6447642,12.9222552],[77.6448379,12.9222957],[77.6449131,12.9222918],[77.6453476,12.9226735]]]}},{"type":"Feature","properties":{"osmId":"way/641761936","kind":"lakeside_park","name":"Sheelavanthana Kere Park","nameKn":null,"operator":null,"capacity":null,"capacityMld":null,"areaM2":58955,"source":"osm-2026-09"},"geometry":{"type":"Polygon","coordinates":[[[77.7423133,12.9655496],[77.7422747,12.9655313],[77.7422218,12.9654722],[77.7421694,12.9653331],[77.7420911,12.9651113],[77.7420401,12.9650275],[77.742016,12.9649911],[77.7419381,12.9648731],[77.7418565,12.9647247],[77.7418184,12.9645207],[77.7418158,12.9643946],[77.7418078,12.9642475],[77.7417606,12.9641224],[77.74168,12.9640072],[77.7416492,12.9639143],[77.7416629,12.9638099],[77.7416763,12.9636979],[77.741687,12.9635388],[77.7416923,12.963372],[77.7416902,12.9632593],[77.7417177,12.9631606],[77.7417618,12.9631152],[77.7418553,12.9630796],[77.7419899,12.9631077],[77.7421044,12.9631651],[77.7422056,12.9632206],[77.7424502,12.9633909],[77.742666,12.9634818],[77.7428903,12.9635647],[77.7430723,12.9636365],[77.7432181,12.9637365],[77.7435019,12.9640102],[77.7436502,12.9641946],[77.7437015,12.9643462],[77.7437179,12.9644235],[77.7437233,12.9645511],[77.7437444,12.9646259],[77.7437804,12.9646586],[77.7438376,12.964678],[77.7445082,12.9646467],[77.7448026,12.9646133],[77.7449209,12.9646017],[77.7456164,12.9645602],[77.7457334,12.9645426],[77.7457823,12.9645946],[77.7457778,12.9646643],[77.7457484,12.9647272],[77.7456933,12.9648282],[77.745499,12.9651842],[77.7454499,12.9652534],[77.7453921,12.9652876],[77.7452966,12.9652922],[77.744943,12.9652893],[77.7449131,12.9652877],[77.7447001,12.9652762],[77.7443569,12.9652787],[77.7433299,12.9652813],[77.7432141,12.9652887],[77.7431571,12.9653468],[77.7431179,12.9654361],[77.7430059,12.9657447],[77.7429446,12.9657597],[77.7428378,12.9657296],[77.7426705,12.9656563],[77.7424536,12.9655963],[77.7423133,12.9655496]]]}},{"type":"Feature","properties":{"osmId":"way/754836769","kind":"lakeside_park","name":"Large Arekere Trees Park","nameKn":null,"operator":null,"capacity":null,"capacityMld":null,"areaM2":6659,"source":"osm-2026-09"},"geometry":{"type":"Polygon","coordinates":[[[77.6061138,12.8855053],[77.6065502,12.8853973],[77.6063046,12.884263],[77.6058163,12.8843621],[77.6061138,12.8855053]]]}},{"type":"Feature","properties":{"osmId":"node/1517911134","kind":"wastewater_plant","name":null,"nameKn":null,"operator":null,"capacity":null,"capacityMld":null,"areaM2":null,"source":"osm-2026-09"},"geometry":{"type":"Point","coordinates":[77.6716765,12.9423526]}},{"type":"Feature","properties":{"osmId":"node/3696421500","kind":"wastewater_plant","name":null,"nameKn":null,"operator":null,"capacity":null,"capacityMld":null,"areaM2":null,"source":"osm-2026-09"},"geometry":{"type":"Point","coordinates":[77.5632969,13.0229209]}},{"type":"Feature","properties":{"osmId":"node/417925031","kind":"wastewater_plant","name":"Hennur Sewage Pump House","nameKn":null,"operator":null,"capacity":null,"capacityMld":null,"areaM2":null,"source":"osm-2026-09"},"geometry":{"type":"Point","coordinates":[77.6260064,13.0392782]}},{"type":"Feature","properties":{"osmId":"way/1083523203","kind":"wastewater_plant","name":null,"nameKn":null,"operator":null,"capacity":null,"capacityMld":null,"areaM2":135,"source":"osm-2026-09"},"geometry":{"type":"Polygon","coordinates":[[[77.6986586,12.8583491],[77.6988356,12.8583216],[77.698825,12.8582543],[77.6986493,12.8582922],[77.6986586,12.8583491]]]}},{"type":"Feature","properties":{"osmId":"way/1087826091","kind":"wastewater_plant","name":"Nagasandra Phase I 20MLD Sewage Treatment Plant","nameKn":"ಕೊಳಚೆ ನೀರು ಸಂಸ್ಕರಣ ಘಟಕ","operator":"BWSSB","capacity":null,"capacityMld":20.0,"areaM2":31324,"source":"osm-2026-09"},"geometry":{"type":"Polygon","coordinates":[[[77.4914914,13.0434946],[77.4910381,13.04333],[77.4906465,13.0429459],[77.4901906,13.0419398],[77.4909148,13.0415244],[77.4924901,13.0423843],[77.4920493,13.0432856],[77.4916792,13.0431131],[77.4914914,13.0434946]]]}},{"type":"Feature","properties":{"osmId":"way/1107039351","kind":"wastewater_plant","name":"Sarakki 5MLD Sewage Treatment Plant","nameKn":null,"operator":"Bangalore Water Supply and Sewerage Board","capacity":null,"capacityMld":5.0,"areaM2":4556,"source":"osm-2026-09"},"geometry":{"type":"Polygon","coordinates":[[[77.5754157,12.8963865],[77.57558,12.89631],[77.5745326,12.8951949],[77.5745353,12.8957597],[77.5754157,12.8963865]]]}},{"type":"Feature","properties":{"osmId":"way/1107039352","kind":"wastewater_plant","name":"Hulimavu 10MLD Sewage Treatment Plant","nameKn":null,"operator":"BWSSB","capacity":null,"capacityMld":10.0,"areaM2":6757,"source":"osm-2026-09"},"geometry":{"type":"Polygon","coordinates":[[[77.6041369,12.8659826],[77.60341,12.8655876],[77.6037148,12.8650543],[77.6037476,12.864997],[77.6044745,12.865392],[77.6041369,12.8659826]]]}},{"type":"Feature","properties":{"osmId":"way/1107039353","kind":"wastewater_plant","name":"Chikkabeguru Sewage Treatment Plant","nameKn":"ಕೊಳಚೆ ನೀರು ಸಂಸ್ಕರಣ ಘಟಕ, ಚಿಕ್ಕಬೇಗೂರು","operator":"BWSSB","capacity":null,"capacityMld":null,"areaM2":6586,"source":"osm-2026-09"},"geometry":{"type":"Polygon","coordinates":[[[77.6383102,12.8840292],[77.63816,12.8836213],[77.6370952,12.8836997],[77.6372024,12.8842645],[77.6383102,12.8840292]]]}},{"type":"Feature","properties":{"osmId":"way/1107039355","kind":"wastewater_plant","name":"Koramangala 210MLD Intermediate Sewage Pumping Stations","nameKn":null,"operator":"Bangalore Water Supply and Sewerage Board","capacity":null,"capacityMld":210.0,"areaM2":3922,"source":"osm-2026-09"},"geometry":{"type":"Polygon","coordinates":[[[77.6238789,12.946292],[77.6239413,12.9465693],[77.6236845,12.9473284],[77.6235404,12.9474421],[77.6232496,12.9472259],[77.6238789,12.946292]]]}},{"type":"Feature","properties":{"osmId":"way/1107039356","kind":"wastewater_plant","name":"Kengeri 60MLD Sewage Treatment Plant","nameKn":"ಕೊಳಚೆ ನೀರು ಸಂಸ್ಕರಣಾ ಘಟಕ","operator":"BWSSB","capacity":null,"capacityMld":60.0,"areaM2":16114,"source":"osm-2026-09"},"geometry":{"type":"Polygon","coordinates":[[[77.4892702,12.9158378],[77.4905688,12.915589],[77.4908182,12.916253],[77.4909697,12.9171354],[77.4905942,12.9172792],[77.4902885,12.9167184],[77.489807,12.9163288],[77.4892702,12.9158378]]]}},{"type":"Feature","properties":{"osmId":"way/1107039357","kind":"wastewater_plant","name":"K&C Valley 218MLD Sewage Treatment Plant","nameKn":"ಕೋರಮಂಗಲ - ಚಲ್ಲಘಟ್ಟ ಕಣಿವೆ ಯೋಜನೆ","operator":"Bangalore Water Supply and Sewerage Board","capacity":null,"capacityMld":218.0,"areaM2":178555,"source":"osm-2026-09"},"geometry":{"type":"Polygon","coordinates":[[[77.6575926,12.9414645],[77.6584643,12.9417181],[77.6584482,12.9424866],[77.6599985,12.9425546],[77.660431,12.9423291],[77.6605086,12.9410429],[77.6605618,12.9403326],[77.6609641,12.9399248],[77.6615987,12.9396807],[77.661581,12.9389288],[77.6602828,12.9382936],[77.6601621,12.9379564],[77.6597598,12.9374518],[77.6588358,12.9370715],[77.6575561,12.9380331],[77.6578152,12.9383799],[77.6574209,12.9396216],[77.6576623,12.9400294],[77.6575926,12.9414645]]]}},{"type":"Feature","properties":{"osmId":"way/1107039358","kind":"wastewater_plant","name":"K&C Valley 60MLD Sewage Treatment Plant","nameKn":"ಕೋರಮಂಗಲ - ಚಲ್ಲಘಟ್ಟ ಕಣಿವೆ ಯೋಜನೆ","operator":"Bangalore Water Supply and Sewerage Board","capacity":null,"capacityMld":60.0,"areaM2":67375,"source":"osm-2026-09"},"geometry":{"type":"Polygon","coordinates":[[[77.6559779,12.9407535],[77.6560101,12.9410123],[77.6564411,12.9410532],[77.6564042,12.9414285],[77.6575926,12.9414645],[77.6576623,12.9400294],[77.6574209,12.9396216],[77.6578152,12.9383799],[77.6575561,12.9380331],[77.6548046,12.9401287],[77.6552267,12.9407993],[77.6553234,12.9407744],[77.6559779,12.9407535]]]}},{"type":"Feature","properties":{"osmId":"way/1107039359","kind":"wastewater_plant","name":"K&C Valley 30MLD Sewage Treatment Plant","nameKn":"ಕೋರಮಂಗಲ - ಚಲ್ಲಘಟ್ಟ ಕಣಿವೆ ಯೋಜನೆ","operator":"Bangalore Water Supply and Sewerage Board","capacity":null,"capacityMld":30.0,"areaM2":38323,"source":"osm-2026-09"},"geometry":{"type":"Polygon","coordinates":[[[77.6579518,12.9429025],[77.656432,12.942947],[77.6564205,12.9425184],[77.6550473,12.9425498],[77.6549662,12.9416516],[77.6560209,12.9415818],[77.6563878,12.9415955],[77.6579332,12.9417729],[77.6579518,12.9429025]]]}},{"type":"Feature","properties":{"osmId":"way/1107039360","kind":"wastewater_plant","name":"Kempabudhi Sewage Treatment Planet","nameKn":"ಕೆಂಪಾಂಬುಧಿ ಕೊಳಚೆ ನೀರು ಸಂಸ್ಕರಣ ಘಟಕ","operator":"BWSSB","capacity":null,"capacityMld":null,"areaM2":2493,"source":"osm-2026-09"},"geometry":{"type":"Polygon","coordinates":[[[77.5574289,12.9522806],[77.5575287,12.9526848],[77.5580144,12.952571],[77.5579146,12.9521668],[77.5574289,12.9522806]]]}},{"type":"Feature","properties":{"osmId":"way/1107039361","kind":"wastewater_plant","name":"Yelemallappa Chetti 15MLD Sewage Treatment Planet","nameKn":null,"operator":"Bangalore Water Supply and Sewerage Board","capacity":null,"capacityMld":15.0,"areaM2":18819,"source":"osm-2026-09"},"geometry":{"type":"Polygon","coordinates":[[[77.7192673,13.0220853],[77.7200291,13.0220958],[77.7201843,13.022186],[77.7201806,13.0224459],[77.7205494,13.022451],[77.7205595,13.0217533],[77.7207933,13.0211738],[77.720388,13.021122],[77.7198837,13.0210156],[77.7192539,13.0209878],[77.719266,13.0219821],[77.719267,13.0220579],[77.7192673,13.0220853]]]}},{"type":"Feature","properties":{"osmId":"way/1107039362","kind":"wastewater_plant","name":"Kadugodi 6MLD Sewage Treatment Planet","nameKn":null,"operator":"BWSSB","capacity":null,"capacityMld":6.0,"areaM2":14795,"source":"osm-2026-09"},"geometry":{"type":"Polygon","coordinates":[[[77.7772808,12.9973342],[77.777887,12.9971983],[77.7775705,12.9960222],[77.7764815,12.9960954],[77.776503,12.9962156],[77.7763206,12.9962522],[77.7772808,12.9973342]]]}},{"type":"Feature","properties":{"osmId":"way/1107039363","kind":"wastewater_plant","name":"Chikkabanavara 5MLD Sewage Treatment Plant","nameKn":null,"operator":"BWSSB","capacity":null,"capacityMld":5.0,"areaM2":7230,"source":"osm-2026-09"},"geometry":{"type":"Polygon","coordinates":[[[77.5129652,13.0834259],[77.5138637,13.0828329],[77.5136653,13.0823626],[77.5126165,13.0830157],[77.5127426,13.0831843],[77.5129652,13.0834259]]]}},{"type":"Feature","properties":{"osmId":"way/1107044278","kind":"wastewater_plant","name":null,"nameKn":null,"operator":"BWSSB","capacity":null,"capacityMld":null,"areaM2":172,"source":"osm-2026-09"},"geometry":{"type":"Polygon","coordinates":[[[77.5903033,13.093949],[77.5902846,13.0939473],[77.5902764,13.0939481],[77.5902662,13.0939505],[77.5902512,13.0939573],[77.5902353,13.0939706],[77.5902317,13.0939751],[77.5902251,13.093986],[77.5902205,13.0939989],[77.5902196,13.0940035],[77.5902196,13.0940251],[77.5902237,13.0940394],[77.590229,13.0940496],[77.5902331,13.0940553],[77.5902473,13.0940687],[77.5902628,13.0940769],[77.5902719,13.0940796],[77.5902811,13.0940811],[77.5902986,13.0940805],[77.5903177,13.0940746],[77.5903238,13.0940713],[77.5903332,13.0940645],[77.5903434,13.0940535],[77.5903534,13.094034],[77.5903546,13.0940297],[77.5903564,13.094016],[77.5903555,13.0940035],[77.5903543,13.0939979],[77.5903461,13.093979],[77.5903359,13.0939665],[77.5903277,13.0939598],[77.5903209,13.0939556],[77.5903033,13.093949]]]}},{"type":"Feature","properties":{"osmId":"way/1107044279","kind":"wastewater_plant","name":null,"nameKn":null,"operator":"BWSSB","capacity":null,"capacityMld":null,"areaM2":172,"source":"osm-2026-09"},"geometry":{"type":"Polygon","coordinates":[[[77.5900993,13.0938652],[77.5900806,13.0938635],[77.5900723,13.0938643],[77.5900621,13.0938667],[77.5900472,13.0938735],[77.5900312,13.0938868],[77.5900276,13.0938913],[77.5900211,13.0939022],[77.5900165,13.0939151],[77.5900155,13.0939196],[77.5900155,13.0939413],[77.5900196,13.0939556],[77.5900249,13.0939658],[77.5900289,13.0939714],[77.5900432,13.0939849],[77.5900587,13.0939931],[77.5900677,13.0939958],[77.590077,13.0939973],[77.5900945,13.0939967],[77.5901136,13.0939908],[77.5901197,13.0939875],[77.5901292,13.0939807],[77.5901394,13.0939697],[77.5901493,13.0939503],[77.5901505,13.0939459],[77.5901523,13.0939322],[77.5901515,13.0939197],[77.5901503,13.0939141],[77.5901421,13.0938952],[77.5901318,13.0938827],[77.5901237,13.093876],[77.5901168,13.0938718],[77.5900993,13.0938652]]]}},{"type":"Feature","properties":{"osmId":"way/1107044280","kind":"wastewater_plant","name":null,"nameKn":null,"operator":"BWSSB","capacity":null,"capacityMld":null,"areaM2":237,"source":"osm-2026-09"},"geometry":{"type":"Polygon","coordinates":[[[77.5903238,13.0933253],[77.5903052,13.0933232],[77.5902922,13.0933243],[77.5902865,13.0933254],[77.5902689,13.0933317],[77.5902629,13.093335],[77.5902534,13.0933417],[77.5902399,13.0933559],[77.5902312,13.0933708],[77.5902268,13.0933838],[77.5902259,13.0933883],[77.5902248,13.0934066],[77.5902257,13.0934144],[77.5902281,13.0934245],[77.5902367,13.0934432],[77.5902468,13.0934559],[77.5902582,13.0934656],[77.5902779,13.0934757],[77.5902868,13.0934783],[77.5902961,13.0934799],[77.5903183,13.0934794],[77.5903332,13.0934756],[77.5903478,13.0934687],[77.5903642,13.0934556],[77.5903708,13.0934478],[77.5903753,13.093441],[77.5903827,13.0934242],[77.5903839,13.0934198],[77.5903859,13.0934062],[77.590385,13.0933891],[77.5903794,13.0933705],[77.5903739,13.0933604],[77.59037,13.0933548],[77.5903571,13.0933415],[77.5903524,13.093338],[77.5903414,13.0933315],[77.5903238,13.0933253]]]}},{"type":"Feature","properties":{"osmId":"way/1107044281","kind":"wastewater_plant","name":null,"nameKn":null,"operator":"BWSSB","capacity":null,"capacityMld":null,"areaM2":237,"source":"osm-2026-09"},"geometry":{"type":"Polygon","coordinates":[[[77.5905795,13.0934238],[77.5905609,13.0934217],[77.590548,13.0934228],[77.5905423,13.0934239],[77.5905247,13.0934301],[77.5905186,13.0934335],[77.5905091,13.0934402],[77.5904956,13.0934544],[77.5904869,13.0934693],[77.5904825,13.0934823],[77.5904816,13.0934868],[77.5904805,13.093505],[77.5904814,13.0935129],[77.5904838,13.093523],[77.5904925,13.0935417],[77.5905025,13.0935544],[77.5905139,13.0935641],[77.5905336,13.0935742],[77.5905425,13.0935768],[77.5905519,13.0935784],[77.590574,13.0935779],[77.5905888,13.0935741],[77.5906035,13.0935672],[77.5906199,13.0935542],[77.5906265,13.0935463],[77.590631,13.0935395],[77.5906384,13.0935227],[77.5906396,13.0935183],[77.5906416,13.0935048],[77.5906407,13.0934877],[77.5906351,13.0934691],[77.5906297,13.0934589],[77.5906257,13.0934533],[77.5906128,13.09344],[77.5906082,13.0934365],[77.5905972,13.09343],[77.5905795,13.0934238]]]}},{"type":"Feature","properties":{"osmId":"way/1119204852","kind":"wastewater_plant","name":null,"nameKn":null,"operator":null,"capacity":null,"capacityMld":null,"areaM2":4618,"source":"osm-2026-09"},"geometry":{"type":"Polygon","coordinates":[[[77.7552796,12.8005071],[77.7559197,12.8004815],[77.7555308,12.7993254],[77.7554235,12.7993699],[77.7554476,12.7998511],[77.7552796,12.8005071]]]}},{"type":"Feature","properties":{"osmId":"way/1119204861","kind":"wastewater_plant","name":null,"nameKn":null,"operator":null,"capacity":null,"capacityMld":null,"areaM2":8756,"source":"osm-2026-09"},"geometry":{"type":"Polygon","coordinates":[[[77.678816,12.7696103],[77.6786131,12.7695219],[77.678251,12.7695193],[77.6776931,12.7689438],[77.6776828,12.7687999],[77.6791227,12.7688941],[77.678816,12.7696103]]]}},{"type":"Feature","properties":{"osmId":"way/1119204863","kind":"wastewater_plant","name":null,"nameKn":null,"operator":null,"capacity":null,"capacityMld":null,"areaM2":6394,"source":"osm-2026-09"},"geometry":{"type":"Polygon","coordinates":[[[77.6867643,12.7859674],[77.6862788,12.7858915],[77.6861367,12.7857006],[77.6858792,12.7855829],[77.6858895,12.7851524],[77.6866513,12.7851847],[77.6867643,12.7859674]]]}},{"type":"Feature","properties":{"osmId":"way/1119204870","kind":"wastewater_plant","name":null,"nameKn":null,"operator":null,"capacity":null,"capacityMld":null,"areaM2":7338,"source":"osm-2026-09"},"geometry":{"type":"Polygon","coordinates":[[[77.7521646,12.8167287],[77.7524221,12.8173669],[77.7531999,12.8170164],[77.7529049,12.8163207],[77.7521646,12.8167287]]]}},{"type":"Feature","properties":{"osmId":"way/1119204871","kind":"wastewater_plant","name":null,"nameKn":null,"operator":null,"capacity":null,"capacityMld":null,"areaM2":4745,"source":"osm-2026-09"},"geometry":{"type":"Polygon","coordinates":[[[77.7639471,12.8076874],[77.7647442,12.8082757],[77.7649902,12.8079588],[77.764206,12.8073782],[77.7639471,12.8076874]]]}},{"type":"Feature","properties":{"osmId":"way/1119204872","kind":"wastewater_plant","name":null,"nameKn":null,"operator":null,"capacity":null,"capacityMld":null,"areaM2":7655,"source":"osm-2026-09"},"geometry":{"type":"Polygon","coordinates":[[[77.7687299,12.7996131],[77.767812,12.7998776],[77.7691376,12.8008843],[77.7687299,12.7996131]]]}},{"type":"Feature","properties":{"osmId":"way/1119204874","kind":"wastewater_plant","name":null,"nameKn":null,"operator":null,"capacity":null,"capacityMld":null,"areaM2":3788,"source":"osm-2026-09"},"geometry":{"type":"Polygon","coordinates":[[[77.6942825,12.7959932],[77.6942021,12.7956584],[77.6947224,12.7952608],[77.6950067,12.7957525],[77.6942825,12.7959932]]]}},{"type":"Feature","properties":{"osmId":"way/1138097547","kind":"wastewater_plant","name":"MAHE Sewage Treatment Plant","nameKn":"ಕೊಳಚೆ ನೀರು ಸಂಸ್ಕರಣ ಘಟಕ","operator":"MAHE","capacity":null,"capacityMld":null,"areaM2":1715,"source":"osm-2026-09"},"geometry":{"type":"Polygon","coordinates":[[[77.5861828,13.1268915],[77.585816,13.127066],[77.5858655,13.1273811],[77.5862774,13.1272551],[77.5861828,13.1268915]]]}},{"type":"Feature","properties":{"osmId":"way/1154805834","kind":"wastewater_plant","name":"Yelahanka Waste Water Treatment Plant","nameKn":null,"operator":"BWSSB","capacity":null,"capacityMld":null,"areaM2":19255,"source":"osm-2026-09"},"geometry":{"type":"Polygon","coordinates":[[[77.5766854,13.1106392],[77.5753359,13.1103249],[77.575065,13.1103519],[77.5751844,13.1094929],[77.5760561,13.1094537],[77.5760943,13.1094536],[77.5767701,13.1094522],[77.5766854,13.1106392]]]}},{"type":"Feature","properties":{"osmId":"way/1157371848","kind":"wastewater_plant","name":null,"nameKn":null,"operator":null,"capacity":null,"capacityMld":null,"areaM2":12606,"source":"osm-2026-09"},"geometry":{"type":"Polygon","coordinates":[[[77.7364905,12.9815045],[77.7364125,12.9809184],[77.7363939,12.9807808],[77.7368585,12.9807124],[77.7370896,12.9807993],[77.7382547,12.9812371],[77.7382974,12.9814908],[77.7364905,12.9815045]]]}},{"type":"Feature","properties":{"osmId":"way/1157373977","kind":"wastewater_plant","name":null,"nameKn":null,"operator":null,"capacity":null,"capacityMld":null,"areaM2":96,"source":"osm-2026-09"},"geometry":{"type":"Polygon","coordinates":[[[77.616125,12.915268],[77.6161123,12.9153172],[77.6162644,12.9153545],[77.6162771,12.9153053],[77.616125,12.915268]]]}},{"type":"Feature","properties":{"osmId":"way/1182968271","kind":"wastewater_plant","name":"Rachenahalli 10MLD Sewage Treatment Planet","nameKn":null,"operator":"BWSSB","capacity":null,"capacityMld":10.0,"areaM2":9636,"source":"osm-2026-09"},"geometry":{"type":"Polygon","coordinates":[[[77.6114818,13.0670718],[77.6101999,13.0674575],[77.6103026,13.0678544],[77.6103576,13.0679407],[77.6104742,13.067972],[77.6114881,13.0678361],[77.6114884,13.0677473],[77.6114818,13.0670718]]]}},{"type":"Feature","properties":{"osmId":"way/1187741528","kind":"wastewater_plant","name":null,"nameKn":null,"operator":null,"capacity":null,"capacityMld":null,"areaM2":958,"source":"osm-2026-09"},"geometry":{"type":"Polygon","coordinates":[[[77.5624983,12.9814639],[77.5626276,12.9814679],[77.5626477,12.9808516],[77.5625183,12.9808476],[77.5624983,12.9814639]]]}},{"type":"Feature","properties":{"osmId":"way/1187884293","kind":"wastewater_plant","name":null,"nameKn":null,"operator":null,"capacity":null,"capacityMld":null,"areaM2":3651,"source":"osm-2026-09"},"geometry":{"type":"Polygon","coordinates":[[[77.7258897,13.2093841],[77.7265348,13.2090486],[77.7264745,13.2087347],[77.7262985,13.2087705],[77.7257872,13.2088216],[77.7258897,13.2093841]]]}},{"type":"Feature","properties":{"osmId":"way/1188681297","kind":"wastewater_plant","name":"STP-3","nameKn":null,"operator":null,"capacity":null,"capacityMld":null,"areaM2":12824,"source":"osm-2026-09"},"geometry":{"type":"Polygon","coordinates":[[[77.4452068,12.9382092],[77.4460731,12.937702],[77.4454535,12.9368054],[77.4451799,12.9368681],[77.4453435,12.9373256],[77.4448447,12.9375661],[77.4446649,12.9383608],[77.4450136,12.9383974],[77.4452068,12.9382092]]]}},{"type":"Feature","properties":{"osmId":"way/1188681298","kind":"wastewater_plant","name":"STP-2","nameKn":null,"operator":null,"capacity":null,"capacityMld":null,"areaM2":15978,"source":"osm-2026-09"},"geometry":{"type":"Polygon","coordinates":[[[77.455671,12.9372406],[77.454316,12.937512],[77.4541752,12.9371865],[77.4541162,12.9369891],[77.4540612,12.936401],[77.4549213,12.9362428],[77.4549946,12.9363474],[77.4555418,12.9370427],[77.455671,12.9372406]]]}},{"type":"Feature","properties":{"osmId":"way/1188681302","kind":"wastewater_plant","name":"STP-1","nameKn":null,"operator":null,"capacity":null,"capacityMld":null,"areaM2":11384,"source":"osm-2026-09"},"geometry":{"type":"Polygon","coordinates":[[[77.4563491,12.9531178],[77.4579316,12.9526054],[77.4577546,12.9519415],[77.4571109,12.9521741],[77.4565047,12.9524982],[77.4563491,12.9531178]]]}},{"type":"Feature","properties":{"osmId":"way/1188688475","kind":"wastewater_plant","name":null,"nameKn":null,"operator":null,"capacity":null,"capacityMld":null,"areaM2":4186,"source":"osm-2026-09"},"geometry":{"type":"Polygon","coordinates":[[[77.6938775,12.7761897],[77.6933491,12.7763205],[77.6933079,12.7760587],[77.6932311,12.7755698],[77.6936442,12.7755253],[77.6938775,12.7761897]]]}},{"type":"Feature","properties":{"osmId":"way/1212362560","kind":"wastewater_plant","name":null,"nameKn":null,"operator":null,"capacity":null,"capacityMld":null,"areaM2":1187,"source":"osm-2026-09"},"geometry":{"type":"Polygon","coordinates":[[[77.682578,12.9201902],[77.6829425,12.9201849],[77.6829272,12.9198554],[77.6827172,12.9198525],[77.6825948,12.9201176],[77.6825708,12.9201166],[77.682578,12.9201902]]]}},{"type":"Feature","properties":{"osmId":"way/1218758997","kind":"wastewater_plant","name":null,"nameKn":null,"operator":null,"capacity":null,"capacityMld":null,"areaM2":4386,"source":"osm-2026-09"},"geometry":{"type":"Polygon","coordinates":[[[77.6100048,12.9051889],[77.6109141,12.9050686],[77.6108524,12.9046503],[77.6100638,12.904747],[77.6100048,12.9051889]]]}},{"type":"Feature","properties":{"osmId":"way/1232959617","kind":"wastewater_plant","name":null,"nameKn":null,"operator":null,"capacity":null,"capacityMld":null,"areaM2":65965,"source":"osm-2026-09"},"geometry":{"type":"Polygon","coordinates":[[[77.5668107,13.0551541],[77.5670814,13.0538915],[77.5660112,13.0538706],[77.5660314,13.0528905],[77.5664938,13.0528996],[77.5665058,13.0523136],[77.5663626,13.0523108],[77.5663702,13.0519423],[77.5660729,13.0519365],[77.5660893,13.0511402],[77.5666712,13.0511515],[77.5666923,13.0503462],[77.5671827,13.0512183],[77.5683619,13.0533151],[77.5677788,13.0540875],[77.5679419,13.0544194],[77.5668107,13.0551541]]]}},{"type":"Feature","properties":{"osmId":"way/1236610923","kind":"wastewater_plant","name":null,"nameKn":null,"operator":null,"capacity":null,"capacityMld":null,"areaM2":100,"source":"osm-2026-09"},"geometry":{"type":"Polygon","coordinates":[[[77.598509,13.1067655],[77.5985421,13.1066657],[77.5986175,13.1066895],[77.5985844,13.1067892],[77.598509,13.1067655]]]}},{"type":"Feature","properties":{"osmId":"way/1239013018","kind":"wastewater_plant","name":null,"nameKn":null,"operator":null,"capacity":null,"capacityMld":null,"areaM2":9663,"source":"osm-2026-09"},"geometry":{"type":"Polygon","coordinates":[[[77.5406107,13.046476],[77.5412665,13.0459991],[77.5418781,13.0469751],[77.5413041,13.0472847],[77.5406107,13.046476]]]}},{"type":"Feature","properties":{"osmId":"way/1240806707","kind":"wastewater_plant","name":"STP-4","nameKn":null,"operator":null,"capacity":null,"capacityMld":null,"areaM2":11848,"source":"osm-2026-09"},"geometry":{"type":"Polygon","coordinates":[[[77.4582157,12.9235215],[77.4591421,12.9240535],[77.458977,12.923374],[77.4594402,12.9232712],[77.4593852,12.9231818],[77.45911,12.9227348],[77.4576883,12.923222],[77.4582157,12.9235215]]]}},{"type":"Feature","properties":{"osmId":"way/1240806803","kind":"wastewater_plant","name":"STP-6","nameKn":null,"operator":null,"capacity":null,"capacityMld":null,"areaM2":12094,"source":"osm-2026-09"},"geometry":{"type":"Polygon","coordinates":[[[77.4426971,12.9027975],[77.4426236,12.9020653],[77.4424031,12.901545],[77.4423423,12.9014795],[77.4423327,12.9014079],[77.4431958,12.9014235],[77.4433868,12.9014309],[77.4433972,12.9019158],[77.4433972,12.9021027],[77.4433013,12.9023395],[77.4429529,12.9028412],[77.4426971,12.9027975]]]}},{"type":"Feature","properties":{"osmId":"way/1241104764","kind":"wastewater_plant","name":"Doddabomasandra STP","nameKn":"ದೊಡ್ಡಬೊಮ್ಮಸಂದ್ರ","operator":"BWSSB","capacity":null,"capacityMld":null,"areaM2":4844,"source":"osm-2026-09"},"geometry":{"type":"Polygon","coordinates":[[[77.565674,13.0644853],[77.5656445,13.0645199],[77.5654721,13.065032],[77.5656209,13.0650676],[77.5658246,13.0645649],[77.5662594,13.0647949],[77.566368,13.0645023],[77.5663277,13.064305],[77.5663492,13.0641352],[77.5663161,13.064005],[77.5662821,13.0638713],[77.5660756,13.0639353],[77.5660408,13.0642815],[77.565674,13.0644853]]]}},{"type":"Feature","properties":{"osmId":"way/1241563219","kind":"wastewater_plant","name":"Sewage Treatment Plant","nameKn":"ಕೊಳಚೆ ನೀರು ಸಂಸ್ಕರಣ ಘಟಕ","operator":null,"capacity":null,"capacityMld":null,"areaM2":590,"source":"osm-2026-09"},"geometry":{"type":"Polygon","coordinates":[[[77.7119553,13.016289],[77.7120635,13.0162341],[77.7118725,13.0158768],[77.7117644,13.0159317],[77.7119553,13.016289]]]}},{"type":"Feature","properties":{"osmId":"way/1241578328","kind":"wastewater_plant","name":null,"nameKn":null,"operator":null,"capacity":null,"capacityMld":null,"areaM2":2840,"source":"osm-2026-09"},"geometry":{"type":"Polygon","coordinates":[[[77.4508873,12.9171905],[77.45095,12.9172562],[77.4509875,12.9173382],[77.4509957,12.9174276],[77.4509738,12.9175147],[77.4509241,12.9175903],[77.450852,12.9176461],[77.4507652,12.9176761],[77.4506727,12.9176771],[77.4505848,12.9176486],[77.4505112,12.9175938],[77.45046,12.9175187],[77.4504366,12.9174314],[77.4504437,12.9173414],[77.4504804,12.9172586],[77.4505428,12.9171919],[77.4506241,12.9171487],[77.4507153,12.9171336],[77.4508062,12.9171481],[77.4508873,12.9171905]]]}},{"type":"Feature","properties":{"osmId":"way/1242263668","kind":"wastewater_plant","name":null,"nameKn":null,"operator":null,"capacity":null,"capacityMld":null,"areaM2":2341,"source":"osm-2026-09"},"geometry":{"type":"Polygon","coordinates":[[[77.6385489,12.9332091],[77.6388775,12.9329529],[77.6384644,12.9325908],[77.638223,12.9327791],[77.6385489,12.9332091]]]}},{"type":"Feature","properties":{"osmId":"way/1252323471","kind":"wastewater_plant","name":"Sewage Treatment Plant","nameKn":null,"operator":null,"capacity":null,"capacityMld":null,"areaM2":17444,"source":"osm-2026-09"},"geometry":{"type":"Polygon","coordinates":[[[77.6808366,13.0511323],[77.6815581,13.0512486],[77.682061,13.0511205],[77.6819833,13.050594],[77.6816024,13.0507077],[77.6813972,13.0506045],[77.6810164,13.0495384],[77.680327,13.0496899],[77.6808366,13.0511323]]]}},{"type":"Feature","properties":{"osmId":"way/1269088649","kind":"wastewater_plant","name":"7STP-6","nameKn":null,"operator":null,"capacity":null,"capacityMld":null,"areaM2":13939,"source":"osm-2026-09"},"geometry":{"type":"Polygon","coordinates":[[[77.4448774,12.9170714],[77.4450007,12.9173981],[77.4448907,12.9176046],[77.4452689,12.9179053],[77.445314,12.9182546],[77.4442081,12.9184281],[77.4440002,12.9173928],[77.4448774,12.9170714]]]}},{"type":"Feature","properties":{"osmId":"way/1269088651","kind":"wastewater_plant","name":"STP-5","nameKn":null,"operator":null,"capacity":null,"capacityMld":null,"areaM2":12167,"source":"osm-2026-09"},"geometry":{"type":"Polygon","coordinates":[[[77.4569982,12.9082033],[77.4570975,12.9068491],[77.456376,12.9066948],[77.4559066,12.906938],[77.4565825,12.9078818],[77.4569982,12.9082033]]]}},{"type":"Feature","properties":{"osmId":"way/1269088653","kind":"wastewater_plant","name":null,"nameKn":null,"operator":null,"capacity":null,"capacityMld":null,"areaM2":8044,"source":"osm-2026-09"},"geometry":{"type":"Polygon","coordinates":[[[77.4527764,12.9715442],[77.4534751,12.9714749],[77.453561,12.9710044],[77.4527661,12.9708161],[77.4525075,12.9707548],[77.4524251,12.971454],[77.4527764,12.9715442]]]}},{"type":"Feature","properties":{"osmId":"way/1269088659","kind":"wastewater_plant","name":"5MLD STP","nameKn":null,"operator":null,"capacity":null,"capacityMld":5.0,"areaM2":15930,"source":"osm-2026-09"},"geometry":{"type":"Polygon","coordinates":[[[77.4566039,12.9703379],[77.4576768,12.970053],[77.4575213,12.9688141],[77.4566549,12.9692611],[77.4563089,12.9692976],[77.4566039,12.9703379]]]}},{"type":"Feature","properties":{"osmId":"way/1272686458","kind":"wastewater_plant","name":null,"nameKn":null,"operator":"BWSSB","capacity":null,"capacityMld":null,"areaM2":42,"source":"osm-2026-09"},"geometry":{"type":"Polygon","coordinates":[[[77.5899658,13.0935177],[77.5900181,13.0935389],[77.5900422,13.0934824],[77.58999,13.0934612],[77.5899658,13.0935177]]]}},{"type":"Feature","properties":{"osmId":"way/1272686459","kind":"wastewater_plant","name":null,"nameKn":null,"operator":"BWSSB","capacity":null,"capacityMld":null,"areaM2":43,"source":"osm-2026-09"},"geometry":{"type":"Polygon","coordinates":[[[77.5900981,13.0935746],[77.5901423,13.0935926],[77.5901718,13.0935237],[77.5901275,13.0935057],[77.5900981,13.0935746]]]}},{"type":"Feature","properties":{"osmId":"way/1272686460","kind":"wastewater_plant","name":null,"nameKn":null,"operator":"BWSSB","capacity":null,"capacityMld":null,"areaM2":174,"source":"osm-2026-09"},"geometry":{"type":"Polygon","coordinates":[[[77.5898561,13.0937546],[77.5899526,13.0937937],[77.5900074,13.0936657],[77.5899109,13.0936265],[77.5898561,13.0937546]]]}},{"type":"Feature","properties":{"osmId":"way/1274050068","kind":"wastewater_plant","name":null,"nameKn":null,"operator":null,"capacity":null,"capacityMld":null,"areaM2":1373,"source":"osm-2026-09"},"geometry":{"type":"Polygon","coordinates":[[[77.6880048,12.956397],[77.6883629,12.9564257],[77.6883897,12.9561083],[77.6880317,12.9560796],[77.6880048,12.956397]]]}},{"type":"Feature","properties":{"osmId":"way/1277628914","kind":"wastewater_plant","name":"Sewage Treatment Plant","nameKn":"ಕೊಳಚೆ ನೀರು ಸಂಸ್ಕರಣ ಘಟಕ","operator":null,"capacity":null,"capacityMld":null,"areaM2":296,"source":"osm-2026-09"},"geometry":{"type":"Polygon","coordinates":[[[77.5859106,13.1276745],[77.5860159,13.1276414],[77.5859454,13.127429],[77.5858401,13.1274621],[77.5859106,13.1276745]]]}},{"type":"Feature","properties":{"osmId":"way/1279680516","kind":"wastewater_plant","name":"Sewage Treatment Plant","nameKn":"ಕೊಳಚೆ ನೀರು ಸಂಸ್ಕರಣ ಘಟಕ","operator":null,"capacity":null,"capacityMld":null,"areaM2":1848,"source":"osm-2026-09"},"geometry":{"type":"Polygon","coordinates":[[[77.6599529,12.9597807],[77.6598993,12.9593258],[77.6603204,12.9594409],[77.6603445,12.9597519],[77.6599529,12.9597807]]]}},{"type":"Feature","properties":{"osmId":"way/1293610899","kind":"wastewater_plant","name":"Sewage Treatment Plant","nameKn":"ಕೊಳಚೆ ನೀರು ಸಂಸ್ಕರಣ ಘಟಕ","operator":null,"capacity":null,"capacityMld":null,"areaM2":1765,"source":"osm-2026-09"},"geometry":{"type":"Polygon","coordinates":[[[77.5833946,12.9625657],[77.5836666,12.9624757],[77.5834977,12.9619909],[77.5832257,12.9620809],[77.5833946,12.9625657]]]}},{"type":"Feature","properties":{"osmId":"way/1296416052","kind":"wastewater_plant","name":"Sewage Treatment Plant","nameKn":"ಕೊಳಚೆ ನೀರು ಸಂಸ್ಕರಣ ಘಟಕ","operator":null,"capacity":null,"capacityMld":null,"areaM2":371,"source":"osm-2026-09"},"geometry":{"type":"Polygon","coordinates":[[[77.6779036,12.9188647],[77.6781625,12.918868],[77.678164,12.9187486],[77.6779052,12.9187453],[77.6779036,12.9188647]]]}},{"type":"Feature","properties":{"osmId":"way/1298074046","kind":"wastewater_plant","name":"Sewage Treatment Plant","nameKn":"ಕೊಳಚೆ ನೀರು ಸಂಸ್ಕರಣ ಘಟಕ","operator":null,"capacity":null,"capacityMld":null,"areaM2":2391,"source":"osm-2026-09"},"geometry":{"type":"Polygon","coordinates":[[[77.5946529,12.9427848],[77.5946626,12.941935],[77.5944921,12.9419364],[77.5944923,12.9419572],[77.5943796,12.9422461],[77.5943863,12.9426238],[77.5945416,12.9427589],[77.5946529,12.9427848]]]}},{"type":"Feature","properties":{"osmId":"way/1299914675","kind":"wastewater_plant","name":null,"nameKn":null,"operator":null,"capacity":null,"capacityMld":null,"areaM2":1177,"source":"osm-2026-09"},"geometry":{"type":"Polygon","coordinates":[[[77.666956,12.8830812],[77.6672149,12.8830548],[77.6671746,12.8826803],[77.6669157,12.8827067],[77.666956,12.8830812]]]}},{"type":"Feature","properties":{"osmId":"way/1302390092","kind":"wastewater_plant","name":null,"nameKn":null,"operator":"BWSSB","capacity":null,"capacityMld":null,"areaM2":979,"source":"osm-2026-09"},"geometry":{"type":"Polygon","coordinates":[[[77.5901247,13.093786],[77.5903844,13.0938862],[77.5904949,13.0936145],[77.5902351,13.0935143],[77.5901247,13.093786]]]}},{"type":"Feature","properties":{"osmId":"way/1302390093","kind":"wastewater_plant","name":null,"nameKn":null,"operator":"Bangalore Water Supply and Sewerage Board","capacity":null,"capacityMld":null,"areaM2":220,"source":"osm-2026-09"},"geometry":{"type":"Polygon","coordinates":[[[77.5906938,13.09361],[77.5907657,13.0934462],[77.5908605,13.0934857],[77.5907891,13.0936484],[77.5906938,13.09361]]]}},{"type":"Feature","properties":{"osmId":"way/1302390094","kind":"wastewater_plant","name":null,"nameKn":null,"operator":"BWSSB","capacity":null,"capacityMld":null,"areaM2":313,"source":"osm-2026-09"},"geometry":{"type":"Polygon","coordinates":[[[77.5906335,13.093169],[77.5906782,13.0930701],[77.5904575,13.0929754],[77.5904128,13.0930743],[77.5906335,13.093169]]]}},{"type":"Feature","properties":{"osmId":"way/1302390095","kind":"wastewater_plant","name":null,"nameKn":null,"operator":"BWSSB","capacity":null,"capacityMld":null,"areaM2":116,"source":"osm-2026-09"},"geometry":{"type":"Polygon","coordinates":[[[77.5901756,13.0932541],[77.5902163,13.0931469],[77.5901372,13.0931184],[77.5900965,13.0932256],[77.5901756,13.0932541]]]}},{"type":"Feature","properties":{"osmId":"way/1302390096","kind":"wastewater_plant","name":null,"nameKn":null,"operator":"BWSSB","capacity":null,"capacityMld":null,"areaM2":217,"source":"osm-2026-09"},"geometry":{"type":"Polygon","coordinates":[[[77.5903682,13.0931873],[77.5904241,13.0932122],[77.5904386,13.0931812],[77.5905796,13.0932439],[77.5905434,13.0933211],[77.5904291,13.0932702],[77.5904206,13.0932882],[77.590338,13.0932515],[77.5903682,13.0931873]]]}},{"type":"Feature","properties":{"osmId":"way/1302390097","kind":"wastewater_plant","name":null,"nameKn":null,"operator":"BWSSB","capacity":null,"capacityMld":null,"areaM2":119,"source":"osm-2026-09"},"geometry":{"type":"Polygon","coordinates":[[[77.5906095,13.0933467],[77.5906446,13.0932579],[77.5907415,13.0932943],[77.5907064,13.0933831],[77.5906095,13.0933467]]]}},{"type":"Feature","properties":{"osmId":"way/1302390098","kind":"wastewater_plant","name":null,"nameKn":null,"operator":"BWSSB","capacity":null,"capacityMld":null,"areaM2":114,"source":"osm-2026-09"},"geometry":{"type":"Polygon","coordinates":[[[77.5907488,13.0934033],[77.5908439,13.0934446],[77.5908821,13.0933611],[77.5907869,13.0933198],[77.5907488,13.0934033]]]}},{"type":"Feature","properties":{"osmId":"way/1302390099","kind":"wastewater_plant","name":null,"nameKn":null,"operator":"BWSSB","capacity":null,"capacityMld":null,"areaM2":238,"source":"osm-2026-09"},"geometry":{"type":"Polygon","coordinates":[[[77.590186,13.0929974],[77.5903751,13.093076],[77.5904139,13.0929874],[77.5902247,13.0929088],[77.590186,13.0929974]]]}},{"type":"Feature","properties":{"osmId":"way/1302390100","kind":"wastewater_plant","name":null,"nameKn":null,"operator":"BWSSB","capacity":null,"capacityMld":null,"areaM2":218,"source":"osm-2026-09"},"geometry":{"type":"Polygon","coordinates":[[[77.5906248,13.0937725],[77.5907201,13.0938109],[77.5907891,13.0936484],[77.5906938,13.09361],[77.5906248,13.0937725]]]}},{"type":"Feature","properties":{"osmId":"way/1303541192","kind":"wastewater_plant","name":null,"nameKn":null,"operator":null,"capacity":null,"capacityMld":null,"areaM2":1853,"source":"osm-2026-09"},"geometry":{"type":"Polygon","coordinates":[[[77.6672056,12.965058],[77.6670804,12.9646443],[77.6673602,12.9644644],[77.6675194,12.9649561],[77.6672056,12.965058]]]}},{"type":"Feature","properties":{"osmId":"way/1304109122","kind":"wastewater_plant","name":"Hemmigepura 13 MLD Sewage Treatment Plant","nameKn":"ಕೊಳಚೆ ನೀರು ಸಂಸ್ಕರಣ ಘಟಕ ಹೆಮ್ಮಿಗೆಪುರ","operator":null,"capacity":null,"capacityMld":13.0,"areaM2":41269,"source":"osm-2026-09"},"geometry":{"type":"Polygon","coordinates":[[[77.4828547,12.8853966],[77.4833643,12.885415],[77.4839357,12.8852398],[77.4839546,12.8853547],[77.4841036,12.8862631],[77.4841502,12.8865471],[77.4845231,12.8879302],[77.4831444,12.8880845],[77.4831417,12.8880218],[77.4825972,12.887891],[77.4830747,12.8866386],[77.4830666,12.8861444],[77.4828547,12.8853966]]]}},{"type":"Feature","properties":{"osmId":"way/1309832768","kind":"wastewater_plant","name":null,"nameKn":"ಕೊಳಚೆ ನೀರು ಸಂಸ್ಕರಣ ಘಟಕ","operator":null,"capacity":null,"capacityMld":null,"areaM2":2097,"source":"osm-2026-09"},"geometry":{"type":"Polygon","coordinates":[[[77.6352525,12.9677085],[77.6349065,12.9676225],[77.6350161,12.9672086],[77.6352493,12.967275],[77.635471,12.9673324],[77.6352525,12.9677085]]]}},{"type":"Feature","properties":{"osmId":"way/131036117","kind":"wastewater_plant","name":null,"nameKn":null,"operator":null,"capacity":null,"capacityMld":null,"areaM2":12645,"source":"osm-2026-09"},"geometry":{"type":"Polygon","coordinates":[[[77.6710386,12.9423508],[77.6713229,12.9418176],[77.672149,12.9421992],[77.6723314,12.9422567],[77.6724564,12.9422032],[77.6725514,12.942194],[77.6728893,12.9423665],[77.6725674,12.9428318],[77.67251,12.9428985],[77.6715858,12.9427639],[77.6716501,12.9426384],[77.6715169,12.9425758],[77.6710386,12.9423508]]]}},{"type":"Feature","properties":{"osmId":"way/1318316732","kind":"wastewater_plant","name":"Sewage Treatment Plant","nameKn":"ಕೊಳಚೆ ನೀರು ಸಂಸ್ಕರಣ ಘಟಕ","operator":"Bangalore Water Supply and Sewerage Board","capacity":null,"capacityMld":null,"areaM2":2610,"source":"osm-2026-09"},"geometry":{"type":"Polygon","coordinates":[[[77.7193528,12.971754],[77.7195405,12.9717618],[77.7195754,12.9715788],[77.7196076,12.9710064],[77.7193501,12.9709097],[77.7192777,12.9710169],[77.7193528,12.971754]]]}},{"type":"Feature","properties":{"osmId":"way/1327758260","kind":"wastewater_plant","name":"STP-6","nameKn":null,"operator":null,"capacity":null,"capacityMld":null,"areaM2":6702,"source":"osm-2026-09"},"geometry":{"type":"Polygon","coordinates":[[[77.4491297,12.8900928],[77.4483897,12.8903958],[77.4487691,12.8910363],[77.4490682,12.8908981],[77.4494479,12.8907227],[77.4491297,12.8900928]]]}},{"type":"Feature","properties":{"osmId":"way/133000518","kind":"wastewater_plant","name":"Vidyaranyapura Sewage Treatment Plant","nameKn":"ವಿದ್ಯರಣ್ಯಪುರ ಕೊಳಚೆ ನೀರು ಸಂಸ್ಕರಣ ಘಟಕ","operator":"Bangalore Water Supply and Sewerage Board","capacity":null,"capacityMld":null,"areaM2":8102,"source":"osm-2026-09"},"geometry":{"type":"Polygon","coordinates":[[[77.5567433,13.0727397],[77.5571306,13.0736051],[77.5577863,13.0733266],[77.5573989,13.0724612],[77.5567433,13.0727397]]]}},{"type":"Feature","properties":{"osmId":"way/133004362","kind":"wastewater_plant","name":null,"nameKn":null,"operator":"BWSSB","capacity":null,"capacityMld":null,"areaM2":3903,"source":"osm-2026-09"},"geometry":{"type":"Polygon","coordinates":[[[77.5609936,13.0406473],[77.5612155,13.0411052],[77.5606346,13.0413723],[77.5604127,13.0409145],[77.5609936,13.0406473]]]}},{"type":"Feature","properties":{"osmId":"way/1331849874","kind":"wastewater_plant","name":null,"nameKn":null,"operator":null,"capacity":null,"capacityMld":null,"areaM2":5146,"source":"osm-2026-09"},"geometry":{"type":"Polygon","coordinates":[[[77.4705744,13.0620771],[77.471053,13.0619574],[77.4708194,13.0610894],[77.4703637,13.061235],[77.4705744,13.0620771]]]}},{"type":"Feature","properties":{"osmId":"way/1348650379","kind":"wastewater_plant","name":"Sewage Treatment Plant","nameKn":"ಕೊಳಚೆ ನೀರು ಸಂಸ್ಕರಣ ಘಟಕ","operator":null,"capacity":null,"capacityMld":null,"areaM2":1645,"source":"osm-2026-09"},"geometry":{"type":"Polygon","coordinates":[[[77.581796,13.1090958],[77.581729,13.1092904],[77.5817314,13.1093158],[77.5817382,13.1093404],[77.5817491,13.1093636],[77.5817677,13.1093891],[77.5817913,13.1094103],[77.5818188,13.1094263],[77.5822118,13.1094237],[77.5822239,13.1091624],[77.581796,13.1090958]]]}},{"type":"Feature","properties":{"osmId":"way/1349544805","kind":"wastewater_plant","name":null,"nameKn":null,"operator":null,"capacity":null,"capacityMld":null,"areaM2":1378,"source":"osm-2026-09"},"geometry":{"type":"Polygon","coordinates":[[[77.6187354,13.3078668],[77.6189386,13.3078661],[77.6189366,13.3073004],[77.6187334,13.3073011],[77.6187354,13.3078668]]]}},{"type":"Feature","properties":{"osmId":"way/1350961415","kind":"wastewater_plant","name":"ETP","nameKn":null,"operator":null,"capacity":null,"capacityMld":null,"areaM2":533,"source":"osm-2026-09"},"geometry":{"type":"Polygon","coordinates":[[[77.6045338,12.9839488],[77.6045664,12.9840596],[77.6049365,12.9839564],[77.604904,12.9838456],[77.6045338,12.9839488]]]}},{"type":"Feature","properties":{"osmId":"way/1353056816","kind":"wastewater_plant","name":"Sewage Treatment Plant","nameKn":"ಕೊಳಚೆ ನೀರು ಸಂಸ್ಕರಣ ಘಟಕ","operator":null,"capacity":null,"capacityMld":null,"areaM2":1402,"source":"osm-2026-09"},"geometry":{"type":"Polygon","coordinates":[[[77.5308046,13.036523],[77.5310929,13.0364524],[77.5309947,13.0360713],[77.5307063,13.0361419],[77.5308046,13.036523]]]}},{"type":"Feature","properties":{"osmId":"way/1360813688","kind":"wastewater_plant","name":null,"nameKn":null,"operator":null,"capacity":null,"capacityMld":null,"areaM2":6891,"source":"osm-2026-09"},"geometry":{"type":"Polygon","coordinates":[[[77.4770021,13.1223085],[77.4772006,13.1226586],[77.4774313,13.1228937],[77.4779758,13.1228466],[77.4781179,13.1221283],[77.4770021,13.1223085]]]}},{"type":"Feature","properties":{"osmId":"way/1363975913","kind":"wastewater_plant","name":"Kaggadasapura STP","nameKn":null,"operator":null,"capacity":null,"capacityMld":null,"areaM2":5907,"source":"osm-2026-09"},"geometry":{"type":"Polygon","coordinates":[[[77.6692186,12.9835319],[77.6691516,12.9836456],[77.6691583,12.9837462],[77.6692669,12.9838233],[77.6695043,12.9838782],[77.6700971,12.9837541],[77.6702902,12.9836038],[77.6701869,12.9833085],[77.6700944,12.9832039],[77.6699562,12.9832039],[77.6695861,12.9833816],[77.6692186,12.9835319]]]}},{"type":"Feature","properties":{"osmId":"way/1370870221","kind":"wastewater_plant","name":"250 KLD Water Reclamation Plant","nameKn":null,"operator":null,"capacity":null,"capacityMld":0.25,"areaM2":87,"source":"osm-2026-09"},"geometry":{"type":"Polygon","coordinates":[[[77.6655108,12.9223999],[77.665586,12.9224079],[77.6655967,12.9223129],[77.6655214,12.9223049],[77.6655108,12.9223999]]]}},{"type":"Feature","properties":{"osmId":"way/1373633394","kind":"wastewater_plant","name":"STP","nameKn":null,"operator":null,"capacity":null,"capacityMld":null,"areaM2":117,"source":"osm-2026-09"},"geometry":{"type":"Polygon","coordinates":[[[77.6145334,12.8510666],[77.6144716,12.8510752],[77.6144505,12.850925],[77.6145242,12.8509292],[77.6145334,12.8510666]]]}},{"type":"Feature","properties":{"osmId":"way/1377260792","kind":"wastewater_plant","name":"Falcon City waster water treatment plant","nameKn":null,"operator":null,"capacity":null,"capacityMld":null,"areaM2":504,"source":"osm-2026-09"},"geometry":{"type":"Polygon","coordinates":[[[77.8572672,12.7806716],[77.8572428,12.7805026],[77.8574771,12.7804764],[77.8575088,12.7806549],[77.8572672,12.7806716]]]}},{"type":"Feature","properties":{"osmId":"way/1387376882","kind":"wastewater_plant","name":null,"nameKn":null,"operator":null,"capacity":null,"capacityMld":null,"areaM2":146,"source":"osm-2026-09"},"geometry":{"type":"Polygon","coordinates":[[[77.7579851,13.0610153],[77.7581555,13.0609852],[77.7581407,13.0608859],[77.7580656,13.0609238],[77.7579704,13.0609931],[77.7579851,13.0610153]]]}},{"type":"Feature","properties":{"osmId":"way/1410389264","kind":"wastewater_plant","name":null,"nameKn":null,"operator":null,"capacity":null,"capacityMld":null,"areaM2":2442,"source":"osm-2026-09"},"geometry":{"type":"Polygon","coordinates":[[[77.6873893,13.012569],[77.6878265,13.0125991],[77.68786,13.0121359],[77.6874228,13.0121059],[77.6873893,13.012569]]]}},{"type":"Feature","properties":{"osmId":"way/1410389583","kind":"wastewater_plant","name":null,"nameKn":null,"operator":"BWSSB","capacity":null,"capacityMld":null,"areaM2":10401,"source":"osm-2026-09"},"geometry":{"type":"Polygon","coordinates":[[[77.6917733,13.0153901],[77.6907045,13.0151824],[77.690628,13.0157272],[77.6906937,13.0160056],[77.6917572,13.0161349],[77.6917733,13.0153901]]]}},{"type":"Feature","properties":{"osmId":"way/1418664051","kind":"wastewater_plant","name":null,"nameKn":null,"operator":null,"capacity":null,"capacityMld":null,"areaM2":5025,"source":"osm-2026-09"},"geometry":{"type":"Polygon","coordinates":[[[77.6477422,13.0421384],[77.6468678,13.0418066],[77.6467044,13.0421832],[77.6470099,13.0423161],[77.6471695,13.0424572],[77.6474345,13.0424876],[77.6476134,13.0425082],[77.6477422,13.0421384]]]}},{"type":"Feature","properties":{"osmId":"way/1427510678","kind":"wastewater_plant","name":null,"nameKn":null,"operator":null,"capacity":null,"capacityMld":null,"areaM2":5991,"source":"osm-2026-09"},"geometry":{"type":"Polygon","coordinates":[[[77.7547848,13.0375327],[77.7546269,13.037286],[77.754585,13.0372676],[77.7545437,13.0372494],[77.7536425,13.0373592],[77.7532485,13.0373887],[77.7537028,13.0375996],[77.7545608,13.0379294],[77.7546132,13.037511],[77.7547848,13.0375327]]]}},{"type":"Feature","properties":{"osmId":"way/1445617292","kind":"wastewater_plant","name":null,"nameKn":null,"operator":null,"capacity":null,"capacityMld":null,"areaM2":915,"source":"osm-2026-09"},"geometry":{"type":"Polygon","coordinates":[[[77.5921945,12.8747029],[77.5923291,12.874773],[77.5926988,12.8747103],[77.5923356,12.8744708],[77.5921945,12.8747029]]]}},{"type":"Feature","properties":{"osmId":"way/1455401197","kind":"wastewater_plant","name":"BWSSB 5MLD ISPS Sadarmangala","nameKn":null,"operator":"BWSSB","capacity":null,"capacityMld":5.0,"areaM2":4264,"source":"osm-2026-09"},"geometry":{"type":"Polygon","coordinates":[[[77.7259554,12.9963894],[77.7259111,12.9961502],[77.7256563,12.9960927],[77.7256563,12.9960771],[77.7255651,12.9960718],[77.7254498,12.9961137],[77.7256563,12.9965449],[77.7261686,12.9972662],[77.7263163,12.9973083],[77.7259554,12.9963894]]]}},{"type":"Feature","properties":{"osmId":"way/1507512182","kind":"wastewater_plant","name":null,"nameKn":null,"operator":null,"capacity":null,"capacityMld":null,"areaM2":9293,"source":"osm-2026-09"},"geometry":{"type":"Polygon","coordinates":[[[77.5051171,13.0859862],[77.5050285,13.0861352],[77.5051144,13.0863311],[77.5050983,13.0867857],[77.5054175,13.0869268],[77.5057125,13.0870757],[77.5057487,13.0870845],[77.5057859,13.0870884],[77.5058232,13.0870872],[77.50586,13.0870809],[77.5059006,13.0870677],[77.5059384,13.0870484],[77.5059727,13.0870234],[77.5061765,13.0864069],[77.5058708,13.0863128],[77.5057688,13.0862788],[77.5057393,13.0862188],[77.5055167,13.0861508],[77.5053102,13.086109],[77.5051171,13.0859862]]]}},{"type":"Feature","properties":{"osmId":"way/1548561203","kind":"wastewater_plant","name":null,"nameKn":null,"operator":null,"capacity":null,"capacityMld":null,"areaM2":6418,"source":"osm-2026-09"},"geometry":{"type":"Polygon","coordinates":[[[77.4695163,12.9783108],[77.4693632,12.978762],[77.4683985,12.9780718],[77.4686658,12.9777374],[77.4688482,12.9777819],[77.4690092,12.9778733],[77.4695163,12.9783108]]]}},{"type":"Feature","properties":{"osmId":"way/202062393","kind":"wastewater_plant","name":null,"nameKn":null,"operator":null,"capacity":null,"capacityMld":null,"areaM2":384,"source":"osm-2026-09"},"geometry":{"type":"Polygon","coordinates":[[[77.542384,12.9093213],[77.5423835,12.9091771],[77.5426213,12.9091763],[77.5426217,12.9092941],[77.5425328,12.9092944],[77.5425329,12.9093208],[77.542384,12.9093213]]]}},{"type":"Feature","properties":{"osmId":"way/232207311","kind":"wastewater_plant","name":"Lalbagh Sewage Treatment Plant","nameKn":"ಲಾಲ್‌ಬಾಗ್ ಕೊಳಚೆ ನೀರು ಸಂಸ್ಕರಣ ಘಟಕ","operator":"Bangalore Water Supply and Sewerage Board","capacity":null,"capacityMld":1.5,"areaM2":8791,"source":"osm-2026-09"},"geometry":{"type":"Polygon","coordinates":[[[77.5828886,12.9438593],[77.5831731,12.9441682],[77.5834635,12.9443783],[77.5835818,12.9444892],[77.5844065,12.9444819],[77.5844438,12.943896],[77.5828886,12.9438593]]]}},{"type":"Feature","properties":{"osmId":"way/232772109","kind":"wastewater_plant","name":"Hebbal 60MLD Sewage Treatment Plant","nameKn":"ಕೊಳಚೆ ನೀರು ಸಂಸ್ಕರಣ ಘಟಕ","operator":"Bangalore Water Supply and Sewerage Board","capacity":null,"capacityMld":60.0,"areaM2":161264,"source":"osm-2026-09"},"geometry":{"type":"Polygon","coordinates":[[[77.6011022,13.0426162],[77.6011011,13.0421933],[77.601104,13.041254],[77.6052764,13.0411523],[77.6068201,13.0410762],[77.6068586,13.0412504],[77.6071741,13.0434136],[77.6068747,13.0434346],[77.6064122,13.0434768],[77.6058391,13.0434684],[77.6039132,13.0434465],[77.6038583,13.0434459],[77.6016011,13.043434],[77.6011594,13.0434576],[77.6010721,13.0434622],[77.6010616,13.0429928],[77.6010859,13.0429765],[77.6011042,13.0429468],[77.6011094,13.042862],[77.6011022,13.0426162]]]}},{"type":"Feature","properties":{"osmId":"way/343601803","kind":"wastewater_plant","name":"Kadabeesanahalli Sewage Treatment Plant","nameKn":"ಕೊಳಚೆ ನೀರು ಸಂಸ್ಕರಣ ಘಟಕ","operator":"Bangalore Water Supply and Sewerage Board","capacity":null,"capacityMld":null,"areaM2":61909,"source":"osm-2026-09"},"geometry":{"type":"Polygon","coordinates":[[[77.6981194,12.9461868],[77.6976045,12.9460299],[77.6966925,12.9457136],[77.6963921,12.9456692],[77.6962258,12.9457398],[77.6963585,12.9464952],[77.6963599,12.946635],[77.696366,12.9472279],[77.6963572,12.9483163],[77.6963868,12.9490376],[77.6963883,12.9490736],[77.6976326,12.9485315],[77.6980376,12.9482153],[77.6982911,12.9480794],[77.6982676,12.9476187],[77.6981669,12.9464038],[77.6983125,12.9463606],[77.6982449,12.9461551],[77.6981999,12.9461711],[77.6981194,12.9461868]]]}},{"type":"Feature","properties":{"osmId":"way/345903805","kind":"wastewater_plant","name":null,"nameKn":null,"operator":null,"capacity":null,"capacityMld":null,"areaM2":989,"source":"osm-2026-09"},"geometry":{"type":"Polygon","coordinates":[[[77.6770654,12.9967135],[77.6773296,12.9965881],[77.6772036,12.9963359],[77.6769394,12.9964613],[77.6770654,12.9967135]]]}},{"type":"Feature","properties":{"osmId":"way/347602070","kind":"wastewater_plant","name":null,"nameKn":null,"operator":null,"capacity":null,"capacityMld":null,"areaM2":439,"source":"osm-2026-09"},"geometry":{"type":"Polygon","coordinates":[[[77.4950196,12.9677164],[77.4949771,12.967724],[77.4949408,12.9677468],[77.4949162,12.9677815],[77.4949071,12.9678226],[77.4949149,12.9678641],[77.4949383,12.9678995],[77.4949739,12.9679234],[77.4950161,12.9679323],[77.4950587,12.9679247],[77.495095,12.9679019],[77.4951195,12.9678672],[77.4951286,12.967826],[77.4951209,12.9677846],[77.4950974,12.9677492],[77.4950619,12.9677253],[77.4950196,12.9677164]]]}},{"type":"Feature","properties":{"osmId":"way/347602075","kind":"wastewater_plant","name":null,"nameKn":null,"operator":null,"capacity":null,"capacityMld":null,"areaM2":438,"source":"osm-2026-09"},"geometry":{"type":"Polygon","coordinates":[[[77.4953762,12.9676785],[77.4953333,12.9676832],[77.4952956,12.9677035],[77.4952687,12.9677364],[77.4952567,12.9677768],[77.4952616,12.9678186],[77.4952824,12.9678554],[77.4953162,12.9678816],[77.4953576,12.9678932],[77.4954005,12.9678885],[77.4954383,12.9678682],[77.4954651,12.9678353],[77.4954771,12.9677949],[77.4954722,12.9677531],[77.4954514,12.9677163],[77.4954176,12.9676901],[77.4953762,12.9676785]]]}},{"type":"Feature","properties":{"osmId":"way/353760287","kind":"wastewater_plant","name":null,"nameKn":null,"operator":null,"capacity":null,"capacityMld":null,"areaM2":2462,"source":"osm-2026-09"},"geometry":{"type":"Polygon","coordinates":[[[77.5513552,13.0160662],[77.5517373,13.0159478],[77.5516173,13.0155549],[77.5511734,13.0154825],[77.5513552,13.0160662]]]}},{"type":"Feature","properties":{"osmId":"way/35913751","kind":"wastewater_plant","name":"Sewage Treatment Plant","nameKn":"ಕೊಳಚೆ ನೀರು ಸಂಸ್ಕರಣ ಘಟಕ","operator":"BWSSB","capacity":null,"capacityMld":40.0,"areaM2":87762,"source":"osm-2026-09"},"geometry":{"type":"Polygon","coordinates":[[[77.6461986,13.0460775],[77.6465647,13.0459299],[77.6468457,13.0462864],[77.6477797,13.0459024],[77.6478161,13.0452965],[77.6475933,13.0449317],[77.6473046,13.0440094],[77.6473146,13.0437033],[77.6469605,13.0426636],[77.6465516,13.0425324],[77.6453863,13.0429542],[77.6450804,13.0432126],[77.6446672,13.0435583],[77.6452008,13.0446678],[77.6458215,13.0456805],[77.6461986,13.0460775]]]}},{"type":"Feature","properties":{"osmId":"way/359586258","kind":"wastewater_plant","name":"Yelahanka Phase I 10 MLD Sewage Treatment Plant","nameKn":"ಬೆಂ.ನಿ.ಸ, ಮತ್ತು ಒ.ಚ.ಮಂ. ಕೊಳಚೆ ನೀರು ಸಂಸ್ಕರಣ ಘಟಕ","operator":"BWSSB","capacity":null,"capacityMld":10.0,"areaM2":12497,"source":"osm-2026-09"},"geometry":{"type":"Polygon","coordinates":[[[77.5897345,13.0939738],[77.5902002,13.0928563],[77.5908419,13.09311],[77.5907594,13.0933079],[77.5907869,13.0933198],[77.5908821,13.0933611],[77.5909526,13.0933843],[77.5905693,13.0943039],[77.5900469,13.0940973],[77.5897345,13.0939738]]]}},{"type":"Feature","properties":{"osmId":"way/37593239","kind":"wastewater_plant","name":"Bangalore Water Supply and Sewerage Board","nameKn":"ಬೆಂಗಳೂರು ನೀರು ಸರಬರಾಜು ಮತ್ತು ಒಳಚರಂಡಿ ಮಂಡಲಿ","operator":null,"capacity":null,"capacityMld":null,"areaM2":3776,"source":"osm-2026-09"},"geometry":{"type":"Polygon","coordinates":[[[77.6595459,13.0326284],[77.6595718,13.0321903],[77.6590142,13.032159],[77.658856,13.0321501],[77.6588301,13.0325882],[77.6595459,13.0326284]]]}},{"type":"Feature","properties":{"osmId":"way/38047337","kind":"wastewater_plant","name":"Vrishabhavathi Valley 150MLD Sewage Treatment Plant","nameKn":"ವೃಶಭಾವತಿ ಕೊಳಚೆ ನೀರು ಸಂಸ್ಕರಣಾ ಘಟಕ","operator":"BWSSB","capacity":null,"capacityMld":150.0,"areaM2":331023,"source":"osm-2026-09"},"geometry":{"type":"Polygon","coordinates":[[[77.5217481,12.9333999],[77.5218379,12.9337032],[77.5219288,12.9338329],[77.5219703,12.9338743],[77.5222486,12.9339013],[77.5224724,12.9339581],[77.5236894,12.9344855],[77.5244181,12.9348035],[77.5245971,12.9349393],[77.5247182,12.9352864],[77.5247428,12.9358311],[77.5250025,12.9360144],[77.5252256,12.9360141],[77.525231,12.9366876],[77.5248746,12.9368462],[77.5241029,12.9371896],[77.5234039,12.9375007],[77.52242,12.9379385],[77.5223227,12.9379972],[77.5219849,12.9382012],[77.5214007,12.937725],[77.5207537,12.937019],[77.5210936,12.9363179],[77.5209881,12.936137],[77.5209231,12.9359499],[77.5209062,12.9359012],[77.5207715,12.9353586],[77.5207147,12.93522],[77.5200335,12.9354558],[77.5202442,12.9361789],[77.5204357,12.9368361],[77.5202407,12.9366036],[77.5189503,12.9361666],[77.5189841,12.9359696],[77.5186183,12.9359648],[77.5184901,12.9357002],[77.5184557,12.9353762],[77.5182974,12.935022],[77.517989,12.934775],[77.5181714,12.9343384],[77.5181875,12.9341031],[77.5181096,12.9337973],[77.5180212,12.9333973],[77.5178361,12.933047],[77.5177304,12.9327253],[77.5177473,12.9326342],[77.5179246,12.9323909],[77.5181241,12.9322799],[77.5184227,12.9320489],[77.5186783,12.9318497],[77.5192429,12.9313862],[77.5198156,12.9309112],[77.5200935,12.9309449],[77.5202179,12.9309975],[77.5203628,12.93117],[77.5205504,12.9314288],[77.5206899,12.9316217],[77.5208089,12.9317468],[77.5209984,12.9317818],[77.5216233,12.9319047],[77.5217414,12.9319909],[77.5217735,12.9322575],[77.521728,12.9326157],[77.521734,12.933147],[77.5217481,12.9333999]]]}},{"type":"Feature","properties":{"osmId":"way/403024940","kind":"wastewater_plant","name":"Sewage Treatment Plant","nameKn":"ಜಕ್ಕೂರು ಕೊಳಚೆ ನೀರು ಸಂಸ್ಕರಣ ಘಟಕ","operator":"BWSSB","capacity":null,"capacityMld":15.0,"areaM2":31551,"source":"osm-2026-09"},"geometry":{"type":"Polygon","coordinates":[[[77.6072775,13.0947676],[77.6075693,13.0943866],[77.6058969,13.0941278],[77.60599,13.0935645],[77.6057401,13.0934998],[77.6056811,13.0938982],[77.605587,13.0938848],[77.6055089,13.0941971],[77.6054158,13.0945785],[77.6051205,13.0953032],[77.6055725,13.0954489],[77.6061843,13.0954869],[77.6069633,13.0955352],[77.607159,13.0951797],[77.6072775,13.0947676]]]}},{"type":"Feature","properties":{"osmId":"way/437563254","kind":"wastewater_plant","name":"Mailasandra Sewage Treatment Plant","nameKn":"ಕೊಳಚೆ ನೀರು ಸಂಸ್ಕರಣ ಘಟಕ","operator":"BWSSB","capacity":null,"capacityMld":100.0,"areaM2":122346,"source":"osm-2026-09"},"geometry":{"type":"Polygon","coordinates":[[[77.4915184,12.9175419],[77.4921834,12.917338],[77.4935031,12.9171549],[77.4941174,12.9173301],[77.4942539,12.9178034],[77.4942675,12.9178504],[77.4943883,12.9178765],[77.4946887,12.918517],[77.4948898,12.9185405],[77.495507,12.91903],[77.49615,12.9196136],[77.4964187,12.9207078],[77.4943105,12.9207758],[77.4940339,12.9207473],[77.4938164,12.9206762],[77.4936721,12.9205614],[77.49322,12.9198707],[77.4922693,12.9190817],[77.4919636,12.9188282],[77.4917302,12.9184673],[77.4915184,12.9175419]]]}},{"type":"Feature","properties":{"osmId":"way/474287432","kind":"wastewater_plant","name":null,"nameKn":null,"operator":null,"capacity":null,"capacityMld":null,"areaM2":7487,"source":"osm-2026-09"},"geometry":{"type":"Polygon","coordinates":[[[77.7001993,13.1936082],[77.7002104,13.1942389],[77.7012001,13.1942223],[77.701189,13.1935917],[77.7001993,13.1936082]]]}},{"type":"Feature","properties":{"osmId":"way/52097326","kind":"wastewater_plant","name":"Cubbon Park 4MLD Sewage Treatment Planet","nameKn":"ಬೆಂಗಳೂರು ನೀರು ಸರಬರಾಜು ಮತ್ತು ಒಳಚರಂಡಿ ಮಂಡಲಿ","operator":"BWSSB","capacity":null,"capacityMld":4.0,"areaM2":6206,"source":"osm-2026-09"},"geometry":{"type":"Polygon","coordinates":[[[77.5918324,12.9704647],[77.5916974,12.9706724],[77.5917001,12.9709129],[77.5915032,12.9710169],[77.5912227,12.9710975],[77.590929,12.9709061],[77.5908344,12.9706808],[77.5915356,12.970212],[77.5918324,12.9704647]]]}},{"type":"Feature","properties":{"osmId":"way/548147819","kind":"wastewater_plant","name":"STP","nameKn":null,"operator":null,"capacity":null,"capacityMld":null,"areaM2":928,"source":"osm-2026-09"},"geometry":{"type":"Polygon","coordinates":[[[77.7027399,12.7559502],[77.7028848,12.7559188],[77.7029867,12.7557566],[77.7030028,12.7555944],[77.7027292,12.7555944],[77.7027399,12.7559502]]]}},{"type":"Feature","properties":{"osmId":"way/552094404","kind":"wastewater_plant","name":"KR Puram Phase I 20MLD Sewage Treatment Planet","nameKn":null,"operator":"BWSSB","capacity":null,"capacityMld":20.0,"areaM2":42663,"source":"osm-2026-09"},"geometry":{"type":"Polygon","coordinates":[[[77.6923782,13.0173736],[77.692979,13.0173893],[77.6930718,13.0174259],[77.6936281,13.0176454],[77.6940761,13.0176666],[77.6945132,13.0176872],[77.6947799,13.0163781],[77.6947975,13.0162917],[77.6943791,13.0161558],[77.6937327,13.0158553],[77.6929401,13.0156743],[77.6929488,13.0155763],[77.6927584,13.0155593],[77.6925969,13.0163665],[77.6923782,13.0173736]]]}},{"type":"Feature","properties":{"osmId":"way/609477776","kind":"wastewater_plant","name":null,"nameKn":null,"operator":null,"capacity":null,"capacityMld":null,"areaM2":169,"source":"osm-2026-09"},"geometry":{"type":"Polygon","coordinates":[[[77.6834425,12.9096753],[77.683495,12.9096445],[77.6836168,12.9098417],[77.6835644,12.9098725],[77.6834425,12.9096753]]]}},{"type":"Feature","properties":{"osmId":"way/674181124","kind":"wastewater_plant","name":"Nagasandra","nameKn":"ನಾಗಸಂದ್ರ","operator":"BWSSB","capacity":null,"capacityMld":20.0,"areaM2":45222,"source":"osm-2026-09"},"geometry":{"type":"Polygon","coordinates":[[[77.4942783,13.0407301],[77.4940717,13.0418693],[77.4927467,13.0440538],[77.4918079,13.0438761],[77.4916255,13.0435521],[77.4914914,13.0434946],[77.4916792,13.0431131],[77.4920493,13.0432856],[77.4924901,13.0423843],[77.4925375,13.0422874],[77.4926931,13.042209],[77.4933313,13.0410164],[77.4936613,13.0407588],[77.4942783,13.0407301]]]}},{"type":"Feature","properties":{"osmId":"way/675682296","kind":"wastewater_plant","name":"Mallathahalli Sewage Treatment Plant","nameKn":"ಕೊಳಚೆ ನೀರು ಸಂಸ್ಕರಣ ಘಟಕ","operator":"BWSSB","capacity":null,"capacityMld":5.0,"areaM2":8157,"source":"osm-2026-09"},"geometry":{"type":"Polygon","coordinates":[[[77.4946436,12.9681293],[77.4949488,12.9680933],[77.4949676,12.9682338],[77.4957052,12.9680927],[77.495606,12.9676196],[77.4954718,12.9674837],[77.4953753,12.9674052],[77.4947288,12.9674967],[77.4946323,12.9676693],[77.4946436,12.9681293]]]}},{"type":"Feature","properties":{"osmId":"way/691137804","kind":"wastewater_plant","name":null,"nameKn":null,"operator":null,"capacity":null,"capacityMld":null,"areaM2":376,"source":"osm-2026-09"},"geometry":{"type":"Polygon","coordinates":[[[77.5339847,12.9333989],[77.5341262,12.9334056],[77.53414,12.9331737],[77.5340105,12.9331695],[77.5339847,12.9333989]]]}},{"type":"Feature","properties":{"osmId":"way/691153650","kind":"wastewater_plant","name":"Halasuru 2MLD Sewage Treatment Plant","nameKn":"ಕೊಳಚೆ ನೀರು ಸಂಸ್ಕರಣ ಘಟಕ","operator":"BWSSB","capacity":null,"capacityMld":2.0,"areaM2":2473,"source":"osm-2026-09"},"geometry":{"type":"Polygon","coordinates":[[[77.6224598,12.9867378],[77.6224391,12.9863075],[77.6221363,12.986318],[77.6222197,12.9867501],[77.6222396,12.9871171],[77.6224797,12.9871048],[77.6224598,12.9867378]]]}},{"type":"Feature","properties":{"osmId":"way/768730159","kind":"wastewater_plant","name":"Bellandur Amani 90MLD Sewage Treatment Plant","nameKn":null,"operator":"BWSSB","capacity":null,"capacityMld":90.0,"areaM2":100313,"source":"osm-2026-09"},"geometry":{"type":"Polygon","coordinates":[[[77.7149355,12.9386648],[77.7157804,12.9389053],[77.7158836,12.9388682],[77.7163079,12.9388401],[77.716936,12.9389702],[77.7173238,12.9391984],[77.7177143,12.9394281],[77.7179074,12.9397653],[77.7178806,12.9398189],[77.717493,12.9407142],[77.7181019,12.9410959],[77.7180979,12.9411848],[77.7182561,12.9412567],[77.7186748,12.9406332],[77.7187386,12.9406735],[77.7181542,12.942467],[77.7174783,12.9423036],[77.7154988,12.9415037],[77.7152842,12.9406829],[77.7150361,12.9392471],[77.7149466,12.938729],[77.7149355,12.9386648]]]}},{"type":"Feature","properties":{"osmId":"way/770878060","kind":"wastewater_plant","name":"Vrishabhavathi Valley 180MLD Sewage Treatment Plant","nameKn":"ಕೊಳಚೆ ನೀರು ಸಂಸ್ಕರಣಾ ಘಟಕ","operator":"BWSSB","capacity":null,"capacityMld":180.0,"areaM2":64441,"source":"osm-2026-09"},"geometry":{"type":"Polygon","coordinates":[[[77.4892702,12.9158378],[77.4889809,12.9155733],[77.4886429,12.915212],[77.4883228,12.9137504],[77.4886937,12.9136307],[77.4884959,12.9134181],[77.4877648,12.9129051],[77.487452,12.912674],[77.487554,12.9122504],[77.4892679,12.9125746],[77.4894556,12.9137223],[77.490094,12.9135733],[77.4903595,12.9146635],[77.4905688,12.915589],[77.4892702,12.9158378]]]}},{"type":"Feature","properties":{"osmId":"way/775177004","kind":"wastewater_plant","name":"Doddabele 40MLD Sewage Treatment Plant","nameKn":null,"operator":"BWSSB","capacity":null,"capacityMld":40.0,"areaM2":101205,"source":"osm-2026-09"},"geometry":{"type":"Polygon","coordinates":[[[77.4759058,12.8991601],[77.4770082,12.8988827],[77.4770183,12.8983572],[77.4785525,12.8983049],[77.4786544,12.8973062],[77.4780804,12.8970552],[77.4777478,12.8969401],[77.4775547,12.8968042],[77.4771792,12.8967676],[77.4770611,12.8966421],[77.476117,12.8962394],[77.4734858,12.8984592],[77.4735689,12.8985245],[77.4738264,12.8983258],[77.4743924,12.8981559],[77.4748778,12.8994187],[77.4759058,12.8991601]]]}},{"type":"Feature","properties":{"osmId":"way/777616735","kind":"wastewater_plant","name":"Horamavu Agara 20MLD Sewage Treatment Plant","nameKn":"ಹೊರಮಾವು ಅಗರ - ಕೊಳಚೆ ನೀರು ಸಂಸ್ಕರಣ ಘಟಕ","operator":"BWSSB","capacity":null,"capacityMld":20.0,"areaM2":34438,"source":"osm-2026-09"},"geometry":{"type":"Polygon","coordinates":[[[77.6610074,13.0447641],[77.6646046,13.0450482],[77.6645436,13.0443938],[77.6643079,13.044379],[77.6641581,13.0433157],[77.6636029,13.0434984],[77.6635823,13.0440494],[77.6625276,13.0440035],[77.6610074,13.0447641]]]}},{"type":"Feature","properties":{"osmId":"way/777638960","kind":"wastewater_plant","name":"Sewage Treatment Plant","nameKn":"ಕೊಳಚೆ ನೀರು ಸಂಸ್ಕರಣ ಘಟಕ","operator":null,"capacity":null,"capacityMld":null,"areaM2":247,"source":"osm-2026-09"},"geometry":{"type":"Polygon","coordinates":[[[77.5716118,13.0454873],[77.5714489,13.0455412],[77.5714094,13.0454279],[77.5715723,13.045374],[77.5716118,13.0454873]]]}},{"type":"Feature","properties":{"osmId":"way/781287760","kind":"wastewater_plant","name":"Agaram 35MLD Sewage Treatment Plant","nameKn":null,"operator":"Bangalore Water Supply and Sewerage Board","capacity":null,"capacityMld":35.0,"areaM2":19077,"source":"osm-2026-09"},"geometry":{"type":"Polygon","coordinates":[[[77.6388212,12.9158416],[77.6398028,12.9161942],[77.6404265,12.9165877],[77.6411426,12.9172399],[77.641553,12.9172517],[77.6411077,12.9164517],[77.6405912,12.9158108],[77.6416619,12.9157411],[77.6415929,12.9156317],[77.6388512,12.9157691],[77.6388212,12.9158416]]]}},{"type":"Feature","properties":{"osmId":"way/801307394","kind":"wastewater_plant","name":"40MLD Tertiary Treatment Plant","nameKn":null,"operator":null,"capacity":null,"capacityMld":40.0,"areaM2":23835,"source":"osm-2026-09"},"geometry":{"type":"Polygon","coordinates":[[[77.7068849,13.1610151],[77.7069036,13.1635878],[77.7061312,13.1635931],[77.7061125,13.1610205],[77.7068849,13.1610151]]]}},{"type":"Feature","properties":{"osmId":"way/838531804","kind":"wastewater_plant","name":null,"nameKn":null,"operator":null,"capacity":null,"capacityMld":null,"areaM2":332,"source":"osm-2026-09"},"geometry":{"type":"Polygon","coordinates":[[[77.6871,12.8079154],[77.6871154,12.8078577],[77.6870681,12.8078457],[77.6870817,12.8077948],[77.6868689,12.8077408],[77.6868399,12.8078495],[77.6871,12.8079154]]]}},{"type":"Feature","properties":{"osmId":"way/841027988","kind":"wastewater_plant","name":"K&C Valley Sewage Treatment Plant","nameKn":"ಕೋರಮಂಗಲ - ಚಲ್ಲಘಟ್ಟ ಕಣಿವೆ ಯೋಜನೆ","operator":"Bangalore Water Supply and Sewerage Board","capacity":null,"capacityMld":null,"areaM2":338764,"source":"osm-2026-09"},"geometry":{"type":"Polygon","coordinates":[[[77.6537696,12.9408041],[77.6542002,12.940589],[77.6546348,12.940258],[77.6548046,12.9401287],[77.6575561,12.9380331],[77.6588358,12.9370715],[77.6597598,12.9374518],[77.6601621,12.9379564],[77.6602828,12.9382936],[77.661581,12.9389288],[77.6615987,12.9396807],[77.6609641,12.9399248],[77.6605618,12.9403326],[77.6605086,12.9410429],[77.6604784,12.9415431],[77.660431,12.9423291],[77.6599985,12.9425546],[77.6598403,12.9430042],[77.6597529,12.9430052],[77.6591118,12.9431518],[77.6582428,12.942894],[77.6579518,12.9429025],[77.656432,12.942947],[77.6564205,12.9425184],[77.6550473,12.9425498],[77.6549662,12.9416516],[77.6541245,12.9417912],[77.6533446,12.9410164],[77.6537696,12.9408041]]]}},{"type":"Feature","properties":{"osmId":"way/852706593","kind":"wastewater_plant","name":null,"nameKn":null,"operator":null,"capacity":null,"capacityMld":null,"areaM2":95545,"source":"osm-2026-09"},"geometry":{"type":"Polygon","coordinates":[[[77.5380023,13.2657727],[77.5404416,13.2647375],[77.5392119,13.2619923],[77.5367726,13.2630275],[77.5377276,13.2651594],[77.5380023,13.2657727]]]}},{"type":"Feature","properties":{"osmId":"way/852706625","kind":"wastewater_plant","name":null,"nameKn":null,"operator":null,"capacity":null,"capacityMld":null,"areaM2":31220,"source":"osm-2026-09"},"geometry":{"type":"Polygon","coordinates":[[[77.5587371,13.2709429],[77.5614381,13.2712301],[77.5609794,13.2705017],[77.5605342,13.2694732],[77.5596222,13.2698151],[77.558839,13.2706505],[77.5587371,13.2709429]]]}},{"type":"Feature","properties":{"osmId":"way/906369791","kind":"wastewater_plant","name":null,"nameKn":null,"operator":null,"capacity":null,"capacityMld":null,"areaM2":13155,"source":"osm-2026-09"},"geometry":{"type":"Polygon","coordinates":[[[77.7899086,12.733907],[77.7893615,12.7338625],[77.7890718,12.7355709],[77.7897987,12.7356101],[77.7899086,12.733907]]]}}]}