wbcId,miId,objectId,state,district,taluk,village,waterBodyTypeCode,waterBodyType,lat,lon,ruralOrUrban,enumerationDate,khasraNumber,ownership,use,inUse,nature,maxDepthWhenFull,storageCapacity,waterSpreadArea,encroached,photoUrl,remarks,uuid,districtNwic,districtIw,districtCode,subdistrictNwic,subdistrictCode,villageNwic,villageCode,source
2/12/003/251990/026456/001,2867555,1090527,KA,BANGALORE RURAL,NELAMANGALA,NELAMANGALA (TP) - WARD NO.5,02,Tank,13.105,77.3905556,Urban,2021-12-07,1,Muncipal authority,,No,Natural,1,4,1,No,https://mi6census.mowr.gov.in/mic/getWaterBodyImageByURL/MIC_212003251990026456001.jpeg,,,Bengaluru Rural,Bengaluru Rural,526,Nelamangala,5601,Visveswarapura,624887,wbc-2017-18
2/12/003/251990/026456/002,2867574,1090528,KA,BANGALORE RURAL,NELAMANGALA,NELAMANGALA (TP) - WARD NO.5,02,Tank,13.1127778,77.3894444,Urban,2021-12-07,2,Muncipal authority,,No,Natural,1,4,1,No,https://mi6census.mowr.gov.in/mic/getWaterBodyImageByURL/MIC_212003251990026456002.jpeg,,,Bengaluru Rural,Bengaluru Rural,526,Nelamangala,5601,Basavanahalli,624888,wbc-2017-18
2/12/003/251990/026463/001,2867600,1090526,KA,BANGALORE RURAL,NELAMANGALA,NELAMANGALA (TP) - WARD NO.12,02,Tank,13.1005556,77.3983333,Urban,2021-12-07,1,Muncipal authority,,No,Natural,1,4,1,No,https://mi6census.mowr.gov.in/mic/getWaterBodyImageByURL/MIC_212003251990026463001.jpeg,,,Bengaluru Rural,Bengaluru Rural,526,Nelamangala,5601,Nelamangala,251990,wbc-2017-18
2/12/003/251990/026463/002,2867607,1090525,KA,BANGALORE RURAL,NELAMANGALA,NELAMANGALA (TP) - WARD NO.12,02,Tank,13.1008333,77.3980556,Urban,2021-12-07,2,Muncipal authority,,No,Natural,1,4,1,No,https://mi6census.mowr.gov.in/mic/getWaterBodyImageByURL/MIC_212003251990026463002.jpeg,,,Bengaluru Rural,Bengaluru Rural,526,Nelamangala,5601,Nelamangala,251990,wbc-2017-18
2/12/003/251993/026509/001,2954383,1090532,KA,BANGALORE RURAL,VIJAYAPURA,VIJAYAPURA (TMC) - WARD NO.8,02,Tank,13.2963889,77.8011111,Urban,2022-04-08,1,Muncipal authority,,No,Natural,1,4,1,No,https://mi6census.mowr.gov.in/mic/getWaterBodyImageByURL/MIC_212003251993026509001.jpeg,,,Bengaluru Rural,Bengaluru Rural,526,Devanahalli,5603,Vijayapura,251993,wbc-2017-18
2/12/003/251993/026514/001,2954387,1090529,KA,BANGALORE RURAL,VIJAYAPURA,VIJAYAPURA (TMC) - WARD NO.13,02,Tank,13.295,77.805,Urban,2022-04-08,1,Muncipal authority,,No,Natural,1,4,1,No,https://mi6census.mowr.gov.in/mic/getWaterBodyImageByURL/MIC_212003251993026514001.jpeg,,,Bengaluru Rural,Bengaluru Rural,526,Devanahalli,5603,Vijayapura,251993,wbc-2017-18
2/12/003/251993/026515/001,2954388,1090530,KA,BANGALORE RURAL,VIJAYAPURA,VIJAYAPURA (TMC) - WARD NO.14,02,Tank,13.3022222,77.8011111,Urban,2022-04-08,1,Muncipal authority,,No,Natural,1,4,1,No,https://mi6census.mowr.gov.in/mic/getWaterBodyImageByURL/MIC_212003251993026515001.jpeg,,,Bengaluru Rural,Bengaluru Rural,526,Devanahalli,5603,Vijayapura,251993,wbc-2017-18
2/12/003/251993/026516/001,2954386,1090531,KA,BANGALORE RURAL,VIJAYAPURA,VIJAYAPURA (TMC) - WARD NO.15,02,Tank,13.2916667,77.8052778,Urban,2022-04-08,1,Muncipal authority,,No,Natural,1,4,1,No,https://mi6census.mowr.gov.in/mic/getWaterBodyImageByURL/MIC_212003251993026516001.jpeg,,,Bengaluru Rural,Bengaluru Rural,526,Devanahalli,5603,Vijayapura,251993,wbc-2017-18
2/12/003/251994/065107/001,2812408,1090519,KA,BANGALORE RURAL,DEVANAHALLI,DEVANAHALLI (TMC) - WARD NO.6,02,Tank,13.2491667,77.7069444,Urban,2021-09-21,1,Muncipal authority,,No,Natural,1,4,1,No,https://mi6census.mowr.gov.in/mic/getWaterBodyImageByURL/MIC_212003251994065107001.jpeg,,,Bengaluru Rural,Bengaluru Rural,526,Devanahalli,5603,Devanahalli,251994,wbc-2017-18
2/12/003/251994/065108/001,2812341,1090520,KA,BANGALORE RURAL,DEVANAHALLI,DEVANAHALLI (TMC) - WARD NO.7,02,Tank,13.2494444,77.7086111,Urban,2021-09-21,1,Muncipal authority,,No,Natural,1,4,1,No,https://mi6census.mowr.gov.in/mic/getWaterBodyImageByURL/MIC_212003251994065108001.jpeg,,,Bengaluru Rural,Bengaluru Rural,526,Devanahalli,5603,Devanahalli,251994,wbc-2017-18
2/12/003/251994/065109/001,2812350,1090521,KA,BANGALORE RURAL,DEVANAHALLI,DEVANAHALLI (TMC) - WARD NO.8,02,Tank,13.2530556,77.7133333,Urban,2021-09-21,1,Muncipal authority,,No,Natural,1,4,1,No,https://mi6census.mowr.gov.in/mic/getWaterBodyImageByURL/MIC_212003251994065109001.jpeg,,,Bengaluru Rural,Bengaluru Rural,526,Devanahalli,5603,Devanahalli,251994,wbc-2017-18
2/12/003/251994/065110/001,2812405,1090524,KA,BANGALORE RURAL,DEVANAHALLI,DEVANAHALLI (TMC) - WARD NO.9,02,Tank,13.2533333,77.7091667,Urban,2021-09-21,1,Muncipal authority,,No,Natural,1,4,1,No,https://mi6census.mowr.gov.in/mic/getWaterBodyImageByURL/MIC_212003251994065110001.jpeg,,,Bengaluru Rural,Bengaluru Rural,526,Devanahalli,5603,Devanahalli,251994,wbc-2017-18
2/12/003/251994/065110/002,2812406,1090522,KA,BANGALORE RURAL,DEVANAHALLI,DEVANAHALLI (TMC) - WARD NO.9,02,Tank,13.2577778,77.7105556,Urban,2021-09-21,2,Muncipal authority,,No,Natural,1,4,1,No,https://mi6census.mowr.gov.in/mic/getWaterBodyImageByURL/MIC_212003251994065110002.jpeg,,,Bengaluru Rural,Bengaluru Rural,526,Devanahalli,5603,Devanahalli,251994,wbc-2017-18
2/12/003/251994/065110/003,2812425,1090523,KA,BANGALORE RURAL,DEVANAHALLI,DEVANAHALLI (TMC) - WARD NO.9,02,Tank,13.2519444,77.7127778,Urban,2021-09-21,3,Muncipal authority,,No,Natural,1,4,1,No,https://mi6census.mowr.gov.in/mic/getWaterBodyImageByURL/MIC_212003251994065110003.jpeg,,,Bengaluru Rural,Bengaluru Rural,526,Devanahalli,5603,Devanahalli,251994,wbc-2017-18
2/12/003/251994/065111/001,2812407,1090518,KA,BANGALORE RURAL,DEVANAHALLI,DEVANAHALLI (TMC) - WARD NO.10,02,Tank,13.2591667,77.7044444,Urban,2021-09-21,1,Muncipal authority,,No,Natural,1,4,1,No,https://mi6census.mowr.gov.in/mic/getWaterBodyImageByURL/MIC_212003251994065111001.jpeg,,,Bengaluru Rural,Bengaluru Rural,526,Devanahalli,5603,Devanahalli,251994,wbc-2017-18
1/12/002/000001/000002/001,5958721,567612,KA,BANGALORE URBAN,ANEKAL,BILWARADAHALLI,02,Tank,12.8327778,77.5752778,Rural,2022-05-05,1,Panchayat,,No,Natural,,4,0,No,https://mi6census.mowr.gov.in/mic/getWaterBodyImageByURL/MIC_112002000001000002001.jpeg,,,Bengaluru Urban,Bengaluru Urban,525,Anekal,5545,Bilwaradahalli,613128,wbc-2017-18
1/12/002/000001/000003/001,5958725,567607,KA,BANGALORE URBAN,ANEKAL,BHOOTHANAHALLI,02,Tank,12.805,77.5561111,Rural,2022-05-05,1,Panchayat,,No,Natural,,4,0,No,https://mi6census.mowr.gov.in/mic/getWaterBodyImageByURL/MIC_112002000001000003001.jpeg,,,Bengaluru Urban,Bengaluru Urban,525,Anekal,5545,Bhoothanahalli,613129,wbc-2017-18
1/12/002/000001/000006/001,5959228,567598,KA,BANGALORE URBAN,ANEKAL,BANNERUGHATTA,02,Tank,12.8075,77.5802778,Rural,2022-05-16,1,Panchayat,,No,Natural,,4,0,No,https://mi6census.mowr.gov.in/mic/getWaterBodyImageByURL/MIC_112002000001000006001.jpeg,,,Bengaluru Urban,Bengaluru Urban,525,Anekal,5545,Bannerughatta,613132,wbc-2017-18
1/12/002/000001/000006/002,5959230,567600,KA,BANGALORE URBAN,ANEKAL,BANNERUGHATTA,02,Tank,12.8058333,77.5763889,Rural,2022-05-16,2,Panchayat,,No,Natural,,4,0,No,https://mi6census.mowr.gov.in/mic/getWaterBodyImageByURL/MIC_112002000001000006002.jpeg,,,Bengaluru Urban,Bengaluru Urban,525,Anekal,5545,Bannerughatta,613132,wbc-2017-18
1/12/002/000001/000006/003,5959231,567597,KA,BANGALORE URBAN,ANEKAL,BANNERUGHATTA,02,Tank,12.8080556,77.5755556,Rural,2022-05-16,3,Panchayat,,No,Natural,,4,0,No,https://mi6census.mowr.gov.in/mic/getWaterBodyImageByURL/MIC_112002000001000006003.jpeg,,,Bengaluru Urban,Bengaluru Urban,525,Anekal,5545,Bannerughatta,613132,wbc-2017-18
1/12/002/000001/000006/004,5959232,567599,KA,BANGALORE URBAN,ANEKAL,BANNERUGHATTA,02,Tank,12.8177778,77.5797222,Rural,2022-05-16,4,Panchayat,,No,Natural,,4,0,No,https://mi6census.mowr.gov.in/mic/getWaterBodyImageByURL/MIC_112002000001000006004.jpeg,,,Bengaluru Urban,Bengaluru Urban,525,Anekal,5545,Bannerughatta,613132,wbc-2017-18
1/12/002/000001/000008/001,5958731,567675,KA,BANGALORE URBAN,ANEKAL,KALKERE,02,Tank,12.8302778,77.59,Rural,2022-05-05,1,Panchayat,,No,Natural,,4,0,No,https://mi6census.mowr.gov.in/mic/getWaterBodyImageByURL/MIC_112002000001000008001.jpeg,,,Bengaluru Urban,Bengaluru Urban,525,Anekal,5545,Kalkere,613134,wbc-2017-18
1/12/002/000001/000009/001,5958774,567774,KA,BANGALORE URBAN,ANEKAL,VADERAHALLI,02,Tank,12.8313889,77.6025,Rural,2022-05-06,1,Panchayat,,No,Natural,,4,0,No,https://mi6census.mowr.gov.in/mic/getWaterBodyImageByURL/MIC_112002000001000009001.jpeg,,,Bengaluru Urban,Bengaluru Urban,525,Bengaluru South,5543,Hommadevanahalli,613059,wbc-2017-18
1/12/002/000001/000010/001,5953713,567692,KA,BANGALORE URBAN,ANEKAL,LAXMIPURA,02,Tank,12.8236111,77.5944444,Rural,2022-05-04,1,Panchayat,,No,Natural,,4,0,No,https://mi6census.mowr.gov.in/mic/getWaterBodyImageByURL/MIC_112002000001000010001.jpeg,,,Bengaluru Urban,Bengaluru Urban,525,Anekal,5545,Laxmipura,613136,wbc-2017-18
1/12/002/000001/000012/001,5958598,567704,KA,BANGALORE URBAN,ANEKAL,MANTAPA,02,Tank,12.8077778,77.5941667,Rural,2022-05-04,1,Panchayat,,No,Natural,,4,0,No,https://mi6census.mowr.gov.in/mic/getWaterBodyImageByURL/MIC_112002000001000012001.jpeg,,,Bengaluru Urban,Bengaluru Urban,525,Anekal,5545,Jangal Palya,613139,wbc-2017-18
1/12/002/000001/000012/002,5958608,567703,KA,BANGALORE URBAN,ANEKAL,MANTAPA,02,Tank,12.8141667,77.5944444,Rural,2022-05-04,2,Panchayat,,No,Natural,,4,0,No,https://mi6census.mowr.gov.in/mic/getWaterBodyImageByURL/MIC_112002000001000012002.jpeg,,,Bengaluru Urban,Bengaluru Urban,525,Anekal,5545,Halesampigehalli,613137,wbc-2017-18
1/12/002/000001/000012/003,5958613,567702,KA,BANGALORE URBAN,ANEKAL,MANTAPA,02,Tank,12.7952778,77.5922222,Rural,2022-05-04,3,Panchayat,,No,Natural,,4,0,No,https://mi6census.mowr.gov.in/mic/getWaterBodyImageByURL/MIC_112002000001000012003.jpeg,,,Bengaluru Urban,Bengaluru Urban,525,Anekal,5545,Jangal Palya,613139,wbc-2017-18
1/12/002/000001/000014/001,5958736,567601,KA,BANGALORE URBAN,ANEKAL,BEGIHALLI,02,Tank,12.7936111,77.61,Rural,2022-05-05,1,Panchayat,,No,Natural,,4,0,No,https://mi6census.mowr.gov.in/mic/getWaterBodyImageByURL/MIC_112002000001000014001.jpeg,,,Bengaluru Urban,Bengaluru Urban,525,Anekal,5545,Begihalli,613140,wbc-2017-18
1/12/002/000001/000014/002,5958740,567602,KA,BANGALORE URBAN,ANEKAL,BEGIHALLI,02,Tank,12.7980556,77.6080556,Rural,2022-05-05,2,Panchayat,,No,Natural,,4,0,No,https://mi6census.mowr.gov.in/mic/getWaterBodyImageByURL/MIC_112002000001000014002.jpeg,,,Bengaluru Urban,Bengaluru Urban,525,Anekal,5545,Nallasandra,613141,wbc-2017-18
1/12/002/000001/000015/001,5958584,567724,KA,BANGALORE URBAN,ANEKAL,NALLASANDRA,02,Tank,12.7980556,77.6091667,Rural,2022-05-04,1,Panchayat,,No,Natural,,4,0,No,https://mi6census.mowr.gov.in/mic/getWaterBodyImageByURL/MIC_112002000001000015001.jpeg,,,Bengaluru Urban,Bengaluru Urban,525,Anekal,5545,Nallasandra,613141,wbc-2017-18
1/12/002/000001/000015/002,5958597,567725,KA,BANGALORE URBAN,ANEKAL,NALLASANDRA,02,Tank,12.8072222,77.6019444,Rural,2022-05-04,2,Panchayat,,No,Natural,,4,0,No,https://mi6census.mowr.gov.in/mic/getWaterBodyImageByURL/MIC_112002000001000015002.jpeg,,,Bengaluru Urban,Bengaluru Urban,525,Anekal,5545,Mantapa,613138,wbc-2017-18
1/12/002/000001/000017/001,5958678,567748,KA,BANGALORE URBAN,ANEKAL,SAKALAWARA,02,Tank,12.8266667,77.6088889,Rural,2022-05-05,1,Panchayat,,No,Natural,,4,0,No,https://mi6census.mowr.gov.in/mic/getWaterBodyImageByURL/MIC_112002000001000017001.jpeg,,,Bengaluru Urban,Bengaluru Urban,525,Anekal,5545,Hullahalli,613144,wbc-2017-18
1/12/002/000001/000017/002,5958683,567747,KA,BANGALORE URBAN,ANEKAL,SAKALAWARA,02,Tank,12.8230556,77.6116667,Rural,2022-05-05,2,Panchayat,,No,Natural,,4,0,No,https://mi6census.mowr.gov.in/mic/getWaterBodyImageByURL/MIC_112002000001000017002.jpeg,,,Bengaluru Urban,Bengaluru Urban,525,Anekal,5545,Sakalawara,613143,wbc-2017-18
1/12/002/000001/000017/003,5958689,567746,KA,BANGALORE URBAN,ANEKAL,SAKALAWARA,02,Tank,12.8291667,77.6102778,Rural,2022-05-05,3,Panchayat,,No,Natural,,4,0,No,https://mi6census.mowr.gov.in/mic/getWaterBodyImageByURL/MIC_112002000001000017003.jpeg,,,Bengaluru Urban,Bengaluru Urban,525,Anekal,5545,Hullahalli,613144,wbc-2017-18
1/12/002/000001/000018/001,5958712,567661,KA,BANGALORE URBAN,ANEKAL,HULLAHALLI,02,Tank,12.8380556,77.6122222,Rural,2022-05-05,1,Panchayat,,No,Natural,,4,0,No,https://mi6census.mowr.gov.in/mic/getWaterBodyImageByURL/MIC_112002000001000018001.jpeg,,,Bengaluru Urban,Bengaluru Urban,525,Bengaluru South,5543,Hommadevanahalli,613059,wbc-2017-18
1/12/002/000001/000018/002,5958714,567662,KA,BANGALORE URBAN,ANEKAL,HULLAHALLI,02,Tank,12.8327778,77.6147222,Rural,2022-05-05,2,Panchayat,,No,Natural,,4,0,No,https://mi6census.mowr.gov.in/mic/getWaterBodyImageByURL/MIC_112002000001000018002.jpeg,,,Bengaluru Urban,Bengaluru Urban,525,Anekal,5545,Hullahalli,613144,wbc-2017-18
1/12/002/000001/000018/003,5958720,567659,KA,BANGALORE URBAN,ANEKAL,HULLAHALLI,02,Tank,12.825,77.6133333,Rural,2022-05-05,3,Panchayat,,No,Natural,,4,0,No,https://mi6census.mowr.gov.in/mic/getWaterBodyImageByURL/MIC_112002000001000018003.jpeg,,,Bengaluru Urban,Bengaluru Urban,525,Anekal,5545,Hullahalli,613144,wbc-2017-18
1/12/002/000001/000018/004,5958722,567660,KA,BANGALORE URBAN,ANEKAL,HULLAHALLI,02,Tank,12.8280556,77.6197222,Rural,2022-05-05,4,Panchayat,,No,Natural,,4,0,No,https://mi6census.mowr.gov.in/mic/getWaterBodyImageByURL/MIC_112002000001000018004.jpeg,,,Bengaluru Urban,Bengaluru Urban,525,Anekal,5545,Hullahalli,613144,wbc-2017-18
1/12/002/000001/000019/001,5958582,567744,KA,BANGALORE URBAN,ANEKAL,RAMASANDRA,02,Tank,12.7980556,77.6097222,Rural,2022-05-04,1,Panchayat,,No,Natural,,4,0,No,https://mi6census.mowr.gov.in/mic/getWaterBodyImageByURL/MIC_112002000001000019001.jpeg,,,Bengaluru Urban,Bengaluru Urban,525,Anekal,5545,Nallasandra,613141,wbc-2017-18
1/12/002/000001/000021/001,5958845,567615,KA,BANGALORE URBAN,ANEKAL,BUKKASAGARA,02,Tank,12.7830556,77.6213889,Rural,2022-05-06,1,Panchayat,,No,Natural,,4,0,No,https://mi6census.mowr.gov.in/mic/getWaterBodyImageByURL/MIC_112002000001000021001.jpeg,,,Bengaluru Urban,Bengaluru Urban,525,Anekal,5545,Bukkasagara,613149,wbc-2017-18
1/12/002/000001/000022/001,5958771,567674,KA,BANGALORE URBAN,ANEKAL,KALBALU,02,Tank,12.7744444,77.6197222,Rural,2022-05-06,1,Panchayat,,No,Natural,,4,0,No,https://mi6census.mowr.gov.in/mic/getWaterBodyImageByURL/MIC_112002000001000022001.jpeg,,,Bengaluru Urban,Bengaluru Urban,525,Anekal,5545,Bukkasagara,613149,wbc-2017-18
1/12/002/000001/000023/001,5958772,567698,KA,BANGALORE URBAN,ANEKAL,MAHANTHALINGAPURA,02,Tank,12.7655556,77.6186111,Rural,2022-05-06,1,Panchayat,,No,Natural,,4,0,No,https://mi6census.mowr.gov.in/mic/getWaterBodyImageByURL/MIC_112002000001000023001.jpeg,,,Bengaluru Urban,Bengaluru Urban,525,Anekal,5545,Mahanthalingapura,613151,wbc-2017-18
1/12/002/000001/000023/002,5958773,567697,KA,BANGALORE URBAN,ANEKAL,MAHANTHALINGAPURA,02,Tank,12.7655556,77.6186111,Rural,2022-05-06,2,Panchayat,,No,Natural,,4,0,No,https://mi6census.mowr.gov.in/mic/getWaterBodyImageByURL/MIC_112002000001000023002.jpeg,,,Bengaluru Urban,Bengaluru Urban,525,Anekal,5545,Mahanthalingapura,613151,wbc-2017-18
1/12/002/000001/000024/001,5958617,567739,KA,BANGALORE URBAN,ANEKAL,RAGIHALLI,02,Tank,12.7477778,77.5780556,Rural,2022-05-04,1,Panchayat,,No,Natural,,4,0,No,https://mi6census.mowr.gov.in/mic/getWaterBodyImageByURL/MIC_112002000001000024001.jpeg,,,Bengaluru Urban,Bengaluru Urban,525,Anekal,5545,Ragihalli,613152,wbc-2017-18
1/12/002/000001/000024/002,5958618,567738,KA,BANGALORE URBAN,ANEKAL,RAGIHALLI,02,Tank,12.7366667,77.5702778,Rural,2022-05-04,2,Panchayat,,No,Natural,,4,0,No,https://mi6census.mowr.gov.in/mic/getWaterBodyImageByURL/MIC_112002000001000024002.jpeg,,,Bengaluru Urban,Bengaluru Urban,525,Anekal,5545,Ragihalli,613152,wbc-2017-18
1/12/002/000001/000024/003,5958619,567740,KA,BANGALORE URBAN,ANEKAL,RAGIHALLI,02,Tank,12.7372222,77.5775,Rural,2022-05-04,3,Panchayat,,No,Natural,,4,0,No,https://mi6census.mowr.gov.in/mic/getWaterBodyImageByURL/MIC_112002000001000024003.jpeg,,,Bengaluru Urban,Bengaluru Urban,525,Anekal,5545,Ragihalli,613152,wbc-2017-18
1/12/002/000001/000024/004,5958621,567737,KA,BANGALORE URBAN,ANEKAL,RAGIHALLI,02,Tank,12.7372222,77.5775,Rural,2022-05-04,4,Panchayat,,No,Natural,,4,0,No,https://mi6census.mowr.gov.in/mic/getWaterBodyImageByURL/MIC_112002000001000024004.jpeg,,,Bengaluru Urban,Bengaluru Urban,525,Anekal,5545,Ragihalli,613152,wbc-2017-18
1/12/002/000001/000025/001,5958624,567752,KA,BANGALORE URBAN,ANEKAL,SHIVANAHALLI,02,Tank,12.7163889,77.5913889,Rural,2022-05-04,1,Panchayat,,No,Natural,,4,0,No,https://mi6census.mowr.gov.in/mic/getWaterBodyImageByURL/MIC_112002000001000025001.jpeg,,,Ramanagara,Bengaluru Urban,631,Kanakapura,5608,Billiganakuppe,626411,wbc-2017-18
1/12/002/000001/000026/001,5958959,567672,KA,BANGALORE URBAN,ANEKAL,KADAJAKKANAHALLI,02,Tank,12.7319444,77.6422222,Rural,2022-05-09,1,Panchayat,,No,Natural,,4,0,No,https://mi6census.mowr.gov.in/mic/getWaterBodyImageByURL/MIC_112002000001000026001.jpeg,,,Bengaluru Urban,Bengaluru Urban,525,Anekal,5545,Indlawadi,613302,wbc-2017-18
1/12/002/000001/000027/001,5958777,567632,KA,BANGALORE URBAN,ANEKAL,GIDDENAHALLI,02,Tank,12.7602778,77.6222222,Rural,2022-05-06,1,Panchayat,,No,Natural,,4,0,No,https://mi6census.mowr.gov.in/mic/getWaterBodyImageByURL/MIC_112002000001000027001.jpeg,,,Bengaluru Urban,Bengaluru Urban,525,Anekal,5545,Giddenahalli,613155,wbc-2017-18
1/12/002/000001/000027/002,5958859,567631,KA,BANGALORE URBAN,ANEKAL,GIDDENAHALLI,02,Tank,12.7836111,77.77,Rural,2022-05-06,2,Panchayat,,No,Natural,,4,0,No,https://mi6census.mowr.gov.in/mic/getWaterBodyImageByURL/MIC_112002000001000027002.jpeg,,,Bengaluru Urban,Bengaluru Urban,525,Anekal,5545,Indlabele,613291,wbc-2017-18
1/12/002/000001/000029/001,5958769,567776,KA,BANGALORE URBAN,ANEKAL,VADERAMANCHANAHALLI,02,Tank,12.7711111,77.6316667,Rural,2022-05-06,1,Panchayat,,No,Natural,,4,0,No,https://mi6census.mowr.gov.in/mic/getWaterBodyImageByURL/MIC_112002000001000029001.jpeg,,,Bengaluru Urban,Bengaluru Urban,525,Anekal,5545,Jigani CT,613360,wbc-2017-18
1/12/002/000001/000029/002,5958770,567775,KA,BANGALORE URBAN,ANEKAL,VADERAMANCHANAHALLI,02,Tank,12.7708333,77.6325,Rural,2022-05-06,2,Panchayat,,No,Natural,,4,0,No,https://mi6census.mowr.gov.in/mic/getWaterBodyImageByURL/MIC_112002000001000029002.jpeg,,,Bengaluru Urban,Bengaluru Urban,525,Anekal,5545,Jigani CT,613360,wbc-2017-18
1/12/002/000001/000030/001,5958733,567683,KA,BANGALORE URBAN,ANEKAL,KOPPA,02,Tank,12.8011111,77.6272222,Rural,2022-05-05,1,Panchayat,,No,Natural,,4,0,No,https://mi6census.mowr.gov.in/mic/getWaterBodyImageByURL/MIC_112002000001000030001.jpeg,,,Bengaluru Urban,Bengaluru Urban,525,Anekal,5545,Koppa,613158,wbc-2017-18
1/12/002/000001/000032/001,5958723,567750,KA,BANGALORE URBAN,ANEKAL,S.BINGIPURA,02,Tank,12.8319444,77.6291667,Rural,2022-05-05,1,Panchayat,,No,Natural,,4,0,No,https://mi6census.mowr.gov.in/mic/getWaterBodyImageByURL/MIC_112002000001000032001.jpeg,,,Bengaluru Urban,Bengaluru Urban,525,Anekal,5545,S Bingipura,613160,wbc-2017-18
1/12/002/000001/000033/001,5953685,567657,KA,BANGALORE URBAN,ANEKAL,HULIMANGALA,02,Tank,12.8227778,77.645,Rural,2022-05-04,1,Panchayat,,No,Natural,,4,0,No,https://mi6census.mowr.gov.in/mic/getWaterBodyImageByURL/MIC_112002000001000033001.jpeg,,,Bengaluru Urban,Bengaluru Urban,525,Anekal,5545,Hulimangala,613161,wbc-2017-18
1/12/002/000001/000033/002,5953686,567656,KA,BANGALORE URBAN,ANEKAL,HULIMANGALA,02,Tank,12.8230556,77.6452778,Rural,2022-05-04,2,Panchayat,,No,Natural,,4,0,No,https://mi6census.mowr.gov.in/mic/getWaterBodyImageByURL/MIC_112002000001000033002.jpeg,,,Bengaluru Urban,Bengaluru Urban,525,Anekal,5545,Hulimangala,613161,wbc-2017-18
1/12/002/000001/000033/003,5953688,567658,KA,BANGALORE URBAN,ANEKAL,HULIMANGALA,02,Tank,12.8291667,77.6444444,Rural,2022-05-04,3,Panchayat,,No,Natural,,4,0,No,https://mi6census.mowr.gov.in/mic/getWaterBodyImageByURL/MIC_112002000001000033003.jpeg,,,Bengaluru Urban,Bengaluru Urban,525,Anekal,5545,Hulimangala,613161,wbc-2017-18
1/12/002/000001/000033/004,5953690,567655,KA,BANGALORE URBAN,ANEKAL,HULIMANGALA,02,Tank,12.8155556,77.6344444,Rural,2022-05-04,4,Panchayat,,No,Natural,,4,0,No,https://mi6census.mowr.gov.in/mic/getWaterBodyImageByURL/MIC_112002000001000033004.jpeg,,,Bengaluru Urban,Bengaluru Urban,525,Anekal,5545,Hulimangala,613161,wbc-2017-18
1/12/002/000001/000036/001,5958706,567773,KA,BANGALORE URBAN,ANEKAL,VABASANDRA,02,Tank,12.8108333,77.6513889,Rural,2022-05-05,1,Panchayat,,No,Natural,,4,0,No,https://mi6census.mowr.gov.in/mic/getWaterBodyImageByURL/MIC_112002000001000036001.jpeg,,,Bengaluru Urban,Bengaluru Urban,525,Anekal,5545,Vabasandra,613164,wbc-2017-18
1/12/002/000001/000037/001,5958710,567726,KA,BANGALORE URBAN,ANEKAL,NANJAPURA,02,Tank,12.8102778,77.6416667,Rural,2022-05-05,1,Panchayat,,No,Natural,,4,0,No,https://mi6census.mowr.gov.in/mic/getWaterBodyImageByURL/MIC_112002000001000037001.jpeg,,,Bengaluru Urban,Bengaluru Urban,525,Anekal,5545,Nanjapura,613165,wbc-2017-18
1/12/002/000001/000038/001,5958699,567691,KA,BANGALORE URBAN,ANEKAL,KYALASANAHALLI,02,Tank,12.8036111,77.6558333,Rural,2022-05-05,1,Panchayat,,No,Natural,,4,0,No,https://mi6census.mowr.gov.in/mic/getWaterBodyImageByURL/MIC_112002000001000038001.jpeg,,,Bengaluru Urban,Bengaluru Urban,525,Anekal,5545,Vabasandra,613164,wbc-2017-18
1/12/002/000001/000039/001,5958715,567596,KA,BANGALORE URBAN,ANEKAL,BANDE NALLA SANDRA,02,Tank,12.7936111,77.6519444,Rural,2022-05-05,1,Co-operative,,No,Natural,,4,0,No,https://mi6census.mowr.gov.in/mic/getWaterBodyImageByURL/MIC_112002000001000039001.jpeg,,,Bengaluru Urban,Bengaluru Urban,525,Anekal,5545,Bande Nalla Sandra,613167,wbc-2017-18
1/12/002/000001/000040/001,5958954,567645,KA,BANGALORE URBAN,ANEKAL,HARAGADDE,02,Tank,12.7625,77.6530556,Rural,2022-05-09,1,Panchayat,,No,Natural,,4,0,No,https://mi6census.mowr.gov.in/mic/getWaterBodyImageByURL/MIC_112002000001000040001.jpeg,,,Bengaluru Urban,Bengaluru Urban,525,Anekal,5545,Mada Patna,613169,wbc-2017-18
1/12/002/000001/000040/002,5958955,567646,KA,BANGALORE URBAN,ANEKAL,HARAGADDE,02,Tank,12.7627778,77.6483333,Rural,2022-05-09,2,Panchayat,,No,Natural,,4,0,No,https://mi6census.mowr.gov.in/mic/getWaterBodyImageByURL/MIC_112002000001000040002.jpeg,,,Bengaluru Urban,Bengaluru Urban,525,Anekal,5545,Mada Patna,613169,wbc-2017-18
1/12/002/000001/000040/003,5958956,567647,KA,BANGALORE URBAN,ANEKAL,HARAGADDE,02,Tank,12.7630556,77.6433333,Rural,2022-05-09,3,Panchayat,,No,Natural,,4,0,No,https://mi6census.mowr.gov.in/mic/getWaterBodyImageByURL/MIC_112002000001000040003.jpeg,,,Bengaluru Urban,Bengaluru Urban,525,Anekal,5545,Jigani CT,613360,wbc-2017-18
1/12/002/000001/000041/001,5958951,567693,KA,BANGALORE URBAN,ANEKAL,MADA PATNA,02,Tank,12.7805556,77.6455556,Rural,2022-05-09,1,Panchayat,,No,Natural,,4,0,No,https://mi6census.mowr.gov.in/mic/getWaterBodyImageByURL/MIC_112002000001000041001.jpeg,,,Bengaluru Urban,Bengaluru Urban,525,Anekal,5545,Jigani CT,613360,wbc-2017-18
1/12/002/000001/000042/001,5958962,567681,KA,BANGALORE URBAN,ANEKAL,KONASANDRA,02,Tank,12.7619444,77.6375,Rural,2022-05-09,1,Panchayat,,No,Natural,,4,0,No,https://mi6census.mowr.gov.in/mic/getWaterBodyImageByURL/MIC_112002000001000042001.jpeg,,,Bengaluru Urban,Bengaluru Urban,525,Anekal,5545,Konasandra,613170,wbc-2017-18
1/12/002/000001/000042/002,5958963,567682,KA,BANGALORE URBAN,ANEKAL,KONASANDRA,02,Tank,12.7625,77.6366667,Rural,2022-05-09,2,Panchayat,,No,Natural,,4,0,No,https://mi6census.mowr.gov.in/mic/getWaterBodyImageByURL/MIC_112002000001000042002.jpeg,,,Bengaluru Urban,Bengaluru Urban,525,Anekal,5545,Konasandra,613170,wbc-2017-18
1/12/002/000001/000042/003,5958964,567680,KA,BANGALORE URBAN,ANEKAL,KONASANDRA,02,Tank,12.7627778,77.6369444,Rural,2022-05-09,3,Panchayat,,No,Natural,,4,0,No,https://mi6census.mowr.gov.in/mic/getWaterBodyImageByURL/MIC_112002000001000042003.jpeg,,,Bengaluru Urban,Bengaluru Urban,525,Anekal,5545,Konasandra,613170,wbc-2017-18
1/12/002/000001/000043/001,5958960,567613,KA,BANGALORE URBAN,ANEKAL,BOMMANDAHALLI,02,Tank,12.74,77.6258333,Rural,2022-05-09,1,Panchayat,,No,Natural,,4,0,No,https://mi6census.mowr.gov.in/mic/getWaterBodyImageByURL/MIC_112002000001000043001.jpeg,,,Bengaluru Urban,Bengaluru Urban,525,Anekal,5545,Kadajakkanahalli,613154,wbc-2017-18
1/12/002/000001/000044/001,5958958,567730,KA,BANGALORE URBAN,ANEKAL,NOSENUR GOLLAHALLI,02,Tank,12.7288889,77.65,Rural,2022-05-09,1,Panchayat,,No,Natural,,4,0,No,https://mi6census.mowr.gov.in/mic/getWaterBodyImageByURL/MIC_112002000001000044001.jpeg,,,Bengaluru Urban,Bengaluru Urban,525,Anekal,5545,Adur,613299,wbc-2017-18
1/12/002/000001/000045/001,5958957,567729,KA,BANGALORE URBAN,ANEKAL,NOSENUR,02,Tank,12.7436111,77.6647222,Rural,2022-05-09,1,Panchayat,,No,Natural,,4,0,No,https://mi6census.mowr.gov.in/mic/getWaterBodyImageByURL/MIC_112002000001000045001.jpeg,,,Bengaluru Urban,Bengaluru Urban,525,Anekal,5545,Kumbaranahalli,613296,wbc-2017-18
1/12/002/000001/000046/001,5958961,567628,KA,BANGALORE URBAN,ANEKAL,DYAVASANDRA,02,Tank,12.7594444,77.6416667,Rural,2022-05-09,1,Panchayat,,No,Natural,,4,0,No,https://mi6census.mowr.gov.in/mic/getWaterBodyImageByURL/MIC_112002000001000046001.jpeg,,,Bengaluru Urban,Bengaluru Urban,525,Anekal,5545,Konasandra,613170,wbc-2017-18
1/12/002/000001/000047/001,5958950,567751,KA,BANGALORE URBAN,ANEKAL,SEETHANAIKANA HALLI,02,Tank,12.7797222,77.6697222,Rural,2022-05-09,1,Panchayat,,No,Natural,,4,0,No,https://mi6census.mowr.gov.in/mic/getWaterBodyImageByURL/MIC_112002000001000047001.jpeg,,,Bengaluru Urban,Bengaluru Urban,525,Anekal,5545,Rajapura,613176,wbc-2017-18
1/12/002/000001/000048/001,5958949,567741,KA,BANGALORE URBAN,ANEKAL,RAJAPURA,02,Tank,12.7830556,77.6691667,Rural,2022-05-09,1,Panchayat,,No,Natural,,4,0,No,https://mi6census.mowr.gov.in/mic/getWaterBodyImageByURL/MIC_112002000001000048001.jpeg,,,Bengaluru Urban,Bengaluru Urban,525,Anekal,5545,Masthena Halli,613177,wbc-2017-18
1/12/002/000001/000049/001,5958948,567711,KA,BANGALORE URBAN,ANEKAL,MASTHENA HALLI,03,Lake,12.7902778,77.6622222,Rural,2022-05-09,,Panchayat,,No,Natural,,4,0,No,https://mi6census.mowr.gov.in/mic/getWaterBodyImageByURL/MIC_112002000001000049001.jpeg,,,Bengaluru Urban,Bengaluru Urban,525,Anekal,5545,Masthena Halli,613177,wbc-2017-18
1/12/002/000001/000050/001,5958952,567651,KA,BANGALORE URBAN,ANEKAL,HINNAKKI,02,Tank,12.7752778,77.6777778,Rural,2022-05-09,1,Panchayat,,No,Natural,,4,0,No,https://mi6census.mowr.gov.in/mic/getWaterBodyImageByURL/MIC_112002000001000050001.jpeg,,,Bengaluru Urban,Bengaluru Urban,525,Anekal,5545,Hinnakki,613178,wbc-2017-18
1/12/002/000001/000051/001,5959046,567650,KA,BANGALORE URBAN,ANEKAL,HENNAGARA,02,Tank,12.7830556,77.6605556,Rural,2022-05-12,1,Panchayat,,No,Natural,,4,0,No,https://mi6census.mowr.gov.in/mic/getWaterBodyImageByURL/MIC_112002000001000051001.jpeg,,,Bengaluru Urban,Bengaluru Urban,525,Anekal,5545,Masthena Halli,613177,wbc-2017-18
1/12/002/000001/000052/001,5959068,567654,KA,BANGALORE URBAN,ANEKAL,HOSAHALLI,02,Tank,12.7994444,77.6791667,Rural,2022-05-12,1,Panchayat,,No,Natural,,4,0,No,https://mi6census.mowr.gov.in/mic/getWaterBodyImageByURL/MIC_112002000001000052001.jpeg,,,Bengaluru Urban,Bengaluru Urban,525,Anekal,5545,Hosahalli,613181,wbc-2017-18
1/12/002/000001/000053/001,5959014,567671,KA,BANGALORE URBAN,ANEKAL,KACHANAIKANAHALLI,02,Tank,12.8013889,77.6786111,Rural,2022-05-11,1,Panchayat,,No,Natural,,4,0,No,https://mi6census.mowr.gov.in/mic/getWaterBodyImageByURL/MIC_112002000001000053001.jpeg,,,Bengaluru Urban,Bengaluru Urban,525,Anekal,5545,Kachanaikanahalli,613182,wbc-2017-18
1/12/002/000001/000054/001,5958953,567742,KA,BANGALORE URBAN,ANEKAL,RAMAKRISHNAPURA,02,Tank,12.7780556,77.6947222,Rural,2022-05-09,1,Panchayat,,No,Natural,,4,0,No,https://mi6census.mowr.gov.in/mic/getWaterBodyImageByURL/MIC_112002000001000054001.jpeg,,,Bengaluru Urban,Bengaluru Urban,525,Anekal,5545,Ramakrishnapura,613183,wbc-2017-18
1/12/002/000001/000056/001,5959029,567745,KA,BANGALORE URBAN,ANEKAL,RAYASANDRA,02,Tank,12.8741667,77.6986111,Rural,2022-05-11,1,Panchayat,,No,Natural,,4,0,No,https://mi6census.mowr.gov.in/mic/getWaterBodyImageByURL/MIC_112002000001000056001.jpeg,,,Bengaluru Urban,Bengaluru Urban,525,Anekal,5545,Gattahalli,613187,wbc-2017-18
1/12/002/000001/000058/001,5959031,567629,KA,BANGALORE URBAN,ANEKAL,GATTAHALLI,02,Tank,12.8736111,77.6941667,Rural,2022-05-11,1,Panchayat,,No,Natural,,4,0,No,https://mi6census.mowr.gov.in/mic/getWaterBodyImageByURL/MIC_112002000001000058001.jpeg,,,Bengaluru Urban,Bengaluru Urban,525,Anekal,5545,Gattahalli,613187,wbc-2017-18
1/12/002/000001/000060/001,5958995,567620,KA,BANGALORE URBAN,ANEKAL,CHIKKANAGAMANGALA,02,Tank,12.8552778,77.6994444,Rural,2022-05-10,1,Panchayat,,No,Natural,,4,0,No,https://mi6census.mowr.gov.in/mic/getWaterBodyImageByURL/MIC_112002000001000060001.jpeg,,,Bengaluru Urban,Bengaluru Urban,525,Anekal,5545,Chikkanagamangala,613189,wbc-2017-18
1/12/002/000001/000060/002,5959000,567621,KA,BANGALORE URBAN,ANEKAL,CHIKKANAGAMANGALA,02,Tank,12.8538889,77.6888889,Rural,2022-05-10,2,Panchayat,,No,Natural,,4,0,No,https://mi6census.mowr.gov.in/mic/getWaterBodyImageByURL/MIC_112002000001000060002.jpeg,,,Bengaluru Urban,Bengaluru Urban,525,Anekal,5545,Bhovi Palya Shanthi Pur,613190,wbc-2017-18
1/12/002/000001/000063/001,5959258,567663,KA,BANGALORE URBAN,ANEKAL,HUSKUR,02,Tank,12.8583333,77.7088889,Rural,2022-05-19,1,Panchayat,,No,Natural,,4,0,No,https://mi6census.mowr.gov.in/mic/getWaterBodyImageByURL/MIC_112002000001000063001.jpeg,,,Bengaluru Urban,Bengaluru Urban,525,Anekal,5545,Huskur,613192,wbc-2017-18
1/12/002/000001/000066/001,5959257,567648,KA,BANGALORE URBAN,ANEKAL,HAROHALLI,02,Tank,12.86,77.7069444,Rural,2022-05-19,1,Panchayat,,No,Natural,,4,0,No,https://mi6census.mowr.gov.in/mic/getWaterBodyImageByURL/MIC_112002000001000066001.jpeg,,,Bengaluru Urban,Bengaluru Urban,525,Anekal,5545,Huskur,613192,wbc-2017-18
1/12/002/000001/000067/001,5958946,567673,KA,BANGALORE URBAN,ANEKAL,KAGGALIPURA,02,Tank,12.8525,77.73,Rural,2022-05-08,1,Panchayat,,No,Natural,,4,0,No,https://mi6census.mowr.gov.in/mic/getWaterBodyImageByURL/MIC_112002000001000067001.jpeg,,,Bengaluru Urban,Bengaluru Urban,525,Anekal,5545,Gopasandra,613206,wbc-2017-18
1/12/002/000001/000069/001,5958945,567636,KA,BANGALORE URBAN,ANEKAL,GOTTAMARANAHALLI,02,Tank,12.8405556,77.7152778,Rural,2022-05-08,1,Panchayat,,No,Natural,,4,0,No,https://mi6census.mowr.gov.in/mic/getWaterBodyImageByURL/MIC_112002000001000069001.jpeg,,,Bengaluru Urban,Bengaluru Urban,525,Anekal,5545,Singena Agrahara,613199,wbc-2017-18
1/12/002/000001/000070/001,5958944,567756,KA,BANGALORE URBAN,ANEKAL,SINGENA AGRAHARA,02,Tank,12.8458333,77.7263889,Rural,2022-05-08,1,Panchayat,,No,Natural,,4,0,No,https://mi6census.mowr.gov.in/mic/getWaterBodyImageByURL/MIC_112002000001000070001.jpeg,,,Bengaluru Urban,Bengaluru Urban,525,Anekal,5545,Narayanaghatta,613200,wbc-2017-18
1/12/002/000001/000071/001,5958943,567727,KA,BANGALORE URBAN,ANEKAL,NARAYANAGHATTA,02,Tank,12.8294444,77.7247222,Rural,2022-05-08,1,Panchayat,,No,Natural,,4,0,No,https://mi6census.mowr.gov.in/mic/getWaterBodyImageByURL/MIC_112002000001000071001.jpeg,,,Bengaluru Urban,Bengaluru Urban,525,Anekal,5545,Narayanaghatta,613200,wbc-2017-18
1/12/002/000001/000072/001,5959224,567720,KA,BANGALORE URBAN,ANEKAL,MUTHANALLUR,02,Tank,12.8313889,77.7361111,Rural,2022-05-16,1,Panchayat,,No,Natural,,4,0,No,https://mi6census.mowr.gov.in/mic/getWaterBodyImageByURL/MIC_112002000001000072001.jpeg,,,Bengaluru Urban,Bengaluru Urban,525,Anekal,5545,Muthanallur,613201,wbc-2017-18
1/12/002/000001/000073/001,5959226,567584,KA,BANGALORE URBAN,ANEKAL,ALI BOMMASANDRA,02,Tank,12.8316667,77.7358333,Rural,2022-05-16,1,Panchayat,,No,Natural,1,4,0,No,https://mi6census.mowr.gov.in/mic/getWaterBodyImageByURL/MIC_112002000001000073001.jpeg,,,Bengaluru Urban,Bengaluru Urban,525,Anekal,5545,Muthanallur,613201,wbc-2017-18
1/12/002/000001/000074/001,5959225,567721,KA,BANGALORE URBAN,ANEKAL,MUTHANALLUR AMANIKERE,02,Tank,12.8313889,77.7361111,Rural,2022-05-16,1,Panchayat,,No,Natural,,4,0,No,https://mi6census.mowr.gov.in/mic/getWaterBodyImageByURL/MIC_112002000001000074001.jpeg,,,Bengaluru Urban,Bengaluru Urban,525,Anekal,5545,Muthanallur,613201,wbc-2017-18
1/12/002/000001/000075/001,5958590,567749,KA,BANGALORE URBAN,ANEKAL,SAMANAHALLI,02,Tank,12.835,77.7419444,Rural,2022-05-04,1,Panchayat,,No,Natural,,4,0,No,https://mi6census.mowr.gov.in/mic/getWaterBodyImageByURL/MIC_112002000001000075001.jpeg,,,Bengaluru Urban,Bengaluru Urban,525,Anekal,5545,Samanahalli,613204,wbc-2017-18
1/12/002/000001/000076/001,5958579,567623,KA,BANGALORE URBAN,ANEKAL,CHIKKATHIMMASANDRA,02,Tank,12.8472222,77.745,Rural,2022-05-04,1,Panchayat,,No,Natural,,4,0,No,https://mi6census.mowr.gov.in/mic/getWaterBodyImageByURL/MIC_112002000001000076001.jpeg,,,Bengaluru Urban,Bengaluru Urban,525,Anekal,5545,Chikkathimmasandra,613205,wbc-2017-18
1/12/002/000001/000079/001,5958968,567769,KA,BANGALORE URBAN,ANEKAL,THIGALA CHOWDADENAHALLI,02,Tank,12.8880556,77.7533333,Rural,2022-05-09,1,Panchayat,,No,Natural,,4,0,No,https://mi6census.mowr.gov.in/mic/getWaterBodyImageByURL/MIC_112002000001000079001.jpeg,,,Bengaluru Urban,Bengaluru Urban,525,Anekal,5545,Thigala Chowdadenahalli,613208,wbc-2017-18
1/12/002/000001/000091/001,5953711,567608,KA,BANGALORE URBAN,ANEKAL,B.HOSAHALLI,02,Tank,12.8463889,77.7666667,Rural,2022-05-04,1,Panchayat,,No,Natural,,4,0,No,https://mi6census.mowr.gov.in/mic/getWaterBodyImageByURL/MIC_112002000001000091001.jpeg,,,Bengaluru Urban,Bengaluru Urban,525,Anekal,5545,B Hosahalli,613221,wbc-2017-18
1/12/002/000001/000092/001,5958595,567610,KA,BANGALORE URBAN,ANEKAL,BIKKANAHALLI,02,Tank,12.8383333,77.7638889,Rural,2022-05-04,1,Panchayat,,No,Natural,,4,0,No,https://mi6census.mowr.gov.in/mic/getWaterBodyImageByURL/MIC_112002000001000092001.jpeg,,,Bengaluru Urban,Bengaluru Urban,525,Anekal,5545,Bikkanahalli,613222,wbc-2017-18
1/12/002/000001/000093/001,5958696,567758,KA,BANGALORE URBAN,ANEKAL,SOLLEPURA,02,Tank,12.8216667,77.7591667,Rural,2022-05-05,1,Panchayat,,No,Natural,,4,0,No,https://mi6census.mowr.gov.in/mic/getWaterBodyImageByURL/MIC_112002000001000093001.jpeg,,,Bengaluru Urban,Bengaluru Urban,525,Anekal,5545,Sollepura,613223,wbc-2017-18
1/12/002/000001/000094/001,5958615,567643,KA,BANGALORE URBAN,ANEKAL,HANDENAHALLI,02,Tank,12.8144444,77.7961111,Rural,2022-05-04,1,Panchayat,,No,Natural,,4,0,No,https://mi6census.mowr.gov.in/mic/getWaterBodyImageByURL/MIC_112002000001000094001.jpeg,,,Bengaluru Urban,Bengaluru Urban,525,Anekal,5545,Byalahalli,613229,wbc-2017-18
1/12/002/000001/000094/002,5958620,567644,KA,BANGALORE URBAN,ANEKAL,HANDENAHALLI,02,Tank,12.8280556,77.7672222,Rural,2022-05-04,2,Panchayat,,No,Natural,,4,0,No,https://mi6census.mowr.gov.in/mic/getWaterBodyImageByURL/MIC_112002000001000094002.jpeg,,,Bengaluru Urban,Bengaluru Urban,525,Anekal,5545,Handenahalli,613224,wbc-2017-18
1/12/002/000001/000095/001,5958700,567684,KA,BANGALORE URBAN,ANEKAL,KOTIGANAHALLI,02,Tank,12.8338889,77.7683333,Rural,2022-05-05,1,Panchayat,,No,Natural,,4,0,No,https://mi6census.mowr.gov.in/mic/getWaterBodyImageByURL/MIC_112002000001000095001.jpeg,,,Bengaluru Urban,Bengaluru Urban,525,Anekal,5545,Koothaganahalli,613225,wbc-2017-18
1/12/002/000001/000097/001,5958659,567757,KA,BANGALORE URBAN,ANEKAL,S.MEDIHALLI,02,Tank,12.8213889,77.7852778,Rural,2022-05-05,1,Panchayat,,No,Natural,,4,0,No,https://mi6census.mowr.gov.in/mic/getWaterBodyImageByURL/MIC_112002000001000097001.jpeg,,,Bengaluru Urban,Bengaluru Urban,525,Anekal,5545,Tyayakana Halli,613228,wbc-2017-18
1/12/002/000001/000098/001,5958658,567772,KA,BANGALORE URBAN,ANEKAL,TYAYAKANA HALLI,02,Tank,12.8266667,77.7855556,Rural,2022-05-05,1,Panchayat,,No,Natural,,4,0,No,https://mi6census.mowr.gov.in/mic/getWaterBodyImageByURL/MIC_112002000001000098001.jpeg,,,Bengaluru Urban,Bengaluru Urban,525,Anekal,5545,S Medihalli,613227,wbc-2017-18
1/12/002/000001/000099/001,5958644,567583,KA,BANGALORE URBAN,ANEKAL,ADIGARAKALLAHALLI,02,Tank,12.8252778,77.7994444,Rural,2022-05-05,1,Panchayat,,No,Natural,,4,0,No,https://mi6census.mowr.gov.in/mic/getWaterBodyImageByURL/MIC_112002000001000099001.jpeg,,,Bengaluru Urban,Bengaluru Urban,525,Anekal,5545,Adigarakallahalli,613230,wbc-2017-18
1/12/002/000001/000100/001,5958648,567611,KA,BANGALORE URBAN,ANEKAL,BILLAPURA,02,Tank,12.85,77.7827778,Rural,2022-05-05,1,Panchayat,,No,Natural,,4,0,No,https://mi6census.mowr.gov.in/mic/getWaterBodyImageByURL/MIC_112002000001000100001.jpeg,,,Bengaluru Urban,Bengaluru Urban,525,Anekal,5545,Sarjapura CT,613358,wbc-2017-18
1/12/002/000001/000101/001,5958650,567616,KA,BANGALORE URBAN,ANEKAL,BURAGUNTE,02,Tank,12.8408333,77.7791667,Rural,2022-05-05,1,Panchayat,,No,Natural,,4,0,No,https://mi6census.mowr.gov.in/mic/getWaterBodyImageByURL/MIC_112002000001000101001.jpeg,,,Bengaluru Urban,Bengaluru Urban,525,Anekal,5545,Buragunte,613232,wbc-2017-18
1/12/002/000001/000102/001,5953694,567669,KA,BANGALORE URBAN,ANEKAL,ITTANGUR,02,Tank,12.8752778,77.7852778,Rural,2022-05-04,1,Panchayat,,No,Natural,,4,0,No,https://mi6census.mowr.gov.in/mic/getWaterBodyImageByURL/MIC_112002000001000102001.jpeg,,,Bengaluru Urban,Bengaluru Urban,525,Anekal,5545,Sompura,613218,wbc-2017-18
1/12/002/000001/000102/002,5953706,567667,KA,BANGALORE URBAN,ANEKAL,ITTANGUR,02,Tank,12.8891667,77.7930556,Rural,2022-05-04,2,Panchayat,,No,Natural,,4,0,No,https://mi6census.mowr.gov.in/mic/getWaterBodyImageByURL/MIC_112002000001000102002.jpeg,,,Bengaluru Urban,Bengaluru Urban,525,Anekal,5545,Kuthaganahalli,613247,wbc-2017-18
1/12/002/000001/000102/003,5953710,567668,KA,BANGALORE URBAN,ANEKAL,ITTANGUR,02,Tank,12.8797222,77.7966667,Rural,2022-05-04,3,Panchayat,,No,Natural,,4,0,No,https://mi6census.mowr.gov.in/mic/getWaterBodyImageByURL/MIC_112002000001000102003.jpeg,,,Bengaluru Urban,Bengaluru Urban,525,Anekal,5545,Ittangur,613233,wbc-2017-18
1/12/002/000001/000103/001,5958580,567778,KA,BANGALORE URBAN,ANEKAL,VOLAGEREKALLAHALLI,02,Tank,12.885,77.7719444,Rural,2022-05-04,1,Panchayat,,No,Natural,,4,0,No,https://mi6census.mowr.gov.in/mic/getWaterBodyImageByURL/MIC_112002000001000103001.jpeg,,,Bengaluru Urban,Bengaluru Urban,525,Anekal,5545,Volagerekallahalli,613234,wbc-2017-18
1/12/002/000001/000103/002,5958585,567777,KA,BANGALORE URBAN,ANEKAL,VOLAGEREKALLAHALLI,02,Tank,12.8813889,77.7777778,Rural,2022-05-04,2,Panchayat,,No,Natural,,4,0,No,https://mi6census.mowr.gov.in/mic/getWaterBodyImageByURL/MIC_112002000001000103002.jpeg,,,Bengaluru Urban,Bengaluru Urban,525,Anekal,5545,Volagerekallahalli,613234,wbc-2017-18
1/12/002/000001/000105/001,5958604,567634,KA,BANGALORE URBAN,ANEKAL,GONIGHATTAPURA,02,Tank,12.9197222,77.7925,Rural,2022-05-04,1,Panchayat,,No,Natural,,4,0,No,https://mi6census.mowr.gov.in/mic/getWaterBodyImageByURL/MIC_112002000001000105001.jpeg,,,Bengaluru Urban,Bengaluru Urban,525,Anekal,5545,Gonighattapura,613236,wbc-2017-18
1/12/002/000001/000105/002,5958606,567635,KA,BANGALORE URBAN,ANEKAL,GONIGHATTAPURA,02,Tank,12.9125,77.7802778,Rural,2022-05-04,2,Panchayat,,No,Natural,,4,0,No,https://mi6census.mowr.gov.in/mic/getWaterBodyImageByURL/MIC_112002000001000105002.jpeg,,,Bengaluru Urban,Bengaluru Urban,525,Anekal,5545,Neriga,613237,wbc-2017-18
1/12/002/000001/000111/001,5953699,567625,KA,BANGALORE URBAN,ANEKAL,DESHAPANDE GUTTAHALLI,02,Tank,12.925,77.8238889,Rural,2022-05-04,1,Panchayat,,No,Natural,,4,0,No,https://mi6census.mowr.gov.in/mic/getWaterBodyImageByURL/MIC_112002000001000111001.jpeg,,,Bengaluru Urban,Bengaluru Urban,525,Anekal,5545,Deshapande Guttahalli,613242,wbc-2017-18
1/12/002/000001/000113/001,5958603,567718,KA,BANGALORE URBAN,ANEKAL,MUGALUR,02,Tank,12.8947222,77.8172222,Rural,2022-05-04,1,Panchayat,,No,Natural,,4,0,No,https://mi6census.mowr.gov.in/mic/getWaterBodyImageByURL/MIC_112002000001000113001.jpeg,,,Bengaluru Urban,Bengaluru Urban,525,Anekal,5545,Mugalur,613244,wbc-2017-18
1/12/002/000001/000114/001,5953708,567686,KA,BANGALORE URBAN,ANEKAL,KUGUR,02,Tank,12.9108333,77.8083333,Rural,2022-05-04,1,Panchayat,,No,Natural,,4,0,No,https://mi6census.mowr.gov.in/mic/getWaterBodyImageByURL/MIC_112002000001000114001.jpeg,,,Bengaluru Urban,Bengaluru Urban,525,Anekal,5545,Kugur,613245,wbc-2017-18
1/12/002/000001/000115/001,5958578,567676,KA,BANGALORE URBAN,ANEKAL,KAMANAHALLI,02,Tank,12.91,77.7980556,Rural,2022-05-04,1,Panchayat,,No,Natural,,4,0,No,https://mi6census.mowr.gov.in/mic/getWaterBodyImageByURL/MIC_112002000001000115001.jpeg,,,Bengaluru Urban,Bengaluru Urban,525,Anekal,5545,Kamanahalli,613246,wbc-2017-18
1/12/002/000001/000116/001,5953698,567689,KA,BANGALORE URBAN,ANEKAL,KUTHAGANAHALLI,02,Tank,12.8966667,77.7980556,Rural,2022-05-04,1,Panchayat,,No,Natural,,4,0,No,https://mi6census.mowr.gov.in/mic/getWaterBodyImageByURL/MIC_112002000001000116001.jpeg,,,Bengaluru Urban,Bengaluru Urban,525,Anekal,5545,Kuthaganahalli,613247,wbc-2017-18
1/12/002/000001/000116/002,5953702,567690,KA,BANGALORE URBAN,ANEKAL,KUTHAGANAHALLI,02,Tank,12.9083333,77.7955556,Rural,2022-05-04,2,Panchayat,,No,Natural,,4,0,No,https://mi6census.mowr.gov.in/mic/getWaterBodyImageByURL/MIC_112002000001000116002.jpeg,,,Bengaluru Urban,Bengaluru Urban,525,Anekal,5545,Kamanahalli,613246,wbc-2017-18
1/12/002/000001/000117/001,5958610,567627,KA,BANGALORE URBAN,ANEKAL,DODDATHIMMASANDRA,02,Tank,12.8777778,77.7980556,Rural,2022-05-04,1,Panchayat,,No,Natural,,4,0,No,https://mi6census.mowr.gov.in/mic/getWaterBodyImageByURL/MIC_112002000001000117001.jpeg,,,Bengaluru Urban,Bengaluru Urban,525,Anekal,5545,Doddathimmasandra,613248,wbc-2017-18
1/12/002/000001/000118/001,5958588,567770,KA,BANGALORE URBAN,ANEKAL,THINDLU,02,Tank,12.8519444,77.8063889,Rural,2022-05-04,1,Panchayat,,No,Natural,,4,0,No,https://mi6census.mowr.gov.in/mic/getWaterBodyImageByURL/MIC_112002000001000118001.jpeg,,,Bengaluru Urban,Bengaluru Urban,525,Anekal,5545,Thindlu,613249,wbc-2017-18
1/12/002/000001/000119/001,5958609,567696,KA,BANGALORE URBAN,ANEKAL,MAHAL CHOWDADENAHALLI,02,Tank,12.8719444,77.8111111,Rural,2022-05-04,1,Panchayat,,No,Natural,,4,0,No,https://mi6census.mowr.gov.in/mic/getWaterBodyImageByURL/MIC_112002000001000119001.jpeg,,,Bengaluru Urban,Bengaluru Urban,525,Anekal,5545,Mahal Chowdadenahalli,613250,wbc-2017-18
1/12/002/000001/000120/001,5958589,567638,KA,BANGALORE URBAN,ANEKAL,GUDIGHATTANAHALLI,02,Tank,12.8622222,77.8097222,Rural,2022-05-04,1,Panchayat,,No,Natural,,4,0,No,https://mi6census.mowr.gov.in/mic/getWaterBodyImageByURL/MIC_112002000001000120001.jpeg,,,Bengaluru Urban,Bengaluru Urban,525,Anekal,5545,Gudighattanahalli,613251,wbc-2017-18
1/12/002/000001/000121/001,5958600,567731,KA,BANGALORE URBAN,ANEKAL,PANDITANA AGRAHARA,02,Tank,12.8797222,77.8191667,Rural,2022-05-04,1,Panchayat,,No,Natural,,4,0,No,https://mi6census.mowr.gov.in/mic/getWaterBodyImageByURL/MIC_112002000001000121001.jpeg,,,Bengaluru Urban,Bengaluru Urban,525,Anekal,5545,Panditana Agrahara,613252,wbc-2017-18
1/12/002/000001/000122/001,5958591,567712,KA,BANGALORE URBAN,ANEKAL,MATTANAHALLI,02,Tank,12.8622222,77.8213889,Rural,2022-05-04,1,Panchayat,,No,Natural,,4,0,No,https://mi6census.mowr.gov.in/mic/getWaterBodyImageByURL/MIC_112002000001000122001.jpeg,,,Bengaluru Urban,Bengaluru Urban,525,Anekal,5545,Mattanahalli,613253,wbc-2017-18
1/12/002/000001/000123/001,5959227,567633,KA,BANGALORE URBAN,ANEKAL,GOLLAHALLI,02,Tank,12.8194444,77.5844444,Rural,2022-05-16,1,Panchayat,,No,Natural,,4,0,No,https://mi6census.mowr.gov.in/mic/getWaterBodyImageByURL/MIC_112002000001000123001.jpeg,,,Bengaluru Urban,Bengaluru Urban,525,Anekal,5545,Gollahalli,613133,wbc-2017-18
1/12/002/000001/000127/001,5958846,567587,KA,BANGALORE URBAN,ANEKAL,ANDAPURA,02,Tank,12.8213889,77.6916667,Rural,2022-05-06,1,Panchayat,,No,Natural,,4,0,No,https://mi6census.mowr.gov.in/mic/getWaterBodyImageByURL/MIC_112002000001000127001.jpeg,,,Bengaluru Urban,Bengaluru Urban,525,Anekal,5545,Bommasandra CT,613357,wbc-2017-18
1/12/002/000001/000128/001,5958847,567743,KA,BANGALORE URBAN,ANEKAL,RAMASAGARA,02,Tank,12.8152778,77.7152778,Rural,2022-05-06,1,Panchayat,,No,Natural,,4,0,No,https://mi6census.mowr.gov.in/mic/getWaterBodyImageByURL/MIC_112002000001000128001.jpeg,,,Bengaluru Urban,Bengaluru Urban,525,Anekal,5545,Heelalige,613260,wbc-2017-18
1/12/002/000001/000129/001,5958778,567649,KA,BANGALORE URBAN,ANEKAL,HEELALIGE,02,Tank,12.8163889,77.7002778,Rural,2022-05-06,1,Panchayat,,No,Natural,,4,0,No,https://mi6census.mowr.gov.in/mic/getWaterBodyImageByURL/MIC_112002000001000129001.jpeg,,,Bengaluru Urban,Bengaluru Urban,525,Anekal,5545,Bommasandra CT,613357,wbc-2017-18
1/12/002/000001/000135/001,5958862,567771,KA,BANGALORE URBAN,ANEKAL,THIRUMAGONDANAHALLI,02,Tank,12.7913889,77.7188889,Rural,2022-05-06,1,Panchayat,,No,Natural,,4,0,No,https://mi6census.mowr.gov.in/mic/getWaterBodyImageByURL/MIC_112002000001000135001.jpeg,,,Bengaluru Urban,Bengaluru Urban,525,Anekal,5545,Thirumagondanahalli,613266,wbc-2017-18
1/12/002/000001/000136/001,5958861,567593,KA,BANGALORE URBAN,ANEKAL,BALAGARANAHALLI,02,Tank,12.7875,77.7344444,Rural,2022-05-06,1,Panchayat,,No,Natural,,4,0,No,https://mi6census.mowr.gov.in/mic/getWaterBodyImageByURL/MIC_112002000001000136001.jpeg,,,Bengaluru Urban,Bengaluru Urban,525,Anekal,5545,Balagaranahalli,613267,wbc-2017-18
1/12/002/000001/000137/001,5958851,567728,KA,BANGALORE URBAN,ANEKAL,NERALUR,02,Tank,12.7963889,77.7263889,Rural,2022-05-06,1,Panchayat,,No,Natural,,4,0,No,https://mi6census.mowr.gov.in/mic/getWaterBodyImageByURL/MIC_112002000001000137001.jpeg,,,Bengaluru Urban,Bengaluru Urban,525,Anekal,5545,Neralur,613268,wbc-2017-18
1/12/002/000001/000139/001,5958853,567603,KA,BANGALORE URBAN,ANEKAL,BENDIGANAHALLI,02,Tank,12.8105556,77.7408333,Rural,2022-05-06,1,Panchayat,,No,Natural,,4,0,No,https://mi6census.mowr.gov.in/mic/getWaterBodyImageByURL/MIC_112002000001000139001.jpeg,,,Bengaluru Urban,Bengaluru Urban,525,Anekal,5545,Bendiganahalli,613270,wbc-2017-18
1/12/002/000001/000141/001,5958844,567637,KA,BANGALORE URBAN,ANEKAL,GUDDAHATTI,02,Tank,12.8102778,77.7408333,Rural,2022-05-06,1,Panchayat,,No,Natural,,4,0,No,https://mi6census.mowr.gov.in/mic/getWaterBodyImageByURL/MIC_112002000001000141001.jpeg,,,Bengaluru Urban,Bengaluru Urban,525,Anekal,5545,Bendiganahalli,613270,wbc-2017-18
1/12/002/000001/000142/001,5958854,567779,KA,BANGALORE URBAN,ANEKAL,YADAVANAHALLI,02,Tank,12.8002778,77.7452778,Rural,2022-05-06,1,Panchayat,,No,Natural,,4,0,No,https://mi6census.mowr.gov.in/mic/getWaterBodyImageByURL/MIC_112002000001000142001.jpeg,,,Bengaluru Urban,Bengaluru Urban,525,Anekal,5545,Guddahatti,613272,wbc-2017-18
1/12/002/000001/000143/001,5958858,567685,KA,BANGALORE URBAN,ANEKAL,KRISHNASAGARA,02,Tank,12.7838889,77.7486111,Rural,2022-05-06,1,Panchayat,,No,Natural,,4,0,No,https://mi6census.mowr.gov.in/mic/getWaterBodyImageByURL/MIC_112002000001000143001.jpeg,,,Bengaluru Urban,Bengaluru Urban,525,Anekal,5545,Krishnasagara,613274,wbc-2017-18
1/12/002/000001/000144/001,5958856,567666,KA,BANGALORE URBAN,ANEKAL,ITCHANGUR,02,Tank,12.7777778,77.7391667,Rural,2022-05-06,1,Panchayat,,No,Natural,,4,0,No,https://mi6census.mowr.gov.in/mic/getWaterBodyImageByURL/MIC_112002000001000144001.jpeg,,,Bengaluru Urban,Bengaluru Urban,525,Anekal,5545,Itchangur,613275,wbc-2017-18
1/12/002/000001/000145/001,5958587,567722,KA,BANGALORE URBAN,ANEKAL,MUTHASANDRA,02,Tank,12.7688889,77.7519444,Rural,2022-05-04,1,Panchayat,,No,Natural,,4,0,No,https://mi6census.mowr.gov.in/mic/getWaterBodyImageByURL/MIC_112002000001000145001.jpeg,,,Bengaluru Urban,Bengaluru Urban,525,Anekal,5545,Manchanahalli,613285,wbc-2017-18
1/12/002/000001/000145/002,5958592,567723,KA,BANGALORE URBAN,ANEKAL,MUTHASANDRA,02,Tank,12.7636111,77.7494444,Rural,2022-05-04,2,Panchayat,,No,Natural,,4,0,No,https://mi6census.mowr.gov.in/mic/getWaterBodyImageByURL/MIC_112002000001000145002.jpeg,,,Bengaluru Urban,Bengaluru Urban,525,Anekal,5545,Manchanahalli,613285,wbc-2017-18
1/12/002/000001/000147/001,5953696,567716,KA,BANGALORE URBAN,ANEKAL,MAYASANDRA,02,Tank,12.7486111,77.7513889,Rural,2022-05-04,1,Panchayat,,No,Natural,,4,0,No,https://mi6census.mowr.gov.in/mic/getWaterBodyImageByURL/MIC_112002000001000147001.jpeg,,,Bengaluru Urban,Bengaluru Urban,525,Anekal,5545,Mayasandra,613278,wbc-2017-18
1/12/002/000001/000147/002,5953705,567713,KA,BANGALORE URBAN,ANEKAL,MAYASANDRA,02,Tank,12.7494444,77.7466667,Rural,2022-05-04,2,Panchayat,,No,Natural,,4,0,No,https://mi6census.mowr.gov.in/mic/getWaterBodyImageByURL/MIC_112002000001000147002.jpeg,,,Bengaluru Urban,Bengaluru Urban,525,Anekal,5545,Mayasandra,613278,wbc-2017-18
1/12/002/000001/000147/003,5953712,567715,KA,BANGALORE URBAN,ANEKAL,MAYASANDRA,02,Tank,12.7805556,77.7233333,Rural,2022-05-04,3,Panchayat,,No,Natural,,4,0,No,https://mi6census.mowr.gov.in/mic/getWaterBodyImageByURL/MIC_112002000001000147003.jpeg,,,Bengaluru Urban,Bengaluru Urban,525,Anekal,5545,Madivala,613318,wbc-2017-18
1/12/002/000001/000147/004,5958602,567714,KA,BANGALORE URBAN,ANEKAL,MAYASANDRA,02,Tank,12.7575,77.7519444,Rural,2022-05-04,4,Panchayat,,No,Natural,,4,0,No,https://mi6census.mowr.gov.in/mic/getWaterBodyImageByURL/MIC_112002000001000147004.jpeg,,,Bengaluru Urban,Bengaluru Urban,525,Anekal,5545,Mayasandra,613278,wbc-2017-18
1/12/002/000001/000148/001,5958622,567717,KA,BANGALORE URBAN,ANEKAL,M.MEDIHALLI,02,Tank,12.7313889,77.7408333,Rural,2022-05-04,1,Panchayat,,No,Natural,,4,0,No,https://mi6census.mowr.gov.in/mic/getWaterBodyImageByURL/MIC_112002000001000148001.jpeg,,,Bengaluru Urban,Bengaluru Urban,525,Anekal,5545,M Medihalli,613279,wbc-2017-18
1/12/002/000001/000149/001,5958875,567641,KA,BANGALORE URBAN,ANEKAL,HALEHALLI,02,Tank,12.7341667,77.7458333,Rural,2022-05-06,1,Panchayat,,No,Natural,,4,0,No,https://mi6census.mowr.gov.in/mic/getWaterBodyImageByURL/MIC_112002000001000149001.jpeg,,,Bengaluru Urban,Bengaluru Urban,525,Anekal,5545,Halehalli,613280,wbc-2017-18
1/12/002/000001/000149/002,5958876,567642,KA,BANGALORE URBAN,ANEKAL,HALEHALLI,02,Tank,12.7327778,77.7533333,Rural,2022-05-06,2,Panchayat,,No,Natural,,4,0,No,https://mi6census.mowr.gov.in/mic/getWaterBodyImageByURL/MIC_112002000001000149002.jpeg,,,Bengaluru Urban,Bengaluru Urban,525,Anekal,5545,Halehalli,613280,wbc-2017-18
1/12/002/000001/000150/001,5953700,567679,KA,BANGALORE URBAN,ANEKAL,KODLIPURA,02,Tank,12.7422222,77.7594444,Rural,2022-05-04,1,Panchayat,,No,Natural,,4,0,No,https://mi6census.mowr.gov.in/mic/getWaterBodyImageByURL/MIC_112002000001000150001.jpeg,,,Bengaluru Urban,Bengaluru Urban,525,Anekal,5545,Kodlipura,613281,wbc-2017-18
1/12/002/000001/000151/001,5958885,567624,KA,BANGALORE URBAN,ANEKAL,DASANAPURA,02,Tank,12.7536111,77.78,Rural,2022-05-06,1,Panchayat,,No,Natural,,4,0,No,https://mi6census.mowr.gov.in/mic/getWaterBodyImageByURL/MIC_112002000001000151001.jpeg,,,Bengaluru Urban,Bengaluru Urban,525,Anekal,5545,Ballur,613292,wbc-2017-18
1/12/002/000001/000152/001,5958612,567606,KA,BANGALORE URBAN,ANEKAL,BHAKTIPURA,02,Tank,12.7519444,77.7633333,Rural,2022-05-04,1,Panchayat,,No,Natural,,4,0,No,https://mi6census.mowr.gov.in/mic/getWaterBodyImageByURL/MIC_112002000001000152001.jpeg,,,Bengaluru Urban,Bengaluru Urban,525,Anekal,5545,Bhaktipura,613283,wbc-2017-18
1/12/002/000001/000152/002,5958614,567605,KA,BANGALORE URBAN,ANEKAL,BHAKTIPURA,02,Tank,12.7588889,77.7619444,Rural,2022-05-04,2,Panchayat,,No,Natural,,4,0,No,https://mi6census.mowr.gov.in/mic/getWaterBodyImageByURL/MIC_112002000001000152002.jpeg,,,Bengaluru Urban,Bengaluru Urban,525,Anekal,5545,Arehalli,613284,wbc-2017-18
1/12/002/000001/000153/001,5958882,567589,KA,BANGALORE URBAN,ANEKAL,AREHALLI,02,Tank,12.7658333,77.7613889,Rural,2022-05-06,1,Panchayat,,No,Natural,,4,0,No,https://mi6census.mowr.gov.in/mic/getWaterBodyImageByURL/MIC_112002000001000153001.jpeg,,,Bengaluru Urban,Bengaluru Urban,525,Anekal,5545,Attibele CT,613359,wbc-2017-18
1/12/002/000001/000154/001,5958878,567701,KA,BANGALORE URBAN,ANEKAL,MANCHANAHALLI,02,Tank,12.7752778,77.7527778,Rural,2022-05-06,1,Panchayat,,No,Natural,,4,0,No,https://mi6census.mowr.gov.in/mic/getWaterBodyImageByURL/MIC_112002000001000154001.jpeg,,,Bengaluru Urban,Bengaluru Urban,525,Anekal,5545,Manchanahalli,613285,wbc-2017-18
1/12/002/000001/000154/002,5958880,567700,KA,BANGALORE URBAN,ANEKAL,MANCHANAHALLI,02,Tank,12.7636111,77.7519444,Rural,2022-05-06,2,Panchayat,,No,Natural,,4,0,No,https://mi6census.mowr.gov.in/mic/getWaterBodyImageByURL/MIC_112002000001000154002.jpeg,,,Bengaluru Urban,Bengaluru Urban,525,Anekal,5545,Manchanahalli,613285,wbc-2017-18
1/12/002/000001/000154/003,5958881,567699,KA,BANGALORE URBAN,ANEKAL,MANCHANAHALLI,02,Tank,12.7677778,77.7677778,Rural,2022-05-06,3,Panchayat,,No,Natural,,4,0,No,https://mi6census.mowr.gov.in/mic/getWaterBodyImageByURL/MIC_112002000001000154003.jpeg,,,Bengaluru Urban,Bengaluru Urban,525,Anekal,5545,Attibele CT,613359,wbc-2017-18
1/12/002/000001/000155/001,5958812,567670,KA,BANGALORE URBAN,ANEKAL,JIGALA,02,Tank,12.8005556,77.7597222,Rural,2022-05-06,1,Panchayat,,No,Natural,,4,0,No,https://mi6census.mowr.gov.in/mic/getWaterBodyImageByURL/MIC_112002000001000155001.jpeg,,,Bengaluru Urban,Bengaluru Urban,525,Anekal,5545,Jigala,613287,wbc-2017-18
1/12/002/000001/000156/001,5958664,567591,KA,BANGALORE URBAN,ANEKAL,ARENUR,02,Tank,12.8127778,77.7819444,Rural,2022-05-05,1,Panchayat,,No,Natural,,4,0,No,https://mi6census.mowr.gov.in/mic/getWaterBodyImageByURL/MIC_112002000001000156001.jpeg,,,Bengaluru Urban,Bengaluru Urban,525,Anekal,5545,S Medihalli,613227,wbc-2017-18
1/12/002/000001/000156/002,5958850,567590,KA,BANGALORE URBAN,ANEKAL,ARENUR,02,Tank,12.8102778,77.7616667,Rural,2022-05-06,2,Panchayat,,No,Natural,,4,0,No,https://mi6census.mowr.gov.in/mic/getWaterBodyImageByURL/MIC_112002000001000156002.jpeg,,,Bengaluru Urban,Bengaluru Urban,525,Anekal,5545,Jigala,613287,wbc-2017-18
1/12/002/000001/000159/001,5958852,567664,KA,BANGALORE URBAN,ANEKAL,INDLABELE,02,Tank,12.7958333,77.7763889,Rural,2022-05-06,1,Panchayat,,No,Natural,,4,0,No,https://mi6census.mowr.gov.in/mic/getWaterBodyImageByURL/MIC_112002000001000159001.jpeg,,,Bengaluru Urban,Bengaluru Urban,525,Anekal,5545,Indlabele,613291,wbc-2017-18
1/12/002/000001/000160/001,5958883,567594,KA,BANGALORE URBAN,ANEKAL,BALLUR,02,Tank,12.7552778,77.78,Rural,2022-05-06,1,Panchayat,,No,Natural,,4,0,No,https://mi6census.mowr.gov.in/mic/getWaterBodyImageByURL/MIC_112002000001000160001.jpeg,,,Bengaluru Urban,Bengaluru Urban,525,Anekal,5545,Ballur,613292,wbc-2017-18
1/12/002/000001/000160/002,5958884,567595,KA,BANGALORE URBAN,ANEKAL,BALLUR,02,Tank,12.7483333,77.7855556,Rural,2022-05-06,2,Panchayat,,No,Natural,,4,0,No,https://mi6census.mowr.gov.in/mic/getWaterBodyImageByURL/MIC_112002000001000160002.jpeg,,,Bengaluru Urban,Bengaluru Urban,525,Anekal,5545,Ballur,613292,wbc-2017-18
1/12/002/000001/000161/001,5958877,567706,KA,BANGALORE URBAN,ANEKAL,MARANAIKANAHALLI,02,Tank,12.7197222,77.77,Rural,2022-05-06,1,Panchayat,,No,Natural,,4,0,No,https://mi6census.mowr.gov.in/mic/getWaterBodyImageByURL/MIC_112002000001000161001.jpeg,,,Bengaluru Urban,Bengaluru Urban,525,Anekal,5545,Maranaikanahalli,613293,wbc-2017-18
1/12/002/000001/000161/002,5958879,567705,KA,BANGALORE URBAN,ANEKAL,MARANAIKANAHALLI,02,Tank,12.7238889,77.7730556,Rural,2022-05-06,2,Panchayat,,No,Natural,,4,0,No,https://mi6census.mowr.gov.in/mic/getWaterBodyImageByURL/MIC_112002000001000161002.jpeg,,,Bengaluru Urban,Bengaluru Urban,525,Anekal,5545,Maranaikanahalli,613293,wbc-2017-18
1/12/002/000001/000163/001,5958999,567759,KA,BANGALORE URBAN,ANEKAL,SOPPAHALLI,02,Tank,12.7330556,77.6769444,Rural,2022-05-10,1,Panchayat,,No,Natural,,4,0,No,https://mi6census.mowr.gov.in/mic/getWaterBodyImageByURL/MIC_112002000001000163001.jpeg,,,Bengaluru Urban,Bengaluru Urban,525,Anekal,5545,Sidihosakote,613311,wbc-2017-18
1/12/002/000001/000163/002,5959004,567760,KA,BANGALORE URBAN,ANEKAL,SOPPAHALLI,02,Tank,12.7633333,77.6761111,Rural,2022-05-10,2,Panchayat,,No,Natural,,4,0,No,https://mi6census.mowr.gov.in/mic/getWaterBodyImageByURL/MIC_112002000001000163002.jpeg,,,Bengaluru Urban,Bengaluru Urban,525,Anekal,5545,Lingapura,613294,wbc-2017-18
1/12/002/000001/000164/001,5959005,567687,KA,BANGALORE URBAN,ANEKAL,KUMBARANAHALLI,02,Tank,12.7502778,77.6608333,Rural,2022-05-10,1,Panchayat,,No,Natural,,4,0,No,https://mi6census.mowr.gov.in/mic/getWaterBodyImageByURL/MIC_112002000001000164001.jpeg,,,Bengaluru Urban,Bengaluru Urban,525,Anekal,5545,Kumbaranahalli,613296,wbc-2017-18
1/12/002/000001/000165/001,5958860,567762,KA,BANGALORE URBAN,ANEKAL,SURAGAJAKKANAHALLI,02,Tank,12.7375,77.6638889,Rural,2022-05-06,1,Panchayat,,No,Natural,,4,0,No,https://mi6census.mowr.gov.in/mic/getWaterBodyImageByURL/MIC_112002000001000165001.jpeg,,,Bengaluru Urban,Bengaluru Urban,525,Anekal,5545,Suragajakkanahalli,613297,wbc-2017-18
1/12/002/000001/000169/001,5958755,567622,KA,BANGALORE URBAN,ANEKAL,CHIKKANAHALLI,02,Tank,12.7180556,77.6472222,Rural,2022-05-05,1,Panchayat,,No,Natural,,4,0,No,https://mi6census.mowr.gov.in/mic/getWaterBodyImageByURL/MIC_112002000001000169001.jpeg,,,Bengaluru Urban,Bengaluru Urban,525,Anekal,5545,Thimmasandra,613300,wbc-2017-18
1/12/002/000001/000172/001,5958754,567665,KA,BANGALORE URBAN,ANEKAL,INDLAWADIPURA,02,Tank,12.7161111,77.6419444,Rural,2022-05-05,1,Panchayat,,No,Natural,,4,0,No,https://mi6census.mowr.gov.in/mic/getWaterBodyImageByURL/MIC_112002000001000172001.jpeg,,,Bengaluru Urban,Bengaluru Urban,525,Anekal,5545,Indlawadipura,613304,wbc-2017-18
1/12/002/000001/000173/001,5958753,567766,KA,BANGALORE URBAN,ANEKAL,THAMMANAIKANAHALLI,02,Tank,12.7027778,77.6394444,Rural,2022-05-05,1,Panchayat,,No,Natural,,4,0,No,https://mi6census.mowr.gov.in/mic/getWaterBodyImageByURL/MIC_112002000001000173001.jpeg,,,Bengaluru Urban,Bengaluru Urban,525,Anekal,5545,Chikka Hosahalli,613306,wbc-2017-18
1/12/002/000001/000174/001,5958751,567619,KA,BANGALORE URBAN,ANEKAL,CHIKKA HOSAHALLI,02,Tank,12.7025,77.6466667,Rural,2022-05-05,1,Panchayat,,No,Natural,,4,0,No,https://mi6census.mowr.gov.in/mic/getWaterBodyImageByURL/MIC_112002000001000174001.jpeg,,,Bengaluru Urban,Bengaluru Urban,525,Anekal,5545,Chikka Hosahalli,613306,wbc-2017-18
1/12/002/000001/000176/001,5958863,567586,KA,BANGALORE URBAN,ANEKAL,A MEDIHALLI,02,Tank,12.7211111,77.6725,Rural,2022-05-06,1,Panchayat,,No,Natural,,4,0,No,https://mi6census.mowr.gov.in/mic/getWaterBodyImageByURL/MIC_112002000001000176001.jpeg,,,Bengaluru Urban,Bengaluru Urban,525,Anekal,5545,Gowrenahalli,613309,wbc-2017-18
1/12/002/000001/000178/001,5958855,567653,KA,BANGALORE URBAN,ANEKAL,HONNAKALASAPURA,02,Tank,12.7258333,77.6775,Rural,2022-05-06,1,Panchayat,,No,Natural,,4,0,No,https://mi6census.mowr.gov.in/mic/getWaterBodyImageByURL/MIC_112002000001000178001.jpeg,,,Bengaluru Urban,Bengaluru Urban,525,Anekal,5545,Honnakalasapura,613310,wbc-2017-18
1/12/002/000001/000179/001,5958857,567753,KA,BANGALORE URBAN,ANEKAL,SIDIHOSAKOTE,02,Tank,12.7319444,77.6736111,Rural,2022-05-06,1,Panchayat,,No,Natural,,4,0,No,https://mi6census.mowr.gov.in/mic/getWaterBodyImageByURL/MIC_112002000001000179001.jpeg,,,Bengaluru Urban,Bengaluru Urban,525,Anekal,5545,Suragajakkanahalli,613297,wbc-2017-18
1/12/002/000001/000180/001,5958998,567678,KA,BANGALORE URBAN,ANEKAL,KEMPAVADERAHALLI,02,Tank,12.7416667,77.6836111,Rural,2022-05-10,1,Panchayat,,No,Natural,,4,0,No,https://mi6census.mowr.gov.in/mic/getWaterBodyImageByURL/MIC_112002000001000180001.jpeg,,,Bengaluru Urban,Bengaluru Urban,525,Anekal,5545,Soppahalli,613295,wbc-2017-18
1/12/002/000001/000181/001,5959002,567626,KA,BANGALORE URBAN,ANEKAL,DODDA HAGADE,02,Tank,12.7544444,77.6969444,Rural,2022-05-10,1,Panchayat,,No,Natural,,4,0,No,https://mi6census.mowr.gov.in/mic/getWaterBodyImageByURL/MIC_112002000001000181001.jpeg,,,Bengaluru Urban,Bengaluru Urban,525,Anekal,5545,Byagadadenahalli,613315,wbc-2017-18
1/12/002/000001/000184/001,5959033,567707,KA,BANGALORE URBAN,ANEKAL,MARASUR,02,Tank,12.7577778,77.7161111,Rural,2022-05-11,1,Panchayat,,No,Natural,,4,0,No,https://mi6census.mowr.gov.in/mic/getWaterBodyImageByURL/MIC_112002000001000184001.jpeg,,,Bengaluru Urban,Bengaluru Urban,525,Anekal,5545,Madivala,613318,wbc-2017-18
1/12/002/000001/000184/002,5959034,567708,KA,BANGALORE URBAN,ANEKAL,MARASUR,02,Tank,12.7608333,77.7097222,Rural,2022-05-11,2,Panchayat,,No,Natural,,4,0,No,https://mi6census.mowr.gov.in/mic/getWaterBodyImageByURL/MIC_112002000001000184002.jpeg,,,Bengaluru Urban,Bengaluru Urban,525,Anekal,5545,Marasur,613316,wbc-2017-18
1/12/002/000001/000184/003,5959037,567709,KA,BANGALORE URBAN,ANEKAL,MARASUR,02,Tank,12.7702778,77.6933333,Rural,2022-05-11,3,Panchayat,,No,Natural,,4,0,No,https://mi6census.mowr.gov.in/mic/getWaterBodyImageByURL/MIC_112002000001000184003.jpeg,,,Bengaluru Urban,Bengaluru Urban,525,Anekal,5545,Naganaikanahalli,613317,wbc-2017-18
1/12/002/000001/000186/001,5959035,567695,KA,BANGALORE URBAN,ANEKAL,MADIVALA,02,Tank,12.7713889,77.7186111,Rural,2022-05-11,1,Panchayat,,No,Natural,,4,0,No,https://mi6census.mowr.gov.in/mic/getWaterBodyImageByURL/MIC_112002000001000186001.jpeg,,,Bengaluru Urban,Bengaluru Urban,525,Anekal,5545,Madivala,613318,wbc-2017-18
1/12/002/000001/000186/002,5959036,567694,KA,BANGALORE URBAN,ANEKAL,MADIVALA,02,Tank,12.7541667,77.735,Rural,2022-05-11,2,Panchayat,,No,Natural,,4,0,No,https://mi6census.mowr.gov.in/mic/getWaterBodyImageByURL/MIC_112002000001000186002.jpeg,,,Bengaluru Urban,Bengaluru Urban,525,Anekal,5545,Mayasandra,613278,wbc-2017-18
1/12/002/000001/000188/001,5958849,567710,KA,BANGALORE URBAN,ANEKAL,MARASUR AGRAHARA,02,Tank,12.7636111,77.7238889,Rural,2022-05-06,1,Panchayat,,No,Natural,,4,0,No,https://mi6census.mowr.gov.in/mic/getWaterBodyImageByURL/MIC_112002000001000188001.jpeg,,,Bengaluru Urban,Bengaluru Urban,525,Anekal,5545,Madivala,613318,wbc-2017-18
1/12/002/000001/000189/001,5958744,567768,KA,BANGALORE URBAN,ANEKAL,THATTANAHALLI,02,Tank,12.7386111,77.7344444,Rural,2022-05-05,1,Panchayat,,No,Natural,,4,0,No,https://mi6census.mowr.gov.in/mic/getWaterBodyImageByURL/MIC_112002000001000189001.jpeg,,,Bengaluru Urban,Bengaluru Urban,525,Anekal,5545,Thattanahalli,613321,wbc-2017-18
1/12/002/000001/000189/002,5958746,567767,KA,BANGALORE URBAN,ANEKAL,THATTANAHALLI,02,Tank,12.7463889,77.7219444,Rural,2022-05-05,2,Panchayat,,No,Natural,,4,0,No,https://mi6census.mowr.gov.in/mic/getWaterBodyImageByURL/MIC_112002000001000189002.jpeg,,,Bengaluru Urban,Bengaluru Urban,525,Anekal,5545,Thattanahalli,613321,wbc-2017-18
1/12/002/000001/000190/001,5958966,567592,KA,BANGALORE URBAN,ANEKAL,AVADADENAHALLI,02,Tank,12.7108333,77.6986111,Rural,2022-05-09,1,Panchayat,,No,Natural,,4,0,No,https://mi6census.mowr.gov.in/mic/getWaterBodyImageByURL/MIC_112002000001000190001.jpeg,,,Bengaluru Urban,Bengaluru Urban,525,Anekal,5545,Anekal,253189,wbc-2017-18
1/12/002/000001/000192/001,5958891,567585,KA,BANGALORE URBAN,ANEKAL,AMANI DODDAKERE,02,Tank,12.7341667,77.6933333,Rural,2022-05-07,1,Panchayat,,No,Natural,,4,0,No,https://mi6census.mowr.gov.in/mic/getWaterBodyImageByURL/MIC_112002000001000192001.jpeg,,,Bengaluru Urban,Bengaluru Urban,525,Anekal,5545,Amani Doddakere,613324,wbc-2017-18
1/12/002/000001/000194/001,5958747,567588,KA,BANGALORE URBAN,ANEKAL,ANEKAL (RURAL),02,Tank,12.7066667,77.6947222,Rural,2022-05-05,1,Panchayat,,No,Natural,,4,0,No,https://mi6census.mowr.gov.in/mic/getWaterBodyImageByURL/MIC_112002000001000194001.jpeg,,,Bengaluru Urban,Bengaluru Urban,525,Anekal,5545,Anekal,253189,wbc-2017-18
1/12/002/000001/000196/001,5958750,567761,KA,BANGALORE URBAN,ANEKAL,SUNAVARA,02,Tank,12.6947222,77.6786111,Rural,2022-05-05,1,Panchayat,,No,Natural,,4,0,No,https://mi6census.mowr.gov.in/mic/getWaterBodyImageByURL/MIC_112002000001000196001.jpeg,,,Bengaluru Urban,Bengaluru Urban,525,Anekal,5545,Sunavara,613328,wbc-2017-18
1/12/002/000001/000197/001,5959241,567732,KA,BANGALORE URBAN,ANEKAL,PATNAGERE GOLLAHALLI,02,Tank,12.6913889,77.6838889,Rural,2022-05-17,1,Panchayat,,No,Natural,,4,0,No,https://mi6census.mowr.gov.in/mic/getWaterBodyImageByURL/MIC_112002000001000197001.jpeg,,,Bengaluru Urban,Bengaluru Urban,525,Anekal,5545,Patnagere Gollahalli,613329,wbc-2017-18
1/12/002/000001/000197/002,5959242,567733,KA,BANGALORE URBAN,ANEKAL,PATNAGERE GOLLAHALLI,02,Tank,12.7066667,77.6891667,Rural,2022-05-17,2,Panchayat,,No,Natural,,4,0,No,https://mi6census.mowr.gov.in/mic/getWaterBodyImageByURL/MIC_112002000001000197002.jpeg,,,Bengaluru Urban,Bengaluru Urban,525,Anekal,5545,Anekal,253189,wbc-2017-18
1/12/002/000001/000203/001,5958865,567755,KA,BANGALORE URBAN,ANEKAL,SINGASANDRA,02,Tank,12.6897222,77.6997222,Rural,2022-05-06,1,Panchayat,,No,Natural,,4,0,No,https://mi6census.mowr.gov.in/mic/getWaterBodyImageByURL/MIC_112002000001000203001.jpeg,,,Bengaluru Urban,Bengaluru Urban,525,Anekal,5545,Hompalaghatta,613337,wbc-2017-18
1/12/002/000001/000203/002,5958866,567754,KA,BANGALORE URBAN,ANEKAL,SINGASANDRA,02,Tank,12.6888889,77.6980556,Rural,2022-05-06,2,Panchayat,,No,Natural,,4,0,No,https://mi6census.mowr.gov.in/mic/getWaterBodyImageByURL/MIC_112002000001000203002.jpeg,,,Bengaluru Urban,Bengaluru Urban,525,Anekal,5545,Hompalaghatta,613337,wbc-2017-18
1/12/002/000001/000204/001,5958864,567765,KA,BANGALORE URBAN,ANEKAL,TELAGARAHALLI,02,Tank,12.6897222,77.6922222,Rural,2022-05-06,1,Panchayat,,No,Natural,,4,0,No,https://mi6census.mowr.gov.in/mic/getWaterBodyImageByURL/MIC_112002000001000204001.jpeg,,,Bengaluru Urban,Bengaluru Urban,525,Anekal,5545,Telagarahalli,613336,wbc-2017-18
1/12/002/000001/000204/002,5958867,567763,KA,BANGALORE URBAN,ANEKAL,TELAGARAHALLI,02,Tank,12.695,77.6947222,Rural,2022-05-06,2,Panchayat,,No,Natural,,4,0,No,https://mi6census.mowr.gov.in/mic/getWaterBodyImageByURL/MIC_112002000001000204002.jpeg,,,Bengaluru Urban,Bengaluru Urban,525,Anekal,5545,Anekal Rural,613326,wbc-2017-18
1/12/002/000001/000204/003,5958868,567764,KA,BANGALORE URBAN,ANEKAL,TELAGARAHALLI,02,Tank,12.6955556,77.6908333,Rural,2022-05-06,3,Panchayat,,No,Natural,,4,0,No,https://mi6census.mowr.gov.in/mic/getWaterBodyImageByURL/MIC_112002000001000204003.jpeg,,,Bengaluru Urban,Bengaluru Urban,525,Anekal,5545,Anekal Rural,613326,wbc-2017-18
1/12/002/000001/000205/001,5958748,567652,KA,BANGALORE URBAN,ANEKAL,HOMPALAGHATTA,02,Tank,12.6811111,77.6961111,Rural,2022-05-05,1,Panchayat,,No,Natural,,4,0,No,https://mi6census.mowr.gov.in/mic/getWaterBodyImageByURL/MIC_112002000001000205001.jpeg,,,Bengaluru Urban,Bengaluru Urban,525,Anekal,5545,Singasandra,613335,wbc-2017-18
1/12/002/000001/000210/001,5958967,567719,KA,BANGALORE URBAN,ANEKAL,MUTHAGATTI,02,Tank,12.7008333,77.7177778,Rural,2022-05-09,1,Panchayat,,No,Natural,,4,0,No,https://mi6census.mowr.gov.in/mic/getWaterBodyImageByURL/MIC_112002000001000210001.jpeg,,,Bengaluru Urban,Bengaluru Urban,525,Anekal,5545,Muthagatti,613342,wbc-2017-18
1/12/002/000001/000211/001,5958982,567688,KA,BANGALORE URBAN,ANEKAL,KURUBARAHATTI,02,Tank,12.7066667,77.7044444,Rural,2022-05-10,1,Panchayat,,No,Natural,,4,0,No,https://mi6census.mowr.gov.in/mic/getWaterBodyImageByURL/MIC_112002000001000211001.jpeg,,,Bengaluru Urban,Bengaluru Urban,525,Anekal,5545,Anekal,253189,wbc-2017-18
1/12/002/000001/000212/001,5958738,567639,KA,BANGALORE URBAN,ANEKAL,HALDENAHALLI,02,Tank,12.7177778,77.7097222,Rural,2022-05-05,1,Panchayat,,No,Natural,,4,0,No,https://mi6census.mowr.gov.in/mic/getWaterBodyImageByURL/MIC_112002000001000212001.jpeg,,,Bengaluru Urban,Bengaluru Urban,525,Anekal,5545,Haldenahalli,613344,wbc-2017-18
1/12/002/000001/000212/002,5958739,567640,KA,BANGALORE URBAN,ANEKAL,HALDENAHALLI,02,Tank,12.7238889,77.7136111,Rural,2022-05-05,2,Panchayat,,No,Natural,,4,0,No,https://mi6census.mowr.gov.in/mic/getWaterBodyImageByURL/MIC_112002000001000212002.jpeg,,,Bengaluru Urban,Bengaluru Urban,525,Anekal,5545,Haldenahalli,613344,wbc-2017-18
1/12/002/000001/000216/001,5958980,567604,KA,BANGALORE URBAN,ANEKAL,BESTAMMANAHALLI,02,Tank,12.7297222,77.7194444,Rural,2022-05-10,1,Panchayat,,No,Natural,,4,0,No,https://mi6census.mowr.gov.in/mic/getWaterBodyImageByURL/MIC_112002000001000216001.jpeg,,,Bengaluru Urban,Bengaluru Urban,525,Anekal,5545,Karpur,613349,wbc-2017-18
1/12/002/000001/000217/001,5958741,567677,KA,BANGALORE URBAN,ANEKAL,KARPUR,02,Tank,12.7277778,77.7133333,Rural,2022-05-05,1,Panchayat,,No,Natural,,4,0,No,https://mi6census.mowr.gov.in/mic/getWaterBodyImageByURL/MIC_112002000001000217001.jpeg,,,Bengaluru Urban,Bengaluru Urban,525,Anekal,5545,Karpur,613349,wbc-2017-18
1/12/002/000001/000218/001,5958969,567609,KA,BANGALORE URBAN,ANEKAL,BIDARAGERE,02,Tank,12.7155556,77.7108333,Rural,2022-05-09,1,Panchayat,,No,Natural,,4,0,No,https://mi6census.mowr.gov.in/mic/getWaterBodyImageByURL/MIC_112002000001000218001.jpeg,,,Bengaluru Urban,Bengaluru Urban,525,Anekal,5545,Haldenahalli,613344,wbc-2017-18
1/12/002/000001/000219/001,5958970,567735,KA,BANGALORE URBAN,ANEKAL,RACHAMANAHALLI,02,Tank,12.7319444,77.7177778,Rural,2022-05-09,1,Panchayat,,No,Natural,,4,0,No,https://mi6census.mowr.gov.in/mic/getWaterBodyImageByURL/MIC_112002000001000219001.jpeg,,,Bengaluru Urban,Bengaluru Urban,525,Anekal,5545,Karpur,613349,wbc-2017-18
1/12/002/000001/000219/002,5958974,567734,KA,BANGALORE URBAN,ANEKAL,RACHAMANAHALLI,02,Tank,12.7108333,77.7488889,Rural,2022-05-10,2,Panchayat,,No,Natural,,4,0,No,https://mi6census.mowr.gov.in/mic/getWaterBodyImageByURL/MIC_112002000001000219002.jpeg,,,Bengaluru Urban,Bengaluru Urban,525,Anekal,5545,Samandur,613353,wbc-2017-18
1/12/002/000001/000219/003,5958976,567736,KA,BANGALORE URBAN,ANEKAL,RACHAMANAHALLI,02,Tank,12.7288889,77.7402778,Rural,2022-05-10,3,Panchayat,,No,Natural,,4,0,No,https://mi6census.mowr.gov.in/mic/getWaterBodyImageByURL/MIC_112002000001000219003.jpeg,,,Bengaluru Urban,Bengaluru Urban,525,Anekal,5545,M Medihalli,613279,wbc-2017-18
1/12/002/000001/000220/001,5958972,567618,KA,BANGALORE URBAN,ANEKAL,CHANNENA AGRAHARA,02,Tank,12.7125,77.7338889,Rural,2022-05-10,1,Panchayat,,No,Natural,,4,0,No,https://mi6census.mowr.gov.in/mic/getWaterBodyImageByURL/MIC_112002000001000220001.jpeg,,,Bengaluru Urban,Bengaluru Urban,525,Anekal,5545,Channena Agrahara,613352,wbc-2017-18
1/12/002/000001/000222/001,5958691,567614,KA,BANGALORE URBAN,ANEKAL,BUJANGADASANAKERE,02,Tank,12.8230556,77.6116667,Rural,2022-05-05,1,Panchayat,,No,Natural,,4,0,No,https://mi6census.mowr.gov.in/mic/getWaterBodyImageByURL/MIC_112002000001000222001.jpeg,,,Bengaluru Urban,Bengaluru Urban,525,Anekal,5545,Sakalawara,613143,wbc-2017-18
1/12/002/000001/000226/001,5958616,567617,KA,BANGALORE URBAN,ANEKAL,BYALAHALLI,02,Tank,12.8116667,77.7941667,Rural,2022-05-04,1,Panchayat,,No,Natural,,4,0,No,https://mi6census.mowr.gov.in/mic/getWaterBodyImageByURL/MIC_112002000001000226001.jpeg,,,Bengaluru Urban,Bengaluru Urban,525,Anekal,5545,Byalahalli,613229,wbc-2017-18
1/12/002/000001/000227/001,5958776,567630,KA,BANGALORE URBAN,ANEKAL,GIDDENAHALLI,02,Tank,12.7655556,77.6186111,Rural,2022-05-06,1,Panchayat,,No,Natural,,4,0,No,https://mi6census.mowr.gov.in/mic/getWaterBodyImageByURL/MIC_112002000001000227001.jpeg,,,Bengaluru Urban,Bengaluru Urban,525,Anekal,5545,Mahanthalingapura,613151,wbc-2017-18
1/12/002/000002/000001/001,5959439,567846,KA,BANGALORE URBAN,BANGALORE NORTH,BYAPPANAHALLI,01,Pond,13.1255556,77.6494444,Rural,2022-05-26,,State WRD/State Irrigation,,No,Natural,,4,0,No,https://mi6census.mowr.gov.in/mic/getWaterBodyImageByURL/MIC_112002000002000001001.jpeg,,,Bengaluru Urban,Bengaluru Urban,525,Yelahanka,7103,Byappanahalli,612913,wbc-2017-18
1/12/002/000002/000002/001,5959342,567855,KA,BANGALORE URBAN,BANGALORE NORTH,CHAGALAHATTI,02,Tank,13.1238889,77.6672222,Rural,2022-05-24,1,Panchayat,,No,Natural,,4,0,No,https://mi6census.mowr.gov.in/mic/getWaterBodyImageByURL/MIC_112002000002000002001.jpeg,,,Bengaluru Urban,Bengaluru Urban,525,Yelahanka,7103,Chagalahatti,612914,wbc-2017-18
1/12/002/000002/000003/001,5948626,567834,KA,BANGALORE URBAN,BANGALORE NORTH,BAGALUR,02,Tank,13.1369444,77.6647222,Rural,2022-04-30,1,Panchayat,,No,Natural,1,4,0,No,https://mi6census.mowr.gov.in/mic/getWaterBodyImageByURL/MIC_112002000002000003001.jpeg,,,Bengaluru Urban,Bengaluru Urban,525,Yelahanka,7103,Bagalur,612915,wbc-2017-18
1/12/002/000002/000003/002,5948627,567835,KA,BANGALORE URBAN,BANGALORE NORTH,BAGALUR,02,Tank,13.1363889,77.6630556,Rural,2022-04-30,2,Panchayat,,No,Natural,1,4,0,No,https://mi6census.mowr.gov.in/mic/getWaterBodyImageByURL/MIC_112002000002000003002.jpeg,,,Bengaluru Urban,Bengaluru Urban,525,Yelahanka,7103,Bagalur,612915,wbc-2017-18
1/12/002/000002/000013/001,5959346,567928,KA,BANGALORE URBAN,BANGALORE NORTH,MARALAKUNTE,02,Tank,13.1305556,77.7097222,Rural,2022-05-24,1,Panchayat,,No,Natural,,4,0,No,https://mi6census.mowr.gov.in/mic/getWaterBodyImageByURL/MIC_112002000002000013001.jpeg,,,Bengaluru Urban,Bengaluru Urban,525,Yelahanka,7103,Maralakunte,612927,wbc-2017-18
1/12/002/000002/000014/001,5959345,567864,KA,BANGALORE URBAN,BANGALORE NORTH,DASANAYAKANAHALLI,01,Pond,13.1161111,77.6916667,Rural,2022-05-24,,State WRD/State Irrigation,,No,Natural,,4,0,No,https://mi6census.mowr.gov.in/mic/getWaterBodyImageByURL/MIC_112002000002000014001.jpeg,,,Bengaluru Urban,Bengaluru Urban,525,Yelahanka,7103,Dasanayakanahalli,612928,wbc-2017-18
1/12/002/000002/000015/001,5959344,567931,KA,BANGALORE URBAN,BANGALORE NORTH,MARENAHALLI,02,Tank,13.1122222,77.6811111,Rural,2022-05-24,1,Panchayat,,No,Natural,,4,0,No,https://mi6census.mowr.gov.in/mic/getWaterBodyImageByURL/MIC_112002000002000015001.jpeg,,,Bengaluru Urban,Bengaluru Urban,525,Yelahanka,7103,Marenahalli,612929,wbc-2017-18
1/12/002/000002/000016/001,5959113,567929,KA,BANGALORE URBAN,BANGALORE NORTH,MARASANDRA,02,Tank,13.2175,77.5522222,Rural,2022-05-13,1,Panchayat,,No,Natural,,4,0,No,https://mi6census.mowr.gov.in/mic/getWaterBodyImageByURL/MIC_112002000002000016001.jpeg,,,Bengaluru Urban,Bengaluru Urban,525,Yelahanka,7103,Marasandra Amanikere,612832,wbc-2017-18
1/12/002/000002/000017/001,5959185,567832,KA,BANGALORE URBAN,BANGALORE NORTH,ARAKERE,02,Tank,13.1963889,77.5336111,Rural,2022-05-13,1,Panchayat,,No,Natural,,4,0,No,https://mi6census.mowr.gov.in/mic/getWaterBodyImageByURL/MIC_112002000002000017001.jpeg,,,Bengaluru Urban,Bengaluru Urban,525,Yelahanka,7103,Arakere,612835,wbc-2017-18
1/12/002/000002/000017/002,5959195,567831,KA,BANGALORE URBAN,BANGALORE NORTH,ARAKERE,02,Tank,13.1869444,77.5247222,Rural,2022-05-13,2,Panchayat,,No,Natural,,4,0,No,https://mi6census.mowr.gov.in/mic/getWaterBodyImageByURL/MIC_112002000002000017002.jpeg,,,Bengaluru Urban,Bengaluru Urban,525,Yelahanka,7103,Budumanahalli,612842,wbc-2017-18
1/12/002/000002/000018/001,5959193,567853,KA,BANGALORE URBAN,BANGALORE NORTH,BYRAPURA,02,Tank,13.2047222,77.5205556,Rural,2022-05-13,1,Panchayat,,No,Natural,,4,0,No,https://mi6census.mowr.gov.in/mic/getWaterBodyImageByURL/MIC_112002000002000018001.jpeg,,,Bengaluru Urban,Bengaluru Urban,525,Yelahanka,7103,Tank,999999,wbc-2017-18
1/12/002/000002/000018/002,5959209,567854,KA,BANGALORE URBAN,BANGALORE NORTH,BYRAPURA,02,Tank,13.2047222,77.5197222,Rural,2022-05-14,2,Panchayat,,No,Natural,,4,0,No,https://mi6census.mowr.gov.in/mic/getWaterBodyImageByURL/MIC_112002000002000018002.jpeg,,,Bengaluru Urban,Bengaluru Urban,525,Yelahanka,7103,Tank,999999,wbc-2017-18
1/12/002/000002/000021/001,5959189,567950,KA,BANGALORE URBAN,BANGALORE NORTH,SEERESANDRA,02,Tank,13.1908333,77.4805556,Rural,2022-05-13,1,Panchayat,,No,Natural,,4,0,No,https://mi6census.mowr.gov.in/mic/getWaterBodyImageByURL/MIC_112002000002000021001.jpeg,,,Bengaluru Urban,Bengaluru Urban,525,Yelahanka,7103,Seeresandra,612839,wbc-2017-18
1/12/002/000002/000021/002,5959203,567949,KA,BANGALORE URBAN,BANGALORE NORTH,SEERESANDRA,02,Tank,13.1894444,77.4825,Rural,2022-05-14,2,Panchayat,,No,Natural,,4,0,No,https://mi6census.mowr.gov.in/mic/getWaterBodyImageByURL/MIC_112002000002000021002.jpeg,,,Bengaluru Urban,Bengaluru Urban,525,Yelahanka,7103,Seeresandra,612839,wbc-2017-18
1/12/002/000002/000022/001,5959190,567849,KA,BANGALORE URBAN,BANGALORE NORTH,BYATHA,02,Tank,13.1777778,77.4888889,Rural,2022-05-13,1,Panchayat,,No,Natural,,4,0,No,https://mi6census.mowr.gov.in/mic/getWaterBodyImageByURL/MIC_112002000002000022001.jpeg,,,Bengaluru Urban,Bengaluru Urban,525,Yelahanka,7103,Byatha,612840,wbc-2017-18
1/12/002/000002/000022/002,5959201,567847,KA,BANGALORE URBAN,BANGALORE NORTH,BYATHA,02,Tank,13.1894444,77.4825,Rural,2022-05-14,2,Panchayat,,No,Natural,,4,0,No,https://mi6census.mowr.gov.in/mic/getWaterBodyImageByURL/MIC_112002000002000022002.jpeg,,,Bengaluru Urban,Bengaluru Urban,525,Yelahanka,7103,Seeresandra,612839,wbc-2017-18
1/12/002/000002/000022/003,5959202,567848,KA,BANGALORE URBAN,BANGALORE NORTH,BYATHA,02,Tank,13.1622222,77.4927778,Rural,2022-05-14,3,Panchayat,,No,Natural,,4,0,No,https://mi6census.mowr.gov.in/mic/getWaterBodyImageByURL/MIC_112002000002000022003.jpeg,,,Bengaluru Urban,Bengaluru Urban,525,Yelahanka,7103,Tank,999999,wbc-2017-18
1/12/002/000002/000023/001,5959187,567897,KA,BANGALORE URBAN,BANGALORE NORTH,KAKOLU,02,Tank,13.1930556,77.505,Rural,2022-05-13,1,Panchayat,,No,Natural,,4,0,No,https://mi6census.mowr.gov.in/mic/getWaterBodyImageByURL/MIC_112002000002000023001.jpeg,,,Bengaluru Urban,Bengaluru Urban,525,Yelahanka,7103,Sonnenahalli,612826,wbc-2017-18
1/12/002/000002/000023/002,5959197,567896,KA,BANGALORE URBAN,BANGALORE NORTH,KAKOLU,02,Tank,13.1902778,77.5069444,Rural,2022-05-14,2,Panchayat,,No,Natural,,4,0,No,https://mi6census.mowr.gov.in/mic/getWaterBodyImageByURL/MIC_112002000002000023002.jpeg,,,Bengaluru Urban,Bengaluru Urban,525,Yelahanka,7103,Tank,999999,wbc-2017-18
1/12/002/000002/000024/001,5959186,567843,KA,BANGALORE URBAN,BANGALORE NORTH,BUDUMANAHALLI,02,Tank,13.1894444,77.5258333,Rural,2022-05-13,1,Panchayat,,No,Natural,,4,0,No,https://mi6census.mowr.gov.in/mic/getWaterBodyImageByURL/MIC_112002000002000024001.jpeg,,,Bengaluru Urban,Bengaluru Urban,525,Yelahanka,7103,Budumanahalli,612842,wbc-2017-18
1/12/002/000002/000025/001,5959028,567872,KA,BANGALORE URBAN,BANGALORE NORTH,GANIGARAHALLI,02,Tank,13.0863889,77.5061111,Rural,2022-05-11,1,Panchayat,,No,Natural,,4,0,No,https://mi6census.mowr.gov.in/mic/getWaterBodyImageByURL/MIC_112002000002000025001.jpeg,,,Bengaluru Urban,Bengaluru Urban,525,Bengaluru North,5542,Ganigarahalli,612818,wbc-2017-18
1/12/002/000002/000025/002,5959032,567871,KA,BANGALORE URBAN,BANGALORE NORTH,GANIGARAHALLI,02,Tank,13.0902778,77.5138889,Rural,2022-05-11,2,Panchayat,,No,Natural,,4,0,No,https://mi6census.mowr.gov.in/mic/getWaterBodyImageByURL/MIC_112002000002000025002.jpeg,,,Bengaluru Urban,Bengaluru Urban,525,Bengaluru North,5542,Somashetti Halli,612819,wbc-2017-18
1/12/002/000002/000027/001,5948762,567919,KA,BANGALORE URBAN,BANGALORE NORTH,LAKSHMIPURA,01,Pond,13.0333333,77.4694444,Rural,2022-05-03,,State WRD/State Irrigation,,No,Natural,,4,0,No,https://mi6census.mowr.gov.in/mic/getWaterBodyImageByURL/MIC_112002000002000027001.jpeg,,,Bengaluru Urban,Bengaluru Urban,525,Bengaluru North,5542,Lakshmipura,612804,wbc-2017-18
1/12/002/000002/000027/002,5959009,567920,KA,BANGALORE URBAN,BANGALORE NORTH,LAKSHMIPURA,01,Pond,13.0847222,77.5311111,Rural,2022-05-10,,State WRD/State Irrigation,,No,Natural,,4,0,No,https://mi6census.mowr.gov.in/mic/getWaterBodyImageByURL/MIC_112002000002000027002.jpeg,,,Bengaluru Urban,Bengaluru Urban,525,Bengaluru North,5542,Lakshmipura,612820,wbc-2017-18
1/12/002/000002/000028/001,5948768,567912,KA,BANGALORE URBAN,BANGALORE NORTH,KODIGEHALLI(PART),02,Tank,12.975,77.4694444,Rural,2022-05-03,1,Panchayat,,No,Natural,,4,0,No,https://mi6census.mowr.gov.in/mic/getWaterBodyImageByURL/MIC_112002000002000028001.jpeg,,,Bengaluru Urban,Bengaluru Urban,525,Bengaluru North,5542,Bbmp,276600,wbc-2017-18
1/12/002/000002/000028/002,5948770,567911,KA,BANGALORE URBAN,BANGALORE NORTH,KODIGEHALLI(PART),02,Tank,12.9680556,77.4591667,Rural,2022-05-03,2,Panchayat,,No,Natural,,4,0,No,https://mi6census.mowr.gov.in/mic/getWaterBodyImageByURL/MIC_112002000002000028002.jpeg,,,Bengaluru Urban,Bengaluru Urban,525,Bengaluru North,5542,Kannahalli,612824,wbc-2017-18
1/12/002/000002/000029/001,5948774,567948,KA,BANGALORE URBAN,BANGALORE NORTH,SEEGEHALLI,02,Tank,12.9855556,77.4497222,Rural,2022-05-03,1,Panchayat,,No,Natural,,4,0,No,https://mi6census.mowr.gov.in/mic/getWaterBodyImageByURL/MIC_112002000002000029001.jpeg,,,Bengaluru Urban,Bengaluru Urban,525,Bengaluru North,5542,Machohalli,612816,wbc-2017-18
1/12/002/000002/000029/002,5948775,567947,KA,BANGALORE URBAN,BANGALORE NORTH,SEEGEHALLI,02,Tank,12.9861111,77.4533333,Rural,2022-05-03,2,Panchayat,,No,Natural,,4,0,No,https://mi6census.mowr.gov.in/mic/getWaterBodyImageByURL/MIC_112002000002000029002.jpeg,,,Bengaluru Urban,Bengaluru Urban,525,Bengaluru North,5542,Machohalli,612816,wbc-2017-18
1/12/002/000002/000030/001,5948772,567902,KA,BANGALORE URBAN,BANGALORE NORTH,KANNAHALLI,02,Tank,12.9672222,77.4558333,Rural,2022-05-03,1,Panchayat,,No,Natural,,4,0,No,https://mi6census.mowr.gov.in/mic/getWaterBodyImageByURL/MIC_112002000002000030001.jpeg,,,Bengaluru Urban,Bengaluru Urban,525,Bengaluru North,5542,Kannahalli,612824,wbc-2017-18
1/12/002/000002/000030/002,5948773,567903,KA,BANGALORE URBAN,BANGALORE NORTH,KANNAHALLI,02,Tank,12.9594444,77.4597222,Rural,2022-05-03,2,Panchayat,,No,Natural,,4,0,No,https://mi6census.mowr.gov.in/mic/getWaterBodyImageByURL/MIC_112002000002000030002.jpeg,,,Bengaluru Urban,Bengaluru Urban,525,Bengaluru North,5542,Kannahalli,612824,wbc-2017-18
1/12/002/000002/000032/001,5959188,567955,KA,BANGALORE URBAN,BANGALORE NORTH,SONNENAHALLI,02,Tank,13.1997222,77.4975,Rural,2022-05-13,1,Panchayat,,No,Natural,,4,0,No,https://mi6census.mowr.gov.in/mic/getWaterBodyImageByURL/MIC_112002000002000032001.jpeg,,,Bengaluru Urban,Bengaluru Urban,525,Yelahanka,7103,Sonnenahalli,612826,wbc-2017-18
1/12/002/000002/000032/002,5959199,567956,KA,BANGALORE URBAN,BANGALORE NORTH,SONNENAHALLI,02,Tank,13.1988889,77.4975,Rural,2022-05-14,2,Panchayat,,No,Natural,,4,0,No,https://mi6census.mowr.gov.in/mic/getWaterBodyImageByURL/MIC_112002000002000032002.jpeg,,,Bengaluru Urban,Bengaluru Urban,525,Yelahanka,7103,Sonnenahalli,612826,wbc-2017-18
1/12/002/000002/000033/001,5959191,567856,KA,BANGALORE URBAN,BANGALORE NORTH,CHALLAHALLI,02,Tank,13.2233333,77.4991667,Rural,2022-05-13,1,Panchayat,,No,Natural,,4,0,No,https://mi6census.mowr.gov.in/mic/getWaterBodyImageByURL/MIC_112002000002000033001.jpeg,,,Bengaluru Urban,Bengaluru Urban,525,Yelahanka,7103,Challahalli,612827,wbc-2017-18
1/12/002/000002/000033/002,5959206,567857,KA,BANGALORE URBAN,BANGALORE NORTH,CHALLAHALLI,02,Tank,13.2233333,77.4988889,Rural,2022-05-14,2,Panchayat,,No,Natural,,4,0,No,https://mi6census.mowr.gov.in/mic/getWaterBodyImageByURL/MIC_112002000002000033002.jpeg,,,Bengaluru Urban,Bengaluru Urban,525,Yelahanka,7103,Challahalli,612827,wbc-2017-18
1/12/002/000002/000034/001,5959192,567880,KA,BANGALORE URBAN,BANGALORE NORTH,HANIYUR,02,Tank,13.2163889,77.515,Rural,2022-05-13,1,Panchayat,,No,Natural,,4,0,No,https://mi6census.mowr.gov.in/mic/getWaterBodyImageByURL/MIC_112002000002000034001.jpeg,,,Bengaluru Urban,Bengaluru Urban,525,Yelahanka,7103,Haniyur,612828,wbc-2017-18
1/12/002/000002/000034/002,5959208,567879,KA,BANGALORE URBAN,BANGALORE NORTH,HANIYUR,02,Tank,13.2186111,77.5172222,Rural,2022-05-14,2,Panchayat,,No,Natural,,4,0,No,https://mi6census.mowr.gov.in/mic/getWaterBodyImageByURL/MIC_112002000002000034002.jpeg,,,Bengaluru Urban,Bengaluru Urban,525,Yelahanka,7103,Haniyur,612828,wbc-2017-18
1/12/002/000002/000036/001,5959303,567940,KA,BANGALORE URBAN,BANGALORE NORTH,NELLUKUNTE,02,Tank,13.2322222,77.5447222,Rural,2022-05-22,1,Panchayat,,No,Natural,,4,0,No,https://mi6census.mowr.gov.in/mic/getWaterBodyImageByURL/MIC_112002000002000036001.jpeg,,,Bengaluru Urban,Bengaluru Urban,525,Yelahanka,7103,Kadathanamale,612831,wbc-2017-18
1/12/002/000002/000036/002,5959435,567939,KA,BANGALORE URBAN,BANGALORE NORTH,NELLUKUNTE,02,Tank,13.1530556,77.5966667,Rural,2022-05-26,2,Panchayat,,No,Natural,,4,0,No,https://mi6census.mowr.gov.in/mic/getWaterBodyImageByURL/MIC_112002000002000036002.jpeg,,,Bengaluru Urban,Bengaluru Urban,525,Yelahanka,7103,Nellukunte,612894,wbc-2017-18
1/12/002/000002/000037/001,5959173,567895,KA,BANGALORE URBAN,BANGALORE NORTH,KADATHANAMALE,02,Tank,13.2063889,77.5475,Rural,2022-05-13,1,Panchayat,,No,Natural,,4,0,No,https://mi6census.mowr.gov.in/mic/getWaterBodyImageByURL/MIC_112002000002000037001.jpeg,,,Bengaluru Urban,Bengaluru Urban,525,Yelahanka,7103,Adde Vishwanathapura,612834,wbc-2017-18
1/12/002/000002/000038/001,5959114,567930,KA,BANGALORE URBAN,BANGALORE NORTH,MARASANDRA AMANIKERE,02,Tank,13.2233333,77.5544444,Rural,2022-05-13,1,Panchayat,,No,Natural,,4,0,No,https://mi6census.mowr.gov.in/mic/getWaterBodyImageByURL/MIC_112002000002000038001.jpeg,,,Bengaluru Urban,Bengaluru Urban,525,Yelahanka,7103,Marasandra Amanikere,612832,wbc-2017-18
1/12/002/000002/000039/001,5959306,567958,KA,BANGALORE URBAN,BANGALORE NORTH,SURADENPURA,02,Tank,13.1997222,77.5658333,Rural,2022-05-22,1,Panchayat,,No,Natural,,4,0,No,https://mi6census.mowr.gov.in/mic/getWaterBodyImageByURL/MIC_112002000002000039001.jpeg,,,Bengaluru Urban,Bengaluru Urban,525,Yelahanka,7103,Suradenpura,612833,wbc-2017-18
1/12/002/000002/000040/001,5959301,567828,KA,BANGALORE URBAN,BANGALORE NORTH,ADDE VISHWANATHAPURA,02,Tank,13.1830556,77.5544444,Rural,2022-05-22,1,Panchayat,,No,Natural,,4,0,No,https://mi6census.mowr.gov.in/mic/getWaterBodyImageByURL/MIC_112002000002000040001.jpeg,,,Bengaluru Urban,Bengaluru Urban,525,Yelahanka,7103,Adde Vishwanathapura,612834,wbc-2017-18
1/12/002/000002/000041/001,5948777,567845,KA,BANGALORE URBAN,BANGALORE NORTH,BYANDAHALLI,02,Tank,13.0041667,77.4466667,Rural,2022-05-03,1,Panchayat,,No,Natural,,4,0,No,https://mi6census.mowr.gov.in/mic/getWaterBodyImageByURL/MIC_112002000002000041001.jpeg,,,Bengaluru Urban,Bengaluru Urban,525,Bengaluru North,5542,Byandahalli,612814,wbc-2017-18
1/12/002/000002/000043/001,5958965,567923,KA,BANGALORE URBAN,BANGALORE NORTH,MACHOHALLI,02,Tank,12.9916667,77.4694444,Rural,2022-05-09,1,Panchayat,,No,Natural,,4,0,No,https://mi6census.mowr.gov.in/mic/getWaterBodyImageByURL/MIC_112002000002000043001.jpeg,,,Bengaluru Urban,Bengaluru Urban,525,Bengaluru North,5542,Kachohalli,612817,wbc-2017-18
1/12/002/000002/000043/002,5959255,567924,KA,BANGALORE URBAN,BANGALORE NORTH,MACHOHALLI,02,Tank,13.0113889,77.4555556,Rural,2022-05-18,2,Panchayat,,No,Natural,,4,0,No,https://mi6census.mowr.gov.in/mic/getWaterBodyImageByURL/MIC_112002000002000043002.jpeg,,,Bengaluru Urban,Bengaluru Urban,525,Bengaluru North,5542,Machohalli,612816,wbc-2017-18
1/12/002/000002/000047/001,5959457,567836,KA,BANGALORE URBAN,BANGALORE NORTH,BEGUR,02,Tank,13.1730556,77.6902778,Rural,2022-05-27,1,Panchayat,,No,Natural,,4,0,No,https://mi6census.mowr.gov.in/mic/getWaterBodyImageByURL/MIC_112002000002000047001.jpeg,,,Bengaluru Urban,Bengaluru Urban,525,Yelahanka,7103,Bandi Kodige Halli,612917,wbc-2017-18
1/12/002/000002/000053/001,5959436,567885,KA,BANGALORE URBAN,BANGALORE NORTH,HOSAHALLI,01,Pond,13.1413889,77.6475,Rural,2022-05-26,,State WRD/State Irrigation,,No,Natural,,4,0,No,https://mi6census.mowr.gov.in/mic/getWaterBodyImageByURL/MIC_112002000002000053001.jpeg,,,Bengaluru Urban,Bengaluru Urban,525,Yelahanka,7103,Chikkabanavaara,612909,wbc-2017-18
1/12/002/000002/000054/001,5948690,567842,KA,BANGALORE URBAN,BANGALORE NORTH,BILMARANAHALLI,02,Tank,13.1525,77.6386111,Rural,2022-05-01,1,Panchayat,,No,Natural,,4,0,No,https://mi6census.mowr.gov.in/mic/getWaterBodyImageByURL/MIC_112002000002000054001.jpeg,,,Bengaluru Urban,Bengaluru Urban,525,Yelahanka,7103,Bilmaranahalli,612910,wbc-2017-18
1/12/002/000002/000055/001,5959422,567954,KA,BANGALORE URBAN,BANGALORE NORTH,SONNAPPANAHALLI,02,Tank,13.1580556,77.615,Rural,2022-05-26,1,Panchayat,,No,Natural,,4,0,No,https://mi6census.mowr.gov.in/mic/getWaterBodyImageByURL/MIC_112002000002000055001.jpeg,,,Bengaluru Urban,Bengaluru Urban,525,Yelahanka,7103,Sonnappanahalli,612911,wbc-2017-18
1/12/002/000002/000056/001,5959438,567946,KA,BANGALORE URBAN,BANGALORE NORTH,SATHNUR,01,Pond,13.1308333,77.6502778,Rural,2022-05-26,,State WRD/State Irrigation,,No,Natural,,4,0,No,https://mi6census.mowr.gov.in/mic/getWaterBodyImageByURL/MIC_112002000002000056001.jpeg,,,Bengaluru Urban,Bengaluru Urban,525,Yelahanka,7103,Sathnur,612912,wbc-2017-18
1/12/002/000002/000057/001,5959194,567951,KA,BANGALORE URBAN,BANGALORE NORTH,SHANUBHOGANAHALLI,02,Tank,13.1816667,77.5330556,Rural,2022-05-13,1,Panchayat,,No,Natural,,4,0,No,https://mi6census.mowr.gov.in/mic/getWaterBodyImageByURL/MIC_112002000002000057001.jpeg,,,Bengaluru Urban,Bengaluru Urban,525,Yelahanka,7103,Shanubhoganahalli,612843,wbc-2017-18
1/12/002/000002/000059/001,5959309,567957,KA,BANGALORE URBAN,BANGALORE NORTH,SREERAMANAHALLI,02,Tank,13.2058333,77.5522222,Rural,2022-05-22,1,Panchayat,,No,Natural,,4,0,No,https://mi6census.mowr.gov.in/mic/getWaterBodyImageByURL/MIC_112002000002000059001.jpeg,,,Bengaluru Urban,Bengaluru Urban,525,Yelahanka,7103,Adde Vishwanathapura,612834,wbc-2017-18
1/12/002/000002/000060/001,5959307,567945,KA,BANGALORE URBAN,BANGALORE NORTH,SADENAHALLI,02,Tank,13.1994444,77.5672222,Rural,2022-05-22,1,Panchayat,,No,Natural,,4,0,No,https://mi6census.mowr.gov.in/mic/getWaterBodyImageByURL/MIC_112002000002000060001.jpeg,,,Bengaluru Urban,Bengaluru Urban,525,Yelahanka,7103,Sadenahalli,612846,wbc-2017-18
1/12/002/000002/000063/001,5948651,567890,KA,BANGALORE URBAN,BANGALORE NORTH,ITTAGALLPURA,02,Tank,13.1583333,77.5416667,Rural,2022-04-30,1,Panchayat,,No,Natural,,4,0,No,https://mi6census.mowr.gov.in/mic/getWaterBodyImageByURL/MIC_112002000002000063001.jpeg,,,Bengaluru Urban,Bengaluru Urban,525,Yelahanka,7103,Madappanahalli,612859,wbc-2017-18
1/12/002/000002/000063/002,5948652,567891,KA,BANGALORE URBAN,BANGALORE NORTH,ITTAGALLPURA,02,Tank,13.1694444,77.5402778,Rural,2022-04-30,2,Panchayat,,No,Natural,,4,0,No,https://mi6census.mowr.gov.in/mic/getWaterBodyImageByURL/MIC_112002000002000063002.jpeg,,,Bengaluru Urban,Bengaluru Urban,525,Yelahanka,7103,Ittagallpura,612849,wbc-2017-18
1/12/002/000002/000064/001,5948650,567866,KA,BANGALORE URBAN,BANGALORE NORTH,DIBBURU,02,Tank,13.1658333,77.535,Rural,2022-04-30,1,Panchayat,,No,Natural,,4,0,No,https://mi6census.mowr.gov.in/mic/getWaterBodyImageByURL/MIC_112002000002000064001.jpeg,,,Bengaluru Urban,Bengaluru Urban,525,Yelahanka,7103,Dibburu,612850,wbc-2017-18
1/12/002/000002/000065/001,5948649,567913,KA,BANGALORE URBAN,BANGALORE NORTH,KOLUVARAYANAHALLI,02,Tank,13.1602778,77.5227778,Rural,2022-04-30,1,Panchayat,,No,Natural,,4,0,No,https://mi6census.mowr.gov.in/mic/getWaterBodyImageByURL/MIC_112002000002000065001.jpeg,,,Bengaluru Urban,Bengaluru Urban,525,Yelahanka,7103,Koluvarayanahalli,612851,wbc-2017-18
1/12/002/000002/000068/001,5948634,567865,KA,BANGALORE URBAN,BANGALORE NORTH,DASENAHALLI,02,Tank,13.1538889,77.4683333,Rural,2022-04-30,1,Panchayat,,No,Natural,1,4,0,No,https://mi6census.mowr.gov.in/mic/getWaterBodyImageByURL/MIC_112002000002000068001.jpeg,,,Bengaluru Urban,Bengaluru Urban,525,Yelahanka,7103,Dasenahalli,612854,wbc-2017-18
1/12/002/000002/000069/001,5948642,567899,KA,BANGALORE URBAN,BANGALORE NORTH,KALENAHALLI,02,Tank,13.1463889,77.5063889,Rural,2022-04-30,1,Panchayat,,No,Natural,,4,0,No,https://mi6census.mowr.gov.in/mic/getWaterBodyImageByURL/MIC_112002000002000069001.jpeg,,,Bengaluru Urban,Bengaluru Urban,525,Yelahanka,7103,Mathkur,612856,wbc-2017-18
1/12/002/000002/000069/002,5948645,567900,KA,BANGALORE URBAN,BANGALORE NORTH,KALENAHALLI,02,Tank,13.1466667,77.5063889,Rural,2022-04-30,2,Panchayat,,No,Natural,,4,0,No,https://mi6census.mowr.gov.in/mic/getWaterBodyImageByURL/MIC_112002000002000069002.jpeg,,,Bengaluru Urban,Bengaluru Urban,525,Yelahanka,7103,Mathkur,612856,wbc-2017-18
1/12/002/000002/000070/001,5948646,567933,KA,BANGALORE URBAN,BANGALORE NORTH,MATHKUR,02,Tank,13.1552778,77.5088889,Rural,2022-04-30,1,Panchayat,,No,Natural,,4,0,No,https://mi6census.mowr.gov.in/mic/getWaterBodyImageByURL/MIC_112002000002000070001.jpeg,,,Bengaluru Urban,Bengaluru Urban,525,Yelahanka,7103,Mathkur,612856,wbc-2017-18
1/12/002/000002/000071/001,5959093,567921,KA,BANGALORE URBAN,BANGALORE NORTH,LINGANAHALLI,02,Tank,13.1588889,77.5236111,Rural,2022-05-13,1,Panchayat,,No,Natural,,4,0,No,https://mi6census.mowr.gov.in/mic/getWaterBodyImageByURL/MIC_112002000002000071001.jpeg,,,Bengaluru Urban,Bengaluru Urban,525,Yelahanka,7103,Koluvarayanahalli,612851,wbc-2017-18
1/12/002/000002/000073/001,5959091,567925,KA,BANGALORE URBAN,BANGALORE NORTH,MADAPPANAHALLI,02,Tank,13.1486111,77.5458333,Rural,2022-05-13,1,Panchayat,,No,Natural,,4,0,No,https://mi6census.mowr.gov.in/mic/getWaterBodyImageByURL/MIC_112002000002000073001.jpeg,,,Bengaluru Urban,Bengaluru Urban,525,Yelahanka,7103,Madappanahalli,612859,wbc-2017-18
1/12/002/000002/000074/001,5959090,567914,KA,BANGALORE URBAN,BANGALORE NORTH,KRISHNARAJAPURA,02,Tank,13.1413889,77.545,Rural,2022-05-13,1,Panchayat,,No,Natural,,4,0,No,https://mi6census.mowr.gov.in/mic/getWaterBodyImageByURL/MIC_112002000002000074001.jpeg,,,Bengaluru Urban,Bengaluru Urban,525,Yelahanka,7103,Krishnarajapura,612860,wbc-2017-18
1/12/002/000002/000075/001,5959089,567936,KA,BANGALORE URBAN,BANGALORE NORTH,MYLAPPANAHALLI,02,Tank,13.1308333,77.535,Rural,2022-05-13,1,Panchayat,,No,Natural,,4,0,No,https://mi6census.mowr.gov.in/mic/getWaterBodyImageByURL/MIC_112002000002000075001.jpeg,,,Bengaluru Urban,Bengaluru Urban,525,Yelahanka,7103,Mylappanahalli,612861,wbc-2017-18
1/12/002/000002/000076/001,5959088,567922,KA,BANGALORE URBAN,BANGALORE NORTH,LINGARAJAPURA,02,Tank,13.1280556,77.5466667,Rural,2022-05-13,1,Panchayat,,No,Natural,,4,0,No,https://mi6census.mowr.gov.in/mic/getWaterBodyImageByURL/MIC_112002000002000076001.jpeg,,,Bengaluru Urban,Bengaluru Urban,525,Yelahanka,7103,Jarakbandekaval,612942,wbc-2017-18
1/12/002/000002/000078/001,5948623,567892,KA,BANGALORE URBAN,BANGALORE NORTH,IVAR KANDAPURA,02,Tank,13.1377778,77.4944444,Rural,2022-04-30,1,Panchayat,,No,Natural,1,4,0,No,https://mi6census.mowr.gov.in/mic/getWaterBodyImageByURL/MIC_112002000002000078001.jpeg,,,Bengaluru Urban,Bengaluru Urban,525,Yelahanka,7103,Ivar Kandapura,612864,wbc-2017-18
1/12/002/000002/000079/001,5948670,567884,KA,BANGALORE URBAN,BANGALORE NORTH,HESARAGHATTA,02,Tank,13.1433333,77.4841667,Rural,2022-04-30,1,Panchayat,,No,Natural,,4,0,No,https://mi6census.mowr.gov.in/mic/getWaterBodyImageByURL/MIC_112002000002000079001.jpeg,,,Bengaluru Urban,Bengaluru Urban,525,Yelahanka,7103,Tank,999999,wbc-2017-18
1/12/002/000002/000080/001,5948631,567877,KA,BANGALORE URBAN,BANGALORE NORTH,GUDDADAHALLI,02,Tank,13.1413889,77.4602778,Rural,2022-04-30,1,Panchayat,,No,Natural,1,4,0,No,https://mi6census.mowr.gov.in/mic/getWaterBodyImageByURL/MIC_112002000002000080001.jpeg,,,Bengaluru Urban,Bengaluru Urban,525,Yelahanka,7103,Guddadahalli,612866,wbc-2017-18
1/12/002/000002/000081/001,5948625,567841,KA,BANGALORE URBAN,BANGALORE NORTH,BILIJAJI,02,Tank,13.13,77.4680556,Rural,2022-04-30,1,Panchayat,,No,Natural,,4,0,No,https://mi6census.mowr.gov.in/mic/getWaterBodyImageByURL/MIC_112002000002000081001.jpeg,,,Bengaluru Urban,Bengaluru Urban,525,Yelahanka,7103,Bilijaji,612867,wbc-2017-18
1/12/002/000002/000082/001,5948622,567910,KA,BANGALORE URBAN,BANGALORE NORTH,KODAGI THIRUMALAPURA,02,Tank,13.1155556,77.4916667,Rural,2022-04-30,1,Panchayat,,No,Natural,,4,0,No,https://mi6census.mowr.gov.in/mic/getWaterBodyImageByURL/MIC_112002000002000082001.jpeg,,,Bengaluru Urban,Bengaluru Urban,525,Yelahanka,7103,Kodagi Thirumalapura,612868,wbc-2017-18
1/12/002/000002/000085/001,5959087,567934,KA,BANGALORE URBAN,BANGALORE NORTH,MAVALLIPURA,02,Tank,13.1291667,77.5311111,Rural,2022-05-13,1,Panchayat,,No,Natural,,4,0,No,https://mi6census.mowr.gov.in/mic/getWaterBodyImageByURL/MIC_112002000002000085001.jpeg,,,Bengaluru Urban,Bengaluru Urban,525,Yelahanka,7103,Mylappanahalli,612861,wbc-2017-18
1/12/002/000002/000086/001,5948635,567852,KA,BANGALORE URBAN,BANGALORE NORTH,BYLAKERE,02,Tank,13.1047222,77.5263889,Rural,2022-04-30,1,Panchayat,,No,Natural,,4,0,No,https://mi6census.mowr.gov.in/mic/getWaterBodyImageByURL/MIC_112002000002000086001.jpeg,,,Bengaluru Urban,Bengaluru Urban,525,Yelahanka,7103,Bylakere,612872,wbc-2017-18
1/12/002/000002/000086/002,5948637,567850,KA,BANGALORE URBAN,BANGALORE NORTH,BYLAKERE,02,Tank,13.1105556,77.5330556,Rural,2022-04-30,2,Panchayat,,No,Natural,,4,0,No,https://mi6census.mowr.gov.in/mic/getWaterBodyImageByURL/MIC_112002000002000086002.jpeg,,,Bengaluru Urban,Bengaluru Urban,525,Yelahanka,7103,Bylakere,612872,wbc-2017-18
1/12/002/000002/000086/003,5948640,567851,KA,BANGALORE URBAN,BANGALORE NORTH,BYLAKERE,02,Tank,13.1161111,77.525,Rural,2022-04-30,3,Panchayat,,No,Natural,,4,0,No,https://mi6census.mowr.gov.in/mic/getWaterBodyImageByURL/MIC_112002000002000086003.jpeg,,,Bengaluru Urban,Bengaluru Urban,525,Yelahanka,7103,Bylakere,612872,wbc-2017-18
1/12/002/000002/000088/001,5948628,567904,KA,BANGALORE URBAN,BANGALORE NORTH,KASAGATTAPURA,02,Tank,13.1166667,77.5016667,Rural,2022-04-30,1,Panchayat,,No,Natural,1,4,0,No,https://mi6census.mowr.gov.in/mic/getWaterBodyImageByURL/MIC_112002000002000088001.jpeg,,,Bengaluru Urban,Bengaluru Urban,525,Yelahanka,7103,Kasagattapura,612875,wbc-2017-18
1/12/002/000002/000088/002,5948629,567905,KA,BANGALORE URBAN,BANGALORE NORTH,KASAGATTAPURA,02,Tank,13.1097222,77.5061111,Rural,2022-04-30,2,Panchayat,,No,Natural,1,4,0,No,https://mi6census.mowr.gov.in/mic/getWaterBodyImageByURL/MIC_112002000002000088002.jpeg,,,Bengaluru Urban,Bengaluru Urban,525,Yelahanka,7103,Kasagattapura,612875,wbc-2017-18
1/12/002/000002/000089/001,5948608,567889,KA,BANGALORE URBAN,BANGALORE NORTH,HURALI CHIKKANAHALLI,01,Pond,13.1122222,77.4897222,Rural,2022-04-30,1,State WRD/State Irrigation,,No,Natural,,1,0,No,https://mi6census.mowr.gov.in/mic/getWaterBodyImageByURL/MIC_112002000002000089001.jpeg,,,Bengaluru Urban,Bengaluru Urban,525,Yelahanka,7103,Hurali Chikkanahalli,612876,wbc-2017-18
1/12/002/000002/000093/001,5948619,567916,KA,BANGALORE URBAN,BANGALORE NORTH,KUMBARAHALLI,01,Pond,13.1005556,77.4913889,Rural,2022-04-30,,State WRD/State Irrigation,,No,Natural,,4,0,No,https://mi6census.mowr.gov.in/mic/getWaterBodyImageByURL/MIC_112002000002000093001.jpeg,,,Bengaluru Urban,Bengaluru Urban,525,Yelahanka,7103,Kumbarahalli,612880,wbc-2017-18
1/12/002/000002/000094/001,5948620,567906,KA,BANGALORE URBAN,BANGALORE NORTH,KEMPAPURA,02,Tank,13.0972222,77.4936111,Rural,2022-04-30,1,Panchayat,,No,Natural,1,4,0,No,https://mi6census.mowr.gov.in/mic/getWaterBodyImageByURL/MIC_112002000002000094001.jpeg,,,Bengaluru Urban,Bengaluru Urban,525,Yelahanka,7103,Kumbarahalli,612880,wbc-2017-18
1/12/002/000002/000095/001,5948630,567898,KA,BANGALORE URBAN,BANGALORE NORTH,KALATHAMMANAHALLI,02,Tank,13.1022222,77.5197222,Rural,2022-04-30,1,Panchayat,,No,Natural,1,4,0,No,https://mi6census.mowr.gov.in/mic/getWaterBodyImageByURL/MIC_112002000002000095001.jpeg,,,Bengaluru Urban,Bengaluru Urban,525,Yelahanka,7103,Bylakere,612872,wbc-2017-18
1/12/002/000002/000096/001,5948633,567878,KA,BANGALORE URBAN,BANGALORE NORTH,GUNIAGRAHARA,02,Tank,13.1022222,77.5275,Rural,2022-04-30,1,Panchayat,,No,Natural,1,4,0,No,https://mi6census.mowr.gov.in/mic/getWaterBodyImageByURL/MIC_112002000002000096001.jpeg,,,Bengaluru Urban,Bengaluru Urban,525,Yelahanka,7103,Medi Agrahara,612944,wbc-2017-18
1/12/002/000002/000097/001,5959433,567959,KA,BANGALORE URBAN,BANGALORE NORTH,TARAHUNASE,02,Tank,13.1844444,77.5913889,Rural,2022-05-26,1,Panchayat,,No,Natural,,4,0,No,https://mi6census.mowr.gov.in/mic/getWaterBodyImageByURL/MIC_112002000002000097001.jpeg,,,Bengaluru Urban,Bengaluru Urban,525,Yelahanka,7103,Tarahunase,612884,wbc-2017-18
1/12/002/000002/000098/001,5959429,567915,KA,BANGALORE URBAN,BANGALORE NORTH,KUDURAGERE,02,Tank,13.1833333,77.6194444,Rural,2022-05-26,1,Panchayat,,No,Natural,,4,0,No,https://mi6census.mowr.gov.in/mic/getWaterBodyImageByURL/MIC_112002000002000098001.jpeg,,,Bengaluru Urban,Bengaluru Urban,525,Yelahanka,7103,Byanahalli,612891,wbc-2017-18
1/12/002/000002/000099/001,5959424,567868,KA,BANGALORE URBAN,BANGALORE NORTH,GADENAHALLI,02,Tank,13.1941667,77.6172222,Rural,2022-05-26,1,Panchayat,,No,Natural,,4,0,No,https://mi6census.mowr.gov.in/mic/getWaterBodyImageByURL/MIC_112002000002000099001.jpeg,,,Bengaluru Urban,Bengaluru Urban,525,Yelahanka,7103,Gadenahalli,612886,wbc-2017-18
1/12/002/000002/000100/001,5948686,567960,KA,BANGALORE URBAN,BANGALORE NORTH,THARABANAHALLI,02,Tank,13.1830556,77.6208333,Rural,2022-05-01,1,Panchayat,,No,Natural,,4,0,No,https://mi6census.mowr.gov.in/mic/getWaterBodyImageByURL/MIC_112002000002000100001.jpeg,,,Bengaluru Urban,Bengaluru Urban,525,Yelahanka,7103,Byanahalli,612891,wbc-2017-18
1/12/002/000002/000101/001,5948688,567938,KA,BANGALORE URBAN,BANGALORE NORTH,NAVARATHNA AGRAHARA,02,Tank,13.1991667,77.6258333,Rural,2022-05-01,1,Panchayat,,No,Natural,,4,0,No,https://mi6census.mowr.gov.in/mic/getWaterBodyImageByURL/MIC_112002000002000101001.jpeg,,,Bengaluru Urban,Bengaluru Urban,525,Yelahanka,7103,Navarathna Agrahara,612888,wbc-2017-18
1/12/002/000002/000102/001,5948682,567935,KA,BANGALORE URBAN,BANGALORE NORTH,MEENAKUNTE,02,Tank,13.1794444,77.6386111,Rural,2022-05-01,1,Panchayat,,No,Natural,,4,0,No,https://mi6census.mowr.gov.in/mic/getWaterBodyImageByURL/MIC_112002000002000102001.jpeg,,,Bengaluru Urban,Bengaluru Urban,525,Yelahanka,7103,Meenakunte,612889,wbc-2017-18
1/12/002/000002/000103/001,5948685,567859,KA,BANGALORE URBAN,BANGALORE NORTH,CHANNAHALLI,02,Tank,13.1816667,77.6263889,Rural,2022-05-01,1,Panchayat,,No,Natural,,4,0,No,https://mi6census.mowr.gov.in/mic/getWaterBodyImageByURL/MIC_112002000002000103001.jpeg,,,Bengaluru Urban,Bengaluru Urban,525,Yelahanka,7103,Tharabanahalli,612887,wbc-2017-18
1/12/002/000002/000104/001,5948684,567844,KA,BANGALORE URBAN,BANGALORE NORTH,BYANAHALLI,02,Tank,13.1825,77.6222222,Rural,2022-05-01,1,Panchayat,,No,Natural,,4,0,No,https://mi6census.mowr.gov.in/mic/getWaterBodyImageByURL/MIC_112002000002000104001.jpeg,,,Bengaluru Urban,Bengaluru Urban,525,Yelahanka,7103,Byanahalli,612891,wbc-2017-18
1/12/002/000002/000106/001,5959440,567961,KA,BANGALORE URBAN,BANGALORE NORTH,THIMMASANDRA,02,Tank,13.1644444,77.5841667,Rural,2022-05-26,1,Panchayat,,No,Natural,,4,0,No,https://mi6census.mowr.gov.in/mic/getWaterBodyImageByURL/MIC_112002000002000106001.jpeg,,,Bengaluru Urban,Bengaluru Urban,525,Yelahanka,7103,Thimmasandra,612893,wbc-2017-18
1/12/002/000002/000107/001,5959304,567941,KA,BANGALORE URBAN,BANGALORE NORTH,NELLUKUNTE,02,Tank,13.2297222,77.5497222,Rural,2022-05-22,1,Panchayat,,No,Natural,,4,0,No,https://mi6census.mowr.gov.in/mic/getWaterBodyImageByURL/MIC_112002000002000107001.jpeg,,,Bengaluru Urban,Bengaluru Urban,525,Yelahanka,7103,Kadathanamale,612831,wbc-2017-18
1/12/002/000002/000107/002,5959431,567942,KA,BANGALORE URBAN,BANGALORE NORTH,NELLUKUNTE,02,Tank,13.1483333,77.5894444,Rural,2022-05-26,2,Panchayat,,No,Natural,,4,0,No,https://mi6census.mowr.gov.in/mic/getWaterBodyImageByURL/MIC_112002000002000107002.jpeg,,,Bengaluru Urban,Bengaluru Urban,525,Yelahanka,7103,Gantiganahalli,612940,wbc-2017-18
1/12/002/000002/000108/001,5959420,567840,KA,BANGALORE URBAN,BANGALORE NORTH,BETTAHALASUR,02,Tank,13.1580556,77.6144444,Rural,2022-05-26,1,Panchayat,,No,Natural,,4,0,No,https://mi6census.mowr.gov.in/mic/getWaterBodyImageByURL/MIC_112002000002000108001.jpeg,,,Bengaluru Urban,Bengaluru Urban,525,Yelahanka,7103,Sonnappanahalli,612911,wbc-2017-18
1/12/002/000002/000110/001,5948680,567860,KA,BANGALORE URBAN,BANGALORE NORTH,CHIKKAJALA,02,Tank,13.1705556,77.6325,Rural,2022-05-01,1,Panchayat,,No,Natural,,4,0,No,https://mi6census.mowr.gov.in/mic/getWaterBodyImageByURL/MIC_112002000002000110001.jpeg,,,Bengaluru Urban,Bengaluru Urban,525,Yelahanka,7103,Chikkajala,612897,wbc-2017-18
1/12/002/000002/000110/002,5948681,567862,KA,BANGALORE URBAN,BANGALORE NORTH,CHIKKAJALA,02,Tank,13.1705556,77.6325,Rural,2022-05-01,2,Panchayat,,No,Natural,,4,0,No,https://mi6census.mowr.gov.in/mic/getWaterBodyImageByURL/MIC_112002000002000110002.jpeg,,,Bengaluru Urban,Bengaluru Urban,525,Yelahanka,7103,Chikkajala,612897,wbc-2017-18
1/12/002/000002/000110/003,5948705,567861,KA,BANGALORE URBAN,BANGALORE NORTH,CHIKKAJALA,02,Tank,13.1752778,77.6355556,Rural,2022-05-02,3,Panchayat,,No,Natural,,4,0,No,https://mi6census.mowr.gov.in/mic/getWaterBodyImageByURL/MIC_112002000002000110003.jpeg,,,Bengaluru Urban,Bengaluru Urban,525,Yelahanka,7103,Chikkajala,612897,wbc-2017-18
1/12/002/000002/000113/001,5959347,567858,KA,BANGALORE URBAN,BANGALORE NORTH,CHALLAMAKUNTE,02,Tank,13.1297222,77.7444444,Rural,2022-05-24,1,Panchayat,,No,Natural,,4,0,No,https://mi6census.mowr.gov.in/mic/getWaterBodyImageByURL/MIC_112002000002000113001.jpeg,,,Bengaluru Rural,Bengaluru Urban,526,Devanahalli,5603,Handrahalli,625462,wbc-2017-18
1/12/002/000002/000128/001,5948617,567875,KA,BANGALORE URBAN,BANGALORE NORTH,GOPALAPURA,02,Tank,13.145,77.4219444,Rural,2022-04-30,1,Panchayat,,No,Natural,1,4,1,No,https://mi6census.mowr.gov.in/mic/getWaterBodyImageByURL/MIC_112002000002000128001.jpeg,,,Bengaluru Urban,Bengaluru Urban,525,Bengaluru North,5542,Gopalapura,612749,wbc-2017-18
1/12/002/000002/000128/002,5948618,567876,KA,BANGALORE URBAN,BANGALORE NORTH,GOPALAPURA,02,Tank,13.1433333,77.4236111,Rural,2022-04-30,2,Panchayat,,No,Natural,1,4,1,No,https://mi6census.mowr.gov.in/mic/getWaterBodyImageByURL/MIC_112002000002000128002.jpeg,,,Bengaluru Urban,Bengaluru Urban,525,Bengaluru North,5542,Gopalapura,612749,wbc-2017-18
1/12/002/000002/000134/001,5948778,567839,KA,BANGALORE URBAN,BANGALORE NORTH,BETHANAGERE,02,Tank,13.1225,77.4186111,Rural,2022-05-03,1,Panchayat,,No,Natural,,4,0,No,https://mi6census.mowr.gov.in/mic/getWaterBodyImageByURL/MIC_112002000002000134001.jpeg,,,Bengaluru Urban,Bengaluru Urban,525,Bengaluru North,5542,Bethanagere,612755,wbc-2017-18
1/12/002/000002/000134/002,5948779,567838,KA,BANGALORE URBAN,BANGALORE NORTH,BETHANAGERE,02,Tank,13.1194444,77.4094444,Rural,2022-05-03,2,Panchayat,,No,Natural,,4,0,No,https://mi6census.mowr.gov.in/mic/getWaterBodyImageByURL/MIC_112002000002000134002.jpeg,,,Bengaluru Urban,Bengaluru Urban,525,Bengaluru North,5542,Bethanagere,612755,wbc-2017-18
1/12/002/000002/000134/003,5958991,567837,KA,BANGALORE URBAN,BANGALORE NORTH,BETHANAGERE,02,Tank,13.1069444,77.4205556,Rural,2022-05-10,3,Panchayat,,No,Natural,,4,0,No,https://mi6census.mowr.gov.in/mic/getWaterBodyImageByURL/MIC_112002000002000134003.jpeg,,,Bengaluru Urban,Bengaluru Urban,525,Bengaluru North,5542,Bethanagere,612755,wbc-2017-18
1/12/002/000002/000137/001,5958889,567829,KA,BANGALORE URBAN,BANGALORE NORTH,AGRAHARA PALYA,02,Tank,13.1236111,77.4477778,Rural,2022-05-07,1,Panchayat,,No,Natural,,4,0,No,https://mi6census.mowr.gov.in/mic/getWaterBodyImageByURL/MIC_112002000002000137001.jpeg,,,Bengaluru Urban,Bengaluru Urban,525,Bengaluru North,5542,Agrahara Palya,612758,wbc-2017-18
1/12/002/000002/000142/001,5948615,567943,KA,BANGALORE URBAN,BANGALORE NORTH,PILLAHALLI,02,Tank,13.0980556,77.4372222,Rural,2022-04-30,1,Panchayat,,No,Natural,1,4,1,No,https://mi6census.mowr.gov.in/mic/getWaterBodyImageByURL/MIC_112002000002000142001.jpeg,,,Bengaluru Urban,Bengaluru Urban,525,Bengaluru North,5542,Pillahalli,612763,wbc-2017-18
1/12/002/000002/000142/002,5948616,567944,KA,BANGALORE URBAN,BANGALORE NORTH,PILLAHALLI,02,Tank,13.1047222,77.4230556,Rural,2022-04-30,2,Panchayat,,No,Natural,1,4,1,No,https://mi6census.mowr.gov.in/mic/getWaterBodyImageByURL/MIC_112002000002000142002.jpeg,,,Bengaluru Urban,Bengaluru Urban,525,Bengaluru North,5542,Pillahalli,612763,wbc-2017-18
1/12/002/000002/000143/001,5948611,567937,KA,BANGALORE URBAN,BANGALORE NORTH,NAGARUR,01,Pond,13.0894444,77.4322222,Rural,2022-04-30,1,State WRD/State Irrigation,,No,Natural,,1,0,No,https://mi6census.mowr.gov.in/mic/getWaterBodyImageByURL/MIC_112002000002000143001.jpeg,,,Bengaluru Urban,Bengaluru Urban,525,Bengaluru North,5542,Nagarur,612764,wbc-2017-18
1/12/002/000002/000146/001,5958888,567932,KA,BANGALORE URBAN,BANGALORE NORTH,MATHAHALLI,02,Tank,13.1236111,77.4477778,Rural,2022-05-07,1,Panchayat,,No,Natural,,4,0,No,https://mi6census.mowr.gov.in/mic/getWaterBodyImageByURL/MIC_112002000002000146001.jpeg,,,Bengaluru Urban,Bengaluru Urban,525,Bengaluru North,5542,Agrahara Palya,612758,wbc-2017-18
1/12/002/000002/000151/001,5959184,567830,KA,BANGALORE URBAN,BANGALORE NORTH,ALUR,02,Tank,13.1963889,77.5336111,Rural,2022-05-13,1,Panchayat,,No,Natural,,4,0,No,https://mi6census.mowr.gov.in/mic/getWaterBodyImageByURL/MIC_112002000002000151001.jpeg,,,Bengaluru Urban,Bengaluru Urban,525,Yelahanka,7103,Arakere,612835,wbc-2017-18
1/12/002/000002/000154/001,5948780,567881,KA,BANGALORE URBAN,BANGALORE NORTH,HANUMANTHA SAGARA,01,Pond,13.0708333,77.4666667,Rural,2022-05-03,15,State WRD/State Irrigation,,No,Natural,,1,0,No,https://mi6census.mowr.gov.in/mic/getWaterBodyImageByURL/MIC_112002000002000154001.jpeg,,,Bengaluru Urban,Bengaluru Urban,525,Bengaluru North,5542,Hanumantha Sagara,612776,wbc-2017-18
1/12/002/000002/000157/001,5953666,567827,KA,BANGALORE URBAN,BANGALORE NORTH,ADAKAMARANAHALLI,02,Tank,13.0708333,77.4472222,Rural,2022-05-04,1,Panchayat,,No,Natural,,4,0,No,https://mi6census.mowr.gov.in/mic/getWaterBodyImageByURL/MIC_112002000002000157001.jpeg,,,Bengaluru Urban,Bengaluru Urban,525,Bengaluru North,5542,Adakamaranahalli,612779,wbc-2017-18
1/12/002/000002/000158/001,5953665,567863,KA,BANGALORE URBAN,BANGALORE NORTH,DASANAPURA,02,Tank,13.0791667,77.4247222,Rural,2022-05-04,1,Panchayat,,No,Natural,,4,0,No,https://mi6census.mowr.gov.in/mic/getWaterBodyImageByURL/MIC_112002000002000158001.jpeg,,,Bengaluru Rural,Bengaluru Urban,526,Nelamangala,5601,Arasinakunte CT,624949,wbc-2017-18
1/12/002/000002/000160/001,5948707,567886,KA,BANGALORE URBAN,BANGALORE NORTH,HULLEGOWDANAHALLI,02,Tank,13.0741667,77.4022222,Rural,2022-05-02,1,Panchayat,,No,Natural,,4,0,No,https://mi6census.mowr.gov.in/mic/getWaterBodyImageByURL/MIC_112002000002000160001.jpeg,,,Bengaluru Rural,Bengaluru Urban,526,Nelamangala,5601,Mallapura,624884,wbc-2017-18
1/12/002/000002/000160/002,5948713,567887,KA,BANGALORE URBAN,BANGALORE NORTH,HULLEGOWDANAHALLI,02,Tank,13.0586111,77.3986111,Rural,2022-05-02,2,Panchayat,,No,Natural,,4,0,No,https://mi6census.mowr.gov.in/mic/getWaterBodyImageByURL/MIC_112002000002000160002.jpeg,,,Bengaluru Urban,Bengaluru Urban,525,Bengaluru North,5542,Venkatapura,612784,wbc-2017-18
1/12/002/000002/000163/001,5948712,567917,KA,BANGALORE URBAN,BANGALORE NORTH,LAKKENAHALLI,01,Pond,13.0425,77.3991667,Rural,2022-05-02,,State WRD/State Irrigation,,No,Natural,,4,0,No,https://mi6census.mowr.gov.in/mic/getWaterBodyImageByURL/MIC_112002000002000163001.jpeg,,,Bengaluru Urban,Bengaluru Urban,525,Bengaluru North,5542,Lakkenahalli,612785,wbc-2017-18
1/12/002/000002/000164/001,5948752,567907,KA,BANGALORE URBAN,BANGALORE NORTH,KENGANAHALLI,02,Tank,13.0586111,77.3986111,Rural,2022-05-02,1,Panchayat,,No,Natural,,4,0,No,https://mi6census.mowr.gov.in/mic/getWaterBodyImageByURL/MIC_112002000002000164001.jpeg,,,Bengaluru Urban,Bengaluru Urban,525,Bengaluru North,5542,Venkatapura,612784,wbc-2017-18
1/12/002/000002/000165/001,5948706,567952,KA,BANGALORE URBAN,BANGALORE NORTH,SHIVANAPURA,02,Tank,13.0547222,77.3963889,Rural,2022-05-02,1,Panchayat,,No,Natural,,4,0,No,https://mi6census.mowr.gov.in/mic/getWaterBodyImageByURL/MIC_112002000002000165001.jpeg,,,Bengaluru Urban,Bengaluru Urban,525,Bengaluru North,5542,Venkatapura,612784,wbc-2017-18
1/12/002/000002/000167/001,5953667,567883,KA,BANGALORE URBAN,BANGALORE NORTH,HAROKYATHANAHALLI,02,Tank,13.0530556,77.4452778,Rural,2022-05-04,1,Panchayat,,No,Natural,,4,0,No,https://mi6census.mowr.gov.in/mic/getWaterBodyImageByURL/MIC_112002000002000167001.jpeg,,,Bengaluru Urban,Bengaluru Urban,525,Bengaluru North,5542,Harokyathanahalli,612789,wbc-2017-18
1/12/002/000002/000167/002,5953668,567882,KA,BANGALORE URBAN,BANGALORE NORTH,HAROKYATHANAHALLI,02,Tank,13.0527778,77.4452778,Rural,2022-05-04,2,Panchayat,,No,Natural,,4,0,No,https://mi6census.mowr.gov.in/mic/getWaterBodyImageByURL/MIC_112002000002000167002.jpeg,,,Bengaluru Urban,Bengaluru Urban,525,Bengaluru North,5542,Harokyathanahalli,612789,wbc-2017-18
1/12/002/000002/000169/001,5948761,567926,KA,BANGALORE URBAN,BANGALORE NORTH,MADAVARA,01,Pond,13.0491667,77.4808333,Rural,2022-05-03,1,State WRD/State Irrigation,,No,Natural,,1,0,No,https://mi6census.mowr.gov.in/mic/getWaterBodyImageByURL/MIC_112002000002000169001.jpeg,,,Bengaluru Urban,Bengaluru Urban,525,Bengaluru North,5542,Chikkabidarakallu CT,612952,wbc-2017-18
1/12/002/000002/000173/001,5948720,567833,KA,BANGALORE URBAN,BANGALORE NORTH,AVVERAHALLI,01,Pond,13.0433333,77.4172222,Rural,2022-05-02,,State WRD/State Irrigation,,No,Natural,,4,0,No,https://mi6census.mowr.gov.in/mic/getWaterBodyImageByURL/MIC_112002000002000173001.jpeg,,,Bengaluru Urban,Bengaluru Urban,525,Bengaluru North,5542,Avverahalli,612796,wbc-2017-18
1/12/002/000002/000174/001,5948731,567888,KA,BANGALORE URBAN,BANGALORE NORTH,HUNNIGERE,02,Tank,13.0661111,77.405,Rural,2022-05-02,1,Panchayat,,No,Natural,,4,0,No,https://mi6census.mowr.gov.in/mic/getWaterBodyImageByURL/MIC_112002000002000174001.jpeg,,,Bengaluru Urban,Bengaluru Urban,525,Bengaluru North,5542,Hullegowdanahalli,612782,wbc-2017-18
1/12/002/000002/000175/001,5948741,567953,KA,BANGALORE URBAN,BANGALORE NORTH,SONDEKOPPA,02,Tank,13.0169444,77.3838889,Rural,2022-05-02,1,Panchayat,,No,Natural,,4,0,No,https://mi6census.mowr.gov.in/mic/getWaterBodyImageByURL/MIC_112002000002000175001.jpeg,,,Bengaluru Urban,Bengaluru Urban,525,Bengaluru North,5542,Sondekoppa,612798,wbc-2017-18
1/12/002/000002/000177/001,5948743,567927,KA,BANGALORE URBAN,BANGALORE NORTH,MALLASANDRA,02,Tank,13.0066667,77.3977778,Rural,2022-05-02,1,Panchayat,,No,Natural,,4,0,No,https://mi6census.mowr.gov.in/mic/getWaterBodyImageByURL/MIC_112002000002000177001.jpeg,,,Bengaluru Urban,Bengaluru Urban,525,Bengaluru North,5542,Mallasandra,612800,wbc-2017-18
1/12/002/000002/000180/001,5948767,567901,KA,BANGALORE URBAN,BANGALORE NORTH,KAMMASANDRA,01,Pond,13.0461111,77.4383333,Rural,2022-05-03,,State WRD/State Irrigation,,No,Natural,,4,0,No,https://mi6census.mowr.gov.in/mic/getWaterBodyImageByURL/MIC_112002000002000180001.jpeg,,,Bengaluru Urban,Bengaluru Urban,525,Bengaluru North,5542,Gowdahalli,612788,wbc-2017-18
1/12/002/000002/000181/001,5948763,567918,KA,BANGALORE URBAN,BANGALORE NORTH,LAKSHMIPURA,01,Pond,13.0333333,77.4694444,Rural,2022-05-03,,State WRD/State Irrigation,,No,Natural,,4,0,No,https://mi6census.mowr.gov.in/mic/getWaterBodyImageByURL/MIC_112002000002000181001.jpeg,,,Bengaluru Urban,Bengaluru Urban,525,Bengaluru North,5542,Lakshmipura,612804,wbc-2017-18
1/12/002/000002/000183/001,5948764,567869,KA,BANGALORE URBAN,BANGALORE NORTH,GANGONDANAHALLI,01,Pond,13.0202778,77.4747222,Rural,2022-05-03,,State WRD/State Irrigation,,No,Natural,,4,0,No,https://mi6census.mowr.gov.in/mic/getWaterBodyImageByURL/MIC_112002000002000183001.jpeg,,,Bengaluru Urban,Bengaluru Urban,525,Bengaluru North,5542,Gangondanahalli,612806,wbc-2017-18
1/12/002/000002/000183/002,5948765,567870,KA,BANGALORE URBAN,BANGALORE NORTH,GANGONDANAHALLI,01,Pond,13.0208333,77.4730556,Rural,2022-05-03,,State WRD/State Irrigation,,No,Natural,,4,0,No,https://mi6census.mowr.gov.in/mic/getWaterBodyImageByURL/MIC_112002000002000183002.jpeg,,,Bengaluru Urban,Bengaluru Urban,525,Bengaluru North,5542,Gangondanahalli,612806,wbc-2017-18
1/12/002/000002/000184/001,5959256,567908,KA,BANGALORE URBAN,BANGALORE NORTH,K.G. LAKKENAHALLI,02,Tank,13.0125,77.4572222,Rural,2022-05-18,1,Panchayat,,No,Natural,,4,0,No,https://mi6census.mowr.gov.in/mic/getWaterBodyImageByURL/MIC_112002000002000184001.jpeg,,,Bengaluru Urban,Bengaluru Urban,525,Bengaluru North,5542,Bylakonenahalli,612815,wbc-2017-18
1/12/002/000002/000187/001,5948749,567909,KA,BANGALORE URBAN,BANGALORE NORTH,KITTANA HALLI,02,Tank,13.0152778,77.4183333,Rural,2022-05-02,1,Panchayat,,No,Natural,,4,0,No,https://mi6census.mowr.gov.in/mic/getWaterBodyImageByURL/MIC_112002000002000187001.jpeg,,,Bengaluru Urban,Bengaluru Urban,525,Bengaluru North,5542,Kittana Halli,612810,wbc-2017-18
1/12/002/000002/000188/001,5958988,567874,KA,BANGALORE URBAN,BANGALORE NORTH,GIDDENAHALLI,02,Tank,12.9922222,77.4225,Rural,2022-05-10,1,Panchayat,,No,Natural,,4,0,No,https://mi6census.mowr.gov.in/mic/getWaterBodyImageByURL/MIC_112002000002000188001.jpeg,,,Bengaluru Urban,Bengaluru Urban,525,Bengaluru North,5542,Giddenahalli,612812,wbc-2017-18
1/12/002/000002/000189/001,5958983,567894,KA,BANGALORE URBAN,BANGALORE NORTH,KADABAGERE,02,Tank,12.9966667,77.4330556,Rural,2022-05-10,1,Panchayat,,No,Natural,,4,0,No,https://mi6census.mowr.gov.in/mic/getWaterBodyImageByURL/MIC_112002000002000189001.jpeg,,,Bengaluru Urban,Bengaluru Urban,525,Bengaluru North,5542,Kadabagere,612813,wbc-2017-18
1/12/002/000002/000189/002,5958986,567893,KA,BANGALORE URBAN,BANGALORE NORTH,KADABAGERE,02,Tank,12.9916667,77.4227778,Rural,2022-05-10,2,Panchayat,,No,Natural,,4,0,No,https://mi6census.mowr.gov.in/mic/getWaterBodyImageByURL/MIC_112002000002000189002.jpeg,,,Bengaluru Urban,Bengaluru Urban,525,Bengaluru North,5542,Giddenahalli,612812,wbc-2017-18
1/12/002/000002/000192/001,5948745,567873,KA,BANGALORE URBAN,BANGALORE NORTH,GATTISIDDANAHALLI,01,Pond,13.0025,77.4077778,Rural,2022-05-02,,State WRD/State Irrigation,,No,Natural,,4,0,No,https://mi6census.mowr.gov.in/mic/getWaterBodyImageByURL/MIC_112002000002000192001.jpeg,,,Bengaluru Urban,Bengaluru Urban,525,Bengaluru North,5542,Gattisiddanahalli,612811,wbc-2017-18
1/12/002/000002/000195/001,5959456,567867,KA,BANGALORE URBAN,BANGALORE NORTH,DODDAJALA AMANIKERE,02,Tank,13.1775,77.6508333,Rural,2022-05-27,1,Panchayat,,No,Natural,,4,0,No,https://mi6census.mowr.gov.in/mic/getWaterBodyImageByURL/MIC_112002000002000195001.jpeg,,,Bengaluru Urban,Bengaluru Urban,525,Yelahanka,7103,Doddajala,612899,wbc-2017-18
1/12/002/000003/000001/001,5958668,568029,KA,BANGALORE URBAN,BANGALORE SOUTH,KAMBIPURA,02,Tank,12.8897222,77.4580556,Rural,2022-05-05,1,Panchayat,,No,Natural,,4,0,No,https://mi6census.mowr.gov.in/mic/getWaterBodyImageByURL/MIC_112002000003000001001.jpeg,,,Bengaluru Urban,Bengaluru Urban,525,Bengaluru South,5543,Kambipura,613022,wbc-2017-18
1/12/002/000003/000001/002,5958671,568028,KA,BANGALORE URBAN,BANGALORE SOUTH,KAMBIPURA,02,Tank,12.8877778,77.4683333,Rural,2022-05-05,2,Panchayat,,No,Natural,,4,0,No,https://mi6census.mowr.gov.in/mic/getWaterBodyImageByURL/MIC_112002000003000001002.jpeg,,,Bengaluru Urban,Bengaluru Urban,525,Bengaluru South,5543,Kambipura,613022,wbc-2017-18
1/12/002/000003/000006/001,5948711,568043,KA,BANGALORE URBAN,BANGALORE SOUTH,KUMBALAGODU GOLLAHALLI,01,Pond,12.8413889,77.4519444,Rural,2022-05-02,,State WRD/State Irrigation,,No,Natural,,4,0,No,https://mi6census.mowr.gov.in/mic/getWaterBodyImageByURL/MIC_112002000003000006001.jpeg,,,Bengaluru Urban,Bengaluru Urban,525,Bengaluru South,5543,Kumbalagodu Gollahalli,613027,wbc-2017-18
1/12/002/000003/000008/001,5958651,568100,KA,BANGALORE URBAN,BANGALORE SOUTH,THIPPUR,02,Tank,12.8241667,77.4463889,Rural,2022-05-05,1,Panchayat,,No,Natural,,4,0,No,https://mi6census.mowr.gov.in/mic/getWaterBodyImageByURL/MIC_112002000003000008001.jpeg,,,Bengaluru Urban,Bengaluru Urban,525,Bengaluru South,5543,Gonipura,613031,wbc-2017-18
1/12/002/000003/000009/001,5958643,568013,KA,BANGALORE URBAN,BANGALORE SOUTH,GONIPURA,02,Tank,12.8394444,77.4480556,Rural,2022-05-05,1,Panchayat,,No,Natural,,4,0,No,https://mi6census.mowr.gov.in/mic/getWaterBodyImageByURL/MIC_112002000003000009001.jpeg,,,Bengaluru Urban,Bengaluru Urban,525,Bengaluru South,5543,Gonipura,613031,wbc-2017-18
1/12/002/000003/000009/002,5958645,568012,KA,BANGALORE URBAN,BANGALORE SOUTH,GONIPURA,02,Tank,12.8361111,77.4469444,Rural,2022-05-05,2,Panchayat,,No,Natural,,4,0,No,https://mi6census.mowr.gov.in/mic/getWaterBodyImageByURL/MIC_112002000003000009002.jpeg,,,Bengaluru Urban,Bengaluru Urban,525,Bengaluru South,5543,Gonipura,613031,wbc-2017-18
1/12/002/000003/000009/003,5958646,568014,KA,BANGALORE URBAN,BANGALORE SOUTH,GONIPURA,02,Tank,12.8322222,77.4427778,Rural,2022-05-05,3,Panchayat,,No,Natural,,4,0,No,https://mi6census.mowr.gov.in/mic/getWaterBodyImageByURL/MIC_112002000003000009003.jpeg,,,Bengaluru Urban,Bengaluru Urban,525,Bengaluru South,5543,Gonipura,613031,wbc-2017-18
1/12/002/000003/000009/004,5958649,568015,KA,BANGALORE URBAN,BANGALORE SOUTH,GONIPURA,02,Tank,12.8258333,77.4480556,Rural,2022-05-05,4,Panchayat,,No,Natural,,4,0,No,https://mi6census.mowr.gov.in/mic/getWaterBodyImageByURL/MIC_112002000003000009004.jpeg,,,Bengaluru Urban,Bengaluru Urban,525,Bengaluru South,5543,Gonipura,613031,wbc-2017-18
1/12/002/000003/000011/001,5948710,567990,KA,BANGALORE URBAN,BANGALORE SOUTH,DEVAGERE,02,Tank,12.8558333,77.4627778,Rural,2022-05-02,1,Panchayat,,No,Natural,,4,0,No,https://mi6census.mowr.gov.in/mic/getWaterBodyImageByURL/MIC_112002000003000011001.jpeg,,,Bengaluru Urban,Bengaluru Urban,525,Bengaluru South,5543,Devagere,613034,wbc-2017-18
1/12/002/000003/000014/001,5958662,567984,KA,BANGALORE URBAN,BANGALORE SOUTH,CHINNAKURCHI,02,Tank,12.8211111,77.4647222,Rural,2022-05-05,1,Panchayat,,No,Natural,,4,0,No,https://mi6census.mowr.gov.in/mic/getWaterBodyImageByURL/MIC_112002000003000014001.jpeg,,,Bengaluru Urban,Bengaluru Urban,525,Bengaluru South,5543,Chinnakurchi,613037,wbc-2017-18
1/12/002/000003/000016/001,5948669,567962,KA,BANGALORE URBAN,BANGALORE SOUTH,AGARA,02,Tank,12.8611111,77.5161111,Rural,2022-04-30,1,Panchayat,,No,Natural,,4,0,No,https://mi6census.mowr.gov.in/mic/getWaterBodyImageByURL/MIC_112002000003000016001.jpeg,,,Bengaluru Urban,Bengaluru Urban,525,Bengaluru South,5543,Badamanavarthekaval,613036,wbc-2017-18
1/12/002/000003/000017/001,5948714,568054,KA,BANGALORE URBAN,BANGALORE SOUTH,MALLASANDRA,02,Tank,12.8563889,77.6211111,Rural,2022-05-02,1,Panchayat,,No,Natural,,4,0,No,https://mi6census.mowr.gov.in/mic/getWaterBodyImageByURL/MIC_112002000003000017001.jpeg,,,Bengaluru Urban,Bengaluru Urban,525,99999- Area Not Under Any Sub-district,9999,BBMP,276600,wbc-2017-18
1/12/002/000003/000017/002,5948716,568057,KA,BANGALORE URBAN,BANGALORE SOUTH,MALLASANDRA,02,Tank,12.8583333,77.6186111,Rural,2022-05-02,2,Panchayat,,No,Natural,,4,0,No,https://mi6census.mowr.gov.in/mic/getWaterBodyImageByURL/MIC_112002000003000017002.jpeg,,,Bengaluru Urban,Bengaluru Urban,525,99999- Area Not Under Any Sub-district,9999,BBMP,276600,wbc-2017-18
1/12/002/000003/000017/003,5948718,568056,KA,BANGALORE URBAN,BANGALORE SOUTH,MALLASANDRA,02,Tank,12.8519444,77.6166667,Rural,2022-05-02,3,Panchayat,,No,Natural,,4,0,No,https://mi6census.mowr.gov.in/mic/getWaterBodyImageByURL/MIC_112002000003000017003.jpeg,,,Bengaluru Urban,Bengaluru Urban,525,Bengaluru South,5543,Mylasandra,613058,wbc-2017-18
1/12/002/000003/000017/004,5948719,568055,KA,BANGALORE URBAN,BANGALORE SOUTH,MALLASANDRA,02,Tank,12.8497222,77.6211111,Rural,2022-05-02,4,Panchayat,,No,Natural,,4,0,No,https://mi6census.mowr.gov.in/mic/getWaterBodyImageByURL/MIC_112002000003000017004.jpeg,,,Bengaluru Urban,Bengaluru Urban,525,Bengaluru South,5543,Mylasandra,613058,wbc-2017-18
1/12/002/000003/000019/001,5948679,568026,KA,BANGALORE URBAN,BANGALORE SOUTH,KAGGALIPURA,02,Tank,12.7975,77.5063889,Rural,2022-05-01,1,Panchayat,,No,Natural,,4,0,No,https://mi6census.mowr.gov.in/mic/getWaterBodyImageByURL/MIC_112002000003000019001.jpeg,,,Bengaluru Urban,Bengaluru Urban,525,Bengaluru South,5543,Kaggalipura,613042,wbc-2017-18
1/12/002/000003/000019/002,5948689,568027,KA,BANGALORE URBAN,BANGALORE SOUTH,KAGGALIPURA,02,Tank,12.8163889,77.5102778,Rural,2022-05-01,2,Panchayat,,No,Natural,,4,0,No,https://mi6census.mowr.gov.in/mic/getWaterBodyImageByURL/MIC_112002000003000019002.jpeg,,,Bengaluru Urban,Bengaluru Urban,525,Bengaluru South,5543,Kaggalipura,613042,wbc-2017-18
1/12/002/000003/000020/001,5948683,568102,KA,BANGALORE URBAN,BANGALORE SOUTH,UTTARI,02,Tank,12.8172222,77.4911111,Rural,2022-05-01,1,Panchayat,,No,Natural,,4,0,No,https://mi6census.mowr.gov.in/mic/getWaterBodyImageByURL/MIC_112002000003000020001.jpeg,,,Bengaluru Urban,Bengaluru Urban,525,Bengaluru South,5543,Uttari,613043,wbc-2017-18
1/12/002/000003/000020/002,5948687,568101,KA,BANGALORE URBAN,BANGALORE SOUTH,UTTARI,02,Tank,12.81,77.4888889,Rural,2022-05-01,2,Panchayat,,No,Natural,,4,0,No,https://mi6census.mowr.gov.in/mic/getWaterBodyImageByURL/MIC_112002000003000020002.jpeg,,,Bengaluru Urban,Bengaluru Urban,525,Bengaluru South,5543,Uttari,613043,wbc-2017-18
1/12/002/000003/000021/001,5948755,568063,KA,BANGALORE URBAN,BANGALORE SOUTH,NAGANAYAKANAHALLI,02,Tank,12.7955556,77.4758333,Rural,2022-05-03,1,Panchayat,,No,Natural,,4,0,No,https://mi6census.mowr.gov.in/mic/getWaterBodyImageByURL/MIC_112002000003000021001.jpeg,,,Bengaluru Urban,Bengaluru Urban,525,Bengaluru South,5543,Naganayakanahalli,613044,wbc-2017-18
1/12/002/000003/000022/002,5948759,568064,KA,BANGALORE URBAN,BANGALORE SOUTH,NELAGULI,02,Tank,12.7705556,77.4933333,Rural,2022-05-03,2,Panchayat,,No,Natural,,4,0,No,https://mi6census.mowr.gov.in/mic/getWaterBodyImageByURL/MIC_112002000003000022002.jpeg,,,Bengaluru Urban,Bengaluru Urban,525,Bengaluru South,5543,Nelaguli,613045,wbc-2017-18
1/12/002/000003/000022/003,5948760,568066,KA,BANGALORE URBAN,BANGALORE SOUTH,NELAGULI,02,Tank,12.7708333,77.4888889,Rural,2022-05-03,3,Panchayat,,No,Natural,,4,0,No,https://mi6census.mowr.gov.in/mic/getWaterBodyImageByURL/MIC_112002000003000022003.jpeg,,,Bengaluru Urban,Bengaluru Urban,525,Bengaluru South,5543,Nelaguli,613045,wbc-2017-18
1/12/002/000003/000022/004,5948766,568065,KA,BANGALORE URBAN,BANGALORE SOUTH,NELAGULI,02,Tank,12.775,77.4922222,Rural,2022-05-03,4,Panchayat,,No,Natural,,4,0,No,https://mi6census.mowr.gov.in/mic/getWaterBodyImageByURL/MIC_112002000003000022004.jpeg,,,Bengaluru Urban,Bengaluru Urban,525,Bengaluru South,5543,Nelaguli,613045,wbc-2017-18
1/12/002/000003/000023/001,5948756,568032,KA,BANGALORE URBAN,BANGALORE SOUTH,K. CHUDAHALLI,02,Tank,12.7752778,77.4927778,Rural,2022-05-03,1,Panchayat,,No,Natural,,4,0,No,https://mi6census.mowr.gov.in/mic/getWaterBodyImageByURL/MIC_112002000003000023001.jpeg,,,Bengaluru Urban,Bengaluru Urban,525,Bengaluru South,5543,K Chudahalli,613046,wbc-2017-18
1/12/002/000003/000024/001,5948692,568094,KA,BANGALORE URBAN,BANGALORE SOUTH,THARALU,02,Tank,12.7863889,77.5238889,Rural,2022-05-01,1,Panchayat,,No,Natural,,4,0,No,https://mi6census.mowr.gov.in/mic/getWaterBodyImageByURL/MIC_112002000003000024001.jpeg,,,Bengaluru Urban,Bengaluru Urban,525,Bengaluru South,5543,Tharalu,613047,wbc-2017-18
1/12/002/000003/000024/002,5948693,568093,KA,BANGALORE URBAN,BANGALORE SOUTH,THARALU,02,Tank,12.7883333,77.5330556,Rural,2022-05-01,2,Panchayat,,No,Natural,,4,0,No,https://mi6census.mowr.gov.in/mic/getWaterBodyImageByURL/MIC_112002000003000024002.jpeg,,,Bengaluru Urban,Bengaluru Urban,525,Bengaluru South,5543,Tharalu,613047,wbc-2017-18
1/12/002/000003/000024/003,5948694,568092,KA,BANGALORE URBAN,BANGALORE SOUTH,THARALU,02,Tank,12.7911111,77.5422222,Rural,2022-05-01,3,Panchayat,,No,Natural,,4,0,No,https://mi6census.mowr.gov.in/mic/getWaterBodyImageByURL/MIC_112002000003000024003.jpeg,,,Bengaluru Urban,Bengaluru Urban,525,Bengaluru South,5543,Tharalu,613047,wbc-2017-18
1/12/002/000003/000025/001,5948691,568016,KA,BANGALORE URBAN,BANGALORE SOUTH,GULAKAMALE,02,Tank,12.7830556,77.5222222,Rural,2022-05-01,1,Panchayat,,No,Natural,,4,0,No,https://mi6census.mowr.gov.in/mic/getWaterBodyImageByURL/MIC_112002000003000025001.jpeg,,,Bengaluru Urban,Bengaluru Urban,525,Bengaluru South,5543,Alakabelalu,613049,wbc-2017-18
1/12/002/000003/000027/001,5958623,568077,KA,BANGALORE URBAN,BANGALORE SOUTH,SOMANAHALLI,02,Tank,12.77,77.5025,Rural,2022-05-04,1,Panchayat,,No,Natural,,4,0,No,https://mi6census.mowr.gov.in/mic/getWaterBodyImageByURL/MIC_112002000003000027001.jpeg,,,Bengaluru Urban,Bengaluru Urban,525,Bengaluru South,5543,Somanahalli,613050,wbc-2017-18
1/12/002/000003/000027/002,5958640,568079,KA,BANGALORE URBAN,BANGALORE SOUTH,SOMANAHALLI,02,Tank,12.7713889,77.51,Rural,2022-05-05,2,Panchayat,,No,Natural,,4,0,No,https://mi6census.mowr.gov.in/mic/getWaterBodyImageByURL/MIC_112002000003000027002.jpeg,,,Bengaluru Urban,Bengaluru Urban,525,Bengaluru South,5543,Somanahalli,613050,wbc-2017-18
1/12/002/000003/000027/003,5958641,568076,KA,BANGALORE URBAN,BANGALORE SOUTH,SOMANAHALLI,02,Tank,12.7683333,77.5066667,Rural,2022-05-05,3,Panchayat,,No,Natural,,4,0,No,https://mi6census.mowr.gov.in/mic/getWaterBodyImageByURL/MIC_112002000003000027003.jpeg,,,Bengaluru Urban,Bengaluru Urban,525,Bengaluru South,5543,Somanahalli,613050,wbc-2017-18
1/12/002/000003/000027/004,5958642,568078,KA,BANGALORE URBAN,BANGALORE SOUTH,SOMANAHALLI,02,Tank,12.7702778,77.495,Rural,2022-05-05,4,Panchayat,,No,Natural,,4,0,No,https://mi6census.mowr.gov.in/mic/getWaterBodyImageByURL/MIC_112002000003000027004.jpeg,,,Bengaluru Urban,Bengaluru Urban,525,Bengaluru South,5543,Somanahalli,613050,wbc-2017-18
1/12/002/000003/000028/001,5948757,568067,KA,BANGALORE URBAN,BANGALORE SOUTH,NETTIGERE,02,Tank,12.7538889,77.5019444,Rural,2022-05-03,1,Panchayat,,No,Natural,,4,0,No,https://mi6census.mowr.gov.in/mic/getWaterBodyImageByURL/MIC_112002000003000028001.jpeg,,,Bengaluru Urban,Bengaluru Urban,525,Bengaluru South,5543,Nettigere,613051,wbc-2017-18
1/12/002/000003/000029/001,5948758,568075,KA,BANGALORE URBAN,BANGALORE SOUTH,RAVUGODLU,02,Tank,12.7530556,77.5019444,Rural,2022-05-03,1,Panchayat,,No,Natural,,4,0,No,https://mi6census.mowr.gov.in/mic/getWaterBodyImageByURL/MIC_112002000003000029001.jpeg,,,Bengaluru Urban,Bengaluru Urban,525,Bengaluru South,5543,Nettigere,613051,wbc-2017-18
1/12/002/000003/000031/001,5948677,568097,KA,BANGALORE URBAN,BANGALORE SOUTH,THATTAGUPPE,02,Tank,12.8405556,77.5186111,Rural,2022-04-30,1,Panchayat,,No,Natural,,4,0,No,https://mi6census.mowr.gov.in/mic/getWaterBodyImageByURL/MIC_112002000003000031001.jpeg,,,Bengaluru Urban,Bengaluru Urban,525,Bengaluru South,5543,Badamanavarthekaval,613036,wbc-2017-18
1/12/002/000003/000031/002,5958757,568095,KA,BANGALORE URBAN,BANGALORE SOUTH,THATTAGUPPE,02,Tank,12.7719444,77.5230556,Rural,2022-05-05,2,Panchayat,,No,Natural,,4,0,No,https://mi6census.mowr.gov.in/mic/getWaterBodyImageByURL/MIC_112002000003000031002.jpeg,,,Bengaluru Urban,Bengaluru Urban,525,Bengaluru South,5543,Thattaguppe,613054,wbc-2017-18
1/12/002/000003/000031/003,5958759,568098,KA,BANGALORE URBAN,BANGALORE SOUTH,THATTAGUPPE,02,Tank,12.7763889,77.5330556,Rural,2022-05-05,3,Panchayat,,No,Natural,,4,0,No,https://mi6census.mowr.gov.in/mic/getWaterBodyImageByURL/MIC_112002000003000031003.jpeg,,,Bengaluru Urban,Bengaluru Urban,525,Bengaluru South,5543,Thattaguppe,613054,wbc-2017-18
1/12/002/000003/000031/004,5958887,568096,KA,BANGALORE URBAN,BANGALORE SOUTH,THATTAGUPPE,02,Tank,12.7711111,77.5152778,Rural,2022-05-07,4,Panchayat,,No,Natural,,4,0,No,https://mi6census.mowr.gov.in/mic/getWaterBodyImageByURL/MIC_112002000003000031004.jpeg,,,Bengaluru Urban,Bengaluru Urban,525,Bengaluru South,5543,Thattaguppe,613054,wbc-2017-18
1/12/002/000003/000033/001,5948708,567997,KA,BANGALORE URBAN,BANGALORE SOUTH,DODDANAGAMANGALA,02,Tank,12.8672222,77.6761111,Rural,2022-05-02,1,Panchayat,,No,Natural,,4,0,No,https://mi6census.mowr.gov.in/mic/getWaterBodyImageByURL/MIC_112002000003000033001.jpeg,,,Bengaluru Urban,Bengaluru Urban,525,Bengaluru South,5543,Doddanagamangala,613056,wbc-2017-18
1/12/002/000003/000033/002,5948709,567998,KA,BANGALORE URBAN,BANGALORE SOUTH,DODDANAGAMANGALA,02,Tank,12.8691667,77.6741667,Rural,2022-05-02,2,Panchayat,,No,Natural,,4,0,No,https://mi6census.mowr.gov.in/mic/getWaterBodyImageByURL/MIC_112002000003000033002.jpeg,,,Bengaluru Urban,Bengaluru Urban,525,99999- Area Not Under Any Sub-district,9999,BBMP,276600,wbc-2017-18
1/12/002/000003/000035/001,5948715,568061,KA,BANGALORE URBAN,BANGALORE SOUTH,MYLASANDRA,02,Tank,12.8563889,77.6211111,Rural,2022-05-02,1,Panchayat,,No,Natural,,4,0,No,https://mi6census.mowr.gov.in/mic/getWaterBodyImageByURL/MIC_112002000003000035001.jpeg,,,Bengaluru Urban,Bengaluru Urban,525,99999- Area Not Under Any Sub-district,9999,BBMP,276600,wbc-2017-18
1/12/002/000003/000035/002,5948717,568062,KA,BANGALORE URBAN,BANGALORE SOUTH,MYLASANDRA,02,Tank,12.8513889,77.6166667,Rural,2022-05-02,2,Panchayat,,No,Natural,,4,0,No,https://mi6census.mowr.gov.in/mic/getWaterBodyImageByURL/MIC_112002000003000035002.jpeg,,,Bengaluru Urban,Bengaluru Urban,525,Bengaluru South,5543,Mylasandra,613058,wbc-2017-18
1/12/002/000003/000036/001,5948721,568019,KA,BANGALORE URBAN,BANGALORE SOUTH,HOMMADEVANAHALLI,02,Tank,12.84,77.6177778,Rural,2022-05-02,1,Panchayat,,No,Natural,,4,0,No,https://mi6census.mowr.gov.in/mic/getWaterBodyImageByURL/MIC_112002000003000036001.jpeg,,,Bengaluru Urban,Bengaluru Urban,525,Bengaluru South,5543,Mylasandra,613058,wbc-2017-18
1/12/002/000003/000036/002,5948722,568017,KA,BANGALORE URBAN,BANGALORE SOUTH,HOMMADEVANAHALLI,02,Tank,12.8380556,77.6077778,Rural,2022-05-02,2,Panchayat,,No,Natural,1,4,0,No,https://mi6census.mowr.gov.in/mic/getWaterBodyImageByURL/MIC_112002000003000036002.jpeg,,,Bengaluru Urban,Bengaluru Urban,525,Bengaluru South,5543,Hommadevanahalli,613059,wbc-2017-18
1/12/002/000003/000036/003,5948723,568018,KA,BANGALORE URBAN,BANGALORE SOUTH,HOMMADEVANAHALLI,02,Tank,12.8336111,77.6063889,Rural,2022-05-02,3,Panchayat,,No,Natural,,4,0,No,https://mi6census.mowr.gov.in/mic/getWaterBodyImageByURL/MIC_112002000003000036003.jpeg,,,Bengaluru Urban,Bengaluru Urban,525,Bengaluru South,5543,Hommadevanahalli,613059,wbc-2017-18
1/12/002/000003/000041/001,5958764,568010,KA,BANGALORE URBAN,BANGALORE SOUTH,GANGENAHALLI,02,Tank,12.9755556,77.3922222,Rural,2022-05-06,1,Panchayat,,No,Natural,,4,0,No,https://mi6census.mowr.gov.in/mic/getWaterBodyImageByURL/MIC_112002000003000041001.jpeg,,,Bengaluru Urban,Bengaluru Urban,525,Bengaluru South,5543,Gangenahalli,612962,wbc-2017-18
1/12/002/000003/000041/002,5958765,568007,KA,BANGALORE URBAN,BANGALORE SOUTH,GANGENAHALLI,02,Tank,12.975,77.4041667,Rural,2022-05-06,2,Panchayat,,No,Natural,,4,0,No,https://mi6census.mowr.gov.in/mic/getWaterBodyImageByURL/MIC_112002000003000041002.jpeg,,,Bengaluru Urban,Bengaluru Urban,525,Bengaluru South,5543,Kurubarahalli,612967,wbc-2017-18
1/12/002/000003/000041/003,5958766,568008,KA,BANGALORE URBAN,BANGALORE SOUTH,GANGENAHALLI,02,Tank,12.9783333,77.39,Rural,2022-05-06,3,Panchayat,,No,Natural,,4,0,No,https://mi6census.mowr.gov.in/mic/getWaterBodyImageByURL/MIC_112002000003000041003.jpeg,,,Bengaluru Urban,Bengaluru Urban,525,Bengaluru South,5543,Gangenahalli,612962,wbc-2017-18
1/12/002/000003/000041/004,5958767,568009,KA,BANGALORE URBAN,BANGALORE SOUTH,GANGENAHALLI,02,Tank,12.9833333,77.3836111,Rural,2022-05-06,4,Panchayat,,No,Natural,,4,0,No,https://mi6census.mowr.gov.in/mic/getWaterBodyImageByURL/MIC_112002000003000041004.jpeg,,,Bengaluru Urban,Bengaluru Urban,525,Bengaluru South,5543,Gangenahalli,612962,wbc-2017-18
1/12/002/000003/000041/005,5958768,568006,KA,BANGALORE URBAN,BANGALORE SOUTH,GANGENAHALLI,02,Tank,12.9891667,77.3863889,Rural,2022-05-06,5,Panchayat,,No,Natural,,4,0,No,https://mi6census.mowr.gov.in/mic/getWaterBodyImageByURL/MIC_112002000003000041005.jpeg,,,Bengaluru Urban,Bengaluru Urban,525,Bengaluru South,5543,Gangenahalli,612962,wbc-2017-18
1/12/002/000003/000043/001,5948771,568020,KA,BANGALORE URBAN,BANGALORE SOUTH,HONNIGANAHATTI,02,Tank,12.9819444,77.4155556,Rural,2022-05-03,1,Panchayat,,No,Natural,,4,0,No,https://mi6census.mowr.gov.in/mic/getWaterBodyImageByURL/MIC_112002000003000043001.jpeg,,,Bengaluru Urban,Bengaluru Urban,525,Bengaluru South,5543,Kurubarahalli,612967,wbc-2017-18
1/12/002/000003/000043/002,5948776,568021,KA,BANGALORE URBAN,BANGALORE SOUTH,HONNIGANAHATTI,02,Tank,12.9933333,77.4177778,Rural,2022-05-03,2,Panchayat,,No,Natural,,4,0,No,https://mi6census.mowr.gov.in/mic/getWaterBodyImageByURL/MIC_112002000003000043002.jpeg,,,Bengaluru Urban,Bengaluru Urban,525,Bengaluru North,5542,Giddenahalli,612812,wbc-2017-18
1/12/002/000003/000044/001,5948784,567974,KA,BANGALORE URBAN,BANGALORE SOUTH,CHANNENAHALLI,02,Tank,12.9766667,77.425,Rural,2022-05-03,1,Panchayat,,No,Natural,,4,0,No,https://mi6census.mowr.gov.in/mic/getWaterBodyImageByURL/MIC_112002000003000044001.jpeg,,,Bengaluru Urban,Bengaluru Urban,525,Bengaluru South,5543,Honniganahatti,612965,wbc-2017-18
1/12/002/000003/000044/002,5948785,567975,KA,BANGALORE URBAN,BANGALORE SOUTH,CHANNENAHALLI,02,Tank,12.9775,77.4294444,Rural,2022-05-03,2,Panchayat,,No,Natural,,4,0,No,https://mi6census.mowr.gov.in/mic/getWaterBodyImageByURL/MIC_112002000003000044002.jpeg,,,Bengaluru Urban,Bengaluru Urban,525,Bengaluru South,5543,Channenahalli,612966,wbc-2017-18
1/12/002/000003/000045/001,5948769,568048,KA,BANGALORE URBAN,BANGALORE SOUTH,KURUBARAHALLI,02,Tank,12.9702778,77.4075,Rural,2022-05-03,1,Panchayat,,No,Natural,,4,0,No,https://mi6census.mowr.gov.in/mic/getWaterBodyImageByURL/MIC_112002000003000045001.jpeg,,,Bengaluru Urban,Bengaluru Urban,525,Bengaluru South,5543,Kurubarahalli,612967,wbc-2017-18
1/12/002/000003/000045/002,5953669,568045,KA,BANGALORE URBAN,BANGALORE SOUTH,KURUBARAHALLI,02,Tank,12.9691667,77.4061111,Rural,2022-05-04,2,Panchayat,,No,Natural,,4,0,No,https://mi6census.mowr.gov.in/mic/getWaterBodyImageByURL/MIC_112002000003000045002.jpeg,,,Bengaluru Urban,Bengaluru Urban,525,Bengaluru South,5543,Kurubarahalli,612967,wbc-2017-18
1/12/002/000003/000045/003,5953673,568047,KA,BANGALORE URBAN,BANGALORE SOUTH,KURUBARAHALLI,02,Tank,12.96,77.4163889,Rural,2022-05-04,3,Panchayat,,No,Natural,,4,0,No,https://mi6census.mowr.gov.in/mic/getWaterBodyImageByURL/MIC_112002000003000045003.jpeg,,,Bengaluru Urban,Bengaluru Urban,525,Bengaluru South,5543,Kurubarahalli,612967,wbc-2017-18
1/12/002/000003/000045/004,5953683,568044,KA,BANGALORE URBAN,BANGALORE SOUTH,KURUBARAHALLI,02,Tank,12.9688889,77.4161111,Rural,2022-05-04,4,Panchayat,,No,Natural,,4,0,No,https://mi6census.mowr.gov.in/mic/getWaterBodyImageByURL/MIC_112002000003000045004.jpeg,,,Bengaluru Urban,Bengaluru Urban,525,Bengaluru South,5543,Kurubarahalli,612967,wbc-2017-18
1/12/002/000003/000045/005,5953687,568046,KA,BANGALORE URBAN,BANGALORE SOUTH,KURUBARAHALLI,02,Tank,12.9675,77.4044444,Rural,2022-05-04,5,Panchayat,,No,Natural,,4,0,No,https://mi6census.mowr.gov.in/mic/getWaterBodyImageByURL/MIC_112002000003000045005.jpeg,,,Bengaluru Urban,Bengaluru Urban,525,Bengaluru South,5543,Tavarekere,612979,wbc-2017-18
1/12/002/000003/000046/001,5953709,567972,KA,BANGALORE URBAN,BANGALORE SOUTH,BYCHAGUPPE,02,Tank,12.9697222,77.4,Rural,2022-05-04,1,Panchayat,,No,Natural,,4,0,No,https://mi6census.mowr.gov.in/mic/getWaterBodyImageByURL/MIC_112002000003000046001.jpeg,,,Bengaluru Urban,Bengaluru Urban,525,Bengaluru South,5543,Tavarekere,612979,wbc-2017-18
1/12/002/000003/000046/002,5958586,567973,KA,BANGALORE URBAN,BANGALORE SOUTH,BYCHAGUPPE,02,Tank,12.9658333,77.3894444,Rural,2022-05-04,2,Panchayat,,No,Natural,,4,0,No,https://mi6census.mowr.gov.in/mic/getWaterBodyImageByURL/MIC_112002000003000046002.jpeg,,,Bengaluru Urban,Bengaluru Urban,525,Bengaluru South,5543,Bychaguppe,612968,wbc-2017-18
1/12/002/000003/000046/003,5958593,567971,KA,BANGALORE URBAN,BANGALORE SOUTH,BYCHAGUPPE,02,Tank,12.9811111,77.3997222,Rural,2022-05-04,3,Panchayat,,No,Natural,,4,0,No,https://mi6census.mowr.gov.in/mic/getWaterBodyImageByURL/MIC_112002000003000046003.jpeg,,,Bengaluru Urban,Bengaluru Urban,525,Bengaluru South,5543,Gangenahalli,612962,wbc-2017-18
1/12/002/000003/000046/004,5958599,567969,KA,BANGALORE URBAN,BANGALORE SOUTH,BYCHAGUPPE,02,Tank,12.9811111,77.3997222,Rural,2022-05-04,4,Panchayat,,No,Natural,,4,0,No,https://mi6census.mowr.gov.in/mic/getWaterBodyImageByURL/MIC_112002000003000046004.jpeg,,,Bengaluru Urban,Bengaluru Urban,525,Bengaluru South,5543,Gangenahalli,612962,wbc-2017-18
1/12/002/000003/000046/005,5958601,567970,KA,BANGALORE URBAN,BANGALORE SOUTH,BYCHAGUPPE,02,Tank,12.9916667,77.3902778,Rural,2022-05-04,5,Panchayat,,No,Natural,,4,0,No,https://mi6census.mowr.gov.in/mic/getWaterBodyImageByURL/MIC_112002000003000046005.jpeg,,,Bengaluru Urban,Bengaluru Urban,525,Bengaluru South,5543,Gangenahalli,612962,wbc-2017-18
1/12/002/000003/000047/001,5953691,567991,KA,BANGALORE URBAN,BANGALORE SOUTH,DEVAMACHAHALLI NARAYANAPURA,02,Tank,12.9661111,77.3744444,Rural,2022-05-04,1,Panchayat,,No,Natural,,4,0,No,https://mi6census.mowr.gov.in/mic/getWaterBodyImageByURL/MIC_112002000003000047001.jpeg,,,Bengaluru Urban,Bengaluru Urban,525,Bengaluru South,5543,Devamachohalli,612970,wbc-2017-18
1/12/002/000003/000047/002,5958763,567992,KA,BANGALORE URBAN,BANGALORE SOUTH,DEVAMACHAHALLI NARAYANAPURA,02,Tank,12.9669444,77.3797222,Rural,2022-05-06,2,Panchayat,,No,Natural,,4,0,No,https://mi6census.mowr.gov.in/mic/getWaterBodyImageByURL/MIC_112002000003000047002.jpeg,,,Bengaluru Urban,Bengaluru Urban,525,Bengaluru South,5543,Devamachohalli,612970,wbc-2017-18
1/12/002/000003/000048/001,5953692,567993,KA,BANGALORE URBAN,BANGALORE SOUTH,DEVAMACHOHALLI,02,Tank,12.9661111,77.3744444,Rural,2022-05-04,1,Panchayat,,No,Natural,,4,0,No,https://mi6census.mowr.gov.in/mic/getWaterBodyImageByURL/MIC_112002000003000048001.jpeg,,,Bengaluru Urban,Bengaluru Urban,525,Bengaluru South,5543,Devamachohalli,612970,wbc-2017-18
1/12/002/000003/000048/002,5953695,567994,KA,BANGALORE URBAN,BANGALORE SOUTH,DEVAMACHOHALLI,02,Tank,12.9627778,77.3775,Rural,2022-05-04,2,Panchayat,,No,Natural,,4,0,No,https://mi6census.mowr.gov.in/mic/getWaterBodyImageByURL/MIC_112002000003000048002.jpeg,,,Bengaluru Urban,Bengaluru Urban,525,Bengaluru South,5543,Devamachohalli,612970,wbc-2017-18
1/12/002/000003/000050/001,5948798,568005,KA,BANGALORE URBAN,BANGALORE SOUTH,GANGAPPANAHALLI,02,Tank,12.9608333,77.3530556,Rural,2022-05-03,1,Panchayat,,No,Natural,,4,0,No,https://mi6census.mowr.gov.in/mic/getWaterBodyImageByURL/MIC_112002000003000050001.jpeg,,,Bengaluru Urban,Bengaluru Urban,525,Bengaluru South,5543,Gangappanahalli,612972,wbc-2017-18
1/12/002/000003/000051/001,5948790,568099,KA,BANGALORE URBAN,BANGALORE SOUTH,THIPPAGONDANAHALLI,02,Tank,12.9533333,77.3347222,Rural,2022-05-03,1,Panchayat,,No,Natural,,4,0,No,https://mi6census.mowr.gov.in/mic/getWaterBodyImageByURL/MIC_112002000003000051001.jpeg,,,Bengaluru Urban,Bengaluru Urban,525,Bengaluru South,5543,Thippagondanahalli,612973,wbc-2017-18
1/12/002/000003/000053/001,5953682,568049,KA,BANGALORE URBAN,BANGALORE SOUTH,MADAPATNA,02,Tank,12.9277778,77.3580556,Rural,2022-05-04,1,Panchayat,,No,Natural,,4,0,No,https://mi6census.mowr.gov.in/mic/getWaterBodyImageByURL/MIC_112002000003000053001.jpeg,,,Bengaluru Urban,Bengaluru Urban,525,Bengaluru South,5543,Madapatna,612975,wbc-2017-18
1/12/002/000003/000054/001,5948786,567988,KA,BANGALORE URBAN,BANGALORE SOUTH,CHOLANAIKANAHALLI,02,Tank,12.9580556,77.3641667,Rural,2022-05-03,1,Panchayat,,No,Natural,,4,0,No,https://mi6census.mowr.gov.in/mic/getWaterBodyImageByURL/MIC_112002000003000054001.jpeg,,,Bengaluru Urban,Bengaluru Urban,525,Bengaluru South,5543,Cholanaikanahalli,612976,wbc-2017-18
1/12/002/000003/000054/002,5948787,567986,KA,BANGALORE URBAN,BANGALORE SOUTH,CHOLANAIKANAHALLI,02,Tank,12.9575,77.3605556,Rural,2022-05-03,2,Panchayat,,No,Natural,,4,0,No,https://mi6census.mowr.gov.in/mic/getWaterBodyImageByURL/MIC_112002000003000054002.jpeg,,,Bengaluru Urban,Bengaluru Urban,525,Bengaluru South,5543,Cholanaikanahalli,612976,wbc-2017-18
1/12/002/000003/000054/003,5948788,567985,KA,BANGALORE URBAN,BANGALORE SOUTH,CHOLANAIKANAHALLI,02,Tank,12.9586111,77.3508333,Rural,2022-05-03,3,Panchayat,,No,Natural,,4,0,No,https://mi6census.mowr.gov.in/mic/getWaterBodyImageByURL/MIC_112002000003000054003.jpeg,,,Bengaluru Urban,Bengaluru Urban,525,Bengaluru South,5543,Gangappanahalli,612972,wbc-2017-18
1/12/002/000003/000054/004,5948789,567987,KA,BANGALORE URBAN,BANGALORE SOUTH,CHOLANAIKANAHALLI,02,Tank,12.9436111,77.3569444,Rural,2022-05-03,4,Panchayat,,No,Natural,,4,0,No,https://mi6census.mowr.gov.in/mic/getWaterBodyImageByURL/MIC_112002000003000054004.jpeg,,,Bengaluru Urban,Bengaluru Urban,525,Bengaluru South,5543,Cholanaikanahalli,612976,wbc-2017-18
1/12/002/000003/000055/001,5953703,568011,KA,BANGALORE URBAN,BANGALORE SOUTH,GANUKAL,02,Tank,12.9575,77.3780556,Rural,2022-05-04,1,Panchayat,,No,Natural,,4,0,No,https://mi6census.mowr.gov.in/mic/getWaterBodyImageByURL/MIC_112002000003000055001.jpeg,,,Bengaluru Urban,Bengaluru Urban,525,Bengaluru South,5543,Ganukal,612977,wbc-2017-18
1/12/002/000003/000056/001,5953707,568068,KA,BANGALORE URBAN,BANGALORE SOUTH,PEDDANAPALYA,02,Tank,12.9697222,77.4,Rural,2022-05-04,1,Panchayat,,No,Natural,,4,0,No,https://mi6census.mowr.gov.in/mic/getWaterBodyImageByURL/MIC_112002000003000056001.jpeg,,,Bengaluru Urban,Bengaluru Urban,525,Bengaluru South,5543,Tavarekere,612979,wbc-2017-18
1/12/002/000003/000057/001,5948695,568089,KA,BANGALORE URBAN,BANGALORE SOUTH,TAVAREKERE,02,Tank,12.9638889,77.3941667,Rural,2022-05-02,1,Panchayat,,No,Natural,,4,0,No,https://mi6census.mowr.gov.in/mic/getWaterBodyImageByURL/MIC_112002000003000057001.jpeg,,,Bengaluru Urban,Bengaluru Urban,525,Bengaluru South,5543,Tavarekere,612979,wbc-2017-18
1/12/002/000003/000057/002,5948696,568088,KA,BANGALORE URBAN,BANGALORE SOUTH,TAVAREKERE,02,Tank,12.9522222,77.3933333,Rural,2022-05-02,2,Panchayat,,No,Natural,,4,0,No,https://mi6census.mowr.gov.in/mic/getWaterBodyImageByURL/MIC_112002000003000057002.jpeg,,,Bengaluru Urban,Bengaluru Urban,525,Bengaluru South,5543,Tavarekere,612979,wbc-2017-18
1/12/002/000003/000057/003,5948697,568086,KA,BANGALORE URBAN,BANGALORE SOUTH,TAVAREKERE,02,Tank,12.94,77.4011111,Rural,2022-05-02,3,Panchayat,,No,Natural,,4,0,No,https://mi6census.mowr.gov.in/mic/getWaterBodyImageByURL/MIC_112002000003000057003.jpeg,,,Bengaluru Urban,Bengaluru Urban,525,Bengaluru South,5543,Tavarekere,612979,wbc-2017-18
1/12/002/000003/000057/004,5948698,568085,KA,BANGALORE URBAN,BANGALORE SOUTH,TAVAREKERE,02,Tank,12.9561111,77.4038889,Rural,2022-05-02,4,Panchayat,,No,Natural,,4,0,No,https://mi6census.mowr.gov.in/mic/getWaterBodyImageByURL/MIC_112002000003000057004.jpeg,,,Bengaluru Urban,Bengaluru Urban,525,Bengaluru South,5543,Tavarekere,612979,wbc-2017-18
1/12/002/000003/000057/005,5948699,568087,KA,BANGALORE URBAN,BANGALORE SOUTH,TAVAREKERE,02,Tank,12.9588889,77.3975,Rural,2022-05-02,5,Panchayat,,No,Natural,,4,0,No,https://mi6census.mowr.gov.in/mic/getWaterBodyImageByURL/MIC_112002000003000057005.jpeg,,,Bengaluru Urban,Bengaluru Urban,525,Bengaluru South,5543,Tavarekere,612979,wbc-2017-18
1/12/002/000003/000057/006,5948700,568090,KA,BANGALORE URBAN,BANGALORE SOUTH,TAVAREKERE,02,Tank,12.9666667,77.4,Rural,2022-05-02,6,Panchayat,,No,Natural,,4,0,No,https://mi6census.mowr.gov.in/mic/getWaterBodyImageByURL/MIC_112002000003000057006.jpeg,,,Bengaluru Urban,Bengaluru Urban,525,Bengaluru South,5543,Tavarekere,612979,wbc-2017-18
1/12/002/000003/000057/007,5948701,568091,KA,BANGALORE URBAN,BANGALORE SOUTH,TAVAREKERE,02,Tank,12.9741667,77.3941667,Rural,2022-05-02,7,Panchayat,,No,Natural,,4,0,No,https://mi6census.mowr.gov.in/mic/getWaterBodyImageByURL/MIC_112002000003000057007.jpeg,,,Bengaluru Urban,Bengaluru Urban,525,Bengaluru South,5543,Bychaguppe,612968,wbc-2017-18
1/12/002/000003/000058/001,5948782,568105,KA,BANGALORE URBAN,BANGALORE SOUTH,YALACHAGUPPE RAMAPURA,02,Tank,12.9655556,77.4233333,Rural,2022-05-03,1,Panchayat,,No,Natural,,4,0,No,https://mi6census.mowr.gov.in/mic/getWaterBodyImageByURL/MIC_112002000003000058001.jpeg,,,Bengaluru Urban,Bengaluru Urban,525,Bengaluru South,5543,Yelachaguppe,612981,wbc-2017-18
1/12/002/000003/000059/001,5948781,568108,KA,BANGALORE URBAN,BANGALORE SOUTH,YELACHAGUPPE,01,Pond,12.9605556,77.4244444,Rural,2022-05-03,,State WRD/State Irrigation,,No,Natural,,4,0,No,https://mi6census.mowr.gov.in/mic/getWaterBodyImageByURL/MIC_112002000003000059001.jpeg,,,Bengaluru Urban,Bengaluru Urban,525,Bengaluru South,5543,Yelachaguppe,612981,wbc-2017-18
1/12/002/000003/000059/002,5948783,568106,KA,BANGALORE URBAN,BANGALORE SOUTH,YELACHAGUPPE,01,Pond,12.9644444,77.4208333,Rural,2022-05-03,,State WRD/State Irrigation,,No,Natural,,4,0,No,https://mi6census.mowr.gov.in/mic/getWaterBodyImageByURL/MIC_112002000003000059002.jpeg,,,Bengaluru Urban,Bengaluru Urban,525,Bengaluru South,5543,Yelachaguppe,612981,wbc-2017-18
1/12/002/000003/000059/003,5953680,568107,KA,BANGALORE URBAN,BANGALORE SOUTH,YELACHAGUPPE,01,Pond,12.9580556,77.4172222,Rural,2022-05-04,,State WRD/State Irrigation,,No,Natural,,4,0,No,https://mi6census.mowr.gov.in/mic/getWaterBodyImageByURL/MIC_112002000003000059003.jpeg,,,Bengaluru Urban,Bengaluru Urban,525,Bengaluru South,5543,Kurubarahalli,612967,wbc-2017-18
1/12/002/000003/000060/001,5948742,568071,KA,BANGALORE URBAN,BANGALORE SOUTH,PURADAPALYA,02,Tank,12.9472222,77.3694444,Rural,2022-05-02,1,Panchayat,,No,Natural,,4,0,No,https://mi6census.mowr.gov.in/mic/getWaterBodyImageByURL/MIC_112002000003000060001.jpeg,,,Bengaluru Urban,Bengaluru Urban,525,Bengaluru South,5543,Puradapalya,612982,wbc-2017-18
1/12/002/000003/000061/001,5948739,567996,KA,BANGALORE URBAN,BANGALORE SOUTH,DODDAMARANAHALLI,02,Tank,12.9288889,77.3816667,Rural,2022-05-02,1,Panchayat,,No,Natural,,4,0,No,https://mi6census.mowr.gov.in/mic/getWaterBodyImageByURL/MIC_112002000003000061001.jpeg,,,Bengaluru Urban,Bengaluru Urban,525,Bengaluru South,5543,Doddamaranahalli,612983,wbc-2017-18
1/12/002/000003/000061/002,5948740,567995,KA,BANGALORE URBAN,BANGALORE SOUTH,DODDAMARANAHALLI,02,Tank,12.9216667,77.3691667,Rural,2022-05-02,2,Panchayat,,No,Natural,,4,0,No,https://mi6census.mowr.gov.in/mic/getWaterBodyImageByURL/MIC_112002000003000061002.jpeg,,,Bengaluru Urban,Bengaluru Urban,525,Bengaluru South,5543,Ajjanahalli,612984,wbc-2017-18
1/12/002/000003/000062/001,5953671,567964,KA,BANGALORE URBAN,BANGALORE SOUTH,AJJANAHALLI,02,Tank,12.9147222,77.3894444,Rural,2022-05-04,1,Panchayat,,No,Natural,,4,0,No,https://mi6census.mowr.gov.in/mic/getWaterBodyImageByURL/MIC_112002000003000062001.jpeg,,,Bengaluru Urban,Bengaluru Urban,525,Bengaluru South,5543,Ajjanahalli,612984,wbc-2017-18
1/12/002/000003/000062/002,5953674,567963,KA,BANGALORE URBAN,BANGALORE SOUTH,AJJANAHALLI,02,Tank,12.9105556,77.3833333,Rural,2022-05-04,2,Panchayat,,No,Natural,,4,0,No,https://mi6census.mowr.gov.in/mic/getWaterBodyImageByURL/MIC_112002000003000062002.jpeg,,,Bengaluru Urban,Bengaluru Urban,525,Bengaluru South,5543,Chunchanakuppe,612993,wbc-2017-18
1/12/002/000003/000063/001,5953677,568025,KA,BANGALORE URBAN,BANGALORE SOUTH,HULUVENAHALLI,02,Tank,12.9283333,77.3619444,Rural,2022-05-04,1,Panchayat,,No,Natural,,4,0,No,https://mi6census.mowr.gov.in/mic/getWaterBodyImageByURL/MIC_112002000003000063001.jpeg,,,Bengaluru Urban,Bengaluru Urban,525,Bengaluru South,5543,Huluvenahalli,612985,wbc-2017-18
1/12/002/000003/000063/002,5953678,568024,KA,BANGALORE URBAN,BANGALORE SOUTH,HULUVENAHALLI,02,Tank,12.9194444,77.3672222,Rural,2022-05-04,2,Panchayat,,No,Natural,,4,0,No,https://mi6census.mowr.gov.in/mic/getWaterBodyImageByURL/MIC_112002000003000063002.jpeg,,,Bengaluru Urban,Bengaluru Urban,525,Bengaluru South,5543,Huluvenahalli,612985,wbc-2017-18
1/12/002/000003/000063/003,5953679,568023,KA,BANGALORE URBAN,BANGALORE SOUTH,HULUVENAHALLI,02,Tank,12.9216667,77.37,Rural,2022-05-04,3,Panchayat,,No,Natural,,4,0,No,https://mi6census.mowr.gov.in/mic/getWaterBodyImageByURL/MIC_112002000003000063003.jpeg,,,Bengaluru Urban,Bengaluru Urban,525,Bengaluru South,5543,Ajjanahalli,612984,wbc-2017-18
1/12/002/000003/000063/004,5953681,568022,KA,BANGALORE URBAN,BANGALORE SOUTH,HULUVENAHALLI,02,Tank,12.9283333,77.3619444,Rural,2022-05-04,4,Panchayat,,No,Natural,,4,0,No,https://mi6census.mowr.gov.in/mic/getWaterBodyImageByURL/MIC_112002000003000063004.jpeg,,,Bengaluru Urban,Bengaluru Urban,525,Bengaluru South,5543,Huluvenahalli,612985,wbc-2017-18
1/12/002/000003/000064/001,5948750,568081,KA,BANGALORE URBAN,BANGALORE SOUTH,SULIVARA,02,Tank,12.8958333,77.3591667,Rural,2022-05-02,1,Panchayat,,No,Natural,,4,0,No,https://mi6census.mowr.gov.in/mic/getWaterBodyImageByURL/MIC_112002000003000064001.jpeg,,,Bengaluru Urban,Bengaluru Urban,525,Bengaluru South,5543,Sulivara,612986,wbc-2017-18
1/12/002/000003/000064/002,5948751,568084,KA,BANGALORE URBAN,BANGALORE SOUTH,SULIVARA,02,Tank,12.8888889,77.3591667,Rural,2022-05-02,2,Panchayat,,No,Natural,,4,0,No,https://mi6census.mowr.gov.in/mic/getWaterBodyImageByURL/MIC_112002000003000064002.jpeg,,,Bengaluru Urban,Bengaluru Urban,525,Bengaluru South,5543,Sulivara,612986,wbc-2017-18
1/12/002/000003/000064/003,5948753,568082,KA,BANGALORE URBAN,BANGALORE SOUTH,SULIVARA,02,Tank,12.9013889,77.3661111,Rural,2022-05-02,3,Panchayat,,No,Natural,,4,0,No,https://mi6census.mowr.gov.in/mic/getWaterBodyImageByURL/MIC_112002000003000064003.jpeg,,,Bengaluru Urban,Bengaluru Urban,525,Bengaluru South,5543,Byalalu,612992,wbc-2017-18
1/12/002/000003/000064/004,5948754,568083,KA,BANGALORE URBAN,BANGALORE SOUTH,SULIVARA,02,Tank,12.9066667,77.3647222,Rural,2022-05-02,4,Panchayat,,No,Natural,,4,0,No,https://mi6census.mowr.gov.in/mic/getWaterBodyImageByURL/MIC_112002000003000064004.jpeg,,,Bengaluru Urban,Bengaluru Urban,525,Bengaluru South,5543,Sulivara,612986,wbc-2017-18
1/12/002/000003/000066/001,5958673,567978,KA,BANGALORE URBAN,BANGALORE SOUTH,CHIKKANAHALLI,02,Tank,12.8916667,77.3616667,Rural,2022-05-05,1,Panchayat,,No,Natural,,4,0,No,https://mi6census.mowr.gov.in/mic/getWaterBodyImageByURL/MIC_112002000003000066001.jpeg,,,Bengaluru Urban,Bengaluru Urban,525,Bengaluru South,5543,Sulivara,612986,wbc-2017-18
1/12/002/000003/000066/002,5958701,567976,KA,BANGALORE URBAN,BANGALORE SOUTH,CHIKKANAHALLI,02,Tank,12.8916667,77.3616667,Rural,2022-05-05,2,Panchayat,,No,Natural,,4,0,No,https://mi6census.mowr.gov.in/mic/getWaterBodyImageByURL/MIC_112002000003000066002.jpeg,,,Bengaluru Urban,Bengaluru Urban,525,Bengaluru South,5543,Sulivara,612986,wbc-2017-18
1/12/002/000003/000066/003,5958708,567977,KA,BANGALORE URBAN,BANGALORE SOUTH,CHIKKANAHALLI,02,Tank,12.8872222,77.3511111,Rural,2022-05-05,3,Panchayat,,No,Natural,,4,0,No,https://mi6census.mowr.gov.in/mic/getWaterBodyImageByURL/MIC_112002000003000066003.jpeg,,,Bengaluru Urban,Bengaluru Urban,525,Bengaluru South,5543,Chikkanahalli,612988,wbc-2017-18
1/12/002/000003/000066/004,5958709,567981,KA,BANGALORE URBAN,BANGALORE SOUTH,CHIKKANAHALLI,02,Tank,12.8916667,77.3616667,Rural,2022-05-05,4,Panchayat,,No,Natural,,4,0,No,https://mi6census.mowr.gov.in/mic/getWaterBodyImageByURL/MIC_112002000003000066004.jpeg,,,Bengaluru Urban,Bengaluru Urban,525,Bengaluru South,5543,Sulivara,612986,wbc-2017-18
1/12/002/000003/000066/005,5958711,567980,KA,BANGALORE URBAN,BANGALORE SOUTH,CHIKKANAHALLI,02,Tank,12.8441667,77.3866667,Rural,2022-05-05,5,Co-operative,,No,Natural,,4,0,No,https://mi6census.mowr.gov.in/mic/getWaterBodyImageByURL/MIC_112002000003000066005.jpeg,,,Ramanagara,Bengaluru Urban,631,Ramanagara,5606,Bannikuppe,626101,wbc-2017-18
1/12/002/000003/000066/006,5958719,567979,KA,BANGALORE URBAN,BANGALORE SOUTH,CHIKKANAHALLI,02,Tank,12.8694444,77.35,Rural,2022-05-05,6,Panchayat,,No,Natural,,4,0,No,https://mi6census.mowr.gov.in/mic/getWaterBodyImageByURL/MIC_112002000003000066006.jpeg,,,Ramanagara,Bengaluru Urban,631,Ramanagara,5606,Kempadyapanahalli,626098,wbc-2017-18
1/12/002/000003/000067/001,5948674,568103,KA,BANGALORE URBAN,BANGALORE SOUTH,VADAHALLI,02,Tank,12.8363889,77.5302778,Rural,2022-04-30,1,Panchayat,,No,Natural,,4,0,No,https://mi6census.mowr.gov.in/mic/getWaterBodyImageByURL/MIC_112002000003000067001.jpeg,,,Bengaluru Urban,Bengaluru Urban,525,Bengaluru South,5543,Badamanavarthekaval,613036,wbc-2017-18
1/12/002/000003/000067/002,5948676,568104,KA,BANGALORE URBAN,BANGALORE SOUTH,VADAHALLI,02,Tank,12.8405556,77.5186111,Rural,2022-04-30,2,Panchayat,,No,Natural,,4,0,No,https://mi6census.mowr.gov.in/mic/getWaterBodyImageByURL/MIC_112002000003000067002.jpeg,,,Bengaluru Urban,Bengaluru Urban,525,Bengaluru South,5543,Badamanavarthekaval,613036,wbc-2017-18
1/12/002/000003/000069/001,5948747,568002,KA,BANGALORE URBAN,BANGALORE SOUTH,DONNENAHALLI,02,Tank,12.8847222,77.3755556,Rural,2022-05-02,1,Panchayat,,No,Natural,,4,0,No,https://mi6census.mowr.gov.in/mic/getWaterBodyImageByURL/MIC_112002000003000069001.jpeg,,,Bengaluru Urban,Bengaluru Urban,525,Bengaluru South,5543,Donnenahalli,612991,wbc-2017-18
1/12/002/000003/000069/002,5948748,568003,KA,BANGALORE URBAN,BANGALORE SOUTH,DONNENAHALLI,02,Tank,12.8883333,77.3744444,Rural,2022-05-02,2,Panchayat,,No,Natural,,4,0,No,https://mi6census.mowr.gov.in/mic/getWaterBodyImageByURL/MIC_112002000003000069002.jpeg,,,Bengaluru Urban,Bengaluru Urban,525,Bengaluru South,5543,Byalalu,612992,wbc-2017-18
1/12/002/000003/000070/001,5948744,567967,KA,BANGALORE URBAN,BANGALORE SOUTH,BYALALU,02,Tank,12.8936111,77.3880556,Rural,2022-05-02,1,Panchayat,,No,Natural,,4,0,No,https://mi6census.mowr.gov.in/mic/getWaterBodyImageByURL/MIC_112002000003000070001.jpeg,,,Bengaluru Urban,Bengaluru Urban,525,Bengaluru South,5543,Chunchanakuppe,612993,wbc-2017-18
1/12/002/000003/000070/002,5948746,567968,KA,BANGALORE URBAN,BANGALORE SOUTH,BYALALU,02,Tank,12.8891667,77.3788889,Rural,2022-05-02,2,Panchayat,,No,Natural,,4,0,No,https://mi6census.mowr.gov.in/mic/getWaterBodyImageByURL/MIC_112002000003000070002.jpeg,,,Bengaluru Urban,Bengaluru Urban,525,Bengaluru South,5543,Chunchanakuppe,612993,wbc-2017-18
1/12/002/000003/000071/001,5948738,567989,KA,BANGALORE URBAN,BANGALORE SOUTH,CHUNCHANAKUPPE,02,Tank,12.8925,77.3925,Rural,2022-05-02,1,Panchayat,,No,Natural,,4,0,No,https://mi6census.mowr.gov.in/mic/getWaterBodyImageByURL/MIC_112002000003000071001.jpeg,,,Bengaluru Urban,Bengaluru Urban,525,Bengaluru South,5543,Chunchanakuppe,612993,wbc-2017-18
1/12/002/000003/000072/001,5948737,568004,KA,BANGALORE URBAN,BANGALORE SOUTH,GANAPATHIHALLI,02,Tank,12.9022222,77.4125,Rural,2022-05-02,1,Panchayat,,No,Natural,,4,0,No,https://mi6census.mowr.gov.in/mic/getWaterBodyImageByURL/MIC_112002000003000072001.jpeg,,,Bengaluru Urban,Bengaluru Urban,525,Bengaluru South,5543,Ramohalli,613016,wbc-2017-18
1/12/002/000003/000074/001,5948735,568070,KA,BANGALORE URBAN,BANGALORE SOUTH,PUNAGUMARANAHALLI,02,Tank,12.9072222,77.4166667,Rural,2022-05-02,1,Co-operative,,No,Natural,,4,0,No,https://mi6census.mowr.gov.in/mic/getWaterBodyImageByURL/MIC_112002000003000074001.jpeg,,,Bengaluru Urban,Bengaluru Urban,525,Bengaluru South,5543,Ramohalli,613016,wbc-2017-18
1/12/002/000003/000074/002,5948736,568069,KA,BANGALORE URBAN,BANGALORE SOUTH,PUNAGUMARANAHALLI,02,Tank,12.9125,77.4061111,Rural,2022-05-02,2,Panchayat,,No,Natural,,4,0,No,https://mi6census.mowr.gov.in/mic/getWaterBodyImageByURL/MIC_112002000003000074002.jpeg,,,Bengaluru Urban,Bengaluru Urban,525,Bengaluru South,5543,Punagumaranahalli,612997,wbc-2017-18
1/12/002/000003/000075/001,5948733,568035,KA,BANGALORE URBAN,BANGALORE SOUTH,KETHOHALLI,02,Tank,12.9075,77.4083333,Rural,2022-05-02,1,Panchayat,,No,Natural,,4,0,No,https://mi6census.mowr.gov.in/mic/getWaterBodyImageByURL/MIC_112002000003000075001.jpeg,,,Bengaluru Urban,Bengaluru Urban,525,Bengaluru South,5543,Ramohalli,613016,wbc-2017-18
1/12/002/000003/000075/002,5948734,568036,KA,BANGALORE URBAN,BANGALORE SOUTH,KETHOHALLI,02,Tank,12.9083333,77.405,Rural,2022-05-02,2,Panchayat,,No,Natural,,4,0,No,https://mi6census.mowr.gov.in/mic/getWaterBodyImageByURL/MIC_112002000003000075002.jpeg,,,Bengaluru Urban,Bengaluru Urban,525,Bengaluru South,5543,Kethohalli,612998,wbc-2017-18
1/12/002/000003/000076/001,5948732,568037,KA,BANGALORE URBAN,BANGALORE SOUTH,KETHOHALLI NARASIMHAPURA,02,Tank,12.8911111,77.3875,Rural,2022-05-02,1,Panchayat,,No,Natural,,4,0,No,https://mi6census.mowr.gov.in/mic/getWaterBodyImageByURL/MIC_112002000003000076001.jpeg,,,Bengaluru Urban,Bengaluru Urban,525,Bengaluru South,5543,Chunchanakuppe,612993,wbc-2017-18
1/12/002/000003/000078/001,5948725,568040,KA,BANGALORE URBAN,BANGALORE SOUTH,KOLUR GURURAYANAPURA,02,Tank,12.8880556,77.4011111,Rural,2022-05-02,1,Panchayat,,No,Natural,,4,0,No,https://mi6census.mowr.gov.in/mic/getWaterBodyImageByURL/MIC_112002000003000078001.jpeg,,,Bengaluru Urban,Bengaluru Urban,525,Bengaluru South,5543,Kolur,613004,wbc-2017-18
1/12/002/000003/000078/002,5948726,568041,KA,BANGALORE URBAN,BANGALORE SOUTH,KOLUR GURURAYANAPURA,02,Tank,12.8855556,77.4022222,Rural,2022-05-02,2,Panchayat,,No,Natural,,4,0,No,https://mi6census.mowr.gov.in/mic/getWaterBodyImageByURL/MIC_112002000003000078002.jpeg,,,Bengaluru Urban,Bengaluru Urban,525,Bengaluru South,5543,Kolur,613004,wbc-2017-18
1/12/002/000003/000079/001,5958687,567999,KA,BANGALORE URBAN,BANGALORE SOUTH,DODDERI,02,Tank,12.8511111,77.385,Rural,2022-05-05,1,Panchayat,,No,Natural,,4,0,No,https://mi6census.mowr.gov.in/mic/getWaterBodyImageByURL/MIC_112002000003000079001.jpeg,,,Ramanagara,Bengaluru Urban,631,Ramanagara,5606,Kurubara Karenahalli,626103,wbc-2017-18
1/12/002/000003/000079/002,5958694,568000,KA,BANGALORE URBAN,BANGALORE SOUTH,DODDERI,02,Tank,12.8883333,77.3791667,Rural,2022-05-05,2,Panchayat,,No,Natural,,4,0,No,https://mi6census.mowr.gov.in/mic/getWaterBodyImageByURL/MIC_112002000003000079002.jpeg,,,Bengaluru Urban,Bengaluru Urban,525,Bengaluru South,5543,Donnenahalli,612991,wbc-2017-18
1/12/002/000003/000079/003,5958695,568001,KA,BANGALORE URBAN,BANGALORE SOUTH,DODDERI,02,Tank,12.8883333,77.3791667,Rural,2022-05-05,3,Panchayat,,No,Natural,,4,0,No,https://mi6census.mowr.gov.in/mic/getWaterBodyImageByURL/MIC_112002000003000079003.jpeg,,,Bengaluru Urban,Bengaluru Urban,525,Bengaluru South,5543,Donnenahalli,612991,wbc-2017-18
1/12/002/000003/000080/001,5948724,568042,KA,BANGALORE URBAN,BANGALORE SOUTH,KOLUR NANJUNDAPURA,02,Tank,12.8816667,77.4447222,Rural,2022-05-02,1,Panchayat,,No,Natural,,4,0,No,https://mi6census.mowr.gov.in/mic/getWaterBodyImageByURL/MIC_112002000003000080001.jpeg,,,Bengaluru Urban,Bengaluru Urban,525,Bengaluru South,5543,Kumbalagodu CT,613062,wbc-2017-18
1/12/002/000003/000081/001,5948727,568038,KA,BANGALORE URBAN,BANGALORE SOUTH,KOLUR,02,Tank,12.8888889,77.405,Rural,2022-05-02,1,Panchayat,,No,Natural,,4,0,No,https://mi6census.mowr.gov.in/mic/getWaterBodyImageByURL/MIC_112002000003000081001.jpeg,,,Bengaluru Urban,Bengaluru Urban,525,Bengaluru South,5543,Kolur,613004,wbc-2017-18
1/12/002/000003/000081/002,5948728,568039,KA,BANGALORE URBAN,BANGALORE SOUTH,KOLUR,02,Tank,12.8877778,77.4036111,Rural,2022-05-02,2,Panchayat,,No,Natural,,4,0,No,https://mi6census.mowr.gov.in/mic/getWaterBodyImageByURL/MIC_112002000003000081002.jpeg,,,Bengaluru Urban,Bengaluru Urban,525,Bengaluru South,5543,Kolur,613004,wbc-2017-18
1/12/002/000003/000083/001,5948729,567982,KA,BANGALORE URBAN,BANGALORE SOUTH,CHIKKELLUR,02,Tank,12.8997222,77.4263889,Rural,2022-05-02,1,Panchayat,,No,Natural,,4,0,No,https://mi6census.mowr.gov.in/mic/getWaterBodyImageByURL/MIC_112002000003000083001.jpeg,,,Bengaluru Urban,Bengaluru Urban,525,Bengaluru South,5543,Ramohalli,613016,wbc-2017-18
1/12/002/000003/000083/002,5948730,567983,KA,BANGALORE URBAN,BANGALORE SOUTH,CHIKKELLUR,02,Tank,12.8805556,77.4186111,Rural,2022-05-02,2,Panchayat,,No,Natural,,4,0,No,https://mi6census.mowr.gov.in/mic/getWaterBodyImageByURL/MIC_112002000003000083002.jpeg,,,Bengaluru Urban,Bengaluru Urban,525,Bengaluru South,5543,Seshagiripura,613005,wbc-2017-18
1/12/002/000003/000086/001,5948795,568060,KA,BANGALORE URBAN,BANGALORE SOUTH,M.KRISHNASAGARA,02,Tank,12.9344444,77.4280556,Rural,2022-05-03,1,Panchayat,,No,Natural,,4,0,No,https://mi6census.mowr.gov.in/mic/getWaterBodyImageByURL/MIC_112002000003000086001.jpeg,,,Bengaluru Urban,Bengaluru Urban,525,Bengaluru South,5543,Maragondanahalli,613013,wbc-2017-18
1/12/002/000003/000087/001,5948703,568034,KA,BANGALORE URBAN,BANGALORE SOUTH,KENCHANAPURA,02,Tank,12.9575,77.4511111,Rural,2022-05-02,1,Panchayat,,No,Natural,,4,0,No,https://mi6census.mowr.gov.in/mic/getWaterBodyImageByURL/MIC_112002000003000087001.jpeg,,,Bengaluru Urban,Bengaluru Urban,525,Bengaluru South,5543,Kenchanapura,613010,wbc-2017-18
1/12/002/000003/000087/002,5948704,568033,KA,BANGALORE URBAN,BANGALORE SOUTH,KENCHANAPURA,02,Tank,12.9466667,77.4575,Rural,2022-05-02,2,Panchayat,,No,Natural,,4,0,No,https://mi6census.mowr.gov.in/mic/getWaterBodyImageByURL/MIC_112002000003000087002.jpeg,,,Bengaluru Urban,Bengaluru Urban,525,Bengaluru South,5543,Kenchanapura,613010,wbc-2017-18
1/12/002/000003/000089/001,5948702,568080,KA,BANGALORE URBAN,BANGALORE SOUTH,SULIKERE,02,Tank,12.9472222,77.4463889,Rural,2022-05-02,1,Panchayat,,No,Natural,,4,0,No,https://mi6census.mowr.gov.in/mic/getWaterBodyImageByURL/MIC_112002000003000089001.jpeg,,,Bengaluru Urban,Bengaluru Urban,525,Bengaluru South,5543,Sulikere,613012,wbc-2017-18
1/12/002/000003/000090/001,5948793,568058,KA,BANGALORE URBAN,BANGALORE SOUTH,MARAGONDANAHALLI,02,Tank,12.9377778,77.4222222,Rural,2022-05-03,1,Panchayat,,No,Natural,,4,0,No,https://mi6census.mowr.gov.in/mic/getWaterBodyImageByURL/MIC_112002000003000090001.jpeg,,,Bengaluru Urban,Bengaluru Urban,525,Bengaluru South,5543,Maragondanahalli,613013,wbc-2017-18
1/12/002/000003/000090/002,5948794,568059,KA,BANGALORE URBAN,BANGALORE SOUTH,MARAGONDANAHALLI,02,Tank,12.9352778,77.4322222,Rural,2022-05-03,2,Panchayat,,No,Natural,,4,0,No,https://mi6census.mowr.gov.in/mic/getWaterBodyImageByURL/MIC_112002000003000090002.jpeg,,,Bengaluru Urban,Bengaluru Urban,525,Bengaluru South,5543,M Krishnasagara,613009,wbc-2017-18
1/12/002/000003/000091/001,5948791,568051,KA,BANGALORE URBAN,BANGALORE SOUTH,MALIGONDANAHALLI,02,Tank,12.9075,77.4083333,Rural,2022-05-03,1,Panchayat,,No,Natural,,4,0,No,https://mi6census.mowr.gov.in/mic/getWaterBodyImageByURL/MIC_112002000003000091001.jpeg,,,Bengaluru Urban,Bengaluru Urban,525,Bengaluru South,5543,Ramohalli,613016,wbc-2017-18
1/12/002/000003/000091/002,5948792,568050,KA,BANGALORE URBAN,BANGALORE SOUTH,MALIGONDANAHALLI,02,Tank,12.9227778,77.4183333,Rural,2022-05-03,2,Panchayat,,No,Natural,,4,0,No,https://mi6census.mowr.gov.in/mic/getWaterBodyImageByURL/MIC_112002000003000091002.jpeg,,,Bengaluru Urban,Bengaluru Urban,525,Bengaluru South,5543,Muddaiahnapalya,612996,wbc-2017-18
1/12/002/000003/000091/003,5953672,568053,KA,BANGALORE URBAN,BANGALORE SOUTH,MALIGONDANAHALLI,02,Tank,12.8266667,77.6630556,Rural,2022-05-04,3,Panchayat,,No,Natural,,4,0,No,https://mi6census.mowr.gov.in/mic/getWaterBodyImageByURL/MIC_112002000003000091003.jpeg,,,Bengaluru Urban,Bengaluru Urban,525,Anekal,5545,Gollahalli,613254,wbc-2017-18
1/12/002/000003/000091/004,5953676,568052,KA,BANGALORE URBAN,BANGALORE SOUTH,MALIGONDANAHALLI,02,Tank,12.8341667,77.6525,Rural,2022-05-04,4,Panchayat,,No,Natural,,4,0,No,https://mi6census.mowr.gov.in/mic/getWaterBodyImageByURL/MIC_112002000003000091004.jpeg,,,Bengaluru Urban,Bengaluru Urban,525,Anekal,5545,Maragondahalli CT,613356,wbc-2017-18
1/12/002/000003/000092/001,5948796,568073,KA,BANGALORE URBAN,BANGALORE SOUTH,RAMOHALLI,02,Tank,12.9166667,77.4277778,Rural,2022-05-03,1,Panchayat,,No,Natural,,4,0,No,https://mi6census.mowr.gov.in/mic/getWaterBodyImageByURL/MIC_112002000003000092001.jpeg,,,Bengaluru Urban,Bengaluru Urban,525,Bengaluru South,5543,Maligondanahalli,613015,wbc-2017-18
1/12/002/000003/000092/002,5948797,568072,KA,BANGALORE URBAN,BANGALORE SOUTH,RAMOHALLI,02,Tank,12.8927778,77.4288889,Rural,2022-05-03,2,Panchayat,,No,Natural,,4,0,No,https://mi6census.mowr.gov.in/mic/getWaterBodyImageByURL/MIC_112002000003000092002.jpeg,,,Bengaluru Urban,Bengaluru Urban,525,Bengaluru South,5543,Chikkellur Venkatapura,613007,wbc-2017-18
1/12/002/000003/000092/003,5948801,568074,KA,BANGALORE URBAN,BANGALORE SOUTH,RAMOHALLI,02,Tank,12.905,77.4177778,Rural,2022-05-03,3,Panchayat,,No,Natural,,4,0,No,https://mi6census.mowr.gov.in/mic/getWaterBodyImageByURL/MIC_112002000003000092003.jpeg,,,Bengaluru Urban,Bengaluru Urban,525,Bengaluru South,5543,Ramohalli,613016,wbc-2017-18
1/12/002/000003/000093/001,5948799,567966,KA,BANGALORE URBAN,BANGALORE SOUTH,BHEEMANAKUPPE,02,Tank,12.91,77.4305556,Rural,2022-05-03,1,Panchayat,,No,Natural,,4,0,No,https://mi6census.mowr.gov.in/mic/getWaterBodyImageByURL/MIC_112002000003000093001.jpeg,,,Bengaluru Urban,Bengaluru Urban,525,Bengaluru South,5543,Ramohalli,613016,wbc-2017-18
1/12/002/000003/000093/002,5948800,567965,KA,BANGALORE URBAN,BANGALORE SOUTH,BHEEMANAKUPPE,02,Tank,12.9119444,77.4369444,Rural,2022-05-03,2,Panchayat,,No,Natural,,4,0,No,https://mi6census.mowr.gov.in/mic/getWaterBodyImageByURL/MIC_112002000003000093002.jpeg,,,Bengaluru Urban,Bengaluru Urban,525,Bengaluru South,5543,Bheemanakuppe,613017,wbc-2017-18
1/12/002/000003/000096/001,5958679,568031,KA,BANGALORE URBAN,BANGALORE SOUTH,KANIMINIKE,02,Tank,12.8669444,77.4322222,Rural,2022-05-05,1,Panchayat,,No,Natural,,4,0,No,https://mi6census.mowr.gov.in/mic/getWaterBodyImageByURL/MIC_112002000003000096001.jpeg,,,Bengaluru Urban,Bengaluru Urban,525,Bengaluru South,5543,Kaniminike,613020,wbc-2017-18
1/12/002/000003/000096/002,5958686,568030,KA,BANGALORE URBAN,BANGALORE SOUTH,KANIMINIKE,02,Tank,12.8680556,77.4372222,Rural,2022-05-05,2,Panchayat,,No,Natural,,4,0,No,https://mi6census.mowr.gov.in/mic/getWaterBodyImageByURL/MIC_112002000003000096002.jpeg,,,Bengaluru Urban,Bengaluru Urban,525,Bengaluru South,5543,Kumbalagodu CT,613062,wbc-2017-18
1/12/002/000005/000002/001,5958848,567805,KA,BANGALORE URBAN,BANGALORE EAST,KADUSONNAPPANAHALLI,02,Tank,13.0997222,77.6672222,Rural,2022-05-06,1,Panchayat,,No,Natural,,4,0,No,https://mi6census.mowr.gov.in/mic/getWaterBodyImageByURL/MIC_112002000005000002001.jpeg,,,Bengaluru Urban,Bengaluru Urban,525,Bengaluru East,5544,Bbmp,276600,wbc-2017-18
1/12/002/000005/000003/001,5953704,567826,KA,BANGALORE URBAN,BANGALORE EAST,YERAPPANAHALLI,02,Tank,13.0877778,77.685,Rural,2022-05-04,1,Panchayat,,No,Natural,,4,0,No,https://mi6census.mowr.gov.in/mic/getWaterBodyImageByURL/MIC_112002000005000003001.jpeg,,,Bengaluru Urban,Bengaluru Urban,525,Bengaluru East,5544,Yerappanahalli,613068,wbc-2017-18
1/12/002/000005/000005/001,5948647,567794,KA,BANGALORE URBAN,BANGALORE EAST,GUNDUR,02,Tank,13.0880556,77.7163889,Rural,2022-04-30,1,Panchayat,,No,Natural,,4,0,No,https://mi6census.mowr.gov.in/mic/getWaterBodyImageByURL/MIC_112002000005000005001.jpeg,,,Bengaluru Urban,Bengaluru Urban,525,Bengaluru East,5544,Gundur,613070,wbc-2017-18
1/12/002/000005/000006/001,5958713,567804,KA,BANGALORE URBAN,BANGALORE EAST,KADA AGRAHARA,02,Tank,13.0825,77.695,Rural,2022-05-05,1,Panchayat,,No,Natural,,4,0,No,https://mi6census.mowr.gov.in/mic/getWaterBodyImageByURL/MIC_112002000005000006001.jpeg,,,Bengaluru Urban,Bengaluru Urban,525,Bengaluru East,5544,Yerappanahalli,613068,wbc-2017-18
1/12/002/000005/000007/001,5958717,567781,KA,BANGALORE URBAN,BANGALORE EAST,BANDEBOMMASANDRA,02,Tank,13.0722222,77.6705556,Rural,2022-05-05,1,Panchayat,,No,Natural,,4,0,No,https://mi6census.mowr.gov.in/mic/getWaterBodyImageByURL/MIC_112002000005000007001.jpeg,,,Bengaluru Urban,Bengaluru Urban,525,Bengaluru East,5544,Bbmp,276600,wbc-2017-18
1/12/002/000005/000009/001,5958716,567818,KA,BANGALORE URBAN,BANGALORE EAST,NADAGOWDAGOLLAHALLI,02,Tank,13.0775,77.6680556,Rural,2022-05-05,1,Panchayat,,No,Natural,,4,0,No,https://mi6census.mowr.gov.in/mic/getWaterBodyImageByURL/MIC_112002000005000009001.jpeg,,,Bengaluru Urban,Bengaluru Urban,525,Bengaluru East,5544,Bbmp,276600,wbc-2017-18
1/12/002/000005/000010/001,5958742,567821,KA,BANGALORE URBAN,BANGALORE EAST,RAMPURA,02,Tank,13.0502778,77.6863889,Rural,2022-05-05,1,Panchayat,,No,Natural,,4,0,No,https://mi6census.mowr.gov.in/mic/getWaterBodyImageByURL/MIC_112002000005000010001.jpeg,,,Bengaluru Urban,Bengaluru Urban,525,Bengaluru East,5544,Rampura,613076,wbc-2017-18
1/12/002/000005/000012/001,5948664,567816,KA,BANGALORE URBAN,BANGALORE EAST,MARAGONDANAHALLI,02,Tank,13.0430556,77.6916667,Rural,2022-04-30,1,Panchayat,,No,Natural,,4,0,No,https://mi6census.mowr.gov.in/mic/getWaterBodyImageByURL/MIC_112002000005000012001.jpeg,,,Bengaluru Urban,Bengaluru Urban,525,Bengaluru East,5544,Huvinane,613078,wbc-2017-18
1/12/002/000005/000013/001,5948661,567797,KA,BANGALORE URBAN,BANGALORE EAST,HALEHALLI,02,Tank,13.0344444,77.7075,Rural,2022-04-30,1,Panchayat,,No,Natural,,4,0,No,https://mi6census.mowr.gov.in/mic/getWaterBodyImageByURL/MIC_112002000005000013001.jpeg,,,Bengaluru Urban,Bengaluru Urban,525,Bengaluru East,5544,Kithiganur,613081,wbc-2017-18
1/12/002/000005/000014/001,5948662,567809,KA,BANGALORE URBAN,BANGALORE EAST,KITHIGANUR,02,Tank,13.0327778,77.7088889,Rural,2022-04-30,1,Panchayat,,No,Natural,,4,0,No,https://mi6census.mowr.gov.in/mic/getWaterBodyImageByURL/MIC_112002000005000014001.jpeg,,,Bengaluru Urban,Bengaluru Urban,525,Bengaluru East,5544,Alehalli,613080,wbc-2017-18
1/12/002/000005/000015/001,5958628,567799,KA,BANGALORE URBAN,BANGALORE EAST,HIRANDAHALLI,02,Tank,13.0313889,77.725,Rural,2022-05-04,1,Panchayat,,No,Natural,,4,0,No,https://mi6census.mowr.gov.in/mic/getWaterBodyImageByURL/MIC_112002000005000015001.jpeg,,,Bengaluru Urban,Bengaluru Urban,525,99999- Area Not Under Any Sub-district,9999,BBMP,276600,wbc-2017-18
1/12/002/000005/000015/002,5958629,567798,KA,BANGALORE URBAN,BANGALORE EAST,HIRANDAHALLI,02,Tank,13.0313889,77.725,Rural,2022-05-04,2,Panchayat,,No,Natural,,4,0,No,https://mi6census.mowr.gov.in/mic/getWaterBodyImageByURL/MIC_112002000005000015002.jpeg,,,Bengaluru Urban,Bengaluru Urban,525,99999- Area Not Under Any Sub-district,9999,BBMP,276600,wbc-2017-18
1/12/002/000005/000016/001,5948639,567784,KA,BANGALORE URBAN,BANGALORE EAST,BIDARAHALLI,02,Tank,13.0666667,77.7236111,Rural,2022-04-30,,Panchayat,,No,Natural,,1,0,No,https://mi6census.mowr.gov.in/mic/getWaterBodyImageByURL/MIC_112002000005000016001.jpeg,,,Bengaluru Urban,Bengaluru Urban,525,Bengaluru East,5544,Byappanahalli,613084,wbc-2017-18
1/12/002/000005/000016/002,5948641,567783,KA,BANGALORE URBAN,BANGALORE EAST,BIDARAHALLI,02,Tank,13.0666667,77.7227778,Rural,2022-04-30,2,Panchayat,,No,Natural,,4,0,No,https://mi6census.mowr.gov.in/mic/getWaterBodyImageByURL/MIC_112002000005000016002.jpeg,,,Bengaluru Urban,Bengaluru Urban,525,Bengaluru East,5544,Byappanahalli,613084,wbc-2017-18
1/12/002/000005/000017/001,5948643,567788,KA,BANGALORE URBAN,BANGALORE EAST,BYAPPANAHALLI,02,Tank,13.0808333,77.7255556,Rural,2022-04-30,1,Panchayat,,No,Natural,,4,0,No,https://mi6census.mowr.gov.in/mic/getWaterBodyImageByURL/MIC_112002000005000017001.jpeg,,,Bengaluru Urban,Bengaluru Urban,525,Bengaluru East,5544,Kammasandra,613085,wbc-2017-18
1/12/002/000005/000017/002,5948644,567787,KA,BANGALORE URBAN,BANGALORE EAST,BYAPPANAHALLI,02,Tank,13.0711111,77.7227778,Rural,2022-04-30,2,Panchayat,,No,Natural,,4,0,No,https://mi6census.mowr.gov.in/mic/getWaterBodyImageByURL/MIC_112002000005000017002.jpeg,,,Bengaluru Urban,Bengaluru Urban,525,Bengaluru East,5544,Byappanahalli,613084,wbc-2017-18
1/12/002/000005/000021/001,5959290,567802,KA,BANGALORE URBAN,BANGALORE EAST,JOTHIPURA,02,Tank,13.0994444,77.7594444,Rural,2022-05-17,1,Panchayat,,No,Natural,,4,0,No,https://mi6census.mowr.gov.in/mic/getWaterBodyImageByURL/MIC_112002000005000021001.jpeg,,,Bengaluru Urban,Bengaluru Urban,525,Bengaluru East,5544,River,999999,wbc-2017-18
1/12/002/000005/000022/001,5959291,567824,KA,BANGALORE URBAN,BANGALORE EAST,THIRUMENAHALLI,02,Tank,13.1105556,77.7588889,Rural,2022-05-17,1,Panchayat,,No,Natural,,4,0,No,https://mi6census.mowr.gov.in/mic/getWaterBodyImageByURL/MIC_112002000005000022001.jpeg,,,Bengaluru Urban,Bengaluru Urban,525,Bengaluru East,5544,River,999999,wbc-2017-18
1/12/002/000005/000024/001,5958939,567820,KA,BANGALORE URBAN,BANGALORE EAST,RAGHUVANAHALLI,02,Tank,13.0891667,77.7594444,Rural,2022-05-08,1,Panchayat,,No,Natural,,4,0,No,https://mi6census.mowr.gov.in/mic/getWaterBodyImageByURL/MIC_112002000005000024001.jpeg,,,Bengaluru Urban,Bengaluru Urban,525,Bengaluru East,5544,River,999999,wbc-2017-18
1/12/002/000005/000026/001,5959289,567815,KA,BANGALORE URBAN,BANGALORE EAST,MANDUR,02,Tank,13.0797222,77.7436111,Rural,2022-05-17,1,Panchayat,,No,Natural,,4,0,No,https://mi6census.mowr.gov.in/mic/getWaterBodyImageByURL/MIC_112002000005000026001.jpeg,,,Bengaluru Urban,Bengaluru Urban,525,Bengaluru East,5544,Mandur,613094,wbc-2017-18
1/12/002/000005/000027/001,5958941,567782,KA,BANGALORE URBAN,BANGALORE EAST,BENDIGANAHALLI,02,Tank,13.0616667,77.7713889,Rural,2022-05-08,1,Panchayat,,No,Natural,,4,0,No,https://mi6census.mowr.gov.in/mic/getWaterBodyImageByURL/MIC_112002000005000027001.jpeg,,,Bengaluru Rural,Bengaluru Urban,526,Hosakote,5604,Dodda Amanikere,625708,wbc-2017-18
1/12/002/000005/000028/001,5958938,567814,KA,BANGALORE URBAN,BANGALORE EAST,LAGUMENAHALLI,02,Tank,13.0719444,77.7513889,Rural,2022-05-08,1,Panchayat,,No,Natural,,4,0,No,https://mi6census.mowr.gov.in/mic/getWaterBodyImageByURL/MIC_112002000005000028001.jpeg,,,Bengaluru Urban,Bengaluru Urban,525,Bengaluru East,5544,Bommenahalli,613097,wbc-2017-18
1/12/002/000005/000029/001,5958940,567786,KA,BANGALORE URBAN,BANGALORE EAST,BOMMENAHALLI,02,Tank,13.0733333,77.7444444,Rural,2022-05-08,1,Panchayat,,No,Natural,,4,0,No,https://mi6census.mowr.gov.in/mic/getWaterBodyImageByURL/MIC_112002000005000029001.jpeg,,,Bengaluru Urban,Bengaluru Urban,525,Bengaluru East,5544,Bommenahalli,613097,wbc-2017-18
1/12/002/000005/000030/001,5958942,567800,KA,BANGALORE URBAN,BANGALORE EAST,HUSKUR,02,Tank,13.0672222,77.7644444,Rural,2022-05-08,1,Panchayat,,No,Natural,,4,0,No,https://mi6census.mowr.gov.in/mic/getWaterBodyImageByURL/MIC_112002000005000030001.jpeg,,,Bengaluru Urban,Bengaluru Urban,525,Bengaluru East,5544,Bendiganahalli,613095,wbc-2017-18
1/12/002/000005/000031/001,5958931,567819,KA,BANGALORE URBAN,BANGALORE EAST,NIMBEKAIPURA,02,Tank,13.0552778,77.7561111,Rural,2022-05-07,1,Panchayat,,No,Natural,,4,0,No,https://mi6census.mowr.gov.in/mic/getWaterBodyImageByURL/MIC_112002000005000031001.jpeg,,,Bengaluru Urban,Bengaluru Urban,525,Bengaluru East,5544,Nimbekaipura,613099,wbc-2017-18
1/12/002/000005/000032/001,5958631,567789,KA,BANGALORE URBAN,BANGALORE EAST,CHEEMASANDRA,02,Tank,13.0452778,77.7394444,Rural,2022-05-04,1,Panchayat,,No,Natural,,4,0,No,https://mi6census.mowr.gov.in/mic/getWaterBodyImageByURL/MIC_112002000005000032001.jpeg,,,Bengaluru Urban,Bengaluru Urban,525,Bengaluru East,5544,Cheemasandra,613100,wbc-2017-18
1/12/002/000005/000033/001,5958630,567780,KA,BANGALORE URBAN,BANGALORE EAST,AVALAHALLI,02,Tank,13.03,77.7277778,Rural,2022-05-04,1,Panchayat,,No,Natural,,4,0,No,https://mi6census.mowr.gov.in/mic/getWaterBodyImageByURL/MIC_112002000005000033001.jpeg,,,Bengaluru Urban,Bengaluru Urban,525,Bengaluru East,5544,Hirandahalli,613082,wbc-2017-18
1/12/002/000005/000034/001,5948656,567825,KA,BANGALORE URBAN,BANGALORE EAST,VEERENAHALLI,02,Tank,13.0197222,77.7341667,Rural,2022-04-30,1,Panchayat,,No,Natural,,4,0,No,https://mi6census.mowr.gov.in/mic/getWaterBodyImageByURL/MIC_112002000005000034001.jpeg,,,Bengaluru Urban,Bengaluru Urban,525,Bengaluru East,5544,Veerenahalli,613102,wbc-2017-18
1/12/002/000005/000035/001,5948653,567812,KA,BANGALORE URBAN,BANGALORE EAST,KURUDUSONNENAHALLI,02,Tank,13.0175,77.7336111,Rural,2022-04-30,1,Panchayat,,No,Natural,,4,0,No,https://mi6census.mowr.gov.in/mic/getWaterBodyImageByURL/MIC_112002000005000035001.jpeg,,,Bengaluru Urban,Bengaluru Urban,525,Bengaluru East,5544,Kurudusonnenahalli,613103,wbc-2017-18
1/12/002/000005/000035/002,5948655,567813,KA,BANGALORE URBAN,BANGALORE EAST,KURUDUSONNENAHALLI,02,Tank,13.0175,77.7336111,Rural,2022-04-30,2,Panchayat,,No,Natural,,4,0,No,https://mi6census.mowr.gov.in/mic/getWaterBodyImageByURL/MIC_112002000005000035002.jpeg,,,Bengaluru Urban,Bengaluru Urban,525,Bengaluru East,5544,Kurudusonnenahalli,613103,wbc-2017-18
1/12/002/000005/000037/001,5958926,567793,KA,BANGALORE URBAN,BANGALORE EAST,DODDABANAHALLI,02,Tank,13.0269444,77.7458333,Rural,2022-05-07,1,Panchayat,,No,Natural,,4,0,No,https://mi6census.mowr.gov.in/mic/getWaterBodyImageByURL/MIC_112002000005000037001.jpeg,,,Bengaluru Urban,Bengaluru Urban,525,Bengaluru East,5544,Doddabanahalli,613105,wbc-2017-18
1/12/002/000005/000038/001,5958927,567785,KA,BANGALORE URBAN,BANGALORE EAST,BIDARE AGRAHARA,02,Tank,13.0341667,77.7516667,Rural,2022-05-07,1,Panchayat,,No,Natural,,4,0,No,https://mi6census.mowr.gov.in/mic/getWaterBodyImageByURL/MIC_112002000005000038001.jpeg,,,Bengaluru Urban,Bengaluru Urban,525,Bengaluru East,5544,Bidare Agrahara,613106,wbc-2017-18
1/12/002/000005/000040/001,5958929,567811,KA,BANGALORE URBAN,BANGALORE EAST,KONADASAPURA,02,Tank,13.0480556,77.7563889,Rural,2022-05-07,1,Panchayat,,No,Natural,,4,0,No,https://mi6census.mowr.gov.in/mic/getWaterBodyImageByURL/MIC_112002000005000040001.jpeg,,,Bengaluru Urban,Bengaluru Urban,525,Bengaluru East,5544,Konadasapura,613108,wbc-2017-18
1/12/002/000005/000041/001,5958924,567808,KA,BANGALORE URBAN,BANGALORE EAST,KATAMNALLUR,02,Tank,13.0463889,77.7616667,Rural,2022-05-07,1,Panchayat,,No,Natural,,4,0,No,https://mi6census.mowr.gov.in/mic/getWaterBodyImageByURL/MIC_112002000005000041001.jpeg,,,Bengaluru Urban,Bengaluru Urban,525,Bengaluru East,5544,Konadasapura,613108,wbc-2017-18
1/12/002/000005/000044/001,5959259,567806,KA,BANGALORE URBAN,BANGALORE EAST,KANNAMANGALA,02,Tank,13.0261111,77.7769444,Rural,2022-05-14,1,Panchayat,,No,Natural,,4,0,No,https://mi6census.mowr.gov.in/mic/getWaterBodyImageByURL/MIC_112002000005000044001.jpeg,,,Bengaluru Rural,Bengaluru Urban,526,Hosakote,5604,Doddagattiganabbe,625710,wbc-2017-18
1/12/002/000005/000044/002,5959260,567807,KA,BANGALORE URBAN,BANGALORE EAST,KANNAMANGALA,02,Tank,13.0247222,77.7827778,Rural,2022-05-19,2,Panchayat,,No,Natural,,4,0,No,https://mi6census.mowr.gov.in/mic/getWaterBodyImageByURL/MIC_112002000005000044002.jpeg,,,Bengaluru Rural,Bengaluru Urban,526,Hosakote,5604,Bhaktharahalli,625711,wbc-2017-18
1/12/002/000005/000045/001,5958973,567790,KA,BANGALORE URBAN,BANGALORE EAST,CHIKKABANAHALLI,02,Tank,13.0227778,77.7588889,Rural,2022-05-10,1,Panchayat,,No,Natural,,4,0,No,https://mi6census.mowr.gov.in/mic/getWaterBodyImageByURL/MIC_112002000005000045001.jpeg,,,Bengaluru Urban,Bengaluru Urban,525,Bengaluru East,5544,Kannamangala,613112,wbc-2017-18
1/12/002/000005/000047/001,5959234,567796,KA,BANGALORE URBAN,BANGALORE EAST,HALANAYAKANAHALLI,02,Tank,12.8988889,77.6933333,Rural,2022-05-16,1,Panchayat,,No,Natural,,4,0,No,https://mi6census.mowr.gov.in/mic/getWaterBodyImageByURL/MIC_112002000005000047001.jpeg,,,Bengaluru Urban,Bengaluru Urban,525,Bengaluru East,5544,Halanayakanahalli,613115,wbc-2017-18
1/12/002/000005/000048/001,5959235,567791,KA,BANGALORE URBAN,BANGALORE EAST,CHIKKAKANNALLI,02,Tank,12.8988889,77.6930556,Rural,2022-05-16,1,Panchayat,,No,Natural,,4,0,No,https://mi6census.mowr.gov.in/mic/getWaterBodyImageByURL/MIC_112002000005000048001.jpeg,,,Bengaluru Urban,Bengaluru Urban,525,Bengaluru East,5544,Halanayakanahalli,613115,wbc-2017-18
1/12/002/000005/000050/001,5959212,567803,KA,BANGALORE URBAN,BANGALORE EAST,KACHAMARANAHALLI,02,Tank,12.9088889,77.7419444,Rural,2022-05-14,1,Panchayat,,No,Natural,,4,0,No,https://mi6census.mowr.gov.in/mic/getWaterBodyImageByURL/MIC_112002000005000050001.jpeg,,,Bengaluru Urban,Bengaluru Urban,525,Bengaluru East,5544,Kachamaranahalli,613118,wbc-2017-18
1/12/002/000005/000051/001,5959162,567817,KA,BANGALORE URBAN,BANGALORE EAST,MULLURU,02,Tank,12.9033333,77.7138889,Rural,2022-05-13,1,Panchayat,,No,Natural,,4,0,No,https://mi6census.mowr.gov.in/mic/getWaterBodyImageByURL/MIC_112002000005000051001.jpeg,,,Bengaluru Urban,Bengaluru Urban,525,Bengaluru East,5544,Mulluru,613119,wbc-2017-18
1/12/002/000005/000052/001,5959237,567795,KA,BANGALORE URBAN,BANGALORE EAST,HADOSIDDAPURA,02,Tank,12.8858333,77.7016667,Rural,2022-05-16,1,Panchayat,,No,Natural,,4,0,No,https://mi6census.mowr.gov.in/mic/getWaterBodyImageByURL/MIC_112002000005000052001.jpeg,,,Bengaluru Urban,Bengaluru Urban,525,Bengaluru East,5544,Hadosiddapura,613120,wbc-2017-18
1/12/002/000005/000053/001,5959236,567792,KA,BANGALORE URBAN,BANGALORE EAST,CHIKKANAYAKANAHALLI,02,Tank,12.8961111,77.6919444,Rural,2022-05-16,1,Panchayat,,No,Natural,,4,0,No,https://mi6census.mowr.gov.in/mic/getWaterBodyImageByURL/MIC_112002000005000053001.jpeg,,,Bengaluru Urban,Bengaluru Urban,525,Bengaluru East,5544,Halanayakanahalli,613115,wbc-2017-18
1/12/002/000005/000054/001,5959048,567810,KA,BANGALORE URBAN,BANGALORE EAST,KODATHI,02,Tank,12.8872222,77.7227778,Rural,2022-05-12,1,Panchayat,,No,Natural,,4,0,No,https://mi6census.mowr.gov.in/mic/getWaterBodyImageByURL/MIC_112002000005000054001.jpeg,,,Bengaluru Urban,Bengaluru Urban,525,Bengaluru East,5544,Kodathi,613122,wbc-2017-18
1/12/002/000005/000055/001,5959049,567822,KA,BANGALORE URBAN,BANGALORE EAST,SULIKUNTE,02,Tank,12.8872222,77.7227778,Rural,2022-05-12,1,Panchayat,,No,Natural,,4,0,No,https://mi6census.mowr.gov.in/mic/getWaterBodyImageByURL/MIC_112002000005000055001.jpeg,,,Bengaluru Urban,Bengaluru Urban,525,Bengaluru East,5544,Kodathi,613122,wbc-2017-18
1/12/002/000005/000055/002,5959051,567823,KA,BANGALORE URBAN,BANGALORE EAST,SULIKUNTE,02,Tank,12.8955556,77.7280556,Rural,2022-05-12,2,Panchayat,,No,Natural,,4,0,No,https://mi6census.mowr.gov.in/mic/getWaterBodyImageByURL/MIC_112002000005000055002.jpeg,,,Bengaluru Urban,Bengaluru Urban,525,Bengaluru East,5544,Sulikunte,613123,wbc-2017-18
1/12/002/000005/000058/001,5959150,567801,KA,BANGALORE URBAN,BANGALORE EAST,HUVINANE,02,Tank,13.0452778,77.6808333,Rural,2022-05-13,1,Panchayat,,No,Natural,,4,0,No,https://mi6census.mowr.gov.in/mic/getWaterBodyImageByURL/MIC_112002000005000058001.jpeg,,,Bengaluru Urban,Bengaluru Urban,525,99999- Area Not Under Any Sub-district,9999,BBMP,276600,wbc-2017-18
2/12/002/253189/025883/001,2954525,1090533,KA,BANGALORE URBAN,ANEKAL,BANGALORE (M CORP.) - WARD NO.1,02,Tank,13.1055556,77.5961111,Urban,2022-04-18,1,Panchayat,,No,Natural,0,4,0,No,https://mi6census.mowr.gov.in/mic/getWaterBodyImageByURL/MIC_212002253189025883001.jpeg,,,Bengaluru Urban,Bengaluru Urban,525,99999- Area Not Under Any Sub-district,9999,BBMP,276600,wbc-2017-18
2/12/002/253189/025884/001,2957238,1090538,KA,BANGALORE URBAN,ANEKAL,BANGALORE (M CORP.) - WARD NO.2,02,Tank,13.1330556,77.5772222,Urban,2022-04-21,1,Panchayat,,No,Natural,0,4,0,No,https://mi6census.mowr.gov.in/mic/getWaterBodyImageByURL/MIC_212002253189025884001.jpeg,,,Bengaluru Urban,Bengaluru Urban,525,99999- Area Not Under Any Sub-district,9999,BBMP,276600,wbc-2017-18
2/12/002/253189/025884/002,2957239,1090537,KA,BANGALORE URBAN,ANEKAL,BANGALORE (M CORP.) - WARD NO.2,02,Tank,13.1130556,77.5780556,Urban,2022-04-21,2,Panchayat,,No,Natural,0,4,0,No,https://mi6census.mowr.gov.in/mic/getWaterBodyImageByURL/MIC_212002253189025884002.jpeg,,,Bengaluru Urban,Bengaluru Urban,525,99999- Area Not Under Any Sub-district,9999,BBMP,276600,wbc-2017-18
2/12/002/253189/025974/001,2905280,1090543,KA,BANGALORE URBAN,ANEKAL,BANGALORE (M CORP.) - WARD NO.3,01,Pond,12.7188889,77.6869444,Urban,2021-12-29,1,Panchayat,,No,Natural,0,4,0,No,https://mi6census.mowr.gov.in/mic/getWaterBodyImageByURL/MIC_212002253189025974001.jpeg,,,Bengaluru Urban,Bengaluru Urban,525,Anekal,5545,Hasaruvani,613325,wbc-2017-18
2/12/002/253189/025974/002,2957235,1090544,KA,BANGALORE URBAN,ANEKAL,BANGALORE (M CORP.) - WARD NO.3,01,Pond,13.1027778,77.5591667,Urban,2022-04-21,2,Co-operative,,No,Natural,0,4,0,No,https://mi6census.mowr.gov.in/mic/getWaterBodyImageByURL/MIC_212002253189025974002.jpeg,,,Bengaluru Urban,Bengaluru Urban,525,99999- Area Not Under Any Sub-district,9999,BBMP,276600,wbc-2017-18
2/12/002/253189/025974/003,2957237,1090545,KA,BANGALORE URBAN,ANEKAL,BANGALORE (M CORP.) - WARD NO.3,02,Tank,13.11,77.565,Urban,2022-04-21,3,Panchayat,,No,Natural,0,4,0,No,https://mi6census.mowr.gov.in/mic/getWaterBodyImageByURL/MIC_212002253189025974003.jpeg,,,Bengaluru Urban,Bengaluru Urban,525,99999- Area Not Under Any Sub-district,9999,BBMP,276600,wbc-2017-18
2/12/002/253189/025975/001,2954523,1090549,KA,BANGALORE URBAN,ANEKAL,BANGALORE (M CORP.) - WARD NO.4,02,Tank,13.0922222,77.5897222,Urban,2022-04-18,1,Panchayat,,No,Natural,0,4,0,No,https://mi6census.mowr.gov.in/mic/getWaterBodyImageByURL/MIC_212002253189025975001.jpeg,,,Bengaluru Urban,Bengaluru Urban,525,99999- Area Not Under Any Sub-district,9999,BBMP,276600,wbc-2017-18
2/12/002/253189/025975/002,2954524,1090550,KA,BANGALORE URBAN,ANEKAL,BANGALORE (M CORP.) - WARD NO.4,02,Tank,13.0888889,77.5941667,Urban,2022-04-18,2,Panchayat,,No,Natural,0,4,0,No,https://mi6census.mowr.gov.in/mic/getWaterBodyImageByURL/MIC_212002253189025975002.jpeg,,,Bengaluru Urban,Bengaluru Urban,525,99999- Area Not Under Any Sub-district,9999,BBMP,276600,wbc-2017-18
2/12/002/253189/025975/003,2957242,1090551,KA,BANGALORE URBAN,ANEKAL,BANGALORE (M CORP.) - WARD NO.4,03,Lake,13.0908333,77.5919444,Urban,2022-04-21,3,Panchayat,,No,Natural,0,4,0,No,https://mi6census.mowr.gov.in/mic/getWaterBodyImageByURL/MIC_212002253189025975003.jpeg,,,Bengaluru Urban,Bengaluru Urban,525,99999- Area Not Under Any Sub-district,9999,BBMP,276600,wbc-2017-18
2/12/002/253189/025975/004,2957243,1090548,KA,BANGALORE URBAN,ANEKAL,BANGALORE (M CORP.) - WARD NO.4,03,Lake,13.0897222,77.5938889,Urban,2022-04-21,4,Panchayat,,No,Natural,0,4,0,No,https://mi6census.mowr.gov.in/mic/getWaterBodyImageByURL/MIC_212002253189025975004.jpeg,,,Bengaluru Urban,Bengaluru Urban,525,99999- Area Not Under Any Sub-district,9999,BBMP,276600,wbc-2017-18
2/12/002/253189/025976/001,2954526,1090555,KA,BANGALORE URBAN,ANEKAL,BANGALORE (M CORP.) - WARD NO.5,03,Lake,13.1155556,77.615,Urban,2022-04-18,1,Panchayat,,No,Natural,0,4,0,No,https://mi6census.mowr.gov.in/mic/getWaterBodyImageByURL/MIC_212002253189025976001.jpeg,,,Bengaluru Urban,Bengaluru Urban,525,99999- Area Not Under Any Sub-district,9999,BBMP,276600,wbc-2017-18
2/12/002/253189/025976/002,2954530,1090554,KA,BANGALORE URBAN,ANEKAL,BANGALORE (M CORP.) - WARD NO.5,03,Lake,13.1158333,77.6269444,Urban,2022-04-18,2,Panchayat,,No,Natural,0,4,0,No,https://mi6census.mowr.gov.in/mic/getWaterBodyImageByURL/MIC_212002253189025976002.jpeg,,,Bengaluru Urban,Bengaluru Urban,525,99999- Area Not Under Any Sub-district,9999,BBMP,276600,wbc-2017-18
2/12/002/253189/025976/003,2954532,1090561,KA,BANGALORE URBAN,ANEKAL,BANGALORE (M CORP.) - WARD NO.5,03,Lake,13.1072222,77.6177778,Urban,2022-04-18,3,Panchayat,,No,Natural,0,4,0,No,https://mi6census.mowr.gov.in/mic/getWaterBodyImageByURL/MIC_212002253189025976003.jpeg,,,Bengaluru Urban,Bengaluru Urban,525,99999- Area Not Under Any Sub-district,9999,BBMP,276600,wbc-2017-18
2/12/002/253189/025976/004,2957211,1090560,KA,BANGALORE URBAN,ANEKAL,BANGALORE (M CORP.) - WARD NO.5,03,Lake,13.09,77.6258333,Urban,2022-04-18,4,Panchayat,,No,Natural,0,4,0,No,https://mi6census.mowr.gov.in/mic/getWaterBodyImageByURL/MIC_212002253189025976004.jpeg,,,Bengaluru Urban,Bengaluru Urban,525,99999- Area Not Under Any Sub-district,9999,BBMP,276600,wbc-2017-18
2/12/002/253189/025976/005,2957213,1090559,KA,BANGALORE URBAN,ANEKAL,BANGALORE (M CORP.) - WARD NO.5,03,Lake,13.0919444,77.6319444,Urban,2022-04-18,5,Panchayat,,No,Natural,0,4,0,No,https://mi6census.mowr.gov.in/mic/getWaterBodyImageByURL/MIC_212002253189025976005.jpeg,,,Bengaluru Urban,Bengaluru Urban,525,99999- Area Not Under Any Sub-district,9999,BBMP,276600,wbc-2017-18
2/12/002/253189/025976/006,2957214,1090558,KA,BANGALORE URBAN,ANEKAL,BANGALORE (M CORP.) - WARD NO.5,03,Lake,13.0852778,77.63,Urban,2022-04-18,6,Panchayat,,No,Natural,0,4,0,No,https://mi6census.mowr.gov.in/mic/getWaterBodyImageByURL/MIC_212002253189025976006.jpeg,,,Bengaluru Urban,Bengaluru Urban,525,99999- Area Not Under Any Sub-district,9999,BBMP,276600,wbc-2017-18
2/12/002/253189/025976/007,2957215,1090553,KA,BANGALORE URBAN,ANEKAL,BANGALORE (M CORP.) - WARD NO.5,03,Lake,13.0805556,77.6144444,Urban,2022-04-18,7,Panchayat,,No,Natural,0,4,0,No,https://mi6census.mowr.gov.in/mic/getWaterBodyImageByURL/MIC_212002253189025976007.jpeg,,,Bengaluru Urban,Bengaluru Urban,525,99999- Area Not Under Any Sub-district,9999,BBMP,276600,wbc-2017-18
2/12/002/253189/025976/008,2957216,1090556,KA,BANGALORE URBAN,ANEKAL,BANGALORE (M CORP.) - WARD NO.5,03,Lake,13.0652778,77.6113889,Urban,2022-04-18,8,Panchayat,,No,Natural,0,4,0,No,https://mi6census.mowr.gov.in/mic/getWaterBodyImageByURL/MIC_212002253189025976008.jpeg,,,Bengaluru Urban,Bengaluru Urban,525,99999- Area Not Under Any Sub-district,9999,BBMP,276600,wbc-2017-18
2/12/002/253189/025976/009,2957245,1090557,KA,BANGALORE URBAN,ANEKAL,BANGALORE (M CORP.) - WARD NO.5,02,Tank,13.1063889,77.6252778,Urban,2022-04-21,9,Panchayat,,No,Natural,0,4,0,No,https://mi6census.mowr.gov.in/mic/getWaterBodyImageByURL/MIC_212002253189025976009.jpeg,,,Bengaluru Urban,Bengaluru Urban,525,99999- Area Not Under Any Sub-district,9999,BBMP,276600,wbc-2017-18
2/12/002/253189/025978/001,2957217,1090585,KA,BANGALORE URBAN,ANEKAL,BANGALORE (M CORP.) - WARD NO.7,03,Lake,13.06,77.5997222,Urban,2022-04-18,1,Panchayat,,No,Natural,0,4,0,No,https://mi6census.mowr.gov.in/mic/getWaterBodyImageByURL/MIC_212002253189025978001.jpeg,,,Bengaluru Urban,Bengaluru Urban,525,99999- Area Not Under Any Sub-district,9999,BBMP,276600,wbc-2017-18
2/12/002/253189/025978/002,2957248,1090584,KA,BANGALORE URBAN,ANEKAL,BANGALORE (M CORP.) - WARD NO.7,03,Lake,13.0436111,77.6041667,Urban,2022-04-21,2,Panchayat,,No,Natural,0,4,0,No,https://mi6census.mowr.gov.in/mic/getWaterBodyImageByURL/MIC_212002253189025978002.jpeg,,,Bengaluru Urban,Bengaluru Urban,525,99999- Area Not Under Any Sub-district,9999,BBMP,276600,wbc-2017-18
2/12/002/253189/025979/001,2957249,1090596,KA,BANGALORE URBAN,ANEKAL,BANGALORE (M CORP.) - WARD NO.8,03,Lake,13.0427778,77.5888889,Urban,2022-04-21,1,Panchayat,,No,Natural,0,4,0,No,https://mi6census.mowr.gov.in/mic/getWaterBodyImageByURL/MIC_212002253189025979001.jpeg,,,Bengaluru Urban,Bengaluru Urban,525,99999- Area Not Under Any Sub-district,9999,BBMP,276600,wbc-2017-18
2/12/002/253189/025980/001,2954506,1090606,KA,BANGALORE URBAN,ANEKAL,BANGALORE (M CORP.) - WARD NO.9,02,Tank,13.0719444,77.5580556,Urban,2022-04-16,1,Panchayat,,No,Natural,0,4,0,No,https://mi6census.mowr.gov.in/mic/getWaterBodyImageByURL/MIC_212002253189025980001.jpeg,,,Bengaluru Urban,Bengaluru Urban,525,99999- Area Not Under Any Sub-district,9999,BBMP,276600,wbc-2017-18
2/12/002/253189/025980/002,2954507,1090605,KA,BANGALORE URBAN,ANEKAL,BANGALORE (M CORP.) - WARD NO.9,02,Tank,13.0766667,77.5541667,Urban,2022-04-16,2,Panchayat,,No,Natural,0,4,0,No,https://mi6census.mowr.gov.in/mic/getWaterBodyImageByURL/MIC_212002253189025980002.jpeg,,,Bengaluru Urban,Bengaluru Urban,525,99999- Area Not Under Any Sub-district,9999,BBMP,276600,wbc-2017-18
2/12/002/253189/025981/001,2954505,1090534,KA,BANGALORE URBAN,ANEKAL,BANGALORE (M CORP.) - WARD NO.10,01,Pond,13.0630556,77.5675,Urban,2022-04-16,1,Panchayat,,No,Natural,0,4,0,No,https://mi6census.mowr.gov.in/mic/getWaterBodyImageByURL/MIC_212002253189025981001.jpeg,,,Bengaluru Urban,Bengaluru Urban,525,99999- Area Not Under Any Sub-district,9999,BBMP,276600,wbc-2017-18
2/12/002/253189/025982/001,2954508,1090535,KA,BANGALORE URBAN,ANEKAL,BANGALORE (M CORP.) - WARD NO.11,02,Tank,13.0841667,77.5383333,Urban,2022-04-16,1,Panchayat,,No,Natural,0,4,0,No,https://mi6census.mowr.gov.in/mic/getWaterBodyImageByURL/MIC_212002253189025982001.jpeg,,,Bengaluru Urban,Bengaluru Urban,525,99999- Area Not Under Any Sub-district,9999,BBMP,276600,wbc-2017-18
2/12/002/253189/025988/001,5958726,1090536,KA,BANGALORE URBAN,ANEKAL,BANGALORE (M CORP.) - WARD NO.17,03,Lake,13.0375,77.5522222,Urban,2022-05-05,1,Panchayat,,No,Natural,0,4,0,No,https://mi6census.mowr.gov.in/mic/getWaterBodyImageByURL/MIC_212002253189025988001.jpeg,,,Bengaluru Urban,Bengaluru Urban,525,99999- Area Not Under Any Sub-district,9999,BBMP,276600,wbc-2017-18
2/12/002/253189/025996/001,2958615,1090541,KA,BANGALORE URBAN,ANEKAL,BANGALORE (M CORP.) - WARD NO.25,03,Lake,13.0372222,77.6572222,Urban,2022-04-25,1,Panchayat,,No,Natural,0,4,0,No,https://mi6census.mowr.gov.in/mic/getWaterBodyImageByURL/MIC_212002253189025996001.jpeg,,,Bengaluru Urban,Bengaluru Urban,525,99999- Area Not Under Any Sub-district,9999,BBMP,276600,wbc-2017-18
2/12/002/253189/025996/002,2958616,1090540,KA,BANGALORE URBAN,ANEKAL,BANGALORE (M CORP.) - WARD NO.25,03,Lake,13.0230556,77.6652778,Urban,2022-04-25,2,Panchayat,,No,Natural,0,4,0,No,https://mi6census.mowr.gov.in/mic/getWaterBodyImageByURL/MIC_212002253189025996002.jpeg,,,Bengaluru Urban,Bengaluru Urban,525,99999- Area Not Under Any Sub-district,9999,BBMP,276600,wbc-2017-18
2/12/002/253189/025996/003,2958636,1090542,KA,BANGALORE URBAN,ANEKAL,BANGALORE (M CORP.) - WARD NO.25,03,Lake,12.9922222,77.685,Urban,2022-04-27,3,Panchayat,,No,Natural,0,4,0,No,https://mi6census.mowr.gov.in/mic/getWaterBodyImageByURL/MIC_212002253189025996003.jpeg,,,Bengaluru Urban,Bengaluru Urban,525,99999- Area Not Under Any Sub-district,9999,BBMP,276600,wbc-2017-18
2/12/002/253189/025996/004,2958638,1090539,KA,BANGALORE URBAN,ANEKAL,BANGALORE (M CORP.) - WARD NO.25,03,Lake,12.9869444,77.6905556,Urban,2022-04-27,4,Panchayat,,No,Natural,0,4,0,No,https://mi6census.mowr.gov.in/mic/getWaterBodyImageByURL/MIC_212002253189025996004.jpeg,,,Bengaluru Urban,Bengaluru Urban,525,99999- Area Not Under Any Sub-district,9999,BBMP,276600,wbc-2017-18
2/12/002/253189/026004/001,5958653,1090546,KA,BANGALORE URBAN,ANEKAL,BANGALORE (M CORP.) - WARD NO.33,03,Lake,12.925,77.7669444,Urban,2022-05-05,1,Panchayat,,No,Natural,0,4,0,No,https://mi6census.mowr.gov.in/mic/getWaterBodyImageByURL/MIC_212002253189026004001.jpeg,,,Bengaluru Urban,Bengaluru Urban,525,Anekal,5545,Nekkundi Dommasandra,613213,wbc-2017-18
2/12/002/253189/026006/001,5958811,1090547,KA,BANGALORE URBAN,ANEKAL,BANGALORE (M CORP.) - WARD NO.35,03,Lake,12.9161111,77.7938889,Urban,2022-05-06,1,Panchayat,,No,Natural,0,4,0,No,https://mi6census.mowr.gov.in/mic/getWaterBodyImageByURL/MIC_212002253189026006001.jpeg,,,Bengaluru Urban,Bengaluru Urban,525,Anekal,5545,Gonighattapura,613236,wbc-2017-18
2/12/002/253189/026013/001,5958652,1090552,KA,BANGALORE URBAN,ANEKAL,BANGALORE (M CORP.) - WARD NO.42,03,Lake,12.9080556,77.7913889,Urban,2022-05-05,1,Panchayat,,No,Natural,0,4,0,No,https://mi6census.mowr.gov.in/mic/getWaterBodyImageByURL/MIC_212002253189026013001.jpeg,,,Bengaluru Urban,Bengaluru Urban,525,Anekal,5545,Gonighattapura,613236,wbc-2017-18
2/12/002/253189/026022/001,2957218,1090562,KA,BANGALORE URBAN,ANEKAL,BANGALORE (M CORP.) - WARD NO.51,03,Lake,13.0091667,77.6769444,Urban,2022-04-19,1,Panchayat,,No,Natural,0,4,0,No,https://mi6census.mowr.gov.in/mic/getWaterBodyImageByURL/MIC_212002253189026022001.jpeg,,,Bengaluru Urban,Bengaluru Urban,525,99999- Area Not Under Any Sub-district,9999,BBMP,276600,wbc-2017-18
2/12/002/253189/026023/001,2957219,1090565,KA,BANGALORE URBAN,ANEKAL,BANGALORE (M CORP.) - WARD NO.52,03,Lake,13.0122222,77.6841667,Urban,2022-04-19,1,Panchayat,,No,Natural,0,4,0,No,https://mi6census.mowr.gov.in/mic/getWaterBodyImageByURL/MIC_212002253189026023001.jpeg,,,Bengaluru Urban,Bengaluru Urban,525,99999- Area Not Under Any Sub-district,9999,BBMP,276600,wbc-2017-18
2/12/002/253189/026023/002,2958613,1090564,KA,BANGALORE URBAN,ANEKAL,BANGALORE (M CORP.) - WARD NO.52,03,Lake,13.0236111,77.7102778,Urban,2022-04-25,2,Panchayat,,No,Natural,0,4,0,No,https://mi6census.mowr.gov.in/mic/getWaterBodyImageByURL/MIC_212002253189026023002.jpeg,,,Bengaluru Urban,Bengaluru Urban,525,99999- Area Not Under Any Sub-district,9999,BBMP,276600,wbc-2017-18
2/12/002/253189/026023/003,2958635,1090563,KA,BANGALORE URBAN,ANEKAL,BANGALORE (M CORP.) - WARD NO.52,01,Pond,13.0155556,77.7030556,Urban,2022-04-27,3,Panchayat,,No,Natural,0,4,0,No,https://mi6census.mowr.gov.in/mic/getWaterBodyImageByURL/MIC_212002253189026023003.jpeg,,,Bengaluru Urban,Bengaluru Urban,525,99999- Area Not Under Any Sub-district,9999,BBMP,276600,wbc-2017-18
2/12/002/253189/026024/001,2958610,1090566,KA,BANGALORE URBAN,ANEKAL,BANGALORE (M CORP.) - WARD NO.53,03,Lake,13.0091667,77.7116667,Urban,2022-04-25,1,Panchayat,,No,Natural,0,4,0,No,https://mi6census.mowr.gov.in/mic/getWaterBodyImageByURL/MIC_212002253189026024001.jpeg,,,Bengaluru Urban,Bengaluru Urban,525,99999- Area Not Under Any Sub-district,9999,BBMP,276600,wbc-2017-18
2/12/002/253189/026024/002,2958612,1090567,KA,BANGALORE URBAN,ANEKAL,BANGALORE (M CORP.) - WARD NO.53,03,Lake,13.015,77.7116667,Urban,2022-04-25,2,Panchayat,,No,Natural,0,4,0,No,https://mi6census.mowr.gov.in/mic/getWaterBodyImageByURL/MIC_212002253189026024002.jpeg,,,Bengaluru Urban,Bengaluru Urban,525,99999- Area Not Under Any Sub-district,9999,BBMP,276600,wbc-2017-18
2/12/002/253189/026025/001,2957220,1090572,KA,BANGALORE URBAN,ANEKAL,BANGALORE (M CORP.) - WARD NO.54,03,Lake,13.0255556,77.6866667,Urban,2022-04-19,1,Panchayat,,No,Natural,0,4,0,No,https://mi6census.mowr.gov.in/mic/getWaterBodyImageByURL/MIC_212002253189026025001.jpeg,,,Bengaluru Urban,Bengaluru Urban,525,99999- Area Not Under Any Sub-district,9999,BBMP,276600,wbc-2017-18
2/12/002/253189/026025/002,2957260,1090568,KA,BANGALORE URBAN,ANEKAL,BANGALORE (M CORP.) - WARD NO.54,03,Lake,12.9988889,77.7169444,Urban,2022-04-25,2,Panchayat,,No,Natural,0,4,0,No,https://mi6census.mowr.gov.in/mic/getWaterBodyImageByURL/MIC_212002253189026025002.jpeg,,,Bengaluru Urban,Bengaluru Urban,525,99999- Area Not Under Any Sub-district,9999,BBMP,276600,wbc-2017-18
2/12/002/253189/026025/003,2957261,1090573,KA,BANGALORE URBAN,ANEKAL,BANGALORE (M CORP.) - WARD NO.54,03,Lake,12.9808333,77.7130556,Urban,2022-04-25,3,Panchayat,,No,Natural,0,4,0,No,https://mi6census.mowr.gov.in/mic/getWaterBodyImageByURL/MIC_212002253189026025003.jpeg,,,Bengaluru Urban,Bengaluru Urban,525,99999- Area Not Under Any Sub-district,9999,BBMP,276600,wbc-2017-18
2/12/002/253189/026025/004,2958606,1090570,KA,BANGALORE URBAN,ANEKAL,BANGALORE (M CORP.) - WARD NO.54,03,Lake,12.9983333,77.7244444,Urban,2022-04-25,4,Panchayat,,No,Natural,1,4,0,No,https://mi6census.mowr.gov.in/mic/getWaterBodyImageByURL/MIC_212002253189026025004.jpeg,,,Bengaluru Urban,Bengaluru Urban,525,99999- Area Not Under Any Sub-district,9999,BBMP,276600,wbc-2017-18
2/12/002/253189/026025/005,2958644,1090571,KA,BANGALORE URBAN,ANEKAL,BANGALORE (M CORP.) - WARD NO.54,03,Lake,12.9780556,77.7380556,Urban,2022-04-27,5,Panchayat,,No,Natural,0,4,0,No,https://mi6census.mowr.gov.in/mic/getWaterBodyImageByURL/MIC_212002253189026025005.jpeg,,,Bengaluru Urban,Bengaluru Urban,525,99999- Area Not Under Any Sub-district,9999,BBMP,276600,wbc-2017-18
2/12/002/253189/026025/006,2958645,1090569,KA,BANGALORE URBAN,ANEKAL,BANGALORE (M CORP.) - WARD NO.54,03,Lake,12.9802778,77.7466667,Urban,2022-04-27,6,Panchayat,,No,Natural,0,4,0,No,https://mi6census.mowr.gov.in/mic/getWaterBodyImageByURL/MIC_212002253189026025006.jpeg,,,Bengaluru Urban,Bengaluru Urban,525,99999- Area Not Under Any Sub-district,9999,BBMP,276600,wbc-2017-18
2/12/002/253189/026026/001,2958608,1090574,KA,BANGALORE URBAN,ANEKAL,BANGALORE (M CORP.) - WARD NO.55,03,Lake,13.0038889,77.7041667,Urban,2022-04-25,1,Panchayat,,No,Natural,0,4,0,No,https://mi6census.mowr.gov.in/mic/getWaterBodyImageByURL/MIC_212002253189026026001.jpeg,,,Bengaluru Urban,Bengaluru Urban,525,99999- Area Not Under Any Sub-district,9999,BBMP,276600,wbc-2017-18
2/12/002/253189/026026/002,2958633,1090575,KA,BANGALORE URBAN,ANEKAL,BANGALORE (M CORP.) - WARD NO.55,01,Pond,13.0041667,77.6927778,Urban,2022-04-27,2,Panchayat,,No,Natural,0,4,0,No,https://mi6census.mowr.gov.in/mic/getWaterBodyImageByURL/MIC_212002253189026026002.jpeg,,,Bengaluru Urban,Bengaluru Urban,525,99999- Area Not Under Any Sub-district,9999,BBMP,276600,wbc-2017-18
2/12/002/253189/026027/001,2958637,1090576,KA,BANGALORE URBAN,ANEKAL,BANGALORE (M CORP.) - WARD NO.56,03,Lake,12.9961111,77.6830556,Urban,2022-04-27,1,Panchayat,,No,Natural,0,4,0,No,https://mi6census.mowr.gov.in/mic/getWaterBodyImageByURL/MIC_212002253189026027001.jpeg,,,Bengaluru Urban,Bengaluru Urban,525,99999- Area Not Under Any Sub-district,9999,BBMP,276600,wbc-2017-18
2/12/002/253189/026028/001,2958624,1090577,KA,BANGALORE URBAN,ANEKAL,BANGALORE (M CORP.) - WARD NO.57,02,Tank,12.9802778,77.6719444,Urban,2022-04-26,1,Panchayat,,No,Natural,0,4,0,No,https://mi6census.mowr.gov.in/mic/getWaterBodyImageByURL/MIC_212002253189026028001.jpeg,,,Bengaluru Urban,Bengaluru Urban,525,99999- Area Not Under Any Sub-district,9999,BBMP,276600,wbc-2017-18
2/12/002/253189/026028/002,2958625,1090578,KA,BANGALORE URBAN,ANEKAL,BANGALORE (M CORP.) - WARD NO.57,02,Tank,12.9786111,77.6608333,Urban,2022-04-26,2,Panchayat,,No,Natural,0,4,0,No,https://mi6census.mowr.gov.in/mic/getWaterBodyImageByURL/MIC_212002253189026028002.jpeg,,,Bengaluru Urban,Bengaluru Urban,525,99999- Area Not Under Any Sub-district,9999,BBMP,276600,wbc-2017-18
2/12/002/253189/026029/001,2958626,1090579,KA,BANGALORE URBAN,ANEKAL,BANGALORE (M CORP.) - WARD NO.58,03,Lake,12.98,77.6552778,Urban,2022-04-26,1,Panchayat,,No,Natural,0,4,0,No,https://mi6census.mowr.gov.in/mic/getWaterBodyImageByURL/MIC_212002253189026029001.jpeg,,,Bengaluru Urban,Bengaluru Urban,525,99999- Area Not Under Any Sub-district,9999,BBMP,276600,wbc-2017-18
2/12/002/253189/026038/001,5958665,1090580,KA,BANGALORE URBAN,ANEKAL,BANGALORE (M CORP.) - WARD NO.67,03,Lake,12.8711111,77.7683333,Urban,2022-05-05,1,Panchayat,,No,Natural,0,4,0,No,https://mi6census.mowr.gov.in/mic/getWaterBodyImageByURL/MIC_212002253189026038001.jpeg,,,Bengaluru Urban,Bengaluru Urban,525,Anekal,5545,Sompura,613218,wbc-2017-18
2/12/002/253189/026039/001,5958670,1090581,KA,BANGALORE URBAN,ANEKAL,BANGALORE (M CORP.) - WARD NO.68,03,Lake,12.8763889,77.7644444,Urban,2022-05-05,1,Panchayat,,No,Natural,0,4,0,No,https://mi6census.mowr.gov.in/mic/getWaterBodyImageByURL/MIC_212002253189026039001.jpeg,,,Bengaluru Urban,Bengaluru Urban,525,Anekal,5545,Yamare,613217,wbc-2017-18
2/12/002/253189/026040/001,5958661,1090583,KA,BANGALORE URBAN,ANEKAL,BANGALORE (M CORP.) - WARD NO.69,03,Lake,12.8691667,77.7675,Urban,2022-05-05,1,Panchayat,,No,Natural,0,4,0,No,https://mi6census.mowr.gov.in/mic/getWaterBodyImageByURL/MIC_212002253189026040001.jpeg,,,Bengaluru Urban,Bengaluru Urban,525,Anekal,5545,Sompura,613218,wbc-2017-18
2/12/002/253189/026040/002,5958663,1090582,KA,BANGALORE URBAN,ANEKAL,BANGALORE (M CORP.) - WARD NO.69,03,Lake,12.8675,77.7680556,Urban,2022-05-05,2,Panchayat,,No,Natural,0,4,0,No,https://mi6census.mowr.gov.in/mic/getWaterBodyImageByURL/MIC_212002253189026040002.jpeg,,,Bengaluru Urban,Bengaluru Urban,525,Anekal,5545,Sompura,613218,wbc-2017-18
2/12/002/253189/026041/001,5958666,1090586,KA,BANGALORE URBAN,ANEKAL,BANGALORE (M CORP.) - WARD NO.70,03,Lake,12.8741667,77.7661111,Urban,2022-05-05,1,Panchayat,,No,Natural,0,4,0,No,https://mi6census.mowr.gov.in/mic/getWaterBodyImageByURL/MIC_212002253189026041001.jpeg,,,Bengaluru Urban,Bengaluru Urban,525,Anekal,5545,Yamare,613217,wbc-2017-18
2/12/002/253189/026041/002,5958667,1090587,KA,BANGALORE URBAN,ANEKAL,BANGALORE (M CORP.) - WARD NO.70,03,Lake,12.8741667,77.7661111,Urban,2022-05-05,2,Panchayat,,No,Natural,0,4,0,No,https://mi6census.mowr.gov.in/mic/getWaterBodyImageByURL/MIC_212002253189026041002.jpeg,,,Bengaluru Urban,Bengaluru Urban,525,Anekal,5545,Yamare,613217,wbc-2017-18
2/12/002/253189/026042/001,5958654,1090588,KA,BANGALORE URBAN,ANEKAL,BANGALORE (M CORP.) - WARD NO.71,03,Lake,12.8619444,77.7591667,Urban,2022-05-05,1,Panchayat,,No,Natural,0,4,0,No,https://mi6census.mowr.gov.in/mic/getWaterBodyImageByURL/MIC_212002253189026042001.jpeg,,,Bengaluru Urban,Bengaluru Urban,525,Anekal,5545,Kadagrahara,613219,wbc-2017-18
2/12/002/253189/026042/002,5958655,1090589,KA,BANGALORE URBAN,ANEKAL,BANGALORE (M CORP.) - WARD NO.71,03,Lake,12.8619444,77.7591667,Urban,2022-05-05,2,Panchayat,,No,Natural,0,4,0,No,https://mi6census.mowr.gov.in/mic/getWaterBodyImageByURL/MIC_212002253189026042002.jpeg,,,Bengaluru Urban,Bengaluru Urban,525,Anekal,5545,Kadagrahara,613219,wbc-2017-18
2/12/002/253189/026042/003,5958656,1090590,KA,BANGALORE URBAN,ANEKAL,BANGALORE (M CORP.) - WARD NO.71,03,Lake,12.8616667,77.7622222,Urban,2022-05-05,3,Panchayat,,No,Natural,0,4,0,No,https://mi6census.mowr.gov.in/mic/getWaterBodyImageByURL/MIC_212002253189026042003.jpeg,,,Bengaluru Urban,Bengaluru Urban,525,Anekal,5545,Kadagrahara,613219,wbc-2017-18
2/12/002/253189/026042/004,5958657,1090591,KA,BANGALORE URBAN,ANEKAL,BANGALORE (M CORP.) - WARD NO.71,03,Lake,12.8616667,77.7622222,Urban,2022-05-05,4,Panchayat,,No,Natural,0,4,0,No,https://mi6census.mowr.gov.in/mic/getWaterBodyImageByURL/MIC_212002253189026042004.jpeg,,,Bengaluru Urban,Bengaluru Urban,525,Anekal,5545,Kadagrahara,613219,wbc-2017-18
2/12/002/253189/026043/001,2958634,1090595,KA,BANGALORE URBAN,ANEKAL,BANGALORE (M CORP.) - WARD NO.72,03,Lake,13.0019444,77.4833333,Urban,2022-04-27,1,Panchayat,,No,Natural,0,4,0,No,https://mi6census.mowr.gov.in/mic/getWaterBodyImageByURL/MIC_212002253189026043001.jpeg,,,Bengaluru Urban,Bengaluru Urban,525,99999- Area Not Under Any Sub-district,9999,BBMP,276600,wbc-2017-18
2/12/002/253189/026043/002,2958639,1090594,KA,BANGALORE URBAN,ANEKAL,BANGALORE (M CORP.) - WARD NO.72,03,Lake,13.01,77.4866667,Urban,2022-04-27,2,Panchayat,,No,Natural,0,4,0,No,https://mi6census.mowr.gov.in/mic/getWaterBodyImageByURL/MIC_212002253189026043002.jpeg,,,Bengaluru Urban,Bengaluru Urban,525,99999- Area Not Under Any Sub-district,9999,BBMP,276600,wbc-2017-18
2/12/002/253189/026043/003,2958642,1090592,KA,BANGALORE URBAN,ANEKAL,BANGALORE (M CORP.) - WARD NO.72,03,Lake,12.9902778,77.4908333,Urban,2022-04-27,3,Panchayat,,No,Natural,0,4,0,No,https://mi6census.mowr.gov.in/mic/getWaterBodyImageByURL/MIC_212002253189026043003.jpeg,,,Bengaluru Urban,Bengaluru Urban,525,99999- Area Not Under Any Sub-district,9999,BBMP,276600,wbc-2017-18
2/12/002/253189/026043/004,2958643,1090593,KA,BANGALORE URBAN,ANEKAL,BANGALORE (M CORP.) - WARD NO.72,03,Lake,12.9875,77.5033333,Urban,2022-04-27,4,Panchayat,,No,Natural,0,4,0,No,https://mi6census.mowr.gov.in/mic/getWaterBodyImageByURL/MIC_212002253189026043004.jpeg,,,Bengaluru Urban,Bengaluru Urban,525,99999- Area Not Under Any Sub-district,9999,BBMP,276600,wbc-2017-18
2/12/002/253189/026053/001,2958640,1090598,KA,BANGALORE URBAN,ANEKAL,BANGALORE (M CORP.) - WARD NO.82,03,Lake,12.9902778,77.695,Urban,2022-04-27,1,Panchayat,,No,Natural,0,4,0,No,https://mi6census.mowr.gov.in/mic/getWaterBodyImageByURL/MIC_212002253189026053001.jpeg,,,Bengaluru Urban,Bengaluru Urban,525,99999- Area Not Under Any Sub-district,9999,BBMP,276600,wbc-2017-18
2/12/002/253189/026053/002,2958641,1090597,KA,BANGALORE URBAN,ANEKAL,BANGALORE (M CORP.) - WARD NO.82,01,Pond,12.9866667,77.6986111,Urban,2022-04-27,2,Panchayat,,No,Natural,0,4,0,No,https://mi6census.mowr.gov.in/mic/getWaterBodyImageByURL/MIC_212002253189026053002.jpeg,,,Bengaluru Urban,Bengaluru Urban,525,99999- Area Not Under Any Sub-district,9999,BBMP,276600,wbc-2017-18
2/12/002/253189/026055/001,2957246,1090599,KA,BANGALORE URBAN,ANEKAL,BANGALORE (M CORP.) - WARD NO.84,03,Lake,12.9630556,77.7416667,Urban,2022-04-21,1,Panchayat,,No,Natural,0,4,0,No,https://mi6census.mowr.gov.in/mic/getWaterBodyImageByURL/MIC_212002253189026055001.jpeg,,,Bengaluru Urban,Bengaluru Urban,525,99999- Area Not Under Any Sub-district,9999,BBMP,276600,wbc-2017-18
2/12/002/253189/026055/002,2957247,1090600,KA,BANGALORE URBAN,ANEKAL,BANGALORE (M CORP.) - WARD NO.84,03,Lake,12.9775,77.7369444,Urban,2022-04-21,2,Panchayat,,No,Natural,0,4,0,No,https://mi6census.mowr.gov.in/mic/getWaterBodyImageByURL/MIC_212002253189026055002.jpeg,,,Bengaluru Urban,Bengaluru Urban,525,99999- Area Not Under Any Sub-district,9999,BBMP,276600,wbc-2017-18
2/12/002/253189/026056/001,2957236,1090601,KA,BANGALORE URBAN,ANEKAL,BANGALORE (M CORP.) - WARD NO.85,02,Tank,12.9761111,77.6838889,Urban,2022-04-21,1,Panchayat,,No,Natural,0,4,0,No,https://mi6census.mowr.gov.in/mic/getWaterBodyImageByURL/MIC_212002253189026056001.jpeg,,,Bengaluru Urban,Bengaluru Urban,525,99999- Area Not Under Any Sub-district,9999,BBMP,276600,wbc-2017-18
2/12/002/253189/026056/002,2957241,1090602,KA,BANGALORE URBAN,ANEKAL,BANGALORE (M CORP.) - WARD NO.85,03,Lake,12.965,77.7080556,Urban,2022-04-21,2,Panchayat,,No,Natural,0,4,0,No,https://mi6census.mowr.gov.in/mic/getWaterBodyImageByURL/MIC_212002253189026056002.jpeg,,,Bengaluru Urban,Bengaluru Urban,525,99999- Area Not Under Any Sub-district,9999,BBMP,276600,wbc-2017-18
2/12/002/253189/026434/001,2957240,1090603,KA,BANGALORE URBAN,ANEKAL,BANGALORE (M CORP.) - WARD NO.86,03,Lake,12.9625,77.7083333,Urban,2022-04-21,1,Panchayat,,No,Natural,0,4,0,No,https://mi6census.mowr.gov.in/mic/getWaterBodyImageByURL/MIC_212002253189026434001.jpeg,,,Bengaluru Urban,Bengaluru Urban,525,99999- Area Not Under Any Sub-district,9999,BBMP,276600,wbc-2017-18
2/12/002/253189/026434/002,2957244,1090604,KA,BANGALORE URBAN,ANEKAL,BANGALORE (M CORP.) - WARD NO.86,03,Lake,12.9708333,77.7186111,Urban,2022-04-21,2,Panchayat,,No,Natural,0,4,0,No,https://mi6census.mowr.gov.in/mic/getWaterBodyImageByURL/MIC_212002253189026434002.jpeg,,,Bengaluru Urban,Bengaluru Urban,525,99999- Area Not Under Any Sub-district,9999,BBMP,276600,wbc-2017-18
2/12/002/253190/025550/001,2950161,1090723,KA,BANGALORE URBAN,BBMP,KUNIGAL (TMC) - WARD NO.12,03,Lake,13.0094444,77.5755556,Urban,2022-02-21,1,Panchayat,,No,Natural,0,4,0,No,https://mi6census.mowr.gov.in/mic/getWaterBodyImageByURL/MIC_212002253190025550001.jpeg,,,Bengaluru Urban,Bengaluru Urban,525,99999- Area Not Under Any Sub-district,9999,BBMP,276600,wbc-2017-18
2/12/002/253190/025564/001,2896839,1090724,KA,BANGALORE URBAN,BBMP,KUNIGAL (TMC) - WARD NO.19,03,Lake,12.9855556,77.6211111,Urban,2021-12-24,1,Panchayat,,No,Natural,0,4,0,No,https://mi6census.mowr.gov.in/mic/getWaterBodyImageByURL/MIC_212002253190025564001.jpeg,,,Bengaluru Urban,Bengaluru Urban,525,99999- Area Not Under Any Sub-district,9999,BBMP,276600,wbc-2017-18
2/12/002/276600/1302695/001,5948606,1090705,KA,BANGALORE URBAN,BBMP,BBMP WARD NUMBER 23 (NAGAVARA),03,Lake,13.0755556,77.6416667,Urban,2022-04-30,1,Panchayat,,No,Natural,0,4,0,No,https://mi6census.mowr.gov.in/mic/getWaterBodyImageByURL/MIC_2120022766001302695001.jpeg,,,Bengaluru Urban,Bengaluru Urban,525,99999- Area Not Under Any Sub-district,9999,BBMP,276600,wbc-2017-18
2/12/002/276600/1302697/001,5948605,1090706,KA,BANGALORE URBAN,BBMP,BBMP WARD NUMBER 25 (HORAMAVU),03,Lake,13.0244444,77.6444444,Urban,2022-04-30,1,Panchayat,,No,Natural,0,4,0,No,https://mi6census.mowr.gov.in/mic/getWaterBodyImageByURL/MIC_2120022766001302697001.jpeg,,,Bengaluru Urban,Bengaluru Urban,525,99999- Area Not Under Any Sub-district,9999,BBMP,276600,wbc-2017-18
2/12/002/276600/1302697/002,5948609,1090707,KA,BANGALORE URBAN,BBMP,BBMP WARD NUMBER 25 (HORAMAVU),03,Lake,13.0461111,77.6580556,Urban,2022-04-30,2,Panchayat,,No,Natural,0,4,0,No,https://mi6census.mowr.gov.in/mic/getWaterBodyImageByURL/MIC_2120022766001302697002.jpeg,,,Bengaluru Urban,Bengaluru Urban,525,99999- Area Not Under Any Sub-district,9999,BBMP,276600,wbc-2017-18
2/12/002/276600/1302698/001,5948613,1090708,KA,BANGALORE URBAN,BBMP,BBMP WARD NUMBER 26 (RAMAMURTHY NAGAR),03,Lake,13.0425,77.6875,Urban,2022-04-30,1,Panchayat,,No,Natural,0,4,0,No,https://mi6census.mowr.gov.in/mic/getWaterBodyImageByURL/MIC_2120022766001302698001.jpeg,,,Bengaluru Urban,Bengaluru Urban,525,99999- Area Not Under Any Sub-district,9999,BBMP,276600,wbc-2017-18
2/12/002/276600/1302707/001,5959465,1090709,KA,BANGALORE URBAN,BBMP,BBMP WARD NUMBER 35 (ARAMANE NAGARA),03,Lake,13.0080556,77.5725,Urban,2022-06-03,1,Panchayat,,No,Natural,0,4,0,No,https://mi6census.mowr.gov.in/mic/getWaterBodyImageByURL/MIC_2120022766001302707001.jpeg,,,Bengaluru Urban,Bengaluru Urban,525,99999- Area Not Under Any Sub-district,9999,BBMP,276600,wbc-2017-18
2/12/002/276600/1302711/001,5959467,1090710,KA,BANGALORE URBAN,BBMP,BBMP WARD NUMBER 39 (CHOKKASANDRA),03,Lake,13.0394444,77.5111111,Urban,2022-06-03,1,Panchayat,,No,Natural,0,4,0,No,https://mi6census.mowr.gov.in/mic/getWaterBodyImageByURL/MIC_2120022766001302711001.jpeg,,,Bengaluru Urban,Bengaluru Urban,525,99999- Area Not Under Any Sub-district,9999,BBMP,276600,wbc-2017-18
2/12/002/276600/1302712/001,5959472,1090711,KA,BANGALORE URBAN,BBMP,BBMP WARD NUMBER 40 (DODDA BIDARAKALLU),03,Lake,13.045,77.4955556,Urban,2022-06-03,1,Panchayat,,No,Natural,0,4,0,No,https://mi6census.mowr.gov.in/mic/getWaterBodyImageByURL/MIC_2120022766001302712001.jpeg,,,Bengaluru Urban,Bengaluru Urban,525,99999- Area Not Under Any Sub-district,9999,BBMP,276600,wbc-2017-18
2/12/002/276600/1302713/001,5959468,1090715,KA,BANGALORE URBAN,BBMP,BBMP WARD NUMBER 41 (PEENYA INDUSTRIAL AREA),03,Lake,13.0258333,77.5047222,Urban,2022-06-03,1,Panchayat,,No,Natural,0,4,0,No,https://mi6census.mowr.gov.in/mic/getWaterBodyImageByURL/MIC_2120022766001302713001.jpeg,,,Bengaluru Urban,Bengaluru Urban,525,99999- Area Not Under Any Sub-district,9999,BBMP,276600,wbc-2017-18
2/12/002/276600/1302713/002,5959470,1090712,KA,BANGALORE URBAN,BBMP,BBMP WARD NUMBER 41 (PEENYA INDUSTRIAL AREA),03,Lake,13.0244444,77.5044444,Urban,2022-06-03,2,Panchayat,,No,Natural,0,4,0,No,https://mi6census.mowr.gov.in/mic/getWaterBodyImageByURL/MIC_2120022766001302713002.jpeg,,,Bengaluru Urban,Bengaluru Urban,525,99999- Area Not Under Any Sub-district,9999,BBMP,276600,wbc-2017-18
2/12/002/276600/1302713/003,5959471,1090714,KA,BANGALORE URBAN,BBMP,BBMP WARD NUMBER 41 (PEENYA INDUSTRIAL AREA),03,Lake,13.0258333,77.4977778,Urban,2022-06-03,3,Panchayat,,No,Natural,0,4,0,No,https://mi6census.mowr.gov.in/mic/getWaterBodyImageByURL/MIC_2120022766001302713003.jpeg,,,Bengaluru Urban,Bengaluru Urban,525,99999- Area Not Under Any Sub-district,9999,BBMP,276600,wbc-2017-18
2/12/002/276600/1302713/004,5959474,1090713,KA,BANGALORE URBAN,BBMP,BBMP WARD NUMBER 41 (PEENYA INDUSTRIAL AREA),03,Lake,13.0847222,77.53,Urban,2022-06-04,4,Panchayat,,No,Natural,0,4,0,No,https://mi6census.mowr.gov.in/mic/getWaterBodyImageByURL/MIC_2120022766001302713004.jpeg,,,Bengaluru Urban,Bengaluru Urban,525,Bengaluru North,5542,Lakshmipura,612820,wbc-2017-18
2/12/002/276600/1302723/001,5959233,1090716,KA,BANGALORE URBAN,BBMP,BBMP WARD NUMBER 51 (VIJNANAPURA),03,Lake,12.995,77.6663889,Urban,2022-05-16,1,Panchayat,,No,Natural,0,4,0,No,https://mi6census.mowr.gov.in/mic/getWaterBodyImageByURL/MIC_2120022766001302723001.jpeg,,,Bengaluru Urban,Bengaluru Urban,525,99999- Area Not Under Any Sub-district,9999,BBMP,276600,wbc-2017-18
2/12/002/276600/1302724/001,5948659,1090717,KA,BANGALORE URBAN,BBMP,BBMP WARD NUMBER 52 (KR PURAM),03,Lake,13.0241667,77.7077778,Urban,2022-04-30,1,Panchayat,,No,Natural,0,4,0,No,https://mi6census.mowr.gov.in/mic/getWaterBodyImageByURL/MIC_2120022766001302724001.jpeg,,,Bengaluru Urban,Bengaluru Urban,525,Bengaluru East,5544,Kithiganur,613081,wbc-2017-18
2/12/002/276600/1302725/001,5948657,1090718,KA,BANGALORE URBAN,BBMP,BBMP WARD NUMBER 53 (BASAVANAPURA),03,Lake,13.0288889,77.7258333,Urban,2022-04-30,1,Panchayat,,No,Natural,0,4,0,No,https://mi6census.mowr.gov.in/mic/getWaterBodyImageByURL/MIC_2120022766001302725001.jpeg,,,Bengaluru Urban,Bengaluru Urban,525,99999- Area Not Under Any Sub-district,9999,BBMP,276600,wbc-2017-18
2/12/002/276600/1302726/001,5948666,1090719,KA,BANGALORE URBAN,BBMP,BBMP WARD NUMBER 54 (HUDI),03,Lake,13.0261111,77.6863889,Urban,2022-04-30,1,Panchayat,,No,Natural,0,4,0,No,https://mi6census.mowr.gov.in/mic/getWaterBodyImageByURL/MIC_2120022766001302726001.jpeg,,,Bengaluru Urban,Bengaluru Urban,525,99999- Area Not Under Any Sub-district,9999,BBMP,276600,wbc-2017-18
2/12/002/276600/1302744/001,5953675,1090720,KA,BANGALORE URBAN,BBMP,BBMP WARD NUMBER 72 (HEROHALLI),03,Lake,12.9827778,77.4911111,Urban,2022-05-04,1,Panchayat,,No,Natural,0,4,0,No,https://mi6census.mowr.gov.in/mic/getWaterBodyImageByURL/MIC_2120022766001302744001.jpeg,,,Bengaluru Urban,Bengaluru Urban,525,99999- Area Not Under Any Sub-district,9999,BBMP,276600,wbc-2017-18
2/12/002/276600/1302745/001,5958749,1090721,KA,BANGALORE URBAN,BBMP,BBMP WARD NUMBER 73 (KOTTEGEPALYA),03,Lake,12.965,77.5083333,Urban,2022-05-05,1,Panchayat,,No,Natural,0,4,0,No,https://mi6census.mowr.gov.in/mic/getWaterBodyImageByURL/MIC_2120022766001302745001.jpeg,,,Bengaluru Urban,Bengaluru Urban,525,99999- Area Not Under Any Sub-district,9999,BBMP,276600,wbc-2017-18
2/12/002/276600/1302753/001,5959418,1090722,KA,BANGALORE URBAN,BBMP,BBMP WARD NUMBER 81 (VIJNANA NAGAR),03,Lake,12.9669444,77.6741667,Urban,2022-05-26,1,Panchayat,,No,Natural,1,4,0,No,https://mi6census.mowr.gov.in/mic/getWaterBodyImageByURL/MIC_2120022766001302753001.jpeg,,,Bengaluru Urban,Bengaluru Urban,525,99999- Area Not Under Any Sub-district,9999,BBMP,276600,wbc-2017-18
2/12/002/276600/1302773/001,5959487,1090607,KA,BANGALORE URBAN,BBMP,BBMP WARD NUMBER 101 (KAMAKSHI PALYA),03,Lake,12.9838889,77.5291667,Urban,2022-06-04,1,Panchayat,,No,Natural,0,4,0,No,https://mi6census.mowr.gov.in/mic/getWaterBodyImageByURL/MIC_2120022766001302773001.jpeg,,,Bengaluru Urban,Bengaluru Urban,525,99999- Area Not Under Any Sub-district,9999,BBMP,276600,wbc-2017-18
2/12/002/276600/1302773/002,5959488,1090608,KA,BANGALORE URBAN,BBMP,BBMP WARD NUMBER 101 (KAMAKSHI PALYA),03,Lake,12.9908333,77.5430556,Urban,2022-06-04,2,Panchayat,,No,Natural,0,4,0,No,https://mi6census.mowr.gov.in/mic/getWaterBodyImageByURL/MIC_2120022766001302773002.jpeg,,,Bengaluru Urban,Bengaluru Urban,525,99999- Area Not Under Any Sub-district,9999,BBMP,276600,wbc-2017-18
2/12/002/276600/1302777/001,5959489,1090609,KA,BANGALORE URBAN,BBMP,BBMP WARD NUMBER 105 (AGRAHARA DASARAHALLI),03,Lake,12.9841667,77.5438889,Urban,2022-06-04,1,Panchayat,,No,Natural,0,4,0,No,https://mi6census.mowr.gov.in/mic/getWaterBodyImageByURL/MIC_2120022766001302777001.jpeg,,,Bengaluru Urban,Bengaluru Urban,525,99999- Area Not Under Any Sub-district,9999,BBMP,276600,wbc-2017-18
2/12/002/276600/1302800/001,5959503,1090612,KA,BANGALORE URBAN,BBMP,BBMP WARD NUMBER 128 (NAGARABHAVI),03,Lake,12.9505556,77.5233333,Urban,2022-06-05,1,Panchayat,,No,Natural,0,4,0,No,https://mi6census.mowr.gov.in/mic/getWaterBodyImageByURL/MIC_2120022766001302800001.jpeg,,,Bengaluru Urban,Bengaluru Urban,525,99999- Area Not Under Any Sub-district,9999,BBMP,276600,wbc-2017-18
2/12/002/276600/1302801/001,5958660,1090613,KA,BANGALORE URBAN,BBMP,BBMP WARD NUMBER 129 (JNANA BHARATHI WARD),03,Lake,12.9619444,77.4933333,Urban,2022-05-05,1,Panchayat,,No,Natural,0,4,0,No,https://mi6census.mowr.gov.in/mic/getWaterBodyImageByURL/MIC_2120022766001302801001.jpeg,,,Bengaluru Urban,Bengaluru Urban,525,99999- Area Not Under Any Sub-district,9999,BBMP,276600,wbc-2017-18
2/12/002/276600/1302801/002,5958669,1090614,KA,BANGALORE URBAN,BBMP,BBMP WARD NUMBER 129 (JNANA BHARATHI WARD),03,Lake,12.9844444,77.5008333,Urban,2022-05-05,2,Panchayat,,No,Natural,0,4,0,No,https://mi6census.mowr.gov.in/mic/getWaterBodyImageByURL/MIC_2120022766001302801002.jpeg,,,Bengaluru Urban,Bengaluru Urban,525,99999- Area Not Under Any Sub-district,9999,BBMP,276600,wbc-2017-18
2/12/002/276600/1302802/001,2958679,1090617,KA,BANGALORE URBAN,BBMP,BBMP WARD NUMBER 130 (ULLALU),01,Pond,12.9594444,77.4794444,Urban,2022-04-29,1,Panchayat,,No,Natural,0,4,0,No,https://mi6census.mowr.gov.in/mic/getWaterBodyImageByURL/MIC_2120022766001302802001.jpeg,,,Bengaluru Urban,Bengaluru Urban,525,99999- Area Not Under Any Sub-district,9999,BBMP,276600,wbc-2017-18
2/12/002/276600/1302802/002,2958680,1090618,KA,BANGALORE URBAN,BBMP,BBMP WARD NUMBER 130 (ULLALU),03,Lake,12.9463889,77.4713889,Urban,2022-04-29,2,Panchayat,,No,Natural,0,4,0,No,https://mi6census.mowr.gov.in/mic/getWaterBodyImageByURL/MIC_2120022766001302802002.jpeg,,,Bengaluru Urban,Bengaluru Urban,525,Bengaluru South,5543,Bbmp,276600,wbc-2017-18
2/12/002/276600/1302802/003,5948604,1090619,KA,BANGALORE URBAN,BBMP,BBMP WARD NUMBER 130 (ULLALU),03,Lake,12.9316667,77.4930556,Urban,2022-04-30,3,Panchayat,,No,Natural,0,4,0,No,https://mi6census.mowr.gov.in/mic/getWaterBodyImageByURL/MIC_2120022766001302802003.jpeg,,,Bengaluru Urban,Bengaluru Urban,525,99999- Area Not Under Any Sub-district,9999,BBMP,276600,wbc-2017-18
2/12/002/276600/1302802/004,5958647,1090616,KA,BANGALORE URBAN,BBMP,BBMP WARD NUMBER 130 (ULLALU),03,Lake,12.9602778,77.4713889,Urban,2022-05-05,4,Panchayat,,No,Natural,0,4,0,No,https://mi6census.mowr.gov.in/mic/getWaterBodyImageByURL/MIC_2120022766001302802004.jpeg,,,Bengaluru Urban,Bengaluru Urban,525,Bengaluru North,5542,Manganahalli,612825,wbc-2017-18
2/12/002/276600/1302803/001,5959497,1090620,KA,BANGALORE URBAN,BBMP,BBMP WARD NUMBER 131 (NAYANDAHALLI),03,Lake,12.9411111,77.5205556,Urban,2022-06-05,1,Panchayat,,No,Natural,0,4,0,No,https://mi6census.mowr.gov.in/mic/getWaterBodyImageByURL/MIC_2120022766001302803001.jpeg,,,Bengaluru Urban,Bengaluru Urban,525,99999- Area Not Under Any Sub-district,9999,BBMP,276600,wbc-2017-18
2/12/002/276600/1302816/001,5959099,1090622,KA,BANGALORE URBAN,BBMP,BBMP WARD NUMBER 144 (SIDDAPURA),03,Lake,12.96,77.7241667,Urban,2022-05-13,1,Panchayat,,No,Natural,0,4,0,No,https://mi6census.mowr.gov.in/mic/getWaterBodyImageByURL/MIC_2120022766001302816001.jpeg,,,Bengaluru Urban,Bengaluru Urban,525,99999- Area Not Under Any Sub-district,9999,BBMP,276600,wbc-2017-18
2/12/002/276600/1302821/001,5959103,1090623,KA,BANGALORE URBAN,BBMP,BBMP WARD NUMBER 149 (VARTHUR),03,Lake,12.9333333,77.7055556,Urban,2022-05-13,1,Panchayat,,No,Natural,0,4,0,No,https://mi6census.mowr.gov.in/mic/getWaterBodyImageByURL/MIC_2120022766001302821001.jpeg,,,Bengaluru Urban,Bengaluru Urban,525,99999- Area Not Under Any Sub-district,9999,BBMP,276600,wbc-2017-18
2/12/002/276600/1302821/002,5959105,1090626,KA,BANGALORE URBAN,BBMP,BBMP WARD NUMBER 149 (VARTHUR),03,Lake,12.92,77.7238889,Urban,2022-05-13,2,Panchayat,,No,Natural,0,4,0,No,https://mi6census.mowr.gov.in/mic/getWaterBodyImageByURL/MIC_2120022766001302821002.jpeg,,,Bengaluru Urban,Bengaluru Urban,525,99999- Area Not Under Any Sub-district,9999,BBMP,276600,wbc-2017-18
2/12/002/276600/1302821/003,5959107,1090625,KA,BANGALORE URBAN,BBMP,BBMP WARD NUMBER 149 (VARTHUR),03,Lake,12.9152778,77.7213889,Urban,2022-05-13,3,Panchayat,,No,Natural,0,4,0,No,https://mi6census.mowr.gov.in/mic/getWaterBodyImageByURL/MIC_2120022766001302821003.jpeg,,,Bengaluru Urban,Bengaluru Urban,525,99999- Area Not Under Any Sub-district,9999,BBMP,276600,wbc-2017-18
2/12/002/276600/1302821/004,5959108,1090627,KA,BANGALORE URBAN,BBMP,BBMP WARD NUMBER 149 (VARTHUR),03,Lake,12.9175,77.7113889,Urban,2022-05-13,4,Panchayat,,No,Natural,0,4,0,No,https://mi6census.mowr.gov.in/mic/getWaterBodyImageByURL/MIC_2120022766001302821004.jpeg,,,Bengaluru Urban,Bengaluru Urban,525,99999- Area Not Under Any Sub-district,9999,BBMP,276600,wbc-2017-18
2/12/002/276600/1302821/005,5959116,1090624,KA,BANGALORE URBAN,BBMP,BBMP WARD NUMBER 149 (VARTHUR),03,Lake,12.91,77.7186111,Urban,2022-05-13,5,Panchayat,,No,Natural,0,4,0,No,https://mi6census.mowr.gov.in/mic/getWaterBodyImageByURL/MIC_2120022766001302821005.jpeg,,,Bengaluru Urban,Bengaluru Urban,525,99999- Area Not Under Any Sub-district,9999,BBMP,276600,wbc-2017-18
2/12/002/276600/1302822/001,5958676,1090630,KA,BANGALORE URBAN,BBMP,BBMP WARD NUMBER 150 (BELLANDURU),03,Lake,12.9127778,77.6947222,Urban,2022-05-05,1,Panchayat,,No,Natural,0,4,0,No,https://mi6census.mowr.gov.in/mic/getWaterBodyImageByURL/MIC_2120022766001302822001.jpeg,,,Bengaluru Urban,Bengaluru Urban,525,99999- Area Not Under Any Sub-district,9999,BBMP,276600,wbc-2017-18
2/12/002/276600/1302822/002,5958688,1090635,KA,BANGALORE URBAN,BBMP,BBMP WARD NUMBER 150 (BELLANDURU),03,Lake,12.9133333,77.6705556,Urban,2022-05-05,2,Panchayat,,No,Natural,0,4,0,No,https://mi6census.mowr.gov.in/mic/getWaterBodyImageByURL/MIC_2120022766001302822002.jpeg,,,Bengaluru Urban,Bengaluru Urban,525,99999- Area Not Under Any Sub-district,9999,BBMP,276600,wbc-2017-18
2/12/002/276600/1302822/003,5958698,1090629,KA,BANGALORE URBAN,BBMP,BBMP WARD NUMBER 150 (BELLANDURU),03,Lake,12.9122222,77.6636111,Urban,2022-05-05,3,Panchayat,,No,Natural,0,4,0,No,https://mi6census.mowr.gov.in/mic/getWaterBodyImageByURL/MIC_2120022766001302822003.jpeg,,,Bengaluru Urban,Bengaluru Urban,525,99999- Area Not Under Any Sub-district,9999,BBMP,276600,wbc-2017-18
2/12/002/276600/1302822/004,5958707,1090637,KA,BANGALORE URBAN,BBMP,BBMP WARD NUMBER 150 (BELLANDURU),03,Lake,12.9175,77.6655556,Urban,2022-05-05,4,Panchayat,,No,Natural,0,4,0,No,https://mi6census.mowr.gov.in/mic/getWaterBodyImageByURL/MIC_2120022766001302822004.jpeg,,,Bengaluru Urban,Bengaluru Urban,525,99999- Area Not Under Any Sub-district,9999,BBMP,276600,wbc-2017-18
2/12/002/276600/1302822/005,5958724,1090628,KA,BANGALORE URBAN,BBMP,BBMP WARD NUMBER 150 (BELLANDURU),03,Lake,12.8977778,77.6616667,Urban,2022-05-05,5,Panchayat,,No,Natural,0,4,0,No,https://mi6census.mowr.gov.in/mic/getWaterBodyImageByURL/MIC_2120022766001302822005.jpeg,,,Bengaluru Urban,Bengaluru Urban,525,99999- Area Not Under Any Sub-district,9999,BBMP,276600,wbc-2017-18
2/12/002/276600/1302822/006,5958729,1090633,KA,BANGALORE URBAN,BBMP,BBMP WARD NUMBER 150 (BELLANDURU),03,Lake,12.9030556,77.6661111,Urban,2022-05-05,6,Panchayat,,No,Natural,0,4,0,No,https://mi6census.mowr.gov.in/mic/getWaterBodyImageByURL/MIC_2120022766001302822006.jpeg,,,Bengaluru Urban,Bengaluru Urban,525,99999- Area Not Under Any Sub-district,9999,BBMP,276600,wbc-2017-18
2/12/002/276600/1302822/007,5958735,1090634,KA,BANGALORE URBAN,BBMP,BBMP WARD NUMBER 150 (BELLANDURU),03,Lake,12.9222222,77.6877778,Urban,2022-05-05,7,Panchayat,,No,Natural,0,4,0,No,https://mi6census.mowr.gov.in/mic/getWaterBodyImageByURL/MIC_2120022766001302822007.jpeg,,,Bengaluru Urban,Bengaluru Urban,525,99999- Area Not Under Any Sub-district,9999,BBMP,276600,wbc-2017-18
2/12/002/276600/1302822/008,5958745,1090631,KA,BANGALORE URBAN,BBMP,BBMP WARD NUMBER 150 (BELLANDURU),03,Lake,12.9241667,77.6994444,Urban,2022-05-05,8,Panchayat,,No,Natural,0,4,0,No,https://mi6census.mowr.gov.in/mic/getWaterBodyImageByURL/MIC_2120022766001302822008.jpeg,,,Bengaluru Urban,Bengaluru Urban,525,99999- Area Not Under Any Sub-district,9999,BBMP,276600,wbc-2017-18
2/12/002/276600/1302822/009,5959152,1090632,KA,BANGALORE URBAN,BBMP,BBMP WARD NUMBER 150 (BELLANDURU),03,Lake,12.9030556,77.6811111,Urban,2022-05-13,9,Panchayat,,No,Natural,0,4,0,No,https://mi6census.mowr.gov.in/mic/getWaterBodyImageByURL/MIC_2120022766001302822009.jpeg,,,Bengaluru Urban,Bengaluru Urban,525,99999- Area Not Under Any Sub-district,9999,BBMP,276600,wbc-2017-18
2/12/002/276600/1302822/010,5959154,1090636,KA,BANGALORE URBAN,BBMP,BBMP WARD NUMBER 150 (BELLANDURU),03,Lake,12.9158333,77.6786111,Urban,2022-05-13,10,Panchayat,,No,Natural,0,4,0,No,https://mi6census.mowr.gov.in/mic/getWaterBodyImageByURL/MIC_2120022766001302822010.jpeg,,,Bengaluru Urban,Bengaluru Urban,525,99999- Area Not Under Any Sub-district,9999,BBMP,276600,wbc-2017-18
2/12/002/276600/1302823/001,5958761,1090638,KA,BANGALORE URBAN,BBMP,BBMP WARD NUMBER 151 (KORAMANGALA),03,Lake,12.9319444,77.625,Urban,2022-05-05,1,Panchayat,,No,Natural,0,4,0,No,https://mi6census.mowr.gov.in/mic/getWaterBodyImageByURL/MIC_2120022766001302823001.jpeg,,,Bengaluru Urban,Bengaluru Urban,525,99999- Area Not Under Any Sub-district,9999,BBMP,276600,wbc-2017-18
2/12/002/276600/1302825/001,5958760,1090639,KA,BANGALORE URBAN,BBMP,BBMP WARD NUMBER 153 (JAYANAGAR),03,Lake,12.9311111,77.5955556,Urban,2022-05-05,1,Panchayat,,No,Natural,0,4,0,No,https://mi6census.mowr.gov.in/mic/getWaterBodyImageByURL/MIC_2120022766001302825001.jpeg,,,Bengaluru Urban,Bengaluru Urban,525,99999- Area Not Under Any Sub-district,9999,BBMP,276600,wbc-2017-18
2/12/002/276600/1302827/001,5958762,1090640,KA,BANGALORE URBAN,BBMP,BBMP WARD NUMBER 155 (HANUMANTH NAGAR),03,Lake,12.9530556,77.5594444,Urban,2022-05-05,1,Panchayat,,No,Natural,0,4,0,No,https://mi6census.mowr.gov.in/mic/getWaterBodyImageByURL/MIC_2120022766001302827001.jpeg,,,Bengaluru Urban,Bengaluru Urban,525,99999- Area Not Under Any Sub-district,9999,BBMP,276600,wbc-2017-18
2/12/002/276600/1302831/001,5948603,1090641,KA,BANGALORE URBAN,BBMP,BBMP WARD NUMBER 159 (KENGERI),03,Lake,12.9144444,77.4855556,Urban,2022-04-30,1,Panchayat,,No,Natural,0,4,0,No,https://mi6census.mowr.gov.in/mic/getWaterBodyImageByURL/MIC_2120022766001302831001.jpeg,,,Bengaluru Urban,Bengaluru Urban,525,99999- Area Not Under Any Sub-district,9999,BBMP,276600,wbc-2017-18
2/12/002/276600/1302831/002,5958775,1090642,KA,BANGALORE URBAN,BBMP,BBMP WARD NUMBER 159 (KENGERI),03,Lake,12.9311111,77.4827778,Urban,2022-05-06,2,Panchayat,,No,Natural,0,4,0,No,https://mi6census.mowr.gov.in/mic/getWaterBodyImageByURL/MIC_2120022766001302831002.jpeg,,,Bengaluru Urban,Bengaluru Urban,525,Bengaluru South,5543,Bbmp,276600,wbc-2017-18
2/12/002/276600/1302832/001,5948638,1090644,KA,BANGALORE URBAN,BBMP,BBMP WARD NUMBER 160 (RAJA RAJESHAWARI NAGAR),03,Lake,12.9252778,77.5147222,Urban,2022-04-30,1,Panchayat,,No,Natural,0,4,0,No,https://mi6census.mowr.gov.in/mic/getWaterBodyImageByURL/MIC_2120022766001302832001.jpeg,,,Bengaluru Urban,Bengaluru Urban,525,99999- Area Not Under Any Sub-district,9999,BBMP,276600,wbc-2017-18
2/12/002/276600/1302832/002,5948648,1090643,KA,BANGALORE URBAN,BBMP,BBMP WARD NUMBER 160 (RAJA RAJESHAWARI NAGAR),03,Lake,12.9147222,77.5283333,Urban,2022-04-30,2,Panchayat,,No,Natural,0,4,0,No,https://mi6census.mowr.gov.in/mic/getWaterBodyImageByURL/MIC_2120022766001302832002.jpeg,,,Bengaluru Urban,Bengaluru Urban,525,99999- Area Not Under Any Sub-district,9999,BBMP,276600,wbc-2017-18
2/12/002/276600/1302832/003,5948678,1090645,KA,BANGALORE URBAN,BBMP,BBMP WARD NUMBER 160 (RAJA RAJESHAWARI NAGAR),03,Lake,12.925,77.5088889,Urban,2022-04-30,3,Panchayat,,No,Natural,0,4,0,No,https://mi6census.mowr.gov.in/mic/getWaterBodyImageByURL/MIC_2120022766001302832003.jpeg,,,Bengaluru Urban,Bengaluru Urban,525,99999- Area Not Under Any Sub-district,9999,BBMP,276600,wbc-2017-18
2/12/002/276600/1302839/001,5948668,1090646,KA,BANGALORE URBAN,BBMP,BBMP WARD NUMBER 167 (YEDIYUR),03,Lake,12.9325,77.5769444,Urban,2022-04-30,1,Panchayat,,No,Natural,0,4,0,No,https://mi6census.mowr.gov.in/mic/getWaterBodyImageByURL/MIC_2120022766001302839001.jpeg,,,Bengaluru Urban,Bengaluru Urban,525,99999- Area Not Under Any Sub-district,9999,BBMP,276600,wbc-2017-18
2/12/002/276600/1302846/001,5958625,1090648,KA,BANGALORE URBAN,BBMP,BBMP WARD NUMBER 174 (HSR LAYOUT),03,Lake,12.9188889,77.6444444,Urban,2022-05-04,1,Panchayat,,No,Natural,0,4,0,No,https://mi6census.mowr.gov.in/mic/getWaterBodyImageByURL/MIC_2120022766001302846001.jpeg,,,Bengaluru Urban,Bengaluru Urban,525,99999- Area Not Under Any Sub-district,9999,BBMP,276600,wbc-2017-18
2/12/002/276600/1302846/002,5958626,1090647,KA,BANGALORE URBAN,BBMP,BBMP WARD NUMBER 174 (HSR LAYOUT),03,Lake,12.9213889,77.6652778,Urban,2022-05-04,2,Panchayat,,No,Natural,0,4,0,No,https://mi6census.mowr.gov.in/mic/getWaterBodyImageByURL/MIC_2120022766001302846002.jpeg,,,Bengaluru Urban,Bengaluru Urban,525,99999- Area Not Under Any Sub-district,9999,BBMP,276600,wbc-2017-18
2/12/002/276600/1302854/001,5948665,1090649,KA,BANGALORE URBAN,BBMP,BBMP WARD NUMBER 182 (PADMANABHA NAGAR),03,Lake,12.9088889,77.5566667,Urban,2022-04-30,1,Panchayat,,No,Natural,0,4,0,No,https://mi6census.mowr.gov.in/mic/getWaterBodyImageByURL/MIC_2120022766001302854001.jpeg,,,Bengaluru Urban,Bengaluru Urban,525,99999- Area Not Under Any Sub-district,9999,BBMP,276600,wbc-2017-18
2/12/002/276600/1302856/001,5948607,1090653,KA,BANGALORE URBAN,BBMP,BBMP WARD NUMBER 184 (UTTARAHALLI),03,Lake,12.9108333,77.5436111,Urban,2022-04-30,1,Panchayat,,No,Natural,0,4,0,No,https://mi6census.mowr.gov.in/mic/getWaterBodyImageByURL/MIC_2120022766001302856001.jpeg,,,Bengaluru Urban,Bengaluru Urban,525,99999- Area Not Under Any Sub-district,9999,BBMP,276600,wbc-2017-18
2/12/002/276600/1302856/002,5948612,1090652,KA,BANGALORE URBAN,BBMP,BBMP WARD NUMBER 184 (UTTARAHALLI),03,Lake,12.8975,77.5433333,Urban,2022-04-30,2,Panchayat,,No,Natural,0,4,0,No,https://mi6census.mowr.gov.in/mic/getWaterBodyImageByURL/MIC_2120022766001302856002.jpeg,,,Bengaluru Urban,Bengaluru Urban,525,99999- Area Not Under Any Sub-district,9999,BBMP,276600,wbc-2017-18
2/12/002/276600/1302856/003,5948614,1090651,KA,BANGALORE URBAN,BBMP,BBMP WARD NUMBER 184 (UTTARAHALLI),03,Lake,12.8813889,77.54,Urban,2022-04-30,3,Panchayat,,No,Natural,0,4,0,No,https://mi6census.mowr.gov.in/mic/getWaterBodyImageByURL/MIC_2120022766001302856003.jpeg,,,Bengaluru Urban,Bengaluru Urban,525,99999- Area Not Under Any Sub-district,9999,BBMP,276600,wbc-2017-18
2/12/002/276600/1302856/004,5948672,1090655,KA,BANGALORE URBAN,BBMP,BBMP WARD NUMBER 184 (UTTARAHALLI),03,Lake,12.9008333,77.5486111,Urban,2022-04-30,4,Panchayat,,No,Natural,0,4,0,No,https://mi6census.mowr.gov.in/mic/getWaterBodyImageByURL/MIC_2120022766001302856004.jpeg,,,Bengaluru Urban,Bengaluru Urban,525,99999- Area Not Under Any Sub-district,9999,BBMP,276600,wbc-2017-18
2/12/002/276600/1302856/005,5958692,1090650,KA,BANGALORE URBAN,BBMP,BBMP WARD NUMBER 184 (UTTARAHALLI),03,Lake,12.9136111,77.5338889,Urban,2022-05-05,5,Panchayat,,No,Natural,0,4,0,No,https://mi6census.mowr.gov.in/mic/getWaterBodyImageByURL/MIC_2120022766001302856005.jpeg,,,Bengaluru Urban,Bengaluru Urban,525,99999- Area Not Under Any Sub-district,9999,BBMP,276600,wbc-2017-18
2/12/002/276600/1302856/006,5958705,1090654,KA,BANGALORE URBAN,BBMP,BBMP WARD NUMBER 184 (UTTARAHALLI),03,Lake,12.9141667,77.5319444,Urban,2022-05-05,6,Panchayat,,No,Natural,0,4,0,No,https://mi6census.mowr.gov.in/mic/getWaterBodyImageByURL/MIC_2120022766001302856006.jpeg,,,Bengaluru Urban,Bengaluru Urban,525,99999- Area Not Under Any Sub-district,9999,BBMP,276600,wbc-2017-18
2/12/002/276600/1302857/001,5948654,1090656,KA,BANGALORE URBAN,BBMP,BBMP WARD NUMBER 185 (YELCHENAHALLI),03,Lake,12.9005556,77.5655556,Urban,2022-04-30,1,Panchayat,,No,Natural,0,4,0,No,https://mi6census.mowr.gov.in/mic/getWaterBodyImageByURL/MIC_2120022766001302857001.jpeg,,,Bengaluru Urban,Bengaluru Urban,525,99999- Area Not Under Any Sub-district,9999,BBMP,276600,wbc-2017-18
2/12/002/276600/1302858/001,5948636,1090657,KA,BANGALORE URBAN,BBMP,BBMP WARD NUMBER 186 (JARAGANAHALLI),03,Lake,12.9019444,77.5808333,Urban,2022-04-30,1,Panchayat,,No,Natural,0,4,0,No,https://mi6census.mowr.gov.in/mic/getWaterBodyImageByURL/MIC_2120022766001302858001.jpeg,,,Bengaluru Urban,Bengaluru Urban,525,99999- Area Not Under Any Sub-district,9999,BBMP,276600,wbc-2017-18
2/12/002/276600/1302860/001,5958632,1090658,KA,BANGALORE URBAN,BBMP,BBMP WARD NUMBER 188 (BILEKHALLI),03,Lake,12.9047222,77.6188889,Urban,2022-05-04,1,Panchayat,,No,Natural,0,4,0,No,https://mi6census.mowr.gov.in/mic/getWaterBodyImageByURL/MIC_2120022766001302860001.jpeg,,,Bengaluru Urban,Bengaluru Urban,525,99999- Area Not Under Any Sub-district,9999,BBMP,276600,wbc-2017-18
2/12/002/276600/1302862/001,5953714,1090661,KA,BANGALORE URBAN,BBMP,BBMP WARD NUMBER 190 (MANGAMMANA PALYA),03,Lake,12.8994444,77.6488889,Urban,2022-05-04,1,Panchayat,,No,Natural,0,4,0,No,https://mi6census.mowr.gov.in/mic/getWaterBodyImageByURL/MIC_2120022766001302862001.jpeg,,,Bengaluru Urban,Bengaluru Urban,525,99999- Area Not Under Any Sub-district,9999,BBMP,276600,wbc-2017-18
2/12/002/276600/1302862/002,5958581,1090660,KA,BANGALORE URBAN,BBMP,BBMP WARD NUMBER 190 (MANGAMMANA PALYA),03,Lake,12.9027778,77.6383333,Urban,2022-05-04,2,Panchayat,,No,Natural,0,4,0,No,https://mi6census.mowr.gov.in/mic/getWaterBodyImageByURL/MIC_2120022766001302862002.jpeg,,,Bengaluru Urban,Bengaluru Urban,525,99999- Area Not Under Any Sub-district,9999,BBMP,276600,wbc-2017-18
2/12/002/276600/1302862/003,5958583,1090659,KA,BANGALORE URBAN,BBMP,BBMP WARD NUMBER 190 (MANGAMMANA PALYA),03,Lake,12.8961111,77.6386111,Urban,2022-05-04,3,Panchayat,,No,Natural,0,4,0,No,https://mi6census.mowr.gov.in/mic/getWaterBodyImageByURL/MIC_2120022766001302862003.jpeg,,,Bengaluru Urban,Bengaluru Urban,525,99999- Area Not Under Any Sub-district,9999,BBMP,276600,wbc-2017-18
2/12/002/276600/1302863/001,5953684,1090666,KA,BANGALORE URBAN,BBMP,BBMP WARD NUMBER 191 (SINGA SANDRA),03,Lake,12.8805556,77.6597222,Urban,2022-05-04,1,Panchayat,,No,Natural,0,4,0,No,https://mi6census.mowr.gov.in/mic/getWaterBodyImageByURL/MIC_2120022766001302863001.jpeg,,,Bengaluru Urban,Bengaluru Urban,525,99999- Area Not Under Any Sub-district,9999,BBMP,276600,wbc-2017-18
2/12/002/276600/1302863/002,5953689,1090662,KA,BANGALORE URBAN,BBMP,BBMP WARD NUMBER 191 (SINGA SANDRA),03,Lake,12.8808333,77.6452778,Urban,2022-05-04,2,Panchayat,,No,Natural,0,4,0,No,https://mi6census.mowr.gov.in/mic/getWaterBodyImageByURL/MIC_2120022766001302863002.jpeg,,,Bengaluru Urban,Bengaluru Urban,525,99999- Area Not Under Any Sub-district,9999,BBMP,276600,wbc-2017-18
2/12/002/276600/1302863/003,5953693,1090665,KA,BANGALORE URBAN,BBMP,BBMP WARD NUMBER 191 (SINGA SANDRA),03,Lake,12.8786111,77.6697222,Urban,2022-05-04,3,Panchayat,,No,Natural,0,4,0,No,https://mi6census.mowr.gov.in/mic/getWaterBodyImageByURL/MIC_2120022766001302863003.jpeg,,,Bengaluru Urban,Bengaluru Urban,525,99999- Area Not Under Any Sub-district,9999,BBMP,276600,wbc-2017-18
2/12/002/276600/1302863/004,5953697,1090664,KA,BANGALORE URBAN,BBMP,BBMP WARD NUMBER 191 (SINGA SANDRA),03,Lake,12.8863889,77.6666667,Urban,2022-05-04,4,Panchayat,,No,Natural,0,4,0,No,https://mi6census.mowr.gov.in/mic/getWaterBodyImageByURL/MIC_2120022766001302863004.jpeg,,,Bengaluru Urban,Bengaluru Urban,525,99999- Area Not Under Any Sub-district,9999,BBMP,276600,wbc-2017-18
2/12/002/276600/1302863/005,5953701,1090663,KA,BANGALORE URBAN,BBMP,BBMP WARD NUMBER 191 (SINGA SANDRA),03,Lake,12.8933333,77.6561111,Urban,2022-05-04,5,Panchayat,,No,Natural,0,4,0,No,https://mi6census.mowr.gov.in/mic/getWaterBodyImageByURL/MIC_2120022766001302863005.jpeg,,,Bengaluru Urban,Bengaluru Urban,525,99999- Area Not Under Any Sub-district,9999,BBMP,276600,wbc-2017-18
2/12/002/276600/1302864/001,5953670,1090667,KA,BANGALORE URBAN,BBMP,BBMP WARD NUMBER 192 (BEGUR),03,Lake,12.8544444,77.6047222,Urban,2022-05-04,1,Panchayat,,No,Natural,0,4,0,No,https://mi6census.mowr.gov.in/mic/getWaterBodyImageByURL/MIC_2120022766001302864001.jpeg,,,Bengaluru Urban,Bengaluru Urban,525,99999- Area Not Under Any Sub-district,9999,BBMP,276600,wbc-2017-18
2/12/002/276600/1302864/002,5958594,1090674,KA,BANGALORE URBAN,BBMP,BBMP WARD NUMBER 192 (BEGUR),03,Lake,12.8688889,77.65,Urban,2022-05-04,2,Panchayat,,No,Natural,0,4,0,No,https://mi6census.mowr.gov.in/mic/getWaterBodyImageByURL/MIC_2120022766001302864002.jpeg,,,Bengaluru Urban,Bengaluru Urban,525,99999- Area Not Under Any Sub-district,9999,BBMP,276600,wbc-2017-18
2/12/002/276600/1302864/003,5958596,1090675,KA,BANGALORE URBAN,BBMP,BBMP WARD NUMBER 192 (BEGUR),03,Lake,12.8677778,77.6444444,Urban,2022-05-04,3,Panchayat,,No,Natural,0,4,0,No,https://mi6census.mowr.gov.in/mic/getWaterBodyImageByURL/MIC_2120022766001302864003.jpeg,,,Bengaluru Urban,Bengaluru Urban,525,99999- Area Not Under Any Sub-district,9999,BBMP,276600,wbc-2017-18
2/12/002/276600/1302864/004,5958605,1090677,KA,BANGALORE URBAN,BBMP,BBMP WARD NUMBER 192 (BEGUR),03,Lake,12.8833333,77.6380556,Urban,2022-05-04,4,Panchayat,,No,Natural,0,4,0,No,https://mi6census.mowr.gov.in/mic/getWaterBodyImageByURL/MIC_2120022766001302864004.jpeg,,,Bengaluru Urban,Bengaluru Urban,525,99999- Area Not Under Any Sub-district,9999,BBMP,276600,wbc-2017-18
2/12/002/276600/1302864/005,5958611,1090668,KA,BANGALORE URBAN,BBMP,BBMP WARD NUMBER 192 (BEGUR),03,Lake,12.865,77.6602778,Urban,2022-05-04,5,Panchayat,,No,Natural,0,4,0,No,https://mi6census.mowr.gov.in/mic/getWaterBodyImageByURL/MIC_2120022766001302864005.jpeg,,,Bengaluru Urban,Bengaluru Urban,525,99999- Area Not Under Any Sub-district,9999,BBMP,276600,wbc-2017-18
2/12/002/276600/1302864/006,5958634,1090673,KA,BANGALORE URBAN,BBMP,BBMP WARD NUMBER 192 (BEGUR),03,Lake,12.8661111,77.6138889,Urban,2022-05-04,6,Panchayat,,No,Natural,0,4,0,No,https://mi6census.mowr.gov.in/mic/getWaterBodyImageByURL/MIC_2120022766001302864006.jpeg,,,Bengaluru Urban,Bengaluru Urban,525,99999- Area Not Under Any Sub-district,9999,BBMP,276600,wbc-2017-18
2/12/002/276600/1302864/007,5958635,1090672,KA,BANGALORE URBAN,BBMP,BBMP WARD NUMBER 192 (BEGUR),03,Lake,12.8622222,77.6152778,Urban,2022-05-04,7,Panchayat,,No,Natural,0,4,0,No,https://mi6census.mowr.gov.in/mic/getWaterBodyImageByURL/MIC_2120022766001302864007.jpeg,,,Bengaluru Urban,Bengaluru Urban,525,99999- Area Not Under Any Sub-district,9999,BBMP,276600,wbc-2017-18
2/12/002/276600/1302864/008,5958636,1090671,KA,BANGALORE URBAN,BBMP,BBMP WARD NUMBER 192 (BEGUR),03,Lake,12.8488889,77.6041667,Urban,2022-05-04,8,Panchayat,,No,Natural,0,4,0,No,https://mi6census.mowr.gov.in/mic/getWaterBodyImageByURL/MIC_2120022766001302864008.jpeg,,,Bengaluru Urban,Bengaluru Urban,525,99999- Area Not Under Any Sub-district,9999,BBMP,276600,wbc-2017-18
2/12/002/276600/1302864/009,5958638,1090670,KA,BANGALORE URBAN,BBMP,BBMP WARD NUMBER 192 (BEGUR),03,Lake,12.8461111,77.5883333,Urban,2022-05-04,9,Panchayat,,No,Natural,0,4,0,No,https://mi6census.mowr.gov.in/mic/getWaterBodyImageByURL/MIC_2120022766001302864009.jpeg,,,Bengaluru Urban,Bengaluru Urban,525,99999- Area Not Under Any Sub-district,9999,BBMP,276600,wbc-2017-18
2/12/002/276600/1302864/010,5958743,1090676,KA,BANGALORE URBAN,BBMP,BBMP WARD NUMBER 192 (BEGUR),03,Lake,12.8644444,77.5888889,Urban,2022-05-05,10,Panchayat,,No,Natural,0,4,0,No,https://mi6census.mowr.gov.in/mic/getWaterBodyImageByURL/MIC_2120022766001302864010.jpeg,,,Bengaluru Urban,Bengaluru Urban,525,99999- Area Not Under Any Sub-district,9999,BBMP,276600,wbc-2017-18
2/12/002/276600/1302864/011,5958886,1090669,KA,BANGALORE URBAN,BBMP,BBMP WARD NUMBER 192 (BEGUR),03,Lake,12.8627778,77.6097222,Urban,2022-05-06,11,Panchayat,,No,Natural,0,4,0,No,https://mi6census.mowr.gov.in/mic/getWaterBodyImageByURL/MIC_2120022766001302864011.jpeg,,,Bengaluru Urban,Bengaluru Urban,525,99999- Area Not Under Any Sub-district,9999,BBMP,276600,wbc-2017-18
2/12/002/276600/1302865/001,5958633,1090679,KA,BANGALORE URBAN,BBMP,BBMP WARD NUMBER 193 (ARAKERE),03,Lake,12.8722222,77.615,Urban,2022-05-04,1,Panchayat,,No,Natural,0,4,0,No,https://mi6census.mowr.gov.in/mic/getWaterBodyImageByURL/MIC_2120022766001302865001.jpeg,,,Bengaluru Urban,Bengaluru Urban,525,99999- Area Not Under Any Sub-district,9999,BBMP,276600,wbc-2017-18
2/12/002/276600/1302865/002,5958756,1090680,KA,BANGALORE URBAN,BBMP,BBMP WARD NUMBER 193 (ARAKERE),03,Lake,12.8713889,77.6016667,Urban,2022-05-05,2,Panchayat,,No,Natural,0,4,0,No,https://mi6census.mowr.gov.in/mic/getWaterBodyImageByURL/MIC_2120022766001302865002.jpeg,,,Bengaluru Urban,Bengaluru Urban,525,99999- Area Not Under Any Sub-district,9999,BBMP,276600,wbc-2017-18
2/12/002/276600/1302865/003,5958758,1090678,KA,BANGALORE URBAN,BBMP,BBMP WARD NUMBER 193 (ARAKERE),03,Lake,12.8838889,77.5997222,Urban,2022-05-05,3,Panchayat,,No,Natural,0,4,0,No,https://mi6census.mowr.gov.in/mic/getWaterBodyImageByURL/MIC_2120022766001302865003.jpeg,,,Bengaluru Urban,Bengaluru Urban,525,99999- Area Not Under Any Sub-district,9999,BBMP,276600,wbc-2017-18
2/12/002/276600/1302866/001,5958637,1090683,KA,BANGALORE URBAN,BBMP,BBMP WARD NUMBER 194 (GOTTIGERE),03,Lake,12.8533333,77.5886111,Urban,2022-05-04,1,Panchayat,,No,Natural,0,4,0,No,https://mi6census.mowr.gov.in/mic/getWaterBodyImageByURL/MIC_2120022766001302866001.jpeg,,,Bengaluru Urban,Bengaluru Urban,525,99999- Area Not Under Any Sub-district,9999,BBMP,276600,wbc-2017-18
2/12/002/276600/1302866/002,5958737,1090682,KA,BANGALORE URBAN,BBMP,BBMP WARD NUMBER 194 (GOTTIGERE),03,Lake,12.8633333,77.5841667,Urban,2022-05-05,2,Panchayat,,No,Natural,0,4,0,No,https://mi6census.mowr.gov.in/mic/getWaterBodyImageByURL/MIC_2120022766001302866002.jpeg,,,Bengaluru Urban,Bengaluru Urban,525,99999- Area Not Under Any Sub-district,9999,BBMP,276600,wbc-2017-18
2/12/002/276600/1302866/003,5958752,1090681,KA,BANGALORE URBAN,BBMP,BBMP WARD NUMBER 194 (GOTTIGERE),03,Lake,12.8727778,77.5797222,Urban,2022-05-05,3,Panchayat,,No,Natural,0,4,0,No,https://mi6census.mowr.gov.in/mic/getWaterBodyImageByURL/MIC_2120022766001302866003.jpeg,,,Bengaluru Urban,Bengaluru Urban,525,99999- Area Not Under Any Sub-district,9999,BBMP,276600,wbc-2017-18
2/12/002/276600/1302867/001,5948624,1090684,KA,BANGALORE URBAN,BBMP,BBMP WARD NUMBER 195 (KONANKUNTE),03,Lake,12.8863889,77.5775,Urban,2022-04-30,1,Panchayat,,No,Natural,0,4,0,No,https://mi6census.mowr.gov.in/mic/getWaterBodyImageByURL/MIC_2120022766001302867001.jpeg,,,Bengaluru Urban,Bengaluru Urban,525,99999- Area Not Under Any Sub-district,9999,BBMP,276600,wbc-2017-18
2/12/002/276600/1302867/002,5948632,1090685,KA,BANGALORE URBAN,BBMP,BBMP WARD NUMBER 195 (KONANKUNTE),03,Lake,12.8913889,77.5858333,Urban,2022-04-30,2,Panchayat,,No,Natural,0,4,0,No,https://mi6census.mowr.gov.in/mic/getWaterBodyImageByURL/MIC_2120022766001302867002.jpeg,,,Bengaluru Urban,Bengaluru Urban,525,99999- Area Not Under Any Sub-district,9999,BBMP,276600,wbc-2017-18
2/12/002/276600/1302868/001,5958728,1090687,KA,BANGALORE URBAN,BBMP,BBMP WARD NUMBER 196 (ANJANAPURA),03,Lake,12.8672222,77.5658333,Urban,2022-05-05,1,Panchayat,,No,Natural,0,4,0,No,https://mi6census.mowr.gov.in/mic/getWaterBodyImageByURL/MIC_2120022766001302868001.jpeg,,,Bengaluru Urban,Bengaluru Urban,525,99999- Area Not Under Any Sub-district,9999,BBMP,276600,wbc-2017-18
2/12/002/276600/1302868/002,5958734,1090686,KA,BANGALORE URBAN,BBMP,BBMP WARD NUMBER 196 (ANJANAPURA),03,Lake,12.8597222,77.5769444,Urban,2022-05-05,2,Panchayat,,No,Natural,0,4,0,No,https://mi6census.mowr.gov.in/mic/getWaterBodyImageByURL/MIC_2120022766001302868002.jpeg,,,Bengaluru Urban,Bengaluru Urban,525,99999- Area Not Under Any Sub-district,9999,BBMP,276600,wbc-2017-18
2/12/002/276600/1302869/001,5948621,1090689,KA,BANGALORE URBAN,BBMP,BBMP WARD NUMBER 197 (VASANTHPURA),03,Lake,12.8861111,77.5647222,Urban,2022-04-30,1,Panchayat,,No,Natural,0,4,0,No,https://mi6census.mowr.gov.in/mic/getWaterBodyImageByURL/MIC_2120022766001302869001.jpeg,,,Bengaluru Urban,Bengaluru Urban,525,99999- Area Not Under Any Sub-district,9999,BBMP,276600,wbc-2017-18
2/12/002/276600/1302869/002,5948658,1090691,KA,BANGALORE URBAN,BBMP,BBMP WARD NUMBER 197 (VASANTHPURA),03,Lake,12.8972222,77.5544444,Urban,2022-04-30,2,Panchayat,,No,Natural,0,4,0,No,https://mi6census.mowr.gov.in/mic/getWaterBodyImageByURL/MIC_2120022766001302869002.jpeg,,,Bengaluru Urban,Bengaluru Urban,525,99999- Area Not Under Any Sub-district,9999,BBMP,276600,wbc-2017-18
2/12/002/276600/1302869/003,5958639,1090692,KA,BANGALORE URBAN,BBMP,BBMP WARD NUMBER 197 (VASANTHPURA),03,Lake,12.8947222,77.5547222,Urban,2022-05-04,3,Panchayat,,No,Natural,0,4,0,No,https://mi6census.mowr.gov.in/mic/getWaterBodyImageByURL/MIC_2120022766001302869003.jpeg,,,Bengaluru Urban,Bengaluru Urban,525,99999- Area Not Under Any Sub-district,9999,BBMP,276600,wbc-2017-18
2/12/002/276600/1302869/004,5958718,1090688,KA,BANGALORE URBAN,BBMP,BBMP WARD NUMBER 197 (VASANTHPURA),03,Lake,12.8908333,77.5572222,Urban,2022-05-05,4,Panchayat,,No,Natural,0,4,0,No,https://mi6census.mowr.gov.in/mic/getWaterBodyImageByURL/MIC_2120022766001302869004.jpeg,,,Bengaluru Urban,Bengaluru Urban,525,99999- Area Not Under Any Sub-district,9999,BBMP,276600,wbc-2017-18
2/12/002/276600/1302869/005,5958922,1090690,KA,BANGALORE URBAN,BBMP,BBMP WARD NUMBER 197 (VASANTHPURA),03,Lake,12.8969444,77.5536111,Urban,2022-05-07,5,Panchayat,,No,Natural,0,4,0,No,https://mi6census.mowr.gov.in/mic/getWaterBodyImageByURL/MIC_2120022766001302869005.jpeg,,,Bengaluru Urban,Bengaluru Urban,525,99999- Area Not Under Any Sub-district,9999,BBMP,276600,wbc-2017-18
2/12/002/276600/1302870/001,5948660,1090704,KA,BANGALORE URBAN,BBMP,BBMP WARD NUMBER 198 (HEMMIGEPURA),03,Lake,12.875,77.4972222,Urban,2022-04-30,1,Panchayat,,No,Natural,0,4,0,No,https://mi6census.mowr.gov.in/mic/getWaterBodyImageByURL/MIC_2120022766001302870001.jpeg,,,Bengaluru Urban,Bengaluru Urban,525,99999- Area Not Under Any Sub-district,9999,BBMP,276600,wbc-2017-18
2/12/002/276600/1302870/002,5948663,1090703,KA,BANGALORE URBAN,BBMP,BBMP WARD NUMBER 198 (HEMMIGEPURA),03,Lake,12.8888889,77.4719444,Urban,2022-04-30,2,Panchayat,,No,Natural,0,4,0,No,https://mi6census.mowr.gov.in/mic/getWaterBodyImageByURL/MIC_2120022766001302870002.jpeg,,,Bengaluru Urban,Bengaluru Urban,525,Bengaluru South,5543,Doddabele,613024,wbc-2017-18
2/12/002/276600/1302870/003,5948667,1090702,KA,BANGALORE URBAN,BBMP,BBMP WARD NUMBER 198 (HEMMIGEPURA),03,Lake,12.875,77.4819444,Urban,2022-04-30,3,Panchayat,,No,Natural,0,4,0,No,https://mi6census.mowr.gov.in/mic/getWaterBodyImageByURL/MIC_2120022766001302870003.jpeg,,,Bengaluru Urban,Bengaluru Urban,525,Bengaluru South,5543,Kengeri Gollahalli,613025,wbc-2017-18
2/12/002/276600/1302870/004,5948671,1090693,KA,BANGALORE URBAN,BBMP,BBMP WARD NUMBER 198 (HEMMIGEPURA),03,Lake,12.8797222,77.4936111,Urban,2022-04-30,4,Panchayat,,No,Natural,0,4,0,No,https://mi6census.mowr.gov.in/mic/getWaterBodyImageByURL/MIC_2120022766001302870004.jpeg,,,Bengaluru Urban,Bengaluru Urban,525,99999- Area Not Under Any Sub-district,9999,BBMP,276600,wbc-2017-18
2/12/002/276600/1302870/005,5948673,1090701,KA,BANGALORE URBAN,BBMP,BBMP WARD NUMBER 198 (HEMMIGEPURA),03,Lake,12.9077778,77.4919444,Urban,2022-04-30,5,Panchayat,,No,Natural,0,4,0,No,https://mi6census.mowr.gov.in/mic/getWaterBodyImageByURL/MIC_2120022766001302870005.jpeg,,,Bengaluru Urban,Bengaluru Urban,525,99999- Area Not Under Any Sub-district,9999,BBMP,276600,wbc-2017-18
2/12/002/276600/1302870/006,5948675,1090700,KA,BANGALORE URBAN,BBMP,BBMP WARD NUMBER 198 (HEMMIGEPURA),03,Lake,12.9075,77.495,Urban,2022-04-30,6,Panchayat,,No,Natural,0,4,0,No,https://mi6census.mowr.gov.in/mic/getWaterBodyImageByURL/MIC_2120022766001302870006.jpeg,,,Bengaluru Urban,Bengaluru Urban,525,99999- Area Not Under Any Sub-district,9999,BBMP,276600,wbc-2017-18
2/12/002/276600/1302870/007,5958672,1090699,KA,BANGALORE URBAN,BBMP,BBMP WARD NUMBER 198 (HEMMIGEPURA),03,Lake,12.8722222,77.5136111,Urban,2022-05-05,7,Panchayat,,No,Natural,0,4,0,No,https://mi6census.mowr.gov.in/mic/getWaterBodyImageByURL/MIC_2120022766001302870007.jpeg,,,Bengaluru Urban,Bengaluru Urban,525,99999- Area Not Under Any Sub-district,9999,BBMP,276600,wbc-2017-18
2/12/002/276600/1302870/008,5958677,1090698,KA,BANGALORE URBAN,BBMP,BBMP WARD NUMBER 198 (HEMMIGEPURA),03,Lake,12.8813889,77.5169444,Urban,2022-05-05,8,Panchayat,,No,Natural,0,4,0,No,https://mi6census.mowr.gov.in/mic/getWaterBodyImageByURL/MIC_2120022766001302870008.jpeg,,,Bengaluru Urban,Bengaluru Urban,525,99999- Area Not Under Any Sub-district,9999,BBMP,276600,wbc-2017-18
2/12/002/276600/1302870/009,5958690,1090697,KA,BANGALORE URBAN,BBMP,BBMP WARD NUMBER 198 (HEMMIGEPURA),03,Lake,12.8686111,77.5433333,Urban,2022-05-05,9,Panchayat,,No,Natural,0,4,0,No,https://mi6census.mowr.gov.in/mic/getWaterBodyImageByURL/MIC_2120022766001302870009.jpeg,,,Bengaluru Urban,Bengaluru Urban,525,99999- Area Not Under Any Sub-district,9999,BBMP,276600,wbc-2017-18
2/12/002/276600/1302870/010,5958697,1090696,KA,BANGALORE URBAN,BBMP,BBMP WARD NUMBER 198 (HEMMIGEPURA),03,Lake,12.8630556,77.5388889,Urban,2022-05-05,10,Panchayat,,No,Natural,0,4,0,No,https://mi6census.mowr.gov.in/mic/getWaterBodyImageByURL/MIC_2120022766001302870010.jpeg,,,Bengaluru Urban,Bengaluru Urban,525,Bengaluru South,5543,Mallasandra,613040,wbc-2017-18
2/12/002/276600/1302870/011,5958703,1090695,KA,BANGALORE URBAN,BBMP,BBMP WARD NUMBER 198 (HEMMIGEPURA),03,Lake,12.8675,77.5322222,Urban,2022-05-05,11,Panchayat,,No,Natural,0,4,0,No,https://mi6census.mowr.gov.in/mic/getWaterBodyImageByURL/MIC_2120022766001302870011.jpeg,,,Bengaluru Urban,Bengaluru Urban,525,99999- Area Not Under Any Sub-district,9999,BBMP,276600,wbc-2017-18
2/12/002/276600/1302870/012,5958727,1090694,KA,BANGALORE URBAN,BBMP,BBMP WARD NUMBER 198 (HEMMIGEPURA),03,Lake,12.8830556,77.5008333,Urban,2022-05-05,12,Panchayat,,No,Natural,0,4,0,No,https://mi6census.mowr.gov.in/mic/getWaterBodyImageByURL/MIC_2120022766001302870012.jpeg,,,Bengaluru Urban,Bengaluru Urban,525,99999- Area Not Under Any Sub-district,9999,BBMP,276600,wbc-2017-18
2/12/002/276600/1303150/001,5959475,1090611,KA,BANGALORE URBAN,BBMP,BBMP WARD NUMBER 12 (SHETTIHALLI),03,Lake,13.0813889,77.5316667,Urban,2022-06-04,1,Panchayat,,No,Natural,0,4,0,No,https://mi6census.mowr.gov.in/mic/getWaterBodyImageByURL/MIC_2120022766001303150001.jpeg,,,Bengaluru Urban,Bengaluru Urban,525,99999- Area Not Under Any Sub-district,9999,BBMP,276600,wbc-2017-18
2/12/002/276600/1303150/002,5959477,1090610,KA,BANGALORE URBAN,BBMP,BBMP WARD NUMBER 12 (SHETTIHALLI),03,Lake,13.0694444,77.5255556,Urban,2022-06-04,2,Panchayat,,No,Natural,0,4,0,No,https://mi6census.mowr.gov.in/mic/getWaterBodyImageByURL/MIC_2120022766001303150002.jpeg,,,Bengaluru Urban,Bengaluru Urban,525,99999- Area Not Under Any Sub-district,9999,BBMP,276600,wbc-2017-18
2/12/002/276600/1303151/001,5959481,1090615,KA,BANGALORE URBAN,BBMP,BBMP WARD NUMBER 13 (MALLASANDRA),03,Lake,13.0561111,77.5194444,Urban,2022-06-04,1,Panchayat,,No,Natural,0,4,0,No,https://mi6census.mowr.gov.in/mic/getWaterBodyImageByURL/MIC_2120022766001303151001.jpeg,,,Bengaluru Urban,Bengaluru Urban,525,99999- Area Not Under Any Sub-district,9999,BBMP,276600,wbc-2017-18
2/12/002/276600/1303152/001,5959473,1090621,KA,BANGALORE URBAN,BBMP,BBMP WARD NUMBER 14 (BAGALAKUNTE),03,Lake,13.0577778,77.5,Urban,2022-06-03,1,Panchayat,,No,Natural,0,4,0,No,https://mi6census.mowr.gov.in/mic/getWaterBodyImageByURL/MIC_2120022766001303152001.jpeg,,,Bengaluru Urban,Bengaluru Urban,525,99999- Area Not Under Any Sub-district,9999,BBMP,276600,wbc-2017-18
