key,ringPixelCount,ringTreePct,ringShrubPct,ringGrassPct,ringCropPct,ringBuiltPct,ringBarePct,ringWaterPct,ringWetlandPct,insidePixelCount,insideWaterPct,insideWetlandPct,insideBuiltPct,source
abbigere-kere,20621,27.9,4.3,1.9,13.3,51.8,0.8,0.0,0.0,1560,0.0,0.0,0.0,esa-worldcover-2021
abbigere-kunte1,10263,26.9,6.0,2.5,7.4,56.6,0.7,0.0,0.0,19,0.0,0.0,10.5,esa-worldcover-2021
acchanakere,14926,12.4,1.0,1.4,2.2,79.8,1.3,1.9,0.0,570,52.3,0.0,0.0,esa-worldcover-2021
achanakere,12553,6.6,0.6,1.7,4.2,81.6,1.1,4.1,0.0,142,76.1,0.0,9.2,esa-worldcover-2021
adarang-lake,13900,69.7,18.2,11.6,0.0,0.1,0.0,0.4,0.0,306,19.6,0.0,0.0,esa-worldcover-2021
adde-lake,18561,16.9,7.2,3.4,60.1,12.2,0.2,0.0,0.0,1257,14.2,0.0,0.6,esa-worldcover-2021
addevishwanathapura-lake,28781,17.9,9.1,1.3,55.0,16.6,0.1,0.0,0.0,2803,0.4,0.0,0.6,esa-worldcover-2021
addiganahalli-lake,11879,5.4,7.6,3.1,68.4,14.5,1.0,0.0,0.0,114,0.0,0.0,0.0,esa-worldcover-2021
addigenakere,12871,24.0,10.3,10.3,39.6,14.1,0.1,1.5,0.0,170,5.3,0.0,0.0,esa-worldcover-2021
adesonatti-lake,16433,12.6,8.9,16.1,56.1,5.1,1.2,0.0,0.0,898,6.5,0.0,0.8,esa-worldcover-2021
adiganahalli-kunte,10560,22.1,11.2,2.2,45.9,18.0,0.6,0.0,0.0,36,0.0,0.0,13.9,esa-worldcover-2021
adigondanahalli-kere,15503,6.4,14.5,11.2,63.8,4.0,0.2,0.0,0.0,502,10.0,0.0,0.0,esa-worldcover-2021
adikamaranahalli-kunte,11258,25.0,12.7,4.2,10.1,43.3,4.7,0.0,0.0,88,0.0,0.0,46.6,esa-worldcover-2021
adikelallanapalya-kere,15952,12.4,7.7,2.1,72.1,4.0,0.5,1.2,0.0,565,46.4,0.0,0.0,esa-worldcover-2021
adkepalya-lake,13133,8.2,37.7,0.2,52.9,0.9,0.0,0.0,0.0,282,10.6,0.0,0.0,esa-worldcover-2021
adugodi-kunte1,10044,32.6,0.2,0.2,1.9,64.1,0.9,0.0,0.0,10,0.0,0.0,100.0,esa-worldcover-2021
adugodi-kunte2,10714,38.5,1.0,0.0,4.3,55.9,0.2,0.0,0.0,48,0.0,0.0,100.0,esa-worldcover-2021
aduru-kunte1,10031,21.3,12.5,5.2,48.8,11.3,1.0,0.0,0.0,11,0.0,0.0,0.0,esa-worldcover-2021
aduru-kunte2,9829,23.2,11.1,5.4,44.4,14.7,1.2,0.0,0.0,6,0.0,0.0,16.7,esa-worldcover-2021
aduru-kunte3,10257,44.4,10.5,3.6,24.1,14.4,3.0,0.0,0.0,18,0.0,0.0,0.0,esa-worldcover-2021
aduru-kunte4,10266,33.6,11.3,4.1,31.6,16.2,3.2,0.0,0.0,21,0.0,0.0,0.0,esa-worldcover-2021
aduru-lake,14297,5.6,1.7,30.7,55.8,4.3,1.9,0.0,0.0,288,3.1,0.0,0.0,esa-worldcover-2021
adurupalya-lake,12828,15.6,2.1,27.5,46.2,8.5,0.1,0.0,0.0,214,0.0,0.0,0.0,esa-worldcover-2021
agara-kere,21813,36.5,35.3,6.7,12.0,6.4,0.6,2.5,0.0,1947,91.9,0.0,0.0,esa-worldcover-2021
agara-kunte-2,10391,61.0,30.5,1.6,0.2,4.9,1.9,0.0,0.0,26,0.0,0.0,0.0,esa-worldcover-2021
agara-kunte-3,10278,59.5,25.6,1.5,0.1,11.7,1.7,0.0,0.0,20,0.0,0.0,0.0,esa-worldcover-2021
agara-kunte-4,10499,11.5,39.0,10.7,34.0,4.6,0.1,0.0,0.0,31,0.0,0.0,0.0,esa-worldcover-2021
agara-kunte-4-2,10691,36.4,15.1,0.1,0.1,48.3,0.0,0.0,0.0,44,0.0,0.0,86.4,esa-worldcover-2021
agara-kunte-5,10040,13.2,30.1,8.8,38.8,4.3,0.4,4.4,0.0,10,0.0,0.0,0.0,esa-worldcover-2021
agara-kunte-6,11079,22.2,18.2,10.4,29.0,19.0,1.2,0.0,0.0,78,0.0,0.0,0.0,esa-worldcover-2021
agara-kunte-7,10042,23.4,16.8,7.6,29.8,21.5,0.9,0.0,0.0,10,0.0,0.0,0.0,esa-worldcover-2021
agara-kunte-8,10412,24.9,12.5,11.1,21.9,15.3,1.4,12.8,0.0,32,0.0,0.0,0.0,esa-worldcover-2021
agara-kunte1,10957,55.9,9.8,3.9,13.9,14.4,0.2,1.9,0.0,66,0.0,0.0,12.1,esa-worldcover-2021
agara-kunte1-2,10466,43.5,4.7,0.3,8.4,42.9,0.2,0.0,0.0,31,0.0,0.0,87.1,esa-worldcover-2021
agara-kunte2,10702,55.9,8.8,3.6,14.5,17.0,0.2,0.1,0.0,44,4.5,0.0,0.0,esa-worldcover-2021
agara-kunte3,10562,59.5,6.6,4.2,9.7,16.1,0.2,3.8,0.0,38,0.0,0.0,0.0,esa-worldcover-2021
agara-lake,25728,23.3,1.9,0.8,4.5,68.1,0.3,1.0,0.0,3726,66.0,0.0,4.6,esa-worldcover-2021
agrahara-kere,13593,7.4,0.0,0.1,1.5,90.5,0.4,0.0,0.0,466,0.0,0.0,74.9,esa-worldcover-2021
agrahara-lake,14947,16.0,8.1,6.6,31.4,35.1,1.9,0.9,0.0,542,63.5,0.0,4.4,esa-worldcover-2021
aiyanapalya-lake,14454,7.8,0.3,19.0,68.6,4.0,0.1,0.1,0.0,344,79.7,0.0,0.0,esa-worldcover-2021
ajjanahalli-kere,12849,13.0,19.7,15.6,43.6,7.5,0.5,0.0,0.0,206,35.9,0.0,0.0,esa-worldcover-2021
ajjegowdana-katte,12234,8.2,7.4,3.4,12.7,67.1,1.3,0.0,0.0,98,26.5,0.0,2.0,esa-worldcover-2021
akkithimmanahalli-kere,13600,17.2,0.1,0.6,0.8,80.5,0.9,0.0,0.0,471,0.0,0.0,88.5,esa-worldcover-2021
alagondahalli-lake,15793,11.0,22.2,3.7,57.8,4.7,0.6,0.0,0.0,686,0.0,0.0,2.6,esa-worldcover-2021
alahalli-kere,16511,21.9,6.6,2.2,5.5,63.0,0.6,0.1,0.0,718,87.7,0.0,0.1,esa-worldcover-2021
alijenahalli-kere,12519,3.6,3.3,0.1,92.3,0.6,0.0,0.2,0.0,178,38.8,0.0,0.0,esa-worldcover-2021
allasandra-lake,21604,23.0,1.1,2.1,8.7,64.1,1.0,0.0,0.0,1769,78.2,0.0,0.8,esa-worldcover-2021
alur-kere,27301,18.2,13.9,1.7,64.6,1.3,0.0,0.3,0.0,2913,1.8,0.0,0.0,esa-worldcover-2021
aluru-lake1,15210,24.3,3.2,2.3,67.6,2.1,0.2,0.2,0.0,573,61.3,0.0,0.2,esa-worldcover-2021
amalgunte-lake,15369,3.9,5.2,1.5,88.8,0.4,0.1,0.1,0.0,465,3.9,0.0,0.0,esa-worldcover-2021
amanimulli-kere,28195,9.0,3.9,1.2,79.2,6.3,0.4,0.0,0.0,4809,12.2,0.0,0.1,esa-worldcover-2021
ambalagere-n,17476,10.9,7.9,0.9,77.9,2.3,0.0,0.0,0.0,956,0.0,0.0,0.0,esa-worldcover-2021
ambalagere-w,15860,7.2,4.2,0.5,87.2,0.9,0.0,0.0,0.0,623,0.0,0.0,0.0,esa-worldcover-2021
ambalipura-kelagina-kere,13350,30.6,16.3,0.8,2.5,49.3,0.2,0.3,0.0,297,44.8,0.0,3.4,esa-worldcover-2021
ambalipura-kunte1,10790,22.4,2.7,0.9,1.9,70.2,0.6,1.3,0.0,52,0.0,0.0,65.4,esa-worldcover-2021
ampapura-lake,11336,14.0,13.0,28.1,36.4,8.1,0.2,0.1,0.0,75,0.0,0.0,0.0,esa-worldcover-2021
amruthahalli-lake,17239,7.7,1.1,2.5,3.4,83.7,1.6,0.0,0.0,989,0.0,0.0,2.4,esa-worldcover-2021
amruthalli-kunte1,10563,7.3,0.7,1.2,4.0,83.9,2.8,0.0,0.0,36,0.0,0.0,100.0,esa-worldcover-2021
amrutnagar-lake,14923,16.8,17.6,18.1,12.5,26.2,6.6,2.2,0.0,445,81.8,0.0,5.4,esa-worldcover-2021
anagalapura-kunte1,10415,15.0,7.0,3.8,45.9,27.4,0.9,0.0,0.0,28,0.0,0.0,0.0,esa-worldcover-2021
anagalapura-kunte2,11320,34.9,12.3,3.8,27.1,21.3,0.6,0.0,0.0,98,0.0,0.0,41.8,esa-worldcover-2021
anantapura-kere,13982,22.6,12.7,1.9,58.0,4.0,0.8,0.1,0.0,384,43.2,0.0,0.0,esa-worldcover-2021
ananthapura-kunte,9834,26.1,8.4,2.3,11.9,50.1,1.1,0.0,0.0,6,0.0,0.0,50.0,esa-worldcover-2021
ananthapura-kunte1,10734,18.7,8.6,4.5,17.4,48.8,2.0,0.0,0.0,46,0.0,0.0,97.8,esa-worldcover-2021
ananthapura-kunte2,11389,37.6,15.8,4.6,15.5,20.9,5.6,0.0,0.0,104,0.0,0.0,0.0,esa-worldcover-2021
andhrahalli-lake,14605,7.4,2.1,1.6,5.4,83.3,0.2,0.0,0.0,545,58.0,0.0,0.0,esa-worldcover-2021
annamma-kere,12563,8.8,0.1,0.4,0.5,90.0,0.1,0.2,0.0,203,76.8,0.0,16.3,esa-worldcover-2021
antarahalli-kere,17943,6.1,3.9,0.7,84.1,5.1,0.0,0.0,0.0,1215,4.2,0.0,0.0,esa-worldcover-2021
anurah-katte-newly-created,10034,4.0,5.8,3.6,70.4,14.1,2.0,0.0,0.0,11,0.0,0.0,0.0,esa-worldcover-2021
aradeshanahalli-kere,44463,3.6,3.9,1.4,87.4,3.5,0.1,0.0,0.0,12048,0.3,0.0,0.0,esa-worldcover-2021
aradeshanahalli-kere-2,26208,7.0,3.5,2.8,69.8,16.7,0.2,0.0,0.0,2890,0.0,0.0,1.0,esa-worldcover-2021
aralakunte,12781,17.7,5.7,3.7,59.7,13.2,0.0,0.0,0.0,169,0.0,0.0,0.0,esa-worldcover-2021
aralamallige-kere,60798,23.8,7.7,2.0,61.3,5.0,0.3,0.0,0.0,20843,0.0,0.0,0.1,esa-worldcover-2021
arasanahalli-lake,25316,10.6,9.8,3.8,59.7,14.8,1.3,0.0,0.0,2284,7.2,0.0,0.1,esa-worldcover-2021
arebommanahalli-2r,13560,15.2,4.1,2.5,76.2,1.3,0.8,0.0,0.0,293,0.0,0.0,0.0,esa-worldcover-2021
arebommanahalli-low,13500,12.9,8.5,5.7,66.1,6.4,0.3,0.0,0.0,258,5.8,0.0,0.0,esa-worldcover-2021
arebommanahalli-up-kere,15320,17.8,10.8,8.0,57.0,5.6,0.8,0.0,0.0,511,37.4,0.0,1.2,esa-worldcover-2021
arehalii-kere,37657,7.6,10.1,18.7,51.7,10.7,1.2,0.0,0.0,9176,0.0,0.0,0.1,esa-worldcover-2021
arehalli-kere,13030,22.8,14.8,11.1,5.9,44.9,0.5,0.0,0.0,350,0.0,0.0,60.6,esa-worldcover-2021
arehalli-kunte,10773,26.8,17.0,12.1,6.8,36.7,0.5,0.0,0.0,47,0.0,0.0,0.0,esa-worldcover-2021
arehalli-lake,22580,6.1,12.0,0.9,73.9,6.8,0.2,0.0,0.0,2220,0.0,0.0,0.0,esa-worldcover-2021
arehalli-lake-2,17432,5.2,23.8,2.6,63.3,5.1,0.1,0.0,0.0,934,9.6,0.0,0.4,esa-worldcover-2021
arekere-lake,16195,11.8,0.4,1.1,1.9,84.6,0.2,0.0,0.0,819,0.0,0.0,0.1,esa-worldcover-2021
arekere-lake-2,15930,10.3,5.0,1.3,78.1,5.1,0.2,0.1,0.0,551,48.6,0.0,0.0,esa-worldcover-2021
arenur-kere,18369,3.3,11.9,14.1,56.6,13.4,0.7,0.0,0.0,1133,0.0,0.0,0.0,esa-worldcover-2021
arjunabettahalli-kere,12799,11.9,9.6,2.4,70.8,4.9,0.4,0.0,0.0,172,0.0,0.0,0.0,esa-worldcover-2021
arluru-kere-s,16042,8.6,21.4,5.6,57.7,6.2,0.4,0.0,0.0,776,1.2,0.0,0.0,esa-worldcover-2021
asirvanam-ashram-1,12380,24.3,22.4,6.9,24.5,21.2,0.7,0.0,0.0,177,0.0,0.0,0.6,esa-worldcover-2021
asirvanam-ashram-2,11289,26.9,15.3,5.2,21.3,30.1,1.2,0.0,0.0,72,0.0,0.0,70.8,esa-worldcover-2021
attibele-kere,18061,9.3,6.4,24.2,39.5,16.9,3.6,0.0,0.0,913,20.7,0.0,3.7,esa-worldcover-2021
attur-kere,22891,8.0,9.0,2.6,72.9,6.8,0.6,0.0,0.0,2305,0.0,0.0,0.0,esa-worldcover-2021
atturu-kere,22521,15.9,5.8,3.0,26.6,47.0,1.6,0.0,0.0,3414,3.0,0.0,0.1,esa-worldcover-2021
atturu-kunte,10150,3.3,0.2,1.1,1.9,92.7,0.8,0.0,0.0,13,0.0,0.0,38.5,esa-worldcover-2021
avadenahlli-lake,20255,13.1,14.2,16.8,49.1,5.9,0.9,0.0,0.0,1201,0.0,0.0,0.0,esa-worldcover-2021
avalahali-kunte,10717,14.7,10.3,3.7,15.7,54.7,1.0,0.0,0.0,46,0.0,0.0,97.8,esa-worldcover-2021
avalahalli-katte1,11238,24.3,6.5,2.6,46.2,20.2,0.2,0.0,0.0,92,0.0,0.0,10.9,esa-worldcover-2021
avalahalli-katte2,10977,23.1,9.2,2.5,48.8,16.2,0.3,0.0,0.0,66,0.0,0.0,87.9,esa-worldcover-2021
avalahalli-kere,14959,14.3,10.0,5.5,61.6,7.3,1.4,0.0,0.0,450,12.4,0.0,0.0,esa-worldcover-2021
avalahalli-kere-2,15655,21.2,5.8,4.5,27.3,40.3,0.8,0.0,0.0,600,0.0,0.0,0.7,esa-worldcover-2021
avalahalli-kere-3,11919,13.4,28.7,10.3,43.3,3.3,0.8,0.0,0.0,86,0.0,0.0,0.0,esa-worldcover-2021
avalahalli-kunte-1,10568,15.2,6.9,12.5,55.6,8.2,1.6,0.0,0.0,32,0.0,0.0,0.0,esa-worldcover-2021
avalahalli-kunte-2,10219,20.1,11.0,17.8,39.3,11.4,0.2,0.1,0.0,19,0.0,0.0,73.7,esa-worldcover-2021
avalahalli-kunte-3,9922,34.0,15.1,11.7,25.5,12.9,0.4,0.5,0.0,8,0.0,0.0,0.0,esa-worldcover-2021
avalahalli-kunte-4,10415,12.8,21.4,13.8,49.0,1.6,1.3,0.0,0.0,28,0.0,0.0,10.7,esa-worldcover-2021
avalahalli-kunte1,10278,3.4,0.0,0.0,0.0,96.6,0.0,0.0,0.0,20,0.0,0.0,60.0,esa-worldcover-2021
avalahalli-kunte2,10227,10.3,7.8,1.3,7.8,71.4,1.3,0.0,0.0,19,0.0,0.0,100.0,esa-worldcover-2021
avalahalli-lake,17244,10.0,6.0,5.5,33.0,42.1,3.4,0.0,0.0,776,0.0,0.0,5.3,esa-worldcover-2021
avalahalli-lake-2,11087,13.2,10.8,0.8,71.2,3.5,0.5,0.0,0.0,58,1.7,0.0,6.9,esa-worldcover-2021
avalakuppe-lake,11296,5.0,24.2,8.9,59.9,1.9,0.0,0.0,0.0,76,0.0,0.0,0.0,esa-worldcover-2021
averahalli-kere,15410,13.4,15.6,8.0,58.0,4.9,0.1,0.0,0.0,588,57.5,0.0,0.0,esa-worldcover-2021
averhalli-kere,17290,8.8,7.1,10.2,66.1,2.6,5.1,0.0,0.0,985,0.0,0.0,0.0,esa-worldcover-2021
ayyana-kere,13417,2.2,0.0,0.1,0.0,97.3,0.4,0.0,0.0,427,0.0,0.0,98.6,esa-worldcover-2021
ayyannanapalya-lake,14459,9.7,12.3,7.5,66.0,4.4,0.1,0.0,0.0,508,1.4,0.0,0.0,esa-worldcover-2021
b-channasandra-lake,17736,11.3,3.6,0.4,0.9,83.3,0.2,0.3,0.0,1061,52.8,0.0,4.4,esa-worldcover-2021
b-narayanapura-kere,12251,8.0,1.6,0.9,2.6,86.8,0.1,0.0,0.0,145,13.1,0.0,2.8,esa-worldcover-2021
bachchahalli-kere,34528,3.6,5.3,1.8,84.5,4.7,0.1,0.0,0.0,8288,1.9,0.0,0.0,esa-worldcover-2021
badakukere,12723,9.4,17.1,7.6,24.6,40.5,0.4,0.3,0.0,142,0.0,0.0,0.0,esa-worldcover-2021
badamanavartha-kaval-kere,12483,35.5,50.8,2.4,10.2,1.1,0.0,0.0,0.0,253,0.0,0.0,0.0,esa-worldcover-2021
badavamavarthe-kavalu-kunte1,10008,5.3,27.6,12.5,17.4,36.2,0.9,0.0,0.0,10,0.0,0.0,90.0,esa-worldcover-2021
badavamavarthe-kavalu-kunte2,10343,17.9,57.8,4.2,19.6,0.4,0.0,0.0,0.0,26,0.0,0.0,0.0,esa-worldcover-2021
badavamavarthekavalu-hosakere-1,12551,44.2,18.9,14.1,11.0,10.8,0.9,0.1,0.0,269,9.3,0.0,6.3,esa-worldcover-2021
badavamavarthekavalu-kunte3,9866,14.8,37.0,5.0,37.9,5.1,0.2,0.0,0.0,6,0.0,0.0,0.0,esa-worldcover-2021
badavamavarthekavalu-kunte4,9769,16.9,13.3,2.2,56.9,10.5,0.2,0.0,0.0,4,0.0,0.0,0.0,esa-worldcover-2021
badavamavarthekavalu-kunte5,10738,10.5,49.1,2.4,32.2,5.7,0.2,0.0,0.0,48,0.0,0.0,10.4,esa-worldcover-2021
badavamavarthekavalu-kunte6,9767,14.7,22.7,8.6,48.1,5.5,0.3,0.0,0.0,3,0.0,0.0,0.0,esa-worldcover-2021
badavamavarthekavalu-kunte7,11918,33.5,47.9,7.0,5.6,5.4,0.2,0.4,0.0,173,16.2,0.0,0.0,esa-worldcover-2021
bagalagunte-govt-lake,13975,8.3,0.7,0.7,5.6,83.3,1.5,0.0,0.0,356,9.3,0.0,0.6,esa-worldcover-2021
bagalagunte-kunte1,9963,15.2,0.6,0.5,4.0,77.1,2.3,0.3,0.0,8,0.0,0.0,0.0,esa-worldcover-2021
bagalakunte-kere1,13907,10.8,1.5,0.9,7.1,78.7,0.7,0.2,0.0,538,0.0,0.0,75.7,esa-worldcover-2021
bagalakunte-kunte2,11151,2.4,0.5,2.7,0.4,92.3,1.7,0.0,0.0,80,0.0,0.0,88.8,esa-worldcover-2021
bagalakunte-kunte3,10032,21.7,2.0,0.9,5.8,69.3,0.3,0.0,0.0,11,0.0,0.0,0.0,esa-worldcover-2021
bagaluru-majare-kunte,10351,7.7,8.3,7.1,53.7,12.9,7.1,3.2,0.0,20,0.0,0.0,0.0,esa-worldcover-2021
bagur-lake,21070,6.7,23.8,6.9,55.9,5.8,0.8,0.0,0.0,1951,7.3,0.0,0.0,esa-worldcover-2021
bail-narsapur-lake-1,17883,4.1,10.1,2.2,74.5,8.6,0.6,0.0,0.0,1234,0.0,0.0,0.0,esa-worldcover-2021
bail-narsapur-lake-2,18379,2.0,10.8,5.6,59.1,20.6,1.9,0.0,0.0,1196,0.0,0.0,0.0,esa-worldcover-2021
bail-narsapur-lake-3,14596,1.1,17.3,4.8,72.6,1.2,2.9,0.0,0.0,539,0.0,0.0,0.0,esa-worldcover-2021
bail-narsapur-lake-4,13182,3.4,17.0,9.7,46.5,20.2,2.9,0.2,0.0,283,0.0,0.0,0.0,esa-worldcover-2021
bailakonnenahalli-kunte,10659,10.8,10.7,5.2,23.9,48.6,0.9,0.0,0.0,42,0.0,0.0,76.2,esa-worldcover-2021
bainahalli-lake,22611,9.3,3.3,4.3,70.1,12.7,0.3,0.0,0.0,2735,16.3,1.5,0.0,esa-worldcover-2021
bairasandra-kere,16184,17.1,28.6,7.8,36.8,9.3,0.4,0.0,0.0,753,61.1,0.0,1.2,esa-worldcover-2021
baiyappanahalli-kere,18898,10.1,15.0,9.8,36.1,26.2,2.6,0.2,0.0,1256,3.5,0.0,5.6,esa-worldcover-2021
balagere-kunte1,11738,12.1,6.7,4.4,28.8,47.5,0.5,0.0,0.0,144,0.0,0.0,10.4,esa-worldcover-2021
balagere-kunte2,10895,11.5,20.3,7.0,33.5,25.5,2.1,0.0,0.0,58,0.0,0.0,65.5,esa-worldcover-2021
balagere-kunte3,10347,17.7,32.9,3.2,20.3,24.1,1.7,0.1,0.0,24,0.0,0.0,0.0,esa-worldcover-2021
balchakuppe-lake,12708,15.7,8.5,3.4,20.6,51.1,0.2,0.4,0.0,187,0.0,0.0,43.9,esa-worldcover-2021
balchakuppe-lake-1,10929,12.7,32.6,4.2,40.4,8.9,0.4,0.8,0.0,41,78.0,0.0,0.0,esa-worldcover-2021
balekere,12910,17.5,11.2,23.6,44.9,2.1,0.3,0.4,0.0,250,0.0,0.0,0.0,esa-worldcover-2021
balligere-lake,15822,21.0,4.1,0.3,73.4,1.2,0.0,0.0,0.0,233,0.0,0.0,0.0,esa-worldcover-2021
bammasandra-kunte-1,9926,10.8,9.3,15.1,39.5,24.1,0.9,0.2,0.0,8,0.0,0.0,100.0,esa-worldcover-2021
banahalli-kere-w,20938,6.3,16.4,3.0,70.5,3.5,0.2,0.0,0.0,1477,0.0,0.0,0.0,esa-worldcover-2021
banahallli-kere,16302,9.9,9.2,3.8,61.6,15.4,0.1,0.0,0.0,968,0.0,0.0,0.0,esa-worldcover-2021
banasavadi-kere-1,15348,17.0,6.3,0.0,0.2,76.4,0.1,0.0,0.0,941,0.0,0.0,62.0,esa-worldcover-2021
banasavadi-kunte-4,9701,64.5,11.4,5.6,3.5,14.6,0.5,0.0,0.0,2,0.0,0.0,0.0,esa-worldcover-2021
banasavadi-kunte-5,9770,64.7,11.6,5.5,3.4,14.3,0.5,0.0,0.0,4,0.0,0.0,0.0,esa-worldcover-2021
banasavadi-kunte-6,10324,31.4,1.5,0.3,0.2,66.5,0.1,0.0,0.0,24,0.0,0.0,0.0,esa-worldcover-2021
banasavadi-kunte-7,9819,20.3,0.9,0.1,0.2,78.4,0.1,0.0,0.0,4,0.0,0.0,100.0,esa-worldcover-2021
banasavadi-kunte1,10099,9.0,0.2,0.0,0.1,90.6,0.1,0.0,0.0,14,0.0,0.0,100.0,esa-worldcover-2021
banasavadi-kunte2,10326,7.9,0.2,0.0,0.1,91.7,0.1,0.0,0.0,22,0.0,0.0,100.0,esa-worldcover-2021
banasavadi-kunte3,10579,10.1,1.5,0.1,0.9,86.6,0.7,0.0,0.0,39,0.0,0.0,100.0,esa-worldcover-2021
banasavadi-kunte8,9770,21.4,0.9,0.1,0.2,77.4,0.1,0.0,0.0,3,0.0,0.0,100.0,esa-worldcover-2021
banaswadi-kere2,18755,8.1,0.3,0.0,0.1,91.4,0.0,0.0,0.0,2319,0.0,0.0,61.8,esa-worldcover-2021
banavati-lake,20503,6.0,8.8,0.1,84.0,1.1,0.0,0.0,0.0,2128,0.0,0.0,0.0,esa-worldcover-2021
bande-mahadevapura-kere,11813,6.5,0.2,0.6,1.5,90.6,0.1,0.5,0.0,90,0.0,0.0,15.6,esa-worldcover-2021
bandekere,13655,5.7,10.5,9.2,21.5,47.4,5.3,0.4,0.0,487,0.0,0.0,69.2,esa-worldcover-2021
bandenalasandra-lake,16491,6.7,2.9,6.9,26.2,55.2,0.3,1.8,0.0,825,96.2,0.0,3.3,esa-worldcover-2021
bandikodigenahalli-amani-kere,41102,6.6,3.7,5.8,69.3,12.2,2.5,0.0,0.0,12029,34.0,0.0,0.1,esa-worldcover-2021
bangalapet-lake,19044,16.1,0.1,1.4,5.5,71.7,1.3,3.9,0.0,1053,54.2,0.2,1.7,esa-worldcover-2021
banhalli-lake,21180,13.4,26.9,4.6,48.6,6.3,0.0,0.1,0.0,1798,0.2,0.0,1.6,esa-worldcover-2021
bannamangala-n-kere,14116,4.6,3.8,7.9,66.9,11.5,4.9,0.4,0.0,424,0.9,0.0,0.0,esa-worldcover-2021
bannerghatta-lake,12200,37.5,47.4,12.9,0.3,0.1,0.3,1.5,0.0,140,15.0,0.0,0.0,esa-worldcover-2021
bannerghatta-lake-2,12653,48.7,36.5,13.0,0.2,0.0,0.2,1.3,0.0,220,70.0,0.0,0.0,esa-worldcover-2021
bannerughatta-kavalu-kunte,10293,51.8,34.7,11.3,0.9,1.0,0.2,0.0,0.0,22,0.0,0.0,0.0,esa-worldcover-2021
bannerughatta-kunte,11989,20.3,10.3,22.7,8.7,37.0,0.7,0.2,0.0,91,0.0,0.0,0.0,esa-worldcover-2021
bannerughatta-kunte2,10583,17.3,14.9,21.8,20.0,25.3,0.7,0.0,0.0,36,0.0,0.0,2.8,esa-worldcover-2021
baradi-kere,22761,17.7,1.0,0.9,75.6,4.6,0.1,0.0,0.0,2702,52.4,0.0,0.0,esa-worldcover-2021
bariga-mudinahalli-kunte,10076,29.1,0.2,0.1,2.2,67.4,1.1,0.0,0.0,14,0.0,0.0,57.1,esa-worldcover-2021
basammanahalli-kere,11467,0.7,10.4,27.4,54.9,0.3,6.2,0.0,0.0,78,0.0,0.0,0.0,esa-worldcover-2021
basapura-kunte,10483,12.4,11.0,14.0,34.0,26.2,2.2,0.3,0.0,30,0.0,0.0,0.0,esa-worldcover-2021
basavanagar-lake,12001,13.8,2.7,2.8,2.3,74.3,1.6,2.5,0.0,116,0.0,0.0,0.0,esa-worldcover-2021
basavanapalya-lake,11450,13.7,41.3,10.8,26.6,5.5,2.0,0.1,0.0,91,63.7,0.0,0.0,esa-worldcover-2021
basavanapura-kere,14362,10.4,2.7,2.0,8.6,75.6,0.8,0.0,0.0,457,69.4,0.0,0.2,esa-worldcover-2021
basavanapura-kere-2,13312,31.5,1.8,2.8,6.3,56.3,1.3,0.0,0.0,233,14.2,0.0,0.0,esa-worldcover-2021
basavanapura-kunte1,11399,8.1,2.4,3.2,11.9,70.9,0.8,2.8,0.0,106,0.0,0.0,21.7,esa-worldcover-2021
basavanapura-lake,12252,6.2,21.4,12.6,58.4,1.2,0.1,0.0,0.0,131,0.0,0.0,0.0,esa-worldcover-2021
bashettihalli-kere,24174,7.6,3.7,6.0,24.4,55.4,3.0,0.0,0.0,2148,0.7,0.0,14.9,esa-worldcover-2021
bavikere-kere,15572,22.9,13.3,3.7,46.4,11.4,1.4,0.9,0.0,600,28.7,0.0,1.5,esa-worldcover-2021
bayappanahalli-lake,13042,2.7,20.9,12.2,47.9,5.3,10.9,0.0,0.0,274,0.0,0.0,2.6,esa-worldcover-2021
beemanakuppe-kunte1,10035,13.6,9.9,12.4,44.5,18.6,0.9,0.0,0.0,12,0.0,0.0,75.0,esa-worldcover-2021
beesegowdan-a-katte,10135,33.2,27.9,8.0,20.9,9.2,0.6,0.3,0.0,14,0.0,0.0,0.0,esa-worldcover-2021
begihalli-govt-kere,12209,18.1,10.5,12.0,25.6,29.5,0.6,3.6,0.1,153,92.2,0.0,0.0,esa-worldcover-2021
begihalli-kunte1,10157,14.3,7.7,9.2,16.2,34.0,1.6,16.9,0.1,14,0.0,0.0,100.0,esa-worldcover-2021
begihalli-kunte2,9816,14.6,9.2,15.3,26.6,31.2,0.7,2.4,0.0,4,0.0,0.0,100.0,esa-worldcover-2021
begur-kere,19119,12.0,18.0,2.7,55.0,11.5,0.8,0.0,0.0,1576,3.5,0.0,0.0,esa-worldcover-2021
begur-kunte-1,10324,2.1,0.5,2.5,3.2,90.3,1.3,0.0,0.0,22,0.0,0.0,72.7,esa-worldcover-2021
begur-kunte2,10776,15.6,5.6,6.7,23.5,47.7,0.7,0.2,0.0,51,0.0,0.0,100.0,esa-worldcover-2021
begur-kunte3,10006,18.6,10.5,22.8,31.2,16.1,0.8,0.0,0.0,10,0.0,0.0,20.0,esa-worldcover-2021
begur-kunte4,10758,16.6,6.0,18.0,16.6,30.4,3.5,2.3,6.6,50,0.0,0.0,0.0,esa-worldcover-2021
begur-kunte5,10813,15.7,6.6,18.9,16.0,32.1,4.3,1.4,5.0,52,0.0,0.0,0.0,esa-worldcover-2021
begur-kunte6,10025,17.3,8.0,10.4,16.3,34.4,1.6,4.3,7.7,11,0.0,0.0,0.0,esa-worldcover-2021
begur-kunte7,10836,14.6,1.7,3.4,7.3,70.2,1.9,0.3,0.7,53,0.0,0.0,28.3,esa-worldcover-2021
begur-kunte8,10568,4.1,0.7,2.5,2.7,87.3,2.6,0.0,0.0,36,0.0,0.0,100.0,esa-worldcover-2021
begur-lake,27354,10.7,4.0,9.5,19.6,54.4,1.8,0.1,0.0,5451,21.8,16.4,0.1,esa-worldcover-2021
beguru-kere,28058,9.7,3.4,2.0,69.7,14.0,0.6,0.6,0.0,4778,17.0,0.0,0.0,esa-worldcover-2021
belalu-kere,13770,10.0,10.4,17.6,52.8,7.6,1.5,0.1,0.0,309,39.8,0.0,0.0,esa-worldcover-2021
belathuru-kunte,10143,10.0,5.7,3.5,18.3,61.0,1.6,0.0,0.0,13,0.0,0.0,53.8,esa-worldcover-2021
belkere-lake,18681,10.8,33.6,3.4,45.4,6.7,0.1,0.0,0.0,1637,0.0,0.0,0.1,esa-worldcover-2021
bellandur-lake,75375,40.0,13.3,1.7,11.3,32.6,0.8,0.4,0.0,39385,0.2,1.5,0.1,esa-worldcover-2021
bellekanahalli-kere,19581,14.3,0.0,0.3,1.4,83.8,0.2,0.0,0.0,2757,0.1,0.0,91.5,esa-worldcover-2021
bellekanahalli-kunte-2,13117,36.5,0.0,0.2,0.6,62.7,0.1,0.0,0.0,366,0.0,0.0,69.7,esa-worldcover-2021
bellekanahalli-kunte1,13068,7.6,0.0,0.0,0.2,91.9,0.2,0.0,0.0,359,0.0,0.0,99.7,esa-worldcover-2021
bellihalli-kere,14694,20.6,13.5,9.4,24.5,23.4,8.5,0.2,0.0,636,54.6,0.0,4.4,esa-worldcover-2021
belur-kunte,11122,36.1,9.5,8.1,2.1,44.1,0.2,0.0,0.0,80,0.0,0.0,1.2,esa-worldcover-2021
belur-nagasandra-kunte,11564,44.9,9.8,3.1,7.6,33.6,0.5,0.6,0.0,126,0.0,0.0,34.1,esa-worldcover-2021
benachikal-lake,11377,9.3,38.5,11.0,32.9,8.1,0.3,0.0,0.0,82,0.0,0.0,4.9,esa-worldcover-2021
bendiganahalli-lake,16115,16.0,12.8,19.5,42.4,7.9,1.4,0.0,0.0,846,1.9,0.0,0.6,esa-worldcover-2021
benniganahalli-kunte,9692,27.6,0.7,0.9,1.4,69.4,0.1,0.0,0.0,3,0.0,0.0,100.0,esa-worldcover-2021
beratena-agrahara-lake,15148,12.3,0.8,4.4,6.7,75.1,0.7,0.0,0.0,389,8.0,0.0,2.3,esa-worldcover-2021
bettadasanapura-kunte1,10847,9.5,7.3,16.7,15.8,46.2,2.2,2.2,0.0,53,0.0,0.0,39.6,esa-worldcover-2021
bettadasanapura-kunte2,10817,9.3,5.1,16.9,13.9,53.1,1.6,0.1,0.0,56,0.0,0.0,100.0,esa-worldcover-2021
bettadasanapura-kunte3,10408,6.9,5.9,21.6,12.8,49.0,3.7,0.2,0.0,28,0.0,0.0,67.9,esa-worldcover-2021
bettahalli-kere,19104,8.1,12.8,1.5,77.4,0.1,0.0,0.1,0.0,1256,23.2,0.0,0.0,esa-worldcover-2021
bettahalli-kere-2,15584,17.5,19.1,15.2,45.6,2.2,0.2,0.1,0.0,720,70.4,0.0,0.0,esa-worldcover-2021
bettahallikaval-lake,14214,9.8,4.9,45.1,30.7,6.2,3.2,0.0,0.0,469,7.9,0.6,0.6,esa-worldcover-2021
bettahalsur-kere,17170,21.3,3.5,4.0,32.0,29.4,7.9,1.9,0.0,766,51.8,0.0,0.0,esa-worldcover-2021
bettahalsur-kunte-1,10006,4.5,6.7,2.4,75.9,10.2,0.3,0.0,0.0,9,0.0,0.0,0.0,esa-worldcover-2021
bettahalsur-kunte-2,10081,9.3,12.8,4.5,57.0,15.2,1.2,0.0,0.0,14,0.0,0.0,0.0,esa-worldcover-2021
bettahalsur-kunte-3,9966,11.8,12.8,4.6,41.6,25.3,3.9,0.0,0.0,8,0.0,0.0,87.5,esa-worldcover-2021
bettahalsur-narayanapura-kunte-newly-created,10847,11.5,11.4,7.2,41.9,22.9,5.0,0.0,0.0,39,0.0,0.0,0.0,esa-worldcover-2021
bettakote-amani-kere,58867,15.5,8.2,9.9,53.0,10.1,2.1,1.3,0.0,20010,14.3,1.1,0.7,esa-worldcover-2021
bettenahalli-lake,23028,2.6,2.9,3.4,83.8,7.0,0.3,0.1,0.0,2284,0.1,0.0,0.3,esa-worldcover-2021
bettrayandoddi-lake,15073,16.6,25.9,31.5,18.2,7.2,0.2,0.4,0.0,520,78.5,0.0,0.0,esa-worldcover-2021
bhaaktarahalli-lake-2,11843,0.8,7.5,6.4,84.3,0.7,0.3,0.1,0.0,96,0.0,0.0,0.0,esa-worldcover-2021
bhadripura-lake,13763,12.2,3.4,16.6,21.9,45.4,0.5,0.0,0.0,234,12.8,0.0,0.0,esa-worldcover-2021
bhairagaudanahalli-kere,17573,34.5,11.2,0.5,50.6,3.3,0.0,0.0,0.0,701,8.7,0.0,0.0,esa-worldcover-2021
bhairanahali-lake-1,14776,6.1,10.3,2.1,72.9,8.5,0.2,0.0,0.0,535,0.0,0.0,5.8,esa-worldcover-2021
bhairanahalli-5r,22184,22.1,7.8,0.7,66.1,2.8,0.4,0.1,0.0,2282,5.2,0.0,0.0,esa-worldcover-2021
bhairanayakanahalli,24815,21.1,1.1,0.7,71.7,5.1,0.0,0.3,0.0,1836,1.7,0.0,0.0,esa-worldcover-2021
bhairanayakanahallipalya,16524,19.3,8.0,1.0,65.4,6.2,0.1,0.1,0.0,814,8.4,0.0,1.7,esa-worldcover-2021
bhairapur-lake,24406,8.6,16.2,1.4,70.7,3.1,0.0,0.0,0.0,2548,0.0,0.0,0.0,esa-worldcover-2021
bhairasandrapalya-lake,22216,6.2,11.2,1.2,80.8,0.6,0.0,0.0,0.0,1957,14.5,0.0,0.0,esa-worldcover-2021
bhairashettihalli-kere,18476,18.5,21.1,1.3,53.3,5.7,0.1,0.0,0.0,1164,0.4,0.0,0.0,esa-worldcover-2021
bhairathi-kunte1,10079,27.1,4.9,2.1,17.7,45.5,2.7,0.0,0.0,12,0.0,0.0,0.0,esa-worldcover-2021
bhairathi-kunte2,9693,20.3,6.4,2.9,16.9,53.0,0.6,0.0,0.0,3,0.0,0.0,66.7,esa-worldcover-2021
bhairathi-kunte3,10355,19.9,7.9,2.9,19.5,49.3,0.5,0.0,0.0,22,0.0,0.0,40.9,esa-worldcover-2021
bhairathi-kunte4,10527,19.0,3.2,2.8,11.9,62.2,0.9,0.0,0.0,34,0.0,0.0,44.1,esa-worldcover-2021
bhairathikhane-kere,12626,15.4,7.1,3.8,12.2,58.1,2.9,0.5,0.0,279,15.1,0.0,33.7,esa-worldcover-2021
bhaktarahalli-kere,24052,20.8,20.3,3.3,43.5,11.4,0.8,0.0,0.0,2700,16.4,0.0,0.6,esa-worldcover-2021
bhaktarahalli-lake,16276,0.1,14.9,5.6,78.5,0.6,0.1,0.0,0.0,743,42.5,0.0,0.0,esa-worldcover-2021
bhaktipura-kere,15713,2.2,3.6,18.0,67.3,7.9,1.1,0.0,0.0,607,6.8,0.0,5.9,esa-worldcover-2021
bhandarapura-katte,11094,14.0,6.4,3.5,27.8,47.1,0.7,0.5,0.0,74,0.0,0.0,74.3,esa-worldcover-2021
bhandarapura-kunte-2,9692,7.1,5.8,8.7,29.1,42.1,7.1,0.0,0.0,3,0.0,0.0,0.0,esa-worldcover-2021
bhandarapura-kunte1,9867,19.1,7.5,2.8,26.4,41.6,1.8,0.9,0.0,6,0.0,0.0,83.3,esa-worldcover-2021
bhattarahalli-kere,14004,8.2,2.6,5.8,8.8,69.0,5.4,0.1,0.0,377,74.0,0.0,0.8,esa-worldcover-2021
bhattarahalli-kunte,11626,12.8,1.1,5.7,8.6,62.2,7.0,2.5,0.0,133,0.0,0.0,46.6,esa-worldcover-2021
bheemanakuppe-hosakere,21812,17.2,13.1,14.9,28.8,12.6,1.0,12.4,0.0,4092,26.7,0.0,0.7,esa-worldcover-2021
bheemanakuppe-kere,12856,30.4,14.8,14.2,25.6,12.8,1.2,1.1,0.0,129,0.0,0.0,0.0,esa-worldcover-2021
bhimapura-kere,23824,1.0,8.2,4.8,78.3,6.9,0.8,0.1,0.0,2824,0.0,0.0,0.0,esa-worldcover-2021
bhimaravutanahalli-lake,19141,0.4,7.8,31.0,57.7,1.6,1.4,0.1,0.0,1314,29.6,0.0,0.0,esa-worldcover-2021
bhimmanakuppe-govt-lake,10917,23.9,9.8,9.0,6.7,49.6,1.1,0.0,0.0,42,9.5,0.0,4.8,esa-worldcover-2021
bhoganahalli-kere,14775,6.4,18.2,3.5,30.3,41.1,0.6,0.0,0.0,433,21.5,0.0,5.8,esa-worldcover-2021
bhoganahalli-kunte1,10468,20.4,43.5,10.2,21.3,4.0,0.6,0.0,0.0,28,0.0,0.0,0.0,esa-worldcover-2021
bhoganahalli-kunte2,11079,7.9,28.3,10.9,46.8,5.6,0.3,0.3,0.0,76,0.0,0.0,0.0,esa-worldcover-2021
bhoganahalli-kunte3,9956,8.2,22.0,10.2,37.6,19.6,2.3,0.0,0.0,12,0.0,0.0,0.0,esa-worldcover-2021
bhoganahalli-kunte4,10059,5.6,5.8,5.8,11.0,69.2,2.6,0.0,0.0,14,0.0,0.0,100.0,esa-worldcover-2021
bhoganahalli-kunte5,10223,2.5,0.2,1.2,3.7,92.0,0.4,0.0,0.0,19,0.0,0.0,100.0,esa-worldcover-2021
bhoganahalli-kunte6,10375,13.1,11.6,4.1,28.1,40.1,2.2,0.8,0.0,26,0.0,0.0,23.1,esa-worldcover-2021
bhov-palya-lake,14033,7.2,14.0,0.5,76.0,2.2,0.0,0.0,0.0,352,0.0,0.0,0.0,esa-worldcover-2021
bhovihalli-lake,15228,6.6,6.3,16.5,62.3,6.3,2.0,0.0,0.0,383,1.0,0.0,0.0,esa-worldcover-2021
bhujangadasana-amanikere-govt-lake,21970,29.4,5.8,21.5,22.1,19.4,1.7,0.1,0.0,2086,65.1,2.5,0.0,esa-worldcover-2021
bhusandra-kere,14471,13.2,17.2,13.2,51.0,2.8,2.5,0.2,0.0,321,21.5,0.0,0.0,esa-worldcover-2021
bhutanahlli-lake,12892,21.5,29.0,27.1,18.9,3.2,0.4,0.0,0.0,217,66.4,0.0,0.0,esa-worldcover-2021
bhuthanahalli-kunte-1,10463,3.6,12.9,49.7,28.6,4.9,0.3,0.0,0.0,31,0.0,0.0,0.0,esa-worldcover-2021
bhuthanahalli-kunte-2,10570,45.6,38.7,7.8,5.8,2.1,0.0,0.0,0.0,32,0.0,0.0,0.0,esa-worldcover-2021
bhuthanahalli-kunte-3,10388,17.9,41.7,24.8,11.3,2.5,0.5,1.3,0.0,28,0.0,0.0,0.0,esa-worldcover-2021
bhuthanahalli-kunte-4,11182,19.0,44.7,19.6,12.7,2.3,0.4,1.3,0.0,84,0.0,0.0,9.5,esa-worldcover-2021
bhuthanahalli-kunte-5,11245,20.8,47.6,17.3,9.7,2.7,0.6,1.3,0.0,88,0.0,0.0,0.0,esa-worldcover-2021
bhuthanahalli-kunte-6,10703,19.2,27.7,32.3,19.3,1.4,0.0,0.0,0.0,45,0.0,0.0,0.0,esa-worldcover-2021
bidaluru-kere,17016,7.3,1.8,1.8,78.5,9.7,0.8,0.1,0.0,956,3.2,0.0,0.0,esa-worldcover-2021
bidaluru-kere-2,15467,5.0,3.2,0.7,90.8,0.1,0.1,0.0,0.0,686,1.5,0.0,0.0,esa-worldcover-2021
bidara-amanikere,36209,21.5,6.2,11.0,43.8,17.3,0.2,0.0,0.0,8716,0.7,1.3,0.0,esa-worldcover-2021
bidarahalli-kere,27964,8.7,14.2,8.9,37.7,28.3,2.1,0.2,0.0,3001,4.4,0.0,0.5,esa-worldcover-2021
bidareagrahara-kere,14482,12.0,5.9,5.2,38.6,37.0,1.3,0.0,0.0,408,0.0,3.7,0.0,esa-worldcover-2021
bidarena-agarahara-kunte,10537,12.0,5.3,6.4,36.7,35.8,3.4,0.1,0.1,36,0.0,0.0,38.9,esa-worldcover-2021
bidarguppe-kere,19937,2.1,8.6,15.0,59.7,14.4,0.3,0.0,0.0,1802,0.0,0.0,0.7,esa-worldcover-2021
bidarpura-lake,22801,2.6,3.8,6.5,78.8,8.2,0.2,0.0,0.0,2122,3.7,0.0,0.0,esa-worldcover-2021
bidikere,28298,8.0,7.0,1.3,79.4,4.3,0.1,0.0,0.0,4222,0.0,0.0,0.1,esa-worldcover-2021
bikasipura-kunte,9827,20.8,0.0,0.1,0.0,78.6,0.2,0.3,0.0,6,0.0,0.0,100.0,esa-worldcover-2021
bikkanhalli-lake,18957,9.4,10.1,11.1,61.7,7.5,0.2,0.0,0.0,1557,0.7,0.0,0.0,esa-worldcover-2021
bilekalli-kere,13676,40.3,0.8,0.6,0.9,57.1,0.3,0.0,0.0,483,0.0,0.0,37.9,esa-worldcover-2021
bilekalli-kunte,10747,32.8,0.7,0.5,1.1,64.9,0.1,0.0,0.0,48,0.0,0.0,85.4,esa-worldcover-2021
bilijaji-kere,15691,15.1,11.8,1.0,70.0,2.0,0.1,0.0,0.0,408,0.0,0.0,0.0,esa-worldcover-2021
billapura-govt-kere,16015,4.6,18.0,10.0,47.4,19.8,0.2,0.0,0.0,435,0.0,0.0,0.9,esa-worldcover-2021
billishivale-katte,11176,31.2,7.3,1.6,12.4,47.2,0.3,0.0,0.0,83,0.0,0.0,90.4,esa-worldcover-2021
billishivale-kunte,9704,22.2,5.1,3.7,21.5,45.7,1.7,0.1,0.0,2,0.0,0.0,100.0,esa-worldcover-2021
bilnirkatte,11057,10.1,22.1,9.6,41.5,13.2,3.4,0.0,0.0,72,0.0,0.0,51.4,esa-worldcover-2021
bilwaradahalli-kere,14078,44.2,20.6,14.0,5.5,15.2,0.4,0.2,0.0,291,85.6,0.0,0.0,esa-worldcover-2021
bilwaradahalli-kunte,10190,28.8,18.7,32.4,16.9,2.6,0.5,0.0,0.0,18,0.0,0.0,0.0,esa-worldcover-2021
bimanakuppe-kere,11728,2.7,6.3,38.1,35.4,7.7,9.9,0.0,0.0,112,0.0,0.0,0.0,esa-worldcover-2021
bingipura-kunte1,10246,9.2,7.1,17.3,47.6,15.8,1.2,1.8,0.0,16,0.0,0.0,0.0,esa-worldcover-2021
bingipura-kunte2,10299,21.8,5.5,21.7,24.5,18.1,1.8,6.5,0.0,22,0.0,0.0,4.5,esa-worldcover-2021
bingipura-kunte3,9995,15.2,3.8,23.5,34.9,13.1,2.8,6.7,0.0,9,0.0,0.0,100.0,esa-worldcover-2021
bingipura-kunte4,10218,19.2,3.7,16.9,22.7,30.5,6.0,1.0,0.0,19,0.0,0.0,0.0,esa-worldcover-2021
bingipura-lake,13501,19.3,5.0,13.3,36.6,23.7,2.1,0.0,0.0,328,0.0,0.0,0.3,esa-worldcover-2021
binnamangala-kere-1,17043,46.3,8.6,4.1,2.7,36.8,1.3,0.2,0.0,1548,3.8,0.0,18.0,esa-worldcover-2021
binnamangala-kere-2,13557,28.6,4.5,0.8,1.4,64.2,0.4,0.1,0.0,456,0.0,0.0,67.8,esa-worldcover-2021
binnamangala-kere-l,20796,11.3,22.6,1.1,62.1,2.8,0.1,0.0,0.0,1958,0.0,0.0,0.0,esa-worldcover-2021
binnamangala-kere-u,21671,14.4,31.2,3.0,44.9,4.7,1.9,0.0,0.0,1406,0.0,0.0,0.0,esa-worldcover-2021
binnamangala-kunte1,10466,29.4,4.1,0.9,2.0,62.9,0.5,0.2,0.0,31,0.0,0.0,93.5,esa-worldcover-2021
binnamangala-kunte2,10471,18.9,0.0,0.1,0.2,80.7,0.1,0.0,0.0,28,0.0,0.0,100.0,esa-worldcover-2021
binnamangala-manavarthe-kaval-kunte1,10280,39.2,1.2,0.0,0.4,59.1,0.0,0.0,0.0,20,0.0,0.0,0.0,esa-worldcover-2021
binnamangala-manavarthe-kaval-kunte2,10371,39.7,0.5,0.1,1.2,58.5,0.0,0.0,0.0,24,0.0,0.0,4.2,esa-worldcover-2021
biranapalya-kere,20377,14.3,10.2,1.2,71.7,2.5,0.0,0.0,0.0,1784,1.3,0.0,0.1,esa-worldcover-2021
birgondanahalli-kere,16629,15.8,4.6,5.5,59.5,8.2,6.4,0.0,0.0,601,12.8,0.0,0.0,esa-worldcover-2021
bodanahosahalli-kere-n,17704,5.8,19.4,4.5,59.2,9.0,2.1,0.0,0.0,685,0.0,0.0,0.0,esa-worldcover-2021
bodanahosahalli-lake,17416,7.2,18.1,2.8,53.3,18.0,0.5,0.0,0.0,1216,0.0,0.0,2.2,esa-worldcover-2021
bommalingayyanapalya-lake,13586,17.7,2.3,0.2,78.6,1.2,0.0,0.0,0.0,189,0.0,0.0,0.0,esa-worldcover-2021
bommanahalli-lake,20870,17.3,12.1,3.2,53.9,13.1,0.4,0.0,0.0,1551,0.0,0.0,0.2,esa-worldcover-2021
bommanahalli-lake-2,14385,3.5,15.2,7.4,67.8,4.9,1.2,0.0,0.0,376,0.0,0.0,1.1,esa-worldcover-2021
bommanahalli-lower,13843,13.3,13.8,1.8,50.0,20.9,0.2,0.1,0.0,304,0.0,0.0,0.3,esa-worldcover-2021
bommanahalli-up3r,13715,8.0,9.7,1.4,63.4,16.9,0.7,0.0,0.0,316,2.8,0.0,7.9,esa-worldcover-2021
bommasandra-lake,17762,18.7,3.7,7.3,8.6,60.4,1.3,0.1,0.0,1104,47.7,0.0,3.3,esa-worldcover-2021
bommashettihalli-kere,21978,21.4,21.3,1.0,51.0,5.2,0.0,0.0,0.0,2295,0.1,0.0,0.0,esa-worldcover-2021
budamanahalli-lake,22060,7.4,3.9,3.0,80.1,4.1,0.4,1.1,0.0,1775,0.3,0.0,0.1,esa-worldcover-2021
budigere-amani-kere,43072,6.0,8.4,4.1,70.9,9.6,1.0,0.0,0.0,13234,0.5,0.0,0.0,esa-worldcover-2021
bukkasagara-lake,14588,24.2,15.9,6.2,19.2,34.0,0.4,0.0,0.0,411,46.5,0.0,0.0,esa-worldcover-2021
buragkunte-lake,17148,5.8,18.5,12.8,32.8,22.3,7.7,0.0,0.0,822,0.0,0.0,0.0,esa-worldcover-2021
byadarahalli-kere,16064,10.7,3.1,0.6,82.1,3.4,0.0,0.0,0.0,635,4.4,0.0,0.0,esa-worldcover-2021
byadarahalli-kere-2,13127,31.8,0.4,0.2,2.0,65.5,0.1,0.0,0.0,368,0.0,0.0,97.6,esa-worldcover-2021
byadarahalli-kunte,10674,26.2,0.6,0.3,2.4,69.9,0.6,0.0,0.0,43,0.0,0.0,18.6,esa-worldcover-2021
byadarahalli-lake,17833,30.3,8.1,1.0,54.3,2.9,0.0,3.4,0.0,962,40.3,0.0,0.3,esa-worldcover-2021
byagadadenhalli-kere-2,12874,14.3,6.8,19.6,42.2,14.6,2.4,0.2,0.0,240,71.2,0.0,0.0,esa-worldcover-2021
byalhalli-lake,17700,16.6,40.1,1.4,37.9,3.2,0.2,0.5,0.0,840,0.0,0.0,0.0,esa-worldcover-2021
byandahalli-kunte1,9881,23.8,23.1,4.9,31.5,16.6,0.1,0.0,0.0,6,0.0,0.0,0.0,esa-worldcover-2021
byandahalli-kunte2,9824,18.2,18.3,8.3,30.0,25.2,0.1,0.0,0.0,4,0.0,0.0,0.0,esa-worldcover-2021
byappanahalli-kere,17084,40.1,1.0,4.0,3.2,49.6,0.3,1.8,0.0,946,4.3,0.0,0.0,esa-worldcover-2021
byappanahalli-kere-2,13275,33.6,9.7,4.7,7.4,41.7,2.7,0.3,0.0,397,0.0,0.0,91.7,esa-worldcover-2021
byappanahalli-kunte1,10549,35.3,11.5,1.7,2.4,47.3,1.5,0.4,0.0,36,0.0,0.0,97.2,esa-worldcover-2021
byappanahalli-kunte1-2,10467,10.1,20.4,10.9,33.6,20.2,4.1,0.8,0.0,31,0.0,0.0,16.1,esa-worldcover-2021
byappanahalli-kunte2,10717,10.3,21.3,10.5,34.2,19.4,3.7,0.7,0.0,44,0.0,0.0,20.5,esa-worldcover-2021
byappanahalli-kunte3,10819,20.7,20.7,4.7,42.9,8.4,2.7,0.0,0.0,56,0.0,0.0,0.0,esa-worldcover-2021
byappanahalli-lake,17441,19.2,4.1,4.6,46.0,23.4,2.6,0.0,0.0,803,33.6,0.0,0.0,esa-worldcover-2021
byatarayanapura-kunte1,11752,2.0,0.8,0.7,1.1,95.1,0.3,0.0,0.0,148,0.0,0.0,58.1,esa-worldcover-2021
byatarayapura-lake,11817,5.4,0.1,0.3,0.2,93.8,0.3,0.0,0.0,128,0.0,0.0,28.1,esa-worldcover-2021
byatarayapura-lake-2,12436,18.8,0.9,1.1,3.2,73.3,2.7,0.0,0.0,244,0.0,0.0,26.6,esa-worldcover-2021
byataryapura-kunte,10468,6.8,0.5,0.7,2.6,89.0,0.4,0.0,0.0,30,0.0,0.0,100.0,esa-worldcover-2021
byatgutapalya-lake,12700,5.4,0.0,0.1,0.1,94.4,0.0,0.0,0.0,292,0.0,0.0,84.6,esa-worldcover-2021
bydarahalli-kere-s,14277,5.2,16.4,4.9,71.9,0.5,0.9,0.0,0.0,398,0.0,0.0,0.0,esa-worldcover-2021
byrappanahalli-kunte1,9912,47.0,20.3,7.2,8.6,15.1,1.3,0.6,0.0,7,0.0,0.0,0.0,esa-worldcover-2021
byrappanahalli-kunte2,10716,54.0,25.8,14.3,2.1,2.9,0.7,0.2,0.0,52,0.0,0.0,9.6,esa-worldcover-2021
byrasandra,15068,36.9,0.3,0.2,0.4,62.1,0.2,0.0,0.0,471,16.6,0.0,0.0,esa-worldcover-2021
byrasandra-2,13960,31.5,0.7,1.1,0.4,65.7,0.6,0.0,0.0,297,2.4,0.0,0.3,esa-worldcover-2021
byrasandra-kere,13912,23.6,0.0,0.3,1.2,74.5,0.5,0.0,0.0,468,34.2,0.0,25.6,esa-worldcover-2021
byrasandra-kunte,10465,18.5,1.1,0.6,1.4,78.1,0.3,0.0,0.0,30,0.0,0.0,46.7,esa-worldcover-2021
byyandanahalli-kere,12180,20.9,25.1,5.7,32.5,15.7,0.1,0.0,0.0,140,0.0,0.0,0.0,esa-worldcover-2021
cannammakere,13373,8.9,0.0,0.3,0.4,90.3,0.1,0.0,0.0,302,0.0,0.0,46.7,esa-worldcover-2021
carmelarm,11901,26.7,36.6,10.8,14.4,10.1,1.3,0.0,0.0,100,0.0,0.0,0.0,esa-worldcover-2021
chagalatti-kunte-1,9825,4.6,2.8,2.5,75.5,14.3,0.4,0.0,0.0,4,0.0,0.0,0.0,esa-worldcover-2021
chagalatti-kunte-2,10654,6.9,11.5,6.4,66.8,3.3,5.1,0.0,0.0,32,9.4,0.0,0.0,esa-worldcover-2021
chagalatti-kunte-3,9704,4.1,4.4,5.3,64.1,18.5,3.1,0.5,0.0,2,0.0,0.0,100.0,esa-worldcover-2021
chagalatti-kunte-4,9831,6.0,1.4,6.5,69.9,11.2,5.0,0.0,0.0,6,0.0,0.0,0.0,esa-worldcover-2021
chagalatti-kunte-5,9927,2.0,3.3,9.1,70.5,8.4,6.0,0.7,0.0,8,0.0,0.0,0.0,esa-worldcover-2021
chagalatti-lake,21282,5.1,3.8,6.9,66.8,12.5,4.4,0.4,0.0,1572,4.3,0.0,0.3,esa-worldcover-2021
chalamakunti-lake,16484,10.1,33.2,1.3,54.4,0.6,0.3,0.0,0.0,1023,0.0,0.0,0.0,esa-worldcover-2021
chalamakunti-lake-2,16892,2.0,59.0,3.5,35.4,0.1,0.0,0.0,0.0,433,0.0,0.0,0.0,esa-worldcover-2021
challagatta-kunte1,10798,5.1,5.0,27.0,35.6,17.5,9.7,0.0,0.0,52,0.0,0.0,0.0,esa-worldcover-2021
challagatta-kunte2,10370,10.6,4.6,17.1,51.4,15.1,1.2,0.0,0.0,25,0.0,0.0,16.0,esa-worldcover-2021
challahalli-lake,21980,5.1,13.3,1.0,74.6,5.8,0.2,0.0,0.0,1793,1.3,0.0,0.1,esa-worldcover-2021
chaluvekere,11553,4.3,1.7,10.9,35.8,44.1,3.2,0.0,0.0,71,0.0,0.0,0.0,esa-worldcover-2021
chandrappa-circle-kere,12231,4.4,24.4,35.6,30.3,4.5,0.7,0.0,0.0,163,37.4,0.0,0.0,esa-worldcover-2021
chandrashekarapura-kere,12077,19.6,4.2,12.1,5.5,53.7,3.1,0.7,1.1,147,0.0,0.0,11.6,esa-worldcover-2021
chanenahalli-kunte-1,10038,11.1,8.3,7.8,30.4,40.1,0.6,1.6,0.0,12,0.0,0.0,0.0,esa-worldcover-2021
chanenahalli-kunte-2,10247,19.4,11.8,5.7,23.9,38.2,1.0,0.0,0.0,21,0.0,0.0,0.0,esa-worldcover-2021
chanenahalli-kunte-3,11344,6.5,15.9,7.9,30.8,36.1,2.8,0.0,0.0,100,0.0,0.0,33.0,esa-worldcover-2021
chanenahalli-kunte-4,10175,18.7,14.2,6.0,26.5,33.8,0.9,0.0,0.0,17,0.0,0.0,0.0,esa-worldcover-2021
channabasappana-katte-new,10067,5.4,22.7,20.7,37.2,3.3,2.8,8.0,0.0,14,0.0,0.0,0.0,esa-worldcover-2021
channadevi-agrahara,18668,13.6,17.4,1.9,64.8,2.1,0.1,0.1,0.0,1075,2.4,0.0,0.0,esa-worldcover-2021
channamanakere,14209,10.1,0.0,0.2,0.0,89.5,0.2,0.0,0.0,383,0.3,0.0,64.8,esa-worldcover-2021
channarayapatna-lake,17719,5.2,17.5,2.8,57.4,15.3,1.8,0.0,0.0,835,0.0,0.0,0.1,esa-worldcover-2021
channasandra-kunte,10655,23.4,1.6,2.8,4.1,67.3,0.8,0.0,0.0,42,0.0,0.0,54.8,esa-worldcover-2021
channasandra-kunte1,9750,8.8,2.2,1.9,5.5,79.5,2.0,0.0,0.0,4,0.0,0.0,50.0,esa-worldcover-2021
channasandra-kunte2,10496,7.7,1.3,2.3,5.4,80.1,3.2,0.0,0.0,28,0.0,0.0,78.6,esa-worldcover-2021
channatimmayyanapalya-lake,15328,28.6,9.0,3.0,42.4,15.2,1.3,0.5,0.0,496,9.1,0.0,0.0,esa-worldcover-2021
channenahalli-lake,14317,21.0,17.6,3.9,48.2,8.7,0.7,0.0,0.0,363,0.0,0.0,0.0,esa-worldcover-2021
chaugondanahalli-kere,23440,10.4,4.1,0.9,75.9,8.0,0.1,0.5,0.0,3800,11.6,0.0,0.7,esa-worldcover-2021
chavdappanhalli-lake,19023,5.8,7.3,2.4,75.6,8.3,0.5,0.0,0.0,981,0.9,0.0,0.0,esa-worldcover-2021
chellaghatta-kere,29848,16.9,3.8,0.8,12.7,65.2,0.5,0.0,0.0,5476,0.6,0.0,5.3,esa-worldcover-2021
chellakere-kere,16457,6.6,0.2,1.1,1.3,90.7,0.1,0.0,0.0,576,14.8,0.0,0.0,esa-worldcover-2021
chengirayanapura-kere,14556,9.7,29.3,5.9,53.0,1.2,0.8,0.0,0.0,446,0.0,0.0,0.0,esa-worldcover-2021
chennadasipalya-lake,12316,14.6,14.5,11.4,47.4,11.3,0.3,0.4,0.0,176,30.1,0.0,0.0,esa-worldcover-2021
chennapura-kere,18929,13.9,3.4,1.0,78.8,2.7,0.0,0.0,0.0,1032,31.2,0.0,0.0,esa-worldcover-2021
chenvinayanahalli-kere,17742,14.2,10.2,10.0,37.9,26.6,0.1,0.9,0.0,847,50.4,0.0,0.8,esa-worldcover-2021
chichuruaganapalli-lake,15443,2.2,24.8,15.9,47.5,8.7,0.9,0.0,0.0,647,0.0,0.0,0.2,esa-worldcover-2021
chikadasarahalli-kere-n,15837,1.5,7.8,6.7,78.1,5.8,0.1,0.0,0.0,553,0.0,0.0,2.7,esa-worldcover-2021
chikadasarahalli-kere-s,15097,2.5,9.9,6.1,72.4,7.0,2.1,0.0,0.0,518,0.2,0.0,0.0,esa-worldcover-2021
chikka-hejjaji-lake,11651,24.2,27.9,0.3,47.6,0.1,0.0,0.0,0.0,83,0.0,0.0,0.0,esa-worldcover-2021
chikka-jala-amani-kere,23488,7.7,9.6,3.3,59.2,18.5,1.6,0.1,0.0,2127,6.9,0.0,0.4,esa-worldcover-2021
chikka-kammanahalli,12547,29.6,8.9,6.2,11.4,43.2,0.7,0.0,0.0,160,0.0,0.0,0.0,esa-worldcover-2021
chikka-kammanahalli-e,15488,16.8,15.0,10.4,22.3,33.7,0.8,1.1,0.0,541,16.6,0.0,0.7,esa-worldcover-2021
chikka-mankalal-lake,11944,10.8,9.4,0.1,76.5,3.2,0.0,0.0,0.0,118,8.5,0.0,0.0,esa-worldcover-2021
chikka-sanne-kere,41591,13.3,5.7,3.2,68.7,7.2,1.3,0.5,0.0,14598,0.0,0.0,0.0,esa-worldcover-2021
chikka-taggali-kere,20571,10.3,24.6,7.1,52.5,4.9,0.5,0.0,0.0,1662,0.0,0.0,0.0,esa-worldcover-2021
chikkaamani-kere,38803,10.4,12.3,5.6,45.7,25.2,0.8,0.1,0.0,10374,0.6,0.0,0.0,esa-worldcover-2021
chikkabanahalli-kere,16482,5.8,16.4,7.9,43.7,25.3,0.9,0.0,0.0,923,0.0,0.0,0.0,esa-worldcover-2021
chikkabanahalli-kunte,10401,26.3,23.5,1.7,37.8,10.5,0.1,0.0,0.0,28,0.0,0.0,0.0,esa-worldcover-2021
chikkabanavara-kere,27169,24.2,4.5,2.4,22.1,45.9,0.9,0.0,0.0,4253,8.8,0.0,0.6,esa-worldcover-2021
chikkabanavara-kunte-1,10912,15.1,12.3,4.0,11.7,56.4,0.5,0.0,0.0,58,0.0,0.0,37.9,esa-worldcover-2021
chikkabanavara-kunte-2,10081,9.9,6.9,2.7,29.0,51.4,0.2,0.0,0.0,11,0.0,0.0,100.0,esa-worldcover-2021
chikkabegur-kere,19602,6.6,0.6,4.6,4.5,82.2,1.5,0.0,0.0,1163,0.0,0.0,1.1,esa-worldcover-2021
chikkabellanduru-kere,21181,23.4,18.6,5.8,24.4,25.4,2.3,0.2,0.0,2418,0.0,0.0,1.3,esa-worldcover-2021
chikkabettahalli,12382,9.8,3.6,7.1,13.1,60.3,4.4,1.6,0.0,202,0.0,0.0,10.4,esa-worldcover-2021
chikkabettahalli-katte-2,11460,14.3,5.2,3.5,6.9,69.3,0.8,0.0,0.0,112,0.0,0.0,100.0,esa-worldcover-2021
chikkabettahalli-kunte-3,10379,6.1,2.1,3.7,14.2,71.5,1.6,0.8,0.0,25,0.0,0.0,100.0,esa-worldcover-2021
chikkabettahalli-kunte1,10081,4.4,2.5,3.9,14.6,71.3,1.5,1.9,0.0,12,0.0,0.0,100.0,esa-worldcover-2021
chikkabettahalli-kunte2,9961,23.4,1.2,1.7,2.2,70.8,0.7,0.0,0.0,8,0.0,0.0,100.0,esa-worldcover-2021
chikkagollarahatti,10752,13.7,8.8,3.4,5.5,67.1,1.3,0.2,0.0,49,0.0,0.0,0.0,esa-worldcover-2021
chikkagubbi-kere,14871,11.8,16.7,3.1,53.2,13.5,1.7,0.0,0.0,446,12.1,0.0,0.4,esa-worldcover-2021
chikkakalenahalli-lake,21117,10.6,27.3,0.7,59.5,1.8,0.1,0.0,0.0,1608,4.0,0.0,0.0,esa-worldcover-2021
chikkakalenahalli-lake-2,12221,4.6,36.5,14.0,44.1,0.4,0.3,0.1,0.0,115,14.8,0.0,0.0,esa-worldcover-2021
chikkakallasandra-kere,14205,5.9,0.0,0.4,0.1,93.0,0.6,0.0,0.0,610,0.0,0.0,76.4,esa-worldcover-2021
chikkakere,13623,14.2,12.0,3.5,22.7,47.3,0.3,0.0,0.0,338,0.0,0.0,1.2,esa-worldcover-2021
chikkaluru-kere,15042,16.4,12.5,6.9,51.2,9.3,3.7,0.0,0.0,479,0.0,0.0,0.0,esa-worldcover-2021
chikkaluru-rampura-kere,15072,20.0,16.2,13.9,26.5,17.4,6.1,0.0,0.0,532,7.5,0.0,4.9,esa-worldcover-2021
chikkanaga-mangala-kere,12545,12.7,2.9,18.4,40.1,23.6,2.4,0.0,0.0,262,0.0,0.0,35.9,esa-worldcover-2021
chikkanaga-mangala-kunte-1,10000,15.8,4.1,13.7,49.1,15.7,1.1,0.5,0.0,7,0.0,0.0,0.0,esa-worldcover-2021
chikkanagamangala-govt-kere,14951,16.0,12.6,13.0,29.3,27.4,1.4,0.2,0.0,490,65.3,0.0,0.2,esa-worldcover-2021
chikkanagamangala-kunte-2,10056,9.0,4.1,5.9,15.0,64.8,1.3,0.0,0.0,14,0.0,0.0,100.0,esa-worldcover-2021
chikkanagamangala-kunte-3,10714,10.0,2.8,2.1,6.3,78.2,0.6,0.0,0.0,46,0.0,0.0,97.8,esa-worldcover-2021
chikkanahalli-down-kere,16117,12.0,4.1,1.6,74.6,7.2,0.3,0.2,0.0,722,14.7,0.0,1.5,esa-worldcover-2021
chikkanahalli-kere-n,10836,4.9,6.1,26.1,44.4,9.7,7.1,1.6,0.0,44,0.0,0.0,0.0,esa-worldcover-2021
chikkanahalli-lake,13198,7.5,2.3,15.6,68.6,4.8,0.8,0.4,0.0,246,0.0,0.0,3.3,esa-worldcover-2021
chikkanahalli-lake-2,14708,17.4,4.9,2.9,67.0,6.9,0.9,0.0,0.0,551,0.0,0.0,0.0,esa-worldcover-2021
chikkanahalli-lake-2-2,13835,8.0,7.6,0.2,80.3,3.8,0.0,0.1,0.0,285,0.0,0.0,0.0,esa-worldcover-2021
chikkanahalli-lake-3,12747,9.3,6.7,1.0,78.5,4.1,0.0,0.4,0.0,159,18.2,0.0,0.0,esa-worldcover-2021
chikkanahalli-up,14768,12.7,3.4,0.1,80.8,3.0,0.0,0.0,0.0,467,1.9,0.0,0.0,esa-worldcover-2021
chikkanayakanahalli-kunte1,10461,12.7,25.5,13.8,26.5,15.5,6.0,0.1,0.0,30,0.0,0.0,0.0,esa-worldcover-2021
chikkanayakanahalli-kunte2,10127,9.7,27.3,10.6,38.0,10.6,3.7,0.1,0.0,16,0.0,0.0,0.0,esa-worldcover-2021
chikkanayakanahalli-kunte3,10040,12.6,21.2,9.6,37.1,17.9,1.5,0.1,0.0,10,0.0,0.0,100.0,esa-worldcover-2021
chikkanayakanahalli-kunte4,10811,16.4,28.9,11.0,25.7,15.9,2.2,0.0,0.0,54,0.0,0.0,38.9,esa-worldcover-2021
chikkanekundi-lake-land,17632,4.4,22.4,4.5,54.8,12.3,1.5,0.0,0.0,1065,0.0,0.0,1.2,esa-worldcover-2021
chikkannayyan-kere,39201,19.0,3.3,2.2,63.9,11.3,0.2,0.0,0.0,7801,2.5,0.0,2.2,esa-worldcover-2021
chikkasandra-kunte1,9778,11.1,3.7,0.8,4.8,79.1,0.5,0.0,0.0,3,0.0,0.0,100.0,esa-worldcover-2021
chikkasandra-kunte2,10108,11.1,3.3,1.5,6.7,76.2,1.1,0.0,0.0,12,0.0,0.0,50.0,esa-worldcover-2021
chikkasandra-kunte3,10166,13.7,1.6,0.6,2.1,81.2,0.8,0.0,0.0,14,0.0,0.0,14.3,esa-worldcover-2021
chikkasandra-kunte4,10421,12.1,4.7,4.0,3.3,75.2,0.7,0.0,0.0,28,0.0,0.0,78.6,esa-worldcover-2021
chikkatogur-kere,14154,14.6,7.0,4.5,26.6,45.9,1.5,0.0,0.0,431,4.4,0.0,0.2,esa-worldcover-2021
chikkavaderap-ura-govt-kunte-1,10812,6.3,18.6,12.1,33.8,27.1,1.8,0.3,0.0,54,0.0,0.0,57.4,esa-worldcover-2021
chikkavaderapura-govt-karabu-kere-land,11929,5.8,18.0,11.3,35.3,27.7,1.6,0.3,0.0,173,0.0,0.0,64.7,esa-worldcover-2021
chikkavaderapura-govt-karabu-kunte,10060,10.1,21.2,11.8,40.0,16.2,0.7,0.0,0.0,8,0.0,0.0,0.0,esa-worldcover-2021
chikkavaderapura-govt-kunte-2,11057,8.0,19.3,14.3,28.3,28.7,1.4,0.0,0.0,59,0.0,0.0,18.6,esa-worldcover-2021
chikkelluru-kere,11756,25.4,22.7,4.1,36.2,11.5,0.0,0.0,0.0,76,0.0,0.0,3.9,esa-worldcover-2021
chikkelluru-kunte-1,10749,12.4,41.0,9.2,29.7,7.7,0.0,0.0,0.0,33,0.0,0.0,0.0,esa-worldcover-2021
chikkelluru-kunte-2,10048,14.1,27.7,7.7,37.1,13.4,0.0,0.0,0.0,12,0.0,0.0,0.0,esa-worldcover-2021
chikkelluru-kunte-3,9826,26.0,13.0,8.2,41.3,11.1,0.4,0.0,0.0,6,0.0,0.0,0.0,esa-worldcover-2021
chikkelluru-venkatapura-kunte,10142,14.3,14.0,8.5,50.1,8.8,4.3,0.0,0.0,14,0.0,0.0,0.0,esa-worldcover-2021
chikkobanahalli-kere,20755,5.5,6.0,2.9,76.3,8.9,0.3,0.0,0.0,1685,0.0,0.0,0.0,esa-worldcover-2021
chikkondahalli-lake-2,19545,3.3,4.2,0.9,87.1,4.4,0.1,0.0,0.0,1503,0.0,0.0,0.0,esa-worldcover-2021
chikkondahalli-lake-3,21429,2.8,8.0,1.1,86.8,1.2,0.1,0.0,0.0,2875,0.0,0.0,0.2,esa-worldcover-2021
chimachanahalli-lake,22350,5.3,9.0,1.3,78.9,5.4,0.1,0.0,0.0,2293,3.6,0.0,0.0,esa-worldcover-2021
chimasandra-kere,18188,13.6,8.4,3.3,21.7,51.7,1.3,0.0,0.0,1040,44.0,0.0,1.8,esa-worldcover-2021
chimasandra-kunte,10566,6.1,10.8,8.1,39.6,34.0,1.4,0.0,0.0,38,0.0,0.0,100.0,esa-worldcover-2021
chinakurchi-kunte1,11549,7.8,53.5,6.6,32.0,0.1,0.0,0.0,0.0,124,0.0,0.0,0.0,esa-worldcover-2021
chinakurchi-kunte2,11946,8.0,35.6,16.0,36.9,3.2,0.3,0.0,0.0,146,0.0,0.0,4.1,esa-worldcover-2021
chindanahalli-kere,15187,3.2,41.1,4.0,49.3,2.3,0.0,0.0,0.0,526,0.0,0.0,0.0,esa-worldcover-2021
chinna-agraharam-lake,15268,8.3,7.5,11.9,65.8,6.4,0.2,0.0,0.0,473,9.7,0.0,0.0,esa-worldcover-2021
chinna-kempanahalli-kere,12912,3.8,4.7,1.8,80.6,8.6,0.5,0.0,0.0,247,0.0,0.0,0.0,esa-worldcover-2021
chinnakurchi-kere-1,12232,17.6,19.3,11.7,44.5,4.2,0.2,2.7,0.0,144,36.1,0.0,0.0,esa-worldcover-2021
chinnakurchi-kere-2,16181,14.3,19.0,12.3,49.2,4.5,0.3,0.4,0.0,511,62.4,0.0,0.0,esa-worldcover-2021
chinnammanakere,11314,54.2,29.5,4.9,6.0,4.7,0.7,0.0,0.0,75,61.3,0.0,0.0,esa-worldcover-2021
chinnappanahalli-kere1,13657,14.8,2.3,2.1,3.8,72.2,3.7,1.2,0.0,304,83.2,0.0,0.0,esa-worldcover-2021
chinnappanahalli-kere1-2,13919,12.1,2.1,2.1,2.2,74.3,5.3,2.0,0.0,545,0.2,0.0,44.2,esa-worldcover-2021
chittekarepalya-lake,11908,8.6,4.4,23.7,37.7,18.7,5.6,1.4,0.0,134,0.0,0.0,0.0,esa-worldcover-2021
chokkanahalli-katte,11469,15.1,1.6,2.8,8.7,68.7,3.1,0.0,0.0,114,0.0,0.0,37.7,esa-worldcover-2021
chokkanahalli-kunte-1,10078,24.7,3.2,3.3,12.0,53.9,2.8,0.0,0.0,14,0.0,0.0,78.6,esa-worldcover-2021
chokkanahalli-kunte2,10101,13.3,8.0,8.5,24.0,41.5,2.8,2.0,0.0,14,0.0,0.0,71.4,esa-worldcover-2021
chokkanahalli-lake,13518,11.2,6.5,7.6,26.3,45.2,3.1,0.0,0.0,263,74.5,0.0,6.8,esa-worldcover-2021
chokkanahalli-lake-2,18748,11.5,5.6,1.2,76.2,5.4,0.0,0.0,0.0,1366,0.5,0.0,0.0,esa-worldcover-2021
chokkanahalli-lake-2-kere,15261,15.3,11.5,1.4,66.3,5.5,0.0,0.0,0.0,529,0.0,0.0,3.0,esa-worldcover-2021
chokkasandra-lake,10685,15.8,18.2,14.6,42.2,9.1,0.1,0.0,0.0,36,0.0,0.0,0.0,esa-worldcover-2021
cholana-katte,10746,9.0,40.2,11.6,37.8,1.0,0.4,0.0,0.0,48,0.0,0.0,0.0,esa-worldcover-2021
cholanayakanahalli-kere-l,11428,6.9,15.2,0.8,69.8,7.3,0.0,0.0,0.0,83,12.0,0.0,0.0,esa-worldcover-2021
cholapanahalli-kere,20510,3.5,14.2,4.2,65.7,12.0,0.4,0.0,0.0,1070,0.0,0.0,0.0,esa-worldcover-2021
choodasandra-govt-karab-katte,11430,33.3,16.0,6.0,14.1,28.7,1.4,0.4,0.0,112,0.0,0.0,12.5,esa-worldcover-2021
choodasandra-govt-karabu-kunte-2,10555,16.7,3.2,3.8,4.5,70.8,0.9,0.0,0.0,36,0.0,0.0,100.0,esa-worldcover-2021
choodasandra-govt-lake,15250,20.5,5.6,6.1,10.7,54.8,2.1,0.3,0.0,507,0.0,0.0,0.0,esa-worldcover-2021
choodasandra-kunte-1,9959,35.3,14.2,5.9,13.2,29.8,1.0,0.5,0.0,8,0.0,0.0,12.5,esa-worldcover-2021
choudahalli-lake,20965,31.0,15.0,6.9,30.4,15.9,0.8,0.1,0.0,2418,71.9,0.0,2.3,esa-worldcover-2021
chudasandra-kere,12139,29.6,26.1,3.3,25.4,13.6,2.1,0.0,0.0,198,0.0,0.0,0.0,esa-worldcover-2021
chunchanaghatta-kere,17311,7.3,0.1,1.4,1.3,88.8,0.8,0.3,0.0,623,42.5,0.0,6.3,esa-worldcover-2021
chunchnakuppe-kere,11563,17.0,15.0,26.6,34.3,7.1,0.0,0.0,0.0,94,0.0,0.0,6.4,esa-worldcover-2021
chunchnakuppe-kere-e,11224,27.8,22.8,10.8,31.2,7.2,0.1,0.0,0.0,76,0.0,0.0,0.0,esa-worldcover-2021
chunchnakuppe-kere-s,12040,3.3,8.8,35.2,42.5,10.1,0.0,0.0,0.0,114,17.5,0.0,0.0,esa-worldcover-2021
cihkkamaranahalli-lake,18278,13.3,0.0,0.1,0.6,86.0,0.0,0.0,0.0,2093,0.0,0.0,69.6,esa-worldcover-2021
city-railway-kere,12684,14.9,0.0,0.2,0.4,84.2,0.3,0.0,0.0,288,0.0,0.0,71.5,esa-worldcover-2021
city-railway-kunte,10174,17.2,0.1,0.3,1.3,80.7,0.4,0.0,0.0,17,0.0,0.0,100.0,esa-worldcover-2021
d-shettihalli-kere,18227,6.3,18.9,1.2,72.3,1.3,0.1,0.0,0.0,694,0.0,0.0,0.0,esa-worldcover-2021
dakshina-pinakini-r,14333,6.2,28.8,6.6,57.9,0.5,0.0,0.0,0.0,399,0.0,0.0,2.5,esa-worldcover-2021
damarasanakunte,12368,25.9,2.3,11.6,28.1,30.4,0.9,0.8,0.0,180,73.9,0.0,0.0,esa-worldcover-2021
dandu-upparahalli-kere,14280,38.2,0.9,0.4,2.0,58.2,0.4,0.0,0.0,630,0.0,0.0,79.5,esa-worldcover-2021
dandupalya-lake,20530,4.0,8.8,4.1,65.2,17.4,0.6,0.0,0.0,1831,5.7,0.0,0.4,esa-worldcover-2021
dasanakatte-1,12218,9.1,4.8,11.4,7.9,65.2,1.4,0.1,0.0,214,0.0,0.0,69.6,esa-worldcover-2021
dasanakatte-2,12187,36.3,9.8,3.9,9.1,40.2,0.7,0.0,0.0,207,0.0,0.0,66.7,esa-worldcover-2021
dasanapura-kunte-1,10148,9.3,7.8,4.3,44.9,29.2,4.4,0.0,0.0,14,0.0,0.0,0.0,esa-worldcover-2021
dasanapura-kunte-2,11579,5.3,9.0,6.2,54.4,23.7,1.5,0.0,0.0,107,0.0,0.0,0.0,esa-worldcover-2021
dasanapura-lake,15277,3.7,3.8,16.2,69.5,6.5,0.3,0.0,0.0,458,27.1,0.0,0.9,esa-worldcover-2021
dasanayakanahalli-kere,15306,9.2,1.8,4.4,72.7,10.3,1.6,0.0,0.0,613,0.5,0.0,0.0,esa-worldcover-2021
dasanayakanahalli-kunte,10535,2.7,3.4,4.0,80.8,4.8,4.3,0.0,0.0,31,0.0,0.0,0.0,esa-worldcover-2021
dasarahalli-kere,15504,8.7,0.3,1.2,1.1,87.9,0.8,0.1,0.0,662,65.7,0.0,0.0,esa-worldcover-2021
dasarahalli-kere-2,41103,6.2,10.1,3.2,69.3,7.8,0.6,2.8,0.0,13169,36.8,0.1,0.2,esa-worldcover-2021
dasarahalli-kunte,10074,17.6,0.0,0.0,0.0,78.3,0.0,4.0,0.0,11,0.0,0.0,100.0,esa-worldcover-2021
dasarahalli-kunte1,11701,1.8,0.0,0.1,0.4,97.6,0.1,0.0,0.0,138,0.0,0.0,68.8,esa-worldcover-2021
dasarahalli-kunte2,10356,11.0,1.4,1.2,4.3,81.0,1.0,0.1,0.0,22,0.0,0.0,72.7,esa-worldcover-2021
deevatige-ramanahalli-kunte,10679,14.4,2.6,1.5,6.0,73.5,1.6,0.4,0.0,44,0.0,0.0,100.0,esa-worldcover-2021
deevatigeramnahalli-kere,12786,10.1,0.1,0.1,1.4,88.0,0.2,0.0,0.0,241,26.1,0.0,6.2,esa-worldcover-2021
degonahalli-kere,15084,4.9,0.9,8.0,77.4,7.9,0.9,0.1,0.0,436,57.6,0.0,0.0,esa-worldcover-2021
degonahalli-lower-kere,12569,15.4,9.8,1.6,67.4,4.2,1.6,0.0,0.0,158,49.4,0.0,0.0,esa-worldcover-2021
deshpande-guttahalli-lake,16487,13.9,22.9,4.9,54.6,3.6,0.0,0.0,0.0,784,0.0,0.0,0.1,esa-worldcover-2021
devaganahalli-lake,15837,22.1,14.3,5.1,55.3,2.5,0.7,0.0,0.0,658,35.4,0.0,0.0,esa-worldcover-2021
devagere-kere,14448,23.3,8.3,9.3,42.2,16.6,0.3,0.0,0.0,391,0.0,0.0,0.0,esa-worldcover-2021
devagere-kunte-2,9994,21.4,9.0,4.8,53.0,11.7,0.1,0.0,0.0,10,0.0,0.0,0.0,esa-worldcover-2021
devageri-kunte-1,10194,15.0,14.2,15.8,40.3,14.0,0.8,0.0,0.0,18,0.0,0.0,11.1,esa-worldcover-2021
devagondi-kere,16792,6.7,23.9,2.1,58.1,9.2,0.0,0.0,0.0,1029,27.0,0.0,0.3,esa-worldcover-2021
devamachehalli-lake,11366,12.8,27.7,6.8,37.0,14.3,0.2,1.3,0.0,86,0.0,0.0,0.0,esa-worldcover-2021
devanahalli-kere,25018,3.6,1.4,2.9,86.5,4.8,0.4,0.3,0.0,3373,72.8,0.0,0.4,esa-worldcover-2021
devangondi-lake,19091,5.4,33.6,1.1,51.5,8.0,0.4,0.0,0.0,1501,7.2,0.0,0.0,esa-worldcover-2021
devara-jeevanahalli-lake,14517,23.0,1.4,1.9,10.0,63.0,0.8,0.0,0.0,691,0.0,0.0,91.6,esa-worldcover-2021
devara-kere,32152,27.0,15.0,2.1,51.0,4.0,0.2,0.8,0.0,6469,89.9,0.5,0.0,esa-worldcover-2021
devarabisanahalli-kere,14629,5.9,0.3,0.6,0.8,91.4,0.7,0.2,0.0,463,86.2,0.0,0.2,esa-worldcover-2021
devarabisanahalli-kunte1,10105,3.1,0.7,1.3,1.6,87.1,6.1,0.1,0.0,13,0.0,0.0,100.0,esa-worldcover-2021
devarabisanahalli-kunte2,9914,5.7,0.4,1.9,1.4,83.5,5.5,1.6,0.0,8,0.0,0.0,100.0,esa-worldcover-2021
devarachikkanahalli-kunte,9962,10.1,1.1,1.7,4.3,81.9,0.9,0.0,0.0,8,0.0,0.0,87.5,esa-worldcover-2021
devarahalli-lake,14078,2.9,2.7,3.9,89.2,1.2,0.1,0.0,0.0,369,30.1,0.0,0.0,esa-worldcover-2021
devarakere,13227,16.2,0.5,2.3,4.9,73.8,0.8,1.4,0.0,257,43.2,0.0,20.2,esa-worldcover-2021
devasandra-kunte1,10749,8.2,0.9,1.4,0.9,87.5,0.6,0.5,0.0,48,0.0,0.0,97.9,esa-worldcover-2021
dhandithimmayyanapalya-lake,14313,7.8,7.0,0.1,84.3,0.7,0.0,0.0,0.0,425,0.0,0.0,0.0,esa-worldcover-2021
dharmambudy-lake,16606,12.9,0.0,0.1,1.0,85.8,0.2,0.0,0.0,1374,0.0,0.0,93.6,esa-worldcover-2021
dibburu-kere,16450,19.9,14.5,2.6,54.9,8.0,0.1,0.0,0.0,715,0.1,0.0,0.0,esa-worldcover-2021
dinne-soluru-kere,16935,3.1,1.0,2.2,83.8,9.4,0.4,0.1,0.0,724,4.3,0.0,0.0,esa-worldcover-2021
dinnehalli-tanda-lake,14879,1.1,6.0,1.0,86.9,4.3,0.1,0.6,0.0,223,17.9,0.0,0.0,esa-worldcover-2021
dinnepalya-lake,12529,25.6,34.4,6.4,29.6,3.8,0.0,0.1,0.0,171,81.9,0.0,0.0,esa-worldcover-2021
dobbasapete-lake,15184,13.2,1.5,5.5,28.1,47.5,4.2,0.0,0.0,537,45.1,0.0,0.6,esa-worldcover-2021
dobhi-ghat,10584,21.4,13.9,5.7,29.8,28.7,0.5,0.0,0.0,32,0.0,0.0,43.8,esa-worldcover-2021
dodbele-kere,27183,17.2,10.2,1.7,66.3,4.5,0.1,0.0,0.0,3163,1.7,0.0,0.1,esa-worldcover-2021
dodda-bettahalli,14055,9.6,3.0,8.2,16.5,60.8,1.8,0.1,0.0,345,53.9,0.0,7.5,esa-worldcover-2021
dodda-bommasandra-lake,26586,14.0,2.6,0.7,7.1,75.1,0.5,0.0,0.0,4508,0.0,0.0,0.4,esa-worldcover-2021
dodda-chimanahalli,13176,9.9,8.3,4.8,67.1,4.9,5.0,0.0,0.0,231,0.0,0.0,0.0,esa-worldcover-2021
dodda-hejjaji-lake,24950,24.4,35.0,0.5,40.0,0.1,0.0,0.0,0.0,936,0.0,0.0,0.0,esa-worldcover-2021
dodda-jala-amani-kere,38190,11.7,4.1,4.3,57.6,21.0,1.0,0.3,0.0,8906,10.7,0.0,3.7,esa-worldcover-2021
dodda-koliga-kere,15907,3.9,13.5,0.8,77.6,4.1,0.0,0.0,0.0,626,0.0,0.0,0.0,esa-worldcover-2021
dodda-nallala-kere,16148,7.7,26.1,3.5,55.9,6.6,0.3,0.0,0.0,690,4.1,0.0,0.0,esa-worldcover-2021
dodda-sagarahalli-kere,22334,7.3,4.2,3.9,75.3,6.6,1.0,1.7,0.0,1595,63.6,0.0,0.0,esa-worldcover-2021
dodda-sanne-kere,31411,14.5,6.5,7.9,52.0,16.6,2.5,0.0,0.0,5055,10.1,0.0,2.5,esa-worldcover-2021
dodda-thimmasandra-kere-s,26116,6.1,20.3,7.9,57.7,6.9,1.1,0.0,0.0,4367,0.0,0.0,0.3,esa-worldcover-2021
dodda-tumkur-kere,49615,12.3,6.7,2.2,72.3,6.5,0.1,0.0,0.0,12328,0.1,0.0,0.0,esa-worldcover-2021
dodda-vadagere-kere,24883,20.2,14.7,0.2,63.4,1.4,0.0,0.0,0.0,2658,0.0,0.0,0.0,esa-worldcover-2021
doddaballapur-kere,40726,16.5,6.5,3.3,26.9,45.3,1.3,0.2,0.0,7079,2.6,4.9,1.8,esa-worldcover-2021
doddabanahalli-kere,16386,7.0,20.1,4.1,39.3,28.7,0.9,0.0,0.0,580,0.0,0.0,0.0,esa-worldcover-2021
doddabanahalli-kere-2,15650,10.5,10.8,7.5,43.5,23.4,4.3,0.0,0.0,1044,0.0,0.0,0.3,esa-worldcover-2021
doddabanahalli-kunte1,10346,9.2,19.9,4.5,43.2,20.4,2.7,0.0,0.0,26,0.0,0.0,53.8,esa-worldcover-2021
doddabanahalli-kunte2,10503,15.7,6.3,4.8,53.9,18.1,1.1,0.0,0.0,33,0.0,0.0,6.1,esa-worldcover-2021
doddabanahalli-kunte3,10247,21.0,15.7,6.7,46.6,7.1,2.9,0.0,0.0,21,0.0,0.0,76.2,esa-worldcover-2021
doddabele-kunte1,9770,39.6,9.2,4.7,25.1,14.7,0.1,6.6,0.0,4,0.0,0.0,0.0,esa-worldcover-2021
doddabele-kunte2,10296,19.9,8.4,9.5,31.5,30.5,0.2,0.0,0.0,24,0.0,0.0,41.7,esa-worldcover-2021
doddabele-small-2r,13759,14.9,4.0,0.7,70.8,8.9,0.4,0.2,0.0,315,0.0,0.0,0.0,esa-worldcover-2021
doddabettahalli-kunte-1,10394,14.3,4.3,8.6,27.5,42.1,2.8,0.5,0.0,24,0.0,0.0,0.0,esa-worldcover-2021
doddabettahalli-kunte-2,10609,6.6,2.6,3.8,20.2,65.1,1.2,0.5,0.0,38,0.0,0.0,73.7,esa-worldcover-2021
doddabidarakallu-kunte1,11726,14.2,2.7,3.3,8.8,70.2,0.8,0.0,0.0,144,0.0,0.0,97.9,esa-worldcover-2021
doddabidarakallu-kunte10,10184,9.0,3.8,7.1,34.0,45.3,0.7,0.0,0.0,16,0.0,0.0,12.5,esa-worldcover-2021
doddabidarakallu-kunte11,10715,19.3,6.1,1.7,8.2,64.6,0.1,0.0,0.0,45,0.0,0.0,100.0,esa-worldcover-2021
doddabidarakallu-kunte2,12015,6.5,0.4,1.1,3.9,87.7,0.5,0.0,0.0,183,0.0,0.0,92.9,esa-worldcover-2021
doddabidarakallu-kunte3,10297,7.4,0.3,1.4,3.9,86.7,0.3,0.0,0.0,21,0.0,0.0,100.0,esa-worldcover-2021
doddabidarakallu-kunte4,11460,7.4,4.3,6.5,24.3,56.5,1.0,0.0,0.0,114,0.0,0.0,41.2,esa-worldcover-2021
doddabidarakallu-kunte5,10145,10.2,6.2,10.5,40.5,30.9,1.6,0.0,0.0,14,0.0,0.0,92.9,esa-worldcover-2021
doddabidarakallu-kunte6,10235,11.5,7.8,13.7,42.9,22.6,1.5,0.0,0.0,18,0.0,0.0,0.0,esa-worldcover-2021
doddabidarakallu-kunte7,10288,11.5,6.3,7.6,15.9,57.1,1.5,0.0,0.0,20,0.0,0.0,60.0,esa-worldcover-2021
doddabidarakallu-kunte8,10331,10.2,7.1,6.4,16.3,58.7,1.3,0.0,0.0,22,0.0,0.0,54.5,esa-worldcover-2021
doddabidarakallu-kunte9,10557,10.8,5.8,6.9,28.1,46.8,1.6,0.0,0.0,35,0.0,0.0,65.7,esa-worldcover-2021
doddabidarakallu-lake,19263,20.9,6.3,2.2,7.8,62.3,0.5,0.0,0.0,1426,0.0,0.0,0.0,esa-worldcover-2021
doddabommasandra-kunte-1,10270,48.0,3.2,1.1,5.8,41.6,0.3,0.0,0.0,21,0.0,0.0,0.0,esa-worldcover-2021
doddabommasandra-kunte-2,10508,48.5,1.9,1.9,5.6,41.9,0.3,0.0,0.0,32,0.0,0.0,0.0,esa-worldcover-2021
doddadunnasandra-lake,21550,4.4,11.9,5.6,60.3,15.9,1.8,0.1,0.0,1376,68.9,0.0,0.7,esa-worldcover-2021
doddaganahalli-lake,24982,2.9,8.7,1.4,84.9,1.8,0.3,0.0,0.0,4626,0.0,0.0,0.0,esa-worldcover-2021
doddaghataginebbe-lake,17014,7.1,9.6,4.2,68.5,10.3,0.3,0.0,0.0,643,0.8,0.0,0.0,esa-worldcover-2021
doddagubbi-kere,24506,22.9,15.3,2.7,31.1,27.4,0.6,0.1,0.0,3306,0.0,0.0,0.0,esa-worldcover-2021
doddagubbi-kunte1,10841,33.6,8.6,2.9,20.8,27.3,6.7,0.0,0.0,58,0.0,0.0,10.3,esa-worldcover-2021
doddagubbi-kunte2,10660,24.0,8.8,0.9,44.3,21.2,0.9,0.0,0.0,42,0.0,0.0,0.0,esa-worldcover-2021
doddakallasandra-katte,10896,14.5,10.8,6.8,15.8,51.9,0.2,0.0,0.0,58,0.0,0.0,1.7,esa-worldcover-2021
doddakallasandra-lake,15570,14.7,4.4,2.6,6.8,71.0,0.4,0.1,0.0,622,10.6,0.0,0.0,esa-worldcover-2021
doddakannalli-kunte1,10294,5.4,0.6,1.7,2.2,89.6,0.4,0.0,0.0,24,0.0,0.0,91.7,esa-worldcover-2021
doddakannalli-kunte2,10097,5.7,5.8,5.8,11.0,69.1,2.6,0.0,0.0,14,0.0,0.0,100.0,esa-worldcover-2021
doddakannalli-kunte3,10219,19.7,7.8,3.8,10.1,57.0,1.6,0.0,0.0,19,0.0,0.0,100.0,esa-worldcover-2021
doddakannalli-kunte4,9875,9.3,3.4,4.5,8.8,71.8,1.9,0.4,0.0,6,0.0,0.0,0.0,esa-worldcover-2021
doddakannalli-kunte5,9862,13.6,4.4,3.3,8.9,67.8,1.7,0.3,0.0,6,0.0,0.0,66.7,esa-worldcover-2021
doddakannalli-kunte6,10074,17.4,3.5,1.9,9.5,65.6,1.9,0.1,0.0,12,0.0,0.0,91.7,esa-worldcover-2021
doddakannalli-kunte7,10466,13.8,5.9,2.9,7.8,65.4,1.0,3.3,0.0,28,0.0,0.0,100.0,esa-worldcover-2021
doddakanneli-gramadakere,17264,21.9,5.3,3.1,7.7,59.7,1.3,1.0,0.0,900,43.4,0.0,0.0,esa-worldcover-2021
doddakarenahalli-kere,15075,23.1,15.4,0.7,56.4,3.9,0.1,0.4,0.0,554,87.0,0.0,0.0,esa-worldcover-2021
doddakodlu,22128,28.7,10.3,5.2,15.7,37.6,1.9,0.6,0.0,1668,5.2,5.1,0.1,esa-worldcover-2021
doddakunte-rudrabhomi-kunte,9921,26.0,2.1,6.8,0.7,61.2,3.2,0.0,0.0,6,0.0,0.0,50.0,esa-worldcover-2021
doddanagamanagala-lake,24217,20.5,7.9,9.6,18.0,43.5,0.6,0.0,0.0,3436,62.5,12.6,0.2,esa-worldcover-2021
doddanagamangala-kunte1,9870,8.0,7.8,15.2,34.4,33.7,0.9,0.0,0.0,6,0.0,0.0,50.0,esa-worldcover-2021
doddanagamangala-kunte2,9769,5.9,3.5,12.8,25.3,51.0,1.5,0.0,0.0,3,0.0,0.0,33.3,esa-worldcover-2021
doddanagamangala-kunte3,10389,13.7,4.9,3.5,12.2,65.3,0.5,0.0,0.0,28,0.0,0.0,82.1,esa-worldcover-2021
doddanekkudi-kunte1,10413,28.2,2.6,2.3,5.6,58.2,3.2,0.0,0.0,28,0.0,0.0,0.0,esa-worldcover-2021
doddanekkudi-kunte2,10351,8.3,2.3,1.3,0.7,80.4,7.1,0.0,0.0,22,0.0,0.0,100.0,esa-worldcover-2021
doddanekkudi-kunte3,11559,10.3,2.3,1.2,0.8,79.1,6.4,0.0,0.0,128,0.0,0.0,100.0,esa-worldcover-2021
doddanekkudi-kunte4,10401,43.6,2.7,1.3,3.0,47.3,2.1,0.0,0.0,28,0.0,0.0,0.0,esa-worldcover-2021
doddanekkudi-kunte5,10269,8.9,2.4,1.6,2.5,84.1,0.5,0.0,0.0,21,0.0,0.0,100.0,esa-worldcover-2021
doddanekundi-kere,27333,11.1,4.4,2.1,4.9,76.0,1.2,0.2,0.0,4821,0.0,0.0,0.4,esa-worldcover-2021
doddanekundi-kere1,14219,14.5,2.4,1.6,1.1,76.4,4.0,0.0,0.0,612,0.0,0.0,56.7,esa-worldcover-2021
doddanekundi-kunte,14795,16.2,3.6,2.5,3.0,72.9,1.8,0.0,0.0,501,58.5,0.0,0.8,esa-worldcover-2021
doddastadamaradapala-kere,15784,30.2,17.4,9.3,26.8,15.3,0.9,0.0,0.0,683,2.8,0.0,0.4,esa-worldcover-2021
doddatogur-kunte-1,9912,36.6,2.9,2.0,6.2,51.2,1.2,0.0,0.0,7,0.0,0.0,0.0,esa-worldcover-2021
doddatogur-kunte-2,10810,17.6,5.7,4.1,15.5,52.2,4.9,0.0,0.0,52,0.0,0.0,67.3,esa-worldcover-2021
doddatogur-lake,18808,18.4,2.5,3.9,11.9,62.2,1.2,0.0,0.0,1287,36.1,5.7,0.5,esa-worldcover-2021
doddebele-kere,18265,34.4,15.8,5.3,23.3,20.8,0.4,0.0,0.0,1397,57.4,0.0,0.3,esa-worldcover-2021
doddenahalli-kere,18355,9.6,15.1,1.5,69.8,3.8,0.2,0.0,0.0,1536,2.7,0.0,0.9,esa-worldcover-2021
doddenahalli-kunte,11054,2.9,25.0,1.9,68.0,0.6,1.3,0.1,0.0,72,0.0,0.0,2.8,esa-worldcover-2021
dodderi-kere,11816,3.5,6.4,19.3,52.6,16.2,1.8,0.0,0.0,112,0.0,0.0,13.4,esa-worldcover-2021
dodderi-kere-2,15526,13.6,2.3,2.0,74.5,7.1,0.4,0.1,0.0,621,26.2,0.0,0.0,esa-worldcover-2021
dodderi-kere-2-2,10858,2.9,8.2,23.5,42.4,19.9,2.7,0.3,0.0,51,0.0,0.0,92.2,esa-worldcover-2021
dodderi-kere-se,11808,9.9,18.2,3.4,60.3,8.0,0.2,0.0,0.0,125,5.6,0.0,0.0,esa-worldcover-2021
dodderi-kere-sw,10982,3.8,7.4,19.7,48.0,18.3,2.7,0.0,0.0,55,0.0,0.0,0.0,esa-worldcover-2021
dodkunte-kunte1,11048,11.2,0.0,0.3,0.9,87.3,0.3,0.0,0.0,72,0.0,0.0,88.9,esa-worldcover-2021
dodkunte-kunte2,9828,12.9,0.9,4.9,1.1,79.5,0.7,0.0,0.0,6,0.0,0.0,100.0,esa-worldcover-2021
dodkunte-kunte3,9823,20.5,0.3,0.4,1.1,77.7,0.1,0.0,0.0,4,0.0,0.0,100.0,esa-worldcover-2021
dodkunte-kunte4,9606,15.3,0.1,0.2,1.1,82.3,1.1,0.0,0.0,2,0.0,0.0,100.0,esa-worldcover-2021
dodmaranhalli-lake,11435,11.8,35.0,8.7,36.1,7.0,0.1,1.3,0.0,93,0.0,0.0,0.0,esa-worldcover-2021
dokkanahalli-kunte,10620,15.4,0.0,0.2,0.0,84.4,0.0,0.0,0.0,40,0.0,0.0,100.0,esa-worldcover-2021
dombarahalli-kunte,11740,17.4,12.2,3.9,25.3,40.5,0.6,0.0,0.0,143,0.0,0.0,69.9,esa-worldcover-2021
domluru-kere,17816,30.6,0.3,0.5,0.1,68.1,0.4,0.1,0.0,1873,0.0,0.0,56.0,esa-worldcover-2021
dommasandra-govt-kunte-4,10641,16.5,3.9,2.4,12.9,64.1,0.2,0.0,0.0,40,0.0,0.0,100.0,esa-worldcover-2021
dommasandra-govt-lake-2,12008,9.3,10.3,5.1,27.8,46.6,1.0,0.0,0.0,177,0.0,0.0,47.5,esa-worldcover-2021
dommasandra-kere-s,18824,10.1,11.7,7.5,40.0,29.5,1.2,0.0,0.0,1256,0.0,0.0,0.0,esa-worldcover-2021
dommasandra-kunte-1,9770,9.0,6.7,5.1,28.4,50.1,0.8,0.0,0.0,4,0.0,0.0,100.0,esa-worldcover-2021
dommasandra-kunte-10,9958,8.7,31.4,6.1,52.7,0.9,0.3,0.0,0.0,8,0.0,0.0,0.0,esa-worldcover-2021
dommasandra-kunte-11,10341,5.3,16.0,13.7,62.5,1.7,0.8,0.0,0.0,26,0.0,0.0,0.0,esa-worldcover-2021
dommasandra-kunte-12,10499,5.6,36.6,12.3,33.1,10.8,1.5,0.0,0.0,32,0.0,0.0,0.0,esa-worldcover-2021
dommasandra-kunte-13,10616,4.3,19.7,10.5,54.5,8.7,2.3,0.0,0.0,40,0.0,0.0,0.0,esa-worldcover-2021
dommasandra-kunte-14,10290,4.4,16.6,9.4,55.0,12.1,2.5,0.0,0.0,22,0.0,0.0,45.5,esa-worldcover-2021
dommasandra-kunte-15,10096,5.8,11.8,11.2,52.7,16.6,2.0,0.0,0.0,14,0.0,0.0,7.1,esa-worldcover-2021
dommasandra-kunte-2,9823,12.2,10.0,4.9,26.8,45.4,0.7,0.0,0.0,6,0.0,0.0,0.0,esa-worldcover-2021
dommasandra-kunte-5,10189,23.1,5.1,1.8,10.9,59.0,0.1,0.0,0.0,16,0.0,0.0,100.0,esa-worldcover-2021
dommasandra-kunte-6,10126,15.5,22.1,4.7,30.3,26.8,0.7,0.0,0.0,14,0.0,0.0,0.0,esa-worldcover-2021
dommasandra-kunte-7,10731,11.6,21.9,9.2,48.1,8.3,0.8,0.0,0.0,38,0.0,0.0,23.7,esa-worldcover-2021
dommasandra-kunte-8,10333,6.5,16.8,15.3,56.1,4.0,1.2,0.0,0.0,24,0.0,0.0,0.0,esa-worldcover-2021
dommasandra-kunte-9,10379,7.7,29.0,7.7,55.0,0.3,0.3,0.0,0.0,24,0.0,0.0,0.0,esa-worldcover-2021
donenahalli-kere-lower,11698,1.7,5.9,44.5,40.5,4.5,2.9,0.0,0.0,119,0.0,0.0,0.0,esa-worldcover-2021
donenahalli-kere-upper,11155,2.2,6.0,31.8,53.0,5.9,1.2,0.0,0.0,75,0.0,0.0,0.0,esa-worldcover-2021
doraikere,17262,11.9,0.7,2.1,5.2,79.0,0.8,0.4,0.0,1116,72.7,0.0,5.6,esa-worldcover-2021
dummy,11892,1.5,81.9,6.3,5.5,0.0,4.4,0.3,0.0,157,0.0,0.0,0.0,esa-worldcover-2021
dummy-2,11239,5.7,22.9,13.7,35.7,10.7,10.7,0.6,0.0,79,0.0,0.0,2.5,esa-worldcover-2021
dyavasandra-lake,22915,5.8,3.6,25.4,37.6,26.9,0.7,0.0,0.0,2621,10.1,0.0,0.7,esa-worldcover-2021
dyavasandra-lake-2,23162,16.2,22.3,1.6,53.9,5.6,0.2,0.2,0.0,1236,0.0,0.0,0.0,esa-worldcover-2021
earannana-kunte,11063,21.4,10.1,0.9,62.4,5.1,0.2,0.0,0.0,61,0.0,0.0,0.0,esa-worldcover-2021
ejipura-kunte,9956,21.7,5.8,6.3,10.9,54.0,0.5,0.7,0.0,8,0.0,0.0,100.0,esa-worldcover-2021
elenahalli-lake,12459,13.6,2.8,10.1,16.8,54.6,2.0,0.2,0.0,142,0.0,0.0,0.7,esa-worldcover-2021
ettakodi-lake,20076,5.9,30.6,5.9,44.6,12.3,0.7,0.0,0.0,1515,7.9,0.0,0.1,esa-worldcover-2021
ettakodi-lake-2,16411,3.4,32.0,6.4,50.0,6.0,1.6,0.7,0.0,735,0.0,0.0,0.0,esa-worldcover-2021
gabburu-lower-tank,12669,20.5,18.7,1.8,55.4,2.6,0.0,0.9,0.0,146,34.2,0.0,0.0,esa-worldcover-2021
gaddam-bachchahalli-kere,12452,16.7,5.3,2.1,68.6,5.3,1.0,1.0,0.0,187,35.3,0.0,0.0,esa-worldcover-2021
gadenahali-lake,12738,6.6,4.2,2.6,78.5,7.6,0.4,0.2,0.0,263,47.9,0.0,0.0,esa-worldcover-2021
gadenahalli-lake,14772,25.3,12.1,4.1,52.0,6.4,0.1,0.0,0.0,429,0.0,0.0,0.0,esa-worldcover-2021
gadigarapalya-kere,17142,10.7,23.8,1.3,63.0,0.7,0.3,0.2,0.0,735,0.0,0.0,0.0,esa-worldcover-2021
gadipalya-lake,13546,35.0,23.8,12.6,26.6,0.7,1.2,0.0,0.0,295,0.0,0.0,0.0,esa-worldcover-2021
gadipalya-lake-2,14156,39.0,17.7,9.4,25.9,8.0,0.0,0.0,0.0,324,0.0,0.0,1.2,esa-worldcover-2021
gadipalyada-halla-lake,11776,34.7,18.9,18.8,21.9,5.1,0.2,0.4,0.0,115,0.0,0.0,0.0,esa-worldcover-2021
gajagadahalli-kere,14475,6.9,8.8,3.6,76.4,4.2,0.1,0.1,0.0,437,0.0,0.0,0.0,esa-worldcover-2021
gajagadahalli-lake,12649,4.5,11.3,10.0,70.8,3.3,0.0,0.0,0.0,234,1.7,0.0,0.0,esa-worldcover-2021
galibilikote-lake,13432,3.2,14.8,12.6,62.3,6.9,0.2,0.0,0.0,261,0.0,0.0,0.0,esa-worldcover-2021
ganadalu-lake,21466,7.1,20.9,0.4,71.0,0.6,0.0,0.0,0.0,1540,16.3,0.0,0.0,esa-worldcover-2021
ganakallu-kere,13283,15.7,22.7,7.8,42.8,8.1,2.1,0.8,0.0,175,61.1,0.0,0.0,esa-worldcover-2021
ganapathihalli-kere,12536,17.1,18.6,17.7,35.9,9.5,0.8,0.5,0.0,190,0.0,0.0,0.0,esa-worldcover-2021
ganapathihalli-lake,15672,11.7,16.4,18.2,40.6,11.5,1.7,0.0,0.0,735,8.0,0.0,0.0,esa-worldcover-2021
gandaragolipura-kere,14610,22.6,20.3,0.4,54.2,2.4,0.0,0.0,0.0,546,0.0,0.0,0.0,esa-worldcover-2021
gandarajapura-kere,13487,14.3,5.8,1.0,77.1,1.7,0.0,0.0,0.0,300,2.0,0.0,0.0,esa-worldcover-2021
gandhigram-lower,11454,21.9,25.5,7.6,41.7,2.6,0.7,0.0,0.0,51,0.0,0.0,0.0,esa-worldcover-2021
gandhinagar-lake,13837,12.4,7.8,16.4,61.5,1.5,0.4,0.0,0.0,246,39.8,0.0,0.0,esa-worldcover-2021
gandigram-n,11164,18.4,26.1,3.9,48.3,2.3,0.7,0.3,0.0,61,0.0,0.0,0.0,esa-worldcover-2021
gangasandra-kere,36664,6.4,3.9,1.8,80.8,6.6,0.4,0.1,0.0,5045,0.9,0.0,0.1,esa-worldcover-2021
gangasandra-kunte,10038,44.1,21.6,2.8,28.5,2.8,0.0,0.0,0.0,10,0.0,0.0,0.0,esa-worldcover-2021
gangavara-lake,25962,4.1,6.1,1.7,82.9,5.2,0.0,0.0,0.0,2744,1.2,0.0,0.0,esa-worldcover-2021
gangenahalli-lake,16319,31.0,34.1,6.7,24.3,2.7,0.3,0.8,0.0,911,78.6,0.0,0.0,esa-worldcover-2021
gangondanahalli-kere,20177,16.7,20.0,7.9,27.2,26.9,1.3,0.0,0.0,1860,2.5,0.0,0.1,esa-worldcover-2021
gangondanahalli-kunte,11267,7.5,0.1,0.2,0.0,91.9,0.3,0.0,0.0,95,0.0,0.0,74.7,esa-worldcover-2021
gangondanahalli-kunte1,10045,8.9,10.3,4.5,35.4,40.3,0.6,0.0,0.0,10,0.0,0.0,70.0,esa-worldcover-2021
gangondanahalli-kunte2,10234,11.0,14.5,6.8,36.3,30.7,0.6,0.2,0.0,18,0.0,0.0,0.0,esa-worldcover-2021
gangondanahalli-kunte3,9883,4.3,9.1,14.0,48.0,23.7,0.9,0.0,0.0,6,0.0,0.0,0.0,esa-worldcover-2021
gangondanahalli-lake,11065,6.7,14.2,6.5,58.0,14.4,0.2,0.0,0.0,66,3.0,0.0,0.0,esa-worldcover-2021
ganigarahalli-kere,16084,36.8,16.7,1.2,37.6,7.2,0.4,0.0,0.0,846,18.6,0.0,0.0,esa-worldcover-2021
gantiganahalli-kere,26005,16.5,19.9,9.2,44.9,7.3,2.2,0.0,0.0,2607,2.5,0.0,0.0,esa-worldcover-2021
gantiganahalli-kunte-1,9888,7.0,12.1,9.1,66.7,3.7,1.4,0.0,0.0,6,0.0,0.0,0.0,esa-worldcover-2021
gantiganahalli-kunte-2,11285,15.3,10.4,6.7,54.8,11.4,1.4,0.0,0.0,95,0.0,0.0,0.0,esa-worldcover-2021
gantiganahalli-kunte-3,9966,6.2,7.2,12.4,65.3,6.9,2.0,0.0,0.0,8,0.0,0.0,0.0,esa-worldcover-2021
gantiganahalli-kunte-4,9884,3.3,4.3,8.1,78.2,4.6,1.5,0.0,0.0,6,0.0,0.0,0.0,esa-worldcover-2021
gantiganahalli-kunte-5,10152,7.4,11.1,5.5,67.9,6.5,1.5,0.0,0.0,13,0.0,0.0,0.0,esa-worldcover-2021
garudacharpalya-lake,13008,24.4,2.1,1.8,4.5,64.4,2.9,0.0,0.0,166,0.0,0.0,0.0,esa-worldcover-2021
garvebhavipalya-lake,15460,3.2,0.3,0.4,1.4,94.1,0.5,0.1,0.0,718,0.0,0.0,5.8,esa-worldcover-2021
gattihalli-govt-lake,26224,29.6,9.3,17.9,28.4,13.3,1.6,0.0,0.0,3350,72.4,0.0,0.0,esa-worldcover-2021
gattihalli-kunte-1,9862,11.4,1.2,24.2,26.2,32.0,4.9,0.0,0.0,6,0.0,0.0,0.0,esa-worldcover-2021
gattihalli-kunte-2,9880,8.4,5.1,20.7,29.0,33.2,3.6,0.0,0.0,4,0.0,0.0,100.0,esa-worldcover-2021
gavipura-kunte-1,11130,22.3,0.3,0.1,1.1,70.3,0.3,5.6,0.0,80,0.0,0.0,100.0,esa-worldcover-2021
gavipura-kunte-2,10354,4.2,0.0,0.0,0.0,95.1,0.7,0.0,0.0,22,0.0,0.0,100.0,esa-worldcover-2021
gavipura-lake,11631,5.2,0.0,0.3,0.2,94.1,0.2,0.0,0.0,132,0.0,0.0,27.3,esa-worldcover-2021
geddalahalli-kunte,10869,35.1,0.1,0.4,1.7,62.7,0.0,0.0,0.0,58,0.0,0.0,91.4,esa-worldcover-2021
geddalahalli-lake,15653,20.6,0.0,0.0,0.0,79.4,0.0,0.0,0.0,1039,0.0,0.0,77.3,esa-worldcover-2021
giddanahalli-lake,15326,25.1,15.6,4.9,39.5,14.0,0.9,0.0,0.0,707,8.2,0.0,0.0,esa-worldcover-2021
giddatapura-lake,20686,6.6,23.8,4.4,61.3,3.1,0.7,0.0,0.0,1432,2.2,0.0,0.0,esa-worldcover-2021
giddenahalli-lake,12288,21.7,5.4,20.0,39.5,12.3,0.9,0.1,0.0,149,58.4,0.0,0.0,esa-worldcover-2021
giddenahalli-lake-2,13197,13.6,4.2,27.6,43.1,9.3,2.0,0.2,0.0,262,15.6,0.0,0.0,esa-worldcover-2021
giddlahallipura-kere,21244,3.4,35.2,5.9,50.4,2.9,2.3,0.0,0.0,1770,0.0,0.0,0.0,esa-worldcover-2021
girupalya-kere,15529,17.1,14.2,17.6,27.2,23.1,0.8,0.0,0.0,390,0.3,0.0,2.1,esa-worldcover-2021
gollahalli-govt-lake,15068,15.3,3.2,9.9,26.1,37.9,6.3,1.4,0.0,500,0.0,0.0,0.0,esa-worldcover-2021
gollahalli-kere,20528,12.0,8.7,4.7,61.6,12.6,0.4,0.0,0.0,1656,2.7,0.0,0.0,esa-worldcover-2021
gollahalli-kunte,9950,10.1,0.4,5.9,22.0,60.1,1.4,0.0,0.0,8,0.0,0.0,100.0,esa-worldcover-2021
gollahalli-kunte-2,9994,22.4,8.0,25.1,15.0,28.8,0.7,0.2,0.0,9,0.0,0.0,100.0,esa-worldcover-2021
gollapura3r,10691,12.1,1.2,1.4,84.7,0.5,0.0,0.0,0.0,36,0.0,0.0,0.0,esa-worldcover-2021
gollarapalya-kere,13054,25.2,20.7,2.5,50.4,1.3,0.0,0.0,0.0,144,0.0,0.0,0.0,esa-worldcover-2021
gollarapalya-lake,14021,25.3,21.6,12.9,35.0,4.8,0.2,0.3,0.0,327,77.1,0.0,0.0,esa-worldcover-2021
gonakanahalli-kere,21152,7.4,26.6,3.3,59.7,2.9,0.0,0.0,0.0,2295,2.5,0.0,0.0,esa-worldcover-2021
gongadipura-kere,14156,18.4,22.1,7.1,28.3,22.4,1.4,0.3,0.0,612,0.0,0.0,1.5,esa-worldcover-2021
gongadipura-kunte,10139,23.4,21.5,4.5,19.1,30.8,0.2,0.5,0.0,14,0.0,0.0,0.0,esa-worldcover-2021
gonigatpura-lake,13479,3.4,11.9,7.1,65.8,10.8,0.9,0.1,0.0,319,45.1,0.0,0.0,esa-worldcover-2021
gonigatpura-lake-2,15483,5.0,25.2,8.2,52.9,7.0,1.1,0.6,0.0,580,0.0,0.0,1.9,esa-worldcover-2021
gonigatpura-lake-3,22485,4.5,28.8,4.9,56.8,4.5,0.4,0.0,0.0,1453,0.0,0.0,0.0,esa-worldcover-2021
gonipura-1,13583,23.0,18.8,6.9,44.2,7.2,0.0,0.0,0.0,347,13.0,0.0,0.0,esa-worldcover-2021
gonipura-2,13996,28.4,23.3,7.0,38.9,2.0,0.1,0.3,0.0,411,0.0,0.0,0.0,esa-worldcover-2021
gonipura-lake,14708,29.4,35.1,5.3,29.4,0.7,0.0,0.0,0.0,520,0.0,0.0,0.0,esa-worldcover-2021
gonur-lake,15641,2.3,10.5,3.2,76.9,6.1,1.0,0.0,0.0,679,0.0,0.0,0.0,esa-worldcover-2021
gopalpura-kere,14840,12.3,6.3,0.9,75.4,5.1,0.0,0.0,0.0,580,28.1,0.0,0.0,esa-worldcover-2021
gopenahalli-lake,13330,1.8,1.7,6.3,90.0,0.2,0.0,0.0,0.0,236,14.8,0.0,0.0,esa-worldcover-2021
gopsandra-lake,23842,2.1,4.9,0.9,90.6,1.5,0.1,0.0,0.0,4147,0.0,0.0,0.0,esa-worldcover-2021
goravigere-kunte1,10488,3.7,5.9,3.7,64.2,22.3,0.2,0.0,0.0,30,0.0,0.0,6.7,esa-worldcover-2021
goravigere-kunte2,11161,4.5,8.2,3.6,66.1,17.5,0.1,0.0,0.0,81,0.0,0.0,7.4,esa-worldcover-2021
goravigere-kunte3,9749,5.1,6.0,7.5,57.5,21.7,2.2,0.0,0.0,4,0.0,0.0,75.0,esa-worldcover-2021
goravigere-kunte4,10323,3.8,11.2,6.7,49.5,26.4,2.4,0.0,0.0,24,0.0,0.0,0.0,esa-worldcover-2021
gottamaranahalli-lake,19155,7.2,16.9,14.6,50.7,9.5,1.0,0.0,0.0,1404,0.0,0.0,0.0,esa-worldcover-2021
gottigere-kere,20102,17.9,2.9,5.0,6.3,66.4,1.6,0.0,0.0,1262,3.2,0.5,5.4,esa-worldcover-2021
gottigere-kunte1,10158,12.5,1.0,2.9,4.4,78.1,0.6,0.4,0.0,14,0.0,0.0,100.0,esa-worldcover-2021
gottigere-kunte2,10357,30.6,3.3,5.0,1.4,59.6,0.1,0.0,0.0,24,0.0,0.0,8.3,esa-worldcover-2021
gottigere-kunte3,9995,27.7,3.0,4.4,5.2,59.1,0.5,0.1,0.0,9,0.0,0.0,0.0,esa-worldcover-2021
goudanakere,13940,8.0,0.4,0.5,0.6,90.1,0.4,0.0,0.0,485,0.0,0.0,39.2,esa-worldcover-2021
govanhalli-kere,15749,11.6,2.3,0.6,80.7,4.7,0.2,0.0,0.0,554,0.0,0.0,0.0,esa-worldcover-2021
governament-attikere,15602,13.9,1.4,6.3,13.5,61.6,2.6,0.7,0.0,659,31.4,0.0,0.0,esa-worldcover-2021
govindaehettipalya-lake,16266,21.4,1.9,5.0,8.4,60.5,2.4,0.5,0.0,555,60.9,0.0,11.9,esa-worldcover-2021
govindapur-kere,14202,2.3,25.1,2.7,64.2,5.4,0.4,0.0,0.0,378,25.1,0.0,0.0,esa-worldcover-2021
govindapura-kere,18506,7.8,10.8,4.1,69.4,7.9,0.0,0.0,0.0,1385,0.0,0.0,0.0,esa-worldcover-2021
govindapura-lo-kere,14995,10.0,16.2,2.4,70.7,0.2,0.5,0.0,0.0,585,29.6,0.0,0.0,esa-worldcover-2021
govt-dinnekere,10817,15.8,45.4,1.8,30.6,5.9,0.5,0.0,0.0,46,23.9,0.0,0.0,esa-worldcover-2021
govt-gulimangalada-lake,18038,23.7,14.0,9.2,40.9,10.9,0.7,0.5,0.0,1195,8.9,0.0,0.0,esa-worldcover-2021
govt-karabu,10532,17.0,5.9,3.2,21.6,51.3,0.9,0.0,0.0,28,0.0,0.0,10.7,esa-worldcover-2021
govt-karabu-katte,10611,18.2,3.1,14.6,31.1,30.0,3.1,0.0,0.0,40,0.0,0.0,100.0,esa-worldcover-2021
govt-katte,10549,4.4,4.8,3.8,80.0,6.4,0.6,0.0,0.0,27,0.0,0.0,0.0,esa-worldcover-2021
govt-kere,11628,18.8,6.2,23.1,17.8,29.4,2.8,1.9,0.0,135,0.0,0.0,6.7,esa-worldcover-2021
govt-kere-1,17137,4.3,24.9,2.4,61.9,6.4,0.1,0.0,0.0,1139,3.4,0.0,0.0,esa-worldcover-2021
govt-kere-2,14413,4.6,25.6,2.7,61.2,5.1,0.7,0.0,0.0,425,0.0,0.0,0.0,esa-worldcover-2021
govt-lake,14436,23.4,14.0,10.7,26.8,14.1,4.5,6.5,0.0,469,0.2,0.0,1.7,esa-worldcover-2021
govt-lake-newly-created,9605,24.8,13.5,8.4,25.8,17.6,4.2,5.8,0.0,1,0.0,0.0,100.0,esa-worldcover-2021
govt-maggekere,12057,17.5,7.3,3.5,9.0,62.0,0.6,0.0,0.0,122,0.0,0.0,3.3,esa-worldcover-2021
govt-mutsandra-kere,27107,6.7,26.0,6.3,48.6,10.4,1.9,0.0,0.0,4287,0.0,0.0,0.0,esa-worldcover-2021
govt-vaddakere,12588,28.5,6.4,5.5,11.3,45.9,2.3,0.0,0.0,191,25.1,0.0,0.5,esa-worldcover-2021
govt-vadenakere,12135,19.7,19.5,23.2,35.3,2.0,0.2,0.0,0.0,140,44.3,0.0,0.0,esa-worldcover-2021
govt-vodanakunte,13081,11.6,23.3,17.8,19.8,25.3,2.3,0.0,0.0,358,0.0,0.0,46.1,esa-worldcover-2021
gowdana-kere,13440,7.9,9.9,7.5,63.8,10.0,0.5,0.4,0.0,428,0.0,0.0,3.7,esa-worldcover-2021
gramada-kere,20768,16.4,16.2,2.5,36.2,28.5,0.3,0.0,0.0,1700,0.0,0.0,0.0,esa-worldcover-2021
gramadakere,21660,9.1,24.3,4.8,41.7,19.5,0.6,0.0,0.0,2499,0.0,0.0,0.1,esa-worldcover-2021
gramadakere-2,17320,13.0,20.6,5.2,29.4,31.3,0.5,0.0,0.0,1221,0.2,0.0,0.0,esa-worldcover-2021
gubbalal-kere,13528,14.1,5.3,3.3,12.7,64.1,0.5,0.0,0.0,352,2.6,0.0,26.4,esa-worldcover-2021
gubbalal-kunte,10570,32.9,3.2,1.7,5.5,55.4,1.3,0.0,0.0,36,0.0,0.0,61.1,esa-worldcover-2021
gublai-lske,11741,14.3,4.8,4.7,5.2,70.3,0.6,0.0,0.0,86,0.0,0.0,0.0,esa-worldcover-2021
guddadahalli-kere,20826,6.3,14.1,7.2,55.1,11.8,3.9,1.5,0.0,1891,30.2,0.0,0.0,esa-worldcover-2021
guddadahalli-kere-e,12100,2.7,11.0,7.5,44.6,27.2,6.1,0.9,0.0,146,10.3,0.0,0.0,esa-worldcover-2021
guddadahalli-lake,12459,19.5,12.7,3.5,55.8,8.4,0.0,0.0,0.0,142,0.0,0.0,0.0,esa-worldcover-2021
guddegaudanachannoha,12852,6.8,0.3,1.1,91.4,0.4,0.0,0.0,0.0,166,0.0,0.0,0.0,esa-worldcover-2021
guddehatti-lake,15467,19.4,13.4,21.3,26.4,17.0,0.7,1.9,0.0,634,48.7,0.0,0.0,esa-worldcover-2021
guddehatti-lake-2,13426,18.0,9.7,16.2,35.0,15.9,2.4,2.7,0.0,258,74.4,0.0,0.8,esa-worldcover-2021
gudimavu-kunte,10345,32.3,16.5,1.7,37.4,12.0,0.0,0.0,0.0,25,0.0,0.0,0.0,esa-worldcover-2021
guduppana-lake,17659,43.1,14.0,4.4,34.2,4.0,0.2,0.1,0.0,1140,58.8,0.0,3.9,esa-worldcover-2021
guduppana-lake-2,11118,35.0,20.6,6.7,36.7,0.9,0.1,0.0,0.0,60,0.0,0.0,0.0,esa-worldcover-2021
guduvanahalli-lake,18811,2.8,11.8,3.1,79.7,2.4,0.2,0.0,0.0,1481,9.3,0.0,0.0,esa-worldcover-2021
gulagunganahalli-lak,15001,8.8,19.4,18.2,29.8,7.5,15.9,0.5,0.0,393,60.1,0.0,0.0,esa-worldcover-2021
gulakayipura-govt-lake,12846,3.6,29.8,10.5,43.4,8.4,4.3,0.0,0.0,139,0.0,0.0,1.4,esa-worldcover-2021
gulimangala-kunte-1,10298,4.1,11.3,7.0,69.4,7.7,0.4,0.0,0.0,21,0.0,0.0,0.0,esa-worldcover-2021
gulimangala-kunte-2,10276,24.0,12.4,14.8,40.3,5.5,1.9,1.1,0.0,20,0.0,0.0,0.0,esa-worldcover-2021
gulya-down,20803,16.3,22.7,0.3,59.1,1.5,0.1,0.0,0.0,2298,0.0,0.0,0.0,esa-worldcover-2021
gundappanayakanahalli-lake,14199,7.0,14.7,0.1,75.1,3.2,0.0,0.0,0.0,393,0.0,0.0,0.0,esa-worldcover-2021
gundarahalli-lake-2,15692,1.0,9.6,5.5,80.4,1.3,2.2,0.0,0.0,607,1.5,0.0,0.0,esa-worldcover-2021
gundenahalli-kere,19303,9.4,2.9,2.1,73.9,11.1,0.6,0.0,0.0,1543,11.0,0.0,0.0,esa-worldcover-2021
gundur-kere-n,31227,11.7,31.8,4.8,48.4,3.0,0.3,0.0,0.0,4579,1.0,0.0,0.0,esa-worldcover-2021
gunduru-kere,16254,8.4,18.1,4.4,55.8,13.0,0.3,0.0,0.0,973,6.6,0.0,0.0,esa-worldcover-2021
gunduru-lake,16632,5.1,0.2,1.6,3.9,88.5,0.6,0.1,0.0,601,51.9,0.0,6.7,esa-worldcover-2021
guniagrahara-kere-2,13958,8.1,12.5,1.5,54.7,22.8,0.5,0.0,0.0,548,0.0,0.0,0.0,esa-worldcover-2021
guniagrahara-kunte,10172,23.8,4.7,4.6,39.6,27.1,0.2,0.0,0.0,17,0.0,0.0,47.1,esa-worldcover-2021
gunjuru-kunte1,10644,9.7,7.2,5.3,19.5,55.5,2.2,0.7,0.0,40,0.0,0.0,50.0,esa-worldcover-2021
gunjuru-kunte2,10152,4.0,14.8,6.4,66.2,4.2,4.3,0.0,0.0,16,0.0,0.0,0.0,esa-worldcover-2021
gunjuru-kunte3,10059,3.5,29.3,4.1,53.0,10.1,0.0,0.0,0.0,14,0.0,0.0,0.0,esa-worldcover-2021
gunjuru-kunte4,10034,9.3,35.6,2.9,34.2,17.2,0.7,0.1,0.0,12,0.0,0.0,91.7,esa-worldcover-2021
gunjuru-kunte5,10382,21.6,32.0,10.4,16.0,18.2,1.7,0.0,0.0,20,0.0,0.0,0.0,esa-worldcover-2021
gunjuru-kunte6,10241,35.3,30.5,5.0,20.2,9.1,0.1,0.0,0.0,21,0.0,0.0,0.0,esa-worldcover-2021
gunjuru-kunte7,9954,34.6,33.7,6.1,20.0,5.6,0.1,0.0,0.0,8,0.0,0.0,0.0,esa-worldcover-2021
gunjuru-kunte8,9915,17.2,28.2,3.7,26.9,23.4,0.7,0.0,0.0,6,0.0,0.0,100.0,esa-worldcover-2021
gunjuru-kunte9,10740,6.2,47.8,6.4,31.1,6.7,1.9,0.0,0.0,48,0.0,0.0,0.0,esa-worldcover-2021
gunjuruplaya-kere,18991,19.4,25.8,4.9,27.3,20.7,2.0,0.0,0.0,1687,3.1,0.0,0.9,esa-worldcover-2021
gururvanahalli-kere,18280,30.7,26.9,1.7,37.6,3.0,0.1,0.0,0.0,1473,0.0,0.0,0.0,esa-worldcover-2021
guruvanahalli-kere,13606,13.0,5.9,0.7,77.1,2.9,0.1,0.2,0.0,264,0.0,0.0,0.0,esa-worldcover-2021
guttepalya-lake,36759,23.3,35.5,17.5,18.8,1.9,0.1,2.9,0.0,2995,34.8,0.0,3.1,esa-worldcover-2021
guttepalya-lake-2,12806,16.1,18.9,19.0,36.3,6.2,0.5,3.0,0.0,208,37.0,0.0,0.0,esa-worldcover-2021
hado-shiddapura-kere,16947,12.9,19.6,9.2,31.6,21.0,5.7,0.0,0.0,777,41.3,0.0,0.0,esa-worldcover-2021
hadonahalli-kere,18113,2.6,2.5,2.0,83.9,8.5,0.5,0.0,0.0,1161,0.6,0.0,0.0,esa-worldcover-2021
hadosiddapur-a-kunte,10129,13.8,25.7,7.8,24.6,25.7,2.5,0.0,0.0,14,0.0,0.0,0.0,esa-worldcover-2021
hadyalu-kere,28616,11.6,23.6,1.0,55.3,8.2,0.3,0.0,0.0,3658,10.0,0.0,0.0,esa-worldcover-2021
hagaduru-kunte1,10073,16.5,3.1,1.0,6.6,71.9,0.8,0.0,0.0,11,0.0,0.0,100.0,esa-worldcover-2021
hagaduru-kunte2,9764,8.9,4.7,4.4,18.6,59.3,4.0,0.0,0.0,3,0.0,0.0,100.0,esa-worldcover-2021
haji-hosahalli-kere,18085,7.0,37.4,1.0,53.9,0.7,0.0,0.0,0.0,1170,9.0,0.0,0.0,esa-worldcover-2021
haji-hosahalli-kere-s,20178,3.6,18.7,1.4,75.1,1.1,0.2,0.0,0.0,1736,3.2,0.0,0.0,esa-worldcover-2021
haji-hosahalli-n,18929,8.4,23.3,1.5,58.1,8.4,0.2,0.0,0.0,1651,0.0,0.0,0.0,esa-worldcover-2021
hakkibikki-lake,13124,34.6,45.6,15.5,0.8,2.4,0.2,0.9,0.0,193,62.2,0.0,0.0,esa-worldcover-2021
hakkibikki-lake-2,11639,32.4,54.5,11.4,0.5,0.1,0.1,1.1,0.0,83,0.0,0.0,0.0,esa-worldcover-2021
hakkibikki-lake-3,11595,42.1,47.8,9.0,0.1,0.1,0.2,0.7,0.0,84,0.0,0.0,0.0,esa-worldcover-2021
halagevaderahalli-kere-1,18649,15.9,2.1,1.6,2.5,77.1,0.7,0.0,0.0,2268,0.0,0.0,68.7,esa-worldcover-2021
halagevaderahalli-kere-2,13424,23.9,0.5,0.4,0.1,74.9,0.1,0.0,0.0,283,56.2,0.0,0.0,esa-worldcover-2021
halammanapalya-lake,13160,6.2,29.5,9.1,49.0,5.8,0.5,0.0,0.0,253,21.3,0.0,0.0,esa-worldcover-2021
halammanapalya-lake-1,10935,5.0,26.3,12.5,48.7,7.5,0.0,0.0,0.0,45,0.0,0.0,0.0,esa-worldcover-2021
halanayakanahalli-kere,26223,20.9,15.9,3.2,15.0,43.5,1.4,0.1,0.0,3094,2.7,0.0,1.8,esa-worldcover-2021
halasahalli-thippasandra-kunte-1,9923,5.7,22.9,4.7,56.4,10.1,0.3,0.0,0.0,4,0.0,0.0,0.0,esa-worldcover-2021
halasahalli-thippasandra-kunte-2,9795,8.9,15.4,7.9,56.3,9.7,1.7,0.0,0.0,4,0.0,0.0,0.0,esa-worldcover-2021
halasahalli-thippasandra-kunte-3,10982,6.2,15.0,5.3,66.3,3.9,3.3,0.0,0.0,67,0.0,0.0,19.4,esa-worldcover-2021
halasahalli-thippasandra-kunte-4,11593,5.2,19.9,7.1,53.5,11.9,2.4,0.0,0.0,130,0.0,0.0,55.4,esa-worldcover-2021
halasahalli-thippasandra-kunte-5,10220,1.0,17.7,3.8,74.5,2.5,0.6,0.0,0.0,16,0.0,0.0,0.0,esa-worldcover-2021
haldenahalli-lake,14750,19.3,2.8,17.8,41.7,17.9,0.5,0.0,0.0,130,0.0,0.0,0.0,esa-worldcover-2021
hale-chandapura-lake,24720,16.9,6.7,13.2,32.9,29.5,0.8,0.0,0.0,2706,0.7,0.1,0.8,esa-worldcover-2021
hale-chandapura-lake-2,14290,21.3,11.7,13.5,32.2,20.9,0.4,0.0,0.0,398,0.0,0.0,3.3,esa-worldcover-2021
halehalli-kunte,11079,18.9,2.1,3.1,8.9,65.5,1.4,0.0,0.0,74,0.0,0.0,87.8,esa-worldcover-2021
halehalli-south-lake,16332,7.8,6.2,25.8,54.7,5.3,0.1,0.0,0.0,475,0.2,0.0,0.0,esa-worldcover-2021
halenahalli-kere,16410,17.3,21.6,0.3,58.9,1.7,0.2,0.0,0.0,630,6.2,0.0,0.0,esa-worldcover-2021
halenahalli-kere-s,18371,23.9,18.4,0.8,55.9,0.4,0.2,0.4,0.0,833,0.0,0.0,0.0,esa-worldcover-2021
halenahalli-sw,12479,15.4,8.3,0.3,75.5,0.5,0.0,0.0,0.0,155,18.7,0.0,0.0,esa-worldcover-2021
halenahalli-up,12800,12.5,21.2,0.4,64.9,0.4,0.3,0.3,0.0,153,0.0,0.0,0.0,esa-worldcover-2021
halesampigehalli-kunte,10566,21.1,6.5,8.3,28.6,31.9,3.5,0.1,0.0,36,0.0,0.0,0.0,esa-worldcover-2021
haleuru-lake,28901,17.9,16.9,14.1,38.7,10.2,2.1,0.0,0.0,5527,0.2,0.0,0.0,esa-worldcover-2021
hallimarandapalya-lake,13259,8.1,15.1,1.7,70.3,4.8,0.0,0.0,0.0,216,0.0,0.0,0.0,esa-worldcover-2021
hancharahalli-lake,21719,9.6,8.3,4.8,60.8,15.3,1.3,0.0,0.0,2314,0.3,0.0,1.0,esa-worldcover-2021
handenhalli-lake,19672,6.7,20.1,2.2,63.2,7.4,0.3,0.0,0.0,1368,17.8,0.0,0.0,esa-worldcover-2021
handrahalli-kere,12161,9.3,1.2,2.3,8.6,78.4,0.2,0.0,0.0,174,0.0,0.0,0.0,esa-worldcover-2021
hanpalya-kere,12093,20.3,16.6,0.6,58.1,3.5,0.9,0.0,0.0,142,35.9,0.0,0.0,esa-worldcover-2021
hanuman-kunte-new,9780,15.8,8.8,3.2,66.4,5.5,0.2,0.0,0.0,4,0.0,0.0,0.0,esa-worldcover-2021
hanumantapura-lake,18295,2.3,9.1,0.8,83.4,3.4,0.5,0.5,0.0,1231,0.7,0.0,0.0,esa-worldcover-2021
hanumanthapura-kere,15265,13.0,0.1,0.3,0.4,85.6,0.5,0.1,0.0,913,0.1,0.0,92.4,esa-worldcover-2021
hanumanthas-agara-kunte,10948,13.9,11.0,3.8,49.9,20.3,0.7,0.3,0.0,62,0.0,0.0,4.8,esa-worldcover-2021
hanumanttanapalya-kere,26269,28.8,22.3,2.6,41.0,2.0,1.6,1.7,0.0,3249,77.4,0.0,1.0,esa-worldcover-2021
haralakunte,15001,20.3,10.8,0.9,0.5,66.7,0.9,0.0,0.0,838,0.0,0.0,96.1,esa-worldcover-2021
haralakunte-kunte1,9765,12.7,11.8,1.0,3.0,68.1,0.6,2.9,0.0,3,0.0,0.0,100.0,esa-worldcover-2021
haralakunte-kunte2,10024,6.4,0.4,1.0,1.6,90.0,0.6,0.0,0.0,11,0.0,0.0,100.0,esa-worldcover-2021
haralakunte-kunte3,10069,11.7,2.3,4.8,6.5,72.9,0.5,1.4,0.0,11,0.0,0.0,100.0,esa-worldcover-2021
haraluru-kere,18490,18.1,4.3,2.3,11.4,63.5,0.4,0.1,0.0,1040,70.0,0.0,1.0,esa-worldcover-2021
haraluru-kunte,11379,26.8,4.8,2.8,5.7,46.2,1.4,12.3,0.0,104,0.0,0.0,0.0,esa-worldcover-2021
harana-katte,10247,1.8,18.8,20.8,49.3,2.1,4.6,2.6,0.0,21,0.0,0.0,0.0,esa-worldcover-2021
haranakatte,13594,10.7,18.8,3.7,16.6,49.9,0.3,0.0,0.0,270,15.9,0.0,6.7,esa-worldcover-2021
haregadde-lank,14109,14.3,7.2,14.7,37.6,26.0,0.3,0.0,0.0,314,0.0,0.0,0.3,esa-worldcover-2021
harohali-lake,13842,0.0,54.9,0.4,44.4,0.2,0.1,0.0,0.0,276,3.3,0.0,0.0,esa-worldcover-2021
harohali-lake-2,10360,7.5,21.1,0.8,70.6,0.0,0.0,0.0,0.0,18,0.0,0.0,0.0,esa-worldcover-2021
harohall-govt-lake,14412,14.4,14.9,18.9,34.3,12.8,1.1,3.6,0.0,262,0.0,0.0,0.4,esa-worldcover-2021
harohalli-kere,23732,23.4,15.9,3.6,40.8,15.5,0.9,0.0,0.0,2738,0.5,0.0,0.0,esa-worldcover-2021
harohalli-kunte-1,10370,38.1,10.0,1.0,19.6,30.3,1.0,0.0,0.0,24,0.0,0.0,100.0,esa-worldcover-2021
harohalli-kunte-3,10113,28.3,23.4,1.3,20.0,26.5,0.4,0.0,0.0,14,0.0,0.0,21.4,esa-worldcover-2021
harohalli-kunte2,10288,36.3,5.8,1.0,17.0,39.1,0.9,0.0,0.0,20,0.0,0.0,45.0,esa-worldcover-2021
harohallipalya-lake,16280,9.4,22.6,0.1,66.6,1.3,0.0,0.0,0.0,783,0.0,0.0,0.0,esa-worldcover-2021
harokyathanahalli-kere,16066,25.5,15.6,3.5,42.0,13.3,0.0,0.0,0.0,549,5.1,0.0,0.0,esa-worldcover-2021
harokyathanahalli-kunte1,11623,18.7,12.0,5.9,37.1,25.1,1.2,0.0,0.0,132,0.0,0.0,8.3,esa-worldcover-2021
harokyathanahalli-kunte2,10534,8.2,10.9,11.0,62.5,7.1,0.3,0.0,0.0,31,0.0,0.0,0.0,esa-worldcover-2021
harokyathanahalli-kunte3,9833,8.2,9.8,12.7,62.7,5.9,0.7,0.0,0.0,6,0.0,0.0,0.0,esa-worldcover-2021
harokyathanahalli-kunte4,9874,4.9,11.6,9.2,33.4,37.9,3.0,0.0,0.0,6,0.0,0.0,0.0,esa-worldcover-2021
hasarahalli-kere,15089,25.1,2.4,0.2,71.3,0.9,0.0,0.0,0.0,490,0.0,0.0,0.0,esa-worldcover-2021
hebbagodi-kunte-1,11544,16.0,0.1,3.7,3.0,67.0,7.8,2.5,0.0,120,0.0,0.0,99.2,esa-worldcover-2021
hebbagodi-kunte-2,9994,10.2,0.6,0.8,3.1,85.2,0.1,0.0,0.0,9,0.0,0.0,100.0,esa-worldcover-2021
hebbal-lake,29844,41.4,1.8,0.7,9.5,46.2,0.4,0.1,0.0,6431,63.6,0.0,0.1,esa-worldcover-2021
heggadadevanapura-kere,14021,26.8,14.7,3.7,32.9,21.7,0.1,0.0,0.0,268,61.9,0.0,0.0,esa-worldcover-2021
heggadadevanapura-lake,11076,15.8,18.1,4.7,35.9,21.1,3.2,1.2,0.0,50,0.0,0.0,18.0,esa-worldcover-2021
heggadaevanapura-kere-2,12113,11.4,7.5,7.5,44.9,25.3,3.5,0.0,0.0,195,0.0,0.0,71.8,esa-worldcover-2021
hegganahalli-kunte1,11593,2.1,0.0,0.5,0.3,96.8,0.2,0.0,0.0,121,0.0,0.0,76.9,esa-worldcover-2021
hegganahalli-kunte2,9772,1.4,0.6,0.0,0.4,97.6,0.1,0.0,0.0,3,0.0,0.0,100.0,esa-worldcover-2021
hegganahalli-lake,19094,8.0,3.9,4.2,77.3,6.5,0.1,0.1,0.0,1759,37.1,0.0,0.0,esa-worldcover-2021
heggondahalli-kunte-1,9909,10.5,19.5,5.1,49.0,14.6,0.9,0.4,0.0,8,0.0,0.0,0.0,esa-worldcover-2021
heggondahalli-kunte-2,10162,7.8,18.3,9.2,43.9,19.4,0.9,0.4,0.0,17,0.0,0.0,0.0,esa-worldcover-2021
heggondahalli-kunte-3,9765,6.6,15.9,12.1,33.3,29.7,1.9,0.4,0.0,3,0.0,0.0,100.0,esa-worldcover-2021
heggondahalli-kunte-4,10069,11.5,25.6,2.8,50.9,8.7,0.4,0.0,0.0,11,0.0,0.0,0.0,esa-worldcover-2021
heggondanalli-govt-lake,14590,6.6,14.6,10.0,47.9,20.0,1.0,0.0,0.0,391,10.5,0.0,0.0,esa-worldcover-2021
hejjala-e,12181,3.1,6.9,23.2,49.5,16.9,0.3,0.1,0.0,142,79.6,0.0,0.0,esa-worldcover-2021
hejjala-kere,16094,4.7,31.9,31.8,28.7,2.6,0.2,0.0,0.0,602,34.4,0.0,0.0,esa-worldcover-2021
hemigepura-kunte-1,10346,7.5,32.3,8.4,36.5,15.3,0.0,0.0,0.0,26,0.0,0.0,0.0,esa-worldcover-2021
hemigepura-kunte-2,10168,7.2,22.7,7.4,40.0,22.5,0.0,0.1,0.0,17,0.0,0.0,0.0,esa-worldcover-2021
hemigepura-kunte-3,10502,5.1,38.8,9.7,19.1,27.0,0.2,0.0,0.0,29,0.0,0.0,0.0,esa-worldcover-2021
hempapura-kere,11561,13.7,7.2,11.9,63.9,2.8,0.3,0.1,0.0,75,0.0,0.0,0.0,esa-worldcover-2021
hennagara-kere,48092,18.5,11.1,15.6,30.1,22.8,1.2,0.5,0.0,15824,80.5,0.6,0.1,esa-worldcover-2021
hennur-kunte-1,9751,7.6,0.5,0.0,0.2,91.6,0.1,0.0,0.0,4,0.0,0.0,100.0,esa-worldcover-2021
hennur-kunte-2,9868,11.6,0.2,0.5,0.6,86.2,0.9,0.0,0.0,6,0.0,0.0,100.0,esa-worldcover-2021
hennur-lake,21231,7.1,0.9,0.5,1.2,89.4,0.8,0.0,0.0,3713,0.0,0.0,61.4,esa-worldcover-2021
herohalli-kunte1,10444,29.5,37.3,0.6,4.2,27.3,0.5,0.5,0.0,28,0.0,0.0,0.0,esa-worldcover-2021
herohalli-kunte2,10920,40.1,33.5,0.7,2.6,22.7,0.3,0.0,0.0,64,0.0,0.0,0.0,esa-worldcover-2021
herohalli-kunte3,10538,27.2,5.4,0.9,2.7,59.1,0.4,4.3,0.0,36,0.0,0.0,100.0,esa-worldcover-2021
herohalli-kunte4,10623,10.4,12.5,5.3,9.8,60.9,0.7,0.5,0.0,41,0.0,0.0,46.3,esa-worldcover-2021
herohalli-kunte5,9881,9.5,2.0,1.5,2.6,83.8,0.5,0.0,0.0,6,0.0,0.0,100.0,esa-worldcover-2021
herohalli-kunte6-newly-created,11742,7.3,4.1,1.9,2.8,83.6,0.3,0.0,0.0,146,0.0,0.0,49.3,esa-worldcover-2021
herohalli-lake,17536,16.2,3.9,0.7,4.3,74.7,0.3,0.0,0.0,1151,78.4,0.0,0.0,esa-worldcover-2021
herohalli-thotadakere,12563,36.0,28.8,1.2,2.5,30.8,0.5,0.2,0.0,129,0.0,0.0,1.6,esa-worldcover-2021
hesaraghatta-kere-east,36728,13.9,28.5,1.3,53.3,2.9,0.2,0.0,0.0,7460,0.0,0.0,0.1,esa-worldcover-2021
hesaraghatta-lake,105282,27.4,19.5,0.9,48.4,3.4,0.1,0.3,0.0,82167,0.2,0.0,0.0,esa-worldcover-2021
hettakki-lake,16079,2.9,17.5,7.5,59.8,9.3,3.0,0.0,0.0,798,0.0,0.0,0.0,esa-worldcover-2021
hilaligi-lake,16400,30.5,11.7,7.9,20.3,28.9,0.3,0.4,0.0,744,61.2,0.0,0.5,esa-worldcover-2021
hilaligi-lake-2,13118,31.2,16.3,8.1,32.0,9.2,0.4,2.7,0.0,197,11.7,0.0,0.0,esa-worldcover-2021
hinnakki-lake,24208,9.8,8.3,23.2,44.2,10.6,3.7,0.2,0.0,2384,13.8,0.0,0.1,esa-worldcover-2021
hirandahalli-kunte-1,10010,14.8,11.7,6.3,50.8,15.6,0.9,0.0,0.0,10,0.0,0.0,0.0,esa-worldcover-2021
hirandahalli-kunte-2,10377,39.9,7.8,1.4,27.7,22.5,0.7,0.0,0.0,27,0.0,0.0,0.0,esa-worldcover-2021
hirandahalli-kunte-3,9997,25.4,15.0,4.6,36.3,18.4,0.3,0.0,0.0,12,0.0,0.0,0.0,esa-worldcover-2021
hirandahalli-kunte-4,9880,14.0,5.1,5.1,37.4,37.8,0.5,0.0,0.0,6,0.0,0.0,66.7,esa-worldcover-2021
hire-kere,44484,22.4,9.1,1.3,54.5,12.6,0.1,0.0,0.0,9591,0.0,0.0,0.0,esa-worldcover-2021
hiregenahalli-kere,17658,2.1,3.9,3.5,77.2,11.4,1.8,0.0,0.0,952,9.6,0.0,0.0,esa-worldcover-2021
hittarahalli-lake,25077,8.2,6.9,4.8,68.4,10.9,0.9,0.0,0.0,3542,0.0,0.0,0.0,esa-worldcover-2021
holegeripura-lake,24790,1.6,3.4,10.3,68.8,15.1,0.7,0.0,0.0,3458,0.4,0.0,0.0,esa-worldcover-2021
hommadevanahalli-kere2,11692,41.1,5.7,12.9,8.8,21.2,8.2,2.1,0.0,139,0.0,0.0,0.0,esa-worldcover-2021
hommadevanahalli-kunte1,10242,20.6,7.9,10.3,19.4,40.5,1.2,0.0,0.0,21,0.0,0.0,0.0,esa-worldcover-2021
hommadevanahalli-kunte1-2,9763,46.1,4.3,9.8,7.5,29.8,2.5,0.0,0.0,3,0.0,0.0,0.0,esa-worldcover-2021
hommadevanahalli-kunte2,10260,35.2,3.6,5.8,13.1,40.7,1.5,0.0,0.0,21,0.0,0.0,100.0,esa-worldcover-2021
hommedevanahalli-kere,12245,35.3,5.7,11.9,12.6,27.2,5.2,2.0,0.0,146,0.7,0.0,0.0,esa-worldcover-2021
hompalaghatta-east-lake,14708,8.7,2.4,37.4,28.8,18.3,4.2,0.2,0.0,271,74.9,0.0,0.0,esa-worldcover-2021
hompalaghatta-lake,15594,5.6,3.4,24.1,55.8,11.0,0.0,0.0,0.0,449,0.0,0.0,0.0,esa-worldcover-2021
honepalya-kere,18070,11.4,2.3,0.6,81.9,3.7,0.0,0.0,0.0,589,0.0,0.0,0.0,esa-worldcover-2021
hongasandra-kunte,9771,2.2,0.0,0.5,0.0,97.0,0.3,0.0,0.0,4,0.0,0.0,100.0,esa-worldcover-2021
hongekere,12617,23.0,5.3,16.0,22.0,31.7,0.7,1.2,0.0,114,28.9,0.0,0.0,esa-worldcover-2021
honna-kalashapura-lake,13059,16.0,5.2,21.2,40.9,16.5,0.2,0.0,0.0,217,54.8,0.0,0.0,esa-worldcover-2021
honnadevipura-kere,16811,14.2,24.7,2.4,58.8,0.0,0.0,0.0,0.0,853,0.0,0.0,0.0,esa-worldcover-2021
honnadevipura-lake,11075,1.8,8.2,0.1,89.4,0.5,0.0,0.0,0.0,59,0.0,0.0,0.0,esa-worldcover-2021
honnasandra-kere,29995,24.5,14.6,0.7,56.6,3.6,0.0,0.0,0.0,4750,6.9,0.0,0.0,esa-worldcover-2021
honnashetti-kere,12070,18.5,3.0,19.4,20.6,32.4,6.0,0.0,0.0,160,54.4,0.0,0.0,esa-worldcover-2021
honnenahalli-kere,13878,14.3,8.3,6.5,46.6,22.8,1.6,0.0,0.0,310,0.0,0.0,0.0,esa-worldcover-2021
honnenahalli-kunte-1,10040,14.5,12.4,6.6,31.9,32.4,2.2,0.0,0.0,12,0.0,0.0,100.0,esa-worldcover-2021
honnenahalli-kunte-2,9885,15.2,8.2,8.3,60.7,5.1,2.6,0.0,0.0,6,0.0,0.0,0.0,esa-worldcover-2021
honnenahalli-lake,15720,9.2,2.3,3.3,76.7,4.8,3.8,0.0,0.0,750,0.8,0.0,0.0,esa-worldcover-2021
hoodi-kere-2,14869,8.6,8.0,2.2,15.2,64.6,1.3,0.0,0.0,379,3.4,0.0,4.0,esa-worldcover-2021
hoodi-kunte1,10394,19.1,1.7,1.4,3.3,72.9,1.6,0.0,0.0,26,0.0,0.0,69.2,esa-worldcover-2021
hoodi-kunte10,9997,13.5,7.2,5.0,6.8,64.2,3.3,0.0,0.0,10,0.0,0.0,40.0,esa-worldcover-2021
hoodi-kunte11,10642,9.8,1.5,4.3,7.5,72.1,2.0,2.9,0.0,44,0.0,0.0,100.0,esa-worldcover-2021
hoodi-kunte2,10098,13.8,0.9,0.8,4.7,79.0,0.7,0.0,0.0,14,0.0,0.0,92.9,esa-worldcover-2021
hoodi-kunte3,10338,10.3,0.7,1.5,3.1,83.4,1.0,0.0,0.0,24,0.0,0.0,100.0,esa-worldcover-2021
hoodi-kunte4,10298,12.5,2.0,1.4,0.8,80.8,2.5,0.0,0.0,22,0.0,0.0,59.1,esa-worldcover-2021
hoodi-kunte5,10226,14.4,3.4,0.4,0.4,80.8,0.7,0.0,0.0,19,0.0,0.0,100.0,esa-worldcover-2021
hoodi-kunte6,10026,16.9,0.5,2.8,1.3,73.1,5.3,0.0,0.0,11,0.0,0.0,9.1,esa-worldcover-2021
hoodi-kunte7,9955,12.0,0.4,2.7,1.9,76.8,6.2,0.0,0.0,8,0.0,0.0,100.0,esa-worldcover-2021
hoodi-kunte8,10506,19.2,7.1,4.3,5.0,60.8,3.5,0.0,0.0,33,0.0,0.0,78.8,esa-worldcover-2021
hoodi-kunte9,10181,10.1,3.5,4.4,6.1,71.9,3.9,0.0,0.0,16,0.0,0.0,0.0,esa-worldcover-2021
horamavu-agara,18913,11.0,3.4,1.9,7.0,75.4,1.3,0.1,0.0,1733,50.1,0.0,2.8,esa-worldcover-2021
horamavu-kere,17663,7.2,0.6,0.8,5.2,85.6,0.7,0.0,0.0,718,0.0,0.0,0.8,esa-worldcover-2021
hosa-bairohalli,11309,21.1,10.2,21.1,22.7,20.3,4.6,0.0,0.0,77,0.0,0.0,5.2,esa-worldcover-2021
hosa-dimbahalli-kere,15821,6.8,43.6,11.5,35.3,0.0,2.8,0.0,0.0,533,3.0,0.0,0.0,esa-worldcover-2021
hosa-katte-newly-created,10919,14.4,18.8,4.9,43.9,15.4,1.3,1.3,0.0,39,0.0,0.0,5.1,esa-worldcover-2021
hosa-kere,16397,21.9,13.5,1.8,55.9,6.4,0.1,0.3,0.0,645,0.0,0.0,0.0,esa-worldcover-2021
hosadoddi-lake,20016,30.8,21.0,8.8,34.5,4.6,0.2,0.1,0.0,1297,74.2,0.0,0.0,esa-worldcover-2021
hosadoddi-lake-1,13365,5.9,12.3,14.4,48.1,18.8,0.5,0.0,0.0,313,1.6,0.0,0.0,esa-worldcover-2021
hosahalli-golarapalya-kunte,9706,5.3,1.6,1.7,2.1,89.1,0.3,0.0,0.0,4,0.0,0.0,100.0,esa-worldcover-2021
hosahalli-govt-lake,15235,11.2,11.9,11.6,50.8,13.3,1.2,0.0,0.0,506,0.0,0.0,0.0,esa-worldcover-2021
hosahalli-kere,26556,18.3,7.8,3.3,50.6,18.7,1.3,0.0,0.0,3233,20.8,1.0,3.0,esa-worldcover-2021
hosahalli-kunte,10133,22.2,23.3,6.3,9.8,38.1,0.3,0.1,0.0,14,0.0,0.0,71.4,esa-worldcover-2021
hosahalli-kunte-1,10157,11.8,5.8,12.9,56.6,10.3,2.5,0.0,0.0,14,0.0,0.0,0.0,esa-worldcover-2021
hosahalli-kunte-2,11027,3.9,14.3,16.9,59.2,4.8,0.9,0.0,0.0,72,0.0,0.0,0.0,esa-worldcover-2021
hosahalli-kunte-3,10247,3.1,12.0,9.5,68.4,6.5,0.5,0.0,0.0,16,0.0,0.0,0.0,esa-worldcover-2021
hosahalli-kunte-4,9948,4.2,15.6,9.8,56.6,13.4,0.5,0.0,0.0,8,0.0,0.0,0.0,esa-worldcover-2021
hosahalli-kunte-5,10365,0.6,19.7,25.6,53.1,0.3,0.8,0.0,0.0,26,0.0,0.0,19.2,esa-worldcover-2021
hosahalli-kunte-6,10104,0.1,15.9,29.9,53.1,0.1,0.9,0.0,0.0,10,0.0,0.0,0.0,esa-worldcover-2021
hosahalli-lake,38760,16.8,6.2,5.9,57.3,12.5,1.2,0.2,0.0,8559,50.3,0.0,0.0,esa-worldcover-2021
hosahalli-lake-2,11959,6.7,16.6,0.2,76.3,0.2,0.0,0.0,0.0,148,0.0,0.0,0.0,esa-worldcover-2021
hosahalli-lake-3,14105,36.8,4.6,2.4,50.4,5.2,0.2,0.5,0.0,320,47.5,0.0,0.0,esa-worldcover-2021
hosakere,13559,4.5,5.3,18.0,21.2,43.0,6.5,1.6,0.0,264,66.3,0.0,2.3,esa-worldcover-2021
hosakere-2,18016,17.1,5.6,16.9,40.8,17.3,2.2,0.0,0.0,1014,66.2,0.0,0.2,esa-worldcover-2021
hosakere-3,25901,18.5,14.3,15.0,26.2,24.1,1.0,1.0,0.0,3127,86.2,0.3,0.0,esa-worldcover-2021
hosakere-lake,11531,26.7,22.5,2.8,31.5,13.0,0.6,2.8,0.0,75,0.0,0.0,0.0,esa-worldcover-2021
hosakerehalli-kere,21493,8.0,5.1,3.6,8.0,75.1,0.2,0.0,0.0,2668,0.4,0.0,8.2,esa-worldcover-2021
hosakote-doddaamanikere,154282,8.0,10.6,5.0,65.2,10.1,0.8,0.4,0.0,120521,0.5,0.1,0.3,esa-worldcover-2021
hosapalya-2r,12818,13.3,15.5,0.6,68.9,1.6,0.0,0.0,0.0,215,0.0,0.0,0.0,esa-worldcover-2021
hosapalya-4r,16362,16.5,11.9,2.2,66.2,3.1,0.2,0.0,0.0,840,0.0,0.0,0.0,esa-worldcover-2021
hosapalya-lake,11716,6.3,26.8,18.5,40.0,5.9,1.6,0.9,0.0,97,87.6,0.0,0.0,esa-worldcover-2021
hosapalya-lake-1,11823,25.7,30.7,2.4,40.0,1.1,0.0,0.0,0.0,99,0.0,0.0,0.0,esa-worldcover-2021
hosavenkatapura-kere,21937,6.7,10.0,1.3,78.1,3.3,0.6,0.0,0.0,1835,0.0,0.0,0.0,esa-worldcover-2021
hosuru-kere,14169,11.8,11.6,5.3,62.7,8.3,0.4,0.0,0.0,339,0.0,0.0,0.0,esa-worldcover-2021
hoysalanagara-lake,18062,47.0,11.9,3.6,3.1,32.8,1.3,0.3,0.0,991,3.6,0.0,12.5,esa-worldcover-2021
huchchanapalya-kere,21075,13.9,13.2,1.8,69.5,1.6,0.0,0.1,0.0,1705,18.0,0.0,0.0,esa-worldcover-2021
huchegowdanpalya-kere,14490,12.2,8.7,2.6,60.4,12.3,3.8,0.0,0.0,447,12.5,0.0,0.7,esa-worldcover-2021
hulavanhalli-lake-1,14844,3.0,16.0,14.1,45.7,9.2,11.4,0.7,0.0,629,0.0,0.0,0.0,esa-worldcover-2021
hulavanhalli-lake-2,13038,1.7,13.4,12.6,62.9,3.3,6.0,0.2,0.0,232,0.0,0.0,0.0,esa-worldcover-2021
hulimangala-govt-kodi-kere,12218,6.1,9.8,19.0,48.7,13.0,3.2,0.2,0.0,132,16.7,0.0,0.0,esa-worldcover-2021
hulimangala-kunte1,10690,6.2,7.4,8.9,23.2,53.5,0.8,0.0,0.0,43,0.0,0.0,4.7,esa-worldcover-2021
hulimangala-kunte2,10561,16.0,12.4,20.4,43.6,6.2,1.2,0.3,0.0,38,0.0,0.0,0.0,esa-worldcover-2021
hulimangala-kunte3,9994,5.9,6.1,8.6,14.0,57.8,7.5,0.2,0.0,9,0.0,0.0,100.0,esa-worldcover-2021
hulimangala-kunte4,10218,7.5,8.9,17.3,54.0,9.9,2.1,0.3,0.0,19,0.0,0.0,0.0,esa-worldcover-2021
hulimangala-kunte5,10039,11.0,8.9,15.4,43.1,19.5,0.4,1.6,0.0,10,0.0,0.0,40.0,esa-worldcover-2021
hulimangala-kunte6,10431,14.4,12.9,21.6,45.2,5.4,0.5,0.0,0.0,25,0.0,0.0,0.0,esa-worldcover-2021
hulimangala-kunte7,10136,18.4,13.2,21.8,41.4,4.1,1.0,0.2,0.0,13,0.0,0.0,0.0,esa-worldcover-2021
hulimavu-kere,27911,16.6,2.8,7.1,8.8,62.5,2.1,0.2,0.0,4692,12.6,19.5,0.8,esa-worldcover-2021
hulkur-kere,13212,13.2,6.1,20.7,57.1,2.6,0.0,0.3,0.0,267,77.5,0.0,0.0,esa-worldcover-2021
hullahalli-kere,15803,12.4,5.1,13.8,27.1,40.8,0.6,0.3,0.0,654,59.9,0.2,0.2,esa-worldcover-2021
hullahalli-kunte1,11578,25.0,4.4,18.0,28.1,21.0,1.6,1.9,0.0,130,19.2,0.0,0.0,esa-worldcover-2021
hullahalli-kunte2,11688,7.6,7.4,22.3,42.2,18.5,2.0,0.0,0.0,138,1.4,0.0,0.0,esa-worldcover-2021
hullahalli-kunte3,10103,23.3,3.5,14.3,15.4,38.0,0.7,4.8,0.0,13,0.0,0.0,0.0,esa-worldcover-2021
hullur-kere,71014,7.4,13.0,6.1,62.8,10.1,0.7,0.0,0.0,27302,0.2,0.0,0.0,esa-worldcover-2021
hulvenahalli-lake,11293,7.7,8.1,32.2,38.7,13.2,0.1,0.0,0.0,79,0.0,0.0,2.5,esa-worldcover-2021
hulvenahalli-lake-1,10748,4.8,11.2,9.2,9.9,26.8,32.2,6.0,0.0,44,0.0,0.0,4.5,esa-worldcover-2021
hunasuru-lake,24808,8.2,10.6,5.5,53.3,17.3,4.5,0.6,0.0,2440,68.9,0.0,0.8,esa-worldcover-2021
hunisemaradapalya-kere,43559,22.2,28.6,11.4,31.9,4.8,0.9,0.2,0.0,5861,71.0,0.0,0.2,esa-worldcover-2021
hunisemaradapalya-la,14492,10.8,5.1,24.5,39.7,12.6,6.9,0.4,0.0,440,93.0,0.0,0.0,esa-worldcover-2021
hunnaganahalli-lake,13325,13.8,10.4,16.2,42.0,9.1,8.4,0.2,0.0,211,63.5,0.0,0.0,esa-worldcover-2021
hunnegere-low-kere,16248,19.0,17.4,1.2,58.8,3.6,0.0,0.0,0.0,535,12.5,0.0,0.0,esa-worldcover-2021
hunnegere-up-kere,11820,23.3,17.7,0.9,56.9,0.5,0.0,0.7,0.0,121,0.0,0.0,0.0,esa-worldcover-2021
hunnigere-lake,13887,9.5,16.0,7.4,55.1,11.2,0.8,0.0,0.0,422,0.0,0.0,0.0,esa-worldcover-2021
huralichikkanahalli-kunte,10493,17.2,6.1,2.4,55.9,17.9,0.5,0.0,0.0,30,0.0,0.0,0.0,esa-worldcover-2021
huralihalli-kere,20498,10.5,9.9,1.1,72.3,5.7,0.1,0.4,0.0,1375,13.6,0.0,0.0,esa-worldcover-2021
huskur-govt-lake,19744,17.1,18.2,20.2,33.3,9.1,0.9,1.3,0.0,1650,36.1,2.7,0.1,esa-worldcover-2021
huskuru-kere,14899,15.9,10.7,2.8,27.5,41.5,1.7,0.0,0.0,326,0.0,0.0,0.3,esa-worldcover-2021
huskuru-kere-2,11104,9.2,12.1,11.5,37.4,28.4,1.4,0.0,0.0,80,7.5,0.0,51.2,esa-worldcover-2021
huskuru-kunte-2,10065,9.7,15.9,18.0,34.6,19.7,1.7,0.4,0.0,14,0.0,0.0,14.3,esa-worldcover-2021
huskuru-kunte-3,10365,23.3,14.6,14.6,16.1,29.8,0.6,1.0,0.0,26,0.0,0.0,92.3,esa-worldcover-2021
huvinaikanahalli-lake,21862,4.4,2.6,4.6,77.9,8.3,2.2,0.0,0.0,2108,16.5,0.0,0.3,esa-worldcover-2021
ibbalur-govt-lake,13544,17.3,3.8,0.7,5.8,71.0,0.6,0.8,0.0,279,76.7,0.0,11.1,esa-worldcover-2021
ibbalur-kunte,9874,41.9,10.6,1.1,33.7,12.6,0.0,0.1,0.0,6,0.0,0.0,0.0,esa-worldcover-2021
ichanguru-lake,16067,13.0,12.2,15.3,46.2,12.8,0.6,0.0,0.0,723,4.1,0.0,0.0,esa-worldcover-2021
indlabele-kere,33194,18.9,13.3,11.8,43.7,11.2,0.8,0.4,0.0,5417,19.9,0.0,0.7,esa-worldcover-2021
indlavadi-lake,13995,10.9,2.7,14.8,55.6,13.3,2.8,0.0,0.0,300,0.0,0.0,1.0,esa-worldcover-2021
indlavadipura-lake,11325,5.5,1.6,10.0,77.9,4.7,0.1,0.2,0.0,67,50.7,0.0,0.0,esa-worldcover-2021
ishvanahalli-5r,16719,7.4,3.6,0.4,86.6,2.0,0.1,0.0,0.0,602,0.0,0.0,0.0,esa-worldcover-2021
islur-kere,21500,13.0,12.0,3.4,67.1,4.4,0.2,0.0,0.0,2238,0.0,0.0,0.0,esa-worldcover-2021
itgalpura-lake,16132,20.2,24.7,2.3,49.6,3.1,0.1,0.0,0.0,730,0.0,0.0,0.0,esa-worldcover-2021
ittagalapura-kere,12926,11.6,10.6,2.4,59.3,15.6,0.5,0.0,0.0,198,63.1,0.0,0.0,esa-worldcover-2021
ittagalapura-kunte,10738,21.0,5.4,3.2,64.9,5.1,0.3,0.0,0.0,47,0.0,0.0,0.0,esa-worldcover-2021
ittamadu-kere,12177,2.4,0.0,0.0,0.0,97.4,0.2,0.0,0.0,162,0.0,0.0,34.6,esa-worldcover-2021
ittamadu-kunte,9819,7.4,0.0,0.2,0.0,92.3,0.0,0.0,0.0,4,0.0,0.0,25.0,esa-worldcover-2021
ittangur-kere,21857,3.5,17.8,9.4,57.8,10.0,1.5,0.0,0.0,2019,0.0,0.0,2.6,esa-worldcover-2021
ivarakangapura-kere,33445,22.0,13.7,1.3,56.1,6.9,0.1,0.0,0.0,5591,1.1,0.0,0.1,esa-worldcover-2021
j-p-park-kere,22257,11.8,1.5,1.3,1.9,83.0,0.5,0.0,0.0,3409,3.7,0.0,6.0,esa-worldcover-2021
jadigenahalli-kere,27391,11.8,32.6,4.8,40.5,10.3,0.1,0.0,0.0,3376,0.8,0.0,0.0,esa-worldcover-2021
jajura-lake1,12842,9.6,12.2,1.2,73.4,3.5,0.1,0.0,0.0,153,0.0,0.0,0.0,esa-worldcover-2021
jajura-lake2,14020,12.0,9.7,1.3,71.7,5.3,0.1,0.0,0.0,443,0.0,0.0,0.0,esa-worldcover-2021
jakkanahalli-6r,27134,13.3,4.4,0.5,78.6,3.1,0.1,0.0,0.0,2319,1.2,0.0,0.0,esa-worldcover-2021
jakkanahalli-small,11108,7.3,12.5,0.1,80.0,0.0,0.0,0.0,0.0,52,0.0,0.0,0.0,esa-worldcover-2021
jakkasandra-kere,13071,17.7,12.9,2.8,53.2,13.1,0.3,0.0,0.0,251,2.8,0.0,0.0,esa-worldcover-2021
jakkasandra-kunte,9867,10.1,0.0,0.0,0.0,88.1,0.0,1.7,0.0,6,0.0,0.0,100.0,esa-worldcover-2021
jakkasandra-kunte-1,10394,34.0,1.0,2.7,1.9,53.8,6.6,0.0,0.0,26,0.0,0.0,46.2,esa-worldcover-2021
jakkasandra-kunte-2,10265,44.6,0.3,2.2,0.5,52.2,0.3,0.0,0.0,21,0.0,0.0,14.3,esa-worldcover-2021
jakkur-lake,35005,21.5,9.9,4.5,31.8,29.8,2.4,0.0,0.0,6364,63.5,0.1,0.7,esa-worldcover-2021
jalahalli-kunte,9832,54.4,5.6,1.9,3.8,33.4,0.8,0.0,0.0,6,0.0,0.0,66.7,esa-worldcover-2021
jalamaranahalli-lake,16495,30.5,33.8,8.1,26.2,1.1,0.3,0.0,0.0,872,3.7,0.0,0.0,esa-worldcover-2021
jalige-kere,24954,6.4,2.7,1.8,82.6,6.2,0.1,0.0,0.0,3953,51.6,0.0,0.0,esa-worldcover-2021
jaligere-lake,13183,5.2,7.8,3.6,77.5,5.4,0.4,0.1,0.0,197,1.5,0.0,0.0,esa-worldcover-2021
janaradhan-kere,13756,7.9,1.4,2.9,5.1,81.8,0.6,0.3,0.0,223,0.0,0.0,12.1,esa-worldcover-2021
jaraganahalli-kere,11367,3.1,0.0,0.3,0.3,95.9,0.4,0.0,0.0,71,0.0,0.0,0.0,esa-worldcover-2021
jaraganahalli-kere-2,11485,4.0,0.0,0.2,0.3,95.2,0.4,0.0,0.0,101,0.0,0.0,81.2,esa-worldcover-2021
jarakabande,10948,16.7,29.9,4.8,46.5,1.6,0.5,0.0,0.0,53,0.0,0.0,0.0,esa-worldcover-2021
jarakabande-kavalu-kunte1,11617,14.5,0.1,0.3,0.3,84.6,0.2,0.0,0.0,130,0.0,0.0,100.0,esa-worldcover-2021
jarakabande-kavalu-kunte1-2,11613,50.1,17.3,1.2,2.2,28.3,0.9,0.0,0.0,124,0.0,0.0,12.9,esa-worldcover-2021
jarakabande-kavalu-kunte2,10926,16.5,0.7,0.1,0.6,81.9,0.2,0.0,0.0,58,0.0,0.0,100.0,esa-worldcover-2021
jarakabande-kavalu-kunte2-2,10471,80.1,9.1,0.7,0.6,9.1,0.4,0.0,0.0,31,0.0,0.0,0.0,esa-worldcover-2021
jarakabandi-kaval-kelge-kere,13149,11.4,17.6,3.1,63.5,4.1,0.3,0.0,0.0,285,0.0,0.0,0.0,esa-worldcover-2021
jarganahalli-lake,12225,4.1,0.0,0.2,0.2,95.0,0.4,0.0,0.0,113,0.0,0.0,86.7,esa-worldcover-2021
javarayanapalya-lake,13108,7.2,13.4,0.1,79.3,0.0,0.0,0.0,0.0,229,0.0,0.0,0.0,esa-worldcover-2021
jedihalli-lake,12800,6.9,0.0,0.0,1.0,91.9,0.2,0.0,0.0,303,0.0,0.0,78.2,esa-worldcover-2021
jeltipalya-lake,12135,30.2,19.4,12.7,18.9,18.2,0.6,0.0,0.0,129,0.0,0.0,0.0,esa-worldcover-2021
jigani-kere,40002,20.1,8.6,11.8,30.8,26.7,1.6,0.3,0.0,9917,13.9,0.6,2.0,esa-worldcover-2021
jigani-lake-2,16267,14.8,2.9,3.5,14.6,61.4,0.5,2.2,0.0,642,91.7,0.0,1.7,esa-worldcover-2021
jigla-kere,20022,5.1,10.9,17.5,53.1,13.2,0.3,0.0,0.0,1323,0.0,0.0,2.1,esa-worldcover-2021
jimkenahalli-kere,14188,1.8,0.6,3.2,6.5,87.3,0.6,0.0,0.0,298,0.0,0.0,11.4,esa-worldcover-2021
jinnagar-lake,17054,3.5,18.0,1.0,75.8,1.6,0.0,0.0,0.0,986,4.1,0.0,0.0,esa-worldcover-2021
jogi-kere,11208,9.2,8.7,3.5,13.7,63.0,2.0,0.0,0.0,62,45.2,0.0,0.0,esa-worldcover-2021
jogipalya-low-kere,13515,3.2,12.7,2.8,79.2,0.7,0.7,0.6,0.0,314,57.3,0.0,0.0,esa-worldcover-2021
jogiplya-kere,13833,7.6,9.3,1.7,79.2,2.0,0.1,0.1,0.0,311,63.0,0.0,0.0,esa-worldcover-2021
jomala-kunte,10757,3.9,10.2,5.6,62.2,14.2,3.8,0.0,0.0,48,4.2,0.0,0.0,esa-worldcover-2021
junnasandra-kere,18053,13.0,6.0,1.7,4.2,74.2,0.8,0.0,0.0,1446,0.0,0.0,1.1,esa-worldcover-2021
juzuvadi-kere,29441,8.9,9.5,10.3,42.0,28.2,1.0,0.0,0.0,7043,0.8,0.0,0.7,esa-worldcover-2021
jyarakabande-kavalu-kunte,10750,11.2,0.2,0.3,0.5,87.3,0.6,0.0,0.0,50,0.0,0.0,70.0,esa-worldcover-2021
jyarakabande-kavalu-kunte-2,10839,61.5,7.2,1.2,0.9,29.0,0.2,0.0,0.0,33,0.0,0.0,0.0,esa-worldcover-2021
jyotipura-lake,20769,9.4,47.8,3.2,32.8,6.4,0.5,0.0,0.0,1329,3.0,0.0,0.0,esa-worldcover-2021
k-agrahara-kunte-4,10805,13.7,0.1,0.0,0.2,86.0,0.0,0.0,0.0,54,0.0,0.0,100.0,esa-worldcover-2021
k-g-thippasandra-kere,11503,12.9,0.3,0.0,0.8,85.9,0.0,0.0,0.0,56,0.0,0.0,14.3,esa-worldcover-2021
kaanurpalya-lake,15369,18.1,8.6,2.1,67.7,1.8,0.0,1.6,0.0,537,0.0,0.0,0.4,esa-worldcover-2021
kachamaranahalli-govt-lake,14310,10.1,29.5,3.2,49.0,7.9,0.4,0.0,0.0,420,0.0,0.0,0.0,esa-worldcover-2021
kachamaranahalli-kunte1,10192,11.5,30.5,2.9,48.8,6.1,0.2,0.0,0.0,18,0.0,0.0,0.0,esa-worldcover-2021
kachamaranahalli-kunte2,10159,11.8,29.6,3.0,47.2,7.9,0.4,0.0,0.0,14,0.0,0.0,0.0,esa-worldcover-2021
kachamaranahalli-kunte3,11274,2.9,13.6,8.5,57.5,17.1,0.5,0.0,0.0,95,0.0,0.0,21.1,esa-worldcover-2021
kachamaranahalli-kunte4,10850,5.2,24.9,5.0,47.3,17.3,0.4,0.0,0.0,45,0.0,0.0,0.0,esa-worldcover-2021
kachamaranahalli-kunte5,10710,6.4,16.8,4.3,57.0,15.3,0.2,0.0,0.0,48,0.0,0.0,87.5,esa-worldcover-2021
kachamaranahalli-kunte6,10463,5.9,13.1,4.0,58.2,18.5,0.3,0.0,0.0,31,0.0,0.0,9.7,esa-worldcover-2021
kachanahalli-kere,18698,6.8,5.4,2.6,80.8,1.7,2.7,0.1,0.0,1334,43.4,0.0,0.0,esa-worldcover-2021
kachanayakanahalli-lake,17450,16.5,13.4,11.6,22.5,34.5,1.5,0.1,0.0,1013,73.5,0.0,0.0,esa-worldcover-2021
kacharkanahalli-lake,19684,2.8,10.9,4.6,70.4,11.3,0.0,0.0,0.0,1213,13.5,0.0,0.0,esa-worldcover-2021
kachiganal-kere,14034,12.7,11.1,0.8,75.1,0.2,0.0,0.0,0.0,458,0.0,0.0,0.0,esa-worldcover-2021
kachiganal-n-kere,28880,5.3,10.0,0.7,81.4,2.4,0.2,0.0,0.0,7336,1.7,0.0,0.0,esa-worldcover-2021
kachohalli-katte,13621,4.9,6.3,5.2,11.4,70.7,1.4,0.2,0.0,374,0.0,0.0,2.9,esa-worldcover-2021
kachohalli-kere,21709,13.1,9.0,4.0,22.6,50.1,1.1,0.0,0.0,2504,0.0,0.0,0.4,esa-worldcover-2021
kachohalli-kunte-1,9984,2.1,3.1,4.8,7.6,80.6,1.8,0.0,0.0,9,0.0,0.0,0.0,esa-worldcover-2021
kachohalli-kunte-2,10112,2.2,4.1,4.1,12.1,76.4,1.2,0.0,0.0,13,0.0,0.0,76.9,esa-worldcover-2021
kada-agrahara-kunte,12312,4.7,9.0,8.4,60.3,12.4,3.6,1.6,0.0,153,10.5,0.0,0.0,esa-worldcover-2021
kada-agrahara-kunte-1,10096,12.4,4.9,11.5,56.1,12.6,2.6,0.0,0.0,14,0.0,0.0,71.4,esa-worldcover-2021
kada-agrahara-kunte-2,10594,10.0,7.6,18.1,56.3,6.9,1.1,0.0,0.0,38,0.0,0.0,0.0,esa-worldcover-2021
kadabisanahalli-kunte1,10098,5.2,0.4,0.6,2.7,89.5,1.6,0.0,0.0,14,0.0,0.0,100.0,esa-worldcover-2021
kadabisanahalli-kunte2,10152,6.2,0.5,0.4,1.6,89.8,1.5,0.0,0.0,16,0.0,0.0,100.0,esa-worldcover-2021
kadanur-kere,24911,14.7,10.3,1.4,69.2,4.2,0.1,0.0,0.0,3199,19.4,0.0,0.0,esa-worldcover-2021
kadaranahalli-kunte,9969,36.6,22.6,6.2,31.5,2.9,0.1,0.0,0.0,8,0.0,0.0,0.0,esa-worldcover-2021
kade-agrahara-lake,15748,7.7,5.8,12.4,49.0,21.6,3.5,0.0,0.0,688,0.0,0.0,0.1,esa-worldcover-2021
kadegere-kere,18143,21.0,20.3,2.9,46.8,9.0,0.1,0.0,0.0,756,0.0,0.0,0.0,esa-worldcover-2021
kadugodi-kunte-1,9927,10.5,3.7,2.0,7.3,75.2,1.3,0.0,0.0,4,0.0,0.0,100.0,esa-worldcover-2021
kadugodi-kunte-2,10074,35.5,2.2,6.3,10.9,43.0,2.2,0.0,0.0,11,0.0,0.0,36.4,esa-worldcover-2021
kadugodi-kunte-3,10225,35.2,4.9,4.9,13.8,37.0,4.1,0.0,0.0,19,0.0,0.0,68.4,esa-worldcover-2021
kadugodi-kunte-4,10603,15.6,2.4,3.6,13.5,63.2,1.7,0.0,0.0,38,0.0,0.0,100.0,esa-worldcover-2021
kadugodi-plantation-kunte,10915,22.7,4.5,4.5,17.6,48.0,2.6,0.0,0.0,64,0.0,0.0,50.0,esa-worldcover-2021
kadusiddanapalya-lak,12604,3.9,35.0,10.2,41.5,9.4,0.0,0.0,0.0,126,0.0,0.0,0.0,esa-worldcover-2021
kadusonnappanahalli-kere,11824,4.3,4.6,6.0,66.8,15.7,1.6,1.1,0.0,109,0.9,0.0,0.0,esa-worldcover-2021
kadusonnappanahalli-kunte,10185,7.2,5.1,6.6,71.8,6.4,2.0,0.9,0.0,16,0.0,0.0,0.0,esa-worldcover-2021
kagalipura-kunte,9996,14.1,11.8,7.4,57.4,9.2,0.2,0.0,0.0,9,0.0,0.0,0.0,esa-worldcover-2021
kaggadasapura-lake,20406,19.1,2.1,1.1,2.2,75.0,0.5,0.0,0.0,1595,0.0,0.0,0.8,esa-worldcover-2021
kaggalhalli-lake,19350,23.6,9.5,9.2,43.5,13.6,0.6,0.0,0.0,1553,77.9,0.0,0.7,esa-worldcover-2021
kaggalipura-govt-lake,14675,11.0,10.1,13.6,50.4,13.7,1.2,0.0,0.0,520,0.0,0.0,0.0,esa-worldcover-2021
kaggalipura-lake,18408,14.2,12.7,6.6,31.4,34.8,0.3,0.0,0.0,918,29.5,0.0,4.0,esa-worldcover-2021
kagganur-n,20778,2.3,15.8,14.2,49.9,15.8,2.0,0.0,0.0,1503,0.0,0.0,0.0,esa-worldcover-2021
kagur-lake,21218,17.1,18.1,4.0,53.0,7.1,0.7,0.0,0.0,1364,0.1,0.0,0.0,esa-worldcover-2021
kaikondanahalli-kere,20300,16.9,3.6,3.3,6.2,68.2,1.3,0.5,0.0,1949,80.2,0.0,0.3,esa-worldcover-2021
kajarakanahalli-kunte,9879,7.2,0.0,0.1,0.1,92.6,0.0,0.0,0.0,6,0.0,0.0,100.0,esa-worldcover-2021
kajarakanahalli-lake,16473,8.8,1.0,1.0,1.7,86.3,1.2,0.0,0.0,719,0.0,0.0,9.2,esa-worldcover-2021
kakolu-kere,53840,12.1,12.3,1.6,70.5,3.3,0.1,0.1,0.0,18600,1.2,0.0,0.1,esa-worldcover-2021
kalagondanahalli-lake,16150,4.5,0.0,0.3,0.3,94.9,0.0,0.0,0.0,1211,0.0,0.0,83.2,esa-worldcover-2021
kalalghatta-kere,22162,12.1,5.2,0.7,75.9,6.0,0.1,0.0,0.0,2271,0.5,0.0,0.0,esa-worldcover-2021
kalanayakanapalya-la,15128,10.2,34.0,9.0,39.3,5.0,0.0,2.5,0.0,390,68.5,0.0,0.0,esa-worldcover-2021
kalatammanahalli-kunte,9887,14.2,16.1,3.2,64.1,1.6,0.8,0.0,0.0,6,0.0,0.0,0.0,esa-worldcover-2021
kalatammanahalli-lake,14247,20.0,7.7,0.3,70.0,1.8,0.0,0.2,0.0,351,0.0,0.0,0.0,esa-worldcover-2021
kalena-agrahara-govt-lake,13559,38.1,0.7,3.0,4.4,52.6,1.0,0.4,0.0,177,76.3,0.0,2.8,esa-worldcover-2021
kalena-agrahara-kunte,9914,41.5,0.8,2.8,4.1,48.4,0.6,1.8,0.0,7,0.0,0.0,0.0,esa-worldcover-2021
kalenahalli-kere,13961,14.1,7.1,0.6,73.4,4.7,0.1,0.0,0.0,301,0.0,0.0,0.0,esa-worldcover-2021
kalenahalli-kunte,10402,18.2,9.2,1.5,66.7,4.3,0.1,0.0,0.0,28,0.0,0.0,0.0,esa-worldcover-2021
kalenahalli-lake,27019,7.2,33.3,2.0,57.5,0.0,0.0,0.0,0.0,3728,15.3,0.0,0.0,esa-worldcover-2021
kalkere-kere,39578,23.6,14.9,3.6,28.3,28.7,0.8,0.0,0.0,7122,69.7,0.0,0.0,esa-worldcover-2021
kalkere-kunte1,9958,2.6,0.1,0.7,4.9,89.2,2.3,0.0,0.0,8,0.0,0.0,100.0,esa-worldcover-2021
kalkere-kunte2,11742,2.6,0.4,1.4,2.8,91.1,1.8,0.0,0.0,145,0.0,0.0,83.4,esa-worldcover-2021
kalkere-kunte3,10044,5.8,1.9,3.6,6.6,80.1,2.1,0.0,0.0,10,0.0,0.0,90.0,esa-worldcover-2021
kalkere-kunte4,9867,5.7,2.7,3.4,8.9,77.2,2.1,0.0,0.0,6,0.0,0.0,83.3,esa-worldcover-2021
kalkere-sarkari-kunte,11030,56.5,9.1,8.9,3.7,20.8,0.2,0.8,0.0,54,0.0,0.0,0.0,esa-worldcover-2021
kalkunte-agrahara-kere-e,16228,2.4,33.3,5.2,58.8,0.0,0.2,0.0,0.0,652,14.0,0.0,0.0,esa-worldcover-2021
kalkunte-agrahara-kere-upper,14350,0.4,15.8,3.7,79.4,0.6,0.1,0.0,0.0,297,13.8,0.0,0.0,esa-worldcover-2021
kalkunte-agrahara-lake,21228,3.4,17.7,5.2,64.4,8.1,1.3,0.0,0.0,1612,3.2,0.0,0.0,esa-worldcover-2021
kallabalu-lake,14436,16.7,6.3,9.7,37.7,28.9,0.6,0.1,0.0,408,57.8,0.0,0.0,esa-worldcover-2021
kallakatte,11119,6.7,9.2,3.0,32.8,48.0,0.2,0.0,0.0,77,0.0,0.0,59.7,esa-worldcover-2021
kallakere-lake-land,12430,49.6,6.4,11.6,5.1,27.0,0.3,0.0,0.0,158,58.2,0.0,5.7,esa-worldcover-2021
kallanayakanahalli-lake,14221,18.7,12.2,1.8,60.8,6.5,0.1,0.0,0.0,342,14.6,0.0,0.0,esa-worldcover-2021
kallapanakatte-kere,12012,23.9,14.6,12.1,35.0,12.2,1.0,1.3,0.0,119,0.0,0.0,0.0,esa-worldcover-2021
kallodu-kere,17101,9.7,7.9,0.6,81.7,0.0,0.0,0.0,0.0,937,0.0,0.0,0.0,esa-worldcover-2021
kallu-kunte-lake,10717,2.7,42.3,16.5,38.4,0.0,0.2,0.0,0.0,35,0.0,0.0,0.0,esa-worldcover-2021
kalludevanahalli-lake,15349,20.5,10.7,1.3,66.4,0.0,1.0,0.0,0.0,458,7.0,0.0,0.0,esa-worldcover-2021
kallukere-kunte,10157,52.1,7.5,13.4,7.3,18.4,1.4,0.0,0.0,10,0.0,0.0,0.0,esa-worldcover-2021
kallukunte-lake-2,14964,5.0,6.5,2.0,84.5,1.8,0.3,0.0,0.0,489,14.9,0.0,0.0,esa-worldcover-2021
kallupallya-kere,11094,2.3,3.9,56.1,25.5,11.7,0.5,0.0,0.0,58,0.0,0.0,0.0,esa-worldcover-2021
kamakshipura-lake,11191,2.5,4.3,6.3,86.3,0.5,0.2,0.0,0.0,74,0.0,0.0,0.0,esa-worldcover-2021
kamanhalli-lake,21494,6.5,23.0,8.8,51.0,9.7,1.0,0.0,0.0,1370,0.0,0.0,0.8,esa-worldcover-2021
kambalipura-lake,31200,16.3,11.5,15.0,43.5,9.4,4.4,0.0,0.0,6380,1.3,0.0,0.0,esa-worldcover-2021
kambasandra-kere,13078,15.9,24.4,6.2,48.3,5.1,0.1,0.0,0.0,265,29.8,0.0,13.2,esa-worldcover-2021
kambhipura-govt-karabu-kere-1,11102,20.5,12.6,5.4,12.6,46.5,2.4,0.0,0.0,61,18.0,0.0,13.1,esa-worldcover-2021
kambhipura-govt-karabu-kere-2,10627,27.1,23.0,5.6,22.4,20.9,0.9,0.0,0.0,32,0.0,0.0,0.0,esa-worldcover-2021
kambipura-kunte1,11985,18.0,28.8,7.8,19.9,24.2,1.2,0.0,0.0,180,0.0,0.0,7.2,esa-worldcover-2021
kambipura-kunte2,9700,44.4,12.8,4.6,27.0,10.9,0.1,0.2,0.0,4,0.0,0.0,75.0,esa-worldcover-2021
kambipura-kunte3,9601,38.2,4.6,4.8,37.3,15.1,0.2,0.0,0.0,1,0.0,0.0,0.0,esa-worldcover-2021
kamblipura-lake,18551,8.3,9.0,3.4,77.8,1.0,0.5,0.0,0.0,1062,0.2,0.0,0.0,esa-worldcover-2021
kamenahalli-lake,15921,1.4,11.8,8.4,74.0,1.8,2.0,0.5,0.0,522,82.6,0.0,0.0,esa-worldcover-2021
kammagondanahalli-kunte1,10006,22.6,7.0,1.9,6.2,61.8,0.5,0.0,0.0,9,0.0,0.0,0.0,esa-worldcover-2021
kammagondanahalli-kunte2,10308,37.4,8.3,1.2,3.2,49.6,0.3,0.0,0.0,22,0.0,0.0,40.9,esa-worldcover-2021
kammagondanahalli-lake,16289,15.5,11.4,3.1,10.5,56.8,2.7,0.0,0.0,849,0.0,0.0,0.0,esa-worldcover-2021
kammanahalli-kunte1,10084,33.5,7.0,9.4,19.7,27.6,0.8,1.9,0.0,12,0.0,0.0,75.0,esa-worldcover-2021
kammanahalli-kunte2,10519,26.4,8.0,4.5,11.4,48.3,1.4,0.0,0.0,34,0.0,0.0,88.2,esa-worldcover-2021
kammanahalli-lake,17240,27.1,3.8,6.5,14.5,47.5,0.7,0.0,0.0,686,28.3,0.0,1.5,esa-worldcover-2021
kanakal-tanday-kere,11283,0.6,7.5,29.0,17.5,27.2,17.6,0.6,0.0,58,43.1,0.0,0.0,esa-worldcover-2021
kanakal-tanday-kere-upper,11362,1.2,4.6,29.5,14.8,32.3,16.8,0.8,0.0,76,0.0,0.0,51.3,esa-worldcover-2021
kanakenahalli-lake,14678,20.6,43.2,0.0,35.9,0.3,0.0,0.0,0.0,614,0.0,0.0,0.0,esa-worldcover-2021
kanaminiki-govt-kere,14799,14.7,13.0,9.1,25.2,35.7,1.8,0.4,0.0,366,0.0,0.0,0.8,esa-worldcover-2021
kanavalli-lake,22267,5.4,5.2,1.9,80.6,6.2,0.4,0.2,0.0,2321,0.4,0.0,0.0,esa-worldcover-2021
kanavapalli-lake,19007,26.7,6.7,29.6,33.1,3.9,0.0,0.0,0.0,1348,1.6,0.0,0.0,esa-worldcover-2021
kanekallu-lake,18405,7.9,10.0,6.8,44.2,26.6,4.5,0.0,0.0,831,11.1,0.0,1.0,esa-worldcover-2021
kangondanahalli-kere,16662,8.4,3.4,2.9,72.5,12.6,0.2,0.0,0.0,987,9.1,0.0,0.0,esa-worldcover-2021
kaniminike-kunte1,10850,28.8,16.3,7.2,18.4,28.8,0.5,0.0,0.0,53,0.0,0.0,0.0,esa-worldcover-2021
kaniminike-kunte2,11047,30.0,7.1,8.9,16.5,34.6,2.9,0.0,0.0,72,0.0,0.0,54.2,esa-worldcover-2021
kaniminike-kunte3,10848,34.5,14.1,9.6,23.1,16.2,2.4,0.0,0.0,52,0.0,0.0,0.0,esa-worldcover-2021
kaniminike-kunte4,10468,11.9,6.4,6.8,37.5,35.5,1.8,0.0,0.0,30,0.0,0.0,93.3,esa-worldcover-2021
kaniminike-kunte5,10937,6.2,9.0,6.8,42.3,32.7,3.0,0.0,0.0,60,0.0,0.0,80.0,esa-worldcover-2021
kaniminike-kunte6,10934,6.9,9.8,7.7,42.2,29.8,3.6,0.0,0.0,50,0.0,0.0,56.0,esa-worldcover-2021
kaniminike-kunte7,10156,4.9,9.7,6.6,48.7,28.3,1.8,0.0,0.0,14,0.0,0.0,0.0,esa-worldcover-2021
kaniminike-kunte8,10042,4.3,10.2,6.0,52.9,24.8,1.8,0.0,0.0,10,0.0,0.0,40.0,esa-worldcover-2021
kaniminike-kunte9,10420,2.4,9.2,21.8,53.4,12.6,0.6,0.0,0.0,28,0.0,0.0,0.0,esa-worldcover-2021
kannaikana-agrahara-kere,11167,29.0,36.8,8.8,17.0,6.9,0.4,1.1,0.0,67,64.2,0.0,0.0,esa-worldcover-2021
kannaikana-agrahara-kunte,9997,40.8,41.6,4.4,9.8,2.6,0.0,0.7,0.0,9,0.0,0.0,0.0,esa-worldcover-2021
kannalli-katte-1-newly-created,11051,9.0,27.3,14.7,31.4,10.5,1.6,5.6,0.0,72,0.0,0.0,0.0,esa-worldcover-2021
kannalli-katte-2-newly-created,11304,3.5,18.9,7.0,52.3,17.9,0.4,0.1,0.0,100,0.0,0.0,0.0,esa-worldcover-2021
kannalli-kere,24255,13.0,18.8,13.7,39.6,12.7,1.8,0.4,0.0,2581,34.6,0.0,0.0,esa-worldcover-2021
kannalli-kunte-1,10075,14.7,20.5,14.4,32.5,6.3,2.3,9.3,0.0,11,0.0,0.0,0.0,esa-worldcover-2021
kannalli-kunte-2,10067,12.0,21.5,16.9,32.7,4.9,2.7,9.2,0.0,14,0.0,0.0,0.0,esa-worldcover-2021
kannalli-kunte-3,10004,4.8,28.0,17.7,36.2,4.3,2.2,6.8,0.0,9,0.0,0.0,0.0,esa-worldcover-2021
kannalli-kunte-4,10471,3.2,21.2,9.6,32.4,31.3,2.2,0.1,0.0,30,0.0,0.0,53.3,esa-worldcover-2021
kannamangala-katte-1,10824,9.3,8.0,2.2,23.0,56.2,1.3,0.0,0.0,52,0.0,0.0,100.0,esa-worldcover-2021
kannamangala-katte-2,10851,9.0,3.4,1.8,27.9,56.7,1.1,0.0,0.0,54,0.0,0.0,100.0,esa-worldcover-2021
kannamangala-kere,19261,18.4,19.2,0.6,61.2,0.6,0.1,0.0,0.0,1119,3.4,0.0,0.0,esa-worldcover-2021
kannamangala-kere-2,26663,14.1,3.0,2.7,61.1,18.3,0.8,0.0,0.0,3700,0.5,0.0,0.0,esa-worldcover-2021
kannamangala-kere-3,13048,18.5,8.8,2.9,53.0,14.8,0.7,1.3,0.0,253,68.4,0.0,1.2,esa-worldcover-2021
kannamangala-kunte1,10445,19.8,14.0,2.7,58.4,1.6,0.2,3.2,0.0,28,0.0,0.0,3.6,esa-worldcover-2021
kannamangala-kunte2,10002,19.0,16.0,1.9,59.4,3.3,0.3,0.1,0.0,9,0.0,0.0,0.0,esa-worldcover-2021
kannamangala-kunte3,10561,15.3,5.7,4.7,41.6,31.4,1.1,0.0,0.0,36,0.0,0.0,97.2,esa-worldcover-2021
kannamangala-kunte4,10397,19.1,4.0,3.0,29.5,43.1,1.2,0.0,0.0,26,0.0,0.0,100.0,esa-worldcover-2021
kannamangala-kunte5,10271,12.1,13.8,2.2,23.6,47.7,0.7,0.0,0.0,21,0.0,0.0,85.7,esa-worldcover-2021
kannurhalli-lake,19955,4.7,16.6,4.3,67.0,6.7,0.7,0.0,0.0,1206,1.7,0.0,0.0,esa-worldcover-2021
kannuru-katte,10884,14.3,8.0,3.7,27.7,45.3,1.1,0.0,0.0,58,0.0,0.0,27.6,esa-worldcover-2021
kannuru-kere,21476,13.9,6.2,8.0,35.5,26.4,7.3,2.7,0.0,2479,10.7,0.0,0.0,esa-worldcover-2021
kannuru-kere1,11866,17.0,10.5,2.5,36.3,32.1,1.5,0.0,0.0,162,0.0,0.0,22.8,esa-worldcover-2021
kannuru-kunte-1,10230,11.9,8.0,2.7,31.4,45.2,0.8,0.0,0.0,18,0.0,0.0,100.0,esa-worldcover-2021
kannuru-kunte-3,9921,14.5,15.9,4.2,47.3,16.0,2.1,0.1,0.0,8,0.0,0.0,0.0,esa-worldcover-2021
kannuru-kunte2,9825,28.8,6.9,2.8,31.5,28.4,1.6,0.0,0.0,4,0.0,0.0,100.0,esa-worldcover-2021
karabu-kere,17634,10.7,10.8,12.6,27.8,36.7,1.0,0.4,0.0,1075,60.7,0.0,0.9,esa-worldcover-2021
karabu-kere-konappana-agrahara-lake,12446,15.8,1.4,6.1,6.1,67.4,3.1,0.0,0.0,157,6.4,0.0,3.8,esa-worldcover-2021
karadipalya-lake,18333,12.0,17.9,0.3,66.9,2.9,0.0,0.0,0.0,1013,0.0,0.0,0.0,esa-worldcover-2021
karakalaghatta-colony-2-lake,11861,12.8,6.3,32.6,45.2,2.7,0.4,0.0,0.0,74,0.0,0.0,0.0,esa-worldcover-2021
karakalaghatta-colony1-lake,13906,10.1,4.2,27.9,55.4,2.1,0.4,0.0,0.0,197,0.0,0.0,0.0,esa-worldcover-2021
karakalaghatta-lake,13859,8.1,1.6,17.1,65.4,7.7,0.0,0.0,0.0,318,0.0,0.0,0.0,esa-worldcover-2021
karanalu-kere,17851,10.1,3.9,5.0,73.0,6.5,1.4,0.0,0.0,1042,0.0,0.0,1.3,esa-worldcover-2021
karanji-tank,18275,12.6,0.0,0.0,0.1,87.0,0.3,0.0,0.0,2094,0.0,0.0,76.3,esa-worldcover-2021
karehalli-kere,17583,12.7,6.6,0.2,77.7,2.7,0.0,0.0,0.0,738,1.5,0.0,0.0,esa-worldcover-2021
karenahalli-lake,20472,7.1,18.4,4.2,64.3,5.8,0.0,0.3,0.0,1594,48.3,0.0,0.0,esa-worldcover-2021
karepura-lake,14825,13.6,13.3,0.6,69.9,2.6,0.0,0.0,0.0,273,0.0,0.0,0.0,esa-worldcover-2021
karethimmanahalli-lake,11886,5.2,0.1,0.3,0.2,94.0,0.3,0.0,0.0,162,0.0,0.0,35.2,esa-worldcover-2021
karimsonnenahalli-kere,20864,6.3,11.4,1.4,80.1,0.6,0.3,0.0,0.0,1530,9.3,0.0,0.0,esa-worldcover-2021
karisandra-katte,11563,12.5,0.0,0.3,0.0,87.1,0.1,0.0,0.0,126,0.0,0.0,65.1,esa-worldcover-2021
karisandra-kunte,9824,11.5,0.0,0.4,0.0,88.1,0.1,0.0,0.0,6,0.0,0.0,100.0,esa-worldcover-2021
kariyanakunte-newly-created,10354,37.5,50.0,1.8,10.7,0.0,0.0,0.0,0.0,22,0.0,0.0,0.0,esa-worldcover-2021
karpuru-lake,20990,12.6,7.3,21.5,47.9,10.6,0.2,0.0,0.0,1567,0.0,0.0,0.0,esa-worldcover-2021
karukunte-lake,12401,0.7,16.7,8.2,72.0,0.0,1.2,1.3,0.0,185,0.0,0.0,0.0,esa-worldcover-2021
karunkunte-lake-2,18336,0.3,20.2,8.8,70.5,0.0,0.2,0.0,0.0,937,18.5,0.0,0.0,esa-worldcover-2021
kasaba-yeshwanthpura-kunte1,10989,8.7,0.6,1.0,1.1,88.3,0.4,0.0,0.0,66,0.0,0.0,90.9,esa-worldcover-2021
kasaba-yeshwanthpura-kunte2,10730,40.7,0.4,3.5,0.4,54.1,0.6,0.3,0.0,47,0.0,0.0,4.3,esa-worldcover-2021
kasaba-yeshwantpur-kere,11759,18.2,0.7,1.1,0.9,77.4,1.8,0.0,0.0,148,0.0,0.0,99.3,esa-worldcover-2021
kasagattapura-kere-1,13792,17.1,11.4,1.5,61.8,8.0,0.2,0.0,0.0,315,0.0,0.0,0.0,esa-worldcover-2021
kasagattapura-kere-1-2,12289,17.4,15.5,1.4,56.5,8.9,0.4,0.0,0.0,221,0.0,0.0,0.0,esa-worldcover-2021
kasagattapura-kere-3,14411,14.5,10.2,2.1,66.1,6.8,0.3,0.0,0.0,489,18.4,0.0,0.0,esa-worldcover-2021
kasagattapura-kunte,10239,20.2,7.3,0.7,68.2,2.6,0.2,0.8,0.0,18,0.0,0.0,0.0,esa-worldcover-2021
kasaghatta-lake,16730,16.0,14.2,1.5,65.2,2.5,0.1,0.5,0.0,458,70.7,0.0,0.0,esa-worldcover-2021
kasaranghatta-kere,14077,13.4,5.7,1.2,75.8,3.4,0.4,0.0,0.0,319,44.2,0.0,0.0,esa-worldcover-2021
kasavanahalli-kere,19154,24.6,8.6,3.2,9.5,52.0,1.7,0.4,0.0,1539,81.4,0.0,0.0,esa-worldcover-2021
kasavanahalli-kunte1,10525,15.3,3.9,1.7,3.0,75.4,0.9,0.0,0.0,34,0.0,0.0,100.0,esa-worldcover-2021
kasavanahalli-kunte2,10294,15.9,7.7,4.0,4.9,62.5,2.2,2.8,0.0,24,0.0,0.0,91.7,esa-worldcover-2021
kasavanahalli-kunte3,10066,10.6,8.7,3.4,6.0,66.6,1.9,2.7,0.0,14,0.0,0.0,100.0,esa-worldcover-2021
kasavanahalli-kunte4,10069,25.3,12.6,1.1,3.9,56.1,0.4,0.6,0.0,14,0.0,0.0,100.0,esa-worldcover-2021
kasavanahalli-kunte5,10001,42.9,25.4,0.8,2.9,27.8,0.1,0.0,0.0,9,0.0,0.0,100.0,esa-worldcover-2021
katamnalluru-kere,14669,6.0,4.1,4.3,34.5,47.7,3.5,0.0,0.0,532,0.0,0.0,5.5,esa-worldcover-2021
katamnalluru-kunte1,9824,4.9,6.3,6.8,43.7,35.4,2.9,0.0,0.0,4,0.0,0.0,100.0,esa-worldcover-2021
katamnalluru-kunte2,9823,7.9,2.9,4.8,22.6,57.6,4.2,0.0,0.0,4,0.0,0.0,100.0,esa-worldcover-2021
kathriguppe-kunte-1,10037,3.7,13.3,5.5,66.6,10.0,1.0,0.0,0.0,10,0.0,0.0,0.0,esa-worldcover-2021
kathriguppe-kunte-2,10094,1.6,7.0,2.3,87.5,0.7,0.9,0.0,0.0,12,0.0,0.0,0.0,esa-worldcover-2021
kathriguppe-kunte-3,10656,1.1,8.2,2.5,87.1,0.9,0.2,0.0,0.0,44,0.0,0.0,0.0,esa-worldcover-2021
kathriguppe-kunte-4,11590,2.5,11.3,2.7,82.5,0.6,0.4,0.0,0.0,128,0.0,0.0,0.0,esa-worldcover-2021
katigenahalli-n,14834,8.9,29.0,3.9,50.0,6.7,1.6,0.0,0.0,512,0.0,0.0,0.0,esa-worldcover-2021
kattalepalya-lake,13003,11.5,45.6,16.8,25.7,0.5,0.0,0.0,0.0,145,0.0,0.0,0.0,esa-worldcover-2021
kattalepalya-lake-1,12611,9.2,35.9,6.0,47.7,1.1,0.1,0.0,0.0,163,1.8,0.0,0.0,esa-worldcover-2021
kattigenahalli-lake,16303,14.1,6.1,3.8,24.9,48.5,2.6,0.0,0.0,729,66.1,0.0,0.1,esa-worldcover-2021
kattigenahalli-lower,17569,10.9,20.7,2.6,54.1,11.5,0.2,0.0,0.0,810,1.0,0.0,0.0,esa-worldcover-2021
kattihosahalli-lake,13528,7.7,8.0,6.3,69.5,5.6,2.9,0.0,0.0,168,2.4,0.0,0.0,esa-worldcover-2021
kebbapalya-ne,12197,7.7,21.6,0.4,59.1,10.7,0.4,0.0,0.0,112,0.0,0.0,0.0,esa-worldcover-2021
kebliganahalli-kere,11657,7.5,24.5,2.0,56.5,6.8,2.8,0.0,0.0,113,0.0,0.0,0.0,esa-worldcover-2021
kelaginakere,14480,25.7,7.5,5.4,21.0,39.7,0.7,0.0,0.0,331,52.9,0.0,0.0,esa-worldcover-2021
kembathahali-kere,12592,14.9,6.8,4.8,11.9,60.7,0.9,0.0,0.0,174,0.0,0.0,0.0,esa-worldcover-2021
kembathahali-kunte,11249,17.2,6.6,4.4,9.5,60.8,1.5,0.0,0.0,93,0.0,0.0,80.6,esa-worldcover-2021
kembliganahalli-kere,16850,8.6,19.1,0.8,65.1,6.0,0.3,0.0,0.0,996,0.0,0.0,2.0,esa-worldcover-2021
kemp-agrah-kunte-3,9960,11.1,0.0,0.0,0.0,88.8,0.1,0.0,0.0,12,0.0,0.0,100.0,esa-worldcover-2021
kemp-agrah-kunte-5,9774,12.5,0.1,0.0,0.3,87.1,0.0,0.0,0.0,3,0.0,0.0,0.0,esa-worldcover-2021
kemp-agrah-kunte-6,11228,2.8,0.0,0.2,0.1,96.8,0.1,0.0,0.0,88,0.0,0.0,90.9,esa-worldcover-2021
kemp-agrah-kunte-7,11044,2.5,0.0,0.2,0.1,97.2,0.1,0.0,0.0,72,0.0,0.0,83.3,esa-worldcover-2021
kemp-agrah-kunte-8,10384,4.8,0.0,0.0,0.0,95.0,0.2,0.0,0.0,26,0.0,0.0,100.0,esa-worldcover-2021
kempadevanahalli-kere,12441,5.1,12.8,33.5,44.9,2.6,1.0,0.0,0.0,195,1.5,0.0,0.0,esa-worldcover-2021
kempaguddanahalli-lake,11036,3.8,21.1,20.4,46.9,7.9,0.0,0.0,0.0,62,0.0,0.0,9.7,esa-worldcover-2021
kempalinganahalli-kere,16985,24.2,15.2,1.2,56.4,2.7,0.2,0.0,0.0,631,31.5,0.0,0.0,esa-worldcover-2021
kempambudhi-lake,19368,18.2,0.1,0.4,0.2,80.8,0.2,0.0,0.0,1570,39.9,0.0,2.5,esa-worldcover-2021
kempanahali-kunte,10261,10.0,10.0,6.6,64.9,7.2,1.4,0.0,0.0,16,0.0,0.0,0.0,esa-worldcover-2021
kempanayanakere,18205,32.1,7.8,8.6,20.4,30.3,0.6,0.0,0.0,723,0.3,3.3,0.0,esa-worldcover-2021
kempapura-agrahara-kere,12493,11.9,0.0,0.0,0.2,87.8,0.0,0.0,0.0,253,0.0,0.0,99.6,esa-worldcover-2021
kempapura-agrahara-kunte-1,9881,12.6,0.0,0.0,0.0,87.3,0.0,0.0,0.0,6,0.0,0.0,100.0,esa-worldcover-2021
kempapura-agrahara-kunte-10,10029,9.8,0.0,0.0,0.0,90.1,0.0,0.0,0.0,11,0.0,0.0,100.0,esa-worldcover-2021
kempapura-agrahara-kunte-2,10866,11.6,0.0,0.1,0.2,87.8,0.2,0.0,0.0,58,0.0,0.0,91.4,esa-worldcover-2021
kempapura-agrahara-kunte-9,9750,10.9,0.0,0.0,0.0,89.1,0.0,0.0,0.0,4,0.0,0.0,100.0,esa-worldcover-2021
kempapura-kunte,10347,5.3,0.0,0.2,2.4,92.1,0.0,0.0,0.0,26,0.0,0.0,34.6,esa-worldcover-2021
kempapura-kunte-1,10069,9.3,5.1,3.1,70.2,9.9,2.3,0.0,0.0,14,0.0,0.0,0.0,esa-worldcover-2021
kempapura-kunte-2,9882,8.4,2.3,5.0,56.1,25.6,2.6,0.0,0.0,6,0.0,0.0,0.0,esa-worldcover-2021
kempapura-lake,18075,8.0,10.5,3.8,71.7,5.8,0.2,0.0,0.0,1487,0.4,0.0,0.0,esa-worldcover-2021
kempaura-agrahara-lo-kere,12812,12.6,2.7,2.1,78.9,3.0,0.7,0.0,0.0,155,0.0,0.0,3.9,esa-worldcover-2021
kempaura-agrahara-up-kere,15821,19.7,2.0,0.8,73.1,4.5,0.0,0.0,0.0,876,0.0,0.0,0.0,esa-worldcover-2021
kempegowda-nagar-lake,15013,11.1,3.0,23.5,57.2,5.2,0.0,0.0,0.0,464,0.0,0.0,0.0,esa-worldcover-2021
kempegowdanagar-lake-1,12842,19.3,20.1,6.1,32.9,18.0,0.4,3.2,0.0,173,0.0,0.0,0.0,esa-worldcover-2021
kempohalli-lake,13560,3.9,7.8,4.0,81.0,3.0,0.3,0.0,0.0,330,11.2,0.0,0.0,esa-worldcover-2021
kempu-vaderahalli-lake,17345,8.2,18.7,31.2,32.3,6.0,3.5,0.0,0.0,805,38.1,0.0,0.0,esa-worldcover-2021
kenchanapura-govt-lake,14912,14.8,21.4,6.9,45.6,10.4,0.7,0.2,0.0,495,85.7,0.0,1.4,esa-worldcover-2021
kenchanapura-kere,24225,26.4,31.4,0.6,40.5,1.0,0.1,0.0,0.0,2622,0.1,0.0,0.0,esa-worldcover-2021
kenchanapura-kunte1,10207,15.1,14.0,8.4,45.1,15.2,0.7,1.4,0.0,14,0.0,0.0,42.9,esa-worldcover-2021
kenchanapura-kunte2,9829,12.6,19.1,8.7,35.6,2.7,0.7,20.5,0.0,6,0.0,0.0,0.0,esa-worldcover-2021
kenchanapura-kunte3,9963,9.2,18.1,14.1,47.4,4.2,6.9,0.0,0.0,12,0.0,0.0,0.0,esa-worldcover-2021
kenchinahalli-kere,12097,24.1,1.1,0.8,5.9,67.4,0.2,0.6,0.0,95,0.0,0.0,0.0,esa-worldcover-2021
kengal-lake,15616,29.9,12.3,5.9,48.7,3.0,0.2,0.0,0.0,587,0.5,0.0,0.0,esa-worldcover-2021
kengalkempohalli-kere,14163,3.2,2.7,13.7,59.0,9.2,12.0,0.2,0.0,328,24.4,0.0,4.9,esa-worldcover-2021
kenganahalli-kere,16627,9.1,14.2,7.8,66.2,2.4,0.2,0.1,0.0,685,67.7,0.0,0.0,esa-worldcover-2021
kengeri-1,15654,48.9,8.1,5.2,7.9,27.0,0.9,2.1,0.0,498,9.6,0.0,2.4,esa-worldcover-2021
kengeri-2,15560,55.8,12.5,3.2,8.1,19.9,0.2,0.4,0.0,593,53.6,0.0,0.0,esa-worldcover-2021
kengeri-kunte-1,9770,23.8,0.7,2.5,2.7,70.0,0.2,0.0,0.0,4,0.0,0.0,100.0,esa-worldcover-2021
kengeri-kunte-10,9771,7.9,20.7,3.5,17.6,50.0,0.3,0.0,0.0,4,0.0,0.0,100.0,esa-worldcover-2021
kengeri-kunte-11,10989,10.8,7.7,1.6,3.3,76.2,0.3,0.0,0.0,67,0.0,0.0,97.0,esa-worldcover-2021
kengeri-kunte-12,11017,11.7,10.0,1.5,10.6,65.7,0.4,0.0,0.0,69,0.0,0.0,100.0,esa-worldcover-2021
kengeri-kunte-2,10800,12.4,18.8,9.9,29.2,29.1,0.6,0.0,0.0,52,0.0,0.0,46.2,esa-worldcover-2021
kengeri-kunte-3,10354,20.8,10.7,3.6,7.9,57.0,0.0,0.0,0.0,22,0.0,0.0,0.0,esa-worldcover-2021
kengeri-kunte-4,9985,19.3,15.2,5.2,12.1,47.7,0.6,0.0,0.0,8,0.0,0.0,100.0,esa-worldcover-2021
kengeri-kunte-5,10379,6.2,21.6,13.4,17.3,40.9,0.5,0.0,0.0,26,0.0,0.0,3.8,esa-worldcover-2021
kengeri-kunte-6,9877,3.7,20.6,12.4,21.3,41.3,0.6,0.0,0.0,6,0.0,0.0,0.0,esa-worldcover-2021
kengeri-kunte-7,10420,7.7,10.2,0.7,3.7,77.5,0.2,0.0,0.0,28,0.0,0.0,85.7,esa-worldcover-2021
kengeri-kunte-8,10554,8.4,12.3,0.7,5.9,72.5,0.2,0.0,0.0,35,0.0,0.0,88.6,esa-worldcover-2021
kengeri-kunte-9,9969,8.3,17.7,1.0,12.2,60.5,0.3,0.0,0.0,8,0.0,0.0,100.0,esa-worldcover-2021
keregulladahalli-kunte,10169,21.5,2.1,0.9,17.8,57.3,0.4,0.0,0.0,16,0.0,0.0,100.0,esa-worldcover-2021
kerekattiganuru-kere,23671,10.8,3.5,2.2,79.3,4.0,0.1,0.0,0.0,1967,0.2,0.0,0.0,esa-worldcover-2021
keremare-katte,10774,3.5,42.7,15.9,35.2,0.4,2.4,0.0,0.0,42,0.0,0.0,0.0,esa-worldcover-2021
kethamaranahalli-kere-1,12182,18.0,0.2,0.3,0.3,80.6,0.2,0.3,0.0,155,0.0,0.0,57.4,esa-worldcover-2021
kethamaranahalli-kere-2,14495,8.4,0.0,0.0,0.0,91.4,0.2,0.0,0.0,546,0.0,0.0,2.6,esa-worldcover-2021
kethamaranahalli-kere-3,11146,8.7,0.0,0.0,0.0,91.2,0.1,0.0,0.0,80,0.0,0.0,95.0,esa-worldcover-2021
kethamaranahalli-kere-4,12879,10.6,0.0,0.0,0.1,89.3,0.0,0.0,0.0,322,0.0,0.0,89.8,esa-worldcover-2021
kethamaranahalli-kunte1,10166,2.3,0.0,0.0,0.0,97.6,0.1,0.0,0.0,16,0.0,0.0,100.0,esa-worldcover-2021
kethamaranahalli-kunte2,10002,13.6,0.1,0.3,0.3,85.1,0.7,0.0,0.0,9,0.0,0.0,100.0,esa-worldcover-2021
kethamaranahalli-kunte3,10508,6.4,0.0,0.0,0.0,93.2,0.3,0.0,0.0,33,0.0,0.0,21.2,esa-worldcover-2021
kethohalli-kunte,11118,9.8,5.4,28.5,45.3,10.1,1.0,0.0,0.0,80,0.0,0.0,0.0,esa-worldcover-2021
ketohalli-kere,12380,7.6,11.8,24.0,40.2,12.2,4.1,0.0,0.0,204,18.1,0.0,0.0,esa-worldcover-2021
ketohalli-kere-n,12178,17.5,10.3,12.4,40.5,19.1,0.2,0.0,0.0,118,0.0,0.0,0.8,esa-worldcover-2021
ketohalli-kere-s,12692,4.0,11.5,25.3,53.5,2.1,3.5,0.1,0.0,205,1.5,0.0,0.0,esa-worldcover-2021
khajisonnenahalli-kunte1,11010,3.7,6.7,3.3,67.5,18.7,0.1,0.0,0.0,70,0.0,0.0,20.0,esa-worldcover-2021
khajisonnenahalli-kunte10,10706,7.0,12.6,4.1,63.5,11.7,1.1,0.0,0.0,44,0.0,0.0,0.0,esa-worldcover-2021
khajisonnenahalli-kunte2,10868,7.3,10.3,2.6,79.7,0.0,0.0,0.0,0.0,58,0.0,0.0,0.0,esa-worldcover-2021
khajisonnenahalli-kunte3,10506,12.3,6.5,3.3,62.1,15.4,0.1,0.4,0.0,33,0.0,0.0,0.0,esa-worldcover-2021
khajisonnenahalli-kunte4,11676,11.0,4.1,10.0,25.7,44.0,5.2,0.0,0.0,112,13.4,0.0,17.9,esa-worldcover-2021
khajisonnenahalli-kunte4-2,10001,8.7,7.2,3.3,52.5,26.8,1.5,0.0,0.0,9,0.0,0.0,100.0,esa-worldcover-2021
khajisonnenahalli-kunte5,9967,5.3,10.2,2.0,70.8,11.4,0.2,0.0,0.0,8,0.0,0.0,0.0,esa-worldcover-2021
khajisonnenahalli-kunte6,9881,12.7,12.5,3.2,56.2,14.1,1.2,0.0,0.0,4,0.0,0.0,0.0,esa-worldcover-2021
khajisonnenahalli-kunte8,10668,20.8,11.2,6.8,27.2,32.6,1.3,0.0,0.0,31,0.0,0.0,0.0,esa-worldcover-2021
khajisonnenahalli-kunte9,11309,14.2,10.8,8.1,37.3,28.2,1.4,0.0,0.0,96,0.0,0.0,58.3,esa-worldcover-2021
kilaranahalli-lake,15328,15.5,7.1,0.3,76.3,0.8,0.0,0.0,0.0,570,0.0,0.0,0.0,esa-worldcover-2021
kiribirana-hosahalli-kere,15517,2.2,20.9,10.5,57.8,3.3,5.1,0.1,0.0,410,0.7,0.0,0.0,esa-worldcover-2021
kithaganuru-katte,10778,8.5,6.8,6.2,22.9,53.5,2.2,0.0,0.0,51,0.0,0.0,100.0,esa-worldcover-2021
kithaganuru-kunte-1,10660,8.4,3.0,5.4,12.9,68.3,1.9,0.2,0.0,42,0.0,0.0,57.1,esa-worldcover-2021
kithaganuru-kunte-2,10003,13.3,3.8,3.2,13.7,64.1,1.6,0.3,0.0,9,0.0,0.0,100.0,esa-worldcover-2021
kithaganuru-kunte-3,10604,13.3,3.6,3.6,7.9,68.9,2.4,0.3,0.0,32,0.0,0.0,84.4,esa-worldcover-2021
kithaganuru-kunte-4,9768,12.2,3.7,3.9,7.5,69.6,2.7,0.3,0.0,3,0.0,0.0,100.0,esa-worldcover-2021
kithaganuru-kunte-5,10468,7.7,8.8,4.1,22.3,54.3,2.8,0.0,0.0,30,0.0,0.0,13.3,esa-worldcover-2021
kithaganuru-kunte-6,10043,12.3,10.1,6.7,23.3,42.6,4.9,0.0,0.0,10,0.0,0.0,10.0,esa-worldcover-2021
kittanahalli-kere,15448,9.7,11.7,6.7,51.0,20.5,0.2,0.2,0.0,672,81.1,0.0,0.4,esa-worldcover-2021
kittanahallipalya-kere,12403,13.4,30.2,7.2,47.3,1.6,0.2,0.0,0.0,183,9.3,0.0,0.0,esa-worldcover-2021
kittanahallipalya-lo-kere,11442,4.2,12.1,27.1,52.4,1.3,3.0,0.0,0.0,80,0.0,0.0,0.0,esa-worldcover-2021
kitthaganuru-kere,16525,7.9,5.3,3.1,14.8,66.8,2.1,0.0,0.0,825,3.6,0.0,3.2,esa-worldcover-2021
kittiganahalli-lake,18218,39.2,4.4,6.7,11.0,37.5,1.3,0.0,0.0,971,28.4,0.0,0.8,esa-worldcover-2021
kodagi-singasandra-kere,14902,18.1,3.2,2.1,4.7,70.2,0.5,1.3,0.0,350,57.7,0.0,0.3,esa-worldcover-2021
kodagikere,18319,9.4,14.9,8.6,42.3,23.9,0.9,0.0,0.0,1267,0.0,0.0,0.2,esa-worldcover-2021
kodagithirumalapura-kunte,9697,19.2,10.6,0.9,65.5,3.8,0.0,0.0,0.0,3,0.0,0.0,0.0,esa-worldcover-2021
kodagithirumalpura-kere,11975,31.3,7.2,0.8,52.1,8.6,0.0,0.0,0.0,172,0.0,0.0,0.0,esa-worldcover-2021
kodathi-kunte-17,10429,9.0,4.1,7.4,13.5,60.0,5.9,0.1,0.0,28,0.0,0.0,85.7,esa-worldcover-2021
kodathi-kunte1,10159,19.3,3.4,3.7,17.9,54.4,1.3,0.0,0.0,14,0.0,0.0,0.0,esa-worldcover-2021
kodathi-kunte10,9953,18.2,17.3,14.0,29.0,14.2,5.7,1.7,0.0,8,0.0,0.0,0.0,esa-worldcover-2021
kodathi-kunte11,10617,17.1,16.6,12.9,31.1,18.6,3.7,0.0,0.0,40,0.0,0.0,0.0,esa-worldcover-2021
kodathi-kunte12,11548,7.9,11.0,7.6,31.6,39.9,2.0,0.0,0.0,125,0.0,0.0,20.0,esa-worldcover-2021
kodathi-kunte13,10067,6.1,6.0,8.5,20.6,52.1,6.8,0.0,0.0,11,0.0,0.0,72.7,esa-worldcover-2021
kodathi-kunte14,11678,7.0,5.3,8.4,16.2,57.7,5.4,0.0,0.0,139,0.0,0.0,84.9,esa-worldcover-2021
kodathi-kunte15,10221,6.2,4.1,7.8,13.4,62.9,5.5,0.0,0.0,19,0.0,0.0,0.0,esa-worldcover-2021
kodathi-kunte16,10366,5.8,3.7,7.8,13.2,66.5,3.1,0.0,0.0,25,0.0,0.0,16.0,esa-worldcover-2021
kodathi-kunte2,10105,13.8,12.8,2.6,27.1,43.5,0.2,0.0,0.0,13,0.0,0.0,100.0,esa-worldcover-2021
kodathi-kunte3,9951,10.7,12.0,4.7,44.3,27.3,1.0,0.0,0.0,8,0.0,0.0,62.5,esa-worldcover-2021
kodathi-kunte4,9873,3.6,20.2,7.8,56.6,9.0,2.8,0.0,0.0,6,0.0,0.0,0.0,esa-worldcover-2021
kodathi-kunte5,9870,5.8,21.5,4.8,54.5,10.9,2.5,0.0,0.0,6,0.0,0.0,0.0,esa-worldcover-2021
kodathi-kunte6,10024,4.9,19.6,11.7,51.9,9.7,2.2,0.0,0.0,11,0.0,0.0,0.0,esa-worldcover-2021
kodathi-kunte7,11208,26.3,29.2,4.0,25.4,11.0,4.1,0.0,0.0,89,0.0,0.0,0.0,esa-worldcover-2021
kodathi-kunte8,9860,27.3,27.1,4.2,30.2,5.4,5.9,0.0,0.0,6,0.0,0.0,0.0,esa-worldcover-2021
kodathi-kunte9,10066,28.8,22.5,5.8,26.6,11.7,4.6,0.0,0.0,14,0.0,0.0,0.0,esa-worldcover-2021
kodatti-kere,17765,35.8,9.1,2.6,30.3,21.7,0.5,0.0,0.0,1008,38.2,0.0,0.0,esa-worldcover-2021
kodaturu-kere,35718,11.5,9.9,2.3,72.7,3.5,0.1,0.0,0.0,9260,0.3,0.0,0.0,esa-worldcover-2021
kodgibommanahalli-kere,16622,7.2,3.7,3.4,84.5,0.8,0.1,0.4,0.0,638,75.7,0.0,0.3,esa-worldcover-2021
kodigehalli-kere,14725,11.5,12.3,9.2,24.7,41.8,0.6,0.0,0.0,349,0.0,1.4,0.0,esa-worldcover-2021
kodigehalli-kere-2,16658,9.7,4.1,2.1,78.8,5.2,0.1,0.0,0.0,895,5.3,0.0,2.6,esa-worldcover-2021
kodigehalli-kere-2-2,17799,5.0,9.1,11.0,68.2,1.8,4.1,0.9,0.0,405,0.5,0.0,0.0,esa-worldcover-2021
kodigehalli-kunte,10526,0.9,9.7,24.4,34.9,27.6,2.6,0.0,0.0,34,0.0,0.0,0.0,esa-worldcover-2021
kodigehalli-kunte-4,10353,30.3,2.6,0.2,4.3,62.3,0.1,0.1,0.0,25,0.0,0.0,16.0,esa-worldcover-2021
kodigehalli-kunte1,10557,48.0,2.4,4.3,2.7,40.2,2.4,0.0,0.0,35,0.0,0.0,0.0,esa-worldcover-2021
kodigehalli-kunte1-2,9767,1.8,13.3,5.2,42.1,35.9,1.7,0.0,0.0,3,0.0,0.0,0.0,esa-worldcover-2021
kodigehalli-kunte2,10287,3.7,1.3,0.9,3.3,90.0,0.8,0.0,0.0,20,0.0,0.0,100.0,esa-worldcover-2021
kodigehalli-kunte2-2,10225,2.2,13.5,5.7,39.3,37.0,2.3,0.0,0.0,19,0.0,0.0,0.0,esa-worldcover-2021
kodigehalli-kunte3,10659,6.2,0.1,0.3,0.8,92.6,0.1,0.0,0.0,35,0.0,0.0,20.0,esa-worldcover-2021
kodigehalli-kunte3-2,10153,7.3,7.7,6.2,23.7,44.2,6.9,3.9,0.0,16,0.0,0.0,68.8,esa-worldcover-2021
kodigehalli-kunte4,10171,5.3,9.4,2.9,15.6,65.3,1.4,0.1,0.0,17,0.0,0.0,64.7,esa-worldcover-2021
kodigehalli-lake,21921,15.8,11.4,5.9,19.2,43.5,4.1,0.0,0.0,1967,82.1,0.0,0.1,esa-worldcover-2021
kodigehalli-lake-2,10948,4.0,17.4,5.6,65.2,2.6,5.1,0.0,0.0,52,0.0,0.0,3.8,esa-worldcover-2021
kodigehalli-plantation-kunte-1,10768,32.3,11.9,3.9,46.5,4.9,0.4,0.0,0.0,50,0.0,0.0,0.0,esa-worldcover-2021
kodigehalli-plantation-kunte-2,10883,25.0,9.4,5.0,54.8,5.3,0.5,0.0,0.0,61,0.0,0.0,57.4,esa-worldcover-2021
kodihalli-kere,26858,17.0,3.6,0.6,76.5,2.2,0.0,0.0,0.0,5155,3.5,0.0,0.0,esa-worldcover-2021
kodihalli-kere-2,25245,12.8,28.0,1.3,51.1,6.7,0.0,0.0,0.0,4505,0.0,0.0,0.0,esa-worldcover-2021
kodihalli-kere-3,16232,16.9,0.4,0.7,0.5,81.5,0.0,0.0,0.0,1237,0.0,0.0,79.7,esa-worldcover-2021
kodihalli-kunte1,10324,33.3,0.5,1.2,1.5,63.5,0.0,0.0,0.0,24,0.0,0.0,29.2,esa-worldcover-2021
kodihalli-kunte2,10466,23.7,0.0,0.4,2.1,73.4,0.4,0.0,0.0,31,0.0,0.0,54.8,esa-worldcover-2021
kodipalya-kere,26953,11.9,13.3,3.0,62.3,9.2,0.3,0.1,0.0,3403,9.1,0.0,0.1,esa-worldcover-2021
kodipura-lake,14664,7.5,4.1,23.8,59.3,5.1,0.1,0.0,0.0,351,0.0,0.0,0.0,esa-worldcover-2021
kodlu-kunte-1,10831,4.6,0.8,1.2,2.9,89.9,0.7,0.0,0.0,56,0.0,0.0,71.4,esa-worldcover-2021
kodlu-kunte-2,9824,5.4,0.8,1.6,8.6,82.5,0.5,0.6,0.0,6,0.0,0.0,100.0,esa-worldcover-2021
kogilu-kere,23555,14.8,6.6,6.4,27.3,37.7,6.7,0.5,0.0,3162,6.0,1.8,1.1,esa-worldcover-2021
kogilu-kunte,10065,11.8,7.0,2.4,24.0,53.9,0.9,0.0,0.0,14,0.0,0.0,0.0,esa-worldcover-2021
kolapurapalya-kere,17606,13.9,9.5,1.7,70.3,4.4,0.1,0.0,0.0,1206,1.7,0.0,0.0,esa-worldcover-2021
kolatur-kere,27947,9.8,28.1,6.5,50.0,4.8,0.8,0.0,0.0,4677,2.8,0.0,0.0,esa-worldcover-2021
kolipura-kere,12408,8.6,6.8,9.2,61.6,5.4,7.7,0.7,0.0,181,0.0,0.0,0.0,esa-worldcover-2021
kollipaya-2r,11172,5.6,9.2,0.4,84.7,0.0,0.0,0.0,0.0,59,0.0,0.0,0.0,esa-worldcover-2021
kolur-kere,14460,15.6,13.3,12.8,47.0,9.1,2.1,0.0,0.0,402,0.0,0.0,0.0,esa-worldcover-2021
kolur-kere-2,31663,6.2,12.3,0.6,76.9,3.9,0.1,0.0,0.0,5700,0.6,0.0,0.3,esa-worldcover-2021
koluru-gururayanapura-kunte2,9924,34.4,16.2,14.3,21.2,12.7,1.2,0.0,0.0,8,0.0,0.0,87.5,esa-worldcover-2021
koluru-gururayanapura-kunte3,10254,41.2,23.3,10.5,17.3,6.8,0.7,0.2,0.0,19,0.0,0.0,0.0,esa-worldcover-2021
koluru-kunte-1,10271,43.8,9.7,7.7,30.5,5.8,2.5,0.0,0.0,21,0.0,0.0,0.0,esa-worldcover-2021
koluru-kunte-2,10132,42.7,10.8,7.2,34.9,3.6,0.8,0.0,0.0,16,0.0,0.0,0.0,esa-worldcover-2021
koluru-kunte-3,10079,10.1,22.1,20.6,41.5,5.5,0.2,0.0,0.0,12,0.0,0.0,0.0,esa-worldcover-2021
koluru-kunte-4,10132,38.6,10.2,4.6,44.2,2.3,0.0,0.0,0.0,16,0.0,0.0,0.0,esa-worldcover-2021
koluru-nanjunadapura-kunte,10741,24.7,20.5,10.7,38.1,5.7,0.4,0.0,0.0,48,0.0,0.0,0.0,esa-worldcover-2021
koluvarayanahalli-lake,20209,20.2,9.4,1.1,60.5,8.8,0.0,0.0,0.0,1368,1.2,0.0,1.0,esa-worldcover-2021
komaranappali-south-lake,10696,11.4,8.7,39.6,32.8,7.5,0.0,0.0,0.0,36,0.0,0.0,0.0,esa-worldcover-2021
kommaghatta-gokatte,11563,23.4,24.0,10.2,36.1,5.2,1.2,0.0,0.0,97,0.0,0.0,0.0,esa-worldcover-2021
kommaghatta-govt-lake,19772,17.7,25.8,9.2,21.6,25.4,0.4,0.0,0.0,1601,50.0,0.0,1.1,esa-worldcover-2021
kommaghatta-katte,10841,9.6,14.4,23.7,29.5,21.2,1.6,0.0,0.0,58,0.0,0.0,0.0,esa-worldcover-2021
kommaghatta-krishnasagara-kunte1,11336,7.4,6.2,34.1,29.9,12.8,9.6,0.0,0.0,64,0.0,0.0,0.0,esa-worldcover-2021
kommaghatta-kunte,10600,26.2,20.6,6.4,40.3,6.2,0.3,0.0,0.0,38,0.0,0.0,23.7,esa-worldcover-2021
kommasandra-kere-1,14530,12.3,15.4,12.8,54.9,4.5,0.1,0.0,0.0,703,0.0,0.0,0.4,esa-worldcover-2021
kommasandra-kunte-1,10293,11.2,15.0,7.3,56.4,9.9,0.1,0.0,0.0,22,0.0,0.0,0.0,esa-worldcover-2021
kommasandra-kunte-2,11714,5.9,11.8,16.6,61.4,3.7,0.5,0.0,0.0,142,0.0,0.0,2.1,esa-worldcover-2021
kommasandra-kunte-3,10518,11.3,16.5,11.0,52.2,8.7,0.3,0.0,0.0,34,0.0,0.0,0.0,esa-worldcover-2021
kommasandra-kunte-4,11472,9.5,8.2,15.5,45.3,20.5,1.0,0.0,0.0,120,0.0,0.0,47.5,esa-worldcover-2021
kommasandra-kunte-5,10349,7.3,9.5,15.5,50.0,16.4,1.2,0.0,0.0,22,0.0,0.0,90.9,esa-worldcover-2021
kommasandra-kunte-6,10970,5.9,12.9,12.2,54.3,13.7,1.0,0.0,0.0,67,0.0,0.0,7.5,esa-worldcover-2021
kommasandra-kunte-7,9922,6.1,17.9,10.5,59.8,5.5,0.2,0.0,0.0,8,0.0,0.0,0.0,esa-worldcover-2021
kommasandra-kunte-8,10056,6.8,31.3,11.0,48.2,2.6,0.1,0.0,0.0,14,0.0,0.0,0.0,esa-worldcover-2021
konadasapura-kunte-5,10003,12.0,9.3,3.5,27.2,44.4,1.3,2.1,0.0,9,0.0,0.0,33.3,esa-worldcover-2021
konadasapura-kunte-6,10398,17.3,13.2,3.6,20.7,43.3,1.3,0.6,0.0,28,0.0,0.0,46.4,esa-worldcover-2021
konadasapura-kunte1,10346,6.0,10.9,7.9,47.1,26.9,1.3,0.0,0.0,26,0.0,0.0,0.0,esa-worldcover-2021
konadasapura-kunte2,10567,4.5,8.0,8.1,51.1,27.1,1.2,0.0,0.0,38,0.0,0.0,0.0,esa-worldcover-2021
konadasapura-kunte3,9698,8.2,8.5,4.5,28.4,47.0,2.7,0.6,0.0,2,0.0,0.0,100.0,esa-worldcover-2021
konadasapura-kunte4,9827,6.7,5.1,3.6,42.7,39.0,2.2,0.6,0.0,6,0.0,0.0,0.0,esa-worldcover-2021
konadaspur-lake,14070,9.3,7.4,3.1,36.3,41.7,1.7,0.4,0.0,305,20.3,0.0,2.0,esa-worldcover-2021
konaghatta-kere,37876,15.3,3.7,2.1,69.9,8.5,0.5,0.0,0.0,8731,9.4,0.0,0.2,esa-worldcover-2021
konana-kere,23205,20.3,8.5,0.8,64.0,6.1,0.3,0.1,0.0,1690,0.5,0.0,0.0,esa-worldcover-2021
konanakunte-kere,13519,14.8,0.1,0.1,0.6,84.1,0.3,0.0,0.0,317,0.0,0.0,0.3,esa-worldcover-2021
konanakunte-kunte,10276,19.2,0.2,0.9,1.9,77.3,0.4,0.1,0.0,20,0.0,0.0,100.0,esa-worldcover-2021
konappana-agrahara-kunte-1,10141,13.2,1.6,3.5,6.1,75.0,0.5,0.0,0.0,13,0.0,0.0,92.3,esa-worldcover-2021
konappana-agrahara-kunte-2,9914,13.2,1.9,2.9,6.4,75.3,0.3,0.0,0.0,6,0.0,0.0,100.0,esa-worldcover-2021
konappana-agrahara-kunte-3,9762,13.1,0.9,2.3,2.9,79.4,1.4,0.0,0.0,3,0.0,0.0,66.7,esa-worldcover-2021
konappana-agrahara-kunte-4,10035,12.7,0.4,1.9,1.4,80.9,0.9,1.8,0.0,10,0.0,0.0,100.0,esa-worldcover-2021
konappana-agrahara-kunte-5,10241,20.3,1.3,1.7,1.2,72.9,0.9,1.8,0.0,21,0.0,0.0,100.0,esa-worldcover-2021
konappana-agrahara-kunte-6,10955,32.3,6.0,2.4,11.7,46.3,1.3,0.0,0.0,66,0.0,0.0,53.0,esa-worldcover-2021
konappana-agrahara-kunte-7,10103,32.7,2.5,2.0,0.8,61.8,0.2,0.0,0.0,13,0.0,0.0,38.5,esa-worldcover-2021
konappana-agrahara-kunte-8,10944,35.6,4.3,1.5,0.8,57.6,0.2,0.1,0.0,65,0.0,0.0,89.2,esa-worldcover-2021
konappana-agrahara-kunte-9,9747,12.0,0.1,1.1,1.8,84.7,0.2,0.2,0.0,4,0.0,0.0,100.0,esa-worldcover-2021
konappana-agrahara-lake,15367,12.8,5.2,4.9,14.3,62.4,0.3,0.0,0.0,684,0.0,0.0,0.9,esa-worldcover-2021
konasandra-lake,17586,7.2,1.1,20.5,42.2,25.0,1.6,2.4,0.0,924,3.6,0.0,0.5,esa-worldcover-2021
konasandra-lake-2,13542,12.5,4.7,24.4,49.5,8.2,0.6,0.0,0.0,173,0.0,0.0,0.0,esa-worldcover-2021
konashetty-kere,14418,7.6,34.2,12.0,17.4,28.7,0.2,0.0,0.0,490,0.0,0.0,0.0,esa-worldcover-2021
kondashettihalli-kunte,10180,22.9,5.2,1.3,62.0,8.6,0.0,0.0,0.0,17,0.0,0.0,35.3,esa-worldcover-2021
kondrahalli-lake,21497,3.1,7.3,3.8,78.1,4.6,3.0,0.0,0.0,1637,3.8,0.0,0.0,esa-worldcover-2021
konena-agrahara-kere,13096,18.1,0.1,0.1,1.0,80.6,0.1,0.0,0.0,276,0.0,0.0,19.9,esa-worldcover-2021
konenaagrahara-kunte1,10905,54.3,0.5,0.2,0.6,44.4,0.1,0.0,0.0,58,0.0,0.0,20.7,esa-worldcover-2021
konenaagrahara-kunte2,10042,6.6,2.7,5.2,10.2,72.2,3.2,0.0,0.0,10,0.0,0.0,100.0,esa-worldcover-2021
koppa-lake,11524,15.4,0.9,10.2,16.9,52.6,2.9,1.1,0.0,49,0.0,0.0,2.0,esa-worldcover-2021
koralahalli-kere,17857,3.1,25.8,5.2,63.0,0.9,2.0,0.0,0.0,1234,0.0,0.0,0.0,esa-worldcover-2021
koramangala-kere,11705,9.6,0.0,0.0,0.1,90.1,0.2,0.0,0.0,119,0.0,0.0,5.0,esa-worldcover-2021
koramangala-kere-2,12554,34.4,4.3,0.3,4.5,56.4,0.1,0.0,0.0,211,0.0,0.0,0.0,esa-worldcover-2021
koramangala-kunte,9915,38.9,1.7,0.4,5.2,52.4,1.4,0.0,0.0,8,0.0,0.0,100.0,esa-worldcover-2021
koratagere-kere,13709,18.2,26.0,1.9,53.6,0.3,0.1,0.0,0.0,256,34.4,0.0,0.4,esa-worldcover-2021
kotanahalli-kere,11745,7.5,15.8,11.3,63.7,1.6,0.0,0.0,0.0,95,16.8,0.0,0.0,esa-worldcover-2021
kothanaru-kere,16373,10.3,0.4,1.9,5.7,80.3,1.2,0.2,0.0,565,83.5,0.0,0.4,esa-worldcover-2021
kothanaru-kunte,9861,13.8,1.1,2.5,8.0,71.8,1.3,1.5,0.0,6,0.0,0.0,83.3,esa-worldcover-2021
kothihosahalli-kunte1,10419,10.0,0.1,0.3,0.1,88.7,0.9,0.0,0.0,28,0.0,0.0,39.3,esa-worldcover-2021
kothnur-kunte1,12127,25.3,6.2,3.0,19.1,44.0,2.4,0.0,0.0,198,0.0,0.0,0.0,esa-worldcover-2021
kothnur-kunte2,10144,24.0,3.2,2.3,17.3,51.4,1.8,0.0,0.0,13,0.0,0.0,0.0,esa-worldcover-2021
kotiganahalli-kere,14014,4.1,10.1,18.1,53.2,12.4,2.1,0.0,0.0,334,0.0,0.0,0.0,esa-worldcover-2021
kowdenahalli-kere,17208,47.6,2.6,2.6,4.4,42.1,0.7,0.0,0.0,746,64.7,0.0,0.0,esa-worldcover-2021
kowdenahalli-kunte1,10010,1.4,0.5,0.3,0.8,96.2,0.7,0.0,0.0,10,0.0,0.0,100.0,esa-worldcover-2021
kowdenahalli-kunte2,9828,6.9,1.0,1.0,2.8,87.9,0.3,0.0,0.0,6,0.0,0.0,100.0,esa-worldcover-2021
krishnanadoddi-lake,11779,5.5,3.8,24.4,46.6,18.3,1.2,0.2,0.0,121,10.7,0.0,0.0,esa-worldcover-2021
krishnapura-kere-ne,11298,0.9,9.8,40.2,46.5,2.5,0.1,0.0,0.0,81,0.0,0.0,0.0,esa-worldcover-2021
krishnapura-kere-nw,12263,12.1,8.9,21.2,54.0,3.6,0.1,0.0,0.0,160,0.0,0.0,0.0,esa-worldcover-2021
krishnaraja-puram-kere,15639,34.2,2.8,0.5,1.5,60.4,0.6,0.0,0.0,590,0.0,0.0,2.5,esa-worldcover-2021
krishnaraja-puram-kere-2-newly-created,13249,62.4,3.2,3.1,0.7,29.8,0.8,0.0,0.0,394,0.0,0.0,61.7,esa-worldcover-2021
krishnaraja-puram-kunte,10302,66.4,4.9,3.8,1.5,22.2,1.2,0.0,0.0,22,0.0,0.0,0.0,esa-worldcover-2021
krishnarajapura-karabu-katte,11812,34.5,32.3,6.2,22.0,4.8,0.2,0.0,0.0,152,0.0,0.0,0.0,esa-worldcover-2021
krishnarajapura-kunte,10034,38.7,32.1,5.5,19.9,3.6,0.3,0.0,0.0,11,0.0,0.0,0.0,esa-worldcover-2021
krishnarajapuram-kere,22091,13.3,1.3,1.7,6.3,75.5,1.8,0.0,0.0,1899,0.0,0.0,0.0,esa-worldcover-2021
krishnasagara-kunte-newly-created,11311,14.7,8.3,1.1,70.7,4.6,0.6,0.0,0.0,100,1.0,0.0,23.0,esa-worldcover-2021
krishnasagara-lake,13569,9.2,4.4,15.6,35.2,33.6,2.0,0.0,0.0,307,0.0,0.0,6.5,esa-worldcover-2021
krishnasagara-lake-2,14728,8.2,8.3,11.1,18.4,52.5,1.5,0.0,0.0,392,0.0,0.0,12.8,esa-worldcover-2021
krishnasagara-lake-3,10881,21.8,31.1,2.0,21.1,7.2,0.2,16.4,0.0,43,0.0,0.0,0.0,esa-worldcover-2021
kudlu-chikere,14594,8.3,0.5,1.7,5.4,83.5,0.6,0.0,0.0,363,17.1,0.0,0.3,esa-worldcover-2021
kuduregere-kunte,10161,12.6,16.6,3.8,46.7,20.2,0.1,0.0,0.0,16,0.0,0.0,12.5,esa-worldcover-2021
kukkalahalli-kere,16703,9.2,3.3,1.8,84.9,0.7,0.0,0.1,0.0,990,0.0,0.0,0.0,esa-worldcover-2021
kukkalahalli-kere-1,11891,9.6,7.0,0.6,82.5,0.2,0.0,0.0,0.0,133,9.0,0.0,0.0,esa-worldcover-2021
kukkalahalli-lake,11997,40.8,13.1,0.3,45.1,0.7,0.0,0.0,0.0,138,0.0,0.0,0.0,esa-worldcover-2021
kukkalahalli-lake-2,15669,6.4,8.9,9.7,74.4,0.5,0.1,0.0,0.0,549,0.0,0.0,0.0,esa-worldcover-2021
kukkanahalli-kere,19645,7.5,4.7,0.2,83.8,3.7,0.0,0.0,0.0,1380,0.1,0.0,0.3,esa-worldcover-2021
kukkonallipalya-lake,11759,10.8,13.6,0.0,73.8,1.8,0.0,0.0,0.0,107,36.4,0.0,1.9,esa-worldcover-2021
kulaghatta,16005,20.0,6.3,1.8,69.1,2.9,0.0,0.0,0.0,721,0.0,0.0,0.0,esa-worldcover-2021
kulavanahalli-kere,15112,14.4,1.2,1.1,70.2,12.6,0.4,0.0,0.0,457,17.9,0.0,0.0,esa-worldcover-2021
kumbalagodu-gollahalli-kunte1,10296,12.2,11.1,5.8,62.0,8.8,0.0,0.0,0.0,24,0.0,0.0,0.0,esa-worldcover-2021
kumbalagodu-gollahalli-kunte2,10149,34.5,15.7,2.2,40.1,7.4,0.2,0.0,0.0,13,0.0,0.0,0.0,esa-worldcover-2021
kumbalagodu-gollahalli-kunte3,10559,51.1,14.9,6.7,24.8,2.4,0.1,0.0,0.0,36,0.0,0.0,0.0,esa-worldcover-2021
kumbalagodu-kere,15738,18.2,24.8,4.9,46.7,5.2,0.2,0.0,0.0,676,0.0,0.0,0.0,esa-worldcover-2021
kumbalagodu-kere-2,11893,25.7,14.8,15.0,18.2,19.0,6.9,0.3,0.0,168,0.0,0.0,22.0,esa-worldcover-2021
kumbalagodu-kunte1,10730,23.0,13.2,9.6,10.4,43.0,0.9,0.0,0.0,46,0.0,0.0,95.7,esa-worldcover-2021
kumbalagodu-kunte2,10132,19.8,7.7,5.4,18.6,47.5,1.0,0.0,0.0,16,0.0,0.0,0.0,esa-worldcover-2021
kumbalagodu-kunte3,11275,7.6,12.9,7.5,21.1,49.4,1.4,0.0,0.0,96,0.0,0.0,55.2,esa-worldcover-2021
kumbalagodu-kunte4,9867,1.7,2.9,15.8,54.1,21.8,3.7,0.0,0.0,6,0.0,0.0,0.0,esa-worldcover-2021
kumbalagodu-kunte5,10563,6.5,6.5,9.0,38.4,37.9,1.1,0.6,0.0,39,0.0,0.0,10.3,esa-worldcover-2021
kumbalagodu-kunte6,10924,12.9,9.1,9.4,49.6,17.8,1.2,0.0,0.0,54,25.9,0.0,0.0,esa-worldcover-2021
kumbalagodu-kunte7,10639,26.8,17.5,13.4,21.9,12.5,7.8,0.1,0.0,42,0.0,0.0,0.0,esa-worldcover-2021
kumbalagodu-kunte8,10743,20.2,14.9,13.6,25.7,18.4,7.3,0.0,0.0,48,0.0,0.0,6.2,esa-worldcover-2021
kumbarahalli-kere,18548,25.5,7.2,2.0,51.6,13.2,0.4,0.0,0.0,1061,0.3,0.0,0.2,esa-worldcover-2021
kumbarahalli-kere-2,11762,23.0,7.0,3.0,35.1,30.0,1.9,0.0,0.0,148,0.0,0.0,19.6,esa-worldcover-2021
kumbarakere,12615,37.6,19.2,14.6,12.3,15.9,0.4,0.0,0.0,157,0.0,0.0,0.0,esa-worldcover-2021
kumbenaagrahara-kunte,11017,21.8,17.9,4.8,16.9,36.6,1.9,0.0,0.0,72,0.0,0.0,0.0,esa-worldcover-2021
kun-madiwala-lake,17912,14.7,16.3,18.6,35.3,13.5,1.2,0.4,0.0,912,6.7,0.0,0.0,esa-worldcover-2021
kundalahalli-kere,17840,11.7,3.3,0.7,2.2,81.4,0.7,0.1,0.0,860,82.7,0.0,1.3,esa-worldcover-2021
kundarahalli-kunte1,10571,17.8,4.2,3.0,7.3,64.6,3.1,0.0,0.0,36,0.0,0.0,63.9,esa-worldcover-2021
kuppareddy-kere,15819,46.6,24.8,5.5,4.3,16.9,0.1,1.9,0.0,325,94.8,0.0,0.9,esa-worldcover-2021
kuppemala-kere,23941,25.3,8.3,0.3,62.5,3.4,0.1,0.1,0.0,2064,3.8,0.0,0.0,esa-worldcover-2021
kurubalahalli-kere,27385,6.9,4.0,2.9,82.9,2.9,0.4,0.0,0.0,3572,2.6,0.0,0.0,esa-worldcover-2021
kurubarahalli-kere,14280,10.8,3.7,1.4,68.4,15.5,0.0,0.1,0.0,424,0.0,0.0,4.7,esa-worldcover-2021
kurubarahalli-lake,13572,9.5,20.8,14.3,44.7,4.7,5.8,0.2,0.0,316,76.9,0.0,0.0,esa-worldcover-2021
kurubarahalli-lake-1,11492,8.8,17.9,6.5,45.8,20.8,0.2,0.0,0.0,73,0.0,0.0,4.1,esa-worldcover-2021
kurubarapalya-kere,15526,10.5,5.3,10.9,63.6,6.3,3.5,0.0,0.0,564,14.5,0.0,0.0,esa-worldcover-2021
kurubarhalli-lake,16008,1.5,12.5,14.7,62.2,7.6,1.5,0.0,0.0,829,0.4,0.0,0.0,esa-worldcover-2021
kuruvegere-kere,19691,12.8,4.4,1.5,74.3,5.8,1.2,0.0,0.0,1779,0.0,0.0,0.0,esa-worldcover-2021
kuvempu-nagara-lake,15431,11.5,3.4,21.3,53.7,8.6,0.9,0.6,0.0,567,11.8,0.0,0.0,esa-worldcover-2021
kuvempunagar-lake,11129,42.1,20.1,0.9,2.8,33.7,0.5,0.0,0.0,51,0.0,0.0,3.9,esa-worldcover-2021
kyalasanahalli-govt-lake,17583,13.3,8.5,13.4,29.2,33.9,1.3,0.4,0.0,1075,72.7,0.0,0.0,esa-worldcover-2021
kyalasanahalli-lake,11357,30.3,6.7,1.5,13.1,47.7,0.6,0.0,0.0,86,0.0,0.0,39.5,esa-worldcover-2021
lagamenahalli-lake,14512,9.5,7.6,12.9,57.3,10.9,0.9,0.8,0.0,431,86.3,0.0,0.0,esa-worldcover-2021
laggere-kunte1,10865,2.1,0.9,0.2,0.1,96.0,0.7,0.0,0.0,58,0.0,0.0,69.0,esa-worldcover-2021
laggere-kunte2,11064,2.7,0.0,0.1,0.0,97.1,0.2,0.0,0.0,76,0.0,0.0,96.1,esa-worldcover-2021
laggere-kunte3,10766,4.7,0.0,0.0,0.0,95.2,0.0,0.0,0.0,49,0.0,0.0,89.8,esa-worldcover-2021
laggere-kunte4,10678,4.7,0.0,0.0,0.0,95.2,0.0,0.0,0.0,44,0.0,0.0,100.0,esa-worldcover-2021
laggere-kunte5,10306,8.9,0.1,0.0,0.0,91.0,0.0,0.0,0.0,22,0.0,0.0,27.3,esa-worldcover-2021
laggeri-govt-katte,12855,18.4,9.1,1.9,2.9,66.3,1.3,0.1,0.0,317,0.0,0.0,40.1,esa-worldcover-2021
laggeri-katte,11862,5.1,0.0,0.0,0.0,94.9,0.0,0.0,0.0,123,0.0,0.0,43.1,esa-worldcover-2021
laggeri-lake,13219,2.3,0.4,0.2,6.2,90.7,0.2,0.0,0.0,291,0.0,0.0,35.4,esa-worldcover-2021
lakkanapalya-lake,13843,14.8,14.6,10.4,56.2,3.5,0.6,0.0,0.0,337,43.3,0.0,0.0,esa-worldcover-2021
lakkanapalya-lake-2,13478,30.6,9.0,12.2,41.3,5.7,1.2,0.0,0.0,247,0.4,0.0,0.0,esa-worldcover-2021
lakkayanapalya-kere,19139,17.0,11.1,12.5,47.5,10.7,1.3,0.0,0.0,1168,0.0,0.0,0.1,esa-worldcover-2021
lakkayanapalya-kere-2,11217,33.0,18.4,20.3,12.6,13.5,2.2,0.0,0.0,73,20.5,0.0,0.0,esa-worldcover-2021
lakkayanapalya-kere-3,11128,32.4,17.5,12.5,23.8,12.7,1.2,0.0,0.0,68,0.0,0.0,0.0,esa-worldcover-2021
lakkenahalli-kere,14835,25.9,32.1,3.7,29.3,8.7,0.3,0.0,0.0,447,0.0,0.0,0.0,esa-worldcover-2021
lakkenahalli-kere-2,15833,9.3,2.2,3.2,77.2,5.1,2.9,0.0,0.0,620,8.7,0.0,0.0,esa-worldcover-2021
lakkenahalli-kere-3,13432,19.4,16.8,1.4,58.1,4.3,0.0,0.0,0.0,352,25.6,0.0,0.0,esa-worldcover-2021
lakkenahalli-kunte-1,10394,3.0,10.5,12.1,54.9,18.7,0.8,0.0,0.0,22,0.0,0.0,18.2,esa-worldcover-2021
lakkuru-lake,18191,36.3,3.1,4.1,29.4,26.3,0.7,0.0,0.0,1435,1.3,0.0,0.0,esa-worldcover-2021
lakshmipura-kere,12767,23.6,5.5,4.2,32.3,33.1,1.3,0.0,0.0,200,0.0,0.0,0.0,esa-worldcover-2021
lakshmipura-kere-2,19473,13.8,23.2,8.6,43.8,10.3,0.2,0.0,0.0,921,59.4,0.0,0.0,esa-worldcover-2021
lakshmipura-kunte,11247,20.4,2.5,3.3,17.8,55.7,0.4,0.0,0.0,93,0.0,0.0,20.4,esa-worldcover-2021
lakshmipura-kunte1,10771,32.6,4.8,19.0,13.4,27.3,0.8,2.0,0.0,51,0.0,0.0,0.0,esa-worldcover-2021
lakshmipura-kunte2,9994,24.6,11.3,17.3,25.0,20.3,0.2,1.4,0.0,10,0.0,0.0,30.0,esa-worldcover-2021
lakshmipura-lake,15438,34.3,8.8,16.0,18.7,21.9,0.3,0.0,0.0,526,25.9,0.0,0.2,esa-worldcover-2021
lakshmipura-lake-2,14730,14.5,11.0,5.1,15.3,51.5,2.1,0.4,0.0,397,42.6,0.0,15.1,esa-worldcover-2021
lakshmisagar-a-kunte1,10081,3.8,13.1,3.1,73.9,4.1,1.8,0.3,0.0,11,0.0,0.0,0.0,esa-worldcover-2021
lakshmisagar-a-kunte2,10400,5.0,3.5,5.8,79.7,4.7,1.1,0.4,0.0,28,0.0,0.0,0.0,esa-worldcover-2021
lakshmisagara-kere,13770,17.0,4.3,2.9,71.1,2.6,1.7,0.4,0.0,171,26.3,0.0,0.0,esa-worldcover-2021
lalagondanahalli-kere,13927,16.8,21.2,5.5,52.1,3.8,0.6,0.0,0.0,288,3.5,0.0,0.0,esa-worldcover-2021
lalbagh-kere,20717,39.5,1.7,1.2,1.3,55.5,0.5,0.2,0.0,1666,78.7,0.0,0.0,esa-worldcover-2021
lingadeeranahalli-kunte,10247,15.4,3.7,6.3,22.2,51.8,0.6,0.0,0.0,21,0.0,0.0,61.9,esa-worldcover-2021
lingadheeranahalli-karabu-katte,12106,7.6,0.7,2.6,6.2,82.7,0.1,0.0,0.0,133,0.0,0.0,1.5,esa-worldcover-2021
lingadhiragollonahalli-kere,13461,6.9,4.6,6.2,73.2,6.4,2.8,0.0,0.0,335,0.0,0.0,0.0,esa-worldcover-2021
linganahalli-kere,15705,10.9,9.5,2.1,73.4,4.0,0.1,0.0,0.0,590,5.9,0.0,0.0,esa-worldcover-2021
linganahalli-kunte-1,10599,22.3,7.8,0.9,59.4,9.7,0.0,0.0,0.0,36,0.0,0.0,27.8,esa-worldcover-2021
linganahalli-kunte-2,9698,14.2,11.1,2.6,69.4,2.2,0.1,0.4,0.0,3,0.0,0.0,0.0,esa-worldcover-2021
lingapura-lake,14829,0.9,6.4,6.7,84.6,0.3,1.0,0.0,0.0,569,0.0,0.0,0.0,esa-worldcover-2021
lingapura-lake-2,12845,31.4,25.8,4.8,36.2,1.8,0.0,0.0,0.0,241,0.0,0.0,0.0,esa-worldcover-2021
lingapura-lake-3,14274,28.8,28.3,2.3,36.6,4.0,0.0,0.0,0.0,396,0.0,0.0,0.0,esa-worldcover-2021
lingaraja-sagara-kunte-1,11072,4.3,9.6,5.3,71.7,9.1,0.1,0.0,0.0,74,0.0,0.0,6.8,esa-worldcover-2021
lingaraja-sagara-kunte2,10082,15.7,16.1,2.1,51.3,14.6,0.3,0.0,0.0,12,0.0,0.0,16.7,esa-worldcover-2021
lingarajapura-lake,11953,22.1,35.3,4.5,31.2,6.2,0.8,0.0,0.0,127,0.0,0.0,0.0,esa-worldcover-2021
lingarajapura-lake-1,14712,3.4,0.0,0.0,0.0,96.4,0.1,0.0,0.0,753,0.0,0.0,98.7,esa-worldcover-2021
lingarajapura-lake-2,11547,13.9,0.1,0.2,0.2,85.3,0.3,0.1,0.0,120,0.0,0.0,96.7,esa-worldcover-2021
lingdir-malasandra-lake,18449,2.7,26.7,1.7,57.7,10.2,0.5,0.5,0.0,1520,28.4,0.0,0.0,esa-worldcover-2021
lower-medhalli-kere,15778,3.2,7.6,28.3,47.6,12.6,0.7,0.0,0.0,603,0.0,0.0,0.2,esa-worldcover-2021
machanahalli-kere,18045,9.0,8.7,3.2,75.1,2.8,1.2,0.0,0.0,994,0.0,0.0,0.0,esa-worldcover-2021
machohalli-chikkere,17288,19.5,16.7,5.2,46.1,12.0,0.2,0.2,0.0,1033,87.5,0.0,0.0,esa-worldcover-2021
madagondanahalli-kere,27037,12.2,10.0,0.9,73.5,3.4,0.0,0.0,0.0,4034,0.0,0.0,0.0,esa-worldcover-2021
madapatna-lake,15151,7.7,12.6,5.5,41.4,21.4,10.5,1.0,0.0,426,4.5,0.0,0.0,esa-worldcover-2021
madappanahalli-kunte-1,10945,10.5,18.4,3.9,52.5,14.5,0.1,0.0,0.0,52,0.0,0.0,0.0,esa-worldcover-2021
madappanahalli-kunte-2,9835,15.7,6.0,4.3,63.0,10.9,0.0,0.0,0.0,6,0.0,0.0,0.0,esa-worldcover-2021
madappanahalli-kunte-3,9705,3.8,4.2,5.9,81.5,4.4,0.2,0.0,0.0,2,0.0,0.0,0.0,esa-worldcover-2021
madappanahalli-kunte-4,9967,13.0,15.1,5.1,61.7,4.9,0.1,0.0,0.0,8,0.0,0.0,0.0,esa-worldcover-2021
madappanahalli-kunte-5,9968,15.3,18.0,5.2,58.9,2.6,0.0,0.0,0.0,8,0.0,0.0,0.0,esa-worldcover-2021
madappanahalli-lake,12488,15.3,14.5,4.6,56.8,8.7,0.1,0.0,0.0,190,0.0,0.0,0.0,esa-worldcover-2021
madappanahalli-lake-2,13271,15.4,27.9,3.5,46.3,6.4,0.6,0.0,0.0,288,0.0,0.0,0.0,esa-worldcover-2021
madappanahalli-lake-2-2,14984,10.1,17.1,4.6,52.7,15.4,0.1,0.0,0.0,470,0.0,0.0,0.0,esa-worldcover-2021
madavara-kere,22654,27.8,3.6,4.4,20.5,43.2,0.6,0.0,0.0,2274,46.3,0.0,0.0,esa-worldcover-2021
madenahalli-lake,13084,8.6,3.0,2.6,81.9,3.5,0.4,0.0,0.0,249,12.4,0.0,0.4,esa-worldcover-2021
madhagar-kunte,10178,30.6,25.1,7.5,28.7,7.2,0.9,0.0,0.0,16,0.0,0.0,12.5,esa-worldcover-2021
madhure-kere,57976,14.8,14.3,1.5,65.6,3.7,0.1,0.0,0.0,29592,0.4,0.0,0.1,esa-worldcover-2021
madivala-lake,13844,10.8,8.2,14.1,52.3,14.3,0.2,0.0,0.0,364,0.0,0.0,0.0,esa-worldcover-2021
madivalam-lake,15411,15.2,14.0,7.7,52.7,10.4,0.1,0.0,0.0,457,12.5,0.0,0.0,esa-worldcover-2021
madiwala-lake,38497,10.7,0.2,0.5,1.4,86.6,0.4,0.0,0.0,10760,70.3,0.5,0.2,esa-worldcover-2021
mahadeva-kodigehalli-lake,34937,9.9,9.5,5.8,66.4,4.3,3.6,0.5,0.0,6675,0.5,0.0,0.0,esa-worldcover-2021
mahadevanakodag-lake,34238,8.3,3.2,4.7,71.5,8.3,4.0,0.0,0.0,6267,9.7,0.0,0.0,esa-worldcover-2021
mahadevapura-kere,16449,10.9,1.5,1.6,3.8,79.2,2.2,0.8,0.0,874,82.3,0.0,1.1,esa-worldcover-2021
mahalchouadenahalli-kere-n,20060,1.9,14.4,15.6,63.7,4.3,0.1,0.0,0.0,1878,0.0,0.0,0.3,esa-worldcover-2021
mahalchoudadenahalli-kere-e,15630,4.6,16.8,5.4,59.7,13.5,0.1,0.0,0.0,684,0.0,0.0,3.1,esa-worldcover-2021
mahanthalingapura-lake,12933,13.0,3.4,22.2,44.1,15.8,1.2,0.4,0.0,252,46.4,0.0,0.0,esa-worldcover-2021
mahimanapalya-lake,17130,14.8,24.9,4.9,40.3,14.7,0.4,0.0,0.0,1025,0.0,0.0,0.2,esa-worldcover-2021
mahimpura-kere,12014,9.5,2.1,1.4,80.3,5.9,0.1,0.7,0.0,120,0.0,0.0,0.0,esa-worldcover-2021
mailapura-kere,17416,26.0,13.7,7.3,48.9,3.9,0.1,0.1,0.0,784,64.8,0.0,0.0,esa-worldcover-2021
mailasandra-kere,18241,21.9,1.8,1.4,3.8,69.8,0.5,0.8,0.0,995,0.0,0.0,0.7,esa-worldcover-2021
maitanahalli-kere,15464,17.2,5.9,1.6,67.5,6.9,0.3,0.7,0.0,453,0.0,0.0,0.0,esa-worldcover-2021
majarevaradahalli-kunte,10495,51.5,44.5,3.4,0.0,0.0,0.2,0.3,0.0,32,0.0,0.0,0.0,esa-worldcover-2021
makali-kere,12035,17.3,6.2,5.4,15.8,52.3,3.0,0.0,0.0,184,0.0,0.0,5.4,esa-worldcover-2021
makanahalli-kere,23147,4.7,24.7,1.9,60.9,7.7,0.1,0.0,0.0,3885,0.0,0.0,0.2,esa-worldcover-2021
makanahalli-kere-s,18102,4.7,19.5,2.4,68.4,5.0,0.0,0.0,0.0,1384,0.0,0.0,0.0,esa-worldcover-2021
malagondanahalli-kere,12911,17.5,15.2,7.7,47.3,12.3,0.1,0.0,0.0,208,0.0,0.0,0.0,esa-worldcover-2021
malgalu-kunte,11134,8.2,0.4,0.3,0.2,90.6,0.3,0.0,0.0,80,0.0,0.0,100.0,esa-worldcover-2021
malgalu-lake,11549,3.6,4.0,0.0,0.7,91.5,0.1,0.0,0.0,34,0.0,0.0,5.9,esa-worldcover-2021
maligenahalli-kere,14930,6.4,4.3,9.7,67.4,11.0,1.0,0.1,0.0,554,70.8,0.0,0.0,esa-worldcover-2021
maligondanahalli-kunte1,10420,11.2,19.6,9.6,52.1,7.3,0.2,0.0,0.0,28,0.0,0.0,0.0,esa-worldcover-2021
maligondanahalli-kunte2,9828,15.6,24.1,5.1,45.0,10.3,0.0,0.0,0.0,6,0.0,0.0,33.3,esa-worldcover-2021
mallammana-katte,11170,36.0,36.8,3.6,19.5,4.0,0.1,0.0,0.0,76,39.5,0.0,0.0,esa-worldcover-2021
mallanayakanahalli-lake,23893,12.3,20.4,1.5,63.5,2.3,0.0,0.0,0.0,2065,0.0,0.0,0.0,esa-worldcover-2021
mallarabanavadi-kere,15924,12.0,10.2,2.2,58.8,14.6,2.2,0.0,0.0,815,59.4,0.0,0.0,esa-worldcover-2021
mallarabanavadi-kere-2,18859,25.1,17.8,1.5,52.3,3.2,0.0,0.1,0.0,1033,16.7,0.0,0.2,esa-worldcover-2021
mallasandra-gudde-lake,13734,27.0,5.4,5.5,8.0,51.8,2.2,0.0,0.0,195,0.0,0.0,0.5,esa-worldcover-2021
mallasandra-kunte1,9870,3.8,1.7,5.8,5.9,80.2,2.6,0.0,0.0,6,0.0,0.0,100.0,esa-worldcover-2021
mallasandra-kunte1-2,10556,29.0,26.8,9.0,11.6,23.2,0.4,0.1,0.0,36,0.0,0.0,0.0,esa-worldcover-2021
mallasandra-kunte2,10259,16.9,4.3,6.9,9.6,59.5,2.9,0.0,0.0,18,0.0,0.0,94.4,esa-worldcover-2021
mallasandra-kunte2-2,10464,11.9,34.6,7.8,10.6,33.9,1.1,0.0,0.0,30,0.0,0.0,70.0,esa-worldcover-2021
mallasandra-kunte3,9965,14.1,4.0,7.2,9.6,62.7,2.5,0.0,0.0,8,0.0,0.0,87.5,esa-worldcover-2021
mallasandra-kunte4,10262,22.1,4.2,6.0,11.3,54.2,2.2,0.0,0.0,19,0.0,0.0,0.0,esa-worldcover-2021
mallasandra-lake,17792,15.2,9.1,3.3,49.6,22.5,0.1,0.0,0.0,777,0.0,0.0,0.1,esa-worldcover-2021
mallasandra-lake-2,12332,42.4,4.6,3.4,6.4,41.7,1.4,0.0,0.0,169,0.0,0.0,0.0,esa-worldcover-2021
mallathahalli-kunte1,10355,7.2,0.7,0.6,0.6,91.0,0.0,0.0,0.0,22,0.0,0.0,100.0,esa-worldcover-2021
mallathahalli-kunte2,9956,10.2,0.4,0.3,1.8,87.1,0.2,0.0,0.0,8,0.0,0.0,100.0,esa-worldcover-2021
mallathahalli-kunte3,11211,11.9,0.6,0.2,1.3,85.9,0.1,0.0,0.0,89,0.0,0.0,100.0,esa-worldcover-2021
mallathahalli-kunte4,9969,19.5,16.2,0.5,3.7,60.0,0.1,0.0,0.0,8,0.0,0.0,100.0,esa-worldcover-2021
mallathahalli-kunte5,10657,41.0,22.5,0.2,1.1,35.1,0.0,0.0,0.0,42,0.0,0.0,0.0,esa-worldcover-2021
mallathahalli-kunte6,10226,57.7,21.6,0.1,0.3,20.2,0.0,0.0,0.0,19,0.0,0.0,0.0,esa-worldcover-2021
mallathahalli-lake,22219,8.9,3.6,1.6,5.2,80.0,0.7,0.0,0.0,2549,0.8,13.7,0.5,esa-worldcover-2021
mallenahalli-lake,15616,9.0,30.1,8.4,38.9,11.2,1.9,0.5,0.0,809,0.7,0.0,0.0,esa-worldcover-2021
mallikere,16816,12.8,11.3,2.9,65.7,7.0,0.3,0.0,0.0,588,6.3,0.0,0.0,esa-worldcover-2021
mallipalya-lake,13807,17.2,35.3,2.3,40.6,4.5,0.0,0.0,0.0,281,29.5,0.0,0.0,esa-worldcover-2021
mallohalli-kere,22823,13.5,20.3,0.9,65.0,0.4,0.0,0.0,0.0,3665,0.0,0.0,0.0,esa-worldcover-2021
mallonalli-lake,11892,7.9,12.3,2.5,75.0,2.3,0.0,0.0,0.0,139,0.0,0.0,0.0,esa-worldcover-2021
malluru-kunte,10732,8.2,16.3,6.5,37.3,30.9,0.9,0.0,0.0,33,0.0,0.0,15.2,esa-worldcover-2021
managondanahalli-kere,16374,0.8,0.4,1.5,96.7,0.2,0.3,0.1,0.0,722,35.9,0.0,0.0,esa-worldcover-2021
manchanha-left,15553,22.2,8.8,17.6,39.9,11.0,0.3,0.2,0.0,713,0.0,0.0,0.1,esa-worldcover-2021
manchenahalli-kere,13757,6.6,14.2,6.5,71.8,0.8,0.0,0.2,0.0,284,68.7,0.0,0.0,esa-worldcover-2021
mande-katte-newly-created,10324,7.2,9.5,5.9,66.3,8.7,2.4,0.0,0.0,17,0.0,0.0,0.0,esa-worldcover-2021
manganahalli-lake,32506,14.7,28.7,9.4,31.4,12.1,1.0,2.6,0.0,4723,95.1,0.0,0.3,esa-worldcover-2021
manne-kere,39123,5.5,4.0,1.4,82.3,6.3,0.4,0.0,0.0,7462,0.6,0.0,0.7,esa-worldcover-2021
mantakurchi-kere,14211,24.5,19.1,14.8,32.2,8.1,0.5,0.7,0.0,419,85.9,0.0,0.0,esa-worldcover-2021
mantakurchi-low-kere,16386,38.3,19.4,1.1,36.5,4.6,0.1,0.0,0.0,599,0.0,0.0,0.0,esa-worldcover-2021
mantapa-kunte,10608,6.6,15.9,26.2,48.2,2.3,0.2,0.6,0.0,36,0.0,0.0,0.0,esa-worldcover-2021
maragondanahalli-govt-lake,12848,14.1,21.6,2.1,52.0,9.9,0.2,0.0,0.0,189,16.4,0.0,0.0,esa-worldcover-2021
maragondanahalli-kere,13086,14.0,5.4,5.9,18.9,54.4,1.4,0.0,0.0,259,37.8,0.0,0.4,esa-worldcover-2021
maragondanahalli-krishnasagara-lake,12595,17.0,36.5,2.6,25.3,7.8,0.3,10.4,0.0,272,0.0,0.0,0.0,esa-worldcover-2021
maragondanahalli-kunte,9859,9.8,4.2,11.1,39.2,34.7,1.1,0.0,0.0,6,0.0,0.0,100.0,esa-worldcover-2021
maragondanahalli-lak,13986,23.8,42.0,6.2,22.3,0.7,5.1,0.0,0.0,265,0.4,0.0,0.0,esa-worldcover-2021
maragondanahalli-quarry,11079,1.6,8.3,7.7,78.4,3.4,0.4,0.2,0.0,65,0.0,0.0,0.0,esa-worldcover-2021
maralajunte-lake,18587,7.7,6.7,11.9,58.1,10.1,5.4,0.1,0.0,1071,17.1,0.0,0.2,esa-worldcover-2021
marappanahalli-lake,10739,7.2,11.0,13.4,63.1,4.2,1.1,0.0,0.0,38,0.0,0.0,0.0,esa-worldcover-2021
marasandhalli-lake-1,12475,4.1,23.8,6.8,56.6,6.4,2.3,0.0,0.0,205,0.0,0.0,0.0,esa-worldcover-2021
marasandhalli-lake-2,14391,3.8,12.5,3.7,75.2,4.6,0.2,0.0,0.0,415,0.0,0.0,0.5,esa-worldcover-2021
marasandra-lake,20463,6.7,1.7,2.5,69.0,19.7,0.3,0.0,0.0,1609,2.2,0.0,1.2,esa-worldcover-2021
marasur-lake,14743,15.2,13.5,13.7,42.1,15.2,0.1,0.0,0.0,509,0.0,0.0,0.0,esa-worldcover-2021
marenahalli-chokkanahalli-kunte-new,10188,8.5,2.8,6.4,69.2,12.6,0.4,0.0,0.0,12,0.0,0.0,16.7,esa-worldcover-2021
marenahalli-kere,16221,6.9,5.8,5.5,66.8,7.7,5.5,1.8,0.0,755,6.4,0.0,0.0,esa-worldcover-2021
marenahalli-kere-2,15667,13.1,0.0,0.0,0.0,86.4,0.5,0.0,0.0,1044,0.0,0.0,96.9,esa-worldcover-2021
marenahalli-kunte-1,10399,1.1,12.7,5.3,78.7,1.5,0.7,0.0,0.0,28,0.0,0.0,0.0,esa-worldcover-2021
marenahalli-kunte-2,10112,0.9,11.4,3.6,83.0,0.4,0.9,0.0,0.0,13,0.0,0.0,0.0,esa-worldcover-2021
marenahalli-kunte-3,10030,8.8,13.2,8.3,49.4,8.4,8.5,3.4,0.0,11,0.0,0.0,63.6,esa-worldcover-2021
margondanahalli-kere,13496,19.1,3.9,0.2,73.9,2.8,0.0,0.0,0.0,136,5.9,0.0,3.7,esa-worldcover-2021
marimakanaha-lake,14956,15.0,11.0,0.1,72.0,2.0,0.0,0.0,0.0,590,0.0,0.0,0.0,esa-worldcover-2021
marohalli-kere,23124,12.4,2.8,2.7,56.8,24.0,1.2,0.0,0.0,1514,0.0,0.0,0.3,esa-worldcover-2021
mastenahalli-lake,16344,10.8,1.5,10.3,15.9,60.1,1.0,0.4,0.0,725,90.8,0.0,1.1,esa-worldcover-2021
matadakere,15495,13.2,4.4,20.7,33.9,23.7,3.9,0.1,0.0,379,35.6,0.0,0.0,esa-worldcover-2021
mathkuru-kere,25174,16.4,7.8,1.2,67.7,6.8,0.0,0.1,0.0,2974,0.8,0.0,0.0,esa-worldcover-2021
mavalipura-kere-1,21918,22.1,8.4,1.4,60.1,7.9,0.1,0.0,0.0,2034,3.5,0.0,0.0,esa-worldcover-2021
mavalipura-kere-2,15969,10.3,3.7,2.8,74.0,8.7,0.4,0.1,0.0,465,13.1,0.0,0.4,esa-worldcover-2021
mavalipura-kere-2-newly-created,11308,12.7,24.1,3.8,55.9,2.8,0.6,0.0,0.0,100,0.0,0.0,0.0,esa-worldcover-2021
mavalipura-kere-4,14031,20.5,8.6,1.3,61.7,7.5,0.1,0.2,0.0,237,0.8,0.0,0.0,esa-worldcover-2021
mavallipura-kere-se,11332,12.8,25.4,4.3,54.2,2.7,0.5,0.1,0.0,77,0.0,0.0,0.0,esa-worldcover-2021
mavallipura-kunte-2,10050,8.5,29.1,4.4,56.4,1.3,0.3,0.1,0.0,10,0.0,0.0,0.0,esa-worldcover-2021
mavallipura-kunte-3,9859,17.9,5.2,1.3,66.2,8.2,0.0,1.1,0.0,6,0.0,0.0,0.0,esa-worldcover-2021
mavinakunte-lake-2,16140,3.2,8.7,3.4,83.7,1.0,0.0,0.0,0.0,962,0.0,0.0,0.0,esa-worldcover-2021
mayasandra,15433,15.0,3.4,23.7,36.1,21.7,0.2,0.0,0.0,463,0.0,0.0,1.3,esa-worldcover-2021
mayasandra-east-lake,14702,12.1,1.2,23.1,46.9,16.5,0.2,0.0,0.0,231,0.0,0.0,0.0,esa-worldcover-2021
mayasandra-kere,12768,2.6,23.4,3.5,63.2,3.2,3.9,0.1,0.0,174,0.0,0.0,0.0,esa-worldcover-2021
medhalli-kere,17850,3.9,16.4,11.0,58.1,10.1,0.5,0.0,0.0,1119,0.0,0.0,0.0,esa-worldcover-2021
medhalli-lake,16350,3.4,28.6,2.9,56.1,4.5,3.8,0.8,0.0,670,0.0,0.0,0.0,esa-worldcover-2021
medi-agrahara-kere,12021,22.1,11.3,4.9,35.4,25.5,0.3,0.5,0.0,99,0.0,0.0,0.0,esa-worldcover-2021
medi-agrahara-s,14704,21.3,9.1,7.4,31.8,28.3,2.1,0.0,0.0,374,0.8,0.0,0.3,esa-worldcover-2021
medihalli-kere,11838,4.2,2.9,5.7,8.8,76.2,2.2,0.0,0.0,158,0.0,0.0,7.6,esa-worldcover-2021
medihalli-kunte1,10182,13.8,6.0,3.5,9.0,64.6,2.5,0.0,0.6,16,0.0,0.0,100.0,esa-worldcover-2021
medihalli-kunte2,9878,4.5,1.9,5.7,11.5,74.6,1.9,0.0,0.0,7,0.0,0.0,0.0,esa-worldcover-2021
medihalli-kunte3,9919,2.8,2.2,6.0,12.5,74.7,1.8,0.0,0.0,7,0.0,0.0,0.0,esa-worldcover-2021
medihalli-kunte4,10234,3.8,3.0,6.8,13.8,70.8,1.8,0.0,0.0,18,0.0,0.0,66.7,esa-worldcover-2021
medihalli-lake,14680,8.0,5.8,22.0,60.3,3.2,0.7,0.0,0.0,276,0.0,0.0,0.0,esa-worldcover-2021
medimalasandra-kere,17420,2.5,19.4,7.0,62.7,6.6,1.9,0.0,0.0,1021,8.6,0.0,0.0,esa-worldcover-2021
medimalsandra-lake,22624,7.8,27.8,5.5,52.9,3.0,0.8,2.2,0.0,2283,0.5,0.0,0.0,esa-worldcover-2021
medimalsandra-lake-2,25130,9.6,27.1,5.8,45.0,10.9,1.6,0.1,0.0,2406,20.5,0.0,1.2,esa-worldcover-2021
melangavimath-lake,15473,25.7,5.5,1.3,59.3,5.7,0.1,2.5,0.0,586,80.7,0.0,0.0,esa-worldcover-2021
melinakere,14283,40.0,21.8,0.3,1.2,35.2,0.2,1.3,0.0,447,1.8,0.0,0.9,esa-worldcover-2021
melinakere-2,13654,16.9,2.3,3.7,14.8,61.5,0.6,0.3,0.0,268,3.0,0.0,0.7,esa-worldcover-2021
melinatota-kere,32106,10.0,6.5,3.2,69.1,9.9,1.2,0.1,0.0,8599,8.7,0.0,0.1,esa-worldcover-2021
menasi-lake,14651,8.4,11.9,0.5,74.5,4.6,0.0,0.1,0.0,315,23.2,0.0,1.0,esa-worldcover-2021
menasiganahalli-lake,13395,20.4,11.2,25.4,35.7,7.2,0.1,0.0,0.0,183,0.0,0.0,0.0,esa-worldcover-2021
mestripalya-lake,13741,23.3,0.1,0.1,0.5,75.5,0.4,0.0,0.0,299,16.1,0.0,3.7,esa-worldcover-2021
mettubande-lake,12489,58.8,34.4,6.3,0.0,0.2,0.1,0.2,0.0,147,82.3,0.0,0.0,esa-worldcover-2021
minnapura-kere,19099,15.1,12.5,1.1,67.2,2.5,1.4,0.3,0.0,1201,1.0,0.0,0.4,esa-worldcover-2021
mishiganahalli-kere,16391,4.5,13.5,2.8,73.7,0.9,4.6,0.1,0.0,1112,0.2,0.0,0.0,esa-worldcover-2021
moge-kere,14726,7.7,1.9,0.8,0.9,88.1,0.4,0.1,0.0,470,66.0,0.0,6.2,esa-worldcover-2021
moogana-katte,10348,21.8,20.8,10.1,27.3,0.3,3.0,16.6,0.0,25,0.0,0.0,0.0,esa-worldcover-2021
muddenahalli-lake,37165,16.1,9.1,4.7,39.7,29.4,1.0,0.0,0.0,11056,2.4,0.0,0.1,esa-worldcover-2021
muddenahallipalya-lake,16298,21.6,5.9,3.0,61.8,7.3,0.3,0.0,0.0,389,0.8,0.0,0.0,esa-worldcover-2021
muddinapalya-lake,14163,13.4,35.9,21.9,22.3,6.2,0.2,0.0,0.0,353,9.1,0.0,0.0,esa-worldcover-2021
mudukappana-katte-newly-created,10566,36.8,52.1,5.3,3.9,0.8,0.4,0.7,0.0,38,0.0,0.0,0.0,esa-worldcover-2021
mugalur-kere-nw,22582,6.6,26.4,7.5,51.5,7.4,0.6,0.0,0.0,1954,0.1,0.0,0.0,esa-worldcover-2021
muganahalli-kere,18442,39.3,6.6,1.2,49.6,2.5,0.0,0.8,0.0,894,0.0,0.0,0.0,esa-worldcover-2021
mugbal-kere,41179,12.2,14.2,2.6,56.4,14.0,0.5,0.1,0.0,12280,2.3,0.0,0.0,esa-worldcover-2021
mullur-lake,15652,9.8,9.9,5.6,62.2,11.7,0.8,0.0,0.0,568,0.0,0.0,4.0,esa-worldcover-2021
mulluru-kere,17615,35.1,16.7,5.1,20.4,22.3,0.4,0.0,0.0,647,15.8,0.0,0.0,esa-worldcover-2021
mummenahalli-lake,10687,4.4,21.9,21.0,52.6,0.0,0.1,0.0,0.0,29,0.0,0.0,0.0,esa-worldcover-2021
munekolalu-kunte1,10134,7.6,2.1,2.2,3.6,83.1,1.4,0.0,0.0,14,0.0,0.0,100.0,esa-worldcover-2021
munekolalu-kunte2,10524,2.4,0.2,0.4,0.6,96.2,0.1,0.0,0.0,34,0.0,0.0,100.0,esa-worldcover-2021
munekolalu-kunte3,10504,1.7,0.1,1.0,3.2,93.2,0.8,0.0,0.0,33,0.0,0.0,100.0,esa-worldcover-2021
munekolalu-kunte4,10985,4.6,0.4,0.5,1.2,92.8,0.4,0.0,0.0,66,0.0,0.0,80.3,esa-worldcover-2021
munganahalli-up-kere,13243,16.5,4.7,1.5,76.7,0.7,0.0,0.0,0.0,261,0.0,0.0,0.0,esa-worldcover-2021
muppatu-kavalu-hosa-kere,25532,12.2,14.3,3.3,10.8,58.6,0.7,0.0,0.0,1395,0.0,0.0,0.1,esa-worldcover-2021
muppatu-kavalu-sakari,23670,19.5,42.3,6.8,26.2,2.9,0.9,1.3,0.0,1973,92.5,0.0,0.3,esa-worldcover-2021
mutagadahalli-lake,12781,11.6,17.1,1.2,67.9,2.2,0.1,0.1,0.0,182,17.0,0.0,0.0,esa-worldcover-2021
muthakarahalli-kunte-2,10988,5.6,4.1,2.2,84.3,3.3,0.5,0.0,0.0,54,0.0,0.0,0.0,esa-worldcover-2021
muthakarahalli-kunte-3,10169,3.5,8.4,2.0,83.8,2.2,0.0,0.0,0.0,16,0.0,0.0,0.0,esa-worldcover-2021
muthukadhahalli-muthakarahalli-kunte-1,10319,5.1,0.9,2.4,87.9,3.1,0.6,0.0,0.0,20,15.0,0.0,0.0,esa-worldcover-2021
mutsandra-lake,16364,17.1,14.5,4.3,44.8,18.9,0.5,0.0,0.0,894,0.0,0.0,0.1,esa-worldcover-2021
mutsandra-lake-2,16303,2.9,9.1,8.9,72.1,5.9,1.1,0.0,0.0,663,0.6,0.0,0.0,esa-worldcover-2021
muttagatti-north-lake,21770,10.2,7.9,16.0,61.6,4.3,0.0,0.0,0.0,1609,0.1,0.0,0.0,esa-worldcover-2021
muttagatti-south-lake,11624,10.5,8.7,24.8,55.2,0.8,0.0,0.0,0.0,63,17.5,0.0,0.0,esa-worldcover-2021
muttanallur-kere,50372,42.2,17.5,5.4,25.2,9.4,0.4,0.0,0.0,12431,7.1,9.1,0.2,esa-worldcover-2021
muttayyanapalya-lake,12650,6.6,9.4,0.1,83.2,0.7,0.0,0.0,0.0,191,0.0,0.0,0.0,esa-worldcover-2021
mutturayappan-a-katte,10675,11.4,17.0,10.3,51.5,5.0,1.4,3.3,0.0,43,0.0,0.0,0.0,esa-worldcover-2021
mutturu-kere,16246,14.7,6.4,2.9,29.5,46.0,0.5,0.0,0.0,928,6.2,0.0,5.1,esa-worldcover-2021
mylappanahalli-kere-1,12509,12.2,3.9,1.6,79.1,2.6,0.5,0.0,0.0,96,0.0,0.0,0.0,esa-worldcover-2021
mylappanahalli-kere-2,14611,15.8,5.8,4.1,61.9,11.2,1.0,0.0,0.0,492,59.1,0.0,0.0,esa-worldcover-2021
mylasandra-buddagana-katte,11841,18.4,14.0,17.7,12.0,28.2,4.3,5.4,0.0,86,32.6,0.0,0.0,esa-worldcover-2021
mylasandra-dodda-agrahara-kere,17231,16.8,13.6,14.5,26.4,26.2,1.9,0.6,0.0,876,42.5,0.2,0.6,esa-worldcover-2021
mylasandra-hosakere,12431,17.5,14.0,18.9,23.9,21.7,1.6,2.3,0.0,137,11.7,0.0,1.5,esa-worldcover-2021
mylasandra-kunte,10417,34.8,5.5,0.8,10.1,48.6,0.0,0.1,0.0,28,0.0,0.0,17.9,esa-worldcover-2021
mylasandra-kunte-2,9689,14.3,4.9,16.1,13.4,42.1,5.3,3.8,0.0,3,0.0,0.0,0.0,esa-worldcover-2021
mylasandra-urumundinakere,12683,10.5,4.2,14.2,17.1,46.4,5.1,2.5,0.0,185,68.6,0.0,0.0,esa-worldcover-2021
mysorammanadoddi-lake,14789,14.2,19.1,53.6,10.5,1.7,0.1,0.8,0.0,455,73.0,0.0,0.0,esa-worldcover-2021
n-hosahalli-lake,23419,6.4,11.9,1.6,69.6,10.1,0.2,0.0,0.0,3656,0.0,0.0,0.0,esa-worldcover-2021
nadagudi-kere,19736,9.2,23.3,5.9,47.7,12.9,1.1,0.0,0.0,1018,0.3,0.0,0.1,esa-worldcover-2021
naduvinapur-lake,24461,3.6,11.9,4.2,69.9,9.1,1.3,0.0,0.0,2580,0.5,0.0,1.2,esa-worldcover-2021
nadvatti-kere-s,13635,20.9,12.7,2.0,54.9,9.5,0.0,0.0,0.0,307,0.0,0.0,0.0,esa-worldcover-2021
nadvatti-lake,19082,10.2,15.3,2.4,65.5,6.2,0.5,0.0,0.0,1047,15.2,0.0,0.0,esa-worldcover-2021
nagadenahalli-kere,23621,5.2,10.0,2.3,75.3,6.6,0.7,0.0,0.0,2650,0.5,0.0,3.8,esa-worldcover-2021
nagadevanahalli-katte,10599,14.0,0.3,0.3,1.1,84.2,0.1,0.0,0.0,39,0.0,0.0,100.0,esa-worldcover-2021
nagana-kere,14164,11.7,11.5,5.5,34.8,35.9,0.4,0.1,0.0,265,56.2,0.0,8.3,esa-worldcover-2021
naganahalli-lake,11395,14.6,30.6,3.7,47.2,3.6,0.2,0.0,0.0,84,0.0,0.0,1.2,esa-worldcover-2021
naganathapura-kunte1,11251,17.2,4.4,6.9,10.4,58.9,2.2,0.1,0.0,93,0.0,0.0,0.0,esa-worldcover-2021
naganayakanahalli-lake,15429,6.2,3.8,31.8,42.3,15.5,0.3,0.0,0.0,695,8.6,0.0,1.6,esa-worldcover-2021
naganhalli-lake,19751,2.7,3.6,2.3,89.2,1.7,0.3,0.1,0.0,1574,11.3,0.0,0.0,esa-worldcover-2021
nagarabhavi-kunte-1,10003,1.8,0.0,0.3,0.1,97.7,0.1,0.0,0.0,9,0.0,0.0,100.0,esa-worldcover-2021
nagarabhavi-kunte-2,10327,7.6,0.4,0.0,0.6,91.1,0.3,0.0,0.0,24,0.0,0.0,100.0,esa-worldcover-2021
nagarabhavi-kunte-3,10909,17.3,9.4,0.3,2.0,70.7,0.3,0.0,0.0,58,0.0,0.0,100.0,esa-worldcover-2021
nagarabhavi-kunte-4,10143,11.8,2.1,0.7,0.3,84.4,0.6,0.0,0.0,13,0.0,0.0,100.0,esa-worldcover-2021
nagarabhavi-un-named-lake-on-map,12748,11.0,5.5,1.5,2.2,79.3,0.5,0.0,0.0,174,0.0,0.0,0.6,esa-worldcover-2021
nagareshvara-nagenahalli-kere,13441,18.4,6.1,2.2,18.5,53.9,0.9,0.0,0.0,280,0.0,0.0,6.8,esa-worldcover-2021
nagareswaranagenahalli,9831,15.0,1.1,3.3,16.4,62.8,1.3,0.0,0.0,6,0.0,0.0,0.0,esa-worldcover-2021
nagashettyhalli-kunte-1,9694,12.1,0.0,0.0,0.0,87.2,0.6,0.1,0.0,3,0.0,0.0,0.0,esa-worldcover-2021
nagashettyhalli-kunte-2,10224,10.1,0.0,0.1,0.3,89.5,0.1,0.0,0.0,19,0.0,0.0,73.7,esa-worldcover-2021
nagashettyhalli-kunte-3,9775,18.4,0.0,0.0,0.1,81.5,0.1,0.0,0.0,4,0.0,0.0,100.0,esa-worldcover-2021
nagawara-kunte,9769,2.6,0.3,1.2,4.5,91.0,0.3,0.0,0.0,4,0.0,0.0,100.0,esa-worldcover-2021
nagawara-lake,25521,24.5,1.7,1.0,3.5,68.0,1.0,0.3,0.0,3436,59.3,0.0,0.1,esa-worldcover-2021
nagenahalli-kere,14433,10.7,5.6,1.6,77.4,3.6,0.8,0.4,0.0,382,85.3,0.0,0.0,esa-worldcover-2021
nagondanahalli-kunte,10476,12.9,11.9,5.7,31.8,34.3,3.4,0.0,0.0,26,0.0,0.0,0.0,esa-worldcover-2021
nallurahallikere,19173,21.0,4.6,2.9,14.6,56.2,0.4,0.2,0.0,1122,10.8,0.0,0.8,esa-worldcover-2021
nallurahallin-kunte1,10195,25.2,5.6,4.0,11.1,51.5,1.5,1.2,0.0,18,0.0,0.0,0.0,esa-worldcover-2021
nallurahallin-kunte2,9621,10.6,4.9,2.6,12.2,68.6,1.1,0.0,0.0,4,0.0,0.0,100.0,esa-worldcover-2021
nallurhalli-lake,36221,5.2,11.1,1.3,77.0,5.3,0.1,0.0,0.0,9872,0.0,0.0,0.0,esa-worldcover-2021
nandagokulanagar-kere,12778,17.4,8.5,9.2,57.2,7.1,0.4,0.1,0.0,204,46.6,0.0,1.5,esa-worldcover-2021
nandagudi-kere-s,15746,5.5,15.0,5.1,61.7,11.7,0.9,0.0,0.0,580,0.0,0.0,0.3,esa-worldcover-2021
nanjapura-kunte,11058,12.8,10.5,18.2,49.7,5.2,2.5,1.2,0.0,72,0.0,0.0,20.8,esa-worldcover-2021
nanjapura-lake,16260,9.8,11.9,19.2,52.5,4.9,1.1,0.5,0.0,601,70.0,0.0,0.5,esa-worldcover-2021
naraganahalli-lake,16075,5.2,5.2,1.9,83.7,3.2,0.8,0.0,0.0,376,3.2,0.0,0.0,esa-worldcover-2021
narasapana-kere,15031,11.2,21.8,7.7,35.3,23.7,0.1,0.3,0.0,851,28.0,0.0,22.4,esa-worldcover-2021
narasapanakere,16015,17.9,23.1,8.2,35.7,13.2,0.0,1.9,0.0,694,0.0,0.0,19.2,esa-worldcover-2021
narasappanahalli-kere,23891,8.1,7.0,3.4,16.5,64.5,0.4,0.0,0.0,2078,0.0,0.0,1.6,esa-worldcover-2021
narasimhapalya-kere,12549,5.0,15.7,5.6,70.7,1.9,1.1,0.0,0.0,210,0.0,0.0,2.9,esa-worldcover-2021
narasipura-kunte-1,10034,14.9,23.7,1.2,53.9,6.1,0.2,0.0,0.0,11,0.0,0.0,63.6,esa-worldcover-2021
narasipura-kunte-2,10046,27.1,13.9,1.4,56.4,0.6,0.4,0.3,0.0,10,0.0,0.0,0.0,esa-worldcover-2021
narasipura-lake,12244,3.8,7.9,6.3,76.1,5.9,0.1,0.0,0.0,103,0.0,0.0,0.0,esa-worldcover-2021
narasipura-lake-1,14625,13.9,0.0,0.2,0.3,83.6,1.9,0.0,0.0,477,0.0,0.0,0.0,esa-worldcover-2021
narasipura-lake-2,12935,24.3,0.3,1.7,1.0,69.1,3.6,0.0,0.0,229,0.0,0.0,0.0,esa-worldcover-2021
narayanapura-lake,13596,12.1,1.5,9.8,28.9,47.5,0.3,0.0,0.0,359,0.0,0.0,0.0,esa-worldcover-2021
narayankere-lake,16967,2.3,11.6,3.6,73.5,8.7,0.2,0.1,0.0,781,13.2,0.0,0.0,esa-worldcover-2021
nayanahalli-lake,17718,9.7,3.4,24.3,55.5,6.6,0.3,0.0,0.0,757,0.0,0.0,0.0,esa-worldcover-2021
nayandanahalli-kere,16536,14.3,2.8,0.2,1.5,80.8,0.2,0.1,0.0,804,0.0,0.0,37.3,esa-worldcover-2021
neelasandra-kere,15086,24.4,0.1,0.2,1.3,73.3,0.7,0.0,0.0,862,0.0,0.0,88.5,esa-worldcover-2021
nekkundi-dommasandra-kunte-1,10613,4.0,15.6,5.5,64.3,9.5,1.0,0.0,0.0,40,0.0,0.0,25.0,esa-worldcover-2021
nekkundi-dommasandra-kunte-2,9823,5.2,29.2,4.1,50.5,8.6,2.5,0.0,0.0,6,0.0,0.0,0.0,esa-worldcover-2021
nekkundi-dommasandra-sarkari-karabu-kere,15804,5.3,26.7,5.9,51.5,9.1,1.5,0.0,0.0,1093,0.0,0.0,10.4,esa-worldcover-2021
nelagadiranahalli-hosakere,17198,12.5,3.8,1.2,10.8,71.4,0.1,0.1,0.0,729,55.1,0.0,1.0,esa-worldcover-2021
nelagadiranahalli-kunte,9870,10.9,4.3,0.7,13.3,70.6,0.3,0.0,0.0,6,0.0,0.0,100.0,esa-worldcover-2021
nelagadiranahalli-lake,12911,11.9,6.6,2.1,19.3,56.9,0.1,3.2,0.0,207,0.0,0.0,0.0,esa-worldcover-2021
nelaguli-lake,13031,29.1,21.5,5.3,37.0,5.5,0.6,1.0,0.0,283,0.0,0.0,0.0,esa-worldcover-2021
nelamangala-big-kere,25051,20.1,6.9,2.2,31.7,38.4,0.7,0.0,0.0,2533,0.0,0.0,1.1,esa-worldcover-2021
nelamangala-kere,14954,13.0,7.2,1.6,67.8,10.4,0.0,0.0,0.0,514,0.2,0.0,0.0,esa-worldcover-2021
nelavagilu-lake,24723,8.6,8.5,1.6,74.0,7.3,0.1,0.0,0.0,3569,0.0,0.0,0.4,esa-worldcover-2021
nellakunte-kere,16406,11.9,9.6,8.5,55.6,8.4,5.4,0.5,0.0,1302,1.4,0.0,4.0,esa-worldcover-2021
neriga-lake,20164,6.2,27.8,5.5,50.5,9.0,0.9,0.0,0.0,2155,0.4,0.0,5.3,esa-worldcover-2021
nidigatte-kere,27235,3.5,8.5,1.6,81.2,5.1,0.1,0.0,0.0,4316,0.5,0.0,0.0,esa-worldcover-2021
nidvanda-kere,30152,17.4,4.2,5.6,53.3,16.7,2.7,0.0,0.0,4933,1.6,0.0,0.0,esa-worldcover-2021
nijagal-lake,15379,18.2,13.8,7.7,50.3,9.0,0.8,0.2,0.0,547,57.8,0.0,0.0,esa-worldcover-2021
nijagal-lake-2,13632,12.8,27.2,2.8,54.5,2.5,0.1,0.0,0.0,181,0.6,0.0,0.0,esa-worldcover-2021
nijagal-lake1,17053,25.2,37.9,4.4,31.2,0.9,0.1,0.2,0.0,1004,86.5,0.0,0.0,esa-worldcover-2021
nimbekaipura-katte,11565,16.1,11.9,3.2,30.8,32.7,2.3,2.8,0.0,126,0.0,0.0,54.8,esa-worldcover-2021
nimbekaipura-kunte-1,10804,3.9,12.9,7.5,54.2,17.2,3.8,0.6,0.0,54,0.0,0.0,0.0,esa-worldcover-2021
nimbekaipura-kunte-2,9606,14.9,9.1,3.5,19.4,49.7,3.5,0.0,0.0,2,0.0,0.0,100.0,esa-worldcover-2021
nimbekaipura-kunte-3,10567,13.8,18.9,8.3,31.3,24.7,3.0,0.0,0.0,38,0.0,0.0,0.0,esa-worldcover-2021
nimbekayipura-kere,18096,16.4,19.5,3.1,41.2,18.9,0.8,0.1,0.0,605,54.2,0.0,0.0,esa-worldcover-2021
nosenuru-gollahalli-lake,17564,9.5,6.5,35.1,47.5,1.2,0.2,0.0,0.0,802,31.7,0.0,0.0,esa-worldcover-2021
nosenuru-gollahalli-lake-2,12212,10.4,0.9,28.9,55.8,1.4,2.0,0.6,0.0,63,3.2,0.0,0.0,esa-worldcover-2021
nosenuru-gollahalli2-lake,16356,16.2,3.5,22.5,53.1,3.6,1.1,0.0,0.0,675,11.0,0.0,0.0,esa-worldcover-2021
nosenuru-lake,20037,10.2,2.1,22.5,58.8,6.1,0.3,0.0,0.0,1432,0.1,0.0,0.0,esa-worldcover-2021
nullvenkateshpuram-1-lake,16537,11.8,11.2,20.7,48.4,7.2,0.8,0.0,0.0,853,0.0,0.0,0.0,esa-worldcover-2021
nyanappanahalli-kere,12755,15.1,3.2,6.2,8.0,65.3,1.7,0.4,0.0,152,17.1,0.0,0.0,esa-worldcover-2021
nyanappanashetty-palya-kunte1,10677,10.1,0.0,0.3,0.2,88.3,1.1,0.0,0.0,44,0.0,0.0,100.0,esa-worldcover-2021
nyanappanashetty-palya-kunte2,9604,13.7,0.1,0.1,0.2,84.9,1.0,0.0,0.0,2,0.0,0.0,100.0,esa-worldcover-2021
nyanappanashetty-palya-kunte3,9954,13.7,0.1,0.3,1.3,84.6,0.0,0.0,0.0,8,0.0,0.0,100.0,esa-worldcover-2021
nyanappanashetty-palya-kunte4,9812,10.0,0.1,0.2,0.9,88.9,0.0,0.0,0.0,4,0.0,0.0,100.0,esa-worldcover-2021
nynappanashettypalya-kere-n-s-palya,11960,12.4,0.0,0.0,0.0,87.6,0.0,0.0,0.0,178,0.0,0.0,88.2,esa-worldcover-2021
o-b-chudahalli-kunte1,10674,32.9,31.7,5.9,14.2,15.1,0.1,0.0,0.0,44,0.0,0.0,27.3,esa-worldcover-2021
o-b-chudahalli-kunte2,11273,25.4,33.6,14.3,24.6,2.1,0.0,0.0,0.0,95,0.0,0.0,0.0,esa-worldcover-2021
o-b-chudanahalli-lake,28855,41.8,43.0,8.0,3.6,2.9,0.2,0.6,0.0,4731,81.1,0.0,0.0,esa-worldcover-2021
obalapura-kere,15626,17.5,8.2,1.6,64.8,7.8,0.1,0.0,0.0,819,0.0,0.0,0.0,esa-worldcover-2021
obalapura-kere-2,13570,13.4,16.0,1.5,67.3,1.3,0.4,0.1,0.0,162,0.0,0.0,0.0,esa-worldcover-2021
obalapura-kere-3,12650,14.6,22.5,0.9,60.5,1.2,0.3,0.1,0.0,170,0.0,0.0,0.0,esa-worldcover-2021
obanayakanahalli-2r,13541,17.8,11.5,4.1,50.0,16.0,0.6,0.0,0.0,315,12.7,0.0,0.0,esa-worldcover-2021
oblapura-lake,24607,2.1,28.1,2.4,62.7,4.5,0.2,0.0,0.0,3445,0.0,0.0,0.1,esa-worldcover-2021
ontekere,11959,33.4,16.4,23.8,21.0,5.3,0.2,0.0,0.0,118,39.8,0.0,0.0,esa-worldcover-2021
oora-mundina-kere,14940,10.1,6.6,3.5,63.1,16.1,0.7,0.0,0.0,323,0.0,0.0,0.0,esa-worldcover-2021
p-agrahara-kunte2,9967,14.2,3.8,2.8,5.4,67.6,6.1,0.0,0.0,8,0.0,0.0,62.5,esa-worldcover-2021
p-agrahara-kunte3,10000,25.0,7.9,0.8,7.8,55.4,3.1,0.0,0.0,9,0.0,0.0,44.4,esa-worldcover-2021
pachapalya-kere-e,11046,5.7,7.9,28.6,33.7,10.6,9.9,3.7,0.0,65,0.0,0.0,0.0,esa-worldcover-2021
pachcharanahalli-lake,16714,3.5,8.2,1.4,85.9,0.9,0.0,0.0,0.0,581,22.5,0.0,0.0,esa-worldcover-2021
pachepalya-kere,18250,17.5,11.0,18.7,34.7,9.1,6.4,2.7,0.0,489,13.1,0.0,0.0,esa-worldcover-2021
palana-kere,33373,8.2,6.7,3.0,66.5,15.0,0.6,0.0,0.0,7598,6.7,0.0,1.3,esa-worldcover-2021
palanahalli,17223,14.6,6.6,2.6,21.0,54.4,0.7,0.0,0.1,988,12.1,0.0,4.0,esa-worldcover-2021
panattur-govt-kere,15295,15.9,17.1,4.4,15.2,45.4,1.2,0.8,0.0,549,75.6,0.0,2.7,esa-worldcover-2021
panditapur-lake,18490,5.8,3.9,1.5,82.1,6.3,0.3,0.1,0.0,994,0.0,0.0,0.1,esa-worldcover-2021
pantharapalya-kunte,11311,18.6,6.3,4.0,7.9,61.8,1.3,0.1,0.0,102,0.0,0.0,80.4,esa-worldcover-2021
panthuru-kunte1,10008,10.9,29.7,4.6,30.9,20.5,3.4,0.0,0.0,10,0.0,0.0,0.0,esa-worldcover-2021
panthuru-kunte2,10071,11.3,35.1,3.7,35.1,13.6,1.1,0.1,0.0,11,0.0,0.0,0.0,esa-worldcover-2021
panthuru-kunte3,10465,13.7,41.0,2.9,31.8,9.8,0.7,0.1,0.0,31,0.0,0.0,0.0,esa-worldcover-2021
panthuru-kunte4,10367,19.2,40.5,2.0,27.0,10.8,0.6,0.0,0.0,25,0.0,0.0,68.0,esa-worldcover-2021
panthuru-kunte5,10222,35.1,33.3,2.6,17.0,11.6,0.4,0.0,0.0,18,0.0,0.0,0.0,esa-worldcover-2021
panthuru-kunte6,10374,16.4,15.8,4.4,16.7,40.0,1.5,5.2,0.0,26,0.0,0.0,7.7,esa-worldcover-2021
panthuru-kunte7,10707,7.7,1.9,1.4,15.2,71.3,2.5,0.0,0.0,44,0.0,0.0,18.2,esa-worldcover-2021
pappayanna-kunte,11050,13.1,9.5,2.6,65.4,9.2,0.1,0.0,0.0,55,0.0,0.0,0.0,esa-worldcover-2021
parapana-agahara-lake,16408,19.7,8.0,6.1,15.6,48.8,1.4,0.3,0.0,645,28.5,0.0,1.6,esa-worldcover-2021
parappana-agrahara-kunte1,10194,32.9,14.9,5.3,12.3,30.4,1.4,2.4,0.5,18,0.0,0.0,16.7,esa-worldcover-2021
parappana-agrahara-kunte2,10654,9.3,2.7,4.5,8.0,75.0,0.4,0.0,0.0,42,0.0,0.0,100.0,esa-worldcover-2021
parappana-agrahara-kunte3,9817,7.6,3.1,3.7,8.0,74.7,1.1,1.7,0.0,4,0.0,0.0,100.0,esa-worldcover-2021
parappana-agrahara-kunte4,10076,7.4,2.9,3.5,6.3,77.3,1.1,1.5,0.0,12,0.0,0.0,100.0,esa-worldcover-2021
parappana-agrahara-kunte5,9763,8.7,3.5,4.5,8.9,71.4,1.1,1.9,0.0,4,0.0,0.0,0.0,esa-worldcover-2021
parappana-agrahara-kunte6,10328,12.8,4.0,4.2,9.2,66.8,1.2,1.8,0.0,24,0.0,0.0,8.3,esa-worldcover-2021
parmanahalli-kere,23335,7.0,25.8,2.1,61.6,2.7,0.8,0.0,0.0,3044,0.0,0.0,0.0,esa-worldcover-2021
parvatana-katte,10601,6.8,16.5,9.6,61.1,5.7,0.2,0.0,0.0,39,0.0,0.0,0.0,esa-worldcover-2021
patnagere-gollahalli-lake,11739,3.7,4.7,28.6,57.1,5.8,0.1,0.0,0.0,114,0.0,0.0,0.0,esa-worldcover-2021
pattaduru-agrahara-kere-1,11476,40.3,10.3,1.9,6.0,40.9,0.7,0.0,0.0,85,0.0,0.0,0.0,esa-worldcover-2021
pattaduru-agrahara-kere-2,14378,34.0,3.2,3.3,5.9,50.0,3.7,0.0,0.0,436,45.6,0.0,0.0,esa-worldcover-2021
pattanagere-kunte,11024,29.2,3.1,1.5,7.2,57.7,0.5,0.8,0.0,68,0.0,0.0,92.6,esa-worldcover-2021
pattandur-agrahara-kunte1,10219,32.7,6.7,5.7,13.7,34.0,7.2,0.0,0.0,16,0.0,0.0,100.0,esa-worldcover-2021
pattandur-agrahara-kunte10,9882,11.9,1.2,2.8,10.3,72.8,0.9,0.1,0.0,4,0.0,0.0,100.0,esa-worldcover-2021
pattandur-agrahara-kunte12,9967,28.6,3.1,2.5,7.7,51.1,5.0,2.0,0.0,8,0.0,0.0,12.5,esa-worldcover-2021
pattandur-agrahara-kunte13,10009,29.3,2.4,2.3,6.8,52.3,4.9,2.0,0.0,10,0.0,0.0,0.0,esa-worldcover-2021
pattandur-agrahara-kunte4,10134,25.4,6.7,0.7,8.6,56.0,2.6,0.0,0.0,14,0.0,0.0,0.0,esa-worldcover-2021
pattandur-agrahara-kunte5,9924,28.4,9.4,0.9,9.0,51.0,1.3,0.0,0.0,8,0.0,0.0,100.0,esa-worldcover-2021
pattandur-agrahara-kunte6,9926,33.5,10.1,1.2,6.6,47.4,1.2,0.0,0.0,4,0.0,0.0,0.0,esa-worldcover-2021
pattandur-agrahara-kunte7,9966,36.6,10.2,2.0,6.1,44.1,1.1,0.0,0.0,8,0.0,0.0,0.0,esa-worldcover-2021
pattandur-agrahara-kunte8,9820,36.8,10.1,2.1,6.0,44.0,1.1,0.0,0.0,4,0.0,0.0,100.0,esa-worldcover-2021
pattandur-agrahara-kunte9,9916,33.3,6.4,1.7,6.0,52.4,0.3,0.0,0.0,8,0.0,0.0,100.0,esa-worldcover-2021
peddanapalya-lake,13513,21.9,29.6,3.2,36.9,7.5,0.2,0.7,0.0,200,12.0,0.0,37.5,esa-worldcover-2021
peenya-kunte1,10248,35.8,0.3,0.2,0.6,63.1,0.0,0.0,0.0,21,0.0,0.0,100.0,esa-worldcover-2021
peenya-kunte10,10250,12.6,0.0,0.5,1.5,85.0,0.3,0.0,0.0,21,0.0,0.0,42.9,esa-worldcover-2021
peenya-kunte11,9773,12.4,0.1,0.8,2.6,83.9,0.3,0.0,0.0,4,0.0,0.0,100.0,esa-worldcover-2021
peenya-kunte2,10065,35.9,0.3,0.2,0.9,62.6,0.0,0.0,0.0,14,0.0,0.0,100.0,esa-worldcover-2021
peenya-kunte3,10112,15.8,0.5,0.5,2.2,80.8,0.3,0.0,0.0,13,0.0,0.0,100.0,esa-worldcover-2021
peenya-kunte4,10357,16.8,0.1,0.7,3.0,78.8,0.7,0.0,0.0,22,0.0,0.0,100.0,esa-worldcover-2021
peenya-kunte5,9694,19.7,5.7,1.3,6.5,65.8,1.0,0.0,0.0,3,0.0,0.0,0.0,esa-worldcover-2021
peenya-kunte6,9960,15.1,4.3,0.0,4.6,75.9,0.2,0.0,0.0,8,0.0,0.0,100.0,esa-worldcover-2021
peenya-kunte7,9773,7.7,3.7,0.5,4.0,83.7,0.3,0.0,0.0,4,0.0,0.0,100.0,esa-worldcover-2021
peenya-kunte8,10138,13.8,0.0,0.0,1.7,84.2,0.1,0.0,0.0,14,0.0,0.0,100.0,esa-worldcover-2021
peenya-kunte9,9927,15.1,0.0,0.2,1.5,83.1,0.1,0.0,0.0,8,0.0,0.0,87.5,esa-worldcover-2021
peenya-plantation-kunte,9970,63.8,5.2,0.8,7.4,22.5,0.3,0.0,0.0,8,0.0,0.0,0.0,esa-worldcover-2021
peltanahalli-lake,24341,6.4,17.5,4.4,62.7,8.5,0.4,0.1,0.0,3398,0.7,0.0,0.1,esa-worldcover-2021
pillaganahalli-kunte,10392,19.2,2.2,6.5,8.4,62.2,1.6,0.0,0.0,26,0.0,0.0,100.0,esa-worldcover-2021
pindkur,14667,5.7,1.9,1.3,86.5,4.2,0.5,0.0,0.0,377,0.0,0.0,0.0,esa-worldcover-2021
pindkur-timmanahalli-kere,37028,6.2,6.6,2.1,78.1,5.6,1.1,0.4,0.0,7636,7.6,0.0,0.0,esa-worldcover-2021
prabhakarnagar-2r,11465,4.0,3.0,0.3,92.6,0.1,0.1,0.0,0.0,70,0.0,0.0,0.0,esa-worldcover-2021
purushanahalli-kere,22504,14.4,24.7,0.2,59.4,1.2,0.1,0.0,0.0,1883,0.5,0.0,0.0,esa-worldcover-2021
puttayyanahalli-kere,16769,12.8,22.9,7.8,47.3,7.0,1.6,0.6,0.0,807,67.2,0.0,0.0,esa-worldcover-2021
puttenahalli-kere,26063,18.6,8.6,2.4,68.9,1.1,0.4,0.0,0.0,3399,16.0,0.0,0.0,esa-worldcover-2021
puttenahalli-kunte-3,10046,41.4,0.3,1.3,2.4,54.4,0.3,0.0,0.0,10,0.0,0.0,20.0,esa-worldcover-2021
puttenahalli-kunte-5,10496,35.9,0.2,0.9,2.0,60.7,0.3,0.0,0.0,32,0.0,0.0,59.4,esa-worldcover-2021
puttenahalli-kunte1,10284,38.1,0.0,0.0,2.7,58.3,0.6,0.2,0.0,20,0.0,0.0,55.0,esa-worldcover-2021
puttenahalli-kunte2,10356,35.4,0.3,1.2,3.2,59.7,0.3,0.0,0.0,22,0.0,0.0,72.7,esa-worldcover-2021
puttenahalli-kunte4,10334,37.0,0.2,1.2,1.9,59.3,0.3,0.0,0.0,22,0.0,0.0,54.5,esa-worldcover-2021
puttenahalli-lake,21204,39.9,3.5,0.8,4.3,49.7,1.8,0.0,0.0,1397,23.4,0.0,0.4,esa-worldcover-2021
puttenahalli-lake-2,14428,23.9,0.5,0.5,0.6,74.4,0.1,0.0,0.0,385,2.6,0.0,0.3,esa-worldcover-2021
rabbanahalli-kere,15822,4.3,7.3,0.6,87.5,0.1,0.3,0.0,0.0,602,0.3,0.0,0.0,esa-worldcover-2021
rabbanahalli-kere-2,12373,4.0,2.0,0.9,91.5,1.4,0.1,0.0,0.0,158,0.0,0.0,0.0,esa-worldcover-2021
rabbanahalli-kere-3,11862,3.2,4.2,0.5,87.9,4.1,0.1,0.0,0.0,137,0.0,0.0,0.0,esa-worldcover-2021
rabbanahalli-kere-4,11500,4.2,4.5,1.4,88.4,0.2,1.4,0.0,0.0,100,0.0,0.0,0.0,esa-worldcover-2021
rachamanahalli-lake,14924,5.7,3.5,33.2,54.5,1.6,1.5,0.0,0.0,549,47.5,0.0,0.0,esa-worldcover-2021
rachamanahalli-north-lake,17130,9.3,5.2,27.1,49.6,7.4,1.4,0.0,0.0,881,24.9,0.0,0.0,esa-worldcover-2021
rachenahalli-kunte1,10368,7.5,2.4,1.3,20.6,67.0,1.1,0.0,0.0,24,0.0,0.0,100.0,esa-worldcover-2021
rachenahalli-lake,29424,20.3,5.2,2.3,14.0,57.3,0.9,0.0,0.0,4744,77.5,0.0,0.6,esa-worldcover-2021
raghunathpura-kere,14002,4.3,5.7,2.4,76.6,10.4,0.5,0.1,0.0,367,7.6,0.0,0.0,esa-worldcover-2021
raghuvanapalya-kunte,10394,27.0,9.3,2.4,10.5,50.1,0.6,0.0,0.0,26,0.0,0.0,11.5,esa-worldcover-2021
ragihalli,12512,28.7,13.9,42.1,12.6,2.6,0.1,0.0,0.0,206,0.0,5.3,0.0,esa-worldcover-2021
ragihalli-lake,18587,25.6,55.0,14.3,4.4,0.1,0.1,0.6,0.0,1217,80.6,0.0,0.0,esa-worldcover-2021
rajaghatta-kere,31074,13.4,6.4,1.4,71.3,7.3,0.2,0.0,0.0,6438,0.0,0.0,0.2,esa-worldcover-2021
rajamahal-kere,12221,52.5,6.5,2.3,2.4,33.9,0.7,1.7,0.0,212,24.1,0.0,0.0,esa-worldcover-2021
rajamahal-kunte1,9925,43.9,1.7,1.3,3.7,48.8,0.5,0.0,0.0,8,0.0,0.0,62.5,esa-worldcover-2021
rajamahal-kunte2,9823,44.1,5.9,2.5,5.6,41.7,0.2,0.0,0.0,4,0.0,0.0,0.0,esa-worldcover-2021
rajanakunte-1,9968,16.1,3.6,2.3,28.5,49.3,0.2,0.0,0.0,8,0.0,0.0,100.0,esa-worldcover-2021
rajanakunte-2,9930,12.5,2.8,2.5,27.0,54.9,0.2,0.0,0.0,8,0.0,0.0,100.0,esa-worldcover-2021
rajanakunte-3,9776,10.5,5.3,1.9,23.7,58.5,0.1,0.0,0.0,4,0.0,0.0,100.0,esa-worldcover-2021
rajanakunte-4,10053,11.0,5.9,1.8,24.4,56.8,0.2,0.0,0.0,10,0.0,0.0,100.0,esa-worldcover-2021
rajanakunte-5,10037,10.5,10.9,3.9,44.5,29.1,1.2,0.0,0.0,11,0.0,0.0,0.0,esa-worldcover-2021
rajanakunte-6,9881,11.2,9.4,3.6,44.7,30.3,0.8,0.0,0.0,6,0.0,0.0,0.0,esa-worldcover-2021
rajanakunte-7-new,11096,16.5,14.5,7.0,57.0,3.7,1.2,0.0,0.0,50,0.0,0.0,2.0,esa-worldcover-2021
rajanakunte-8,9886,9.8,10.5,4.6,61.3,13.4,0.4,0.0,0.0,4,0.0,0.0,0.0,esa-worldcover-2021
rajanakunte-9,10738,8.0,10.8,3.9,52.1,24.5,0.6,0.0,0.0,46,0.0,0.0,19.6,esa-worldcover-2021
rajapalya-hoodikere,17322,21.3,1.8,2.9,3.6,66.9,3.4,0.1,0.0,1086,55.9,0.0,0.0,esa-worldcover-2021
ramachandrapura-katte,11321,28.6,0.8,0.6,1.4,68.4,0.2,0.0,0.0,98,0.0,0.0,39.8,esa-worldcover-2021
ramadevanahalli-lake,10884,14.3,8.8,3.6,66.5,6.3,0.4,0.0,0.0,53,0.0,0.0,0.0,esa-worldcover-2021
ramagondanahalli-kunte,11302,23.5,3.3,3.7,16.4,52.1,1.0,0.0,0.0,96,0.0,0.0,100.0,esa-worldcover-2021
ramagondanahalli-kunte-1,10357,21.0,7.9,1.0,48.0,21.6,0.5,0.0,0.0,25,0.0,0.0,0.0,esa-worldcover-2021
ramagondanahalli-kunte-2,9936,21.1,13.2,4.3,47.9,13.2,0.3,0.0,0.0,4,0.0,0.0,0.0,esa-worldcover-2021
ramagonddanahalli-kere,18944,18.0,9.8,3.1,54.8,13.8,0.5,0.0,0.0,1388,0.3,0.0,0.0,esa-worldcover-2021
ramakrishnapura-lake,16942,17.4,6.4,18.0,31.4,22.9,3.8,0.0,0.0,926,0.0,0.0,0.6,esa-worldcover-2021
ramakrishnapura-lake-2,15145,29.0,8.6,15.1,27.4,18.5,1.4,0.0,0.0,521,27.4,0.0,2.5,esa-worldcover-2021
ramanathapura-kere-1,18397,5.2,3.1,2.5,84.7,4.1,0.5,0.0,0.0,1012,3.5,0.0,0.0,esa-worldcover-2021
ramanathapura-kere-2,14470,5.0,3.8,2.6,86.6,0.6,0.5,1.0,0.0,391,61.9,0.0,0.0,esa-worldcover-2021
ramanayakanahalli-kunte-1,10577,1.3,13.5,6.1,74.4,3.0,1.8,0.0,0.0,39,0.0,0.0,0.0,esa-worldcover-2021
ramanayakanahalli-kunte-2,10068,7.5,17.3,2.1,57.3,15.7,0.0,0.1,0.0,11,0.0,0.0,0.0,esa-worldcover-2021
ramapura-kunte,10677,39.6,11.0,6.7,30.6,10.2,1.9,0.0,0.0,43,0.0,0.0,0.0,esa-worldcover-2021
ramasagara-lake,11864,21.1,11.7,20.7,16.4,28.9,0.9,0.3,0.0,120,64.2,0.0,0.0,esa-worldcover-2021
ramasandra-kere,25412,13.9,19.6,7.0,28.1,21.9,0.5,8.9,0.0,6795,45.4,0.0,15.7,esa-worldcover-2021
ramasandra-kunte1,10537,16.4,15.8,1.8,14.7,51.2,0.1,0.0,0.0,36,0.0,0.0,0.0,esa-worldcover-2021
ramasandra-kunte2,10445,19.8,21.1,1.8,16.2,41.1,0.0,0.0,0.0,28,0.0,0.0,0.0,esa-worldcover-2021
ramasandra-lake-1,20712,12.3,20.6,1.7,58.8,6.4,0.1,0.0,0.0,2482,0.0,0.0,0.0,esa-worldcover-2021
ramaswamypalya-lake,21696,12.6,27.9,4.0,42.7,11.6,1.2,0.0,0.0,1809,0.0,0.0,0.6,esa-worldcover-2021
ramayyanapalya-kere,14717,6.0,5.5,2.3,80.3,5.3,0.5,0.2,0.0,506,65.2,0.0,0.0,esa-worldcover-2021
ramdevanahalli-kere,16724,14.2,7.6,1.7,73.5,2.6,0.3,0.0,0.0,684,0.1,0.0,0.0,esa-worldcover-2021
ramegowdanakere,13083,22.6,5.4,19.7,20.9,29.0,1.6,0.9,0.0,126,0.0,0.0,4.0,esa-worldcover-2021
ramohalli-kere,22210,24.7,16.4,5.5,31.5,21.6,0.3,0.0,0.0,2517,0.0,0.0,0.1,esa-worldcover-2021
ramohalli-kunte-1,9997,8.8,11.4,11.0,62.1,6.3,0.2,0.4,0.0,10,0.0,0.0,0.0,esa-worldcover-2021
ramohalli-kunte-10,10302,7.9,14.7,21.3,48.9,2.8,4.4,0.1,0.0,22,0.0,0.0,0.0,esa-worldcover-2021
ramohalli-kunte-2,10508,9.3,9.6,11.1,60.2,9.4,0.1,0.3,0.0,33,0.0,0.0,0.0,esa-worldcover-2021
ramohalli-kunte-3,10168,11.3,7.8,12.8,55.1,11.5,0.1,1.4,0.0,17,0.0,0.0,0.0,esa-worldcover-2021
ramohalli-kunte-4,9701,14.9,11.1,14.2,40.4,11.9,0.9,6.7,0.0,2,0.0,0.0,100.0,esa-worldcover-2021
ramohalli-kunte-6,9821,24.9,14.6,12.2,31.1,16.0,1.2,0.0,0.0,4,0.0,0.0,100.0,esa-worldcover-2021
ramohalli-kunte-7,10160,31.6,17.3,13.6,19.7,16.7,1.1,0.0,0.0,14,0.0,0.0,0.0,esa-worldcover-2021
ramohalli-kunte-8,9957,20.4,6.5,7.2,45.5,20.0,0.3,0.0,0.0,8,0.0,0.0,0.0,esa-worldcover-2021
ramohalli-kunte-9,10227,7.9,11.1,12.3,61.3,6.2,1.1,0.0,0.0,19,0.0,0.0,0.0,esa-worldcover-2021
rampalya-kere,12800,9.7,3.2,1.5,81.6,3.8,0.1,0.0,0.0,213,0.0,0.0,0.0,esa-worldcover-2021
rampura-kere,36769,18.6,11.0,6.4,24.0,37.5,2.5,0.0,0.0,7569,0.0,0.0,1.1,esa-worldcover-2021
rampura-kere-2,16475,3.1,4.2,10.1,36.8,43.2,2.8,0.0,0.0,756,0.0,0.0,0.0,esa-worldcover-2021
rampura-lake,11766,11.4,10.3,1.1,77.1,0.1,0.0,0.0,0.0,78,0.0,0.0,0.0,esa-worldcover-2021
rampura-lake-2,14667,15.7,20.6,0.7,61.7,1.2,0.1,0.0,0.0,471,23.4,0.0,0.0,esa-worldcover-2021
ranchanamadu-kunte,9954,16.9,24.6,22.7,24.3,10.9,0.6,0.0,0.0,8,0.0,0.0,12.5,esa-worldcover-2021
rayaradoddi-lake,24747,20.0,40.6,13.7,21.5,2.5,0.2,1.5,0.0,3696,62.5,0.0,0.0,esa-worldcover-2021
rayarapalya-lake,12752,3.5,4.4,4.3,76.6,9.6,1.5,0.0,0.0,172,0.0,0.0,0.0,esa-worldcover-2021
rayarapalya-lake-1,13804,2.2,2.4,5.8,71.3,15.2,3.1,0.0,0.0,320,0.3,0.0,0.0,esa-worldcover-2021
rayasandra-kunte-1,11100,29.3,11.9,9.7,25.8,21.5,1.7,0.0,0.0,78,0.0,0.0,37.2,esa-worldcover-2021
rayasandra-kunte-2,10358,27.0,3.1,10.1,24.5,31.7,3.6,0.0,0.0,24,0.0,0.0,0.0,esa-worldcover-2021
rayasandra-kunte-3,9770,23.9,4.6,5.3,19.3,42.7,0.8,3.2,0.1,4,0.0,0.0,100.0,esa-worldcover-2021
rayasandra-kunte-4,10227,6.6,1.3,3.5,5.3,81.8,1.5,0.0,0.0,18,0.0,0.0,100.0,esa-worldcover-2021
rayasandra-lake-2,14510,16.3,28.6,7.4,41.7,5.0,0.9,0.0,0.0,396,0.0,0.0,0.0,esa-worldcover-2021
rocherenvu,14198,13.3,14.3,12.3,51.7,8.1,0.2,0.0,0.0,612,0.0,0.0,0.5,esa-worldcover-2021
s-golahalli-kere,13633,4.6,13.3,36.5,42.3,3.1,0.2,0.0,0.0,370,0.0,0.0,0.0,esa-worldcover-2021
sadahalli-kere,29135,7.3,7.2,3.2,70.8,10.5,0.9,0.0,0.0,5164,0.1,0.0,0.1,esa-worldcover-2021
sadappanhalli-lake,16751,3.1,13.3,4.4,60.9,15.6,2.8,0.0,0.0,1052,14.8,0.0,0.5,esa-worldcover-2021
sadenahalli-lake,20599,7.1,8.2,1.5,76.3,5.8,1.0,0.1,0.0,1311,14.0,0.0,0.0,esa-worldcover-2021
sadenahalli-lake-2,15219,4.6,9.1,2.6,78.8,2.4,0.7,1.8,0.0,436,6.4,0.0,0.0,esa-worldcover-2021
sadenahalli-lake-3,15830,3.4,10.4,7.0,75.0,1.7,1.8,0.6,0.0,412,20.9,0.0,7.0,esa-worldcover-2021
sakalavara-govt-kharabu-lake,17706,29.2,3.9,12.8,17.7,32.2,2.6,1.6,0.1,989,48.2,0.0,3.9,esa-worldcover-2021
sakalavara-kunte,11484,25.7,6.5,12.3,40.0,13.3,2.3,0.0,0.0,115,0.0,0.0,13.0,esa-worldcover-2021
sakkare-gollahalli-lake,19896,16.4,31.6,1.0,49.2,1.5,0.2,0.0,0.0,1533,0.6,0.0,0.0,esa-worldcover-2021
salindradoddi-lake,11488,48.0,39.8,11.1,0.2,0.7,0.2,0.0,0.0,80,0.0,0.0,0.0,esa-worldcover-2021
sametanahali-lake,22271,11.6,9.8,4.1,53.1,21.0,0.4,0.0,0.0,1680,0.0,0.1,0.0,esa-worldcover-2021
sampangee-kunte,9692,16.1,0.0,0.9,0.6,81.5,0.9,0.0,0.0,3,0.0,0.0,100.0,esa-worldcover-2021
sampinge-kere,17433,33.6,0.0,0.8,0.7,64.4,0.4,0.0,0.0,1706,0.0,0.0,54.0,esa-worldcover-2021
sandekuppe-kere,31428,21.9,24.1,1.9,41.8,10.2,0.1,0.1,0.0,3202,34.6,0.0,0.3,esa-worldcover-2021
saneguruvanahalli-kunte1,10200,7.6,0.0,0.0,0.2,91.7,0.5,0.0,0.0,18,0.0,0.0,100.0,esa-worldcover-2021
saneguruvanahalli-kunte2,10487,2.9,0.0,0.0,0.0,96.6,0.5,0.0,0.0,30,0.0,0.0,100.0,esa-worldcover-2021
saneguruvanahalli-kunte3,10466,5.6,0.0,0.0,0.0,94.0,0.4,0.0,0.0,31,0.0,0.0,100.0,esa-worldcover-2021
saneguruvanahalli-lake-1,11562,3.0,0.0,0.0,0.0,96.6,0.3,0.0,0.0,89,0.0,0.0,58.4,esa-worldcover-2021
saneguruvanahalli-lake-1-2,14184,6.5,0.0,0.1,0.0,93.1,0.3,0.0,0.0,612,0.0,0.0,51.6,esa-worldcover-2021
saneguruvanahalli-lake-2,14103,5.5,0.0,0.1,0.0,94.1,0.3,0.0,0.0,478,0.0,0.0,29.5,esa-worldcover-2021
saneguruvanahalli-lake-2-2,12845,3.3,0.0,0.0,0.0,96.3,0.3,0.0,0.0,316,0.0,0.0,83.9,esa-worldcover-2021
sankey-tank,25329,45.3,0.2,1.9,0.3,50.7,0.7,0.9,0.0,1734,74.3,0.0,4.8,esa-worldcover-2021
sarakki-kunte1,11186,12.1,0.3,0.0,0.0,87.2,0.4,0.0,0.0,84,0.0,0.0,11.9,esa-worldcover-2021
sarakki-kunte2,10254,13.1,0.0,0.0,0.0,86.7,0.2,0.0,0.0,19,0.0,0.0,100.0,esa-worldcover-2021
sarakki-kunte3,9772,4.9,0.0,0.2,0.1,94.8,0.1,0.0,0.0,4,0.0,0.0,100.0,esa-worldcover-2021
sarakki-lake,23936,3.7,0.0,0.8,0.4,94.0,0.6,0.5,0.0,2757,85.1,0.0,2.1,esa-worldcover-2021
sarjapur-lake,25614,2.4,17.6,6.6,49.1,24.2,0.1,0.0,0.0,3663,0.0,0.0,0.2,esa-worldcover-2021
sarka-kunte,10953,18.4,2.9,8.8,26.8,40.0,1.6,1.6,0.0,43,39.5,0.0,0.0,esa-worldcover-2021
sarkaari-katte,11310,17.0,33.8,8.3,28.3,11.0,1.6,0.0,0.0,96,0.0,0.0,0.0,esa-worldcover-2021
sasalu-lake,18122,8.3,2.4,0.2,81.5,7.6,0.0,0.0,0.0,1238,0.0,0.0,0.0,esa-worldcover-2021
sasiveghatta-kunte-1,9876,22.3,11.9,5.0,47.7,12.1,0.5,0.5,0.0,6,0.0,0.0,0.0,esa-worldcover-2021
sasiveghatta-kunte-2,9965,31.3,17.8,4.2,25.6,20.3,0.4,0.5,0.0,8,0.0,0.0,0.0,esa-worldcover-2021
sathanoor-kunte-5,10378,10.4,3.3,7.2,45.8,31.3,2.1,0.0,0.0,25,0.0,0.0,0.0,esa-worldcover-2021
sathanoor-kunte-7,12753,7.7,5.6,8.6,40.6,33.8,3.7,0.0,0.0,302,0.0,0.0,29.5,esa-worldcover-2021
sathanur-kere,16604,19.5,4.6,3.3,46.3,23.7,2.0,0.7,0.0,668,19.9,0.0,1.3,esa-worldcover-2021
sathanuru-kunte-1,10919,36.6,7.9,2.8,46.3,6.2,0.2,0.0,0.0,58,0.0,0.0,0.0,esa-worldcover-2021
sathanuru-kunte-10,11187,28.2,9.7,3.0,30.7,27.6,0.8,0.0,0.0,83,0.0,0.0,0.0,esa-worldcover-2021
sathanuru-kunte-2,10001,14.3,4.7,4.1,63.4,13.3,0.2,0.0,0.0,12,0.0,0.0,0.0,esa-worldcover-2021
sathanuru-kunte-3,10290,32.8,7.7,2.6,42.6,12.4,0.6,1.3,0.0,20,0.0,0.0,0.0,esa-worldcover-2021
sathanuru-kunte-8,10986,30.7,13.6,4.1,23.0,23.5,5.1,0.0,0.0,68,0.0,0.0,0.0,esa-worldcover-2021
sathanuru-kunte-9,11081,28.2,9.2,3.6,22.3,35.6,1.1,0.0,0.0,76,0.0,0.0,7.9,esa-worldcover-2021
sattigenahalli-lake-1,16592,0.9,15.1,6.0,71.5,3.7,2.7,0.0,0.0,1093,0.0,0.0,0.0,esa-worldcover-2021
sattigenahalli-lake-2,14635,1.9,14.4,3.8,74.4,4.8,0.8,0.0,0.0,488,0.0,0.0,0.0,esa-worldcover-2021
seegehalli-kere,13675,10.3,20.6,10.0,26.4,28.1,4.5,0.1,0.0,288,61.5,0.0,0.0,esa-worldcover-2021
seegehalli-kunte,10588,8.0,17.3,18.1,27.5,15.1,12.2,1.8,0.0,36,0.0,0.0,0.0,esa-worldcover-2021
seegihalli-katte-1,10765,9.5,2.9,9.7,29.2,45.6,3.1,0.0,0.0,49,0.0,0.0,71.4,esa-worldcover-2021
seegihalli-katte-2,11281,9.0,10.4,3.7,12.8,60.4,3.5,0.3,0.0,95,0.0,0.0,100.0,esa-worldcover-2021
seegihalli-kunte1,10353,7.1,2.1,8.4,20.0,59.2,3.0,0.0,0.0,22,0.0,0.0,95.5,esa-worldcover-2021
seegihalli-kunte2,9768,8.8,3.1,10.2,39.2,37.1,1.6,0.0,0.0,4,0.0,0.0,0.0,esa-worldcover-2021
settyhalli-kunte1,10595,52.9,13.6,2.0,4.0,26.5,1.0,0.0,0.0,36,0.0,0.0,19.4,esa-worldcover-2021
settyhalli-kunte2,10424,15.2,4.1,3.3,6.7,69.8,1.0,0.0,0.0,28,0.0,0.0,60.7,esa-worldcover-2021
shantegaudanapalya-lake,21381,16.1,9.3,0.5,71.8,2.2,0.0,0.0,0.0,1183,0.0,0.0,0.0,esa-worldcover-2021
shanthi-nagar-kunte,10400,6.0,9.0,6.6,43.3,34.6,0.6,0.0,0.0,28,0.0,0.0,71.4,esa-worldcover-2021
shantinagar-kere,13956,19.5,16.6,14.8,41.5,7.5,0.2,0.0,0.0,264,44.3,0.0,0.0,esa-worldcover-2021
shantinagar-kere-2,11804,1.3,13.9,36.3,44.4,3.3,0.8,0.0,0.0,124,0.0,0.0,0.0,esa-worldcover-2021
shanuboganahalli-lake,15708,25.1,17.1,28.6,10.8,12.1,3.2,3.2,0.0,530,46.4,0.0,0.0,esa-worldcover-2021
shastripalya-kere,14914,5.8,6.5,2.8,83.1,0.1,1.6,0.0,0.0,534,46.1,0.0,0.0,esa-worldcover-2021
shegehalli-kere,19462,9.6,2.7,2.0,7.6,76.4,1.6,0.1,0.0,1036,53.1,0.0,4.6,esa-worldcover-2021
sheshayyanakere,12441,12.0,5.5,7.2,17.0,56.5,1.7,0.1,0.0,164,0.0,0.0,14.0,esa-worldcover-2021
shiresandra-kere,21107,15.3,22.7,1.4,55.1,5.5,0.1,0.0,0.0,1593,10.4,0.0,0.0,esa-worldcover-2021
shivakote-katte,10934,6.0,6.2,1.4,81.6,4.6,0.1,0.1,0.0,44,0.0,0.0,0.0,esa-worldcover-2021
shivakote-kunte-1,10012,6.0,2.8,2.5,80.7,7.5,0.5,0.0,0.0,10,0.0,0.0,0.0,esa-worldcover-2021
shivakote-kunte-2,10295,6.1,4.1,2.6,79.8,7.0,0.4,0.0,0.0,20,0.0,0.0,0.0,esa-worldcover-2021
shivakote-kunte-3,10262,10.8,10.6,2.1,72.9,3.5,0.2,0.0,0.0,18,0.0,0.0,0.0,esa-worldcover-2021
shivakote-kunte-4,9876,24.8,6.8,0.9,49.5,17.7,0.1,0.2,0.0,6,0.0,0.0,0.0,esa-worldcover-2021
shivanahalli-lake,14120,26.6,2.1,3.7,14.4,51.7,1.1,0.4,0.0,446,0.0,0.0,4.7,esa-worldcover-2021
shivanapura-kere,28098,2.2,6.6,3.8,76.8,10.4,0.2,0.0,0.0,2920,0.4,0.0,0.2,esa-worldcover-2021
shravanur-lake,11727,19.5,12.4,0.3,64.1,3.6,0.2,0.0,0.0,92,0.0,0.0,0.0,esa-worldcover-2021
shravanur-lake-2,19141,11.1,12.0,0.3,68.1,8.4,0.0,0.0,0.0,803,0.4,0.0,0.7,esa-worldcover-2021
shyanapanahalli-kere,14378,4.8,4.9,1.6,85.8,2.4,0.5,0.0,0.0,452,3.3,0.0,0.0,esa-worldcover-2021
shyanapanahalli-kere-2,12026,5.5,4.8,0.9,85.5,2.7,0.3,0.2,0.0,131,0.0,0.0,0.0,esa-worldcover-2021
shyanapanahalli-kere-u,13777,4.7,2.6,1.4,88.2,2.7,0.4,0.0,0.0,285,0.0,0.0,0.0,esa-worldcover-2021
siddanhalli-lake-1,23112,6.6,17.3,5.0,68.0,2.6,0.5,0.0,0.0,2626,0.0,0.0,0.1,esa-worldcover-2021
siddapur-kere,15076,19.5,1.0,0.0,1.6,77.6,0.3,0.0,0.0,853,0.0,0.0,97.7,esa-worldcover-2021
siddapura-kere,17481,13.1,4.9,3.6,15.7,59.8,3.0,0.0,0.0,858,5.8,0.0,0.7,esa-worldcover-2021
siddapura-kunte1,10179,29.8,5.8,2.8,22.0,37.2,2.4,0.0,0.0,16,0.0,0.0,56.2,esa-worldcover-2021
siddapura-kunte2,9916,24.8,7.9,4.2,24.3,35.6,3.2,0.0,0.0,7,0.0,0.0,57.1,esa-worldcover-2021
siddapura-kunte3,9955,28.3,6.7,3.3,23.1,35.4,3.1,0.0,0.0,8,0.0,0.0,100.0,esa-worldcover-2021
siddapura-kunte4,10242,19.3,8.3,4.9,21.5,42.0,3.4,0.5,0.0,21,0.0,0.0,0.0,esa-worldcover-2021
siddapura-kunte5,10060,25.9,4.8,3.8,17.1,45.5,2.9,0.0,0.0,14,0.0,0.0,100.0,esa-worldcover-2021
siddapura-kunte6,10219,22.8,5.6,4.6,18.0,46.6,2.4,0.0,0.0,16,0.0,0.0,87.5,esa-worldcover-2021
siddapura-kunte7,10345,23.1,9.7,3.3,40.2,20.4,2.5,0.8,0.0,26,0.0,0.0,0.0,esa-worldcover-2021
siddayyanpalya-lake,25779,6.0,25.2,5.0,63.5,0.2,0.0,0.2,0.0,2827,41.8,1.6,0.0,esa-worldcover-2021
siddenayakanahalli-kere-l,14136,13.4,10.7,1.7,64.2,5.4,1.5,3.1,0.0,407,0.0,0.0,0.0,esa-worldcover-2021
siddenayakanahalli-kere-u,18846,9.7,9.0,0.8,77.0,2.2,0.6,0.7,0.0,1523,21.9,0.0,10.4,esa-worldcover-2021
siddenhalli-lake,30594,16.3,16.7,3.4,59.5,3.4,0.7,0.0,0.0,4932,0.0,0.0,0.0,esa-worldcover-2021
siddi-hosakote-west,13175,6.1,14.5,30.1,30.9,16.2,2.0,0.0,0.0,246,0.0,0.0,0.0,esa-worldcover-2021
sidedahalli-kunte,9772,19.5,1.3,0.9,5.1,73.0,0.3,0.0,0.0,4,0.0,0.0,100.0,esa-worldcover-2021
sidi-hoskote-lake-east,15328,5.0,14.7,32.1,42.1,4.8,1.3,0.0,0.0,404,0.0,0.0,0.0,esa-worldcover-2021
sigepalya-lake,13207,24.0,6.9,3.2,62.8,2.3,0.8,0.0,0.0,207,0.0,0.0,0.0,esa-worldcover-2021
sigepalya-lake-2,12172,4.0,15.8,0.9,79.2,0.1,0.0,0.0,0.0,138,0.0,0.0,0.0,esa-worldcover-2021
sikayanahalli-kere,15122,9.0,4.7,0.5,79.3,6.5,0.0,0.0,0.0,556,0.0,0.0,0.0,esa-worldcover-2021
singahalli-lake,21561,8.6,7.0,4.2,71.2,8.3,0.7,0.0,0.0,1635,0.2,0.0,0.0,esa-worldcover-2021
singanayakanahalli-katte-2,11433,16.8,19.2,2.9,56.3,4.0,0.9,0.0,0.0,109,0.0,0.0,8.3,esa-worldcover-2021
singanayakanahalli-kunte-1,10233,22.6,16.9,4.3,37.4,18.1,0.8,0.0,0.0,19,0.0,0.0,0.0,esa-worldcover-2021
singanayakayahalli-katte-1,10971,13.2,5.8,6.4,31.6,41.1,1.9,0.0,0.0,66,0.0,0.0,100.0,esa-worldcover-2021
singanayakayahalli-kere,11509,9.7,5.4,7.6,35.8,38.8,2.7,0.0,0.0,90,0.0,0.0,0.0,esa-worldcover-2021
singapura-kunte,10168,56.1,1.7,3.6,2.5,32.9,3.3,0.0,0.0,16,0.0,0.0,12.5,esa-worldcover-2021
singapura-lake,19607,23.1,8.4,3.9,14.5,46.8,2.2,1.2,0.0,1095,0.0,0.0,0.5,esa-worldcover-2021
singasadanapalli-kere-e,19024,8.8,35.4,7.9,45.4,1.6,0.7,0.0,0.0,927,24.1,0.0,0.2,esa-worldcover-2021
singasadanapalli-kere-s,17266,7.1,23.5,5.1,61.6,0.8,0.8,1.0,0.0,765,0.7,0.0,0.0,esa-worldcover-2021
singasandra,13331,11.6,2.0,2.5,4.2,77.9,0.9,0.8,0.0,248,72.2,0.0,0.0,esa-worldcover-2021
singasandra-kunte-1,11007,13.1,0.7,1.5,1.5,81.6,0.9,0.8,0.0,69,0.0,0.0,18.8,esa-worldcover-2021
singasandra-kunte2,10085,4.7,1.2,1.9,1.5,89.5,1.2,0.0,0.0,14,0.0,0.0,85.7,esa-worldcover-2021
singasandra-kunte3,9771,10.1,1.6,2.5,3.3,81.0,1.6,0.0,0.0,3,0.0,0.0,100.0,esa-worldcover-2021
singasandra-kunte4,10138,9.4,2.1,3.1,8.6,76.1,0.6,0.0,0.0,13,0.0,0.0,100.0,esa-worldcover-2021
singasandra-kunte5,9912,13.3,4.1,3.8,8.1,68.3,0.4,2.0,0.0,8,0.0,0.0,75.0,esa-worldcover-2021
singasandra-lake,13098,14.7,9.3,22.6,47.4,5.9,0.1,0.0,0.0,106,0.0,0.0,0.0,esa-worldcover-2021
singena-agrahara-govt-sanna-kere,27329,14.8,18.0,12.0,36.7,16.4,2.2,0.0,0.0,4469,1.3,0.0,0.0,esa-worldcover-2021
singena-agrahara-kunte-1,10932,22.4,19.1,10.4,25.4,20.3,2.5,0.0,0.0,60,0.0,0.0,0.0,esa-worldcover-2021
singena-agrahara-kunte-2,9763,24.4,23.9,7.7,23.8,18.1,2.0,0.0,0.0,3,0.0,0.0,0.0,esa-worldcover-2021
singena-agrahara-kunte-3,10038,7.7,19.2,8.2,55.2,6.5,3.1,0.0,0.0,10,0.0,0.0,20.0,esa-worldcover-2021
singena-agrahara-kunte-4,11275,13.2,24.6,6.3,43.1,10.3,2.6,0.0,0.0,95,0.0,0.0,25.3,esa-worldcover-2021
singena-agrahara-kunte-5,10398,11.7,18.9,9.1,52.9,5.6,1.8,0.0,0.0,24,0.0,0.0,0.0,esa-worldcover-2021
singrayanapalya-lake,18881,9.9,6.6,0.2,79.2,4.1,0.0,0.0,0.0,721,0.0,0.0,0.0,esa-worldcover-2021
sinivagilu-govt-lake,18855,18.2,4.1,1.5,4.3,71.7,0.2,0.0,0.0,2396,0.0,0.0,77.1,esa-worldcover-2021
sirigonahalli-lake,18673,9.2,19.8,0.6,69.2,1.1,0.0,0.0,0.0,1455,3.9,0.0,0.0,esa-worldcover-2021
sitanayakanahalli-lake,23509,7.0,24.8,4.2,60.3,3.4,0.3,0.0,0.0,3399,9.4,0.0,0.1,esa-worldcover-2021
sokkarasanapalli-kere-e,19638,6.2,24.4,11.8,52.4,4.0,1.2,0.0,0.0,1231,0.0,0.0,0.2,esa-worldcover-2021
soladevanahalli-kunte,10957,30.7,12.7,3.1,32.7,20.2,0.6,0.0,0.0,65,0.0,0.0,1.5,esa-worldcover-2021
soldevanahalli-kere,14623,3.7,43.9,10.6,40.4,1.3,0.1,0.0,0.0,431,0.0,0.0,0.0,esa-worldcover-2021
soldevanahalli-kere-2,13181,12.3,26.6,16.6,41.7,2.5,0.2,0.0,0.0,301,16.3,0.0,0.0,esa-worldcover-2021
soldevanahalli-lower,12430,13.2,45.5,3.7,36.3,1.3,0.0,0.0,0.0,159,14.5,0.0,0.0,esa-worldcover-2021
soldevanahalli-scrub,12470,9.4,24.7,10.7,50.2,4.7,0.4,0.0,0.0,187,34.8,0.0,0.0,esa-worldcover-2021
solekere,13357,12.7,32.2,5.6,42.4,5.1,2.1,0.0,0.0,271,0.0,0.0,0.0,esa-worldcover-2021
solikunte-kere,14389,5.4,31.6,10.7,41.0,9.5,1.9,0.0,0.0,469,0.0,0.0,0.2,esa-worldcover-2021
sollepura-kere,16392,7.1,9.2,10.6,54.5,17.7,0.9,0.0,0.0,861,0.0,0.0,1.9,esa-worldcover-2021
solluru-kere,19146,10.5,1.3,0.7,78.0,9.3,0.2,0.0,0.0,1812,1.4,0.0,0.0,esa-worldcover-2021
solur-kere,18382,4.5,25.6,4.2,63.0,2.4,0.3,0.0,0.0,1308,0.0,0.0,0.0,esa-worldcover-2021
somanahalli-lake,18951,26.8,10.6,3.8,40.8,17.5,0.4,0.0,0.0,1090,3.0,0.0,2.1,esa-worldcover-2021
somanathapura-lake,11046,2.2,25.4,43.4,18.1,2.3,7.3,1.2,0.0,58,0.0,0.0,0.0,esa-worldcover-2021
somapura-kere,16053,12.2,19.4,8.0,36.4,23.9,0.1,0.1,0.0,541,48.4,0.0,0.0,esa-worldcover-2021
somasagara-lake,17450,41.0,6.3,1.2,48.3,3.1,0.1,0.0,0.0,766,0.7,0.0,0.0,esa-worldcover-2021
somasagara-lake-2,13484,10.6,15.8,1.8,68.3,2.9,0.6,0.0,0.0,291,0.0,0.0,0.0,esa-worldcover-2021
somashettihalli-kunte,10173,40.9,11.7,1.5,31.3,12.8,0.2,1.5,0.0,17,0.0,0.0,0.0,esa-worldcover-2021
somasundrapalya-lake,12787,11.3,2.9,3.6,6.0,75.1,0.6,0.5,0.0,256,88.7,0.0,5.9,esa-worldcover-2021
sompura-govt-lake,16614,23.5,49.4,2.8,14.4,9.8,0.0,0.0,0.0,835,40.0,0.0,0.0,esa-worldcover-2021
sompura-kere-w,19744,8.3,12.5,7.9,38.8,29.5,3.1,0.0,0.0,1472,0.0,0.0,10.7,esa-worldcover-2021
sompura-kunte-1,10539,16.3,44.5,2.8,14.6,21.8,0.0,0.0,0.0,26,0.0,0.0,23.1,esa-worldcover-2021
sompura-kunte-2,10466,8.2,53.0,6.0,15.4,17.3,0.1,0.0,0.0,31,0.0,0.0,32.3,esa-worldcover-2021
sondilvadi-kere,30691,22.7,5.6,2.6,63.3,4.9,1.0,0.0,0.0,5068,0.2,0.0,0.0,esa-worldcover-2021
sonehalli-kere,20009,6.9,4.5,2.1,80.0,4.1,2.3,0.0,0.0,1547,1.4,0.0,0.0,esa-worldcover-2021
sonnahallipura-lake,25009,2.8,7.3,4.2,76.4,8.6,0.6,0.0,0.0,3390,0.0,0.0,0.5,esa-worldcover-2021
sonnanaikanahalli-lake,22354,6.3,8.5,5.5,75.7,2.7,1.2,0.0,0.0,2350,0.7,0.0,0.0,esa-worldcover-2021
sonnathimmanahalli-kunte,10026,27.7,0.5,0.9,6.7,62.4,1.9,0.0,0.0,11,0.0,0.0,90.9,esa-worldcover-2021
sonnayakanapura-lake,14205,12.6,2.9,17.3,54.5,12.2,0.6,0.0,0.0,400,1.0,0.0,0.2,esa-worldcover-2021
sonnenahalli-kere,16389,8.2,7.2,3.0,76.5,4.8,0.3,0.0,0.0,620,4.8,0.0,0.0,esa-worldcover-2021
sonnenahalli-kere-2,24523,8.8,7.5,13.3,58.0,10.6,1.2,0.6,0.0,2562,25.7,0.0,0.0,esa-worldcover-2021
sonnenahalli-kere-3,16001,12.7,0.4,0.8,0.7,80.6,3.6,1.2,0.0,1160,0.0,0.0,89.6,esa-worldcover-2021
sonnenahalli-kunte1,9693,16.3,4.6,3.3,3.3,67.7,1.5,3.1,0.0,3,0.0,0.0,0.0,esa-worldcover-2021
sonnenahalli-kunte2,9960,18.0,6.0,3.4,4.6,62.2,2.8,3.0,0.0,12,0.0,0.0,100.0,esa-worldcover-2021
sonnenahalli-kunte3,9827,18.8,6.3,3.6,4.3,62.8,2.8,1.4,0.0,6,0.0,0.0,100.0,esa-worldcover-2021
sonnenahalli-lake,20182,23.9,18.1,2.6,52.6,2.8,0.0,0.0,0.0,1244,0.1,0.0,0.0,esa-worldcover-2021
sonnenahalli-lake-2,38163,4.7,42.0,1.7,50.4,0.9,0.2,0.1,0.0,6774,68.9,0.0,0.0,esa-worldcover-2021
sorahunase-kunte1,10561,7.1,11.1,7.7,49.7,22.7,1.7,0.0,0.0,38,0.0,0.0,13.2,esa-worldcover-2021
sorahunase-kunte2,9772,6.6,6.2,7.1,37.9,41.0,1.2,0.0,0.0,4,0.0,0.0,100.0,esa-worldcover-2021
sorahunase-kunte3,10008,3.6,5.5,3.8,48.9,36.0,2.2,0.0,0.0,10,0.0,0.0,90.0,esa-worldcover-2021
sorahunase-kunte4,10132,2.4,5.9,4.4,53.5,31.5,2.3,0.0,0.0,14,0.0,0.0,42.9,esa-worldcover-2021
southegaudanahalli-lake,15852,1.8,4.3,2.8,88.4,2.1,0.5,0.1,0.0,601,30.6,0.0,0.0,esa-worldcover-2021
sowl-kere,20606,24.1,2.1,0.9,2.4,68.2,1.3,1.0,0.0,2207,13.3,0.0,0.0,esa-worldcover-2021
srigandha-kavalu-kunte1,11165,24.2,3.1,1.7,3.1,67.2,0.7,0.0,0.0,81,0.0,0.0,64.2,esa-worldcover-2021
srigandha-kavalu-kunte2,10602,27.0,3.1,1.8,2.6,64.7,0.9,0.0,0.0,38,0.0,0.0,94.7,esa-worldcover-2021
srigandha-kavalu-kunte3,10258,9.8,1.8,0.6,4.3,83.3,0.3,0.0,0.0,19,0.0,0.0,100.0,esa-worldcover-2021
srigandha-kavalu-kunte4,10004,10.3,2.6,0.8,4.8,81.3,0.3,0.0,0.0,9,0.0,0.0,100.0,esa-worldcover-2021
srigandha-kavalu-kunte5,10937,9.9,32.2,0.8,5.0,52.2,0.0,0.0,0.0,64,0.0,0.0,0.0,esa-worldcover-2021
srigandha-kavalu-kunte6,9822,5.2,29.1,0.8,6.5,57.8,0.6,0.0,0.0,4,0.0,0.0,0.0,esa-worldcover-2021
srigandha-kavalu-kunte7,10910,8.5,1.0,1.5,0.8,87.8,0.3,0.0,0.0,58,0.0,0.0,98.3,esa-worldcover-2021
srigandha-kavalu-kunte8,10378,0.7,0.0,0.3,0.9,97.8,0.3,0.0,0.0,27,0.0,0.0,37.0,esa-worldcover-2021
srigandhakavalu-karabu-katte,12063,10.2,37.3,1.0,5.3,46.2,0.1,0.0,0.0,139,0.0,0.0,1.4,esa-worldcover-2021
srinivasapura-kere,19848,24.2,18.4,0.8,49.8,4.3,0.0,2.4,0.0,1278,7.7,0.0,0.1,esa-worldcover-2021
srinivasapura-kere-2,19784,12.3,7.3,1.4,74.5,3.4,1.0,0.0,0.0,1221,26.3,0.0,0.0,esa-worldcover-2021
srinivasapura-kunte1,9878,60.5,1.1,2.2,0.9,35.1,0.1,0.0,0.0,6,0.0,0.0,0.0,esa-worldcover-2021
srinivasapura-kunte2,9868,35.6,0.5,0.2,0.8,62.4,0.5,0.0,0.0,6,0.0,0.0,0.0,esa-worldcover-2021
srinivasapura-kunte3,10396,34.1,1.1,0.5,2.0,61.9,0.5,0.0,0.0,26,0.0,0.0,15.4,esa-worldcover-2021
srinivasapura-kunte4,9820,33.6,1.1,0.3,1.9,62.5,0.5,0.0,0.0,4,0.0,0.0,0.0,esa-worldcover-2021
srinivasapura-lake,10509,16.1,3.4,7.8,34.9,35.1,2.8,0.0,0.0,27,0.0,0.0,40.7,esa-worldcover-2021
srinivasapura-lake-2,11878,10.8,4.7,7.1,25.5,44.8,6.8,0.3,0.0,162,0.0,0.0,46.9,esa-worldcover-2021
sriramanahalli-lake,14571,13.1,3.9,3.2,64.3,15.5,0.1,0.0,0.0,343,19.5,0.0,0.0,esa-worldcover-2021
sriramanahalli-lake-2,21434,11.6,16.8,0.3,69.8,0.9,0.6,0.0,0.0,1743,0.0,0.0,0.0,esa-worldcover-2021
subarayanakere,12539,28.6,1.9,3.7,4.4,60.1,0.4,0.9,0.0,143,9.1,0.0,0.7,esa-worldcover-2021
subbedarana-kere,11448,9.5,26.6,23.4,11.4,23.1,4.6,1.3,0.0,86,0.0,0.0,12.8,esa-worldcover-2021
subbedarana-kere-2,14856,18.0,7.4,5.9,30.1,37.7,0.6,0.1,0.0,450,44.2,0.0,0.4,esa-worldcover-2021
subramanyanagar-lake,14423,15.5,3.0,0.9,78.0,2.4,0.2,0.0,0.0,429,10.7,0.0,0.0,esa-worldcover-2021
subramhanyapura-kere,15230,18.7,2.9,6.0,10.3,61.0,1.0,0.0,0.0,410,0.0,0.0,10.2,esa-worldcover-2021
suggata-kere,12280,11.8,17.4,9.2,38.6,22.5,0.5,0.0,0.0,130,0.0,0.0,0.0,esa-worldcover-2021
suggatta-lake,17580,11.1,10.1,7.3,57.1,11.4,2.8,0.1,0.0,1015,9.4,0.0,0.0,esa-worldcover-2021
suggatta-lake-2,12364,8.8,21.7,8.9,43.4,16.6,0.6,0.0,0.0,168,0.0,0.0,0.0,esa-worldcover-2021
sukaligarahath-lake,16050,14.8,8.1,0.1,75.4,1.6,0.0,0.0,0.0,804,0.9,0.0,0.0,esa-worldcover-2021
sulakunte-kunte1,9689,11.2,14.3,4.5,63.0,6.5,0.4,0.0,0.0,3,0.0,0.0,0.0,esa-worldcover-2021
sulakunte-kunte2,10066,7.9,12.5,5.4,68.4,5.8,0.0,0.0,0.0,11,0.0,0.0,0.0,esa-worldcover-2021
sulakunte-kunte3,10567,6.4,9.4,5.8,38.8,38.4,1.2,0.0,0.0,36,0.0,0.0,41.7,esa-worldcover-2021
sulakunte-kunte4,10193,8.5,13.1,6.0,38.7,32.3,1.4,0.0,0.0,18,0.0,0.0,27.8,esa-worldcover-2021
sulakunte-kunte5,9920,5.4,29.5,11.5,41.9,9.8,1.8,0.0,0.0,8,0.0,0.0,0.0,esa-worldcover-2021
sulakunte-kunte6,9696,13.4,11.8,5.2,49.1,19.6,0.9,0.0,0.0,4,0.0,0.0,0.0,esa-worldcover-2021
sulakunte-kunte7,10287,14.5,10.1,5.2,45.1,24.2,0.9,0.0,0.0,18,0.0,0.0,0.0,esa-worldcover-2021
sulibelekere,33677,4.8,11.7,5.1,67.9,8.2,2.2,0.0,0.0,7982,0.1,0.0,0.0,esa-worldcover-2021
sulikere-kunte-2,10075,12.9,14.3,19.4,37.7,10.4,5.1,0.2,0.0,14,0.0,0.0,0.0,esa-worldcover-2021
sulikere-lake,12757,8.2,23.1,13.3,46.1,6.9,2.1,0.2,0.0,155,14.2,0.0,0.0,esa-worldcover-2021
sulukunte-kere,13688,19.1,1.2,0.5,74.9,4.3,0.0,0.0,0.0,292,0.0,0.0,0.0,esa-worldcover-2021
suluvara-kere,13404,15.5,9.6,9.9,55.6,8.9,0.5,0.0,0.0,240,0.0,0.0,0.0,esa-worldcover-2021
sunkanahalli-kunte-1,9956,18.5,0.0,0.2,0.0,80.9,0.4,0.0,0.0,8,0.0,0.0,0.0,esa-worldcover-2021
sunkanahalli-kunte-2,10560,17.3,0.0,0.2,0.0,82.2,0.3,0.0,0.0,36,0.0,0.0,63.9,esa-worldcover-2021
sunnakall-kere,23963,22.5,1.1,0.9,1.4,73.2,0.8,0.0,0.0,5636,0.0,0.0,71.5,esa-worldcover-2021
suradhenupur-lake,23787,6.4,3.3,0.7,82.3,7.4,0.0,0.0,0.0,2396,0.0,0.0,0.0,esa-worldcover-2021
suradhenupur-lake-2,17396,4.3,6.8,3.3,77.5,6.6,1.5,0.1,0.0,1040,4.5,0.0,1.3,esa-worldcover-2021
suragajakkanahalli-west-lake,12864,11.1,11.8,24.5,41.9,10.3,0.5,0.0,0.0,187,0.0,0.0,0.0,esa-worldcover-2021
suragajakkaratahalli-lake,14648,11.5,5.8,33.4,41.9,6.2,1.2,0.0,0.0,462,18.4,0.0,0.0,esa-worldcover-2021
swarna-kunte-gudde-lake,13525,20.3,3.5,13.5,8.1,49.9,4.2,0.3,0.2,252,0.0,0.0,3.2,esa-worldcover-2021
tadipalya-lake,12845,9.0,25.2,0.5,64.1,1.2,0.0,0.0,0.0,190,37.4,0.0,0.0,esa-worldcover-2021
tadsighatta-kere,24244,30.0,15.6,1.7,50.7,2.1,0.0,0.0,0.0,2135,0.0,0.0,0.1,esa-worldcover-2021
tagachikuppe-kere,11854,9.5,8.0,8.8,40.5,31.9,1.2,0.1,0.0,145,38.6,0.0,0.0,esa-worldcover-2021
taggali-hosahalli-kere,14530,6.3,18.6,5.5,63.3,5.8,0.3,0.1,0.0,411,55.7,0.0,0.0,esa-worldcover-2021
talagavara-kere,36239,19.6,6.9,0.7,68.1,4.5,0.2,0.0,0.0,9182,0.0,0.0,0.2,esa-worldcover-2021
talakuppe-lake,14157,3.3,16.3,8.2,44.3,27.0,1.0,0.0,0.0,302,0.0,0.0,0.0,esa-worldcover-2021
tambenahalli-lake,14544,5.1,24.8,12.4,54.3,2.9,0.5,0.0,0.0,296,5.1,0.0,0.0,esa-worldcover-2021
tammaganhalli-lake,12506,6.3,11.9,1.5,78.1,2.2,0.0,0.0,0.0,210,0.0,0.0,0.0,esa-worldcover-2021
tammrayasandra-kere,17011,11.5,17.3,3.6,64.3,2.9,0.4,0.0,0.0,1019,0.0,0.0,0.0,esa-worldcover-2021
tankasalahosahalli-kere,15671,7.2,4.1,2.2,82.0,4.2,0.2,0.0,0.0,639,0.0,0.0,0.0,esa-worldcover-2021
tanniranhalli-lake,16565,4.3,31.6,3.7,59.8,0.0,0.6,0.0,0.0,762,15.7,0.0,0.0,esa-worldcover-2021
tapasihalli-kere,15309,6.0,7.9,0.4,80.0,5.6,0.1,0.0,0.0,674,0.0,0.0,0.0,esa-worldcover-2021
tapasipura-kere,17753,8.2,7.3,2.2,77.8,4.3,0.0,0.1,0.0,627,1.9,0.0,0.0,esa-worldcover-2021
tapasipura-kere-2,15517,8.2,7.2,6.7,75.1,2.2,0.5,0.1,0.0,374,38.5,0.0,0.0,esa-worldcover-2021
tarabahalli-lake,19048,3.5,12.5,2.1,77.9,3.8,0.3,0.0,0.0,1471,9.5,0.0,0.5,esa-worldcover-2021
tarabanahalli-kunte,10682,20.9,6.2,2.6,30.3,38.8,1.3,0.0,0.0,44,0.0,0.0,40.9,esa-worldcover-2021
tarabanahalli-lake,19372,15.0,8.2,3.9,61.5,10.3,1.1,0.0,0.0,1270,30.2,0.0,0.6,esa-worldcover-2021
tarabhalli-lake,14901,2.1,19.7,4.5,68.3,4.7,0.7,0.0,0.0,453,0.0,0.0,0.0,esa-worldcover-2021
tarahunase-lake,19931,17.9,20.2,1.9,57.3,2.4,0.2,0.1,0.0,1405,69.8,0.0,0.4,esa-worldcover-2021
taralu-lake,14240,38.1,16.0,10.7,22.0,13.2,0.1,0.0,0.0,399,55.9,0.0,0.0,esa-worldcover-2021
tataguni-lake,13218,49.7,42.3,3.6,0.2,2.6,0.0,1.5,0.0,277,51.3,0.0,0.0,esa-worldcover-2021
tattaguppe-lake,23983,26.2,14.6,20.4,29.2,6.3,0.4,2.9,0.0,3742,84.7,0.0,1.1,esa-worldcover-2021
tattanahalli-lake,13938,14.5,4.4,20.3,33.1,22.3,5.4,0.0,0.0,251,5.6,0.0,0.0,esa-worldcover-2021
tattanur-lake,20898,5.9,37.9,4.8,50.0,0.9,0.1,0.5,0.0,1778,0.0,0.0,0.0,esa-worldcover-2021
tattekere,15047,11.1,3.1,2.1,81.7,1.9,0.0,0.0,0.0,411,0.0,0.0,0.0,esa-worldcover-2021
tavarekere-kere,28107,10.2,6.3,6.1,65.5,8.4,1.3,2.2,0.0,7603,70.5,0.0,1.3,esa-worldcover-2021
tavarekere-kunte1,10486,6.6,0.0,0.6,0.5,91.8,0.5,0.0,0.0,30,0.0,0.0,100.0,esa-worldcover-2021
tavarekere-kunte2,9956,5.2,0.0,0.6,0.3,93.4,0.5,0.0,0.0,8,0.0,0.0,100.0,esa-worldcover-2021
tavarekere-kunte3,10302,15.3,0.0,0.0,0.1,84.6,0.0,0.0,0.0,21,0.0,0.0,38.1,esa-worldcover-2021
tavarekere-lake,15400,10.8,0.0,0.5,0.5,88.0,0.1,0.0,0.0,564,0.0,0.0,7.6,esa-worldcover-2021
tavarekere-lake-1,12513,7.9,15.7,11.9,57.4,6.6,0.2,0.2,0.0,161,17.4,0.0,1.2,esa-worldcover-2021
tavarekere-lake-2,17723,18.9,6.7,3.8,43.2,27.1,0.3,0.0,0.0,1088,10.2,0.6,2.8,esa-worldcover-2021
tavatahalli-kere,16207,2.2,33.3,4.4,58.9,0.1,1.0,0.0,0.0,793,7.3,0.0,0.0,esa-worldcover-2021
tayappanahalli-kunte,9693,21.1,0.0,0.0,0.0,78.7,0.1,0.0,0.0,3,0.0,0.0,33.3,esa-worldcover-2021
telagarahalli-lake,18817,12.3,11.3,22.3,48.0,6.0,0.0,0.0,0.0,725,8.0,0.0,0.0,esa-worldcover-2021
telegarahalli-lake-2,12676,19.9,12.9,24.4,36.5,5.9,0.1,0.3,0.0,71,0.0,0.0,0.0,esa-worldcover-2021
tellohalli-lake,22150,2.1,7.2,1.8,85.3,3.3,0.2,0.1,0.0,1939,0.0,0.0,0.0,esa-worldcover-2021
teniyur-kere,30743,5.7,18.7,2.5,69.5,3.1,0.5,0.0,0.0,5345,0.0,0.0,0.3,esa-worldcover-2021
thagachikuppi-kunte-1,10673,13.6,10.1,7.0,45.4,23.4,0.5,0.0,0.0,43,0.0,0.0,0.0,esa-worldcover-2021
thagachikuppi-kunte-2,10384,16.3,11.5,10.7,43.8,16.9,0.8,0.0,0.0,24,0.0,0.0,0.0,esa-worldcover-2021
thagachikuppi-kunte-3,10739,24.3,15.0,7.8,34.4,17.2,1.3,0.0,0.0,48,0.0,0.0,66.7,esa-worldcover-2021
thalagattapura-kere,12574,28.6,17.1,6.7,10.8,36.2,0.5,0.0,0.0,269,0.0,0.0,13.8,esa-worldcover-2021
thalagattapura-lake,15627,16.9,9.8,5.5,15.0,52.3,0.4,0.0,0.0,593,0.0,0.0,0.7,esa-worldcover-2021
thammenahalli-kunte-1,10665,8.7,12.6,4.1,31.0,43.3,0.2,0.0,0.0,42,0.0,0.0,16.7,esa-worldcover-2021
thammenahalli-kunte-2,10045,34.2,15.6,3.9,36.4,9.4,0.6,0.0,0.0,10,0.0,0.0,0.0,esa-worldcover-2021
thannisandra-kunte1,10770,11.0,0.2,0.8,7.3,78.1,2.7,0.0,0.0,50,0.0,0.0,100.0,esa-worldcover-2021
thannisandra-kunte2,10418,6.0,8.3,0.6,19.1,66.0,0.1,0.0,0.0,28,0.0,0.0,89.3,esa-worldcover-2021
thigala-choudenahalli-kunte-1,10034,10.2,23.3,8.1,54.9,3.3,0.2,0.0,0.0,12,0.0,0.0,0.0,esa-worldcover-2021
thigala-choudenahalli-kunte-2,9870,13.1,17.4,6.5,46.3,15.1,1.1,0.5,0.0,6,0.0,0.0,0.0,esa-worldcover-2021
thigala-choudenahalli-kunte-3,10065,10.8,5.4,4.6,38.1,40.0,1.1,0.0,0.0,14,0.0,0.0,100.0,esa-worldcover-2021
thigala-choudenahalli-kunte-4,10367,10.5,3.0,3.3,21.6,61.2,0.3,0.0,0.0,26,0.0,0.0,65.4,esa-worldcover-2021
thimappanakere,12379,11.6,10.4,5.4,47.6,24.8,0.1,0.0,0.0,123,0.0,0.0,0.8,esa-worldcover-2021
thimmagowdana-kere,13367,20.8,19.3,6.1,37.4,16.0,0.3,0.0,0.0,280,45.0,0.0,0.0,esa-worldcover-2021
thimmasandra-govt-lake,13891,2.0,17.4,18.1,61.5,0.3,0.6,0.0,0.0,149,0.0,0.0,0.0,esa-worldcover-2021
thimmasandra-kunte,9966,17.1,11.4,2.2,57.6,9.8,0.4,1.4,0.0,8,0.0,0.0,0.0,esa-worldcover-2021
thindlu-katte,10938,11.2,5.1,2.8,21.1,57.6,2.3,0.0,0.0,64,0.0,0.0,100.0,esa-worldcover-2021
thindlu-kunte-1,10272,14.0,7.1,2.4,23.1,51.7,1.8,0.0,0.0,21,0.0,0.0,100.0,esa-worldcover-2021
thindlu-kunte-2,9963,19.0,0.1,0.4,0.6,79.0,1.0,0.0,0.0,8,0.0,0.0,100.0,esa-worldcover-2021
thindlu-kunte3,9825,20.6,7.9,0.2,4.2,64.9,2.2,0.0,0.0,4,0.0,0.0,50.0,esa-worldcover-2021
thindlu-plantation-katte,10860,24.1,8.5,2.3,20.8,42.7,1.7,0.0,0.0,53,0.0,0.0,11.3,esa-worldcover-2021
thippasandra-kere,12550,26.4,17.0,7.0,14.8,34.9,0.0,0.0,0.0,177,0.0,0.0,15.3,esa-worldcover-2021
thippasandra-kunte1,10366,39.7,0.6,0.0,1.2,58.5,0.0,0.0,0.0,24,0.0,0.0,4.2,esa-worldcover-2021
thippasandra-kunte2,10440,11.8,0.0,0.3,0.7,87.3,0.0,0.0,0.0,29,0.0,0.0,100.0,esa-worldcover-2021
thirumenahalli-lake,16411,14.9,8.1,7.7,20.5,44.4,2.2,2.1,0.0,744,18.4,0.0,0.0,esa-worldcover-2021
thotadaguddadahalli-kunte1,10571,20.7,4.9,3.3,26.5,44.1,0.5,0.0,0.0,38,0.0,0.0,7.9,esa-worldcover-2021
thotadaguddadahalli-kunte2,10102,18.8,15.6,4.4,36.2,24.6,0.4,0.0,0.0,14,0.0,0.0,0.0,esa-worldcover-2021
thubarahalli-kunte1,10041,3.5,2.4,5.0,5.1,80.5,3.5,0.0,0.0,10,0.0,0.0,10.0,esa-worldcover-2021
thubarahalli-kunte2,10141,5.3,0.0,0.6,1.4,92.2,0.5,0.0,0.0,14,0.0,0.0,100.0,esa-worldcover-2021
thubarahalli-kunte3,9748,1.9,3.8,4.2,4.9,82.1,3.0,0.0,0.0,4,0.0,0.0,100.0,esa-worldcover-2021
thupinkere,14600,24.8,11.3,6.4,43.0,14.0,0.5,0.0,0.0,431,14.8,0.0,0.0,esa-worldcover-2021
thurahalli-kunte,11328,36.3,9.3,3.8,6.6,43.0,1.0,0.0,0.0,99,0.0,0.0,43.4,esa-worldcover-2021
tigalara-chowddenahalli-govt-karabukere,14134,11.5,12.2,7.2,37.4,30.8,0.8,0.0,0.0,335,14.0,0.0,0.0,esa-worldcover-2021
timmaboyipalya-kere,23192,25.4,20.3,2.8,48.4,2.9,0.1,0.0,0.0,3021,25.0,0.0,0.4,esa-worldcover-2021
timmanayayakanahalli-lake-1,11689,4.3,2.7,7.3,34.5,45.4,5.8,0.1,0.0,82,0.0,0.0,2.4,esa-worldcover-2021
timmasadra-kere,23641,17.0,14.1,6.2,54.3,7.7,0.6,0.1,0.0,2568,61.2,0.0,0.0,esa-worldcover-2021
timmasandra-kere,13457,5.9,16.9,23.5,49.0,0.0,4.6,0.0,0.0,244,24.6,0.0,0.0,esa-worldcover-2021
timmasandra-kere-2,19154,7.4,3.2,2.1,79.3,5.4,1.7,1.0,0.0,1670,5.5,0.0,0.0,esa-worldcover-2021
timmayyanadoddi-lake,11907,32.6,6.1,17.1,10.9,21.6,9.7,2.0,0.0,127,9.4,0.0,0.0,esa-worldcover-2021
tindlu-kere-e,19217,6.0,15.6,6.1,54.6,17.3,0.5,0.0,0.0,1469,0.0,0.0,0.8,esa-worldcover-2021
tindlu-lake,18209,5.1,2.5,1.9,82.3,7.7,0.5,0.0,0.0,964,39.7,0.0,0.0,esa-worldcover-2021
tindlu-lake-2,12109,2.7,4.4,1.5,86.8,1.8,0.6,2.3,0.0,160,0.0,0.0,0.0,esa-worldcover-2021
tippagondanahalli-lower-kere,13949,17.8,1.0,0.7,77.2,3.2,0.0,0.1,0.0,384,20.8,0.0,0.3,esa-worldcover-2021
tippagondanahalli-up-kere,13837,13.0,5.7,2.4,67.8,10.1,1.0,0.0,0.0,215,0.0,0.0,2.3,esa-worldcover-2021
tippagondanhalli-low-kere,11724,11.1,9.3,2.3,73.5,3.8,0.0,0.0,0.0,92,5.4,0.0,0.0,esa-worldcover-2021
tippapura-kere,12900,16.2,13.6,1.4,61.1,6.9,0.1,0.6,0.0,284,38.7,0.0,0.0,esa-worldcover-2021
tippasandra-lake,14810,6.9,29.0,5.1,49.0,8.7,1.4,0.0,0.0,361,0.0,0.0,1.4,esa-worldcover-2021
tippenhalli-kere,24998,8.8,4.6,1.8,79.5,5.3,0.1,0.0,0.0,3019,0.0,0.0,0.1,esa-worldcover-2021
tirumagondanahalli-lake,14247,26.1,6.0,11.9,27.1,26.8,2.2,0.0,0.0,445,14.4,0.0,0.0,esa-worldcover-2021
tirumagondanapalya-kere,16394,11.0,5.8,1.4,76.0,5.2,0.5,0.2,0.0,840,0.0,0.0,0.0,esa-worldcover-2021
tirumalapura-kere,14668,8.3,5.1,0.4,82.2,3.8,0.2,0.1,0.0,399,16.8,0.0,0.0,esa-worldcover-2021
tiruvaranga-lake,19014,7.8,20.8,7.2,59.7,4.4,0.1,0.0,0.0,1111,0.1,0.0,0.0,esa-worldcover-2021
togarighatta-kere,16298,7.5,9.0,1.5,77.5,4.1,0.1,0.4,0.0,719,31.2,0.0,7.2,esa-worldcover-2021
toli-katte,16891,25.2,19.1,1.8,44.1,9.7,0.2,0.0,0.0,890,10.6,0.0,0.0,esa-worldcover-2021
tonachinakuppre-kere,13961,8.5,3.9,3.8,61.3,21.3,1.1,0.1,0.0,397,64.2,0.0,0.0,esa-worldcover-2021
torenagasandra-kunte1,10082,11.3,8.5,0.3,74.3,5.5,0.0,0.0,0.0,14,0.0,0.0,0.0,esa-worldcover-2021
torenagasandra-kunte2,10359,10.8,8.3,0.8,76.0,4.1,0.0,0.0,0.0,25,0.0,0.0,0.0,esa-worldcover-2021
torenagasandra-urkunte-newly-created,10756,25.3,5.9,0.4,59.6,8.9,0.0,0.0,0.0,49,0.0,0.0,87.8,esa-worldcover-2021
totagere-kere,12987,9.9,3.0,1.2,78.4,7.5,0.0,0.0,0.0,275,29.8,0.0,0.0,esa-worldcover-2021
totanahalli-lake,10779,9.6,5.2,10.2,68.1,3.6,3.2,0.1,0.0,34,0.0,0.0,0.0,esa-worldcover-2021
tubagere-kere,19918,11.7,3.8,2.4,69.5,12.5,0.0,0.0,0.0,1995,0.0,0.0,0.4,esa-worldcover-2021
tubinkere,13548,23.6,19.1,1.7,46.0,9.4,0.0,0.2,0.0,201,0.0,0.0,0.0,esa-worldcover-2021
tubukunte-lake,11624,7.6,9.2,0.8,79.5,2.8,0.1,0.0,0.0,71,0.0,0.0,0.0,esa-worldcover-2021
tyamagondal-kere,17407,19.5,6.3,2.4,70.6,1.1,0.0,0.0,0.0,921,6.3,0.0,0.0,esa-worldcover-2021
tyavakanahalli-kere,14522,9.2,20.5,11.3,45.6,12.1,1.3,0.0,0.0,397,0.0,0.0,0.0,esa-worldcover-2021
udanahalli-kere,17831,7.9,6.8,2.4,75.7,6.6,0.3,0.2,0.0,1126,31.6,0.0,0.0,esa-worldcover-2021
uddichikkanahalli-kere,16163,20.6,8.6,0.7,69.7,0.4,0.1,0.0,0.0,521,0.0,0.0,0.0,esa-worldcover-2021
ujjani-lake,16884,2.1,58.7,13.7,25.4,0.0,0.0,0.0,0.0,982,48.2,0.0,0.0,esa-worldcover-2021
ullalu-kunte1,9705,15.6,6.5,0.6,9.0,68.0,0.2,0.0,0.0,4,0.0,0.0,100.0,esa-worldcover-2021
ullalu-kunte2,10074,14.8,18.8,4.3,29.8,32.0,0.3,0.0,0.0,11,0.0,0.0,0.0,esa-worldcover-2021
ullalu-kunte3,10472,17.2,25.4,4.8,22.6,29.7,0.4,0.0,0.0,28,0.0,0.0,0.0,esa-worldcover-2021
ullalu-lake-1,10686,14.3,16.2,1.8,19.5,48.1,0.1,0.0,0.0,31,0.0,0.0,19.4,esa-worldcover-2021
ullalu-lake-2,19445,15.5,9.4,1.1,12.1,61.6,0.4,0.0,0.0,1149,0.0,0.0,6.4,esa-worldcover-2021
ulsoor-kunte,9867,12.2,0.5,0.3,1.5,73.0,0.2,12.2,0.0,6,0.0,0.0,100.0,esa-worldcover-2021
ulsoor-lake,26991,36.0,1.0,2.7,2.1,56.3,0.4,1.4,0.0,4417,83.9,0.0,0.5,esa-worldcover-2021
unnamed-lake,14905,6.1,8.9,0.5,84.0,0.2,0.3,0.0,0.0,366,15.0,0.0,0.0,esa-worldcover-2021
unnamed-tank-near-abdul-kalam-nagar,14774,5.3,0.0,0.5,0.1,93.9,0.2,0.0,0.0,763,0.0,0.0,100.0,esa-worldcover-2021
unnamed-tank-near-adarangi,15603,18.1,36.5,5.6,38.0,1.5,0.1,0.2,0.0,1019,0.0,0.0,0.9,esa-worldcover-2021
unnamed-tank-near-adisanahatty,16909,9.8,7.8,14.5,56.2,10.8,1.0,0.0,0.0,1512,0.0,0.0,2.9,esa-worldcover-2021
unnamed-tank-near-agasarahalli,18617,21.9,7.6,0.8,63.4,6.2,0.1,0.0,0.0,2250,0.0,0.0,0.0,esa-worldcover-2021
unnamed-tank-near-ajjahalli,27735,48.2,14.7,0.8,30.1,6.1,0.0,0.0,0.0,8900,0.0,0.0,1.2,esa-worldcover-2021
unnamed-tank-near-alambadi,15614,3.9,38.1,3.3,50.0,4.4,0.2,0.0,0.0,1032,2.7,0.0,0.0,esa-worldcover-2021
unnamed-tank-near-alappanahalli,15907,6.7,8.0,0.6,84.5,0.2,0.1,0.0,0.0,1111,0.0,0.0,0.0,esa-worldcover-2021
unnamed-tank-near-alur,16322,12.4,25.4,2.7,56.8,1.6,0.2,0.9,0.0,1277,0.0,0.0,0.1,esa-worldcover-2021
unnamed-tank-near-ambiga,18629,13.1,54.7,3.7,25.1,0.6,2.7,0.0,0.0,2248,0.0,0.0,0.0,esa-worldcover-2021
unnamed-tank-near-anagalapura,19035,25.0,11.9,2.1,39.1,21.3,0.5,0.1,0.0,2465,0.0,0.0,10.1,esa-worldcover-2021
unnamed-tank-near-araledibba,16003,3.9,2.0,1.0,89.2,3.1,0.8,0.0,0.0,1157,0.0,0.0,0.0,esa-worldcover-2021
unnamed-tank-near-arasanahalli,18208,3.6,5.1,5.7,79.7,4.3,1.1,0.5,0.0,2043,0.0,0.0,0.0,esa-worldcover-2021
unnamed-tank-near-arishinakunte,22078,28.4,11.6,1.7,53.3,3.8,0.5,0.7,0.0,4247,0.0,0.0,0.4,esa-worldcover-2021
unnamed-tank-near-avalakuppe,19232,13.3,27.6,4.1,54.0,0.9,0.1,0.0,0.0,2564,0.0,0.0,1.3,esa-worldcover-2021
unnamed-tank-near-badamanavarthakaval-p2,15392,28.9,70.7,0.4,0.0,0.0,0.0,0.0,0.0,957,0.0,0.0,0.0,esa-worldcover-2021
unnamed-tank-near-bagalur,25078,13.4,13.2,3.8,42.1,27.2,0.2,0.0,0.0,6530,0.0,0.0,3.9,esa-worldcover-2021
unnamed-tank-near-bagalur-2,17216,2.8,10.6,9.3,67.6,9.4,0.3,0.0,0.0,1615,0.0,0.0,0.1,esa-worldcover-2021
unnamed-tank-near-bairagondlu,22822,11.6,7.4,0.0,78.9,2.2,0.0,0.0,0.0,4774,0.0,0.0,0.0,esa-worldcover-2021
unnamed-tank-near-bairasandra,16815,18.3,17.1,1.3,61.6,1.6,0.2,0.1,0.0,1461,0.0,0.0,0.0,esa-worldcover-2021
unnamed-tank-near-bairasandra-2,18095,15.8,9.0,2.7,69.8,2.6,0.0,0.0,0.0,1992,0.0,0.0,0.6,esa-worldcover-2021
unnamed-tank-near-banasawadi,21489,10.8,20.1,5.4,63.1,0.6,0.0,0.0,0.0,3881,0.0,0.0,12.2,esa-worldcover-2021
unnamed-tank-near-banavadi,16405,22.8,5.6,0.4,64.4,5.5,0.0,1.2,0.0,1299,0.0,0.0,0.9,esa-worldcover-2021
unnamed-tank-near-banavadi-2,17449,15.5,6.3,0.8,76.1,1.2,0.0,0.0,0.0,1715,0.0,0.0,0.0,esa-worldcover-2021
unnamed-tank-near-banavati,15619,9.4,1.9,0.2,83.0,5.5,0.0,0.0,0.0,1022,0.0,0.0,0.0,esa-worldcover-2021
unnamed-tank-near-banavati-2,22865,6.9,5.9,0.7,82.9,3.5,0.0,0.0,0.0,4809,0.0,0.0,0.3,esa-worldcover-2021
unnamed-tank-near-bandaiahana-palya,31656,14.7,2.8,1.6,77.9,2.3,0.8,0.0,0.0,13150,0.0,0.0,1.8,esa-worldcover-2021
unnamed-tank-near-baraguru,21450,4.9,23.5,1.2,62.9,1.5,0.3,5.7,0.0,3854,0.0,0.0,0.7,esa-worldcover-2021
unnamed-tank-near-basavanahalli,16171,18.7,6.1,4.4,63.8,6.7,0.1,0.3,0.0,1213,7.7,0.0,4.1,esa-worldcover-2021
unnamed-tank-near-begepalli,19733,4.0,9.4,11.8,37.7,36.3,0.8,0.0,0.0,2847,0.0,0.0,10.3,esa-worldcover-2021
unnamed-tank-near-belagondapalli,25682,7.7,3.1,25.3,51.2,12.5,0.3,0.0,0.0,7065,0.0,0.0,1.1,esa-worldcover-2021
unnamed-tank-near-benakina-madagu,15439,8.8,55.5,0.2,35.6,0.0,0.0,0.0,0.0,960,0.0,0.0,0.0,esa-worldcover-2021
unnamed-tank-near-benakina-madagu-2,18143,7.8,61.0,0.1,31.0,0.0,0.0,0.0,0.0,2012,0.0,0.0,0.0,esa-worldcover-2021
unnamed-tank-near-bennagere,17770,23.0,7.5,0.5,66.6,2.3,0.1,0.0,0.0,1853,0.0,0.0,0.0,esa-worldcover-2021
unnamed-tank-near-bhimapura,17185,0.6,16.4,3.2,79.6,0.0,0.0,0.0,0.0,1615,0.0,0.0,0.0,esa-worldcover-2021
unnamed-tank-near-bhimasagara,16264,23.3,12.4,0.7,59.7,3.8,0.1,0.0,0.0,1241,0.0,0.0,2.2,esa-worldcover-2021
unnamed-tank-near-bhusandra,21399,17.2,13.6,1.8,63.3,3.9,0.3,0.0,0.0,3843,0.0,0.0,0.0,esa-worldcover-2021
unnamed-tank-near-bidanapalya,22891,12.7,19.4,4.2,61.7,2.0,0.0,0.0,0.0,4817,1.0,0.0,1.4,esa-worldcover-2021
unnamed-tank-near-bidarahalli,17229,18.9,14.4,5.4,31.9,27.6,1.8,0.0,0.0,1630,0.0,0.0,40.1,esa-worldcover-2021
unnamed-tank-near-bolamaranahalli,15235,13.0,18.8,1.7,64.1,2.3,0.1,0.0,0.0,895,0.0,0.0,1.2,esa-worldcover-2021
unnamed-tank-near-bommandapalli,17053,2.6,5.8,23.8,48.3,18.4,0.9,0.2,0.0,1568,0.8,0.0,2.6,esa-worldcover-2021
unnamed-tank-near-brundavana-layout,20686,15.8,15.6,9.6,53.4,4.9,0.8,0.0,0.0,3389,0.0,0.0,3.4,esa-worldcover-2021
unnamed-tank-near-buchanahalli,18123,13.1,7.1,0.0,79.2,0.6,0.0,0.0,0.0,2003,0.0,0.0,0.0,esa-worldcover-2021
unnamed-tank-near-byadarahalli,15508,11.7,3.0,0.6,81.9,2.4,0.1,0.2,0.0,982,0.0,0.0,0.1,esa-worldcover-2021
unnamed-tank-near-byata,18009,42.9,5.5,0.3,45.6,5.7,0.0,0.0,0.0,1950,0.0,0.0,0.3,esa-worldcover-2021
unnamed-tank-near-byata-2,22354,10.4,18.2,0.8,68.3,2.2,0.2,0.0,0.0,4431,0.0,0.0,0.0,esa-worldcover-2021
unnamed-tank-near-channadevi-agrahara,17589,12.9,13.1,2.1,68.9,2.9,0.1,0.0,0.0,1775,0.0,0.0,1.5,esa-worldcover-2021
unnamed-tank-near-channarayapatna,31473,2.8,4.8,1.9,89.3,1.1,0.1,0.0,0.0,12932,0.0,0.0,0.0,esa-worldcover-2021
unnamed-tank-near-channenahalli,19948,14.0,9.7,5.1,38.6,31.1,0.6,0.8,0.0,2948,0.0,0.0,1.3,esa-worldcover-2021
unnamed-tank-near-chikka-koratagere,15504,47.3,3.4,0.3,43.5,5.5,0.0,0.0,0.0,986,0.0,0.0,0.0,esa-worldcover-2021
unnamed-tank-near-chikka-kukkanahalli,15283,28.3,11.6,1.4,55.2,1.8,1.7,0.0,0.0,920,0.0,0.0,0.0,esa-worldcover-2021
unnamed-tank-near-chikka-kukkanahalli-2,17311,5.8,9.2,1.5,83.1,0.4,0.1,0.0,0.0,1650,0.0,0.0,0.0,esa-worldcover-2021
unnamed-tank-near-chikka-saggere,17922,24.9,8.2,0.0,65.0,1.9,0.0,0.0,0.0,1915,0.0,0.0,0.0,esa-worldcover-2021
unnamed-tank-near-chikka-saggere-2,15848,19.5,11.7,0.0,68.2,0.6,0.0,0.0,0.0,1099,0.0,0.0,0.0,esa-worldcover-2021
unnamed-tank-near-chikkahosahalli,16432,11.3,2.9,4.1,72.9,7.6,1.2,0.0,0.0,1296,0.0,0.0,0.3,esa-worldcover-2021
unnamed-tank-near-chikkahosahalli-2,16550,13.6,3.8,2.2,75.5,4.3,0.7,0.0,0.0,1353,0.0,0.0,0.1,esa-worldcover-2021
unnamed-tank-near-chikkamuddenahalli,20493,6.9,50.3,2.0,38.9,1.7,0.2,0.0,0.0,3257,0.0,0.0,7.8,esa-worldcover-2021
unnamed-tank-near-chikkanahalli,15858,8.4,8.0,2.5,80.6,0.1,0.0,0.3,0.0,1107,0.0,0.0,0.0,esa-worldcover-2021
unnamed-tank-near-chikkanahalli-2,41375,2.8,12.7,2.4,73.7,7.3,1.1,0.0,0.0,27086,0.0,0.0,0.9,esa-worldcover-2021
unnamed-tank-near-chikkondahalli,16364,6.6,9.9,1.4,77.3,1.3,2.7,0.8,0.0,1291,0.0,0.0,0.0,esa-worldcover-2021
unnamed-tank-near-chilenahalli,20334,0.7,58.1,3.6,37.2,0.0,0.5,0.0,0.0,3146,0.0,0.0,0.0,esa-worldcover-2021
unnamed-tank-near-chimachanahalli,21413,2.0,3.4,1.3,87.4,5.5,0.4,0.0,0.0,3847,0.0,0.0,9.6,esa-worldcover-2021
unnamed-tank-near-chinnahalli,18827,22.3,9.8,0.5,66.9,0.5,0.1,0.0,0.0,2344,0.0,0.0,0.0,esa-worldcover-2021
unnamed-tank-near-chokkandahalli,19581,11.3,38.4,2.7,43.7,3.3,0.5,0.0,0.0,2752,0.0,0.0,0.0,esa-worldcover-2021
unnamed-tank-near-chunchanakuppe,15274,14.5,14.7,22.7,42.9,3.8,1.3,0.0,0.0,914,0.0,0.0,11.1,esa-worldcover-2021
unnamed-tank-near-dadagattamadagu,19720,5.8,10.9,0.9,80.4,2.1,0.0,0.0,0.0,2815,0.0,0.0,0.0,esa-worldcover-2021
unnamed-tank-near-dalasagere,33162,2.8,10.2,1.7,80.5,3.4,0.7,0.7,0.0,14981,0.0,0.0,1.0,esa-worldcover-2021
unnamed-tank-near-dasanapura,21479,11.1,5.8,3.7,62.5,16.6,0.3,0.0,0.0,3872,0.0,0.0,6.9,esa-worldcover-2021
unnamed-tank-near-devaganahalli,17695,7.8,2.4,6.3,65.4,15.9,2.1,0.1,0.0,1823,0.0,0.0,4.1,esa-worldcover-2021
unnamed-tank-near-devanahalli,15954,7.2,4.2,3.3,40.6,43.7,0.2,0.7,0.0,1131,2.1,0.0,4.7,esa-worldcover-2021
unnamed-tank-near-devashettihalli,16448,7.4,29.1,4.9,51.9,4.1,2.6,0.0,0.0,1321,0.0,0.0,0.0,esa-worldcover-2021
unnamed-tank-near-dharmapura,19304,2.9,45.3,1.1,47.0,3.7,0.1,0.0,0.0,2604,0.0,0.0,3.3,esa-worldcover-2021
unnamed-tank-near-dodda-hosahalli,16206,6.5,6.1,1.0,79.9,6.3,0.2,0.0,0.0,1229,0.0,0.0,0.0,esa-worldcover-2021
unnamed-tank-near-dodda-saggere,16072,20.8,2.6,0.1,72.6,3.8,0.1,0.0,0.0,1173,0.0,0.0,10.1,esa-worldcover-2021
unnamed-tank-near-doddabettahalli,13762,29.6,1.8,0.6,6.9,60.2,0.9,0.0,0.0,504,0.0,0.0,52.0,esa-worldcover-2021
unnamed-tank-near-doddahulluru,25582,6.0,10.9,6.7,64.9,9.8,1.7,0.0,0.0,6957,0.1,0.0,0.3,esa-worldcover-2021
unnamed-tank-near-dombarahalli,19184,16.0,7.2,4.2,28.8,43.2,0.7,0.0,0.0,2553,0.0,0.0,26.6,esa-worldcover-2021
unnamed-tank-near-dyapenahalli,16209,10.3,10.5,1.7,74.1,3.3,0.1,0.0,0.0,1223,0.0,0.0,0.2,esa-worldcover-2021
unnamed-tank-near-dyavasandra,16269,24.2,6.7,0.1,66.3,2.6,0.0,0.0,0.0,1242,0.0,0.0,0.0,esa-worldcover-2021
unnamed-tank-near-dyavasandra-2,28519,10.4,15.8,2.6,63.9,5.7,1.3,0.3,0.0,9655,0.0,0.0,1.5,esa-worldcover-2021
unnamed-tank-near-eluvapalli,15773,1.6,7.0,13.2,63.0,14.7,0.6,0.0,0.0,1083,0.0,0.0,0.0,esa-worldcover-2021
unnamed-tank-near-ennigere,20209,16.8,8.3,1.4,70.1,3.3,0.1,0.0,0.0,3100,0.4,0.0,2.2,esa-worldcover-2021
unnamed-tank-near-gangodanahalli,24540,20.4,25.4,4.6,29.4,19.5,0.5,0.2,0.0,6083,0.0,0.0,17.6,esa-worldcover-2021
unnamed-tank-near-garudagallu,19032,14.4,18.7,0.2,65.7,1.0,0.0,0.0,0.0,2444,0.0,0.0,0.0,esa-worldcover-2021
unnamed-tank-near-garudagallu-2,22097,7.7,22.8,0.1,68.8,0.5,0.0,0.0,0.0,4257,0.0,0.0,3.3,esa-worldcover-2021
unnamed-tank-near-gaudanakunte,15853,11.7,11.1,0.6,75.2,1.4,0.0,0.0,0.0,1100,0.0,0.0,0.0,esa-worldcover-2021
unnamed-tank-near-giddenahalli,16059,28.6,16.2,13.7,34.6,4.8,2.0,0.1,0.0,1175,0.0,0.0,0.0,esa-worldcover-2021
unnamed-tank-near-giduganahalli,16279,4.8,19.2,4.1,69.4,1.6,0.7,0.1,0.0,1244,0.0,0.0,0.0,esa-worldcover-2021
unnamed-tank-near-giduganahalli-2,17988,4.7,7.0,1.0,86.7,0.6,0.1,0.0,0.0,1945,0.0,0.0,0.0,esa-worldcover-2021
unnamed-tank-near-gollahalli,19424,40.1,18.8,1.5,35.2,4.0,0.1,0.2,0.0,2653,0.6,0.0,0.9,esa-worldcover-2021
unnamed-tank-near-guddadahalli,21733,38.7,14.3,1.1,44.5,0.7,0.7,0.0,0.0,4036,0.0,0.0,0.5,esa-worldcover-2021
unnamed-tank-near-gudemaranahalli,15845,38.6,9.6,0.6,49.0,2.0,0.2,0.0,0.0,1104,0.0,0.0,0.0,esa-worldcover-2021
unnamed-tank-near-gummanahalli,17926,3.4,42.6,0.2,53.6,0.2,0.0,0.0,0.0,1911,0.0,0.0,0.0,esa-worldcover-2021
unnamed-tank-near-gummanahalli-2,16850,7.0,7.0,1.8,78.2,5.9,0.0,0.0,0.0,1462,0.0,0.0,2.6,esa-worldcover-2021
unnamed-tank-near-gundammanapalya,15913,19.9,18.2,1.8,58.5,1.5,0.1,0.0,0.0,1130,0.0,0.0,0.1,esa-worldcover-2021
unnamed-tank-near-gundlahalli,16376,0.6,15.3,2.1,81.8,0.0,0.1,0.0,0.0,1278,0.0,0.0,0.0,esa-worldcover-2021
unnamed-tank-near-hakkinalu,18634,22.8,23.9,2.5,46.8,4.1,0.0,0.0,0.0,2255,0.0,0.0,0.0,esa-worldcover-2021
unnamed-tank-near-harti,17717,12.5,10.1,2.5,71.0,3.9,0.1,0.0,0.0,1833,0.0,0.0,8.0,esa-worldcover-2021
unnamed-tank-near-hebbagodi,21641,11.7,0.1,0.6,3.4,84.1,0.1,0.0,0.0,3985,0.0,0.0,85.6,esa-worldcover-2021
unnamed-tank-near-heggadadevanapura,31175,15.6,17.6,3.0,43.1,20.3,0.2,0.2,0.0,12575,1.4,0.0,10.7,esa-worldcover-2021
unnamed-tank-near-hemapura,15686,17.8,9.4,0.4,71.2,0.8,0.1,0.3,0.1,1044,0.1,0.2,5.1,esa-worldcover-2021
unnamed-tank-near-hodekallu,18714,18.2,16.9,6.0,54.6,3.7,0.5,0.0,0.0,2301,0.0,0.0,0.0,esa-worldcover-2021
unnamed-tank-near-honnarayanahalli,16499,27.5,9.4,0.8,61.1,1.0,0.2,0.0,0.0,1333,0.0,0.0,25.2,esa-worldcover-2021
unnamed-tank-near-honnenahalli,17125,9.0,2.6,4.2,71.8,7.6,4.7,0.1,0.0,1579,0.0,0.0,10.1,esa-worldcover-2021
unnamed-tank-near-hosakote,15550,7.2,12.4,1.3,78.6,0.2,0.3,0.0,0.0,993,0.0,0.0,0.0,esa-worldcover-2021
unnamed-tank-near-hosakote-2,16213,12.7,3.7,0.4,82.5,0.7,0.0,0.0,0.0,1224,0.0,0.0,0.0,esa-worldcover-2021
unnamed-tank-near-hullegaudanahalli,25069,24.5,13.9,2.6,53.1,4.1,0.1,1.7,0.0,6508,0.0,0.0,1.9,esa-worldcover-2021
unnamed-tank-near-huskur-kodi,20855,10.2,16.6,2.2,63.9,6.7,0.4,0.0,0.0,3482,0.0,0.0,0.0,esa-worldcover-2021
unnamed-tank-near-huskuru,17641,7.9,8.3,1.2,79.6,2.9,0.2,0.0,0.0,1790,0.0,0.0,0.7,esa-worldcover-2021
unnamed-tank-near-huskuru-2,16324,7.6,3.9,2.8,82.7,2.7,0.3,0.0,0.0,1267,0.0,0.0,3.4,esa-worldcover-2021
unnamed-tank-near-huvinayakanahalli,19930,2.6,7.2,8.8,52.8,12.1,16.6,0.0,0.0,2942,0.0,0.0,18.2,esa-worldcover-2021
unnamed-tank-near-isturu-hosahalli,17070,5.9,7.1,0.9,80.7,5.4,0.0,0.0,0.0,1564,0.0,0.0,0.0,esa-worldcover-2021
unnamed-tank-near-jigani,17878,7.5,0.6,0.4,2.2,88.6,0.7,0.0,0.0,1906,0.0,0.0,62.5,esa-worldcover-2021
unnamed-tank-near-kadaranahalli,17781,33.6,41.0,4.4,17.6,3.1,0.3,0.0,0.0,1867,0.0,0.0,0.0,esa-worldcover-2021
unnamed-tank-near-kadatippuru,15898,22.8,23.4,1.9,50.1,1.8,0.0,0.0,0.0,1114,0.0,0.0,0.0,esa-worldcover-2021
unnamed-tank-near-kadirenahalli,18998,9.3,29.6,6.7,53.5,0.6,0.1,0.1,0.0,2454,0.0,0.0,1.3,esa-worldcover-2021
unnamed-tank-near-kadugujjanahalli,17245,21.1,15.7,3.4,58.5,0.9,0.4,0.0,0.0,1624,0.0,0.0,14.3,esa-worldcover-2021
unnamed-tank-near-kadugujjanahalli-2,18939,14.6,9.8,4.7,69.4,1.4,0.2,0.0,0.0,2390,0.0,0.0,0.0,esa-worldcover-2021
unnamed-tank-near-kadukunte,24646,9.6,7.0,4.2,77.5,1.7,0.1,0.0,0.0,6135,0.0,0.0,0.4,esa-worldcover-2021
unnamed-tank-near-kaggadasapura,18025,21.6,3.3,0.8,1.6,72.4,0.4,0.0,0.0,1982,0.0,0.0,81.4,esa-worldcover-2021
unnamed-tank-near-kalanayakanahalli,15719,18.4,22.6,31.7,23.9,0.2,0.1,3.1,0.0,1069,0.0,0.0,3.7,esa-worldcover-2021
unnamed-tank-near-kalkere,21555,6.5,29.3,4.5,53.7,5.9,0.1,0.0,0.0,3914,0.0,0.0,0.0,esa-worldcover-2021
unnamed-tank-near-kalludevanahalli,39308,8.1,10.1,2.4,76.0,3.3,0.2,0.0,0.0,23709,0.0,0.0,1.9,esa-worldcover-2021
unnamed-tank-near-kallukunte,21213,6.9,12.1,0.4,80.0,0.6,0.0,0.0,0.0,3681,0.0,0.0,0.0,esa-worldcover-2021
unnamed-tank-near-kamalapura,16206,22.2,22.0,10.6,38.8,4.9,1.1,0.4,0.0,1223,0.7,0.0,0.0,esa-worldcover-2021
unnamed-tank-near-kamaluru,16813,6.1,8.2,1.2,81.1,3.2,0.1,0.2,0.0,1450,0.0,0.0,0.6,esa-worldcover-2021
unnamed-tank-near-kamaluru-palya,19185,6.4,12.3,4.8,73.1,2.9,0.6,0.0,0.0,2532,0.0,0.0,0.0,esa-worldcover-2021
unnamed-tank-near-kammasandra,16664,21.9,25.0,6.2,43.0,3.2,0.3,0.3,0.0,1404,0.0,0.0,0.0,esa-worldcover-2021
unnamed-tank-near-kanakenahalli,16740,1.7,39.3,1.2,57.8,0.0,0.0,0.0,0.0,1418,0.0,0.0,0.0,esa-worldcover-2021
unnamed-tank-near-kanakenahalli-2,16146,14.7,8.9,0.7,72.6,3.0,0.1,0.0,0.0,1202,0.0,0.0,0.0,esa-worldcover-2021
unnamed-tank-near-kanegaudanahalli,20628,14.5,6.2,2.3,60.7,14.9,0.3,1.1,0.0,3346,0.0,0.0,0.0,esa-worldcover-2021
unnamed-tank-near-kannaikana-agrahara,20439,37.3,28.1,8.0,10.4,14.2,1.2,0.9,0.0,3242,0.0,0.0,19.3,esa-worldcover-2021
unnamed-tank-near-karimanne,18873,3.2,7.4,0.6,86.2,2.5,0.0,0.0,0.0,2367,0.0,0.0,0.0,esa-worldcover-2021
unnamed-tank-near-karlapura,18930,6.5,30.2,2.8,59.8,0.5,0.2,0.0,0.0,2401,0.0,0.0,0.0,esa-worldcover-2021
unnamed-tank-near-kasaraghatta,16011,10.8,4.8,1.0,80.6,1.3,0.5,0.9,0.0,1154,0.0,0.0,0.0,esa-worldcover-2021
unnamed-tank-near-katenahalli,27054,15.6,18.0,0.1,64.4,1.9,0.0,0.0,0.0,8232,0.0,0.0,1.2,esa-worldcover-2021
unnamed-tank-near-kattugollahalli,20142,5.2,37.3,7.6,42.2,6.0,1.7,0.0,0.0,3061,0.0,0.0,12.5,esa-worldcover-2021
unnamed-tank-near-kempalinganahalli,17638,10.0,13.2,10.9,61.5,3.9,0.4,0.2,0.0,1799,0.0,0.0,0.3,esa-worldcover-2021
unnamed-tank-near-kempohalli,19484,23.1,17.5,1.0,54.9,3.3,0.0,0.0,0.0,2688,0.0,0.0,0.0,esa-worldcover-2021
unnamed-tank-near-kenchanakuppe,15427,10.1,14.5,24.6,43.6,3.7,1.3,2.2,0.0,963,0.0,0.0,0.7,esa-worldcover-2021
unnamed-tank-near-ketaganahalli,16585,10.9,14.7,14.2,48.0,8.1,3.6,0.4,0.0,1370,0.0,0.0,0.0,esa-worldcover-2021
unnamed-tank-near-kodappanahalli,30974,18.9,16.4,2.2,58.5,3.7,0.0,0.3,0.0,12362,0.7,0.0,3.6,esa-worldcover-2021
unnamed-tank-near-kodihalli,22035,16.1,40.4,0.3,40.2,3.0,0.0,0.0,0.0,4229,0.0,0.0,0.0,esa-worldcover-2021
unnamed-tank-near-kodihalli-2,20756,4.8,21.3,0.6,72.2,1.0,0.0,0.0,0.0,3421,0.0,0.0,0.0,esa-worldcover-2021
unnamed-tank-near-kodihalli-3,18920,66.2,12.6,5.5,14.8,0.9,0.0,0.0,0.0,2401,0.0,0.0,0.0,esa-worldcover-2021
unnamed-tank-near-kolala,17512,32.7,14.4,0.0,51.7,1.2,0.0,0.0,0.0,1743,0.0,0.0,1.4,esa-worldcover-2021
unnamed-tank-near-kolala-2,18778,26.2,15.4,2.5,48.8,7.1,0.0,0.0,0.0,2319,0.0,0.0,1.7,esa-worldcover-2021
unnamed-tank-near-konenahalli,16591,3.6,36.6,0.7,58.5,0.5,0.0,0.0,0.0,1368,0.0,0.0,0.0,esa-worldcover-2021
unnamed-tank-near-korlahalli,15846,17.9,57.9,1.3,23.0,0.0,0.0,0.0,0.0,1102,0.0,0.0,0.0,esa-worldcover-2021
unnamed-tank-near-kottaganahalli,18655,24.4,17.4,4.0,50.4,3.5,0.2,0.0,0.0,2277,0.0,0.0,9.4,esa-worldcover-2021
unnamed-tank-near-kugonahalli,15772,11.9,13.4,0.9,71.5,2.3,0.0,0.0,0.0,1068,0.0,0.0,0.0,esa-worldcover-2021
unnamed-tank-near-kugonahalli-2,21192,3.8,14.3,3.8,75.6,2.4,0.0,0.0,0.0,3663,0.2,0.0,0.0,esa-worldcover-2021
unnamed-tank-near-kuluvanahally,19379,17.6,3.6,1.2,75.1,2.1,0.1,0.4,0.0,2648,0.0,0.0,0.0,esa-worldcover-2021
unnamed-tank-near-kuruvelu,21869,10.0,38.3,2.0,46.7,2.8,0.1,0.0,0.0,4102,0.0,0.0,0.0,esa-worldcover-2021
unnamed-tank-near-lakkenahalli,18430,14.3,7.4,1.6,68.4,8.3,0.0,0.0,0.0,2157,0.0,0.0,0.0,esa-worldcover-2021
unnamed-tank-near-lingadaviranahalli,17604,7.8,22.7,0.5,66.6,2.4,0.0,0.0,0.0,1776,0.0,0.0,1.0,esa-worldcover-2021
unnamed-tank-near-lingapura,20463,9.8,3.1,0.0,86.0,1.1,0.0,0.0,0.0,3233,0.0,0.0,0.0,esa-worldcover-2021
unnamed-tank-near-lingapura-2,19748,3.7,14.2,9.1,62.0,5.4,5.7,0.0,0.0,2845,0.0,0.0,11.3,esa-worldcover-2021
unnamed-tank-near-machonayakanahalli,16267,11.2,4.3,1.6,80.1,2.2,0.6,0.1,0.0,1249,0.0,0.0,5.5,esa-worldcover-2021
unnamed-tank-near-madanayakanahalli,15256,13.9,6.0,4.3,16.1,58.3,1.4,0.0,0.0,908,0.0,0.0,40.3,esa-worldcover-2021
unnamed-tank-near-madhya-venkatapura,20006,12.9,7.7,0.0,78.1,1.2,0.0,0.0,0.0,2973,0.0,0.0,0.0,esa-worldcover-2021
unnamed-tank-near-madhya-venkatapura-2,19997,10.0,2.6,0.0,85.0,2.4,0.0,0.0,0.0,2973,0.0,0.0,0.0,esa-worldcover-2021
unnamed-tank-near-madigondanahalli,17123,15.6,18.1,4.4,59.0,2.1,0.1,0.6,0.0,1578,0.0,0.0,0.0,esa-worldcover-2021
unnamed-tank-near-mahadevapura,16354,16.9,9.1,4.0,57.6,11.1,1.3,0.0,0.0,1280,0.0,0.0,25.7,esa-worldcover-2021
unnamed-tank-near-makenahalli,15516,4.6,14.7,7.6,61.3,3.6,8.1,0.1,0.0,984,0.0,0.0,0.0,esa-worldcover-2021
unnamed-tank-near-mallasandra,16381,18.6,34.5,4.6,41.1,1.2,0.0,0.0,0.0,1289,0.0,0.0,1.2,esa-worldcover-2021
unnamed-tank-near-mallegaudanahalli,19467,7.4,26.8,0.3,64.7,0.8,0.0,0.0,0.0,2672,0.0,0.0,1.4,esa-worldcover-2021
unnamed-tank-near-malluru,16142,19.8,17.2,3.0,57.1,2.9,0.1,0.0,0.0,1207,0.0,0.0,1.2,esa-worldcover-2021
unnamed-tank-near-malluru-2,21204,1.6,10.2,1.9,80.3,5.9,0.1,0.0,0.0,3690,0.0,0.0,0.3,esa-worldcover-2021
unnamed-tank-near-manchenahalli,17981,7.0,12.4,3.4,73.6,2.8,0.0,0.8,0.0,1952,0.0,0.0,0.1,esa-worldcover-2021
unnamed-tank-near-mandibyadarahalli,19527,10.1,15.7,1.0,68.3,4.9,0.0,0.0,0.0,2707,0.0,0.0,0.0,esa-worldcover-2021
unnamed-tank-near-mandigere,15638,8.1,20.4,0.5,69.4,1.5,0.1,0.0,0.0,1029,0.0,0.0,0.0,esa-worldcover-2021
unnamed-tank-near-mannerampura,20583,3.6,7.4,0.9,86.9,1.1,0.1,0.0,0.0,3304,0.0,0.0,0.6,esa-worldcover-2021
unnamed-tank-near-mannerampura-2,16029,3.5,4.9,0.1,89.6,1.9,0.0,0.0,0.0,1167,0.1,0.0,0.0,esa-worldcover-2021
unnamed-tank-near-mantanakurchi,22457,31.5,21.4,3.3,37.9,5.9,0.1,0.0,0.0,4524,0.0,0.0,0.0,esa-worldcover-2021
unnamed-tank-near-maragondanahalli,11642,5.7,4.6,0.0,89.6,0.0,0.0,0.0,0.0,132,0.0,0.0,0.0,esa-worldcover-2021
unnamed-tank-near-minakunte-hosuru,15298,13.9,7.6,2.7,59.5,15.9,0.3,0.1,0.0,926,0.0,0.0,0.0,esa-worldcover-2021
unnamed-tank-near-minasandra,21394,3.4,49.9,3.1,38.7,4.1,0.7,0.1,0.0,3828,2.5,0.0,0.8,esa-worldcover-2021
unnamed-tank-near-mitrahalli,16346,9.8,21.8,4.0,62.2,2.2,0.0,0.0,0.0,1278,0.0,0.0,2.5,esa-worldcover-2021
unnamed-tank-near-muddalinganahalli,19497,15.0,4.5,0.6,72.3,7.4,0.2,0.0,0.0,2691,0.0,0.0,2.9,esa-worldcover-2021
unnamed-tank-near-muppenahalli,28106,13.6,7.6,0.3,74.0,2.1,0.2,2.2,0.0,9270,0.1,0.0,0.5,esa-worldcover-2021
unnamed-tank-near-muthkuru,14358,14.7,40.1,0.1,44.6,0.4,0.0,0.0,0.0,652,0.0,0.0,0.0,esa-worldcover-2021
unnamed-tank-near-naganahalli,77510,11.1,36.4,6.6,38.8,2.4,0.0,3.8,0.8,123070,1.8,2.0,3.2,esa-worldcover-2021
unnamed-tank-near-nakkalahall,19591,2.2,7.3,4.3,81.7,3.2,1.4,0.0,0.0,2748,0.0,0.0,0.0,esa-worldcover-2021
unnamed-tank-near-nallappanahalli,31585,6.3,6.2,3.4,78.8,4.6,0.7,0.0,0.0,13048,0.6,0.0,2.8,esa-worldcover-2021
unnamed-tank-near-nallenahalli,21442,3.5,16.9,1.8,72.7,5.0,0.1,0.0,0.0,3830,0.0,0.0,0.0,esa-worldcover-2021
unnamed-tank-near-nallenahalli-2,26842,4.0,16.2,2.2,70.6,6.9,0.2,0.0,0.0,8070,0.0,0.0,0.0,esa-worldcover-2021
unnamed-tank-near-nandihalli,19623,21.4,18.6,7.9,38.5,9.1,2.3,2.2,0.0,2759,0.6,0.0,12.0,esa-worldcover-2021
unnamed-tank-near-nandihalli-2,20074,37.6,5.8,3.4,31.6,10.2,0.4,11.0,0.0,3014,18.9,0.0,0.0,esa-worldcover-2021
unnamed-tank-near-narasapura,15928,5.3,49.8,0.3,44.0,0.7,0.0,0.0,0.0,1120,0.0,0.0,0.0,esa-worldcover-2021
unnamed-tank-near-narasapura-2,15610,2.7,5.7,1.7,88.7,1.2,0.0,0.0,0.0,1022,0.0,0.0,0.0,esa-worldcover-2021
unnamed-tank-near-narasapura-3,16493,13.7,28.0,5.1,52.5,0.1,0.6,0.0,0.0,1323,0.0,0.0,0.0,esa-worldcover-2021
unnamed-tank-near-neralaghatta,28760,18.2,11.6,2.5,62.3,5.4,0.1,0.0,0.0,9957,0.0,0.0,0.8,esa-worldcover-2021
unnamed-tank-near-obanaykanapalya,25691,8.6,8.7,0.0,82.6,0.1,0.0,0.0,0.0,7035,0.0,0.0,0.0,esa-worldcover-2021
unnamed-tank-near-ojenahalli,26708,10.4,6.1,0.3,80.6,2.6,0.0,0.0,0.0,7917,0.0,0.0,0.1,esa-worldcover-2021
unnamed-tank-near-pataganahalli,16220,15.5,15.6,0.5,64.8,3.3,0.3,0.0,0.0,1221,0.0,0.0,0.0,esa-worldcover-2021
unnamed-tank-near-pattadevarapalya,26294,11.5,7.3,3.0,75.3,1.7,1.1,0.0,0.0,7537,0.0,0.0,1.3,esa-worldcover-2021
unnamed-tank-near-pemmanahalli,26430,22.4,15.0,2.3,56.7,3.6,0.0,0.0,0.0,7702,0.0,0.0,0.0,esa-worldcover-2021
unnamed-tank-near-poonapalli,17041,6.8,36.4,31.4,24.4,0.9,0.0,0.0,0.0,1559,0.0,0.0,0.0,esa-worldcover-2021
unnamed-tank-near-poonapalli-2,16322,6.6,7.8,35.4,47.0,2.9,0.2,0.0,0.0,1280,0.0,0.0,0.0,esa-worldcover-2021
unnamed-tank-near-pura,22718,1.5,19.1,3.2,61.3,13.9,1.1,0.0,0.0,4692,0.0,0.0,0.6,esa-worldcover-2021
unnamed-tank-near-purushanahalli,18279,16.4,10.7,0.0,69.6,3.3,0.0,0.0,0.0,2078,0.0,0.0,0.3,esa-worldcover-2021
unnamed-tank-near-puttasandra,18395,15.1,7.1,0.0,77.0,0.8,0.0,0.0,0.0,2131,0.0,0.0,0.0,esa-worldcover-2021
unnamed-tank-near-puttayyana-agrahara,15296,67.4,6.5,0.1,21.0,5.0,0.0,0.0,0.0,917,0.0,0.0,0.0,esa-worldcover-2021
unnamed-tank-near-ramadevanahalli,19829,11.6,9.2,0.4,77.0,1.5,0.1,0.0,0.0,2880,0.0,0.0,0.0,esa-worldcover-2021
unnamed-tank-near-rampura,21389,2.8,33.0,5.7,56.4,0.9,0.3,0.8,0.0,3795,0.0,0.0,0.4,esa-worldcover-2021
unnamed-tank-near-ravutanahalli,18021,10.4,20.4,3.4,58.0,7.6,0.3,0.0,0.0,1980,0.0,0.0,3.9,esa-worldcover-2021
unnamed-tank-near-ravutanahalli-2,19208,19.0,21.7,4.2,49.0,6.0,0.0,0.0,0.0,2556,0.0,0.0,0.4,esa-worldcover-2021
unnamed-tank-near-sampangere,15549,0.7,7.3,3.3,85.8,2.7,0.2,0.0,0.0,1014,0.0,0.0,33.2,esa-worldcover-2021
unnamed-tank-near-sasalu,22606,7.4,10.9,2.5,77.1,0.9,0.0,1.1,0.0,4621,0.0,0.0,0.3,esa-worldcover-2021
unnamed-tank-near-shashimakanahalli,25571,5.9,24.2,3.9,63.0,2.5,0.4,0.0,0.0,6936,0.0,0.0,4.8,esa-worldcover-2021
unnamed-tank-near-shrigiripura,16279,52.1,5.9,0.5,36.5,5.0,0.0,0.0,0.0,1248,0.0,0.0,3.4,esa-worldcover-2021
unnamed-tank-near-shrinivasapura,29182,14.8,16.4,0.9,62.0,5.2,0.4,0.2,0.0,10358,0.0,0.0,4.7,esa-worldcover-2021
unnamed-tank-near-shyakaladevanapura,16493,38.7,10.6,0.6,48.9,1.2,0.1,0.0,0.0,1337,0.0,0.0,0.0,esa-worldcover-2021
unnamed-tank-near-siddanahalli,16321,2.9,24.6,7.5,60.5,2.2,1.7,0.5,0.0,1285,0.0,0.0,0.0,esa-worldcover-2021
unnamed-tank-near-siddanapura,25513,14.0,29.7,3.2,48.2,4.8,0.0,0.0,0.0,6905,0.0,0.0,3.7,esa-worldcover-2021
unnamed-tank-near-sitanayakanahalli,21222,16.2,50.1,8.1,17.0,4.3,3.0,1.3,0.0,3709,2.5,0.0,1.9,esa-worldcover-2021
unnamed-tank-near-soladevanahalli,19459,6.6,26.6,10.2,56.4,0.1,0.1,0.1,0.0,2674,0.0,0.0,0.0,esa-worldcover-2021
unnamed-tank-near-soluru,27518,17.2,6.0,0.9,69.6,5.9,0.3,0.1,0.0,8673,0.2,0.0,1.6,esa-worldcover-2021
unnamed-tank-near-soluru-2,20322,4.7,10.3,43.1,37.8,3.2,0.8,0.1,0.0,3180,0.6,0.0,3.7,esa-worldcover-2021
unnamed-tank-near-somasagara,21121,2.1,19.6,5.6,72.2,0.4,0.1,0.0,0.0,3632,0.0,0.0,0.0,esa-worldcover-2021
unnamed-tank-near-somasagara-2,17804,6.8,26.6,4.3,61.3,0.9,0.1,0.0,0.0,1868,0.0,0.0,4.3,esa-worldcover-2021
unnamed-tank-near-sonnenahalli,22106,12.4,24.2,2.3,58.0,3.0,0.1,0.0,0.0,4278,0.0,0.0,0.0,esa-worldcover-2021
unnamed-tank-near-subramanya-ghati,17027,5.6,64.9,10.6,16.9,1.6,0.2,0.1,0.0,1540,0.0,0.0,1.4,esa-worldcover-2021
unnamed-tank-near-suddahalli,16491,10.7,3.2,1.2,77.6,7.3,0.0,0.0,0.0,1338,0.1,0.0,2.5,esa-worldcover-2021
unnamed-tank-near-sunkadahalli,15236,3.6,8.2,0.0,87.9,0.2,0.0,0.0,0.0,901,0.0,0.0,0.0,esa-worldcover-2021
unnamed-tank-near-sunkadahalli-2,18354,8.2,4.0,0.6,85.8,1.4,0.0,0.0,0.0,2117,0.0,0.0,0.0,esa-worldcover-2021
unnamed-tank-near-suttahalli,16720,3.7,93.0,0.0,3.2,0.0,0.0,0.0,0.0,1408,0.0,0.0,0.0,esa-worldcover-2021
unnamed-tank-near-talakuppe,25555,14.1,16.4,9.6,46.2,12.9,0.8,0.0,0.0,6931,0.0,0.0,21.7,esa-worldcover-2021
unnamed-tank-near-talakuppe-2,15316,37.3,25.5,1.0,35.6,0.7,0.0,0.0,0.0,931,0.0,0.0,0.0,esa-worldcover-2021
unnamed-tank-near-tattekere,16968,9.5,4.5,0.6,83.2,2.2,0.0,0.0,0.0,1510,0.0,0.0,0.0,esa-worldcover-2021
unnamed-tank-near-tattekere-2,16632,16.0,6.6,0.3,74.6,2.1,0.0,0.4,0.0,1385,0.1,0.0,0.0,esa-worldcover-2021
unnamed-tank-near-tattekere-3,24386,17.3,12.8,1.5,59.6,4.9,1.0,2.8,0.0,5955,0.4,0.0,2.2,esa-worldcover-2021
unnamed-tank-near-teppada-beguru,15238,12.0,2.1,2.8,57.3,25.5,0.4,0.0,0.0,908,0.0,0.0,20.3,esa-worldcover-2021
unnamed-tank-near-thotadhaguddadhahalli,16745,15.8,3.4,2.4,16.7,61.3,0.4,0.0,0.0,1424,0.0,0.0,47.5,esa-worldcover-2021
unnamed-tank-near-timmanayakanahalli,19313,12.3,16.8,0.0,69.6,1.2,0.0,0.0,0.0,2592,0.0,0.0,0.0,esa-worldcover-2021
unnamed-tank-near-timmasandra,15633,11.3,4.0,1.3,82.5,0.8,0.1,0.0,0.0,1032,0.0,0.0,0.0,esa-worldcover-2021
unnamed-tank-near-udukunte,19427,22.5,13.0,1.5,60.8,2.2,0.1,0.0,0.0,2669,2.6,0.0,0.1,esa-worldcover-2021
unnamed-tank-near-uganavadi,19618,26.0,11.4,4.1,45.0,12.2,1.3,0.0,0.0,2769,0.0,0.0,46.1,esa-worldcover-2021
unnamed-tank-near-uliveeranapalli,18913,15.1,7.0,18.1,44.4,15.3,0.1,0.0,0.0,2406,3.1,0.0,0.1,esa-worldcover-2021
unnamed-tank-near-upasapura,19271,7.4,41.3,0.2,51.0,0.1,0.0,0.0,0.0,2582,0.0,0.0,0.0,esa-worldcover-2021
unnamed-tank-near-urati-agrahara,18688,2.0,7.8,1.7,84.2,4.1,0.3,0.0,0.0,2282,0.0,0.0,4.4,esa-worldcover-2021
unnamed-tank-near-urdigere,15990,23.5,3.9,1.0,68.6,2.9,0.1,0.0,0.0,1150,0.0,0.0,2.9,esa-worldcover-2021
unnamed-tank-near-vaddarahalli,18494,7.2,13.6,0.7,78.3,0.2,0.0,0.0,0.0,2166,0.0,0.0,0.0,esa-worldcover-2021
unnamed-tank-near-vanigarahalli,22530,8.9,5.4,1.8,80.8,2.8,0.3,0.0,0.0,4579,0.0,0.0,0.0,esa-worldcover-2021
unnamed-tank-near-vengalammanahalli,15785,15.8,2.6,0.1,79.8,1.7,0.0,0.0,0.0,1067,0.0,0.0,0.0,esa-worldcover-2021
unnamed-tank-near-vidyaranyanagara,22245,4.9,0.0,0.0,0.0,94.9,0.2,0.0,0.0,4384,0.0,0.0,98.3,esa-worldcover-2021
unnamed-tank-near-viniyaka-layout,18471,38.1,5.3,2.1,38.7,15.8,0.1,0.0,0.0,2182,0.0,0.0,0.2,esa-worldcover-2021
unnamed-tank-near-virasagara,22586,35.5,7.7,3.2,51.1,2.3,0.2,0.0,0.0,4614,23.8,0.0,0.2,esa-worldcover-2021
unnamed-tank-near-vobichudahalli-obichudanahalli,22174,33.7,34.9,15.9,10.7,1.4,0.2,3.2,0.0,4348,0.0,0.0,0.1,esa-worldcover-2021
unnamed-tank-near-yaluvahalli,17478,1.8,3.2,1.3,84.5,9.0,0.1,0.0,0.0,1724,0.0,0.0,0.0,esa-worldcover-2021
unnamed-tank-near-yaramanchanahalli,17648,9.1,18.4,0.3,71.9,0.3,0.0,0.0,0.0,1799,0.0,0.0,0.0,esa-worldcover-2021
unnamed-tank-near-yekashipura,32509,10.6,3.3,1.9,77.3,6.5,0.5,0.0,0.0,14146,0.0,0.0,0.0,esa-worldcover-2021
unnamed-tank-near-yennur,24998,2.4,11.6,2.3,77.5,6.0,0.2,0.0,0.0,6458,0.0,0.0,0.0,esa-worldcover-2021
ura-kunte,10433,10.7,8.7,3.4,65.8,9.2,0.9,1.2,0.0,27,0.0,0.0,40.7,esa-worldcover-2021
uramundinakere,19852,8.8,1.1,6.3,10.0,67.4,6.4,0.1,0.0,1288,81.0,0.0,0.0,esa-worldcover-2021
uramundinakere-2,14934,17.8,10.1,16.0,34.2,17.7,1.8,2.4,0.0,328,10.1,0.0,0.0,esa-worldcover-2021
uramundinakere-3,21412,20.0,7.7,12.3,37.0,21.4,1.3,0.2,0.0,1664,55.8,1.3,0.3,esa-worldcover-2021
uttarahalli-kunte,10071,9.7,0.0,1.0,4.0,83.1,0.3,1.8,0.0,14,0.0,0.0,100.0,esa-worldcover-2021
uttarahalli-manavarthe-kaval-kunte4,10500,32.9,65.3,0.8,0.1,0.0,0.0,0.8,0.0,32,0.0,0.0,0.0,esa-worldcover-2021
uttarahalli-manavarthe-kaval-kunte5,11109,47.4,40.9,1.2,2.4,8.0,0.2,0.0,0.0,80,0.0,0.0,0.0,esa-worldcover-2021
uttarahalli-manavarthekaval-kunte1,10413,40.4,28.0,4.7,4.0,22.3,0.2,0.3,0.0,32,0.0,0.0,12.5,esa-worldcover-2021
uttarahalli-manavarthekaval-kunte2,11074,32.1,38.3,3.8,5.3,19.8,0.6,0.0,0.0,73,0.0,0.0,34.2,esa-worldcover-2021
uttarahalli-manavarthekaval-kunte3,10397,12.7,37.7,8.4,10.3,29.8,1.1,0.0,0.0,28,0.0,0.0,82.1,esa-worldcover-2021
uttarsipalya-kere,14623,11.8,18.1,5.4,50.7,13.8,0.3,0.0,0.0,579,20.2,0.0,0.0,esa-worldcover-2021
vabasandra-kunte1,10827,14.4,11.9,19.8,33.0,16.9,1.7,2.3,0.0,56,10.7,0.0,0.0,esa-worldcover-2021
vabasandra-kunte2,9993,17.5,7.9,14.8,23.4,31.7,1.3,3.3,0.0,10,0.0,0.0,0.0,esa-worldcover-2021
vabasandra-kunte3,10497,13.8,7.9,10.6,15.2,42.8,1.9,7.8,0.0,31,0.0,0.0,0.0,esa-worldcover-2021
vabasandra-kunte4,10479,8.5,4.3,15.8,59.5,6.3,1.2,4.4,0.0,32,0.0,0.0,0.0,esa-worldcover-2021
vabasandra-lake,13880,2.4,12.1,2.5,81.1,0.0,1.6,0.1,0.0,273,2.6,0.0,0.0,esa-worldcover-2021
vadagehalli-kere,17868,3.8,31.9,2.6,60.4,1.0,0.2,0.0,0.0,1168,0.8,0.0,0.0,esa-worldcover-2021
vadakunte-4r,16869,7.3,3.7,1.9,79.0,8.0,0.0,0.0,0.0,509,0.0,0.0,0.0,esa-worldcover-2021
vadakunte-low-4r,18300,6.6,4.6,4.4,76.1,6.6,0.7,1.2,0.0,1173,11.2,0.0,0.8,esa-worldcover-2021
vadarahalli-kunte,10377,12.2,15.9,3.7,60.1,7.9,0.2,0.0,0.0,25,0.0,0.0,0.0,esa-worldcover-2021
vaddahalli-lake,20609,4.9,7.3,3.8,78.5,4.3,1.2,0.0,0.0,1663,0.0,0.0,0.0,esa-worldcover-2021
vaddarapalya-kere,17335,6.5,6.3,2.1,82.7,2.3,0.0,0.0,0.0,1000,2.0,0.0,0.1,esa-worldcover-2021
vaddarapalya-lake,14850,0.9,13.9,11.3,66.4,4.7,2.3,0.7,0.0,413,3.4,0.0,0.0,esa-worldcover-2021
vaddarapalya-lake-2,16579,10.8,1.4,9.8,27.9,45.7,2.5,2.0,0.0,803,54.5,0.0,0.0,esa-worldcover-2021
vaddarapalya-lake-3,18732,13.4,10.3,10.9,31.2,32.9,1.1,0.0,0.0,1279,6.4,0.0,4.4,esa-worldcover-2021
vaddarapalya-lake-4,12161,25.9,12.8,5.8,4.4,50.6,0.4,0.0,0.0,203,0.0,0.0,10.8,esa-worldcover-2021
vaderahalli-govt-lake,12216,40.0,3.9,6.3,20.8,27.5,0.9,0.7,0.0,214,0.0,0.0,5.1,esa-worldcover-2021
vaderahalli-kere,13349,10.7,3.8,1.8,17.5,65.5,0.7,0.0,0.0,206,37.9,0.0,5.3,esa-worldcover-2021
vaderahalli-lake,10917,40.1,8.5,14.8,29.7,6.7,0.1,0.0,0.0,46,0.0,0.0,0.0,esa-worldcover-2021
vaderahalli-lake-2,11679,13.0,7.7,0.0,77.0,2.2,0.0,0.0,0.0,95,0.0,0.0,0.0,esa-worldcover-2021
vagata-kere,26263,2.4,30.5,1.0,60.2,5.7,0.1,0.0,0.0,4361,0.4,0.0,0.0,esa-worldcover-2021
vajarahalli-govt-katte,11261,45.4,12.4,1.6,6.5,33.6,0.4,0.0,0.0,73,9.6,0.0,13.7,esa-worldcover-2021
vajarahalli-kere,22654,33.0,4.9,0.5,20.6,40.8,0.2,0.0,0.0,1856,0.0,0.0,0.0,esa-worldcover-2021
vajarahalli-kunte1,10598,22.6,6.8,0.8,4.9,64.2,0.7,0.0,0.0,39,0.0,0.0,87.2,esa-worldcover-2021
vajarahalli-kunte2,10738,57.4,22.2,1.0,3.0,16.2,0.1,0.1,0.0,48,0.0,0.0,0.0,esa-worldcover-2021
valagerahalli-kunte1,9960,25.8,3.3,1.4,4.5,62.7,1.2,1.2,0.0,12,0.0,0.0,100.0,esa-worldcover-2021
valagerehalli-kere,15292,18.5,3.0,1.9,3.8,72.5,0.3,0.0,0.0,505,0.0,0.0,0.4,esa-worldcover-2021
valagerekalahalli-kere,20909,20.6,19.7,7.0,41.7,7.9,3.1,0.0,0.0,2415,0.0,0.0,0.0,esa-worldcover-2021
valagerekalahalli-kere-nw,17385,3.0,9.0,7.0,66.8,11.9,2.3,0.0,0.0,1056,0.0,0.0,0.0,esa-worldcover-2021
valyalikaval-kunte,10536,48.1,0.0,0.2,0.4,50.9,0.3,0.0,0.0,34,0.0,0.0,100.0,esa-worldcover-2021
vanakanahalli-lake,12441,24.5,15.8,17.8,33.4,8.1,0.4,0.0,0.0,85,0.0,0.0,0.0,esa-worldcover-2021
vanigarahalli-lake,20258,8.5,8.9,1.8,78.5,1.3,0.9,0.0,0.0,1108,2.4,0.0,0.0,esa-worldcover-2021
vannasandra-e,10901,2.7,9.6,13.2,65.8,5.1,3.0,0.6,0.0,40,0.0,0.0,0.0,esa-worldcover-2021
vannasandra-s,13705,5.8,9.1,8.2,75.7,0.6,0.2,0.4,0.0,263,64.3,0.0,0.0,esa-worldcover-2021
vannasandra-s-2,12062,3.0,8.7,10.9,71.2,3.2,1.6,1.5,0.0,122,43.4,0.0,0.0,esa-worldcover-2021
vannasandra-w,11041,4.6,7.3,17.5,62.5,3.6,4.2,0.4,0.0,49,12.2,0.0,0.0,esa-worldcover-2021
varadanakere,12708,13.3,12.7,18.2,43.8,11.0,0.9,0.2,0.0,175,12.0,0.0,0.0,esa-worldcover-2021
varadanakunte,26586,15.5,11.4,12.7,42.3,15.5,2.5,0.0,0.0,2463,7.8,0.2,0.0,esa-worldcover-2021
varadapura-lake,17904,5.2,9.7,6.3,58.9,16.9,2.4,0.5,0.0,1104,29.0,0.0,9.1,esa-worldcover-2021
varahasandra-kunte1,11398,15.7,24.0,9.8,34.4,13.7,0.0,2.5,0.0,105,0.0,0.0,0.0,esa-worldcover-2021
varahasandra-kunte2,10465,12.9,13.3,14.2,55.5,3.9,0.0,0.2,0.0,31,0.0,0.0,0.0,esa-worldcover-2021
varanasi-kunte1,9920,4.5,1.4,0.3,5.5,88.1,0.2,0.0,0.0,7,0.0,0.0,100.0,esa-worldcover-2021
varanasi-kunte2,10486,3.4,0.6,0.3,4.6,90.8,0.3,0.0,0.0,30,0.0,0.0,100.0,esa-worldcover-2021
varattur-lake,13877,29.1,19.5,3.0,39.3,9.1,0.0,0.0,0.0,325,42.5,0.0,3.4,esa-worldcover-2021
varthur-lake,50129,23.6,8.3,4.0,29.2,33.8,1.0,0.0,0.0,16992,1.9,0.0,0.7,esa-worldcover-2021
varthuru-kunte1,9964,14.1,1.3,1.2,7.8,74.5,1.1,0.0,0.0,8,0.0,0.0,12.5,esa-worldcover-2021
varthuru-kunte10,9879,3.2,1.4,5.6,18.4,70.1,1.4,0.0,0.0,4,0.0,0.0,100.0,esa-worldcover-2021
varthuru-kunte2,9914,8.7,3.4,2.4,10.6,74.2,0.7,0.0,0.0,8,0.0,0.0,100.0,esa-worldcover-2021
varthuru-kunte3,10026,8.4,4.8,2.7,13.5,70.2,0.4,0.0,0.0,11,0.0,0.0,100.0,esa-worldcover-2021
varthuru-kunte4,10067,2.5,7.4,4.5,54.2,29.0,2.3,0.0,0.0,14,0.0,0.0,0.0,esa-worldcover-2021
varthuru-kunte5,10351,2.6,10.8,7.0,61.4,17.3,0.8,0.0,0.0,22,0.0,0.0,90.9,esa-worldcover-2021
varthuru-kunte6,10138,13.8,12.7,4.3,49.4,19.2,0.5,0.0,0.0,13,0.0,0.0,0.0,esa-worldcover-2021
varthuru-kunte7,9933,17.6,14.2,4.7,48.5,11.5,3.5,0.0,0.0,7,0.0,0.0,0.0,esa-worldcover-2021
varthuru-kunte8,10323,12.1,18.5,7.4,48.7,7.2,6.1,0.0,0.0,22,0.0,0.0,0.0,esa-worldcover-2021
varthuru-kunte9,10814,8.3,6.5,5.8,19.9,47.1,12.3,0.0,0.0,56,0.0,0.0,1.8,esa-worldcover-2021
vasanthapura-katte,11230,16.1,0.3,2.9,4.5,74.7,0.5,1.1,0.0,69,52.2,0.0,26.1,esa-worldcover-2021
vasanthapura-kunte,9818,15.4,0.7,3.0,5.4,64.9,1.1,9.6,0.0,4,0.0,0.0,50.0,esa-worldcover-2021
vasantpur-lake,11256,6.4,4.2,12.8,7.9,67.0,1.6,0.1,0.0,63,0.0,0.0,3.2,esa-worldcover-2021
vaudevapura-lake,13046,14.0,15.6,16.3,30.2,22.9,1.0,0.0,0.0,249,6.8,0.0,0.0,esa-worldcover-2021
veeranahalli-kunte-1,10226,26.0,22.5,3.0,32.2,7.0,0.2,0.3,8.8,19,0.0,0.0,0.0,esa-worldcover-2021
veeranahalli-kunte-2,9819,21.2,27.7,3.1,27.6,7.9,0.5,2.7,9.4,4,0.0,0.0,0.0,esa-worldcover-2021
veerasagara-kere,17945,16.6,5.5,5.6,38.0,31.8,2.6,0.0,0.0,974,3.8,0.0,3.9,esa-worldcover-2021
veerasandra-govt-kunte-1,9600,16.3,1.7,6.3,8.2,60.9,3.0,3.6,0.0,2,0.0,0.0,50.0,esa-worldcover-2021
veerasandra-govt-kunte-2,11101,21.1,0.6,2.7,18.0,55.2,2.4,0.0,0.0,77,0.0,0.0,100.0,esa-worldcover-2021
venateshpuram-2-lake,14158,10.3,11.2,20.2,52.2,5.6,0.6,0.0,0.0,273,0.0,0.0,0.0,esa-worldcover-2021
venkatappana-kere,13353,11.6,10.4,3.8,48.5,25.1,0.6,0.0,0.0,219,15.1,0.0,0.5,esa-worldcover-2021
venkatapura-kunte,10109,22.8,18.3,5.0,23.5,29.0,1.5,0.0,0.0,13,0.0,0.0,0.0,esa-worldcover-2021
venkatapura-lake,18356,4.0,6.4,9.9,65.4,10.3,4.0,0.0,0.0,1032,20.1,0.0,0.0,esa-worldcover-2021
venkateshapura-lake,16888,6.8,4.4,5.4,41.3,39.4,2.7,0.0,0.0,947,0.0,0.0,5.0,esa-worldcover-2021
vibhuthipura-kunte1,9877,19.1,4.5,0.2,6.7,69.4,0.1,0.0,0.0,6,0.0,0.0,100.0,esa-worldcover-2021
vibhuthipura-kunte2,10617,19.4,5.6,0.2,12.4,62.3,0.1,0.0,0.0,40,0.0,0.0,0.0,esa-worldcover-2021
vibhuthipura-kunte3,10321,30.3,5.0,7.3,5.2,51.9,0.3,0.0,0.0,24,0.0,0.0,83.3,esa-worldcover-2021
vibhuthipura-kunte4,10279,26.4,0.4,0.9,2.0,69.7,0.6,0.0,0.0,20,0.0,0.0,100.0,esa-worldcover-2021
vibhuthipura-kunte5,10098,32.8,0.4,0.8,2.0,63.2,0.7,0.0,0.0,14,0.0,0.0,92.9,esa-worldcover-2021
vibhuthipura-kunte6,10195,19.9,2.7,1.0,6.2,69.3,0.8,0.0,0.0,18,0.0,0.0,100.0,esa-worldcover-2021
vibhutipura-lake,21786,15.6,3.5,0.6,2.5,77.4,0.4,0.0,0.0,1507,0.0,0.0,2.4,esa-worldcover-2021
vidyanagar-lake,22570,26.7,5.6,3.4,16.4,45.6,0.1,2.2,0.0,2441,85.5,0.0,0.7,esa-worldcover-2021
vijinapura-kere,16716,14.4,0.6,1.0,0.5,81.9,1.0,0.7,0.0,1424,0.0,0.0,99.3,esa-worldcover-2021
vijinapura-kere2,13413,18.4,0.0,0.1,0.0,81.3,0.2,0.0,0.0,187,70.6,0.0,6.4,esa-worldcover-2021
vijinapura-kunte1,9880,21.6,0.4,1.6,0.2,74.7,1.5,0.0,0.0,6,0.0,0.0,0.0,esa-worldcover-2021
vijinapura-kunte2,9962,20.3,0.7,1.6,0.6,75.5,1.4,0.0,0.0,12,0.0,0.0,100.0,esa-worldcover-2021
vinayakanagar-lake,12820,12.1,5.2,2.1,74.3,6.2,0.1,0.0,0.0,192,0.0,0.0,0.0,esa-worldcover-2021
vinayakanagar-lake-1,13164,7.0,4.1,3.0,85.7,0.1,0.1,0.0,0.0,266,0.0,0.0,0.0,esa-worldcover-2021
virapanjipura-5r,19940,20.6,6.6,1.9,57.1,12.4,1.3,0.2,0.0,1182,37.9,0.0,0.0,esa-worldcover-2021
virapanjipura-lower5,17015,6.8,9.5,3.1,56.8,20.7,2.5,0.6,0.0,901,11.3,0.0,1.8,esa-worldcover-2021
virapura-kere,29377,15.7,6.0,3.0,64.5,10.1,0.1,0.6,0.0,5359,8.0,0.0,2.0,esa-worldcover-2021
virapura-s-kere,14290,14.0,7.4,3.5,28.7,46.2,0.2,0.0,0.0,476,0.2,0.0,0.0,esa-worldcover-2021
viraraghavaahalli-kere,15335,12.6,3.7,9.1,43.5,29.4,1.7,0.1,0.0,510,43.1,0.0,0.0,esa-worldcover-2021
virasagara-lake,12574,17.6,44.1,0.9,33.2,4.1,0.0,0.1,0.0,164,19.5,0.0,0.0,esa-worldcover-2021
virasagara-lake-2,14199,35.2,9.5,4.2,46.4,3.8,0.5,0.4,0.0,453,82.1,0.0,0.0,esa-worldcover-2021
virasandra-lake,14867,23.7,4.6,4.9,11.1,51.2,1.8,2.5,0.0,469,0.0,0.0,11.3,esa-worldcover-2021
viswanathapura-kere,20257,3.6,1.4,2.0,81.4,11.3,0.2,0.0,0.0,1812,0.6,0.0,0.7,esa-worldcover-2021
visweswaraihnagar-lake,11603,2.8,2.2,51.0,23.9,11.2,8.5,0.3,0.0,83,15.7,0.0,1.2,esa-worldcover-2021
visweswaraiihnagar-east-lake,11837,17.5,3.0,23.7,55.3,0.3,0.2,0.0,0.0,95,0.0,0.0,0.0,esa-worldcover-2021
vitasandra-govt-lake,15917,14.2,11.5,20.1,23.6,27.4,2.2,1.0,0.0,537,72.4,0.0,0.0,esa-worldcover-2021
vitasandra-kunte1,10846,16.3,8.4,21.3,33.5,18.1,2.4,0.0,0.0,58,0.0,0.0,0.0,esa-worldcover-2021
vitasandra-kunte2,10290,18.0,9.4,11.4,31.4,28.8,1.0,0.0,0.0,22,0.0,0.0,0.0,esa-worldcover-2021
white-field-kunte1,9925,23.4,3.2,0.5,0.7,71.3,0.8,0.0,0.0,4,0.0,0.0,100.0,esa-worldcover-2021
white-field-kunte2,10070,18.3,0.9,0.4,0.6,79.1,0.8,0.0,0.0,14,0.0,0.0,100.0,esa-worldcover-2021
white-field-kunte3,9916,10.7,0.7,0.3,0.6,86.9,0.7,0.0,0.0,6,0.0,0.0,66.7,esa-worldcover-2021
white-field-kunte4,11813,33.0,3.6,1.6,2.9,58.1,0.7,0.1,0.0,156,0.0,0.0,40.4,esa-worldcover-2021
whitefield-kere,16220,26.8,2.6,1.4,5.4,62.8,1.0,0.0,0.0,549,65.0,0.0,0.5,esa-worldcover-2021
yadamadu-lake,11200,38.3,15.0,7.0,31.9,5.9,0.4,1.5,0.0,57,1.8,0.0,0.0,esa-worldcover-2021
yadgondahalli-lake,20976,20.1,29.6,2.1,43.1,4.9,0.1,0.0,0.0,1753,5.0,0.0,0.0,esa-worldcover-2021
yadlahalli-kere,23774,18.0,7.9,0.5,68.3,5.2,0.0,0.0,0.0,2081,1.9,0.0,0.0,esa-worldcover-2021
yalachegere-kere,19712,12.9,16.4,6.3,60.3,2.8,1.2,0.2,0.0,1313,60.0,0.0,0.0,esa-worldcover-2021
yamalur-kunte1,9819,5.5,17.4,22.6,12.0,41.4,1.1,0.0,0.0,4,0.0,0.0,0.0,esa-worldcover-2021
yamalur-kunte2,9772,11.4,16.1,9.0,16.7,45.1,1.7,0.0,0.0,3,0.0,0.0,0.0,esa-worldcover-2021
yamalur-kunte3,9924,25.3,8.9,22.4,8.2,34.0,1.1,0.0,0.0,8,0.0,0.0,0.0,esa-worldcover-2021
yantiganahalli-kere,16160,15.2,23.1,2.7,48.8,10.1,0.1,0.0,0.0,769,35.9,0.0,0.7,esa-worldcover-2021
yarandahalli-lake,13723,17.2,6.2,2.3,10.1,64.0,0.2,0.0,0.0,360,13.6,0.0,0.6,esa-worldcover-2021
yarappanahalli-kere,15843,15.0,9.8,3.5,52.5,17.5,1.5,0.3,0.0,570,42.5,0.0,0.0,esa-worldcover-2021
yarappanahalli-kere-2,11422,2.8,11.1,13.8,41.3,28.1,2.8,0.0,0.0,75,16.0,0.0,6.7,esa-worldcover-2021
yartiganahalli-lake,17874,8.3,8.9,7.2,40.0,21.1,14.1,0.3,0.0,1071,21.5,0.0,1.1,esa-worldcover-2021
yedahala-lake,14960,5.4,25.4,3.1,54.0,11.4,0.6,0.0,0.0,482,0.0,0.0,0.0,esa-worldcover-2021
yediyur-kere,17126,16.0,0.0,0.1,0.0,83.8,0.1,0.0,0.0,1329,30.2,0.0,53.3,esa-worldcover-2021
yekkalagatta-kere-mahadevepura-kere,13124,15.5,0.7,1.7,5.0,72.0,2.2,2.8,0.0,188,0.0,0.0,6.4,esa-worldcover-2021
yelachaguppe-karabu-katte,13331,18.1,20.2,7.0,40.2,11.4,0.3,2.8,0.0,286,65.0,0.0,1.0,esa-worldcover-2021
yelachaguppe-kunte1,9971,21.1,18.2,4.7,39.2,13.9,1.6,1.3,0.0,8,0.0,0.0,0.0,esa-worldcover-2021
yelachaguppe-kunte2,11742,2.3,37.5,21.1,34.9,0.7,3.5,0.0,0.0,96,3.1,0.0,0.0,esa-worldcover-2021
yelachaguppe-kunte3,10075,2.2,33.8,24.8,33.2,1.0,4.8,0.1,0.0,11,0.0,0.0,0.0,esa-worldcover-2021
yelachaguppe-kunte4,10681,15.4,21.9,10.3,42.8,7.5,2.2,0.0,0.0,44,0.0,0.0,0.0,esa-worldcover-2021
yelachagupperamapura-kere,15960,22.1,21.3,3.5,35.1,16.2,0.4,1.2,0.0,693,46.3,0.0,0.0,esa-worldcover-2021
yelachammanahalli-kere,16238,6.3,29.1,2.0,60.6,1.7,0.2,0.0,0.0,878,31.4,0.0,0.0,esa-worldcover-2021
yelachchahalli-kere,32946,5.3,6.7,5.1,69.0,13.2,0.7,0.0,0.0,9639,0.2,0.0,0.1,esa-worldcover-2021
yelahanka-lake,39130,31.1,5.6,3.4,13.3,41.5,4.3,0.7,0.0,11947,90.2,0.0,0.6,esa-worldcover-2021
yelenahalli-kunte-1,9862,17.5,3.7,7.5,7.9,61.4,1.8,0.3,0.0,6,0.0,0.0,100.0,esa-worldcover-2021
yelenahalli-kunte-2,10542,26.0,9.1,4.6,19.4,37.8,1.2,2.0,0.0,27,22.2,0.0,18.5,esa-worldcover-2021
yelenahalli-kunte-3,11628,31.9,15.8,13.6,20.4,17.6,0.5,0.1,0.0,135,0.0,0.0,15.6,esa-worldcover-2021
yelenahalli-kunte-4,10323,34.6,8.0,7.5,21.0,26.8,0.6,1.5,0.0,22,0.0,0.0,18.2,esa-worldcover-2021
yellachikuppe-lake,12257,10.4,15.6,12.7,49.6,10.2,0.7,0.9,0.0,152,4.6,0.0,0.0,esa-worldcover-2021
yellakunte-kere-1,14667,8.1,0.1,0.3,1.8,89.4,0.3,0.0,0.0,738,0.0,0.0,94.4,esa-worldcover-2021
yellakunte-kere-2,13584,6.7,0.1,1.3,2.2,87.7,1.7,0.3,0.0,464,0.0,0.0,99.8,esa-worldcover-2021
yellamallappashetti-kere,52521,20.6,8.1,4.4,22.4,42.0,2.5,0.0,0.0,17718,23.4,5.9,2.1,esa-worldcover-2021
yellammanapalya-lake,15992,6.8,4.3,29.3,46.5,10.6,2.6,0.0,0.0,830,30.5,0.0,0.0,esa-worldcover-2021
yellukunte-govt-lake,12656,2.5,0.0,0.6,1.2,94.9,0.8,0.0,0.0,221,66.1,0.0,4.5,esa-worldcover-2021
