dataset,stationId,stationCode,stationName,sampleLocation,date,lat,lon,parameter,value,qualifier,belowDetection,detectionLimit,unit,statistic,rawValue,source
dmg-2011,amruthalli-kere-inlet,,Amruthalli kere,Inlet,2011,,,chloride,156.8,,false,,mg/L,,156 8,dmg-2011
dmg-2011,amruthalli-kere-inlet,,Amruthalli kere,Inlet,2011,,,phosphate,5.11,,false,,mg/L as P,,5.11,dmg-2011
dmg-2011,amruthalli-kere-inlet,,Amruthalli kere,Inlet,2011,,,tss,37,,false,,mg/L,,37,dmg-2011
dmg-2011,amruthalli-kere-inlet,,Amruthalli kere,Inlet,2011,,,dissolvedOxygen,2.2,,false,,mg/L,,2.2,dmg-2011
dmg-2011,amruthalli-kere-inlet,,Amruthalli kere,Inlet,2011,,,cod,19.20,,false,,mg/L,,19.20,dmg-2011
dmg-2011,amruthalli-kere-inlet,,Amruthalli kere,Inlet,2011,,,nitrate,4.45,,false,,mg/L as NO3,,4.45,dmg-2011
dmg-2011,amruthalli-kere-inlet,,Amruthalli kere,Inlet,2011,,,totalHardness,272,,false,,mg/L as CaCO3,,272,dmg-2011
dmg-2011,amruthalli-kere-inlet,,Amruthalli kere,Inlet,2011,,,fluoride,0.32,,false,,mg/L,,0.32,dmg-2011
dmg-2011,amruthalli-kere-inlet,,Amruthalli kere,Inlet,2011,,,ph,7.90,,false,,,,7.90,dmg-2011
dmg-2011,amruthalli-kere-inlet,,Amruthalli kere,Inlet,2011,,,zinc,0.11,,false,,mg/L,,0.11,dmg-2011
dmg-2011,amruthalli-kere-inlet,,Amruthalli kere,Inlet,2011,,,lead,,,true,,mg/L,,Nil,dmg-2011
dmg-2011,amruthalli-kere-inlet,,Amruthalli kere,Inlet,2011,,,copper,,,true,,mg/L,,Nil,dmg-2011
dmg-2011,amruthalli-kere-inlet,,Amruthalli kere,Inlet,2011,,,manganese,0.50,,false,,mg/L,,0.50,dmg-2011
dmg-2011,amruthalli-kere-middle,,Amruthalli kere,Middle,2011,,,chloride,131.6,,false,,mg/L,,131.6,dmg-2011
dmg-2011,amruthalli-kere-middle,,Amruthalli kere,Middle,2011,,,phosphate,2.55,,false,,mg/L as P,,2.55,dmg-2011
dmg-2011,amruthalli-kere-middle,,Amruthalli kere,Middle,2011,,,tss,16,,false,,mg/L,,16,dmg-2011
dmg-2011,amruthalli-kere-middle,,Amruthalli kere,Middle,2011,,,cod,19.20,,false,,mg/L,,19.20,dmg-2011
dmg-2011,amruthalli-kere-middle,,Amruthalli kere,Middle,2011,,,nitrate,10.87,,false,,mg/L as NO3,,10.87,dmg-2011
dmg-2011,amruthalli-kere-middle,,Amruthalli kere,Middle,2011,,,totalHardness,172,,false,,mg/L as CaCO3,,172,dmg-2011
dmg-2011,amruthalli-kere-middle,,Amruthalli kere,Middle,2011,,,fluoride,0.49,,false,,mg/L,,0.49,dmg-2011
dmg-2011,amruthalli-kere-middle,,Amruthalli kere,Middle,2011,,,ph,8.37,,false,,,,8.37,dmg-2011
dmg-2011,amruthalli-kere-middle,,Amruthalli kere,Middle,2011,,,zinc,0.17,,false,,mg/L,,0.17,dmg-2011
dmg-2011,amruthalli-kere-middle,,Amruthalli kere,Middle,2011,,,lead,,,true,,mg/L,,Nil,dmg-2011
dmg-2011,amruthalli-kere-middle,,Amruthalli kere,Middle,2011,,,copper,,,true,,mg/L,,Nil,dmg-2011
dmg-2011,amruthalli-kere-middle,,Amruthalli kere,Middle,2011,,,manganese,0.19,,false,,mg/L,,0.19,dmg-2011
dmg-2011,amruthalli-kere-outlet,,Amruthalli kere,Outlet,2011,,,chloride,131.6,,false,,mg/L,,131.6,dmg-2011
dmg-2011,amruthalli-kere-outlet,,Amruthalli kere,Outlet,2011,,,phosphate,2.09,,false,,mg/L as P,,2.09,dmg-2011
dmg-2011,amruthalli-kere-outlet,,Amruthalli kere,Outlet,2011,,,tss,23.5,,false,,mg/L,,23.5,dmg-2011
dmg-2011,amruthalli-kere-outlet,,Amruthalli kere,Outlet,2011,,,cod,19.20,,false,,mg/L,,19.20,dmg-2011
dmg-2011,amruthalli-kere-outlet,,Amruthalli kere,Outlet,2011,,,nitrate,10.97,,false,,mg/L as NO3,,10.97,dmg-2011
dmg-2011,amruthalli-kere-outlet,,Amruthalli kere,Outlet,2011,,,totalHardness,172,,false,,mg/L as CaCO3,,172,dmg-2011
dmg-2011,amruthalli-kere-outlet,,Amruthalli kere,Outlet,2011,,,fluoride,0.52,,false,,mg/L,,0.52,dmg-2011
dmg-2011,amruthalli-kere-outlet,,Amruthalli kere,Outlet,2011,,,ph,8.36,,false,,,,8.36,dmg-2011
dmg-2011,amruthalli-kere-outlet,,Amruthalli kere,Outlet,2011,,,zinc,0.21,,false,,mg/L,,0.21,dmg-2011
dmg-2011,amruthalli-kere-outlet,,Amruthalli kere,Outlet,2011,,,lead,,,true,,mg/L,,Nil,dmg-2011
dmg-2011,amruthalli-kere-outlet,,Amruthalli kere,Outlet,2011,,,copper,,,true,,mg/L,,Nil,dmg-2011
dmg-2011,amruthalli-kere-outlet,,Amruthalli kere,Outlet,2011,,,manganese,0.18,,false,,mg/L,,0.18,dmg-2011
dmg-2011,andrahalli-kere-inlet,,Andrahalli kere,Inlet,2011,,,chloride,358,,false,,mg/L,,358,dmg-2011
dmg-2011,andrahalli-kere-inlet,,Andrahalli kere,Inlet,2011,,,phosphate,0.1,,false,,mg/L as P,,0.1,dmg-2011
dmg-2011,andrahalli-kere-inlet,,Andrahalli kere,Inlet,2011,,,tss,136.5,,false,,mg/L,,136.5,dmg-2011
dmg-2011,andrahalli-kere-inlet,,Andrahalli kere,Inlet,2011,,,dissolvedOxygen,92,,false,,mg/L,,92,dmg-2011
dmg-2011,andrahalli-kere-inlet,,Andrahalli kere,Inlet,2011,,,cod,,,true,,mg/L,,Nil,dmg-2011
dmg-2011,andrahalli-kere-inlet,,Andrahalli kere,Inlet,2011,,,nitrate,6.25,,false,,mg/L as NO3,,6.25,dmg-2011
dmg-2011,andrahalli-kere-inlet,,Andrahalli kere,Inlet,2011,,,totalHardness,588,,false,,mg/L as CaCO3,,588,dmg-2011
dmg-2011,andrahalli-kere-inlet,,Andrahalli kere,Inlet,2011,,,fluoride,3.51,,false,,mg/L,,3.51,dmg-2011
dmg-2011,andrahalli-kere-inlet,,Andrahalli kere,Inlet,2011,,,ph,8.34,,false,,,,8.34,dmg-2011
dmg-2011,andrahalli-kere-inlet,,Andrahalli kere,Inlet,2011,,,zinc,0.14,,false,,mg/L,,0.14,dmg-2011
dmg-2011,andrahalli-kere-inlet,,Andrahalli kere,Inlet,2011,,,lead,,,true,,mg/L,,Nil,dmg-2011
dmg-2011,andrahalli-kere-inlet,,Andrahalli kere,Inlet,2011,,,copper,,,true,,mg/L,,Nil,dmg-2011
dmg-2011,andrahalli-kere-inlet,,Andrahalli kere,Inlet,2011,,,manganese,0.82,,false,,mg/L,,0.82,dmg-2011
dmg-2011,andrahalli-kere-inlet,,Andrahalli kere,Inlet,2011,,,aluminium,2.46,,false,,mg/L,,2.46,dmg-2011
dmg-2011,andrahalli-kere-inlet,,Andrahalli kere,Inlet,2011,,,eColi,160000,,false,,MPN/100mL,,160000,dmg-2011
dmg-2011,andrahalli-kere-inlet,,Andrahalli kere,Inlet,2011,,,totalColiform,160000,,false,,MPN/100mL,,160000,dmg-2011
dmg-2011,andrahalli-kere-outlet,,Andrahalli kere,Outlet,2011,,,chloride,258,,false,,mg/L,,258,dmg-2011
dmg-2011,andrahalli-kere-outlet,,Andrahalli kere,Outlet,2011,,,phosphate,0.2,,false,,mg/L as P,,0.2,dmg-2011
dmg-2011,andrahalli-kere-outlet,,Andrahalli kere,Outlet,2011,,,tss,191,,false,,mg/L,,191,dmg-2011
dmg-2011,andrahalli-kere-outlet,,Andrahalli kere,Outlet,2011,,,dissolvedOxygen,6.8,,false,,mg/L,,6.8,dmg-2011
dmg-2011,andrahalli-kere-outlet,,Andrahalli kere,Outlet,2011,,,cod,,,true,,mg/L,,Nil,dmg-2011
dmg-2011,andrahalli-kere-outlet,,Andrahalli kere,Outlet,2011,,,nitrate,7.07,,false,,mg/L as NO3,,7.07,dmg-2011
dmg-2011,andrahalli-kere-outlet,,Andrahalli kere,Outlet,2011,,,totalHardness,596,,false,,mg/L as CaCO3,,596,dmg-2011
dmg-2011,andrahalli-kere-outlet,,Andrahalli kere,Outlet,2011,,,fluoride,3.94,,false,,mg/L,,3.94,dmg-2011
dmg-2011,andrahalli-kere-outlet,,Andrahalli kere,Outlet,2011,,,ph,8.18,,false,,,,8.18,dmg-2011
dmg-2011,andrahalli-kere-outlet,,Andrahalli kere,Outlet,2011,,,zinc,0.15,,false,,mg/L,,0.15,dmg-2011
dmg-2011,andrahalli-kere-outlet,,Andrahalli kere,Outlet,2011,,,lead,,,true,,mg/L,,Nil,dmg-2011
dmg-2011,andrahalli-kere-outlet,,Andrahalli kere,Outlet,2011,,,copper,0.01,,false,,mg/L,,0.01,dmg-2011
dmg-2011,andrahalli-kere-outlet,,Andrahalli kere,Outlet,2011,,,manganese,0.68,,false,,mg/L,,0.68,dmg-2011
dmg-2011,andrahalli-kere-outlet,,Andrahalli kere,Outlet,2011,,,aluminium,2.42,,false,,mg/L,,2.42,dmg-2011
dmg-2011,andrahalli-kere-outlet,,Andrahalli kere,Outlet,2011,,,eColi,160000,,false,,MPN/100mL,,160000,dmg-2011
dmg-2011,andrahalli-kere-outlet,,Andrahalli kere,Outlet,2011,,,totalColiform,160000,,false,,MPN/100mL,,160000,dmg-2011
dmg-2011,anjanapura-kere-inlet,,Anjanapura kere,Inlet,2011,,,chloride,190,,false,,mg/L,,190,dmg-2011
dmg-2011,anjanapura-kere-inlet,,Anjanapura kere,Inlet,2011,,,phosphate,0.2,,false,,mg/L as P,,0.2,dmg-2011
dmg-2011,anjanapura-kere-inlet,,Anjanapura kere,Inlet,2011,,,tss,67.5,,false,,mg/L,,67.5,dmg-2011
dmg-2011,anjanapura-kere-inlet,,Anjanapura kere,Inlet,2011,,,dissolvedOxygen,6.2,,false,,mg/L,,6.2,dmg-2011
dmg-2011,anjanapura-kere-inlet,,Anjanapura kere,Inlet,2011,,,cod,40.00,,false,,mg/L,,40.00,dmg-2011
dmg-2011,anjanapura-kere-inlet,,Anjanapura kere,Inlet,2011,,,nitrate,4.715,,false,,mg/L as NO3,,4.715,dmg-2011
dmg-2011,anjanapura-kere-inlet,,Anjanapura kere,Inlet,2011,,,totalHardness,224,,false,,mg/L as CaCO3,,224,dmg-2011
dmg-2011,anjanapura-kere-inlet,,Anjanapura kere,Inlet,2011,,,fluoride,0.54,,false,,mg/L,,0.54,dmg-2011
dmg-2011,anjanapura-kere-inlet,,Anjanapura kere,Inlet,2011,,,ph,8.12,,false,,,,8.12,dmg-2011
dmg-2011,anjanapura-kere-inlet,,Anjanapura kere,Inlet,2011,,,zinc,0.17,,false,,mg/L,,0.17,dmg-2011
dmg-2011,anjanapura-kere-inlet,,Anjanapura kere,Inlet,2011,,,lead,,,true,,mg/L,,Nil,dmg-2011
dmg-2011,anjanapura-kere-inlet,,Anjanapura kere,Inlet,2011,,,copper,,,true,,mg/L,,Nil,dmg-2011
dmg-2011,anjanapura-kere-inlet,,Anjanapura kere,Inlet,2011,,,manganese,0.24,,false,,mg/L,,0.24,dmg-2011
dmg-2011,arakere-inlet,,Arakere,Inlet,2011,,,tss,5740,,false,,mg/L,,5740,dmg-2011
dmg-2011,arakere-inlet,,Arakere,Inlet,2011,,,dissolvedOxygen,,,true,,mg/L,,Nil,dmg-2011
dmg-2011,arakere-inlet,,Arakere,Inlet,2011,,,nitrate,5.46,,false,,mg/L as NO3,,5.46,dmg-2011
dmg-2011,arakere-inlet,,Arakere,Inlet,2011,,,fluoride,0.43,,false,,mg/L,,0.43,dmg-2011
dmg-2011,arakere-inlet,,Arakere,Inlet,2011,,,ph,8.06,,false,,,,8.06,dmg-2011
dmg-2011,arehalli-sanna-kere-i-inlet,,Arehalli sanna kere I,Inlet,2011,,,chloride,44.9,,false,,mg/L,,44.9,dmg-2011
dmg-2011,arehalli-sanna-kere-i-inlet,,Arehalli sanna kere I,Inlet,2011,,,phosphate,0.05,,false,,mg/L as P,,0.05,dmg-2011
dmg-2011,arehalli-sanna-kere-i-inlet,,Arehalli sanna kere I,Inlet,2011,,,tss,39,,false,,mg/L,,39,dmg-2011
dmg-2011,arehalli-sanna-kere-i-inlet,,Arehalli sanna kere I,Inlet,2011,,,dissolvedOxygen,6,,false,,mg/L,,6,dmg-2011
dmg-2011,arehalli-sanna-kere-i-inlet,,Arehalli sanna kere I,Inlet,2011,,,cod,,,true,,mg/L,,nil,dmg-2011
dmg-2011,arehalli-sanna-kere-i-inlet,,Arehalli sanna kere I,Inlet,2011,,,nitrate,7.74,,false,,mg/L as NO3,,7.74,dmg-2011
dmg-2011,arehalli-sanna-kere-i-inlet,,Arehalli sanna kere I,Inlet,2011,,,totalHardness,164,,false,,mg/L as CaCO3,,164,dmg-2011
dmg-2011,arehalli-sanna-kere-i-inlet,,Arehalli sanna kere I,Inlet,2011,,,fluoride,0.37,,false,,mg/L,,0.37,dmg-2011
dmg-2011,arehalli-sanna-kere-i-inlet,,Arehalli sanna kere I,Inlet,2011,,,ph,8.17,,false,,,,8.17,dmg-2011
dmg-2011,arehalli-sanna-kere-i-inlet,,Arehalli sanna kere I,Inlet,2011,,,zinc,0.05,,false,,mg/L,,0.05,dmg-2011
dmg-2011,arehalli-sanna-kere-i-inlet,,Arehalli sanna kere I,Inlet,2011,,,lead,,,true,,mg/L,,Nil,dmg-2011
dmg-2011,arehalli-sanna-kere-i-inlet,,Arehalli sanna kere I,Inlet,2011,,,copper,,,true,,mg/L,,Nil,dmg-2011
dmg-2011,arehalli-sanna-kere-i-inlet,,Arehalli sanna kere I,Inlet,2011,,,manganese,0.21,,false,,mg/L,,0.21,dmg-2011
dmg-2011,arehalli-sanna-kere-i-inlet,,Arehalli sanna kere I,Inlet,2011,,,chromium,0.05,,false,,mg/L,,0.05,dmg-2011
dmg-2011,arehalli-sanna-kere-ii-inlet,,Arehalli sanna kere II,Inlet,2011,,,chloride,45,,false,,mg/L,,45,dmg-2011
dmg-2011,arehalli-sanna-kere-ii-inlet,,Arehalli sanna kere II,Inlet,2011,,,phosphate,2.06,,false,,mg/L as P,,2:06,dmg-2011
dmg-2011,arehalli-sanna-kere-ii-inlet,,Arehalli sanna kere II,Inlet,2011,,,tss,13,,false,,mg/L,,13,dmg-2011
dmg-2011,arehalli-sanna-kere-ii-inlet,,Arehalli sanna kere II,Inlet,2011,,,dissolvedOxygen,12.8,,false,,mg/L,,12.8,dmg-2011
dmg-2011,arehalli-sanna-kere-ii-inlet,,Arehalli sanna kere II,Inlet,2011,,,cod,,,true,,mg/L,,Nil,dmg-2011
dmg-2011,arehalli-sanna-kere-ii-inlet,,Arehalli sanna kere II,Inlet,2011,,,nitrate,4.26,,false,,mg/L as NO3,,4.26,dmg-2011
dmg-2011,arehalli-sanna-kere-ii-inlet,,Arehalli sanna kere II,Inlet,2011,,,totalHardness,132,,false,,mg/L as CaCO3,,132,dmg-2011
dmg-2011,arehalli-sanna-kere-ii-inlet,,Arehalli sanna kere II,Inlet,2011,,,fluoride,0.82,,false,,mg/L,,0.82,dmg-2011
dmg-2011,arehalli-sanna-kere-ii-inlet,,Arehalli sanna kere II,Inlet,2011,,,ph,9.46,,false,,,,9.46,dmg-2011
dmg-2011,arehalli-sanna-kere-ii-inlet,,Arehalli sanna kere II,Inlet,2011,,,zinc,0.38,,false,,mg/L,,0.38,dmg-2011
dmg-2011,arehalli-sanna-kere-ii-inlet,,Arehalli sanna kere II,Inlet,2011,,,lead,,,true,,mg/L,,Nil,dmg-2011
dmg-2011,arehalli-sanna-kere-ii-inlet,,Arehalli sanna kere II,Inlet,2011,,,copper,,,true,,mg/L,,Nil,dmg-2011
dmg-2011,arehalli-sanna-kere-ii-inlet,,Arehalli sanna kere II,Inlet,2011,,,manganese,0.16,,false,,mg/L,,0.16,dmg-2011
dmg-2011,attur-lake-outlet,,Attur Lake,Outlet,2011,,,chloride,34,,false,,mg/L,,34,dmg-2011
dmg-2011,attur-lake-outlet,,Attur Lake,Outlet,2011,,,phosphate,0.1,,false,,mg/L as P,,0.1,dmg-2011
dmg-2011,attur-lake-outlet,,Attur Lake,Outlet,2011,,,tss,65.5,,false,,mg/L,,65.5,dmg-2011
dmg-2011,attur-lake-outlet,,Attur Lake,Outlet,2011,,,nitrate,26.00,,false,,mg/L as NO3,,26.00,dmg-2011
dmg-2011,attur-lake-outlet,,Attur Lake,Outlet,2011,,,totalHardness,84,,false,,mg/L as CaCO3,,84,dmg-2011
dmg-2011,attur-lake-outlet,,Attur Lake,Outlet,2011,,,fluoride,0.46,,false,,mg/L,,0.46,dmg-2011
dmg-2011,attur-lake-outlet,,Attur Lake,Outlet,2011,,,ph,7.22,,false,,,,7.22,dmg-2011
dmg-2011,attur-lake-outlet,,Attur Lake,Outlet,2011,,,zinc,0.19,,false,,mg/L,,0.19,dmg-2011
dmg-2011,attur-lake-outlet,,Attur Lake,Outlet,2011,,,lead,0.11,,false,,mg/L,,0.11,dmg-2011
dmg-2011,attur-lake-outlet,,Attur Lake,Outlet,2011,,,copper,0.10,,false,,mg/L,,0.10,dmg-2011
dmg-2011,attur-lake-outlet,,Attur Lake,Outlet,2011,,,manganese,0.61,,false,,mg/L,,0.61,dmg-2011
dmg-2011,attur-lake-outlet,,Attur Lake,Outlet,2011,,,aluminium,68.9,,false,,mg/L,,68.9,dmg-2011
dmg-2011,attur-lake-middle,,Attur Lake,Middle,2011,,,chloride,22,,false,,mg/L,,22,dmg-2011
dmg-2011,attur-lake-middle,,Attur Lake,Middle,2011,,,phosphate,0.2,,false,,mg/L as P,,0.2,dmg-2011
dmg-2011,attur-lake-middle,,Attur Lake,Middle,2011,,,tss,67.5,,false,,mg/L,,67.5,dmg-2011
dmg-2011,attur-lake-middle,,Attur Lake,Middle,2011,,,nitrate,27.00,,false,,mg/L as NO3,,27.00,dmg-2011
dmg-2011,attur-lake-middle,,Attur Lake,Middle,2011,,,totalHardness,88,,false,,mg/L as CaCO3,,88,dmg-2011
dmg-2011,attur-lake-middle,,Attur Lake,Middle,2011,,,fluoride,0.56,,false,,mg/L,,0.56,dmg-2011
dmg-2011,attur-lake-middle,,Attur Lake,Middle,2011,,,ph,7.72,,false,,,,7.72,dmg-2011
dmg-2011,attur-lake-middle,,Attur Lake,Middle,2011,,,zinc,0.10,,false,,mg/L,,0.10,dmg-2011
dmg-2011,attur-lake-middle,,Attur Lake,Middle,2011,,,lead,0.12,,false,,mg/L,,0.12,dmg-2011
dmg-2011,attur-lake-middle,,Attur Lake,Middle,2011,,,copper,0.08,,false,,mg/L,,0.08,dmg-2011
dmg-2011,attur-lake-middle,,Attur Lake,Middle,2011,,,manganese,0.56,,false,,mg/L,,0.56,dmg-2011
dmg-2011,attur-lake-middle,,Attur Lake,Middle,2011,,,aluminium,63.4,,false,,mg/L,,63.4,dmg-2011
dmg-2011,attur-lake-inlet,,Attur Lake,Inlet,2011,,,chloride,25,,false,,mg/L,,25,dmg-2011
dmg-2011,attur-lake-inlet,,Attur Lake,Inlet,2011,,,phosphate,0.05,,false,,mg/L as P,,0.05,dmg-2011
dmg-2011,attur-lake-inlet,,Attur Lake,Inlet,2011,,,tss,76,,false,,mg/L,,76,dmg-2011
dmg-2011,attur-lake-inlet,,Attur Lake,Inlet,2011,,,dissolvedOxygen,7,,false,,mg/L,,7,dmg-2011
dmg-2011,attur-lake-inlet,,Attur Lake,Inlet,2011,,,nitrate,36.30,,false,,mg/L as NO3,,36.30,dmg-2011
dmg-2011,attur-lake-inlet,,Attur Lake,Inlet,2011,,,totalHardness,76,,false,,mg/L as CaCO3,,76,dmg-2011
dmg-2011,attur-lake-inlet,,Attur Lake,Inlet,2011,,,fluoride,0.37,,false,,mg/L,,0.37,dmg-2011
dmg-2011,attur-lake-inlet,,Attur Lake,Inlet,2011,,,ph,7.63,,false,,,,7.63,dmg-2011
dmg-2011,bagalkunte-kere-inlet,,Bagalkunte Kere,Inlet,2011,,,chloride,109,,false,,mg/L,,109,dmg-2011
dmg-2011,bagalkunte-kere-inlet,,Bagalkunte Kere,Inlet,2011,,,phosphate,2.05,,false,,mg/L as P,,2.05,dmg-2011
dmg-2011,bagalkunte-kere-inlet,,Bagalkunte Kere,Inlet,2011,,,tss,72.5,,false,,mg/L,,72.5,dmg-2011
dmg-2011,bagalkunte-kere-inlet,,Bagalkunte Kere,Inlet,2011,,,dissolvedOxygen,9,,false,,mg/L,,9,dmg-2011
dmg-2011,bagalkunte-kere-inlet,,Bagalkunte Kere,Inlet,2011,,,cod,96.00,,false,,mg/L,,96.00,dmg-2011
dmg-2011,bagalkunte-kere-inlet,,Bagalkunte Kere,Inlet,2011,,,nitrate,7.08,,false,,mg/L as NO3,,7.08,dmg-2011
dmg-2011,bagalkunte-kere-inlet,,Bagalkunte Kere,Inlet,2011,,,totalHardness,240,,false,,mg/L as CaCO3,,240,dmg-2011
dmg-2011,bagalkunte-kere-inlet,,Bagalkunte Kere,Inlet,2011,,,fluoride,0.18,,false,,mg/L,,0.18,dmg-2011
dmg-2011,bagalkunte-kere-inlet,,Bagalkunte Kere,Inlet,2011,,,ph,8.74,,false,,,,8.74,dmg-2011
dmg-2011,bagalkunte-kere-inlet,,Bagalkunte Kere,Inlet,2011,,,zinc,0.12,,false,,mg/L,,0.12,dmg-2011
dmg-2011,bagalkunte-kere-inlet,,Bagalkunte Kere,Inlet,2011,,,lead,,,true,,mg/L,,Nil,dmg-2011
dmg-2011,bagalkunte-kere-inlet,,Bagalkunte Kere,Inlet,2011,,,copper,,,true,,mg/L,,Nil,dmg-2011
dmg-2011,bagalkunte-kere-inlet,,Bagalkunte Kere,Inlet,2011,,,manganese,0.30,,false,,mg/L,,0.30,dmg-2011
dmg-2011,balajinagar-kere-inlet,,Balajinagar Kere,Inlet,2011,,,chloride,123,,false,,mg/L,,123,dmg-2011
dmg-2011,balajinagar-kere-inlet,,Balajinagar Kere,Inlet,2011,,,phosphate,0.2,,false,,mg/L as P,,0.2,dmg-2011
dmg-2011,balajinagar-kere-inlet,,Balajinagar Kere,Inlet,2011,,,tss,8.5,,false,,mg/L,,8.5,dmg-2011
dmg-2011,balajinagar-kere-inlet,,Balajinagar Kere,Inlet,2011,,,dissolvedOxygen,5.8,,false,,mg/L,,5.8,dmg-2011
dmg-2011,balajinagar-kere-inlet,,Balajinagar Kere,Inlet,2011,,,cod,,,true,,mg/L,,Nil,dmg-2011
dmg-2011,balajinagar-kere-inlet,,Balajinagar Kere,Inlet,2011,,,nitrate,4.31,,false,,mg/L as NO3,,4.31,dmg-2011
dmg-2011,balajinagar-kere-inlet,,Balajinagar Kere,Inlet,2011,,,totalHardness,260,,false,,mg/L as CaCO3,,260,dmg-2011
dmg-2011,balajinagar-kere-inlet,,Balajinagar Kere,Inlet,2011,,,fluoride,0.65,,false,,mg/L,,0.65,dmg-2011
dmg-2011,balajinagar-kere-inlet,,Balajinagar Kere,Inlet,2011,,,ph,7.47,,false,,,,7.47,dmg-2011
dmg-2011,balajinagar-kere-inlet,,Balajinagar Kere,Inlet,2011,,,zinc,0.06,,false,,mg/L,,0.06,dmg-2011
dmg-2011,balajinagar-kere-inlet,,Balajinagar Kere,Inlet,2011,,,lead,,,true,,mg/L,,Nil,dmg-2011
dmg-2011,balajinagar-kere-inlet,,Balajinagar Kere,Inlet,2011,,,copper,0.01,,false,,mg/L,,0 01,dmg-2011
dmg-2011,balajinagar-kere-inlet,,Balajinagar Kere,Inlet,2011,,,manganese,0.41,,false,,mg/L,,0.41,dmg-2011
dmg-2011,balajinagar-kere-inlet,,Balajinagar Kere,Inlet,2011,,,aluminium,0.79,,false,,mg/L,,0.79,dmg-2011
dmg-2011,basapura-kere-l-inlet,,Basapura kere(l),Inlet,2011,,,chloride,412,,false,,mg/L,,412,dmg-2011
dmg-2011,basapura-kere-l-inlet,,Basapura kere(l),Inlet,2011,,,phosphate,0.55,,false,,mg/L as P,,0.55,dmg-2011
dmg-2011,basapura-kere-l-inlet,,Basapura kere(l),Inlet,2011,,,tss,1,,false,,mg/L,,1,dmg-2011
dmg-2011,basapura-kere-l-inlet,,Basapura kere(l),Inlet,2011,,,dissolvedOxygen,5.4,,false,,mg/L,,5.4,dmg-2011
dmg-2011,basapura-kere-l-inlet,,Basapura kere(l),Inlet,2011,,,cod,57.60,,false,,mg/L,,57.60,dmg-2011
dmg-2011,basapura-kere-l-inlet,,Basapura kere(l),Inlet,2011,,,nitrate,8.02,,false,,mg/L as NO3,,8.02,dmg-2011
dmg-2011,basapura-kere-l-inlet,,Basapura kere(l),Inlet,2011,,,totalHardness,500,,false,,mg/L as CaCO3,,500,dmg-2011
dmg-2011,basapura-kere-l-inlet,,Basapura kere(l),Inlet,2011,,,fluoride,0.52,,false,,mg/L,,0.52,dmg-2011
dmg-2011,basapura-kere-l-inlet,,Basapura kere(l),Inlet,2011,,,ph,8.36,,false,,,,8.36,dmg-2011
dmg-2011,basapura-kere-l-inlet,,Basapura kere(l),Inlet,2011,,,zinc,0.07,,false,,mg/L,,0.07,dmg-2011
dmg-2011,basapura-kere-l-inlet,,Basapura kere(l),Inlet,2011,,,lead,,,true,,mg/L,,Nil,dmg-2011
dmg-2011,basapura-kere-l-inlet,,Basapura kere(l),Inlet,2011,,,copper,,,true,,mg/L,,Nil,dmg-2011
dmg-2011,basapura-kere-l-inlet,,Basapura kere(l),Inlet,2011,,,manganese,0.05,,false,,mg/L,,0.05,dmg-2011
dmg-2011,begur-tank-middle,,Begur tank,Middle,2011,,,chloride,132,,false,,mg/L,,132,dmg-2011
dmg-2011,begur-tank-middle,,Begur tank,Middle,2011,,,phosphate,0.01,,false,,mg/L as P,,0.01,dmg-2011
dmg-2011,begur-tank-middle,,Begur tank,Middle,2011,,,tss,78,,false,,mg/L,,78,dmg-2011
dmg-2011,begur-tank-middle,,Begur tank,Middle,2011,,,cod,,,true,,mg/L,,Nil,dmg-2011
dmg-2011,begur-tank-middle,,Begur tank,Middle,2011,,,nitrate,2.34,,false,,mg/L as NO3,,2.34,dmg-2011
dmg-2011,begur-tank-middle,,Begur tank,Middle,2011,,,totalHardness,184,,false,,mg/L as CaCO3,,184,dmg-2011
dmg-2011,begur-tank-middle,,Begur tank,Middle,2011,,,fluoride,0.48,,false,,mg/L,,0 48,dmg-2011
dmg-2011,begur-tank-middle,,Begur tank,Middle,2011,,,ph,8.35,,false,,,,8.35,dmg-2011
dmg-2011,begur-tank-middle,,Begur tank,Middle,2011,,,zinc,0.06,,false,,mg/L,,0.06,dmg-2011
dmg-2011,begur-tank-middle,,Begur tank,Middle,2011,,,lead,,,true,,mg/L,,Nil,dmg-2011
dmg-2011,begur-tank-middle,,Begur tank,Middle,2011,,,copper,,,true,,mg/L,,Nil,dmg-2011
dmg-2011,begur-tank-middle,,Begur tank,Middle,2011,,,manganese,0.10,,false,,mg/L,,0.10,dmg-2011
dmg-2011,begur-tank-outlet,,Begur tank,Outlet,2011,,,chloride,185,,false,,mg/L,,185,dmg-2011
dmg-2011,begur-tank-outlet,,Begur tank,Outlet,2011,,,phosphate,0.11,,false,,mg/L as P,,0.11,dmg-2011
dmg-2011,begur-tank-outlet,,Begur tank,Outlet,2011,,,cod,,,true,,mg/L,,Nil,dmg-2011
dmg-2011,begur-tank-outlet,,Begur tank,Outlet,2011,,,nitrate,2.62,,false,,mg/L as NO3,,2.62,dmg-2011
dmg-2011,begur-tank-outlet,,Begur tank,Outlet,2011,,,totalHardness,316,,false,,mg/L as CaCO3,,316,dmg-2011
dmg-2011,begur-tank-outlet,,Begur tank,Outlet,2011,,,fluoride,0.48,,false,,mg/L,,0.48,dmg-2011
dmg-2011,begur-tank-outlet,,Begur tank,Outlet,2011,,,ph,7.97,,false,,,,7.97,dmg-2011
dmg-2011,begur-tank-outlet,,Begur tank,Outlet,2011,,,zinc,0.07,,false,,mg/L,,0.07,dmg-2011
dmg-2011,begur-tank-outlet,,Begur tank,Outlet,2011,,,lead,,,true,,mg/L,,Nil,dmg-2011
dmg-2011,begur-tank-outlet,,Begur tank,Outlet,2011,,,copper,,,true,,mg/L,,Nil,dmg-2011
dmg-2011,begur-tank-outlet,,Begur tank,Outlet,2011,,,manganese,0.07,,false,,mg/L,,0.07,dmg-2011
dmg-2011,begur-tank-inlet,,Begur tank,Inlet,2011,,,chloride,277,,false,,mg/L,,277,dmg-2011
dmg-2011,begur-tank-inlet,,Begur tank,Inlet,2011,,,phosphate,1.04,,false,,mg/L as P,,1.04,dmg-2011
dmg-2011,begur-tank-inlet,,Begur tank,Inlet,2011,,,tss,245,,false,,mg/L,,245,dmg-2011
dmg-2011,begur-tank-inlet,,Begur tank,Inlet,2011,,,dissolvedOxygen,,,true,,mg/L,,Nil,dmg-2011
dmg-2011,begur-tank-inlet,,Begur tank,Inlet,2011,,,cod,56.64,,false,,mg/L,,56.64,dmg-2011
dmg-2011,begur-tank-inlet,,Begur tank,Inlet,2011,,,nitrate,9.73,,false,,mg/L as NO3,,9.73,dmg-2011
dmg-2011,begur-tank-inlet,,Begur tank,Inlet,2011,,,totalHardness,272,,false,,mg/L as CaCO3,,272,dmg-2011
dmg-2011,begur-tank-inlet,,Begur tank,Inlet,2011,,,fluoride,0.72,,false,,mg/L,,0.72,dmg-2011
dmg-2011,begur-tank-inlet,,Begur tank,Inlet,2011,,,ph,8.07,,false,,,,8.07,dmg-2011
dmg-2011,begur-tank-inlet,,Begur tank,Inlet,2011,,,zinc,0.10,,false,,mg/L,,0.10,dmg-2011
dmg-2011,begur-tank-inlet,,Begur tank,Inlet,2011,,,lead,0.03,,false,,mg/L,,0.03,dmg-2011
dmg-2011,begur-tank-inlet,,Begur tank,Inlet,2011,,,copper,,,true,,mg/L,,Nil,dmg-2011
dmg-2011,begur-tank-inlet,,Begur tank,Inlet,2011,,,manganese,0.54,,false,,mg/L,,0.54,dmg-2011
dmg-2011,belandur-tank-outlet,,Belandur Tank,Outlet,2011,,,chloride,132,,false,,mg/L,,132,dmg-2011
dmg-2011,belandur-tank-outlet,,Belandur Tank,Outlet,2011,,,phosphate,0.1,,false,,mg/L as P,,0.1,dmg-2011
dmg-2011,belandur-tank-outlet,,Belandur Tank,Outlet,2011,,,tss,150,,false,,mg/L,,150,dmg-2011
dmg-2011,belandur-tank-outlet,,Belandur Tank,Outlet,2011,,,dissolvedOxygen,,,true,,mg/L,,Nil,dmg-2011
dmg-2011,belandur-tank-outlet,,Belandur Tank,Outlet,2011,,,cod,57.60,,false,,mg/L,,57.60,dmg-2011
dmg-2011,belandur-tank-outlet,,Belandur Tank,Outlet,2011,,,nitrate,7.48,,false,,mg/L as NO3,,7.48,dmg-2011
dmg-2011,belandur-tank-outlet,,Belandur Tank,Outlet,2011,,,totalHardness,220,,false,,mg/L as CaCO3,,220,dmg-2011
dmg-2011,belandur-tank-outlet,,Belandur Tank,Outlet,2011,,,fluoride,0.38,,false,,mg/L,,0.38,dmg-2011
dmg-2011,belandur-tank-outlet,,Belandur Tank,Outlet,2011,,,ph,7.87,,false,,,,7.87,dmg-2011
dmg-2011,belandur-tank-outlet,,Belandur Tank,Outlet,2011,,,zinc,0.13,,false,,mg/L,,0.13,dmg-2011
dmg-2011,belandur-tank-outlet,,Belandur Tank,Outlet,2011,,,lead,,,true,,mg/L,,.Nil,dmg-2011
dmg-2011,belandur-tank-outlet,,Belandur Tank,Outlet,2011,,,copper,,,true,,mg/L,,Nil,dmg-2011
dmg-2011,belandur-tank-outlet,,Belandur Tank,Outlet,2011,,,manganese,0.22,,false,,mg/L,,0.22,dmg-2011
dmg-2011,belandur-tank-middle,,Belandur Tank,Middle,2011,,,chloride,134,,false,,mg/L,,134,dmg-2011
dmg-2011,belandur-tank-middle,,Belandur Tank,Middle,2011,,,phosphate,0.1,,false,,mg/L as P,,0.1,dmg-2011
dmg-2011,belandur-tank-middle,,Belandur Tank,Middle,2011,,,tss,192,,false,,mg/L,,192,dmg-2011
dmg-2011,belandur-tank-middle,,Belandur Tank,Middle,2011,,,cod,76.80,,false,,mg/L,,76.80,dmg-2011
dmg-2011,belandur-tank-middle,,Belandur Tank,Middle,2011,,,nitrate,7.91,,false,,mg/L as NO3,,7.91,dmg-2011
dmg-2011,belandur-tank-middle,,Belandur Tank,Middle,2011,,,totalHardness,244,,false,,mg/L as CaCO3,,244,dmg-2011
dmg-2011,belandur-tank-middle,,Belandur Tank,Middle,2011,,,fluoride,0.37,,false,,mg/L,,0 37,dmg-2011
dmg-2011,belandur-tank-middle,,Belandur Tank,Middle,2011,,,ph,7.80,,false,,,,7.80,dmg-2011
dmg-2011,belandur-tank-middle,,Belandur Tank,Middle,2011,,,zinc,0.12,,false,,mg/L,,0.12,dmg-2011
dmg-2011,belandur-tank-middle,,Belandur Tank,Middle,2011,,,lead,,,true,,mg/L,,Nil,dmg-2011
dmg-2011,belandur-tank-middle,,Belandur Tank,Middle,2011,,,copper,,,true,,mg/L,,Nil,dmg-2011
dmg-2011,belandur-tank-middle,,Belandur Tank,Middle,2011,,,manganese,0.22,,false,,mg/L,,0.22,dmg-2011
dmg-2011,belandur-tank-inlet,,Belandur Tank,Inlet,2011,,,chloride,109,,false,,mg/L,,109,dmg-2011
dmg-2011,belandur-tank-inlet,,Belandur Tank,Inlet,2011,,,phosphate,5.05,,false,,mg/L as P,,5.05,dmg-2011
dmg-2011,belandur-tank-inlet,,Belandur Tank,Inlet,2011,,,tss,498,,false,,mg/L,,498,dmg-2011
dmg-2011,belandur-tank-inlet,,Belandur Tank,Inlet,2011,,,dissolvedOxygen,,,true,,mg/L,,Nil,dmg-2011
dmg-2011,belandur-tank-inlet,,Belandur Tank,Inlet,2011,,,cod,96.00,,false,,mg/L,,96.00,dmg-2011
dmg-2011,belandur-tank-inlet,,Belandur Tank,Inlet,2011,,,nitrate,9.73,,false,,mg/L as NO3,,9.73,dmg-2011
dmg-2011,belandur-tank-inlet,,Belandur Tank,Inlet,2011,,,totalHardness,208,,false,,mg/L as CaCO3,,208,dmg-2011
dmg-2011,belandur-tank-inlet,,Belandur Tank,Inlet,2011,,,fluoride,0.40,,false,,mg/L,,0.40,dmg-2011
dmg-2011,belandur-tank-inlet,,Belandur Tank,Inlet,2011,,,ph,7.51,,false,,,,7.51,dmg-2011
dmg-2011,belandur-tank-inlet,,Belandur Tank,Inlet,2011,,,zinc,0.19,,false,,mg/L,,0.19,dmg-2011
dmg-2011,belandur-tank-inlet,,Belandur Tank,Inlet,2011,,,lead,,,true,,mg/L,,Nil,dmg-2011
dmg-2011,belandur-tank-inlet,,Belandur Tank,Inlet,2011,,,copper,,,true,,mg/L,,Nil,dmg-2011
dmg-2011,belandur-tank-inlet,,Belandur Tank,Inlet,2011,,,manganese,0.23,,false,,mg/L,,0.23,dmg-2011
dmg-2011,belandur-tank-inlet-2,,Belandur Tank,Inlet - 2,2011,,,chloride,148,,false,,mg/L,,148,dmg-2011
dmg-2011,belandur-tank-inlet-2,,Belandur Tank,Inlet - 2,2011,,,phosphate,5.11,,false,,mg/L as P,,5.11,dmg-2011
dmg-2011,belandur-tank-inlet-2,,Belandur Tank,Inlet - 2,2011,,,tss,363,,false,,mg/L,,363,dmg-2011
dmg-2011,belandur-tank-inlet-2,,Belandur Tank,Inlet - 2,2011,,,cod,134.40,,false,,mg/L,,134.40,dmg-2011
dmg-2011,belandur-tank-inlet-2,,Belandur Tank,Inlet - 2,2011,,,nitrate,11.165,,false,,mg/L as NO3,,11.165,dmg-2011
dmg-2011,belandur-tank-inlet-2,,Belandur Tank,Inlet - 2,2011,,,totalHardness,240,,false,,mg/L as CaCO3,,240,dmg-2011
dmg-2011,belandur-tank-inlet-2,,Belandur Tank,Inlet - 2,2011,,,fluoride,0.36,,false,,mg/L,,0.36,dmg-2011
dmg-2011,belandur-tank-inlet-2,,Belandur Tank,Inlet - 2,2011,,,ph,7.63,,false,,,,7.63,dmg-2011
dmg-2011,belandur-tank-inlet-2,,Belandur Tank,Inlet - 2,2011,,,zinc,0.44,,false,,mg/L,,0.44,dmg-2011
dmg-2011,belandur-tank-inlet-2,,Belandur Tank,Inlet - 2,2011,,,lead,11.00,,false,,mg/L,,11.00,dmg-2011
dmg-2011,belandur-tank-inlet-2,,Belandur Tank,Inlet - 2,2011,,,copper,0.07,,false,,mg/L,,0.07,dmg-2011
dmg-2011,belandur-tank-inlet-2,,Belandur Tank,Inlet - 2,2011,,,manganese,0.28,,false,,mg/L,,0.28,dmg-2011
dmg-2011,bhattrahalli-kere-inlet,,Bhattrahalli Kere,Inlet,2011,,,chloride,476,,false,,mg/L,,476,dmg-2011
dmg-2011,bhattrahalli-kere-inlet,,Bhattrahalli Kere,Inlet,2011,,,phosphate,,,true,,mg/L as P,,Nil,dmg-2011
dmg-2011,bhattrahalli-kere-inlet,,Bhattrahalli Kere,Inlet,2011,,,dissolvedOxygen,10,,false,,mg/L,,10,dmg-2011
dmg-2011,bhattrahalli-kere-inlet,,Bhattrahalli Kere,Inlet,2011,,,cod,18.88,,false,,mg/L,,18.88,dmg-2011
dmg-2011,bhattrahalli-kere-inlet,,Bhattrahalli Kere,Inlet,2011,,,nitrate,5.90,,false,,mg/L as NO3,,5.90,dmg-2011
dmg-2011,bhattrahalli-kere-inlet,,Bhattrahalli Kere,Inlet,2011,,,totalHardness,220,,false,,mg/L as CaCO3,,220,dmg-2011
dmg-2011,bhattrahalli-kere-inlet,,Bhattrahalli Kere,Inlet,2011,,,fluoride,0.66,,false,,mg/L,,0.66,dmg-2011
dmg-2011,bhattrahalli-kere-inlet,,Bhattrahalli Kere,Inlet,2011,,,ph,8.29,,false,,,,8.29,dmg-2011
dmg-2011,bhattrahalli-kere-inlet,,Bhattrahalli Kere,Inlet,2011,,,zinc,0.06,,false,,mg/L,,0.06,dmg-2011
dmg-2011,bhattrahalli-kere-inlet,,Bhattrahalli Kere,Inlet,2011,,,lead,0.03,,false,,mg/L,,0.03,dmg-2011
dmg-2011,bhattrahalli-kere-inlet,,Bhattrahalli Kere,Inlet,2011,,,copper,0.01,,false,,mg/L,,0.01,dmg-2011
dmg-2011,bhattrahalli-kere-inlet,,Bhattrahalli Kere,Inlet,2011,,,manganese,0.12,,false,,mg/L,,0.12,dmg-2011
dmg-2011,bhattrahalli-kere-inlet,,Bhattrahalli Kere,Inlet,2011,,,aluminium,1.38,,false,,mg/L,,1.38,dmg-2011
dmg-2011,bhattrahalli-kere-outlet,,Bhattrahalli Kere,Outlet,2011,,,chloride,168,,false,,mg/L,,168,dmg-2011
dmg-2011,bhattrahalli-kere-outlet,,Bhattrahalli Kere,Outlet,2011,,,phosphate,,,true,,mg/L as P,,Nil,dmg-2011
dmg-2011,bhattrahalli-kere-outlet,,Bhattrahalli Kere,Outlet,2011,,,cod,18.88,,false,,mg/L,,18.88,dmg-2011
dmg-2011,bhattrahalli-kere-outlet,,Bhattrahalli Kere,Outlet,2011,,,nitrate,6.10,,false,,mg/L as NO3,,6.10,dmg-2011
dmg-2011,bhattrahalli-kere-outlet,,Bhattrahalli Kere,Outlet,2011,,,totalHardness,208,,false,,mg/L as CaCO3,,208,dmg-2011
dmg-2011,bhattrahalli-kere-outlet,,Bhattrahalli Kere,Outlet,2011,,,fluoride,0.61,,false,,mg/L,,0.61,dmg-2011
dmg-2011,bhattrahalli-kere-outlet,,Bhattrahalli Kere,Outlet,2011,,,ph,8.67,,false,,,,8.67,dmg-2011
dmg-2011,bhattrahalli-kere-outlet,,Bhattrahalli Kere,Outlet,2011,,,zinc,0.09,,false,,mg/L,,0.09,dmg-2011
dmg-2011,bhattrahalli-kere-outlet,,Bhattrahalli Kere,Outlet,2011,,,lead,,,true,,mg/L,,Nil,dmg-2011
dmg-2011,bhattrahalli-kere-outlet,,Bhattrahalli Kere,Outlet,2011,,,copper,,,true,,mg/L,,Nil,dmg-2011
dmg-2011,bhattrahalli-kere-outlet,,Bhattrahalli Kere,Outlet,2011,,,manganese,0.13,,false,,mg/L,,0.13,dmg-2011
dmg-2011,bhattrahalli-kere-outlet,,Bhattrahalli Kere,Outlet,2011,,,aluminium,2.42,,false,,mg/L,,2.42,dmg-2011
dmg-2011,busegowdana-kere-inlet,,Busegowdana kere,Inlet,2011,,,chloride,78.4,,false,,mg/L,,78.4,dmg-2011
dmg-2011,busegowdana-kere-inlet,,Busegowdana kere,Inlet,2011,,,phosphate,0.01,,false,,mg/L as P,,0 01,dmg-2011
dmg-2011,busegowdana-kere-inlet,,Busegowdana kere,Inlet,2011,,,tss,233,,false,,mg/L,,233,dmg-2011
dmg-2011,busegowdana-kere-inlet,,Busegowdana kere,Inlet,2011,,,dissolvedOxygen,3.6,,false,,mg/L,,3.6,dmg-2011
dmg-2011,busegowdana-kere-inlet,,Busegowdana kere,Inlet,2011,,,cod,94.40,,false,,mg/L,,94.40,dmg-2011
dmg-2011,busegowdana-kere-inlet,,Busegowdana kere,Inlet,2011,,,nitrate,11.26,,false,,mg/L as NO3,,11.26,dmg-2011
dmg-2011,busegowdana-kere-inlet,,Busegowdana kere,Inlet,2011,,,totalHardness,168,,false,,mg/L as CaCO3,,168,dmg-2011
dmg-2011,busegowdana-kere-inlet,,Busegowdana kere,Inlet,2011,,,fluoride,0.42,,false,,mg/L,,0.42,dmg-2011
dmg-2011,busegowdana-kere-inlet,,Busegowdana kere,Inlet,2011,,,ph,8.32,,false,,,,8.32,dmg-2011
dmg-2011,busegowdana-kere-inlet,,Busegowdana kere,Inlet,2011,,,zinc,0.10,,false,,mg/L,,0.10,dmg-2011
dmg-2011,busegowdana-kere-inlet,,Busegowdana kere,Inlet,2011,,,lead,,,true,,mg/L,,Nil,dmg-2011
dmg-2011,busegowdana-kere-inlet,,Busegowdana kere,Inlet,2011,,,copper,0.04,,false,,mg/L,,0.04,dmg-2011
dmg-2011,busegowdana-kere-inlet,,Busegowdana kere,Inlet,2011,,,manganese,0.88,,false,,mg/L,,0.88,dmg-2011
dmg-2011,busegowdana-kere-inlet,,Busegowdana kere,Inlet,2011,,,chromium,0.03,,false,,mg/L,,0.03,dmg-2011
dmg-2011,busegowdana-kere-inlet,,Busegowdana kere,Inlet,2011,,,eColi,900,,false,,MPN/100mL,,900,dmg-2011
dmg-2011,busegowdana-kere-inlet,,Busegowdana kere,Inlet,2011,,,totalColiform,900,,false,,MPN/100mL,,900,dmg-2011
dmg-2011,busegowdana-kere-outlet,,Busegowdana kere,Outlet,2011,,,chloride,75.6,,false,,mg/L,,75.6,dmg-2011
dmg-2011,busegowdana-kere-outlet,,Busegowdana kere,Outlet,2011,,,phosphate,0.01,,false,,mg/L as P,,0.01,dmg-2011
dmg-2011,busegowdana-kere-outlet,,Busegowdana kere,Outlet,2011,,,tss,336,,false,,mg/L,,336,dmg-2011
dmg-2011,busegowdana-kere-outlet,,Busegowdana kere,Outlet,2011,,,cod,56.64,,false,,mg/L,,56.64,dmg-2011
dmg-2011,busegowdana-kere-outlet,,Busegowdana kere,Outlet,2011,,,nitrate,12.71,,false,,mg/L as NO3,,12.71,dmg-2011
dmg-2011,busegowdana-kere-outlet,,Busegowdana kere,Outlet,2011,,,totalHardness,166,,false,,mg/L as CaCO3,,166,dmg-2011
dmg-2011,busegowdana-kere-outlet,,Busegowdana kere,Outlet,2011,,,fluoride,0.42,,false,,mg/L,,0.42,dmg-2011
dmg-2011,busegowdana-kere-outlet,,Busegowdana kere,Outlet,2011,,,ph,8.44,,false,,,,8.44,dmg-2011
dmg-2011,busegowdana-kere-outlet,,Busegowdana kere,Outlet,2011,,,zinc,0.16,,false,,mg/L,,0.16,dmg-2011
dmg-2011,busegowdana-kere-outlet,,Busegowdana kere,Outlet,2011,,,lead,,,true,,mg/L,,Nil,dmg-2011
dmg-2011,busegowdana-kere-outlet,,Busegowdana kere,Outlet,2011,,,copper,0.04,,false,,mg/L,,0.04,dmg-2011
dmg-2011,busegowdana-kere-outlet,,Busegowdana kere,Outlet,2011,,,manganese,0.84,,false,,mg/L,,0.84,dmg-2011
dmg-2011,busegowdana-kere-outlet,,Busegowdana kere,Outlet,2011,,,chromium,0.04,,false,,mg/L,,0.04,dmg-2011
dmg-2011,chikkabasavanapura-kere-outlet,,Chikkabasavanapura Kere,Outlet,2011,,,chloride,277,,false,,mg/L,,277,dmg-2011
dmg-2011,chikkabasavanapura-kere-outlet,,Chikkabasavanapura Kere,Outlet,2011,,,phosphate,,,true,,mg/L as P,,Nil,dmg-2011
dmg-2011,chikkabasavanapura-kere-outlet,,Chikkabasavanapura Kere,Outlet,2011,,,cod,96.00,,false,,mg/L,,96.00,dmg-2011
dmg-2011,chikkabasavanapura-kere-outlet,,Chikkabasavanapura Kere,Outlet,2011,,,nitrate,5.99,,false,,mg/L as NO3,,5.99,dmg-2011
dmg-2011,chikkabasavanapura-kere-outlet,,Chikkabasavanapura Kere,Outlet,2011,,,totalHardness,196,,false,,mg/L as CaCO3,,196,dmg-2011
dmg-2011,chikkabasavanapura-kere-outlet,,Chikkabasavanapura Kere,Outlet,2011,,,fluoride,0.76,,false,,mg/L,,0.76,dmg-2011
dmg-2011,chikkabasavanapura-kere-outlet,,Chikkabasavanapura Kere,Outlet,2011,,,ph,8.38,,false,,,,8.38,dmg-2011
dmg-2011,chikkabasavanapura-kere-outlet,,Chikkabasavanapura Kere,Outlet,2011,,,zinc,0.06,,false,,mg/L,,0.06,dmg-2011
dmg-2011,chikkabasavanapura-kere-outlet,,Chikkabasavanapura Kere,Outlet,2011,,,lead,,,true,,mg/L,,Nil,dmg-2011
dmg-2011,chikkabasavanapura-kere-outlet,,Chikkabasavanapura Kere,Outlet,2011,,,copper,,,true,,mg/L,,Nil,dmg-2011
dmg-2011,chikkabasavanapura-kere-outlet,,Chikkabasavanapura Kere,Outlet,2011,,,manganese,0.07,,false,,mg/L,,0.07,dmg-2011
dmg-2011,chikkabasavanapura-kere-outlet,,Chikkabasavanapura Kere,Outlet,2011,,,aluminium,2.28,,false,,mg/L,,2.28,dmg-2011
dmg-2011,chikkabasavanapura-kere-inlet,,Chikkabasavanapura Kere,Inlet,2011,,,chloride,277,,false,,mg/L,,277,dmg-2011
dmg-2011,chikkabasavanapura-kere-inlet,,Chikkabasavanapura Kere,Inlet,2011,,,phosphate,,,true,,mg/L as P,,Nil,dmg-2011
dmg-2011,chikkabasavanapura-kere-inlet,,Chikkabasavanapura Kere,Inlet,2011,,,dissolvedOxygen,9.2,,false,,mg/L,,9.2,dmg-2011
dmg-2011,chikkabasavanapura-kere-inlet,,Chikkabasavanapura Kere,Inlet,2011,,,nitrate,6.13,,false,,mg/L as NO3,,6.13,dmg-2011
dmg-2011,chikkabasavanapura-kere-inlet,,Chikkabasavanapura Kere,Inlet,2011,,,totalHardness,184,,false,,mg/L as CaCO3,,184,dmg-2011
dmg-2011,chikkabasavanapura-kere-inlet,,Chikkabasavanapura Kere,Inlet,2011,,,fluoride,0.76,,false,,mg/L,,0.76,dmg-2011
dmg-2011,chikkabasavanapura-kere-inlet,,Chikkabasavanapura Kere,Inlet,2011,,,ph,8.28,,false,,,,8.28,dmg-2011
dmg-2011,chikkabasavanapura-kere-inlet,,Chikkabasavanapura Kere,Inlet,2011,,,zinc,0.04,,false,,mg/L,,0.04,dmg-2011
dmg-2011,chikkabasavanapura-kere-inlet,,Chikkabasavanapura Kere,Inlet,2011,,,lead,,,true,,mg/L,,Nil,dmg-2011
dmg-2011,chikkabasavanapura-kere-inlet,,Chikkabasavanapura Kere,Inlet,2011,,,copper,,,true,,mg/L,,Nil,dmg-2011
dmg-2011,chikkabasavanapura-kere-inlet,,Chikkabasavanapura Kere,Inlet,2011,,,manganese,0.07,,false,,mg/L,,0.07,dmg-2011
dmg-2011,chikkabasavanapura-kere-inlet,,Chikkabasavanapura Kere,Inlet,2011,,,aluminium,1.73,,false,,mg/L,,1.73,dmg-2011
dmg-2011,chinnappanahalli-kere-middle,,Chinnappanahalli Kere,Middle,2011,,,chloride,252,,false,,mg/L,,252,dmg-2011
dmg-2011,chinnappanahalli-kere-middle,,Chinnappanahalli Kere,Middle,2011,,,phosphate,0.1,,false,,mg/L as P,,0.1,dmg-2011
dmg-2011,chinnappanahalli-kere-middle,,Chinnappanahalli Kere,Middle,2011,,,tss,7.5,,false,,mg/L,,7.5,dmg-2011
dmg-2011,chinnappanahalli-kere-middle,,Chinnappanahalli Kere,Middle,2011,,,cod,,,true,,mg/L,,Nil,dmg-2011
dmg-2011,chinnappanahalli-kere-middle,,Chinnappanahalli Kere,Middle,2011,,,nitrate,6.73,,false,,mg/L as NO3,,6.73,dmg-2011
dmg-2011,chinnappanahalli-kere-middle,,Chinnappanahalli Kere,Middle,2011,,,totalHardness,236,,false,,mg/L as CaCO3,,236,dmg-2011
dmg-2011,chinnappanahalli-kere-middle,,Chinnappanahalli Kere,Middle,2011,,,fluoride,0.47,,false,,mg/L,,0.47,dmg-2011
dmg-2011,chinnappanahalli-kere-middle,,Chinnappanahalli Kere,Middle,2011,,,ph,7.72,,false,,,,7.72,dmg-2011
dmg-2011,chinnappanahalli-kere-middle,,Chinnappanahalli Kere,Middle,2011,,,zinc,0.03,,false,,mg/L,,0.03,dmg-2011
dmg-2011,chinnappanahalli-kere-middle,,Chinnappanahalli Kere,Middle,2011,,,lead,,,true,,mg/L,,Nil,dmg-2011
dmg-2011,chinnappanahalli-kere-middle,,Chinnappanahalli Kere,Middle,2011,,,copper,,,true,,mg/L,,Nil,dmg-2011
dmg-2011,chinnappanahalli-kere-middle,,Chinnappanahalli Kere,Middle,2011,,,manganese,0.07,,false,,mg/L,,0.07,dmg-2011
dmg-2011,chinnappanahalii-kere-inlet,,Chinnappanahalii Kere,Inlet,2011,,,chloride,272,,false,,mg/L,,272,dmg-2011
dmg-2011,chinnappanahalii-kere-inlet,,Chinnappanahalii Kere,Inlet,2011,,,phosphate,0.2,,false,,mg/L as P,,0.2,dmg-2011
dmg-2011,chinnappanahalii-kere-inlet,,Chinnappanahalii Kere,Inlet,2011,,,tss,15.5,,false,,mg/L,,15.5,dmg-2011
dmg-2011,chinnappanahalii-kere-inlet,,Chinnappanahalii Kere,Inlet,2011,,,dissolvedOxygen,1.6,,false,,mg/L,,1.6,dmg-2011
dmg-2011,chinnappanahalii-kere-inlet,,Chinnappanahalii Kere,Inlet,2011,,,cod,384.00,,false,,mg/L,,384.00,dmg-2011
dmg-2011,chinnappanahalii-kere-inlet,,Chinnappanahalii Kere,Inlet,2011,,,nitrate,6.89,,false,,mg/L as NO3,,6.89,dmg-2011
dmg-2011,chinnappanahalii-kere-inlet,,Chinnappanahalii Kere,Inlet,2011,,,totalHardness,424,,false,,mg/L as CaCO3,,424,dmg-2011
dmg-2011,chinnappanahalii-kere-inlet,,Chinnappanahalii Kere,Inlet,2011,,,fluoride,0.48,,false,,mg/L,,0.48,dmg-2011
dmg-2011,chinnappanahalii-kere-inlet,,Chinnappanahalii Kere,Inlet,2011,,,ph,7.50,,false,,,,7.50,dmg-2011
dmg-2011,chinnappanahalii-kere-inlet,,Chinnappanahalii Kere,Inlet,2011,,,zinc,0.05,,false,,mg/L,,0.05,dmg-2011
dmg-2011,chinnappanahalii-kere-inlet,,Chinnappanahalii Kere,Inlet,2011,,,lead,,,true,,mg/L,,Nil,dmg-2011
dmg-2011,chinnappanahalii-kere-inlet,,Chinnappanahalii Kere,Inlet,2011,,,copper,0.02,,false,,mg/L,,0 02,dmg-2011
dmg-2011,chinnappanahalii-kere-inlet,,Chinnappanahalii Kere,Inlet,2011,,,manganese,1.59,,false,,mg/L,,1.59,dmg-2011
dmg-2011,chmnappanahalh-kere-outlet,,Chmnappanahalh Kere,Outlet,2011,,,chloride,230,,false,,mg/L,,230,dmg-2011
dmg-2011,chmnappanahalh-kere-outlet,,Chmnappanahalh Kere,Outlet,2011,,,phosphate,0.01,,false,,mg/L as P,,0.01,dmg-2011
dmg-2011,chmnappanahalh-kere-outlet,,Chmnappanahalh Kere,Outlet,2011,,,tss,3.5,,false,,mg/L,,3.5,dmg-2011
dmg-2011,chmnappanahalh-kere-outlet,,Chmnappanahalh Kere,Outlet,2011,,,cod,19.20,,false,,mg/L,,19.20,dmg-2011
dmg-2011,chmnappanahalh-kere-outlet,,Chmnappanahalh Kere,Outlet,2011,,,nitrate,7.17,,false,,mg/L as NO3,,7.17,dmg-2011
dmg-2011,chmnappanahalh-kere-outlet,,Chmnappanahalh Kere,Outlet,2011,,,totalHardness,192,,false,,mg/L as CaCO3,,192,dmg-2011
dmg-2011,chmnappanahalh-kere-outlet,,Chmnappanahalh Kere,Outlet,2011,,,fluoride,0.51,,false,,mg/L,,0.51,dmg-2011
dmg-2011,chmnappanahalh-kere-outlet,,Chmnappanahalh Kere,Outlet,2011,,,ph,7.68,,false,,,,7.68,dmg-2011
dmg-2011,chmnappanahalh-kere-outlet,,Chmnappanahalh Kere,Outlet,2011,,,zinc,0.60,,false,,mg/L,,0.60,dmg-2011
dmg-2011,chmnappanahalh-kere-outlet,,Chmnappanahalh Kere,Outlet,2011,,,lead,,,true,,mg/L,,Nil,dmg-2011
dmg-2011,chmnappanahalh-kere-outlet,,Chmnappanahalh Kere,Outlet,2011,,,copper,,,true,,mg/L,,Nil,dmg-2011
dmg-2011,chmnappanahalh-kere-outlet,,Chmnappanahalh Kere,Outlet,2011,,,manganese,0.21,,false,,mg/L,,0.21,dmg-2011
dmg-2011,devara-beesanakalli-kere-inlet,,Devara Beesanakalli Kere,Inlet,2011,,,chloride,442,,false,,mg/L,,442,dmg-2011
dmg-2011,devara-beesanakalli-kere-inlet,,Devara Beesanakalli Kere,Inlet,2011,,,phosphate,5.21,,false,,mg/L as P,,5.21,dmg-2011
dmg-2011,devara-beesanakalli-kere-inlet,,Devara Beesanakalli Kere,Inlet,2011,,,tss,145.5,,false,,mg/L,,145.5,dmg-2011
dmg-2011,devara-beesanakalli-kere-inlet,,Devara Beesanakalli Kere,Inlet,2011,,,dissolvedOxygen,3.6,,false,,mg/L,,3.6,dmg-2011
dmg-2011,devara-beesanakalli-kere-inlet,,Devara Beesanakalli Kere,Inlet,2011,,,nitrate,4.51,,false,,mg/L as NO3,,4.51,dmg-2011
dmg-2011,devara-beesanakalli-kere-inlet,,Devara Beesanakalli Kere,Inlet,2011,,,totalHardness,316,,false,,mg/L as CaCO3,,316,dmg-2011
dmg-2011,devara-beesanakalli-kere-inlet,,Devara Beesanakalli Kere,Inlet,2011,,,fluoride,0.44,,false,,mg/L,,0.44,dmg-2011
dmg-2011,devara-beesanakalli-kere-inlet,,Devara Beesanakalli Kere,Inlet,2011,,,ph,8.51,,false,,,,8.51,dmg-2011
dmg-2011,devara-beesanakalli-kere-inlet,,Devara Beesanakalli Kere,Inlet,2011,,,zinc,0.20,,false,,mg/L,,0.20,dmg-2011
dmg-2011,devara-beesanakalli-kere-inlet,,Devara Beesanakalli Kere,Inlet,2011,,,lead,,,true,,mg/L,,Nil,dmg-2011
dmg-2011,devara-beesanakalli-kere-inlet,,Devara Beesanakalli Kere,Inlet,2011,,,copper,0.04,,false,,mg/L,,0.04,dmg-2011
dmg-2011,devara-beesanakalli-kere-inlet,,Devara Beesanakalli Kere,Inlet,2011,,,manganese,0.09,,false,,mg/L,,0.09,dmg-2011
dmg-2011,devara-beesanakalli-kere-inlet,,Devara Beesanakalli Kere,Inlet,2011,,,eColi,1600,>,false,,MPN/100mL,,>1600,dmg-2011
dmg-2011,devara-beesanakalli-kere-inlet,,Devara Beesanakalli Kere,Inlet,2011,,,totalColiform,1600,>,false,,MPN/100mL,,>1600,dmg-2011
dmg-2011,devara-beesanakalli-kere-middle,,Devara Beesanakalli Kere,Middle,2011,,,chloride,291,,false,,mg/L,,291,dmg-2011
dmg-2011,devara-beesanakalli-kere-middle,,Devara Beesanakalli Kere,Middle,2011,,,phosphate,5.16,,false,,mg/L as P,,5.16,dmg-2011
dmg-2011,devara-beesanakalli-kere-middle,,Devara Beesanakalli Kere,Middle,2011,,,tss,191,,false,,mg/L,,191,dmg-2011
dmg-2011,devara-beesanakalli-kere-middle,,Devara Beesanakalli Kere,Middle,2011,,,nitrate,12.08,,false,,mg/L as NO3,,12.08,dmg-2011
dmg-2011,devara-beesanakalli-kere-middle,,Devara Beesanakalli Kere,Middle,2011,,,totalHardness,368,,false,,mg/L as CaCO3,,368,dmg-2011
dmg-2011,devara-beesanakalli-kere-middle,,Devara Beesanakalli Kere,Middle,2011,,,fluoride,0.45,,false,,mg/L,,0.45,dmg-2011
dmg-2011,devara-beesanakalli-kere-middle,,Devara Beesanakalli Kere,Middle,2011,,,ph,8.11,,false,,,,8.11,dmg-2011
dmg-2011,devara-beesanakalli-kere-middle,,Devara Beesanakalli Kere,Middle,2011,,,zinc,0.12,,false,,mg/L,,0.12,dmg-2011
dmg-2011,devara-beesanakalli-kere-middle,,Devara Beesanakalli Kere,Middle,2011,,,lead,,,true,,mg/L,,Nil,dmg-2011
dmg-2011,devara-beesanakalli-kere-middle,,Devara Beesanakalli Kere,Middle,2011,,,copper,0.03,,false,,mg/L,,0.03,dmg-2011
dmg-2011,devara-beesanakalli-kere-middle,,Devara Beesanakalli Kere,Middle,2011,,,manganese,0.07,,false,,mg/L,,0.07,dmg-2011
dmg-2011,devarakere-middle,,Devarakere,Middle,2011,,,chloride,171,,false,,mg/L,,171,dmg-2011
dmg-2011,devarakere-middle,,Devarakere,Middle,2011,,,phosphate,0.01,,false,,mg/L as P,,0.01,dmg-2011
dmg-2011,devarakere-middle,,Devarakere,Middle,2011,,,tss,809,,false,,mg/L,,809,dmg-2011
dmg-2011,devarakere-middle,,Devarakere,Middle,2011,,,cod,38.40,,false,,mg/L,,38.40,dmg-2011
dmg-2011,devarakere-middle,,Devarakere,Middle,2011,,,nitrate,2.72,,false,,mg/L as NO3,,2.72,dmg-2011
dmg-2011,devarakere-middle,,Devarakere,Middle,2011,,,totalHardness,232,,false,,mg/L as CaCO3,,232,dmg-2011
dmg-2011,devarakere-middle,,Devarakere,Middle,2011,,,fluoride,0.63,,false,,mg/L,,0.63,dmg-2011
dmg-2011,devarakere-middle,,Devarakere,Middle,2011,,,ph,8.82,,false,,,,8.82,dmg-2011
dmg-2011,devarakere-middle,,Devarakere,Middle,2011,,,zinc,0.58,,false,,mg/L,,0.58,dmg-2011
dmg-2011,devarakere-middle,,Devarakere,Middle,2011,,,copper,,,true,,mg/L,,Nil,dmg-2011
dmg-2011,devarakere-middle,,Devarakere,Middle,2011,,,manganese,0.07,,false,,mg/L,,0.07,dmg-2011
dmg-2011,devarakere-middle-2,,Devarakere,Middle,2011,,,chloride,168,,false,,mg/L,,168,dmg-2011
dmg-2011,devarakere-middle-2,,Devarakere,Middle,2011,,,phosphate,0.01,,false,,mg/L as P,,0.01,dmg-2011
dmg-2011,devarakere-middle-2,,Devarakere,Middle,2011,,,tss,1261,,false,,mg/L,,1261,dmg-2011
dmg-2011,devarakere-middle-2,,Devarakere,Middle,2011,,,dissolvedOxygen,7.4,,false,,mg/L,,7.4,dmg-2011
dmg-2011,devarakere-middle-2,,Devarakere,Middle,2011,,,cod,38.40,,false,,mg/L,,38.40,dmg-2011
dmg-2011,devarakere-middle-2,,Devarakere,Middle,2011,,,nitrate,3.01,,false,,mg/L as NO3,,3.01,dmg-2011
dmg-2011,devarakere-middle-2,,Devarakere,Middle,2011,,,totalHardness,232,,false,,mg/L as CaCO3,,232,dmg-2011
dmg-2011,devarakere-middle-2,,Devarakere,Middle,2011,,,fluoride,0.65,,false,,mg/L,,0.65,dmg-2011
dmg-2011,devarakere-middle-2,,Devarakere,Middle,2011,,,ph,8.76,,false,,,,8.76,dmg-2011
dmg-2011,devarakere-middle-2,,Devarakere,Middle,2011,,,zinc,0.04,,false,,mg/L,,0.04,dmg-2011
dmg-2011,devarakere-middle-2,,Devarakere,Middle,2011,,,copper,,,true,,mg/L,,Nil,dmg-2011
dmg-2011,devarakere-middle-2,,Devarakere,Middle,2011,,,manganese,0.06,,false,,mg/L,,0.06,dmg-2011
dmg-2011,doddakalsandra-kere-inlet,,Doddakalsandra kere,Inlet,2011,,,chloride,423,,false,,mg/L,,423,dmg-2011
dmg-2011,doddakalsandra-kere-inlet,,Doddakalsandra kere,Inlet,2011,,,phosphate,5.06,,false,,mg/L as P,,5.06,dmg-2011
dmg-2011,doddakalsandra-kere-inlet,,Doddakalsandra kere,Inlet,2011,,,tss,15,,false,,mg/L,,15,dmg-2011
dmg-2011,doddakalsandra-kere-inlet,,Doddakalsandra kere,Inlet,2011,,,dissolvedOxygen,2.2,,false,,mg/L,,2.2,dmg-2011
dmg-2011,doddakalsandra-kere-inlet,,Doddakalsandra kere,Inlet,2011,,,nitrate,4.94,,false,,mg/L as NO3,,4.94,dmg-2011
dmg-2011,doddakalsandra-kere-inlet,,Doddakalsandra kere,Inlet,2011,,,totalHardness,476,,false,,mg/L as CaCO3,,476,dmg-2011
dmg-2011,doddakalsandra-kere-inlet,,Doddakalsandra kere,Inlet,2011,,,fluoride,0.54,,false,,mg/L,,0.54,dmg-2011
dmg-2011,doddakalsandra-kere-inlet,,Doddakalsandra kere,Inlet,2011,,,ph,8.26,,false,,,,8.26,dmg-2011
dmg-2011,doddakalsandra-kere-inlet,,Doddakalsandra kere,Inlet,2011,,,zinc,0.06,,false,,mg/L,,0.06,dmg-2011
dmg-2011,doddakalsandra-kere-inlet,,Doddakalsandra kere,Inlet,2011,,,lead,,,true,,mg/L,,Nil,dmg-2011
dmg-2011,doddakalsandra-kere-inlet,,Doddakalsandra kere,Inlet,2011,,,copper,,,true,,mg/L,,Nil,dmg-2011
dmg-2011,doddakalsandra-kere-inlet,,Doddakalsandra kere,Inlet,2011,,,manganese,0.26,,false,,mg/L,,0.26,dmg-2011
dmg-2011,doddakalsandra-kere-inlet-2,,Doddakalsandra kere,Inlet,2011,,,chloride,431,,false,,mg/L,,431,dmg-2011
dmg-2011,doddakalsandra-kere-inlet-2,,Doddakalsandra kere,Inlet,2011,,,phosphate,5.03,,false,,mg/L as P,,5.03,dmg-2011
dmg-2011,doddakalsandra-kere-inlet-2,,Doddakalsandra kere,Inlet,2011,,,tss,4.5,,false,,mg/L,,4.5,dmg-2011
dmg-2011,doddakalsandra-kere-inlet-2,,Doddakalsandra kere,Inlet,2011,,,cod,18.88,,false,,mg/L,,18.88,dmg-2011
dmg-2011,doddakalsandra-kere-inlet-2,,Doddakalsandra kere,Inlet,2011,,,nitrate,7.37,,false,,mg/L as NO3,,7.37,dmg-2011
dmg-2011,doddakalsandra-kere-inlet-2,,Doddakalsandra kere,Inlet,2011,,,totalHardness,480,,false,,mg/L as CaCO3,,480,dmg-2011
dmg-2011,doddakalsandra-kere-inlet-2,,Doddakalsandra kere,Inlet,2011,,,fluoride,0.56,,false,,mg/L,,0.56,dmg-2011
dmg-2011,doddakalsandra-kere-inlet-2,,Doddakalsandra kere,Inlet,2011,,,ph,8.35,,false,,,,8.35,dmg-2011
dmg-2011,doddakalsandra-kere-inlet-2,,Doddakalsandra kere,Inlet,2011,,,zinc,0.06,,false,,mg/L,,0.06,dmg-2011
dmg-2011,doddakalsandra-kere-inlet-2,,Doddakalsandra kere,Inlet,2011,,,lead,,,true,,mg/L,,Nil,dmg-2011
dmg-2011,doddakalsandra-kere-inlet-2,,Doddakalsandra kere,Inlet,2011,,,copper,,,true,,mg/L,,Nil,dmg-2011
dmg-2011,doddakalsandra-kere-inlet-2,,Doddakalsandra kere,Inlet,2011,,,manganese,0.24,,false,,mg/L,,0.24,dmg-2011
dmg-2011,doddanekkundi-lake-outlet,,Doddanekkundi Lake,Outlet,2011,,,chloride,202,,false,,mg/L,,202,dmg-2011
dmg-2011,doddanekkundi-lake-outlet,,Doddanekkundi Lake,Outlet,2011,,,phosphate,2.55,,false,,mg/L as P,,2.55,dmg-2011
dmg-2011,doddanekkundi-lake-outlet,,Doddanekkundi Lake,Outlet,2011,,,tss,12,,false,,mg/L,,12,dmg-2011
dmg-2011,doddanekkundi-lake-outlet,,Doddanekkundi Lake,Outlet,2011,,,cod,18.88,,false,,mg/L,,18.88,dmg-2011
dmg-2011,doddanekkundi-lake-outlet,,Doddanekkundi Lake,Outlet,2011,,,nitrate,4.65,,false,,mg/L as NO3,,4.65,dmg-2011
dmg-2011,doddanekkundi-lake-outlet,,Doddanekkundi Lake,Outlet,2011,,,totalHardness,360,,false,,mg/L as CaCO3,,360,dmg-2011
dmg-2011,doddanekkundi-lake-outlet,,Doddanekkundi Lake,Outlet,2011,,,fluoride,0.37,,false,,mg/L,,0.37,dmg-2011
dmg-2011,doddanekkundi-lake-outlet,,Doddanekkundi Lake,Outlet,2011,,,ph,7.97,,false,,,,7.97,dmg-2011
dmg-2011,doddanekkundi-lake-outlet,,Doddanekkundi Lake,Outlet,2011,,,zinc,0.12,,false,,mg/L,,0.12,dmg-2011
dmg-2011,doddanekkundi-lake-outlet,,Doddanekkundi Lake,Outlet,2011,,,lead,,,true,,mg/L,,Nil,dmg-2011
dmg-2011,doddanekkundi-lake-outlet,,Doddanekkundi Lake,Outlet,2011,,,copper,0.01,,false,,mg/L,,0.01,dmg-2011
dmg-2011,doddanekkundi-lake-outlet,,Doddanekkundi Lake,Outlet,2011,,,manganese,0.58,,false,,mg/L,,0.58,dmg-2011
dmg-2011,doddanekkundi-lake-outlet,,Doddanekkundi Lake,Outlet,2011,,,aluminium,1.18,,false,,mg/L,,1.18,dmg-2011
dmg-2011,doddanekkundi-lake-outlet-2,,Doddanekkundi Lake,Outlet,2011,,,chloride,305,,false,,mg/L,,305,dmg-2011
dmg-2011,doddanekkundi-lake-outlet-2,,Doddanekkundi Lake,Outlet,2011,,,phosphate,0.55,,false,,mg/L as P,,0.55,dmg-2011
dmg-2011,doddanekkundi-lake-outlet-2,,Doddanekkundi Lake,Outlet,2011,,,tss,9,,false,,mg/L,,9,dmg-2011
dmg-2011,doddanekkundi-lake-outlet-2,,Doddanekkundi Lake,Outlet,2011,,,dissolvedOxygen,,,true,,mg/L,,Nil,dmg-2011
dmg-2011,doddanekkundi-lake-outlet-2,,Doddanekkundi Lake,Outlet,2011,,,cod,56.64,,false,,mg/L,,56.64,dmg-2011
dmg-2011,doddanekkundi-lake-outlet-2,,Doddanekkundi Lake,Outlet,2011,,,nitrate,14.09,,false,,mg/L as NO3,,14.09,dmg-2011
dmg-2011,doddanekkundi-lake-outlet-2,,Doddanekkundi Lake,Outlet,2011,,,totalHardness,460,,false,,mg/L as CaCO3,,460,dmg-2011
dmg-2011,doddanekkundi-lake-outlet-2,,Doddanekkundi Lake,Outlet,2011,,,fluoride,0.46,,false,,mg/L,,0.46,dmg-2011
dmg-2011,doddanekkundi-lake-outlet-2,,Doddanekkundi Lake,Outlet,2011,,,ph,7.65,,false,,,,7.65,dmg-2011
dmg-2011,doddanekkundi-lake-outlet-2,,Doddanekkundi Lake,Outlet,2011,,,zinc,0.17,,false,,mg/L,,0.17,dmg-2011
dmg-2011,doddanekkundi-lake-outlet-2,,Doddanekkundi Lake,Outlet,2011,,,lead,,,true,,mg/L,,Nil,dmg-2011
dmg-2011,doddanekkundi-lake-outlet-2,,Doddanekkundi Lake,Outlet,2011,,,copper,0.02,,false,,mg/L,,0.02,dmg-2011
dmg-2011,doddanekkundi-lake-outlet-2,,Doddanekkundi Lake,Outlet,2011,,,manganese,0.67,,false,,mg/L,,0.67,dmg-2011
dmg-2011,doddanekkundi-lake-outlet-2,,Doddanekkundi Lake,Outlet,2011,,,aluminium,1.19,,false,,mg/L,,1.19,dmg-2011
dmg-2011,doraikere-outlet,,Doraikere,Outlet,2011,,,chloride,132,,false,,mg/L,,132,dmg-2011
dmg-2011,doraikere-outlet,,Doraikere,Outlet,2011,,,phosphate,0.51,,false,,mg/L as P,,0.51,dmg-2011
dmg-2011,doraikere-outlet,,Doraikere,Outlet,2011,,,tss,4,,false,,mg/L,,4,dmg-2011
dmg-2011,doraikere-outlet,,Doraikere,Outlet,2011,,,cod,38.40,,false,,mg/L,,38.40,dmg-2011
dmg-2011,doraikere-outlet,,Doraikere,Outlet,2011,,,nitrate,5.35,,false,,mg/L as NO3,,5.35,dmg-2011
dmg-2011,doraikere-outlet,,Doraikere,Outlet,2011,,,totalHardness,444,,false,,mg/L as CaCO3,,444,dmg-2011
dmg-2011,doraikere-outlet,,Doraikere,Outlet,2011,,,fluoride,0.55,,false,,mg/L,,0.55,dmg-2011
dmg-2011,doraikere-outlet,,Doraikere,Outlet,2011,,,ph,7.67,,false,,,,7.67,dmg-2011
dmg-2011,doraikere-outlet,,Doraikere,Outlet,2011,,,zinc,0.05,,false,,mg/L,,0.05,dmg-2011
dmg-2011,doraikere-outlet,,Doraikere,Outlet,2011,,,copper,,,true,,mg/L,,Nil,dmg-2011
dmg-2011,doraikere-outlet,,Doraikere,Outlet,2011,,,manganese,0.26,,false,,mg/L,,0.26,dmg-2011
dmg-2011,doraikere-inlet,,Doraikere,Inlet,2011,,,chloride,148,,false,,mg/L,,148,dmg-2011
dmg-2011,doraikere-inlet,,Doraikere,Inlet,2011,,,phosphate,5.33,,false,,mg/L as P,,5.33,dmg-2011
dmg-2011,doraikere-inlet,,Doraikere,Inlet,2011,,,tss,9,,false,,mg/L,,9,dmg-2011
dmg-2011,doraikere-inlet,,Doraikere,Inlet,2011,,,dissolvedOxygen,2,,false,,mg/L,,2,dmg-2011
dmg-2011,doraikere-inlet,,Doraikere,Inlet,2011,,,cod,,,true,,mg/L,,Nil,dmg-2011
dmg-2011,doraikere-inlet,,Doraikere,Inlet,2011,,,nitrate,5.47,,false,,mg/L as NO3,,5.47,dmg-2011
dmg-2011,doraikere-inlet,,Doraikere,Inlet,2011,,,totalHardness,404,,false,,mg/L as CaCO3,,404,dmg-2011
dmg-2011,doraikere-inlet,,Doraikere,Inlet,2011,,,fluoride,0.72,,false,,mg/L,,0.72,dmg-2011
dmg-2011,doraikere-inlet,,Doraikere,Inlet,2011,,,ph,7.59,,false,,,,7.59,dmg-2011
dmg-2011,doraikere-inlet,,Doraikere,Inlet,2011,,,zinc,0.06,,false,,mg/L,,0.06,dmg-2011
dmg-2011,doraikere-inlet,,Doraikere,Inlet,2011,,,copper,0.01,,false,,mg/L,,0.01,dmg-2011
dmg-2011,doraikere-inlet,,Doraikere,Inlet,2011,,,manganese,0.28,,false,,mg/L,,0.28,dmg-2011
dmg-2011,dubasipalya-kere-outlet-2,,Dubasipalya kere,Outlet - 2,2011,,,chloride,120,,false,,mg/L,,? 120,dmg-2011
dmg-2011,dubasipalya-kere-outlet-2,,Dubasipalya kere,Outlet - 2,2011,,,phosphate,0.05,,false,,mg/L as P,,0.05,dmg-2011
dmg-2011,dubasipalya-kere-outlet-2,,Dubasipalya kere,Outlet - 2,2011,,,tss,16.5,,false,,mg/L,,16.5,dmg-2011
dmg-2011,dubasipalya-kere-outlet-2,,Dubasipalya kere,Outlet - 2,2011,,,dissolvedOxygen,3.8,,false,,mg/L,,3.8,dmg-2011
dmg-2011,dubasipalya-kere-outlet-2,,Dubasipalya kere,Outlet - 2,2011,,,cod,38.40,,false,,mg/L,,38.40,dmg-2011
dmg-2011,dubasipalya-kere-outlet-2,,Dubasipalya kere,Outlet - 2,2011,,,nitrate,13.73,,false,,mg/L as NO3,,13.73,dmg-2011
dmg-2011,dubasipalya-kere-outlet-2,,Dubasipalya kere,Outlet - 2,2011,,,totalHardness,116,,false,,mg/L as CaCO3,,116,dmg-2011
dmg-2011,dubasipalya-kere-outlet-2,,Dubasipalya kere,Outlet - 2,2011,,,fluoride,0.50,,false,,mg/L,,0.50,dmg-2011
dmg-2011,dubasipalya-kere-outlet-2,,Dubasipalya kere,Outlet - 2,2011,,,ph,8.22,,false,,,,8.22,dmg-2011
dmg-2011,dubasipalya-kere-outlet-2,,Dubasipalya kere,Outlet - 2,2011,,,zinc,0.09,,false,,mg/L,,0.09,dmg-2011
dmg-2011,dubasipalya-kere-outlet-2,,Dubasipalya kere,Outlet - 2,2011,,,lead,,,true,,mg/L,,Nil,dmg-2011
dmg-2011,dubasipalya-kere-outlet-2,,Dubasipalya kere,Outlet - 2,2011,,,copper,,,true,,mg/L,,Nil,dmg-2011
dmg-2011,dubasipalya-kere-outlet-2,,Dubasipalya kere,Outlet - 2,2011,,,manganese,0.36,,false,,mg/L,,0.36,dmg-2011
dmg-2011,dubasipalya-kere-inlet,,Dubasipalya kere,Inlet,2011,,,chloride,123,,false,,mg/L,,123,dmg-2011
dmg-2011,dubasipalya-kere-inlet,,Dubasipalya kere,Inlet,2011,,,phosphate,0.05,,false,,mg/L as P,,0.05,dmg-2011
dmg-2011,dubasipalya-kere-inlet,,Dubasipalya kere,Inlet,2011,,,tss,10.5,,false,,mg/L,,10.5,dmg-2011
dmg-2011,dubasipalya-kere-inlet,,Dubasipalya kere,Inlet,2011,,,cod,38.40,,false,,mg/L,,38.40,dmg-2011
dmg-2011,dubasipalya-kere-inlet,,Dubasipalya kere,Inlet,2011,,,nitrate,14.94,,false,,mg/L as NO3,,14.94,dmg-2011
dmg-2011,dubasipalya-kere-inlet,,Dubasipalya kere,Inlet,2011,,,totalHardness,124,,false,,mg/L as CaCO3,,124,dmg-2011
dmg-2011,dubasipalya-kere-inlet,,Dubasipalya kere,Inlet,2011,,,fluoride,0.49,,false,,mg/L,,0.49,dmg-2011
dmg-2011,dubasipalya-kere-inlet,,Dubasipalya kere,Inlet,2011,,,ph,8.18,,false,,,,8.18,dmg-2011
dmg-2011,dubasipalya-kere-inlet,,Dubasipalya kere,Inlet,2011,,,zinc,0.01,,false,,mg/L,,0.01,dmg-2011
dmg-2011,dubasipalya-kere-inlet,,Dubasipalya kere,Inlet,2011,,,lead,,,true,,mg/L,,Nil,dmg-2011
dmg-2011,dubasipalya-kere-inlet,,Dubasipalya kere,Inlet,2011,,,copper,,,true,,mg/L,,Nil,dmg-2011
dmg-2011,dubasipalya-kere-inlet,,Dubasipalya kere,Inlet,2011,,,manganese,0.37,,false,,mg/L,,0.37,dmg-2011
dmg-2011,garepalyakere-inlet,,GarepalyaKere,Inlet,2011,,,chloride,1148,,false,,mg/L,,1148,dmg-2011
dmg-2011,garepalyakere-inlet,,GarepalyaKere,Inlet,2011,,,phosphate,2.11,,false,,mg/L as P,,2.11,dmg-2011
dmg-2011,garepalyakere-inlet,,GarepalyaKere,Inlet,2011,,,tss,82.5,,false,,mg/L,,82.5,dmg-2011
dmg-2011,garepalyakere-inlet,,GarepalyaKere,Inlet,2011,,,dissolvedOxygen,2.2,,false,,mg/L,,2.2,dmg-2011
dmg-2011,garepalyakere-inlet,,GarepalyaKere,Inlet,2011,,,cod,288.00,,false,,mg/L,,288.00,dmg-2011
dmg-2011,garepalyakere-inlet,,GarepalyaKere,Inlet,2011,,,nitrate,51.38,,false,,mg/L as NO3,,51.38,dmg-2011
dmg-2011,garepalyakere-inlet,,GarepalyaKere,Inlet,2011,,,totalHardness,564,,false,,mg/L as CaCO3,,564,dmg-2011
dmg-2011,garepalyakere-inlet,,GarepalyaKere,Inlet,2011,,,fluoride,0.42,,false,,mg/L,,0.42,dmg-2011
dmg-2011,garepalyakere-inlet,,GarepalyaKere,Inlet,2011,,,ph,8.39,,false,,,,8.39,dmg-2011
dmg-2011,garepalyakere-inlet,,GarepalyaKere,Inlet,2011,,,zinc,0.06,,false,,mg/L,,0.06,dmg-2011
dmg-2011,garepalyakere-inlet,,GarepalyaKere,Inlet,2011,,,lead,0.02,,false,,mg/L,,0.02,dmg-2011
dmg-2011,garepalyakere-inlet,,GarepalyaKere,Inlet,2011,,,copper,,,true,,mg/L,,Nil,dmg-2011
dmg-2011,garepalyakere-inlet,,GarepalyaKere,Inlet,2011,,,manganese,0.21,,false,,mg/L,,0.21,dmg-2011
dmg-2011,gottigere-kere-inlet,,Gottigere Kere,Inlet,2011,,,chloride,204,,false,,mg/L,,204,dmg-2011
dmg-2011,gottigere-kere-inlet,,Gottigere Kere,Inlet,2011,,,phosphate,0.01,,false,,mg/L as P,,0.01,dmg-2011
dmg-2011,gottigere-kere-inlet,,Gottigere Kere,Inlet,2011,,,dissolvedOxygen,2,,false,,mg/L,,2,dmg-2011
dmg-2011,gottigere-kere-inlet,,Gottigere Kere,Inlet,2011,,,nitrate,5.62,,false,,mg/L as NO3,,5.62,dmg-2011
dmg-2011,gottigere-kere-inlet,,Gottigere Kere,Inlet,2011,,,totalHardness,320,,false,,mg/L as CaCO3,,320,dmg-2011
dmg-2011,gottigere-kere-inlet,,Gottigere Kere,Inlet,2011,,,fluoride,0.41,,false,,mg/L,,0.41,dmg-2011
dmg-2011,gottigere-kere-inlet,,Gottigere Kere,Inlet,2011,,,ph,7.89,,false,,,,7.89,dmg-2011
dmg-2011,gottigere-kere-inlet,,Gottigere Kere,Inlet,2011,,,zinc,0.04,,false,,mg/L,,0.04,dmg-2011
dmg-2011,gottigere-kere-inlet,,Gottigere Kere,Inlet,2011,,,lead,,,true,,mg/L,,Nil,dmg-2011
dmg-2011,gottigere-kere-inlet,,Gottigere Kere,Inlet,2011,,,copper,,,true,,mg/L,,Nil,dmg-2011
dmg-2011,gottigere-kere-inlet,,Gottigere Kere,Inlet,2011,,,manganese,0.72,,false,,mg/L,,0.72,dmg-2011
dmg-2011,gottigere-kere-inlet,,Gottigere Kere,Inlet,2011,,,aluminium,0.89,,false,,mg/L,,0.89,dmg-2011
dmg-2011,gottigere-kere-inlet,,Gottigere Kere,Inlet,2011,,,eColi,,present,false,,MPN/100mL,,Pre Sent,dmg-2011
dmg-2011,gottigere-kere-inlet,,Gottigere Kere,Inlet,2011,,,totalColiform,,present,false,,MPN/100mL,,Pre Sent,dmg-2011
dmg-2011,halagevaderahalli-kere-inlet,,Halagevaderahalli kere,Inlet,2011,,,chloride,64.4,,false,,mg/L,,64.4,dmg-2011
dmg-2011,halagevaderahalli-kere-inlet,,Halagevaderahalli kere,Inlet,2011,,,phosphate,0.2,,false,,mg/L as P,,0.2,dmg-2011
dmg-2011,halagevaderahalli-kere-inlet,,Halagevaderahalli kere,Inlet,2011,,,tss,20,,false,,mg/L,,20,dmg-2011
dmg-2011,halagevaderahalli-kere-inlet,,Halagevaderahalli kere,Inlet,2011,,,dissolvedOxygen,7.2,,false,,mg/L,,7.2,dmg-2011
dmg-2011,halagevaderahalli-kere-inlet,,Halagevaderahalli kere,Inlet,2011,,,cod,19.20,,false,,mg/L,,19.20,dmg-2011
dmg-2011,halagevaderahalli-kere-inlet,,Halagevaderahalli kere,Inlet,2011,,,nitrate,3.83,,false,,mg/L as NO3,,3.83,dmg-2011
dmg-2011,halagevaderahalli-kere-inlet,,Halagevaderahalli kere,Inlet,2011,,,totalHardness,196,,false,,mg/L as CaCO3,,196,dmg-2011
dmg-2011,halagevaderahalli-kere-inlet,,Halagevaderahalli kere,Inlet,2011,,,fluoride,0.35,,false,,mg/L,,0.35,dmg-2011
dmg-2011,halagevaderahalli-kere-inlet,,Halagevaderahalli kere,Inlet,2011,,,ph,7.74,,false,,,,7.74,dmg-2011
dmg-2011,halagevaderahalli-kere-inlet,,Halagevaderahalli kere,Inlet,2011,,,zinc,0.05,,false,,mg/L,,0.05,dmg-2011
dmg-2011,halagevaderahalli-kere-inlet,,Halagevaderahalli kere,Inlet,2011,,,lead,,,true,,mg/L,,Nil,dmg-2011
dmg-2011,halagevaderahalli-kere-inlet,,Halagevaderahalli kere,Inlet,2011,,,copper,,,true,,mg/L,,Nil,dmg-2011
dmg-2011,halagevaderahalli-kere-inlet,,Halagevaderahalli kere,Inlet,2011,,,manganese,0.26,,false,,mg/L,,0.26,dmg-2011
dmg-2011,halagevaderahalli-kere-inlet,,Halagevaderahalli kere,Inlet,2011,,,aluminium,0.11,,false,,mg/L,,0.11,dmg-2011
dmg-2011,haralakunte-kere-somasandrakere-inlet,,Haralakunte Kere Somasandrakere,Inlet,2011,,,chloride,736,,false,,mg/L,,736,dmg-2011
dmg-2011,haralakunte-kere-somasandrakere-inlet,,Haralakunte Kere Somasandrakere,Inlet,2011,,,phosphate,5.11,,false,,mg/L as P,,5.11,dmg-2011
dmg-2011,haralakunte-kere-somasandrakere-inlet,,Haralakunte Kere Somasandrakere,Inlet,2011,,,tss,4190,,false,,mg/L,,4190,dmg-2011
dmg-2011,haralakunte-kere-somasandrakere-inlet,,Haralakunte Kere Somasandrakere,Inlet,2011,,,dissolvedOxygen,,,true,,mg/L,,Nil,dmg-2011
dmg-2011,haralakunte-kere-somasandrakere-inlet,,Haralakunte Kere Somasandrakere,Inlet,2011,,,cod,321.00,,false,,mg/L,,321.00,dmg-2011
dmg-2011,haralakunte-kere-somasandrakere-inlet,,Haralakunte Kere Somasandrakere,Inlet,2011,,,nitrate,23.96,,false,,mg/L as NO3,,23.96,dmg-2011
dmg-2011,haralakunte-kere-somasandrakere-inlet,,Haralakunte Kere Somasandrakere,Inlet,2011,,,totalHardness,672,,false,,mg/L as CaCO3,,672,dmg-2011
dmg-2011,haralakunte-kere-somasandrakere-inlet,,Haralakunte Kere Somasandrakere,Inlet,2011,,,fluoride,0.37,,false,,mg/L,,0.37,dmg-2011
dmg-2011,haralakunte-kere-somasandrakere-inlet,,Haralakunte Kere Somasandrakere,Inlet,2011,,,ph,8.14,,false,,,,8.14,dmg-2011
dmg-2011,haralakunte-kere-somasandrakere-inlet,,Haralakunte Kere Somasandrakere,Inlet,2011,,,zinc,0.21,,false,,mg/L,,0.21,dmg-2011
dmg-2011,haralakunte-kere-somasandrakere-inlet,,Haralakunte Kere Somasandrakere,Inlet,2011,,,lead,0.04,,false,,mg/L,,0.04,dmg-2011
dmg-2011,haralakunte-kere-somasandrakere-inlet,,Haralakunte Kere Somasandrakere,Inlet,2011,,,copper,,,true,,mg/L,,Nil,dmg-2011
dmg-2011,haralakunte-kere-somasandrakere-inlet,,Haralakunte Kere Somasandrakere,Inlet,2011,,,manganese,0.84,,false,,mg/L,,0.84,dmg-2011
dmg-2011,haralur-kere-inlet,,Haralur Kere,Inlet,2011,,,chloride,269,,false,,mg/L,,269,dmg-2011
dmg-2011,haralur-kere-inlet,,Haralur Kere,Inlet,2011,,,phosphate,0.01,,false,,mg/L as P,,0.01,dmg-2011
dmg-2011,haralur-kere-inlet,,Haralur Kere,Inlet,2011,,,tss,107,,false,,mg/L,,107,dmg-2011
dmg-2011,haralur-kere-inlet,,Haralur Kere,Inlet,2011,,,dissolvedOxygen,4.6,,false,,mg/L,,4.6,dmg-2011
dmg-2011,haralur-kere-inlet,,Haralur Kere,Inlet,2011,,,cod,38.40,,false,,mg/L,,38.40,dmg-2011
dmg-2011,haralur-kere-inlet,,Haralur Kere,Inlet,2011,,,nitrate,3.09,,false,,mg/L as NO3,,3.09,dmg-2011
dmg-2011,haralur-kere-inlet,,Haralur Kere,Inlet,2011,,,totalHardness,196,,false,,mg/L as CaCO3,,196,dmg-2011
dmg-2011,haralur-kere-inlet,,Haralur Kere,Inlet,2011,,,fluoride,0.59,,false,,mg/L,,0.59,dmg-2011
dmg-2011,haralur-kere-inlet,,Haralur Kere,Inlet,2011,,,ph,8.25,,false,,,,8.25,dmg-2011
dmg-2011,haralur-kere-inlet,,Haralur Kere,Inlet,2011,,,zinc,0.08,,false,,mg/L,,0.08,dmg-2011
dmg-2011,haralur-kere-inlet,,Haralur Kere,Inlet,2011,,,lead,,,true,,mg/L,,Nil,dmg-2011
dmg-2011,haralur-kere-inlet,,Haralur Kere,Inlet,2011,,,copper,,,true,,mg/L,,Nil,dmg-2011
dmg-2011,haralur-kere-inlet,,Haralur Kere,Inlet,2011,,,manganese,0.11,,false,,mg/L,,0.11,dmg-2011
dmg-2011,hebbal-kere-outlet,,Hebbal Kere,Outlet,2011,,,chloride,185,,false,,mg/L,,185,dmg-2011
dmg-2011,hebbal-kere-outlet,,Hebbal Kere,Outlet,2011,,,phosphate,0.01,,false,,mg/L as P,,0.01,dmg-2011
dmg-2011,hebbal-kere-outlet,,Hebbal Kere,Outlet,2011,,,tss,39,,false,,mg/L,,39,dmg-2011
dmg-2011,hebbal-kere-outlet,,Hebbal Kere,Outlet,2011,,,cod,18.90,,false,,mg/L,,18.90,dmg-2011
dmg-2011,hebbal-kere-outlet,,Hebbal Kere,Outlet,2011,,,nitrate,3.53,,false,,mg/L as NO3,,3.53,dmg-2011
dmg-2011,hebbal-kere-outlet,,Hebbal Kere,Outlet,2011,,,totalHardness,212,,false,,mg/L as CaCO3,,212,dmg-2011
dmg-2011,hebbal-kere-outlet,,Hebbal Kere,Outlet,2011,,,fluoride,0.36,,false,,mg/L,,0.36,dmg-2011
dmg-2011,hebbal-kere-outlet,,Hebbal Kere,Outlet,2011,,,ph,8.56,,false,,,,8.56,dmg-2011
dmg-2011,hebbal-kere-outlet,,Hebbal Kere,Outlet,2011,,,zinc,0.08,,false,,mg/L,,0.08,dmg-2011
dmg-2011,hebbal-kere-outlet,,Hebbal Kere,Outlet,2011,,,lead,,,true,,mg/L,,Nil,dmg-2011
dmg-2011,hebbal-kere-outlet,,Hebbal Kere,Outlet,2011,,,copper,,,true,,mg/L,,Nil,dmg-2011
dmg-2011,hebbal-kere-outlet,,Hebbal Kere,Outlet,2011,,,manganese,0.18,,false,,mg/L,,0.18,dmg-2011
dmg-2011,hebbal-kere-inlet,,Hebbal Kere,Inlet,2011,,,chloride,126,,false,,mg/L,,126,dmg-2011
dmg-2011,hebbal-kere-inlet,,Hebbal Kere,Inlet,2011,,,phosphate,1,,false,,mg/L as P,,1,dmg-2011
dmg-2011,hebbal-kere-inlet,,Hebbal Kere,Inlet,2011,,,tss,20,,false,,mg/L,,20,dmg-2011
dmg-2011,hebbal-kere-inlet,,Hebbal Kere,Inlet,2011,,,dissolvedOxygen,3.2,,false,,mg/L,,3.2,dmg-2011
dmg-2011,hebbal-kere-inlet,,Hebbal Kere,Inlet,2011,,,cod,18.90,,false,,mg/L,,18.90,dmg-2011
dmg-2011,hebbal-kere-inlet,,Hebbal Kere,Inlet,2011,,,nitrate,5.22,,false,,mg/L as NO3,,5.22,dmg-2011
dmg-2011,hebbal-kere-inlet,,Hebbal Kere,Inlet,2011,,,totalHardness,264,,false,,mg/L as CaCO3,,264,dmg-2011
dmg-2011,hebbal-kere-inlet,,Hebbal Kere,Inlet,2011,,,fluoride,0.33,,false,,mg/L,,0.33,dmg-2011
dmg-2011,hebbal-kere-inlet,,Hebbal Kere,Inlet,2011,,,ph,7.65,,false,,,,7.65,dmg-2011
dmg-2011,hebbal-kere-inlet,,Hebbal Kere,Inlet,2011,,,zinc,0.18,,false,,mg/L,,0.18,dmg-2011
dmg-2011,hebbal-kere-inlet,,Hebbal Kere,Inlet,2011,,,lead,,,true,,mg/L,,Nil,dmg-2011
dmg-2011,hebbal-kere-inlet,,Hebbal Kere,Inlet,2011,,,copper,,,true,,mg/L,,Nil,dmg-2011
dmg-2011,hebbal-kere-inlet,,Hebbal Kere,Inlet,2011,,,manganese,0.26,,false,,mg/L,,0.26,dmg-2011
dmg-2011,hebbal-kere-inlet,,Hebbal Kere,Inlet,2011,,,eColi,1600,>,false,,MPN/100mL,,>1600,dmg-2011
dmg-2011,hebbal-kere-inlet,,Hebbal Kere,Inlet,2011,,,totalColiform,1600,>,false,,MPN/100mL,,>1600,dmg-2011
dmg-2011,hemnilgepura-kere-inlet,,HemNilgepura Kere,Inlet,2011,,,chloride,109,,false,,mg/L,,109,dmg-2011
dmg-2011,hemnilgepura-kere-inlet,,HemNilgepura Kere,Inlet,2011,,,phosphate,0.2,,false,,mg/L as P,,0.2,dmg-2011
dmg-2011,hemnilgepura-kere-inlet,,HemNilgepura Kere,Inlet,2011,,,tss,15,,false,,mg/L,,15,dmg-2011
dmg-2011,hemnilgepura-kere-inlet,,HemNilgepura Kere,Inlet,2011,,,dissolvedOxygen,2.8,,false,,mg/L,,2.8,dmg-2011
dmg-2011,hemnilgepura-kere-inlet,,HemNilgepura Kere,Inlet,2011,,,cod,19.20,,false,,mg/L,,19.20,dmg-2011
dmg-2011,hemnilgepura-kere-inlet,,HemNilgepura Kere,Inlet,2011,,,nitrate,2.46,,false,,mg/L as NO3,,2.46,dmg-2011
dmg-2011,hemnilgepura-kere-inlet,,HemNilgepura Kere,Inlet,2011,,,totalHardness,368,,false,,mg/L as CaCO3,,368,dmg-2011
dmg-2011,hemnilgepura-kere-inlet,,HemNilgepura Kere,Inlet,2011,,,fluoride,0.56,,false,,mg/L,,0.56,dmg-2011
dmg-2011,hemnilgepura-kere-inlet,,HemNilgepura Kere,Inlet,2011,,,ph,8.32,,false,,,,8.32,dmg-2011
dmg-2011,hemnilgepura-kere-inlet,,HemNilgepura Kere,Inlet,2011,,,zinc,0.06,,false,,mg/L,,0.06,dmg-2011
dmg-2011,hemnilgepura-kere-inlet,,HemNilgepura Kere,Inlet,2011,,,lead,,,true,,mg/L,,Nil,dmg-2011
dmg-2011,hemnilgepura-kere-inlet,,HemNilgepura Kere,Inlet,2011,,,copper,,,true,,mg/L,,Nil,dmg-2011
dmg-2011,hemnilgepura-kere-inlet,,HemNilgepura Kere,Inlet,2011,,,manganese,0.08,,false,,mg/L,,0.08,dmg-2011
dmg-2011,hemnilgepura-kere-outlet,,HemNilgepura Kere,Outlet,2011,,,chloride,87,,false,,mg/L,,87,dmg-2011
dmg-2011,hemnilgepura-kere-outlet,,HemNilgepura Kere,Outlet,2011,,,phosphate,0.1,,false,,mg/L as P,,0.1,dmg-2011
dmg-2011,hemnilgepura-kere-outlet,,HemNilgepura Kere,Outlet,2011,,,tss,12,,false,,mg/L,,12,dmg-2011
dmg-2011,hemnilgepura-kere-outlet,,HemNilgepura Kere,Outlet,2011,,,cod,19.20,,false,,mg/L,,19.20,dmg-2011
dmg-2011,hemnilgepura-kere-outlet,,HemNilgepura Kere,Outlet,2011,,,nitrate,3.09,,false,,mg/L as NO3,,3.09,dmg-2011
dmg-2011,hemnilgepura-kere-outlet,,HemNilgepura Kere,Outlet,2011,,,totalHardness,184,,false,,mg/L as CaCO3,,184,dmg-2011
dmg-2011,hemnilgepura-kere-outlet,,HemNilgepura Kere,Outlet,2011,,,fluoride,0.39,,false,,mg/L,,0.39,dmg-2011
dmg-2011,hemnilgepura-kere-outlet,,HemNilgepura Kere,Outlet,2011,,,ph,8.47,,false,,,,8.47,dmg-2011
dmg-2011,hemnilgepura-kere-outlet,,HemNilgepura Kere,Outlet,2011,,,zinc,0.05,,false,,mg/L,,0.05,dmg-2011
dmg-2011,hemnilgepura-kere-outlet,,HemNilgepura Kere,Outlet,2011,,,lead,,,true,,mg/L,,Nil,dmg-2011
dmg-2011,hemnilgepura-kere-outlet,,HemNilgepura Kere,Outlet,2011,,,copper,,,true,,mg/L,,Nil,dmg-2011
dmg-2011,hemnilgepura-kere-outlet,,HemNilgepura Kere,Outlet,2011,,,manganese,0.13,,false,,mg/L,,0.13,dmg-2011
dmg-2011,herohalli-kere-inlel,,Herohalli Kere,Inlel,2011,,,chloride,249,,false,,mg/L,,249,dmg-2011
dmg-2011,herohalli-kere-inlel,,Herohalli Kere,Inlel,2011,,,phosphate,0.2,,false,,mg/L as P,,0.2,dmg-2011
dmg-2011,herohalli-kere-inlel,,Herohalli Kere,Inlel,2011,,,tss,89,,false,,mg/L,,89,dmg-2011
dmg-2011,herohalli-kere-inlel,,Herohalli Kere,Inlel,2011,,,dissolvedOxygen,9.6,,false,,mg/L,,9.6,dmg-2011
dmg-2011,herohalli-kere-inlel,,Herohalli Kere,Inlel,2011,,,cod,151,,false,,mg/L,,151,dmg-2011
dmg-2011,herohalli-kere-inlel,,Herohalli Kere,Inlel,2011,,,nitrate,6.35,,false,,mg/L as NO3,,6.35,dmg-2011
dmg-2011,herohalli-kere-inlel,,Herohalli Kere,Inlel,2011,,,totalHardness,296,,false,,mg/L as CaCO3,,296,dmg-2011
dmg-2011,herohalli-kere-inlel,,Herohalli Kere,Inlel,2011,,,fluoride,0.60,,false,,mg/L,,0.60,dmg-2011
dmg-2011,herohalli-kere-inlel,,Herohalli Kere,Inlel,2011,,,ph,8.46,,false,,,,8.46,dmg-2011
dmg-2011,herohalli-kere-inlel,,Herohalli Kere,Inlel,2011,,,zinc,0.19,,false,,mg/L,,0.19,dmg-2011
dmg-2011,herohalli-kere-inlel,,Herohalli Kere,Inlel,2011,,,lead,0.08,,false,,mg/L,,0.08,dmg-2011
dmg-2011,herohalli-kere-inlel,,Herohalli Kere,Inlel,2011,,,copper,0.08,,false,,mg/L,,0.08,dmg-2011
dmg-2011,herohalli-kere-inlel,,Herohalli Kere,Inlel,2011,,,manganese,0.95,,false,,mg/L,,0.95,dmg-2011
dmg-2011,herohalli-kere-inlel,,Herohalli Kere,Inlel,2011,,,eColi,160000,,false,,MPN/100mL,,160000,dmg-2011
dmg-2011,herohalli-kere-inlel,,Herohalli Kere,Inlel,2011,,,totalColiform,160000,,false,,MPN/100mL,,160000,dmg-2011
dmg-2011,horamavu-agara-kere-outlet,,Horamavu Agara Kere,Outlet,2011,,,chloride,602,,false,,mg/L,,602,dmg-2011
dmg-2011,horamavu-agara-kere-outlet,,Horamavu Agara Kere,Outlet,2011,,,phosphate,0.01,,false,,mg/L as P,,0.01,dmg-2011
dmg-2011,horamavu-agara-kere-outlet,,Horamavu Agara Kere,Outlet,2011,,,tss,49,,false,,mg/L,,49,dmg-2011
dmg-2011,horamavu-agara-kere-outlet,,Horamavu Agara Kere,Outlet,2011,,,dissolvedOxygen,,,false,,mg/L,,-,dmg-2011
dmg-2011,horamavu-agara-kere-outlet,,Horamavu Agara Kere,Outlet,2011,,,cod,132,,false,,mg/L,,132,dmg-2011
dmg-2011,horamavu-agara-kere-outlet,,Horamavu Agara Kere,Outlet,2011,,,nitrate,6.36,,false,,mg/L as NO3,,6.36,dmg-2011
dmg-2011,horamavu-agara-kere-outlet,,Horamavu Agara Kere,Outlet,2011,,,totalHardness,288,,false,,mg/L as CaCO3,,288,dmg-2011
dmg-2011,horamavu-agara-kere-outlet,,Horamavu Agara Kere,Outlet,2011,,,fluoride,0.60,,false,,mg/L,,0.60,dmg-2011
dmg-2011,horamavu-agara-kere-outlet,,Horamavu Agara Kere,Outlet,2011,,,ph,8.83,,false,,,,8.83,dmg-2011
dmg-2011,horamavu-agara-kere-inlet,,Horamavu Agara Kere,Inlet,2011,,,chloride,596,,false,,mg/L,,596,dmg-2011
dmg-2011,horamavu-agara-kere-inlet,,Horamavu Agara Kere,Inlet,2011,,,phosphate,0.01,,false,,mg/L as P,,0.01,dmg-2011
dmg-2011,horamavu-agara-kere-inlet,,Horamavu Agara Kere,Inlet,2011,,,tss,50,,false,,mg/L,,50,dmg-2011
dmg-2011,horamavu-agara-kere-inlet,,Horamavu Agara Kere,Inlet,2011,,,dissolvedOxygen,5.8,,false,,mg/L,,5.8,dmg-2011
dmg-2011,horamavu-agara-kere-inlet,,Horamavu Agara Kere,Inlet,2011,,,cod,113,,false,,mg/L,,113,dmg-2011
dmg-2011,horamavu-agara-kere-inlet,,Horamavu Agara Kere,Inlet,2011,,,nitrate,7.01,,false,,mg/L as NO3,,7.01,dmg-2011
dmg-2011,horamavu-agara-kere-inlet,,Horamavu Agara Kere,Inlet,2011,,,totalHardness,292,,false,,mg/L as CaCO3,,292,dmg-2011
dmg-2011,horamavu-agara-kere-inlet,,Horamavu Agara Kere,Inlet,2011,,,fluoride,0.61,,false,,mg/L,,0.61,dmg-2011
dmg-2011,horamavu-agara-kere-inlet,,Horamavu Agara Kere,Inlet,2011,,,ph,8.81,,false,,,,8.81,dmg-2011
dmg-2011,horamavu-agara-kere-inlet,,Horamavu Agara Kere,Inlet,2011,,,zinc,0.05,,false,,mg/L,,0.05,dmg-2011
dmg-2011,horamavu-agara-kere-inlet,,Horamavu Agara Kere,Inlet,2011,,,lead,,,true,,mg/L,,Nil,dmg-2011
dmg-2011,horamavu-agara-kere-inlet,,Horamavu Agara Kere,Inlet,2011,,,copper,0.04,,false,,mg/L,,0.04,dmg-2011
dmg-2011,horamavu-agara-kere-inlet,,Horamavu Agara Kere,Inlet,2011,,,manganese,0.18,,false,,mg/L,,0.18,dmg-2011
dmg-2011,horamavu-agara-kere-inlet,,Horamavu Agara Kere,Inlet,2011,,,eColi,1600,,false,,MPN/100mL,,1600,dmg-2011
dmg-2011,horamavu-agara-kere-inlet,,Horamavu Agara Kere,Inlet,2011,,,totalColiform,1600,,false,,MPN/100mL,,1600,dmg-2011
dmg-2011,hosakere-kere-inlet,,Hosakere kere,Inlet,2011,,,chloride,210,,false,,mg/L,,210,dmg-2011
dmg-2011,hosakere-kere-inlet,,Hosakere kere,Inlet,2011,,,phosphate,1,,false,,mg/L as P,,1,dmg-2011
dmg-2011,hosakere-kere-inlet,,Hosakere kere,Inlet,2011,,,tss,5.5,,false,,mg/L,,5.5,dmg-2011
dmg-2011,hosakere-kere-inlet,,Hosakere kere,Inlet,2011,,,dissolvedOxygen,2.8,,false,,mg/L,,2.8,dmg-2011
dmg-2011,hosakere-kere-inlet,,Hosakere kere,Inlet,2011,,,cod,94,,false,,mg/L,,94,dmg-2011
dmg-2011,hosakere-kere-inlet,,Hosakere kere,Inlet,2011,,,nitrate,2.60,,false,,mg/L as NO3,,2.60,dmg-2011
dmg-2011,hosakere-kere-inlet,,Hosakere kere,Inlet,2011,,,totalHardness,440,,false,,mg/L as CaCO3,,440,dmg-2011
dmg-2011,hosakere-kere-inlet,,Hosakere kere,Inlet,2011,,,fluoride,0.44,,false,,mg/L,,0.44,dmg-2011
dmg-2011,hosakere-kere-inlet,,Hosakere kere,Inlet,2011,,,ph,8.07,,false,,,,8.07,dmg-2011
dmg-2011,hosakere-kere-inlet,,Hosakere kere,Inlet,2011,,,zinc,0.13,,false,,mg/L,,0.13,dmg-2011
dmg-2011,hosakere-kere-inlet,,Hosakere kere,Inlet,2011,,,lead,,,true,,mg/L,,Nil,dmg-2011
dmg-2011,hosakere-kere-inlet,,Hosakere kere,Inlet,2011,,,copper,0.01,,false,,mg/L,,0.01,dmg-2011
dmg-2011,hosakere-kere-inlet,,Hosakere kere,Inlet,2011,,,manganese,0.45,,false,,mg/L,,0.45,dmg-2011
dmg-2011,hosakere-kere-inlet,,Hosakere kere,Inlet,2011,,,eColi,1600,>,false,,MPN/100mL,,>1600,dmg-2011
dmg-2011,hosakere-kere-inlet,,Hosakere kere,Inlet,2011,,,totalColiform,1600,>,false,,MPN/100mL,,>1600,dmg-2011
dmg-2011,huchappana-palya-kere-outlet,,Huchappana palya kere,Outlet,2011,,,chloride,118,,false,,mg/L,,118,dmg-2011
dmg-2011,huchappana-palya-kere-outlet,,Huchappana palya kere,Outlet,2011,,,phosphate,0.53,,false,,mg/L as P,,0.53,dmg-2011
dmg-2011,huchappana-palya-kere-outlet,,Huchappana palya kere,Outlet,2011,,,tss,21,,false,,mg/L,,21,dmg-2011
dmg-2011,huchappana-palya-kere-outlet,,Huchappana palya kere,Outlet,2011,,,cod,,,true,,mg/L,,Nil,dmg-2011
dmg-2011,huchappana-palya-kere-outlet,,Huchappana palya kere,Outlet,2011,,,nitrate,18.23,,false,,mg/L as NO3,,18.23,dmg-2011
dmg-2011,huchappana-palya-kere-outlet,,Huchappana palya kere,Outlet,2011,,,totalHardness,260,,false,,mg/L as CaCO3,,260,dmg-2011
dmg-2011,huchappana-palya-kere-outlet,,Huchappana palya kere,Outlet,2011,,,fluoride,0.51,,false,,mg/L,,0.51,dmg-2011
dmg-2011,huchappana-palya-kere-outlet,,Huchappana palya kere,Outlet,2011,,,ph,7.93,,false,,,,7.93,dmg-2011
dmg-2011,huchappana-palya-kere-inlet,,Huchappana palya kere,Inlet,2011,,,chloride,115,,false,,mg/L,,115,dmg-2011
dmg-2011,huchappana-palya-kere-inlet,,Huchappana palya kere,Inlet,2011,,,phosphate,0.55,,false,,mg/L as P,,0.55,dmg-2011
dmg-2011,huchappana-palya-kere-inlet,,Huchappana palya kere,Inlet,2011,,,tss,62.5,,false,,mg/L,,62.5,dmg-2011
dmg-2011,huchappana-palya-kere-inlet,,Huchappana palya kere,Inlet,2011,,,dissolvedOxygen,7.2,,false,,mg/L,,7.2,dmg-2011
dmg-2011,huchappana-palya-kere-inlet,,Huchappana palya kere,Inlet,2011,,,cod,,,true,,mg/L,,Nil,dmg-2011
dmg-2011,huchappana-palya-kere-inlet,,Huchappana palya kere,Inlet,2011,,,nitrate,19.64,,false,,mg/L as NO3,,19.64,dmg-2011
dmg-2011,huchappana-palya-kere-inlet,,Huchappana palya kere,Inlet,2011,,,totalHardness,252,,false,,mg/L as CaCO3,,252,dmg-2011
dmg-2011,huchappana-palya-kere-inlet,,Huchappana palya kere,Inlet,2011,,,fluoride,0.92,,false,,mg/L,,0.92,dmg-2011
dmg-2011,huchappana-palya-kere-inlet,,Huchappana palya kere,Inlet,2011,,,ph,8.18,,false,,,,8.18,dmg-2011
dmg-2011,hulimavu-kere-inlet,,Hulimavu kere,Inlet,2011,,,chloride,221,,false,,mg/L,,221,dmg-2011
dmg-2011,hulimavu-kere-inlet,,Hulimavu kere,Inlet,2011,,,phosphate,0.2,,false,,mg/L as P,,0.2,dmg-2011
dmg-2011,hulimavu-kere-inlet,,Hulimavu kere,Inlet,2011,,,tss,18,,false,,mg/L,,18,dmg-2011
dmg-2011,hulimavu-kere-inlet,,Hulimavu kere,Inlet,2011,,,dissolvedOxygen,,,true,,mg/L,,Nil,dmg-2011
dmg-2011,hulimavu-kere-inlet,,Hulimavu kere,Inlet,2011,,,cod,,,true,,mg/L,,Nil,dmg-2011
dmg-2011,hulimavu-kere-inlet,,Hulimavu kere,Inlet,2011,,,nitrate,2.69,,false,,mg/L as NO3,,2.69,dmg-2011
dmg-2011,hulimavu-kere-inlet,,Hulimavu kere,Inlet,2011,,,totalHardness,276,,false,,mg/L as CaCO3,,276,dmg-2011
dmg-2011,hulimavu-kere-inlet,,Hulimavu kere,Inlet,2011,,,fluoride,0.43,,false,,mg/L,,0.43,dmg-2011
dmg-2011,hulimavu-kere-inlet,,Hulimavu kere,Inlet,2011,,,ph,8.09,,false,,,,8.09,dmg-2011
dmg-2011,hulimavu-kere-inlet,,Hulimavu kere,Inlet,2011,,,zinc,0.06,,false,,mg/L,,0.06,dmg-2011
dmg-2011,hulimavu-kere-inlet,,Hulimavu kere,Inlet,2011,,,lead,,,true,,mg/L,,Nil,dmg-2011
dmg-2011,hulimavu-kere-inlet,,Hulimavu kere,Inlet,2011,,,copper,0.01,,false,,mg/L,,0.01,dmg-2011
dmg-2011,hulimavu-kere-inlet,,Hulimavu kere,Inlet,2011,,,manganese,0.47,,false,,mg/L,,0.47,dmg-2011
dmg-2011,hulimavu-kere-inlet,,Hulimavu kere,Inlet,2011,,,aluminium,0.87,,false,,mg/L,,0.87,dmg-2011
dmg-2011,huliniavu-kere-outlet,,Huliniavu kere,Outlet,2011,,,chloride,176,,false,,mg/L,,176,dmg-2011
dmg-2011,huliniavu-kere-outlet,,Huliniavu kere,Outlet,2011,,,phosphate,2.51,,false,,mg/L as P,,2.51,dmg-2011
dmg-2011,huliniavu-kere-outlet,,Huliniavu kere,Outlet,2011,,,tss,15,,false,,mg/L,,15,dmg-2011
dmg-2011,huliniavu-kere-outlet,,Huliniavu kere,Outlet,2011,,,cod,,,true,,mg/L,,Nil,dmg-2011
dmg-2011,huliniavu-kere-outlet,,Huliniavu kere,Outlet,2011,,,nitrate,9.56,,false,,mg/L as NO3,,9.56,dmg-2011
dmg-2011,huliniavu-kere-outlet,,Huliniavu kere,Outlet,2011,,,totalHardness,372,,false,,mg/L as CaCO3,,372,dmg-2011
dmg-2011,huliniavu-kere-outlet,,Huliniavu kere,Outlet,2011,,,fluoride,0.56,,false,,mg/L,,0.56,dmg-2011
dmg-2011,huliniavu-kere-outlet,,Huliniavu kere,Outlet,2011,,,ph,7.81,,false,,,,7.81,dmg-2011
dmg-2011,huliniavu-kere-outlet,,Huliniavu kere,Outlet,2011,,,zinc,0.46,,false,,mg/L,,0.46,dmg-2011
dmg-2011,huliniavu-kere-outlet,,Huliniavu kere,Outlet,2011,,,lead,,,true,,mg/L,,Nil,dmg-2011
dmg-2011,huliniavu-kere-outlet,,Huliniavu kere,Outlet,2011,,,copper,0.01,,false,,mg/L,,0.01,dmg-2011
dmg-2011,huliniavu-kere-outlet,,Huliniavu kere,Outlet,2011,,,manganese,0.28,,false,,mg/L,,0.28,dmg-2011
dmg-2011,huliniavu-kere-outlet,,Huliniavu kere,Outlet,2011,,,aluminium,2.23,,false,,mg/L,,2.23,dmg-2011
dmg-2011,ibbalur-kere-periphery,,Ibbalur Kere,Periphery,2011,,,chloride,218,,false,,mg/L,,218,dmg-2011
dmg-2011,ibbalur-kere-periphery,,Ibbalur Kere,Periphery,2011,,,phosphate,5.05,,false,,mg/L as P,,5.05,dmg-2011
dmg-2011,ibbalur-kere-periphery,,Ibbalur Kere,Periphery,2011,,,tss,77,,false,,mg/L,,77,dmg-2011
dmg-2011,ibbalur-kere-periphery,,Ibbalur Kere,Periphery,2011,,,dissolvedOxygen,4,,false,,mg/L,,4,dmg-2011
dmg-2011,ibbalur-kere-periphery,,Ibbalur Kere,Periphery,2011,,,cod,,,false,,mg/L,,-,dmg-2011
dmg-2011,ibbalur-kere-periphery,,Ibbalur Kere,Periphery,2011,,,nitrate,7.55,,false,,mg/L as NO3,,7.55,dmg-2011
dmg-2011,ibbalur-kere-periphery,,Ibbalur Kere,Periphery,2011,,,totalHardness,348,,false,,mg/L as CaCO3,,348,dmg-2011
dmg-2011,ibbalur-kere-periphery,,Ibbalur Kere,Periphery,2011,,,fluoride,0.87,,false,,mg/L,,0 87,dmg-2011
dmg-2011,ibbalur-kere-periphery,,Ibbalur Kere,Periphery,2011,,,ph,7.96,,false,,,,7.96,dmg-2011
dmg-2011,ibbalur-kere-periphery,,Ibbalur Kere,Periphery,2011,,,zinc,0.07,,false,,mg/L,,0.07,dmg-2011
dmg-2011,ibbalur-kere-periphery,,Ibbalur Kere,Periphery,2011,,,lead,,,true,,mg/L,,Nil,dmg-2011
dmg-2011,ibbalur-kere-periphery,,Ibbalur Kere,Periphery,2011,,,copper,0.02,,false,,mg/L,,0.02,dmg-2011
dmg-2011,ibbalur-kere-periphery,,Ibbalur Kere,Periphery,2011,,,manganese,0.43,,false,,mg/L,,0.43,dmg-2011
dmg-2011,ibbalur-kere-periphery,,Ibbalur Kere,Periphery,2011,,,eColi,1600,>,false,,MPN/100mL,,>1600,dmg-2011
dmg-2011,ibbalur-kere-periphery,,Ibbalur Kere,Periphery,2011,,,totalColiform,1600,>,false,,MPN/100mL,,>1600,dmg-2011
dmg-2011,ibbalur-kere-inlet,,Ibbalur Kere,Inlet,2011,,,chloride,213,,false,,mg/L,,213,dmg-2011
dmg-2011,ibbalur-kere-inlet,,Ibbalur Kere,Inlet,2011,,,phosphate,5.09,,false,,mg/L as P,,5.09,dmg-2011
dmg-2011,ibbalur-kere-inlet,,Ibbalur Kere,Inlet,2011,,,tss,160,,false,,mg/L,,160,dmg-2011
dmg-2011,ibbalur-kere-inlet,,Ibbalur Kere,Inlet,2011,,,nitrate,8.63,,false,,mg/L as NO3,,8.63,dmg-2011
dmg-2011,ibbalur-kere-inlet,,Ibbalur Kere,Inlet,2011,,,totalHardness,340,,false,,mg/L as CaCO3,,340,dmg-2011
dmg-2011,ibbalur-kere-inlet,,Ibbalur Kere,Inlet,2011,,,fluoride,0.88,,false,,mg/L,,0.88,dmg-2011
dmg-2011,ibbalur-kere-inlet,,Ibbalur Kere,Inlet,2011,,,ph,8.13,,false,,,,8 13,dmg-2011
dmg-2011,ibbalur-kere-inlet,,Ibbalur Kere,Inlet,2011,,,zinc,0.08,,false,,mg/L,,0.08,dmg-2011
dmg-2011,ibbalur-kere-inlet,,Ibbalur Kere,Inlet,2011,,,lead,,,true,,mg/L,,Nil,dmg-2011
dmg-2011,ibbalur-kere-inlet,,Ibbalur Kere,Inlet,2011,,,copper,0.01,,false,,mg/L,,0.01,dmg-2011
dmg-2011,ibbalur-kere-inlet,,Ibbalur Kere,Inlet,2011,,,manganese,0.11,,false,,mg/L,,0.11,dmg-2011
dmg-2011,ittamadu-inlet,,Ittamadu,Inlet,2011,,,chloride,148,,false,,mg/L,,148,dmg-2011
dmg-2011,ittamadu-inlet,,Ittamadu,Inlet,2011,,,phosphate,5.03,,false,,mg/L as P,,5.03,dmg-2011
dmg-2011,ittamadu-inlet,,Ittamadu,Inlet,2011,,,tss,505,,false,,mg/L,,505,dmg-2011
dmg-2011,ittamadu-inlet,,Ittamadu,Inlet,2011,,,cod,,,true,,mg/L,,Nil,dmg-2011
dmg-2011,ittamadu-inlet,,Ittamadu,Inlet,2011,,,nitrate,8.22,,false,,mg/L as NO3,,8.22,dmg-2011
dmg-2011,ittamadu-inlet,,Ittamadu,Inlet,2011,,,totalHardness,364,,false,,mg/L as CaCO3,,364,dmg-2011
dmg-2011,ittamadu-inlet,,Ittamadu,Inlet,2011,,,fluoride,0.71,,false,,mg/L,,0.71,dmg-2011
dmg-2011,ittamadu-inlet,,Ittamadu,Inlet,2011,,,ph,8.31,,false,,,,8.31,dmg-2011
dmg-2011,ittamadu-inlet,,Ittamadu,Inlet,2011,,,zinc,0.20,,false,,mg/L,,0.20,dmg-2011
dmg-2011,ittamadu-inlet,,Ittamadu,Inlet,2011,,,lead,,,true,,mg/L,,Nil,dmg-2011
dmg-2011,ittamadu-inlet,,Ittamadu,Inlet,2011,,,copper,,,true,,mg/L,,Nil,dmg-2011
dmg-2011,ittamadu-inlet,,Ittamadu,Inlet,2011,,,manganese,0.72,,false,,mg/L,,0.72,dmg-2011
dmg-2011,ittamadu-periphery,,Ittamadu,Periphery,2011,,,chloride,140,,false,,mg/L,,140,dmg-2011
dmg-2011,ittamadu-periphery,,Ittamadu,Periphery,2011,,,phosphate,5.03,,false,,mg/L as P,,5.03,dmg-2011
dmg-2011,ittamadu-periphery,,Ittamadu,Periphery,2011,,,tss,4.5,,false,,mg/L,,4.5,dmg-2011
dmg-2011,ittamadu-periphery,,Ittamadu,Periphery,2011,,,dissolvedOxygen,11.2,,false,,mg/L,,11.2,dmg-2011
dmg-2011,ittamadu-periphery,,Ittamadu,Periphery,2011,,,cod,,,true,,mg/L,,Nil,dmg-2011
dmg-2011,ittamadu-periphery,,Ittamadu,Periphery,2011,,,nitrate,8.81,,false,,mg/L as NO3,,8.81,dmg-2011
dmg-2011,ittamadu-periphery,,Ittamadu,Periphery,2011,,,totalHardness,372,,false,,mg/L as CaCO3,,372,dmg-2011
dmg-2011,ittamadu-periphery,,Ittamadu,Periphery,2011,,,fluoride,0.63,,false,,mg/L,,0.63,dmg-2011
dmg-2011,ittamadu-periphery,,Ittamadu,Periphery,2011,,,ph,8.22,,false,,,,8.22,dmg-2011
dmg-2011,ittamadu-periphery,,Ittamadu,Periphery,2011,,,zinc,0.14,,false,,mg/L,,0.14,dmg-2011
dmg-2011,ittamadu-periphery,,Ittamadu,Periphery,2011,,,lead,,,true,,mg/L,,Nil,dmg-2011
dmg-2011,ittamadu-periphery,,Ittamadu,Periphery,2011,,,copper,,,true,,mg/L,,Nil,dmg-2011
dmg-2011,ittamadu-periphery,,Ittamadu,Periphery,2011,,,manganese,0.57,,false,,mg/L,,0.57,dmg-2011
dmg-2011,jakkur-kere-inlet,,Jakkur kere,Inlet,2011,,,chloride,213,,false,,mg/L,,213,dmg-2011
dmg-2011,jakkur-kere-inlet,,Jakkur kere,Inlet,2011,,,phosphate,0.11,,false,,mg/L as P,,0.11,dmg-2011
dmg-2011,jakkur-kere-inlet,,Jakkur kere,Inlet,2011,,,tss,10,,false,,mg/L,,10,dmg-2011
dmg-2011,jakkur-kere-inlet,,Jakkur kere,Inlet,2011,,,nitrate,5.701,,false,,mg/L as NO3,,5.701,dmg-2011
dmg-2011,jakkur-kere-inlet,,Jakkur kere,Inlet,2011,,,totalHardness,148,,false,,mg/L as CaCO3,,148,dmg-2011
dmg-2011,jakkur-kere-inlet,,Jakkur kere,Inlet,2011,,,fluoride,0.71,,false,,mg/L,,0.71,dmg-2011
dmg-2011,jakkur-kere-inlet,,Jakkur kere,Inlet,2011,,,ph,9.49,,false,,,,9.49,dmg-2011
dmg-2011,jakkur-kere-inlet,,Jakkur kere,Inlet,2011,,,zinc,0.06,,false,,mg/L,,0.06,dmg-2011
dmg-2011,jakkur-kere-inlet,,Jakkur kere,Inlet,2011,,,lead,,,true,,mg/L,,Nil,dmg-2011
dmg-2011,jakkur-kere-inlet,,Jakkur kere,Inlet,2011,,,copper,,,true,,mg/L,,Nil,dmg-2011
dmg-2011,jakkur-kere-inlet,,Jakkur kere,Inlet,2011,,,manganese,0.08,,false,,mg/L,,0.08,dmg-2011
dmg-2011,jakkur-kere-outlet,,Jakkur kere,Outlet,2011,,,chloride,316,,false,,mg/L,,316,dmg-2011
dmg-2011,jakkur-kere-outlet,,Jakkur kere,Outlet,2011,,,phosphate,0.11,,false,,mg/L as P,,0.11,dmg-2011
dmg-2011,jakkur-kere-outlet,,Jakkur kere,Outlet,2011,,,tss,4.5,,false,,mg/L,,4.5,dmg-2011
dmg-2011,jakkur-kere-outlet,,Jakkur kere,Outlet,2011,,,dissolvedOxygen,6.2,,false,,mg/L,,6.2,dmg-2011
dmg-2011,jakkur-kere-outlet,,Jakkur kere,Outlet,2011,,,nitrate,7.78,,false,,mg/L as NO3,,7.78,dmg-2011
dmg-2011,jakkur-kere-outlet,,Jakkur kere,Outlet,2011,,,totalHardness,516,,false,,mg/L as CaCO3,,516,dmg-2011
dmg-2011,jakkur-kere-outlet,,Jakkur kere,Outlet,2011,,,fluoride,0.46,,false,,mg/L,,0.46,dmg-2011
dmg-2011,jakkur-kere-outlet,,Jakkur kere,Outlet,2011,,,ph,8.33,,false,,,,8.33,dmg-2011
dmg-2011,jakkur-kere-outlet,,Jakkur kere,Outlet,2011,,,zinc,0.05,,false,,mg/L,,0.05,dmg-2011
dmg-2011,jakkur-kere-outlet,,Jakkur kere,Outlet,2011,,,lead,,,true,,mg/L,,Nil,dmg-2011
dmg-2011,jakkur-kere-outlet,,Jakkur kere,Outlet,2011,,,copper,,,true,,mg/L,,Nil,dmg-2011
dmg-2011,jakkur-kere-outlet,,Jakkur kere,Outlet,2011,,,manganese,0.047,,false,,mg/L,,0.047,dmg-2011
dmg-2011,janardhankere-inlet,,Janardhankere,Inlet,2011,,,chloride,185,,false,,mg/L,,185,dmg-2011
dmg-2011,janardhankere-inlet,,Janardhankere,Inlet,2011,,,phosphate,0.01,,false,,mg/L as P,,0.01,dmg-2011
dmg-2011,janardhankere-inlet,,Janardhankere,Inlet,2011,,,tss,728.5,,false,,mg/L,,728.5,dmg-2011
dmg-2011,janardhankere-inlet,,Janardhankere,Inlet,2011,,,dissolvedOxygen,5.8,,false,,mg/L,,5.8,dmg-2011
dmg-2011,janardhankere-inlet,,Janardhankere,Inlet,2011,,,cod,38.40,,false,,mg/L,,38.40,dmg-2011
dmg-2011,janardhankere-inlet,,Janardhankere,Inlet,2011,,,nitrate,3.31,,false,,mg/L as NO3,,3.31,dmg-2011
dmg-2011,janardhankere-inlet,,Janardhankere,Inlet,2011,,,totalHardness,312,,false,,mg/L as CaCO3,,312,dmg-2011
dmg-2011,janardhankere-inlet,,Janardhankere,Inlet,2011,,,fluoride,0.68,,false,,mg/L,,0.68,dmg-2011
dmg-2011,janardhankere-inlet,,Janardhankere,Inlet,2011,,,ph,8.43,,false,,,,8.43,dmg-2011
dmg-2011,janardhankere-inlet,,Janardhankere,Inlet,2011,,,zinc,0.05,,false,,mg/L,,0.05,dmg-2011
dmg-2011,janardhankere-inlet,,Janardhankere,Inlet,2011,,,copper,,,true,,mg/L,,Nil,dmg-2011
dmg-2011,janardhankere-inlet,,Janardhankere,Inlet,2011,,,manganese,0.07,,false,,mg/L,,0.07,dmg-2011
dmg-2011,jatiigarahalli-kere-outlet,,Jatiigarahalli kere,Outlet,2011,,,chloride,19.6,,false,,mg/L,,19.6,dmg-2011
dmg-2011,jatiigarahalli-kere-outlet,,Jatiigarahalli kere,Outlet,2011,,,phosphate,0.01,,false,,mg/L as P,,0.01,dmg-2011
dmg-2011,jatiigarahalli-kere-outlet,,Jatiigarahalli kere,Outlet,2011,,,tss,93.5,,false,,mg/L,,93.5,dmg-2011
dmg-2011,jatiigarahalli-kere-outlet,,Jatiigarahalli kere,Outlet,2011,,,cod,,,true,,mg/L,,Nil,dmg-2011
dmg-2011,jatiigarahalli-kere-outlet,,Jatiigarahalli kere,Outlet,2011,,,nitrate,4.20,,false,,mg/L as NO3,,4.20,dmg-2011
dmg-2011,jatiigarahalli-kere-outlet,,Jatiigarahalli kere,Outlet,2011,,,totalHardness,44,,false,,mg/L as CaCO3,,44,dmg-2011
dmg-2011,jatiigarahalli-kere-outlet,,Jatiigarahalli kere,Outlet,2011,,,fluoride,0.35,,false,,mg/L,,0.35,dmg-2011
dmg-2011,jatiigarahalli-kere-outlet,,Jatiigarahalli kere,Outlet,2011,,,ph,9.92,,false,,,,9.92,dmg-2011
dmg-2011,jatiigarahalli-kere-outlet,,Jatiigarahalli kere,Outlet,2011,,,zinc,0.12,,false,,mg/L,,0.12,dmg-2011
dmg-2011,jatiigarahalli-kere-outlet,,Jatiigarahalli kere,Outlet,2011,,,lead,,,true,,mg/L,,Nil,dmg-2011
dmg-2011,jatiigarahalli-kere-outlet,,Jatiigarahalli kere,Outlet,2011,,,copper,,,true,,mg/L,,Nil,dmg-2011
dmg-2011,jatiigarahalli-kere-outlet,,Jatiigarahalli kere,Outlet,2011,,,manganese,0.17,,false,,mg/L,,0.17,dmg-2011
dmg-2011,jattigarahalli-kere-inlet,,Jattigarahalli kere,Inlet,2011,,,chloride,16.8,,false,,mg/L,,16.8,dmg-2011
dmg-2011,jattigarahalli-kere-inlet,,Jattigarahalli kere,Inlet,2011,,,phosphate,0.01,,false,,mg/L as P,,0.01,dmg-2011
dmg-2011,jattigarahalli-kere-inlet,,Jattigarahalli kere,Inlet,2011,,,tss,12,,false,,mg/L,,12,dmg-2011
dmg-2011,jattigarahalli-kere-inlet,,Jattigarahalli kere,Inlet,2011,,,dissolvedOxygen,4,,false,,mg/L,,4,dmg-2011
dmg-2011,jattigarahalli-kere-inlet,,Jattigarahalli kere,Inlet,2011,,,cod,,,true,,mg/L,,Nil,dmg-2011
dmg-2011,jattigarahalli-kere-inlet,,Jattigarahalli kere,Inlet,2011,,,totalHardness,48,,false,,mg/L as CaCO3,,48,dmg-2011
dmg-2011,jattigarahalli-kere-inlet,,Jattigarahalli kere,Inlet,2011,,,fluoride,0.34,,false,,mg/L,,0.34,dmg-2011
dmg-2011,jattigarahalli-kere-inlet,,Jattigarahalli kere,Inlet,2011,,,ph,9.52,,false,,,,9.52,dmg-2011
dmg-2011,jattigarahalli-kere-inlet,,Jattigarahalli kere,Inlet,2011,,,zinc,0.10,,false,,mg/L,,0.10,dmg-2011
dmg-2011,jattigarahalli-kere-inlet,,Jattigarahalli kere,Inlet,2011,,,lead,,,true,,mg/L,,Nil,dmg-2011
dmg-2011,jattigarahalli-kere-inlet,,Jattigarahalli kere,Inlet,2011,,,copper,,,true,,mg/L,,Nil,dmg-2011
dmg-2011,jattigarahalli-kere-inlet,,Jattigarahalli kere,Inlet,2011,,,manganese,0.09,,false,,mg/L,,0.09,dmg-2011
dmg-2011,jimkenahalli-kere-inlet,,Jimkenahalli Kere,Inlet,2011,,,chloride,129,,false,,mg/L,,129,dmg-2011
dmg-2011,jimkenahalli-kere-inlet,,Jimkenahalli Kere,Inlet,2011,,,phosphate,0.01,,false,,mg/L as P,,0.01,dmg-2011
dmg-2011,jimkenahalli-kere-inlet,,Jimkenahalli Kere,Inlet,2011,,,tss,32,,false,,mg/L,,32,dmg-2011
dmg-2011,jimkenahalli-kere-inlet,,Jimkenahalli Kere,Inlet,2011,,,cod,40.00,,false,,mg/L,,40.00,dmg-2011
dmg-2011,jimkenahalli-kere-inlet,,Jimkenahalli Kere,Inlet,2011,,,nitrate,4.29,,false,,mg/L as NO3,,4.29,dmg-2011
dmg-2011,jimkenahalli-kere-inlet,,Jimkenahalli Kere,Inlet,2011,,,totalHardness,144,,false,,mg/L as CaCO3,,144,dmg-2011
dmg-2011,jimkenahalli-kere-inlet,,Jimkenahalli Kere,Inlet,2011,,,fluoride,0.41,,false,,mg/L,,0.41,dmg-2011
dmg-2011,jimkenahalli-kere-inlet,,Jimkenahalli Kere,Inlet,2011,,,ph,8.49,,false,,,,8.49,dmg-2011
dmg-2011,jimkenahalli-kere-inlet,,Jimkenahalli Kere,Inlet,2011,,,zinc,0.13,,false,,mg/L,,0.13,dmg-2011
dmg-2011,jimkenahalli-kere-inlet,,Jimkenahalli Kere,Inlet,2011,,,lead,,,true,,mg/L,,Nil,dmg-2011
dmg-2011,jimkenahalli-kere-inlet,,Jimkenahalli Kere,Inlet,2011,,,copper,,,true,,mg/L,,Nil,dmg-2011
dmg-2011,jimkenahalli-kere-inlet,,Jimkenahalli Kere,Inlet,2011,,,manganese,0.23,,false,,mg/L,,0.23,dmg-2011
dmg-2011,jp-park-mattikere-inlet,,JP Park (Mattikere),Inlet,2011,,,chloride,151,,false,,mg/L,,151,dmg-2011
dmg-2011,jp-park-mattikere-inlet,,JP Park (Mattikere),Inlet,2011,,,phosphate,,,true,,mg/L as P,,Nil,dmg-2011
dmg-2011,jp-park-mattikere-inlet,,JP Park (Mattikere),Inlet,2011,,,tss,69,,false,,mg/L,,69,dmg-2011
dmg-2011,jp-park-mattikere-inlet,,JP Park (Mattikere),Inlet,2011,,,dissolvedOxygen,3.6,,false,,mg/L,,3.6,dmg-2011
dmg-2011,jp-park-mattikere-inlet,,JP Park (Mattikere),Inlet,2011,,,cod,37.76,,false,,mg/L,,37.76,dmg-2011
dmg-2011,jp-park-mattikere-inlet,,JP Park (Mattikere),Inlet,2011,,,nitrate,3.47,,false,,mg/L as NO3,,3.47,dmg-2011
dmg-2011,jp-park-mattikere-inlet,,JP Park (Mattikere),Inlet,2011,,,totalHardness,172,,false,,mg/L as CaCO3,,172,dmg-2011
dmg-2011,jp-park-mattikere-inlet,,JP Park (Mattikere),Inlet,2011,,,fluoride,0.61,,false,,mg/L,,0.61,dmg-2011
dmg-2011,jp-park-mattikere-inlet,,JP Park (Mattikere),Inlet,2011,,,ph,8.45,,false,,,,8.45,dmg-2011
dmg-2011,jp-park-mattikere-inlet,,JP Park (Mattikere),Inlet,2011,,,zinc,0.17,,false,,mg/L,,0.17,dmg-2011
dmg-2011,jp-park-mattikere-inlet,,JP Park (Mattikere),Inlet,2011,,,lead,,,true,,mg/L,,Nil,dmg-2011
dmg-2011,jp-park-mattikere-inlet,,JP Park (Mattikere),Inlet,2011,,,copper,,,true,,mg/L,,Nil,dmg-2011
dmg-2011,jp-park-mattikere-inlet,,JP Park (Mattikere),Inlet,2011,,,manganese,0.76,,false,,mg/L,,0.76,dmg-2011
dmg-2011,jp-park-mattikere-inlet,,JP Park (Mattikere),Inlet,2011,,,eColi,160000,,false,,MPN/100mL,,160000,dmg-2011
dmg-2011,jp-park-mattikere-inlet,,JP Park (Mattikere),Inlet,2011,,,totalColiform,160000,,false,,MPN/100mL,,160000,dmg-2011
dmg-2011,jp-park-mattikere-outlet,,JP Park (Mattikere),Outlet,2011,,,chloride,154,,false,,mg/L,,154,dmg-2011
dmg-2011,jp-park-mattikere-outlet,,JP Park (Mattikere),Outlet,2011,,,phosphate,,,true,,mg/L as P,,Nil,dmg-2011
dmg-2011,jp-park-mattikere-outlet,,JP Park (Mattikere),Outlet,2011,,,tss,4.5,,false,,mg/L,,4.5,dmg-2011
dmg-2011,jp-park-mattikere-outlet,,JP Park (Mattikere),Outlet,2011,,,cod,37.76,,false,,mg/L,,37.76,dmg-2011
dmg-2011,jp-park-mattikere-outlet,,JP Park (Mattikere),Outlet,2011,,,nitrate,3.81,,false,,mg/L as NO3,,3.81,dmg-2011
dmg-2011,jp-park-mattikere-outlet,,JP Park (Mattikere),Outlet,2011,,,totalHardness,184,,false,,mg/L as CaCO3,,184,dmg-2011
dmg-2011,jp-park-mattikere-outlet,,JP Park (Mattikere),Outlet,2011,,,fluoride,0.63,,false,,mg/L,,0.63,dmg-2011
dmg-2011,jp-park-mattikere-outlet,,JP Park (Mattikere),Outlet,2011,,,ph,8.74,,false,,,,8.74,dmg-2011
dmg-2011,jp-park-mattikere-outlet,,JP Park (Mattikere),Outlet,2011,,,zinc,0.18,,false,,mg/L,,0.18,dmg-2011
dmg-2011,jp-park-mattikere-outlet,,JP Park (Mattikere),Outlet,2011,,,lead,,,true,,mg/L,,Nil,dmg-2011
dmg-2011,jp-park-mattikere-outlet,,JP Park (Mattikere),Outlet,2011,,,copper,,,true,,mg/L,,Nil,dmg-2011
dmg-2011,jp-park-mattikere-outlet,,JP Park (Mattikere),Outlet,2011,,,manganese,0.40,,false,,mg/L,,0.40,dmg-2011
dmg-2011,kalena-agrahara-kere-inlet,,Kalena Agrahara kere,Inlet,2011,,,chloride,109,,false,,mg/L,,109,dmg-2011
dmg-2011,kalena-agrahara-kere-inlet,,Kalena Agrahara kere,Inlet,2011,,,phosphate,0.01,,false,,mg/L as P,,0.01,dmg-2011
dmg-2011,kalena-agrahara-kere-inlet,,Kalena Agrahara kere,Inlet,2011,,,tss,27,,false,,mg/L,,27,dmg-2011
dmg-2011,kalena-agrahara-kere-inlet,,Kalena Agrahara kere,Inlet,2011,,,dissolvedOxygen,10.8,,false,,mg/L,,10.8,dmg-2011
dmg-2011,kalena-agrahara-kere-inlet,,Kalena Agrahara kere,Inlet,2011,,,cod,20.00,,false,,mg/L,,20.00,dmg-2011
dmg-2011,kalena-agrahara-kere-inlet,,Kalena Agrahara kere,Inlet,2011,,,nitrate,2.397,,false,,mg/L as NO3,,2.397,dmg-2011
dmg-2011,kalena-agrahara-kere-inlet,,Kalena Agrahara kere,Inlet,2011,,,totalHardness,200,,false,,mg/L as CaCO3,,200,dmg-2011
dmg-2011,kalena-agrahara-kere-inlet,,Kalena Agrahara kere,Inlet,2011,,,fluoride,0.34,,false,,mg/L,,0.34,dmg-2011
dmg-2011,kalena-agrahara-kere-inlet,,Kalena Agrahara kere,Inlet,2011,,,ph,8.13,,false,,,,8.13,dmg-2011
dmg-2011,kalena-agrahara-kere-inlet,,Kalena Agrahara kere,Inlet,2011,,,zinc,0.12,,false,,mg/L,,0.12,dmg-2011
dmg-2011,kalena-agrahara-kere-inlet,,Kalena Agrahara kere,Inlet,2011,,,lead,,,true,,mg/L,,Nil,dmg-2011
dmg-2011,kalena-agrahara-kere-inlet,,Kalena Agrahara kere,Inlet,2011,,,copper,,,true,,mg/L,,Nil,dmg-2011
dmg-2011,kalena-agrahara-kere-inlet,,Kalena Agrahara kere,Inlet,2011,,,manganese,0.35,,false,,mg/L,,0.35,dmg-2011
dmg-2011,kalkere-agara-kere-inlet,,Kalkere Agara Kere,Inlet,2011,,,chloride,204,,false,,mg/L,,204,dmg-2011
dmg-2011,kalkere-agara-kere-inlet,,Kalkere Agara Kere,Inlet,2011,,,phosphate,2,,false,,mg/L as P,,2,dmg-2011
dmg-2011,kalkere-agara-kere-inlet,,Kalkere Agara Kere,Inlet,2011,,,tss,2.5,,false,,mg/L,,2.5,dmg-2011
dmg-2011,kalkere-agara-kere-inlet,,Kalkere Agara Kere,Inlet,2011,,,dissolvedOxygen,1.4,,false,,mg/L,,1.4,dmg-2011
dmg-2011,kalkere-agara-kere-inlet,,Kalkere Agara Kere,Inlet,2011,,,cod,37.76,,false,,mg/L,,37 76,dmg-2011
dmg-2011,kalkere-agara-kere-inlet,,Kalkere Agara Kere,Inlet,2011,,,nitrate,7.23,,false,,mg/L as NO3,,7.23,dmg-2011
dmg-2011,kalkere-agara-kere-inlet,,Kalkere Agara Kere,Inlet,2011,,,totalHardness,340,,false,,mg/L as CaCO3,,340,dmg-2011
dmg-2011,kalkere-agara-kere-inlet,,Kalkere Agara Kere,Inlet,2011,,,fluoride,0.42,,false,,mg/L,,0.42,dmg-2011
dmg-2011,kalkere-agara-kere-inlet,,Kalkere Agara Kere,Inlet,2011,,,ph,7.63,,false,,,,7.63,dmg-2011
dmg-2011,kalkere-agara-kere-inlet,,Kalkere Agara Kere,Inlet,2011,,,zinc,0.13,,false,,mg/L,,0.13,dmg-2011
dmg-2011,kalkere-agara-kere-inlet,,Kalkere Agara Kere,Inlet,2011,,,lead,,,true,,mg/L,,Nil,dmg-2011
dmg-2011,kalkere-agara-kere-inlet,,Kalkere Agara Kere,Inlet,2011,,,copper,0.04,,false,,mg/L,,0.04,dmg-2011
dmg-2011,kalkere-agara-kere-inlet,,Kalkere Agara Kere,Inlet,2011,,,manganese,0.21,,false,,mg/L,,0.21,dmg-2011
dmg-2011,kalkere-agara-kere-inlet,,Kalkere Agara Kere,Inlet,2011,,,eColi,1600,,false,,MPN/100mL,,1600,dmg-2011
dmg-2011,kalkere-agara-kere-inlet,,Kalkere Agara Kere,Inlet,2011,,,totalColiform,1600,,false,,MPN/100mL,,1600,dmg-2011
dmg-2011,kamgondanahalli-kere-ragavendra-lyt-inlet,,Kamgondanahalli Kere (Ragavendra Lyt),Inlet.,2011,,,chloride,221,,false,,mg/L,,221,dmg-2011
dmg-2011,kamgondanahalli-kere-ragavendra-lyt-inlet,,Kamgondanahalli Kere (Ragavendra Lyt),Inlet.,2011,,,phosphate,5.11,,false,,mg/L as P,,5.11,dmg-2011
dmg-2011,kamgondanahalli-kere-ragavendra-lyt-inlet,,Kamgondanahalli Kere (Ragavendra Lyt),Inlet.,2011,,,tss,23,,false,,mg/L,,23,dmg-2011
dmg-2011,kamgondanahalli-kere-ragavendra-lyt-inlet,,Kamgondanahalli Kere (Ragavendra Lyt),Inlet.,2011,,,dissolvedOxygen,2.4,,false,,mg/L,,2.4,dmg-2011
dmg-2011,kamgondanahalli-kere-ragavendra-lyt-inlet,,Kamgondanahalli Kere (Ragavendra Lyt),Inlet.,2011,,,cod,38.40,,false,,mg/L,,38.40,dmg-2011
dmg-2011,kamgondanahalli-kere-ragavendra-lyt-inlet,,Kamgondanahalli Kere (Ragavendra Lyt),Inlet.,2011,,,nitrate,5.30,,false,,mg/L as NO3,,5.30,dmg-2011
dmg-2011,kamgondanahalli-kere-ragavendra-lyt-inlet,,Kamgondanahalli Kere (Ragavendra Lyt),Inlet.,2011,,,totalHardness,468,,false,,mg/L as CaCO3,,468,dmg-2011
dmg-2011,kamgondanahalli-kere-ragavendra-lyt-inlet,,Kamgondanahalli Kere (Ragavendra Lyt),Inlet.,2011,,,fluoride,0.37,,false,,mg/L,,0.37,dmg-2011
dmg-2011,kamgondanahalli-kere-ragavendra-lyt-inlet,,Kamgondanahalli Kere (Ragavendra Lyt),Inlet.,2011,,,ph,8.11,,false,,,,8.11,dmg-2011
dmg-2011,kamgondanahalli-kere-ragavendra-lyt-inlet,,Kamgondanahalli Kere (Ragavendra Lyt),Inlet.,2011,,,zinc,0.31,,false,,mg/L,,0.31,dmg-2011
dmg-2011,kamgondanahalli-kere-ragavendra-lyt-inlet,,Kamgondanahalli Kere (Ragavendra Lyt),Inlet.,2011,,,lead,,,true,,mg/L,,Nil,dmg-2011
dmg-2011,kamgondanahalli-kere-ragavendra-lyt-inlet,,Kamgondanahalli Kere (Ragavendra Lyt),Inlet.,2011,,,copper,,,true,,mg/L,,Nil,dmg-2011
dmg-2011,kamgondanahalli-kere-ragavendra-lyt-inlet,,Kamgondanahalli Kere (Ragavendra Lyt),Inlet.,2011,,,manganese,0.31,,false,,mg/L,,0.31,dmg-2011
dmg-2011,kamgondanahalli-kere-ragavendra-lyt-inlet,,Kamgondanahalli Kere (Ragavendra Lyt),Inlet.,2011,,,chromium,0.05,,false,,mg/L,,0.05,dmg-2011
dmg-2011,kasavanahalli-kere-inlet,,Kasavanahalli Kere,Inlet,2011,,,chloride,230,,false,,mg/L,,230,dmg-2011
dmg-2011,kasavanahalli-kere-inlet,,Kasavanahalli Kere,Inlet,2011,,,phosphate,0.01,,false,,mg/L as P,,0.01,dmg-2011
dmg-2011,kasavanahalli-kere-inlet,,Kasavanahalli Kere,Inlet,2011,,,tss,175.5,,false,,mg/L,,175.5,dmg-2011
dmg-2011,kasavanahalli-kere-inlet,,Kasavanahalli Kere,Inlet,2011,,,dissolvedOxygen,8.2,,false,,mg/L,,8.2,dmg-2011
dmg-2011,kasavanahalli-kere-inlet,,Kasavanahalli Kere,Inlet,2011,,,cod,57.60,,false,,mg/L,,57.60,dmg-2011
dmg-2011,kasavanahalli-kere-inlet,,Kasavanahalli Kere,Inlet,2011,,,nitrate,3.48,,false,,mg/L as NO3,,3.48,dmg-2011
dmg-2011,kasavanahalli-kere-inlet,,Kasavanahalli Kere,Inlet,2011,,,totalHardness,196,,false,,mg/L as CaCO3,,196,dmg-2011
dmg-2011,kasavanahalli-kere-inlet,,Kasavanahalli Kere,Inlet,2011,,,fluoride,0.51,,false,,mg/L,,0.51,dmg-2011
dmg-2011,kasavanahalli-kere-inlet,,Kasavanahalli Kere,Inlet,2011,,,ph,8.51,,false,,,,8.51,dmg-2011
dmg-2011,kasavanahalli-kere-inlet,,Kasavanahalli Kere,Inlet,2011,,,zinc,0.08,,false,,mg/L,,0.08,dmg-2011
dmg-2011,kasavanahalli-kere-inlet,,Kasavanahalli Kere,Inlet,2011,,,lead,,,true,,mg/L,,Nil,dmg-2011
dmg-2011,kasavanahalli-kere-inlet,,Kasavanahalli Kere,Inlet,2011,,,copper,,,true,,mg/L,,Nil,dmg-2011
dmg-2011,kasavanahalli-kere-inlet,,Kasavanahalli Kere,Inlet,2011,,,manganese,0.17,,false,,mg/L,,0.17,dmg-2011
dmg-2011,kattiganahalli-kere-inlel,,Kattiganahalli Kere,Inlel,2011,,,chloride,61.6,,false,,mg/L,,61.6,dmg-2011
dmg-2011,kattiganahalli-kere-inlel,,Kattiganahalli Kere,Inlel,2011,,,phosphate,0.01,,false,,mg/L as P,,0.01,dmg-2011
dmg-2011,kattiganahalli-kere-inlel,,Kattiganahalli Kere,Inlel,2011,,,tss,13,,false,,mg/L,,13,dmg-2011
dmg-2011,kattiganahalli-kere-inlel,,Kattiganahalli Kere,Inlel,2011,,,dissolvedOxygen,4.4,,false,,mg/L,,4.4,dmg-2011
dmg-2011,kattiganahalli-kere-inlel,,Kattiganahalli Kere,Inlel,2011,,,cod,19.20,,false,,mg/L,,19.20,dmg-2011
dmg-2011,kattiganahalli-kere-inlel,,Kattiganahalli Kere,Inlel,2011,,,nitrate,4.59,,false,,mg/L as NO3,,4.59,dmg-2011
dmg-2011,kattiganahalli-kere-inlel,,Kattiganahalli Kere,Inlel,2011,,,totalHardness,108,,false,,mg/L as CaCO3,,108,dmg-2011
dmg-2011,kattiganahalli-kere-inlel,,Kattiganahalli Kere,Inlel,2011,,,fluoride,0.45,,false,,mg/L,,0.45,dmg-2011
dmg-2011,kattiganahalli-kere-inlel,,Kattiganahalli Kere,Inlel,2011,,,ph,8.42,,false,,,,8.42,dmg-2011
dmg-2011,kattiganahalli-kere-inlel,,Kattiganahalli Kere,Inlel,2011,,,zinc,0.04,,false,,mg/L,,0.04,dmg-2011
dmg-2011,kattiganahalli-kere-inlel,,Kattiganahalli Kere,Inlel,2011,,,lead,,,true,,mg/L,,Nil,dmg-2011
dmg-2011,kattiganahalli-kere-inlel,,Kattiganahalli Kere,Inlel,2011,,,copper,,,true,,mg/L,,Nil,dmg-2011
dmg-2011,kattiganahalli-kere-inlel,,Kattiganahalli Kere,Inlel,2011,,,manganese,0.10,,false,,mg/L,,0.10,dmg-2011
dmg-2011,kembathanahalli-kere-inlet,,Kembathanahalli kere,Inlet,2011,,,chloride,140,,false,,mg/L,,140,dmg-2011
dmg-2011,kembathanahalli-kere-inlet,,Kembathanahalli kere,Inlet,2011,,,phosphate,0.21,,false,,mg/L as P,,0.21,dmg-2011
dmg-2011,kembathanahalli-kere-inlet,,Kembathanahalli kere,Inlet,2011,,,cod,20.00,,false,,mg/L,,20.00,dmg-2011
dmg-2011,kembathanahalli-kere-inlet,,Kembathanahalli kere,Inlet,2011,,,nitrate,4.85,,false,,mg/L as NO3,,4.85,dmg-2011
dmg-2011,kembathanahalli-kere-inlet,,Kembathanahalli kere,Inlet,2011,,,totalHardness,164,,false,,mg/L as CaCO3,,164,dmg-2011
dmg-2011,kembathanahalli-kere-inlet,,Kembathanahalli kere,Inlet,2011,,,fluoride,0.72,,false,,mg/L,,0.72,dmg-2011
dmg-2011,kembathanahalli-kere-inlet,,Kembathanahalli kere,Inlet,2011,,,ph,7.22,,false,,,,7.22,dmg-2011
dmg-2011,kembathnalli-kere-iii-inlet,,Kembathnalli kere III,Inlet,2011,,,chloride,30.8,,false,,mg/L,,30.8,dmg-2011
dmg-2011,kembathnalli-kere-iii-inlet,,Kembathnalli kere III,Inlet,2011,,,phosphate,0.11,,false,,mg/L as P,,0.11,dmg-2011
dmg-2011,kembathnalli-kere-iii-inlet,,Kembathnalli kere III,Inlet,2011,,,cod,20.00,,false,,mg/L,,20.00,dmg-2011
dmg-2011,kembathnalli-kere-iii-inlet,,Kembathnalli kere III,Inlet,2011,,,nitrate,63.11,,false,,mg/L as NO3,,63.11,dmg-2011
dmg-2011,kembathnalli-kere-iii-inlet,,Kembathnalli kere III,Inlet,2011,,,totalHardness,128,,false,,mg/L as CaCO3,,128,dmg-2011
dmg-2011,kembathnalli-kere-iii-inlet,,Kembathnalli kere III,Inlet,2011,,,fluoride,0.27,,false,,mg/L,,0.27,dmg-2011
dmg-2011,kembathnalli-kere-iii-inlet,,Kembathnalli kere III,Inlet,2011,,,ph,7.21,,false,,,,7.21,dmg-2011
dmg-2011,kengeri-kere-inlet,,Kengeri kere,Inlet,2011,,,chloride,238,,false,,mg/L,,238,dmg-2011
dmg-2011,kengeri-kere-inlet,,Kengeri kere,Inlet,2011,,,phosphate,0.2,,false,,mg/L as P,,0.2,dmg-2011
dmg-2011,kengeri-kere-inlet,,Kengeri kere,Inlet,2011,,,tss,280,,false,,mg/L,,280,dmg-2011
dmg-2011,kengeri-kere-inlet,,Kengeri kere,Inlet,2011,,,dissolvedOxygen,8,,false,,mg/L,,8,dmg-2011
dmg-2011,kengeri-kere-inlet,,Kengeri kere,Inlet,2011,,,cod,113.30,,false,,mg/L,,113.30,dmg-2011
dmg-2011,kengeri-kere-inlet,,Kengeri kere,Inlet,2011,,,nitrate,6.54,,false,,mg/L as NO3,,6.54,dmg-2011
dmg-2011,kengeri-kere-inlet,,Kengeri kere,Inlet,2011,,,totalHardness,200,,false,,mg/L as CaCO3,,200,dmg-2011
dmg-2011,kengeri-kere-inlet,,Kengeri kere,Inlet,2011,,,fluoride,0.71,,false,,mg/L,,0.71,dmg-2011
dmg-2011,kengeri-kere-inlet,,Kengeri kere,Inlet,2011,,,ph,9.65,,false,,,,9.65,dmg-2011
dmg-2011,kengeri-kere-inlet,,Kengeri kere,Inlet,2011,,,zinc,0.07,,false,,mg/L,,0.07,dmg-2011
dmg-2011,kengeri-kere-inlet,,Kengeri kere,Inlet,2011,,,lead,,,true,,mg/L,,Nil,dmg-2011
dmg-2011,kengeri-kere-inlet,,Kengeri kere,Inlet,2011,,,copper,0.02,,false,,mg/L,,0.02,dmg-2011
dmg-2011,kengeri-kere-inlet,,Kengeri kere,Inlet,2011,,,manganese,0.19,,false,,mg/L,,0.19,dmg-2011
dmg-2011,kengeri-kere-inlet,,Kengeri kere,Inlet,2011,,,eColi,1600,>,false,,MPN/100mL,,>1600,dmg-2011
dmg-2011,kengeri-kere-inlet,,Kengeri kere,Inlet,2011,,,totalColiform,1600,>,false,,MPN/100mL,,>1600,dmg-2011
dmg-2011,kodagi-singasandra-kere-inlet,,Kodagi Singasandra kere,Inlet,2011,,,chloride,274,,false,,mg/L,,274,dmg-2011
dmg-2011,kodagi-singasandra-kere-inlet,,Kodagi Singasandra kere,Inlet,2011,,,phosphate,0.01,,false,,mg/L as P,,0.01,dmg-2011
dmg-2011,kodagi-singasandra-kere-inlet,,Kodagi Singasandra kere,Inlet,2011,,,tss,29,,false,,mg/L,,29,dmg-2011
dmg-2011,kodagi-singasandra-kere-inlet,,Kodagi Singasandra kere,Inlet,2011,,,dissolvedOxygen,12.2,,false,,mg/L,,12.2,dmg-2011
dmg-2011,kodagi-singasandra-kere-inlet,,Kodagi Singasandra kere,Inlet,2011,,,cod,37.76,,false,,mg/L,,37.76,dmg-2011
dmg-2011,kodagi-singasandra-kere-inlet,,Kodagi Singasandra kere,Inlet,2011,,,nitrate,6.796,,false,,mg/L as NO3,,6.796,dmg-2011
dmg-2011,kodagi-singasandra-kere-inlet,,Kodagi Singasandra kere,Inlet,2011,,,totalHardness,192,,false,,mg/L as CaCO3,,192,dmg-2011
dmg-2011,kodagi-singasandra-kere-inlet,,Kodagi Singasandra kere,Inlet,2011,,,fluoride,0.92,,false,,mg/L,,0.92,dmg-2011
dmg-2011,kodagi-singasandra-kere-inlet,,Kodagi Singasandra kere,Inlet,2011,,,ph,9.14,,false,,,,9.14,dmg-2011
dmg-2011,kodagi-singasandra-kere-inlet,,Kodagi Singasandra kere,Inlet,2011,,,zinc,1.08,,false,,mg/L,,1.08,dmg-2011
dmg-2011,kodagi-singasandra-kere-inlet,,Kodagi Singasandra kere,Inlet,2011,,,lead,,,true,,mg/L,,Nil,dmg-2011
dmg-2011,kodagi-singasandra-kere-inlet,,Kodagi Singasandra kere,Inlet,2011,,,copper,,,true,,mg/L,,Nil,dmg-2011
dmg-2011,kodagi-singasandra-kere-inlet,,Kodagi Singasandra kere,Inlet,2011,,,manganese,0.09,,false,,mg/L,,0.09,dmg-2011
dmg-2011,konnapana-agrahara-inlet,,Konnapana agrahara,Inlet,2011,,,chloride,190.4,,false,,mg/L,,190.4,dmg-2011
dmg-2011,konnapana-agrahara-inlet,,Konnapana agrahara,Inlet,2011,,,phosphate,0.01,,false,,mg/L as P,,0.01,dmg-2011
dmg-2011,konnapana-agrahara-inlet,,Konnapana agrahara,Inlet,2011,,,tss,9,,false,,mg/L,,9,dmg-2011
dmg-2011,konnapana-agrahara-inlet,,Konnapana agrahara,Inlet,2011,,,dissolvedOxygen,4.2,,false,,mg/L,,4.2,dmg-2011
dmg-2011,konnapana-agrahara-inlet,,Konnapana agrahara,Inlet,2011,,,cod,,,true,,mg/L,,Nil,dmg-2011
dmg-2011,konnapana-agrahara-inlet,,Konnapana agrahara,Inlet,2011,,,nitrate,4.83,,false,,mg/L as NO3,,4.83,dmg-2011
dmg-2011,konnapana-agrahara-inlet,,Konnapana agrahara,Inlet,2011,,,totalHardness,184,,false,,mg/L as CaCO3,,184,dmg-2011
dmg-2011,konnapana-agrahara-inlet,,Konnapana agrahara,Inlet,2011,,,fluoride,0.68,,false,,mg/L,,0.68,dmg-2011
dmg-2011,konnapana-agrahara-inlet,,Konnapana agrahara,Inlet,2011,,,ph,8.32,,false,,,,8.32,dmg-2011
dmg-2011,konnapana-agrahara-inlet,,Konnapana agrahara,Inlet,2011,,,zinc,0.05,,false,,mg/L,,0.05,dmg-2011
dmg-2011,konnapana-agrahara-inlet,,Konnapana agrahara,Inlet,2011,,,lead,,,true,,mg/L,,Nil,dmg-2011
dmg-2011,konnapana-agrahara-inlet,,Konnapana agrahara,Inlet,2011,,,copper,,,true,,mg/L,,Nil,dmg-2011
dmg-2011,konnapana-agrahara-inlet,,Konnapana agrahara,Inlet,2011,,,manganese,,,true,,mg/L,,Nil,dmg-2011
dmg-2011,kottanur-kere-inlet,,Kottanur kere,Inlet,2011,,,chloride,199,,false,,mg/L,,199,dmg-2011
dmg-2011,kottanur-kere-inlet,,Kottanur kere,Inlet,2011,,,phosphate,0.05,,false,,mg/L as P,,0 05,dmg-2011
dmg-2011,kottanur-kere-inlet,,Kottanur kere,Inlet,2011,,,tss,7.5,,false,,mg/L,,7.5,dmg-2011
dmg-2011,kottanur-kere-inlet,,Kottanur kere,Inlet,2011,,,dissolvedOxygen,6.2,,false,,mg/L,,6.2,dmg-2011
dmg-2011,kottanur-kere-inlet,,Kottanur kere,Inlet,2011,,,cod,40.00,,false,,mg/L,,40.00,dmg-2011
dmg-2011,kottanur-kere-inlet,,Kottanur kere,Inlet,2011,,,nitrate,2.74,,false,,mg/L as NO3,,2.74,dmg-2011
dmg-2011,kottanur-kere-inlet,,Kottanur kere,Inlet,2011,,,totalHardness,188,,false,,mg/L as CaCO3,,188,dmg-2011
dmg-2011,kottanur-kere-inlet,,Kottanur kere,Inlet,2011,,,fluoride,0.68,,false,,mg/L,,0.68,dmg-2011
dmg-2011,kottanur-kere-inlet,,Kottanur kere,Inlet,2011,,,ph,8.35,,false,,,,8.35,dmg-2011
dmg-2011,kottanur-kere-inlet,,Kottanur kere,Inlet,2011,,,zinc,0.16,,false,,mg/L,,0.16,dmg-2011
dmg-2011,kottanur-kere-inlet,,Kottanur kere,Inlet,2011,,,lead,,,true,,mg/L,,Nil,dmg-2011
dmg-2011,kottanur-kere-inlet,,Kottanur kere,Inlet,2011,,,copper,,,true,,mg/L,,Nil,dmg-2011
dmg-2011,kottanur-kere-inlet,,Kottanur kere,Inlet,2011,,,manganese,0.25,,false,,mg/L,,0.25,dmg-2011
dmg-2011,kottanur-kere-inlet,,Kottanur kere,Inlet,2011,,,chromium,,,true,,mg/L,,Nil,dmg-2011
dmg-2011,kr-puram-beml-outlet,,KR Puram (BEML),Outlet,2011,,,chloride,157,,false,,mg/L,,157,dmg-2011
dmg-2011,kr-puram-beml-outlet,,KR Puram (BEML),Outlet,2011,,,phosphate,2.55,,false,,mg/L as P,,2.55,dmg-2011
dmg-2011,kr-puram-beml-outlet,,KR Puram (BEML),Outlet,2011,,,tss,15,,false,,mg/L,,15,dmg-2011
dmg-2011,kr-puram-beml-outlet,,KR Puram (BEML),Outlet,2011,,,cod,76.80,,false,,mg/L,,76.80,dmg-2011
dmg-2011,kr-puram-beml-outlet,,KR Puram (BEML),Outlet,2011,,,nitrate,4.715,,false,,mg/L as NO3,,4.715,dmg-2011
dmg-2011,kr-puram-beml-outlet,,KR Puram (BEML),Outlet,2011,,,totalHardness,284,,false,,mg/L as CaCO3,,284,dmg-2011
dmg-2011,kr-puram-beml-outlet,,KR Puram (BEML),Outlet,2011,,,fluoride,0.54,,false,,mg/L,,0.54,dmg-2011
dmg-2011,kr-puram-beml-outlet,,KR Puram (BEML),Outlet,2011,,,ph,8.19,,false,,,,8.19,dmg-2011
dmg-2011,kr-puram-beml-outlet,,KR Puram (BEML),Outlet,2011,,,zinc,0.06,,false,,mg/L,,0.06,dmg-2011
dmg-2011,kr-puram-beml-outlet,,KR Puram (BEML),Outlet,2011,,,lead,,,true,,mg/L,,Nil,dmg-2011
dmg-2011,kr-puram-beml-outlet,,KR Puram (BEML),Outlet,2011,,,copper,,,true,,mg/L,,Nil,dmg-2011
dmg-2011,kr-puram-beml-outlet,,KR Puram (BEML),Outlet,2011,,,manganese,1.80,,false,,mg/L,,1.80,dmg-2011
dmg-2011,kb-purara-bliml-inlet,,KB Purara (BliML),Inlet,2011,,,chloride,154,,false,,mg/L,,154,dmg-2011
dmg-2011,kb-purara-bliml-inlet,,KB Purara (BliML),Inlet,2011,,,phosphate,5.11,,false,,mg/L as P,,5.11,dmg-2011
dmg-2011,kb-purara-bliml-inlet,,KB Purara (BliML),Inlet,2011,,,tss,1.5,,false,,mg/L,,1.5,dmg-2011
dmg-2011,kb-purara-bliml-inlet,,KB Purara (BliML),Inlet,2011,,,dissolvedOxygen,4.8,,false,,mg/L,,4.8,dmg-2011
dmg-2011,kb-purara-bliml-inlet,,KB Purara (BliML),Inlet,2011,,,nitrate,6.88,,false,,mg/L as NO3,,6.88,dmg-2011
dmg-2011,kb-purara-bliml-inlet,,KB Purara (BliML),Inlet,2011,,,totalHardness,272,,false,,mg/L as CaCO3,,272,dmg-2011
dmg-2011,kb-purara-bliml-inlet,,KB Purara (BliML),Inlet,2011,,,fluoride,0.51,,false,,mg/L,,0.51,dmg-2011
dmg-2011,kb-purara-bliml-inlet,,KB Purara (BliML),Inlet,2011,,,ph,8.23,,false,,,,8.23,dmg-2011
dmg-2011,kb-purara-bliml-inlet,,KB Purara (BliML),Inlet,2011,,,zinc,0.08,,false,,mg/L,,0.08,dmg-2011
dmg-2011,kb-purara-bliml-inlet,,KB Purara (BliML),Inlet,2011,,,lead,,,true,,mg/L,,Nil,dmg-2011
dmg-2011,kb-purara-bliml-inlet,,KB Purara (BliML),Inlet,2011,,,copper,,,true,,mg/L,,Nil,dmg-2011
dmg-2011,kb-purara-bliml-inlet,,KB Purara (BliML),Inlet,2011,,,manganese,0.20,,false,,mg/L,,0.20,dmg-2011
dmg-2011,kudlu-dodda-kere-inlet,,Kudlu dodda kere,Inlet,2011,,,chloride,297,,false,,mg/L,,297,dmg-2011
dmg-2011,kudlu-dodda-kere-inlet,,Kudlu dodda kere,Inlet,2011,,,phosphate,2.01,,false,,mg/L as P,,2.01,dmg-2011
dmg-2011,kudlu-dodda-kere-inlet,,Kudlu dodda kere,Inlet,2011,,,tss,99,,false,,mg/L,,99,dmg-2011
dmg-2011,kudlu-dodda-kere-inlet,,Kudlu dodda kere,Inlet,2011,,,cod,38.40,,false,,mg/L,,38.40,dmg-2011
dmg-2011,kudlu-dodda-kere-inlet,,Kudlu dodda kere,Inlet,2011,,,nitrate,2.35,,false,,mg/L as NO3,,2.35,dmg-2011
dmg-2011,kudlu-dodda-kere-inlet,,Kudlu dodda kere,Inlet,2011,,,totalHardness,248,,false,,mg/L as CaCO3,,248,dmg-2011
dmg-2011,kudlu-dodda-kere-inlet,,Kudlu dodda kere,Inlet,2011,,,fluoride,0.43,,false,,mg/L,,0.43,dmg-2011
dmg-2011,kudlu-dodda-kere-inlet,,Kudlu dodda kere,Inlet,2011,,,ph,8.87,,false,,,,8.87,dmg-2011
dmg-2011,kudlu-dodda-kere-inlet,,Kudlu dodda kere,Inlet,2011,,,zinc,0.14,,false,,mg/L,,0.14,dmg-2011
dmg-2011,kudlu-dodda-kere-inlet,,Kudlu dodda kere,Inlet,2011,,,lead,,,true,,mg/L,,Nil,dmg-2011
dmg-2011,kudlu-dodda-kere-inlet,,Kudlu dodda kere,Inlet,2011,,,copper,,,true,,mg/L,,Nil,dmg-2011
dmg-2011,kudlu-dodda-kere-inlet,,Kudlu dodda kere,Inlet,2011,,,manganese,0.22,,false,,mg/L,,0.22,dmg-2011
dmg-2011,kudlu-dodda-kere-outlet,,Kudlu dodda kere,Outlet,2011,,,chloride,288,,false,,mg/L,,288,dmg-2011
dmg-2011,kudlu-dodda-kere-outlet,,Kudlu dodda kere,Outlet,2011,,,phosphate,2.5,,false,,mg/L as P,,2.5,dmg-2011
dmg-2011,kudlu-dodda-kere-outlet,,Kudlu dodda kere,Outlet,2011,,,tss,6.723,,false,,mg/L,,6.723,dmg-2011
dmg-2011,kudlu-dodda-kere-outlet,,Kudlu dodda kere,Outlet,2011,,,dissolvedOxygen,7.6,,false,,mg/L,,7.6,dmg-2011
dmg-2011,kudlu-dodda-kere-outlet,,Kudlu dodda kere,Outlet,2011,,,cod,480,,false,,mg/L,,480,dmg-2011
dmg-2011,kudlu-dodda-kere-outlet,,Kudlu dodda kere,Outlet,2011,,,nitrate,5.41,,false,,mg/L as NO3,,5.41,dmg-2011
dmg-2011,kudlu-dodda-kere-outlet,,Kudlu dodda kere,Outlet,2011,,,totalHardness,284,,false,,mg/L as CaCO3,,284,dmg-2011
dmg-2011,kudlu-dodda-kere-outlet,,Kudlu dodda kere,Outlet,2011,,,fluoride,0.15,,false,,mg/L,,0.15,dmg-2011
dmg-2011,kudlu-dodda-kere-outlet,,Kudlu dodda kere,Outlet,2011,,,ph,9.27,,false,,,,9.27,dmg-2011
dmg-2011,kudlu-dodda-kere-outlet,,Kudlu dodda kere,Outlet,2011,,,zinc,0.09,,false,,mg/L,,0.09,dmg-2011
dmg-2011,kudlu-dodda-kere-outlet,,Kudlu dodda kere,Outlet,2011,,,lead,,,true,,mg/L,,Nil,dmg-2011
dmg-2011,kudlu-dodda-kere-outlet,,Kudlu dodda kere,Outlet,2011,,,copper,,,true,,mg/L,,Nil,dmg-2011
dmg-2011,kudlu-dodda-kere-outlet,,Kudlu dodda kere,Outlet,2011,,,manganese,0.07,,false,,mg/L,,0.07,dmg-2011
dmg-2011,kundala-halli-kere-outlet,,Kundala Halli Kere,Outlet,2011,,,chloride,255,,false,,mg/L,,255,dmg-2011
dmg-2011,kundala-halli-kere-outlet,,Kundala Halli Kere,Outlet,2011,,,phosphate,0.2,,false,,mg/L as P,,0.2,dmg-2011
dmg-2011,kundala-halli-kere-outlet,,Kundala Halli Kere,Outlet,2011,,,tss,435.5,,false,,mg/L,,435.5,dmg-2011
dmg-2011,kundala-halli-kere-outlet,,Kundala Halli Kere,Outlet,2011,,,nitrate,3.03,,false,,mg/L as NO3,,3 03,dmg-2011
dmg-2011,kundala-halli-kere-outlet,,Kundala Halli Kere,Outlet,2011,,,totalHardness,216,,false,,mg/L as CaCO3,,216,dmg-2011
dmg-2011,kundala-halli-kere-outlet,,Kundala Halli Kere,Outlet,2011,,,fluoride,0.64,,false,,mg/L,,0.64,dmg-2011
dmg-2011,kundala-halli-kere-outlet,,Kundala Halli Kere,Outlet,2011,,,ph,8.64,,false,,,,8.64,dmg-2011
dmg-2011,kundala-halli-kere-outlet,,Kundala Halli Kere,Outlet,2011,,,zinc,0.05,,false,,mg/L,,0.05,dmg-2011
dmg-2011,kundala-halli-kere-outlet,,Kundala Halli Kere,Outlet,2011,,,lead,,,true,,mg/L,,Nil,dmg-2011
dmg-2011,kundala-halli-kere-outlet,,Kundala Halli Kere,Outlet,2011,,,copper,0.02,,false,,mg/L,,0.02,dmg-2011
dmg-2011,kundala-halli-kere-outlet,,Kundala Halli Kere,Outlet,2011,,,manganese,0.03,,false,,mg/L,,0.03,dmg-2011
dmg-2011,kundala-halli-kere-middle,,Kundala Halli Kere,Middle,2011,,,chloride,224,,false,,mg/L,,224,dmg-2011
dmg-2011,kundala-halli-kere-middle,,Kundala Halli Kere,Middle,2011,,,phosphate,0.5,,false,,mg/L as P,,0.5,dmg-2011
dmg-2011,kundala-halli-kere-middle,,Kundala Halli Kere,Middle,2011,,,tss,1590,,false,,mg/L,,1590,dmg-2011
dmg-2011,kundala-halli-kere-middle,,Kundala Halli Kere,Middle,2011,,,cod,18.88,,false,,mg/L,,18.88,dmg-2011
dmg-2011,kundala-halli-kere-middle,,Kundala Halli Kere,Middle,2011,,,nitrate,4.74,,false,,mg/L as NO3,,4.74,dmg-2011
dmg-2011,kundala-halli-kere-middle,,Kundala Halli Kere,Middle,2011,,,totalHardness,264,,false,,mg/L as CaCO3,,264,dmg-2011
dmg-2011,kundala-halli-kere-middle,,Kundala Halli Kere,Middle,2011,,,fluoride,0.34,,false,,mg/L,,0.34,dmg-2011
dmg-2011,kundala-halli-kere-middle,,Kundala Halli Kere,Middle,2011,,,ph,7.99,,false,,,,7.99,dmg-2011
dmg-2011,kundala-halli-kere-middle,,Kundala Halli Kere,Middle,2011,,,zinc,0.04,,false,,mg/L,,0.04,dmg-2011
dmg-2011,kundala-halli-kere-middle,,Kundala Halli Kere,Middle,2011,,,lead,,,true,,mg/L,,Nil,dmg-2011
dmg-2011,kundala-halli-kere-middle,,Kundala Halli Kere,Middle,2011,,,copper,0.02,,false,,mg/L,,0.02,dmg-2011
dmg-2011,kundala-halli-kere-middle,,Kundala Halli Kere,Middle,2011,,,manganese,0.04,,false,,mg/L,,0.04,dmg-2011
dmg-2011,kundala-halli-kere-inlet,,Kundala Halli Kere,Inlet,2011,,,chloride,224,,false,,mg/L,,224,dmg-2011
dmg-2011,kundala-halli-kere-inlet,,Kundala Halli Kere,Inlet,2011,,,phosphate,0.5,,false,,mg/L as P,,0.5,dmg-2011
dmg-2011,kundala-halli-kere-inlet,,Kundala Halli Kere,Inlet,2011,,,tss,865,,false,,mg/L,,865,dmg-2011
dmg-2011,kundala-halli-kere-inlet,,Kundala Halli Kere,Inlet,2011,,,dissolvedOxygen,2.6,,false,,mg/L,,2.6,dmg-2011
dmg-2011,kundala-halli-kere-inlet,,Kundala Halli Kere,Inlet,2011,,,cod,0.00,,false,,mg/L,,0.00,dmg-2011
dmg-2011,kundala-halli-kere-inlet,,Kundala Halli Kere,Inlet,2011,,,nitrate,4.96,,false,,mg/L as NO3,,4.96,dmg-2011
dmg-2011,kundala-halli-kere-inlet,,Kundala Halli Kere,Inlet,2011,,,totalHardness,248,,false,,mg/L as CaCO3,,248,dmg-2011
dmg-2011,kundala-halli-kere-inlet,,Kundala Halli Kere,Inlet,2011,,,fluoride,0.33,,false,,mg/L,,0.33,dmg-2011
dmg-2011,kundala-halli-kere-inlet,,Kundala Halli Kere,Inlet,2011,,,ph,8.20,,false,,,,8.20,dmg-2011
dmg-2011,kundala-halli-kere-inlet,,Kundala Halli Kere,Inlet,2011,,,zinc,0.05,,false,,mg/L,,0.05,dmg-2011
dmg-2011,kundala-halli-kere-inlet,,Kundala Halli Kere,Inlet,2011,,,lead,,,true,,mg/L,,Nil,dmg-2011
dmg-2011,kundala-halli-kere-inlet,,Kundala Halli Kere,Inlet,2011,,,copper,0.02,,false,,mg/L,,0.02,dmg-2011
dmg-2011,kundala-halli-kere-inlet,,Kundala Halli Kere,Inlet,2011,,,manganese,0.02,,false,,mg/L,,0.02,dmg-2011
dmg-2011,kundala-halli-kere-inlet,,Kundala Halli Kere,Inlet,2011,,,eColi,1600,>,false,,MPN/100mL,,>1600,dmg-2011
dmg-2011,kundala-halli-kere-inlet,,Kundala Halli Kere,Inlet,2011,,,totalColiform,1600,>,false,,MPN/100mL,,>1600,dmg-2011
dmg-2011,lalbagh-kere-inlet,,Lalbagh Kere,Inlet,2011,,,chloride,67,,false,,mg/L,,67,dmg-2011
dmg-2011,lalbagh-kere-inlet,,Lalbagh Kere,Inlet,2011,,,phosphate,0.01,,false,,mg/L as P,,0.01,dmg-2011
dmg-2011,lalbagh-kere-inlet,,Lalbagh Kere,Inlet,2011,,,tss,43.5,,false,,mg/L,,43.5,dmg-2011
dmg-2011,lalbagh-kere-inlet,,Lalbagh Kere,Inlet,2011,,,dissolvedOxygen,4.8,,false,,mg/L,,4.8,dmg-2011
dmg-2011,lalbagh-kere-inlet,,Lalbagh Kere,Inlet,2011,,,cod,,,true,,mg/L,,Nil,dmg-2011
dmg-2011,lalbagh-kere-inlet,,Lalbagh Kere,Inlet,2011,,,nitrate,2.14,,false,,mg/L as NO3,,2.14,dmg-2011
dmg-2011,lalbagh-kere-inlet,,Lalbagh Kere,Inlet,2011,,,totalHardness,136,,false,,mg/L as CaCO3,,136,dmg-2011
dmg-2011,lalbagh-kere-inlet,,Lalbagh Kere,Inlet,2011,,,fluoride,0.53,,false,,mg/L,,0.53,dmg-2011
dmg-2011,lalbagh-kere-inlet,,Lalbagh Kere,Inlet,2011,,,ph,9.00,,false,,,,9.00,dmg-2011
dmg-2011,lalbagh-kere-inlet,,Lalbagh Kere,Inlet,2011,,,zinc,0.05,,false,,mg/L,,0.05,dmg-2011
dmg-2011,lalbagh-kere-inlet,,Lalbagh Kere,Inlet,2011,,,lead,,,true,,mg/L,,Nil,dmg-2011
dmg-2011,lalbagh-kere-inlet,,Lalbagh Kere,Inlet,2011,,,copper,,,true,,mg/L,,Nil,dmg-2011
dmg-2011,lalbagh-kere-inlet,,Lalbagh Kere,Inlet,2011,,,manganese,0.03,,false,,mg/L,,0.03,dmg-2011
dmg-2011,lingadeeranahalli-kere-inlet,,Lingadeeranahalli kere,Inlet,2011,,,chloride,16.8,,false,,mg/L,,16.8,dmg-2011
dmg-2011,lingadeeranahalli-kere-inlet,,Lingadeeranahalli kere,Inlet,2011,,,phosphate,0.2,,false,,mg/L as P,,0.2,dmg-2011
dmg-2011,lingadeeranahalli-kere-inlet,,Lingadeeranahalli kere,Inlet,2011,,,tss,20.8,,false,,mg/L,,20.8,dmg-2011
dmg-2011,lingadeeranahalli-kere-inlet,,Lingadeeranahalli kere,Inlet,2011,,,dissolvedOxygen,4.4,,false,,mg/L,,4.4,dmg-2011
dmg-2011,lingadeeranahalli-kere-inlet,,Lingadeeranahalli kere,Inlet,2011,,,cod,,,true,,mg/L,,Nil,dmg-2011
dmg-2011,lingadeeranahalli-kere-inlet,,Lingadeeranahalli kere,Inlet,2011,,,nitrate,5.02,,false,,mg/L as NO3,,5.02,dmg-2011
dmg-2011,lingadeeranahalli-kere-inlet,,Lingadeeranahalli kere,Inlet,2011,,,totalHardness,172,,false,,mg/L as CaCO3,,172,dmg-2011
dmg-2011,lingadeeranahalli-kere-inlet,,Lingadeeranahalli kere,Inlet,2011,,,fluoride,0.32,,false,,mg/L,,0.32,dmg-2011
dmg-2011,lingadeeranahalli-kere-inlet,,Lingadeeranahalli kere,Inlet,2011,,,ph,7.51,,false,,,,7.51,dmg-2011
dmg-2011,lingadeeranahalli-kere-inlet,,Lingadeeranahalli kere,Inlet,2011,,,zinc,0.06,,false,,mg/L,,0.06,dmg-2011
dmg-2011,lingadeeranahalli-kere-inlet,,Lingadeeranahalli kere,Inlet,2011,,,lead,,,true,,mg/L,,Nil,dmg-2011
dmg-2011,lingadeeranahalli-kere-inlet,,Lingadeeranahalli kere,Inlet,2011,,,copper,,,true,,mg/L,,Nil,dmg-2011
dmg-2011,lingadeeranahalli-kere-inlet,,Lingadeeranahalli kere,Inlet,2011,,,manganese,0.45,,false,,mg/L,,0.45,dmg-2011
dmg-2011,lingadeeranahalli-kere-andrahalli-inlet,,Lingadeeranahalli kere (Andrahalli),Inlet,2011,,,chloride,358,,false,,mg/L,,358,dmg-2011
dmg-2011,lingadeeranahalli-kere-andrahalli-inlet,,Lingadeeranahalli kere (Andrahalli),Inlet,2011,,,phosphate,0.2,,false,,mg/L as P,,0.2,dmg-2011
dmg-2011,lingadeeranahalli-kere-andrahalli-inlet,,Lingadeeranahalli kere (Andrahalli),Inlet,2011,,,tss,118,,false,,mg/L,,118,dmg-2011
dmg-2011,lingadeeranahalli-kere-andrahalli-inlet,,Lingadeeranahalli kere (Andrahalli),Inlet,2011,,,cod,18.88,,false,,mg/L,,18.88,dmg-2011
dmg-2011,lingadeeranahalli-kere-andrahalli-inlet,,Lingadeeranahalli kere (Andrahalli),Inlet,2011,,,nitrate,7.34,,false,,mg/L as NO3,,7.34,dmg-2011
dmg-2011,lingadeeranahalli-kere-andrahalli-inlet,,Lingadeeranahalli kere (Andrahalli),Inlet,2011,,,totalHardness,596,,false,,mg/L as CaCO3,,596,dmg-2011
dmg-2011,lingadeeranahalli-kere-andrahalli-inlet,,Lingadeeranahalli kere (Andrahalli),Inlet,2011,,,fluoride,4.41,,false,,mg/L,,4.41,dmg-2011
dmg-2011,lingadeeranahalli-kere-andrahalli-inlet,,Lingadeeranahalli kere (Andrahalli),Inlet,2011,,,ph,8.26,,false,,,,8.26,dmg-2011
dmg-2011,lingadeeranahalli-kere-andrahalli-inlet,,Lingadeeranahalli kere (Andrahalli),Inlet,2011,,,zinc,0.25,,false,,mg/L,,0.25,dmg-2011
dmg-2011,lingadeeranahalli-kere-andrahalli-inlet,,Lingadeeranahalli kere (Andrahalli),Inlet,2011,,,lead,,,true,,mg/L,,Nil,dmg-2011
dmg-2011,lingadeeranahalli-kere-andrahalli-inlet,,Lingadeeranahalli kere (Andrahalli),Inlet,2011,,,copper,0.01,,false,,mg/L,,0.01,dmg-2011
dmg-2011,lingadeeranahalli-kere-andrahalli-inlet,,Lingadeeranahalli kere (Andrahalli),Inlet,2011,,,manganese,0.60,,false,,mg/L,,0.60,dmg-2011
dmg-2011,lingadeeranahalli-kere-andrahalli-inlet,,Lingadeeranahalli kere (Andrahalli),Inlet,2011,,,aluminium,1.29,,false,,mg/L,,1.29,dmg-2011
dmg-2011,lingadeeranahalli-kere-andrahalli-inlet,,Lingadeeranahalli kere (Andrahalli),Inlet,2011,,,eColi,160000,,false,,MPN/100mL,,160000,dmg-2011
dmg-2011,lingadeeranahalli-kere-andrahalli-inlet,,Lingadeeranahalli kere (Andrahalli),Inlet,2011,,,totalColiform,160000,,false,,MPN/100mL,,160000,dmg-2011
dmg-2011,lingadeeranahalli-kere-andrahalli-outlet,,Lingadeeranahalli kere (Andrahalli),Outlet,2011,,,chloride,339,,false,,mg/L,,339,dmg-2011
dmg-2011,lingadeeranahalli-kere-andrahalli-outlet,,Lingadeeranahalli kere (Andrahalli),Outlet,2011,,,totalHardness,396,,false,,mg/L as CaCO3,,396,dmg-2011
dmg-2011,lingadeeranahalli-kere-andrahalli-outlet,,Lingadeeranahalli kere (Andrahalli),Outlet,2011,,,zinc,0.01,,false,,mg/L,,0.01,dmg-2011
dmg-2011,lingadeeranahalli-kere-andrahalli-outlet,,Lingadeeranahalli kere (Andrahalli),Outlet,2011,,,lead,0.01,,false,,mg/L,,0.01,dmg-2011
dmg-2011,lingadeeranahalli-kere-andrahalli-outlet,,Lingadeeranahalli kere (Andrahalli),Outlet,2011,,,copper,0.02,,false,,mg/L,,0.02,dmg-2011
dmg-2011,lingadeeranahalli-kere-andrahalli-outlet,,Lingadeeranahalli kere (Andrahalli),Outlet,2011,,,manganese,0.40,,false,,mg/L,,0.40,dmg-2011
dmg-2011,lingadeeranahalli-kere-andrahalli-outlet,,Lingadeeranahalli kere (Andrahalli),Outlet,2011,,,aluminium,1.13,,false,,mg/L,,1.13,dmg-2011
dmg-2011,madivala-tank-middle,,Madivala tank,Middle,2011,,,chloride,140,,false,,mg/L,,140,dmg-2011
dmg-2011,madivala-tank-middle,,Madivala tank,Middle,2011,,,phosphate,0.01,,false,,mg/L as P,,0.01,dmg-2011
dmg-2011,madivala-tank-middle,,Madivala tank,Middle,2011,,,tss,10,,false,,mg/L,,10,dmg-2011
dmg-2011,madivala-tank-middle,,Madivala tank,Middle,2011,,,cod,18.88,,false,,mg/L,,18.88,dmg-2011
dmg-2011,madivala-tank-middle,,Madivala tank,Middle,2011,,,nitrate,4.21,,false,,mg/L as NO3,,4.21,dmg-2011
dmg-2011,madivala-tank-middle,,Madivala tank,Middle,2011,,,totalHardness,212,,false,,mg/L as CaCO3,,212,dmg-2011
dmg-2011,madivala-tank-middle,,Madivala tank,Middle,2011,,,fluoride,0.36,,false,,mg/L,,0.36,dmg-2011
dmg-2011,madivala-tank-middle,,Madivala tank,Middle,2011,,,ph,8.36,,false,,,,8.36,dmg-2011
dmg-2011,madivala-tank-middle,,Madivala tank,Middle,2011,,,zinc,0.06,,false,,mg/L,,0.06,dmg-2011
dmg-2011,madivala-tank-middle,,Madivala tank,Middle,2011,,,lead,,,true,,mg/L,,Nil,dmg-2011
dmg-2011,madivala-tank-middle,,Madivala tank,Middle,2011,,,copper,,,true,,mg/L,,Nil,dmg-2011
dmg-2011,madivala-tank-middle,,Madivala tank,Middle,2011,,,manganese,0.12,,false,,mg/L,,0.12,dmg-2011
dmg-2011,madivala-tank-outlet,,Madivala tank,Outlet,2011,,,chloride,151,,false,,mg/L,,151,dmg-2011
dmg-2011,madivala-tank-outlet,,Madivala tank,Outlet,2011,,,phosphate,0.2,,false,,mg/L as P,,0.2,dmg-2011
dmg-2011,madivala-tank-outlet,,Madivala tank,Outlet,2011,,,tss,6,,false,,mg/L,,6,dmg-2011
dmg-2011,madivala-tank-outlet,,Madivala tank,Outlet,2011,,,cod,56.64,,false,,mg/L,,56.64,dmg-2011
dmg-2011,madivala-tank-outlet,,Madivala tank,Outlet,2011,,,nitrate,5.06,,false,,mg/L as NO3,,5.06,dmg-2011
dmg-2011,madivala-tank-outlet,,Madivala tank,Outlet,2011,,,totalHardness,204,,false,,mg/L as CaCO3,,204,dmg-2011
dmg-2011,madivala-tank-outlet,,Madivala tank,Outlet,2011,,,fluoride,0.37,,false,,mg/L,,0.37,dmg-2011
dmg-2011,madivala-tank-outlet,,Madivala tank,Outlet,2011,,,ph,7.37,,false,,,,7.37,dmg-2011
dmg-2011,madivala-tank-outlet,,Madivala tank,Outlet,2011,,,zinc,0.07,,false,,mg/L,,0.07,dmg-2011
dmg-2011,madivala-tank-outlet,,Madivala tank,Outlet,2011,,,lead,,,true,,mg/L,,Nil,dmg-2011
dmg-2011,madivala-tank-outlet,,Madivala tank,Outlet,2011,,,copper,,,true,,mg/L,,Nil,dmg-2011
dmg-2011,madivala-tank-outlet,,Madivala tank,Outlet,2011,,,manganese,0.11,,false,,mg/L,,0.11,dmg-2011
dmg-2011,madivala-tank-inlet,,Madivala tank,Inlet,2011,,,chloride,112,,false,,mg/L,,112,dmg-2011
dmg-2011,madivala-tank-inlet,,Madivala tank,Inlet,2011,,,phosphate,1,,false,,mg/L as P,,1,dmg-2011
dmg-2011,madivala-tank-inlet,,Madivala tank,Inlet,2011,,,tss,265,,false,,mg/L,,265,dmg-2011
dmg-2011,madivala-tank-inlet,,Madivala tank,Inlet,2011,,,dissolvedOxygen,,,true,,mg/L,,Nil,dmg-2011
dmg-2011,madivala-tank-inlet,,Madivala tank,Inlet,2011,,,cod,227.00,,false,,mg/L,,227.00,dmg-2011
dmg-2011,madivala-tank-inlet,,Madivala tank,Inlet,2011,,,nitrate,15.83,,false,,mg/L as NO3,,15.83,dmg-2011
dmg-2011,madivala-tank-inlet,,Madivala tank,Inlet,2011,,,totalHardness,220,,false,,mg/L as CaCO3,,220,dmg-2011
dmg-2011,madivala-tank-inlet,,Madivala tank,Inlet,2011,,,fluoride,0.36,,false,,mg/L,,0.36,dmg-2011
dmg-2011,madivala-tank-inlet,,Madivala tank,Inlet,2011,,,ph,7.16,,false,,,,7.16,dmg-2011
dmg-2011,madivala-tank-inlet,,Madivala tank,Inlet,2011,,,zinc,0.50,,false,,mg/L,,0.50,dmg-2011
dmg-2011,madivala-tank-inlet,,Madivala tank,Inlet,2011,,,lead,,,true,,mg/L,,Nil,dmg-2011
dmg-2011,madivala-tank-inlet,,Madivala tank,Inlet,2011,,,copper,0.08,,false,,mg/L,,0.08,dmg-2011
dmg-2011,madivala-tank-inlet,,Madivala tank,Inlet,2011,,,manganese,0.24,,false,,mg/L,,0.24,dmg-2011
dmg-2011,madivala-tank-inlet,,Madivala tank,Inlet,2011,,,eColi,160000,,false,,MPN/100mL,,160000,dmg-2011
dmg-2011,madivala-tank-inlet,,Madivala tank,Inlet,2011,,,totalColiform,160000,,false,,MPN/100mL,,160000,dmg-2011
dmg-2011,mailasandra-kere-sunakal-palya-kere-outlet,,Mailasandra kere (Sunakal palya kere),Outlet,2011,,,chloride,67.2,,false,,mg/L,,67.2,dmg-2011
dmg-2011,mailasandra-kere-sunakal-palya-kere-outlet,,Mailasandra kere (Sunakal palya kere),Outlet,2011,,,phosphate,0.05,,false,,mg/L as P,,0.05,dmg-2011
dmg-2011,mailasandra-kere-sunakal-palya-kere-outlet,,Mailasandra kere (Sunakal palya kere),Outlet,2011,,,tss,45,,false,,mg/L,,45,dmg-2011
dmg-2011,mailasandra-kere-sunakal-palya-kere-outlet,,Mailasandra kere (Sunakal palya kere),Outlet,2011,,,cod,18.88,,false,,mg/L,,18.88,dmg-2011
dmg-2011,mailasandra-kere-sunakal-palya-kere-outlet,,Mailasandra kere (Sunakal palya kere),Outlet,2011,,,nitrate,8.08,,false,,mg/L as NO3,,8.08,dmg-2011
dmg-2011,mailasandra-kere-sunakal-palya-kere-outlet,,Mailasandra kere (Sunakal palya kere),Outlet,2011,,,totalHardness,92,,false,,mg/L as CaCO3,,92,dmg-2011
dmg-2011,mailasandra-kere-sunakal-palya-kere-outlet,,Mailasandra kere (Sunakal palya kere),Outlet,2011,,,fluoride,0.90,,false,,mg/L,,0.90,dmg-2011
dmg-2011,mailasandra-kere-sunakal-palya-kere-outlet,,Mailasandra kere (Sunakal palya kere),Outlet,2011,,,ph,0.30,,false,,,,0.30,dmg-2011
dmg-2011,mailasandra-kere-sunakal-palya-kere-outlet,,Mailasandra kere (Sunakal palya kere),Outlet,2011,,,zinc,0.06,,false,,mg/L,,0 06,dmg-2011
dmg-2011,mailasandra-kere-sunakal-palya-kere-outlet,,Mailasandra kere (Sunakal palya kere),Outlet,2011,,,lead,,,true,,mg/L,,Nil,dmg-2011
dmg-2011,mailasandra-kere-sunakal-palya-kere-outlet,,Mailasandra kere (Sunakal palya kere),Outlet,2011,,,copper,0.01,,false,,mg/L,,0.01,dmg-2011
dmg-2011,mailasandra-kere-sunakal-palya-kere-outlet,,Mailasandra kere (Sunakal palya kere),Outlet,2011,,,manganese,0.24,,false,,mg/L,,0.24,dmg-2011
dmg-2011,mangammana-palya-kere-inlet,,Mangammana palya kere,inlet,2011,,,chloride,372.4,,false,,mg/L,,372.4,dmg-2011
dmg-2011,mangammana-palya-kere-inlet,,Mangammana palya kere,inlet,2011,,,phosphate,0.05,,false,,mg/L as P,,0.05,dmg-2011
dmg-2011,mangammana-palya-kere-inlet,,Mangammana palya kere,inlet,2011,,,tss,71,,false,,mg/L,,71,dmg-2011
dmg-2011,mangammana-palya-kere-inlet,,Mangammana palya kere,inlet,2011,,,dissolvedOxygen,12.2,,false,,mg/L,,12.2,dmg-2011
dmg-2011,mangammana-palya-kere-inlet,,Mangammana palya kere,inlet,2011,,,cod,153.60,,false,,mg/L,,153.60,dmg-2011
dmg-2011,mangammana-palya-kere-inlet,,Mangammana palya kere,inlet,2011,,,nitrate,13.30,,false,,mg/L as NO3,,13.30,dmg-2011
dmg-2011,mangammana-palya-kere-inlet,,Mangammana palya kere,inlet,2011,,,totalHardness,144,,false,,mg/L as CaCO3,,144,dmg-2011
dmg-2011,mangammana-palya-kere-inlet,,Mangammana palya kere,inlet,2011,,,fluoride,1.23,,false,,mg/L,,1.23,dmg-2011
dmg-2011,mangammana-palya-kere-inlet,,Mangammana palya kere,inlet,2011,,,ph,8.99,,false,,,,8.99,dmg-2011
dmg-2011,mangammana-palya-kere-inlet,,Mangammana palya kere,inlet,2011,,,zinc,0.05,,false,,mg/L,,0.05,dmg-2011
dmg-2011,mangammana-palya-kere-inlet,,Mangammana palya kere,inlet,2011,,,lead,,,true,,mg/L,,Nil,dmg-2011
dmg-2011,mangammana-palya-kere-inlet,,Mangammana palya kere,inlet,2011,,,copper,,,true,,mg/L,,Nil,dmg-2011
dmg-2011,mangammana-palya-kere-inlet,,Mangammana palya kere,inlet,2011,,,manganese,0.11,,false,,mg/L,,0.11,dmg-2011
dmg-2011,munnekolalu-kere-outlet,,Munnekolalu Kere,Outlet,2011,,,chloride,207,,false,,mg/L,,207,dmg-2011
dmg-2011,munnekolalu-kere-outlet,,Munnekolalu Kere,Outlet,2011,,,phosphate,1,,false,,mg/L as P,,1,dmg-2011
dmg-2011,munnekolalu-kere-outlet,,Munnekolalu Kere,Outlet,2011,,,tss,159,,false,,mg/L,,159,dmg-2011
dmg-2011,munnekolalu-kere-outlet,,Munnekolalu Kere,Outlet,2011,,,cod,56.64,,false,,mg/L,,56.64,dmg-2011
dmg-2011,munnekolalu-kere-outlet,,Munnekolalu Kere,Outlet,2011,,,nitrate,5.29,,false,,mg/L as NO3,,5.29,dmg-2011
dmg-2011,munnekolalu-kere-outlet,,Munnekolalu Kere,Outlet,2011,,,totalHardness,266,,false,,mg/L as CaCO3,,266,dmg-2011
dmg-2011,munnekolalu-kere-outlet,,Munnekolalu Kere,Outlet,2011,,,fluoride,0.31,,false,,mg/L,,0.31,dmg-2011
dmg-2011,munnekolalu-kere-outlet,,Munnekolalu Kere,Outlet,2011,,,ph,7.49,,false,,,,7.49,dmg-2011
dmg-2011,munnekolalu-kere-outlet,,Munnekolalu Kere,Outlet,2011,,,zinc,0.17,,false,,mg/L,,0.17,dmg-2011
dmg-2011,munnekolalu-kere-outlet,,Munnekolalu Kere,Outlet,2011,,,lead,,,true,,mg/L,,Nil,dmg-2011
dmg-2011,munnekolalu-kere-outlet,,Munnekolalu Kere,Outlet,2011,,,copper,0.04,,false,,mg/L,,0.04,dmg-2011
dmg-2011,munnekolalu-kere-outlet,,Munnekolalu Kere,Outlet,2011,,,manganese,0.13,,false,,mg/L,,0.13,dmg-2011
dmg-2011,munnekolalu-kere-inlet,,Munnekolalu Kere,Inlet,2011,,,chloride,168,,false,,mg/L,,168,dmg-2011
dmg-2011,munnekolalu-kere-inlet,,Munnekolalu Kere,Inlet,2011,,,phosphate,0.4,,false,,mg/L as P,,0.4,dmg-2011
dmg-2011,munnekolalu-kere-inlet,,Munnekolalu Kere,Inlet,2011,,,tss,127,,false,,mg/L,,127,dmg-2011
dmg-2011,munnekolalu-kere-inlet,,Munnekolalu Kere,Inlet,2011,,,dissolvedOxygen,1.2,,false,,mg/L,,1.2,dmg-2011
dmg-2011,munnekolalu-kere-inlet,,Munnekolalu Kere,Inlet,2011,,,cod,37.76,,false,,mg/L,,37.76,dmg-2011
dmg-2011,munnekolalu-kere-inlet,,Munnekolalu Kere,Inlet,2011,,,nitrate,15.68,,false,,mg/L as NO3,,15.68,dmg-2011
dmg-2011,munnekolalu-kere-inlet,,Munnekolalu Kere,Inlet,2011,,,totalHardness,296,,false,,mg/L as CaCO3,,296,dmg-2011
dmg-2011,munnekolalu-kere-inlet,,Munnekolalu Kere,Inlet,2011,,,fluoride,0.31,,false,,mg/L,,0.31,dmg-2011
dmg-2011,munnekolalu-kere-inlet,,Munnekolalu Kere,Inlet,2011,,,ph,7.69,,false,,,,7.69,dmg-2011
dmg-2011,munnekolalu-kere-inlet,,Munnekolalu Kere,Inlet,2011,,,zinc,0.21,,false,,mg/L,,0.21,dmg-2011
dmg-2011,munnekolalu-kere-inlet,,Munnekolalu Kere,Inlet,2011,,,lead,,,true,,mg/L,,Nil,dmg-2011
dmg-2011,munnekolalu-kere-inlet,,Munnekolalu Kere,Inlet,2011,,,copper,0.04,,false,,mg/L,,0.04,dmg-2011
dmg-2011,munnekolalu-kere-inlet,,Munnekolalu Kere,Inlet,2011,,,manganese,0.12,,false,,mg/L,,0.12,dmg-2011
dmg-2011,munnekolalu-kere-inlet,,Munnekolalu Kere,Inlet,2011,,,eColi,1600,>,false,,MPN/100mL,,>1600,dmg-2011
dmg-2011,munnekolalu-kere-inlet,,Munnekolalu Kere,Inlet,2011,,,totalColiform,1600,>,false,,MPN/100mL,,>1600,dmg-2011
dmg-2011,nagarabhavi-kere-inlet,,Nagarabhavi kere,Inlet,2011,,,chloride,36.4,,false,,mg/L,,36.4,dmg-2011
dmg-2011,nagarabhavi-kere-inlet,,Nagarabhavi kere,Inlet,2011,,,phosphate,0.05,,false,,mg/L as P,,0.05,dmg-2011
dmg-2011,nagarabhavi-kere-inlet,,Nagarabhavi kere,Inlet,2011,,,tss,77,,false,,mg/L,,77,dmg-2011
dmg-2011,nagarabhavi-kere-inlet,,Nagarabhavi kere,Inlet,2011,,,dissolvedOxygen,4,,false,,mg/L,,4,dmg-2011
dmg-2011,nagarabhavi-kere-inlet,,Nagarabhavi kere,Inlet,2011,,,cod,19.20,,false,,mg/L,,19.20,dmg-2011
dmg-2011,nagarabhavi-kere-inlet,,Nagarabhavi kere,Inlet,2011,,,nitrate,18.70,,false,,mg/L as NO3,,18.70,dmg-2011
dmg-2011,nagarabhavi-kere-inlet,,Nagarabhavi kere,Inlet,2011,,,totalHardness,204,,false,,mg/L as CaCO3,,204,dmg-2011
dmg-2011,nagarabhavi-kere-inlet,,Nagarabhavi kere,Inlet,2011,,,fluoride,0.38,,false,,mg/L,,0.38,dmg-2011
dmg-2011,nagarabhavi-kere-inlet,,Nagarabhavi kere,Inlet,2011,,,ph,7.37,,false,,,,7.37,dmg-2011
dmg-2011,nagarabhavi-kere-inlet,,Nagarabhavi kere,Inlet,2011,,,zinc,0.05,,false,,mg/L,,0.05,dmg-2011
dmg-2011,nagarabhavi-kere-inlet,,Nagarabhavi kere,Inlet,2011,,,lead,,,true,,mg/L,,Nil,dmg-2011
dmg-2011,nagarabhavi-kere-inlet,,Nagarabhavi kere,Inlet,2011,,,copper,,,true,,mg/L,,Nil,dmg-2011
dmg-2011,nagarabhavi-kere-inlet,,Nagarabhavi kere,Inlet,2011,,,manganese,0.54,,false,,mg/L,,0.54,dmg-2011
dmg-2011,nagasandra-here-inlet,,Nagasandra Here,Inlet,2011,,,chloride,378,,false,,mg/L,,378,dmg-2011
dmg-2011,nagasandra-here-inlet,,Nagasandra Here,Inlet,2011,,,phosphate,5.01,,false,,mg/L as P,,5.01,dmg-2011
dmg-2011,nagasandra-here-inlet,,Nagasandra Here,Inlet,2011,,,tss,363,,false,,mg/L,,363,dmg-2011
dmg-2011,nagasandra-here-inlet,,Nagasandra Here,Inlet,2011,,,dissolvedOxygen,,,true,,mg/L,,Nil,dmg-2011
dmg-2011,nagasandra-here-inlet,,Nagasandra Here,Inlet,2011,,,cod,153.60,,false,,mg/L,,153.60,dmg-2011
dmg-2011,nagasandra-here-inlet,,Nagasandra Here,Inlet,2011,,,nitrate,7.48,,false,,mg/L as NO3,,7.48,dmg-2011
dmg-2011,nagasandra-here-inlet,,Nagasandra Here,Inlet,2011,,,totalHardness,612,,false,,mg/L as CaCO3,,612,dmg-2011
dmg-2011,nagasandra-here-inlet,,Nagasandra Here,Inlet,2011,,,fluoride,0.32,,false,,mg/L,,0.32,dmg-2011
dmg-2011,nagasandra-here-inlet,,Nagasandra Here,Inlet,2011,,,ph,7.37,,false,,,,7.37,dmg-2011
dmg-2011,nagasandra-here-inlet,,Nagasandra Here,Inlet,2011,,,zinc,0.26,,false,,mg/L,,0.26,dmg-2011
dmg-2011,nagasandra-here-inlet,,Nagasandra Here,Inlet,2011,,,lead,0.27,,false,,mg/L,,0.27,dmg-2011
dmg-2011,nagasandra-here-inlet,,Nagasandra Here,Inlet,2011,,,copper,,,true,,mg/L,,Nil,dmg-2011
dmg-2011,nagasandra-here-inlet,,Nagasandra Here,Inlet,2011,,,manganese,0.60,,false,,mg/L,,0.60,dmg-2011
dmg-2011,nagavara-kere-lumbini-garden-outlet,,Nagavara Kere (Lumbini Garden),Outlet,2011,,,chloride,207,,false,,mg/L,,207,dmg-2011
dmg-2011,nagavara-kere-lumbini-garden-outlet,,Nagavara Kere (Lumbini Garden),Outlet,2011,,,phosphate,0.05,,false,,mg/L as P,,0.05,dmg-2011
dmg-2011,nagavara-kere-lumbini-garden-outlet,,Nagavara Kere (Lumbini Garden),Outlet,2011,,,tss,6,,false,,mg/L,,6,dmg-2011
dmg-2011,nagavara-kere-lumbini-garden-outlet,,Nagavara Kere (Lumbini Garden),Outlet,2011,,,cod,,,true,,mg/L,,Nil,dmg-2011
dmg-2011,nagavara-kere-lumbini-garden-outlet,,Nagavara Kere (Lumbini Garden),Outlet,2011,,,nitrate,4.17,,false,,mg/L as NO3,,4.17,dmg-2011
dmg-2011,nagavara-kere-lumbini-garden-outlet,,Nagavara Kere (Lumbini Garden),Outlet,2011,,,totalHardness,180,,false,,mg/L as CaCO3,,180,dmg-2011
dmg-2011,nagavara-kere-lumbini-garden-outlet,,Nagavara Kere (Lumbini Garden),Outlet,2011,,,fluoride,0.56,,false,,mg/L,,0.56,dmg-2011
dmg-2011,nagavara-kere-lumbini-garden-outlet,,Nagavara Kere (Lumbini Garden),Outlet,2011,,,ph,7.89,,false,,,,7.89,dmg-2011
dmg-2011,nagavara-kere-lumbini-garden-outlet,,Nagavara Kere (Lumbini Garden),Outlet,2011,,,zinc,0.05,,false,,mg/L,,0.05,dmg-2011
dmg-2011,nagavara-kere-lumbini-garden-outlet,,Nagavara Kere (Lumbini Garden),Outlet,2011,,,lead,0.02,,false,,mg/L,,0.02,dmg-2011
dmg-2011,nagavara-kere-lumbini-garden-outlet,,Nagavara Kere (Lumbini Garden),Outlet,2011,,,copper,0.02,,false,,mg/L,,0.02,dmg-2011
dmg-2011,nagavara-kere-lumbini-garden-outlet,,Nagavara Kere (Lumbini Garden),Outlet,2011,,,manganese,0.12,,false,,mg/L,,0.12,dmg-2011
dmg-2011,nagavara-kere-lumbini-garden-outlet,,Nagavara Kere (Lumbini Garden),Outlet,2011,,,aluminium,1.24,,false,,mg/L,,1.24,dmg-2011
dmg-2011,nagavara-kere-lumbini-garden-inlet,,Nagavara Kere (Lumbini Garden),Inlet.,2011,,,chloride,201,,false,,mg/L,,201,dmg-2011
dmg-2011,nagavara-kere-lumbini-garden-inlet,,Nagavara Kere (Lumbini Garden),Inlet.,2011,,,phosphate,0.05,,false,,mg/L as P,,0.05,dmg-2011
dmg-2011,nagavara-kere-lumbini-garden-inlet,,Nagavara Kere (Lumbini Garden),Inlet.,2011,,,tss,16.5,,false,,mg/L,,16.5,dmg-2011
dmg-2011,nagavara-kere-lumbini-garden-inlet,,Nagavara Kere (Lumbini Garden),Inlet.,2011,,,dissolvedOxygen,5,,false,,mg/L,,5,dmg-2011
dmg-2011,nagavara-kere-lumbini-garden-inlet,,Nagavara Kere (Lumbini Garden),Inlet.,2011,,,cod,18.88,,false,,mg/L,,18.88,dmg-2011
dmg-2011,nagavara-kere-lumbini-garden-inlet,,Nagavara Kere (Lumbini Garden),Inlet.,2011,,,nitrate,4.20,,false,,mg/L as NO3,,4.20,dmg-2011
dmg-2011,nagavara-kere-lumbini-garden-inlet,,Nagavara Kere (Lumbini Garden),Inlet.,2011,,,totalHardness,188,,false,,mg/L as CaCO3,,188,dmg-2011
dmg-2011,nagavara-kere-lumbini-garden-inlet,,Nagavara Kere (Lumbini Garden),Inlet.,2011,,,fluoride,0.56,,false,,mg/L,,0 56,dmg-2011
dmg-2011,nagavara-kere-lumbini-garden-inlet,,Nagavara Kere (Lumbini Garden),Inlet.,2011,,,ph,7.96,,false,,,,7.96,dmg-2011
dmg-2011,nagavara-kere-lumbini-garden-inlet,,Nagavara Kere (Lumbini Garden),Inlet.,2011,,,zinc,0.05,,false,,mg/L,,0 05,dmg-2011
dmg-2011,nagavara-kere-lumbini-garden-inlet,,Nagavara Kere (Lumbini Garden),Inlet.,2011,,,lead,0.02,,false,,mg/L,,0.02,dmg-2011
dmg-2011,nagavara-kere-lumbini-garden-inlet,,Nagavara Kere (Lumbini Garden),Inlet.,2011,,,copper,,,true,,mg/L,,Nil,dmg-2011
dmg-2011,nagavara-kere-lumbini-garden-inlet,,Nagavara Kere (Lumbini Garden),Inlet.,2011,,,manganese,0.11,,false,,mg/L,,0.11,dmg-2011
dmg-2011,nagavara-kere-lumbini-garden-inlet,,Nagavara Kere (Lumbini Garden),Inlet.,2011,,,aluminium,0.82,,false,,mg/L,,0.82,dmg-2011
dmg-2011,nallurahalli-tank-inlet,,Nallurahalli Tank,Inlet,2011,,,chloride,314,,false,,mg/L,,314,dmg-2011
dmg-2011,nallurahalli-tank-inlet,,Nallurahalli Tank,Inlet,2011,,,phosphate,2.26,,false,,mg/L as P,,2.26,dmg-2011
dmg-2011,nallurahalli-tank-inlet,,Nallurahalli Tank,Inlet,2011,,,tss,27.5,,false,,mg/L,,27.5,dmg-2011
dmg-2011,nallurahalli-tank-inlet,,Nallurahalli Tank,Inlet,2011,,,dissolvedOxygen,7.6,,false,,mg/L,,7.6,dmg-2011
dmg-2011,nallurahalli-tank-inlet,,Nallurahalli Tank,Inlet,2011,,,cod,57.60,,false,,mg/L,,57.60,dmg-2011
dmg-2011,nallurahalli-tank-inlet,,Nallurahalli Tank,Inlet,2011,,,nitrate,6.75,,false,,mg/L as NO3,,6.75,dmg-2011
dmg-2011,nallurahalli-tank-inlet,,Nallurahalli Tank,Inlet,2011,,,totalHardness,416,,false,,mg/L as CaCO3,,416,dmg-2011
dmg-2011,nallurahalli-tank-inlet,,Nallurahalli Tank,Inlet,2011,,,fluoride,0.41,,false,,mg/L,,0 41,dmg-2011
dmg-2011,nallurahalli-tank-inlet,,Nallurahalli Tank,Inlet,2011,,,ph,8.04,,false,,,,8.04,dmg-2011
dmg-2011,nallurahalli-tank-inlet,,Nallurahalli Tank,Inlet,2011,,,zinc,0.08,,false,,mg/L,,0.08,dmg-2011
dmg-2011,nallurahalli-tank-inlet,,Nallurahalli Tank,Inlet,2011,,,lead,,,true,,mg/L,,Nil,dmg-2011
dmg-2011,nallurahalli-tank-inlet,,Nallurahalli Tank,Inlet,2011,,,copper,,,true,,mg/L,,Nil,dmg-2011
dmg-2011,nallurahalli-tank-inlet,,Nallurahalli Tank,Inlet,2011,,,manganese,0.21,,false,,mg/L,,0.21,dmg-2011
dmg-2011,nallurahalli-tank-outlet,,Nallurahalli Tank,Outlet.,2011,,,chloride,316,,false,,mg/L,,316,dmg-2011
dmg-2011,nallurahalli-tank-outlet,,Nallurahalli Tank,Outlet.,2011,,,phosphate,1.22,,false,,mg/L as P,,1.22,dmg-2011
dmg-2011,nallurahalli-tank-outlet,,Nallurahalli Tank,Outlet.,2011,,,tss,14,,false,,mg/L,,14,dmg-2011
dmg-2011,nallurahalli-tank-outlet,,Nallurahalli Tank,Outlet.,2011,,,cod,,,true,,mg/L,,Nil,dmg-2011
dmg-2011,nallurahalli-tank-outlet,,Nallurahalli Tank,Outlet.,2011,,,nitrate,8.31,,false,,mg/L as NO3,,8.31,dmg-2011
dmg-2011,nallurahalli-tank-outlet,,Nallurahalli Tank,Outlet.,2011,,,totalHardness,400,,false,,mg/L as CaCO3,,400,dmg-2011
dmg-2011,nallurahalli-tank-outlet,,Nallurahalli Tank,Outlet.,2011,,,fluoride,0.42,,false,,mg/L,,0.42,dmg-2011
dmg-2011,nallurahalli-tank-outlet,,Nallurahalli Tank,Outlet.,2011,,,ph,7.43,,false,,,,7.43,dmg-2011
dmg-2011,nallurahalli-tank-outlet,,Nallurahalli Tank,Outlet.,2011,,,zinc,0.05,,false,,mg/L,,0.05,dmg-2011
dmg-2011,nallurahalli-tank-outlet,,Nallurahalli Tank,Outlet.,2011,,,lead,,,true,,mg/L,,Nil,dmg-2011
dmg-2011,nallurahalli-tank-outlet,,Nallurahalli Tank,Outlet.,2011,,,copper,,,true,,mg/L,,Nil,dmg-2011
dmg-2011,nallurahalli-tank-outlet,,Nallurahalli Tank,Outlet.,2011,,,manganese,0.24,,false,,mg/L,,0.24,dmg-2011
dmg-2011,nallurahalli-tank-middle,,Nallurahalli Tank,Middle,2011,,,chloride,294,,false,,mg/L,,294,dmg-2011
dmg-2011,nallurahalli-tank-middle,,Nallurahalli Tank,Middle,2011,,,phosphate,1.1,,false,,mg/L as P,,1.1,dmg-2011
dmg-2011,nallurahalli-tank-middle,,Nallurahalli Tank,Middle,2011,,,tss,90,,false,,mg/L,,90,dmg-2011
dmg-2011,nallurahalli-tank-middle,,Nallurahalli Tank,Middle,2011,,,cod,19.20,,false,,mg/L,,19.20,dmg-2011
dmg-2011,nallurahalli-tank-middle,,Nallurahalli Tank,Middle,2011,,,nitrate,8.37,,false,,mg/L as NO3,,8.37,dmg-2011
dmg-2011,nallurahalli-tank-middle,,Nallurahalli Tank,Middle,2011,,,totalHardness,408,,false,,mg/L as CaCO3,,408,dmg-2011
dmg-2011,nallurahalli-tank-middle,,Nallurahalli Tank,Middle,2011,,,fluoride,0.42,,false,,mg/L,,0.42,dmg-2011
dmg-2011,nallurahalli-tank-middle,,Nallurahalli Tank,Middle,2011,,,ph,7.92,,false,,,,7.92,dmg-2011
dmg-2011,nallurahalli-tank-middle,,Nallurahalli Tank,Middle,2011,,,zinc,0.05,,false,,mg/L,,0 05,dmg-2011
dmg-2011,nallurahalli-tank-middle,,Nallurahalli Tank,Middle,2011,,,lead,,,true,,mg/L,,Nil,dmg-2011
dmg-2011,nallurahalli-tank-middle,,Nallurahalli Tank,Middle,2011,,,copper,,,true,,mg/L,,Nil,dmg-2011
dmg-2011,nallurahalli-tank-middle,,Nallurahalli Tank,Middle,2011,,,manganese,0.12,,false,,mg/L,,0.12,dmg-2011
dmg-2011,narasapanhalli-kere-inlet,,Narasapanhalli kere,Inlet,2011,,,chloride,650,,false,,mg/L,,650,dmg-2011
dmg-2011,narasapanhalli-kere-inlet,,Narasapanhalli kere,Inlet,2011,,,phosphate,2.09,,false,,mg/L as P,,2.09,dmg-2011
dmg-2011,narasapanhalli-kere-inlet,,Narasapanhalli kere,Inlet,2011,,,tss,77.5,,false,,mg/L,,77.5,dmg-2011
dmg-2011,narasapanhalli-kere-inlet,,Narasapanhalli kere,Inlet,2011,,,dissolvedOxygen,1.6,,false,,mg/L,,1.6,dmg-2011
dmg-2011,narasapanhalli-kere-inlet,,Narasapanhalli kere,Inlet,2011,,,cod,,,true,,mg/L,,Nil,dmg-2011
dmg-2011,narasapanhalli-kere-inlet,,Narasapanhalli kere,Inlet,2011,,,nitrate,7.05,,false,,mg/L as NO3,,7.05,dmg-2011
dmg-2011,narasapanhalli-kere-inlet,,Narasapanhalli kere,Inlet,2011,,,totalHardness,768,,false,,mg/L as CaCO3,,768,dmg-2011
dmg-2011,narasapanhalli-kere-inlet,,Narasapanhalli kere,Inlet,2011,,,fluoride,0.94,,false,,mg/L,,0.94,dmg-2011
dmg-2011,narasapanhalli-kere-inlet,,Narasapanhalli kere,Inlet,2011,,,ph,8.33,,false,,,,8.33,dmg-2011
dmg-2011,narasapanhalli-kere-inlet,,Narasapanhalli kere,Inlet,2011,,,zinc,0.08,,false,,mg/L,,0 08,dmg-2011
dmg-2011,narasapanhalli-kere-inlet,,Narasapanhalli kere,Inlet,2011,,,manganese,0.45,,false,,mg/L,,0.45,dmg-2011
dmg-2011,thalaghattapura-chickka-kere-inlet,,Thalaghattapura Chickka kere,Inlet,2011,,,chloride,11.2,,false,,mg/L,,11.2,dmg-2011
dmg-2011,thalaghattapura-chickka-kere-inlet,,Thalaghattapura Chickka kere,Inlet,2011,,,phosphate,0.01,,false,,mg/L as P,,0.01,dmg-2011
dmg-2011,thalaghattapura-chickka-kere-inlet,,Thalaghattapura Chickka kere,Inlet,2011,,,tss,21.5,,false,,mg/L,,21.5,dmg-2011
dmg-2011,thalaghattapura-chickka-kere-inlet,,Thalaghattapura Chickka kere,Inlet,2011,,,dissolvedOxygen,5.8,,false,,mg/L,,5.8,dmg-2011
dmg-2011,thalaghattapura-chickka-kere-inlet,,Thalaghattapura Chickka kere,Inlet,2011,,,cod,,,true,,mg/L,,Nil,dmg-2011
dmg-2011,thalaghattapura-chickka-kere-inlet,,Thalaghattapura Chickka kere,Inlet,2011,,,nitrate,6.71,,false,,mg/L as NO3,,6.71,dmg-2011
dmg-2011,thalaghattapura-chickka-kere-inlet,,Thalaghattapura Chickka kere,Inlet,2011,,,totalHardness,48,,false,,mg/L as CaCO3,,48,dmg-2011
dmg-2011,thalaghattapura-chickka-kere-inlet,,Thalaghattapura Chickka kere,Inlet,2011,,,fluoride,0.20,,false,,mg/L,,0.20,dmg-2011
dmg-2011,thalaghattapura-chickka-kere-inlet,,Thalaghattapura Chickka kere,Inlet,2011,,,ph,7.36,,false,,,,7.36,dmg-2011
dmg-2011,thalaghattapura-chickka-kere-inlet,,Thalaghattapura Chickka kere,Inlet,2011,,,zinc,0.13,,false,,mg/L,,0.13,dmg-2011
dmg-2011,thalaghattapura-chickka-kere-inlet,,Thalaghattapura Chickka kere,Inlet,2011,,,lead,,,true,,mg/L,,Nil,dmg-2011
dmg-2011,thalaghattapura-chickka-kere-inlet,,Thalaghattapura Chickka kere,Inlet,2011,,,copper,,,true,,mg/L,,Nil,dmg-2011
dmg-2011,thalaghattapura-chickka-kere-inlet,,Thalaghattapura Chickka kere,Inlet,2011,,,manganese,0.08,,false,,mg/L,,0.08,dmg-2011
dmg-2011,thindlu-lake-inlet,,Thindlu Lake,Inlet,2011,,,chloride,95.2,,false,,mg/L,,95.2,dmg-2011
dmg-2011,thindlu-lake-inlet,,Thindlu Lake,Inlet,2011,,,phosphate,0.2,,false,,mg/L as P,,0.2,dmg-2011
dmg-2011,thindlu-lake-inlet,,Thindlu Lake,Inlet,2011,,,tss,6.5,,false,,mg/L,,6.5,dmg-2011
dmg-2011,thindlu-lake-inlet,,Thindlu Lake,Inlet,2011,,,dissolvedOxygen,7.2,,false,,mg/L,,7.2,dmg-2011
dmg-2011,thindlu-lake-inlet,,Thindlu Lake,Inlet,2011,,,cod,56.64,,false,,mg/L,,56.64,dmg-2011
dmg-2011,thindlu-lake-inlet,,Thindlu Lake,Inlet,2011,,,nitrate,6.08,,false,,mg/L as NO3,,6.08,dmg-2011
dmg-2011,thindlu-lake-inlet,,Thindlu Lake,Inlet,2011,,,totalHardness,184,,false,,mg/L as CaCO3,,184,dmg-2011
dmg-2011,thindlu-lake-inlet,,Thindlu Lake,Inlet,2011,,,fluoride,0.26,,false,,mg/L,,0.26,dmg-2011
dmg-2011,thindlu-lake-inlet,,Thindlu Lake,Inlet,2011,,,ph,7.84,,false,,,,7.84,dmg-2011
dmg-2011,thindlu-lake-inlet,,Thindlu Lake,Inlet,2011,,,zinc,0.15,,false,,mg/L,,0 15,dmg-2011
dmg-2011,thindlu-lake-inlet,,Thindlu Lake,Inlet,2011,,,lead,,,true,,mg/L,,Nil,dmg-2011
dmg-2011,thindlu-lake-inlet,,Thindlu Lake,Inlet,2011,,,copper,0.02,,false,,mg/L,,0 02,dmg-2011
dmg-2011,thindlu-lake-inlet,,Thindlu Lake,Inlet,2011,,,manganese,0.21,,false,,mg/L,,0.21,dmg-2011
dmg-2011,thindlu-lake-inlet,,Thindlu Lake,Inlet,2011,,,eColi,1600,,false,,MPN/100mL,,1600,dmg-2011
dmg-2011,thindlu-lake-inlet,,Thindlu Lake,Inlet,2011,,,totalColiform,1600,,false,,MPN/100mL,,1600,dmg-2011
dmg-2011,thindlu-lake-outlet,,Thindlu Lake,Outlet,2011,,,chloride,106,,false,,mg/L,,106,dmg-2011
dmg-2011,thindlu-lake-outlet,,Thindlu Lake,Outlet,2011,,,phosphate,0.1,,false,,mg/L as P,,0.l,dmg-2011
dmg-2011,thindlu-lake-outlet,,Thindlu Lake,Outlet,2011,,,tss,,,false,,mg/L,,-,dmg-2011
dmg-2011,thindlu-lake-outlet,,Thindlu Lake,Outlet,2011,,,dissolvedOxygen,,,false,,mg/L,,-,dmg-2011
dmg-2011,thindlu-lake-outlet,,Thindlu Lake,Outlet,2011,,,cod,,,false,,mg/L,,-,dmg-2011
dmg-2011,thindlu-lake-outlet,,Thindlu Lake,Outlet,2011,,,nitrate,7.55,,false,,mg/L as NO3,,7.55,dmg-2011
dmg-2011,thindlu-lake-outlet,,Thindlu Lake,Outlet,2011,,,totalHardness,240,,false,,mg/L as CaCO3,,240,dmg-2011
dmg-2011,thindlu-lake-outlet,,Thindlu Lake,Outlet,2011,,,fluoride,0.44,,false,,mg/L,,0.44,dmg-2011
dmg-2011,thindlu-lake-outlet,,Thindlu Lake,Outlet,2011,,,ph,8.37,,false,,,,8.37,dmg-2011
dmg-2011,thindlu-lake-outlet,,Thindlu Lake,Outlet,2011,,,zinc,0.12,,false,,mg/L,,0.12,dmg-2011
dmg-2011,thindlu-lake-outlet,,Thindlu Lake,Outlet,2011,,,lead,,,true,,mg/L,,Nil,dmg-2011
dmg-2011,thindlu-lake-outlet,,Thindlu Lake,Outlet,2011,,,copper,0.01,,false,,mg/L,,0.01,dmg-2011
dmg-2011,thindlu-lake-outlet,,Thindlu Lake,Outlet,2011,,,manganese,1.05,,false,,mg/L,,1.05,dmg-2011
dmg-2011,thindlu-lake-outlet,,Thindlu Lake,Outlet,2011,,,eColi,,,false,,MPN/100mL,,-,dmg-2011
dmg-2011,thindlu-lake-outlet,,Thindlu Lake,Outlet,2011,,,totalColiform,,,false,,MPN/100mL,,-,dmg-2011
dmg-2011,ulsoor-kere-inlet,,Ulsoor Kere,Inlet,2011,,,chloride,92,,false,,mg/L,,92,dmg-2011
dmg-2011,ulsoor-kere-inlet,,Ulsoor Kere,Inlet,2011,,,phosphate,0.01,,false,,mg/L as P,,0.01,dmg-2011
dmg-2011,ulsoor-kere-inlet,,Ulsoor Kere,Inlet,2011,,,tss,42,,false,,mg/L,,42,dmg-2011
dmg-2011,ulsoor-kere-inlet,,Ulsoor Kere,Inlet,2011,,,dissolvedOxygen,41.2,,false,,mg/L,,41.2,dmg-2011
dmg-2011,ulsoor-kere-inlet,,Ulsoor Kere,Inlet,2011,,,cod,113.30,,false,,mg/L,,113.30,dmg-2011
dmg-2011,ulsoor-kere-inlet,,Ulsoor Kere,Inlet,2011,,,nitrate,3.87,,false,,mg/L as NO3,,3.87,dmg-2011
dmg-2011,ulsoor-kere-inlet,,Ulsoor Kere,Inlet,2011,,,totalHardness,100,,false,,mg/L as CaCO3,,100,dmg-2011
dmg-2011,ulsoor-kere-inlet,,Ulsoor Kere,Inlet,2011,,,fluoride,0.37,,false,,mg/L,,0.37,dmg-2011
dmg-2011,ulsoor-kere-inlet,,Ulsoor Kere,Inlet,2011,,,ph,8.73,,false,,,,8.73,dmg-2011
dmg-2011,ulsoor-kere-inlet,,Ulsoor Kere,Inlet,2011,,,zinc,0.10,,false,,mg/L,,0.10,dmg-2011
dmg-2011,ulsoor-kere-inlet,,Ulsoor Kere,Inlet,2011,,,lead,,,true,,mg/L,,Nil,dmg-2011
dmg-2011,ulsoor-kere-inlet,,Ulsoor Kere,Inlet,2011,,,copper,,,true,,mg/L,,Nil,dmg-2011
dmg-2011,ulsoor-kere-inlet,,Ulsoor Kere,Inlet,2011,,,manganese,0.10,,false,,mg/L,,0.10,dmg-2011
dmg-2011,ulsoor-kere-outlet,,Ulsoor Kere,Outlet,2011,,,chloride,101,,false,,mg/L,,101,dmg-2011
dmg-2011,ulsoor-kere-outlet,,Ulsoor Kere,Outlet,2011,,,phosphate,0.05,,false,,mg/L as P,,0.05,dmg-2011
dmg-2011,ulsoor-kere-outlet,,Ulsoor Kere,Outlet,2011,,,tss,22,,false,,mg/L,,22,dmg-2011
dmg-2011,ulsoor-kere-outlet,,Ulsoor Kere,Outlet,2011,,,cod,75.52,,false,,mg/L,,75.52,dmg-2011
dmg-2011,ulsoor-kere-outlet,,Ulsoor Kere,Outlet,2011,,,nitrate,3.87,,false,,mg/L as NO3,,3.87,dmg-2011
dmg-2011,ulsoor-kere-outlet,,Ulsoor Kere,Outlet,2011,,,totalHardness,100,,false,,mg/L as CaCO3,,100,dmg-2011
dmg-2011,ulsoor-kere-outlet,,Ulsoor Kere,Outlet,2011,,,fluoride,0.37,,false,,mg/L,,0.37,dmg-2011
dmg-2011,ulsoor-kere-outlet,,Ulsoor Kere,Outlet,2011,,,ph,8.58,,false,,,,8.58,dmg-2011
dmg-2011,ulsoor-kere-outlet,,Ulsoor Kere,Outlet,2011,,,zinc,0.07,,false,,mg/L,,0.07,dmg-2011
dmg-2011,ulsoor-kere-outlet,,Ulsoor Kere,Outlet,2011,,,lead,,,true,,mg/L,,Nil,dmg-2011
dmg-2011,ulsoor-kere-outlet,,Ulsoor Kere,Outlet,2011,,,copper,,,true,,mg/L,,Nil,dmg-2011
dmg-2011,ulsoor-kere-outlet,,Ulsoor Kere,Outlet,2011,,,manganese,0.19,,false,,mg/L,,0.19,dmg-2011
dmg-2011,ulsoor-kere-outlet,,Ulsoor Kere,Outlet,2011,,,aluminium,1.12,,false,,mg/L,,1.12,dmg-2011
dmg-2011,ulsoor-kere-middle,,Ulsoor Kere,Middle,2011,,,chloride,92,,false,,mg/L,,92,dmg-2011
dmg-2011,ulsoor-kere-middle,,Ulsoor Kere,Middle,2011,,,phosphate,0.05,,false,,mg/L as P,,0.05,dmg-2011
dmg-2011,ulsoor-kere-middle,,Ulsoor Kere,Middle,2011,,,tss,6,,false,,mg/L,,6,dmg-2011
dmg-2011,ulsoor-kere-middle,,Ulsoor Kere,Middle,2011,,,cod,75.52,,false,,mg/L,,75.52,dmg-2011
dmg-2011,ulsoor-kere-middle,,Ulsoor Kere,Middle,2011,,,nitrate,4.81,,false,,mg/L as NO3,,4.81,dmg-2011
dmg-2011,ulsoor-kere-middle,,Ulsoor Kere,Middle,2011,,,totalHardness,108,,false,,mg/L as CaCO3,,108,dmg-2011
dmg-2011,ulsoor-kere-middle,,Ulsoor Kere,Middle,2011,,,fluoride,0.37,,false,,mg/L,,0.37,dmg-2011
dmg-2011,ulsoor-kere-middle,,Ulsoor Kere,Middle,2011,,,ph,8.93,,false,,,,8.93,dmg-2011
dmg-2011,ulsoor-kere-middle,,Ulsoor Kere,Middle,2011,,,zinc,0.08,,false,,mg/L,,0.08,dmg-2011
dmg-2011,ulsoor-kere-middle,,Ulsoor Kere,Middle,2011,,,lead,,,true,,mg/L,,Nil,dmg-2011
dmg-2011,ulsoor-kere-middle,,Ulsoor Kere,Middle,2011,,,copper,0.01,,false,,mg/L,,0.01,dmg-2011
dmg-2011,ulsoor-kere-middle,,Ulsoor Kere,Middle,2011,,,manganese,0.21,,false,,mg/L,,0.21,dmg-2011
dmg-2011,uttarahalli-kere-inlet,,Uttarahalli kere,Inlet,2011,,,chloride,45,,false,,mg/L,,45,dmg-2011
dmg-2011,uttarahalli-kere-inlet,,Uttarahalli kere,Inlet,2011,,,phosphate,0.5,,false,,mg/L as P,,0.5,dmg-2011
dmg-2011,uttarahalli-kere-inlet,,Uttarahalli kere,Inlet,2011,,,tss,21.5,,false,,mg/L,,21.5,dmg-2011
dmg-2011,uttarahalli-kere-inlet,,Uttarahalli kere,Inlet,2011,,,dissolvedOxygen,4.2,,false,,mg/L,,4.2,dmg-2011
dmg-2011,uttarahalli-kere-inlet,,Uttarahalli kere,Inlet,2011,,,cod,,,true,,mg/L,,Nil,dmg-2011
dmg-2011,uttarahalli-kere-inlet,,Uttarahalli kere,Inlet,2011,,,nitrate,7.97,,false,,mg/L as NO3,,7.97,dmg-2011
dmg-2011,uttarahalli-kere-inlet,,Uttarahalli kere,Inlet,2011,,,totalHardness,184,,false,,mg/L as CaCO3,,184,dmg-2011
dmg-2011,uttarahalli-kere-inlet,,Uttarahalli kere,Inlet,2011,,,fluoride,0.77,,false,,mg/L,,0.77,dmg-2011
dmg-2011,uttarahalli-kere-inlet,,Uttarahalli kere,Inlet,2011,,,ph,7.03,,false,,,,7.03,dmg-2011
dmg-2011,uttarahalli-kere-inlet,,Uttarahalli kere,Inlet,2011,,,zinc,0.71,,false,,mg/L,,0.71,dmg-2011
dmg-2011,uttarahalli-kere-inlet,,Uttarahalli kere,Inlet,2011,,,lead,0.01,,false,,mg/L,,0.01,dmg-2011
dmg-2011,uttarahalli-kere-inlet,,Uttarahalli kere,Inlet,2011,,,copper,0.02,,false,,mg/L,,0.02,dmg-2011
dmg-2011,uttarahalli-kere-inlet,,Uttarahalli kere,Inlet,2011,,,manganese,0.34,,false,,mg/L,,0.34,dmg-2011
dmg-2011,vajarahalli-kere-inlet,,Vajarahalli kere,Inlet,2011,,,chloride,25,,false,,mg/L,,25,dmg-2011
dmg-2011,vajarahalli-kere-inlet,,Vajarahalli kere,Inlet,2011,,,phosphate,0.2,,false,,mg/L as P,,0.2,dmg-2011
dmg-2011,vajarahalli-kere-inlet,,Vajarahalli kere,Inlet,2011,,,tss,35.5,,false,,mg/L,,35.5,dmg-2011
dmg-2011,vajarahalli-kere-inlet,,Vajarahalli kere,Inlet,2011,,,dissolvedOxygen,11.2,,false,,mg/L,,11.2,dmg-2011
dmg-2011,vajarahalli-kere-inlet,,Vajarahalli kere,Inlet,2011,,,cod,38.40,,false,,mg/L,,38.40,dmg-2011
dmg-2011,vajarahalli-kere-inlet,,Vajarahalli kere,Inlet,2011,,,nitrate,4.82,,false,,mg/L as NO3,,4.82,dmg-2011
dmg-2011,vajarahalli-kere-inlet,,Vajarahalli kere,Inlet,2011,,,totalHardness,112,,false,,mg/L as CaCO3,,112,dmg-2011
dmg-2011,vajarahalli-kere-inlet,,Vajarahalli kere,Inlet,2011,,,fluoride,0.24,,false,,mg/L,,0.24,dmg-2011
dmg-2011,vajarahalli-kere-inlet,,Vajarahalli kere,Inlet,2011,,,ph,8.66,,false,,,,8.66,dmg-2011
dmg-2011,vajarahalli-kere-inlet,,Vajarahalli kere,Inlet,2011,,,zinc,0.13,,false,,mg/L,,0.13,dmg-2011
dmg-2011,vajarahalli-kere-inlet,,Vajarahalli kere,Inlet,2011,,,lead,,,true,,mg/L,,Nil,dmg-2011
dmg-2011,vajarahalli-kere-inlet,,Vajarahalli kere,Inlet,2011,,,copper,,,true,,mg/L,,Nil,dmg-2011
dmg-2011,vajarahalli-kere-inlet,,Vajarahalli kere,Inlet,2011,,,manganese,0.04,,false,,mg/L,,0.04,dmg-2011
dmg-2011,varahasandra-kere-inlet,,Varahasandra kere,Inlet,2011,,,chloride,86.8,,false,,mg/L,,86.8,dmg-2011
dmg-2011,varahasandra-kere-inlet,,Varahasandra kere,Inlet,2011,,,phosphate,0.1,,false,,mg/L as P,,0.1,dmg-2011
dmg-2011,varahasandra-kere-inlet,,Varahasandra kere,Inlet,2011,,,tss,5,,false,,mg/L,,5,dmg-2011
dmg-2011,varahasandra-kere-inlet,,Varahasandra kere,Inlet,2011,,,dissolvedOxygen,5.2,,false,,mg/L,,5.2,dmg-2011
dmg-2011,varahasandra-kere-inlet,,Varahasandra kere,Inlet,2011,,,cod,,,true,,mg/L,,Nil,dmg-2011
dmg-2011,varahasandra-kere-inlet,,Varahasandra kere,Inlet,2011,,,nitrate,6.29,,false,,mg/L as NO3,,6.29,dmg-2011
dmg-2011,varahasandra-kere-inlet,,Varahasandra kere,Inlet,2011,,,totalHardness,204,,false,,mg/L as CaCO3,,204,dmg-2011
dmg-2011,varahasandra-kere-inlet,,Varahasandra kere,Inlet,2011,,,fluoride,0.35,,false,,mg/L,,0.35,dmg-2011
dmg-2011,varahasandra-kere-inlet,,Varahasandra kere,Inlet,2011,,,ph,7.84,,false,,,,7.84,dmg-2011
dmg-2011,varahasandra-kere-inlet,,Varahasandra kere,Inlet,2011,,,zinc,0.07,,false,,mg/L,,0.07,dmg-2011
dmg-2011,varahasandra-kere-inlet,,Varahasandra kere,Inlet,2011,,,lead,,,true,,mg/L,,Nil,dmg-2011
dmg-2011,varahasandra-kere-inlet,,Varahasandra kere,Inlet,2011,,,copper,,,true,,mg/L,,Nil,dmg-2011
dmg-2011,varahasandra-kere-inlet,,Varahasandra kere,Inlet,2011,,,manganese,0.08,,false,,mg/L,,0.08,dmg-2011
dmg-2011,varturu-tank-outlet,,Varturu Tank,Outlet,2011,,,chloride,134,,false,,mg/L,,134,dmg-2011
dmg-2011,varturu-tank-outlet,,Varturu Tank,Outlet,2011,,,phosphate,0.1,,false,,mg/L as P,,0.1,dmg-2011
dmg-2011,varturu-tank-outlet,,Varturu Tank,Outlet,2011,,,tss,13,,false,,mg/L,,13,dmg-2011
dmg-2011,varturu-tank-outlet,,Varturu Tank,Outlet,2011,,,dissolvedOxygen,,,false,,mg/L,,-,dmg-2011
dmg-2011,varturu-tank-outlet,,Varturu Tank,Outlet,2011,,,cod,,,true,,mg/L,,Nil,dmg-2011
dmg-2011,varturu-tank-outlet,,Varturu Tank,Outlet,2011,,,nitrate,7.43,,false,,mg/L as NO3,,7.43,dmg-2011
dmg-2011,varturu-tank-outlet,,Varturu Tank,Outlet,2011,,,totalHardness,252,,false,,mg/L as CaCO3,,252,dmg-2011
dmg-2011,varturu-tank-outlet,,Varturu Tank,Outlet,2011,,,fluoride,0.43,,false,,mg/L,,0.43,dmg-2011
dmg-2011,varturu-tank-outlet,,Varturu Tank,Outlet,2011,,,ph,8.13,,false,,,,8.13,dmg-2011
dmg-2011,varturu-tank-outlet,,Varturu Tank,Outlet,2011,,,zinc,0.10,,false,,mg/L,,0.10,dmg-2011
dmg-2011,varturu-tank-outlet,,Varturu Tank,Outlet,2011,,,lead,,,true,,mg/L,,Nil,dmg-2011
dmg-2011,varturu-tank-outlet,,Varturu Tank,Outlet,2011,,,copper,0.01,,false,,mg/L,,0.01,dmg-2011
dmg-2011,varturu-tank-outlet,,Varturu Tank,Outlet,2011,,,manganese,0.57,,false,,mg/L,,0.57,dmg-2011
dmg-2011,varturu-tank-outlet,,Varturu Tank,Outlet,2011,,,aluminium,1.17,,false,,mg/L,,1.17,dmg-2011
dmg-2011,varturu-tank-inlet,,Varturu Tank,Inlet,2011,,,chloride,137,,false,,mg/L,,137,dmg-2011
dmg-2011,varturu-tank-inlet,,Varturu Tank,Inlet,2011,,,phosphate,2.5,,false,,mg/L as P,,2.5,dmg-2011
dmg-2011,varturu-tank-inlet,,Varturu Tank,Inlet,2011,,,tss,12,,false,,mg/L,,12,dmg-2011
dmg-2011,varturu-tank-inlet,,Varturu Tank,Inlet,2011,,,dissolvedOxygen,3.8,,false,,mg/L,,3.8,dmg-2011
dmg-2011,varturu-tank-inlet,,Varturu Tank,Inlet,2011,,,cod,56.64,,false,,mg/L,,56.64,dmg-2011
dmg-2011,varturu-tank-inlet,,Varturu Tank,Inlet,2011,,,nitrate,8.02,,false,,mg/L as NO3,,8.02,dmg-2011
dmg-2011,varturu-tank-inlet,,Varturu Tank,Inlet,2011,,,totalHardness,276,,false,,mg/L as CaCO3,,276,dmg-2011
dmg-2011,varturu-tank-inlet,,Varturu Tank,Inlet,2011,,,fluoride,0.46,,false,,mg/L,,0.46,dmg-2011
dmg-2011,varturu-tank-inlet,,Varturu Tank,Inlet,2011,,,ph,8.13,,false,,,,8.13,dmg-2011
dmg-2011,varturu-tank-inlet,,Varturu Tank,Inlet,2011,,,zinc,0.14,,false,,mg/L,,0.14,dmg-2011
dmg-2011,varturu-tank-inlet,,Varturu Tank,Inlet,2011,,,lead,,,true,,mg/L,,Nil,dmg-2011
dmg-2011,varturu-tank-inlet,,Varturu Tank,Inlet,2011,,,copper,0.02,,false,,mg/L,,0.02,dmg-2011
dmg-2011,varturu-tank-inlet,,Varturu Tank,Inlet,2011,,,manganese,0.67,,false,,mg/L,,0.67,dmg-2011
dmg-2011,varturu-tank-inlet,,Varturu Tank,Inlet,2011,,,aluminium,1.21,,false,,mg/L,,1.21,dmg-2011
dmg-2011,vengaiah-kere-inlet,,Vengaiah Kere,Inlet,2011,,,chloride,246,,false,,mg/L,,246,dmg-2011
dmg-2011,vengaiah-kere-inlet,,Vengaiah Kere,Inlet,2011,,,phosphate,0.1,,false,,mg/L as P,,0.1,dmg-2011
dmg-2011,vengaiah-kere-inlet,,Vengaiah Kere,Inlet,2011,,,tss,81,,false,,mg/L,,81,dmg-2011
dmg-2011,vengaiah-kere-inlet,,Vengaiah Kere,Inlet,2011,,,dissolvedOxygen,10,,false,,mg/L,,10,dmg-2011
dmg-2011,vengaiah-kere-inlet,,Vengaiah Kere,Inlet,2011,,,cod,94.40,,false,,mg/L,,94.40,dmg-2011
dmg-2011,vengaiah-kere-inlet,,Vengaiah Kere,Inlet,2011,,,nitrate,6.77,,false,,mg/L as NO3,,6.77,dmg-2011
dmg-2011,vengaiah-kere-inlet,,Vengaiah Kere,Inlet,2011,,,totalHardness,204,,false,,mg/L as CaCO3,,204,dmg-2011
dmg-2011,vengaiah-kere-inlet,,Vengaiah Kere,Inlet,2011,,,fluoride,0.33,,false,,mg/L,,0.33,dmg-2011
dmg-2011,vengaiah-kere-inlet,,Vengaiah Kere,Inlet,2011,,,ph,8.81,,false,,,,8.81,dmg-2011
dmg-2011,vengaiah-kere-inlet,,Vengaiah Kere,Inlet,2011,,,zinc,0.07,,false,,mg/L,,0.07,dmg-2011
dmg-2011,vengaiah-kere-inlet,,Vengaiah Kere,Inlet,2011,,,lead,,,true,,mg/L,,Nil,dmg-2011
dmg-2011,vengaiah-kere-inlet,,Vengaiah Kere,Inlet,2011,,,copper,0.01,,false,,mg/L,,0.01,dmg-2011
dmg-2011,vengaiah-kere-inlet,,Vengaiah Kere,Inlet,2011,,,manganese,0.15,,false,,mg/L,,0.15,dmg-2011
dmg-2011,vengaiah-kere-inlet,,Vengaiah Kere,Inlet,2011,,,eColi,160000,,false,,MPN/100mL,,160000,dmg-2011
dmg-2011,vengaiah-kere-inlet,,Vengaiah Kere,Inlet,2011,,,totalColiform,160000,,false,,MPN/100mL,,160000,dmg-2011
dmg-2011,vengaiah-kere-outlet,,Vengaiah Kere,Outlet,2011,,,chloride,241,,false,,mg/L,,241,dmg-2011
dmg-2011,vengaiah-kere-outlet,,Vengaiah Kere,Outlet,2011,,,phosphate,0.2,,false,,mg/L as P,,0.2,dmg-2011
dmg-2011,vengaiah-kere-outlet,,Vengaiah Kere,Outlet,2011,,,tss,226,,false,,mg/L,,226,dmg-2011
dmg-2011,vengaiah-kere-outlet,,Vengaiah Kere,Outlet,2011,,,cod,56.64,,false,,mg/L,,56.64,dmg-2011
dmg-2011,vengaiah-kere-outlet,,Vengaiah Kere,Outlet,2011,,,nitrate,7.88,,false,,mg/L as NO3,,7.88,dmg-2011
dmg-2011,vengaiah-kere-outlet,,Vengaiah Kere,Outlet,2011,,,totalHardness,200,,false,,mg/L as CaCO3,,200,dmg-2011
dmg-2011,vengaiah-kere-outlet,,Vengaiah Kere,Outlet,2011,,,fluoride,0.33,,false,,mg/L,,0 33,dmg-2011
dmg-2011,vengaiah-kere-outlet,,Vengaiah Kere,Outlet,2011,,,ph,8.92,,false,,,,8.92,dmg-2011
dmg-2011,vengaiah-kere-outlet,,Vengaiah Kere,Outlet,2011,,,zinc,0.09,,false,,mg/L,,0.09,dmg-2011
dmg-2011,vengaiah-kere-outlet,,Vengaiah Kere,Outlet,2011,,,lead,,,true,,mg/L,,Nil,dmg-2011
dmg-2011,vengaiah-kere-outlet,,Vengaiah Kere,Outlet,2011,,,copper,,,true,,mg/L,,Nil,dmg-2011
dmg-2011,vengaiah-kere-outlet,,Vengaiah Kere,Outlet,2011,,,manganese,0.15,,false,,mg/L,,0.15,dmg-2011
dmg-2011,venkatala-lake-inlet,,Venkatala Lake,Inlet,2011,,,chloride,58.8,,false,,mg/L,,58.8,dmg-2011
dmg-2011,venkatala-lake-inlet,,Venkatala Lake,Inlet,2011,,,phosphate,0.01,,false,,mg/L as P,,0.01,dmg-2011
dmg-2011,venkatala-lake-inlet,,Venkatala Lake,Inlet,2011,,,tss,11.5,,false,,mg/L,,11.5,dmg-2011
dmg-2011,venkatala-lake-inlet,,Venkatala Lake,Inlet,2011,,,dissolvedOxygen,4.2,,false,,mg/L,,4.2,dmg-2011
dmg-2011,venkatala-lake-inlet,,Venkatala Lake,Inlet,2011,,,cod,19.20,,false,,mg/L,,19.20,dmg-2011
dmg-2011,venkatala-lake-inlet,,Venkatala Lake,Inlet,2011,,,nitrate,7.72,,false,,mg/L as NO3,,7.72,dmg-2011
dmg-2011,venkatala-lake-inlet,,Venkatala Lake,Inlet,2011,,,totalHardness,100,,false,,mg/L as CaCO3,,100,dmg-2011
dmg-2011,venkatala-lake-inlet,,Venkatala Lake,Inlet,2011,,,fluoride,0.35,,false,,mg/L,,0.35,dmg-2011
dmg-2011,venkatala-lake-inlet,,Venkatala Lake,Inlet,2011,,,ph,8.77,,false,,,,8.77,dmg-2011
dmg-2011,venkatala-lake-inlet,,Venkatala Lake,Inlet,2011,,,zinc,0.05,,false,,mg/L,,0.05,dmg-2011
dmg-2011,venkatala-lake-inlet,,Venkatala Lake,Inlet,2011,,,lead,,,true,,mg/L,,Nil,dmg-2011
dmg-2011,venkatala-lake-inlet,,Venkatala Lake,Inlet,2011,,,copper,,,true,,mg/L,,Nil,dmg-2011
dmg-2011,venkatala-lake-inlet,,Venkatala Lake,Inlet,2011,,,manganese,0.13,,false,,mg/L,,0.13,dmg-2011
dmg-2011,venkojirao-kere-agarakere-inlet,,Venkojirao kere (Agarakere),Inlet,2011,,,chloride,860,,false,,mg/L,,860,dmg-2011
dmg-2011,venkojirao-kere-agarakere-inlet,,Venkojirao kere (Agarakere),Inlet,2011,,,phosphate,0.05,,false,,mg/L as P,,0.05,dmg-2011
dmg-2011,venkojirao-kere-agarakere-inlet,,Venkojirao kere (Agarakere),Inlet,2011,,,tss,27,,false,,mg/L,,27,dmg-2011
dmg-2011,venkojirao-kere-agarakere-inlet,,Venkojirao kere (Agarakere),Inlet,2011,,,dissolvedOxygen,12.6,,false,,mg/L,,12.6,dmg-2011
dmg-2011,venkojirao-kere-agarakere-inlet,,Venkojirao kere (Agarakere),Inlet,2011,,,cod,37.76,,false,,mg/L,,37.76,dmg-2011
dmg-2011,venkojirao-kere-agarakere-inlet,,Venkojirao kere (Agarakere),Inlet,2011,,,nitrate,6.79,,false,,mg/L as NO3,,6.79,dmg-2011
dmg-2011,venkojirao-kere-agarakere-inlet,,Venkojirao kere (Agarakere),Inlet,2011,,,totalHardness,292,,false,,mg/L as CaCO3,,292,dmg-2011
dmg-2011,venkojirao-kere-agarakere-inlet,,Venkojirao kere (Agarakere),Inlet,2011,,,fluoride,0.71,,false,,mg/L,,0.71,dmg-2011
dmg-2011,venkojirao-kere-agarakere-inlet,,Venkojirao kere (Agarakere),Inlet,2011,,,ph,9.67,,false,,,,9.67,dmg-2011
dmg-2011,venkojirao-kere-agarakere-inlet,,Venkojirao kere (Agarakere),Inlet,2011,,,zinc,0.07,,false,,mg/L,,0.07,dmg-2011
dmg-2011,venkojirao-kere-agarakere-inlet,,Venkojirao kere (Agarakere),Inlet,2011,,,lead,,,true,,mg/L,,Nil,dmg-2011
dmg-2011,venkojirao-kere-agarakere-inlet,,Venkojirao kere (Agarakere),Inlet,2011,,,copper,,,true,,mg/L,,Nil,dmg-2011
dmg-2011,venkojirao-kere-agarakere-inlet,,Venkojirao kere (Agarakere),Inlet,2011,,,manganese,0.06,,false,,mg/L,,0.06,dmg-2011
dmg-2011,venkojirao-kere-agarakere-inlet,,Venkojirao kere (Agarakere),Inlet,2011,,,eColi,1600,,false,,MPN/100mL,,1600,dmg-2011
dmg-2011,venkojirao-kere-agarakere-inlet,,Venkojirao kere (Agarakere),Inlet,2011,,,totalColiform,1600,,false,,MPN/100mL,,1600,dmg-2011
dmg-2011,venkojirao-kere-agarakere-outlet,,Venkojirao kere (Agarakere),Outlet,2011,,,chloride,812,,false,,mg/L,,812,dmg-2011
dmg-2011,venkojirao-kere-agarakere-outlet,,Venkojirao kere (Agarakere),Outlet,2011,,,phosphate,0.05,,false,,mg/L as P,,0.05,dmg-2011
dmg-2011,venkojirao-kere-agarakere-outlet,,Venkojirao kere (Agarakere),Outlet,2011,,,tss,5.5,,false,,mg/L,,5.5,dmg-2011
dmg-2011,venkojirao-kere-agarakere-outlet,,Venkojirao kere (Agarakere),Outlet,2011,,,cod,75.50,,false,,mg/L,,75.50,dmg-2011
dmg-2011,venkojirao-kere-agarakere-outlet,,Venkojirao kere (Agarakere),Outlet,2011,,,nitrate,8.01,,false,,mg/L as NO3,,8.01,dmg-2011
dmg-2011,venkojirao-kere-agarakere-outlet,,Venkojirao kere (Agarakere),Outlet,2011,,,totalHardness,292,,false,,mg/L as CaCO3,,292,dmg-2011
dmg-2011,venkojirao-kere-agarakere-outlet,,Venkojirao kere (Agarakere),Outlet,2011,,,fluoride,0.75,,false,,mg/L,,0 75,dmg-2011
dmg-2011,venkojirao-kere-agarakere-outlet,,Venkojirao kere (Agarakere),Outlet,2011,,,ph,9.02,,false,,,,9.02,dmg-2011
dmg-2011,venkojirao-kere-agarakere-outlet,,Venkojirao kere (Agarakere),Outlet,2011,,,zinc,0.06,,false,,mg/L,,0.06,dmg-2011
dmg-2011,venkojirao-kere-agarakere-outlet,,Venkojirao kere (Agarakere),Outlet,2011,,,lead,,,true,,mg/L,,Nil,dmg-2011
dmg-2011,venkojirao-kere-agarakere-outlet,,Venkojirao kere (Agarakere),Outlet,2011,,,copper,,,true,,mg/L,,Nil,dmg-2011
dmg-2011,venkojirao-kere-agarakere-outlet,,Venkojirao kere (Agarakere),Outlet,2011,,,manganese,0.06,,false,,mg/L,,0.06,dmg-2011
dmg-2011,venkojirao-kere-agarakere-outlet,,Venkojirao kere (Agarakere),Outlet,2011,,,aluminium,,,false,,mg/L,,!,dmg-2011
dmg-2011,venkojirao-kere-agarakere-outlet,,Venkojirao kere (Agarakere),Outlet,2011,,,eColi,900,,false,,MPN/100mL,,900,dmg-2011
dmg-2011,venkojirao-kere-agarakere-outlet,,Venkojirao kere (Agarakere),Outlet,2011,,,totalColiform,900,,false,,MPN/100mL,,900,dmg-2011
dmg-2011,vidyaranyapura-lake-2-outlet,,Vidyaranyapura Lake 2,Outlet,2011,,,chloride,81.2,,false,,mg/L,,81.2,dmg-2011
dmg-2011,vidyaranyapura-lake-2-outlet,,Vidyaranyapura Lake 2,Outlet,2011,,,phosphate,0.2,,false,,mg/L as P,,0.2,dmg-2011
dmg-2011,vidyaranyapura-lake-2-outlet,,Vidyaranyapura Lake 2,Outlet,2011,,,tss,63,,false,,mg/L,,63,dmg-2011
dmg-2011,vidyaranyapura-lake-2-outlet,,Vidyaranyapura Lake 2,Outlet,2011,,,cod,75.52,,false,,mg/L,,75.52,dmg-2011
dmg-2011,vidyaranyapura-lake-2-outlet,,Vidyaranyapura Lake 2,Outlet,2011,,,nitrate,4.41,,false,,mg/L as NO3,,4.41,dmg-2011
dmg-2011,vidyaranyapura-lake-2-outlet,,Vidyaranyapura Lake 2,Outlet,2011,,,totalHardness,204,,false,,mg/L as CaCO3,,204,dmg-2011
dmg-2011,vidyaranyapura-lake-2-outlet,,Vidyaranyapura Lake 2,Outlet,2011,,,fluoride,0.25,,false,,mg/L,,0.25,dmg-2011
dmg-2011,vidyaranyapura-lake-2-outlet,,Vidyaranyapura Lake 2,Outlet,2011,,,ph,7.83,,false,,,,7.83,dmg-2011
dmg-2011,vidyaranyapura-lake-2-outlet,,Vidyaranyapura Lake 2,Outlet,2011,,,zinc,0.06,,false,,mg/L,,0.06,dmg-2011
dmg-2011,vidyaranyapura-lake-2-outlet,,Vidyaranyapura Lake 2,Outlet,2011,,,lead,,,true,,mg/L,,Nil,dmg-2011
dmg-2011,vidyaranyapura-lake-2-outlet,,Vidyaranyapura Lake 2,Outlet,2011,,,copper,0.01,,false,,mg/L,,0.01,dmg-2011
dmg-2011,vidyaranyapura-lake-2-outlet,,Vidyaranyapura Lake 2,Outlet,2011,,,manganese,0.13,,false,,mg/L,,0.13,dmg-2011
dmg-2011,vidyaranyapura-lake-1-inlet,,Vidyaranyapura Lake 1,Inlet,2011,,,chloride,101,,false,,mg/L,,101,dmg-2011
dmg-2011,vidyaranyapura-lake-1-inlet,,Vidyaranyapura Lake 1,Inlet,2011,,,phosphate,0.2,,false,,mg/L as P,,0.2,dmg-2011
dmg-2011,vidyaranyapura-lake-1-inlet,,Vidyaranyapura Lake 1,Inlet,2011,,,tss,25.5,,false,,mg/L,,25.5,dmg-2011
dmg-2011,vidyaranyapura-lake-1-inlet,,Vidyaranyapura Lake 1,Inlet,2011,,,dissolvedOxygen,4.8,,false,,mg/L,,4.8,dmg-2011
dmg-2011,vidyaranyapura-lake-1-inlet,,Vidyaranyapura Lake 1,Inlet,2011,,,cod,75.52,,false,,mg/L,,75.52,dmg-2011
dmg-2011,vidyaranyapura-lake-1-inlet,,Vidyaranyapura Lake 1,Inlet,2011,,,nitrate,7.31,,false,,mg/L as NO3,,7.31,dmg-2011
dmg-2011,vidyaranyapura-lake-1-inlet,,Vidyaranyapura Lake 1,Inlet,2011,,,totalHardness,204,,false,,mg/L as CaCO3,,204,dmg-2011
dmg-2011,vidyaranyapura-lake-1-inlet,,Vidyaranyapura Lake 1,Inlet,2011,,,fluoride,0.27,,false,,mg/L,,0.27,dmg-2011
dmg-2011,vidyaranyapura-lake-1-inlet,,Vidyaranyapura Lake 1,Inlet,2011,,,ph,8.05,,false,,,,8.05,dmg-2011
dmg-2011,vidyaranyapura-lake-1-inlet,,Vidyaranyapura Lake 1,Inlet,2011,,,zinc,0.25,,false,,mg/L,,0.25,dmg-2011
dmg-2011,vidyaranyapura-lake-1-inlet,,Vidyaranyapura Lake 1,Inlet,2011,,,lead,,,true,,mg/L,,Nil,dmg-2011
dmg-2011,vidyaranyapura-lake-1-inlet,,Vidyaranyapura Lake 1,Inlet,2011,,,copper,0.01,,false,,mg/L,,0.01,dmg-2011
dmg-2011,vidyaranyapura-lake-1-inlet,,Vidyaranyapura Lake 1,Inlet,2011,,,manganese,0.17,,false,,mg/L,,0.17,dmg-2011
dmg-2011,vidyaranyapura-lake-1-inlet,,Vidyaranyapura Lake 1,Inlet,2011,,,eColi,1600,>,false,,MPN/100mL,,>1600,dmg-2011
dmg-2011,vidyaranyapura-lake-1-inlet,,Vidyaranyapura Lake 1,Inlet,2011,,,totalColiform,1600,>,false,,MPN/100mL,,>1600,dmg-2011
dmg-2011,yediyur-kere-outlet,,Yediyur kere,Outlet,2011,,,chloride,47.6,,false,,mg/L,,47.6,dmg-2011
dmg-2011,yediyur-kere-outlet,,Yediyur kere,Outlet,2011,,,phosphate,0.1,,false,,mg/L as P,,0.1,dmg-2011
dmg-2011,yediyur-kere-outlet,,Yediyur kere,Outlet,2011,,,tss,2,,false,,mg/L,,2,dmg-2011
dmg-2011,yediyur-kere-outlet,,Yediyur kere,Outlet,2011,,,cod,0.00,,false,,mg/L,,0.00,dmg-2011
dmg-2011,yediyur-kere-outlet,,Yediyur kere,Outlet,2011,,,nitrate,2.01,,false,,mg/L as NO3,,2.01,dmg-2011
dmg-2011,yediyur-kere-outlet,,Yediyur kere,Outlet,2011,,,totalHardness,140,,false,,mg/L as CaCO3,,140,dmg-2011
dmg-2011,yediyur-kere-outlet,,Yediyur kere,Outlet,2011,,,fluoride,0.30,,false,,mg/L,,0.30,dmg-2011
dmg-2011,yediyur-kere-outlet,,Yediyur kere,Outlet,2011,,,ph,8.54,,false,,,,8.54,dmg-2011
dmg-2011,yediyur-kere-outlet,,Yediyur kere,Outlet,2011,,,zinc,0.04,,false,,mg/L,,0.04,dmg-2011
dmg-2011,yediyur-kere-outlet,,Yediyur kere,Outlet,2011,,,lead,,,true,,mg/L,,Nil,dmg-2011
dmg-2011,yediyur-kere-outlet,,Yediyur kere,Outlet,2011,,,copper,0.03,,false,,mg/L,,0.03,dmg-2011
dmg-2011,yediyur-kere-outlet,,Yediyur kere,Outlet,2011,,,manganese,0.06,,false,,mg/L,,0.06,dmg-2011
dmg-2011,yediyur-kere-outlet,,Yediyur kere,Outlet,2011,,,aluminium,4.78,,false,,mg/L,,4.78,dmg-2011
dmg-2011,yediyur-kere-inlet,,Yediyur kere,Inlet,2011,,,chloride,56,,false,,mg/L,,56,dmg-2011
dmg-2011,yediyur-kere-inlet,,Yediyur kere,Inlet,2011,,,phosphate,,,true,,mg/L as P,,Nil,dmg-2011
dmg-2011,yediyur-kere-inlet,,Yediyur kere,Inlet,2011,,,tss,1.5,,false,,mg/L,,1.5,dmg-2011
dmg-2011,yediyur-kere-inlet,,Yediyur kere,Inlet,2011,,,dissolvedOxygen,7.4,,false,,mg/L,,7.4,dmg-2011
dmg-2011,yediyur-kere-inlet,,Yediyur kere,Inlet,2011,,,cod,0.00,,false,,mg/L,,0.00,dmg-2011
dmg-2011,yediyur-kere-inlet,,Yediyur kere,Inlet,2011,,,nitrate,2.33,,false,,mg/L as NO3,,2.33,dmg-2011
dmg-2011,yediyur-kere-inlet,,Yediyur kere,Inlet,2011,,,totalHardness,128,,false,,mg/L as CaCO3,,128,dmg-2011
dmg-2011,yediyur-kere-inlet,,Yediyur kere,Inlet,2011,,,fluoride,0.31,,false,,mg/L,,0.31,dmg-2011
dmg-2011,yediyur-kere-inlet,,Yediyur kere,Inlet,2011,,,ph,8.72,,false,,,,8.72,dmg-2011
dmg-2011,yediyur-kere-inlet,,Yediyur kere,Inlet,2011,,,zinc,0.05,,false,,mg/L,,0.05,dmg-2011
dmg-2011,yediyur-kere-inlet,,Yediyur kere,Inlet,2011,,,lead,,,true,,mg/L,,Nil,dmg-2011
dmg-2011,yediyur-kere-inlet,,Yediyur kere,Inlet,2011,,,copper,0.03,,false,,mg/L,,0.03,dmg-2011
dmg-2011,yediyur-kere-inlet,,Yediyur kere,Inlet,2011,,,manganese,0.07,,false,,mg/L,,0.07,dmg-2011
dmg-2011,yediyur-kere-inlet,,Yediyur kere,Inlet,2011,,,aluminium,2.22,,false,,mg/L,,2.22,dmg-2011
dmg-2011,yediyur-kere-inlet,,Yediyur kere,Inlet,2011,,,eColi,1600,>,false,,MPN/100mL,,>1600,dmg-2011
dmg-2011,yediyur-kere-inlet,,Yediyur kere,Inlet,2011,,,totalColiform,1600,>,false,,MPN/100mL,,>1600,dmg-2011
dmg-2011,yediyur-kere-middle,,Yediyur kere,Middle,2011,,,chloride,64.4,,false,,mg/L,,64.4,dmg-2011
dmg-2011,yediyur-kere-middle,,Yediyur kere,Middle,2011,,,phosphate,0.05,,false,,mg/L as P,,0.05,dmg-2011
dmg-2011,yediyur-kere-middle,,Yediyur kere,Middle,2011,,,tss,47,,false,,mg/L,,47,dmg-2011
dmg-2011,yediyur-kere-middle,,Yediyur kere,Middle,2011,,,cod,0.00,,false,,mg/L,,0.00,dmg-2011
dmg-2011,yediyur-kere-middle,,Yediyur kere,Middle,2011,,,nitrate,2.57,,false,,mg/L as NO3,,2.57,dmg-2011
dmg-2011,yediyur-kere-middle,,Yediyur kere,Middle,2011,,,totalHardness,140,,false,,mg/L as CaCO3,,140,dmg-2011
dmg-2011,yediyur-kere-middle,,Yediyur kere,Middle,2011,,,fluoride,0.32,,false,,mg/L,,0.32,dmg-2011
dmg-2011,yediyur-kere-middle,,Yediyur kere,Middle,2011,,,ph,8.78,,false,,,,8.78,dmg-2011
dmg-2011,yediyur-kere-middle,,Yediyur kere,Middle,2011,,,zinc,0.05,,false,,mg/L,,0.05,dmg-2011
dmg-2011,yediyur-kere-middle,,Yediyur kere,Middle,2011,,,lead,,,true,,mg/L,,Nil,dmg-2011
dmg-2011,yediyur-kere-middle,,Yediyur kere,Middle,2011,,,copper,0.04,,false,,mg/L,,0.04,dmg-2011
dmg-2011,yediyur-kere-middle,,Yediyur kere,Middle,2011,,,manganese,0.31,,false,,mg/L,,0.31,dmg-2011
dmg-2011,yediyur-kere-middle,,Yediyur kere,Middle,2011,,,aluminium,1.16,,false,,mg/L,,1.16,dmg-2011
dmg-2011,yelahanka-kere-outlet,,Yelahanka Kere,Outlet,2011,,,chloride,431,,false,,mg/L,,431,dmg-2011
dmg-2011,yelahanka-kere-outlet,,Yelahanka Kere,Outlet,2011,,,phosphate,0.23,,false,,mg/L as P,,0.23,dmg-2011
dmg-2011,yelahanka-kere-outlet,,Yelahanka Kere,Outlet,2011,,,tss,52,,false,,mg/L,,52,dmg-2011
dmg-2011,yelahanka-kere-outlet,,Yelahanka Kere,Outlet,2011,,,cod,211.00,,false,,mg/L,,211.00,dmg-2011
dmg-2011,yelahanka-kere-outlet,,Yelahanka Kere,Outlet,2011,,,nitrate,9.44,,false,,mg/L as NO3,,9.44,dmg-2011
dmg-2011,yelahanka-kere-outlet,,Yelahanka Kere,Outlet,2011,,,totalHardness,216,,false,,mg/L as CaCO3,,216,dmg-2011
dmg-2011,yelahanka-kere-outlet,,Yelahanka Kere,Outlet,2011,,,fluoride,0.68,,false,,mg/L,,0.68,dmg-2011
dmg-2011,yelahanka-kere-outlet,,Yelahanka Kere,Outlet,2011,,,ph,8.96,,false,,,,8.96,dmg-2011
dmg-2011,yelahanka-kere-outlet,,Yelahanka Kere,Outlet,2011,,,zinc,0.08,,false,,mg/L,,0.08,dmg-2011
dmg-2011,yelahanka-kere-outlet,,Yelahanka Kere,Outlet,2011,,,lead,0.02,,false,,mg/L,,0.02,dmg-2011
dmg-2011,yelahanka-kere-outlet,,Yelahanka Kere,Outlet,2011,,,copper,,,true,,mg/L,,Nil,dmg-2011
dmg-2011,yelahanka-kere-outlet,,Yelahanka Kere,Outlet,2011,,,manganese,0.35,,false,,mg/L,,0.35,dmg-2011
dmg-2011,yelahanka-kere-inlet,,Yelahanka Kere,Inlet,2011,,,chloride,428,,false,,mg/L,,428,dmg-2011
dmg-2011,yelahanka-kere-inlet,,Yelahanka Kere,Inlet,2011,,,phosphate,0.01,,false,,mg/L as P,,0.01,dmg-2011
dmg-2011,yelahanka-kere-inlet,,Yelahanka Kere,Inlet,2011,,,tss,96,,false,,mg/L,,96,dmg-2011
dmg-2011,yelahanka-kere-inlet,,Yelahanka Kere,Inlet,2011,,,dissolvedOxygen,6.8,,false,,mg/L,,6.8,dmg-2011
dmg-2011,yelahanka-kere-inlet,,Yelahanka Kere,Inlet,2011,,,cod,249.60,,false,,mg/L,,249.60,dmg-2011
dmg-2011,yelahanka-kere-inlet,,Yelahanka Kere,Inlet,2011,,,nitrate,11.35,,false,,mg/L as NO3,,11.35,dmg-2011
dmg-2011,yelahanka-kere-inlet,,Yelahanka Kere,Inlet,2011,,,totalHardness,180,,false,,mg/L as CaCO3,,180,dmg-2011
dmg-2011,yelahanka-kere-inlet,,Yelahanka Kere,Inlet,2011,,,fluoride,0.74,,false,,mg/L,,0.74,dmg-2011
dmg-2011,yelahanka-kere-inlet,,Yelahanka Kere,Inlet,2011,,,ph,9.05,,false,,,,9.05,dmg-2011
dmg-2011,yelahanka-kere-inlet,,Yelahanka Kere,Inlet,2011,,,zinc,0.07,,false,,mg/L,,0 07,dmg-2011
dmg-2011,yelahanka-kere-inlet,,Yelahanka Kere,Inlet,2011,,,lead,,,true,,mg/L,,Nil,dmg-2011
dmg-2011,yelahanka-kere-inlet,,Yelahanka Kere,Inlet,2011,,,copper,,,true,,mg/L,,Nil,dmg-2011
dmg-2011,yelahanka-kere-inlet,,Yelahanka Kere,Inlet,2011,,,manganese,0.25,,false,,mg/L,,0.25,dmg-2011
dmg-2011,yelahanka-kere-middle,,Yelahanka Kere,Middle,2011,,,chloride,406,,false,,mg/L,,406,dmg-2011
dmg-2011,yelahanka-kere-middle,,Yelahanka Kere,Middle,2011,,,phosphate,0.01,,false,,mg/L as P,,0.01,dmg-2011
dmg-2011,yelahanka-kere-middle,,Yelahanka Kere,Middle,2011,,,tss,88,,false,,mg/L,,88,dmg-2011
dmg-2011,yelahanka-kere-middle,,Yelahanka Kere,Middle,2011,,,cod,211.00,,false,,mg/L,,211.00,dmg-2011
dmg-2011,yelahanka-kere-middle,,Yelahanka Kere,Middle,2011,,,nitrate,11.79,,false,,mg/L as NO3,,11.79,dmg-2011
dmg-2011,yelahanka-kere-middle,,Yelahanka Kere,Middle,2011,,,totalHardness,188,,false,,mg/L as CaCO3,,188,dmg-2011
dmg-2011,yelahanka-kere-middle,,Yelahanka Kere,Middle,2011,,,fluoride,0.69,,false,,mg/L,,0 69,dmg-2011
dmg-2011,yelahanka-kere-middle,,Yelahanka Kere,Middle,2011,,,ph,9.02,,false,,,,9.02,dmg-2011
dmg-2011,yelahanka-kere-middle,,Yelahanka Kere,Middle,2011,,,zinc,0.08,,false,,mg/L,,0.08,dmg-2011
dmg-2011,yelahanka-kere-middle,,Yelahanka Kere,Middle,2011,,,lead,,,true,,mg/L,,Nil,dmg-2011
dmg-2011,yelahanka-kere-middle,,Yelahanka Kere,Middle,2011,,,copper,,,true,,mg/L,,Nil,dmg-2011
dmg-2011,yelahanka-kere-middle,,Yelahanka Kere,Middle,2011,,,manganese,0.27,,false,,mg/L,,0.27,dmg-2011
dmg-2011,yellamallappa-chetty-kere-inlet,,Yellamallappa chetty kere,Inlet,2011,,,chloride,185,,false,,mg/L,,185,dmg-2011
dmg-2011,yellamallappa-chetty-kere-inlet,,Yellamallappa chetty kere,Inlet,2011,,,phosphate,1.09,,false,,mg/L as P,,1.09,dmg-2011
dmg-2011,yellamallappa-chetty-kere-inlet,,Yellamallappa chetty kere,Inlet,2011,,,tss,4,,false,,mg/L,,4,dmg-2011
dmg-2011,yellamallappa-chetty-kere-inlet,,Yellamallappa chetty kere,Inlet,2011,,,cod,40.00,,false,,mg/L,,40.00,dmg-2011
dmg-2011,yellamallappa-chetty-kere-inlet,,Yellamallappa chetty kere,Inlet,2011,,,nitrate,6.43,,false,,mg/L as NO3,,6.43,dmg-2011
dmg-2011,yellamallappa-chetty-kere-inlet,,Yellamallappa chetty kere,Inlet,2011,,,totalHardness,352,,false,,mg/L as CaCO3,,352,dmg-2011
dmg-2011,yellamallappa-chetty-kere-inlet,,Yellamallappa chetty kere,Inlet,2011,,,fluoride,0.37,,false,,mg/L,,0.37,dmg-2011
dmg-2011,yellamallappa-chetty-kere-inlet,,Yellamallappa chetty kere,Inlet,2011,,,ph,7.95,,false,,,,7.95,dmg-2011
dmg-2011,yellamallappa-chetty-kere-inlet,,Yellamallappa chetty kere,Inlet,2011,,,zinc,0.16,,false,,mg/L,,0.16,dmg-2011
dmg-2011,yellamallappa-chetty-kere-inlet,,Yellamallappa chetty kere,Inlet,2011,,,lead,,,true,,mg/L,,Nil,dmg-2011
dmg-2011,yellamallappa-chetty-kere-inlet,,Yellamallappa chetty kere,Inlet,2011,,,copper,,,true,,mg/L,,Nil,dmg-2011
dmg-2011,yellamallappa-chetty-kere-inlet,,Yellamallappa chetty kere,Inlet,2011,,,manganese,0.35,,false,,mg/L,,0.35,dmg-2011
lakes-2015,kaikondrahalli-lake,,Kaikondrahalli Lake,,2015-05-26,,,ph,8.7,,false,,,,8.7,lakes-2015
lakes-2015,kaikondrahalli-lake,,Kaikondrahalli Lake,,2015-05-26,,,conductivity,1670,,false,,uS/cm,,1670,lakes-2015
lakes-2015,kaikondrahalli-lake,,Kaikondrahalli Lake,,2015-05-26,,,tds,885,,false,,mg/L,,885,lakes-2015
lakes-2015,kaikondrahalli-lake,,Kaikondrahalli Lake,,2015-05-26,,,dissolvedOxygen,3.6,,false,,mg/L,,3.6,lakes-2015
lakes-2015,school-well-adjoining-kkhalli-lake,,School Well adjoining KKhalli Lake,,2015-05-26,,,ph,7.3,,false,,,,7.3,lakes-2015
lakes-2015,school-well-adjoining-kkhalli-lake,,School Well adjoining KKhalli Lake,,2015-05-26,,,conductivity,1420,,false,,uS/cm,,1420,lakes-2015
lakes-2015,school-well-adjoining-kkhalli-lake,,School Well adjoining KKhalli Lake,,2015-05-26,,,tds,703,,false,,mg/L,,703,lakes-2015
lakes-2015,school-well-adjoining-kkhalli-lake,,School Well adjoining KKhalli Lake,,2015-05-26,,,dissolvedOxygen,3.2,,false,,mg/L,,3.2,lakes-2015
lakes-2015,sowl-kere,,Sowl Kere,,2015-05-26,,,ph,9.3,,false,,,,9.3,lakes-2015
lakes-2015,sowl-kere,,Sowl Kere,,2015-05-26,,,conductivity,1200,,false,,uS/cm,,1200,lakes-2015
lakes-2015,sowl-kere,,Sowl Kere,,2015-05-26,,,tds,592,,false,,mg/L,,592,lakes-2015
lakes-2015,sowl-kere,,Sowl Kere,,2015-05-26,,,dissolvedOxygen,6.6,,false,,mg/L,,6.6,lakes-2015
lakes-2015,puttenahalli-lake,,Puttenahalli Lake,,2015-05-31,,,ph,7.9,,false,,,,7.9,lakes-2015
lakes-2015,puttenahalli-lake,,Puttenahalli Lake,,2015-05-31,,,conductivity,666,,false,,uS/cm,,666,lakes-2015
lakes-2015,puttenahalli-lake,,Puttenahalli Lake,,2015-05-31,,,tds,815,,false,,mg/L,,815,lakes-2015
lakes-2015,puttenahalli-lake,,Puttenahalli Lake,,2015-05-31,,,dissolvedOxygen,6.3,,false,,mg/L,,6.3,lakes-2015
lakes-2015,kasavanahalli-lake,,Kasavanahalli Lake,,2015-06-09,,,ph,8.9,,false,,,,8.9,lakes-2015
lakes-2015,kasavanahalli-lake,,Kasavanahalli Lake,,2015-06-09,,,conductivity,1370,,false,,uS/cm,,1370,lakes-2015
lakes-2015,kasavanahalli-lake,,Kasavanahalli Lake,,2015-06-09,,,tds,692,,false,,mg/L,,692,lakes-2015
lakes-2015,kasavanahalli-lake,,Kasavanahalli Lake,,2015-06-09,,,dissolvedOxygen,25,,false,,mg/L,,25,lakes-2015
lakes-2015,kasavanahalli-lake,,Kasavanahalli Lake,,2015-06-09,,,temperature,30.8,,false,,degC,,30.8,lakes-2015
lakes-2015,dodda-ambalipura,,Dodda Ambalipura,,2015-07-16,,,ph,9.2,,false,,,,9.2,lakes-2015
lakes-2015,dodda-ambalipura,,Dodda Ambalipura,,2015-07-16,,,conductivity,2930,,false,,uS/cm,,2930,lakes-2015
lakes-2015,dodda-ambalipura,,Dodda Ambalipura,,2015-07-16,,,tds,2020,,false,,mg/L,,2020,lakes-2015
lakes-2015,dodda-ambalipura,,Dodda Ambalipura,,2015-07-16,,,dissolvedOxygen,15.8,,false,,mg/L,,15.8,lakes-2015
lakes-2015,dodda-ambalipura,,Dodda Ambalipura,,2015-07-16,,,temperature,27,,false,,degC,,27,lakes-2015
lakes-2015,chikka-kudlu-lake,,Chikka Kudlu Lake,,2015-07-16,,,ph,8.7,,false,,,,8.7,lakes-2015
lakes-2015,chikka-kudlu-lake,,Chikka Kudlu Lake,,2015-07-16,,,conductivity,1230,,false,,uS/cm,,1230,lakes-2015
lakes-2015,chikka-kudlu-lake,,Chikka Kudlu Lake,,2015-07-16,,,tds,613,,false,,mg/L,,613,lakes-2015
lakes-2015,chikka-kudlu-lake,,Chikka Kudlu Lake,,2015-07-16,,,dissolvedOxygen,35.6,,false,,mg/L,,35.6,lakes-2015
lakes-2015,chikka-kudlu-lake,,Chikka Kudlu Lake,,2015-07-16,,,temperature,29,,false,,degC,,29,lakes-2015
lakes-2015,haralur-lake,,Haralur Lake,,2015-07-16,,,ph,8.2,,false,,,,8.2,lakes-2015
lakes-2015,haralur-lake,,Haralur Lake,,2015-07-16,,,conductivity,1210,,false,,uS/cm,,1210,lakes-2015
lakes-2015,haralur-lake,,Haralur Lake,,2015-07-16,,,tds,605,,false,,mg/L,,605,lakes-2015
lakes-2015,haralur-lake,,Haralur Lake,,2015-07-16,,,dissolvedOxygen,17.5,,false,,mg/L,,17.5,lakes-2015
lakes-2015,haralur-lake,,Haralur Lake,,2015-07-16,,,temperature,31.2,,false,,degC,,31.2,lakes-2015
lakes-2015,parapana-agrahara-lake,,Parapana Agrahara Lake,,2015-07-16,,,ph,8.4,,false,,,,8.4,lakes-2015
lakes-2015,parapana-agrahara-lake,,Parapana Agrahara Lake,,2015-07-16,,,conductivity,957,,false,,uS/cm,,957,lakes-2015
lakes-2015,parapana-agrahara-lake,,Parapana Agrahara Lake,,2015-07-16,,,tds,472,,false,,mg/L,,472,lakes-2015
lakes-2015,parapana-agrahara-lake,,Parapana Agrahara Lake,,2015-07-16,,,dissolvedOxygen,17.1,,false,,mg/L,,17.1,lakes-2015
lakes-2015,parapana-agrahara-lake,,Parapana Agrahara Lake,,2015-07-16,,,temperature,31,,false,,degC,,31,lakes-2015
jakkur-2015,jakkur-lake-jk-1,JK-1,Jakkur Lake,Main gate water Runoff point,2015-05-11,13.083533,77.6096,ph,8.97,,false,,,,8.97,jakkur-2015
jakkur-2015,jakkur-lake-jk-1,JK-1,Jakkur Lake,Main gate water Runoff point,2015-05-11,13.083533,77.6096,conductivity,1114,,false,,uS/cm,,1114,jakkur-2015
jakkur-2015,jakkur-lake-jk-1,JK-1,Jakkur Lake,Main gate water Runoff point,2015-05-11,13.083533,77.6096,orp,-137,,false,,mV,,-137,jakkur-2015
jakkur-2015,jakkur-lake-jk-1,JK-1,Jakkur Lake,Main gate water Runoff point,2015-05-11,13.083533,77.6096,dissolvedOxygen,4.25,,false,,mg/L,,4.25,jakkur-2015
jakkur-2015,jakkur-lake-jk-1,JK-1,Jakkur Lake,Main gate water Runoff point,2015-05-11,13.083533,77.6096,nitrate,23.32,,false,,mg/L,,23.32,jakkur-2015
jakkur-2015,jakkur-lake-jk-1,JK-1,Jakkur Lake,Main gate water Runoff point,2015-05-11,13.083533,77.6096,fecalColiform,7800,,false,,MPN/100mL,,7.8E+03,jakkur-2015
jakkur-2015,jakkur-lake-jk-1,JK-1,Jakkur Lake,Main gate water Runoff point,2015-05-11,13.083533,77.6096,tss,160,,false,,mg/L,,160,jakkur-2015
jakkur-2015,jakkur-lake-jk-1,JK-1,Jakkur Lake,Main gate water Runoff point,2015-05-11,13.083533,77.6096,bod,60.0,,false,,mg/L,,60.0,jakkur-2015
jakkur-2015,jakkur-lake-jk-1,JK-1,Jakkur Lake,Main gate water Runoff point,2015-05-11,13.083533,77.6096,dissolvedBod,38.0,,false,,mg/L,,38.0,jakkur-2015
jakkur-2015,jakkur-lake-jk-1,JK-1,Jakkur Lake,Main gate water Runoff point,2015-05-11,13.083533,77.6096,cod,69.7,,false,,mg/L,,69.7,jakkur-2015
jakkur-2015,jakkur-lake-jk-1,JK-1,Jakkur Lake,Main gate water Runoff point,2015-05-11,13.083533,77.6096,phosphate,0.5,,false,,mg/L,,0.5,jakkur-2015
jakkur-2015,jakkur-lake-jk-2,JK-2,Jakkur Lake,Wetland Outlet point,2015-05-11,13.09235,77.607283,ph,7.53,,false,,,,7.53,jakkur-2015
jakkur-2015,jakkur-lake-jk-2,JK-2,Jakkur Lake,Wetland Outlet point,2015-05-11,13.09235,77.607283,conductivity,1400,,false,,uS/cm,,1400,jakkur-2015
jakkur-2015,jakkur-lake-jk-2,JK-2,Jakkur Lake,Wetland Outlet point,2015-05-11,13.09235,77.607283,orp,-56,,false,,mV,,-56,jakkur-2015
jakkur-2015,jakkur-lake-jk-2,JK-2,Jakkur Lake,Wetland Outlet point,2015-05-11,13.09235,77.607283,dissolvedOxygen,0.00,,false,,mg/L,,0.00,jakkur-2015
jakkur-2015,jakkur-lake-jk-2,JK-2,Jakkur Lake,Wetland Outlet point,2015-05-11,13.09235,77.607283,nitrate,7.04,,false,,mg/L,,7.04,jakkur-2015
jakkur-2015,jakkur-lake-jk-2,JK-2,Jakkur Lake,Wetland Outlet point,2015-05-11,13.09235,77.607283,fecalColiform,920000,,false,,MPN/100mL,,9.2E+05,jakkur-2015
jakkur-2015,jakkur-lake-jk-2,JK-2,Jakkur Lake,Wetland Outlet point,2015-05-11,13.09235,77.607283,tss,70,,false,,mg/L,,70,jakkur-2015
jakkur-2015,jakkur-lake-jk-2,JK-2,Jakkur Lake,Wetland Outlet point,2015-05-11,13.09235,77.607283,bod,11.2,,false,,mg/L,,11.2,jakkur-2015
jakkur-2015,jakkur-lake-jk-2,JK-2,Jakkur Lake,Wetland Outlet point,2015-05-11,13.09235,77.607283,dissolvedBod,5.0,,false,,mg/L,,5.0,jakkur-2015
jakkur-2015,jakkur-lake-jk-2,JK-2,Jakkur Lake,Wetland Outlet point,2015-05-11,13.09235,77.607283,cod,38.8,,false,,mg/L,,38.8,jakkur-2015
jakkur-2015,jakkur-lake-jk-2,JK-2,Jakkur Lake,Wetland Outlet point,2015-05-11,13.09235,77.607283,phosphate,0.3,,false,,mg/L,,0.3,jakkur-2015
jakkur-2015,jakkur-lake-jk-3,JK-3,Jakkur Lake,Jakkur lake STP outlet point,2015-05-11,13.094333,77.607667,ph,7.76,,false,,,,7.76,jakkur-2015
jakkur-2015,jakkur-lake-jk-3,JK-3,Jakkur Lake,Jakkur lake STP outlet point,2015-05-11,13.094333,77.607667,conductivity,1419,,false,,uS/cm,,1419,jakkur-2015
jakkur-2015,jakkur-lake-jk-3,JK-3,Jakkur Lake,Jakkur lake STP outlet point,2015-05-11,13.094333,77.607667,orp,-69,,false,,mV,,-69,jakkur-2015
jakkur-2015,jakkur-lake-jk-3,JK-3,Jakkur Lake,Jakkur lake STP outlet point,2015-05-11,13.094333,77.607667,dissolvedOxygen,4.00,,false,,mg/L,,4.00,jakkur-2015
jakkur-2015,jakkur-lake-jk-3,JK-3,Jakkur Lake,Jakkur lake STP outlet point,2015-05-11,13.094333,77.607667,nitrate,6.60,,false,,mg/L,,6.60,jakkur-2015
jakkur-2015,jakkur-lake-jk-3,JK-3,Jakkur Lake,Jakkur lake STP outlet point,2015-05-11,13.094333,77.607667,fecalColiform,540000,,false,,MPN/100mL,,5.4E+05,jakkur-2015
jakkur-2015,jakkur-lake-jk-3,JK-3,Jakkur Lake,Jakkur lake STP outlet point,2015-05-11,13.094333,77.607667,tss,110,,false,,mg/L,,110,jakkur-2015
jakkur-2015,jakkur-lake-jk-3,JK-3,Jakkur Lake,Jakkur lake STP outlet point,2015-05-11,13.094333,77.607667,bod,25.0,,false,,mg/L,,25.0,jakkur-2015
jakkur-2015,jakkur-lake-jk-3,JK-3,Jakkur Lake,Jakkur lake STP outlet point,2015-05-11,13.094333,77.607667,dissolvedBod,5.0,,false,,mg/L,,5.0,jakkur-2015
jakkur-2015,jakkur-lake-jk-3,JK-3,Jakkur Lake,Jakkur lake STP outlet point,2015-05-11,13.094333,77.607667,cod,89.6,,false,,mg/L,,89.6,jakkur-2015
jakkur-2015,jakkur-lake-jk-3,JK-3,Jakkur Lake,Jakkur lake STP outlet point,2015-05-11,13.094333,77.607667,phosphate,0.5,,false,,mg/L,,0.5,jakkur-2015
jakkur-2015,jakkur-lake-jk-4,JK-4,Jakkur Lake,Raw sewage point,2015-05-11,13.094333,77.607667,ph,7.32,,false,,,,7.32,jakkur-2015
jakkur-2015,jakkur-lake-jk-4,JK-4,Jakkur Lake,Raw sewage point,2015-05-11,13.094333,77.607667,conductivity,2000,,false,,uS/cm,,2000,jakkur-2015
jakkur-2015,jakkur-lake-jk-4,JK-4,Jakkur Lake,Raw sewage point,2015-05-11,13.094333,77.607667,orp,-45,,false,,mV,,-45,jakkur-2015
jakkur-2015,jakkur-lake-jk-4,JK-4,Jakkur Lake,Raw sewage point,2015-05-11,13.094333,77.607667,dissolvedOxygen,0.00,,false,,mg/L,,0.00,jakkur-2015
jakkur-2015,jakkur-lake-jk-4,JK-4,Jakkur Lake,Raw sewage point,2015-05-11,13.094333,77.607667,nitrate,3.96,,false,,mg/L,,3.96,jakkur-2015
jakkur-2015,jakkur-lake-jk-4,JK-4,Jakkur Lake,Raw sewage point,2015-05-11,13.094333,77.607667,fecalColiform,540000,,false,,MPN/100mL,,5.4E+05,jakkur-2015
jakkur-2015,jakkur-lake-jk-4,JK-4,Jakkur Lake,Raw sewage point,2015-05-11,13.094333,77.607667,tss,160,,false,,mg/L,,160,jakkur-2015
jakkur-2015,jakkur-lake-jk-4,JK-4,Jakkur Lake,Raw sewage point,2015-05-11,13.094333,77.607667,bod,26.0,,false,,mg/L,,26.0,jakkur-2015
jakkur-2015,jakkur-lake-jk-4,JK-4,Jakkur Lake,Raw sewage point,2015-05-11,13.094333,77.607667,dissolvedBod,28.0,,false,,mg/L,,28.0,jakkur-2015
jakkur-2015,jakkur-lake-jk-4,JK-4,Jakkur Lake,Raw sewage point,2015-05-11,13.094333,77.607667,cod,55.8,,false,,mg/L,,55.8,jakkur-2015
jakkur-2015,jakkur-lake-jk-4,JK-4,Jakkur Lake,Raw sewage point,2015-05-11,13.094333,77.607667,phosphate,0.6,,false,,mg/L,,0.6,jakkur-2015
jakkur-2015,jakkur-lake-jk-5,JK-5,Jakkur Lake,Jakkur lake-Lake sample point,2015-05-11,13.08675,77.611283,ph,8.72,,false,,,,8.72,jakkur-2015
jakkur-2015,jakkur-lake-jk-5,JK-5,Jakkur Lake,Jakkur lake-Lake sample point,2015-05-11,13.08675,77.611283,conductivity,1124,,false,,uS/cm,,1124,jakkur-2015
jakkur-2015,jakkur-lake-jk-5,JK-5,Jakkur Lake,Jakkur lake-Lake sample point,2015-05-11,13.08675,77.611283,orp,-126,,false,,mV,,-126,jakkur-2015
jakkur-2015,jakkur-lake-jk-5,JK-5,Jakkur Lake,Jakkur lake-Lake sample point,2015-05-11,13.08675,77.611283,dissolvedOxygen,1.90,,false,,mg/L,,1.90,jakkur-2015
jakkur-2015,jakkur-lake-jk-5,JK-5,Jakkur Lake,Jakkur lake-Lake sample point,2015-05-11,13.08675,77.611283,nitrate,5.72,,false,,mg/L,,5.72,jakkur-2015
jakkur-2015,jakkur-lake-jk-5,JK-5,Jakkur Lake,Jakkur lake-Lake sample point,2015-05-11,13.08675,77.611283,fecalColiform,2000,,false,,MPN/100mL,,2.0E+03,jakkur-2015
jakkur-2015,jakkur-lake-jk-5,JK-5,Jakkur Lake,Jakkur lake-Lake sample point,2015-05-11,13.08675,77.611283,tss,200,,false,,mg/L,,200,jakkur-2015
jakkur-2015,jakkur-lake-jk-5,JK-5,Jakkur Lake,Jakkur lake-Lake sample point,2015-05-11,13.08675,77.611283,bod,50.0,,false,,mg/L,,50.0,jakkur-2015
jakkur-2015,jakkur-lake-jk-5,JK-5,Jakkur Lake,Jakkur lake-Lake sample point,2015-05-11,13.08675,77.611283,dissolvedBod,35.0,,false,,mg/L,,35.0,jakkur-2015
jakkur-2015,jakkur-lake-jk-5,JK-5,Jakkur Lake,Jakkur lake-Lake sample point,2015-05-11,13.08675,77.611283,cod,55.8,,false,,mg/L,,55.8,jakkur-2015
jakkur-2015,jakkur-lake-jk-5,JK-5,Jakkur Lake,Jakkur lake-Lake sample point,2015-05-11,13.08675,77.611283,phosphate,0.3,,false,,mg/L,,0.3,jakkur-2015
jakkur-2015,jakkur-lake-jk-6,JK-6,Jakkur Lake,Jakkur lake outlet point I,2015-05-11,13.0802,77.614667,ph,8.55,,false,,,,8.55,jakkur-2015
jakkur-2015,jakkur-lake-jk-6,JK-6,Jakkur Lake,Jakkur lake outlet point I,2015-05-11,13.0802,77.614667,conductivity,1134,,false,,uS/cm,,1134,jakkur-2015
jakkur-2015,jakkur-lake-jk-6,JK-6,Jakkur Lake,Jakkur lake outlet point I,2015-05-11,13.0802,77.614667,orp,-116,,false,,mV,,-116,jakkur-2015
jakkur-2015,jakkur-lake-jk-6,JK-6,Jakkur Lake,Jakkur lake outlet point I,2015-05-11,13.0802,77.614667,dissolvedOxygen,5.90,,false,,mg/L,,5.90,jakkur-2015
jakkur-2015,jakkur-lake-jk-6,JK-6,Jakkur Lake,Jakkur lake outlet point I,2015-05-11,13.0802,77.614667,nitrate,41.36,,false,,mg/L,,41.36,jakkur-2015
jakkur-2015,jakkur-lake-jk-6,JK-6,Jakkur Lake,Jakkur lake outlet point I,2015-05-11,13.0802,77.614667,fecalColiform,6100,,false,,MPN/100mL,,6.1E+03,jakkur-2015
jakkur-2015,jakkur-lake-jk-6,JK-6,Jakkur Lake,Jakkur lake outlet point I,2015-05-11,13.0802,77.614667,tss,110,,false,,mg/L,,110,jakkur-2015
jakkur-2015,jakkur-lake-jk-6,JK-6,Jakkur Lake,Jakkur lake outlet point I,2015-05-11,13.0802,77.614667,bod,36.0,,false,,mg/L,,36.0,jakkur-2015
jakkur-2015,jakkur-lake-jk-6,JK-6,Jakkur Lake,Jakkur lake outlet point I,2015-05-11,13.0802,77.614667,dissolvedBod,34.0,,false,,mg/L,,34.0,jakkur-2015
jakkur-2015,jakkur-lake-jk-6,JK-6,Jakkur Lake,Jakkur lake outlet point I,2015-05-11,13.0802,77.614667,cod,48.8,,false,,mg/L,,48.8,jakkur-2015
jakkur-2015,jakkur-lake-jk-6,JK-6,Jakkur Lake,Jakkur lake outlet point I,2015-05-11,13.0802,77.614667,phosphate,0.3,,false,,mg/L,,0.3,jakkur-2015
jakkur-2015,jakkur-lake-jk-1,JK-1,Jakkur Lake,Main gate water Runoff point,2015-06-03,13.083533,77.6096,ph,8.50,,false,,,,8.50,jakkur-2015
jakkur-2015,jakkur-lake-jk-1,JK-1,Jakkur Lake,Main gate water Runoff point,2015-06-03,13.083533,77.6096,conductivity,1110,,false,,uS/cm,,1110,jakkur-2015
jakkur-2015,jakkur-lake-jk-1,JK-1,Jakkur Lake,Main gate water Runoff point,2015-06-03,13.083533,77.6096,orp,,,false,,mV,,-,jakkur-2015
jakkur-2015,jakkur-lake-jk-1,JK-1,Jakkur Lake,Main gate water Runoff point,2015-06-03,13.083533,77.6096,dissolvedOxygen,12.40,,false,,mg/L,,12.40,jakkur-2015
jakkur-2015,jakkur-lake-jk-1,JK-1,Jakkur Lake,Main gate water Runoff point,2015-06-03,13.083533,77.6096,nitrate,11.00,,false,,mg/L,,11.00,jakkur-2015
jakkur-2015,jakkur-lake-jk-1,JK-1,Jakkur Lake,Main gate water Runoff point,2015-06-03,13.083533,77.6096,fecalColiform,4000,,false,,MPN/100mL,,4.0E+03,jakkur-2015
jakkur-2015,jakkur-lake-jk-1,JK-1,Jakkur Lake,Main gate water Runoff point,2015-06-03,13.083533,77.6096,tss,60,,false,,mg/L,,60,jakkur-2015
jakkur-2015,jakkur-lake-jk-1,JK-1,Jakkur Lake,Main gate water Runoff point,2015-06-03,13.083533,77.6096,bod,43.5,,false,,mg/L,,43.5,jakkur-2015
jakkur-2015,jakkur-lake-jk-1,JK-1,Jakkur Lake,Main gate water Runoff point,2015-06-03,13.083533,77.6096,dissolvedBod,13.5,,false,,mg/L,,13.5,jakkur-2015
jakkur-2015,jakkur-lake-jk-1,JK-1,Jakkur Lake,Main gate water Runoff point,2015-06-03,13.083533,77.6096,cod,90.0,,false,,mg/L,,90.0,jakkur-2015
jakkur-2015,jakkur-lake-jk-1,JK-1,Jakkur Lake,Main gate water Runoff point,2015-06-03,13.083533,77.6096,dissolvedCod,20.0,,false,,mg/L,,20.0,jakkur-2015
jakkur-2015,jakkur-lake-jk-1,JK-1,Jakkur Lake,Main gate water Runoff point,2015-06-03,13.083533,77.6096,phosphate,0.5,,false,,mg/L,,0.5,jakkur-2015
jakkur-2015,jakkur-lake-jk-2,JK-2,Jakkur Lake,Wetland Outlet point,2015-06-03,13.09235,77.607283,ph,7.60,,false,,,,7.60,jakkur-2015
jakkur-2015,jakkur-lake-jk-2,JK-2,Jakkur Lake,Wetland Outlet point,2015-06-03,13.09235,77.607283,conductivity,1412,,false,,uS/cm,,1412,jakkur-2015
jakkur-2015,jakkur-lake-jk-2,JK-2,Jakkur Lake,Wetland Outlet point,2015-06-03,13.09235,77.607283,orp,,,false,,mV,,-,jakkur-2015
jakkur-2015,jakkur-lake-jk-2,JK-2,Jakkur Lake,Wetland Outlet point,2015-06-03,13.09235,77.607283,dissolvedOxygen,0.55,,false,,mg/L,,0.55,jakkur-2015
jakkur-2015,jakkur-lake-jk-2,JK-2,Jakkur Lake,Wetland Outlet point,2015-06-03,13.09235,77.607283,nitrate,14.08,,false,,mg/L,,14.08,jakkur-2015
jakkur-2015,jakkur-lake-jk-2,JK-2,Jakkur Lake,Wetland Outlet point,2015-06-03,13.09235,77.607283,fecalColiform,4800,,false,,MPN/100mL,,4.8E+03,jakkur-2015
jakkur-2015,jakkur-lake-jk-2,JK-2,Jakkur Lake,Wetland Outlet point,2015-06-03,13.09235,77.607283,tss,40,,false,,mg/L,,40,jakkur-2015
jakkur-2015,jakkur-lake-jk-2,JK-2,Jakkur Lake,Wetland Outlet point,2015-06-03,13.09235,77.607283,bod,8.5,,false,,mg/L,,8.5,jakkur-2015
jakkur-2015,jakkur-lake-jk-2,JK-2,Jakkur Lake,Wetland Outlet point,2015-06-03,13.09235,77.607283,dissolvedBod,8.4,,false,,mg/L,,8.4,jakkur-2015
jakkur-2015,jakkur-lake-jk-2,JK-2,Jakkur Lake,Wetland Outlet point,2015-06-03,13.09235,77.607283,cod,40.0,,false,,mg/L,,40.0,jakkur-2015
jakkur-2015,jakkur-lake-jk-2,JK-2,Jakkur Lake,Wetland Outlet point,2015-06-03,13.09235,77.607283,dissolvedCod,20.0,,false,,mg/L,,20.0,jakkur-2015
jakkur-2015,jakkur-lake-jk-2,JK-2,Jakkur Lake,Wetland Outlet point,2015-06-03,13.09235,77.607283,phosphate,0.4,,false,,mg/L,,0.4,jakkur-2015
jakkur-2015,jakkur-lake-jk-3,JK-3,Jakkur Lake,Jakkur lake STP outlet point,2015-06-03,13.094333,77.607667,ph,7.45,,false,,,,7.45,jakkur-2015
jakkur-2015,jakkur-lake-jk-3,JK-3,Jakkur Lake,Jakkur lake STP outlet point,2015-06-03,13.094333,77.607667,conductivity,1400,,false,,uS/cm,,1400,jakkur-2015
jakkur-2015,jakkur-lake-jk-3,JK-3,Jakkur Lake,Jakkur lake STP outlet point,2015-06-03,13.094333,77.607667,orp,,,false,,mV,,-,jakkur-2015
jakkur-2015,jakkur-lake-jk-3,JK-3,Jakkur Lake,Jakkur lake STP outlet point,2015-06-03,13.094333,77.607667,dissolvedOxygen,2.45,,false,,mg/L,,2.45,jakkur-2015
jakkur-2015,jakkur-lake-jk-3,JK-3,Jakkur Lake,Jakkur lake STP outlet point,2015-06-03,13.094333,77.607667,nitrate,13.64,,false,,mg/L,,13.64,jakkur-2015
jakkur-2015,jakkur-lake-jk-3,JK-3,Jakkur Lake,Jakkur lake STP outlet point,2015-06-03,13.094333,77.607667,fecalColiform,70000,,false,,MPN/100mL,,7.0E+04,jakkur-2015
jakkur-2015,jakkur-lake-jk-3,JK-3,Jakkur Lake,Jakkur lake STP outlet point,2015-06-03,13.094333,77.607667,tss,80,,false,,mg/L,,80,jakkur-2015
jakkur-2015,jakkur-lake-jk-3,JK-3,Jakkur Lake,Jakkur lake STP outlet point,2015-06-03,13.094333,77.607667,bod,8.7,,false,,mg/L,,8.7,jakkur-2015
jakkur-2015,jakkur-lake-jk-3,JK-3,Jakkur Lake,Jakkur lake STP outlet point,2015-06-03,13.094333,77.607667,dissolvedBod,5.9,,false,,mg/L,,5.9,jakkur-2015
jakkur-2015,jakkur-lake-jk-3,JK-3,Jakkur Lake,Jakkur lake STP outlet point,2015-06-03,13.094333,77.607667,cod,50.0,,false,,mg/L,,50.0,jakkur-2015
jakkur-2015,jakkur-lake-jk-3,JK-3,Jakkur Lake,Jakkur lake STP outlet point,2015-06-03,13.094333,77.607667,dissolvedCod,30.0,,false,,mg/L,,30.0,jakkur-2015
jakkur-2015,jakkur-lake-jk-3,JK-3,Jakkur Lake,Jakkur lake STP outlet point,2015-06-03,13.094333,77.607667,phosphate,0.5,,false,,mg/L,,0.5,jakkur-2015
jakkur-2015,jakkur-lake-jk-4,JK-4,Jakkur Lake,Raw sewage point,2015-06-03,13.094333,77.607667,ph,7.32,,false,,,,7.32,jakkur-2015
jakkur-2015,jakkur-lake-jk-4,JK-4,Jakkur Lake,Raw sewage point,2015-06-03,13.094333,77.607667,conductivity,1900,,false,,uS/cm,,1900,jakkur-2015
jakkur-2015,jakkur-lake-jk-4,JK-4,Jakkur Lake,Raw sewage point,2015-06-03,13.094333,77.607667,orp,,,false,,mV,,-,jakkur-2015
jakkur-2015,jakkur-lake-jk-4,JK-4,Jakkur Lake,Raw sewage point,2015-06-03,13.094333,77.607667,dissolvedOxygen,0.00,,false,,mg/L,,0.00,jakkur-2015
jakkur-2015,jakkur-lake-jk-4,JK-4,Jakkur Lake,Raw sewage point,2015-06-03,13.094333,77.607667,nitrate,3.96,,false,,mg/L,,3.96,jakkur-2015
jakkur-2015,jakkur-lake-jk-4,JK-4,Jakkur Lake,Raw sewage point,2015-06-03,13.094333,77.607667,fecalColiform,35000,,false,,MPN/100mL,,3.5E+04,jakkur-2015
jakkur-2015,jakkur-lake-jk-4,JK-4,Jakkur Lake,Raw sewage point,2015-06-03,13.094333,77.607667,tss,50,,false,,mg/L,,50,jakkur-2015
jakkur-2015,jakkur-lake-jk-4,JK-4,Jakkur Lake,Raw sewage point,2015-06-03,13.094333,77.607667,bod,21.0,,false,,mg/L,,21.0,jakkur-2015
jakkur-2015,jakkur-lake-jk-4,JK-4,Jakkur Lake,Raw sewage point,2015-06-03,13.094333,77.607667,dissolvedBod,3.4,,false,,mg/L,,3.4,jakkur-2015
jakkur-2015,jakkur-lake-jk-4,JK-4,Jakkur Lake,Raw sewage point,2015-06-03,13.094333,77.607667,cod,60.0,,false,,mg/L,,60.0,jakkur-2015
jakkur-2015,jakkur-lake-jk-4,JK-4,Jakkur Lake,Raw sewage point,2015-06-03,13.094333,77.607667,dissolvedCod,30.0,,false,,mg/L,,30.0,jakkur-2015
jakkur-2015,jakkur-lake-jk-4,JK-4,Jakkur Lake,Raw sewage point,2015-06-03,13.094333,77.607667,phosphate,0.5,,false,,mg/L,,0.5,jakkur-2015
jakkur-2015,jakkur-lake-jk-6,JK-6,Jakkur Lake,Jakkur lake outlet point I,2015-06-03,13.0802,77.614667,ph,8.10,,false,,,,8.10,jakkur-2015
jakkur-2015,jakkur-lake-jk-6,JK-6,Jakkur Lake,Jakkur lake outlet point I,2015-06-03,13.0802,77.614667,conductivity,1119,,false,,uS/cm,,1119,jakkur-2015
jakkur-2015,jakkur-lake-jk-6,JK-6,Jakkur Lake,Jakkur lake outlet point I,2015-06-03,13.0802,77.614667,orp,,,false,,mV,,-,jakkur-2015
jakkur-2015,jakkur-lake-jk-6,JK-6,Jakkur Lake,Jakkur lake outlet point I,2015-06-03,13.0802,77.614667,dissolvedOxygen,11.40,,false,,mg/L,,11.40,jakkur-2015
jakkur-2015,jakkur-lake-jk-6,JK-6,Jakkur Lake,Jakkur lake outlet point I,2015-06-03,13.0802,77.614667,nitrate,5.72,,false,,mg/L,,5.72,jakkur-2015
jakkur-2015,jakkur-lake-jk-6,JK-6,Jakkur Lake,Jakkur lake outlet point I,2015-06-03,13.0802,77.614667,fecalColiform,6800,,false,,MPN/100mL,,6.8E+03,jakkur-2015
jakkur-2015,jakkur-lake-jk-6,JK-6,Jakkur Lake,Jakkur lake outlet point I,2015-06-03,13.0802,77.614667,tss,60,,false,,mg/L,,60,jakkur-2015
jakkur-2015,jakkur-lake-jk-6,JK-6,Jakkur Lake,Jakkur lake outlet point I,2015-06-03,13.0802,77.614667,bod,41.0,,false,,mg/L,,41.0,jakkur-2015
jakkur-2015,jakkur-lake-jk-6,JK-6,Jakkur Lake,Jakkur lake outlet point I,2015-06-03,13.0802,77.614667,dissolvedBod,18.0,,false,,mg/L,,18.0,jakkur-2015
jakkur-2015,jakkur-lake-jk-6,JK-6,Jakkur Lake,Jakkur lake outlet point I,2015-06-03,13.0802,77.614667,cod,100.0,,false,,mg/L,,100.0,jakkur-2015
jakkur-2015,jakkur-lake-jk-6,JK-6,Jakkur Lake,Jakkur lake outlet point I,2015-06-03,13.0802,77.614667,dissolvedCod,20.0,,false,,mg/L,,20.0,jakkur-2015
jakkur-2015,jakkur-lake-jk-6,JK-6,Jakkur Lake,Jakkur lake outlet point I,2015-06-03,13.0802,77.614667,phosphate,0.3,,false,,mg/L,,0.3,jakkur-2015
jakkur-2015,jakkur-lake-jk-1,JK-1,Jakkur Lake,Main gate water Runoff point,2015-07-07,13.083533,77.6096,temperature,26.9,,false,,degC,,26.9,jakkur-2015
jakkur-2015,jakkur-lake-jk-1,JK-1,Jakkur Lake,Main gate water Runoff point,2015-07-07,13.083533,77.6096,ph,7.74,,false,,,,7.74,jakkur-2015
jakkur-2015,jakkur-lake-jk-1,JK-1,Jakkur Lake,Main gate water Runoff point,2015-07-07,13.083533,77.6096,conductivity,995,,false,,uS/cm,,995,jakkur-2015
jakkur-2015,jakkur-lake-jk-1,JK-1,Jakkur Lake,Main gate water Runoff point,2015-07-07,13.083533,77.6096,orp,-65,,false,,mV,,-65,jakkur-2015
jakkur-2015,jakkur-lake-jk-1,JK-1,Jakkur Lake,Main gate water Runoff point,2015-07-07,13.083533,77.6096,dissolvedOxygen,12.70,,false,,mg/L,,12.70,jakkur-2015
jakkur-2015,jakkur-lake-jk-1,JK-1,Jakkur Lake,Main gate water Runoff point,2015-07-07,13.083533,77.6096,nitrate,42.68,,false,,mg/L,,42.68,jakkur-2015
jakkur-2015,jakkur-lake-jk-1,JK-1,Jakkur Lake,Main gate water Runoff point,2015-07-07,13.083533,77.6096,fecalColiform,2000,,false,,MPN/100mL,,2.0E+03,jakkur-2015
jakkur-2015,jakkur-lake-jk-1,JK-1,Jakkur Lake,Main gate water Runoff point,2015-07-07,13.083533,77.6096,tss,90,,false,,mg/L,,90,jakkur-2015
jakkur-2015,jakkur-lake-jk-1,JK-1,Jakkur Lake,Main gate water Runoff point,2015-07-07,13.083533,77.6096,bod,35.0,,false,,mg/L,,35.0,jakkur-2015
jakkur-2015,jakkur-lake-jk-1,JK-1,Jakkur Lake,Main gate water Runoff point,2015-07-07,13.083533,77.6096,dissolvedBod,12.0,,false,,mg/L,,12.0,jakkur-2015
jakkur-2015,jakkur-lake-jk-1,JK-1,Jakkur Lake,Main gate water Runoff point,2015-07-07,13.083533,77.6096,cod,121.1,,false,,mg/L,,121.1,jakkur-2015
jakkur-2015,jakkur-lake-jk-1,JK-1,Jakkur Lake,Main gate water Runoff point,2015-07-07,13.083533,77.6096,dissolvedCod,24.2,,false,,mg/L,,24.2,jakkur-2015
jakkur-2015,jakkur-lake-jk-1,JK-1,Jakkur Lake,Main gate water Runoff point,2015-07-07,13.083533,77.6096,phosphate,0.5,,false,,mg/L,,0.5,jakkur-2015
jakkur-2015,jakkur-lake-jk-2,JK-2,Jakkur Lake,Wetland Outlet point,2015-07-07,13.09235,77.607283,temperature,26.2,,false,,degC,,26.2,jakkur-2015
jakkur-2015,jakkur-lake-jk-2,JK-2,Jakkur Lake,Wetland Outlet point,2015-07-07,13.09235,77.607283,ph,7.64,,false,,,,7.64,jakkur-2015
jakkur-2015,jakkur-lake-jk-2,JK-2,Jakkur Lake,Wetland Outlet point,2015-07-07,13.09235,77.607283,conductivity,1365,,false,,uS/cm,,1365,jakkur-2015
jakkur-2015,jakkur-lake-jk-2,JK-2,Jakkur Lake,Wetland Outlet point,2015-07-07,13.09235,77.607283,orp,-60,,false,,mV,,-60,jakkur-2015
jakkur-2015,jakkur-lake-jk-2,JK-2,Jakkur Lake,Wetland Outlet point,2015-07-07,13.09235,77.607283,dissolvedOxygen,2.40,,false,,mg/L,,2.40,jakkur-2015
jakkur-2015,jakkur-lake-jk-2,JK-2,Jakkur Lake,Wetland Outlet point,2015-07-07,13.09235,77.607283,nitrate,4.84,,false,,mg/L,,4.84,jakkur-2015
jakkur-2015,jakkur-lake-jk-2,JK-2,Jakkur Lake,Wetland Outlet point,2015-07-07,13.09235,77.607283,fecalColiform,13000,,false,,MPN/100mL,,1.3E+04,jakkur-2015
jakkur-2015,jakkur-lake-jk-2,JK-2,Jakkur Lake,Wetland Outlet point,2015-07-07,13.09235,77.607283,tss,20,,false,,mg/L,,20,jakkur-2015
jakkur-2015,jakkur-lake-jk-2,JK-2,Jakkur Lake,Wetland Outlet point,2015-07-07,13.09235,77.607283,bod,10.9,,false,,mg/L,,10.9,jakkur-2015
jakkur-2015,jakkur-lake-jk-2,JK-2,Jakkur Lake,Wetland Outlet point,2015-07-07,13.09235,77.607283,dissolvedBod,6.4,,false,,mg/L,,6.4,jakkur-2015
jakkur-2015,jakkur-lake-jk-2,JK-2,Jakkur Lake,Wetland Outlet point,2015-07-07,13.09235,77.607283,cod,43.6,,false,,mg/L,,43.6,jakkur-2015
jakkur-2015,jakkur-lake-jk-2,JK-2,Jakkur Lake,Wetland Outlet point,2015-07-07,13.09235,77.607283,dissolvedCod,14.5,,false,,mg/L,,14.5,jakkur-2015
jakkur-2015,jakkur-lake-jk-2,JK-2,Jakkur Lake,Wetland Outlet point,2015-07-07,13.09235,77.607283,phosphate,0.3,,false,,mg/L,,0.3,jakkur-2015
jakkur-2015,jakkur-lake-jk-3,JK-3,Jakkur Lake,Jakkur lake STP outlet point,2015-07-07,13.094333,77.607667,temperature,27.2,,false,,degC,,27.2,jakkur-2015
jakkur-2015,jakkur-lake-jk-3,JK-3,Jakkur Lake,Jakkur lake STP outlet point,2015-07-07,13.094333,77.607667,ph,7.60,,false,,,,7.60,jakkur-2015
jakkur-2015,jakkur-lake-jk-3,JK-3,Jakkur Lake,Jakkur lake STP outlet point,2015-07-07,13.094333,77.607667,conductivity,1335,,false,,uS/cm,,1335,jakkur-2015
jakkur-2015,jakkur-lake-jk-3,JK-3,Jakkur Lake,Jakkur lake STP outlet point,2015-07-07,13.094333,77.607667,orp,-58,,false,,mV,,-58,jakkur-2015
jakkur-2015,jakkur-lake-jk-3,JK-3,Jakkur Lake,Jakkur lake STP outlet point,2015-07-07,13.094333,77.607667,dissolvedOxygen,1.50,,false,,mg/L,,1.50,jakkur-2015
jakkur-2015,jakkur-lake-jk-3,JK-3,Jakkur Lake,Jakkur lake STP outlet point,2015-07-07,13.094333,77.607667,nitrate,4.84,,false,,mg/L,,4.84,jakkur-2015
jakkur-2015,jakkur-lake-jk-3,JK-3,Jakkur Lake,Jakkur lake STP outlet point,2015-07-07,13.094333,77.607667,fecalColiform,330000,,false,,MPN/100mL,,3.3E+05,jakkur-2015
jakkur-2015,jakkur-lake-jk-3,JK-3,Jakkur Lake,Jakkur lake STP outlet point,2015-07-07,13.094333,77.607667,tss,30,,false,,mg/L,,30,jakkur-2015
jakkur-2015,jakkur-lake-jk-3,JK-3,Jakkur Lake,Jakkur lake STP outlet point,2015-07-07,13.094333,77.607667,bod,20.0,,false,,mg/L,,20.0,jakkur-2015
jakkur-2015,jakkur-lake-jk-3,JK-3,Jakkur Lake,Jakkur lake STP outlet point,2015-07-07,13.094333,77.607667,dissolvedBod,9.6,,false,,mg/L,,9.6,jakkur-2015
jakkur-2015,jakkur-lake-jk-3,JK-3,Jakkur Lake,Jakkur lake STP outlet point,2015-07-07,13.094333,77.607667,cod,121.1,,false,,mg/L,,121.1,jakkur-2015
jakkur-2015,jakkur-lake-jk-3,JK-3,Jakkur Lake,Jakkur lake STP outlet point,2015-07-07,13.094333,77.607667,dissolvedCod,24.2,,false,,mg/L,,24.2,jakkur-2015
jakkur-2015,jakkur-lake-jk-3,JK-3,Jakkur Lake,Jakkur lake STP outlet point,2015-07-07,13.094333,77.607667,phosphate,0.5,,false,,mg/L,,0.5,jakkur-2015
jakkur-2015,jakkur-lake-jk-4,JK-4,Jakkur Lake,Raw sewage point,2015-07-07,13.094333,77.607667,temperature,28.2,,false,,degC,,28.2,jakkur-2015
jakkur-2015,jakkur-lake-jk-4,JK-4,Jakkur Lake,Raw sewage point,2015-07-07,13.094333,77.607667,ph,7.29,,false,,,,7.29,jakkur-2015
jakkur-2015,jakkur-lake-jk-4,JK-4,Jakkur Lake,Raw sewage point,2015-07-07,13.094333,77.607667,conductivity,1605,,false,,uS/cm,,1605,jakkur-2015
jakkur-2015,jakkur-lake-jk-4,JK-4,Jakkur Lake,Raw sewage point,2015-07-07,13.094333,77.607667,orp,-40,,false,,mV,,-40,jakkur-2015
jakkur-2015,jakkur-lake-jk-4,JK-4,Jakkur Lake,Raw sewage point,2015-07-07,13.094333,77.607667,dissolvedOxygen,0.00,,false,,mg/L,,0.00,jakkur-2015
jakkur-2015,jakkur-lake-jk-4,JK-4,Jakkur Lake,Raw sewage point,2015-07-07,13.094333,77.607667,nitrate,4.84,,false,,mg/L,,4.84,jakkur-2015
jakkur-2015,jakkur-lake-jk-4,JK-4,Jakkur Lake,Raw sewage point,2015-07-07,13.094333,77.607667,fecalColiform,68000,,false,,MPN/100mL,,6.8E+04,jakkur-2015
jakkur-2015,jakkur-lake-jk-4,JK-4,Jakkur Lake,Raw sewage point,2015-07-07,13.094333,77.607667,tss,70,,false,,mg/L,,70,jakkur-2015
jakkur-2015,jakkur-lake-jk-4,JK-4,Jakkur Lake,Raw sewage point,2015-07-07,13.094333,77.607667,bod,21.1,,false,,mg/L,,21.1,jakkur-2015
jakkur-2015,jakkur-lake-jk-4,JK-4,Jakkur Lake,Raw sewage point,2015-07-07,13.094333,77.607667,dissolvedBod,14.8,,false,,mg/L,,14.8,jakkur-2015
jakkur-2015,jakkur-lake-jk-4,JK-4,Jakkur Lake,Raw sewage point,2015-07-07,13.094333,77.607667,cod,82.4,,false,,mg/L,,82.4,jakkur-2015
jakkur-2015,jakkur-lake-jk-4,JK-4,Jakkur Lake,Raw sewage point,2015-07-07,13.094333,77.607667,dissolvedCod,19.4,,false,,mg/L,,19.4,jakkur-2015
jakkur-2015,jakkur-lake-jk-4,JK-4,Jakkur Lake,Raw sewage point,2015-07-07,13.094333,77.607667,phosphate,0.6,,false,,mg/L,,0.6,jakkur-2015
jakkur-2015,jakkur-lake-jk-5,JK-5,Jakkur Lake,Jakkur lake-Lake sample point,2015-07-07,13.08675,77.611283,temperature,28.3,,false,,degC,,28.3,jakkur-2015
jakkur-2015,jakkur-lake-jk-5,JK-5,Jakkur Lake,Jakkur lake-Lake sample point,2015-07-07,13.08675,77.611283,ph,8.23,,false,,,,8.23,jakkur-2015
jakkur-2015,jakkur-lake-jk-5,JK-5,Jakkur Lake,Jakkur lake-Lake sample point,2015-07-07,13.08675,77.611283,conductivity,982,,false,,uS/cm,,982,jakkur-2015
jakkur-2015,jakkur-lake-jk-5,JK-5,Jakkur Lake,Jakkur lake-Lake sample point,2015-07-07,13.08675,77.611283,orp,-93,,false,,mV,,-93,jakkur-2015
jakkur-2015,jakkur-lake-jk-5,JK-5,Jakkur Lake,Jakkur lake-Lake sample point,2015-07-07,13.08675,77.611283,dissolvedOxygen,15.10,,false,,mg/L,,15.10,jakkur-2015
jakkur-2015,jakkur-lake-jk-5,JK-5,Jakkur Lake,Jakkur lake-Lake sample point,2015-07-07,13.08675,77.611283,nitrate,44.00,,false,,mg/L,,44.00,jakkur-2015
jakkur-2015,jakkur-lake-jk-5,JK-5,Jakkur Lake,Jakkur lake-Lake sample point,2015-07-07,13.08675,77.611283,fecalColiform,2000,,false,,MPN/100mL,,2.0E+03,jakkur-2015
jakkur-2015,jakkur-lake-jk-5,JK-5,Jakkur Lake,Jakkur lake-Lake sample point,2015-07-07,13.08675,77.611283,tss,80,,false,,mg/L,,80,jakkur-2015
jakkur-2015,jakkur-lake-jk-5,JK-5,Jakkur Lake,Jakkur lake-Lake sample point,2015-07-07,13.08675,77.611283,bod,68.7,,false,,mg/L,,68.7,jakkur-2015
jakkur-2015,jakkur-lake-jk-5,JK-5,Jakkur Lake,Jakkur lake-Lake sample point,2015-07-07,13.08675,77.611283,dissolvedBod,10.0,,false,,mg/L,,10.0,jakkur-2015
jakkur-2015,jakkur-lake-jk-5,JK-5,Jakkur Lake,Jakkur lake-Lake sample point,2015-07-07,13.08675,77.611283,cod,101.7,,false,,mg/L,,101.7,jakkur-2015
jakkur-2015,jakkur-lake-jk-5,JK-5,Jakkur Lake,Jakkur lake-Lake sample point,2015-07-07,13.08675,77.611283,dissolvedCod,33.9,,false,,mg/L,,33.9,jakkur-2015
jakkur-2015,jakkur-lake-jk-5,JK-5,Jakkur Lake,Jakkur lake-Lake sample point,2015-07-07,13.08675,77.611283,phosphate,0.3,,false,,mg/L,,0.3,jakkur-2015
jakkur-2015,jakkur-lake-jk-6,JK-6,Jakkur Lake,Jakkur lake outlet point I,2015-07-07,13.0802,77.614667,temperature,26.4,,false,,degC,,26.4,jakkur-2015
jakkur-2015,jakkur-lake-jk-6,JK-6,Jakkur Lake,Jakkur lake outlet point I,2015-07-07,13.0802,77.614667,ph,9.03,,false,,,,9.03,jakkur-2015
jakkur-2015,jakkur-lake-jk-6,JK-6,Jakkur Lake,Jakkur lake outlet point I,2015-07-07,13.0802,77.614667,conductivity,966,,false,,uS/cm,,966,jakkur-2015
jakkur-2015,jakkur-lake-jk-6,JK-6,Jakkur Lake,Jakkur lake outlet point I,2015-07-07,13.0802,77.614667,orp,-139,,false,,mV,,-139,jakkur-2015
jakkur-2015,jakkur-lake-jk-6,JK-6,Jakkur Lake,Jakkur lake outlet point I,2015-07-07,13.0802,77.614667,dissolvedOxygen,19.80,,false,,mg/L,,19.80,jakkur-2015
jakkur-2015,jakkur-lake-jk-6,JK-6,Jakkur Lake,Jakkur lake outlet point I,2015-07-07,13.0802,77.614667,nitrate,36.08,,false,,mg/L,,36.08,jakkur-2015
jakkur-2015,jakkur-lake-jk-6,JK-6,Jakkur Lake,Jakkur lake outlet point I,2015-07-07,13.0802,77.614667,fecalColiform,6800,,false,,MPN/100mL,,6.8E+03,jakkur-2015
jakkur-2015,jakkur-lake-jk-6,JK-6,Jakkur Lake,Jakkur lake outlet point I,2015-07-07,13.0802,77.614667,tss,70,,false,,mg/L,,70,jakkur-2015
jakkur-2015,jakkur-lake-jk-6,JK-6,Jakkur Lake,Jakkur lake outlet point I,2015-07-07,13.0802,77.614667,bod,34.0,,false,,mg/L,,34.0,jakkur-2015
jakkur-2015,jakkur-lake-jk-6,JK-6,Jakkur Lake,Jakkur lake outlet point I,2015-07-07,13.0802,77.614667,dissolvedBod,8.0,,false,,mg/L,,8.0,jakkur-2015
jakkur-2015,jakkur-lake-jk-6,JK-6,Jakkur Lake,Jakkur lake outlet point I,2015-07-07,13.0802,77.614667,cod,101.7,,false,,mg/L,,101.7,jakkur-2015
jakkur-2015,jakkur-lake-jk-6,JK-6,Jakkur Lake,Jakkur lake outlet point I,2015-07-07,13.0802,77.614667,dissolvedCod,29.1,,false,,mg/L,,29.1,jakkur-2015
jakkur-2015,jakkur-lake-jk-6,JK-6,Jakkur Lake,Jakkur lake outlet point I,2015-07-07,13.0802,77.614667,phosphate,0.3,,false,,mg/L,,0.3,jakkur-2015
jakkur-2015,jakkur-lake-jk-1,JK-1,Jakkur Lake,Main gate water Runoff point,2015-08-03,13.083533,77.6096,temperature,26.9,,false,,degC,,26.9,jakkur-2015
jakkur-2015,jakkur-lake-jk-1,JK-1,Jakkur Lake,Main gate water Runoff point,2015-08-03,13.083533,77.6096,ph,8.78,,false,,,,8.78,jakkur-2015
jakkur-2015,jakkur-lake-jk-1,JK-1,Jakkur Lake,Main gate water Runoff point,2015-08-03,13.083533,77.6096,conductivity,974,,false,,uS/cm,,974,jakkur-2015
jakkur-2015,jakkur-lake-jk-1,JK-1,Jakkur Lake,Main gate water Runoff point,2015-08-03,13.083533,77.6096,orp,,,false,,mV,,-,jakkur-2015
jakkur-2015,jakkur-lake-jk-1,JK-1,Jakkur Lake,Main gate water Runoff point,2015-08-03,13.083533,77.6096,dissolvedOxygen,11.8,,false,,mg/L,,11.8,jakkur-2015
jakkur-2015,jakkur-lake-jk-1,JK-1,Jakkur Lake,Main gate water Runoff point,2015-08-03,13.083533,77.6096,nitrate,52.8,,false,,mg/L,,52.8,jakkur-2015
jakkur-2015,jakkur-lake-jk-1,JK-1,Jakkur Lake,Main gate water Runoff point,2015-08-03,13.083533,77.6096,fecalColiform,2000,,false,,MPN/100mL,,2.0E+03,jakkur-2015
jakkur-2015,jakkur-lake-jk-1,JK-1,Jakkur Lake,Main gate water Runoff point,2015-08-03,13.083533,77.6096,tss,30,,false,,mg/L,,30,jakkur-2015
jakkur-2015,jakkur-lake-jk-1,JK-1,Jakkur Lake,Main gate water Runoff point,2015-08-03,13.083533,77.6096,bod,21.5,,false,,mg/L,,21.5,jakkur-2015
jakkur-2015,jakkur-lake-jk-1,JK-1,Jakkur Lake,Main gate water Runoff point,2015-08-03,13.083533,77.6096,dissolvedBod,14,,false,,mg/L,,14,jakkur-2015
jakkur-2015,jakkur-lake-jk-1,JK-1,Jakkur Lake,Main gate water Runoff point,2015-08-03,13.083533,77.6096,cod,79.4,,false,,mg/L,,79.4,jakkur-2015
jakkur-2015,jakkur-lake-jk-1,JK-1,Jakkur Lake,Main gate water Runoff point,2015-08-03,13.083533,77.6096,dissolvedCod,49.6,,false,,mg/L,,49.6,jakkur-2015
jakkur-2015,jakkur-lake-jk-1,JK-1,Jakkur Lake,Main gate water Runoff point,2015-08-03,13.083533,77.6096,phosphate,1.2,,false,,mg/L,,1.2,jakkur-2015
jakkur-2015,jakkur-lake-jk-2,JK-2,Jakkur Lake,Wetland Outlet point,2015-08-03,13.09235,77.607283,temperature,26.4,,false,,degC,,26.4,jakkur-2015
jakkur-2015,jakkur-lake-jk-2,JK-2,Jakkur Lake,Wetland Outlet point,2015-08-03,13.09235,77.607283,ph,7.57,,false,,,,7.57,jakkur-2015
jakkur-2015,jakkur-lake-jk-2,JK-2,Jakkur Lake,Wetland Outlet point,2015-08-03,13.09235,77.607283,conductivity,1116,,false,,uS/cm,,1116,jakkur-2015
jakkur-2015,jakkur-lake-jk-2,JK-2,Jakkur Lake,Wetland Outlet point,2015-08-03,13.09235,77.607283,orp,,,false,,mV,,-,jakkur-2015
jakkur-2015,jakkur-lake-jk-2,JK-2,Jakkur Lake,Wetland Outlet point,2015-08-03,13.09235,77.607283,dissolvedOxygen,1,,false,,mg/L,,1,jakkur-2015
jakkur-2015,jakkur-lake-jk-2,JK-2,Jakkur Lake,Wetland Outlet point,2015-08-03,13.09235,77.607283,nitrate,57.64,,false,,mg/L,,57.64,jakkur-2015
jakkur-2015,jakkur-lake-jk-2,JK-2,Jakkur Lake,Wetland Outlet point,2015-08-03,13.09235,77.607283,fecalColiform,14000,,false,,MPN/100mL,,1.4E+04,jakkur-2015
jakkur-2015,jakkur-lake-jk-2,JK-2,Jakkur Lake,Wetland Outlet point,2015-08-03,13.09235,77.607283,tss,20,,false,,mg/L,,20,jakkur-2015
jakkur-2015,jakkur-lake-jk-2,JK-2,Jakkur Lake,Wetland Outlet point,2015-08-03,13.09235,77.607283,bod,8.5,,false,,mg/L,,8.5,jakkur-2015
jakkur-2015,jakkur-lake-jk-2,JK-2,Jakkur Lake,Wetland Outlet point,2015-08-03,13.09235,77.607283,dissolvedBod,5.6,,false,,mg/L,,5.6,jakkur-2015
jakkur-2015,jakkur-lake-jk-2,JK-2,Jakkur Lake,Wetland Outlet point,2015-08-03,13.09235,77.607283,cod,69.4,,false,,mg/L,,69.4,jakkur-2015
jakkur-2015,jakkur-lake-jk-2,JK-2,Jakkur Lake,Wetland Outlet point,2015-08-03,13.09235,77.607283,dissolvedCod,39.7,,false,,mg/L,,39.7,jakkur-2015
jakkur-2015,jakkur-lake-jk-2,JK-2,Jakkur Lake,Wetland Outlet point,2015-08-03,13.09235,77.607283,phosphate,2.3,,false,,mg/L,,2.3,jakkur-2015
jakkur-2015,jakkur-lake-jk-3,JK-3,Jakkur Lake,Jakkur lake STP outlet point,2015-08-03,13.094333,77.607667,temperature,28.4,,false,,degC,,28.4,jakkur-2015
jakkur-2015,jakkur-lake-jk-3,JK-3,Jakkur Lake,Jakkur lake STP outlet point,2015-08-03,13.094333,77.607667,ph,7.80,,false,,,,7.80,jakkur-2015
jakkur-2015,jakkur-lake-jk-3,JK-3,Jakkur Lake,Jakkur lake STP outlet point,2015-08-03,13.094333,77.607667,conductivity,1008,,false,,uS/cm,,1008,jakkur-2015
jakkur-2015,jakkur-lake-jk-3,JK-3,Jakkur Lake,Jakkur lake STP outlet point,2015-08-03,13.094333,77.607667,orp,,,false,,mV,,-,jakkur-2015
jakkur-2015,jakkur-lake-jk-3,JK-3,Jakkur Lake,Jakkur lake STP outlet point,2015-08-03,13.094333,77.607667,dissolvedOxygen,3,,false,,mg/L,,3,jakkur-2015
jakkur-2015,jakkur-lake-jk-3,JK-3,Jakkur Lake,Jakkur lake STP outlet point,2015-08-03,13.094333,77.607667,nitrate,13.2,,false,,mg/L,,13.2,jakkur-2015
jakkur-2015,jakkur-lake-jk-3,JK-3,Jakkur Lake,Jakkur lake STP outlet point,2015-08-03,13.094333,77.607667,fecalColiform,79000,,false,,MPN/100mL,,7.9E+04,jakkur-2015
jakkur-2015,jakkur-lake-jk-3,JK-3,Jakkur Lake,Jakkur lake STP outlet point,2015-08-03,13.094333,77.607667,tss,40,,false,,mg/L,,40,jakkur-2015
jakkur-2015,jakkur-lake-jk-3,JK-3,Jakkur Lake,Jakkur lake STP outlet point,2015-08-03,13.094333,77.607667,bod,20.0,,false,,mg/L,,20.0,jakkur-2015
jakkur-2015,jakkur-lake-jk-3,JK-3,Jakkur Lake,Jakkur lake STP outlet point,2015-08-03,13.094333,77.607667,dissolvedBod,8.4,,false,,mg/L,,8.4,jakkur-2015
jakkur-2015,jakkur-lake-jk-3,JK-3,Jakkur Lake,Jakkur lake STP outlet point,2015-08-03,13.094333,77.607667,cod,69.4,,false,,mg/L,,69.4,jakkur-2015
jakkur-2015,jakkur-lake-jk-3,JK-3,Jakkur Lake,Jakkur lake STP outlet point,2015-08-03,13.094333,77.607667,dissolvedCod,49.6,,false,,mg/L,,49.6,jakkur-2015
jakkur-2015,jakkur-lake-jk-3,JK-3,Jakkur Lake,Jakkur lake STP outlet point,2015-08-03,13.094333,77.607667,phosphate,1.2,,false,,mg/L,,1.2,jakkur-2015
jakkur-2015,jakkur-lake-jk-4,JK-4,Jakkur Lake,Raw sewage point,2015-08-03,13.094333,77.607667,temperature,26.1,,false,,degC,,26.1,jakkur-2015
jakkur-2015,jakkur-lake-jk-4,JK-4,Jakkur Lake,Raw sewage point,2015-08-03,13.094333,77.607667,ph,7.26,,false,,,,7.26,jakkur-2015
jakkur-2015,jakkur-lake-jk-4,JK-4,Jakkur Lake,Raw sewage point,2015-08-03,13.094333,77.607667,conductivity,1142,,false,,uS/cm,,1142,jakkur-2015
jakkur-2015,jakkur-lake-jk-4,JK-4,Jakkur Lake,Raw sewage point,2015-08-03,13.094333,77.607667,orp,,,false,,mV,,-,jakkur-2015
jakkur-2015,jakkur-lake-jk-4,JK-4,Jakkur Lake,Raw sewage point,2015-08-03,13.094333,77.607667,dissolvedOxygen,0,,false,,mg/L,,0,jakkur-2015
jakkur-2015,jakkur-lake-jk-4,JK-4,Jakkur Lake,Raw sewage point,2015-08-03,13.094333,77.607667,nitrate,78.32,,false,,mg/L,,78.32,jakkur-2015
jakkur-2015,jakkur-lake-jk-4,JK-4,Jakkur Lake,Raw sewage point,2015-08-03,13.094333,77.607667,fecalColiform,390000,,false,,MPN/100mL,,3.9E+05,jakkur-2015
jakkur-2015,jakkur-lake-jk-4,JK-4,Jakkur Lake,Raw sewage point,2015-08-03,13.094333,77.607667,tss,60,,false,,mg/L,,60,jakkur-2015
jakkur-2015,jakkur-lake-jk-4,JK-4,Jakkur Lake,Raw sewage point,2015-08-03,13.094333,77.607667,bod,47.0,,false,,mg/L,,47.0,jakkur-2015
jakkur-2015,jakkur-lake-jk-4,JK-4,Jakkur Lake,Raw sewage point,2015-08-03,13.094333,77.607667,dissolvedBod,12.8,,false,,mg/L,,12.8,jakkur-2015
jakkur-2015,jakkur-lake-jk-4,JK-4,Jakkur Lake,Raw sewage point,2015-08-03,13.094333,77.607667,cod,89.3,,false,,mg/L,,89.3,jakkur-2015
jakkur-2015,jakkur-lake-jk-4,JK-4,Jakkur Lake,Raw sewage point,2015-08-03,13.094333,77.607667,dissolvedCod,59.5,,false,,mg/L,,59.5,jakkur-2015
jakkur-2015,jakkur-lake-jk-4,JK-4,Jakkur Lake,Raw sewage point,2015-08-03,13.094333,77.607667,phosphate,3.0,,false,,mg/L,,3.0,jakkur-2015
jakkur-2015,jakkur-lake-jk-6,JK-6,Jakkur Lake,Jakkur lake outlet point I,2015-08-03,13.0802,77.614667,temperature,28.6,,false,,degC,,28.6,jakkur-2015
jakkur-2015,jakkur-lake-jk-6,JK-6,Jakkur Lake,Jakkur lake outlet point I,2015-08-03,13.0802,77.614667,ph,9.00,,false,,,,9.00,jakkur-2015
jakkur-2015,jakkur-lake-jk-6,JK-6,Jakkur Lake,Jakkur lake outlet point I,2015-08-03,13.0802,77.614667,conductivity,980,,false,,uS/cm,,980,jakkur-2015
jakkur-2015,jakkur-lake-jk-6,JK-6,Jakkur Lake,Jakkur lake outlet point I,2015-08-03,13.0802,77.614667,orp,,,false,,mV,,-,jakkur-2015
jakkur-2015,jakkur-lake-jk-6,JK-6,Jakkur Lake,Jakkur lake outlet point I,2015-08-03,13.0802,77.614667,dissolvedOxygen,16,,false,,mg/L,,16,jakkur-2015
jakkur-2015,jakkur-lake-jk-6,JK-6,Jakkur Lake,Jakkur lake outlet point I,2015-08-03,13.0802,77.614667,nitrate,25.08,,false,,mg/L,,25.08,jakkur-2015
jakkur-2015,jakkur-lake-jk-6,JK-6,Jakkur Lake,Jakkur lake outlet point I,2015-08-03,13.0802,77.614667,fecalColiform,33000,,false,,MPN/100mL,,3.3E+04,jakkur-2015
jakkur-2015,jakkur-lake-jk-6,JK-6,Jakkur Lake,Jakkur lake outlet point I,2015-08-03,13.0802,77.614667,tss,40,,false,,mg/L,,40,jakkur-2015
jakkur-2015,jakkur-lake-jk-6,JK-6,Jakkur Lake,Jakkur lake outlet point I,2015-08-03,13.0802,77.614667,bod,19.0,,false,,mg/L,,19.0,jakkur-2015
jakkur-2015,jakkur-lake-jk-6,JK-6,Jakkur Lake,Jakkur lake outlet point I,2015-08-03,13.0802,77.614667,dissolvedBod,10,,false,,mg/L,,10,jakkur-2015
jakkur-2015,jakkur-lake-jk-6,JK-6,Jakkur Lake,Jakkur lake outlet point I,2015-08-03,13.0802,77.614667,cod,84.3,,false,,mg/L,,84.3,jakkur-2015
jakkur-2015,jakkur-lake-jk-6,JK-6,Jakkur Lake,Jakkur lake outlet point I,2015-08-03,13.0802,77.614667,dissolvedCod,49.6,,false,,mg/L,,49.6,jakkur-2015
jakkur-2015,jakkur-lake-jk-6,JK-6,Jakkur Lake,Jakkur lake outlet point I,2015-08-03,13.0802,77.614667,phosphate,3.0,,false,,mg/L,,3.0,jakkur-2015
jakkur-2015,jakkur-lake-jk-1,JK-1,Jakkur Lake,Main gate water Runoff point,2015-09-28,13.083533,77.6096,temperature,26.5,,false,,degC,,26.5,jakkur-2015
jakkur-2015,jakkur-lake-jk-1,JK-1,Jakkur Lake,Main gate water Runoff point,2015-09-28,13.083533,77.6096,ph,8.75,,false,,,,8.75,jakkur-2015
jakkur-2015,jakkur-lake-jk-1,JK-1,Jakkur Lake,Main gate water Runoff point,2015-09-28,13.083533,77.6096,conductivity,865,,false,,uS/cm,,865,jakkur-2015
jakkur-2015,jakkur-lake-jk-1,JK-1,Jakkur Lake,Main gate water Runoff point,2015-09-28,13.083533,77.6096,orp,-112,,false,,mV,,-112,jakkur-2015
jakkur-2015,jakkur-lake-jk-1,JK-1,Jakkur Lake,Main gate water Runoff point,2015-09-28,13.083533,77.6096,dissolvedOxygen,12.50,,false,,mg/L,,12.50,jakkur-2015
jakkur-2015,jakkur-lake-jk-1,JK-1,Jakkur Lake,Main gate water Runoff point,2015-09-28,13.083533,77.6096,nitrate,8.80,,false,,mg/L,,8.80,jakkur-2015
jakkur-2015,jakkur-lake-jk-1,JK-1,Jakkur Lake,Main gate water Runoff point,2015-09-28,13.083533,77.6096,fecalColiform,9200,,false,,MPN/100mL,,9.2E+03,jakkur-2015
jakkur-2015,jakkur-lake-jk-1,JK-1,Jakkur Lake,Main gate water Runoff point,2015-09-28,13.083533,77.6096,tss,60,,false,,mg/L,,60,jakkur-2015
jakkur-2015,jakkur-lake-jk-1,JK-1,Jakkur Lake,Main gate water Runoff point,2015-09-28,13.083533,77.6096,bod,20.5,,false,,mg/L,,20.5,jakkur-2015
jakkur-2015,jakkur-lake-jk-1,JK-1,Jakkur Lake,Main gate water Runoff point,2015-09-28,13.083533,77.6096,dissolvedBod,10.8,,false,,mg/L,,10.8,jakkur-2015
jakkur-2015,jakkur-lake-jk-1,JK-1,Jakkur Lake,Main gate water Runoff point,2015-09-28,13.083533,77.6096,cod,72.0,,false,,mg/L,,72.0,jakkur-2015
jakkur-2015,jakkur-lake-jk-1,JK-1,Jakkur Lake,Main gate water Runoff point,2015-09-28,13.083533,77.6096,dissolvedCod,,,false,,mg/L,,-,jakkur-2015
jakkur-2015,jakkur-lake-jk-1,JK-1,Jakkur Lake,Main gate water Runoff point,2015-09-28,13.083533,77.6096,phosphate,0.9,,false,,mg/L,,0.9,jakkur-2015
jakkur-2015,jakkur-lake-jk-2,JK-2,Jakkur Lake,Wetland Outlet point,2015-09-28,13.09235,77.607283,temperature,26.6,,false,,degC,,26.6,jakkur-2015
jakkur-2015,jakkur-lake-jk-2,JK-2,Jakkur Lake,Wetland Outlet point,2015-09-28,13.09235,77.607283,ph,7.64,,false,,,,7.64,jakkur-2015
jakkur-2015,jakkur-lake-jk-2,JK-2,Jakkur Lake,Wetland Outlet point,2015-09-28,13.09235,77.607283,conductivity,733,,false,,uS/cm,,733,jakkur-2015
jakkur-2015,jakkur-lake-jk-2,JK-2,Jakkur Lake,Wetland Outlet point,2015-09-28,13.09235,77.607283,orp,-49,,false,,mV,,-49,jakkur-2015
jakkur-2015,jakkur-lake-jk-2,JK-2,Jakkur Lake,Wetland Outlet point,2015-09-28,13.09235,77.607283,dissolvedOxygen,1.60,,false,,mg/L,,1.60,jakkur-2015
jakkur-2015,jakkur-lake-jk-2,JK-2,Jakkur Lake,Wetland Outlet point,2015-09-28,13.09235,77.607283,nitrate,4.84,,false,,mg/L,,4.84,jakkur-2015
jakkur-2015,jakkur-lake-jk-2,JK-2,Jakkur Lake,Wetland Outlet point,2015-09-28,13.09235,77.607283,fecalColiform,33000,,false,,MPN/100mL,,3.3E+04,jakkur-2015
jakkur-2015,jakkur-lake-jk-2,JK-2,Jakkur Lake,Wetland Outlet point,2015-09-28,13.09235,77.607283,tss,60,,false,,mg/L,,60,jakkur-2015
jakkur-2015,jakkur-lake-jk-2,JK-2,Jakkur Lake,Wetland Outlet point,2015-09-28,13.09235,77.607283,bod,7.9,,false,,mg/L,,7.9,jakkur-2015
jakkur-2015,jakkur-lake-jk-2,JK-2,Jakkur Lake,Wetland Outlet point,2015-09-28,13.09235,77.607283,dissolvedBod,4.6,,false,,mg/L,,4.6,jakkur-2015
jakkur-2015,jakkur-lake-jk-2,JK-2,Jakkur Lake,Wetland Outlet point,2015-09-28,13.09235,77.607283,cod,30.9,,false,,mg/L,,30.9,jakkur-2015
jakkur-2015,jakkur-lake-jk-2,JK-2,Jakkur Lake,Wetland Outlet point,2015-09-28,13.09235,77.607283,dissolvedCod,,,false,,mg/L,,-,jakkur-2015
jakkur-2015,jakkur-lake-jk-2,JK-2,Jakkur Lake,Wetland Outlet point,2015-09-28,13.09235,77.607283,phosphate,1.7,,false,,mg/L,,1.7,jakkur-2015
jakkur-2015,jakkur-lake-jk-3,JK-3,Jakkur Lake,Jakkur lake STP outlet point,2015-09-28,13.094333,77.607667,temperature,26.9,,false,,degC,,26.9,jakkur-2015
jakkur-2015,jakkur-lake-jk-3,JK-3,Jakkur Lake,Jakkur lake STP outlet point,2015-09-28,13.094333,77.607667,ph,7.72,,false,,,,7.72,jakkur-2015
jakkur-2015,jakkur-lake-jk-3,JK-3,Jakkur Lake,Jakkur lake STP outlet point,2015-09-28,13.094333,77.607667,conductivity,900,,false,,uS/cm,,900,jakkur-2015
jakkur-2015,jakkur-lake-jk-3,JK-3,Jakkur Lake,Jakkur lake STP outlet point,2015-09-28,13.094333,77.607667,orp,54,,false,,mV,,54,jakkur-2015
jakkur-2015,jakkur-lake-jk-3,JK-3,Jakkur Lake,Jakkur lake STP outlet point,2015-09-28,13.094333,77.607667,dissolvedOxygen,1.10,,false,,mg/L,,1.10,jakkur-2015
jakkur-2015,jakkur-lake-jk-3,JK-3,Jakkur Lake,Jakkur lake STP outlet point,2015-09-28,13.094333,77.607667,nitrate,5.72,,false,,mg/L,,5.72,jakkur-2015
jakkur-2015,jakkur-lake-jk-3,JK-3,Jakkur Lake,Jakkur lake STP outlet point,2015-09-28,13.094333,77.607667,fecalColiform,79000,,false,,MPN/100mL,,7.9E+04,jakkur-2015
jakkur-2015,jakkur-lake-jk-3,JK-3,Jakkur Lake,Jakkur lake STP outlet point,2015-09-28,13.094333,77.607667,tss,40,,false,,mg/L,,40,jakkur-2015
jakkur-2015,jakkur-lake-jk-3,JK-3,Jakkur Lake,Jakkur lake STP outlet point,2015-09-28,13.094333,77.607667,bod,11.3,,false,,mg/L,,11.3,jakkur-2015
jakkur-2015,jakkur-lake-jk-3,JK-3,Jakkur Lake,Jakkur lake STP outlet point,2015-09-28,13.094333,77.607667,dissolvedBod,5.6,,false,,mg/L,,5.6,jakkur-2015
jakkur-2015,jakkur-lake-jk-3,JK-3,Jakkur Lake,Jakkur lake STP outlet point,2015-09-28,13.094333,77.607667,cod,51.4,,false,,mg/L,,51.4,jakkur-2015
jakkur-2015,jakkur-lake-jk-3,JK-3,Jakkur Lake,Jakkur lake STP outlet point,2015-09-28,13.094333,77.607667,dissolvedCod,,,false,,mg/L,,-,jakkur-2015
jakkur-2015,jakkur-lake-jk-3,JK-3,Jakkur Lake,Jakkur lake STP outlet point,2015-09-28,13.094333,77.607667,phosphate,2.7,,false,,mg/L,,2.7,jakkur-2015
jakkur-2015,jakkur-lake-jk-4,JK-4,Jakkur Lake,Raw sewage point,2015-09-28,13.094333,77.607667,temperature,27.1,,false,,degC,,27.1,jakkur-2015
jakkur-2015,jakkur-lake-jk-4,JK-4,Jakkur Lake,Raw sewage point,2015-09-28,13.094333,77.607667,ph,7.27,,false,,,,7.27,jakkur-2015
jakkur-2015,jakkur-lake-jk-4,JK-4,Jakkur Lake,Raw sewage point,2015-09-28,13.094333,77.607667,conductivity,519,,false,,uS/cm,,519,jakkur-2015
jakkur-2015,jakkur-lake-jk-4,JK-4,Jakkur Lake,Raw sewage point,2015-09-28,13.094333,77.607667,orp,-29,,false,,mV,,-29,jakkur-2015
jakkur-2015,jakkur-lake-jk-4,JK-4,Jakkur Lake,Raw sewage point,2015-09-28,13.094333,77.607667,dissolvedOxygen,2.10,,false,,mg/L,,2.10,jakkur-2015
jakkur-2015,jakkur-lake-jk-4,JK-4,Jakkur Lake,Raw sewage point,2015-09-28,13.094333,77.607667,nitrate,3.96,,false,,mg/L,,3.96,jakkur-2015
jakkur-2015,jakkur-lake-jk-4,JK-4,Jakkur Lake,Raw sewage point,2015-09-28,13.094333,77.607667,fecalColiform,250000,,false,,MPN/100mL,,2.5E+05,jakkur-2015
jakkur-2015,jakkur-lake-jk-4,JK-4,Jakkur Lake,Raw sewage point,2015-09-28,13.094333,77.607667,tss,40,,false,,mg/L,,40,jakkur-2015
jakkur-2015,jakkur-lake-jk-4,JK-4,Jakkur Lake,Raw sewage point,2015-09-28,13.094333,77.607667,bod,8.0,,false,,mg/L,,8.0,jakkur-2015
jakkur-2015,jakkur-lake-jk-4,JK-4,Jakkur Lake,Raw sewage point,2015-09-28,13.094333,77.607667,dissolvedBod,6.6,,false,,mg/L,,6.6,jakkur-2015
jakkur-2015,jakkur-lake-jk-4,JK-4,Jakkur Lake,Raw sewage point,2015-09-28,13.094333,77.607667,cod,20.6,,false,,mg/L,,20.6,jakkur-2015
jakkur-2015,jakkur-lake-jk-4,JK-4,Jakkur Lake,Raw sewage point,2015-09-28,13.094333,77.607667,dissolvedCod,,,false,,mg/L,,-,jakkur-2015
jakkur-2015,jakkur-lake-jk-4,JK-4,Jakkur Lake,Raw sewage point,2015-09-28,13.094333,77.607667,phosphate,1.1,,false,,mg/L,,1.1,jakkur-2015
jakkur-2015,jakkur-lake-jk-6,JK-6,Jakkur Lake,Jakkur lake outlet point I,2015-09-28,13.0802,77.614667,temperature,25.3,,false,,degC,,25.3,jakkur-2015
jakkur-2015,jakkur-lake-jk-6,JK-6,Jakkur Lake,Jakkur lake outlet point I,2015-09-28,13.0802,77.614667,ph,9.04,,false,,,,9.04,jakkur-2015
jakkur-2015,jakkur-lake-jk-6,JK-6,Jakkur Lake,Jakkur lake outlet point I,2015-09-28,13.0802,77.614667,conductivity,860,,false,,uS/cm,,860,jakkur-2015
jakkur-2015,jakkur-lake-jk-6,JK-6,Jakkur Lake,Jakkur lake outlet point I,2015-09-28,13.0802,77.614667,orp,-129,,false,,mV,,-129,jakkur-2015
jakkur-2015,jakkur-lake-jk-6,JK-6,Jakkur Lake,Jakkur lake outlet point I,2015-09-28,13.0802,77.614667,dissolvedOxygen,12.80,,false,,mg/L,,12.80,jakkur-2015
jakkur-2015,jakkur-lake-jk-6,JK-6,Jakkur Lake,Jakkur lake outlet point I,2015-09-28,13.0802,77.614667,nitrate,14.52,,false,,mg/L,,14.52,jakkur-2015
jakkur-2015,jakkur-lake-jk-6,JK-6,Jakkur Lake,Jakkur lake outlet point I,2015-09-28,13.0802,77.614667,fecalColiform,6100,,false,,MPN/100mL,,6.1E+03,jakkur-2015
jakkur-2015,jakkur-lake-jk-6,JK-6,Jakkur Lake,Jakkur lake outlet point I,2015-09-28,13.0802,77.614667,tss,60,,false,,mg/L,,60,jakkur-2015
jakkur-2015,jakkur-lake-jk-6,JK-6,Jakkur Lake,Jakkur lake outlet point I,2015-09-28,13.0802,77.614667,bod,23.0,,false,,mg/L,,23.0,jakkur-2015
jakkur-2015,jakkur-lake-jk-6,JK-6,Jakkur Lake,Jakkur lake outlet point I,2015-09-28,13.0802,77.614667,dissolvedBod,9.2,,false,,mg/L,,9.2,jakkur-2015
jakkur-2015,jakkur-lake-jk-6,JK-6,Jakkur Lake,Jakkur lake outlet point I,2015-09-28,13.0802,77.614667,cod,61.7,,false,,mg/L,,61.7,jakkur-2015
jakkur-2015,jakkur-lake-jk-6,JK-6,Jakkur Lake,Jakkur lake outlet point I,2015-09-28,13.0802,77.614667,dissolvedCod,,,false,,mg/L,,-,jakkur-2015
jakkur-2015,jakkur-lake-jk-6,JK-6,Jakkur Lake,Jakkur lake outlet point I,2015-09-28,13.0802,77.614667,phosphate,0.9,,false,,mg/L,,0.9,jakkur-2015
jakkur-2015,jakkur-lake-jk-1,JK-1,Jakkur Lake,Main gate water Runoff point,2015-12-09,13.083533,77.6096,temperature,24.6,,false,,degC,,24.6,jakkur-2015
jakkur-2015,jakkur-lake-jk-1,JK-1,Jakkur Lake,Main gate water Runoff point,2015-12-09,13.083533,77.6096,colour,,,false,,Hazen,,40-30,jakkur-2015
jakkur-2015,jakkur-lake-jk-1,JK-1,Jakkur Lake,Main gate water Runoff point,2015-12-09,13.083533,77.6096,ph,8.10,,false,,,,8.10,jakkur-2015
jakkur-2015,jakkur-lake-jk-1,JK-1,Jakkur Lake,Main gate water Runoff point,2015-12-09,13.083533,77.6096,conductivity,904,,false,,uS/cm,,904,jakkur-2015
jakkur-2015,jakkur-lake-jk-1,JK-1,Jakkur Lake,Main gate water Runoff point,2015-12-09,13.083533,77.6096,orp,-76,,false,,mV,,-76,jakkur-2015
jakkur-2015,jakkur-lake-jk-1,JK-1,Jakkur Lake,Main gate water Runoff point,2015-12-09,13.083533,77.6096,dissolvedOxygen,6.80,,false,,mg/L,,6.80,jakkur-2015
jakkur-2015,jakkur-lake-jk-1,JK-1,Jakkur Lake,Main gate water Runoff point,2015-12-09,13.083533,77.6096,nitrate,14.52,,false,,mg/L,,14.52,jakkur-2015
jakkur-2015,jakkur-lake-jk-1,JK-1,Jakkur Lake,Main gate water Runoff point,2015-12-09,13.083533,77.6096,totalAlkalinity,249,,false,,mg/L,,249,jakkur-2015
jakkur-2015,jakkur-lake-jk-1,JK-1,Jakkur Lake,Main gate water Runoff point,2015-12-09,13.083533,77.6096,fecalColiform,1400,,false,,MPN/100mL,,1.4E+03,jakkur-2015
jakkur-2015,jakkur-lake-jk-1,JK-1,Jakkur Lake,Main gate water Runoff point,2015-12-09,13.083533,77.6096,tss,50,,false,,mg/L,,50,jakkur-2015
jakkur-2015,jakkur-lake-jk-1,JK-1,Jakkur Lake,Main gate water Runoff point,2015-12-09,13.083533,77.6096,bod,33.1,,false,,mg/L,,33.1,jakkur-2015
jakkur-2015,jakkur-lake-jk-1,JK-1,Jakkur Lake,Main gate water Runoff point,2015-12-09,13.083533,77.6096,dissolvedBod,6.2,,false,,mg/L,,6.2,jakkur-2015
jakkur-2015,jakkur-lake-jk-1,JK-1,Jakkur Lake,Main gate water Runoff point,2015-12-09,13.083533,77.6096,cod,100.4,,false,,mg/L,,100.4,jakkur-2015
jakkur-2015,jakkur-lake-jk-1,JK-1,Jakkur Lake,Main gate water Runoff point,2015-12-09,13.083533,77.6096,dissolvedCod,30.1,,false,,mg/L,,30.1,jakkur-2015
jakkur-2015,jakkur-lake-jk-1,JK-1,Jakkur Lake,Main gate water Runoff point,2015-12-09,13.083533,77.6096,phosphate,0.6,,false,,mg/L,,0.6,jakkur-2015
jakkur-2015,jakkur-lake-jk-1,JK-1,Jakkur Lake,Main gate water Runoff point,2015-12-09,13.083533,77.6096,nitrateAcidPreserved,18.04,,false,,mg/L,,18.04,jakkur-2015
jakkur-2015,jakkur-lake-jk-1,JK-1,Jakkur Lake,Main gate water Runoff point,2015-12-09,13.083533,77.6096,nitrateFrozen,15.4,,false,,mg/L,,15.4,jakkur-2015
jakkur-2015,jakkur-lake-jk-1,JK-1,Jakkur Lake,Main gate water Runoff point,2015-12-09,13.083533,77.6096,nitrateNaohNeutralised,,,false,,mg/L,,-,jakkur-2015
jakkur-2015,jakkur-lake-jk-2,JK-2,Jakkur Lake,Wetland Outlet point,2015-12-09,13.09235,77.607283,temperature,24.3,,false,,degC,,24.3,jakkur-2015
jakkur-2015,jakkur-lake-jk-2,JK-2,Jakkur Lake,Wetland Outlet point,2015-12-09,13.09235,77.607283,colour,,,false,,Hazen,,40-30,jakkur-2015
jakkur-2015,jakkur-lake-jk-2,JK-2,Jakkur Lake,Wetland Outlet point,2015-12-09,13.09235,77.607283,ph,7.62,,false,,,,7.62,jakkur-2015
jakkur-2015,jakkur-lake-jk-2,JK-2,Jakkur Lake,Wetland Outlet point,2015-12-09,13.09235,77.607283,conductivity,1238,,false,,uS/cm,,1238,jakkur-2015
jakkur-2015,jakkur-lake-jk-2,JK-2,Jakkur Lake,Wetland Outlet point,2015-12-09,13.09235,77.607283,orp,-48,,false,,mV,,-48,jakkur-2015
jakkur-2015,jakkur-lake-jk-2,JK-2,Jakkur Lake,Wetland Outlet point,2015-12-09,13.09235,77.607283,dissolvedOxygen,0.90,,false,,mg/L,,0.90,jakkur-2015
jakkur-2015,jakkur-lake-jk-2,JK-2,Jakkur Lake,Wetland Outlet point,2015-12-09,13.09235,77.607283,nitrate,2.64,,false,,mg/L,,2.64,jakkur-2015
jakkur-2015,jakkur-lake-jk-2,JK-2,Jakkur Lake,Wetland Outlet point,2015-12-09,13.09235,77.607283,totalAlkalinity,378,,false,,mg/L,,378,jakkur-2015
jakkur-2015,jakkur-lake-jk-2,JK-2,Jakkur Lake,Wetland Outlet point,2015-12-09,13.09235,77.607283,fecalColiform,17000,,false,,MPN/100mL,,1.7E+04,jakkur-2015
jakkur-2015,jakkur-lake-jk-2,JK-2,Jakkur Lake,Wetland Outlet point,2015-12-09,13.09235,77.607283,tss,50,,false,,mg/L,,50,jakkur-2015
jakkur-2015,jakkur-lake-jk-2,JK-2,Jakkur Lake,Wetland Outlet point,2015-12-09,13.09235,77.607283,bod,27.1,,false,,mg/L,,27.1,jakkur-2015
jakkur-2015,jakkur-lake-jk-2,JK-2,Jakkur Lake,Wetland Outlet point,2015-12-09,13.09235,77.607283,dissolvedBod,3.6,,false,,mg/L,,3.6,jakkur-2015
jakkur-2015,jakkur-lake-jk-2,JK-2,Jakkur Lake,Wetland Outlet point,2015-12-09,13.09235,77.607283,cod,60.2,,false,,mg/L,,60.2,jakkur-2015
jakkur-2015,jakkur-lake-jk-2,JK-2,Jakkur Lake,Wetland Outlet point,2015-12-09,13.09235,77.607283,dissolvedCod,40.2,,false,,mg/L,,40.2,jakkur-2015
jakkur-2015,jakkur-lake-jk-2,JK-2,Jakkur Lake,Wetland Outlet point,2015-12-09,13.09235,77.607283,phosphate,1.5,,false,,mg/L,,1.5,jakkur-2015
jakkur-2015,jakkur-lake-jk-2,JK-2,Jakkur Lake,Wetland Outlet point,2015-12-09,13.09235,77.607283,nitrateAcidPreserved,4.4,,false,,mg/L,,4.4,jakkur-2015
jakkur-2015,jakkur-lake-jk-2,JK-2,Jakkur Lake,Wetland Outlet point,2015-12-09,13.09235,77.607283,nitrateFrozen,2.2,,false,,mg/L,,2.2,jakkur-2015
jakkur-2015,jakkur-lake-jk-2,JK-2,Jakkur Lake,Wetland Outlet point,2015-12-09,13.09235,77.607283,nitrateNaohNeutralised,2.2,,false,,mg/L,,2.2,jakkur-2015
jakkur-2015,jakkur-lake-jk-3,JK-3,Jakkur Lake,Jakkur lake STP outlet point,2015-12-09,13.094333,77.607667,temperature,23.6,,false,,degC,,23.6,jakkur-2015
jakkur-2015,jakkur-lake-jk-3,JK-3,Jakkur Lake,Jakkur lake STP outlet point,2015-12-09,13.094333,77.607667,colour,,,false,,Hazen,,40-30,jakkur-2015
jakkur-2015,jakkur-lake-jk-3,JK-3,Jakkur Lake,Jakkur lake STP outlet point,2015-12-09,13.094333,77.607667,ph,7.80,,false,,,,7.80,jakkur-2015
jakkur-2015,jakkur-lake-jk-3,JK-3,Jakkur Lake,Jakkur lake STP outlet point,2015-12-09,13.094333,77.607667,conductivity,1185,,false,,uS/cm,,1185,jakkur-2015
jakkur-2015,jakkur-lake-jk-3,JK-3,Jakkur Lake,Jakkur lake STP outlet point,2015-12-09,13.094333,77.607667,orp,-58,,false,,mV,,-58,jakkur-2015
jakkur-2015,jakkur-lake-jk-3,JK-3,Jakkur Lake,Jakkur lake STP outlet point,2015-12-09,13.094333,77.607667,dissolvedOxygen,2.90,,false,,mg/L,,2.90,jakkur-2015
jakkur-2015,jakkur-lake-jk-3,JK-3,Jakkur Lake,Jakkur lake STP outlet point,2015-12-09,13.094333,77.607667,nitrate,3.96,,false,,mg/L,,3.96,jakkur-2015
jakkur-2015,jakkur-lake-jk-3,JK-3,Jakkur Lake,Jakkur lake STP outlet point,2015-12-09,13.094333,77.607667,totalAlkalinity,394,,false,,mg/L,,394,jakkur-2015
jakkur-2015,jakkur-lake-jk-3,JK-3,Jakkur Lake,Jakkur lake STP outlet point,2015-12-09,13.094333,77.607667,fecalColiform,92000,,false,,MPN/100mL,,9.2E+04,jakkur-2015
jakkur-2015,jakkur-lake-jk-3,JK-3,Jakkur Lake,Jakkur lake STP outlet point,2015-12-09,13.094333,77.607667,tss,60,,false,,mg/L,,60,jakkur-2015
jakkur-2015,jakkur-lake-jk-3,JK-3,Jakkur Lake,Jakkur lake STP outlet point,2015-12-09,13.094333,77.607667,bod,29.0,,false,,mg/L,,29.0,jakkur-2015
jakkur-2015,jakkur-lake-jk-3,JK-3,Jakkur Lake,Jakkur lake STP outlet point,2015-12-09,13.094333,77.607667,dissolvedBod,5.0,,false,,mg/L,,5.0,jakkur-2015
jakkur-2015,jakkur-lake-jk-3,JK-3,Jakkur Lake,Jakkur lake STP outlet point,2015-12-09,13.094333,77.607667,cod,50.2,,false,,mg/L,,50.2,jakkur-2015
jakkur-2015,jakkur-lake-jk-3,JK-3,Jakkur Lake,Jakkur lake STP outlet point,2015-12-09,13.094333,77.607667,dissolvedCod,40.2,,false,,mg/L,,40.2,jakkur-2015
jakkur-2015,jakkur-lake-jk-3,JK-3,Jakkur Lake,Jakkur lake STP outlet point,2015-12-09,13.094333,77.607667,phosphate,0.5,,false,,mg/L,,0.5,jakkur-2015
jakkur-2015,jakkur-lake-jk-3,JK-3,Jakkur Lake,Jakkur lake STP outlet point,2015-12-09,13.094333,77.607667,nitrateAcidPreserved,5.28,,false,,mg/L,,5.28,jakkur-2015
jakkur-2015,jakkur-lake-jk-3,JK-3,Jakkur Lake,Jakkur lake STP outlet point,2015-12-09,13.094333,77.607667,nitrateFrozen,3.08,,false,,mg/L,,3.08,jakkur-2015
jakkur-2015,jakkur-lake-jk-3,JK-3,Jakkur Lake,Jakkur lake STP outlet point,2015-12-09,13.094333,77.607667,nitrateNaohNeutralised,,,false,,mg/L,,-,jakkur-2015
jakkur-2015,jakkur-lake-jk-4,JK-4,Jakkur Lake,Raw sewage point,2015-12-09,13.094333,77.607667,temperature,23.6,,false,,degC,,23.6,jakkur-2015
jakkur-2015,jakkur-lake-jk-4,JK-4,Jakkur Lake,Raw sewage point,2015-12-09,13.094333,77.607667,colour,,,false,,Hazen,,30-20,jakkur-2015
jakkur-2015,jakkur-lake-jk-4,JK-4,Jakkur Lake,Raw sewage point,2015-12-09,13.094333,77.607667,ph,7.33,,false,,,,7.33,jakkur-2015
jakkur-2015,jakkur-lake-jk-4,JK-4,Jakkur Lake,Raw sewage point,2015-12-09,13.094333,77.607667,conductivity,1431,,false,,uS/cm,,1431,jakkur-2015
jakkur-2015,jakkur-lake-jk-4,JK-4,Jakkur Lake,Raw sewage point,2015-12-09,13.094333,77.607667,orp,-32,,false,,mV,,-32,jakkur-2015
jakkur-2015,jakkur-lake-jk-4,JK-4,Jakkur Lake,Raw sewage point,2015-12-09,13.094333,77.607667,dissolvedOxygen,0.00,,false,,mg/L,,0.00,jakkur-2015
jakkur-2015,jakkur-lake-jk-4,JK-4,Jakkur Lake,Raw sewage point,2015-12-09,13.094333,77.607667,nitrate,2.64,,false,,mg/L,,2.64,jakkur-2015
jakkur-2015,jakkur-lake-jk-4,JK-4,Jakkur Lake,Raw sewage point,2015-12-09,13.094333,77.607667,totalAlkalinity,406,,false,,mg/L,,406,jakkur-2015
jakkur-2015,jakkur-lake-jk-4,JK-4,Jakkur Lake,Raw sewage point,2015-12-09,13.094333,77.607667,fecalColiform,22000,,false,,MPN/100mL,,2.2E+04,jakkur-2015
jakkur-2015,jakkur-lake-jk-4,JK-4,Jakkur Lake,Raw sewage point,2015-12-09,13.094333,77.607667,tss,90,,false,,mg/L,,90,jakkur-2015
jakkur-2015,jakkur-lake-jk-4,JK-4,Jakkur Lake,Raw sewage point,2015-12-09,13.094333,77.607667,bod,37.0,,false,,mg/L,,37.0,jakkur-2015
jakkur-2015,jakkur-lake-jk-4,JK-4,Jakkur Lake,Raw sewage point,2015-12-09,13.094333,77.607667,dissolvedBod,5.8,,false,,mg/L,,5.8,jakkur-2015
jakkur-2015,jakkur-lake-jk-4,JK-4,Jakkur Lake,Raw sewage point,2015-12-09,13.094333,77.607667,cod,110.4,,false,,mg/L,,110.4,jakkur-2015
jakkur-2015,jakkur-lake-jk-4,JK-4,Jakkur Lake,Raw sewage point,2015-12-09,13.094333,77.607667,dissolvedCod,50.2,,false,,mg/L,,50.2,jakkur-2015
jakkur-2015,jakkur-lake-jk-4,JK-4,Jakkur Lake,Raw sewage point,2015-12-09,13.094333,77.607667,phosphate,1.9,,false,,mg/L,,1.9,jakkur-2015
jakkur-2015,jakkur-lake-jk-4,JK-4,Jakkur Lake,Raw sewage point,2015-12-09,13.094333,77.607667,nitrateAcidPreserved,4.84,,false,,mg/L,,4.84,jakkur-2015
jakkur-2015,jakkur-lake-jk-4,JK-4,Jakkur Lake,Raw sewage point,2015-12-09,13.094333,77.607667,nitrateFrozen,3.52,,false,,mg/L,,3.52,jakkur-2015
jakkur-2015,jakkur-lake-jk-4,JK-4,Jakkur Lake,Raw sewage point,2015-12-09,13.094333,77.607667,nitrateNaohNeutralised,2.2,,false,,mg/L,,2.2,jakkur-2015
jakkur-2015,jakkur-lake-jk-5,JK-5,Jakkur Lake,Jakkur lake-Lake sample point,2015-12-09,13.08675,77.611283,temperature,23.9,,false,,degC,,23.9,jakkur-2015
jakkur-2015,jakkur-lake-jk-5,JK-5,Jakkur Lake,Jakkur lake-Lake sample point,2015-12-09,13.08675,77.611283,colour,20,,false,,Hazen,,20,jakkur-2015
jakkur-2015,jakkur-lake-jk-5,JK-5,Jakkur Lake,Jakkur lake-Lake sample point,2015-12-09,13.08675,77.611283,ph,8.21,,false,,,,8.21,jakkur-2015
jakkur-2015,jakkur-lake-jk-5,JK-5,Jakkur Lake,Jakkur lake-Lake sample point,2015-12-09,13.08675,77.611283,conductivity,955,,false,,uS/cm,,955,jakkur-2015
jakkur-2015,jakkur-lake-jk-5,JK-5,Jakkur Lake,Jakkur lake-Lake sample point,2015-12-09,13.08675,77.611283,orp,-81,,false,,mV,,-81,jakkur-2015
jakkur-2015,jakkur-lake-jk-5,JK-5,Jakkur Lake,Jakkur lake-Lake sample point,2015-12-09,13.08675,77.611283,dissolvedOxygen,7.60,,false,,mg/L,,7.60,jakkur-2015
jakkur-2015,jakkur-lake-jk-5,JK-5,Jakkur Lake,Jakkur lake-Lake sample point,2015-12-09,13.08675,77.611283,nitrate,9.68,,false,,mg/L,,9.68,jakkur-2015
jakkur-2015,jakkur-lake-jk-5,JK-5,Jakkur Lake,Jakkur lake-Lake sample point,2015-12-09,13.08675,77.611283,totalAlkalinity,281,,false,,mg/L,,281,jakkur-2015
jakkur-2015,jakkur-lake-jk-5,JK-5,Jakkur Lake,Jakkur lake-Lake sample point,2015-12-09,13.08675,77.611283,fecalColiform,1200,,false,,MPN/100mL,,1.2E+03,jakkur-2015
jakkur-2015,jakkur-lake-jk-5,JK-5,Jakkur Lake,Jakkur lake-Lake sample point,2015-12-09,13.08675,77.611283,tss,50,,false,,mg/L,,50,jakkur-2015
jakkur-2015,jakkur-lake-jk-5,JK-5,Jakkur Lake,Jakkur lake-Lake sample point,2015-12-09,13.08675,77.611283,bod,28.0,,false,,mg/L,,28.0,jakkur-2015
jakkur-2015,jakkur-lake-jk-5,JK-5,Jakkur Lake,Jakkur lake-Lake sample point,2015-12-09,13.08675,77.611283,dissolvedBod,4.8,,false,,mg/L,,4.8,jakkur-2015
jakkur-2015,jakkur-lake-jk-5,JK-5,Jakkur Lake,Jakkur lake-Lake sample point,2015-12-09,13.08675,77.611283,cod,90.4,,false,,mg/L,,90.4,jakkur-2015
jakkur-2015,jakkur-lake-jk-5,JK-5,Jakkur Lake,Jakkur lake-Lake sample point,2015-12-09,13.08675,77.611283,dissolvedCod,25.1,,false,,mg/L,,25.1,jakkur-2015
jakkur-2015,jakkur-lake-jk-5,JK-5,Jakkur Lake,Jakkur lake-Lake sample point,2015-12-09,13.08675,77.611283,phosphate,0.7,,false,,mg/L,,0.7,jakkur-2015
jakkur-2015,jakkur-lake-jk-5,JK-5,Jakkur Lake,Jakkur lake-Lake sample point,2015-12-09,13.08675,77.611283,nitrateAcidPreserved,13.2,,false,,mg/L,,13.2,jakkur-2015
jakkur-2015,jakkur-lake-jk-5,JK-5,Jakkur Lake,Jakkur lake-Lake sample point,2015-12-09,13.08675,77.611283,nitrateFrozen,10.56,,false,,mg/L,,10.56,jakkur-2015
jakkur-2015,jakkur-lake-jk-5,JK-5,Jakkur Lake,Jakkur lake-Lake sample point,2015-12-09,13.08675,77.611283,nitrateNaohNeutralised,9.68,,false,,mg/L,,9.68,jakkur-2015
jakkur-2015,jakkur-lake-jk-6,JK-6,Jakkur Lake,Jakkur lake outlet point I,2015-12-09,13.0802,77.614667,temperature,23.4,,false,,degC,,23.4,jakkur-2015
jakkur-2015,jakkur-lake-jk-6,JK-6,Jakkur Lake,Jakkur lake outlet point I,2015-12-09,13.0802,77.614667,colour,,,false,,Hazen,,30-20,jakkur-2015
jakkur-2015,jakkur-lake-jk-6,JK-6,Jakkur Lake,Jakkur lake outlet point I,2015-12-09,13.0802,77.614667,ph,7.91,,false,,,,7.91,jakkur-2015
jakkur-2015,jakkur-lake-jk-6,JK-6,Jakkur Lake,Jakkur lake outlet point I,2015-12-09,13.0802,77.614667,conductivity,912,,false,,uS/cm,,912,jakkur-2015
jakkur-2015,jakkur-lake-jk-6,JK-6,Jakkur Lake,Jakkur lake outlet point I,2015-12-09,13.0802,77.614667,orp,-64,,false,,mV,,-64,jakkur-2015
jakkur-2015,jakkur-lake-jk-6,JK-6,Jakkur Lake,Jakkur lake outlet point I,2015-12-09,13.0802,77.614667,dissolvedOxygen,2.70,,false,,mg/L,,2.70,jakkur-2015
jakkur-2015,jakkur-lake-jk-6,JK-6,Jakkur Lake,Jakkur lake outlet point I,2015-12-09,13.0802,77.614667,nitrate,11.00,,false,,mg/L,,11.00,jakkur-2015
jakkur-2015,jakkur-lake-jk-6,JK-6,Jakkur Lake,Jakkur lake outlet point I,2015-12-09,13.0802,77.614667,totalAlkalinity,249,,false,,mg/L,,249,jakkur-2015
jakkur-2015,jakkur-lake-jk-6,JK-6,Jakkur Lake,Jakkur lake outlet point I,2015-12-09,13.0802,77.614667,fecalColiform,1400,,false,,MPN/100mL,,1.4E+03,jakkur-2015
jakkur-2015,jakkur-lake-jk-6,JK-6,Jakkur Lake,Jakkur lake outlet point I,2015-12-09,13.0802,77.614667,tss,60,,false,,mg/L,,60,jakkur-2015
jakkur-2015,jakkur-lake-jk-6,JK-6,Jakkur Lake,Jakkur lake outlet point I,2015-12-09,13.0802,77.614667,bod,31.0,,false,,mg/L,,31.0,jakkur-2015
jakkur-2015,jakkur-lake-jk-6,JK-6,Jakkur Lake,Jakkur lake outlet point I,2015-12-09,13.0802,77.614667,dissolvedBod,5.0,,false,,mg/L,,5.0,jakkur-2015
jakkur-2015,jakkur-lake-jk-6,JK-6,Jakkur Lake,Jakkur lake outlet point I,2015-12-09,13.0802,77.614667,cod,95.4,,false,,mg/L,,95.4,jakkur-2015
jakkur-2015,jakkur-lake-jk-6,JK-6,Jakkur Lake,Jakkur lake outlet point I,2015-12-09,13.0802,77.614667,dissolvedCod,30.1,,false,,mg/L,,30.1,jakkur-2015
jakkur-2015,jakkur-lake-jk-6,JK-6,Jakkur Lake,Jakkur lake outlet point I,2015-12-09,13.0802,77.614667,phosphate,0.7,,false,,mg/L,,0.7,jakkur-2015
jakkur-2015,jakkur-lake-jk-6,JK-6,Jakkur Lake,Jakkur lake outlet point I,2015-12-09,13.0802,77.614667,nitrateAcidPreserved,13.64,,false,,mg/L,,13.64,jakkur-2015
jakkur-2015,jakkur-lake-jk-6,JK-6,Jakkur Lake,Jakkur lake outlet point I,2015-12-09,13.0802,77.614667,nitrateFrozen,11.88,,false,,mg/L,,11.88,jakkur-2015
jakkur-2015,jakkur-lake-jk-6,JK-6,Jakkur Lake,Jakkur lake outlet point I,2015-12-09,13.0802,77.614667,nitrateNaohNeutralised,,,false,,mg/L,,-,jakkur-2015
jakkur-2015,jakkur-lake-jk-7,JK-7,Jakkur Lake,Jakkur lake outlet point II,2015-12-09,,,temperature,24.4,,false,,degC,,24.4,jakkur-2015
jakkur-2015,jakkur-lake-jk-7,JK-7,Jakkur Lake,Jakkur lake outlet point II,2015-12-09,,,colour,,,false,,Hazen,,30-20,jakkur-2015
jakkur-2015,jakkur-lake-jk-7,JK-7,Jakkur Lake,Jakkur lake outlet point II,2015-12-09,,,ph,7.90,,false,,,,7.90,jakkur-2015
jakkur-2015,jakkur-lake-jk-7,JK-7,Jakkur Lake,Jakkur lake outlet point II,2015-12-09,,,conductivity,913,,false,,uS/cm,,913,jakkur-2015
jakkur-2015,jakkur-lake-jk-7,JK-7,Jakkur Lake,Jakkur lake outlet point II,2015-12-09,,,orp,-64,,false,,mV,,-64,jakkur-2015
jakkur-2015,jakkur-lake-jk-7,JK-7,Jakkur Lake,Jakkur lake outlet point II,2015-12-09,,,dissolvedOxygen,3.00,,false,,mg/L,,3.00,jakkur-2015
jakkur-2015,jakkur-lake-jk-7,JK-7,Jakkur Lake,Jakkur lake outlet point II,2015-12-09,,,nitrate,12.76,,false,,mg/L,,12.76,jakkur-2015
jakkur-2015,jakkur-lake-jk-7,JK-7,Jakkur Lake,Jakkur lake outlet point II,2015-12-09,,,totalAlkalinity,257,,false,,mg/L,,257,jakkur-2015
jakkur-2015,jakkur-lake-jk-7,JK-7,Jakkur Lake,Jakkur lake outlet point II,2015-12-09,,,fecalColiform,17000,,false,,MPN/100mL,,1.7E+04,jakkur-2015
jakkur-2015,jakkur-lake-jk-7,JK-7,Jakkur Lake,Jakkur lake outlet point II,2015-12-09,,,tss,80,,false,,mg/L,,80,jakkur-2015
jakkur-2015,jakkur-lake-jk-7,JK-7,Jakkur Lake,Jakkur lake outlet point II,2015-12-09,,,bod,20.0,,false,,mg/L,,20.0,jakkur-2015
jakkur-2015,jakkur-lake-jk-7,JK-7,Jakkur Lake,Jakkur lake outlet point II,2015-12-09,,,dissolvedBod,4.8,,false,,mg/L,,4.8,jakkur-2015
jakkur-2015,jakkur-lake-jk-7,JK-7,Jakkur Lake,Jakkur lake outlet point II,2015-12-09,,,cod,70.3,,false,,mg/L,,70.3,jakkur-2015
jakkur-2015,jakkur-lake-jk-7,JK-7,Jakkur Lake,Jakkur lake outlet point II,2015-12-09,,,dissolvedCod,30.1,,false,,mg/L,,30.1,jakkur-2015
jakkur-2015,jakkur-lake-jk-7,JK-7,Jakkur Lake,Jakkur lake outlet point II,2015-12-09,,,phosphate,0.6,,false,,mg/L,,0.6,jakkur-2015
jakkur-2015,jakkur-lake-jk-7,JK-7,Jakkur Lake,Jakkur lake outlet point II,2015-12-09,,,nitrateAcidPreserved,14.08,,false,,mg/L,,14.08,jakkur-2015
jakkur-2015,jakkur-lake-jk-7,JK-7,Jakkur Lake,Jakkur lake outlet point II,2015-12-09,,,nitrateFrozen,13.64,,false,,mg/L,,13.64,jakkur-2015
jakkur-2015,jakkur-lake-jk-7,JK-7,Jakkur Lake,Jakkur lake outlet point II,2015-12-09,,,nitrateNaohNeutralised,,,false,,mg/L,,-,jakkur-2015
jakkur-2015,jakkur-lake-jk-1,JK-1,Jakkur Lake,Main gate water Runoff point,2016-01-12,13.083533,77.6096,temperature,26,,false,,degC,,26,jakkur-2015
jakkur-2015,jakkur-lake-jk-1,JK-1,Jakkur Lake,Main gate water Runoff point,2016-01-12,13.083533,77.6096,colour,,,false,,Hazen,,40-50,jakkur-2015
jakkur-2015,jakkur-lake-jk-1,JK-1,Jakkur Lake,Main gate water Runoff point,2016-01-12,13.083533,77.6096,ph,9.07,,false,,,,9.07,jakkur-2015
jakkur-2015,jakkur-lake-jk-1,JK-1,Jakkur Lake,Main gate water Runoff point,2016-01-12,13.083533,77.6096,conductivity,1019,,false,,uS/cm,,1019,jakkur-2015
jakkur-2015,jakkur-lake-jk-1,JK-1,Jakkur Lake,Main gate water Runoff point,2016-01-12,13.083533,77.6096,orp,-131,,false,,mV,,-131,jakkur-2015
jakkur-2015,jakkur-lake-jk-1,JK-1,Jakkur Lake,Main gate water Runoff point,2016-01-12,13.083533,77.6096,dissolvedOxygen,17.70,,false,,mg/L,,17.70,jakkur-2015
jakkur-2015,jakkur-lake-jk-1,JK-1,Jakkur Lake,Main gate water Runoff point,2016-01-12,13.083533,77.6096,nitrate,15.40,,false,,mg/L,,15.40,jakkur-2015
jakkur-2015,jakkur-lake-jk-1,JK-1,Jakkur Lake,Main gate water Runoff point,2016-01-12,13.083533,77.6096,totalAlkalinity,259,,false,,mg/L,,259,jakkur-2015
jakkur-2015,jakkur-lake-jk-1,JK-1,Jakkur Lake,Main gate water Runoff point,2016-01-12,13.083533,77.6096,fecalColiform,680,,false,,MPN/100mL,,6.8E+02,jakkur-2015
jakkur-2015,jakkur-lake-jk-1,JK-1,Jakkur Lake,Main gate water Runoff point,2016-01-12,13.083533,77.6096,tss,90,,false,,mg/L,,90,jakkur-2015
jakkur-2015,jakkur-lake-jk-1,JK-1,Jakkur Lake,Main gate water Runoff point,2016-01-12,13.083533,77.6096,bod,34.0,,false,,mg/L,,34.0,jakkur-2015
jakkur-2015,jakkur-lake-jk-1,JK-1,Jakkur Lake,Main gate water Runoff point,2016-01-12,13.083533,77.6096,dissolvedBod,1.4,,false,,mg/L,,1.4,jakkur-2015
jakkur-2015,jakkur-lake-jk-1,JK-1,Jakkur Lake,Main gate water Runoff point,2016-01-12,13.083533,77.6096,cod,129.5,,false,,mg/L,,129.5,jakkur-2015
jakkur-2015,jakkur-lake-jk-1,JK-1,Jakkur Lake,Main gate water Runoff point,2016-01-12,13.083533,77.6096,dissolvedCod,49.8,,false,,mg/L,,49.8,jakkur-2015
jakkur-2015,jakkur-lake-jk-1,JK-1,Jakkur Lake,Main gate water Runoff point,2016-01-12,13.083533,77.6096,phosphate,0.6,,false,,mg/L,,0.6,jakkur-2015
jakkur-2015,jakkur-lake-jk-2,JK-2,Jakkur Lake,Wetland Outlet point,2016-01-12,13.09235,77.607283,temperature,24.1,,false,,degC,,24.1,jakkur-2015
jakkur-2015,jakkur-lake-jk-2,JK-2,Jakkur Lake,Wetland Outlet point,2016-01-12,13.09235,77.607283,colour,,,false,,Hazen,,20-30,jakkur-2015
jakkur-2015,jakkur-lake-jk-2,JK-2,Jakkur Lake,Wetland Outlet point,2016-01-12,13.09235,77.607283,ph,8.01,,false,,,,8.01,jakkur-2015
jakkur-2015,jakkur-lake-jk-2,JK-2,Jakkur Lake,Wetland Outlet point,2016-01-12,13.09235,77.607283,conductivity,1440,,false,,uS/cm,,1440,jakkur-2015
jakkur-2015,jakkur-lake-jk-2,JK-2,Jakkur Lake,Wetland Outlet point,2016-01-12,13.09235,77.607283,orp,-71,,false,,mV,,-71,jakkur-2015
jakkur-2015,jakkur-lake-jk-2,JK-2,Jakkur Lake,Wetland Outlet point,2016-01-12,13.09235,77.607283,dissolvedOxygen,4.20,,false,,mg/L,,4.20,jakkur-2015
jakkur-2015,jakkur-lake-jk-2,JK-2,Jakkur Lake,Wetland Outlet point,2016-01-12,13.09235,77.607283,nitrate,3.08,,false,,mg/L,,3.08,jakkur-2015
jakkur-2015,jakkur-lake-jk-2,JK-2,Jakkur Lake,Wetland Outlet point,2016-01-12,13.09235,77.607283,totalAlkalinity,364,,false,,mg/L,,364,jakkur-2015
jakkur-2015,jakkur-lake-jk-2,JK-2,Jakkur Lake,Wetland Outlet point,2016-01-12,13.09235,77.607283,fecalColiform,2100,,false,,MPN/100mL,,2.1E+03,jakkur-2015
jakkur-2015,jakkur-lake-jk-2,JK-2,Jakkur Lake,Wetland Outlet point,2016-01-12,13.09235,77.607283,tss,30,,false,,mg/L,,30,jakkur-2015
jakkur-2015,jakkur-lake-jk-2,JK-2,Jakkur Lake,Wetland Outlet point,2016-01-12,13.09235,77.607283,bod,41.0,,false,,mg/L,,41.0,jakkur-2015
jakkur-2015,jakkur-lake-jk-2,JK-2,Jakkur Lake,Wetland Outlet point,2016-01-12,13.09235,77.607283,dissolvedBod,1.0,,false,,mg/L,,1.0,jakkur-2015
jakkur-2015,jakkur-lake-jk-2,JK-2,Jakkur Lake,Wetland Outlet point,2016-01-12,13.09235,77.607283,cod,49.8,,false,,mg/L,,49.8,jakkur-2015
jakkur-2015,jakkur-lake-jk-2,JK-2,Jakkur Lake,Wetland Outlet point,2016-01-12,13.09235,77.607283,dissolvedCod,19.9,,false,,mg/L,,19.9,jakkur-2015
jakkur-2015,jakkur-lake-jk-2,JK-2,Jakkur Lake,Wetland Outlet point,2016-01-12,13.09235,77.607283,phosphate,1.2,,false,,mg/L,,1.2,jakkur-2015
jakkur-2015,jakkur-lake-jk-3,JK-3,Jakkur Lake,Jakkur lake STP outlet point,2016-01-12,13.094333,77.607667,temperature,24.8,,false,,degC,,24.8,jakkur-2015
jakkur-2015,jakkur-lake-jk-3,JK-3,Jakkur Lake,Jakkur lake STP outlet point,2016-01-12,13.094333,77.607667,colour,,,false,,Hazen,,20-30,jakkur-2015
jakkur-2015,jakkur-lake-jk-3,JK-3,Jakkur Lake,Jakkur lake STP outlet point,2016-01-12,13.094333,77.607667,ph,7.88,,false,,,,7.88,jakkur-2015
jakkur-2015,jakkur-lake-jk-3,JK-3,Jakkur Lake,Jakkur lake STP outlet point,2016-01-12,13.094333,77.607667,conductivity,1403,,false,,uS/cm,,1403,jakkur-2015
jakkur-2015,jakkur-lake-jk-3,JK-3,Jakkur Lake,Jakkur lake STP outlet point,2016-01-12,13.094333,77.607667,orp,-59,,false,,mV,,-59,jakkur-2015
jakkur-2015,jakkur-lake-jk-3,JK-3,Jakkur Lake,Jakkur lake STP outlet point,2016-01-12,13.094333,77.607667,dissolvedOxygen,4.20,,false,,mg/L,,4.20,jakkur-2015
jakkur-2015,jakkur-lake-jk-3,JK-3,Jakkur Lake,Jakkur lake STP outlet point,2016-01-12,13.094333,77.607667,nitrate,3.96,,false,,mg/L,,3.96,jakkur-2015
jakkur-2015,jakkur-lake-jk-3,JK-3,Jakkur Lake,Jakkur lake STP outlet point,2016-01-12,13.094333,77.607667,totalAlkalinity,384,,false,,mg/L,,384,jakkur-2015
jakkur-2015,jakkur-lake-jk-3,JK-3,Jakkur Lake,Jakkur lake STP outlet point,2016-01-12,13.094333,77.607667,fecalColiform,2700,,false,,MPN/100mL,,2.7E+03,jakkur-2015
jakkur-2015,jakkur-lake-jk-3,JK-3,Jakkur Lake,Jakkur lake STP outlet point,2016-01-12,13.094333,77.607667,tss,40,,false,,mg/L,,40,jakkur-2015
jakkur-2015,jakkur-lake-jk-3,JK-3,Jakkur Lake,Jakkur lake STP outlet point,2016-01-12,13.094333,77.607667,bod,46.0,,false,,mg/L,,46.0,jakkur-2015
jakkur-2015,jakkur-lake-jk-3,JK-3,Jakkur Lake,Jakkur lake STP outlet point,2016-01-12,13.094333,77.607667,dissolvedBod,1.0,,false,,mg/L,,1.0,jakkur-2015
jakkur-2015,jakkur-lake-jk-3,JK-3,Jakkur Lake,Jakkur lake STP outlet point,2016-01-12,13.094333,77.607667,cod,89.6,,false,,mg/L,,89.6,jakkur-2015
jakkur-2015,jakkur-lake-jk-3,JK-3,Jakkur Lake,Jakkur lake STP outlet point,2016-01-12,13.094333,77.607667,dissolvedCod,19.9,,false,,mg/L,,19.9,jakkur-2015
jakkur-2015,jakkur-lake-jk-3,JK-3,Jakkur Lake,Jakkur lake STP outlet point,2016-01-12,13.094333,77.607667,phosphate,2.9,,false,,mg/L,,2.9,jakkur-2015
jakkur-2015,jakkur-lake-jk-4,JK-4,Jakkur Lake,Raw sewage point,2016-01-12,13.094333,77.607667,temperature,25.6,,false,,degC,,25.6,jakkur-2015
jakkur-2015,jakkur-lake-jk-4,JK-4,Jakkur Lake,Raw sewage point,2016-01-12,13.094333,77.607667,colour,,,false,,Hazen,,20-30,jakkur-2015
jakkur-2015,jakkur-lake-jk-4,JK-4,Jakkur Lake,Raw sewage point,2016-01-12,13.094333,77.607667,ph,7.25,,false,,,,7.25,jakkur-2015
jakkur-2015,jakkur-lake-jk-4,JK-4,Jakkur Lake,Raw sewage point,2016-01-12,13.094333,77.607667,conductivity,1438,,false,,uS/cm,,1438,jakkur-2015
jakkur-2015,jakkur-lake-jk-4,JK-4,Jakkur Lake,Raw sewage point,2016-01-12,13.094333,77.607667,orp,-26,,false,,mV,,-26,jakkur-2015
jakkur-2015,jakkur-lake-jk-4,JK-4,Jakkur Lake,Raw sewage point,2016-01-12,13.094333,77.607667,dissolvedOxygen,0.00,,false,,mg/L,,0.00,jakkur-2015
jakkur-2015,jakkur-lake-jk-4,JK-4,Jakkur Lake,Raw sewage point,2016-01-12,13.094333,77.607667,nitrate,5.28,,false,,mg/L,,5.28,jakkur-2015
jakkur-2015,jakkur-lake-jk-4,JK-4,Jakkur Lake,Raw sewage point,2016-01-12,13.094333,77.607667,totalAlkalinity,392,,false,,mg/L,,392,jakkur-2015
jakkur-2015,jakkur-lake-jk-4,JK-4,Jakkur Lake,Raw sewage point,2016-01-12,13.094333,77.607667,fecalColiform,27000,,false,,MPN/100mL,,2.7E+04,jakkur-2015
jakkur-2015,jakkur-lake-jk-4,JK-4,Jakkur Lake,Raw sewage point,2016-01-12,13.094333,77.607667,tss,110,,false,,mg/L,,110,jakkur-2015
jakkur-2015,jakkur-lake-jk-4,JK-4,Jakkur Lake,Raw sewage point,2016-01-12,13.094333,77.607667,bod,130.0,,false,,mg/L,,130.0,jakkur-2015
jakkur-2015,jakkur-lake-jk-4,JK-4,Jakkur Lake,Raw sewage point,2016-01-12,13.094333,77.607667,dissolvedBod,16.0,,false,,mg/L,,16.0,jakkur-2015
jakkur-2015,jakkur-lake-jk-4,JK-4,Jakkur Lake,Raw sewage point,2016-01-12,13.094333,77.607667,cod,308.8,,false,,mg/L,,308.8,jakkur-2015
jakkur-2015,jakkur-lake-jk-4,JK-4,Jakkur Lake,Raw sewage point,2016-01-12,13.094333,77.607667,dissolvedCod,59.8,,false,,mg/L,,59.8,jakkur-2015
jakkur-2015,jakkur-lake-jk-4,JK-4,Jakkur Lake,Raw sewage point,2016-01-12,13.094333,77.607667,phosphate,0.7,,false,,mg/L,,0.7,jakkur-2015
jakkur-2015,jakkur-lake-jk-5,JK-5,Jakkur Lake,Jakkur lake-Lake sample point,2016-01-12,13.08675,77.611283,temperature,26,,false,,degC,,26,jakkur-2015
jakkur-2015,jakkur-lake-jk-5,JK-5,Jakkur Lake,Jakkur lake-Lake sample point,2016-01-12,13.08675,77.611283,colour,20,,false,,Hazen,,20,jakkur-2015
jakkur-2015,jakkur-lake-jk-5,JK-5,Jakkur Lake,Jakkur lake-Lake sample point,2016-01-12,13.08675,77.611283,ph,9.08,,false,,,,9.08,jakkur-2015
jakkur-2015,jakkur-lake-jk-5,JK-5,Jakkur Lake,Jakkur lake-Lake sample point,2016-01-12,13.08675,77.611283,conductivity,1027,,false,,uS/cm,,1027,jakkur-2015
jakkur-2015,jakkur-lake-jk-5,JK-5,Jakkur Lake,Jakkur lake-Lake sample point,2016-01-12,13.08675,77.611283,orp,-133,,false,,mV,,-133,jakkur-2015
jakkur-2015,jakkur-lake-jk-5,JK-5,Jakkur Lake,Jakkur lake-Lake sample point,2016-01-12,13.08675,77.611283,dissolvedOxygen,21.00,,false,,mg/L,,21.00,jakkur-2015
jakkur-2015,jakkur-lake-jk-5,JK-5,Jakkur Lake,Jakkur lake-Lake sample point,2016-01-12,13.08675,77.611283,nitrate,13.20,,false,,mg/L,,13.20,jakkur-2015
jakkur-2015,jakkur-lake-jk-5,JK-5,Jakkur Lake,Jakkur lake-Lake sample point,2016-01-12,13.08675,77.611283,totalAlkalinity,465,,false,,mg/L,,465,jakkur-2015
jakkur-2015,jakkur-lake-jk-5,JK-5,Jakkur Lake,Jakkur lake-Lake sample point,2016-01-12,13.08675,77.611283,fecalColiform,1300,,false,,MPN/100mL,,1.3E+03,jakkur-2015
jakkur-2015,jakkur-lake-jk-5,JK-5,Jakkur Lake,Jakkur lake-Lake sample point,2016-01-12,13.08675,77.611283,tss,50,,false,,mg/L,,50,jakkur-2015
jakkur-2015,jakkur-lake-jk-5,JK-5,Jakkur Lake,Jakkur lake-Lake sample point,2016-01-12,13.08675,77.611283,bod,29.0,,false,,mg/L,,29.0,jakkur-2015
jakkur-2015,jakkur-lake-jk-5,JK-5,Jakkur Lake,Jakkur lake-Lake sample point,2016-01-12,13.08675,77.611283,dissolvedBod,1.2,,false,,mg/L,,1.2,jakkur-2015
jakkur-2015,jakkur-lake-jk-5,JK-5,Jakkur Lake,Jakkur lake-Lake sample point,2016-01-12,13.08675,77.611283,cod,109.6,,false,,mg/L,,109.6,jakkur-2015
jakkur-2015,jakkur-lake-jk-5,JK-5,Jakkur Lake,Jakkur lake-Lake sample point,2016-01-12,13.08675,77.611283,dissolvedCod,39.8,,false,,mg/L,,39.8,jakkur-2015
jakkur-2015,jakkur-lake-jk-5,JK-5,Jakkur Lake,Jakkur lake-Lake sample point,2016-01-12,13.08675,77.611283,phosphate,0.6,,false,,mg/L,,0.6,jakkur-2015
jakkur-2015,jakkur-lake-jk-6,JK-6,Jakkur Lake,Jakkur lake outlet point I,2016-01-12,13.0802,77.614667,temperature,26.6,,false,,degC,,26.6,jakkur-2015
jakkur-2015,jakkur-lake-jk-6,JK-6,Jakkur Lake,Jakkur lake outlet point I,2016-01-12,13.0802,77.614667,colour,,,false,,Hazen,,40-50,jakkur-2015
jakkur-2015,jakkur-lake-jk-6,JK-6,Jakkur Lake,Jakkur lake outlet point I,2016-01-12,13.0802,77.614667,ph,9.21,,false,,,,9.21,jakkur-2015
jakkur-2015,jakkur-lake-jk-6,JK-6,Jakkur Lake,Jakkur lake outlet point I,2016-01-12,13.0802,77.614667,conductivity,1011,,false,,uS/cm,,1011,jakkur-2015
jakkur-2015,jakkur-lake-jk-6,JK-6,Jakkur Lake,Jakkur lake outlet point I,2016-01-12,13.0802,77.614667,orp,-139,,false,,mV,,-139,jakkur-2015
jakkur-2015,jakkur-lake-jk-6,JK-6,Jakkur Lake,Jakkur lake outlet point I,2016-01-12,13.0802,77.614667,dissolvedOxygen,20.40,,false,,mg/L,,20.40,jakkur-2015
jakkur-2015,jakkur-lake-jk-6,JK-6,Jakkur Lake,Jakkur lake outlet point I,2016-01-12,13.0802,77.614667,nitrate,14.08,,false,,mg/L,,14.08,jakkur-2015
jakkur-2015,jakkur-lake-jk-6,JK-6,Jakkur Lake,Jakkur lake outlet point I,2016-01-12,13.0802,77.614667,totalAlkalinity,287,,false,,mg/L,,287,jakkur-2015
jakkur-2015,jakkur-lake-jk-6,JK-6,Jakkur Lake,Jakkur lake outlet point I,2016-01-12,13.0802,77.614667,fecalColiform,4500,,false,,MPN/100mL,,4.5E+03,jakkur-2015
jakkur-2015,jakkur-lake-jk-6,JK-6,Jakkur Lake,Jakkur lake outlet point I,2016-01-12,13.0802,77.614667,tss,60,,false,,mg/L,,60,jakkur-2015
jakkur-2015,jakkur-lake-jk-6,JK-6,Jakkur Lake,Jakkur lake outlet point I,2016-01-12,13.0802,77.614667,bod,23.0,,false,,mg/L,,23.0,jakkur-2015
jakkur-2015,jakkur-lake-jk-6,JK-6,Jakkur Lake,Jakkur lake outlet point I,2016-01-12,13.0802,77.614667,dissolvedBod,1.0,,false,,mg/L,,1.0,jakkur-2015
jakkur-2015,jakkur-lake-jk-6,JK-6,Jakkur Lake,Jakkur lake outlet point I,2016-01-12,13.0802,77.614667,cod,109.6,,false,,mg/L,,109.6,jakkur-2015
jakkur-2015,jakkur-lake-jk-6,JK-6,Jakkur Lake,Jakkur lake outlet point I,2016-01-12,13.0802,77.614667,dissolvedCod,39.8,,false,,mg/L,,39.8,jakkur-2015
jakkur-2015,jakkur-lake-jk-6,JK-6,Jakkur Lake,Jakkur lake outlet point I,2016-01-12,13.0802,77.614667,phosphate,0.6,,false,,mg/L,,0.6,jakkur-2015
jakkur-2015,jakkur-lake-jk-7,JK-7,Jakkur Lake,Jakkur lake outlet point II,2016-01-12,,,temperature,25,,false,,degC,,25,jakkur-2015
jakkur-2015,jakkur-lake-jk-7,JK-7,Jakkur Lake,Jakkur lake outlet point II,2016-01-12,,,colour,,,false,,Hazen,,30-40,jakkur-2015
jakkur-2015,jakkur-lake-jk-7,JK-7,Jakkur Lake,Jakkur lake outlet point II,2016-01-12,,,ph,7.38,,false,,,,7.38,jakkur-2015
jakkur-2015,jakkur-lake-jk-7,JK-7,Jakkur Lake,Jakkur lake outlet point II,2016-01-12,,,conductivity,912,,false,,uS/cm,,912,jakkur-2015
jakkur-2015,jakkur-lake-jk-7,JK-7,Jakkur Lake,Jakkur lake outlet point II,2016-01-12,,,orp,-31,,false,,mV,,-31,jakkur-2015
jakkur-2015,jakkur-lake-jk-7,JK-7,Jakkur Lake,Jakkur lake outlet point II,2016-01-12,,,dissolvedOxygen,22.90,,false,,mg/L,,22.90,jakkur-2015
jakkur-2015,jakkur-lake-jk-7,JK-7,Jakkur Lake,Jakkur lake outlet point II,2016-01-12,,,nitrate,14.96,,false,,mg/L,,14.96,jakkur-2015
jakkur-2015,jakkur-lake-jk-7,JK-7,Jakkur Lake,Jakkur lake outlet point II,2016-01-12,,,totalAlkalinity,255,,false,,mg/L,,255,jakkur-2015
jakkur-2015,jakkur-lake-jk-7,JK-7,Jakkur Lake,Jakkur lake outlet point II,2016-01-12,,,fecalColiform,200,,false,,MPN/100mL,,2.0E+02,jakkur-2015
jakkur-2015,jakkur-lake-jk-7,JK-7,Jakkur Lake,Jakkur lake outlet point II,2016-01-12,,,tss,50,,false,,mg/L,,50,jakkur-2015
jakkur-2015,jakkur-lake-jk-7,JK-7,Jakkur Lake,Jakkur lake outlet point II,2016-01-12,,,bod,26.0,,false,,mg/L,,26.0,jakkur-2015
jakkur-2015,jakkur-lake-jk-7,JK-7,Jakkur Lake,Jakkur lake outlet point II,2016-01-12,,,dissolvedBod,1.0,,false,,mg/L,,1.0,jakkur-2015
jakkur-2015,jakkur-lake-jk-7,JK-7,Jakkur Lake,Jakkur lake outlet point II,2016-01-12,,,cod,89.6,,false,,mg/L,,89.6,jakkur-2015
jakkur-2015,jakkur-lake-jk-7,JK-7,Jakkur Lake,Jakkur lake outlet point II,2016-01-12,,,dissolvedCod,49.8,,false,,mg/L,,49.8,jakkur-2015
jakkur-2015,jakkur-lake-jk-7,JK-7,Jakkur Lake,Jakkur lake outlet point II,2016-01-12,,,phosphate,0.7,,false,,mg/L,,0.7,jakkur-2015
jakkur-2015,jakkur-lake-jk-8,JK-8,Jakkur Lake,Main gate inlet chamber,2016-01-12,13.083533,77.6096,temperature,25.6,,false,,degC,,25.6,jakkur-2015
jakkur-2015,jakkur-lake-jk-8,JK-8,Jakkur Lake,Main gate inlet chamber,2016-01-12,13.083533,77.6096,colour,,,false,,Hazen,,30-40,jakkur-2015
jakkur-2015,jakkur-lake-jk-8,JK-8,Jakkur Lake,Main gate inlet chamber,2016-01-12,13.083533,77.6096,ph,8.75,,false,,,,8.75,jakkur-2015
jakkur-2015,jakkur-lake-jk-8,JK-8,Jakkur Lake,Main gate inlet chamber,2016-01-12,13.083533,77.6096,conductivity,1009,,false,,uS/cm,,1009,jakkur-2015
jakkur-2015,jakkur-lake-jk-8,JK-8,Jakkur Lake,Main gate inlet chamber,2016-01-12,13.083533,77.6096,orp,-10,,false,,mV,,-10,jakkur-2015
jakkur-2015,jakkur-lake-jk-8,JK-8,Jakkur Lake,Main gate inlet chamber,2016-01-12,13.083533,77.6096,dissolvedOxygen,2.20,,false,,mg/L,,2.20,jakkur-2015
jakkur-2015,jakkur-lake-jk-8,JK-8,Jakkur Lake,Main gate inlet chamber,2016-01-12,13.083533,77.6096,nitrate,1.32,,false,,mg/L,,1.32,jakkur-2015
jakkur-2015,jakkur-lake-jk-8,JK-8,Jakkur Lake,Main gate inlet chamber,2016-01-12,13.083533,77.6096,totalAlkalinity,263,,false,,mg/L,,263,jakkur-2015
jakkur-2015,jakkur-lake-jk-8,JK-8,Jakkur Lake,Main gate inlet chamber,2016-01-12,13.083533,77.6096,fecalColiform,400,,false,,MPN/100mL,,4.0E+02,jakkur-2015
jakkur-2015,jakkur-lake-jk-8,JK-8,Jakkur Lake,Main gate inlet chamber,2016-01-12,13.083533,77.6096,tss,20,,false,,mg/L,,20,jakkur-2015
jakkur-2015,jakkur-lake-jk-8,JK-8,Jakkur Lake,Main gate inlet chamber,2016-01-12,13.083533,77.6096,bod,6.4,,false,,mg/L,,6.4,jakkur-2015
jakkur-2015,jakkur-lake-jk-8,JK-8,Jakkur Lake,Main gate inlet chamber,2016-01-12,13.083533,77.6096,dissolvedBod,1.6,,false,,mg/L,,1.6,jakkur-2015
jakkur-2015,jakkur-lake-jk-8,JK-8,Jakkur Lake,Main gate inlet chamber,2016-01-12,13.083533,77.6096,cod,10.0,,false,,mg/L,,10.0,jakkur-2015
jakkur-2015,jakkur-lake-jk-8,JK-8,Jakkur Lake,Main gate inlet chamber,2016-01-12,13.083533,77.6096,dissolvedCod,5.0,,false,,mg/L,,5.0,jakkur-2015
jakkur-2015,jakkur-lake-jk-8,JK-8,Jakkur Lake,Main gate inlet chamber,2016-01-12,13.083533,77.6096,phosphate,0.1,,false,,mg/L,,0.1,jakkur-2015
jakkur-2015,jakkur-lake-jk-1,JK-1,Jakkur Lake,Main gate water Runoff point,2016-01-22,13.083533,77.6096,temperature,24.4,,false,,degC,,24.4,jakkur-2015
jakkur-2015,jakkur-lake-jk-1,JK-1,Jakkur Lake,Main gate water Runoff point,2016-01-22,13.083533,77.6096,colour,,,false,,Hazen,,40-50,jakkur-2015
jakkur-2015,jakkur-lake-jk-1,JK-1,Jakkur Lake,Main gate water Runoff point,2016-01-22,13.083533,77.6096,turbidity,54.7,,false,,NTU,,54.7,jakkur-2015
jakkur-2015,jakkur-lake-jk-1,JK-1,Jakkur Lake,Main gate water Runoff point,2016-01-22,13.083533,77.6096,ph,8.77,,false,,,,8.77,jakkur-2015
jakkur-2015,jakkur-lake-jk-1,JK-1,Jakkur Lake,Main gate water Runoff point,2016-01-22,13.083533,77.6096,conductivity,1052,,false,,uS/cm,,1052,jakkur-2015
jakkur-2015,jakkur-lake-jk-1,JK-1,Jakkur Lake,Main gate water Runoff point,2016-01-22,13.083533,77.6096,orp,-115,,false,,mV,,-115,jakkur-2015
jakkur-2015,jakkur-lake-jk-1,JK-1,Jakkur Lake,Main gate water Runoff point,2016-01-22,13.083533,77.6096,dissolvedOxygen,9.60,,false,,mg/L,,9.60,jakkur-2015
jakkur-2015,jakkur-lake-jk-1,JK-1,Jakkur Lake,Main gate water Runoff point,2016-01-22,13.083533,77.6096,nitrate,22.44,,false,,mg/L,,22.44,jakkur-2015
jakkur-2015,jakkur-lake-jk-1,JK-1,Jakkur Lake,Main gate water Runoff point,2016-01-22,13.083533,77.6096,totalAlkalinity,314,,false,,mg/L,,314,jakkur-2015
jakkur-2015,jakkur-lake-jk-1,JK-1,Jakkur Lake,Main gate water Runoff point,2016-01-22,13.083533,77.6096,fecalColiform,610,,false,,MPN/100mL,,6.1E+02,jakkur-2015
jakkur-2015,jakkur-lake-jk-1,JK-1,Jakkur Lake,Main gate water Runoff point,2016-01-22,13.083533,77.6096,tss,70,,false,,mg/L,,70,jakkur-2015
jakkur-2015,jakkur-lake-jk-1,JK-1,Jakkur Lake,Main gate water Runoff point,2016-01-22,13.083533,77.6096,bod,35.0,,false,,mg/L,,35.0,jakkur-2015
jakkur-2015,jakkur-lake-jk-1,JK-1,Jakkur Lake,Main gate water Runoff point,2016-01-22,13.083533,77.6096,dissolvedBod,1.6,,false,,mg/L,,1.6,jakkur-2015
jakkur-2015,jakkur-lake-jk-1,JK-1,Jakkur Lake,Main gate water Runoff point,2016-01-22,13.083533,77.6096,cod,84.3,,false,,mg/L,,84.3,jakkur-2015
jakkur-2015,jakkur-lake-jk-1,JK-1,Jakkur Lake,Main gate water Runoff point,2016-01-22,13.083533,77.6096,dissolvedCod,34.7,,false,,mg/L,,34.7,jakkur-2015
jakkur-2015,jakkur-lake-jk-1,JK-1,Jakkur Lake,Main gate water Runoff point,2016-01-22,13.083533,77.6096,phosphate,1.0,,false,,mg/L,,1.0,jakkur-2015
jakkur-2015,jakkur-lake-jk-2,JK-2,Jakkur Lake,Wetland Outlet point,2016-01-22,13.09235,77.607283,temperature,24.8,,false,,degC,,24.8,jakkur-2015
jakkur-2015,jakkur-lake-jk-2,JK-2,Jakkur Lake,Wetland Outlet point,2016-01-22,13.09235,77.607283,colour,,,false,,Hazen,,20-30,jakkur-2015
jakkur-2015,jakkur-lake-jk-2,JK-2,Jakkur Lake,Wetland Outlet point,2016-01-22,13.09235,77.607283,turbidity,11.4,,false,,NTU,,11.4,jakkur-2015
jakkur-2015,jakkur-lake-jk-2,JK-2,Jakkur Lake,Wetland Outlet point,2016-01-22,13.09235,77.607283,ph,7.69,,false,,,,7.69,jakkur-2015
jakkur-2015,jakkur-lake-jk-2,JK-2,Jakkur Lake,Wetland Outlet point,2016-01-22,13.09235,77.607283,conductivity,1452,,false,,uS/cm,,1452,jakkur-2015
jakkur-2015,jakkur-lake-jk-2,JK-2,Jakkur Lake,Wetland Outlet point,2016-01-22,13.09235,77.607283,orp,-53,,false,,mV,,-53,jakkur-2015
jakkur-2015,jakkur-lake-jk-2,JK-2,Jakkur Lake,Wetland Outlet point,2016-01-22,13.09235,77.607283,dissolvedOxygen,1.80,,false,,mg/L,,1.80,jakkur-2015
jakkur-2015,jakkur-lake-jk-2,JK-2,Jakkur Lake,Wetland Outlet point,2016-01-22,13.09235,77.607283,nitrate,8.80,,false,,mg/L,,8.80,jakkur-2015
jakkur-2015,jakkur-lake-jk-2,JK-2,Jakkur Lake,Wetland Outlet point,2016-01-22,13.09235,77.607283,totalAlkalinity,419,,false,,mg/L,,419,jakkur-2015
jakkur-2015,jakkur-lake-jk-2,JK-2,Jakkur Lake,Wetland Outlet point,2016-01-22,13.09235,77.607283,fecalColiform,200,,false,,MPN/100mL,,2.0E+02,jakkur-2015
jakkur-2015,jakkur-lake-jk-2,JK-2,Jakkur Lake,Wetland Outlet point,2016-01-22,13.09235,77.607283,tss,40,,false,,mg/L,,40,jakkur-2015
jakkur-2015,jakkur-lake-jk-2,JK-2,Jakkur Lake,Wetland Outlet point,2016-01-22,13.09235,77.607283,bod,39.0,,false,,mg/L,,39.0,jakkur-2015
jakkur-2015,jakkur-lake-jk-2,JK-2,Jakkur Lake,Wetland Outlet point,2016-01-22,13.09235,77.607283,dissolvedBod,1.2,,false,,mg/L,,1.2,jakkur-2015
jakkur-2015,jakkur-lake-jk-2,JK-2,Jakkur Lake,Wetland Outlet point,2016-01-22,13.09235,77.607283,cod,54.6,,false,,mg/L,,54.6,jakkur-2015
jakkur-2015,jakkur-lake-jk-2,JK-2,Jakkur Lake,Wetland Outlet point,2016-01-22,13.09235,77.607283,dissolvedCod,24.8,,false,,mg/L,,24.8,jakkur-2015
jakkur-2015,jakkur-lake-jk-2,JK-2,Jakkur Lake,Wetland Outlet point,2016-01-22,13.09235,77.607283,phosphate,2.9,,false,,mg/L,,2.9,jakkur-2015
jakkur-2015,jakkur-lake-jk-3,JK-3,Jakkur Lake,Jakkur lake STP outlet point,2016-01-22,13.094333,77.607667,temperature,23.8,,false,,degC,,23.8,jakkur-2015
jakkur-2015,jakkur-lake-jk-3,JK-3,Jakkur Lake,Jakkur lake STP outlet point,2016-01-22,13.094333,77.607667,colour,,,false,,Hazen,,20-30,jakkur-2015
jakkur-2015,jakkur-lake-jk-3,JK-3,Jakkur Lake,Jakkur lake STP outlet point,2016-01-22,13.094333,77.607667,turbidity,22.8,,false,,NTU,,22.8,jakkur-2015
jakkur-2015,jakkur-lake-jk-3,JK-3,Jakkur Lake,Jakkur lake STP outlet point,2016-01-22,13.094333,77.607667,ph,7.79,,false,,,,7.79,jakkur-2015
jakkur-2015,jakkur-lake-jk-3,JK-3,Jakkur Lake,Jakkur lake STP outlet point,2016-01-22,13.094333,77.607667,conductivity,1472,,false,,uS/cm,,1472,jakkur-2015
jakkur-2015,jakkur-lake-jk-3,JK-3,Jakkur Lake,Jakkur lake STP outlet point,2016-01-22,13.094333,77.607667,orp,-58,,false,,mV,,-58,jakkur-2015
jakkur-2015,jakkur-lake-jk-3,JK-3,Jakkur Lake,Jakkur lake STP outlet point,2016-01-22,13.094333,77.607667,dissolvedOxygen,2.60,,false,,mg/L,,2.60,jakkur-2015
jakkur-2015,jakkur-lake-jk-3,JK-3,Jakkur Lake,Jakkur lake STP outlet point,2016-01-22,13.094333,77.607667,nitrate,8.36,,false,,mg/L,,8.36,jakkur-2015
jakkur-2015,jakkur-lake-jk-3,JK-3,Jakkur Lake,Jakkur lake STP outlet point,2016-01-22,13.094333,77.607667,totalAlkalinity,460,,false,,mg/L,,460,jakkur-2015
jakkur-2015,jakkur-lake-jk-3,JK-3,Jakkur Lake,Jakkur lake STP outlet point,2016-01-22,13.094333,77.607667,fecalColiform,2400,,false,,MPN/100mL,,2.4E+03,jakkur-2015
jakkur-2015,jakkur-lake-jk-3,JK-3,Jakkur Lake,Jakkur lake STP outlet point,2016-01-22,13.094333,77.607667,tss,70,,false,,mg/L,,70,jakkur-2015
jakkur-2015,jakkur-lake-jk-3,JK-3,Jakkur Lake,Jakkur lake STP outlet point,2016-01-22,13.094333,77.607667,bod,40.0,,false,,mg/L,,40.0,jakkur-2015
jakkur-2015,jakkur-lake-jk-3,JK-3,Jakkur Lake,Jakkur lake STP outlet point,2016-01-22,13.094333,77.607667,dissolvedBod,1.8,,false,,mg/L,,1.8,jakkur-2015
jakkur-2015,jakkur-lake-jk-3,JK-3,Jakkur Lake,Jakkur lake STP outlet point,2016-01-22,13.094333,77.607667,cod,74.4,,false,,mg/L,,74.4,jakkur-2015
jakkur-2015,jakkur-lake-jk-3,JK-3,Jakkur Lake,Jakkur lake STP outlet point,2016-01-22,13.094333,77.607667,dissolvedCod,34.7,,false,,mg/L,,34.7,jakkur-2015
jakkur-2015,jakkur-lake-jk-3,JK-3,Jakkur Lake,Jakkur lake STP outlet point,2016-01-22,13.094333,77.607667,phosphate,3.5,,false,,mg/L,,3.5,jakkur-2015
jakkur-2015,jakkur-lake-jk-4,JK-4,Jakkur Lake,Raw sewage point,2016-01-22,13.094333,77.607667,temperature,23.5,,false,,degC,,23.5,jakkur-2015
jakkur-2015,jakkur-lake-jk-4,JK-4,Jakkur Lake,Raw sewage point,2016-01-22,13.094333,77.607667,colour,,,false,,Hazen,,20-30,jakkur-2015
jakkur-2015,jakkur-lake-jk-4,JK-4,Jakkur Lake,Raw sewage point,2016-01-22,13.094333,77.607667,turbidity,39.2,,false,,NTU,,39.2,jakkur-2015
jakkur-2015,jakkur-lake-jk-4,JK-4,Jakkur Lake,Raw sewage point,2016-01-22,13.094333,77.607667,ph,7.20,,false,,,,7.20,jakkur-2015
jakkur-2015,jakkur-lake-jk-4,JK-4,Jakkur Lake,Raw sewage point,2016-01-22,13.094333,77.607667,conductivity,1829,,false,,uS/cm,,1829,jakkur-2015
jakkur-2015,jakkur-lake-jk-4,JK-4,Jakkur Lake,Raw sewage point,2016-01-22,13.094333,77.607667,orp,-25,,false,,mV,,-25,jakkur-2015
jakkur-2015,jakkur-lake-jk-4,JK-4,Jakkur Lake,Raw sewage point,2016-01-22,13.094333,77.607667,dissolvedOxygen,0.00,,false,,mg/L,,0.00,jakkur-2015
jakkur-2015,jakkur-lake-jk-4,JK-4,Jakkur Lake,Raw sewage point,2016-01-22,13.094333,77.607667,nitrate,4.84,,false,,mg/L,,4.84,jakkur-2015
jakkur-2015,jakkur-lake-jk-4,JK-4,Jakkur Lake,Raw sewage point,2016-01-22,13.094333,77.607667,totalAlkalinity,528,,false,,mg/L,,528,jakkur-2015
jakkur-2015,jakkur-lake-jk-4,JK-4,Jakkur Lake,Raw sewage point,2016-01-22,13.094333,77.607667,fecalColiform,700000,,false,,MPN/100mL,,7.0E+05,jakkur-2015
jakkur-2015,jakkur-lake-jk-4,JK-4,Jakkur Lake,Raw sewage point,2016-01-22,13.094333,77.607667,tss,180,,false,,mg/L,,180,jakkur-2015
jakkur-2015,jakkur-lake-jk-4,JK-4,Jakkur Lake,Raw sewage point,2016-01-22,13.094333,77.607667,bod,113.3,,false,,mg/L,,113.3,jakkur-2015
jakkur-2015,jakkur-lake-jk-4,JK-4,Jakkur Lake,Raw sewage point,2016-01-22,13.094333,77.607667,dissolvedBod,4.7,,false,,mg/L,,4.7,jakkur-2015
jakkur-2015,jakkur-lake-jk-4,JK-4,Jakkur Lake,Raw sewage point,2016-01-22,13.094333,77.607667,cod,193.5,,false,,mg/L,,193.5,jakkur-2015
jakkur-2015,jakkur-lake-jk-4,JK-4,Jakkur Lake,Raw sewage point,2016-01-22,13.094333,77.607667,dissolvedCod,54.6,,false,,mg/L,,54.6,jakkur-2015
jakkur-2015,jakkur-lake-jk-4,JK-4,Jakkur Lake,Raw sewage point,2016-01-22,13.094333,77.607667,phosphate,2.7,,false,,mg/L,,2.7,jakkur-2015
jakkur-2015,jakkur-lake-jk-5,JK-5,Jakkur Lake,Jakkur lake-Lake sample point,2016-01-22,13.08675,77.611283,temperature,23.8,,false,,degC,,23.8,jakkur-2015
jakkur-2015,jakkur-lake-jk-5,JK-5,Jakkur Lake,Jakkur lake-Lake sample point,2016-01-22,13.08675,77.611283,colour,20,,false,,Hazen,,20,jakkur-2015
jakkur-2015,jakkur-lake-jk-5,JK-5,Jakkur Lake,Jakkur lake-Lake sample point,2016-01-22,13.08675,77.611283,turbidity,56.5,,false,,NTU,,56.5,jakkur-2015
jakkur-2015,jakkur-lake-jk-5,JK-5,Jakkur Lake,Jakkur lake-Lake sample point,2016-01-22,13.08675,77.611283,ph,8.25,,false,,,,8.25,jakkur-2015
jakkur-2015,jakkur-lake-jk-5,JK-5,Jakkur Lake,Jakkur lake-Lake sample point,2016-01-22,13.08675,77.611283,conductivity,1067,,false,,uS/cm,,1067,jakkur-2015
jakkur-2015,jakkur-lake-jk-5,JK-5,Jakkur Lake,Jakkur lake-Lake sample point,2016-01-22,13.08675,77.611283,orp,-84,,false,,mV,,-84,jakkur-2015
jakkur-2015,jakkur-lake-jk-5,JK-5,Jakkur Lake,Jakkur lake-Lake sample point,2016-01-22,13.08675,77.611283,dissolvedOxygen,7.90,,false,,mg/L,,7.90,jakkur-2015
jakkur-2015,jakkur-lake-jk-5,JK-5,Jakkur Lake,Jakkur lake-Lake sample point,2016-01-22,13.08675,77.611283,nitrate,30.36,,false,,mg/L,,30.36,jakkur-2015
jakkur-2015,jakkur-lake-jk-5,JK-5,Jakkur Lake,Jakkur lake-Lake sample point,2016-01-22,13.08675,77.611283,totalAlkalinity,274,,false,,mg/L,,274,jakkur-2015
jakkur-2015,jakkur-lake-jk-5,JK-5,Jakkur Lake,Jakkur lake-Lake sample point,2016-01-22,13.08675,77.611283,fecalColiform,400,,false,,MPN/100mL,,4.0E+02,jakkur-2015
jakkur-2015,jakkur-lake-jk-5,JK-5,Jakkur Lake,Jakkur lake-Lake sample point,2016-01-22,13.08675,77.611283,tss,70,,false,,mg/L,,70,jakkur-2015
jakkur-2015,jakkur-lake-jk-5,JK-5,Jakkur Lake,Jakkur lake-Lake sample point,2016-01-22,13.08675,77.611283,bod,31.0,,false,,mg/L,,31.0,jakkur-2015
jakkur-2015,jakkur-lake-jk-5,JK-5,Jakkur Lake,Jakkur lake-Lake sample point,2016-01-22,13.08675,77.611283,dissolvedBod,1.0,,false,,mg/L,,1.0,jakkur-2015
jakkur-2015,jakkur-lake-jk-5,JK-5,Jakkur Lake,Jakkur lake-Lake sample point,2016-01-22,13.08675,77.611283,cod,114.1,,false,,mg/L,,114.1,jakkur-2015
jakkur-2015,jakkur-lake-jk-5,JK-5,Jakkur Lake,Jakkur lake-Lake sample point,2016-01-22,13.08675,77.611283,dissolvedCod,29.8,,false,,mg/L,,29.8,jakkur-2015
jakkur-2015,jakkur-lake-jk-5,JK-5,Jakkur Lake,Jakkur lake-Lake sample point,2016-01-22,13.08675,77.611283,phosphate,1.0,,false,,mg/L,,1.0,jakkur-2015
jakkur-2015,jakkur-lake-jk-6,JK-6,Jakkur Lake,Jakkur lake outlet point I,2016-01-22,13.0802,77.614667,temperature,23,,false,,degC,,23,jakkur-2015
jakkur-2015,jakkur-lake-jk-6,JK-6,Jakkur Lake,Jakkur lake outlet point I,2016-01-22,13.0802,77.614667,colour,,,false,,Hazen,,40-50,jakkur-2015
jakkur-2015,jakkur-lake-jk-6,JK-6,Jakkur Lake,Jakkur lake outlet point I,2016-01-22,13.0802,77.614667,turbidity,42.8,,false,,NTU,,42.8,jakkur-2015
jakkur-2015,jakkur-lake-jk-6,JK-6,Jakkur Lake,Jakkur lake outlet point I,2016-01-22,13.0802,77.614667,ph,8.06,,false,,,,8.06,jakkur-2015
jakkur-2015,jakkur-lake-jk-6,JK-6,Jakkur Lake,Jakkur lake outlet point I,2016-01-22,13.0802,77.614667,conductivity,1055,,false,,uS/cm,,1055,jakkur-2015
jakkur-2015,jakkur-lake-jk-6,JK-6,Jakkur Lake,Jakkur lake outlet point I,2016-01-22,13.0802,77.614667,orp,-79,,false,,mV,,-79,jakkur-2015
jakkur-2015,jakkur-lake-jk-6,JK-6,Jakkur Lake,Jakkur lake outlet point I,2016-01-22,13.0802,77.614667,dissolvedOxygen,2.40,,false,,mg/L,,2.40,jakkur-2015
jakkur-2015,jakkur-lake-jk-6,JK-6,Jakkur Lake,Jakkur lake outlet point I,2016-01-22,13.0802,77.614667,nitrate,16.72,,false,,mg/L,,16.72,jakkur-2015
jakkur-2015,jakkur-lake-jk-6,JK-6,Jakkur Lake,Jakkur lake outlet point I,2016-01-22,13.0802,77.614667,totalAlkalinity,254,,false,,mg/L,,254,jakkur-2015
jakkur-2015,jakkur-lake-jk-6,JK-6,Jakkur Lake,Jakkur lake outlet point I,2016-01-22,13.0802,77.614667,fecalColiform,400,,false,,MPN/100mL,,4.0E+02,jakkur-2015
jakkur-2015,jakkur-lake-jk-6,JK-6,Jakkur Lake,Jakkur lake outlet point I,2016-01-22,13.0802,77.614667,tss,40,,false,,mg/L,,40,jakkur-2015
jakkur-2015,jakkur-lake-jk-6,JK-6,Jakkur Lake,Jakkur lake outlet point I,2016-01-22,13.0802,77.614667,bod,27.0,,false,,mg/L,,27.0,jakkur-2015
jakkur-2015,jakkur-lake-jk-6,JK-6,Jakkur Lake,Jakkur lake outlet point I,2016-01-22,13.0802,77.614667,dissolvedBod,1.0,,false,,mg/L,,1.0,jakkur-2015
jakkur-2015,jakkur-lake-jk-6,JK-6,Jakkur Lake,Jakkur lake outlet point I,2016-01-22,13.0802,77.614667,cod,94.2,,false,,mg/L,,94.2,jakkur-2015
jakkur-2015,jakkur-lake-jk-6,JK-6,Jakkur Lake,Jakkur lake outlet point I,2016-01-22,13.0802,77.614667,dissolvedCod,24.8,,false,,mg/L,,24.8,jakkur-2015
jakkur-2015,jakkur-lake-jk-6,JK-6,Jakkur Lake,Jakkur lake outlet point I,2016-01-22,13.0802,77.614667,phosphate,1.1,,false,,mg/L,,1.1,jakkur-2015
jakkur-2015,jakkur-lake-jk-7,JK-7,Jakkur Lake,Jakkur lake outlet point II,2016-01-22,,,temperature,24.2,,false,,degC,,24.2,jakkur-2015
jakkur-2015,jakkur-lake-jk-7,JK-7,Jakkur Lake,Jakkur lake outlet point II,2016-01-22,,,colour,,,false,,Hazen,,30-40,jakkur-2015
jakkur-2015,jakkur-lake-jk-7,JK-7,Jakkur Lake,Jakkur lake outlet point II,2016-01-22,,,turbidity,39.8,,false,,NTU,,39.8,jakkur-2015
jakkur-2015,jakkur-lake-jk-7,JK-7,Jakkur Lake,Jakkur lake outlet point II,2016-01-22,,,ph,8.26,,false,,,,8.26,jakkur-2015
jakkur-2015,jakkur-lake-jk-7,JK-7,Jakkur Lake,Jakkur lake outlet point II,2016-01-22,,,conductivity,1052,,false,,uS/cm,,1052,jakkur-2015
jakkur-2015,jakkur-lake-jk-7,JK-7,Jakkur Lake,Jakkur lake outlet point II,2016-01-22,,,orp,-86,,false,,mV,,-86,jakkur-2015
jakkur-2015,jakkur-lake-jk-7,JK-7,Jakkur Lake,Jakkur lake outlet point II,2016-01-22,,,dissolvedOxygen,3.10,,false,,mg/L,,3.10,jakkur-2015
jakkur-2015,jakkur-lake-jk-7,JK-7,Jakkur Lake,Jakkur lake outlet point II,2016-01-22,,,nitrate,17.60,,false,,mg/L,,17.60,jakkur-2015
jakkur-2015,jakkur-lake-jk-7,JK-7,Jakkur Lake,Jakkur lake outlet point II,2016-01-22,,,totalAlkalinity,270,,false,,mg/L,,270,jakkur-2015
jakkur-2015,jakkur-lake-jk-7,JK-7,Jakkur Lake,Jakkur lake outlet point II,2016-01-22,,,fecalColiform,820,,false,,MPN/100mL,,8.2E+02,jakkur-2015
jakkur-2015,jakkur-lake-jk-7,JK-7,Jakkur Lake,Jakkur lake outlet point II,2016-01-22,,,tss,60,,false,,mg/L,,60,jakkur-2015
jakkur-2015,jakkur-lake-jk-7,JK-7,Jakkur Lake,Jakkur lake outlet point II,2016-01-22,,,bod,24.0,,false,,mg/L,,24.0,jakkur-2015
jakkur-2015,jakkur-lake-jk-7,JK-7,Jakkur Lake,Jakkur lake outlet point II,2016-01-22,,,dissolvedBod,1.6,,false,,mg/L,,1.6,jakkur-2015
jakkur-2015,jakkur-lake-jk-7,JK-7,Jakkur Lake,Jakkur lake outlet point II,2016-01-22,,,cod,84.3,,false,,mg/L,,84.3,jakkur-2015
jakkur-2015,jakkur-lake-jk-7,JK-7,Jakkur Lake,Jakkur lake outlet point II,2016-01-22,,,dissolvedCod,34.7,,false,,mg/L,,34.7,jakkur-2015
jakkur-2015,jakkur-lake-jk-7,JK-7,Jakkur Lake,Jakkur lake outlet point II,2016-01-22,,,phosphate,1.1,,false,,mg/L,,1.1,jakkur-2015
jakkur-2015,jakkur-lake-jk-8,JK-8,Jakkur Lake,Main gate inlet chamber,2016-01-22,13.083533,77.6096,temperature,23.8,,false,,degC,,23.8,jakkur-2015
jakkur-2015,jakkur-lake-jk-8,JK-8,Jakkur Lake,Main gate inlet chamber,2016-01-22,13.083533,77.6096,colour,,,false,,Hazen,,30-40,jakkur-2015
jakkur-2015,jakkur-lake-jk-8,JK-8,Jakkur Lake,Main gate inlet chamber,2016-01-22,13.083533,77.6096,turbidity,36,,false,,NTU,,36,jakkur-2015
jakkur-2015,jakkur-lake-jk-8,JK-8,Jakkur Lake,Main gate inlet chamber,2016-01-22,13.083533,77.6096,ph,7.20,,false,,,,7.20,jakkur-2015
jakkur-2015,jakkur-lake-jk-8,JK-8,Jakkur Lake,Main gate inlet chamber,2016-01-22,13.083533,77.6096,conductivity,978,,false,,uS/cm,,978,jakkur-2015
jakkur-2015,jakkur-lake-jk-8,JK-8,Jakkur Lake,Main gate inlet chamber,2016-01-22,13.083533,77.6096,orp,-30,,false,,mV,,-30,jakkur-2015
jakkur-2015,jakkur-lake-jk-8,JK-8,Jakkur Lake,Main gate inlet chamber,2016-01-22,13.083533,77.6096,dissolvedOxygen,6.30,,false,,mg/L,,6.30,jakkur-2015
jakkur-2015,jakkur-lake-jk-8,JK-8,Jakkur Lake,Main gate inlet chamber,2016-01-22,13.083533,77.6096,nitrate,3.52,,false,,mg/L,,3.52,jakkur-2015
jakkur-2015,jakkur-lake-jk-8,JK-8,Jakkur Lake,Main gate inlet chamber,2016-01-22,13.083533,77.6096,totalAlkalinity,234,,false,,mg/L,,234,jakkur-2015
jakkur-2015,jakkur-lake-jk-8,JK-8,Jakkur Lake,Main gate inlet chamber,2016-01-22,13.083533,77.6096,fecalColiform,610,,false,,MPN/100mL,,6.1E+02,jakkur-2015
jakkur-2015,jakkur-lake-jk-8,JK-8,Jakkur Lake,Main gate inlet chamber,2016-01-22,13.083533,77.6096,tss,10,,false,,mg/L,,10,jakkur-2015
jakkur-2015,jakkur-lake-jk-8,JK-8,Jakkur Lake,Main gate inlet chamber,2016-01-22,13.083533,77.6096,bod,5.4,,false,,mg/L,,5.4,jakkur-2015
jakkur-2015,jakkur-lake-jk-8,JK-8,Jakkur Lake,Main gate inlet chamber,2016-01-22,13.083533,77.6096,dissolvedBod,1.9,,false,,mg/L,,1.9,jakkur-2015
jakkur-2015,jakkur-lake-jk-8,JK-8,Jakkur Lake,Main gate inlet chamber,2016-01-22,13.083533,77.6096,cod,9.9,,false,,mg/L,,9.9,jakkur-2015
jakkur-2015,jakkur-lake-jk-8,JK-8,Jakkur Lake,Main gate inlet chamber,2016-01-22,13.083533,77.6096,dissolvedCod,5.0,,false,,mg/L,,5.0,jakkur-2015
jakkur-2015,jakkur-lake-jk-8,JK-8,Jakkur Lake,Main gate inlet chamber,2016-01-22,13.083533,77.6096,phosphate,0.3,,false,,mg/L,,0.3,jakkur-2015
jakkur-2015,jakkur-lake-jk-1,JK-1,Jakkur Lake,Main gate water Runoff point,2016-01-28,13.083533,77.6096,temperature,29,,false,,degC,,29,jakkur-2015
jakkur-2015,jakkur-lake-jk-1,JK-1,Jakkur Lake,Main gate water Runoff point,2016-01-28,13.083533,77.6096,colour,,,false,,Hazen,,50-60,jakkur-2015
jakkur-2015,jakkur-lake-jk-1,JK-1,Jakkur Lake,Main gate water Runoff point,2016-01-28,13.083533,77.6096,turbidity,60.3,,false,,NTU,,60.3,jakkur-2015
jakkur-2015,jakkur-lake-jk-1,JK-1,Jakkur Lake,Main gate water Runoff point,2016-01-28,13.083533,77.6096,ph,9.27,,false,,,,9.27,jakkur-2015
jakkur-2015,jakkur-lake-jk-1,JK-1,Jakkur Lake,Main gate water Runoff point,2016-01-28,13.083533,77.6096,conductivity,1043,,false,,uS/cm,,1043,jakkur-2015
jakkur-2015,jakkur-lake-jk-1,JK-1,Jakkur Lake,Main gate water Runoff point,2016-01-28,13.083533,77.6096,orp,-144,,false,,mV,,-144,jakkur-2015
jakkur-2015,jakkur-lake-jk-1,JK-1,Jakkur Lake,Main gate water Runoff point,2016-01-28,13.083533,77.6096,dissolvedOxygen,24.90,,false,,mg/L,,24.90,jakkur-2015
jakkur-2015,jakkur-lake-jk-1,JK-1,Jakkur Lake,Main gate water Runoff point,2016-01-28,13.083533,77.6096,nitrate,15.40,,false,,mg/L,,15.40,jakkur-2015
jakkur-2015,jakkur-lake-jk-1,JK-1,Jakkur Lake,Main gate water Runoff point,2016-01-28,13.083533,77.6096,totalAlkalinity,302,,false,,mg/L,,302,jakkur-2015
jakkur-2015,jakkur-lake-jk-1,JK-1,Jakkur Lake,Main gate water Runoff point,2016-01-28,13.083533,77.6096,fecalColiform,200,,false,,MPN/100mL,,2.0E+02,jakkur-2015
jakkur-2015,jakkur-lake-jk-1,JK-1,Jakkur Lake,Main gate water Runoff point,2016-01-28,13.083533,77.6096,tss,100,,false,,mg/L,,100,jakkur-2015
jakkur-2015,jakkur-lake-jk-1,JK-1,Jakkur Lake,Main gate water Runoff point,2016-01-28,13.083533,77.6096,bod,32.0,,false,,mg/L,,32.0,jakkur-2015
jakkur-2015,jakkur-lake-jk-1,JK-1,Jakkur Lake,Main gate water Runoff point,2016-01-28,13.083533,77.6096,dissolvedBod,2.2,,false,,mg/L,,2.2,jakkur-2015
jakkur-2015,jakkur-lake-jk-1,JK-1,Jakkur Lake,Main gate water Runoff point,2016-01-28,13.083533,77.6096,cod,130.0,,false,,mg/L,,130.0,jakkur-2015
jakkur-2015,jakkur-lake-jk-1,JK-1,Jakkur Lake,Main gate water Runoff point,2016-01-28,13.083533,77.6096,dissolvedCod,90.0,,false,,mg/L,,90.0,jakkur-2015
jakkur-2015,jakkur-lake-jk-1,JK-1,Jakkur Lake,Main gate water Runoff point,2016-01-28,13.083533,77.6096,phosphate,1.1,,false,,mg/L,,1.1,jakkur-2015
jakkur-2015,jakkur-lake-jk-2,JK-2,Jakkur Lake,Wetland Outlet point,2016-01-28,13.09235,77.607283,temperature,29.3,,false,,degC,,29.3,jakkur-2015
jakkur-2015,jakkur-lake-jk-2,JK-2,Jakkur Lake,Wetland Outlet point,2016-01-28,13.09235,77.607283,colour,,,false,,Hazen,,20-30,jakkur-2015
jakkur-2015,jakkur-lake-jk-2,JK-2,Jakkur Lake,Wetland Outlet point,2016-01-28,13.09235,77.607283,turbidity,12.8,,false,,NTU,,12.8,jakkur-2015
jakkur-2015,jakkur-lake-jk-2,JK-2,Jakkur Lake,Wetland Outlet point,2016-01-28,13.09235,77.607283,ph,7.67,,false,,,,7.67,jakkur-2015
jakkur-2015,jakkur-lake-jk-2,JK-2,Jakkur Lake,Wetland Outlet point,2016-01-28,13.09235,77.607283,conductivity,1390,,false,,uS/cm,,1390,jakkur-2015
jakkur-2015,jakkur-lake-jk-2,JK-2,Jakkur Lake,Wetland Outlet point,2016-01-28,13.09235,77.607283,orp,-53,,false,,mV,,-53,jakkur-2015
jakkur-2015,jakkur-lake-jk-2,JK-2,Jakkur Lake,Wetland Outlet point,2016-01-28,13.09235,77.607283,dissolvedOxygen,1.80,,false,,mg/L,,1.80,jakkur-2015
jakkur-2015,jakkur-lake-jk-2,JK-2,Jakkur Lake,Wetland Outlet point,2016-01-28,13.09235,77.607283,nitrate,4.84,,false,,mg/L,,4.84,jakkur-2015
jakkur-2015,jakkur-lake-jk-2,JK-2,Jakkur Lake,Wetland Outlet point,2016-01-28,13.09235,77.607283,totalAlkalinity,387,,false,,mg/L,,387,jakkur-2015
jakkur-2015,jakkur-lake-jk-2,JK-2,Jakkur Lake,Wetland Outlet point,2016-01-28,13.09235,77.607283,fecalColiform,200,,false,,MPN/100mL,,2.0E+02,jakkur-2015
jakkur-2015,jakkur-lake-jk-2,JK-2,Jakkur Lake,Wetland Outlet point,2016-01-28,13.09235,77.607283,tss,50,,false,,mg/L,,50,jakkur-2015
jakkur-2015,jakkur-lake-jk-2,JK-2,Jakkur Lake,Wetland Outlet point,2016-01-28,13.09235,77.607283,bod,30.0,,false,,mg/L,,30.0,jakkur-2015
jakkur-2015,jakkur-lake-jk-2,JK-2,Jakkur Lake,Wetland Outlet point,2016-01-28,13.09235,77.607283,dissolvedBod,2.6,,false,,mg/L,,2.6,jakkur-2015
jakkur-2015,jakkur-lake-jk-2,JK-2,Jakkur Lake,Wetland Outlet point,2016-01-28,13.09235,77.607283,cod,80.0,,false,,mg/L,,80.0,jakkur-2015
jakkur-2015,jakkur-lake-jk-2,JK-2,Jakkur Lake,Wetland Outlet point,2016-01-28,13.09235,77.607283,dissolvedCod,40.0,,false,,mg/L,,40.0,jakkur-2015
jakkur-2015,jakkur-lake-jk-2,JK-2,Jakkur Lake,Wetland Outlet point,2016-01-28,13.09235,77.607283,phosphate,2.6,,false,,mg/L,,2.6,jakkur-2015
jakkur-2015,jakkur-lake-jk-3,JK-3,Jakkur Lake,Jakkur lake STP outlet point,2016-01-28,13.094333,77.607667,temperature,25.9,,false,,degC,,25.9,jakkur-2015
jakkur-2015,jakkur-lake-jk-3,JK-3,Jakkur Lake,Jakkur lake STP outlet point,2016-01-28,13.094333,77.607667,colour,,,false,,Hazen,,20-30,jakkur-2015
jakkur-2015,jakkur-lake-jk-3,JK-3,Jakkur Lake,Jakkur lake STP outlet point,2016-01-28,13.094333,77.607667,turbidity,23.9,,false,,NTU,,23.9,jakkur-2015
jakkur-2015,jakkur-lake-jk-3,JK-3,Jakkur Lake,Jakkur lake STP outlet point,2016-01-28,13.094333,77.607667,ph,7.83,,false,,,,7.83,jakkur-2015
jakkur-2015,jakkur-lake-jk-3,JK-3,Jakkur Lake,Jakkur lake STP outlet point,2016-01-28,13.094333,77.607667,conductivity,1404,,false,,uS/cm,,1404,jakkur-2015
jakkur-2015,jakkur-lake-jk-3,JK-3,Jakkur Lake,Jakkur lake STP outlet point,2016-01-28,13.094333,77.607667,orp,-62,,false,,mV,,-62,jakkur-2015
jakkur-2015,jakkur-lake-jk-3,JK-3,Jakkur Lake,Jakkur lake STP outlet point,2016-01-28,13.094333,77.607667,dissolvedOxygen,3.70,,false,,mg/L,,3.70,jakkur-2015
jakkur-2015,jakkur-lake-jk-3,JK-3,Jakkur Lake,Jakkur lake STP outlet point,2016-01-28,13.094333,77.607667,nitrate,4.40,,false,,mg/L,,4.40,jakkur-2015
jakkur-2015,jakkur-lake-jk-3,JK-3,Jakkur Lake,Jakkur lake STP outlet point,2016-01-28,13.094333,77.607667,totalAlkalinity,415,,false,,mg/L,,415,jakkur-2015
jakkur-2015,jakkur-lake-jk-3,JK-3,Jakkur Lake,Jakkur lake STP outlet point,2016-01-28,13.094333,77.607667,fecalColiform,25000,,false,,MPN/100mL,,2.5E+04,jakkur-2015
jakkur-2015,jakkur-lake-jk-3,JK-3,Jakkur Lake,Jakkur lake STP outlet point,2016-01-28,13.094333,77.607667,tss,40,,false,,mg/L,,40,jakkur-2015
jakkur-2015,jakkur-lake-jk-3,JK-3,Jakkur Lake,Jakkur lake STP outlet point,2016-01-28,13.094333,77.607667,bod,39.0,,false,,mg/L,,39.0,jakkur-2015
jakkur-2015,jakkur-lake-jk-3,JK-3,Jakkur Lake,Jakkur lake STP outlet point,2016-01-28,13.094333,77.607667,dissolvedBod,7.2,,false,,mg/L,,7.2,jakkur-2015
jakkur-2015,jakkur-lake-jk-3,JK-3,Jakkur Lake,Jakkur lake STP outlet point,2016-01-28,13.094333,77.607667,cod,85.0,,false,,mg/L,,85.0,jakkur-2015
jakkur-2015,jakkur-lake-jk-3,JK-3,Jakkur Lake,Jakkur lake STP outlet point,2016-01-28,13.094333,77.607667,dissolvedCod,30.0,,false,,mg/L,,30.0,jakkur-2015
jakkur-2015,jakkur-lake-jk-3,JK-3,Jakkur Lake,Jakkur lake STP outlet point,2016-01-28,13.094333,77.607667,phosphate,2.4,,false,,mg/L,,2.4,jakkur-2015
jakkur-2015,jakkur-lake-jk-4,JK-4,Jakkur Lake,Raw sewage point,2016-01-28,13.094333,77.607667,temperature,27.2,,false,,degC,,27.2,jakkur-2015
jakkur-2015,jakkur-lake-jk-4,JK-4,Jakkur Lake,Raw sewage point,2016-01-28,13.094333,77.607667,colour,20,,false,,Hazen,,20,jakkur-2015
jakkur-2015,jakkur-lake-jk-4,JK-4,Jakkur Lake,Raw sewage point,2016-01-28,13.094333,77.607667,turbidity,42.8,,false,,NTU,,42.8,jakkur-2015
jakkur-2015,jakkur-lake-jk-4,JK-4,Jakkur Lake,Raw sewage point,2016-01-28,13.094333,77.607667,ph,7.48,,false,,,,7.48,jakkur-2015
jakkur-2015,jakkur-lake-jk-4,JK-4,Jakkur Lake,Raw sewage point,2016-01-28,13.094333,77.607667,conductivity,1738,,false,,uS/cm,,1738,jakkur-2015
jakkur-2015,jakkur-lake-jk-4,JK-4,Jakkur Lake,Raw sewage point,2016-01-28,13.094333,77.607667,orp,-41,,false,,mV,,-41,jakkur-2015
jakkur-2015,jakkur-lake-jk-4,JK-4,Jakkur Lake,Raw sewage point,2016-01-28,13.094333,77.607667,dissolvedOxygen,0.00,,false,,mg/L,,0.00,jakkur-2015
jakkur-2015,jakkur-lake-jk-4,JK-4,Jakkur Lake,Raw sewage point,2016-01-28,13.094333,77.607667,nitrate,7.04,,false,,mg/L,,7.04,jakkur-2015
jakkur-2015,jakkur-lake-jk-4,JK-4,Jakkur Lake,Raw sewage point,2016-01-28,13.094333,77.607667,totalAlkalinity,476,,false,,mg/L,,476,jakkur-2015
jakkur-2015,jakkur-lake-jk-4,JK-4,Jakkur Lake,Raw sewage point,2016-01-28,13.094333,77.607667,fecalColiform,390000,,false,,MPN/100mL,,3.9E+05,jakkur-2015
jakkur-2015,jakkur-lake-jk-4,JK-4,Jakkur Lake,Raw sewage point,2016-01-28,13.094333,77.607667,tss,190,,false,,mg/L,,190,jakkur-2015
jakkur-2015,jakkur-lake-jk-4,JK-4,Jakkur Lake,Raw sewage point,2016-01-28,13.094333,77.607667,bod,100.0,,false,,mg/L,,100.0,jakkur-2015
jakkur-2015,jakkur-lake-jk-4,JK-4,Jakkur Lake,Raw sewage point,2016-01-28,13.094333,77.607667,dissolvedBod,42.0,,false,,mg/L,,42.0,jakkur-2015
jakkur-2015,jakkur-lake-jk-4,JK-4,Jakkur Lake,Raw sewage point,2016-01-28,13.094333,77.607667,cod,390.0,,false,,mg/L,,390.0,jakkur-2015
jakkur-2015,jakkur-lake-jk-4,JK-4,Jakkur Lake,Raw sewage point,2016-01-28,13.094333,77.607667,dissolvedCod,110.0,,false,,mg/L,,110.0,jakkur-2015
jakkur-2015,jakkur-lake-jk-4,JK-4,Jakkur Lake,Raw sewage point,2016-01-28,13.094333,77.607667,phosphate,2.6,,false,,mg/L,,2.6,jakkur-2015
jakkur-2015,jakkur-lake-jk-5,JK-5,Jakkur Lake,Jakkur lake-Lake sample point,2016-01-28,13.08675,77.611283,temperature,26.3,,false,,degC,,26.3,jakkur-2015
jakkur-2015,jakkur-lake-jk-5,JK-5,Jakkur Lake,Jakkur lake-Lake sample point,2016-01-28,13.08675,77.611283,colour,,,false,,Hazen,,30-40,jakkur-2015
jakkur-2015,jakkur-lake-jk-5,JK-5,Jakkur Lake,Jakkur lake-Lake sample point,2016-01-28,13.08675,77.611283,turbidity,60.5,,false,,NTU,,60.5,jakkur-2015
jakkur-2015,jakkur-lake-jk-5,JK-5,Jakkur Lake,Jakkur lake-Lake sample point,2016-01-28,13.08675,77.611283,ph,8.82,,false,,,,8.82,jakkur-2015
jakkur-2015,jakkur-lake-jk-5,JK-5,Jakkur Lake,Jakkur lake-Lake sample point,2016-01-28,13.08675,77.611283,conductivity,1074,,false,,uS/cm,,1074,jakkur-2015
jakkur-2015,jakkur-lake-jk-5,JK-5,Jakkur Lake,Jakkur lake-Lake sample point,2016-01-28,13.08675,77.611283,orp,-119,,false,,mV,,-119,jakkur-2015
jakkur-2015,jakkur-lake-jk-5,JK-5,Jakkur Lake,Jakkur lake-Lake sample point,2016-01-28,13.08675,77.611283,dissolvedOxygen,14.70,,false,,mg/L,,14.70,jakkur-2015
jakkur-2015,jakkur-lake-jk-5,JK-5,Jakkur Lake,Jakkur lake-Lake sample point,2016-01-28,13.08675,77.611283,nitrate,14.08,,false,,mg/L,,14.08,jakkur-2015
jakkur-2015,jakkur-lake-jk-5,JK-5,Jakkur Lake,Jakkur lake-Lake sample point,2016-01-28,13.08675,77.611283,totalAlkalinity,290,,false,,mg/L,,290,jakkur-2015
jakkur-2015,jakkur-lake-jk-5,JK-5,Jakkur Lake,Jakkur lake-Lake sample point,2016-01-28,13.08675,77.611283,fecalColiform,400,,false,,MPN/100mL,,4.0E+02,jakkur-2015
jakkur-2015,jakkur-lake-jk-5,JK-5,Jakkur Lake,Jakkur lake-Lake sample point,2016-01-28,13.08675,77.611283,tss,70,,false,,mg/L,,70,jakkur-2015
jakkur-2015,jakkur-lake-jk-5,JK-5,Jakkur Lake,Jakkur lake-Lake sample point,2016-01-28,13.08675,77.611283,bod,30.0,,false,,mg/L,,30.0,jakkur-2015
jakkur-2015,jakkur-lake-jk-5,JK-5,Jakkur Lake,Jakkur lake-Lake sample point,2016-01-28,13.08675,77.611283,dissolvedBod,2.8,,false,,mg/L,,2.8,jakkur-2015
jakkur-2015,jakkur-lake-jk-5,JK-5,Jakkur Lake,Jakkur lake-Lake sample point,2016-01-28,13.08675,77.611283,cod,150.0,,false,,mg/L,,150.0,jakkur-2015
jakkur-2015,jakkur-lake-jk-5,JK-5,Jakkur Lake,Jakkur lake-Lake sample point,2016-01-28,13.08675,77.611283,dissolvedCod,70.0,,false,,mg/L,,70.0,jakkur-2015
jakkur-2015,jakkur-lake-jk-5,JK-5,Jakkur Lake,Jakkur lake-Lake sample point,2016-01-28,13.08675,77.611283,phosphate,1.0,,false,,mg/L,,1.0,jakkur-2015
jakkur-2015,jakkur-lake-jk-6,JK-6,Jakkur Lake,Jakkur lake outlet point I,2016-01-28,13.0802,77.614667,temperature,28.9,,false,,degC,,28.9,jakkur-2015
jakkur-2015,jakkur-lake-jk-6,JK-6,Jakkur Lake,Jakkur lake outlet point I,2016-01-28,13.0802,77.614667,colour,,,false,,Hazen,,40-50,jakkur-2015
jakkur-2015,jakkur-lake-jk-6,JK-6,Jakkur Lake,Jakkur lake outlet point I,2016-01-28,13.0802,77.614667,turbidity,43.2,,false,,NTU,,43.2,jakkur-2015
jakkur-2015,jakkur-lake-jk-6,JK-6,Jakkur Lake,Jakkur lake outlet point I,2016-01-28,13.0802,77.614667,ph,9.06,,false,,,,9.06,jakkur-2015
jakkur-2015,jakkur-lake-jk-6,JK-6,Jakkur Lake,Jakkur lake outlet point I,2016-01-28,13.0802,77.614667,conductivity,1054,,false,,uS/cm,,1054,jakkur-2015
jakkur-2015,jakkur-lake-jk-6,JK-6,Jakkur Lake,Jakkur lake outlet point I,2016-01-28,13.0802,77.614667,orp,-134,,false,,mV,,-134,jakkur-2015
jakkur-2015,jakkur-lake-jk-6,JK-6,Jakkur Lake,Jakkur lake outlet point I,2016-01-28,13.0802,77.614667,dissolvedOxygen,23.00,,false,,mg/L,,23.00,jakkur-2015
jakkur-2015,jakkur-lake-jk-6,JK-6,Jakkur Lake,Jakkur lake outlet point I,2016-01-28,13.0802,77.614667,nitrate,12.32,,false,,mg/L,,12.32,jakkur-2015
jakkur-2015,jakkur-lake-jk-6,JK-6,Jakkur Lake,Jakkur lake outlet point I,2016-01-28,13.0802,77.614667,totalAlkalinity,306,,false,,mg/L,,306,jakkur-2015
jakkur-2015,jakkur-lake-jk-6,JK-6,Jakkur Lake,Jakkur lake outlet point I,2016-01-28,13.0802,77.614667,fecalColiform,610,,false,,MPN/100mL,,6.1E+02,jakkur-2015
jakkur-2015,jakkur-lake-jk-6,JK-6,Jakkur Lake,Jakkur lake outlet point I,2016-01-28,13.0802,77.614667,tss,70,,false,,mg/L,,70,jakkur-2015
jakkur-2015,jakkur-lake-jk-6,JK-6,Jakkur Lake,Jakkur lake outlet point I,2016-01-28,13.0802,77.614667,bod,39.0,,false,,mg/L,,39.0,jakkur-2015
jakkur-2015,jakkur-lake-jk-6,JK-6,Jakkur Lake,Jakkur lake outlet point I,2016-01-28,13.0802,77.614667,dissolvedBod,3.6,,false,,mg/L,,3.6,jakkur-2015
jakkur-2015,jakkur-lake-jk-6,JK-6,Jakkur Lake,Jakkur lake outlet point I,2016-01-28,13.0802,77.614667,cod,130.0,,false,,mg/L,,130.0,jakkur-2015
jakkur-2015,jakkur-lake-jk-6,JK-6,Jakkur Lake,Jakkur lake outlet point I,2016-01-28,13.0802,77.614667,dissolvedCod,50.0,,false,,mg/L,,50.0,jakkur-2015
jakkur-2015,jakkur-lake-jk-6,JK-6,Jakkur Lake,Jakkur lake outlet point I,2016-01-28,13.0802,77.614667,phosphate,1.1,,false,,mg/L,,1.1,jakkur-2015
jakkur-2015,jakkur-lake-jk-7,JK-7,Jakkur Lake,Jakkur lake outlet point II,2016-01-28,,,temperature,29,,false,,degC,,29,jakkur-2015
jakkur-2015,jakkur-lake-jk-7,JK-7,Jakkur Lake,Jakkur lake outlet point II,2016-01-28,,,colour,,,false,,Hazen,,30-40,jakkur-2015
jakkur-2015,jakkur-lake-jk-7,JK-7,Jakkur Lake,Jakkur lake outlet point II,2016-01-28,,,turbidity,40.2,,false,,NTU,,40.2,jakkur-2015
jakkur-2015,jakkur-lake-jk-7,JK-7,Jakkur Lake,Jakkur lake outlet point II,2016-01-28,,,ph,9.02,,false,,,,9.02,jakkur-2015
jakkur-2015,jakkur-lake-jk-7,JK-7,Jakkur Lake,Jakkur lake outlet point II,2016-01-28,,,conductivity,1052,,false,,uS/cm,,1052,jakkur-2015
jakkur-2015,jakkur-lake-jk-7,JK-7,Jakkur Lake,Jakkur lake outlet point II,2016-01-28,,,orp,-132,,false,,mV,,-132,jakkur-2015
jakkur-2015,jakkur-lake-jk-7,JK-7,Jakkur Lake,Jakkur lake outlet point II,2016-01-28,,,dissolvedOxygen,17.90,,false,,mg/L,,17.90,jakkur-2015
jakkur-2015,jakkur-lake-jk-7,JK-7,Jakkur Lake,Jakkur lake outlet point II,2016-01-28,,,nitrate,13.64,,false,,mg/L,,13.64,jakkur-2015
jakkur-2015,jakkur-lake-jk-7,JK-7,Jakkur Lake,Jakkur lake outlet point II,2016-01-28,,,totalAlkalinity,282,,false,,mg/L,,282,jakkur-2015
jakkur-2015,jakkur-lake-jk-7,JK-7,Jakkur Lake,Jakkur lake outlet point II,2016-01-28,,,fecalColiform,610,,false,,MPN/100mL,,6.1E+02,jakkur-2015
jakkur-2015,jakkur-lake-jk-7,JK-7,Jakkur Lake,Jakkur lake outlet point II,2016-01-28,,,tss,100,,false,,mg/L,,100,jakkur-2015
jakkur-2015,jakkur-lake-jk-7,JK-7,Jakkur Lake,Jakkur lake outlet point II,2016-01-28,,,bod,30.0,,false,,mg/L,,30.0,jakkur-2015
jakkur-2015,jakkur-lake-jk-7,JK-7,Jakkur Lake,Jakkur lake outlet point II,2016-01-28,,,dissolvedBod,3.0,,false,,mg/L,,3.0,jakkur-2015
jakkur-2015,jakkur-lake-jk-7,JK-7,Jakkur Lake,Jakkur lake outlet point II,2016-01-28,,,cod,100.0,,false,,mg/L,,100.0,jakkur-2015
jakkur-2015,jakkur-lake-jk-7,JK-7,Jakkur Lake,Jakkur lake outlet point II,2016-01-28,,,dissolvedCod,50.0,,false,,mg/L,,50.0,jakkur-2015
jakkur-2015,jakkur-lake-jk-7,JK-7,Jakkur Lake,Jakkur lake outlet point II,2016-01-28,,,phosphate,1.1,,false,,mg/L,,1.1,jakkur-2015
jakkur-2015,jakkur-lake-jk-8,JK-8,Jakkur Lake,Main gate inlet chamber,2016-01-28,13.083533,77.6096,temperature,25.7,,false,,degC,,25.7,jakkur-2015
jakkur-2015,jakkur-lake-jk-8,JK-8,Jakkur Lake,Main gate inlet chamber,2016-01-28,13.083533,77.6096,colour,,,false,,Hazen,,30-40,jakkur-2015
jakkur-2015,jakkur-lake-jk-8,JK-8,Jakkur Lake,Main gate inlet chamber,2016-01-28,13.083533,77.6096,turbidity,39,,false,,NTU,,39,jakkur-2015
jakkur-2015,jakkur-lake-jk-8,JK-8,Jakkur Lake,Main gate inlet chamber,2016-01-28,13.083533,77.6096,ph,7.09,,false,,,,7.09,jakkur-2015
jakkur-2015,jakkur-lake-jk-8,JK-8,Jakkur Lake,Main gate inlet chamber,2016-01-28,13.083533,77.6096,conductivity,1056,,false,,uS/cm,,1056,jakkur-2015
jakkur-2015,jakkur-lake-jk-8,JK-8,Jakkur Lake,Main gate inlet chamber,2016-01-28,13.083533,77.6096,orp,-18,,false,,mV,,-18,jakkur-2015
jakkur-2015,jakkur-lake-jk-8,JK-8,Jakkur Lake,Main gate inlet chamber,2016-01-28,13.083533,77.6096,dissolvedOxygen,3.20,,false,,mg/L,,3.20,jakkur-2015
jakkur-2015,jakkur-lake-jk-8,JK-8,Jakkur Lake,Main gate inlet chamber,2016-01-28,13.083533,77.6096,nitrate,2.64,,false,,mg/L,,2.64,jakkur-2015
jakkur-2015,jakkur-lake-jk-8,JK-8,Jakkur Lake,Main gate inlet chamber,2016-01-28,13.083533,77.6096,totalAlkalinity,202,,false,,mg/L,,202,jakkur-2015
jakkur-2015,jakkur-lake-jk-8,JK-8,Jakkur Lake,Main gate inlet chamber,2016-01-28,13.083533,77.6096,fecalColiform,920,,false,,MPN/100mL,,9.2E+02,jakkur-2015
jakkur-2015,jakkur-lake-jk-8,JK-8,Jakkur Lake,Main gate inlet chamber,2016-01-28,13.083533,77.6096,tss,30,,false,,mg/L,,30,jakkur-2015
jakkur-2015,jakkur-lake-jk-8,JK-8,Jakkur Lake,Main gate inlet chamber,2016-01-28,13.083533,77.6096,bod,4.6,,false,,mg/L,,4.6,jakkur-2015
jakkur-2015,jakkur-lake-jk-8,JK-8,Jakkur Lake,Main gate inlet chamber,2016-01-28,13.083533,77.6096,dissolvedBod,1.0,,false,,mg/L,,1.0,jakkur-2015
jakkur-2015,jakkur-lake-jk-8,JK-8,Jakkur Lake,Main gate inlet chamber,2016-01-28,13.083533,77.6096,cod,40.0,,false,,mg/L,,40.0,jakkur-2015
jakkur-2015,jakkur-lake-jk-8,JK-8,Jakkur Lake,Main gate inlet chamber,2016-01-28,13.083533,77.6096,dissolvedCod,10.0,,false,,mg/L,,10.0,jakkur-2015
jakkur-2015,jakkur-lake-jk-8,JK-8,Jakkur Lake,Main gate inlet chamber,2016-01-28,13.083533,77.6096,phosphate,0.4,,false,,mg/L,,0.4,jakkur-2015
jakkur-2015,jakkur-lake-jk-1,JK-1,Jakkur Lake,Main gate water Runoff point,2016-02-04,13.083533,77.6096,temperature,26.5,,false,,degC,,26.5,jakkur-2015
jakkur-2015,jakkur-lake-jk-1,JK-1,Jakkur Lake,Main gate water Runoff point,2016-02-04,13.083533,77.6096,colour,,,false,,Hazen,,30-40,jakkur-2015
jakkur-2015,jakkur-lake-jk-1,JK-1,Jakkur Lake,Main gate water Runoff point,2016-02-04,13.083533,77.6096,turbidity,65,,false,,NTU,,65,jakkur-2015
jakkur-2015,jakkur-lake-jk-1,JK-1,Jakkur Lake,Main gate water Runoff point,2016-02-04,13.083533,77.6096,ph,8.79,,false,,,,8.79,jakkur-2015
jakkur-2015,jakkur-lake-jk-1,JK-1,Jakkur Lake,Main gate water Runoff point,2016-02-04,13.083533,77.6096,conductivity,1086,,false,,uS/cm,,1086,jakkur-2015
jakkur-2015,jakkur-lake-jk-1,JK-1,Jakkur Lake,Main gate water Runoff point,2016-02-04,13.083533,77.6096,orp,-119,,false,,mV,,-119,jakkur-2015
jakkur-2015,jakkur-lake-jk-1,JK-1,Jakkur Lake,Main gate water Runoff point,2016-02-04,13.083533,77.6096,dissolvedOxygen,15.50,,false,,mg/L,,15.50,jakkur-2015
jakkur-2015,jakkur-lake-jk-1,JK-1,Jakkur Lake,Main gate water Runoff point,2016-02-04,13.083533,77.6096,nitrate,15.40,,false,,mg/L,,15.40,jakkur-2015
jakkur-2015,jakkur-lake-jk-1,JK-1,Jakkur Lake,Main gate water Runoff point,2016-02-04,13.083533,77.6096,totalAlkalinity,300,,false,,mg/L,,300,jakkur-2015
jakkur-2015,jakkur-lake-jk-1,JK-1,Jakkur Lake,Main gate water Runoff point,2016-02-04,13.083533,77.6096,fecalColiform,610,,false,,MPN/100mL,,6.1E+02,jakkur-2015
jakkur-2015,jakkur-lake-jk-1,JK-1,Jakkur Lake,Main gate water Runoff point,2016-02-04,13.083533,77.6096,tss,100,,false,,mg/L,,100,jakkur-2015
jakkur-2015,jakkur-lake-jk-1,JK-1,Jakkur Lake,Main gate water Runoff point,2016-02-04,13.083533,77.6096,bod,28.0,,false,,mg/L,,28.0,jakkur-2015
jakkur-2015,jakkur-lake-jk-1,JK-1,Jakkur Lake,Main gate water Runoff point,2016-02-04,13.083533,77.6096,dissolvedBod,2.4,,false,,mg/L,,2.4,jakkur-2015
jakkur-2015,jakkur-lake-jk-1,JK-1,Jakkur Lake,Main gate water Runoff point,2016-02-04,13.083533,77.6096,cod,165.0,,false,,mg/L,,165.0,jakkur-2015
jakkur-2015,jakkur-lake-jk-1,JK-1,Jakkur Lake,Main gate water Runoff point,2016-02-04,13.083533,77.6096,dissolvedCod,95.0,,false,,mg/L,,95.0,jakkur-2015
jakkur-2015,jakkur-lake-jk-1,JK-1,Jakkur Lake,Main gate water Runoff point,2016-02-04,13.083533,77.6096,phosphate,1.2,,false,,mg/L,,1.2,jakkur-2015
jakkur-2015,jakkur-lake-jk-1,JK-1,Jakkur Lake,Main gate water Runoff point,2016-02-04,13.083533,77.6096,ammoniacalNitrogen,1,,false,,mg/L as N,,1,jakkur-2015
jakkur-2015,jakkur-lake-jk-2,JK-2,Jakkur Lake,Wetland Outlet point,2016-02-04,13.09235,77.607283,temperature,24.7,,false,,degC,,24.7,jakkur-2015
jakkur-2015,jakkur-lake-jk-2,JK-2,Jakkur Lake,Wetland Outlet point,2016-02-04,13.09235,77.607283,colour,,,false,,Hazen,,30-40,jakkur-2015
jakkur-2015,jakkur-lake-jk-2,JK-2,Jakkur Lake,Wetland Outlet point,2016-02-04,13.09235,77.607283,turbidity,12,,false,,NTU,,12,jakkur-2015
jakkur-2015,jakkur-lake-jk-2,JK-2,Jakkur Lake,Wetland Outlet point,2016-02-04,13.09235,77.607283,ph,7.76,,false,,,,7.76,jakkur-2015
jakkur-2015,jakkur-lake-jk-2,JK-2,Jakkur Lake,Wetland Outlet point,2016-02-04,13.09235,77.607283,conductivity,1421,,false,,uS/cm,,1421,jakkur-2015
jakkur-2015,jakkur-lake-jk-2,JK-2,Jakkur Lake,Wetland Outlet point,2016-02-04,13.09235,77.607283,orp,-59,,false,,mV,,-59,jakkur-2015
jakkur-2015,jakkur-lake-jk-2,JK-2,Jakkur Lake,Wetland Outlet point,2016-02-04,13.09235,77.607283,dissolvedOxygen,2.10,,false,,mg/L,,2.10,jakkur-2015
jakkur-2015,jakkur-lake-jk-2,JK-2,Jakkur Lake,Wetland Outlet point,2016-02-04,13.09235,77.607283,nitrate,3.52,,false,,mg/L,,3.52,jakkur-2015
jakkur-2015,jakkur-lake-jk-2,JK-2,Jakkur Lake,Wetland Outlet point,2016-02-04,13.09235,77.607283,totalAlkalinity,384,,false,,mg/L,,384,jakkur-2015
jakkur-2015,jakkur-lake-jk-2,JK-2,Jakkur Lake,Wetland Outlet point,2016-02-04,13.09235,77.607283,fecalColiform,610,,false,,MPN/100mL,,6.1E+02,jakkur-2015
jakkur-2015,jakkur-lake-jk-2,JK-2,Jakkur Lake,Wetland Outlet point,2016-02-04,13.09235,77.607283,tss,40,,false,,mg/L,,40,jakkur-2015
jakkur-2015,jakkur-lake-jk-2,JK-2,Jakkur Lake,Wetland Outlet point,2016-02-04,13.09235,77.607283,bod,31.0,,false,,mg/L,,31.0,jakkur-2015
jakkur-2015,jakkur-lake-jk-2,JK-2,Jakkur Lake,Wetland Outlet point,2016-02-04,13.09235,77.607283,dissolvedBod,2.0,,false,,mg/L,,2.0,jakkur-2015
jakkur-2015,jakkur-lake-jk-2,JK-2,Jakkur Lake,Wetland Outlet point,2016-02-04,13.09235,77.607283,cod,75.0,,false,,mg/L,,75.0,jakkur-2015
jakkur-2015,jakkur-lake-jk-2,JK-2,Jakkur Lake,Wetland Outlet point,2016-02-04,13.09235,77.607283,dissolvedCod,55.0,,false,,mg/L,,55.0,jakkur-2015
jakkur-2015,jakkur-lake-jk-2,JK-2,Jakkur Lake,Wetland Outlet point,2016-02-04,13.09235,77.607283,phosphate,3.3,,false,,mg/L,,3.3,jakkur-2015
jakkur-2015,jakkur-lake-jk-2,JK-2,Jakkur Lake,Wetland Outlet point,2016-02-04,13.09235,77.607283,ammoniacalNitrogen,11,,false,,mg/L as N,,11,jakkur-2015
jakkur-2015,jakkur-lake-jk-3,JK-3,Jakkur Lake,Jakkur lake STP outlet point,2016-02-04,13.094333,77.607667,temperature,23.7,,false,,degC,,23.7,jakkur-2015
jakkur-2015,jakkur-lake-jk-3,JK-3,Jakkur Lake,Jakkur lake STP outlet point,2016-02-04,13.094333,77.607667,colour,,,false,,Hazen,,30-40,jakkur-2015
jakkur-2015,jakkur-lake-jk-3,JK-3,Jakkur Lake,Jakkur lake STP outlet point,2016-02-04,13.094333,77.607667,turbidity,25.8,,false,,NTU,,25.8,jakkur-2015
jakkur-2015,jakkur-lake-jk-3,JK-3,Jakkur Lake,Jakkur lake STP outlet point,2016-02-04,13.094333,77.607667,ph,7.91,,false,,,,7.91,jakkur-2015
jakkur-2015,jakkur-lake-jk-3,JK-3,Jakkur Lake,Jakkur lake STP outlet point,2016-02-04,13.094333,77.607667,conductivity,1364,,false,,uS/cm,,1364,jakkur-2015
jakkur-2015,jakkur-lake-jk-3,JK-3,Jakkur Lake,Jakkur lake STP outlet point,2016-02-04,13.094333,77.607667,orp,-67,,false,,mV,,-67,jakkur-2015
jakkur-2015,jakkur-lake-jk-3,JK-3,Jakkur Lake,Jakkur lake STP outlet point,2016-02-04,13.094333,77.607667,dissolvedOxygen,3.80,,false,,mg/L,,3.80,jakkur-2015
jakkur-2015,jakkur-lake-jk-3,JK-3,Jakkur Lake,Jakkur lake STP outlet point,2016-02-04,13.094333,77.607667,nitrate,5.28,,false,,mg/L,,5.28,jakkur-2015
jakkur-2015,jakkur-lake-jk-3,JK-3,Jakkur Lake,Jakkur lake STP outlet point,2016-02-04,13.094333,77.607667,totalAlkalinity,412,,false,,mg/L,,412,jakkur-2015
jakkur-2015,jakkur-lake-jk-3,JK-3,Jakkur Lake,Jakkur lake STP outlet point,2016-02-04,13.094333,77.607667,fecalColiform,12000,,false,,MPN/100mL,,1.2E+04,jakkur-2015
jakkur-2015,jakkur-lake-jk-3,JK-3,Jakkur Lake,Jakkur lake STP outlet point,2016-02-04,13.094333,77.607667,tss,50,,false,,mg/L,,50,jakkur-2015
jakkur-2015,jakkur-lake-jk-3,JK-3,Jakkur Lake,Jakkur lake STP outlet point,2016-02-04,13.094333,77.607667,bod,27.0,,false,,mg/L,,27.0,jakkur-2015
jakkur-2015,jakkur-lake-jk-3,JK-3,Jakkur Lake,Jakkur lake STP outlet point,2016-02-04,13.094333,77.607667,dissolvedBod,5.2,,false,,mg/L,,5.2,jakkur-2015
jakkur-2015,jakkur-lake-jk-3,JK-3,Jakkur Lake,Jakkur lake STP outlet point,2016-02-04,13.094333,77.607667,cod,85.0,,false,,mg/L,,85.0,jakkur-2015
jakkur-2015,jakkur-lake-jk-3,JK-3,Jakkur Lake,Jakkur lake STP outlet point,2016-02-04,13.094333,77.607667,dissolvedCod,65.0,,false,,mg/L,,65.0,jakkur-2015
jakkur-2015,jakkur-lake-jk-3,JK-3,Jakkur Lake,Jakkur lake STP outlet point,2016-02-04,13.094333,77.607667,phosphate,3.6,,false,,mg/L,,3.6,jakkur-2015
jakkur-2015,jakkur-lake-jk-3,JK-3,Jakkur Lake,Jakkur lake STP outlet point,2016-02-04,13.094333,77.607667,ammoniacalNitrogen,12,,false,,mg/L as N,,12,jakkur-2015
jakkur-2015,jakkur-lake-jk-4,JK-4,Jakkur Lake,Raw sewage point,2016-02-04,13.094333,77.607667,temperature,23.5,,false,,degC,,23.5,jakkur-2015
jakkur-2015,jakkur-lake-jk-4,JK-4,Jakkur Lake,Raw sewage point,2016-02-04,13.094333,77.607667,colour,,,false,,Hazen,,50-60,jakkur-2015
jakkur-2015,jakkur-lake-jk-4,JK-4,Jakkur Lake,Raw sewage point,2016-02-04,13.094333,77.607667,turbidity,79.6,,false,,NTU,,79.6,jakkur-2015
jakkur-2015,jakkur-lake-jk-4,JK-4,Jakkur Lake,Raw sewage point,2016-02-04,13.094333,77.607667,ph,7.29,,false,,,,7.29,jakkur-2015
jakkur-2015,jakkur-lake-jk-4,JK-4,Jakkur Lake,Raw sewage point,2016-02-04,13.094333,77.607667,conductivity,1708,,false,,uS/cm,,1708,jakkur-2015
jakkur-2015,jakkur-lake-jk-4,JK-4,Jakkur Lake,Raw sewage point,2016-02-04,13.094333,77.607667,orp,-32,,false,,mV,,-32,jakkur-2015
jakkur-2015,jakkur-lake-jk-4,JK-4,Jakkur Lake,Raw sewage point,2016-02-04,13.094333,77.607667,dissolvedOxygen,0.00,,false,,mg/L,,0.00,jakkur-2015
jakkur-2015,jakkur-lake-jk-4,JK-4,Jakkur Lake,Raw sewage point,2016-02-04,13.094333,77.607667,nitrate,8.80,,false,,mg/L,,8.80,jakkur-2015
jakkur-2015,jakkur-lake-jk-4,JK-4,Jakkur Lake,Raw sewage point,2016-02-04,13.094333,77.607667,totalAlkalinity,472,,false,,mg/L,,472,jakkur-2015
jakkur-2015,jakkur-lake-jk-4,JK-4,Jakkur Lake,Raw sewage point,2016-02-04,13.094333,77.607667,fecalColiform,330000,,false,,MPN/100mL,,3.3E+05,jakkur-2015
jakkur-2015,jakkur-lake-jk-4,JK-4,Jakkur Lake,Raw sewage point,2016-02-04,13.094333,77.607667,tss,280,,false,,mg/L,,280,jakkur-2015
jakkur-2015,jakkur-lake-jk-4,JK-4,Jakkur Lake,Raw sewage point,2016-02-04,13.094333,77.607667,bod,90.0,,false,,mg/L,,90.0,jakkur-2015
jakkur-2015,jakkur-lake-jk-4,JK-4,Jakkur Lake,Raw sewage point,2016-02-04,13.094333,77.607667,dissolvedBod,38.0,,false,,mg/L,,38.0,jakkur-2015
jakkur-2015,jakkur-lake-jk-4,JK-4,Jakkur Lake,Raw sewage point,2016-02-04,13.094333,77.607667,cod,255.0,,false,,mg/L,,255.0,jakkur-2015
jakkur-2015,jakkur-lake-jk-4,JK-4,Jakkur Lake,Raw sewage point,2016-02-04,13.094333,77.607667,dissolvedCod,105.0,,false,,mg/L,,105.0,jakkur-2015
jakkur-2015,jakkur-lake-jk-4,JK-4,Jakkur Lake,Raw sewage point,2016-02-04,13.094333,77.607667,phosphate,3.1,,false,,mg/L,,3.1,jakkur-2015
jakkur-2015,jakkur-lake-jk-4,JK-4,Jakkur Lake,Raw sewage point,2016-02-04,13.094333,77.607667,ammoniacalNitrogen,12,,false,,mg/L as N,,12,jakkur-2015
jakkur-2015,jakkur-lake-jk-5,JK-5,Jakkur Lake,Jakkur lake-Lake sample point,2016-02-04,13.08675,77.611283,temperature,25.2,,false,,degC,,25.2,jakkur-2015
jakkur-2015,jakkur-lake-jk-5,JK-5,Jakkur Lake,Jakkur lake-Lake sample point,2016-02-04,13.08675,77.611283,colour,,,false,,Hazen,,40-50,jakkur-2015
jakkur-2015,jakkur-lake-jk-5,JK-5,Jakkur Lake,Jakkur lake-Lake sample point,2016-02-04,13.08675,77.611283,turbidity,65.9,,false,,NTU,,65.9,jakkur-2015
jakkur-2015,jakkur-lake-jk-5,JK-5,Jakkur Lake,Jakkur lake-Lake sample point,2016-02-04,13.08675,77.611283,ph,8.77,,false,,,,8.77,jakkur-2015
jakkur-2015,jakkur-lake-jk-5,JK-5,Jakkur Lake,Jakkur lake-Lake sample point,2016-02-04,13.08675,77.611283,conductivity,1107,,false,,uS/cm,,1107,jakkur-2015
jakkur-2015,jakkur-lake-jk-5,JK-5,Jakkur Lake,Jakkur lake-Lake sample point,2016-02-04,13.08675,77.611283,orp,-117,,false,,mV,,-117,jakkur-2015
jakkur-2015,jakkur-lake-jk-5,JK-5,Jakkur Lake,Jakkur lake-Lake sample point,2016-02-04,13.08675,77.611283,dissolvedOxygen,12.20,,false,,mg/L,,12.20,jakkur-2015
jakkur-2015,jakkur-lake-jk-5,JK-5,Jakkur Lake,Jakkur lake-Lake sample point,2016-02-04,13.08675,77.611283,nitrate,14.08,,false,,mg/L,,14.08,jakkur-2015
jakkur-2015,jakkur-lake-jk-5,JK-5,Jakkur Lake,Jakkur lake-Lake sample point,2016-02-04,13.08675,77.611283,totalAlkalinity,288,,false,,mg/L,,288,jakkur-2015
jakkur-2015,jakkur-lake-jk-5,JK-5,Jakkur Lake,Jakkur lake-Lake sample point,2016-02-04,13.08675,77.611283,fecalColiform,820,,false,,MPN/100mL,,8.2E+02,jakkur-2015
jakkur-2015,jakkur-lake-jk-5,JK-5,Jakkur Lake,Jakkur lake-Lake sample point,2016-02-04,13.08675,77.611283,tss,110,,false,,mg/L,,110,jakkur-2015
jakkur-2015,jakkur-lake-jk-5,JK-5,Jakkur Lake,Jakkur lake-Lake sample point,2016-02-04,13.08675,77.611283,bod,23.0,,false,,mg/L,,23.0,jakkur-2015
jakkur-2015,jakkur-lake-jk-5,JK-5,Jakkur Lake,Jakkur lake-Lake sample point,2016-02-04,13.08675,77.611283,dissolvedBod,2.6,,false,,mg/L,,2.6,jakkur-2015
jakkur-2015,jakkur-lake-jk-5,JK-5,Jakkur Lake,Jakkur lake-Lake sample point,2016-02-04,13.08675,77.611283,cod,105.0,,false,,mg/L,,105.0,jakkur-2015
jakkur-2015,jakkur-lake-jk-5,JK-5,Jakkur Lake,Jakkur lake-Lake sample point,2016-02-04,13.08675,77.611283,dissolvedCod,55.0,,false,,mg/L,,55.0,jakkur-2015
jakkur-2015,jakkur-lake-jk-5,JK-5,Jakkur Lake,Jakkur lake-Lake sample point,2016-02-04,13.08675,77.611283,phosphate,1.3,,false,,mg/L,,1.3,jakkur-2015
jakkur-2015,jakkur-lake-jk-5,JK-5,Jakkur Lake,Jakkur lake-Lake sample point,2016-02-04,13.08675,77.611283,ammoniacalNitrogen,1,,false,,mg/L as N,,1,jakkur-2015
jakkur-2015,jakkur-lake-jk-6,JK-6,Jakkur Lake,Jakkur lake outlet point I,2016-02-04,13.0802,77.614667,temperature,27.2,,false,,degC,,27.2,jakkur-2015
jakkur-2015,jakkur-lake-jk-6,JK-6,Jakkur Lake,Jakkur lake outlet point I,2016-02-04,13.0802,77.614667,colour,,,false,,Hazen,,30-40,jakkur-2015
jakkur-2015,jakkur-lake-jk-6,JK-6,Jakkur Lake,Jakkur lake outlet point I,2016-02-04,13.0802,77.614667,turbidity,70,,false,,NTU,,70,jakkur-2015
jakkur-2015,jakkur-lake-jk-6,JK-6,Jakkur Lake,Jakkur lake outlet point I,2016-02-04,13.0802,77.614667,ph,8.78,,false,,,,8.78,jakkur-2015
jakkur-2015,jakkur-lake-jk-6,JK-6,Jakkur Lake,Jakkur lake outlet point I,2016-02-04,13.0802,77.614667,conductivity,1089,,false,,uS/cm,,1089,jakkur-2015
jakkur-2015,jakkur-lake-jk-6,JK-6,Jakkur Lake,Jakkur lake outlet point I,2016-02-04,13.0802,77.614667,orp,-118,,false,,mV,,-118,jakkur-2015
jakkur-2015,jakkur-lake-jk-6,JK-6,Jakkur Lake,Jakkur lake outlet point I,2016-02-04,13.0802,77.614667,dissolvedOxygen,10.40,,false,,mg/L,,10.40,jakkur-2015
jakkur-2015,jakkur-lake-jk-6,JK-6,Jakkur Lake,Jakkur lake outlet point I,2016-02-04,13.0802,77.614667,nitrate,13.64,,false,,mg/L,,13.64,jakkur-2015
jakkur-2015,jakkur-lake-jk-6,JK-6,Jakkur Lake,Jakkur lake outlet point I,2016-02-04,13.0802,77.614667,totalAlkalinity,304,,false,,mg/L,,304,jakkur-2015
jakkur-2015,jakkur-lake-jk-6,JK-6,Jakkur Lake,Jakkur lake outlet point I,2016-02-04,13.0802,77.614667,fecalColiform,400,,false,,MPN/100mL,,4.0E+02,jakkur-2015
jakkur-2015,jakkur-lake-jk-6,JK-6,Jakkur Lake,Jakkur lake outlet point I,2016-02-04,13.0802,77.614667,tss,80,,false,,mg/L,,80,jakkur-2015
jakkur-2015,jakkur-lake-jk-6,JK-6,Jakkur Lake,Jakkur lake outlet point I,2016-02-04,13.0802,77.614667,bod,19.0,,false,,mg/L,,19.0,jakkur-2015
jakkur-2015,jakkur-lake-jk-6,JK-6,Jakkur Lake,Jakkur lake outlet point I,2016-02-04,13.0802,77.614667,dissolvedBod,2.2,,false,,mg/L,,2.2,jakkur-2015
jakkur-2015,jakkur-lake-jk-6,JK-6,Jakkur Lake,Jakkur lake outlet point I,2016-02-04,13.0802,77.614667,cod,85.0,,false,,mg/L,,85.0,jakkur-2015
jakkur-2015,jakkur-lake-jk-6,JK-6,Jakkur Lake,Jakkur lake outlet point I,2016-02-04,13.0802,77.614667,dissolvedCod,45.0,,false,,mg/L,,45.0,jakkur-2015
jakkur-2015,jakkur-lake-jk-6,JK-6,Jakkur Lake,Jakkur lake outlet point I,2016-02-04,13.0802,77.614667,phosphate,1.3,,false,,mg/L,,1.3,jakkur-2015
jakkur-2015,jakkur-lake-jk-6,JK-6,Jakkur Lake,Jakkur lake outlet point I,2016-02-04,13.0802,77.614667,ammoniacalNitrogen,0,,false,,mg/L as N,,0,jakkur-2015
jakkur-2015,jakkur-lake-jk-7,JK-7,Jakkur Lake,Jakkur lake outlet point II,2016-02-04,,,temperature,25.8,,false,,degC,,25.8,jakkur-2015
jakkur-2015,jakkur-lake-jk-7,JK-7,Jakkur Lake,Jakkur lake outlet point II,2016-02-04,,,colour,,,false,,Hazen,,30-40,jakkur-2015
jakkur-2015,jakkur-lake-jk-7,JK-7,Jakkur Lake,Jakkur lake outlet point II,2016-02-04,,,turbidity,48.9,,false,,NTU,,48.9,jakkur-2015
jakkur-2015,jakkur-lake-jk-7,JK-7,Jakkur Lake,Jakkur lake outlet point II,2016-02-04,,,ph,8.95,,false,,,,8.95,jakkur-2015
jakkur-2015,jakkur-lake-jk-7,JK-7,Jakkur Lake,Jakkur lake outlet point II,2016-02-04,,,conductivity,1077,,false,,uS/cm,,1077,jakkur-2015
jakkur-2015,jakkur-lake-jk-7,JK-7,Jakkur Lake,Jakkur lake outlet point II,2016-02-04,,,orp,-128,,false,,mV,,-128,jakkur-2015
jakkur-2015,jakkur-lake-jk-7,JK-7,Jakkur Lake,Jakkur lake outlet point II,2016-02-04,,,dissolvedOxygen,15.90,,false,,mg/L,,15.90,jakkur-2015
jakkur-2015,jakkur-lake-jk-7,JK-7,Jakkur Lake,Jakkur lake outlet point II,2016-02-04,,,nitrate,13.20,,false,,mg/L,,13.20,jakkur-2015
jakkur-2015,jakkur-lake-jk-7,JK-7,Jakkur Lake,Jakkur lake outlet point II,2016-02-04,,,totalAlkalinity,280,,false,,mg/L,,280,jakkur-2015
jakkur-2015,jakkur-lake-jk-7,JK-7,Jakkur Lake,Jakkur lake outlet point II,2016-02-04,,,fecalColiform,820,,false,,MPN/100mL,,8.2E+02,jakkur-2015
jakkur-2015,jakkur-lake-jk-7,JK-7,Jakkur Lake,Jakkur lake outlet point II,2016-02-04,,,tss,80,,false,,mg/L,,80,jakkur-2015
jakkur-2015,jakkur-lake-jk-7,JK-7,Jakkur Lake,Jakkur lake outlet point II,2016-02-04,,,bod,20.0,,false,,mg/L,,20.0,jakkur-2015
jakkur-2015,jakkur-lake-jk-7,JK-7,Jakkur Lake,Jakkur lake outlet point II,2016-02-04,,,dissolvedBod,3.0,,false,,mg/L,,3.0,jakkur-2015
jakkur-2015,jakkur-lake-jk-7,JK-7,Jakkur Lake,Jakkur lake outlet point II,2016-02-04,,,cod,85.0,,false,,mg/L,,85.0,jakkur-2015
jakkur-2015,jakkur-lake-jk-7,JK-7,Jakkur Lake,Jakkur lake outlet point II,2016-02-04,,,dissolvedCod,65.0,,false,,mg/L,,65.0,jakkur-2015
jakkur-2015,jakkur-lake-jk-7,JK-7,Jakkur Lake,Jakkur lake outlet point II,2016-02-04,,,phosphate,1.3,,false,,mg/L,,1.3,jakkur-2015
jakkur-2015,jakkur-lake-jk-7,JK-7,Jakkur Lake,Jakkur lake outlet point II,2016-02-04,,,ammoniacalNitrogen,1,,false,,mg/L as N,,1,jakkur-2015
jakkur-2015,jakkur-lake-jk-8,JK-8,Jakkur Lake,Main gate inlet chamber,2016-02-04,13.083533,77.6096,temperature,25.2,,false,,degC,,25.2,jakkur-2015
jakkur-2015,jakkur-lake-jk-8,JK-8,Jakkur Lake,Main gate inlet chamber,2016-02-04,13.083533,77.6096,colour,,,false,,Hazen,,40-50,jakkur-2015
jakkur-2015,jakkur-lake-jk-8,JK-8,Jakkur Lake,Main gate inlet chamber,2016-02-04,13.083533,77.6096,turbidity,42.8,,false,,NTU,,42.8,jakkur-2015
jakkur-2015,jakkur-lake-jk-8,JK-8,Jakkur Lake,Main gate inlet chamber,2016-02-04,13.083533,77.6096,ph,7.01,,false,,,,7.01,jakkur-2015
jakkur-2015,jakkur-lake-jk-8,JK-8,Jakkur Lake,Main gate inlet chamber,2016-02-04,13.083533,77.6096,conductivity,1210,,false,,uS/cm,,1210,jakkur-2015
jakkur-2015,jakkur-lake-jk-8,JK-8,Jakkur Lake,Main gate inlet chamber,2016-02-04,13.083533,77.6096,orp,-15,,false,,mV,,-15,jakkur-2015
jakkur-2015,jakkur-lake-jk-8,JK-8,Jakkur Lake,Main gate inlet chamber,2016-02-04,13.083533,77.6096,dissolvedOxygen,2.60,,false,,mg/L,,2.60,jakkur-2015
jakkur-2015,jakkur-lake-jk-8,JK-8,Jakkur Lake,Main gate inlet chamber,2016-02-04,13.083533,77.6096,nitrate,2.20,,false,,mg/L,,2.20,jakkur-2015
jakkur-2015,jakkur-lake-jk-8,JK-8,Jakkur Lake,Main gate inlet chamber,2016-02-04,13.083533,77.6096,totalAlkalinity,200,,false,,mg/L,,200,jakkur-2015
jakkur-2015,jakkur-lake-jk-8,JK-8,Jakkur Lake,Main gate inlet chamber,2016-02-04,13.083533,77.6096,fecalColiform,680,,false,,MPN/100mL,,6.8E+02,jakkur-2015
jakkur-2015,jakkur-lake-jk-8,JK-8,Jakkur Lake,Main gate inlet chamber,2016-02-04,13.083533,77.6096,tss,30,,false,,mg/L,,30,jakkur-2015
jakkur-2015,jakkur-lake-jk-8,JK-8,Jakkur Lake,Main gate inlet chamber,2016-02-04,13.083533,77.6096,bod,15.0,,false,,mg/L,,15.0,jakkur-2015
jakkur-2015,jakkur-lake-jk-8,JK-8,Jakkur Lake,Main gate inlet chamber,2016-02-04,13.083533,77.6096,dissolvedBod,2.4,,false,,mg/L,,2.4,jakkur-2015
jakkur-2015,jakkur-lake-jk-8,JK-8,Jakkur Lake,Main gate inlet chamber,2016-02-04,13.083533,77.6096,cod,75.0,,false,,mg/L,,75.0,jakkur-2015
jakkur-2015,jakkur-lake-jk-8,JK-8,Jakkur Lake,Main gate inlet chamber,2016-02-04,13.083533,77.6096,dissolvedCod,55.0,,false,,mg/L,,55.0,jakkur-2015
jakkur-2015,jakkur-lake-jk-8,JK-8,Jakkur Lake,Main gate inlet chamber,2016-02-04,13.083533,77.6096,phosphate,0.4,,false,,mg/L,,0.4,jakkur-2015
jakkur-2015,jakkur-lake-jk-8,JK-8,Jakkur Lake,Main gate inlet chamber,2016-02-04,13.083533,77.6096,ammoniacalNitrogen,0,,false,,mg/L as N,,0,jakkur-2015
jakkur-2015,jakkur-lake-jk-1,JK-1,Jakkur Lake,Main gate water Runoff point,2016-02-11,13.083533,77.6096,temperature,26.3,,false,,degC,,26.3,jakkur-2015
jakkur-2015,jakkur-lake-jk-1,JK-1,Jakkur Lake,Main gate water Runoff point,2016-02-11,13.083533,77.6096,colour,,,false,,Hazen,,30-40,jakkur-2015
jakkur-2015,jakkur-lake-jk-1,JK-1,Jakkur Lake,Main gate water Runoff point,2016-02-11,13.083533,77.6096,turbidity,68.5,,false,,NTU,,68.5,jakkur-2015
jakkur-2015,jakkur-lake-jk-1,JK-1,Jakkur Lake,Main gate water Runoff point,2016-02-11,13.083533,77.6096,ph,8.45,,false,,,,8.45,jakkur-2015
jakkur-2015,jakkur-lake-jk-1,JK-1,Jakkur Lake,Main gate water Runoff point,2016-02-11,13.083533,77.6096,conductivity,1118,,false,,uS/cm,,1118,jakkur-2015
jakkur-2015,jakkur-lake-jk-1,JK-1,Jakkur Lake,Main gate water Runoff point,2016-02-11,13.083533,77.6096,orp,-97,,false,,mV,,-97,jakkur-2015
jakkur-2015,jakkur-lake-jk-1,JK-1,Jakkur Lake,Main gate water Runoff point,2016-02-11,13.083533,77.6096,dissolvedOxygen,5.90,,false,,mg/L,,5.90,jakkur-2015
jakkur-2015,jakkur-lake-jk-1,JK-1,Jakkur Lake,Main gate water Runoff point,2016-02-11,13.083533,77.6096,nitrate,13.64,,false,,mg/L,,13.64,jakkur-2015
jakkur-2015,jakkur-lake-jk-1,JK-1,Jakkur Lake,Main gate water Runoff point,2016-02-11,13.083533,77.6096,totalAlkalinity,288,,false,,mg/L,,288,jakkur-2015
jakkur-2015,jakkur-lake-jk-1,JK-1,Jakkur Lake,Main gate water Runoff point,2016-02-11,13.083533,77.6096,fecalColiform,400,,false,,MPN/100mL,,4.0E+02,jakkur-2015
jakkur-2015,jakkur-lake-jk-1,JK-1,Jakkur Lake,Main gate water Runoff point,2016-02-11,13.083533,77.6096,tss,80,,false,,mg/L,,80,jakkur-2015
jakkur-2015,jakkur-lake-jk-1,JK-1,Jakkur Lake,Main gate water Runoff point,2016-02-11,13.083533,77.6096,bod,25.0,,false,,mg/L,,25.0,jakkur-2015
jakkur-2015,jakkur-lake-jk-1,JK-1,Jakkur Lake,Main gate water Runoff point,2016-02-11,13.083533,77.6096,dissolvedBod,2.8,,false,,mg/L,,2.8,jakkur-2015
jakkur-2015,jakkur-lake-jk-1,JK-1,Jakkur Lake,Main gate water Runoff point,2016-02-11,13.083533,77.6096,cod,165.0,,false,,mg/L,,165.0,jakkur-2015
jakkur-2015,jakkur-lake-jk-1,JK-1,Jakkur Lake,Main gate water Runoff point,2016-02-11,13.083533,77.6096,dissolvedCod,85.0,,false,,mg/L,,85.0,jakkur-2015
jakkur-2015,jakkur-lake-jk-1,JK-1,Jakkur Lake,Main gate water Runoff point,2016-02-11,13.083533,77.6096,phosphate,1.2,,false,,mg/L,,1.2,jakkur-2015
jakkur-2015,jakkur-lake-jk-1,JK-1,Jakkur Lake,Main gate water Runoff point,2016-02-11,13.083533,77.6096,ammoniacalNitrogen,1,,false,,mg/L as N,,1,jakkur-2015
jakkur-2015,jakkur-lake-jk-2,JK-2,Jakkur Lake,Wetland Outlet point,2016-02-11,13.09235,77.607283,temperature,24.8,,false,,degC,,24.8,jakkur-2015
jakkur-2015,jakkur-lake-jk-2,JK-2,Jakkur Lake,Wetland Outlet point,2016-02-11,13.09235,77.607283,colour,,,false,,Hazen,,30-40,jakkur-2015
jakkur-2015,jakkur-lake-jk-2,JK-2,Jakkur Lake,Wetland Outlet point,2016-02-11,13.09235,77.607283,turbidity,12.2,,false,,NTU,,12.2,jakkur-2015
jakkur-2015,jakkur-lake-jk-2,JK-2,Jakkur Lake,Wetland Outlet point,2016-02-11,13.09235,77.607283,ph,7.49,,false,,,,7.49,jakkur-2015
jakkur-2015,jakkur-lake-jk-2,JK-2,Jakkur Lake,Wetland Outlet point,2016-02-11,13.09235,77.607283,conductivity,1435,,false,,uS/cm,,1435,jakkur-2015
jakkur-2015,jakkur-lake-jk-2,JK-2,Jakkur Lake,Wetland Outlet point,2016-02-11,13.09235,77.607283,orp,-40,,false,,mV,,-40,jakkur-2015
jakkur-2015,jakkur-lake-jk-2,JK-2,Jakkur Lake,Wetland Outlet point,2016-02-11,13.09235,77.607283,dissolvedOxygen,0.60,,false,,mg/L,,0.60,jakkur-2015
jakkur-2015,jakkur-lake-jk-2,JK-2,Jakkur Lake,Wetland Outlet point,2016-02-11,13.09235,77.607283,nitrate,3.52,,false,,mg/L,,3.52,jakkur-2015
jakkur-2015,jakkur-lake-jk-2,JK-2,Jakkur Lake,Wetland Outlet point,2016-02-11,13.09235,77.607283,totalAlkalinity,404,,false,,mg/L,,404,jakkur-2015
jakkur-2015,jakkur-lake-jk-2,JK-2,Jakkur Lake,Wetland Outlet point,2016-02-11,13.09235,77.607283,fecalColiform,400,,false,,MPN/100mL,,4.0E+02,jakkur-2015
jakkur-2015,jakkur-lake-jk-2,JK-2,Jakkur Lake,Wetland Outlet point,2016-02-11,13.09235,77.607283,tss,40,,false,,mg/L,,40,jakkur-2015
jakkur-2015,jakkur-lake-jk-2,JK-2,Jakkur Lake,Wetland Outlet point,2016-02-11,13.09235,77.607283,bod,12.4,,false,,mg/L,,12.4,jakkur-2015
jakkur-2015,jakkur-lake-jk-2,JK-2,Jakkur Lake,Wetland Outlet point,2016-02-11,13.09235,77.607283,dissolvedBod,2.4,,false,,mg/L,,2.4,jakkur-2015
jakkur-2015,jakkur-lake-jk-2,JK-2,Jakkur Lake,Wetland Outlet point,2016-02-11,13.09235,77.607283,cod,75.0,,false,,mg/L,,75.0,jakkur-2015
jakkur-2015,jakkur-lake-jk-2,JK-2,Jakkur Lake,Wetland Outlet point,2016-02-11,13.09235,77.607283,dissolvedCod,35.0,,false,,mg/L,,35.0,jakkur-2015
jakkur-2015,jakkur-lake-jk-2,JK-2,Jakkur Lake,Wetland Outlet point,2016-02-11,13.09235,77.607283,phosphate,3.4,,false,,mg/L,,3.4,jakkur-2015
jakkur-2015,jakkur-lake-jk-2,JK-2,Jakkur Lake,Wetland Outlet point,2016-02-11,13.09235,77.607283,ammoniacalNitrogen,13,,false,,mg/L as N,,13,jakkur-2015
jakkur-2015,jakkur-lake-jk-3,JK-3,Jakkur Lake,Jakkur lake STP outlet point,2016-02-11,13.094333,77.607667,temperature,24.2,,false,,degC,,24.2,jakkur-2015
jakkur-2015,jakkur-lake-jk-3,JK-3,Jakkur Lake,Jakkur lake STP outlet point,2016-02-11,13.094333,77.607667,colour,,,false,,Hazen,,30-40,jakkur-2015
jakkur-2015,jakkur-lake-jk-3,JK-3,Jakkur Lake,Jakkur lake STP outlet point,2016-02-11,13.094333,77.607667,turbidity,33.3,,false,,NTU,,33.3,jakkur-2015
jakkur-2015,jakkur-lake-jk-3,JK-3,Jakkur Lake,Jakkur lake STP outlet point,2016-02-11,13.094333,77.607667,ph,7.84,,false,,,,7.84,jakkur-2015
jakkur-2015,jakkur-lake-jk-3,JK-3,Jakkur Lake,Jakkur lake STP outlet point,2016-02-11,13.094333,77.607667,conductivity,1379,,false,,uS/cm,,1379,jakkur-2015
jakkur-2015,jakkur-lake-jk-3,JK-3,Jakkur Lake,Jakkur lake STP outlet point,2016-02-11,13.094333,77.607667,orp,-61,,false,,mV,,-61,jakkur-2015
jakkur-2015,jakkur-lake-jk-3,JK-3,Jakkur Lake,Jakkur lake STP outlet point,2016-02-11,13.094333,77.607667,dissolvedOxygen,3.40,,false,,mg/L,,3.40,jakkur-2015
jakkur-2015,jakkur-lake-jk-3,JK-3,Jakkur Lake,Jakkur lake STP outlet point,2016-02-11,13.094333,77.607667,nitrate,3.96,,false,,mg/L,,3.96,jakkur-2015
jakkur-2015,jakkur-lake-jk-3,JK-3,Jakkur Lake,Jakkur lake STP outlet point,2016-02-11,13.094333,77.607667,totalAlkalinity,412,,false,,mg/L,,412,jakkur-2015
jakkur-2015,jakkur-lake-jk-3,JK-3,Jakkur Lake,Jakkur lake STP outlet point,2016-02-11,13.094333,77.607667,fecalColiform,17000,,false,,MPN/100mL,,1.7E+04,jakkur-2015
jakkur-2015,jakkur-lake-jk-3,JK-3,Jakkur Lake,Jakkur lake STP outlet point,2016-02-11,13.094333,77.607667,tss,80,,false,,mg/L,,80,jakkur-2015
jakkur-2015,jakkur-lake-jk-3,JK-3,Jakkur Lake,Jakkur lake STP outlet point,2016-02-11,13.094333,77.607667,bod,32.0,,false,,mg/L,,32.0,jakkur-2015
jakkur-2015,jakkur-lake-jk-3,JK-3,Jakkur Lake,Jakkur lake STP outlet point,2016-02-11,13.094333,77.607667,dissolvedBod,14.0,,false,,mg/L,,14.0,jakkur-2015
jakkur-2015,jakkur-lake-jk-3,JK-3,Jakkur Lake,Jakkur lake STP outlet point,2016-02-11,13.094333,77.607667,cod,55.0,,false,,mg/L,,55.0,jakkur-2015
jakkur-2015,jakkur-lake-jk-3,JK-3,Jakkur Lake,Jakkur lake STP outlet point,2016-02-11,13.094333,77.607667,dissolvedCod,45.0,,false,,mg/L,,45.0,jakkur-2015
jakkur-2015,jakkur-lake-jk-3,JK-3,Jakkur Lake,Jakkur lake STP outlet point,2016-02-11,13.094333,77.607667,phosphate,3.5,,false,,mg/L,,3.5,jakkur-2015
jakkur-2015,jakkur-lake-jk-3,JK-3,Jakkur Lake,Jakkur lake STP outlet point,2016-02-11,13.094333,77.607667,ammoniacalNitrogen,12,,false,,mg/L as N,,12,jakkur-2015
jakkur-2015,jakkur-lake-jk-4,JK-4,Jakkur Lake,Raw sewage point,2016-02-11,13.094333,77.607667,temperature,24.9,,false,,degC,,24.9,jakkur-2015
jakkur-2015,jakkur-lake-jk-4,JK-4,Jakkur Lake,Raw sewage point,2016-02-11,13.094333,77.607667,colour,,,false,,Hazen,,50-60,jakkur-2015
jakkur-2015,jakkur-lake-jk-4,JK-4,Jakkur Lake,Raw sewage point,2016-02-11,13.094333,77.607667,turbidity,80.4,,false,,NTU,,80.4,jakkur-2015
jakkur-2015,jakkur-lake-jk-4,JK-4,Jakkur Lake,Raw sewage point,2016-02-11,13.094333,77.607667,ph,7.24,,false,,,,7.24,jakkur-2015
jakkur-2015,jakkur-lake-jk-4,JK-4,Jakkur Lake,Raw sewage point,2016-02-11,13.094333,77.607667,conductivity,1562,,false,,uS/cm,,1562,jakkur-2015
jakkur-2015,jakkur-lake-jk-4,JK-4,Jakkur Lake,Raw sewage point,2016-02-11,13.094333,77.607667,orp,-26,,false,,mV,,-26,jakkur-2015
jakkur-2015,jakkur-lake-jk-4,JK-4,Jakkur Lake,Raw sewage point,2016-02-11,13.094333,77.607667,dissolvedOxygen,0,,false,,mg/L,,0,jakkur-2015
jakkur-2015,jakkur-lake-jk-4,JK-4,Jakkur Lake,Raw sewage point,2016-02-11,13.094333,77.607667,nitrate,9.24,,false,,mg/L,,9.24,jakkur-2015
jakkur-2015,jakkur-lake-jk-4,JK-4,Jakkur Lake,Raw sewage point,2016-02-11,13.094333,77.607667,totalAlkalinity,560,,false,,mg/L,,560,jakkur-2015
jakkur-2015,jakkur-lake-jk-4,JK-4,Jakkur Lake,Raw sewage point,2016-02-11,13.094333,77.607667,fecalColiform,240000,,false,,MPN/100mL,,2.4E+05,jakkur-2015
jakkur-2015,jakkur-lake-jk-4,JK-4,Jakkur Lake,Raw sewage point,2016-02-11,13.094333,77.607667,tss,300,,false,,mg/L,,300,jakkur-2015
jakkur-2015,jakkur-lake-jk-4,JK-4,Jakkur Lake,Raw sewage point,2016-02-11,13.094333,77.607667,bod,130.0,,false,,mg/L,,130.0,jakkur-2015
jakkur-2015,jakkur-lake-jk-4,JK-4,Jakkur Lake,Raw sewage point,2016-02-11,13.094333,77.607667,dissolvedBod,21.0,,false,,mg/L,,21.0,jakkur-2015
jakkur-2015,jakkur-lake-jk-4,JK-4,Jakkur Lake,Raw sewage point,2016-02-11,13.094333,77.607667,cod,185.0,,false,,mg/L,,185.0,jakkur-2015
jakkur-2015,jakkur-lake-jk-4,JK-4,Jakkur Lake,Raw sewage point,2016-02-11,13.094333,77.607667,dissolvedCod,95.0,,false,,mg/L,,95.0,jakkur-2015
jakkur-2015,jakkur-lake-jk-4,JK-4,Jakkur Lake,Raw sewage point,2016-02-11,13.094333,77.607667,phosphate,3.7,,false,,mg/L,,3.7,jakkur-2015
jakkur-2015,jakkur-lake-jk-4,JK-4,Jakkur Lake,Raw sewage point,2016-02-11,13.094333,77.607667,ammoniacalNitrogen,14,,false,,mg/L as N,,14,jakkur-2015
jakkur-2015,jakkur-lake-jk-6,JK-6,Jakkur Lake,Jakkur lake outlet point I,2016-02-11,13.0802,77.614667,temperature,26.0,,false,,degC,,26.0,jakkur-2015
jakkur-2015,jakkur-lake-jk-6,JK-6,Jakkur Lake,Jakkur lake outlet point I,2016-02-11,13.0802,77.614667,colour,,,false,,Hazen,,30-40,jakkur-2015
jakkur-2015,jakkur-lake-jk-6,JK-6,Jakkur Lake,Jakkur lake outlet point I,2016-02-11,13.0802,77.614667,turbidity,75,,false,,NTU,,75,jakkur-2015
jakkur-2015,jakkur-lake-jk-6,JK-6,Jakkur Lake,Jakkur lake outlet point I,2016-02-11,13.0802,77.614667,ph,8.60,,false,,,,8.60,jakkur-2015
jakkur-2015,jakkur-lake-jk-6,JK-6,Jakkur Lake,Jakkur lake outlet point I,2016-02-11,13.0802,77.614667,conductivity,1118,,false,,uS/cm,,1118,jakkur-2015
jakkur-2015,jakkur-lake-jk-6,JK-6,Jakkur Lake,Jakkur lake outlet point I,2016-02-11,13.0802,77.614667,orp,-98,,false,,mV,,-98,jakkur-2015
jakkur-2015,jakkur-lake-jk-6,JK-6,Jakkur Lake,Jakkur lake outlet point I,2016-02-11,13.0802,77.614667,dissolvedOxygen,10.40,,false,,mg/L,,10.40,jakkur-2015
jakkur-2015,jakkur-lake-jk-6,JK-6,Jakkur Lake,Jakkur lake outlet point I,2016-02-11,13.0802,77.614667,nitrate,13.64,,false,,mg/L,,13.64,jakkur-2015
jakkur-2015,jakkur-lake-jk-6,JK-6,Jakkur Lake,Jakkur lake outlet point I,2016-02-11,13.0802,77.614667,totalAlkalinity,280,,false,,mg/L,,280,jakkur-2015
jakkur-2015,jakkur-lake-jk-6,JK-6,Jakkur Lake,Jakkur lake outlet point I,2016-02-11,13.0802,77.614667,fecalColiform,610,,false,,MPN/100mL,,6.1E+02,jakkur-2015
jakkur-2015,jakkur-lake-jk-6,JK-6,Jakkur Lake,Jakkur lake outlet point I,2016-02-11,13.0802,77.614667,tss,70,,false,,mg/L,,70,jakkur-2015
jakkur-2015,jakkur-lake-jk-6,JK-6,Jakkur Lake,Jakkur lake outlet point I,2016-02-11,13.0802,77.614667,bod,25.0,,false,,mg/L,,25.0,jakkur-2015
jakkur-2015,jakkur-lake-jk-6,JK-6,Jakkur Lake,Jakkur lake outlet point I,2016-02-11,13.0802,77.614667,dissolvedBod,1.2,,false,,mg/L,,1.2,jakkur-2015
jakkur-2015,jakkur-lake-jk-6,JK-6,Jakkur Lake,Jakkur lake outlet point I,2016-02-11,13.0802,77.614667,cod,95.0,,false,,mg/L,,95.0,jakkur-2015
jakkur-2015,jakkur-lake-jk-6,JK-6,Jakkur Lake,Jakkur lake outlet point I,2016-02-11,13.0802,77.614667,dissolvedCod,75.0,,false,,mg/L,,75.0,jakkur-2015
jakkur-2015,jakkur-lake-jk-6,JK-6,Jakkur Lake,Jakkur lake outlet point I,2016-02-11,13.0802,77.614667,phosphate,1.3,,false,,mg/L,,1.3,jakkur-2015
jakkur-2015,jakkur-lake-jk-6,JK-6,Jakkur Lake,Jakkur lake outlet point I,2016-02-11,13.0802,77.614667,ammoniacalNitrogen,1,,false,,mg/L as N,,1,jakkur-2015
jakkur-2015,jakkur-lake-jk-7,JK-7,Jakkur Lake,Jakkur lake outlet point II,2016-02-11,,,temperature,26.2,,false,,degC,,26.2,jakkur-2015
jakkur-2015,jakkur-lake-jk-7,JK-7,Jakkur Lake,Jakkur lake outlet point II,2016-02-11,,,colour,,,false,,Hazen,,30-40,jakkur-2015
jakkur-2015,jakkur-lake-jk-7,JK-7,Jakkur Lake,Jakkur lake outlet point II,2016-02-11,,,turbidity,52.6,,false,,NTU,,52.6,jakkur-2015
jakkur-2015,jakkur-lake-jk-7,JK-7,Jakkur Lake,Jakkur lake outlet point II,2016-02-11,,,ph,8.28,,false,,,,8.28,jakkur-2015
jakkur-2015,jakkur-lake-jk-7,JK-7,Jakkur Lake,Jakkur lake outlet point II,2016-02-11,,,conductivity,1122,,false,,uS/cm,,1122,jakkur-2015
jakkur-2015,jakkur-lake-jk-7,JK-7,Jakkur Lake,Jakkur lake outlet point II,2016-02-11,,,orp,-87,,false,,mV,,-87,jakkur-2015
jakkur-2015,jakkur-lake-jk-7,JK-7,Jakkur Lake,Jakkur lake outlet point II,2016-02-11,,,dissolvedOxygen,6.20,,false,,mg/L,,6.20,jakkur-2015
jakkur-2015,jakkur-lake-jk-7,JK-7,Jakkur Lake,Jakkur lake outlet point II,2016-02-11,,,nitrate,13.20,,false,,mg/L,,13.20,jakkur-2015
jakkur-2015,jakkur-lake-jk-7,JK-7,Jakkur Lake,Jakkur lake outlet point II,2016-02-11,,,totalAlkalinity,292,,false,,mg/L,,292,jakkur-2015
jakkur-2015,jakkur-lake-jk-7,JK-7,Jakkur Lake,Jakkur lake outlet point II,2016-02-11,,,fecalColiform,610,,false,,MPN/100mL,,6.1E+02,jakkur-2015
jakkur-2015,jakkur-lake-jk-7,JK-7,Jakkur Lake,Jakkur lake outlet point II,2016-02-11,,,tss,60,,false,,mg/L,,60,jakkur-2015
jakkur-2015,jakkur-lake-jk-7,JK-7,Jakkur Lake,Jakkur lake outlet point II,2016-02-11,,,bod,20.0,,false,,mg/L,,20.0,jakkur-2015
jakkur-2015,jakkur-lake-jk-7,JK-7,Jakkur Lake,Jakkur lake outlet point II,2016-02-11,,,dissolvedBod,2.0,,false,,mg/L,,2.0,jakkur-2015
jakkur-2015,jakkur-lake-jk-7,JK-7,Jakkur Lake,Jakkur lake outlet point II,2016-02-11,,,cod,85.0,,false,,mg/L,,85.0,jakkur-2015
jakkur-2015,jakkur-lake-jk-7,JK-7,Jakkur Lake,Jakkur lake outlet point II,2016-02-11,,,dissolvedCod,55.0,,false,,mg/L,,55.0,jakkur-2015
jakkur-2015,jakkur-lake-jk-7,JK-7,Jakkur Lake,Jakkur lake outlet point II,2016-02-11,,,phosphate,1.2,,false,,mg/L,,1.2,jakkur-2015
jakkur-2015,jakkur-lake-jk-7,JK-7,Jakkur Lake,Jakkur lake outlet point II,2016-02-11,,,ammoniacalNitrogen,1,,false,,mg/L as N,,1,jakkur-2015
jakkur-2015,jakkur-lake-jk-8,JK-8,Jakkur Lake,Main gate inlet chamber,2016-02-11,13.083533,77.6096,temperature,25.1,,false,,degC,,25.1,jakkur-2015
jakkur-2015,jakkur-lake-jk-8,JK-8,Jakkur Lake,Main gate inlet chamber,2016-02-11,13.083533,77.6096,colour,,,false,,Hazen,,40-50,jakkur-2015
jakkur-2015,jakkur-lake-jk-8,JK-8,Jakkur Lake,Main gate inlet chamber,2016-02-11,13.083533,77.6096,turbidity,50,,false,,NTU,,50,jakkur-2015
jakkur-2015,jakkur-lake-jk-8,JK-8,Jakkur Lake,Main gate inlet chamber,2016-02-11,13.083533,77.6096,ph,7.21,,false,,,,7.21,jakkur-2015
jakkur-2015,jakkur-lake-jk-8,JK-8,Jakkur Lake,Main gate inlet chamber,2016-02-11,13.083533,77.6096,conductivity,1298,,false,,uS/cm,,1298,jakkur-2015
jakkur-2015,jakkur-lake-jk-8,JK-8,Jakkur Lake,Main gate inlet chamber,2016-02-11,13.083533,77.6096,orp,-24,,false,,mV,,-24,jakkur-2015
jakkur-2015,jakkur-lake-jk-8,JK-8,Jakkur Lake,Main gate inlet chamber,2016-02-11,13.083533,77.6096,dissolvedOxygen,3.00,,false,,mg/L,,3.00,jakkur-2015
jakkur-2015,jakkur-lake-jk-8,JK-8,Jakkur Lake,Main gate inlet chamber,2016-02-11,13.083533,77.6096,nitrate,2.20,,false,,mg/L,,2.20,jakkur-2015
jakkur-2015,jakkur-lake-jk-8,JK-8,Jakkur Lake,Main gate inlet chamber,2016-02-11,13.083533,77.6096,totalAlkalinity,324,,false,,mg/L,,324,jakkur-2015
jakkur-2015,jakkur-lake-jk-8,JK-8,Jakkur Lake,Main gate inlet chamber,2016-02-11,13.083533,77.6096,fecalColiform,1200,,false,,MPN/100mL,,1.2E+03,jakkur-2015
jakkur-2015,jakkur-lake-jk-8,JK-8,Jakkur Lake,Main gate inlet chamber,2016-02-11,13.083533,77.6096,tss,40,,false,,mg/L,,40,jakkur-2015
jakkur-2015,jakkur-lake-jk-8,JK-8,Jakkur Lake,Main gate inlet chamber,2016-02-11,13.083533,77.6096,bod,8.8,,false,,mg/L,,8.8,jakkur-2015
jakkur-2015,jakkur-lake-jk-8,JK-8,Jakkur Lake,Main gate inlet chamber,2016-02-11,13.083533,77.6096,dissolvedBod,2.2,,false,,mg/L,,2.2,jakkur-2015
jakkur-2015,jakkur-lake-jk-8,JK-8,Jakkur Lake,Main gate inlet chamber,2016-02-11,13.083533,77.6096,cod,65.0,,false,,mg/L,,65.0,jakkur-2015
jakkur-2015,jakkur-lake-jk-8,JK-8,Jakkur Lake,Main gate inlet chamber,2016-02-11,13.083533,77.6096,dissolvedCod,45.0,,false,,mg/L,,45.0,jakkur-2015
jakkur-2015,jakkur-lake-jk-8,JK-8,Jakkur Lake,Main gate inlet chamber,2016-02-11,13.083533,77.6096,phosphate,0.4,,false,,mg/L,,0.4,jakkur-2015
jakkur-2015,jakkur-lake-jk-8,JK-8,Jakkur Lake,Main gate inlet chamber,2016-02-11,13.083533,77.6096,ammoniacalNitrogen,1,,false,,mg/L as N,,1,jakkur-2015
jakkur-2015,jakkur-lake-jk-1,JK-1,Jakkur Lake,Main gate water Runoff point,2016-02-18,13.083533,77.6096,temperature,26.7,,false,,degC,,26.7,jakkur-2015
jakkur-2015,jakkur-lake-jk-1,JK-1,Jakkur Lake,Main gate water Runoff point,2016-02-18,13.083533,77.6096,colour,,,false,,Hazen,,50-60,jakkur-2015
jakkur-2015,jakkur-lake-jk-1,JK-1,Jakkur Lake,Main gate water Runoff point,2016-02-18,13.083533,77.6096,turbidity,65.9,,false,,NTU,,65.9,jakkur-2015
jakkur-2015,jakkur-lake-jk-1,JK-1,Jakkur Lake,Main gate water Runoff point,2016-02-18,13.083533,77.6096,ph,8.40,,false,,,,8.40,jakkur-2015
jakkur-2015,jakkur-lake-jk-1,JK-1,Jakkur Lake,Main gate water Runoff point,2016-02-18,13.083533,77.6096,conductivity,1120,,false,,uS/cm,,1120,jakkur-2015
jakkur-2015,jakkur-lake-jk-1,JK-1,Jakkur Lake,Main gate water Runoff point,2016-02-18,13.083533,77.6096,orp,-94,,false,,mV,,-94,jakkur-2015
jakkur-2015,jakkur-lake-jk-1,JK-1,Jakkur Lake,Main gate water Runoff point,2016-02-18,13.083533,77.6096,dissolvedOxygen,8.80,,false,,mg/L,,8.80,jakkur-2015
jakkur-2015,jakkur-lake-jk-1,JK-1,Jakkur Lake,Main gate water Runoff point,2016-02-18,13.083533,77.6096,nitrate,13.2,,false,,mg/L,,13.2,jakkur-2015
jakkur-2015,jakkur-lake-jk-1,JK-1,Jakkur Lake,Main gate water Runoff point,2016-02-18,13.083533,77.6096,totalAlkalinity,280,,false,,mg/L,,280,jakkur-2015
jakkur-2015,jakkur-lake-jk-1,JK-1,Jakkur Lake,Main gate water Runoff point,2016-02-18,13.083533,77.6096,fecalColiform,400,,false,,MPN/100mL,,4.0E+02,jakkur-2015
jakkur-2015,jakkur-lake-jk-1,JK-1,Jakkur Lake,Main gate water Runoff point,2016-02-18,13.083533,77.6096,tss,80,,false,,mg/L,,80,jakkur-2015
jakkur-2015,jakkur-lake-jk-1,JK-1,Jakkur Lake,Main gate water Runoff point,2016-02-18,13.083533,77.6096,bod,68.0,,false,,mg/L,,68.0,jakkur-2015
jakkur-2015,jakkur-lake-jk-1,JK-1,Jakkur Lake,Main gate water Runoff point,2016-02-18,13.083533,77.6096,dissolvedBod,8.0,,false,,mg/L,,8.0,jakkur-2015
jakkur-2015,jakkur-lake-jk-1,JK-1,Jakkur Lake,Main gate water Runoff point,2016-02-18,13.083533,77.6096,cod,170.0,,false,,mg/L,,170.0,jakkur-2015
jakkur-2015,jakkur-lake-jk-1,JK-1,Jakkur Lake,Main gate water Runoff point,2016-02-18,13.083533,77.6096,dissolvedCod,70.0,,false,,mg/L,,70.0,jakkur-2015
jakkur-2015,jakkur-lake-jk-1,JK-1,Jakkur Lake,Main gate water Runoff point,2016-02-18,13.083533,77.6096,phosphate,1.0,,false,,mg/L,,1.0,jakkur-2015
jakkur-2015,jakkur-lake-jk-1,JK-1,Jakkur Lake,Main gate water Runoff point,2016-02-18,13.083533,77.6096,ammoniacalNitrogen,3,,false,,mg/L as N,,3,jakkur-2015
jakkur-2015,jakkur-lake-jk-2,JK-2,Jakkur Lake,Wetland Outlet point,2016-02-18,13.09235,77.607283,temperature,25.7,,false,,degC,,25.7,jakkur-2015
jakkur-2015,jakkur-lake-jk-2,JK-2,Jakkur Lake,Wetland Outlet point,2016-02-18,13.09235,77.607283,colour,90,,false,,Hazen,,90,jakkur-2015
jakkur-2015,jakkur-lake-jk-2,JK-2,Jakkur Lake,Wetland Outlet point,2016-02-18,13.09235,77.607283,turbidity,13.5,,false,,NTU,,13.5,jakkur-2015
jakkur-2015,jakkur-lake-jk-2,JK-2,Jakkur Lake,Wetland Outlet point,2016-02-18,13.09235,77.607283,ph,7.33,,false,,,,7.33,jakkur-2015
jakkur-2015,jakkur-lake-jk-2,JK-2,Jakkur Lake,Wetland Outlet point,2016-02-18,13.09235,77.607283,conductivity,1386,,false,,uS/cm,,1386,jakkur-2015
jakkur-2015,jakkur-lake-jk-2,JK-2,Jakkur Lake,Wetland Outlet point,2016-02-18,13.09235,77.607283,orp,-34,,false,,mV,,-34,jakkur-2015
jakkur-2015,jakkur-lake-jk-2,JK-2,Jakkur Lake,Wetland Outlet point,2016-02-18,13.09235,77.607283,dissolvedOxygen,0.80,,false,,mg/L,,0.80,jakkur-2015
jakkur-2015,jakkur-lake-jk-2,JK-2,Jakkur Lake,Wetland Outlet point,2016-02-18,13.09235,77.607283,nitrate,3.08,,false,,mg/L,,3.08,jakkur-2015
jakkur-2015,jakkur-lake-jk-2,JK-2,Jakkur Lake,Wetland Outlet point,2016-02-18,13.09235,77.607283,totalAlkalinity,412,,false,,mg/L,,412,jakkur-2015
jakkur-2015,jakkur-lake-jk-2,JK-2,Jakkur Lake,Wetland Outlet point,2016-02-18,13.09235,77.607283,fecalColiform,610,,false,,MPN/100mL,,6.1E+02,jakkur-2015
jakkur-2015,jakkur-lake-jk-2,JK-2,Jakkur Lake,Wetland Outlet point,2016-02-18,13.09235,77.607283,tss,10,,false,,mg/L,,10,jakkur-2015
jakkur-2015,jakkur-lake-jk-2,JK-2,Jakkur Lake,Wetland Outlet point,2016-02-18,13.09235,77.607283,bod,28.0,,false,,mg/L,,28.0,jakkur-2015
jakkur-2015,jakkur-lake-jk-2,JK-2,Jakkur Lake,Wetland Outlet point,2016-02-18,13.09235,77.607283,dissolvedBod,8.4,,false,,mg/L,,8.4,jakkur-2015
jakkur-2015,jakkur-lake-jk-2,JK-2,Jakkur Lake,Wetland Outlet point,2016-02-18,13.09235,77.607283,cod,30.0,,false,,mg/L,,30.0,jakkur-2015
jakkur-2015,jakkur-lake-jk-2,JK-2,Jakkur Lake,Wetland Outlet point,2016-02-18,13.09235,77.607283,dissolvedCod,10.0,,false,,mg/L,,10.0,jakkur-2015
jakkur-2015,jakkur-lake-jk-2,JK-2,Jakkur Lake,Wetland Outlet point,2016-02-18,13.09235,77.607283,phosphate,1.3,,false,,mg/L,,1.3,jakkur-2015
jakkur-2015,jakkur-lake-jk-2,JK-2,Jakkur Lake,Wetland Outlet point,2016-02-18,13.09235,77.607283,ammoniacalNitrogen,11,,false,,mg/L as N,,11,jakkur-2015
jakkur-2015,jakkur-lake-jk-3,JK-3,Jakkur Lake,Jakkur lake STP outlet point,2016-02-18,13.094333,77.607667,temperature,25.3,,false,,degC,,25.3,jakkur-2015
jakkur-2015,jakkur-lake-jk-3,JK-3,Jakkur Lake,Jakkur lake STP outlet point,2016-02-18,13.094333,77.607667,colour,,,false,,Hazen,,50-60,jakkur-2015
jakkur-2015,jakkur-lake-jk-3,JK-3,Jakkur Lake,Jakkur lake STP outlet point,2016-02-18,13.094333,77.607667,turbidity,30.5,,false,,NTU,,30.5,jakkur-2015
jakkur-2015,jakkur-lake-jk-3,JK-3,Jakkur Lake,Jakkur lake STP outlet point,2016-02-18,13.094333,77.607667,ph,7.88,,false,,,,7.88,jakkur-2015
jakkur-2015,jakkur-lake-jk-3,JK-3,Jakkur Lake,Jakkur lake STP outlet point,2016-02-18,13.094333,77.607667,conductivity,1402,,false,,uS/cm,,1402,jakkur-2015
jakkur-2015,jakkur-lake-jk-3,JK-3,Jakkur Lake,Jakkur lake STP outlet point,2016-02-18,13.094333,77.607667,orp,-65,,false,,mV,,-65,jakkur-2015
jakkur-2015,jakkur-lake-jk-3,JK-3,Jakkur Lake,Jakkur lake STP outlet point,2016-02-18,13.094333,77.607667,dissolvedOxygen,3.30,,false,,mg/L,,3.30,jakkur-2015
jakkur-2015,jakkur-lake-jk-3,JK-3,Jakkur Lake,Jakkur lake STP outlet point,2016-02-18,13.094333,77.607667,nitrate,3.96,,false,,mg/L,,3.96,jakkur-2015
jakkur-2015,jakkur-lake-jk-3,JK-3,Jakkur Lake,Jakkur lake STP outlet point,2016-02-18,13.094333,77.607667,totalAlkalinity,412,,false,,mg/L,,412,jakkur-2015
jakkur-2015,jakkur-lake-jk-3,JK-3,Jakkur Lake,Jakkur lake STP outlet point,2016-02-18,13.094333,77.607667,fecalColiform,14000,,false,,MPN/100mL,,1.4E+04,jakkur-2015
jakkur-2015,jakkur-lake-jk-3,JK-3,Jakkur Lake,Jakkur lake STP outlet point,2016-02-18,13.094333,77.607667,tss,30,,false,,mg/L,,30,jakkur-2015
jakkur-2015,jakkur-lake-jk-3,JK-3,Jakkur Lake,Jakkur lake STP outlet point,2016-02-18,13.094333,77.607667,bod,54.0,,false,,mg/L,,54.0,jakkur-2015
jakkur-2015,jakkur-lake-jk-3,JK-3,Jakkur Lake,Jakkur lake STP outlet point,2016-02-18,13.094333,77.607667,dissolvedBod,7.2,,false,,mg/L,,7.2,jakkur-2015
jakkur-2015,jakkur-lake-jk-3,JK-3,Jakkur Lake,Jakkur lake STP outlet point,2016-02-18,13.094333,77.607667,cod,70.0,,false,,mg/L,,70.0,jakkur-2015
jakkur-2015,jakkur-lake-jk-3,JK-3,Jakkur Lake,Jakkur lake STP outlet point,2016-02-18,13.094333,77.607667,dissolvedCod,10.0,,false,,mg/L,,10.0,jakkur-2015
jakkur-2015,jakkur-lake-jk-3,JK-3,Jakkur Lake,Jakkur lake STP outlet point,2016-02-18,13.094333,77.607667,phosphate,3.6,,false,,mg/L,,3.6,jakkur-2015
jakkur-2015,jakkur-lake-jk-3,JK-3,Jakkur Lake,Jakkur lake STP outlet point,2016-02-18,13.094333,77.607667,ammoniacalNitrogen,10,,false,,mg/L as N,,10,jakkur-2015
jakkur-2015,jakkur-lake-jk-4,JK-4,Jakkur Lake,Raw sewage point,2016-02-18,13.094333,77.607667,temperature,25.8,,false,,degC,,25.8,jakkur-2015
jakkur-2015,jakkur-lake-jk-4,JK-4,Jakkur Lake,Raw sewage point,2016-02-18,13.094333,77.607667,colour,100,,false,,Hazen,,100,jakkur-2015
jakkur-2015,jakkur-lake-jk-4,JK-4,Jakkur Lake,Raw sewage point,2016-02-18,13.094333,77.607667,turbidity,85.4,,false,,NTU,,85.4,jakkur-2015
jakkur-2015,jakkur-lake-jk-4,JK-4,Jakkur Lake,Raw sewage point,2016-02-18,13.094333,77.607667,ph,7.49,,false,,,,7.49,jakkur-2015
jakkur-2015,jakkur-lake-jk-4,JK-4,Jakkur Lake,Raw sewage point,2016-02-18,13.094333,77.607667,conductivity,1815,,false,,uS/cm,,1815,jakkur-2015
jakkur-2015,jakkur-lake-jk-4,JK-4,Jakkur Lake,Raw sewage point,2016-02-18,13.094333,77.607667,orp,-42,,false,,mV,,-42,jakkur-2015
jakkur-2015,jakkur-lake-jk-4,JK-4,Jakkur Lake,Raw sewage point,2016-02-18,13.094333,77.607667,dissolvedOxygen,0.00,,false,,mg/L,,0.00,jakkur-2015
jakkur-2015,jakkur-lake-jk-4,JK-4,Jakkur Lake,Raw sewage point,2016-02-18,13.094333,77.607667,nitrate,10.12,,false,,mg/L,,10.12,jakkur-2015
jakkur-2015,jakkur-lake-jk-4,JK-4,Jakkur Lake,Raw sewage point,2016-02-18,13.094333,77.607667,totalAlkalinity,532,,false,,mg/L,,532,jakkur-2015
jakkur-2015,jakkur-lake-jk-4,JK-4,Jakkur Lake,Raw sewage point,2016-02-18,13.094333,77.607667,fecalColiform,140000,,false,,MPN/100mL,,1.4E+05,jakkur-2015
jakkur-2015,jakkur-lake-jk-4,JK-4,Jakkur Lake,Raw sewage point,2016-02-18,13.094333,77.607667,tss,100,,false,,mg/L,,100,jakkur-2015
jakkur-2015,jakkur-lake-jk-4,JK-4,Jakkur Lake,Raw sewage point,2016-02-18,13.094333,77.607667,bod,120.0,,false,,mg/L,,120.0,jakkur-2015
jakkur-2015,jakkur-lake-jk-4,JK-4,Jakkur Lake,Raw sewage point,2016-02-18,13.094333,77.607667,dissolvedBod,52.0,,false,,mg/L,,52.0,jakkur-2015
jakkur-2015,jakkur-lake-jk-4,JK-4,Jakkur Lake,Raw sewage point,2016-02-18,13.094333,77.607667,cod,140.0,,false,,mg/L,,140.0,jakkur-2015
jakkur-2015,jakkur-lake-jk-4,JK-4,Jakkur Lake,Raw sewage point,2016-02-18,13.094333,77.607667,dissolvedCod,70.0,,false,,mg/L,,70.0,jakkur-2015
jakkur-2015,jakkur-lake-jk-4,JK-4,Jakkur Lake,Raw sewage point,2016-02-18,13.094333,77.607667,phosphate,1.3,,false,,mg/L,,1.3,jakkur-2015
jakkur-2015,jakkur-lake-jk-4,JK-4,Jakkur Lake,Raw sewage point,2016-02-18,13.094333,77.607667,ammoniacalNitrogen,14,,false,,mg/L as N,,14,jakkur-2015
jakkur-2015,jakkur-lake-jk-5,JK-5,Jakkur Lake,Jakkur lake-Lake sample point,2016-02-18,13.08675,77.611283,temperature,25.8,,false,,degC,,25.8,jakkur-2015
jakkur-2015,jakkur-lake-jk-5,JK-5,Jakkur Lake,Jakkur lake-Lake sample point,2016-02-18,13.08675,77.611283,colour,,,false,,Hazen,,50-60,jakkur-2015
jakkur-2015,jakkur-lake-jk-5,JK-5,Jakkur Lake,Jakkur lake-Lake sample point,2016-02-18,13.08675,77.611283,turbidity,60.3,,false,,NTU,,60.3,jakkur-2015
jakkur-2015,jakkur-lake-jk-5,JK-5,Jakkur Lake,Jakkur lake-Lake sample point,2016-02-18,13.08675,77.611283,ph,8.68,,false,,,,8.68,jakkur-2015
jakkur-2015,jakkur-lake-jk-5,JK-5,Jakkur Lake,Jakkur lake-Lake sample point,2016-02-18,13.08675,77.611283,conductivity,1140,,false,,uS/cm,,1140,jakkur-2015
jakkur-2015,jakkur-lake-jk-5,JK-5,Jakkur Lake,Jakkur lake-Lake sample point,2016-02-18,13.08675,77.611283,orp,-111,,false,,mV,,-111,jakkur-2015
jakkur-2015,jakkur-lake-jk-5,JK-5,Jakkur Lake,Jakkur lake-Lake sample point,2016-02-18,13.08675,77.611283,dissolvedOxygen,13.00,,false,,mg/L,,13.00,jakkur-2015
jakkur-2015,jakkur-lake-jk-5,JK-5,Jakkur Lake,Jakkur lake-Lake sample point,2016-02-18,13.08675,77.611283,nitrate,13.20,,false,,mg/L,,13.20,jakkur-2015
jakkur-2015,jakkur-lake-jk-5,JK-5,Jakkur Lake,Jakkur lake-Lake sample point,2016-02-18,13.08675,77.611283,totalAlkalinity,264,,false,,mg/L,,264,jakkur-2015
jakkur-2015,jakkur-lake-jk-5,JK-5,Jakkur Lake,Jakkur lake-Lake sample point,2016-02-18,13.08675,77.611283,fecalColiform,200,,false,,MPN/100mL,,2.0E+02,jakkur-2015
jakkur-2015,jakkur-lake-jk-5,JK-5,Jakkur Lake,Jakkur lake-Lake sample point,2016-02-18,13.08675,77.611283,tss,60,,false,,mg/L,,60,jakkur-2015
jakkur-2015,jakkur-lake-jk-5,JK-5,Jakkur Lake,Jakkur lake-Lake sample point,2016-02-18,13.08675,77.611283,bod,72.0,,false,,mg/L,,72.0,jakkur-2015
jakkur-2015,jakkur-lake-jk-5,JK-5,Jakkur Lake,Jakkur lake-Lake sample point,2016-02-18,13.08675,77.611283,dissolvedBod,21.0,,false,,mg/L,,21.0,jakkur-2015
jakkur-2015,jakkur-lake-jk-5,JK-5,Jakkur Lake,Jakkur lake-Lake sample point,2016-02-18,13.08675,77.611283,cod,90.0,,false,,mg/L,,90.0,jakkur-2015
jakkur-2015,jakkur-lake-jk-5,JK-5,Jakkur Lake,Jakkur lake-Lake sample point,2016-02-18,13.08675,77.611283,dissolvedCod,30.0,,false,,mg/L,,30.0,jakkur-2015
jakkur-2015,jakkur-lake-jk-5,JK-5,Jakkur Lake,Jakkur lake-Lake sample point,2016-02-18,13.08675,77.611283,phosphate,1.1,,false,,mg/L,,1.1,jakkur-2015
jakkur-2015,jakkur-lake-jk-5,JK-5,Jakkur Lake,Jakkur lake-Lake sample point,2016-02-18,13.08675,77.611283,ammoniacalNitrogen,1,,false,,mg/L as N,,1,jakkur-2015
jakkur-2015,jakkur-lake-jk-6,JK-6,Jakkur Lake,Jakkur lake outlet point I,2016-02-18,13.0802,77.614667,temperature,25.9,,false,,degC,,25.9,jakkur-2015
jakkur-2015,jakkur-lake-jk-6,JK-6,Jakkur Lake,Jakkur lake outlet point I,2016-02-18,13.0802,77.614667,colour,,,false,,Hazen,,40-50,jakkur-2015
jakkur-2015,jakkur-lake-jk-6,JK-6,Jakkur Lake,Jakkur lake outlet point I,2016-02-18,13.0802,77.614667,turbidity,69.5,,false,,NTU,,69.5,jakkur-2015
jakkur-2015,jakkur-lake-jk-6,JK-6,Jakkur Lake,Jakkur lake outlet point I,2016-02-18,13.0802,77.614667,ph,8.78,,false,,,,8.78,jakkur-2015
jakkur-2015,jakkur-lake-jk-6,JK-6,Jakkur Lake,Jakkur lake outlet point I,2016-02-18,13.0802,77.614667,conductivity,1088,,false,,uS/cm,,1088,jakkur-2015
jakkur-2015,jakkur-lake-jk-6,JK-6,Jakkur Lake,Jakkur lake outlet point I,2016-02-18,13.0802,77.614667,orp,-117,,false,,mV,,-117,jakkur-2015
jakkur-2015,jakkur-lake-jk-6,JK-6,Jakkur Lake,Jakkur lake outlet point I,2016-02-18,13.0802,77.614667,dissolvedOxygen,11.90,,false,,mg/L,,11.90,jakkur-2015
jakkur-2015,jakkur-lake-jk-6,JK-6,Jakkur Lake,Jakkur lake outlet point I,2016-02-18,13.0802,77.614667,nitrate,13.64,,false,,mg/L,,13.64,jakkur-2015
jakkur-2015,jakkur-lake-jk-6,JK-6,Jakkur Lake,Jakkur lake outlet point I,2016-02-18,13.0802,77.614667,totalAlkalinity,280,,false,,mg/L,,280,jakkur-2015
jakkur-2015,jakkur-lake-jk-6,JK-6,Jakkur Lake,Jakkur lake outlet point I,2016-02-18,13.0802,77.614667,fecalColiform,820,,false,,MPN/100mL,,8.2E+02,jakkur-2015
jakkur-2015,jakkur-lake-jk-6,JK-6,Jakkur Lake,Jakkur lake outlet point I,2016-02-18,13.0802,77.614667,tss,70,,false,,mg/L,,70,jakkur-2015
jakkur-2015,jakkur-lake-jk-6,JK-6,Jakkur Lake,Jakkur lake outlet point I,2016-02-18,13.0802,77.614667,bod,68.0,,false,,mg/L,,68.0,jakkur-2015
jakkur-2015,jakkur-lake-jk-6,JK-6,Jakkur Lake,Jakkur lake outlet point I,2016-02-18,13.0802,77.614667,dissolvedBod,17.0,,false,,mg/L,,17.0,jakkur-2015
jakkur-2015,jakkur-lake-jk-6,JK-6,Jakkur Lake,Jakkur lake outlet point I,2016-02-18,13.0802,77.614667,cod,90.0,,false,,mg/L,,90.0,jakkur-2015
jakkur-2015,jakkur-lake-jk-6,JK-6,Jakkur Lake,Jakkur lake outlet point I,2016-02-18,13.0802,77.614667,dissolvedCod,40.0,,false,,mg/L,,40.0,jakkur-2015
jakkur-2015,jakkur-lake-jk-6,JK-6,Jakkur Lake,Jakkur lake outlet point I,2016-02-18,13.0802,77.614667,phosphate,1.0,,false,,mg/L,,1.0,jakkur-2015
jakkur-2015,jakkur-lake-jk-6,JK-6,Jakkur Lake,Jakkur lake outlet point I,2016-02-18,13.0802,77.614667,ammoniacalNitrogen,1,,false,,mg/L as N,,1,jakkur-2015
jakkur-2015,jakkur-lake-jk-7,JK-7,Jakkur Lake,Jakkur lake outlet point II,2016-02-18,,,temperature,26.9,,false,,degC,,26.9,jakkur-2015
jakkur-2015,jakkur-lake-jk-7,JK-7,Jakkur Lake,Jakkur lake outlet point II,2016-02-18,,,colour,,,false,,Hazen,,50-60,jakkur-2015
jakkur-2015,jakkur-lake-jk-7,JK-7,Jakkur Lake,Jakkur lake outlet point II,2016-02-18,,,turbidity,53.2,,false,,NTU,,53.2,jakkur-2015
jakkur-2015,jakkur-lake-jk-7,JK-7,Jakkur Lake,Jakkur lake outlet point II,2016-02-18,,,ph,8.45,,false,,,,8.45,jakkur-2015
jakkur-2015,jakkur-lake-jk-7,JK-7,Jakkur Lake,Jakkur lake outlet point II,2016-02-18,,,conductivity,1154,,false,,uS/cm,,1154,jakkur-2015
jakkur-2015,jakkur-lake-jk-7,JK-7,Jakkur Lake,Jakkur lake outlet point II,2016-02-18,,,orp,-98,,false,,mV,,-98,jakkur-2015
jakkur-2015,jakkur-lake-jk-7,JK-7,Jakkur Lake,Jakkur lake outlet point II,2016-02-18,,,dissolvedOxygen,4.30,,false,,mg/L,,4.30,jakkur-2015
jakkur-2015,jakkur-lake-jk-7,JK-7,Jakkur Lake,Jakkur lake outlet point II,2016-02-18,,,nitrate,12.76,,false,,mg/L,,12.76,jakkur-2015
jakkur-2015,jakkur-lake-jk-7,JK-7,Jakkur Lake,Jakkur lake outlet point II,2016-02-18,,,totalAlkalinity,308,,false,,mg/L,,308,jakkur-2015
jakkur-2015,jakkur-lake-jk-7,JK-7,Jakkur Lake,Jakkur lake outlet point II,2016-02-18,,,fecalColiform,830,,false,,MPN/100mL,,8.3E+02,jakkur-2015
jakkur-2015,jakkur-lake-jk-7,JK-7,Jakkur Lake,Jakkur lake outlet point II,2016-02-18,,,tss,70,,false,,mg/L,,70,jakkur-2015
jakkur-2015,jakkur-lake-jk-7,JK-7,Jakkur Lake,Jakkur lake outlet point II,2016-02-18,,,bod,50.0,,false,,mg/L,,50.0,jakkur-2015
jakkur-2015,jakkur-lake-jk-7,JK-7,Jakkur Lake,Jakkur lake outlet point II,2016-02-18,,,dissolvedBod,21.0,,false,,mg/L,,21.0,jakkur-2015
jakkur-2015,jakkur-lake-jk-7,JK-7,Jakkur Lake,Jakkur lake outlet point II,2016-02-18,,,cod,70.0,,false,,mg/L,,70.0,jakkur-2015
jakkur-2015,jakkur-lake-jk-7,JK-7,Jakkur Lake,Jakkur lake outlet point II,2016-02-18,,,dissolvedCod,30.0,,false,,mg/L,,30.0,jakkur-2015
jakkur-2015,jakkur-lake-jk-7,JK-7,Jakkur Lake,Jakkur lake outlet point II,2016-02-18,,,phosphate,1.0,,false,,mg/L,,1.0,jakkur-2015
jakkur-2015,jakkur-lake-jk-7,JK-7,Jakkur Lake,Jakkur lake outlet point II,2016-02-18,,,ammoniacalNitrogen,1,,false,,mg/L as N,,1,jakkur-2015
jakkur-2015,jakkur-lake-jk-8,JK-8,Jakkur Lake,Main gate inlet chamber,2016-02-18,13.083533,77.6096,temperature,26.6,,false,,degC,,26.6,jakkur-2015
jakkur-2015,jakkur-lake-jk-8,JK-8,Jakkur Lake,Main gate inlet chamber,2016-02-18,13.083533,77.6096,colour,120,,false,,Hazen,,120,jakkur-2015
jakkur-2015,jakkur-lake-jk-8,JK-8,Jakkur Lake,Main gate inlet chamber,2016-02-18,13.083533,77.6096,turbidity,75.4,,false,,NTU,,75.4,jakkur-2015
jakkur-2015,jakkur-lake-jk-8,JK-8,Jakkur Lake,Main gate inlet chamber,2016-02-18,13.083533,77.6096,ph,7.13,,false,,,,7.13,jakkur-2015
jakkur-2015,jakkur-lake-jk-8,JK-8,Jakkur Lake,Main gate inlet chamber,2016-02-18,13.083533,77.6096,conductivity,960,,false,,uS/cm,,960,jakkur-2015
jakkur-2015,jakkur-lake-jk-8,JK-8,Jakkur Lake,Main gate inlet chamber,2016-02-18,13.083533,77.6096,orp,-20,,false,,mV,,-20,jakkur-2015
jakkur-2015,jakkur-lake-jk-8,JK-8,Jakkur Lake,Main gate inlet chamber,2016-02-18,13.083533,77.6096,dissolvedOxygen,,,false,,mg/L,,-,jakkur-2015
jakkur-2015,jakkur-lake-jk-8,JK-8,Jakkur Lake,Main gate inlet chamber,2016-02-18,13.083533,77.6096,nitrate,4.4,,false,,mg/L,,4.4,jakkur-2015
jakkur-2015,jakkur-lake-jk-8,JK-8,Jakkur Lake,Main gate inlet chamber,2016-02-18,13.083533,77.6096,totalAlkalinity,324,,false,,mg/L,,324,jakkur-2015
jakkur-2015,jakkur-lake-jk-8,JK-8,Jakkur Lake,Main gate inlet chamber,2016-02-18,13.083533,77.6096,fecalColiform,12000,,false,,MPN/100mL,,1.2E+04,jakkur-2015
jakkur-2015,jakkur-lake-jk-8,JK-8,Jakkur Lake,Main gate inlet chamber,2016-02-18,13.083533,77.6096,tss,50,,false,,mg/L,,50,jakkur-2015
jakkur-2015,jakkur-lake-jk-8,JK-8,Jakkur Lake,Main gate inlet chamber,2016-02-18,13.083533,77.6096,bod,44.0,,false,,mg/L,,44.0,jakkur-2015
jakkur-2015,jakkur-lake-jk-8,JK-8,Jakkur Lake,Main gate inlet chamber,2016-02-18,13.083533,77.6096,dissolvedBod,10.0,,false,,mg/L,,10.0,jakkur-2015
jakkur-2015,jakkur-lake-jk-8,JK-8,Jakkur Lake,Main gate inlet chamber,2016-02-18,13.083533,77.6096,cod,190.0,,false,,mg/L,,190.0,jakkur-2015
jakkur-2015,jakkur-lake-jk-8,JK-8,Jakkur Lake,Main gate inlet chamber,2016-02-18,13.083533,77.6096,dissolvedCod,80.0,,false,,mg/L,,80.0,jakkur-2015
jakkur-2015,jakkur-lake-jk-8,JK-8,Jakkur Lake,Main gate inlet chamber,2016-02-18,13.083533,77.6096,phosphate,0.7,,false,,mg/L,,0.7,jakkur-2015
jakkur-2015,jakkur-lake-jk-8,JK-8,Jakkur Lake,Main gate inlet chamber,2016-02-18,13.083533,77.6096,ammoniacalNitrogen,1,,false,,mg/L as N,,1,jakkur-2015
jakkur-2015,jakkur-lake-jk-1,JK-1,Jakkur Lake,Main gate water Runoff point,2016-02-25,13.083533,77.6096,temperature,32.7,,false,,degC,,32.7,jakkur-2015
jakkur-2015,jakkur-lake-jk-1,JK-1,Jakkur Lake,Main gate water Runoff point,2016-02-25,13.083533,77.6096,colour,40,,false,,Hazen,,40,jakkur-2015
jakkur-2015,jakkur-lake-jk-1,JK-1,Jakkur Lake,Main gate water Runoff point,2016-02-25,13.083533,77.6096,turbidity,67.8,,false,,NTU,,67.8,jakkur-2015
jakkur-2015,jakkur-lake-jk-1,JK-1,Jakkur Lake,Main gate water Runoff point,2016-02-25,13.083533,77.6096,ph,9.21,,false,,,,9.21,jakkur-2015
jakkur-2015,jakkur-lake-jk-1,JK-1,Jakkur Lake,Main gate water Runoff point,2016-02-25,13.083533,77.6096,conductivity,1118,,false,,uS/cm,,1118,jakkur-2015
jakkur-2015,jakkur-lake-jk-1,JK-1,Jakkur Lake,Main gate water Runoff point,2016-02-25,13.083533,77.6096,orp,-145,,false,,mV,,-145,jakkur-2015
jakkur-2015,jakkur-lake-jk-1,JK-1,Jakkur Lake,Main gate water Runoff point,2016-02-25,13.083533,77.6096,dissolvedOxygen,27.50,,false,,mg/L,,27.50,jakkur-2015
jakkur-2015,jakkur-lake-jk-1,JK-1,Jakkur Lake,Main gate water Runoff point,2016-02-25,13.083533,77.6096,nitrate,14.08,,false,,mg/L,,14.08,jakkur-2015
jakkur-2015,jakkur-lake-jk-1,JK-1,Jakkur Lake,Main gate water Runoff point,2016-02-25,13.083533,77.6096,totalAlkalinity,296,,false,,mg/L,,296,jakkur-2015
jakkur-2015,jakkur-lake-jk-1,JK-1,Jakkur Lake,Main gate water Runoff point,2016-02-25,13.083533,77.6096,fecalColiform,610,,false,,MPN/100mL,,6.1E+02,jakkur-2015
jakkur-2015,jakkur-lake-jk-1,JK-1,Jakkur Lake,Main gate water Runoff point,2016-02-25,13.083533,77.6096,tss,90,,false,,mg/L,,90,jakkur-2015
jakkur-2015,jakkur-lake-jk-1,JK-1,Jakkur Lake,Main gate water Runoff point,2016-02-25,13.083533,77.6096,bod,36.0,,false,,mg/L,,36.0,jakkur-2015
jakkur-2015,jakkur-lake-jk-1,JK-1,Jakkur Lake,Main gate water Runoff point,2016-02-25,13.083533,77.6096,dissolvedBod,6.4,,false,,mg/L,,6.4,jakkur-2015
jakkur-2015,jakkur-lake-jk-1,JK-1,Jakkur Lake,Main gate water Runoff point,2016-02-25,13.083533,77.6096,cod,205.0,,false,,mg/L,,205.0,jakkur-2015
jakkur-2015,jakkur-lake-jk-1,JK-1,Jakkur Lake,Main gate water Runoff point,2016-02-25,13.083533,77.6096,dissolvedCod,95.0,,false,,mg/L,,95.0,jakkur-2015
jakkur-2015,jakkur-lake-jk-1,JK-1,Jakkur Lake,Main gate water Runoff point,2016-02-25,13.083533,77.6096,phosphate,0.8,,false,,mg/L,,0.8,jakkur-2015
jakkur-2015,jakkur-lake-jk-1,JK-1,Jakkur Lake,Main gate water Runoff point,2016-02-25,13.083533,77.6096,ammoniacalNitrogen,1,,false,,mg/L as N,,1,jakkur-2015
jakkur-2015,jakkur-lake-jk-2,JK-2,Jakkur Lake,Wetland Outlet point,2016-02-25,13.09235,77.607283,temperature,27.3,,false,,degC,,27.3,jakkur-2015
jakkur-2015,jakkur-lake-jk-2,JK-2,Jakkur Lake,Wetland Outlet point,2016-02-25,13.09235,77.607283,colour,60,,false,,Hazen,,60,jakkur-2015
jakkur-2015,jakkur-lake-jk-2,JK-2,Jakkur Lake,Wetland Outlet point,2016-02-25,13.09235,77.607283,turbidity,9.4,,false,,NTU,,9.4,jakkur-2015
jakkur-2015,jakkur-lake-jk-2,JK-2,Jakkur Lake,Wetland Outlet point,2016-02-25,13.09235,77.607283,ph,7.32,,false,,,,7.32,jakkur-2015
jakkur-2015,jakkur-lake-jk-2,JK-2,Jakkur Lake,Wetland Outlet point,2016-02-25,13.09235,77.607283,conductivity,1397,,false,,uS/cm,,1397,jakkur-2015
jakkur-2015,jakkur-lake-jk-2,JK-2,Jakkur Lake,Wetland Outlet point,2016-02-25,13.09235,77.607283,orp,-33,,false,,mV,,-33,jakkur-2015
jakkur-2015,jakkur-lake-jk-2,JK-2,Jakkur Lake,Wetland Outlet point,2016-02-25,13.09235,77.607283,dissolvedOxygen,0.80,,false,,mg/L,,0.80,jakkur-2015
jakkur-2015,jakkur-lake-jk-2,JK-2,Jakkur Lake,Wetland Outlet point,2016-02-25,13.09235,77.607283,nitrate,3.96,,false,,mg/L,,3.96,jakkur-2015
jakkur-2015,jakkur-lake-jk-2,JK-2,Jakkur Lake,Wetland Outlet point,2016-02-25,13.09235,77.607283,totalAlkalinity,440,,false,,mg/L,,440,jakkur-2015
jakkur-2015,jakkur-lake-jk-2,JK-2,Jakkur Lake,Wetland Outlet point,2016-02-25,13.09235,77.607283,fecalColiform,400,,false,,MPN/100mL,,4.0E+02,jakkur-2015
jakkur-2015,jakkur-lake-jk-2,JK-2,Jakkur Lake,Wetland Outlet point,2016-02-25,13.09235,77.607283,tss,20,,false,,mg/L,,20,jakkur-2015
jakkur-2015,jakkur-lake-jk-2,JK-2,Jakkur Lake,Wetland Outlet point,2016-02-25,13.09235,77.607283,bod,62.0,,false,,mg/L,,62.0,jakkur-2015
jakkur-2015,jakkur-lake-jk-2,JK-2,Jakkur Lake,Wetland Outlet point,2016-02-25,13.09235,77.607283,dissolvedBod,7.6,,false,,mg/L,,7.6,jakkur-2015
jakkur-2015,jakkur-lake-jk-2,JK-2,Jakkur Lake,Wetland Outlet point,2016-02-25,13.09235,77.607283,cod,85.0,,false,,mg/L,,85.0,jakkur-2015
jakkur-2015,jakkur-lake-jk-2,JK-2,Jakkur Lake,Wetland Outlet point,2016-02-25,13.09235,77.607283,dissolvedCod,35.0,,false,,mg/L,,35.0,jakkur-2015
jakkur-2015,jakkur-lake-jk-2,JK-2,Jakkur Lake,Wetland Outlet point,2016-02-25,13.09235,77.607283,phosphate,1.3,,false,,mg/L,,1.3,jakkur-2015
jakkur-2015,jakkur-lake-jk-2,JK-2,Jakkur Lake,Wetland Outlet point,2016-02-25,13.09235,77.607283,ammoniacalNitrogen,12,,false,,mg/L as N,,12,jakkur-2015
jakkur-2015,jakkur-lake-jk-3,JK-3,Jakkur Lake,Jakkur lake STP outlet point,2016-02-25,13.094333,77.607667,temperature,25.4,,false,,degC,,25.4,jakkur-2015
jakkur-2015,jakkur-lake-jk-3,JK-3,Jakkur Lake,Jakkur lake STP outlet point,2016-02-25,13.094333,77.607667,colour,90,,false,,Hazen,,90,jakkur-2015
jakkur-2015,jakkur-lake-jk-3,JK-3,Jakkur Lake,Jakkur lake STP outlet point,2016-02-25,13.094333,77.607667,turbidity,20.3,,false,,NTU,,20.3,jakkur-2015
jakkur-2015,jakkur-lake-jk-3,JK-3,Jakkur Lake,Jakkur lake STP outlet point,2016-02-25,13.094333,77.607667,ph,7.69,,false,,,,7.69,jakkur-2015
jakkur-2015,jakkur-lake-jk-3,JK-3,Jakkur Lake,Jakkur lake STP outlet point,2016-02-25,13.094333,77.607667,conductivity,1326,,false,,uS/cm,,1326,jakkur-2015
jakkur-2015,jakkur-lake-jk-3,JK-3,Jakkur Lake,Jakkur lake STP outlet point,2016-02-25,13.094333,77.607667,orp,-55,,false,,mV,,-55,jakkur-2015
jakkur-2015,jakkur-lake-jk-3,JK-3,Jakkur Lake,Jakkur lake STP outlet point,2016-02-25,13.094333,77.607667,dissolvedOxygen,1.70,,false,,mg/L,,1.70,jakkur-2015
jakkur-2015,jakkur-lake-jk-3,JK-3,Jakkur Lake,Jakkur lake STP outlet point,2016-02-25,13.094333,77.607667,nitrate,3.08,,false,,mg/L,,3.08,jakkur-2015
jakkur-2015,jakkur-lake-jk-3,JK-3,Jakkur Lake,Jakkur lake STP outlet point,2016-02-25,13.094333,77.607667,totalAlkalinity,420,,false,,mg/L,,420,jakkur-2015
jakkur-2015,jakkur-lake-jk-3,JK-3,Jakkur Lake,Jakkur lake STP outlet point,2016-02-25,13.094333,77.607667,fecalColiform,6800,,false,,MPN/100mL,,6.8E+03,jakkur-2015
jakkur-2015,jakkur-lake-jk-3,JK-3,Jakkur Lake,Jakkur lake STP outlet point,2016-02-25,13.094333,77.607667,tss,30,,false,,mg/L,,30,jakkur-2015
jakkur-2015,jakkur-lake-jk-3,JK-3,Jakkur Lake,Jakkur lake STP outlet point,2016-02-25,13.094333,77.607667,bod,86.7,,false,,mg/L,,86.7,jakkur-2015
jakkur-2015,jakkur-lake-jk-3,JK-3,Jakkur Lake,Jakkur lake STP outlet point,2016-02-25,13.094333,77.607667,dissolvedBod,30.0,,false,,mg/L,,30.0,jakkur-2015
jakkur-2015,jakkur-lake-jk-3,JK-3,Jakkur Lake,Jakkur lake STP outlet point,2016-02-25,13.094333,77.607667,cod,105.0,,false,,mg/L,,105.0,jakkur-2015
jakkur-2015,jakkur-lake-jk-3,JK-3,Jakkur Lake,Jakkur lake STP outlet point,2016-02-25,13.094333,77.607667,dissolvedCod,35.0,,false,,mg/L,,35.0,jakkur-2015
jakkur-2015,jakkur-lake-jk-3,JK-3,Jakkur Lake,Jakkur lake STP outlet point,2016-02-25,13.094333,77.607667,phosphate,2.6,,false,,mg/L,,2.6,jakkur-2015
jakkur-2015,jakkur-lake-jk-3,JK-3,Jakkur Lake,Jakkur lake STP outlet point,2016-02-25,13.094333,77.607667,ammoniacalNitrogen,11,,false,,mg/L as N,,11,jakkur-2015
jakkur-2015,jakkur-lake-jk-4,JK-4,Jakkur Lake,Raw sewage point,2016-02-25,13.094333,77.607667,temperature,25.8,,false,,degC,,25.8,jakkur-2015
jakkur-2015,jakkur-lake-jk-4,JK-4,Jakkur Lake,Raw sewage point,2016-02-25,13.094333,77.607667,colour,90,,false,,Hazen,,90,jakkur-2015
jakkur-2015,jakkur-lake-jk-4,JK-4,Jakkur Lake,Raw sewage point,2016-02-25,13.094333,77.607667,turbidity,20.1,,false,,NTU,,20.1,jakkur-2015
jakkur-2015,jakkur-lake-jk-4,JK-4,Jakkur Lake,Raw sewage point,2016-02-25,13.094333,77.607667,ph,7.39,,false,,,,7.39,jakkur-2015
jakkur-2015,jakkur-lake-jk-4,JK-4,Jakkur Lake,Raw sewage point,2016-02-25,13.094333,77.607667,conductivity,1960,,false,,uS/cm,,1960,jakkur-2015
jakkur-2015,jakkur-lake-jk-4,JK-4,Jakkur Lake,Raw sewage point,2016-02-25,13.094333,77.607667,orp,-37,,false,,mV,,-37,jakkur-2015
jakkur-2015,jakkur-lake-jk-4,JK-4,Jakkur Lake,Raw sewage point,2016-02-25,13.094333,77.607667,dissolvedOxygen,0.00,,false,,mg/L,,0.00,jakkur-2015
jakkur-2015,jakkur-lake-jk-4,JK-4,Jakkur Lake,Raw sewage point,2016-02-25,13.094333,77.607667,nitrate,2.2,,false,,mg/L,,2.2,jakkur-2015
jakkur-2015,jakkur-lake-jk-4,JK-4,Jakkur Lake,Raw sewage point,2016-02-25,13.094333,77.607667,totalAlkalinity,240,,false,,mg/L,,240,jakkur-2015
jakkur-2015,jakkur-lake-jk-4,JK-4,Jakkur Lake,Raw sewage point,2016-02-25,13.094333,77.607667,fecalColiform,170000,,false,,MPN/100mL,,1.7E+05,jakkur-2015
jakkur-2015,jakkur-lake-jk-4,JK-4,Jakkur Lake,Raw sewage point,2016-02-25,13.094333,77.607667,tss,110,,false,,mg/L,,110,jakkur-2015
jakkur-2015,jakkur-lake-jk-4,JK-4,Jakkur Lake,Raw sewage point,2016-02-25,13.094333,77.607667,bod,140.0,,false,,mg/L,,140.0,jakkur-2015
jakkur-2015,jakkur-lake-jk-4,JK-4,Jakkur Lake,Raw sewage point,2016-02-25,13.094333,77.607667,dissolvedBod,40.0,,false,,mg/L,,40.0,jakkur-2015
jakkur-2015,jakkur-lake-jk-4,JK-4,Jakkur Lake,Raw sewage point,2016-02-25,13.094333,77.607667,cod,195.0,,false,,mg/L,,195.0,jakkur-2015
jakkur-2015,jakkur-lake-jk-4,JK-4,Jakkur Lake,Raw sewage point,2016-02-25,13.094333,77.607667,dissolvedCod,60.0,,false,,mg/L,,60.0,jakkur-2015
jakkur-2015,jakkur-lake-jk-4,JK-4,Jakkur Lake,Raw sewage point,2016-02-25,13.094333,77.607667,phosphate,0.8,,false,,mg/L,,0.8,jakkur-2015
jakkur-2015,jakkur-lake-jk-4,JK-4,Jakkur Lake,Raw sewage point,2016-02-25,13.094333,77.607667,ammoniacalNitrogen,15,,false,,mg/L as N,,15,jakkur-2015
jakkur-2015,jakkur-lake-jk-5,JK-5,Jakkur Lake,Jakkur lake-Lake sample point,2016-02-25,13.08675,77.611283,temperature,30.1,,false,,degC,,30.1,jakkur-2015
jakkur-2015,jakkur-lake-jk-5,JK-5,Jakkur Lake,Jakkur lake-Lake sample point,2016-02-25,13.08675,77.611283,colour,,,false,,Hazen,,40-50,jakkur-2015
jakkur-2015,jakkur-lake-jk-5,JK-5,Jakkur Lake,Jakkur lake-Lake sample point,2016-02-25,13.08675,77.611283,turbidity,65.3,,false,,NTU,,65.3,jakkur-2015
jakkur-2015,jakkur-lake-jk-5,JK-5,Jakkur Lake,Jakkur lake-Lake sample point,2016-02-25,13.08675,77.611283,ph,9.19,,false,,,,9.19,jakkur-2015
jakkur-2015,jakkur-lake-jk-5,JK-5,Jakkur Lake,Jakkur lake-Lake sample point,2016-02-25,13.08675,77.611283,conductivity,1122,,false,,uS/cm,,1122,jakkur-2015
jakkur-2015,jakkur-lake-jk-5,JK-5,Jakkur Lake,Jakkur lake-Lake sample point,2016-02-25,13.08675,77.611283,orp,-143,,false,,mV,,-143,jakkur-2015
jakkur-2015,jakkur-lake-jk-5,JK-5,Jakkur Lake,Jakkur lake-Lake sample point,2016-02-25,13.08675,77.611283,dissolvedOxygen,27.70,,false,,mg/L,,27.70,jakkur-2015
jakkur-2015,jakkur-lake-jk-5,JK-5,Jakkur Lake,Jakkur lake-Lake sample point,2016-02-25,13.08675,77.611283,nitrate,15.40,,false,,mg/L,,15.40,jakkur-2015
jakkur-2015,jakkur-lake-jk-5,JK-5,Jakkur Lake,Jakkur lake-Lake sample point,2016-02-25,13.08675,77.611283,totalAlkalinity,288,,false,,mg/L,,288,jakkur-2015
jakkur-2015,jakkur-lake-jk-5,JK-5,Jakkur Lake,Jakkur lake-Lake sample point,2016-02-25,13.08675,77.611283,fecalColiform,400,,false,,MPN/100mL,,4.0E+02,jakkur-2015
jakkur-2015,jakkur-lake-jk-5,JK-5,Jakkur Lake,Jakkur lake-Lake sample point,2016-02-25,13.08675,77.611283,tss,50,,false,,mg/L,,50,jakkur-2015
jakkur-2015,jakkur-lake-jk-5,JK-5,Jakkur Lake,Jakkur lake-Lake sample point,2016-02-25,13.08675,77.611283,bod,46.0,,false,,mg/L,,46.0,jakkur-2015
jakkur-2015,jakkur-lake-jk-5,JK-5,Jakkur Lake,Jakkur lake-Lake sample point,2016-02-25,13.08675,77.611283,dissolvedBod,6.4,,false,,mg/L,,6.4,jakkur-2015
jakkur-2015,jakkur-lake-jk-5,JK-5,Jakkur Lake,Jakkur lake-Lake sample point,2016-02-25,13.08675,77.611283,cod,95.0,,false,,mg/L,,95.0,jakkur-2015
jakkur-2015,jakkur-lake-jk-5,JK-5,Jakkur Lake,Jakkur lake-Lake sample point,2016-02-25,13.08675,77.611283,dissolvedCod,35.0,,false,,mg/L,,35.0,jakkur-2015
jakkur-2015,jakkur-lake-jk-5,JK-5,Jakkur Lake,Jakkur lake-Lake sample point,2016-02-25,13.08675,77.611283,phosphate,1.0,,false,,mg/L,,1.0,jakkur-2015
jakkur-2015,jakkur-lake-jk-5,JK-5,Jakkur Lake,Jakkur lake-Lake sample point,2016-02-25,13.08675,77.611283,ammoniacalNitrogen,0,,false,,mg/L as N,,0,jakkur-2015
jakkur-2015,jakkur-lake-jk-6,JK-6,Jakkur Lake,Jakkur lake outlet point I,2016-02-25,13.0802,77.614667,temperature,29,,false,,degC,,29,jakkur-2015
jakkur-2015,jakkur-lake-jk-6,JK-6,Jakkur Lake,Jakkur lake outlet point I,2016-02-25,13.0802,77.614667,colour,,,false,,Hazen,,40-50,jakkur-2015
jakkur-2015,jakkur-lake-jk-6,JK-6,Jakkur Lake,Jakkur lake outlet point I,2016-02-25,13.0802,77.614667,turbidity,50.9,,false,,NTU,,50.9,jakkur-2015
jakkur-2015,jakkur-lake-jk-6,JK-6,Jakkur Lake,Jakkur lake outlet point I,2016-02-25,13.0802,77.614667,ph,8.81,,false,,,,8.81,jakkur-2015
jakkur-2015,jakkur-lake-jk-6,JK-6,Jakkur Lake,Jakkur lake outlet point I,2016-02-25,13.0802,77.614667,conductivity,1142,,false,,uS/cm,,1142,jakkur-2015
jakkur-2015,jakkur-lake-jk-6,JK-6,Jakkur Lake,Jakkur lake outlet point I,2016-02-25,13.0802,77.614667,orp,-120,,false,,mV,,-120,jakkur-2015
jakkur-2015,jakkur-lake-jk-6,JK-6,Jakkur Lake,Jakkur lake outlet point I,2016-02-25,13.0802,77.614667,dissolvedOxygen,26.20,,false,,mg/L,,26.20,jakkur-2015
jakkur-2015,jakkur-lake-jk-6,JK-6,Jakkur Lake,Jakkur lake outlet point I,2016-02-25,13.0802,77.614667,nitrate,14.08,,false,,mg/L,,14.08,jakkur-2015
jakkur-2015,jakkur-lake-jk-6,JK-6,Jakkur Lake,Jakkur lake outlet point I,2016-02-25,13.0802,77.614667,totalAlkalinity,292,,false,,mg/L,,292,jakkur-2015
jakkur-2015,jakkur-lake-jk-6,JK-6,Jakkur Lake,Jakkur lake outlet point I,2016-02-25,13.0802,77.614667,fecalColiform,610,,false,,MPN/100mL,,6.1E+02,jakkur-2015
jakkur-2015,jakkur-lake-jk-6,JK-6,Jakkur Lake,Jakkur lake outlet point I,2016-02-25,13.0802,77.614667,tss,70,,false,,mg/L,,70,jakkur-2015
jakkur-2015,jakkur-lake-jk-6,JK-6,Jakkur Lake,Jakkur lake outlet point I,2016-02-25,13.0802,77.614667,bod,34.0,,false,,mg/L,,34.0,jakkur-2015
jakkur-2015,jakkur-lake-jk-6,JK-6,Jakkur Lake,Jakkur lake outlet point I,2016-02-25,13.0802,77.614667,dissolvedBod,6.0,,false,,mg/L,,6.0,jakkur-2015
jakkur-2015,jakkur-lake-jk-6,JK-6,Jakkur Lake,Jakkur lake outlet point I,2016-02-25,13.0802,77.614667,cod,105.0,,false,,mg/L,,105.0,jakkur-2015
jakkur-2015,jakkur-lake-jk-6,JK-6,Jakkur Lake,Jakkur lake outlet point I,2016-02-25,13.0802,77.614667,dissolvedCod,55.0,,false,,mg/L,,55.0,jakkur-2015
jakkur-2015,jakkur-lake-jk-6,JK-6,Jakkur Lake,Jakkur lake outlet point I,2016-02-25,13.0802,77.614667,phosphate,1.0,,false,,mg/L,,1.0,jakkur-2015
jakkur-2015,jakkur-lake-jk-6,JK-6,Jakkur Lake,Jakkur lake outlet point I,2016-02-25,13.0802,77.614667,ammoniacalNitrogen,0,,false,,mg/L as N,,0,jakkur-2015
jakkur-2015,jakkur-lake-jk-7,JK-7,Jakkur Lake,Jakkur lake outlet point II,2016-02-25,,,temperature,30.8,,false,,degC,,30.8,jakkur-2015
jakkur-2015,jakkur-lake-jk-7,JK-7,Jakkur Lake,Jakkur lake outlet point II,2016-02-25,,,colour,50,,false,,Hazen,,50,jakkur-2015
jakkur-2015,jakkur-lake-jk-7,JK-7,Jakkur Lake,Jakkur lake outlet point II,2016-02-25,,,turbidity,61.4,,false,,NTU,,61.4,jakkur-2015
jakkur-2015,jakkur-lake-jk-7,JK-7,Jakkur Lake,Jakkur lake outlet point II,2016-02-25,,,ph,9.02,,false,,,,9.02,jakkur-2015
jakkur-2015,jakkur-lake-jk-7,JK-7,Jakkur Lake,Jakkur lake outlet point II,2016-02-25,,,conductivity,1140,,false,,uS/cm,,1140,jakkur-2015
jakkur-2015,jakkur-lake-jk-7,JK-7,Jakkur Lake,Jakkur lake outlet point II,2016-02-25,,,orp,-133,,false,,mV,,-133,jakkur-2015
jakkur-2015,jakkur-lake-jk-7,JK-7,Jakkur Lake,Jakkur lake outlet point II,2016-02-25,,,dissolvedOxygen,10.20,,false,,mg/L,,10.20,jakkur-2015
jakkur-2015,jakkur-lake-jk-7,JK-7,Jakkur Lake,Jakkur lake outlet point II,2016-02-25,,,nitrate,11,,false,,mg/L,,11,jakkur-2015
jakkur-2015,jakkur-lake-jk-7,JK-7,Jakkur Lake,Jakkur lake outlet point II,2016-02-25,,,totalAlkalinity,284,,false,,mg/L,,284,jakkur-2015
jakkur-2015,jakkur-lake-jk-7,JK-7,Jakkur Lake,Jakkur lake outlet point II,2016-02-25,,,fecalColiform,830,,false,,MPN/100mL,,8.3E+02,jakkur-2015
jakkur-2015,jakkur-lake-jk-7,JK-7,Jakkur Lake,Jakkur lake outlet point II,2016-02-25,,,tss,80,,false,,mg/L,,80,jakkur-2015
jakkur-2015,jakkur-lake-jk-7,JK-7,Jakkur Lake,Jakkur lake outlet point II,2016-02-25,,,bod,38.0,,false,,mg/L,,38.0,jakkur-2015
jakkur-2015,jakkur-lake-jk-7,JK-7,Jakkur Lake,Jakkur lake outlet point II,2016-02-25,,,dissolvedBod,7.2,,false,,mg/L,,7.2,jakkur-2015
jakkur-2015,jakkur-lake-jk-7,JK-7,Jakkur Lake,Jakkur lake outlet point II,2016-02-25,,,cod,95.0,,false,,mg/L,,95.0,jakkur-2015
jakkur-2015,jakkur-lake-jk-7,JK-7,Jakkur Lake,Jakkur lake outlet point II,2016-02-25,,,dissolvedCod,45.0,,false,,mg/L,,45.0,jakkur-2015
jakkur-2015,jakkur-lake-jk-7,JK-7,Jakkur Lake,Jakkur lake outlet point II,2016-02-25,,,phosphate,0.9,,false,,mg/L,,0.9,jakkur-2015
jakkur-2015,jakkur-lake-jk-7,JK-7,Jakkur Lake,Jakkur lake outlet point II,2016-02-25,,,ammoniacalNitrogen,0,,false,,mg/L as N,,0,jakkur-2015
jakkur-2015,jakkur-lake-jk-8,JK-8,Jakkur Lake,Main gate inlet chamber,2016-02-25,13.083533,77.6096,temperature,29.3,,false,,degC,,29.3,jakkur-2015
jakkur-2015,jakkur-lake-jk-8,JK-8,Jakkur Lake,Main gate inlet chamber,2016-02-25,13.083533,77.6096,colour,90,,false,,Hazen,,90,jakkur-2015
jakkur-2015,jakkur-lake-jk-8,JK-8,Jakkur Lake,Main gate inlet chamber,2016-02-25,13.083533,77.6096,turbidity,40.6,,false,,NTU,,40.6,jakkur-2015
jakkur-2015,jakkur-lake-jk-8,JK-8,Jakkur Lake,Main gate inlet chamber,2016-02-25,13.083533,77.6096,ph,7.05,,false,,,,7.05,jakkur-2015
jakkur-2015,jakkur-lake-jk-8,JK-8,Jakkur Lake,Main gate inlet chamber,2016-02-25,13.083533,77.6096,conductivity,914,,false,,uS/cm,,914,jakkur-2015
jakkur-2015,jakkur-lake-jk-8,JK-8,Jakkur Lake,Main gate inlet chamber,2016-02-25,13.083533,77.6096,orp,-18,,false,,mV,,-18,jakkur-2015
jakkur-2015,jakkur-lake-jk-8,JK-8,Jakkur Lake,Main gate inlet chamber,2016-02-25,13.083533,77.6096,dissolvedOxygen,,,false,,mg/L,,-,jakkur-2015
jakkur-2015,jakkur-lake-jk-8,JK-8,Jakkur Lake,Main gate inlet chamber,2016-02-25,13.083533,77.6096,nitrate,2.2,,false,,mg/L,,2.2,jakkur-2015
jakkur-2015,jakkur-lake-jk-8,JK-8,Jakkur Lake,Main gate inlet chamber,2016-02-25,13.083533,77.6096,totalAlkalinity,360,,false,,mg/L,,360,jakkur-2015
jakkur-2015,jakkur-lake-jk-8,JK-8,Jakkur Lake,Main gate inlet chamber,2016-02-25,13.083533,77.6096,fecalColiform,14000,,false,,MPN/100mL,,1.4E+04,jakkur-2015
jakkur-2015,jakkur-lake-jk-8,JK-8,Jakkur Lake,Main gate inlet chamber,2016-02-25,13.083533,77.6096,tss,100,,false,,mg/L,,100,jakkur-2015
jakkur-2015,jakkur-lake-jk-8,JK-8,Jakkur Lake,Main gate inlet chamber,2016-02-25,13.083533,77.6096,bod,135.0,,false,,mg/L,,135.0,jakkur-2015
jakkur-2015,jakkur-lake-jk-8,JK-8,Jakkur Lake,Main gate inlet chamber,2016-02-25,13.083533,77.6096,dissolvedBod,28.0,,false,,mg/L,,28.0,jakkur-2015
jakkur-2015,jakkur-lake-jk-8,JK-8,Jakkur Lake,Main gate inlet chamber,2016-02-25,13.083533,77.6096,cod,195.0,,false,,mg/L,,195.0,jakkur-2015
jakkur-2015,jakkur-lake-jk-8,JK-8,Jakkur Lake,Main gate inlet chamber,2016-02-25,13.083533,77.6096,dissolvedCod,65.0,,false,,mg/L,,65.0,jakkur-2015
jakkur-2015,jakkur-lake-jk-8,JK-8,Jakkur Lake,Main gate inlet chamber,2016-02-25,13.083533,77.6096,phosphate,0.4,,false,,mg/L,,0.4,jakkur-2015
jakkur-2015,jakkur-lake-jk-8,JK-8,Jakkur Lake,Main gate inlet chamber,2016-02-25,13.083533,77.6096,ammoniacalNitrogen,1,,false,,mg/L as N,,1,jakkur-2015
jakkur-2015,jakkur-lake-jk-1,JK-1,Jakkur Lake,Main gate water Runoff point,2016-03-03,13.083533,77.6096,temperature,27.4,,false,,degC,,27.4,jakkur-2015
jakkur-2015,jakkur-lake-jk-1,JK-1,Jakkur Lake,Main gate water Runoff point,2016-03-03,13.083533,77.6096,colour,40,,false,,Hazen,,40,jakkur-2015
jakkur-2015,jakkur-lake-jk-1,JK-1,Jakkur Lake,Main gate water Runoff point,2016-03-03,13.083533,77.6096,turbidity,65.7,,false,,NTU,,65.7,jakkur-2015
jakkur-2015,jakkur-lake-jk-1,JK-1,Jakkur Lake,Main gate water Runoff point,2016-03-03,13.083533,77.6096,ph,8.87,,false,,,,8.87,jakkur-2015
jakkur-2015,jakkur-lake-jk-1,JK-1,Jakkur Lake,Main gate water Runoff point,2016-03-03,13.083533,77.6096,conductivity,1159,,false,,uS/cm,,1159,jakkur-2015
jakkur-2015,jakkur-lake-jk-1,JK-1,Jakkur Lake,Main gate water Runoff point,2016-03-03,13.083533,77.6096,orp,-123,,false,,mV,,-123,jakkur-2015
jakkur-2015,jakkur-lake-jk-1,JK-1,Jakkur Lake,Main gate water Runoff point,2016-03-03,13.083533,77.6096,dissolvedOxygen,18.20,,false,,mg/L,,18.20,jakkur-2015
jakkur-2015,jakkur-lake-jk-1,JK-1,Jakkur Lake,Main gate water Runoff point,2016-03-03,13.083533,77.6096,nitrate,14.52,,false,,mg/L,,14.52,jakkur-2015
jakkur-2015,jakkur-lake-jk-1,JK-1,Jakkur Lake,Main gate water Runoff point,2016-03-03,13.083533,77.6096,totalAlkalinity,308,,false,,mg/L,,308,jakkur-2015
jakkur-2015,jakkur-lake-jk-1,JK-1,Jakkur Lake,Main gate water Runoff point,2016-03-03,13.083533,77.6096,fecalColiform,400,,false,,MPN/100mL,,4.0E+02,jakkur-2015
jakkur-2015,jakkur-lake-jk-1,JK-1,Jakkur Lake,Main gate water Runoff point,2016-03-03,13.083533,77.6096,tss,80,,false,,mg/L,,80,jakkur-2015
jakkur-2015,jakkur-lake-jk-1,JK-1,Jakkur Lake,Main gate water Runoff point,2016-03-03,13.083533,77.6096,bod,40.0,,false,,mg/L,,40.0,jakkur-2015
jakkur-2015,jakkur-lake-jk-1,JK-1,Jakkur Lake,Main gate water Runoff point,2016-03-03,13.083533,77.6096,dissolvedBod,7.2,,false,,mg/L,,7.2,jakkur-2015
jakkur-2015,jakkur-lake-jk-1,JK-1,Jakkur Lake,Main gate water Runoff point,2016-03-03,13.083533,77.6096,cod,155.0,,false,,mg/L,,155.0,jakkur-2015
jakkur-2015,jakkur-lake-jk-1,JK-1,Jakkur Lake,Main gate water Runoff point,2016-03-03,13.083533,77.6096,dissolvedCod,75.0,,false,,mg/L,,75.0,jakkur-2015
jakkur-2015,jakkur-lake-jk-1,JK-1,Jakkur Lake,Main gate water Runoff point,2016-03-03,13.083533,77.6096,phosphate,0.9,,false,,mg/L,,0.9,jakkur-2015
jakkur-2015,jakkur-lake-jk-1,JK-1,Jakkur Lake,Main gate water Runoff point,2016-03-03,13.083533,77.6096,ammoniacalNitrogen,1,,false,,mg/L as N,,1,jakkur-2015
jakkur-2015,jakkur-lake-jk-2,JK-2,Jakkur Lake,Wetland Outlet point,2016-03-03,13.09235,77.607283,temperature,26.9,,false,,degC,,26.9,jakkur-2015
jakkur-2015,jakkur-lake-jk-2,JK-2,Jakkur Lake,Wetland Outlet point,2016-03-03,13.09235,77.607283,colour,50,,false,,Hazen,,50,jakkur-2015
jakkur-2015,jakkur-lake-jk-2,JK-2,Jakkur Lake,Wetland Outlet point,2016-03-03,13.09235,77.607283,turbidity,8.4,,false,,NTU,,8.4,jakkur-2015
jakkur-2015,jakkur-lake-jk-2,JK-2,Jakkur Lake,Wetland Outlet point,2016-03-03,13.09235,77.607283,ph,7.40,,false,,,,7.40,jakkur-2015
jakkur-2015,jakkur-lake-jk-2,JK-2,Jakkur Lake,Wetland Outlet point,2016-03-03,13.09235,77.607283,conductivity,1408,,false,,uS/cm,,1408,jakkur-2015
jakkur-2015,jakkur-lake-jk-2,JK-2,Jakkur Lake,Wetland Outlet point,2016-03-03,13.09235,77.607283,orp,-37,,false,,mV,,-37,jakkur-2015
jakkur-2015,jakkur-lake-jk-2,JK-2,Jakkur Lake,Wetland Outlet point,2016-03-03,13.09235,77.607283,dissolvedOxygen,1.30,,false,,mg/L,,1.30,jakkur-2015
jakkur-2015,jakkur-lake-jk-2,JK-2,Jakkur Lake,Wetland Outlet point,2016-03-03,13.09235,77.607283,nitrate,4.40,,false,,mg/L,,4.40,jakkur-2015
jakkur-2015,jakkur-lake-jk-2,JK-2,Jakkur Lake,Wetland Outlet point,2016-03-03,13.09235,77.607283,totalAlkalinity,448,,false,,mg/L,,448,jakkur-2015
jakkur-2015,jakkur-lake-jk-2,JK-2,Jakkur Lake,Wetland Outlet point,2016-03-03,13.09235,77.607283,fecalColiform,610,,false,,MPN/100mL,,6.1E+02,jakkur-2015
jakkur-2015,jakkur-lake-jk-2,JK-2,Jakkur Lake,Wetland Outlet point,2016-03-03,13.09235,77.607283,tss,10,,false,,mg/L,,10,jakkur-2015
jakkur-2015,jakkur-lake-jk-2,JK-2,Jakkur Lake,Wetland Outlet point,2016-03-03,13.09235,77.607283,bod,60.0,,false,,mg/L,,60.0,jakkur-2015
jakkur-2015,jakkur-lake-jk-2,JK-2,Jakkur Lake,Wetland Outlet point,2016-03-03,13.09235,77.607283,dissolvedBod,20.0,,false,,mg/L,,20.0,jakkur-2015
jakkur-2015,jakkur-lake-jk-2,JK-2,Jakkur Lake,Wetland Outlet point,2016-03-03,13.09235,77.607283,cod,75.0,,false,,mg/L,,75.0,jakkur-2015
jakkur-2015,jakkur-lake-jk-2,JK-2,Jakkur Lake,Wetland Outlet point,2016-03-03,13.09235,77.607283,dissolvedCod,25.0,,false,,mg/L,,25.0,jakkur-2015
jakkur-2015,jakkur-lake-jk-2,JK-2,Jakkur Lake,Wetland Outlet point,2016-03-03,13.09235,77.607283,phosphate,1.1,,false,,mg/L,,1.1,jakkur-2015
jakkur-2015,jakkur-lake-jk-2,JK-2,Jakkur Lake,Wetland Outlet point,2016-03-03,13.09235,77.607283,ammoniacalNitrogen,11,,false,,mg/L as N,,11,jakkur-2015
jakkur-2015,jakkur-lake-jk-3,JK-3,Jakkur Lake,Jakkur lake STP outlet point,2016-03-03,13.094333,77.607667,temperature,26.8,,false,,degC,,26.8,jakkur-2015
jakkur-2015,jakkur-lake-jk-3,JK-3,Jakkur Lake,Jakkur lake STP outlet point,2016-03-03,13.094333,77.607667,colour,120,,false,,Hazen,,120,jakkur-2015
jakkur-2015,jakkur-lake-jk-3,JK-3,Jakkur Lake,Jakkur lake STP outlet point,2016-03-03,13.094333,77.607667,turbidity,20.4,,false,,NTU,,20.4,jakkur-2015
jakkur-2015,jakkur-lake-jk-3,JK-3,Jakkur Lake,Jakkur lake STP outlet point,2016-03-03,13.094333,77.607667,ph,7.57,,false,,,,7.57,jakkur-2015
jakkur-2015,jakkur-lake-jk-3,JK-3,Jakkur Lake,Jakkur lake STP outlet point,2016-03-03,13.094333,77.607667,conductivity,1381,,false,,uS/cm,,1381,jakkur-2015
jakkur-2015,jakkur-lake-jk-3,JK-3,Jakkur Lake,Jakkur lake STP outlet point,2016-03-03,13.094333,77.607667,orp,-46,,false,,mV,,-46,jakkur-2015
jakkur-2015,jakkur-lake-jk-3,JK-3,Jakkur Lake,Jakkur lake STP outlet point,2016-03-03,13.094333,77.607667,dissolvedOxygen,2.70,,false,,mg/L,,2.70,jakkur-2015
jakkur-2015,jakkur-lake-jk-3,JK-3,Jakkur Lake,Jakkur lake STP outlet point,2016-03-03,13.094333,77.607667,nitrate,3.08,,false,,mg/L,,3.08,jakkur-2015
jakkur-2015,jakkur-lake-jk-3,JK-3,Jakkur Lake,Jakkur lake STP outlet point,2016-03-03,13.094333,77.607667,totalAlkalinity,428,,false,,mg/L,,428,jakkur-2015
jakkur-2015,jakkur-lake-jk-3,JK-3,Jakkur Lake,Jakkur lake STP outlet point,2016-03-03,13.094333,77.607667,fecalColiform,7800,,false,,MPN/100mL,,7.8E+03,jakkur-2015
jakkur-2015,jakkur-lake-jk-3,JK-3,Jakkur Lake,Jakkur lake STP outlet point,2016-03-03,13.094333,77.607667,tss,40,,false,,mg/L,,40,jakkur-2015
jakkur-2015,jakkur-lake-jk-3,JK-3,Jakkur Lake,Jakkur lake STP outlet point,2016-03-03,13.094333,77.607667,bod,80.0,,false,,mg/L,,80.0,jakkur-2015
jakkur-2015,jakkur-lake-jk-3,JK-3,Jakkur Lake,Jakkur lake STP outlet point,2016-03-03,13.094333,77.607667,dissolvedBod,42.0,,false,,mg/L,,42.0,jakkur-2015
jakkur-2015,jakkur-lake-jk-3,JK-3,Jakkur Lake,Jakkur lake STP outlet point,2016-03-03,13.094333,77.607667,cod,105.0,,false,,mg/L,,105.0,jakkur-2015
jakkur-2015,jakkur-lake-jk-3,JK-3,Jakkur Lake,Jakkur lake STP outlet point,2016-03-03,13.094333,77.607667,dissolvedCod,55.0,,false,,mg/L,,55.0,jakkur-2015
jakkur-2015,jakkur-lake-jk-3,JK-3,Jakkur Lake,Jakkur lake STP outlet point,2016-03-03,13.094333,77.607667,phosphate,2.4,,false,,mg/L,,2.4,jakkur-2015
jakkur-2015,jakkur-lake-jk-3,JK-3,Jakkur Lake,Jakkur lake STP outlet point,2016-03-03,13.094333,77.607667,ammoniacalNitrogen,11,,false,,mg/L as N,,11,jakkur-2015
jakkur-2015,jakkur-lake-jk-4,JK-4,Jakkur Lake,Raw sewage point,2016-03-03,13.094333,77.607667,temperature,26.8,,false,,degC,,26.8,jakkur-2015
jakkur-2015,jakkur-lake-jk-4,JK-4,Jakkur Lake,Raw sewage point,2016-03-03,13.094333,77.607667,colour,80,,false,,Hazen,,80,jakkur-2015
jakkur-2015,jakkur-lake-jk-4,JK-4,Jakkur Lake,Raw sewage point,2016-03-03,13.094333,77.607667,turbidity,17.5,,false,,NTU,,17.5,jakkur-2015
jakkur-2015,jakkur-lake-jk-4,JK-4,Jakkur Lake,Raw sewage point,2016-03-03,13.094333,77.607667,ph,7.42,,false,,,,7.42,jakkur-2015
jakkur-2015,jakkur-lake-jk-4,JK-4,Jakkur Lake,Raw sewage point,2016-03-03,13.094333,77.607667,conductivity,1690,,false,,uS/cm,,1690,jakkur-2015
jakkur-2015,jakkur-lake-jk-4,JK-4,Jakkur Lake,Raw sewage point,2016-03-03,13.094333,77.607667,orp,-38,,false,,mV,,-38,jakkur-2015
jakkur-2015,jakkur-lake-jk-4,JK-4,Jakkur Lake,Raw sewage point,2016-03-03,13.094333,77.607667,dissolvedOxygen,0.00,,false,,mg/L,,0.00,jakkur-2015
jakkur-2015,jakkur-lake-jk-4,JK-4,Jakkur Lake,Raw sewage point,2016-03-03,13.094333,77.607667,nitrate,2.20,,false,,mg/L,,2.20,jakkur-2015
jakkur-2015,jakkur-lake-jk-4,JK-4,Jakkur Lake,Raw sewage point,2016-03-03,13.094333,77.607667,totalAlkalinity,228,,false,,mg/L,,228,jakkur-2015
jakkur-2015,jakkur-lake-jk-4,JK-4,Jakkur Lake,Raw sewage point,2016-03-03,13.094333,77.607667,fecalColiform,210000,,false,,MPN/100mL,,2.1E+05,jakkur-2015
jakkur-2015,jakkur-lake-jk-4,JK-4,Jakkur Lake,Raw sewage point,2016-03-03,13.094333,77.607667,tss,100,,false,,mg/L,,100,jakkur-2015
jakkur-2015,jakkur-lake-jk-4,JK-4,Jakkur Lake,Raw sewage point,2016-03-03,13.094333,77.607667,bod,90.0,,false,,mg/L,,90.0,jakkur-2015
jakkur-2015,jakkur-lake-jk-4,JK-4,Jakkur Lake,Raw sewage point,2016-03-03,13.094333,77.607667,dissolvedBod,43.3,,false,,mg/L,,43.3,jakkur-2015
jakkur-2015,jakkur-lake-jk-4,JK-4,Jakkur Lake,Raw sewage point,2016-03-03,13.094333,77.607667,cod,115.0,,false,,mg/L,,115.0,jakkur-2015
jakkur-2015,jakkur-lake-jk-4,JK-4,Jakkur Lake,Raw sewage point,2016-03-03,13.094333,77.607667,dissolvedCod,65.0,,false,,mg/L,,65.0,jakkur-2015
jakkur-2015,jakkur-lake-jk-4,JK-4,Jakkur Lake,Raw sewage point,2016-03-03,13.094333,77.607667,phosphate,0.9,,false,,mg/L,,0.9,jakkur-2015
jakkur-2015,jakkur-lake-jk-4,JK-4,Jakkur Lake,Raw sewage point,2016-03-03,13.094333,77.607667,ammoniacalNitrogen,14,,false,,mg/L as N,,14,jakkur-2015
jakkur-2015,jakkur-lake-jk-6,JK-6,Jakkur Lake,Jakkur lake outlet point I,2016-03-03,13.0802,77.614667,temperature,27.1,,false,,degC,,27.1,jakkur-2015
jakkur-2015,jakkur-lake-jk-6,JK-6,Jakkur Lake,Jakkur lake outlet point I,2016-03-03,13.0802,77.614667,colour,50,,false,,Hazen,,50,jakkur-2015
jakkur-2015,jakkur-lake-jk-6,JK-6,Jakkur Lake,Jakkur lake outlet point I,2016-03-03,13.0802,77.614667,turbidity,48.5,,false,,NTU,,48.5,jakkur-2015
jakkur-2015,jakkur-lake-jk-6,JK-6,Jakkur Lake,Jakkur lake outlet point I,2016-03-03,13.0802,77.614667,ph,8.75,,false,,,,8.75,jakkur-2015
jakkur-2015,jakkur-lake-jk-6,JK-6,Jakkur Lake,Jakkur lake outlet point I,2016-03-03,13.0802,77.614667,conductivity,1167,,false,,uS/cm,,1167,jakkur-2015
jakkur-2015,jakkur-lake-jk-6,JK-6,Jakkur Lake,Jakkur lake outlet point I,2016-03-03,13.0802,77.614667,orp,-116,,false,,mV,,-116,jakkur-2015
jakkur-2015,jakkur-lake-jk-6,JK-6,Jakkur Lake,Jakkur lake outlet point I,2016-03-03,13.0802,77.614667,dissolvedOxygen,17.00,,false,,mg/L,,17.00,jakkur-2015
jakkur-2015,jakkur-lake-jk-6,JK-6,Jakkur Lake,Jakkur lake outlet point I,2016-03-03,13.0802,77.614667,nitrate,13.20,,false,,mg/L,,13.20,jakkur-2015
jakkur-2015,jakkur-lake-jk-6,JK-6,Jakkur Lake,Jakkur lake outlet point I,2016-03-03,13.0802,77.614667,totalAlkalinity,300,,false,,mg/L,,300,jakkur-2015
jakkur-2015,jakkur-lake-jk-6,JK-6,Jakkur Lake,Jakkur lake outlet point I,2016-03-03,13.0802,77.614667,fecalColiform,400,,false,,MPN/100mL,,4.0E+02,jakkur-2015
jakkur-2015,jakkur-lake-jk-6,JK-6,Jakkur Lake,Jakkur lake outlet point I,2016-03-03,13.0802,77.614667,tss,70,,false,,mg/L,,70,jakkur-2015
jakkur-2015,jakkur-lake-jk-6,JK-6,Jakkur Lake,Jakkur lake outlet point I,2016-03-03,13.0802,77.614667,bod,38.0,,false,,mg/L,,38.0,jakkur-2015
jakkur-2015,jakkur-lake-jk-6,JK-6,Jakkur Lake,Jakkur lake outlet point I,2016-03-03,13.0802,77.614667,dissolvedBod,6.4,,false,,mg/L,,6.4,jakkur-2015
jakkur-2015,jakkur-lake-jk-6,JK-6,Jakkur Lake,Jakkur lake outlet point I,2016-03-03,13.0802,77.614667,cod,85.0,,false,,mg/L,,85.0,jakkur-2015
jakkur-2015,jakkur-lake-jk-6,JK-6,Jakkur Lake,Jakkur lake outlet point I,2016-03-03,13.0802,77.614667,dissolvedCod,55.0,,false,,mg/L,,55.0,jakkur-2015
jakkur-2015,jakkur-lake-jk-6,JK-6,Jakkur Lake,Jakkur lake outlet point I,2016-03-03,13.0802,77.614667,phosphate,0.8,,false,,mg/L,,0.8,jakkur-2015
jakkur-2015,jakkur-lake-jk-6,JK-6,Jakkur Lake,Jakkur lake outlet point I,2016-03-03,13.0802,77.614667,ammoniacalNitrogen,0,,false,,mg/L as N,,0,jakkur-2015
jakkur-2015,jakkur-lake-jk-7,JK-7,Jakkur Lake,Jakkur lake outlet point II,2016-03-03,,,temperature,27.5,,false,,degC,,27.5,jakkur-2015
jakkur-2015,jakkur-lake-jk-7,JK-7,Jakkur Lake,Jakkur lake outlet point II,2016-03-03,,,colour,50,,false,,Hazen,,50,jakkur-2015
jakkur-2015,jakkur-lake-jk-7,JK-7,Jakkur Lake,Jakkur lake outlet point II,2016-03-03,,,turbidity,60.6,,false,,NTU,,60.6,jakkur-2015
jakkur-2015,jakkur-lake-jk-7,JK-7,Jakkur Lake,Jakkur lake outlet point II,2016-03-03,,,ph,8.45,,false,,,,8.45,jakkur-2015
jakkur-2015,jakkur-lake-jk-7,JK-7,Jakkur Lake,Jakkur lake outlet point II,2016-03-03,,,conductivity,1183,,false,,uS/cm,,1183,jakkur-2015
jakkur-2015,jakkur-lake-jk-7,JK-7,Jakkur Lake,Jakkur lake outlet point II,2016-03-03,,,orp,-98,,false,,mV,,-98,jakkur-2015
jakkur-2015,jakkur-lake-jk-7,JK-7,Jakkur Lake,Jakkur lake outlet point II,2016-03-03,,,dissolvedOxygen,4.60,,false,,mg/L,,4.60,jakkur-2015
jakkur-2015,jakkur-lake-jk-7,JK-7,Jakkur Lake,Jakkur lake outlet point II,2016-03-03,,,nitrate,11.88,,false,,mg/L,,11.88,jakkur-2015
jakkur-2015,jakkur-lake-jk-7,JK-7,Jakkur Lake,Jakkur lake outlet point II,2016-03-03,,,totalAlkalinity,308,,false,,mg/L,,308,jakkur-2015
jakkur-2015,jakkur-lake-jk-7,JK-7,Jakkur Lake,Jakkur lake outlet point II,2016-03-03,,,fecalColiform,820,,false,,MPN/100mL,,8.2E+02,jakkur-2015
jakkur-2015,jakkur-lake-jk-7,JK-7,Jakkur Lake,Jakkur lake outlet point II,2016-03-03,,,tss,50,,false,,mg/L,,50,jakkur-2015
jakkur-2015,jakkur-lake-jk-7,JK-7,Jakkur Lake,Jakkur lake outlet point II,2016-03-03,,,bod,32.0,,false,,mg/L,,32.0,jakkur-2015
jakkur-2015,jakkur-lake-jk-7,JK-7,Jakkur Lake,Jakkur lake outlet point II,2016-03-03,,,dissolvedBod,6.0,,false,,mg/L,,6.0,jakkur-2015
jakkur-2015,jakkur-lake-jk-7,JK-7,Jakkur Lake,Jakkur lake outlet point II,2016-03-03,,,cod,105.0,,false,,mg/L,,105.0,jakkur-2015
jakkur-2015,jakkur-lake-jk-7,JK-7,Jakkur Lake,Jakkur lake outlet point II,2016-03-03,,,dissolvedCod,65.0,,false,,mg/L,,65.0,jakkur-2015
jakkur-2015,jakkur-lake-jk-7,JK-7,Jakkur Lake,Jakkur lake outlet point II,2016-03-03,,,phosphate,0.8,,false,,mg/L,,0.8,jakkur-2015
jakkur-2015,jakkur-lake-jk-7,JK-7,Jakkur Lake,Jakkur lake outlet point II,2016-03-03,,,ammoniacalNitrogen,0,,false,,mg/L as N,,0,jakkur-2015
jakkur-2015,jakkur-lake-jk-8,JK-8,Jakkur Lake,Main gate inlet chamber,2016-03-03,13.083533,77.6096,temperature,26.8,,false,,degC,,26.8,jakkur-2015
jakkur-2015,jakkur-lake-jk-8,JK-8,Jakkur Lake,Main gate inlet chamber,2016-03-03,13.083533,77.6096,colour,80,,false,,Hazen,,80,jakkur-2015
jakkur-2015,jakkur-lake-jk-8,JK-8,Jakkur Lake,Main gate inlet chamber,2016-03-03,13.083533,77.6096,turbidity,36.4,,false,,NTU,,36.4,jakkur-2015
jakkur-2015,jakkur-lake-jk-8,JK-8,Jakkur Lake,Main gate inlet chamber,2016-03-03,13.083533,77.6096,ph,6.98,,false,,,,6.98,jakkur-2015
jakkur-2015,jakkur-lake-jk-8,JK-8,Jakkur Lake,Main gate inlet chamber,2016-03-03,13.083533,77.6096,conductivity,966,,false,,uS/cm,,966,jakkur-2015
jakkur-2015,jakkur-lake-jk-8,JK-8,Jakkur Lake,Main gate inlet chamber,2016-03-03,13.083533,77.6096,orp,-13,,false,,mV,,-13,jakkur-2015
jakkur-2015,jakkur-lake-jk-8,JK-8,Jakkur Lake,Main gate inlet chamber,2016-03-03,13.083533,77.6096,dissolvedOxygen,0.00,,false,,mg/L,,0.00,jakkur-2015
jakkur-2015,jakkur-lake-jk-8,JK-8,Jakkur Lake,Main gate inlet chamber,2016-03-03,13.083533,77.6096,nitrate,2.64,,false,,mg/L,,2.64,jakkur-2015
jakkur-2015,jakkur-lake-jk-8,JK-8,Jakkur Lake,Main gate inlet chamber,2016-03-03,13.083533,77.6096,totalAlkalinity,352,,false,,mg/L,,352,jakkur-2015
jakkur-2015,jakkur-lake-jk-8,JK-8,Jakkur Lake,Main gate inlet chamber,2016-03-03,13.083533,77.6096,fecalColiform,92000,,false,,MPN/100mL,,9.2E+04,jakkur-2015
jakkur-2015,jakkur-lake-jk-8,JK-8,Jakkur Lake,Main gate inlet chamber,2016-03-03,13.083533,77.6096,tss,120,,false,,mg/L,,120,jakkur-2015
jakkur-2015,jakkur-lake-jk-8,JK-8,Jakkur Lake,Main gate inlet chamber,2016-03-03,13.083533,77.6096,bod,150.0,,false,,mg/L,,150.0,jakkur-2015
jakkur-2015,jakkur-lake-jk-8,JK-8,Jakkur Lake,Main gate inlet chamber,2016-03-03,13.083533,77.6096,dissolvedBod,44.0,,false,,mg/L,,44.0,jakkur-2015
jakkur-2015,jakkur-lake-jk-8,JK-8,Jakkur Lake,Main gate inlet chamber,2016-03-03,13.083533,77.6096,cod,175.0,,false,,mg/L,,175.0,jakkur-2015
jakkur-2015,jakkur-lake-jk-8,JK-8,Jakkur Lake,Main gate inlet chamber,2016-03-03,13.083533,77.6096,dissolvedCod,105.0,,false,,mg/L,,105.0,jakkur-2015
jakkur-2015,jakkur-lake-jk-8,JK-8,Jakkur Lake,Main gate inlet chamber,2016-03-03,13.083533,77.6096,phosphate,0.5,,false,,mg/L,,0.5,jakkur-2015
jakkur-2015,jakkur-lake-jk-8,JK-8,Jakkur Lake,Main gate inlet chamber,2016-03-03,13.083533,77.6096,ammoniacalNitrogen,1,,false,,mg/L as N,,1,jakkur-2015
jakkur-2015,jakkur-lake-jk-1,JK-1,Jakkur Lake,Main gate water Runoff point,2016-03-17,13.083533,77.6096,temperature,32.4,,false,,degC,,32.4,jakkur-2015
jakkur-2015,jakkur-lake-jk-1,JK-1,Jakkur Lake,Main gate water Runoff point,2016-03-17,13.083533,77.6096,colour,80,,false,,Hazen,,80,jakkur-2015
jakkur-2015,jakkur-lake-jk-1,JK-1,Jakkur Lake,Main gate water Runoff point,2016-03-17,13.083533,77.6096,turbidity,79.4,,false,,NTU,,79.4,jakkur-2015
jakkur-2015,jakkur-lake-jk-1,JK-1,Jakkur Lake,Main gate water Runoff point,2016-03-17,13.083533,77.6096,ph,9.10,,false,,,,9.10,jakkur-2015
jakkur-2015,jakkur-lake-jk-1,JK-1,Jakkur Lake,Main gate water Runoff point,2016-03-17,13.083533,77.6096,conductivity,1150,,false,,uS/cm,,1150,jakkur-2015
jakkur-2015,jakkur-lake-jk-1,JK-1,Jakkur Lake,Main gate water Runoff point,2016-03-17,13.083533,77.6096,orp,-137,,false,,mV,,-137,jakkur-2015
jakkur-2015,jakkur-lake-jk-1,JK-1,Jakkur Lake,Main gate water Runoff point,2016-03-17,13.083533,77.6096,dissolvedOxygen,22.20,,false,,mg/L,,22.20,jakkur-2015
jakkur-2015,jakkur-lake-jk-1,JK-1,Jakkur Lake,Main gate water Runoff point,2016-03-17,13.083533,77.6096,nitrate,8.80,,false,,mg/L,,8.80,jakkur-2015
jakkur-2015,jakkur-lake-jk-1,JK-1,Jakkur Lake,Main gate water Runoff point,2016-03-17,13.083533,77.6096,totalAlkalinity,264,,false,,mg/L,,264,jakkur-2015
jakkur-2015,jakkur-lake-jk-1,JK-1,Jakkur Lake,Main gate water Runoff point,2016-03-17,13.083533,77.6096,fecalColiform,400,,false,,MPN/100mL,,4.0E+02,jakkur-2015
jakkur-2015,jakkur-lake-jk-1,JK-1,Jakkur Lake,Main gate water Runoff point,2016-03-17,13.083533,77.6096,tss,90,,false,,mg/L,,90,jakkur-2015
jakkur-2015,jakkur-lake-jk-1,JK-1,Jakkur Lake,Main gate water Runoff point,2016-03-17,13.083533,77.6096,bod,23.00,,false,,mg/L,,23.00,jakkur-2015
jakkur-2015,jakkur-lake-jk-1,JK-1,Jakkur Lake,Main gate water Runoff point,2016-03-17,13.083533,77.6096,dissolvedBod,5.6,,false,,mg/L,,5.6,jakkur-2015
jakkur-2015,jakkur-lake-jk-1,JK-1,Jakkur Lake,Main gate water Runoff point,2016-03-17,13.083533,77.6096,cod,190.0,,false,,mg/L,,190.0,jakkur-2015
jakkur-2015,jakkur-lake-jk-1,JK-1,Jakkur Lake,Main gate water Runoff point,2016-03-17,13.083533,77.6096,dissolvedCod,80.0,,false,,mg/L,,80.0,jakkur-2015
jakkur-2015,jakkur-lake-jk-1,JK-1,Jakkur Lake,Main gate water Runoff point,2016-03-17,13.083533,77.6096,phosphate,0.8,,false,,mg/L,,0.8,jakkur-2015
jakkur-2015,jakkur-lake-jk-1,JK-1,Jakkur Lake,Main gate water Runoff point,2016-03-17,13.083533,77.6096,ammoniacalNitrogen,2,,false,,mg/L as N,,2,jakkur-2015
jakkur-2015,jakkur-lake-jk-2,JK-2,Jakkur Lake,Wetland Outlet point,2016-03-17,13.09235,77.607283,temperature,28.9,,false,,degC,,28.9,jakkur-2015
jakkur-2015,jakkur-lake-jk-2,JK-2,Jakkur Lake,Wetland Outlet point,2016-03-17,13.09235,77.607283,colour,60,,false,,Hazen,,60,jakkur-2015
jakkur-2015,jakkur-lake-jk-2,JK-2,Jakkur Lake,Wetland Outlet point,2016-03-17,13.09235,77.607283,turbidity,10.4,,false,,NTU,,10.4,jakkur-2015
jakkur-2015,jakkur-lake-jk-2,JK-2,Jakkur Lake,Wetland Outlet point,2016-03-17,13.09235,77.607283,ph,7.49,,false,,,,7.49,jakkur-2015
jakkur-2015,jakkur-lake-jk-2,JK-2,Jakkur Lake,Wetland Outlet point,2016-03-17,13.09235,77.607283,conductivity,1413,,false,,uS/cm,,1413,jakkur-2015
jakkur-2015,jakkur-lake-jk-2,JK-2,Jakkur Lake,Wetland Outlet point,2016-03-17,13.09235,77.607283,orp,-38,,false,,mV,,-38,jakkur-2015
jakkur-2015,jakkur-lake-jk-2,JK-2,Jakkur Lake,Wetland Outlet point,2016-03-17,13.09235,77.607283,dissolvedOxygen,1.30,,false,,mg/L,,1.30,jakkur-2015
jakkur-2015,jakkur-lake-jk-2,JK-2,Jakkur Lake,Wetland Outlet point,2016-03-17,13.09235,77.607283,nitrate,3.52,,false,,mg/L,,3.52,jakkur-2015
jakkur-2015,jakkur-lake-jk-2,JK-2,Jakkur Lake,Wetland Outlet point,2016-03-17,13.09235,77.607283,totalAlkalinity,436,,false,,mg/L,,436,jakkur-2015
jakkur-2015,jakkur-lake-jk-2,JK-2,Jakkur Lake,Wetland Outlet point,2016-03-17,13.09235,77.607283,fecalColiform,680,,false,,MPN/100mL,,6.8E+02,jakkur-2015
jakkur-2015,jakkur-lake-jk-2,JK-2,Jakkur Lake,Wetland Outlet point,2016-03-17,13.09235,77.607283,tss,20,,false,,mg/L,,20,jakkur-2015
jakkur-2015,jakkur-lake-jk-2,JK-2,Jakkur Lake,Wetland Outlet point,2016-03-17,13.09235,77.607283,bod,17.00,,false,,mg/L,,17.00,jakkur-2015
jakkur-2015,jakkur-lake-jk-2,JK-2,Jakkur Lake,Wetland Outlet point,2016-03-17,13.09235,77.607283,dissolvedBod,12.0,,false,,mg/L,,12.0,jakkur-2015
jakkur-2015,jakkur-lake-jk-2,JK-2,Jakkur Lake,Wetland Outlet point,2016-03-17,13.09235,77.607283,cod,210.0,,false,,mg/L,,210.0,jakkur-2015
jakkur-2015,jakkur-lake-jk-2,JK-2,Jakkur Lake,Wetland Outlet point,2016-03-17,13.09235,77.607283,dissolvedCod,90.0,,false,,mg/L,,90.0,jakkur-2015
jakkur-2015,jakkur-lake-jk-2,JK-2,Jakkur Lake,Wetland Outlet point,2016-03-17,13.09235,77.607283,phosphate,2.5,,false,,mg/L,,2.5,jakkur-2015
jakkur-2015,jakkur-lake-jk-2,JK-2,Jakkur Lake,Wetland Outlet point,2016-03-17,13.09235,77.607283,ammoniacalNitrogen,11,,false,,mg/L as N,,11,jakkur-2015
jakkur-2015,jakkur-lake-jk-3,JK-3,Jakkur Lake,Jakkur lake STP outlet point,2016-03-17,13.094333,77.607667,temperature,28.3,,false,,degC,,28.3,jakkur-2015
jakkur-2015,jakkur-lake-jk-3,JK-3,Jakkur Lake,Jakkur lake STP outlet point,2016-03-17,13.094333,77.607667,colour,60,,false,,Hazen,,60,jakkur-2015
jakkur-2015,jakkur-lake-jk-3,JK-3,Jakkur Lake,Jakkur lake STP outlet point,2016-03-17,13.094333,77.607667,turbidity,20.3,,false,,NTU,,20.3,jakkur-2015
jakkur-2015,jakkur-lake-jk-3,JK-3,Jakkur Lake,Jakkur lake STP outlet point,2016-03-17,13.094333,77.607667,ph,7.78,,false,,,,7.78,jakkur-2015
jakkur-2015,jakkur-lake-jk-3,JK-3,Jakkur Lake,Jakkur lake STP outlet point,2016-03-17,13.094333,77.607667,conductivity,1424,,false,,uS/cm,,1424,jakkur-2015
jakkur-2015,jakkur-lake-jk-3,JK-3,Jakkur Lake,Jakkur lake STP outlet point,2016-03-17,13.094333,77.607667,orp,-58,,false,,mV,,-58,jakkur-2015
jakkur-2015,jakkur-lake-jk-3,JK-3,Jakkur Lake,Jakkur lake STP outlet point,2016-03-17,13.094333,77.607667,dissolvedOxygen,2.10,,false,,mg/L,,2.10,jakkur-2015
jakkur-2015,jakkur-lake-jk-3,JK-3,Jakkur Lake,Jakkur lake STP outlet point,2016-03-17,13.094333,77.607667,nitrate,3.96,,false,,mg/L,,3.96,jakkur-2015
jakkur-2015,jakkur-lake-jk-3,JK-3,Jakkur Lake,Jakkur lake STP outlet point,2016-03-17,13.094333,77.607667,totalAlkalinity,400,,false,,mg/L,,400,jakkur-2015
jakkur-2015,jakkur-lake-jk-3,JK-3,Jakkur Lake,Jakkur lake STP outlet point,2016-03-17,13.094333,77.607667,fecalColiform,9300,,false,,MPN/100mL,,9.3E+03,jakkur-2015
jakkur-2015,jakkur-lake-jk-3,JK-3,Jakkur Lake,Jakkur lake STP outlet point,2016-03-17,13.094333,77.607667,tss,40,,false,,mg/L,,40,jakkur-2015
jakkur-2015,jakkur-lake-jk-3,JK-3,Jakkur Lake,Jakkur lake STP outlet point,2016-03-17,13.094333,77.607667,bod,34.00,,false,,mg/L,,34.00,jakkur-2015
jakkur-2015,jakkur-lake-jk-3,JK-3,Jakkur Lake,Jakkur lake STP outlet point,2016-03-17,13.094333,77.607667,dissolvedBod,11.2,,false,,mg/L,,11.2,jakkur-2015
jakkur-2015,jakkur-lake-jk-3,JK-3,Jakkur Lake,Jakkur lake STP outlet point,2016-03-17,13.094333,77.607667,cod,160.0,,false,,mg/L,,160.0,jakkur-2015
jakkur-2015,jakkur-lake-jk-3,JK-3,Jakkur Lake,Jakkur lake STP outlet point,2016-03-17,13.094333,77.607667,dissolvedCod,60.0,,false,,mg/L,,60.0,jakkur-2015
jakkur-2015,jakkur-lake-jk-3,JK-3,Jakkur Lake,Jakkur lake STP outlet point,2016-03-17,13.094333,77.607667,phosphate,3.7,,false,,mg/L,,3.7,jakkur-2015
jakkur-2015,jakkur-lake-jk-3,JK-3,Jakkur Lake,Jakkur lake STP outlet point,2016-03-17,13.094333,77.607667,ammoniacalNitrogen,12,,false,,mg/L as N,,12,jakkur-2015
jakkur-2015,jakkur-lake-jk-4,JK-4,Jakkur Lake,Raw sewage point,2016-03-17,13.094333,77.607667,temperature,28.2,,false,,degC,,28.2,jakkur-2015
jakkur-2015,jakkur-lake-jk-4,JK-4,Jakkur Lake,Raw sewage point,2016-03-17,13.094333,77.607667,colour,90,,false,,Hazen,,90,jakkur-2015
jakkur-2015,jakkur-lake-jk-4,JK-4,Jakkur Lake,Raw sewage point,2016-03-17,13.094333,77.607667,turbidity,26.3,,false,,NTU,,26.3,jakkur-2015
jakkur-2015,jakkur-lake-jk-4,JK-4,Jakkur Lake,Raw sewage point,2016-03-17,13.094333,77.607667,ph,7.42,,false,,,,7.42,jakkur-2015
jakkur-2015,jakkur-lake-jk-4,JK-4,Jakkur Lake,Raw sewage point,2016-03-17,13.094333,77.607667,conductivity,2170,,false,,uS/cm,,2170,jakkur-2015
jakkur-2015,jakkur-lake-jk-4,JK-4,Jakkur Lake,Raw sewage point,2016-03-17,13.094333,77.607667,orp,-37,,false,,mV,,-37,jakkur-2015
jakkur-2015,jakkur-lake-jk-4,JK-4,Jakkur Lake,Raw sewage point,2016-03-17,13.094333,77.607667,dissolvedOxygen,0.00,,false,,mg/L,,0.00,jakkur-2015
jakkur-2015,jakkur-lake-jk-4,JK-4,Jakkur Lake,Raw sewage point,2016-03-17,13.094333,77.607667,nitrate,1.32,,false,,mg/L,,1.32,jakkur-2015
jakkur-2015,jakkur-lake-jk-4,JK-4,Jakkur Lake,Raw sewage point,2016-03-17,13.094333,77.607667,totalAlkalinity,648,,false,,mg/L,,648,jakkur-2015
jakkur-2015,jakkur-lake-jk-4,JK-4,Jakkur Lake,Raw sewage point,2016-03-17,13.094333,77.607667,fecalColiform,330000,,false,,MPN/100mL,,3.3E+05,jakkur-2015
jakkur-2015,jakkur-lake-jk-4,JK-4,Jakkur Lake,Raw sewage point,2016-03-17,13.094333,77.607667,tss,110,,false,,mg/L,,110,jakkur-2015
jakkur-2015,jakkur-lake-jk-4,JK-4,Jakkur Lake,Raw sewage point,2016-03-17,13.094333,77.607667,bod,56.00,,false,,mg/L,,56.00,jakkur-2015
jakkur-2015,jakkur-lake-jk-4,JK-4,Jakkur Lake,Raw sewage point,2016-03-17,13.094333,77.607667,dissolvedBod,28.0,,false,,mg/L,,28.0,jakkur-2015
jakkur-2015,jakkur-lake-jk-4,JK-4,Jakkur Lake,Raw sewage point,2016-03-17,13.094333,77.607667,cod,150.0,,false,,mg/L,,150.0,jakkur-2015
jakkur-2015,jakkur-lake-jk-4,JK-4,Jakkur Lake,Raw sewage point,2016-03-17,13.094333,77.607667,dissolvedCod,80.0,,false,,mg/L,,80.0,jakkur-2015
jakkur-2015,jakkur-lake-jk-4,JK-4,Jakkur Lake,Raw sewage point,2016-03-17,13.094333,77.607667,phosphate,3.7,,false,,mg/L,,3.7,jakkur-2015
jakkur-2015,jakkur-lake-jk-4,JK-4,Jakkur Lake,Raw sewage point,2016-03-17,13.094333,77.607667,ammoniacalNitrogen,15,,false,,mg/L as N,,15,jakkur-2015
jakkur-2015,jakkur-lake-jk-6,JK-6,Jakkur Lake,Jakkur lake outlet point I,2016-03-17,13.0802,77.614667,temperature,31.2,,false,,degC,,31.2,jakkur-2015
jakkur-2015,jakkur-lake-jk-6,JK-6,Jakkur Lake,Jakkur lake outlet point I,2016-03-17,13.0802,77.614667,colour,80,,false,,Hazen,,80,jakkur-2015
jakkur-2015,jakkur-lake-jk-6,JK-6,Jakkur Lake,Jakkur lake outlet point I,2016-03-17,13.0802,77.614667,turbidity,70.3,,false,,NTU,,70.3,jakkur-2015
jakkur-2015,jakkur-lake-jk-6,JK-6,Jakkur Lake,Jakkur lake outlet point I,2016-03-17,13.0802,77.614667,ph,9.05,,false,,,,9.05,jakkur-2015
jakkur-2015,jakkur-lake-jk-6,JK-6,Jakkur Lake,Jakkur lake outlet point I,2016-03-17,13.0802,77.614667,conductivity,1149,,false,,uS/cm,,1149,jakkur-2015
jakkur-2015,jakkur-lake-jk-6,JK-6,Jakkur Lake,Jakkur lake outlet point I,2016-03-17,13.0802,77.614667,orp,-137,,false,,mV,,-137,jakkur-2015
jakkur-2015,jakkur-lake-jk-6,JK-6,Jakkur Lake,Jakkur lake outlet point I,2016-03-17,13.0802,77.614667,dissolvedOxygen,24.20,,false,,mg/L,,24.20,jakkur-2015
jakkur-2015,jakkur-lake-jk-6,JK-6,Jakkur Lake,Jakkur lake outlet point I,2016-03-17,13.0802,77.614667,nitrate,7.92,,false,,mg/L,,7.92,jakkur-2015
jakkur-2015,jakkur-lake-jk-6,JK-6,Jakkur Lake,Jakkur lake outlet point I,2016-03-17,13.0802,77.614667,totalAlkalinity,240,,false,,mg/L,,240,jakkur-2015
jakkur-2015,jakkur-lake-jk-6,JK-6,Jakkur Lake,Jakkur lake outlet point I,2016-03-17,13.0802,77.614667,fecalColiform,820,,false,,MPN/100mL,,8.2E+02,jakkur-2015
jakkur-2015,jakkur-lake-jk-6,JK-6,Jakkur Lake,Jakkur lake outlet point I,2016-03-17,13.0802,77.614667,tss,80,,false,,mg/L,,80,jakkur-2015
jakkur-2015,jakkur-lake-jk-6,JK-6,Jakkur Lake,Jakkur lake outlet point I,2016-03-17,13.0802,77.614667,bod,21.00,,false,,mg/L,,21.00,jakkur-2015
jakkur-2015,jakkur-lake-jk-6,JK-6,Jakkur Lake,Jakkur lake outlet point I,2016-03-17,13.0802,77.614667,dissolvedBod,6.8,,false,,mg/L,,6.8,jakkur-2015
jakkur-2015,jakkur-lake-jk-6,JK-6,Jakkur Lake,Jakkur lake outlet point I,2016-03-17,13.0802,77.614667,cod,200.0,,false,,mg/L,,200.0,jakkur-2015
jakkur-2015,jakkur-lake-jk-6,JK-6,Jakkur Lake,Jakkur lake outlet point I,2016-03-17,13.0802,77.614667,dissolvedCod,90.0,,false,,mg/L,,90.0,jakkur-2015
jakkur-2015,jakkur-lake-jk-6,JK-6,Jakkur Lake,Jakkur lake outlet point I,2016-03-17,13.0802,77.614667,phosphate,0.6,,false,,mg/L,,0.6,jakkur-2015
jakkur-2015,jakkur-lake-jk-6,JK-6,Jakkur Lake,Jakkur lake outlet point I,2016-03-17,13.0802,77.614667,ammoniacalNitrogen,0,,false,,mg/L as N,,0,jakkur-2015
jakkur-2015,jakkur-lake-jk-7,JK-7,Jakkur Lake,Jakkur lake outlet point II,2016-03-17,,,temperature,30.5,,false,,degC,,30.5,jakkur-2015
jakkur-2015,jakkur-lake-jk-7,JK-7,Jakkur Lake,Jakkur lake outlet point II,2016-03-17,,,colour,70,,false,,Hazen,,70,jakkur-2015
jakkur-2015,jakkur-lake-jk-7,JK-7,Jakkur Lake,Jakkur lake outlet point II,2016-03-17,,,turbidity,47.6,,false,,NTU,,47.6,jakkur-2015
jakkur-2015,jakkur-lake-jk-7,JK-7,Jakkur Lake,Jakkur lake outlet point II,2016-03-17,,,ph,8.55,,false,,,,8.55,jakkur-2015
jakkur-2015,jakkur-lake-jk-7,JK-7,Jakkur Lake,Jakkur lake outlet point II,2016-03-17,,,conductivity,1199,,false,,uS/cm,,1199,jakkur-2015
jakkur-2015,jakkur-lake-jk-7,JK-7,Jakkur Lake,Jakkur lake outlet point II,2016-03-17,,,orp,-104,,false,,mV,,-104,jakkur-2015
jakkur-2015,jakkur-lake-jk-7,JK-7,Jakkur Lake,Jakkur lake outlet point II,2016-03-17,,,dissolvedOxygen,3.80,,false,,mg/L,,3.80,jakkur-2015
jakkur-2015,jakkur-lake-jk-7,JK-7,Jakkur Lake,Jakkur lake outlet point II,2016-03-17,,,nitrate,7.04,,false,,mg/L,,7.04,jakkur-2015
jakkur-2015,jakkur-lake-jk-7,JK-7,Jakkur Lake,Jakkur lake outlet point II,2016-03-17,,,totalAlkalinity,300,,false,,mg/L,,300,jakkur-2015
jakkur-2015,jakkur-lake-jk-7,JK-7,Jakkur Lake,Jakkur lake outlet point II,2016-03-17,,,fecalColiform,920,,false,,MPN/100mL,,9.2E+02,jakkur-2015
jakkur-2015,jakkur-lake-jk-7,JK-7,Jakkur Lake,Jakkur lake outlet point II,2016-03-17,,,tss,50,,false,,mg/L,,50,jakkur-2015
jakkur-2015,jakkur-lake-jk-7,JK-7,Jakkur Lake,Jakkur lake outlet point II,2016-03-17,,,bod,19.00,,false,,mg/L,,19.00,jakkur-2015
jakkur-2015,jakkur-lake-jk-7,JK-7,Jakkur Lake,Jakkur lake outlet point II,2016-03-17,,,dissolvedBod,6.8,,false,,mg/L,,6.8,jakkur-2015
jakkur-2015,jakkur-lake-jk-7,JK-7,Jakkur Lake,Jakkur lake outlet point II,2016-03-17,,,cod,280.0,,false,,mg/L,,280.0,jakkur-2015
jakkur-2015,jakkur-lake-jk-7,JK-7,Jakkur Lake,Jakkur lake outlet point II,2016-03-17,,,dissolvedCod,70.0,,false,,mg/L,,70.0,jakkur-2015
jakkur-2015,jakkur-lake-jk-7,JK-7,Jakkur Lake,Jakkur lake outlet point II,2016-03-17,,,phosphate,1.0,,false,,mg/L,,1.0,jakkur-2015
jakkur-2015,jakkur-lake-jk-7,JK-7,Jakkur Lake,Jakkur lake outlet point II,2016-03-17,,,ammoniacalNitrogen,1,,false,,mg/L as N,,1,jakkur-2015
jakkur-2015,jakkur-lake-jk-8,JK-8,Jakkur Lake,Main gate inlet chamber,2016-03-17,13.083533,77.6096,temperature,31.1,,false,,degC,,31.1,jakkur-2015
jakkur-2015,jakkur-lake-jk-8,JK-8,Jakkur Lake,Main gate inlet chamber,2016-03-17,13.083533,77.6096,colour,100,,false,,Hazen,,100,jakkur-2015
jakkur-2015,jakkur-lake-jk-8,JK-8,Jakkur Lake,Main gate inlet chamber,2016-03-17,13.083533,77.6096,turbidity,65.1,,false,,NTU,,65.1,jakkur-2015
jakkur-2015,jakkur-lake-jk-8,JK-8,Jakkur Lake,Main gate inlet chamber,2016-03-17,13.083533,77.6096,ph,6.87,,false,,,,6.87,jakkur-2015
jakkur-2015,jakkur-lake-jk-8,JK-8,Jakkur Lake,Main gate inlet chamber,2016-03-17,13.083533,77.6096,conductivity,946,,false,,uS/cm,,946,jakkur-2015
jakkur-2015,jakkur-lake-jk-8,JK-8,Jakkur Lake,Main gate inlet chamber,2016-03-17,13.083533,77.6096,orp,-5,,false,,mV,,-5,jakkur-2015
jakkur-2015,jakkur-lake-jk-8,JK-8,Jakkur Lake,Main gate inlet chamber,2016-03-17,13.083533,77.6096,dissolvedOxygen,0.00,,false,,mg/L,,0.00,jakkur-2015
jakkur-2015,jakkur-lake-jk-8,JK-8,Jakkur Lake,Main gate inlet chamber,2016-03-17,13.083533,77.6096,nitrate,3.08,,false,,mg/L,,3.08,jakkur-2015
jakkur-2015,jakkur-lake-jk-8,JK-8,Jakkur Lake,Main gate inlet chamber,2016-03-17,13.083533,77.6096,totalAlkalinity,332,,false,,mg/L,,332,jakkur-2015
jakkur-2015,jakkur-lake-jk-8,JK-8,Jakkur Lake,Main gate inlet chamber,2016-03-17,13.083533,77.6096,fecalColiform,2200,,false,,MPN/100mL,,2.2E+03,jakkur-2015
jakkur-2015,jakkur-lake-jk-8,JK-8,Jakkur Lake,Main gate inlet chamber,2016-03-17,13.083533,77.6096,tss,110,,false,,mg/L,,110,jakkur-2015
jakkur-2015,jakkur-lake-jk-8,JK-8,Jakkur Lake,Main gate inlet chamber,2016-03-17,13.083533,77.6096,bod,80.0,,false,,mg/L,,80.0,jakkur-2015
jakkur-2015,jakkur-lake-jk-8,JK-8,Jakkur Lake,Main gate inlet chamber,2016-03-17,13.083533,77.6096,dissolvedBod,22.0,,false,,mg/L,,22.0,jakkur-2015
jakkur-2015,jakkur-lake-jk-8,JK-8,Jakkur Lake,Main gate inlet chamber,2016-03-17,13.083533,77.6096,cod,210.0,,false,,mg/L,,210.0,jakkur-2015
jakkur-2015,jakkur-lake-jk-8,JK-8,Jakkur Lake,Main gate inlet chamber,2016-03-17,13.083533,77.6096,dissolvedCod,130.0,,false,,mg/L,,130.0,jakkur-2015
jakkur-2015,jakkur-lake-jk-8,JK-8,Jakkur Lake,Main gate inlet chamber,2016-03-17,13.083533,77.6096,phosphate,3.1,,false,,mg/L,,3.1,jakkur-2015
jakkur-2015,jakkur-lake-jk-8,JK-8,Jakkur Lake,Main gate inlet chamber,2016-03-17,13.083533,77.6096,ammoniacalNitrogen,10,,false,,mg/L as N,,10,jakkur-2015
jakkur-2015,jakkur-lake-jk-1,JK-1,Jakkur Lake,Main gate water Runoff point,2016-04-13,13.083533,77.6096,temperature,30.8,,false,,degC,,30.8,jakkur-2015
jakkur-2015,jakkur-lake-jk-1,JK-1,Jakkur Lake,Main gate water Runoff point,2016-04-13,13.083533,77.6096,colour,80,,false,,Hazen,,80,jakkur-2015
jakkur-2015,jakkur-lake-jk-1,JK-1,Jakkur Lake,Main gate water Runoff point,2016-04-13,13.083533,77.6096,turbidity,76.0,,false,,NTU,,76.0,jakkur-2015
jakkur-2015,jakkur-lake-jk-1,JK-1,Jakkur Lake,Main gate water Runoff point,2016-04-13,13.083533,77.6096,ph,9.07,,false,,,,9.07,jakkur-2015
jakkur-2015,jakkur-lake-jk-1,JK-1,Jakkur Lake,Main gate water Runoff point,2016-04-13,13.083533,77.6096,conductivity,1228,,false,,uS/cm,,1228,jakkur-2015
jakkur-2015,jakkur-lake-jk-1,JK-1,Jakkur Lake,Main gate water Runoff point,2016-04-13,13.083533,77.6096,orp,-134,,false,,mV,,-134,jakkur-2015
jakkur-2015,jakkur-lake-jk-1,JK-1,Jakkur Lake,Main gate water Runoff point,2016-04-13,13.083533,77.6096,dissolvedOxygen,17.60,,false,,mg/L,,17.60,jakkur-2015
jakkur-2015,jakkur-lake-jk-1,JK-1,Jakkur Lake,Main gate water Runoff point,2016-04-13,13.083533,77.6096,nitrate,6.16,,false,,mg/L,,6.16,jakkur-2015
jakkur-2015,jakkur-lake-jk-1,JK-1,Jakkur Lake,Main gate water Runoff point,2016-04-13,13.083533,77.6096,totalAlkalinity,276,,false,,mg/L,,276,jakkur-2015
jakkur-2015,jakkur-lake-jk-1,JK-1,Jakkur Lake,Main gate water Runoff point,2016-04-13,13.083533,77.6096,fecalColiform,680,,false,,MPN/100mL,,6.8E+02,jakkur-2015
jakkur-2015,jakkur-lake-jk-1,JK-1,Jakkur Lake,Main gate water Runoff point,2016-04-13,13.083533,77.6096,tss,80,,false,,mg/L,,80,jakkur-2015
jakkur-2015,jakkur-lake-jk-1,JK-1,Jakkur Lake,Main gate water Runoff point,2016-04-13,13.083533,77.6096,bod,18.0,,false,,mg/L,,18.0,jakkur-2015
jakkur-2015,jakkur-lake-jk-1,JK-1,Jakkur Lake,Main gate water Runoff point,2016-04-13,13.083533,77.6096,dissolvedBod,2.2,,false,,mg/L,,2.2,jakkur-2015
jakkur-2015,jakkur-lake-jk-1,JK-1,Jakkur Lake,Main gate water Runoff point,2016-04-13,13.083533,77.6096,cod,125.0,,false,,mg/L,,125.0,jakkur-2015
jakkur-2015,jakkur-lake-jk-1,JK-1,Jakkur Lake,Main gate water Runoff point,2016-04-13,13.083533,77.6096,dissolvedCod,25.0,,false,,mg/L,,25.0,jakkur-2015
jakkur-2015,jakkur-lake-jk-1,JK-1,Jakkur Lake,Main gate water Runoff point,2016-04-13,13.083533,77.6096,phosphate,0.8,,false,,mg/L,,0.8,jakkur-2015
jakkur-2015,jakkur-lake-jk-1,JK-1,Jakkur Lake,Main gate water Runoff point,2016-04-13,13.083533,77.6096,ammoniacalNitrogen,3,,false,,mg/L as N,,3,jakkur-2015
jakkur-2015,jakkur-lake-jk-2,JK-2,Jakkur Lake,Wetland Outlet point,2016-04-13,13.09235,77.607283,temperature,27.5,,false,,degC,,27.5,jakkur-2015
jakkur-2015,jakkur-lake-jk-2,JK-2,Jakkur Lake,Wetland Outlet point,2016-04-13,13.09235,77.607283,colour,60,,false,,Hazen,,60,jakkur-2015
jakkur-2015,jakkur-lake-jk-2,JK-2,Jakkur Lake,Wetland Outlet point,2016-04-13,13.09235,77.607283,turbidity,7.7,,false,,NTU,,7.7,jakkur-2015
jakkur-2015,jakkur-lake-jk-2,JK-2,Jakkur Lake,Wetland Outlet point,2016-04-13,13.09235,77.607283,ph,7.39,,false,,,,7.39,jakkur-2015
jakkur-2015,jakkur-lake-jk-2,JK-2,Jakkur Lake,Wetland Outlet point,2016-04-13,13.09235,77.607283,conductivity,1501,,false,,uS/cm,,1501,jakkur-2015
jakkur-2015,jakkur-lake-jk-2,JK-2,Jakkur Lake,Wetland Outlet point,2016-04-13,13.09235,77.607283,orp,-35,,false,,mV,,-35,jakkur-2015
jakkur-2015,jakkur-lake-jk-2,JK-2,Jakkur Lake,Wetland Outlet point,2016-04-13,13.09235,77.607283,dissolvedOxygen,1.10,,false,,mg/L,,1.10,jakkur-2015
jakkur-2015,jakkur-lake-jk-2,JK-2,Jakkur Lake,Wetland Outlet point,2016-04-13,13.09235,77.607283,nitrate,4.40,,false,,mg/L,,4.40,jakkur-2015
jakkur-2015,jakkur-lake-jk-2,JK-2,Jakkur Lake,Wetland Outlet point,2016-04-13,13.09235,77.607283,totalAlkalinity,452,,false,,mg/L,,452,jakkur-2015
jakkur-2015,jakkur-lake-jk-2,JK-2,Jakkur Lake,Wetland Outlet point,2016-04-13,13.09235,77.607283,fecalColiform,6100,,false,,MPN/100mL,,6.1E+03,jakkur-2015
jakkur-2015,jakkur-lake-jk-2,JK-2,Jakkur Lake,Wetland Outlet point,2016-04-13,13.09235,77.607283,tss,10,,false,,mg/L,,10,jakkur-2015
jakkur-2015,jakkur-lake-jk-2,JK-2,Jakkur Lake,Wetland Outlet point,2016-04-13,13.09235,77.607283,bod,11.0,,false,,mg/L,,11.0,jakkur-2015
jakkur-2015,jakkur-lake-jk-2,JK-2,Jakkur Lake,Wetland Outlet point,2016-04-13,13.09235,77.607283,dissolvedBod,7.2,,false,,mg/L,,7.2,jakkur-2015
jakkur-2015,jakkur-lake-jk-2,JK-2,Jakkur Lake,Wetland Outlet point,2016-04-13,13.09235,77.607283,cod,25.0,,false,,mg/L,,25.0,jakkur-2015
jakkur-2015,jakkur-lake-jk-2,JK-2,Jakkur Lake,Wetland Outlet point,2016-04-13,13.09235,77.607283,dissolvedCod,15.0,,false,,mg/L,,15.0,jakkur-2015
jakkur-2015,jakkur-lake-jk-2,JK-2,Jakkur Lake,Wetland Outlet point,2016-04-13,13.09235,77.607283,phosphate,3.2,,false,,mg/L,,3.2,jakkur-2015
jakkur-2015,jakkur-lake-jk-2,JK-2,Jakkur Lake,Wetland Outlet point,2016-04-13,13.09235,77.607283,ammoniacalNitrogen,23,,false,,mg/L as N,,23,jakkur-2015
jakkur-2015,jakkur-lake-jk-3,JK-3,Jakkur Lake,Jakkur lake STP outlet point,2016-04-13,13.094333,77.607667,temperature,29.3,,false,,degC,,29.3,jakkur-2015
jakkur-2015,jakkur-lake-jk-3,JK-3,Jakkur Lake,Jakkur lake STP outlet point,2016-04-13,13.094333,77.607667,colour,60,,false,,Hazen,,60,jakkur-2015
jakkur-2015,jakkur-lake-jk-3,JK-3,Jakkur Lake,Jakkur lake STP outlet point,2016-04-13,13.094333,77.607667,turbidity,16.9,,false,,NTU,,16.9,jakkur-2015
jakkur-2015,jakkur-lake-jk-3,JK-3,Jakkur Lake,Jakkur lake STP outlet point,2016-04-13,13.094333,77.607667,ph,7.69,,false,,,,7.69,jakkur-2015
jakkur-2015,jakkur-lake-jk-3,JK-3,Jakkur Lake,Jakkur lake STP outlet point,2016-04-13,13.094333,77.607667,conductivity,1405,,false,,uS/cm,,1405,jakkur-2015
jakkur-2015,jakkur-lake-jk-3,JK-3,Jakkur Lake,Jakkur lake STP outlet point,2016-04-13,13.094333,77.607667,orp,-53,,false,,mV,,-53,jakkur-2015
jakkur-2015,jakkur-lake-jk-3,JK-3,Jakkur Lake,Jakkur lake STP outlet point,2016-04-13,13.094333,77.607667,dissolvedOxygen,2.20,,false,,mg/L,,2.20,jakkur-2015
jakkur-2015,jakkur-lake-jk-3,JK-3,Jakkur Lake,Jakkur lake STP outlet point,2016-04-13,13.094333,77.607667,nitrate,8.36,,false,,mg/L,,8.36,jakkur-2015
jakkur-2015,jakkur-lake-jk-3,JK-3,Jakkur Lake,Jakkur lake STP outlet point,2016-04-13,13.094333,77.607667,totalAlkalinity,432,,false,,mg/L,,432,jakkur-2015
jakkur-2015,jakkur-lake-jk-3,JK-3,Jakkur Lake,Jakkur lake STP outlet point,2016-04-13,13.094333,77.607667,fecalColiform,9200,,false,,MPN/100mL,,9.2E+03,jakkur-2015
jakkur-2015,jakkur-lake-jk-3,JK-3,Jakkur Lake,Jakkur lake STP outlet point,2016-04-13,13.094333,77.607667,tss,30,,false,,mg/L,,30,jakkur-2015
jakkur-2015,jakkur-lake-jk-3,JK-3,Jakkur Lake,Jakkur lake STP outlet point,2016-04-13,13.094333,77.607667,bod,30.0,,false,,mg/L,,30.0,jakkur-2015
jakkur-2015,jakkur-lake-jk-3,JK-3,Jakkur Lake,Jakkur lake STP outlet point,2016-04-13,13.094333,77.607667,dissolvedBod,6.4,,false,,mg/L,,6.4,jakkur-2015
jakkur-2015,jakkur-lake-jk-3,JK-3,Jakkur Lake,Jakkur lake STP outlet point,2016-04-13,13.094333,77.607667,cod,45.0,,false,,mg/L,,45.0,jakkur-2015
jakkur-2015,jakkur-lake-jk-3,JK-3,Jakkur Lake,Jakkur lake STP outlet point,2016-04-13,13.094333,77.607667,dissolvedCod,15.0,,false,,mg/L,,15.0,jakkur-2015
jakkur-2015,jakkur-lake-jk-3,JK-3,Jakkur Lake,Jakkur lake STP outlet point,2016-04-13,13.094333,77.607667,phosphate,1.3,,false,,mg/L,,1.3,jakkur-2015
jakkur-2015,jakkur-lake-jk-3,JK-3,Jakkur Lake,Jakkur lake STP outlet point,2016-04-13,13.094333,77.607667,ammoniacalNitrogen,31,,false,,mg/L as N,,31,jakkur-2015
jakkur-2015,jakkur-lake-jk-4,JK-4,Jakkur Lake,Raw sewage point,2016-04-13,13.094333,77.607667,temperature,31.1,,false,,degC,,31.1,jakkur-2015
jakkur-2015,jakkur-lake-jk-4,JK-4,Jakkur Lake,Raw sewage point,2016-04-13,13.094333,77.607667,colour,120,,false,,Hazen,,120,jakkur-2015
jakkur-2015,jakkur-lake-jk-4,JK-4,Jakkur Lake,Raw sewage point,2016-04-13,13.094333,77.607667,turbidity,11.0,,false,,NTU,,11.0,jakkur-2015
jakkur-2015,jakkur-lake-jk-4,JK-4,Jakkur Lake,Raw sewage point,2016-04-13,13.094333,77.607667,ph,7.53,,false,,,,7.53,jakkur-2015
jakkur-2015,jakkur-lake-jk-4,JK-4,Jakkur Lake,Raw sewage point,2016-04-13,13.094333,77.607667,conductivity,2250,,false,,uS/cm,,2250,jakkur-2015
jakkur-2015,jakkur-lake-jk-4,JK-4,Jakkur Lake,Raw sewage point,2016-04-13,13.094333,77.607667,orp,-43,,false,,mV,,-43,jakkur-2015
jakkur-2015,jakkur-lake-jk-4,JK-4,Jakkur Lake,Raw sewage point,2016-04-13,13.094333,77.607667,dissolvedOxygen,0.00,,false,,mg/L,,0.00,jakkur-2015
jakkur-2015,jakkur-lake-jk-4,JK-4,Jakkur Lake,Raw sewage point,2016-04-13,13.094333,77.607667,nitrate,1.76,,false,,mg/L,,1.76,jakkur-2015
jakkur-2015,jakkur-lake-jk-4,JK-4,Jakkur Lake,Raw sewage point,2016-04-13,13.094333,77.607667,totalAlkalinity,644,,false,,mg/L,,644,jakkur-2015
jakkur-2015,jakkur-lake-jk-4,JK-4,Jakkur Lake,Raw sewage point,2016-04-13,13.094333,77.607667,fecalColiform,140000,,false,,MPN/100mL,,1.4E+05,jakkur-2015
jakkur-2015,jakkur-lake-jk-4,JK-4,Jakkur Lake,Raw sewage point,2016-04-13,13.094333,77.607667,tss,30,,false,,mg/L,,30,jakkur-2015
jakkur-2015,jakkur-lake-jk-4,JK-4,Jakkur Lake,Raw sewage point,2016-04-13,13.094333,77.607667,bod,42.0,,false,,mg/L,,42.0,jakkur-2015
jakkur-2015,jakkur-lake-jk-4,JK-4,Jakkur Lake,Raw sewage point,2016-04-13,13.094333,77.607667,dissolvedBod,8.4,,false,,mg/L,,8.4,jakkur-2015
jakkur-2015,jakkur-lake-jk-4,JK-4,Jakkur Lake,Raw sewage point,2016-04-13,13.094333,77.607667,cod,65.0,,false,,mg/L,,65.0,jakkur-2015
jakkur-2015,jakkur-lake-jk-4,JK-4,Jakkur Lake,Raw sewage point,2016-04-13,13.094333,77.607667,dissolvedCod,45.0,,false,,mg/L,,45.0,jakkur-2015
jakkur-2015,jakkur-lake-jk-4,JK-4,Jakkur Lake,Raw sewage point,2016-04-13,13.094333,77.607667,phosphate,4.2,,false,,mg/L,,4.2,jakkur-2015
jakkur-2015,jakkur-lake-jk-4,JK-4,Jakkur Lake,Raw sewage point,2016-04-13,13.094333,77.607667,ammoniacalNitrogen,38,,false,,mg/L as N,,38,jakkur-2015
jakkur-2015,jakkur-lake-jk-6,JK-6,Jakkur Lake,Jakkur lake outlet point I,2016-04-13,13.0802,77.614667,temperature,32.4,,false,,degC,,32.4,jakkur-2015
jakkur-2015,jakkur-lake-jk-6,JK-6,Jakkur Lake,Jakkur lake outlet point I,2016-04-13,13.0802,77.614667,colour,60,,false,,Hazen,,60,jakkur-2015
jakkur-2015,jakkur-lake-jk-6,JK-6,Jakkur Lake,Jakkur lake outlet point I,2016-04-13,13.0802,77.614667,turbidity,61.0,,false,,NTU,,61.0,jakkur-2015
jakkur-2015,jakkur-lake-jk-6,JK-6,Jakkur Lake,Jakkur lake outlet point I,2016-04-13,13.0802,77.614667,ph,9.53,,false,,,,9.53,jakkur-2015
jakkur-2015,jakkur-lake-jk-6,JK-6,Jakkur Lake,Jakkur lake outlet point I,2016-04-13,13.0802,77.614667,conductivity,1259,,false,,uS/cm,,1259,jakkur-2015
jakkur-2015,jakkur-lake-jk-6,JK-6,Jakkur Lake,Jakkur lake outlet point I,2016-04-13,13.0802,77.614667,orp,-162,,false,,mV,,-162,jakkur-2015
jakkur-2015,jakkur-lake-jk-6,JK-6,Jakkur Lake,Jakkur lake outlet point I,2016-04-13,13.0802,77.614667,dissolvedOxygen,28.90,,false,,mg/L,,28.90,jakkur-2015
jakkur-2015,jakkur-lake-jk-6,JK-6,Jakkur Lake,Jakkur lake outlet point I,2016-04-13,13.0802,77.614667,nitrate,8.36,,false,,mg/L,,8.36,jakkur-2015
jakkur-2015,jakkur-lake-jk-6,JK-6,Jakkur Lake,Jakkur lake outlet point I,2016-04-13,13.0802,77.614667,totalAlkalinity,204,,false,,mg/L,,204,jakkur-2015
jakkur-2015,jakkur-lake-jk-6,JK-6,Jakkur Lake,Jakkur lake outlet point I,2016-04-13,13.0802,77.614667,fecalColiform,1200,,false,,MPN/100mL,,1.2E+03,jakkur-2015
jakkur-2015,jakkur-lake-jk-6,JK-6,Jakkur Lake,Jakkur lake outlet point I,2016-04-13,13.0802,77.614667,tss,50,,false,,mg/L,,50,jakkur-2015
jakkur-2015,jakkur-lake-jk-6,JK-6,Jakkur Lake,Jakkur lake outlet point I,2016-04-13,13.0802,77.614667,bod,31.0,,false,,mg/L,,31.0,jakkur-2015
jakkur-2015,jakkur-lake-jk-6,JK-6,Jakkur Lake,Jakkur lake outlet point I,2016-04-13,13.0802,77.614667,dissolvedBod,2.0,,false,,mg/L,,2.0,jakkur-2015
jakkur-2015,jakkur-lake-jk-6,JK-6,Jakkur Lake,Jakkur lake outlet point I,2016-04-13,13.0802,77.614667,cod,145.0,,false,,mg/L,,145.0,jakkur-2015
jakkur-2015,jakkur-lake-jk-6,JK-6,Jakkur Lake,Jakkur lake outlet point I,2016-04-13,13.0802,77.614667,dissolvedCod,25.0,,false,,mg/L,,25.0,jakkur-2015
jakkur-2015,jakkur-lake-jk-6,JK-6,Jakkur Lake,Jakkur lake outlet point I,2016-04-13,13.0802,77.614667,phosphate,0.5,,false,,mg/L,,0.5,jakkur-2015
jakkur-2015,jakkur-lake-jk-6,JK-6,Jakkur Lake,Jakkur lake outlet point I,2016-04-13,13.0802,77.614667,ammoniacalNitrogen,4,,false,,mg/L as N,,4,jakkur-2015
jakkur-2015,jakkur-lake-jk-7,JK-7,Jakkur Lake,Jakkur lake outlet point II,2016-04-13,,,temperature,29.0,,false,,degC,,29.0,jakkur-2015
jakkur-2015,jakkur-lake-jk-7,JK-7,Jakkur Lake,Jakkur lake outlet point II,2016-04-13,,,colour,40,,false,,Hazen,,40,jakkur-2015
jakkur-2015,jakkur-lake-jk-7,JK-7,Jakkur Lake,Jakkur lake outlet point II,2016-04-13,,,turbidity,22.5,,false,,NTU,,22.5,jakkur-2015
jakkur-2015,jakkur-lake-jk-7,JK-7,Jakkur Lake,Jakkur lake outlet point II,2016-04-13,,,ph,8.56,,false,,,,8.56,jakkur-2015
jakkur-2015,jakkur-lake-jk-7,JK-7,Jakkur Lake,Jakkur lake outlet point II,2016-04-13,,,conductivity,1257,,false,,uS/cm,,1257,jakkur-2015
jakkur-2015,jakkur-lake-jk-7,JK-7,Jakkur Lake,Jakkur lake outlet point II,2016-04-13,,,orp,-104,,false,,mV,,-104,jakkur-2015
jakkur-2015,jakkur-lake-jk-7,JK-7,Jakkur Lake,Jakkur lake outlet point II,2016-04-13,,,dissolvedOxygen,1.50,,false,,mg/L,,1.50,jakkur-2015
jakkur-2015,jakkur-lake-jk-7,JK-7,Jakkur Lake,Jakkur lake outlet point II,2016-04-13,,,nitrate,4.40,,false,,mg/L,,4.40,jakkur-2015
jakkur-2015,jakkur-lake-jk-7,JK-7,Jakkur Lake,Jakkur lake outlet point II,2016-04-13,,,totalAlkalinity,300,,false,,mg/L,,300,jakkur-2015
jakkur-2015,jakkur-lake-jk-7,JK-7,Jakkur Lake,Jakkur lake outlet point II,2016-04-13,,,fecalColiform,680,,false,,MPN/100mL,,6.8E+02,jakkur-2015
jakkur-2015,jakkur-lake-jk-7,JK-7,Jakkur Lake,Jakkur lake outlet point II,2016-04-13,,,tss,20,,false,,mg/L,,20,jakkur-2015
jakkur-2015,jakkur-lake-jk-7,JK-7,Jakkur Lake,Jakkur lake outlet point II,2016-04-13,,,bod,12.0,,false,,mg/L,,12.0,jakkur-2015
jakkur-2015,jakkur-lake-jk-7,JK-7,Jakkur Lake,Jakkur lake outlet point II,2016-04-13,,,dissolvedBod,1.8,,false,,mg/L,,1.8,jakkur-2015
jakkur-2015,jakkur-lake-jk-7,JK-7,Jakkur Lake,Jakkur lake outlet point II,2016-04-13,,,cod,45.0,,false,,mg/L,,45.0,jakkur-2015
jakkur-2015,jakkur-lake-jk-7,JK-7,Jakkur Lake,Jakkur lake outlet point II,2016-04-13,,,dissolvedCod,15.0,,false,,mg/L,,15.0,jakkur-2015
jakkur-2015,jakkur-lake-jk-7,JK-7,Jakkur Lake,Jakkur lake outlet point II,2016-04-13,,,phosphate,0.9,,false,,mg/L,,0.9,jakkur-2015
jakkur-2015,jakkur-lake-jk-7,JK-7,Jakkur Lake,Jakkur lake outlet point II,2016-04-13,,,ammoniacalNitrogen,3,,false,,mg/L as N,,3,jakkur-2015
jakkur-2015,jakkur-lake-jk-1,JK-1,Jakkur Lake,Main gate water Runoff point,2016-05-12,13.083533,77.6096,temperature,32.6,,false,,degC,,32.6,jakkur-2015
jakkur-2015,jakkur-lake-jk-1,JK-1,Jakkur Lake,Main gate water Runoff point,2016-05-12,13.083533,77.6096,colour,70,,false,,Hazen,,70,jakkur-2015
jakkur-2015,jakkur-lake-jk-1,JK-1,Jakkur Lake,Main gate water Runoff point,2016-05-12,13.083533,77.6096,turbidity,79.6,,false,,NTU,,79.6,jakkur-2015
jakkur-2015,jakkur-lake-jk-1,JK-1,Jakkur Lake,Main gate water Runoff point,2016-05-12,13.083533,77.6096,ph,9.39,,false,,,,9.39,jakkur-2015
jakkur-2015,jakkur-lake-jk-1,JK-1,Jakkur Lake,Main gate water Runoff point,2016-05-12,13.083533,77.6096,conductivity,1211,,false,,uS/cm,,1211,jakkur-2015
jakkur-2015,jakkur-lake-jk-1,JK-1,Jakkur Lake,Main gate water Runoff point,2016-05-12,13.083533,77.6096,orp,-154,,false,,mV,,-154,jakkur-2015
jakkur-2015,jakkur-lake-jk-1,JK-1,Jakkur Lake,Main gate water Runoff point,2016-05-12,13.083533,77.6096,dissolvedOxygen,20.10,,false,,mg/L,,20.10,jakkur-2015
jakkur-2015,jakkur-lake-jk-1,JK-1,Jakkur Lake,Main gate water Runoff point,2016-05-12,13.083533,77.6096,nitrate,16.28,,false,,mg/L,,16.28,jakkur-2015
jakkur-2015,jakkur-lake-jk-1,JK-1,Jakkur Lake,Main gate water Runoff point,2016-05-12,13.083533,77.6096,totalAlkalinity,281,,false,,mg/L,,281,jakkur-2015
jakkur-2015,jakkur-lake-jk-1,JK-1,Jakkur Lake,Main gate water Runoff point,2016-05-12,13.083533,77.6096,fecalColiform,8200,,false,,MPN/100mL,,8.2E+03,jakkur-2015
jakkur-2015,jakkur-lake-jk-1,JK-1,Jakkur Lake,Main gate water Runoff point,2016-05-12,13.083533,77.6096,tss,90,,false,,mg/L,,90,jakkur-2015
jakkur-2015,jakkur-lake-jk-1,JK-1,Jakkur Lake,Main gate water Runoff point,2016-05-12,13.083533,77.6096,bod,26.0,,false,,mg/L,,26.0,jakkur-2015
jakkur-2015,jakkur-lake-jk-1,JK-1,Jakkur Lake,Main gate water Runoff point,2016-05-12,13.083533,77.6096,dissolvedBod,3.0,,false,,mg/L,,3.0,jakkur-2015
jakkur-2015,jakkur-lake-jk-1,JK-1,Jakkur Lake,Main gate water Runoff point,2016-05-12,13.083533,77.6096,cod,79.4,,false,,mg/L,,79.4,jakkur-2015
jakkur-2015,jakkur-lake-jk-1,JK-1,Jakkur Lake,Main gate water Runoff point,2016-05-12,13.083533,77.6096,dissolvedCod,29.8,,false,,mg/L,,29.8,jakkur-2015
jakkur-2015,jakkur-lake-jk-1,JK-1,Jakkur Lake,Main gate water Runoff point,2016-05-12,13.083533,77.6096,phosphate,0.5,,false,,mg/L,,0.5,jakkur-2015
jakkur-2015,jakkur-lake-jk-1,JK-1,Jakkur Lake,Main gate water Runoff point,2016-05-12,13.083533,77.6096,ammoniacalNitrogen,3,,false,,mg/L as N,,3,jakkur-2015
jakkur-2015,jakkur-lake-jk-1,JK-1,Jakkur Lake,Main gate water Runoff point,2016-05-12,13.083533,77.6096,chlorophyllA,130,,false,,mg/m3,,130,jakkur-2015
jakkur-2015,jakkur-lake-jk-2,JK-2,Jakkur Lake,Wetland Outlet point,2016-05-12,13.09235,77.607283,temperature,28.5,,false,,degC,,28.5,jakkur-2015
jakkur-2015,jakkur-lake-jk-2,JK-2,Jakkur Lake,Wetland Outlet point,2016-05-12,13.09235,77.607283,colour,100,,false,,Hazen,,100,jakkur-2015
jakkur-2015,jakkur-lake-jk-2,JK-2,Jakkur Lake,Wetland Outlet point,2016-05-12,13.09235,77.607283,turbidity,15.4,,false,,NTU,,15.4,jakkur-2015
jakkur-2015,jakkur-lake-jk-2,JK-2,Jakkur Lake,Wetland Outlet point,2016-05-12,13.09235,77.607283,ph,7.50,,false,,,,7.50,jakkur-2015
jakkur-2015,jakkur-lake-jk-2,JK-2,Jakkur Lake,Wetland Outlet point,2016-05-12,13.09235,77.607283,conductivity,1345,,false,,uS/cm,,1345,jakkur-2015
jakkur-2015,jakkur-lake-jk-2,JK-2,Jakkur Lake,Wetland Outlet point,2016-05-12,13.09235,77.607283,orp,-41,,false,,mV,,-41,jakkur-2015
jakkur-2015,jakkur-lake-jk-2,JK-2,Jakkur Lake,Wetland Outlet point,2016-05-12,13.09235,77.607283,dissolvedOxygen,0.00,,false,,mg/L,,0.00,jakkur-2015
jakkur-2015,jakkur-lake-jk-2,JK-2,Jakkur Lake,Wetland Outlet point,2016-05-12,13.09235,77.607283,nitrate,4.84,,false,,mg/L,,4.84,jakkur-2015
jakkur-2015,jakkur-lake-jk-2,JK-2,Jakkur Lake,Wetland Outlet point,2016-05-12,13.09235,77.607283,totalAlkalinity,474,,false,,mg/L,,474,jakkur-2015
jakkur-2015,jakkur-lake-jk-2,JK-2,Jakkur Lake,Wetland Outlet point,2016-05-12,13.09235,77.607283,fecalColiform,9200,,false,,MPN/100mL,,9.2E+03,jakkur-2015
jakkur-2015,jakkur-lake-jk-2,JK-2,Jakkur Lake,Wetland Outlet point,2016-05-12,13.09235,77.607283,tss,20,,false,,mg/L,,20,jakkur-2015
jakkur-2015,jakkur-lake-jk-2,JK-2,Jakkur Lake,Wetland Outlet point,2016-05-12,13.09235,77.607283,bod,40.0,,false,,mg/L,,40.0,jakkur-2015
jakkur-2015,jakkur-lake-jk-2,JK-2,Jakkur Lake,Wetland Outlet point,2016-05-12,13.09235,77.607283,dissolvedBod,6.4,,false,,mg/L,,6.4,jakkur-2015
jakkur-2015,jakkur-lake-jk-2,JK-2,Jakkur Lake,Wetland Outlet point,2016-05-12,13.09235,77.607283,cod,49.6,,false,,mg/L,,49.6,jakkur-2015
jakkur-2015,jakkur-lake-jk-2,JK-2,Jakkur Lake,Wetland Outlet point,2016-05-12,13.09235,77.607283,dissolvedCod,9.9,,false,,mg/L,,9.9,jakkur-2015
jakkur-2015,jakkur-lake-jk-2,JK-2,Jakkur Lake,Wetland Outlet point,2016-05-12,13.09235,77.607283,phosphate,4.9,,false,,mg/L,,4.9,jakkur-2015
jakkur-2015,jakkur-lake-jk-2,JK-2,Jakkur Lake,Wetland Outlet point,2016-05-12,13.09235,77.607283,ammoniacalNitrogen,29,,false,,mg/L as N,,29,jakkur-2015
jakkur-2015,jakkur-lake-jk-2,JK-2,Jakkur Lake,Wetland Outlet point,2016-05-12,13.09235,77.607283,chlorophyllA,,,false,,mg/m3,,-,jakkur-2015
jakkur-2015,jakkur-lake-jk-3,JK-3,Jakkur Lake,Jakkur lake STP outlet point,2016-05-12,13.094333,77.607667,temperature,27.5,,false,,degC,,27.5,jakkur-2015
jakkur-2015,jakkur-lake-jk-3,JK-3,Jakkur Lake,Jakkur lake STP outlet point,2016-05-12,13.094333,77.607667,colour,60,,false,,Hazen,,60,jakkur-2015
jakkur-2015,jakkur-lake-jk-3,JK-3,Jakkur Lake,Jakkur lake STP outlet point,2016-05-12,13.094333,77.607667,turbidity,18.0,,false,,NTU,,18.0,jakkur-2015
jakkur-2015,jakkur-lake-jk-3,JK-3,Jakkur Lake,Jakkur lake STP outlet point,2016-05-12,13.094333,77.607667,ph,7.72,,false,,,,7.72,jakkur-2015
jakkur-2015,jakkur-lake-jk-3,JK-3,Jakkur Lake,Jakkur lake STP outlet point,2016-05-12,13.094333,77.607667,conductivity,1285,,false,,uS/cm,,1285,jakkur-2015
jakkur-2015,jakkur-lake-jk-3,JK-3,Jakkur Lake,Jakkur lake STP outlet point,2016-05-12,13.094333,77.607667,orp,-54,,false,,mV,,-54,jakkur-2015
jakkur-2015,jakkur-lake-jk-3,JK-3,Jakkur Lake,Jakkur lake STP outlet point,2016-05-12,13.094333,77.607667,dissolvedOxygen,2.70,,false,,mg/L,,2.70,jakkur-2015
jakkur-2015,jakkur-lake-jk-3,JK-3,Jakkur Lake,Jakkur lake STP outlet point,2016-05-12,13.094333,77.607667,nitrate,6.60,,false,,mg/L,,6.60,jakkur-2015
jakkur-2015,jakkur-lake-jk-3,JK-3,Jakkur Lake,Jakkur lake STP outlet point,2016-05-12,13.094333,77.607667,totalAlkalinity,422,,false,,mg/L,,422,jakkur-2015
jakkur-2015,jakkur-lake-jk-3,JK-3,Jakkur Lake,Jakkur lake STP outlet point,2016-05-12,13.094333,77.607667,fecalColiform,11000,,false,,MPN/100mL,,1.1E+04,jakkur-2015
jakkur-2015,jakkur-lake-jk-3,JK-3,Jakkur Lake,Jakkur lake STP outlet point,2016-05-12,13.094333,77.607667,tss,20,,false,,mg/L,,20,jakkur-2015
jakkur-2015,jakkur-lake-jk-3,JK-3,Jakkur Lake,Jakkur lake STP outlet point,2016-05-12,13.094333,77.607667,bod,38.0,,false,,mg/L,,38.0,jakkur-2015
jakkur-2015,jakkur-lake-jk-3,JK-3,Jakkur Lake,Jakkur lake STP outlet point,2016-05-12,13.094333,77.607667,dissolvedBod,7.6,,false,,mg/L,,7.6,jakkur-2015
jakkur-2015,jakkur-lake-jk-3,JK-3,Jakkur Lake,Jakkur lake STP outlet point,2016-05-12,13.094333,77.607667,cod,49.6,,false,,mg/L,,49.6,jakkur-2015
jakkur-2015,jakkur-lake-jk-3,JK-3,Jakkur Lake,Jakkur lake STP outlet point,2016-05-12,13.094333,77.607667,dissolvedCod,19.8,,false,,mg/L,,19.8,jakkur-2015
jakkur-2015,jakkur-lake-jk-3,JK-3,Jakkur Lake,Jakkur lake STP outlet point,2016-05-12,13.094333,77.607667,phosphate,0.4,,false,,mg/L,,0.4,jakkur-2015
jakkur-2015,jakkur-lake-jk-3,JK-3,Jakkur Lake,Jakkur lake STP outlet point,2016-05-12,13.094333,77.607667,ammoniacalNitrogen,34,,false,,mg/L as N,,34,jakkur-2015
jakkur-2015,jakkur-lake-jk-3,JK-3,Jakkur Lake,Jakkur lake STP outlet point,2016-05-12,13.094333,77.607667,chlorophyllA,,,false,,mg/m3,,-,jakkur-2015
jakkur-2015,jakkur-lake-jk-4,JK-4,Jakkur Lake,Raw sewage point,2016-05-12,13.094333,77.607667,temperature,29.6,,false,,degC,,29.6,jakkur-2015
jakkur-2015,jakkur-lake-jk-4,JK-4,Jakkur Lake,Raw sewage point,2016-05-12,13.094333,77.607667,colour,120,,false,,Hazen,,120,jakkur-2015
jakkur-2015,jakkur-lake-jk-4,JK-4,Jakkur Lake,Raw sewage point,2016-05-12,13.094333,77.607667,turbidity,15.8,,false,,NTU,,15.8,jakkur-2015
jakkur-2015,jakkur-lake-jk-4,JK-4,Jakkur Lake,Raw sewage point,2016-05-12,13.094333,77.607667,ph,7.52,,false,,,,7.52,jakkur-2015
jakkur-2015,jakkur-lake-jk-4,JK-4,Jakkur Lake,Raw sewage point,2016-05-12,13.094333,77.607667,conductivity,1881,,false,,uS/cm,,1881,jakkur-2015
jakkur-2015,jakkur-lake-jk-4,JK-4,Jakkur Lake,Raw sewage point,2016-05-12,13.094333,77.607667,orp,-42,,false,,mV,,-42,jakkur-2015
jakkur-2015,jakkur-lake-jk-4,JK-4,Jakkur Lake,Raw sewage point,2016-05-12,13.094333,77.607667,dissolvedOxygen,0.00,,false,,mg/L,,0.00,jakkur-2015
jakkur-2015,jakkur-lake-jk-4,JK-4,Jakkur Lake,Raw sewage point,2016-05-12,13.094333,77.607667,nitrate,3.96,,false,,mg/L,,3.96,jakkur-2015
jakkur-2015,jakkur-lake-jk-4,JK-4,Jakkur Lake,Raw sewage point,2016-05-12,13.094333,77.607667,totalAlkalinity,659,,false,,mg/L,,659,jakkur-2015
jakkur-2015,jakkur-lake-jk-4,JK-4,Jakkur Lake,Raw sewage point,2016-05-12,13.094333,77.607667,fecalColiform,240000,,false,,MPN/100mL,,2.4E+05,jakkur-2015
jakkur-2015,jakkur-lake-jk-4,JK-4,Jakkur Lake,Raw sewage point,2016-05-12,13.094333,77.607667,tss,70,,false,,mg/L,,70,jakkur-2015
jakkur-2015,jakkur-lake-jk-4,JK-4,Jakkur Lake,Raw sewage point,2016-05-12,13.094333,77.607667,bod,52.0,,false,,mg/L,,52.0,jakkur-2015
jakkur-2015,jakkur-lake-jk-4,JK-4,Jakkur Lake,Raw sewage point,2016-05-12,13.094333,77.607667,dissolvedBod,15.0,,false,,mg/L,,15.0,jakkur-2015
jakkur-2015,jakkur-lake-jk-4,JK-4,Jakkur Lake,Raw sewage point,2016-05-12,13.094333,77.607667,cod,79.4,,false,,mg/L,,79.4,jakkur-2015
jakkur-2015,jakkur-lake-jk-4,JK-4,Jakkur Lake,Raw sewage point,2016-05-12,13.094333,77.607667,dissolvedCod,39.7,,false,,mg/L,,39.7,jakkur-2015
jakkur-2015,jakkur-lake-jk-4,JK-4,Jakkur Lake,Raw sewage point,2016-05-12,13.094333,77.607667,phosphate,4.6,,false,,mg/L,,4.6,jakkur-2015
jakkur-2015,jakkur-lake-jk-4,JK-4,Jakkur Lake,Raw sewage point,2016-05-12,13.094333,77.607667,ammoniacalNitrogen,39,,false,,mg/L as N,,39,jakkur-2015
jakkur-2015,jakkur-lake-jk-4,JK-4,Jakkur Lake,Raw sewage point,2016-05-12,13.094333,77.607667,chlorophyllA,,,false,,mg/m3,,-,jakkur-2015
jakkur-2015,jakkur-lake-jk-5,JK-5,Jakkur Lake,Jakkur lake-Lake sample point,2016-05-12,13.08675,77.611283,temperature,30.8,,false,,degC,,30.8,jakkur-2015
jakkur-2015,jakkur-lake-jk-5,JK-5,Jakkur Lake,Jakkur lake-Lake sample point,2016-05-12,13.08675,77.611283,colour,80,,false,,Hazen,,80,jakkur-2015
jakkur-2015,jakkur-lake-jk-5,JK-5,Jakkur Lake,Jakkur lake-Lake sample point,2016-05-12,13.08675,77.611283,turbidity,78.4,,false,,NTU,,78.4,jakkur-2015
jakkur-2015,jakkur-lake-jk-5,JK-5,Jakkur Lake,Jakkur lake-Lake sample point,2016-05-12,13.08675,77.611283,ph,9.50,,false,,,,9.50,jakkur-2015
jakkur-2015,jakkur-lake-jk-5,JK-5,Jakkur Lake,Jakkur lake-Lake sample point,2016-05-12,13.08675,77.611283,conductivity,1209,,false,,uS/cm,,1209,jakkur-2015
jakkur-2015,jakkur-lake-jk-5,JK-5,Jakkur Lake,Jakkur lake-Lake sample point,2016-05-12,13.08675,77.611283,orp,-159,,false,,mV,,-159,jakkur-2015
jakkur-2015,jakkur-lake-jk-5,JK-5,Jakkur Lake,Jakkur lake-Lake sample point,2016-05-12,13.08675,77.611283,dissolvedOxygen,21.20,,false,,mg/L,,21.20,jakkur-2015
jakkur-2015,jakkur-lake-jk-5,JK-5,Jakkur Lake,Jakkur lake-Lake sample point,2016-05-12,13.08675,77.611283,nitrate,14.08,,false,,mg/L,,14.08,jakkur-2015
jakkur-2015,jakkur-lake-jk-5,JK-5,Jakkur Lake,Jakkur lake-Lake sample point,2016-05-12,13.08675,77.611283,totalAlkalinity,273,,false,,mg/L,,273,jakkur-2015
jakkur-2015,jakkur-lake-jk-5,JK-5,Jakkur Lake,Jakkur lake-Lake sample point,2016-05-12,13.08675,77.611283,fecalColiform,9200,,false,,MPN/100mL,,9.2E+03,jakkur-2015
jakkur-2015,jakkur-lake-jk-5,JK-5,Jakkur Lake,Jakkur lake-Lake sample point,2016-05-12,13.08675,77.611283,tss,100,,false,,mg/L,,100,jakkur-2015
jakkur-2015,jakkur-lake-jk-5,JK-5,Jakkur Lake,Jakkur lake-Lake sample point,2016-05-12,13.08675,77.611283,bod,24.0,,false,,mg/L,,24.0,jakkur-2015
jakkur-2015,jakkur-lake-jk-5,JK-5,Jakkur Lake,Jakkur lake-Lake sample point,2016-05-12,13.08675,77.611283,dissolvedBod,2.6,,false,,mg/L,,2.6,jakkur-2015
jakkur-2015,jakkur-lake-jk-5,JK-5,Jakkur Lake,Jakkur lake-Lake sample point,2016-05-12,13.08675,77.611283,cod,99.2,,false,,mg/L,,99.2,jakkur-2015
jakkur-2015,jakkur-lake-jk-5,JK-5,Jakkur Lake,Jakkur lake-Lake sample point,2016-05-12,13.08675,77.611283,dissolvedCod,34.7,,false,,mg/L,,34.7,jakkur-2015
jakkur-2015,jakkur-lake-jk-5,JK-5,Jakkur Lake,Jakkur lake-Lake sample point,2016-05-12,13.08675,77.611283,phosphate,0.7,,false,,mg/L,,0.7,jakkur-2015
jakkur-2015,jakkur-lake-jk-5,JK-5,Jakkur Lake,Jakkur lake-Lake sample point,2016-05-12,13.08675,77.611283,ammoniacalNitrogen,3,,false,,mg/L as N,,3,jakkur-2015
jakkur-2015,jakkur-lake-jk-5,JK-5,Jakkur Lake,Jakkur lake-Lake sample point,2016-05-12,13.08675,77.611283,chlorophyllA,78,,false,,mg/m3,,78,jakkur-2015
jakkur-2015,jakkur-lake-jk-6,JK-6,Jakkur Lake,Jakkur lake outlet point I,2016-05-12,13.0802,77.614667,temperature,30.7,,false,,degC,,30.7,jakkur-2015
jakkur-2015,jakkur-lake-jk-6,JK-6,Jakkur Lake,Jakkur lake outlet point I,2016-05-12,13.0802,77.614667,colour,60,,false,,Hazen,,60,jakkur-2015
jakkur-2015,jakkur-lake-jk-6,JK-6,Jakkur Lake,Jakkur lake outlet point I,2016-05-12,13.0802,77.614667,turbidity,89.6,,false,,NTU,,89.6,jakkur-2015
jakkur-2015,jakkur-lake-jk-6,JK-6,Jakkur Lake,Jakkur lake outlet point I,2016-05-12,13.0802,77.614667,ph,9.49,,false,,,,9.49,jakkur-2015
jakkur-2015,jakkur-lake-jk-6,JK-6,Jakkur Lake,Jakkur lake outlet point I,2016-05-12,13.0802,77.614667,conductivity,1191,,false,,uS/cm,,1191,jakkur-2015
jakkur-2015,jakkur-lake-jk-6,JK-6,Jakkur Lake,Jakkur lake outlet point I,2016-05-12,13.0802,77.614667,orp,-158,,false,,mV,,-158,jakkur-2015
jakkur-2015,jakkur-lake-jk-6,JK-6,Jakkur Lake,Jakkur lake outlet point I,2016-05-12,13.0802,77.614667,dissolvedOxygen,22.70,,false,,mg/L,,22.70,jakkur-2015
jakkur-2015,jakkur-lake-jk-6,JK-6,Jakkur Lake,Jakkur lake outlet point I,2016-05-12,13.0802,77.614667,nitrate,16.72,,false,,mg/L,,16.72,jakkur-2015
jakkur-2015,jakkur-lake-jk-6,JK-6,Jakkur Lake,Jakkur lake outlet point I,2016-05-12,13.0802,77.614667,totalAlkalinity,261,,false,,mg/L,,261,jakkur-2015
jakkur-2015,jakkur-lake-jk-6,JK-6,Jakkur Lake,Jakkur lake outlet point I,2016-05-12,13.0802,77.614667,fecalColiform,12000,,false,,MPN/100mL,,1.2E+04,jakkur-2015
jakkur-2015,jakkur-lake-jk-6,JK-6,Jakkur Lake,Jakkur lake outlet point I,2016-05-12,13.0802,77.614667,tss,110,,false,,mg/L,,110,jakkur-2015
jakkur-2015,jakkur-lake-jk-6,JK-6,Jakkur Lake,Jakkur lake outlet point I,2016-05-12,13.0802,77.614667,bod,27.0,,false,,mg/L,,27.0,jakkur-2015
jakkur-2015,jakkur-lake-jk-6,JK-6,Jakkur Lake,Jakkur lake outlet point I,2016-05-12,13.0802,77.614667,dissolvedBod,2.2,,false,,mg/L,,2.2,jakkur-2015
jakkur-2015,jakkur-lake-jk-6,JK-6,Jakkur Lake,Jakkur lake outlet point I,2016-05-12,13.0802,77.614667,cod,99.2,,false,,mg/L,,99.2,jakkur-2015
jakkur-2015,jakkur-lake-jk-6,JK-6,Jakkur Lake,Jakkur lake outlet point I,2016-05-12,13.0802,77.614667,dissolvedCod,39.7,,false,,mg/L,,39.7,jakkur-2015
jakkur-2015,jakkur-lake-jk-6,JK-6,Jakkur Lake,Jakkur lake outlet point I,2016-05-12,13.0802,77.614667,phosphate,0.5,,false,,mg/L,,0.5,jakkur-2015
jakkur-2015,jakkur-lake-jk-6,JK-6,Jakkur Lake,Jakkur lake outlet point I,2016-05-12,13.0802,77.614667,ammoniacalNitrogen,3,,false,,mg/L as N,,3,jakkur-2015
jakkur-2015,jakkur-lake-jk-6,JK-6,Jakkur Lake,Jakkur lake outlet point I,2016-05-12,13.0802,77.614667,chlorophyllA,108,,false,,mg/m3,,108,jakkur-2015
jakkur-2015,jakkur-lake-jk-7,JK-7,Jakkur Lake,Jakkur lake outlet point II,2016-05-12,,,temperature,30.0,,false,,degC,,30.0,jakkur-2015
jakkur-2015,jakkur-lake-jk-7,JK-7,Jakkur Lake,Jakkur lake outlet point II,2016-05-12,,,colour,70,,false,,Hazen,,70,jakkur-2015
jakkur-2015,jakkur-lake-jk-7,JK-7,Jakkur Lake,Jakkur lake outlet point II,2016-05-12,,,turbidity,75.8,,false,,NTU,,75.8,jakkur-2015
jakkur-2015,jakkur-lake-jk-7,JK-7,Jakkur Lake,Jakkur lake outlet point II,2016-05-12,,,ph,9.34,,false,,,,9.34,jakkur-2015
jakkur-2015,jakkur-lake-jk-7,JK-7,Jakkur Lake,Jakkur lake outlet point II,2016-05-12,,,conductivity,1212,,false,,uS/cm,,1212,jakkur-2015
jakkur-2015,jakkur-lake-jk-7,JK-7,Jakkur Lake,Jakkur lake outlet point II,2016-05-12,,,orp,-149,,false,,mV,,-149,jakkur-2015
jakkur-2015,jakkur-lake-jk-7,JK-7,Jakkur Lake,Jakkur lake outlet point II,2016-05-12,,,dissolvedOxygen,11.80,,false,,mg/L,,11.80,jakkur-2015
jakkur-2015,jakkur-lake-jk-7,JK-7,Jakkur Lake,Jakkur lake outlet point II,2016-05-12,,,nitrate,13.20,,false,,mg/L,,13.20,jakkur-2015
jakkur-2015,jakkur-lake-jk-7,JK-7,Jakkur Lake,Jakkur lake outlet point II,2016-05-12,,,totalAlkalinity,285,,false,,mg/L,,285,jakkur-2015
jakkur-2015,jakkur-lake-jk-7,JK-7,Jakkur Lake,Jakkur lake outlet point II,2016-05-12,,,fecalColiform,12000,,false,,MPN/100mL,,1.2E+04,jakkur-2015
jakkur-2015,jakkur-lake-jk-7,JK-7,Jakkur Lake,Jakkur lake outlet point II,2016-05-12,,,tss,100,,false,,mg/L,,100,jakkur-2015
jakkur-2015,jakkur-lake-jk-7,JK-7,Jakkur Lake,Jakkur lake outlet point II,2016-05-12,,,bod,25.0,,false,,mg/L,,25.0,jakkur-2015
jakkur-2015,jakkur-lake-jk-7,JK-7,Jakkur Lake,Jakkur lake outlet point II,2016-05-12,,,dissolvedBod,3.2,,false,,mg/L,,3.2,jakkur-2015
jakkur-2015,jakkur-lake-jk-7,JK-7,Jakkur Lake,Jakkur lake outlet point II,2016-05-12,,,cod,119.0,,false,,mg/L,,119.0,jakkur-2015
jakkur-2015,jakkur-lake-jk-7,JK-7,Jakkur Lake,Jakkur lake outlet point II,2016-05-12,,,dissolvedCod,39.7,,false,,mg/L,,39.7,jakkur-2015
jakkur-2015,jakkur-lake-jk-7,JK-7,Jakkur Lake,Jakkur lake outlet point II,2016-05-12,,,phosphate,0.5,,false,,mg/L,,0.5,jakkur-2015
jakkur-2015,jakkur-lake-jk-7,JK-7,Jakkur Lake,Jakkur lake outlet point II,2016-05-12,,,ammoniacalNitrogen,3,,false,,mg/L as N,,3,jakkur-2015
jakkur-2015,jakkur-lake-jk-7,JK-7,Jakkur Lake,Jakkur lake outlet point II,2016-05-12,,,chlorophyllA,84,,false,,mg/m3,,84,jakkur-2015
jakkur-2015,jakkur-lake-jk-1,JK-1,Jakkur Lake,Main gate water Runoff point,2016-06-08,13.083533,77.6096,temperature,27.5,,false,,degC,,27.5,jakkur-2015
jakkur-2015,jakkur-lake-jk-1,JK-1,Jakkur Lake,Main gate water Runoff point,2016-06-08,13.083533,77.6096,colour,60,,false,,Hazen,,60,jakkur-2015
jakkur-2015,jakkur-lake-jk-1,JK-1,Jakkur Lake,Main gate water Runoff point,2016-06-08,13.083533,77.6096,turbidity,73.1,,false,,NTU,,73.1,jakkur-2015
jakkur-2015,jakkur-lake-jk-1,JK-1,Jakkur Lake,Main gate water Runoff point,2016-06-08,13.083533,77.6096,ph,8.35,,false,,,,8.35,jakkur-2015
jakkur-2015,jakkur-lake-jk-1,JK-1,Jakkur Lake,Main gate water Runoff point,2016-06-08,13.083533,77.6096,conductivity,1148,,false,,uS/cm,,1148,jakkur-2015
jakkur-2015,jakkur-lake-jk-1,JK-1,Jakkur Lake,Main gate water Runoff point,2016-06-08,13.083533,77.6096,orp,-90,,false,,mV,,-90,jakkur-2015
jakkur-2015,jakkur-lake-jk-1,JK-1,Jakkur Lake,Main gate water Runoff point,2016-06-08,13.083533,77.6096,dissolvedOxygen,4.50,,false,,mg/L,,4.50,jakkur-2015
jakkur-2015,jakkur-lake-jk-1,JK-1,Jakkur Lake,Main gate water Runoff point,2016-06-08,13.083533,77.6096,nitrate,9.24,,false,,mg/L,,9.24,jakkur-2015
jakkur-2015,jakkur-lake-jk-1,JK-1,Jakkur Lake,Main gate water Runoff point,2016-06-08,13.083533,77.6096,totalAlkalinity,297,,false,,mg/L,,297,jakkur-2015
jakkur-2015,jakkur-lake-jk-1,JK-1,Jakkur Lake,Main gate water Runoff point,2016-06-08,13.083533,77.6096,fecalColiform,350000,,false,,MPN/100mL,,3.5E+05,jakkur-2015
jakkur-2015,jakkur-lake-jk-1,JK-1,Jakkur Lake,Main gate water Runoff point,2016-06-08,13.083533,77.6096,tss,40,,false,,mg/L,,40,jakkur-2015
jakkur-2015,jakkur-lake-jk-1,JK-1,Jakkur Lake,Main gate water Runoff point,2016-06-08,13.083533,77.6096,bod,22.00,,false,,mg/L,,22.00,jakkur-2015
jakkur-2015,jakkur-lake-jk-1,JK-1,Jakkur Lake,Main gate water Runoff point,2016-06-08,13.083533,77.6096,dissolvedBod,3.60,,false,,mg/L,,3.60,jakkur-2015
jakkur-2015,jakkur-lake-jk-1,JK-1,Jakkur Lake,Main gate water Runoff point,2016-06-08,13.083533,77.6096,cod,88.6,,false,,mg/L,,88.6,jakkur-2015
jakkur-2015,jakkur-lake-jk-1,JK-1,Jakkur Lake,Main gate water Runoff point,2016-06-08,13.083533,77.6096,dissolvedCod,49.2,,false,,mg/L,,49.2,jakkur-2015
jakkur-2015,jakkur-lake-jk-1,JK-1,Jakkur Lake,Main gate water Runoff point,2016-06-08,13.083533,77.6096,phosphate,2.0,,false,,mg/L,,2.0,jakkur-2015
jakkur-2015,jakkur-lake-jk-1,JK-1,Jakkur Lake,Main gate water Runoff point,2016-06-08,13.083533,77.6096,chlorophyllA,47,,false,,mg/m3,,47,jakkur-2015
jakkur-2015,jakkur-lake-jk-2,JK-2,Jakkur Lake,Wetland Outlet point,2016-06-08,13.09235,77.607283,temperature,26.7,,false,,degC,,26.7,jakkur-2015
jakkur-2015,jakkur-lake-jk-2,JK-2,Jakkur Lake,Wetland Outlet point,2016-06-08,13.09235,77.607283,colour,80,,false,,Hazen,,80,jakkur-2015
jakkur-2015,jakkur-lake-jk-2,JK-2,Jakkur Lake,Wetland Outlet point,2016-06-08,13.09235,77.607283,turbidity,8.1,,false,,NTU,,8.1,jakkur-2015
jakkur-2015,jakkur-lake-jk-2,JK-2,Jakkur Lake,Wetland Outlet point,2016-06-08,13.09235,77.607283,ph,7.49,,false,,,,7.49,jakkur-2015
jakkur-2015,jakkur-lake-jk-2,JK-2,Jakkur Lake,Wetland Outlet point,2016-06-08,13.09235,77.607283,conductivity,1213,,false,,uS/cm,,1213,jakkur-2015
jakkur-2015,jakkur-lake-jk-2,JK-2,Jakkur Lake,Wetland Outlet point,2016-06-08,13.09235,77.607283,orp,-40,,false,,mV,,-40,jakkur-2015
jakkur-2015,jakkur-lake-jk-2,JK-2,Jakkur Lake,Wetland Outlet point,2016-06-08,13.09235,77.607283,dissolvedOxygen,0.00,,false,,mg/L,,0.00,jakkur-2015
jakkur-2015,jakkur-lake-jk-2,JK-2,Jakkur Lake,Wetland Outlet point,2016-06-08,13.09235,77.607283,nitrate,6.16,,false,,mg/L,,6.16,jakkur-2015
jakkur-2015,jakkur-lake-jk-2,JK-2,Jakkur Lake,Wetland Outlet point,2016-06-08,13.09235,77.607283,totalAlkalinity,314,,false,,mg/L,,314,jakkur-2015
jakkur-2015,jakkur-lake-jk-2,JK-2,Jakkur Lake,Wetland Outlet point,2016-06-08,13.09235,77.607283,fecalColiform,220000,,false,,MPN/100mL,,2.2E+05,jakkur-2015
jakkur-2015,jakkur-lake-jk-2,JK-2,Jakkur Lake,Wetland Outlet point,2016-06-08,13.09235,77.607283,tss,20,,false,,mg/L,,20,jakkur-2015
jakkur-2015,jakkur-lake-jk-2,JK-2,Jakkur Lake,Wetland Outlet point,2016-06-08,13.09235,77.607283,bod,14.00,,false,,mg/L,,14.00,jakkur-2015
jakkur-2015,jakkur-lake-jk-2,JK-2,Jakkur Lake,Wetland Outlet point,2016-06-08,13.09235,77.607283,dissolvedBod,2.40,,false,,mg/L,,2.40,jakkur-2015
jakkur-2015,jakkur-lake-jk-2,JK-2,Jakkur Lake,Wetland Outlet point,2016-06-08,13.09235,77.607283,cod,68.9,,false,,mg/L,,68.9,jakkur-2015
jakkur-2015,jakkur-lake-jk-2,JK-2,Jakkur Lake,Wetland Outlet point,2016-06-08,13.09235,77.607283,dissolvedCod,39.4,,false,,mg/L,,39.4,jakkur-2015
jakkur-2015,jakkur-lake-jk-2,JK-2,Jakkur Lake,Wetland Outlet point,2016-06-08,13.09235,77.607283,phosphate,1.9,,false,,mg/L,,1.9,jakkur-2015
jakkur-2015,jakkur-lake-jk-2,JK-2,Jakkur Lake,Wetland Outlet point,2016-06-08,13.09235,77.607283,chlorophyllA,,,false,,mg/m3,,-,jakkur-2015
jakkur-2015,jakkur-lake-jk-3,JK-3,Jakkur Lake,Jakkur lake STP outlet point,2016-06-08,13.094333,77.607667,temperature,27.3,,false,,degC,,27.3,jakkur-2015
jakkur-2015,jakkur-lake-jk-3,JK-3,Jakkur Lake,Jakkur lake STP outlet point,2016-06-08,13.094333,77.607667,colour,40,,false,,Hazen,,40,jakkur-2015
jakkur-2015,jakkur-lake-jk-3,JK-3,Jakkur Lake,Jakkur lake STP outlet point,2016-06-08,13.094333,77.607667,turbidity,16.5,,false,,NTU,,16.5,jakkur-2015
jakkur-2015,jakkur-lake-jk-3,JK-3,Jakkur Lake,Jakkur lake STP outlet point,2016-06-08,13.094333,77.607667,ph,7.60,,false,,,,7.60,jakkur-2015
jakkur-2015,jakkur-lake-jk-3,JK-3,Jakkur Lake,Jakkur lake STP outlet point,2016-06-08,13.094333,77.607667,conductivity,1017,,false,,uS/cm,,1017,jakkur-2015
jakkur-2015,jakkur-lake-jk-3,JK-3,Jakkur Lake,Jakkur lake STP outlet point,2016-06-08,13.094333,77.607667,orp,-46,,false,,mV,,-46,jakkur-2015
jakkur-2015,jakkur-lake-jk-3,JK-3,Jakkur Lake,Jakkur lake STP outlet point,2016-06-08,13.094333,77.607667,dissolvedOxygen,2.10,,false,,mg/L,,2.10,jakkur-2015
jakkur-2015,jakkur-lake-jk-3,JK-3,Jakkur Lake,Jakkur lake STP outlet point,2016-06-08,13.094333,77.607667,nitrate,14.08,,false,,mg/L,,14.08,jakkur-2015
jakkur-2015,jakkur-lake-jk-3,JK-3,Jakkur Lake,Jakkur lake STP outlet point,2016-06-08,13.094333,77.607667,totalAlkalinity,310,,false,,mg/L,,310,jakkur-2015
jakkur-2015,jakkur-lake-jk-3,JK-3,Jakkur Lake,Jakkur lake STP outlet point,2016-06-08,13.094333,77.607667,fecalColiform,2000,,false,,MPN/100mL,,2.0E+03,jakkur-2015
jakkur-2015,jakkur-lake-jk-3,JK-3,Jakkur Lake,Jakkur lake STP outlet point,2016-06-08,13.094333,77.607667,tss,10,,false,,mg/L,,10,jakkur-2015
jakkur-2015,jakkur-lake-jk-3,JK-3,Jakkur Lake,Jakkur lake STP outlet point,2016-06-08,13.094333,77.607667,bod,19.00,,false,,mg/L,,19.00,jakkur-2015
jakkur-2015,jakkur-lake-jk-3,JK-3,Jakkur Lake,Jakkur lake STP outlet point,2016-06-08,13.094333,77.607667,dissolvedBod,2.40,,false,,mg/L,,2.40,jakkur-2015
jakkur-2015,jakkur-lake-jk-3,JK-3,Jakkur Lake,Jakkur lake STP outlet point,2016-06-08,13.094333,77.607667,cod,59.1,,false,,mg/L,,59.1,jakkur-2015
jakkur-2015,jakkur-lake-jk-3,JK-3,Jakkur Lake,Jakkur lake STP outlet point,2016-06-08,13.094333,77.607667,dissolvedCod,39.4,,false,,mg/L,,39.4,jakkur-2015
jakkur-2015,jakkur-lake-jk-3,JK-3,Jakkur Lake,Jakkur lake STP outlet point,2016-06-08,13.094333,77.607667,phosphate,0.3,,false,,mg/L,,0.3,jakkur-2015
jakkur-2015,jakkur-lake-jk-3,JK-3,Jakkur Lake,Jakkur lake STP outlet point,2016-06-08,13.094333,77.607667,chlorophyllA,,,false,,mg/m3,,-,jakkur-2015
jakkur-2015,jakkur-lake-jk-4,JK-4,Jakkur Lake,Raw sewage point,2016-06-08,13.094333,77.607667,temperature,28.3,,false,,degC,,28.3,jakkur-2015
jakkur-2015,jakkur-lake-jk-4,JK-4,Jakkur Lake,Raw sewage point,2016-06-08,13.094333,77.607667,colour,80,,false,,Hazen,,80,jakkur-2015
jakkur-2015,jakkur-lake-jk-4,JK-4,Jakkur Lake,Raw sewage point,2016-06-08,13.094333,77.607667,turbidity,11.4,,false,,NTU,,11.4,jakkur-2015
jakkur-2015,jakkur-lake-jk-4,JK-4,Jakkur Lake,Raw sewage point,2016-06-08,13.094333,77.607667,ph,7.53,,false,,,,7.53,jakkur-2015
jakkur-2015,jakkur-lake-jk-4,JK-4,Jakkur Lake,Raw sewage point,2016-06-08,13.094333,77.607667,conductivity,1733,,false,,uS/cm,,1733,jakkur-2015
jakkur-2015,jakkur-lake-jk-4,JK-4,Jakkur Lake,Raw sewage point,2016-06-08,13.094333,77.607667,orp,-42,,false,,mV,,-42,jakkur-2015
jakkur-2015,jakkur-lake-jk-4,JK-4,Jakkur Lake,Raw sewage point,2016-06-08,13.094333,77.607667,dissolvedOxygen,0.00,,false,,mg/L,,0.00,jakkur-2015
jakkur-2015,jakkur-lake-jk-4,JK-4,Jakkur Lake,Raw sewage point,2016-06-08,13.094333,77.607667,nitrate,2.64,,false,,mg/L,,2.64,jakkur-2015
jakkur-2015,jakkur-lake-jk-4,JK-4,Jakkur Lake,Raw sewage point,2016-06-08,13.094333,77.607667,totalAlkalinity,507,,false,,mg/L,,507,jakkur-2015
jakkur-2015,jakkur-lake-jk-4,JK-4,Jakkur Lake,Raw sewage point,2016-06-08,13.094333,77.607667,fecalColiform,20000,,false,,MPN/100mL,,2.0E+04,jakkur-2015
jakkur-2015,jakkur-lake-jk-4,JK-4,Jakkur Lake,Raw sewage point,2016-06-08,13.094333,77.607667,tss,80,,false,,mg/L,,80,jakkur-2015
jakkur-2015,jakkur-lake-jk-4,JK-4,Jakkur Lake,Raw sewage point,2016-06-08,13.094333,77.607667,bod,38.00,,false,,mg/L,,38.00,jakkur-2015
jakkur-2015,jakkur-lake-jk-4,JK-4,Jakkur Lake,Raw sewage point,2016-06-08,13.094333,77.607667,dissolvedBod,18.00,,false,,mg/L,,18.00,jakkur-2015
jakkur-2015,jakkur-lake-jk-4,JK-4,Jakkur Lake,Raw sewage point,2016-06-08,13.094333,77.607667,cod,49.2,,false,,mg/L,,49.2,jakkur-2015
jakkur-2015,jakkur-lake-jk-4,JK-4,Jakkur Lake,Raw sewage point,2016-06-08,13.094333,77.607667,dissolvedCod,29.5,,false,,mg/L,,29.5,jakkur-2015
jakkur-2015,jakkur-lake-jk-4,JK-4,Jakkur Lake,Raw sewage point,2016-06-08,13.094333,77.607667,phosphate,2.9,,false,,mg/L,,2.9,jakkur-2015
jakkur-2015,jakkur-lake-jk-4,JK-4,Jakkur Lake,Raw sewage point,2016-06-08,13.094333,77.607667,chlorophyllA,,,false,,mg/m3,,-,jakkur-2015
jakkur-2015,jakkur-lake-jk-6,JK-6,Jakkur Lake,Jakkur lake outlet point I,2016-06-08,13.0802,77.614667,temperature,32.3,,false,,degC,,32.3,jakkur-2015
jakkur-2015,jakkur-lake-jk-6,JK-6,Jakkur Lake,Jakkur lake outlet point I,2016-06-08,13.0802,77.614667,colour,60,,false,,Hazen,,60,jakkur-2015
jakkur-2015,jakkur-lake-jk-6,JK-6,Jakkur Lake,Jakkur lake outlet point I,2016-06-08,13.0802,77.614667,turbidity,79.3,,false,,NTU,,79.3,jakkur-2015
jakkur-2015,jakkur-lake-jk-6,JK-6,Jakkur Lake,Jakkur lake outlet point I,2016-06-08,13.0802,77.614667,ph,9.10,,false,,,,9.10,jakkur-2015
jakkur-2015,jakkur-lake-jk-6,JK-6,Jakkur Lake,Jakkur lake outlet point I,2016-06-08,13.0802,77.614667,conductivity,1124,,false,,uS/cm,,1124,jakkur-2015
jakkur-2015,jakkur-lake-jk-6,JK-6,Jakkur Lake,Jakkur lake outlet point I,2016-06-08,13.0802,77.614667,orp,-136,,false,,mV,,-136,jakkur-2015
jakkur-2015,jakkur-lake-jk-6,JK-6,Jakkur Lake,Jakkur lake outlet point I,2016-06-08,13.0802,77.614667,dissolvedOxygen,16.30,,false,,mg/L,,16.30,jakkur-2015
jakkur-2015,jakkur-lake-jk-6,JK-6,Jakkur Lake,Jakkur lake outlet point I,2016-06-08,13.0802,77.614667,nitrate,8.80,,false,,mg/L,,8.80,jakkur-2015
jakkur-2015,jakkur-lake-jk-6,JK-6,Jakkur Lake,Jakkur lake outlet point I,2016-06-08,13.0802,77.614667,totalAlkalinity,269,,false,,mg/L,,269,jakkur-2015
jakkur-2015,jakkur-lake-jk-6,JK-6,Jakkur Lake,Jakkur lake outlet point I,2016-06-08,13.0802,77.614667,fecalColiform,2000,,false,,MPN/100mL,,2.0E+03,jakkur-2015
jakkur-2015,jakkur-lake-jk-6,JK-6,Jakkur Lake,Jakkur lake outlet point I,2016-06-08,13.0802,77.614667,tss,50,,false,,mg/L,,50,jakkur-2015
jakkur-2015,jakkur-lake-jk-6,JK-6,Jakkur Lake,Jakkur lake outlet point I,2016-06-08,13.0802,77.614667,bod,21.00,,false,,mg/L,,21.00,jakkur-2015
jakkur-2015,jakkur-lake-jk-6,JK-6,Jakkur Lake,Jakkur lake outlet point I,2016-06-08,13.0802,77.614667,dissolvedBod,3.40,,false,,mg/L,,3.40,jakkur-2015
jakkur-2015,jakkur-lake-jk-6,JK-6,Jakkur Lake,Jakkur lake outlet point I,2016-06-08,13.0802,77.614667,cod,88.6,,false,,mg/L,,88.6,jakkur-2015
jakkur-2015,jakkur-lake-jk-6,JK-6,Jakkur Lake,Jakkur lake outlet point I,2016-06-08,13.0802,77.614667,dissolvedCod,59.1,,false,,mg/L,,59.1,jakkur-2015
jakkur-2015,jakkur-lake-jk-6,JK-6,Jakkur Lake,Jakkur lake outlet point I,2016-06-08,13.0802,77.614667,phosphate,1.1,,false,,mg/L,,1.1,jakkur-2015
jakkur-2015,jakkur-lake-jk-6,JK-6,Jakkur Lake,Jakkur lake outlet point I,2016-06-08,13.0802,77.614667,chlorophyllA,65,,false,,mg/m3,,65,jakkur-2015
jakkur-2015,jakkur-lake-jk-7,JK-7,Jakkur Lake,Jakkur lake outlet point II,2016-06-08,,,temperature,29.5,,false,,degC,,29.5,jakkur-2015
jakkur-2015,jakkur-lake-jk-7,JK-7,Jakkur Lake,Jakkur lake outlet point II,2016-06-08,,,colour,80,,false,,Hazen,,80,jakkur-2015
jakkur-2015,jakkur-lake-jk-7,JK-7,Jakkur Lake,Jakkur lake outlet point II,2016-06-08,,,turbidity,68.4,,false,,NTU,,68.4,jakkur-2015
jakkur-2015,jakkur-lake-jk-7,JK-7,Jakkur Lake,Jakkur lake outlet point II,2016-06-08,,,ph,8.99,,false,,,,8.99,jakkur-2015
jakkur-2015,jakkur-lake-jk-7,JK-7,Jakkur Lake,Jakkur lake outlet point II,2016-06-08,,,conductivity,1141,,false,,uS/cm,,1141,jakkur-2015
jakkur-2015,jakkur-lake-jk-7,JK-7,Jakkur Lake,Jakkur lake outlet point II,2016-06-08,,,orp,-115,,false,,mV,,-115,jakkur-2015
jakkur-2015,jakkur-lake-jk-7,JK-7,Jakkur Lake,Jakkur lake outlet point II,2016-06-08,,,dissolvedOxygen,8.30,,false,,mg/L,,8.30,jakkur-2015
jakkur-2015,jakkur-lake-jk-7,JK-7,Jakkur Lake,Jakkur lake outlet point II,2016-06-08,,,nitrate,7.92,,false,,mg/L,,7.92,jakkur-2015
jakkur-2015,jakkur-lake-jk-7,JK-7,Jakkur Lake,Jakkur lake outlet point II,2016-06-08,,,totalAlkalinity,297,,false,,mg/L,,297,jakkur-2015
jakkur-2015,jakkur-lake-jk-7,JK-7,Jakkur Lake,Jakkur lake outlet point II,2016-06-08,,,fecalColiform,1100,,false,,MPN/100mL,,1.1E+03,jakkur-2015
jakkur-2015,jakkur-lake-jk-7,JK-7,Jakkur Lake,Jakkur lake outlet point II,2016-06-08,,,tss,30,,false,,mg/L,,30,jakkur-2015
jakkur-2015,jakkur-lake-jk-7,JK-7,Jakkur Lake,Jakkur lake outlet point II,2016-06-08,,,bod,23.00,,false,,mg/L,,23.00,jakkur-2015
jakkur-2015,jakkur-lake-jk-7,JK-7,Jakkur Lake,Jakkur lake outlet point II,2016-06-08,,,dissolvedBod,3.00,,false,,mg/L,,3.00,jakkur-2015
jakkur-2015,jakkur-lake-jk-7,JK-7,Jakkur Lake,Jakkur lake outlet point II,2016-06-08,,,cod,128.0,,false,,mg/L,,128.0,jakkur-2015
jakkur-2015,jakkur-lake-jk-7,JK-7,Jakkur Lake,Jakkur lake outlet point II,2016-06-08,,,dissolvedCod,68.9,,false,,mg/L,,68.9,jakkur-2015
jakkur-2015,jakkur-lake-jk-7,JK-7,Jakkur Lake,Jakkur lake outlet point II,2016-06-08,,,phosphate,0.6,,false,,mg/L,,0.6,jakkur-2015
jakkur-2015,jakkur-lake-jk-7,JK-7,Jakkur Lake,Jakkur lake outlet point II,2016-06-08,,,chlorophyllA,60,,false,,mg/m3,,60,jakkur-2015
nwmp-2021,4506,4506,ABBIGERE LAKE,LAKE,2021,,,temperature,25.0,,false,,degC,min,25.0,nwmp-2021
nwmp-2021,4506,4506,ABBIGERE LAKE,LAKE,2021,,,temperature,25.0,,false,,degC,max,25.0,nwmp-2021
nwmp-2021,4506,4506,ABBIGERE LAKE,LAKE,2021,,,dissolvedOxygen,0.3,,false,,mg/L,min,0.3,nwmp-2021
nwmp-2021,4506,4506,ABBIGERE LAKE,LAKE,2021,,,dissolvedOxygen,7.2,,false,,mg/L,max,7.2,nwmp-2021
nwmp-2021,4506,4506,ABBIGERE LAKE,LAKE,2021,,,ph,6.5,,false,,,min,6.5,nwmp-2021
nwmp-2021,4506,4506,ABBIGERE LAKE,LAKE,2021,,,ph,8.1,,false,,,max,8.1,nwmp-2021
nwmp-2021,4506,4506,ABBIGERE LAKE,LAKE,2021,,,conductivity,226,,false,,uS/cm,min,226,nwmp-2021
nwmp-2021,4506,4506,ABBIGERE LAKE,LAKE,2021,,,conductivity,1399,,false,,uS/cm,max,1399,nwmp-2021
nwmp-2021,4506,4506,ABBIGERE LAKE,LAKE,2021,,,bod,3.0,,false,,mg/L,min,3.0,nwmp-2021
nwmp-2021,4506,4506,ABBIGERE LAKE,LAKE,2021,,,bod,42.0,,false,,mg/L,max,42.0,nwmp-2021
nwmp-2021,4506,4506,ABBIGERE LAKE,LAKE,2021,,,nitrateNitrite,0.70,,false,,mg/L as N,min,0.70,nwmp-2021
nwmp-2021,4506,4506,ABBIGERE LAKE,LAKE,2021,,,nitrateNitrite,3.00,,false,,mg/L as N,max,3.00,nwmp-2021
nwmp-2021,4506,4506,ABBIGERE LAKE,LAKE,2021,,,fecalColiform,4600,,false,,MPN/100mL,min,4600,nwmp-2021
nwmp-2021,4506,4506,ABBIGERE LAKE,LAKE,2021,,,fecalColiform,940000,,false,,MPN/100mL,max,940000,nwmp-2021
nwmp-2021,4506,4506,ABBIGERE LAKE,LAKE,2021,,,totalColiform,35000,,false,,MPN/100mL,min,35000,nwmp-2021
nwmp-2021,4506,4506,ABBIGERE LAKE,LAKE,2021,,,totalColiform,5400000,,false,,MPN/100mL,max,5400000,nwmp-2021
nwmp-2021,3612,3612,AGARAM LAKE,LAKE,2021,,,temperature,25.0,,false,,degC,min,25.0,nwmp-2021
nwmp-2021,3612,3612,AGARAM LAKE,LAKE,2021,,,temperature,25.0,,false,,degC,max,25.0,nwmp-2021
nwmp-2021,3612,3612,AGARAM LAKE,LAKE,2021,,,dissolvedOxygen,1.9,,false,,mg/L,min,1.9,nwmp-2021
nwmp-2021,3612,3612,AGARAM LAKE,LAKE,2021,,,dissolvedOxygen,7.0,,false,,mg/L,max,7.0,nwmp-2021
nwmp-2021,3612,3612,AGARAM LAKE,LAKE,2021,,,ph,6.5,,false,,,min,6.5,nwmp-2021
nwmp-2021,3612,3612,AGARAM LAKE,LAKE,2021,,,ph,7.7,,false,,,max,7.7,nwmp-2021
nwmp-2021,3612,3612,AGARAM LAKE,LAKE,2021,,,conductivity,324,,false,,uS/cm,min,324,nwmp-2021
nwmp-2021,3612,3612,AGARAM LAKE,LAKE,2021,,,conductivity,1268,,false,,uS/cm,max,1268,nwmp-2021
nwmp-2021,3612,3612,AGARAM LAKE,LAKE,2021,,,bod,4.0,,false,,mg/L,min,4.0,nwmp-2021
nwmp-2021,3612,3612,AGARAM LAKE,LAKE,2021,,,bod,22.0,,false,,mg/L,max,22.0,nwmp-2021
nwmp-2021,3612,3612,AGARAM LAKE,LAKE,2021,,,nitrateNitrite,1.50,,false,,mg/L as N,min,1.50,nwmp-2021
nwmp-2021,3612,3612,AGARAM LAKE,LAKE,2021,,,nitrateNitrite,5.70,,false,,mg/L as N,max,5.70,nwmp-2021
nwmp-2021,3612,3612,AGARAM LAKE,LAKE,2021,,,fecalColiform,3300,,false,,MPN/100mL,min,3300,nwmp-2021
nwmp-2021,3612,3612,AGARAM LAKE,LAKE,2021,,,fecalColiform,150000,,false,,MPN/100mL,max,150000,nwmp-2021
nwmp-2021,3612,3612,AGARAM LAKE,LAKE,2021,,,totalColiform,24000,,false,,MPN/100mL,min,24000,nwmp-2021
nwmp-2021,3612,3612,AGARAM LAKE,LAKE,2021,,,totalColiform,1600000,,false,,MPN/100mL,max,1600000,nwmp-2021
nwmp-2021,3628,3628,AMRUTHAHALLI LAKE,LAKE,2021,,,temperature,25.0,,false,,degC,min,25.0,nwmp-2021
nwmp-2021,3628,3628,AMRUTHAHALLI LAKE,LAKE,2021,,,temperature,25.0,,false,,degC,max,25.0,nwmp-2021
nwmp-2021,3628,3628,AMRUTHAHALLI LAKE,LAKE,2021,,,dissolvedOxygen,4.2,,false,,mg/L,min,4.2,nwmp-2021
nwmp-2021,3628,3628,AMRUTHAHALLI LAKE,LAKE,2021,,,dissolvedOxygen,6.6,,false,,mg/L,max,6.6,nwmp-2021
nwmp-2021,3628,3628,AMRUTHAHALLI LAKE,LAKE,2021,,,ph,6.6,,false,,,min,6.6,nwmp-2021
nwmp-2021,3628,3628,AMRUTHAHALLI LAKE,LAKE,2021,,,ph,7.6,,false,,,max,7.6,nwmp-2021
nwmp-2021,3628,3628,AMRUTHAHALLI LAKE,LAKE,2021,,,conductivity,449,,false,,uS/cm,min,449,nwmp-2021
nwmp-2021,3628,3628,AMRUTHAHALLI LAKE,LAKE,2021,,,conductivity,963,,false,,uS/cm,max,963,nwmp-2021
nwmp-2021,3628,3628,AMRUTHAHALLI LAKE,LAKE,2021,,,bod,3.0,,false,,mg/L,min,3.0,nwmp-2021
nwmp-2021,3628,3628,AMRUTHAHALLI LAKE,LAKE,2021,,,bod,8.0,,false,,mg/L,max,8.0,nwmp-2021
nwmp-2021,3628,3628,AMRUTHAHALLI LAKE,LAKE,2021,,,nitrateNitrite,0.30,,false,,mg/L as N,min,0.30,nwmp-2021
nwmp-2021,3628,3628,AMRUTHAHALLI LAKE,LAKE,2021,,,nitrateNitrite,2.60,,false,,mg/L as N,max,2.60,nwmp-2021
nwmp-2021,3628,3628,AMRUTHAHALLI LAKE,LAKE,2021,,,fecalColiform,2300,,false,,MPN/100mL,min,2300,nwmp-2021
nwmp-2021,3628,3628,AMRUTHAHALLI LAKE,LAKE,2021,,,fecalColiform,1100000,,false,,MPN/100mL,max,1100000,nwmp-2021
nwmp-2021,3628,3628,AMRUTHAHALLI LAKE,LAKE,2021,,,totalColiform,24000,,false,,MPN/100mL,min,24000,nwmp-2021
nwmp-2021,3628,3628,AMRUTHAHALLI LAKE,LAKE,2021,,,totalColiform,3500000,,false,,MPN/100mL,max,3500000,nwmp-2021
nwmp-2021,4096,4096,"ANDHRAHALLI LAKE, ANDHRAHALLI, BENGALURU",LAKE,2021,,,temperature,25.0,,false,,degC,min,25.0,nwmp-2021
nwmp-2021,4096,4096,"ANDHRAHALLI LAKE, ANDHRAHALLI, BENGALURU",LAKE,2021,,,temperature,25.0,,false,,degC,max,25.0,nwmp-2021
nwmp-2021,4096,4096,"ANDHRAHALLI LAKE, ANDHRAHALLI, BENGALURU",LAKE,2021,,,dissolvedOxygen,0.3,,false,,mg/L,min,0.3,nwmp-2021
nwmp-2021,4096,4096,"ANDHRAHALLI LAKE, ANDHRAHALLI, BENGALURU",LAKE,2021,,,dissolvedOxygen,6.2,,false,,mg/L,max,6.2,nwmp-2021
nwmp-2021,4096,4096,"ANDHRAHALLI LAKE, ANDHRAHALLI, BENGALURU",LAKE,2021,,,ph,6.3,,false,,,min,6.3,nwmp-2021
nwmp-2021,4096,4096,"ANDHRAHALLI LAKE, ANDHRAHALLI, BENGALURU",LAKE,2021,,,ph,7.2,,false,,,max,7.2,nwmp-2021
nwmp-2021,4096,4096,"ANDHRAHALLI LAKE, ANDHRAHALLI, BENGALURU",LAKE,2021,,,conductivity,358,,false,,uS/cm,min,358,nwmp-2021
nwmp-2021,4096,4096,"ANDHRAHALLI LAKE, ANDHRAHALLI, BENGALURU",LAKE,2021,,,conductivity,1637,,false,,uS/cm,max,1637,nwmp-2021
nwmp-2021,4096,4096,"ANDHRAHALLI LAKE, ANDHRAHALLI, BENGALURU",LAKE,2021,,,bod,4.0,,false,,mg/L,min,4.0,nwmp-2021
nwmp-2021,4096,4096,"ANDHRAHALLI LAKE, ANDHRAHALLI, BENGALURU",LAKE,2021,,,bod,29.0,,false,,mg/L,max,29.0,nwmp-2021
nwmp-2021,4096,4096,"ANDHRAHALLI LAKE, ANDHRAHALLI, BENGALURU",LAKE,2021,,,nitrateNitrite,0.30,,false,,mg/L as N,min,0.30,nwmp-2021
nwmp-2021,4096,4096,"ANDHRAHALLI LAKE, ANDHRAHALLI, BENGALURU",LAKE,2021,,,nitrateNitrite,2.20,,false,,mg/L as N,max,2.20,nwmp-2021
nwmp-2021,4096,4096,"ANDHRAHALLI LAKE, ANDHRAHALLI, BENGALURU",LAKE,2021,,,fecalColiform,3400,,false,,MPN/100mL,min,3400,nwmp-2021
nwmp-2021,4096,4096,"ANDHRAHALLI LAKE, ANDHRAHALLI, BENGALURU",LAKE,2021,,,fecalColiform,700000,,false,,MPN/100mL,max,700000,nwmp-2021
nwmp-2021,4096,4096,"ANDHRAHALLI LAKE, ANDHRAHALLI, BENGALURU",LAKE,2021,,,totalColiform,24000,,false,,MPN/100mL,min,24000,nwmp-2021
nwmp-2021,4096,4096,"ANDHRAHALLI LAKE, ANDHRAHALLI, BENGALURU",LAKE,2021,,,totalColiform,5400000,,false,,MPN/100mL,max,5400000,nwmp-2021
nwmp-2021,3615,3615,ARAKERE LAKE,LAKE,2021,,,temperature,25.0,,false,,degC,min,25.0,nwmp-2021
nwmp-2021,3615,3615,ARAKERE LAKE,LAKE,2021,,,temperature,25.0,,false,,degC,max,25.0,nwmp-2021
nwmp-2021,3615,3615,ARAKERE LAKE,LAKE,2021,,,dissolvedOxygen,4.6,,false,,mg/L,min,4.6,nwmp-2021
nwmp-2021,3615,3615,ARAKERE LAKE,LAKE,2021,,,dissolvedOxygen,6.8,,false,,mg/L,max,6.8,nwmp-2021
nwmp-2021,3615,3615,ARAKERE LAKE,LAKE,2021,,,ph,6.8,,false,,,min,6.8,nwmp-2021
nwmp-2021,3615,3615,ARAKERE LAKE,LAKE,2021,,,ph,7.9,,false,,,max,7.9,nwmp-2021
nwmp-2021,3615,3615,ARAKERE LAKE,LAKE,2021,,,conductivity,706,,false,,uS/cm,min,706,nwmp-2021
nwmp-2021,3615,3615,ARAKERE LAKE,LAKE,2021,,,conductivity,985,,false,,uS/cm,max,985,nwmp-2021
nwmp-2021,3615,3615,ARAKERE LAKE,LAKE,2021,,,bod,3.7,,false,,mg/L,min,3.7,nwmp-2021
nwmp-2021,3615,3615,ARAKERE LAKE,LAKE,2021,,,bod,7.0,,false,,mg/L,max,7.0,nwmp-2021
nwmp-2021,3615,3615,ARAKERE LAKE,LAKE,2021,,,nitrateNitrite,1.40,,false,,mg/L as N,min,1.40,nwmp-2021
nwmp-2021,3615,3615,ARAKERE LAKE,LAKE,2021,,,nitrateNitrite,3.29,,false,,mg/L as N,max,3.29,nwmp-2021
nwmp-2021,3615,3615,ARAKERE LAKE,LAKE,2021,,,fecalColiform,490,,false,,MPN/100mL,min,490,nwmp-2021
nwmp-2021,3615,3615,ARAKERE LAKE,LAKE,2021,,,fecalColiform,15000,,false,,MPN/100mL,max,15000,nwmp-2021
nwmp-2021,3615,3615,ARAKERE LAKE,LAKE,2021,,,totalColiform,5400,,false,,MPN/100mL,min,5400,nwmp-2021
nwmp-2021,3615,3615,ARAKERE LAKE,LAKE,2021,,,totalColiform,160000,,false,,MPN/100mL,max,160000,nwmp-2021
nwmp-2021,4542,4542,BASAVANAPURA LAKE,LAKE,2021,,,temperature,25.0,,false,,degC,min,25.0,nwmp-2021
nwmp-2021,4542,4542,BASAVANAPURA LAKE,LAKE,2021,,,temperature,25.0,,false,,degC,max,25.0,nwmp-2021
nwmp-2021,4542,4542,BASAVANAPURA LAKE,LAKE,2021,,,dissolvedOxygen,4.4,,false,,mg/L,min,4.4,nwmp-2021
nwmp-2021,4542,4542,BASAVANAPURA LAKE,LAKE,2021,,,dissolvedOxygen,6.5,,false,,mg/L,max,6.5,nwmp-2021
nwmp-2021,4542,4542,BASAVANAPURA LAKE,LAKE,2021,,,ph,6.5,,false,,,min,6.5,nwmp-2021
nwmp-2021,4542,4542,BASAVANAPURA LAKE,LAKE,2021,,,ph,8.1,,false,,,max,8.1,nwmp-2021
nwmp-2021,4542,4542,BASAVANAPURA LAKE,LAKE,2021,,,conductivity,209,,false,,uS/cm,min,209,nwmp-2021
nwmp-2021,4542,4542,BASAVANAPURA LAKE,LAKE,2021,,,conductivity,1194,,false,,uS/cm,max,1194,nwmp-2021
nwmp-2021,4542,4542,BASAVANAPURA LAKE,LAKE,2021,,,bod,4.0,,false,,mg/L,min,4.0,nwmp-2021
nwmp-2021,4542,4542,BASAVANAPURA LAKE,LAKE,2021,,,bod,9.0,,false,,mg/L,max,9.0,nwmp-2021
nwmp-2021,4542,4542,BASAVANAPURA LAKE,LAKE,2021,,,nitrateNitrite,0.70,,false,,mg/L as N,min,0.70,nwmp-2021
nwmp-2021,4542,4542,BASAVANAPURA LAKE,LAKE,2021,,,nitrateNitrite,3.20,,false,,mg/L as N,max,3.20,nwmp-2021
nwmp-2021,4542,4542,BASAVANAPURA LAKE,LAKE,2021,,,fecalColiform,3300,,false,,MPN/100mL,min,3300,nwmp-2021
nwmp-2021,4542,4542,BASAVANAPURA LAKE,LAKE,2021,,,fecalColiform,140000,,false,,MPN/100mL,max,140000,nwmp-2021
nwmp-2021,4542,4542,BASAVANAPURA LAKE,LAKE,2021,,,totalColiform,24000,,false,,MPN/100mL,min,24000,nwmp-2021
nwmp-2021,4542,4542,BASAVANAPURA LAKE,LAKE,2021,,,totalColiform,540000,,false,,MPN/100mL,max,540000,nwmp-2021
nwmp-2021,4515,4515,BATTARAHALLI LAKE,LAKE,2021,,,temperature,25.0,,false,,degC,min,25.0,nwmp-2021
nwmp-2021,4515,4515,BATTARAHALLI LAKE,LAKE,2021,,,temperature,25.0,,false,,degC,max,25.0,nwmp-2021
nwmp-2021,4515,4515,BATTARAHALLI LAKE,LAKE,2021,,,dissolvedOxygen,3.2,,false,,mg/L,min,3.2,nwmp-2021
nwmp-2021,4515,4515,BATTARAHALLI LAKE,LAKE,2021,,,dissolvedOxygen,6.8,,false,,mg/L,max,6.8,nwmp-2021
nwmp-2021,4515,4515,BATTARAHALLI LAKE,LAKE,2021,,,ph,7.1,,false,,,min,7.1,nwmp-2021
nwmp-2021,4515,4515,BATTARAHALLI LAKE,LAKE,2021,,,ph,8.5,,false,,,max,8.5,nwmp-2021
nwmp-2021,4515,4515,BATTARAHALLI LAKE,LAKE,2021,,,conductivity,706,,false,,uS/cm,min,706,nwmp-2021
nwmp-2021,4515,4515,BATTARAHALLI LAKE,LAKE,2021,,,conductivity,949,,false,,uS/cm,max,949,nwmp-2021
nwmp-2021,4515,4515,BATTARAHALLI LAKE,LAKE,2021,,,bod,4.0,,false,,mg/L,min,4.0,nwmp-2021
nwmp-2021,4515,4515,BATTARAHALLI LAKE,LAKE,2021,,,bod,17.0,,false,,mg/L,max,17.0,nwmp-2021
nwmp-2021,4515,4515,BATTARAHALLI LAKE,LAKE,2021,,,nitrateNitrite,0.40,,false,,mg/L as N,min,0.40,nwmp-2021
nwmp-2021,4515,4515,BATTARAHALLI LAKE,LAKE,2021,,,nitrateNitrite,6.49,,false,,mg/L as N,max,6.49,nwmp-2021
nwmp-2021,4515,4515,BATTARAHALLI LAKE,LAKE,2021,,,fecalColiform,3300,,false,,MPN/100mL,min,3300,nwmp-2021
nwmp-2021,4515,4515,BATTARAHALLI LAKE,LAKE,2021,,,fecalColiform,150000,,false,,MPN/100mL,max,150000,nwmp-2021
nwmp-2021,4515,4515,BATTARAHALLI LAKE,LAKE,2021,,,totalColiform,24000,,false,,MPN/100mL,min,24000,nwmp-2021
nwmp-2021,4515,4515,BATTARAHALLI LAKE,LAKE,2021,,,totalColiform,1600000,,false,,MPN/100mL,max,1600000,nwmp-2021
nwmp-2021,3602,3602,BELLANDUR LAKE,LAKE,2021,,,temperature,25.0,,false,,degC,min,25.0,nwmp-2021
nwmp-2021,3602,3602,BELLANDUR LAKE,LAKE,2021,,,temperature,25.0,,false,,degC,max,25.0,nwmp-2021
nwmp-2021,3602,3602,BELLANDUR LAKE,LAKE,2021,,,dissolvedOxygen,0.3,,false,,mg/L,min,0.3,nwmp-2021
nwmp-2021,3602,3602,BELLANDUR LAKE,LAKE,2021,,,dissolvedOxygen,2.8,,false,,mg/L,max,2.8,nwmp-2021
nwmp-2021,3602,3602,BELLANDUR LAKE,LAKE,2021,,,ph,6.5,,false,,,min,6.5,nwmp-2021
nwmp-2021,3602,3602,BELLANDUR LAKE,LAKE,2021,,,ph,6.9,,false,,,max,6.9,nwmp-2021
nwmp-2021,3602,3602,BELLANDUR LAKE,LAKE,2021,,,conductivity,1035,,false,,uS/cm,min,1035,nwmp-2021
nwmp-2021,3602,3602,BELLANDUR LAKE,LAKE,2021,,,conductivity,1187,,false,,uS/cm,max,1187,nwmp-2021
nwmp-2021,3602,3602,BELLANDUR LAKE,LAKE,2021,,,bod,18.0,,false,,mg/L,min,18.0,nwmp-2021
nwmp-2021,3602,3602,BELLANDUR LAKE,LAKE,2021,,,bod,87.0,,false,,mg/L,max,87.0,nwmp-2021
nwmp-2021,3602,3602,BELLANDUR LAKE,LAKE,2021,,,nitrateNitrite,1.10,,false,,mg/L as N,min,1.10,nwmp-2021
nwmp-2021,3602,3602,BELLANDUR LAKE,LAKE,2021,,,nitrateNitrite,5.00,,false,,mg/L as N,max,5.00,nwmp-2021
nwmp-2021,3602,3602,BELLANDUR LAKE,LAKE,2021,,,fecalColiform,2300,,false,,MPN/100mL,min,2300,nwmp-2021
nwmp-2021,3602,3602,BELLANDUR LAKE,LAKE,2021,,,fecalColiform,1200000000,,false,,MPN/100mL,max,1200000000,nwmp-2021
nwmp-2021,3602,3602,BELLANDUR LAKE,LAKE,2021,,,totalColiform,24000,,false,,MPN/100mL,min,24000,nwmp-2021
nwmp-2021,3602,3602,BELLANDUR LAKE,LAKE,2021,,,totalColiform,9200000000,,false,,MPN/100mL,max,9200000000,nwmp-2021
nwmp-2021,3679,3679,BHUTANALA LAKE,LAKE,2021,,,temperature,24.0,,false,,degC,min,24.0,nwmp-2021
nwmp-2021,3679,3679,BHUTANALA LAKE,LAKE,2021,,,temperature,29.0,,false,,degC,max,29.0,nwmp-2021
nwmp-2021,3679,3679,BHUTANALA LAKE,LAKE,2021,,,dissolvedOxygen,0.3,,false,,mg/L,min,0.3,nwmp-2021
nwmp-2021,3679,3679,BHUTANALA LAKE,LAKE,2021,,,dissolvedOxygen,10.9,,false,,mg/L,max,10.9,nwmp-2021
nwmp-2021,3679,3679,BHUTANALA LAKE,LAKE,2021,,,ph,7.6,,false,,,min,7.6,nwmp-2021
nwmp-2021,3679,3679,BHUTANALA LAKE,LAKE,2021,,,ph,9.0,,false,,,max,9.0,nwmp-2021
nwmp-2021,3679,3679,BHUTANALA LAKE,LAKE,2021,,,conductivity,708,,false,,uS/cm,min,708,nwmp-2021
nwmp-2021,3679,3679,BHUTANALA LAKE,LAKE,2021,,,conductivity,1528,,false,,uS/cm,max,1528,nwmp-2021
nwmp-2021,3679,3679,BHUTANALA LAKE,LAKE,2021,,,bod,1.0,,false,,mg/L,min,1.0,nwmp-2021
nwmp-2021,3679,3679,BHUTANALA LAKE,LAKE,2021,,,bod,38.0,,false,,mg/L,max,38.0,nwmp-2021
nwmp-2021,3679,3679,BHUTANALA LAKE,LAKE,2021,,,nitrateNitrite,0.32,,false,,mg/L as N,min,0.32,nwmp-2021
nwmp-2021,3679,3679,BHUTANALA LAKE,LAKE,2021,,,nitrateNitrite,6.00,,false,,mg/L as N,max,6.00,nwmp-2021
nwmp-2021,3679,3679,BHUTANALA LAKE,LAKE,2021,,,fecalColiform,920,,false,,MPN/100mL,min,920,nwmp-2021
nwmp-2021,3679,3679,BHUTANALA LAKE,LAKE,2021,,,fecalColiform,1840,,false,,MPN/100mL,max,1840,nwmp-2021
nwmp-2021,3679,3679,BHUTANALA LAKE,LAKE,2021,,,totalColiform,1600,,false,,MPN/100mL,min,1600,nwmp-2021
nwmp-2021,3679,3679,BHUTANALA LAKE,LAKE,2021,,,totalColiform,3200,,false,,MPN/100mL,max,3200,nwmp-2021
nwmp-2021,3649,3649,BUGUDANAHALLI LAKE,LAKE,2021,,,temperature,25.0,,false,,degC,min,25.0,nwmp-2021
nwmp-2021,3649,3649,BUGUDANAHALLI LAKE,LAKE,2021,,,temperature,25.0,,false,,degC,max,25.0,nwmp-2021
nwmp-2021,3649,3649,BUGUDANAHALLI LAKE,LAKE,2021,,,dissolvedOxygen,5.7,,false,,mg/L,min,5.7,nwmp-2021
nwmp-2021,3649,3649,BUGUDANAHALLI LAKE,LAKE,2021,,,dissolvedOxygen,6.9,,false,,mg/L,max,6.9,nwmp-2021
nwmp-2021,3649,3649,BUGUDANAHALLI LAKE,LAKE,2021,,,ph,6.5,,false,,,min,6.5,nwmp-2021
nwmp-2021,3649,3649,BUGUDANAHALLI LAKE,LAKE,2021,,,ph,7.2,,false,,,max,7.2,nwmp-2021
nwmp-2021,3649,3649,BUGUDANAHALLI LAKE,LAKE,2021,,,conductivity,141,,false,,uS/cm,min,141,nwmp-2021
nwmp-2021,3649,3649,BUGUDANAHALLI LAKE,LAKE,2021,,,conductivity,312,,false,,uS/cm,max,312,nwmp-2021
nwmp-2021,3649,3649,BUGUDANAHALLI LAKE,LAKE,2021,,,bod,3.0,,false,,mg/L,min,3.0,nwmp-2021
nwmp-2021,3649,3649,BUGUDANAHALLI LAKE,LAKE,2021,,,bod,5.0,,false,,mg/L,max,5.0,nwmp-2021
nwmp-2021,3649,3649,BUGUDANAHALLI LAKE,LAKE,2021,,,nitrateNitrite,0.40,,false,,mg/L as N,min,0.40,nwmp-2021
nwmp-2021,3649,3649,BUGUDANAHALLI LAKE,LAKE,2021,,,nitrateNitrite,11.50,,false,,mg/L as N,max,11.50,nwmp-2021
nwmp-2021,3649,3649,BUGUDANAHALLI LAKE,LAKE,2021,,,fecalColiform,1200,,false,,MPN/100mL,min,1200,nwmp-2021
nwmp-2021,3649,3649,BUGUDANAHALLI LAKE,LAKE,2021,,,fecalColiform,15000,,false,,MPN/100mL,max,15000,nwmp-2021
nwmp-2021,3649,3649,BUGUDANAHALLI LAKE,LAKE,2021,,,totalColiform,16000,,false,,MPN/100mL,min,16000,nwmp-2021
nwmp-2021,3649,3649,BUGUDANAHALLI LAKE,LAKE,2021,,,totalColiform,160000,,false,,MPN/100mL,max,160000,nwmp-2021
nwmp-2021,4507,4507,CHELEKERE LAKE,LAKE,2021,,,temperature,25.0,,false,,degC,min,25.0,nwmp-2021
nwmp-2021,4507,4507,CHELEKERE LAKE,LAKE,2021,,,temperature,25.0,,false,,degC,max,25.0,nwmp-2021
nwmp-2021,4507,4507,CHELEKERE LAKE,LAKE,2021,,,dissolvedOxygen,4.0,,false,,mg/L,min,4.0,nwmp-2021
nwmp-2021,4507,4507,CHELEKERE LAKE,LAKE,2021,,,dissolvedOxygen,7.0,,false,,mg/L,max,7.0,nwmp-2021
nwmp-2021,4507,4507,CHELEKERE LAKE,LAKE,2021,,,ph,6.5,,false,,,min,6.5,nwmp-2021
nwmp-2021,4507,4507,CHELEKERE LAKE,LAKE,2021,,,ph,7.4,,false,,,max,7.4,nwmp-2021
nwmp-2021,4507,4507,CHELEKERE LAKE,LAKE,2021,,,conductivity,297,,false,,uS/cm,min,297,nwmp-2021
nwmp-2021,4507,4507,CHELEKERE LAKE,LAKE,2021,,,conductivity,1326,,false,,uS/cm,max,1326,nwmp-2021
nwmp-2021,4507,4507,CHELEKERE LAKE,LAKE,2021,,,bod,3.0,,false,,mg/L,min,3.0,nwmp-2021
nwmp-2021,4507,4507,CHELEKERE LAKE,LAKE,2021,,,bod,11.0,,false,,mg/L,max,11.0,nwmp-2021
nwmp-2021,4507,4507,CHELEKERE LAKE,LAKE,2021,,,nitrateNitrite,0.60,,false,,mg/L as N,min,0.60,nwmp-2021
nwmp-2021,4507,4507,CHELEKERE LAKE,LAKE,2021,,,nitrateNitrite,2.30,,false,,mg/L as N,max,2.30,nwmp-2021
nwmp-2021,4507,4507,CHELEKERE LAKE,LAKE,2021,,,fecalColiform,3300,,false,,MPN/100mL,min,3300,nwmp-2021
nwmp-2021,4507,4507,CHELEKERE LAKE,LAKE,2021,,,fecalColiform,940000,,false,,MPN/100mL,max,940000,nwmp-2021
nwmp-2021,4507,4507,CHELEKERE LAKE,LAKE,2021,,,totalColiform,24000,,false,,MPN/100mL,min,24000,nwmp-2021
nwmp-2021,4507,4507,CHELEKERE LAKE,LAKE,2021,,,totalColiform,5400000,,false,,MPN/100mL,max,5400000,nwmp-2021
nwmp-2021,4095,4095,"CHIKKABANVARA LAKE, CHIKKABANWARA, BENGALURU NORTH",LAKE,2021,,,temperature,25.0,,false,,degC,min,25.0,nwmp-2021
nwmp-2021,4095,4095,"CHIKKABANVARA LAKE, CHIKKABANWARA, BENGALURU NORTH",LAKE,2021,,,temperature,25.0,,false,,degC,max,25.0,nwmp-2021
nwmp-2021,4095,4095,"CHIKKABANVARA LAKE, CHIKKABANWARA, BENGALURU NORTH",LAKE,2021,,,dissolvedOxygen,1.0,,false,,mg/L,min,1.0,nwmp-2021
nwmp-2021,4095,4095,"CHIKKABANVARA LAKE, CHIKKABANWARA, BENGALURU NORTH",LAKE,2021,,,dissolvedOxygen,7.0,,false,,mg/L,max,7.0,nwmp-2021
nwmp-2021,4095,4095,"CHIKKABANVARA LAKE, CHIKKABANWARA, BENGALURU NORTH",LAKE,2021,,,ph,6.5,,false,,,min,6.5,nwmp-2021
nwmp-2021,4095,4095,"CHIKKABANVARA LAKE, CHIKKABANWARA, BENGALURU NORTH",LAKE,2021,,,ph,7.7,,false,,,max,7.7,nwmp-2021
nwmp-2021,4095,4095,"CHIKKABANVARA LAKE, CHIKKABANWARA, BENGALURU NORTH",LAKE,2021,,,conductivity,225,,false,,uS/cm,min,225,nwmp-2021
nwmp-2021,4095,4095,"CHIKKABANVARA LAKE, CHIKKABANWARA, BENGALURU NORTH",LAKE,2021,,,conductivity,1871,,false,,uS/cm,max,1871,nwmp-2021
nwmp-2021,4095,4095,"CHIKKABANVARA LAKE, CHIKKABANWARA, BENGALURU NORTH",LAKE,2021,,,bod,4.0,,false,,mg/L,min,4.0,nwmp-2021
nwmp-2021,4095,4095,"CHIKKABANVARA LAKE, CHIKKABANWARA, BENGALURU NORTH",LAKE,2021,,,bod,22.0,,false,,mg/L,max,22.0,nwmp-2021
nwmp-2021,4095,4095,"CHIKKABANVARA LAKE, CHIKKABANWARA, BENGALURU NORTH",LAKE,2021,,,nitrateNitrite,0.36,,false,,mg/L as N,min,0.36,nwmp-2021
nwmp-2021,4095,4095,"CHIKKABANVARA LAKE, CHIKKABANWARA, BENGALURU NORTH",LAKE,2021,,,nitrateNitrite,3.00,,false,,mg/L as N,max,3.00,nwmp-2021
nwmp-2021,4095,4095,"CHIKKABANVARA LAKE, CHIKKABANWARA, BENGALURU NORTH",LAKE,2021,,,fecalColiform,3300,,false,,MPN/100mL,min,3300,nwmp-2021
nwmp-2021,4095,4095,"CHIKKABANVARA LAKE, CHIKKABANWARA, BENGALURU NORTH",LAKE,2021,,,fecalColiform,1100000,,false,,MPN/100mL,max,1100000,nwmp-2021
nwmp-2021,4095,4095,"CHIKKABANVARA LAKE, CHIKKABANWARA, BENGALURU NORTH",LAKE,2021,,,totalColiform,24000,,false,,MPN/100mL,min,24000,nwmp-2021
nwmp-2021,4095,4095,"CHIKKABANVARA LAKE, CHIKKABANWARA, BENGALURU NORTH",LAKE,2021,,,totalColiform,9200000,,false,,MPN/100mL,max,9200000,nwmp-2021
nwmp-2021,4537,4537,CHINNAKURCHI KERE,LAKE,2021,,,temperature,25.0,,false,,degC,min,25.0,nwmp-2021
nwmp-2021,4537,4537,CHINNAKURCHI KERE,LAKE,2021,,,temperature,25.1,,false,,degC,max,25.1,nwmp-2021
nwmp-2021,4537,4537,CHINNAKURCHI KERE,LAKE,2021,,,dissolvedOxygen,4.8,,false,,mg/L,min,4.8,nwmp-2021
nwmp-2021,4537,4537,CHINNAKURCHI KERE,LAKE,2021,,,dissolvedOxygen,7.4,,false,,mg/L,max,7.4,nwmp-2021
nwmp-2021,4537,4537,CHINNAKURCHI KERE,LAKE,2021,,,ph,6.5,,false,,,min,6.5,nwmp-2021
nwmp-2021,4537,4537,CHINNAKURCHI KERE,LAKE,2021,,,ph,7.8,,false,,,max,7.8,nwmp-2021
nwmp-2021,4537,4537,CHINNAKURCHI KERE,LAKE,2021,,,conductivity,208,,false,,uS/cm,min,208,nwmp-2021
nwmp-2021,4537,4537,CHINNAKURCHI KERE,LAKE,2021,,,conductivity,521,,false,,uS/cm,max,521,nwmp-2021
nwmp-2021,4537,4537,CHINNAKURCHI KERE,LAKE,2021,,,bod,2.0,,false,,mg/L,min,2.0,nwmp-2021
nwmp-2021,4537,4537,CHINNAKURCHI KERE,LAKE,2021,,,bod,10.0,,false,,mg/L,max,10.0,nwmp-2021
nwmp-2021,4537,4537,CHINNAKURCHI KERE,LAKE,2021,,,nitrateNitrite,0.30,,false,,mg/L as N,min,0.30,nwmp-2021
nwmp-2021,4537,4537,CHINNAKURCHI KERE,LAKE,2021,,,nitrateNitrite,2.20,,false,,mg/L as N,max,2.20,nwmp-2021
nwmp-2021,4537,4537,CHINNAKURCHI KERE,LAKE,2021,,,fecalColiform,23,,false,,MPN/100mL,min,23,nwmp-2021
nwmp-2021,4537,4537,CHINNAKURCHI KERE,LAKE,2021,,,fecalColiform,46000,,false,,MPN/100mL,max,46000,nwmp-2021
nwmp-2021,4537,4537,CHINNAKURCHI KERE,LAKE,2021,,,totalColiform,24000,,false,,MPN/100mL,min,24000,nwmp-2021
nwmp-2021,4537,4537,CHINNAKURCHI KERE,LAKE,2021,,,totalColiform,350000,,false,,MPN/100mL,max,350000,nwmp-2021
nwmp-2021,4520,4520,CHINNAPANHALLI LAKE,LAKE,2021,,,temperature,25.0,,false,,degC,min,25.0,nwmp-2021
nwmp-2021,4520,4520,CHINNAPANHALLI LAKE,LAKE,2021,,,temperature,25.0,,false,,degC,max,25.0,nwmp-2021
nwmp-2021,4520,4520,CHINNAPANHALLI LAKE,LAKE,2021,,,dissolvedOxygen,2.1,,false,,mg/L,min,2.1,nwmp-2021
nwmp-2021,4520,4520,CHINNAPANHALLI LAKE,LAKE,2021,,,dissolvedOxygen,4.8,,false,,mg/L,max,4.8,nwmp-2021
nwmp-2021,4520,4520,CHINNAPANHALLI LAKE,LAKE,2021,,,ph,6.5,,false,,,min,6.5,nwmp-2021
nwmp-2021,4520,4520,CHINNAPANHALLI LAKE,LAKE,2021,,,ph,8.5,,false,,,max,8.5,nwmp-2021
nwmp-2021,4520,4520,CHINNAPANHALLI LAKE,LAKE,2021,,,conductivity,671,,false,,uS/cm,min,671,nwmp-2021
nwmp-2021,4520,4520,CHINNAPANHALLI LAKE,LAKE,2021,,,conductivity,1238,,false,,uS/cm,max,1238,nwmp-2021
nwmp-2021,4520,4520,CHINNAPANHALLI LAKE,LAKE,2021,,,bod,6.0,,false,,mg/L,min,6.0,nwmp-2021
nwmp-2021,4520,4520,CHINNAPANHALLI LAKE,LAKE,2021,,,bod,36.0,,false,,mg/L,max,36.0,nwmp-2021
nwmp-2021,4520,4520,CHINNAPANHALLI LAKE,LAKE,2021,,,nitrateNitrite,1.50,,false,,mg/L as N,min,1.50,nwmp-2021
nwmp-2021,4520,4520,CHINNAPANHALLI LAKE,LAKE,2021,,,nitrateNitrite,3.60,,false,,mg/L as N,max,3.60,nwmp-2021
nwmp-2021,4520,4520,CHINNAPANHALLI LAKE,LAKE,2021,,,fecalColiform,4000,,false,,MPN/100mL,min,4000,nwmp-2021
nwmp-2021,4520,4520,CHINNAPANHALLI LAKE,LAKE,2021,,,fecalColiform,79000,,false,,MPN/100mL,max,79000,nwmp-2021
nwmp-2021,4520,4520,CHINNAPANHALLI LAKE,LAKE,2021,,,totalColiform,24000,,false,,MPN/100mL,min,24000,nwmp-2021
nwmp-2021,4520,4520,CHINNAPANHALLI LAKE,LAKE,2021,,,totalColiform,540000,,false,,MPN/100mL,max,540000,nwmp-2021
nwmp-2021,3584,3584,DALAVAI LAKE,LAKE,2021,,,temperature,21.0,,false,,degC,min,21.0,nwmp-2021
nwmp-2021,3584,3584,DALAVAI LAKE,LAKE,2021,,,temperature,26.0,,false,,degC,max,26.0,nwmp-2021
nwmp-2021,3584,3584,DALAVAI LAKE,LAKE,2021,,,dissolvedOxygen,0.3,,false,,mg/L,min,0.3,nwmp-2021
nwmp-2021,3584,3584,DALAVAI LAKE,LAKE,2021,,,dissolvedOxygen,3.6,,false,,mg/L,max,3.6,nwmp-2021
nwmp-2021,3584,3584,DALAVAI LAKE,LAKE,2021,,,ph,7.1,,false,,,min,7.1,nwmp-2021
nwmp-2021,3584,3584,DALAVAI LAKE,LAKE,2021,,,ph,8.5,,false,,,max,8.5,nwmp-2021
nwmp-2021,3584,3584,DALAVAI LAKE,LAKE,2021,,,conductivity,725,,false,,uS/cm,min,725,nwmp-2021
nwmp-2021,3584,3584,DALAVAI LAKE,LAKE,2021,,,conductivity,1168,,false,,uS/cm,max,1168,nwmp-2021
nwmp-2021,3584,3584,DALAVAI LAKE,LAKE,2021,,,bod,8.0,,false,,mg/L,min,8.0,nwmp-2021
nwmp-2021,3584,3584,DALAVAI LAKE,LAKE,2021,,,bod,14.0,,false,,mg/L,max,14.0,nwmp-2021
nwmp-2021,3584,3584,DALAVAI LAKE,LAKE,2021,,,nitrateNitrite,2.10,,false,,mg/L as N,min,2.10,nwmp-2021
nwmp-2021,3584,3584,DALAVAI LAKE,LAKE,2021,,,nitrateNitrite,4.90,,false,,mg/L as N,max,4.90,nwmp-2021
nwmp-2021,3584,3584,DALAVAI LAKE,LAKE,2021,,,fecalColiform,2100,,false,,MPN/100mL,min,2100,nwmp-2021
nwmp-2021,3584,3584,DALAVAI LAKE,LAKE,2021,,,fecalColiform,3300,,false,,MPN/100mL,max,3300,nwmp-2021
nwmp-2021,3584,3584,DALAVAI LAKE,LAKE,2021,,,totalColiform,7000,,false,,MPN/100mL,min,7000,nwmp-2021
nwmp-2021,3584,3584,DALAVAI LAKE,LAKE,2021,,,totalColiform,12000,,false,,MPN/100mL,max,12000,nwmp-2021
nwmp-2021,4521,4521,DEVARABEESANAHALLI LAKE,LAKE,2021,,,temperature,21.0,,false,,degC,min,21.0,nwmp-2021
nwmp-2021,4521,4521,DEVARABEESANAHALLI LAKE,LAKE,2021,,,temperature,25.0,,false,,degC,max,25.0,nwmp-2021
nwmp-2021,4521,4521,DEVARABEESANAHALLI LAKE,LAKE,2021,,,dissolvedOxygen,2.1,,false,,mg/L,min,2.1,nwmp-2021
nwmp-2021,4521,4521,DEVARABEESANAHALLI LAKE,LAKE,2021,,,dissolvedOxygen,6.6,,false,,mg/L,max,6.6,nwmp-2021
nwmp-2021,4521,4521,DEVARABEESANAHALLI LAKE,LAKE,2021,,,ph,6.5,,false,,,min,6.5,nwmp-2021
nwmp-2021,4521,4521,DEVARABEESANAHALLI LAKE,LAKE,2021,,,ph,7.6,,false,,,max,7.6,nwmp-2021
nwmp-2021,4521,4521,DEVARABEESANAHALLI LAKE,LAKE,2021,,,conductivity,425,,false,,uS/cm,min,425,nwmp-2021
nwmp-2021,4521,4521,DEVARABEESANAHALLI LAKE,LAKE,2021,,,conductivity,1336,,false,,uS/cm,max,1336,nwmp-2021
nwmp-2021,4521,4521,DEVARABEESANAHALLI LAKE,LAKE,2021,,,bod,3.0,,false,,mg/L,min,3.0,nwmp-2021
nwmp-2021,4521,4521,DEVARABEESANAHALLI LAKE,LAKE,2021,,,bod,30.0,,false,,mg/L,max,30.0,nwmp-2021
nwmp-2021,4521,4521,DEVARABEESANAHALLI LAKE,LAKE,2021,,,nitrateNitrite,1.10,,false,,mg/L as N,min,1.10,nwmp-2021
nwmp-2021,4521,4521,DEVARABEESANAHALLI LAKE,LAKE,2021,,,nitrateNitrite,9.40,,false,,mg/L as N,max,9.40,nwmp-2021
nwmp-2021,4521,4521,DEVARABEESANAHALLI LAKE,LAKE,2021,,,fecalColiform,4000,,false,,MPN/100mL,min,4000,nwmp-2021
nwmp-2021,4521,4521,DEVARABEESANAHALLI LAKE,LAKE,2021,,,fecalColiform,14000,,false,,MPN/100mL,max,14000,nwmp-2021
nwmp-2021,4521,4521,DEVARABEESANAHALLI LAKE,LAKE,2021,,,totalColiform,24000,,false,,MPN/100mL,min,24000,nwmp-2021
nwmp-2021,4521,4521,DEVARABEESANAHALLI LAKE,LAKE,2021,,,totalColiform,160000,,false,,MPN/100mL,max,160000,nwmp-2021
nwmp-2021,3645,3645,DEVARAYASAMUDRA LAKE,LAKE,2021,,,temperature,25.0,,false,,degC,min,25.0,nwmp-2021
nwmp-2021,3645,3645,DEVARAYASAMUDRA LAKE,LAKE,2021,,,temperature,25.0,,false,,degC,max,25.0,nwmp-2021
nwmp-2021,3645,3645,DEVARAYASAMUDRA LAKE,LAKE,2021,,,dissolvedOxygen,3.4,,false,,mg/L,min,3.4,nwmp-2021
nwmp-2021,3645,3645,DEVARAYASAMUDRA LAKE,LAKE,2021,,,dissolvedOxygen,6.6,,false,,mg/L,max,6.6,nwmp-2021
nwmp-2021,3645,3645,DEVARAYASAMUDRA LAKE,LAKE,2021,,,ph,6.1,,false,,,min,6.1,nwmp-2021
nwmp-2021,3645,3645,DEVARAYASAMUDRA LAKE,LAKE,2021,,,ph,8.0,,false,,,max,8.0,nwmp-2021
nwmp-2021,3645,3645,DEVARAYASAMUDRA LAKE,LAKE,2021,,,conductivity,185,,false,,uS/cm,min,185,nwmp-2021
nwmp-2021,3645,3645,DEVARAYASAMUDRA LAKE,LAKE,2021,,,conductivity,1114,,false,,uS/cm,max,1114,nwmp-2021
nwmp-2021,3645,3645,DEVARAYASAMUDRA LAKE,LAKE,2021,,,bod,3.0,,false,,mg/L,min,3.0,nwmp-2021
nwmp-2021,3645,3645,DEVARAYASAMUDRA LAKE,LAKE,2021,,,bod,8.0,,false,,mg/L,max,8.0,nwmp-2021
nwmp-2021,3645,3645,DEVARAYASAMUDRA LAKE,LAKE,2021,,,nitrateNitrite,0.30,,false,,mg/L as N,min,0.30,nwmp-2021
nwmp-2021,3645,3645,DEVARAYASAMUDRA LAKE,LAKE,2021,,,nitrateNitrite,9.79,,false,,mg/L as N,max,9.79,nwmp-2021
nwmp-2021,3645,3645,DEVARAYASAMUDRA LAKE,LAKE,2021,,,fecalColiform,4000,,false,,MPN/100mL,min,4000,nwmp-2021
nwmp-2021,3645,3645,DEVARAYASAMUDRA LAKE,LAKE,2021,,,fecalColiform,120000,,false,,MPN/100mL,max,120000,nwmp-2021
nwmp-2021,3645,3645,DEVARAYASAMUDRA LAKE,LAKE,2021,,,totalColiform,24000,,false,,MPN/100mL,min,24000,nwmp-2021
nwmp-2021,3645,3645,DEVARAYASAMUDRA LAKE,LAKE,2021,,,totalColiform,1600000,,false,,MPN/100mL,max,1600000,nwmp-2021
nwmp-2021,4539,4539,DODDABIDARAKALLU LAKE,LAKE,2021,,,temperature,25.0,,false,,degC,min,25.0,nwmp-2021
nwmp-2021,4539,4539,DODDABIDARAKALLU LAKE,LAKE,2021,,,temperature,25.0,,false,,degC,max,25.0,nwmp-2021
nwmp-2021,4539,4539,DODDABIDARAKALLU LAKE,LAKE,2021,,,dissolvedOxygen,0.3,,false,,mg/L,min,0.3,nwmp-2021
nwmp-2021,4539,4539,DODDABIDARAKALLU LAKE,LAKE,2021,,,dissolvedOxygen,5.1,,false,,mg/L,max,5.1,nwmp-2021
nwmp-2021,4539,4539,DODDABIDARAKALLU LAKE,LAKE,2021,,,ph,6.3,,false,,,min,6.3,nwmp-2021
nwmp-2021,4539,4539,DODDABIDARAKALLU LAKE,LAKE,2021,,,ph,7.4,,false,,,max,7.4,nwmp-2021
nwmp-2021,4539,4539,DODDABIDARAKALLU LAKE,LAKE,2021,,,conductivity,974,,false,,uS/cm,min,974,nwmp-2021
nwmp-2021,4539,4539,DODDABIDARAKALLU LAKE,LAKE,2021,,,conductivity,1737,,false,,uS/cm,max,1737,nwmp-2021
nwmp-2021,4539,4539,DODDABIDARAKALLU LAKE,LAKE,2021,,,bod,9.0,,false,,mg/L,min,9.0,nwmp-2021
nwmp-2021,4539,4539,DODDABIDARAKALLU LAKE,LAKE,2021,,,bod,375.0,,false,,mg/L,max,375.0,nwmp-2021
nwmp-2021,4539,4539,DODDABIDARAKALLU LAKE,LAKE,2021,,,nitrateNitrite,1.20,,false,,mg/L as N,min,1.20,nwmp-2021
nwmp-2021,4539,4539,DODDABIDARAKALLU LAKE,LAKE,2021,,,nitrateNitrite,8.00,,false,,mg/L as N,max,8.00,nwmp-2021
nwmp-2021,4539,4539,DODDABIDARAKALLU LAKE,LAKE,2021,,,fecalColiform,3300,,false,,MPN/100mL,min,3300,nwmp-2021
nwmp-2021,4539,4539,DODDABIDARAKALLU LAKE,LAKE,2021,,,fecalColiform,2300000000,,false,,MPN/100mL,max,2300000000,nwmp-2021
nwmp-2021,4539,4539,DODDABIDARAKALLU LAKE,LAKE,2021,,,totalColiform,24000,,false,,MPN/100mL,min,24000,nwmp-2021
nwmp-2021,4539,4539,DODDABIDARAKALLU LAKE,LAKE,2021,,,totalColiform,2400000000,,false,,MPN/100mL,max,2400000000,nwmp-2021
nwmp-2021,4094,4094,"GANGONDANA HALLI LAKE, BENGALURU NORTH",LAKE,2021,,,temperature,25.0,,false,,degC,min,25.0,nwmp-2021
nwmp-2021,4094,4094,"GANGONDANA HALLI LAKE, BENGALURU NORTH",LAKE,2021,,,temperature,25.0,,false,,degC,max,25.0,nwmp-2021
nwmp-2021,4094,4094,"GANGONDANA HALLI LAKE, BENGALURU NORTH",LAKE,2021,,,dissolvedOxygen,0.3,,false,,mg/L,min,0.3,nwmp-2021
nwmp-2021,4094,4094,"GANGONDANA HALLI LAKE, BENGALURU NORTH",LAKE,2021,,,dissolvedOxygen,6.0,,false,,mg/L,max,6.0,nwmp-2021
nwmp-2021,4094,4094,"GANGONDANA HALLI LAKE, BENGALURU NORTH",LAKE,2021,,,ph,6.0,,false,,,min,6.0,nwmp-2021
nwmp-2021,4094,4094,"GANGONDANA HALLI LAKE, BENGALURU NORTH",LAKE,2021,,,ph,7.5,,false,,,max,7.5,nwmp-2021
nwmp-2021,4094,4094,"GANGONDANA HALLI LAKE, BENGALURU NORTH",LAKE,2021,,,conductivity,359,,false,,uS/cm,min,359,nwmp-2021
nwmp-2021,4094,4094,"GANGONDANA HALLI LAKE, BENGALURU NORTH",LAKE,2021,,,conductivity,3010,,false,,uS/cm,max,3010,nwmp-2021
nwmp-2021,4094,4094,"GANGONDANA HALLI LAKE, BENGALURU NORTH",LAKE,2021,,,bod,5.0,,false,,mg/L,min,5.0,nwmp-2021
nwmp-2021,4094,4094,"GANGONDANA HALLI LAKE, BENGALURU NORTH",LAKE,2021,,,bod,203.0,,false,,mg/L,max,203.0,nwmp-2021
nwmp-2021,4094,4094,"GANGONDANA HALLI LAKE, BENGALURU NORTH",LAKE,2021,,,nitrateNitrite,0.70,,false,,mg/L as N,min,0.70,nwmp-2021
nwmp-2021,4094,4094,"GANGONDANA HALLI LAKE, BENGALURU NORTH",LAKE,2021,,,nitrateNitrite,13.00,,false,,mg/L as N,max,13.00,nwmp-2021
nwmp-2021,4094,4094,"GANGONDANA HALLI LAKE, BENGALURU NORTH",LAKE,2021,,,fecalColiform,4600,,false,,MPN/100mL,min,4600,nwmp-2021
nwmp-2021,4094,4094,"GANGONDANA HALLI LAKE, BENGALURU NORTH",LAKE,2021,,,fecalColiform,94000000,,false,,MPN/100mL,max,94000000,nwmp-2021
nwmp-2021,4094,4094,"GANGONDANA HALLI LAKE, BENGALURU NORTH",LAKE,2021,,,totalColiform,35000,,false,,MPN/100mL,min,35000,nwmp-2021
nwmp-2021,4094,4094,"GANGONDANA HALLI LAKE, BENGALURU NORTH",LAKE,2021,,,totalColiform,540000000,,false,,MPN/100mL,max,540000000,nwmp-2021
nwmp-2021,4518,4518,GARUDACHARPALYA LAKE,LAKE,2021,,,temperature,25.0,,false,,degC,min,25.0,nwmp-2021
nwmp-2021,4518,4518,GARUDACHARPALYA LAKE,LAKE,2021,,,temperature,25.0,,false,,degC,max,25.0,nwmp-2021
nwmp-2021,4518,4518,GARUDACHARPALYA LAKE,LAKE,2021,,,dissolvedOxygen,4.0,,false,,mg/L,min,4.0,nwmp-2021
nwmp-2021,4518,4518,GARUDACHARPALYA LAKE,LAKE,2021,,,dissolvedOxygen,6.2,,false,,mg/L,max,6.2,nwmp-2021
nwmp-2021,4518,4518,GARUDACHARPALYA LAKE,LAKE,2021,,,ph,6.5,,false,,,min,6.5,nwmp-2021
nwmp-2021,4518,4518,GARUDACHARPALYA LAKE,LAKE,2021,,,ph,7.6,,false,,,max,7.6,nwmp-2021
nwmp-2021,4518,4518,GARUDACHARPALYA LAKE,LAKE,2021,,,conductivity,325,,false,,uS/cm,min,325,nwmp-2021
nwmp-2021,4518,4518,GARUDACHARPALYA LAKE,LAKE,2021,,,conductivity,1769,,false,,uS/cm,max,1769,nwmp-2021
nwmp-2021,4518,4518,GARUDACHARPALYA LAKE,LAKE,2021,,,bod,4.0,,false,,mg/L,min,4.0,nwmp-2021
nwmp-2021,4518,4518,GARUDACHARPALYA LAKE,LAKE,2021,,,bod,15.0,,false,,mg/L,max,15.0,nwmp-2021
nwmp-2021,4518,4518,GARUDACHARPALYA LAKE,LAKE,2021,,,nitrateNitrite,0.50,,false,,mg/L as N,min,0.50,nwmp-2021
nwmp-2021,4518,4518,GARUDACHARPALYA LAKE,LAKE,2021,,,nitrateNitrite,4.50,,false,,mg/L as N,max,4.50,nwmp-2021
nwmp-2021,4518,4518,GARUDACHARPALYA LAKE,LAKE,2021,,,fecalColiform,2300,,false,,MPN/100mL,min,2300,nwmp-2021
nwmp-2021,4518,4518,GARUDACHARPALYA LAKE,LAKE,2021,,,fecalColiform,94000,,false,,MPN/100mL,max,94000,nwmp-2021
nwmp-2021,4518,4518,GARUDACHARPALYA LAKE,LAKE,2021,,,totalColiform,24000,,false,,MPN/100mL,min,24000,nwmp-2021
nwmp-2021,4518,4518,GARUDACHARPALYA LAKE,LAKE,2021,,,totalColiform,540000,,false,,MPN/100mL,max,540000,nwmp-2021
nwmp-2021,3613,3613,GOTTIGERE LAKE,LAKE,2021,,,temperature,25.0,,false,,degC,min,25.0,nwmp-2021
nwmp-2021,3613,3613,GOTTIGERE LAKE,LAKE,2021,,,temperature,25.0,,false,,degC,max,25.0,nwmp-2021
nwmp-2021,3613,3613,GOTTIGERE LAKE,LAKE,2021,,,dissolvedOxygen,2.0,,false,,mg/L,min,2.0,nwmp-2021
nwmp-2021,3613,3613,GOTTIGERE LAKE,LAKE,2021,,,dissolvedOxygen,7.1,,false,,mg/L,max,7.1,nwmp-2021
nwmp-2021,3613,3613,GOTTIGERE LAKE,LAKE,2021,,,ph,6.4,,false,,,min,6.4,nwmp-2021
nwmp-2021,3613,3613,GOTTIGERE LAKE,LAKE,2021,,,ph,8.4,,false,,,max,8.4,nwmp-2021
nwmp-2021,3613,3613,GOTTIGERE LAKE,LAKE,2021,,,conductivity,221,,false,,uS/cm,min,221,nwmp-2021
nwmp-2021,3613,3613,GOTTIGERE LAKE,LAKE,2021,,,conductivity,1453,,false,,uS/cm,max,1453,nwmp-2021
nwmp-2021,3613,3613,GOTTIGERE LAKE,LAKE,2021,,,bod,4.0,,false,,mg/L,min,4.0,nwmp-2021
nwmp-2021,3613,3613,GOTTIGERE LAKE,LAKE,2021,,,bod,42.0,,false,,mg/L,max,42.0,nwmp-2021
nwmp-2021,3613,3613,GOTTIGERE LAKE,LAKE,2021,,,nitrateNitrite,0.60,,false,,mg/L as N,min,0.60,nwmp-2021
nwmp-2021,3613,3613,GOTTIGERE LAKE,LAKE,2021,,,nitrateNitrite,3.60,,false,,mg/L as N,max,3.60,nwmp-2021
nwmp-2021,3613,3613,GOTTIGERE LAKE,LAKE,2021,,,fecalColiform,2300,,false,,MPN/100mL,min,2300,nwmp-2021
nwmp-2021,3613,3613,GOTTIGERE LAKE,LAKE,2021,,,fecalColiform,46000,,false,,MPN/100mL,max,46000,nwmp-2021
nwmp-2021,3613,3613,GOTTIGERE LAKE,LAKE,2021,,,totalColiform,24000,,false,,MPN/100mL,min,24000,nwmp-2021
nwmp-2021,3613,3613,GOTTIGERE LAKE,LAKE,2021,,,totalColiform,350000,,false,,MPN/100mL,max,350000,nwmp-2021
nwmp-2021,3654,3654,GOTTIGERE LAKE,LAKE,2021,,,temperature,25.0,,false,,degC,min,25.0,nwmp-2021
nwmp-2021,3654,3654,GOTTIGERE LAKE,LAKE,2021,,,temperature,26.0,,false,,degC,max,26.0,nwmp-2021
nwmp-2021,3654,3654,GOTTIGERE LAKE,LAKE,2021,,,dissolvedOxygen,2.1,,false,,mg/L,min,2.1,nwmp-2021
nwmp-2021,3654,3654,GOTTIGERE LAKE,LAKE,2021,,,dissolvedOxygen,6.8,,false,,mg/L,max,6.8,nwmp-2021
nwmp-2021,3654,3654,GOTTIGERE LAKE,LAKE,2021,,,ph,6.1,,false,,,min,6.1,nwmp-2021
nwmp-2021,3654,3654,GOTTIGERE LAKE,LAKE,2021,,,ph,7.1,,false,,,max,7.1,nwmp-2021
nwmp-2021,3654,3654,GOTTIGERE LAKE,LAKE,2021,,,conductivity,240,,false,,uS/cm,min,240,nwmp-2021
nwmp-2021,3654,3654,GOTTIGERE LAKE,LAKE,2021,,,conductivity,2720,,false,,uS/cm,max,2720,nwmp-2021
nwmp-2021,3654,3654,GOTTIGERE LAKE,LAKE,2021,,,bod,3.0,,false,,mg/L,min,3.0,nwmp-2021
nwmp-2021,3654,3654,GOTTIGERE LAKE,LAKE,2021,,,bod,34.0,,false,,mg/L,max,34.0,nwmp-2021
nwmp-2021,3654,3654,GOTTIGERE LAKE,LAKE,2021,,,nitrateNitrite,0.30,,false,,mg/L as N,min,0.30,nwmp-2021
nwmp-2021,3654,3654,GOTTIGERE LAKE,LAKE,2021,,,nitrateNitrite,8.80,,false,,mg/L as N,max,8.80,nwmp-2021
nwmp-2021,3654,3654,GOTTIGERE LAKE,LAKE,2021,,,fecalColiform,4000,,false,,MPN/100mL,min,4000,nwmp-2021
nwmp-2021,3654,3654,GOTTIGERE LAKE,LAKE,2021,,,fecalColiform,120000,,false,,MPN/100mL,max,120000,nwmp-2021
nwmp-2021,3654,3654,GOTTIGERE LAKE,LAKE,2021,,,totalColiform,24000,,false,,MPN/100mL,min,24000,nwmp-2021
nwmp-2021,3654,3654,GOTTIGERE LAKE,LAKE,2021,,,totalColiform,920000,,false,,MPN/100mL,max,920000,nwmp-2021
nwmp-2021,4535,4535,GUBBALAL KERE,LAKE,2021,,,temperature,25.0,,false,,degC,min,25.0,nwmp-2021
nwmp-2021,4535,4535,GUBBALAL KERE,LAKE,2021,,,temperature,25.0,,false,,degC,max,25.0,nwmp-2021
nwmp-2021,4535,4535,GUBBALAL KERE,LAKE,2021,,,dissolvedOxygen,4.8,,false,,mg/L,min,4.8,nwmp-2021
nwmp-2021,4535,4535,GUBBALAL KERE,LAKE,2021,,,dissolvedOxygen,6.4,,false,,mg/L,max,6.4,nwmp-2021
nwmp-2021,4535,4535,GUBBALAL KERE,LAKE,2021,,,ph,6.5,,false,,,min,6.5,nwmp-2021
nwmp-2021,4535,4535,GUBBALAL KERE,LAKE,2021,,,ph,7.7,,false,,,max,7.7,nwmp-2021
nwmp-2021,4535,4535,GUBBALAL KERE,LAKE,2021,,,conductivity,247,,false,,uS/cm,min,247,nwmp-2021
nwmp-2021,4535,4535,GUBBALAL KERE,LAKE,2021,,,conductivity,371,,false,,uS/cm,max,371,nwmp-2021
nwmp-2021,4535,4535,GUBBALAL KERE,LAKE,2021,,,bod,3.0,,false,,mg/L,min,3.0,nwmp-2021
nwmp-2021,4535,4535,GUBBALAL KERE,LAKE,2021,,,bod,11.0,,false,,mg/L,max,11.0,nwmp-2021
nwmp-2021,4535,4535,GUBBALAL KERE,LAKE,2021,,,nitrateNitrite,0.40,,false,,mg/L as N,min,0.40,nwmp-2021
nwmp-2021,4535,4535,GUBBALAL KERE,LAKE,2021,,,nitrateNitrite,0.80,,false,,mg/L as N,max,0.80,nwmp-2021
nwmp-2021,4535,4535,GUBBALAL KERE,LAKE,2021,,,fecalColiform,1500,,false,,MPN/100mL,min,1500,nwmp-2021
nwmp-2021,4535,4535,GUBBALAL KERE,LAKE,2021,,,fecalColiform,15000,,false,,MPN/100mL,max,15000,nwmp-2021
nwmp-2021,4535,4535,GUBBALAL KERE,LAKE,2021,,,totalColiform,16000,,false,,MPN/100mL,min,16000,nwmp-2021
nwmp-2021,4535,4535,GUBBALAL KERE,LAKE,2021,,,totalColiform,160000,,false,,MPN/100mL,max,160000,nwmp-2021
nwmp-2021,3621,3621,HARALAKUNTE LAKE,LAKE,2021,,,temperature,25.0,,false,,degC,min,25.0,nwmp-2021
nwmp-2021,3621,3621,HARALAKUNTE LAKE,LAKE,2021,,,temperature,25.0,,false,,degC,max,25.0,nwmp-2021
nwmp-2021,3621,3621,HARALAKUNTE LAKE,LAKE,2021,,,dissolvedOxygen,1.2,,false,,mg/L,min,1.2,nwmp-2021
nwmp-2021,3621,3621,HARALAKUNTE LAKE,LAKE,2021,,,dissolvedOxygen,5.9,,false,,mg/L,max,5.9,nwmp-2021
nwmp-2021,3621,3621,HARALAKUNTE LAKE,LAKE,2021,,,ph,6.5,,false,,,min,6.5,nwmp-2021
nwmp-2021,3621,3621,HARALAKUNTE LAKE,LAKE,2021,,,ph,8.4,,false,,,max,8.4,nwmp-2021
nwmp-2021,3621,3621,HARALAKUNTE LAKE,LAKE,2021,,,conductivity,812,,false,,uS/cm,min,812,nwmp-2021
nwmp-2021,3621,3621,HARALAKUNTE LAKE,LAKE,2021,,,conductivity,1282,,false,,uS/cm,max,1282,nwmp-2021
nwmp-2021,3621,3621,HARALAKUNTE LAKE,LAKE,2021,,,bod,4.0,,false,,mg/L,min,4.0,nwmp-2021
nwmp-2021,3621,3621,HARALAKUNTE LAKE,LAKE,2021,,,bod,30.0,,false,,mg/L,max,30.0,nwmp-2021
nwmp-2021,3621,3621,HARALAKUNTE LAKE,LAKE,2021,,,nitrateNitrite,0.80,,false,,mg/L as N,min,0.80,nwmp-2021
nwmp-2021,3621,3621,HARALAKUNTE LAKE,LAKE,2021,,,nitrateNitrite,5.30,,false,,mg/L as N,max,5.30,nwmp-2021
nwmp-2021,3621,3621,HARALAKUNTE LAKE,LAKE,2021,,,fecalColiform,3300,,false,,MPN/100mL,min,3300,nwmp-2021
nwmp-2021,3621,3621,HARALAKUNTE LAKE,LAKE,2021,,,fecalColiform,23000,,false,,MPN/100mL,max,23000,nwmp-2021
nwmp-2021,3621,3621,HARALAKUNTE LAKE,LAKE,2021,,,totalColiform,24000,,false,,MPN/100mL,min,24000,nwmp-2021
nwmp-2021,3621,3621,HARALAKUNTE LAKE,LAKE,2021,,,totalColiform,240000,,false,,MPN/100mL,max,240000,nwmp-2021
nwmp-2021,1446,1446,"HEBALLA VALLEY LAKE AT D/S ROAD BRIDGE NR. MANDYA,",LAKE,2021,,,temperature,22.0,,false,,degC,min,22.0,nwmp-2021
nwmp-2021,1446,1446,"HEBALLA VALLEY LAKE AT D/S ROAD BRIDGE NR. MANDYA,",LAKE,2021,,,temperature,29.0,,false,,degC,max,29.0,nwmp-2021
nwmp-2021,1446,1446,"HEBALLA VALLEY LAKE AT D/S ROAD BRIDGE NR. MANDYA,",LAKE,2021,,,dissolvedOxygen,5.2,,false,,mg/L,min,5.2,nwmp-2021
nwmp-2021,1446,1446,"HEBALLA VALLEY LAKE AT D/S ROAD BRIDGE NR. MANDYA,",LAKE,2021,,,dissolvedOxygen,5.8,,false,,mg/L,max,5.8,nwmp-2021
nwmp-2021,1446,1446,"HEBALLA VALLEY LAKE AT D/S ROAD BRIDGE NR. MANDYA,",LAKE,2021,,,ph,7.5,,false,,,min,7.5,nwmp-2021
nwmp-2021,1446,1446,"HEBALLA VALLEY LAKE AT D/S ROAD BRIDGE NR. MANDYA,",LAKE,2021,,,ph,8.5,,false,,,max,8.5,nwmp-2021
nwmp-2021,1446,1446,"HEBALLA VALLEY LAKE AT D/S ROAD BRIDGE NR. MANDYA,",LAKE,2021,,,conductivity,386,,false,,uS/cm,min,386,nwmp-2021
nwmp-2021,1446,1446,"HEBALLA VALLEY LAKE AT D/S ROAD BRIDGE NR. MANDYA,",LAKE,2021,,,conductivity,655,,false,,uS/cm,max,655,nwmp-2021
nwmp-2021,1446,1446,"HEBALLA VALLEY LAKE AT D/S ROAD BRIDGE NR. MANDYA,",LAKE,2021,,,bod,3.5,,false,,mg/L,min,3.5,nwmp-2021
nwmp-2021,1446,1446,"HEBALLA VALLEY LAKE AT D/S ROAD BRIDGE NR. MANDYA,",LAKE,2021,,,bod,4.8,,false,,mg/L,max,4.8,nwmp-2021
nwmp-2021,1446,1446,"HEBALLA VALLEY LAKE AT D/S ROAD BRIDGE NR. MANDYA,",LAKE,2021,,,nitrateNitrite,1.80,,false,,mg/L as N,min,1.80,nwmp-2021
nwmp-2021,1446,1446,"HEBALLA VALLEY LAKE AT D/S ROAD BRIDGE NR. MANDYA,",LAKE,2021,,,nitrateNitrite,6.00,,false,,mg/L as N,max,6.00,nwmp-2021
nwmp-2021,1446,1446,"HEBALLA VALLEY LAKE AT D/S ROAD BRIDGE NR. MANDYA,",LAKE,2021,,,fecalColiform,240,,false,,MPN/100mL,min,240,nwmp-2021
nwmp-2021,1446,1446,"HEBALLA VALLEY LAKE AT D/S ROAD BRIDGE NR. MANDYA,",LAKE,2021,,,fecalColiform,790,,false,,MPN/100mL,max,790,nwmp-2021
nwmp-2021,1446,1446,"HEBALLA VALLEY LAKE AT D/S ROAD BRIDGE NR. MANDYA,",LAKE,2021,,,totalColiform,2200,,false,,MPN/100mL,min,2200,nwmp-2021
nwmp-2021,1446,1446,"HEBALLA VALLEY LAKE AT D/S ROAD BRIDGE NR. MANDYA,",LAKE,2021,,,totalColiform,3800,,false,,MPN/100mL,max,3800,nwmp-2021
nwmp-2021,3582,3582,HEBBAL LAKE,LAKE,2021,,,temperature,19.0,,false,,degC,min,19.0,nwmp-2021
nwmp-2021,3582,3582,HEBBAL LAKE,LAKE,2021,,,temperature,25.0,,false,,degC,max,25.0,nwmp-2021
nwmp-2021,3582,3582,HEBBAL LAKE,LAKE,2021,,,dissolvedOxygen,4.4,,false,,mg/L,min,4.4,nwmp-2021
nwmp-2021,3582,3582,HEBBAL LAKE,LAKE,2021,,,dissolvedOxygen,6.3,,false,,mg/L,max,6.3,nwmp-2021
nwmp-2021,3582,3582,HEBBAL LAKE,LAKE,2021,,,ph,7.5,,false,,,min,7.5,nwmp-2021
nwmp-2021,3582,3582,HEBBAL LAKE,LAKE,2021,,,ph,9.0,,false,,,max,9.0,nwmp-2021
nwmp-2021,3582,3582,HEBBAL LAKE,LAKE,2021,,,conductivity,986,,false,,uS/cm,min,986,nwmp-2021
nwmp-2021,3582,3582,HEBBAL LAKE,LAKE,2021,,,conductivity,1549,,false,,uS/cm,max,1549,nwmp-2021
nwmp-2021,3582,3582,HEBBAL LAKE,LAKE,2021,,,bod,3.5,,false,,mg/L,min,3.5,nwmp-2021
nwmp-2021,3582,3582,HEBBAL LAKE,LAKE,2021,,,bod,7.4,,false,,mg/L,max,7.4,nwmp-2021
nwmp-2021,3582,3582,HEBBAL LAKE,LAKE,2021,,,nitrateNitrite,2.30,,false,,mg/L as N,min,2.30,nwmp-2021
nwmp-2021,3582,3582,HEBBAL LAKE,LAKE,2021,,,nitrateNitrite,8.10,,false,,mg/L as N,max,8.10,nwmp-2021
nwmp-2021,3582,3582,HEBBAL LAKE,LAKE,2021,,,fecalColiform,910,,false,,MPN/100mL,min,910,nwmp-2021
nwmp-2021,3582,3582,HEBBAL LAKE,LAKE,2021,,,fecalColiform,2600,,false,,MPN/100mL,max,2600,nwmp-2021
nwmp-2021,3582,3582,HEBBAL LAKE,LAKE,2021,,,totalColiform,5800,,false,,MPN/100mL,min,5800,nwmp-2021
nwmp-2021,3582,3582,HEBBAL LAKE,LAKE,2021,,,totalColiform,7000,,false,,MPN/100mL,max,7000,nwmp-2021
nwmp-2021,3625,3625,HEBBAL LAKE,LAKE,2021,,,temperature,25.0,,false,,degC,min,25.0,nwmp-2021
nwmp-2021,3625,3625,HEBBAL LAKE,LAKE,2021,,,temperature,25.0,,false,,degC,max,25.0,nwmp-2021
nwmp-2021,3625,3625,HEBBAL LAKE,LAKE,2021,,,dissolvedOxygen,3.2,,false,,mg/L,min,3.2,nwmp-2021
nwmp-2021,3625,3625,HEBBAL LAKE,LAKE,2021,,,dissolvedOxygen,6.9,,false,,mg/L,max,6.9,nwmp-2021
nwmp-2021,3625,3625,HEBBAL LAKE,LAKE,2021,,,ph,6.4,,false,,,min,6.4,nwmp-2021
nwmp-2021,3625,3625,HEBBAL LAKE,LAKE,2021,,,ph,7.4,,false,,,max,7.4,nwmp-2021
nwmp-2021,3625,3625,HEBBAL LAKE,LAKE,2021,,,conductivity,303,,false,,uS/cm,min,303,nwmp-2021
nwmp-2021,3625,3625,HEBBAL LAKE,LAKE,2021,,,conductivity,974,,false,,uS/cm,max,974,nwmp-2021
nwmp-2021,3625,3625,HEBBAL LAKE,LAKE,2021,,,bod,3.0,,false,,mg/L,min,3.0,nwmp-2021
nwmp-2021,3625,3625,HEBBAL LAKE,LAKE,2021,,,bod,16.0,,false,,mg/L,max,16.0,nwmp-2021
nwmp-2021,3625,3625,HEBBAL LAKE,LAKE,2021,,,nitrateNitrite,0.90,,false,,mg/L as N,min,0.90,nwmp-2021
nwmp-2021,3625,3625,HEBBAL LAKE,LAKE,2021,,,nitrateNitrite,4.00,,false,,mg/L as N,max,4.00,nwmp-2021
nwmp-2021,3625,3625,HEBBAL LAKE,LAKE,2021,,,fecalColiform,4000,,false,,MPN/100mL,min,4000,nwmp-2021
nwmp-2021,3625,3625,HEBBAL LAKE,LAKE,2021,,,fecalColiform,480000,,false,,MPN/100mL,max,480000,nwmp-2021
nwmp-2021,3625,3625,HEBBAL LAKE,LAKE,2021,,,totalColiform,35000,,false,,MPN/100mL,min,35000,nwmp-2021
nwmp-2021,3625,3625,HEBBAL LAKE,LAKE,2021,,,totalColiform,3500000,,false,,MPN/100mL,max,3500000,nwmp-2021
nwmp-2021,4536,4536,HOSAKEREHALLI LAKE,LAKE,2021,,,temperature,25.0,,false,,degC,min,25.0,nwmp-2021
nwmp-2021,4536,4536,HOSAKEREHALLI LAKE,LAKE,2021,,,temperature,25.1,,false,,degC,max,25.1,nwmp-2021
nwmp-2021,4536,4536,HOSAKEREHALLI LAKE,LAKE,2021,,,dissolvedOxygen,0.3,,false,,mg/L,min,0.3,nwmp-2021
nwmp-2021,4536,4536,HOSAKEREHALLI LAKE,LAKE,2021,,,dissolvedOxygen,6.0,,false,,mg/L,max,6.0,nwmp-2021
nwmp-2021,4536,4536,HOSAKEREHALLI LAKE,LAKE,2021,,,ph,6.5,,false,,,min,6.5,nwmp-2021
nwmp-2021,4536,4536,HOSAKEREHALLI LAKE,LAKE,2021,,,ph,7.0,,false,,,max,7.0,nwmp-2021
nwmp-2021,4536,4536,HOSAKEREHALLI LAKE,LAKE,2021,,,conductivity,550,,false,,uS/cm,min,550,nwmp-2021
nwmp-2021,4536,4536,HOSAKEREHALLI LAKE,LAKE,2021,,,conductivity,1576,,false,,uS/cm,max,1576,nwmp-2021
nwmp-2021,4536,4536,HOSAKEREHALLI LAKE,LAKE,2021,,,bod,5.0,,false,,mg/L,min,5.0,nwmp-2021
nwmp-2021,4536,4536,HOSAKEREHALLI LAKE,LAKE,2021,,,bod,78.0,,false,,mg/L,max,78.0,nwmp-2021
nwmp-2021,4536,4536,HOSAKEREHALLI LAKE,LAKE,2021,,,nitrateNitrite,0.70,,false,,mg/L as N,min,0.70,nwmp-2021
nwmp-2021,4536,4536,HOSAKEREHALLI LAKE,LAKE,2021,,,nitrateNitrite,4.50,,false,,mg/L as N,max,4.50,nwmp-2021
nwmp-2021,4536,4536,HOSAKEREHALLI LAKE,LAKE,2021,,,fecalColiform,3300,,false,,MPN/100mL,min,3300,nwmp-2021
nwmp-2021,4536,4536,HOSAKEREHALLI LAKE,LAKE,2021,,,fecalColiform,700000,,false,,MPN/100mL,max,700000,nwmp-2021
nwmp-2021,4536,4536,HOSAKEREHALLI LAKE,LAKE,2021,,,totalColiform,24000,,false,,MPN/100mL,min,24000,nwmp-2021
nwmp-2021,4536,4536,HOSAKEREHALLI LAKE,LAKE,2021,,,totalColiform,3500000,,false,,MPN/100mL,max,3500000,nwmp-2021
nwmp-2021,3617,3617,HULIMAVU LAKE,LAKE,2021,,,temperature,25.0,,false,,degC,min,25.0,nwmp-2021
nwmp-2021,3617,3617,HULIMAVU LAKE,LAKE,2021,,,temperature,25.0,,false,,degC,max,25.0,nwmp-2021
nwmp-2021,3617,3617,HULIMAVU LAKE,LAKE,2021,,,dissolvedOxygen,3.1,,false,,mg/L,min,3.1,nwmp-2021
nwmp-2021,3617,3617,HULIMAVU LAKE,LAKE,2021,,,dissolvedOxygen,7.2,,false,,mg/L,max,7.2,nwmp-2021
nwmp-2021,3617,3617,HULIMAVU LAKE,LAKE,2021,,,ph,6.9,,false,,,min,6.9,nwmp-2021
nwmp-2021,3617,3617,HULIMAVU LAKE,LAKE,2021,,,ph,7.9,,false,,,max,7.9,nwmp-2021
nwmp-2021,3617,3617,HULIMAVU LAKE,LAKE,2021,,,conductivity,217,,false,,uS/cm,min,217,nwmp-2021
nwmp-2021,3617,3617,HULIMAVU LAKE,LAKE,2021,,,conductivity,1466,,false,,uS/cm,max,1466,nwmp-2021
nwmp-2021,3617,3617,HULIMAVU LAKE,LAKE,2021,,,bod,3.0,,false,,mg/L,min,3.0,nwmp-2021
nwmp-2021,3617,3617,HULIMAVU LAKE,LAKE,2021,,,bod,10.0,,false,,mg/L,max,10.0,nwmp-2021
nwmp-2021,3617,3617,HULIMAVU LAKE,LAKE,2021,,,nitrateNitrite,1.00,,false,,mg/L as N,min,1.00,nwmp-2021
nwmp-2021,3617,3617,HULIMAVU LAKE,LAKE,2021,,,nitrateNitrite,5.20,,false,,mg/L as N,max,5.20,nwmp-2021
nwmp-2021,3617,3617,HULIMAVU LAKE,LAKE,2021,,,fecalColiform,3300,,false,,MPN/100mL,min,3300,nwmp-2021
nwmp-2021,3617,3617,HULIMAVU LAKE,LAKE,2021,,,fecalColiform,17000,,false,,MPN/100mL,max,17000,nwmp-2021
nwmp-2021,3617,3617,HULIMAVU LAKE,LAKE,2021,,,totalColiform,24000,,false,,MPN/100mL,min,24000,nwmp-2021
nwmp-2021,3617,3617,HULIMAVU LAKE,LAKE,2021,,,totalColiform,160000,,false,,MPN/100mL,max,160000,nwmp-2021
nwmp-2021,3609,3609,IBBALUR LAKE,LAKE,2021,,,temperature,25.0,,false,,degC,min,25.0,nwmp-2021
nwmp-2021,3609,3609,IBBALUR LAKE,LAKE,2021,,,temperature,25.0,,false,,degC,max,25.0,nwmp-2021
nwmp-2021,3609,3609,IBBALUR LAKE,LAKE,2021,,,dissolvedOxygen,2.0,,false,,mg/L,min,2.0,nwmp-2021
nwmp-2021,3609,3609,IBBALUR LAKE,LAKE,2021,,,dissolvedOxygen,6.4,,false,,mg/L,max,6.4,nwmp-2021
nwmp-2021,3609,3609,IBBALUR LAKE,LAKE,2021,,,ph,6.5,,false,,,min,6.5,nwmp-2021
nwmp-2021,3609,3609,IBBALUR LAKE,LAKE,2021,,,ph,7.4,,false,,,max,7.4,nwmp-2021
nwmp-2021,3609,3609,IBBALUR LAKE,LAKE,2021,,,conductivity,206,,false,,uS/cm,min,206,nwmp-2021
nwmp-2021,3609,3609,IBBALUR LAKE,LAKE,2021,,,conductivity,738,,false,,uS/cm,max,738,nwmp-2021
nwmp-2021,3609,3609,IBBALUR LAKE,LAKE,2021,,,bod,4.0,,false,,mg/L,min,4.0,nwmp-2021
nwmp-2021,3609,3609,IBBALUR LAKE,LAKE,2021,,,bod,16.0,,false,,mg/L,max,16.0,nwmp-2021
nwmp-2021,3609,3609,IBBALUR LAKE,LAKE,2021,,,nitrateNitrite,0.50,,false,,mg/L as N,min,0.50,nwmp-2021
nwmp-2021,3609,3609,IBBALUR LAKE,LAKE,2021,,,nitrateNitrite,3.40,,false,,mg/L as N,max,3.40,nwmp-2021
nwmp-2021,3609,3609,IBBALUR LAKE,LAKE,2021,,,fecalColiform,4600,,false,,MPN/100mL,min,4600,nwmp-2021
nwmp-2021,3609,3609,IBBALUR LAKE,LAKE,2021,,,fecalColiform,330000,,false,,MPN/100mL,max,330000,nwmp-2021
nwmp-2021,3609,3609,IBBALUR LAKE,LAKE,2021,,,totalColiform,35000,,false,,MPN/100mL,min,35000,nwmp-2021
nwmp-2021,3609,3609,IBBALUR LAKE,LAKE,2021,,,totalColiform,2400000,,false,,MPN/100mL,max,2400000,nwmp-2021
nwmp-2021,4546,4546,JAKKSANDRA LAKE,LAKE,2021,,,temperature,25.0,,false,,degC,min,25.0,nwmp-2021
nwmp-2021,4546,4546,JAKKSANDRA LAKE,LAKE,2021,,,temperature,25.0,,false,,degC,max,25.0,nwmp-2021
nwmp-2021,4546,4546,JAKKSANDRA LAKE,LAKE,2021,,,dissolvedOxygen,1.0,,false,,mg/L,min,1.0,nwmp-2021
nwmp-2021,4546,4546,JAKKSANDRA LAKE,LAKE,2021,,,dissolvedOxygen,6.3,,false,,mg/L,max,6.3,nwmp-2021
nwmp-2021,4546,4546,JAKKSANDRA LAKE,LAKE,2021,,,ph,6.5,,false,,,min,6.5,nwmp-2021
nwmp-2021,4546,4546,JAKKSANDRA LAKE,LAKE,2021,,,ph,7.4,,false,,,max,7.4,nwmp-2021
nwmp-2021,4546,4546,JAKKSANDRA LAKE,LAKE,2021,,,conductivity,521,,false,,uS/cm,min,521,nwmp-2021
nwmp-2021,4546,4546,JAKKSANDRA LAKE,LAKE,2021,,,conductivity,1017,,false,,uS/cm,max,1017,nwmp-2021
nwmp-2021,4546,4546,JAKKSANDRA LAKE,LAKE,2021,,,bod,3.0,,false,,mg/L,min,3.0,nwmp-2021
nwmp-2021,4546,4546,JAKKSANDRA LAKE,LAKE,2021,,,bod,35.0,,false,,mg/L,max,35.0,nwmp-2021
nwmp-2021,4546,4546,JAKKSANDRA LAKE,LAKE,2021,,,nitrateNitrite,1.00,,false,,mg/L as N,min,1.00,nwmp-2021
nwmp-2021,4546,4546,JAKKSANDRA LAKE,LAKE,2021,,,nitrateNitrite,4.20,,false,,mg/L as N,max,4.20,nwmp-2021
nwmp-2021,4546,4546,JAKKSANDRA LAKE,LAKE,2021,,,fecalColiform,2300,,false,,MPN/100mL,min,2300,nwmp-2021
nwmp-2021,4546,4546,JAKKSANDRA LAKE,LAKE,2021,,,fecalColiform,63000,,false,,MPN/100mL,max,63000,nwmp-2021
nwmp-2021,4546,4546,JAKKSANDRA LAKE,LAKE,2021,,,totalColiform,24000,,false,,MPN/100mL,min,24000,nwmp-2021
nwmp-2021,4546,4546,JAKKSANDRA LAKE,LAKE,2021,,,totalColiform,540000,,false,,MPN/100mL,max,540000,nwmp-2021
nwmp-2021,3627,3627,JAKKUR LAKE,LAKE,2021,,,temperature,25.0,,false,,degC,min,25.0,nwmp-2021
nwmp-2021,3627,3627,JAKKUR LAKE,LAKE,2021,,,temperature,25.0,,false,,degC,max,25.0,nwmp-2021
nwmp-2021,3627,3627,JAKKUR LAKE,LAKE,2021,,,dissolvedOxygen,2.8,,false,,mg/L,min,2.8,nwmp-2021
nwmp-2021,3627,3627,JAKKUR LAKE,LAKE,2021,,,dissolvedOxygen,6.1,,false,,mg/L,max,6.1,nwmp-2021
nwmp-2021,3627,3627,JAKKUR LAKE,LAKE,2021,,,ph,6.5,,false,,,min,6.5,nwmp-2021
nwmp-2021,3627,3627,JAKKUR LAKE,LAKE,2021,,,ph,8.2,,false,,,max,8.2,nwmp-2021
nwmp-2021,3627,3627,JAKKUR LAKE,LAKE,2021,,,conductivity,447,,false,,uS/cm,min,447,nwmp-2021
nwmp-2021,3627,3627,JAKKUR LAKE,LAKE,2021,,,conductivity,1323,,false,,uS/cm,max,1323,nwmp-2021
nwmp-2021,3627,3627,JAKKUR LAKE,LAKE,2021,,,bod,3.0,,false,,mg/L,min,3.0,nwmp-2021
nwmp-2021,3627,3627,JAKKUR LAKE,LAKE,2021,,,bod,13.0,,false,,mg/L,max,13.0,nwmp-2021
nwmp-2021,3627,3627,JAKKUR LAKE,LAKE,2021,,,nitrateNitrite,1.27,,false,,mg/L as N,min,1.27,nwmp-2021
nwmp-2021,3627,3627,JAKKUR LAKE,LAKE,2021,,,nitrateNitrite,4.70,,false,,mg/L as N,max,4.70,nwmp-2021
nwmp-2021,3627,3627,JAKKUR LAKE,LAKE,2021,,,fecalColiform,2300,,false,,MPN/100mL,min,2300,nwmp-2021
nwmp-2021,3627,3627,JAKKUR LAKE,LAKE,2021,,,fecalColiform,700000,,false,,MPN/100mL,max,700000,nwmp-2021
nwmp-2021,3627,3627,JAKKUR LAKE,LAKE,2021,,,totalColiform,24000,,false,,MPN/100mL,min,24000,nwmp-2021
nwmp-2021,3627,3627,JAKKUR LAKE,LAKE,2021,,,totalColiform,16000000,,false,,MPN/100mL,max,16000000,nwmp-2021
nwmp-2021,4097,4097,"KACHOHALLI LAKE, KACHOHALLI, BENGALURU NORTH",LAKE,2021,,,temperature,25.0,,false,,degC,min,25.0,nwmp-2021
nwmp-2021,4097,4097,"KACHOHALLI LAKE, KACHOHALLI, BENGALURU NORTH",LAKE,2021,,,temperature,25.0,,false,,degC,max,25.0,nwmp-2021
nwmp-2021,4097,4097,"KACHOHALLI LAKE, KACHOHALLI, BENGALURU NORTH",LAKE,2021,,,dissolvedOxygen,0.3,,false,,mg/L,min,0.3,nwmp-2021
nwmp-2021,4097,4097,"KACHOHALLI LAKE, KACHOHALLI, BENGALURU NORTH",LAKE,2021,,,dissolvedOxygen,5.5,,false,,mg/L,max,5.5,nwmp-2021
nwmp-2021,4097,4097,"KACHOHALLI LAKE, KACHOHALLI, BENGALURU NORTH",LAKE,2021,,,ph,6.3,,false,,,min,6.3,nwmp-2021
nwmp-2021,4097,4097,"KACHOHALLI LAKE, KACHOHALLI, BENGALURU NORTH",LAKE,2021,,,ph,7.6,,false,,,max,7.6,nwmp-2021
nwmp-2021,4097,4097,"KACHOHALLI LAKE, KACHOHALLI, BENGALURU NORTH",LAKE,2021,,,conductivity,286,,false,,uS/cm,min,286,nwmp-2021
nwmp-2021,4097,4097,"KACHOHALLI LAKE, KACHOHALLI, BENGALURU NORTH",LAKE,2021,,,conductivity,2280,,false,,uS/cm,max,2280,nwmp-2021
nwmp-2021,4097,4097,"KACHOHALLI LAKE, KACHOHALLI, BENGALURU NORTH",LAKE,2021,,,bod,6.0,,false,,mg/L,min,6.0,nwmp-2021
nwmp-2021,4097,4097,"KACHOHALLI LAKE, KACHOHALLI, BENGALURU NORTH",LAKE,2021,,,bod,124.0,,false,,mg/L,max,124.0,nwmp-2021
nwmp-2021,4097,4097,"KACHOHALLI LAKE, KACHOHALLI, BENGALURU NORTH",LAKE,2021,,,nitrateNitrite,0.60,,false,,mg/L as N,min,0.60,nwmp-2021
nwmp-2021,4097,4097,"KACHOHALLI LAKE, KACHOHALLI, BENGALURU NORTH",LAKE,2021,,,nitrateNitrite,19.00,,false,,mg/L as N,max,19.00,nwmp-2021
nwmp-2021,4097,4097,"KACHOHALLI LAKE, KACHOHALLI, BENGALURU NORTH",LAKE,2021,,,fecalColiform,3300,,false,,MPN/100mL,min,3300,nwmp-2021
nwmp-2021,4097,4097,"KACHOHALLI LAKE, KACHOHALLI, BENGALURU NORTH",LAKE,2021,,,fecalColiform,480000,,false,,MPN/100mL,max,480000,nwmp-2021
nwmp-2021,4097,4097,"KACHOHALLI LAKE, KACHOHALLI, BENGALURU NORTH",LAKE,2021,,,totalColiform,24000,,false,,MPN/100mL,min,24000,nwmp-2021
nwmp-2021,4097,4097,"KACHOHALLI LAKE, KACHOHALLI, BENGALURU NORTH",LAKE,2021,,,totalColiform,3500000,,false,,MPN/100mL,max,3500000,nwmp-2021
nwmp-2021,3611,3611,KAIKONDANAHALLI LAKE,LAKE,2021,,,temperature,25.0,,false,,degC,min,25.0,nwmp-2021
nwmp-2021,3611,3611,KAIKONDANAHALLI LAKE,LAKE,2021,,,temperature,25.0,,false,,degC,max,25.0,nwmp-2021
nwmp-2021,3611,3611,KAIKONDANAHALLI LAKE,LAKE,2021,,,dissolvedOxygen,0.3,,false,,mg/L,min,0.3,nwmp-2021
nwmp-2021,3611,3611,KAIKONDANAHALLI LAKE,LAKE,2021,,,dissolvedOxygen,7.2,,false,,mg/L,max,7.2,nwmp-2021
nwmp-2021,3611,3611,KAIKONDANAHALLI LAKE,LAKE,2021,,,ph,6.6,,false,,,min,6.6,nwmp-2021
nwmp-2021,3611,3611,KAIKONDANAHALLI LAKE,LAKE,2021,,,ph,7.7,,false,,,max,7.7,nwmp-2021
nwmp-2021,3611,3611,KAIKONDANAHALLI LAKE,LAKE,2021,,,conductivity,629,,false,,uS/cm,min,629,nwmp-2021
nwmp-2021,3611,3611,KAIKONDANAHALLI LAKE,LAKE,2021,,,conductivity,1449,,false,,uS/cm,max,1449,nwmp-2021
nwmp-2021,3611,3611,KAIKONDANAHALLI LAKE,LAKE,2021,,,bod,3.0,,false,,mg/L,min,3.0,nwmp-2021
nwmp-2021,3611,3611,KAIKONDANAHALLI LAKE,LAKE,2021,,,bod,27.0,,false,,mg/L,max,27.0,nwmp-2021
nwmp-2021,3611,3611,KAIKONDANAHALLI LAKE,LAKE,2021,,,nitrateNitrite,0.93,,false,,mg/L as N,min,0.93,nwmp-2021
nwmp-2021,3611,3611,KAIKONDANAHALLI LAKE,LAKE,2021,,,nitrateNitrite,6.00,,false,,mg/L as N,max,6.00,nwmp-2021
nwmp-2021,3611,3611,KAIKONDANAHALLI LAKE,LAKE,2021,,,fecalColiform,2200,,false,,MPN/100mL,min,2200,nwmp-2021
nwmp-2021,3611,3611,KAIKONDANAHALLI LAKE,LAKE,2021,,,fecalColiform,1700000,,false,,MPN/100mL,max,1700000,nwmp-2021
nwmp-2021,3611,3611,KAIKONDANAHALLI LAKE,LAKE,2021,,,totalColiform,24000,,false,,MPN/100mL,min,24000,nwmp-2021
nwmp-2021,3611,3611,KAIKONDANAHALLI LAKE,LAKE,2021,,,totalColiform,16000000,,false,,MPN/100mL,max,16000000,nwmp-2021
nwmp-2021,3616,3616,KALENA AGRAHARA LAKE,LAKE,2021,,,temperature,25.0,,false,,degC,min,25.0,nwmp-2021
nwmp-2021,3616,3616,KALENA AGRAHARA LAKE,LAKE,2021,,,temperature,25.0,,false,,degC,max,25.0,nwmp-2021
nwmp-2021,3616,3616,KALENA AGRAHARA LAKE,LAKE,2021,,,dissolvedOxygen,4.1,,false,,mg/L,min,4.1,nwmp-2021
nwmp-2021,3616,3616,KALENA AGRAHARA LAKE,LAKE,2021,,,dissolvedOxygen,7.2,,false,,mg/L,max,7.2,nwmp-2021
nwmp-2021,3616,3616,KALENA AGRAHARA LAKE,LAKE,2021,,,ph,6.5,,false,,,min,6.5,nwmp-2021
nwmp-2021,3616,3616,KALENA AGRAHARA LAKE,LAKE,2021,,,ph,8.4,,false,,,max,8.4,nwmp-2021
nwmp-2021,3616,3616,KALENA AGRAHARA LAKE,LAKE,2021,,,conductivity,424,,false,,uS/cm,min,424,nwmp-2021
nwmp-2021,3616,3616,KALENA AGRAHARA LAKE,LAKE,2021,,,conductivity,1304,,false,,uS/cm,max,1304,nwmp-2021
nwmp-2021,3616,3616,KALENA AGRAHARA LAKE,LAKE,2021,,,bod,3.0,,false,,mg/L,min,3.0,nwmp-2021
nwmp-2021,3616,3616,KALENA AGRAHARA LAKE,LAKE,2021,,,bod,12.0,,false,,mg/L,max,12.0,nwmp-2021
nwmp-2021,3616,3616,KALENA AGRAHARA LAKE,LAKE,2021,,,nitrateNitrite,1.00,,false,,mg/L as N,min,1.00,nwmp-2021
nwmp-2021,3616,3616,KALENA AGRAHARA LAKE,LAKE,2021,,,nitrateNitrite,5.30,,false,,mg/L as N,max,5.30,nwmp-2021
nwmp-2021,3616,3616,KALENA AGRAHARA LAKE,LAKE,2021,,,fecalColiform,3300,,false,,MPN/100mL,min,3300,nwmp-2021
nwmp-2021,3616,3616,KALENA AGRAHARA LAKE,LAKE,2021,,,fecalColiform,23000,,false,,MPN/100mL,max,23000,nwmp-2021
nwmp-2021,3616,3616,KALENA AGRAHARA LAKE,LAKE,2021,,,totalColiform,24000,,false,,MPN/100mL,min,24000,nwmp-2021
nwmp-2021,3616,3616,KALENA AGRAHARA LAKE,LAKE,2021,,,totalColiform,240000,,false,,MPN/100mL,max,240000,nwmp-2021
nwmp-2021,4540,4540,KAMMGONDANAHALLI LAKE,LAKE,2021,,,temperature,25.0,,false,,degC,min,25.0,nwmp-2021
nwmp-2021,4540,4540,KAMMGONDANAHALLI LAKE,LAKE,2021,,,temperature,25.0,,false,,degC,max,25.0,nwmp-2021
nwmp-2021,4540,4540,KAMMGONDANAHALLI LAKE,LAKE,2021,,,dissolvedOxygen,2.3,,false,,mg/L,min,2.3,nwmp-2021
nwmp-2021,4540,4540,KAMMGONDANAHALLI LAKE,LAKE,2021,,,dissolvedOxygen,6.8,,false,,mg/L,max,6.8,nwmp-2021
nwmp-2021,4540,4540,KAMMGONDANAHALLI LAKE,LAKE,2021,,,ph,6.5,,false,,,min,6.5,nwmp-2021
nwmp-2021,4540,4540,KAMMGONDANAHALLI LAKE,LAKE,2021,,,ph,7.5,,false,,,max,7.5,nwmp-2021
nwmp-2021,4540,4540,KAMMGONDANAHALLI LAKE,LAKE,2021,,,conductivity,180,,false,,uS/cm,min,180,nwmp-2021
nwmp-2021,4540,4540,KAMMGONDANAHALLI LAKE,LAKE,2021,,,conductivity,2116,,false,,uS/cm,max,2116,nwmp-2021
nwmp-2021,4540,4540,KAMMGONDANAHALLI LAKE,LAKE,2021,,,bod,3.0,,false,,mg/L,min,3.0,nwmp-2021
nwmp-2021,4540,4540,KAMMGONDANAHALLI LAKE,LAKE,2021,,,bod,12.0,,false,,mg/L,max,12.0,nwmp-2021
nwmp-2021,4540,4540,KAMMGONDANAHALLI LAKE,LAKE,2021,,,nitrateNitrite,0.30,,false,,mg/L as N,min,0.30,nwmp-2021
nwmp-2021,4540,4540,KAMMGONDANAHALLI LAKE,LAKE,2021,,,nitrateNitrite,4.00,,false,,mg/L as N,max,4.00,nwmp-2021
nwmp-2021,4540,4540,KAMMGONDANAHALLI LAKE,LAKE,2021,,,fecalColiform,4900,,false,,MPN/100mL,min,4900,nwmp-2021
nwmp-2021,4540,4540,KAMMGONDANAHALLI LAKE,LAKE,2021,,,fecalColiform,130000,,false,,MPN/100mL,max,130000,nwmp-2021
nwmp-2021,4540,4540,KAMMGONDANAHALLI LAKE,LAKE,2021,,,totalColiform,24000,,false,,MPN/100mL,min,24000,nwmp-2021
nwmp-2021,4540,4540,KAMMGONDANAHALLI LAKE,LAKE,2021,,,totalColiform,1600000,,false,,MPN/100mL,max,1600000,nwmp-2021
nwmp-2021,3601,3601,KARIHOBANAHALLI LAKE,LAKE,2021,,,temperature,25.0,,false,,degC,min,25.0,nwmp-2021
nwmp-2021,3601,3601,KARIHOBANAHALLI LAKE,LAKE,2021,,,temperature,25.0,,false,,degC,max,25.0,nwmp-2021
nwmp-2021,3601,3601,KARIHOBANAHALLI LAKE,LAKE,2021,,,dissolvedOxygen,0.3,,false,,mg/L,min,0.3,nwmp-2021
nwmp-2021,3601,3601,KARIHOBANAHALLI LAKE,LAKE,2021,,,dissolvedOxygen,6.1,,false,,mg/L,max,6.1,nwmp-2021
nwmp-2021,3601,3601,KARIHOBANAHALLI LAKE,LAKE,2021,,,ph,6.5,,false,,,min,6.5,nwmp-2021
nwmp-2021,3601,3601,KARIHOBANAHALLI LAKE,LAKE,2021,,,ph,7.4,,false,,,max,7.4,nwmp-2021
nwmp-2021,3601,3601,KARIHOBANAHALLI LAKE,LAKE,2021,,,conductivity,827,,false,,uS/cm,min,827,nwmp-2021
nwmp-2021,3601,3601,KARIHOBANAHALLI LAKE,LAKE,2021,,,conductivity,2860,,false,,uS/cm,max,2860,nwmp-2021
nwmp-2021,3601,3601,KARIHOBANAHALLI LAKE,LAKE,2021,,,bod,3.0,,false,,mg/L,min,3.0,nwmp-2021
nwmp-2021,3601,3601,KARIHOBANAHALLI LAKE,LAKE,2021,,,bod,80.0,,false,,mg/L,max,80.0,nwmp-2021
nwmp-2021,3601,3601,KARIHOBANAHALLI LAKE,LAKE,2021,,,nitrateNitrite,1.70,,false,,mg/L as N,min,1.70,nwmp-2021
nwmp-2021,3601,3601,KARIHOBANAHALLI LAKE,LAKE,2021,,,nitrateNitrite,7.03,,false,,mg/L as N,max,7.03,nwmp-2021
nwmp-2021,3601,3601,KARIHOBANAHALLI LAKE,LAKE,2021,,,fecalColiform,4800,,false,,MPN/100mL,min,4800,nwmp-2021
nwmp-2021,3601,3601,KARIHOBANAHALLI LAKE,LAKE,2021,,,fecalColiform,48000000,,false,,MPN/100mL,max,48000000,nwmp-2021
nwmp-2021,3601,3601,KARIHOBANAHALLI LAKE,LAKE,2021,,,totalColiform,35000,,false,,MPN/100mL,min,35000,nwmp-2021
nwmp-2021,3601,3601,KARIHOBANAHALLI LAKE,LAKE,2021,,,totalColiform,350000000,,false,,MPN/100mL,max,350000000,nwmp-2021
nwmp-2021,4529,4529,KASAVANAHALLI LAKE,LAKE,2021,,,temperature,25.0,,false,,degC,min,25.0,nwmp-2021
nwmp-2021,4529,4529,KASAVANAHALLI LAKE,LAKE,2021,,,temperature,25.0,,false,,degC,max,25.0,nwmp-2021
nwmp-2021,4529,4529,KASAVANAHALLI LAKE,LAKE,2021,,,dissolvedOxygen,4.6,,false,,mg/L,min,4.6,nwmp-2021
nwmp-2021,4529,4529,KASAVANAHALLI LAKE,LAKE,2021,,,dissolvedOxygen,7.1,,false,,mg/L,max,7.1,nwmp-2021
nwmp-2021,4529,4529,KASAVANAHALLI LAKE,LAKE,2021,,,ph,6.7,,false,,,min,6.7,nwmp-2021
nwmp-2021,4529,4529,KASAVANAHALLI LAKE,LAKE,2021,,,ph,7.0,,false,,,max,7.0,nwmp-2021
nwmp-2021,4529,4529,KASAVANAHALLI LAKE,LAKE,2021,,,conductivity,210,,false,,uS/cm,min,210,nwmp-2021
nwmp-2021,4529,4529,KASAVANAHALLI LAKE,LAKE,2021,,,conductivity,853,,false,,uS/cm,max,853,nwmp-2021
nwmp-2021,4529,4529,KASAVANAHALLI LAKE,LAKE,2021,,,bod,4.0,,false,,mg/L,min,4.0,nwmp-2021
nwmp-2021,4529,4529,KASAVANAHALLI LAKE,LAKE,2021,,,bod,6.0,,false,,mg/L,max,6.0,nwmp-2021
nwmp-2021,4529,4529,KASAVANAHALLI LAKE,LAKE,2021,,,nitrateNitrite,1.00,,false,,mg/L as N,min,1.00,nwmp-2021
nwmp-2021,4529,4529,KASAVANAHALLI LAKE,LAKE,2021,,,nitrateNitrite,5.00,,false,,mg/L as N,max,5.00,nwmp-2021
nwmp-2021,4529,4529,KASAVANAHALLI LAKE,LAKE,2021,,,fecalColiform,4600,,false,,MPN/100mL,min,4600,nwmp-2021
nwmp-2021,4529,4529,KASAVANAHALLI LAKE,LAKE,2021,,,fecalColiform,46000,,false,,MPN/100mL,max,46000,nwmp-2021
nwmp-2021,4529,4529,KASAVANAHALLI LAKE,LAKE,2021,,,totalColiform,35000,,false,,MPN/100mL,min,35000,nwmp-2021
nwmp-2021,4529,4529,KASAVANAHALLI LAKE,LAKE,2021,,,totalColiform,350000,,false,,MPN/100mL,max,350000,nwmp-2021
nwmp-2021,3591,3591,KEMPAMBUDHI LAKE,LAKE,2021,,,temperature,25.0,,false,,degC,min,25.0,nwmp-2021
nwmp-2021,3591,3591,KEMPAMBUDHI LAKE,LAKE,2021,,,temperature,25.0,,false,,degC,max,25.0,nwmp-2021
nwmp-2021,3591,3591,KEMPAMBUDHI LAKE,LAKE,2021,,,dissolvedOxygen,4.3,,false,,mg/L,min,4.3,nwmp-2021
nwmp-2021,3591,3591,KEMPAMBUDHI LAKE,LAKE,2021,,,dissolvedOxygen,6.8,,false,,mg/L,max,6.8,nwmp-2021
nwmp-2021,3591,3591,KEMPAMBUDHI LAKE,LAKE,2021,,,ph,6.5,,false,,,min,6.5,nwmp-2021
nwmp-2021,3591,3591,KEMPAMBUDHI LAKE,LAKE,2021,,,ph,8.5,,false,,,max,8.5,nwmp-2021
nwmp-2021,3591,3591,KEMPAMBUDHI LAKE,LAKE,2021,,,conductivity,299,,false,,uS/cm,min,299,nwmp-2021
nwmp-2021,3591,3591,KEMPAMBUDHI LAKE,LAKE,2021,,,conductivity,787,,false,,uS/cm,max,787,nwmp-2021
nwmp-2021,3591,3591,KEMPAMBUDHI LAKE,LAKE,2021,,,bod,3.0,,false,,mg/L,min,3.0,nwmp-2021
nwmp-2021,3591,3591,KEMPAMBUDHI LAKE,LAKE,2021,,,bod,14.0,,false,,mg/L,max,14.0,nwmp-2021
nwmp-2021,3591,3591,KEMPAMBUDHI LAKE,LAKE,2021,,,nitrateNitrite,0.88,,false,,mg/L as N,min,0.88,nwmp-2021
nwmp-2021,3591,3591,KEMPAMBUDHI LAKE,LAKE,2021,,,nitrateNitrite,2.30,,false,,mg/L as N,max,2.30,nwmp-2021
nwmp-2021,3591,3591,KEMPAMBUDHI LAKE,LAKE,2021,,,fecalColiform,2300,,false,,MPN/100mL,min,2300,nwmp-2021
nwmp-2021,3591,3591,KEMPAMBUDHI LAKE,LAKE,2021,,,fecalColiform,140000,,false,,MPN/100mL,max,140000,nwmp-2021
nwmp-2021,3591,3591,KEMPAMBUDHI LAKE,LAKE,2021,,,totalColiform,24000,,false,,MPN/100mL,min,24000,nwmp-2021
nwmp-2021,3591,3591,KEMPAMBUDHI LAKE,LAKE,2021,,,totalColiform,1600000,,false,,MPN/100mL,max,1600000,nwmp-2021
nwmp-2021,3680,3680,KILLA LAKE,LAKE,2021,,,temperature,21.0,,false,,degC,min,21.0,nwmp-2021
nwmp-2021,3680,3680,KILLA LAKE,LAKE,2021,,,temperature,33.0,,false,,degC,max,33.0,nwmp-2021
nwmp-2021,3680,3680,KILLA LAKE,LAKE,2021,,,dissolvedOxygen,4.6,,false,,mg/L,min,4.6,nwmp-2021
nwmp-2021,3680,3680,KILLA LAKE,LAKE,2021,,,dissolvedOxygen,10.0,,false,,mg/L,max,10.0,nwmp-2021
nwmp-2021,3680,3680,KILLA LAKE,LAKE,2021,,,ph,7.0,,false,,,min,7.0,nwmp-2021
nwmp-2021,3680,3680,KILLA LAKE,LAKE,2021,,,ph,8.8,,false,,,max,8.8,nwmp-2021
nwmp-2021,3680,3680,KILLA LAKE,LAKE,2021,,,conductivity,332,,false,,uS/cm,min,332,nwmp-2021
nwmp-2021,3680,3680,KILLA LAKE,LAKE,2021,,,conductivity,692,,false,,uS/cm,max,692,nwmp-2021
nwmp-2021,3680,3680,KILLA LAKE,LAKE,2021,,,bod,1.3,,false,,mg/L,min,1.3,nwmp-2021
nwmp-2021,3680,3680,KILLA LAKE,LAKE,2021,,,bod,6.4,,false,,mg/L,max,6.4,nwmp-2021
nwmp-2021,3680,3680,KILLA LAKE,LAKE,2021,,,nitrateNitrite,0.30,,false,,mg/L as N,min,0.30,nwmp-2021
nwmp-2021,3680,3680,KILLA LAKE,LAKE,2021,,,nitrateNitrite,4.70,,false,,mg/L as N,max,4.70,nwmp-2021
nwmp-2021,3680,3680,KILLA LAKE,LAKE,2021,,,fecalColiform,920,,false,,MPN/100mL,min,920,nwmp-2021
nwmp-2021,3680,3680,KILLA LAKE,LAKE,2021,,,fecalColiform,920,,false,,MPN/100mL,max,920,nwmp-2021
nwmp-2021,3680,3680,KILLA LAKE,LAKE,2021,,,totalColiform,1600,,false,,MPN/100mL,min,1600,nwmp-2021
nwmp-2021,3680,3680,KILLA LAKE,LAKE,2021,,,totalColiform,1600,,false,,MPN/100mL,max,1600,nwmp-2021
nwmp-2021,4543,4543,KODI SINGASANDRA LAKE,LAKE,2021,,,temperature,25.0,,false,,degC,min,25.0,nwmp-2021
nwmp-2021,4543,4543,KODI SINGASANDRA LAKE,LAKE,2021,,,temperature,25.0,,false,,degC,max,25.0,nwmp-2021
nwmp-2021,4543,4543,KODI SINGASANDRA LAKE,LAKE,2021,,,dissolvedOxygen,2.7,,false,,mg/L,min,2.7,nwmp-2021
nwmp-2021,4543,4543,KODI SINGASANDRA LAKE,LAKE,2021,,,dissolvedOxygen,6.9,,false,,mg/L,max,6.9,nwmp-2021
nwmp-2021,4543,4543,KODI SINGASANDRA LAKE,LAKE,2021,,,ph,6.5,,false,,,min,6.5,nwmp-2021
nwmp-2021,4543,4543,KODI SINGASANDRA LAKE,LAKE,2021,,,ph,8.0,,false,,,max,8.0,nwmp-2021
nwmp-2021,4543,4543,KODI SINGASANDRA LAKE,LAKE,2021,,,conductivity,488,,false,,uS/cm,min,488,nwmp-2021
nwmp-2021,4543,4543,KODI SINGASANDRA LAKE,LAKE,2021,,,conductivity,1253,,false,,uS/cm,max,1253,nwmp-2021
nwmp-2021,4543,4543,KODI SINGASANDRA LAKE,LAKE,2021,,,bod,3.0,,false,,mg/L,min,3.0,nwmp-2021
nwmp-2021,4543,4543,KODI SINGASANDRA LAKE,LAKE,2021,,,bod,20.0,,false,,mg/L,max,20.0,nwmp-2021
nwmp-2021,4543,4543,KODI SINGASANDRA LAKE,LAKE,2021,,,nitrateNitrite,0.30,,false,,mg/L as N,min,0.30,nwmp-2021
nwmp-2021,4543,4543,KODI SINGASANDRA LAKE,LAKE,2021,,,nitrateNitrite,6.80,,false,,mg/L as N,max,6.80,nwmp-2021
nwmp-2021,4543,4543,KODI SINGASANDRA LAKE,LAKE,2021,,,fecalColiform,2300,,false,,MPN/100mL,min,2300,nwmp-2021
nwmp-2021,4543,4543,KODI SINGASANDRA LAKE,LAKE,2021,,,fecalColiform,46000,,false,,MPN/100mL,max,46000,nwmp-2021
nwmp-2021,4543,4543,KODI SINGASANDRA LAKE,LAKE,2021,,,totalColiform,24000,,false,,MPN/100mL,min,24000,nwmp-2021
nwmp-2021,4543,4543,KODI SINGASANDRA LAKE,LAKE,2021,,,totalColiform,350000,,false,,MPN/100mL,max,350000,nwmp-2021
nwmp-2021,4544,4544,KOTHUNURU LAKE,LAKE,2021,,,temperature,25.0,,false,,degC,min,25.0,nwmp-2021
nwmp-2021,4544,4544,KOTHUNURU LAKE,LAKE,2021,,,temperature,25.0,,false,,degC,max,25.0,nwmp-2021
nwmp-2021,4544,4544,KOTHUNURU LAKE,LAKE,2021,,,dissolvedOxygen,3.0,,false,,mg/L,min,3.0,nwmp-2021
nwmp-2021,4544,4544,KOTHUNURU LAKE,LAKE,2021,,,dissolvedOxygen,6.2,,false,,mg/L,max,6.2,nwmp-2021
nwmp-2021,4544,4544,KOTHUNURU LAKE,LAKE,2021,,,ph,6.6,,false,,,min,6.6,nwmp-2021
nwmp-2021,4544,4544,KOTHUNURU LAKE,LAKE,2021,,,ph,7.6,,false,,,max,7.6,nwmp-2021
nwmp-2021,4544,4544,KOTHUNURU LAKE,LAKE,2021,,,conductivity,369,,false,,uS/cm,min,369,nwmp-2021
nwmp-2021,4544,4544,KOTHUNURU LAKE,LAKE,2021,,,conductivity,1345,,false,,uS/cm,max,1345,nwmp-2021
nwmp-2021,4544,4544,KOTHUNURU LAKE,LAKE,2021,,,bod,4.0,,false,,mg/L,min,4.0,nwmp-2021
nwmp-2021,4544,4544,KOTHUNURU LAKE,LAKE,2021,,,bod,34.0,,false,,mg/L,max,34.0,nwmp-2021
nwmp-2021,4544,4544,KOTHUNURU LAKE,LAKE,2021,,,nitrateNitrite,0.50,,false,,mg/L as N,min,0.50,nwmp-2021
nwmp-2021,4544,4544,KOTHUNURU LAKE,LAKE,2021,,,nitrateNitrite,4.00,,false,,mg/L as N,max,4.00,nwmp-2021
nwmp-2021,4544,4544,KOTHUNURU LAKE,LAKE,2021,,,fecalColiform,2700,,false,,MPN/100mL,min,2700,nwmp-2021
nwmp-2021,4544,4544,KOTHUNURU LAKE,LAKE,2021,,,fecalColiform,14000,,false,,MPN/100mL,max,14000,nwmp-2021
nwmp-2021,4544,4544,KOTHUNURU LAKE,LAKE,2021,,,totalColiform,24000,,false,,MPN/100mL,min,24000,nwmp-2021
nwmp-2021,4544,4544,KOTHUNURU LAKE,LAKE,2021,,,totalColiform,160000,,false,,MPN/100mL,max,160000,nwmp-2021
nwmp-2021,4517,4517,KOWDHENAHALLI LAKE,LAKE,2021,,,temperature,25.0,,false,,degC,min,25.0,nwmp-2021
nwmp-2021,4517,4517,KOWDHENAHALLI LAKE,LAKE,2021,,,temperature,25.1,,false,,degC,max,25.1,nwmp-2021
nwmp-2021,4517,4517,KOWDHENAHALLI LAKE,LAKE,2021,,,dissolvedOxygen,0.3,,false,,mg/L,min,0.3,nwmp-2021
nwmp-2021,4517,4517,KOWDHENAHALLI LAKE,LAKE,2021,,,dissolvedOxygen,6.5,,false,,mg/L,max,6.5,nwmp-2021
nwmp-2021,4517,4517,KOWDHENAHALLI LAKE,LAKE,2021,,,ph,6.5,,false,,,min,6.5,nwmp-2021
nwmp-2021,4517,4517,KOWDHENAHALLI LAKE,LAKE,2021,,,ph,8.3,,false,,,max,8.3,nwmp-2021
nwmp-2021,4517,4517,KOWDHENAHALLI LAKE,LAKE,2021,,,conductivity,313,,false,,uS/cm,min,313,nwmp-2021
nwmp-2021,4517,4517,KOWDHENAHALLI LAKE,LAKE,2021,,,conductivity,3370,,false,,uS/cm,max,3370,nwmp-2021
nwmp-2021,4517,4517,KOWDHENAHALLI LAKE,LAKE,2021,,,bod,5.0,,false,,mg/L,min,5.0,nwmp-2021
nwmp-2021,4517,4517,KOWDHENAHALLI LAKE,LAKE,2021,,,bod,54.0,,false,,mg/L,max,54.0,nwmp-2021
nwmp-2021,4517,4517,KOWDHENAHALLI LAKE,LAKE,2021,,,nitrateNitrite,0.30,,false,,mg/L as N,min,0.30,nwmp-2021
nwmp-2021,4517,4517,KOWDHENAHALLI LAKE,LAKE,2021,,,nitrateNitrite,8.09,,false,,mg/L as N,max,8.09,nwmp-2021
nwmp-2021,4517,4517,KOWDHENAHALLI LAKE,LAKE,2021,,,fecalColiform,2600,,false,,MPN/100mL,min,2600,nwmp-2021
nwmp-2021,4517,4517,KOWDHENAHALLI LAKE,LAKE,2021,,,fecalColiform,330000,,false,,MPN/100mL,max,330000,nwmp-2021
nwmp-2021,4517,4517,KOWDHENAHALLI LAKE,LAKE,2021,,,totalColiform,24000,,false,,MPN/100mL,min,24000,nwmp-2021
nwmp-2021,4517,4517,KOWDHENAHALLI LAKE,LAKE,2021,,,totalColiform,2400000,,false,,MPN/100mL,max,2400000,nwmp-2021
nwmp-2021,3583,3583,KUKKARAHALLI LAKE,LAKE,2021,,,temperature,21.0,,false,,degC,min,21.0,nwmp-2021
nwmp-2021,3583,3583,KUKKARAHALLI LAKE,LAKE,2021,,,temperature,25.0,,false,,degC,max,25.0,nwmp-2021
nwmp-2021,3583,3583,KUKKARAHALLI LAKE,LAKE,2021,,,dissolvedOxygen,5.0,,false,,mg/L,min,5.0,nwmp-2021
nwmp-2021,3583,3583,KUKKARAHALLI LAKE,LAKE,2021,,,dissolvedOxygen,6.8,,false,,mg/L,max,6.8,nwmp-2021
nwmp-2021,3583,3583,KUKKARAHALLI LAKE,LAKE,2021,,,ph,7.1,,false,,,min,7.1,nwmp-2021
nwmp-2021,3583,3583,KUKKARAHALLI LAKE,LAKE,2021,,,ph,9.0,,false,,,max,9.0,nwmp-2021
nwmp-2021,3583,3583,KUKKARAHALLI LAKE,LAKE,2021,,,conductivity,495,,false,,uS/cm,min,495,nwmp-2021
nwmp-2021,3583,3583,KUKKARAHALLI LAKE,LAKE,2021,,,conductivity,770,,false,,uS/cm,max,770,nwmp-2021
nwmp-2021,3583,3583,KUKKARAHALLI LAKE,LAKE,2021,,,bod,2.7,,false,,mg/L,min,2.7,nwmp-2021
nwmp-2021,3583,3583,KUKKARAHALLI LAKE,LAKE,2021,,,bod,4.4,,false,,mg/L,max,4.4,nwmp-2021
nwmp-2021,3583,3583,KUKKARAHALLI LAKE,LAKE,2021,,,nitrateNitrite,1.00,,false,,mg/L as N,min,1.00,nwmp-2021
nwmp-2021,3583,3583,KUKKARAHALLI LAKE,LAKE,2021,,,nitrateNitrite,3.10,,false,,mg/L as N,max,3.10,nwmp-2021
nwmp-2021,3583,3583,KUKKARAHALLI LAKE,LAKE,2021,,,fecalColiform,830,,false,,MPN/100mL,min,830,nwmp-2021
nwmp-2021,3583,3583,KUKKARAHALLI LAKE,LAKE,2021,,,fecalColiform,1400,,false,,MPN/100mL,max,1400,nwmp-2021
nwmp-2021,3583,3583,KUKKARAHALLI LAKE,LAKE,2021,,,totalColiform,4600,,false,,MPN/100mL,min,4600,nwmp-2021
nwmp-2021,3583,3583,KUKKARAHALLI LAKE,LAKE,2021,,,totalColiform,6300,,false,,MPN/100mL,max,6300,nwmp-2021
nwmp-2021,4516,4516,KUNDALAHALLI LAKE,LAKE,2021,,,temperature,25.0,,false,,degC,min,25.0,nwmp-2021
nwmp-2021,4516,4516,KUNDALAHALLI LAKE,LAKE,2021,,,temperature,25.0,,false,,degC,max,25.0,nwmp-2021
nwmp-2021,4516,4516,KUNDALAHALLI LAKE,LAKE,2021,,,dissolvedOxygen,3.0,,false,,mg/L,min,3.0,nwmp-2021
nwmp-2021,4516,4516,KUNDALAHALLI LAKE,LAKE,2021,,,dissolvedOxygen,6.1,,false,,mg/L,max,6.1,nwmp-2021
nwmp-2021,4516,4516,KUNDALAHALLI LAKE,LAKE,2021,,,ph,6.8,,false,,,min,6.8,nwmp-2021
nwmp-2021,4516,4516,KUNDALAHALLI LAKE,LAKE,2021,,,ph,7.8,,false,,,max,7.8,nwmp-2021
nwmp-2021,4516,4516,KUNDALAHALLI LAKE,LAKE,2021,,,conductivity,725,,false,,uS/cm,min,725,nwmp-2021
nwmp-2021,4516,4516,KUNDALAHALLI LAKE,LAKE,2021,,,conductivity,1299,,false,,uS/cm,max,1299,nwmp-2021
nwmp-2021,4516,4516,KUNDALAHALLI LAKE,LAKE,2021,,,bod,4.0,,false,,mg/L,min,4.0,nwmp-2021
nwmp-2021,4516,4516,KUNDALAHALLI LAKE,LAKE,2021,,,bod,17.0,,false,,mg/L,max,17.0,nwmp-2021
nwmp-2021,4516,4516,KUNDALAHALLI LAKE,LAKE,2021,,,nitrateNitrite,0.81,,false,,mg/L as N,min,0.81,nwmp-2021
nwmp-2021,4516,4516,KUNDALAHALLI LAKE,LAKE,2021,,,nitrateNitrite,15.00,,false,,mg/L as N,max,15.00,nwmp-2021
nwmp-2021,4516,4516,KUNDALAHALLI LAKE,LAKE,2021,,,fecalColiform,460,,false,,MPN/100mL,min,460,nwmp-2021
nwmp-2021,4516,4516,KUNDALAHALLI LAKE,LAKE,2021,,,fecalColiform,94000,,false,,MPN/100mL,max,94000,nwmp-2021
nwmp-2021,4516,4516,KUNDALAHALLI LAKE,LAKE,2021,,,totalColiform,3500,,false,,MPN/100mL,min,3500,nwmp-2021
nwmp-2021,4516,4516,KUNDALAHALLI LAKE,LAKE,2021,,,totalColiform,540000,,false,,MPN/100mL,max,540000,nwmp-2021
nwmp-2021,3586,3586,LIMBHABUDI LAKE,LAKE,2021,,,temperature,20.0,,false,,degC,min,20.0,nwmp-2021
nwmp-2021,3586,3586,LIMBHABUDI LAKE,LAKE,2021,,,temperature,26.0,,false,,degC,max,26.0,nwmp-2021
nwmp-2021,3586,3586,LIMBHABUDI LAKE,LAKE,2021,,,dissolvedOxygen,4.6,,false,,mg/L,min,4.6,nwmp-2021
nwmp-2021,3586,3586,LIMBHABUDI LAKE,LAKE,2021,,,dissolvedOxygen,6.0,,false,,mg/L,max,6.0,nwmp-2021
nwmp-2021,3586,3586,LIMBHABUDI LAKE,LAKE,2021,,,ph,7.3,,false,,,min,7.3,nwmp-2021
nwmp-2021,3586,3586,LIMBHABUDI LAKE,LAKE,2021,,,ph,8.8,,false,,,max,8.8,nwmp-2021
nwmp-2021,3586,3586,LIMBHABUDI LAKE,LAKE,2021,,,conductivity,564,,false,,uS/cm,min,564,nwmp-2021
nwmp-2021,3586,3586,LIMBHABUDI LAKE,LAKE,2021,,,conductivity,850,,false,,uS/cm,max,850,nwmp-2021
nwmp-2021,3586,3586,LIMBHABUDI LAKE,LAKE,2021,,,bod,3.5,,false,,mg/L,min,3.5,nwmp-2021
nwmp-2021,3586,3586,LIMBHABUDI LAKE,LAKE,2021,,,bod,5.2,,false,,mg/L,max,5.2,nwmp-2021
nwmp-2021,3586,3586,LIMBHABUDI LAKE,LAKE,2021,,,nitrateNitrite,1.50,,false,,mg/L as N,min,1.50,nwmp-2021
nwmp-2021,3586,3586,LIMBHABUDI LAKE,LAKE,2021,,,nitrateNitrite,3.10,,false,,mg/L as N,max,3.10,nwmp-2021
nwmp-2021,3586,3586,LIMBHABUDI LAKE,LAKE,2021,,,fecalColiform,780,,false,,MPN/100mL,min,780,nwmp-2021
nwmp-2021,3586,3586,LIMBHABUDI LAKE,LAKE,2021,,,fecalColiform,1700,,false,,MPN/100mL,max,1700,nwmp-2021
nwmp-2021,3586,3586,LIMBHABUDI LAKE,LAKE,2021,,,totalColiform,5800,,false,,MPN/100mL,min,5800,nwmp-2021
nwmp-2021,3586,3586,LIMBHABUDI LAKE,LAKE,2021,,,totalColiform,8400,,false,,MPN/100mL,max,8400,nwmp-2021
nwmp-2021,4538,4538,MACHOHALLI LAKE,LAKE,2021,,,temperature,25.0,,false,,degC,min,25.0,nwmp-2021
nwmp-2021,4538,4538,MACHOHALLI LAKE,LAKE,2021,,,temperature,25.0,,false,,degC,max,25.0,nwmp-2021
nwmp-2021,4538,4538,MACHOHALLI LAKE,LAKE,2021,,,dissolvedOxygen,0.3,,false,,mg/L,min,0.3,nwmp-2021
nwmp-2021,4538,4538,MACHOHALLI LAKE,LAKE,2021,,,dissolvedOxygen,6.4,,false,,mg/L,max,6.4,nwmp-2021
nwmp-2021,4538,4538,MACHOHALLI LAKE,LAKE,2021,,,ph,6.3,,false,,,min,6.3,nwmp-2021
nwmp-2021,4538,4538,MACHOHALLI LAKE,LAKE,2021,,,ph,7.6,,false,,,max,7.6,nwmp-2021
nwmp-2021,4538,4538,MACHOHALLI LAKE,LAKE,2021,,,conductivity,385,,false,,uS/cm,min,385,nwmp-2021
nwmp-2021,4538,4538,MACHOHALLI LAKE,LAKE,2021,,,conductivity,4200,,false,,uS/cm,max,4200,nwmp-2021
nwmp-2021,4538,4538,MACHOHALLI LAKE,LAKE,2021,,,bod,3.0,,false,,mg/L,min,3.0,nwmp-2021
nwmp-2021,4538,4538,MACHOHALLI LAKE,LAKE,2021,,,bod,145.0,,false,,mg/L,max,145.0,nwmp-2021
nwmp-2021,4538,4538,MACHOHALLI LAKE,LAKE,2021,,,nitrateNitrite,0.60,,false,,mg/L as N,min,0.60,nwmp-2021
nwmp-2021,4538,4538,MACHOHALLI LAKE,LAKE,2021,,,nitrateNitrite,11.00,,false,,mg/L as N,max,11.00,nwmp-2021
nwmp-2021,4538,4538,MACHOHALLI LAKE,LAKE,2021,,,fecalColiform,3300,,false,,MPN/100mL,min,3300,nwmp-2021
nwmp-2021,4538,4538,MACHOHALLI LAKE,LAKE,2021,,,fecalColiform,1200000,,false,,MPN/100mL,max,1200000,nwmp-2021
nwmp-2021,4538,4538,MACHOHALLI LAKE,LAKE,2021,,,totalColiform,24000,,false,,MPN/100mL,min,24000,nwmp-2021
nwmp-2021,4538,4538,MACHOHALLI LAKE,LAKE,2021,,,totalColiform,9200000,,false,,MPN/100mL,max,9200000,nwmp-2021
nwmp-2021,3644,3644,MULBHAGAL LAKE,LAKE,2021,,,temperature,25.0,,false,,degC,min,25.0,nwmp-2021
nwmp-2021,3644,3644,MULBHAGAL LAKE,LAKE,2021,,,temperature,25.0,,false,,degC,max,25.0,nwmp-2021
nwmp-2021,3644,3644,MULBHAGAL LAKE,LAKE,2021,,,dissolvedOxygen,1.2,,false,,mg/L,min,1.2,nwmp-2021
nwmp-2021,3644,3644,MULBHAGAL LAKE,LAKE,2021,,,dissolvedOxygen,5.4,,false,,mg/L,max,5.4,nwmp-2021
nwmp-2021,3644,3644,MULBHAGAL LAKE,LAKE,2021,,,ph,6.8,,false,,,min,6.8,nwmp-2021
nwmp-2021,3644,3644,MULBHAGAL LAKE,LAKE,2021,,,ph,8.2,,false,,,max,8.2,nwmp-2021
nwmp-2021,3644,3644,MULBHAGAL LAKE,LAKE,2021,,,conductivity,647,,false,,uS/cm,min,647,nwmp-2021
nwmp-2021,3644,3644,MULBHAGAL LAKE,LAKE,2021,,,conductivity,2009,,false,,uS/cm,max,2009,nwmp-2021
nwmp-2021,3644,3644,MULBHAGAL LAKE,LAKE,2021,,,bod,4.0,,false,,mg/L,min,4.0,nwmp-2021
nwmp-2021,3644,3644,MULBHAGAL LAKE,LAKE,2021,,,bod,78.0,,false,,mg/L,max,78.0,nwmp-2021
nwmp-2021,3644,3644,MULBHAGAL LAKE,LAKE,2021,,,nitrateNitrite,1.10,,false,,mg/L as N,min,1.10,nwmp-2021
nwmp-2021,3644,3644,MULBHAGAL LAKE,LAKE,2021,,,nitrateNitrite,6.00,,false,,mg/L as N,max,6.00,nwmp-2021
nwmp-2021,3644,3644,MULBHAGAL LAKE,LAKE,2021,,,fecalColiform,3300,,false,,MPN/100mL,min,3300,nwmp-2021
nwmp-2021,3644,3644,MULBHAGAL LAKE,LAKE,2021,,,fecalColiform,63000,,false,,MPN/100mL,max,63000,nwmp-2021
nwmp-2021,3644,3644,MULBHAGAL LAKE,LAKE,2021,,,totalColiform,24000,,false,,MPN/100mL,min,24000,nwmp-2021
nwmp-2021,3644,3644,MULBHAGAL LAKE,LAKE,2021,,,totalColiform,540000,,false,,MPN/100mL,max,540000,nwmp-2021
nwmp-2021,4523,4523,NALLURAHALLI LAKE,LAKE,2021,,,temperature,24.0,,false,,degC,min,24.0,nwmp-2021
nwmp-2021,4523,4523,NALLURAHALLI LAKE,LAKE,2021,,,temperature,25.0,,false,,degC,max,25.0,nwmp-2021
nwmp-2021,4523,4523,NALLURAHALLI LAKE,LAKE,2021,,,dissolvedOxygen,3.6,,false,,mg/L,min,3.6,nwmp-2021
nwmp-2021,4523,4523,NALLURAHALLI LAKE,LAKE,2021,,,dissolvedOxygen,6.5,,false,,mg/L,max,6.5,nwmp-2021
nwmp-2021,4523,4523,NALLURAHALLI LAKE,LAKE,2021,,,ph,6.5,,false,,,min,6.5,nwmp-2021
nwmp-2021,4523,4523,NALLURAHALLI LAKE,LAKE,2021,,,ph,6.7,,false,,,max,6.7,nwmp-2021
nwmp-2021,4523,4523,NALLURAHALLI LAKE,LAKE,2021,,,conductivity,374,,false,,uS/cm,min,374,nwmp-2021
nwmp-2021,4523,4523,NALLURAHALLI LAKE,LAKE,2021,,,conductivity,820,,false,,uS/cm,max,820,nwmp-2021
nwmp-2021,4523,4523,NALLURAHALLI LAKE,LAKE,2021,,,bod,3.0,,false,,mg/L,min,3.0,nwmp-2021
nwmp-2021,4523,4523,NALLURAHALLI LAKE,LAKE,2021,,,bod,10.0,,false,,mg/L,max,10.0,nwmp-2021
nwmp-2021,4523,4523,NALLURAHALLI LAKE,LAKE,2021,,,nitrateNitrite,1.20,,false,,mg/L as N,min,1.20,nwmp-2021
nwmp-2021,4523,4523,NALLURAHALLI LAKE,LAKE,2021,,,nitrateNitrite,3.00,,false,,mg/L as N,max,3.00,nwmp-2021
nwmp-2021,4523,4523,NALLURAHALLI LAKE,LAKE,2021,,,fecalColiform,3900,,false,,MPN/100mL,min,3900,nwmp-2021
nwmp-2021,4523,4523,NALLURAHALLI LAKE,LAKE,2021,,,fecalColiform,7000,,false,,MPN/100mL,max,7000,nwmp-2021
nwmp-2021,4523,4523,NALLURAHALLI LAKE,LAKE,2021,,,totalColiform,24000,,false,,MPN/100mL,min,24000,nwmp-2021
nwmp-2021,4523,4523,NALLURAHALLI LAKE,LAKE,2021,,,totalColiform,54000,,false,,MPN/100mL,max,54000,nwmp-2021
nwmp-2021,3646,3646,NARASAPURA LAKE,LAKE,2021,,,temperature,25.0,,false,,degC,min,25.0,nwmp-2021
nwmp-2021,3646,3646,NARASAPURA LAKE,LAKE,2021,,,temperature,25.0,,false,,degC,max,25.0,nwmp-2021
nwmp-2021,3646,3646,NARASAPURA LAKE,LAKE,2021,,,dissolvedOxygen,4.1,,false,,mg/L,min,4.1,nwmp-2021
nwmp-2021,3646,3646,NARASAPURA LAKE,LAKE,2021,,,dissolvedOxygen,6.2,,false,,mg/L,max,6.2,nwmp-2021
nwmp-2021,3646,3646,NARASAPURA LAKE,LAKE,2021,,,ph,6.9,,false,,,min,6.9,nwmp-2021
nwmp-2021,3646,3646,NARASAPURA LAKE,LAKE,2021,,,ph,8.0,,false,,,max,8.0,nwmp-2021
nwmp-2021,3646,3646,NARASAPURA LAKE,LAKE,2021,,,conductivity,543,,false,,uS/cm,min,543,nwmp-2021
nwmp-2021,3646,3646,NARASAPURA LAKE,LAKE,2021,,,conductivity,1021,,false,,uS/cm,max,1021,nwmp-2021
nwmp-2021,3646,3646,NARASAPURA LAKE,LAKE,2021,,,bod,3.0,,false,,mg/L,min,3.0,nwmp-2021
nwmp-2021,3646,3646,NARASAPURA LAKE,LAKE,2021,,,bod,10.0,,false,,mg/L,max,10.0,nwmp-2021
nwmp-2021,3646,3646,NARASAPURA LAKE,LAKE,2021,,,nitrateNitrite,0.30,,false,,mg/L as N,min,0.30,nwmp-2021
nwmp-2021,3646,3646,NARASAPURA LAKE,LAKE,2021,,,nitrateNitrite,7.75,,false,,mg/L as N,max,7.75,nwmp-2021
nwmp-2021,3646,3646,NARASAPURA LAKE,LAKE,2021,,,fecalColiform,3300,,false,,MPN/100mL,min,3300,nwmp-2021
nwmp-2021,3646,3646,NARASAPURA LAKE,LAKE,2021,,,fecalColiform,130000,,false,,MPN/100mL,max,130000,nwmp-2021
nwmp-2021,3646,3646,NARASAPURA LAKE,LAKE,2021,,,totalColiform,24000,,false,,MPN/100mL,min,24000,nwmp-2021
nwmp-2021,3646,3646,NARASAPURA LAKE,LAKE,2021,,,totalColiform,920000,,false,,MPN/100mL,max,920000,nwmp-2021
nwmp-2021,4509,4509,NARASIPURA LAKE,LAKE,2021,,,temperature,25.0,,false,,degC,min,25.0,nwmp-2021
nwmp-2021,4509,4509,NARASIPURA LAKE,LAKE,2021,,,temperature,25.0,,false,,degC,max,25.0,nwmp-2021
nwmp-2021,4509,4509,NARASIPURA LAKE,LAKE,2021,,,dissolvedOxygen,1.1,,false,,mg/L,min,1.1,nwmp-2021
nwmp-2021,4509,4509,NARASIPURA LAKE,LAKE,2021,,,dissolvedOxygen,7.1,,false,,mg/L,max,7.1,nwmp-2021
nwmp-2021,4509,4509,NARASIPURA LAKE,LAKE,2021,,,ph,6.5,,false,,,min,6.5,nwmp-2021
nwmp-2021,4509,4509,NARASIPURA LAKE,LAKE,2021,,,ph,7.8,,false,,,max,7.8,nwmp-2021
nwmp-2021,4509,4509,NARASIPURA LAKE,LAKE,2021,,,conductivity,304,,false,,uS/cm,min,304,nwmp-2021
nwmp-2021,4509,4509,NARASIPURA LAKE,LAKE,2021,,,conductivity,821,,false,,uS/cm,max,821,nwmp-2021
nwmp-2021,4509,4509,NARASIPURA LAKE,LAKE,2021,,,bod,3.0,,false,,mg/L,min,3.0,nwmp-2021
nwmp-2021,4509,4509,NARASIPURA LAKE,LAKE,2021,,,bod,34.0,,false,,mg/L,max,34.0,nwmp-2021
nwmp-2021,4509,4509,NARASIPURA LAKE,LAKE,2021,,,nitrateNitrite,0.44,,false,,mg/L as N,min,0.44,nwmp-2021
nwmp-2021,4509,4509,NARASIPURA LAKE,LAKE,2021,,,nitrateNitrite,3.20,,false,,mg/L as N,max,3.20,nwmp-2021
nwmp-2021,4509,4509,NARASIPURA LAKE,LAKE,2021,,,fecalColiform,3400,,false,,MPN/100mL,min,3400,nwmp-2021
nwmp-2021,4509,4509,NARASIPURA LAKE,LAKE,2021,,,fecalColiform,7000000,,false,,MPN/100mL,max,7000000,nwmp-2021
nwmp-2021,4509,4509,NARASIPURA LAKE,LAKE,2021,,,totalColiform,24000,,false,,MPN/100mL,min,24000,nwmp-2021
nwmp-2021,4509,4509,NARASIPURA LAKE,LAKE,2021,,,totalColiform,92000000,,false,,MPN/100mL,max,92000000,nwmp-2021
nwmp-2021,3685,3685,NAVALOORU LAKE,LAKE,2021,,,temperature,24.0,,false,,degC,min,24.0,nwmp-2021
nwmp-2021,3685,3685,NAVALOORU LAKE,LAKE,2021,,,temperature,26.0,,false,,degC,max,26.0,nwmp-2021
nwmp-2021,3685,3685,NAVALOORU LAKE,LAKE,2021,,,dissolvedOxygen,6.5,,false,,mg/L,min,6.5,nwmp-2021
nwmp-2021,3685,3685,NAVALOORU LAKE,LAKE,2021,,,dissolvedOxygen,6.8,,false,,mg/L,max,6.8,nwmp-2021
nwmp-2021,3685,3685,NAVALOORU LAKE,LAKE,2021,,,ph,7.4,,false,,,min,7.4,nwmp-2021
nwmp-2021,3685,3685,NAVALOORU LAKE,LAKE,2021,,,ph,8.0,,false,,,max,8.0,nwmp-2021
nwmp-2021,3685,3685,NAVALOORU LAKE,LAKE,2021,,,conductivity,810,,false,,uS/cm,min,810,nwmp-2021
nwmp-2021,3685,3685,NAVALOORU LAKE,LAKE,2021,,,conductivity,1070,,false,,uS/cm,max,1070,nwmp-2021
nwmp-2021,3685,3685,NAVALOORU LAKE,LAKE,2021,,,bod,3.4,,false,,mg/L,min,3.4,nwmp-2021
nwmp-2021,3685,3685,NAVALOORU LAKE,LAKE,2021,,,bod,3.9,,false,,mg/L,max,3.9,nwmp-2021
nwmp-2021,3685,3685,NAVALOORU LAKE,LAKE,2021,,,nitrateNitrite,0.92,,false,,mg/L as N,min,0.92,nwmp-2021
nwmp-2021,3685,3685,NAVALOORU LAKE,LAKE,2021,,,nitrateNitrite,1.22,,false,,mg/L as N,max,1.22,nwmp-2021
nwmp-2021,3685,3685,NAVALOORU LAKE,LAKE,2021,,,fecalColiform,26,,false,,MPN/100mL,min,26,nwmp-2021
nwmp-2021,3685,3685,NAVALOORU LAKE,LAKE,2021,,,fecalColiform,52,,false,,MPN/100mL,max,52,nwmp-2021
nwmp-2021,3685,3685,NAVALOORU LAKE,LAKE,2021,,,totalColiform,109,,false,,MPN/100mL,min,109,nwmp-2021
nwmp-2021,3685,3685,NAVALOORU LAKE,LAKE,2021,,,totalColiform,165,,false,,MPN/100mL,max,165,nwmp-2021
nwmp-2021,4505,4505,NELAMANGALA LAKE,LAKE,2021,,,temperature,25.0,,false,,degC,min,25.0,nwmp-2021
nwmp-2021,4505,4505,NELAMANGALA LAKE,LAKE,2021,,,temperature,25.0,,false,,degC,max,25.0,nwmp-2021
nwmp-2021,4505,4505,NELAMANGALA LAKE,LAKE,2021,,,dissolvedOxygen,0.8,,false,,mg/L,min,0.8,nwmp-2021
nwmp-2021,4505,4505,NELAMANGALA LAKE,LAKE,2021,,,dissolvedOxygen,6.3,,false,,mg/L,max,6.3,nwmp-2021
nwmp-2021,4505,4505,NELAMANGALA LAKE,LAKE,2021,,,ph,6.5,,false,,,min,6.5,nwmp-2021
nwmp-2021,4505,4505,NELAMANGALA LAKE,LAKE,2021,,,ph,7.6,,false,,,max,7.6,nwmp-2021
nwmp-2021,4505,4505,NELAMANGALA LAKE,LAKE,2021,,,conductivity,422,,false,,uS/cm,min,422,nwmp-2021
nwmp-2021,4505,4505,NELAMANGALA LAKE,LAKE,2021,,,conductivity,2120,,false,,uS/cm,max,2120,nwmp-2021
nwmp-2021,4505,4505,NELAMANGALA LAKE,LAKE,2021,,,bod,4.0,,false,,mg/L,min,4.0,nwmp-2021
nwmp-2021,4505,4505,NELAMANGALA LAKE,LAKE,2021,,,bod,46.0,,false,,mg/L,max,46.0,nwmp-2021
nwmp-2021,4505,4505,NELAMANGALA LAKE,LAKE,2021,,,nitrateNitrite,1.22,,false,,mg/L as N,min,1.22,nwmp-2021
nwmp-2021,4505,4505,NELAMANGALA LAKE,LAKE,2021,,,nitrateNitrite,7.60,,false,,mg/L as N,max,7.60,nwmp-2021
nwmp-2021,4505,4505,NELAMANGALA LAKE,LAKE,2021,,,fecalColiform,4600,,false,,MPN/100mL,min,4600,nwmp-2021
nwmp-2021,4505,4505,NELAMANGALA LAKE,LAKE,2021,,,fecalColiform,34000,,false,,MPN/100mL,max,34000,nwmp-2021
nwmp-2021,4505,4505,NELAMANGALA LAKE,LAKE,2021,,,totalColiform,35000,,false,,MPN/100mL,min,35000,nwmp-2021
nwmp-2021,4505,4505,NELAMANGALA LAKE,LAKE,2021,,,totalColiform,240000,,false,,MPN/100mL,max,240000,nwmp-2021
nwmp-2021,3620,3620,PARAPPANA AGRAHARA LAKE,LAKE,2021,,,temperature,25.0,,false,,degC,min,25.0,nwmp-2021
nwmp-2021,3620,3620,PARAPPANA AGRAHARA LAKE,LAKE,2021,,,temperature,25.0,,false,,degC,max,25.0,nwmp-2021
nwmp-2021,3620,3620,PARAPPANA AGRAHARA LAKE,LAKE,2021,,,dissolvedOxygen,1.8,,false,,mg/L,min,1.8,nwmp-2021
nwmp-2021,3620,3620,PARAPPANA AGRAHARA LAKE,LAKE,2021,,,dissolvedOxygen,6.5,,false,,mg/L,max,6.5,nwmp-2021
nwmp-2021,3620,3620,PARAPPANA AGRAHARA LAKE,LAKE,2021,,,ph,6.5,,false,,,min,6.5,nwmp-2021
nwmp-2021,3620,3620,PARAPPANA AGRAHARA LAKE,LAKE,2021,,,ph,8.0,,false,,,max,8.0,nwmp-2021
nwmp-2021,3620,3620,PARAPPANA AGRAHARA LAKE,LAKE,2021,,,conductivity,207,,false,,uS/cm,min,207,nwmp-2021
nwmp-2021,3620,3620,PARAPPANA AGRAHARA LAKE,LAKE,2021,,,conductivity,1297,,false,,uS/cm,max,1297,nwmp-2021
nwmp-2021,3620,3620,PARAPPANA AGRAHARA LAKE,LAKE,2021,,,bod,5.0,,false,,mg/L,min,5.0,nwmp-2021
nwmp-2021,3620,3620,PARAPPANA AGRAHARA LAKE,LAKE,2021,,,bod,38.0,,false,,mg/L,max,38.0,nwmp-2021
nwmp-2021,3620,3620,PARAPPANA AGRAHARA LAKE,LAKE,2021,,,nitrateNitrite,0.30,,false,,mg/L as N,min,0.30,nwmp-2021
nwmp-2021,3620,3620,PARAPPANA AGRAHARA LAKE,LAKE,2021,,,nitrateNitrite,7.90,,false,,mg/L as N,max,7.90,nwmp-2021
nwmp-2021,3620,3620,PARAPPANA AGRAHARA LAKE,LAKE,2021,,,fecalColiform,2300,,false,,MPN/100mL,min,2300,nwmp-2021
nwmp-2021,3620,3620,PARAPPANA AGRAHARA LAKE,LAKE,2021,,,fecalColiform,1100000,,false,,MPN/100mL,max,1100000,nwmp-2021
nwmp-2021,3620,3620,PARAPPANA AGRAHARA LAKE,LAKE,2021,,,totalColiform,24000,,false,,MPN/100mL,min,24000,nwmp-2021
nwmp-2021,3620,3620,PARAPPANA AGRAHARA LAKE,LAKE,2021,,,totalColiform,9200000,,false,,MPN/100mL,max,9200000,nwmp-2021
nwmp-2021,4524,4524,PATTANDUR AGARAHARA,LAKE,2021,,,temperature,25.0,,false,,degC,min,25.0,nwmp-2021
nwmp-2021,4524,4524,PATTANDUR AGARAHARA,LAKE,2021,,,temperature,25.0,,false,,degC,max,25.0,nwmp-2021
nwmp-2021,4524,4524,PATTANDUR AGARAHARA,LAKE,2021,,,dissolvedOxygen,0.3,,false,,mg/L,min,0.3,nwmp-2021
nwmp-2021,4524,4524,PATTANDUR AGARAHARA,LAKE,2021,,,dissolvedOxygen,6.8,,false,,mg/L,max,6.8,nwmp-2021
nwmp-2021,4524,4524,PATTANDUR AGARAHARA,LAKE,2021,,,ph,6.5,,false,,,min,6.5,nwmp-2021
nwmp-2021,4524,4524,PATTANDUR AGARAHARA,LAKE,2021,,,ph,8.2,,false,,,max,8.2,nwmp-2021
nwmp-2021,4524,4524,PATTANDUR AGARAHARA,LAKE,2021,,,conductivity,346,,false,,uS/cm,min,346,nwmp-2021
nwmp-2021,4524,4524,PATTANDUR AGARAHARA,LAKE,2021,,,conductivity,741,,false,,uS/cm,max,741,nwmp-2021
nwmp-2021,4524,4524,PATTANDUR AGARAHARA,LAKE,2021,,,bod,4.0,,false,,mg/L,min,4.0,nwmp-2021
nwmp-2021,4524,4524,PATTANDUR AGARAHARA,LAKE,2021,,,bod,32.0,,false,,mg/L,max,32.0,nwmp-2021
nwmp-2021,4524,4524,PATTANDUR AGARAHARA,LAKE,2021,,,nitrateNitrite,0.50,,false,,mg/L as N,min,0.50,nwmp-2021
nwmp-2021,4524,4524,PATTANDUR AGARAHARA,LAKE,2021,,,nitrateNitrite,2.80,,false,,mg/L as N,max,2.80,nwmp-2021
nwmp-2021,4524,4524,PATTANDUR AGARAHARA,LAKE,2021,,,fecalColiform,330,,false,,MPN/100mL,min,330,nwmp-2021
nwmp-2021,4524,4524,PATTANDUR AGARAHARA,LAKE,2021,,,fecalColiform,63000,,false,,MPN/100mL,max,63000,nwmp-2021
nwmp-2021,4524,4524,PATTANDUR AGARAHARA,LAKE,2021,,,totalColiform,9200,,false,,MPN/100mL,min,9200,nwmp-2021
nwmp-2021,4524,4524,PATTANDUR AGARAHARA,LAKE,2021,,,totalColiform,540000,,false,,MPN/100mL,max,540000,nwmp-2021
nwmp-2021,3624,3624,PUTTENAHALLI LAKE,LAKE,2021,,,temperature,25.0,,false,,degC,min,25.0,nwmp-2021
nwmp-2021,3624,3624,PUTTENAHALLI LAKE,LAKE,2021,,,temperature,25.0,,false,,degC,max,25.0,nwmp-2021
nwmp-2021,3624,3624,PUTTENAHALLI LAKE,LAKE,2021,,,dissolvedOxygen,3.0,,false,,mg/L,min,3.0,nwmp-2021
nwmp-2021,3624,3624,PUTTENAHALLI LAKE,LAKE,2021,,,dissolvedOxygen,6.3,,false,,mg/L,max,6.3,nwmp-2021
nwmp-2021,3624,3624,PUTTENAHALLI LAKE,LAKE,2021,,,ph,6.6,,false,,,min,6.6,nwmp-2021
nwmp-2021,3624,3624,PUTTENAHALLI LAKE,LAKE,2021,,,ph,7.7,,false,,,max,7.7,nwmp-2021
nwmp-2021,3624,3624,PUTTENAHALLI LAKE,LAKE,2021,,,conductivity,459,,false,,uS/cm,min,459,nwmp-2021
nwmp-2021,3624,3624,PUTTENAHALLI LAKE,LAKE,2021,,,conductivity,1173,,false,,uS/cm,max,1173,nwmp-2021
nwmp-2021,3624,3624,PUTTENAHALLI LAKE,LAKE,2021,,,bod,3.0,,false,,mg/L,min,3.0,nwmp-2021
nwmp-2021,3624,3624,PUTTENAHALLI LAKE,LAKE,2021,,,bod,22.0,,false,,mg/L,max,22.0,nwmp-2021
nwmp-2021,3624,3624,PUTTENAHALLI LAKE,LAKE,2021,,,nitrateNitrite,1.10,,false,,mg/L as N,min,1.10,nwmp-2021
nwmp-2021,3624,3624,PUTTENAHALLI LAKE,LAKE,2021,,,nitrateNitrite,2.57,,false,,mg/L as N,max,2.57,nwmp-2021
nwmp-2021,3624,3624,PUTTENAHALLI LAKE,LAKE,2021,,,fecalColiform,3300,,false,,MPN/100mL,min,3300,nwmp-2021
nwmp-2021,3624,3624,PUTTENAHALLI LAKE,LAKE,2021,,,fecalColiform,94000,,false,,MPN/100mL,max,94000,nwmp-2021
nwmp-2021,3624,3624,PUTTENAHALLI LAKE,LAKE,2021,,,totalColiform,24000,,false,,MPN/100mL,min,24000,nwmp-2021
nwmp-2021,3624,3624,PUTTENAHALLI LAKE,LAKE,2021,,,totalColiform,540000,,false,,MPN/100mL,max,540000,nwmp-2021
nwmp-2021,3614,3614,PUTTENAHALLI LAKE (S),LAKE,2021,,,temperature,25.0,,false,,degC,min,25.0,nwmp-2021
nwmp-2021,3614,3614,PUTTENAHALLI LAKE (S),LAKE,2021,,,temperature,25.0,,false,,degC,max,25.0,nwmp-2021
nwmp-2021,3614,3614,PUTTENAHALLI LAKE (S),LAKE,2021,,,dissolvedOxygen,4.7,,false,,mg/L,min,4.7,nwmp-2021
nwmp-2021,3614,3614,PUTTENAHALLI LAKE (S),LAKE,2021,,,dissolvedOxygen,6.0,,false,,mg/L,max,6.0,nwmp-2021
nwmp-2021,3614,3614,PUTTENAHALLI LAKE (S),LAKE,2021,,,ph,6.9,,false,,,min,6.9,nwmp-2021
nwmp-2021,3614,3614,PUTTENAHALLI LAKE (S),LAKE,2021,,,ph,7.8,,false,,,max,7.8,nwmp-2021
nwmp-2021,3614,3614,PUTTENAHALLI LAKE (S),LAKE,2021,,,conductivity,290,,false,,uS/cm,min,290,nwmp-2021
nwmp-2021,3614,3614,PUTTENAHALLI LAKE (S),LAKE,2021,,,conductivity,1233,,false,,uS/cm,max,1233,nwmp-2021
nwmp-2021,3614,3614,PUTTENAHALLI LAKE (S),LAKE,2021,,,bod,3.0,,false,,mg/L,min,3.0,nwmp-2021
nwmp-2021,3614,3614,PUTTENAHALLI LAKE (S),LAKE,2021,,,bod,11.0,,false,,mg/L,max,11.0,nwmp-2021
nwmp-2021,3614,3614,PUTTENAHALLI LAKE (S),LAKE,2021,,,nitrateNitrite,1.10,,false,,mg/L as N,min,1.10,nwmp-2021
nwmp-2021,3614,3614,PUTTENAHALLI LAKE (S),LAKE,2021,,,nitrateNitrite,3.00,,false,,mg/L as N,max,3.00,nwmp-2021
nwmp-2021,3614,3614,PUTTENAHALLI LAKE (S),LAKE,2021,,,fecalColiform,4000,,false,,MPN/100mL,min,4000,nwmp-2021
nwmp-2021,3614,3614,PUTTENAHALLI LAKE (S),LAKE,2021,,,fecalColiform,9400,,false,,MPN/100mL,max,9400,nwmp-2021
nwmp-2021,3614,3614,PUTTENAHALLI LAKE (S),LAKE,2021,,,totalColiform,35000,,false,,MPN/100mL,min,35000,nwmp-2021
nwmp-2021,3614,3614,PUTTENAHALLI LAKE (S),LAKE,2021,,,totalColiform,54000,,false,,MPN/100mL,max,54000,nwmp-2021
nwmp-2021,4510,4510,RACHENAHALLI LAKE,LAKE,2021,,,temperature,25.0,,false,,degC,min,25.0,nwmp-2021
nwmp-2021,4510,4510,RACHENAHALLI LAKE,LAKE,2021,,,temperature,25.0,,false,,degC,max,25.0,nwmp-2021
nwmp-2021,4510,4510,RACHENAHALLI LAKE,LAKE,2021,,,dissolvedOxygen,3.1,,false,,mg/L,min,3.1,nwmp-2021
nwmp-2021,4510,4510,RACHENAHALLI LAKE,LAKE,2021,,,dissolvedOxygen,6.7,,false,,mg/L,max,6.7,nwmp-2021
nwmp-2021,4510,4510,RACHENAHALLI LAKE,LAKE,2021,,,ph,6.6,,false,,,min,6.6,nwmp-2021
nwmp-2021,4510,4510,RACHENAHALLI LAKE,LAKE,2021,,,ph,8.5,,false,,,max,8.5,nwmp-2021
nwmp-2021,4510,4510,RACHENAHALLI LAKE,LAKE,2021,,,conductivity,413,,false,,uS/cm,min,413,nwmp-2021
nwmp-2021,4510,4510,RACHENAHALLI LAKE,LAKE,2021,,,conductivity,1236,,false,,uS/cm,max,1236,nwmp-2021
nwmp-2021,4510,4510,RACHENAHALLI LAKE,LAKE,2021,,,bod,4.0,,false,,mg/L,min,4.0,nwmp-2021
nwmp-2021,4510,4510,RACHENAHALLI LAKE,LAKE,2021,,,bod,23.0,,false,,mg/L,max,23.0,nwmp-2021
nwmp-2021,4510,4510,RACHENAHALLI LAKE,LAKE,2021,,,nitrateNitrite,0.47,,false,,mg/L as N,min,0.47,nwmp-2021
nwmp-2021,4510,4510,RACHENAHALLI LAKE,LAKE,2021,,,nitrateNitrite,4.60,,false,,mg/L as N,max,4.60,nwmp-2021
nwmp-2021,4510,4510,RACHENAHALLI LAKE,LAKE,2021,,,fecalColiform,3300,,false,,MPN/100mL,min,3300,nwmp-2021
nwmp-2021,4510,4510,RACHENAHALLI LAKE,LAKE,2021,,,fecalColiform,150000,,false,,MPN/100mL,max,150000,nwmp-2021
nwmp-2021,4510,4510,RACHENAHALLI LAKE,LAKE,2021,,,totalColiform,24000,,false,,MPN/100mL,min,24000,nwmp-2021
nwmp-2021,4510,4510,RACHENAHALLI LAKE,LAKE,2021,,,totalColiform,1600000,,false,,MPN/100mL,max,1600000,nwmp-2021
nwmp-2021,4519,4519,RAMPURA LAKE,LAKE,2021,,,temperature,25.0,,false,,degC,min,25.0,nwmp-2021
nwmp-2021,4519,4519,RAMPURA LAKE,LAKE,2021,,,temperature,25.0,,false,,degC,max,25.0,nwmp-2021
nwmp-2021,4519,4519,RAMPURA LAKE,LAKE,2021,,,dissolvedOxygen,0.3,,false,,mg/L,min,0.3,nwmp-2021
nwmp-2021,4519,4519,RAMPURA LAKE,LAKE,2021,,,dissolvedOxygen,4.2,,false,,mg/L,max,4.2,nwmp-2021
nwmp-2021,4519,4519,RAMPURA LAKE,LAKE,2021,,,ph,6.6,,false,,,min,6.6,nwmp-2021
nwmp-2021,4519,4519,RAMPURA LAKE,LAKE,2021,,,ph,7.4,,false,,,max,7.4,nwmp-2021
nwmp-2021,4519,4519,RAMPURA LAKE,LAKE,2021,,,conductivity,1023,,false,,uS/cm,min,1023,nwmp-2021
nwmp-2021,4519,4519,RAMPURA LAKE,LAKE,2021,,,conductivity,1480,,false,,uS/cm,max,1480,nwmp-2021
nwmp-2021,4519,4519,RAMPURA LAKE,LAKE,2021,,,bod,9.0,,false,,mg/L,min,9.0,nwmp-2021
nwmp-2021,4519,4519,RAMPURA LAKE,LAKE,2021,,,bod,93.0,,false,,mg/L,max,93.0,nwmp-2021
nwmp-2021,4519,4519,RAMPURA LAKE,LAKE,2021,,,nitrateNitrite,0.90,,false,,mg/L as N,min,0.90,nwmp-2021
nwmp-2021,4519,4519,RAMPURA LAKE,LAKE,2021,,,nitrateNitrite,6.00,,false,,mg/L as N,max,6.00,nwmp-2021
nwmp-2021,4519,4519,RAMPURA LAKE,LAKE,2021,,,fecalColiform,3300,,false,,MPN/100mL,min,3300,nwmp-2021
nwmp-2021,4519,4519,RAMPURA LAKE,LAKE,2021,,,fecalColiform,1700000,,false,,MPN/100mL,max,1700000,nwmp-2021
nwmp-2021,4519,4519,RAMPURA LAKE,LAKE,2021,,,totalColiform,35000,,false,,MPN/100mL,min,35000,nwmp-2021
nwmp-2021,4519,4519,RAMPURA LAKE,LAKE,2021,,,totalColiform,9200000,,false,,MPN/100mL,max,9200000,nwmp-2021
nwmp-2021,4514,4514,SADRAMANGALA LAKE,LAKE,2021,,,temperature,24.0,,false,,degC,min,24.0,nwmp-2021
nwmp-2021,4514,4514,SADRAMANGALA LAKE,LAKE,2021,,,temperature,25.0,,false,,degC,max,25.0,nwmp-2021
nwmp-2021,4514,4514,SADRAMANGALA LAKE,LAKE,2021,,,dissolvedOxygen,1.5,,false,,mg/L,min,1.5,nwmp-2021
nwmp-2021,4514,4514,SADRAMANGALA LAKE,LAKE,2021,,,dissolvedOxygen,7.0,,false,,mg/L,max,7.0,nwmp-2021
nwmp-2021,4514,4514,SADRAMANGALA LAKE,LAKE,2021,,,ph,6.5,,false,,,min,6.5,nwmp-2021
nwmp-2021,4514,4514,SADRAMANGALA LAKE,LAKE,2021,,,ph,8.3,,false,,,max,8.3,nwmp-2021
nwmp-2021,4514,4514,SADRAMANGALA LAKE,LAKE,2021,,,conductivity,552,,false,,uS/cm,min,552,nwmp-2021
nwmp-2021,4514,4514,SADRAMANGALA LAKE,LAKE,2021,,,conductivity,1027,,false,,uS/cm,max,1027,nwmp-2021
nwmp-2021,4514,4514,SADRAMANGALA LAKE,LAKE,2021,,,bod,4.0,,false,,mg/L,min,4.0,nwmp-2021
nwmp-2021,4514,4514,SADRAMANGALA LAKE,LAKE,2021,,,bod,35.0,,false,,mg/L,max,35.0,nwmp-2021
nwmp-2021,4514,4514,SADRAMANGALA LAKE,LAKE,2021,,,nitrateNitrite,1.40,,false,,mg/L as N,min,1.40,nwmp-2021
nwmp-2021,4514,4514,SADRAMANGALA LAKE,LAKE,2021,,,nitrateNitrite,10.00,,false,,mg/L as N,max,10.00,nwmp-2021
nwmp-2021,4514,4514,SADRAMANGALA LAKE,LAKE,2021,,,fecalColiform,3300,,false,,MPN/100mL,min,3300,nwmp-2021
nwmp-2021,4514,4514,SADRAMANGALA LAKE,LAKE,2021,,,fecalColiform,15000,,false,,MPN/100mL,max,15000,nwmp-2021
nwmp-2021,4514,4514,SADRAMANGALA LAKE,LAKE,2021,,,totalColiform,24000,,false,,MPN/100mL,min,24000,nwmp-2021
nwmp-2021,4514,4514,SADRAMANGALA LAKE,LAKE,2021,,,totalColiform,160000,,false,,MPN/100mL,max,160000,nwmp-2021
nwmp-2021,4504,4504,SARAKKI LAKE,LAKE,2021,,,temperature,25.0,,false,,degC,min,25.0,nwmp-2021
nwmp-2021,4504,4504,SARAKKI LAKE,LAKE,2021,,,temperature,25.0,,false,,degC,max,25.0,nwmp-2021
nwmp-2021,4504,4504,SARAKKI LAKE,LAKE,2021,,,dissolvedOxygen,4.9,,false,,mg/L,min,4.9,nwmp-2021
nwmp-2021,4504,4504,SARAKKI LAKE,LAKE,2021,,,dissolvedOxygen,7.1,,false,,mg/L,max,7.1,nwmp-2021
nwmp-2021,4504,4504,SARAKKI LAKE,LAKE,2021,,,ph,6.9,,false,,,min,6.9,nwmp-2021
nwmp-2021,4504,4504,SARAKKI LAKE,LAKE,2021,,,ph,8.2,,false,,,max,8.2,nwmp-2021
nwmp-2021,4504,4504,SARAKKI LAKE,LAKE,2021,,,conductivity,415,,false,,uS/cm,min,415,nwmp-2021
nwmp-2021,4504,4504,SARAKKI LAKE,LAKE,2021,,,conductivity,783,,false,,uS/cm,max,783,nwmp-2021
nwmp-2021,4504,4504,SARAKKI LAKE,LAKE,2021,,,bod,3.0,,false,,mg/L,min,3.0,nwmp-2021
nwmp-2021,4504,4504,SARAKKI LAKE,LAKE,2021,,,bod,9.0,,false,,mg/L,max,9.0,nwmp-2021
nwmp-2021,4504,4504,SARAKKI LAKE,LAKE,2021,,,nitrateNitrite,0.30,,false,,mg/L as N,min,0.30,nwmp-2021
nwmp-2021,4504,4504,SARAKKI LAKE,LAKE,2021,,,nitrateNitrite,5.00,,false,,mg/L as N,max,5.00,nwmp-2021
nwmp-2021,4504,4504,SARAKKI LAKE,LAKE,2021,,,fecalColiform,3300,,false,,MPN/100mL,min,3300,nwmp-2021
nwmp-2021,4504,4504,SARAKKI LAKE,LAKE,2021,,,fecalColiform,120000,,false,,MPN/100mL,max,120000,nwmp-2021
nwmp-2021,4504,4504,SARAKKI LAKE,LAKE,2021,,,totalColiform,24000,,false,,MPN/100mL,min,24000,nwmp-2021
nwmp-2021,4504,4504,SARAKKI LAKE,LAKE,2021,,,totalColiform,920000,,false,,MPN/100mL,max,920000,nwmp-2021
nwmp-2021,4525,4525,SEETHARAM PALYA LAKE,LAKE,2021,,,temperature,25.0,,false,,degC,min,25.0,nwmp-2021
nwmp-2021,4525,4525,SEETHARAM PALYA LAKE,LAKE,2021,,,temperature,25.0,,false,,degC,max,25.0,nwmp-2021
nwmp-2021,4525,4525,SEETHARAM PALYA LAKE,LAKE,2021,,,dissolvedOxygen,0.3,,false,,mg/L,min,0.3,nwmp-2021
nwmp-2021,4525,4525,SEETHARAM PALYA LAKE,LAKE,2021,,,dissolvedOxygen,5.9,,false,,mg/L,max,5.9,nwmp-2021
nwmp-2021,4525,4525,SEETHARAM PALYA LAKE,LAKE,2021,,,ph,7.1,,false,,,min,7.1,nwmp-2021
nwmp-2021,4525,4525,SEETHARAM PALYA LAKE,LAKE,2021,,,ph,8.7,,false,,,max,8.7,nwmp-2021
nwmp-2021,4525,4525,SEETHARAM PALYA LAKE,LAKE,2021,,,conductivity,512,,false,,uS/cm,min,512,nwmp-2021
nwmp-2021,4525,4525,SEETHARAM PALYA LAKE,LAKE,2021,,,conductivity,3860,,false,,uS/cm,max,3860,nwmp-2021
nwmp-2021,4525,4525,SEETHARAM PALYA LAKE,LAKE,2021,,,bod,4.0,,false,,mg/L,min,4.0,nwmp-2021
nwmp-2021,4525,4525,SEETHARAM PALYA LAKE,LAKE,2021,,,bod,50.0,,false,,mg/L,max,50.0,nwmp-2021
nwmp-2021,4525,4525,SEETHARAM PALYA LAKE,LAKE,2021,,,nitrateNitrite,2.09,,false,,mg/L as N,min,2.09,nwmp-2021
nwmp-2021,4525,4525,SEETHARAM PALYA LAKE,LAKE,2021,,,nitrateNitrite,11.00,,false,,mg/L as N,max,11.00,nwmp-2021
nwmp-2021,4525,4525,SEETHARAM PALYA LAKE,LAKE,2021,,,fecalColiform,3300,,false,,MPN/100mL,min,3300,nwmp-2021
nwmp-2021,4525,4525,SEETHARAM PALYA LAKE,LAKE,2021,,,fecalColiform,63000,,false,,MPN/100mL,max,63000,nwmp-2021
nwmp-2021,4525,4525,SEETHARAM PALYA LAKE,LAKE,2021,,,totalColiform,24000,,false,,MPN/100mL,min,24000,nwmp-2021
nwmp-2021,4525,4525,SEETHARAM PALYA LAKE,LAKE,2021,,,totalColiform,540000,,false,,MPN/100mL,max,540000,nwmp-2021
nwmp-2021,3587,3587,SHETTYKERE LAKE,LAKE,2021,,,temperature,20.0,,false,,degC,min,20.0,nwmp-2021
nwmp-2021,3587,3587,SHETTYKERE LAKE,LAKE,2021,,,temperature,34.0,,false,,degC,max,34.0,nwmp-2021
nwmp-2021,3587,3587,SHETTYKERE LAKE,LAKE,2021,,,dissolvedOxygen,4.3,,false,,mg/L,min,4.3,nwmp-2021
nwmp-2021,3587,3587,SHETTYKERE LAKE,LAKE,2021,,,dissolvedOxygen,6.6,,false,,mg/L,max,6.6,nwmp-2021
nwmp-2021,3587,3587,SHETTYKERE LAKE,LAKE,2021,,,ph,6.9,,false,,,min,6.9,nwmp-2021
nwmp-2021,3587,3587,SHETTYKERE LAKE,LAKE,2021,,,ph,8.9,,false,,,max,8.9,nwmp-2021
nwmp-2021,3587,3587,SHETTYKERE LAKE,LAKE,2021,,,conductivity,583,,false,,uS/cm,min,583,nwmp-2021
nwmp-2021,3587,3587,SHETTYKERE LAKE,LAKE,2021,,,conductivity,1028,,false,,uS/cm,max,1028,nwmp-2021
nwmp-2021,3587,3587,SHETTYKERE LAKE,LAKE,2021,,,bod,3.0,,false,,mg/L,min,3.0,nwmp-2021
nwmp-2021,3587,3587,SHETTYKERE LAKE,LAKE,2021,,,bod,6.0,,false,,mg/L,max,6.0,nwmp-2021
nwmp-2021,3587,3587,SHETTYKERE LAKE,LAKE,2021,,,nitrateNitrite,1.80,,false,,mg/L as N,min,1.80,nwmp-2021
nwmp-2021,3587,3587,SHETTYKERE LAKE,LAKE,2021,,,nitrateNitrite,3.60,,false,,mg/L as N,max,3.60,nwmp-2021
nwmp-2021,3587,3587,SHETTYKERE LAKE,LAKE,2021,,,fecalColiform,700,,false,,MPN/100mL,min,700,nwmp-2021
nwmp-2021,3587,3587,SHETTYKERE LAKE,LAKE,2021,,,fecalColiform,2200,,false,,MPN/100mL,max,2200,nwmp-2021
nwmp-2021,3587,3587,SHETTYKERE LAKE,LAKE,2021,,,totalColiform,4700,,false,,MPN/100mL,min,4700,nwmp-2021
nwmp-2021,3587,3587,SHETTYKERE LAKE,LAKE,2021,,,totalColiform,7000,,false,,MPN/100mL,max,7000,nwmp-2021
nwmp-2021,4508,4508,SINGAPURA LAKE,LAKE,2021,,,temperature,25.0,,false,,degC,min,25.0,nwmp-2021
nwmp-2021,4508,4508,SINGAPURA LAKE,LAKE,2021,,,temperature,25.0,,false,,degC,max,25.0,nwmp-2021
nwmp-2021,4508,4508,SINGAPURA LAKE,LAKE,2021,,,dissolvedOxygen,0.3,,false,,mg/L,min,0.3,nwmp-2021
nwmp-2021,4508,4508,SINGAPURA LAKE,LAKE,2021,,,dissolvedOxygen,5.2,,false,,mg/L,max,5.2,nwmp-2021
nwmp-2021,4508,4508,SINGAPURA LAKE,LAKE,2021,,,ph,6.5,,false,,,min,6.5,nwmp-2021
nwmp-2021,4508,4508,SINGAPURA LAKE,LAKE,2021,,,ph,7.2,,false,,,max,7.2,nwmp-2021
nwmp-2021,4508,4508,SINGAPURA LAKE,LAKE,2021,,,conductivity,886,,false,,uS/cm,min,886,nwmp-2021
nwmp-2021,4508,4508,SINGAPURA LAKE,LAKE,2021,,,conductivity,1374,,false,,uS/cm,max,1374,nwmp-2021
nwmp-2021,4508,4508,SINGAPURA LAKE,LAKE,2021,,,bod,5.0,,false,,mg/L,min,5.0,nwmp-2021
nwmp-2021,4508,4508,SINGAPURA LAKE,LAKE,2021,,,bod,47.0,,false,,mg/L,max,47.0,nwmp-2021
nwmp-2021,4508,4508,SINGAPURA LAKE,LAKE,2021,,,nitrateNitrite,0.30,,false,,mg/L as N,min,0.30,nwmp-2021
nwmp-2021,4508,4508,SINGAPURA LAKE,LAKE,2021,,,nitrateNitrite,5.90,,false,,mg/L as N,max,5.90,nwmp-2021
nwmp-2021,4508,4508,SINGAPURA LAKE,LAKE,2021,,,fecalColiform,4800,,false,,MPN/100mL,min,4800,nwmp-2021
nwmp-2021,4508,4508,SINGAPURA LAKE,LAKE,2021,,,fecalColiform,790000,,false,,MPN/100mL,max,790000,nwmp-2021
nwmp-2021,4508,4508,SINGAPURA LAKE,LAKE,2021,,,totalColiform,35000,,false,,MPN/100mL,min,35000,nwmp-2021
nwmp-2021,4508,4508,SINGAPURA LAKE,LAKE,2021,,,totalColiform,5400000,,false,,MPN/100mL,max,5400000,nwmp-2021
nwmp-2021,3618,3618,SINGASANDRA LAKE,LAKE,2021,,,temperature,25.0,,false,,degC,min,25.0,nwmp-2021
nwmp-2021,3618,3618,SINGASANDRA LAKE,LAKE,2021,,,temperature,25.0,,false,,degC,max,25.0,nwmp-2021
nwmp-2021,3618,3618,SINGASANDRA LAKE,LAKE,2021,,,dissolvedOxygen,1.1,,false,,mg/L,min,1.1,nwmp-2021
nwmp-2021,3618,3618,SINGASANDRA LAKE,LAKE,2021,,,dissolvedOxygen,7.0,,false,,mg/L,max,7.0,nwmp-2021
nwmp-2021,3618,3618,SINGASANDRA LAKE,LAKE,2021,,,ph,6.5,,false,,,min,6.5,nwmp-2021
nwmp-2021,3618,3618,SINGASANDRA LAKE,LAKE,2021,,,ph,7.6,,false,,,max,7.6,nwmp-2021
nwmp-2021,3618,3618,SINGASANDRA LAKE,LAKE,2021,,,conductivity,562,,false,,uS/cm,min,562,nwmp-2021
nwmp-2021,3618,3618,SINGASANDRA LAKE,LAKE,2021,,,conductivity,1367,,false,,uS/cm,max,1367,nwmp-2021
nwmp-2021,3618,3618,SINGASANDRA LAKE,LAKE,2021,,,bod,4.0,,false,,mg/L,min,4.0,nwmp-2021
nwmp-2021,3618,3618,SINGASANDRA LAKE,LAKE,2021,,,bod,36.0,,false,,mg/L,max,36.0,nwmp-2021
nwmp-2021,3618,3618,SINGASANDRA LAKE,LAKE,2021,,,nitrateNitrite,0.50,,false,,mg/L as N,min,0.50,nwmp-2021
nwmp-2021,3618,3618,SINGASANDRA LAKE,LAKE,2021,,,nitrateNitrite,6.00,,false,,mg/L as N,max,6.00,nwmp-2021
nwmp-2021,3618,3618,SINGASANDRA LAKE,LAKE,2021,,,fecalColiform,4300,,false,,MPN/100mL,min,4300,nwmp-2021
nwmp-2021,3618,3618,SINGASANDRA LAKE,LAKE,2021,,,fecalColiform,130000,,false,,MPN/100mL,max,130000,nwmp-2021
nwmp-2021,3618,3618,SINGASANDRA LAKE,LAKE,2021,,,totalColiform,35000,,false,,MPN/100mL,min,35000,nwmp-2021
nwmp-2021,3618,3618,SINGASANDRA LAKE,LAKE,2021,,,totalColiform,1600000,,false,,MPN/100mL,max,1600000,nwmp-2021
nwmp-2021,3622,3622,SOMASUNDRA PALYA LAKE,LAKE,2021,,,temperature,25.0,,false,,degC,min,25.0,nwmp-2021
nwmp-2021,3622,3622,SOMASUNDRA PALYA LAKE,LAKE,2021,,,temperature,25.0,,false,,degC,max,25.0,nwmp-2021
nwmp-2021,3622,3622,SOMASUNDRA PALYA LAKE,LAKE,2021,,,dissolvedOxygen,2.8,,false,,mg/L,min,2.8,nwmp-2021
nwmp-2021,3622,3622,SOMASUNDRA PALYA LAKE,LAKE,2021,,,dissolvedOxygen,6.9,,false,,mg/L,max,6.9,nwmp-2021
nwmp-2021,3622,3622,SOMASUNDRA PALYA LAKE,LAKE,2021,,,ph,6.6,,false,,,min,6.6,nwmp-2021
nwmp-2021,3622,3622,SOMASUNDRA PALYA LAKE,LAKE,2021,,,ph,7.6,,false,,,max,7.6,nwmp-2021
nwmp-2021,3622,3622,SOMASUNDRA PALYA LAKE,LAKE,2021,,,conductivity,216,,false,,uS/cm,min,216,nwmp-2021
nwmp-2021,3622,3622,SOMASUNDRA PALYA LAKE,LAKE,2021,,,conductivity,1323,,false,,uS/cm,max,1323,nwmp-2021
nwmp-2021,3622,3622,SOMASUNDRA PALYA LAKE,LAKE,2021,,,bod,3.4,,false,,mg/L,min,3.4,nwmp-2021
nwmp-2021,3622,3622,SOMASUNDRA PALYA LAKE,LAKE,2021,,,bod,21.0,,false,,mg/L,max,21.0,nwmp-2021
nwmp-2021,3622,3622,SOMASUNDRA PALYA LAKE,LAKE,2021,,,nitrateNitrite,0.50,,false,,mg/L as N,min,0.50,nwmp-2021
nwmp-2021,3622,3622,SOMASUNDRA PALYA LAKE,LAKE,2021,,,nitrateNitrite,3.40,,false,,mg/L as N,max,3.40,nwmp-2021
nwmp-2021,3622,3622,SOMASUNDRA PALYA LAKE,LAKE,2021,,,fecalColiform,2300,,false,,MPN/100mL,min,2300,nwmp-2021
nwmp-2021,3622,3622,SOMASUNDRA PALYA LAKE,LAKE,2021,,,fecalColiform,140000,,false,,MPN/100mL,max,140000,nwmp-2021
nwmp-2021,3622,3622,SOMASUNDRA PALYA LAKE,LAKE,2021,,,totalColiform,24000,,false,,MPN/100mL,min,24000,nwmp-2021
nwmp-2021,3622,3622,SOMASUNDRA PALYA LAKE,LAKE,2021,,,totalColiform,920000,,false,,MPN/100mL,max,920000,nwmp-2021
nwmp-2021,4534,4534,SOMPURA LAKE,LAKE,2021,,,temperature,25.0,,false,,degC,min,25.0,nwmp-2021
nwmp-2021,4534,4534,SOMPURA LAKE,LAKE,2021,,,temperature,25.1,,false,,degC,max,25.1,nwmp-2021
nwmp-2021,4534,4534,SOMPURA LAKE,LAKE,2021,,,dissolvedOxygen,4.2,,false,,mg/L,min,4.2,nwmp-2021
nwmp-2021,4534,4534,SOMPURA LAKE,LAKE,2021,,,dissolvedOxygen,7.2,,false,,mg/L,max,7.2,nwmp-2021
nwmp-2021,4534,4534,SOMPURA LAKE,LAKE,2021,,,ph,7.0,,false,,,min,7.0,nwmp-2021
nwmp-2021,4534,4534,SOMPURA LAKE,LAKE,2021,,,ph,7.7,,false,,,max,7.7,nwmp-2021
nwmp-2021,4534,4534,SOMPURA LAKE,LAKE,2021,,,conductivity,239,,false,,uS/cm,min,239,nwmp-2021
nwmp-2021,4534,4534,SOMPURA LAKE,LAKE,2021,,,conductivity,532,,false,,uS/cm,max,532,nwmp-2021
nwmp-2021,4534,4534,SOMPURA LAKE,LAKE,2021,,,bod,2.0,,false,,mg/L,min,2.0,nwmp-2021
nwmp-2021,4534,4534,SOMPURA LAKE,LAKE,2021,,,bod,6.0,,false,,mg/L,max,6.0,nwmp-2021
nwmp-2021,4534,4534,SOMPURA LAKE,LAKE,2021,,,nitrateNitrite,0.60,,false,,mg/L as N,min,0.60,nwmp-2021
nwmp-2021,4534,4534,SOMPURA LAKE,LAKE,2021,,,nitrateNitrite,2.10,,false,,mg/L as N,max,2.10,nwmp-2021
nwmp-2021,4534,4534,SOMPURA LAKE,LAKE,2021,,,fecalColiform,2300,,false,,MPN/100mL,min,2300,nwmp-2021
nwmp-2021,4534,4534,SOMPURA LAKE,LAKE,2021,,,fecalColiform,110000,,false,,MPN/100mL,max,110000,nwmp-2021
nwmp-2021,4534,4534,SOMPURA LAKE,LAKE,2021,,,totalColiform,24000,,false,,MPN/100mL,min,24000,nwmp-2021
nwmp-2021,4534,4534,SOMPURA LAKE,LAKE,2021,,,totalColiform,920000,,false,,MPN/100mL,max,920000,nwmp-2021
nwmp-2021,4547,4547,SWARANA KUNTE,LAKE,2021,,,temperature,25.0,,false,,degC,min,25.0,nwmp-2021
nwmp-2021,4547,4547,SWARANA KUNTE,LAKE,2021,,,temperature,25.0,,false,,degC,max,25.0,nwmp-2021
nwmp-2021,4547,4547,SWARANA KUNTE,LAKE,2021,,,dissolvedOxygen,4.2,,false,,mg/L,min,4.2,nwmp-2021
nwmp-2021,4547,4547,SWARANA KUNTE,LAKE,2021,,,dissolvedOxygen,6.8,,false,,mg/L,max,6.8,nwmp-2021
nwmp-2021,4547,4547,SWARANA KUNTE,LAKE,2021,,,ph,6.5,,false,,,min,6.5,nwmp-2021
nwmp-2021,4547,4547,SWARANA KUNTE,LAKE,2021,,,ph,8.5,,false,,,max,8.5,nwmp-2021
nwmp-2021,4547,4547,SWARANA KUNTE,LAKE,2021,,,conductivity,444,,false,,uS/cm,min,444,nwmp-2021
nwmp-2021,4547,4547,SWARANA KUNTE,LAKE,2021,,,conductivity,1320,,false,,uS/cm,max,1320,nwmp-2021
nwmp-2021,4547,4547,SWARANA KUNTE,LAKE,2021,,,bod,3.0,,false,,mg/L,min,3.0,nwmp-2021
nwmp-2021,4547,4547,SWARANA KUNTE,LAKE,2021,,,bod,9.0,,false,,mg/L,max,9.0,nwmp-2021
nwmp-2021,4547,4547,SWARANA KUNTE,LAKE,2021,,,nitrateNitrite,0.50,,false,,mg/L as N,min,0.50,nwmp-2021
nwmp-2021,4547,4547,SWARANA KUNTE,LAKE,2021,,,nitrateNitrite,3.00,,false,,mg/L as N,max,3.00,nwmp-2021
nwmp-2021,4547,4547,SWARANA KUNTE,LAKE,2021,,,fecalColiform,2300,,false,,MPN/100mL,min,2300,nwmp-2021
nwmp-2021,4547,4547,SWARANA KUNTE,LAKE,2021,,,fecalColiform,120000,,false,,MPN/100mL,max,120000,nwmp-2021
nwmp-2021,4547,4547,SWARANA KUNTE,LAKE,2021,,,totalColiform,24000,,false,,MPN/100mL,min,24000,nwmp-2021
nwmp-2021,4547,4547,SWARANA KUNTE,LAKE,2021,,,totalColiform,1600000,,false,,MPN/100mL,max,1600000,nwmp-2021
nwmp-2021,3610,3610,TUBRAHALLI LAKE,LAKE,2021,,,temperature,25.0,,false,,degC,min,25.0,nwmp-2021
nwmp-2021,3610,3610,TUBRAHALLI LAKE,LAKE,2021,,,temperature,25.0,,false,,degC,max,25.0,nwmp-2021
nwmp-2021,3610,3610,TUBRAHALLI LAKE,LAKE,2021,,,dissolvedOxygen,0.3,,false,,mg/L,min,0.3,nwmp-2021
nwmp-2021,3610,3610,TUBRAHALLI LAKE,LAKE,2021,,,dissolvedOxygen,4.8,,false,,mg/L,max,4.8,nwmp-2021
nwmp-2021,3610,3610,TUBRAHALLI LAKE,LAKE,2021,,,ph,6.7,,false,,,min,6.7,nwmp-2021
nwmp-2021,3610,3610,TUBRAHALLI LAKE,LAKE,2021,,,ph,8.1,,false,,,max,8.1,nwmp-2021
nwmp-2021,3610,3610,TUBRAHALLI LAKE,LAKE,2021,,,conductivity,1109,,false,,uS/cm,min,1109,nwmp-2021
nwmp-2021,3610,3610,TUBRAHALLI LAKE,LAKE,2021,,,conductivity,1593,,false,,uS/cm,max,1593,nwmp-2021
nwmp-2021,3610,3610,TUBRAHALLI LAKE,LAKE,2021,,,bod,7.0,,false,,mg/L,min,7.0,nwmp-2021
nwmp-2021,3610,3610,TUBRAHALLI LAKE,LAKE,2021,,,bod,81.0,,false,,mg/L,max,81.0,nwmp-2021
nwmp-2021,3610,3610,TUBRAHALLI LAKE,LAKE,2021,,,nitrateNitrite,0.40,,false,,mg/L as N,min,0.40,nwmp-2021
nwmp-2021,3610,3610,TUBRAHALLI LAKE,LAKE,2021,,,nitrateNitrite,3.00,,false,,mg/L as N,max,3.00,nwmp-2021
nwmp-2021,3610,3610,TUBRAHALLI LAKE,LAKE,2021,,,fecalColiform,9400,,false,,MPN/100mL,min,9400,nwmp-2021
nwmp-2021,3610,3610,TUBRAHALLI LAKE,LAKE,2021,,,fecalColiform,13000,,false,,MPN/100mL,max,13000,nwmp-2021
nwmp-2021,3610,3610,TUBRAHALLI LAKE,LAKE,2021,,,totalColiform,54000,,false,,MPN/100mL,min,54000,nwmp-2021
nwmp-2021,3610,3610,TUBRAHALLI LAKE,LAKE,2021,,,totalColiform,160000,,false,,MPN/100mL,max,160000,nwmp-2021
nwmp-2021,4533,4533,ULLALU LAKE,LAKE,2021,,,temperature,25.0,,false,,degC,min,25.0,nwmp-2021
nwmp-2021,4533,4533,ULLALU LAKE,LAKE,2021,,,temperature,25.0,,false,,degC,max,25.0,nwmp-2021
nwmp-2021,4533,4533,ULLALU LAKE,LAKE,2021,,,dissolvedOxygen,2.0,,false,,mg/L,min,2.0,nwmp-2021
nwmp-2021,4533,4533,ULLALU LAKE,LAKE,2021,,,dissolvedOxygen,6.3,,false,,mg/L,max,6.3,nwmp-2021
nwmp-2021,4533,4533,ULLALU LAKE,LAKE,2021,,,ph,6.5,,false,,,min,6.5,nwmp-2021
nwmp-2021,4533,4533,ULLALU LAKE,LAKE,2021,,,ph,7.7,,false,,,max,7.7,nwmp-2021
nwmp-2021,4533,4533,ULLALU LAKE,LAKE,2021,,,conductivity,369,,false,,uS/cm,min,369,nwmp-2021
nwmp-2021,4533,4533,ULLALU LAKE,LAKE,2021,,,conductivity,1561,,false,,uS/cm,max,1561,nwmp-2021
nwmp-2021,4533,4533,ULLALU LAKE,LAKE,2021,,,bod,3.0,,false,,mg/L,min,3.0,nwmp-2021
nwmp-2021,4533,4533,ULLALU LAKE,LAKE,2021,,,bod,15.0,,false,,mg/L,max,15.0,nwmp-2021
nwmp-2021,4533,4533,ULLALU LAKE,LAKE,2021,,,nitrateNitrite,0.58,,false,,mg/L as N,min,0.58,nwmp-2021
nwmp-2021,4533,4533,ULLALU LAKE,LAKE,2021,,,nitrateNitrite,25.00,,false,,mg/L as N,max,25.00,nwmp-2021
nwmp-2021,4533,4533,ULLALU LAKE,LAKE,2021,,,fecalColiform,3400,,false,,MPN/100mL,min,3400,nwmp-2021
nwmp-2021,4533,4533,ULLALU LAKE,LAKE,2021,,,fecalColiform,630000,,false,,MPN/100mL,max,630000,nwmp-2021
nwmp-2021,4533,4533,ULLALU LAKE,LAKE,2021,,,totalColiform,24000,,false,,MPN/100mL,min,24000,nwmp-2021
nwmp-2021,4533,4533,ULLALU LAKE,LAKE,2021,,,totalColiform,5400000,,false,,MPN/100mL,max,5400000,nwmp-2021
nwmp-2021,3593,3593,ULSOOR LAKE TEMPLE,LAKE,2021,,,temperature,25.0,,false,,degC,min,25.0,nwmp-2021
nwmp-2021,3593,3593,ULSOOR LAKE TEMPLE,LAKE,2021,,,temperature,25.0,,false,,degC,max,25.0,nwmp-2021
nwmp-2021,3593,3593,ULSOOR LAKE TEMPLE,LAKE,2021,,,dissolvedOxygen,1.8,,false,,mg/L,min,1.8,nwmp-2021
nwmp-2021,3593,3593,ULSOOR LAKE TEMPLE,LAKE,2021,,,dissolvedOxygen,7.0,,false,,mg/L,max,7.0,nwmp-2021
nwmp-2021,3593,3593,ULSOOR LAKE TEMPLE,LAKE,2021,,,ph,6.6,,false,,,min,6.6,nwmp-2021
nwmp-2021,3593,3593,ULSOOR LAKE TEMPLE,LAKE,2021,,,ph,8.8,,false,,,max,8.8,nwmp-2021
nwmp-2021,3593,3593,ULSOOR LAKE TEMPLE,LAKE,2021,,,conductivity,254,,false,,uS/cm,min,254,nwmp-2021
nwmp-2021,3593,3593,ULSOOR LAKE TEMPLE,LAKE,2021,,,conductivity,551,,false,,uS/cm,max,551,nwmp-2021
nwmp-2021,3593,3593,ULSOOR LAKE TEMPLE,LAKE,2021,,,bod,3.0,,false,,mg/L,min,3.0,nwmp-2021
nwmp-2021,3593,3593,ULSOOR LAKE TEMPLE,LAKE,2021,,,bod,42.0,,false,,mg/L,max,42.0,nwmp-2021
nwmp-2021,3593,3593,ULSOOR LAKE TEMPLE,LAKE,2021,,,nitrateNitrite,0.30,,false,,mg/L as N,min,0.30,nwmp-2021
nwmp-2021,3593,3593,ULSOOR LAKE TEMPLE,LAKE,2021,,,nitrateNitrite,2.01,,false,,mg/L as N,max,2.01,nwmp-2021
nwmp-2021,3593,3593,ULSOOR LAKE TEMPLE,LAKE,2021,,,fecalColiform,4000,,false,,MPN/100mL,min,4000,nwmp-2021
nwmp-2021,3593,3593,ULSOOR LAKE TEMPLE,LAKE,2021,,,fecalColiform,700000,,false,,MPN/100mL,max,700000,nwmp-2021
nwmp-2021,3593,3593,ULSOOR LAKE TEMPLE,LAKE,2021,,,totalColiform,24000,,false,,MPN/100mL,min,24000,nwmp-2021
nwmp-2021,3593,3593,ULSOOR LAKE TEMPLE,LAKE,2021,,,totalColiform,3500000,,false,,MPN/100mL,max,3500000,nwmp-2021
nwmp-2021,1388,1388,"ULSOOR LAKE TRAINING CENTRE OF FISH BREEDING,",LAKE,2021,,,temperature,25.0,,false,,degC,min,25.0,nwmp-2021
nwmp-2021,1388,1388,"ULSOOR LAKE TRAINING CENTRE OF FISH BREEDING,",LAKE,2021,,,temperature,25.0,,false,,degC,max,25.0,nwmp-2021
nwmp-2021,1388,1388,"ULSOOR LAKE TRAINING CENTRE OF FISH BREEDING,",LAKE,2021,,,dissolvedOxygen,2.0,,false,,mg/L,min,2.0,nwmp-2021
nwmp-2021,1388,1388,"ULSOOR LAKE TRAINING CENTRE OF FISH BREEDING,",LAKE,2021,,,dissolvedOxygen,6.8,,false,,mg/L,max,6.8,nwmp-2021
nwmp-2021,1388,1388,"ULSOOR LAKE TRAINING CENTRE OF FISH BREEDING,",LAKE,2021,,,ph,6.8,,false,,,min,6.8,nwmp-2021
nwmp-2021,1388,1388,"ULSOOR LAKE TRAINING CENTRE OF FISH BREEDING,",LAKE,2021,,,ph,8.5,,false,,,max,8.5,nwmp-2021
nwmp-2021,1388,1388,"ULSOOR LAKE TRAINING CENTRE OF FISH BREEDING,",LAKE,2021,,,conductivity,253,,false,,uS/cm,min,253,nwmp-2021
nwmp-2021,1388,1388,"ULSOOR LAKE TRAINING CENTRE OF FISH BREEDING,",LAKE,2021,,,conductivity,570,,false,,uS/cm,max,570,nwmp-2021
nwmp-2021,1388,1388,"ULSOOR LAKE TRAINING CENTRE OF FISH BREEDING,",LAKE,2021,,,bod,3.0,,false,,mg/L,min,3.0,nwmp-2021
nwmp-2021,1388,1388,"ULSOOR LAKE TRAINING CENTRE OF FISH BREEDING,",LAKE,2021,,,bod,38.0,,false,,mg/L,max,38.0,nwmp-2021
nwmp-2021,1388,1388,"ULSOOR LAKE TRAINING CENTRE OF FISH BREEDING,",LAKE,2021,,,nitrateNitrite,0.67,,false,,mg/L as N,min,0.67,nwmp-2021
nwmp-2021,1388,1388,"ULSOOR LAKE TRAINING CENTRE OF FISH BREEDING,",LAKE,2021,,,nitrateNitrite,2.00,,false,,mg/L as N,max,2.00,nwmp-2021
nwmp-2021,1388,1388,"ULSOOR LAKE TRAINING CENTRE OF FISH BREEDING,",LAKE,2021,,,fecalColiform,2300,,false,,MPN/100mL,min,2300,nwmp-2021
nwmp-2021,1388,1388,"ULSOOR LAKE TRAINING CENTRE OF FISH BREEDING,",LAKE,2021,,,fecalColiform,490000,,false,,MPN/100mL,max,490000,nwmp-2021
nwmp-2021,1388,1388,"ULSOOR LAKE TRAINING CENTRE OF FISH BREEDING,",LAKE,2021,,,totalColiform,24000,,false,,MPN/100mL,min,24000,nwmp-2021
nwmp-2021,1388,1388,"ULSOOR LAKE TRAINING CENTRE OF FISH BREEDING,",LAKE,2021,,,totalColiform,2400000,,false,,MPN/100mL,max,2400000,nwmp-2021
nwmp-2021,3608,3608,VARTHUR LAKE,LAKE,2021,,,temperature,25.0,,false,,degC,min,25.0,nwmp-2021
nwmp-2021,3608,3608,VARTHUR LAKE,LAKE,2021,,,temperature,26.0,,false,,degC,max,26.0,nwmp-2021
nwmp-2021,3608,3608,VARTHUR LAKE,LAKE,2021,,,dissolvedOxygen,0.3,,false,,mg/L,min,0.3,nwmp-2021
nwmp-2021,3608,3608,VARTHUR LAKE,LAKE,2021,,,dissolvedOxygen,4.8,,false,,mg/L,max,4.8,nwmp-2021
nwmp-2021,3608,3608,VARTHUR LAKE,LAKE,2021,,,ph,6.5,,false,,,min,6.5,nwmp-2021
nwmp-2021,3608,3608,VARTHUR LAKE,LAKE,2021,,,ph,7.7,,false,,,max,7.7,nwmp-2021
nwmp-2021,3608,3608,VARTHUR LAKE,LAKE,2021,,,conductivity,798,,false,,uS/cm,min,798,nwmp-2021
nwmp-2021,3608,3608,VARTHUR LAKE,LAKE,2021,,,conductivity,1347,,false,,uS/cm,max,1347,nwmp-2021
nwmp-2021,3608,3608,VARTHUR LAKE,LAKE,2021,,,bod,6.0,,false,,mg/L,min,6.0,nwmp-2021
nwmp-2021,3608,3608,VARTHUR LAKE,LAKE,2021,,,bod,60.0,,false,,mg/L,max,60.0,nwmp-2021
nwmp-2021,3608,3608,VARTHUR LAKE,LAKE,2021,,,nitrateNitrite,1.00,,false,,mg/L as N,min,1.00,nwmp-2021
nwmp-2021,3608,3608,VARTHUR LAKE,LAKE,2021,,,nitrateNitrite,19.00,,false,,mg/L as N,max,19.00,nwmp-2021
nwmp-2021,3608,3608,VARTHUR LAKE,LAKE,2021,,,fecalColiform,11000,,false,,MPN/100mL,min,11000,nwmp-2021
nwmp-2021,3608,3608,VARTHUR LAKE,LAKE,2021,,,fecalColiform,1500000000,,false,,MPN/100mL,max,1500000000,nwmp-2021
nwmp-2021,3608,3608,VARTHUR LAKE,LAKE,2021,,,totalColiform,160000,,false,,MPN/100mL,min,160000,nwmp-2021
nwmp-2021,3608,3608,VARTHUR LAKE,LAKE,2021,,,totalColiform,1600000000,,false,,MPN/100mL,max,1600000000,nwmp-2021
nwmp-2021,4527,4527,WHITEFIELD KERE,LAKE,2021,,,temperature,24.0,,false,,degC,min,24.0,nwmp-2021
nwmp-2021,4527,4527,WHITEFIELD KERE,LAKE,2021,,,temperature,25.0,,false,,degC,max,25.0,nwmp-2021
nwmp-2021,4527,4527,WHITEFIELD KERE,LAKE,2021,,,dissolvedOxygen,0.3,,false,,mg/L,min,0.3,nwmp-2021
nwmp-2021,4527,4527,WHITEFIELD KERE,LAKE,2021,,,dissolvedOxygen,6.9,,false,,mg/L,max,6.9,nwmp-2021
nwmp-2021,4527,4527,WHITEFIELD KERE,LAKE,2021,,,ph,6.6,,false,,,min,6.6,nwmp-2021
nwmp-2021,4527,4527,WHITEFIELD KERE,LAKE,2021,,,ph,8.4,,false,,,max,8.4,nwmp-2021
nwmp-2021,4527,4527,WHITEFIELD KERE,LAKE,2021,,,conductivity,496,,false,,uS/cm,min,496,nwmp-2021
nwmp-2021,4527,4527,WHITEFIELD KERE,LAKE,2021,,,conductivity,889,,false,,uS/cm,max,889,nwmp-2021
nwmp-2021,4527,4527,WHITEFIELD KERE,LAKE,2021,,,bod,4.0,,false,,mg/L,min,4.0,nwmp-2021
nwmp-2021,4527,4527,WHITEFIELD KERE,LAKE,2021,,,bod,62.0,,false,,mg/L,max,62.0,nwmp-2021
nwmp-2021,4527,4527,WHITEFIELD KERE,LAKE,2021,,,nitrateNitrite,0.30,,false,,mg/L as N,min,0.30,nwmp-2021
nwmp-2021,4527,4527,WHITEFIELD KERE,LAKE,2021,,,nitrateNitrite,13.40,,false,,mg/L as N,max,13.40,nwmp-2021
nwmp-2021,4527,4527,WHITEFIELD KERE,LAKE,2021,,,fecalColiform,3300,,false,,MPN/100mL,min,3300,nwmp-2021
nwmp-2021,4527,4527,WHITEFIELD KERE,LAKE,2021,,,fecalColiform,150000,,false,,MPN/100mL,max,150000,nwmp-2021
nwmp-2021,4527,4527,WHITEFIELD KERE,LAKE,2021,,,totalColiform,24000,,false,,MPN/100mL,min,24000,nwmp-2021
nwmp-2021,4527,4527,WHITEFIELD KERE,LAKE,2021,,,totalColiform,1600000,,false,,MPN/100mL,max,1600000,nwmp-2021
nwmp-2021,3592,3592,YEDIYUR LAKE,LAKE,2021,,,temperature,25.0,,false,,degC,min,25.0,nwmp-2021
nwmp-2021,3592,3592,YEDIYUR LAKE,LAKE,2021,,,temperature,25.0,,false,,degC,max,25.0,nwmp-2021
nwmp-2021,3592,3592,YEDIYUR LAKE,LAKE,2021,,,dissolvedOxygen,4.1,,false,,mg/L,min,4.1,nwmp-2021
nwmp-2021,3592,3592,YEDIYUR LAKE,LAKE,2021,,,dissolvedOxygen,7.1,,false,,mg/L,max,7.1,nwmp-2021
nwmp-2021,3592,3592,YEDIYUR LAKE,LAKE,2021,,,ph,6.5,,false,,,min,6.5,nwmp-2021
nwmp-2021,3592,3592,YEDIYUR LAKE,LAKE,2021,,,ph,8.2,,false,,,max,8.2,nwmp-2021
nwmp-2021,3592,3592,YEDIYUR LAKE,LAKE,2021,,,conductivity,201,,false,,uS/cm,min,201,nwmp-2021
nwmp-2021,3592,3592,YEDIYUR LAKE,LAKE,2021,,,conductivity,334,,false,,uS/cm,max,334,nwmp-2021
nwmp-2021,3592,3592,YEDIYUR LAKE,LAKE,2021,,,bod,3.0,,false,,mg/L,min,3.0,nwmp-2021
nwmp-2021,3592,3592,YEDIYUR LAKE,LAKE,2021,,,bod,18.0,,false,,mg/L,max,18.0,nwmp-2021
nwmp-2021,3592,3592,YEDIYUR LAKE,LAKE,2021,,,nitrateNitrite,0.60,,false,,mg/L as N,min,0.60,nwmp-2021
nwmp-2021,3592,3592,YEDIYUR LAKE,LAKE,2021,,,nitrateNitrite,2.40,,false,,mg/L as N,max,2.40,nwmp-2021
nwmp-2021,3592,3592,YEDIYUR LAKE,LAKE,2021,,,fecalColiform,4600,,false,,MPN/100mL,min,4600,nwmp-2021
nwmp-2021,3592,3592,YEDIYUR LAKE,LAKE,2021,,,fecalColiform,46000,,false,,MPN/100mL,max,46000,nwmp-2021
nwmp-2021,3592,3592,YEDIYUR LAKE,LAKE,2021,,,totalColiform,24000,,false,,MPN/100mL,min,24000,nwmp-2021
nwmp-2021,3592,3592,YEDIYUR LAKE,LAKE,2021,,,totalColiform,920000,,false,,MPN/100mL,max,920000,nwmp-2021
nwmp-2021,3585,3585,YENNEHOLE LAKE,LAKE,2021,,,temperature,21.0,,false,,degC,min,21.0,nwmp-2021
nwmp-2021,3585,3585,YENNEHOLE LAKE,LAKE,2021,,,temperature,33.0,,false,,degC,max,33.0,nwmp-2021
nwmp-2021,3585,3585,YENNEHOLE LAKE,LAKE,2021,,,dissolvedOxygen,1.0,,false,,mg/L,min,1.0,nwmp-2021
nwmp-2021,3585,3585,YENNEHOLE LAKE,LAKE,2021,,,dissolvedOxygen,3.9,,false,,mg/L,max,3.9,nwmp-2021
nwmp-2021,3585,3585,YENNEHOLE LAKE,LAKE,2021,,,ph,7.0,,false,,,min,7.0,nwmp-2021
nwmp-2021,3585,3585,YENNEHOLE LAKE,LAKE,2021,,,ph,8.5,,false,,,max,8.5,nwmp-2021
nwmp-2021,3585,3585,YENNEHOLE LAKE,LAKE,2021,,,conductivity,742,,false,,uS/cm,min,742,nwmp-2021
nwmp-2021,3585,3585,YENNEHOLE LAKE,LAKE,2021,,,conductivity,1252,,false,,uS/cm,max,1252,nwmp-2021
nwmp-2021,3585,3585,YENNEHOLE LAKE,LAKE,2021,,,bod,1.4,,false,,mg/L,min,1.4,nwmp-2021
nwmp-2021,3585,3585,YENNEHOLE LAKE,LAKE,2021,,,bod,14.0,,false,,mg/L,max,14.0,nwmp-2021
nwmp-2021,3585,3585,YENNEHOLE LAKE,LAKE,2021,,,nitrateNitrite,2.50,,false,,mg/L as N,min,2.50,nwmp-2021
nwmp-2021,3585,3585,YENNEHOLE LAKE,LAKE,2021,,,nitrateNitrite,7.50,,false,,mg/L as N,max,7.50,nwmp-2021
nwmp-2021,3585,3585,YENNEHOLE LAKE,LAKE,2021,,,fecalColiform,1300,,false,,MPN/100mL,min,1300,nwmp-2021
nwmp-2021,3585,3585,YENNEHOLE LAKE,LAKE,2021,,,fecalColiform,4900,,false,,MPN/100mL,max,4900,nwmp-2021
nwmp-2021,3585,3585,YENNEHOLE LAKE,LAKE,2021,,,totalColiform,7900,,false,,MPN/100mL,min,7900,nwmp-2021
nwmp-2021,3585,3585,YENNEHOLE LAKE,LAKE,2021,,,totalColiform,14000,,false,,MPN/100mL,max,14000,nwmp-2021
nwmp-2021,3696,3696,AIANAKERE TANK,TANK,2021,,,temperature,23.0,,false,,degC,min,23.0,nwmp-2021
nwmp-2021,3696,3696,AIANAKERE TANK,TANK,2021,,,temperature,32.0,,false,,degC,max,32.0,nwmp-2021
nwmp-2021,3696,3696,AIANAKERE TANK,TANK,2021,,,dissolvedOxygen,3.1,,false,,mg/L,min,3.1,nwmp-2021
nwmp-2021,3696,3696,AIANAKERE TANK,TANK,2021,,,dissolvedOxygen,7.2,,false,,mg/L,max,7.2,nwmp-2021
nwmp-2021,3696,3696,AIANAKERE TANK,TANK,2021,,,ph,8.0,,false,,,min,8.0,nwmp-2021
nwmp-2021,3696,3696,AIANAKERE TANK,TANK,2021,,,ph,8.3,,false,,,max,8.3,nwmp-2021
nwmp-2021,3696,3696,AIANAKERE TANK,TANK,2021,,,conductivity,654,,false,,uS/cm,min,654,nwmp-2021
nwmp-2021,3696,3696,AIANAKERE TANK,TANK,2021,,,conductivity,1980,,false,,uS/cm,max,1980,nwmp-2021
nwmp-2021,3696,3696,AIANAKERE TANK,TANK,2021,,,bod,4.0,,false,,mg/L,min,4.0,nwmp-2021
nwmp-2021,3696,3696,AIANAKERE TANK,TANK,2021,,,bod,132.0,,false,,mg/L,max,132.0,nwmp-2021
nwmp-2021,3696,3696,AIANAKERE TANK,TANK,2021,,,nitrateNitrite,0.30,,false,,mg/L as N,min,0.30,nwmp-2021
nwmp-2021,3696,3696,AIANAKERE TANK,TANK,2021,,,nitrateNitrite,1.40,,false,,mg/L as N,max,1.40,nwmp-2021
nwmp-2021,3696,3696,AIANAKERE TANK,TANK,2021,,,fecalColiform,,,false,,MPN/100mL,min,-,nwmp-2021
nwmp-2021,3696,3696,AIANAKERE TANK,TANK,2021,,,fecalColiform,,,false,,MPN/100mL,max,-,nwmp-2021
nwmp-2021,3696,3696,AIANAKERE TANK,TANK,2021,,,totalColiform,,,false,,MPN/100mL,min,-,nwmp-2021
nwmp-2021,3696,3696,AIANAKERE TANK,TANK,2021,,,totalColiform,,,false,,MPN/100mL,max,-,nwmp-2021
nwmp-2021,3629,3629,ALLASANDRA TANK,TANK,2021,,,temperature,25.0,,false,,degC,min,25.0,nwmp-2021
nwmp-2021,3629,3629,ALLASANDRA TANK,TANK,2021,,,temperature,25.0,,false,,degC,max,25.0,nwmp-2021
nwmp-2021,3629,3629,ALLASANDRA TANK,TANK,2021,,,dissolvedOxygen,4.0,,false,,mg/L,min,4.0,nwmp-2021
nwmp-2021,3629,3629,ALLASANDRA TANK,TANK,2021,,,dissolvedOxygen,6.4,,false,,mg/L,max,6.4,nwmp-2021
nwmp-2021,3629,3629,ALLASANDRA TANK,TANK,2021,,,ph,6.5,,false,,,min,6.5,nwmp-2021
nwmp-2021,3629,3629,ALLASANDRA TANK,TANK,2021,,,ph,8.4,,false,,,max,8.4,nwmp-2021
nwmp-2021,3629,3629,ALLASANDRA TANK,TANK,2021,,,conductivity,421,,false,,uS/cm,min,421,nwmp-2021
nwmp-2021,3629,3629,ALLASANDRA TANK,TANK,2021,,,conductivity,1223,,false,,uS/cm,max,1223,nwmp-2021
nwmp-2021,3629,3629,ALLASANDRA TANK,TANK,2021,,,bod,4.0,,false,,mg/L,min,4.0,nwmp-2021
nwmp-2021,3629,3629,ALLASANDRA TANK,TANK,2021,,,bod,8.5,,false,,mg/L,max,8.5,nwmp-2021
nwmp-2021,3629,3629,ALLASANDRA TANK,TANK,2021,,,nitrateNitrite,0.90,,false,,mg/L as N,min,0.90,nwmp-2021
nwmp-2021,3629,3629,ALLASANDRA TANK,TANK,2021,,,nitrateNitrite,5.00,,false,,mg/L as N,max,5.00,nwmp-2021
nwmp-2021,3629,3629,ALLASANDRA TANK,TANK,2021,,,fecalColiform,6300,,false,,MPN/100mL,min,6300,nwmp-2021
nwmp-2021,3629,3629,ALLASANDRA TANK,TANK,2021,,,fecalColiform,11000000,,false,,MPN/100mL,max,11000000,nwmp-2021
nwmp-2021,3629,3629,ALLASANDRA TANK,TANK,2021,,,totalColiform,54000,,false,,MPN/100mL,min,54000,nwmp-2021
nwmp-2021,3629,3629,ALLASANDRA TANK,TANK,2021,,,totalColiform,92000000,,false,,MPN/100mL,max,92000000,nwmp-2021
nwmp-2021,4541,4541,ALUR KERE,TANK,2021,,,temperature,25.0,,false,,degC,min,25.0,nwmp-2021
nwmp-2021,4541,4541,ALUR KERE,TANK,2021,,,temperature,25.0,,false,,degC,max,25.0,nwmp-2021
nwmp-2021,4541,4541,ALUR KERE,TANK,2021,,,dissolvedOxygen,4.2,,false,,mg/L,min,4.2,nwmp-2021
nwmp-2021,4541,4541,ALUR KERE,TANK,2021,,,dissolvedOxygen,6.9,,false,,mg/L,max,6.9,nwmp-2021
nwmp-2021,4541,4541,ALUR KERE,TANK,2021,,,ph,6.5,,false,,,min,6.5,nwmp-2021
nwmp-2021,4541,4541,ALUR KERE,TANK,2021,,,ph,7.3,,false,,,max,7.3,nwmp-2021
nwmp-2021,4541,4541,ALUR KERE,TANK,2021,,,conductivity,89,,false,,uS/cm,min,89,nwmp-2021
nwmp-2021,4541,4541,ALUR KERE,TANK,2021,,,conductivity,678,,false,,uS/cm,max,678,nwmp-2021
nwmp-2021,4541,4541,ALUR KERE,TANK,2021,,,bod,3.0,,false,,mg/L,min,3.0,nwmp-2021
nwmp-2021,4541,4541,ALUR KERE,TANK,2021,,,bod,16.0,,false,,mg/L,max,16.0,nwmp-2021
nwmp-2021,4541,4541,ALUR KERE,TANK,2021,,,nitrateNitrite,0.30,,false,,mg/L as N,min,0.30,nwmp-2021
nwmp-2021,4541,4541,ALUR KERE,TANK,2021,,,nitrateNitrite,2.00,,false,,mg/L as N,max,2.00,nwmp-2021
nwmp-2021,4541,4541,ALUR KERE,TANK,2021,,,fecalColiform,3300,,false,,MPN/100mL,min,3300,nwmp-2021
nwmp-2021,4541,4541,ALUR KERE,TANK,2021,,,fecalColiform,49000,,false,,MPN/100mL,max,49000,nwmp-2021
nwmp-2021,4541,4541,ALUR KERE,TANK,2021,,,totalColiform,35000,,false,,MPN/100mL,min,35000,nwmp-2021
nwmp-2021,4541,4541,ALUR KERE,TANK,2021,,,totalColiform,240000,,false,,MPN/100mL,max,240000,nwmp-2021
nwmp-2021,3623,3623,ANEKAL DODDAKERE TANK,TANK,2021,,,temperature,25.0,,false,,degC,min,25.0,nwmp-2021
nwmp-2021,3623,3623,ANEKAL DODDAKERE TANK,TANK,2021,,,temperature,25.0,,false,,degC,max,25.0,nwmp-2021
nwmp-2021,3623,3623,ANEKAL DODDAKERE TANK,TANK,2021,,,dissolvedOxygen,0.3,,false,,mg/L,min,0.3,nwmp-2021
nwmp-2021,3623,3623,ANEKAL DODDAKERE TANK,TANK,2021,,,dissolvedOxygen,7.3,,false,,mg/L,max,7.3,nwmp-2021
nwmp-2021,3623,3623,ANEKAL DODDAKERE TANK,TANK,2021,,,ph,6.6,,false,,,min,6.6,nwmp-2021
nwmp-2021,3623,3623,ANEKAL DODDAKERE TANK,TANK,2021,,,ph,8.0,,false,,,max,8.0,nwmp-2021
nwmp-2021,3623,3623,ANEKAL DODDAKERE TANK,TANK,2021,,,conductivity,414,,false,,uS/cm,min,414,nwmp-2021
nwmp-2021,3623,3623,ANEKAL DODDAKERE TANK,TANK,2021,,,conductivity,3020,,false,,uS/cm,max,3020,nwmp-2021
nwmp-2021,3623,3623,ANEKAL DODDAKERE TANK,TANK,2021,,,bod,2.0,,false,,mg/L,min,2.0,nwmp-2021
nwmp-2021,3623,3623,ANEKAL DODDAKERE TANK,TANK,2021,,,bod,69.0,,false,,mg/L,max,69.0,nwmp-2021
nwmp-2021,3623,3623,ANEKAL DODDAKERE TANK,TANK,2021,,,nitrateNitrite,0.72,,false,,mg/L as N,min,0.72,nwmp-2021
nwmp-2021,3623,3623,ANEKAL DODDAKERE TANK,TANK,2021,,,nitrateNitrite,11.10,,false,,mg/L as N,max,11.10,nwmp-2021
nwmp-2021,3623,3623,ANEKAL DODDAKERE TANK,TANK,2021,,,fecalColiform,3300,,false,,MPN/100mL,min,3300,nwmp-2021
nwmp-2021,3623,3623,ANEKAL DODDAKERE TANK,TANK,2021,,,fecalColiform,15000,,false,,MPN/100mL,max,15000,nwmp-2021
nwmp-2021,3623,3623,ANEKAL DODDAKERE TANK,TANK,2021,,,totalColiform,24000,,false,,MPN/100mL,min,24000,nwmp-2021
nwmp-2021,3623,3623,ANEKAL DODDAKERE TANK,TANK,2021,,,totalColiform,160000,,false,,MPN/100mL,max,160000,nwmp-2021
nwmp-2021,3681,3681,ANGOL MI TANK,TANK,2021,,,temperature,21.0,,false,,degC,min,21.0,nwmp-2021
nwmp-2021,3681,3681,ANGOL MI TANK,TANK,2021,,,temperature,33.0,,false,,degC,max,33.0,nwmp-2021
nwmp-2021,3681,3681,ANGOL MI TANK,TANK,2021,,,dissolvedOxygen,0.3,,false,,mg/L,min,0.3,nwmp-2021
nwmp-2021,3681,3681,ANGOL MI TANK,TANK,2021,,,dissolvedOxygen,8.0,,false,,mg/L,max,8.0,nwmp-2021
nwmp-2021,3681,3681,ANGOL MI TANK,TANK,2021,,,ph,6.6,,false,,,min,6.6,nwmp-2021
nwmp-2021,3681,3681,ANGOL MI TANK,TANK,2021,,,ph,9.5,,false,,,max,9.5,nwmp-2021
nwmp-2021,3681,3681,ANGOL MI TANK,TANK,2021,,,conductivity,293,,false,,uS/cm,min,293,nwmp-2021
nwmp-2021,3681,3681,ANGOL MI TANK,TANK,2021,,,conductivity,584,,false,,uS/cm,max,584,nwmp-2021
nwmp-2021,3681,3681,ANGOL MI TANK,TANK,2021,,,bod,3.7,,false,,mg/L,min,3.7,nwmp-2021
nwmp-2021,3681,3681,ANGOL MI TANK,TANK,2021,,,bod,57.0,,false,,mg/L,max,57.0,nwmp-2021
nwmp-2021,3681,3681,ANGOL MI TANK,TANK,2021,,,nitrateNitrite,0.32,,false,,mg/L as N,min,0.32,nwmp-2021
nwmp-2021,3681,3681,ANGOL MI TANK,TANK,2021,,,nitrateNitrite,5.46,,false,,mg/L as N,max,5.46,nwmp-2021
nwmp-2021,3681,3681,ANGOL MI TANK,TANK,2021,,,fecalColiform,1480,,false,,MPN/100mL,min,1480,nwmp-2021
nwmp-2021,3681,3681,ANGOL MI TANK,TANK,2021,,,fecalColiform,1840,,false,,MPN/100mL,max,1840,nwmp-2021
nwmp-2021,3681,3681,ANGOL MI TANK,TANK,2021,,,totalColiform,3200,,false,,MPN/100mL,min,3200,nwmp-2021
nwmp-2021,3681,3681,ANGOL MI TANK,TANK,2021,,,totalColiform,3200,,false,,MPN/100mL,max,3200,nwmp-2021
nwmp-2021,3638,3638,ANNAYAPPA TANK,TANK,2021,,,temperature,25.0,,false,,degC,min,25.0,nwmp-2021
nwmp-2021,3638,3638,ANNAYAPPA TANK,TANK,2021,,,temperature,25.0,,false,,degC,max,25.0,nwmp-2021
nwmp-2021,3638,3638,ANNAYAPPA TANK,TANK,2021,,,dissolvedOxygen,4.0,,false,,mg/L,min,4.0,nwmp-2021
nwmp-2021,3638,3638,ANNAYAPPA TANK,TANK,2021,,,dissolvedOxygen,7.0,,false,,mg/L,max,7.0,nwmp-2021
nwmp-2021,3638,3638,ANNAYAPPA TANK,TANK,2021,,,ph,6.5,,false,,,min,6.5,nwmp-2021
nwmp-2021,3638,3638,ANNAYAPPA TANK,TANK,2021,,,ph,8.1,,false,,,max,8.1,nwmp-2021
nwmp-2021,3638,3638,ANNAYAPPA TANK,TANK,2021,,,conductivity,173,,false,,uS/cm,min,173,nwmp-2021
nwmp-2021,3638,3638,ANNAYAPPA TANK,TANK,2021,,,conductivity,493,,false,,uS/cm,max,493,nwmp-2021
nwmp-2021,3638,3638,ANNAYAPPA TANK,TANK,2021,,,bod,3.0,,false,,mg/L,min,3.0,nwmp-2021
nwmp-2021,3638,3638,ANNAYAPPA TANK,TANK,2021,,,bod,8.0,,false,,mg/L,max,8.0,nwmp-2021
nwmp-2021,3638,3638,ANNAYAPPA TANK,TANK,2021,,,nitrateNitrite,0.30,,false,,mg/L as N,min,0.30,nwmp-2021
nwmp-2021,3638,3638,ANNAYAPPA TANK,TANK,2021,,,nitrateNitrite,1.53,,false,,mg/L as N,max,1.53,nwmp-2021
nwmp-2021,3638,3638,ANNAYAPPA TANK,TANK,2021,,,fecalColiform,4100,,false,,MPN/100mL,min,4100,nwmp-2021
nwmp-2021,3638,3638,ANNAYAPPA TANK,TANK,2021,,,fecalColiform,46000,,false,,MPN/100mL,max,46000,nwmp-2021
nwmp-2021,3638,3638,ANNAYAPPA TANK,TANK,2021,,,totalColiform,24000,,false,,MPN/100mL,min,24000,nwmp-2021
nwmp-2021,3638,3638,ANNAYAPPA TANK,TANK,2021,,,totalColiform,540000,,false,,MPN/100mL,max,540000,nwmp-2021
nwmp-2021,3673,3673,AVALI KERE,TANK,2021,,,temperature,21.0,,false,,degC,min,21.0,nwmp-2021
nwmp-2021,3673,3673,AVALI KERE,TANK,2021,,,temperature,27.0,,false,,degC,max,27.0,nwmp-2021
nwmp-2021,3673,3673,AVALI KERE,TANK,2021,,,dissolvedOxygen,3.0,,false,,mg/L,min,3.0,nwmp-2021
nwmp-2021,3673,3673,AVALI KERE,TANK,2021,,,dissolvedOxygen,4.3,,false,,mg/L,max,4.3,nwmp-2021
nwmp-2021,3673,3673,AVALI KERE,TANK,2021,,,ph,7.3,,false,,,min,7.3,nwmp-2021
nwmp-2021,3673,3673,AVALI KERE,TANK,2021,,,ph,7.9,,false,,,max,7.9,nwmp-2021
nwmp-2021,3673,3673,AVALI KERE,TANK,2021,,,conductivity,980,,false,,uS/cm,min,980,nwmp-2021
nwmp-2021,3673,3673,AVALI KERE,TANK,2021,,,conductivity,1930,,false,,uS/cm,max,1930,nwmp-2021
nwmp-2021,3673,3673,AVALI KERE,TANK,2021,,,bod,3.8,,false,,mg/L,min,3.8,nwmp-2021
nwmp-2021,3673,3673,AVALI KERE,TANK,2021,,,bod,6.4,,false,,mg/L,max,6.4,nwmp-2021
nwmp-2021,3673,3673,AVALI KERE,TANK,2021,,,nitrateNitrite,0.70,,false,,mg/L as N,min,0.70,nwmp-2021
nwmp-2021,3673,3673,AVALI KERE,TANK,2021,,,nitrateNitrite,1.30,,false,,mg/L as N,max,1.30,nwmp-2021
nwmp-2021,3673,3673,AVALI KERE,TANK,2021,,,fecalColiform,130,,false,,MPN/100mL,min,130,nwmp-2021
nwmp-2021,3673,3673,AVALI KERE,TANK,2021,,,fecalColiform,930,,false,,MPN/100mL,max,930,nwmp-2021
nwmp-2021,3673,3673,AVALI KERE,TANK,2021,,,totalColiform,1100,,false,,MPN/100mL,min,1100,nwmp-2021
nwmp-2021,3673,3673,AVALI KERE,TANK,2021,,,totalColiform,4900,,false,,MPN/100mL,max,4900,nwmp-2021
nwmp-2021,3675,3675,B KATIHALLI KERE,TANK,2021,,,temperature,21.0,,false,,degC,min,21.0,nwmp-2021
nwmp-2021,3675,3675,B KATIHALLI KERE,TANK,2021,,,temperature,27.0,,false,,degC,max,27.0,nwmp-2021
nwmp-2021,3675,3675,B KATIHALLI KERE,TANK,2021,,,dissolvedOxygen,5.4,,false,,mg/L,min,5.4,nwmp-2021
nwmp-2021,3675,3675,B KATIHALLI KERE,TANK,2021,,,dissolvedOxygen,6.7,,false,,mg/L,max,6.7,nwmp-2021
nwmp-2021,3675,3675,B KATIHALLI KERE,TANK,2021,,,ph,7.4,,false,,,min,7.4,nwmp-2021
nwmp-2021,3675,3675,B KATIHALLI KERE,TANK,2021,,,ph,7.9,,false,,,max,7.9,nwmp-2021
nwmp-2021,3675,3675,B KATIHALLI KERE,TANK,2021,,,conductivity,290,,false,,uS/cm,min,290,nwmp-2021
nwmp-2021,3675,3675,B KATIHALLI KERE,TANK,2021,,,conductivity,450,,false,,uS/cm,max,450,nwmp-2021
nwmp-2021,3675,3675,B KATIHALLI KERE,TANK,2021,,,bod,2.0,,false,,mg/L,min,2.0,nwmp-2021
nwmp-2021,3675,3675,B KATIHALLI KERE,TANK,2021,,,bod,2.4,,false,,mg/L,max,2.4,nwmp-2021
nwmp-2021,3675,3675,B KATIHALLI KERE,TANK,2021,,,nitrateNitrite,0.30,,false,,mg/L as N,min,0.30,nwmp-2021
nwmp-2021,3675,3675,B KATIHALLI KERE,TANK,2021,,,nitrateNitrite,0.30,,false,,mg/L as N,max,0.30,nwmp-2021
nwmp-2021,3675,3675,B KATIHALLI KERE,TANK,2021,,,fecalColiform,110,,false,,MPN/100mL,min,110,nwmp-2021
nwmp-2021,3675,3675,B KATIHALLI KERE,TANK,2021,,,fecalColiform,140,,false,,MPN/100mL,max,140,nwmp-2021
nwmp-2021,3675,3675,B KATIHALLI KERE,TANK,2021,,,totalColiform,920,,false,,MPN/100mL,min,920,nwmp-2021
nwmp-2021,3675,3675,B KATIHALLI KERE,TANK,2021,,,totalColiform,1200,,false,,MPN/100mL,max,1200,nwmp-2021
nwmp-2021,3636,3636,BANDEMATTA TANK,TANK,2021,,,temperature,25.0,,false,,degC,min,25.0,nwmp-2021
nwmp-2021,3636,3636,BANDEMATTA TANK,TANK,2021,,,temperature,25.0,,false,,degC,max,25.0,nwmp-2021
nwmp-2021,3636,3636,BANDEMATTA TANK,TANK,2021,,,dissolvedOxygen,3.0,,false,,mg/L,min,3.0,nwmp-2021
nwmp-2021,3636,3636,BANDEMATTA TANK,TANK,2021,,,dissolvedOxygen,6.9,,false,,mg/L,max,6.9,nwmp-2021
nwmp-2021,3636,3636,BANDEMATTA TANK,TANK,2021,,,ph,6.5,,false,,,min,6.5,nwmp-2021
nwmp-2021,3636,3636,BANDEMATTA TANK,TANK,2021,,,ph,7.6,,false,,,max,7.6,nwmp-2021
nwmp-2021,3636,3636,BANDEMATTA TANK,TANK,2021,,,conductivity,196,,false,,uS/cm,min,196,nwmp-2021
nwmp-2021,3636,3636,BANDEMATTA TANK,TANK,2021,,,conductivity,1268,,false,,uS/cm,max,1268,nwmp-2021
nwmp-2021,3636,3636,BANDEMATTA TANK,TANK,2021,,,bod,5.0,,false,,mg/L,min,5.0,nwmp-2021
nwmp-2021,3636,3636,BANDEMATTA TANK,TANK,2021,,,bod,18.0,,false,,mg/L,max,18.0,nwmp-2021
nwmp-2021,3636,3636,BANDEMATTA TANK,TANK,2021,,,nitrateNitrite,0.40,,false,,mg/L as N,min,0.40,nwmp-2021
nwmp-2021,3636,3636,BANDEMATTA TANK,TANK,2021,,,nitrateNitrite,3.23,,false,,mg/L as N,max,3.23,nwmp-2021
nwmp-2021,3636,3636,BANDEMATTA TANK,TANK,2021,,,fecalColiform,6300,,false,,MPN/100mL,min,6300,nwmp-2021
nwmp-2021,3636,3636,BANDEMATTA TANK,TANK,2021,,,fecalColiform,33000,,false,,MPN/100mL,max,33000,nwmp-2021
nwmp-2021,3636,3636,BANDEMATTA TANK,TANK,2021,,,totalColiform,54000,,false,,MPN/100mL,min,54000,nwmp-2021
nwmp-2021,3636,3636,BANDEMATTA TANK,TANK,2021,,,totalColiform,240000,,false,,MPN/100mL,max,240000,nwmp-2021
nwmp-2021,3664,3664,BASAVANAHALLIKERE TANK,TANK,2021,,,temperature,25.0,,false,,degC,min,25.0,nwmp-2021
nwmp-2021,3664,3664,BASAVANAHALLIKERE TANK,TANK,2021,,,temperature,25.0,,false,,degC,max,25.0,nwmp-2021
nwmp-2021,3664,3664,BASAVANAHALLIKERE TANK,TANK,2021,,,dissolvedOxygen,5.9,,false,,mg/L,min,5.9,nwmp-2021
nwmp-2021,3664,3664,BASAVANAHALLIKERE TANK,TANK,2021,,,dissolvedOxygen,5.9,,false,,mg/L,max,5.9,nwmp-2021
nwmp-2021,3664,3664,BASAVANAHALLIKERE TANK,TANK,2021,,,ph,7.7,,false,,,min,7.7,nwmp-2021
nwmp-2021,3664,3664,BASAVANAHALLIKERE TANK,TANK,2021,,,ph,7.7,,false,,,max,7.7,nwmp-2021
nwmp-2021,3664,3664,BASAVANAHALLIKERE TANK,TANK,2021,,,conductivity,500,,false,,uS/cm,min,500,nwmp-2021
nwmp-2021,3664,3664,BASAVANAHALLIKERE TANK,TANK,2021,,,conductivity,500,,false,,uS/cm,max,500,nwmp-2021
nwmp-2021,3664,3664,BASAVANAHALLIKERE TANK,TANK,2021,,,bod,2.0,,false,,mg/L,min,2.0,nwmp-2021
nwmp-2021,3664,3664,BASAVANAHALLIKERE TANK,TANK,2021,,,bod,2.0,,false,,mg/L,max,2.0,nwmp-2021
nwmp-2021,3664,3664,BASAVANAHALLIKERE TANK,TANK,2021,,,nitrateNitrite,0.30,,false,,mg/L as N,min,0.30,nwmp-2021
nwmp-2021,3664,3664,BASAVANAHALLIKERE TANK,TANK,2021,,,nitrateNitrite,0.30,,false,,mg/L as N,max,0.30,nwmp-2021
nwmp-2021,3664,3664,BASAVANAHALLIKERE TANK,TANK,2021,,,fecalColiform,330,,false,,MPN/100mL,min,330,nwmp-2021
nwmp-2021,3664,3664,BASAVANAHALLIKERE TANK,TANK,2021,,,fecalColiform,330,,false,,MPN/100mL,max,330,nwmp-2021
nwmp-2021,3664,3664,BASAVANAHALLIKERE TANK,TANK,2021,,,totalColiform,2200,,false,,MPN/100mL,min,2200,nwmp-2021
nwmp-2021,3664,3664,BASAVANAHALLIKERE TANK,TANK,2021,,,totalColiform,2200,,false,,MPN/100mL,max,2200,nwmp-2021
nwmp-2021,3643,3643,BEENNIGANAHALLI TANK,TANK,2021,,,temperature,25.0,,false,,degC,min,25.0,nwmp-2021
nwmp-2021,3643,3643,BEENNIGANAHALLI TANK,TANK,2021,,,temperature,25.0,,false,,degC,max,25.0,nwmp-2021
nwmp-2021,3643,3643,BEENNIGANAHALLI TANK,TANK,2021,,,dissolvedOxygen,0.5,,false,,mg/L,min,0.5,nwmp-2021
nwmp-2021,3643,3643,BEENNIGANAHALLI TANK,TANK,2021,,,dissolvedOxygen,7.0,,false,,mg/L,max,7.0,nwmp-2021
nwmp-2021,3643,3643,BEENNIGANAHALLI TANK,TANK,2021,,,ph,6.6,,false,,,min,6.6,nwmp-2021
nwmp-2021,3643,3643,BEENNIGANAHALLI TANK,TANK,2021,,,ph,7.9,,false,,,max,7.9,nwmp-2021
nwmp-2021,3643,3643,BEENNIGANAHALLI TANK,TANK,2021,,,conductivity,304,,false,,uS/cm,min,304,nwmp-2021
nwmp-2021,3643,3643,BEENNIGANAHALLI TANK,TANK,2021,,,conductivity,1079,,false,,uS/cm,max,1079,nwmp-2021
nwmp-2021,3643,3643,BEENNIGANAHALLI TANK,TANK,2021,,,bod,3.0,,false,,mg/L,min,3.0,nwmp-2021
nwmp-2021,3643,3643,BEENNIGANAHALLI TANK,TANK,2021,,,bod,24.0,,false,,mg/L,max,24.0,nwmp-2021
nwmp-2021,3643,3643,BEENNIGANAHALLI TANK,TANK,2021,,,nitrateNitrite,0.73,,false,,mg/L as N,min,0.73,nwmp-2021
nwmp-2021,3643,3643,BEENNIGANAHALLI TANK,TANK,2021,,,nitrateNitrite,2.70,,false,,mg/L as N,max,2.70,nwmp-2021
nwmp-2021,3643,3643,BEENNIGANAHALLI TANK,TANK,2021,,,fecalColiform,3300,,false,,MPN/100mL,min,3300,nwmp-2021
nwmp-2021,3643,3643,BEENNIGANAHALLI TANK,TANK,2021,,,fecalColiform,70000,,false,,MPN/100mL,max,70000,nwmp-2021
nwmp-2021,3643,3643,BEENNIGANAHALLI TANK,TANK,2021,,,totalColiform,24000,,false,,MPN/100mL,min,24000,nwmp-2021
nwmp-2021,3643,3643,BEENNIGANAHALLI TANK,TANK,2021,,,totalColiform,1600000,,false,,MPN/100mL,max,1600000,nwmp-2021
nwmp-2021,3619,3619,BEGUR TANK,TANK,2021,,,temperature,25.0,,false,,degC,min,25.0,nwmp-2021
nwmp-2021,3619,3619,BEGUR TANK,TANK,2021,,,temperature,25.0,,false,,degC,max,25.0,nwmp-2021
nwmp-2021,3619,3619,BEGUR TANK,TANK,2021,,,dissolvedOxygen,4.1,,false,,mg/L,min,4.1,nwmp-2021
nwmp-2021,3619,3619,BEGUR TANK,TANK,2021,,,dissolvedOxygen,6.5,,false,,mg/L,max,6.5,nwmp-2021
nwmp-2021,3619,3619,BEGUR TANK,TANK,2021,,,ph,6.4,,false,,,min,6.4,nwmp-2021
nwmp-2021,3619,3619,BEGUR TANK,TANK,2021,,,ph,7.5,,false,,,max,7.5,nwmp-2021
nwmp-2021,3619,3619,BEGUR TANK,TANK,2021,,,conductivity,426,,false,,uS/cm,min,426,nwmp-2021
nwmp-2021,3619,3619,BEGUR TANK,TANK,2021,,,conductivity,1444,,false,,uS/cm,max,1444,nwmp-2021
nwmp-2021,3619,3619,BEGUR TANK,TANK,2021,,,bod,3.0,,false,,mg/L,min,3.0,nwmp-2021
nwmp-2021,3619,3619,BEGUR TANK,TANK,2021,,,bod,10.0,,false,,mg/L,max,10.0,nwmp-2021
nwmp-2021,3619,3619,BEGUR TANK,TANK,2021,,,nitrateNitrite,0.70,,false,,mg/L as N,min,0.70,nwmp-2021
nwmp-2021,3619,3619,BEGUR TANK,TANK,2021,,,nitrateNitrite,8.00,,false,,mg/L as N,max,8.00,nwmp-2021
nwmp-2021,3619,3619,BEGUR TANK,TANK,2021,,,fecalColiform,2700,,false,,MPN/100mL,min,2700,nwmp-2021
nwmp-2021,3619,3619,BEGUR TANK,TANK,2021,,,fecalColiform,110000,,false,,MPN/100mL,max,110000,nwmp-2021
nwmp-2021,3619,3619,BEGUR TANK,TANK,2021,,,totalColiform,24000,,false,,MPN/100mL,min,24000,nwmp-2021
nwmp-2021,3619,3619,BEGUR TANK,TANK,2021,,,totalColiform,920000,,false,,MPN/100mL,max,920000,nwmp-2021
nwmp-2021,3693,3693,BHATHIKERE TANK,TANK,2021,,,temperature,26.0,,false,,degC,min,26.0,nwmp-2021
nwmp-2021,3693,3693,BHATHIKERE TANK,TANK,2021,,,temperature,32.0,,false,,degC,max,32.0,nwmp-2021
nwmp-2021,3693,3693,BHATHIKERE TANK,TANK,2021,,,dissolvedOxygen,0.5,,false,,mg/L,min,0.5,nwmp-2021
nwmp-2021,3693,3693,BHATHIKERE TANK,TANK,2021,,,dissolvedOxygen,7.3,,false,,mg/L,max,7.3,nwmp-2021
nwmp-2021,3693,3693,BHATHIKERE TANK,TANK,2021,,,ph,7.1,,false,,,min,7.1,nwmp-2021
nwmp-2021,3693,3693,BHATHIKERE TANK,TANK,2021,,,ph,7.8,,false,,,max,7.8,nwmp-2021
nwmp-2021,3693,3693,BHATHIKERE TANK,TANK,2021,,,conductivity,260,,false,,uS/cm,min,260,nwmp-2021
nwmp-2021,3693,3693,BHATHIKERE TANK,TANK,2021,,,conductivity,890,,false,,uS/cm,max,890,nwmp-2021
nwmp-2021,3693,3693,BHATHIKERE TANK,TANK,2021,,,bod,3.0,,false,,mg/L,min,3.0,nwmp-2021
nwmp-2021,3693,3693,BHATHIKERE TANK,TANK,2021,,,bod,12.0,,false,,mg/L,max,12.0,nwmp-2021
nwmp-2021,3693,3693,BHATHIKERE TANK,TANK,2021,,,nitrateNitrite,0.30,,false,,mg/L as N,min,0.30,nwmp-2021
nwmp-2021,3693,3693,BHATHIKERE TANK,TANK,2021,,,nitrateNitrite,6.87,,false,,mg/L as N,max,6.87,nwmp-2021
nwmp-2021,3693,3693,BHATHIKERE TANK,TANK,2021,,,fecalColiform,,,false,,MPN/100mL,min,-,nwmp-2021
nwmp-2021,3693,3693,BHATHIKERE TANK,TANK,2021,,,fecalColiform,,,false,,MPN/100mL,max,-,nwmp-2021
nwmp-2021,3693,3693,BHATHIKERE TANK,TANK,2021,,,totalColiform,,,false,,MPN/100mL,min,-,nwmp-2021
nwmp-2021,3693,3693,BHATHIKERE TANK,TANK,2021,,,totalColiform,,,false,,MPN/100mL,max,-,nwmp-2021
nwmp-2021,3651,3651,BHEEMSANDRA TANK,TANK,2021,,,temperature,25.0,,false,,degC,min,25.0,nwmp-2021
nwmp-2021,3651,3651,BHEEMSANDRA TANK,TANK,2021,,,temperature,25.0,,false,,degC,max,25.0,nwmp-2021
nwmp-2021,3651,3651,BHEEMSANDRA TANK,TANK,2021,,,dissolvedOxygen,1.0,,false,,mg/L,min,1.0,nwmp-2021
nwmp-2021,3651,3651,BHEEMSANDRA TANK,TANK,2021,,,dissolvedOxygen,6.2,,false,,mg/L,max,6.2,nwmp-2021
nwmp-2021,3651,3651,BHEEMSANDRA TANK,TANK,2021,,,ph,6.7,,false,,,min,6.7,nwmp-2021
nwmp-2021,3651,3651,BHEEMSANDRA TANK,TANK,2021,,,ph,7.4,,false,,,max,7.4,nwmp-2021
nwmp-2021,3651,3651,BHEEMSANDRA TANK,TANK,2021,,,conductivity,740,,false,,uS/cm,min,740,nwmp-2021
nwmp-2021,3651,3651,BHEEMSANDRA TANK,TANK,2021,,,conductivity,1870,,false,,uS/cm,max,1870,nwmp-2021
nwmp-2021,3651,3651,BHEEMSANDRA TANK,TANK,2021,,,bod,4.0,,false,,mg/L,min,4.0,nwmp-2021
nwmp-2021,3651,3651,BHEEMSANDRA TANK,TANK,2021,,,bod,46.0,,false,,mg/L,max,46.0,nwmp-2021
nwmp-2021,3651,3651,BHEEMSANDRA TANK,TANK,2021,,,nitrateNitrite,2.00,,false,,mg/L as N,min,2.00,nwmp-2021
nwmp-2021,3651,3651,BHEEMSANDRA TANK,TANK,2021,,,nitrateNitrite,78.00,,false,,mg/L as N,max,78.00,nwmp-2021
nwmp-2021,3651,3651,BHEEMSANDRA TANK,TANK,2021,,,fecalColiform,3300,,false,,MPN/100mL,min,3300,nwmp-2021
nwmp-2021,3651,3651,BHEEMSANDRA TANK,TANK,2021,,,fecalColiform,110000,,false,,MPN/100mL,max,110000,nwmp-2021
nwmp-2021,3651,3651,BHEEMSANDRA TANK,TANK,2021,,,totalColiform,35000,,false,,MPN/100mL,min,35000,nwmp-2021
nwmp-2021,3651,3651,BHEEMSANDRA TANK,TANK,2021,,,totalColiform,920000,,false,,MPN/100mL,max,920000,nwmp-2021
nwmp-2021,3637,3637,BYRAMANGALA TANK,TANK,2021,,,temperature,25.0,,false,,degC,min,25.0,nwmp-2021
nwmp-2021,3637,3637,BYRAMANGALA TANK,TANK,2021,,,temperature,25.0,,false,,degC,max,25.0,nwmp-2021
nwmp-2021,3637,3637,BYRAMANGALA TANK,TANK,2021,,,dissolvedOxygen,2.2,,false,,mg/L,min,2.2,nwmp-2021
nwmp-2021,3637,3637,BYRAMANGALA TANK,TANK,2021,,,dissolvedOxygen,6.1,,false,,mg/L,max,6.1,nwmp-2021
nwmp-2021,3637,3637,BYRAMANGALA TANK,TANK,2021,,,ph,6.8,,false,,,min,6.8,nwmp-2021
nwmp-2021,3637,3637,BYRAMANGALA TANK,TANK,2021,,,ph,7.7,,false,,,max,7.7,nwmp-2021
nwmp-2021,3637,3637,BYRAMANGALA TANK,TANK,2021,,,conductivity,821,,false,,uS/cm,min,821,nwmp-2021
nwmp-2021,3637,3637,BYRAMANGALA TANK,TANK,2021,,,conductivity,1413,,false,,uS/cm,max,1413,nwmp-2021
nwmp-2021,3637,3637,BYRAMANGALA TANK,TANK,2021,,,bod,4.0,,false,,mg/L,min,4.0,nwmp-2021
nwmp-2021,3637,3637,BYRAMANGALA TANK,TANK,2021,,,bod,27.0,,false,,mg/L,max,27.0,nwmp-2021
nwmp-2021,3637,3637,BYRAMANGALA TANK,TANK,2021,,,nitrateNitrite,0.81,,false,,mg/L as N,min,0.81,nwmp-2021
nwmp-2021,3637,3637,BYRAMANGALA TANK,TANK,2021,,,nitrateNitrite,6.10,,false,,mg/L as N,max,6.10,nwmp-2021
nwmp-2021,3637,3637,BYRAMANGALA TANK,TANK,2021,,,fecalColiform,3300,,false,,MPN/100mL,min,3300,nwmp-2021
nwmp-2021,3637,3637,BYRAMANGALA TANK,TANK,2021,,,fecalColiform,120000,,false,,MPN/100mL,max,120000,nwmp-2021
nwmp-2021,3637,3637,BYRAMANGALA TANK,TANK,2021,,,totalColiform,24000,,false,,MPN/100mL,min,24000,nwmp-2021
nwmp-2021,3637,3637,BYRAMANGALA TANK,TANK,2021,,,totalColiform,920000,,false,,MPN/100mL,max,920000,nwmp-2021
nwmp-2021,3595,3595,BYRASANDRA TANK,TANK,2021,,,temperature,25.0,,false,,degC,min,25.0,nwmp-2021
nwmp-2021,3595,3595,BYRASANDRA TANK,TANK,2021,,,temperature,25.1,,false,,degC,max,25.1,nwmp-2021
nwmp-2021,3595,3595,BYRASANDRA TANK,TANK,2021,,,dissolvedOxygen,3.2,,false,,mg/L,min,3.2,nwmp-2021
nwmp-2021,3595,3595,BYRASANDRA TANK,TANK,2021,,,dissolvedOxygen,6.2,,false,,mg/L,max,6.2,nwmp-2021
nwmp-2021,3595,3595,BYRASANDRA TANK,TANK,2021,,,ph,6.5,,false,,,min,6.5,nwmp-2021
nwmp-2021,3595,3595,BYRASANDRA TANK,TANK,2021,,,ph,7.7,,false,,,max,7.7,nwmp-2021
nwmp-2021,3595,3595,BYRASANDRA TANK,TANK,2021,,,conductivity,274,,false,,uS/cm,min,274,nwmp-2021
nwmp-2021,3595,3595,BYRASANDRA TANK,TANK,2021,,,conductivity,1223,,false,,uS/cm,max,1223,nwmp-2021
nwmp-2021,3595,3595,BYRASANDRA TANK,TANK,2021,,,bod,3.0,,false,,mg/L,min,3.0,nwmp-2021
nwmp-2021,3595,3595,BYRASANDRA TANK,TANK,2021,,,bod,14.0,,false,,mg/L,max,14.0,nwmp-2021
nwmp-2021,3595,3595,BYRASANDRA TANK,TANK,2021,,,nitrateNitrite,0.94,,false,,mg/L as N,min,0.94,nwmp-2021
nwmp-2021,3595,3595,BYRASANDRA TANK,TANK,2021,,,nitrateNitrite,4.30,,false,,mg/L as N,max,4.30,nwmp-2021
nwmp-2021,3595,3595,BYRASANDRA TANK,TANK,2021,,,fecalColiform,4800,,false,,MPN/100mL,min,4800,nwmp-2021
nwmp-2021,3595,3595,BYRASANDRA TANK,TANK,2021,,,fecalColiform,150000,,false,,MPN/100mL,max,150000,nwmp-2021
nwmp-2021,3595,3595,BYRASANDRA TANK,TANK,2021,,,totalColiform,35000,,false,,MPN/100mL,min,35000,nwmp-2021
nwmp-2021,3595,3595,BYRASANDRA TANK,TANK,2021,,,totalColiform,1600000,,false,,MPN/100mL,max,1600000,nwmp-2021
nwmp-2021,4532,4532,CHANDAPURA LAKE,TANK,2021,,,temperature,25.0,,false,,degC,min,25.0,nwmp-2021
nwmp-2021,4532,4532,CHANDAPURA LAKE,TANK,2021,,,temperature,25.0,,false,,degC,max,25.0,nwmp-2021
nwmp-2021,4532,4532,CHANDAPURA LAKE,TANK,2021,,,dissolvedOxygen,0.3,,false,,mg/L,min,0.3,nwmp-2021
nwmp-2021,4532,4532,CHANDAPURA LAKE,TANK,2021,,,dissolvedOxygen,5.0,,false,,mg/L,max,5.0,nwmp-2021
nwmp-2021,4532,4532,CHANDAPURA LAKE,TANK,2021,,,ph,6.7,,false,,,min,6.7,nwmp-2021
nwmp-2021,4532,4532,CHANDAPURA LAKE,TANK,2021,,,ph,7.4,,false,,,max,7.4,nwmp-2021
nwmp-2021,4532,4532,CHANDAPURA LAKE,TANK,2021,,,conductivity,1099,,false,,uS/cm,min,1099,nwmp-2021
nwmp-2021,4532,4532,CHANDAPURA LAKE,TANK,2021,,,conductivity,2309,,false,,uS/cm,max,2309,nwmp-2021
nwmp-2021,4532,4532,CHANDAPURA LAKE,TANK,2021,,,bod,6.0,,false,,mg/L,min,6.0,nwmp-2021
nwmp-2021,4532,4532,CHANDAPURA LAKE,TANK,2021,,,bod,42.0,,false,,mg/L,max,42.0,nwmp-2021
nwmp-2021,4532,4532,CHANDAPURA LAKE,TANK,2021,,,nitrateNitrite,1.00,,false,,mg/L as N,min,1.00,nwmp-2021
nwmp-2021,4532,4532,CHANDAPURA LAKE,TANK,2021,,,nitrateNitrite,27.00,,false,,mg/L as N,max,27.00,nwmp-2021
nwmp-2021,4532,4532,CHANDAPURA LAKE,TANK,2021,,,fecalColiform,2300,,false,,MPN/100mL,min,2300,nwmp-2021
nwmp-2021,4532,4532,CHANDAPURA LAKE,TANK,2021,,,fecalColiform,460000,,false,,MPN/100mL,max,460000,nwmp-2021
nwmp-2021,4532,4532,CHANDAPURA LAKE,TANK,2021,,,totalColiform,24000,,false,,MPN/100mL,min,24000,nwmp-2021
nwmp-2021,4532,4532,CHANDAPURA LAKE,TANK,2021,,,totalColiform,3500000,,false,,MPN/100mL,max,3500000,nwmp-2021
nwmp-2021,3606,3606,DASARAHALLI TANK,TANK,2021,,,temperature,25.0,,false,,degC,min,25.0,nwmp-2021
nwmp-2021,3606,3606,DASARAHALLI TANK,TANK,2021,,,temperature,26.0,,false,,degC,max,26.0,nwmp-2021
nwmp-2021,3606,3606,DASARAHALLI TANK,TANK,2021,,,dissolvedOxygen,2.9,,false,,mg/L,min,2.9,nwmp-2021
nwmp-2021,3606,3606,DASARAHALLI TANK,TANK,2021,,,dissolvedOxygen,6.8,,false,,mg/L,max,6.8,nwmp-2021
nwmp-2021,3606,3606,DASARAHALLI TANK,TANK,2021,,,ph,6.1,,false,,,min,6.1,nwmp-2021
nwmp-2021,3606,3606,DASARAHALLI TANK,TANK,2021,,,ph,7.4,,false,,,max,7.4,nwmp-2021
nwmp-2021,3606,3606,DASARAHALLI TANK,TANK,2021,,,conductivity,194,,false,,uS/cm,min,194,nwmp-2021
nwmp-2021,3606,3606,DASARAHALLI TANK,TANK,2021,,,conductivity,1120,,false,,uS/cm,max,1120,nwmp-2021
nwmp-2021,3606,3606,DASARAHALLI TANK,TANK,2021,,,bod,2.0,,false,,mg/L,min,2.0,nwmp-2021
nwmp-2021,3606,3606,DASARAHALLI TANK,TANK,2021,,,bod,14.0,,false,,mg/L,max,14.0,nwmp-2021
nwmp-2021,3606,3606,DASARAHALLI TANK,TANK,2021,,,nitrateNitrite,0.51,,false,,mg/L as N,min,0.51,nwmp-2021
nwmp-2021,3606,3606,DASARAHALLI TANK,TANK,2021,,,nitrateNitrite,2.50,,false,,mg/L as N,max,2.50,nwmp-2021
nwmp-2021,3606,3606,DASARAHALLI TANK,TANK,2021,,,fecalColiform,3300,,false,,MPN/100mL,min,3300,nwmp-2021
nwmp-2021,3606,3606,DASARAHALLI TANK,TANK,2021,,,fecalColiform,40000,,false,,MPN/100mL,max,40000,nwmp-2021
nwmp-2021,3606,3606,DASARAHALLI TANK,TANK,2021,,,totalColiform,13000,,false,,MPN/100mL,min,13000,nwmp-2021
nwmp-2021,3606,3606,DASARAHALLI TANK,TANK,2021,,,totalColiform,350000,,false,,MPN/100mL,max,350000,nwmp-2021
nwmp-2021,3634,3634,DEVARAKERE TANK,TANK,2021,,,temperature,25.0,,false,,degC,min,25.0,nwmp-2021
nwmp-2021,3634,3634,DEVARAKERE TANK,TANK,2021,,,temperature,25.0,,false,,degC,max,25.0,nwmp-2021
nwmp-2021,3634,3634,DEVARAKERE TANK,TANK,2021,,,dissolvedOxygen,3.0,,false,,mg/L,min,3.0,nwmp-2021
nwmp-2021,3634,3634,DEVARAKERE TANK,TANK,2021,,,dissolvedOxygen,7.3,,false,,mg/L,max,7.3,nwmp-2021
nwmp-2021,3634,3634,DEVARAKERE TANK,TANK,2021,,,ph,6.5,,false,,,min,6.5,nwmp-2021
nwmp-2021,3634,3634,DEVARAKERE TANK,TANK,2021,,,ph,7.6,,false,,,max,7.6,nwmp-2021
nwmp-2021,3634,3634,DEVARAKERE TANK,TANK,2021,,,conductivity,271,,false,,uS/cm,min,271,nwmp-2021
nwmp-2021,3634,3634,DEVARAKERE TANK,TANK,2021,,,conductivity,2540,,false,,uS/cm,max,2540,nwmp-2021
nwmp-2021,3634,3634,DEVARAKERE TANK,TANK,2021,,,bod,3.0,,false,,mg/L,min,3.0,nwmp-2021
nwmp-2021,3634,3634,DEVARAKERE TANK,TANK,2021,,,bod,17.0,,false,,mg/L,max,17.0,nwmp-2021
nwmp-2021,3634,3634,DEVARAKERE TANK,TANK,2021,,,nitrateNitrite,0.30,,false,,mg/L as N,min,0.30,nwmp-2021
nwmp-2021,3634,3634,DEVARAKERE TANK,TANK,2021,,,nitrateNitrite,6.60,,false,,mg/L as N,max,6.60,nwmp-2021
nwmp-2021,3634,3634,DEVARAKERE TANK,TANK,2021,,,fecalColiform,4700,,false,,MPN/100mL,min,4700,nwmp-2021
nwmp-2021,3634,3634,DEVARAKERE TANK,TANK,2021,,,fecalColiform,94000,,false,,MPN/100mL,max,94000,nwmp-2021
nwmp-2021,3634,3634,DEVARAKERE TANK,TANK,2021,,,totalColiform,35000,,false,,MPN/100mL,min,35000,nwmp-2021
nwmp-2021,3634,3634,DEVARAKERE TANK,TANK,2021,,,totalColiform,920000,,false,,MPN/100mL,max,920000,nwmp-2021
nwmp-2021,3641,3641,DHOREKERE TANK,TANK,2021,,,temperature,25.0,,false,,degC,min,25.0,nwmp-2021
nwmp-2021,3641,3641,DHOREKERE TANK,TANK,2021,,,temperature,25.0,,false,,degC,max,25.0,nwmp-2021
nwmp-2021,3641,3641,DHOREKERE TANK,TANK,2021,,,dissolvedOxygen,0.3,,false,,mg/L,min,0.3,nwmp-2021
nwmp-2021,3641,3641,DHOREKERE TANK,TANK,2021,,,dissolvedOxygen,6.3,,false,,mg/L,max,6.3,nwmp-2021
nwmp-2021,3641,3641,DHOREKERE TANK,TANK,2021,,,ph,6.5,,false,,,min,6.5,nwmp-2021
nwmp-2021,3641,3641,DHOREKERE TANK,TANK,2021,,,ph,7.4,,false,,,max,7.4,nwmp-2021
nwmp-2021,3641,3641,DHOREKERE TANK,TANK,2021,,,conductivity,237,,false,,uS/cm,min,237,nwmp-2021
nwmp-2021,3641,3641,DHOREKERE TANK,TANK,2021,,,conductivity,1145,,false,,uS/cm,max,1145,nwmp-2021
nwmp-2021,3641,3641,DHOREKERE TANK,TANK,2021,,,bod,3.8,,false,,mg/L,min,3.8,nwmp-2021
nwmp-2021,3641,3641,DHOREKERE TANK,TANK,2021,,,bod,39.0,,false,,mg/L,max,39.0,nwmp-2021
nwmp-2021,3641,3641,DHOREKERE TANK,TANK,2021,,,nitrateNitrite,0.70,,false,,mg/L as N,min,0.70,nwmp-2021
nwmp-2021,3641,3641,DHOREKERE TANK,TANK,2021,,,nitrateNitrite,5.20,,false,,mg/L as N,max,5.20,nwmp-2021
nwmp-2021,3641,3641,DHOREKERE TANK,TANK,2021,,,fecalColiform,2300,,false,,MPN/100mL,min,2300,nwmp-2021
nwmp-2021,3641,3641,DHOREKERE TANK,TANK,2021,,,fecalColiform,120000,,false,,MPN/100mL,max,120000,nwmp-2021
nwmp-2021,3641,3641,DHOREKERE TANK,TANK,2021,,,totalColiform,24000,,false,,MPN/100mL,min,24000,nwmp-2021
nwmp-2021,3641,3641,DHOREKERE TANK,TANK,2021,,,totalColiform,920000,,false,,MPN/100mL,max,920000,nwmp-2021
nwmp-2021,3653,3653,DODDAKERE TANK,TANK,2021,,,temperature,25.0,,false,,degC,min,25.0,nwmp-2021
nwmp-2021,3653,3653,DODDAKERE TANK,TANK,2021,,,temperature,26.0,,false,,degC,max,26.0,nwmp-2021
nwmp-2021,3653,3653,DODDAKERE TANK,TANK,2021,,,dissolvedOxygen,4.8,,false,,mg/L,min,4.8,nwmp-2021
nwmp-2021,3653,3653,DODDAKERE TANK,TANK,2021,,,dissolvedOxygen,7.2,,false,,mg/L,max,7.2,nwmp-2021
nwmp-2021,3653,3653,DODDAKERE TANK,TANK,2021,,,ph,6.5,,false,,,min,6.5,nwmp-2021
nwmp-2021,3653,3653,DODDAKERE TANK,TANK,2021,,,ph,7.3,,false,,,max,7.3,nwmp-2021
nwmp-2021,3653,3653,DODDAKERE TANK,TANK,2021,,,conductivity,155,,false,,uS/cm,min,155,nwmp-2021
nwmp-2021,3653,3653,DODDAKERE TANK,TANK,2021,,,conductivity,406,,false,,uS/cm,max,406,nwmp-2021
nwmp-2021,3653,3653,DODDAKERE TANK,TANK,2021,,,bod,3.0,,false,,mg/L,min,3.0,nwmp-2021
nwmp-2021,3653,3653,DODDAKERE TANK,TANK,2021,,,bod,6.0,,false,,mg/L,max,6.0,nwmp-2021
nwmp-2021,3653,3653,DODDAKERE TANK,TANK,2021,,,nitrateNitrite,0.30,,false,,mg/L as N,min,0.30,nwmp-2021
nwmp-2021,3653,3653,DODDAKERE TANK,TANK,2021,,,nitrateNitrite,1.00,,false,,mg/L as N,max,1.00,nwmp-2021
nwmp-2021,3653,3653,DODDAKERE TANK,TANK,2021,,,fecalColiform,2300,,false,,MPN/100mL,min,2300,nwmp-2021
nwmp-2021,3653,3653,DODDAKERE TANK,TANK,2021,,,fecalColiform,15000,,false,,MPN/100mL,max,15000,nwmp-2021
nwmp-2021,3653,3653,DODDAKERE TANK,TANK,2021,,,totalColiform,24000,,false,,MPN/100mL,min,24000,nwmp-2021
nwmp-2021,3653,3653,DODDAKERE TANK,TANK,2021,,,totalColiform,160000,,false,,MPN/100mL,max,160000,nwmp-2021
nwmp-2021,3604,3604,DODDANAKUNDI TANK,TANK,2021,,,temperature,25.0,,false,,degC,min,25.0,nwmp-2021
nwmp-2021,3604,3604,DODDANAKUNDI TANK,TANK,2021,,,temperature,25.0,,false,,degC,max,25.0,nwmp-2021
nwmp-2021,3604,3604,DODDANAKUNDI TANK,TANK,2021,,,dissolvedOxygen,3.3,,false,,mg/L,min,3.3,nwmp-2021
nwmp-2021,3604,3604,DODDANAKUNDI TANK,TANK,2021,,,dissolvedOxygen,6.1,,false,,mg/L,max,6.1,nwmp-2021
nwmp-2021,3604,3604,DODDANAKUNDI TANK,TANK,2021,,,ph,6.5,,false,,,min,6.5,nwmp-2021
nwmp-2021,3604,3604,DODDANAKUNDI TANK,TANK,2021,,,ph,7.8,,false,,,max,7.8,nwmp-2021
nwmp-2021,3604,3604,DODDANAKUNDI TANK,TANK,2021,,,conductivity,574,,false,,uS/cm,min,574,nwmp-2021
nwmp-2021,3604,3604,DODDANAKUNDI TANK,TANK,2021,,,conductivity,2730,,false,,uS/cm,max,2730,nwmp-2021
nwmp-2021,3604,3604,DODDANAKUNDI TANK,TANK,2021,,,bod,4.0,,false,,mg/L,min,4.0,nwmp-2021
nwmp-2021,3604,3604,DODDANAKUNDI TANK,TANK,2021,,,bod,10.0,,false,,mg/L,max,10.0,nwmp-2021
nwmp-2021,3604,3604,DODDANAKUNDI TANK,TANK,2021,,,nitrateNitrite,1.10,,false,,mg/L as N,min,1.10,nwmp-2021
nwmp-2021,3604,3604,DODDANAKUNDI TANK,TANK,2021,,,nitrateNitrite,4.50,,false,,mg/L as N,max,4.50,nwmp-2021
nwmp-2021,3604,3604,DODDANAKUNDI TANK,TANK,2021,,,fecalColiform,3300,,false,,MPN/100mL,min,3300,nwmp-2021
nwmp-2021,3604,3604,DODDANAKUNDI TANK,TANK,2021,,,fecalColiform,49000,,false,,MPN/100mL,max,49000,nwmp-2021
nwmp-2021,3604,3604,DODDANAKUNDI TANK,TANK,2021,,,totalColiform,35000,,false,,MPN/100mL,min,35000,nwmp-2021
nwmp-2021,3604,3604,DODDANAKUNDI TANK,TANK,2021,,,totalColiform,240000,,false,,MPN/100mL,max,240000,nwmp-2021
nwmp-2021,4526,4526,DYAVASANDRA TANK,TANK,2021,,,temperature,25.0,,false,,degC,min,25.0,nwmp-2021
nwmp-2021,4526,4526,DYAVASANDRA TANK,TANK,2021,,,temperature,25.0,,false,,degC,max,25.0,nwmp-2021
nwmp-2021,4526,4526,DYAVASANDRA TANK,TANK,2021,,,dissolvedOxygen,4.0,,false,,mg/L,min,4.0,nwmp-2021
nwmp-2021,4526,4526,DYAVASANDRA TANK,TANK,2021,,,dissolvedOxygen,6.8,,false,,mg/L,max,6.8,nwmp-2021
nwmp-2021,4526,4526,DYAVASANDRA TANK,TANK,2021,,,ph,6.3,,false,,,min,6.3,nwmp-2021
nwmp-2021,4526,4526,DYAVASANDRA TANK,TANK,2021,,,ph,7.9,,false,,,max,7.9,nwmp-2021
nwmp-2021,4526,4526,DYAVASANDRA TANK,TANK,2021,,,conductivity,236,,false,,uS/cm,min,236,nwmp-2021
nwmp-2021,4526,4526,DYAVASANDRA TANK,TANK,2021,,,conductivity,775,,false,,uS/cm,max,775,nwmp-2021
nwmp-2021,4526,4526,DYAVASANDRA TANK,TANK,2021,,,bod,2.0,,false,,mg/L,min,2.0,nwmp-2021
nwmp-2021,4526,4526,DYAVASANDRA TANK,TANK,2021,,,bod,9.0,,false,,mg/L,max,9.0,nwmp-2021
nwmp-2021,4526,4526,DYAVASANDRA TANK,TANK,2021,,,nitrateNitrite,0.60,,false,,mg/L as N,min,0.60,nwmp-2021
nwmp-2021,4526,4526,DYAVASANDRA TANK,TANK,2021,,,nitrateNitrite,3.00,,false,,mg/L as N,max,3.00,nwmp-2021
nwmp-2021,4526,4526,DYAVASANDRA TANK,TANK,2021,,,fecalColiform,3300,,false,,MPN/100mL,min,3300,nwmp-2021
nwmp-2021,4526,4526,DYAVASANDRA TANK,TANK,2021,,,fecalColiform,14000,,false,,MPN/100mL,max,14000,nwmp-2021
nwmp-2021,4526,4526,DYAVASANDRA TANK,TANK,2021,,,totalColiform,24000,,false,,MPN/100mL,min,24000,nwmp-2021
nwmp-2021,4526,4526,DYAVASANDRA TANK,TANK,2021,,,totalColiform,160000,,false,,MPN/100mL,max,160000,nwmp-2021
nwmp-2021,3666,3666,GANIGARAHOSAHALLIKERE TANK,TANK,2021,,,temperature,21.0,,false,,degC,min,21.0,nwmp-2021
nwmp-2021,3666,3666,GANIGARAHOSAHALLIKERE TANK,TANK,2021,,,temperature,25.0,,false,,degC,max,25.0,nwmp-2021
nwmp-2021,3666,3666,GANIGARAHOSAHALLIKERE TANK,TANK,2021,,,dissolvedOxygen,4.6,,false,,mg/L,min,4.6,nwmp-2021
nwmp-2021,3666,3666,GANIGARAHOSAHALLIKERE TANK,TANK,2021,,,dissolvedOxygen,6.0,,false,,mg/L,max,6.0,nwmp-2021
nwmp-2021,3666,3666,GANIGARAHOSAHALLIKERE TANK,TANK,2021,,,ph,7.6,,false,,,min,7.6,nwmp-2021
nwmp-2021,3666,3666,GANIGARAHOSAHALLIKERE TANK,TANK,2021,,,ph,8.3,,false,,,max,8.3,nwmp-2021
nwmp-2021,3666,3666,GANIGARAHOSAHALLIKERE TANK,TANK,2021,,,conductivity,460,,false,,uS/cm,min,460,nwmp-2021
nwmp-2021,3666,3666,GANIGARAHOSAHALLIKERE TANK,TANK,2021,,,conductivity,1180,,false,,uS/cm,max,1180,nwmp-2021
nwmp-2021,3666,3666,GANIGARAHOSAHALLIKERE TANK,TANK,2021,,,bod,2.0,,false,,mg/L,min,2.0,nwmp-2021
nwmp-2021,3666,3666,GANIGARAHOSAHALLIKERE TANK,TANK,2021,,,bod,3.2,,false,,mg/L,max,3.2,nwmp-2021
nwmp-2021,3666,3666,GANIGARAHOSAHALLIKERE TANK,TANK,2021,,,nitrateNitrite,0.30,,false,,mg/L as N,min,0.30,nwmp-2021
nwmp-2021,3666,3666,GANIGARAHOSAHALLIKERE TANK,TANK,2021,,,nitrateNitrite,0.40,,false,,mg/L as N,max,0.40,nwmp-2021
nwmp-2021,3666,3666,GANIGARAHOSAHALLIKERE TANK,TANK,2021,,,fecalColiform,140,,false,,MPN/100mL,min,140,nwmp-2021
nwmp-2021,3666,3666,GANIGARAHOSAHALLIKERE TANK,TANK,2021,,,fecalColiform,320,,false,,MPN/100mL,max,320,nwmp-2021
nwmp-2021,3666,3666,GANIGARAHOSAHALLIKERE TANK,TANK,2021,,,totalColiform,1100,,false,,MPN/100mL,min,1100,nwmp-2021
nwmp-2021,3666,3666,GANIGARAHOSAHALLIKERE TANK,TANK,2021,,,totalColiform,2100,,false,,MPN/100mL,max,2100,nwmp-2021
nwmp-2021,3676,3676,GAVENAHALLIKERE,TANK,2021,,,temperature,20.0,,false,,degC,min,20.0,nwmp-2021
nwmp-2021,3676,3676,GAVENAHALLIKERE,TANK,2021,,,temperature,28.0,,false,,degC,max,28.0,nwmp-2021
nwmp-2021,3676,3676,GAVENAHALLIKERE,TANK,2021,,,dissolvedOxygen,5.6,,false,,mg/L,min,5.6,nwmp-2021
nwmp-2021,3676,3676,GAVENAHALLIKERE,TANK,2021,,,dissolvedOxygen,7.3,,false,,mg/L,max,7.3,nwmp-2021
nwmp-2021,3676,3676,GAVENAHALLIKERE,TANK,2021,,,ph,7.4,,false,,,min,7.4,nwmp-2021
nwmp-2021,3676,3676,GAVENAHALLIKERE,TANK,2021,,,ph,7.9,,false,,,max,7.9,nwmp-2021
nwmp-2021,3676,3676,GAVENAHALLIKERE,TANK,2021,,,conductivity,330,,false,,uS/cm,min,330,nwmp-2021
nwmp-2021,3676,3676,GAVENAHALLIKERE,TANK,2021,,,conductivity,470,,false,,uS/cm,max,470,nwmp-2021
nwmp-2021,3676,3676,GAVENAHALLIKERE,TANK,2021,,,bod,2.0,,false,,mg/L,min,2.0,nwmp-2021
nwmp-2021,3676,3676,GAVENAHALLIKERE,TANK,2021,,,bod,2.2,,false,,mg/L,max,2.2,nwmp-2021
nwmp-2021,3676,3676,GAVENAHALLIKERE,TANK,2021,,,nitrateNitrite,0.30,,false,,mg/L as N,min,0.30,nwmp-2021
nwmp-2021,3676,3676,GAVENAHALLIKERE,TANK,2021,,,nitrateNitrite,0.30,,false,,mg/L as N,max,0.30,nwmp-2021
nwmp-2021,3676,3676,GAVENAHALLIKERE,TANK,2021,,,fecalColiform,92,,false,,MPN/100mL,min,92,nwmp-2021
nwmp-2021,3676,3676,GAVENAHALLIKERE,TANK,2021,,,fecalColiform,220,,false,,MPN/100mL,max,220,nwmp-2021
nwmp-2021,3676,3676,GAVENAHALLIKERE,TANK,2021,,,totalColiform,920,,false,,MPN/100mL,min,920,nwmp-2021
nwmp-2021,3676,3676,GAVENAHALLIKERE,TANK,2021,,,totalColiform,1400,,false,,MPN/100mL,max,1400,nwmp-2021
nwmp-2021,3671,3671,HANUMANTHAPURAKATTE TANK,TANK,2021,,,temperature,22.0,,false,,degC,min,22.0,nwmp-2021
nwmp-2021,3671,3671,HANUMANTHAPURAKATTE TANK,TANK,2021,,,temperature,27.0,,false,,degC,max,27.0,nwmp-2021
nwmp-2021,3671,3671,HANUMANTHAPURAKATTE TANK,TANK,2021,,,dissolvedOxygen,4.2,,false,,mg/L,min,4.2,nwmp-2021
nwmp-2021,3671,3671,HANUMANTHAPURAKATTE TANK,TANK,2021,,,dissolvedOxygen,5.7,,false,,mg/L,max,5.7,nwmp-2021
nwmp-2021,3671,3671,HANUMANTHAPURAKATTE TANK,TANK,2021,,,ph,7.5,,false,,,min,7.5,nwmp-2021
nwmp-2021,3671,3671,HANUMANTHAPURAKATTE TANK,TANK,2021,,,ph,7.8,,false,,,max,7.8,nwmp-2021
nwmp-2021,3671,3671,HANUMANTHAPURAKATTE TANK,TANK,2021,,,conductivity,390,,false,,uS/cm,min,390,nwmp-2021
nwmp-2021,3671,3671,HANUMANTHAPURAKATTE TANK,TANK,2021,,,conductivity,500,,false,,uS/cm,max,500,nwmp-2021
nwmp-2021,3671,3671,HANUMANTHAPURAKATTE TANK,TANK,2021,,,bod,2.2,,false,,mg/L,min,2.2,nwmp-2021
nwmp-2021,3671,3671,HANUMANTHAPURAKATTE TANK,TANK,2021,,,bod,2.6,,false,,mg/L,max,2.6,nwmp-2021
nwmp-2021,3671,3671,HANUMANTHAPURAKATTE TANK,TANK,2021,,,nitrateNitrite,0.30,,false,,mg/L as N,min,0.30,nwmp-2021
nwmp-2021,3671,3671,HANUMANTHAPURAKATTE TANK,TANK,2021,,,nitrateNitrite,0.30,,false,,mg/L as N,max,0.30,nwmp-2021
nwmp-2021,3671,3671,HANUMANTHAPURAKATTE TANK,TANK,2021,,,fecalColiform,210,,false,,MPN/100mL,min,210,nwmp-2021
nwmp-2021,3671,3671,HANUMANTHAPURAKATTE TANK,TANK,2021,,,fecalColiform,340,,false,,MPN/100mL,max,340,nwmp-2021
nwmp-2021,3671,3671,HANUMANTHAPURAKATTE TANK,TANK,2021,,,totalColiform,1700,,false,,MPN/100mL,min,1700,nwmp-2021
nwmp-2021,3671,3671,HANUMANTHAPURAKATTE TANK,TANK,2021,,,totalColiform,2200,,false,,MPN/100mL,max,2200,nwmp-2021
nwmp-2021,3683,3683,HEREKERE TANK,TANK,2021,,,temperature,24.0,,false,,degC,min,24.0,nwmp-2021
nwmp-2021,3683,3683,HEREKERE TANK,TANK,2021,,,temperature,26.0,,false,,degC,max,26.0,nwmp-2021
nwmp-2021,3683,3683,HEREKERE TANK,TANK,2021,,,dissolvedOxygen,4.5,,false,,mg/L,min,4.5,nwmp-2021
nwmp-2021,3683,3683,HEREKERE TANK,TANK,2021,,,dissolvedOxygen,5.5,,false,,mg/L,max,5.5,nwmp-2021
nwmp-2021,3683,3683,HEREKERE TANK,TANK,2021,,,ph,7.4,,false,,,min,7.4,nwmp-2021
nwmp-2021,3683,3683,HEREKERE TANK,TANK,2021,,,ph,7.9,,false,,,max,7.9,nwmp-2021
nwmp-2021,3683,3683,HEREKERE TANK,TANK,2021,,,conductivity,739,,false,,uS/cm,min,739,nwmp-2021
nwmp-2021,3683,3683,HEREKERE TANK,TANK,2021,,,conductivity,889,,false,,uS/cm,max,889,nwmp-2021
nwmp-2021,3683,3683,HEREKERE TANK,TANK,2021,,,bod,9.0,,false,,mg/L,min,9.0,nwmp-2021
nwmp-2021,3683,3683,HEREKERE TANK,TANK,2021,,,bod,24.0,,false,,mg/L,max,24.0,nwmp-2021
nwmp-2021,3683,3683,HEREKERE TANK,TANK,2021,,,nitrateNitrite,1.22,,false,,mg/L as N,min,1.22,nwmp-2021
nwmp-2021,3683,3683,HEREKERE TANK,TANK,2021,,,nitrateNitrite,1.67,,false,,mg/L as N,max,1.67,nwmp-2021
nwmp-2021,3683,3683,HEREKERE TANK,TANK,2021,,,fecalColiform,63,,false,,MPN/100mL,min,63,nwmp-2021
nwmp-2021,3683,3683,HEREKERE TANK,TANK,2021,,,fecalColiform,175,,false,,MPN/100mL,max,175,nwmp-2021
nwmp-2021,3683,3683,HEREKERE TANK,TANK,2021,,,totalColiform,279,,false,,MPN/100mL,min,279,nwmp-2021
nwmp-2021,3683,3683,HEREKERE TANK,TANK,2021,,,totalColiform,561,,false,,MPN/100mL,max,561,nwmp-2021
nwmp-2021,3598,3598,HEROHALLI TANK,TANK,2021,,,temperature,25.0,,false,,degC,min,25.0,nwmp-2021
nwmp-2021,3598,3598,HEROHALLI TANK,TANK,2021,,,temperature,25.0,,false,,degC,max,25.0,nwmp-2021
nwmp-2021,3598,3598,HEROHALLI TANK,TANK,2021,,,dissolvedOxygen,0.3,,false,,mg/L,min,0.3,nwmp-2021
nwmp-2021,3598,3598,HEROHALLI TANK,TANK,2021,,,dissolvedOxygen,6.3,,false,,mg/L,max,6.3,nwmp-2021
nwmp-2021,3598,3598,HEROHALLI TANK,TANK,2021,,,ph,6.2,,false,,,min,6.2,nwmp-2021
nwmp-2021,3598,3598,HEROHALLI TANK,TANK,2021,,,ph,7.4,,false,,,max,7.4,nwmp-2021
nwmp-2021,3598,3598,HEROHALLI TANK,TANK,2021,,,conductivity,321,,false,,uS/cm,min,321,nwmp-2021
nwmp-2021,3598,3598,HEROHALLI TANK,TANK,2021,,,conductivity,1566,,false,,uS/cm,max,1566,nwmp-2021
nwmp-2021,3598,3598,HEROHALLI TANK,TANK,2021,,,bod,4.0,,false,,mg/L,min,4.0,nwmp-2021
nwmp-2021,3598,3598,HEROHALLI TANK,TANK,2021,,,bod,30.0,,false,,mg/L,max,30.0,nwmp-2021
nwmp-2021,3598,3598,HEROHALLI TANK,TANK,2021,,,nitrateNitrite,0.30,,false,,mg/L as N,min,0.30,nwmp-2021
nwmp-2021,3598,3598,HEROHALLI TANK,TANK,2021,,,nitrateNitrite,6.30,,false,,mg/L as N,max,6.30,nwmp-2021
nwmp-2021,3598,3598,HEROHALLI TANK,TANK,2021,,,fecalColiform,3400,,false,,MPN/100mL,min,3400,nwmp-2021
nwmp-2021,3598,3598,HEROHALLI TANK,TANK,2021,,,fecalColiform,46000,,false,,MPN/100mL,max,46000,nwmp-2021
nwmp-2021,3598,3598,HEROHALLI TANK,TANK,2021,,,totalColiform,24000,,false,,MPN/100mL,min,24000,nwmp-2021
nwmp-2021,3598,3598,HEROHALLI TANK,TANK,2021,,,totalColiform,350000,,false,,MPN/100mL,max,350000,nwmp-2021
nwmp-2021,3597,3597,HESARAGHATTA TANK,TANK,2021,,,temperature,25.0,,false,,degC,min,25.0,nwmp-2021
nwmp-2021,3597,3597,HESARAGHATTA TANK,TANK,2021,,,temperature,25.0,,false,,degC,max,25.0,nwmp-2021
nwmp-2021,3597,3597,HESARAGHATTA TANK,TANK,2021,,,dissolvedOxygen,4.8,,false,,mg/L,min,4.8,nwmp-2021
nwmp-2021,3597,3597,HESARAGHATTA TANK,TANK,2021,,,dissolvedOxygen,6.6,,false,,mg/L,max,6.6,nwmp-2021
nwmp-2021,3597,3597,HESARAGHATTA TANK,TANK,2021,,,ph,5.4,,false,,,min,5.4,nwmp-2021
nwmp-2021,3597,3597,HESARAGHATTA TANK,TANK,2021,,,ph,8.1,,false,,,max,8.1,nwmp-2021
nwmp-2021,3597,3597,HESARAGHATTA TANK,TANK,2021,,,conductivity,123,,false,,uS/cm,min,123,nwmp-2021
nwmp-2021,3597,3597,HESARAGHATTA TANK,TANK,2021,,,conductivity,702,,false,,uS/cm,max,702,nwmp-2021
nwmp-2021,3597,3597,HESARAGHATTA TANK,TANK,2021,,,bod,2.0,,false,,mg/L,min,2.0,nwmp-2021
nwmp-2021,3597,3597,HESARAGHATTA TANK,TANK,2021,,,bod,7.0,,false,,mg/L,max,7.0,nwmp-2021
nwmp-2021,3597,3597,HESARAGHATTA TANK,TANK,2021,,,nitrateNitrite,0.30,,false,,mg/L as N,min,0.30,nwmp-2021
nwmp-2021,3597,3597,HESARAGHATTA TANK,TANK,2021,,,nitrateNitrite,2.40,,false,,mg/L as N,max,2.40,nwmp-2021
nwmp-2021,3597,3597,HESARAGHATTA TANK,TANK,2021,,,fecalColiform,4600,,false,,MPN/100mL,min,4600,nwmp-2021
nwmp-2021,3597,3597,HESARAGHATTA TANK,TANK,2021,,,fecalColiform,6300000,,false,,MPN/100mL,max,6300000,nwmp-2021
nwmp-2021,3597,3597,HESARAGHATTA TANK,TANK,2021,,,totalColiform,35000,,false,,MPN/100mL,min,35000,nwmp-2021
nwmp-2021,3597,3597,HESARAGHATTA TANK,TANK,2021,,,totalColiform,54000000,,false,,MPN/100mL,max,54000000,nwmp-2021
nwmp-2021,3559,3559,HULLIGE TANK,TANK,2021,,,temperature,24.0,,false,,degC,min,24.0,nwmp-2021
nwmp-2021,3559,3559,HULLIGE TANK,TANK,2021,,,temperature,29.0,,false,,degC,max,29.0,nwmp-2021
nwmp-2021,3559,3559,HULLIGE TANK,TANK,2021,,,dissolvedOxygen,6.9,,false,,mg/L,min,6.9,nwmp-2021
nwmp-2021,3559,3559,HULLIGE TANK,TANK,2021,,,dissolvedOxygen,7.5,,false,,mg/L,max,7.5,nwmp-2021
nwmp-2021,3559,3559,HULLIGE TANK,TANK,2021,,,ph,7.4,,false,,,min,7.4,nwmp-2021
nwmp-2021,3559,3559,HULLIGE TANK,TANK,2021,,,ph,8.4,,false,,,max,8.4,nwmp-2021
nwmp-2021,3559,3559,HULLIGE TANK,TANK,2021,,,conductivity,312,,false,,uS/cm,min,312,nwmp-2021
nwmp-2021,3559,3559,HULLIGE TANK,TANK,2021,,,conductivity,1485,,false,,uS/cm,max,1485,nwmp-2021
nwmp-2021,3559,3559,HULLIGE TANK,TANK,2021,,,bod,2.5,,false,,mg/L,min,2.5,nwmp-2021
nwmp-2021,3559,3559,HULLIGE TANK,TANK,2021,,,bod,6.0,,false,,mg/L,max,6.0,nwmp-2021
nwmp-2021,3559,3559,HULLIGE TANK,TANK,2021,,,nitrateNitrite,0.30,,false,,mg/L as N,min,0.30,nwmp-2021
nwmp-2021,3559,3559,HULLIGE TANK,TANK,2021,,,nitrateNitrite,1.30,,false,,mg/L as N,max,1.30,nwmp-2021
nwmp-2021,3559,3559,HULLIGE TANK,TANK,2021,,,fecalColiform,350,,false,,MPN/100mL,min,350,nwmp-2021
nwmp-2021,3559,3559,HULLIGE TANK,TANK,2021,,,fecalColiform,1400,,false,,MPN/100mL,max,1400,nwmp-2021
nwmp-2021,3559,3559,HULLIGE TANK,TANK,2021,,,totalColiform,1600,,false,,MPN/100mL,min,1600,nwmp-2021
nwmp-2021,3559,3559,HULLIGE TANK,TANK,2021,,,totalColiform,5400,,false,,MPN/100mL,max,5400,nwmp-2021
nwmp-2021,3660,3660,HUNASINA KERE TANK,TANK,2021,,,temperature,21.0,,false,,degC,min,21.0,nwmp-2021
nwmp-2021,3660,3660,HUNASINA KERE TANK,TANK,2021,,,temperature,27.0,,false,,degC,max,27.0,nwmp-2021
nwmp-2021,3660,3660,HUNASINA KERE TANK,TANK,2021,,,dissolvedOxygen,5.3,,false,,mg/L,min,5.3,nwmp-2021
nwmp-2021,3660,3660,HUNASINA KERE TANK,TANK,2021,,,dissolvedOxygen,7.1,,false,,mg/L,max,7.1,nwmp-2021
nwmp-2021,3660,3660,HUNASINA KERE TANK,TANK,2021,,,ph,7.3,,false,,,min,7.3,nwmp-2021
nwmp-2021,3660,3660,HUNASINA KERE TANK,TANK,2021,,,ph,7.8,,false,,,max,7.8,nwmp-2021
nwmp-2021,3660,3660,HUNASINA KERE TANK,TANK,2021,,,conductivity,440,,false,,uS/cm,min,440,nwmp-2021
nwmp-2021,3660,3660,HUNASINA KERE TANK,TANK,2021,,,conductivity,530,,false,,uS/cm,max,530,nwmp-2021
nwmp-2021,3660,3660,HUNASINA KERE TANK,TANK,2021,,,bod,2.0,,false,,mg/L,min,2.0,nwmp-2021
nwmp-2021,3660,3660,HUNASINA KERE TANK,TANK,2021,,,bod,2.6,,false,,mg/L,max,2.6,nwmp-2021
nwmp-2021,3660,3660,HUNASINA KERE TANK,TANK,2021,,,nitrateNitrite,0.30,,false,,mg/L as N,min,0.30,nwmp-2021
nwmp-2021,3660,3660,HUNASINA KERE TANK,TANK,2021,,,nitrateNitrite,0.30,,false,,mg/L as N,max,0.30,nwmp-2021
nwmp-2021,3660,3660,HUNASINA KERE TANK,TANK,2021,,,fecalColiform,170,,false,,MPN/100mL,min,170,nwmp-2021
nwmp-2021,3660,3660,HUNASINA KERE TANK,TANK,2021,,,fecalColiform,700,,false,,MPN/100mL,max,700,nwmp-2021
nwmp-2021,3660,3660,HUNASINA KERE TANK,TANK,2021,,,totalColiform,1200,,false,,MPN/100mL,min,1200,nwmp-2021
nwmp-2021,3660,3660,HUNASINA KERE TANK,TANK,2021,,,totalColiform,3500,,false,,MPN/100mL,max,3500,nwmp-2021
nwmp-2021,3561,3561,HUNDIKERE (KOPPAL) TANK,TANK,2021,,,temperature,24.0,,false,,degC,min,24.0,nwmp-2021
nwmp-2021,3561,3561,HUNDIKERE (KOPPAL) TANK,TANK,2021,,,temperature,29.0,,false,,degC,max,29.0,nwmp-2021
nwmp-2021,3561,3561,HUNDIKERE (KOPPAL) TANK,TANK,2021,,,dissolvedOxygen,7.0,,false,,mg/L,min,7.0,nwmp-2021
nwmp-2021,3561,3561,HUNDIKERE (KOPPAL) TANK,TANK,2021,,,dissolvedOxygen,7.6,,false,,mg/L,max,7.6,nwmp-2021
nwmp-2021,3561,3561,HUNDIKERE (KOPPAL) TANK,TANK,2021,,,ph,7.5,,false,,,min,7.5,nwmp-2021
nwmp-2021,3561,3561,HUNDIKERE (KOPPAL) TANK,TANK,2021,,,ph,8.4,,false,,,max,8.4,nwmp-2021
nwmp-2021,3561,3561,HUNDIKERE (KOPPAL) TANK,TANK,2021,,,conductivity,326,,false,,uS/cm,min,326,nwmp-2021
nwmp-2021,3561,3561,HUNDIKERE (KOPPAL) TANK,TANK,2021,,,conductivity,1458,,false,,uS/cm,max,1458,nwmp-2021
nwmp-2021,3561,3561,HUNDIKERE (KOPPAL) TANK,TANK,2021,,,bod,3.0,,false,,mg/L,min,3.0,nwmp-2021
nwmp-2021,3561,3561,HUNDIKERE (KOPPAL) TANK,TANK,2021,,,bod,6.0,,false,,mg/L,max,6.0,nwmp-2021
nwmp-2021,3561,3561,HUNDIKERE (KOPPAL) TANK,TANK,2021,,,nitrateNitrite,0.30,,false,,mg/L as N,min,0.30,nwmp-2021
nwmp-2021,3561,3561,HUNDIKERE (KOPPAL) TANK,TANK,2021,,,nitrateNitrite,0.30,,false,,mg/L as N,max,0.30,nwmp-2021
nwmp-2021,3561,3561,HUNDIKERE (KOPPAL) TANK,TANK,2021,,,fecalColiform,350,,false,,MPN/100mL,min,350,nwmp-2021
nwmp-2021,3561,3561,HUNDIKERE (KOPPAL) TANK,TANK,2021,,,fecalColiform,1300,,false,,MPN/100mL,max,1300,nwmp-2021
nwmp-2021,3561,3561,HUNDIKERE (KOPPAL) TANK,TANK,2021,,,totalColiform,1600,,false,,MPN/100mL,min,1600,nwmp-2021
nwmp-2021,3561,3561,HUNDIKERE (KOPPAL) TANK,TANK,2021,,,totalColiform,5400,,false,,MPN/100mL,max,5400,nwmp-2021
nwmp-2021,3670,3670,INORKATTE KERE,TANK,2021,,,temperature,23.0,,false,,degC,min,23.0,nwmp-2021
nwmp-2021,3670,3670,INORKATTE KERE,TANK,2021,,,temperature,24.0,,false,,degC,max,24.0,nwmp-2021
nwmp-2021,3670,3670,INORKATTE KERE,TANK,2021,,,dissolvedOxygen,4.6,,false,,mg/L,min,4.6,nwmp-2021
nwmp-2021,3670,3670,INORKATTE KERE,TANK,2021,,,dissolvedOxygen,6.0,,false,,mg/L,max,6.0,nwmp-2021
nwmp-2021,3670,3670,INORKATTE KERE,TANK,2021,,,ph,7.3,,false,,,min,7.3,nwmp-2021
nwmp-2021,3670,3670,INORKATTE KERE,TANK,2021,,,ph,7.8,,false,,,max,7.8,nwmp-2021
nwmp-2021,3670,3670,INORKATTE KERE,TANK,2021,,,conductivity,320,,false,,uS/cm,min,320,nwmp-2021
nwmp-2021,3670,3670,INORKATTE KERE,TANK,2021,,,conductivity,440,,false,,uS/cm,max,440,nwmp-2021
nwmp-2021,3670,3670,INORKATTE KERE,TANK,2021,,,bod,2.0,,false,,mg/L,min,2.0,nwmp-2021
nwmp-2021,3670,3670,INORKATTE KERE,TANK,2021,,,bod,2.2,,false,,mg/L,max,2.2,nwmp-2021
nwmp-2021,3670,3670,INORKATTE KERE,TANK,2021,,,nitrateNitrite,0.30,,false,,mg/L as N,min,0.30,nwmp-2021
nwmp-2021,3670,3670,INORKATTE KERE,TANK,2021,,,nitrateNitrite,0.32,,false,,mg/L as N,max,0.32,nwmp-2021
nwmp-2021,3670,3670,INORKATTE KERE,TANK,2021,,,fecalColiform,200,,false,,MPN/100mL,min,200,nwmp-2021
nwmp-2021,3670,3670,INORKATTE KERE,TANK,2021,,,fecalColiform,330,,false,,MPN/100mL,max,330,nwmp-2021
nwmp-2021,3670,3670,INORKATTE KERE,TANK,2021,,,totalColiform,1700,,false,,MPN/100mL,min,1700,nwmp-2021
nwmp-2021,3670,3670,INORKATTE KERE,TANK,2021,,,totalColiform,2200,,false,,MPN/100mL,max,2200,nwmp-2021
nwmp-2021,3642,3642,JIGANI TNAK,TANK,2021,,,temperature,23.0,,false,,degC,min,23.0,nwmp-2021
nwmp-2021,3642,3642,JIGANI TNAK,TANK,2021,,,temperature,25.0,,false,,degC,max,25.0,nwmp-2021
nwmp-2021,3642,3642,JIGANI TNAK,TANK,2021,,,dissolvedOxygen,4.8,,false,,mg/L,min,4.8,nwmp-2021
nwmp-2021,3642,3642,JIGANI TNAK,TANK,2021,,,dissolvedOxygen,6.9,,false,,mg/L,max,6.9,nwmp-2021
nwmp-2021,3642,3642,JIGANI TNAK,TANK,2021,,,ph,6.5,,false,,,min,6.5,nwmp-2021
nwmp-2021,3642,3642,JIGANI TNAK,TANK,2021,,,ph,7.3,,false,,,max,7.3,nwmp-2021
nwmp-2021,3642,3642,JIGANI TNAK,TANK,2021,,,conductivity,394,,false,,uS/cm,min,394,nwmp-2021
nwmp-2021,3642,3642,JIGANI TNAK,TANK,2021,,,conductivity,1543,,false,,uS/cm,max,1543,nwmp-2021
nwmp-2021,3642,3642,JIGANI TNAK,TANK,2021,,,bod,2.0,,false,,mg/L,min,2.0,nwmp-2021
nwmp-2021,3642,3642,JIGANI TNAK,TANK,2021,,,bod,20.0,,false,,mg/L,max,20.0,nwmp-2021
nwmp-2021,3642,3642,JIGANI TNAK,TANK,2021,,,nitrateNitrite,1.00,,false,,mg/L as N,min,1.00,nwmp-2021
nwmp-2021,3642,3642,JIGANI TNAK,TANK,2021,,,nitrateNitrite,4.00,,false,,mg/L as N,max,4.00,nwmp-2021
nwmp-2021,3642,3642,JIGANI TNAK,TANK,2021,,,fecalColiform,2700,,false,,MPN/100mL,min,2700,nwmp-2021
nwmp-2021,3642,3642,JIGANI TNAK,TANK,2021,,,fecalColiform,70000,,false,,MPN/100mL,max,70000,nwmp-2021
nwmp-2021,3642,3642,JIGANI TNAK,TANK,2021,,,totalColiform,24000,,false,,MPN/100mL,min,24000,nwmp-2021
nwmp-2021,3642,3642,JIGANI TNAK,TANK,2021,,,totalColiform,920000,,false,,MPN/100mL,max,920000,nwmp-2021
nwmp-2021,3663,3663,JOLADAKATTE TANK,TANK,2021,,,temperature,21.0,,false,,degC,min,21.0,nwmp-2021
nwmp-2021,3663,3663,JOLADAKATTE TANK,TANK,2021,,,temperature,27.0,,false,,degC,max,27.0,nwmp-2021
nwmp-2021,3663,3663,JOLADAKATTE TANK,TANK,2021,,,dissolvedOxygen,4.2,,false,,mg/L,min,4.2,nwmp-2021
nwmp-2021,3663,3663,JOLADAKATTE TANK,TANK,2021,,,dissolvedOxygen,5.8,,false,,mg/L,max,5.8,nwmp-2021
nwmp-2021,3663,3663,JOLADAKATTE TANK,TANK,2021,,,ph,7.7,,false,,,min,7.7,nwmp-2021
nwmp-2021,3663,3663,JOLADAKATTE TANK,TANK,2021,,,ph,8.1,,false,,,max,8.1,nwmp-2021
nwmp-2021,3663,3663,JOLADAKATTE TANK,TANK,2021,,,conductivity,390,,false,,uS/cm,min,390,nwmp-2021
nwmp-2021,3663,3663,JOLADAKATTE TANK,TANK,2021,,,conductivity,650,,false,,uS/cm,max,650,nwmp-2021
nwmp-2021,3663,3663,JOLADAKATTE TANK,TANK,2021,,,bod,2.1,,false,,mg/L,min,2.1,nwmp-2021
nwmp-2021,3663,3663,JOLADAKATTE TANK,TANK,2021,,,bod,3.0,,false,,mg/L,max,3.0,nwmp-2021
nwmp-2021,3663,3663,JOLADAKATTE TANK,TANK,2021,,,nitrateNitrite,0.30,,false,,mg/L as N,min,0.30,nwmp-2021
nwmp-2021,3663,3663,JOLADAKATTE TANK,TANK,2021,,,nitrateNitrite,0.30,,false,,mg/L as N,max,0.30,nwmp-2021
nwmp-2021,3663,3663,JOLADAKATTE TANK,TANK,2021,,,fecalColiform,210,,false,,MPN/100mL,min,210,nwmp-2021
nwmp-2021,3663,3663,JOLADAKATTE TANK,TANK,2021,,,fecalColiform,470,,false,,MPN/100mL,max,470,nwmp-2021
nwmp-2021,3663,3663,JOLADAKATTE TANK,TANK,2021,,,totalColiform,1400,,false,,MPN/100mL,min,1400,nwmp-2021
nwmp-2021,3663,3663,JOLADAKATTE TANK,TANK,2021,,,totalColiform,3500,,false,,MPN/100mL,max,3500,nwmp-2021
nwmp-2021,3682,3682,KAKATI POND,TANK,2021,,,temperature,21.0,,false,,degC,min,21.0,nwmp-2021
nwmp-2021,3682,3682,KAKATI POND,TANK,2021,,,temperature,32.0,,false,,degC,max,32.0,nwmp-2021
nwmp-2021,3682,3682,KAKATI POND,TANK,2021,,,dissolvedOxygen,4.0,,false,,mg/L,min,4.0,nwmp-2021
nwmp-2021,3682,3682,KAKATI POND,TANK,2021,,,dissolvedOxygen,9.0,,false,,mg/L,max,9.0,nwmp-2021
nwmp-2021,3682,3682,KAKATI POND,TANK,2021,,,ph,8.4,,false,,,min,8.4,nwmp-2021
nwmp-2021,3682,3682,KAKATI POND,TANK,2021,,,ph,10.3,,false,,,max,10.3,nwmp-2021
nwmp-2021,3682,3682,KAKATI POND,TANK,2021,,,conductivity,1180,,false,,uS/cm,min,1180,nwmp-2021
nwmp-2021,3682,3682,KAKATI POND,TANK,2021,,,conductivity,3819,,false,,uS/cm,max,3819,nwmp-2021
nwmp-2021,3682,3682,KAKATI POND,TANK,2021,,,bod,1.1,,false,,mg/L,min,1.1,nwmp-2021
nwmp-2021,3682,3682,KAKATI POND,TANK,2021,,,bod,16.2,,false,,mg/L,max,16.2,nwmp-2021
nwmp-2021,3682,3682,KAKATI POND,TANK,2021,,,nitrateNitrite,0.40,,false,,mg/L as N,min,0.40,nwmp-2021
nwmp-2021,3682,3682,KAKATI POND,TANK,2021,,,nitrateNitrite,6.53,,false,,mg/L as N,max,6.53,nwmp-2021
nwmp-2021,3682,3682,KAKATI POND,TANK,2021,,,fecalColiform,920,,false,,MPN/100mL,min,920,nwmp-2021
nwmp-2021,3682,3682,KAKATI POND,TANK,2021,,,fecalColiform,1840,,false,,MPN/100mL,max,1840,nwmp-2021
nwmp-2021,3682,3682,KAKATI POND,TANK,2021,,,totalColiform,1600,,false,,MPN/100mL,min,1600,nwmp-2021
nwmp-2021,3682,3682,KAKATI POND,TANK,2021,,,totalColiform,3200,,false,,MPN/100mL,max,3200,nwmp-2021
nwmp-2021,3607,3607,KALKERE TANK,TANK,2021,,,temperature,25.0,,false,,degC,min,25.0,nwmp-2021
nwmp-2021,3607,3607,KALKERE TANK,TANK,2021,,,temperature,25.0,,false,,degC,max,25.0,nwmp-2021
nwmp-2021,3607,3607,KALKERE TANK,TANK,2021,,,dissolvedOxygen,1.8,,false,,mg/L,min,1.8,nwmp-2021
nwmp-2021,3607,3607,KALKERE TANK,TANK,2021,,,dissolvedOxygen,6.3,,false,,mg/L,max,6.3,nwmp-2021
nwmp-2021,3607,3607,KALKERE TANK,TANK,2021,,,ph,6.5,,false,,,min,6.5,nwmp-2021
nwmp-2021,3607,3607,KALKERE TANK,TANK,2021,,,ph,8.4,,false,,,max,8.4,nwmp-2021
nwmp-2021,3607,3607,KALKERE TANK,TANK,2021,,,conductivity,393,,false,,uS/cm,min,393,nwmp-2021
nwmp-2021,3607,3607,KALKERE TANK,TANK,2021,,,conductivity,1201,,false,,uS/cm,max,1201,nwmp-2021
nwmp-2021,3607,3607,KALKERE TANK,TANK,2021,,,bod,4.0,,false,,mg/L,min,4.0,nwmp-2021
nwmp-2021,3607,3607,KALKERE TANK,TANK,2021,,,bod,25.0,,false,,mg/L,max,25.0,nwmp-2021
nwmp-2021,3607,3607,KALKERE TANK,TANK,2021,,,nitrateNitrite,0.40,,false,,mg/L as N,min,0.40,nwmp-2021
nwmp-2021,3607,3607,KALKERE TANK,TANK,2021,,,nitrateNitrite,5.30,,false,,mg/L as N,max,5.30,nwmp-2021
nwmp-2021,3607,3607,KALKERE TANK,TANK,2021,,,fecalColiform,3300,,false,,MPN/100mL,min,3300,nwmp-2021
nwmp-2021,3607,3607,KALKERE TANK,TANK,2021,,,fecalColiform,2800000,,false,,MPN/100mL,max,2800000,nwmp-2021
nwmp-2021,3607,3607,KALKERE TANK,TANK,2021,,,totalColiform,24000,,false,,MPN/100mL,min,24000,nwmp-2021
nwmp-2021,3607,3607,KALKERE TANK,TANK,2021,,,totalColiform,16000000,,false,,MPN/100mL,max,16000000,nwmp-2021
nwmp-2021,4530,4530,KAMMASANDRA TANK,TANK,2021,,,temperature,25.0,,false,,degC,min,25.0,nwmp-2021
nwmp-2021,4530,4530,KAMMASANDRA TANK,TANK,2021,,,temperature,25.0,,false,,degC,max,25.0,nwmp-2021
nwmp-2021,4530,4530,KAMMASANDRA TANK,TANK,2021,,,dissolvedOxygen,0.3,,false,,mg/L,min,0.3,nwmp-2021
nwmp-2021,4530,4530,KAMMASANDRA TANK,TANK,2021,,,dissolvedOxygen,4.1,,false,,mg/L,max,4.1,nwmp-2021
nwmp-2021,4530,4530,KAMMASANDRA TANK,TANK,2021,,,ph,6.7,,false,,,min,6.7,nwmp-2021
nwmp-2021,4530,4530,KAMMASANDRA TANK,TANK,2021,,,ph,7.3,,false,,,max,7.3,nwmp-2021
nwmp-2021,4530,4530,KAMMASANDRA TANK,TANK,2021,,,conductivity,1237,,false,,uS/cm,min,1237,nwmp-2021
nwmp-2021,4530,4530,KAMMASANDRA TANK,TANK,2021,,,conductivity,2135,,false,,uS/cm,max,2135,nwmp-2021
nwmp-2021,4530,4530,KAMMASANDRA TANK,TANK,2021,,,bod,9.0,,false,,mg/L,min,9.0,nwmp-2021
nwmp-2021,4530,4530,KAMMASANDRA TANK,TANK,2021,,,bod,101.0,,false,,mg/L,max,101.0,nwmp-2021
nwmp-2021,4530,4530,KAMMASANDRA TANK,TANK,2021,,,nitrateNitrite,1.80,,false,,mg/L as N,min,1.80,nwmp-2021
nwmp-2021,4530,4530,KAMMASANDRA TANK,TANK,2021,,,nitrateNitrite,16.00,,false,,mg/L as N,max,16.00,nwmp-2021
nwmp-2021,4530,4530,KAMMASANDRA TANK,TANK,2021,,,fecalColiform,2100,,false,,MPN/100mL,min,2100,nwmp-2021
nwmp-2021,4530,4530,KAMMASANDRA TANK,TANK,2021,,,fecalColiform,12000000,,false,,MPN/100mL,max,12000000,nwmp-2021
nwmp-2021,4530,4530,KAMMASANDRA TANK,TANK,2021,,,totalColiform,24000,,false,,MPN/100mL,min,24000,nwmp-2021
nwmp-2021,4530,4530,KAMMASANDRA TANK,TANK,2021,,,totalColiform,92000000,,false,,MPN/100mL,max,92000000,nwmp-2021
nwmp-2021,3657,3657,KANCHANAHALLI KOPPALU KERE,TANK,2021,,,temperature,21.0,,false,,degC,min,21.0,nwmp-2021
nwmp-2021,3657,3657,KANCHANAHALLI KOPPALU KERE,TANK,2021,,,temperature,27.0,,false,,degC,max,27.0,nwmp-2021
nwmp-2021,3657,3657,KANCHANAHALLI KOPPALU KERE,TANK,2021,,,dissolvedOxygen,2.4,,false,,mg/L,min,2.4,nwmp-2021
nwmp-2021,3657,3657,KANCHANAHALLI KOPPALU KERE,TANK,2021,,,dissolvedOxygen,5.0,,false,,mg/L,max,5.0,nwmp-2021
nwmp-2021,3657,3657,KANCHANAHALLI KOPPALU KERE,TANK,2021,,,ph,7.3,,false,,,min,7.3,nwmp-2021
nwmp-2021,3657,3657,KANCHANAHALLI KOPPALU KERE,TANK,2021,,,ph,8.1,,false,,,max,8.1,nwmp-2021
nwmp-2021,3657,3657,KANCHANAHALLI KOPPALU KERE,TANK,2021,,,conductivity,990,,false,,uS/cm,min,990,nwmp-2021
nwmp-2021,3657,3657,KANCHANAHALLI KOPPALU KERE,TANK,2021,,,conductivity,4300,,false,,uS/cm,max,4300,nwmp-2021
nwmp-2021,3657,3657,KANCHANAHALLI KOPPALU KERE,TANK,2021,,,bod,3.4,,false,,mg/L,min,3.4,nwmp-2021
nwmp-2021,3657,3657,KANCHANAHALLI KOPPALU KERE,TANK,2021,,,bod,6.8,,false,,mg/L,max,6.8,nwmp-2021
nwmp-2021,3657,3657,KANCHANAHALLI KOPPALU KERE,TANK,2021,,,nitrateNitrite,0.50,,false,,mg/L as N,min,0.50,nwmp-2021
nwmp-2021,3657,3657,KANCHANAHALLI KOPPALU KERE,TANK,2021,,,nitrateNitrite,1.90,,false,,mg/L as N,max,1.90,nwmp-2021
nwmp-2021,3657,3657,KANCHANAHALLI KOPPALU KERE,TANK,2021,,,fecalColiform,110,,false,,MPN/100mL,min,110,nwmp-2021
nwmp-2021,3657,3657,KANCHANAHALLI KOPPALU KERE,TANK,2021,,,fecalColiform,700,,false,,MPN/100mL,max,700,nwmp-2021
nwmp-2021,3657,3657,KANCHANAHALLI KOPPALU KERE,TANK,2021,,,totalColiform,920,,false,,MPN/100mL,min,920,nwmp-2021
nwmp-2021,3657,3657,KANCHANAHALLI KOPPALU KERE,TANK,2021,,,totalColiform,4700,,false,,MPN/100mL,max,4700,nwmp-2021
nwmp-2021,3588,3588,KARANJIKERE TANK,TANK,2021,,,temperature,19.0,,false,,degC,min,19.0,nwmp-2021
nwmp-2021,3588,3588,KARANJIKERE TANK,TANK,2021,,,temperature,26.0,,false,,degC,max,26.0,nwmp-2021
nwmp-2021,3588,3588,KARANJIKERE TANK,TANK,2021,,,dissolvedOxygen,6.0,,false,,mg/L,min,6.0,nwmp-2021
nwmp-2021,3588,3588,KARANJIKERE TANK,TANK,2021,,,dissolvedOxygen,7.4,,false,,mg/L,max,7.4,nwmp-2021
nwmp-2021,3588,3588,KARANJIKERE TANK,TANK,2021,,,ph,7.4,,false,,,min,7.4,nwmp-2021
nwmp-2021,3588,3588,KARANJIKERE TANK,TANK,2021,,,ph,8.6,,false,,,max,8.6,nwmp-2021
nwmp-2021,3588,3588,KARANJIKERE TANK,TANK,2021,,,conductivity,496,,false,,uS/cm,min,496,nwmp-2021
nwmp-2021,3588,3588,KARANJIKERE TANK,TANK,2021,,,conductivity,764,,false,,uS/cm,max,764,nwmp-2021
nwmp-2021,3588,3588,KARANJIKERE TANK,TANK,2021,,,bod,2.5,,false,,mg/L,min,2.5,nwmp-2021
nwmp-2021,3588,3588,KARANJIKERE TANK,TANK,2021,,,bod,6.0,,false,,mg/L,max,6.0,nwmp-2021
nwmp-2021,3588,3588,KARANJIKERE TANK,TANK,2021,,,nitrateNitrite,1.50,,false,,mg/L as N,min,1.50,nwmp-2021
nwmp-2021,3588,3588,KARANJIKERE TANK,TANK,2021,,,nitrateNitrite,3.20,,false,,mg/L as N,max,3.20,nwmp-2021
nwmp-2021,3588,3588,KARANJIKERE TANK,TANK,2021,,,fecalColiform,700,,false,,MPN/100mL,min,700,nwmp-2021
nwmp-2021,3588,3588,KARANJIKERE TANK,TANK,2021,,,fecalColiform,1100,,false,,MPN/100mL,max,1100,nwmp-2021
nwmp-2021,3588,3588,KARANJIKERE TANK,TANK,2021,,,totalColiform,4300,,false,,MPN/100mL,min,4300,nwmp-2021
nwmp-2021,3588,3588,KARANJIKERE TANK,TANK,2021,,,totalColiform,5800,,false,,MPN/100mL,max,5800,nwmp-2021
nwmp-2021,3684,3684,KELEGERE TANK,TANK,2021,,,temperature,23.0,,false,,degC,min,23.0,nwmp-2021
nwmp-2021,3684,3684,KELEGERE TANK,TANK,2021,,,temperature,26.0,,false,,degC,max,26.0,nwmp-2021
nwmp-2021,3684,3684,KELEGERE TANK,TANK,2021,,,dissolvedOxygen,6.7,,false,,mg/L,min,6.7,nwmp-2021
nwmp-2021,3684,3684,KELEGERE TANK,TANK,2021,,,dissolvedOxygen,7.4,,false,,mg/L,max,7.4,nwmp-2021
nwmp-2021,3684,3684,KELEGERE TANK,TANK,2021,,,ph,7.5,,false,,,min,7.5,nwmp-2021
nwmp-2021,3684,3684,KELEGERE TANK,TANK,2021,,,ph,8.2,,false,,,max,8.2,nwmp-2021
nwmp-2021,3684,3684,KELEGERE TANK,TANK,2021,,,conductivity,447,,false,,uS/cm,min,447,nwmp-2021
nwmp-2021,3684,3684,KELEGERE TANK,TANK,2021,,,conductivity,592,,false,,uS/cm,max,592,nwmp-2021
nwmp-2021,3684,3684,KELEGERE TANK,TANK,2021,,,bod,3.2,,false,,mg/L,min,3.2,nwmp-2021
nwmp-2021,3684,3684,KELEGERE TANK,TANK,2021,,,bod,4.1,,false,,mg/L,max,4.1,nwmp-2021
nwmp-2021,3684,3684,KELEGERE TANK,TANK,2021,,,nitrateNitrite,0.62,,false,,mg/L as N,min,0.62,nwmp-2021
nwmp-2021,3684,3684,KELEGERE TANK,TANK,2021,,,nitrateNitrite,0.88,,false,,mg/L as N,max,0.88,nwmp-2021
nwmp-2021,3684,3684,KELEGERE TANK,TANK,2021,,,fecalColiform,32,,false,,MPN/100mL,min,32,nwmp-2021
nwmp-2021,3684,3684,KELEGERE TANK,TANK,2021,,,fecalColiform,79,,false,,MPN/100mL,max,79,nwmp-2021
nwmp-2021,3684,3684,KELEGERE TANK,TANK,2021,,,totalColiform,212,,false,,MPN/100mL,min,212,nwmp-2021
nwmp-2021,3684,3684,KELEGERE TANK,TANK,2021,,,totalColiform,290,,false,,MPN/100mL,max,290,nwmp-2021
nwmp-2021,3639,3639,KENGERI TANK,TANK,2021,,,temperature,25.0,,false,,degC,min,25.0,nwmp-2021
nwmp-2021,3639,3639,KENGERI TANK,TANK,2021,,,temperature,25.0,,false,,degC,max,25.0,nwmp-2021
nwmp-2021,3639,3639,KENGERI TANK,TANK,2021,,,dissolvedOxygen,1.3,,false,,mg/L,min,1.3,nwmp-2021
nwmp-2021,3639,3639,KENGERI TANK,TANK,2021,,,dissolvedOxygen,7.6,,false,,mg/L,max,7.6,nwmp-2021
nwmp-2021,3639,3639,KENGERI TANK,TANK,2021,,,ph,6.5,,false,,,min,6.5,nwmp-2021
nwmp-2021,3639,3639,KENGERI TANK,TANK,2021,,,ph,7.7,,false,,,max,7.7,nwmp-2021
nwmp-2021,3639,3639,KENGERI TANK,TANK,2021,,,conductivity,289,,false,,uS/cm,min,289,nwmp-2021
nwmp-2021,3639,3639,KENGERI TANK,TANK,2021,,,conductivity,1389,,false,,uS/cm,max,1389,nwmp-2021
nwmp-2021,3639,3639,KENGERI TANK,TANK,2021,,,bod,3.0,,false,,mg/L,min,3.0,nwmp-2021
nwmp-2021,3639,3639,KENGERI TANK,TANK,2021,,,bod,40.0,,false,,mg/L,max,40.0,nwmp-2021
nwmp-2021,3639,3639,KENGERI TANK,TANK,2021,,,nitrateNitrite,0.59,,false,,mg/L as N,min,0.59,nwmp-2021
nwmp-2021,3639,3639,KENGERI TANK,TANK,2021,,,nitrateNitrite,6.30,,false,,mg/L as N,max,6.30,nwmp-2021
nwmp-2021,3639,3639,KENGERI TANK,TANK,2021,,,fecalColiform,3300,,false,,MPN/100mL,min,3300,nwmp-2021
nwmp-2021,3639,3639,KENGERI TANK,TANK,2021,,,fecalColiform,940000,,false,,MPN/100mL,max,940000,nwmp-2021
nwmp-2021,3639,3639,KENGERI TANK,TANK,2021,,,totalColiform,24000,,false,,MPN/100mL,min,24000,nwmp-2021
nwmp-2021,3639,3639,KENGERI TANK,TANK,2021,,,totalColiform,5400000,,false,,MPN/100mL,max,5400000,nwmp-2021
nwmp-2021,4511,4511,KOGILU KERE,TANK,2021,,,temperature,25.0,,false,,degC,min,25.0,nwmp-2021
nwmp-2021,4511,4511,KOGILU KERE,TANK,2021,,,temperature,25.0,,false,,degC,max,25.0,nwmp-2021
nwmp-2021,4511,4511,KOGILU KERE,TANK,2021,,,dissolvedOxygen,3.1,,false,,mg/L,min,3.1,nwmp-2021
nwmp-2021,4511,4511,KOGILU KERE,TANK,2021,,,dissolvedOxygen,7.2,,false,,mg/L,max,7.2,nwmp-2021
nwmp-2021,4511,4511,KOGILU KERE,TANK,2021,,,ph,6.5,,false,,,min,6.5,nwmp-2021
nwmp-2021,4511,4511,KOGILU KERE,TANK,2021,,,ph,8.3,,false,,,max,8.3,nwmp-2021
nwmp-2021,4511,4511,KOGILU KERE,TANK,2021,,,conductivity,407,,false,,uS/cm,min,407,nwmp-2021
nwmp-2021,4511,4511,KOGILU KERE,TANK,2021,,,conductivity,1332,,false,,uS/cm,max,1332,nwmp-2021
nwmp-2021,4511,4511,KOGILU KERE,TANK,2021,,,bod,3.0,,false,,mg/L,min,3.0,nwmp-2021
nwmp-2021,4511,4511,KOGILU KERE,TANK,2021,,,bod,13.0,,false,,mg/L,max,13.0,nwmp-2021
nwmp-2021,4511,4511,KOGILU KERE,TANK,2021,,,nitrateNitrite,0.40,,false,,mg/L as N,min,0.40,nwmp-2021
nwmp-2021,4511,4511,KOGILU KERE,TANK,2021,,,nitrateNitrite,4.40,,false,,mg/L as N,max,4.40,nwmp-2021
nwmp-2021,4511,4511,KOGILU KERE,TANK,2021,,,fecalColiform,3300,,false,,MPN/100mL,min,3300,nwmp-2021
nwmp-2021,4511,4511,KOGILU KERE,TANK,2021,,,fecalColiform,6300000,,false,,MPN/100mL,max,6300000,nwmp-2021
nwmp-2021,4511,4511,KOGILU KERE,TANK,2021,,,totalColiform,35000,,false,,MPN/100mL,min,35000,nwmp-2021
nwmp-2021,4511,4511,KOGILU KERE,TANK,2021,,,totalColiform,160000000,,false,,MPN/100mL,max,160000000,nwmp-2021
nwmp-2021,3661,3661,KOKKANAGHATTADODDAKERE TANK,TANK,2021,,,temperature,22.0,,false,,degC,min,22.0,nwmp-2021
nwmp-2021,3661,3661,KOKKANAGHATTADODDAKERE TANK,TANK,2021,,,temperature,27.0,,false,,degC,max,27.0,nwmp-2021
nwmp-2021,3661,3661,KOKKANAGHATTADODDAKERE TANK,TANK,2021,,,dissolvedOxygen,3.6,,false,,mg/L,min,3.6,nwmp-2021
nwmp-2021,3661,3661,KOKKANAGHATTADODDAKERE TANK,TANK,2021,,,dissolvedOxygen,6.9,,false,,mg/L,max,6.9,nwmp-2021
nwmp-2021,3661,3661,KOKKANAGHATTADODDAKERE TANK,TANK,2021,,,ph,7.7,,false,,,min,7.7,nwmp-2021
nwmp-2021,3661,3661,KOKKANAGHATTADODDAKERE TANK,TANK,2021,,,ph,8.8,,false,,,max,8.8,nwmp-2021
nwmp-2021,3661,3661,KOKKANAGHATTADODDAKERE TANK,TANK,2021,,,conductivity,500,,false,,uS/cm,min,500,nwmp-2021
nwmp-2021,3661,3661,KOKKANAGHATTADODDAKERE TANK,TANK,2021,,,conductivity,2900,,false,,uS/cm,max,2900,nwmp-2021
nwmp-2021,3661,3661,KOKKANAGHATTADODDAKERE TANK,TANK,2021,,,bod,2.6,,false,,mg/L,min,2.6,nwmp-2021
nwmp-2021,3661,3661,KOKKANAGHATTADODDAKERE TANK,TANK,2021,,,bod,7.2,,false,,mg/L,max,7.2,nwmp-2021
nwmp-2021,3661,3661,KOKKANAGHATTADODDAKERE TANK,TANK,2021,,,nitrateNitrite,0.30,,false,,mg/L as N,min,0.30,nwmp-2021
nwmp-2021,3661,3661,KOKKANAGHATTADODDAKERE TANK,TANK,2021,,,nitrateNitrite,1.30,,false,,mg/L as N,max,1.30,nwmp-2021
nwmp-2021,3661,3661,KOKKANAGHATTADODDAKERE TANK,TANK,2021,,,fecalColiform,140,,false,,MPN/100mL,min,140,nwmp-2021
nwmp-2021,3661,3661,KOKKANAGHATTADODDAKERE TANK,TANK,2021,,,fecalColiform,400,,false,,MPN/100mL,max,400,nwmp-2021
nwmp-2021,3661,3661,KOKKANAGHATTADODDAKERE TANK,TANK,2021,,,totalColiform,1100,,false,,MPN/100mL,min,1100,nwmp-2021
nwmp-2021,3661,3661,KOKKANAGHATTADODDAKERE TANK,TANK,2021,,,totalColiform,2800,,false,,MPN/100mL,max,2800,nwmp-2021
nwmp-2021,3695,3695,KONDAGGIKERE TANK,TANK,2021,,,temperature,26.0,,false,,degC,min,26.0,nwmp-2021
nwmp-2021,3695,3695,KONDAGGIKERE TANK,TANK,2021,,,temperature,28.0,,false,,degC,max,28.0,nwmp-2021
nwmp-2021,3695,3695,KONDAGGIKERE TANK,TANK,2021,,,dissolvedOxygen,5.8,,false,,mg/L,min,5.8,nwmp-2021
nwmp-2021,3695,3695,KONDAGGIKERE TANK,TANK,2021,,,dissolvedOxygen,7.4,,false,,mg/L,max,7.4,nwmp-2021
nwmp-2021,3695,3695,KONDAGGIKERE TANK,TANK,2021,,,ph,7.6,,false,,,min,7.6,nwmp-2021
nwmp-2021,3695,3695,KONDAGGIKERE TANK,TANK,2021,,,ph,8.2,,false,,,max,8.2,nwmp-2021
nwmp-2021,3695,3695,KONDAGGIKERE TANK,TANK,2021,,,conductivity,220,,false,,uS/cm,min,220,nwmp-2021
nwmp-2021,3695,3695,KONDAGGIKERE TANK,TANK,2021,,,conductivity,370,,false,,uS/cm,max,370,nwmp-2021
nwmp-2021,3695,3695,KONDAGGIKERE TANK,TANK,2021,,,bod,2.2,,false,,mg/L,min,2.2,nwmp-2021
nwmp-2021,3695,3695,KONDAGGIKERE TANK,TANK,2021,,,bod,6.5,,false,,mg/L,max,6.5,nwmp-2021
nwmp-2021,3695,3695,KONDAGGIKERE TANK,TANK,2021,,,nitrateNitrite,0.30,,false,,mg/L as N,min,0.30,nwmp-2021
nwmp-2021,3695,3695,KONDAGGIKERE TANK,TANK,2021,,,nitrateNitrite,0.30,,false,,mg/L as N,max,0.30,nwmp-2021
nwmp-2021,3695,3695,KONDAGGIKERE TANK,TANK,2021,,,fecalColiform,,,false,,MPN/100mL,min,-,nwmp-2021
nwmp-2021,3695,3695,KONDAGGIKERE TANK,TANK,2021,,,fecalColiform,,,false,,MPN/100mL,max,-,nwmp-2021
nwmp-2021,3695,3695,KONDAGGIKERE TANK,TANK,2021,,,totalColiform,,,false,,MPN/100mL,min,-,nwmp-2021
nwmp-2021,3695,3695,KONDAGGIKERE TANK,TANK,2021,,,totalColiform,,,false,,MPN/100mL,max,-,nwmp-2021
nwmp-2021,3662,3662,KOUSHIKA KERE,TANK,2021,,,temperature,21.0,,false,,degC,min,21.0,nwmp-2021
nwmp-2021,3662,3662,KOUSHIKA KERE,TANK,2021,,,temperature,27.0,,false,,degC,max,27.0,nwmp-2021
nwmp-2021,3662,3662,KOUSHIKA KERE,TANK,2021,,,dissolvedOxygen,5.7,,false,,mg/L,min,5.7,nwmp-2021
nwmp-2021,3662,3662,KOUSHIKA KERE,TANK,2021,,,dissolvedOxygen,7.3,,false,,mg/L,max,7.3,nwmp-2021
nwmp-2021,3662,3662,KOUSHIKA KERE,TANK,2021,,,ph,7.3,,false,,,min,7.3,nwmp-2021
nwmp-2021,3662,3662,KOUSHIKA KERE,TANK,2021,,,ph,7.8,,false,,,max,7.8,nwmp-2021
nwmp-2021,3662,3662,KOUSHIKA KERE,TANK,2021,,,conductivity,450,,false,,uS/cm,min,450,nwmp-2021
nwmp-2021,3662,3662,KOUSHIKA KERE,TANK,2021,,,conductivity,540,,false,,uS/cm,max,540,nwmp-2021
nwmp-2021,3662,3662,KOUSHIKA KERE,TANK,2021,,,bod,1.8,,false,,mg/L,min,1.8,nwmp-2021
nwmp-2021,3662,3662,KOUSHIKA KERE,TANK,2021,,,bod,2.3,,false,,mg/L,max,2.3,nwmp-2021
nwmp-2021,3662,3662,KOUSHIKA KERE,TANK,2021,,,nitrateNitrite,0.30,,false,,mg/L as N,min,0.30,nwmp-2021
nwmp-2021,3662,3662,KOUSHIKA KERE,TANK,2021,,,nitrateNitrite,0.30,,false,,mg/L as N,max,0.30,nwmp-2021
nwmp-2021,3662,3662,KOUSHIKA KERE,TANK,2021,,,fecalColiform,93,,false,,MPN/100mL,min,93,nwmp-2021
nwmp-2021,3662,3662,KOUSHIKA KERE,TANK,2021,,,fecalColiform,220,,false,,MPN/100mL,max,220,nwmp-2021
nwmp-2021,3662,3662,KOUSHIKA KERE,TANK,2021,,,totalColiform,920,,false,,MPN/100mL,min,920,nwmp-2021
nwmp-2021,3662,3662,KOUSHIKA KERE,TANK,2021,,,totalColiform,1400,,false,,MPN/100mL,max,1400,nwmp-2021
nwmp-2021,3692,3692,KUNDUVADAKERE TANK,TANK,2021,,,temperature,27.0,,false,,degC,min,27.0,nwmp-2021
nwmp-2021,3692,3692,KUNDUVADAKERE TANK,TANK,2021,,,temperature,27.0,,false,,degC,max,27.0,nwmp-2021
nwmp-2021,3692,3692,KUNDUVADAKERE TANK,TANK,2021,,,dissolvedOxygen,6.9,,false,,mg/L,min,6.9,nwmp-2021
nwmp-2021,3692,3692,KUNDUVADAKERE TANK,TANK,2021,,,dissolvedOxygen,6.9,,false,,mg/L,max,6.9,nwmp-2021
nwmp-2021,3692,3692,KUNDUVADAKERE TANK,TANK,2021,,,ph,8.0,,false,,,min,8.0,nwmp-2021
nwmp-2021,3692,3692,KUNDUVADAKERE TANK,TANK,2021,,,ph,8.0,,false,,,max,8.0,nwmp-2021
nwmp-2021,3692,3692,KUNDUVADAKERE TANK,TANK,2021,,,conductivity,330,,false,,uS/cm,min,330,nwmp-2021
nwmp-2021,3692,3692,KUNDUVADAKERE TANK,TANK,2021,,,conductivity,330,,false,,uS/cm,max,330,nwmp-2021
nwmp-2021,3692,3692,KUNDUVADAKERE TANK,TANK,2021,,,bod,2.3,,false,,mg/L,min,2.3,nwmp-2021
nwmp-2021,3692,3692,KUNDUVADAKERE TANK,TANK,2021,,,bod,2.3,,false,,mg/L,max,2.3,nwmp-2021
nwmp-2021,3692,3692,KUNDUVADAKERE TANK,TANK,2021,,,nitrateNitrite,1.10,,false,,mg/L as N,min,1.10,nwmp-2021
nwmp-2021,3692,3692,KUNDUVADAKERE TANK,TANK,2021,,,nitrateNitrite,1.10,,false,,mg/L as N,max,1.10,nwmp-2021
nwmp-2021,3692,3692,KUNDUVADAKERE TANK,TANK,2021,,,fecalColiform,,,false,,MPN/100mL,min,-,nwmp-2021
nwmp-2021,3692,3692,KUNDUVADAKERE TANK,TANK,2021,,,fecalColiform,,,false,,MPN/100mL,max,-,nwmp-2021
nwmp-2021,3692,3692,KUNDUVADAKERE TANK,TANK,2021,,,totalColiform,,,false,,MPN/100mL,min,-,nwmp-2021
nwmp-2021,3692,3692,KUNDUVADAKERE TANK,TANK,2021,,,totalColiform,,,false,,MPN/100mL,max,-,nwmp-2021
nwmp-2021,3590,3590,LALBAGH TANK,TANK,2021,,,temperature,25.0,,false,,degC,min,25.0,nwmp-2021
nwmp-2021,3590,3590,LALBAGH TANK,TANK,2021,,,temperature,25.0,,false,,degC,max,25.0,nwmp-2021
nwmp-2021,3590,3590,LALBAGH TANK,TANK,2021,,,dissolvedOxygen,2.6,,false,,mg/L,min,2.6,nwmp-2021
nwmp-2021,3590,3590,LALBAGH TANK,TANK,2021,,,dissolvedOxygen,6.9,,false,,mg/L,max,6.9,nwmp-2021
nwmp-2021,3590,3590,LALBAGH TANK,TANK,2021,,,ph,6.6,,false,,,min,6.6,nwmp-2021
nwmp-2021,3590,3590,LALBAGH TANK,TANK,2021,,,ph,8.1,,false,,,max,8.1,nwmp-2021
nwmp-2021,3590,3590,LALBAGH TANK,TANK,2021,,,conductivity,397,,false,,uS/cm,min,397,nwmp-2021
nwmp-2021,3590,3590,LALBAGH TANK,TANK,2021,,,conductivity,509,,false,,uS/cm,max,509,nwmp-2021
nwmp-2021,3590,3590,LALBAGH TANK,TANK,2021,,,bod,3.0,,false,,mg/L,min,3.0,nwmp-2021
nwmp-2021,3590,3590,LALBAGH TANK,TANK,2021,,,bod,28.0,,false,,mg/L,max,28.0,nwmp-2021
nwmp-2021,3590,3590,LALBAGH TANK,TANK,2021,,,nitrateNitrite,0.61,,false,,mg/L as N,min,0.61,nwmp-2021
nwmp-2021,3590,3590,LALBAGH TANK,TANK,2021,,,nitrateNitrite,3.00,,false,,mg/L as N,max,3.00,nwmp-2021
nwmp-2021,3590,3590,LALBAGH TANK,TANK,2021,,,fecalColiform,3100,,false,,MPN/100mL,min,3100,nwmp-2021
nwmp-2021,3590,3590,LALBAGH TANK,TANK,2021,,,fecalColiform,49000,,false,,MPN/100mL,max,49000,nwmp-2021
nwmp-2021,3590,3590,LALBAGH TANK,TANK,2021,,,totalColiform,24000,,false,,MPN/100mL,min,24000,nwmp-2021
nwmp-2021,3590,3590,LALBAGH TANK,TANK,2021,,,totalColiform,540000,,false,,MPN/100mL,max,540000,nwmp-2021
nwmp-2021,3665,3665,LINGAPPANAKATTE TANK,TANK,2021,,,temperature,21.0,,false,,degC,min,21.0,nwmp-2021
nwmp-2021,3665,3665,LINGAPPANAKATTE TANK,TANK,2021,,,temperature,27.0,,false,,degC,max,27.0,nwmp-2021
nwmp-2021,3665,3665,LINGAPPANAKATTE TANK,TANK,2021,,,dissolvedOxygen,5.0,,false,,mg/L,min,5.0,nwmp-2021
nwmp-2021,3665,3665,LINGAPPANAKATTE TANK,TANK,2021,,,dissolvedOxygen,7.0,,false,,mg/L,max,7.0,nwmp-2021
nwmp-2021,3665,3665,LINGAPPANAKATTE TANK,TANK,2021,,,ph,7.5,,false,,,min,7.5,nwmp-2021
nwmp-2021,3665,3665,LINGAPPANAKATTE TANK,TANK,2021,,,ph,7.9,,false,,,max,7.9,nwmp-2021
nwmp-2021,3665,3665,LINGAPPANAKATTE TANK,TANK,2021,,,conductivity,370,,false,,uS/cm,min,370,nwmp-2021
nwmp-2021,3665,3665,LINGAPPANAKATTE TANK,TANK,2021,,,conductivity,620,,false,,uS/cm,max,620,nwmp-2021
nwmp-2021,3665,3665,LINGAPPANAKATTE TANK,TANK,2021,,,bod,2.0,,false,,mg/L,min,2.0,nwmp-2021
nwmp-2021,3665,3665,LINGAPPANAKATTE TANK,TANK,2021,,,bod,3.0,,false,,mg/L,max,3.0,nwmp-2021
nwmp-2021,3665,3665,LINGAPPANAKATTE TANK,TANK,2021,,,nitrateNitrite,0.30,,false,,mg/L as N,min,0.30,nwmp-2021
nwmp-2021,3665,3665,LINGAPPANAKATTE TANK,TANK,2021,,,nitrateNitrite,0.30,,false,,mg/L as N,max,0.30,nwmp-2021
nwmp-2021,3665,3665,LINGAPPANAKATTE TANK,TANK,2021,,,fecalColiform,94,,false,,MPN/100mL,min,94,nwmp-2021
nwmp-2021,3665,3665,LINGAPPANAKATTE TANK,TANK,2021,,,fecalColiform,270,,false,,MPN/100mL,max,270,nwmp-2021
nwmp-2021,3665,3665,LINGAPPANAKATTE TANK,TANK,2021,,,totalColiform,920,,false,,MPN/100mL,min,920,nwmp-2021
nwmp-2021,3665,3665,LINGAPPANAKATTE TANK,TANK,2021,,,totalColiform,1700,,false,,MPN/100mL,max,1700,nwmp-2021
nwmp-2021,3599,3599,MADAVARA TANK,TANK,2021,,,temperature,25.0,,false,,degC,min,25.0,nwmp-2021
nwmp-2021,3599,3599,MADAVARA TANK,TANK,2021,,,temperature,25.0,,false,,degC,max,25.0,nwmp-2021
nwmp-2021,3599,3599,MADAVARA TANK,TANK,2021,,,dissolvedOxygen,3.4,,false,,mg/L,min,3.4,nwmp-2021
nwmp-2021,3599,3599,MADAVARA TANK,TANK,2021,,,dissolvedOxygen,6.6,,false,,mg/L,max,6.6,nwmp-2021
nwmp-2021,3599,3599,MADAVARA TANK,TANK,2021,,,ph,6.2,,false,,,min,6.2,nwmp-2021
nwmp-2021,3599,3599,MADAVARA TANK,TANK,2021,,,ph,7.6,,false,,,max,7.6,nwmp-2021
nwmp-2021,3599,3599,MADAVARA TANK,TANK,2021,,,conductivity,213,,false,,uS/cm,min,213,nwmp-2021
nwmp-2021,3599,3599,MADAVARA TANK,TANK,2021,,,conductivity,1240,,false,,uS/cm,max,1240,nwmp-2021
nwmp-2021,3599,3599,MADAVARA TANK,TANK,2021,,,bod,2.0,,false,,mg/L,min,2.0,nwmp-2021
nwmp-2021,3599,3599,MADAVARA TANK,TANK,2021,,,bod,13.0,,false,,mg/L,max,13.0,nwmp-2021
nwmp-2021,3599,3599,MADAVARA TANK,TANK,2021,,,nitrateNitrite,0.56,,false,,mg/L as N,min,0.56,nwmp-2021
nwmp-2021,3599,3599,MADAVARA TANK,TANK,2021,,,nitrateNitrite,3.80,,false,,mg/L as N,max,3.80,nwmp-2021
nwmp-2021,3599,3599,MADAVARA TANK,TANK,2021,,,fecalColiform,2300,,false,,MPN/100mL,min,2300,nwmp-2021
nwmp-2021,3599,3599,MADAVARA TANK,TANK,2021,,,fecalColiform,460000,,false,,MPN/100mL,max,460000,nwmp-2021
nwmp-2021,3599,3599,MADAVARA TANK,TANK,2021,,,totalColiform,24000,,false,,MPN/100mL,min,24000,nwmp-2021
nwmp-2021,3599,3599,MADAVARA TANK,TANK,2021,,,totalColiform,3500000,,false,,MPN/100mL,max,3500000,nwmp-2021
nwmp-2021,4503,4503,MADHURE TANK,TANK,2021,,,temperature,25.0,,false,,degC,min,25.0,nwmp-2021
nwmp-2021,4503,4503,MADHURE TANK,TANK,2021,,,temperature,25.0,,false,,degC,max,25.0,nwmp-2021
nwmp-2021,4503,4503,MADHURE TANK,TANK,2021,,,dissolvedOxygen,3.4,,false,,mg/L,min,3.4,nwmp-2021
nwmp-2021,4503,4503,MADHURE TANK,TANK,2021,,,dissolvedOxygen,6.3,,false,,mg/L,max,6.3,nwmp-2021
nwmp-2021,4503,4503,MADHURE TANK,TANK,2021,,,ph,6.5,,false,,,min,6.5,nwmp-2021
nwmp-2021,4503,4503,MADHURE TANK,TANK,2021,,,ph,6.8,,false,,,max,6.8,nwmp-2021
nwmp-2021,4503,4503,MADHURE TANK,TANK,2021,,,conductivity,64,,false,,uS/cm,min,64,nwmp-2021
nwmp-2021,4503,4503,MADHURE TANK,TANK,2021,,,conductivity,398,,false,,uS/cm,max,398,nwmp-2021
nwmp-2021,4503,4503,MADHURE TANK,TANK,2021,,,bod,3.0,,false,,mg/L,min,3.0,nwmp-2021
nwmp-2021,4503,4503,MADHURE TANK,TANK,2021,,,bod,18.0,,false,,mg/L,max,18.0,nwmp-2021
nwmp-2021,4503,4503,MADHURE TANK,TANK,2021,,,nitrateNitrite,0.30,,false,,mg/L as N,min,0.30,nwmp-2021
nwmp-2021,4503,4503,MADHURE TANK,TANK,2021,,,nitrateNitrite,2.10,,false,,mg/L as N,max,2.10,nwmp-2021
nwmp-2021,4503,4503,MADHURE TANK,TANK,2021,,,fecalColiform,4900,,false,,MPN/100mL,min,4900,nwmp-2021
nwmp-2021,4503,4503,MADHURE TANK,TANK,2021,,,fecalColiform,11000000,,false,,MPN/100mL,max,11000000,nwmp-2021
nwmp-2021,4503,4503,MADHURE TANK,TANK,2021,,,totalColiform,24000,,false,,MPN/100mL,min,24000,nwmp-2021
nwmp-2021,4503,4503,MADHURE TANK,TANK,2021,,,totalColiform,92000000,,false,,MPN/100mL,max,92000000,nwmp-2021
nwmp-2021,3589,3589,MADIWALA TANK,TANK,2021,,,temperature,25.0,,false,,degC,min,25.0,nwmp-2021
nwmp-2021,3589,3589,MADIWALA TANK,TANK,2021,,,temperature,25.0,,false,,degC,max,25.0,nwmp-2021
nwmp-2021,3589,3589,MADIWALA TANK,TANK,2021,,,dissolvedOxygen,4.2,,false,,mg/L,min,4.2,nwmp-2021
nwmp-2021,3589,3589,MADIWALA TANK,TANK,2021,,,dissolvedOxygen,7.1,,false,,mg/L,max,7.1,nwmp-2021
nwmp-2021,3589,3589,MADIWALA TANK,TANK,2021,,,ph,6.7,,false,,,min,6.7,nwmp-2021
nwmp-2021,3589,3589,MADIWALA TANK,TANK,2021,,,ph,8.4,,false,,,max,8.4,nwmp-2021
nwmp-2021,3589,3589,MADIWALA TANK,TANK,2021,,,conductivity,286,,false,,uS/cm,min,286,nwmp-2021
nwmp-2021,3589,3589,MADIWALA TANK,TANK,2021,,,conductivity,1402,,false,,uS/cm,max,1402,nwmp-2021
nwmp-2021,3589,3589,MADIWALA TANK,TANK,2021,,,bod,3.0,,false,,mg/L,min,3.0,nwmp-2021
nwmp-2021,3589,3589,MADIWALA TANK,TANK,2021,,,bod,10.0,,false,,mg/L,max,10.0,nwmp-2021
nwmp-2021,3589,3589,MADIWALA TANK,TANK,2021,,,nitrateNitrite,1.03,,false,,mg/L as N,min,1.03,nwmp-2021
nwmp-2021,3589,3589,MADIWALA TANK,TANK,2021,,,nitrateNitrite,4.30,,false,,mg/L as N,max,4.30,nwmp-2021
nwmp-2021,3589,3589,MADIWALA TANK,TANK,2021,,,fecalColiform,2300,,false,,MPN/100mL,min,2300,nwmp-2021
nwmp-2021,3589,3589,MADIWALA TANK,TANK,2021,,,fecalColiform,170000,,false,,MPN/100mL,max,170000,nwmp-2021
nwmp-2021,3589,3589,MADIWALA TANK,TANK,2021,,,totalColiform,24000,,false,,MPN/100mL,min,24000,nwmp-2021
nwmp-2021,3589,3589,MADIWALA TANK,TANK,2021,,,totalColiform,1600000,,false,,MPN/100mL,max,1600000,nwmp-2021
nwmp-2021,3659,3659,MAKANA KERE,TANK,2021,,,temperature,21.0,,false,,degC,min,21.0,nwmp-2021
nwmp-2021,3659,3659,MAKANA KERE,TANK,2021,,,temperature,27.0,,false,,degC,max,27.0,nwmp-2021
nwmp-2021,3659,3659,MAKANA KERE,TANK,2021,,,dissolvedOxygen,1.9,,false,,mg/L,min,1.9,nwmp-2021
nwmp-2021,3659,3659,MAKANA KERE,TANK,2021,,,dissolvedOxygen,3.0,,false,,mg/L,max,3.0,nwmp-2021
nwmp-2021,3659,3659,MAKANA KERE,TANK,2021,,,ph,7.3,,false,,,min,7.3,nwmp-2021
nwmp-2021,3659,3659,MAKANA KERE,TANK,2021,,,ph,8.0,,false,,,max,8.0,nwmp-2021
nwmp-2021,3659,3659,MAKANA KERE,TANK,2021,,,conductivity,740,,false,,uS/cm,min,740,nwmp-2021
nwmp-2021,3659,3659,MAKANA KERE,TANK,2021,,,conductivity,1400,,false,,uS/cm,max,1400,nwmp-2021
nwmp-2021,3659,3659,MAKANA KERE,TANK,2021,,,bod,3.8,,false,,mg/L,min,3.8,nwmp-2021
nwmp-2021,3659,3659,MAKANA KERE,TANK,2021,,,bod,5.8,,false,,mg/L,max,5.8,nwmp-2021
nwmp-2021,3659,3659,MAKANA KERE,TANK,2021,,,nitrateNitrite,0.70,,false,,mg/L as N,min,0.70,nwmp-2021
nwmp-2021,3659,3659,MAKANA KERE,TANK,2021,,,nitrateNitrite,1.20,,false,,mg/L as N,max,1.20,nwmp-2021
nwmp-2021,3659,3659,MAKANA KERE,TANK,2021,,,fecalColiform,930,,false,,MPN/100mL,min,930,nwmp-2021
nwmp-2021,3659,3659,MAKANA KERE,TANK,2021,,,fecalColiform,2600,,false,,MPN/100mL,max,2600,nwmp-2021
nwmp-2021,3659,3659,MAKANA KERE,TANK,2021,,,totalColiform,7000,,false,,MPN/100mL,min,7000,nwmp-2021
nwmp-2021,3659,3659,MAKANA KERE,TANK,2021,,,totalColiform,13000,,false,,MPN/100mL,max,13000,nwmp-2021
nwmp-2021,3635,3635,MALATHAHALLI TANK,TANK,2021,,,temperature,25.0,,false,,degC,min,25.0,nwmp-2021
nwmp-2021,3635,3635,MALATHAHALLI TANK,TANK,2021,,,temperature,25.0,,false,,degC,max,25.0,nwmp-2021
nwmp-2021,3635,3635,MALATHAHALLI TANK,TANK,2021,,,dissolvedOxygen,0.3,,false,,mg/L,min,0.3,nwmp-2021
nwmp-2021,3635,3635,MALATHAHALLI TANK,TANK,2021,,,dissolvedOxygen,5.8,,false,,mg/L,max,5.8,nwmp-2021
nwmp-2021,3635,3635,MALATHAHALLI TANK,TANK,2021,,,ph,6.3,,false,,,min,6.3,nwmp-2021
nwmp-2021,3635,3635,MALATHAHALLI TANK,TANK,2021,,,ph,7.6,,false,,,max,7.6,nwmp-2021
nwmp-2021,3635,3635,MALATHAHALLI TANK,TANK,2021,,,conductivity,375,,false,,uS/cm,min,375,nwmp-2021
nwmp-2021,3635,3635,MALATHAHALLI TANK,TANK,2021,,,conductivity,1898,,false,,uS/cm,max,1898,nwmp-2021
nwmp-2021,3635,3635,MALATHAHALLI TANK,TANK,2021,,,bod,4.0,,false,,mg/L,min,4.0,nwmp-2021
nwmp-2021,3635,3635,MALATHAHALLI TANK,TANK,2021,,,bod,38.0,,false,,mg/L,max,38.0,nwmp-2021
nwmp-2021,3635,3635,MALATHAHALLI TANK,TANK,2021,,,nitrateNitrite,1.60,,false,,mg/L as N,min,1.60,nwmp-2021
nwmp-2021,3635,3635,MALATHAHALLI TANK,TANK,2021,,,nitrateNitrite,7.80,,false,,mg/L as N,max,7.80,nwmp-2021
nwmp-2021,3635,3635,MALATHAHALLI TANK,TANK,2021,,,fecalColiform,4900,,false,,MPN/100mL,min,4900,nwmp-2021
nwmp-2021,3635,3635,MALATHAHALLI TANK,TANK,2021,,,fecalColiform,1100000,,false,,MPN/100mL,max,1100000,nwmp-2021
nwmp-2021,3635,3635,MALATHAHALLI TANK,TANK,2021,,,totalColiform,24000,,false,,MPN/100mL,min,24000,nwmp-2021
nwmp-2021,3635,3635,MALATHAHALLI TANK,TANK,2021,,,totalColiform,9200000,,false,,MPN/100mL,max,9200000,nwmp-2021
nwmp-2021,4092,4092,"MANCHALAPUR TANK, MANCHALAPUR, RAICHUR TQ & DIST",TANK,2021,,,temperature,26.0,,false,,degC,min,26.0,nwmp-2021
nwmp-2021,4092,4092,"MANCHALAPUR TANK, MANCHALAPUR, RAICHUR TQ & DIST",TANK,2021,,,temperature,29.0,,false,,degC,max,29.0,nwmp-2021
nwmp-2021,4092,4092,"MANCHALAPUR TANK, MANCHALAPUR, RAICHUR TQ & DIST",TANK,2021,,,dissolvedOxygen,6.5,,false,,mg/L,min,6.5,nwmp-2021
nwmp-2021,4092,4092,"MANCHALAPUR TANK, MANCHALAPUR, RAICHUR TQ & DIST",TANK,2021,,,dissolvedOxygen,7.2,,false,,mg/L,max,7.2,nwmp-2021
nwmp-2021,4092,4092,"MANCHALAPUR TANK, MANCHALAPUR, RAICHUR TQ & DIST",TANK,2021,,,ph,7.8,,false,,,min,7.8,nwmp-2021
nwmp-2021,4092,4092,"MANCHALAPUR TANK, MANCHALAPUR, RAICHUR TQ & DIST",TANK,2021,,,ph,8.8,,false,,,max,8.8,nwmp-2021
nwmp-2021,4092,4092,"MANCHALAPUR TANK, MANCHALAPUR, RAICHUR TQ & DIST",TANK,2021,,,conductivity,922,,false,,uS/cm,min,922,nwmp-2021
nwmp-2021,4092,4092,"MANCHALAPUR TANK, MANCHALAPUR, RAICHUR TQ & DIST",TANK,2021,,,conductivity,2385,,false,,uS/cm,max,2385,nwmp-2021
nwmp-2021,4092,4092,"MANCHALAPUR TANK, MANCHALAPUR, RAICHUR TQ & DIST",TANK,2021,,,bod,6.0,,false,,mg/L,min,6.0,nwmp-2021
nwmp-2021,4092,4092,"MANCHALAPUR TANK, MANCHALAPUR, RAICHUR TQ & DIST",TANK,2021,,,bod,18.0,,false,,mg/L,max,18.0,nwmp-2021
nwmp-2021,4092,4092,"MANCHALAPUR TANK, MANCHALAPUR, RAICHUR TQ & DIST",TANK,2021,,,nitrateNitrite,0.30,,false,,mg/L as N,min,0.30,nwmp-2021
nwmp-2021,4092,4092,"MANCHALAPUR TANK, MANCHALAPUR, RAICHUR TQ & DIST",TANK,2021,,,nitrateNitrite,2.27,,false,,mg/L as N,max,2.27,nwmp-2021
nwmp-2021,4092,4092,"MANCHALAPUR TANK, MANCHALAPUR, RAICHUR TQ & DIST",TANK,2021,,,fecalColiform,7900,,false,,MPN/100mL,min,7900,nwmp-2021
nwmp-2021,4092,4092,"MANCHALAPUR TANK, MANCHALAPUR, RAICHUR TQ & DIST",TANK,2021,,,fecalColiform,54000,,false,,MPN/100mL,max,54000,nwmp-2021
nwmp-2021,4092,4092,"MANCHALAPUR TANK, MANCHALAPUR, RAICHUR TQ & DIST",TANK,2021,,,totalColiform,35000,,false,,MPN/100mL,min,35000,nwmp-2021
nwmp-2021,4092,4092,"MANCHALAPUR TANK, MANCHALAPUR, RAICHUR TQ & DIST",TANK,2021,,,totalColiform,160000,,false,,MPN/100mL,max,160000,nwmp-2021
nwmp-2021,4501,4501,MANCHANABALE DAM,TANK,2021,,,temperature,25.0,,false,,degC,min,25.0,nwmp-2021
nwmp-2021,4501,4501,MANCHANABALE DAM,TANK,2021,,,temperature,25.0,,false,,degC,max,25.0,nwmp-2021
nwmp-2021,4501,4501,MANCHANABALE DAM,TANK,2021,,,dissolvedOxygen,3.3,,false,,mg/L,min,3.3,nwmp-2021
nwmp-2021,4501,4501,MANCHANABALE DAM,TANK,2021,,,dissolvedOxygen,7.0,,false,,mg/L,max,7.0,nwmp-2021
nwmp-2021,4501,4501,MANCHANABALE DAM,TANK,2021,,,ph,6.6,,false,,,min,6.6,nwmp-2021
nwmp-2021,4501,4501,MANCHANABALE DAM,TANK,2021,,,ph,8.3,,false,,,max,8.3,nwmp-2021
nwmp-2021,4501,4501,MANCHANABALE DAM,TANK,2021,,,conductivity,643,,false,,uS/cm,min,643,nwmp-2021
nwmp-2021,4501,4501,MANCHANABALE DAM,TANK,2021,,,conductivity,1100,,false,,uS/cm,max,1100,nwmp-2021
nwmp-2021,4501,4501,MANCHANABALE DAM,TANK,2021,,,bod,4.0,,false,,mg/L,min,4.0,nwmp-2021
nwmp-2021,4501,4501,MANCHANABALE DAM,TANK,2021,,,bod,10.0,,false,,mg/L,max,10.0,nwmp-2021
nwmp-2021,4501,4501,MANCHANABALE DAM,TANK,2021,,,nitrateNitrite,0.30,,false,,mg/L as N,min,0.30,nwmp-2021
nwmp-2021,4501,4501,MANCHANABALE DAM,TANK,2021,,,nitrateNitrite,14.04,,false,,mg/L as N,max,14.04,nwmp-2021
nwmp-2021,4501,4501,MANCHANABALE DAM,TANK,2021,,,fecalColiform,3300,,false,,MPN/100mL,min,3300,nwmp-2021
nwmp-2021,4501,4501,MANCHANABALE DAM,TANK,2021,,,fecalColiform,33000,,false,,MPN/100mL,max,33000,nwmp-2021
nwmp-2021,4501,4501,MANCHANABALE DAM,TANK,2021,,,totalColiform,24000,,false,,MPN/100mL,min,24000,nwmp-2021
nwmp-2021,4501,4501,MANCHANABALE DAM,TANK,2021,,,totalColiform,350000,,false,,MPN/100mL,max,350000,nwmp-2021
nwmp-2021,4512,4512,MANCHANABALE DAM,TANK,2021,,,temperature,25.0,,false,,degC,min,25.0,nwmp-2021
nwmp-2021,4512,4512,MANCHANABALE DAM,TANK,2021,,,temperature,25.0,,false,,degC,max,25.0,nwmp-2021
nwmp-2021,4512,4512,MANCHANABALE DAM,TANK,2021,,,dissolvedOxygen,0.3,,false,,mg/L,min,0.3,nwmp-2021
nwmp-2021,4512,4512,MANCHANABALE DAM,TANK,2021,,,dissolvedOxygen,6.5,,false,,mg/L,max,6.5,nwmp-2021
nwmp-2021,4512,4512,MANCHANABALE DAM,TANK,2021,,,ph,6.5,,false,,,min,6.5,nwmp-2021
nwmp-2021,4512,4512,MANCHANABALE DAM,TANK,2021,,,ph,7.4,,false,,,max,7.4,nwmp-2021
nwmp-2021,4512,4512,MANCHANABALE DAM,TANK,2021,,,conductivity,183,,false,,uS/cm,min,183,nwmp-2021
nwmp-2021,4512,4512,MANCHANABALE DAM,TANK,2021,,,conductivity,1733,,false,,uS/cm,max,1733,nwmp-2021
nwmp-2021,4512,4512,MANCHANABALE DAM,TANK,2021,,,bod,8.0,,false,,mg/L,min,8.0,nwmp-2021
nwmp-2021,4512,4512,MANCHANABALE DAM,TANK,2021,,,bod,174.0,,false,,mg/L,max,174.0,nwmp-2021
nwmp-2021,4512,4512,MANCHANABALE DAM,TANK,2021,,,nitrateNitrite,0.80,,false,,mg/L as N,min,0.80,nwmp-2021
nwmp-2021,4512,4512,MANCHANABALE DAM,TANK,2021,,,nitrateNitrite,45.00,,false,,mg/L as N,max,45.00,nwmp-2021
nwmp-2021,4512,4512,MANCHANABALE DAM,TANK,2021,,,fecalColiform,4600,,false,,MPN/100mL,min,4600,nwmp-2021
nwmp-2021,4512,4512,MANCHANABALE DAM,TANK,2021,,,fecalColiform,63000,,false,,MPN/100mL,max,63000,nwmp-2021
nwmp-2021,4512,4512,MANCHANABALE DAM,TANK,2021,,,totalColiform,35000,,false,,MPN/100mL,min,35000,nwmp-2021
nwmp-2021,4512,4512,MANCHANABALE DAM,TANK,2021,,,totalColiform,540000,,false,,MPN/100mL,max,540000,nwmp-2021
nwmp-2021,3697,3697,MATTADAKERE TANK,TANK,2021,,,temperature,24.0,,false,,degC,min,24.0,nwmp-2021
nwmp-2021,3697,3697,MATTADAKERE TANK,TANK,2021,,,temperature,29.5,,false,,degC,max,29.5,nwmp-2021
nwmp-2021,3697,3697,MATTADAKERE TANK,TANK,2021,,,dissolvedOxygen,4.2,,false,,mg/L,min,4.2,nwmp-2021
nwmp-2021,3697,3697,MATTADAKERE TANK,TANK,2021,,,dissolvedOxygen,8.4,,false,,mg/L,max,8.4,nwmp-2021
nwmp-2021,3697,3697,MATTADAKERE TANK,TANK,2021,,,ph,7.2,,false,,,min,7.2,nwmp-2021
nwmp-2021,3697,3697,MATTADAKERE TANK,TANK,2021,,,ph,8.4,,false,,,max,8.4,nwmp-2021
nwmp-2021,3697,3697,MATTADAKERE TANK,TANK,2021,,,conductivity,770,,false,,uS/cm,min,770,nwmp-2021
nwmp-2021,3697,3697,MATTADAKERE TANK,TANK,2021,,,conductivity,920,,false,,uS/cm,max,920,nwmp-2021
nwmp-2021,3697,3697,MATTADAKERE TANK,TANK,2021,,,bod,5.0,,false,,mg/L,min,5.0,nwmp-2021
nwmp-2021,3697,3697,MATTADAKERE TANK,TANK,2021,,,bod,34.0,,false,,mg/L,max,34.0,nwmp-2021
nwmp-2021,3697,3697,MATTADAKERE TANK,TANK,2021,,,nitrateNitrite,0.30,,false,,mg/L as N,min,0.30,nwmp-2021
nwmp-2021,3697,3697,MATTADAKERE TANK,TANK,2021,,,nitrateNitrite,3.00,,false,,mg/L as N,max,3.00,nwmp-2021
nwmp-2021,3697,3697,MATTADAKERE TANK,TANK,2021,,,fecalColiform,,,false,,MPN/100mL,min,-,nwmp-2021
nwmp-2021,3697,3697,MATTADAKERE TANK,TANK,2021,,,fecalColiform,,,false,,MPN/100mL,max,-,nwmp-2021
nwmp-2021,3697,3697,MATTADAKERE TANK,TANK,2021,,,totalColiform,,,false,,MPN/100mL,min,-,nwmp-2021
nwmp-2021,3697,3697,MATTADAKERE TANK,TANK,2021,,,totalColiform,,,false,,MPN/100mL,max,-,nwmp-2021
nwmp-2021,3560,3560,MAVENAKERE TANK,TANK,2021,,,temperature,26.0,,false,,degC,min,26.0,nwmp-2021
nwmp-2021,3560,3560,MAVENAKERE TANK,TANK,2021,,,temperature,29.0,,false,,degC,max,29.0,nwmp-2021
nwmp-2021,3560,3560,MAVENAKERE TANK,TANK,2021,,,dissolvedOxygen,6.5,,false,,mg/L,min,6.5,nwmp-2021
nwmp-2021,3560,3560,MAVENAKERE TANK,TANK,2021,,,dissolvedOxygen,7.2,,false,,mg/L,max,7.2,nwmp-2021
nwmp-2021,3560,3560,MAVENAKERE TANK,TANK,2021,,,ph,7.5,,false,,,min,7.5,nwmp-2021
nwmp-2021,3560,3560,MAVENAKERE TANK,TANK,2021,,,ph,9.3,,false,,,max,9.3,nwmp-2021
nwmp-2021,3560,3560,MAVENAKERE TANK,TANK,2021,,,conductivity,962,,false,,uS/cm,min,962,nwmp-2021
nwmp-2021,3560,3560,MAVENAKERE TANK,TANK,2021,,,conductivity,2156,,false,,uS/cm,max,2156,nwmp-2021
nwmp-2021,3560,3560,MAVENAKERE TANK,TANK,2021,,,bod,7.0,,false,,mg/L,min,7.0,nwmp-2021
nwmp-2021,3560,3560,MAVENAKERE TANK,TANK,2021,,,bod,30.0,,false,,mg/L,max,30.0,nwmp-2021
nwmp-2021,3560,3560,MAVENAKERE TANK,TANK,2021,,,nitrateNitrite,0.30,,false,,mg/L as N,min,0.30,nwmp-2021
nwmp-2021,3560,3560,MAVENAKERE TANK,TANK,2021,,,nitrateNitrite,0.36,,false,,mg/L as N,max,0.36,nwmp-2021
nwmp-2021,3560,3560,MAVENAKERE TANK,TANK,2021,,,fecalColiform,14000,,false,,MPN/100mL,min,14000,nwmp-2021
nwmp-2021,3560,3560,MAVENAKERE TANK,TANK,2021,,,fecalColiform,54000,,false,,MPN/100mL,max,54000,nwmp-2021
nwmp-2021,3560,3560,MAVENAKERE TANK,TANK,2021,,,totalColiform,54000,,false,,MPN/100mL,min,54000,nwmp-2021
nwmp-2021,3560,3560,MAVENAKERE TANK,TANK,2021,,,totalColiform,160000,,false,,MPN/100mL,max,160000,nwmp-2021
nwmp-2021,3650,3650,MELEKOTE TANK,TANK,2021,,,temperature,25.0,,false,,degC,min,25.0,nwmp-2021
nwmp-2021,3650,3650,MELEKOTE TANK,TANK,2021,,,temperature,25.0,,false,,degC,max,25.0,nwmp-2021
nwmp-2021,3650,3650,MELEKOTE TANK,TANK,2021,,,dissolvedOxygen,1.1,,false,,mg/L,min,1.1,nwmp-2021
nwmp-2021,3650,3650,MELEKOTE TANK,TANK,2021,,,dissolvedOxygen,6.4,,false,,mg/L,max,6.4,nwmp-2021
nwmp-2021,3650,3650,MELEKOTE TANK,TANK,2021,,,ph,6.6,,false,,,min,6.6,nwmp-2021
nwmp-2021,3650,3650,MELEKOTE TANK,TANK,2021,,,ph,8.0,,false,,,max,8.0,nwmp-2021
nwmp-2021,3650,3650,MELEKOTE TANK,TANK,2021,,,conductivity,704,,false,,uS/cm,min,704,nwmp-2021
nwmp-2021,3650,3650,MELEKOTE TANK,TANK,2021,,,conductivity,1397,,false,,uS/cm,max,1397,nwmp-2021
nwmp-2021,3650,3650,MELEKOTE TANK,TANK,2021,,,bod,3.0,,false,,mg/L,min,3.0,nwmp-2021
nwmp-2021,3650,3650,MELEKOTE TANK,TANK,2021,,,bod,53.0,,false,,mg/L,max,53.0,nwmp-2021
nwmp-2021,3650,3650,MELEKOTE TANK,TANK,2021,,,nitrateNitrite,1.00,,false,,mg/L as N,min,1.00,nwmp-2021
nwmp-2021,3650,3650,MELEKOTE TANK,TANK,2021,,,nitrateNitrite,6.30,,false,,mg/L as N,max,6.30,nwmp-2021
nwmp-2021,3650,3650,MELEKOTE TANK,TANK,2021,,,fecalColiform,4600,,false,,MPN/100mL,min,4600,nwmp-2021
nwmp-2021,3650,3650,MELEKOTE TANK,TANK,2021,,,fecalColiform,110000,,false,,MPN/100mL,max,110000,nwmp-2021
nwmp-2021,3650,3650,MELEKOTE TANK,TANK,2021,,,totalColiform,35000,,false,,MPN/100mL,min,35000,nwmp-2021
nwmp-2021,3650,3650,MELEKOTE TANK,TANK,2021,,,totalColiform,920000,,false,,MPN/100mL,max,920000,nwmp-2021
nwmp-2021,3648,3648,MYDALA TANK,TANK,2021,,,temperature,25.0,,false,,degC,min,25.0,nwmp-2021
nwmp-2021,3648,3648,MYDALA TANK,TANK,2021,,,temperature,25.0,,false,,degC,max,25.0,nwmp-2021
nwmp-2021,3648,3648,MYDALA TANK,TANK,2021,,,dissolvedOxygen,4.8,,false,,mg/L,min,4.8,nwmp-2021
nwmp-2021,3648,3648,MYDALA TANK,TANK,2021,,,dissolvedOxygen,7.3,,false,,mg/L,max,7.3,nwmp-2021
nwmp-2021,3648,3648,MYDALA TANK,TANK,2021,,,ph,6.5,,false,,,min,6.5,nwmp-2021
nwmp-2021,3648,3648,MYDALA TANK,TANK,2021,,,ph,7.2,,false,,,max,7.2,nwmp-2021
nwmp-2021,3648,3648,MYDALA TANK,TANK,2021,,,conductivity,151,,false,,uS/cm,min,151,nwmp-2021
nwmp-2021,3648,3648,MYDALA TANK,TANK,2021,,,conductivity,599,,false,,uS/cm,max,599,nwmp-2021
nwmp-2021,3648,3648,MYDALA TANK,TANK,2021,,,bod,3.0,,false,,mg/L,min,3.0,nwmp-2021
nwmp-2021,3648,3648,MYDALA TANK,TANK,2021,,,bod,4.0,,false,,mg/L,max,4.0,nwmp-2021
nwmp-2021,3648,3648,MYDALA TANK,TANK,2021,,,nitrateNitrite,0.52,,false,,mg/L as N,min,0.52,nwmp-2021
nwmp-2021,3648,3648,MYDALA TANK,TANK,2021,,,nitrateNitrite,2.00,,false,,mg/L as N,max,2.00,nwmp-2021
nwmp-2021,3648,3648,MYDALA TANK,TANK,2021,,,fecalColiform,630,,false,,MPN/100mL,min,630,nwmp-2021
nwmp-2021,3648,3648,MYDALA TANK,TANK,2021,,,fecalColiform,17000,,false,,MPN/100mL,max,17000,nwmp-2021
nwmp-2021,3648,3648,MYDALA TANK,TANK,2021,,,totalColiform,5400,,false,,MPN/100mL,min,5400,nwmp-2021
nwmp-2021,3648,3648,MYDALA TANK,TANK,2021,,,totalColiform,160000,,false,,MPN/100mL,max,160000,nwmp-2021
nwmp-2021,3626,3626,NAGAVARA TANK,TANK,2021,,,temperature,25.0,,false,,degC,min,25.0,nwmp-2021
nwmp-2021,3626,3626,NAGAVARA TANK,TANK,2021,,,temperature,25.0,,false,,degC,max,25.0,nwmp-2021
nwmp-2021,3626,3626,NAGAVARA TANK,TANK,2021,,,dissolvedOxygen,1.0,,false,,mg/L,min,1.0,nwmp-2021
nwmp-2021,3626,3626,NAGAVARA TANK,TANK,2021,,,dissolvedOxygen,7.1,,false,,mg/L,max,7.1,nwmp-2021
nwmp-2021,3626,3626,NAGAVARA TANK,TANK,2021,,,ph,6.5,,false,,,min,6.5,nwmp-2021
nwmp-2021,3626,3626,NAGAVARA TANK,TANK,2021,,,ph,8.0,,false,,,max,8.0,nwmp-2021
nwmp-2021,3626,3626,NAGAVARA TANK,TANK,2021,,,conductivity,308,,false,,uS/cm,min,308,nwmp-2021
nwmp-2021,3626,3626,NAGAVARA TANK,TANK,2021,,,conductivity,773,,false,,uS/cm,max,773,nwmp-2021
nwmp-2021,3626,3626,NAGAVARA TANK,TANK,2021,,,bod,3.0,,false,,mg/L,min,3.0,nwmp-2021
nwmp-2021,3626,3626,NAGAVARA TANK,TANK,2021,,,bod,35.0,,false,,mg/L,max,35.0,nwmp-2021
nwmp-2021,3626,3626,NAGAVARA TANK,TANK,2021,,,nitrateNitrite,0.50,,false,,mg/L as N,min,0.50,nwmp-2021
nwmp-2021,3626,3626,NAGAVARA TANK,TANK,2021,,,nitrateNitrite,3.00,,false,,mg/L as N,max,3.00,nwmp-2021
nwmp-2021,3626,3626,NAGAVARA TANK,TANK,2021,,,fecalColiform,4000,,false,,MPN/100mL,min,4000,nwmp-2021
nwmp-2021,3626,3626,NAGAVARA TANK,TANK,2021,,,fecalColiform,79000000,,false,,MPN/100mL,max,79000000,nwmp-2021
nwmp-2021,3626,3626,NAGAVARA TANK,TANK,2021,,,totalColiform,24000,,false,,MPN/100mL,min,24000,nwmp-2021
nwmp-2021,3626,3626,NAGAVARA TANK,TANK,2021,,,totalColiform,540000000,,false,,MPN/100mL,max,540000000,nwmp-2021
nwmp-2021,3596,3596,NAYANDANAHALLI TANK,TANK,2021,,,temperature,25.0,,false,,degC,min,25.0,nwmp-2021
nwmp-2021,3596,3596,NAYANDANAHALLI TANK,TANK,2021,,,temperature,25.1,,false,,degC,max,25.1,nwmp-2021
nwmp-2021,3596,3596,NAYANDANAHALLI TANK,TANK,2021,,,dissolvedOxygen,0.3,,false,,mg/L,min,0.3,nwmp-2021
nwmp-2021,3596,3596,NAYANDANAHALLI TANK,TANK,2021,,,dissolvedOxygen,6.0,,false,,mg/L,max,6.0,nwmp-2021
nwmp-2021,3596,3596,NAYANDANAHALLI TANK,TANK,2021,,,ph,6.1,,false,,,min,6.1,nwmp-2021
nwmp-2021,3596,3596,NAYANDANAHALLI TANK,TANK,2021,,,ph,8.0,,false,,,max,8.0,nwmp-2021
nwmp-2021,3596,3596,NAYANDANAHALLI TANK,TANK,2021,,,conductivity,211,,false,,uS/cm,min,211,nwmp-2021
nwmp-2021,3596,3596,NAYANDANAHALLI TANK,TANK,2021,,,conductivity,1231,,false,,uS/cm,max,1231,nwmp-2021
nwmp-2021,3596,3596,NAYANDANAHALLI TANK,TANK,2021,,,bod,3.6,,false,,mg/L,min,3.6,nwmp-2021
nwmp-2021,3596,3596,NAYANDANAHALLI TANK,TANK,2021,,,bod,195.0,,false,,mg/L,max,195.0,nwmp-2021
nwmp-2021,3596,3596,NAYANDANAHALLI TANK,TANK,2021,,,nitrateNitrite,0.50,,false,,mg/L as N,min,0.50,nwmp-2021
nwmp-2021,3596,3596,NAYANDANAHALLI TANK,TANK,2021,,,nitrateNitrite,2.99,,false,,mg/L as N,max,2.99,nwmp-2021
nwmp-2021,3596,3596,NAYANDANAHALLI TANK,TANK,2021,,,fecalColiform,3300,,false,,MPN/100mL,min,3300,nwmp-2021
nwmp-2021,3596,3596,NAYANDANAHALLI TANK,TANK,2021,,,fecalColiform,700000,,false,,MPN/100mL,max,700000,nwmp-2021
nwmp-2021,3596,3596,NAYANDANAHALLI TANK,TANK,2021,,,totalColiform,24000,,false,,MPN/100mL,min,24000,nwmp-2021
nwmp-2021,3596,3596,NAYANDANAHALLI TANK,TANK,2021,,,totalColiform,3500000,,false,,MPN/100mL,max,3500000,nwmp-2021
nwmp-2021,3686,3686,NIRASAGARAKERE TANK,TANK,2021,,,temperature,24.0,,false,,degC,min,24.0,nwmp-2021
nwmp-2021,3686,3686,NIRASAGARAKERE TANK,TANK,2021,,,temperature,25.0,,false,,degC,max,25.0,nwmp-2021
nwmp-2021,3686,3686,NIRASAGARAKERE TANK,TANK,2021,,,dissolvedOxygen,7.3,,false,,mg/L,min,7.3,nwmp-2021
nwmp-2021,3686,3686,NIRASAGARAKERE TANK,TANK,2021,,,dissolvedOxygen,7.6,,false,,mg/L,max,7.6,nwmp-2021
nwmp-2021,3686,3686,NIRASAGARAKERE TANK,TANK,2021,,,ph,7.5,,false,,,min,7.5,nwmp-2021
nwmp-2021,3686,3686,NIRASAGARAKERE TANK,TANK,2021,,,ph,8.2,,false,,,max,8.2,nwmp-2021
nwmp-2021,3686,3686,NIRASAGARAKERE TANK,TANK,2021,,,conductivity,326,,false,,uS/cm,min,326,nwmp-2021
nwmp-2021,3686,3686,NIRASAGARAKERE TANK,TANK,2021,,,conductivity,438,,false,,uS/cm,max,438,nwmp-2021
nwmp-2021,3686,3686,NIRASAGARAKERE TANK,TANK,2021,,,bod,1.0,,false,,mg/L,min,1.0,nwmp-2021
nwmp-2021,3686,3686,NIRASAGARAKERE TANK,TANK,2021,,,bod,2.5,,false,,mg/L,max,2.5,nwmp-2021
nwmp-2021,3686,3686,NIRASAGARAKERE TANK,TANK,2021,,,nitrateNitrite,0.32,,false,,mg/L as N,min,0.32,nwmp-2021
nwmp-2021,3686,3686,NIRASAGARAKERE TANK,TANK,2021,,,nitrateNitrite,0.92,,false,,mg/L as N,max,0.92,nwmp-2021
nwmp-2021,3686,3686,NIRASAGARAKERE TANK,TANK,2021,,,fecalColiform,2,,false,,MPN/100mL,min,2,nwmp-2021
nwmp-2021,3686,3686,NIRASAGARAKERE TANK,TANK,2021,,,fecalColiform,14,,false,,MPN/100mL,max,14,nwmp-2021
nwmp-2021,3686,3686,NIRASAGARAKERE TANK,TANK,2021,,,totalColiform,10,,false,,MPN/100mL,min,10,nwmp-2021
nwmp-2021,3686,3686,NIRASAGARAKERE TANK,TANK,2021,,,totalColiform,32,,false,,MPN/100mL,max,32,nwmp-2021
nwmp-2021,3687,3687,NUGGIKERE TANK,TANK,2021,,,temperature,23.0,,false,,degC,min,23.0,nwmp-2021
nwmp-2021,3687,3687,NUGGIKERE TANK,TANK,2021,,,temperature,25.0,,false,,degC,max,25.0,nwmp-2021
nwmp-2021,3687,3687,NUGGIKERE TANK,TANK,2021,,,dissolvedOxygen,6.5,,false,,mg/L,min,6.5,nwmp-2021
nwmp-2021,3687,3687,NUGGIKERE TANK,TANK,2021,,,dissolvedOxygen,6.9,,false,,mg/L,max,6.9,nwmp-2021
nwmp-2021,3687,3687,NUGGIKERE TANK,TANK,2021,,,ph,7.3,,false,,,min,7.3,nwmp-2021
nwmp-2021,3687,3687,NUGGIKERE TANK,TANK,2021,,,ph,8.1,,false,,,max,8.1,nwmp-2021
nwmp-2021,3687,3687,NUGGIKERE TANK,TANK,2021,,,conductivity,620,,false,,uS/cm,min,620,nwmp-2021
nwmp-2021,3687,3687,NUGGIKERE TANK,TANK,2021,,,conductivity,850,,false,,uS/cm,max,850,nwmp-2021
nwmp-2021,3687,3687,NUGGIKERE TANK,TANK,2021,,,bod,3.2,,false,,mg/L,min,3.2,nwmp-2021
nwmp-2021,3687,3687,NUGGIKERE TANK,TANK,2021,,,bod,3.8,,false,,mg/L,max,3.8,nwmp-2021
nwmp-2021,3687,3687,NUGGIKERE TANK,TANK,2021,,,nitrateNitrite,0.72,,false,,mg/L as N,min,0.72,nwmp-2021
nwmp-2021,3687,3687,NUGGIKERE TANK,TANK,2021,,,nitrateNitrite,1.92,,false,,mg/L as N,max,1.92,nwmp-2021
nwmp-2021,3687,3687,NUGGIKERE TANK,TANK,2021,,,fecalColiform,19,,false,,MPN/100mL,min,19,nwmp-2021
nwmp-2021,3687,3687,NUGGIKERE TANK,TANK,2021,,,fecalColiform,52,,false,,MPN/100mL,max,52,nwmp-2021
nwmp-2021,3687,3687,NUGGIKERE TANK,TANK,2021,,,totalColiform,76,,false,,MPN/100mL,min,76,nwmp-2021
nwmp-2021,3687,3687,NUGGIKERE TANK,TANK,2021,,,totalColiform,148,,false,,MPN/100mL,max,148,nwmp-2021
nwmp-2021,3669,3669,PEREMINAHALLI KERE,TANK,2021,,,temperature,22.0,,false,,degC,min,22.0,nwmp-2021
nwmp-2021,3669,3669,PEREMINAHALLI KERE,TANK,2021,,,temperature,27.0,,false,,degC,max,27.0,nwmp-2021
nwmp-2021,3669,3669,PEREMINAHALLI KERE,TANK,2021,,,dissolvedOxygen,5.2,,false,,mg/L,min,5.2,nwmp-2021
nwmp-2021,3669,3669,PEREMINAHALLI KERE,TANK,2021,,,dissolvedOxygen,6.4,,false,,mg/L,max,6.4,nwmp-2021
nwmp-2021,3669,3669,PEREMINAHALLI KERE,TANK,2021,,,ph,7.4,,false,,,min,7.4,nwmp-2021
nwmp-2021,3669,3669,PEREMINAHALLI KERE,TANK,2021,,,ph,7.8,,false,,,max,7.8,nwmp-2021
nwmp-2021,3669,3669,PEREMINAHALLI KERE,TANK,2021,,,conductivity,380,,false,,uS/cm,min,380,nwmp-2021
nwmp-2021,3669,3669,PEREMINAHALLI KERE,TANK,2021,,,conductivity,520,,false,,uS/cm,max,520,nwmp-2021
nwmp-2021,3669,3669,PEREMINAHALLI KERE,TANK,2021,,,bod,1.8,,false,,mg/L,min,1.8,nwmp-2021
nwmp-2021,3669,3669,PEREMINAHALLI KERE,TANK,2021,,,bod,2.5,,false,,mg/L,max,2.5,nwmp-2021
nwmp-2021,3669,3669,PEREMINAHALLI KERE,TANK,2021,,,nitrateNitrite,0.30,,false,,mg/L as N,min,0.30,nwmp-2021
nwmp-2021,3669,3669,PEREMINAHALLI KERE,TANK,2021,,,nitrateNitrite,0.30,,false,,mg/L as N,max,0.30,nwmp-2021
nwmp-2021,3669,3669,PEREMINAHALLI KERE,TANK,2021,,,fecalColiform,94,,false,,MPN/100mL,min,94,nwmp-2021
nwmp-2021,3669,3669,PEREMINAHALLI KERE,TANK,2021,,,fecalColiform,400,,false,,MPN/100mL,max,400,nwmp-2021
nwmp-2021,3669,3669,PEREMINAHALLI KERE,TANK,2021,,,totalColiform,920,,false,,MPN/100mL,min,920,nwmp-2021
nwmp-2021,3669,3669,PEREMINAHALLI KERE,TANK,2021,,,totalColiform,3300,,false,,MPN/100mL,max,3300,nwmp-2021
nwmp-2021,3565,3565,PILIKULA TANK,TANK,2021,,,temperature,28.0,,false,,degC,min,28.0,nwmp-2021
nwmp-2021,3565,3565,PILIKULA TANK,TANK,2021,,,temperature,30.0,,false,,degC,max,30.0,nwmp-2021
nwmp-2021,3565,3565,PILIKULA TANK,TANK,2021,,,dissolvedOxygen,4.9,,false,,mg/L,min,4.9,nwmp-2021
nwmp-2021,3565,3565,PILIKULA TANK,TANK,2021,,,dissolvedOxygen,7.9,,false,,mg/L,max,7.9,nwmp-2021
nwmp-2021,3565,3565,PILIKULA TANK,TANK,2021,,,ph,6.5,,false,,,min,6.5,nwmp-2021
nwmp-2021,3565,3565,PILIKULA TANK,TANK,2021,,,ph,7.2,,false,,,max,7.2,nwmp-2021
nwmp-2021,3565,3565,PILIKULA TANK,TANK,2021,,,conductivity,128,,false,,uS/cm,min,128,nwmp-2021
nwmp-2021,3565,3565,PILIKULA TANK,TANK,2021,,,conductivity,224,,false,,uS/cm,max,224,nwmp-2021
nwmp-2021,3565,3565,PILIKULA TANK,TANK,2021,,,bod,2.0,,false,,mg/L,min,2.0,nwmp-2021
nwmp-2021,3565,3565,PILIKULA TANK,TANK,2021,,,bod,3.0,,false,,mg/L,max,3.0,nwmp-2021
nwmp-2021,3565,3565,PILIKULA TANK,TANK,2021,,,nitrateNitrite,2.10,,false,,mg/L as N,min,2.10,nwmp-2021
nwmp-2021,3565,3565,PILIKULA TANK,TANK,2021,,,nitrateNitrite,7.00,,false,,mg/L as N,max,7.00,nwmp-2021
nwmp-2021,3565,3565,PILIKULA TANK,TANK,2021,,,fecalColiform,23,,false,,MPN/100mL,min,23,nwmp-2021
nwmp-2021,3565,3565,PILIKULA TANK,TANK,2021,,,fecalColiform,1600,,false,,MPN/100mL,max,1600,nwmp-2021
nwmp-2021,3565,3565,PILIKULA TANK,TANK,2021,,,totalColiform,23,,false,,MPN/100mL,min,23,nwmp-2021
nwmp-2021,3565,3565,PILIKULA TANK,TANK,2021,,,totalColiform,1600,,false,,MPN/100mL,max,1600,nwmp-2021
nwmp-2021,4502,4502,RAMAMMANA KERE,TANK,2021,,,temperature,25.0,,false,,degC,min,25.0,nwmp-2021
nwmp-2021,4502,4502,RAMAMMANA KERE,TANK,2021,,,temperature,25.0,,false,,degC,max,25.0,nwmp-2021
nwmp-2021,4502,4502,RAMAMMANA KERE,TANK,2021,,,dissolvedOxygen,2.8,,false,,mg/L,min,2.8,nwmp-2021
nwmp-2021,4502,4502,RAMAMMANA KERE,TANK,2021,,,dissolvedOxygen,6.9,,false,,mg/L,max,6.9,nwmp-2021
nwmp-2021,4502,4502,RAMAMMANA KERE,TANK,2021,,,ph,7.2,,false,,,min,7.2,nwmp-2021
nwmp-2021,4502,4502,RAMAMMANA KERE,TANK,2021,,,ph,8.4,,false,,,max,8.4,nwmp-2021
nwmp-2021,4502,4502,RAMAMMANA KERE,TANK,2021,,,conductivity,896,,false,,uS/cm,min,896,nwmp-2021
nwmp-2021,4502,4502,RAMAMMANA KERE,TANK,2021,,,conductivity,1365,,false,,uS/cm,max,1365,nwmp-2021
nwmp-2021,4502,4502,RAMAMMANA KERE,TANK,2021,,,bod,5.0,,false,,mg/L,min,5.0,nwmp-2021
nwmp-2021,4502,4502,RAMAMMANA KERE,TANK,2021,,,bod,20.0,,false,,mg/L,max,20.0,nwmp-2021
nwmp-2021,4502,4502,RAMAMMANA KERE,TANK,2021,,,nitrateNitrite,2.00,,false,,mg/L as N,min,2.00,nwmp-2021
nwmp-2021,4502,4502,RAMAMMANA KERE,TANK,2021,,,nitrateNitrite,4.00,,false,,mg/L as N,max,4.00,nwmp-2021
nwmp-2021,4502,4502,RAMAMMANA KERE,TANK,2021,,,fecalColiform,1200,,false,,MPN/100mL,min,1200,nwmp-2021
nwmp-2021,4502,4502,RAMAMMANA KERE,TANK,2021,,,fecalColiform,94000,,false,,MPN/100mL,max,94000,nwmp-2021
nwmp-2021,4502,4502,RAMAMMANA KERE,TANK,2021,,,totalColiform,35000,,false,,MPN/100mL,min,35000,nwmp-2021
nwmp-2021,4502,4502,RAMAMMANA KERE,TANK,2021,,,totalColiform,1600000,,false,,MPN/100mL,max,1600000,nwmp-2021
nwmp-2021,4513,4513,RAMAMMANA KERE,TANK,2021,,,temperature,25.0,,false,,degC,min,25.0,nwmp-2021
nwmp-2021,4513,4513,RAMAMMANA KERE,TANK,2021,,,temperature,25.0,,false,,degC,max,25.0,nwmp-2021
nwmp-2021,4513,4513,RAMAMMANA KERE,TANK,2021,,,dissolvedOxygen,1.6,,false,,mg/L,min,1.6,nwmp-2021
nwmp-2021,4513,4513,RAMAMMANA KERE,TANK,2021,,,dissolvedOxygen,6.5,,false,,mg/L,max,6.5,nwmp-2021
nwmp-2021,4513,4513,RAMAMMANA KERE,TANK,2021,,,ph,6.2,,false,,,min,6.2,nwmp-2021
nwmp-2021,4513,4513,RAMAMMANA KERE,TANK,2021,,,ph,7.2,,false,,,max,7.2,nwmp-2021
nwmp-2021,4513,4513,RAMAMMANA KERE,TANK,2021,,,conductivity,230,,false,,uS/cm,min,230,nwmp-2021
nwmp-2021,4513,4513,RAMAMMANA KERE,TANK,2021,,,conductivity,1366,,false,,uS/cm,max,1366,nwmp-2021
nwmp-2021,4513,4513,RAMAMMANA KERE,TANK,2021,,,bod,2.0,,false,,mg/L,min,2.0,nwmp-2021
nwmp-2021,4513,4513,RAMAMMANA KERE,TANK,2021,,,bod,47.0,,false,,mg/L,max,47.0,nwmp-2021
nwmp-2021,4513,4513,RAMAMMANA KERE,TANK,2021,,,nitrateNitrite,0.56,,false,,mg/L as N,min,0.56,nwmp-2021
nwmp-2021,4513,4513,RAMAMMANA KERE,TANK,2021,,,nitrateNitrite,3.51,,false,,mg/L as N,max,3.51,nwmp-2021
nwmp-2021,4513,4513,RAMAMMANA KERE,TANK,2021,,,fecalColiform,3300,,false,,MPN/100mL,min,3300,nwmp-2021
nwmp-2021,4513,4513,RAMAMMANA KERE,TANK,2021,,,fecalColiform,150000,,false,,MPN/100mL,max,150000,nwmp-2021
nwmp-2021,4513,4513,RAMAMMANA KERE,TANK,2021,,,totalColiform,24000,,false,,MPN/100mL,min,24000,nwmp-2021
nwmp-2021,4513,4513,RAMAMMANA KERE,TANK,2021,,,totalColiform,1600000,,false,,MPN/100mL,max,1600000,nwmp-2021
nwmp-2021,4531,4531,RAYASANDRA LAKE,TANK,2021,,,temperature,25.0,,false,,degC,min,25.0,nwmp-2021
nwmp-2021,4531,4531,RAYASANDRA LAKE,TANK,2021,,,temperature,25.0,,false,,degC,max,25.0,nwmp-2021
nwmp-2021,4531,4531,RAYASANDRA LAKE,TANK,2021,,,dissolvedOxygen,0.3,,false,,mg/L,min,0.3,nwmp-2021
nwmp-2021,4531,4531,RAYASANDRA LAKE,TANK,2021,,,dissolvedOxygen,5.8,,false,,mg/L,max,5.8,nwmp-2021
nwmp-2021,4531,4531,RAYASANDRA LAKE,TANK,2021,,,ph,6.7,,false,,,min,6.7,nwmp-2021
nwmp-2021,4531,4531,RAYASANDRA LAKE,TANK,2021,,,ph,7.9,,false,,,max,7.9,nwmp-2021
nwmp-2021,4531,4531,RAYASANDRA LAKE,TANK,2021,,,conductivity,1035,,false,,uS/cm,min,1035,nwmp-2021
nwmp-2021,4531,4531,RAYASANDRA LAKE,TANK,2021,,,conductivity,1563,,false,,uS/cm,max,1563,nwmp-2021
nwmp-2021,4531,4531,RAYASANDRA LAKE,TANK,2021,,,bod,5.0,,false,,mg/L,min,5.0,nwmp-2021
nwmp-2021,4531,4531,RAYASANDRA LAKE,TANK,2021,,,bod,20.0,,false,,mg/L,max,20.0,nwmp-2021
nwmp-2021,4531,4531,RAYASANDRA LAKE,TANK,2021,,,nitrateNitrite,1.15,,false,,mg/L as N,min,1.15,nwmp-2021
nwmp-2021,4531,4531,RAYASANDRA LAKE,TANK,2021,,,nitrateNitrite,24.00,,false,,mg/L as N,max,24.00,nwmp-2021
nwmp-2021,4531,4531,RAYASANDRA LAKE,TANK,2021,,,fecalColiform,7900,,false,,MPN/100mL,min,7900,nwmp-2021
nwmp-2021,4531,4531,RAYASANDRA LAKE,TANK,2021,,,fecalColiform,94000,,false,,MPN/100mL,max,94000,nwmp-2021
nwmp-2021,4531,4531,RAYASANDRA LAKE,TANK,2021,,,totalColiform,54000,,false,,MPN/100mL,min,54000,nwmp-2021
nwmp-2021,4531,4531,RAYASANDRA LAKE,TANK,2021,,,totalColiform,540000,,false,,MPN/100mL,max,540000,nwmp-2021
nwmp-2021,4498,4498,"SANAVALLI DAM, MUNGOD",TANK,2021,,,temperature,23.0,,false,,degC,min,23.0,nwmp-2021
nwmp-2021,4498,4498,"SANAVALLI DAM, MUNGOD",TANK,2021,,,temperature,28.0,,false,,degC,max,28.0,nwmp-2021
nwmp-2021,4498,4498,"SANAVALLI DAM, MUNGOD",TANK,2021,,,dissolvedOxygen,7.1,,false,,mg/L,min,7.1,nwmp-2021
nwmp-2021,4498,4498,"SANAVALLI DAM, MUNGOD",TANK,2021,,,dissolvedOxygen,7.4,,false,,mg/L,max,7.4,nwmp-2021
nwmp-2021,4498,4498,"SANAVALLI DAM, MUNGOD",TANK,2021,,,ph,6.8,,false,,,min,6.8,nwmp-2021
nwmp-2021,4498,4498,"SANAVALLI DAM, MUNGOD",TANK,2021,,,ph,7.3,,false,,,max,7.3,nwmp-2021
nwmp-2021,4498,4498,"SANAVALLI DAM, MUNGOD",TANK,2021,,,conductivity,163,,false,,uS/cm,min,163,nwmp-2021
nwmp-2021,4498,4498,"SANAVALLI DAM, MUNGOD",TANK,2021,,,conductivity,251,,false,,uS/cm,max,251,nwmp-2021
nwmp-2021,4498,4498,"SANAVALLI DAM, MUNGOD",TANK,2021,,,bod,2.2,,false,,mg/L,min,2.2,nwmp-2021
nwmp-2021,4498,4498,"SANAVALLI DAM, MUNGOD",TANK,2021,,,bod,2.7,,false,,mg/L,max,2.7,nwmp-2021
nwmp-2021,4498,4498,"SANAVALLI DAM, MUNGOD",TANK,2021,,,nitrateNitrite,0.30,,false,,mg/L as N,min,0.30,nwmp-2021
nwmp-2021,4498,4498,"SANAVALLI DAM, MUNGOD",TANK,2021,,,nitrateNitrite,0.79,,false,,mg/L as N,max,0.79,nwmp-2021
nwmp-2021,4498,4498,"SANAVALLI DAM, MUNGOD",TANK,2021,,,fecalColiform,2,,false,,MPN/100mL,min,2,nwmp-2021
nwmp-2021,4498,4498,"SANAVALLI DAM, MUNGOD",TANK,2021,,,fecalColiform,8,,false,,MPN/100mL,max,8,nwmp-2021
nwmp-2021,4498,4498,"SANAVALLI DAM, MUNGOD",TANK,2021,,,totalColiform,19,,false,,MPN/100mL,min,19,nwmp-2021
nwmp-2021,4498,4498,"SANAVALLI DAM, MUNGOD",TANK,2021,,,totalColiform,31,,false,,MPN/100mL,max,31,nwmp-2021
nwmp-2021,3672,3672,SANKALAPURAKERE TANK,TANK,2021,,,temperature,22.0,,false,,degC,min,22.0,nwmp-2021
nwmp-2021,3672,3672,SANKALAPURAKERE TANK,TANK,2021,,,temperature,27.0,,false,,degC,max,27.0,nwmp-2021
nwmp-2021,3672,3672,SANKALAPURAKERE TANK,TANK,2021,,,dissolvedOxygen,4.1,,false,,mg/L,min,4.1,nwmp-2021
nwmp-2021,3672,3672,SANKALAPURAKERE TANK,TANK,2021,,,dissolvedOxygen,6.4,,false,,mg/L,max,6.4,nwmp-2021
nwmp-2021,3672,3672,SANKALAPURAKERE TANK,TANK,2021,,,ph,7.4,,false,,,min,7.4,nwmp-2021
nwmp-2021,3672,3672,SANKALAPURAKERE TANK,TANK,2021,,,ph,7.9,,false,,,max,7.9,nwmp-2021
nwmp-2021,3672,3672,SANKALAPURAKERE TANK,TANK,2021,,,conductivity,450,,false,,uS/cm,min,450,nwmp-2021
nwmp-2021,3672,3672,SANKALAPURAKERE TANK,TANK,2021,,,conductivity,700,,false,,uS/cm,max,700,nwmp-2021
nwmp-2021,3672,3672,SANKALAPURAKERE TANK,TANK,2021,,,bod,2.0,,false,,mg/L,min,2.0,nwmp-2021
nwmp-2021,3672,3672,SANKALAPURAKERE TANK,TANK,2021,,,bod,2.6,,false,,mg/L,max,2.6,nwmp-2021
nwmp-2021,3672,3672,SANKALAPURAKERE TANK,TANK,2021,,,nitrateNitrite,0.30,,false,,mg/L as N,min,0.30,nwmp-2021
nwmp-2021,3672,3672,SANKALAPURAKERE TANK,TANK,2021,,,nitrateNitrite,0.30,,false,,mg/L as N,max,0.30,nwmp-2021
nwmp-2021,3672,3672,SANKALAPURAKERE TANK,TANK,2021,,,fecalColiform,170,,false,,MPN/100mL,min,170,nwmp-2021
nwmp-2021,3672,3672,SANKALAPURAKERE TANK,TANK,2021,,,fecalColiform,460,,false,,MPN/100mL,max,460,nwmp-2021
nwmp-2021,3672,3672,SANKALAPURAKERE TANK,TANK,2021,,,totalColiform,1100,,false,,MPN/100mL,min,1100,nwmp-2021
nwmp-2021,3672,3672,SANKALAPURAKERE TANK,TANK,2021,,,totalColiform,3500,,false,,MPN/100mL,max,3500,nwmp-2021
nwmp-2021,3594,3594,SANKEY TANK,TANK,2021,,,temperature,25.0,,false,,degC,min,25.0,nwmp-2021
nwmp-2021,3594,3594,SANKEY TANK,TANK,2021,,,temperature,25.0,,false,,degC,max,25.0,nwmp-2021
nwmp-2021,3594,3594,SANKEY TANK,TANK,2021,,,dissolvedOxygen,4.9,,false,,mg/L,min,4.9,nwmp-2021
nwmp-2021,3594,3594,SANKEY TANK,TANK,2021,,,dissolvedOxygen,6.8,,false,,mg/L,max,6.8,nwmp-2021
nwmp-2021,3594,3594,SANKEY TANK,TANK,2021,,,ph,6.5,,false,,,min,6.5,nwmp-2021
nwmp-2021,3594,3594,SANKEY TANK,TANK,2021,,,ph,7.6,,false,,,max,7.6,nwmp-2021
nwmp-2021,3594,3594,SANKEY TANK,TANK,2021,,,conductivity,267,,false,,uS/cm,min,267,nwmp-2021
nwmp-2021,3594,3594,SANKEY TANK,TANK,2021,,,conductivity,815,,false,,uS/cm,max,815,nwmp-2021
nwmp-2021,3594,3594,SANKEY TANK,TANK,2021,,,bod,3.0,,false,,mg/L,min,3.0,nwmp-2021
nwmp-2021,3594,3594,SANKEY TANK,TANK,2021,,,bod,8.0,,false,,mg/L,max,8.0,nwmp-2021
nwmp-2021,3594,3594,SANKEY TANK,TANK,2021,,,nitrateNitrite,0.56,,false,,mg/L as N,min,0.56,nwmp-2021
nwmp-2021,3594,3594,SANKEY TANK,TANK,2021,,,nitrateNitrite,3.00,,false,,mg/L as N,max,3.00,nwmp-2021
nwmp-2021,3594,3594,SANKEY TANK,TANK,2021,,,fecalColiform,490,,false,,MPN/100mL,min,490,nwmp-2021
nwmp-2021,3594,3594,SANKEY TANK,TANK,2021,,,fecalColiform,3300000,,false,,MPN/100mL,max,3300000,nwmp-2021
nwmp-2021,3594,3594,SANKEY TANK,TANK,2021,,,totalColiform,2400,,false,,MPN/100mL,min,2400,nwmp-2021
nwmp-2021,3594,3594,SANKEY TANK,TANK,2021,,,totalColiform,24000000,,false,,MPN/100mL,max,24000000,nwmp-2021
nwmp-2021,3667,3667,SATHENAHALLIDODDAKERE TANK,TANK,2021,,,temperature,22.0,,false,,degC,min,22.0,nwmp-2021
nwmp-2021,3667,3667,SATHENAHALLIDODDAKERE TANK,TANK,2021,,,temperature,28.0,,false,,degC,max,28.0,nwmp-2021
nwmp-2021,3667,3667,SATHENAHALLIDODDAKERE TANK,TANK,2021,,,dissolvedOxygen,4.5,,false,,mg/L,min,4.5,nwmp-2021
nwmp-2021,3667,3667,SATHENAHALLIDODDAKERE TANK,TANK,2021,,,dissolvedOxygen,6.2,,false,,mg/L,max,6.2,nwmp-2021
nwmp-2021,3667,3667,SATHENAHALLIDODDAKERE TANK,TANK,2021,,,ph,7.6,,false,,,min,7.6,nwmp-2021
nwmp-2021,3667,3667,SATHENAHALLIDODDAKERE TANK,TANK,2021,,,ph,8.1,,false,,,max,8.1,nwmp-2021
nwmp-2021,3667,3667,SATHENAHALLIDODDAKERE TANK,TANK,2021,,,conductivity,780,,false,,uS/cm,min,780,nwmp-2021
nwmp-2021,3667,3667,SATHENAHALLIDODDAKERE TANK,TANK,2021,,,conductivity,1280,,false,,uS/cm,max,1280,nwmp-2021
nwmp-2021,3667,3667,SATHENAHALLIDODDAKERE TANK,TANK,2021,,,bod,3.0,,false,,mg/L,min,3.0,nwmp-2021
nwmp-2021,3667,3667,SATHENAHALLIDODDAKERE TANK,TANK,2021,,,bod,4.0,,false,,mg/L,max,4.0,nwmp-2021
nwmp-2021,3667,3667,SATHENAHALLIDODDAKERE TANK,TANK,2021,,,nitrateNitrite,0.50,,false,,mg/L as N,min,0.50,nwmp-2021
nwmp-2021,3667,3667,SATHENAHALLIDODDAKERE TANK,TANK,2021,,,nitrateNitrite,1.50,,false,,mg/L as N,max,1.50,nwmp-2021
nwmp-2021,3667,3667,SATHENAHALLIDODDAKERE TANK,TANK,2021,,,fecalColiform,220,,false,,MPN/100mL,min,220,nwmp-2021
nwmp-2021,3667,3667,SATHENAHALLIDODDAKERE TANK,TANK,2021,,,fecalColiform,610,,false,,MPN/100mL,max,610,nwmp-2021
nwmp-2021,3667,3667,SATHENAHALLIDODDAKERE TANK,TANK,2021,,,totalColiform,1600,,false,,MPN/100mL,min,1600,nwmp-2021
nwmp-2021,3667,3667,SATHENAHALLIDODDAKERE TANK,TANK,2021,,,totalColiform,4000,,false,,MPN/100mL,max,4000,nwmp-2021
nwmp-2021,3674,3674,SATHYAMANGALA KERE,TANK,2021,,,temperature,22.0,,false,,degC,min,22.0,nwmp-2021
nwmp-2021,3674,3674,SATHYAMANGALA KERE,TANK,2021,,,temperature,28.0,,false,,degC,max,28.0,nwmp-2021
nwmp-2021,3674,3674,SATHYAMANGALA KERE,TANK,2021,,,dissolvedOxygen,5.4,,false,,mg/L,min,5.4,nwmp-2021
nwmp-2021,3674,3674,SATHYAMANGALA KERE,TANK,2021,,,dissolvedOxygen,6.5,,false,,mg/L,max,6.5,nwmp-2021
nwmp-2021,3674,3674,SATHYAMANGALA KERE,TANK,2021,,,ph,7.5,,false,,,min,7.5,nwmp-2021
nwmp-2021,3674,3674,SATHYAMANGALA KERE,TANK,2021,,,ph,7.9,,false,,,max,7.9,nwmp-2021
nwmp-2021,3674,3674,SATHYAMANGALA KERE,TANK,2021,,,conductivity,370,,false,,uS/cm,min,370,nwmp-2021
nwmp-2021,3674,3674,SATHYAMANGALA KERE,TANK,2021,,,conductivity,470,,false,,uS/cm,max,470,nwmp-2021
nwmp-2021,3674,3674,SATHYAMANGALA KERE,TANK,2021,,,bod,1.8,,false,,mg/L,min,1.8,nwmp-2021
nwmp-2021,3674,3674,SATHYAMANGALA KERE,TANK,2021,,,bod,2.4,,false,,mg/L,max,2.4,nwmp-2021
nwmp-2021,3674,3674,SATHYAMANGALA KERE,TANK,2021,,,nitrateNitrite,0.30,,false,,mg/L as N,min,0.30,nwmp-2021
nwmp-2021,3674,3674,SATHYAMANGALA KERE,TANK,2021,,,nitrateNitrite,0.30,,false,,mg/L as N,max,0.30,nwmp-2021
nwmp-2021,3674,3674,SATHYAMANGALA KERE,TANK,2021,,,fecalColiform,140,,false,,MPN/100mL,min,140,nwmp-2021
nwmp-2021,3674,3674,SATHYAMANGALA KERE,TANK,2021,,,fecalColiform,340,,false,,MPN/100mL,max,340,nwmp-2021
nwmp-2021,3674,3674,SATHYAMANGALA KERE,TANK,2021,,,totalColiform,1100,,false,,MPN/100mL,min,1100,nwmp-2021
nwmp-2021,3674,3674,SATHYAMANGALA KERE,TANK,2021,,,totalColiform,2400,,false,,MPN/100mL,max,2400,nwmp-2021
nwmp-2021,3694,3694,SHANTHISAGARKERE TANK,TANK,2021,,,temperature,25.0,,false,,degC,min,25.0,nwmp-2021
nwmp-2021,3694,3694,SHANTHISAGARKERE TANK,TANK,2021,,,temperature,28.0,,false,,degC,max,28.0,nwmp-2021
nwmp-2021,3694,3694,SHANTHISAGARKERE TANK,TANK,2021,,,dissolvedOxygen,6.0,,false,,mg/L,min,6.0,nwmp-2021
nwmp-2021,3694,3694,SHANTHISAGARKERE TANK,TANK,2021,,,dissolvedOxygen,7.3,,false,,mg/L,max,7.3,nwmp-2021
nwmp-2021,3694,3694,SHANTHISAGARKERE TANK,TANK,2021,,,ph,7.7,,false,,,min,7.7,nwmp-2021
nwmp-2021,3694,3694,SHANTHISAGARKERE TANK,TANK,2021,,,ph,8.3,,false,,,max,8.3,nwmp-2021
nwmp-2021,3694,3694,SHANTHISAGARKERE TANK,TANK,2021,,,conductivity,104,,false,,uS/cm,min,104,nwmp-2021
nwmp-2021,3694,3694,SHANTHISAGARKERE TANK,TANK,2021,,,conductivity,330,,false,,uS/cm,max,330,nwmp-2021
nwmp-2021,3694,3694,SHANTHISAGARKERE TANK,TANK,2021,,,bod,2.0,,false,,mg/L,min,2.0,nwmp-2021
nwmp-2021,3694,3694,SHANTHISAGARKERE TANK,TANK,2021,,,bod,3.0,,false,,mg/L,max,3.0,nwmp-2021
nwmp-2021,3694,3694,SHANTHISAGARKERE TANK,TANK,2021,,,nitrateNitrite,0.30,,false,,mg/L as N,min,0.30,nwmp-2021
nwmp-2021,3694,3694,SHANTHISAGARKERE TANK,TANK,2021,,,nitrateNitrite,0.47,,false,,mg/L as N,max,0.47,nwmp-2021
nwmp-2021,3694,3694,SHANTHISAGARKERE TANK,TANK,2021,,,fecalColiform,,,false,,MPN/100mL,min,-,nwmp-2021
nwmp-2021,3694,3694,SHANTHISAGARKERE TANK,TANK,2021,,,fecalColiform,,,false,,MPN/100mL,max,-,nwmp-2021
nwmp-2021,3694,3694,SHANTHISAGARKERE TANK,TANK,2021,,,totalColiform,,,false,,MPN/100mL,min,-,nwmp-2021
nwmp-2021,3694,3694,SHANTHISAGARKERE TANK,TANK,2021,,,totalColiform,,,false,,MPN/100mL,max,-,nwmp-2021
nwmp-2021,3677,3677,SHARANABASAVESHWARA KERE,TANK,2021,,,temperature,26.0,,false,,degC,min,26.0,nwmp-2021
nwmp-2021,3677,3677,SHARANABASAVESHWARA KERE,TANK,2021,,,temperature,30.0,,false,,degC,max,30.0,nwmp-2021
nwmp-2021,3677,3677,SHARANABASAVESHWARA KERE,TANK,2021,,,dissolvedOxygen,6.0,,false,,mg/L,min,6.0,nwmp-2021
nwmp-2021,3677,3677,SHARANABASAVESHWARA KERE,TANK,2021,,,dissolvedOxygen,8.2,,false,,mg/L,max,8.2,nwmp-2021
nwmp-2021,3677,3677,SHARANABASAVESHWARA KERE,TANK,2021,,,ph,7.5,,false,,,min,7.5,nwmp-2021
nwmp-2021,3677,3677,SHARANABASAVESHWARA KERE,TANK,2021,,,ph,8.4,,false,,,max,8.4,nwmp-2021
nwmp-2021,3677,3677,SHARANABASAVESHWARA KERE,TANK,2021,,,conductivity,1035,,false,,uS/cm,min,1035,nwmp-2021
nwmp-2021,3677,3677,SHARANABASAVESHWARA KERE,TANK,2021,,,conductivity,1670,,false,,uS/cm,max,1670,nwmp-2021
nwmp-2021,3677,3677,SHARANABASAVESHWARA KERE,TANK,2021,,,bod,3.0,,false,,mg/L,min,3.0,nwmp-2021
nwmp-2021,3677,3677,SHARANABASAVESHWARA KERE,TANK,2021,,,bod,6.0,,false,,mg/L,max,6.0,nwmp-2021
nwmp-2021,3677,3677,SHARANABASAVESHWARA KERE,TANK,2021,,,nitrateNitrite,0.30,,false,,mg/L as N,min,0.30,nwmp-2021
nwmp-2021,3677,3677,SHARANABASAVESHWARA KERE,TANK,2021,,,nitrateNitrite,1.80,,false,,mg/L as N,max,1.80,nwmp-2021
nwmp-2021,3677,3677,SHARANABASAVESHWARA KERE,TANK,2021,,,fecalColiform,630,,false,,MPN/100mL,min,630,nwmp-2021
nwmp-2021,3677,3677,SHARANABASAVESHWARA KERE,TANK,2021,,,fecalColiform,1400,,false,,MPN/100mL,max,1400,nwmp-2021
nwmp-2021,3677,3677,SHARANABASAVESHWARA KERE,TANK,2021,,,totalColiform,2200,,false,,MPN/100mL,min,2200,nwmp-2021
nwmp-2021,3677,3677,SHARANABASAVESHWARA KERE,TANK,2021,,,totalColiform,5400,,false,,MPN/100mL,max,5400,nwmp-2021
nwmp-2021,3600,3600,SHIVAPURA TANK,TANK,2021,,,temperature,25.0,,false,,degC,min,25.0,nwmp-2021
nwmp-2021,3600,3600,SHIVAPURA TANK,TANK,2021,,,temperature,25.0,,false,,degC,max,25.0,nwmp-2021
nwmp-2021,3600,3600,SHIVAPURA TANK,TANK,2021,,,dissolvedOxygen,0.3,,false,,mg/L,min,0.3,nwmp-2021
nwmp-2021,3600,3600,SHIVAPURA TANK,TANK,2021,,,dissolvedOxygen,5.8,,false,,mg/L,max,5.8,nwmp-2021
nwmp-2021,3600,3600,SHIVAPURA TANK,TANK,2021,,,ph,6.5,,false,,,min,6.5,nwmp-2021
nwmp-2021,3600,3600,SHIVAPURA TANK,TANK,2021,,,ph,7.6,,false,,,max,7.6,nwmp-2021
nwmp-2021,3600,3600,SHIVAPURA TANK,TANK,2021,,,conductivity,762,,false,,uS/cm,min,762,nwmp-2021
nwmp-2021,3600,3600,SHIVAPURA TANK,TANK,2021,,,conductivity,4110,,false,,uS/cm,max,4110,nwmp-2021
nwmp-2021,3600,3600,SHIVAPURA TANK,TANK,2021,,,bod,5.0,,false,,mg/L,min,5.0,nwmp-2021
nwmp-2021,3600,3600,SHIVAPURA TANK,TANK,2021,,,bod,83.0,,false,,mg/L,max,83.0,nwmp-2021
nwmp-2021,3600,3600,SHIVAPURA TANK,TANK,2021,,,nitrateNitrite,2.00,,false,,mg/L as N,min,2.00,nwmp-2021
nwmp-2021,3600,3600,SHIVAPURA TANK,TANK,2021,,,nitrateNitrite,9.19,,false,,mg/L as N,max,9.19,nwmp-2021
nwmp-2021,3600,3600,SHIVAPURA TANK,TANK,2021,,,fecalColiform,4000,,false,,MPN/100mL,min,4000,nwmp-2021
nwmp-2021,3600,3600,SHIVAPURA TANK,TANK,2021,,,fecalColiform,9400000,,false,,MPN/100mL,max,9400000,nwmp-2021
nwmp-2021,3600,3600,SHIVAPURA TANK,TANK,2021,,,totalColiform,35000,,false,,MPN/100mL,min,35000,nwmp-2021
nwmp-2021,3600,3600,SHIVAPURA TANK,TANK,2021,,,totalColiform,54000000,,false,,MPN/100mL,max,54000000,nwmp-2021
nwmp-2021,3689,3689,SOMESHWARAKERE TANK,TANK,2021,,,temperature,23.0,,false,,degC,min,23.0,nwmp-2021
nwmp-2021,3689,3689,SOMESHWARAKERE TANK,TANK,2021,,,temperature,25.0,,false,,degC,max,25.0,nwmp-2021
nwmp-2021,3689,3689,SOMESHWARAKERE TANK,TANK,2021,,,dissolvedOxygen,5.8,,false,,mg/L,min,5.8,nwmp-2021
nwmp-2021,3689,3689,SOMESHWARAKERE TANK,TANK,2021,,,dissolvedOxygen,6.8,,false,,mg/L,max,6.8,nwmp-2021
nwmp-2021,3689,3689,SOMESHWARAKERE TANK,TANK,2021,,,ph,7.1,,false,,,min,7.1,nwmp-2021
nwmp-2021,3689,3689,SOMESHWARAKERE TANK,TANK,2021,,,ph,7.9,,false,,,max,7.9,nwmp-2021
nwmp-2021,3689,3689,SOMESHWARAKERE TANK,TANK,2021,,,conductivity,732,,false,,uS/cm,min,732,nwmp-2021
nwmp-2021,3689,3689,SOMESHWARAKERE TANK,TANK,2021,,,conductivity,1340,,false,,uS/cm,max,1340,nwmp-2021
nwmp-2021,3689,3689,SOMESHWARAKERE TANK,TANK,2021,,,bod,3.3,,false,,mg/L,min,3.3,nwmp-2021
nwmp-2021,3689,3689,SOMESHWARAKERE TANK,TANK,2021,,,bod,4.5,,false,,mg/L,max,4.5,nwmp-2021
nwmp-2021,3689,3689,SOMESHWARAKERE TANK,TANK,2021,,,nitrateNitrite,1.02,,false,,mg/L as N,min,1.02,nwmp-2021
nwmp-2021,3689,3689,SOMESHWARAKERE TANK,TANK,2021,,,nitrateNitrite,1.32,,false,,mg/L as N,max,1.32,nwmp-2021
nwmp-2021,3689,3689,SOMESHWARAKERE TANK,TANK,2021,,,fecalColiform,13,,false,,MPN/100mL,min,13,nwmp-2021
nwmp-2021,3689,3689,SOMESHWARAKERE TANK,TANK,2021,,,fecalColiform,58,,false,,MPN/100mL,max,58,nwmp-2021
nwmp-2021,3689,3689,SOMESHWARAKERE TANK,TANK,2021,,,totalColiform,70,,false,,MPN/100mL,min,70,nwmp-2021
nwmp-2021,3689,3689,SOMESHWARAKERE TANK,TANK,2021,,,totalColiform,196,,false,,MPN/100mL,max,196,nwmp-2021
nwmp-2021,3668,3668,SOUDRALLI KERE,TANK,2021,,,temperature,21.0,,false,,degC,min,21.0,nwmp-2021
nwmp-2021,3668,3668,SOUDRALLI KERE,TANK,2021,,,temperature,27.0,,false,,degC,max,27.0,nwmp-2021
nwmp-2021,3668,3668,SOUDRALLI KERE,TANK,2021,,,dissolvedOxygen,4.3,,false,,mg/L,min,4.3,nwmp-2021
nwmp-2021,3668,3668,SOUDRALLI KERE,TANK,2021,,,dissolvedOxygen,5.9,,false,,mg/L,max,5.9,nwmp-2021
nwmp-2021,3668,3668,SOUDRALLI KERE,TANK,2021,,,ph,7.3,,false,,,min,7.3,nwmp-2021
nwmp-2021,3668,3668,SOUDRALLI KERE,TANK,2021,,,ph,7.8,,false,,,max,7.8,nwmp-2021
nwmp-2021,3668,3668,SOUDRALLI KERE,TANK,2021,,,conductivity,690,,false,,uS/cm,min,690,nwmp-2021
nwmp-2021,3668,3668,SOUDRALLI KERE,TANK,2021,,,conductivity,1150,,false,,uS/cm,max,1150,nwmp-2021
nwmp-2021,3668,3668,SOUDRALLI KERE,TANK,2021,,,bod,2.9,,false,,mg/L,min,2.9,nwmp-2021
nwmp-2021,3668,3668,SOUDRALLI KERE,TANK,2021,,,bod,3.8,,false,,mg/L,max,3.8,nwmp-2021
nwmp-2021,3668,3668,SOUDRALLI KERE,TANK,2021,,,nitrateNitrite,0.30,,false,,mg/L as N,min,0.30,nwmp-2021
nwmp-2021,3668,3668,SOUDRALLI KERE,TANK,2021,,,nitrateNitrite,0.90,,false,,mg/L as N,max,0.90,nwmp-2021
nwmp-2021,3668,3668,SOUDRALLI KERE,TANK,2021,,,fecalColiform,340,,false,,MPN/100mL,min,340,nwmp-2021
nwmp-2021,3668,3668,SOUDRALLI KERE,TANK,2021,,,fecalColiform,490,,false,,MPN/100mL,max,490,nwmp-2021
nwmp-2021,3668,3668,SOUDRALLI KERE,TANK,2021,,,totalColiform,2200,,false,,MPN/100mL,min,2200,nwmp-2021
nwmp-2021,3668,3668,SOUDRALLI KERE,TANK,2021,,,totalColiform,3500,,false,,MPN/100mL,max,3500,nwmp-2021
nwmp-2021,3633,3633,SUBRAMANYAPURA TANK,TANK,2021,,,temperature,25.0,,false,,degC,min,25.0,nwmp-2021
nwmp-2021,3633,3633,SUBRAMANYAPURA TANK,TANK,2021,,,temperature,25.0,,false,,degC,max,25.0,nwmp-2021
nwmp-2021,3633,3633,SUBRAMANYAPURA TANK,TANK,2021,,,dissolvedOxygen,0.3,,false,,mg/L,min,0.3,nwmp-2021
nwmp-2021,3633,3633,SUBRAMANYAPURA TANK,TANK,2021,,,dissolvedOxygen,4.8,,false,,mg/L,max,4.8,nwmp-2021
nwmp-2021,3633,3633,SUBRAMANYAPURA TANK,TANK,2021,,,ph,6.5,,false,,,min,6.5,nwmp-2021
nwmp-2021,3633,3633,SUBRAMANYAPURA TANK,TANK,2021,,,ph,7.6,,false,,,max,7.6,nwmp-2021
nwmp-2021,3633,3633,SUBRAMANYAPURA TANK,TANK,2021,,,conductivity,969,,false,,uS/cm,min,969,nwmp-2021
nwmp-2021,3633,3633,SUBRAMANYAPURA TANK,TANK,2021,,,conductivity,2005,,false,,uS/cm,max,2005,nwmp-2021
nwmp-2021,3633,3633,SUBRAMANYAPURA TANK,TANK,2021,,,bod,5.0,,false,,mg/L,min,5.0,nwmp-2021
nwmp-2021,3633,3633,SUBRAMANYAPURA TANK,TANK,2021,,,bod,50.0,,false,,mg/L,max,50.0,nwmp-2021
nwmp-2021,3633,3633,SUBRAMANYAPURA TANK,TANK,2021,,,nitrateNitrite,0.80,,false,,mg/L as N,min,0.80,nwmp-2021
nwmp-2021,3633,3633,SUBRAMANYAPURA TANK,TANK,2021,,,nitrateNitrite,11.50,,false,,mg/L as N,max,11.50,nwmp-2021
nwmp-2021,3633,3633,SUBRAMANYAPURA TANK,TANK,2021,,,fecalColiform,4600,,false,,MPN/100mL,min,4600,nwmp-2021
nwmp-2021,3633,3633,SUBRAMANYAPURA TANK,TANK,2021,,,fecalColiform,940000,,false,,MPN/100mL,max,940000,nwmp-2021
nwmp-2021,3633,3633,SUBRAMANYAPURA TANK,TANK,2021,,,totalColiform,35000,,false,,MPN/100mL,min,35000,nwmp-2021
nwmp-2021,3633,3633,SUBRAMANYAPURA TANK,TANK,2021,,,totalColiform,5400000,,false,,MPN/100mL,max,5400000,nwmp-2021
nwmp-2021,3688,3688,SUDANAKERE TANK,TANK,2021,,,temperature,23.0,,false,,degC,min,23.0,nwmp-2021
nwmp-2021,3688,3688,SUDANAKERE TANK,TANK,2021,,,temperature,26.0,,false,,degC,max,26.0,nwmp-2021
nwmp-2021,3688,3688,SUDANAKERE TANK,TANK,2021,,,dissolvedOxygen,6.9,,false,,mg/L,min,6.9,nwmp-2021
nwmp-2021,3688,3688,SUDANAKERE TANK,TANK,2021,,,dissolvedOxygen,7.3,,false,,mg/L,max,7.3,nwmp-2021
nwmp-2021,3688,3688,SUDANAKERE TANK,TANK,2021,,,ph,7.7,,false,,,min,7.7,nwmp-2021
nwmp-2021,3688,3688,SUDANAKERE TANK,TANK,2021,,,ph,8.2,,false,,,max,8.2,nwmp-2021
nwmp-2021,3688,3688,SUDANAKERE TANK,TANK,2021,,,conductivity,581,,false,,uS/cm,min,581,nwmp-2021
nwmp-2021,3688,3688,SUDANAKERE TANK,TANK,2021,,,conductivity,790,,false,,uS/cm,max,790,nwmp-2021
nwmp-2021,3688,3688,SUDANAKERE TANK,TANK,2021,,,bod,3.4,,false,,mg/L,min,3.4,nwmp-2021
nwmp-2021,3688,3688,SUDANAKERE TANK,TANK,2021,,,bod,3.9,,false,,mg/L,max,3.9,nwmp-2021
nwmp-2021,3688,3688,SUDANAKERE TANK,TANK,2021,,,nitrateNitrite,0.52,,false,,mg/L as N,min,0.52,nwmp-2021
nwmp-2021,3688,3688,SUDANAKERE TANK,TANK,2021,,,nitrateNitrite,0.79,,false,,mg/L as N,max,0.79,nwmp-2021
nwmp-2021,3688,3688,SUDANAKERE TANK,TANK,2021,,,fecalColiform,41,,false,,MPN/100mL,min,41,nwmp-2021
nwmp-2021,3688,3688,SUDANAKERE TANK,TANK,2021,,,fecalColiform,136,,false,,MPN/100mL,max,136,nwmp-2021
nwmp-2021,3688,3688,SUDANAKERE TANK,TANK,2021,,,totalColiform,221,,false,,MPN/100mL,min,221,nwmp-2021
nwmp-2021,3688,3688,SUDANAKERE TANK,TANK,2021,,,totalColiform,394,,false,,MPN/100mL,max,394,nwmp-2021
nwmp-2021,3690,3690,UNAKALKERE TANK,TANK,2021,,,temperature,25.0,,false,,degC,min,25.0,nwmp-2021
nwmp-2021,3690,3690,UNAKALKERE TANK,TANK,2021,,,temperature,26.0,,false,,degC,max,26.0,nwmp-2021
nwmp-2021,3690,3690,UNAKALKERE TANK,TANK,2021,,,dissolvedOxygen,6.9,,false,,mg/L,min,6.9,nwmp-2021
nwmp-2021,3690,3690,UNAKALKERE TANK,TANK,2021,,,dissolvedOxygen,7.3,,false,,mg/L,max,7.3,nwmp-2021
nwmp-2021,3690,3690,UNAKALKERE TANK,TANK,2021,,,ph,7.7,,false,,,min,7.7,nwmp-2021
nwmp-2021,3690,3690,UNAKALKERE TANK,TANK,2021,,,ph,8.3,,false,,,max,8.3,nwmp-2021
nwmp-2021,3690,3690,UNAKALKERE TANK,TANK,2021,,,conductivity,876,,false,,uS/cm,min,876,nwmp-2021
nwmp-2021,3690,3690,UNAKALKERE TANK,TANK,2021,,,conductivity,1008,,false,,uS/cm,max,1008,nwmp-2021
nwmp-2021,3690,3690,UNAKALKERE TANK,TANK,2021,,,bod,3.3,,false,,mg/L,min,3.3,nwmp-2021
nwmp-2021,3690,3690,UNAKALKERE TANK,TANK,2021,,,bod,3.9,,false,,mg/L,max,3.9,nwmp-2021
nwmp-2021,3690,3690,UNAKALKERE TANK,TANK,2021,,,nitrateNitrite,1.02,,false,,mg/L as N,min,1.02,nwmp-2021
nwmp-2021,3690,3690,UNAKALKERE TANK,TANK,2021,,,nitrateNitrite,1.12,,false,,mg/L as N,max,1.12,nwmp-2021
nwmp-2021,3690,3690,UNAKALKERE TANK,TANK,2021,,,fecalColiform,21,,false,,MPN/100mL,min,21,nwmp-2021
nwmp-2021,3690,3690,UNAKALKERE TANK,TANK,2021,,,fecalColiform,63,,false,,MPN/100mL,max,63,nwmp-2021
nwmp-2021,3690,3690,UNAKALKERE TANK,TANK,2021,,,totalColiform,120,,false,,MPN/100mL,min,120,nwmp-2021
nwmp-2021,3690,3690,UNAKALKERE TANK,TANK,2021,,,totalColiform,185,,false,,MPN/100mL,max,185,nwmp-2021
nwmp-2021,3640,3640,UTTARAHALLI DORAIKERE,TANK,2021,,,temperature,25.0,,false,,degC,min,25.0,nwmp-2021
nwmp-2021,3640,3640,UTTARAHALLI DORAIKERE,TANK,2021,,,temperature,25.0,,false,,degC,max,25.0,nwmp-2021
nwmp-2021,3640,3640,UTTARAHALLI DORAIKERE,TANK,2021,,,dissolvedOxygen,0.3,,false,,mg/L,min,0.3,nwmp-2021
nwmp-2021,3640,3640,UTTARAHALLI DORAIKERE,TANK,2021,,,dissolvedOxygen,7.1,,false,,mg/L,max,7.1,nwmp-2021
nwmp-2021,3640,3640,UTTARAHALLI DORAIKERE,TANK,2021,,,ph,6.7,,false,,,min,6.7,nwmp-2021
nwmp-2021,3640,3640,UTTARAHALLI DORAIKERE,TANK,2021,,,ph,9.3,,false,,,max,9.3,nwmp-2021
nwmp-2021,3640,3640,UTTARAHALLI DORAIKERE,TANK,2021,,,conductivity,192,,false,,uS/cm,min,192,nwmp-2021
nwmp-2021,3640,3640,UTTARAHALLI DORAIKERE,TANK,2021,,,conductivity,450,,false,,uS/cm,max,450,nwmp-2021
nwmp-2021,3640,3640,UTTARAHALLI DORAIKERE,TANK,2021,,,bod,4.0,,false,,mg/L,min,4.0,nwmp-2021
nwmp-2021,3640,3640,UTTARAHALLI DORAIKERE,TANK,2021,,,bod,48.0,,false,,mg/L,max,48.0,nwmp-2021
nwmp-2021,3640,3640,UTTARAHALLI DORAIKERE,TANK,2021,,,nitrateNitrite,0.52,,false,,mg/L as N,min,0.52,nwmp-2021
nwmp-2021,3640,3640,UTTARAHALLI DORAIKERE,TANK,2021,,,nitrateNitrite,2.08,,false,,mg/L as N,max,2.08,nwmp-2021
nwmp-2021,3640,3640,UTTARAHALLI DORAIKERE,TANK,2021,,,fecalColiform,2700,,false,,MPN/100mL,min,2700,nwmp-2021
nwmp-2021,3640,3640,UTTARAHALLI DORAIKERE,TANK,2021,,,fecalColiform,94000,,false,,MPN/100mL,max,94000,nwmp-2021
nwmp-2021,3640,3640,UTTARAHALLI DORAIKERE,TANK,2021,,,totalColiform,24000,,false,,MPN/100mL,min,24000,nwmp-2021
nwmp-2021,3640,3640,UTTARAHALLI DORAIKERE,TANK,2021,,,totalColiform,540000,,false,,MPN/100mL,max,540000,nwmp-2021
nwmp-2021,3632,3632,VEERAPURA TANK,TANK,2021,,,temperature,25.0,,false,,degC,min,25.0,nwmp-2021
nwmp-2021,3632,3632,VEERAPURA TANK,TANK,2021,,,temperature,25.0,,false,,degC,max,25.0,nwmp-2021
nwmp-2021,3632,3632,VEERAPURA TANK,TANK,2021,,,dissolvedOxygen,0.3,,false,,mg/L,min,0.3,nwmp-2021
nwmp-2021,3632,3632,VEERAPURA TANK,TANK,2021,,,dissolvedOxygen,6.5,,false,,mg/L,max,6.5,nwmp-2021
nwmp-2021,3632,3632,VEERAPURA TANK,TANK,2021,,,ph,6.5,,false,,,min,6.5,nwmp-2021
nwmp-2021,3632,3632,VEERAPURA TANK,TANK,2021,,,ph,8.1,,false,,,max,8.1,nwmp-2021
nwmp-2021,3632,3632,VEERAPURA TANK,TANK,2021,,,conductivity,309,,false,,uS/cm,min,309,nwmp-2021
nwmp-2021,3632,3632,VEERAPURA TANK,TANK,2021,,,conductivity,5860,,false,,uS/cm,max,5860,nwmp-2021
nwmp-2021,3632,3632,VEERAPURA TANK,TANK,2021,,,bod,3.0,,false,,mg/L,min,3.0,nwmp-2021
nwmp-2021,3632,3632,VEERAPURA TANK,TANK,2021,,,bod,124.0,,false,,mg/L,max,124.0,nwmp-2021
nwmp-2021,3632,3632,VEERAPURA TANK,TANK,2021,,,nitrateNitrite,0.80,,false,,mg/L as N,min,0.80,nwmp-2021
nwmp-2021,3632,3632,VEERAPURA TANK,TANK,2021,,,nitrateNitrite,9.00,,false,,mg/L as N,max,9.00,nwmp-2021
nwmp-2021,3632,3632,VEERAPURA TANK,TANK,2021,,,fecalColiform,4600,,false,,MPN/100mL,min,4600,nwmp-2021
nwmp-2021,3632,3632,VEERAPURA TANK,TANK,2021,,,fecalColiform,94000,,false,,MPN/100mL,max,94000,nwmp-2021
nwmp-2021,3632,3632,VEERAPURA TANK,TANK,2021,,,totalColiform,24000,,false,,MPN/100mL,min,24000,nwmp-2021
nwmp-2021,3632,3632,VEERAPURA TANK,TANK,2021,,,totalColiform,540000,,false,,MPN/100mL,max,540000,nwmp-2021
nwmp-2021,3603,3603,VENGAIHNAKERE,TANK,2021,,,temperature,24.0,,false,,degC,min,24.0,nwmp-2021
nwmp-2021,3603,3603,VENGAIHNAKERE,TANK,2021,,,temperature,25.0,,false,,degC,max,25.0,nwmp-2021
nwmp-2021,3603,3603,VENGAIHNAKERE,TANK,2021,,,dissolvedOxygen,1.9,,false,,mg/L,min,1.9,nwmp-2021
nwmp-2021,3603,3603,VENGAIHNAKERE,TANK,2021,,,dissolvedOxygen,6.2,,false,,mg/L,max,6.2,nwmp-2021
nwmp-2021,3603,3603,VENGAIHNAKERE,TANK,2021,,,ph,6.5,,false,,,min,6.5,nwmp-2021
nwmp-2021,3603,3603,VENGAIHNAKERE,TANK,2021,,,ph,7.2,,false,,,max,7.2,nwmp-2021
nwmp-2021,3603,3603,VENGAIHNAKERE,TANK,2021,,,conductivity,667,,false,,uS/cm,min,667,nwmp-2021
nwmp-2021,3603,3603,VENGAIHNAKERE,TANK,2021,,,conductivity,1330,,false,,uS/cm,max,1330,nwmp-2021
nwmp-2021,3603,3603,VENGAIHNAKERE,TANK,2021,,,bod,2.0,,false,,mg/L,min,2.0,nwmp-2021
nwmp-2021,3603,3603,VENGAIHNAKERE,TANK,2021,,,bod,81.0,,false,,mg/L,max,81.0,nwmp-2021
nwmp-2021,3603,3603,VENGAIHNAKERE,TANK,2021,,,nitrateNitrite,0.80,,false,,mg/L as N,min,0.80,nwmp-2021
nwmp-2021,3603,3603,VENGAIHNAKERE,TANK,2021,,,nitrateNitrite,12.00,,false,,mg/L as N,max,12.00,nwmp-2021
nwmp-2021,3603,3603,VENGAIHNAKERE,TANK,2021,,,fecalColiform,2300,,false,,MPN/100mL,min,2300,nwmp-2021
nwmp-2021,3603,3603,VENGAIHNAKERE,TANK,2021,,,fecalColiform,110000,,false,,MPN/100mL,max,110000,nwmp-2021
nwmp-2021,3603,3603,VENGAIHNAKERE,TANK,2021,,,totalColiform,24000,,false,,MPN/100mL,min,24000,nwmp-2021
nwmp-2021,3603,3603,VENGAIHNAKERE,TANK,2021,,,totalColiform,920000,,false,,MPN/100mL,max,920000,nwmp-2021
nwmp-2021,3691,3691,VIMANABHUTHIKERE TANK,TANK,2021,,,temperature,25.0,,false,,degC,min,25.0,nwmp-2021
nwmp-2021,3691,3691,VIMANABHUTHIKERE TANK,TANK,2021,,,temperature,32.0,,false,,degC,max,32.0,nwmp-2021
nwmp-2021,3691,3691,VIMANABHUTHIKERE TANK,TANK,2021,,,dissolvedOxygen,6.2,,false,,mg/L,min,6.2,nwmp-2021
nwmp-2021,3691,3691,VIMANABHUTHIKERE TANK,TANK,2021,,,dissolvedOxygen,7.7,,false,,mg/L,max,7.7,nwmp-2021
nwmp-2021,3691,3691,VIMANABHUTHIKERE TANK,TANK,2021,,,ph,7.2,,false,,,min,7.2,nwmp-2021
nwmp-2021,3691,3691,VIMANABHUTHIKERE TANK,TANK,2021,,,ph,8.3,,false,,,max,8.3,nwmp-2021
nwmp-2021,3691,3691,VIMANABHUTHIKERE TANK,TANK,2021,,,conductivity,92,,false,,uS/cm,min,92,nwmp-2021
nwmp-2021,3691,3691,VIMANABHUTHIKERE TANK,TANK,2021,,,conductivity,290,,false,,uS/cm,max,290,nwmp-2021
nwmp-2021,3691,3691,VIMANABHUTHIKERE TANK,TANK,2021,,,bod,2.0,,false,,mg/L,min,2.0,nwmp-2021
nwmp-2021,3691,3691,VIMANABHUTHIKERE TANK,TANK,2021,,,bod,2.2,,false,,mg/L,max,2.2,nwmp-2021
nwmp-2021,3691,3691,VIMANABHUTHIKERE TANK,TANK,2021,,,nitrateNitrite,0.30,,false,,mg/L as N,min,0.30,nwmp-2021
nwmp-2021,3691,3691,VIMANABHUTHIKERE TANK,TANK,2021,,,nitrateNitrite,0.50,,false,,mg/L as N,max,0.50,nwmp-2021
nwmp-2021,3691,3691,VIMANABHUTHIKERE TANK,TANK,2021,,,fecalColiform,,,false,,MPN/100mL,min,-,nwmp-2021
nwmp-2021,3691,3691,VIMANABHUTHIKERE TANK,TANK,2021,,,fecalColiform,,,false,,MPN/100mL,max,-,nwmp-2021
nwmp-2021,3691,3691,VIMANABHUTHIKERE TANK,TANK,2021,,,totalColiform,,,false,,MPN/100mL,min,-,nwmp-2021
nwmp-2021,3691,3691,VIMANABHUTHIKERE TANK,TANK,2021,,,totalColiform,,,false,,MPN/100mL,max,-,nwmp-2021
nwmp-2021,3630,3630,YELAHANKA TANK,TANK,2021,,,temperature,25.0,,false,,degC,min,25.0,nwmp-2021
nwmp-2021,3630,3630,YELAHANKA TANK,TANK,2021,,,temperature,25.0,,false,,degC,max,25.0,nwmp-2021
nwmp-2021,3630,3630,YELAHANKA TANK,TANK,2021,,,dissolvedOxygen,4.0,,false,,mg/L,min,4.0,nwmp-2021
nwmp-2021,3630,3630,YELAHANKA TANK,TANK,2021,,,dissolvedOxygen,6.9,,false,,mg/L,max,6.9,nwmp-2021
nwmp-2021,3630,3630,YELAHANKA TANK,TANK,2021,,,ph,6.5,,false,,,min,6.5,nwmp-2021
nwmp-2021,3630,3630,YELAHANKA TANK,TANK,2021,,,ph,8.5,,false,,,max,8.5,nwmp-2021
nwmp-2021,3630,3630,YELAHANKA TANK,TANK,2021,,,conductivity,512,,false,,uS/cm,min,512,nwmp-2021
nwmp-2021,3630,3630,YELAHANKA TANK,TANK,2021,,,conductivity,1120,,false,,uS/cm,max,1120,nwmp-2021
nwmp-2021,3630,3630,YELAHANKA TANK,TANK,2021,,,bod,4.0,,false,,mg/L,min,4.0,nwmp-2021
nwmp-2021,3630,3630,YELAHANKA TANK,TANK,2021,,,bod,14.0,,false,,mg/L,max,14.0,nwmp-2021
nwmp-2021,3630,3630,YELAHANKA TANK,TANK,2021,,,nitrateNitrite,1.20,,false,,mg/L as N,min,1.20,nwmp-2021
nwmp-2021,3630,3630,YELAHANKA TANK,TANK,2021,,,nitrateNitrite,3.70,,false,,mg/L as N,max,3.70,nwmp-2021
nwmp-2021,3630,3630,YELAHANKA TANK,TANK,2021,,,fecalColiform,140,,false,,MPN/100mL,min,140,nwmp-2021
nwmp-2021,3630,3630,YELAHANKA TANK,TANK,2021,,,fecalColiform,94000,,false,,MPN/100mL,max,94000,nwmp-2021
nwmp-2021,3630,3630,YELAHANKA TANK,TANK,2021,,,totalColiform,24000,,false,,MPN/100mL,min,24000,nwmp-2021
nwmp-2021,3630,3630,YELAHANKA TANK,TANK,2021,,,totalColiform,1600000,,false,,MPN/100mL,max,1600000,nwmp-2021
nwmp-2021,3605,3605,YELLAMALLAPPA TANK,TANK,2021,,,temperature,25.0,,false,,degC,min,25.0,nwmp-2021
nwmp-2021,3605,3605,YELLAMALLAPPA TANK,TANK,2021,,,temperature,25.0,,false,,degC,max,25.0,nwmp-2021
nwmp-2021,3605,3605,YELLAMALLAPPA TANK,TANK,2021,,,dissolvedOxygen,3.1,,false,,mg/L,min,3.1,nwmp-2021
nwmp-2021,3605,3605,YELLAMALLAPPA TANK,TANK,2021,,,dissolvedOxygen,5.6,,false,,mg/L,max,5.6,nwmp-2021
nwmp-2021,3605,3605,YELLAMALLAPPA TANK,TANK,2021,,,ph,6.6,,false,,,min,6.6,nwmp-2021
nwmp-2021,3605,3605,YELLAMALLAPPA TANK,TANK,2021,,,ph,7.6,,false,,,max,7.6,nwmp-2021
nwmp-2021,3605,3605,YELLAMALLAPPA TANK,TANK,2021,,,conductivity,887,,false,,uS/cm,min,887,nwmp-2021
nwmp-2021,3605,3605,YELLAMALLAPPA TANK,TANK,2021,,,conductivity,1791,,false,,uS/cm,max,1791,nwmp-2021
nwmp-2021,3605,3605,YELLAMALLAPPA TANK,TANK,2021,,,bod,5.0,,false,,mg/L,min,5.0,nwmp-2021
nwmp-2021,3605,3605,YELLAMALLAPPA TANK,TANK,2021,,,bod,14.0,,false,,mg/L,max,14.0,nwmp-2021
nwmp-2021,3605,3605,YELLAMALLAPPA TANK,TANK,2021,,,nitrateNitrite,0.70,,false,,mg/L as N,min,0.70,nwmp-2021
nwmp-2021,3605,3605,YELLAMALLAPPA TANK,TANK,2021,,,nitrateNitrite,8.12,,false,,mg/L as N,max,8.12,nwmp-2021
nwmp-2021,3605,3605,YELLAMALLAPPA TANK,TANK,2021,,,fecalColiform,3300,,false,,MPN/100mL,min,3300,nwmp-2021
nwmp-2021,3605,3605,YELLAMALLAPPA TANK,TANK,2021,,,fecalColiform,170000,,false,,MPN/100mL,max,170000,nwmp-2021
nwmp-2021,3605,3605,YELLAMALLAPPA TANK,TANK,2021,,,totalColiform,24000,,false,,MPN/100mL,min,24000,nwmp-2021
nwmp-2021,3605,3605,YELLAMALLAPPA TANK,TANK,2021,,,totalColiform,920000,,false,,MPN/100mL,max,920000,nwmp-2021
