{"type":"FeatureCollection","features":[{"type":"Feature","id":"abbigere-kunte1","properties":{"id":"abbigere-kunte1","name":"Abbigere Kunte1","status":"disappeared","acres":0.4,"valley":null,"custodian":"BBMP","nowOccupiedBy":"Vacant land"},"geometry":{"type":"Point","coordinates":[77.530167,13.070028]}},{"type":"Feature","id":"adiganahalli-kunte","properties":{"id":"adiganahalli-kunte","name":"Adiganahalli Kunte","status":"disappeared","acres":0.725,"valley":null,"custodian":"ZP","nowOccupiedBy":"Agriculture land"},"geometry":{"type":"Point","coordinates":[77.564083,13.183694]}},{"type":"Feature","id":"adugodi-kunte1","properties":{"id":"adugodi-kunte1","name":"Adugodi Kunte1","status":"disappeared","acres":0.225,"valley":null,"custodian":"BBMP","nowOccupiedBy":"Buildings"},"geometry":{"type":"Point","coordinates":[77.602083,12.951944]}},{"type":"Feature","id":"adugodi-kunte2","properties":{"id":"adugodi-kunte2","name":"Adugodi Kunte2","status":"disappeared","acres":0.95,"valley":null,"custodian":"BBMP","nowOccupiedBy":"Bengaluru Kempegowda samudaya bhavana, road, Car service center, buildings"},"geometry":{"type":"Point","coordinates":[77.610083,12.943917]}},{"type":"Feature","id":"aduru-kunte1","properties":{"id":"aduru-kunte1","name":"Aduru Kunte1","status":"disappeared","acres":0.225,"valley":null,"custodian":"BBMP","nowOccupiedBy":"Mango plantation"},"geometry":{"type":"Point","coordinates":[77.705306,13.059611]}},{"type":"Feature","id":"aduru-kunte2","properties":{"id":"aduru-kunte2","name":"Aduru Kunte2","status":"disappeared","acres":0.1,"valley":null,"custodian":"BBMP","nowOccupiedBy":"Agriculture land"},"geometry":{"type":"Point","coordinates":[77.704944,13.058972]}},{"type":"Feature","id":"aduru-kunte3","properties":{"id":"aduru-kunte3","name":"Aduru Kunte3","status":"disappeared","acres":0.4,"valley":null,"custodian":"ZP","nowOccupiedBy":"Mango & sapota plantation"},"geometry":{"type":"Point","coordinates":[77.700056,13.052]}},{"type":"Feature","id":"aduru-kunte4","properties":{"id":"aduru-kunte4","name":"Aduru Kunte4","status":"disappeared","acres":0.425,"valley":null,"custodian":"ZP","nowOccupiedBy":"Vacant land"},"geometry":{"type":"Point","coordinates":[77.699056,13.053361]}},{"type":"Feature","id":"agara-kunte-2","properties":{"id":"agara-kunte-2","name":"Agara Kunte 2","status":"disappeared","acres":0.55,"valley":null,"custodian":"CRPF","nowOccupiedBy":"Vacant land"},"geometry":{"type":"Point","coordinates":[77.659111,12.917444]}},{"type":"Feature","id":"agara-kunte-3","properties":{"id":"agara-kunte-3","name":"Agara Kunte 3","status":"disappeared","acres":0.425,"valley":null,"custodian":"CRPF","nowOccupiedBy":"Vacant land"},"geometry":{"type":"Point","coordinates":[77.657667,12.917167]}},{"type":"Feature","id":"agara-kunte-4-2","properties":{"id":"agara-kunte-4-2","name":"Agara Kunte 4","status":"disappeared","acres":0.925,"valley":null,"custodian":"BBMP","nowOccupiedBy":"BSNL office, mithrajoythi buildings, road, vacant land & military area"},"geometry":{"type":"Point","coordinates":[77.653472,12.9115]}},{"type":"Feature","id":"agara-kunte-6","properties":{"id":"agara-kunte-6","name":"Agara Kunte 6","status":"disappeared","acres":1.575,"valley":null,"custodian":"BDA","nowOccupiedBy":"Agriculture land & coconut plantation"},"geometry":{"type":"Point","coordinates":[77.493,12.841528]}},{"type":"Feature","id":"agara-kunte-7","properties":{"id":"agara-kunte-7","name":"Agara Kunte 7","status":"disappeared","acres":0.225,"valley":null,"custodian":"BDA","nowOccupiedBy":"Agriculture land"},"geometry":{"type":"Point","coordinates":[77.491083,12.842194]}},{"type":"Feature","id":"agara-kunte-8","properties":{"id":"agara-kunte-8","name":"Agara Kunte 8","status":"disappeared","acres":0.575,"valley":null,"custodian":"BDA","nowOccupiedBy":"Agriculture land & coconut plantation"},"geometry":{"type":"Point","coordinates":[77.491917,12.8465]}},{"type":"Feature","id":"agara-kunte1","properties":{"id":"agara-kunte1","name":"Agara Kunte1","status":"disappeared","acres":1.35,"valley":null,"custodian":"BDA","nowOccupiedBy":"The art of living Intern. center"},"geometry":{"type":"Point","coordinates":[77.509111,12.829083]}},{"type":"Feature","id":"agara-kunte1-2","properties":{"id":"agara-kunte1-2","name":"Agara Kunte1","status":"disappeared","acres":0.625,"valley":null,"custodian":"BBMP","nowOccupiedBy":"Petrol bunk"},"geometry":{"type":"Point","coordinates":[77.650278,12.924694]}},{"type":"Feature","id":"agara-kunte2","properties":{"id":"agara-kunte2","name":"Agara Kunte2","status":"disappeared","acres":0.925,"valley":null,"custodian":"BDA","nowOccupiedBy":"The art of living Intern. center"},"geometry":{"type":"Point","coordinates":[77.51025,12.828917]}},{"type":"Feature","id":"agrahara-kere","properties":{"id":"agrahara-kere","name":"Agrahara Kere","status":"disappeared","acres":9.625,"valley":null,"custodian":"BBMP","nowOccupiedBy":"Dr. Ambedkar play ground"},"geometry":{"type":"Point","coordinates":[77.544528,12.984833]}},{"type":"Feature","id":"akkithimmanahalli-kere","properties":{"id":"akkithimmanahalli-kere","name":"Akkithimmanahalli Kere","status":"disappeared","acres":9.725,"valley":null,"custodian":"BBMP","nowOccupiedBy":"Hockey stadium, road & divya shree teck park"},"geometry":{"type":"Point","coordinates":[77.601639,12.960833]}},{"type":"Feature","id":"ambalipura-kunte1","properties":{"id":"ambalipura-kunte1","name":"Ambalipura Kunte1","status":"disappeared","acres":1.075,"valley":null,"custodian":"BBMP","nowOccupiedBy":"Apartment, agriculture land & park"},"geometry":{"type":"Point","coordinates":[77.667667,12.916806]}},{"type":"Feature","id":"amruthalli-kunte1","properties":{"id":"amruthalli-kunte1","name":"Amruthalli Kunte1","status":"disappeared","acres":0.75,"valley":null,"custodian":"BDA","nowOccupiedBy":"Houses & road"},"geometry":{"type":"Point","coordinates":[77.598389,13.0675]}},{"type":"Feature","id":"anagalapura-kunte1","properties":{"id":"anagalapura-kunte1","name":"Anagalapura Kunte1","status":"disappeared","acres":0.575,"valley":null,"custodian":"ZP","nowOccupiedBy":"Vacant land"},"geometry":{"type":"Point","coordinates":[77.685,13.067972]}},{"type":"Feature","id":"ananthapura-kunte","properties":{"id":"ananthapura-kunte","name":"Ananthapura Kunte","status":"disappeared","acres":0.1,"valley":null,"custodian":"BDA","nowOccupiedBy":"Vacant land"},"geometry":{"type":"Point","coordinates":[77.570944,13.114611]}},{"type":"Feature","id":"ananthapura-kunte1","properties":{"id":"ananthapura-kunte1","name":"Ananthapura Kunte1","status":"disappeared","acres":0.975,"valley":null,"custodian":"BDA","nowOccupiedBy":"Government school, anganawadi kendra, temple, samudaya bhavana"},"geometry":{"type":"Point","coordinates":[77.568778,13.117028]}},{"type":"Feature","id":"ananthapura-kunte2","properties":{"id":"ananthapura-kunte2","name":"Ananthapura Kunte2","status":"disappeared","acres":2.15,"valley":null,"custodian":"CRPF","nowOccupiedBy":"CRPF"},"geometry":{"type":"Point","coordinates":[77.569278,13.123]}},{"type":"Feature","id":"atturu-kunte","properties":{"id":"atturu-kunte","name":"Atturu Kunte","status":"disappeared","acres":0.3,"valley":null,"custodian":"BDA","nowOccupiedBy":"Government school & anganawadi"},"geometry":{"type":"Point","coordinates":[77.566389,13.102722]}},{"type":"Feature","id":"avalahali-kunte","properties":{"id":"avalahali-kunte","name":"Avalahali Kunte","status":"disappeared","acres":0.95,"valley":null,"custodian":"ZP","nowOccupiedBy":"Road"},"geometry":{"type":"Point","coordinates":[77.736167,13.035778]}},{"type":"Feature","id":"avalahalli-katte1","properties":{"id":"avalahalli-katte1","name":"Avalahalli Katte1","status":"disappeared","acres":1.85,"valley":null,"custodian":"BDA","nowOccupiedBy":"Horse shelters"},"geometry":{"type":"Point","coordinates":[77.562528,13.128722]}},{"type":"Feature","id":"avalahalli-katte2","properties":{"id":"avalahalli-katte2","name":"Avalahalli Katte2","status":"disappeared","acres":1.35,"valley":null,"custodian":"BDA","nowOccupiedBy":"Apartment"},"geometry":{"type":"Point","coordinates":[77.561167,13.127194]}},{"type":"Feature","id":"avalahalli-kunte-2","properties":{"id":"avalahalli-kunte-2","name":"Avalahalli Kunte-2","status":"disappeared","acres":0.375,"valley":null,"custodian":"ZP","nowOccupiedBy":"Agriculture coconut & mango plantation"},"geometry":{"type":"Point","coordinates":[77.712194,12.870389]}},{"type":"Feature","id":"avalahalli-kunte-3","properties":{"id":"avalahalli-kunte-3","name":"Avalahalli Kunte-3","status":"disappeared","acres":0.15,"valley":null,"custodian":"ZP","nowOccupiedBy":"Agriculture land & railway track"},"geometry":{"type":"Point","coordinates":[77.709917,12.868556]}},{"type":"Feature","id":"avalahalli-kunte-4","properties":{"id":"avalahalli-kunte-4","name":"Avalahalli Kunte-4","status":"disappeared","acres":0.575,"valley":null,"custodian":"ZP","nowOccupiedBy":"Agriculture land & railway track"},"geometry":{"type":"Point","coordinates":[77.708861,12.874889]}},{"type":"Feature","id":"avalahalli-kunte1","properties":{"id":"avalahalli-kunte1","name":"Avalahalli Kunte1","status":"disappeared","acres":0.425,"valley":null,"custodian":"BBMP","nowOccupiedBy":"BMTC bus stop & temple"},"geometry":{"type":"Point","coordinates":[77.547361,12.945083]}},{"type":"Feature","id":"avalahalli-kunte2","properties":{"id":"avalahalli-kunte2","name":"Avalahalli Kunte2","status":"disappeared","acres":0.375,"valley":null,"custodian":"BBMP","nowOccupiedBy":"Houses"},"geometry":{"type":"Point","coordinates":[77.537111,12.942889]}},{"type":"Feature","id":"ayyana-kere","properties":{"id":"ayyana-kere","name":"Ayyana Kere","status":"disappeared","acres":8.825,"valley":null,"custodian":"BDA","nowOccupiedBy":"Houses"},"geometry":{"type":"Point","coordinates":[77.529528,12.993333]}},{"type":"Feature","id":"badamanavartha-kaval-kere","properties":{"id":"badamanavartha-kaval-kere","name":"Badamanavartha Kaval Kere","status":"disappeared","acres":5.225,"valley":null,"custodian":"BDA","nowOccupiedBy":"Agriculture & vacant land"},"geometry":{"type":"Point","coordinates":[77.482472,12.849194]}},{"type":"Feature","id":"badavamavarthe-kavalu-kunte1","properties":{"id":"badavamavarthe-kavalu-kunte1","name":"Badavamavarthe Kavalu Kunte1","status":"disappeared","acres":0.2,"valley":null,"custodian":"BDA","nowOccupiedBy":"Vacant land"},"geometry":{"type":"Point","coordinates":[77.50675,12.843361]}},{"type":"Feature","id":"badavamavarthekavalu-kunte3","properties":{"id":"badavamavarthekavalu-kunte3","name":"Badavamavarthekavalu Kunte3","status":"disappeared","acres":0.125,"valley":null,"custodian":"BDA","nowOccupiedBy":"Agriculture land"},"geometry":{"type":"Point","coordinates":[77.476444,12.852417]}},{"type":"Feature","id":"badavamavarthekavalu-kunte6","properties":{"id":"badavamavarthekavalu-kunte6","name":"Badavamavarthekavalu Kunte6","status":"disappeared","acres":0.075,"valley":null,"custodian":"BDA","nowOccupiedBy":"Agriculture land"},"geometry":{"type":"Point","coordinates":[77.473472,12.863028]}},{"type":"Feature","id":"bagalagunte-kunte1","properties":{"id":"bagalagunte-kunte1","name":"Bagalagunte Kunte1","status":"disappeared","acres":0.175,"valley":null,"custodian":"BBMP","nowOccupiedBy":"School ground"},"geometry":{"type":"Point","coordinates":[77.502278,13.061444]}},{"type":"Feature","id":"bagalakunte-kere1","properties":{"id":"bagalakunte-kere1","name":"Bagalakunte Kere1","status":"disappeared","acres":11.1,"valley":null,"custodian":"BDA","nowOccupiedBy":"Vacant land, graveyard, building & road"},"geometry":{"type":"Point","coordinates":[77.498111,13.05625]}},{"type":"Feature","id":"bagalakunte-kunte2","properties":{"id":"bagalakunte-kunte2","name":"Bagalakunte Kunte2","status":"disappeared","acres":1.675,"valley":null,"custodian":"BBMP","nowOccupiedBy":"Vacant land"},"geometry":{"type":"Point","coordinates":[77.509333,13.055278]}},{"type":"Feature","id":"bagalakunte-kunte3","properties":{"id":"bagalakunte-kunte3","name":"Bagalakunte Kunte3","status":"disappeared","acres":0.225,"valley":null,"custodian":"BBMP","nowOccupiedBy":"Vacant land"},"geometry":{"type":"Point","coordinates":[77.493611,13.060806]}},{"type":"Feature","id":"bailakonnenahalli-kunte","properties":{"id":"bailakonnenahalli-kunte","name":"Bailakonnenahalli Kunte","status":"disappeared","acres":0.875,"valley":null,"custodian":"ZP","nowOccupiedBy":"Dumped waste slurry"},"geometry":{"type":"Point","coordinates":[77.469056,13.008806]}},{"type":"Feature","id":"balagere-kunte1","properties":{"id":"balagere-kunte1","name":"Balagere Kunte1","status":"disappeared","acres":3.025,"valley":null,"custodian":"BBMP","nowOccupiedBy":"Vacant land"},"geometry":{"type":"Point","coordinates":[77.733278,12.936056]}},{"type":"Feature","id":"balagere-kunte3","properties":{"id":"balagere-kunte3","name":"Balagere Kunte3","status":"disappeared","acres":0.5,"valley":null,"custodian":"BBMP","nowOccupiedBy":"Dumping yard & agriculture land"},"geometry":{"type":"Point","coordinates":[77.719944,12.9335]}},{"type":"Feature","id":"bammasandra-kunte-1","properties":{"id":"bammasandra-kunte-1","name":"Bammasandra Kunte 1","status":"disappeared","acres":0.15,"valley":null,"custodian":"ZP","nowOccupiedBy":"Golf village"},"geometry":{"type":"Point","coordinates":[77.689583,13.067861]}},{"type":"Feature","id":"banasavadi-kere-1","properties":{"id":"banasavadi-kere-1","name":"Banasavadi Kere-1","status":"disappeared","acres":19.425,"valley":null,"custodian":"BDA","nowOccupiedBy":"Houses, new horizon college, mini forest"},"geometry":{"type":"Point","coordinates":[77.660944,13.005861]}},{"type":"Feature","id":"banasavadi-kunte-4","properties":{"id":"banasavadi-kunte-4","name":"Banasavadi Kunte 4","status":"disappeared","acres":0.05,"valley":null,"custodian":"Army","nowOccupiedBy":"Vacant land (inside military )"},"geometry":{"type":"Point","coordinates":[77.646917,13.001111]}},{"type":"Feature","id":"banasavadi-kunte-5","properties":{"id":"banasavadi-kunte-5","name":"Banasavadi Kunte 5","status":"disappeared","acres":0.075,"valley":null,"custodian":"Army","nowOccupiedBy":"Vacant land (inside military )"},"geometry":{"type":"Point","coordinates":[77.646917,13.000639]}},{"type":"Feature","id":"banasavadi-kunte-6","properties":{"id":"banasavadi-kunte-6","name":"Banasavadi Kunte 6","status":"disappeared","acres":0.475,"valley":null,"custodian":"BBMP","nowOccupiedBy":"Railway track and vacant land"},"geometry":{"type":"Point","coordinates":[77.642583,13.005361]}},{"type":"Feature","id":"banasavadi-kunte-7","properties":{"id":"banasavadi-kunte-7","name":"Banasavadi Kunte 7","status":"disappeared","acres":0.1,"valley":null,"custodian":"BBMP","nowOccupiedBy":"Houses"},"geometry":{"type":"Point","coordinates":[77.645194,13.008333]}},{"type":"Feature","id":"banasavadi-kunte1","properties":{"id":"banasavadi-kunte1","name":"Banasavadi Kunte1","status":"disappeared","acres":0.275,"valley":null,"custodian":"BBMP","nowOccupiedBy":"Temple"},"geometry":{"type":"Point","coordinates":[77.654556,13.015417]}},{"type":"Feature","id":"banasavadi-kunte2","properties":{"id":"banasavadi-kunte2","name":"Banasavadi Kunte2","status":"disappeared","acres":0.475,"valley":null,"custodian":"BBMP","nowOccupiedBy":"Houses"},"geometry":{"type":"Point","coordinates":[77.658222,13.013806]}},{"type":"Feature","id":"banasavadi-kunte3","properties":{"id":"banasavadi-kunte3","name":"Banasavadi Kunte3","status":"disappeared","acres":0.775,"valley":null,"custodian":"BBMP","nowOccupiedBy":"Houses & school"},"geometry":{"type":"Point","coordinates":[77.657389,13.007444]}},{"type":"Feature","id":"banasavadi-kunte8","properties":{"id":"banasavadi-kunte8","name":"Banasavadi Kunte8","status":"disappeared","acres":0.075,"valley":null,"custodian":"BBMP","nowOccupiedBy":"Houses"},"geometry":{"type":"Point","coordinates":[77.645194,13.008056]}},{"type":"Feature","id":"banaswadi-kere2","properties":{"id":"banaswadi-kere2","name":"Banaswadi Kere2","status":"disappeared","acres":47.95,"valley":null,"custodian":"BDA","nowOccupiedBy":"Houses & vacant land"},"geometry":{"type":"Point","coordinates":[77.644667,13.011611]}},{"type":"Feature","id":"bandekere","properties":{"id":"bandekere","name":"Bandekere","status":"disappeared","acres":10,"valley":null,"custodian":"BDA","nowOccupiedBy":"BMTC bus depot"},"geometry":{"type":"Point","coordinates":[77.705556,12.895444]}},{"type":"Feature","id":"bariga-mudinahalli-kunte","properties":{"id":"bariga-mudinahalli-kunte","name":"Bariga Mudinahalli Kunte","status":"disappeared","acres":0.25,"valley":null,"custodian":"BBMP","nowOccupiedBy":"Prestige apartment"},"geometry":{"type":"Point","coordinates":[77.564722,12.977333]}},{"type":"Feature","id":"basapura-kunte","properties":{"id":"basapura-kunte","name":"Basapura Kunte","status":"disappeared","acres":0.65,"valley":null,"custodian":"BBMP","nowOccupiedBy":"Vacant land (construction debris dumping)"},"geometry":{"type":"Point","coordinates":[77.641694,12.864167]}},{"type":"Feature","id":"basavanapura-kunte1","properties":{"id":"basavanapura-kunte1","name":"Basavanapura Kunte1","status":"disappeared","acres":2.2,"valley":null,"custodian":"BBMP","nowOccupiedBy":"Vacant land"},"geometry":{"type":"Point","coordinates":[77.71625,13.009111]}},{"type":"Feature","id":"beemanakuppe-kunte1","properties":{"id":"beemanakuppe-kunte1","name":"Beemanakuppe Kunte1","status":"disappeared","acres":0.225,"valley":null,"custodian":"BDA","nowOccupiedBy":"Vacant land"},"geometry":{"type":"Point","coordinates":[77.435333,12.901667]}},{"type":"Feature","id":"beesegowdan-a-katte","properties":{"id":"beesegowdan-a-katte","name":"Beesegowdan A Katte","status":"disappeared","acres":0.3,"valley":null,"custodian":"BDA","nowOccupiedBy":"Manjunath nursery"},"geometry":{"type":"Point","coordinates":[77.45625,12.932889]}},{"type":"Feature","id":"begihalli-kunte1","properties":{"id":"begihalli-kunte1","name":"Begihalli Kunte1","status":"disappeared","acres":0.325,"valley":null,"custodian":"BDA","nowOccupiedBy":"Marble center"},"geometry":{"type":"Point","coordinates":[77.607167,12.797361]}},{"type":"Feature","id":"begihalli-kunte2","properties":{"id":"begihalli-kunte2","name":"Begihalli Kunte2","status":"disappeared","acres":0.1,"valley":null,"custodian":"BDA","nowOccupiedBy":"Layout"},"geometry":{"type":"Point","coordinates":[77.605833,12.794028]}},{"type":"Feature","id":"begur-kunte-1","properties":{"id":"begur-kunte-1","name":"Begur Kunte 1","status":"disappeared","acres":0.475,"valley":null,"custodian":"BBMP","nowOccupiedBy":"Vacant land"},"geometry":{"type":"Point","coordinates":[77.625111,12.883472]}},{"type":"Feature","id":"begur-kunte2","properties":{"id":"begur-kunte2","name":"Begur Kunte2","status":"disappeared","acres":1.05,"valley":null,"custodian":"BBMP","nowOccupiedBy":"Buildings, vacant land, church, government school, road"},"geometry":{"type":"Point","coordinates":[77.639028,12.870833]}},{"type":"Feature","id":"begur-kunte3","properties":{"id":"begur-kunte3","name":"Begur Kunte3","status":"disappeared","acres":0.2,"valley":null,"custodian":"BBMP","nowOccupiedBy":"Building (garage), vacant land"},"geometry":{"type":"Point","coordinates":[77.631167,12.862694]}},{"type":"Feature","id":"begur-kunte5","properties":{"id":"begur-kunte5","name":"Begur Kunte5","status":"disappeared","acres":1.1,"valley":null,"custodian":"BBMP","nowOccupiedBy":"Vacant land, mud dump"},"geometry":{"type":"Point","coordinates":[77.608972,12.868139]}},{"type":"Feature","id":"begur-kunte6","properties":{"id":"begur-kunte6","name":"Begur Kunte6","status":"disappeared","acres":0.225,"valley":null,"custodian":"BBMP","nowOccupiedBy":"Vacant land, sheds"},"geometry":{"type":"Point","coordinates":[77.607889,12.871694]}},{"type":"Feature","id":"begur-kunte7","properties":{"id":"begur-kunte7","name":"Begur Kunte7","status":"disappeared","acres":1.125,"valley":null,"custodian":"BBMP","nowOccupiedBy":"Vacant land, building"},"geometry":{"type":"Point","coordinates":[77.610028,12.875639]}},{"type":"Feature","id":"begur-kunte8","properties":{"id":"begur-kunte8","name":"Begur Kunte8","status":"disappeared","acres":0.75,"valley":null,"custodian":"BBMP","nowOccupiedBy":"Buildings, vacant land, road"},"geometry":{"type":"Point","coordinates":[77.620333,12.883806]}},{"type":"Feature","id":"belathuru-kunte","properties":{"id":"belathuru-kunte","name":"Belathuru Kunte","status":"disappeared","acres":0.3,"valley":null,"custodian":"BBMP","nowOccupiedBy":"Vacant land"},"geometry":{"type":"Point","coordinates":[77.751639,13.005806]}},{"type":"Feature","id":"bellekanahalli-kere","properties":{"id":"bellekanahalli-kere","name":"Bellekanahalli Kere","status":"disappeared","acres":56.925,"valley":null,"custodian":"BBMP","nowOccupiedBy":"Dollars Colony"},"geometry":{"type":"Point","coordinates":[77.596333,12.904472]}},{"type":"Feature","id":"bellekanahalli-kunte-2","properties":{"id":"bellekanahalli-kunte-2","name":"Bellekanahalli Kunte 2","status":"disappeared","acres":7.6,"valley":null,"custodian":"BBMP","nowOccupiedBy":"Apollo Hospital"},"geometry":{"type":"Point","coordinates":[77.59875,12.896278]}},{"type":"Feature","id":"bellekanahalli-kunte1","properties":{"id":"bellekanahalli-kunte1","name":"Bellekanahalli Kunte1","status":"disappeared","acres":7.425,"valley":null,"custodian":"BBMP","nowOccupiedBy":"Buildings"},"geometry":{"type":"Point","coordinates":[77.602444,12.908056]}},{"type":"Feature","id":"belur-kunte","properties":{"id":"belur-kunte","name":"Belur Kunte","status":"disappeared","acres":1.65,"valley":null,"custodian":"BBMP","nowOccupiedBy":"HAL airport"},"geometry":{"type":"Point","coordinates":[77.669833,12.946611]}},{"type":"Feature","id":"belur-nagasandra-kunte","properties":{"id":"belur-nagasandra-kunte","name":"Belur Nagasandra Kunte","status":"disappeared","acres":2.575,"valley":null,"custodian":"BBMP","nowOccupiedBy":"Vacant land & sheds"},"geometry":{"type":"Point","coordinates":[77.654028,12.940889]}},{"type":"Feature","id":"benniganahalli-kunte","properties":{"id":"benniganahalli-kunte","name":"Benniganahalli Kunte","status":"disappeared","acres":0.05,"valley":null,"custodian":"BBMP","nowOccupiedBy":"Apartment & vacant land"},"geometry":{"type":"Point","coordinates":[77.654028,12.993806]}},{"type":"Feature","id":"bettadasanapura-kunte2","properties":{"id":"bettadasanapura-kunte2","name":"Bettadasanapura Kunte2","status":"disappeared","acres":1.125,"valley":null,"custodian":"BDA","nowOccupiedBy":"Layout & road"},"geometry":{"type":"Point","coordinates":[77.630306,12.842333]}},{"type":"Feature","id":"bettadasanapura-kunte3","properties":{"id":"bettadasanapura-kunte3","name":"Bettadasanapura Kunte3","status":"disappeared","acres":0.575,"valley":null,"custodian":"BDA","nowOccupiedBy":"Patalamma temple & vacant land"},"geometry":{"type":"Point","coordinates":[77.628417,12.842528]}},{"type":"Feature","id":"bettahalsur-kunte-3","properties":{"id":"bettahalsur-kunte-3","name":"Bettahalsur Kunte 3","status":"disappeared","acres":0.175,"valley":null,"custodian":"BDA","nowOccupiedBy":"Eucalyptus plantation"},"geometry":{"type":"Point","coordinates":[77.605528,13.163306]}},{"type":"Feature","id":"bhairathi-kunte1","properties":{"id":"bhairathi-kunte1","name":"Bhairathi Kunte1","status":"disappeared","acres":0.25,"valley":null,"custodian":"BBMP","nowOccupiedBy":"Eyculptus plantaion"},"geometry":{"type":"Point","coordinates":[77.653833,13.071417]}},{"type":"Feature","id":"bhairathi-kunte2","properties":{"id":"bhairathi-kunte2","name":"Bhairathi Kunte2","status":"disappeared","acres":0.05,"valley":null,"custodian":"BBMP","nowOccupiedBy":"Layout"},"geometry":{"type":"Point","coordinates":[77.655028,13.064722]}},{"type":"Feature","id":"bhairathi-kunte4","properties":{"id":"bhairathi-kunte4","name":"Bhairathi Kunte4","status":"disappeared","acres":0.7,"valley":null,"custodian":"BBMP","nowOccupiedBy":"Graveyard, compound wall & road"},"geometry":{"type":"Point","coordinates":[77.654639,13.060917]}},{"type":"Feature","id":"bhairathikhane-kere","properties":{"id":"bhairathikhane-kere","name":"Bhairathikhane Kere","status":"disappeared","acres":5.725,"valley":null,"custodian":"BBMP","nowOccupiedBy":"Sewage drain & vacant land"},"geometry":{"type":"Point","coordinates":[77.642389,13.042306]}},{"type":"Feature","id":"bhandarapura-katte","properties":{"id":"bhandarapura-katte","name":"Bhandarapura Katte","status":"disappeared","acres":1.575,"valley":null,"custodian":"ZP","nowOccupiedBy":"Avalahalli police station & road"},"geometry":{"type":"Point","coordinates":[77.746389,13.043111]}},{"type":"Feature","id":"bhandarapura-kunte-2","properties":{"id":"bhandarapura-kunte-2","name":"Bhandarapura Kunte 2","status":"disappeared","acres":0.05,"valley":null,"custodian":"ZP","nowOccupiedBy":"Vacant land"},"geometry":{"type":"Point","coordinates":[77.750306,13.040028]}},{"type":"Feature","id":"bhandarapura-kunte1","properties":{"id":"bhandarapura-kunte1","name":"Bhandarapura Kunte1","status":"disappeared","acres":0.125,"valley":null,"custodian":"ZP","nowOccupiedBy":"Exotica apartment"},"geometry":{"type":"Point","coordinates":[77.74575,13.045306]}},{"type":"Feature","id":"bhattarahalli-kunte","properties":{"id":"bhattarahalli-kunte","name":"Bhattarahalli Kunte","status":"disappeared","acres":2.725,"valley":null,"custodian":"ZP","nowOccupiedBy":"Graveyard & vacant land"},"geometry":{"type":"Point","coordinates":[77.705861,13.026139]}},{"type":"Feature","id":"bhoganahalli-kunte1","properties":{"id":"bhoganahalli-kunte1","name":"Bhoganahalli Kunte1","status":"disappeared","acres":0.625,"valley":null,"custodian":"BBMP","nowOccupiedBy":"Eucalyptus plantation"},"geometry":{"type":"Point","coordinates":[77.708639,12.925417]}},{"type":"Feature","id":"bhoganahalli-kunte2","properties":{"id":"bhoganahalli-kunte2","name":"Bhoganahalli Kunte2","status":"disappeared","acres":1.55,"valley":null,"custodian":"BBMP","nowOccupiedBy":"Eucalyptus plantation"},"geometry":{"type":"Point","coordinates":[77.7035,12.920083]}},{"type":"Feature","id":"bhoganahalli-kunte3","properties":{"id":"bhoganahalli-kunte3","name":"Bhoganahalli Kunte3","status":"disappeared","acres":0.175,"valley":null,"custodian":"BBMP","nowOccupiedBy":"Vacant land"},"geometry":{"type":"Point","coordinates":[77.704333,12.916917]}},{"type":"Feature","id":"bhoganahalli-kunte4","properties":{"id":"bhoganahalli-kunte4","name":"Bhoganahalli Kunte4","status":"disappeared","acres":0.25,"valley":null,"custodian":"BBMP","nowOccupiedBy":"Granite work"},"geometry":{"type":"Point","coordinates":[77.701583,12.911444]}},{"type":"Feature","id":"bhoganahalli-kunte5","properties":{"id":"bhoganahalli-kunte5","name":"Bhoganahalli Kunte5","status":"disappeared","acres":0.375,"valley":null,"custodian":"BBMP","nowOccupiedBy":"Villas"},"geometry":{"type":"Point","coordinates":[77.693028,12.921306]}},{"type":"Feature","id":"bhoganahalli-kunte6","properties":{"id":"bhoganahalli-kunte6","name":"Bhoganahalli Kunte6","status":"disappeared","acres":0.525,"valley":null,"custodian":"BBMP","nowOccupiedBy":"Sheds"},"geometry":{"type":"Point","coordinates":[77.699389,12.927]}},{"type":"Feature","id":"bhuthanahalli-kunte-1","properties":{"id":"bhuthanahalli-kunte-1","name":"Bhuthanahalli Kunte-1","status":"disappeared","acres":0.625,"valley":null,"custodian":"BDA","nowOccupiedBy":"Vacant land, agriculture land"},"geometry":{"type":"Point","coordinates":[77.551028,12.809222]}},{"type":"Feature","id":"bhuthanahalli-kunte-3","properties":{"id":"bhuthanahalli-kunte-3","name":"Bhuthanahalli Kunte-3","status":"disappeared","acres":0.55,"valley":null,"custodian":"BDA","nowOccupiedBy":"Teak plantation, vacant land"},"geometry":{"type":"Point","coordinates":[77.560278,12.80725]}},{"type":"Feature","id":"bhuthanahalli-kunte-5","properties":{"id":"bhuthanahalli-kunte-5","name":"Bhuthanahalli Kunte-5","status":"disappeared","acres":1.9,"valley":null,"custodian":"BDA","nowOccupiedBy":"Vacant land"},"geometry":{"type":"Point","coordinates":[77.561,12.802917]}},{"type":"Feature","id":"bhuthanahalli-kunte-6","properties":{"id":"bhuthanahalli-kunte-6","name":"Bhuthanahalli Kunte-6","status":"disappeared","acres":0.95,"valley":null,"custodian":"BDA","nowOccupiedBy":"Vacant land, agriculture land"},"geometry":{"type":"Point","coordinates":[77.552528,12.801306]}},{"type":"Feature","id":"bidarena-agarahara-kunte","properties":{"id":"bidarena-agarahara-kunte","name":"Bidarena Agarahara Kunte","status":"disappeared","acres":0.725,"valley":null,"custodian":"ZP","nowOccupiedBy":"Vacant land"},"geometry":{"type":"Point","coordinates":[77.749889,13.036833]}},{"type":"Feature","id":"bikasipura-kunte","properties":{"id":"bikasipura-kunte","name":"Bikasipura Kunte","status":"disappeared","acres":0.1,"valley":null,"custodian":"BBMP","nowOccupiedBy":"Houses"},"geometry":{"type":"Point","coordinates":[77.559278,12.898611]}},{"type":"Feature","id":"bilekalli-kere","properties":{"id":"bilekalli-kere","name":"Bilekalli Kere","status":"disappeared","acres":10,"valley":null,"custodian":"BBMP","nowOccupiedBy":"Bengakuru cantonm. quarters"},"geometry":{"type":"Point","coordinates":[77.598333,12.995194]}},{"type":"Feature","id":"bilekalli-kunte","properties":{"id":"bilekalli-kunte","name":"Bilekalli Kunte","status":"disappeared","acres":1,"valley":null,"custodian":"BBMP","nowOccupiedBy":"Buildings"},"geometry":{"type":"Point","coordinates":[77.602278,12.996528]}},{"type":"Feature","id":"billishivale-katte","properties":{"id":"billishivale-katte","name":"Billishivale Katte","status":"disappeared","acres":1.725,"valley":null,"custodian":"BBMP","nowOccupiedBy":"Vacant land"},"geometry":{"type":"Point","coordinates":[77.668056,13.059528]}},{"type":"Feature","id":"billishivale-kunte","properties":{"id":"billishivale-kunte","name":"Billishivale Kunte","status":"disappeared","acres":0.05,"valley":null,"custodian":"BBMP","nowOccupiedBy":"Aralikatti temple"},"geometry":{"type":"Point","coordinates":[77.671333,13.054056]}},{"type":"Feature","id":"bingipura-kunte2","properties":{"id":"bingipura-kunte2","name":"Bingipura Kunte2","status":"disappeared","acres":0.45,"valley":null,"custodian":"BDA","nowOccupiedBy":"Vacant land"},"geometry":{"type":"Point","coordinates":[77.628333,12.834361]}},{"type":"Feature","id":"bingipura-kunte3","properties":{"id":"bingipura-kunte3","name":"Bingipura Kunte3","status":"disappeared","acres":0.2,"valley":null,"custodian":"BDA","nowOccupiedBy":"Layout"},"geometry":{"type":"Point","coordinates":[77.627722,12.832639]}},{"type":"Feature","id":"bingipura-kunte4","properties":{"id":"bingipura-kunte4","name":"Bingipura Kunte4","status":"disappeared","acres":0.375,"valley":null,"custodian":"BDA","nowOccupiedBy":"Vacant land, layout"},"geometry":{"type":"Point","coordinates":[77.625194,12.817806]}},{"type":"Feature","id":"binnamangala-kere-1","properties":{"id":"binnamangala-kere-1","name":"Binnamangala Kere-1","status":"disappeared","acres":32.05,"valley":null,"custodian":"BBMP","nowOccupiedBy":"Open ground & buildings"},"geometry":{"type":"Point","coordinates":[77.634917,12.984333]}},{"type":"Feature","id":"binnamangala-kere-2","properties":{"id":"binnamangala-kere-2","name":"Binnamangala Kere-2","status":"disappeared","acres":9.5,"valley":null,"custodian":"BBMP","nowOccupiedBy":"Road, BDA houses, masjid-e-ummul hasnain, pristine public school, vasanth Enterprises LPG gas & hamsadhwani school for hearing and speech impaired"},"geometry":{"type":"Point","coordinates":[77.641667,12.981778]}},{"type":"Feature","id":"binnamangala-kunte1","properties":{"id":"binnamangala-kunte1","name":"Binnamangala Kunte1","status":"disappeared","acres":0.625,"valley":null,"custodian":"BBMP","nowOccupiedBy":"Indev logistic private ltd."},"geometry":{"type":"Point","coordinates":[77.640722,12.981778]}},{"type":"Feature","id":"binnamangala-kunte2","properties":{"id":"binnamangala-kunte2","name":"Binnamangala Kunte2","status":"disappeared","acres":0.625,"valley":null,"custodian":"BBMP","nowOccupiedBy":"Buildings"},"geometry":{"type":"Point","coordinates":[77.640139,12.977917]}},{"type":"Feature","id":"binnamangala-manavarthe-kaval-kunte1","properties":{"id":"binnamangala-manavarthe-kaval-kunte1","name":"Binnamangala Manavarthe Kaval Kunte1","status":"disappeared","acres":0.425,"valley":null,"custodian":"BBMP","nowOccupiedBy":"Vacant land"},"geometry":{"type":"Point","coordinates":[77.6475,12.98225]}},{"type":"Feature","id":"binnamangala-manavarthe-kaval-kunte2","properties":{"id":"binnamangala-manavarthe-kaval-kunte2","name":"Binnamangala Manavarthe Kaval Kunte2","status":"disappeared","acres":0.525,"valley":null,"custodian":"BBMP","nowOccupiedBy":"Aeronautical develop. establishment"},"geometry":{"type":"Point","coordinates":[77.647278,12.978611]}},{"type":"Feature","id":"byadarahalli-kere-2","properties":{"id":"byadarahalli-kere-2","name":"Byadarahalli Kere","status":"disappeared","acres":7.625,"valley":null,"custodian":"BBMP","nowOccupiedBy":"Slum area buildings, Rd & school"},"geometry":{"type":"Point","coordinates":[77.600639,13.002528]}},{"type":"Feature","id":"byadarahalli-kunte","properties":{"id":"byadarahalli-kunte","name":"Byadarahalli Kunte","status":"disappeared","acres":0.9,"valley":null,"custodian":"BBMP","nowOccupiedBy":"Vacant land (in niveditha vidya peeta)"},"geometry":{"type":"Point","coordinates":[77.597889,13.004056]}},{"type":"Feature","id":"byandahalli-kunte2","properties":{"id":"byandahalli-kunte2","name":"Byandahalli Kunte2","status":"disappeared","acres":0.1,"valley":null,"custodian":"ZP","nowOccupiedBy":"Bare land"},"geometry":{"type":"Point","coordinates":[77.440806,13.005917]}},{"type":"Feature","id":"byappanahalli-kere-2","properties":{"id":"byappanahalli-kere-2","name":"Byappanahalli Kere","status":"disappeared","acres":8.225,"valley":null,"custodian":"BDA","nowOccupiedBy":"Houses"},"geometry":{"type":"Point","coordinates":[77.638889,12.994194]}},{"type":"Feature","id":"byappanahalli-kunte1-2","properties":{"id":"byappanahalli-kunte1-2","name":"Byappanahalli Kunte1","status":"disappeared","acres":0.625,"valley":null,"custodian":"ZP","nowOccupiedBy":"Agriculture land"},"geometry":{"type":"Point","coordinates":[77.726611,13.070472]}},{"type":"Feature","id":"byappanahalli-kunte2","properties":{"id":"byappanahalli-kunte2","name":"Byappanahalli Kunte2","status":"disappeared","acres":0.95,"valley":null,"custodian":"ZP","nowOccupiedBy":"Agriculture land"},"geometry":{"type":"Point","coordinates":[77.727056,13.069139]}},{"type":"Feature","id":"byappanahalli-kunte3","properties":{"id":"byappanahalli-kunte3","name":"Byappanahalli Kunte3","status":"disappeared","acres":1.125,"valley":null,"custodian":"ZP","nowOccupiedBy":"Vacant land"},"geometry":{"type":"Point","coordinates":[77.730333,13.061889]}},{"type":"Feature","id":"byatarayanapura-kunte1","properties":{"id":"byatarayanapura-kunte1","name":"Byatarayanapura Kunte1","status":"disappeared","acres":3.05,"valley":null,"custodian":"BBMP","nowOccupiedBy":"Park"},"geometry":{"type":"Point","coordinates":[77.676083,12.995889]}},{"type":"Feature","id":"byatarayapura-lake","properties":{"id":"byatarayapura-lake","name":"Byatarayapura Lake","status":"disappeared","acres":2.67,"valley":null,"custodian":"BBMP","nowOccupiedBy":"Houses and park"},"geometry":{"type":"Point","coordinates":[77.550087,12.951556]}},{"type":"Feature","id":"byatarayapura-lake-2","properties":{"id":"byatarayapura-lake-2","name":"Byatarayapura Lake","status":"disappeared","acres":5.025,"valley":null,"custodian":"BBMP","nowOccupiedBy":"Agriculture land"},"geometry":{"type":"Point","coordinates":[77.587722,13.068333]}},{"type":"Feature","id":"byataryapura-kunte","properties":{"id":"byataryapura-kunte","name":"Byataryapura Kunte","status":"disappeared","acres":0.625,"valley":null,"custodian":"BBMP","nowOccupiedBy":"Buildings, vacant land & sheds"},"geometry":{"type":"Point","coordinates":[77.540083,12.945278]}},{"type":"Feature","id":"byatgutapalya-lake","properties":{"id":"byatgutapalya-lake","name":"Byatgutapalya Lake","status":"disappeared","acres":5.975,"valley":null,"custodian":"BBMP","nowOccupiedBy":"Park, playground & buildings"},"geometry":{"type":"Point","coordinates":[77.637667,13.007972]}},{"type":"Feature","id":"byrappanahalli-kunte1","properties":{"id":"byrappanahalli-kunte1","name":"Byrappanahalli Kunte1","status":"disappeared","acres":0.15,"valley":null,"custodian":"BDA","nowOccupiedBy":"Vacant land"},"geometry":{"type":"Point","coordinates":[77.580028,12.799167]}},{"type":"Feature","id":"cannammakere","properties":{"id":"cannammakere","name":"Cannammakere","status":"disappeared","acres":6.22,"valley":null,"custodian":"BBMP","nowOccupiedBy":"Playground, BBMP office, Hospital & houses"},"geometry":{"type":"Point","coordinates":[77.563207,12.931606]}},{"type":"Feature","id":"chagalatti-kunte-3","properties":{"id":"chagalatti-kunte-3","name":"Chagalatti Kunte 3","status":"disappeared","acres":0.05,"valley":null,"custodian":"BDA","nowOccupiedBy":"Vacant land"},"geometry":{"type":"Point","coordinates":[77.668611,13.119083]}},{"type":"Feature","id":"chagalatti-kunte-4","properties":{"id":"chagalatti-kunte-4","name":"Chagalatti Kunte 4","status":"disappeared","acres":0.1,"valley":null,"custodian":"ZP","nowOccupiedBy":"Mango plantation"},"geometry":{"type":"Point","coordinates":[77.673361,13.117389]}},{"type":"Feature","id":"chagalatti-kunte-5","properties":{"id":"chagalatti-kunte-5","name":"Chagalatti Kunte 5","status":"disappeared","acres":0.15,"valley":null,"custodian":"ZP","nowOccupiedBy":"Agriculture land"},"geometry":{"type":"Point","coordinates":[77.663667,13.121556]}},{"type":"Feature","id":"challagatta-kunte2","properties":{"id":"challagatta-kunte2","name":"Challagatta Kunte2","status":"disappeared","acres":0.525,"valley":null,"custodian":"BBMP","nowOccupiedBy":"Layout"},"geometry":{"type":"Point","coordinates":[77.449556,12.901028]}},{"type":"Feature","id":"chanenahalli-kunte-1","properties":{"id":"chanenahalli-kunte-1","name":"Chanenahalli Kunte 1","status":"disappeared","acres":0.225,"valley":null,"custodian":"BDA","nowOccupiedBy":"Houses & vacant land"},"geometry":{"type":"Point","coordinates":[77.430167,12.980417]}},{"type":"Feature","id":"chanenahalli-kunte-3","properties":{"id":"chanenahalli-kunte-3","name":"Chanenahalli Kunte 3","status":"disappeared","acres":2.075,"valley":null,"custodian":"BDA","nowOccupiedBy":"Vacant land"},"geometry":{"type":"Point","coordinates":[77.438028,12.980583]}},{"type":"Feature","id":"chanenahalli-kunte-4","properties":{"id":"chanenahalli-kunte-4","name":"Chanenahalli Kunte 4","status":"disappeared","acres":0.325,"valley":null,"custodian":"BDA","nowOccupiedBy":"Coconut plantation"},"geometry":{"type":"Point","coordinates":[77.434361,12.976722]}},{"type":"Feature","id":"channamanakere","properties":{"id":"channamanakere","name":"Channamanakere","status":"disappeared","acres":7.9,"valley":null,"custodian":"BBMP","nowOccupiedBy":"Government training college, samudhaya bhavan, bank & houses"},"geometry":{"type":"Point","coordinates":[77.558941,12.920766]}},{"type":"Feature","id":"channasandra-kunte","properties":{"id":"channasandra-kunte","name":"Channasandra Kunte","status":"disappeared","acres":0.875,"valley":null,"custodian":"BBMP","nowOccupiedBy":"Vacant land & coconut plantation"},"geometry":{"type":"Point","coordinates":[77.511694,12.906389]}},{"type":"Feature","id":"channasandra-kunte1","properties":{"id":"channasandra-kunte1","name":"Channasandra Kunte1","status":"disappeared","acres":0.075,"valley":null,"custodian":"BBMP","nowOccupiedBy":"Houses"},"geometry":{"type":"Point","coordinates":[77.683083,13.03875]}},{"type":"Feature","id":"chellaghatta-kere","properties":{"id":"chellaghatta-kere","name":"Chellaghatta Kere","status":"disappeared","acres":112.91,"valley":null,"custodian":"ZP","nowOccupiedBy":"Golf business park"},"geometry":{"type":"Point","coordinates":[77.6482,12.95147]}},{"type":"Feature","id":"chikkabanavara-kunte-2","properties":{"id":"chikkabanavara-kunte-2","name":"Chikkabanavara Kunte -2","status":"disappeared","acres":0.25,"valley":null,"custodian":"ZP","nowOccupiedBy":"Developed area - dhaba"},"geometry":{"type":"Point","coordinates":[77.495361,13.087444]}},{"type":"Feature","id":"chikkabettahalli-katte-2","properties":{"id":"chikkabettahalli-katte-2","name":"Chikkabettahalli Katte 2","status":"disappeared","acres":2.325,"valley":null,"custodian":"BBMP","nowOccupiedBy":"Settlement"},"geometry":{"type":"Point","coordinates":[77.545694,13.084778]}},{"type":"Feature","id":"chikkabettahalli-kunte-3","properties":{"id":"chikkabettahalli-kunte-3","name":"Chikkabettahalli Kunte 3","status":"disappeared","acres":0.525,"valley":null,"custodian":"BBMP","nowOccupiedBy":"Houses"},"geometry":{"type":"Point","coordinates":[77.544889,13.092278]}},{"type":"Feature","id":"chikkabettahalli-kunte1","properties":{"id":"chikkabettahalli-kunte1","name":"Chikkabettahalli Kunte1","status":"disappeared","acres":0.25,"valley":null,"custodian":"BBMP","nowOccupiedBy":"Vacant land"},"geometry":{"type":"Point","coordinates":[77.554667,13.08775]}},{"type":"Feature","id":"chikkabettahalli-kunte2","properties":{"id":"chikkabettahalli-kunte2","name":"Chikkabettahalli Kunte2","status":"disappeared","acres":0.175,"valley":null,"custodian":"BBMP","nowOccupiedBy":"Road & houses"},"geometry":{"type":"Point","coordinates":[77.549333,13.082111]}},{"type":"Feature","id":"chikkagollarahatti","properties":{"id":"chikkagollarahatti","name":"Chikkagollarahatti","status":"disappeared","acres":1,"valley":null,"custodian":"BBMP","nowOccupiedBy":"NICE road"},"geometry":{"type":"Point","coordinates":[77.470167,12.983722]}},{"type":"Feature","id":"chikkakallasandra-kere","properties":{"id":"chikkakallasandra-kere","name":"Chikkakallasandra Kere","status":"converted","acres":12.65,"valley":null,"custodian":"BBMP","nowOccupiedBy":"Settlem., vacant land & BMTC bus stand"},"geometry":{"type":"Point","coordinates":[77.552972,12.915306]}},{"type":"Feature","id":"chikkanaga-mangala-kere","properties":{"id":"chikkanaga-mangala-kere","name":"Chikkanaga Mangala Kere","status":"disappeared","acres":5.45,"valley":null,"custodian":"ZP","nowOccupiedBy":"Vacant land & layout"},"geometry":{"type":"Point","coordinates":[77.699278,12.863306]}},{"type":"Feature","id":"chikkanagamangala-kunte-2","properties":{"id":"chikkanagamangala-kunte-2","name":"Chikkanagamangala Kunte-2","status":"disappeared","acres":0.25,"valley":null,"custodian":"ZP","nowOccupiedBy":"School"},"geometry":{"type":"Point","coordinates":[77.686583,12.848306]}},{"type":"Feature","id":"chikkanagamangala-kunte-3","properties":{"id":"chikkanagamangala-kunte-3","name":"Chikkanagamangala Kunte-3","status":"disappeared","acres":0.95,"valley":null,"custodian":"ZP","nowOccupiedBy":"Houses"},"geometry":{"type":"Point","coordinates":[77.684528,12.846083]}},{"type":"Feature","id":"chikkanayakanahalli-kunte1","properties":{"id":"chikkanayakanahalli-kunte1","name":"Chikkanayakanahalli Kunte1","status":"disappeared","acres":0.625,"valley":null,"custodian":"BDA","nowOccupiedBy":"Primus school & eucalyptus plantation"},"geometry":{"type":"Point","coordinates":[77.697,12.889389]}},{"type":"Feature","id":"chikkanayakanahalli-kunte3","properties":{"id":"chikkanayakanahalli-kunte3","name":"Chikkanayakanahalli Kunte3","status":"disappeared","acres":0.225,"valley":null,"custodian":"BDA","nowOccupiedBy":"Vacant land"},"geometry":{"type":"Point","coordinates":[77.689417,12.883444]}},{"type":"Feature","id":"chikkasandra-kunte1","properties":{"id":"chikkasandra-kunte1","name":"Chikkasandra Kunte1","status":"disappeared","acres":0.075,"valley":null,"custodian":"BBMP","nowOccupiedBy":"Vacant land, graveyard & building"},"geometry":{"type":"Point","coordinates":[77.509472,13.067389]}},{"type":"Feature","id":"chikkasandra-kunte2","properties":{"id":"chikkasandra-kunte2","name":"Chikkasandra Kunte2","status":"disappeared","acres":0.275,"valley":null,"custodian":"BBMP","nowOccupiedBy":"Vacant land & temple"},"geometry":{"type":"Point","coordinates":[77.5095,13.064]}},{"type":"Feature","id":"chikkasandra-kunte3","properties":{"id":"chikkasandra-kunte3","name":"Chikkasandra Kunte3","status":"disappeared","acres":0.325,"valley":null,"custodian":"BBMP","nowOccupiedBy":"Sapthagiri college of engin."},"geometry":{"type":"Point","coordinates":[77.504083,13.067139]}},{"type":"Feature","id":"chikkasandra-kunte4","properties":{"id":"chikkasandra-kunte4","name":"Chikkasandra Kunte4","status":"disappeared","acres":0.575,"valley":null,"custodian":"BBMP","nowOccupiedBy":"Vacant land & buildings"},"geometry":{"type":"Point","coordinates":[77.5035,13.071111]}},{"type":"Feature","id":"chikkavaderap-ura-govt-kunte-1","properties":{"id":"chikkavaderap-ura-govt-kunte-1","name":"Chikkavaderap Ura Govt. Kunte-1","status":"disappeared","acres":1.1,"valley":null,"custodian":"ZP","nowOccupiedBy":"Vacant land, road & godown"},"geometry":{"type":"Point","coordinates":[77.749944,12.897583]}},{"type":"Feature","id":"chikkavaderapura-govt-karabu-kere-land","properties":{"id":"chikkavaderapura-govt-karabu-kere-land","name":"Chikkavaderapura Govt. Karabu Kere Land","status":"disappeared","acres":3.525,"valley":null,"custodian":"ZP","nowOccupiedBy":"Eucalyptus plantation"},"geometry":{"type":"Point","coordinates":[77.748111,12.898361]}},{"type":"Feature","id":"chikkelluru-kunte-3","properties":{"id":"chikkelluru-kunte-3","name":"Chikkelluru Kunte 3","status":"disappeared","acres":0.1,"valley":null,"custodian":"BDA","nowOccupiedBy":"Layout"},"geometry":{"type":"Point","coordinates":[77.419694,12.896889]}},{"type":"Feature","id":"chikkelluru-venkatapura-kunte","properties":{"id":"chikkelluru-venkatapura-kunte","name":"Chikkelluru Venkatapura Kunte","status":"disappeared","acres":0.3,"valley":null,"custodian":"BDA","nowOccupiedBy":"Vacant land"},"geometry":{"type":"Point","coordinates":[77.429028,12.892611]}},{"type":"Feature","id":"chimasandra-kunte","properties":{"id":"chimasandra-kunte","name":"Chimasandra Kunte","status":"disappeared","acres":0.75,"valley":null,"custodian":"ZP","nowOccupiedBy":"Vacant land"},"geometry":{"type":"Point","coordinates":[77.736389,13.051111]}},{"type":"Feature","id":"chinakurchi-kunte1","properties":{"id":"chinakurchi-kunte1","name":"Chinakurchi Kunte1","status":"disappeared","acres":2.55,"valley":null,"custodian":"BDA","nowOccupiedBy":"Vacant land"},"geometry":{"type":"Point","coordinates":[77.471,12.821389]}},{"type":"Feature","id":"chinnappanahalli-kere1-2","properties":{"id":"chinnappanahalli-kere1-2","name":"Chinnappanahalli Kere1","status":"disappeared","acres":11.25,"valley":null,"custodian":"BBMP","nowOccupiedBy":"Coconut plantation"},"geometry":{"type":"Point","coordinates":[77.707778,12.967806]}},{"type":"Feature","id":"chokkanahalli-kunte-1","properties":{"id":"chokkanahalli-kunte-1","name":"Chokkanahalli Kunte 1","status":"disappeared","acres":0.25,"valley":null,"custodian":"BBMP","nowOccupiedBy":"Vacant land"},"geometry":{"type":"Point","coordinates":[77.639944,13.080083]}},{"type":"Feature","id":"chokkanahalli-kunte2","properties":{"id":"chokkanahalli-kunte2","name":"Chokkanahalli Kunte2","status":"disappeared","acres":0.275,"valley":null,"custodian":"BBMP","nowOccupiedBy":"Sri venugopalaswamy temple & vacant land"},"geometry":{"type":"Point","coordinates":[77.629694,13.086167]}},{"type":"Feature","id":"choodasandra-govt-karab-katte","properties":{"id":"choodasandra-govt-karab-katte","name":"Choodasandra Govt. Karab Katte","status":"disappeared","acres":2.275,"valley":null,"custodian":"ZP","nowOccupiedBy":"Vacant land"},"geometry":{"type":"Point","coordinates":[77.683833,12.884722]}},{"type":"Feature","id":"choodasandra-govt-karabu-kunte-2","properties":{"id":"choodasandra-govt-karabu-kunte-2","name":"Choodasandra Govt. Karabu Kunte-2","status":"disappeared","acres":0.75,"valley":null,"custodian":"ZP","nowOccupiedBy":"Vacant land"},"geometry":{"type":"Point","coordinates":[77.675056,12.886083]}},{"type":"Feature","id":"choodasandra-kunte-1","properties":{"id":"choodasandra-kunte-1","name":"Choodasandra Kunte-1","status":"disappeared","acres":0.175,"valley":null,"custodian":"ZP","nowOccupiedBy":"Vacant land"},"geometry":{"type":"Point","coordinates":[77.683722,12.884917]}},{"type":"Feature","id":"chudasandra-kere","properties":{"id":"chudasandra-kere","name":"Chudasandra Kere","status":"disappeared","acres":4.15,"valley":null,"custodian":"ZP","nowOccupiedBy":"Eucalyptus plantation"},"geometry":{"type":"Point","coordinates":[77.6865,12.889889]}},{"type":"Feature","id":"cihkkamaranahalli-lake","properties":{"id":"cihkkamaranahalli-lake","name":"Cihkkamaranahalli Lake","status":"disappeared","acres":43.2,"valley":null,"custodian":"BBMP","nowOccupiedBy":"Settlement & ISRO"},"geometry":{"type":"Point","coordinates":[77.570306,13.034306]}},{"type":"Feature","id":"city-railway-kere","properties":{"id":"city-railway-kere","name":"City Railway Kere","status":"disappeared","acres":5.925,"valley":null,"custodian":"BBMP","nowOccupiedBy":"Vacant land, slum, sree rajashree food private ltd. & road"},"geometry":{"type":"Point","coordinates":[77.570806,12.983944]}},{"type":"Feature","id":"city-railway-kunte","properties":{"id":"city-railway-kunte","name":"City Railway Kunte","status":"disappeared","acres":0.325,"valley":null,"custodian":"BBMP","nowOccupiedBy":"Road, church & houses"},"geometry":{"type":"Point","coordinates":[77.570444,12.982306]}},{"type":"Feature","id":"dandu-upparahalli-kere","properties":{"id":"dandu-upparahalli-kere","name":"Dandu Upparahalli Kere","status":"disappeared","acres":13.05,"valley":null,"custodian":"BBMP","nowOccupiedBy":"Mount carmel coll. play ground, buildings, temple & road"},"geometry":{"type":"Point","coordinates":[77.5945,12.992722]}},{"type":"Feature","id":"dasanakatte-1","properties":{"id":"dasanakatte-1","name":"Dasanakatte-1","status":"disappeared","acres":4.375,"valley":null,"custodian":"BBMP","nowOccupiedBy":"Layout with few buildings"},"geometry":{"type":"Point","coordinates":[77.544611,12.889667]}},{"type":"Feature","id":"dasanakatte-2","properties":{"id":"dasanakatte-2","name":"Dasanakatte-2","status":"disappeared","acres":4.275,"valley":null,"custodian":"KFD","nowOccupiedBy":"Sapota plantation"},"geometry":{"type":"Point","coordinates":[77.537111,12.886222]}},{"type":"Feature","id":"dasanapura-kunte-1","properties":{"id":"dasanapura-kunte-1","name":"Dasanapura Kunte-1","status":"disappeared","acres":0.3,"valley":null,"custodian":"BDA","nowOccupiedBy":"Vacant land"},"geometry":{"type":"Point","coordinates":[77.449028,13.07975]}},{"type":"Feature","id":"dasarahalli-kunte","properties":{"id":"dasarahalli-kunte","name":"Dasarahalli Kunte","status":"disappeared","acres":0.25,"valley":null,"custodian":"BBMP","nowOccupiedBy":"Sarana college"},"geometry":{"type":"Point","coordinates":[77.578278,12.936694]}},{"type":"Feature","id":"dasarahalli-kunte1","properties":{"id":"dasarahalli-kunte1","name":"Dasarahalli Kunte1","status":"disappeared","acres":2.875,"valley":null,"custodian":"BBMP","nowOccupiedBy":"Park & temple"},"geometry":{"type":"Point","coordinates":[77.511056,13.049]}},{"type":"Feature","id":"dasarahalli-kunte2","properties":{"id":"dasarahalli-kunte2","name":"Dasarahalli Kunte2","status":"disappeared","acres":0.5,"valley":null,"custodian":"BBMP","nowOccupiedBy":"Temple"},"geometry":{"type":"Point","coordinates":[77.506722,13.042528]}},{"type":"Feature","id":"deevatige-ramanahalli-kunte","properties":{"id":"deevatige-ramanahalli-kunte","name":"Deevatige Ramanahalli Kunte","status":"disappeared","acres":0.9,"valley":null,"custodian":"BBMP","nowOccupiedBy":"Building"},"geometry":{"type":"Point","coordinates":[77.535083,12.946944]}},{"type":"Feature","id":"devagere-kunte-2","properties":{"id":"devagere-kunte-2","name":"Devagere Kunte 2","status":"disappeared","acres":0.2,"valley":null,"custodian":"BDA","nowOccupiedBy":"Layout"},"geometry":{"type":"Point","coordinates":[77.460056,12.859]}},{"type":"Feature","id":"devageri-kunte-1","properties":{"id":"devageri-kunte-1","name":"Devageri Kunte 1","status":"disappeared","acres":0.35,"valley":null,"custodian":"BDA","nowOccupiedBy":"Ind. inst. journal. & new media"},"geometry":{"type":"Point","coordinates":[77.460278,12.848889]}},{"type":"Feature","id":"devara-jeevanahalli-lake","properties":{"id":"devara-jeevanahalli-lake","name":"Devara Jeevanahalli Lake","status":"disappeared","acres":14.325,"valley":null,"custodian":"BBMP","nowOccupiedBy":"Government urdu model primary girls school playground & buildings"},"geometry":{"type":"Point","coordinates":[77.605778,13.010389]}},{"type":"Feature","id":"devarabisanahalli-kunte1","properties":{"id":"devarabisanahalli-kunte1","name":"Devarabisanahalli Kunte1","status":"disappeared","acres":0.275,"valley":null,"custodian":"BBMP","nowOccupiedBy":"Vrindavan Tech village"},"geometry":{"type":"Point","coordinates":[77.691444,12.932056]}},{"type":"Feature","id":"devarabisanahalli-kunte2","properties":{"id":"devarabisanahalli-kunte2","name":"Devarabisanahalli Kunte2","status":"disappeared","acres":0.15,"valley":null,"custodian":"BBMP","nowOccupiedBy":"SJR residency"},"geometry":{"type":"Point","coordinates":[77.689194,12.927444]}},{"type":"Feature","id":"devarachikkanahalli-kunte","properties":{"id":"devarachikkanahalli-kunte","name":"Devarachikkanahalli Kunte","status":"disappeared","acres":0.175,"valley":null,"custodian":"BBMP","nowOccupiedBy":"Buildings, temple"},"geometry":{"type":"Point","coordinates":[77.617278,12.885917]}},{"type":"Feature","id":"devasandra-kunte1","properties":{"id":"devasandra-kunte1","name":"Devasandra Kunte1","status":"disappeared","acres":1,"valley":null,"custodian":"BBMP","nowOccupiedBy":"Commercial building"},"geometry":{"type":"Point","coordinates":[77.695667,12.995528]}},{"type":"Feature","id":"dharmambudy-lake","properties":{"id":"dharmambudy-lake","name":"Dharmambudy Lake","status":"disappeared","acres":28.4,"valley":null,"custodian":"BBMP","nowOccupiedBy":"Majestic Kempegowda BMTC bus terminal"},"geometry":{"type":"Point","coordinates":[77.571444,12.977333]}},{"type":"Feature","id":"dobhi-ghat","properties":{"id":"dobhi-ghat","name":"Dobhi Ghat","status":"disappeared","acres":0.75,"valley":null,"custodian":"BDA","nowOccupiedBy":"Vacant land"},"geometry":{"type":"Point","coordinates":[77.433833,12.9745]}},{"type":"Feature","id":"doddabanahalli-kere-2","properties":{"id":"doddabanahalli-kere-2","name":"Doddabanahalli Kere","status":"disappeared","acres":21.475,"valley":null,"custodian":"ZP","nowOccupiedBy":"Agriculture land"},"geometry":{"type":"Point","coordinates":[77.743806,13.02575]}},{"type":"Feature","id":"doddabanahalli-kunte3","properties":{"id":"doddabanahalli-kunte3","name":"Doddabanahalli Kunte3","status":"disappeared","acres":0.4,"valley":null,"custodian":"ZP","nowOccupiedBy":"Vacant land"},"geometry":{"type":"Point","coordinates":[77.741694,13.022806]}},{"type":"Feature","id":"doddabele-kunte1","properties":{"id":"doddabele-kunte1","name":"Doddabele Kunte1","status":"disappeared","acres":0.075,"valley":null,"custodian":"BDA","nowOccupiedBy":"Vacant land"},"geometry":{"type":"Point","coordinates":[77.482167,12.888639]}},{"type":"Feature","id":"doddabettahalli-kunte-2","properties":{"id":"doddabettahalli-kunte-2","name":"Doddabettahalli Kunte 2","status":"disappeared","acres":0.8,"valley":null,"custodian":"BDA","nowOccupiedBy":"Vacant land"},"geometry":{"type":"Point","coordinates":[77.546333,13.094611]}},{"type":"Feature","id":"doddabidarakallu-kunte1","properties":{"id":"doddabidarakallu-kunte1","name":"Doddabidarakallu Kunte1","status":"disappeared","acres":2.95,"valley":null,"custodian":"BBMP","nowOccupiedBy":"Vacant land"},"geometry":{"type":"Point","coordinates":[77.493333,13.050556]}},{"type":"Feature","id":"doddabidarakallu-kunte10","properties":{"id":"doddabidarakallu-kunte10","name":"Doddabidarakallu Kunte10","status":"disappeared","acres":0.35,"valley":null,"custodian":"BBMP","nowOccupiedBy":"Buildings & vacant land"},"geometry":{"type":"Point","coordinates":[77.482722,13.039833]}},{"type":"Feature","id":"doddabidarakallu-kunte11","properties":{"id":"doddabidarakallu-kunte11","name":"Doddabidarakallu Kunte11","status":"disappeared","acres":0.95,"valley":null,"custodian":"BBMP","nowOccupiedBy":"Vinayaka temple, shops, buildings, government school & anganawadi kendra"},"geometry":{"type":"Point","coordinates":[77.489306,13.045361]}},{"type":"Feature","id":"doddabidarakallu-kunte2","properties":{"id":"doddabidarakallu-kunte2","name":"Doddabidarakallu Kunte2","status":"disappeared","acres":3.75,"valley":null,"custodian":"BBMP","nowOccupiedBy":"Buildings & vacant land"},"geometry":{"type":"Point","coordinates":[77.497222,13.034139]}},{"type":"Feature","id":"doddabidarakallu-kunte3","properties":{"id":"doddabidarakallu-kunte3","name":"Doddabidarakallu Kunte3","status":"disappeared","acres":0.45,"valley":null,"custodian":"BBMP","nowOccupiedBy":"Vacant land, temple & agriculture"},"geometry":{"type":"Point","coordinates":[77.496047,13.032972]}},{"type":"Feature","id":"doddabidarakallu-kunte5","properties":{"id":"doddabidarakallu-kunte5","name":"Doddabidarakallu Kunte5","status":"disappeared","acres":0.3,"valley":null,"custodian":"BBMP","nowOccupiedBy":"DWCC (dry waste collection centers) Godown"},"geometry":{"type":"Point","coordinates":[77.479944,13.033167]}},{"type":"Feature","id":"doddabidarakallu-kunte6","properties":{"id":"doddabidarakallu-kunte6","name":"Doddabidarakallu Kunte6","status":"disappeared","acres":0.375,"valley":null,"custodian":"BBMP","nowOccupiedBy":"Vacant land"},"geometry":{"type":"Point","coordinates":[77.47825,13.031694]}},{"type":"Feature","id":"doddabidarakallu-kunte7","properties":{"id":"doddabidarakallu-kunte7","name":"Doddabidarakallu Kunte7","status":"disappeared","acres":0.425,"valley":null,"custodian":"BBMP","nowOccupiedBy":"Vacant land"},"geometry":{"type":"Point","coordinates":[77.486167,13.035778]}},{"type":"Feature","id":"doddabidarakallu-kunte8","properties":{"id":"doddabidarakallu-kunte8","name":"Doddabidarakallu Kunte8","status":"disappeared","acres":0.475,"valley":null,"custodian":"BBMP","nowOccupiedBy":"Anganawadi kendra, arogya kendra, BMTC & bus stop"},"geometry":{"type":"Point","coordinates":[77.486778,13.036722]}},{"type":"Feature","id":"doddabommasandra-kunte-1","properties":{"id":"doddabommasandra-kunte-1","name":"Doddabommasandra Kunte 1","status":"disappeared","acres":0.425,"valley":null,"custodian":"BBMP","nowOccupiedBy":"Quarters"},"geometry":{"type":"Point","coordinates":[77.560222,13.056361]}},{"type":"Feature","id":"doddabommasandra-kunte-2","properties":{"id":"doddabommasandra-kunte-2","name":"Doddabommasandra Kunte 2","status":"disappeared","acres":0.675,"valley":null,"custodian":"BBMP","nowOccupiedBy":"Teak plantation"},"geometry":{"type":"Point","coordinates":[77.558167,13.056444]}},{"type":"Feature","id":"doddagubbi-kunte2","properties":{"id":"doddagubbi-kunte2","name":"Doddagubbi Kunte2","status":"disappeared","acres":0.8688,"valley":null,"custodian":"ZP","nowOccupiedBy":"Vacant land & layout"},"geometry":{"type":"Point","coordinates":[77.671,13.066889]}},{"type":"Feature","id":"doddakallasandra-katte","properties":{"id":"doddakallasandra-katte","name":"Doddakallasandra Katte","status":"disappeared","acres":1.225,"valley":null,"custodian":"BBMP","nowOccupiedBy":"Vacant land (mud dump)"},"geometry":{"type":"Point","coordinates":[77.561917,12.876694]}},{"type":"Feature","id":"doddakannalli-kunte1","properties":{"id":"doddakannalli-kunte1","name":"Doddakannalli Kunte1","status":"disappeared","acres":0.45,"valley":null,"custodian":"BBMP","nowOccupiedBy":"Villas"},"geometry":{"type":"Point","coordinates":[77.692917,12.919333]}},{"type":"Feature","id":"doddakannalli-kunte2","properties":{"id":"doddakannalli-kunte2","name":"Doddakannalli Kunte2","status":"disappeared","acres":0.275,"valley":null,"custodian":"BBMP","nowOccupiedBy":"Houses"},"geometry":{"type":"Point","coordinates":[77.701583,12.911444]}},{"type":"Feature","id":"doddakannalli-kunte3","properties":{"id":"doddakannalli-kunte3","name":"Doddakannalli Kunte3","status":"disappeared","acres":0.375,"valley":null,"custodian":"BBMP","nowOccupiedBy":"Houses & vacant land"},"geometry":{"type":"Point","coordinates":[77.704528,12.909972]}},{"type":"Feature","id":"doddakannalli-kunte4","properties":{"id":"doddakannalli-kunte4","name":"Doddakannalli Kunte4","status":"disappeared","acres":0.125,"valley":null,"custodian":"BBMP","nowOccupiedBy":"Eucalyptus plantation"},"geometry":{"type":"Point","coordinates":[77.700278,12.907722]}},{"type":"Feature","id":"doddakannalli-kunte5","properties":{"id":"doddakannalli-kunte5","name":"Doddakannalli Kunte5","status":"disappeared","acres":0.125,"valley":null,"custodian":"BBMP","nowOccupiedBy":"Vacant land"},"geometry":{"type":"Point","coordinates":[77.702306,12.906833]}},{"type":"Feature","id":"doddakannalli-kunte6","properties":{"id":"doddakannalli-kunte6","name":"Doddakannalli Kunte6","status":"disappeared","acres":0.25,"valley":null,"custodian":"BBMP","nowOccupiedBy":"Houses & mahima marble, granite stone shop"},"geometry":{"type":"Point","coordinates":[77.703833,12.904417]}},{"type":"Feature","id":"doddakannalli-kunte7","properties":{"id":"doddakannalli-kunte7","name":"Doddakannalli Kunte7","status":"disappeared","acres":0.625,"valley":null,"custodian":"BBMP","nowOccupiedBy":"Government school"},"geometry":{"type":"Point","coordinates":[77.695056,12.907667]}},{"type":"Feature","id":"doddakunte-rudrabhomi-kunte","properties":{"id":"doddakunte-rudrabhomi-kunte","name":"Doddakunte Rudrabhomi Kunte","status":"disappeared","acres":0.15,"valley":null,"custodian":"BBMP","nowOccupiedBy":"Buildings"},"geometry":{"type":"Point","coordinates":[77.630222,12.9945]}},{"type":"Feature","id":"doddanagamangala-kunte1","properties":{"id":"doddanagamangala-kunte1","name":"Doddanagamangala Kunte1","status":"disappeared","acres":0.125,"valley":null,"custodian":"BBMP","nowOccupiedBy":"Vacant land, compound wall"},"geometry":{"type":"Point","coordinates":[77.684611,12.861028]}},{"type":"Feature","id":"doddanagamangala-kunte2","properties":{"id":"doddanagamangala-kunte2","name":"Doddanagamangala Kunte2","status":"disappeared","acres":0.075,"valley":null,"custodian":"BBMP","nowOccupiedBy":"Layout building"},"geometry":{"type":"Point","coordinates":[77.681389,12.860139]}},{"type":"Feature","id":"doddanekkudi-kunte1","properties":{"id":"doddanekkudi-kunte1","name":"Doddanekkudi Kunte1","status":"disappeared","acres":0.575,"valley":null,"custodian":"BBMP","nowOccupiedBy":"Vacant land & shed"},"geometry":{"type":"Point","coordinates":[77.702,12.982361]}},{"type":"Feature","id":"doddanekkudi-kunte2","properties":{"id":"doddanekkudi-kunte2","name":"Doddanekkudi Kunte2","status":"disappeared","acres":0.5,"valley":null,"custodian":"BBMP","nowOccupiedBy":"Apartment"},"geometry":{"type":"Point","coordinates":[77.706972,12.972306]}},{"type":"Feature","id":"doddanekkudi-kunte3","properties":{"id":"doddanekkudi-kunte3","name":"Doddanekkudi Kunte3","status":"disappeared","acres":2.6,"valley":null,"custodian":"BBMP","nowOccupiedBy":"Vacant land"},"geometry":{"type":"Point","coordinates":[77.707528,12.972167]}},{"type":"Feature","id":"doddanekkudi-kunte4","properties":{"id":"doddanekkudi-kunte4","name":"Doddanekkudi Kunte4","status":"disappeared","acres":0.55,"valley":null,"custodian":"BBMP","nowOccupiedBy":"Vacant land"},"geometry":{"type":"Point","coordinates":[77.691917,12.9655]}},{"type":"Feature","id":"doddanekkudi-kunte5","properties":{"id":"doddanekkudi-kunte5","name":"Doddanekkudi Kunte5","status":"disappeared","acres":0.425,"valley":null,"custodian":"BBMP","nowOccupiedBy":"Ferns city club"},"geometry":{"type":"Point","coordinates":[77.698028,12.977278]}},{"type":"Feature","id":"doddanekundi-kere1","properties":{"id":"doddanekundi-kere1","name":"Doddanekundi Kere1","status":"disappeared","acres":12.7,"valley":null,"custodian":null,"nowOccupiedBy":"Coconut plantation"},"geometry":{"type":"Point","coordinates":[77.709611,12.972139]}},{"type":"Feature","id":"doddatogur-kunte-1","properties":{"id":"doddatogur-kunte-1","name":"Doddatogur Kunte 1","status":"disappeared","acres":0.15,"valley":null,"custodian":"BBMP","nowOccupiedBy":"Exasense labs ltd."},"geometry":{"type":"Point","coordinates":[77.660278,12.844083]}},{"type":"Feature","id":"doddenahalli-kunte","properties":{"id":"doddenahalli-kunte","name":"Doddenahalli Kunte","status":"disappeared","acres":1.5,"valley":null,"custodian":"BBMP","nowOccupiedBy":"Agriculture land & eucalyptus plantation"},"geometry":{"type":"Point","coordinates":[77.675222,13.100194]}},{"type":"Feature","id":"dodkunte-kunte1","properties":{"id":"dodkunte-kunte1","name":"Dodkunte Kunte1","status":"disappeared","acres":1.475,"valley":null,"custodian":"BBMP","nowOccupiedBy":"Church & buildings"},"geometry":{"type":"Point","coordinates":[77.627583,13.001]}},{"type":"Feature","id":"dodkunte-kunte2","properties":{"id":"dodkunte-kunte2","name":"Dodkunte Kunte2","status":"disappeared","acres":0.1,"valley":null,"custodian":"BBMP","nowOccupiedBy":"Government telugu school"},"geometry":{"type":"Point","coordinates":[77.628444,12.997111]}},{"type":"Feature","id":"dodkunte-kunte3","properties":{"id":"dodkunte-kunte3","name":"Dodkunte Kunte3","status":"disappeared","acres":0.1,"valley":null,"custodian":"BBMP","nowOccupiedBy":"Church"},"geometry":{"type":"Point","coordinates":[77.616417,13.002472]}},{"type":"Feature","id":"dodkunte-kunte4","properties":{"id":"dodkunte-kunte4","name":"Dodkunte Kunte4","status":"disappeared","acres":0.025,"valley":null,"custodian":"BBMP","nowOccupiedBy":"Buildings"},"geometry":{"type":"Point","coordinates":[77.622,13.003361]}},{"type":"Feature","id":"dokkanahalli-kunte","properties":{"id":"dokkanahalli-kunte","name":"Dokkanahalli Kunte","status":"disappeared","acres":0.825,"valley":null,"custodian":"BBMP","nowOccupiedBy":"Buildings & commercial shops"},"geometry":{"type":"Point","coordinates":[77.640556,12.970944]}},{"type":"Feature","id":"dombarahalli-kunte","properties":{"id":"dombarahalli-kunte","name":"Dombarahalli Kunte","status":"disappeared","acres":3,"valley":null,"custodian":"ZP","nowOccupiedBy":"Settlement and plantation"},"geometry":{"type":"Point","coordinates":[77.462306,13.050139]}},{"type":"Feature","id":"domluru-kere","properties":{"id":"domluru-kere","name":"Domluru Kere","status":"disappeared","acres":38.825,"valley":null,"custodian":"BBMP","nowOccupiedBy":"ISRO housing Colony & Defence Colony"},"geometry":{"type":"Point","coordinates":[77.633056,12.968583]}},{"type":"Feature","id":"dommasandra-govt-kunte-4","properties":{"id":"dommasandra-govt-kunte-4","name":"Dommasandra Govt. Kunte-4","status":"disappeared","acres":0.85,"valley":null,"custodian":"ZP","nowOccupiedBy":"Settlement, agriculture & vacant land"},"geometry":{"type":"Point","coordinates":[77.754361,12.879417]}},{"type":"Feature","id":"dommasandra-kunte-1","properties":{"id":"dommasandra-kunte-1","name":"Dommasandra Kunte-1","status":"disappeared","acres":0.075,"valley":null,"custodian":"ZP","nowOccupiedBy":"Vacant land"},"geometry":{"type":"Point","coordinates":[77.746472,12.88425]}},{"type":"Feature","id":"dommasandra-kunte-10","properties":{"id":"dommasandra-kunte-10","name":"Dommasandra Kunte-10","status":"disappeared","acres":0.175,"valley":null,"custodian":"BDA","nowOccupiedBy":"Vacant land"},"geometry":{"type":"Point","coordinates":[77.744639,12.872417]}},{"type":"Feature","id":"dommasandra-kunte-12","properties":{"id":"dommasandra-kunte-12","name":"Dommasandra Kunte-12","status":"disappeared","acres":0.7,"valley":null,"custodian":"BDA","nowOccupiedBy":"Mango plantation"},"geometry":{"type":"Point","coordinates":[77.734667,12.873917]}},{"type":"Feature","id":"dommasandra-kunte-13","properties":{"id":"dommasandra-kunte-13","name":"Dommasandra Kunte-13","status":"disappeared","acres":0.825,"valley":null,"custodian":"BDA","nowOccupiedBy":"Mango plantation"},"geometry":{"type":"Point","coordinates":[77.736639,12.876833]}},{"type":"Feature","id":"dommasandra-kunte-14","properties":{"id":"dommasandra-kunte-14","name":"Dommasandra Kunte-14","status":"disappeared","acres":0.45,"valley":null,"custodian":"BDA","nowOccupiedBy":"Cement concret mix factory"},"geometry":{"type":"Point","coordinates":[77.736028,12.877861]}},{"type":"Feature","id":"dommasandra-kunte-15","properties":{"id":"dommasandra-kunte-15","name":"Dommasandra Kunte-15","status":"disappeared","acres":0.275,"valley":null,"custodian":"BDA","nowOccupiedBy":"Eucalyptus plantation"},"geometry":{"type":"Point","coordinates":[77.738139,12.88]}},{"type":"Feature","id":"dommasandra-kunte-2","properties":{"id":"dommasandra-kunte-2","name":"Dommasandra Kunte-2","status":"disappeared","acres":0.1,"valley":null,"custodian":"BDA","nowOccupiedBy":"Agriculture land"},"geometry":{"type":"Point","coordinates":[77.745194,12.883444]}},{"type":"Feature","id":"dommasandra-kunte-5","properties":{"id":"dommasandra-kunte-5","name":"Dommasandra Kunte-5","status":"disappeared","acres":0.35,"valley":null,"custodian":"BDA","nowOccupiedBy":"Ambedkar bhavan & market place"},"geometry":{"type":"Point","coordinates":[77.755167,12.878611]}},{"type":"Feature","id":"dommasandra-kunte-6","properties":{"id":"dommasandra-kunte-6","name":"Dommasandra Kunte-6","status":"disappeared","acres":0.3,"valley":null,"custodian":"BDA","nowOccupiedBy":"Agriculture land"},"geometry":{"type":"Point","coordinates":[77.748778,12.876917]}},{"type":"Feature","id":"dommasandra-kunte-8","properties":{"id":"dommasandra-kunte-8","name":"Dommasandra Kunte-8","status":"disappeared","acres":0.475,"valley":null,"custodian":"BDA","nowOccupiedBy":"Agriculture land & vacant land"},"geometry":{"type":"Point","coordinates":[77.748667,12.868]}},{"type":"Feature","id":"dommasandra-kunte-9","properties":{"id":"dommasandra-kunte-9","name":"Dommasandra Kunte-9","status":"disappeared","acres":0.525,"valley":null,"custodian":"BDA","nowOccupiedBy":"Mango plantation"},"geometry":{"type":"Point","coordinates":[77.743083,12.87075]}},{"type":"Feature","id":"ejipura-kunte","properties":{"id":"ejipura-kunte","name":"Ejipura Kunte","status":"disappeared","acres":0.175,"valley":null,"custodian":"BBMP","nowOccupiedBy":"Settlement"},"geometry":{"type":"Point","coordinates":[77.626833,12.949139]}},{"type":"Feature","id":"gangasandra-kunte","properties":{"id":"gangasandra-kunte","name":"Gangasandra Kunte","status":"disappeared","acres":0.225,"valley":null,"custodian":"BDA","nowOccupiedBy":"Vacant land"},"geometry":{"type":"Point","coordinates":[77.466972,12.839417]}},{"type":"Feature","id":"gangondanahalli-kunte","properties":{"id":"gangondanahalli-kunte","name":"Gangondanahalli Kunte","status":"converted","acres":2.38,"valley":null,"custodian":"BBMP","nowOccupiedBy":"Government school, park, road, dry waste collected unit & buildings"},"geometry":{"type":"Point","coordinates":[77.524528,12.958111]}},{"type":"Feature","id":"gangondanahalli-kunte1","properties":{"id":"gangondanahalli-kunte1","name":"Gangondanahalli Kunte1","status":"disappeared","acres":0.225,"valley":null,"custodian":"ZP","nowOccupiedBy":"Waste dumping area"},"geometry":{"type":"Point","coordinates":[77.471,13.023472]}},{"type":"Feature","id":"gangondanahalli-kunte2","properties":{"id":"gangondanahalli-kunte2","name":"Gangondanahalli Kunte2","status":"disappeared","acres":0.375,"valley":null,"custodian":"ZP","nowOccupiedBy":"Agriculture land"},"geometry":{"type":"Point","coordinates":[77.473139,13.02175]}},{"type":"Feature","id":"gantiganahalli-kunte-1","properties":{"id":"gantiganahalli-kunte-1","name":"Gantiganahalli Kunte-1","status":"disappeared","acres":0.125,"valley":null,"custodian":"BDA","nowOccupiedBy":"Vacant land"},"geometry":{"type":"Point","coordinates":[77.592306,13.155444]}},{"type":"Feature","id":"gantiganahalli-kunte-4","properties":{"id":"gantiganahalli-kunte-4","name":"Gantiganahalli Kunte-4","status":"disappeared","acres":0.125,"valley":null,"custodian":"BDA","nowOccupiedBy":"Vacant land"},"geometry":{"type":"Point","coordinates":[77.583806,13.149472]}},{"type":"Feature","id":"gantiganahalli-kunte-5","properties":{"id":"gantiganahalli-kunte-5","name":"Gantiganahalli Kunte-5","status":"disappeared","acres":0.3,"valley":null,"custodian":"BDA","nowOccupiedBy":"Agriculture land"},"geometry":{"type":"Point","coordinates":[77.587139,13.149556]}},{"type":"Feature","id":"gattihalli-kunte-1","properties":{"id":"gattihalli-kunte-1","name":"Gattihalli Kunte-1","status":"disappeared","acres":0.125,"valley":null,"custodian":"ZP","nowOccupiedBy":"Agriculture land"},"geometry":{"type":"Point","coordinates":[77.698806,12.867333]}},{"type":"Feature","id":"gattihalli-kunte-2","properties":{"id":"gattihalli-kunte-2","name":"Gattihalli Kunte-2","status":"disappeared","acres":0.125,"valley":null,"custodian":"ZP","nowOccupiedBy":"Vacant land & houses"},"geometry":{"type":"Point","coordinates":[77.701917,12.866583]}},{"type":"Feature","id":"gavipura-kunte-1","properties":{"id":"gavipura-kunte-1","name":"Gavipura Kunte-1","status":"disappeared","acres":1.65,"valley":null,"custodian":"BBMP","nowOccupiedBy":"Slum board, vacant land & road"},"geometry":{"type":"Point","coordinates":[77.563472,12.950389]}},{"type":"Feature","id":"gavipura-kunte-2","properties":{"id":"gavipura-kunte-2","name":"Gavipura Kunte-2","status":"disappeared","acres":0.5,"valley":null,"custodian":"BBMP","nowOccupiedBy":"Buildings"},"geometry":{"type":"Point","coordinates":[77.556194,12.936056]}},{"type":"Feature","id":"gavipura-lake","properties":{"id":"gavipura-lake","name":"Gavipura Lake","status":"disappeared","acres":2.725,"valley":null,"custodian":"BBMP","nowOccupiedBy":"Park and houses"},"geometry":{"type":"Point","coordinates":[77.550083,12.951444]}},{"type":"Feature","id":"geddalahalli-kunte","properties":{"id":"geddalahalli-kunte","name":"Geddalahalli Kunte","status":"disappeared","acres":1.2,"valley":null,"custodian":"BBMP","nowOccupiedBy":"Government school, vacant land, road, hillton motors & Car service center"},"geometry":{"type":"Point","coordinates":[77.580278,13.026333]}},{"type":"Feature","id":"geddalahalli-lake","properties":{"id":"geddalahalli-lake","name":"Geddalahalli Lake","status":"converted","acres":21.45,"valley":null,"custodian":"BBMP","nowOccupiedBy":"Buildings & graveyard"},"geometry":{"type":"Point","coordinates":[77.574667,13.030139]}},{"type":"Feature","id":"gollahalli-kunte","properties":{"id":"gollahalli-kunte","name":"Gollahalli Kunte","status":"disappeared","acres":0.175,"valley":null,"custodian":"ZP","nowOccupiedBy":"Apartment"},"geometry":{"type":"Point","coordinates":[77.667333,12.832444]}},{"type":"Feature","id":"gollahalli-kunte-2","properties":{"id":"gollahalli-kunte-2","name":"Gollahalli Kunte","status":"disappeared","acres":0.2,"valley":null,"custodian":"BDA","nowOccupiedBy":"Layout (building)"},"geometry":{"type":"Point","coordinates":[77.580778,12.820306]}},{"type":"Feature","id":"gongadipura-kere","properties":{"id":"gongadipura-kere","name":"Gongadipura Kere","status":"disappeared","acres":12.525,"valley":null,"custodian":"BBMP","nowOccupiedBy":"Agriculture land"},"geometry":{"type":"Point","coordinates":[77.459417,12.97725]}},{"type":"Feature","id":"gongadipura-kunte","properties":{"id":"gongadipura-kunte","name":"Gongadipura Kunte","status":"disappeared","acres":0.3,"valley":null,"custodian":"BBMP","nowOccupiedBy":"Bare land"},"geometry":{"type":"Point","coordinates":[77.461056,12.977083]}},{"type":"Feature","id":"goravigere-kunte1","properties":{"id":"goravigere-kunte1","name":"Goravigere Kunte1","status":"disappeared","acres":0.65,"valley":null,"custodian":"ZP","nowOccupiedBy":"Graveyard"},"geometry":{"type":"Point","coordinates":[77.769833,13.038222]}},{"type":"Feature","id":"goravigere-kunte4","properties":{"id":"goravigere-kunte4","name":"Goravigere Kunte4","status":"disappeared","acres":0.475,"valley":null,"custodian":"ZP","nowOccupiedBy":"Agriculture land"},"geometry":{"type":"Point","coordinates":[77.76375,13.042889]}},{"type":"Feature","id":"gottigere-kunte1","properties":{"id":"gottigere-kunte1","name":"Gottigere Kunte1","status":"disappeared","acres":0.325,"valley":null,"custodian":"BBMP","nowOccupiedBy":"Hospital & road"},"geometry":{"type":"Point","coordinates":[77.588583,12.857528]}},{"type":"Feature","id":"govt-lake-newly-created","properties":{"id":"govt-lake-newly-created","name":"Govt Lake (Newly Created)","status":"disappeared","acres":0.025,"valley":null,"custodian":"BBMP","nowOccupiedBy":"Vacant land"},"geometry":{"type":"Point","coordinates":[77.457528,12.967861]}},{"type":"Feature","id":"govt-vodanakunte","properties":{"id":"govt-vodanakunte","name":"Govt. Vodanakunte","status":"disappeared","acres":7.45,"valley":null,"custodian":"BBMP","nowOccupiedBy":"Layout"},"geometry":{"type":"Point","coordinates":[77.568472,12.851583]}},{"type":"Feature","id":"gubbalal-kunte","properties":{"id":"gubbalal-kunte","name":"Gubbalal Kunte","status":"disappeared","acres":0.75,"valley":null,"custodian":"BBMP","nowOccupiedBy":"Building"},"geometry":{"type":"Point","coordinates":[77.538583,12.888556]}},{"type":"Feature","id":"gudimavu-kunte","properties":{"id":"gudimavu-kunte","name":"Gudimavu Kunte","status":"disappeared","acres":0.5,"valley":null,"custodian":"BDA","nowOccupiedBy":"Mango plantation"},"geometry":{"type":"Point","coordinates":[77.461889,12.864167]}},{"type":"Feature","id":"gulimangala-kunte-2","properties":{"id":"gulimangala-kunte-2","name":"Gulimangala Kunte-2","status":"disappeared","acres":0.425,"valley":null,"custodian":"ZP","nowOccupiedBy":"Vacant land"},"geometry":{"type":"Point","coordinates":[77.698083,12.853694]}},{"type":"Feature","id":"guniagrahara-kere-2","properties":{"id":"guniagrahara-kere-2","name":"Guniagrahara Kere 2","status":"disappeared","acres":11.325,"valley":null,"custodian":"BDA","nowOccupiedBy":"Mango plantation"},"geometry":{"type":"Point","coordinates":[77.52075,13.094]}},{"type":"Feature","id":"guniagrahara-kunte","properties":{"id":"guniagrahara-kunte","name":"Guniagrahara Kunte","status":"disappeared","acres":0.325,"valley":null,"custodian":"BDA","nowOccupiedBy":"School & mud road"},"geometry":{"type":"Point","coordinates":[77.528806,13.093556]}},{"type":"Feature","id":"gunjuru-kunte1","properties":{"id":"gunjuru-kunte1","name":"Gunjuru Kunte1","status":"disappeared","acres":0.85,"valley":null,"custodian":"BBMP","nowOccupiedBy":"Vacant land"},"geometry":{"type":"Point","coordinates":[77.738389,12.931917]}},{"type":"Feature","id":"gunjuru-kunte4","properties":{"id":"gunjuru-kunte4","name":"Gunjuru Kunte4","status":"disappeared","acres":0.225,"valley":null,"custodian":"BBMP","nowOccupiedBy":"Apartment & agriculture land"},"geometry":{"type":"Point","coordinates":[77.722833,12.922417]}},{"type":"Feature","id":"gunjuru-kunte7","properties":{"id":"gunjuru-kunte7","name":"Gunjuru Kunte7","status":"disappeared","acres":0.175,"valley":null,"custodian":"BBMP","nowOccupiedBy":"Eucalyptus & acacia plantation"},"geometry":{"type":"Point","coordinates":[77.713167,12.923528]}},{"type":"Feature","id":"gunjuru-kunte8","properties":{"id":"gunjuru-kunte8","name":"Gunjuru Kunte8","status":"disappeared","acres":0.15,"valley":null,"custodian":"BBMP","nowOccupiedBy":"Vacant land"},"geometry":{"type":"Point","coordinates":[77.719139,12.92475]}},{"type":"Feature","id":"hagaduru-kunte1","properties":{"id":"hagaduru-kunte1","name":"Hagaduru Kunte1","status":"disappeared","acres":0.25,"valley":null,"custodian":"BBMP","nowOccupiedBy":"Houses"},"geometry":{"type":"Point","coordinates":[77.753778,12.964694]}},{"type":"Feature","id":"hagaduru-kunte2","properties":{"id":"hagaduru-kunte2","name":"Hagaduru Kunte2","status":"disappeared","acres":0.075,"valley":null,"custodian":"BBMP","nowOccupiedBy":"Vacant land & apartment"},"geometry":{"type":"Point","coordinates":[77.758028,12.975306]}},{"type":"Feature","id":"halagevaderahalli-kere-1","properties":{"id":"halagevaderahalli-kere-1","name":"Halagevaderahalli Kere-1","status":"disappeared","acres":46.85,"valley":null,"custodian":"BBMP","nowOccupiedBy":"BEML layout"},"geometry":{"type":"Point","coordinates":[77.522361,12.915917]}},{"type":"Feature","id":"halasahalli-thippasandra-kunte-1","properties":{"id":"halasahalli-thippasandra-kunte-1","name":"Halasahalli Thippasandra Kunte-1","status":"disappeared","acres":0.15,"valley":null,"custodian":"ZP","nowOccupiedBy":"Vacant land within compound wall"},"geometry":{"type":"Point","coordinates":[77.765333,12.925917]}},{"type":"Feature","id":"halasahalli-thippasandra-kunte-4","properties":{"id":"halasahalli-thippasandra-kunte-4","name":"Halasahalli Thippasandra Kunte-4","status":"disappeared","acres":2.675,"valley":null,"custodian":"ZP","nowOccupiedBy":"Settlement"},"geometry":{"type":"Point","coordinates":[77.754361,12.918083]}},{"type":"Feature","id":"halehalli-kunte","properties":{"id":"halehalli-kunte","name":"Halehalli Kunte","status":"disappeared","acres":1.55,"valley":null,"custodian":"BBMP","nowOccupiedBy":"Enclave villas & vacant land"},"geometry":{"type":"Point","coordinates":[77.698944,13.031722]}},{"type":"Feature","id":"hanumanthapura-kere","properties":{"id":"hanumanthapura-kere","name":"Hanumanthapura Kere","status":"disappeared","acres":18.875,"valley":null,"custodian":"BBMP","nowOccupiedBy":"Slum area, Metro, railway area, buildings & temple"},"geometry":{"type":"Point","coordinates":[77.571083,12.989306]}},{"type":"Feature","id":"haralakunte","properties":{"id":"haralakunte","name":"Haralakunte","status":"disappeared","acres":17.3,"valley":null,"custodian":"BDA","nowOccupiedBy":"BDA houses"},"geometry":{"type":"Point","coordinates":[77.650694,12.91075]}},{"type":"Feature","id":"haralakunte-kunte1","properties":{"id":"haralakunte-kunte1","name":"Haralakunte Kunte1","status":"disappeared","acres":0.075,"valley":null,"custodian":"BBMP","nowOccupiedBy":"Road, buildings"},"geometry":{"type":"Point","coordinates":[77.650444,12.901556]}},{"type":"Feature","id":"haralakunte-kunte2","properties":{"id":"haralakunte-kunte2","name":"Haralakunte Kunte2","status":"disappeared","acres":0.225,"valley":null,"custodian":"BBMP","nowOccupiedBy":"Ram villa apartment"},"geometry":{"type":"Point","coordinates":[77.654222,12.897389]}},{"type":"Feature","id":"haralakunte-kunte3","properties":{"id":"haralakunte-kunte3","name":"Haralakunte Kunte3","status":"disappeared","acres":0.25,"valley":null,"custodian":"BBMP","nowOccupiedBy":"Sheds, road"},"geometry":{"type":"Point","coordinates":[77.647889,12.893806]}},{"type":"Feature","id":"haraluru-kunte","properties":{"id":"haraluru-kunte","name":"Haraluru Kunte","status":"disappeared","acres":2.15,"valley":null,"custodian":"BBMP","nowOccupiedBy":"Layout"},"geometry":{"type":"Point","coordinates":[77.670139,12.901333]}},{"type":"Feature","id":"harana-katte","properties":{"id":"harana-katte","name":"Harana Katte","status":"disappeared","acres":0.4,"valley":null,"custodian":"BDA","nowOccupiedBy":"Vacant land"},"geometry":{"type":"Point","coordinates":[77.439389,12.943139]}},{"type":"Feature","id":"harohalli-kunte-1","properties":{"id":"harohalli-kunte-1","name":"Harohalli Kunte 1","status":"disappeared","acres":0.5,"valley":null,"custodian":"CRPF","nowOccupiedBy":"CRPF"},"geometry":{"type":"Point","coordinates":[77.577167,13.124]}},{"type":"Feature","id":"harohalli-kunte-3","properties":{"id":"harohalli-kunte-3","name":"Harohalli Kunte 3","status":"disappeared","acres":0.2812,"valley":null,"custodian":"BBMP","nowOccupiedBy":"Vacant land"},"geometry":{"type":"Point","coordinates":[77.573583,13.126778]}},{"type":"Feature","id":"harohalli-kunte2","properties":{"id":"harohalli-kunte2","name":"Harohalli Kunte2","status":"disappeared","acres":0.425,"valley":null,"custodian":"BBMP","nowOccupiedBy":"CRPF"},"geometry":{"type":"Point","coordinates":[77.578,13.123056]}},{"type":"Feature","id":"harokyathanahalli-kunte1","properties":{"id":"harokyathanahalli-kunte1","name":"Harokyathanahalli Kunte1","status":"disappeared","acres":2.7,"valley":null,"custodian":"ZP","nowOccupiedBy":"Settlement"},"geometry":{"type":"Point","coordinates":[77.450444,13.059194]}},{"type":"Feature","id":"harokyathanahalli-kunte3","properties":{"id":"harokyathanahalli-kunte3","name":"Harokyathanahalli Kunte3","status":"disappeared","acres":0.1,"valley":null,"custodian":"ZP","nowOccupiedBy":"Vacant land"},"geometry":{"type":"Point","coordinates":[77.440806,13.057806]}},{"type":"Feature","id":"harokyathanahalli-kunte4","properties":{"id":"harokyathanahalli-kunte4","name":"Harokyathanahalli Kunte4","status":"disappeared","acres":0.125,"valley":null,"custodian":"ZP","nowOccupiedBy":"Mud road and vacant land"},"geometry":{"type":"Point","coordinates":[77.439472,13.06275]}},{"type":"Feature","id":"hebbagodi-kunte-1","properties":{"id":"hebbagodi-kunte-1","name":"Hebbagodi Kunte-1","status":"disappeared","acres":2.55,"valley":null,"custodian":"ZP","nowOccupiedBy":"Buildings & vacant land"},"geometry":{"type":"Point","coordinates":[77.682417,12.82775]}},{"type":"Feature","id":"hebbagodi-kunte-2","properties":{"id":"hebbagodi-kunte-2","name":"Hebbagodi Kunte-2","status":"disappeared","acres":0.2,"valley":null,"custodian":"ZP","nowOccupiedBy":"Godowns"},"geometry":{"type":"Point","coordinates":[77.674444,12.818889]}},{"type":"Feature","id":"heggadadevanapura-lake","properties":{"id":"heggadadevanapura-lake","name":"Heggadadevanapura Lake","status":"disappeared","acres":1.03,"valley":null,"custodian":"ZP","nowOccupiedBy":"Layout"},"geometry":{"type":"Point","coordinates":[77.454244,13.08076]}},{"type":"Feature","id":"heggadaevanapura-kere-2","properties":{"id":"heggadaevanapura-kere-2","name":"Heggadaevanapura Kere-2","status":"disappeared","acres":4.025,"valley":null,"custodian":"ZP","nowOccupiedBy":"Godown"},"geometry":{"type":"Point","coordinates":[77.450306,13.081361]}},{"type":"Feature","id":"hegganahalli-kunte1","properties":{"id":"hegganahalli-kunte1","name":"Hegganahalli Kunte1","status":"disappeared","acres":2.625,"valley":null,"custodian":"BBMP","nowOccupiedBy":"Government school, library, Hospital & road"},"geometry":{"type":"Point","coordinates":[77.5045,13.003833]}},{"type":"Feature","id":"hegganahalli-kunte2","properties":{"id":"hegganahalli-kunte2","name":"Hegganahalli Kunte2","status":"disappeared","acres":0.075,"valley":null,"custodian":"BBMP","nowOccupiedBy":"Vacant land"},"geometry":{"type":"Point","coordinates":[77.500611,12.999472]}},{"type":"Feature","id":"heggondahalli-kunte-2","properties":{"id":"heggondahalli-kunte-2","name":"Heggondahalli Kunte-2","status":"disappeared","acres":0.325,"valley":null,"custodian":"ZP","nowOccupiedBy":"Eucalyptus plantation"},"geometry":{"type":"Point","coordinates":[77.745528,12.901361]}},{"type":"Feature","id":"heggondahalli-kunte-3","properties":{"id":"heggondahalli-kunte-3","name":"Heggondahalli Kunte-3","status":"disappeared","acres":0.075,"valley":null,"custodian":"ZP","nowOccupiedBy":"Agriculture land"},"geometry":{"type":"Point","coordinates":[77.748139,12.898361]}},{"type":"Feature","id":"hemigepura-kunte-1","properties":{"id":"hemigepura-kunte-1","name":"Hemigepura Kunte 1","status":"disappeared","acres":0.5,"valley":null,"custodian":"BBMP","nowOccupiedBy":"Layout"},"geometry":{"type":"Point","coordinates":[77.490583,12.888944]}},{"type":"Feature","id":"hemigepura-kunte-2","properties":{"id":"hemigepura-kunte-2","name":"Hemigepura Kunte 2","status":"disappeared","acres":0.325,"valley":null,"custodian":"BBMP","nowOccupiedBy":"Layout"},"geometry":{"type":"Point","coordinates":[77.489472,12.885389]}},{"type":"Feature","id":"hennur-kunte-1","properties":{"id":"hennur-kunte-1","name":"Hennur Kunte-1","status":"disappeared","acres":0.075,"valley":null,"custodian":"BBMP","nowOccupiedBy":"Buildings & road"},"geometry":{"type":"Point","coordinates":[77.635583,13.027833]}},{"type":"Feature","id":"hennur-kunte-2","properties":{"id":"hennur-kunte-2","name":"Hennur Kunte-2","status":"disappeared","acres":0.125,"valley":null,"custodian":"BBMP","nowOccupiedBy":"Building"},"geometry":{"type":"Point","coordinates":[77.628472,13.03025]}},{"type":"Feature","id":"hennur-lake","properties":{"id":"hennur-lake","name":"Hennur Lake","status":"disappeared","acres":76.6,"valley":null,"custodian":"KFD","nowOccupiedBy":"Forest ranger office with trees, road & houses"},"geometry":{"type":"Point","coordinates":[77.6285,13.034472]}},{"type":"Feature","id":"herohalli-kunte2","properties":{"id":"herohalli-kunte2","name":"Herohalli Kunte2","status":"disappeared","acres":1.275,"valley":null,"custodian":"BBMP","nowOccupiedBy":"Vacant land"},"geometry":{"type":"Point","coordinates":[77.493639,12.983611]}},{"type":"Feature","id":"herohalli-kunte3","properties":{"id":"herohalli-kunte3","name":"Herohalli Kunte3","status":"disappeared","acres":0.725,"valley":null,"custodian":"BBMP","nowOccupiedBy":"Park & buildings"},"geometry":{"type":"Point","coordinates":[77.489278,12.984583]}},{"type":"Feature","id":"herohalli-kunte5","properties":{"id":"herohalli-kunte5","name":"Herohalli Kunte5","status":"disappeared","acres":0.125,"valley":null,"custodian":"BBMP","nowOccupiedBy":"Buildings & shops"},"geometry":{"type":"Point","coordinates":[77.481028,12.982056]}},{"type":"Feature","id":"hirandahalli-kunte-1","properties":{"id":"hirandahalli-kunte-1","name":"Hirandahalli Kunte 1","status":"disappeared","acres":0.2,"valley":null,"custodian":"ZP","nowOccupiedBy":"Agriculture land"},"geometry":{"type":"Point","coordinates":[77.725333,13.050056]}},{"type":"Feature","id":"hommadevanahalli-kere2","properties":{"id":"hommadevanahalli-kere2","name":"Hommadevanahalli Kere2","status":"disappeared","acres":2.9,"valley":null,"custodian":"BDA","nowOccupiedBy":"Eucalyptus plantation & vacant land"},"geometry":{"type":"Point","coordinates":[77.600583,12.834361]}},{"type":"Feature","id":"hommadevanahalli-kunte1","properties":{"id":"hommadevanahalli-kunte1","name":"Hommadevanahalli Kunte1","status":"disappeared","acres":0.4,"valley":null,"custodian":"BDA","nowOccupiedBy":"Eucalyptus plantation"},"geometry":{"type":"Point","coordinates":[77.602111,12.841389]}},{"type":"Feature","id":"hommadevanahalli-kunte1-2","properties":{"id":"hommadevanahalli-kunte1-2","name":"Hommadevanahalli Kunte1","status":"disappeared","acres":0.075,"valley":null,"custodian":"BDA","nowOccupiedBy":"Vacant land"},"geometry":{"type":"Point","coordinates":[77.599222,12.835861]}},{"type":"Feature","id":"hommadevanahalli-kunte2","properties":{"id":"hommadevanahalli-kunte2","name":"Hommadevanahalli Kunte2","status":"disappeared","acres":0.425,"valley":null,"custodian":"BDA","nowOccupiedBy":"Buildings & vacant land"},"geometry":{"type":"Point","coordinates":[77.595278,12.838806]}},{"type":"Feature","id":"hongasandra-kunte","properties":{"id":"hongasandra-kunte","name":"Hongasandra Kunte","status":"disappeared","acres":0.075,"valley":null,"custodian":"BBMP","nowOccupiedBy":"Apartment & road"},"geometry":{"type":"Point","coordinates":[77.624472,12.900083]}},{"type":"Feature","id":"honnenahalli-kunte-1","properties":{"id":"honnenahalli-kunte-1","name":"Honnenahalli Kunte-1","status":"disappeared","acres":0.225,"valley":null,"custodian":"BDA","nowOccupiedBy":"Agriculture (tomato) & building"},"geometry":{"type":"Point","coordinates":[77.56625,13.15825]}},{"type":"Feature","id":"honnenahalli-kunte-2","properties":{"id":"honnenahalli-kunte-2","name":"Honnenahalli Kunte-2","status":"disappeared","acres":0.125,"valley":null,"custodian":"BDA","nowOccupiedBy":"Agriculture land"},"geometry":{"type":"Point","coordinates":[77.559306,13.160806]}},{"type":"Feature","id":"hoodi-kunte1","properties":{"id":"hoodi-kunte1","name":"Hoodi Kunte1","status":"disappeared","acres":0.55,"valley":null,"custodian":"BBMP","nowOccupiedBy":"NR enclave software company"},"geometry":{"type":"Point","coordinates":[77.729528,12.986722]}},{"type":"Feature","id":"hoodi-kunte10","properties":{"id":"hoodi-kunte10","name":"Hoodi Kunte10","status":"disappeared","acres":0.2,"valley":null,"custodian":"BBMP","nowOccupiedBy":"Vacant land"},"geometry":{"type":"Point","coordinates":[77.707694,12.995417]}},{"type":"Feature","id":"hoodi-kunte11","properties":{"id":"hoodi-kunte11","name":"Hoodi Kunte11","status":"disappeared","acres":0.85,"valley":null,"custodian":"BBMP","nowOccupiedBy":"Vacant land & houses"},"geometry":{"type":"Point","coordinates":[77.705417,12.998]}},{"type":"Feature","id":"hoodi-kunte2","properties":{"id":"hoodi-kunte2","name":"Hoodi Kunte2","status":"disappeared","acres":0.275,"valley":null,"custodian":"BBMP","nowOccupiedBy":"Road"},"geometry":{"type":"Point","coordinates":[77.727278,12.980167]}},{"type":"Feature","id":"hoodi-kunte3","properties":{"id":"hoodi-kunte3","name":"Hoodi Kunte3","status":"disappeared","acres":0.475,"valley":null,"custodian":"BBMP","nowOccupiedBy":"Tata consultancy services"},"geometry":{"type":"Point","coordinates":[77.7275,12.97725]}},{"type":"Feature","id":"hoodi-kunte4","properties":{"id":"hoodi-kunte4","name":"Hoodi Kunte4","status":"disappeared","acres":0.45,"valley":null,"custodian":"BBMP","nowOccupiedBy":"Vacant land & road"},"geometry":{"type":"Point","coordinates":[77.712444,12.988861]}},{"type":"Feature","id":"hoodi-kunte5","properties":{"id":"hoodi-kunte5","name":"Hoodi Kunte5","status":"disappeared","acres":0.375,"valley":null,"custodian":"BBMP","nowOccupiedBy":"DHL"},"geometry":{"type":"Point","coordinates":[77.714528,12.991889]}},{"type":"Feature","id":"hoodi-kunte6","properties":{"id":"hoodi-kunte6","name":"Hoodi Kunte6","status":"disappeared","acres":0.225,"valley":null,"custodian":"BBMP","nowOccupiedBy":"Sakaleswpura organis. private ltd."},"geometry":{"type":"Point","coordinates":[77.707389,12.990056]}},{"type":"Feature","id":"hoodi-kunte7","properties":{"id":"hoodi-kunte7","name":"Hoodi Kunte7","status":"disappeared","acres":0.175,"valley":null,"custodian":"BBMP","nowOccupiedBy":"NGEF industrial estate"},"geometry":{"type":"Point","coordinates":[77.705278,12.990278]}},{"type":"Feature","id":"hoodi-kunte8","properties":{"id":"hoodi-kunte8","name":"Hoodi Kunte8","status":"disappeared","acres":0.675,"valley":null,"custodian":"BBMP","nowOccupiedBy":"Road & vacant land"},"geometry":{"type":"Point","coordinates":[77.709556,12.992778]}},{"type":"Feature","id":"hoodi-kunte9","properties":{"id":"hoodi-kunte9","name":"Hoodi Kunte9","status":"disappeared","acres":0.35,"valley":null,"custodian":"BBMP","nowOccupiedBy":"Vacant land"},"geometry":{"type":"Point","coordinates":[77.706222,12.99475]}},{"type":"Feature","id":"hosahalli-golarapalya-kunte","properties":{"id":"hosahalli-golarapalya-kunte","name":"Hosahalli Golarapalya Kunte","status":"disappeared","acres":0.05,"valley":null,"custodian":"BBMP","nowOccupiedBy":"Houses"},"geometry":{"type":"Point","coordinates":[77.47525,12.985333]}},{"type":"Feature","id":"hosahalli-kunte-4","properties":{"id":"hosahalli-kunte-4","name":"Hosahalli Kunte-4","status":"disappeared","acres":0.175,"valley":null,"custodian":"ZP","nowOccupiedBy":"Agriculture land & vacant land"},"geometry":{"type":"Point","coordinates":[77.768,12.848639]}},{"type":"Feature","id":"hulimangala-kunte1","properties":{"id":"hulimangala-kunte1","name":"Hulimangala Kunte1","status":"disappeared","acres":0.925,"valley":null,"custodian":"BDA","nowOccupiedBy":"Agriculture land"},"geometry":{"type":"Point","coordinates":[77.644944,12.838472]}},{"type":"Feature","id":"hulimangala-kunte3","properties":{"id":"hulimangala-kunte3","name":"Hulimangala Kunte3","status":"disappeared","acres":0.2,"valley":null,"custodian":"BDA","nowOccupiedBy":"Road, apartment compound"},"geometry":{"type":"Point","coordinates":[77.660472,12.820444]}},{"type":"Feature","id":"hulimangala-kunte4","properties":{"id":"hulimangala-kunte4","name":"Hulimangala Kunte4","status":"disappeared","acres":0.375,"valley":null,"custodian":"BDA","nowOccupiedBy":"Layout"},"geometry":{"type":"Point","coordinates":[77.645389,12.817528]}},{"type":"Feature","id":"hulimangala-kunte5","properties":{"id":"hulimangala-kunte5","name":"Hulimangala Kunte5","status":"disappeared","acres":0.225,"valley":null,"custodian":"BDA","nowOccupiedBy":"Layout"},"geometry":{"type":"Point","coordinates":[77.636417,12.820611]}},{"type":"Feature","id":"hulimangala-kunte7","properties":{"id":"hulimangala-kunte7","name":"Hulimangala Kunte7","status":"disappeared","acres":0.3,"valley":null,"custodian":"BDA","nowOccupiedBy":"Road & vacant land"},"geometry":{"type":"Point","coordinates":[77.640139,12.826556]}},{"type":"Feature","id":"hullahalli-kunte3","properties":{"id":"hullahalli-kunte3","name":"Hullahalli Kunte3","status":"disappeared","acres":0.275,"valley":null,"custodian":"BDA","nowOccupiedBy":"Agriculture"},"geometry":{"type":"Point","coordinates":[77.607778,12.826861]}},{"type":"Feature","id":"huskuru-kunte-2","properties":{"id":"huskuru-kunte-2","name":"Huskuru Kunte-2","status":"disappeared","acres":0.25,"valley":null,"custodian":"ZP","nowOccupiedBy":"Agriculture land"},"geometry":{"type":"Point","coordinates":[77.709139,12.8585]}},{"type":"Feature","id":"ibbalur-kunte","properties":{"id":"ibbalur-kunte","name":"Ibbalur Kunte","status":"disappeared","acres":0.125,"valley":null,"custodian":"CRPF","nowOccupiedBy":"Vacant land"},"geometry":{"type":"Point","coordinates":[77.659806,12.927389]}},{"type":"Feature","id":"ittagalapura-kunte","properties":{"id":"ittagalapura-kunte","name":"Ittagalapura Kunte","status":"disappeared","acres":0.975,"valley":null,"custodian":"BDA","nowOccupiedBy":"Eucalyptus plantation"},"geometry":{"type":"Point","coordinates":[77.546889,13.167361]}},{"type":"Feature","id":"ittamadu-kere","properties":{"id":"ittamadu-kere","name":"Ittamadu Kere","status":"disappeared","acres":3.27,"valley":null,"custodian":"KFD","nowOccupiedBy":"Vacant land & settlement"},"geometry":{"type":"Point","coordinates":[77.547496,12.918941]}},{"type":"Feature","id":"ittamadu-kunte","properties":{"id":"ittamadu-kunte","name":"Ittamadu Kunte","status":"disappeared","acres":0.1,"valley":null,"custodian":"BBMP","nowOccupiedBy":"Sterling apartment"},"geometry":{"type":"Point","coordinates":[77.545556,12.925583]}},{"type":"Feature","id":"jakkasandra-kunte","properties":{"id":"jakkasandra-kunte","name":"Jakkasandra Kunte","status":"disappeared","acres":0.125,"valley":null,"custodian":"BBMP","nowOccupiedBy":"Buildings"},"geometry":{"type":"Point","coordinates":[77.573,13.003806]}},{"type":"Feature","id":"jakkasandra-kunte-1","properties":{"id":"jakkasandra-kunte-1","name":"Jakkasandra Kunte 1","status":"disappeared","acres":0.55,"valley":null,"custodian":"BBMP","nowOccupiedBy":"Play ground & school"},"geometry":{"type":"Point","coordinates":[77.628472,12.924694]}},{"type":"Feature","id":"jakkasandra-kunte-2","properties":{"id":"jakkasandra-kunte-2","name":"Jakkasandra Kunte 2","status":"disappeared","acres":0.425,"valley":null,"custodian":"BBMP","nowOccupiedBy":"Play ground"},"geometry":{"type":"Point","coordinates":[77.621194,12.928222]}},{"type":"Feature","id":"jalahalli-kunte","properties":{"id":"jalahalli-kunte","name":"Jalahalli Kunte","status":"disappeared","acres":0.1,"valley":null,"custodian":"BBMP","nowOccupiedBy":"Acacia plantation"},"geometry":{"type":"Point","coordinates":[77.541389,13.045222]}},{"type":"Feature","id":"jaraganahalli-kere","properties":{"id":"jaraganahalli-kere","name":"Jaraganahalli Kere","status":"disappeared","acres":1.49,"valley":null,"custodian":"BBMP","nowOccupiedBy":"Settlement & vacant land"},"geometry":{"type":"Point","coordinates":[77.570548,12.903469]}},{"type":"Feature","id":"jaraganahalli-kere-2","properties":{"id":"jaraganahalli-kere-2","name":"Jaraganahalli Kere","status":"disappeared","acres":2.0,"valley":null,"custodian":"BBMP","nowOccupiedBy":"Playground, settlement & lorry stand"},"geometry":{"type":"Point","coordinates":[77.572615,12.900412]}},{"type":"Feature","id":"jarakabande-kavalu-kunte1","properties":{"id":"jarakabande-kavalu-kunte1","name":"Jarakabande Kavalu Kunte1","status":"disappeared","acres":2.675,"valley":null,"custodian":"BBMP","nowOccupiedBy":"Industries & graveyard"},"geometry":{"type":"Point","coordinates":[77.538417,13.023139]}},{"type":"Feature","id":"jarakabande-kavalu-kunte2","properties":{"id":"jarakabande-kavalu-kunte2","name":"Jarakabande Kavalu Kunte2","status":"disappeared","acres":1.275,"valley":null,"custodian":"BBMP","nowOccupiedBy":"Buildings"},"geometry":{"type":"Point","coordinates":[77.52975,13.020139]}},{"type":"Feature","id":"jarakabande-kavalu-kunte2-2","properties":{"id":"jarakabande-kavalu-kunte2-2","name":"Jarakabande Kavalu Kunte2","status":"disappeared","acres":0.625,"valley":null,"custodian":"Air Force","nowOccupiedBy":"Trees"},"geometry":{"type":"Point","coordinates":[77.539694,13.064806]}},{"type":"Feature","id":"jedihalli-lake","properties":{"id":"jedihalli-lake","name":"Jedihalli Lake","status":"disappeared","acres":6.325,"valley":null,"custodian":"BBMP","nowOccupiedBy":"Commercial & residential buildings – choultries, WOC road & industries"},"geometry":{"type":"Point","coordinates":[77.549056,12.982028]}},{"type":"Feature","id":"jyarakabande-kavalu-kunte","properties":{"id":"jyarakabande-kavalu-kunte","name":"Jyarakabande Kavalu Kunte","status":"disappeared","acres":1,"valley":null,"custodian":"BBMP","nowOccupiedBy":"Houses & road"},"geometry":{"type":"Point","coordinates":[77.53825,13.016806]}},{"type":"Feature","id":"k-agrahara-kunte-4","properties":{"id":"k-agrahara-kunte-4","name":"K. Agrahara Kunte-4","status":"disappeared","acres":1.1,"valley":null,"custodian":"BBMP","nowOccupiedBy":"Buildings, vacant land, BBMP office & road"},"geometry":{"type":"Point","coordinates":[77.529417,12.960889]}},{"type":"Feature","id":"k-g-thippasandra-kere","properties":{"id":"k-g-thippasandra-kere","name":"K.G Thippasandra Kere","status":"disappeared","acres":1.09,"valley":null,"custodian":"BBMP","nowOccupiedBy":"Houses"},"geometry":{"type":"Point","coordinates":[77.650662,12.970734]}},{"type":"Feature","id":"kachamaranahalli-kunte2","properties":{"id":"kachamaranahalli-kunte2","name":"Kachamaranahalli Kunte2","status":"disappeared","acres":0.325,"valley":null,"custodian":"BDA","nowOccupiedBy":"Vacant land"},"geometry":{"type":"Point","coordinates":[77.7395,12.909111]}},{"type":"Feature","id":"kachamaranahalli-kunte3","properties":{"id":"kachamaranahalli-kunte3","name":"Kachamaranahalli Kunte3","status":"disappeared","acres":1.95,"valley":null,"custodian":"BDA","nowOccupiedBy":"Agriculture land & Sri Sri ravishankar vidya mandira school"},"geometry":{"type":"Point","coordinates":[77.730556,12.904306]}},{"type":"Feature","id":"kachamaranahalli-kunte5","properties":{"id":"kachamaranahalli-kunte5","name":"Kachamaranahalli Kunte5","status":"disappeared","acres":0.95,"valley":null,"custodian":"BDA","nowOccupiedBy":"Dairy, overhead tank & houses"},"geometry":{"type":"Point","coordinates":[77.7325,12.91125]}},{"type":"Feature","id":"kachohalli-kunte-2","properties":{"id":"kachohalli-kunte-2","name":"Kachohalli Kunte-2","status":"disappeared","acres":0.275,"valley":null,"custodian":"BDA","nowOccupiedBy":"School"},"geometry":{"type":"Point","coordinates":[77.463722,12.990722]}},{"type":"Feature","id":"kada-agrahara-kunte-1","properties":{"id":"kada-agrahara-kunte-1","name":"Kada Agrahara Kunte-1","status":"disappeared","acres":0.275,"valley":null,"custodian":"ZP","nowOccupiedBy":"Layout"},"geometry":{"type":"Point","coordinates":[77.760778,12.85875]}},{"type":"Feature","id":"kada-agrahara-kunte-2","properties":{"id":"kada-agrahara-kunte-2","name":"Kada Agrahara Kunte-2","status":"disappeared","acres":0.8,"valley":null,"custodian":"ZP","nowOccupiedBy":"Layout"},"geometry":{"type":"Point","coordinates":[77.758806,12.85925]}},{"type":"Feature","id":"kadabisanahalli-kunte1","properties":{"id":"kadabisanahalli-kunte1","name":"Kadabisanahalli Kunte1","status":"disappeared","acres":0.275,"valley":null,"custodian":"BBMP","nowOccupiedBy":"Cessna business park"},"geometry":{"type":"Point","coordinates":[77.695167,12.936444]}},{"type":"Feature","id":"kadabisanahalli-kunte2","properties":{"id":"kadabisanahalli-kunte2","name":"Kadabisanahalli Kunte2","status":"disappeared","acres":0.325,"valley":null,"custodian":"BBMP","nowOccupiedBy":"Cessna business park"},"geometry":{"type":"Point","coordinates":[77.693833,12.9365]}},{"type":"Feature","id":"kadaranahalli-kunte","properties":{"id":"kadaranahalli-kunte","name":"Kadaranahalli Kunte","status":"disappeared","acres":0.175,"valley":null,"custodian":"ZP","nowOccupiedBy":"Mango, arecanut plantation & partially vacant land"},"geometry":{"type":"Point","coordinates":[77.446389,13.028333]}},{"type":"Feature","id":"kadugodi-kunte-1","properties":{"id":"kadugodi-kunte-1","name":"Kadugodi Kunte 1","status":"disappeared","acres":0.15,"valley":null,"custodian":"BBMP","nowOccupiedBy":"Vacant land & house"},"geometry":{"type":"Point","coordinates":[77.765583,12.995083]}},{"type":"Feature","id":"kadugodi-kunte-3","properties":{"id":"kadugodi-kunte-3","name":"Kadugodi Kunte 3","status":"disappeared","acres":0.375,"valley":null,"custodian":"BBMP","nowOccupiedBy":"Vacant land"},"geometry":{"type":"Point","coordinates":[77.756528,12.990806]}},{"type":"Feature","id":"kadugodi-kunte-4","properties":{"id":"kadugodi-kunte-4","name":"Kadugodi Kunte 4","status":"disappeared","acres":0.8,"valley":null,"custodian":"BBMP","nowOccupiedBy":"BMTC bus stand"},"geometry":{"type":"Point","coordinates":[77.758417,12.995806]}},{"type":"Feature","id":"kadugodi-plantation-kunte","properties":{"id":"kadugodi-plantation-kunte","name":"Kadugodi Plantation Kunte","status":"disappeared","acres":1.275,"valley":null,"custodian":"BBMP","nowOccupiedBy":"Vehicle garage & road"},"geometry":{"type":"Point","coordinates":[77.757139,12.993639]}},{"type":"Feature","id":"kadusonnappanahalli-kere","properties":{"id":"kadusonnappanahalli-kere","name":"Kadusonnappanahalli Kere","status":"disappeared","acres":2.17,"valley":null,"custodian":"ZP","nowOccupiedBy":"Houses, layout & agriculture land"},"geometry":{"type":"Point","coordinates":[77.668344,13.099348]}},{"type":"Feature","id":"kadusonnappanahalli-kunte","properties":{"id":"kadusonnappanahalli-kunte","name":"Kadusonnappanahalli Kunte","status":"disappeared","acres":0.35,"valley":null,"custodian":"ZP","nowOccupiedBy":"Agriculture land"},"geometry":{"type":"Point","coordinates":[77.669306,13.103833]}},{"type":"Feature","id":"kagalipura-kunte","properties":{"id":"kagalipura-kunte","name":"Kagalipura Kunte","status":"disappeared","acres":0.2,"valley":null,"custodian":"ZP","nowOccupiedBy":"Vacant land"},"geometry":{"type":"Point","coordinates":[77.724611,12.854028]}},{"type":"Feature","id":"kajarakanahalli-kunte","properties":{"id":"kajarakanahalli-kunte","name":"Kajarakanahalli Kunte","status":"disappeared","acres":0.125,"valley":null,"custodian":"BBMP","nowOccupiedBy":"Buildings"},"geometry":{"type":"Point","coordinates":[77.637889,13.017472]}},{"type":"Feature","id":"kalagondanahalli-lake","properties":{"id":"kalagondanahalli-lake","name":"Kalagondanahalli Lake","status":"disappeared","acres":25,"valley":null,"custodian":"BBMP","nowOccupiedBy":"Dr. b r Ambedkar medical college"},"geometry":{"type":"Point","coordinates":[77.613528,13.023278]}},{"type":"Feature","id":"kalatammanahalli-kunte","properties":{"id":"kalatammanahalli-kunte","name":"Kalatammanahalli Kunte","status":"disappeared","acres":0.125,"valley":null,"custodian":"BDA","nowOccupiedBy":"Eucalyptus plantation"},"geometry":{"type":"Point","coordinates":[77.511278,13.102306]}},{"type":"Feature","id":"kalenahalli-kunte","properties":{"id":"kalenahalli-kunte","name":"Kalenahalli Kunte","status":"disappeared","acres":0.55,"valley":null,"custodian":"BDA","nowOccupiedBy":"Eucalyptus plantation"},"geometry":{"type":"Point","coordinates":[77.506917,13.143639]}},{"type":"Feature","id":"kalkere-kunte1","properties":{"id":"kalkere-kunte1","name":"Kalkere Kunte1","status":"disappeared","acres":0.175,"valley":null,"custodian":"BBMP","nowOccupiedBy":"Vacant land"},"geometry":{"type":"Point","coordinates":[77.679028,13.027278]}},{"type":"Feature","id":"kalkere-kunte2","properties":{"id":"kalkere-kunte2","name":"Kalkere Kunte2","status":"disappeared","acres":3.025,"valley":null,"custodian":"BBMP","nowOccupiedBy":"Vacant land"},"geometry":{"type":"Point","coordinates":[77.678389,13.022944]}},{"type":"Feature","id":"kalkere-kunte4","properties":{"id":"kalkere-kunte4","name":"Kalkere Kunte4","status":"disappeared","acres":0.125,"valley":null,"custodian":"BBMP","nowOccupiedBy":"Vacant land & temple"},"geometry":{"type":"Point","coordinates":[77.66825,13.039389]}},{"type":"Feature","id":"kambipura-kunte2","properties":{"id":"kambipura-kunte2","name":"Kambipura Kunte2","status":"disappeared","acres":0.05,"valley":null,"custodian":"BDA","nowOccupiedBy":"Agriculture land"},"geometry":{"type":"Point","coordinates":[77.466667,12.875417]}},{"type":"Feature","id":"kambipura-kunte3","properties":{"id":"kambipura-kunte3","name":"Kambipura Kunte3","status":"disappeared","acres":0.025,"valley":null,"custodian":"BDA","nowOccupiedBy":"Vacant land"},"geometry":{"type":"Point","coordinates":[77.459806,12.867361]}},{"type":"Feature","id":"kammagondanahalli-kunte1","properties":{"id":"kammagondanahalli-kunte1","name":"Kammagondanahalli Kunte1","status":"disappeared","acres":0.2,"valley":null,"custodian":"BBMP","nowOccupiedBy":"Vacant land"},"geometry":{"type":"Point","coordinates":[77.530861,13.066139]}},{"type":"Feature","id":"kammagondanahalli-kunte2","properties":{"id":"kammagondanahalli-kunte2","name":"Kammagondanahalli Kunte2","status":"disappeared","acres":0.45,"valley":null,"custodian":"BBMP","nowOccupiedBy":"Air force"},"geometry":{"type":"Point","coordinates":[77.531333,13.059472]}},{"type":"Feature","id":"kammanahalli-kunte1","properties":{"id":"kammanahalli-kunte1","name":"Kammanahalli Kunte1","status":"disappeared","acres":0.2625,"valley":null,"custodian":"BBMP","nowOccupiedBy":"Layout(building)"},"geometry":{"type":"Point","coordinates":[77.606472,12.853361]}},{"type":"Feature","id":"kammanahalli-kunte2","properties":{"id":"kammanahalli-kunte2","name":"Kammanahalli Kunte2","status":"disappeared","acres":0.7,"valley":null,"custodian":"BBMP","nowOccupiedBy":"Buildings, vacant land, road"},"geometry":{"type":"Point","coordinates":[77.598639,12.850417]}},{"type":"Feature","id":"kaniminike-kunte1","properties":{"id":"kaniminike-kunte1","name":"Kaniminike Kunte1","status":"disappeared","acres":1.15,"valley":null,"custodian":"BDA","nowOccupiedBy":"Swamy narayana gurukula"},"geometry":{"type":"Point","coordinates":[77.437611,12.864194]}},{"type":"Feature","id":"kaniminike-kunte2","properties":{"id":"kaniminike-kunte2","name":"Kaniminike Kunte2","status":"disappeared","acres":1.475,"valley":null,"custodian":"BDA","nowOccupiedBy":"Christ University"},"geometry":{"type":"Point","coordinates":[77.436917,12.86075]}},{"type":"Feature","id":"kaniminike-kunte3","properties":{"id":"kaniminike-kunte3","name":"Kaniminike Kunte3","status":"disappeared","acres":1.175,"valley":null,"custodian":"BDA","nowOccupiedBy":"Agriculture land"},"geometry":{"type":"Point","coordinates":[77.437583,12.857083]}},{"type":"Feature","id":"kaniminike-kunte5","properties":{"id":"kaniminike-kunte5","name":"Kaniminike Kunte5","status":"disappeared","acres":1.3,"valley":null,"custodian":"BDA","nowOccupiedBy":"Vacant land & TMEIC"},"geometry":{"type":"Point","coordinates":[77.430722,12.86]}},{"type":"Feature","id":"kaniminike-kunte8","properties":{"id":"kaniminike-kunte8","name":"Kaniminike Kunte8","status":"disappeared","acres":0.225,"valley":null,"custodian":"BDA","nowOccupiedBy":"Vacant land"},"geometry":{"type":"Point","coordinates":[77.42775,12.861278]}},{"type":"Feature","id":"kaniminike-kunte9","properties":{"id":"kaniminike-kunte9","name":"Kaniminike Kunte9","status":"disappeared","acres":0.575,"valley":null,"custodian":"BDA","nowOccupiedBy":"Agriculture land"},"geometry":{"type":"Point","coordinates":[77.421306,12.867806]}},{"type":"Feature","id":"kannaikana-agrahara-kunte","properties":{"id":"kannaikana-agrahara-kunte","name":"Kannaikana Agrahara Kunte","status":"disappeared","acres":0.2,"valley":null,"custodian":"BDA","nowOccupiedBy":"Vacant land"},"geometry":{"type":"Point","coordinates":[77.550111,12.832778]}},{"type":"Feature","id":"kannalli-kunte-1","properties":{"id":"kannalli-kunte-1","name":"Kannalli Kunte -1","status":"disappeared","acres":0.25,"valley":null,"custodian":"BBMP","nowOccupiedBy":"Bare land due to agriculture"},"geometry":{"type":"Point","coordinates":[77.462889,12.965694]}},{"type":"Feature","id":"kannalli-kunte-2","properties":{"id":"kannalli-kunte-2","name":"Kannalli Kunte -2","status":"disappeared","acres":0.25,"valley":null,"custodian":"BBMP","nowOccupiedBy":"Bare land due to agriculture"},"geometry":{"type":"Point","coordinates":[77.463083,12.965194]}},{"type":"Feature","id":"kannalli-kunte-3","properties":{"id":"kannalli-kunte-3","name":"Kannalli Kunte-3","status":"disappeared","acres":0.2,"valley":null,"custodian":"BBMP","nowOccupiedBy":"Vacant land"},"geometry":{"type":"Point","coordinates":[77.463556,12.963028]}},{"type":"Feature","id":"kannamangala-katte-1","properties":{"id":"kannamangala-katte-1","name":"Kannamangala Katte 1","status":"disappeared","acres":1.125,"valley":null,"custodian":"ZP","nowOccupiedBy":"Villa"},"geometry":{"type":"Point","coordinates":[77.76125,13.025333]}},{"type":"Feature","id":"kannamangala-katte-2","properties":{"id":"kannamangala-katte-2","name":"Kannamangala Katte 2","status":"disappeared","acres":1.15,"valley":null,"custodian":"ZP","nowOccupiedBy":"Houses"},"geometry":{"type":"Point","coordinates":[77.765222,13.026056]}},{"type":"Feature","id":"kannamangala-kunte1","properties":{"id":"kannamangala-kunte1","name":"Kannamangala Kunte1","status":"disappeared","acres":0.6,"valley":null,"custodian":"ZP","nowOccupiedBy":"Agriculture land"},"geometry":{"type":"Point","coordinates":[77.776806,13.029083]}},{"type":"Feature","id":"kannamangala-kunte2","properties":{"id":"kannamangala-kunte2","name":"Kannamangala Kunte2","status":"disappeared","acres":0.2,"valley":null,"custodian":"ZP","nowOccupiedBy":"Agriculture land"},"geometry":{"type":"Point","coordinates":[77.775194,13.022972]}},{"type":"Feature","id":"kannamangala-kunte3","properties":{"id":"kannamangala-kunte3","name":"Kannamangala Kunte3","status":"disappeared","acres":0.75,"valley":null,"custodian":"ZP","nowOccupiedBy":"Settlement"},"geometry":{"type":"Point","coordinates":[77.770028,13.019167]}},{"type":"Feature","id":"kannamangala-kunte4","properties":{"id":"kannamangala-kunte4","name":"Kannamangala Kunte4","status":"disappeared","acres":0.55,"valley":null,"custodian":"ZP","nowOccupiedBy":"Villa"},"geometry":{"type":"Point","coordinates":[77.767139,13.020944]}},{"type":"Feature","id":"kannamangala-kunte5","properties":{"id":"kannamangala-kunte5","name":"Kannamangala Kunte5","status":"disappeared","acres":0.425,"valley":null,"custodian":"ZP","nowOccupiedBy":"Villa"},"geometry":{"type":"Point","coordinates":[77.759028,13.024694]}},{"type":"Feature","id":"kannuru-katte","properties":{"id":"kannuru-katte","name":"Kannuru Katte","status":"disappeared","acres":1.2,"valley":null,"custodian":"ZP","nowOccupiedBy":"Vacant land, house & eucalyptus plantation"},"geometry":{"type":"Point","coordinates":[77.654,13.089361]}},{"type":"Feature","id":"kannuru-kere1","properties":{"id":"kannuru-kere1","name":"Kannuru Kere1","status":"disappeared","acres":3.325,"valley":null,"custodian":"ZP","nowOccupiedBy":"Layout"},"geometry":{"type":"Point","coordinates":[77.649861,13.086167]}},{"type":"Feature","id":"kannuru-kunte-1","properties":{"id":"kannuru-kunte-1","name":"Kannuru Kunte 1","status":"disappeared","acres":0.375,"valley":null,"custodian":"ZP","nowOccupiedBy":"Houses"},"geometry":{"type":"Point","coordinates":[77.652806,13.09175]}},{"type":"Feature","id":"kannuru-kunte-3","properties":{"id":"kannuru-kunte-3","name":"Kannuru Kunte 3","status":"disappeared","acres":0.15,"valley":null,"custodian":"ZP","nowOccupiedBy":"Agriculture land"},"geometry":{"type":"Point","coordinates":[77.647222,13.089056]}},{"type":"Feature","id":"kannuru-kunte2","properties":{"id":"kannuru-kunte2","name":"Kannuru Kunte2","status":"disappeared","acres":0.1,"valley":null,"custodian":"ZP","nowOccupiedBy":"College"},"geometry":{"type":"Point","coordinates":[77.653917,13.083639]}},{"type":"Feature","id":"karanji-tank","properties":{"id":"karanji-tank","name":"Karanji Tank","status":"disappeared","acres":43.25,"valley":null,"custodian":"BBMP","nowOccupiedBy":"National college ground, buildings, mahila Seva samaja school, Kempegowda Hospital, road & Basavanagudi aquatic center (BBMP eejukola)"},"geometry":{"type":"Point","coordinates":[77.572278,12.950389]}},{"type":"Feature","id":"karethimmanahalli-lake","properties":{"id":"karethimmanahalli-lake","name":"Karethimmanahalli Lake","status":"disappeared","acres":3.4,"valley":null,"custodian":"BBMP","nowOccupiedBy":"Park, houses, godowns, road, BBMP building & vacant land"},"geometry":{"type":"Point","coordinates":[77.550083,12.951444]}},{"type":"Feature","id":"karisandra-katte","properties":{"id":"karisandra-katte","name":"Karisandra Katte","status":"disappeared","acres":2.575,"valley":null,"custodian":"BBMP","nowOccupiedBy":"Houses & mosque"},"geometry":{"type":"Point","coordinates":[77.570806,12.918194]}},{"type":"Feature","id":"karisandra-kunte","properties":{"id":"karisandra-kunte","name":"Karisandra Kunte","status":"disappeared","acres":0.1,"valley":null,"custodian":"BBMP","nowOccupiedBy":"Jaina tower, tvs tyre & road"},"geometry":{"type":"Point","coordinates":[77.569389,12.920861]}},{"type":"Feature","id":"kasaba-yeshwanthpura-kunte1","properties":{"id":"kasaba-yeshwanthpura-kunte1","name":"Kasaba Yeshwanthpura Kunte1","status":"disappeared","acres":1.375,"valley":null,"custodian":"BBMP","nowOccupiedBy":"Vacant land"},"geometry":{"type":"Point","coordinates":[77.550056,13.023417]}},{"type":"Feature","id":"kasaba-yeshwanthpura-kunte2","properties":{"id":"kasaba-yeshwanthpura-kunte2","name":"Kasaba Yeshwanthpura Kunte2","status":"disappeared","acres":0.975,"valley":null,"custodian":"BBMP","nowOccupiedBy":"The Mysore lamp works ltd."},"geometry":{"type":"Point","coordinates":[77.559389,13.014056]}},{"type":"Feature","id":"kasaba-yeshwantpur-kere","properties":{"id":"kasaba-yeshwantpur-kere","name":"Kasaba Yeshwantpur Kere","status":"disappeared","acres":3.05,"valley":null,"custodian":"BBMP","nowOccupiedBy":"RNS motars"},"geometry":{"type":"Point","coordinates":[77.542083,13.027861]}},{"type":"Feature","id":"kasagattapura-kere-1-2","properties":{"id":"kasagattapura-kere-1-2","name":"Kasagattapura Kere 1","status":"disappeared","acres":4.55,"valley":null,"custodian":"BDA","nowOccupiedBy":"Agriculture land & eucalyptus plantation"},"geometry":{"type":"Point","coordinates":[77.505444,13.117694]}},{"type":"Feature","id":"kasagattapura-kunte","properties":{"id":"kasagattapura-kunte","name":"Kasagattapura Kunte","status":"disappeared","acres":0.375,"valley":null,"custodian":"BDA","nowOccupiedBy":"Vacant land"},"geometry":{"type":"Point","coordinates":[77.50375,13.105472]}},{"type":"Feature","id":"kasavanahalli-kunte1","properties":{"id":"kasavanahalli-kunte1","name":"Kasavanahalli Kunte1","status":"disappeared","acres":0.7,"valley":null,"custodian":"BBMP","nowOccupiedBy":"Sheds, houses & vacant land"},"geometry":{"type":"Point","coordinates":[77.676389,12.902722]}},{"type":"Feature","id":"kasavanahalli-kunte2","properties":{"id":"kasavanahalli-kunte2","name":"Kasavanahalli Kunte2","status":"disappeared","acres":0.45,"valley":null,"custodian":"BBMP","nowOccupiedBy":"Apartment"},"geometry":{"type":"Point","coordinates":[77.673167,12.898417]}},{"type":"Feature","id":"kasavanahalli-kunte3","properties":{"id":"kasavanahalli-kunte3","name":"Kasavanahalli Kunte3","status":"disappeared","acres":0.25,"valley":null,"custodian":"BBMP","nowOccupiedBy":"Road & houses"},"geometry":{"type":"Point","coordinates":[77.675361,12.897333]}},{"type":"Feature","id":"kasavanahalli-kunte4","properties":{"id":"kasavanahalli-kunte4","name":"Kasavanahalli Kunte4","status":"disappeared","acres":0.25,"valley":null,"custodian":"BBMP","nowOccupiedBy":"East wood apartment"},"geometry":{"type":"Point","coordinates":[77.665472,12.912]}},{"type":"Feature","id":"kasavanahalli-kunte5","properties":{"id":"kasavanahalli-kunte5","name":"Kasavanahalli Kunte5","status":"disappeared","acres":0.2,"valley":null,"custodian":"BBMP","nowOccupiedBy":"Ever green apartment"},"geometry":{"type":"Point","coordinates":[77.662361,12.908944]}},{"type":"Feature","id":"katamnalluru-kunte1","properties":{"id":"katamnalluru-kunte1","name":"Katamnalluru Kunte1","status":"disappeared","acres":0.1,"valley":null,"custodian":"ZP","nowOccupiedBy":"Vacant land"},"geometry":{"type":"Point","coordinates":[77.764417,13.046806]}},{"type":"Feature","id":"katamnalluru-kunte2","properties":{"id":"katamnalluru-kunte2","name":"Katamnalluru Kunte2","status":"disappeared","acres":0.1,"valley":null,"custodian":"ZP","nowOccupiedBy":"Vacant land"},"geometry":{"type":"Point","coordinates":[77.76325,13.051361]}},{"type":"Feature","id":"kathriguppe-kunte-4","properties":{"id":"kathriguppe-kunte-4","name":"Kathriguppe Kunte-4","status":"disappeared","acres":2.65,"valley":null,"custodian":"ZP","nowOccupiedBy":"Eucalyptus plantation"},"geometry":{"type":"Point","coordinates":[77.76875,12.907389]}},{"type":"Feature","id":"kembathahali-kunte","properties":{"id":"kembathahali-kunte","name":"Kembathahali Kunte","status":"disappeared","acres":1.9,"valley":null,"custodian":"BBMP","nowOccupiedBy":"Lal bahadur shastri layout"},"geometry":{"type":"Point","coordinates":[77.575111,12.857778]}},{"type":"Feature","id":"kemp-agrah-kunte-3","properties":{"id":"kemp-agrah-kunte-3","name":"Kemp. Agrah. Kunte-3","status":"disappeared","acres":0.175,"valley":null,"custodian":"BBMP","nowOccupiedBy":"Buildings & vacant land"},"geometry":{"type":"Point","coordinates":[77.5305,12.957]}},{"type":"Feature","id":"kemp-agrah-kunte-5","properties":{"id":"kemp-agrah-kunte-5","name":"Kemp. Agrah. Kunte-5","status":"disappeared","acres":0.075,"valley":null,"custodian":"BBMP","nowOccupiedBy":"BBMP park & road"},"geometry":{"type":"Point","coordinates":[77.527278,12.962778]}},{"type":"Feature","id":"kemp-agrah-kunte-6","properties":{"id":"kemp-agrah-kunte-6","name":"Kemp. Agrah. Kunte-6","status":"disappeared","acres":1.825,"valley":null,"custodian":"BBMP","nowOccupiedBy":"Apartment, road, government school & ground"},"geometry":{"type":"Point","coordinates":[77.527917,12.969028]}},{"type":"Feature","id":"kemp-agrah-kunte-7","properties":{"id":"kemp-agrah-kunte-7","name":"Kemp. Agrah. Kunte-7","status":"disappeared","acres":1.475,"valley":null,"custodian":"BBMP","nowOccupiedBy":"Road, vacant land, furniture shop & m r collections"},"geometry":{"type":"Point","coordinates":[77.530417,12.973778]}},{"type":"Feature","id":"kemp-agrah-kunte-8","properties":{"id":"kemp-agrah-kunte-8","name":"Kemp. Agrah. Kunte-8","status":"disappeared","acres":0.525,"valley":null,"custodian":"BBMP","nowOccupiedBy":"Temple, buildings & road"},"geometry":{"type":"Point","coordinates":[77.529583,12.978944]}},{"type":"Feature","id":"kempanahali-kunte","properties":{"id":"kempanahali-kunte","name":"Kempanahali Kunte","status":"disappeared","acres":0.4,"valley":null,"custodian":"BDA","nowOccupiedBy":"Layout"},"geometry":{"type":"Point","coordinates":[77.553667,13.112917]}},{"type":"Feature","id":"kempapura-agrahara-kere","properties":{"id":"kempapura-agrahara-kere","name":"Kempapura Agrahara Kere","status":"disappeared","acres":5.225,"valley":null,"custodian":"BBMP","nowOccupiedBy":"Temple, buildings, vacant land & road"},"geometry":{"type":"Point","coordinates":[77.533056,12.965194]}},{"type":"Feature","id":"kempapura-agrahara-kunte-1","properties":{"id":"kempapura-agrahara-kunte-1","name":"Kempapura Agrahara Kunte-1","status":"disappeared","acres":0.125,"valley":null,"custodian":"BBMP","nowOccupiedBy":"Road & buildings"},"geometry":{"type":"Point","coordinates":[77.540028,12.963306]}},{"type":"Feature","id":"kempapura-agrahara-kunte-10","properties":{"id":"kempapura-agrahara-kunte-10","name":"Kempapura Agrahara Kunte-10","status":"disappeared","acres":0.225,"valley":null,"custodian":"BBMP","nowOccupiedBy":"Buildings"},"geometry":{"type":"Point","coordinates":[77.535944,12.972056]}},{"type":"Feature","id":"kempapura-agrahara-kunte-2","properties":{"id":"kempapura-agrahara-kunte-2","name":"Kempapura Agrahara Kunte-2","status":"disappeared","acres":1.175,"valley":null,"custodian":"BBMP","nowOccupiedBy":"Road, apartment & buildings"},"geometry":{"type":"Point","coordinates":[77.534444,12.960722]}},{"type":"Feature","id":"kempapura-agrahara-kunte-9","properties":{"id":"kempapura-agrahara-kunte-9","name":"Kempapura Agrahara Kunte-9","status":"disappeared","acres":0.075,"valley":null,"custodian":"BBMP","nowOccupiedBy":"Buildings"},"geometry":{"type":"Point","coordinates":[77.536333,12.97275]}},{"type":"Feature","id":"kempapura-kunte","properties":{"id":"kempapura-kunte","name":"Kempapura Kunte","status":"disappeared","acres":0.5,"valley":null,"custodian":"BBMP","nowOccupiedBy":"Park & temple"},"geometry":{"type":"Point","coordinates":[77.602,13.054444]}},{"type":"Feature","id":"kempapura-kunte-1","properties":{"id":"kempapura-kunte-1","name":"Kempapura Kunte 1","status":"disappeared","acres":0.25,"valley":null,"custodian":"BDA","nowOccupiedBy":"Vacant land"},"geometry":{"type":"Point","coordinates":[77.50275,13.098278]}},{"type":"Feature","id":"kenchanapura-kunte2","properties":{"id":"kenchanapura-kunte2","name":"Kenchanapura Kunte2","status":"disappeared","acres":0.1,"valley":null,"custodian":"BDA","nowOccupiedBy":"Layout"},"geometry":{"type":"Point","coordinates":[77.455972,12.954639]}},{"type":"Feature","id":"kenchanapura-kunte3","properties":{"id":"kenchanapura-kunte3","name":"Kenchanapura Kunte3","status":"disappeared","acres":0.175,"valley":null,"custodian":"BDA","nowOccupiedBy":"Layout"},"geometry":{"type":"Point","coordinates":[77.440417,12.95675]}},{"type":"Feature","id":"kengeri-kunte-1","properties":{"id":"kengeri-kunte-1","name":"Kengeri Kunte 1","status":"disappeared","acres":0.075,"valley":null,"custodian":"BBMP","nowOccupiedBy":"Road & auto stand"},"geometry":{"type":"Point","coordinates":[77.48175,12.910056]}},{"type":"Feature","id":"kengeri-kunte-10","properties":{"id":"kengeri-kunte-10","name":"Kengeri Kunte 10","status":"disappeared","acres":0.075,"valley":null,"custodian":"BBMP","nowOccupiedBy":"School & houses"},"geometry":{"type":"Point","coordinates":[77.473333,12.917472]}},{"type":"Feature","id":"kengeri-kunte-11","properties":{"id":"kengeri-kunte-11","name":"Kengeri Kunte 11","status":"disappeared","acres":1.4,"valley":null,"custodian":"BBMP","nowOccupiedBy":"School & road"},"geometry":{"type":"Point","coordinates":[77.477111,12.918306]}},{"type":"Feature","id":"kengeri-kunte-12","properties":{"id":"kengeri-kunte-12","name":"Kengeri Kunte 12","status":"disappeared","acres":1.425,"valley":null,"custodian":"BBMP","nowOccupiedBy":"Houses"},"geometry":{"type":"Point","coordinates":[77.478278,12.921417]}},{"type":"Feature","id":"kengeri-kunte-2","properties":{"id":"kengeri-kunte-2","name":"Kengeri Kunte 2","status":"disappeared","acres":1.075,"valley":null,"custodian":"BBMP","nowOccupiedBy":"KSRTC (resinal workshop)"},"geometry":{"type":"Point","coordinates":[77.468722,12.8965]}},{"type":"Feature","id":"kengeri-kunte-3","properties":{"id":"kengeri-kunte-3","name":"Kengeri Kunte 3","status":"disappeared","acres":0.5,"valley":null,"custodian":"BBMP","nowOccupiedBy":"Brick factory & vacant land"},"geometry":{"type":"Point","coordinates":[77.473361,12.902694]}},{"type":"Feature","id":"kengeri-kunte-4","properties":{"id":"kengeri-kunte-4","name":"Kengeri Kunte 4","status":"disappeared","acres":0.1875,"valley":null,"custodian":"BBMP","nowOccupiedBy":"NICE road"},"geometry":{"type":"Point","coordinates":[77.469917,12.903139]}},{"type":"Feature","id":"kengeri-kunte-5","properties":{"id":"kengeri-kunte-5","name":"Kengeri Kunte 5","status":"disappeared","acres":0.525,"valley":null,"custodian":"BBMP","nowOccupiedBy":"Agriculture land"},"geometry":{"type":"Point","coordinates":[77.472,12.910389]}},{"type":"Feature","id":"kengeri-kunte-6","properties":{"id":"kengeri-kunte-6","name":"Kengeri Kunte 6","status":"disappeared","acres":0.125,"valley":null,"custodian":"BBMP","nowOccupiedBy":"Vacant land"},"geometry":{"type":"Point","coordinates":[77.472139,12.913306]}},{"type":"Feature","id":"kengeri-kunte-7","properties":{"id":"kengeri-kunte-7","name":"Kengeri Kunte 7","status":"disappeared","acres":0.575,"valley":null,"custodian":"BBMP","nowOccupiedBy":"Vacant land & houses"},"geometry":{"type":"Point","coordinates":[77.476194,12.915806]}},{"type":"Feature","id":"kengeri-kunte-8","properties":{"id":"kengeri-kunte-8","name":"Kengeri Kunte 8","status":"disappeared","acres":0.725,"valley":null,"custodian":"BBMP","nowOccupiedBy":"Temple"},"geometry":{"type":"Point","coordinates":[77.475639,12.917028]}},{"type":"Feature","id":"kengeri-kunte-9","properties":{"id":"kengeri-kunte-9","name":"Kengeri Kunte 9","status":"disappeared","acres":0.175,"valley":null,"custodian":"BBMP","nowOccupiedBy":"Houses & vacant land"},"geometry":{"type":"Point","coordinates":[77.474389,12.917417]}},{"type":"Feature","id":"keregulladahalli-kunte","properties":{"id":"keregulladahalli-kunte","name":"Keregulladahalli Kunte","status":"disappeared","acres":0.325,"valley":null,"custodian":"BBMP","nowOccupiedBy":"Houses constructed"},"geometry":{"type":"Point","coordinates":[77.517306,13.077833]}},{"type":"Feature","id":"kethamaranahalli-kere-1","properties":{"id":"kethamaranahalli-kere-1","name":"Kethamaranahalli Kere-1","status":"disappeared","acres":3.18,"valley":null,"custodian":"BBMP","nowOccupiedBy":"Kempegowda stadium, park & road"},"geometry":{"type":"Point","coordinates":[77.558414,13.008404]}},{"type":"Feature","id":"kethamaranahalli-kere-2","properties":{"id":"kethamaranahalli-kere-2","name":"Kethamaranahalli Kere-2","status":"disappeared","acres":11.28,"valley":null,"custodian":"BBMP","nowOccupiedBy":"Road, gayatri devi park/ mariyapanapalya park, houses"},"geometry":{"type":"Point","coordinates":[77.556481,12.997465]}},{"type":"Feature","id":"kethamaranahalli-kere-3","properties":{"id":"kethamaranahalli-kere-3","name":"Kethamaranahalli Kere-3","status":"disappeared","acres":1.675,"valley":null,"custodian":"BBMP","nowOccupiedBy":"School, dhobhi ghat & park"},"geometry":{"type":"Point","coordinates":[77.550917,12.986139]}},{"type":"Feature","id":"kethamaranahalli-kere-4","properties":{"id":"kethamaranahalli-kere-4","name":"Kethamaranahalli Kere-4","status":"disappeared","acres":6.65,"valley":null,"custodian":"BBMP","nowOccupiedBy":"Kala kesari udayakumar park"},"geometry":{"type":"Point","coordinates":[77.551861,13.002083]}},{"type":"Feature","id":"kethamaranahalli-kunte1","properties":{"id":"kethamaranahalli-kunte1","name":"Kethamaranahalli Kunte1","status":"disappeared","acres":0.325,"valley":null,"custodian":"BBMP","nowOccupiedBy":"Settlement"},"geometry":{"type":"Point","coordinates":[77.561639,12.994417]}},{"type":"Feature","id":"kethamaranahalli-kunte2","properties":{"id":"kethamaranahalli-kunte2","name":"Kethamaranahalli Kunte2","status":"disappeared","acres":0.2,"valley":null,"custodian":"BBMP","nowOccupiedBy":"Graveyard"},"geometry":{"type":"Point","coordinates":[77.565861,12.985944]}},{"type":"Feature","id":"kethamaranahalli-kunte3","properties":{"id":"kethamaranahalli-kunte3","name":"Kethamaranahalli Kunte3","status":"disappeared","acres":0.675,"valley":null,"custodian":"BBMP","nowOccupiedBy":"Road & houses"},"geometry":{"type":"Point","coordinates":[77.558889,12.989361]}},{"type":"Feature","id":"khajisonnenahalli-kunte4-2","properties":{"id":"khajisonnenahalli-kunte4-2","name":"Khajisonnenahalli Kunte4","status":"disappeared","acres":0.2,"valley":null,"custodian":"BBMP","nowOccupiedBy":"Temple"},"geometry":{"type":"Point","coordinates":[77.769972,13.033306]}},{"type":"Feature","id":"khajisonnenahalli-kunte6","properties":{"id":"khajisonnenahalli-kunte6","name":"Khajisonnenahalli Kunte6","status":"disappeared","acres":0.125,"valley":null,"custodian":"ZP","nowOccupiedBy":"Agriculture land"},"geometry":{"type":"Point","coordinates":[77.763417,13.035333]}},{"type":"Feature","id":"khajisonnenahalli-kunte9","properties":{"id":"khajisonnenahalli-kunte9","name":"Khajisonnenahalli Kunte9","status":"disappeared","acres":2,"valley":null,"custodian":"ZP","nowOccupiedBy":"Vacant land"},"geometry":{"type":"Point","coordinates":[77.759639,13.038139]}},{"type":"Feature","id":"kithaganuru-katte","properties":{"id":"kithaganuru-katte","name":"Kithaganuru Katte","status":"disappeared","acres":1.05,"valley":null,"custodian":"ZP","nowOccupiedBy":"Houses"},"geometry":{"type":"Point","coordinates":[77.715389,13.033806]}},{"type":"Feature","id":"kithaganuru-kunte-1","properties":{"id":"kithaganuru-kunte-1","name":"Kithaganuru Kunte 1","status":"disappeared","acres":0.875,"valley":null,"custodian":"ZP","nowOccupiedBy":"Vacant land"},"geometry":{"type":"Point","coordinates":[77.712972,13.031111]}},{"type":"Feature","id":"kithaganuru-kunte-2","properties":{"id":"kithaganuru-kunte-2","name":"Kithaganuru Kunte 2","status":"disappeared","acres":0.2,"valley":null,"custodian":"ZP","nowOccupiedBy":"Vacant land & house"},"geometry":{"type":"Point","coordinates":[77.711444,13.032194]}},{"type":"Feature","id":"kithaganuru-kunte-3","properties":{"id":"kithaganuru-kunte-3","name":"Kithaganuru Kunte 3","status":"disappeared","acres":0.775,"valley":null,"custodian":"ZP","nowOccupiedBy":"Vacanat land"},"geometry":{"type":"Point","coordinates":[77.708583,13.031833]}},{"type":"Feature","id":"kithaganuru-kunte-4","properties":{"id":"kithaganuru-kunte-4","name":"Kithaganuru Kunte 4","status":"disappeared","acres":0.075,"valley":null,"custodian":"ZP","nowOccupiedBy":"Vacant land & house"},"geometry":{"type":"Point","coordinates":[77.708694,13.031222]}},{"type":"Feature","id":"kithaganuru-kunte-6","properties":{"id":"kithaganuru-kunte-6","name":"Kithaganuru Kunte 6","status":"disappeared","acres":0.225,"valley":null,"custodian":"ZP","nowOccupiedBy":"Vacant land & eucalyptus plantation"},"geometry":{"type":"Point","coordinates":[77.696833,13.040972]}},{"type":"Feature","id":"kodagithirumalapura-kunte","properties":{"id":"kodagithirumalapura-kunte","name":"Kodagithirumalapura Kunte","status":"disappeared","acres":0.05,"valley":null,"custodian":"BDA","nowOccupiedBy":"Road & banana plantation"},"geometry":{"type":"Point","coordinates":[77.497611,13.121611]}},{"type":"Feature","id":"kodagithirumalpura-kere","properties":{"id":"kodagithirumalpura-kere","name":"Kodagithirumalpura Kere","status":"disappeared","acres":3.6,"valley":null,"custodian":"BDA","nowOccupiedBy":"Agriculture land & road"},"geometry":{"type":"Point","coordinates":[77.476472,13.115917]}},{"type":"Feature","id":"kodathi-kunte-17","properties":{"id":"kodathi-kunte-17","name":"Kodathi Kunte 17","status":"disappeared","acres":0.6,"valley":null,"custodian":"BDA","nowOccupiedBy":"Vacant land"},"geometry":{"type":"Point","coordinates":[77.707,12.900139]}},{"type":"Feature","id":"kodathi-kunte13","properties":{"id":"kodathi-kunte13","name":"Kodathi Kunte13","status":"disappeared","acres":0.25,"valley":null,"custodian":"BDA","nowOccupiedBy":"Sheds"},"geometry":{"type":"Point","coordinates":[77.707306,12.895472]}},{"type":"Feature","id":"kodathi-kunte14","properties":{"id":"kodathi-kunte14","name":"Kodathi Kunte14","status":"disappeared","acres":2.875,"valley":null,"custodian":"BDA","nowOccupiedBy":"Apartment"},"geometry":{"type":"Point","coordinates":[77.708472,12.896306]}},{"type":"Feature","id":"kodathi-kunte15","properties":{"id":"kodathi-kunte15","name":"Kodathi Kunte15","status":"disappeared","acres":0.375,"valley":null,"custodian":"BDA","nowOccupiedBy":"Vacant land"},"geometry":{"type":"Point","coordinates":[77.708361,12.897278]}},{"type":"Feature","id":"kodathi-kunte16","properties":{"id":"kodathi-kunte16","name":"Kodathi Kunte16","status":"disappeared","acres":0.525,"valley":null,"custodian":"BDA","nowOccupiedBy":"Vacant land"},"geometry":{"type":"Point","coordinates":[77.709556,12.897944]}},{"type":"Feature","id":"kodathi-kunte2","properties":{"id":"kodathi-kunte2","name":"Kodathi Kunte2","status":"disappeared","acres":0.275,"valley":null,"custodian":"BDA","nowOccupiedBy":"Vacant land"},"geometry":{"type":"Point","coordinates":[77.718194,12.891639]}},{"type":"Feature","id":"kodathi-kunte3","properties":{"id":"kodathi-kunte3","name":"Kodathi Kunte3","status":"disappeared","acres":0.175,"valley":null,"custodian":"BDA","nowOccupiedBy":"Temple & houses"},"geometry":{"type":"Point","coordinates":[77.713806,12.888944]}},{"type":"Feature","id":"kodathi-kunte4","properties":{"id":"kodathi-kunte4","name":"Kodathi Kunte4","status":"disappeared","acres":0.125,"valley":null,"custodian":"BDA","nowOccupiedBy":"Eucalyptus plantation & houses"},"geometry":{"type":"Point","coordinates":[77.714639,12.880528]}},{"type":"Feature","id":"kodathi-kunte5","properties":{"id":"kodathi-kunte5","name":"Kodathi Kunte5","status":"disappeared","acres":0.125,"valley":null,"custodian":"BDA","nowOccupiedBy":"Eucalyptus plantation"},"geometry":{"type":"Point","coordinates":[77.713111,12.880528]}},{"type":"Feature","id":"kodathi-kunte7","properties":{"id":"kodathi-kunte7","name":"Kodathi Kunte7","status":"disappeared","acres":1.8,"valley":null,"custodian":"BDA","nowOccupiedBy":"Regional sericulture research station"},"geometry":{"type":"Point","coordinates":[77.707028,12.883194]}},{"type":"Feature","id":"kodathi-kunte8","properties":{"id":"kodathi-kunte8","name":"Kodathi Kunte8","status":"disappeared","acres":0.125,"valley":null,"custodian":"BDA","nowOccupiedBy":"Coconut plantation & house"},"geometry":{"type":"Point","coordinates":[77.703083,12.882528]}},{"type":"Feature","id":"kodigehalli-kunte","properties":{"id":"kodigehalli-kunte","name":"Kodigehalli Kunte","status":"disappeared","acres":0.7,"valley":null,"custodian":"BBMP","nowOccupiedBy":"NICE road & layout"},"geometry":{"type":"Point","coordinates":[77.470889,12.966167]}},{"type":"Feature","id":"kodigehalli-kunte-4","properties":{"id":"kodigehalli-kunte-4","name":"Kodigehalli Kunte 4","status":"disappeared","acres":0.5,"valley":null,"custodian":"BBMP","nowOccupiedBy":"Vacant land"},"geometry":{"type":"Point","coordinates":[77.567111,13.054167]}},{"type":"Feature","id":"kodigehalli-kunte1-2","properties":{"id":"kodigehalli-kunte1-2","name":"Kodigehalli Kunte1","status":"disappeared","acres":0.075,"valley":null,"custodian":"BBMP","nowOccupiedBy":"Vacant land"},"geometry":{"type":"Point","coordinates":[77.724861,13.008639]}},{"type":"Feature","id":"kodigehalli-kunte2","properties":{"id":"kodigehalli-kunte2","name":"Kodigehalli Kunte2","status":"disappeared","acres":0.425,"valley":null,"custodian":"BBMP","nowOccupiedBy":"Vacant land"},"geometry":{"type":"Point","coordinates":[77.574333,13.063694]}},{"type":"Feature","id":"kodigehalli-kunte3-2","properties":{"id":"kodigehalli-kunte3-2","name":"Kodigehalli Kunte3","status":"disappeared","acres":0.325,"valley":null,"custodian":"BBMP","nowOccupiedBy":"Vacant land"},"geometry":{"type":"Point","coordinates":[77.727917,13.004583]}},{"type":"Feature","id":"kodigehalli-plantation-kunte-1","properties":{"id":"kodigehalli-plantation-kunte-1","name":"Kodigehalli Plantation Kunte-1","status":"disappeared","acres":1.025,"valley":null,"custodian":"BBMP","nowOccupiedBy":"Agriculture"},"geometry":{"type":"Point","coordinates":[77.572806,13.084472]}},{"type":"Feature","id":"kodihalli-kere-3","properties":{"id":"kodihalli-kere-3","name":"Kodihalli Kere","status":"disappeared","acres":25.6,"valley":null,"custodian":"ISRO","nowOccupiedBy":"ISRO (department of space liquid propulsion systems center)"},"geometry":{"type":"Point","coordinates":[77.647778,12.968528]}},{"type":"Feature","id":"kodihalli-kunte1","properties":{"id":"kodihalli-kunte1","name":"Kodihalli Kunte1","status":"disappeared","acres":0.475,"valley":null,"custodian":"BBMP","nowOccupiedBy":"National aerospace laborat."},"geometry":{"type":"Point","coordinates":[77.650306,12.961]}},{"type":"Feature","id":"kodihalli-kunte2","properties":{"id":"kodihalli-kunte2","name":"Kodihalli Kunte2","status":"disappeared","acres":0.625,"valley":null,"custodian":"BBMP","nowOccupiedBy":"Air force compound"},"geometry":{"type":"Point","coordinates":[77.653806,12.958028]}},{"type":"Feature","id":"kodlu-kunte-1","properties":{"id":"kodlu-kunte-1","name":"Kodlu Kunte-1","status":"disappeared","acres":1.15,"valley":null,"custodian":"BBMP","nowOccupiedBy":"BBMP office, road, temple & micro lab"},"geometry":{"type":"Point","coordinates":[77.64975,12.889778]}},{"type":"Feature","id":"kodlu-kunte-2","properties":{"id":"kodlu-kunte-2","name":"Kodlu Kunte-2","status":"disappeared","acres":0.1,"valley":null,"custodian":"BBMP","nowOccupiedBy":"Garden"},"geometry":{"type":"Point","coordinates":[77.653278,12.890361]}},{"type":"Feature","id":"kogilu-kunte","properties":{"id":"kogilu-kunte","name":"Kogilu Kunte","status":"disappeared","acres":0.25,"valley":null,"custodian":"BBMP","nowOccupiedBy":"Eucalyptus plantation"},"geometry":{"type":"Point","coordinates":[77.61725,13.101472]}},{"type":"Feature","id":"koluru-gururayanapura-kunte2","properties":{"id":"koluru-gururayanapura-kunte2","name":"Koluru Gururayanapura Kunte2","status":"disappeared","acres":0.15,"valley":null,"custodian":"BDA","nowOccupiedBy":"Nursery"},"geometry":{"type":"Point","coordinates":[77.402583,12.886028]}},{"type":"Feature","id":"koluru-kunte-2","properties":{"id":"koluru-kunte-2","name":"Koluru Kunte 2","status":"disappeared","acres":0.3,"valley":null,"custodian":"BDA","nowOccupiedBy":"Vacant land"},"geometry":{"type":"Point","coordinates":[77.418417,12.88775]}},{"type":"Feature","id":"koluru-kunte-3","properties":{"id":"koluru-kunte-3","name":"Koluru Kunte 3","status":"disappeared","acres":0.25,"valley":null,"custodian":"BDA","nowOccupiedBy":"Agriculture land"},"geometry":{"type":"Point","coordinates":[77.4,12.871667]}},{"type":"Feature","id":"koluru-kunte-4","properties":{"id":"koluru-kunte-4","name":"Koluru Kunte 4","status":"disappeared","acres":0.3,"valley":null,"custodian":"BDA","nowOccupiedBy":"Agriculture land"},"geometry":{"type":"Point","coordinates":[77.417417,12.8865]}},{"type":"Feature","id":"kommaghatta-katte","properties":{"id":"kommaghatta-katte","name":"Kommaghatta Katte","status":"disappeared","acres":1.15,"valley":null,"custodian":"BDA","nowOccupiedBy":"Vacant land"},"geometry":{"type":"Point","coordinates":[77.460389,12.9115]}},{"type":"Feature","id":"kommaghatta-kunte","properties":{"id":"kommaghatta-kunte","name":"Kommaghatta Kunte","status":"disappeared","acres":0.8,"valley":null,"custodian":"BDA","nowOccupiedBy":"House & temple"},"geometry":{"type":"Point","coordinates":[77.460972,12.925167]}},{"type":"Feature","id":"kommasandra-kere-1","properties":{"id":"kommasandra-kere-1","name":"Kommasandra Kere-1","status":"disappeared","acres":14.5,"valley":null,"custodian":"ZP","nowOccupiedBy":"Agriculture land"},"geometry":{"type":"Point","coordinates":[77.741194,12.855667]}},{"type":"Feature","id":"kommasandra-kunte-6","properties":{"id":"kommasandra-kunte-6","name":"Kommasandra Kunte-6","status":"disappeared","acres":1.375,"valley":null,"custodian":"ZP","nowOccupiedBy":"Vacant land"},"geometry":{"type":"Point","coordinates":[77.734889,12.864472]}},{"type":"Feature","id":"kommasandra-kunte-8","properties":{"id":"kommasandra-kunte-8","name":"Kommasandra Kunte-8","status":"disappeared","acres":0.25,"valley":null,"custodian":"ZP","nowOccupiedBy":"Eucalyptus plantation & agriculture land"},"geometry":{"type":"Point","coordinates":[77.738667,12.868194]}},{"type":"Feature","id":"konadasapura-kunte-5","properties":{"id":"konadasapura-kunte-5","name":"Konadasapura Kunte 5","status":"disappeared","acres":0.2,"valley":null,"custodian":"ZP","nowOccupiedBy":"Vacant land"},"geometry":{"type":"Point","coordinates":[77.754861,13.048722]}},{"type":"Feature","id":"konadasapura-kunte-6","properties":{"id":"konadasapura-kunte-6","name":"Konadasapura Kunte 6","status":"disappeared","acres":0.55,"valley":null,"custodian":"ZP","nowOccupiedBy":"Vacant land & trees"},"geometry":{"type":"Point","coordinates":[77.752417,13.047861]}},{"type":"Feature","id":"konadasapura-kunte1","properties":{"id":"konadasapura-kunte1","name":"Konadasapura Kunte1","status":"disappeared","acres":0.5,"valley":null,"custodian":"ZP","nowOccupiedBy":"Layout"},"geometry":{"type":"Point","coordinates":[77.759583,13.042222]}},{"type":"Feature","id":"konadasapura-kunte2","properties":{"id":"konadasapura-kunte2","name":"Konadasapura Kunte2","status":"disappeared","acres":0.75,"valley":null,"custodian":"ZP","nowOccupiedBy":"Agriculture land"},"geometry":{"type":"Point","coordinates":[77.758389,13.042889]}},{"type":"Feature","id":"konadasapura-kunte3","properties":{"id":"konadasapura-kunte3","name":"Konadasapura Kunte3","status":"disappeared","acres":0.05,"valley":null,"custodian":"ZP","nowOccupiedBy":"Houses"},"geometry":{"type":"Point","coordinates":[77.753028,13.0455]}},{"type":"Feature","id":"konadasapura-kunte4","properties":{"id":"konadasapura-kunte4","name":"Konadasapura Kunte4","status":"disappeared","acres":0.1,"valley":null,"custodian":"ZP","nowOccupiedBy":"Vacant land"},"geometry":{"type":"Point","coordinates":[77.754861,13.045722]}},{"type":"Feature","id":"konanakunte-kunte","properties":{"id":"konanakunte-kunte","name":"Konanakunte Kunte","status":"disappeared","acres":0.425,"valley":null,"custodian":"BBMP","nowOccupiedBy":"Silver oak plantation"},"geometry":{"type":"Point","coordinates":[77.562861,12.888667]}},{"type":"Feature","id":"konappana-agrahara-kunte-1","properties":{"id":"konappana-agrahara-kunte-1","name":"Konappana Agrahara Kunte 1","status":"disappeared","acres":0.3,"valley":null,"custodian":"BBMP","nowOccupiedBy":"Intelisoft India private ltd, road"},"geometry":{"type":"Point","coordinates":[77.675389,12.854889]}},{"type":"Feature","id":"konappana-agrahara-kunte-2","properties":{"id":"konappana-agrahara-kunte-2","name":"Konappana Agrahara Kunte 2","status":"disappeared","acres":0.15,"valley":null,"custodian":"BBMP","nowOccupiedBy":"Vacant land, buildings"},"geometry":{"type":"Point","coordinates":[77.672444,12.854333]}},{"type":"Feature","id":"konappana-agrahara-kunte-3","properties":{"id":"konappana-agrahara-kunte-3","name":"Konappana Agrahara Kunte 3","status":"disappeared","acres":0.075,"valley":null,"custodian":"BBMP","nowOccupiedBy":"Tech mahindra"},"geometry":{"type":"Point","coordinates":[77.676278,12.851556]}},{"type":"Feature","id":"konappana-agrahara-kunte-4","properties":{"id":"konappana-agrahara-kunte-4","name":"Konappana Agrahara Kunte 4","status":"disappeared","acres":0.225,"valley":null,"custodian":"BBMP","nowOccupiedBy":"Vacant land"},"geometry":{"type":"Point","coordinates":[77.674389,12.848917]}},{"type":"Feature","id":"konappana-agrahara-kunte-5","properties":{"id":"konappana-agrahara-kunte-5","name":"Konappana Agrahara Kunte 5","status":"disappeared","acres":0.4,"valley":null,"custodian":"BBMP","nowOccupiedBy":"Road"},"geometry":{"type":"Point","coordinates":[77.673111,12.846722]}},{"type":"Feature","id":"konappana-agrahara-kunte-7","properties":{"id":"konappana-agrahara-kunte-7","name":"Konappana Agrahara Kunte 7","status":"disappeared","acres":0.275,"valley":null,"custodian":"BBMP","nowOccupiedBy":"Intern. Institute of inform. Tech."},"geometry":{"type":"Point","coordinates":[77.663722,12.845389]}},{"type":"Feature","id":"konappana-agrahara-kunte-8","properties":{"id":"konappana-agrahara-kunte-8","name":"Konappana Agrahara Kunte 8","status":"disappeared","acres":1.325,"valley":null,"custodian":"BBMP","nowOccupiedBy":"Tata power company ltd"},"geometry":{"type":"Point","coordinates":[77.666111,12.845556]}},{"type":"Feature","id":"konappana-agrahara-kunte-9","properties":{"id":"konappana-agrahara-kunte-9","name":"Konappana Agrahara Kunte 9","status":"disappeared","acres":0.075,"valley":null,"custodian":"BBMP","nowOccupiedBy":"Temple, buildings, timber"},"geometry":{"type":"Point","coordinates":[77.668833,12.850667]}},{"type":"Feature","id":"konena-agrahara-kere","properties":{"id":"konena-agrahara-kere","name":"Konena Agrahara Kere","status":"converted","acres":5.71,"valley":null,"custodian":"BBMP","nowOccupiedBy":"Houses & Sir m v college"},"geometry":{"type":"Point","coordinates":[77.658236,12.957573]}},{"type":"Feature","id":"konenaagrahara-kunte1","properties":{"id":"konenaagrahara-kunte1","name":"Konenaagrahara Kunte1","status":"disappeared","acres":1.25,"valley":null,"custodian":"BBMP","nowOccupiedBy":"Vacant land & houses"},"geometry":{"type":"Point","coordinates":[77.664306,12.960917]}},{"type":"Feature","id":"konenaagrahara-kunte2","properties":{"id":"konenaagrahara-kunte2","name":"Konenaagrahara Kunte2","status":"disappeared","acres":0.225,"valley":null,"custodian":"BBMP","nowOccupiedBy":"Apartment"},"geometry":{"type":"Point","coordinates":[77.661083,12.954028]}},{"type":"Feature","id":"koramangala-kere","properties":{"id":"koramangala-kere","name":"Koramangala Kere","status":"disappeared","acres":2.44,"valley":null,"custodian":null,"nowOccupiedBy":"Buildings"},"geometry":{"type":"Point","coordinates":[77.625014,12.938893]}},{"type":"Feature","id":"koramangala-kunte","properties":{"id":"koramangala-kunte","name":"Koramangala Kunte","status":"disappeared","acres":0.15,"valley":null,"custodian":"BBMP","nowOccupiedBy":"Buildings"},"geometry":{"type":"Point","coordinates":[77.614056,12.942139]}},{"type":"Feature","id":"kothanaru-kunte","properties":{"id":"kothanaru-kunte","name":"Kothanaru Kunte","status":"disappeared","acres":0.125,"valley":null,"custodian":"BBMP","nowOccupiedBy":"Layout"},"geometry":{"type":"Point","coordinates":[77.574917,12.874806]}},{"type":"Feature","id":"kothihosahalli-kunte1","properties":{"id":"kothihosahalli-kunte1","name":"Kothihosahalli Kunte1","status":"disappeared","acres":0.575,"valley":null,"custodian":"BBMP","nowOccupiedBy":"Vacant land & houses"},"geometry":{"type":"Point","coordinates":[77.583583,13.062194]}},{"type":"Feature","id":"kothnur-kunte1","properties":{"id":"kothnur-kunte1","name":"Kothnur Kunte1","status":"disappeared","acres":4.075,"valley":null,"custodian":"BBMP","nowOccupiedBy":"Vacant land"},"geometry":{"type":"Point","coordinates":[77.649944,13.074833]}},{"type":"Feature","id":"kothnur-kunte2","properties":{"id":"kothnur-kunte2","name":"Kothnur Kunte2","status":"disappeared","acres":0.3,"valley":null,"custodian":"BBMP","nowOccupiedBy":"Vacant land with trees"},"geometry":{"type":"Point","coordinates":[77.648444,13.070944]}},{"type":"Feature","id":"kowdenahalli-kunte1","properties":{"id":"kowdenahalli-kunte1","name":"Kowdenahalli Kunte1","status":"disappeared","acres":0.2,"valley":null,"custodian":"BBMP","nowOccupiedBy":"Houses"},"geometry":{"type":"Point","coordinates":[77.671667,13.017528]}},{"type":"Feature","id":"kowdenahalli-kunte2","properties":{"id":"kowdenahalli-kunte2","name":"Kowdenahalli Kunte2","status":"disappeared","acres":0.1,"valley":null,"custodian":"BBMP","nowOccupiedBy":"Vacant land"},"geometry":{"type":"Point","coordinates":[77.672139,13.020722]}},{"type":"Feature","id":"krishnaraja-puram-kere-2-newly-created","properties":{"id":"krishnaraja-puram-kere-2-newly-created","name":"Krishnaraja Puram Kere-2 (Newly Created)","status":"disappeared","acres":8.125,"valley":null,"custodian":"BDA","nowOccupiedBy":"Dr ambedhkar stadium"},"geometry":{"type":"Point","coordinates":[77.684861,13.004722]}},{"type":"Feature","id":"krishnaraja-puram-kunte","properties":{"id":"krishnaraja-puram-kunte","name":"Krishnaraja Puram Kunte","status":"disappeared","acres":0.45,"valley":null,"custodian":"BBMP","nowOccupiedBy":"Indian telephone industries ltd."},"geometry":{"type":"Point","coordinates":[77.688556,13.006444]}},{"type":"Feature","id":"kuduregere-kunte","properties":{"id":"kuduregere-kunte","name":"Kuduregere Kunte","status":"disappeared","acres":0.325,"valley":null,"custodian":"ZP","nowOccupiedBy":"Bare land"},"geometry":{"type":"Point","coordinates":[77.476083,13.06875]}},{"type":"Feature","id":"kumbalagodu-gollahalli-kunte1","properties":{"id":"kumbalagodu-gollahalli-kunte1","name":"Kumbalagodu Gollahalli Kunte1","status":"disappeared","acres":0.45,"valley":null,"custodian":"BDA","nowOccupiedBy":"Vacant land"},"geometry":{"type":"Point","coordinates":[77.453167,12.848667]}},{"type":"Feature","id":"kumbalagodu-kere-2","properties":{"id":"kumbalagodu-kere-2","name":"Kumbalagodu Kere","status":"disappeared","acres":3.45,"valley":null,"custodian":"BDA","nowOccupiedBy":"Vacant land"},"geometry":{"type":"Point","coordinates":[77.433556,12.88575]}},{"type":"Feature","id":"kumbalagodu-kunte1","properties":{"id":"kumbalagodu-kunte1","name":"Kumbalagodu Kunte1","status":"disappeared","acres":0.975,"valley":null,"custodian":"BDA","nowOccupiedBy":"Police station & vacant land"},"geometry":{"type":"Point","coordinates":[77.44925,12.884194]}},{"type":"Feature","id":"kumbalagodu-kunte2","properties":{"id":"kumbalagodu-kunte2","name":"Kumbalagodu Kunte2","status":"disappeared","acres":0.3,"valley":null,"custodian":"BDA","nowOccupiedBy":"Vacant land"},"geometry":{"type":"Point","coordinates":[77.448917,12.8755]}},{"type":"Feature","id":"kumbalagodu-kunte3","properties":{"id":"kumbalagodu-kunte3","name":"Kumbalagodu Kunte3","status":"disappeared","acres":null,"valley":null,"custodian":"BDA","nowOccupiedBy":"Sree saraswathi smeliting & refining company & Godown"},"geometry":{"type":"Point","coordinates":[77.43975,12.870556]}},{"type":"Feature","id":"kumbalagodu-kunte4","properties":{"id":"kumbalagodu-kunte4","name":"Kumbalagodu Kunte4","status":"disappeared","acres":0.125,"valley":null,"custodian":"BDA","nowOccupiedBy":"Vacant land"},"geometry":{"type":"Point","coordinates":[77.439083,12.876472]}},{"type":"Feature","id":"kumbalagodu-kunte5","properties":{"id":"kumbalagodu-kunte5","name":"Kumbalagodu Kunte5","status":"disappeared","acres":0.75,"valley":null,"custodian":"BDA","nowOccupiedBy":"Layout & house"},"geometry":{"type":"Point","coordinates":[77.432472,12.872778]}},{"type":"Feature","id":"kumbalagodu-kunte7","properties":{"id":"kumbalagodu-kunte7","name":"Kumbalagodu Kunte7","status":"disappeared","acres":0.85,"valley":null,"custodian":"BDA","nowOccupiedBy":"Mango plantation"},"geometry":{"type":"Point","coordinates":[77.434667,12.888472]}},{"type":"Feature","id":"kumbalagodu-kunte8","properties":{"id":"kumbalagodu-kunte8","name":"Kumbalagodu Kunte8","status":"disappeared","acres":1,"valley":null,"custodian":"BDA","nowOccupiedBy":"Vacant land"},"geometry":{"type":"Point","coordinates":[77.435389,12.891306]}},{"type":"Feature","id":"kumbarahalli-kere-2","properties":{"id":"kumbarahalli-kere-2","name":"Kumbarahalli Kere 2","status":"disappeared","acres":3.05,"valley":null,"custodian":"BDA","nowOccupiedBy":"Eucalyptus plantation & agriculture"},"geometry":{"type":"Point","coordinates":[77.485583,13.100056]}},{"type":"Feature","id":"kundarahalli-kunte1","properties":{"id":"kundarahalli-kunte1","name":"Kundarahalli Kunte1","status":"disappeared","acres":0.75,"valley":null,"custodian":"BBMP","nowOccupiedBy":"Trees"},"geometry":{"type":"Point","coordinates":[77.71325,12.974278]}},{"type":"Feature","id":"laggere-kunte1","properties":{"id":"laggere-kunte1","name":"Laggere Kunte1","status":"disappeared","acres":1.175,"valley":null,"custodian":"BBMP","nowOccupiedBy":"Government school, Hospital & road"},"geometry":{"type":"Point","coordinates":[77.523333,13.009972]}},{"type":"Feature","id":"laggere-kunte2","properties":{"id":"laggere-kunte2","name":"Laggere Kunte2","status":"disappeared","acres":1.525,"valley":null,"custodian":"BBMP","nowOccupiedBy":"Police station & houses"},"geometry":{"type":"Point","coordinates":[77.513389,13.017333]}},{"type":"Feature","id":"laggere-kunte3","properties":{"id":"laggere-kunte3","name":"Laggere Kunte3","status":"disappeared","acres":1.025,"valley":null,"custodian":"BBMP","nowOccupiedBy":"Vacant & temple"},"geometry":{"type":"Point","coordinates":[77.516778,13.020694]}},{"type":"Feature","id":"laggere-kunte4","properties":{"id":"laggere-kunte4","name":"Laggere Kunte4","status":"disappeared","acres":0.9,"valley":null,"custodian":"BBMP","nowOccupiedBy":"Vacant & houses"},"geometry":{"type":"Point","coordinates":[77.517694,13.020833]}},{"type":"Feature","id":"laggere-kunte5","properties":{"id":"laggere-kunte5","name":"Laggere Kunte5","status":"disappeared","acres":0.45,"valley":null,"custodian":"BBMP","nowOccupiedBy":"Vacant land"},"geometry":{"type":"Point","coordinates":[77.519278,13.022889]}},{"type":"Feature","id":"laggeri-govt-katte","properties":{"id":"laggeri-govt-katte","name":"Laggeri Govt. Katte","status":"disappeared","acres":6.55,"valley":null,"custodian":"BBMP","nowOccupiedBy":"Vacant land"},"geometry":{"type":"Point","coordinates":[77.521611,12.995222]}},{"type":"Feature","id":"laggeri-katte","properties":{"id":"laggeri-katte","name":"Laggeri Katte","status":"disappeared","acres":2.54,"valley":null,"custodian":"BBMP","nowOccupiedBy":"Park, playground & building"},"geometry":{"type":"Point","coordinates":[77.536097,12.997696]}},{"type":"Feature","id":"lakshmipura-kunte","properties":{"id":"lakshmipura-kunte","name":"Lakshmipura Kunte","status":"disappeared","acres":1.875,"valley":null,"custodian":"BBMP","nowOccupiedBy":"Agriculture land"},"geometry":{"type":"Point","coordinates":[77.534556,13.090194]}},{"type":"Feature","id":"lakshmipura-kunte1","properties":{"id":"lakshmipura-kunte1","name":"Lakshmipura Kunte1","status":"disappeared","acres":1.05,"valley":null,"custodian":"BDA","nowOccupiedBy":"AMC college"},"geometry":{"type":"Point","coordinates":[77.590028,12.826694]}},{"type":"Feature","id":"lakshmipura-kunte2","properties":{"id":"lakshmipura-kunte2","name":"Lakshmipura Kunte2","status":"disappeared","acres":0.2,"valley":null,"custodian":"BDA","nowOccupiedBy":"Agriculture"},"geometry":{"type":"Point","coordinates":[77.592139,12.823333]}},{"type":"Feature","id":"lakshmisagar-a-kunte1","properties":{"id":"lakshmisagar-a-kunte1","name":"Lakshmisagar A Kunte1","status":"disappeared","acres":0.25,"valley":null,"custodian":"BDA","nowOccupiedBy":"Vacant land"},"geometry":{"type":"Point","coordinates":[77.587944,13.152889]}},{"type":"Feature","id":"lakshmisagar-a-kunte2","properties":{"id":"lakshmisagar-a-kunte2","name":"Lakshmisagar A Kunte2","status":"disappeared","acres":0.55,"valley":null,"custodian":"BDA","nowOccupiedBy":"Eucalyptus plantation"},"geometry":{"type":"Point","coordinates":[77.583417,13.151972]}},{"type":"Feature","id":"lingadeeranahalli-kunte","properties":{"id":"lingadeeranahalli-kunte","name":"Lingadeeranahalli Kunte","status":"disappeared","acres":0.4,"valley":null,"custodian":"BBMP","nowOccupiedBy":"Vacant land, temple & layout"},"geometry":{"type":"Point","coordinates":[77.478861,13.003306]}},{"type":"Feature","id":"lingarajapura-lake-1","properties":{"id":"lingarajapura-lake-1","name":"Lingarajapura Lake-1","status":"converted","acres":15.5,"valley":null,"custodian":"BBMP","nowOccupiedBy":"Buildings, ground, road & vacant land"},"geometry":{"type":"Point","coordinates":[77.632167,13.007694]}},{"type":"Feature","id":"lingarajapura-lake-2","properties":{"id":"lingarajapura-lake-2","name":"Lingarajapura Lake-2","status":"disappeared","acres":2.525,"valley":null,"custodian":"BBMP","nowOccupiedBy":"Buildings, road & railway track"},"geometry":{"type":"Point","coordinates":[77.636083,13.004389]}},{"type":"Feature","id":"madappanahalli-kunte-2","properties":{"id":"madappanahalli-kunte-2","name":"Madappanahalli Kunte 2","status":"disappeared","acres":0.1,"valley":null,"custodian":"BDA","nowOccupiedBy":"Agriculture land"},"geometry":{"type":"Point","coordinates":[77.544389,13.150222]}},{"type":"Feature","id":"madappanahalli-lake","properties":{"id":"madappanahalli-lake","name":"Madappanahalli Lake","status":"disappeared","acres":3.91,"valley":null,"custodian":"BDA","nowOccupiedBy":"Vacant land"},"geometry":{"type":"Point","coordinates":[77.540708,13.159946]}},{"type":"Feature","id":"madappanahalli-lake-2","properties":{"id":"madappanahalli-lake-2","name":"Madappanahalli Lake","status":"disappeared","acres":5.85,"valley":null,"custodian":"BDA","nowOccupiedBy":"Plantation"},"geometry":{"type":"Point","coordinates":[77.54795,13.154562]}},{"type":"Feature","id":"makali-kere","properties":{"id":"makali-kere","name":"Makali Kere","status":"disappeared","acres":3.775,"valley":null,"custodian":"ZP","nowOccupiedBy":"Godown"},"geometry":{"type":"Point","coordinates":[77.450833,13.062917]}},{"type":"Feature","id":"malgalu-kunte","properties":{"id":"malgalu-kunte","name":"Malgalu Kunte","status":"disappeared","acres":1.65,"valley":null,"custodian":"BBMP","nowOccupiedBy":"KLE college"},"geometry":{"type":"Point","coordinates":[77.510278,12.978306]}},{"type":"Feature","id":"maligondanahalli-kunte2","properties":{"id":"maligondanahalli-kunte2","name":"Maligondanahalli Kunte2","status":"disappeared","acres":0.1,"valley":null,"custodian":"BDA","nowOccupiedBy":"Agriculture land"},"geometry":{"type":"Point","coordinates":[77.416694,12.919139]}},{"type":"Feature","id":"mallasandra-kunte1","properties":{"id":"mallasandra-kunte1","name":"Mallasandra Kunte1","status":"disappeared","acres":0.125,"valley":null,"custodian":"BBMP","nowOccupiedBy":"Settlement"},"geometry":{"type":"Point","coordinates":[77.5115,13.057028]}},{"type":"Feature","id":"mallasandra-kunte1-2","properties":{"id":"mallasandra-kunte1-2","name":"Mallasandra Kunte1","status":"disappeared","acres":0.75,"valley":null,"custodian":"BBMP","nowOccupiedBy":"Agriculture land"},"geometry":{"type":"Point","coordinates":[77.546778,12.864583]}},{"type":"Feature","id":"mallasandra-kunte2","properties":{"id":"mallasandra-kunte2","name":"Mallasandra Kunte2","status":"disappeared","acres":0.4,"valley":null,"custodian":"BBMP","nowOccupiedBy":"Vacant land"},"geometry":{"type":"Point","coordinates":[77.515639,13.058917]}},{"type":"Feature","id":"mallasandra-kunte2-2","properties":{"id":"mallasandra-kunte2-2","name":"Mallasandra Kunte2","status":"disappeared","acres":0.625,"valley":null,"custodian":"BDA","nowOccupiedBy":"Vacant land"},"geometry":{"type":"Point","coordinates":[77.539833,12.856389]}},{"type":"Feature","id":"mallasandra-kunte3","properties":{"id":"mallasandra-kunte3","name":"Mallasandra Kunte3","status":"disappeared","acres":0.175,"valley":null,"custodian":"BBMP","nowOccupiedBy":"Temple"},"geometry":{"type":"Point","coordinates":[77.514333,13.059722]}},{"type":"Feature","id":"mallasandra-kunte4","properties":{"id":"mallasandra-kunte4","name":"Mallasandra Kunte4","status":"disappeared","acres":0.4,"valley":null,"custodian":"BBMP","nowOccupiedBy":"Arecanut & coconut plantation"},"geometry":{"type":"Point","coordinates":[77.516583,13.059944]}},{"type":"Feature","id":"mallathahalli-kunte1","properties":{"id":"mallathahalli-kunte1","name":"Mallathahalli Kunte1","status":"disappeared","acres":0.5,"valley":null,"custodian":"BBMP","nowOccupiedBy":"Buildings"},"geometry":{"type":"Point","coordinates":[77.507778,12.971194]}},{"type":"Feature","id":"mallathahalli-kunte2","properties":{"id":"mallathahalli-kunte2","name":"Mallathahalli Kunte2","status":"disappeared","acres":0.175,"valley":null,"custodian":"BBMP","nowOccupiedBy":"Sri adhisakthi pattaladamma temple & buildings"},"geometry":{"type":"Point","coordinates":[77.50325,12.962139]}},{"type":"Feature","id":"mallathahalli-kunte3","properties":{"id":"mallathahalli-kunte3","name":"Mallathahalli Kunte3","status":"disappeared","acres":1.8,"valley":null,"custodian":"BBMP","nowOccupiedBy":"Buildings, sheds & road"},"geometry":{"type":"Point","coordinates":[77.502528,12.961194]}},{"type":"Feature","id":"mallathahalli-kunte4","properties":{"id":"mallathahalli-kunte4","name":"Mallathahalli Kunte4","status":"disappeared","acres":0.175,"valley":null,"custodian":"BBMP","nowOccupiedBy":"Vacant land & building"},"geometry":{"type":"Point","coordinates":[77.501889,12.9565]}},{"type":"Feature","id":"mallathahalli-kunte5","properties":{"id":"mallathahalli-kunte5","name":"Mallathahalli Kunte5","status":"disappeared","acres":0.875,"valley":null,"custodian":"BBMP","nowOccupiedBy":"Bangalore University"},"geometry":{"type":"Point","coordinates":[77.501611,12.9505]}},{"type":"Feature","id":"mallathahalli-kunte6","properties":{"id":"mallathahalli-kunte6","name":"Mallathahalli Kunte6","status":"disappeared","acres":0.375,"valley":null,"custodian":"BBMP","nowOccupiedBy":"Bangalore University"},"geometry":{"type":"Point","coordinates":[77.502972,12.948278]}},{"type":"Feature","id":"maragondanahalli-krishnasagara-lake","properties":{"id":"maragondanahalli-krishnasagara-lake","name":"Maragondanahalli Krishnasagara Lake","status":"disappeared","acres":5.625,"valley":null,"custodian":"BDA","nowOccupiedBy":"Agriculture land"},"geometry":{"type":"Point","coordinates":[77.430722,12.939833]}},{"type":"Feature","id":"maragondanahalli-kunte","properties":{"id":"maragondanahalli-kunte","name":"Maragondanahalli Kunte","status":"disappeared","acres":0.125,"valley":null,"custodian":"BDA","nowOccupiedBy":"Houses"},"geometry":{"type":"Point","coordinates":[77.650194,12.826583]}},{"type":"Feature","id":"marenahalli-kere-2","properties":{"id":"marenahalli-kere-2","name":"Marenahalli Kere","status":"disappeared","acres":21.55,"valley":null,"custodian":"BBMP","nowOccupiedBy":"Park, BMTC bus stop & buildings"},"geometry":{"type":"Point","coordinates":[77.588972,12.917056]}},{"type":"Feature","id":"marenahalli-kunte-1","properties":{"id":"marenahalli-kunte-1","name":"Marenahalli Kunte 1","status":"disappeared","acres":0.55,"valley":null,"custodian":"ZP","nowOccupiedBy":"Vacant land"},"geometry":{"type":"Point","coordinates":[77.689417,13.127056]}},{"type":"Feature","id":"marenahalli-kunte-2","properties":{"id":"marenahalli-kunte-2","name":"Marenahalli Kunte 2","status":"disappeared","acres":0.275,"valley":null,"custodian":"ZP","nowOccupiedBy":"Layout"},"geometry":{"type":"Point","coordinates":[77.686944,13.126694]}},{"type":"Feature","id":"mavallipura-kunte-3","properties":{"id":"mavallipura-kunte-3","name":"Mavallipura Kunte 3","status":"disappeared","acres":0.1125,"valley":null,"custodian":"BDA","nowOccupiedBy":"Agriculture land"},"geometry":{"type":"Point","coordinates":[77.525611,13.128361]}},{"type":"Feature","id":"medihalli-kere","properties":{"id":"medihalli-kere","name":"Medihalli Kere","status":"disappeared","acres":3.275,"valley":null,"custodian":"BBMP","nowOccupiedBy":"Vacant land"},"geometry":{"type":"Point","coordinates":[77.714167,13.028056]}},{"type":"Feature","id":"medihalli-kunte1","properties":{"id":"medihalli-kunte1","name":"Medihalli Kunte1","status":"disappeared","acres":0.35,"valley":null,"custodian":"ZP","nowOccupiedBy":"BBMP office & government school"},"geometry":{"type":"Point","coordinates":[77.720222,13.026583]}},{"type":"Feature","id":"medihalli-kunte2","properties":{"id":"medihalli-kunte2","name":"Medihalli Kunte2","status":"disappeared","acres":0.125,"valley":null,"custodian":"ZP","nowOccupiedBy":"Coconut plantation"},"geometry":{"type":"Point","coordinates":[77.716956,13.028528]}},{"type":"Feature","id":"medihalli-kunte3","properties":{"id":"medihalli-kunte3","name":"Medihalli Kunte3","status":"disappeared","acres":0.15,"valley":null,"custodian":"ZP","nowOccupiedBy":"Coconut plantation"},"geometry":{"type":"Point","coordinates":[77.716861,13.029167]}},{"type":"Feature","id":"moogana-katte","properties":{"id":"moogana-katte","name":"Moogana Katte","status":"disappeared","acres":0.5,"valley":null,"custodian":"BDA","nowOccupiedBy":"Coconut plantation"},"geometry":{"type":"Point","coordinates":[77.438278,12.938083]}},{"type":"Feature","id":"munekolalu-kunte1","properties":{"id":"munekolalu-kunte1","name":"Munekolalu Kunte1","status":"disappeared","acres":0.3,"valley":null,"custodian":"BBMP","nowOccupiedBy":"Vacant land & apartment"},"geometry":{"type":"Point","coordinates":[77.713444,12.95425]}},{"type":"Feature","id":"munekolalu-kunte2","properties":{"id":"munekolalu-kunte2","name":"Munekolalu Kunte2","status":"disappeared","acres":0.7,"valley":null,"custodian":"BBMP","nowOccupiedBy":"Vacant land"},"geometry":{"type":"Point","coordinates":[77.707194,12.950722]}},{"type":"Feature","id":"munekolalu-kunte3","properties":{"id":"munekolalu-kunte3","name":"Munekolalu Kunte3","status":"disappeared","acres":0.675,"valley":null,"custodian":"BBMP","nowOccupiedBy":"Houses"},"geometry":{"type":"Point","coordinates":[77.698806,12.952056]}},{"type":"Feature","id":"munekolalu-kunte4","properties":{"id":"munekolalu-kunte4","name":"Munekolalu Kunte4","status":"disappeared","acres":1.375,"valley":null,"custodian":"BBMP","nowOccupiedBy":"Lions Airport city Hospital & houses"},"geometry":{"type":"Point","coordinates":[77.705389,12.955083]}},{"type":"Feature","id":"muthakarahalli-kunte-3","properties":{"id":"muthakarahalli-kunte-3","name":"Muthakarahalli Kunte 3","status":"disappeared","acres":0.325,"valley":null,"custodian":"BDA","nowOccupiedBy":"Eucalyptus plantation"},"geometry":{"type":"Point","coordinates":[77.520139,13.142167]}},{"type":"Feature","id":"mutturayappan-a-katte","properties":{"id":"mutturayappan-a-katte","name":"Mutturayappan A Katte","status":"disappeared","acres":0.9,"valley":null,"custodian":"BDA","nowOccupiedBy":"Vacant land"},"geometry":{"type":"Point","coordinates":[77.444972,12.956694]}},{"type":"Feature","id":"mylasandra-kunte","properties":{"id":"mylasandra-kunte","name":"Mylasandra Kunte","status":"disappeared","acres":0.575,"valley":null,"custodian":"BBMP","nowOccupiedBy":"Agriculture land"},"geometry":{"type":"Point","coordinates":[77.496333,12.912444]}},{"type":"Feature","id":"mylasandra-kunte-2","properties":{"id":"mylasandra-kunte-2","name":"Mylasandra Kunte","status":"disappeared","acres":0.05,"valley":null,"custodian":"BDA","nowOccupiedBy":"Vacant land, sheds"},"geometry":{"type":"Point","coordinates":[77.623972,12.851528]}},{"type":"Feature","id":"nagadevanahalli-katte","properties":{"id":"nagadevanahalli-katte","name":"Nagadevanahalli Katte","status":"disappeared","acres":0.8,"valley":null,"custodian":"BBMP","nowOccupiedBy":"Building"},"geometry":{"type":"Point","coordinates":[77.494639,12.945444]}},{"type":"Feature","id":"nagarabhavi-kunte-1","properties":{"id":"nagarabhavi-kunte-1","name":"Nagarabhavi Kunte-1","status":"disappeared","acres":0.2,"valley":null,"custodian":"BBMP","nowOccupiedBy":"Buildings"},"geometry":{"type":"Point","coordinates":[77.526056,12.969222]}},{"type":"Feature","id":"nagarabhavi-kunte-2","properties":{"id":"nagarabhavi-kunte-2","name":"Nagarabhavi Kunte-2","status":"disappeared","acres":0.475,"valley":null,"custodian":"BBMP","nowOccupiedBy":"Coconut plantation"},"geometry":{"type":"Point","coordinates":[77.519889,12.960833]}},{"type":"Feature","id":"nagarabhavi-kunte-3","properties":{"id":"nagarabhavi-kunte-3","name":"Nagarabhavi Kunte-3","status":"disappeared","acres":1.25,"valley":null,"custodian":"BBMP","nowOccupiedBy":"Vacant land"},"geometry":{"type":"Point","coordinates":[77.506639,12.959]}},{"type":"Feature","id":"nagarabhavi-kunte-4","properties":{"id":"nagarabhavi-kunte-4","name":"Nagarabhavi Kunte-4","status":"disappeared","acres":0.3,"valley":null,"custodian":"BBMP","nowOccupiedBy":"BMTC bus stop"},"geometry":{"type":"Point","coordinates":[77.516306,12.966806]}},{"type":"Feature","id":"nagareswaranagenahalli","properties":{"id":"nagareswaranagenahalli","name":"Nagareswaranagenahalli","status":"disappeared","acres":0.1,"valley":null,"custodian":"BBMP","nowOccupiedBy":"Agriculture land"},"geometry":{"type":"Point","coordinates":[77.646111,13.069222]}},{"type":"Feature","id":"nagashettyhalli-kunte-1","properties":{"id":"nagashettyhalli-kunte-1","name":"Nagashettyhalli Kunte-1","status":"disappeared","acres":0.05,"valley":null,"custodian":"BBMP","nowOccupiedBy":"Sree Sai baba temple, sheds, apartments & vacant land"},"geometry":{"type":"Point","coordinates":[77.574194,13.044278]}},{"type":"Feature","id":"nagashettyhalli-kunte-2","properties":{"id":"nagashettyhalli-kunte-2","name":"Nagashettyhalli Kunte-2","status":"disappeared","acres":0.375,"valley":null,"custodian":"BBMP","nowOccupiedBy":"Road, temple & graveyard"},"geometry":{"type":"Point","coordinates":[77.574056,13.039389]}},{"type":"Feature","id":"nagashettyhalli-kunte-3","properties":{"id":"nagashettyhalli-kunte-3","name":"Nagashettyhalli Kunte-3","status":"disappeared","acres":0.075,"valley":null,"custodian":"BBMP","nowOccupiedBy":"Buildings"},"geometry":{"type":"Point","coordinates":[77.571694,13.039583]}},{"type":"Feature","id":"nagawara-kunte","properties":{"id":"nagawara-kunte","name":"Nagawara Kunte","status":"disappeared","acres":0.075,"valley":null,"custodian":"BBMP","nowOccupiedBy":"Buildings"},"geometry":{"type":"Point","coordinates":[77.61925,13.033972]}},{"type":"Feature","id":"nallurahallin-kunte2","properties":{"id":"nallurahallin-kunte2","name":"Nallurahallin Kunte2","status":"disappeared","acres":0.025,"valley":null,"custodian":"BBMP","nowOccupiedBy":"Vydehi hospital"},"geometry":{"type":"Point","coordinates":[77.729417,12.976]}},{"type":"Feature","id":"narasipura-kunte-2","properties":{"id":"narasipura-kunte-2","name":"Narasipura Kunte-2","status":"disappeared","acres":0.225,"valley":null,"custodian":"ZP","nowOccupiedBy":"Sapota plantation"},"geometry":{"type":"Point","coordinates":[77.463,13.100139]}},{"type":"Feature","id":"neelasandra-kere","properties":{"id":"neelasandra-kere","name":"Neelasandra Kere","status":"disappeared","acres":17.8,"valley":null,"custodian":"BBMP","nowOccupiedBy":"Housing Colony, park, commercial shops & road"},"geometry":{"type":"Point","coordinates":[77.616583,12.957833]}},{"type":"Feature","id":"nekkundi-dommasandra-sarkari-karabu-kere","properties":{"id":"nekkundi-dommasandra-sarkari-karabu-kere","name":"Nekkundi Dommasandra Sarkari Karabu Kere","status":"disappeared","acres":22.575,"valley":null,"custodian":"ZP","nowOccupiedBy":"Settlement, eucalyptus plantation, layout & vacant land"},"geometry":{"type":"Point","coordinates":[77.766472,12.926778]}},{"type":"Feature","id":"nelagadiranahalli-kunte","properties":{"id":"nelagadiranahalli-kunte","name":"Nelagadiranahalli Kunte","status":"disappeared","acres":0.125,"valley":null,"custodian":"BBMP","nowOccupiedBy":"Marammadevi Seva building, road, building, vacant land"},"geometry":{"type":"Point","coordinates":[77.504611,13.03]}},{"type":"Feature","id":"nimbekaipura-katte","properties":{"id":"nimbekaipura-katte","name":"Nimbekaipura Katte","status":"disappeared","acres":2.575,"valley":null,"custodian":"ZP","nowOccupiedBy":"Commercial tax office & road"},"geometry":{"type":"Point","coordinates":[77.756111,13.051111]}},{"type":"Feature","id":"nimbekaipura-kunte-1","properties":{"id":"nimbekaipura-kunte-1","name":"Nimbekaipura Kunte 1","status":"disappeared","acres":1.1,"valley":null,"custodian":"ZP","nowOccupiedBy":"Coconut plantation"},"geometry":{"type":"Point","coordinates":[77.7565,13.059556]}},{"type":"Feature","id":"nimbekaipura-kunte-2","properties":{"id":"nimbekaipura-kunte-2","name":"Nimbekaipura Kunte 2","status":"disappeared","acres":0.025,"valley":null,"custodian":"ZP","nowOccupiedBy":"Vacant land & road"},"geometry":{"type":"Point","coordinates":[77.759667,13.053139]}},{"type":"Feature","id":"nimbekaipura-kunte-3","properties":{"id":"nimbekaipura-kunte-3","name":"Nimbekaipura Kunte 3","status":"disappeared","acres":0.75,"valley":null,"custodian":"ZP","nowOccupiedBy":"Vacant land"},"geometry":{"type":"Point","coordinates":[77.749139,13.061861]}},{"type":"Feature","id":"nyanappanashetty-palya-kunte1","properties":{"id":"nyanappanashetty-palya-kunte1","name":"Nyanappanashetty Palya Kunte1","status":"disappeared","acres":0.9,"valley":null,"custodian":"BBMP","nowOccupiedBy":"BWSSB water tank & office (BTM layout)"},"geometry":{"type":"Point","coordinates":[77.607417,12.916361]}},{"type":"Feature","id":"nyanappanashetty-palya-kunte2","properties":{"id":"nyanappanashetty-palya-kunte2","name":"Nyanappanashetty Palya Kunte2","status":"disappeared","acres":0.025,"valley":null,"custodian":"BBMP","nowOccupiedBy":"Road, apartments"},"geometry":{"type":"Point","coordinates":[77.609167,12.911472]}},{"type":"Feature","id":"nyanappanashetty-palya-kunte3","properties":{"id":"nyanappanashetty-palya-kunte3","name":"Nyanappanashetty Palya Kunte3","status":"disappeared","acres":0.175,"valley":null,"custodian":"BBMP","nowOccupiedBy":"Road, buildings"},"geometry":{"type":"Point","coordinates":[77.595139,12.911139]}},{"type":"Feature","id":"nyanappanashetty-palya-kunte4","properties":{"id":"nyanappanashetty-palya-kunte4","name":"Nyanappanashetty Palya Kunte4","status":"disappeared","acres":0.1,"valley":null,"custodian":"BBMP","nowOccupiedBy":"Buildings"},"geometry":{"type":"Point","coordinates":[77.592917,12.913417]}},{"type":"Feature","id":"nynappanashettypalya-kere-n-s-palya","properties":{"id":"nynappanashettypalya-kere-n-s-palya","name":"Nynappanashettypalya Kere (N.S Palya)","status":"disappeared","acres":3.625,"valley":null,"custodian":"BBMP","nowOccupiedBy":"Buildings"},"geometry":{"type":"Point","coordinates":[77.601722,12.911889]}},{"type":"Feature","id":"o-b-chudahalli-kunte1","properties":{"id":"o-b-chudahalli-kunte1","name":"O.B.Chudahalli Kunte1","status":"disappeared","acres":0.9,"valley":null,"custodian":"BBMP","nowOccupiedBy":"Vacant land & SSRVM Trust"},"geometry":{"type":"Point","coordinates":[77.521,12.821278]}},{"type":"Feature","id":"p-agrahara-kunte2","properties":{"id":"p-agrahara-kunte2","name":"P. Agrahara Kunte2","status":"disappeared","acres":0.175,"valley":null,"custodian":"BBMP","nowOccupiedBy":"Vacant land & building"},"geometry":{"type":"Point","coordinates":[77.752694,12.983083]}},{"type":"Feature","id":"pantharapalya-kunte","properties":{"id":"pantharapalya-kunte","name":"Pantharapalya Kunte","status":"disappeared","acres":2.025,"valley":null,"custodian":"BBMP","nowOccupiedBy":"Houses & vacant land"},"geometry":{"type":"Point","coordinates":[77.529167,12.936889]}},{"type":"Feature","id":"panthuru-kunte1","properties":{"id":"panthuru-kunte1","name":"Panthuru Kunte1","status":"disappeared","acres":0.2,"valley":null,"custodian":"BBMP","nowOccupiedBy":"Coconut plantation"},"geometry":{"type":"Point","coordinates":[77.715917,12.936944]}},{"type":"Feature","id":"panthuru-kunte5","properties":{"id":"panthuru-kunte5","name":"Panthuru Kunte5","status":"disappeared","acres":0.375,"valley":null,"custodian":"BBMP","nowOccupiedBy":"Trees"},"geometry":{"type":"Point","coordinates":[77.714139,12.926167]}},{"type":"Feature","id":"panthuru-kunte6","properties":{"id":"panthuru-kunte6","name":"Panthuru Kunte6","status":"disappeared","acres":0.525,"valley":null,"custodian":"BBMP","nowOccupiedBy":"Graveyard, houses & eucalyptus plantation"},"geometry":{"type":"Point","coordinates":[77.704944,12.930167]}},{"type":"Feature","id":"panthuru-kunte7","properties":{"id":"panthuru-kunte7","name":"Panthuru Kunte7","status":"disappeared","acres":0.95,"valley":null,"custodian":"BBMP","nowOccupiedBy":"Granite factory & shed"},"geometry":{"type":"Point","coordinates":[77.697361,12.932194]}},{"type":"Feature","id":"parappana-agrahara-kunte1","properties":{"id":"parappana-agrahara-kunte1","name":"Parappana Agrahara Kunte1","status":"disappeared","acres":0.35,"valley":null,"custodian":"BBMP","nowOccupiedBy":"Central jail"},"geometry":{"type":"Point","coordinates":[77.663972,12.879972]}},{"type":"Feature","id":"parappana-agrahara-kunte2","properties":{"id":"parappana-agrahara-kunte2","name":"Parappana Agrahara Kunte2","status":"disappeared","acres":0.875,"valley":null,"custodian":"BBMP","nowOccupiedBy":"Houses, bluebell public school"},"geometry":{"type":"Point","coordinates":[77.659389,12.872528]}},{"type":"Feature","id":"parappana-agrahara-kunte3","properties":{"id":"parappana-agrahara-kunte3","name":"Parappana Agrahara Kunte3","status":"disappeared","acres":0.1,"valley":null,"custodian":"BBMP","nowOccupiedBy":"Houses"},"geometry":{"type":"Point","coordinates":[77.658,12.876028]}},{"type":"Feature","id":"parappana-agrahara-kunte4","properties":{"id":"parappana-agrahara-kunte4","name":"Parappana Agrahara Kunte4","status":"disappeared","acres":0.25,"valley":null,"custodian":"BBMP","nowOccupiedBy":"Houses"},"geometry":{"type":"Point","coordinates":[77.657583,12.87625]}},{"type":"Feature","id":"parappana-agrahara-kunte6","properties":{"id":"parappana-agrahara-kunte6","name":"Parappana Agrahara Kunte6","status":"disappeared","acres":0.4813,"valley":null,"custodian":"BBMP","nowOccupiedBy":"Graveyard"},"geometry":{"type":"Point","coordinates":[77.657556,12.878833]}},{"type":"Feature","id":"pattanagere-kunte","properties":{"id":"pattanagere-kunte","name":"Pattanagere Kunte","status":"disappeared","acres":1.45,"valley":null,"custodian":"BBMP","nowOccupiedBy":"Car shed & coconut plantation"},"geometry":{"type":"Point","coordinates":[77.503139,12.926806]}},{"type":"Feature","id":"pattandur-agrahara-kunte1","properties":{"id":"pattandur-agrahara-kunte1","name":"Pattandur Agrahara Kunte1","status":"disappeared","acres":0.375,"valley":null,"custodian":"BBMP","nowOccupiedBy":"Vacant land & trees"},"geometry":{"type":"Point","coordinates":[77.75525,12.990083]}},{"type":"Feature","id":"pattandur-agrahara-kunte10","properties":{"id":"pattandur-agrahara-kunte10","name":"Pattandur Agrahara Kunte10","status":"disappeared","acres":0.125,"valley":null,"custodian":"BBMP","nowOccupiedBy":"Girls hostel"},"geometry":{"type":"Point","coordinates":[77.7305,12.977833]}},{"type":"Feature","id":"pattandur-agrahara-kunte13","properties":{"id":"pattandur-agrahara-kunte13","name":"Pattandur Agrahara Kunte13","status":"disappeared","acres":0.2,"valley":null,"custodian":"BBMP","nowOccupiedBy":"Coconut plantation"},"geometry":{"type":"Point","coordinates":[77.740917,12.981222]}},{"type":"Feature","id":"pattandur-agrahara-kunte4","properties":{"id":"pattandur-agrahara-kunte4","name":"Pattandur Agrahara Kunte4","status":"disappeared","acres":0.3,"valley":null,"custodian":"BBMP","nowOccupiedBy":"Vacant land"},"geometry":{"type":"Point","coordinates":[77.748417,12.980639]}},{"type":"Feature","id":"pattandur-agrahara-kunte5","properties":{"id":"pattandur-agrahara-kunte5","name":"Pattandur Agrahara Kunte5","status":"disappeared","acres":0.15,"valley":null,"custodian":"BBMP","nowOccupiedBy":"Swimming pool"},"geometry":{"type":"Point","coordinates":[77.748833,12.979611]}},{"type":"Feature","id":"pattandur-agrahara-kunte6","properties":{"id":"pattandur-agrahara-kunte6","name":"Pattandur Agrahara Kunte6","status":"disappeared","acres":0.15,"valley":null,"custodian":"BBMP","nowOccupiedBy":"Holy cross school & college"},"geometry":{"type":"Point","coordinates":[77.74875,12.978]}},{"type":"Feature","id":"pattandur-agrahara-kunte8","properties":{"id":"pattandur-agrahara-kunte8","name":"Pattandur Agrahara Kunte8","status":"disappeared","acres":0.1,"valley":null,"custodian":"BBMP","nowOccupiedBy":"Road & houses"},"geometry":{"type":"Point","coordinates":[77.74675,12.974194]}},{"type":"Feature","id":"pattandur-agrahara-kunte9","properties":{"id":"pattandur-agrahara-kunte9","name":"Pattandur Agrahara Kunte9","status":"disappeared","acres":0.15,"valley":null,"custodian":"BBMP","nowOccupiedBy":"Houses"},"geometry":{"type":"Point","coordinates":[77.742222,12.970944]}},{"type":"Feature","id":"peenya-kunte1","properties":{"id":"peenya-kunte1","name":"Peenya Kunte1","status":"disappeared","acres":0.4,"valley":null,"custodian":"BBMP","nowOccupiedBy":"Bharat fritz werner ltd."},"geometry":{"type":"Point","coordinates":[77.532028,13.039028]}},{"type":"Feature","id":"peenya-kunte10","properties":{"id":"peenya-kunte10","name":"Peenya Kunte10","status":"disappeared","acres":0.4,"valley":null,"custodian":"BBMP","nowOccupiedBy":"Apartment"},"geometry":{"type":"Point","coordinates":[77.521694,13.040194]}},{"type":"Feature","id":"peenya-kunte11","properties":{"id":"peenya-kunte11","name":"Peenya Kunte11","status":"disappeared","acres":0.075,"valley":null,"custodian":"BBMP","nowOccupiedBy":"MSIL building"},"geometry":{"type":"Point","coordinates":[77.525833,13.041639]}},{"type":"Feature","id":"peenya-kunte2","properties":{"id":"peenya-kunte2","name":"Peenya Kunte2","status":"disappeared","acres":0.25,"valley":null,"custodian":"BBMP","nowOccupiedBy":"Apartment"},"geometry":{"type":"Point","coordinates":[77.53175,13.037028]}},{"type":"Feature","id":"peenya-kunte3","properties":{"id":"peenya-kunte3","name":"Peenya Kunte3","status":"disappeared","acres":0.275,"valley":null,"custodian":"BBMP","nowOccupiedBy":"Settlement"},"geometry":{"type":"Point","coordinates":[77.528056,13.033944]}},{"type":"Feature","id":"peenya-kunte4","properties":{"id":"peenya-kunte4","name":"Peenya Kunte4","status":"disappeared","acres":0.5,"valley":null,"custodian":"BBMP","nowOccupiedBy":"Dumping yard"},"geometry":{"type":"Point","coordinates":[77.531972,13.031056]}},{"type":"Feature","id":"peenya-kunte5","properties":{"id":"peenya-kunte5","name":"Peenya Kunte5","status":"disappeared","acres":0.05,"valley":null,"custodian":"BBMP","nowOccupiedBy":"Vacant land"},"geometry":{"type":"Point","coordinates":[77.527639,13.027389]}},{"type":"Feature","id":"peenya-kunte6","properties":{"id":"peenya-kunte6","name":"Peenya Kunte6","status":"disappeared","acres":0.175,"valley":null,"custodian":"BBMP","nowOccupiedBy":"Godown"},"geometry":{"type":"Point","coordinates":[77.522417,13.025972]}},{"type":"Feature","id":"peenya-kunte7","properties":{"id":"peenya-kunte7","name":"Peenya Kunte7","status":"disappeared","acres":0.075,"valley":null,"custodian":"BBMP","nowOccupiedBy":"Industries buildings"},"geometry":{"type":"Point","coordinates":[77.523833,13.032028]}},{"type":"Feature","id":"peenya-kunte8","properties":{"id":"peenya-kunte8","name":"Peenya Kunte8","status":"disappeared","acres":0.3,"valley":null,"custodian":"BBMP","nowOccupiedBy":"Volva industry"},"geometry":{"type":"Point","coordinates":[77.526083,13.040194]}},{"type":"Feature","id":"peenya-kunte9","properties":{"id":"peenya-kunte9","name":"Peenya Kunte9","status":"disappeared","acres":0.15,"valley":null,"custodian":"BBMP","nowOccupiedBy":"Road"},"geometry":{"type":"Point","coordinates":[77.523417,13.039639]}},{"type":"Feature","id":"peenya-plantation-kunte","properties":{"id":"peenya-plantation-kunte","name":"Peenya Plantation Kunte","status":"disappeared","acres":0.175,"valley":null,"custodian":"BBMP","nowOccupiedBy":"HMT watch factory"},"geometry":{"type":"Point","coordinates":[77.535361,13.05]}},{"type":"Feature","id":"pillaganahalli-kunte","properties":{"id":"pillaganahalli-kunte","name":"Pillaganahalli Kunte","status":"disappeared","acres":0.55,"valley":null,"custodian":"BBMP","nowOccupiedBy":"Vacant land, houses & road"},"geometry":{"type":"Point","coordinates":[77.584778,12.852806]}},{"type":"Feature","id":"puttenahalli-kunte-3","properties":{"id":"puttenahalli-kunte-3","name":"Puttenahalli Kunte 3","status":"disappeared","acres":0.225,"valley":null,"custodian":"BBMP","nowOccupiedBy":"RWF stadium"},"geometry":{"type":"Point","coordinates":[77.579667,13.101639]}},{"type":"Feature","id":"puttenahalli-kunte-5","properties":{"id":"puttenahalli-kunte-5","name":"Puttenahalli Kunte 5","status":"disappeared","acres":0.65,"valley":null,"custodian":"BBMP","nowOccupiedBy":"Houses & vacant land"},"geometry":{"type":"Point","coordinates":[77.575778,13.102556]}},{"type":"Feature","id":"puttenahalli-kunte1","properties":{"id":"puttenahalli-kunte1","name":"Puttenahalli Kunte1","status":"disappeared","acres":0.425,"valley":null,"custodian":"BBMP","nowOccupiedBy":"Trees"},"geometry":{"type":"Point","coordinates":[77.581278,13.107417]}},{"type":"Feature","id":"puttenahalli-kunte2","properties":{"id":"puttenahalli-kunte2","name":"Puttenahalli Kunte2","status":"disappeared","acres":0.5,"valley":null,"custodian":"BBMP","nowOccupiedBy":"Vacant land, building & road"},"geometry":{"type":"Point","coordinates":[77.578806,13.104472]}},{"type":"Feature","id":"puttenahalli-kunte4","properties":{"id":"puttenahalli-kunte4","name":"Puttenahalli Kunte4","status":"disappeared","acres":0.475,"valley":null,"custodian":"BBMP","nowOccupiedBy":"Quarters"},"geometry":{"type":"Point","coordinates":[77.577639,13.100944]}},{"type":"Feature","id":"rachenahalli-kunte1","properties":{"id":"rachenahalli-kunte1","name":"Rachenahalli Kunte1","status":"disappeared","acres":0.5,"valley":null,"custodian":"BBMP","nowOccupiedBy":"Vacant land"},"geometry":{"type":"Point","coordinates":[77.62675,13.067083]}},{"type":"Feature","id":"raghuvanapalya-kunte","properties":{"id":"raghuvanapalya-kunte","name":"Raghuvanapalya Kunte","status":"disappeared","acres":0.55,"valley":null,"custodian":"BBMP","nowOccupiedBy":"Layout, park"},"geometry":{"type":"Point","coordinates":[77.572611,12.866056]}},{"type":"Feature","id":"rajamahal-kunte1","properties":{"id":"rajamahal-kunte1","name":"Rajamahal Kunte1","status":"disappeared","acres":0.15,"valley":null,"custodian":"BBMP","nowOccupiedBy":"Railway track & vacant land"},"geometry":{"type":"Point","coordinates":[77.594833,12.995278]}},{"type":"Feature","id":"rajamahal-kunte2","properties":{"id":"rajamahal-kunte2","name":"Rajamahal Kunte2","status":"disappeared","acres":0.1,"valley":null,"custodian":"BBMP","nowOccupiedBy":"Palace park"},"geometry":{"type":"Point","coordinates":[77.589083,12.996972]}},{"type":"Feature","id":"rajanakunte-1","properties":{"id":"rajanakunte-1","name":"Rajanakunte-1","status":"disappeared","acres":0.175,"valley":null,"custodian":"BDA","nowOccupiedBy":"Government school & houses"},"geometry":{"type":"Point","coordinates":[77.563833,13.175111]}},{"type":"Feature","id":"rajanakunte-2","properties":{"id":"rajanakunte-2","name":"Rajanakunte-2","status":"disappeared","acres":0.15,"valley":null,"custodian":"BDA","nowOccupiedBy":"Vacant land & buildings"},"geometry":{"type":"Point","coordinates":[77.563833,13.173472]}},{"type":"Feature","id":"rajanakunte-3","properties":{"id":"rajanakunte-3","name":"Rajanakunte-3","status":"disappeared","acres":0.075,"valley":null,"custodian":"BDA","nowOccupiedBy":"Government Hospital (not working) & buildings"},"geometry":{"type":"Point","coordinates":[77.564583,13.171611]}},{"type":"Feature","id":"rajanakunte-4","properties":{"id":"rajanakunte-4","name":"Rajanakunte-4","status":"disappeared","acres":0.225,"valley":null,"custodian":"BDA","nowOccupiedBy":"Houses & buildings"},"geometry":{"type":"Point","coordinates":[77.564528,13.171167]}},{"type":"Feature","id":"rajanakunte-5","properties":{"id":"rajanakunte-5","name":"Rajanakunte-5","status":"disappeared","acres":0.225,"valley":null,"custodian":"BDA","nowOccupiedBy":"Grape farm & vacant land"},"geometry":{"type":"Point","coordinates":[77.563806,13.166389]}},{"type":"Feature","id":"rajanakunte-6","properties":{"id":"rajanakunte-6","name":"Rajanakunte-6","status":"disappeared","acres":0.125,"valley":null,"custodian":"BDA","nowOccupiedBy":"Eucalyptus plantation"},"geometry":{"type":"Point","coordinates":[77.563333,13.166722]}},{"type":"Feature","id":"rajanakunte-8","properties":{"id":"rajanakunte-8","name":"Rajanakunte-8","status":"disappeared","acres":0.125,"valley":null,"custodian":"BDA","nowOccupiedBy":"Eucalyptus plantation"},"geometry":{"type":"Point","coordinates":[77.558667,13.16675]}},{"type":"Feature","id":"ramachandrapura-katte","properties":{"id":"ramachandrapura-katte","name":"Ramachandrapura Katte","status":"disappeared","acres":2.025,"valley":null,"custodian":"BBMP","nowOccupiedBy":"Vacant land"},"geometry":{"type":"Point","coordinates":[77.551028,13.060167]}},{"type":"Feature","id":"ramagondanahalli-kunte","properties":{"id":"ramagondanahalli-kunte","name":"Ramagondanahalli Kunte","status":"disappeared","acres":2,"valley":null,"custodian":"BBMP","nowOccupiedBy":"Virginia mall"},"geometry":{"type":"Point","coordinates":[77.739444,12.956833]}},{"type":"Feature","id":"ramagondanahalli-kunte-1","properties":{"id":"ramagondanahalli-kunte-1","name":"Ramagondanahalli Kunte 1","status":"disappeared","acres":0.5,"valley":null,"custodian":"BDA","nowOccupiedBy":"Vacant land"},"geometry":{"type":"Point","coordinates":[77.560806,13.124167]}},{"type":"Feature","id":"ramagondanahalli-kunte-2","properties":{"id":"ramagondanahalli-kunte-2","name":"Ramagondanahalli Kunte 2","status":"disappeared","acres":0.15,"valley":null,"custodian":null,"nowOccupiedBy":"Agriculture land"},"geometry":{"type":"Point","coordinates":[77.556,13.11575]}},{"type":"Feature","id":"ramanayakanahalli-kunte-2","properties":{"id":"ramanayakanahalli-kunte-2","name":"Ramanayakanahalli Kunte-2","status":"disappeared","acres":0.25,"valley":null,"custodian":"Disused","nowOccupiedBy":"Vacant land"},"geometry":{"type":"Point","coordinates":[77.755694,12.911694]}},{"type":"Feature","id":"ramapura-kunte","properties":{"id":"ramapura-kunte","name":"Ramapura Kunte","status":"disappeared","acres":0.9,"valley":null,"custodian":"ZP","nowOccupiedBy":"Coconut plantation"},"geometry":{"type":"Point","coordinates":[77.696694,13.048417]}},{"type":"Feature","id":"ramasandra-kunte1","properties":{"id":"ramasandra-kunte1","name":"Ramasandra Kunte1","status":"disappeared","acres":0.725,"valley":null,"custodian":"BDA","nowOccupiedBy":"Sir m vishweshwaraiah layout"},"geometry":{"type":"Point","coordinates":[77.472639,12.941667]}},{"type":"Feature","id":"ramasandra-kunte2","properties":{"id":"ramasandra-kunte2","name":"Ramasandra Kunte2","status":"disappeared","acres":0.6,"valley":null,"custodian":"BDA","nowOccupiedBy":"Sir m vishweshwaraiah layout"},"geometry":{"type":"Point","coordinates":[77.472139,12.939417]}},{"type":"Feature","id":"ramohalli-kunte-1","properties":{"id":"ramohalli-kunte-1","name":"Ramohalli Kunte 1","status":"disappeared","acres":0.2,"valley":null,"custodian":"BDA","nowOccupiedBy":"Vacant land"},"geometry":{"type":"Point","coordinates":[77.424889,12.916417]}},{"type":"Feature","id":"ramohalli-kunte-10","properties":{"id":"ramohalli-kunte-10","name":"Ramohalli Kunte 10","status":"disappeared","acres":0.45,"valley":null,"custodian":"BDA","nowOccupiedBy":"Vacant land"},"geometry":{"type":"Point","coordinates":[77.408028,12.898889]}},{"type":"Feature","id":"ramohalli-kunte-2","properties":{"id":"ramohalli-kunte-2","name":"Ramohalli Kunte 2","status":"disappeared","acres":0.675,"valley":null,"custodian":"BDA","nowOccupiedBy":"Agriculture land"},"geometry":{"type":"Point","coordinates":[77.424528,12.915611]}},{"type":"Feature","id":"ramohalli-kunte-4","properties":{"id":"ramohalli-kunte-4","name":"Ramohalli Kunte 4","status":"disappeared","acres":0.05,"valley":null,"custodian":"BDA","nowOccupiedBy":"Agriculture land"},"geometry":{"type":"Point","coordinates":[77.428,12.911694]}},{"type":"Feature","id":"ramohalli-kunte-6","properties":{"id":"ramohalli-kunte-6","name":"Ramohalli Kunte 6","status":"disappeared","acres":0.1,"valley":null,"custodian":"BDA","nowOccupiedBy":"Agriculture land"},"geometry":{"type":"Point","coordinates":[77.426778,12.90825]}},{"type":"Feature","id":"ramohalli-kunte-7","properties":{"id":"ramohalli-kunte-7","name":"Ramohalli Kunte 7","status":"disappeared","acres":0.325,"valley":null,"custodian":"BDA","nowOccupiedBy":"Mythriya gurukula"},"geometry":{"type":"Point","coordinates":[77.42875,12.906861]}},{"type":"Feature","id":"ramohalli-kunte-8","properties":{"id":"ramohalli-kunte-8","name":"Ramohalli Kunte 8","status":"disappeared","acres":0.175,"valley":null,"custodian":"BDA","nowOccupiedBy":"Agriculture land"},"geometry":{"type":"Point","coordinates":[77.423806,12.907361]}},{"type":"Feature","id":"ramohalli-kunte-9","properties":{"id":"ramohalli-kunte-9","name":"Ramohalli Kunte 9","status":"disappeared","acres":0.375,"valley":null,"custodian":"BDA","nowOccupiedBy":"Mango plantation"},"geometry":{"type":"Point","coordinates":[77.410889,12.897194]}},{"type":"Feature","id":"rayasandra-kunte-3","properties":{"id":"rayasandra-kunte-3","name":"Rayasandra Kunte-3","status":"disappeared","acres":0.075,"valley":null,"custodian":"ZP","nowOccupiedBy":"Apartment"},"geometry":{"type":"Point","coordinates":[77.679389,12.875833]}},{"type":"Feature","id":"rayasandra-kunte-4","properties":{"id":"rayasandra-kunte-4","name":"Rayasandra Kunte-4","status":"disappeared","acres":0.375,"valley":null,"custodian":"ZP","nowOccupiedBy":"Agriculture land"},"geometry":{"type":"Point","coordinates":[77.674917,12.876806]}},{"type":"Feature","id":"saneguruvanahalli-kunte1","properties":{"id":"saneguruvanahalli-kunte1","name":"Saneguruvanahalli Kunte1","status":"disappeared","acres":0.35,"valley":null,"custodian":"BDA","nowOccupiedBy":"Vishnu motors"},"geometry":{"type":"Point","coordinates":[77.548194,12.985111]}},{"type":"Feature","id":"saneguruvanahalli-kunte2","properties":{"id":"saneguruvanahalli-kunte2","name":"Saneguruvanahalli Kunte2","status":"disappeared","acres":0.65,"valley":null,"custodian":"BDA","nowOccupiedBy":"Houses"},"geometry":{"type":"Point","coordinates":[77.530833,12.990472]}},{"type":"Feature","id":"saneguruvanahalli-kunte3","properties":{"id":"saneguruvanahalli-kunte3","name":"Saneguruvanahalli Kunte3","status":"disappeared","acres":0.625,"valley":null,"custodian":"BDA","nowOccupiedBy":"Settlement"},"geometry":{"type":"Point","coordinates":[77.532278,12.991389]}},{"type":"Feature","id":"saneguruvanahalli-lake-1-2","properties":{"id":"saneguruvanahalli-lake-1-2","name":"Saneguruvanahalli Lake-1","status":"disappeared","acres":12.6,"valley":null,"custodian":"BDA","nowOccupiedBy":"Park, playground & KSPCB lab building (nisarga bhavana)"},"geometry":{"type":"Point","coordinates":[77.543667,12.990917]}},{"type":"Feature","id":"saneguruvanahalli-lake-2-2","properties":{"id":"saneguruvanahalli-lake-2-2","name":"Saneguruvanahalli Lake-2","status":"disappeared","acres":6.525,"valley":null,"custodian":"BBMP","nowOccupiedBy":"Kempegowda playground"},"geometry":{"type":"Point","coordinates":[77.5295,12.984]}},{"type":"Feature","id":"sarakki-kunte1","properties":{"id":"sarakki-kunte1","name":"Sarakki Kunte1","status":"disappeared","acres":1.75,"valley":null,"custodian":"BBMP","nowOccupiedBy":"Park & road"},"geometry":{"type":"Point","coordinates":[77.581472,12.908361]}},{"type":"Feature","id":"sarakki-kunte2","properties":{"id":"sarakki-kunte2","name":"Sarakki Kunte2","status":"disappeared","acres":0.4,"valley":null,"custodian":"BBMP","nowOccupiedBy":"Building & road"},"geometry":{"type":"Point","coordinates":[77.586083,12.906361]}},{"type":"Feature","id":"sarakki-kunte3","properties":{"id":"sarakki-kunte3","name":"Sarakki Kunte3","status":"disappeared","acres":0.075,"valley":null,"custodian":"BBMP","nowOccupiedBy":"Sarathi incense sticks manuf. and exporters"},"geometry":{"type":"Point","coordinates":[77.575611,12.909667]}},{"type":"Feature","id":"sasiveghatta-kunte-1","properties":{"id":"sasiveghatta-kunte-1","name":"Sasiveghatta Kunte 1","status":"disappeared","acres":0.125,"valley":null,"custodian":"BDA","nowOccupiedBy":"Vacant land"},"geometry":{"type":"Point","coordinates":[77.479611,13.087583]}},{"type":"Feature","id":"sasiveghatta-kunte-2","properties":{"id":"sasiveghatta-kunte-2","name":"Sasiveghatta Kunte 2","status":"disappeared","acres":0.175,"valley":null,"custodian":"BDA","nowOccupiedBy":"Acacia plantation"},"geometry":{"type":"Point","coordinates":[77.481167,13.084861]}},{"type":"Feature","id":"sathanoor-kunte-7","properties":{"id":"sathanoor-kunte-7","name":"Sathanoor Kunte 7","status":"disappeared","acres":6.175,"valley":null,"custodian":"ZP","nowOccupiedBy":"Eucalyptus plantation"},"geometry":{"type":"Point","coordinates":[77.6445,13.124139]}},{"type":"Feature","id":"sathanuru-kunte-1","properties":{"id":"sathanuru-kunte-1","name":"Sathanuru Kunte 1","status":"disappeared","acres":1.25,"valley":null,"custodian":"BDA","nowOccupiedBy":"Agriculture land"},"geometry":{"type":"Point","coordinates":[77.646917,13.137778]}},{"type":"Feature","id":"sathanuru-kunte-10","properties":{"id":"sathanuru-kunte-10","name":"Sathanuru Kunte 10","status":"disappeared","acres":1.75,"valley":null,"custodian":"ZP","nowOccupiedBy":"Eucalyptus plantation"},"geometry":{"type":"Point","coordinates":[77.634917,13.125056]}},{"type":"Feature","id":"sathanuru-kunte-3","properties":{"id":"sathanuru-kunte-3","name":"Sathanuru Kunte 3","status":"disappeared","acres":0.425,"valley":null,"custodian":"ZP","nowOccupiedBy":"Plantation"},"geometry":{"type":"Point","coordinates":[77.6495,13.135028]}},{"type":"Feature","id":"sathanuru-kunte-9","properties":{"id":"sathanuru-kunte-9","name":"Sathanuru Kunte 9","status":"disappeared","acres":1.55,"valley":null,"custodian":"ZP","nowOccupiedBy":"Ranflex india private ltd."},"geometry":{"type":"Point","coordinates":[77.632389,13.1245]}},{"type":"Feature","id":"seegehalli-kunte","properties":{"id":"seegehalli-kunte","name":"Seegehalli Kunte","status":"disappeared","acres":0.775,"valley":null,"custodian":"ZP","nowOccupiedBy":"Bare land due to agriculture activity"},"geometry":{"type":"Point","coordinates":[77.451278,12.974333]}},{"type":"Feature","id":"seegihalli-katte-2","properties":{"id":"seegihalli-katte-2","name":"Seegihalli Katte 2","status":"disappeared","acres":1.95,"valley":null,"custodian":"ZP","nowOccupiedBy":"Apartment"},"geometry":{"type":"Point","coordinates":[77.760889,13.014722]}},{"type":"Feature","id":"seegihalli-kunte2","properties":{"id":"seegihalli-kunte2","name":"Seegihalli Kunte2","status":"disappeared","acres":0.075,"valley":null,"custodian":"BBMP","nowOccupiedBy":"Agriculture land"},"geometry":{"type":"Point","coordinates":[77.769167,13.014389]}},{"type":"Feature","id":"settyhalli-kunte1","properties":{"id":"settyhalli-kunte1","name":"Settyhalli Kunte1","status":"disappeared","acres":0.775,"valley":null,"custodian":"BDA","nowOccupiedBy":"Air force"},"geometry":{"type":"Point","coordinates":[77.52125,13.059139]}},{"type":"Feature","id":"settyhalli-kunte2","properties":{"id":"settyhalli-kunte2","name":"Settyhalli Kunte2","status":"disappeared","acres":0.575,"valley":null,"custodian":"BDA","nowOccupiedBy":"School & houses"},"geometry":{"type":"Point","coordinates":[77.515639,13.063444]}},{"type":"Feature","id":"sheshayyanakere","properties":{"id":"sheshayyanakere","name":"Sheshayyanakere","status":"disappeared","acres":3.4,"valley":null,"custodian":"BDA","nowOccupiedBy":"Agriculture land"},"geometry":{"type":"Point","coordinates":[77.711278,12.899365]}},{"type":"Feature","id":"shivakote-kunte-1","properties":{"id":"shivakote-kunte-1","name":"Shivakote Kunte 1","status":"disappeared","acres":0.2,"valley":null,"custodian":"BDA","nowOccupiedBy":"Agriculture land"},"geometry":{"type":"Point","coordinates":[77.515167,13.142278]}},{"type":"Feature","id":"shivakote-kunte-3","properties":{"id":"shivakote-kunte-3","name":"Shivakote Kunte 3","status":"disappeared","acres":0.4,"valley":null,"custodian":"BDA","nowOccupiedBy":"Agriculture land"},"geometry":{"type":"Point","coordinates":[77.520111,13.13725]}},{"type":"Feature","id":"shivakote-kunte-4","properties":{"id":"shivakote-kunte-4","name":"Shivakote Kunte 4","status":"disappeared","acres":0.125,"valley":null,"custodian":"BDA","nowOccupiedBy":"Vacant land"},"geometry":{"type":"Point","coordinates":[77.516139,13.132417]}},{"type":"Feature","id":"siddapur-kere","properties":{"id":"siddapur-kere","name":"Siddapur Kere","status":"disappeared","acres":17.65,"valley":null,"custodian":"BBMP","nowOccupiedBy":"Slum area & buildings"},"geometry":{"type":"Point","coordinates":[77.594583,12.944722]}},{"type":"Feature","id":"siddapura-kunte1","properties":{"id":"siddapura-kunte1","name":"Siddapura Kunte1","status":"disappeared","acres":0.35,"valley":null,"custodian":"BBMP","nowOccupiedBy":"Coconut plantation, road & houses"},"geometry":{"type":"Point","coordinates":[77.732444,12.9605]}},{"type":"Feature","id":"siddapura-kunte2","properties":{"id":"siddapura-kunte2","name":"Siddapura Kunte2","status":"disappeared","acres":0.15,"valley":null,"custodian":"BBMP","nowOccupiedBy":"Vacant land"},"geometry":{"type":"Point","coordinates":[77.730306,12.959833]}},{"type":"Feature","id":"siddapura-kunte3","properties":{"id":"siddapura-kunte3","name":"Siddapura Kunte3","status":"disappeared","acres":0.175,"valley":null,"custodian":"BBMP","nowOccupiedBy":"Agriculture & houses"},"geometry":{"type":"Point","coordinates":[77.731167,12.959389]}},{"type":"Feature","id":"siddapura-kunte4","properties":{"id":"siddapura-kunte4","name":"Siddapura Kunte4","status":"disappeared","acres":0.4,"valley":null,"custodian":"BBMP","nowOccupiedBy":"Agriculture"},"geometry":{"type":"Point","coordinates":[77.729139,12.957306]}},{"type":"Feature","id":"siddapura-kunte5","properties":{"id":"siddapura-kunte5","name":"Siddapura Kunte5","status":"disappeared","acres":0.25,"valley":null,"custodian":"BBMP","nowOccupiedBy":"Vacant land"},"geometry":{"type":"Point","coordinates":[77.730917,12.956639]}},{"type":"Feature","id":"sidedahalli-kunte","properties":{"id":"sidedahalli-kunte","name":"Sidedahalli Kunte","status":"disappeared","acres":0.075,"valley":null,"custodian":"BBMP","nowOccupiedBy":"Vacant land & buildings"},"geometry":{"type":"Point","coordinates":[77.493667,13.062556]}},{"type":"Feature","id":"singanayakayahalli-katte-1","properties":{"id":"singanayakayahalli-katte-1","name":"Singanayakayahalli Katte 1","status":"disappeared","acres":1.35,"valley":null,"custodian":"BDA","nowOccupiedBy":"Residential area & veterinary Hospital (yet to be establish)"},"geometry":{"type":"Point","coordinates":[77.567472,13.148064]}},{"type":"Feature","id":"singapura-kunte","properties":{"id":"singapura-kunte","name":"Singapura Kunte","status":"disappeared","acres":0.325,"valley":null,"custodian":"BBMP","nowOccupiedBy":"Open ground"},"geometry":{"type":"Point","coordinates":[77.547111,13.077083]}},{"type":"Feature","id":"singasandra-kunte-1","properties":{"id":"singasandra-kunte-1","name":"Singasandra Kunte 1","status":"disappeared","acres":1.45,"valley":null,"custodian":"BBMP","nowOccupiedBy":"Vacant land"},"geometry":{"type":"Point","coordinates":[77.644639,12.887028]}},{"type":"Feature","id":"singasandra-kunte2","properties":{"id":"singasandra-kunte2","name":"Singasandra Kunte2","status":"disappeared","acres":0.2625,"valley":null,"custodian":"BBMP","nowOccupiedBy":"Vacant land"},"geometry":{"type":"Point","coordinates":[77.651306,12.876917]}},{"type":"Feature","id":"singasandra-kunte3","properties":{"id":"singasandra-kunte3","name":"Singasandra Kunte3","status":"disappeared","acres":0.075,"valley":null,"custodian":"BBMP","nowOccupiedBy":"Settlement"},"geometry":{"type":"Point","coordinates":[77.654444,12.871944]}},{"type":"Feature","id":"singasandra-kunte4","properties":{"id":"singasandra-kunte4","name":"Singasandra Kunte4","status":"disappeared","acres":0.3,"valley":null,"custodian":"BBMP","nowOccupiedBy":"Vacant land"},"geometry":{"type":"Point","coordinates":[77.648806,12.874444]}},{"type":"Feature","id":"singasandra-kunte5","properties":{"id":"singasandra-kunte5","name":"Singasandra Kunte5","status":"disappeared","acres":0.15,"valley":null,"custodian":"BBMP","nowOccupiedBy":"Vacant land & houses"},"geometry":{"type":"Point","coordinates":[77.640444,12.878222]}},{"type":"Feature","id":"singena-agrahara-kunte-2","properties":{"id":"singena-agrahara-kunte-2","name":"Singena Agrahara Kunte-2","status":"disappeared","acres":0.075,"valley":null,"custodian":"ZP","nowOccupiedBy":"Agriculture land"},"geometry":{"type":"Point","coordinates":[77.722556,12.836111]}},{"type":"Feature","id":"singena-agrahara-kunte-3","properties":{"id":"singena-agrahara-kunte-3","name":"Singena Agrahara Kunte-3","status":"disappeared","acres":0.225,"valley":null,"custodian":"ZP","nowOccupiedBy":"Eucalyptus plantation & agriculture land"},"geometry":{"type":"Point","coordinates":[77.713083,12.829444]}},{"type":"Feature","id":"singena-agrahara-kunte-4","properties":{"id":"singena-agrahara-kunte-4","name":"Singena Agrahara Kunte-4","status":"disappeared","acres":1.95,"valley":null,"custodian":"ZP","nowOccupiedBy":"Brick factory"},"geometry":{"type":"Point","coordinates":[77.710972,12.830694]}},{"type":"Feature","id":"sinivagilu-govt-lake","properties":{"id":"sinivagilu-govt-lake","name":"Sinivagilu Govt. Lake","status":"disappeared","acres":49.275,"valley":null,"custodian":"BDA","nowOccupiedBy":"Buildings"},"geometry":{"type":"Point","coordinates":[77.633917,12.931361]}},{"type":"Feature","id":"soladevanahalli-kunte","properties":{"id":"soladevanahalli-kunte","name":"Soladevanahalli Kunte","status":"disappeared","acres":1.325,"valley":null,"custodian":"BDA","nowOccupiedBy":"Vacant land & Godown"},"geometry":{"type":"Point","coordinates":[77.493278,13.093778]}},{"type":"Feature","id":"somashettihalli-kunte","properties":{"id":"somashettihalli-kunte","name":"Somashettihalli Kunte","status":"disappeared","acres":0.325,"valley":null,"custodian":"BBMP","nowOccupiedBy":"Agriculture"},"geometry":{"type":"Point","coordinates":[77.513528,13.088694]}},{"type":"Feature","id":"sompura-kunte-2","properties":{"id":"sompura-kunte-2","name":"Sompura Kunte 2","status":"disappeared","acres":0.625,"valley":null,"custodian":"BBMP","nowOccupiedBy":"Vacant land"},"geometry":{"type":"Point","coordinates":[77.506222,12.880278]}},{"type":"Feature","id":"sonnenahalli-kunte1","properties":{"id":"sonnenahalli-kunte1","name":"Sonnenahalli Kunte1","status":"disappeared","acres":0.05,"valley":null,"custodian":"BBMP","nowOccupiedBy":"Vacant land & shed"},"geometry":{"type":"Point","coordinates":[77.715694,12.983694]}},{"type":"Feature","id":"sonnenahalli-kunte2","properties":{"id":"sonnenahalli-kunte2","name":"Sonnenahalli Kunte2","status":"disappeared","acres":0.175,"valley":null,"custodian":"BBMP","nowOccupiedBy":"Houses"},"geometry":{"type":"Point","coordinates":[77.716,12.9825]}},{"type":"Feature","id":"sonnenahalli-kunte3","properties":{"id":"sonnenahalli-kunte3","name":"Sonnenahalli Kunte3","status":"disappeared","acres":0.1,"valley":null,"custodian":"BBMP","nowOccupiedBy":"Vacant land"},"geometry":{"type":"Point","coordinates":[77.717778,12.982972]}},{"type":"Feature","id":"sorahunase-kunte2","properties":{"id":"sorahunase-kunte2","name":"Sorahunase Kunte2","status":"disappeared","acres":0.075,"valley":null,"custodian":"BBMP","nowOccupiedBy":"Houses & vacant land"},"geometry":{"type":"Point","coordinates":[77.763806,12.942083]}},{"type":"Feature","id":"sorahunase-kunte3","properties":{"id":"sorahunase-kunte3","name":"Sorahunase Kunte3","status":"disappeared","acres":0.2,"valley":null,"custodian":"BBMP","nowOccupiedBy":"Government hostel, road & houses"},"geometry":{"type":"Point","coordinates":[77.76075,12.939722]}},{"type":"Feature","id":"sorahunase-kunte4","properties":{"id":"sorahunase-kunte4","name":"Sorahunase Kunte4","status":"disappeared","acres":0.3,"valley":null,"custodian":"BBMP","nowOccupiedBy":"Temple & houses"},"geometry":{"type":"Point","coordinates":[77.76075,12.938278]}},{"type":"Feature","id":"srigandha-kavalu-kunte1","properties":{"id":"srigandha-kavalu-kunte1","name":"Srigandha Kavalu Kunte1","status":"disappeared","acres":1.7,"valley":null,"custodian":"BDA","nowOccupiedBy":"Vacant land (national Institute of unani medicine)"},"geometry":{"type":"Point","coordinates":[77.511639,12.989611]}},{"type":"Feature","id":"srigandha-kavalu-kunte2","properties":{"id":"srigandha-kavalu-kunte2","name":"Srigandha Kavalu Kunte2","status":"disappeared","acres":0.8,"valley":null,"custodian":"BDA","nowOccupiedBy":"National inst. unani medicine"},"geometry":{"type":"Point","coordinates":[77.513306,12.988083]}},{"type":"Feature","id":"srigandha-kavalu-kunte3","properties":{"id":"srigandha-kavalu-kunte3","name":"Srigandha Kavalu Kunte3","status":"disappeared","acres":0.4,"valley":null,"custodian":"BDA","nowOccupiedBy":"Buildings, vacant land & road"},"geometry":{"type":"Point","coordinates":[77.498333,12.973472]}},{"type":"Feature","id":"srigandha-kavalu-kunte4","properties":{"id":"srigandha-kavalu-kunte4","name":"Srigandha Kavalu Kunte4","status":"disappeared","acres":0.2,"valley":null,"custodian":"BDA","nowOccupiedBy":"Vacant land & road"},"geometry":{"type":"Point","coordinates":[77.497056,12.973361]}},{"type":"Feature","id":"srigandha-kavalu-kunte5","properties":{"id":"srigandha-kavalu-kunte5","name":"Srigandha Kavalu Kunte5","status":"disappeared","acres":1.3,"valley":null,"custodian":"BDA","nowOccupiedBy":"Vacant land & nalla"},"geometry":{"type":"Point","coordinates":[77.501139,12.983056]}},{"type":"Feature","id":"srigandha-kavalu-kunte6","properties":{"id":"srigandha-kavalu-kunte6","name":"Srigandha Kavalu Kunte6","status":"disappeared","acres":0.1,"valley":null,"custodian":"BDA","nowOccupiedBy":"Vacant land"},"geometry":{"type":"Point","coordinates":[77.500194,12.987917]}},{"type":"Feature","id":"srigandha-kavalu-kunte7","properties":{"id":"srigandha-kavalu-kunte7","name":"Srigandha Kavalu Kunte7","status":"disappeared","acres":1.25,"valley":null,"custodian":"BDA","nowOccupiedBy":"Vacant land & factories"},"geometry":{"type":"Point","coordinates":[77.508972,12.991417]}},{"type":"Feature","id":"srigandha-kavalu-kunte8","properties":{"id":"srigandha-kavalu-kunte8","name":"Srigandha Kavalu Kunte8","status":"disappeared","acres":0.525,"valley":null,"custodian":"BDA","nowOccupiedBy":"Vacant land & playground"},"geometry":{"type":"Point","coordinates":[77.506556,12.9955]}},{"type":"Feature","id":"srinivasapura-kunte1","properties":{"id":"srinivasapura-kunte1","name":"Srinivasapura Kunte1","status":"disappeared","acres":0.125,"valley":null,"custodian":"BBMP","nowOccupiedBy":"HAL engine division"},"geometry":{"type":"Point","coordinates":[77.659056,12.988306]}},{"type":"Feature","id":"srinivasapura-kunte2","properties":{"id":"srinivasapura-kunte2","name":"Srinivasapura Kunte2","status":"disappeared","acres":0.125,"valley":null,"custodian":"BBMP","nowOccupiedBy":"HAL engine division"},"geometry":{"type":"Point","coordinates":[77.6515,12.986222]}},{"type":"Feature","id":"srinivasapura-kunte3","properties":{"id":"srinivasapura-kunte3","name":"Srinivasapura Kunte3","status":"disappeared","acres":0.55,"valley":null,"custodian":"BBMP","nowOccupiedBy":"HAL engine division"},"geometry":{"type":"Point","coordinates":[77.651472,12.987611]}},{"type":"Feature","id":"srinivasapura-kunte4","properties":{"id":"srinivasapura-kunte4","name":"Srinivasapura Kunte4","status":"disappeared","acres":0.1,"valley":null,"custodian":"BBMP","nowOccupiedBy":"HAL engine division"},"geometry":{"type":"Point","coordinates":[77.651333,12.987611]}},{"type":"Feature","id":"sulakunte-kunte1","properties":{"id":"sulakunte-kunte1","name":"Sulakunte Kunte1","status":"disappeared","acres":0.05,"valley":null,"custodian":"BBMP","nowOccupiedBy":"Vacant land"},"geometry":{"type":"Point","coordinates":[77.732472,12.895611]}},{"type":"Feature","id":"sulakunte-kunte2","properties":{"id":"sulakunte-kunte2","name":"Sulakunte Kunte2","status":"disappeared","acres":0.25,"valley":null,"custodian":"BBMP","nowOccupiedBy":"Eucalyptus plantation"},"geometry":{"type":"Point","coordinates":[77.733556,12.895556]}},{"type":"Feature","id":"sulakunte-kunte3","properties":{"id":"sulakunte-kunte3","name":"Sulakunte Kunte3","status":"disappeared","acres":0.75,"valley":null,"custodian":"BBMP","nowOccupiedBy":"School"},"geometry":{"type":"Point","coordinates":[77.735417,12.888444]}},{"type":"Feature","id":"sulakunte-kunte4","properties":{"id":"sulakunte-kunte4","name":"Sulakunte Kunte4","status":"disappeared","acres":0.35,"valley":null,"custodian":"BBMP","nowOccupiedBy":"Vacant land & building"},"geometry":{"type":"Point","coordinates":[77.734528,12.887778]}},{"type":"Feature","id":"sulakunte-kunte5","properties":{"id":"sulakunte-kunte5","name":"Sulakunte Kunte5","status":"disappeared","acres":0.15,"valley":null,"custodian":"BBMP","nowOccupiedBy":"Agriculture land"},"geometry":{"type":"Point","coordinates":[77.730917,12.875944]}},{"type":"Feature","id":"sulakunte-kunte6","properties":{"id":"sulakunte-kunte6","name":"Sulakunte Kunte6","status":"disappeared","acres":0.05,"valley":null,"custodian":"BBMP","nowOccupiedBy":"Eucalyptus plantation"},"geometry":{"type":"Point","coordinates":[77.7265,12.8985]}},{"type":"Feature","id":"sunkanahalli-kunte-1","properties":{"id":"sunkanahalli-kunte-1","name":"Sunkanahalli Kunte-1","status":"disappeared","acres":0.175,"valley":null,"custodian":"BBMP","nowOccupiedBy":"Sri manjunatha kaly. mantapa"},"geometry":{"type":"Point","coordinates":[77.56925,12.942111]}},{"type":"Feature","id":"sunkanahalli-kunte-2","properties":{"id":"sunkanahalli-kunte-2","name":"Sunkanahalli Kunte-2","status":"disappeared","acres":0.75,"valley":null,"custodian":"BBMP","nowOccupiedBy":"Acharya pathasala school ground & buildings"},"geometry":{"type":"Point","coordinates":[77.569111,12.939917]}},{"type":"Feature","id":"sunnakall-kere","properties":{"id":"sunnakall-kere","name":"Sunnakall Kere","status":"disappeared","acres":116.45,"valley":null,"custodian":"BBMP","nowOccupiedBy":"BMTC & KSRTC bus depot, road, southern roadways, buildings"},"geometry":{"type":"Point","coordinates":[77.592056,12.953556]}},{"type":"Feature","id":"tarabanahalli-kunte","properties":{"id":"tarabanahalli-kunte","name":"Tarabanahalli Kunte","status":"disappeared","acres":0.9,"valley":null,"custodian":"BDA","nowOccupiedBy":"Air force land"},"geometry":{"type":"Point","coordinates":[77.482722,13.104833]}},{"type":"Feature","id":"tavarekere-kunte1","properties":{"id":"tavarekere-kunte1","name":"Tavarekere Kunte1","status":"disappeared","acres":0.65,"valley":null,"custodian":"BBMP","nowOccupiedBy":"Buildings, road"},"geometry":{"type":"Point","coordinates":[77.600917,12.921194]}},{"type":"Feature","id":"tavarekere-kunte2","properties":{"id":"tavarekere-kunte2","name":"Tavarekere Kunte2","status":"disappeared","acres":0.175,"valley":null,"custodian":"BBMP","nowOccupiedBy":"Buildings, road"},"geometry":{"type":"Point","coordinates":[77.6015,12.920556]}},{"type":"Feature","id":"tavarekere-kunte3","properties":{"id":"tavarekere-kunte3","name":"Tavarekere Kunte3","status":"disappeared","acres":0.45,"valley":null,"custodian":"BBMP","nowOccupiedBy":"Buildings, road"},"geometry":{"type":"Point","coordinates":[77.591556,12.920917]}},{"type":"Feature","id":"tayappanahalli-kunte","properties":{"id":"tayappanahalli-kunte","name":"Tayappanahalli Kunte","status":"disappeared","acres":0.05,"valley":null,"custodian":"BBMP","nowOccupiedBy":"House"},"geometry":{"type":"Point","coordinates":[77.578861,12.919861]}},{"type":"Feature","id":"thagachikuppi-kunte-1","properties":{"id":"thagachikuppi-kunte-1","name":"Thagachikuppi Kunte 1","status":"disappeared","acres":0.9,"valley":null,"custodian":"BDA","nowOccupiedBy":"Sheds"},"geometry":{"type":"Point","coordinates":[77.452306,12.861583]}},{"type":"Feature","id":"thagachikuppi-kunte-3","properties":{"id":"thagachikuppi-kunte-3","name":"Thagachikuppi Kunte 3","status":"disappeared","acres":1,"valley":null,"custodian":"BDA","nowOccupiedBy":"Layout"},"geometry":{"type":"Point","coordinates":[77.449056,12.862361]}},{"type":"Feature","id":"thalagattapura-kere","properties":{"id":"thalagattapura-kere","name":"Thalagattapura Kere","status":"disappeared","acres":5.525,"valley":null,"custodian":"BBMP","nowOccupiedBy":"Anjanapura layout & houses"},"geometry":{"type":"Point","coordinates":[77.526389,12.861389]}},{"type":"Feature","id":"thannisandra-kunte1","properties":{"id":"thannisandra-kunte1","name":"Thannisandra Kunte1","status":"disappeared","acres":1.025,"valley":null,"custodian":"BBMP","nowOccupiedBy":"Vacant land & houses"},"geometry":{"type":"Point","coordinates":[77.635944,13.0725]}},{"type":"Feature","id":"thigala-choudenahalli-kunte-1","properties":{"id":"thigala-choudenahalli-kunte-1","name":"Thigala Choudenahalli Kunte-1","status":"disappeared","acres":0.225,"valley":null,"custodian":"ZP","nowOccupiedBy":"Agriculture land"},"geometry":{"type":"Point","coordinates":[77.76225,12.891167]}},{"type":"Feature","id":"thigala-choudenahalli-kunte-3","properties":{"id":"thigala-choudenahalli-kunte-3","name":"Thigala Choudenahalli Kunte-3","status":"disappeared","acres":0.25,"valley":null,"custodian":"BDA","nowOccupiedBy":"Government school, milk dairy & agriculture"},"geometry":{"type":"Point","coordinates":[77.758139,12.884833]}},{"type":"Feature","id":"thigala-choudenahalli-kunte-4","properties":{"id":"thigala-choudenahalli-kunte-4","name":"Thigala Choudenahalli Kunte-4","status":"disappeared","acres":0.525,"valley":null,"custodian":"ZP","nowOccupiedBy":"Settlement"},"geometry":{"type":"Point","coordinates":[77.752333,12.883139]}},{"type":"Feature","id":"thindlu-katte","properties":{"id":"thindlu-katte","name":"Thindlu Katte","status":"disappeared","acres":1.3,"valley":null,"custodian":"BBMP","nowOccupiedBy":"Hospital & houses"},"geometry":{"type":"Point","coordinates":[77.567444,13.074861]}},{"type":"Feature","id":"thindlu-kunte-1","properties":{"id":"thindlu-kunte-1","name":"Thindlu Kunte 1","status":"disappeared","acres":0.425,"valley":null,"custodian":"BBMP","nowOccupiedBy":"Park"},"geometry":{"type":"Point","coordinates":[77.570139,13.073944]}},{"type":"Feature","id":"thindlu-kunte-2","properties":{"id":"thindlu-kunte-2","name":"Thindlu Kunte 2","status":"disappeared","acres":0.175,"valley":null,"custodian":"BBMP","nowOccupiedBy":"Houses"},"geometry":{"type":"Point","coordinates":[77.561639,13.071944]}},{"type":"Feature","id":"thindlu-kunte3","properties":{"id":"thindlu-kunte3","name":"Thindlu Kunte3","status":"disappeared","acres":0.1,"valley":null,"custodian":"BBMP","nowOccupiedBy":"Temple & houses"},"geometry":{"type":"Point","coordinates":[77.562278,13.079917]}},{"type":"Feature","id":"thindlu-plantation-katte","properties":{"id":"thindlu-plantation-katte","name":"Thindlu Plantation Katte","status":"disappeared","acres":1.15,"valley":null,"custodian":"BBMP","nowOccupiedBy":"Mango plantation"},"geometry":{"type":"Point","coordinates":[77.561694,13.089306]}},{"type":"Feature","id":"thippasandra-kunte1","properties":{"id":"thippasandra-kunte1","name":"Thippasandra Kunte1","status":"disappeared","acres":0.5,"valley":null,"custodian":"BBMP","nowOccupiedBy":"Aeronautical develop. establishment"},"geometry":{"type":"Point","coordinates":[77.64725,12.978583]}},{"type":"Feature","id":"thippasandra-kunte2","properties":{"id":"thippasandra-kunte2","name":"Thippasandra Kunte2","status":"disappeared","acres":0.6,"valley":null,"custodian":"BBMP","nowOccupiedBy":"Houses"},"geometry":{"type":"Point","coordinates":[77.638306,12.974861]}},{"type":"Feature","id":"thubarahalli-kunte1","properties":{"id":"thubarahalli-kunte1","name":"Thubarahalli Kunte1","status":"disappeared","acres":0.225,"valley":null,"custodian":"BBMP","nowOccupiedBy":"Vacant land"},"geometry":{"type":"Point","coordinates":[77.718167,12.954139]}},{"type":"Feature","id":"thubarahalli-kunte2","properties":{"id":"thubarahalli-kunte2","name":"Thubarahalli Kunte2","status":"disappeared","acres":0.3,"valley":null,"custodian":"BBMP","nowOccupiedBy":"Shed & vacant land"},"geometry":{"type":"Point","coordinates":[77.716528,12.961444]}},{"type":"Feature","id":"thubarahalli-kunte3","properties":{"id":"thubarahalli-kunte3","name":"Thubarahalli Kunte3","status":"disappeared","acres":0.075,"valley":null,"custodian":"BBMP","nowOccupiedBy":"Vacant land & apartment"},"geometry":{"type":"Point","coordinates":[77.717,12.95175]}},{"type":"Feature","id":"torenagasandra-kunte2","properties":{"id":"torenagasandra-kunte2","name":"Torenagasandra Kunte2","status":"disappeared","acres":0.5,"valley":null,"custodian":"ZP","nowOccupiedBy":"Vacant land"},"geometry":{"type":"Point","coordinates":[77.471139,13.118167]}},{"type":"Feature","id":"ullalu-kunte1","properties":{"id":"ullalu-kunte1","name":"Ullalu Kunte1","status":"disappeared","acres":0.05,"valley":null,"custodian":"BBMP","nowOccupiedBy":"Vacant land"},"geometry":{"type":"Point","coordinates":[77.485417,12.960333]}},{"type":"Feature","id":"ullalu-kunte2","properties":{"id":"ullalu-kunte2","name":"Ullalu Kunte2","status":"disappeared","acres":0.25,"valley":null,"custodian":"BBMP","nowOccupiedBy":"Layout"},"geometry":{"type":"Point","coordinates":[77.472806,12.949444]}},{"type":"Feature","id":"ullalu-kunte3","properties":{"id":"ullalu-kunte3","name":"Ullalu Kunte3","status":"disappeared","acres":0.625,"valley":null,"custodian":"BBMP","nowOccupiedBy":"Layout"},"geometry":{"type":"Point","coordinates":[77.473361,12.951667]}},{"type":"Feature","id":"ullalu-lake-1","properties":{"id":"ullalu-lake-1","name":"Ullalu Lake-1","status":"disappeared","acres":0.64,"valley":null,"custodian":"BBMP","nowOccupiedBy":"Park & building"},"geometry":{"type":"Point","coordinates":[77.482714,12.969251]}},{"type":"Feature","id":"ulsoor-kunte","properties":{"id":"ulsoor-kunte","name":"Ulsoor Kunte","status":"disappeared","acres":0.125,"valley":null,"custodian":"BBMP","nowOccupiedBy":"Buildings"},"geometry":{"type":"Point","coordinates":[77.6225,12.977806]}},{"type":"Feature","id":"unnamed-tank-near-abdul-kalam-nagar","properties":{"id":"unnamed-tank-near-abdul-kalam-nagar","name":"Unnamed tank near Abdul Kalam Nagar","status":"disappeared","acres":null,"valley":null,"custodian":null,"nowOccupiedBy":null},"geometry":{"type":"Point","coordinates":[77.605237,12.923747]}},{"type":"Feature","id":"unnamed-tank-near-adarangi","properties":{"id":"unnamed-tank-near-adarangi","name":"Unnamed tank near Adarangi","status":"disappeared","acres":null,"valley":null,"custodian":null,"nowOccupiedBy":null},"geometry":{"type":"Point","coordinates":[77.208676,13.12568]}},{"type":"Feature","id":"unnamed-tank-near-adisanahatty","properties":{"id":"unnamed-tank-near-adisanahatty","name":"Unnamed tank near Adisanahatty","status":"disappeared","acres":null,"valley":null,"custodian":null,"nowOccupiedBy":null},"geometry":{"type":"Point","coordinates":[77.723577,12.778284]}},{"type":"Feature","id":"unnamed-tank-near-agasarahalli","properties":{"id":"unnamed-tank-near-agasarahalli","name":"Unnamed tank near Agasarahalli","status":"disappeared","acres":null,"valley":null,"custodian":null,"nowOccupiedBy":null},"geometry":{"type":"Point","coordinates":[77.336901,13.138655]}},{"type":"Feature","id":"unnamed-tank-near-ajjahalli","properties":{"id":"unnamed-tank-near-ajjahalli","name":"Unnamed tank near Ajjahalli","status":"disappeared","acres":null,"valley":null,"custodian":null,"nowOccupiedBy":null},"geometry":{"type":"Point","coordinates":[77.187087,13.115713]}},{"type":"Feature","id":"unnamed-tank-near-alambadi","properties":{"id":"unnamed-tank-near-alambadi","name":"Unnamed tank near Alambadi","status":"disappeared","acres":null,"valley":null,"custodian":null,"nowOccupiedBy":null},"geometry":{"type":"Point","coordinates":[77.883969,12.898758]}},{"type":"Feature","id":"unnamed-tank-near-alappanahalli","properties":{"id":"unnamed-tank-near-alappanahalli","name":"Unnamed tank near Alappanahalli","status":"disappeared","acres":null,"valley":null,"custodian":null,"nowOccupiedBy":null},"geometry":{"type":"Point","coordinates":[77.362613,13.371403]}},{"type":"Feature","id":"unnamed-tank-near-alur","properties":{"id":"unnamed-tank-near-alur","name":"Unnamed tank near Alur","status":"disappeared","acres":null,"valley":null,"custodian":null,"nowOccupiedBy":null},"geometry":{"type":"Point","coordinates":[77.458615,13.089942]}},{"type":"Feature","id":"unnamed-tank-near-ambiga","properties":{"id":"unnamed-tank-near-ambiga","name":"Unnamed tank near Ambiga","status":"disappeared","acres":null,"valley":null,"custodian":null,"nowOccupiedBy":null},"geometry":{"type":"Point","coordinates":[77.901984,13.236334]}},{"type":"Feature","id":"unnamed-tank-near-anagalapura","properties":{"id":"unnamed-tank-near-anagalapura","name":"Unnamed tank near Anagalapura","status":"disappeared","acres":null,"valley":null,"custodian":null,"nowOccupiedBy":null},"geometry":{"type":"Point","coordinates":[77.677919,13.067343]}},{"type":"Feature","id":"unnamed-tank-near-araledibba","properties":{"id":"unnamed-tank-near-araledibba","name":"Unnamed tank near Araledibba","status":"disappeared","acres":null,"valley":null,"custodian":null,"nowOccupiedBy":null},"geometry":{"type":"Point","coordinates":[77.325217,13.145994]}},{"type":"Feature","id":"unnamed-tank-near-arasanahalli","properties":{"id":"unnamed-tank-near-arasanahalli","name":"Unnamed tank near Arasanahalli","status":"disappeared","acres":null,"valley":null,"custodian":null,"nowOccupiedBy":null},"geometry":{"type":"Point","coordinates":[77.717541,13.388167]}},{"type":"Feature","id":"unnamed-tank-near-arishinakunte","properties":{"id":"unnamed-tank-near-arishinakunte","name":"Unnamed tank near Arishinakunte","status":"disappeared","acres":null,"valley":null,"custodian":null,"nowOccupiedBy":null},"geometry":{"type":"Point","coordinates":[77.212308,13.099175]}},{"type":"Feature","id":"unnamed-tank-near-avalakuppe","properties":{"id":"unnamed-tank-near-avalakuppe","name":"Unnamed tank near Avalakuppe","status":"disappeared","acres":null,"valley":null,"custodian":null,"nowOccupiedBy":null},"geometry":{"type":"Point","coordinates":[77.327402,13.004193]}},{"type":"Feature","id":"unnamed-tank-near-badamanavarthakaval-p2","properties":{"id":"unnamed-tank-near-badamanavarthakaval-p2","name":"Unnamed tank near Badamanavarthakaval (P2)","status":"disappeared","acres":null,"valley":null,"custodian":null,"nowOccupiedBy":null},"geometry":{"type":"Point","coordinates":[77.537769,12.825786]}},{"type":"Feature","id":"unnamed-tank-near-bagalur","properties":{"id":"unnamed-tank-near-bagalur","name":"Unnamed tank near Bagalur","status":"disappeared","acres":null,"valley":null,"custodian":null,"nowOccupiedBy":null},"geometry":{"type":"Point","coordinates":[77.863227,12.839608]}},{"type":"Feature","id":"unnamed-tank-near-bagalur-2","properties":{"id":"unnamed-tank-near-bagalur-2","name":"Unnamed tank near Bagalur","status":"disappeared","acres":null,"valley":null,"custodian":null,"nowOccupiedBy":null},"geometry":{"type":"Point","coordinates":[77.855044,12.829476]}},{"type":"Feature","id":"unnamed-tank-near-bairagondlu","properties":{"id":"unnamed-tank-near-bairagondlu","name":"Unnamed tank near Bairagondlu","status":"disappeared","acres":null,"valley":null,"custodian":null,"nowOccupiedBy":null},"geometry":{"type":"Point","coordinates":[77.334605,13.404629]}},{"type":"Feature","id":"unnamed-tank-near-bairasandra","properties":{"id":"unnamed-tank-near-bairasandra","name":"Unnamed tank near Bairasandra","status":"disappeared","acres":null,"valley":null,"custodian":null,"nowOccupiedBy":null},"geometry":{"type":"Point","coordinates":[77.335655,13.102994]}},{"type":"Feature","id":"unnamed-tank-near-bairasandra-2","properties":{"id":"unnamed-tank-near-bairasandra-2","name":"Unnamed tank near Bairasandra","status":"disappeared","acres":null,"valley":null,"custodian":null,"nowOccupiedBy":null},"geometry":{"type":"Point","coordinates":[77.525271,13.25129]}},{"type":"Feature","id":"unnamed-tank-near-banasawadi","properties":{"id":"unnamed-tank-near-banasawadi","name":"Unnamed tank near Banasawadi","status":"disappeared","acres":null,"valley":null,"custodian":null,"nowOccupiedBy":null},"geometry":{"type":"Point","coordinates":[77.367389,13.015589]}},{"type":"Feature","id":"unnamed-tank-near-banavadi","properties":{"id":"unnamed-tank-near-banavadi","name":"Unnamed tank near Banavadi","status":"disappeared","acres":null,"valley":null,"custodian":null,"nowOccupiedBy":null},"geometry":{"type":"Point","coordinates":[77.261051,13.118538]}},{"type":"Feature","id":"unnamed-tank-near-banavadi-2","properties":{"id":"unnamed-tank-near-banavadi-2","name":"Unnamed tank near Banavadi","status":"disappeared","acres":null,"valley":null,"custodian":null,"nowOccupiedBy":null},"geometry":{"type":"Point","coordinates":[77.268607,13.117669]}},{"type":"Feature","id":"unnamed-tank-near-banavati","properties":{"id":"unnamed-tank-near-banavati","name":"Unnamed tank near Banavati","status":"disappeared","acres":null,"valley":null,"custodian":null,"nowOccupiedBy":null},"geometry":{"type":"Point","coordinates":[77.407741,13.479406]}},{"type":"Feature","id":"unnamed-tank-near-banavati-2","properties":{"id":"unnamed-tank-near-banavati-2","name":"Unnamed tank near Banavati","status":"disappeared","acres":null,"valley":null,"custodian":null,"nowOccupiedBy":null},"geometry":{"type":"Point","coordinates":[77.394038,13.467554]}},{"type":"Feature","id":"unnamed-tank-near-bandaiahana-palya","properties":{"id":"unnamed-tank-near-bandaiahana-palya","name":"Unnamed tank near Bandaiahana Palya","status":"disappeared","acres":null,"valley":null,"custodian":null,"nowOccupiedBy":null},"geometry":{"type":"Point","coordinates":[77.450465,13.16873]}},{"type":"Feature","id":"unnamed-tank-near-baraguru","properties":{"id":"unnamed-tank-near-baraguru","name":"Unnamed tank near Baraguru","status":"disappeared","acres":null,"valley":null,"custodian":null,"nowOccupiedBy":null},"geometry":{"type":"Point","coordinates":[77.324476,13.313968]}},{"type":"Feature","id":"unnamed-tank-near-basavanahalli","properties":{"id":"unnamed-tank-near-basavanahalli","name":"Unnamed tank near Basavanahalli","status":"disappeared","acres":null,"valley":null,"custodian":null,"nowOccupiedBy":null},"geometry":{"type":"Point","coordinates":[77.398603,13.112939]}},{"type":"Feature","id":"unnamed-tank-near-begepalli","properties":{"id":"unnamed-tank-near-begepalli","name":"Unnamed tank near Begepalli","status":"disappeared","acres":null,"valley":null,"custodian":null,"nowOccupiedBy":null},"geometry":{"type":"Point","coordinates":[77.806732,12.779681]}},{"type":"Feature","id":"unnamed-tank-near-belagondapalli","properties":{"id":"unnamed-tank-near-belagondapalli","name":"Unnamed tank near Belagondapalli","status":"disappeared","acres":null,"valley":null,"custodian":null,"nowOccupiedBy":null},"geometry":{"type":"Point","coordinates":[77.753483,12.672337]}},{"type":"Feature","id":"unnamed-tank-near-benakina-madagu","properties":{"id":"unnamed-tank-near-benakina-madagu","name":"Unnamed tank near Benakina Madagu","status":"disappeared","acres":null,"valley":null,"custodian":null,"nowOccupiedBy":null},"geometry":{"type":"Point","coordinates":[77.422006,13.397323]}},{"type":"Feature","id":"unnamed-tank-near-benakina-madagu-2","properties":{"id":"unnamed-tank-near-benakina-madagu-2","name":"Unnamed tank near Benakina Madagu","status":"disappeared","acres":null,"valley":null,"custodian":null,"nowOccupiedBy":null},"geometry":{"type":"Point","coordinates":[77.400168,13.389072]}},{"type":"Feature","id":"unnamed-tank-near-bennagere","properties":{"id":"unnamed-tank-near-bennagere","name":"Unnamed tank near Bennagere","status":"disappeared","acres":null,"valley":null,"custodian":null,"nowOccupiedBy":null},"geometry":{"type":"Point","coordinates":[77.270029,13.289204]}},{"type":"Feature","id":"unnamed-tank-near-bhimapura","properties":{"id":"unnamed-tank-near-bhimapura","name":"Unnamed tank near Bhimapura","status":"disappeared","acres":null,"valley":null,"custodian":null,"nowOccupiedBy":null},"geometry":{"type":"Point","coordinates":[77.917503,13.14182]}},{"type":"Feature","id":"unnamed-tank-near-bhimasagara","properties":{"id":"unnamed-tank-near-bhimasagara","name":"Unnamed tank near Bhimasagara","status":"disappeared","acres":null,"valley":null,"custodian":null,"nowOccupiedBy":null},"geometry":{"type":"Point","coordinates":[77.313734,13.356987]}},{"type":"Feature","id":"unnamed-tank-near-bhusandra","properties":{"id":"unnamed-tank-near-bhusandra","name":"Unnamed tank near Bhusandra","status":"disappeared","acres":null,"valley":null,"custodian":null,"nowOccupiedBy":null},"geometry":{"type":"Point","coordinates":[77.327374,13.072793]}},{"type":"Feature","id":"unnamed-tank-near-bidanapalya","properties":{"id":"unnamed-tank-near-bidanapalya","name":"Unnamed tank near Bidanapalya","status":"disappeared","acres":null,"valley":null,"custodian":null,"nowOccupiedBy":null},"geometry":{"type":"Point","coordinates":[77.327448,13.017596]}},{"type":"Feature","id":"unnamed-tank-near-bidarahalli","properties":{"id":"unnamed-tank-near-bidarahalli","name":"Unnamed tank near Bidarahalli","status":"disappeared","acres":null,"valley":null,"custodian":null,"nowOccupiedBy":null},"geometry":{"type":"Point","coordinates":[77.718268,13.054903]}},{"type":"Feature","id":"unnamed-tank-near-bolamaranahalli","properties":{"id":"unnamed-tank-near-bolamaranahalli","name":"Unnamed tank near Bolamaranahalli","status":"disappeared","acres":null,"valley":null,"custodian":null,"nowOccupiedBy":null},"geometry":{"type":"Point","coordinates":[77.3613,13.025284]}},{"type":"Feature","id":"unnamed-tank-near-bommandapalli","properties":{"id":"unnamed-tank-near-bommandapalli","name":"Unnamed tank near Bommandapalli","status":"disappeared","acres":null,"valley":null,"custodian":null,"nowOccupiedBy":null},"geometry":{"type":"Point","coordinates":[77.782918,12.724421]}},{"type":"Feature","id":"unnamed-tank-near-brundavana-layout","properties":{"id":"unnamed-tank-near-brundavana-layout","name":"Unnamed tank near Brundavana Layout","status":"disappeared","acres":null,"valley":null,"custodian":null,"nowOccupiedBy":null},"geometry":{"type":"Point","coordinates":[77.430259,13.006508]}},{"type":"Feature","id":"unnamed-tank-near-buchanahalli","properties":{"id":"unnamed-tank-near-buchanahalli","name":"Unnamed tank near Buchanahalli","status":"disappeared","acres":null,"valley":null,"custodian":null,"nowOccupiedBy":null},"geometry":{"type":"Point","coordinates":[77.326305,13.402963]}},{"type":"Feature","id":"unnamed-tank-near-byadarahalli","properties":{"id":"unnamed-tank-near-byadarahalli","name":"Unnamed tank near Byadarahalli","status":"disappeared","acres":null,"valley":null,"custodian":null,"nowOccupiedBy":null},"geometry":{"type":"Point","coordinates":[77.314871,13.145868]}},{"type":"Feature","id":"unnamed-tank-near-byata","properties":{"id":"unnamed-tank-near-byata","name":"Unnamed tank near Byata","status":"disappeared","acres":null,"valley":null,"custodian":null,"nowOccupiedBy":null},"geometry":{"type":"Point","coordinates":[77.223521,13.318568]}},{"type":"Feature","id":"unnamed-tank-near-byata-2","properties":{"id":"unnamed-tank-near-byata-2","name":"Unnamed tank near Byata","status":"disappeared","acres":null,"valley":null,"custodian":null,"nowOccupiedBy":null},"geometry":{"type":"Point","coordinates":[77.478286,13.168343]}},{"type":"Feature","id":"unnamed-tank-near-channadevi-agrahara","properties":{"id":"unnamed-tank-near-channadevi-agrahara","name":"Unnamed tank near Channadevi Agrahara","status":"disappeared","acres":null,"valley":null,"custodian":null,"nowOccupiedBy":null},"geometry":{"type":"Point","coordinates":[77.465837,13.222887]}},{"type":"Feature","id":"unnamed-tank-near-channarayapatna","properties":{"id":"unnamed-tank-near-channarayapatna","name":"Unnamed tank near Channarayapatna","status":"disappeared","acres":null,"valley":null,"custodian":null,"nowOccupiedBy":null},"geometry":{"type":"Point","coordinates":[77.801662,13.235974]}},{"type":"Feature","id":"unnamed-tank-near-channenahalli","properties":{"id":"unnamed-tank-near-channenahalli","name":"Unnamed tank near Channenahalli","status":"disappeared","acres":null,"valley":null,"custodian":null,"nowOccupiedBy":null},"geometry":{"type":"Point","coordinates":[77.424625,12.981276]}},{"type":"Feature","id":"unnamed-tank-near-chikka-koratagere","properties":{"id":"unnamed-tank-near-chikka-koratagere","name":"Unnamed tank near Chikka Koratagere","status":"disappeared","acres":null,"valley":null,"custodian":null,"nowOccupiedBy":null},"geometry":{"type":"Point","coordinates":[77.187722,13.195214]}},{"type":"Feature","id":"unnamed-tank-near-chikka-kukkanahalli","properties":{"id":"unnamed-tank-near-chikka-kukkanahalli","name":"Unnamed tank near Chikka Kukkanahalli","status":"disappeared","acres":null,"valley":null,"custodian":null,"nowOccupiedBy":null},"geometry":{"type":"Point","coordinates":[77.454285,13.160773]}},{"type":"Feature","id":"unnamed-tank-near-chikka-kukkanahalli-2","properties":{"id":"unnamed-tank-near-chikka-kukkanahalli-2","name":"Unnamed tank near Chikka Kukkanahalli","status":"disappeared","acres":null,"valley":null,"custodian":null,"nowOccupiedBy":null},"geometry":{"type":"Point","coordinates":[77.445007,13.146057]}},{"type":"Feature","id":"unnamed-tank-near-chikka-saggere","properties":{"id":"unnamed-tank-near-chikka-saggere","name":"Unnamed tank near Chikka Saggere","status":"disappeared","acres":null,"valley":null,"custodian":null,"nowOccupiedBy":null},"geometry":{"type":"Point","coordinates":[77.342228,13.47662]}},{"type":"Feature","id":"unnamed-tank-near-chikka-saggere-2","properties":{"id":"unnamed-tank-near-chikka-saggere-2","name":"Unnamed tank near Chikka Saggere","status":"disappeared","acres":null,"valley":null,"custodian":null,"nowOccupiedBy":null},"geometry":{"type":"Point","coordinates":[77.335264,13.473073]}},{"type":"Feature","id":"unnamed-tank-near-chikkahosahalli","properties":{"id":"unnamed-tank-near-chikkahosahalli","name":"Unnamed tank near Chikkahosahalli","status":"disappeared","acres":null,"valley":null,"custodian":null,"nowOccupiedBy":null},"geometry":{"type":"Point","coordinates":[77.519827,13.460503]}},{"type":"Feature","id":"unnamed-tank-near-chikkahosahalli-2","properties":{"id":"unnamed-tank-near-chikkahosahalli-2","name":"Unnamed tank near Chikkahosahalli","status":"disappeared","acres":null,"valley":null,"custodian":null,"nowOccupiedBy":null},"geometry":{"type":"Point","coordinates":[77.522608,13.453704]}},{"type":"Feature","id":"unnamed-tank-near-chikkamuddenahalli","properties":{"id":"unnamed-tank-near-chikkamuddenahalli","name":"Unnamed tank near Chikkamuddenahalli","status":"disappeared","acres":null,"valley":null,"custodian":null,"nowOccupiedBy":null},"geometry":{"type":"Point","coordinates":[77.5792,13.396753]}},{"type":"Feature","id":"unnamed-tank-near-chikkanahalli","properties":{"id":"unnamed-tank-near-chikkanahalli","name":"Unnamed tank near Chikkanahalli","status":"disappeared","acres":null,"valley":null,"custodian":null,"nowOccupiedBy":null},"geometry":{"type":"Point","coordinates":[77.447527,13.324692]}},{"type":"Feature","id":"unnamed-tank-near-chikkanahalli-2","properties":{"id":"unnamed-tank-near-chikkanahalli-2","name":"Unnamed tank near Chikkanahalli","status":"disappeared","acres":null,"valley":null,"custodian":null,"nowOccupiedBy":null},"geometry":{"type":"Point","coordinates":[77.777796,13.311796]}},{"type":"Feature","id":"unnamed-tank-near-chikkondahalli","properties":{"id":"unnamed-tank-near-chikkondahalli","name":"Unnamed tank near Chikkondahalli","status":"disappeared","acres":null,"valley":null,"custodian":null,"nowOccupiedBy":null},"geometry":{"type":"Point","coordinates":[77.932303,13.233394]}},{"type":"Feature","id":"unnamed-tank-near-chilenahalli","properties":{"id":"unnamed-tank-near-chilenahalli","name":"Unnamed tank near Chilenahalli","status":"disappeared","acres":null,"valley":null,"custodian":null,"nowOccupiedBy":null},"geometry":{"type":"Point","coordinates":[77.459537,13.37356]}},{"type":"Feature","id":"unnamed-tank-near-chimachanahalli","properties":{"id":"unnamed-tank-near-chimachanahalli","name":"Unnamed tank near Chimachanahalli","status":"disappeared","acres":null,"valley":null,"custodian":null,"nowOccupiedBy":null},"geometry":{"type":"Point","coordinates":[77.793122,13.226798]}},{"type":"Feature","id":"unnamed-tank-near-chinnahalli","properties":{"id":"unnamed-tank-near-chinnahalli","name":"Unnamed tank near Chinnahalli","status":"disappeared","acres":null,"valley":null,"custodian":null,"nowOccupiedBy":null},"geometry":{"type":"Point","coordinates":[77.321405,13.382769]}},{"type":"Feature","id":"unnamed-tank-near-chokkandahalli","properties":{"id":"unnamed-tank-near-chokkandahalli","name":"Unnamed tank near Chokkandahalli","status":"disappeared","acres":null,"valley":null,"custodian":null,"nowOccupiedBy":null},"geometry":{"type":"Point","coordinates":[77.922673,13.031182]}},{"type":"Feature","id":"unnamed-tank-near-chunchanakuppe","properties":{"id":"unnamed-tank-near-chunchanakuppe","name":"Unnamed tank near Chunchanakuppe","status":"disappeared","acres":null,"valley":null,"custodian":null,"nowOccupiedBy":null},"geometry":{"type":"Point","coordinates":[77.383267,12.89984]}},{"type":"Feature","id":"unnamed-tank-near-dadagattamadagu","properties":{"id":"unnamed-tank-near-dadagattamadagu","name":"Unnamed tank near Dadagattamadagu","status":"disappeared","acres":null,"valley":null,"custodian":null,"nowOccupiedBy":null},"geometry":{"type":"Point","coordinates":[77.370859,13.447797]}},{"type":"Feature","id":"unnamed-tank-near-dalasagere","properties":{"id":"unnamed-tank-near-dalasagere","name":"Unnamed tank near Dalasagere","status":"disappeared","acres":null,"valley":null,"custodian":null,"nowOccupiedBy":null},"geometry":{"type":"Point","coordinates":[77.949763,13.233877]}},{"type":"Feature","id":"unnamed-tank-near-dasanapura","properties":{"id":"unnamed-tank-near-dasanapura","name":"Unnamed tank near Dasanapura","status":"disappeared","acres":null,"valley":null,"custodian":null,"nowOccupiedBy":null},"geometry":{"type":"Point","coordinates":[77.423971,13.064441]}},{"type":"Feature","id":"unnamed-tank-near-devaganahalli","properties":{"id":"unnamed-tank-near-devaganahalli","name":"Unnamed tank near Devaganahalli","status":"disappeared","acres":null,"valley":null,"custodian":null,"nowOccupiedBy":null},"geometry":{"type":"Point","coordinates":[77.644651,13.248983]}},{"type":"Feature","id":"unnamed-tank-near-devanahalli","properties":{"id":"unnamed-tank-near-devanahalli","name":"Unnamed tank near Devanahalli","status":"disappeared","acres":null,"valley":null,"custodian":null,"nowOccupiedBy":null},"geometry":{"type":"Point","coordinates":[77.70986,13.252892]}},{"type":"Feature","id":"unnamed-tank-near-devashettihalli","properties":{"id":"unnamed-tank-near-devashettihalli","name":"Unnamed tank near Devashettihalli","status":"disappeared","acres":null,"valley":null,"custodian":null,"nowOccupiedBy":null},"geometry":{"type":"Point","coordinates":[77.817285,13.025733]}},{"type":"Feature","id":"unnamed-tank-near-dharmapura","properties":{"id":"unnamed-tank-near-dharmapura","name":"Unnamed tank near Dharmapura","status":"disappeared","acres":null,"valley":null,"custodian":null,"nowOccupiedBy":null},"geometry":{"type":"Point","coordinates":[77.801917,13.274888]}},{"type":"Feature","id":"unnamed-tank-near-dodda-hosahalli","properties":{"id":"unnamed-tank-near-dodda-hosahalli","name":"Unnamed tank near Dodda Hosahalli","status":"disappeared","acres":null,"valley":null,"custodian":null,"nowOccupiedBy":null},"geometry":{"type":"Point","coordinates":[77.747823,13.203233]}},{"type":"Feature","id":"unnamed-tank-near-dodda-saggere","properties":{"id":"unnamed-tank-near-dodda-saggere","name":"Unnamed tank near Dodda Saggere","status":"disappeared","acres":null,"valley":null,"custodian":null,"nowOccupiedBy":null},"geometry":{"type":"Point","coordinates":[77.345636,13.469974]}},{"type":"Feature","id":"unnamed-tank-near-doddabettahalli","properties":{"id":"unnamed-tank-near-doddabettahalli","name":"Unnamed tank near Doddabettahalli","status":"disappeared","acres":null,"valley":null,"custodian":null,"nowOccupiedBy":null},"geometry":{"type":"Point","coordinates":[77.572353,13.10617]}},{"type":"Feature","id":"unnamed-tank-near-doddahulluru","properties":{"id":"unnamed-tank-near-doddahulluru","name":"Unnamed tank near Doddahulluru","status":"disappeared","acres":null,"valley":null,"custodian":null,"nowOccupiedBy":null},"geometry":{"type":"Point","coordinates":[77.817141,13.08827]}},{"type":"Feature","id":"unnamed-tank-near-dombarahalli","properties":{"id":"unnamed-tank-near-dombarahalli","name":"Unnamed tank near Dombarahalli","status":"disappeared","acres":null,"valley":null,"custodian":null,"nowOccupiedBy":null},"geometry":{"type":"Point","coordinates":[77.466549,13.052376]}},{"type":"Feature","id":"unnamed-tank-near-dyapenahalli","properties":{"id":"unnamed-tank-near-dyapenahalli","name":"Unnamed tank near Dyapenahalli","status":"disappeared","acres":null,"valley":null,"custodian":null,"nowOccupiedBy":null},"geometry":{"type":"Point","coordinates":[77.279843,13.312267]}},{"type":"Feature","id":"unnamed-tank-near-dyavasandra","properties":{"id":"unnamed-tank-near-dyavasandra","name":"Unnamed tank near Dyavasandra","status":"disappeared","acres":null,"valley":null,"custodian":null,"nowOccupiedBy":null},"geometry":{"type":"Point","coordinates":[77.4456,13.479594]}},{"type":"Feature","id":"unnamed-tank-near-dyavasandra-2","properties":{"id":"unnamed-tank-near-dyavasandra-2","name":"Unnamed tank near Dyavasandra","status":"disappeared","acres":null,"valley":null,"custodian":null,"nowOccupiedBy":null},"geometry":{"type":"Point","coordinates":[77.46055,13.478169]}},{"type":"Feature","id":"unnamed-tank-near-eluvapalli","properties":{"id":"unnamed-tank-near-eluvapalli","name":"Unnamed tank near Eluvapalli","status":"disappeared","acres":null,"valley":null,"custodian":null,"nowOccupiedBy":null},"geometry":{"type":"Point","coordinates":[77.861436,12.810844]}},{"type":"Feature","id":"unnamed-tank-near-ennigere","properties":{"id":"unnamed-tank-near-ennigere","name":"Unnamed tank near Ennigere","status":"disappeared","acres":null,"valley":null,"custodian":null,"nowOccupiedBy":null},"geometry":{"type":"Point","coordinates":[77.297802,13.090733]}},{"type":"Feature","id":"unnamed-tank-near-gangodanahalli","properties":{"id":"unnamed-tank-near-gangodanahalli","name":"Unnamed tank near Gangodanahalli","status":"disappeared","acres":null,"valley":null,"custodian":null,"nowOccupiedBy":null},"geometry":{"type":"Point","coordinates":[77.467212,13.016348]}},{"type":"Feature","id":"unnamed-tank-near-garudagallu","properties":{"id":"unnamed-tank-near-garudagallu","name":"Unnamed tank near Garudagallu","status":"disappeared","acres":null,"valley":null,"custodian":null,"nowOccupiedBy":null},"geometry":{"type":"Point","coordinates":[77.353488,13.399131]}},{"type":"Feature","id":"unnamed-tank-near-garudagallu-2","properties":{"id":"unnamed-tank-near-garudagallu-2","name":"Unnamed tank near Garudagallu","status":"disappeared","acres":null,"valley":null,"custodian":null,"nowOccupiedBy":null},"geometry":{"type":"Point","coordinates":[77.347604,13.394899]}},{"type":"Feature","id":"unnamed-tank-near-gaudanakunte","properties":{"id":"unnamed-tank-near-gaudanakunte","name":"Unnamed tank near Gaudanakunte","status":"disappeared","acres":null,"valley":null,"custodian":null,"nowOccupiedBy":null},"geometry":{"type":"Point","coordinates":[77.358919,13.449886]}},{"type":"Feature","id":"unnamed-tank-near-giddenahalli","properties":{"id":"unnamed-tank-near-giddenahalli","name":"Unnamed tank near Giddenahalli","status":"disappeared","acres":null,"valley":null,"custodian":null,"nowOccupiedBy":null},"geometry":{"type":"Point","coordinates":[77.414466,12.993002]}},{"type":"Feature","id":"unnamed-tank-near-giduganahalli","properties":{"id":"unnamed-tank-near-giduganahalli","name":"Unnamed tank near Giduganahalli","status":"disappeared","acres":null,"valley":null,"custodian":null,"nowOccupiedBy":null},"geometry":{"type":"Point","coordinates":[77.29591,13.321041]}},{"type":"Feature","id":"unnamed-tank-near-giduganahalli-2","properties":{"id":"unnamed-tank-near-giduganahalli-2","name":"Unnamed tank near Giduganahalli","status":"disappeared","acres":null,"valley":null,"custodian":null,"nowOccupiedBy":null},"geometry":{"type":"Point","coordinates":[77.301067,13.310825]}},{"type":"Feature","id":"unnamed-tank-near-gollahalli","properties":{"id":"unnamed-tank-near-gollahalli","name":"Unnamed tank near Gollahalli","status":"disappeared","acres":null,"valley":null,"custodian":null,"nowOccupiedBy":null},"geometry":{"type":"Point","coordinates":[77.182426,13.140047]}},{"type":"Feature","id":"unnamed-tank-near-guddadahalli","properties":{"id":"unnamed-tank-near-guddadahalli","name":"Unnamed tank near Guddadahalli","status":"disappeared","acres":null,"valley":null,"custodian":null,"nowOccupiedBy":null},"geometry":{"type":"Point","coordinates":[77.464984,13.155639]}},{"type":"Feature","id":"unnamed-tank-near-gudemaranahalli","properties":{"id":"unnamed-tank-near-gudemaranahalli","name":"Unnamed tank near Gudemaranahalli","status":"disappeared","acres":null,"valley":null,"custodian":null,"nowOccupiedBy":null},"geometry":{"type":"Point","coordinates":[77.271563,13.053464]}},{"type":"Feature","id":"unnamed-tank-near-gummanahalli","properties":{"id":"unnamed-tank-near-gummanahalli","name":"Unnamed tank near Gummanahalli","status":"disappeared","acres":null,"valley":null,"custodian":null,"nowOccupiedBy":null},"geometry":{"type":"Point","coordinates":[77.379633,13.421785]}},{"type":"Feature","id":"unnamed-tank-near-gummanahalli-2","properties":{"id":"unnamed-tank-near-gummanahalli-2","name":"Unnamed tank near Gummanahalli","status":"disappeared","acres":null,"valley":null,"custodian":null,"nowOccupiedBy":null},"geometry":{"type":"Point","coordinates":[77.390084,13.410685]}},{"type":"Feature","id":"unnamed-tank-near-gundammanapalya","properties":{"id":"unnamed-tank-near-gundammanapalya","name":"Unnamed tank near Gundammanapalya","status":"disappeared","acres":null,"valley":null,"custodian":null,"nowOccupiedBy":null},"geometry":{"type":"Point","coordinates":[77.328997,13.032027]}},{"type":"Feature","id":"unnamed-tank-near-gundlahalli","properties":{"id":"unnamed-tank-near-gundlahalli","name":"Unnamed tank near Gundlahalli","status":"disappeared","acres":null,"valley":null,"custodian":null,"nowOccupiedBy":null},"geometry":{"type":"Point","coordinates":[77.381842,13.318851]}},{"type":"Feature","id":"unnamed-tank-near-hakkinalu","properties":{"id":"unnamed-tank-near-hakkinalu","name":"Unnamed tank near Hakkinalu","status":"disappeared","acres":null,"valley":null,"custodian":null,"nowOccupiedBy":null},"geometry":{"type":"Point","coordinates":[77.279775,13.042732]}},{"type":"Feature","id":"unnamed-tank-near-harti","properties":{"id":"unnamed-tank-near-harti","name":"Unnamed tank near Harti","status":"disappeared","acres":null,"valley":null,"custodian":null,"nowOccupiedBy":null},"geometry":{"type":"Point","coordinates":[77.246577,13.019915]}},{"type":"Feature","id":"unnamed-tank-near-hebbagodi","properties":{"id":"unnamed-tank-near-hebbagodi","name":"Unnamed tank near Hebbagodi","status":"disappeared","acres":null,"valley":null,"custodian":null,"nowOccupiedBy":null},"geometry":{"type":"Point","coordinates":[77.677023,12.818848]}},{"type":"Feature","id":"unnamed-tank-near-heggadadevanapura","properties":{"id":"unnamed-tank-near-heggadadevanapura","name":"Unnamed tank near Heggadadevanapura","status":"disappeared","acres":null,"valley":null,"custodian":null,"nowOccupiedBy":null},"geometry":{"type":"Point","coordinates":[77.46231,13.078399]}},{"type":"Feature","id":"unnamed-tank-near-hemapura","properties":{"id":"unnamed-tank-near-hemapura","name":"Unnamed tank near Hemapura","status":"disappeared","acres":null,"valley":null,"custodian":null,"nowOccupiedBy":null},"geometry":{"type":"Point","coordinates":[77.275512,13.118154]}},{"type":"Feature","id":"unnamed-tank-near-hodekallu","properties":{"id":"unnamed-tank-near-hodekallu","name":"Unnamed tank near Hodekallu","status":"disappeared","acres":null,"valley":null,"custodian":null,"nowOccupiedBy":null},"geometry":{"type":"Point","coordinates":[77.212636,13.303835]}},{"type":"Feature","id":"unnamed-tank-near-honnarayanahalli","properties":{"id":"unnamed-tank-near-honnarayanahalli","name":"Unnamed tank near Honnarayanahalli","status":"disappeared","acres":null,"valley":null,"custodian":null,"nowOccupiedBy":null},"geometry":{"type":"Point","coordinates":[77.298491,13.115187]}},{"type":"Feature","id":"unnamed-tank-near-honnenahalli","properties":{"id":"unnamed-tank-near-honnenahalli","name":"Unnamed tank near Honnenahalli","status":"disappeared","acres":null,"valley":null,"custodian":null,"nowOccupiedBy":null},"geometry":{"type":"Point","coordinates":[77.244194,13.210832]}},{"type":"Feature","id":"unnamed-tank-near-hosakote","properties":{"id":"unnamed-tank-near-hosakote","name":"Unnamed tank near Hosakote","status":"disappeared","acres":null,"valley":null,"custodian":null,"nowOccupiedBy":null},"geometry":{"type":"Point","coordinates":[77.463648,13.460658]}},{"type":"Feature","id":"unnamed-tank-near-hosakote-2","properties":{"id":"unnamed-tank-near-hosakote-2","name":"Unnamed tank near Hosakote","status":"disappeared","acres":null,"valley":null,"custodian":null,"nowOccupiedBy":null},"geometry":{"type":"Point","coordinates":[77.464815,13.45403]}},{"type":"Feature","id":"unnamed-tank-near-hullegaudanahalli","properties":{"id":"unnamed-tank-near-hullegaudanahalli","name":"Unnamed tank near Hullegaudanahalli","status":"disappeared","acres":null,"valley":null,"custodian":null,"nowOccupiedBy":null},"geometry":{"type":"Point","coordinates":[77.412305,13.06143]}},{"type":"Feature","id":"unnamed-tank-near-huskur-kodi","properties":{"id":"unnamed-tank-near-huskur-kodi","name":"Unnamed tank near Huskur Kodi","status":"disappeared","acres":null,"valley":null,"custodian":null,"nowOccupiedBy":null},"geometry":{"type":"Point","coordinates":[77.775499,13.054498]}},{"type":"Feature","id":"unnamed-tank-near-huskuru","properties":{"id":"unnamed-tank-near-huskuru","name":"Unnamed tank near Huskuru","status":"disappeared","acres":null,"valley":null,"custodian":null,"nowOccupiedBy":null},"geometry":{"type":"Point","coordinates":[77.463145,13.272821]}},{"type":"Feature","id":"unnamed-tank-near-huskuru-2","properties":{"id":"unnamed-tank-near-huskuru-2","name":"Unnamed tank near Huskuru","status":"disappeared","acres":null,"valley":null,"custodian":null,"nowOccupiedBy":null},"geometry":{"type":"Point","coordinates":[77.468188,13.26907]}},{"type":"Feature","id":"unnamed-tank-near-huvinayakanahalli","properties":{"id":"unnamed-tank-near-huvinayakanahalli","name":"Unnamed tank near Huvinayakanahalli","status":"disappeared","acres":null,"valley":null,"custodian":null,"nowOccupiedBy":null},"geometry":{"type":"Point","coordinates":[77.675986,13.148407]}},{"type":"Feature","id":"unnamed-tank-near-isturu-hosahalli","properties":{"id":"unnamed-tank-near-isturu-hosahalli","name":"Unnamed tank near Isturu Hosahalli","status":"disappeared","acres":null,"valley":null,"custodian":null,"nowOccupiedBy":null},"geometry":{"type":"Point","coordinates":[77.865262,13.228404]}},{"type":"Feature","id":"unnamed-tank-near-jigani","properties":{"id":"unnamed-tank-near-jigani","name":"Unnamed tank near Jigani","status":"disappeared","acres":null,"valley":null,"custodian":null,"nowOccupiedBy":null},"geometry":{"type":"Point","coordinates":[77.63816,12.776495]}},{"type":"Feature","id":"unnamed-tank-near-kadaranahalli","properties":{"id":"unnamed-tank-near-kadaranahalli","name":"Unnamed tank near Kadaranahalli","status":"disappeared","acres":null,"valley":null,"custodian":null,"nowOccupiedBy":null},"geometry":{"type":"Point","coordinates":[77.45195,13.032739]}},{"type":"Feature","id":"unnamed-tank-near-kadatippuru","properties":{"id":"unnamed-tank-near-kadatippuru","name":"Unnamed tank near Kadatippuru","status":"disappeared","acres":null,"valley":null,"custodian":null,"nowOccupiedBy":null},"geometry":{"type":"Point","coordinates":[77.354981,13.33118]}},{"type":"Feature","id":"unnamed-tank-near-kadirenahalli","properties":{"id":"unnamed-tank-near-kadirenahalli","name":"Unnamed tank near Kadirenahalli","status":"disappeared","acres":null,"valley":null,"custodian":null,"nowOccupiedBy":null},"geometry":{"type":"Point","coordinates":[77.465592,12.774766]}},{"type":"Feature","id":"unnamed-tank-near-kadugujjanahalli","properties":{"id":"unnamed-tank-near-kadugujjanahalli","name":"Unnamed tank near Kadugujjanahalli","status":"disappeared","acres":null,"valley":null,"custodian":null,"nowOccupiedBy":null},"geometry":{"type":"Point","coordinates":[77.264782,13.32421]}},{"type":"Feature","id":"unnamed-tank-near-kadugujjanahalli-2","properties":{"id":"unnamed-tank-near-kadugujjanahalli-2","name":"Unnamed tank near Kadugujjanahalli","status":"disappeared","acres":null,"valley":null,"custodian":null,"nowOccupiedBy":null},"geometry":{"type":"Point","coordinates":[77.266793,13.312143]}},{"type":"Feature","id":"unnamed-tank-near-kadukunte","properties":{"id":"unnamed-tank-near-kadukunte","name":"Unnamed tank near Kadukunte","status":"disappeared","acres":null,"valley":null,"custodian":null,"nowOccupiedBy":null},"geometry":{"type":"Point","coordinates":[77.434782,13.426648]}},{"type":"Feature","id":"unnamed-tank-near-kaggadasapura","properties":{"id":"unnamed-tank-near-kaggadasapura","name":"Unnamed tank near Kaggadasapura","status":"disappeared","acres":null,"valley":null,"custodian":null,"nowOccupiedBy":null},"geometry":{"type":"Point","coordinates":[77.677707,12.984514]}},{"type":"Feature","id":"unnamed-tank-near-kalanayakanahalli","properties":{"id":"unnamed-tank-near-kalanayakanahalli","name":"Unnamed tank near Kalanayakanahalli","status":"disappeared","acres":null,"valley":null,"custodian":null,"nowOccupiedBy":null},"geometry":{"type":"Point","coordinates":[77.665195,12.681377]}},{"type":"Feature","id":"unnamed-tank-near-kalkere","properties":{"id":"unnamed-tank-near-kalkere","name":"Unnamed tank near Kalkere","status":"disappeared","acres":null,"valley":null,"custodian":null,"nowOccupiedBy":null},"geometry":{"type":"Point","coordinates":[77.865307,12.879202]}},{"type":"Feature","id":"unnamed-tank-near-kalludevanahalli","properties":{"id":"unnamed-tank-near-kalludevanahalli","name":"Unnamed tank near Kalludevanahalli","status":"disappeared","acres":null,"valley":null,"custodian":null,"nowOccupiedBy":null},"geometry":{"type":"Point","coordinates":[77.46611,13.350088]}},{"type":"Feature","id":"unnamed-tank-near-kallukunte","properties":{"id":"unnamed-tank-near-kallukunte","name":"Unnamed tank near Kallukunte","status":"disappeared","acres":null,"valley":null,"custodian":null,"nowOccupiedBy":null},"geometry":{"type":"Point","coordinates":[77.427585,13.456733]}},{"type":"Feature","id":"unnamed-tank-near-kamalapura","properties":{"id":"unnamed-tank-near-kamalapura","name":"Unnamed tank near Kamalapura","status":"disappeared","acres":null,"valley":null,"custodian":null,"nowOccupiedBy":null},"geometry":{"type":"Point","coordinates":[77.181313,13.236507]}},{"type":"Feature","id":"unnamed-tank-near-kamaluru","properties":{"id":"unnamed-tank-near-kamaluru","name":"Unnamed tank near Kamaluru","status":"disappeared","acres":null,"valley":null,"custodian":null,"nowOccupiedBy":null},"geometry":{"type":"Point","coordinates":[77.491976,13.365081]}},{"type":"Feature","id":"unnamed-tank-near-kamaluru-palya","properties":{"id":"unnamed-tank-near-kamaluru-palya","name":"Unnamed tank near Kamaluru Palya","status":"disappeared","acres":null,"valley":null,"custodian":null,"nowOccupiedBy":null},"geometry":{"type":"Point","coordinates":[77.476893,13.349517]}},{"type":"Feature","id":"unnamed-tank-near-kammasandra","properties":{"id":"unnamed-tank-near-kammasandra","name":"Unnamed tank near Kammasandra","status":"disappeared","acres":null,"valley":null,"custodian":null,"nowOccupiedBy":null},"geometry":{"type":"Point","coordinates":[77.444296,13.040077]}},{"type":"Feature","id":"unnamed-tank-near-kanakenahalli","properties":{"id":"unnamed-tank-near-kanakenahalli","name":"Unnamed tank near Kanakenahalli","status":"disappeared","acres":null,"valley":null,"custodian":null,"nowOccupiedBy":null},"geometry":{"type":"Point","coordinates":[77.370931,13.385636]}},{"type":"Feature","id":"unnamed-tank-near-kanakenahalli-2","properties":{"id":"unnamed-tank-near-kanakenahalli-2","name":"Unnamed tank near Kanakenahalli","status":"disappeared","acres":null,"valley":null,"custodian":null,"nowOccupiedBy":null},"geometry":{"type":"Point","coordinates":[77.277776,13.091483]}},{"type":"Feature","id":"unnamed-tank-near-kanegaudanahalli","properties":{"id":"unnamed-tank-near-kanegaudanahalli","name":"Unnamed tank near Kanegaudanahalli","status":"disappeared","acres":null,"valley":null,"custodian":null,"nowOccupiedBy":null},"geometry":{"type":"Point","coordinates":[77.381588,13.125576]}},{"type":"Feature","id":"unnamed-tank-near-kannaikana-agrahara","properties":{"id":"unnamed-tank-near-kannaikana-agrahara","name":"Unnamed tank near Kannaikana Agrahara","status":"disappeared","acres":null,"valley":null,"custodian":null,"nowOccupiedBy":null},"geometry":{"type":"Point","coordinates":[77.552702,12.843584]}},{"type":"Feature","id":"unnamed-tank-near-karimanne","properties":{"id":"unnamed-tank-near-karimanne","name":"Unnamed tank near Karimanne","status":"disappeared","acres":null,"valley":null,"custodian":null,"nowOccupiedBy":null},"geometry":{"type":"Point","coordinates":[77.26097,13.261892]}},{"type":"Feature","id":"unnamed-tank-near-karlapura","properties":{"id":"unnamed-tank-near-karlapura","name":"Unnamed tank near Karlapura","status":"disappeared","acres":null,"valley":null,"custodian":null,"nowOccupiedBy":null},"geometry":{"type":"Point","coordinates":[77.482479,13.216011]}},{"type":"Feature","id":"unnamed-tank-near-kasaraghatta","properties":{"id":"unnamed-tank-near-kasaraghatta","name":"Unnamed tank near Kasaraghatta","status":"disappeared","acres":null,"valley":null,"custodian":null,"nowOccupiedBy":null},"geometry":{"type":"Point","coordinates":[77.254062,13.166966]}},{"type":"Feature","id":"unnamed-tank-near-katenahalli","properties":{"id":"unnamed-tank-near-katenahalli","name":"Unnamed tank near Katenahalli","status":"disappeared","acres":null,"valley":null,"custodian":null,"nowOccupiedBy":null},"geometry":{"type":"Point","coordinates":[77.343973,13.354321]}},{"type":"Feature","id":"unnamed-tank-near-kattugollahalli","properties":{"id":"unnamed-tank-near-kattugollahalli","name":"Unnamed tank near Kattugollahalli","status":"disappeared","acres":null,"valley":null,"custodian":null,"nowOccupiedBy":null},"geometry":{"type":"Point","coordinates":[77.732325,13.092275]}},{"type":"Feature","id":"unnamed-tank-near-kempalinganahalli","properties":{"id":"unnamed-tank-near-kempalinganahalli","name":"Unnamed tank near Kempalinganahalli","status":"disappeared","acres":null,"valley":null,"custodian":null,"nowOccupiedBy":null},"geometry":{"type":"Point","coordinates":[77.365267,13.106281]}},{"type":"Feature","id":"unnamed-tank-near-kempohalli","properties":{"id":"unnamed-tank-near-kempohalli","name":"Unnamed tank near Kempohalli","status":"disappeared","acres":null,"valley":null,"custodian":null,"nowOccupiedBy":null},"geometry":{"type":"Point","coordinates":[77.332095,13.122194]}},{"type":"Feature","id":"unnamed-tank-near-kenchanakuppe","properties":{"id":"unnamed-tank-near-kenchanakuppe","name":"Unnamed tank near Kenchanakuppe","status":"disappeared","acres":null,"valley":null,"custodian":null,"nowOccupiedBy":null},"geometry":{"type":"Point","coordinates":[77.363736,12.799346]}},{"type":"Feature","id":"unnamed-tank-near-ketaganahalli","properties":{"id":"unnamed-tank-near-ketaganahalli","name":"Unnamed tank near Ketaganahalli","status":"disappeared","acres":null,"valley":null,"custodian":null,"nowOccupiedBy":null},"geometry":{"type":"Point","coordinates":[77.385328,12.814771]}},{"type":"Feature","id":"unnamed-tank-near-kodappanahalli","properties":{"id":"unnamed-tank-near-kodappanahalli","name":"Unnamed tank near Kodappanahalli","status":"disappeared","acres":null,"valley":null,"custodian":null,"nowOccupiedBy":null},"geometry":{"type":"Point","coordinates":[77.382464,13.068511]}},{"type":"Feature","id":"unnamed-tank-near-kodihalli","properties":{"id":"unnamed-tank-near-kodihalli","name":"Unnamed tank near Kodihalli","status":"disappeared","acres":null,"valley":null,"custodian":null,"nowOccupiedBy":null},"geometry":{"type":"Point","coordinates":[77.456399,13.193568]}},{"type":"Feature","id":"unnamed-tank-near-kodihalli-2","properties":{"id":"unnamed-tank-near-kodihalli-2","name":"Unnamed tank near Kodihalli","status":"disappeared","acres":null,"valley":null,"custodian":null,"nowOccupiedBy":null},"geometry":{"type":"Point","coordinates":[77.465895,13.186371]}},{"type":"Feature","id":"unnamed-tank-near-kodihalli-3","properties":{"id":"unnamed-tank-near-kodihalli-3","name":"Unnamed tank near Kodihalli","status":"disappeared","acres":null,"valley":null,"custodian":null,"nowOccupiedBy":null},"geometry":{"type":"Point","coordinates":[77.425876,12.732711]}},{"type":"Feature","id":"unnamed-tank-near-kolala","properties":{"id":"unnamed-tank-near-kolala","name":"Unnamed tank near Kolala","status":"disappeared","acres":null,"valley":null,"custodian":null,"nowOccupiedBy":null},"geometry":{"type":"Point","coordinates":[77.315758,13.371416]}},{"type":"Feature","id":"unnamed-tank-near-kolala-2","properties":{"id":"unnamed-tank-near-kolala-2","name":"Unnamed tank near Kolala","status":"disappeared","acres":null,"valley":null,"custodian":null,"nowOccupiedBy":null},"geometry":{"type":"Point","coordinates":[77.306437,13.358707]}},{"type":"Feature","id":"unnamed-tank-near-konenahalli","properties":{"id":"unnamed-tank-near-konenahalli","name":"Unnamed tank near Konenahalli","status":"disappeared","acres":null,"valley":null,"custodian":null,"nowOccupiedBy":null},"geometry":{"type":"Point","coordinates":[77.383443,13.335306]}},{"type":"Feature","id":"unnamed-tank-near-korlahalli","properties":{"id":"unnamed-tank-near-korlahalli","name":"Unnamed tank near Korlahalli","status":"disappeared","acres":null,"valley":null,"custodian":null,"nowOccupiedBy":null},"geometry":{"type":"Point","coordinates":[77.611269,13.39589]}},{"type":"Feature","id":"unnamed-tank-near-kottaganahalli","properties":{"id":"unnamed-tank-near-kottaganahalli","name":"Unnamed tank near Kottaganahalli","status":"disappeared","acres":null,"valley":null,"custodian":null,"nowOccupiedBy":null},"geometry":{"type":"Point","coordinates":[77.287707,13.012481]}},{"type":"Feature","id":"unnamed-tank-near-kugonahalli","properties":{"id":"unnamed-tank-near-kugonahalli","name":"Unnamed tank near Kugonahalli","status":"disappeared","acres":null,"valley":null,"custodian":null,"nowOccupiedBy":null},"geometry":{"type":"Point","coordinates":[77.465655,13.313236]}},{"type":"Feature","id":"unnamed-tank-near-kugonahalli-2","properties":{"id":"unnamed-tank-near-kugonahalli-2","name":"Unnamed tank near Kugonahalli","status":"disappeared","acres":null,"valley":null,"custodian":null,"nowOccupiedBy":null},"geometry":{"type":"Point","coordinates":[77.45858,13.300698]}},{"type":"Feature","id":"unnamed-tank-near-kuluvanahally","properties":{"id":"unnamed-tank-near-kuluvanahally","name":"Unnamed tank near Kuluvanahally","status":"disappeared","acres":null,"valley":null,"custodian":null,"nowOccupiedBy":null},"geometry":{"type":"Point","coordinates":[77.291791,13.170754]}},{"type":"Feature","id":"unnamed-tank-near-kuruvelu","properties":{"id":"unnamed-tank-near-kuruvelu","name":"Unnamed tank near Kuruvelu","status":"disappeared","acres":null,"valley":null,"custodian":null,"nowOccupiedBy":null},"geometry":{"type":"Point","coordinates":[77.248087,13.310341]}},{"type":"Feature","id":"unnamed-tank-near-lakkenahalli","properties":{"id":"unnamed-tank-near-lakkenahalli","name":"Unnamed tank near Lakkenahalli","status":"disappeared","acres":null,"valley":null,"custodian":null,"nowOccupiedBy":null},"geometry":{"type":"Point","coordinates":[77.304237,13.183101]}},{"type":"Feature","id":"unnamed-tank-near-lingadaviranahalli","properties":{"id":"unnamed-tank-near-lingadaviranahalli","name":"Unnamed tank near Lingadaviranahalli","status":"disappeared","acres":null,"valley":null,"custodian":null,"nowOccupiedBy":null},"geometry":{"type":"Point","coordinates":[77.382056,13.437902]}},{"type":"Feature","id":"unnamed-tank-near-lingapura","properties":{"id":"unnamed-tank-near-lingapura","name":"Unnamed tank near Lingapura","status":"disappeared","acres":null,"valley":null,"custodian":null,"nowOccupiedBy":null},"geometry":{"type":"Point","coordinates":[77.322616,13.457666]}},{"type":"Feature","id":"unnamed-tank-near-lingapura-2","properties":{"id":"unnamed-tank-near-lingapura-2","name":"Unnamed tank near Lingapura","status":"disappeared","acres":null,"valley":null,"custodian":null,"nowOccupiedBy":null},"geometry":{"type":"Point","coordinates":[77.93122,13.151823]}},{"type":"Feature","id":"unnamed-tank-near-machonayakanahalli","properties":{"id":"unnamed-tank-near-machonayakanahalli","name":"Unnamed tank near Machonayakanahalli","status":"disappeared","acres":null,"valley":null,"custodian":null,"nowOccupiedBy":null},"geometry":{"type":"Point","coordinates":[77.382057,13.144427]}},{"type":"Feature","id":"unnamed-tank-near-madanayakanahalli","properties":{"id":"unnamed-tank-near-madanayakanahalli","name":"Unnamed tank near Madanayakanahalli","status":"disappeared","acres":null,"valley":null,"custodian":null,"nowOccupiedBy":null},"geometry":{"type":"Point","coordinates":[77.466143,13.064267]}},{"type":"Feature","id":"unnamed-tank-near-madhya-venkatapura","properties":{"id":"unnamed-tank-near-madhya-venkatapura","name":"Unnamed tank near Madhya Venkatapura","status":"disappeared","acres":null,"valley":null,"custodian":null,"nowOccupiedBy":null},"geometry":{"type":"Point","coordinates":[77.326667,13.477699]}},{"type":"Feature","id":"unnamed-tank-near-madhya-venkatapura-2","properties":{"id":"unnamed-tank-near-madhya-venkatapura-2","name":"Unnamed tank near Madhya Venkatapura","status":"disappeared","acres":null,"valley":null,"custodian":null,"nowOccupiedBy":null},"geometry":{"type":"Point","coordinates":[77.325385,13.469543]}},{"type":"Feature","id":"unnamed-tank-near-madigondanahalli","properties":{"id":"unnamed-tank-near-madigondanahalli","name":"Unnamed tank near Madigondanahalli","status":"disappeared","acres":null,"valley":null,"custodian":null,"nowOccupiedBy":null},"geometry":{"type":"Point","coordinates":[77.211003,13.061982]}},{"type":"Feature","id":"unnamed-tank-near-mahadevapura","properties":{"id":"unnamed-tank-near-mahadevapura","name":"Unnamed tank near Mahadevapura","status":"disappeared","acres":null,"valley":null,"custodian":null,"nowOccupiedBy":null},"geometry":{"type":"Point","coordinates":[77.317889,13.067385]}},{"type":"Feature","id":"unnamed-tank-near-makenahalli","properties":{"id":"unnamed-tank-near-makenahalli","name":"Unnamed tank near Makenahalli","status":"disappeared","acres":null,"valley":null,"custodian":null,"nowOccupiedBy":null},"geometry":{"type":"Point","coordinates":[77.235526,13.303419]}},{"type":"Feature","id":"unnamed-tank-near-mallasandra","properties":{"id":"unnamed-tank-near-mallasandra","name":"Unnamed tank near Mallasandra","status":"disappeared","acres":null,"valley":null,"custodian":null,"nowOccupiedBy":null},"geometry":{"type":"Point","coordinates":[77.386515,13.003789]}},{"type":"Feature","id":"unnamed-tank-near-mallegaudanahalli","properties":{"id":"unnamed-tank-near-mallegaudanahalli","name":"Unnamed tank near Mallegaudanahalli","status":"disappeared","acres":null,"valley":null,"custodian":null,"nowOccupiedBy":null},"geometry":{"type":"Point","coordinates":[77.381344,13.369967]}},{"type":"Feature","id":"unnamed-tank-near-malluru","properties":{"id":"unnamed-tank-near-malluru","name":"Unnamed tank near Malluru","status":"disappeared","acres":null,"valley":null,"custodian":null,"nowOccupiedBy":null},"geometry":{"type":"Point","coordinates":[77.297063,13.00837]}},{"type":"Feature","id":"unnamed-tank-near-malluru-2","properties":{"id":"unnamed-tank-near-malluru-2","name":"Unnamed tank near Malluru","status":"disappeared","acres":null,"valley":null,"custodian":null,"nowOccupiedBy":null},"geometry":{"type":"Point","coordinates":[77.813137,13.346421]}},{"type":"Feature","id":"unnamed-tank-near-manchenahalli","properties":{"id":"unnamed-tank-near-manchenahalli","name":"Unnamed tank near Manchenahalli","status":"disappeared","acres":null,"valley":null,"custodian":null,"nowOccupiedBy":null},"geometry":{"type":"Point","coordinates":[77.362564,13.034278]}},{"type":"Feature","id":"unnamed-tank-near-mandibyadarahalli","properties":{"id":"unnamed-tank-near-mandibyadarahalli","name":"Unnamed tank near Mandibyadarahalli","status":"disappeared","acres":null,"valley":null,"custodian":null,"nowOccupiedBy":null},"geometry":{"type":"Point","coordinates":[77.466052,13.306604]}},{"type":"Feature","id":"unnamed-tank-near-mandigere","properties":{"id":"unnamed-tank-near-mandigere","name":"Unnamed tank near Mandigere","status":"disappeared","acres":null,"valley":null,"custodian":null,"nowOccupiedBy":null},"geometry":{"type":"Point","coordinates":[77.364127,13.165563]}},{"type":"Feature","id":"unnamed-tank-near-mannerampura","properties":{"id":"unnamed-tank-near-mannerampura","name":"Unnamed tank near Mannerampura","status":"disappeared","acres":null,"valley":null,"custodian":null,"nowOccupiedBy":null},"geometry":{"type":"Point","coordinates":[77.2959,13.269248]}},{"type":"Feature","id":"unnamed-tank-near-mannerampura-2","properties":{"id":"unnamed-tank-near-mannerampura-2","name":"Unnamed tank near Mannerampura","status":"disappeared","acres":null,"valley":null,"custodian":null,"nowOccupiedBy":null},"geometry":{"type":"Point","coordinates":[77.294718,13.261941]}},{"type":"Feature","id":"unnamed-tank-near-mantanakurchi","properties":{"id":"unnamed-tank-near-mantanakurchi","name":"Unnamed tank near Mantanakurchi","status":"disappeared","acres":null,"valley":null,"custodian":null,"nowOccupiedBy":null},"geometry":{"type":"Point","coordinates":[77.384491,13.035877]}},{"type":"Feature","id":"unnamed-tank-near-maragondanahalli","properties":{"id":"unnamed-tank-near-maragondanahalli","name":"Unnamed tank near Maragondanahalli","status":"disappeared","acres":null,"valley":null,"custodian":null,"nowOccupiedBy":null},"geometry":{"type":"Point","coordinates":[77.571404,13.208758]}},{"type":"Feature","id":"unnamed-tank-near-minakunte-hosuru","properties":{"id":"unnamed-tank-near-minakunte-hosuru","name":"Unnamed tank near Minakunte Hosuru","status":"disappeared","acres":null,"valley":null,"custodian":null,"nowOccupiedBy":null},"geometry":{"type":"Point","coordinates":[77.633886,13.181402]}},{"type":"Feature","id":"unnamed-tank-near-minasandra","properties":{"id":"unnamed-tank-near-minasandra","name":"Unnamed tank near Minasandra","status":"disappeared","acres":null,"valley":null,"custodian":null,"nowOccupiedBy":null},"geometry":{"type":"Point","coordinates":[77.922517,12.916381]}},{"type":"Feature","id":"unnamed-tank-near-mitrahalli","properties":{"id":"unnamed-tank-near-mitrahalli","name":"Unnamed tank near Mitrahalli","status":"disappeared","acres":null,"valley":null,"custodian":null,"nowOccupiedBy":null},"geometry":{"type":"Point","coordinates":[77.293958,13.357225]}},{"type":"Feature","id":"unnamed-tank-near-muddalinganahalli","properties":{"id":"unnamed-tank-near-muddalinganahalli","name":"Unnamed tank near Muddalinganahalli","status":"disappeared","acres":null,"valley":null,"custodian":null,"nowOccupiedBy":null},"geometry":{"type":"Point","coordinates":[77.30106,13.245448]}},{"type":"Feature","id":"unnamed-tank-near-muppenahalli","properties":{"id":"unnamed-tank-near-muppenahalli","name":"Unnamed tank near Muppenahalli","status":"disappeared","acres":null,"valley":null,"custodian":null,"nowOccupiedBy":null},"geometry":{"type":"Point","coordinates":[77.250827,13.109908]}},{"type":"Feature","id":"unnamed-tank-near-muthkuru","properties":{"id":"unnamed-tank-near-muthkuru","name":"Unnamed tank near Muthkuru","status":"disappeared","acres":null,"valley":null,"custodian":null,"nowOccupiedBy":null},"geometry":{"type":"Point","coordinates":[77.503409,13.16891]}},{"type":"Feature","id":"unnamed-tank-near-naganahalli","properties":{"id":"unnamed-tank-near-naganahalli","name":"Unnamed tank near Naganahalli","status":"disappeared","acres":null,"valley":null,"custodian":null,"nowOccupiedBy":null},"geometry":{"type":"Point","coordinates":[77.359516,12.980338]}},{"type":"Feature","id":"unnamed-tank-near-nakkalahall","properties":{"id":"unnamed-tank-near-nakkalahall","name":"Unnamed tank near Nakkalahall","status":"disappeared","acres":null,"valley":null,"custodian":null,"nowOccupiedBy":null},"geometry":{"type":"Point","coordinates":[77.77748,13.364821]}},{"type":"Feature","id":"unnamed-tank-near-nallappanahalli","properties":{"id":"unnamed-tank-near-nallappanahalli","name":"Unnamed tank near Nallappanahalli","status":"disappeared","acres":null,"valley":null,"custodian":null,"nowOccupiedBy":null},"geometry":{"type":"Point","coordinates":[77.784042,13.206593]}},{"type":"Feature","id":"unnamed-tank-near-nallenahalli","properties":{"id":"unnamed-tank-near-nallenahalli","name":"Unnamed tank near Nallenahalli","status":"disappeared","acres":null,"valley":null,"custodian":null,"nowOccupiedBy":null},"geometry":{"type":"Point","coordinates":[77.871379,13.303173]}},{"type":"Feature","id":"unnamed-tank-near-nallenahalli-2","properties":{"id":"unnamed-tank-near-nallenahalli-2","name":"Unnamed tank near Nallenahalli","status":"disappeared","acres":null,"valley":null,"custodian":null,"nowOccupiedBy":null},"geometry":{"type":"Point","coordinates":[77.861505,13.296211]}},{"type":"Feature","id":"unnamed-tank-near-nandihalli","properties":{"id":"unnamed-tank-near-nandihalli","name":"Unnamed tank near Nandihalli","status":"disappeared","acres":null,"valley":null,"custodian":null,"nowOccupiedBy":null},"geometry":{"type":"Point","coordinates":[77.211308,13.267152]}},{"type":"Feature","id":"unnamed-tank-near-nandihalli-2","properties":{"id":"unnamed-tank-near-nandihalli-2","name":"Unnamed tank near Nandihalli","status":"disappeared","acres":null,"valley":null,"custodian":null,"nowOccupiedBy":null},"geometry":{"type":"Point","coordinates":[77.2013,13.26175]}},{"type":"Feature","id":"unnamed-tank-near-narasapura","properties":{"id":"unnamed-tank-near-narasapura","name":"Unnamed tank near Narasapura","status":"disappeared","acres":null,"valley":null,"custodian":null,"nowOccupiedBy":null},"geometry":{"type":"Point","coordinates":[77.40007,13.372606]}},{"type":"Feature","id":"unnamed-tank-near-narasapura-2","properties":{"id":"unnamed-tank-near-narasapura-2","name":"Unnamed tank near Narasapura","status":"disappeared","acres":null,"valley":null,"custodian":null,"nowOccupiedBy":null},"geometry":{"type":"Point","coordinates":[77.405287,13.361047]}},{"type":"Feature","id":"unnamed-tank-near-narasapura-3","properties":{"id":"unnamed-tank-near-narasapura-3","name":"Unnamed tank near Narasapura","status":"disappeared","acres":null,"valley":null,"custodian":null,"nowOccupiedBy":null},"geometry":{"type":"Point","coordinates":[77.311365,13.341705]}},{"type":"Feature","id":"unnamed-tank-near-neralaghatta","properties":{"id":"unnamed-tank-near-neralaghatta","name":"Unnamed tank near Neralaghatta","status":"disappeared","acres":null,"valley":null,"custodian":null,"nowOccupiedBy":null},"geometry":{"type":"Point","coordinates":[77.484253,13.310083]}},{"type":"Feature","id":"unnamed-tank-near-obanaykanapalya","properties":{"id":"unnamed-tank-near-obanaykanapalya","name":"Unnamed tank near Obanaykanapalya","status":"disappeared","acres":null,"valley":null,"custodian":null,"nowOccupiedBy":null},"geometry":{"type":"Point","coordinates":[77.350575,13.420879]}},{"type":"Feature","id":"unnamed-tank-near-ojenahalli","properties":{"id":"unnamed-tank-near-ojenahalli","name":"Unnamed tank near Ojenahalli","status":"disappeared","acres":null,"valley":null,"custodian":null,"nowOccupiedBy":null},"geometry":{"type":"Point","coordinates":[77.47089,13.442287]}},{"type":"Feature","id":"unnamed-tank-near-pataganahalli","properties":{"id":"unnamed-tank-near-pataganahalli","name":"Unnamed tank near Pataganahalli","status":"disappeared","acres":null,"valley":null,"custodian":null,"nowOccupiedBy":null},"geometry":{"type":"Point","coordinates":[77.295207,13.420742]}},{"type":"Feature","id":"unnamed-tank-near-pattadevarapalya","properties":{"id":"unnamed-tank-near-pattadevarapalya","name":"Unnamed tank near Pattadevarapalya","status":"disappeared","acres":null,"valley":null,"custodian":null,"nowOccupiedBy":null},"geometry":{"type":"Point","coordinates":[77.295045,13.44757]}},{"type":"Feature","id":"unnamed-tank-near-pemmanahalli","properties":{"id":"unnamed-tank-near-pemmanahalli","name":"Unnamed tank near Pemmanahalli","status":"disappeared","acres":null,"valley":null,"custodian":null,"nowOccupiedBy":null},"geometry":{"type":"Point","coordinates":[77.298403,13.016676]}},{"type":"Feature","id":"unnamed-tank-near-poonapalli","properties":{"id":"unnamed-tank-near-poonapalli","name":"Unnamed tank near Poonapalli","status":"disappeared","acres":null,"valley":null,"custodian":null,"nowOccupiedBy":null},"geometry":{"type":"Point","coordinates":[77.788481,12.681289]}},{"type":"Feature","id":"unnamed-tank-near-poonapalli-2","properties":{"id":"unnamed-tank-near-poonapalli-2","name":"Unnamed tank near Poonapalli","status":"disappeared","acres":null,"valley":null,"custodian":null,"nowOccupiedBy":null},"geometry":{"type":"Point","coordinates":[77.7746,12.679485]}},{"type":"Feature","id":"unnamed-tank-near-pura","properties":{"id":"unnamed-tank-near-pura","name":"Unnamed tank near Pura","status":"disappeared","acres":null,"valley":null,"custodian":null,"nowOccupiedBy":null},"geometry":{"type":"Point","coordinates":[77.792309,13.306847]}},{"type":"Feature","id":"unnamed-tank-near-purushanahalli","properties":{"id":"unnamed-tank-near-purushanahalli","name":"Unnamed tank near Purushanahalli","status":"disappeared","acres":null,"valley":null,"custodian":null,"nowOccupiedBy":null},"geometry":{"type":"Point","coordinates":[77.388188,13.239339]}},{"type":"Feature","id":"unnamed-tank-near-puttasandra","properties":{"id":"unnamed-tank-near-puttasandra","name":"Unnamed tank near Puttasandra","status":"disappeared","acres":null,"valley":null,"custodian":null,"nowOccupiedBy":null},"geometry":{"type":"Point","coordinates":[77.301042,13.433804]}},{"type":"Feature","id":"unnamed-tank-near-puttayyana-agrahara","properties":{"id":"unnamed-tank-near-puttayyana-agrahara","name":"Unnamed tank near Puttayyana Agrahara","status":"disappeared","acres":null,"valley":null,"custodian":null,"nowOccupiedBy":null},"geometry":{"type":"Point","coordinates":[77.427222,13.262279]}},{"type":"Feature","id":"unnamed-tank-near-ramadevanahalli","properties":{"id":"unnamed-tank-near-ramadevanahalli","name":"Unnamed tank near Ramadevanahalli","status":"disappeared","acres":null,"valley":null,"custodian":null,"nowOccupiedBy":null},"geometry":{"type":"Point","coordinates":[77.439651,13.186144]}},{"type":"Feature","id":"unnamed-tank-near-rampura","properties":{"id":"unnamed-tank-near-rampura","name":"Unnamed tank near Rampura","status":"disappeared","acres":null,"valley":null,"custodian":null,"nowOccupiedBy":null},"geometry":{"type":"Point","coordinates":[77.422402,13.311211]}},{"type":"Feature","id":"unnamed-tank-near-ravutanahalli","properties":{"id":"unnamed-tank-near-ravutanahalli","name":"Unnamed tank near Ravutanahalli","status":"disappeared","acres":null,"valley":null,"custodian":null,"nowOccupiedBy":null},"geometry":{"type":"Point","coordinates":[77.420076,13.03117]}},{"type":"Feature","id":"unnamed-tank-near-ravutanahalli-2","properties":{"id":"unnamed-tank-near-ravutanahalli-2","name":"Unnamed tank near Ravutanahalli","status":"disappeared","acres":null,"valley":null,"custodian":null,"nowOccupiedBy":null},"geometry":{"type":"Point","coordinates":[77.429103,13.029945]}},{"type":"Feature","id":"unnamed-tank-near-sampangere","properties":{"id":"unnamed-tank-near-sampangere","name":"Unnamed tank near Sampangere","status":"disappeared","acres":null,"valley":null,"custodian":null,"nowOccupiedBy":null},"geometry":{"type":"Point","coordinates":[77.893005,12.849239]}},{"type":"Feature","id":"unnamed-tank-near-sasalu","properties":{"id":"unnamed-tank-near-sasalu","name":"Unnamed tank near Sasalu","status":"disappeared","acres":null,"valley":null,"custodian":null,"nowOccupiedBy":null},"geometry":{"type":"Point","coordinates":[77.38191,13.399684]}},{"type":"Feature","id":"unnamed-tank-near-shashimakanahalli","properties":{"id":"unnamed-tank-near-shashimakanahalli","name":"Unnamed tank near Shashimakanahalli","status":"disappeared","acres":null,"valley":null,"custodian":null,"nowOccupiedBy":null},"geometry":{"type":"Point","coordinates":[77.850766,13.194608]}},{"type":"Feature","id":"unnamed-tank-near-shrigiripura","properties":{"id":"unnamed-tank-near-shrigiripura","name":"Unnamed tank near Shrigiripura","status":"disappeared","acres":null,"valley":null,"custodian":null,"nowOccupiedBy":null},"geometry":{"type":"Point","coordinates":[77.187016,13.152919]}},{"type":"Feature","id":"unnamed-tank-near-shrinivasapura","properties":{"id":"unnamed-tank-near-shrinivasapura","name":"Unnamed tank near Shrinivasapura","status":"disappeared","acres":null,"valley":null,"custodian":null,"nowOccupiedBy":null},"geometry":{"type":"Point","coordinates":[77.336048,13.091442]}},{"type":"Feature","id":"unnamed-tank-near-shyakaladevanapura","properties":{"id":"unnamed-tank-near-shyakaladevanapura","name":"Unnamed tank near Shyakaladevanapura","status":"disappeared","acres":null,"valley":null,"custodian":null,"nowOccupiedBy":null},"geometry":{"type":"Point","coordinates":[77.432899,13.252236]}},{"type":"Feature","id":"unnamed-tank-near-siddanahalli","properties":{"id":"unnamed-tank-near-siddanahalli","name":"Unnamed tank near Siddanahalli","status":"disappeared","acres":null,"valley":null,"custodian":null,"nowOccupiedBy":null},"geometry":{"type":"Point","coordinates":[77.908128,12.895771]}},{"type":"Feature","id":"unnamed-tank-near-siddanapura","properties":{"id":"unnamed-tank-near-siddanapura","name":"Unnamed tank near Siddanapura","status":"disappeared","acres":null,"valley":null,"custodian":null,"nowOccupiedBy":null},"geometry":{"type":"Point","coordinates":[77.850768,12.854322]}},{"type":"Feature","id":"unnamed-tank-near-sitanayakanahalli","properties":{"id":"unnamed-tank-near-sitanayakanahalli","name":"Unnamed tank near Sitanayakanahalli","status":"disappeared","acres":null,"valley":null,"custodian":null,"nowOccupiedBy":null},"geometry":{"type":"Point","coordinates":[77.921253,12.954547]}},{"type":"Feature","id":"unnamed-tank-near-soladevanahalli","properties":{"id":"unnamed-tank-near-soladevanahalli","name":"Unnamed tank near Soladevanahalli","status":"disappeared","acres":null,"valley":null,"custodian":null,"nowOccupiedBy":null},"geometry":{"type":"Point","coordinates":[77.339827,13.004814]}},{"type":"Feature","id":"unnamed-tank-near-soluru","properties":{"id":"unnamed-tank-near-soluru","name":"Unnamed tank near Soluru","status":"disappeared","acres":null,"valley":null,"custodian":null,"nowOccupiedBy":null},"geometry":{"type":"Point","coordinates":[77.247285,13.059164]}},{"type":"Feature","id":"unnamed-tank-near-soluru-2","properties":{"id":"unnamed-tank-near-soluru-2","name":"Unnamed tank near Soluru","status":"disappeared","acres":null,"valley":null,"custodian":null,"nowOccupiedBy":null},"geometry":{"type":"Point","coordinates":[77.683293,12.652656]}},{"type":"Feature","id":"unnamed-tank-near-somasagara","properties":{"id":"unnamed-tank-near-somasagara","name":"Unnamed tank near Somasagara","status":"disappeared","acres":null,"valley":null,"custodian":null,"nowOccupiedBy":null},"geometry":{"type":"Point","coordinates":[77.317666,13.284789]}},{"type":"Feature","id":"unnamed-tank-near-somasagara-2","properties":{"id":"unnamed-tank-near-somasagara-2","name":"Unnamed tank near Somasagara","status":"disappeared","acres":null,"valley":null,"custodian":null,"nowOccupiedBy":null},"geometry":{"type":"Point","coordinates":[77.309767,13.281928]}},{"type":"Feature","id":"unnamed-tank-near-sonnenahalli","properties":{"id":"unnamed-tank-near-sonnenahalli","name":"Unnamed tank near Sonnenahalli","status":"disappeared","acres":null,"valley":null,"custodian":null,"nowOccupiedBy":null},"geometry":{"type":"Point","coordinates":[77.409535,13.303451]}},{"type":"Feature","id":"unnamed-tank-near-subramanya-ghati","properties":{"id":"unnamed-tank-near-subramanya-ghati","name":"Unnamed tank near Subramanya Ghati","status":"disappeared","acres":null,"valley":null,"custodian":null,"nowOccupiedBy":null},"geometry":{"type":"Point","coordinates":[77.523882,13.398978]}},{"type":"Feature","id":"unnamed-tank-near-suddahalli","properties":{"id":"unnamed-tank-near-suddahalli","name":"Unnamed tank near Suddahalli","status":"disappeared","acres":null,"valley":null,"custodian":null,"nowOccupiedBy":null},"geometry":{"type":"Point","coordinates":[77.696845,13.41096]}},{"type":"Feature","id":"unnamed-tank-near-sunkadahalli","properties":{"id":"unnamed-tank-near-sunkadahalli","name":"Unnamed tank near Sunkadahalli","status":"disappeared","acres":null,"valley":null,"custodian":null,"nowOccupiedBy":null},"geometry":{"type":"Point","coordinates":[77.327573,13.394799]}},{"type":"Feature","id":"unnamed-tank-near-sunkadahalli-2","properties":{"id":"unnamed-tank-near-sunkadahalli-2","name":"Unnamed tank near Sunkadahalli","status":"disappeared","acres":null,"valley":null,"custodian":null,"nowOccupiedBy":null},"geometry":{"type":"Point","coordinates":[77.335876,13.386799]}},{"type":"Feature","id":"unnamed-tank-near-suttahalli","properties":{"id":"unnamed-tank-near-suttahalli","name":"Unnamed tank near Suttahalli","status":"disappeared","acres":null,"valley":null,"custodian":null,"nowOccupiedBy":null},"geometry":{"type":"Point","coordinates":[77.458843,13.396821]}},{"type":"Feature","id":"unnamed-tank-near-talakuppe","properties":{"id":"unnamed-tank-near-talakuppe","name":"Unnamed tank near Talakuppe","status":"disappeared","acres":null,"valley":null,"custodian":null,"nowOccupiedBy":null},"geometry":{"type":"Point","coordinates":[77.426599,12.815745]}},{"type":"Feature","id":"unnamed-tank-near-talakuppe-2","properties":{"id":"unnamed-tank-near-talakuppe-2","name":"Unnamed tank near Talakuppe","status":"disappeared","acres":null,"valley":null,"custodian":null,"nowOccupiedBy":null},"geometry":{"type":"Point","coordinates":[77.446189,12.807395]}},{"type":"Feature","id":"unnamed-tank-near-tattekere","properties":{"id":"unnamed-tank-near-tattekere","name":"Unnamed tank near Tattekere","status":"disappeared","acres":null,"valley":null,"custodian":null,"nowOccupiedBy":null},"geometry":{"type":"Point","coordinates":[77.265531,13.254226]}},{"type":"Feature","id":"unnamed-tank-near-tattekere-2","properties":{"id":"unnamed-tank-near-tattekere-2","name":"Unnamed tank near Tattekere","status":"disappeared","acres":null,"valley":null,"custodian":null,"nowOccupiedBy":null},"geometry":{"type":"Point","coordinates":[77.245028,13.0899]}},{"type":"Feature","id":"unnamed-tank-near-tattekere-3","properties":{"id":"unnamed-tank-near-tattekere-3","name":"Unnamed tank near Tattekere","status":"disappeared","acres":null,"valley":null,"custodian":null,"nowOccupiedBy":null},"geometry":{"type":"Point","coordinates":[77.23826,13.083293]}},{"type":"Feature","id":"unnamed-tank-near-teppada-beguru","properties":{"id":"unnamed-tank-near-teppada-beguru","name":"Unnamed tank near Teppada Beguru","status":"disappeared","acres":null,"valley":null,"custodian":null,"nowOccupiedBy":null},"geometry":{"type":"Point","coordinates":[77.337336,13.145955]}},{"type":"Feature","id":"unnamed-tank-near-thotadhaguddadhahalli","properties":{"id":"unnamed-tank-near-thotadhaguddadhahalli","name":"Unnamed tank near Thotadhaguddadhahalli","status":"disappeared","acres":null,"valley":null,"custodian":null,"nowOccupiedBy":null},"geometry":{"type":"Point","coordinates":[77.488004,13.063502]}},{"type":"Feature","id":"unnamed-tank-near-timmanayakanahalli","properties":{"id":"unnamed-tank-near-timmanayakanahalli","name":"Unnamed tank near Timmanayakanahalli","status":"disappeared","acres":null,"valley":null,"custodian":null,"nowOccupiedBy":null},"geometry":{"type":"Point","coordinates":[77.295362,13.380318]}},{"type":"Feature","id":"unnamed-tank-near-timmasandra","properties":{"id":"unnamed-tank-near-timmasandra","name":"Unnamed tank near Timmasandra","status":"disappeared","acres":null,"valley":null,"custodian":null,"nowOccupiedBy":null},"geometry":{"type":"Point","coordinates":[77.302198,13.136577]}},{"type":"Feature","id":"unnamed-tank-near-udukunte","properties":{"id":"unnamed-tank-near-udukunte","name":"Unnamed tank near Udukunte","status":"disappeared","acres":null,"valley":null,"custodian":null,"nowOccupiedBy":null},"geometry":{"type":"Point","coordinates":[77.234127,13.13512]}},{"type":"Feature","id":"unnamed-tank-near-uganavadi","properties":{"id":"unnamed-tank-near-uganavadi","name":"Unnamed tank near Uganavadi","status":"disappeared","acres":null,"valley":null,"custodian":null,"nowOccupiedBy":null},"geometry":{"type":"Point","coordinates":[77.676941,13.232525]}},{"type":"Feature","id":"unnamed-tank-near-uliveeranapalli","properties":{"id":"unnamed-tank-near-uliveeranapalli","name":"Unnamed tank near Uliveeranapalli","status":"disappeared","acres":null,"valley":null,"custodian":null,"nowOccupiedBy":null},"geometry":{"type":"Point","coordinates":[77.742444,12.658996]}},{"type":"Feature","id":"unnamed-tank-near-upasapura","properties":{"id":"unnamed-tank-near-upasapura","name":"Unnamed tank near Upasapura","status":"disappeared","acres":null,"valley":null,"custodian":null,"nowOccupiedBy":null},"geometry":{"type":"Point","coordinates":[77.360811,13.419636]}},{"type":"Feature","id":"unnamed-tank-near-urati-agrahara","properties":{"id":"unnamed-tank-near-urati-agrahara","name":"Unnamed tank near Urati Agrahara","status":"disappeared","acres":null,"valley":null,"custodian":null,"nowOccupiedBy":null},"geometry":{"type":"Point","coordinates":[77.943081,13.25564]}},{"type":"Feature","id":"unnamed-tank-near-urdigere","properties":{"id":"unnamed-tank-near-urdigere","name":"Unnamed tank near Urdigere","status":"disappeared","acres":null,"valley":null,"custodian":null,"nowOccupiedBy":null},"geometry":{"type":"Point","coordinates":[77.234111,13.35557]}},{"type":"Feature","id":"unnamed-tank-near-vaddarahalli","properties":{"id":"unnamed-tank-near-vaddarahalli","name":"Unnamed tank near Vaddarahalli","status":"disappeared","acres":null,"valley":null,"custodian":null,"nowOccupiedBy":null},"geometry":{"type":"Point","coordinates":[77.331069,13.372371]}},{"type":"Feature","id":"unnamed-tank-near-vanigarahalli","properties":{"id":"unnamed-tank-near-vanigarahalli","name":"Unnamed tank near Vanigarahalli","status":"disappeared","acres":null,"valley":null,"custodian":null,"nowOccupiedBy":null},"geometry":{"type":"Point","coordinates":[77.449951,13.342175]}},{"type":"Feature","id":"unnamed-tank-near-vengalammanahalli","properties":{"id":"unnamed-tank-near-vengalammanahalli","name":"Unnamed tank near Vengalammanahalli","status":"disappeared","acres":null,"valley":null,"custodian":null,"nowOccupiedBy":null},"geometry":{"type":"Point","coordinates":[77.323445,13.423015]}},{"type":"Feature","id":"unnamed-tank-near-vidyaranyanagara","properties":{"id":"unnamed-tank-near-vidyaranyanagara","name":"Unnamed tank near Vidyaranyanagara","status":"disappeared","acres":null,"valley":null,"custodian":null,"nowOccupiedBy":null},"geometry":{"type":"Point","coordinates":[77.548413,12.969124]}},{"type":"Feature","id":"unnamed-tank-near-viniyaka-layout","properties":{"id":"unnamed-tank-near-viniyaka-layout","name":"Unnamed tank near Viniyaka Layout","status":"disappeared","acres":null,"valley":null,"custodian":null,"nowOccupiedBy":null},"geometry":{"type":"Point","coordinates":[77.480274,13.128232]}},{"type":"Feature","id":"unnamed-tank-near-virasagara","properties":{"id":"unnamed-tank-near-virasagara","name":"Unnamed tank near Virasagara","status":"disappeared","acres":null,"valley":null,"custodian":null,"nowOccupiedBy":null},"geometry":{"type":"Point","coordinates":[77.196123,13.161209]}},{"type":"Feature","id":"unnamed-tank-near-vobichudahalli-obichudanahalli","properties":{"id":"unnamed-tank-near-vobichudahalli-obichudanahalli","name":"Unnamed tank near Vobichudahalli (Obichudanahalli)","status":"disappeared","acres":null,"valley":null,"custodian":null,"nowOccupiedBy":null},"geometry":{"type":"Point","coordinates":[77.53123,12.814757]}},{"type":"Feature","id":"unnamed-tank-near-yaluvahalli","properties":{"id":"unnamed-tank-near-yaluvahalli","name":"Unnamed tank near Yaluvahalli","status":"disappeared","acres":null,"valley":null,"custodian":null,"nowOccupiedBy":null},"geometry":{"type":"Point","coordinates":[77.721061,13.363518]}},{"type":"Feature","id":"unnamed-tank-near-yaramanchanahalli","properties":{"id":"unnamed-tank-near-yaramanchanahalli","name":"Unnamed tank near Yaramanchanahalli","status":"disappeared","acres":null,"valley":null,"custodian":null,"nowOccupiedBy":null},"geometry":{"type":"Point","coordinates":[77.35935,13.162347]}},{"type":"Feature","id":"unnamed-tank-near-yekashipura","properties":{"id":"unnamed-tank-near-yekashipura","name":"Unnamed tank near Yekashipura","status":"disappeared","acres":null,"valley":null,"custodian":null,"nowOccupiedBy":null},"geometry":{"type":"Point","coordinates":[77.514458,13.265908]}},{"type":"Feature","id":"unnamed-tank-near-yennur","properties":{"id":"unnamed-tank-near-yennur","name":"Unnamed tank near Yennur","status":"disappeared","acres":null,"valley":null,"custodian":null,"nowOccupiedBy":null},"geometry":{"type":"Point","coordinates":[77.910846,13.297158]}},{"type":"Feature","id":"uttarahalli-kunte","properties":{"id":"uttarahalli-kunte","name":"Uttarahalli Kunte","status":"disappeared","acres":0.25,"valley":null,"custodian":"BBMP","nowOccupiedBy":"Graveyard"},"geometry":{"type":"Point","coordinates":[77.545222,12.903833]}},{"type":"Feature","id":"uttarahalli-manavarthekaval-kunte1","properties":{"id":"uttarahalli-manavarthekaval-kunte1","name":"Uttarahalli Manavarthekaval Kunte1","status":"disappeared","acres":0.575,"valley":null,"custodian":"BBMP","nowOccupiedBy":"Eucalyptus plantation (forest)"},"geometry":{"type":"Point","coordinates":[77.526917,12.876833]}},{"type":"Feature","id":"uttarahalli-manavarthekaval-kunte2","properties":{"id":"uttarahalli-manavarthekaval-kunte2","name":"Uttarahalli Manavarthekaval Kunte2","status":"disappeared","acres":1.55,"valley":null,"custodian":"BBMP","nowOccupiedBy":"Coconut plantation"},"geometry":{"type":"Point","coordinates":[77.530361,12.854028]}},{"type":"Feature","id":"uttarahalli-manavarthekaval-kunte3","properties":{"id":"uttarahalli-manavarthekaval-kunte3","name":"Uttarahalli Manavarthekaval Kunte3","status":"disappeared","acres":0.55,"valley":null,"custodian":"BBMP","nowOccupiedBy":"Vacant land & NICE road compound"},"geometry":{"type":"Point","coordinates":[77.5385,12.855778]}},{"type":"Feature","id":"vabasandra-kunte2","properties":{"id":"vabasandra-kunte2","name":"Vabasandra Kunte2","status":"disappeared","acres":0.2,"valley":null,"custodian":"BDA","nowOccupiedBy":"Eucalyptus plantation"},"geometry":{"type":"Point","coordinates":[77.656889,12.80875]}},{"type":"Feature","id":"vabasandra-kunte4","properties":{"id":"vabasandra-kunte4","name":"Vabasandra Kunte4","status":"disappeared","acres":0.65,"valley":null,"custodian":"BDA","nowOccupiedBy":"Layout"},"geometry":{"type":"Point","coordinates":[77.647278,12.811028]}},{"type":"Feature","id":"vaddarapalya-lake-4","properties":{"id":"vaddarapalya-lake-4","name":"Vaddarapalya Lake","status":"disappeared","acres":4.2,"valley":null,"custodian":"BBMP","nowOccupiedBy":"Coconut plantation, Godown & NICE road"},"geometry":{"type":"Point","coordinates":[77.532194,12.912694]}},{"type":"Feature","id":"vajarahalli-kunte1","properties":{"id":"vajarahalli-kunte1","name":"Vajarahalli Kunte1","status":"disappeared","acres":0.8,"valley":null,"custodian":"BBMP","nowOccupiedBy":"Government school, temple & buildings"},"geometry":{"type":"Point","coordinates":[77.542611,12.873556]}},{"type":"Feature","id":"valagerahalli-kunte1","properties":{"id":"valagerahalli-kunte1","name":"Valagerahalli Kunte1","status":"disappeared","acres":0.175,"valley":null,"custodian":"BBMP","nowOccupiedBy":"Road & vacant land"},"geometry":{"type":"Point","coordinates":[77.495833,12.922583]}},{"type":"Feature","id":"valyalikaval-kunte","properties":{"id":"valyalikaval-kunte","name":"Valyalikaval Kunte","status":"disappeared","acres":0.7,"valley":null,"custodian":"BBMP","nowOccupiedBy":"Ayyapa temple, buildings & shops"},"geometry":{"type":"Point","coordinates":[77.562861,13.021278]}},{"type":"Feature","id":"varahasandra-kunte1","properties":{"id":"varahasandra-kunte1","name":"Varahasandra Kunte1","status":"disappeared","acres":2.2,"valley":null,"custodian":"BBMP","nowOccupiedBy":"House & NICE road"},"geometry":{"type":"Point","coordinates":[77.491278,12.876389]}},{"type":"Feature","id":"varahasandra-kunte2","properties":{"id":"varahasandra-kunte2","name":"Varahasandra Kunte2","status":"disappeared","acres":0.625,"valley":null,"custodian":"BBMP","nowOccupiedBy":"NICE road & agriculture land"},"geometry":{"type":"Point","coordinates":[77.489389,12.871556]}},{"type":"Feature","id":"varanasi-kunte1","properties":{"id":"varanasi-kunte1","name":"Varanasi Kunte1","status":"disappeared","acres":0.15,"valley":null,"custodian":"BBMP","nowOccupiedBy":"Vacant land & houses"},"geometry":{"type":"Point","coordinates":[77.693361,13.027333]}},{"type":"Feature","id":"varanasi-kunte2","properties":{"id":"varanasi-kunte2","name":"Varanasi Kunte2","status":"disappeared","acres":0.65,"valley":null,"custodian":"BBMP","nowOccupiedBy":"Vacant land"},"geometry":{"type":"Point","coordinates":[77.693278,13.025833]}},{"type":"Feature","id":"varthuru-kunte10","properties":{"id":"varthuru-kunte10","name":"Varthuru Kunte10","status":"disappeared","acres":0.125,"valley":null,"custodian":"BBMP","nowOccupiedBy":"Road & houses"},"geometry":{"type":"Point","coordinates":[77.742333,12.938667]}},{"type":"Feature","id":"varthuru-kunte2","properties":{"id":"varthuru-kunte2","name":"Varthuru Kunte2","status":"disappeared","acres":0.15,"valley":null,"custodian":"BBMP","nowOccupiedBy":"Houses"},"geometry":{"type":"Point","coordinates":[77.748944,12.938306]}},{"type":"Feature","id":"varthuru-kunte3","properties":{"id":"varthuru-kunte3","name":"Varthuru Kunte3","status":"disappeared","acres":0.225,"valley":null,"custodian":"BBMP","nowOccupiedBy":"Houses & temple"},"geometry":{"type":"Point","coordinates":[77.749639,12.938611]}},{"type":"Feature","id":"varthuru-kunte4","properties":{"id":"varthuru-kunte4","name":"Varthuru Kunte4","status":"disappeared","acres":0.25,"valley":null,"custodian":"BBMP","nowOccupiedBy":"Sapota plantation & vacant land"},"geometry":{"type":"Point","coordinates":[77.760056,12.937333]}},{"type":"Feature","id":"varthuru-kunte5","properties":{"id":"varthuru-kunte5","name":"Varthuru Kunte5","status":"disappeared","acres":0.5,"valley":null,"custodian":"BBMP","nowOccupiedBy":"Slum board & houses"},"geometry":{"type":"Point","coordinates":[77.762944,12.931389]}},{"type":"Feature","id":"varthuru-kunte6","properties":{"id":"varthuru-kunte6","name":"Varthuru Kunte6","status":"disappeared","acres":0.3,"valley":null,"custodian":"BBMP","nowOccupiedBy":"Vacant land"},"geometry":{"type":"Point","coordinates":[77.757722,12.932028]}},{"type":"Feature","id":"varthuru-kunte8","properties":{"id":"varthuru-kunte8","name":"Varthuru Kunte8","status":"disappeared","acres":0.475,"valley":null,"custodian":"BBMP","nowOccupiedBy":"Vacant land"},"geometry":{"type":"Point","coordinates":[77.749222,12.928139]}},{"type":"Feature","id":"varthuru-kunte9","properties":{"id":"varthuru-kunte9","name":"Varthuru Kunte9","status":"disappeared","acres":1.125,"valley":null,"custodian":"BBMP","nowOccupiedBy":"Vacant land & agriculture land"},"geometry":{"type":"Point","coordinates":[77.747417,12.934111]}},{"type":"Feature","id":"vasanthapura-kunte","properties":{"id":"vasanthapura-kunte","name":"Vasanthapura Kunte","status":"disappeared","acres":0.1,"valley":null,"custodian":"BBMP","nowOccupiedBy":"Vacant land"},"geometry":{"type":"Point","coordinates":[77.551167,12.900528]}},{"type":"Feature","id":"veeranahalli-kunte-1","properties":{"id":"veeranahalli-kunte-1","name":"Veeranahalli Kunte-1","status":"disappeared","acres":0.375,"valley":null,"custodian":"BBMP","nowOccupiedBy":"Vacant land"},"geometry":{"type":"Point","coordinates":[77.736556,13.020361]}},{"type":"Feature","id":"veeranahalli-kunte-2","properties":{"id":"veeranahalli-kunte-2","name":"Veeranahalli Kunte-2","status":"disappeared","acres":0.1,"valley":null,"custodian":"BBMP","nowOccupiedBy":"Vacant land"},"geometry":{"type":"Point","coordinates":[77.735194,13.019833]}},{"type":"Feature","id":"veerasandra-govt-kunte-2","properties":{"id":"veerasandra-govt-kunte-2","name":"Veerasandra Govt. Kunte-2","status":"disappeared","acres":1.6,"valley":null,"custodian":"BDA","nowOccupiedBy":"Houses"},"geometry":{"type":"Point","coordinates":[77.664806,12.836528]}},{"type":"Feature","id":"venkatapura-kunte","properties":{"id":"venkatapura-kunte","name":"Venkatapura Kunte","status":"disappeared","acres":0.275,"valley":null,"custodian":"BDA","nowOccupiedBy":"Vacant land"},"geometry":{"type":"Point","coordinates":[77.469889,12.886028]}},{"type":"Feature","id":"vibhuthipura-kunte1","properties":{"id":"vibhuthipura-kunte1","name":"Vibhuthipura Kunte1","status":"disappeared","acres":0.125,"valley":null,"custodian":"BBMP","nowOccupiedBy":"Houses"},"geometry":{"type":"Point","coordinates":[77.678556,12.972556]}},{"type":"Feature","id":"vibhuthipura-kunte2","properties":{"id":"vibhuthipura-kunte2","name":"Vibhuthipura Kunte2","status":"disappeared","acres":0.825,"valley":null,"custodian":"BBMP","nowOccupiedBy":"Vacant land"},"geometry":{"type":"Point","coordinates":[77.677944,12.971778]}},{"type":"Feature","id":"vibhuthipura-kunte3","properties":{"id":"vibhuthipura-kunte3","name":"Vibhuthipura Kunte3","status":"disappeared","acres":0.475,"valley":null,"custodian":"BBMP","nowOccupiedBy":"HAL"},"geometry":{"type":"Point","coordinates":[77.677917,12.956056]}},{"type":"Feature","id":"vibhuthipura-kunte4","properties":{"id":"vibhuthipura-kunte4","name":"Vibhuthipura Kunte4","status":"disappeared","acres":0.425,"valley":null,"custodian":"BBMP","nowOccupiedBy":"HAL"},"geometry":{"type":"Point","coordinates":[77.672083,12.960056]}},{"type":"Feature","id":"vibhuthipura-kunte5","properties":{"id":"vibhuthipura-kunte5","name":"Vibhuthipura Kunte5","status":"disappeared","acres":0.275,"valley":null,"custodian":"BBMP","nowOccupiedBy":"HAL & road"},"geometry":{"type":"Point","coordinates":[77.669778,12.958]}},{"type":"Feature","id":"vibhuthipura-kunte6","properties":{"id":"vibhuthipura-kunte6","name":"Vibhuthipura Kunte6","status":"disappeared","acres":0.35,"valley":null,"custodian":"BBMP","nowOccupiedBy":"Apartment & shed"},"geometry":{"type":"Point","coordinates":[77.667861,12.968639]}},{"type":"Feature","id":"vijinapura-kere","properties":{"id":"vijinapura-kere","name":"Vijinapura Kere","status":"converted","acres":15.93,"valley":null,"custodian":"BBMP","nowOccupiedBy":"Houses"},"geometry":{"type":"Point","coordinates":[77.672139,13.004972]}},{"type":"Feature","id":"vijinapura-kunte1","properties":{"id":"vijinapura-kunte1","name":"Vijinapura Kunte1","status":"disappeared","acres":0.125,"valley":null,"custodian":"BBMP","nowOccupiedBy":"Indian telephone indust. ltd."},"geometry":{"type":"Point","coordinates":[77.677472,13.003444]}},{"type":"Feature","id":"vijinapura-kunte2","properties":{"id":"vijinapura-kunte2","name":"Vijinapura Kunte2","status":"disappeared","acres":0.175,"valley":null,"custodian":"BBMP","nowOccupiedBy":"Indian telephone indust. ltd."},"geometry":{"type":"Point","coordinates":[77.67825,13.002667]}},{"type":"Feature","id":"vitasandra-kunte1","properties":{"id":"vitasandra-kunte1","name":"Vitasandra Kunte1","status":"disappeared","acres":1.175,"valley":null,"custodian":"BDA","nowOccupiedBy":"Vacant land (garbage dumping)"},"geometry":{"type":"Point","coordinates":[77.635389,12.862667]}},{"type":"Feature","id":"white-field-kunte1","properties":{"id":"white-field-kunte1","name":"White Field Kunte1","status":"disappeared","acres":0.15,"valley":null,"custodian":"BBMP","nowOccupiedBy":"Apartment & houses"},"geometry":{"type":"Point","coordinates":[77.750583,12.971]}},{"type":"Feature","id":"white-field-kunte2","properties":{"id":"white-field-kunte2","name":"White Field Kunte2","status":"disappeared","acres":0.25,"valley":null,"custodian":"BBMP","nowOccupiedBy":"Road & houses"},"geometry":{"type":"Point","coordinates":[77.751611,12.96975]}},{"type":"Feature","id":"white-field-kunte3","properties":{"id":"white-field-kunte3","name":"White Field Kunte3","status":"disappeared","acres":0.15,"valley":null,"custodian":"BBMP","nowOccupiedBy":"Coconut plantation"},"geometry":{"type":"Point","coordinates":[77.752861,12.96925]}},{"type":"Feature","id":"white-field-kunte4","properties":{"id":"white-field-kunte4","name":"White Field Kunte4","status":"disappeared","acres":3.225,"valley":null,"custodian":"BBMP","nowOccupiedBy":"Post office & houses"},"geometry":{"type":"Point","coordinates":[77.747972,12.96875]}},{"type":"Feature","id":"yamalur-kunte1","properties":{"id":"yamalur-kunte1","name":"Yamalur Kunte1","status":"disappeared","acres":0.1,"valley":null,"custodian":"BBMP","nowOccupiedBy":"HAL airport"},"geometry":{"type":"Point","coordinates":[77.68275,12.950611]}},{"type":"Feature","id":"yamalur-kunte2","properties":{"id":"yamalur-kunte2","name":"Yamalur Kunte2","status":"disappeared","acres":0.075,"valley":null,"custodian":"BBMP","nowOccupiedBy":"HAL airport"},"geometry":{"type":"Point","coordinates":[77.686361,12.949861]}},{"type":"Feature","id":"yamalur-kunte3","properties":{"id":"yamalur-kunte3","name":"Yamalur Kunte3","status":"disappeared","acres":0.15,"valley":null,"custodian":"BBMP","nowOccupiedBy":"HAL airport"},"geometry":{"type":"Point","coordinates":[77.680167,12.953611]}},{"type":"Feature","id":"yelachaguppe-kunte4","properties":{"id":"yelachaguppe-kunte4","name":"Yelachaguppe Kunte4","status":"disappeared","acres":0.9,"valley":null,"custodian":"BDA","nowOccupiedBy":"Eucalyptus plantation"},"geometry":{"type":"Point","coordinates":[77.4185,12.952861]}},{"type":"Feature","id":"yelenahalli-kunte-1","properties":{"id":"yelenahalli-kunte-1","name":"Yelenahalli Kunte 1","status":"disappeared","acres":0.125,"valley":null,"custodian":"BBMP","nowOccupiedBy":"Buildings, road"},"geometry":{"type":"Point","coordinates":[77.615083,12.869889]}},{"type":"Feature","id":"yelenahalli-kunte-3","properties":{"id":"yelenahalli-kunte-3","name":"Yelenahalli Kunte 3","status":"disappeared","acres":2.75,"valley":null,"custodian":"BBMP","nowOccupiedBy":"Vacant land"},"geometry":{"type":"Point","coordinates":[77.610472,12.850972]}},{"type":"Feature","id":"yelenahalli-kunte-4","properties":{"id":"yelenahalli-kunte-4","name":"Yelenahalli Kunte 4","status":"disappeared","acres":0.475,"valley":null,"custodian":"BBMP","nowOccupiedBy":"Vacant land & garbage segregation sheds"},"geometry":{"type":"Point","coordinates":[77.607694,12.852889]}},{"type":"Feature","id":"yellakunte-kere-1","properties":{"id":"yellakunte-kere-1","name":"Yellakunte Kere-1","status":"disappeared","acres":15.275,"valley":null,"custodian":"BBMP","nowOccupiedBy":"Buildings"},"geometry":{"type":"Point","coordinates":[77.638111,12.910333]}},{"type":"Feature","id":"yellakunte-kere-2","properties":{"id":"yellakunte-kere-2","name":"Yellakunte Kere-2","status":"disappeared","acres":9.65,"valley":null,"custodian":"BBMP","nowOccupiedBy":"Buildings"},"geometry":{"type":"Point","coordinates":[77.643583,12.906222]}}]}