id,anchor,atreeFid,empriCode,histId,outlineSource,outlineId,pairMethod,pairDistanceM,pairNameScore,reviewed
abbigere-kere,atree:247,247,BUBNYPabg_kr1-78,,atree,247,near,12,1.0,
abbigere-kunte1,empri:BUBNYPabg_ku2-79,,BUBNYPabg_ku2-79,,,,unpaired,,,
acchanakere,atree:144,144,BUBEVRmnk_kr1-601,,atree,144,near,20,1.0,
achanakere,atree:118,118,BUBEKRmvp_kr1-732,,atree,118,near,65,1.0,
adarang-lake,atree:1180,1180,,,atree,1180,,,,
adde-lake,atree:766,766,,,atree,766,,,,
addevishwanathapura-lake,atree:800,800,,,atree,800,,,,
addiganahalli-lake,atree:801,801,BUBNHGadg_gk1-372,,atree,801,inside,0,0.38,
addigenakere,atree:245,245,BUAKJGmtp_kr4-1098,,atree,245,near,3,1.0,
adesonatti-lake,atree:898,898,,,atree,898,,,,
adiganahalli-kunte,empri:BUBNHGadg_ku2-373,,BUBNHGadg_ku2-373,,,,unpaired,,,
adigondanahalli-kere,atree:753,753,,,atree,753,,,,
adikamaranahalli-kunte,empri:BUBNDPakm_gk1-454,,BUBNDPakm_gk1-454,,,,unpaired,,,
adikelallanapalya-kere,atree:739,739,,,atree,739,,,,
adkepalya-lake,atree:1223,1223,,,atree,1223,,,,
adugodi-kunte1,empri:BUBSBGadu_ku1-1392,,BUBSBGadu_ku1-1392,,,,unpaired,,,
adugodi-kunte2,empri:BUBSBGadu_ku2-1393,,BUBSBGadu_ku2-1393,,,,unpaired,,,
aduru-kunte1,empri:BUBEBDadu_ku1-789,,BUBEBDadu_ku1-789,,,,unpaired,,,
aduru-kunte2,empri:BUBEBDadu_ku2-790,,BUBEBDadu_ku2-790,,,,unpaired,,,
aduru-kunte3,empri:BUBEBDadu_ku3-791,,BUBEBDadu_ku3-791,,,,unpaired,,,
aduru-kunte4,empri:BUBEBDadu_ku4-792,,BUBEBDadu_ku4-792,,,,unpaired,,,
aduru-lake,atree:1116,1116,,,atree,1116,,,,
adurupalya-lake,atree:1115,1115,,,atree,1115,,,,
agara-kere,atree:341,341,BUBSKGbvk_kr9-1167,,atree,341,inside,0,1.0,
agara-kunte-2,empri:BUBSBGagr_ku2-1396,,BUBSBGagr_ku2-1396,,,,unpaired,,,
agara-kunte-3,empri:BUBSBGagr_ku3-1397,,BUBSBGagr_ku3-1397,,,,unpaired,,,
agara-kunte-4,empri:BUBSKGagr_ku5-1154,,BUBSKGagr_ku5-1154,,,,unpaired,,,
agara-kunte-4-2,empri:BUBSBGagr_ku4-1398,,BUBSBGagr_ku4-1398,,,,unpaired,,,
agara-kunte-5,empri:BUBSKGagr_ku6-1155,,BUBSKGagr_ku6-1155,,kgis-pond,947,unpaired,,,
agara-kunte-6,empri:BUBSKGagr_gk8-1157,,BUBSKGagr_gk8-1157,,,,unpaired,,,
agara-kunte-7,empri:BUBSKGagr_ku9-1158,,BUBSKGagr_ku9-1158,,,,unpaired,,,
agara-kunte-8,empri:BUBSKGagr_ku10-1159,,BUBSKGagr_ku10-1159,,,,unpaired,,,
agara-kunte1,empri:BUBSKGagr_gk1-1150,,BUBSKGagr_gk1-1150,,,,unpaired,,,
agara-kunte1-2,empri:BUBSBGagr_ku1-1395,,BUBSBGagr_ku1-1395,,,,unpaired,,,
agara-kunte2,empri:BUBSKGagr_ku2-1151,,BUBSKGagr_ku2-1151,,,,unpaired,,,
agara-kunte3,empri:BUBSKGagr_ku3-1152,,BUBSKGagr_ku3-1152,,,,unpaired,,,
agara-lake,atree:92,92,BUBSBGvkk_kr1-1507,,atree,92,inside,0,1.0,
agrahara-kere,empri:BUBNYPagh_kr1-80,,BUBNYPagh_kr1-80,,,,unpaired,,,
agrahara-lake,atree:26,26,BUBNYHagh_kr1-235,,atree,26,near,6,1.0,
aiyanapalya-lake,atree:1099,1099,,,atree,1099,,,,
ajjanahalli-kere,atree:356,356,,,atree,356,,,,
ajjegowdana-katte,atree:518,518,BUBNYPkdg_kr1-151,,atree,518,inside,0,1.0,
akkithimmanahalli-kere,empri:BUBNBKakt_kr1-01,,BUBNBKakt_kr1-01,,,,unpaired,,,
alagondahalli-lake,atree:555,555,,,atree,555,,,,
alahalli-kere,atree:11,11,BUBSUHalh_kr1-1313,,atree,11,near,17,1.0,
alijenahalli-kere,atree:1300,1300,,,atree,1300,,,,
allasandra-lake,atree:27,27,BUBNYHals_kr1-236,,atree,27,near,5,1.0,
alur-kere,atree:281,281,BUBNDPalu_kr1-455,,atree,281,near,6,1.0,
aluru-lake1,atree:1179,1179,,,atree,1179,,,,
amalgunte-lake,atree:1213,1213,,,atree,1213,,,,
amanimulli-kere,atree:776,776,,,atree,776,,,,
ambalagere-n,atree:677,677,,,atree,677,,,,
ambalagere-w,atree:676,676,,,atree,676,,,,
ambalipura-kelagina-kere,atree:93,93,BUBEVRamb_kr2-505,,atree,93,inside,0,0.88,
ambalipura-kunte1,empri:BUBEVRamb_gk1-504,,BUBEVRamb_gk1-504,,,,unpaired,,,
ampapura-lake,atree:1049,1049,,,atree,1049,,,,
amruthahalli-lake,atree:28,28,BUBNYHamt_kr2-238,,atree,28,near,60,1.0,
amruthalli-kunte1,empri:BUBNYHamt_ku1-237,,BUBNYHamt_ku1-237,,,,unpaired,,,
amrutnagar-lake,atree:904,904,,,atree,904,,,,
anagalapura-kunte1,empri:BUBEBDagl_ku1-793,,BUBEBDagl_ku1-793,,,,unpaired,,,
anagalapura-kunte2,empri:BUBEBDagl_gk2-794,,BUBEBDagl_gk2-794,,,,unpaired,,,
anantapura-kere,atree:691,691,,,atree,691,,,,
ananthapura-kunte,empri:BUBNYHanp_ku1-239,,BUBNYHanp_ku1-239,,,,unpaired,,,
ananthapura-kunte1,empri:BUBNYHanp_ku2-240,,BUBNYHanp_ku2-240,,,,unpaired,,,
ananthapura-kunte2,empri:BUBNYHanp_gk3-241,,BUBNYHanp_gk3-241,,,,unpaired,,,
andhrahalli-lake,atree:248,248,BUBNYPhad_kr1-111,,atree,248,inside,0,1.0,
annamma-kere,atree:476,476,BUBSUHylc_kr2-1391,,atree,476,near,12,1.0,
antarahalli-kere,atree:1279,1279,,,atree,1279,,,,
anurah-katte-newly-created,empri:BUBNHGadg_ku3-374,,BUBNHGadg_ku3-374,,,,unpaired,,,
aradeshanahalli-kere,atree:762,762,,,atree,762,,,,
aradeshanahalli-kere-2,atree:763,763,,,atree,763,,,,
aralakunte,atree:184,184,BUBNHGmdp_kr5-417,,atree,184,near,2,0.9,
aralamallige-kere,atree:1270,1270,,,atree,1270,,,,
arasanahalli-lake,atree:775,775,,,atree,775,,,,
arebommanahalli-2r,atree:729,729,,,atree,729,,,,
arebommanahalli-low,atree:733,733,,,atree,733,,,,
arebommanahalli-up-kere,atree:732,732,,,atree,732,,,,
arehalii-kere,atree:742,742,,,atree,742,,,,
arehalli-kere,empri:BUBSUHarh_kr1-1314,,BUBSUHarh_kr1-1314,,kgis-pond,6229,unpaired,,,
arehalli-kunte,empri:BUBSUHarh_gk2-1315,,BUBSUHarh_gk2-1315,,kgis-pond,6228,unpaired,,,
arehalli-lake,atree:532,532,,,atree,532,,,,
arehalli-lake-2,atree:855,855,,,atree,855,,,,
arekere-lake,atree:95,95,BUBSBGark_kr1-1399,,atree,95,near,10,1.0,
arekere-lake-2,atree:802,802,,,atree,802,,,,
arenur-kere,atree:750,750,,,atree,750,,,,
arjunabettahalli-kere,atree:562,562,,,atree,562,,,,
arluru-kere-s,atree:603,603,,,atree,603,,,,
asirvanam-ashram-1,atree:376,376,BUBSKGkmp_kr3-1200,,atree,376,inside,0,0.19,
asirvanam-ashram-2,atree:377,377,,,atree,377,,,,
attibele-kere,atree:744,744,,,atree,744,,,,
attur-kere,atree:587,587,,,atree,587,,,,
atturu-kere,atree:68,68,BUBNYHatu_kr2-243,,atree,68,inside,0,1.0,
atturu-kunte,empri:BUBNYHatu_ku1-242,,BUBNYHatu_ku1-242,,,,unpaired,,,
avadenahlli-lake,atree:1149,1149,,,atree,1149,,,,
avalahali-kunte,empri:BUBEBDavh_ku1-795,,BUBEBDavh_ku1-795,,,,unpaired,,,
avalahalli-katte1,empri:BUBNYHavl_gk2-245,,BUBNYHavl_gk2-245,,,,unpaired,,,
avalahalli-katte2,empri:BUBNYHavl_gk3-246,,BUBNYHavl_gk3-246,,,,unpaired,,,
avalahalli-kere,atree:70,70,BUBNYHkrs_kr1-295,,atree,70,inside,0,1.0,
avalahalli-kere-2,atree:77,77,BUBNYHavl_kr1-244,,atree,77,near,3,1.0,
avalahalli-kere-3,atree:280,280,BUAKSPavl_kr5-917,,atree,280,near,23,1.0,
avalahalli-kunte-1,empri:BUAKSPavl_ku1-913,,BUAKSPavl_ku1-913,,,,unpaired,,,
avalahalli-kunte-2,empri:BUAKSPavl_ku2-914,,BUAKSPavl_ku2-914,,,,unpaired,,,
avalahalli-kunte-3,empri:BUAKSPavl_ku3-915,,BUAKSPavl_ku3-915,,,,unpaired,,,
avalahalli-kunte-4,empri:BUAKSPavl_ku4-916,,BUAKSPavl_ku4-916,,,,unpaired,,,
avalahalli-kunte1,empri:BUBSUHavh_ku1-1316,,BUBSUHavh_ku1-1316,,,,unpaired,,,
avalahalli-kunte2,empri:BUBSUHavh_ku2-1317,,BUBSUHavh_ku2-1317,,,,unpaired,,,
avalahalli-lake,atree:830,830,,,atree,830,,,,
avalahalli-lake-2,atree:883,883,BUBNYHavl_gk4-247,,atree,883,inside,0,1.0,
avalakuppe-lake,atree:1038,1038,,,atree,1038,,,,
averahalli-kere,atree:706,706,,,atree,706,,,,
averhalli-kere,atree:409,409,,,atree,409,,,,
ayyana-kere,empri:BUBNYPsgv_kr6-214,,BUBNYPsgv_kr6-214,,,,unpaired,,,
ayyannanapalya-lake,atree:1188,1188,,,atree,1188,,,,
b-channasandra-lake,atree:97,97,BUBEKRbgn_kr1-668,,atree,97,near,17,0.57,
b-narayanapura-kere,atree:96,96,BUBEKRbnp_kr1-674,,atree,96,near,7,1.0,
bachchahalli-kere,atree:1265,1265,,,atree,1265,,,,
badakukere,atree:462,462,BUBNYPmng_kr2-187,,atree,462,near,8,1.0,
badamanavartha-kaval-kere,empri:BUBSKGbvk_kr3-1161,,BUBSKGbvk_kr3-1161,,,,unpaired,,,
badavamavarthe-kavalu-kunte1,empri:BUBSKGbvk_ku2-1160a,,BUBSKGbvk_ku2-1160a,,,,unpaired,,,
badavamavarthe-kavalu-kunte2,empri:BUBSKGbvk_ku4-1162,,BUBSKGbvk_ku4-1162,,,,unpaired,,,
badavamavarthekavalu-hosakere-1,empri:BUBSKGbvk_kr1-1160,,BUBSKGbvk_kr1-1160,,osm,way/1195513695,unpaired,,,
badavamavarthekavalu-kunte3,empri:BUBSKGbvk_ku5-1163,,BUBSKGbvk_ku5-1163,,,,unpaired,,,
badavamavarthekavalu-kunte4,empri:BUBSKGbvk_ku6-1164,,BUBSKGbvk_ku6-1164,,,,unpaired,,,
badavamavarthekavalu-kunte5,empri:BUBSKGbvk_ku7-1165,,BUBSKGbvk_ku7-1165,,,,unpaired,,,
badavamavarthekavalu-kunte6,empri:BUBSKGbvk_ku8-1166,,BUBSKGbvk_ku8-1166,,,,unpaired,,,
badavamavarthekavalu-kunte7,empri:BUBSKGbvk_kr12-1170,,BUBSKGbvk_kr12-1170,,kgis-tank,1166,unpaired,,,
bagalagunte-govt-lake,atree:249,249,BUBNYPbgk_kr5-85,,atree,249,near,5,1.0,
bagalagunte-kunte1,empri:BUBNYPbgk_ku1-81,,BUBNYPbgk_ku1-81,,,,unpaired,,,
bagalakunte-kere1,empri:BUBNYPbgk_kr3-83,,BUBNYPbgk_kr3-83,,,,unpaired,,,
bagalakunte-kunte2,empri:BUBNYPbgk_gk2-82,,BUBNYPbgk_gk2-82,,,,unpaired,,,
bagalakunte-kunte3,empri:BUBNYPbgk_ku4-84,,BUBNYPbgk_ku4-84,,,,unpaired,,,
bagaluru-majare-kunte,empri:BUBNJLbgm_ku1-332,,BUBNJLbgm_ku1-332,,kgis-pond,5270,unpaired,,,
bagur-lake,atree:845,845,,,atree,845,,,,
bail-narsapur-lake-1,atree:538,538,,,atree,538,,,,
bail-narsapur-lake-2,atree:540,540,,,atree,540,,,,
bail-narsapur-lake-3,atree:539,539,,,atree,539,,,,
bail-narsapur-lake-4,atree:541,541,,,atree,541,,,,
bailakonnenahalli-kunte,empri:BUBNDPbyl_ku1-460,,BUBNDPbyl_ku1-460,,,,unpaired,,,
bainahalli-lake,atree:789,789,,,atree,789,,,,
bairasandra-kere,atree:342,342,BUBSKGagr_kr7-1156,,atree,342,inside,0,0.67,
baiyappanahalli-kere,atree:80,80,BUBEBDbyp_kr1-808,,atree,80,inside,0,0.88,
balagere-kunte1,empri:BUBEVRblg_kr1-507,,BUBEVRblg_kr1-507,,,,unpaired,,,
balagere-kunte2,empri:BUBEVRblg_gk2-508,,BUBEVRblg_gk2-508,,,,unpaired,,,
balagere-kunte3,empri:BUBEVRblg_ku3-509,,BUBEVRblg_ku3-509,,,,unpaired,,,
balchakuppe-lake,atree:1005,1005,,,atree,1005,,,,
balchakuppe-lake-1,atree:1027,1027,,,atree,1027,,,,
balekere,atree:6,6,,,atree,6,,,,
balligere-lake,atree:1042,1042,,,atree,1042,,,,
bammasandra-kunte-1,empri:BUBEBDbms_ku1-807,,BUBEBDbms_ku1-807,,,,unpaired,,,
banahalli-kere-w,atree:582,582,,,atree,582,,,,
banahallli-kere,atree:574,574,,,atree,574,,,,
banasavadi-kere-1,empri:BUBEKRbnw_kr4-659,,BUBEKRbnw_kr4-659,,,,unpaired,,,
banasavadi-kunte-4,empri:BUBEKRbnw_ku5-660,,BUBEKRbnw_ku5-660,,,,unpaired,,,
banasavadi-kunte-5,empri:BUBEKRbnw_ku6-661,,BUBEKRbnw_ku6-661,,,,unpaired,,,
banasavadi-kunte-6,empri:BUBEKRbnw_ku7-662,,BUBEKRbnw_ku7-662,,,,unpaired,,,
banasavadi-kunte-7,empri:BUBEKRbnw_ku8-663,,BUBEKRbnw_ku8-663,,,,unpaired,,,
banasavadi-kunte1,empri:BUBEKRbnw_ku1-656,,BUBEKRbnw_ku1-656,,,,unpaired,,,
banasavadi-kunte2,empri:BUBEKRbnw_ku2-657,,BUBEKRbnw_ku2-657,,,,unpaired,,,
banasavadi-kunte3,empri:BUBEKRbnw_ku3-658,,BUBEKRbnw_ku3-658,,,,unpaired,,,
banasavadi-kunte8,empri:BUBEKRbnw_ku9-664,,BUBEKRbnw_ku9-664,,,,unpaired,,,
banaswadi-kere2,empri:BUBEKRbnw_kr10-665,,BUBEKRbnw_kr10-665,,,,unpaired,,,
banavati-lake,atree:1211,1211,,,atree,1211,,,,
bande-mahadevapura-kere,atree:98,98,BUBEKRmvp_kr4-735,,atree,98,near,18,1.0,
bandekere,empri:BUBEVRkdt_kr14-586,,BUBEVRkdt_kr14-586,,,,unpaired,,,
bandenalasandra-lake,atree:902,902,,,atree,902,,,,
bandikodigenahalli-amani-kere,atree:786,786,,,atree,786,,,,
bangalapet-lake,atree:954,954,,,atree,954,,,,
banhalli-lake,atree:853,853,,,atree,853,,,,
bannamangala-n-kere,atree:1292,1292,,,atree,1292,,,,
bannerghatta-lake,atree:935,935,,,atree,935,,,,
bannerghatta-lake-2,atree:973,973,,,atree,973,,,,
bannerughatta-kavalu-kunte,empri:BUAKJGbnk_ku1-1043,,BUAKJGbnk_ku1-1043,,osm,way/128310895,unpaired,,,
bannerughatta-kunte,atree:2,2,BUAKJGbng_kr1-1039,,atree,2,near,9,1.0,
bannerughatta-kunte2,empri:BUAKJGbng_ku4-1042,,BUAKJGbng_ku4-1042,,,,unpaired,,,
baradi-kere,atree:421,421,,,atree,421,,,,
bariga-mudinahalli-kunte,empri:BUBNBKbgm_ku1-06,,BUBNBKbgm_ku1-06,,,,unpaired,,,
basammanahalli-kere,atree:380,380,,,atree,380,,,,
basapura-kunte,empri:BUBSBGbsp_ku2-1401,,BUBSBGbsp_ku2-1401,,,,unpaired,,,
basavanagar-lake,atree:971,971,,,atree,971,,,,
basavanapalya-lake,atree:1013,1013,,,atree,1013,,,,
basavanapura-kere,atree:29,29,BUBEKRbsp_kr1-666,,atree,29,near,9,1.0,
basavanapura-kere-2,atree:101,101,BUBSBGbvp_kr1-1403,,atree,101,inside,0,1.0,
basavanapura-kunte1,empri:BUBEKRbsp_gk2-667,,BUBEKRbsp_gk2-667,,,,unpaired,,,
basavanapura-lake,atree:1246,1246,,,atree,1246,,,,
bashettihalli-kere,atree:1268,1268,,,atree,1268,,,,
bavikere-kere,atree:651,651,,,atree,651,,,,
bayappanahalli-lake,atree:828,828,,,atree,828,,,,
beemanakuppe-kunte1,empri:BUBSKGbhm_ku2-1172,,BUBSKGbhm_ku2-1172,,,,unpaired,,,
beesegowdan-a-katte,empri:BUBSKGrms_ku4-1281,,BUBSKGrms_ku4-1281,,,,unpaired,,,
begihalli-govt-kere,atree:236,236,BUAKJGbgh_kr3-1046,,atree,236,near,9,1.0,
begihalli-kunte1,empri:BUAKJGbgh_ku1-1044,,BUAKJGbgh_ku1-1044,,,,unpaired,,,
begihalli-kunte2,empri:BUAKJGbgh_ku2-1045,,BUAKJGbgh_ku2-1045,,,,unpaired,,,
begur-kere,atree:581,581,,,atree,581,,,,
begur-kunte-1,empri:BUBSBGbgu_ku1-1404,,BUBSBGbgu_ku1-1404,,,,unpaired,,,
begur-kunte2,empri:BUBSBGbgu_gk4-1407,,BUBSBGbgu_gk4-1407,,,,unpaired,,,
begur-kunte3,empri:BUBSBGbgu_ku5-1408,,BUBSBGbgu_ku5-1408,,,,unpaired,,,
begur-kunte4,empri:BUBSBGbgu_gk8-1411,,BUBSBGbgu_gk8-1411,,,,unpaired,,,
begur-kunte5,empri:BUBSBGbgu_gk9-1412,,BUBSBGbgu_gk9-1412,,,,unpaired,,,
begur-kunte6,empri:BUBSBGbgu_ku11-1414,,BUBSBGbgu_ku11-1414,,,,unpaired,,,
begur-kunte7,empri:BUBSBGbgu_gk12-1415,,BUBSBGbgu_gk12-1415,,,,unpaired,,,
begur-kunte8,empri:BUBSBGbgu_ku13-1416,,BUBSBGbgu_ku13-1416,,,,unpaired,,,
begur-lake,atree:102,102,BUBSBGbgu_kr3-1406,,atree,102,near,75,1.0,
beguru-kere,atree:637,637,,,atree,637,,,,
belalu-kere,atree:325,325,,,atree,325,,,,
belathuru-kunte,empri:BUBEBDblt_ku1-799,,BUBEBDblt_ku1-799,,,,unpaired,,,
belkere-lake,atree:856,856,,,atree,856,,,,
bellandur-lake,atree:103,103,BUBEVRbda_kr1-510,,atree,103,inside,0,1.0,
bellekanahalli-kere,empri:BUBSBGblk_kr3-1424,,BUBSBGblk_kr3-1424,,,,unpaired,,,
bellekanahalli-kunte-2,empri:BUBSBGblk_kr2-1423,,BUBSBGblk_kr2-1423,,,,unpaired,,,
bellekanahalli-kunte1,empri:BUBSBGblk_kr1-1422,,BUBSBGblk_kr1-1422,,,,unpaired,,,
bellihalli-kere,atree:63,63,BUBNYHbel_kr1-248,,atree,63,near,9,1.0,
belur-kunte,empri:BUBEVRblu_gk1-512,,BUBEVRblu_gk1-512,,,,unpaired,,,
belur-nagasandra-kunte,empri:BUBEVRbln_gk1-513,,BUBEVRbln_gk1-513,,,,unpaired,,,
benachikal-lake,atree:963,963,,,atree,963,,,,
bendiganahalli-lake,atree:940,940,,,atree,940,,,,
benniganahalli-kunte,empri:BUBEKRbgn_ku2-669,,BUBEKRbgn_ku2-669,,,,unpaired,,,
beratena-agrahara-lake,atree:250,250,BUBSBGbag_kr1-1417,,atree,250,near,1,1.0,
bettadasanapura-kunte1,empri:BUBSBGbdp_gk1-1418,,BUBSBGbdp_gk1-1418,,kgis-pond,6028,unpaired,,,
bettadasanapura-kunte2,empri:BUBSBGbdp_gk2-1419,,BUBSBGbdp_gk2-1419,,,,unpaired,,,
bettadasanapura-kunte3,empri:BUBSBGbdp_ku4-1421,,BUBSBGbdp_ku4-1421,,,,unpaired,,,
bettahalli-kere,atree:683,683,,,atree,683,,,,
bettahalli-kere-2,atree:684,684,,,atree,684,,,,
bettahallikaval-lake,atree:1153,1153,,,atree,1153,,,,
bettahalsur-kere,atree:271,271,BUBNJLbth_kr2-334,,atree,271,near,24,1.0,
bettahalsur-kunte-1,empri:BUBNJLbth_ku1-333,,BUBNJLbth_ku1-333,,,,unpaired,,,
bettahalsur-kunte-2,empri:BUBNJLbth_ku3-335,,BUBNJLbth_ku3-335,,kgis-pond,5742,unpaired,,,
bettahalsur-kunte-3,empri:BUBNJLbth_ku4-336,,BUBNJLbth_ku4-336,,,,unpaired,,,
bettahalsur-narayanapura-kunte-newly-created,empri:BUBNJLbth_ku5-337,,BUBNJLbth_ku5-337,,kgis-tank,897,unpaired,,,
bettakote-amani-kere,atree:783,783,,,atree,783,,,,
bettenahalli-lake,atree:780,780,,,atree,780,,,,
bettrayandoddi-lake,atree:908,908,BUAKJGbhu_kr9-1054a,,atree,908,near,3,0.81,
bhaaktarahalli-lake-2,atree:1241,1241,,,atree,1241,,,,
bhadripura-lake,atree:1119,1119,,,atree,1119,,,,
bhairagaudanahalli-kere,atree:656,656,,,atree,656,,,,
bhairanahali-lake-1,atree:554,554,,,atree,554,,,,
bhairanahalli-5r,atree:636,636,,,atree,636,,,,
bhairanayakanahalli,atree:633,633,,,atree,633,,,,
bhairanayakanahallipalya,atree:423,423,,,atree,423,,,,
bhairapur-lake,atree:805,805,,,atree,805,,,,
bhairasandrapalya-lake,atree:757,757,,,atree,757,,,,
bhairashettihalli-kere,atree:686,686,,,atree,686,,,,
bhairathi-kunte1,empri:BUBEBDbyr_ku1-812,,BUBEBDbyr_ku1-812,,,,unpaired,,,
bhairathi-kunte2,empri:BUBEBDbyr_ku2-813,,BUBEBDbyr_ku2-813,,,,unpaired,,,
bhairathi-kunte3,empri:BUBEBDbyr_ku3-814,,BUBEBDbyr_ku3-814,,,,unpaired,,,
bhairathi-kunte4,empri:BUBEBDbyr_ku4-815,,BUBEBDbyr_ku4-815,,,,unpaired,,,
bhairathikhane-kere,empri:BUBEKRaby_kr1-655,,BUBEKRaby_kr1-655,,,,unpaired,,,
bhaktarahalli-kere,atree:275,275,,,atree,275,,,,
bhaktarahalli-lake,atree:1240,1240,,,atree,1240,,,,
bhaktipura-kere,atree:745,745,,,atree,745,,,,
bhandarapura-katte,empri:BUBEBDbdp_gk2-797,,BUBEBDbdp_gk2-797,,,,unpaired,,,
bhandarapura-kunte-2,empri:BUBEBDbdp_ku3-798,,BUBEBDbdp_ku3-798,,,,unpaired,,,
bhandarapura-kunte1,empri:BUBEBDbdp_ku1-796,,BUBEBDbdp_ku1-796,,,,unpaired,,,
bhattarahalli-kere,atree:30,30,BUBEBDbtr_kr1-800,,atree,30,near,16,1.0,
bhattarahalli-kunte,empri:BUBEBDbtr_gk2-801,,BUBEBDbtr_gk2-801,,,,unpaired,,,
bheemanakuppe-hosakere,empri:BUBSKGbhm_kr4-1174,,BUBSKGbhm_kr4-1174,,,,unpaired,,,
bheemanakuppe-kere,atree:466,466,BUBSKGbhm_kr3-1173,,atree,466,near,12,1.0,
bhimapura-kere,atree:600,600,,,atree,600,,,,
bhimaravutanahalli-lake,atree:1228,1228,,,atree,1228,,,,
bhimmanakuppe-govt-lake,atree:502,502,BUBSKGhgv_gk1-1192,,atree,502,inside,0,0.67,
bhoganahalli-kere,atree:105,105,BUBEVRbhg_kr2-515,,atree,105,inside,0,1.0,
bhoganahalli-kunte1,empri:BUBEVRbhg_ku1-514,,BUBEVRbhg_ku1-514,,,,unpaired,,,
bhoganahalli-kunte2,empri:BUBEVRbhg_gk3-516,,BUBEVRbhg_gk3-516,,,,unpaired,,,
bhoganahalli-kunte3,empri:BUBEVRbhg_ku4-517,,BUBEVRbhg_ku4-517,,,,unpaired,,,
bhoganahalli-kunte4,empri:BUBEVRbhg_ku5-518,,BUBEVRbhg_ku5-518,,,,unpaired,,,
bhoganahalli-kunte5,empri:BUBEVRbhg_ku6-519,,BUBEVRbhg_ku6-519,,,,unpaired,,,
bhoganahalli-kunte6,empri:BUBEVRbhg_ku7-520,,BUBEVRbhg_ku7-520,,,,unpaired,,,
bhov-palya-lake,atree:1220,1220,,,atree,1220,,,,
bhovihalli-lake,atree:774,774,,,atree,774,,,,
bhujangadasana-amanikere-govt-lake,atree:282,282,BUAKJGabj_kr1-1038,,atree,282,near,44,1.0,
bhusandra-kere,atree:557,557,,,atree,557,,,,
bhutanahlli-lake,atree:10,10,BUAKJGbhu_kr6-1052,,atree,10,inside,0,1.0,
bhuthanahalli-kunte-1,empri:BUAKJGbhu_ku1-1047,,BUAKJGbhu_ku1-1047,,,,unpaired,,,
bhuthanahalli-kunte-2,empri:BUAKJGbhu_ku2-1048,,BUAKJGbhu_ku2-1048,,,,unpaired,,,
bhuthanahalli-kunte-3,empri:BUAKJGbhu_ku3-1049,,BUAKJGbhu_ku3-1049,,,,unpaired,,,
bhuthanahalli-kunte-4,empri:BUAKJGbhu_gk4-1050,,BUAKJGbhu_gk4-1050,,,,unpaired,,,
bhuthanahalli-kunte-5,empri:BUAKJGbhu_gk5-1051,,BUAKJGbhu_gk5-1051,,,,unpaired,,,
bhuthanahalli-kunte-6,empri:BUAKJGbhu_ku7-1053,,BUAKJGbhu_ku7-1053,,,,unpaired,,,
bidaluru-kere,atree:1342,1342,,,atree,1342,,,,
bidaluru-kere-2,atree:1343,1343,,,atree,1343,,,,
bidara-amanikere,atree:246,246,,,atree,246,,,,
bidarahalli-kere,atree:73,73,BUBEBDbdr_kr1-802,,atree,73,inside,0,1.0,
bidareagrahara-kere,atree:1094,1094,BUBEBDbda_kr2-804,,atree,1094,near,37,0.97,
bidarena-agarahara-kunte,empri:BUBEBDbda_ku1-803,,BUBEBDbda_ku1-803,,,,unpaired,,,
bidarguppe-kere,atree:754,754,,,atree,754,,,,
bidarpura-lake,atree:1081,1081,,,atree,1081,,,,
bidikere,atree:1297,1297,,,atree,1297,,,,
bikasipura-kunte,empri:BUBSUHbkp_ku1-1318,,BUBSUHbkp_ku1-1318,,,,unpaired,,,
bikkanhalli-lake,atree:833,833,,,atree,833,,,,
bilekalli-kere,empri:BUBNBKblk_kr2-08,,BUBNBKblk_kr2-08,,,,unpaired,,,
bilekalli-kunte,empri:BUBNBKblk_ku1-07,,BUBNBKblk_ku1-07,,,,unpaired,,,
bilijaji-kere,atree:194,194,BUBNHGblj_kr1-375,,atree,194,near,9,1.0,
billapura-govt-kere,atree:221,221,,,atree,221,,,,
billishivale-katte,empri:BUBEBDbsv_gk2-806,,BUBEBDbsv_gk2-806,,,,unpaired,,,
billishivale-kunte,empri:BUBEBDbsv_ku1-805,,BUBEBDbsv_ku1-805,,,,unpaired,,,
bilnirkatte,empri:BUBSTKchn_gk6-1117,,BUBSTKchn_gk6-1117,,,,unpaired,,,
bilwaradahalli-kere,atree:1,1,BUAKJGbwd_kr1-1055,,atree,1,near,10,1.0,
bilwaradahalli-kunte,empri:BUAKJGbwd_ku2-1056,,BUAKJGbwd_ku2-1056,,kgis-pond,6183,unpaired,,,
bimanakuppe-kere,atree:371,371,BUBSKGkks_gk2-1241,,atree,371,near,143,0.5,
bingipura-kunte1,empri:BUAKJGbin_ku2-1058,,BUAKJGbin_ku2-1058,,kgis-pond,6151,unpaired,,,
bingipura-kunte2,empri:BUAKJGbin_ku3-1059,,BUAKJGbin_ku3-1059,,,,unpaired,,,
bingipura-kunte3,empri:BUAKJGbin_ku4-1060,,BUAKJGbin_ku4-1060,,,,unpaired,,,
bingipura-kunte4,empri:BUAKJGbin_ku7-1063,,BUAKJGbin_ku7-1063,,,,unpaired,,,
bingipura-lake,atree:915,915,BUAKJGbin_kr6-1062,,atree,915,inside,0,0.18,
binnamangala-kere-1,empri:BUBNBKbnm_kr1-09,,BUBNBKbnm_kr1-09,,,,unpaired,,,
binnamangala-kere-2,empri:BUBNBKbnm_kr3-11,,BUBNBKbnm_kr3-11,,,,unpaired,,,
binnamangala-kere-l,atree:1346,1346,,,atree,1346,,,,
binnamangala-kere-u,atree:1347,1347,,,atree,1347,,,,
binnamangala-kunte1,empri:BUBNBKbnm_ku2-10,,BUBNBKbnm_ku2-10,,,,unpaired,,,
binnamangala-kunte2,empri:BUBNBKbnm_ku4-12,,BUBNBKbnm_ku4-12,,,,unpaired,,,
binnamangala-manavarthe-kaval-kunte1,empri:BUBEKRbmk_ku1-670,,BUBEKRbmk_ku1-670,,,,unpaired,,,
binnamangala-manavarthe-kaval-kunte2,empri:BUBEKRbmk_ku2-671,,BUBEKRbmk_ku2-671,,,,unpaired,,,
biranapalya-kere,atree:430,430,,,atree,430,,,,
birgondanahalli-kere,atree:391,391,,,atree,391,,,,
bodanahosahalli-kere-n,atree:867,867,,,atree,867,,,,
bodanahosahalli-lake,atree:865,865,,,atree,865,,,,
bommalingayyanapalya-lake,atree:1189,1189,,,atree,1189,,,,
bommanahalli-lake,atree:829,829,,,atree,829,,,,
bommanahalli-lake-2,atree:1249,1249,,,atree,1249,,,,
bommanahalli-lower,atree:645,645,,,atree,645,,,,
bommanahalli-up3r,atree:644,644,,,atree,644,,,,
bommasandra-lake,atree:920,920,,,atree,920,,,,
bommashettihalli-kere,atree:564,564,,,atree,564,,,,
budamanahalli-lake,atree:803,803,,,atree,803,,,,
budigere-amani-kere,atree:879,879,,,atree,879,,,,
bukkasagara-lake,atree:927,927,,,atree,927,,,,
buragkunte-lake,atree:834,834,,,atree,834,,,,
byadarahalli-kere,atree:726,726,,,atree,726,,,,
byadarahalli-kere-2,empri:BUBNBKbyh_kr1-13,,BUBNBKbyh_kr1-13,,,,unpaired,,,
byadarahalli-kunte,empri:BUBNBKbyh_ku2-14,,BUBNBKbyh_ku2-14,,,,unpaired,,,
byadarahalli-lake,atree:1177,1177,,,atree,1177,,,,
byagadadenhalli-kere-2,atree:926,926,,,atree,926,,,,
byalhalli-lake,atree:857,857,,,atree,857,,,,
byandahalli-kunte1,empri:BUBNDPbyd_ku1-457,,BUBNDPbyd_ku1-457,,,,unpaired,,,
byandahalli-kunte2,empri:BUBNDPbyd_ku3-459,,BUBNDPbyd_ku3-459,,,,unpaired,,,
byappanahalli-kere,atree:163,163,,,atree,163,,,,
byappanahalli-kere-2,empri:BUBEKRbyp_kr2-673,,BUBEKRbyp_kr2-673,,,,unpaired,,,
byappanahalli-kunte1,empri:BUBEKRbyp_ku1-672,,BUBEKRbyp_ku1-672,,,,unpaired,,,
byappanahalli-kunte1-2,empri:BUBEBDbyp_ku2-809,,BUBEBDbyp_ku2-809,,,,unpaired,,,
byappanahalli-kunte2,empri:BUBEBDbyp_ku3-810,,BUBEBDbyp_ku3-810,,,,unpaired,,,
byappanahalli-kunte3,empri:BUBEBDbyp_gk4-811,,BUBEBDbyp_gk4-811,,,,unpaired,,,
byappanahalli-lake,atree:193,193,,,atree,193,,,,
byatarayanapura-kunte1,empri:BUBEKRbnp_kr2-675,,BUBEKRbnp_kr2-675,,,,unpaired,,,
byatarayapura-lake,atree:505,505,BUBNBKbtp_gk1-16,,atree,505,inside,0,0.94,
byatarayapura-lake-2,empri:BUBNYHbyt_kr1-249,,BUBNYHbyt_kr1-249,,,,unpaired,,,
byataryapura-kunte,empri:BUBNBKbtp_ku2-17,,BUBNBKbtp_ku2-17,,,,unpaired,,,
byatgutapalya-lake,empri:BUBNBKbgp_kr1-15,,BUBNBKbgp_kr1-15,,,,unpaired,,,
bydarahalli-kere-s,atree:1323,1323,,,atree,1323,,,,
byrappanahalli-kunte1,empri:BUAKJGbyp_ku1-1065,,BUAKJGbyp_ku1-1065,,,,unpaired,,,
byrappanahalli-kunte2,empri:BUAKJGbyp_ku2-1066,,BUAKJGbyp_ku2-1066,,,,unpaired,,,
byrasandra,atree:106,106,BUBEKRbys_kr3-678,,atree,106,near,9,1.0,
byrasandra-2,atree:107,107,BUBEKRbys_kr1-676,,atree,107,near,6,1.0,
byrasandra-kere,atree:108,108,BUBSUHbys_kr1-1320,,atree,108,inside,0,1.0,
byrasandra-kunte,empri:BUBEKRbys_ku2-677,,BUBEKRbys_ku2-677,,,,unpaired,,,
byyandanahalli-kere,atree:284,284,BUBNDPbyd_kr2-458,,atree,284,near,0,0.86,
cannammakere,atree:506,506,BUBSUHyns_kr1-1389,,atree,506,inside,0,0.75,
carmelarm,atree:122,122,BUBEVRguj_kr7-545,,atree,122,near,6,1.0,
chagalatti-kunte-1,empri:BUBNJLcgl_ku1-339,,BUBNJLcgl_ku1-339,,kgis-pond,5427,unpaired,,,
chagalatti-kunte-2,empri:BUBNJLcgl_ku2-340,,BUBNJLcgl_ku2-340,,kgis-pond,4771,unpaired,,,
chagalatti-kunte-3,empri:BUBNJLcgl_ku3-341,,BUBNJLcgl_ku3-341,,,,unpaired,,,
chagalatti-kunte-4,empri:BUBNJLcgl_ku4-342,,BUBNJLcgl_ku4-342,,,,unpaired,,,
chagalatti-kunte-5,empri:BUBNJLcgl_ku6-344,,BUBNJLcgl_ku6-344,,,,unpaired,,,
chagalatti-lake,atree:822,822,BUBNJLcgl_kr5-343,,atree,822,inside,0,1.0,
chalamakunti-lake,atree:819,819,,,atree,819,,,,
chalamakunti-lake-2,atree:820,820,,,atree,820,,,,
challagatta-kunte1,empri:BUBSKGchl_gk1-1175,,BUBSKGchl_gk1-1175,,,,unpaired,,,
challagatta-kunte2,empri:BUBSKGchl_ku2-1176,,BUBSKGchl_ku2-1176,,,,unpaired,,,
challahalli-lake,atree:759,759,,,atree,759,,,,
chaluvekere,atree:471,471,BUBSKGkum_gk5-1246,,atree,471,near,0,1.0,
chandrappa-circle-kere,atree:326,326,,,atree,326,,,,
chandrashekarapura-kere,atree:166,166,BUBSBGcsp_kr2-1426,,atree,166,inside,0,1.0,
chanenahalli-kunte-1,empri:BUBSTKchn_ku1-1112,,BUBSTKchn_ku1-1112,,,,unpaired,,,
chanenahalli-kunte-2,empri:BUBSTKchn_ku2-1113,,BUBSTKchn_ku2-1113,,,,unpaired,,,
chanenahalli-kunte-3,empri:BUBSTKchn_gk3-1114,,BUBSTKchn_gk3-1114,,,,unpaired,,,
chanenahalli-kunte-4,empri:BUBSTKchn_ku4-1115,,BUBSTKchn_ku4-1115,,,,unpaired,,,
channabasappana-katte-new,empri:BUBNYPkan_ku4-132,,BUBNYPkan_ku4-132,,,,unpaired,,,
channadevi-agrahara,atree:403,403,,,atree,403,,,,
channamanakere,atree:507,507,BUBSUHktg_kr1-1346,,atree,507,near,8,0.82,
channarayapatna-lake,atree:1070,1070,,,atree,1070,,,,
channasandra-kunte,empri:BUBSUHchn_ku1-1321,,BUBSUHchn_ku1-1321,,,,unpaired,,,
channasandra-kunte1,empri:BUBEKRcns_ku1-680,,BUBEKRcns_ku1-680,,,,unpaired,,,
channasandra-kunte2,empri:BUBEKRcns_ku2-681,,BUBEKRcns_ku2-681,,kgis-pond,4077,unpaired,,,
channatimmayyanapalya-lake,atree:1059,1059,,,atree,1059,,,,
channenahalli-lake,atree:997,997,BUBSTKchn_gk7-1118,,atree,997,name-near,885,1.0,
chaugondanahalli-kere,atree:1318,1318,,,atree,1318,,,,
chavdappanhalli-lake,atree:1078,1078,,,atree,1078,,,,
chellaghatta-kere,atree:167,167,BUBEVRchl_kr1-521,,atree,167,near,1,1.0,
chellakere-kere,atree:31,31,BUBEKRclk_kr1-679,,atree,31,near,15,1.0,
chengirayanapura-kere,atree:577,577,,,atree,577,,,,
chennadasipalya-lake,atree:1050,1050,,,atree,1050,,,,
chennapura-kere,atree:1317,1317,,,atree,1317,,,,
chenvinayanahalli-kere,atree:340,340,BUBSKGglh_kr1-1190,,atree,340,near,17,0.44,
chichuruaganapalli-lake,atree:831,831,,,atree,831,,,,
chikadasarahalli-kere-n,atree:448,448,,,atree,448,,,,
chikadasarahalli-kere-s,atree:447,447,,,atree,447,,,,
chikka-hejjaji-lake,atree:1237,1237,,,atree,1237,,,,
chikka-jala-amani-kere,atree:790,790,,,atree,790,,,,
chikka-kammanahalli,atree:173,173,BUBSBGkmn_kr3-1458,,atree,173,near,6,1.0,
chikka-kammanahalli-e,atree:890,890,BUBSBGmyl_kr6-1479,,atree,890,near,7,0.36,
chikka-mankalal-lake,atree:1200,1200,,,atree,1200,,,,
chikka-sanne-kere,atree:781,781,,,atree,781,,,,
chikka-taggali-kere,atree:606,606,,,atree,606,,,,
chikkaamani-kere,atree:1077,1077,,,atree,1077,,,,
chikkabanahalli-kere,atree:285,285,,,atree,285,,,,
chikkabanahalli-kunte,empri:BUBEBDckb_ku2-819,,BUBEBDckb_ku2-819,,,,unpaired,,,
chikkabanavara-kere,atree:272,272,BUBNYPcbv_kr1-86,,atree,272,near,54,1.0,
chikkabanavara-kunte-1,empri:BUBNYPcbv_gk2-87,,BUBNYPcbv_gk2-87,,,,unpaired,,,
chikkabanavara-kunte-2,empri:BUBNYPcbv_ku3-88,,BUBNYPcbv_ku3-88,,,,unpaired,,,
chikkabegur-kere,atree:110,110,BUBSBGbgu_kr2-1405,,atree,110,inside,0,1.0,
chikkabellanduru-kere,atree:111,111,BUBEVRckb_kr1-522,,atree,111,near,23,0.76,
chikkabettahalli,atree:504,504,,,atree,504,,,,
chikkabettahalli-katte-2,empri:BUBNYHckb_gk4-253,,BUBNYHckb_gk4-253,,,,unpaired,,,
chikkabettahalli-kunte-3,empri:BUBNYHckb_ku5-254,,BUBNYHckb_ku5-254,,,,unpaired,,,
chikkabettahalli-kunte1,empri:BUBNYHckb_ku2-251,,BUBNYHckb_ku2-251,,,,unpaired,,,
chikkabettahalli-kunte2,empri:BUBNYHckb_ku3-252,,BUBNYHckb_ku3-252,,,,unpaired,,,
chikkagollarahatti,empri:BUBNYPkdg_ku2-152,,BUBNYPkdg_ku2-152,,,,unpaired,,,
chikkagubbi-kere,atree:75,75,BUBEBDcgb_kr1-820,,atree,75,near,38,1.0,
chikkakalenahalli-lake,atree:1225,1225,,,atree,1225,,,,
chikkakalenahalli-lake-2,atree:1226,1226,,,atree,1226,,,,
chikkakallasandra-kere,empri:BUBSUHckl_kr1-1322,,BUBSUHckl_kr1-1322,,,,unpaired,,,
chikkakere,atree:519,519,BUBSKGrms_kr1-1278,,atree,519,near,12,1.0,
chikkaluru-kere,atree:329,329,BUBSTKckl_kr1-1120,,atree,329,inside,0,0.88,
chikkaluru-rampura-kere,atree:338,338,,,atree,338,,,,
chikkanaga-mangala-kere,empri:BUAKSPckm_kr1-918,,BUAKSPckm_kr1-918,,,,unpaired,,,
chikkanaga-mangala-kunte-1,empri:BUAKSPckm_ku2-919,,BUAKSPckm_ku2-919,,kgis-pond,4022,unpaired,,,
chikkanagamangala-govt-kere,atree:216,216,BUAKSPckm_kr4-921,,atree,216,near,7,1.0,
chikkanagamangala-kunte-2,empri:BUAKSPckm_ku5-922,,BUAKSPckm_ku5-922,,,,unpaired,,,
chikkanagamangala-kunte-3,empri:BUAKSPckm_ku6-923,,BUAKSPckm_ku6-923,,,,unpaired,,,
chikkanahalli-down-kere,atree:682,682,,,atree,682,,,,
chikkanahalli-kere-n,atree:368,368,,,atree,368,,,,
chikkanahalli-lake,atree:1100,1100,,,atree,1100,,,,
chikkanahalli-lake-2,atree:1195,1195,,,atree,1195,,,,
chikkanahalli-lake-2-2,atree:1243,1243,,,atree,1243,,,,
chikkanahalli-lake-3,atree:1242,1242,,,atree,1242,,,,
chikkanahalli-up,atree:681,681,,,atree,681,,,,
chikkanayakanahalli-kunte1,empri:BUBEVRcky_ku1-523,,BUBEVRcky_ku1-523,,,,unpaired,,,
chikkanayakanahalli-kunte2,empri:BUBEVRcky_ku2-524,,BUBEVRcky_ku2-524,,,,unpaired,,,
chikkanayakanahalli-kunte3,empri:BUBEVRcky_ku3-525,,BUBEVRcky_ku3-525,,,,unpaired,,,
chikkanayakanahalli-kunte4,empri:BUBEVRcky_gk4-526,,BUBEVRcky_gk4-526,,,,unpaired,,,
chikkanekundi-lake-land,atree:286,286,BUAKSPckk_kr1-924,,atree,286,near,6,1.0,
chikkannayyan-kere,atree:433,433,,,atree,433,,,,
chikkasandra-kunte1,empri:BUBNYPcks_ku1-89,,BUBNYPcks_ku1-89,,,,unpaired,,,
chikkasandra-kunte2,empri:BUBNYPcks_ku2-90,,BUBNYPcks_ku2-90,,,,unpaired,,,
chikkasandra-kunte3,empri:BUBNYPcks_ku3-91,,BUBNYPcks_ku3-91,,,,unpaired,,,
chikkasandra-kunte4,empri:BUBNYPcks_ku4-92,,BUBNYPcks_ku4-92,,,,unpaired,,,
chikkatogur-kere,atree:265,265,BUBSBGddt_kr4-1431,,atree,265,near,11,1.0,
chikkavaderap-ura-govt-kunte-1,empri:BUAKSPcdp_gk1-925,,BUAKSPcdp_gk1-925,,,,unpaired,,,
chikkavaderapura-govt-karabu-kere-land,empri:BUAKSPcdp_kr4-928,,BUAKSPcdp_kr4-928,,,,unpaired,,,
chikkavaderapura-govt-karabu-kunte,empri:BUAKSPcdp_gk3-927,,BUAKSPcdp_gk3-927,,kgis-pond,4349,unpaired,,,
chikkavaderapura-govt-kunte-2,empri:BUAKSPcdp_ku2-926,,BUAKSPcdp_ku2-926,,osm,way/1537457055,unpaired,,,
chikkelluru-kere,empri:BUBSTKckl_gk4-1123,,BUBSTKckl_gk4-1123,,kgis-tank,129,unpaired,,,
chikkelluru-kunte-1,empri:BUBSTKckl_ku2-1121,,BUBSTKckl_ku2-1121,,kgis-pond,6430,unpaired,,,
chikkelluru-kunte-2,empri:BUBSTKckl_ku3-1122,,BUBSTKckl_ku3-1122,,kgis-pond,6392,unpaired,,,
chikkelluru-kunte-3,empri:BUBSTKckl_ku5-1124,,BUBSTKckl_ku5-1124,,,,unpaired,,,
chikkelluru-venkatapura-kunte,empri:BUBSTKcvp_ku1-1125,,BUBSTKcvp_ku1-1125,,,,unpaired,,,
chikkobanahalli-kere,atree:1315,1315,,,atree,1315,,,,
chikkondahalli-lake-2,atree:527,527,,,atree,527,,,,
chikkondahalli-lake-3,atree:528,528,,,atree,528,,,,
chimachanahalli-lake,atree:1084,1084,,,atree,1084,,,,
chimasandra-kere,atree:21,21,BUBEBDcms_kr2-817,,atree,21,near,12,1.0,
chimasandra-kunte,empri:BUBEBDcms_ku1-816,,BUBEBDcms_ku1-816,,,,unpaired,,,
chinakurchi-kunte1,empri:BUBSKGcnk_gk1-1177,,BUBSKGcnk_gk1-1177,,,,unpaired,,,
chinakurchi-kunte2,empri:BUBSKGcnk_gk2-1178,,BUBSKGcnk_gk2-1178,,kgis-pond,953,unpaired,,,
chindanahalli-kere,atree:589,589,,,atree,589,,,,
chinna-agraharam-lake,atree:1134,1134,,,atree,1134,,,,
chinna-kempanahalli-kere,atree:1308,1308,,,atree,1308,,,,
chinnakurchi-kere-1,atree:474,474,BUBSKGcnk_kr4-1180,,atree,474,near,22,0.5,
chinnakurchi-kere-2,atree:475,475,BUBSKGcnk_kr3-1179,,atree,475,near,9,0.5,
chinnammanakere,atree:9,9,BUBSKGagr_kr4-1153,,atree,9,near,7,0.82,
chinnappanahalli-kere1,atree:112,112,BUBEKRcnp_kr2-683,,atree,112,near,4,0.5,
chinnappanahalli-kere1-2,empri:BUBEKRcnp_kr1-682,,BUBEKRcnp_kr1-682,,,,unpaired,,,
chittekarepalya-lake,atree:965,965,,,atree,965,,,,
chokkanahalli-katte,empri:BUBNYHchk_gk1-255,,BUBNYHchk_gk1-255,,osm,way/1252731180,unpaired,,,
chokkanahalli-kunte-1,empri:BUBNYHchk_ku2-256,,BUBNYHchk_ku2-256,,,,unpaired,,,
chokkanahalli-kunte2,empri:BUBNYHchk_ku4-258,,BUBNYHchk_ku4-258,,,,unpaired,,,
chokkanahalli-lake,atree:32,32,BUBNYHchk_kr3-257,,atree,32,near,8,1.0,
chokkanahalli-lake-2,atree:806,806,,,atree,806,,,,
chokkanahalli-lake-2-kere,atree:807,807,,,atree,807,,,,
chokkasandra-lake,atree:215,215,BUAKSPcks_kr1-929,,atree,215,name-near,183,1.0,
cholana-katte,empri:BUBSTKylg_ku2-1142,,BUBSTKylg_ku2-1142,,,,unpaired,,,
cholanayakanahalli-kere-l,atree:1036,1036,,,atree,1036,,,,
cholapanahalli-kere,atree:585,585,,,atree,585,,,,
choodasandra-govt-karab-katte,empri:BUAKSPcho_gk2-931,,BUAKSPcho_gk2-931,,,,unpaired,,,
choodasandra-govt-karabu-kunte-2,empri:BUAKSPcho_ku5-934,,BUAKSPcho_ku5-934,,,,unpaired,,,
choodasandra-govt-lake,atree:89,89,BUAKSPcho_kr4-933,,atree,89,near,15,1.0,
choodasandra-kunte-1,empri:BUAKSPcho_ku1-930,,BUAKSPcho_ku1-930,,,,unpaired,,,
choudahalli-lake,atree:984,984,,,atree,984,,,,
chudasandra-kere,empri:BUBEVRhly_kr2-552,,BUBEVRhly_kr2-552,,,,unpaired,,,
chunchanaghatta-kere,atree:113,113,BUBSUHcuk_kr1-1323,,atree,113,near,5,1.0,
chunchnakuppe-kere,atree:358,358,,,atree,358,,,,
chunchnakuppe-kere-e,atree:359,359,,,atree,359,,,,
chunchnakuppe-kere-s,atree:364,364,,,atree,364,,,,
cihkkamaranahalli-lake,empri:BUBNBKckm_kr1-18,,BUBNBKckm_kr1-18,,,,unpaired,,,
city-railway-kere,empri:BUBNBKbcr_kr1-04,,BUBNBKbcr_kr1-04,,,,unpaired,,,
city-railway-kunte,empri:BUBNBKbcr_ku2-05,,BUBNBKbcr_ku2-05,,,,unpaired,,,
d-shettihalli-kere,atree:594,594,,,atree,594,,,,
dakshina-pinakini-r,atree:444,444,,,atree,444,,,,
damarasanakunte,atree:230,230,BUAKJGhul_kr1-1080,,atree,230,near,7,1.0,
dandu-upparahalli-kere,empri:BUBNBKduh_kr1-20,,BUBNBKduh_kr1-20,,,,unpaired,,,
dandupalya-lake,atree:1076,1076,,,atree,1076,,,,
dasanakatte-1,empri:BUBSUHgbl_kr1-1334,,BUBSUHgbl_kr1-1334,,,,unpaired,,,
dasanakatte-2,empri:BUBSUHgbl_kr3-1336,,BUBSUHgbl_kr3-1336,,,,unpaired,,,
dasanapura-kunte-1,empri:BUBNDPdsp_ku1-461,,BUBNDPdsp_ku1-461,,,,unpaired,,,
dasanapura-kunte-2,empri:BUBNDPdsp_kr2-462,,BUBNDPdsp_kr2-462,,kgis-pond,34,unpaired,,,
dasanapura-lake,atree:1108,1108,,,atree,1108,,,,
dasanayakanahalli-kere,atree:276,276,BUBNJLdyk_kr2-346,,atree,276,near,7,1.0,
dasanayakanahalli-kunte,empri:BUBNJLdyk_gk1-345,,BUBNJLdyk_gk1-345,,kgis-pond,4984,unpaired,,,
dasarahalli-kere,atree:251,251,BUBNYPcho_kr1-93,,atree,251,near,34,1.0,
dasarahalli-kere-2,atree:1345,1345,,,atree,1345,,,,
dasarahalli-kunte,empri:BUBSUHdsh_ku1-1324,,BUBSUHdsh_ku1-1324,,,,unpaired,,,
dasarahalli-kunte1,empri:BUBNYPdsr_gk1-94,,BUBNYPdsr_gk1-94,,,,unpaired,,,
dasarahalli-kunte2,empri:BUBNYPdsr_ku2-95,,BUBNYPdsr_ku2-95,,,,unpaired,,,
deevatige-ramanahalli-kunte,empri:BUBSKGdvr_ku1-1182,,BUBSKGdvr_ku1-1182,,,,unpaired,,,
deevatigeramnahalli-kere,atree:477,477,BUBSKGdvr_kr2-1183,,atree,477,inside,0,0.96,
degonahalli-kere,atree:639,639,,,atree,639,,,,
degonahalli-lower-kere,atree:641,641,,,atree,641,,,,
deshpande-guttahalli-lake,atree:854,854,,,atree,854,,,,
devaganahalli-lake,atree:1171,1171,,,atree,1171,,,,
devagere-kere,atree:343,343,BUBSKGdvg_kr2-1185,,atree,343,inside,0,1.0,
devagere-kunte-2,empri:BUBSKGdvg_ku3-1186,,BUBSKGdvg_ku3-1186,,,,unpaired,,,
devageri-kunte-1,empri:BUBSKGdvg_ku1-1184,,BUBSKGdvg_ku1-1184,,,,unpaired,,,
devagondi-kere,atree:873,873,,,atree,873,,,,
devamachehalli-lake,atree:1029,1029,,,atree,1029,,,,
devanahalli-kere,atree:1341,1341,,,atree,1341,,,,
devangondi-lake,atree:874,874,,,atree,874,,,,
devara-jeevanahalli-lake,empri:BUBNBKdvj_kr1-19,,BUBNBKdvj_kr1-19,,,,unpaired,,,
devara-kere,atree:1170,1170,,,atree,1170,,,,
devarabisanahalli-kere,atree:114,114,BUBEVRdvb_kr3-529,,atree,114,near,28,1.0,
devarabisanahalli-kunte1,empri:BUBEVRdvb_ku1-527,,BUBEVRdvb_ku1-527,,,,unpaired,,,
devarabisanahalli-kunte2,empri:BUBEVRdvb_ku2-528,,BUBEVRdvb_ku2-528,,,,unpaired,,,
devarachikkanahalli-kunte,empri:BUBSBGdvc_ku1-1427,,BUBSBGdvc_ku1-1427,,,,unpaired,,,
devarahalli-lake,atree:769,769,,,atree,769,,,,
devarakere,atree:478,478,BUBSUHbkp_kr2-1319,,atree,478,near,23,1.0,
devasandra-kunte1,empri:BUBEKRdvs_ku2-685,,BUBEKRdvs_ku2-685,,,,unpaired,,,
dhandithimmayyanapalya-lake,atree:1204,1204,,,atree,1204,,,,
dharmambudy-lake,empri:BUBNBKboc_kr1-02,,BUBNBKboc_kr1-02,,,,unpaired,,,
dibburu-kere,atree:288,288,,,atree,288,,,,
dinne-soluru-kere,atree:1310,1310,,,atree,1310,,,,
dinnehalli-tanda-lake,atree:1259,1259,,,atree,1259,,,,
dinnepalya-lake,atree:980,980,,,atree,980,,,,
dobbasapete-lake,atree:1163,1163,,,atree,1163,,,,
dobhi-ghat,empri:BUBSTKchn_ku5-1116,,BUBSTKchn_ku5-1116,,,,unpaired,,,
dodbele-kere,atree:664,664,,,atree,664,,,,
dodda-bettahalli,atree:262,262,BUBNYHckb_gk1-250,,atree,262,near,117,1.0,
dodda-bommasandra-lake,atree:33,33,BUBNYHdbs_kr1-261,,atree,33,near,4,1.0,
dodda-chimanahalli,atree:770,770,,,atree,770,,,,
dodda-hejjaji-lake,atree:1234,1234,,,atree,1234,,,,
dodda-jala-amani-kere,atree:788,788,,,atree,788,,,,
dodda-koliga-kere,atree:578,578,,,atree,578,,,,
dodda-nallala-kere,atree:621,621,,,atree,621,,,,
dodda-sagarahalli-kere,atree:1339,1339,,,atree,1339,,,,
dodda-sanne-kere,atree:782,782,,,atree,782,,,,
dodda-thimmasandra-kere-s,atree:442,442,,,atree,442,,,,
dodda-tumkur-kere,atree:758,758,,,atree,758,,,,
dodda-vadagere-kere,atree:398,398,,,atree,398,,,,
doddaballapur-kere,atree:1273,1273,,,atree,1273,,,,
doddabanahalli-kere,atree:25,25,BUBEBDckb_kr1-818,,atree,25,near,24,0.59,
doddabanahalli-kere-2,empri:BUBEBDddb_kr4-824,,BUBEBDddb_kr4-824,,,,unpaired,,,
doddabanahalli-kunte1,empri:BUBEBDddb_ku1-821,,BUBEBDddb_ku1-821,,,,unpaired,,,
doddabanahalli-kunte2,empri:BUBEBDddb_ku2-822,,BUBEBDddb_ku2-822,,kgis-pond,4503,unpaired,,,
doddabanahalli-kunte3,empri:BUBEBDddb_ku3-823,,BUBEBDddb_ku3-823,,,,unpaired,,,
doddabele-kunte1,empri:BUBSKGddb_ku1-1187,,BUBSKGddb_ku1-1187,,,,unpaired,,,
doddabele-kunte2,empri:BUBSKGddb_ku2-1188,,BUBSKGddb_ku2-1188,,kgis-pond,6279,unpaired,,,
doddabele-small-2r,atree:627,627,,,atree,627,,,,
doddabettahalli-kunte-1,empri:BUBNYHddb_ku1-259,,BUBNYHddb_ku1-259,,osm,way/1507518076,unpaired,,,
doddabettahalli-kunte-2,empri:BUBNYHddb_ku2-260,,BUBNYHddb_ku2-260,,,,unpaired,,,
doddabidarakallu-kunte1,empri:BUBNYPdbk_gk1-96,,BUBNYPdbk_gk1-96,,,,unpaired,,,
doddabidarakallu-kunte10,empri:BUBNYPdbk_ku11-106,,BUBNYPdbk_ku11-106,,,,unpaired,,,
doddabidarakallu-kunte11,empri:BUBNYPdbk_ku12-107,,BUBNYPdbk_ku12-107,,,,unpaired,,,
doddabidarakallu-kunte2,empri:BUBNYPdbk_kr3-98,,BUBNYPdbk_kr3-98,,,,unpaired,,,
doddabidarakallu-kunte3,empri:BUBNYPdbk_ku4-99,,BUBNYPdbk_ku4-99,,,,unpaired,,,
doddabidarakallu-kunte4,empri:BUBNYPdbk_gk5-100,,BUBNYPdbk_gk5-100,,,,unpaired,,,
doddabidarakallu-kunte5,empri:BUBNYPdbk_ku6-101,,BUBNYPdbk_ku6-101,,,,unpaired,,,
doddabidarakallu-kunte6,empri:BUBNYPdbk_ku7-102,,BUBNYPdbk_ku7-102,,,,unpaired,,,
doddabidarakallu-kunte7,empri:BUBNYPdbk_ku8-103,,BUBNYPdbk_ku8-103,,,,unpaired,,,
doddabidarakallu-kunte8,empri:BUBNYPdbk_ku9-104,,BUBNYPdbk_ku9-104,,,,unpaired,,,
doddabidarakallu-kunte9,empri:BUBNYPdbk_ku10-105,,BUBNYPdbk_ku10-105,,osm,way/1384707572,unpaired,,,
doddabidarakallu-lake,atree:252,252,BUBNYPdbk_kr2-97,,atree,252,near,10,1.0,
doddabommasandra-kunte-1,empri:BUBNYHdbs_ku2-262,,BUBNYHdbs_ku2-262,,,,unpaired,,,
doddabommasandra-kunte-2,empri:BUBNYHdbs_ku3-263,,BUBNYHdbs_ku3-263,,,,unpaired,,,
doddadunnasandra-lake,atree:866,866,,,atree,866,,,,
doddaganahalli-lake,atree:534,534,,,atree,534,,,,
doddaghataginebbe-lake,atree:277,277,,,atree,277,,,,
doddagubbi-kere,atree:74,74,BUBEBDdgb_kr1-825,,atree,74,inside,0,1.0,
doddagubbi-kunte1,empri:BUBEBDdgb_gk2-826,,BUBEBDdgb_gk2-826,,kgis-tank,796,unpaired,,,
doddagubbi-kunte2,empri:BUBEBDdgb_ku3-827,,BUBEBDdgb_ku3-827,,,,unpaired,,,
doddakallasandra-katte,empri:BUBSUHdks_gk2-1326,,BUBSUHdks_gk2-1326,,,,unpaired,,,
doddakallasandra-lake,atree:12,12,BUBSUHdks_kr1-1325,,atree,12,near,26,1.0,
doddakannalli-kunte1,empri:BUBEVRddk_ku1-530,,BUBEVRddk_ku1-530,,,,unpaired,,,
doddakannalli-kunte2,empri:BUBEVRddk_ku3-532,,BUBEVRddk_ku3-532,,,,unpaired,,,
doddakannalli-kunte3,empri:BUBEVRddk_ku4-533,,BUBEVRddk_ku4-533,,,,unpaired,,,
doddakannalli-kunte4,empri:BUBEVRddk_ku5-534,,BUBEVRddk_ku5-534,,,,unpaired,,,
doddakannalli-kunte5,empri:BUBEVRddk_ku6-535,,BUBEVRddk_ku6-535,,,,unpaired,,,
doddakannalli-kunte6,empri:BUBEVRddk_ku7-536,,BUBEVRddk_ku7-536,,,,unpaired,,,
doddakannalli-kunte7,empri:BUBEVRddk_ku8-537,,BUBEVRddk_ku8-537,,,,unpaired,,,
doddakanneli-gramadakere,atree:115,115,BUBEVRddk_kr2-531,,atree,115,near,5,1.0,
doddakarenahalli-kere,atree:654,654,,,atree,654,,,,
doddakodlu,atree:136,136,BUAKSPklu_kr1-1001,,atree,136,inside,0,1.0,
doddakunte-rudrabhomi-kunte,empri:BUBNBKdrb_ku1-26,,BUBNBKdrb_ku1-26,,,,unpaired,,,
doddanagamanagala-lake,atree:289,289,BUAKSPrys_kr4-1015,,atree,289,near,2,0.2,
doddanagamangala-kunte1,empri:BUBSBGdnm_ku1-1432,,BUBSBGdnm_ku1-1432,,,,unpaired,,,
doddanagamangala-kunte2,empri:BUBSBGdnm_ku2-1433,,BUBSBGdnm_ku2-1433,,,,unpaired,,,
doddanagamangala-kunte3,empri:BUBSBGdnm_ku3-1434,,BUBSBGdnm_ku3-1434,,,,unpaired,,,
doddanekkudi-kunte1,empri:BUBEKRddk_ku1-686,,BUBEKRddk_ku1-686,,,,unpaired,,,
doddanekkudi-kunte2,empri:BUBEKRddk_ku2-687,,BUBEKRddk_ku2-687,,,,unpaired,,,
doddanekkudi-kunte3,empri:BUBEKRddk_gk3-688,,BUBEKRddk_gk3-688,,,,unpaired,,,
doddanekkudi-kunte4,empri:BUBEKRddk_ku5-690,,BUBEKRddk_ku5-690,,,,unpaired,,,
doddanekkudi-kunte5,empri:BUBEKRddk_ku7-692,,BUBEKRddk_ku7-692,,,,unpaired,,,
doddanekundi-kere,atree:116,116,BUBEKRddk_kr6-691,,atree,116,inside,0,1.0,
doddanekundi-kere1,empri:BUBEKRddk_kr4-689,,BUBEKRddk_kr4-689,,,,unpaired,,,
doddanekundi-kunte,atree:34,34,,,atree,34,,,,
doddastadamaradapala-kere,atree:354,354,BUBSKGmlg_kr4-1262,,atree,354,near,7,0.51,
doddatogur-kunte-1,empri:BUBSBGddt_ku2-1429,,BUBSBGddt_ku2-1429,,,,unpaired,,,
doddatogur-kunte-2,empri:BUBSBGddt_gk3-1430,,BUBSBGddt_gk3-1430,,,,unpaired,,,
doddatogur-lake,atree:290,290,BUBSBGddt_kr1-1428,,atree,290,near,8,1.0,
doddebele-kere,atree:333,333,BUBSKGcwp_kr1-1181,,atree,333,inside,0,0.11,
doddenahalli-kere,atree:595,595,,,atree,595,,,,
doddenahalli-kunte,empri:BUBEBDddn_gk1-828,,BUBEBDddn_gk1-828,,,,unpaired,,,
dodderi-kere,atree:350,350,,,atree,350,,,,
dodderi-kere-2,atree:420,420,,,atree,420,,,,
dodderi-kere-2-2,atree:379,379,,,atree,379,,,,
dodderi-kere-se,atree:349,349,,,atree,349,,,,
dodderi-kere-sw,atree:351,351,,,atree,351,,,,
dodkunte-kunte1,empri:BUBNBKdok_gk1-22,,BUBNBKdok_gk1-22,,,,unpaired,,,
dodkunte-kunte2,empri:BUBNBKdok_ku2-23,,BUBNBKdok_ku2-23,,,,unpaired,,,
dodkunte-kunte3,empri:BUBNBKdok_ku3-24,,BUBNBKdok_ku3-24,,,,unpaired,,,
dodkunte-kunte4,empri:BUBNBKdok_ku4-25,,BUBNBKdok_ku4-25,,,,unpaired,,,
dodmaranhalli-lake,atree:1011,1011,,,atree,1011,,,,
dokkanahalli-kunte,empri:BUBNBKduh_ku2-21,,BUBNBKduh_ku2-21,,,,unpaired,,,
dombarahalli-kunte,empri:BUBNDPdmb_gk1-464,,BUBNDPdmb_gk1-464,,,,unpaired,,,
domluru-kere,empri:BUBNBKdml_kr1-27,,BUBNBKdml_kr1-27,,,,unpaired,,,
dommasandra-govt-kunte-4,empri:BUAKSPdms_ku4-938,,BUAKSPdms_ku4-938,,,,unpaired,,,
dommasandra-govt-lake-2,empri:BUAKSPdms_kr17-951,,BUAKSPdms_kr17-951,,,,unpaired,,,
dommasandra-kere-s,atree:450,450,BUAKSPdms_ku3-937,,atree,450,name-near,518,0.89,
dommasandra-kunte-1,empri:BUAKSPdms_ku1-935,,BUAKSPdms_ku1-935,,,,unpaired,,,
dommasandra-kunte-10,empri:BUAKSPdms_ku11-945,,BUAKSPdms_ku11-945,,,,unpaired,,,
dommasandra-kunte-11,empri:BUAKSPdms_ku12-946,,BUAKSPdms_ku12-946,,kgis-tank,574,unpaired,,,
dommasandra-kunte-12,empri:BUAKSPdms_ku13-947,,BUAKSPdms_ku13-947,,,,unpaired,,,
dommasandra-kunte-13,empri:BUAKSPdms_ku14-948,,BUAKSPdms_ku14-948,,,,unpaired,,,
dommasandra-kunte-14,empri:BUAKSPdms_ku15-949,,BUAKSPdms_ku15-949,,,,unpaired,,,
dommasandra-kunte-15,empri:BUAKSPdms_ku16-950,,BUAKSPdms_ku16-950,,,,unpaired,,,
dommasandra-kunte-2,empri:BUAKSPdms_ku2-936,,BUAKSPdms_ku2-936,,,,unpaired,,,
dommasandra-kunte-5,empri:BUAKSPdms_ku5-939,,BUAKSPdms_ku5-939,,,,unpaired,,,
dommasandra-kunte-6,empri:BUAKSPdms_ku6-940,,BUAKSPdms_ku6-940,,,,unpaired,,,
dommasandra-kunte-7,empri:BUAKSPdms_ku8-942,,BUAKSPdms_ku8-942,,kgis-tank,549,unpaired,,,
dommasandra-kunte-8,empri:BUAKSPdms_ku9-943,,BUAKSPdms_ku9-943,,,,unpaired,,,
dommasandra-kunte-9,empri:BUAKSPdms_ku10-944,,BUAKSPdms_ku10-944,,,,unpaired,,,
donenahalli-kere-lower,atree:365,365,,,atree,365,,,,
donenahalli-kere-upper,atree:366,366,,,atree,366,,,,
doraikere,atree:479,479,BUBSUHuth_kr3-1371,,atree,479,near,1,1.0,
dummy,atree:620,620,,,atree,620,,,,
dummy-2,atree:622,622,,,atree,622,,,,
dyavasandra-kere,empri:BUBEKRdvs_kr1-684,,BUBEKRdvs_kr1-684,,,,unpaired,,,
dyavasandra-lake,atree:921,921,,,atree,921,,,,
dyavasandra-lake-2,atree:1196,1196,,,atree,1196,,,,
earannana-kunte,empri:BUBNHGtms_ku1-453,,BUBNHGtms_ku1-453,,kgis-pond,5847,unpaired,,,
ejipura-kunte,empri:BUBSBGeji_ku1-1435,,BUBSBGeji_ku1-1435,,,,unpaired,,,
elenahalli-lake,atree:117,117,BUBSBGyln_kr2-1515,,atree,117,inside,0,0.91,
ettakodi-lake,atree:847,847,,,atree,847,,,,
ettakodi-lake-2,atree:848,848,,,atree,848,,,,
gabburu-lower-tank,atree:663,663,,,atree,663,,,,
gaddam-bachchahalli-kere,atree:1299,1299,,,atree,1299,,,,
gadenahali-lake,atree:881,881,,,atree,881,,,,
gadenahalli-lake,atree:792,792,,,atree,792,,,,
gadigarapalya-kere,atree:402,402,,,atree,402,,,,
gadipalya-lake,atree:912,912,,,atree,912,,,,
gadipalya-lake-2,atree:913,913,,,atree,913,,,,
gadipalyada-halla-lake,atree:909,909,,,atree,909,,,,
gajagadahalli-kere,atree:389,389,,,atree,389,,,,
gajagadahalli-lake,atree:1045,1045,,,atree,1045,,,,
galibilikote-lake,atree:1247,1247,,,atree,1247,,,,
ganadalu-lake,atree:1221,1221,,,atree,1221,,,,
ganakallu-kere,atree:210,210,,,atree,210,,,,
ganapathihalli-kere,atree:370,370,,,atree,370,,,,
ganapathihalli-lake,atree:1015,1015,,,atree,1015,,,,
gandaragolipura-kere,atree:400,400,,,atree,400,,,,
gandarajapura-kere,atree:1306,1306,,,atree,1306,,,,
gandhigram-lower,atree:662,662,,,atree,662,,,,
gandhinagar-lake,atree:1133,1133,,,atree,1133,,,,
gandigram-n,atree:661,661,,,atree,661,,,,
gangasandra-kere,atree:1280,1280,,,atree,1280,,,,
gangasandra-kunte,empri:BUBSKGggs_ku1-1189,,BUBSKGggs_ku1-1189,,,,unpaired,,,
gangavara-lake,atree:1079,1079,,,atree,1079,,,,
gangenahalli-lake,atree:1001,1001,,,atree,1001,,,,
gangondanahalli-kere,atree:208,208,BUBNDPggd_kr4-468,,atree,208,near,17,1.0,
gangondanahalli-kunte,empri:BUBNYPggd_gk1-108,,BUBNYPggd_gk1-108,,,,unpaired,,,
gangondanahalli-kunte1,empri:BUBNDPggd_ku2-466,,BUBNDPggd_ku2-466,,,,unpaired,,,
gangondanahalli-kunte2,empri:BUBNDPggd_ku3-467,,BUBNDPggd_ku3-467,,,,unpaired,,,
gangondanahalli-kunte3,empri:BUBNDPggd_ku5-469,,BUBNDPggd_ku5-469,,kgis-pond,6252,unpaired,,,
gangondanahalli-lake,atree:1051,1051,BUBNDPlkn_ku2-488,,atree,1051,inside,0,0.38,
ganigarahalli-kere,atree:203,203,BUBNYPgng_kr1-109,,atree,203,name-near,151,1.0,
gantiganahalli-kere,atree:76,76,BUBNYHgtg_kr3-266,,atree,76,near,27,1.0,
gantiganahalli-kunte-1,empri:BUBNYHgtg_ku1-264,,BUBNYHgtg_ku1-264,,,,unpaired,,,
gantiganahalli-kunte-2,empri:BUBNYHgtg_gk2-265,,BUBNYHgtg_gk2-265,,,,unpaired,,,
gantiganahalli-kunte-3,empri:BUBNYHgtg_ku4-267,,BUBNYHgtg_ku4-267,,,,unpaired,,,
gantiganahalli-kunte-4,empri:BUBNYHgtg_ku5-268,,BUBNYHgtg_ku5-268,,,,unpaired,,,
gantiganahalli-kunte-5,empri:BUBNYHgtg_ku6-269,,BUBNYHgtg_ku6-269,,,,unpaired,,,
garudacharpalya-lake,atree:970,970,,,atree,970,,,,
garvebhavipalya-lake,atree:125,125,BUBSBGhgs_kr1-1446,,atree,125,inside,0,1.0,
gattihalli-govt-lake,atree:291,291,BUAKSPgth_kr3-954,,atree,291,near,4,1.0,
gattihalli-kunte-1,empri:BUAKSPgth_ku1-952,,BUAKSPgth_ku1-952,,,,unpaired,,,
gattihalli-kunte-2,empri:BUAKSPgth_ku2-953,,BUAKSPgth_ku2-953,,,,unpaired,,,
gavipura-kunte-1,empri:BUBNBKgvp_gk1-28,,BUBNBKgvp_gk1-28,,,,unpaired,,,
gavipura-kunte-2,empri:BUBNBKgvp_ku2-29,,BUBNBKgvp_ku2-29,,,,unpaired,,,
gavipura-lake,empri:BUBNBKgvp_gk3-30,,BUBNBKgvp_gk3-30,,,,unpaired,,,
geddalahalli-kunte,empri:BUBNBKgdh_gk1-31,,BUBNBKgdh_gk1-31,,,,unpaired,,,
geddalahalli-lake,empri:BUBNBKgdh_kr1-32,,BUBNBKgdh_kr1-32,,,,unpaired,,,
giddanahalli-lake,atree:999,999,,,atree,999,,,,
giddatapura-lake,atree:872,872,,,atree,872,,,,
giddenahalli-lake,atree:945,945,,,atree,945,,,,
giddenahalli-lake-2,atree:932,932,,,atree,932,,,,
giddlahallipura-kere,atree:579,579,,,atree,579,,,,
girupalya-kere,atree:339,339,,,atree,339,,,,
gollahalli-govt-lake,atree:292,292,BUAKABglh_kr2-1029,,atree,292,near,10,1.0,
gollahalli-kere,atree:687,687,,,atree,687,,,,
gollahalli-kunte,empri:BUAKABglh_ku1-1028,,BUAKABglh_ku1-1028,,,,unpaired,,,
gollahalli-kunte-2,empri:BUAKJGglh_ku2-1068,,BUAKJGglh_ku2-1068,,,,unpaired,,,
gollapura3r,atree:630,630,,,atree,630,,,,
gollarapalya-kere,atree:711,711,,,atree,711,,,,
gollarapalya-lake,atree:987,987,,,atree,987,,,,
gonakanahalli-kere,atree:605,605,,,atree,605,,,,
gongadipura-kere,empri:BUBNYPkdg_kr5-155,,BUBNYPkdg_kr5-155,,,,unpaired,,,
gongadipura-kunte,empri:BUBNYPkdg_ku6-156,,BUBNYPkdg_ku6-156,,,,unpaired,,,
gonigatpura-lake,atree:838,838,,,atree,838,,,,
gonigatpura-lake-2,atree:839,839,,,atree,839,,,,
gonigatpura-lake-3,atree:840,840,,,atree,840,,,,
gonipura-1,atree:345,345,BUBSKGkgl_kr2-1255,,atree,345,inside,0,0.44,
gonipura-2,atree:346,346,,,atree,346,,,,
gonipura-lake,atree:991,991,,,atree,991,,,,
gonur-lake,atree:1264,1264,,,atree,1264,,,,
gopalpura-kere,atree:563,563,,,atree,563,,,,
gopenahalli-lake,atree:1191,1191,,,atree,1191,,,,
gopsandra-lake,atree:1063,1063,,,atree,1063,,,,
goravigere-kunte1,empri:BUBEBDgrv_ku1-829,,BUBEBDgrv_ku1-829,,,,unpaired,,,
goravigere-kunte2,empri:BUBEBDgrv_gk2-830,,BUBEBDgrv_gk2-830,,,,unpaired,,,
goravigere-kunte3,empri:BUBEBDgrv_ku3-831,,BUBEBDgrv_ku3-831,,kgis-pond,593,unpaired,,,
goravigere-kunte4,empri:BUBEBDgrv_ku4-832,,BUBEBDgrv_ku4-832,,,,unpaired,,,
gottamaranahalli-lake,atree:967,967,BUAKSPgot_kr1-955,,atree,967,near,23,1.0,
gottigere-kere,atree:120,120,BUBSUHgtg_kr2-1330,,atree,120,near,9,1.0,
gottigere-kunte1,empri:BUBSUHgtg_ku1-1329,,BUBSUHgtg_ku1-1329,,,,unpaired,,,
gottigere-kunte2,empri:BUBSUHgtg_ku3-1331,,BUBSUHgtg_ku3-1331,,,,unpaired,,,
gottigere-kunte3,empri:BUBSUHgtg_ku4-1332,,BUBSUHgtg_ku4-1332,,,,unpaired,,,
goudanakere,atree:480,480,BUBSUHkdr_kr1-1343,,atree,480,inside,0,1.0,
govanhalli-kere,atree:419,419,,,atree,419,,,,
governament-attikere,atree:293,293,BUAKABhbg_kr4-1033,,atree,293,near,13,0.55,
govindaehettipalya-lake,atree:969,969,BUAKABvrs_kr2-1035,,atree,969,near,4,0.25,
govindapur-kere,atree:608,608,,,atree,608,,,,
govindapura-kere,atree:580,580,,,atree,580,,,,
govindapura-lo-kere,atree:728,728,,,atree,728,,,,
govt-dinnekere,atree:148,148,BUBEVRpnt_kr4-609,,atree,148,inside,0,1.0,
govt-gulimangalada-lake,atree:294,294,BUAKSPckm_kr3-920,,atree,294,near,11,0.92,
govt-karabu,atree:263,263,BUBNYPkrv_kr1-140,,atree,263,near,7,1.0,
govt-karabu-katte,empri:BUAKJGbin_ku5-1061,,BUAKJGbin_ku5-1061,,kgis-tank,1077,unpaired,,,
govt-katte,atree:195,195,BUBNJLdyk_kr3-347,,atree,195,near,3,1.0,
govt-kere,empri:BUBSBGbdp_gk3-1420,,BUBSBGbdp_gk3-1420,,osm,way/1178402473,unpaired,,,
govt-kere-1,atree:211,211,BUAKSPrny_kr1-1008,,atree,211,inside,0,0.0,
govt-kere-2,atree:212,212,BUAKSPrny_kr2-1009,,atree,212,near,11,0.0,
govt-lake,atree:459,459,,,atree,459,,,,
govt-lake-newly-created,empri:BUBNYPkan_ku10-138,,BUBNYPkan_ku10-138,,,,unpaired,,,
govt-maggekere,atree:472,472,BUBSKGkum_kr1-1242,,atree,472,near,22,1.0,
govt-mutsandra-kere,atree:295,295,,,atree,295,,,,
govt-vaddakere,atree:90,90,BUAKSPcho_kr3-932,,atree,90,near,2,1.0,
govt-vadenakere,atree:4,4,BUAKJGmtp_kr3-1097,,atree,4,near,20,1.0,
govt-vodanakunte,empri:BUBSUHdks_kr3-1327,,BUBSUHdks_kr3-1327,,,,unpaired,,,
gowdana-kere,empri:BUBSTKklr_kr5-1134,,BUBSTKklr_kr5-1134,,,,unpaired,,,
gramada-kere,atree:287,287,BUBNDPdsp_kr3-463,,atree,287,inside,0,1.0,
gramadakere,atree:174,174,BUBEVRguj_kr4-542,,atree,174,near,115,1.0,
gramadakere-2,atree:180,180,BUBEVRkdt_kr3-575,,atree,180,near,9,1.0,
gubbalal-kere,atree:481,481,BUBSUHgbl_kr2-1335,,atree,481,near,50,1.0,
gubbalal-kunte,empri:BUBSUHgbl_ku4-1337,,BUBSUHgbl_ku4-1337,,,,unpaired,,,
gublai-lske,atree:976,976,,,atree,976,,,,
guddadahalli-kere,atree:1289,1289,,,atree,1289,,,,
guddadahalli-kere-e,atree:1290,1290,,,atree,1290,,,,
guddadahalli-lake,atree:1040,1040,,,atree,1040,,,,
guddegaudanachannoha,atree:631,631,,,atree,631,,,,
guddehatti-lake,atree:938,938,,,atree,938,,,,
guddehatti-lake-2,atree:941,941,,,atree,941,,,,
gudimavu-kunte,empri:BUBSKGgdm_ku1-1191,,BUBSKGgdm_ku1-1191,,,,unpaired,,,
guduppana-lake,atree:910,910,,,atree,910,,,,
guduppana-lake-2,atree:972,972,,,atree,972,,,,
guduvanahalli-lake,atree:1262,1262,,,atree,1262,,,,
gulagunganahalli-lak,atree:1009,1009,,,atree,1009,,,,
gulakayipura-govt-lake,atree:296,296,,,atree,296,,,,
gulimangala-kunte-1,empri:BUAKSPgum_ku1-956,,BUAKSPgum_ku1-956,,,,unpaired,,,
gulimangala-kunte-2,empri:BUAKSPgum_ku2-957,,BUAKSPgum_ku2-957,,,,unpaired,,,
gulya-down,atree:678,678,,,atree,678,,,,
gundappanayakanahalli-lake,atree:1214,1214,,,atree,1214,,,,
gundarahalli-lake-2,atree:543,543,,,atree,543,,,,
gundenahalli-kere,atree:413,413,,,atree,413,,,,
gundur-kere-n,atree:443,443,,,atree,443,,,,
gunduru-kere,atree:79,79,,,atree,79,,,,
gunduru-lake,atree:64,64,,,atree,64,,,,
guniagrahara-kere-2,empri:BUBNHGgna_kr3-380,,BUBNHGgna_kr3-380,,,,unpaired,,,
guniagrahara-kunte,empri:BUBNHGgna_ku2-379,,BUBNHGgna_ku2-379,,,,unpaired,,,
gunjuru-kunte1,empri:BUBEVRguj_ku1-539,,BUBEVRguj_ku1-539,,,,unpaired,,,
gunjuru-kunte2,empri:BUBEVRguj_ku2-540,,BUBEVRguj_ku2-540,,,,unpaired,,,
gunjuru-kunte3,empri:BUBEVRguj_ku3-541,,BUBEVRguj_ku3-541,,,,unpaired,,,
gunjuru-kunte4,empri:BUBEVRguj_ku6-544,,BUBEVRguj_ku6-544,,,,unpaired,,,
gunjuru-kunte5,empri:BUBEVRguj_ku8-546,,BUBEVRguj_ku8-546,,kgis-pond,4034,unpaired,,,
gunjuru-kunte6,empri:BUBEVRguj_ku9-547,,BUBEVRguj_ku9-547,,,,unpaired,,,
gunjuru-kunte7,empri:BUBEVRguj_ku10-548,,BUBEVRguj_ku10-548,,,,unpaired,,,
gunjuru-kunte8,empri:BUBEVRguj_ku11-549,,BUBEVRguj_ku11-549,,,,unpaired,,,
gunjuru-kunte9,empri:BUBEVRguj_ku12-550,,BUBEVRguj_ku12-550,,,,unpaired,,,
gunjuruplaya-kere,atree:123,123,BUBEVRguj_kr5-543,,atree,123,inside,0,1.0,
gururvanahalli-kere,atree:660,660,,,atree,660,,,,
guruvanahalli-kere,atree:715,715,,,atree,715,,,,
guttepalya-lake,atree:906,906,,,atree,906,,,,
guttepalya-lake-2,atree:958,958,,,atree,958,,,,
hado-shiddapura-kere,atree:176,176,BUBEVRrsp_kr1-616,,atree,176,inside,0,1.0,
hadonahalli-kere,atree:1285,1285,,,atree,1285,,,,
hadosiddapur-a-kunte,empri:BUBEVRrsp_ku2-617,,BUBEVRrsp_ku2-617,,,,unpaired,,,
hadyalu-kere,atree:714,714,,,atree,714,,,,
hagaduru-kunte1,empri:BUBEKRhgd_ku1-693,,BUBEKRhgd_ku1-693,,,,unpaired,,,
hagaduru-kunte2,empri:BUBEKRhgd_ku2-694,,BUBEKRhgd_ku2-694,,,,unpaired,,,
haji-hosahalli-kere,atree:615,615,,,atree,615,,,,
haji-hosahalli-kere-s,atree:618,618,,,atree,618,,,,
haji-hosahalli-n,atree:616,616,,,atree,616,,,,
hakkibikki-lake,atree:956,956,,,atree,956,,,,
hakkibikki-lake-2,atree:964,964,,,atree,964,,,,
hakkibikki-lake-3,atree:957,957,,,atree,957,,,,
halagevaderahalli-kere-1,empri:BUBSKGhgv_kr2-1193,,BUBSKGhgv_kr2-1193,,,,unpaired,,,
halagevaderahalli-kere-2,atree:482,482,BUBSKGhgv_kr3-1194,,atree,482,near,23,1.0,
halammanapalya-lake,atree:1021,1021,,,atree,1021,,,,
halammanapalya-lake-1,atree:1030,1030,,,atree,1030,,,,
halanayakanahalli-kere,atree:177,177,BUBEVRhly_kr1-551,,atree,177,near,5,1.0,
halasahalli-thippasandra-kunte-1,empri:BUAKSPhht_ku1-958,,BUAKSPhht_ku1-958,,,,unpaired,,,
halasahalli-thippasandra-kunte-2,empri:BUAKSPhht_ku2-959,,BUAKSPhht_ku2-959,,kgis-pond,4397,unpaired,,,
halasahalli-thippasandra-kunte-3,empri:BUAKSPhht_gk3-960,,BUAKSPhht_gk3-960,,,,unpaired,,,
halasahalli-thippasandra-kunte-4,empri:BUAKSPhht_gk5-962,,BUAKSPhht_gk5-962,,,,unpaired,,,
halasahalli-thippasandra-kunte-5,empri:BUAKSPhht_ku1-963,,BUAKSPhht_ku1-963,,osm,way/1419396938,unpaired,,,
haldenahalli-lake,atree:1141,1141,,,atree,1141,,,,
hale-chandapura-lake,atree:936,936,,,atree,936,,,,
hale-chandapura-lake-2,atree:939,939,,,atree,939,,,,
halehalli-kunte,empri:BUBEBDhlh_gk1-833,,BUBEBDhlh_gk1-833,,,,unpaired,,,
halehalli-south-lake,atree:1152,1152,,,atree,1152,,,,
halenahalli-kere,atree:396,396,,,atree,396,,,,
halenahalli-kere-s,atree:397,397,,,atree,397,,,,
halenahalli-sw,atree:680,680,,,atree,680,,,,
halenahalli-up,atree:679,679,,,atree,679,,,,
halesampigehalli-kunte,empri:BUAKJGhsp_ku1-1069,,BUAKJGhsp_ku1-1069,,,,unpaired,,,
haleuru-lake,atree:895,895,,,atree,895,,,,
hallimarandapalya-lake,atree:1019,1019,,,atree,1019,,,,
hancharahalli-lake,atree:880,880,,,atree,880,,,,
handenhalli-lake,atree:875,875,,,atree,875,,,,
handrahalli-kere,atree:256,256,BUBNYPlgd_kr3-169,,atree,256,near,10,1.0,
hanpalya-kere,atree:649,649,,,atree,649,,,,
hanuman-kunte-new,empri:BUBNHGitg_ku3-386,,BUBNHGitg_ku3-386,,,,unpaired,,,
hanumantapura-lake,atree:529,529,,,atree,529,,,,
hanumanthapura-kere,empri:BUBNBKhnm_kr1-33,,BUBNBKhnm_kr1-33,,,,unpaired,,,
hanumanthas-agara-kunte,empri:BUBNDPhnm_gk1-470,,BUBNDPhnm_gk1-470,,,,unpaired,,,
hanumanttanapalya-kere,atree:652,652,,,atree,652,,,,
haralakunte,empri:BUBSBGhrk_kr1-1436,,BUBSBGhrk_kr1-1436,,,,unpaired,,,
haralakunte-kunte1,empri:BUBSBGhrk_ku2-1437,,BUBSBGhrk_ku2-1437,,,,unpaired,,,
haralakunte-kunte2,empri:BUBSBGhrk_ku3-1438,,BUBSBGhrk_ku3-1438,,,,unpaired,,,
haralakunte-kunte3,empri:BUBSBGhrk_ku4-1439,,BUBSBGhrk_ku4-1439,,,,unpaired,,,
haraluru-kere,atree:124,124,BUBEVRhrl_kr2-554,,atree,124,near,6,1.0,
haraluru-kunte,empri:BUBEVRhrl_gk1-553,,BUBEVRhrl_gk1-553,,,,unpaired,,,
harana-katte,empri:BUBSKGslk_ku4-1302,,BUBSKGslk_ku4-1302,,,,unpaired,,,
haranakatte,atree:461,461,BUBNYPmng_kr1-186,,atree,461,inside,0,1.0,
haregadde-lank,atree:946,946,,,atree,946,,,,
harohali-lake,atree:1207,1207,,,atree,1207,,,,
harohali-lake-2,atree:1217,1217,,,atree,1217,,,,
harohall-govt-lake,atree:298,298,BUAKSPhrh_kr1-964,,atree,298,near,19,0.73,
harohalli-kere,atree:37,37,BUBNYHrh_kr1-270,,atree,37,inside,0,1.0,
harohalli-kunte-1,empri:BUBNYHrh_ku2-271,,BUBNYHrh_ku2-271,,,,unpaired,,,
harohalli-kunte-3,empri:BUBNYHrh_ku4-273,,BUBNYHrh_ku4-273,,,,unpaired,,,
harohalli-kunte2,empri:BUBNYHrh_ku3-272,,BUBNYHrh_ku3-272,,,,unpaired,,,
harohallipalya-lake,atree:808,808,,,atree,808,,,,
harokyathanahalli-kere,atree:207,207,BUBNDPhrk_kr2-473,,atree,207,near,1,1.0,
harokyathanahalli-kunte1,empri:BUBNDPhrk_gk1-472,,BUBNDPhrk_gk1-472,,,,unpaired,,,
harokyathanahalli-kunte2,empri:BUBNDPhrk_gk3-474,,BUBNDPhrk_gk3-474,,kgis-pond,3100,unpaired,,,
harokyathanahalli-kunte3,empri:BUBNDPhrk_ku4-475,,BUBNDPhrk_ku4-475,,,,unpaired,,,
harokyathanahalli-kunte4,empri:BUBNDPhrk_ku5-476,,BUBNDPhrk_ku5-476,,,,unpaired,,,
hasarahalli-kere,atree:436,436,,,atree,436,,,,
hebbagodi-kunte-1,empri:BUAKABhbg_gk2-1031,,BUAKABhbg_gk2-1031,,,,unpaired,,,
hebbagodi-kunte-2,empri:BUAKABhbg_ku3-1032,,BUAKABhbg_ku3-1032,,,,unpaired,,,
hebbal-lake,atree:38,38,BUBNBKhbl_kr1-34,,atree,38,inside,0,1.0,
heggadadevanapura-kere,atree:206,206,BUBNDPhgd_kr1-477,,atree,206,near,3,0.96,
heggadadevanapura-lake,atree:1052,1052,BUBNDPhgd_kr3-479,,atree,1052,near,90,0.96,
heggadaevanapura-kere-2,empri:BUBNDPhgd_kr2-478,,BUBNDPhgd_kr2-478,,,,unpaired,,,
hegganahalli-kunte1,empri:BUBNYPhgn_gk1-112,,BUBNYPhgn_gk1-112,,,,unpaired,,,
hegganahalli-kunte2,empri:BUBNYPhgn_ku2-113,,BUBNYPhgn_ku2-113,,,,unpaired,,,
hegganahalli-lake,atree:773,773,,,atree,773,,,,
heggondahalli-kunte-1,empri:BUAKSPhgd_ku1-965,,BUAKSPhgd_ku1-965,,,,unpaired,,,
heggondahalli-kunte-2,empri:BUAKSPhgd_ku2-966,,BUAKSPhgd_ku2-966,,,,unpaired,,,
heggondahalli-kunte-3,empri:BUAKSPhgd_ku4-968,,BUAKSPhgd_ku4-968,,,,unpaired,,,
heggondahalli-kunte-4,empri:BUAKSPhgd_ku5-969,,BUAKSPhgd_ku5-969,,,,unpaired,,,
heggondanalli-govt-lake,atree:178,178,BUAKSPhgd_kr3-967,,atree,178,near,1,0.78,
hejjala-e,atree:348,348,,,atree,348,,,,
hejjala-kere,atree:347,347,,,atree,347,,,,
hemigepura-kunte-1,empri:BUBSKGhmp_ku1-1195,,BUBSKGhmp_ku1-1195,,,,unpaired,,,
hemigepura-kunte-2,empri:BUBSKGhmp_ku2-1196,,BUBSKGhmp_ku2-1196,,,,unpaired,,,
hemigepura-kunte-3,empri:BUBSKGhmp_ku3-1197,,BUBSKGhmp_ku3-1197,,osm,way/1443402177,unpaired,,,
hempapura-kere,atree:734,734,,,atree,734,,,,
hennagara-kere,atree:894,894,,,atree,894,,,,
hennur-kunte-1,empri:BUBNBKhnr_ku1-35,,BUBNBKhnr_ku1-35,,,,unpaired,,,
hennur-kunte-2,empri:BUBNBKhnr_ku2-36,,BUBNBKhnr_ku2-36,,,,unpaired,,,
hennur-lake,empri:BUBNBKhnr_kr3-37,,BUBNBKhnr_kr3-37,,,,unpaired,,,
herohalli-kunte1,empri:BUBNYPher_ku2-115,,BUBNYPher_ku2-115,,,,unpaired,,,
herohalli-kunte2,empri:BUBNYPher_gk3-116,,BUBNYPher_gk3-116,,,,unpaired,,,
herohalli-kunte3,empri:BUBNYPher_ku5-118,,BUBNYPher_ku5-118,,,,unpaired,,,
herohalli-kunte4,empri:BUBNYPher_ku6-119,,BUBNYPher_ku6-119,,osm,way/1123272051,unpaired,,,
herohalli-kunte5,empri:BUBNYPher_ku7-120,,BUBNYPher_ku7-120,,,,unpaired,,,
herohalli-kunte6-newly-created,empri:BUBNYPher_gk8-121,,BUBNYPher_gk8-121,,osm,way/1123272056,unpaired,,,
herohalli-lake,atree:253,253,BUBNYPher_kr1-114,,atree,253,near,12,1.0,
herohalli-thotadakere,atree:483,483,BUBNYPher_kr4-117,,atree,483,near,91,1.0,
hesaraghatta-kere-east,atree:384,384,,,atree,384,,,,
hesaraghatta-lake,atree:439,439,,,atree,439,,,,
hettakki-lake,atree:547,547,,,atree,547,,,,
hilaligi-lake,atree:953,953,,,atree,953,,,,
hilaligi-lake-2,atree:955,955,,,atree,955,,,,
hinnakki-lake,atree:948,948,,,atree,948,,,,
hirandahalli-kunte-1,empri:BUBEBDhrd_ku1-834,,BUBEBDhrd_ku1-834,,,,unpaired,,,
hirandahalli-kunte-2,empri:BUBEBDhrd_ku2-835,,BUBEBDhrd_ku2-835,,,,unpaired,,,
hirandahalli-kunte-3,empri:BUBEBDhrd_ku3-836,,BUBEBDhrd_ku3-836,,,,unpaired,,,
hirandahalli-kunte-4,empri:BUBEBDhrd_ku4-837,,BUBEBDhrd_ku4-837,,,,unpaired,,,
hire-kere,atree:390,390,,,atree,390,,,,
hiregenahalli-kere,atree:1349,1349,,,atree,1349,,,,
hittarahalli-lake,atree:818,818,,,atree,818,,,,
holegeripura-lake,atree:1066,1066,,,atree,1066,,,,
hommadevanahalli-kere2,empri:BUBSBGhmd_gk3-1443,,BUBSBGhmd_gk3-1443,,,,unpaired,,,
hommadevanahalli-kunte1,empri:BUBSBGhmd_ku1-1441,,BUBSBGhmd_ku1-1441,,,,unpaired,,,
hommadevanahalli-kunte1-2,empri:BUBSBGhmd_ku4-1444,,BUBSBGhmd_ku4-1444,,,,unpaired,,,
hommadevanahalli-kunte2,empri:BUBSBGhmd_ku5-1445,,BUBSBGhmd_ku5-1445,,,,unpaired,,,
hommedevanahalli-kere,atree:222,222,BUBSBGhmd_kr2-1442,,atree,222,near,20,1.0,
hompalaghatta-east-lake,atree:1128,1128,,,atree,1128,,,,
hompalaghatta-lake,atree:1121,1121,,,atree,1121,,,,
honepalya-kere,atree:716,716,,,atree,716,,,,
hongasandra-kunte,empri:BUBSBGhgs_ku2-1447,,BUBSBGhgs_ku2-1447,,,,unpaired,,,
hongekere,atree:229,229,BUAKJGhul_kr6-1085,,atree,229,near,6,1.0,
honna-kalashapura-lake,atree:1143,1143,,,atree,1143,,,,
honnadevipura-kere,atree:386,386,,,atree,386,,,,
honnadevipura-lake,atree:1041,1041,,,atree,1041,,,,
honnasandra-kere,atree:565,565,,,atree,565,,,,
honnashetti-kere,atree:228,228,BUAKJGbin_kr8-1064,,atree,228,inside,0,1.0,
honnenahalli-kere,atree:78,78,BUBNYHhnn_kr3-276,,atree,78,near,3,1.0,
honnenahalli-kunte-1,empri:BUBNYHhnn_ku1-274,,BUBNYHhnn_ku1-274,,,,unpaired,,,
honnenahalli-kunte-2,empri:BUBNYHhnn_ku2-275,,BUBNYHhnn_ku2-275,,,,unpaired,,,
honnenahalli-lake,atree:1182,1182,,,atree,1182,,,,
hoodi-kere-2,atree:39,39,BUBEKRhod_kr1-695,,atree,39,near,27,1.0,
hoodi-kunte1,empri:BUBEKRhod_ku2-696,,BUBEKRhod_ku2-696,,,,unpaired,,,
hoodi-kunte10,empri:BUBEKRhod_ku12-706,,BUBEKRhod_ku12-706,,,,unpaired,,,
hoodi-kunte11,empri:BUBEKRhod_ku13-707,,BUBEKRhod_ku13-707,,,,unpaired,,,
hoodi-kunte2,empri:BUBEKRhod_ku4-698,,BUBEKRhod_ku4-698,,,,unpaired,,,
hoodi-kunte3,empri:BUBEKRhod_ku5-699,,BUBEKRhod_ku5-699,,,,unpaired,,,
hoodi-kunte4,empri:BUBEKRhod_ku6-700,,BUBEKRhod_ku6-700,,,,unpaired,,,
hoodi-kunte5,empri:BUBEKRhod_ku7-701,,BUBEKRhod_ku7-701,,,,unpaired,,,
hoodi-kunte6,empri:BUBEKRhod_ku8-702,,BUBEKRhod_ku8-702,,,,unpaired,,,
hoodi-kunte7,empri:BUBEKRhod_ku9-703,,BUBEKRhod_ku9-703,,,,unpaired,,,
hoodi-kunte8,empri:BUBEKRhod_ku10-704,,BUBEKRhod_ku10-704,,,,unpaired,,,
hoodi-kunte9,empri:BUBEKRhod_ku11-705,,BUBEKRhod_ku11-705,,,,unpaired,,,
horamavu-agara,atree:36,36,BUBEKRhma_kr1-709,,atree,36,near,22,1.0,
horamavu-kere,atree:40,40,BUBEKRhrm_kr1-708,,atree,40,near,23,1.0,
hosa-bairohalli,empri:BUBSKGkom_gk4-1237,,BUBSKGkom_gk4-1237,,kgis-tank,1229,unpaired,,,
hosa-dimbahalli-kere,atree:576,576,,,atree,576,,,,
hosa-katte-newly-created,empri:BUBSKGmrg_gk3-1267,,BUBSKGmrg_gk3-1267,,kgis-pond,896,unpaired,,,
hosa-kere,atree:183,183,BUBNHGitg_kr4-387,,atree,183,inside,0,1.0,
hosadoddi-lake,atree:986,986,,,atree,986,,,,
hosadoddi-lake-1,atree:1055,1055,,,atree,1055,,,,
hosahalli-golarapalya-kunte,empri:BUBNYPhgp_ku1-122,,BUBNYPhgp_ku1-122,,,,unpaired,,,
hosahalli-govt-lake,atree:218,218,BUAKSPhsh_kr5-974,,atree,218,near,13,1.0,
hosahalli-kere,atree:407,407,,,atree,407,,,,
hosahalli-kunte,empri:BUBSUHhsh_ku1-1338,,BUBSUHhsh_ku1-1338,,,,unpaired,,,
hosahalli-kunte-1,empri:BUAKSPhsh_ku1-970,,BUAKSPhsh_ku1-970,,,,unpaired,,,
hosahalli-kunte-2,empri:BUAKSPhsh_gk2-971,,BUAKSPhsh_gk2-971,,kgis-tank,582,unpaired,,,
hosahalli-kunte-3,empri:BUAKSPhsh_ku3-972,,BUAKSPhsh_ku3-972,,,,unpaired,,,
hosahalli-kunte-4,empri:BUAKSPhsh_ku4-973,,BUAKSPhsh_ku4-973,,,,unpaired,,,
hosahalli-kunte-5,empri:BUAKSPhsh_ku6-975,,BUAKSPhsh_ku6-975,,kgis-tank,581,unpaired,,,
hosahalli-kunte-6,empri:BUAKSPhsh_ku7-976,,BUAKSPhsh_ku7-976,,kgis-tank,563,unpaired,,,
hosahalli-lake,atree:269,269,,,atree,269,,,,
hosahalli-lake-2,atree:1048,1048,,,atree,1048,,,,
hosahalli-lake-3,atree:1174,1174,,,atree,1174,,,,
hosakere,atree:87,87,BUBSBGmyl_kr3-1476,,atree,87,near,2,1.0,
hosakere-2,atree:227,227,BUAKJGbin_kr1-1057,,atree,227,inside,0,1.0,
hosakere-3,atree:283,283,BUAKJGrms_kr1-1103,,atree,283,near,23,1.0,
hosakere-lake,atree:994,994,BUBSKGmks_kr2-1271,,atree,994,inside,0,0.31,
hosakerehalli-kere,atree:484,484,BUBSUHhkr_kr1-1339,,atree,484,inside,0,1.0,
hosakote-doddaamanikere,atree:299,299,,,atree,299,,,,
hosapalya-2r,atree:623,623,,,atree,623,,,,
hosapalya-4r,atree:624,624,,,atree,624,,,,
hosapalya-lake,atree:1034,1034,,,atree,1034,,,,
hosapalya-lake-1,atree:1054,1054,,,atree,1054,,,,
hosavenkatapura-kere,atree:573,573,,,atree,573,,,,
hosuru-kere,atree:1324,1324,,,atree,1324,,,,
hoysalanagara-lake,atree:960,960,,,atree,960,,,,
huchchanapalya-kere,atree:567,567,,,atree,567,,,,
huchegowdanpalya-kere,atree:720,720,,,atree,720,,,,
hulavanhalli-lake-1,atree:544,544,,,atree,544,,,,
hulavanhalli-lake-2,atree:546,546,,,atree,546,,,,
hulimangala-govt-kodi-kere,atree:225,225,BUAKJGhlm_kr4-1073,,atree,225,inside,0,1.0,
hulimangala-kunte1,empri:BUAKJGhlm_ku1-1070,,BUAKJGhlm_ku1-1070,,,,unpaired,,,
hulimangala-kunte2,empri:BUAKJGhlm_ku3-1072,,BUAKJGhlm_ku3-1072,,,,unpaired,,,
hulimangala-kunte3,empri:BUAKJGhlm_ku5-1074,,BUAKJGhlm_ku5-1074,,,,unpaired,,,
hulimangala-kunte4,empri:BUAKJGhlm_ku6-1075,,BUAKJGhlm_ku6-1075,,,,unpaired,,,
hulimangala-kunte5,empri:BUAKJGhlm_ku8-1077,,BUAKJGhlm_ku8-1077,,,,unpaired,,,
hulimangala-kunte6,empri:BUAKJGhlm_ku9-1078,,BUAKJGhlm_ku9-1078,,kgis-pond,6176,unpaired,,,
hulimangala-kunte7,empri:BUAKJGhlm_ku10-1079,,BUAKJGhlm_ku10-1079,,,,unpaired,,,
hulimavu-kere,atree:126,126,BUBSBGhum_kr1-1448,,atree,126,near,5,1.0,
hulkur-kere,atree:730,730,,,atree,730,,,,
hullahalli-kere,atree:300,300,BUAKJGhul_kr7-1086,,atree,300,inside,0,1.0,
hullahalli-kunte1,empri:BUAKJGhul_gk2-1081,,BUAKJGhul_gk2-1081,,,,unpaired,,,
hullahalli-kunte2,empri:BUAKJGhul_gk4-1083,,BUAKJGhul_gk4-1083,,kgis-pond,6105,unpaired,,,
hullahalli-kunte3,empri:BUAKJGhul_ku5-1084,,BUAKJGhul_ku5-1084,,,,unpaired,,,
hullur-kere,atree:586,586,,,atree,586,,,,
hulvenahalli-lake,atree:1020,1020,,,atree,1020,,,,
hulvenahalli-lake-1,atree:1032,1032,,,atree,1032,,,,
hunasuru-lake,atree:784,784,,,atree,784,,,,
hunisemaradapalya-kere,atree:328,328,BUBSKGrmh_ku5-1287,,atree,328,inside,0,0.25,
hunisemaradapalya-la,atree:993,993,BUBSKGbhm_kr1-1171,,atree,993,inside,0,0.85,
hunnaganahalli-lake,atree:1002,1002,,,atree,1002,,,,
hunnegere-low-kere,atree:708,708,,,atree,708,,,,
hunnegere-up-kere,atree:707,707,,,atree,707,,,,
hunnigere-lake,atree:1017,1017,,,atree,1017,,,,
huralichikkanahalli-kunte,empri:BUBNHGhck_ku2-382,,BUBNHGhck_ku2-382,,,,unpaired,,,
huralihalli-kere,atree:646,646,,,atree,646,,,,
huskur-govt-lake,atree:302,302,BUAKSPhku_kr1-977,,atree,302,near,4,1.0,
huskuru-kere,atree:239,239,,,atree,239,,,,
huskuru-kere-2,empri:BUAKSPhku_gk4-980,,BUAKSPhku_gk4-980,,,,unpaired,,,
huskuru-kunte-2,empri:BUAKSPhku_ku3-979,,BUAKSPhku_ku3-979,,,,unpaired,,,
huskuru-kunte-3,empri:BUAKSPhku_ku5-981,,BUAKSPhku_ku5-981,,,,unpaired,,,
huvinaikanahalli-lake,atree:815,815,,,atree,815,,,,
ibbalur-govt-lake,atree:127,127,BUBSBGiba_kr2-1450,,atree,127,near,12,1.0,
ibbalur-kunte,empri:BUBSBGiba_ku1-1449,,BUBSBGiba_ku1-1449,,,,unpaired,,,
ichanguru-lake,atree:952,952,,,atree,952,,,,
indlabele-kere,atree:746,746,,,atree,746,,,,
indlavadi-lake,atree:1098,1098,,,atree,1098,,,,
indlavadipura-lake,atree:1146,1146,,,atree,1146,,,,
ishvanahalli-5r,atree:625,625,,,atree,625,,,,
islur-kere,atree:572,572,,,atree,572,,,,
itgalpura-lake,atree:813,813,,,atree,813,,,,
ittagalapura-kere,atree:182,182,BUBNHGitg_kr5-388,,atree,182,near,21,1.0,
ittagalapura-kunte,empri:BUBNHGitg_ku2-385,,BUBNHGitg_ku2-385,,,,unpaired,,,
ittamadu-kere,atree:485,485,BUBSUHitm_kr2-1341,,atree,485,near,6,1.0,
ittamadu-kunte,empri:BUBSUHitm_ku1-1340,,BUBSUHitm_ku1-1340,,,,unpaired,,,
ittangur-kere,atree:446,446,,,atree,446,,,,
ivarakangapura-kere,atree:303,303,BUBNHGikp_kr1-383,,atree,303,near,7,0.9,
j-p-park-kere,atree:50,50,BUBNBKmtk_kr1-58,,atree,50,inside,0,1.0,
jadigenahalli-kere,atree:593,593,,,atree,593,,,,
jajura-lake1,atree:1157,1157,,,atree,1157,,,,
jajura-lake2,atree:1158,1158,,,atree,1158,,,,
jakkanahalli-6r,atree:634,634,,,atree,634,,,,
jakkanahalli-small,atree:635,635,,,atree,635,,,,
jakkasandra-kere,atree:712,712,,,atree,712,,,,
jakkasandra-kunte,empri:BUBNBKjks_ku1-38,,BUBNBKjks_ku1-38,,,,unpaired,,,
jakkasandra-kunte-1,empri:BUBSBGjks_ku2-1452,,BUBSBGjks_ku2-1452,,,,unpaired,,,
jakkasandra-kunte-2,empri:BUBSBGjks_ku3-1453,,BUBSBGjks_ku3-1453,,,,unpaired,,,
jakkur-lake,atree:41,41,BUBNYHjku_kr1-277,,atree,41,inside,0,1.0,
jalahalli-kunte,empri:BUBNYPjal_ku1-123,,BUBNYPjal_ku1-123,,,,unpaired,,,
jalamaranahalli-lake,atree:1168,1168,,,atree,1168,,,,
jalige-kere,atree:767,767,,,atree,767,,,,
jaligere-lake,atree:1250,1250,,,atree,1250,,,,
janaradhan-kere,atree:508,508,BUBSUHvsp_kr2-1384,,atree,508,inside,0,1.0,
jaraganahalli-kere,atree:486,486,BUBSUHjrg_gk1-1342,,atree,486,near,111,1.0,
jaraganahalli-kere-2,atree:509,509,BUBSUHylc_kr1-1390,,atree,509,inside,0,1.0,
jarakabande,atree:887,887,,,atree,887,,,,
jarakabande-kavalu-kunte1,empri:BUBNYPjbk(1)_gk1-124,,BUBNYPjbk(1)_gk1-124,,,,unpaired,,,
jarakabande-kavalu-kunte1-2,empri:BUBNYPjbk(2)_gk1-278,,BUBNYPjbk(2)_gk1-278,,,,unpaired,,,
jarakabande-kavalu-kunte2,empri:BUBNYPjbk(1)_gk2-125,,BUBNYPjbk(1)_gk2-125,,,,unpaired,,,
jarakabande-kavalu-kunte2-2,empri:BUBNYPjbk(2)_ku2-279,,BUBNYPjbk(2)_ku2-279,,,,unpaired,,,
jarakabandi-kaval-kelge-kere,empri:BUBNYPjbk(4)_kr1-281,,BUBNYPjbk(4)_kr1-281,,osm,way/1409426375,unpaired,,,
jarganahalli-lake,atree:918,918,,,atree,918,,,,
javarayanapalya-lake,atree:1209,1209,,,atree,1209,,,,
jedihalli-lake,empri:BUBNBKjdh_kr1-39,,BUBNBKjdh_kr1-39,,,,unpaired,,,
jeltipalya-lake,atree:1025,1025,,,atree,1025,,,,
jigani-kere,atree:901,901,,,atree,901,,,,
jigani-lake-2,atree:931,931,,,atree,931,,,,
jigla-kere,atree:747,747,,,atree,747,,,,
jimkenahalli-kere,atree:42,42,BUBEBDvrn_kr3-907,,atree,42,near,11,1.0,
jinnagar-lake,atree:1088,1088,,,atree,1088,,,,
jogi-kere,atree:0,0,BUBSUHmls_kr3-1355,,atree,0,near,1,1.0,
jogipalya-low-kere,atree:740,740,,,atree,740,,,,
jogiplya-kere,atree:738,738,,,atree,738,,,,
jomala-kunte,empri:BUBNJLbth_ku6-338,,BUBNJLbth_ku6-338,,kgis-tank,873,unpaired,,,
junnasandra-kere,atree:129,129,BUBEVRjns_kr1-555,,atree,129,inside,0,1.0,
juzuvadi-kere,atree:743,743,,,atree,743,,,,
jyarakabande-kavalu-kunte,empri:BUBNYPmgs_ku1-172,,BUBNYPmgs_ku1-172,,,,unpaired,,,
jyarakabande-kavalu-kunte-2,atree:254,254,BUBNYPjbk(2)_gk3-280,,atree,254,near,3,0.48,
jyotipura-lake,atree:821,821,,,atree,821,,,,
k-agrahara-kunte-4,empri:BUBNBKkpp_gk4-48,,BUBNBKkpp_gk4-48,,,,unpaired,,,
k-g-thippasandra-kere,atree:169,169,BUBEKRthp_kr2-772,,atree,169,inside,0,1.0,
kaanurpalya-lake,atree:1022,1022,,,atree,1022,,,,
kachamaranahalli-govt-lake,atree:179,179,BUBEVRkcm_kr3-558,,atree,179,inside,0,1.0,
kachamaranahalli-kunte1,empri:BUBEVRkcm_ku1-556,,BUBEVRkcm_ku1-556,,,,unpaired,,,
kachamaranahalli-kunte2,empri:BUBEVRkcm_ku2-557,,BUBEVRkcm_ku2-557,,,,unpaired,,,
kachamaranahalli-kunte3,empri:BUBEVRkcm_gk4-559,,BUBEVRkcm_gk4-559,,,,unpaired,,,
kachamaranahalli-kunte4,empri:BUBEVRkcm_ku5-560,,BUBEVRkcm_ku5-560,,kgis-pond,4336,unpaired,,,
kachamaranahalli-kunte5,empri:BUBEVRkcm_ku6-561,,BUBEVRkcm_ku6-561,,,,unpaired,,,
kachamaranahalli-kunte6,empri:BUBEVRkcm_ku7-562,,BUBEVRkcm_ku7-562,,,,unpaired,,,
kachanahalli-kere,atree:638,638,,,atree,638,,,,
kachanayakanahalli-lake,atree:916,916,,,atree,916,,,,
kacharkanahalli-lake,atree:870,870,,,atree,870,,,,
kachiganal-kere,atree:1303,1303,,,atree,1303,,,,
kachiganal-n-kere,atree:1304,1304,,,atree,1304,,,,
kachohalli-katte,atree:457,457,BUBNDPkch_kr2-481,,atree,457,inside,0,1.0,
kachohalli-kere,atree:304,304,BUBNDPkch_kr1-480,,atree,304,near,25,1.0,
kachohalli-kunte-1,empri:BUBNDPkch_ku3-482,,BUBNDPkch_ku3-482,,,,unpaired,,,
kachohalli-kunte-2,empri:BUBNDPkch_ku4-483,,BUBNDPkch_ku4-483,,,,unpaired,,,
kada-agrahara-kunte,atree:23,23,BUBEBDkda_kr1-840,,atree,23,near,4,1.0,
kada-agrahara-kunte-1,empri:BUAKSPkag_ku1-982,,BUAKSPkag_ku1-982,,,,unpaired,,,
kada-agrahara-kunte-2,empri:BUAKSPkag_ku3-984,,BUAKSPkag_ku3-984,,,,unpaired,,,
kadabisanahalli-kunte1,empri:BUBEVRkdb_ku1-563,,BUBEVRkdb_ku1-563,,,,unpaired,,,
kadabisanahalli-kunte2,empri:BUBEVRkdb_ku2-564,,BUBEVRkdb_ku2-564,,,,unpaired,,,
kadanur-kere,atree:388,388,,,atree,388,,,,
kadaranahalli-kunte,empri:BUBNDPkdr_ku1-484,,BUBNDPkdr_ku1-484,,,,unpaired,,,
kade-agrahara-lake,atree:836,836,BUAKSPkag_kr2-983,,atree,836,near,11,0.92,
kadegere-kere,atree:198,198,BUBNHGbyl_kr2-377,,atree,198,inside,0,1.0,
kadugodi-kunte-1,empri:BUBEBDkdg_ku1-843,,BUBEBDkdg_ku1-843,,,,unpaired,,,
kadugodi-kunte-2,empri:BUBEBDkdg_ku2-844,,BUBEBDkdg_ku2-844,,,,unpaired,,,
kadugodi-kunte-3,empri:BUBEBDkdg_ku-345,,BUBEBDkdg_ku-345,,,,unpaired,,,
kadugodi-kunte-4,empri:BUBEBDkdg_ku4-846,,BUBEBDkdg_ku4-846,,,,unpaired,,,
kadugodi-plantation-kunte,empri:BUBEBDkgp_gk1-847,,BUBEBDkgp_gk1-847,,,,unpaired,,,
kadusiddanapalya-lak,atree:1010,1010,,,atree,1010,,,,
kadusonnappanahalli-kere,atree:20,20,BUBEBDkds_kr2-842,,atree,20,near,110,1.0,
kadusonnappanahalli-kunte,empri:BUBEBDkds_ku1-841,,BUBEBDkds_ku1-841,,,,unpaired,,,
kagalipura-kunte,empri:BUAKSPkgp_ku2-986,,BUAKSPkgp_ku2-986,,,,unpaired,,,
kaggadasapura-lake,atree:130,130,BUBEKRkgd_kr1-710,,atree,130,name-near,206,1.0,
kaggalhalli-lake,atree:1154,1154,,,atree,1154,,,,
kaggalipura-govt-lake,atree:217,217,BUAKSPkgp_kr1-985,,atree,217,near,11,1.0,
kaggalipura-lake,atree:962,962,,,atree,962,,,,
kagganur-n,atree:832,832,,,atree,832,,,,
kagur-lake,atree:843,843,,,atree,843,,,,
kaikondanahalli-kere,atree:131,131,BUBEVRkkd_kr1-565,,atree,131,near,71,1.0,
kajarakanahalli-kunte,empri:BUBNBKkjk_ku1-40,,BUBNBKkjk_ku1-40,,,,unpaired,,,
kajarakanahalli-lake,empri:BUBNBKkjk_kr2-41,,BUBNBKkjk_kr2-41,,osm,way/172954317,unpaired,,,
kakolu-kere,atree:804,804,,,atree,804,,,,
kalagondanahalli-lake,empri:BUBNBKklg_kr1-42,,BUBNBKklg_kr1-42,,,,unpaired,,,
kalalghatta-kere,atree:418,418,,,atree,418,,,,
kalanayakanapalya-la,atree:1012,1012,,,atree,1012,,,,
kalatammanahalli-kunte,empri:BUBNHGktm_ku2-391,,BUBNHGktm_ku2-391,,,,unpaired,,,
kalatammanahalli-lake,atree:823,823,,,atree,823,,,,
kalena-agrahara-govt-lake,atree:132,132,BUBSBGkla_kr1-1454,,atree,132,near,8,1.0,
kalena-agrahara-kunte,empri:BUBSBGkla_ku2-1455,,BUBSBGkla_ku2-1455,,kgis-pond,6047,unpaired,,,
kalenahalli-kere,atree:191,191,BUBNHGkln_kr1-392,,atree,191,near,2,1.0,
kalenahalli-kunte,empri:BUBNHGkln_ku2-393,,BUBNHGkln_ku2-393,,,,unpaired,,,
kalenahalli-lake,atree:1202,1202,,,atree,1202,,,,
kalkere-kere,atree:43,43,BUBEKRklk_kr1-711,,atree,43,inside,0,1.0,
kalkere-kunte1,empri:BUBEKRklk_ku2-712,,BUBEKRklk_ku2-712,,,,unpaired,,,
kalkere-kunte2,empri:BUBEKRklk_kr3-713,,BUBEKRklk_kr3-713,,,,unpaired,,,
kalkere-kunte3,empri:BUBEKRklk_ku4-714,,BUBEKRklk_ku4-714,,osm,way/1512948235,unpaired,,,
kalkere-kunte4,empri:BUBEKRklk_ku5-715,,BUBEKRklk_ku5-715,,,,unpaired,,,
kalkere-sarkari-kunte,atree:91,91,BUAKJGklk_kr1-1087,,atree,91,near,14,1.0,
kalkunte-agrahara-kere-e,atree:849,849,,,atree,849,,,,
kalkunte-agrahara-kere-upper,atree:851,851,,,atree,851,,,,
kalkunte-agrahara-lake,atree:850,850,,,atree,850,,,,
kallabalu-lake,atree:930,930,,,atree,930,,,,
kallakatte,empri:BUBNHGrjk_gk1-434,,BUBNHGrjk_gk1-434,,kgis-tank,898,unpaired,,,
kallakere-lake-land,atree:242,242,BUAKJGklk_kr2-1088,,atree,242,near,6,1.0,
kallanayakanahalli-lake,atree:1164,1164,,,atree,1164,,,,
kallapanakatte-kere,atree:467,467,BUBSKGrmh_kr6-1288,,atree,467,near,27,1.0,
kallodu-kere,atree:429,429,,,atree,429,,,,
kallu-kunte-lake,atree:1255,1255,,,atree,1255,,,,
kalludevanahalli-lake,atree:1261,1261,,,atree,1261,,,,
kallukere-kunte,empri:BUAKJGklk_gk3-1089,,BUAKJGklk_gk3-1089,,kgis-pond,6103,unpaired,,,
kallukunte-lake-2,atree:1256,1256,,,atree,1256,,,,
kallupallya-kere,atree:360,360,,,atree,360,,,,
kamakshipura-lake,atree:1047,1047,,,atree,1047,,,,
kamanhalli-lake,atree:842,842,,,atree,842,,,,
kambalipura-lake,atree:896,896,,,atree,896,,,,
kambasandra-kere,atree:569,569,,,atree,569,,,,
kambhipura-govt-karabu-kere-1,atree:469,469,BUBSKGkmp_kr1-1198,,atree,469,near,11,1.0,
kambhipura-govt-karabu-kere-2,atree:470,470,,,atree,470,,,,
kambipura-kunte1,empri:BUBSKGkmp_kr2-1199,,BUBSKGkmp_kr2-1199,,kgis-tank,1231,unpaired,,,
kambipura-kunte2,empri:BUBSKGkmp_ku4-1201,,BUBSKGkmp_ku4-1201,,,,unpaired,,,
kambipura-kunte3,empri:BUBSKGkmp_ku5-1202,,BUBSKGkmp_ku5-1202,,,,unpaired,,,
kamblipura-lake,atree:1064,1064,,,atree,1064,,,,
kamenahalli-lake,atree:771,771,,,atree,771,,,,
kammagondanahalli-kunte1,empri:BUBNYPkmg_ku1-126,,BUBNYPkmg_ku1-126,,,,unpaired,,,
kammagondanahalli-kunte2,empri:BUBNYPkmg_ku2-127,,BUBNYPkmg_ku2-127,,,,unpaired,,,
kammagondanahalli-lake,atree:255,255,BUBNYPkmg_kr3-128,,atree,255,near,22,1.0,
kammanahalli-kunte1,empri:BUBSBGkmn_ku2-1457,,BUBSBGkmn_ku2-1457,,,,unpaired,,,
kammanahalli-kunte2,empri:BUBSBGkmn_ku4-1459,,BUBSBGkmn_ku4-1459,,,,unpaired,,,
kammanahalli-lake,atree:133,133,BUBSBGkmn_kr1-1456,,atree,133,inside,0,1.0,
kanakal-tanday-kere,atree:373,373,,,atree,373,,,,
kanakal-tanday-kere-upper,atree:374,374,,,atree,374,,,,
kanakenahalli-lake,atree:1222,1222,,,atree,1222,,,,
kanaminiki-govt-kere,atree:473,473,BUBSKGknk_kr2-1204,,atree,473,inside,0,1.0,
kanavalli-lake,atree:1186,1186,,,atree,1186,,,,
kanavapalli-lake,atree:1126,1126,,,atree,1126,,,,
kanekallu-lake,atree:869,869,,,atree,869,,,,
kangondanahalli-kere,atree:692,692,,,atree,692,,,,
kaniminike-kunte1,empri:BUBSKGknk_gk3-1205,,BUBSKGknk_gk3-1205,,,,unpaired,,,
kaniminike-kunte2,empri:BUBSKGknk_gk4-1206,,BUBSKGknk_gk4-1206,,,,unpaired,,,
kaniminike-kunte3,empri:BUBSKGknk_gk5-1207,,BUBSKGknk_gk5-1207,,,,unpaired,,,
kaniminike-kunte4,empri:BUBSKGknk_ku6-1208,,BUBSKGknk_ku6-1208,,,,unpaired,,,
kaniminike-kunte5,empri:BUBSKGknk_gk7-1209,,BUBSKGknk_gk7-1209,,,,unpaired,,,
kaniminike-kunte6,empri:BUBSKGknk_ku8-1210,,BUBSKGknk_ku8-1210,,kgis-pond,6393,unpaired,,,
kaniminike-kunte7,empri:BUBSKGknk_ku9-1211,,BUBSKGknk_ku9-1211,,kgis-pond,6391,unpaired,,,
kaniminike-kunte8,empri:BUBSKGknk_ku10-1212,,BUBSKGknk_ku10-1212,,,,unpaired,,,
kaniminike-kunte9,empri:BUBSKGknk_ku11-1213,,BUBSKGknk_ku11-1213,,,,unpaired,,,
kannaikana-agrahara-kere,empri:BUAKJGkka_kr1-1090,,BUAKJGkka_kr1-1090,,kgis-tank,1046,unpaired,,,
kannaikana-agrahara-kunte,empri:BUAKJGkka_ku2-1091,,BUAKJGkka_ku2-1091,,,,unpaired,,,
kannalli-katte-1-newly-created,empri:BUBNYPkan_gk6-134,,BUBNYPkan_gk6-134,,kgis-tank,1209,unpaired,,,
kannalli-katte-2-newly-created,empri:BUBNYPkan_gk11-139,,BUBNYPkan_gk11-139,,,,unpaired,,,
kannalli-kere,atree:521,521,BUBNYPkan_kr1-129,,atree,521,inside,0,1.0,
kannalli-kunte-1,empri:BUBNYPkan_ku2-130,,BUBNYPkan_ku2-130,,,,unpaired,,,
kannalli-kunte-2,empri:BUBNYPkan_ku3-131,,BUBNYPkan_ku3-131,,,,unpaired,,,
kannalli-kunte-3,empri:BUBNYPkan_ku5-133,,BUBNYPkan_ku5-133,,,,unpaired,,,
kannalli-kunte-4,empri:BUBNYPkan_ku8-136,,BUBNYPkan_ku8-136,,,,unpaired,,,
kannamangala-katte-1,empri:BUBEBDknm_gk7-864,,BUBEBDknm_gk7-864,,,,unpaired,,,
kannamangala-katte-2,empri:BUBEBDknm_gk8-865,,BUBEBDknm_gk8-865,,,,unpaired,,,
kannamangala-kere,atree:424,424,,,atree,424,,,,
kannamangala-kere-2,atree:779,779,,,atree,779,,,,
kannamangala-kere-3,empri:BUBEBDknm_kr1-858,,BUBEBDknm_kr1-858,,kgis-tank,57,unpaired,,,
kannamangala-kunte1,empri:BUBEBDknm_ku2-859,,BUBEBDknm_ku2-859,,,,unpaired,,,
kannamangala-kunte2,empri:BUBEBDknm_ku3-860,,BUBEBDknm_ku3-860,,,,unpaired,,,
kannamangala-kunte3,empri:BUBEBDknm_ku4-861,,BUBEBDknm_ku4-861,,,,unpaired,,,
kannamangala-kunte4,empri:BUBEBDknm_ku5-862,,BUBEBDknm_ku5-862,,,,unpaired,,,
kannamangala-kunte5,empri:BUBEBDknm_ku6-863,,BUBEBDknm_ku6-863,,,,unpaired,,,
kannurhalli-lake,atree:1074,1074,,,atree,1074,,,,
kannuru-katte,empri:BUBEBDknu_gk2-867,,BUBEBDknu_gk2-867,,,,unpaired,,,
kannuru-kere,atree:62,62,BUBEBDknu_kr6-871,,atree,62,near,1,1.0,
kannuru-kere1,empri:BUBEBDknu_kr4-869,,BUBEBDknu_kr4-869,,,,unpaired,,,
kannuru-kunte-1,empri:BUBEBDknu_ku1-866,,BUBEBDknu_ku1-866,,,,unpaired,,,
kannuru-kunte-3,empri:BUBEBDknu_ku5-870,,BUBEBDknu_ku5-870,,,,unpaired,,,
kannuru-kunte2,empri:BUBEBDknu_ku3-868,,BUBEBDknu_ku3-868,,,,unpaired,,,
karabu-kere,atree:185,185,BUBNJLhsm_kr2-349,,atree,185,inside,0,1.0,
karabu-kere-konappana-agrahara-lake,atree:145,145,BUBSBGngp_kr1-1481,,atree,145,near,27,1.0,
karadipalya-lake,atree:1230,1230,,,atree,1230,,,,
karakalaghatta-colony-2-lake,atree:1105,1105,,,atree,1105,,,,
karakalaghatta-colony1-lake,atree:1104,1104,,,atree,1104,,,,
karakalaghatta-lake,atree:1103,1103,,,atree,1103,,,,
karanalu-kere,atree:1283,1283,,,atree,1283,,,,
karanji-tank,empri:BUBNBKboc_kr2-03,,BUBNBKboc_kr2-03,,,,unpaired,,,
karehalli-kere,atree:392,392,,,atree,392,,,,
karenahalli-lake,atree:983,983,,,atree,983,,,,
karepura-lake,atree:1236,1236,,,atree,1236,,,,
karethimmanahalli-lake,empri:BUBNBKktm_kr1-43,,BUBNBKktm_kr1-43,,,,unpaired,,,
karimsonnenahalli-kere,atree:405,405,,,atree,405,,,,
karisandra-katte,empri:BUBSUHkrs_gk2-1345,,BUBSUHkrs_gk2-1345,,,,unpaired,,,
karisandra-kunte,empri:BUBSUHkrs_ku1-1344,,BUBSUHkrs_ku1-1344,,,,unpaired,,,
kariyanakunte-newly-created,empri:BUBSKGmrg_ku5-1269,,BUBSKGmrg_ku5-1269,,,,unpaired,,,
karpuru-lake,atree:1142,1142,,,atree,1142,,,,
karukunte-lake,atree:1252,1252,,,atree,1252,,,,
karunkunte-lake-2,atree:1253,1253,,,atree,1253,,,,
kasaba-yeshwanthpura-kunte1,empri:BUBNYPypr_gk1-141,,BUBNYPypr_gk1-141,,,,unpaired,,,
kasaba-yeshwanthpura-kunte2,empri:BUBNYPypr_ku2-142,,BUBNYPypr_ku2-142,,,,unpaired,,,
kasaba-yeshwantpur-kere,empri:BUBNYPypr_kr3-143,,BUBNYPypr_kr3-143,,,,unpaired,,,
kasagattapura-kere-1,atree:196,196,BUBNHGkst_kr4-397,,atree,196,inside,0,0.5,
kasagattapura-kere-1-2,empri:BUBNHGkst_kr1-394,,BUBNHGkst_kr1-394,,,,unpaired,,,
kasagattapura-kere-3,atree:197,197,BUBNHGkst_kr2-395,,atree,197,near,0,0.5,
kasagattapura-kunte,empri:BUBNHGkst_ku3-396,,BUBNHGkst_ku3-396,,,,unpaired,,,
kasaghatta-lake,atree:1235,1235,,,atree,1235,,,,
kasaranghatta-kere,atree:411,411,,,atree,411,,,,
kasavanahalli-kere,atree:134,134,BUBEVRksv_kr4-569,,atree,134,near,4,1.0,
kasavanahalli-kunte1,empri:BUBEVRksv_ku1-566,,BUBEVRksv_ku1-566,,,,unpaired,,,
kasavanahalli-kunte2,empri:BUBEVRksv_ku2-567,,BUBEVRksv_ku2-567,,,,unpaired,,,
kasavanahalli-kunte3,empri:BUBEVRksv_ku3-568,,BUBEVRksv_ku3-568,,,,unpaired,,,
kasavanahalli-kunte4,empri:BUBEVRksv_ku5-570,,BUBEVRksv_ku5-570,,,,unpaired,,,
kasavanahalli-kunte5,empri:BUBEVRksv_ku6-571,,BUBEVRksv_ku6-571,,,,unpaired,,,
katamnalluru-kere,atree:305,305,BUBEBDktm_kr2-873,,atree,305,near,8,1.0,
katamnalluru-kunte1,empri:BUBEBDktm_ku1-872,,BUBEBDktm_ku1-872,,,,unpaired,,,
katamnalluru-kunte2,empri:BUBEBDktm_ku3-874,,BUBEBDktm_ku3-874,,,,unpaired,,,
kathriguppe-kunte-1,empri:BUAKSPktg_ku1-997,,BUAKSPktg_ku1-997,,,,unpaired,,,
kathriguppe-kunte-2,empri:BUAKSPktg_ku2-998,,BUAKSPktg_ku2-998,,kgis-pond,3400,unpaired,,,
kathriguppe-kunte-3,empri:BUAKSPktg_ku3-999,,BUAKSPktg_ku3-999,,kgis-pond,3373,unpaired,,,
kathriguppe-kunte-4,empri:BUAKSPktg_gk4-1000,,BUAKSPktg_gk4-1000,,,,unpaired,,,
katigenahalli-n,atree:612,612,,,atree,612,,,,
kattalepalya-lake,atree:992,992,,,atree,992,,,,
kattalepalya-lake-1,atree:981,981,,,atree,981,,,,
kattigenahalli-lake,atree:46,46,BUBNJLktn_kr1-350,,atree,46,near,50,1.0,
kattigenahalli-lower,atree:613,613,,,atree,613,,,,
kattihosahalli-lake,atree:1233,1233,,,atree,1233,,,,
kebbapalya-ne,atree:826,826,,,atree,826,,,,
kebliganahalli-kere,atree:619,619,,,atree,619,,,,
kelaginakere,atree:99,99,BUBSBGbsp_kr3-1402,,atree,99,near,78,1.0,
kembathahali-kere,atree:14,14,BUBSUHkbt_kr1-1347,,atree,14,near,4,1.0,
kembathahali-kunte,empri:BUBSUHkbt_gk2-1348,,BUBSUHkbt_gk2-1348,,,,unpaired,,,
kembliganahalli-kere,atree:596,596,,,atree,596,,,,
kemp-agrah-kunte-3,empri:BUBNBKkpp_ku3-47,,BUBNBKkpp_ku3-47,,,,unpaired,,,
kemp-agrah-kunte-5,empri:BUBNBKkpp_ku5-49,,BUBNBKkpp_ku5-49,,,,unpaired,,,
kemp-agrah-kunte-6,empri:BUBNBKkpp_gk7-51,,BUBNBKkpp_gk7-51,,,,unpaired,,,
kemp-agrah-kunte-7,empri:BUBNBKkpp_gk8-52,,BUBNBKkpp_gk8-52,,,,unpaired,,,
kemp-agrah-kunte-8,empri:BUBNBKkpp_ku9-53,,BUBNBKkpp_ku9-53,,,,unpaired,,,
kempadevanahalli-kere,atree:352,352,,,atree,352,,,,
kempaguddanahalli-lake,atree:1035,1035,,,atree,1035,,,,
kempalinganahalli-kere,atree:659,659,,,atree,659,,,,
kempambudhi-lake,atree:487,487,BUBNBKkpb_kr1-44,,atree,487,inside,0,1.0,
kempanahali-kunte,empri:BUBNYHkmh_ku1-284,,BUBNYHkmh_ku1-284,,,,unpaired,,,
kempanayanakere,atree:232,232,BUAKJGbng_kr2-1040,,atree,232,near,8,1.0,
kempapura-agrahara-kere,empri:BUBNBKkpp_kr6-50,,BUBNBKkpp_kr6-50,,,,unpaired,,,
kempapura-agrahara-kunte-1,empri:BUBNBKkpp_ku1-45,,BUBNBKkpp_ku1-45,,,,unpaired,,,
kempapura-agrahara-kunte-10,empri:BUBNBKkpp_ku11-55,,BUBNBKkpp_ku11-55,,,,unpaired,,,
kempapura-agrahara-kunte-2,empri:BUBNBKkpp_gk2-46,,BUBNBKkpp_gk2-46,,,,unpaired,,,
kempapura-agrahara-kunte-9,empri:BUBNBKkpp_ku10-54,,BUBNBKkpp_ku10-54,,,,unpaired,,,
kempapura-kere,empri:BUBEVRkmp_kr1-572,,BUBEVRkmp_kr1-572,,,,unpaired,,,
kempapura-kunte,empri:BUBNYHkpp_ku1-285,,BUBNYHkpp_ku1-285,,,,unpaired,,,
kempapura-kunte-1,empri:BUBNHGkmp_ku1-398,,BUBNHGkmp_ku1-398,,,,unpaired,,,
kempapura-kunte-2,empri:BUBNHGkmp_ku2-399,,BUBNHGkmp_ku2-399,,,,unpaired,,,
kempapura-lake,atree:1065,1065,,,atree,1065,,,,
kempaura-agrahara-lo-kere,atree:725,725,,,atree,725,,,,
kempaura-agrahara-up-kere,atree:724,724,,,atree,724,,,,
kempegowda-nagar-lake,atree:1137,1137,,,atree,1137,,,,
kempegowdanagar-lake-1,atree:996,996,,,atree,996,,,,
kempohalli-lake,atree:1160,1160,,,atree,1160,,,,
kempu-vaderahalli-lake,atree:1147,1147,,,atree,1147,,,,
kenchanapura-govt-lake,atree:463,463,BUBSKGkcp_kr3-1217,,atree,463,inside,0,1.0,
kenchanapura-kere,atree:395,395,,,atree,395,,,,
kenchanapura-kunte1,empri:BUBSKGkcp_ku1-1215,,BUBSKGkcp_ku1-1215,,kgis-pond,6270,unpaired,,,
kenchanapura-kunte2,empri:BUBSKGkcp_ku2-1216,,BUBSKGkcp_ku2-1216,,,,unpaired,,,
kenchanapura-kunte3,empri:BUBSKGkcp_ku5-1219,,BUBSKGkcp_ku5-1219,,,,unpaired,,,
kenchinahalli-kere,atree:488,488,BUBSKGknc_kr1-1214,,atree,488,near,12,1.0,
kengal-lake,atree:1183,1183,,,atree,1183,,,,
kengalkempohalli-kere,atree:408,408,,,atree,408,,,,
kenganahalli-kere,atree:701,701,,,atree,701,,,,
kengeri-1,atree:336,336,BUBSKGkng_kr3-1222,,atree,336,near,5,0.24,
kengeri-2,atree:337,337,BUBSKGmls_kr1-1263,,atree,337,near,6,0.0,
kengeri-kunte-1,empri:BUBSKGkng_ku2-1221,,BUBSKGkng_ku2-1221,,,,unpaired,,,
kengeri-kunte-10,empri:BUBSKGkng_ku12-1231,,BUBSKGkng_ku12-1231,,,,unpaired,,,
kengeri-kunte-11,empri:BUBSKGkng_gk13-1232,,BUBSKGkng_gk13-1232,,,,unpaired,,,
kengeri-kunte-12,empri:BUBSKGkng_gk14-1233,,BUBSKGkng_gk14-1233,,,,unpaired,,,
kengeri-kunte-2,empri:BUBSKGkng_gk4-1223,,BUBSKGkng_gk4-1223,,,,unpaired,,,
kengeri-kunte-3,empri:BUBSKGkng_ku5-1224,,BUBSKGkng_ku5-1224,,,,unpaired,,,
kengeri-kunte-4,empri:BUBSKGkng_ku6-1225,,BUBSKGkng_ku6-1225,,,,unpaired,,,
kengeri-kunte-5,empri:BUBSKGkng_ku7-1226,,BUBSKGkng_ku7-1226,,,,unpaired,,,
kengeri-kunte-6,empri:BUBSKGkng_ku8-1227,,BUBSKGkng_ku8-1227,,,,unpaired,,,
kengeri-kunte-7,empri:BUBSKGkng_ku9-1228,,BUBSKGkng_ku9-1228,,,,unpaired,,,
kengeri-kunte-8,empri:BUBSKGkng_ku10-1229,,BUBSKGkng_ku10-1229,,,,unpaired,,,
kengeri-kunte-9,empri:BUBSKGkng_ku11-1230,,BUBSKGkng_ku11-1230,,,,unpaired,,,
keregulladahalli-kunte,empri:BUBNYPgud_ku1-110,,BUBNYPgud_ku1-110,,,,unpaired,,,
kerekattiganuru-kere,atree:412,412,,,atree,412,,,,
keremare-katte,empri:BUBSTKylg_ku3-1143,,BUBSTKylg_ku3-1143,,kgis-pond,3225,unpaired,,,
kethamaranahalli-kere-1,atree:510,510,BUBNYPktm_kr1-144,,atree,510,near,14,1.0,
kethamaranahalli-kere-2,atree:511,511,BUBNYPktm_kr2-145,,atree,511,inside,0,1.0,
kethamaranahalli-kere-3,empri:BUBNYPktm_gk6-149,,BUBNYPktm_gk6-149,,,,unpaired,,,
kethamaranahalli-kere-4,empri:BUBNYPktm_kr7-150,,BUBNYPktm_kr7-150,,,,unpaired,,,
kethamaranahalli-kunte1,empri:BUBNYPktm_ku3-146,,BUBNYPktm_ku3-146,,,,unpaired,,,
kethamaranahalli-kunte2,empri:BUBNYPktm_ku4-147,,BUBNYPktm_ku4-147,,,,unpaired,,,
kethamaranahalli-kunte3,empri:BUBNYPktm_ku5-148,,BUBNYPktm_ku5-148,,,,unpaired,,,
kethohalli-kunte,empri:BUBSTKkth_gk3-1128,,BUBSTKkth_gk3-1128,,kgis-tank,108,unpaired,,,
ketohalli-kere,atree:353,353,BUBSTKkth_kr2-1127,,atree,353,near,14,0.24,
ketohalli-kere-n,atree:355,355,BUBSTKkth_kr1-1126,,atree,355,near,0,0.22,
ketohalli-kere-s,atree:363,363,BUBSTKknp_gk1-1129,,atree,363,near,67,0.62,
khajisonnenahalli-kunte1,empri:BUBEBDkjs_gk1-848,,BUBEBDkjs_gk1-848,,,,unpaired,,,
khajisonnenahalli-kunte10,empri:BUBEBDkjs_ku10-857,,BUBEBDkjs_ku10-857,,kgis-pond,4496,unpaired,,,
khajisonnenahalli-kunte2,empri:BUBEBDkjs_gk2-849,,BUBEBDkjs_gk2-849,,,,unpaired,,,
khajisonnenahalli-kunte3,empri:BUBEBDkjs_ku3-850,,BUBEBDkjs_ku3-850,,kgis-pond,570,unpaired,,,
khajisonnenahalli-kunte4,atree:522,522,BUBEBDkjs_kr7-854,,atree,522,near,10,0.5,
khajisonnenahalli-kunte4-2,empri:BUBEBDkjs_ku4-851,,BUBEBDkjs_ku4-851,,,,unpaired,,,
khajisonnenahalli-kunte5,empri:BUBEBDkjs_ku5-852,,BUBEBDkjs_ku5-852,,kgis-pond,576,unpaired,,,
khajisonnenahalli-kunte6,empri:BUBEBDkjs_ku6-853,,BUBEBDkjs_ku6-853,,,,unpaired,,,
khajisonnenahalli-kunte8,empri:BUBEBDkjs_ku8-855,,BUBEBDkjs_ku8-855,,kgis-tank,730,unpaired,,,
khajisonnenahalli-kunte9,empri:BUBEBDkjs_gk9-856,,BUBEBDkjs_gk9-856,,,,unpaired,,,
kilaranahalli-lake,atree:1208,1208,,,atree,1208,,,,
kiribirana-hosahalli-kere,atree:609,609,,,atree,609,,,,
kithaganuru-katte,empri:BUBEBDktg_gk2-876,,BUBEBDktg_gk2-876,,,,unpaired,,,
kithaganuru-kunte-1,empri:BUBEBDktg_ku3-877,,BUBEBDktg_ku3-877,,,,unpaired,,,
kithaganuru-kunte-2,empri:BUBEBDktg_ku4-878,,BUBEBDktg_ku4-878,,,,unpaired,,,
kithaganuru-kunte-3,empri:BUBEBDktg_ku5-879,,BUBEBDktg_ku5-879,,,,unpaired,,,
kithaganuru-kunte-4,empri:BUBEBDktg_ku6-880,,BUBEBDktg_ku6-880,,,,unpaired,,,
kithaganuru-kunte-5,empri:BUBEBDktg_ku7-881,,BUBEBDktg_ku7-881,,,,unpaired,,,
kithaganuru-kunte-6,empri:BUBEBDktg_ku8-882,,BUBEBDktg_ku8-882,,,,unpaired,,,
kittanahalli-kere,atree:570,570,,,atree,570,,,,
kittanahallipalya-kere,atree:709,709,,,atree,709,,,,
kittanahallipalya-lo-kere,atree:710,710,,,atree,710,,,,
kitthaganuru-kere,atree:24,24,BUBEBDktg_kr1-875,,atree,24,near,3,1.0,
kittiganahalli-lake,atree:966,966,,,atree,966,,,,
kodagi-singasandra-kere,atree:135,135,BUBSBGsgs_kr6-1501,,atree,135,near,19,1.0,
kodagikere,atree:214,214,BUAKSPdms_kr7-941,,atree,214,near,7,1.0,
kodagithirumalapura-kunte,empri:BUBNHGkdt_ku1-400,,BUBNHGkdt_ku1-400,,,,unpaired,,,
kodagithirumalpura-kere,empri:BUBNHGkdt_kr2-401,,BUBNHGkdt_kr2-401,,,,unpaired,,,
kodathi-kunte-17,empri:BUBEVRkdt_ku19-591,,BUBEVRkdt_ku19-591,,,,unpaired,,,
kodathi-kunte1,empri:BUBEVRkdt_ku1-573,,BUBEVRkdt_ku1-573,,,,unpaired,,,
kodathi-kunte10,empri:BUBEVRkdt_ku11-583,,BUBEVRkdt_ku11-583,,,,unpaired,,,
kodathi-kunte11,empri:BUBEVRkdt_ku12-584,,BUBEVRkdt_ku12-584,,,,unpaired,,,
kodathi-kunte12,empri:BUBEVRkdt_gk13-585,,BUBEVRkdt_gk13-585,,,,unpaired,,,
kodathi-kunte13,empri:BUBEVRkdt_ku15-587,,BUBEVRkdt_ku15-587,,,,unpaired,,,
kodathi-kunte14,empri:BUBEVRkdt_gk16-588,,BUBEVRkdt_gk16-588,,,,unpaired,,,
kodathi-kunte15,empri:BUBEVRkdt_ku17-589,,BUBEVRkdt_ku17-589,,,,unpaired,,,
kodathi-kunte16,empri:BUBEVRkdt_ku18-590,,BUBEVRkdt_ku18-590,,,,unpaired,,,
kodathi-kunte2,empri:BUBEVRkdt_ku2-574,,BUBEVRkdt_ku2-574,,,,unpaired,,,
kodathi-kunte3,empri:BUBEVRkdt_ku4-576,,BUBEVRkdt_ku4-576,,,,unpaired,,,
kodathi-kunte4,empri:BUBEVRkdt_ku5-577,,BUBEVRkdt_ku5-577,,,,unpaired,,,
kodathi-kunte5,empri:BUBEVRkdt_ku6-578,,BUBEVRkdt_ku6-578,,,,unpaired,,,
kodathi-kunte6,empri:BUBEVRkdt_ku7-579,,BUBEVRkdt_ku7-579,,,,unpaired,,,
kodathi-kunte7,empri:BUBEVRkdt_gk8-580,,BUBEVRkdt_gk8-580,,,,unpaired,,,
kodathi-kunte8,empri:BUBEVRkdt_ku9-581,,BUBEVRkdt_ku9-581,,,,unpaired,,,
kodathi-kunte9,empri:BUBEVRkdt_ku10-582,,BUBEVRkdt_ku10-582,,,,unpaired,,,
kodatti-kere,atree:186,186,BUBNJLhsm_kr1-348,,atree,186,inside,0,1.0,
kodaturu-kere,atree:760,760,,,atree,760,,,,
kodgibommanahalli-kere,atree:735,735,,,atree,735,,,,
kodigehalli-kere,atree:489,489,BUBNYPkdg_kr3-153,,atree,489,near,4,1.0,
kodigehalli-kere-2,atree:1333,1333,,,atree,1333,,,,
kodigehalli-kere-2-2,atree:1334,1334,,,atree,1334,,,,
kodigehalli-kunte,empri:BUBNYPkdg_ku4-154,,BUBNYPkdg_ku4-154,,,,unpaired,,,
kodigehalli-kunte-4,empri:BUBNYHkdg_ku4-289,,BUBNYHkdg_ku4-289,,,,unpaired,,,
kodigehalli-kunte1,empri:BUBNYHkdg_ku1-286,,BUBNYHkdg_ku1-286,,,,unpaired,,,
kodigehalli-kunte1-2,empri:BUBEKRkdg_ku1-720,,BUBEKRkdg_ku1-720,,,,unpaired,,,
kodigehalli-kunte2,empri:BUBNYHkdg_ku2-287,,BUBNYHkdg_ku2-287,,,,unpaired,,,
kodigehalli-kunte2-2,empri:BUBEKRkdg_ku2-721,,BUBEKRkdg_ku2-721,,,,unpaired,,,
kodigehalli-kunte3,empri:BUBNYHkdg_ku3-288,,BUBNYHkdg_ku3-288,,osm,way/674699442,unpaired,,,
kodigehalli-kunte3-2,empri:BUBEKRkdg_ku3-722,,BUBEKRkdg_ku3-722,,,,unpaired,,,
kodigehalli-kunte4,empri:BUBEKRkdg_ku4-723,,BUBEKRkdg_ku4-723,,,,unpaired,,,
kodigehalli-lake,atree:55,55,BUBEKRsdm_kr1-758,,atree,55,near,13,1.0,
kodigehalli-lake-2,atree:886,886,,,atree,886,,,,
kodigehalli-plantation-kunte-1,empri:BUBNYHkdp_gk1-290,,BUBNYHkdp_gk1-290,,,,unpaired,,,
kodigehalli-plantation-kunte-2,empri:BUBNYHkdp_gk2-291,,BUBNYHkdp_gk2-291,,,,unpaired,,,
kodihalli-kere,atree:417,417,,,atree,417,,,,
kodihalli-kere-2,atree:1085,1085,,,atree,1085,,,,
kodihalli-kere-3,empri:BUBEVRkdh_kr3-595,,BUBEVRkdh_kr3-595,,,,unpaired,,,
kodihalli-kunte1,empri:BUBEVRkdh_ku1-593,,BUBEVRkdh_ku1-593,,,,unpaired,,,
kodihalli-kunte2,empri:BUBEVRkdh_ku2-594,,BUBEVRkdh_ku2-594,,,,unpaired,,,
kodipalya-kere,atree:568,568,,,atree,568,,,,
kodipura-lake,atree:1109,1109,,,atree,1109,,,,
kodlu-kunte-1,empri:BUAKSPklu_gk2-1102,,BUAKSPklu_gk2-1102,,,,unpaired,,,
kodlu-kunte-2,empri:BUAKSPklu_ku3-1103,,BUAKSPklu_ku3-1103,,,,unpaired,,,
kogilu-kere,atree:47,47,BUBNYHklu_kr1-292,,atree,47,near,9,1.0,
kogilu-kunte,empri:BUBNYHklu_ku2-293,,BUBNYHklu_ku2-293,,,,unpaired,,,
kolapurapalya-kere,atree:404,404,,,atree,404,,,,
kolatur-kere,atree:590,590,,,atree,590,,,,
kolipura-kere,atree:1291,1291,,,atree,1291,,,,
kollipaya-2r,atree:626,626,,,atree,626,,,,
kolur-kere,atree:332,332,,,atree,332,,,,
kolur-kere-2,atree:1277,1277,,,atree,1277,,,,
koluru-gururayanapura-kunte2,empri:BUBSTKkgp_ku2-1137,,BUBSTKkgp_ku2-1137,,,,unpaired,,,
koluru-gururayanapura-kunte3,empri:BUBSTKkgp_ku3-1138,,BUBSTKkgp_ku3-1138,,kgis-tank,127,unpaired,,,
koluru-kunte-1,empri:BUBSTKklr_ku1-1130,,BUBSTKklr_ku1-1130,,,,unpaired,,,
koluru-kunte-2,empri:BUBSTKklr_ku2-1131,,BUBSTKklr_ku2-1131,,,,unpaired,,,
koluru-kunte-3,empri:BUBSTKklr_ku3-1132,,BUBSTKklr_ku3-1132,,,,unpaired,,,
koluru-kunte-4,empri:BUBSTKklr_ku6-1135,,BUBSTKklr_ku6-1135,,,,unpaired,,,
koluru-nanjunadapura-kunte,empri:BUBSTKknp_ku1-1140,,BUBSTKknp_ku1-1140,,,,unpaired,,,
koluvarayanahalli-lake,atree:809,809,,,atree,809,,,,
komaranappali-south-lake,atree:1136,1136,,,atree,1136,,,,
kommaghatta-gokatte,atree:465,465,BUBSKGkom_kr5-1238,,atree,465,near,1,1.0,
kommaghatta-govt-lake,atree:523,523,BUBSKGkom_kr1-1234,,atree,523,inside,0,1.0,
kommaghatta-katte,empri:BUBSKGkom_gk3-1236,,BUBSKGkom_gk3-1236,,,,unpaired,,,
kommaghatta-krishnasagara-kunte1,empri:BUBSKGkks_gk1-1240,,BUBSKGkks_gk1-1240,,kgis-tank,1225,unpaired,,,
kommaghatta-kunte,empri:BUBSKGkom_ku2-1235,,BUBSKGkom_ku2-1235,,,,unpaired,,,
kommasandra-kere-1,empri:BUAKSPkms_kr3-989,,BUAKSPkms_kr3-989,,,,unpaired,,,
kommasandra-kunte-1,empri:BUAKSPkms_ku1-987,,BUAKSPkms_ku1-987,,,,unpaired,,,
kommasandra-kunte-2,empri:BUAKSPkms_ku2-988,,BUAKSPkms_ku2-988,,kgis-tank,559,unpaired,,,
kommasandra-kunte-3,empri:BUAKSPkms_ku4-990,,BUAKSPkms_ku4-990,,osm,way/1421391125,unpaired,,,
kommasandra-kunte-4,empri:BUAKSPkms_gk6-992,,BUAKSPkms_gk6-992,,,,unpaired,,,
kommasandra-kunte-5,empri:BUAKSPkms_ku7-993,,BUAKSPkms_ku7-993,,,,unpaired,,,
kommasandra-kunte-6,empri:BUAKSPkms_gk8-994,,BUAKSPkms_gk8-994,,,,unpaired,,,
kommasandra-kunte-7,empri:BUAKSPkms_ku9-995,,BUAKSPkms_ku9-995,,,,unpaired,,,
kommasandra-kunte-8,empri:BUAKSPkms_ku10-996,,BUAKSPkms_ku10-996,,,,unpaired,,,
konadasapura-kunte-5,empri:BUBEBDkdp_ku6-888,,BUBEBDkdp_ku6-888,,,,unpaired,,,
konadasapura-kunte-6,empri:BUBEBDkdp_ku889,,BUBEBDkdp_ku889,,,,unpaired,,,
konadasapura-kunte1,empri:BUBEBDkdp_ku1-883,,BUBEBDkdp_ku1-883,,,,unpaired,,,
konadasapura-kunte2,empri:BUBEBDkdp_ku2-884,,BUBEBDkdp_ku2-884,,,,unpaired,,,
konadasapura-kunte3,empri:BUBEBDkdp_ku3-885,,BUBEBDkdp_ku3-885,,,,unpaired,,,
konadasapura-kunte4,empri:BUBEBDkdp_ku4-886,,BUBEBDkdp_ku4-886,,,,unpaired,,,
konadaspur-lake,atree:1089,1089,BUBEBDkdp_kr5-887,,atree,1089,inside,0,0.78,
konaghatta-kere,atree:1295,1295,,,atree,1295,,,,
konana-kere,atree:394,394,,,atree,394,,,,
konanakunte-kere,atree:137,137,BUBSUHknk_kr1-1349,,atree,137,near,9,1.0,
konanakunte-kunte,empri:BUBSUHknk_ku2-1350,,BUBSUHknk_ku2-1350,,,,unpaired,,,
konappana-agrahara-kunte-1,empri:BUBSBGkpa_ku2-1461,,BUBSBGkpa_ku2-1461,,,,unpaired,,,
konappana-agrahara-kunte-2,empri:BUBSBGkpa_ku3-1462,,BUBSBGkpa_ku3-1462,,,,unpaired,,,
konappana-agrahara-kunte-3,empri:BUBSBGkpa_ku4-1463,,BUBSBGkpa_ku4-1463,,,,unpaired,,,
konappana-agrahara-kunte-4,empri:BUBSBGkpa_ku5-1464,,BUBSBGkpa_ku5-1464,,,,unpaired,,,
konappana-agrahara-kunte-5,empri:BUBSBGkpa_ku6-1465,,BUBSBGkpa_ku6-1465,,,,unpaired,,,
konappana-agrahara-kunte-6,empri:BUBSBGkpa_gk7-1466,,BUBSBGkpa_gk7-1466,,,,unpaired,,,
konappana-agrahara-kunte-7,empri:BUBSBGkpa_ku8-1467,,BUBSBGkpa_ku8-1467,,,,unpaired,,,
konappana-agrahara-kunte-8,empri:BUBSBGkpa_gk9-1468,,BUBSBGkpa_gk9-1468,,,,unpaired,,,
konappana-agrahara-kunte-9,empri:BUBSBGkpa_ku10-1469,,BUBSBGkpa_ku10-1469,,,,unpaired,,,
konappana-agrahara-lake,atree:219,219,BUBSBGkpa_kr1-1460,,atree,219,name-near,207,1.0,
konasandra-lake,atree:922,922,,,atree,922,,,,
konasandra-lake-2,atree:944,944,,,atree,944,,,,
konashetty-kere,atree:512,512,BUBSKGlgd_kr1-1258,,atree,512,near,6,1.0,
kondashettihalli-kunte,empri:BUBNHGkst_ku1-402,,BUBNHGkst_ku1-402,,,,unpaired,,,
kondrahalli-lake,atree:536,536,,,atree,536,,,,
konena-agrahara-kere,atree:164,164,BUBEVRkna_kr3-598,,atree,164,inside,0,0.96,
konenaagrahara-kunte1,empri:BUBEVRkna_gk1-596,,BUBEVRkna_gk1-596,,,,unpaired,,,
konenaagrahara-kunte2,empri:BUBEVRkna_ku2-597,,BUBEVRkna_ku2-597,,,,unpaired,,,
koppa-lake,atree:929,929,,,atree,929,,,,
koralahalli-kere,atree:598,598,,,atree,598,,,,
koramangala-kere,atree:170,170,BUBSBGkrm_kr1-1470,,atree,170,near,2,1.0,
koramangala-kere-2,atree:171,171,BUBSBGkrm_kr3-1472,,atree,171,inside,0,1.0,
koramangala-kunte,empri:BUBSBGkrm_ku2-1471,,BUBSBGkrm_ku2-1471,,,,unpaired,,,
koratagere-kere,atree:657,657,,,atree,657,,,,
kotanahalli-kere,atree:674,674,,,atree,674,,,,
kothanaru-kere,atree:138,138,BUBSUHkot_kr1-1351,,atree,138,near,11,1.0,
kothanaru-kunte,empri:BUBSUHkot_ku2-1352,,BUBSUHkot_ku2-1352,,,,unpaired,,,
kothihosahalli-kunte1,empri:BUBNYHkth_ku1-294,,BUBNYHkth_ku1-294,,,,unpaired,,,
kothnur-kunte1,empri:BUBEKRkth_kr1-724,,BUBEKRkth_kr1-724,,,,unpaired,,,
kothnur-kunte2,empri:BUBEKRkth_ku2-725,,BUBEKRkth_ku2-725,,,,unpaired,,,
kotiganahalli-kere,atree:751,751,,,atree,751,,,,
kowdenahalli-kere,atree:48,48,BUBEKRkwd_kr1-716,,atree,48,near,142,1.0,
kowdenahalli-kunte1,empri:BUBEKRkwd_ku3-718,,BUBEKRkwd_ku3-718,,,,unpaired,,,
kowdenahalli-kunte2,empri:BUBEKRkwd_ku4-719,,BUBEKRkwd_ku4-719,,,,unpaired,,,
krishnanadoddi-lake,atree:961,961,,,atree,961,,,,
krishnapura-kere-ne,atree:362,362,,,atree,362,,,,
krishnapura-kere-nw,atree:361,361,,,atree,361,,,,
krishnaraja-puram-kere,atree:49,49,BUBEKRkrp_kr2-727,,atree,49,near,11,1.0,
krishnaraja-puram-kere-2-newly-created,empri:BUBEKRkrp_kr4-729,,BUBEKRkrp_kr4-729,,,,unpaired,,,
krishnaraja-puram-kunte,empri:BUBEKRkrp_ku3-728,,BUBEKRkrp_ku3-728,,,,unpaired,,,
krishnarajapura-karabu-katte,empri:BUBNHGkrp_kr2-404,,BUBNHGkrp_kr2-404,,osm,way/1243235925,unpaired,,,
krishnarajapura-kunte,empri:BUBNHGkrp_ku1-403,,BUBNHGkrp_ku1-403,,,,unpaired,,,
krishnarajapuram-kere,atree:59,59,BUBEKRkrp_kr1-726,,atree,59,near,8,0.85,
krishnasagara-kunte-newly-created,empri:BUBNYHkrs_gk2-296,,BUBNYHkrs_gk2-296,,,,unpaired,,,
krishnasagara-lake,atree:237,237,,,atree,237,,,,
krishnasagara-lake-2,atree:943,943,,,atree,943,,,,
krishnasagara-lake-3,atree:1026,1026,BUBSKGmks_gk1-1270,,atree,1026,inside,0,0.44,
kudlu-chikere,atree:162,162,BUAKSPklu_kr4-1104,,atree,162,near,8,0.4,
kuduregere-kunte,empri:BUBNDPkud_ku2-486,,BUBNDPkud_ku2-486,,,,unpaired,,,
kukkalahalli-kere,atree:560,560,,,atree,560,,,,
kukkalahalli-kere-1,atree:561,561,,,atree,561,,,,
kukkalahalli-lake,atree:1024,1024,,,atree,1024,,,,
kukkalahalli-lake-2,atree:1254,1254,,,atree,1254,,,,
kukkanahalli-kere,atree:428,428,,,atree,428,,,,
kukkonallipalya-lake,atree:1023,1023,,,atree,1023,,,,
kulaghatta,atree:1181,1181,,,atree,1181,,,,
kulavanahalli-kere,atree:414,414,,,atree,414,,,,
kumbalagodu-gollahalli-kunte1,empri:BUBSKGkgl_ku1-1254,,BUBSKGkgl_ku1-1254,,,,unpaired,,,
kumbalagodu-gollahalli-kunte2,empri:BUBSKGkgl_ku3-1256,,BUBSKGkgl_ku3-1256,,kgis-pond,6300,unpaired,,,
kumbalagodu-gollahalli-kunte3,empri:BUBSKGkgl_ku4-1257,,BUBSKGkgl_ku4-1257,,kgis-pond,6301,unpaired,,,
kumbalagodu-kere,atree:344,344,,,atree,344,,,,
kumbalagodu-kere-2,empri:BUBSKGkum_kr10-1251,,BUBSKGkum_kr10-1251,,,,unpaired,,,
kumbalagodu-kunte1,empri:BUBSKGkum_ku2-1243,,BUBSKGkum_ku2-1243,,,,unpaired,,,
kumbalagodu-kunte2,empri:BUBSKGkum_ku3-1244,,BUBSKGkum_ku3-1244,,,,unpaired,,,
kumbalagodu-kunte3,empri:BUBSKGkum_ku4-1245,,BUBSKGkum_ku4-1245,,,,unpaired,,,
kumbalagodu-kunte4,empri:BUBSKGkum_ku6-1247,,BUBSKGkum_ku6-1247,,,,unpaired,,,
kumbalagodu-kunte5,empri:BUBSKGkum_ku8-1249,,BUBSKGkum_ku8-1249,,,,unpaired,,,
kumbalagodu-kunte6,empri:BUBSKGkum_gk9-1250,,BUBSKGkum_gk9-1250,,kgis-pond,6436,unpaired,,,
kumbalagodu-kunte7,empri:BUBSKGkum_ku11-1252,,BUBSKGkum_ku11-1252,,,,unpaired,,,
kumbalagodu-kunte8,empri:BUBSKGkum_ku12-1253,,BUBSKGkum_ku12-1253,,,,unpaired,,,
kumbarahalli-kere,atree:306,306,BUBNHGkmb_kr1-405,,atree,306,inside,0,1.0,
kumbarahalli-kere-2,empri:BUBNHGkmb_kr2-406,,BUBNHGkmb_kr2-406,,,,unpaired,,,
kumbarakere,atree:3,3,BUAKJGbng_kr3-1041,,atree,3,near,6,1.0,
kumbenaagrahara-kunte,empri:BUBEBDkba_gk1-890,,BUBEBDkba_gk1-890,,osm,way/1456248525,unpaired,,,
kun-madiwala-lake,atree:1148,1148,,,atree,1148,,,,
kundalahalli-kere,atree:139,139,BUBEKRknd_kr1-730,,atree,139,near,8,1.0,
kundarahalli-kunte1,empri:BUBEKRknd_ku2-731,,BUBEKRknd_ku2-731,,,,unpaired,,,
kuppareddy-kere,atree:7,7,BUBSKGbvk_kr10-1168,,atree,7,inside,0,1.0,
kuppemala-kere,atree:741,741,,,atree,741,,,,
kurubalahalli-kere,atree:1307,1307,,,atree,1307,,,,
kurubarahalli-kere,atree:1271,1271,,,atree,1271,,,,
kurubarahalli-lake,atree:1003,1003,,,atree,1003,,,,
kurubarahalli-lake-1,atree:1028,1028,,,atree,1028,,,,
kurubarapalya-kere,atree:320,320,,,atree,320,,,,
kurubarhalli-lake,atree:1071,1071,,,atree,1071,,,,
kuruvegere-kere,atree:1305,1305,,,atree,1305,,,,
kuvempu-nagara-lake,atree:1130,1130,,,atree,1130,,,,
kuvempunagar-lake,atree:888,888,,,atree,888,,,,
kyalasanahalli-govt-lake,atree:307,307,,,atree,307,,,,
kyalasanahalli-lake,atree:889,889,,,atree,889,,,,
lagamenahalli-lake,atree:1090,1090,,,atree,1090,,,,
laggere-kunte1,empri:BUBNYPlag_gk1-157,,BUBNYPlag_gk1-157,,,,unpaired,,,
laggere-kunte2,empri:BUBNYPlag_gk5-161,,BUBNYPlag_gk5-161,,,,unpaired,,,
laggere-kunte3,empri:BUBNYPlag_gk6-162,,BUBNYPlag_gk6-162,,,,unpaired,,,
laggere-kunte4,empri:BUBNYPlag_ku7-163,,BUBNYPlag_ku7-163,,,,unpaired,,,
laggere-kunte5,empri:BUBNYPlag_ku8-164,,BUBNYPlag_ku8-164,,,,unpaired,,,
laggeri-govt-katte,empri:BUBNYPlag_kr3-159,,BUBNYPlag_kr3-159,,,,unpaired,,,
laggeri-katte,atree:513,513,BUBNYPlag_kr2-158,,atree,513,near,3,1.0,
laggeri-lake,atree:490,490,BUBNYPlag_kr4-160,,atree,490,inside,0,1.0,
lakkanapalya-lake,atree:1172,1172,,,atree,1172,,,,
lakkanapalya-lake-2,atree:1173,1173,,,atree,1173,,,,
lakkayanapalya-kere,atree:331,331,BUBSTKklr_kr4-1133,,atree,331,inside,0,0.17,
lakkayanapalya-kere-2,atree:372,372,BUBSTKkgp_gk4-1139,,atree,372,inside,0,0.52,
lakkayanapalya-kere-3,atree:375,375,BUBSTKkgp_gk1-1136,,atree,375,near,7,0.52,
lakkenahalli-kere,atree:308,308,BUBNDPlkn_kr3-489,,atree,308,near,17,1.0,
lakkenahalli-kere-2,atree:415,415,,,atree,415,,,,
lakkenahalli-kere-3,atree:703,703,,,atree,703,,,,
lakkenahalli-kunte-1,empri:BUBNDPlkn_ku1-487,,BUBNDPlkn_ku1-487,,kgis-pond,6253,unpaired,,,
lakkuru-lake,atree:1162,1162,,,atree,1162,,,,
lakshmipura-kere,atree:204,204,BUBNYPlkp_kr2-166,,atree,204,near,1,1.0,
lakshmipura-kere-2,atree:241,241,BUBNDPlkp_kr1-490,,atree,241,near,9,1.0,
lakshmipura-kunte,empri:BUBNYPlkp_gk1-165,,BUBNYPlkp_gk1-165,,,,unpaired,,,
lakshmipura-kunte1,empri:BUAKJGlkp_gk-1092,,BUAKJGlkp_gk-1092,,,,unpaired,,,
lakshmipura-kunte2,empri:BUAKJGlkp_ku3-1094,,BUAKJGlkp_ku3-1094,,,,unpaired,,,
lakshmipura-lake,atree:233,233,BUAKJGlkp_kr2-1093,,atree,233,near,6,1.0,
lakshmipura-lake-2,atree:827,827,,,atree,827,,,,
lakshmisagar-a-kunte1,empri:BUBNYHlks_ku1-297,,BUBNYHlks_ku1-297,,,,unpaired,,,
lakshmisagar-a-kunte2,empri:BUBNYHlks_ku2-298,,BUBNYHlks_ku2-298,,,,unpaired,,,
lakshmisagara-kere,atree:81,81,BUBNYHlks_kr3-299,,atree,81,near,21,1.0,
lalagondanahalli-kere,atree:1348,1348,,,atree,1348,,,,
lalbagh-kere,atree:141,141,BUBNBKupr_kr1-76,,atree,141,inside,0,0.93,
lingadeeranahalli-kunte,empri:BUBNYPlgd_ku2-168,,BUBNYPlgd_ku2-168,,,,unpaired,,,
lingadheeranahalli-karabu-katte,atree:264,264,BUBNYPlgd_kr1-167,,atree,264,inside,0,1.0,
lingadhiragollonahalli-kere,atree:1311,1311,,,atree,1311,,,,
linganahalli-kere,atree:187,187,BUBNHGlgn_kr2-408,,atree,187,inside,0,1.0,
linganahalli-kunte-1,empri:BUBNHGlgn_ku1-407,,BUBNHGlgn_ku1-407,,osm,way/1173734194,unpaired,,,
linganahalli-kunte-2,empri:BUBNHGlgn_ku3-409,,BUBNHGlgn_ku3-409,,,,unpaired,,,
lingapura-lake,atree:550,550,,,atree,550,,,,
lingapura-lake-2,atree:989,989,,,atree,989,,,,
lingapura-lake-3,atree:990,990,,,atree,990,,,,
lingaraja-sagara-kunte-1,empri:BUBNHGlrs_gk1-411,,BUBNHGlrs_gk1-411,,kgis-pond,5890,unpaired,,,
lingaraja-sagara-kunte2,empri:BUBNHGlrs_ku2-412,,BUBNHGlrs_ku2-412,,,,unpaired,,,
lingarajapura-lake,atree:825,825,BUBNYPjbk(4)_gk2-282,,atree,825,inside,0,0.32,
lingarajapura-lake-1,empri:BUBNBKlgp_kr1-56,,BUBNBKlgp_kr1-56,,,,unpaired,,,
lingarajapura-lake-2,empri:BUBNBKlgp_kr2-57,,BUBNBKlgp_kr2-57,,,,unpaired,,,
lingdir-malasandra-lake,atree:877,877,,,atree,877,,,,
lower-medhalli-kere,atree:755,755,,,atree,755,,,,
machanahalli-kere,atree:410,410,,,atree,410,,,,
machohalli-chikkere,atree:309,309,BUBNDPmch_kr1-491,,atree,309,near,1,1.0,
madagondanahalli-kere,atree:1275,1275,,,atree,1275,,,,
madapatna-lake,atree:1018,1018,,,atree,1018,,,,
madappanahalli-kunte-1,empri:BUBNHGmdp_gk2-414,,BUBNHGmdp_gk2-414,,kgis-tank,885,unpaired,,,
madappanahalli-kunte-2,empri:BUBNHGmdp_ku4-416,,BUBNHGmdp_ku4-416,,,,unpaired,,,
madappanahalli-kunte-3,empri:BUBNHGmdp_ku6-418,,BUBNHGmdp_ku6-418,,,,unpaired,,,
madappanahalli-kunte-4,empri:BUBNHGmdp_ku7-419,,BUBNHGmdp_ku7-419,,,,unpaired,,,
madappanahalli-kunte-5,empri:BUBNHGmdp_ku8-420,,BUBNHGmdp_ku8-420,,,,unpaired,,,
madappanahalli-lake,atree:810,810,BUBNHGmdp_ku9-421,,atree,810,inside,0,1.0,
madappanahalli-lake-2,atree:812,812,BUBNHGmdp_gk3-415,,atree,812,inside,0,1.0,
madappanahalli-lake-2-2,atree:811,811,BUBNHGmdp_kr1-413,,atree,811,inside,0,0.5,
madavara-kere,atree:310,310,BUBNDPmdv_kr1-493,,atree,310,near,15,1.0,
madenahalli-lake,atree:1062,1062,,,atree,1062,,,,
madhagar-kunte,empri:BUAKSPhku_ku2-978,,BUAKSPhku_ku2-978,,,,unpaired,,,
madhure-kere,atree:401,401,,,atree,401,,,,
madivala-lake,atree:951,951,,,atree,951,,,,
madivalam-lake,atree:1138,1138,,,atree,1138,,,,
madiwala-lake,atree:142,142,BUBSBGmdw_kr1-1473,,atree,142,inside,0,1.0,
mahadeva-kodigehalli-lake,atree:816,816,,,atree,816,,,,
mahadevanakodag-lake,atree:270,270,,,atree,270,,,,
mahadevapura-kere,atree:143,143,BUBEKRmvp_kr3-734,,atree,143,near,10,1.0,
mahalchouadenahalli-kere-n,atree:445,445,,,atree,445,,,,
mahalchoudadenahalli-kere-e,atree:453,453,,,atree,453,,,,
mahanthalingapura-lake,atree:933,933,,,atree,933,,,,
mahimanapalya-lake,atree:998,998,,,atree,998,,,,
mahimpura-kere,atree:434,434,,,atree,434,,,,
mailapura-kere,atree:699,699,,,atree,699,,,,
mailasandra-kere,atree:335,335,BUBSKGkng_kr1-1220,,atree,335,near,6,0.22,
maitanahalli-kere,atree:690,690,,,atree,690,,,,
majarevaradahalli-kunte,empri:BUAKJGbhu_ku8-1054,,BUAKJGbhu_ku8-1054,,,,unpaired,,,
makali-kere,empri:BUBNDPmkl_kr1-492,,BUBNDPmkl_kr1-492,,,,unpaired,,,
makanahalli-kere,atree:1086,1086,,,atree,1086,,,,
makanahalli-kere-s,atree:617,617,,,atree,617,,,,
malagondanahalli-kere,atree:357,357,BUBSKGmlg_kr2-1260,,atree,357,near,0,0.91,
malgalu-kunte,empri:BUBNYPmlg_gk2-171,,BUBNYPmlg_gk2-171,,,,unpaired,,,
malgalu-lake,atree:491,491,BUBNYPmlg_kr1-170,,atree,491,inside,0,1.0,
maligenahalli-kere,atree:1340,1340,,,atree,1340,,,,
maligondanahalli-kunte1,empri:BUBSKGmlg_ku1-1259,,BUBSKGmlg_ku1-1259,,,,unpaired,,,
maligondanahalli-kunte2,empri:BUBSKGmlg_ku3-1261,,BUBSKGmlg_ku3-1261,,,,unpaired,,,
mallammana-katte,empri:BUBSKGkom_gk6-1239,,BUBSKGkom_gk6-1239,,kgis-tank,1216,unpaired,,,
mallanayakanahalli-lake,atree:1229,1229,,,atree,1229,,,,
mallarabanavadi-kere,atree:655,655,,,atree,655,,,,
mallarabanavadi-kere-2,atree:698,698,,,atree,698,,,,
mallasandra-gudde-lake,atree:257,257,BUBNYPmls_kr6-178,,atree,257,near,19,1.0,
mallasandra-kunte1,empri:BUBNYPmls_ku2-174,,BUBNYPmls_ku2-174,,,,unpaired,,,
mallasandra-kunte1-2,empri:BUBSUHmls_ku1-1353,,BUBSUHmls_ku1-1353,,,,unpaired,,,
mallasandra-kunte2,empri:BUBNYPmls_ku3-175,,BUBNYPmls_ku3-175,,,,unpaired,,,
mallasandra-kunte2-2,empri:BUBSUHmls_ku2-1354,,BUBSUHmls_ku2-1354,,,,unpaired,,,
mallasandra-kunte3,empri:BUBNYPmls_ku4-176,,BUBNYPmls_ku4-176,,,,unpaired,,,
mallasandra-kunte4,empri:BUBNYPmls_ku5-177,,BUBNYPmls_ku5-177,,,,unpaired,,,
mallasandra-lake,atree:311,311,,,atree,311,,,,
mallasandra-lake-2,atree:258,258,BUBNYPmls_kr1-173,,atree,258,near,7,0.5,
mallathahalli-kunte1,empri:BUBNYPmlt_ku1-179,,BUBNYPmlt_ku1-179,,,,unpaired,,,
mallathahalli-kunte2,empri:BUBNYPmlt_ku2-180,,BUBNYPmlt_ku2-180,,,,unpaired,,,
mallathahalli-kunte3,empri:BUBNYPmlt_gk3-181,,BUBNYPmlt_gk3-181,,,,unpaired,,,
mallathahalli-kunte4,empri:BUBNYPmlt_ku4-182,,BUBNYPmlt_ku4-182,,,,unpaired,,,
mallathahalli-kunte5,empri:BUBNYPmlt_ku5-183,,BUBNYPmlt_ku5-183,,,,unpaired,,,
mallathahalli-kunte6,empri:BUBNYPmlt_ku6-184,,BUBNYPmlt_ku6-184,,,,unpaired,,,
mallathahalli-lake,atree:492,492,BUBNYPmlt_kr7-185,,atree,492,inside,0,1.0,
mallenahalli-lake,atree:787,787,,,atree,787,,,,
mallikere,atree:301,301,BUBNHGhck_kr1-381,,atree,301,near,15,1.0,
mallipalya-lake,atree:982,982,,,atree,982,,,,
mallohalli-kere,atree:387,387,,,atree,387,,,,
mallonalli-lake,atree:1046,1046,,,atree,1046,,,,
malluru-kunte,empri:BUBEVRmlu_gk1-599,,BUBEVRmlu_gk1-599,,kgis-pond,4373,unpaired,,,
managondanahalli-kere,atree:1316,1316,,,atree,1316,,,,
manchanha-left,atree:756,756,,,atree,756,,,,
manchenahalli-kere,atree:670,670,,,atree,670,,,,
mande-katte-newly-created,empri:BUBNYPkan_ku9-137,,BUBNYPkan_ku9-137,,kgis-pond,6268,unpaired,,,
manganahalli-lake,atree:979,979,,,atree,979,,,,
manne-kere,atree:382,382,,,atree,382,,,,
mantakurchi-kere,atree:702,702,,,atree,702,,,,
mantakurchi-low-kere,atree:704,704,,,atree,704,,,,
mantapa-kunte,empri:BUAKJGmtp_ku2-1096,,BUAKJGmtp_ku2-1096,,kgis-pond,6107,unpaired,,,
maragondanahalli-govt-lake,atree:464,464,BUBSKGmrg_kr2-1266,,atree,464,near,4,1.0,
maragondanahalli-kere,atree:266,266,BUAKJGmrg_kr1-1099,,atree,266,near,18,1.0,
maragondanahalli-krishnasagara-lake,empri:BUBSKGmks_kr3-1272,,BUBSKGmks_kr3-1272,,,,unpaired,,,
maragondanahalli-kunte,empri:BUAKJGmrg_ku2-1100,,BUAKJGmrg_ku2-1100,,,,unpaired,,,
maragondanahalli-lak,atree:1014,1014,,,atree,1014,,,,
maragondanahalli-quarry,atree:882,882,,,atree,882,,,,
maralajunte-lake,atree:817,817,,,atree,817,,,,
marappanahalli-lake,atree:1031,1031,,,atree,1031,,,,
marasandhalli-lake-1,atree:548,548,,,atree,548,,,,
marasandhalli-lake-2,atree:549,549,,,atree,549,,,,
marasandra-lake,atree:761,761,,,atree,761,,,,
marasur-lake,atree:897,897,,,atree,897,,,,
marenahalli-chokkanahalli-kunte-new,empri:BUBNJLmrn_ku3-354,,BUBNJLmrn_ku3-354,,kgis-pond,4928,unpaired,,,
marenahalli-kere,atree:188,188,BUBNJLmrn_kr5-356,,atree,188,inside,0,1.0,
marenahalli-kere-2,empri:BUBSUHmrn_kr1-1356,,BUBSUHmrn_kr1-1356,,,,unpaired,,,
marenahalli-kunte-1,empri:BUBNJLmrn_ku1-352,,BUBNJLmrn_ku1-352,,,,unpaired,,,
marenahalli-kunte-2,empri:BUBNJLmrn_ku2-353,,BUBNJLmrn_ku2-353,,,,unpaired,,,
marenahalli-kunte-3,empri:BUBNJLmrn_ku4-355,,BUBNJLmrn_ku4-355,,kgis-wetland,11016,unpaired,,,
margondanahalli-kere,atree:722,722,,,atree,722,,,,
marimakanaha-lake,atree:1215,1215,,,atree,1215,,,,
marohalli-kere,atree:665,665,,,atree,665,,,,
mastenahalli-lake,atree:919,919,,,atree,919,,,,
matadakere,atree:231,231,BUAKJGhul_kr3-1082,,atree,231,near,10,1.0,
mathkuru-kere,atree:313,313,,,atree,313,,,,
mavalipura-kere-1,atree:274,274,BUBNHGmvp_kr6-427,,atree,274,near,18,0.5,
mavalipura-kere-2,atree:243,243,BUBNHGmvp_kr1-422,,atree,243,near,8,0.71,
mavalipura-kere-2-newly-created,empri:BUBNHGmvp_gk4-425,,BUBNHGmvp_gk4-425,,,,unpaired,,,
mavalipura-kere-4,atree:244,244,BUBNHGmvp_kr5-426,,atree,244,near,0,0.5,
mavallipura-kere-se,atree:824,824,BUBNHGmvp_kr2-423,,atree,824,near,10,0.86,
mavallipura-kunte-2,empri:BUBNHGmvp_ku3-424,,BUBNHGmvp_ku3-424,,kgis-pond,5818,unpaired,,,
mavallipura-kunte-3,empri:BUBNHGmvp_ku7-428,,BUBNHGmvp_ku7-428,,,,unpaired,,,
mavinakunte-lake-2,atree:1199,1199,,,atree,1199,,,,
mayasandra,atree:1110,1110,,,atree,1110,,,,
mayasandra-east-lake,atree:1150,1150,,,atree,1150,,,,
mayasandra-kere,atree:1335,1335,,,atree,1335,,,,
medhalli-kere,atree:748,748,,,atree,748,,,,
medhalli-lake,atree:876,876,,,atree,876,,,,
medi-agrahara-kere,atree:314,314,BUBNHGgna_kr1-378,,atree,314,near,6,0.75,
medi-agrahara-s,atree:279,279,BUBNYHmda_kr1-300,,atree,279,near,8,0.96,
medihalli-kere,empri:BUBEBDmdh_kr2-892,,BUBEBDmdh_kr2-892,,,,unpaired,,,
medihalli-kunte1,empri:BUBEBDmdh_ku1-891,,BUBEBDmdh_ku1-891,,,,unpaired,,,
medihalli-kunte2,empri:BUBEBDmdh_ku3-893,,BUBEBDmdh_ku3-893,,,,unpaired,,,
medihalli-kunte3,empri:BUBEBDmdh_ku4-894,,BUBEBDmdh_ku4-894,,,,unpaired,,,
medihalli-kunte4,empri:BUBEBDmdh_ku5-895,,BUBEBDmdh_ku5-895,,,,unpaired,,,
medihalli-lake,atree:1144,1144,,,atree,1144,,,,
medimalasandra-kere,atree:858,858,,,atree,858,,,,
medimalsandra-lake,atree:860,860,,,atree,860,,,,
medimalsandra-lake-2,atree:861,861,,,atree,861,,,,
melangavimath-lake,atree:1178,1178,,,atree,1178,,,,
melinakere,atree:94,94,BUBEVRamb_kr3-506,,atree,94,near,3,1.0,
melinakere-2,atree:100,100,BUBSBGbsp_kr1-1400,,atree,100,near,18,1.0,
melinatota-kere,atree:1344,1344,,,atree,1344,,,,
menasi-lake,atree:1260,1260,,,atree,1260,,,,
menasiganahalli-lake,atree:1127,1127,,,atree,1127,,,,
mestripalya-lake,atree:168,168,BUBSBGjks_kr1-1451,,atree,168,near,9,1.0,
mettubande-lake,atree:934,934,,,atree,934,,,,
minnapura-kere,atree:713,713,,,atree,713,,,,
mishiganahalli-kere,atree:1336,1336,,,atree,1336,,,,
moge-kere,atree:493,493,BUBSUHuth_kr1-1369,,atree,493,near,8,1.0,
moogana-katte,empri:BUBSKGslk_ku3-1301,,BUBSKGslk_ku3-1301,,,,unpaired,,,
muddenahalli-lake,atree:82,82,BUBNYHngd_kr1-302,,atree,82,near,21,1.0,
muddenahallipalya-lake,atree:1187,1187,,,atree,1187,,,,
muddinapalya-lake,atree:1016,1016,,,atree,1016,,,,
mudukappana-katte-newly-created,empri:BUBSKGmrg_ku4-1268,,BUBSKGmrg_ku4-1268,,,,unpaired,,,
mugalur-kere-nw,atree:440,440,,,atree,440,,,,
muganahalli-kere,atree:736,736,,,atree,736,,,,
mugbal-kere,atree:601,601,,,atree,601,,,,
mullur-lake,atree:978,978,BUBEVRslk_kr9-638,,atree,978,near,1,0.27,
mulluru-kere,atree:181,181,BUBEVRmlu_kr2-600,,atree,181,near,43,1.0,
mummenahalli-lake,atree:1039,1039,,,atree,1039,,,,
munekolalu-kunte1,empri:BUBEVRmnk_ku2-602,,BUBEVRmnk_ku2-602,,,,unpaired,,,
munekolalu-kunte2,empri:BUBEVRmnk_ku3-603,,BUBEVRmnk_ku3-603,,,,unpaired,,,
munekolalu-kunte3,empri:BUBEVRmnk_ku4-604,,BUBEVRmnk_ku4-604,,,,unpaired,,,
munekolalu-kunte4,empri:BUBEVRmnk_gk5-605,,BUBEVRmnk_gk5-605,,,,unpaired,,,
munganahalli-up-kere,atree:721,721,,,atree,721,,,,
muppatu-kavalu-hosa-kere,atree:494,494,BUBSKGvlg_kr3-1308,,atree,494,near,21,0.59,
muppatu-kavalu-sakari,atree:524,524,BUBSKGmrg_kr1-1265,,atree,524,near,10,1.0,
mutagadahalli-lake,atree:1197,1197,,,atree,1197,,,,
muthakarahalli-kunte-2,empri:BUBNHGmtg_ku2-430,,BUBNHGmtg_ku2-430,,kgis-tank,909,unpaired,,,
muthakarahalli-kunte-3,empri:BUBNHGmtg_ku3-431,,BUBNHGmtg_ku3-431,,,,unpaired,,,
muthukadhahalli-muthakarahalli-kunte-1,empri:BUBNHGmtg_ku1-429,,BUBNHGmtg_ku1-429,,kgis-tank,910,unpaired,,,
mutsandra-lake,atree:864,864,,,atree,864,,,,
mutsandra-lake-2,atree:1092,1092,,,atree,1092,,,,
muttagatti-north-lake,atree:1131,1131,,,atree,1131,,,,
muttagatti-south-lake,atree:1132,1132,,,atree,1132,,,,
muttanallur-kere,atree:899,899,,,atree,899,,,,
muttayyanapalya-lake,atree:1198,1198,,,atree,1198,,,,
mutturayappan-a-katte,empri:BUBSKGkcp_ku4-1218,,BUBSKGkcp_ku4-1218,,,,unpaired,,,
mutturu-kere,atree:1274,1274,,,atree,1274,,,,
mylappanahalli-kere-1,atree:189,189,BUBNHGmyp_kr1-432,,atree,189,near,125,1.0,
mylappanahalli-kere-2,atree:190,190,BUBNHGmyp_kr2-433,,atree,190,near,28,1.0,
mylasandra-buddagana-katte,atree:84,84,BUBSBGmyl_kr1-1474,,atree,84,near,13,1.0,
mylasandra-dodda-agrahara-kere,atree:175,175,BUBSBGbgu_kr6-1409,,atree,175,inside,0,1.0,
mylasandra-hosakere,atree:85,85,BUBSBGmyl_kr5-1478,,atree,85,inside,0,1.0,
mylasandra-kunte,empri:BUBSKGmls_ku2-1264,,BUBSKGmls_ku2-1264,,,,unpaired,,,
mylasandra-kunte-2,empri:BUBSBGmyl_ku7-1480,,BUBSBGmyl_ku7-1480,,,,unpaired,,,
mylasandra-urumundinakere,atree:86,86,BUBSBGmyl_kr2-1475,,atree,86,near,7,0.88,
mysorammanadoddi-lake,atree:1101,1101,,,atree,1101,,,,
n-hosahalli-lake,atree:535,535,,,atree,535,,,,
nadagudi-kere,atree:583,583,,,atree,583,,,,
naduvinapur-lake,atree:537,537,,,atree,537,,,,
nadvatti-kere-s,atree:871,871,,,atree,871,,,,
nadvatti-lake,atree:1087,1087,,,atree,1087,,,,
nagadenahalli-kere,atree:1314,1314,,,atree,1314,,,,
nagadevanahalli-katte,empri:BUBSKGngd_ku1-1273,,BUBSKGngd_ku1-1273,,,,unpaired,,,
nagana-kere,atree:209,209,BUBSTKchn_kr8-1119,,atree,209,near,16,1.0,
naganahalli-lake,atree:1037,1037,,,atree,1037,,,,
naganathapura-kunte1,empri:BUBSBGngp_gk2-1482,,BUBSBGngp_gk2-1482,,,,unpaired,,,
naganayakanahalli-lake,atree:947,947,,,atree,947,,,,
naganhalli-lake,atree:1080,1080,,,atree,1080,,,,
nagarabhavi-kunte-1,empri:BUBNYPngb_ku1-188,,BUBNYPngb_ku1-188,,,,unpaired,,,
nagarabhavi-kunte-2,empri:BUBNYPngb_ku2-189,,BUBNYPngb_ku2-189,,,,unpaired,,,
nagarabhavi-kunte-3,empri:BUBNYPngb_gk3-190,,BUBNYPngb_gk3-190,,,,unpaired,,,
nagarabhavi-kunte-4,empri:BUBNYPngb_ku5-192,,BUBNYPngb_ku5-192,,,,unpaired,,,
nagarabhavi-un-named-lake-on-map,atree:517,517,BUBNYPngb_kr4-191,,atree,517,near,2,0.65,
nagareshvara-nagenahalli-kere,atree:67,67,BUBEKRngn_kr1-736,,atree,67,inside,0,1.0,
nagareswaranagenahalli,empri:BUBEKRngn_ku2-,,BUBEKRngn_ku2-,,,,unpaired,,,
nagashettyhalli-kunte-1,empri:BUBNBKngs_ku1-59,,BUBNBKngs_ku1-59,,,,unpaired,,,
nagashettyhalli-kunte-2,empri:BUBNBKngs_ku2-60,,BUBNBKngs_ku2-60,,,,unpaired,,,
nagashettyhalli-kunte-3,empri:BUBNBKngs_ku3-61,,BUBNBKngs_ku3-61,,,,unpaired,,,
nagawara-kunte,empri:BUBNBKngw_ku1-62,,BUBNBKngw_ku1-62,,,,unpaired,,,
nagawara-lake,atree:51,51,BUBNBKngw_kr2-63,,atree,51,near,25,1.0,
nagenahalli-kere,atree:435,435,,,atree,435,,,,
nagondanahalli-kunte,empri:BUBEKRngd_ku1-738,,BUBEKRngd_ku1-738,,kgis-pond,4455,unpaired,,,
nallurahallikere,atree:146,146,BUBEKRnlr_kr1-739,,atree,146,near,6,0.6,
nallurahallin-kunte1,empri:BUBEKRnlr_ku2-740,,BUBEKRnlr_ku2-740,,osm,way/1511058427,unpaired,,,
nallurahallin-kunte2,empri:BUBEKRnlr_ku3-741,,BUBEKRnlr_ku3-741,,,,unpaired,,,
nallurhalli-lake,atree:584,584,,,atree,584,,,,
nandagokulanagar-kere,atree:558,558,,,atree,558,,,,
nandagudi-kere-s,atree:597,597,,,atree,597,,,,
nanjapura-kunte,empri:BUAKJGnjp_gk2-1102,,BUAKJGnjp_gk2-1102,,,,unpaired,,,
nanjapura-lake,atree:235,235,BUAKJGnjp_kr1-1101,,atree,235,near,2,1.0,
naraganahalli-lake,atree:777,777,,,atree,777,,,,
narasapana-kere,empri:BUBSKGvrs_kr1-1309,,BUBSKGvrs_kr1-1309,,,,unpaired,,,
narasapanakere,atree:495,495,,,atree,495,,,,
narasappanahalli-kere,atree:259,259,BUBNYPnlk_kr4-196,,atree,259,near,15,1.0,
narasimhapalya-kere,atree:685,685,,,atree,685,,,,
narasipura-kunte-1,empri:BUBNDPnrp_ku1-494,,BUBNDPnrp_ku1-494,,,,unpaired,,,
narasipura-kunte-2,empri:BUBNDPnrp_ku2-495,,BUBNDPnrp_ku2-495,,,,unpaired,,,
narasipura-lake,atree:1159,1159,,,atree,1159,,,,
narasipura-lake-1,atree:52,52,BUBNYHnrp_kr1-303,,atree,52,inside,0,1.0,
narasipura-lake-2,atree:53,53,BUBNYHnrp_kr1-304,,atree,53,near,6,1.0,
narayanapura-lake,atree:1118,1118,,,atree,1118,,,,
narayankere-lake,atree:852,852,,,atree,852,,,,
nayanahalli-lake,atree:924,924,,,atree,924,,,,
nayandanahalli-kere,atree:496,496,BUBSKGnyn_kr1-1274,,atree,496,near,38,1.0,
neelasandra-kere,empri:BUBNBKnls_kr1-64,,BUBNBKnls_kr1-64,,,,unpaired,,,
nekkundi-dommasandra-kunte-1,empri:BUAKSPnkd_ku1-1005,,BUAKSPnkd_ku1-1005,,,,unpaired,,,
nekkundi-dommasandra-kunte-2,empri:BUAKSPnkd_ku2-1006,,BUAKSPnkd_ku2-1006,,,,unpaired,,,
nekkundi-dommasandra-sarkari-karabu-kere,empri:BUAKSPnkd_kr3-1007,,BUAKSPnkd_kr3-1007,,,,unpaired,,,
nelagadiranahalli-hosakere,atree:260,260,BUBNYPnlk_kr3-195,,atree,260,near,11,1.0,
nelagadiranahalli-kunte,empri:BUBNYPnlk_ku1-193,,BUBNYPnlk_ku1-193,,,,unpaired,,,
nelagadiranahalli-lake,atree:261,261,BUBNYPnlk_kr2-194,,atree,261,inside,0,1.0,
nelaguli-lake,atree:985,985,,,atree,985,,,,
nelamangala-big-kere,atree:696,696,,,atree,696,,,,
nelamangala-kere,atree:695,695,,,atree,695,,,,
nelavagilu-lake,atree:531,531,,,atree,531,,,,
nellakunte-kere,empri:BUBNJLnkt_kr1-357,,BUBNJLnkt_kr1-357,,,,unpaired,,,
neriga-lake,atree:837,837,,,atree,837,,,,
nidigatte-kere,atree:588,588,,,atree,588,,,,
nidvanda-kere,atree:381,381,,,atree,381,,,,
nijagal-lake,atree:1161,1161,,,atree,1161,,,,
nijagal-lake-2,atree:1166,1166,,,atree,1166,,,,
nijagal-lake1,atree:1165,1165,,,atree,1165,,,,
nimbekaipura-katte,empri:BUBEBDnbk_gk4-899,,BUBEBDnbk_gk4-899,,,,unpaired,,,
nimbekaipura-kunte-1,empri:BUBEBDnbk_gk1-896,,BUBEBDnbk_gk1-896,,,,unpaired,,,
nimbekaipura-kunte-2,empri:BUBEBDnbk_ku3-898,,BUBEBDnbk_ku3-898,,,,unpaired,,,
nimbekaipura-kunte-3,empri:BUBEBDnbk_ku5-900,,BUBEBDnbk_ku5-900,,,,unpaired,,,
nimbekayipura-kere,atree:240,240,BUBEBDnbk_kr2-897,,atree,240,near,3,0.94,
nosenuru-gollahalli-lake,atree:1095,1095,,,atree,1095,,,,
nosenuru-gollahalli-lake-2,atree:1117,1117,,,atree,1117,,,,
nosenuru-gollahalli2-lake,atree:1097,1097,,,atree,1097,,,,
nosenuru-lake,atree:1096,1096,,,atree,1096,,,,
nullvenkateshpuram-1-lake,atree:1106,1106,,,atree,1106,,,,
nyanappanahalli-kere,atree:147,147,BUBSBGbgu_kr10-1413,,atree,147,near,53,1.0,
nyanappanashetty-palya-kunte1,empri:BUBSBGnys_ku1-1483,,BUBSBGnys_ku1-1483,,,,unpaired,,,
nyanappanashetty-palya-kunte2,empri:BUBSBGnys_ku3-1485,,BUBSBGnys_ku3-1485,,,,unpaired,,,
nyanappanashetty-palya-kunte3,empri:BUBSBGnys_ku4-1486,,BUBSBGnys_ku4-1486,,,,unpaired,,,
nyanappanashetty-palya-kunte4,empri:BUBSBGnys_ku5-1487,,BUBSBGnys_ku5-1487,,,,unpaired,,,
nynappanashettypalya-kere-n-s-palya,empri:BUBSBGnys_kr2-1484,,BUBSBGnys_kr2-1484,,,,unpaired,,,
o-b-chudahalli-kunte1,empri:BUBSUHobc_ku1-1386,,BUBSUHobc_ku1-1386,,,,unpaired,,,
o-b-chudahalli-kunte2,empri:BUBSUHobc_gk2-1387,,BUBSUHobc_gk2-1387,,,,unpaired,,,
o-b-chudanahalli-lake,atree:17,17,BUBSKGbvk_kr11-1169,,atree,17,near,6,1.0,
obalapura-kere,atree:383,383,,,atree,383,,,,
obalapura-kere-2,atree:437,437,,,atree,437,,,,
obalapura-kere-3,atree:438,438,,,atree,438,,,,
obanayakanahalli-2r,atree:650,650,,,atree,650,,,,
oblapura-lake,atree:863,863,,,atree,863,,,,
ontekere,atree:5,5,,,atree,5,,,,
oora-mundina-kere,atree:199,199,BUBNHGbyl_kr1-376,,atree,199,near,3,1.0,
p-agrahara-kunte2,empri:BUBEKRpta_ku2-743,,BUBEKRpta_ku2-743,,,,unpaired,,,
p-agrahara-kunte3,empri:BUBEKRpta_ku3-744,,BUBEKRpta_ku3-744,,,,unpaired,,,
pachapalya-kere-e,atree:369,369,,,atree,369,,,,
pachcharanahalli-lake,atree:1216,1216,,,atree,1216,,,,
pachepalya-kere,atree:322,322,,,atree,322,,,,
palana-kere,atree:1276,1276,,,atree,1276,,,,
palanahalli,atree:45,45,BUBNJLktn_kr1-351,,atree,45,inside,0,1.0,
panattur-govt-kere,atree:149,149,BUBEVRpnt_kr7-612,,atree,149,near,40,1.0,
panditapur-lake,atree:764,764,,,atree,764,,,,
pantharapalya-kunte,empri:BUBSKGptp_gk1-1275,,BUBSKGptp_gk1-1275,,,,unpaired,,,
panthuru-kunte1,empri:BUBEVRpnt_ku1-606,,BUBEVRpnt_ku1-606,,,,unpaired,,,
panthuru-kunte2,empri:BUBEVRpnt_ku2-607,,BUBEVRpnt_ku2-607,,,,unpaired,,,
panthuru-kunte3,empri:BUBEVRpnt_ku3-608,,BUBEVRpnt_ku3-608,,,,unpaired,,,
panthuru-kunte4,empri:BUBEVRpnt_ku5-610,,BUBEVRpnt_ku5-610,,,,unpaired,,,
panthuru-kunte5,empri:BUBEVRpnt_ku6-611,,BUBEVRpnt_ku6-611,,,,unpaired,,,
panthuru-kunte6,empri:BUBEVRpnt_ku8-613,,BUBEVRpnt_ku8-613,,,,unpaired,,,
panthuru-kunte7,empri:BUBEVRpnt_ku9-614,,BUBEVRpnt_ku9-614,,,,unpaired,,,
pappayanna-kunte,atree:273,273,BUBNHGitg_kr1-384,,atree,273,inside,0,1.0,
parapana-agahara-lake,atree:150,150,BUBSBGppa_kr2-1489,,atree,150,near,5,1.0,
parappana-agrahara-kunte1,empri:BUBSBGppa_ku1-1488,,BUBSBGppa_ku1-1488,,,,unpaired,,,
parappana-agrahara-kunte2,empri:BUBSBGppa_ku3-1490,,BUBSBGppa_ku3-1490,,,,unpaired,,,
parappana-agrahara-kunte3,empri:BUBSBGppa_ku4-1491,,BUBSBGppa_ku4-1491,,,,unpaired,,,
parappana-agrahara-kunte4,empri:BUBSBGppa_ku5-1492,,BUBSBGppa_ku5-1492,,,,unpaired,,,
parappana-agrahara-kunte5,empri:BUBSBGppa_ku6-1493,,BUBSBGppa_ku6-1493,,,,unpaired,,,
parappana-agrahara-kunte6,empri:BUBSBGppa_ku7-1494,,BUBSBGppa_ku7-1494,,,,unpaired,,,
parmanahalli-kere,atree:614,614,,,atree,614,,,,
parvatana-katte,empri:BUBNYPkan_ku7-135,,BUBNYPkan_ku7-135,,,,unpaired,,,
patnagere-gollahalli-lake,atree:1124,1124,,,atree,1124,,,,
pattaduru-agrahara-kere-1,atree:151,151,BUBEKRpta_kr8-749,,atree,151,near,18,0.97,
pattaduru-agrahara-kere-2,atree:152,152,BUBEKRpta_kr12-753,,atree,152,inside,0,0.48,
pattanagere-kunte,empri:BUBSKGptg_gk1-1276,,BUBSKGptg_gk1-1276,,,,unpaired,,,
pattandur-agrahara-kunte1,empri:BUBEKRpta_ku1-742,,BUBEKRpta_ku1-742,,,,unpaired,,,
pattandur-agrahara-kunte10,empri:BUBEKRpta_ku11-752,,BUBEKRpta_ku11-752,,,,unpaired,,,
pattandur-agrahara-kunte12,empri:BUBEKRpta_ku13-754,,BUBEKRpta_ku13-754,,kgis-pond,4462,unpaired,,,
pattandur-agrahara-kunte13,empri:BUBEKRpta_ku14-755,,BUBEKRpta_ku14-755,,,,unpaired,,,
pattandur-agrahara-kunte4,empri:BUBEKRpta_ku4-745,,BUBEKRpta_ku4-745,,,,unpaired,,,
pattandur-agrahara-kunte5,empri:BUBEKRpta_ku5-746,,BUBEKRpta_ku5-746,,,,unpaired,,,
pattandur-agrahara-kunte6,empri:BUBEKRpta_ku6-747,,BUBEKRpta_ku6-747,,,,unpaired,,,
pattandur-agrahara-kunte7,empri:BUBEKRpta_ku7-748,,BUBEKRpta_ku7-748,,kgis-pond,4460,unpaired,,,
pattandur-agrahara-kunte8,empri:BUBEKRpta_ku9-750,,BUBEKRpta_ku9-750,,,,unpaired,,,
pattandur-agrahara-kunte9,empri:BUBEKRpta_ku10-751,,BUBEKRpta_ku10-751,,,,unpaired,,,
peddanapalya-lake,atree:1006,1006,,,atree,1006,,,,
peenya-kunte1,empri:BUBNYPpny_ku1-197,,BUBNYPpny_ku1-197,,,,unpaired,,,
peenya-kunte10,empri:BUBNYPpny_ku10-206,,BUBNYPpny_ku10-206,,,,unpaired,,,
peenya-kunte11,empri:BUBNYPpny_ku11-207,,BUBNYPpny_ku11-207,,,,unpaired,,,
peenya-kunte2,empri:BUBNYPpny_ku2-198,,BUBNYPpny_ku2-198,,,,unpaired,,,
peenya-kunte3,empri:BUBNYPpny_ku3-199,,BUBNYPpny_ku3-199,,,,unpaired,,,
peenya-kunte4,empri:BUBNYPpny_ku4-200,,BUBNYPpny_ku4-200,,,,unpaired,,,
peenya-kunte5,empri:BUBNYPpny_ku5-201,,BUBNYPpny_ku5-201,,,,unpaired,,,
peenya-kunte6,empri:BUBNYPpny_ku6-202,,BUBNYPpny_ku6-202,,,,unpaired,,,
peenya-kunte7,empri:BUBNYPpny_ku7-203,,BUBNYPpny_ku7-203,,,,unpaired,,,
peenya-kunte8,empri:BUBNYPpny_ku8-204,,BUBNYPpny_ku8-204,,,,unpaired,,,
peenya-kunte9,empri:BUBNYPpny_ku9-205,,BUBNYPpny_ku9-205,,,,unpaired,,,
peenya-plantation-kunte,empri:BUBNYPpyp_ku1-208,,BUBNYPpyp_ku1-208,,,,unpaired,,,
peltanahalli-lake,atree:1073,1073,,,atree,1073,,,,
pillaganahalli-kunte,empri:BUBSUHplg_ku1-1357,,BUBSUHplg_ku1-1357,,,,unpaired,,,
pindkur,atree:1294,1294,,,atree,1294,,,,
pindkur-timmanahalli-kere,atree:1293,1293,,,atree,1293,,,,
prabhakarnagar-2r,atree:632,632,,,atree,632,,,,
purushanahalli-kere,atree:385,385,,,atree,385,,,,
puttayyanahalli-kere,atree:737,737,,,atree,737,,,,
puttenahalli-kere,atree:399,399,,,atree,399,,,,
puttenahalli-kunte-3,empri:BUBNYHptn_ku2-306,,BUBNYHptn_ku2-306,,,,unpaired,,,
puttenahalli-kunte-5,empri:BUBNYHptn_ku4-308,,BUBNYHptn_ku4-308,,,,unpaired,,,
puttenahalli-kunte1,empri:BUBNYHptn_ku1-305,,BUBNYHptn_ku1-305,,,,unpaired,,,
puttenahalli-kunte2,empri:BUBNYHptn_ku5-309,,BUBNYHptn_ku5-309,,,,unpaired,,,
puttenahalli-kunte4,empri:BUBNYHptn_ku3-307,,BUBNYHptn_ku3-307,,,,unpaired,,,
puttenahalli-lake,atree:61,61,BUBNYHptn_kr6-310,,atree,61,inside,0,1.0,
puttenahalli-lake-2,atree:153,153,BUBSUHput_kr1-1358,,atree,153,near,14,1.0,
rabbanahalli-kere,atree:1327,1327,,,atree,1327,,,,
rabbanahalli-kere-2,atree:1328,1328,,,atree,1328,,,,
rabbanahalli-kere-3,atree:1329,1329,,,atree,1329,,,,
rabbanahalli-kere-4,atree:1330,1330,,,atree,1330,,,,
rachamanahalli-lake,atree:1139,1139,,,atree,1139,,,,
rachamanahalli-north-lake,atree:1140,1140,,,atree,1140,,,,
rachenahalli-kunte1,empri:BUBEKRrch_ku1-756,,BUBEKRrch_ku1-756,,,,unpaired,,,
rachenahalli-lake,atree:54,54,BUBEKRrch_kr2-757,,atree,54,near,13,1.0,
raghunathpura-kere,atree:1288,1288,,,atree,1288,,,,
raghuvanapalya-kunte,empri:BUBSUHrgp_ku1-1359,,BUBSUHrgp_ku1-1359,,,,unpaired,,,
ragihalli,atree:1102,1102,,,atree,1102,,,,
ragihalli-lake,atree:893,893,,,atree,893,,,,
rajaghatta-kere,atree:1296,1296,,,atree,1296,,,,
rajamahal-kere,empri:BUBNBKrjm_kr3-67,,BUBNBKrjm_kr3-67,,kgis-tank,759,unpaired,,,
rajamahal-kunte1,empri:BUBNBKrjm_ku1-65,,BUBNBKrjm_ku1-65,,,,unpaired,,,
rajamahal-kunte2,empri:BUBNBKrjm_ku2-66,,BUBNBKrjm_ku2-66,,,,unpaired,,,
rajanakunte-1,empri:BUBNHGrjk_ku2-435,,BUBNHGrjk_ku2-435,,,,unpaired,,,
rajanakunte-2,empri:BUBNHGrjk_ku3-436,,BUBNHGrjk_ku3-436,,,,unpaired,,,
rajanakunte-3,empri:BUBNHGrjk_ku4-437,,BUBNHGrjk_ku4-437,,,,unpaired,,,
rajanakunte-4,empri:BUBNHGrjk_ku5-438,,BUBNHGrjk_ku5-438,,,,unpaired,,,
rajanakunte-5,empri:BUBNHGrjk_ku6-439,,BUBNHGrjk_ku6-439,,,,unpaired,,,
rajanakunte-6,empri:BUBNHGrjk_ku7-440,,BUBNHGrjk_ku7-440,,,,unpaired,,,
rajanakunte-7-new,empri:BUBNHGrjk_ku8-441,,BUBNHGrjk_ku8-441,,kgis-pond,5682,unpaired,,,
rajanakunte-8,empri:BUBNHGrjk_ku9-442,,BUBNHGrjk_ku9-442,,,,unpaired,,,
rajanakunte-9,empri:BUBNHGrjk_ku10-443,,BUBNHGrjk_ku10-443,,,,unpaired,,,
rajapalya-hoodikere,atree:35,35,BUBEKRhod_kr3-697,,atree,35,near,3,1.0,
ramachandrapura-katte,empri:BUBNYHrcp_gk1-311,,BUBNYHrcp_gk1-311,,,,unpaired,,,
ramadevanahalli-lake,atree:1053,1053,,,atree,1053,,,,
ramagondanahalli-kunte,empri:BUBEVRrmg_gk1-615,,BUBEVRrmg_gk1-615,,,,unpaired,,,
ramagondanahalli-kunte-1,empri:BUBNYHrgh_ku1-312,,BUBNYHrgh_ku1-312,,,,unpaired,,,
ramagondanahalli-kunte-2,empri:BUBNYHrgh_ku2-313,,BUBNYHrgh_ku2-313,,,,unpaired,,,
ramagonddanahalli-kere,atree:19,19,BUBNYHrgh_kr3-314,,atree,19,near,7,1.0,
ramakrishnapura-lake,atree:950,950,,,atree,950,,,,
ramakrishnapura-lake-2,atree:949,949,,,atree,949,,,,
ramanathapura-kere-1,atree:1325,1325,,,atree,1325,,,,
ramanathapura-kere-2,atree:1326,1326,,,atree,1326,,,,
ramanayakanahalli-kunte-1,empri:BUAKSPrny_ku3-1010,,BUAKSPrny_ku3-1010,,,,unpaired,,,
ramanayakanahalli-kunte-2,empri:BUAKSPrny_ku4-1011,,BUAKSPrny_ku4-1011,,,,unpaired,,,
ramapura-kunte,empri:BUBEBDhuv_ku1-838,,BUBEBDhuv_ku1-838,,,,unpaired,,,
ramasagara-lake,atree:928,928,,,atree,928,,,,
ramasandra-kere,empri:BUBSKGrms_kr5-1282,,BUBSKGrms_kr5-1282,,,,unpaired,,,
ramasandra-kunte1,empri:BUBSKGrms_ku2-1279,,BUBSKGrms_ku2-1279,,,,unpaired,,,
ramasandra-kunte2,empri:BUBSKGrms_ku3-1280,,BUBSKGrms_ku3-1280,,,,unpaired,,,
ramasandra-lake-1,atree:552,552,,,atree,552,,,,
ramaswamypalya-lake,atree:862,862,,,atree,862,,,,
ramayyanapalya-kere,atree:1301,1301,,,atree,1301,,,,
ramdevanahalli-kere,atree:427,427,,,atree,427,,,,
ramegowdanakere,atree:8,8,BUAKJGglh_kr1-1067,,atree,8,inside,0,1.0,
ramohalli-kere,atree:327,327,BUBSKGrmh_kr13-1295,,atree,327,inside,0,1.0,
ramohalli-kunte-1,empri:BUBSKGrmh_ku1-1283,,BUBSKGrmh_ku1-1283,,,,unpaired,,,
ramohalli-kunte-10,empri:BUBSKGrmh_ku12-1294,,BUBSKGrmh_ku12-1294,,,,unpaired,,,
ramohalli-kunte-2,empri:BUBSKGrmh_ku2-1284,,BUBSKGrmh_ku2-1284,,,,unpaired,,,
ramohalli-kunte-3,empri:BUBSKGrmh_ku3-1285,,BUBSKGrmh_ku3-1285,,,,unpaired,,,
ramohalli-kunte-4,empri:BUBSKGrmh_ku4-1286,,BUBSKGrmh_ku4-1286,,,,unpaired,,,
ramohalli-kunte-6,empri:BUBSKGrmh_ku7-1289,,BUBSKGrmh_ku7-1289,,,,unpaired,,,
ramohalli-kunte-7,empri:BUBSKGrmh_ku8-1290,,BUBSKGrmh_ku8-1290,,,,unpaired,,,
ramohalli-kunte-8,empri:BUBSKGrmh_ku9-1291,,BUBSKGrmh_ku9-1291,,,,unpaired,,,
ramohalli-kunte-9,empri:BUBSKGrmh_ku11-1293,,BUBSKGrmh_ku11-1293,,,,unpaired,,,
rampalya-kere,atree:566,566,,,atree,566,,,,
rampura-kere,atree:69,69,BUBEBDhuv_kr2-839,,atree,69,near,27,1.0,
rampura-kere-2,atree:330,330,BUBSKGkum_kr7-1248,,atree,330,inside,0,0.18,
rampura-lake,atree:1192,1192,,,atree,1192,,,,
rampura-lake-2,atree:1238,1238,,,atree,1238,,,,
ranchanamadu-kunte,empri:BUBSKGrcm_ku1-1277,,BUBSKGrcm_ku1-1277,,,,unpaired,,,
rayaradoddi-lake,atree:891,891,,,atree,891,,,,
rayarapalya-lake,atree:1043,1043,,,atree,1043,,,,
rayarapalya-lake-1,atree:1061,1061,,,atree,1061,,,,
rayasandra-kunte-1,empri:BUAKSPrys_gk1-1012,,BUAKSPrys_gk1-1012,,,,unpaired,,,
rayasandra-kunte-2,empri:BUAKSPrys_ku2-1013,,BUAKSPrys_ku2-1013,,,,unpaired,,,
rayasandra-kunte-3,empri:BUAKSPrys_ku3-1014,,BUAKSPrys_ku3-1014,,,,unpaired,,,
rayasandra-kunte-4,empri:BUAKSPrys_ku5-1016,,BUAKSPrys_ku5-1016,,,,unpaired,,,
rayasandra-lake-2,atree:977,977,,,atree,977,,,,
rocherenvu,empri:BUAKSPkms_kr5-991,,BUAKSPkms_kr5-991,,kgis-tank,558,unpaired,,,
s-golahalli-kere,atree:324,324,,,atree,324,,,,
sadahalli-kere,atree:778,778,,,atree,778,,,,
sadappanhalli-lake,atree:1082,1082,,,atree,1082,,,,
sadenahalli-lake,atree:797,797,,,atree,797,,,,
sadenahalli-lake-2,atree:796,796,,,atree,796,,,,
sadenahalli-lake-3,atree:795,795,,,atree,795,,,,
sakalavara-govt-kharabu-lake,atree:315,315,BUAKJGskv_kr1-1104,,atree,315,near,17,1.0,
sakalavara-kunte,empri:BUAKJGskv_gk2-1105,,BUAKJGskv_gk2-1105,,,,unpaired,,,
sakkare-gollahalli-lake,atree:1227,1227,,,atree,1227,,,,
salindradoddi-lake,atree:959,959,,,atree,959,,,,
sametanahali-lake,atree:868,868,,,atree,868,,,,
sampangee-kunte,empri:BUBNBKsmp_ku2-70,,BUBNBKsmp_ku2-70,,,,unpaired,,,
sampinge-kere,empri:BUBNBKsmp_kr1-69,,BUBNBKsmp_kr1-69,,,,unpaired,,,
sandekuppe-kere,atree:705,705,,,atree,705,,,,
saneguruvanahalli-kunte1,empri:BUBNYPsgv_ku2-210,,BUBNYPsgv_ku2-210,,,,unpaired,,,
saneguruvanahalli-kunte2,empri:BUBNYPsgv_ku4-212,,BUBNYPsgv_ku4-212,,,,unpaired,,,
saneguruvanahalli-kunte3,empri:BUBNYPsgv_ku5-213,,BUBNYPsgv_ku5-213,,,,unpaired,,,
saneguruvanahalli-lake-1,atree:514,514,,,atree,514,,,,
saneguruvanahalli-lake-1-2,empri:BUBNYPsgv_kr1-209,,BUBNYPsgv_kr1-209,,,,unpaired,,,
saneguruvanahalli-lake-2,atree:515,515,,,atree,515,,,,
saneguruvanahalli-lake-2-2,empri:BUBNYPsgv_kr3-211,,BUBNYPsgv_kr3-211,,,,unpaired,,,
sankey-tank,atree:497,497,BUBNBKrjm_kr4-68,,atree,497,near,35,1.0,
sarakki-kunte1,empri:BUBSUHsrk_gk1-1360,,BUBSUHsrk_gk1-1360,,,,unpaired,,,
sarakki-kunte2,empri:BUBSUHsrk_ku2-1361,,BUBSUHsrk_ku2-1361,,,,unpaired,,,
sarakki-kunte3,empri:BUBSUHsrk_ku3-1362,,BUBSUHsrk_ku3-1362,,,,unpaired,,,
sarakki-lake,atree:128,128,BUBSUHskk_kr1-1363,,atree,128,near,8,1.0,
sarjapur-lake,atree:835,835,,,atree,835,,,,
sarka-kunte,atree:220,220,BUBSBGmyl_gk4-1477,,atree,220,near,8,1.0,
sarkaari-katte,empri:BUBSTKyrp_gk1-1149,,BUBSTKyrp_gk1-1149,,,,unpaired,,,
sasalu-lake,atree:1218,1218,,,atree,1218,,,,
sasiveghatta-kunte-1,empri:BUBNHGssv_ku1-444,,BUBNHGssv_ku1-444,,,,unpaired,,,
sasiveghatta-kunte-2,empri:BUBNHGssv_ku2-445,,BUBNHGssv_ku2-445,,,,unpaired,,,
sathanoor-kunte-5,empri:BUBNJLstn_ku5-362,,BUBNJLstn_ku5-362,,kgis-pond,5275,unpaired,,,
sathanoor-kunte-7,empri:BUBNJLstn_kr7-364,,BUBNJLstn_kr7-364,,,,unpaired,,,
sathanur-kere,atree:268,268,BUBNJLstn_kr4-361,,atree,268,near,3,0.76,
sathanuru-kunte-1,empri:BUBNJLstn_gk1-358,,BUBNJLstn_gk1-358,,,,unpaired,,,
sathanuru-kunte-10,empri:BUBNJLstn_gk10-367,,BUBNJLstn_gk10-367,,,,unpaired,,,
sathanuru-kunte-2,empri:BUBNJLstn_ku2-359,,BUBNJLstn_ku2-359,,,,unpaired,,,
sathanuru-kunte-3,empri:BUBNJLstn_ku3-360,,BUBNJLstn_ku3-360,,,,unpaired,,,
sathanuru-kunte-8,empri:BUBNJLstn_gk8-365,,BUBNJLstn_gk8-365,,,,unpaired,,,
sathanuru-kunte-9,empri:BUBNJLstn_gk9-366,,BUBNJLstn_gk9-366,,,,unpaired,,,
sattigenahalli-lake-1,atree:542,542,,,atree,542,,,,
sattigenahalli-lake-2,atree:545,545,,,atree,545,,,,
seegehalli-kere,atree:458,458,BUBNYPseg_kr1-215,,atree,458,inside,0,1.0,
seegehalli-kunte,empri:BUBNYPseg_ku2-216,,BUBNYPseg_ku2-216,,,,unpaired,,,
seegihalli-katte-1,empri:BUBEBDseg_gk3-903,,BUBEBDseg_gk3-903,,,,unpaired,,,
seegihalli-katte-2,empri:BUBEBDseg_gk4-904,,BUBEBDseg_gk4-904,,,,unpaired,,,
seegihalli-kunte1,empri:BUBEBDseg_ku1-901,,BUBEBDseg_ku1-901,,kgis-pond,544,unpaired,,,
seegihalli-kunte2,empri:BUBEBDseg_ku2-902,,BUBEBDseg_ku2-902,,,,unpaired,,,
settyhalli-kunte1,empri:BUBNYPsty_ku1-217,,BUBNYPsty_ku1-217,,,,unpaired,,,
settyhalli-kunte2,empri:BUBNYPsty_ku2-218,,BUBNYPsty_ku2-218,,,,unpaired,,,
shantegaudanapalya-lake,atree:1184,1184,,,atree,1184,,,,
shanthi-nagar-kunte,empri:BUBNDPggd_ku1-465,,BUBNDPggd_ku1-465,,,,unpaired,,,
shantinagar-kere,atree:323,323,,,atree,323,,,,
shantinagar-kere-2,atree:367,367,,,atree,367,,,,
shanuboganahalli-lake,atree:903,903,BUAKJGbwd_kr3-1056a,,atree,903,inside,0,0.21,
shastripalya-kere,atree:426,426,,,atree,426,,,,
shegehalli-kere,atree:56,56,BUBEKRseg_kr1-759,,atree,56,inside,0,1.0,
sheshayyanakere,atree:172,172,BUBEVRkdt_kr20-592,,atree,172,inside,0,1.0,
shiresandra-kere,atree:432,432,,,atree,432,,,,
shivakote-katte,empri:BUBNHGsvk_gk1-446,,BUBNHGsvk_gk1-446,,kgis-pond,5773,unpaired,,,
shivakote-kunte-1,empri:BUBNHGsvk_ku2-447,,BUBNHGsvk_ku2-447,,,,unpaired,,,
shivakote-kunte-2,empri:BUBNHGsvk_ku3-448,,BUBNHGsvk_ku3-448,,kgis-pond,5774,unpaired,,,
shivakote-kunte-3,empri:BUBNHGsvk_ku4-449,,BUBNHGsvk_ku4-449,,,,unpaired,,,
shivakote-kunte-4,empri:BUBNHGsvk_ku5-450,,BUBNHGsvk_ku5-450,,,,unpaired,,,
shivanahalli-lake,atree:57,57,BUBNYHsvn_kr1-321,,atree,57,near,29,1.0,
shivanapura-kere,atree:599,599,,,atree,599,,,,
shravanur-lake,atree:1244,1244,,,atree,1244,,,,
shravanur-lake-2,atree:1245,1245,,,atree,1245,,,,
shyanapanahalli-kere,atree:1320,1320,,,atree,1320,,,,
shyanapanahalli-kere-2,atree:1322,1322,,,atree,1322,,,,
shyanapanahalli-kere-u,atree:1321,1321,,,atree,1321,,,,
siddanhalli-lake-1,atree:530,530,,,atree,530,,,,
siddapur-kere,empri:BUBNBKsdp_kr1-71,,BUBNBKsdp_kr1-71,,,,unpaired,,,
siddapura-kere,atree:154,154,BUBEVRsdp_kr8-625,,atree,154,near,3,1.0,
siddapura-kunte1,empri:BUBEVRsdp_ku1-618,,BUBEVRsdp_ku1-618,,,,unpaired,,,
siddapura-kunte2,empri:BUBEVRsdp_ku2-619,,BUBEVRsdp_ku2-619,,,,unpaired,,,
siddapura-kunte3,empri:BUBEVRsdp_ku3-620,,BUBEVRsdp_ku3-620,,,,unpaired,,,
siddapura-kunte4,empri:BUBEVRsdp_ku4-621,,BUBEVRsdp_ku4-621,,,,unpaired,,,
siddapura-kunte5,empri:BUBEVRsdp_ku5-622,,BUBEVRsdp_ku5-622,,,,unpaired,,,
siddapura-kunte6,empri:BUBEVRsdp_ku6-623,,BUBEVRsdp_ku6-623,,,,unpaired,,,
siddapura-kunte7,empri:BUBEVRsdp_ku7-624,,BUBEVRsdp_ku7-624,,,,unpaired,,,
siddayyanpalya-lake,atree:1194,1194,,,atree,1194,,,,
siddenayakanahalli-kere-l,atree:1287,1287,,,atree,1287,,,,
siddenayakanahalli-kere-u,atree:1286,1286,,,atree,1286,,,,
siddenhalli-lake,atree:1068,1068,,,atree,1068,,,,
siddi-hosakote-west,atree:1113,1113,,,atree,1113,,,,
sidedahalli-kunte,empri:BUBNYPsid_ku1-219,,BUBNYPsid_ku1-219,,,,unpaired,,,
sidi-hoskote-lake-east,atree:1112,1112,,,atree,1112,,,,
sigepalya-lake,atree:1176,1176,,,atree,1176,,,,
sigepalya-lake-2,atree:1190,1190,,,atree,1190,,,,
sikayanahalli-kere,atree:1309,1309,,,atree,1309,,,,
singahalli-lake,atree:885,885,,,atree,885,,,,
singanayakanahalli-katte-2,empri:BUBNYHsny_gk3-317,,BUBNYHsny_gk3-317,,,,unpaired,,,
singanayakanahalli-kunte-1,empri:BUBNYHsny_ku2-316,,BUBNYHsny_ku2-316,,kgis-pond,5511,unpaired,,,
singanayakayahalli-katte-1,empri:BUBNYHsny_gk1-315,,BUBNYHsny_gk1-315,,,,unpaired,,,
singanayakayahalli-kere,atree:18,18,BUBNYHsny_kr4-318,,atree,18,near,35,0.81,
singapura-kunte,empri:BUBNYHsgp_ku2-320,,BUBNYHsgp_ku2-320,,,,unpaired,,,
singapura-lake,atree:267,267,BUBNYHsgp_kr1-319,,atree,267,near,20,1.0,
singasadanapalli-kere-e,atree:456,456,,,atree,456,,,,
singasadanapalli-kere-s,atree:455,455,,,atree,455,,,,
singasandra,atree:121,121,BUBSBGsgs_kr2-1497,,atree,121,near,8,1.0,
singasandra-kunte-1,empri:BUBSBGsgs_gk1-1496,,BUBSBGsgs_gk1-1496,,,,unpaired,,,
singasandra-kunte2,empri:BUBSBGsgs_ku3-1498,,BUBSBGsgs_ku3-1498,,,,unpaired,,,
singasandra-kunte3,empri:BUBSBGsgs_ku4-1499,,BUBSBGsgs_ku4-1499,,,,unpaired,,,
singasandra-kunte4,empri:BUBSBGsgs_ku5-1500,,BUBSBGsgs_ku5-1500,,,,unpaired,,,
singasandra-kunte5,empri:BUBSBGsgs_ku7-1502,,BUBSBGsgs_ku7-1502,,,,unpaired,,,
singasandra-lake,atree:1122,1122,,,atree,1122,,,,
singena-agrahara-govt-sanna-kere,atree:316,316,BUAKSPsga_kr1-1017,,atree,316,inside,0,1.0,
singena-agrahara-kunte-1,empri:BUAKSPsga_gk2-1018,,BUAKSPsga_gk2-1018,,kgis-tank,556,unpaired,,,
singena-agrahara-kunte-2,empri:BUAKSPsga_ku3-1019,,BUAKSPsga_ku3-1019,,,,unpaired,,,
singena-agrahara-kunte-3,empri:BUAKSPsga_ku4-1020,,BUAKSPsga_ku4-1020,,,,unpaired,,,
singena-agrahara-kunte-4,empri:BUAKSPsga_gk5-1021,,BUAKSPsga_gk5-1021,,,,unpaired,,,
singena-agrahara-kunte-5,empri:BUAKSPsga_ku6-1022,,BUAKSPsga_ku6-1022,,kgis-pond,3987,unpaired,,,
singrayanapalya-lake,atree:1212,1212,,,atree,1212,,,,
sinivagilu-govt-lake,empri:BUBSBGsvg_kr1-1495,,BUBSBGsvg_kr1-1495,,,,unpaired,,,
sirigonahalli-lake,atree:1203,1203,,,atree,1203,,,,
sitanayakanahalli-lake,atree:556,556,,,atree,556,,,,
sokkarasanapalli-kere-e,atree:454,454,,,atree,454,,,,
soladevanahalli-kunte,empri:BUBNHGsdv_gk1-451,,BUBNHGsdv_gk1-451,,,,unpaired,,,
soldevanahalli-kere,atree:671,671,,,atree,671,,,,
soldevanahalli-kere-2,atree:673,673,,,atree,673,,,,
soldevanahalli-lower,atree:672,672,,,atree,672,,,,
soldevanahalli-scrub,atree:675,675,,,atree,675,,,,
solekere,atree:317,317,BUBNHGlrp_kr1-410,,atree,317,inside,0,1.0,
solikunte-kere,atree:88,88,BUBEVRslk_kr5-634,,atree,88,near,9,1.0,
sollepura-kere,atree:752,752,,,atree,752,,,,
solluru-kere,atree:1312,1312,,,atree,1312,,,,
solur-kere,atree:591,591,,,atree,591,,,,
somanahalli-lake,atree:911,911,,,atree,911,,,,
somanathapura-lake,atree:1033,1033,,,atree,1033,,,,
somapura-kere,atree:334,334,,,atree,334,,,,
somasagara-lake,atree:1169,1169,,,atree,1169,,,,
somasagara-lake-2,atree:1193,1193,,,atree,1193,,,,
somashettihalli-kunte,empri:BUBNYPsms_ku1-229,,BUBNYPsms_ku1-229,,,,unpaired,,,
somasundrapalya-lake,atree:140,140,BUBSBGhrk_kr5-1440,,atree,140,near,18,1.0,
sompura-govt-lake,atree:520,520,BUBSKGsmp_kr3-1298,,atree,520,inside,0,1.0,
sompura-kere-w,atree:449,449,,,atree,449,,,,
sompura-kunte-1,empri:BUBSKGsmp_ku1-1296,,BUBSKGsmp_ku1-1296,,kgis-pond,6230,unpaired,,,
sompura-kunte-2,empri:BUBSKGsmp_ku2-1297,,BUBSKGsmp_ku2-1297,,,,unpaired,,,
sondilvadi-kere,atree:416,416,,,atree,416,,,,
sonehalli-kere,atree:1337,1337,,,atree,1337,,,,
sonnahallipura-lake,atree:1083,1083,,,atree,1083,,,,
sonnanaikanahalli-lake,atree:553,553,,,atree,553,,,,
sonnathimmanahalli-kunte,empri:BUBEKRstm_ku1-760,,BUBEKRstm_ku1-760,,,,unpaired,,,
sonnayakanapura-lake,atree:1145,1145,,,atree,1145,,,,
sonnenahalli-kere,atree:431,431,,,atree,431,,,,
sonnenahalli-kere-2,atree:1338,1338,,,atree,1338,,,,
sonnenahalli-kere-3,empri:BUBEKRsnn_ku4-764,,BUBEKRsnn_ku4-764,,,,unpaired,,,
sonnenahalli-kunte1,empri:BUBEKRsnn_ku1-761,,BUBEKRsnn_ku1-761,,,,unpaired,,,
sonnenahalli-kunte2,empri:BUBEKRsnn_ku2-762,,BUBEKRsnn_ku2-762,,,,unpaired,,,
sonnenahalli-kunte3,empri:BUBEKRsnn_ku3-763,,BUBEKRsnn_ku3-763,,,,unpaired,,,
sonnenahalli-lake,atree:1231,1231,,,atree,1231,,,,
sonnenahalli-lake-2,atree:1258,1258,,,atree,1258,,,,
sorahunase-kunte1,empri:BUBEVRsrh_ku1-626,,BUBEVRsrh_ku1-626,,,,unpaired,,,
sorahunase-kunte2,empri:BUBEVRsrh_ku2-627,,BUBEVRsrh_ku2-627,,,,unpaired,,,
sorahunase-kunte3,empri:BUBEVRsrh_ku3-628,,BUBEVRsrh_ku3-628,,,,unpaired,,,
sorahunase-kunte4,empri:BUBEVRsrh_ku4-629,,BUBEVRsrh_ku4-629,,,,unpaired,,,
southegaudanahalli-lake,atree:1072,1072,,,atree,1072,,,,
sowl-kere,atree:104,104,BUBEVRddk_kr9-538,,atree,104,near,19,1.0,
srigandha-kavalu-kunte1,empri:BUBNYPsgk_gk1-220,,BUBNYPsgk_gk1-220,,,,unpaired,,,
srigandha-kavalu-kunte2,empri:BUBNYPsgk_ku2-221,,BUBNYPsgk_ku2-221,,,,unpaired,,,
srigandha-kavalu-kunte3,empri:BUBNYPsgk_ku3-222,,BUBNYPsgk_ku3-222,,,,unpaired,,,
srigandha-kavalu-kunte4,empri:BUBNYPsgk_ku4-223,,BUBNYPsgk_ku4-223,,,,unpaired,,,
srigandha-kavalu-kunte5,empri:BUBNYPsgk_gk5-224,,BUBNYPsgk_gk5-224,,,,unpaired,,,
srigandha-kavalu-kunte6,empri:BUBNYPsgk_ku7-226,,BUBNYPsgk_ku7-226,,,,unpaired,,,
srigandha-kavalu-kunte7,empri:BUBNYPsgk_gk8-227,,BUBNYPsgk_gk8-227,,,,unpaired,,,
srigandha-kavalu-kunte8,empri:BUBNYPsgk_ku9-228,,BUBNYPsgk_ku9-228,,,,unpaired,,,
srigandhakavalu-karabu-katte,atree:503,503,BUBNYPsgk_kr6-225,,atree,503,inside,0,1.0,
srinivasapura-kere,atree:653,653,,,atree,653,,,,
srinivasapura-kere-2,atree:693,693,,,atree,693,,,,
srinivasapura-kunte1,empri:BUBEKRsnp_ku1-765,,BUBEKRsnp_ku1-765,,,,unpaired,,,
srinivasapura-kunte2,empri:BUBEKRsnp_ku2-766,,BUBEKRsnp_ku2-766,,,,unpaired,,,
srinivasapura-kunte3,empri:BUBEKRsnp_ku3-767,,BUBEKRsnp_ku3-767,,,,unpaired,,,
srinivasapura-kunte4,empri:BUBEKRsnp_ku4-768,,BUBEKRsnp_ku4-768,,,,unpaired,,,
srinivasapura-lake,atree:192,192,BUBNJLstn_ku6-363,,atree,192,near,1,0.14,
srinivasapura-lake-2,empri:BUBNYHsrp_kr1-322,,BUBNYHsrp_kr1-322,,,,unpaired,,,
sriramanahalli-lake,atree:799,799,,,atree,799,,,,
sriramanahalli-lake-2,atree:1206,1206,,,atree,1206,,,,
subarayanakere,atree:155,155,BUBSUHgtg_kr5-1333,,atree,155,near,8,1.0,
subbedarana-kere,atree:16,16,BUBSUHglh_kr1-1328,,atree,16,near,5,1.0,
subbedarana-kere-2,atree:165,165,BUBSBGbgu_kr7-1410,,atree,165,near,16,1.0,
subramanyanagar-lake,atree:1057,1057,,,atree,1057,,,,
subramhanyapura-kere,atree:498,498,BUBSUHuth_kr4-1372,,atree,498,near,15,1.0,
suggata-kere,atree:66,66,BUBNJLsug_kr1-368,,atree,66,near,4,1.0,
suggatta-lake,atree:814,814,,,atree,814,,,,
suggatta-lake-2,atree:884,884,BUBNJLsug_ku2-369,,atree,884,near,23,1.0,
sukaligarahath-lake,atree:1210,1210,,,atree,1210,,,,
sulakunte-kunte1,empri:BUBEVRslk_ku1-630,,BUBEVRslk_ku1-630,,,,unpaired,,,
sulakunte-kunte2,empri:BUBEVRslk_ku2-631,,BUBEVRslk_ku2-631,,,,unpaired,,,
sulakunte-kunte3,empri:BUBEVRslk_ku3-632,,BUBEVRslk_ku3-632,,,,unpaired,,,
sulakunte-kunte4,empri:BUBEVRslk_ku4-633,,BUBEVRslk_ku4-633,,,,unpaired,,,
sulakunte-kunte5,empri:BUBEVRslk_ku6-635,,BUBEVRslk_ku6-635,,,,unpaired,,,
sulakunte-kunte6,empri:BUBEVRslk_ku7-636,,BUBEVRslk_ku7-636,,,,unpaired,,,
sulakunte-kunte7,empri:BUBEVRslk_ku8-637,,BUBEVRslk_ku8-637,,kgis-pond,4372,unpaired,,,
sulibelekere,atree:1067,1067,,,atree,1067,,,,
sulikere-kunte-2,empri:BUBSKGslk_ku2-1300,,BUBSKGslk_ku2-1300,,,,unpaired,,,
sulikere-lake,atree:995,995,BUBSKGslk_gk1-1299,,atree,995,inside,0,1.0,
sulukunte-kere,atree:717,717,,,atree,717,,,,
suluvara-kere,atree:321,321,,,atree,321,,,,
sunkanahalli-kunte-1,empri:BUBNBKskh_ku1-72,,BUBNBKskh_ku1-72,,,,unpaired,,,
sunkanahalli-kunte-2,empri:BUBNBKskh_ku2-73,,BUBNBKskh_ku2-73,,,,unpaired,,,
sunnakall-kere,empri:BUBSBGadu_kr3-1394,,BUBSBGadu_kr3-1394,,,,unpaired,,,
suradhenupur-lake,atree:765,765,,,atree,765,,,,
suradhenupur-lake-2,atree:798,798,,,atree,798,,,,
suragajakkanahalli-west-lake,atree:1114,1114,,,atree,1114,,,,
suragajakkaratahalli-lake,atree:1111,1111,,,atree,1111,,,,
swarna-kunte-gudde-lake,atree:109,109,BUBSBGcsp_kr1-1425,,atree,109,inside,0,0.82,
tadipalya-lake,atree:1239,1239,,,atree,1239,,,,
tadsighatta-kere,atree:393,393,,,atree,393,,,,
tagachikuppe-kere,atree:378,378,BUBSKGknk_kr1-1203,,atree,378,inside,0,0.4,
taggali-hosahalli-kere,atree:611,611,,,atree,611,,,,
talagavara-kere,atree:1272,1272,,,atree,1272,,,,
talakuppe-lake,atree:988,988,,,atree,988,,,,
tambenahalli-lake,atree:1224,1224,,,atree,1224,,,,
tammaganhalli-lake,atree:1219,1219,,,atree,1219,,,,
tammrayasandra-kere,atree:575,575,,,atree,575,,,,
tankasalahosahalli-kere,atree:1282,1282,,,atree,1282,,,,
tanniranhalli-lake,atree:1201,1201,,,atree,1201,,,,
tapasihalli-kere,atree:1278,1278,,,atree,1278,,,,
tapasipura-kere,atree:1319,1319,,,atree,1319,,,,
tapasipura-kere-2,atree:1331,1331,,,atree,1331,,,,
tarabahalli-lake,atree:526,526,,,atree,526,,,,
tarabanahalli-kunte,empri:BUBNHGtbn_ku1-452,,BUBNHGtbn_ku1-452,,,,unpaired,,,
tarabanahalli-lake,atree:791,791,,,atree,791,,,,
tarabhalli-lake,atree:878,878,,,atree,878,,,,
tarahunase-lake,atree:793,793,,,atree,793,,,,
taralu-lake,atree:914,914,,,atree,914,,,,
tataguni-lake,atree:974,974,BUBSUHumk_kr4-1376,,atree,974,near,9,0.18,
tattaguppe-lake,atree:892,892,,,atree,892,,,,
tattanahalli-lake,atree:1151,1151,,,atree,1151,,,,
tattanur-lake,atree:846,846,,,atree,846,,,,
tattekere,atree:1185,1185,,,atree,1185,,,,
tavarekere-kere,atree:551,551,,,atree,551,,,,
tavarekere-kunte1,empri:BUBSBGtvk_ku2-1504,,BUBSBGtvk_ku2-1504,,,,unpaired,,,
tavarekere-kunte2,empri:BUBSBGtvk_ku3-1505,,BUBSBGtvk_ku3-1505,,,,unpaired,,,
tavarekere-kunte3,empri:BUBSBGtvk_ku4-1506,,BUBSBGtvk_ku4-1506,,,,unpaired,,,
tavarekere-lake,atree:156,156,BUBSBGtvk_kr1-1503,,atree,156,inside,0,1.0,
tavarekere-lake-1,atree:1007,1007,,,atree,1007,,,,
tavarekere-lake-2,atree:1004,1004,,,atree,1004,,,,
tavatahalli-kere,atree:592,592,,,atree,592,,,,
tayappanahalli-kunte,empri:BUBSUHtyp_ku1-1366,,BUBSUHtyp_ku1-1366,,,,unpaired,,,
telagarahalli-lake,atree:1120,1120,,,atree,1120,,,,
telegarahalli-lake-2,atree:1123,1123,,,atree,1123,,,,
tellohalli-lake,atree:1069,1069,,,atree,1069,,,,
teniyur-kere,atree:571,571,,,atree,571,,,,
thagachikuppi-kunte-1,empri:BUBSKGtgk_ku1-1303,,BUBSKGtgk_ku1-1303,,,,unpaired,,,
thagachikuppi-kunte-2,empri:BUBSKGtgk_ku2-1304,,BUBSKGtgk_ku2-1304,,,,unpaired,,,
thagachikuppi-kunte-3,empri:BUBSKGtgk_ku3-1305,,BUBSKGtgk_ku3-1305,,,,unpaired,,,
thalagattapura-kere,empri:BUBSUHtlg_kr2-1365,,BUBSUHtlg_kr2-1365,,,,unpaired,,,
thalagattapura-lake,atree:13,13,BUBSUHtlg_kr1-1364,,atree,13,near,12,1.0,
thammenahalli-kunte-1,empri:BUBNDPtmn_ku1-496,,BUBNDPtmn_ku1-496,,,,unpaired,,,
thammenahalli-kunte-2,empri:BUBNDPtmn_ku2-497,,BUBNDPtmn_ku2-497,,,,unpaired,,,
thannisandra-kunte1,empri:BUBEKRtns_gk1-769,,BUBEKRtns_gk1-769,,,,unpaired,,,
thannisandra-kunte2,empri:BUBEKRtns_ku2-770,,BUBEKRtns_ku2-770,,osm,way/1545450033,unpaired,,,
thigala-choudenahalli-kunte-1,empri:BUAKSPtgc_ku1-1023,,BUAKSPtgc_ku1-1023,,,,unpaired,,,
thigala-choudenahalli-kunte-2,empri:BUAKSPtgc_ku3-1025,,BUAKSPtgc_ku3-1025,,,,unpaired,,,
thigala-choudenahalli-kunte-3,empri:BUAKSPtgc_ku4-1026,,BUAKSPtgc_ku4-1026,,,,unpaired,,,
thigala-choudenahalli-kunte-4,empri:BUAKSPtgc_ku5-1027,,BUAKSPtgc_ku5-1027,,,,unpaired,,,
thimappanakere,atree:468,468,BUBSKGrmh_kr10-1292,,atree,468,near,1,0.82,
thimmagowdana-kere,atree:202,202,BUBNDPalu_kr2-456,,atree,202,near,1,1.0,
thimmasandra-govt-lake,atree:318,318,,,atree,318,,,,
thimmasandra-kunte,empri:BUBNJLtms_ku2-371,,BUBNJLtms_ku2-371,,,,unpaired,,,
thindlu-katte,empri:BUBNYHtdu_gk1-323,,BUBNYHtdu_gk1-323,,,,unpaired,,,
thindlu-kunte-1,empri:BUBNYHtdu_ku2-324,,BUBNYHtdu_ku2-324,,,,unpaired,,,
thindlu-kunte-2,empri:BUBNYHtdu_ku3-325,,BUBNYHtdu_ku3-325,,,,unpaired,,,
thindlu-kunte3,empri:BUBNYHtdu_ku4-326,,BUBNYHtdu_ku4-326,,,,unpaired,,,
thindlu-plantation-katte,empri:BUBNYHtdp_gk1-327,,BUBNYHtdp_gk1-327,,,,unpaired,,,
thippasandra-kere,empri:BUBSUHtps_gk1-1367,,BUBSUHtps_gk1-1367,,kgis-tank,1052,unpaired,,,
thippasandra-kunte1,empri:BUBEKRthp_ku1-771,,BUBEKRthp_ku1-771,,,,unpaired,,,
thippasandra-kunte2,empri:BUBEKRthp_ku3-773,,BUBEKRthp_ku3-773,,,,unpaired,,,
thirumenahalli-lake,atree:58,58,BUBNYHtrm_kr1-328,,atree,58,near,13,1.0,
thotadaguddadahalli-kunte1,empri:BUBNDPtgd_ku1-501,,BUBNDPtgd_ku1-501,,,,unpaired,,,
thotadaguddadahalli-kunte2,empri:BUBNDPtgd_ku2-502,,BUBNDPtgd_ku2-502,,,,unpaired,,,
thubarahalli-kunte1,empri:BUBEVRtmb_ku1-639,,BUBEVRtmb_ku1-639,,,,unpaired,,,
thubarahalli-kunte2,empri:BUBEVRtmb_ku2-640,,BUBEVRtmb_ku2-640,,,,unpaired,,,
thubarahalli-kunte3,empri:BUBEVRtmb_ku3-641,,BUBEVRtmb_ku3-641,,,,unpaired,,,
thupinkere,atree:278,278,BUBNYHmda_kr2-301,,atree,278,near,9,1.0,
thurahalli-kunte,empri:BUBSUHtur_gk1-1368,,BUBSUHtur_gk1-1368,,kgis-pond,6053,unpaired,,,
tigalara-chowddenahalli-govt-karabukere,atree:213,213,BUAKSPtgc_kr2-1024,,atree,213,near,2,1.0,
timmaboyipalya-kere,atree:700,700,,,atree,700,,,,
timmanayayakanahalli-lake-1,atree:1044,1044,,,atree,1044,,,,
timmasadra-kere,atree:794,794,BUBNJLtms_kr1-370,,atree,794,near,56,0.57,
timmasandra-kere,atree:731,731,,,atree,731,,,,
timmasandra-kere-2,atree:1298,1298,,,atree,1298,,,,
timmayyanadoddi-lake,atree:907,907,,,atree,907,,,,
tindlu-kere-e,atree:452,452,,,atree,452,,,,
tindlu-lake,atree:768,768,,,atree,768,,,,
tindlu-lake-2,atree:772,772,,,atree,772,,,,
tippagondanahalli-lower-kere,atree:718,718,,,atree,718,,,,
tippagondanahalli-up-kere,atree:719,719,,,atree,719,,,,
tippagondanhalli-low-kere,atree:723,723,,,atree,723,,,,
tippapura-kere,atree:1269,1269,,,atree,1269,,,,
tippasandra-lake,atree:319,319,BUAKSPhht_kr4-961,,atree,319,inside,0,1.0,
tippenhalli-kere,atree:1281,1281,,,atree,1281,,,,
tirumagondanahalli-lake,atree:937,937,,,atree,937,,,,
tirumagondanapalya-kere,atree:688,688,,,atree,688,,,,
tirumalapura-kere,atree:727,727,,,atree,727,,,,
tiruvaranga-lake,atree:844,844,,,atree,844,,,,
togarighatta-kere,atree:1302,1302,,,atree,1302,,,,
toli-katte,atree:205,205,BUBNDPkud_kr1-485,,atree,205,inside,0,1.0,
tonachinakuppre-kere,atree:640,640,,,atree,640,,,,
torenagasandra-kunte1,empri:BUBNDPtmn_ku2-499,,BUBNDPtmn_ku2-499,,,,unpaired,,,
torenagasandra-kunte2,empri:BUBNDPtmn_ku3-500,,BUBNDPtmn_ku3-500,,,,unpaired,,,
torenagasandra-urkunte-newly-created,empri:BUBNDPtrg_ku1-498,,BUBNDPtrg_ku1-498,,,,unpaired,,,
totagere-kere,atree:559,559,,,atree,559,,,,
totanahalli-lake,atree:1058,1058,,,atree,1058,,,,
tubagere-kere,atree:1284,1284,,,atree,1284,,,,
tubinkere,atree:200,200,BUBNHGktm_kr1-390,,atree,200,near,5,1.0,
tubukunte-lake,atree:1232,1232,,,atree,1232,,,,
tyamagondal-kere,atree:406,406,,,atree,406,,,,
tyavakanahalli-kere,atree:749,749,,,atree,749,,,,
udanahalli-kere,atree:1332,1332,,,atree,1332,,,,
uddichikkanahalli-kere,atree:422,422,,,atree,422,,,,
ujjani-lake,atree:1251,1251,,,atree,1251,,,,
ullalu-kunte1,empri:BUBNYPulu_ku2-231,,BUBNYPulu_ku2-231,,,,unpaired,,,
ullalu-kunte2,empri:BUBNYPulu_ku4-233,,BUBNYPulu_ku4-233,,,,unpaired,,,
ullalu-kunte3,empri:BUBNYPulu_ku5-234,,BUBNYPulu_ku5-234,,,,unpaired,,,
ullalu-lake-1,atree:516,516,BUBNYPulu_kr1-230,,atree,516,near,72,1.0,
ullalu-lake-2,atree:499,499,BUBNYPulu_kr3-232,,atree,499,near,30,1.0,
ulsoor-kunte,empri:BUBNBKuls_ku2-75,,BUBNBKuls_ku2-75,,,,unpaired,,,
ulsoor-lake,atree:157,157,BUBNBKuls_kr1-74,,atree,157,near,16,1.0,
unnamed-lake,atree:1257,1257,,,atree,1257,,,,
unnamed-tank-near-abdul-kalam-nagar,hist:soi-57h9-1945-0057,,,soi-57h9-1945-0057,,,historic-map,,,
unnamed-tank-near-adarangi,hist:ams-nd43-12-1955-0288,,,ams-nd43-12-1955-0288,,,historic-map,,,
unnamed-tank-near-adigar-kallahalli,hist:soi-57h13-1973-0126,,,soi-57h13-1973-0126,,,historic-map,,,
unnamed-tank-near-adigar-kallahalli-2,hist:soi-57h13-1973-0136,,,soi-57h13-1973-0136,,,historic-map,,,
unnamed-tank-near-adisanahatty,hist:ams-nd44-13-1955-0108,,,ams-nd44-13-1955-0108,,,historic-map,,,
unnamed-tank-near-agasarahalli,hist:ams-nd43-12-1955-0275,,,ams-nd43-12-1955-0275,,,historic-map,,,
unnamed-tank-near-ajjahalli,hist:ams-nd43-12-1955-0300,,,ams-nd43-12-1955-0300,,,historic-map,,,
unnamed-tank-near-alambadi,hist:ams-nd44-13-1955-0047,,,ams-nd44-13-1955-0047,,,historic-map,,,
unnamed-tank-near-alappanahalli,hist:ams-nd43-12-1955-0072,,,ams-nd43-12-1955-0072,,,historic-map,,,
unnamed-tank-near-alur,hist:ams-nd43-12-1955-0318,,,ams-nd43-12-1955-0318,,,historic-map,,,
unnamed-tank-near-ambiga,hist:ams-nd44-9-1955-0106,,,ams-nd44-9-1955-0106,,,historic-map,,,
unnamed-tank-near-anagalapura,hist:ams-nd44-9-1955-0290,,,ams-nd44-9-1955-0290,,,historic-map,,,
unnamed-tank-near-araledibba,hist:ams-nd43-12-1955-0269,,,ams-nd43-12-1955-0269,,,historic-map,,,
unnamed-tank-near-arasanahalli,hist:ams-nd44-9-1955-0011,,,ams-nd44-9-1955-0011,,,historic-map,,,
unnamed-tank-near-arasanahalli-2,hist:soi-57h13-1973-0024,,,soi-57h13-1973-0024,,,historic-map,,,
unnamed-tank-near-arishinakunte,hist:ams-nd43-12-1955-0316,,,ams-nd43-12-1955-0316,,,historic-map,,,
unnamed-tank-near-avalakuppe,hist:ams-nd43-12-1955-0382,,,ams-nd43-12-1955-0382,,,historic-map,,,
unnamed-tank-near-badamanavarthakaval-p2,hist:ams-nd44-13-1955-0084,,,ams-nd44-13-1955-0084,,,historic-map,,,
unnamed-tank-near-bagalur,hist:ams-nd44-13-1955-0079,,,ams-nd44-13-1955-0079,,,historic-map,,,
unnamed-tank-near-bagalur-2,hist:ams-nd44-13-1955-0082,,,ams-nd44-13-1955-0082,,,historic-map,,,
unnamed-tank-near-bagalur-3,hist:soi-57h13-1973-0116,,,soi-57h13-1973-0116,,,historic-map,,,
unnamed-tank-near-bairagondlu,hist:ams-nd43-12-1955-0053,,,ams-nd43-12-1955-0053,,,historic-map,,,
unnamed-tank-near-bairasandra,hist:ams-nd43-12-1955-0312,,,ams-nd43-12-1955-0312,,,historic-map,,,
unnamed-tank-near-bairasandra-2,hist:ams-nd44-9-1955-0095,,,ams-nd44-9-1955-0095,,,historic-map,,,
unnamed-tank-near-banasawadi,hist:ams-nd43-12-1955-0372,,,ams-nd43-12-1955-0372,,,historic-map,,,
unnamed-tank-near-banavadi,hist:ams-nd43-12-1955-0298,,,ams-nd43-12-1955-0298,,,historic-map,,,
unnamed-tank-near-banavadi-2,hist:ams-nd43-12-1955-0299,,,ams-nd43-12-1955-0299,,,historic-map,,,
unnamed-tank-near-banavadi-3,hist:soi-57g8-1974-0110,,,soi-57g8-1974-0110,,,historic-map,,,
unnamed-tank-near-banavati,hist:ams-nd43-12-1955-0016,,,ams-nd43-12-1955-0016,,,historic-map,,,
unnamed-tank-near-banavati-2,hist:ams-nd43-12-1955-0026,,,ams-nd43-12-1955-0026,,,historic-map,,,
unnamed-tank-near-bandaiahana-palya,hist:ams-nd43-12-1955-0239,,,ams-nd43-12-1955-0239,,,historic-map,,,
unnamed-tank-near-baraguru,hist:ams-nd43-12-1955-0108,,,ams-nd43-12-1955-0108,,,historic-map,,,
unnamed-tank-near-basavanahalli,hist:ams-nd43-12-1955-0302,,,ams-nd43-12-1955-0302,,,historic-map,,,
unnamed-tank-near-begepalli,hist:ams-nd44-13-1955-0106,,,ams-nd44-13-1955-0106,,,historic-map,,,
unnamed-tank-near-belagondapalli,hist:ams-nd44-13-1955-0150,,,ams-nd44-13-1955-0150,,,historic-map,,,
unnamed-tank-near-benakina-madagu,hist:ams-nd43-12-1955-0057,,,ams-nd43-12-1955-0057,,,historic-map,,,
unnamed-tank-near-benakina-madagu-2,hist:ams-nd43-12-1955-0062,,,ams-nd43-12-1955-0062,,,historic-map,,,
unnamed-tank-near-bennagere,hist:ams-nd43-12-1955-0126,,,ams-nd43-12-1955-0126,,,historic-map,,,
unnamed-tank-near-bettahalli,hist:soi-57g8-1914-0023,,,soi-57g8-1914-0023,,,historic-map,,,
unnamed-tank-near-bhimapura,hist:ams-nd44-9-1955-0211,,,ams-nd44-9-1955-0211,,,historic-map,,,
unnamed-tank-near-bhimasagara,hist:ams-nd43-12-1955-0080,,,ams-nd43-12-1955-0080,,,historic-map,,,
unnamed-tank-near-bhusandra,hist:ams-nd43-12-1955-0331,,,ams-nd43-12-1955-0331,,,historic-map,,,
unnamed-tank-near-bidanapalya,hist:ams-nd43-12-1955-0369,,,ams-nd43-12-1955-0369,,,historic-map,,,
unnamed-tank-near-bidarahalli,hist:ams-nd44-9-1955-0304,,,ams-nd44-9-1955-0304,,,historic-map,,,
unnamed-tank-near-bolamaranahalli,hist:ams-nd43-12-1955-0363,,,ams-nd43-12-1955-0363,,,historic-map,,,
unnamed-tank-near-bommandapalli,hist:ams-nd44-13-1955-0134,,,ams-nd44-13-1955-0134,,,historic-map,,,
unnamed-tank-near-brundavana-layout,hist:ams-nd43-12-1955-0378,,,ams-nd43-12-1955-0378,,,historic-map,,,
unnamed-tank-near-buchanahalli,hist:ams-nd43-12-1955-0054,,,ams-nd43-12-1955-0054,,,historic-map,,,
unnamed-tank-near-byadarahalli,hist:ams-nd43-12-1955-0268,,,ams-nd43-12-1955-0268,,,historic-map,,,
unnamed-tank-near-byata,hist:ams-nd43-12-1955-0105,,,ams-nd43-12-1955-0105,,,historic-map,,,
unnamed-tank-near-byata-2,hist:ams-nd43-12-1955-0238,,,ams-nd43-12-1955-0238,,,historic-map,,,
unnamed-tank-near-channadevi-agrahara,hist:ams-nd43-12-1955-0186,,,ams-nd43-12-1955-0186,,,historic-map,,,
unnamed-tank-near-channarayapatna,hist:ams-nd44-9-1955-0107,,,ams-nd44-9-1955-0107,,,historic-map,,,
unnamed-tank-near-channenahalli,hist:ams-nd43-16-1955-0005,,,ams-nd43-16-1955-0005,,,historic-map,,,
unnamed-tank-near-chikka-koratagere,hist:ams-nd43-12-1955-0218,,,ams-nd43-12-1955-0218,,,historic-map,,,
unnamed-tank-near-chikka-kukkanahalli,hist:ams-nd43-12-1955-0252,,,ams-nd43-12-1955-0252,,,historic-map,,,
unnamed-tank-near-chikka-kukkanahalli-2,hist:ams-nd43-12-1955-0265,,,ams-nd43-12-1955-0265,,,historic-map,,,
unnamed-tank-near-chikka-saggere,hist:ams-nd43-12-1955-0021,,,ams-nd43-12-1955-0021,,,historic-map,,,
unnamed-tank-near-chikka-saggere-2,hist:ams-nd43-12-1955-0022,,,ams-nd43-12-1955-0022,,,historic-map,,,
unnamed-tank-near-chikkahosahalli,hist:ams-nd44-9-1955-0001,,,ams-nd44-9-1955-0001,,,historic-map,,,
unnamed-tank-near-chikkahosahalli-2,hist:ams-nd44-9-1955-0002,,,ams-nd44-9-1955-0002,,,historic-map,,,
unnamed-tank-near-chikkakuntanahalli,hist:soi-57h5-1914-0037,,,soi-57h5-1914-0037,,,historic-map,,,
unnamed-tank-near-chikkamuddenahalli,hist:ams-nd44-9-1955-0008,,,ams-nd44-9-1955-0008,,,historic-map,,,
unnamed-tank-near-chikkanahalli,hist:ams-nd43-12-1955-0098,,,ams-nd43-12-1955-0098,,,historic-map,,,
unnamed-tank-near-chikkanahalli-2,hist:ams-nd44-9-1955-0045,,,ams-nd44-9-1955-0045,,,historic-map,,,
unnamed-tank-near-chikkondahalli,hist:ams-nd44-9-1955-0109,,,ams-nd44-9-1955-0109,,,historic-map,,,
unnamed-tank-near-chilenahalli,hist:ams-nd43-12-1955-0068,,,ams-nd43-12-1955-0068,,,historic-map,,,
unnamed-tank-near-chimachanahalli,hist:ams-nd44-9-1955-0121,,,ams-nd44-9-1955-0121,,,historic-map,,,
unnamed-tank-near-chinnahalli,hist:ams-nd43-12-1955-0065,,,ams-nd43-12-1955-0065,,,historic-map,,,
unnamed-tank-near-chokkandahalli,hist:ams-nd44-9-1955-0328,,,ams-nd44-9-1955-0328,,,historic-map,,,
unnamed-tank-near-chunchanakuppe,hist:ams-nd43-16-1955-0015,,,ams-nd43-16-1955-0015,,,historic-map,,,
unnamed-tank-near-dadagattamadagu,hist:ams-nd43-12-1955-0036,,,ams-nd43-12-1955-0036,,,historic-map,,,
unnamed-tank-near-dalasagere,hist:ams-nd44-9-1955-0110,,,ams-nd44-9-1955-0110,,,historic-map,,,
unnamed-tank-near-dasanapura,hist:ams-nd43-12-1955-0336,,,ams-nd43-12-1955-0336,,,historic-map,,,
unnamed-tank-near-devaganahalli,hist:soi-57g12-1927-0002,,,soi-57g12-1927-0002,,,historic-map,,,
unnamed-tank-near-devanahalli,hist:ams-nd44-9-1955-0093,,,ams-nd44-9-1955-0093,,,historic-map,,,
unnamed-tank-near-devashettihalli,hist:ams-nd44-9-1955-0338,,,ams-nd44-9-1955-0338,,,historic-map,,,
unnamed-tank-near-dharmapura,hist:ams-nd44-9-1955-0072,,,ams-nd44-9-1955-0072,,,historic-map,,,
unnamed-tank-near-dodda-hosahalli,hist:ams-nd44-9-1955-0151,,,ams-nd44-9-1955-0151,,,historic-map,,,
unnamed-tank-near-dodda-saggere,hist:ams-nd43-12-1955-0024,,,ams-nd43-12-1955-0024,,,historic-map,,,
unnamed-tank-near-doddabettahalli,hist:soi-57g12-1927-0123,,,soi-57g12-1927-0123,,,historic-map,,,
unnamed-tank-near-doddahulluru,hist:ams-nd44-9-1955-0271,,,ams-nd44-9-1955-0271,,,historic-map,,,
unnamed-tank-near-dombarahalli,hist:ams-nd43-12-1955-0345,,,ams-nd43-12-1955-0345,,,historic-map,,,
unnamed-tank-near-dommaluru,hist:soi-57h13-1973-0022,,,soi-57h13-1973-0022,,,historic-map,,,
unnamed-tank-near-dyapenahalli,hist:ams-nd43-12-1955-0111,,,ams-nd43-12-1955-0111,,,historic-map,,,
unnamed-tank-near-dyavasandra,hist:ams-nd43-12-1955-0013,,,ams-nd43-12-1955-0013,,,historic-map,,,
unnamed-tank-near-dyavasandra-2,hist:ams-nd43-12-1955-0017,,,ams-nd43-12-1955-0017,,,historic-map,,,
unnamed-tank-near-dyavasandra-3,hist:soi-57h10-1915-0018,,,soi-57h10-1915-0018,,,historic-map,,,
unnamed-tank-near-eluvapalli,hist:ams-nd44-13-1955-0095,,,ams-nd44-13-1955-0095,,,historic-map,,,
unnamed-tank-near-ennigere,hist:ams-nd43-12-1955-0320,,,ams-nd43-12-1955-0320,,,historic-map,,,
unnamed-tank-near-gangenahalli,hist:soi-57h5-1973-0002,,,soi-57h5-1973-0002,,,historic-map,,,
unnamed-tank-near-gangodanahalli,hist:ams-nd43-12-1955-0371,,,ams-nd43-12-1955-0371,,,historic-map,,,
unnamed-tank-near-garudagallu,hist:ams-nd43-12-1955-0056,,,ams-nd43-12-1955-0056,,,historic-map,,,
unnamed-tank-near-garudagallu-2,hist:ams-nd43-12-1955-0059,,,ams-nd43-12-1955-0059,,,historic-map,,,
unnamed-tank-near-gaudanakunte,hist:ams-nd43-12-1955-0034,,,ams-nd43-12-1955-0034,,,historic-map,,,
unnamed-tank-near-giddenahalli,hist:ams-nd43-16-1955-0003,,,ams-nd43-16-1955-0003,,,historic-map,,,
unnamed-tank-near-giduganahalli,hist:ams-nd43-12-1955-0101,,,ams-nd43-12-1955-0101,,,historic-map,,,
unnamed-tank-near-giduganahalli-2,hist:ams-nd43-12-1955-0114,,,ams-nd43-12-1955-0114,,,historic-map,,,
unnamed-tank-near-gollahalli,hist:ams-nd43-12-1955-0276,,,ams-nd43-12-1955-0276,,,historic-map,,,
unnamed-tank-near-gollahalli-2,hist:soi-57h13-1973-0105,,,soi-57h13-1973-0105,,,historic-map,,,
unnamed-tank-near-gottigehalli,hist:soi-57h10-1973-0021,,,soi-57h10-1973-0021,,,historic-map,,,
unnamed-tank-near-guddadahalli,hist:ams-nd43-12-1955-0256,,,ams-nd43-12-1955-0256,,,historic-map,,,
unnamed-tank-near-gudemaranahalli,hist:ams-nd43-12-1955-0347,,,ams-nd43-12-1955-0347,,,historic-map,,,
unnamed-tank-near-gudemaranahalli-2,hist:soi-57g8-1974-0143,,,soi-57g8-1974-0143,,,historic-map,,,
unnamed-tank-near-gumalapura,hist:soi-57h10-1973-0054,,,soi-57h10-1973-0054,,,historic-map,,,
unnamed-tank-near-gummanahalli,hist:ams-nd43-12-1955-0046,,,ams-nd43-12-1955-0046,,,historic-map,,,
unnamed-tank-near-gummanahalli-2,hist:ams-nd43-12-1955-0051,,,ams-nd43-12-1955-0051,,,historic-map,,,
unnamed-tank-near-gundammanapalya,hist:ams-nd43-12-1955-0361,,,ams-nd43-12-1955-0361,,,historic-map,,,
unnamed-tank-near-gundasandra,hist:soi-57g7-1975-0049,,,soi-57g7-1975-0049,,,historic-map,,,
unnamed-tank-near-gundlahalli,hist:ams-nd43-12-1955-0102,,,ams-nd43-12-1955-0102,,,historic-map,,,
unnamed-tank-near-hakkinalu,hist:ams-nd43-12-1955-0352,,,ams-nd43-12-1955-0352,,,historic-map,,,
unnamed-tank-near-harti,hist:ams-nd43-12-1955-0367,,,ams-nd43-12-1955-0367,,,historic-map,,,
unnamed-tank-near-hebbagodi,hist:ams-nd44-13-1955-0089,,,ams-nd44-13-1955-0089,,,historic-map,,,
unnamed-tank-near-hedaginabele,hist:soi-57g16-1974-0177,,,soi-57g16-1974-0177,,,historic-map,,,
unnamed-tank-near-heggadadevanapura,hist:ams-nd43-12-1955-0329,,,ams-nd43-12-1955-0329,,,historic-map,,,
unnamed-tank-near-hemapura,hist:ams-nd43-12-1955-0297,,,ams-nd43-12-1955-0297,,,historic-map,,,
unnamed-tank-near-hodekallu,hist:ams-nd43-12-1955-0120,,,ams-nd43-12-1955-0120,,,historic-map,,,
unnamed-tank-near-honnarayanahalli,hist:ams-nd43-12-1955-0301,,,ams-nd43-12-1955-0301,,,historic-map,,,
unnamed-tank-near-honnenahalli,hist:ams-nd43-12-1955-0203,,,ams-nd43-12-1955-0203,,,historic-map,,,
unnamed-tank-near-hosahalli,hist:soi-57g4-1973-0024,,,soi-57g4-1973-0024,,,historic-map,,,
unnamed-tank-near-hosakote,hist:ams-nd43-12-1955-0029,,,ams-nd43-12-1955-0029,,,historic-map,,,
unnamed-tank-near-hosakote-2,hist:ams-nd43-12-1955-0033,,,ams-nd43-12-1955-0033,,,historic-map,,,
unnamed-tank-near-hullegaudanahalli,hist:ams-nd43-12-1955-0338,,,ams-nd43-12-1955-0338,,,historic-map,,,
unnamed-tank-near-huskur-kodi,hist:ams-nd44-9-1955-0302,,,ams-nd44-9-1955-0302,,,historic-map,,,
unnamed-tank-near-huskuru,hist:ams-nd43-12-1955-0140,,,ams-nd43-12-1955-0140,,,historic-map,,,
unnamed-tank-near-huskuru-2,hist:ams-nd43-12-1955-0144,,,ams-nd43-12-1955-0144,,,historic-map,,,
unnamed-tank-near-huvinayakanahalli,hist:ams-nd44-9-1955-0208,,,ams-nd44-9-1955-0208,,,historic-map,,,
unnamed-tank-near-isturu-hosahalli,hist:ams-nd44-9-1955-0120,,,ams-nd44-9-1955-0120,,,historic-map,,,
unnamed-tank-near-jayamangala,hist:soi-57h13-1973-0065,,,soi-57h13-1973-0065,,,historic-map,,,
unnamed-tank-near-jigani,hist:ams-nd44-13-1955-0111,,,ams-nd44-13-1955-0111,,,historic-map,,,
unnamed-tank-near-kadaranahalli,hist:ams-nd43-12-1955-0357,,,ams-nd43-12-1955-0357,,,historic-map,,,
unnamed-tank-near-kadatippuru,hist:ams-nd43-12-1955-0096,,,ams-nd43-12-1955-0096,,,historic-map,,,
unnamed-tank-near-kadirenahalli,hist:ams-nd43-16-1955-0028,,,ams-nd43-16-1955-0028,,,historic-map,,,
unnamed-tank-near-kadugujjanahalli,hist:ams-nd43-12-1955-0099,,,ams-nd43-12-1955-0099,,,historic-map,,,
unnamed-tank-near-kadugujjanahalli-2,hist:ams-nd43-12-1955-0113,,,ams-nd43-12-1955-0113,,,historic-map,,,
unnamed-tank-near-kadukunte,hist:ams-nd43-12-1955-0044,,,ams-nd43-12-1955-0044,,,historic-map,,,
unnamed-tank-near-kaggadasapura,hist:ams-nd44-13-1955-0005,,,ams-nd44-13-1955-0005,,,historic-map,,,
unnamed-tank-near-kagganur,hist:soi-57h13-1973-0119,,,soi-57h13-1973-0119,,,historic-map,,,
unnamed-tank-near-kalanayakanahalli,hist:ams-nd44-13-1955-0147,,,ams-nd44-13-1955-0147,,,historic-map,,,
unnamed-tank-near-kalkere,hist:ams-nd44-13-1955-0061,,,ams-nd44-13-1955-0061,,,historic-map,,,
unnamed-tank-near-kalludevanahalli,hist:ams-nd43-12-1955-0089,,,ams-nd43-12-1955-0089,,,historic-map,,,
unnamed-tank-near-kalludevanahalli-2,hist:soi-57g7-1975-0039,,,soi-57g7-1975-0039,,,historic-map,,,
unnamed-tank-near-kalludevanahalli-3,hist:soi-57g7-1975-0042,,,soi-57g7-1975-0042,,,historic-map,,,
unnamed-tank-near-kallukunte,hist:ams-nd43-12-1955-0030,,,ams-nd43-12-1955-0030,,,historic-map,,,
unnamed-tank-near-kamalapura,hist:ams-nd43-12-1955-0175,,,ams-nd43-12-1955-0175,,,historic-map,,,
unnamed-tank-near-kamaluru,hist:ams-nd43-12-1955-0075,,,ams-nd43-12-1955-0075,,,historic-map,,,
unnamed-tank-near-kamaluru-palya,hist:ams-nd43-12-1955-0087,,,ams-nd43-12-1955-0087,,,historic-map,,,
unnamed-tank-near-kammasandra,hist:ams-nd43-12-1955-0353,,,ams-nd43-12-1955-0353,,,historic-map,,,
unnamed-tank-near-kanakenahalli,hist:ams-nd43-12-1955-0063,,,ams-nd43-12-1955-0063,,,historic-map,,,
unnamed-tank-near-kanakenahalli-2,hist:ams-nd43-12-1955-0317,,,ams-nd43-12-1955-0317,,,historic-map,,,
unnamed-tank-near-kanegaudanahalli,hist:ams-nd43-12-1955-0287,,,ams-nd43-12-1955-0287,,,historic-map,,,
unnamed-tank-near-kannaikana-agrahara,hist:ams-nd44-13-1955-0078,,,ams-nd44-13-1955-0078,,,historic-map,,,
unnamed-tank-near-karimanne,hist:ams-nd43-12-1955-0151,,,ams-nd43-12-1955-0151,,,historic-map,,,
unnamed-tank-near-karlapura,hist:ams-nd43-12-1955-0193,,,ams-nd43-12-1955-0193,,,historic-map,,,
unnamed-tank-near-kasaraghatta,hist:ams-nd43-12-1955-0244,,,ams-nd43-12-1955-0244,,,historic-map,,,
unnamed-tank-near-katenahalli,hist:ams-nd43-12-1955-0083,,,ams-nd43-12-1955-0083,,,historic-map,,,
unnamed-tank-near-kattugollahalli,hist:ams-nd44-9-1955-0268,,,ams-nd44-9-1955-0268,,,historic-map,,,
unnamed-tank-near-kempalinganahalli,hist:ams-nd43-12-1955-0310,,,ams-nd43-12-1955-0310,,,historic-map,,,
unnamed-tank-near-kempohalli,hist:ams-nd43-12-1955-0292,,,ams-nd43-12-1955-0292,,,historic-map,,,
unnamed-tank-near-kenchanakuppe,hist:ams-nd43-16-1955-0025,,,ams-nd43-16-1955-0025,,,historic-map,,,
unnamed-tank-near-ketaganahalli,hist:ams-nd43-16-1955-0023,,,ams-nd43-16-1955-0023,,,historic-map,,,
unnamed-tank-near-kodappanahalli,hist:ams-nd43-12-1955-0332,,,ams-nd43-12-1955-0332,,,historic-map,,,
unnamed-tank-near-kodihalli,hist:ams-nd43-12-1955-0217,,,ams-nd43-12-1955-0217,,,historic-map,,,
unnamed-tank-near-kodihalli-2,hist:ams-nd43-12-1955-0221,,,ams-nd43-12-1955-0221,,,historic-map,,,
unnamed-tank-near-kodihalli-3,hist:ams-nd43-16-1955-0035,,,ams-nd43-16-1955-0035,,,historic-map,,,
unnamed-tank-near-kodipalya,hist:soi-57h5-1914-0040,,,soi-57h5-1914-0040,,,historic-map,,,
unnamed-tank-near-kodipalya-2,hist:soi-57h5-1914-0045,,,soi-57h5-1914-0045,,,historic-map,,,
unnamed-tank-near-koduru,hist:soi-57h13-1973-0044,,,soi-57h13-1973-0044,,,historic-map,,,
unnamed-tank-near-kolala,hist:ams-nd43-12-1955-0073,,,ams-nd43-12-1955-0073,,,historic-map,,,
unnamed-tank-near-kolala-2,hist:ams-nd43-12-1955-0078,,,ams-nd43-12-1955-0078,,,historic-map,,,
unnamed-tank-near-konenahalli,hist:ams-nd43-12-1955-0095,,,ams-nd43-12-1955-0095,,,historic-map,,,
unnamed-tank-near-koranur,hist:soi-57h10-1973-0049,,,soi-57h10-1973-0049,,,historic-map,,,
unnamed-tank-near-korlahalli,hist:ams-nd44-9-1955-0009,,,ams-nd44-9-1955-0009,,,historic-map,,,
unnamed-tank-near-kottaganahalli,hist:ams-nd43-12-1955-0376,,,ams-nd43-12-1955-0376,,,historic-map,,,
unnamed-tank-near-kugonahalli,hist:ams-nd43-12-1955-0107,,,ams-nd43-12-1955-0107,,,historic-map,,,
unnamed-tank-near-kugonahalli-2,hist:ams-nd43-12-1955-0122,,,ams-nd43-12-1955-0122,,,historic-map,,,
unnamed-tank-near-kugonahalli-3,hist:soi-57g7-1975-0073,,,soi-57g7-1975-0073,,,historic-map,,,
unnamed-tank-near-kuluvanahally,hist:ams-nd43-12-1955-0237,,,ams-nd43-12-1955-0237,,,historic-map,,,
unnamed-tank-near-kuruvelu,hist:ams-nd43-12-1955-0115,,,ams-nd43-12-1955-0115,,,historic-map,,,
unnamed-tank-near-lakkenahalli,hist:ams-nd43-12-1955-0226,,,ams-nd43-12-1955-0226,,,historic-map,,,
unnamed-tank-near-lingadaviranahalli,hist:ams-nd43-12-1955-0040,,,ams-nd43-12-1955-0040,,,historic-map,,,
unnamed-tank-near-lingapura,hist:ams-nd43-12-1955-0031,,,ams-nd43-12-1955-0031,,,historic-map,,,
unnamed-tank-near-lingapura-2,hist:ams-nd44-9-1955-0200,,,ams-nd44-9-1955-0200,,,historic-map,,,
unnamed-tank-near-machonayakanahalli,hist:ams-nd43-12-1955-0270,,,ams-nd43-12-1955-0270,,,historic-map,,,
unnamed-tank-near-madanayakanahalli,hist:ams-nd43-12-1955-0335,,,ams-nd43-12-1955-0335,,,historic-map,,,
unnamed-tank-near-madhya-venkatapura,hist:ams-nd43-12-1955-0020,,,ams-nd43-12-1955-0020,,,historic-map,,,
unnamed-tank-near-madhya-venkatapura-2,hist:ams-nd43-12-1955-0025,,,ams-nd43-12-1955-0025,,,historic-map,,,
unnamed-tank-near-madigondanahalli,hist:ams-nd43-12-1955-0339,,,ams-nd43-12-1955-0339,,,historic-map,,,
unnamed-tank-near-mahadevapura,hist:ams-nd43-12-1955-0333,,,ams-nd43-12-1955-0333,,,historic-map,,,
unnamed-tank-near-makenahalli,hist:ams-nd43-12-1955-0121,,,ams-nd43-12-1955-0121,,,historic-map,,,
unnamed-tank-near-mallasandra,hist:ams-nd43-12-1955-0381,,,ams-nd43-12-1955-0381,,,historic-map,,,
unnamed-tank-near-mallegaudanahalli,hist:ams-nd43-12-1955-0074,,,ams-nd43-12-1955-0074,,,historic-map,,,
unnamed-tank-near-malluru,hist:ams-nd43-12-1955-0377,,,ams-nd43-12-1955-0377,,,historic-map,,,
unnamed-tank-near-malluru-2,hist:ams-nd44-9-1955-0028,,,ams-nd44-9-1955-0028,,,historic-map,,,
unnamed-tank-near-manchenahalli,hist:ams-nd43-12-1955-0355,,,ams-nd43-12-1955-0355,,,historic-map,,,
unnamed-tank-near-mandibyadarahalli,hist:ams-nd43-12-1955-0117,,,ams-nd43-12-1955-0117,,,historic-map,,,
unnamed-tank-near-mandigere,hist:ams-nd43-12-1955-0243,,,ams-nd43-12-1955-0243,,,historic-map,,,
unnamed-tank-near-mannerampura,hist:ams-nd43-12-1955-0145,,,ams-nd43-12-1955-0145,,,historic-map,,,
unnamed-tank-near-mannerampura-2,hist:ams-nd43-12-1955-0150,,,ams-nd43-12-1955-0150,,,historic-map,,,
unnamed-tank-near-mantanakurchi,hist:ams-nd43-12-1955-0354,,,ams-nd43-12-1955-0354,,,historic-map,,,
unnamed-tank-near-maragondanahalli,hist:soi-57g12-1927-0042,,,soi-57g12-1927-0042,,,historic-map,,,
unnamed-tank-near-menasiganahalli,hist:soi-57h10-1973-0050,,,soi-57h10-1973-0050,,,historic-map,,,
unnamed-tank-near-minakunte-hosuru,hist:ams-nd44-9-1955-0171,,,ams-nd44-9-1955-0171,,,historic-map,,,
unnamed-tank-near-minasandra,hist:ams-nd44-13-1955-0036,,,ams-nd44-13-1955-0036,,,historic-map,,,
unnamed-tank-near-mitrahalli,hist:ams-nd43-12-1955-0081,,,ams-nd43-12-1955-0081,,,historic-map,,,
unnamed-tank-near-muddalinganahalli,hist:ams-nd43-12-1955-0166,,,ams-nd43-12-1955-0166,,,historic-map,,,
unnamed-tank-near-muppenahalli,hist:ams-nd43-12-1955-0306,,,ams-nd43-12-1955-0306,,,historic-map,,,
unnamed-tank-near-muthkuru,hist:soi-57g12-1927-0073,,,soi-57g12-1927-0073,,,historic-map,,,
unnamed-tank-near-naganahalli,hist:ams-nd43-16-1955-0006,,,ams-nd43-16-1955-0006,,,historic-map,,,
unnamed-tank-near-nakkalahall,hist:ams-nd44-9-1955-0019,,,ams-nd44-9-1955-0019,,,historic-map,,,
unnamed-tank-near-nallappanahalli,hist:ams-nd44-9-1955-0146,,,ams-nd44-9-1955-0146,,,historic-map,,,
unnamed-tank-near-nallenahalli,hist:ams-nd44-9-1955-0051,,,ams-nd44-9-1955-0051,,,historic-map,,,
unnamed-tank-near-nallenahalli-2,hist:ams-nd44-9-1955-0058,,,ams-nd44-9-1955-0058,,,historic-map,,,
unnamed-tank-near-nandihalli,hist:ams-nd43-12-1955-0148,,,ams-nd43-12-1955-0148,,,historic-map,,,
unnamed-tank-near-nandihalli-2,hist:ams-nd43-12-1955-0152,,,ams-nd43-12-1955-0152,,,historic-map,,,
unnamed-tank-near-narasapura,hist:ams-nd43-12-1955-0069,,,ams-nd43-12-1955-0069,,,historic-map,,,
unnamed-tank-near-narasapura-2,hist:ams-nd43-12-1955-0076,,,ams-nd43-12-1955-0076,,,historic-map,,,
unnamed-tank-near-narasapura-3,hist:ams-nd43-12-1955-0091,,,ams-nd43-12-1955-0091,,,historic-map,,,
unnamed-tank-near-neralaghatta,hist:ams-nd43-12-1955-0112,,,ams-nd43-12-1955-0112,,,historic-map,,,
unnamed-tank-near-obanaykanapalya,hist:ams-nd43-12-1955-0047,,,ams-nd43-12-1955-0047,,,historic-map,,,
unnamed-tank-near-ojenahalli,hist:ams-nd43-12-1955-0039,,,ams-nd43-12-1955-0039,,,historic-map,,,
unnamed-tank-near-pataganahalli,hist:ams-nd43-12-1955-0048,,,ams-nd43-12-1955-0048,,,historic-map,,,
unnamed-tank-near-pattadevarapalya,hist:ams-nd43-12-1955-0037,,,ams-nd43-12-1955-0037,,,historic-map,,,
unnamed-tank-near-pemmanahalli,hist:ams-nd43-12-1955-0373,,,ams-nd43-12-1955-0373,,,historic-map,,,
unnamed-tank-near-poonapalli,hist:ams-nd44-13-1955-0146,,,ams-nd44-13-1955-0146,,,historic-map,,,
unnamed-tank-near-poonapalli-2,hist:ams-nd44-13-1955-0148,,,ams-nd44-13-1955-0148,,,historic-map,,,
unnamed-tank-near-pura,hist:ams-nd44-9-1955-0049,,,ams-nd44-9-1955-0049,,,historic-map,,,
unnamed-tank-near-purushanahalli,hist:ams-nd43-12-1955-0169,,,ams-nd43-12-1955-0169,,,historic-map,,,
unnamed-tank-near-puttasandra,hist:ams-nd43-12-1955-0042,,,ams-nd43-12-1955-0042,,,historic-map,,,
unnamed-tank-near-puttasandra-2,hist:soi-57g7-1975-0017,,,soi-57g7-1975-0017,,,historic-map,,,
unnamed-tank-near-puttayyana-agrahara,hist:ams-nd43-12-1955-0149,,,ams-nd43-12-1955-0149,,,historic-map,,,
unnamed-tank-near-ramadevanahalli,hist:ams-nd43-12-1955-0222,,,ams-nd43-12-1955-0222,,,historic-map,,,
unnamed-tank-near-rampura,hist:ams-nd43-12-1955-0109,,,ams-nd43-12-1955-0109,,,historic-map,,,
unnamed-tank-near-ravutanahalli,hist:ams-nd43-12-1955-0359,,,ams-nd43-12-1955-0359,,,historic-map,,,
unnamed-tank-near-ravutanahalli-2,hist:ams-nd43-12-1955-0362,,,ams-nd43-12-1955-0362,,,historic-map,,,
unnamed-tank-near-sampangere,hist:ams-nd44-13-1955-0073,,,ams-nd44-13-1955-0073,,,historic-map,,,
unnamed-tank-near-sampangere-2,hist:soi-57h13-1973-0098,,,soi-57h13-1973-0098,,,historic-map,,,
unnamed-tank-near-sampangere-3,hist:soi-57h13-1973-0111,,,soi-57h13-1973-0111,,,historic-map,,,
unnamed-tank-near-sasalu,hist:ams-nd43-12-1955-0055,,,ams-nd43-12-1955-0055,,,historic-map,,,
unnamed-tank-near-shashimakanahalli,hist:ams-nd44-9-1955-0154,,,ams-nd44-9-1955-0154,,,historic-map,,,
unnamed-tank-near-shashimakanahalli-2,hist:soi-57g16-1914-0014,,,soi-57g16-1914-0014,,,historic-map,,,
unnamed-tank-near-shrigiripura,hist:ams-nd43-12-1955-0261,,,ams-nd43-12-1955-0261,,,historic-map,,,
unnamed-tank-near-shrinivasapura,hist:ams-nd43-12-1955-0322,,,ams-nd43-12-1955-0322,,,historic-map,,,
unnamed-tank-near-shyakaladevanapura,hist:ams-nd43-12-1955-0155,,,ams-nd43-12-1955-0155,,,historic-map,,,
unnamed-tank-near-siddanahalli,hist:ams-nd44-13-1955-0049,,,ams-nd44-13-1955-0049,,,historic-map,,,
unnamed-tank-near-siddanapura,hist:ams-nd44-13-1955-0070,,,ams-nd44-13-1955-0070,,,historic-map,,,
unnamed-tank-near-sitanayakanahalli,hist:ams-nd44-13-1955-0017,,,ams-nd44-13-1955-0017,,,historic-map,,,
unnamed-tank-near-sitanayakanahalli-2,hist:soi-57h13-1973-0028,,,soi-57h13-1973-0028,,,historic-map,,,
unnamed-tank-near-soladevanahalli,hist:ams-nd43-12-1955-0379,,,ams-nd43-12-1955-0379,,,historic-map,,,
unnamed-tank-near-soluru,hist:ams-nd43-12-1955-0341,,,ams-nd43-12-1955-0341,,,historic-map,,,
unnamed-tank-near-soluru-2,hist:ams-nd44-13-1955-0155,,,ams-nd44-13-1955-0155,,,historic-map,,,
unnamed-tank-near-somasagara,hist:ams-nd43-12-1955-0129,,,ams-nd43-12-1955-0129,,,historic-map,,,
unnamed-tank-near-somasagara-2,hist:ams-nd43-12-1955-0131,,,ams-nd43-12-1955-0131,,,historic-map,,,
unnamed-tank-near-somashettihalli,hist:soi-57g7-1975-0051,,,soi-57g7-1975-0051,,,historic-map,,,
unnamed-tank-near-sonnaredoddi,hist:soi-57h10-1973-0035,,,soi-57h10-1973-0035,,,historic-map,,,
unnamed-tank-near-sonnenahalli,hist:ams-nd43-12-1955-0119,,,ams-nd43-12-1955-0119,,,historic-map,,,
unnamed-tank-near-subramanya-ghati,hist:ams-nd44-9-1955-0007,,,ams-nd44-9-1955-0007,,,historic-map,,,
unnamed-tank-near-subramanya-ghati-2,hist:soi-57g11-1975-0008,,,soi-57g11-1975-0008,,,historic-map,,,
unnamed-tank-near-suddahalli,hist:ams-nd44-9-1955-0005,,,ams-nd44-9-1955-0005,,,historic-map,,,
unnamed-tank-near-sunkadahalli,hist:ams-nd43-12-1955-0060,,,ams-nd43-12-1955-0060,,,historic-map,,,
unnamed-tank-near-sunkadahalli-2,hist:ams-nd43-12-1955-0064,,,ams-nd43-12-1955-0064,,,historic-map,,,
unnamed-tank-near-suttahalli,hist:ams-nd43-12-1955-0058,,,ams-nd43-12-1955-0058,,,historic-map,,,
unnamed-tank-near-talakuppe,hist:ams-nd43-16-1955-0021,,,ams-nd43-16-1955-0021,,,historic-map,,,
unnamed-tank-near-talakuppe-2,hist:ams-nd43-16-1955-0024,,,ams-nd43-16-1955-0024,,,historic-map,,,
unnamed-tank-near-tattekere,hist:ams-nd43-12-1955-0156,,,ams-nd43-12-1955-0156,,,historic-map,,,
unnamed-tank-near-tattekere-2,hist:ams-nd43-12-1955-0323,,,ams-nd43-12-1955-0323,,,historic-map,,,
unnamed-tank-near-tattekere-3,hist:ams-nd43-12-1955-0328,,,ams-nd43-12-1955-0328,,,historic-map,,,
unnamed-tank-near-tattekere-4,hist:soi-57h10-1973-0044,,,soi-57h10-1973-0044,,,historic-map,,,
unnamed-tank-near-teppada-beguru,hist:ams-nd43-12-1955-0267,,,ams-nd43-12-1955-0267,,,historic-map,,,
unnamed-tank-near-thotadhaguddadhahalli,hist:ams-nd43-12-1955-0334,,,ams-nd43-12-1955-0334,,,historic-map,,,
unnamed-tank-near-timmanayakanahalli,hist:ams-nd43-12-1955-0067,,,ams-nd43-12-1955-0067,,,historic-map,,,
unnamed-tank-near-timmasandra,hist:ams-nd43-12-1955-0278,,,ams-nd43-12-1955-0278,,,historic-map,,,
unnamed-tank-near-udukunte,hist:ams-nd43-12-1955-0281,,,ams-nd43-12-1955-0281,,,historic-map,,,
unnamed-tank-near-uganavadi,hist:ams-nd44-9-1955-0117,,,ams-nd44-9-1955-0117,,,historic-map,,,
unnamed-tank-near-uliveeranapalli,hist:ams-nd44-13-1955-0154,,,ams-nd44-13-1955-0154,,,historic-map,,,
unnamed-tank-near-upasapura,hist:ams-nd43-12-1955-0049,,,ams-nd43-12-1955-0049,,,historic-map,,,
unnamed-tank-near-urati-agrahara,hist:ams-nd44-9-1955-0088,,,ams-nd44-9-1955-0088,,,historic-map,,,
unnamed-tank-near-urdigere,hist:ams-nd43-12-1955-0082,,,ams-nd43-12-1955-0082,,,historic-map,,,
unnamed-tank-near-vaddarahalli,hist:ams-nd43-12-1955-0071,,,ams-nd43-12-1955-0071,,,historic-map,,,
unnamed-tank-near-vajarahalli,hist:soi-57h5-1914-0029,,,soi-57h5-1914-0029,,,historic-map,,,
unnamed-tank-near-vanigarahalli,hist:ams-nd43-12-1955-0090,,,ams-nd43-12-1955-0090,,,historic-map,,,
unnamed-tank-near-vengalammanahalli,hist:ams-nd43-12-1955-0045,,,ams-nd43-12-1955-0045,,,historic-map,,,
unnamed-tank-near-vidyaranyanagara,hist:ams-nd44-13-1955-0012,,,ams-nd44-13-1955-0012,,,historic-map,,,
unnamed-tank-near-viniyaka-layout,hist:ams-nd43-12-1955-0285,,,ams-nd43-12-1955-0285,,,historic-map,,,
unnamed-tank-near-virasagara,hist:ams-nd43-12-1955-0254,,,ams-nd43-12-1955-0254,,,historic-map,,,
unnamed-tank-near-vobichudahalli-obichudanahalli,hist:ams-nd44-13-1955-0094,,,ams-nd44-13-1955-0094,,,historic-map,,,
unnamed-tank-near-yaluvahalli,hist:ams-nd44-9-1955-0020,,,ams-nd44-9-1955-0020,,,historic-map,,,
unnamed-tank-near-yaramanchanahalli,hist:ams-nd43-12-1955-0250,,,ams-nd43-12-1955-0250,,,historic-map,,,
unnamed-tank-near-yekashipura,hist:ams-nd44-9-1955-0082,,,ams-nd44-9-1955-0082,,,historic-map,,,
unnamed-tank-near-yennur,hist:ams-nd44-9-1955-0055,,,ams-nd44-9-1955-0055,,,historic-map,,,
ura-kunte,empri:BUBNHGitg_ku6-389,,BUBNHGitg_ku6-389,,,,unpaired,,,
uramundinakere,atree:223,223,BUAKABhbg_kr1-1030,,atree,223,near,3,0.83,
uramundinakere-2,atree:234,234,BUAKJGvbs_kr2-1107,,atree,234,near,17,0.83,
uramundinakere-3,atree:312,312,BUAKJGmtp_kr1-1095,,atree,312,near,4,1.0,
uttarahalli-kunte,empri:BUBSUHuth_ku2-1370,,BUBSUHuth_ku2-1370,,,,unpaired,,,
uttarahalli-manavarthe-kaval-kunte4,empri:BUBSUHumk_ku5-1377,,BUBSUHumk_ku5-1377,,,,unpaired,,,
uttarahalli-manavarthe-kaval-kunte5,empri:BUBSUHumk_gk6-1378,,BUBSUHumk_gk6-1378,,,,unpaired,,,
uttarahalli-manavarthekaval-kunte1,empri:BUBSUHumk_ku1-1373,,BUBSUHumk_ku1-1373,,,,unpaired,,,
uttarahalli-manavarthekaval-kunte2,empri:BUBSUHumk_gk2-1374,,BUBSUHumk_gk2-1374,,,,unpaired,,,
uttarahalli-manavarthekaval-kunte3,empri:BUBSUHumk_ku3-1375,,BUBSUHumk_ku3-1375,,,,unpaired,,,
uttarsipalya-kere,atree:697,697,,,atree,697,,,,
vabasandra-kunte1,empri:BUAKJGvbs_gk1-1106,,BUAKJGvbs_gk1-1106,,kgis-tank,1097,unpaired,,,
vabasandra-kunte2,empri:BUAKJGvbs_ku3-1108,,BUAKJGvbs_ku3-1108,,,,unpaired,,,
vabasandra-kunte3,empri:BUAKJGvbs_ku4-1109,,BUAKJGvbs_ku4-1109,,kgis-pond,6128,unpaired,,,
vabasandra-kunte4,empri:BUAKJGvbs_ku5-1110,,BUAKJGvbs_ku5-1110,,,,unpaired,,,
vabasandra-lake,atree:1093,1093,,,atree,1093,,,,
vadagehalli-kere,atree:607,607,,,atree,607,,,,
vadakunte-4r,atree:628,628,,,atree,628,,,,
vadakunte-low-4r,atree:629,629,,,atree,629,,,,
vadarahalli-kunte,empri:BUBNDPvdr_ku1-503,,BUBNDPvdr_ku1-503,,,,unpaired,,,
vaddahalli-lake,atree:533,533,,,atree,533,,,,
vaddarapalya-kere,atree:689,689,,,atree,689,,,,
vaddarapalya-lake,atree:841,841,,,atree,841,,,,
vaddarapalya-lake-2,atree:923,923,,,atree,923,,,,
vaddarapalya-lake-3,atree:942,942,,,atree,942,,,,
vaddarapalya-lake-4,empri:BUBSUHvdp_kr1-1379,,BUBSUHvdp_kr1-1379,,,,unpaired,,,
vaderahalli-govt-lake,empri:BUAKJGvdh_kr1-1111,,BUAKJGvdh_kr1-1111,,,,unpaired,,,
vaderahalli-kere,atree:201,201,BUBNYHvdr_kr1-329,,atree,201,near,7,1.0,
vaderahalli-lake,atree:1155,1155,,,atree,1155,,,,
vaderahalli-lake-2,atree:1205,1205,,,atree,1205,,,,
vagata-kere,atree:610,610,,,atree,610,,,,
vajarahalli-govt-katte,atree:15,15,BUBSUHvjr_gk3-1382,,atree,15,inside,0,1.0,
vajarahalli-kere,atree:694,694,,,atree,694,,,,
vajarahalli-kunte1,empri:BUBSUHvjr_ku1-1380,,BUBSUHvjr_ku1-1380,,,,unpaired,,,
vajarahalli-kunte2,empri:BUBSUHvjr_ku2-1381,,BUBSUHvjr_ku2-1381,,,,unpaired,,,
valagerahalli-kunte1,empri:BUBSKGvlg_ku2-1307,,BUBSKGvlg_ku2-1307,,,,unpaired,,,
valagerehalli-kere,atree:500,500,BUBSKGvlg_kr1-1306,,atree,500,near,5,1.0,
valagerekalahalli-kere,atree:451,451,,,atree,451,,,,
valagerekalahalli-kere-nw,atree:441,441,,,atree,441,,,,
valyalikaval-kunte,empri:BUBNBKvyk_ku1-77,,BUBNBKvyk_ku1-77,,,,unpaired,,,
vanakanahalli-lake,atree:1125,1125,,,atree,1125,,,,
vanigarahalli-lake,atree:1248,1248,,,atree,1248,,,,
vannasandra-e,atree:668,668,,,atree,668,,,,
vannasandra-s,atree:666,666,,,atree,666,,,,
vannasandra-s-2,atree:667,667,,,atree,667,,,,
vannasandra-w,atree:669,669,,,atree,669,,,,
varadanakere,atree:226,226,BUAKJGhlm_kr2-1071,,atree,226,near,5,0.8,
varadanakunte,atree:224,224,BUAKJGhlm_kr7-1076,,atree,224,near,6,1.0,
varadapura-lake,atree:1075,1075,,,atree,1075,,,,
varahasandra-kunte1,empri:BUBSKGvrs_gk2-1310,,BUBSKGvrs_gk2-1310,,,,unpaired,,,
varahasandra-kunte2,empri:BUBSKGvrs_ku3-1311,,BUBSKGvrs_ku3-1311,,,,unpaired,,,
varanasi-kunte1,empri:BUBEBDvrn_ku1-905,,BUBEBDvrn_ku1-905,,,,unpaired,,,
varanasi-kunte2,empri:BUBEBDvrn_ku2-906,,BUBEBDvrn_ku2-906,,,,unpaired,,,
varattur-lake,atree:1000,1000,,,atree,1000,,,,
varthur-lake,atree:159,159,BUBEVRbda_kr2-511,,atree,159,near,82,1.0,
varthuru-kunte1,empri:BUBEVRvrt_ku1-642,,BUBEVRvrt_ku1-642,,osm,way/1487667119,unpaired,,,
varthuru-kunte10,empri:BUBEVRvrt_ku10-651,,BUBEVRvrt_ku10-651,,,,unpaired,,,
varthuru-kunte2,empri:BUBEVRvrt_ku2-643,,BUBEVRvrt_ku2-643,,,,unpaired,,,
varthuru-kunte3,empri:BUBEVRvrt_ku3-644,,BUBEVRvrt_ku3-644,,,,unpaired,,,
varthuru-kunte4,empri:BUBEVRvrt_ku4-645,,BUBEVRvrt_ku4-645,,,,unpaired,,,
varthuru-kunte5,empri:BUBEVRvrt_ku5-646,,BUBEVRvrt_ku5-646,,,,unpaired,,,
varthuru-kunte6,empri:BUBEVRvrt_ku6-647,,BUBEVRvrt_ku6-647,,,,unpaired,,,
varthuru-kunte7,empri:BUBEVRvrt_gk7-648,,BUBEVRvrt_gk7-648,,kgis-pond,4431,unpaired,,,
varthuru-kunte8,empri:BUBEVRvrt_ku8-649,,BUBEVRvrt_ku8-649,,,,unpaired,,,
varthuru-kunte9,empri:BUBEVRvrt_gk9-650,,BUBEVRvrt_gk9-650,,,,unpaired,,,
vasanthapura-katte,empri:BUBSUHvsp_gk1-1383,,BUBSUHvsp_gk1-1383,,kgis-tank,1040,unpaired,,,
vasanthapura-kunte,empri:BUBSUHvsp_ku3-1385,,BUBSUHvsp_ku3-1385,,,,unpaired,,,
vasantpur-lake,atree:975,975,,,atree,975,,,,
vaudevapura-lake,atree:905,905,,,atree,905,,,,
veeranahalli-kunte-1,empri:BUBEBDver_ku2-909,,BUBEBDver_ku2-909,,,,unpaired,,,
veeranahalli-kunte-2,empri:BUBEBDver_ku3-910,,BUBEBDver_ku3-910,,,,unpaired,,,
veerasagara-kere,atree:71,71,BUBNYHvrs_kr1-330,,atree,71,inside,0,1.0,
veerasandra-govt-kunte-1,empri:BUAKABvrs_ku3-1036,,BUAKABvrs_ku3-1036,,,,unpaired,,,
veerasandra-govt-kunte-2,empri:BUAKABvrs_gk4-1037,,BUAKABvrs_gk4-1037,,,,unpaired,,,
venateshpuram-2-lake,atree:1107,1107,,,atree,1107,,,,
venkatappana-kere,atree:297,297,BUBNDPhnm_kr2-471,,atree,297,near,1,1.0,
venkatapura-kunte,empri:BUBSKGvkp_ku1-1312,,BUBSKGvkp_ku1-1312,,,,unpaired,,,
venkatapura-lake,atree:1091,1091,,,atree,1091,,,,
venkateshapura-lake,atree:60,60,BUBNYHvkp_kr1-331,,atree,60,inside,0,0.83,
vibhuthipura-kunte1,empri:BUBEKRvbp_ku1-774,,BUBEKRvbp_ku1-774,,,,unpaired,,,
vibhuthipura-kunte2,empri:BUBEKRvbp_ku2-775,,BUBEKRvbp_ku2-775,,,,unpaired,,,
vibhuthipura-kunte3,empri:BUBEKRvbp_ku4-777,,BUBEKRvbp_ku4-777,,,,unpaired,,,
vibhuthipura-kunte4,empri:BUBEKRvbp_ku5-778,,BUBEKRvbp_ku5-778,,,,unpaired,,,
vibhuthipura-kunte5,empri:BUBEKRvbp_ku6-779,,BUBEKRvbp_ku6-779,,,,unpaired,,,
vibhuthipura-kunte6,empri:BUBEKRvbp_ku7-780,,BUBEKRvbp_ku7-780,,,,unpaired,,,
vibhutipura-lake,atree:158,158,BUBEKRvbp_kr3-776,,atree,158,near,0,1.0,
vidyanagar-lake,atree:900,900,,,atree,900,,,,
vijinapura-kere,empri:BUBEKRvjp_kr1-781,,BUBEKRvjp_kr1-781,,,,unpaired,,,
vijinapura-kere2,atree:65,65,BUBEKRkwd_kr2-717,,atree,65,near,5,1.0,
vijinapura-kunte1,empri:BUBEKRvjp_ku2-782,,BUBEKRvjp_ku2-782,,,,unpaired,,,
vijinapura-kunte2,empri:BUBEKRvjp_ku3-783,,BUBEKRvjp_ku3-783,,,,unpaired,,,
vinayakanagar-lake,atree:1056,1056,,,atree,1056,,,,
vinayakanagar-lake-1,atree:1060,1060,,,atree,1060,,,,
virapanjipura-5r,atree:642,642,,,atree,642,,,,
virapanjipura-lower5,atree:643,643,,,atree,643,,,,
virapura-kere,atree:1266,1266,,,atree,1266,,,,
virapura-s-kere,atree:1267,1267,,,atree,1267,,,,
viraraghavaahalli-kere,atree:647,647,,,atree,647,,,,
virasagara-lake,atree:1167,1167,,,atree,1167,,,,
virasagara-lake-2,atree:1175,1175,,,atree,1175,,,,
virasandra-lake,atree:968,968,BUAKABvrs_kr1-1034,,atree,968,inside,0,0.75,
viswanathapura-kere,atree:1313,1313,,,atree,1313,,,,
visweswaraihnagar-lake,atree:1129,1129,,,atree,1129,,,,
visweswaraiihnagar-east-lake,atree:1135,1135,,,atree,1135,,,,
vitasandra-govt-lake,atree:83,83,BUBSBGvts_kr3-1510,,atree,83,near,4,1.0,
vitasandra-kunte1,empri:BUBSBGvts_gk1-1508,,BUBSBGvts_gk1-1508,,,,unpaired,,,
vitasandra-kunte2,empri:BUBSBGvts_ku2-1509,,BUBSBGvts_ku2-1509,,,,unpaired,,,
white-field-kunte1,empri:BUBEKRwhf_ku1-784,,BUBEKRwhf_ku1-784,,,,unpaired,,,
white-field-kunte2,empri:BUBEKRwhf_ku2-785,,BUBEKRwhf_ku2-785,,,,unpaired,,,
white-field-kunte3,empri:BUBEKRwhf_ku3-786,,BUBEKRwhf_ku3-786,,,,unpaired,,,
white-field-kunte4,empri:BUBEKRwhf_kr4-787,,BUBEKRwhf_kr4-787,,,,unpaired,,,
whitefield-kere,atree:160,160,BUBEKRwhf_kr5-788,,atree,160,near,5,1.0,
yadamadu-lake,atree:1156,1156,,,atree,1156,,,,
yadgondahalli-lake,atree:859,859,,,atree,859,,,,
yadlahalli-kere,atree:425,425,,,atree,425,,,,
yalachegere-kere,atree:648,648,,,atree,648,,,,
yamalur-kunte1,empri:BUBEVRyml_ku1-652,,BUBEVRyml_ku1-652,,,,unpaired,,,
yamalur-kunte2,empri:BUBEVRyml_ku2-653,,BUBEVRyml_ku2-653,,,,unpaired,,,
yamalur-kunte3,empri:BUBEVRyml_ku3-654,,BUBEVRyml_ku3-654,,,,unpaired,,,
yantiganahalli-kere,atree:658,658,,,atree,658,,,,
yarandahalli-lake,atree:917,917,,,atree,917,,,,
yarappanahalli-kere,atree:22,22,BUBEBDyrp_kr2-912,,atree,22,name-near,584,1.0,
yarappanahalli-kere-2,atree:238,238,BUBEBDyrp_kr1-911,,atree,238,name-near,320,1.0,
yartiganahalli-lake,atree:785,785,,,atree,785,,,,
yedahala-lake,atree:1263,1263,,,atree,1263,,,,
yediyur-kere,atree:501,501,BUBSUHydy_kr1-1388,,atree,501,near,7,1.0,
yekkalagatta-kere-mahadevepura-kere,atree:119,119,BUBEKRmvp_kr2-733,,atree,119,near,1,1.0,
yelachaguppe-karabu-katte,atree:460,460,BUBSTKylg_kr8-1148,,atree,460,near,6,1.0,
yelachaguppe-kunte1,empri:BUBSTKylg_ku1-1141,,BUBSTKylg_ku1-1141,,,,unpaired,,,
yelachaguppe-kunte2,empri:BUBSTKylg_ku4-1144,,BUBSTKylg_ku4-1144,,kgis-tank,438,unpaired,,,
yelachaguppe-kunte3,empri:BUBSTKylg_ku5-1145,,BUBSTKylg_ku5-1145,,,,unpaired,,,
yelachaguppe-kunte4,empri:BUBSTKylg_ku6-1146,,BUBSTKylg_ku6-1146,,,,unpaired,,,
yelachagupperamapura-kere,atree:525,525,BUBSTKylg_kr7-1147,,atree,525,near,1,1.0,
yelachammanahalli-kere,atree:604,604,,,atree,604,,,,
yelachchahalli-kere,atree:602,602,,,atree,602,,,,
yelahanka-lake,atree:44,44,BUBNYHkyh_kr1-283,,atree,44,inside,0,1.0,
yelenahalli-kunte-1,empri:BUBSBGyln_ku1-1514,,BUBSBGyln_ku1-1514,,,,unpaired,,,
yelenahalli-kunte-2,empri:BUBSBGyln_ku3-1516,,BUBSBGyln_ku3-1516,,kgis-pond,6045,unpaired,,,
yelenahalli-kunte-3,empri:BUBSBGyln_gk4-1517,,BUBSBGyln_gk4-1517,,,,unpaired,,,
yelenahalli-kunte-4,empri:BUBSBGyln_ku5-1518,,BUBSBGyln_ku5-1518,,,,unpaired,,,
yellachikuppe-lake,atree:1008,1008,,,atree,1008,,,,
yellakunte-kere-1,empri:BUBSBGylk_kr1-1511,,BUBSBGylk_kr1-1511,,,,unpaired,,,
yellakunte-kere-2,empri:BUBSBGylk_kr2-1512,,BUBSBGylk_kr2-1512,,,,unpaired,,,
yellamallappashetti-kere,atree:72,72,BUBEBDver_kr1-908,,atree,72,inside,0,1.0,
yellammanapalya-lake,atree:925,925,,,atree,925,,,,
yellukunte-govt-lake,atree:161,161,BUBSBGylk_kr3-1513,,atree,161,near,19,1.0,
